2026-01-25 16:36:36.390 | INFO     | market_env:step:246 - market open date : 2025-01-02 00:00:00
2026-01-25 16:36:36.390 | INFO     | order:match_orders:137 - match order...
Empty DataFrame
Columns: []
Index: []
2026-01-25 16:36:36.391 | INFO     | order:match_orders:137 - match order...
Empty DataFrame
Columns: []
Index: []
2026-01-25 16:36:36.392 | INFO     | market_env:step:246 - market open date : 2025-01-03 00:00:00
2026-01-25 16:36:36.392 | INFO     | order:match_orders:137 - match order...
Empty DataFrame
Columns: []
Index: []
2026-01-25 16:36:36.393 | INFO     | order:match_orders:137 - match order...
Empty DataFrame
Columns: []
Index: []
2026-01-25 16:36:38.403 | INFO     | policy.JSG_policy:action_decider:361 - market breath : ['银行']
2026-01-25 16:36:38.403 | INFO     | market_env:step:246 - market open date : 2025-01-06 00:00:00
2026-01-25 16:36:38.403 | INFO     | order:match_orders:137 - match order...
Empty DataFrame
Columns: []
Index: []
2026-01-25 16:36:38.404 | INFO     | order:match_orders:137 - match order...
Empty DataFrame
Columns: []
Index: []
2026-01-25 16:36:38.404 | INFO     | market_env:step:246 - market open date : 2025-01-07 00:00:00
2026-01-25 16:36:38.404 | INFO     | order:match_orders:137 - match order...
Empty DataFrame
Columns: []
Index: []
2026-01-25 16:36:38.405 | INFO     | order:match_orders:137 - match order...
Empty DataFrame
Columns: []
Index: []
2026-01-25 16:36:38.405 | INFO     | market_env:step:246 - market open date : 2025-01-08 00:00:00
2026-01-25 16:36:38.405 | INFO     | order:match_orders:137 - match order...
Empty DataFrame
Columns: []
Index: []
2026-01-25 16:36:38.406 | INFO     | order:match_orders:137 - match order...
Empty DataFrame
Columns: []
Index: []
2026-01-25 16:36:38.406 | INFO     | market_env:step:246 - market open date : 2025-01-09 00:00:00
2026-01-25 16:36:38.406 | INFO     | order:match_orders:137 - match order...
Empty DataFrame
Columns: []
Index: []
2026-01-25 16:36:38.407 | INFO     | order:match_orders:137 - match order...
Empty DataFrame
Columns: []
Index: []
2026-01-25 16:36:38.407 | INFO     | market_env:step:246 - market open date : 2025-01-10 00:00:00
2026-01-25 16:36:38.407 | INFO     | order:match_orders:137 - match order...
Empty DataFrame
Columns: []
Index: []
2026-01-25 16:36:38.408 | INFO     | order:match_orders:137 - match order...
Empty DataFrame
Columns: []
Index: []
2026-01-25 16:36:40.305 | INFO     | policy.JSG_policy:action_decider:361 - market breath : ['银行']
2026-01-25 16:36:40.305 | INFO     | market_env:step:246 - market open date : 2025-01-13 00:00:00
2026-01-25 16:36:40.305 | INFO     | order:match_orders:137 - match order...
Empty DataFrame
Columns: []
Index: []
2026-01-25 16:36:40.306 | INFO     | order:match_orders:137 - match order...
Empty DataFrame
Columns: []
Index: []
2026-01-25 16:36:40.306 | INFO     | market_env:step:246 - market open date : 2025-01-14 00:00:00
2026-01-25 16:36:40.306 | INFO     | order:match_orders:137 - match order...
Empty DataFrame
Columns: []
Index: []
2026-01-25 16:36:40.307 | INFO     | order:match_orders:137 - match order...
Empty DataFrame
Columns: []
Index: []
2026-01-25 16:36:40.307 | INFO     | market_env:step:246 - market open date : 2025-01-15 00:00:00
2026-01-25 16:36:40.307 | INFO     | order:match_orders:137 - match order...
Empty DataFrame
Columns: []
Index: []
2026-01-25 16:36:40.308 | INFO     | order:match_orders:137 - match order...
Empty DataFrame
Columns: []
Index: []
2026-01-25 16:36:40.308 | INFO     | market_env:step:246 - market open date : 2025-01-16 00:00:00
2026-01-25 16:36:40.308 | INFO     | order:match_orders:137 - match order...
Empty DataFrame
Columns: []
Index: []
2026-01-25 16:36:40.309 | INFO     | order:match_orders:137 - match order...
Empty DataFrame
Columns: []
Index: []
2026-01-25 16:36:40.309 | INFO     | market_env:step:246 - market open date : 2025-01-17 00:00:00
2026-01-25 16:36:40.310 | INFO     | order:match_orders:137 - match order...
Empty DataFrame
Columns: []
Index: []
2026-01-25 16:36:40.310 | INFO     | order:match_orders:137 - match order...
Empty DataFrame
Columns: []
Index: []
2026-01-25 16:36:42.202 | INFO     | policy.JSG_policy:action_decider:361 - market breath : ['有色金属']
2026-01-25 16:36:42.493 | INFO     | order:create_order:75 - create order | datetime : 2025-01-17 00:00:00 | symbol : sz.002188 | name :  | order_id : 1  | order_type : buy | quantity : 43489 | exec_time : open
2026-01-25 16:36:42.503 | INFO     | order:create_order:75 - create order | datetime : 2025-01-17 00:00:00 | symbol : sz.002800 | name :  | order_id : 2  | order_type : buy | quantity : 12649 | exec_time : open
2026-01-25 16:36:42.513 | INFO     | order:create_order:75 - create order | datetime : 2025-01-17 00:00:00 | symbol : sz.002205 | name :  | order_id : 3  | order_type : buy | quantity : 18114 | exec_time : open
2026-01-25 16:36:42.523 | INFO     | order:create_order:75 - create order | datetime : 2025-01-17 00:00:00 | symbol : sz.002633 | name :  | order_id : 4  | order_type : buy | quantity : 15411 | exec_time : open
2026-01-25 16:36:42.523 | INFO     | market_env:step:246 - market open date : 2025-01-20 00:00:00
2026-01-25 16:36:42.538 | INFO     | policy.JSG_policy:buy_policy:81 - price : 5.746879853479854
2026-01-25 16:36:42.538 | INFO     | policy.JSG_policy:buy_policy:99 - num_stakes : 43480 5.746879853479854 : 1000000
2026-01-25 16:36:42.538 | INFO     | order:execute_order:157 - complete order | datetime : 2025-01-20 00:00:00 | order_id : 1 | symbol : sz.002188 | order_type : buy | price : 5.746879853479854 | quantity : 43480
2026-01-25 16:36:42.560 | INFO     | policy.JSG_policy:buy_policy:81 - price : 19.80280152144394
2026-01-25 16:36:42.560 | INFO     | policy.JSG_policy:buy_policy:99 - num_stakes : 12640 19.80280152144394 : 750100.676537093
2026-01-25 16:36:42.560 | INFO     | order:execute_order:157 - complete order | datetime : 2025-01-20 00:00:00 | order_id : 2 | symbol : sz.002800 | order_type : buy | price : 19.80280152144394 | quantity : 12640
2026-01-25 16:36:42.582 | INFO     | policy.JSG_policy:buy_policy:81 - price : 14.0288180712358
2026-01-25 16:36:42.583 | INFO     | policy.JSG_policy:buy_policy:99 - num_stakes : 18110 14.0288180712358 : 499768.23456491844
2026-01-25 16:36:42.583 | INFO     | order:execute_order:157 - complete order | datetime : 2025-01-20 00:00:00 | order_id : 3 | symbol : sz.002205 | order_type : buy | price : 14.0288180712358 | quantity : 18110
2026-01-25 16:36:42.607 | INFO     | policy.JSG_policy:buy_policy:81 - price : 16.207796211950395
2026-01-25 16:36:42.607 | INFO     | policy.JSG_policy:buy_policy:99 - num_stakes : 15150.0 16.207796211950395 : 245680.9331053111
2026-01-25 16:36:42.607 | INFO     | order:execute_order:157 - complete order | datetime : 2025-01-20 00:00:00 | order_id : 4 | symbol : sz.002633 | order_type : buy | price : 16.207796211950395 | quantity : 15150.0
2026-01-25 16:36:42.618 | INFO     | order:match_orders:137 - match order...
                code name  position      close  position_value
sz.002188  sz.002188        43480.0   5.918315   257328.336996
sz.002800  sz.002800        12640.0  20.485588   258937.826749
sz.002205  sz.002205        18110.0  14.300834   258988.102535
sz.002633  sz.002633        15150.0  16.693303   252903.544532
2026-01-25 16:36:42.638 | INFO     | policy.JSG_policy:run_end:393 - end check banned : []
2026-01-25 16:36:42.649 | INFO     | order:match_orders:137 - match order...
                code name  position      close  position_value
sz.002188  sz.002188        43480.0   5.918315   257328.336996
sz.002800  sz.002800        12640.0  20.485588   258937.826749
sz.002205  sz.002205        18110.0  14.300834   258988.102535
sz.002633  sz.002633        15150.0  16.693303   252903.544532
2026-01-25 16:36:42.658 | INFO     | market_env:step:246 - market open date : 2025-01-21 00:00:00
2026-01-25 16:36:42.669 | INFO     | order:match_orders:137 - match order...
                code name  position      close  position_value
sz.002188  sz.002188        43480.0   5.813797   252783.907204
sz.002800  sz.002800        12640.0  20.184624   255133.647120
sz.002205  sz.002205        18110.0  14.100822   255365.891311
sz.002633  sz.002633        15150.0  16.464837   249442.273393
2026-01-25 16:36:42.687 | INFO     | policy.JSG_policy:run_end:393 - end check banned : []
2026-01-25 16:36:42.698 | INFO     | order:match_orders:137 - match order...
                code name  position      close  position_value
sz.002188  sz.002188        43480.0   5.813797   252783.907204
sz.002800  sz.002800        12640.0  20.184624   255133.647120
sz.002205  sz.002205        18110.0  14.100822   255365.891311
sz.002633  sz.002633        15150.0  16.464837   249442.273393
2026-01-25 16:36:42.706 | INFO     | market_env:step:246 - market open date : 2025-01-22 00:00:00
2026-01-25 16:36:42.717 | INFO     | order:match_orders:137 - match order...
                code name  position      close  position_value
sz.002188  sz.002188        43480.0   5.657021   245967.262515
sz.002800  sz.002800        12640.0  20.124431   254372.811195
sz.002205  sz.002205        18110.0  13.884143   251441.829151
sz.002633  sz.002633        15150.0  16.373450   248057.764938
2026-01-25 16:36:42.736 | INFO     | policy.JSG_policy:run_end:393 - end check banned : []
2026-01-25 16:36:42.746 | INFO     | order:match_orders:137 - match order...
                code name  position      close  position_value
sz.002188  sz.002188        43480.0   5.657021   245967.262515
sz.002800  sz.002800        12640.0  20.124431   254372.811195
sz.002205  sz.002205        18110.0  13.884143   251441.829151
sz.002633  sz.002633        15150.0  16.373450   248057.764938
2026-01-25 16:36:42.755 | INFO     | market_env:step:246 - market open date : 2025-01-23 00:00:00
2026-01-25 16:36:42.766 | INFO     | order:match_orders:137 - match order...
                code name  position      close  position_value
sz.002188  sz.002188        43480.0   5.552503   241422.832723
sz.002800  sz.002800        12640.0  20.024110   253104.751318
sz.002205  sz.002205        18110.0  13.600793   246310.363250
sz.002633  sz.002633        15150.0  16.266832   246442.505073
2026-01-25 16:36:42.785 | INFO     | policy.JSG_policy:run_end:393 - end check banned : []
2026-01-25 16:36:42.796 | INFO     | order:match_orders:137 - match order...
                code name  position      close  position_value
sz.002188  sz.002188        43480.0   5.552503   241422.832723
sz.002800  sz.002800        12640.0  20.024110   253104.751318
sz.002205  sz.002205        18110.0  13.600793   246310.363250
sz.002633  sz.002633        15150.0  16.266832   246442.505073
2026-01-25 16:36:42.805 | INFO     | market_env:step:246 - market open date : 2025-01-24 00:00:00
2026-01-25 16:36:42.816 | INFO     | order:match_orders:137 - match order...
                code name  position      close  position_value
sz.002188  sz.002188        43480.0   5.591697   243126.993895
sz.002800  sz.002800        12640.0  20.104367   254119.199219
sz.002205  sz.002205        18110.0  13.550790   245404.810444
sz.002633  sz.002633        15150.0  16.282063   246673.256483
2026-01-25 16:36:42.836 | INFO     | policy.JSG_policy:run_end:393 - end check banned : []
2026-01-25 16:36:42.847 | INFO     | order:match_orders:137 - match order...
                code name  position      close  position_value
sz.002188  sz.002188        43480.0   5.591697   243126.993895
sz.002800  sz.002800        12640.0  20.104367   254119.199219
sz.002205  sz.002205        18110.0  13.550790   245404.810444
sz.002633  sz.002633        15150.0  16.282063   246673.256483
2026-01-25 16:36:44.728 | INFO     | policy.JSG_policy:action_decider:361 - market breath : ['计算机']
2026-01-25 16:36:45.009 | INFO     | market_env:step:246 - market open date : 2025-01-27 00:00:00
2026-01-25 16:36:45.020 | INFO     | order:match_orders:137 - match order...
                code name  position      close  position_value
sz.002188  sz.002188        43480.0   5.657021   245967.262515
sz.002800  sz.002800        12640.0  20.204688   255387.259096
sz.002205  sz.002205        18110.0  13.667464   247517.766992
sz.002633  sz.002633        15150.0  16.601917   251519.036077
2026-01-25 16:36:45.039 | INFO     | policy.JSG_policy:run_end:393 - end check banned : []
2026-01-25 16:36:45.050 | INFO     | order:match_orders:137 - match order...
                code name  position      close  position_value
sz.002188  sz.002188        43480.0   5.657021   245967.262515
sz.002800  sz.002800        12640.0  20.204688   255387.259096
sz.002205  sz.002205        18110.0  13.667464   247517.766992
sz.002633  sz.002633        15150.0  16.601917   251519.036077
2026-01-25 16:36:46.930 | INFO     | policy.JSG_policy:action_decider:361 - market breath : ['银行']
2026-01-25 16:36:46.954 | INFO     | order:create_order:75 - create order | datetime : 2025-01-27 00:00:00 | symbol : sz.002188 | name :  | order_id : 5  | order_type : sell | quantity : 43480.0 | exec_time : open
2026-01-25 16:36:46.955 | INFO     | order:create_order:75 - create order | datetime : 2025-01-27 00:00:00 | symbol : sz.002800 | name :  | order_id : 6  | order_type : sell | quantity : 12640.0 | exec_time : open
2026-01-25 16:36:46.955 | INFO     | order:create_order:75 - create order | datetime : 2025-01-27 00:00:00 | symbol : sz.002205 | name :  | order_id : 7  | order_type : sell | quantity : 18110.0 | exec_time : open
2026-01-25 16:36:46.955 | INFO     | order:create_order:75 - create order | datetime : 2025-01-27 00:00:00 | symbol : sz.002633 | name :  | order_id : 8  | order_type : sell | quantity : 15150.0 | exec_time : open
2026-01-25 16:36:46.955 | INFO     | market_env:step:246 - market open date : 2025-02-05 00:00:00
2026-01-25 16:36:46.969 | INFO     | order:execute_order:157 - complete order | datetime : 2025-02-05 00:00:00 | order_id : 5 | symbol : sz.002188 | order_type : sell | price : 5.6848224664224665 | quantity : 43480
2026-01-25 16:36:46.983 | INFO     | order:execute_order:157 - complete order | datetime : 2025-02-05 00:00:00 | order_id : 6 | symbol : sz.002800 | order_type : sell | price : 20.324471723737368 | quantity : 12640
2026-01-25 16:36:46.997 | INFO     | order:execute_order:157 - complete order | datetime : 2025-02-05 00:00:00 | order_id : 7 | symbol : sz.002205 | order_type : sell | price : 13.706665952044604 | quantity : 18110
2026-01-25 16:36:47.010 | INFO     | order:execute_order:157 - complete order | datetime : 2025-02-05 00:00:00 | order_id : 8 | symbol : sz.002633 | order_type : sell | price : 16.751120586245772 | quantity : 15150.0
2026-01-25 16:36:47.011 | INFO     | order:match_orders:137 - match order...
Empty DataFrame
Columns: []
Index: []
2026-01-25 16:36:47.011 | INFO     | order:match_orders:137 - match order...
Empty DataFrame
Columns: []
Index: []
2026-01-25 16:36:47.012 | INFO     | market_env:step:246 - market open date : 2025-02-06 00:00:00
2026-01-25 16:36:47.012 | INFO     | order:match_orders:137 - match order...
Empty DataFrame
Columns: []
Index: []
2026-01-25 16:36:47.012 | INFO     | order:match_orders:137 - match order...
Empty DataFrame
Columns: []
Index: []
2026-01-25 16:36:47.012 | INFO     | market_env:step:246 - market open date : 2025-02-07 00:00:00
2026-01-25 16:36:47.013 | INFO     | order:match_orders:137 - match order...
Empty DataFrame
Columns: []
Index: []
2026-01-25 16:36:47.013 | INFO     | order:match_orders:137 - match order...
Empty DataFrame
Columns: []
Index: []
2026-01-25 16:36:48.905 | INFO     | policy.JSG_policy:action_decider:361 - market breath : ['计算机']
2026-01-25 16:36:49.182 | INFO     | order:create_order:75 - create order | datetime : 2025-02-07 00:00:00 | symbol : sz.002188 | name :  | order_id : 9  | order_type : buy | quantity : 42291 | exec_time : open
2026-01-25 16:36:49.182 | INFO     | order:create_order:75 - create order | datetime : 2025-02-07 00:00:00 | symbol : sz.002800 | name :  | order_id : 10  | order_type : buy | quantity : 11955 | exec_time : open
2026-01-25 16:36:49.182 | INFO     | order:create_order:75 - create order | datetime : 2025-02-07 00:00:00 | symbol : sz.002205 | name :  | order_id : 11  | order_type : buy | quantity : 16740 | exec_time : open
2026-01-25 16:36:49.182 | INFO     | order:create_order:75 - create order | datetime : 2025-02-07 00:00:00 | symbol : sz.002633 | name :  | order_id : 12  | order_type : buy | quantity : 14671 | exec_time : open
2026-01-25 16:36:49.182 | INFO     | market_env:step:246 - market open date : 2025-02-10 00:00:00
2026-01-25 16:36:49.197 | INFO     | policy.JSG_policy:buy_policy:81 - price : 5.969424175824175
2026-01-25 16:36:49.197 | INFO     | policy.JSG_policy:buy_policy:99 - num_stakes : 42290 5.969424175824175 : 1005589.2156238212
2026-01-25 16:36:49.197 | INFO     | order:execute_order:157 - complete order | datetime : 2025-02-10 00:00:00 | order_id : 9 | symbol : sz.002188 | order_type : buy | price : 5.969424175824175 | quantity : 42290
2026-01-25 16:36:49.217 | INFO     | policy.JSG_policy:buy_policy:81 - price : 21.089481011162125
2026-01-25 16:36:49.218 | INFO     | policy.JSG_policy:buy_policy:99 - num_stakes : 11950 21.089481011162125 : 753117.0225333773
2026-01-25 16:36:49.218 | INFO     | order:execute_order:157 - complete order | datetime : 2025-02-10 00:00:00 | order_id : 10 | symbol : sz.002800 | order_type : buy | price : 21.089481011162125 | quantity : 11950
2026-01-25 16:36:49.239 | INFO     | policy.JSG_policy:buy_policy:81 - price : 14.947371635423856
2026-01-25 16:36:49.239 | INFO     | policy.JSG_policy:buy_policy:99 - num_stakes : 16740 14.947371635423856 : 501072.5225201815
2026-01-25 16:36:49.239 | INFO     | order:execute_order:157 - complete order | datetime : 2025-02-10 00:00:00 | order_id : 11 | symbol : sz.002205 | order_type : buy | price : 14.947371635423856 | quantity : 16740
2026-01-25 16:36:49.261 | INFO     | policy.JSG_policy:buy_policy:81 - price : 17.18453722660654
2026-01-25 16:36:49.261 | INFO     | policy.JSG_policy:buy_policy:99 - num_stakes : 14590.0 17.18453722660654 : 250828.49944306846
2026-01-25 16:36:49.261 | INFO     | order:execute_order:157 - complete order | datetime : 2025-02-10 00:00:00 | order_id : 12 | symbol : sz.002633 | order_type : buy | price : 17.18453722660654 | quantity : 14590.0
2026-01-25 16:36:49.272 | INFO     | order:match_orders:137 - match order...
                code name  position      close  position_value
sz.002188  sz.002188        42290.0   6.035897   255258.102564
sz.002800  sz.002800        11950.0  21.288157   254393.477360
sz.002205  sz.002205        16740.0  15.834257   265065.456928
sz.002633  sz.002633        14590.0  17.241623   251555.286133
2026-01-25 16:36:49.291 | INFO     | policy.JSG_policy:run_end:393 - end check banned : []
2026-01-25 16:36:49.301 | INFO     | order:match_orders:137 - match order...
                code name  position      close  position_value
sz.002188  sz.002188        42290.0   6.035897   255258.102564
sz.002800  sz.002800        11950.0  21.288157   254393.477360
sz.002205  sz.002205        16740.0  15.834257   265065.456928
sz.002633  sz.002633        14590.0  17.241623   251555.286133
2026-01-25 16:36:49.310 | INFO     | market_env:step:246 - market open date : 2025-02-11 00:00:00
2026-01-25 16:36:49.320 | INFO     | order:match_orders:137 - match order...
                code name  position      close  position_value
sz.002188  sz.002188        42290.0   5.983639   253048.075702
sz.002800  sz.002800        11950.0  21.207900   253434.406758
sz.002205  sz.002205        16740.0  15.884260   265902.505739
sz.002633  sz.002633        14590.0  17.256855   251777.508117
2026-01-25 16:36:49.339 | INFO     | policy.JSG_policy:run_end:393 - end check banned : []
2026-01-25 16:36:49.350 | INFO     | order:match_orders:137 - match order...
                code name  position      close  position_value
sz.002188  sz.002188        42290.0   5.983639   253048.075702
sz.002800  sz.002800        11950.0  21.207900   253434.406758
sz.002205  sz.002205        16740.0  15.884260   265902.505739
sz.002633  sz.002633        14590.0  17.256855   251777.508117
2026-01-25 16:36:49.359 | INFO     | market_env:step:246 - market open date : 2025-02-12 00:00:00
2026-01-25 16:36:49.370 | INFO     | order:match_orders:137 - match order...
                code name  position      close  position_value
sz.002188  sz.002188        42290.0   6.048962   255810.609280
sz.002800  sz.002800        11950.0  21.207900   253434.406758
sz.002205  sz.002205        16740.0  16.584300   277621.189098
sz.002633  sz.002633        14590.0  17.135006   249999.732244
2026-01-25 16:36:49.389 | INFO     | policy.JSG_policy:run_end:393 - end check banned : []
2026-01-25 16:36:49.400 | INFO     | order:match_orders:137 - match order...
                code name  position      close  position_value
sz.002188  sz.002188        42290.0   6.048962   255810.609280
sz.002800  sz.002800        11950.0  21.207900   253434.406758
sz.002205  sz.002205        16740.0  16.584300   277621.189098
sz.002633  sz.002633        14590.0  17.135006   249999.732244
2026-01-25 16:36:49.409 | INFO     | market_env:step:246 - market open date : 2025-02-13 00:00:00
2026-01-25 16:36:49.419 | INFO     | order:match_orders:137 - match order...
                code name  position      close  position_value
sz.002188  sz.002188        42290.0   5.983639   253048.075702
sz.002800  sz.002800        11950.0  20.967129   250557.194950
sz.002205  sz.002205        16740.0  16.384289   274272.993853
sz.002633  sz.002633        14590.0  16.678072   243333.072717
2026-01-25 16:36:49.439 | INFO     | policy.JSG_policy:run_end:393 - end check banned : []
2026-01-25 16:36:49.450 | INFO     | order:match_orders:137 - match order...
                code name  position      close  position_value
sz.002188  sz.002188        42290.0   5.983639   253048.075702
sz.002800  sz.002800        11950.0  20.967129   250557.194950
sz.002205  sz.002205        16740.0  16.384289   274272.993853
sz.002633  sz.002633        14590.0  16.678072   243333.072717
2026-01-25 16:36:49.459 | INFO     | market_env:step:246 - market open date : 2025-02-14 00:00:00
2026-01-25 16:36:49.469 | INFO     | order:match_orders:137 - match order...
                code name  position      close  position_value
sz.002188  sz.002188        42290.0   5.879121   248628.021978
sz.002800  sz.002800        11950.0  20.806615   248639.053744
sz.002205  sz.002205        16740.0  16.234280   271761.847418
sz.002633  sz.002633        14590.0  16.540992   241333.074859
2026-01-25 16:36:49.490 | INFO     | policy.JSG_policy:run_end:393 - end check banned : []
2026-01-25 16:36:49.501 | INFO     | order:match_orders:137 - match order...
                code name  position      close  position_value
sz.002188  sz.002188        42290.0   5.879121   248628.021978
sz.002800  sz.002800        11950.0  20.806615   248639.053744
sz.002205  sz.002205        16740.0  16.234280   271761.847418
sz.002633  sz.002633        14590.0  16.540992   241333.074859
2026-01-25 16:36:51.406 | INFO     | policy.JSG_policy:action_decider:361 - market breath : ['计算机']
2026-01-25 16:36:51.711 | INFO     | order:create_order:75 - create order | datetime : 2025-02-14 00:00:00 | symbol : sz.002205 | name :  | order_id : 13  | order_type : sell | quantity : 16740.0 | exec_time : open
2026-01-25 16:36:51.722 | INFO     | order:create_order:75 - create order | datetime : 2025-02-14 00:00:00 | symbol : sz.003017 | name :  | order_id : 14  | order_type : buy | quantity : 8269 | exec_time : open
2026-01-25 16:36:51.722 | INFO     | market_env:step:246 - market open date : 2025-02-17 00:00:00
2026-01-25 16:36:51.737 | INFO     | order:execute_order:157 - complete order | datetime : 2025-02-17 00:00:00 | order_id : 13 | symbol : sz.002205 | order_type : sell | price : 16.118639936324296 | quantity : 16740
2026-01-25 16:36:51.759 | INFO     | policy.JSG_policy:buy_policy:81 - price : 30.63853888503762
2026-01-25 16:36:51.759 | INFO     | policy.JSG_policy:buy_policy:99 - num_stakes : 8260 30.63853888503762 : 269745.16598161374
2026-01-25 16:36:51.759 | INFO     | order:execute_order:157 - complete order | datetime : 2025-02-17 00:00:00 | order_id : 14 | symbol : sz.003017 | order_type : buy | price : 30.63853888503762 | quantity : 8260
2026-01-25 16:36:51.770 | INFO     | order:match_orders:137 - match order...
                code name  position      close  position_value
sz.002188  sz.002188        42290.0   6.140415   259678.156288
sz.002800  sz.002800        11950.0  21.207900   253434.406758
sz.002633  sz.002633        14590.0  17.302548   252444.174070
sz.003017  sz.003017         8260.0  31.533402   260465.897096
2026-01-25 16:36:51.790 | INFO     | policy.JSG_policy:run_end:393 - end check banned : []
2026-01-25 16:36:51.802 | INFO     | order:match_orders:137 - match order...
                code name  position      close  position_value
sz.002188  sz.002188        42290.0   6.140415   259678.156288
sz.002800  sz.002800        11950.0  21.207900   253434.406758
sz.002633  sz.002633        14590.0  17.302548   252444.174070
sz.003017  sz.003017         8260.0  31.533402   260465.897096
2026-01-25 16:36:51.811 | INFO     | market_env:step:246 - market open date : 2025-02-18 00:00:00
2026-01-25 16:36:51.822 | INFO     | order:match_orders:137 - match order...
                code name  position      close  position_value
sz.002188  sz.002188        42290.0   6.035897   255258.102564
sz.002800  sz.002800        11950.0  20.686230   247200.447840
sz.002633  sz.002633        14590.0  16.784690   244888.626607
sz.003017  sz.003017         8260.0  31.624451   261217.964171
2026-01-25 16:36:51.841 | INFO     | policy.JSG_policy:run_end:393 - end check banned : []
2026-01-25 16:36:51.852 | INFO     | order:match_orders:137 - match order...
                code name  position      close  position_value
sz.002188  sz.002188        42290.0   6.035897   255258.102564
sz.002800  sz.002800        11950.0  20.686230   247200.447840
sz.002633  sz.002633        14590.0  16.784690   244888.626607
sz.003017  sz.003017         8260.0  31.624451   261217.964171
2026-01-25 16:36:51.860 | INFO     | market_env:step:246 - market open date : 2025-02-19 00:00:00
2026-01-25 16:36:51.871 | INFO     | order:match_orders:137 - match order...
                code name  position      close  position_value
sz.002188  sz.002188        42290.0   6.075092   256915.622711
sz.002800  sz.002800        11950.0  21.167772   252954.871456
sz.002633  sz.002633        14590.0  17.165468   250444.176212
sz.003017  sz.003017         8260.0  32.034173   264602.266010
2026-01-25 16:36:51.891 | INFO     | policy.JSG_policy:run_end:393 - end check banned : []
2026-01-25 16:36:51.902 | INFO     | order:match_orders:137 - match order...
                code name  position      close  position_value
sz.002188  sz.002188        42290.0   6.075092   256915.622711
sz.002800  sz.002800        11950.0  21.167772   252954.871456
sz.002633  sz.002633        14590.0  17.165468   250444.176212
sz.003017  sz.003017         8260.0  32.034173   264602.266010
2026-01-25 16:36:51.912 | INFO     | market_env:step:246 - market open date : 2025-02-20 00:00:00
2026-01-25 16:36:51.923 | INFO     | order:match_orders:137 - match order...
                code name  position      close  position_value
sz.002188  sz.002188        42290.0   6.075092   256915.622711
sz.002800  sz.002800        11950.0  21.468735   256551.386216
sz.002633  sz.002633        14590.0  18.140259   264666.383202
sz.003017  sz.003017         8260.0  32.110047   265228.988573
2026-01-25 16:36:51.943 | INFO     | policy.JSG_policy:run_end:393 - end check banned : []
2026-01-25 16:36:51.953 | INFO     | order:match_orders:137 - match order...
                code name  position      close  position_value
sz.002188  sz.002188        42290.0   6.075092   256915.622711
sz.002800  sz.002800        11950.0  21.468735   256551.386216
sz.002633  sz.002633        14590.0  18.140259   264666.383202
sz.003017  sz.003017         8260.0  32.110047   265228.988573
2026-01-25 16:36:51.962 | INFO     | market_env:step:246 - market open date : 2025-02-21 00:00:00
2026-01-25 16:36:51.983 | INFO     | order:match_orders:137 - match order...
                code name  position      close  position_value
sz.002188  sz.002188        42290.0   6.022833   254705.595849
sz.002800  sz.002800        11950.0  21.107579   252235.568504
sz.002633  sz.002633        14590.0  17.668095   257777.501691
sz.003017  sz.003017         8260.0  32.929491   271997.592251
2026-01-25 16:36:52.003 | INFO     | policy.JSG_policy:run_end:393 - end check banned : []
2026-01-25 16:36:52.013 | INFO     | order:match_orders:137 - match order...
                code name  position      close  position_value
sz.002188  sz.002188        42290.0   6.022833   254705.595849
sz.002800  sz.002800        11950.0  21.107579   252235.568504
sz.002633  sz.002633        14590.0  17.668095   257777.501691
sz.003017  sz.003017         8260.0  32.929491   271997.592251
2026-01-25 16:36:53.928 | INFO     | policy.JSG_policy:action_decider:361 - market breath : ['通信']
2026-01-25 16:36:54.238 | INFO     | order:create_order:75 - create order | datetime : 2025-02-21 00:00:00 | symbol : sz.002633 | name :  | order_id : 15  | order_type : sell | quantity : 14590.0 | exec_time : open
2026-01-25 16:36:54.238 | INFO     | order:create_order:75 - create order | datetime : 2025-02-21 00:00:00 | symbol : sz.003017 | name :  | order_id : 16  | order_type : sell | quantity : 8260.0 | exec_time : open
2026-01-25 16:36:54.249 | INFO     | order:create_order:75 - create order | datetime : 2025-02-21 00:00:00 | symbol : sz.002780 | name :  | order_id : 17  | order_type : buy | quantity : 12500 | exec_time : open
2026-01-25 16:36:54.249 | INFO     | order:create_order:75 - create order | datetime : 2025-02-21 00:00:00 | symbol : sz.002205 | name :  | order_id : 18  | order_type : buy | quantity : 17229 | exec_time : open
2026-01-25 16:36:54.249 | INFO     | market_env:step:246 - market open date : 2025-02-24 00:00:00
2026-01-25 16:36:54.264 | INFO     | order:execute_order:157 - complete order | datetime : 2025-02-24 00:00:00 | order_id : 15 | symbol : sz.002633 | order_type : sell | price : 17.328745434047352 | quantity : 14590.0
2026-01-25 16:36:54.279 | INFO     | order:execute_order:157 - complete order | datetime : 2025-02-24 00:00:00 | order_id : 16 | symbol : sz.003017 | order_type : sell | price : 32.65160817643562 | quantity : 8260
2026-01-25 16:36:54.301 | INFO     | policy.JSG_policy:buy_policy:81 - price : 20.972082668846227
2026-01-25 16:36:54.301 | INFO     | policy.JSG_policy:buy_policy:99 - num_stakes : 12500 20.972082668846227 : 538860.689570541
2026-01-25 16:36:54.301 | INFO     | order:execute_order:157 - complete order | datetime : 2025-02-24 00:00:00 | order_id : 17 | symbol : sz.002780 | order_type : buy | price : 20.972082668846227 | quantity : 12500
2026-01-25 16:36:54.323 | INFO     | policy.JSG_policy:buy_policy:81 - price : 15.398297930570726
2026-01-25 16:36:54.323 | INFO     | policy.JSG_policy:buy_policy:99 - num_stakes : 17220 15.398297930570726 : 276683.4411066271
2026-01-25 16:36:54.323 | INFO     | order:execute_order:157 - complete order | datetime : 2025-02-24 00:00:00 | order_id : 18 | symbol : sz.002205 | order_type : buy | price : 15.398297930570726 | quantity : 17220
2026-01-25 16:36:54.335 | INFO     | order:match_orders:137 - match order...
                code name  position      close  position_value
sz.002188  sz.002188          42290   6.088156   257468.129426
sz.002800  sz.002800          11950  21.569056   257750.224470
sz.002780  sz.002780          12500  21.184515   264806.433049
sz.002205  sz.002205          17220  15.634245   269221.699293
2026-01-25 16:36:54.353 | INFO     | policy.JSG_policy:run_end:393 - end check banned : []
2026-01-25 16:36:54.365 | INFO     | order:match_orders:137 - match order...
                code name  position      close  position_value
sz.002188  sz.002188          42290   6.088156   257468.129426
sz.002800  sz.002800          11950  21.569056   257750.224470
sz.002780  sz.002780          12500  21.184515   264806.433049
sz.002205  sz.002205          17220  15.634245   269221.699293
2026-01-25 16:36:54.374 | INFO     | market_env:step:246 - market open date : 2025-02-25 00:00:00
2026-01-25 16:36:54.385 | INFO     | order:match_orders:137 - match order...
                code name  position      close  position_value
sz.002188  sz.002188          42290   6.062027   256363.115995
sz.002800  sz.002800          11950  21.589121   257989.992120
sz.002780  sz.002780          12500  21.008466   262605.825572
sz.002205  sz.002205          17220  15.434233   265777.498449
2026-01-25 16:36:54.405 | INFO     | policy.JSG_policy:run_end:393 - end check banned : []
2026-01-25 16:36:54.416 | INFO     | order:match_orders:137 - match order...
                code name  position      close  position_value
sz.002188  sz.002188          42290   6.062027   256363.115995
sz.002800  sz.002800          11950  21.589121   257989.992120
sz.002780  sz.002780          12500  21.008466   262605.825572
sz.002205  sz.002205          17220  15.434233   265777.498449
2026-01-25 16:36:54.424 | INFO     | market_env:step:246 - market open date : 2025-02-26 00:00:00
2026-01-25 16:36:54.435 | INFO     | order:match_orders:137 - match order...
                code name  position      close  position_value
sz.002188  sz.002188          42290   6.218803   262993.196581
sz.002800  sz.002800          11950  21.528928   257270.689168
sz.002780  sz.002780          12500  21.380124   267251.552468
sz.002205  sz.002205          17220  15.450901   266064.515186
2026-01-25 16:36:54.454 | INFO     | policy.JSG_policy:run_end:393 - end check banned : []
2026-01-25 16:36:54.465 | INFO     | order:match_orders:137 - match order...
                code name  position      close  position_value
sz.002188  sz.002188          42290   6.218803   262993.196581
sz.002800  sz.002800          11950  21.528928   257270.689168
sz.002780  sz.002780          12500  21.380124   267251.552468
sz.002205  sz.002205          17220  15.450901   266064.515186
2026-01-25 16:36:54.475 | INFO     | market_env:step:246 - market open date : 2025-02-27 00:00:00
2026-01-25 16:36:54.487 | INFO     | order:match_orders:137 - match order...
                code name  position      close  position_value
sz.002188  sz.002188          42290   6.218803   262993.196581
sz.002800  sz.002800          11950  21.368414   255352.547963
sz.002780  sz.002780          12500  21.497490   268718.624119
sz.002205  sz.002205          17220  15.400898   265203.464975
2026-01-25 16:36:54.508 | INFO     | policy.JSG_policy:run_end:393 - end check banned : []
2026-01-25 16:36:54.518 | INFO     | order:match_orders:137 - match order...
                code name  position      close  position_value
sz.002188  sz.002188          42290   6.218803   262993.196581
sz.002800  sz.002800          11950  21.368414   255352.547963
sz.002780  sz.002780          12500  21.497490   268718.624119
sz.002205  sz.002205          17220  15.400898   265203.464975
2026-01-25 16:36:54.527 | INFO     | market_env:step:246 - market open date : 2025-02-28 00:00:00
2026-01-25 16:36:54.538 | INFO     | order:match_orders:137 - match order...
                code name  position      close  position_value
sz.002188  sz.002188          42290   6.062027   256363.115995
sz.002800  sz.002800          11950  20.967129   250557.194950
sz.002780  sz.002780          12500  21.634417   270430.207712
sz.002205  sz.002205          17220  15.600910   268647.665819
2026-01-25 16:36:54.557 | INFO     | policy.JSG_policy:run_end:393 - end check banned : []
2026-01-25 16:36:54.567 | INFO     | order:match_orders:137 - match order...
                code name  position      close  position_value
sz.002188  sz.002188          42290   6.062027   256363.115995
sz.002800  sz.002800          11950  20.967129   250557.194950
sz.002780  sz.002780          12500  21.634417   270430.207712
sz.002205  sz.002205          17220  15.600910   268647.665819
2026-01-25 16:36:56.450 | INFO     | policy.JSG_policy:action_decider:361 - market breath : ['食品饮料']
2026-01-25 16:36:56.755 | INFO     | order:create_order:75 - create order | datetime : 2025-02-28 00:00:00 | symbol : sz.002780 | name :  | order_id : 19  | order_type : sell | quantity : 12500 | exec_time : open
2026-01-25 16:36:56.755 | INFO     | order:create_order:75 - create order | datetime : 2025-02-28 00:00:00 | symbol : sz.002205 | name :  | order_id : 20  | order_type : sell | quantity : 17220 | exec_time : open
2026-01-25 16:36:56.755 | INFO     | order:create_order:75 - create order | datetime : 2025-02-28 00:00:00 | symbol : sz.002633 | name :  | order_id : 21  | order_type : buy | quantity : 15793 | exec_time : open
2026-01-25 16:36:56.767 | INFO     | order:create_order:75 - create order | datetime : 2025-02-28 00:00:00 | symbol : sz.002830 | name :  | order_id : 22  | order_type : buy | quantity : 9322 | exec_time : open
2026-01-25 16:36:56.767 | INFO     | market_env:step:246 - market open date : 2025-03-03 00:00:00
2026-01-25 16:36:56.782 | INFO     | order:execute_order:157 - complete order | datetime : 2025-03-03 00:00:00 | order_id : 19 | symbol : sz.002780 | order_type : sell | price : 21.591147783759997 | quantity : 12500
2026-01-25 16:36:56.797 | INFO     | order:execute_order:157 - complete order | datetime : 2025-03-03 00:00:00 | order_id : 20 | symbol : sz.002205 | order_type : sell | price : 15.23702185931172 | quantity : 17220
2026-01-25 16:36:56.820 | INFO     | policy.JSG_policy:buy_policy:81 - price : 16.802997767756484
2026-01-25 16:36:56.820 | INFO     | policy.JSG_policy:buy_policy:99 - num_stakes : 15790 16.802997767756484 : 543449.7360692819
2026-01-25 16:36:56.820 | INFO     | order:execute_order:157 - complete order | datetime : 2025-03-03 00:00:00 | order_id : 21 | symbol : sz.002633 | order_type : buy | price : 16.802997767756484 | quantity : 15790
2026-01-25 16:36:56.842 | INFO     | policy.JSG_policy:buy_policy:81 - price : 28.504179439557955
2026-01-25 16:36:56.843 | INFO     | policy.JSG_policy:buy_policy:99 - num_stakes : 9320 28.504179439557955 : 278103.8693829318
2026-01-25 16:36:56.843 | INFO     | order:execute_order:157 - complete order | datetime : 2025-03-03 00:00:00 | order_id : 22 | symbol : sz.002830 | order_type : buy | price : 28.504179439557955 | quantity : 9320
2026-01-25 16:36:56.853 | INFO     | order:match_orders:137 - match order...
                code name  position      close  position_value
sz.002188  sz.002188          42290   6.140415   259678.156288
sz.002800  sz.002800          11950  21.187836   253194.639107
sz.002633  sz.002633          15790  16.799921   265270.753890
sz.002830  sz.002830           9320  28.973680   270034.700137
2026-01-25 16:36:56.872 | INFO     | policy.JSG_policy:run_end:393 - end check banned : []
2026-01-25 16:36:56.883 | INFO     | order:match_orders:137 - match order...
                code name  position      close  position_value
sz.002188  sz.002188          42290   6.140415   259678.156288
sz.002800  sz.002800          11950  21.187836   253194.639107
sz.002633  sz.002633          15790  16.799921   265270.753890
sz.002830  sz.002830           9320  28.973680   270034.700137
2026-01-25 16:36:56.892 | INFO     | market_env:step:246 - market open date : 2025-03-04 00:00:00
2026-01-25 16:36:56.903 | INFO     | order:match_orders:137 - match order...
                code name  position      close  position_value
sz.002188  sz.002188          42290   6.192674   261888.183150
sz.002800  sz.002800          11950  21.890084   261586.506880
sz.002633  sz.002633          15790  17.074081   269599.741714
sz.002830  sz.002830           9320  29.302677   273100.953356
2026-01-25 16:36:56.923 | INFO     | policy.JSG_policy:run_end:393 - end check banned : []
2026-01-25 16:36:56.933 | INFO     | order:match_orders:137 - match order...
                code name  position      close  position_value
sz.002188  sz.002188          42290   6.192674   261888.183150
sz.002800  sz.002800          11950  21.890084   261586.506880
sz.002633  sz.002633          15790  17.074081   269599.741714
sz.002830  sz.002830           9320  29.302677   273100.953356
2026-01-25 16:36:56.942 | INFO     | market_env:step:246 - market open date : 2025-03-05 00:00:00
2026-01-25 16:36:56.954 | INFO     | order:match_orders:137 - match order...
                code name  position      close  position_value
sz.002188  sz.002188          42290   6.218803   262993.196581
sz.002800  sz.002800          11950  21.970341   262545.577483
sz.002633  sz.002633          15790  17.515784   276574.222097
sz.002830  sz.002830           9320  29.214945   272283.285831
2026-01-25 16:36:56.974 | INFO     | policy.JSG_policy:run_end:393 - end check banned : []
2026-01-25 16:36:56.985 | INFO     | order:match_orders:137 - match order...
                code name  position      close  position_value
sz.002188  sz.002188          42290   6.218803   262993.196581
sz.002800  sz.002800          11950  21.970341   262545.577483
sz.002633  sz.002633          15790  17.515784   276574.222097
sz.002830  sz.002830           9320  29.214945   272283.285831
2026-01-25 16:36:56.994 | INFO     | market_env:step:246 - market open date : 2025-03-06 00:00:00
2026-01-25 16:36:57.006 | INFO     | order:match_orders:137 - match order...
                code name  position      close  position_value
sz.002188  sz.002188          42290   6.271062   265203.223443
sz.002800  sz.002800          11950  21.789763   260387.668627
sz.002633  sz.002633          15790  17.546246   277055.220744
sz.002830  sz.002830           9320  29.324611   273305.370237
2026-01-25 16:36:57.027 | INFO     | policy.JSG_policy:run_end:393 - end check banned : []
2026-01-25 16:36:57.039 | INFO     | order:match_orders:137 - match order...
                code name  position      close  position_value
sz.002188  sz.002188          42290   6.271062   265203.223443
sz.002800  sz.002800          11950  21.789763   260387.668627
sz.002633  sz.002633          15790  17.546246   277055.220744
sz.002830  sz.002830           9320  29.324611   273305.370237
2026-01-25 16:36:57.049 | INFO     | market_env:step:246 - market open date : 2025-03-07 00:00:00
2026-01-25 16:36:57.060 | INFO     | order:match_orders:137 - match order...
                code name  position      close  position_value
sz.002188  sz.002188          42290   6.166545   260783.169719
sz.002800  sz.002800          11950  21.468735   256551.386216
sz.002633  sz.002633          15790  16.952232   267675.747125
sz.002830  sz.002830           9320  28.995613   270239.117018
2026-01-25 16:36:57.080 | INFO     | policy.JSG_policy:run_end:393 - end check banned : []
2026-01-25 16:36:57.091 | INFO     | order:match_orders:137 - match order...
                code name  position      close  position_value
sz.002188  sz.002188          42290   6.166545   260783.169719
sz.002800  sz.002800          11950  21.468735   256551.386216
sz.002633  sz.002633          15790  16.952232   267675.747125
sz.002830  sz.002830           9320  28.995613   270239.117018
2026-01-25 16:36:58.995 | INFO     | policy.JSG_policy:action_decider:361 - market breath : ['国防军工']
2026-01-25 16:36:59.287 | INFO     | market_env:step:246 - market open date : 2025-03-10 00:00:00
2026-01-25 16:36:59.298 | INFO     | order:match_orders:137 - match order...
                code name  position      close  position_value
sz.002188  sz.002188          42290   6.375580   269623.277167
sz.002800  sz.002800          11950  21.508864   257030.921518
sz.002633  sz.002633          15790  17.850868   281865.207215
sz.002830  sz.002830           9320  29.522009   275145.122168
2026-01-25 16:36:59.317 | INFO     | policy.JSG_policy:run_end:393 - end check banned : []
2026-01-25 16:36:59.328 | INFO     | order:match_orders:137 - match order...
                code name  position      close  position_value
sz.002188  sz.002188          42290   6.375580   269623.277167
sz.002800  sz.002800          11950  21.508864   257030.921518
sz.002633  sz.002633          15790  17.850868   281865.207215
sz.002830  sz.002830           9320  29.522009   275145.122168
2026-01-25 16:36:59.337 | INFO     | market_env:step:246 - market open date : 2025-03-11 00:00:00
2026-01-25 16:36:59.347 | INFO     | order:match_orders:137 - match order...
                code name  position      close  position_value
sz.002188  sz.002188          42290   6.493162   274595.837607
sz.002800  sz.002800          11950  21.849956   261106.971579
sz.002633  sz.002633          15790  17.698557   279460.213980
sz.002830  sz.002830           9320  29.851006   278211.375387
2026-01-25 16:36:59.367 | INFO     | policy.JSG_policy:run_end:393 - end check banned : []
2026-01-25 16:36:59.378 | INFO     | order:match_orders:137 - match order...
                code name  position      close  position_value
sz.002188  sz.002188          42290   6.493162   274595.837607
sz.002800  sz.002800          11950  21.849956   261106.971579
sz.002633  sz.002633          15790  17.698557   279460.213980
sz.002830  sz.002830           9320  29.851006   278211.375387
2026-01-25 16:36:59.388 | INFO     | market_env:step:246 - market open date : 2025-03-12 00:00:00
2026-01-25 16:36:59.398 | INFO     | order:match_orders:137 - match order...
                code name  position      close  position_value
sz.002188  sz.002188          42290   6.506227   275148.344322
sz.002800  sz.002800          11950  22.632461   270457.909955
sz.002633  sz.002633          15790  18.140259   286434.694363
sz.002830  sz.002830           9320  30.158070   281073.211725
2026-01-25 16:36:59.418 | INFO     | policy.JSG_policy:run_end:393 - end check banned : []
2026-01-25 16:36:59.428 | INFO     | order:match_orders:137 - match order...
                code name  position      close  position_value
sz.002188  sz.002188          42290   6.506227   275148.344322
sz.002800  sz.002800          11950  22.632461   270457.909955
sz.002633  sz.002633          15790  18.140259   286434.694363
sz.002830  sz.002830           9320  30.158070   281073.211725
2026-01-25 16:36:59.437 | INFO     | market_env:step:246 - market open date : 2025-03-13 00:00:00
2026-01-25 16:36:59.448 | INFO     | order:match_orders:137 - match order...
                code name  position      close  position_value
sz.002188  sz.002188          42290   6.427839   271833.304029
sz.002800  sz.002800          11950  22.411754   267820.465798
sz.002633  sz.002633          15790  18.581962   293409.174746
sz.002830  sz.002830           9320  30.004538   279642.293556
2026-01-25 16:36:59.468 | INFO     | policy.JSG_policy:run_end:393 - end check banned : []
2026-01-25 16:36:59.479 | INFO     | order:match_orders:137 - match order...
                code name  position      close  position_value
sz.002188  sz.002188          42290   6.427839   271833.304029
sz.002800  sz.002800          11950  22.411754   267820.465798
sz.002633  sz.002633          15790  18.581962   293409.174746
sz.002830  sz.002830           9320  30.004538   279642.293556
2026-01-25 16:36:59.488 | INFO     | market_env:step:246 - market open date : 2025-03-14 00:00:00
2026-01-25 16:36:59.498 | INFO     | order:match_orders:137 - match order...
                code name  position      close  position_value
sz.002188  sz.002188          42290   6.467033   273490.824176
sz.002800  sz.002800          11950  22.712718   271416.980558
sz.002633  sz.002633          15790  18.307802   289080.186922
sz.002830  sz.002830           9320  30.245802   281890.879250
2026-01-25 16:36:59.519 | INFO     | policy.JSG_policy:run_end:393 - end check banned : []
2026-01-25 16:36:59.530 | INFO     | order:match_orders:137 - match order...
                code name  position      close  position_value
sz.002188  sz.002188          42290   6.467033   273490.824176
sz.002800  sz.002800          11950  22.712718   271416.980558
sz.002633  sz.002633          15790  18.307802   289080.186922
sz.002830  sz.002830           9320  30.245802   281890.879250
2026-01-25 16:37:01.432 | INFO     | policy.JSG_policy:action_decider:361 - market breath : ['煤炭']
2026-01-25 16:37:01.457 | INFO     | order:create_order:75 - create order | datetime : 2025-03-14 00:00:00 | symbol : sz.002188 | name :  | order_id : 23  | order_type : sell | quantity : 42290 | exec_time : open
2026-01-25 16:37:01.457 | INFO     | order:create_order:75 - create order | datetime : 2025-03-14 00:00:00 | symbol : sz.002800 | name :  | order_id : 24  | order_type : sell | quantity : 11950 | exec_time : open
2026-01-25 16:37:01.457 | INFO     | order:create_order:75 - create order | datetime : 2025-03-14 00:00:00 | symbol : sz.002633 | name :  | order_id : 25  | order_type : sell | quantity : 15790 | exec_time : open
2026-01-25 16:37:01.457 | INFO     | order:create_order:75 - create order | datetime : 2025-03-14 00:00:00 | symbol : sz.002830 | name :  | order_id : 26  | order_type : sell | quantity : 9320 | exec_time : open
2026-01-25 16:37:01.458 | INFO     | market_env:step:246 - market open date : 2025-03-17 00:00:00
2026-01-25 16:37:01.472 | INFO     | order:execute_order:157 - complete order | datetime : 2025-03-17 00:00:00 | order_id : 23 | symbol : sz.002188 | order_type : sell | price : 6.454098901098901 | quantity : 42290
2026-01-25 16:37:01.485 | INFO     | order:execute_order:157 - complete order | datetime : 2025-03-17 00:00:00 | order_id : 24 | symbol : sz.002800 | order_type : sell | price : 22.627244382091845 | quantity : 11950
2026-01-25 16:37:01.501 | INFO     | order:execute_order:157 - complete order | datetime : 2025-03-17 00:00:00 | order_id : 25 | symbol : sz.002633 | order_type : sell | price : 18.210383359639234 | quantity : 15790
2026-01-25 16:37:01.516 | INFO     | order:execute_order:157 - complete order | datetime : 2025-03-17 00:00:00 | order_id : 26 | symbol : sz.002830 | order_type : sell | price : 30.119643063152093 | quantity : 9320
2026-01-25 16:37:01.516 | INFO     | order:match_orders:137 - match order...
Empty DataFrame
Columns: []
Index: []
2026-01-25 16:37:01.517 | INFO     | order:match_orders:137 - match order...
Empty DataFrame
Columns: []
Index: []
2026-01-25 16:37:01.517 | INFO     | market_env:step:246 - market open date : 2025-03-18 00:00:00
2026-01-25 16:37:01.517 | INFO     | order:match_orders:137 - match order...
Empty DataFrame
Columns: []
Index: []
2026-01-25 16:37:01.518 | INFO     | order:match_orders:137 - match order...
Empty DataFrame
Columns: []
Index: []
2026-01-25 16:37:01.518 | INFO     | market_env:step:246 - market open date : 2025-03-19 00:00:00
2026-01-25 16:37:01.519 | INFO     | order:match_orders:137 - match order...
Empty DataFrame
Columns: []
Index: []
2026-01-25 16:37:01.519 | INFO     | order:match_orders:137 - match order...
Empty DataFrame
Columns: []
Index: []
2026-01-25 16:37:01.519 | INFO     | market_env:step:246 - market open date : 2025-03-20 00:00:00
2026-01-25 16:37:01.520 | INFO     | order:match_orders:137 - match order...
Empty DataFrame
Columns: []
Index: []
2026-01-25 16:37:01.520 | INFO     | order:match_orders:137 - match order...
Empty DataFrame
Columns: []
Index: []
2026-01-25 16:37:01.520 | INFO     | market_env:step:246 - market open date : 2025-03-21 00:00:00
2026-01-25 16:37:01.520 | INFO     | order:match_orders:137 - match order...
Empty DataFrame
Columns: []
Index: []
2026-01-25 16:37:01.521 | INFO     | order:match_orders:137 - match order...
Empty DataFrame
Columns: []
Index: []
2026-01-25 16:37:03.430 | INFO     | policy.JSG_policy:action_decider:361 - market breath : ['煤炭']
2026-01-25 16:37:03.430 | INFO     | market_env:step:246 - market open date : 2025-03-24 00:00:00
2026-01-25 16:37:03.430 | INFO     | order:match_orders:137 - match order...
Empty DataFrame
Columns: []
Index: []
2026-01-25 16:37:03.431 | INFO     | order:match_orders:137 - match order...
Empty DataFrame
Columns: []
Index: []
2026-01-25 16:37:03.431 | INFO     | market_env:step:246 - market open date : 2025-03-25 00:00:00
2026-01-25 16:37:03.431 | INFO     | order:match_orders:137 - match order...
Empty DataFrame
Columns: []
Index: []
2026-01-25 16:37:03.432 | INFO     | order:match_orders:137 - match order...
Empty DataFrame
Columns: []
Index: []
2026-01-25 16:37:03.432 | INFO     | market_env:step:246 - market open date : 2025-03-26 00:00:00
2026-01-25 16:37:03.432 | INFO     | order:match_orders:137 - match order...
Empty DataFrame
Columns: []
Index: []
2026-01-25 16:37:03.433 | INFO     | order:match_orders:137 - match order...
Empty DataFrame
Columns: []
Index: []
2026-01-25 16:37:03.433 | INFO     | market_env:step:246 - market open date : 2025-03-27 00:00:00
2026-01-25 16:37:03.433 | INFO     | order:match_orders:137 - match order...
Empty DataFrame
Columns: []
Index: []
2026-01-25 16:37:03.433 | INFO     | order:match_orders:137 - match order...
Empty DataFrame
Columns: []
Index: []
2026-01-25 16:37:03.434 | INFO     | market_env:step:246 - market open date : 2025-03-28 00:00:00
2026-01-25 16:37:03.434 | INFO     | order:match_orders:137 - match order...
Empty DataFrame
Columns: []
Index: []
2026-01-25 16:37:03.434 | INFO     | order:match_orders:137 - match order...
Empty DataFrame
Columns: []
Index: []
2026-01-25 16:37:05.320 | INFO     | policy.JSG_policy:action_decider:361 - market breath : ['银行']
2026-01-25 16:37:05.320 | INFO     | market_env:step:246 - market open date : 2025-03-31 00:00:00
2026-01-25 16:37:05.320 | INFO     | order:match_orders:137 - match order...
Empty DataFrame
Columns: []
Index: []
2026-01-25 16:37:05.321 | INFO     | order:match_orders:137 - match order...
Empty DataFrame
Columns: []
Index: []
2026-01-25 16:37:05.321 | INFO     | market_env:step:246 - market open date : 2025-04-01 00:00:00
2026-01-25 16:37:05.322 | INFO     | order:match_orders:137 - match order...
Empty DataFrame
Columns: []
Index: []
2026-01-25 16:37:05.322 | INFO     | order:match_orders:137 - match order...
Empty DataFrame
Columns: []
Index: []
2026-01-25 16:37:05.322 | INFO     | market_env:step:246 - market open date : 2025-04-02 00:00:00
2026-01-25 16:37:05.323 | INFO     | order:match_orders:137 - match order...
Empty DataFrame
Columns: []
Index: []
2026-01-25 16:37:05.323 | INFO     | order:match_orders:137 - match order...
Empty DataFrame
Columns: []
Index: []
2026-01-25 16:37:05.323 | INFO     | market_env:step:246 - market open date : 2025-04-03 00:00:00
2026-01-25 16:37:05.324 | INFO     | order:match_orders:137 - match order...
Empty DataFrame
Columns: []
Index: []
2026-01-25 16:37:05.324 | INFO     | order:match_orders:137 - match order...
Empty DataFrame
Columns: []
Index: []
2026-01-25 16:37:07.304 | INFO     | policy.JSG_policy:action_decider:361 - market breath : ['银行']
2026-01-25 16:37:07.304 | INFO     | market_env:step:246 - market open date : 2025-04-07 00:00:00
2026-01-25 16:37:07.305 | INFO     | order:match_orders:137 - match order...
Empty DataFrame
Columns: []
Index: []
2026-01-25 16:37:07.305 | INFO     | order:match_orders:137 - match order...
Empty DataFrame
Columns: []
Index: []
2026-01-25 16:37:07.305 | INFO     | market_env:step:246 - market open date : 2025-04-08 00:00:00
2026-01-25 16:37:07.306 | INFO     | order:match_orders:137 - match order...
Empty DataFrame
Columns: []
Index: []
2026-01-25 16:37:07.306 | INFO     | order:match_orders:137 - match order...
Empty DataFrame
Columns: []
Index: []
2026-01-25 16:37:07.306 | INFO     | market_env:step:246 - market open date : 2025-04-09 00:00:00
2026-01-25 16:37:07.307 | INFO     | order:match_orders:137 - match order...
Empty DataFrame
Columns: []
Index: []
2026-01-25 16:37:07.307 | INFO     | order:match_orders:137 - match order...
Empty DataFrame
Columns: []
Index: []
2026-01-25 16:37:07.307 | INFO     | market_env:step:246 - market open date : 2025-04-10 00:00:00
2026-01-25 16:37:07.308 | INFO     | order:match_orders:137 - match order...
Empty DataFrame
Columns: []
Index: []
2026-01-25 16:37:07.308 | INFO     | order:match_orders:137 - match order...
Empty DataFrame
Columns: []
Index: []
2026-01-25 16:37:07.308 | INFO     | market_env:step:246 - market open date : 2025-04-11 00:00:00
2026-01-25 16:37:07.309 | INFO     | order:match_orders:137 - match order...
Empty DataFrame
Columns: []
Index: []
2026-01-25 16:37:07.310 | INFO     | order:match_orders:137 - match order...
Empty DataFrame
Columns: []
Index: []
2026-01-25 16:37:09.291 | INFO     | policy.JSG_policy:action_decider:361 - market breath : ['农林牧渔']
2026-01-25 16:37:09.577 | INFO     | order:create_order:75 - create order | datetime : 2025-04-11 00:00:00 | symbol : sz.002188 | name :  | order_id : 27  | order_type : buy | quantity : 49874 | exec_time : open
2026-01-25 16:37:09.577 | INFO     | order:create_order:75 - create order | datetime : 2025-04-11 00:00:00 | symbol : sz.002633 | name :  | order_id : 28  | order_type : buy | quantity : 17883 | exec_time : open
2026-01-25 16:37:09.577 | INFO     | order:create_order:75 - create order | datetime : 2025-04-11 00:00:00 | symbol : sz.002830 | name :  | order_id : 29  | order_type : buy | quantity : 10679 | exec_time : open
2026-01-25 16:37:09.588 | INFO     | order:create_order:75 - create order | datetime : 2025-04-11 00:00:00 | symbol : sz.003003 | name :  | order_id : 30  | order_type : buy | quantity : 29721 | exec_time : open
2026-01-25 16:37:09.589 | INFO     | market_env:step:246 - market open date : 2025-04-14 00:00:00
2026-01-25 16:37:09.605 | INFO     | policy.JSG_policy:buy_policy:81 - price : 5.694516483516483
2026-01-25 16:37:09.605 | INFO     | policy.JSG_policy:buy_policy:99 - num_stakes : 49870 5.694516483516483 : 1123347.8327380707
2026-01-25 16:37:09.605 | INFO     | order:execute_order:157 - complete order | datetime : 2025-04-14 00:00:00 | order_id : 27 | symbol : sz.002188 | order_type : buy | price : 5.694516483516483 | quantity : 49870
2026-01-25 16:37:09.628 | INFO     | policy.JSG_policy:buy_policy:81 - price : 16.009395693348367
2026-01-25 16:37:09.628 | INFO     | policy.JSG_policy:buy_policy:99 - num_stakes : 17880 16.009395693348367 : 839333.8971514005
2026-01-25 16:37:09.628 | INFO     | order:execute_order:157 - complete order | datetime : 2025-04-14 00:00:00 | order_id : 28 | symbol : sz.002633 | order_type : buy | price : 16.009395693348367 | quantity : 17880
2026-01-25 16:37:09.650 | INFO     | policy.JSG_policy:buy_policy:81 - price : 26.943811868078683
2026-01-25 16:37:09.650 | INFO     | policy.JSG_policy:buy_policy:99 - num_stakes : 10670 26.943811868078683 : 553057.2773548319
2026-01-25 16:37:09.650 | INFO     | order:execute_order:157 - complete order | datetime : 2025-04-14 00:00:00 | order_id : 29 | symbol : sz.002830 | order_type : buy | price : 26.943811868078683 | quantity : 10670
2026-01-25 16:37:09.672 | INFO     | policy.JSG_policy:buy_policy:81 - price : 9.54043845758218
2026-01-25 16:37:09.673 | INFO     | policy.JSG_policy:buy_policy:99 - num_stakes : 27830.0 9.54043845758218 : 265538.05567516916
2026-01-25 16:37:09.673 | INFO     | order:execute_order:157 - complete order | datetime : 2025-04-14 00:00:00 | order_id : 30 | symbol : sz.003003 | order_type : buy | price : 9.54043845758218 | quantity : 27830.0
2026-01-25 16:37:09.683 | INFO     | order:match_orders:137 - match order...
                code name  position      close  position_value
sz.002188  sz.002188        49870.0   5.774603   287979.460317
sz.002633  sz.002633        17880.0  16.510530   295208.274183
sz.002830  sz.002830        10670.0  27.416427   292533.278297
sz.003003  sz.003003        27830.0   9.686985   269588.796894
2026-01-25 16:37:09.703 | INFO     | policy.JSG_policy:run_end:393 - end check banned : []
2026-01-25 16:37:09.714 | INFO     | order:match_orders:137 - match order...
                code name  position      close  position_value
sz.002188  sz.002188        49870.0   5.774603   287979.460317
sz.002633  sz.002633        17880.0  16.510530   295208.274183
sz.002830  sz.002830        10670.0  27.416427   292533.278297
sz.003003  sz.003003        27830.0   9.686985   269588.796894
2026-01-25 16:37:09.723 | INFO     | market_env:step:246 - market open date : 2025-04-15 00:00:00
2026-01-25 16:37:09.733 | INFO     | order:match_orders:137 - match order...
                code name  position      close  position_value
sz.002188  sz.002188        49870.0   5.813797   289934.072039
sz.002633  sz.002633        17880.0  16.906539   302288.915445
sz.002830  sz.002830        10670.0  27.306761   291363.145184
sz.003003  sz.003003        27830.0  10.266548   285718.041153
2026-01-25 16:37:09.753 | INFO     | policy.JSG_policy:run_end:393 - end check banned : []
2026-01-25 16:37:09.764 | INFO     | order:match_orders:137 - match order...
                code name  position      close  position_value
sz.002188  sz.002188        49870.0   5.813797   289934.072039
sz.002633  sz.002633        17880.0  16.906539   302288.915445
sz.002830  sz.002830        10670.0  27.306761   291363.145184
sz.003003  sz.003003        27830.0  10.266548   285718.041153
2026-01-25 16:37:09.772 | INFO     | market_env:step:246 - market open date : 2025-04-16 00:00:00
2026-01-25 16:37:09.783 | INFO     | order:match_orders:137 - match order...
                code name  position      close  position_value
sz.002188  sz.002188        49870.0   5.774603   287979.460317
sz.002633  sz.002633        17880.0  16.236370   290306.291770
sz.002830  sz.002830        10670.0  26.692634   284810.399750
sz.003003  sz.003003        27830.0   9.676636   269300.774675
2026-01-25 16:37:09.804 | INFO     | policy.JSG_policy:run_end:393 - end check banned : []
2026-01-25 16:37:09.815 | INFO     | order:match_orders:137 - match order...
                code name  position      close  position_value
sz.002188  sz.002188        49870.0   5.774603   287979.460317
sz.002633  sz.002633        17880.0  16.236370   290306.291770
sz.002830  sz.002830        10670.0  26.692634   284810.399750
sz.003003  sz.003003        27830.0   9.676636   269300.774675
2026-01-25 16:37:09.824 | INFO     | market_env:step:246 - market open date : 2025-04-17 00:00:00
2026-01-25 16:37:09.834 | INFO     | order:match_orders:137 - match order...
                code name  position      close  position_value
sz.002188  sz.002188        49870.0   6.349451   316647.098901
sz.002633  sz.002633        17880.0  16.342988   292212.618264
sz.002830  sz.002830        10670.0  27.153230   289724.958825
sz.003003  sz.003003        27830.0   9.976767   277653.419024
2026-01-25 16:37:09.854 | INFO     | policy.JSG_policy:run_end:393 - end check banned : []
2026-01-25 16:37:09.865 | INFO     | order:match_orders:137 - match order...
                code name  position      close  position_value
sz.002188  sz.002188        49870.0   6.349451   316647.098901
sz.002633  sz.002633        17880.0  16.342988   292212.618264
sz.002830  sz.002830        10670.0  27.153230   289724.958825
sz.003003  sz.003003        27830.0   9.976767   277653.419024
2026-01-25 16:37:09.873 | INFO     | market_env:step:246 - market open date : 2025-04-18 00:00:00
2026-01-25 16:37:09.884 | INFO     | order:match_orders:137 - match order...
                code name  position      close  position_value
sz.002188  sz.002188        49870.0   6.244933   311434.800977
sz.002633  sz.002633        17880.0  16.556223   296025.271251
sz.002830  sz.002830        10670.0  26.780366   285746.506241
sz.003003  sz.003003        27830.0  10.970304   305303.552038
2026-01-25 16:37:09.903 | INFO     | policy.JSG_policy:run_end:393 - end check banned : ['sz.002188']
2026-01-25 16:37:09.903 | INFO     | order:create_order:75 - create order | datetime : 2025-04-18 00:00:00 | symbol : sz.002188 | name :  | order_id : 31  | order_type : sell | quantity : 99999999 | exec_time : close
2026-01-25 16:37:09.918 | INFO     | order:execute_order:157 - complete order | datetime : 2025-04-18 00:00:00 | order_id : 31 | symbol : sz.002188 | order_type : sell | price : 6.232442979242979 | quantity : 49870
2026-01-25 16:37:09.928 | INFO     | order:match_orders:137 - match order...
                code name  position      close  position_value
sz.002633  sz.002633        17880.0  16.556223   296025.271251
sz.002830  sz.002830        10670.0  26.780366   285746.506241
sz.003003  sz.003003        27830.0  10.970304   305303.552038
2026-01-25 16:37:11.866 | INFO     | policy.JSG_policy:action_decider:361 - market breath : ['银行']
2026-01-25 16:37:11.891 | INFO     | order:create_order:75 - create order | datetime : 2025-04-18 00:00:00 | symbol : sz.002633 | name :  | order_id : 32  | order_type : sell | quantity : 17880.0 | exec_time : open
2026-01-25 16:37:11.891 | INFO     | order:create_order:75 - create order | datetime : 2025-04-18 00:00:00 | symbol : sz.002830 | name :  | order_id : 33  | order_type : sell | quantity : 10670.0 | exec_time : open
2026-01-25 16:37:11.891 | INFO     | order:create_order:75 - create order | datetime : 2025-04-18 00:00:00 | symbol : sz.003003 | name :  | order_id : 34  | order_type : sell | quantity : 27830.0 | exec_time : open
2026-01-25 16:37:11.891 | INFO     | market_env:step:246 - market open date : 2025-04-21 00:00:00
2026-01-25 16:37:11.906 | INFO     | order:execute_order:157 - complete order | datetime : 2025-04-21 00:00:00 | order_id : 32 | symbol : sz.002633 | order_type : sell | price : 16.59911404735062 | quantity : 17880
2026-01-25 16:37:11.922 | INFO     | order:execute_order:157 - complete order | datetime : 2025-04-21 00:00:00 | order_id : 33 | symbol : sz.002830 | order_type : sell | price : 26.74869463893304 | quantity : 10670
2026-01-25 16:37:11.930 | ERROR    | policy.JSG_policy:check_up_down_limit:133 - sz.003003 涨停 2025-04-21 00:00:00
2026-01-25 16:37:11.939 | INFO     | order:match_orders:137 - match order...
                code name  position      close  position_value
sz.003003  sz.003003        27830.0  12.067334   335833.907242
2026-01-25 16:37:11.956 | INFO     | policy.JSG_policy:run_end:393 - end check banned : ['sz.003003']
2026-01-25 16:37:11.956 | INFO     | order:create_order:75 - create order | datetime : 2025-04-21 00:00:00 | symbol : sz.003003 | name :  | order_id : 35  | order_type : sell | quantity : 99999999 | exec_time : close
2026-01-25 16:37:11.963 | ERROR    | policy.JSG_policy:check_up_down_limit:133 - sz.003003 涨停 2025-04-21 00:00:00
2026-01-25 16:37:11.971 | ERROR    | policy.JSG_policy:check_up_down_limit:133 - sz.003003 涨停 2025-04-21 00:00:00
2026-01-25 16:37:11.981 | INFO     | order:match_orders:137 - match order...
                code name  position      close  position_value
sz.003003  sz.003003        27830.0  12.067334   335833.907242
2026-01-25 16:37:11.989 | INFO     | market_env:step:246 - market open date : 2025-04-22 00:00:00
2026-01-25 16:37:11.999 | INFO     | order:match_orders:137 - match order...
                code name  position      close  position_value
sz.003003  sz.003003        27830.0  13.278207   369532.506854
2026-01-25 16:37:12.016 | INFO     | policy.JSG_policy:run_end:393 - end check banned : ['sz.003003']
2026-01-25 16:37:12.016 | INFO     | order:create_order:75 - create order | datetime : 2025-04-22 00:00:00 | symbol : sz.003003 | name :  | order_id : 36  | order_type : sell | quantity : 99999999 | exec_time : close
2026-01-25 16:37:12.024 | ERROR    | policy.JSG_policy:check_up_down_limit:133 - sz.003003 涨停 2025-04-22 00:00:00
2026-01-25 16:37:12.033 | INFO     | order:match_orders:137 - match order...
                code name  position      close  position_value
sz.003003  sz.003003        27830.0  13.278207   369532.506854
2026-01-25 16:37:12.041 | INFO     | market_env:step:246 - market open date : 2025-04-23 00:00:00
2026-01-25 16:37:12.050 | INFO     | order:match_orders:137 - match order...
                code name  position      close  position_value
sz.003003  sz.003003        27830.0  14.602923   406399.350874
2026-01-25 16:37:12.067 | INFO     | policy.JSG_policy:run_end:393 - end check banned : ['sz.003003']
2026-01-25 16:37:12.067 | INFO     | order:create_order:75 - create order | datetime : 2025-04-23 00:00:00 | symbol : sz.003003 | name :  | order_id : 37  | order_type : sell | quantity : 99999999 | exec_time : close
2026-01-25 16:37:12.074 | ERROR    | policy.JSG_policy:check_up_down_limit:133 - sz.003003 涨停 2025-04-23 00:00:00
2026-01-25 16:37:12.083 | INFO     | order:match_orders:137 - match order...
                code name  position      close  position_value
sz.003003  sz.003003        27830.0  14.602923   406399.350874
2026-01-25 16:37:12.091 | INFO     | market_env:step:246 - market open date : 2025-04-24 00:00:00
2026-01-25 16:37:12.102 | INFO     | order:match_orders:137 - match order...
                code name  position      close  position_value
sz.003003  sz.003003        27830.0  16.062181   447010.483739
2026-01-25 16:37:12.119 | INFO     | policy.JSG_policy:run_end:393 - end check banned : ['sz.003003']
2026-01-25 16:37:12.119 | INFO     | order:create_order:75 - create order | datetime : 2025-04-24 00:00:00 | symbol : sz.003003 | name :  | order_id : 38  | order_type : sell | quantity : 99999999 | exec_time : close
2026-01-25 16:37:12.127 | ERROR    | policy.JSG_policy:check_up_down_limit:133 - sz.003003 涨停 2025-04-24 00:00:00
2026-01-25 16:37:12.137 | INFO     | order:match_orders:137 - match order...
                code name  position      close  position_value
sz.003003  sz.003003        27830.0  16.062181   447010.483739
2026-01-25 16:37:12.146 | INFO     | market_env:step:246 - market open date : 2025-04-25 00:00:00
2026-01-25 16:37:12.156 | INFO     | order:match_orders:137 - match order...
                code name  position      close  position_value
sz.003003  sz.003003        27830.0  17.666329   491653.927669
2026-01-25 16:37:12.175 | INFO     | policy.JSG_policy:run_end:393 - end check banned : ['sz.003003']
2026-01-25 16:37:12.175 | INFO     | order:create_order:75 - create order | datetime : 2025-04-25 00:00:00 | symbol : sz.003003 | name :  | order_id : 39  | order_type : sell | quantity : 99999999 | exec_time : close
2026-01-25 16:37:12.183 | ERROR    | policy.JSG_policy:check_up_down_limit:133 - sz.003003 涨停 2025-04-25 00:00:00
2026-01-25 16:37:12.192 | INFO     | order:match_orders:137 - match order...
                code name  position      close  position_value
sz.003003  sz.003003        27830.0  17.666329   491653.927669
2026-01-25 16:37:14.149 | INFO     | policy.JSG_policy:action_decider:361 - market breath : ['银行']
2026-01-25 16:37:14.170 | INFO     | order:create_order:75 - create order | datetime : 2025-04-25 00:00:00 | symbol : sz.003003 | name :  | order_id : 40  | order_type : sell | quantity : 27830.0 | exec_time : open
2026-01-25 16:37:14.170 | INFO     | market_env:step:246 - market open date : 2025-04-28 00:00:00
2026-01-25 16:37:14.184 | INFO     | order:execute_order:157 - complete order | datetime : 2025-04-28 00:00:00 | order_id : 40 | symbol : sz.003003 | order_type : sell | price : 16.53615973124175 | quantity : 27830.0
2026-01-25 16:37:14.185 | INFO     | order:match_orders:137 - match order...
Empty DataFrame
Columns: []
Index: []
2026-01-25 16:37:14.185 | INFO     | order:match_orders:137 - match order...
Empty DataFrame
Columns: []
Index: []
2026-01-25 16:37:14.185 | INFO     | market_env:step:246 - market open date : 2025-04-29 00:00:00
2026-01-25 16:37:14.186 | INFO     | order:match_orders:137 - match order...
Empty DataFrame
Columns: []
Index: []
2026-01-25 16:37:14.186 | INFO     | order:match_orders:137 - match order...
Empty DataFrame
Columns: []
Index: []
2026-01-25 16:37:14.186 | INFO     | market_env:step:246 - market open date : 2025-04-30 00:00:00
2026-01-25 16:37:14.187 | INFO     | order:match_orders:137 - match order...
Empty DataFrame
Columns: []
Index: []
2026-01-25 16:37:14.187 | INFO     | order:match_orders:137 - match order...
Empty DataFrame
Columns: []
Index: []
2026-01-25 16:37:16.104 | INFO     | policy.JSG_policy:action_decider:361 - market breath : ['汽车']
2026-01-25 16:37:16.422 | INFO     | order:create_order:75 - create order | datetime : 2025-04-30 00:00:00 | symbol : sz.002591 | name :  | order_id : 41  | order_type : buy | quantity : 18586 | exec_time : open
2026-01-25 16:37:16.422 | INFO     | order:create_order:75 - create order | datetime : 2025-04-30 00:00:00 | symbol : sz.002188 | name :  | order_id : 42  | order_type : buy | quantity : 53579 | exec_time : open
2026-01-25 16:37:16.433 | INFO     | order:create_order:75 - create order | datetime : 2025-04-30 00:00:00 | symbol : sz.002883 | name :  | order_id : 43  | order_type : buy | quantity : 10862 | exec_time : open
2026-01-25 16:37:16.443 | INFO     | order:create_order:75 - create order | datetime : 2025-04-30 00:00:00 | symbol : sz.002828 | name :  | order_id : 44  | order_type : buy | quantity : 23121 | exec_time : open
2026-01-25 16:37:16.444 | INFO     | market_env:step:246 - market open date : 2025-05-06 00:00:00
2026-01-25 16:37:16.459 | INFO     | policy.JSG_policy:buy_policy:81 - price : 18.643337833985075
2026-01-25 16:37:16.459 | INFO     | policy.JSG_policy:buy_policy:99 - num_stakes : 18580 18.643337833985075 : 1352403.161627184
2026-01-25 16:37:16.459 | INFO     | order:execute_order:157 - complete order | datetime : 2025-05-06 00:00:00 | order_id : 41 | symbol : sz.002591 | order_type : buy | price : 18.643337833985075 | quantity : 18580
2026-01-25 16:37:16.482 | INFO     | policy.JSG_policy:buy_policy:81 - price : 6.322876923076923
2026-01-25 16:37:16.482 | INFO     | policy.JSG_policy:buy_policy:99 - num_stakes : 53570 6.322876923076923 : 1005975.3053500457
2026-01-25 16:37:16.482 | INFO     | order:execute_order:157 - complete order | datetime : 2025-05-06 00:00:00 | order_id : 42 | symbol : sz.002188 | order_type : buy | price : 6.322876923076923 | quantity : 53570
2026-01-25 16:37:16.507 | INFO     | policy.JSG_policy:buy_policy:81 - price : 31.429319482015792
2026-01-25 16:37:16.507 | INFO     | policy.JSG_policy:buy_policy:99 - num_stakes : 10860 31.429319482015792 : 667224.9169291379
2026-01-25 16:37:16.507 | INFO     | order:execute_order:157 - complete order | datetime : 2025-05-06 00:00:00 | order_id : 43 | symbol : sz.002883 | order_type : buy | price : 31.429319482015792 | quantity : 10860
2026-01-25 16:37:16.515 | ERROR    | policy.JSG_policy:check_up_down_limit:122 - sz.002828 停牌 2025-05-06 00:00:00
2026-01-25 16:37:16.526 | INFO     | order:match_orders:137 - match order...
                code name  position      close  position_value
sz.002591  sz.002591          18580  19.264443   357933.348623
sz.002188  sz.002188          53570   6.532357   349938.339438
sz.002883  sz.002883          10860  31.971535   347210.869409
2026-01-25 16:37:16.546 | INFO     | policy.JSG_policy:run_end:393 - end check banned : []
2026-01-25 16:37:16.554 | ERROR    | policy.JSG_policy:check_up_down_limit:122 - sz.002828 停牌 2025-05-06 00:00:00
2026-01-25 16:37:16.564 | INFO     | order:match_orders:137 - match order...
                code name  position      close  position_value
sz.002591  sz.002591          18580  19.264443   357933.348623
sz.002188  sz.002188          53570   6.532357   349938.339438
sz.002883  sz.002883          10860  31.971535   347210.869409
2026-01-25 16:37:16.573 | INFO     | market_env:step:246 - market open date : 2025-05-07 00:00:00
2026-01-25 16:37:16.583 | INFO     | order:match_orders:137 - match order...
                code name  position      close  position_value
sz.002591  sz.002591          18580  18.952608   352139.463484
sz.002188  sz.002188          53570   6.663004   356937.106227
sz.002883  sz.002883          10860  32.364752   351481.201767
2026-01-25 16:37:16.603 | INFO     | policy.JSG_policy:run_end:393 - end check banned : []
2026-01-25 16:37:16.614 | INFO     | order:match_orders:137 - match order...
                code name  position      close  position_value
sz.002591  sz.002591          18580  18.952608   352139.463484
sz.002188  sz.002188          53570   6.663004   356937.106227
sz.002883  sz.002883          10860  32.364752   351481.201767
2026-01-25 16:37:16.622 | INFO     | market_env:step:246 - market open date : 2025-05-08 00:00:00
2026-01-25 16:37:16.633 | INFO     | order:match_orders:137 - match order...
                code name  position      close  position_value
sz.002591  sz.002591          18580  19.125850   355358.288561
sz.002188  sz.002188          53570   6.676068   357636.982906
sz.002883  sz.002883          10860  32.606731   354109.098603
2026-01-25 16:37:16.653 | INFO     | policy.JSG_policy:run_end:393 - end check banned : []
2026-01-25 16:37:16.664 | INFO     | order:match_orders:137 - match order...
                code name  position      close  position_value
sz.002591  sz.002591          18580  19.125850   355358.288561
sz.002188  sz.002188          53570   6.676068   357636.982906
sz.002883  sz.002883          10860  32.606731   354109.098603
2026-01-25 16:37:16.673 | INFO     | market_env:step:246 - market open date : 2025-05-09 00:00:00
2026-01-25 16:37:16.683 | INFO     | order:match_orders:137 - match order...
                code name  position      close  position_value
sz.002591  sz.002591          18580  19.333739   359220.878654
sz.002188  sz.002188          53570   6.649939   356237.229548
sz.002883  sz.002883          10860  32.636978   354437.585707
2026-01-25 16:37:16.702 | INFO     | policy.JSG_policy:run_end:393 - end check banned : []
2026-01-25 16:37:16.713 | INFO     | order:match_orders:137 - match order...
                code name  position      close  position_value
sz.002591  sz.002591          18580  19.333739   359220.878654
sz.002188  sz.002188          53570   6.649939   356237.229548
sz.002883  sz.002883          10860  32.636978   354437.585707
2026-01-25 16:37:18.669 | INFO     | policy.JSG_policy:action_decider:361 - market breath : ['家用电器']
2026-01-25 16:37:18.982 | INFO     | order:create_order:75 - create order | datetime : 2025-05-09 00:00:00 | symbol : sz.002828 | name :  | order_id : 45  | order_type : buy | quantity : 22625 | exec_time : open
2026-01-25 16:37:18.982 | INFO     | market_env:step:246 - market open date : 2025-05-12 00:00:00
2026-01-25 16:37:19.004 | INFO     | policy.JSG_policy:buy_policy:81 - price : 15.453491876826893
2026-01-25 16:37:19.004 | INFO     | policy.JSG_policy:buy_policy:99 - num_stakes : 21080.0 15.453491876826893 : 325868.37511348893
2026-01-25 16:37:19.004 | INFO     | order:execute_order:157 - complete order | datetime : 2025-05-12 00:00:00 | order_id : 45 | symbol : sz.002828 | order_type : buy | price : 15.453491876826893 | quantity : 21080.0
2026-01-25 16:37:19.015 | INFO     | order:match_orders:137 - match order...
                code name  position      close  position_value
sz.002591  sz.002591        18580.0  19.403036   360508.408686
sz.002188  sz.002188        53570.0   6.689133   358336.859585
sz.002883  sz.002883        10860.0  33.635144   365277.660154
sz.002828  sz.002828        21080.0  15.653631   329978.539834
2026-01-25 16:37:19.034 | INFO     | policy.JSG_policy:run_end:393 - end check banned : []
2026-01-25 16:37:19.045 | INFO     | order:match_orders:137 - match order...
                code name  position      close  position_value
sz.002591  sz.002591        18580.0  19.403036   360508.408686
sz.002188  sz.002188        53570.0   6.689133   358336.859585
sz.002883  sz.002883        10860.0  33.635144   365277.660154
sz.002828  sz.002828        21080.0  15.653631   329978.539834
2026-01-25 16:37:19.054 | INFO     | market_env:step:246 - market open date : 2025-05-13 00:00:00
2026-01-25 16:37:19.064 | INFO     | order:match_orders:137 - match order...
                code name  position      close  position_value
sz.002591  sz.002591        18580.0  19.506981   362439.703732
sz.002188  sz.002188        53570.0   6.689133   358336.859585
sz.002883  sz.002883        10860.0  33.665391   365606.147259
sz.002828  sz.002828        21080.0  15.831311   333724.039718
2026-01-25 16:37:19.085 | INFO     | policy.JSG_policy:run_end:393 - end check banned : []
2026-01-25 16:37:19.096 | INFO     | order:match_orders:137 - match order...
                code name  position      close  position_value
sz.002591  sz.002591        18580.0  19.506981   362439.703732
sz.002188  sz.002188        53570.0   6.689133   358336.859585
sz.002883  sz.002883        10860.0  33.665391   365606.147259
sz.002828  sz.002828        21080.0  15.831311   333724.039718
2026-01-25 16:37:19.105 | INFO     | market_env:step:246 - market open date : 2025-05-14 00:00:00
2026-01-25 16:37:19.116 | INFO     | order:match_orders:137 - match order...
                code name  position      close  position_value
sz.002591  sz.002591        18580.0  19.333739   359220.878654
sz.002188  sz.002188        53570.0   6.636874   355537.352869
sz.002883  sz.002883        10860.0  33.574649   364620.685945
sz.002828  sz.002828        21080.0  15.902383   335222.239672
2026-01-25 16:37:19.135 | INFO     | policy.JSG_policy:run_end:393 - end check banned : []
2026-01-25 16:37:19.146 | INFO     | order:match_orders:137 - match order...
                code name  position      close  position_value
sz.002591  sz.002591        18580.0  19.333739   359220.878654
sz.002188  sz.002188        53570.0   6.636874   355537.352869
sz.002883  sz.002883        10860.0  33.574649   364620.685945
sz.002828  sz.002828        21080.0  15.902383   335222.239672
2026-01-25 16:37:19.155 | INFO     | market_env:step:246 - market open date : 2025-05-15 00:00:00
2026-01-25 16:37:19.166 | INFO     | order:match_orders:137 - match order...
                code name  position      close  position_value
sz.002591  sz.002591        18580.0  19.403036   360508.408686
sz.002188  sz.002188        53570.0   6.676068   357636.982906
sz.002883  sz.002883        10860.0  33.302422   361664.302005
sz.002828  sz.002828        21080.0  15.991223   337094.989614
2026-01-25 16:37:19.187 | INFO     | policy.JSG_policy:run_end:393 - end check banned : []
2026-01-25 16:37:19.198 | INFO     | order:match_orders:137 - match order...
                code name  position      close  position_value
sz.002591  sz.002591        18580.0  19.403036   360508.408686
sz.002188  sz.002188        53570.0   6.676068   357636.982906
sz.002883  sz.002883        10860.0  33.302422   361664.302005
sz.002828  sz.002828        21080.0  15.991223   337094.989614
2026-01-25 16:37:19.207 | INFO     | market_env:step:246 - market open date : 2025-05-16 00:00:00
2026-01-25 16:37:19.218 | INFO     | order:match_orders:137 - match order...
                code name  position      close  position_value
sz.002591  sz.002591        18580.0  19.541629   363083.468748
sz.002188  sz.002188        53570.0   6.676068   357636.982906
sz.002883  sz.002883        10860.0  32.788216   356080.021229
sz.002828  sz.002828        21080.0  15.706935   331102.189799
2026-01-25 16:37:19.239 | INFO     | policy.JSG_policy:run_end:393 - end check banned : []
2026-01-25 16:37:19.250 | INFO     | order:match_orders:137 - match order...
                code name  position      close  position_value
sz.002591  sz.002591        18580.0  19.541629   363083.468748
sz.002188  sz.002188        53570.0   6.676068   357636.982906
sz.002883  sz.002883        10860.0  32.788216   356080.021229
sz.002828  sz.002828        21080.0  15.706935   331102.189799
2026-01-25 16:37:21.189 | INFO     | policy.JSG_policy:action_decider:361 - market breath : ['银行']
2026-01-25 16:37:21.215 | INFO     | order:create_order:75 - create order | datetime : 2025-05-16 00:00:00 | symbol : sz.002591 | name :  | order_id : 46  | order_type : sell | quantity : 18580.0 | exec_time : open
2026-01-25 16:37:21.215 | INFO     | order:create_order:75 - create order | datetime : 2025-05-16 00:00:00 | symbol : sz.002188 | name :  | order_id : 47  | order_type : sell | quantity : 53570.0 | exec_time : open
2026-01-25 16:37:21.215 | INFO     | order:create_order:75 - create order | datetime : 2025-05-16 00:00:00 | symbol : sz.002883 | name :  | order_id : 48  | order_type : sell | quantity : 10860.0 | exec_time : open
2026-01-25 16:37:21.215 | INFO     | order:create_order:75 - create order | datetime : 2025-05-16 00:00:00 | symbol : sz.002828 | name :  | order_id : 49  | order_type : sell | quantity : 21080.0 | exec_time : open
2026-01-25 16:37:21.215 | INFO     | market_env:step:246 - market open date : 2025-05-19 00:00:00
2026-01-25 16:37:21.230 | INFO     | order:execute_order:157 - complete order | datetime : 2025-05-19 00:00:00 | order_id : 46 | symbol : sz.002591 | order_type : sell | price : 19.329650935557677 | quantity : 18580
2026-01-25 16:37:21.245 | INFO     | order:execute_order:157 - complete order | datetime : 2025-05-19 00:00:00 | order_id : 47 | symbol : sz.002188 | order_type : sell | price : 6.610561904761905 | quantity : 53570
2026-01-25 16:37:21.259 | INFO     | order:execute_order:157 - complete order | datetime : 2025-05-19 00:00:00 | order_id : 48 | symbol : sz.002883 | order_type : sell | price : 32.601891405709225 | quantity : 10860
2026-01-25 16:37:21.274 | INFO     | order:execute_order:157 - complete order | datetime : 2025-05-19 00:00:00 | order_id : 49 | symbol : sz.002828 | order_type : sell | price : 15.65778863998233 | quantity : 21080.0
2026-01-25 16:37:21.274 | INFO     | order:match_orders:137 - match order...
Empty DataFrame
Columns: []
Index: []
2026-01-25 16:37:21.275 | INFO     | order:match_orders:137 - match order...
Empty DataFrame
Columns: []
Index: []
2026-01-25 16:37:21.275 | INFO     | market_env:step:246 - market open date : 2025-05-20 00:00:00
2026-01-25 16:37:21.275 | INFO     | order:match_orders:137 - match order...
Empty DataFrame
Columns: []
Index: []
2026-01-25 16:37:21.276 | INFO     | order:match_orders:137 - match order...
Empty DataFrame
Columns: []
Index: []
2026-01-25 16:37:21.276 | INFO     | market_env:step:246 - market open date : 2025-05-21 00:00:00
2026-01-25 16:37:21.276 | INFO     | order:match_orders:137 - match order...
Empty DataFrame
Columns: []
Index: []
2026-01-25 16:37:21.277 | INFO     | order:match_orders:137 - match order...
Empty DataFrame
Columns: []
Index: []
2026-01-25 16:37:21.277 | INFO     | market_env:step:246 - market open date : 2025-05-22 00:00:00
2026-01-25 16:37:21.277 | INFO     | order:match_orders:137 - match order...
Empty DataFrame
Columns: []
Index: []
2026-01-25 16:37:21.278 | INFO     | order:match_orders:137 - match order...
Empty DataFrame
Columns: []
Index: []
2026-01-25 16:37:21.278 | INFO     | market_env:step:246 - market open date : 2025-05-23 00:00:00
2026-01-25 16:37:21.278 | INFO     | order:match_orders:137 - match order...
Empty DataFrame
Columns: []
Index: []
2026-01-25 16:37:21.279 | INFO     | order:match_orders:137 - match order...
Empty DataFrame
Columns: []
Index: []
2026-01-25 16:37:23.194 | INFO     | policy.JSG_policy:action_decider:361 - market breath : ['银行']
2026-01-25 16:37:23.194 | INFO     | market_env:step:246 - market open date : 2025-05-26 00:00:00
2026-01-25 16:37:23.194 | INFO     | order:match_orders:137 - match order...
Empty DataFrame
Columns: []
Index: []
2026-01-25 16:37:23.195 | INFO     | order:match_orders:137 - match order...
Empty DataFrame
Columns: []
Index: []
2026-01-25 16:37:23.195 | INFO     | market_env:step:246 - market open date : 2025-05-27 00:00:00
2026-01-25 16:37:23.196 | INFO     | order:match_orders:137 - match order...
Empty DataFrame
Columns: []
Index: []
2026-01-25 16:37:23.196 | INFO     | order:match_orders:137 - match order...
Empty DataFrame
Columns: []
Index: []
2026-01-25 16:37:23.197 | INFO     | market_env:step:246 - market open date : 2025-05-28 00:00:00
2026-01-25 16:37:23.197 | INFO     | order:match_orders:137 - match order...
Empty DataFrame
Columns: []
Index: []
2026-01-25 16:37:23.197 | INFO     | order:match_orders:137 - match order...
Empty DataFrame
Columns: []
Index: []
2026-01-25 16:37:23.198 | INFO     | market_env:step:246 - market open date : 2025-05-29 00:00:00
2026-01-25 16:37:23.198 | INFO     | order:match_orders:137 - match order...
Empty DataFrame
Columns: []
Index: []
2026-01-25 16:37:23.198 | INFO     | order:match_orders:137 - match order...
Empty DataFrame
Columns: []
Index: []
2026-01-25 16:37:23.199 | INFO     | market_env:step:246 - market open date : 2025-05-30 00:00:00
2026-01-25 16:37:23.199 | INFO     | order:match_orders:137 - match order...
Empty DataFrame
Columns: []
Index: []
2026-01-25 16:37:23.199 | INFO     | order:match_orders:137 - match order...
Empty DataFrame
Columns: []
Index: []
2026-01-25 16:37:25.112 | INFO     | policy.JSG_policy:action_decider:361 - market breath : ['医药生物']
2026-01-25 16:37:25.413 | INFO     | order:create_order:75 - create order | datetime : 2025-05-30 00:00:00 | symbol : sz.002591 | name :  | order_id : 50  | order_type : buy | quantity : 18091 | exec_time : open
2026-01-25 16:37:25.413 | INFO     | order:create_order:75 - create order | datetime : 2025-05-30 00:00:00 | symbol : sz.002188 | name :  | order_id : 51  | order_type : buy | quantity : 51793 | exec_time : open
2026-01-25 16:37:25.413 | INFO     | order:create_order:75 - create order | datetime : 2025-05-30 00:00:00 | symbol : sz.002883 | name :  | order_id : 52  | order_type : buy | quantity : 10600 | exec_time : open
2026-01-25 16:37:25.424 | INFO     | order:create_order:75 - create order | datetime : 2025-05-30 00:00:00 | symbol : sz.002494 | name :  | order_id : 53  | order_type : buy | quantity : 27441 | exec_time : open
2026-01-25 16:37:25.424 | INFO     | market_env:step:246 - market open date : 2025-06-03 00:00:00
2026-01-25 16:37:25.438 | INFO     | policy.JSG_policy:buy_policy:81 - price : 19.1641014606327
2026-01-25 16:37:25.438 | INFO     | policy.JSG_policy:buy_policy:99 - num_stakes : 18090 19.1641014606327 : 1396633.1939421978
2026-01-25 16:37:25.438 | INFO     | order:execute_order:157 - complete order | datetime : 2025-06-03 00:00:00 | order_id : 50 | symbol : sz.002591 | order_type : buy | price : 19.1641014606327 | quantity : 18090
2026-01-25 16:37:25.460 | INFO     | policy.JSG_policy:buy_policy:81 - price : 6.715602197802198
2026-01-25 16:37:25.460 | INFO     | policy.JSG_policy:buy_policy:99 - num_stakes : 51790 6.715602197802198 : 1049919.93065981
2026-01-25 16:37:25.460 | INFO     | order:execute_order:157 - complete order | datetime : 2025-06-03 00:00:00 | order_id : 51 | symbol : sz.002188 | order_type : buy | price : 6.715602197802198 | quantity : 51790
2026-01-25 16:37:25.482 | INFO     | policy.JSG_policy:buy_policy:81 - price : 32.58102067807809
2026-01-25 16:37:25.482 | INFO     | policy.JSG_policy:buy_policy:99 - num_stakes : 10600 32.58102067807809 : 702084.1127318519
2026-01-25 16:37:25.482 | INFO     | order:execute_order:157 - complete order | datetime : 2025-06-03 00:00:00 | order_id : 52 | symbol : sz.002883 | order_type : buy | price : 32.58102067807809 | quantity : 10600
2026-01-25 16:37:25.504 | INFO     | policy.JSG_policy:buy_policy:81 - price : 12.6408809183305
2026-01-25 16:37:25.504 | INFO     | policy.JSG_policy:buy_policy:99 - num_stakes : 27440 12.6408809183305 : 356690.7576623054
2026-01-25 16:37:25.504 | INFO     | order:execute_order:157 - complete order | datetime : 2025-06-03 00:00:00 | order_id : 53 | symbol : sz.002494 | order_type : buy | price : 12.6408809183305 | quantity : 27440
2026-01-25 16:37:25.515 | INFO     | order:match_orders:137 - match order...
                code name  position      close  position_value
sz.002591  sz.002591          18090  19.576277   354134.857846
sz.002188  sz.002188          51790   6.845910   354549.660562
sz.002883  sz.002883          10600  32.878958   348516.953495
sz.002494  sz.002494          27440  13.020863   357292.486326
2026-01-25 16:37:25.536 | INFO     | policy.JSG_policy:run_end:393 - end check banned : []
2026-01-25 16:37:25.547 | INFO     | order:match_orders:137 - match order...
                code name  position      close  position_value
sz.002591  sz.002591          18090  19.576277   354134.857846
sz.002188  sz.002188          51790   6.845910   354549.660562
sz.002883  sz.002883          10600  32.878958   348516.953495
sz.002494  sz.002494          27440  13.020863   357292.486326
2026-01-25 16:37:25.555 | INFO     | market_env:step:246 - market open date : 2025-06-04 00:00:00
2026-01-25 16:37:25.566 | INFO     | order:match_orders:137 - match order...
                code name  position      close  position_value
sz.002591  sz.002591          18090  19.818815   358522.369359
sz.002188  sz.002188          51790   6.911233   357932.768010
sz.002883  sz.002883          10600  33.544401   355570.654486
sz.002494  sz.002494          27440  13.155934   360998.839918
2026-01-25 16:37:25.585 | INFO     | policy.JSG_policy:run_end:393 - end check banned : []
2026-01-25 16:37:25.596 | INFO     | order:match_orders:137 - match order...
                code name  position      close  position_value
sz.002591  sz.002591          18090  19.818815   358522.369359
sz.002188  sz.002188          51790   6.911233   357932.768010
sz.002883  sz.002883          10600  33.544401   355570.654486
sz.002494  sz.002494          27440  13.155934   360998.839918
2026-01-25 16:37:25.605 | INFO     | market_env:step:246 - market open date : 2025-06-05 00:00:00
2026-01-25 16:37:25.616 | INFO     | order:match_orders:137 - match order...
                code name  position      close  position_value
sz.002591  sz.002591          18090  19.610926   354761.645205
sz.002188  sz.002188          51790   6.898168   357256.146520
sz.002883  sz.002883          10600  33.423412   354288.163396
sz.002494  sz.002494          27440  12.939820   355068.674170
2026-01-25 16:37:25.636 | INFO     | policy.JSG_policy:run_end:393 - end check banned : []
2026-01-25 16:37:25.646 | INFO     | order:match_orders:137 - match order...
                code name  position      close  position_value
sz.002591  sz.002591          18090  19.610926   354761.645205
sz.002188  sz.002188          51790   6.898168   357256.146520
sz.002883  sz.002883          10600  33.423412   354288.163396
sz.002494  sz.002494          27440  12.939820   355068.674170
2026-01-25 16:37:25.655 | INFO     | market_env:step:246 - market open date : 2025-06-06 00:00:00
2026-01-25 16:37:25.665 | INFO     | order:match_orders:137 - match order...
                code name  position      close  position_value
sz.002591  sz.002591          18090  19.992057   361656.306154
sz.002188  sz.002188          51790   6.963492   360639.253968
sz.002883  sz.002883          10600  33.846876   358776.882209
sz.002494  sz.002494          27440  13.128920   360257.569200
2026-01-25 16:37:25.685 | INFO     | policy.JSG_policy:run_end:393 - end check banned : []
2026-01-25 16:37:25.695 | INFO     | order:match_orders:137 - match order...
                code name  position      close  position_value
sz.002591  sz.002591          18090  19.992057   361656.306154
sz.002188  sz.002188          51790   6.963492   360639.253968
sz.002883  sz.002883          10600  33.846876   358776.882209
sz.002494  sz.002494          27440  13.128920   360257.569200
2026-01-25 16:37:27.623 | INFO     | policy.JSG_policy:action_decider:361 - market breath : ['银行']
2026-01-25 16:37:27.649 | INFO     | order:create_order:75 - create order | datetime : 2025-06-06 00:00:00 | symbol : sz.002591 | name :  | order_id : 54  | order_type : sell | quantity : 18090 | exec_time : open
2026-01-25 16:37:27.649 | INFO     | order:create_order:75 - create order | datetime : 2025-06-06 00:00:00 | symbol : sz.002188 | name :  | order_id : 55  | order_type : sell | quantity : 51790 | exec_time : open
2026-01-25 16:37:27.649 | INFO     | order:create_order:75 - create order | datetime : 2025-06-06 00:00:00 | symbol : sz.002883 | name :  | order_id : 56  | order_type : sell | quantity : 10600 | exec_time : open
2026-01-25 16:37:27.649 | INFO     | order:create_order:75 - create order | datetime : 2025-06-06 00:00:00 | symbol : sz.002494 | name :  | order_id : 57  | order_type : sell | quantity : 27440 | exec_time : open
2026-01-25 16:37:27.649 | INFO     | market_env:step:246 - market open date : 2025-06-09 00:00:00
2026-01-25 16:37:27.663 | INFO     | order:execute_order:157 - complete order | datetime : 2025-06-09 00:00:00 | order_id : 54 | symbol : sz.002591 | order_type : sell | price : 19.882914647487773 | quantity : 18090
2026-01-25 16:37:27.677 | INFO     | order:execute_order:157 - complete order | datetime : 2025-06-09 00:00:00 | order_id : 55 | symbol : sz.002188 | order_type : sell | price : 6.936526495726496 | quantity : 51790
2026-01-25 16:37:27.691 | INFO     | order:execute_order:157 - complete order | datetime : 2025-06-09 00:00:00 | order_id : 56 | symbol : sz.002883 | order_type : sell | price : 33.77918192869316 | quantity : 10600
2026-01-25 16:37:27.705 | INFO     | order:execute_order:157 - complete order | datetime : 2025-06-09 00:00:00 | order_id : 57 | symbol : sz.002494 | order_type : sell | price : 13.102662320019505 | quantity : 27440
2026-01-25 16:37:27.705 | INFO     | order:match_orders:137 - match order...
Empty DataFrame
Columns: []
Index: []
2026-01-25 16:37:27.706 | INFO     | order:match_orders:137 - match order...
Empty DataFrame
Columns: []
Index: []
2026-01-25 16:37:27.706 | INFO     | market_env:step:246 - market open date : 2025-06-10 00:00:00
2026-01-25 16:37:27.706 | INFO     | order:match_orders:137 - match order...
Empty DataFrame
Columns: []
Index: []
2026-01-25 16:37:27.707 | INFO     | order:match_orders:137 - match order...
Empty DataFrame
Columns: []
Index: []
2026-01-25 16:37:27.707 | INFO     | market_env:step:246 - market open date : 2025-06-11 00:00:00
2026-01-25 16:37:27.707 | INFO     | order:match_orders:137 - match order...
Empty DataFrame
Columns: []
Index: []
2026-01-25 16:37:27.708 | INFO     | order:match_orders:137 - match order...
Empty DataFrame
Columns: []
Index: []
2026-01-25 16:37:27.708 | INFO     | market_env:step:246 - market open date : 2025-06-12 00:00:00
2026-01-25 16:37:27.708 | INFO     | order:match_orders:137 - match order...
Empty DataFrame
Columns: []
Index: []
2026-01-25 16:37:27.709 | INFO     | order:match_orders:137 - match order...
Empty DataFrame
Columns: []
Index: []
2026-01-25 16:37:27.709 | INFO     | market_env:step:246 - market open date : 2025-06-13 00:00:00
2026-01-25 16:37:27.709 | INFO     | order:match_orders:137 - match order...
Empty DataFrame
Columns: []
Index: []
2026-01-25 16:37:27.710 | INFO     | order:match_orders:137 - match order...
Empty DataFrame
Columns: []
Index: []
2026-01-25 16:37:29.636 | INFO     | policy.JSG_policy:action_decider:361 - market breath : ['石油石化']
2026-01-25 16:37:29.933 | INFO     | order:create_order:75 - create order | datetime : 2025-06-13 00:00:00 | symbol : sz.002883 | name :  | order_id : 58  | order_type : buy | quantity : 11061 | exec_time : open
2026-01-25 16:37:29.933 | INFO     | order:create_order:75 - create order | datetime : 2025-06-13 00:00:00 | symbol : sz.002188 | name :  | order_id : 59  | order_type : buy | quantity : 53603 | exec_time : open
2026-01-25 16:37:29.933 | INFO     | order:create_order:75 - create order | datetime : 2025-06-13 00:00:00 | symbol : sz.002591 | name :  | order_id : 60  | order_type : buy | quantity : 18459 | exec_time : open
2026-01-25 16:37:29.933 | INFO     | order:create_order:75 - create order | datetime : 2025-06-13 00:00:00 | symbol : sz.002494 | name :  | order_id : 61  | order_type : buy | quantity : 28767 | exec_time : open
2026-01-25 16:37:29.933 | INFO     | market_env:step:246 - market open date : 2025-06-16 00:00:00
2026-01-25 16:37:29.948 | INFO     | policy.JSG_policy:buy_policy:81 - price : 32.671944456714584
2026-01-25 16:37:29.948 | INFO     | policy.JSG_policy:buy_policy:99 - num_stakes : 11060 32.671944456714584 : 1445449.4017688732
2026-01-25 16:37:29.948 | INFO     | order:execute_order:157 - complete order | datetime : 2025-06-16 00:00:00 | order_id : 58 | symbol : sz.002883 | order_type : buy | price : 32.671944456714584 | quantity : 11060
2026-01-25 16:37:29.969 | INFO     | policy.JSG_policy:buy_policy:81 - price : 6.781056410256411
2026-01-25 16:37:29.969 | INFO     | policy.JSG_policy:buy_policy:99 - num_stakes : 53600 6.781056410256411 : 1084061.5609070407
2026-01-25 16:37:29.969 | INFO     | order:execute_order:157 - complete order | datetime : 2025-06-16 00:00:00 | order_id : 59 | symbol : sz.002188 | order_type : buy | price : 6.781056410256411 | quantity : 53600
2026-01-25 16:37:29.990 | INFO     | policy.JSG_policy:buy_policy:81 - price : 19.580712361950805
2026-01-25 16:37:29.990 | INFO     | policy.JSG_policy:buy_policy:99 - num_stakes : 18450 19.580712361950805 : 720560.5908549381
2026-01-25 16:37:29.991 | INFO     | order:execute_order:157 - complete order | datetime : 2025-06-16 00:00:00 | order_id : 60 | symbol : sz.002591 | order_type : buy | price : 19.580712361950805 | quantity : 18450
2026-01-25 16:37:30.013 | INFO     | policy.JSG_policy:buy_policy:81 - price : 12.667949185821572
2026-01-25 16:37:30.013 | INFO     | policy.JSG_policy:buy_policy:99 - num_stakes : 28350.0 12.667949185821572 : 359260.321362638
2026-01-25 16:37:30.013 | INFO     | order:execute_order:157 - complete order | datetime : 2025-06-16 00:00:00 | order_id : 61 | symbol : sz.002494 | order_type : buy | price : 12.667949185821572 | quantity : 28350.0
2026-01-25 16:37:30.023 | INFO     | order:match_orders:137 - match order...
                code name  position      close  position_value
sz.002883  sz.002883        11060.0  33.302422   368324.786388
sz.002188  sz.002188        53600.0   6.950427   372542.905983
sz.002591  sz.002591        18450.0  19.992057   368853.446575
sz.002494  sz.002494        28350.0  12.831764   363780.496109
2026-01-25 16:37:30.043 | INFO     | policy.JSG_policy:run_end:393 - end check banned : []
2026-01-25 16:37:30.053 | INFO     | order:match_orders:137 - match order...
                code name  position      close  position_value
sz.002883  sz.002883        11060.0  33.302422   368324.786388
sz.002188  sz.002188        53600.0   6.950427   372542.905983
sz.002591  sz.002591        18450.0  19.992057   368853.446575
sz.002494  sz.002494        28350.0  12.831764   363780.496109
2026-01-25 16:37:30.062 | INFO     | market_env:step:246 - market open date : 2025-06-17 00:00:00
2026-01-25 16:37:30.073 | INFO     | order:match_orders:137 - match order...
                code name  position      close  position_value
sz.002883  sz.002883        11060.0  32.999948   364979.420481
sz.002188  sz.002188        53600.0   6.937363   371842.637363
sz.002591  sz.002591        18450.0  19.784167   365017.882139
sz.002494  sz.002494        28350.0  12.831764   363780.496109
2026-01-25 16:37:30.093 | INFO     | policy.JSG_policy:run_end:393 - end check banned : []
2026-01-25 16:37:30.104 | INFO     | order:match_orders:137 - match order...
                code name  position      close  position_value
sz.002883  sz.002883        11060.0  32.999948   364979.420481
sz.002188  sz.002188        53600.0   6.937363   371842.637363
sz.002591  sz.002591        18450.0  19.784167   365017.882139
sz.002494  sz.002494        28350.0  12.831764   363780.496109
2026-01-25 16:37:30.113 | INFO     | market_env:step:246 - market open date : 2025-06-18 00:00:00
2026-01-25 16:37:30.124 | INFO     | order:match_orders:137 - match order...
                code name  position      close  position_value
sz.002883  sz.002883        11060.0  32.727721   361968.591165
sz.002188  sz.002188        53600.0   6.845910   366940.757021
sz.002591  sz.002591        18450.0  19.437684   358625.274746
sz.002494  sz.002494        28350.0  12.534607   355356.105673
2026-01-25 16:37:30.143 | INFO     | policy.JSG_policy:run_end:393 - end check banned : []
2026-01-25 16:37:30.154 | INFO     | order:match_orders:137 - match order...
                code name  position      close  position_value
sz.002883  sz.002883        11060.0  32.727721   361968.591165
sz.002188  sz.002188        53600.0   6.845910   366940.757021
sz.002591  sz.002591        18450.0  19.437684   358625.274746
sz.002494  sz.002494        28350.0  12.534607   355356.105673
2026-01-25 16:37:30.163 | INFO     | market_env:step:246 - market open date : 2025-06-19 00:00:00
2026-01-25 16:37:30.174 | INFO     | order:match_orders:137 - match order...
                code name  position      close  position_value
sz.002883  sz.002883        11060.0  31.517823   348587.127536
sz.002188  sz.002188        53600.0   6.623810   355036.190476
sz.002591  sz.002591        18450.0  18.952608   349675.624396
sz.002494  sz.002494        28350.0  12.075365   342336.593181
2026-01-25 16:37:30.193 | INFO     | policy.JSG_policy:run_end:393 - end check banned : []
2026-01-25 16:37:30.204 | INFO     | order:match_orders:137 - match order...
                code name  position      close  position_value
sz.002883  sz.002883        11060.0  31.517823   348587.127536
sz.002188  sz.002188        53600.0   6.623810   355036.190476
sz.002591  sz.002591        18450.0  18.952608   349675.624396
sz.002494  sz.002494        28350.0  12.075365   342336.593181
2026-01-25 16:37:30.213 | INFO     | market_env:step:246 - market open date : 2025-06-20 00:00:00
2026-01-25 16:37:30.224 | INFO     | order:match_orders:137 - match order...
                code name  position      close  position_value
sz.002883  sz.002883        11060.0  31.729963   350933.387048
sz.002188  sz.002188        53600.0   6.610745   354335.921856
sz.002591  sz.002591        18450.0  18.952608   349675.624396
sz.002494  sz.002494        28350.0  12.075365   342336.593181
2026-01-25 16:37:30.244 | INFO     | policy.JSG_policy:run_end:393 - end check banned : []
2026-01-25 16:37:30.254 | INFO     | order:match_orders:137 - match order...
                code name  position      close  position_value
sz.002883  sz.002883        11060.0  31.729963   350933.387048
sz.002188  sz.002188        53600.0   6.610745   354335.921856
sz.002591  sz.002591        18450.0  18.952608   349675.624396
sz.002494  sz.002494        28350.0  12.075365   342336.593181
2026-01-25 16:37:32.186 | INFO     | policy.JSG_policy:action_decider:361 - market breath : ['银行']
2026-01-25 16:37:32.221 | INFO     | order:create_order:75 - create order | datetime : 2025-06-20 00:00:00 | symbol : sz.002883 | name :  | order_id : 62  | order_type : sell | quantity : 11060.0 | exec_time : open
2026-01-25 16:37:32.221 | INFO     | order:create_order:75 - create order | datetime : 2025-06-20 00:00:00 | symbol : sz.002188 | name :  | order_id : 63  | order_type : sell | quantity : 53600.0 | exec_time : open
2026-01-25 16:37:32.221 | INFO     | order:create_order:75 - create order | datetime : 2025-06-20 00:00:00 | symbol : sz.002591 | name :  | order_id : 64  | order_type : sell | quantity : 18450.0 | exec_time : open
2026-01-25 16:37:32.221 | INFO     | order:create_order:75 - create order | datetime : 2025-06-20 00:00:00 | symbol : sz.002494 | name :  | order_id : 65  | order_type : sell | quantity : 28350.0 | exec_time : open
2026-01-25 16:37:32.221 | INFO     | market_env:step:246 - market open date : 2025-06-23 00:00:00
2026-01-25 16:37:32.235 | INFO     | order:execute_order:157 - complete order | datetime : 2025-06-23 00:00:00 | order_id : 62 | symbol : sz.002883 | order_type : sell | price : 31.303562877773523 | quantity : 11060
2026-01-25 16:37:32.250 | INFO     | order:execute_order:157 - complete order | datetime : 2025-06-23 00:00:00 | order_id : 63 | symbol : sz.002188 | order_type : sell | price : 6.454098901098901 | quantity : 53600
2026-01-25 16:37:32.263 | INFO     | order:execute_order:157 - complete order | datetime : 2025-06-23 00:00:00 | order_id : 64 | symbol : sz.002591 | order_type : sell | price : 18.672650277640695 | quantity : 18450
2026-01-25 16:37:32.278 | INFO     | order:execute_order:157 - complete order | datetime : 2025-06-23 00:00:00 | order_id : 65 | symbol : sz.002494 | order_type : sell | price : 11.889452845943623 | quantity : 28350.0
2026-01-25 16:37:32.278 | INFO     | order:match_orders:137 - match order...
Empty DataFrame
Columns: []
Index: []
2026-01-25 16:37:32.279 | INFO     | order:match_orders:137 - match order...
Empty DataFrame
Columns: []
Index: []
2026-01-25 16:37:32.279 | INFO     | market_env:step:246 - market open date : 2025-06-24 00:00:00
2026-01-25 16:37:32.279 | INFO     | order:match_orders:137 - match order...
Empty DataFrame
Columns: []
Index: []
2026-01-25 16:37:32.280 | INFO     | order:match_orders:137 - match order...
Empty DataFrame
Columns: []
Index: []
2026-01-25 16:37:32.280 | INFO     | market_env:step:246 - market open date : 2025-06-25 00:00:00
2026-01-25 16:37:32.280 | INFO     | order:match_orders:137 - match order...
Empty DataFrame
Columns: []
Index: []
2026-01-25 16:37:32.280 | INFO     | order:match_orders:137 - match order...
Empty DataFrame
Columns: []
Index: []
2026-01-25 16:37:32.281 | INFO     | market_env:step:246 - market open date : 2025-06-26 00:00:00
2026-01-25 16:37:32.281 | INFO     | order:match_orders:137 - match order...
Empty DataFrame
Columns: []
Index: []
2026-01-25 16:37:32.281 | INFO     | order:match_orders:137 - match order...
Empty DataFrame
Columns: []
Index: []
2026-01-25 16:37:32.282 | INFO     | market_env:step:246 - market open date : 2025-06-27 00:00:00
2026-01-25 16:37:32.282 | INFO     | order:match_orders:137 - match order...
Empty DataFrame
Columns: []
Index: []
2026-01-25 16:37:32.282 | INFO     | order:match_orders:137 - match order...
Empty DataFrame
Columns: []
Index: []
2026-01-25 16:37:34.235 | INFO     | policy.JSG_policy:action_decider:361 - market breath : ['非银金融']
2026-01-25 16:37:34.539 | INFO     | order:create_order:75 - create order | datetime : 2025-06-27 00:00:00 | symbol : sz.002883 | name :  | order_id : 66  | order_type : buy | quantity : 10148 | exec_time : open
2026-01-25 16:37:34.539 | INFO     | order:create_order:75 - create order | datetime : 2025-06-27 00:00:00 | symbol : sz.002591 | name :  | order_id : 67  | order_type : buy | quantity : 16483 | exec_time : open
2026-01-25 16:37:34.539 | INFO     | order:create_order:75 - create order | datetime : 2025-06-27 00:00:00 | symbol : sz.002188 | name :  | order_id : 68  | order_type : buy | quantity : 47596 | exec_time : open
2026-01-25 16:37:34.549 | INFO     | order:create_order:75 - create order | datetime : 2025-06-27 00:00:00 | symbol : sz.003011 | name :  | order_id : 69  | order_type : buy | quantity : 12271 | exec_time : open
2026-01-25 16:37:34.549 | INFO     | market_env:step:246 - market open date : 2025-06-30 00:00:00
2026-01-25 16:37:34.563 | INFO     | policy.JSG_policy:buy_policy:81 - price : 34.10125459998562
2026-01-25 16:37:34.563 | INFO     | policy.JSG_policy:buy_policy:99 - num_stakes : 10140 34.10125459998562 : 1372997.300545304
2026-01-25 16:37:34.563 | INFO     | order:execute_order:157 - complete order | datetime : 2025-06-30 00:00:00 | order_id : 66 | symbol : sz.002883 | order_type : buy | price : 34.10125459998562 | quantity : 10140
2026-01-25 16:37:34.585 | INFO     | policy.JSG_policy:buy_policy:81 - price : 21.108285666783846
2026-01-25 16:37:34.585 | INFO     | policy.JSG_policy:buy_policy:99 - num_stakes : 16480 21.108285666783846 : 1027176.0002292856
2026-01-25 16:37:34.585 | INFO     | order:execute_order:157 - complete order | datetime : 2025-06-30 00:00:00 | order_id : 67 | symbol : sz.002591 | order_type : buy | price : 21.108285666783846 | quantity : 16480
2026-01-25 16:37:34.607 | INFO     | policy.JSG_policy:buy_policy:81 - price : 7.278508424908425
2026-01-25 16:37:34.608 | INFO     | policy.JSG_policy:buy_policy:99 - num_stakes : 47590 7.278508424908425 : 679276.6659859089
2026-01-25 16:37:34.608 | INFO     | order:execute_order:157 - complete order | datetime : 2025-06-30 00:00:00 | order_id : 68 | symbol : sz.002188 | order_type : buy | price : 7.278508424908425 | quantity : 47590
2026-01-25 16:37:34.630 | INFO     | policy.JSG_policy:buy_policy:81 - price : 28.368057515591154
2026-01-25 16:37:34.631 | INFO     | policy.JSG_policy:buy_policy:99 - num_stakes : 11730.0 28.368057515591154 : 332857.81162292283
2026-01-25 16:37:34.631 | INFO     | order:execute_order:157 - complete order | datetime : 2025-06-30 00:00:00 | order_id : 69 | symbol : sz.003011 | order_type : buy | price : 28.368057515591154 | quantity : 11730.0
2026-01-25 16:37:34.642 | INFO     | order:match_orders:137 - match order...
                code name  position      close  position_value
sz.002883  sz.002883        10140.0  34.184716   346633.022481
sz.002591  sz.002591        16480.0  21.135450   348312.214635
sz.002188  sz.002188        47590.0   7.263980   345692.830281
sz.003011  sz.003011        11730.0  28.419730   333363.429985
2026-01-25 16:37:34.662 | INFO     | policy.JSG_policy:run_end:393 - end check banned : []
2026-01-25 16:37:34.673 | INFO     | order:match_orders:137 - match order...
                code name  position      close  position_value
sz.002883  sz.002883        10140.0  34.184716   346633.022481
sz.002591  sz.002591        16480.0  21.135450   348312.214635
sz.002188  sz.002188        47590.0   7.263980   345692.830281
sz.003011  sz.003011        11730.0  28.419730   333363.429985
2026-01-25 16:37:34.682 | INFO     | market_env:step:246 - market open date : 2025-07-01 00:00:00
2026-01-25 16:37:34.692 | INFO     | order:match_orders:137 - match order...
                code name  position      close  position_value
sz.002883  sz.002883        10140.0  34.154411   346325.723702
sz.002591  sz.002591        16480.0  20.962209   345457.196482
sz.002188  sz.002188        47590.0   7.342369   349423.328449
sz.003011  sz.003011        11730.0  28.791027   337718.749702
2026-01-25 16:37:34.711 | INFO     | policy.JSG_policy:run_end:393 - end check banned : []
2026-01-25 16:37:34.722 | INFO     | order:match_orders:137 - match order...
                code name  position      close  position_value
sz.002883  sz.002883        10140.0  34.154411   346325.723702
sz.002591  sz.002591        16480.0  20.962209   345457.196482
sz.002188  sz.002188        47590.0   7.342369   349423.328449
sz.003011  sz.003011        11730.0  28.791027   337718.749702
2026-01-25 16:37:34.731 | INFO     | market_env:step:246 - market open date : 2025-07-02 00:00:00
2026-01-25 16:37:34.742 | INFO     | order:match_orders:137 - match order...
                code name  position      close  position_value
sz.002883  sz.002883        10140.0  34.305939   347862.217596
sz.002591  sz.002591        16480.0  21.100802   347741.211004
sz.002188  sz.002188        47590.0   7.303175   347558.079365
sz.003011  sz.003011        11730.0  29.549093   346610.860790
2026-01-25 16:37:34.762 | INFO     | policy.JSG_policy:run_end:393 - end check banned : []
2026-01-25 16:37:34.773 | INFO     | order:match_orders:137 - match order...
                code name  position      close  position_value
sz.002883  sz.002883        10140.0  34.305939   347862.217596
sz.002591  sz.002591        16480.0  21.100802   347741.211004
sz.002188  sz.002188        47590.0   7.303175   347558.079365
sz.003011  sz.003011        11730.0  29.549093   346610.860790
2026-01-25 16:37:34.782 | INFO     | market_env:step:246 - market open date : 2025-07-03 00:00:00
2026-01-25 16:37:34.794 | INFO     | order:match_orders:137 - match order...
                code name  position      close  position_value
sz.002883  sz.002883        10140.0  34.457467   349398.711490
sz.002591  sz.002591        16480.0  21.031505   346599.203743
sz.002188  sz.002188        47590.0   7.368498   350666.827839
sz.003011  sz.003011        11730.0  29.456269   345522.030861
2026-01-25 16:37:34.813 | INFO     | policy.JSG_policy:run_end:393 - end check banned : []
2026-01-25 16:37:34.824 | INFO     | order:match_orders:137 - match order...
                code name  position      close  position_value
sz.002883  sz.002883        10140.0  34.457467   349398.711490
sz.002591  sz.002591        16480.0  21.031505   346599.203743
sz.002188  sz.002188        47590.0   7.368498   350666.827839
sz.003011  sz.003011        11730.0  29.456269   345522.030861
2026-01-25 16:37:34.833 | INFO     | market_env:step:246 - market open date : 2025-07-04 00:00:00
2026-01-25 16:37:34.844 | INFO     | order:match_orders:137 - match order...
                code name  position      close  position_value
sz.002883  sz.002883        10140.0  34.093799   345711.126144
sz.002591  sz.002591        16480.0  20.650374   340318.163807
sz.002188  sz.002188        47590.0   7.250916   345071.080586
sz.003011  sz.003011        11730.0  29.054030   340803.767835
2026-01-25 16:37:34.864 | INFO     | policy.JSG_policy:run_end:393 - end check banned : []
2026-01-25 16:37:34.876 | INFO     | order:match_orders:137 - match order...
                code name  position      close  position_value
sz.002883  sz.002883        10140.0  34.093799   345711.126144
sz.002591  sz.002591        16480.0  20.650374   340318.163807
sz.002188  sz.002188        47590.0   7.250916   345071.080586
sz.003011  sz.003011        11730.0  29.054030   340803.767835
2026-01-25 16:37:36.754 | INFO     | policy.JSG_policy:action_decider:361 - market breath : ['银行']
2026-01-25 16:37:36.778 | INFO     | order:create_order:75 - create order | datetime : 2025-07-04 00:00:00 | symbol : sz.002883 | name :  | order_id : 70  | order_type : sell | quantity : 10140.0 | exec_time : open
2026-01-25 16:37:36.778 | INFO     | order:create_order:75 - create order | datetime : 2025-07-04 00:00:00 | symbol : sz.002591 | name :  | order_id : 71  | order_type : sell | quantity : 16480.0 | exec_time : open
2026-01-25 16:37:36.778 | INFO     | order:create_order:75 - create order | datetime : 2025-07-04 00:00:00 | symbol : sz.002188 | name :  | order_id : 72  | order_type : sell | quantity : 47590.0 | exec_time : open
2026-01-25 16:37:36.778 | INFO     | order:create_order:75 - create order | datetime : 2025-07-04 00:00:00 | symbol : sz.003011 | name :  | order_id : 73  | order_type : sell | quantity : 11730.0 | exec_time : open
2026-01-25 16:37:36.779 | INFO     | market_env:step:246 - market open date : 2025-07-07 00:00:00
2026-01-25 16:37:36.791 | INFO     | order:execute_order:157 - complete order | datetime : 2025-07-07 00:00:00 | order_id : 70 | symbol : sz.002883 | order_type : sell | price : 33.753406929077535 | quantity : 10140
2026-01-25 16:37:36.804 | INFO     | order:execute_order:157 - complete order | datetime : 2025-07-07 00:00:00 | order_id : 71 | symbol : sz.002591 | order_type : sell | price : 20.609073269396024 | quantity : 16480
2026-01-25 16:37:36.817 | INFO     | order:execute_order:157 - complete order | datetime : 2025-07-07 00:00:00 | order_id : 72 | symbol : sz.002188 | order_type : sell | price : 7.197298168498167 | quantity : 47590
2026-01-25 16:37:36.829 | INFO     | order:execute_order:157 - complete order | datetime : 2025-07-07 00:00:00 | order_id : 73 | symbol : sz.003011 | order_type : sell | price : 28.81064413983231 | quantity : 11730.0
2026-01-25 16:37:36.830 | INFO     | order:match_orders:137 - match order...
Empty DataFrame
Columns: []
Index: []
2026-01-25 16:37:36.830 | INFO     | order:match_orders:137 - match order...
Empty DataFrame
Columns: []
Index: []
2026-01-25 16:37:36.831 | INFO     | market_env:step:246 - market open date : 2025-07-08 00:00:00
2026-01-25 16:37:36.831 | INFO     | order:match_orders:137 - match order...
Empty DataFrame
Columns: []
Index: []
2026-01-25 16:37:36.831 | INFO     | order:match_orders:137 - match order...
Empty DataFrame
Columns: []
Index: []
2026-01-25 16:37:36.832 | INFO     | market_env:step:246 - market open date : 2025-07-09 00:00:00
2026-01-25 16:37:36.832 | INFO     | order:match_orders:137 - match order...
Empty DataFrame
Columns: []
Index: []
2026-01-25 16:37:36.832 | INFO     | order:match_orders:137 - match order...
Empty DataFrame
Columns: []
Index: []
2026-01-25 16:37:36.832 | INFO     | market_env:step:246 - market open date : 2025-07-10 00:00:00
2026-01-25 16:37:36.833 | INFO     | order:match_orders:137 - match order...
Empty DataFrame
Columns: []
Index: []
2026-01-25 16:37:36.833 | INFO     | order:match_orders:137 - match order...
Empty DataFrame
Columns: []
Index: []
2026-01-25 16:37:36.833 | INFO     | market_env:step:246 - market open date : 2025-07-11 00:00:00
2026-01-25 16:37:36.834 | INFO     | order:match_orders:137 - match order...
Empty DataFrame
Columns: []
Index: []
2026-01-25 16:37:36.834 | INFO     | order:match_orders:137 - match order...
Empty DataFrame
Columns: []
Index: []
2026-01-25 16:37:38.706 | INFO     | policy.JSG_policy:action_decider:361 - market breath : ['房地产']
2026-01-25 16:37:39.005 | INFO     | order:create_order:75 - create order | datetime : 2025-07-11 00:00:00 | symbol : sz.002883 | name :  | order_id : 74  | order_type : buy | quantity : 9852 | exec_time : open
2026-01-25 16:37:39.005 | INFO     | order:create_order:75 - create order | datetime : 2025-07-11 00:00:00 | symbol : sz.002591 | name :  | order_id : 75  | order_type : buy | quantity : 16158 | exec_time : open
2026-01-25 16:37:39.005 | INFO     | order:create_order:75 - create order | datetime : 2025-07-11 00:00:00 | symbol : sz.002188 | name :  | order_id : 76  | order_type : buy | quantity : 45078 | exec_time : open
2026-01-25 16:37:39.005 | INFO     | order:create_order:75 - create order | datetime : 2025-07-11 00:00:00 | symbol : sz.003011 | name :  | order_id : 77  | order_type : buy | quantity : 11611 | exec_time : open
2026-01-25 16:37:39.005 | INFO     | market_env:step:246 - market open date : 2025-07-14 00:00:00
2026-01-25 16:37:39.019 | INFO     | policy.JSG_policy:buy_policy:81 - price : 34.587113970956025
2026-01-25 16:37:39.019 | INFO     | policy.JSG_policy:buy_policy:99 - num_stakes : 9850 34.587113970956025 : 1361615.1513635227
2026-01-25 16:37:39.019 | INFO     | order:execute_order:157 - complete order | datetime : 2025-07-14 00:00:00 | order_id : 74 | symbol : sz.002883 | order_type : buy | price : 34.587113970956025 | quantity : 9850
2026-01-25 16:37:39.040 | INFO     | policy.JSG_policy:buy_policy:81 - price : 21.004132941454323
2026-01-25 16:37:39.040 | INFO     | policy.JSG_policy:buy_policy:99 - num_stakes : 16150 21.004132941454323 : 1020898.0104423445
2026-01-25 16:37:39.040 | INFO     | order:execute_order:157 - complete order | datetime : 2025-07-14 00:00:00 | order_id : 75 | symbol : sz.002591 | order_type : buy | price : 21.004132941454323 | quantity : 16150
2026-01-25 16:37:39.059 | INFO     | policy.JSG_policy:buy_policy:81 - price : 7.51414358974359
2026-01-25 16:37:39.059 | INFO     | policy.JSG_policy:buy_policy:99 - num_stakes : 45070 7.51414358974359 : 681647.3417631567
2026-01-25 16:37:39.060 | INFO     | order:execute_order:157 - complete order | datetime : 2025-07-14 00:00:00 | order_id : 76 | symbol : sz.002188 | order_type : buy | price : 7.51414358974359 | quantity : 45070
2026-01-25 16:37:39.080 | INFO     | policy.JSG_policy:buy_policy:81 - price : 29.375666115871713
2026-01-25 16:37:39.080 | INFO     | policy.JSG_policy:buy_policy:99 - num_stakes : 11610 29.375666115871713 : 342951.02392825414
2026-01-25 16:37:39.080 | INFO     | order:execute_order:157 - complete order | datetime : 2025-07-14 00:00:00 | order_id : 77 | symbol : sz.003011 | order_type : buy | price : 29.375666115871713 | quantity : 11610
2026-01-25 16:37:39.089 | INFO     | order:match_orders:137 - match order...
                code name  position      close  position_value
sz.002883  sz.002883           9850  35.063579   345376.249270
sz.002591  sz.002591          16150  21.447284   346373.643450
sz.002188  sz.002188          45070   7.512210   338575.305250
sz.003011  sz.003011          11610  30.121510   349710.730823
2026-01-25 16:37:39.108 | INFO     | policy.JSG_policy:run_end:393 - end check banned : []
2026-01-25 16:37:39.118 | INFO     | order:match_orders:137 - match order...
                code name  position      close  position_value
sz.002883  sz.002883           9850  35.063579   345376.249270
sz.002591  sz.002591          16150  21.447284   346373.643450
sz.002188  sz.002188          45070   7.512210   338575.305250
sz.003011  sz.003011          11610  30.121510   349710.730823
2026-01-25 16:37:39.127 | INFO     | market_env:step:246 - market open date : 2025-07-15 00:00:00
2026-01-25 16:37:39.137 | INFO     | order:match_orders:137 - match order...
                code name  position      close  position_value
sz.002883  sz.002883           9850  35.881830   353436.023453
sz.002591  sz.002591          16150  20.373188   329026.982792
sz.002188  sz.002188          45070   7.394628   333275.865690
sz.003011  sz.003011          11610  28.914793   335700.747770
2026-01-25 16:37:39.155 | INFO     | policy.JSG_policy:run_end:393 - end check banned : []
2026-01-25 16:37:39.166 | INFO     | order:match_orders:137 - match order...
                code name  position      close  position_value
sz.002883  sz.002883           9850  35.881830   353436.023453
sz.002591  sz.002591          16150  20.373188   329026.982792
sz.002188  sz.002188          45070   7.394628   333275.865690
sz.003011  sz.003011          11610  28.914793   335700.747770
2026-01-25 16:37:39.174 | INFO     | market_env:step:246 - market open date : 2025-07-16 00:00:00
2026-01-25 16:37:39.185 | INFO     | order:match_orders:137 - match order...
                code name  position      close  position_value
sz.002883  sz.002883           9850  35.184801   346570.289890
sz.002591  sz.002591          16150  20.615726   332943.970683
sz.002188  sz.002188          45070   7.499145   337986.478632
sz.003011  sz.003011          11610  29.518152   342705.739297
2026-01-25 16:37:39.203 | INFO     | policy.JSG_policy:run_end:393 - end check banned : []
2026-01-25 16:37:39.213 | INFO     | order:match_orders:137 - match order...
                code name  position      close  position_value
sz.002883  sz.002883           9850  35.184801   346570.289890
sz.002591  sz.002591          16150  20.615726   332943.970683
sz.002188  sz.002188          45070   7.499145   337986.478632
sz.003011  sz.003011          11610  29.518152   342705.739297
2026-01-25 16:37:39.222 | INFO     | market_env:step:246 - market open date : 2025-07-17 00:00:00
2026-01-25 16:37:39.232 | INFO     | order:match_orders:137 - match order...
                code name  position      close  position_value
sz.002883  sz.002883           9850  34.851439   343286.678185
sz.002591  sz.002591          16150  20.546429   331824.831286
sz.002188  sz.002188          45070   7.394628   333275.865690
sz.003011  sz.003011          11610  29.146854   338394.975280
2026-01-25 16:37:39.251 | INFO     | policy.JSG_policy:run_end:393 - end check banned : []
2026-01-25 16:37:39.261 | INFO     | order:match_orders:137 - match order...
                code name  position      close  position_value
sz.002883  sz.002883           9850  34.851439   343286.678185
sz.002591  sz.002591          16150  20.546429   331824.831286
sz.002188  sz.002188          45070   7.394628   333275.865690
sz.003011  sz.003011          11610  29.146854   338394.975280
2026-01-25 16:37:39.270 | INFO     | market_env:step:246 - market open date : 2025-07-18 00:00:00
2026-01-25 16:37:39.280 | INFO     | order:match_orders:137 - match order...
                code name  position      close  position_value
sz.002883  sz.002883           9850  34.730217   342092.637566
sz.002591  sz.002591          16150  20.858264   336860.958573
sz.002188  sz.002188          45070   7.473016   336808.825397
sz.003011  sz.003011          11610  29.146854   338394.975280
2026-01-25 16:37:39.299 | INFO     | policy.JSG_policy:run_end:393 - end check banned : []
2026-01-25 16:37:39.310 | INFO     | order:match_orders:137 - match order...
                code name  position      close  position_value
sz.002883  sz.002883           9850  34.730217   342092.637566
sz.002591  sz.002591          16150  20.858264   336860.958573
sz.002188  sz.002188          45070   7.473016   336808.825397
sz.003011  sz.003011          11610  29.146854   338394.975280
2026-01-25 16:37:41.184 | INFO     | policy.JSG_policy:action_decider:361 - market breath : ['医药生物']
2026-01-25 16:37:41.507 | INFO     | order:create_order:75 - create order | datetime : 2025-07-18 00:00:00 | symbol : sz.003011 | name :  | order_id : 78  | order_type : sell | quantity : 11610 | exec_time : open
2026-01-25 16:37:41.507 | INFO     | order:create_order:75 - create order | datetime : 2025-07-18 00:00:00 | symbol : sz.002494 | name :  | order_id : 79  | order_type : buy | quantity : 24558 | exec_time : open
2026-01-25 16:37:41.508 | INFO     | market_env:step:246 - market open date : 2025-07-21 00:00:00
2026-01-25 16:37:41.521 | INFO     | order:execute_order:157 - complete order | datetime : 2025-07-21 00:00:00 | order_id : 78 | symbol : sz.003011 | order_type : sell | price : 29.335596926946078 | quantity : 11610
2026-01-25 16:37:41.544 | INFO     | policy.JSG_policy:buy_policy:81 - price : 13.8860212229198
2026-01-25 16:37:41.544 | INFO     | policy.JSG_policy:buy_policy:99 - num_stakes : 24550 13.8860212229198 : 342247.3637282739
2026-01-25 16:37:41.544 | INFO     | order:execute_order:157 - complete order | datetime : 2025-07-21 00:00:00 | order_id : 79 | symbol : sz.002494 | order_type : buy | price : 13.8860212229198 | quantity : 24550
2026-01-25 16:37:41.555 | INFO     | order:match_orders:137 - match order...
                code name  position      close  position_value
sz.002883  sz.002883           9850  38.215361   376421.305384
sz.002591  sz.002591          16150  21.655174   349731.061642
sz.002188  sz.002188          45070   7.590598   342108.264957
sz.002494  sz.002494          24550  13.966362   342874.176537
2026-01-25 16:37:41.573 | INFO     | policy.JSG_policy:run_end:393 - end check banned : []
2026-01-25 16:37:41.584 | INFO     | order:match_orders:137 - match order...
                code name  position      close  position_value
sz.002883  sz.002883           9850  38.215361   376421.305384
sz.002591  sz.002591          16150  21.655174   349731.061642
sz.002188  sz.002188          45070   7.590598   342108.264957
sz.002494  sz.002494          24550  13.966362   342874.176537
2026-01-25 16:37:41.593 | INFO     | market_env:step:246 - market open date : 2025-07-22 00:00:00
2026-01-25 16:37:41.603 | INFO     | order:match_orders:137 - match order...
                code name  position      close  position_value
sz.002883  sz.002883           9850  42.033866   414033.584907
sz.002591  sz.002591          16150  21.516581   347492.782847
sz.002188  sz.002188          45070   7.473016   336808.825397
sz.002494  sz.002494          24550  13.885319   340884.577834
2026-01-25 16:37:41.621 | INFO     | policy.JSG_policy:run_end:393 - end check banned : ['sz.002883']
2026-01-25 16:37:41.621 | INFO     | order:create_order:75 - create order | datetime : 2025-07-22 00:00:00 | symbol : sz.002883 | name :  | order_id : 80  | order_type : sell | quantity : 99999999 | exec_time : close
2026-01-25 16:37:41.628 | ERROR    | policy.JSG_policy:check_up_down_limit:133 - sz.002883 涨停 2025-07-22 00:00:00
2026-01-25 16:37:41.638 | INFO     | order:match_orders:137 - match order...
                code name  position      close  position_value
sz.002883  sz.002883           9850  42.033866   414033.584907
sz.002591  sz.002591          16150  21.516581   347492.782847
sz.002188  sz.002188          45070   7.473016   336808.825397
sz.002494  sz.002494          24550  13.885319   340884.577834
2026-01-25 16:37:41.648 | INFO     | market_env:step:246 - market open date : 2025-07-23 00:00:00
2026-01-25 16:37:41.659 | INFO     | order:match_orders:137 - match order...
                code name  position      close  position_value
sz.002883  sz.002883           9850  46.246345   455526.496444
sz.002591  sz.002591          16150  21.689822   350290.631340
sz.002188  sz.002188          45070   7.446886   335631.172161
sz.002494  sz.002494          24550  13.750248   337568.579995
2026-01-25 16:37:41.678 | INFO     | policy.JSG_policy:run_end:393 - end check banned : ['sz.002883']
2026-01-25 16:37:41.678 | INFO     | order:create_order:75 - create order | datetime : 2025-07-23 00:00:00 | symbol : sz.002883 | name :  | order_id : 81  | order_type : sell | quantity : 99999999 | exec_time : close
2026-01-25 16:37:41.685 | ERROR    | policy.JSG_policy:check_up_down_limit:133 - sz.002883 涨停 2025-07-23 00:00:00
2026-01-25 16:37:41.695 | INFO     | order:match_orders:137 - match order...
                code name  position      close  position_value
sz.002883  sz.002883           9850  46.246345   455526.496444
sz.002591  sz.002591          16150  21.689822   350290.631340
sz.002188  sz.002188          45070   7.446886   335631.172161
sz.002494  sz.002494          24550  13.750248   337568.579995
2026-01-25 16:37:41.704 | INFO     | market_env:step:246 - market open date : 2025-07-24 00:00:00
2026-01-25 16:37:41.714 | INFO     | order:match_orders:137 - match order...
                code name  position      close  position_value
sz.002883  sz.002883           9850  50.883102   501198.550151
sz.002591  sz.002591          16150  21.620526   349171.491943
sz.002188  sz.002188          45070   7.538339   339752.958486
sz.002494  sz.002494          24550  13.831290   339558.178698
2026-01-25 16:37:41.732 | INFO     | policy.JSG_policy:run_end:393 - end check banned : ['sz.002883']
2026-01-25 16:37:41.732 | INFO     | order:create_order:75 - create order | datetime : 2025-07-24 00:00:00 | symbol : sz.002883 | name :  | order_id : 82  | order_type : sell | quantity : 99999999 | exec_time : close
2026-01-25 16:37:41.739 | ERROR    | policy.JSG_policy:check_up_down_limit:133 - sz.002883 涨停 2025-07-24 00:00:00
2026-01-25 16:37:41.750 | INFO     | order:match_orders:137 - match order...
                code name  position      close  position_value
sz.002883  sz.002883           9850  50.883102   501198.550151
sz.002591  sz.002591          16150  21.620526   349171.491943
sz.002188  sz.002188          45070   7.538339   339752.958486
sz.002494  sz.002494          24550  13.831290   339558.178698
2026-01-25 16:37:41.758 | INFO     | market_env:step:246 - market open date : 2025-07-25 00:00:00
2026-01-25 16:37:41.769 | INFO     | order:match_orders:137 - match order...
                code name  position      close  position_value
sz.002883  sz.002883           9850  45.791761   451048.844120
sz.002591  sz.002591          16150  22.105602   357005.467724
sz.002188  sz.002188          45070   7.564469   340930.611722
sz.002494  sz.002494          24550  13.993376   343537.376105
2026-01-25 16:37:41.788 | INFO     | policy.JSG_policy:run_end:393 - end check banned : ['sz.002883']
2026-01-25 16:37:41.788 | INFO     | order:create_order:75 - create order | datetime : 2025-07-25 00:00:00 | symbol : sz.002883 | name :  | order_id : 83  | order_type : sell | quantity : 99999999 | exec_time : close
2026-01-25 16:37:41.795 | ERROR    | policy.JSG_policy:check_up_down_limit:129 - sz.002883 跌停 2025-07-25 00:00:00
2026-01-25 16:37:41.805 | INFO     | order:match_orders:137 - match order...
                code name  position      close  position_value
sz.002883  sz.002883           9850  45.791761   451048.844120
sz.002591  sz.002591          16150  22.105602   357005.467724
sz.002188  sz.002188          45070   7.564469   340930.611722
sz.002494  sz.002494          24550  13.993376   343537.376105
2026-01-25 16:37:43.613 | INFO     | policy.JSG_policy:action_decider:361 - market breath : ['煤炭']
2026-01-25 16:37:43.638 | INFO     | order:create_order:75 - create order | datetime : 2025-07-25 00:00:00 | symbol : sz.002883 | name :  | order_id : 84  | order_type : sell | quantity : 9850 | exec_time : open
2026-01-25 16:37:43.638 | INFO     | order:create_order:75 - create order | datetime : 2025-07-25 00:00:00 | symbol : sz.002591 | name :  | order_id : 85  | order_type : sell | quantity : 16150 | exec_time : open
2026-01-25 16:37:43.638 | INFO     | order:create_order:75 - create order | datetime : 2025-07-25 00:00:00 | symbol : sz.002188 | name :  | order_id : 86  | order_type : sell | quantity : 45070 | exec_time : open
2026-01-25 16:37:43.638 | INFO     | order:create_order:75 - create order | datetime : 2025-07-25 00:00:00 | symbol : sz.002494 | name :  | order_id : 87  | order_type : sell | quantity : 24550 | exec_time : open
2026-01-25 16:37:43.639 | INFO     | market_env:step:246 - market open date : 2025-07-28 00:00:00
2026-01-25 16:37:43.645 | ERROR    | policy.JSG_policy:check_up_down_limit:129 - sz.002883 跌停 2025-07-28 00:00:00
2026-01-25 16:37:43.660 | INFO     | order:execute_order:157 - complete order | datetime : 2025-07-28 00:00:00 | order_id : 85 | symbol : sz.002591 | order_type : sell | price : 22.06139051321252 | quantity : 16150
2026-01-25 16:37:43.673 | INFO     | order:execute_order:157 - complete order | datetime : 2025-07-28 00:00:00 | order_id : 86 | symbol : sz.002188 | order_type : sell | price : 7.56237851037851 | quantity : 45070
2026-01-25 16:37:43.685 | INFO     | order:execute_order:157 - complete order | datetime : 2025-07-28 00:00:00 | order_id : 87 | symbol : sz.002494 | order_type : sell | price : 13.965389057140127 | quantity : 24550
2026-01-25 16:37:43.693 | INFO     | order:match_orders:137 - match order...
                code name  position      close  position_value
sz.002883  sz.002883           9850  41.215615   405973.810724
2026-01-25 16:37:43.709 | INFO     | policy.JSG_policy:run_end:393 - end check banned : []
2026-01-25 16:37:43.716 | ERROR    | policy.JSG_policy:check_up_down_limit:129 - sz.002883 跌停 2025-07-28 00:00:00
2026-01-25 16:37:43.726 | INFO     | order:match_orders:137 - match order...
                code name  position      close  position_value
sz.002883  sz.002883           9850  41.215615   405973.810724
2026-01-25 16:37:43.733 | INFO     | market_env:step:246 - market open date : 2025-07-29 00:00:00
2026-01-25 16:37:43.743 | INFO     | order:match_orders:137 - match order...
                code name  position      close  position_value
sz.002883  sz.002883           9850  41.670199   410451.463048
2026-01-25 16:37:43.759 | INFO     | policy.JSG_policy:run_end:393 - end check banned : []
2026-01-25 16:37:43.769 | INFO     | order:match_orders:137 - match order...
                code name  position      close  position_value
sz.002883  sz.002883           9850  41.670199   410451.463048
2026-01-25 16:37:43.776 | INFO     | market_env:step:246 - market open date : 2025-07-30 00:00:00
2026-01-25 16:37:43.786 | INFO     | order:match_orders:137 - match order...
                code name  position      close  position_value
sz.002883  sz.002883           9850  40.154919     395525.9553
2026-01-25 16:37:43.803 | INFO     | policy.JSG_policy:run_end:393 - end check banned : []
2026-01-25 16:37:43.812 | INFO     | order:match_orders:137 - match order...
                code name  position      close  position_value
sz.002883  sz.002883           9850  40.154919     395525.9553
2026-01-25 16:37:43.819 | INFO     | market_env:step:246 - market open date : 2025-07-31 00:00:00
2026-01-25 16:37:43.828 | INFO     | order:match_orders:137 - match order...
                code name  position    close  position_value
sz.002883  sz.002883           9850  38.4275   378510.876469
2026-01-25 16:37:43.842 | INFO     | policy.JSG_policy:run_end:393 - end check banned : []
2026-01-25 16:37:43.850 | INFO     | order:match_orders:137 - match order...
                code name  position    close  position_value
sz.002883  sz.002883           9850  38.4275   378510.876469
2026-01-25 16:37:43.857 | INFO     | market_env:step:246 - market open date : 2025-08-01 00:00:00
2026-01-25 16:37:43.866 | INFO     | order:match_orders:137 - match order...
                code name  position      close  position_value
sz.002883  sz.002883           9850  38.397195   378212.366314
2026-01-25 16:37:43.881 | INFO     | policy.JSG_policy:run_end:393 - end check banned : []
2026-01-25 16:37:43.890 | INFO     | order:match_orders:137 - match order...
                code name  position      close  position_value
sz.002883  sz.002883           9850  38.397195   378212.366314
2026-01-25 16:37:45.712 | INFO     | policy.JSG_policy:action_decider:361 - market breath : ['医药生物']
2026-01-25 16:37:46.015 | INFO     | order:create_order:75 - create order | datetime : 2025-08-01 00:00:00 | symbol : sz.002188 | name :  | order_id : 88  | order_type : buy | quantity : 47219 | exec_time : open
2026-01-25 16:37:46.015 | INFO     | order:create_order:75 - create order | datetime : 2025-08-01 00:00:00 | symbol : sz.002591 | name :  | order_id : 89  | order_type : buy | quantity : 16147 | exec_time : open
2026-01-25 16:37:46.015 | INFO     | order:create_order:75 - create order | datetime : 2025-08-01 00:00:00 | symbol : sz.002494 | name :  | order_id : 90  | order_type : buy | quantity : 25447 | exec_time : open
2026-01-25 16:37:46.015 | INFO     | market_env:step:246 - market open date : 2025-08-04 00:00:00
2026-01-25 16:37:46.035 | INFO     | policy.JSG_policy:buy_policy:81 - price : 7.540325274725275
2026-01-25 16:37:46.035 | INFO     | policy.JSG_policy:buy_policy:99 - num_stakes : 47210 7.540325274725275 : 1040665.62323286
2026-01-25 16:37:46.035 | INFO     | order:execute_order:157 - complete order | datetime : 2025-08-04 00:00:00 | order_id : 88 | symbol : sz.002188 | order_type : buy | price : 7.540325274725275 | quantity : 47210
2026-01-25 16:37:46.055 | INFO     | policy.JSG_policy:buy_policy:81 - price : 21.941507469420053
2026-01-25 16:37:46.055 | INFO     | policy.JSG_policy:buy_policy:99 - num_stakes : 16140 21.941507469420053 : 684651.2691374578
2026-01-25 16:37:46.055 | INFO     | order:execute_order:157 - complete order | datetime : 2025-08-04 00:00:00 | order_id : 89 | symbol : sz.002591 | order_type : buy | price : 21.941507469420053 | quantity : 16140
2026-01-25 16:37:46.075 | INFO     | policy.JSG_policy:buy_policy:81 - price : 13.994294292884087
2026-01-25 16:37:46.075 | INFO     | policy.JSG_policy:buy_policy:99 - num_stakes : 23610.0 13.994294292884087 : 330479.9249879625
2026-01-25 16:37:46.075 | INFO     | order:execute_order:157 - complete order | datetime : 2025-08-04 00:00:00 | order_id : 90 | symbol : sz.002494 | order_type : buy | price : 13.994294292884087 | quantity : 23610.0
2026-01-25 16:37:46.085 | INFO     | order:match_orders:137 - match order...
                code name  position      close  position_value
sz.002883  sz.002883         9850.0  37.912305   373436.203835
sz.002188  sz.002188        47210.0   7.708181   363903.211233
sz.002591  sz.002591        16140.0  22.174898   357902.858138
sz.002494  sz.002494        23610.0  14.155461   334210.439943
2026-01-25 16:37:46.104 | INFO     | policy.JSG_policy:run_end:393 - end check banned : []
2026-01-25 16:37:46.115 | INFO     | order:match_orders:137 - match order...
                code name  position      close  position_value
sz.002883  sz.002883         9850.0  37.912305   373436.203835
sz.002188  sz.002188        47210.0   7.708181   363903.211233
sz.002591  sz.002591        16140.0  22.174898   357902.858138
sz.002494  sz.002494        23610.0  14.155461   334210.439943
2026-01-25 16:37:46.124 | INFO     | market_env:step:246 - market open date : 2025-08-05 00:00:00
2026-01-25 16:37:46.134 | INFO     | order:match_orders:137 - match order...
                code name  position      close  position_value
sz.002883  sz.002883         9850.0  38.397195   378212.366314
sz.002188  sz.002188        47210.0   7.786569   367603.921856
sz.002591  sz.002591        16140.0  22.659974   365731.983160
sz.002494  sz.002494        23610.0  14.371575   339312.889408
2026-01-25 16:37:46.152 | INFO     | policy.JSG_policy:run_end:393 - end check banned : []
2026-01-25 16:37:46.163 | INFO     | order:match_orders:137 - match order...
                code name  position      close  position_value
sz.002883  sz.002883         9850.0  38.397195   378212.366314
sz.002188  sz.002188        47210.0   7.786569   367603.921856
sz.002591  sz.002591        16140.0  22.659974   365731.983160
sz.002494  sz.002494        23610.0  14.371575   339312.889408
2026-01-25 16:37:46.172 | INFO     | market_env:step:246 - market open date : 2025-08-06 00:00:00
2026-01-25 16:37:46.182 | INFO     | order:match_orders:137 - match order...
                code name  position      close  position_value
sz.002883  sz.002883         9850.0  37.881999   373137.693680
sz.002188  sz.002188        47210.0   7.825763   369454.277167
sz.002591  sz.002591        16140.0  22.729271   366850.429592
sz.002494  sz.002494        23610.0  14.533661   343139.726507
2026-01-25 16:37:46.202 | INFO     | policy.JSG_policy:run_end:393 - end check banned : []
2026-01-25 16:37:46.212 | INFO     | order:match_orders:137 - match order...
                code name  position      close  position_value
sz.002883  sz.002883         9850.0  37.881999   373137.693680
sz.002188  sz.002188        47210.0   7.825763   369454.277167
sz.002591  sz.002591        16140.0  22.729271   366850.429592
sz.002494  sz.002494        23610.0  14.533661   343139.726507
2026-01-25 16:37:46.221 | INFO     | market_env:step:246 - market open date : 2025-08-07 00:00:00
2026-01-25 16:37:46.231 | INFO     | order:match_orders:137 - match order...
                code name  position      close  position_value
sz.002883  sz.002883         9850.0  37.730471   371645.142905
sz.002188  sz.002188        47210.0   7.773504   366987.136752
sz.002591  sz.002591        16140.0  22.556029   364054.313513
sz.002494  sz.002494        23610.0  14.398589   339950.695591
2026-01-25 16:37:46.249 | INFO     | policy.JSG_policy:run_end:393 - end check banned : []
2026-01-25 16:37:46.259 | INFO     | order:match_orders:137 - match order...
                code name  position      close  position_value
sz.002883  sz.002883         9850.0  37.730471   371645.142905
sz.002188  sz.002188        47210.0   7.773504   366987.136752
sz.002591  sz.002591        16140.0  22.556029   364054.313513
sz.002494  sz.002494        23610.0  14.398589   339950.695591
2026-01-25 16:37:46.267 | INFO     | market_env:step:246 - market open date : 2025-08-08 00:00:00
2026-01-25 16:37:46.277 | INFO     | order:match_orders:137 - match order...
                code name  position      close  position_value
sz.002883  sz.002883         9850.0  38.245667   376719.815539
sz.002188  sz.002188        47210.0   7.786569   367603.921856
sz.002591  sz.002591        16140.0  22.590678   364613.536728
sz.002494  sz.002494        23610.0  14.425604   340588.501774
2026-01-25 16:37:46.296 | INFO     | policy.JSG_policy:run_end:393 - end check banned : []
2026-01-25 16:37:46.306 | INFO     | order:match_orders:137 - match order...
                code name  position      close  position_value
sz.002883  sz.002883         9850.0  38.245667   376719.815539
sz.002188  sz.002188        47210.0   7.786569   367603.921856
sz.002591  sz.002591        16140.0  22.590678   364613.536728
sz.002494  sz.002494        23610.0  14.425604   340588.501774
2026-01-25 16:37:48.172 | INFO     | policy.JSG_policy:action_decider:361 - market breath : ['国防军工']
2026-01-25 16:37:48.466 | INFO     | market_env:step:246 - market open date : 2025-08-11 00:00:00
2026-01-25 16:37:48.476 | INFO     | order:match_orders:137 - match order...
                code name  position      close  position_value
sz.002883  sz.002883         9850.0  38.548723   379704.917088
sz.002188  sz.002188        47210.0   7.969475   376238.913309
sz.002591  sz.002591        16140.0  22.937160   370205.768887
sz.002494  sz.002494        23610.0  14.668732   346328.757422
2026-01-25 16:37:48.493 | INFO     | policy.JSG_policy:run_end:393 - end check banned : []
2026-01-25 16:37:48.503 | INFO     | order:match_orders:137 - match order...
                code name  position      close  position_value
sz.002883  sz.002883         9850.0  38.548723   379704.917088
sz.002188  sz.002188        47210.0   7.969475   376238.913309
sz.002591  sz.002591        16140.0  22.937160   370205.768887
sz.002494  sz.002494        23610.0  14.668732   346328.757422
2026-01-25 16:37:48.511 | INFO     | market_env:step:246 - market open date : 2025-08-12 00:00:00
2026-01-25 16:37:48.521 | INFO     | order:match_orders:137 - match order...
                code name  position      close  position_value
sz.002883  sz.002883         9850.0  38.306278   377316.835849
sz.002188  sz.002188        47210.0   7.812698   368837.492063
sz.002591  sz.002591        16140.0  22.902512   369646.545671
sz.002494  sz.002494        23610.0  14.641718   345690.951239
2026-01-25 16:37:48.540 | INFO     | policy.JSG_policy:run_end:393 - end check banned : []
2026-01-25 16:37:48.549 | INFO     | order:match_orders:137 - match order...
                code name  position      close  position_value
sz.002883  sz.002883         9850.0  38.306278   377316.835849
sz.002188  sz.002188        47210.0   7.812698   368837.492063
sz.002591  sz.002591        16140.0  22.902512   369646.545671
sz.002494  sz.002494        23610.0  14.641718   345690.951239
2026-01-25 16:37:48.557 | INFO     | market_env:step:246 - market open date : 2025-08-13 00:00:00
2026-01-25 16:37:48.568 | INFO     | order:match_orders:137 - match order...
                code name  position      close  position_value
sz.002883  sz.002883         9850.0  37.821388   372540.673370
sz.002188  sz.002188        47210.0   7.721245   364519.996337
sz.002591  sz.002591        16140.0  22.486733   362935.867081
sz.002494  sz.002494        23610.0  14.398589   339950.695591
2026-01-25 16:37:48.585 | INFO     | policy.JSG_policy:run_end:393 - end check banned : []
2026-01-25 16:37:48.596 | INFO     | order:match_orders:137 - match order...
                code name  position      close  position_value
sz.002883  sz.002883         9850.0  37.821388   372540.673370
sz.002188  sz.002188        47210.0   7.721245   364519.996337
sz.002591  sz.002591        16140.0  22.486733   362935.867081
sz.002494  sz.002494        23610.0  14.398589   339950.695591
2026-01-25 16:37:48.604 | INFO     | market_env:step:246 - market open date : 2025-08-14 00:00:00
2026-01-25 16:37:48.614 | INFO     | order:match_orders:137 - match order...
                code name  position      close  position_value
sz.002883  sz.002883         9850.0  36.881915   363286.858567
sz.002188  sz.002188        47210.0   7.459951   352184.294261
sz.002591  sz.002591        16140.0  21.863064   352869.849196
sz.002494  sz.002494        23610.0  13.939347   329107.990479
2026-01-25 16:37:48.631 | INFO     | policy.JSG_policy:run_end:393 - end check banned : []
2026-01-25 16:37:48.641 | INFO     | order:match_orders:137 - match order...
                code name  position      close  position_value
sz.002883  sz.002883         9850.0  36.881915   363286.858567
sz.002188  sz.002188        47210.0   7.459951   352184.294261
sz.002591  sz.002591        16140.0  21.863064   352869.849196
sz.002494  sz.002494        23610.0  13.939347   329107.990479
2026-01-25 16:37:48.650 | INFO     | market_env:step:246 - market open date : 2025-08-15 00:00:00
2026-01-25 16:37:48.659 | INFO     | order:match_orders:137 - match order...
                code name  position      close  position_value
sz.002883  sz.002883         9850.0  37.245582   366868.980426
sz.002188  sz.002188        47210.0   7.394628   349100.368742
sz.002591  sz.002591        16140.0  21.759119   351192.179548
sz.002494  sz.002494        23610.0  13.696219   323367.734831
2026-01-25 16:37:48.677 | INFO     | policy.JSG_policy:run_end:393 - end check banned : []
2026-01-25 16:37:48.687 | INFO     | order:match_orders:137 - match order...
                code name  position      close  position_value
sz.002883  sz.002883         9850.0  37.245582   366868.980426
sz.002188  sz.002188        47210.0   7.394628   349100.368742
sz.002591  sz.002591        16140.0  21.759119   351192.179548
sz.002494  sz.002494        23610.0  13.696219   323367.734831
2026-01-25 16:37:50.543 | INFO     | policy.JSG_policy:action_decider:361 - market breath : ['电子']
2026-01-25 16:37:50.829 | INFO     | market_env:step:246 - market open date : 2025-08-18 00:00:00
2026-01-25 16:37:50.838 | INFO     | order:match_orders:137 - match order...
                code name  position      close  position_value
sz.002883  sz.002883         9850.0  37.518332   369555.571820
sz.002188  sz.002188        47210.0   7.368498   347866.798535
sz.002591  sz.002591        16140.0  21.932360   353988.295627
sz.002494  sz.002494        23610.0  13.642191   322092.122464
2026-01-25 16:37:50.857 | INFO     | policy.JSG_policy:run_end:393 - end check banned : []
2026-01-25 16:37:50.868 | INFO     | order:match_orders:137 - match order...
                code name  position      close  position_value
sz.002883  sz.002883         9850.0  37.518332   369555.571820
sz.002188  sz.002188        47210.0   7.368498   347866.798535
sz.002591  sz.002591        16140.0  21.932360   353988.295627
sz.002494  sz.002494        23610.0  13.642191   322092.122464
2026-01-25 16:37:50.876 | INFO     | market_env:step:246 - market open date : 2025-08-19 00:00:00
2026-01-25 16:37:50.887 | INFO     | order:match_orders:137 - match order...
                code name  position      close  position_value
sz.002883  sz.002883         9850.0  37.609249   370451.102285
sz.002188  sz.002188        47210.0   7.616728   359585.715507
sz.002591  sz.002591        16140.0  22.348140   360698.974218
sz.002494  sz.002494        23610.0  14.155461   334210.439943
2026-01-25 16:37:50.907 | INFO     | policy.JSG_policy:run_end:393 - end check banned : []
2026-01-25 16:37:50.918 | INFO     | order:match_orders:137 - match order...
                code name  position      close  position_value
sz.002883  sz.002883         9850.0  37.609249   370451.102285
sz.002188  sz.002188        47210.0   7.616728   359585.715507
sz.002591  sz.002591        16140.0  22.348140   360698.974218
sz.002494  sz.002494        23610.0  14.155461   334210.439943
2026-01-25 16:37:50.927 | INFO     | market_env:step:246 - market open date : 2025-08-20 00:00:00
2026-01-25 16:37:50.938 | INFO     | order:match_orders:137 - match order...
                code name  position      close  position_value
sz.002883  sz.002883         9850.0  37.669860   371048.122595
sz.002188  sz.002188        47210.0   7.721245   364519.996337
sz.002591  sz.002591        16140.0  22.452085   362376.643865
sz.002494  sz.002494        23610.0  14.344561   338675.083225
2026-01-25 16:37:50.956 | INFO     | policy.JSG_policy:run_end:393 - end check banned : []
2026-01-25 16:37:50.967 | INFO     | order:match_orders:137 - match order...
                code name  position      close  position_value
sz.002883  sz.002883         9850.0  37.669860   371048.122595
sz.002188  sz.002188        47210.0   7.721245   364519.996337
sz.002591  sz.002591        16140.0  22.452085   362376.643865
sz.002494  sz.002494        23610.0  14.344561   338675.083225
2026-01-25 16:37:50.975 | INFO     | market_env:step:246 - market open date : 2025-08-21 00:00:00
2026-01-25 16:37:50.985 | INFO     | order:match_orders:137 - match order...
                code name  position      close  position_value
sz.002883  sz.002883         9850.0  37.851694   372839.183525
sz.002188  sz.002188        47210.0   7.760440   366370.351648
sz.002591  sz.002591        16140.0  22.556029   364054.313513
sz.002494  sz.002494        23610.0  14.587689   344415.338873
2026-01-25 16:37:51.003 | INFO     | policy.JSG_policy:run_end:393 - end check banned : []
2026-01-25 16:37:51.013 | INFO     | order:match_orders:137 - match order...
                code name  position      close  position_value
sz.002883  sz.002883         9850.0  37.851694   372839.183525
sz.002188  sz.002188        47210.0   7.760440   366370.351648
sz.002591  sz.002591        16140.0  22.556029   364054.313513
sz.002494  sz.002494        23610.0  14.587689   344415.338873
2026-01-25 16:37:51.021 | INFO     | market_env:step:246 - market open date : 2025-08-22 00:00:00
2026-01-25 16:37:51.031 | INFO     | order:match_orders:137 - match order...
                code name  position      close  position_value
sz.002883  sz.002883         9850.0  37.851694   372839.183525
sz.002188  sz.002188        47210.0   7.760440   366370.351648
sz.002591  sz.002591        16140.0  22.452085   362376.643865
sz.002494  sz.002494        23610.0  14.182475   334848.246126
2026-01-25 16:37:51.049 | INFO     | policy.JSG_policy:run_end:393 - end check banned : []
2026-01-25 16:37:51.061 | INFO     | order:match_orders:137 - match order...
                code name  position      close  position_value
sz.002883  sz.002883         9850.0  37.851694   372839.183525
sz.002188  sz.002188        47210.0   7.760440   366370.351648
sz.002591  sz.002591        16140.0  22.452085   362376.643865
sz.002494  sz.002494        23610.0  14.182475   334848.246126
2026-01-25 16:37:52.901 | INFO     | policy.JSG_policy:action_decider:361 - market breath : ['综合']
2026-01-25 16:37:53.200 | INFO     | market_env:step:246 - market open date : 2025-08-25 00:00:00
2026-01-25 16:37:53.211 | INFO     | order:match_orders:137 - match order...
                code name  position      close  position_value
sz.002883  sz.002883         9850.0  37.912305   373436.203835
sz.002188  sz.002188        47210.0   7.551404   356501.789988
sz.002591  sz.002591        16140.0  22.070953   356225.188491
sz.002494  sz.002494        23610.0  14.074419   332297.021394
2026-01-25 16:37:53.232 | INFO     | policy.JSG_policy:run_end:393 - end check banned : []
2026-01-25 16:37:53.242 | INFO     | order:match_orders:137 - match order...
                code name  position      close  position_value
sz.002883  sz.002883         9850.0  37.912305   373436.203835
sz.002188  sz.002188        47210.0   7.551404   356501.789988
sz.002591  sz.002591        16140.0  22.070953   356225.188491
sz.002494  sz.002494        23610.0  14.074419   332297.021394
2026-01-25 16:37:53.251 | INFO     | market_env:step:246 - market open date : 2025-08-26 00:00:00
2026-01-25 16:37:53.262 | INFO     | order:match_orders:137 - match order...
                code name  position      close  position_value
sz.002883  sz.002883         9850.0  38.245667   376719.815539
sz.002188  sz.002188        47210.0   7.721245   364519.996337
sz.002591  sz.002591        16140.0  22.382788   361258.197433
sz.002494  sz.002494        23610.0  14.128447   333572.633760
2026-01-25 16:37:53.282 | INFO     | policy.JSG_policy:run_end:393 - end check banned : []
2026-01-25 16:37:53.293 | INFO     | order:match_orders:137 - match order...
                code name  position      close  position_value
sz.002883  sz.002883         9850.0  38.245667   376719.815539
sz.002188  sz.002188        47210.0   7.721245   364519.996337
sz.002591  sz.002591        16140.0  22.382788   361258.197433
sz.002494  sz.002494        23610.0  14.128447   333572.633760
2026-01-25 16:37:53.302 | INFO     | market_env:step:246 - market open date : 2025-08-27 00:00:00
2026-01-25 16:37:53.313 | INFO     | order:match_orders:137 - match order...
                code name  position      close  position_value
sz.002883  sz.002883         9850.0  36.366719   358212.185933
sz.002188  sz.002188        47210.0   7.303175   344782.873016
sz.002591  sz.002591        16140.0  21.031505   339448.492016
sz.002494  sz.002494        23610.0  13.534134   319540.897732
2026-01-25 16:37:53.332 | INFO     | policy.JSG_policy:run_end:393 - end check banned : []
2026-01-25 16:37:53.342 | INFO     | order:match_orders:137 - match order...
                code name  position      close  position_value
sz.002883  sz.002883         9850.0  36.366719   358212.185933
sz.002188  sz.002188        47210.0   7.303175   344782.873016
sz.002591  sz.002591        16140.0  21.031505   339448.492016
sz.002494  sz.002494        23610.0  13.534134   319540.897732
2026-01-25 16:37:53.350 | INFO     | market_env:step:246 - market open date : 2025-08-28 00:00:00
2026-01-25 16:37:53.361 | INFO     | order:match_orders:137 - match order...
                code name  position      close  position_value
sz.002883  sz.002883         9850.0  35.487857   349555.391439
sz.002188  sz.002188        47210.0   7.120269   336147.881563
sz.002591  sz.002591        16140.0  20.477133   330500.920562
sz.002494  sz.002494        23610.0  13.345034   315076.254450
2026-01-25 16:37:53.378 | INFO     | policy.JSG_policy:run_end:393 - end check banned : []
2026-01-25 16:37:53.388 | INFO     | order:match_orders:137 - match order...
                code name  position      close  position_value
sz.002883  sz.002883         9850.0  35.487857   349555.391439
sz.002188  sz.002188        47210.0   7.120269   336147.881563
sz.002591  sz.002591        16140.0  20.477133   330500.920562
sz.002494  sz.002494        23610.0  13.345034   315076.254450
2026-01-25 16:37:53.397 | INFO     | market_env:step:246 - market open date : 2025-08-29 00:00:00
2026-01-25 16:37:53.407 | INFO     | order:match_orders:137 - match order...
                code name  position      close  position_value
sz.002883  sz.002883         9850.0  35.033273   345077.739115
sz.002188  sz.002188        47210.0   6.989621   329980.030525
sz.002591  sz.002591        16140.0  20.269243   327145.581267
sz.002494  sz.002494        23610.0  12.966835   306146.967887
2026-01-25 16:37:53.426 | INFO     | policy.JSG_policy:run_end:393 - end check banned : []
2026-01-25 16:37:53.439 | INFO     | order:match_orders:137 - match order...
                code name  position      close  position_value
sz.002883  sz.002883         9850.0  35.033273   345077.739115
sz.002188  sz.002188        47210.0   6.989621   329980.030525
sz.002591  sz.002591        16140.0  20.269243   327145.581267
sz.002494  sz.002494        23610.0  12.966835   306146.967887
2026-01-25 16:37:55.331 | INFO     | policy.JSG_policy:action_decider:361 - market breath : ['电子']
2026-01-25 16:37:55.646 | INFO     | order:create_order:75 - create order | datetime : 2025-08-29 00:00:00 | symbol : sz.002883 | name :  | order_id : 91  | order_type : sell | quantity : 9850.0 | exec_time : open
2026-01-25 16:37:55.646 | INFO     | order:create_order:75 - create order | datetime : 2025-08-29 00:00:00 | symbol : sz.002591 | name :  | order_id : 92  | order_type : sell | quantity : 16140.0 | exec_time : open
2026-01-25 16:37:55.646 | INFO     | order:create_order:75 - create order | datetime : 2025-08-29 00:00:00 | symbol : sz.002494 | name :  | order_id : 93  | order_type : sell | quantity : 23610.0 | exec_time : open
2026-01-25 16:37:55.647 | INFO     | order:create_order:75 - create order | datetime : 2025-08-29 00:00:00 | symbol : sz.002828 | name :  | order_id : 94  | order_type : buy | quantity : 17960 | exec_time : open
2026-01-25 16:37:55.656 | INFO     | order:create_order:75 - create order | datetime : 2025-08-29 00:00:00 | symbol : sz.002836 | name :  | order_id : 95  | order_type : buy | quantity : 10183 | exec_time : open
2026-01-25 16:37:55.656 | INFO     | order:create_order:75 - create order | datetime : 2025-08-29 00:00:00 | symbol : sz.003011 | name :  | order_id : 96  | order_type : buy | quantity : 10092 | exec_time : open
2026-01-25 16:37:55.656 | INFO     | market_env:step:246 - market open date : 2025-09-01 00:00:00
2026-01-25 16:37:55.670 | INFO     | order:execute_order:157 - complete order | datetime : 2025-09-01 00:00:00 | order_id : 91 | symbol : sz.002883 | order_type : sell | price : 34.963206460585695 | quantity : 9850
2026-01-25 16:37:55.686 | INFO     | order:execute_order:157 - complete order | datetime : 2025-09-01 00:00:00 | order_id : 92 | symbol : sz.002591 | order_type : sell | price : 20.090388539461557 | quantity : 16140
2026-01-25 16:37:55.700 | INFO     | order:execute_order:157 - complete order | datetime : 2025-09-01 00:00:00 | order_id : 93 | symbol : sz.002494 | order_type : sell | price : 12.886980635739347 | quantity : 23610.0
2026-01-25 16:37:55.722 | INFO     | policy.JSG_policy:buy_policy:81 - price : 18.265934618794788
2026-01-25 16:37:55.722 | INFO     | policy.JSG_policy:buy_policy:99 - num_stakes : 17960 18.265934618794788 : 972365.9188371443
2026-01-25 16:37:55.722 | INFO     | order:execute_order:157 - complete order | datetime : 2025-09-01 00:00:00 | order_id : 94 | symbol : sz.002828 | order_type : buy | price : 18.265934618794788 | quantity : 17960
2026-01-25 16:37:55.742 | INFO     | policy.JSG_policy:buy_policy:81 - price : 31.942840563571373
2026-01-25 16:37:55.742 | INFO     | policy.JSG_policy:buy_policy:99 - num_stakes : 10180 31.942840563571373 : 644276.9274650146
2026-01-25 16:37:55.742 | INFO     | order:execute_order:157 - complete order | datetime : 2025-09-01 00:00:00 | order_id : 95 | symbol : sz.002836 | order_type : buy | price : 31.942840563571373 | quantity : 10180
2026-01-25 16:37:55.761 | INFO     | policy.JSG_policy:buy_policy:81 - price : 32.38299024593985
2026-01-25 16:37:55.762 | INFO     | policy.JSG_policy:buy_policy:99 - num_stakes : 9850.0 32.38299024593985 : 319066.2927161643
2026-01-25 16:37:55.762 | INFO     | order:execute_order:157 - complete order | datetime : 2025-09-01 00:00:00 | order_id : 96 | symbol : sz.003011 | order_type : buy | price : 32.38299024593985 | quantity : 9850.0
2026-01-25 16:37:55.772 | INFO     | order:match_orders:137 - match order...
                code name  position      close  position_value
sz.002188  sz.002188        47210.0   7.695116   363286.426129
sz.002828  sz.002828        17960.0  18.747257   336700.736667
sz.002836  sz.002836        10180.0  32.466238   330506.300423
sz.003011  sz.003011         9850.0  32.581356   320926.355982
2026-01-25 16:37:55.790 | INFO     | policy.JSG_policy:run_end:393 - end check banned : []
2026-01-25 16:37:55.800 | INFO     | order:match_orders:137 - match order...
                code name  position      close  position_value
sz.002188  sz.002188        47210.0   7.695116   363286.426129
sz.002828  sz.002828        17960.0  18.747257   336700.736667
sz.002836  sz.002836        10180.0  32.466238   330506.300423
sz.003011  sz.003011         9850.0  32.581356   320926.355982
2026-01-25 16:37:55.809 | INFO     | market_env:step:246 - market open date : 2025-09-02 00:00:00
2026-01-25 16:37:55.819 | INFO     | order:match_orders:137 - match order...
                code name  position      close  position_value
sz.002188  sz.002188        47210.0   7.120269   336147.881563
sz.002828  sz.002828        17960.0  18.943657   340228.077718
sz.002836  sz.002836        10180.0  32.673469   332615.915106
sz.003011  sz.003011         9850.0  32.148176   316659.528837
2026-01-25 16:37:55.838 | INFO     | policy.JSG_policy:run_end:393 - end check banned : ['sz.002188']
2026-01-25 16:37:55.838 | INFO     | order:create_order:75 - create order | datetime : 2025-09-02 00:00:00 | symbol : sz.002188 | name :  | order_id : 97  | order_type : sell | quantity : 99999999 | exec_time : close
2026-01-25 16:37:55.851 | INFO     | order:execute_order:157 - complete order | datetime : 2025-09-02 00:00:00 | order_id : 97 | symbol : sz.002188 | order_type : sell | price : 7.106028083028083 | quantity : 47210
2026-01-25 16:37:55.861 | INFO     | order:match_orders:137 - match order...
                code name  position      close  position_value
sz.002828  sz.002828        17960.0  18.943657   340228.077718
sz.002836  sz.002836        10180.0  32.673469   332615.915106
sz.003011  sz.003011         9850.0  32.148176   316659.528837
2026-01-25 16:37:55.869 | INFO     | market_env:step:246 - market open date : 2025-09-03 00:00:00
2026-01-25 16:37:55.878 | INFO     | order:match_orders:137 - match order...
                code name  position      close  position_value
sz.002828  sz.002828        17960.0  18.229476   327401.382988
sz.002836  sz.002836        10180.0  31.499158   320661.431900
sz.003011  sz.003011         9850.0  31.142578   306754.394393
2026-01-25 16:37:55.895 | INFO     | policy.JSG_policy:run_end:393 - end check banned : []
2026-01-25 16:37:55.905 | INFO     | order:match_orders:137 - match order...
                code name  position      close  position_value
sz.002828  sz.002828        17960.0  18.229476   327401.382988
sz.002836  sz.002836        10180.0  31.499158   320661.431900
sz.003011  sz.003011         9850.0  31.142578   306754.394393
2026-01-25 16:37:55.913 | INFO     | market_env:step:246 - market open date : 2025-09-04 00:00:00
2026-01-25 16:37:55.924 | INFO     | order:match_orders:137 - match order...
                code name  position      close  position_value
sz.002828  sz.002828        17960.0  18.443730   331249.391407
sz.002836  sz.002836        10180.0  32.086314   326638.673503
sz.003011  sz.003011         9850.0  31.343698   308735.421281
2026-01-25 16:37:55.941 | INFO     | policy.JSG_policy:run_end:393 - end check banned : []
2026-01-25 16:37:55.951 | INFO     | order:match_orders:137 - match order...
                code name  position      close  position_value
sz.002828  sz.002828        17960.0  18.443730   331249.391407
sz.002836  sz.002836        10180.0  32.086314   326638.673503
sz.003011  sz.003011         9850.0  31.343698   308735.421281
2026-01-25 16:37:55.959 | INFO     | market_env:step:246 - market open date : 2025-09-05 00:00:00
2026-01-25 16:37:55.969 | INFO     | order:match_orders:137 - match order...
                code name  position      close  position_value
sz.002828  sz.002828        17960.0  18.979366   340869.412454
sz.002836  sz.002836        10180.0  32.535315   331209.505317
sz.003011  sz.003011         9850.0  31.792349   313154.635110
2026-01-25 16:37:55.986 | INFO     | policy.JSG_policy:run_end:393 - end check banned : []
2026-01-25 16:37:55.996 | INFO     | order:match_orders:137 - match order...
                code name  position      close  position_value
sz.002828  sz.002828        17960.0  18.979366   340869.412454
sz.002836  sz.002836        10180.0  32.535315   331209.505317
sz.003011  sz.003011         9850.0  31.792349   313154.635110
2026-01-25 16:37:57.845 | INFO     | policy.JSG_policy:action_decider:361 - market breath : ['有色金属']
2026-01-25 16:37:58.165 | INFO     | order:create_order:75 - create order | datetime : 2025-09-05 00:00:00 | symbol : sz.002188 | name :  | order_id : 98  | order_type : buy | quantity : 45861 | exec_time : open
2026-01-25 16:37:58.165 | INFO     | market_env:step:246 - market open date : 2025-09-08 00:00:00
2026-01-25 16:37:58.188 | INFO     | policy.JSG_policy:buy_policy:81 - price : 7.2261450549450545
2026-01-25 16:37:58.188 | INFO     | policy.JSG_policy:buy_policy:99 - num_stakes : 45860 7.2261450549450545 : 335336.2419965405
2026-01-25 16:37:58.188 | INFO     | order:execute_order:157 - complete order | datetime : 2025-09-08 00:00:00 | order_id : 98 | symbol : sz.002188 | order_type : buy | price : 7.2261450549450545 | quantity : 45860
2026-01-25 16:37:58.199 | INFO     | order:match_orders:137 - match order...
                code name  position      close  position_value
sz.002828  sz.002828        17960.0  19.086493   342793.416664
sz.002836  sz.002836        10180.0  33.191547   337889.951815
sz.003011  sz.003011         9850.0  32.658710   321688.289400
sz.002188  sz.002188        45860.0   7.342369   336721.030525
2026-01-25 16:37:58.220 | INFO     | policy.JSG_policy:run_end:393 - end check banned : []
2026-01-25 16:37:58.231 | INFO     | order:match_orders:137 - match order...
                code name  position      close  position_value
sz.002828  sz.002828        17960.0  19.086493   342793.416664
sz.002836  sz.002836        10180.0  33.191547   337889.951815
sz.003011  sz.003011         9850.0  32.658710   321688.289400
sz.002188  sz.002188        45860.0   7.342369   336721.030525
2026-01-25 16:37:58.241 | INFO     | market_env:step:246 - market open date : 2025-09-09 00:00:00
2026-01-25 16:37:58.251 | INFO     | order:match_orders:137 - match order...
                code name  position      close  position_value
sz.002828  sz.002828        17960.0  18.943657   340228.077718
sz.002836  sz.002836        10180.0  33.018855   336131.939579
sz.003011  sz.003011         9850.0  32.612297   321231.129349
sz.002188  sz.002188        45860.0   7.512210   344509.951160
2026-01-25 16:37:58.271 | INFO     | policy.JSG_policy:run_end:393 - end check banned : []
2026-01-25 16:37:58.282 | INFO     | order:match_orders:137 - match order...
                code name  position      close  position_value
sz.002828  sz.002828        17960.0  18.943657   340228.077718
sz.002836  sz.002836        10180.0  33.018855   336131.939579
sz.003011  sz.003011         9850.0  32.612297   321231.129349
sz.002188  sz.002188        45860.0   7.512210   344509.951160
2026-01-25 16:37:58.291 | INFO     | market_env:step:246 - market open date : 2025-09-10 00:00:00
2026-01-25 16:37:58.302 | INFO     | order:match_orders:137 - match order...
                code name  position      close  position_value
sz.002828  sz.002828        17960.0  19.997074   359147.452445
sz.002836  sz.002836        10180.0  33.191547   337889.951815
sz.003011  sz.003011         9850.0  32.612297   321231.129349
sz.002188  sz.002188        45860.0   7.577534   347505.689866
2026-01-25 16:37:58.322 | INFO     | policy.JSG_policy:run_end:393 - end check banned : []
2026-01-25 16:37:58.333 | INFO     | order:match_orders:137 - match order...
                code name  position      close  position_value
sz.002828  sz.002828        17960.0  19.997074   359147.452445
sz.002836  sz.002836        10180.0  33.191547   337889.951815
sz.003011  sz.003011         9850.0  32.612297   321231.129349
sz.002188  sz.002188        45860.0   7.577534   347505.689866
2026-01-25 16:37:58.341 | INFO     | market_env:step:246 - market open date : 2025-09-11 00:00:00
2026-01-25 16:37:58.352 | INFO     | order:match_orders:137 - match order...
                code name  position      close  position_value
sz.002828  sz.002828        17960.0  19.479293   349848.098765
sz.002836  sz.002836        10180.0  33.295163   338944.759157
sz.003011  sz.003011         9850.0  32.596827   321078.742665
sz.002188  sz.002188        45860.0   7.564469   346906.542125
2026-01-25 16:37:58.373 | INFO     | policy.JSG_policy:run_end:393 - end check banned : []
2026-01-25 16:37:58.384 | INFO     | order:match_orders:137 - match order...
                code name  position      close  position_value
sz.002828  sz.002828        17960.0  19.479293   349848.098765
sz.002836  sz.002836        10180.0  33.295163   338944.759157
sz.003011  sz.003011         9850.0  32.596827   321078.742665
sz.002188  sz.002188        45860.0   7.564469   346906.542125
2026-01-25 16:37:58.394 | INFO     | market_env:step:246 - market open date : 2025-09-12 00:00:00
2026-01-25 16:37:58.406 | INFO     | order:match_orders:137 - match order...
                code name  position      close  position_value
sz.002828  sz.002828        17960.0  18.997220   341190.079823
sz.002836  sz.002836        10180.0  32.880700   334725.529790
sz.003011  sz.003011         9850.0  31.807819   313307.021794
sz.002188  sz.002188        45860.0   7.629792   349902.280830
2026-01-25 16:37:58.428 | INFO     | policy.JSG_policy:run_end:393 - end check banned : []
2026-01-25 16:37:58.440 | INFO     | order:match_orders:137 - match order...
                code name  position      close  position_value
sz.002828  sz.002828        17960.0  18.997220   341190.079823
sz.002836  sz.002836        10180.0  32.880700   334725.529790
sz.003011  sz.003011         9850.0  31.807819   313307.021794
sz.002188  sz.002188        45860.0   7.629792   349902.280830
2026-01-25 16:38:00.525 | INFO     | policy.JSG_policy:action_decider:361 - market breath : ['房地产']
2026-01-25 16:38:00.849 | INFO     | market_env:step:246 - market open date : 2025-09-15 00:00:00
2026-01-25 16:38:00.861 | INFO     | order:match_orders:137 - match order...
                code name  position      close  position_value
sz.002828  sz.002828        17960.0  19.175766   344396.753505
sz.002836  sz.002836        10180.0  32.708008   332967.517554
sz.003011  sz.003011         9850.0  31.421051   309497.354700
sz.002188  sz.002188        45860.0   7.721245   354096.315018
2026-01-25 16:38:00.883 | INFO     | policy.JSG_policy:run_end:393 - end check banned : []
2026-01-25 16:38:00.895 | INFO     | order:match_orders:137 - match order...
                code name  position      close  position_value
sz.002828  sz.002828        17960.0  19.175766   344396.753505
sz.002836  sz.002836        10180.0  32.708008   332967.517554
sz.003011  sz.003011         9850.0  31.421051   309497.354700
sz.002188  sz.002188        45860.0   7.721245   354096.315018
2026-01-25 16:38:00.905 | INFO     | market_env:step:246 - market open date : 2025-09-16 00:00:00
2026-01-25 16:38:00.917 | INFO     | order:match_orders:137 - match order...
                code name  position      close  position_value
sz.002828  sz.002828        17960.0  18.854384   338624.740876
sz.002836  sz.002836        10180.0  33.157009   337538.349368
sz.003011  sz.003011         9850.0  32.086293   316049.982102
sz.002188  sz.002188        45860.0   7.851893   360087.792430
2026-01-25 16:38:00.939 | INFO     | policy.JSG_policy:run_end:393 - end check banned : []
2026-01-25 16:38:00.951 | INFO     | order:match_orders:137 - match order...
                code name  position      close  position_value
sz.002828  sz.002828        17960.0  18.854384   338624.740876
sz.002836  sz.002836        10180.0  33.157009   337538.349368
sz.003011  sz.003011         9850.0  32.086293   316049.982102
sz.002188  sz.002188        45860.0   7.851893   360087.792430
2026-01-25 16:38:00.961 | INFO     | market_env:step:246 - market open date : 2025-09-17 00:00:00
2026-01-25 16:38:00.973 | INFO     | order:match_orders:137 - match order...
                code name  position      close  position_value
sz.002828  sz.002828        17960.0  18.997220   341190.079823
sz.002836  sz.002836        10180.0  33.053393   336483.542026
sz.003011  sz.003011         9850.0  31.792349   313154.635110
sz.002188  sz.002188        45860.0   7.708181   353497.167277
2026-01-25 16:38:00.994 | INFO     | policy.JSG_policy:run_end:393 - end check banned : []
2026-01-25 16:38:01.006 | INFO     | order:match_orders:137 - match order...
                code name  position      close  position_value
sz.002828  sz.002828        17960.0  18.997220   341190.079823
sz.002836  sz.002836        10180.0  33.053393   336483.542026
sz.003011  sz.003011         9850.0  31.792349   313154.635110
sz.002188  sz.002188        45860.0   7.708181   353497.167277
2026-01-25 16:38:01.015 | INFO     | market_env:step:246 - market open date : 2025-09-18 00:00:00
2026-01-25 16:38:01.027 | INFO     | order:match_orders:137 - match order...
                code name  position      close  position_value
sz.002828  sz.002828        17960.0  18.354457   329646.054565
sz.002836  sz.002836        10180.0  32.259006   328396.685739
sz.003011  sz.003011         9850.0  31.869702   313916.568529
sz.002188  sz.002188        45860.0   7.446886   341514.212454
2026-01-25 16:38:01.048 | INFO     | policy.JSG_policy:run_end:393 - end check banned : []
2026-01-25 16:38:01.060 | INFO     | order:match_orders:137 - match order...
                code name  position      close  position_value
sz.002828  sz.002828        17960.0  18.354457   329646.054565
sz.002836  sz.002836        10180.0  32.259006   328396.685739
sz.003011  sz.003011         9850.0  31.869702   313916.568529
sz.002188  sz.002188        45860.0   7.446886   341514.212454
2026-01-25 16:38:01.070 | INFO     | market_env:step:246 - market open date : 2025-09-19 00:00:00
2026-01-25 16:38:01.081 | INFO     | order:match_orders:137 - match order...
                code name  position      close  position_value
sz.002828  sz.002828        17960.0  18.443730   331249.391407
sz.002836  sz.002836        10180.0  31.913621   324880.661267
sz.003011  sz.003011         9850.0  32.952653   324583.636392
sz.002188  sz.002188        45860.0   7.342369   336721.030525
2026-01-25 16:38:01.101 | INFO     | policy.JSG_policy:run_end:393 - end check banned : []
2026-01-25 16:38:01.112 | INFO     | order:match_orders:137 - match order...
                code name  position      close  position_value
sz.002828  sz.002828        17960.0  18.443730   331249.391407
sz.002836  sz.002836        10180.0  31.913621   324880.661267
sz.003011  sz.003011         9850.0  32.952653   324583.636392
sz.002188  sz.002188        45860.0   7.342369   336721.030525
2026-01-25 16:38:03.281 | INFO     | policy.JSG_policy:action_decider:361 - market breath : ['煤炭']
2026-01-25 16:38:03.308 | INFO     | order:create_order:75 - create order | datetime : 2025-09-19 00:00:00 | symbol : sz.002828 | name :  | order_id : 99  | order_type : sell | quantity : 17960.0 | exec_time : open
2026-01-25 16:38:03.308 | INFO     | order:create_order:75 - create order | datetime : 2025-09-19 00:00:00 | symbol : sz.002836 | name :  | order_id : 100  | order_type : sell | quantity : 10180.0 | exec_time : open
2026-01-25 16:38:03.308 | INFO     | order:create_order:75 - create order | datetime : 2025-09-19 00:00:00 | symbol : sz.003011 | name :  | order_id : 101  | order_type : sell | quantity : 9850.0 | exec_time : open
2026-01-25 16:38:03.308 | INFO     | order:create_order:75 - create order | datetime : 2025-09-19 00:00:00 | symbol : sz.002188 | name :  | order_id : 102  | order_type : sell | quantity : 45860.0 | exec_time : open
2026-01-25 16:38:03.308 | INFO     | market_env:step:246 - market open date : 2025-09-22 00:00:00
2026-01-25 16:38:03.323 | INFO     | order:execute_order:157 - complete order | datetime : 2025-09-22 00:00:00 | order_id : 99 | symbol : sz.002828 | order_type : sell | price : 18.335567287847766 | quantity : 17960
2026-01-25 16:38:03.337 | INFO     | order:execute_order:157 - complete order | datetime : 2025-09-22 00:00:00 | order_id : 100 | symbol : sz.002836 | order_type : sell | price : 31.815324233976277 | quantity : 10180
2026-01-25 16:38:03.351 | INFO     | order:execute_order:157 - complete order | datetime : 2025-09-22 00:00:00 | order_id : 101 | symbol : sz.003011 | order_type : sell | price : 32.91762770960476 | quantity : 9850.0
2026-01-25 16:38:03.366 | INFO     | order:execute_order:157 - complete order | datetime : 2025-09-22 00:00:00 | order_id : 102 | symbol : sz.002188 | order_type : sell | price : 7.327684004884006 | quantity : 45860
2026-01-25 16:38:03.367 | INFO     | order:match_orders:137 - match order...
Empty DataFrame
Columns: []
Index: []
2026-01-25 16:38:03.367 | INFO     | order:match_orders:137 - match order...
Empty DataFrame
Columns: []
Index: []
2026-01-25 16:38:03.368 | INFO     | market_env:step:246 - market open date : 2025-09-23 00:00:00
2026-01-25 16:38:03.368 | INFO     | order:match_orders:137 - match order...
Empty DataFrame
Columns: []
Index: []
2026-01-25 16:38:03.369 | INFO     | order:match_orders:137 - match order...
Empty DataFrame
Columns: []
Index: []
2026-01-25 16:38:03.369 | INFO     | market_env:step:246 - market open date : 2025-09-24 00:00:00
2026-01-25 16:38:03.369 | INFO     | order:match_orders:137 - match order...
Empty DataFrame
Columns: []
Index: []
2026-01-25 16:38:03.370 | INFO     | order:match_orders:137 - match order...
Empty DataFrame
Columns: []
Index: []
2026-01-25 16:38:03.370 | INFO     | market_env:step:246 - market open date : 2025-09-25 00:00:00
2026-01-25 16:38:03.370 | INFO     | order:match_orders:137 - match order...
Empty DataFrame
Columns: []
Index: []
2026-01-25 16:38:03.370 | INFO     | order:match_orders:137 - match order...
Empty DataFrame
Columns: []
Index: []
2026-01-25 16:38:03.371 | INFO     | market_env:step:246 - market open date : 2025-09-26 00:00:00
2026-01-25 16:38:03.371 | INFO     | order:match_orders:137 - match order...
Empty DataFrame
Columns: []
Index: []
2026-01-25 16:38:03.372 | INFO     | order:match_orders:137 - match order...
Empty DataFrame
Columns: []
Index: []
2026-01-25 16:38:05.420 | INFO     | policy.JSG_policy:action_decider:361 - market breath : ['电子']
2026-01-25 16:38:05.738 | INFO     | order:create_order:75 - create order | datetime : 2025-09-26 00:00:00 | symbol : sz.002188 | name :  | order_id : 103  | order_type : buy | quantity : 45394 | exec_time : open
2026-01-25 16:38:05.738 | INFO     | order:create_order:75 - create order | datetime : 2025-09-26 00:00:00 | symbol : sz.002828 | name :  | order_id : 104  | order_type : buy | quantity : 18216 | exec_time : open
2026-01-25 16:38:05.747 | INFO     | order:create_order:75 - create order | datetime : 2025-09-26 00:00:00 | symbol : sz.002316 | name :  | order_id : 105  | order_type : buy | quantity : 18720 | exec_time : open
2026-01-25 16:38:05.748 | INFO     | order:create_order:75 - create order | datetime : 2025-09-26 00:00:00 | symbol : sz.003011 | name :  | order_id : 106  | order_type : buy | quantity : 10317 | exec_time : open
2026-01-25 16:38:05.748 | INFO     | market_env:step:246 - market open date : 2025-09-29 00:00:00
2026-01-25 16:38:05.761 | INFO     | policy.JSG_policy:buy_policy:81 - price : 7.278508424908425
2026-01-25 16:38:05.762 | INFO     | policy.JSG_policy:buy_policy:99 - num_stakes : 45390 7.278508424908425 : 1316597.017464393
2026-01-25 16:38:05.762 | INFO     | order:execute_order:157 - complete order | datetime : 2025-09-29 00:00:00 | order_id : 103 | symbol : sz.002188 | order_type : buy | price : 7.278508424908425 | quantity : 45390
2026-01-25 16:38:05.782 | INFO     | policy.JSG_policy:buy_policy:81 - price : 17.979690785395455
2026-01-25 16:38:05.782 | INFO     | policy.JSG_policy:buy_policy:99 - num_stakes : 18210 17.979690785395455 : 986192.482908059
2026-01-25 16:38:05.782 | INFO     | order:execute_order:157 - complete order | datetime : 2025-09-29 00:00:00 | order_id : 104 | symbol : sz.002828 | order_type : buy | price : 17.979690785395455 | quantity : 18210
2026-01-25 16:38:05.804 | INFO     | policy.JSG_policy:buy_policy:81 - price : 17.651284287119882
2026-01-25 16:38:05.804 | INFO     | policy.JSG_policy:buy_policy:99 - num_stakes : 18720 17.651284287119882 : 658749.5726890876
2026-01-25 16:38:05.804 | INFO     | order:execute_order:157 - complete order | datetime : 2025-09-29 00:00:00 | order_id : 105 | symbol : sz.002316 | order_type : buy | price : 17.651284287119882 | quantity : 18720
2026-01-25 16:38:05.823 | INFO     | policy.JSG_policy:buy_policy:81 - price : 31.964318977000985
2026-01-25 16:38:05.823 | INFO     | policy.JSG_policy:buy_policy:99 - num_stakes : 10260.0 31.964318977000985 : 328284.4876300179
2026-01-25 16:38:05.823 | INFO     | order:execute_order:157 - complete order | datetime : 2025-09-29 00:00:00 | order_id : 106 | symbol : sz.003011 | order_type : buy | price : 31.964318977000985 | quantity : 10260.0
2026-01-25 16:38:05.833 | INFO     | order:match_orders:137 - match order...
                code name  position      close  position_value
sz.002188  sz.002188        45390.0   7.394628   335642.146520
sz.002828  sz.002828        18210.0  18.390166   334884.930912
sz.002316  sz.002316        18720.0  17.816235   333519.911598
sz.003011  sz.003011        10260.0  32.465963   333100.779023
2026-01-25 16:38:05.852 | INFO     | policy.JSG_policy:run_end:393 - end check banned : []
2026-01-25 16:38:05.862 | INFO     | order:match_orders:137 - match order...
                code name  position      close  position_value
sz.002188  sz.002188        45390.0   7.394628   335642.146520
sz.002828  sz.002828        18210.0  18.390166   334884.930912
sz.002316  sz.002316        18720.0  17.816235   333519.911598
sz.003011  sz.003011        10260.0  32.465963   333100.779023
2026-01-25 16:38:05.870 | INFO     | market_env:step:246 - market open date : 2025-09-30 00:00:00
2026-01-25 16:38:05.880 | INFO     | order:match_orders:137 - match order...
                code name  position      close  position_value
sz.002188  sz.002188        45390.0   7.499145   340386.205128
sz.002828  sz.002828        18210.0  18.515148   337160.847919
sz.002316  sz.002316        18720.0  17.616052   329772.496861
sz.003011  sz.003011        10260.0  32.418842   332617.323610
2026-01-25 16:38:05.898 | INFO     | policy.JSG_policy:run_end:393 - end check banned : []
2026-01-25 16:38:05.908 | INFO     | order:match_orders:137 - match order...
                code name  position      close  position_value
sz.002188  sz.002188        45390.0   7.499145   340386.205128
sz.002828  sz.002828        18210.0  18.515148   337160.847919
sz.002316  sz.002316        18720.0  17.616052   329772.496861
sz.003011  sz.003011        10260.0  32.418842   332617.323610
2026-01-25 16:38:07.769 | INFO     | policy.JSG_policy:action_decider:361 - market breath : ['有色金属']
2026-01-25 16:38:08.081 | INFO     | order:create_order:75 - create order | datetime : 2025-09-30 00:00:00 | symbol : sz.003011 | name :  | order_id : 107  | order_type : sell | quantity : 10260.0 | exec_time : open
2026-01-25 16:38:08.081 | INFO     | order:create_order:75 - create order | datetime : 2025-09-30 00:00:00 | symbol : sz.002780 | name :  | order_id : 108  | order_type : buy | quantity : 12754 | exec_time : open
2026-01-25 16:38:08.081 | INFO     | market_env:step:246 - market open date : 2025-10-09 00:00:00
2026-01-25 16:38:08.095 | INFO     | order:execute_order:157 - complete order | datetime : 2025-10-09 00:00:00 | order_id : 107 | symbol : sz.003011 | order_type : sell | price : 32.322653992416384 | quantity : 10260.0
2026-01-25 16:38:08.118 | INFO     | policy.JSG_policy:buy_policy:81 - price : 26.65610507442138
2026-01-25 16:38:08.118 | INFO     | policy.JSG_policy:buy_policy:99 - num_stakes : 12440.0 26.65610507442138 : 331729.2312389322
2026-01-25 16:38:08.118 | INFO     | order:execute_order:157 - complete order | datetime : 2025-10-09 00:00:00 | order_id : 108 | symbol : sz.002780 | order_type : buy | price : 26.65610507442138 | quantity : 12440.0
2026-01-25 16:38:08.129 | INFO     | order:match_orders:137 - match order...
                code name  position      close  position_value
sz.002188  sz.002188        45390.0   7.329304   332677.109890
sz.002828  sz.002828        18210.0  18.711548   340737.288928
sz.002316  sz.002316        18720.0  17.749507   332270.773353
sz.002780  sz.002780        12440.0  26.016071   323639.918455
2026-01-25 16:38:08.150 | INFO     | policy.JSG_policy:run_end:393 - end check banned : []
2026-01-25 16:38:08.161 | INFO     | order:match_orders:137 - match order...
                code name  position      close  position_value
sz.002188  sz.002188        45390.0   7.329304   332677.109890
sz.002828  sz.002828        18210.0  18.711548   340737.288928
sz.002316  sz.002316        18720.0  17.749507   332270.773353
sz.002780  sz.002780        12440.0  26.016071   323639.918455
2026-01-25 16:38:08.170 | INFO     | market_env:step:246 - market open date : 2025-10-10 00:00:00
2026-01-25 16:38:08.180 | INFO     | order:match_orders:137 - match order...
                code name  position      close  position_value
sz.002188  sz.002188        45390.0   7.525275   341572.219780
sz.002828  sz.002828        18210.0  18.925802   344638.860939
sz.002316  sz.002316        18720.0  17.983053   336642.757212
sz.002780  sz.002780        12440.0  26.231241   326316.639585
2026-01-25 16:38:08.199 | INFO     | policy.JSG_policy:run_end:393 - end check banned : []
2026-01-25 16:38:08.210 | INFO     | order:match_orders:137 - match order...
                code name  position      close  position_value
sz.002188  sz.002188        45390.0   7.525275   341572.219780
sz.002828  sz.002828        18210.0  18.925802   344638.860939
sz.002316  sz.002316        18720.0  17.983053   336642.757212
sz.002780  sz.002780        12440.0  26.231241   326316.639585
2026-01-25 16:38:10.182 | INFO     | policy.JSG_policy:action_decider:361 - market breath : ['煤炭']
2026-01-25 16:38:10.206 | INFO     | order:create_order:75 - create order | datetime : 2025-10-10 00:00:00 | symbol : sz.002188 | name :  | order_id : 109  | order_type : sell | quantity : 45390.0 | exec_time : open
2026-01-25 16:38:10.206 | INFO     | order:create_order:75 - create order | datetime : 2025-10-10 00:00:00 | symbol : sz.002828 | name :  | order_id : 110  | order_type : sell | quantity : 18210.0 | exec_time : open
2026-01-25 16:38:10.206 | INFO     | order:create_order:75 - create order | datetime : 2025-10-10 00:00:00 | symbol : sz.002316 | name :  | order_id : 111  | order_type : sell | quantity : 18720.0 | exec_time : open
2026-01-25 16:38:10.206 | INFO     | order:create_order:75 - create order | datetime : 2025-10-10 00:00:00 | symbol : sz.002780 | name :  | order_id : 112  | order_type : sell | quantity : 12440.0 | exec_time : open
2026-01-25 16:38:10.206 | INFO     | market_env:step:246 - market open date : 2025-10-13 00:00:00
2026-01-25 16:38:10.219 | INFO     | order:execute_order:157 - complete order | datetime : 2025-10-13 00:00:00 | order_id : 109 | symbol : sz.002188 | order_type : sell | price : 7.37983833943834 | quantity : 45390
2026-01-25 16:38:10.232 | INFO     | order:execute_order:157 - complete order | datetime : 2025-10-13 00:00:00 | order_id : 110 | symbol : sz.002828 | order_type : sell | price : 18.371204930778475 | quantity : 18210
2026-01-25 16:38:10.245 | INFO     | order:execute_order:157 - complete order | datetime : 2025-10-13 00:00:00 | order_id : 111 | symbol : sz.002316 | order_type : sell | price : 17.147958977973985 | quantity : 18720
2026-01-25 16:38:10.258 | INFO     | order:execute_order:157 - complete order | datetime : 2025-10-13 00:00:00 | order_id : 112 | symbol : sz.002780 | order_type : sell | price : 25.61264547223609 | quantity : 12440.0
2026-01-25 16:38:10.258 | INFO     | order:match_orders:137 - match order...
Empty DataFrame
Columns: []
Index: []
2026-01-25 16:38:10.258 | INFO     | order:match_orders:137 - match order...
Empty DataFrame
Columns: []
Index: []
2026-01-25 16:38:10.259 | INFO     | market_env:step:246 - market open date : 2025-10-14 00:00:00
2026-01-25 16:38:10.259 | INFO     | order:match_orders:137 - match order...
Empty DataFrame
Columns: []
Index: []
2026-01-25 16:38:10.260 | INFO     | order:match_orders:137 - match order...
Empty DataFrame
Columns: []
Index: []
2026-01-25 16:38:10.260 | INFO     | market_env:step:246 - market open date : 2025-10-15 00:00:00
2026-01-25 16:38:10.260 | INFO     | order:match_orders:137 - match order...
Empty DataFrame
Columns: []
Index: []
2026-01-25 16:38:10.260 | INFO     | order:match_orders:137 - match order...
Empty DataFrame
Columns: []
Index: []
2026-01-25 16:38:10.261 | INFO     | market_env:step:246 - market open date : 2025-10-16 00:00:00
2026-01-25 16:38:10.261 | INFO     | order:match_orders:137 - match order...
Empty DataFrame
Columns: []
Index: []
2026-01-25 16:38:10.261 | INFO     | order:match_orders:137 - match order...
Empty DataFrame
Columns: []
Index: []
2026-01-25 16:38:10.262 | INFO     | market_env:step:246 - market open date : 2025-10-17 00:00:00
2026-01-25 16:38:10.262 | INFO     | order:match_orders:137 - match order...
Empty DataFrame
Columns: []
Index: []
2026-01-25 16:38:10.262 | INFO     | order:match_orders:137 - match order...
Empty DataFrame
Columns: []
Index: []
2026-01-25 16:38:12.080 | INFO     | policy.JSG_policy:action_decider:361 - market breath : ['煤炭']
2026-01-25 16:38:12.080 | INFO     | market_env:step:246 - market open date : 2025-10-20 00:00:00
2026-01-25 16:38:12.080 | INFO     | order:match_orders:137 - match order...
Empty DataFrame
Columns: []
Index: []
2026-01-25 16:38:12.081 | INFO     | order:match_orders:137 - match order...
Empty DataFrame
Columns: []
Index: []
2026-01-25 16:38:12.081 | INFO     | market_env:step:246 - market open date : 2025-10-21 00:00:00
2026-01-25 16:38:12.081 | INFO     | order:match_orders:137 - match order...
Empty DataFrame
Columns: []
Index: []
2026-01-25 16:38:12.082 | INFO     | order:match_orders:137 - match order...
Empty DataFrame
Columns: []
Index: []
2026-01-25 16:38:12.082 | INFO     | market_env:step:246 - market open date : 2025-10-22 00:00:00
2026-01-25 16:38:12.082 | INFO     | order:match_orders:137 - match order...
Empty DataFrame
Columns: []
Index: []
2026-01-25 16:38:12.083 | INFO     | order:match_orders:137 - match order...
Empty DataFrame
Columns: []
Index: []
2026-01-25 16:38:12.083 | INFO     | market_env:step:246 - market open date : 2025-10-23 00:00:00
2026-01-25 16:38:12.083 | INFO     | order:match_orders:137 - match order...
Empty DataFrame
Columns: []
Index: []
2026-01-25 16:38:12.084 | INFO     | order:match_orders:137 - match order...
Empty DataFrame
Columns: []
Index: []
2026-01-25 16:38:12.084 | INFO     | market_env:step:246 - market open date : 2025-10-24 00:00:00
2026-01-25 16:38:12.084 | INFO     | order:match_orders:137 - match order...
Empty DataFrame
Columns: []
Index: []
2026-01-25 16:38:12.085 | INFO     | order:match_orders:137 - match order...
Empty DataFrame
Columns: []
Index: []
2026-01-25 16:38:13.880 | INFO     | policy.JSG_policy:action_decider:361 - market breath : ['银行']
2026-01-25 16:38:13.881 | INFO     | market_env:step:246 - market open date : 2025-10-27 00:00:00
2026-01-25 16:38:13.881 | INFO     | order:match_orders:137 - match order...
Empty DataFrame
Columns: []
Index: []
2026-01-25 16:38:13.882 | INFO     | order:match_orders:137 - match order...
Empty DataFrame
Columns: []
Index: []
2026-01-25 16:38:13.882 | INFO     | market_env:step:246 - market open date : 2025-10-28 00:00:00
2026-01-25 16:38:13.882 | INFO     | order:match_orders:137 - match order...
Empty DataFrame
Columns: []
Index: []
2026-01-25 16:38:13.883 | INFO     | order:match_orders:137 - match order...
Empty DataFrame
Columns: []
Index: []
2026-01-25 16:38:13.883 | INFO     | market_env:step:246 - market open date : 2025-10-29 00:00:00
2026-01-25 16:38:13.883 | INFO     | order:match_orders:137 - match order...
Empty DataFrame
Columns: []
Index: []
2026-01-25 16:38:13.884 | INFO     | order:match_orders:137 - match order...
Empty DataFrame
Columns: []
Index: []
2026-01-25 16:38:13.884 | INFO     | market_env:step:246 - market open date : 2025-10-30 00:00:00
2026-01-25 16:38:13.884 | INFO     | order:match_orders:137 - match order...
Empty DataFrame
Columns: []
Index: []
2026-01-25 16:38:13.884 | INFO     | order:match_orders:137 - match order...
Empty DataFrame
Columns: []
Index: []
2026-01-25 16:38:13.885 | INFO     | market_env:step:246 - market open date : 2025-10-31 00:00:00
2026-01-25 16:38:13.885 | INFO     | order:match_orders:137 - match order...
Empty DataFrame
Columns: []
Index: []
2026-01-25 16:38:13.885 | INFO     | order:match_orders:137 - match order...
Empty DataFrame
Columns: []
Index: []
2026-01-25 16:38:15.856 | INFO     | policy.JSG_policy:action_decider:361 - market breath : ['综合']
2026-01-25 16:38:16.210 | INFO     | order:create_order:75 - create order | datetime : 2025-10-31 00:00:00 | symbol : sz.002188 | name :  | order_id : 113  | order_type : buy | quantity : 41180 | exec_time : open
2026-01-25 16:38:16.210 | INFO     | order:create_order:75 - create order | datetime : 2025-10-31 00:00:00 | symbol : sz.002494 | name :  | order_id : 114  | order_type : buy | quantity : 22633 | exec_time : open
2026-01-25 16:38:16.210 | INFO     | order:create_order:75 - create order | datetime : 2025-10-31 00:00:00 | symbol : sz.003003 | name :  | order_id : 115  | order_type : buy | quantity : 24401 | exec_time : open
2026-01-25 16:38:16.210 | INFO     | order:create_order:75 - create order | datetime : 2025-10-31 00:00:00 | symbol : sz.002828 | name :  | order_id : 116  | order_type : buy | quantity : 16256 | exec_time : open
2026-01-25 16:38:16.210 | INFO     | market_env:step:246 - market open date : 2025-11-03 00:00:00
2026-01-25 16:38:16.226 | INFO     | policy.JSG_policy:buy_policy:81 - price : 8.142504029304028
2026-01-25 16:38:16.226 | INFO     | policy.JSG_policy:buy_policy:99 - num_stakes : 41180 8.142504029304028 : 1308450.2447138345
2026-01-25 16:38:16.226 | INFO     | order:execute_order:157 - complete order | datetime : 2025-11-03 00:00:00 | order_id : 113 | symbol : sz.002188 | order_type : buy | price : 8.142504029304028 | quantity : 41180
2026-01-25 16:38:16.248 | INFO     | policy.JSG_policy:buy_policy:81 - price : 14.50859137521445
2026-01-25 16:38:16.248 | INFO     | policy.JSG_policy:buy_policy:99 - num_stakes : 22630 14.50859137521445 : 973108.3979555019
2026-01-25 16:38:16.248 | INFO     | order:execute_order:157 - complete order | datetime : 2025-11-03 00:00:00 | order_id : 114 | symbol : sz.002494 | order_type : buy | price : 14.50859137521445 | quantity : 22630
2026-01-25 16:38:16.269 | INFO     | policy.JSG_policy:buy_policy:81 - price : 13.674859671961478
2026-01-25 16:38:16.269 | INFO     | policy.JSG_policy:buy_policy:99 - num_stakes : 24400 13.674859671961478 : 644746.1421921168
2026-01-25 16:38:16.269 | INFO     | order:execute_order:157 - complete order | datetime : 2025-11-03 00:00:00 | order_id : 115 | symbol : sz.003003 | order_type : buy | price : 13.674859671961478 | quantity : 24400
2026-01-25 16:38:16.292 | INFO     | policy.JSG_policy:buy_policy:81 - price : 20.305421931765014
2026-01-25 16:38:16.292 | INFO     | policy.JSG_policy:buy_policy:99 - num_stakes : 15310.0 20.305421931765014 : 311046.1995386572
2026-01-25 16:38:16.292 | INFO     | order:execute_order:157 - complete order | datetime : 2025-11-03 00:00:00 | order_id : 116 | symbol : sz.002828 | order_type : buy | price : 20.305421931765014 | quantity : 15310.0
2026-01-25 16:38:16.303 | INFO     | order:match_orders:137 - match order...
                code name  position      close  position_value
sz.002188  sz.002188        41180.0   8.126252   334639.037851
sz.002494  sz.002494        22630.0  14.857831   336232.725876
sz.003003  sz.003003        24400.0  13.910625   339419.244369
sz.002828  sz.002828        15310.0  20.889801   319822.848960
2026-01-25 16:38:16.323 | INFO     | policy.JSG_policy:run_end:393 - end check banned : []
2026-01-25 16:38:16.334 | INFO     | order:match_orders:137 - match order...
                code name  position      close  position_value
sz.002188  sz.002188        41180.0   8.126252   334639.037851
sz.002494  sz.002494        22630.0  14.857831   336232.725876
sz.003003  sz.003003        24400.0  13.910625   339419.244369
sz.002828  sz.002828        15310.0  20.889801   319822.848960
2026-01-25 16:38:16.343 | INFO     | market_env:step:246 - market open date : 2025-11-04 00:00:00
2026-01-25 16:38:16.354 | INFO     | order:match_orders:137 - match order...
                code name  position      close  position_value
sz.002188  sz.002188        41180.0   8.256899   340019.086691
sz.002494  sz.002494        22630.0  14.938874   338066.722562
sz.003003  sz.003003        24400.0  14.163163   345581.167111
sz.002828  sz.002828        15310.0  20.746964   317636.026061
2026-01-25 16:38:16.374 | INFO     | policy.JSG_policy:run_end:393 - end check banned : []
2026-01-25 16:38:16.384 | INFO     | order:match_orders:137 - match order...
                code name  position      close  position_value
sz.002188  sz.002188        41180.0   8.256899   340019.086691
sz.002494  sz.002494        22630.0  14.938874   338066.722562
sz.003003  sz.003003        24400.0  14.163163   345581.167111
sz.002828  sz.002828        15310.0  20.746964   317636.026061
2026-01-25 16:38:16.393 | INFO     | market_env:step:246 - market open date : 2025-11-05 00:00:00
2026-01-25 16:38:16.403 | INFO     | order:match_orders:137 - match order...
                code name  position      close  position_value
sz.002188  sz.002188        41180.0   8.348352   343785.120879
sz.002494  sz.002494        22630.0  15.100960   341734.715936
sz.003003  sz.003003        24400.0  14.047416   342756.952521
sz.002828  sz.002828        15310.0  21.104055   323103.083309
2026-01-25 16:38:16.421 | INFO     | policy.JSG_policy:run_end:393 - end check banned : []
2026-01-25 16:38:16.430 | INFO     | order:match_orders:137 - match order...
                code name  position      close  position_value
sz.002188  sz.002188        41180.0   8.348352   343785.120879
sz.002494  sz.002494        22630.0  15.100960   341734.715936
sz.003003  sz.003003        24400.0  14.047416   342756.952521
sz.002828  sz.002828        15310.0  21.104055   323103.083309
2026-01-25 16:38:16.438 | INFO     | market_env:step:246 - market open date : 2025-11-06 00:00:00
2026-01-25 16:38:16.448 | INFO     | order:match_orders:137 - match order...
                code name  position      close  position_value
sz.002188  sz.002188        41180.0   8.361416   344323.125763
sz.002494  sz.002494        22630.0  15.154988   342957.380393
sz.003003  sz.003003        24400.0  14.015849   341986.712178
sz.002828  sz.002828        15310.0  20.961219   320916.260410
2026-01-25 16:38:16.467 | INFO     | policy.JSG_policy:run_end:393 - end check banned : []
2026-01-25 16:38:16.478 | INFO     | order:match_orders:137 - match order...
                code name  position      close  position_value
sz.002188  sz.002188        41180.0   8.361416   344323.125763
sz.002494  sz.002494        22630.0  15.154988   342957.380393
sz.003003  sz.003003        24400.0  14.015849   341986.712178
sz.002828  sz.002828        15310.0  20.961219   320916.260410
2026-01-25 16:38:16.487 | INFO     | market_env:step:246 - market open date : 2025-11-07 00:00:00
2026-01-25 16:38:16.497 | INFO     | order:match_orders:137 - match order...
                code name  position      close  position_value
sz.002188  sz.002188        41180.0   8.413675   346475.145299
sz.002494  sz.002494        22630.0  15.182002   343568.712622
sz.003003  sz.003003        24400.0  14.068461   343270.446083
sz.002828  sz.002828        15310.0  21.014782   321736.318997
2026-01-25 16:38:16.515 | INFO     | policy.JSG_policy:run_end:393 - end check banned : []
2026-01-25 16:38:16.526 | INFO     | order:match_orders:137 - match order...
                code name  position      close  position_value
sz.002188  sz.002188        41180.0   8.413675   346475.145299
sz.002494  sz.002494        22630.0  15.182002   343568.712622
sz.003003  sz.003003        24400.0  14.068461   343270.446083
sz.002828  sz.002828        15310.0  21.014782   321736.318997
2026-01-25 16:38:18.462 | INFO     | policy.JSG_policy:action_decider:361 - market breath : ['石油石化']
2026-01-25 16:38:18.793 | INFO     | market_env:step:246 - market open date : 2025-11-10 00:00:00
2026-01-25 16:38:18.803 | INFO     | order:match_orders:137 - match order...
                code name  position      close  position_value
sz.002188  sz.002188        41180.0   8.439805   347551.155067
sz.002494  sz.002494        22630.0  15.398116   348459.370453
sz.003003  sz.003003        24400.0  14.173685   345837.913892
sz.002828  sz.002828        15310.0  20.800528   318456.084649
2026-01-25 16:38:18.821 | INFO     | policy.JSG_policy:run_end:393 - end check banned : []
2026-01-25 16:38:18.831 | INFO     | order:match_orders:137 - match order...
                code name  position      close  position_value
sz.002188  sz.002188        41180.0   8.439805   347551.155067
sz.002494  sz.002494        22630.0  15.398116   348459.370453
sz.003003  sz.003003        24400.0  14.173685   345837.913892
sz.002828  sz.002828        15310.0  20.800528   318456.084649
2026-01-25 16:38:18.839 | INFO     | market_env:step:246 - market open date : 2025-11-11 00:00:00
2026-01-25 16:38:18.849 | INFO     | order:match_orders:137 - match order...
                code name  position      close  position_value
sz.002188  sz.002188        41180.0   8.505128   350241.179487
sz.002494  sz.002494        22630.0  15.425130   349070.702682
sz.003003  sz.003003        24400.0  14.163163   345581.167111
sz.002828  sz.002828        15310.0  20.943364   320642.907547
2026-01-25 16:38:18.867 | INFO     | policy.JSG_policy:run_end:393 - end check banned : []
2026-01-25 16:38:18.877 | INFO     | order:match_orders:137 - match order...
                code name  position      close  position_value
sz.002188  sz.002188        41180.0   8.505128   350241.179487
sz.002494  sz.002494        22630.0  15.425130   349070.702682
sz.003003  sz.003003        24400.0  14.163163   345581.167111
sz.002828  sz.002828        15310.0  20.943364   320642.907547
2026-01-25 16:38:18.885 | INFO     | market_env:step:246 - market open date : 2025-11-12 00:00:00
2026-01-25 16:38:18.894 | INFO     | order:match_orders:137 - match order...
                code name  position      close  position_value
sz.002188  sz.002188        41180.0   8.531258   351317.189255
sz.002494  sz.002494        22630.0  15.479159   350293.367140
sz.003003  sz.003003        24400.0  14.110551   344297.433206
sz.002828  sz.002828        15310.0  21.746818   332943.786354
2026-01-25 16:38:18.912 | INFO     | policy.JSG_policy:run_end:393 - end check banned : []
2026-01-25 16:38:18.921 | INFO     | order:match_orders:137 - match order...
                code name  position      close  position_value
sz.002188  sz.002188        41180.0   8.531258   351317.189255
sz.002494  sz.002494        22630.0  15.479159   350293.367140
sz.003003  sz.003003        24400.0  14.110551   344297.433206
sz.002828  sz.002828        15310.0  21.746818   332943.786354
2026-01-25 16:38:18.929 | INFO     | market_env:step:246 - market open date : 2025-11-13 00:00:00
2026-01-25 16:38:18.939 | INFO     | order:match_orders:137 - match order...
                code name  position      close  position_value
sz.002188  sz.002188        41180.0   8.661905   356697.238095
sz.002494  sz.002494        22630.0  15.560202   352127.363826
sz.003003  sz.003003        24400.0  14.184207   346094.660673
sz.002828  sz.002828        15310.0  21.550418   329936.904868
2026-01-25 16:38:18.956 | INFO     | policy.JSG_policy:run_end:393 - end check banned : []
2026-01-25 16:38:18.967 | INFO     | order:match_orders:137 - match order...
                code name  position      close  position_value
sz.002188  sz.002188        41180.0   8.661905   356697.238095
sz.002494  sz.002494        22630.0  15.560202   352127.363826
sz.003003  sz.003003        24400.0  14.184207   346094.660673
sz.002828  sz.002828        15310.0  21.550418   329936.904868
2026-01-25 16:38:18.975 | INFO     | market_env:step:246 - market open date : 2025-11-14 00:00:00
2026-01-25 16:38:18.985 | INFO     | order:match_orders:137 - match order...
                code name  position      close  position_value
sz.002188  sz.002188        41180.0   8.701099   358311.252747
sz.002494  sz.002494        22630.0  15.776316   357018.021657
sz.003003  sz.003003        24400.0  14.594581   356107.785128
sz.002828  sz.002828        15310.0  22.193181   339777.607913
2026-01-25 16:38:19.002 | INFO     | policy.JSG_policy:run_end:393 - end check banned : []
2026-01-25 16:38:19.012 | INFO     | order:match_orders:137 - match order...
                code name  position      close  position_value
sz.002188  sz.002188        41180.0   8.701099   358311.252747
sz.002494  sz.002494        22630.0  15.776316   357018.021657
sz.003003  sz.003003        24400.0  14.594581   356107.785128
sz.002828  sz.002828        15310.0  22.193181   339777.607913
2026-01-25 16:38:20.926 | INFO     | policy.JSG_policy:action_decider:361 - market breath : ['石油石化']
2026-01-25 16:38:21.279 | INFO     | order:create_order:75 - create order | datetime : 2025-11-14 00:00:00 | symbol : sz.002828 | name :  | order_id : 117  | order_type : sell | quantity : 15310.0 | exec_time : open
2026-01-25 16:38:21.279 | INFO     | order:create_order:75 - create order | datetime : 2025-11-14 00:00:00 | symbol : sz.002830 | name :  | order_id : 118  | order_type : buy | quantity : 8513 | exec_time : open
2026-01-25 16:38:21.279 | INFO     | market_env:step:246 - market open date : 2025-11-17 00:00:00
2026-01-25 16:38:21.293 | INFO     | order:execute_order:157 - complete order | datetime : 2025-11-17 00:00:00 | order_id : 117 | symbol : sz.002828 | order_type : sell | price : 21.84587511652222 | quantity : 15310.0
2026-01-25 16:38:21.314 | INFO     | policy.JSG_policy:buy_policy:81 - price : 41.66046042408343
2026-01-25 16:38:21.314 | INFO     | policy.JSG_policy:buy_policy:99 - num_stakes : 8020.0 41.66046042408343 : 334398.7739874921
2026-01-25 16:38:21.314 | INFO     | order:execute_order:157 - complete order | datetime : 2025-11-17 00:00:00 | order_id : 118 | symbol : sz.002830 | order_type : buy | price : 41.66046042408343 | quantity : 8020.0
2026-01-25 16:38:21.324 | INFO     | order:match_orders:137 - match order...
                code name  position      close  position_value
sz.002188  sz.002188        41180.0   8.805617   362615.291819
sz.002494  sz.002494        22630.0  16.100486   364354.008404
sz.003003  sz.003003        24400.0  14.436745   352256.583415
sz.002830  sz.002830         8020.0  42.447684   340430.427244
2026-01-25 16:38:21.342 | INFO     | policy.JSG_policy:run_end:393 - end check banned : []
2026-01-25 16:38:21.353 | INFO     | order:match_orders:137 - match order...
                code name  position      close  position_value
sz.002188  sz.002188        41180.0   8.805617   362615.291819
sz.002494  sz.002494        22630.0  16.100486   364354.008404
sz.003003  sz.003003        24400.0  14.436745   352256.583415
sz.002830  sz.002830         8020.0  42.447684   340430.427244
2026-01-25 16:38:21.361 | INFO     | market_env:step:246 - market open date : 2025-11-18 00:00:00
2026-01-25 16:38:21.371 | INFO     | order:match_orders:137 - match order...
                code name  position      close  position_value
sz.002188  sz.002188        41180.0   8.674969   357235.242979
sz.002494  sz.002494        22630.0  15.803330   357629.353886
sz.003003  sz.003003        24400.0  14.247342   347635.141358
sz.002830  sz.002830         8020.0  42.938667   344368.108316
2026-01-25 16:38:21.389 | INFO     | policy.JSG_policy:run_end:393 - end check banned : []
2026-01-25 16:38:21.400 | INFO     | order:match_orders:137 - match order...
                code name  position      close  position_value
sz.002188  sz.002188        41180.0   8.674969   357235.242979
sz.002494  sz.002494        22630.0  15.803330   357629.353886
sz.003003  sz.003003        24400.0  14.247342   347635.141358
sz.002830  sz.002830         8020.0  42.938667   344368.108316
2026-01-25 16:38:21.408 | INFO     | market_env:step:246 - market open date : 2025-11-19 00:00:00
2026-01-25 16:38:21.418 | INFO     | order:match_orders:137 - match order...
                code name  position      close  position_value
sz.002188  sz.002188        41180.0   8.400611   345937.140415
sz.002494  sz.002494        22630.0  15.506173   350904.699369
sz.003003  sz.003003        24400.0  13.858013   338135.510464
sz.002830  sz.002830         8020.0  42.157558   338103.615701
2026-01-25 16:38:21.435 | INFO     | policy.JSG_policy:run_end:393 - end check banned : []
2026-01-25 16:38:21.445 | INFO     | order:match_orders:137 - match order...
                code name  position      close  position_value
sz.002188  sz.002188        41180.0   8.400611   345937.140415
sz.002494  sz.002494        22630.0  15.506173   350904.699369
sz.003003  sz.003003        24400.0  13.858013   338135.510464
sz.002830  sz.002830         8020.0  42.157558   338103.615701
2026-01-25 16:38:21.453 | INFO     | market_env:step:246 - market open date : 2025-11-20 00:00:00
2026-01-25 16:38:21.463 | INFO     | order:match_orders:137 - match order...
                code name  position      close  position_value
sz.002188  sz.002188        41180.0   8.348352   343785.120879
sz.002494  sz.002494        22630.0  15.425130   349070.702682
sz.003003  sz.003003        24400.0  13.752789   335568.042655
sz.002830  sz.002830         8020.0  40.863149   327722.456511
2026-01-25 16:38:21.481 | INFO     | policy.JSG_policy:run_end:393 - end check banned : []
2026-01-25 16:38:21.491 | INFO     | order:match_orders:137 - match order...
                code name  position      close  position_value
sz.002188  sz.002188        41180.0   8.348352   343785.120879
sz.002494  sz.002494        22630.0  15.425130   349070.702682
sz.003003  sz.003003        24400.0  13.752789   335568.042655
sz.002830  sz.002830         8020.0  40.863149   327722.456511
2026-01-25 16:38:21.499 | INFO     | market_env:step:246 - market open date : 2025-11-21 00:00:00
2026-01-25 16:38:21.509 | INFO     | order:match_orders:137 - match order...
                code name  position      close  position_value
sz.002188  sz.002188        41180.0   7.760440   319574.901099
sz.002494  sz.002494        22630.0  14.506646   328285.406901
sz.003003  sz.003003        24400.0  12.910996   315028.300182
sz.002830  sz.002830         8020.0  38.854584   311613.761215
2026-01-25 16:38:21.538 | INFO     | policy.JSG_policy:run_end:393 - end check banned : []
2026-01-25 16:38:21.549 | INFO     | order:match_orders:137 - match order...
                code name  position      close  position_value
sz.002188  sz.002188        41180.0   7.760440   319574.901099
sz.002494  sz.002494        22630.0  14.506646   328285.406901
sz.003003  sz.003003        24400.0  12.910996   315028.300182
sz.002830  sz.002830         8020.0  38.854584   311613.761215
2026-01-25 16:38:23.554 | INFO     | policy.JSG_policy:action_decider:361 - market breath : ['银行']
2026-01-25 16:38:23.579 | INFO     | order:create_order:75 - create order | datetime : 2025-11-21 00:00:00 | symbol : sz.002188 | name :  | order_id : 119  | order_type : sell | quantity : 41180.0 | exec_time : open
2026-01-25 16:38:23.579 | INFO     | order:create_order:75 - create order | datetime : 2025-11-21 00:00:00 | symbol : sz.002494 | name :  | order_id : 120  | order_type : sell | quantity : 22630.0 | exec_time : open
2026-01-25 16:38:23.579 | INFO     | order:create_order:75 - create order | datetime : 2025-11-21 00:00:00 | symbol : sz.003003 | name :  | order_id : 121  | order_type : sell | quantity : 24400.0 | exec_time : open
2026-01-25 16:38:23.579 | INFO     | order:create_order:75 - create order | datetime : 2025-11-21 00:00:00 | symbol : sz.002830 | name :  | order_id : 122  | order_type : sell | quantity : 8020.0 | exec_time : open
2026-01-25 16:38:23.580 | INFO     | market_env:step:246 - market open date : 2025-11-24 00:00:00
2026-01-25 16:38:23.593 | INFO     | order:execute_order:157 - complete order | datetime : 2025-11-24 00:00:00 | order_id : 119 | symbol : sz.002188 | order_type : sell | price : 7.8101115995116 | quantity : 41180
2026-01-25 16:38:23.605 | INFO     | order:execute_order:157 - complete order | datetime : 2025-11-24 00:00:00 | order_id : 120 | symbol : sz.002494 | order_type : sell | price : 14.774195373190716 | quantity : 22630
2026-01-25 16:38:23.620 | INFO     | order:execute_order:157 - complete order | datetime : 2025-11-24 00:00:00 | order_id : 121 | symbol : sz.003003 | order_type : sell | price : 13.02169165235125 | quantity : 24400
2026-01-25 16:38:23.636 | INFO     | order:execute_order:157 - complete order | datetime : 2025-11-24 00:00:00 | order_id : 122 | symbol : sz.002830 | order_type : sell | price : 38.910511083122 | quantity : 8020.0
2026-01-25 16:38:23.637 | INFO     | order:match_orders:137 - match order...
Empty DataFrame
Columns: []
Index: []
2026-01-25 16:38:23.637 | INFO     | order:match_orders:137 - match order...
Empty DataFrame
Columns: []
Index: []
2026-01-25 16:38:23.637 | INFO     | market_env:step:246 - market open date : 2025-11-25 00:00:00
2026-01-25 16:38:23.638 | INFO     | order:match_orders:137 - match order...
Empty DataFrame
Columns: []
Index: []
2026-01-25 16:38:23.638 | INFO     | order:match_orders:137 - match order...
Empty DataFrame
Columns: []
Index: []
2026-01-25 16:38:23.639 | INFO     | market_env:step:246 - market open date : 2025-11-26 00:00:00
2026-01-25 16:38:23.639 | INFO     | order:match_orders:137 - match order...
Empty DataFrame
Columns: []
Index: []
2026-01-25 16:38:23.639 | INFO     | order:match_orders:137 - match order...
Empty DataFrame
Columns: []
Index: []
2026-01-25 16:38:23.640 | INFO     | market_env:step:246 - market open date : 2025-11-27 00:00:00
2026-01-25 16:38:23.640 | INFO     | order:match_orders:137 - match order...
Empty DataFrame
Columns: []
Index: []
2026-01-25 16:38:23.640 | INFO     | order:match_orders:137 - match order...
Empty DataFrame
Columns: []
Index: []
2026-01-25 16:38:23.641 | INFO     | market_env:step:246 - market open date : 2025-11-28 00:00:00
2026-01-25 16:38:23.641 | INFO     | order:match_orders:137 - match order...
Empty DataFrame
Columns: []
Index: []
2026-01-25 16:38:23.641 | INFO     | order:match_orders:137 - match order...
Empty DataFrame
Columns: []
Index: []
2026-01-25 16:38:25.576 | INFO     | policy.JSG_policy:action_decider:361 - market breath : ['通信']
2026-01-25 16:38:25.904 | INFO     | order:create_order:75 - create order | datetime : 2025-11-28 00:00:00 | symbol : sz.002188 | name :  | order_id : 123  | order_type : buy | quantity : 39224 | exec_time : open
2026-01-25 16:38:25.904 | INFO     | order:create_order:75 - create order | datetime : 2025-11-28 00:00:00 | symbol : sz.002494 | name :  | order_id : 124  | order_type : buy | quantity : 21126 | exec_time : open
2026-01-25 16:38:25.905 | INFO     | order:create_order:75 - create order | datetime : 2025-11-28 00:00:00 | symbol : sz.003003 | name :  | order_id : 125  | order_type : buy | quantity : 23256 | exec_time : open
2026-01-25 16:38:25.914 | INFO     | order:create_order:75 - create order | datetime : 2025-11-28 00:00:00 | symbol : sz.002144 | name :  | order_id : 126  | order_type : buy | quantity : 20725 | exec_time : open
2026-01-25 16:38:25.914 | INFO     | market_env:step:246 - market open date : 2025-12-01 00:00:00
2026-01-25 16:38:25.927 | INFO     | policy.JSG_policy:buy_policy:81 - price : 8.247230769230768
2026-01-25 16:38:25.928 | INFO     | policy.JSG_policy:buy_policy:99 - num_stakes : 39220 8.247230769230768 : 1285229.030656985
2026-01-25 16:38:25.928 | INFO     | order:execute_order:157 - complete order | datetime : 2025-12-01 00:00:00 | order_id : 123 | symbol : sz.002188 | order_type : buy | price : 8.247230769230768 | quantity : 39220
2026-01-25 16:38:25.948 | INFO     | policy.JSG_policy:buy_policy:81 - price : 15.239434597473387
2026-01-25 16:38:25.948 | INFO     | policy.JSG_policy:buy_policy:99 - num_stakes : 21120 15.239434597473387 : 961740.2942486774
2026-01-25 16:38:25.948 | INFO     | order:execute_order:157 - complete order | datetime : 2025-12-01 00:00:00 | order_id : 124 | symbol : sz.002494 | order_type : buy | price : 15.239434597473387 | quantity : 21120
2026-01-25 16:38:25.968 | INFO     | policy.JSG_policy:buy_policy:81 - price : 14.075510919096818
2026-01-25 16:38:25.968 | INFO     | policy.JSG_policy:buy_policy:99 - num_stakes : 23250 14.075510919096818 : 639851.2498641696
2026-01-25 16:38:25.969 | INFO     | order:execute_order:157 - complete order | datetime : 2025-12-01 00:00:00 | order_id : 125 | symbol : sz.003003 | order_type : buy | price : 14.075510919096818 | quantity : 23250
2026-01-25 16:38:25.989 | INFO     | policy.JSG_policy:buy_policy:81 - price : 15.639111142782179
2026-01-25 16:38:25.989 | INFO     | policy.JSG_policy:buy_policy:99 - num_stakes : 19980.0 15.639111142782179 : 312562.8954322817
2026-01-25 16:38:25.989 | INFO     | order:execute_order:157 - complete order | datetime : 2025-12-01 00:00:00 | order_id : 126 | symbol : sz.002144 | order_type : buy | price : 15.639111142782179 | quantity : 19980.0
2026-01-25 16:38:25.999 | INFO     | order:match_orders:137 - match order...
                code name  position      close  position_value
sz.002188  sz.002188        39220.0   8.178510   320761.177045
sz.002494  sz.002494        21120.0  14.992903   316650.104015
sz.003003  sz.003003        23250.0  15.194359   353268.839166
sz.002144  sz.002144        19980.0  15.724285   314171.220791
2026-01-25 16:38:26.017 | INFO     | policy.JSG_policy:run_end:393 - end check banned : []
2026-01-25 16:38:26.026 | INFO     | order:match_orders:137 - match order...
                code name  position      close  position_value
sz.002188  sz.002188        39220.0   8.178510   320761.177045
sz.002494  sz.002494        21120.0  14.992903   316650.104015
sz.003003  sz.003003        23250.0  15.194359   353268.839166
sz.002144  sz.002144        19980.0  15.724285   314171.220791
2026-01-25 16:38:26.034 | INFO     | market_env:step:246 - market open date : 2025-12-02 00:00:00
2026-01-25 16:38:26.044 | INFO     | order:match_orders:137 - match order...
                code name  position      close  position_value
sz.002188  sz.002188        39220.0   8.178510   320761.177045
sz.002494  sz.002494        21120.0  15.182002   320643.889111
sz.003003  sz.003003        23250.0  14.531447   337856.140504
sz.002144  sz.002144        19980.0  15.805758   315799.050951
2026-01-25 16:38:26.062 | INFO     | policy.JSG_policy:run_end:393 - end check banned : ['sz.003003']
2026-01-25 16:38:26.062 | INFO     | order:create_order:75 - create order | datetime : 2025-12-02 00:00:00 | symbol : sz.003003 | name :  | order_id : 127  | order_type : sell | quantity : 99999999 | exec_time : close
2026-01-25 16:38:26.074 | INFO     | order:execute_order:157 - complete order | datetime : 2025-12-02 00:00:00 | order_id : 127 | symbol : sz.003003 | order_type : sell | price : 14.502384009594415 | quantity : 23250
2026-01-25 16:38:26.083 | INFO     | order:match_orders:137 - match order...
                code name  position      close  position_value
sz.002188  sz.002188        39220.0   8.178510   320761.177045
sz.002494  sz.002494        21120.0  15.182002   320643.889111
sz.002144  sz.002144        19980.0  15.805758   315799.050951
2026-01-25 16:38:26.091 | INFO     | market_env:step:246 - market open date : 2025-12-03 00:00:00
2026-01-25 16:38:26.100 | INFO     | order:match_orders:137 - match order...
                code name  position      close  position_value
sz.002188  sz.002188        39220.0   8.113187   318199.186813
sz.002494  sz.002494        21120.0  14.938874   315509.022559
sz.002144  sz.002144        19980.0  15.805758   315799.050951
2026-01-25 16:38:26.117 | INFO     | policy.JSG_policy:run_end:393 - end check banned : []
2026-01-25 16:38:26.127 | INFO     | order:match_orders:137 - match order...
                code name  position      close  position_value
sz.002188  sz.002188        39220.0   8.113187   318199.186813
sz.002494  sz.002494        21120.0  14.938874   315509.022559
sz.002144  sz.002144        19980.0  15.805758   315799.050951
2026-01-25 16:38:26.134 | INFO     | market_env:step:246 - market open date : 2025-12-04 00:00:00
2026-01-25 16:38:26.144 | INFO     | order:match_orders:137 - match order...
                code name  position      close  position_value
sz.002188  sz.002188        39220.0   7.864957   308463.623932
sz.002494  sz.002494        21120.0  14.641718   309233.074552
sz.002144  sz.002144        19980.0  15.456588   308822.635981
2026-01-25 16:38:26.160 | INFO     | policy.JSG_policy:run_end:393 - end check banned : []
2026-01-25 16:38:26.170 | INFO     | order:match_orders:137 - match order...
                code name  position      close  position_value
sz.002188  sz.002188        39220.0   7.864957   308463.623932
sz.002494  sz.002494        21120.0  14.641718   309233.074552
sz.002144  sz.002144        19980.0  15.456588   308822.635981
2026-01-25 16:38:26.179 | INFO     | market_env:step:246 - market open date : 2025-12-05 00:00:00
2026-01-25 16:38:26.189 | INFO     | order:match_orders:137 - match order...
                code name  position      close  position_value
sz.002188  sz.002188        39220.0   8.073993   316661.992674
sz.002494  sz.002494        21120.0  14.830817   313226.859648
sz.002144  sz.002144        19980.0  15.538061   310450.466141
2026-01-25 16:38:26.207 | INFO     | policy.JSG_policy:run_end:393 - end check banned : []
2026-01-25 16:38:26.217 | INFO     | order:match_orders:137 - match order...
                code name  position      close  position_value
sz.002188  sz.002188        39220.0   8.073993   316661.992674
sz.002494  sz.002494        21120.0  14.830817   313226.859648
sz.002144  sz.002144        19980.0  15.538061   310450.466141
2026-01-25 16:38:28.118 | INFO     | policy.JSG_policy:action_decider:361 - market breath : ['国防军工']
2026-01-25 16:38:28.470 | INFO     | order:create_order:75 - create order | datetime : 2025-12-05 00:00:00 | symbol : sz.003011 | name :  | order_id : 128  | order_type : buy | quantity : 8786 | exec_time : open
2026-01-25 16:38:28.470 | INFO     | market_env:step:246 - market open date : 2025-12-08 00:00:00
2026-01-25 16:38:28.492 | INFO     | policy.JSG_policy:buy_policy:81 - price : 37.00054845639061
2026-01-25 16:38:28.492 | INFO     | policy.JSG_policy:buy_policy:99 - num_stakes : 8780 37.00054845639061 : 337040.32782156684
2026-01-25 16:38:28.492 | INFO     | order:execute_order:157 - complete order | datetime : 2025-12-08 00:00:00 | order_id : 128 | symbol : sz.003011 | order_type : buy | price : 37.00054845639061 | quantity : 8780
2026-01-25 16:38:28.501 | INFO     | order:match_orders:137 - match order...
                code name  position      close  position_value
sz.002188  sz.002188        39220.0   8.217705   322298.371184
sz.002494  sz.002494        21120.0  15.046931   317791.185471
sz.002144  sz.002144        19980.0  15.863953   316961.786779
sz.003011  sz.003011         8780.0  36.361250   319251.776226
2026-01-25 16:38:28.519 | INFO     | policy.JSG_policy:run_end:393 - end check banned : []
2026-01-25 16:38:28.529 | INFO     | order:match_orders:137 - match order...
                code name  position      close  position_value
sz.002188  sz.002188        39220.0   8.217705   322298.371184
sz.002494  sz.002494        21120.0  15.046931   317791.185471
sz.002144  sz.002144        19980.0  15.863953   316961.786779
sz.003011  sz.003011         8780.0  36.361250   319251.776226
2026-01-25 16:38:28.537 | INFO     | market_env:step:246 - market open date : 2025-12-09 00:00:00
2026-01-25 16:38:28.548 | INFO     | order:match_orders:137 - match order...
                code name  position      close  position_value
sz.002188  sz.002188        39220.0   8.047863   315637.196581
sz.002494  sz.002494        21120.0  14.992903   316650.104015
sz.002144  sz.002144        19980.0  15.468227   309055.183147
sz.003011  sz.003011         8780.0  36.518318   320630.833575
2026-01-25 16:38:28.566 | INFO     | policy.JSG_policy:run_end:393 - end check banned : []
2026-01-25 16:38:28.577 | INFO     | order:match_orders:137 - match order...
                code name  position      close  position_value
sz.002188  sz.002188        39220.0   8.047863   315637.196581
sz.002494  sz.002494        21120.0  14.992903   316650.104015
sz.002144  sz.002144        19980.0  15.468227   309055.183147
sz.003011  sz.003011         8780.0  36.518318   320630.833575
2026-01-25 16:38:28.585 | INFO     | market_env:step:246 - market open date : 2025-12-10 00:00:00
2026-01-25 16:38:28.595 | INFO     | order:match_orders:137 - match order...
                code name  position      close  position_value
sz.002188  sz.002188        39220.0   7.943346   311538.012210
sz.002494  sz.002494        21120.0  14.641718   309233.074552
sz.002144  sz.002144        19980.0  15.200530   303706.598337
sz.003011  sz.003011         8780.0  35.246067   309460.469051
2026-01-25 16:38:28.612 | INFO     | policy.JSG_policy:run_end:393 - end check banned : []
2026-01-25 16:38:28.622 | INFO     | order:match_orders:137 - match order...
                code name  position      close  position_value
sz.002188  sz.002188        39220.0   7.943346   311538.012210
sz.002494  sz.002494        21120.0  14.641718   309233.074552
sz.002144  sz.002144        19980.0  15.200530   303706.598337
sz.003011  sz.003011         8780.0  35.246067   309460.469051
2026-01-25 16:38:28.629 | INFO     | market_env:step:246 - market open date : 2025-12-11 00:00:00
2026-01-25 16:38:28.639 | INFO     | order:match_orders:137 - match order...
                code name  position      close  position_value
sz.002188  sz.002188        39220.0   7.499145   294116.478632
sz.002494  sz.002494        21120.0  13.966362   294969.556353
sz.002144  sz.002144        19980.0  14.734971   294404.711711
sz.003011  sz.003011         8780.0  34.115177   299531.256140
2026-01-25 16:38:28.656 | INFO     | policy.JSG_policy:run_end:393 - end check banned : []
2026-01-25 16:38:28.666 | INFO     | order:match_orders:137 - match order...
                code name  position      close  position_value
sz.002188  sz.002188        39220.0   7.499145   294116.478632
sz.002494  sz.002494        21120.0  13.966362   294969.556353
sz.002144  sz.002144        19980.0  14.734971   294404.711711
sz.003011  sz.003011         8780.0  34.115177   299531.256140
2026-01-25 16:38:28.674 | INFO     | market_env:step:246 - market open date : 2025-12-12 00:00:00
2026-01-25 16:38:28.685 | INFO     | order:match_orders:137 - match order...
                code name  position      close  position_value
sz.002188  sz.002188        39220.0   7.185592   281818.925519
sz.002494  sz.002494        21120.0  13.534134   285840.904706
sz.002144  sz.002144        19980.0  14.281050   285335.372251
sz.003011  sz.003011         8780.0  33.361251   292911.780866
2026-01-25 16:38:28.702 | INFO     | policy.JSG_policy:run_end:393 - end check banned : []
2026-01-25 16:38:28.713 | INFO     | order:match_orders:137 - match order...
                code name  position      close  position_value
sz.002188  sz.002188        39220.0   7.185592   281818.925519
sz.002494  sz.002494        21120.0  13.534134   285840.904706
sz.002144  sz.002144        19980.0  14.281050   285335.372251
sz.003011  sz.003011         8780.0  33.361251   292911.780866
2026-01-25 16:38:30.718 | INFO     | policy.JSG_policy:action_decider:361 - market breath : ['国防军工']
2026-01-25 16:38:31.068 | INFO     | order:create_order:75 - create order | datetime : 2025-12-12 00:00:00 | symbol : sz.003011 | name :  | order_id : 129  | order_type : sell | quantity : 8780.0 | exec_time : open
2026-01-25 16:38:31.068 | INFO     | order:create_order:75 - create order | datetime : 2025-12-12 00:00:00 | symbol : sz.002828 | name :  | order_id : 130  | order_type : buy | quantity : 15140 | exec_time : open
2026-01-25 16:38:31.068 | INFO     | market_env:step:246 - market open date : 2025-12-15 00:00:00
2026-01-25 16:38:31.082 | INFO     | order:execute_order:157 - complete order | datetime : 2025-12-15 00:00:00 | order_id : 129 | symbol : sz.003011 | order_type : sell | price : 33.310203556685174 | quantity : 8780
2026-01-25 16:38:31.103 | INFO     | policy.JSG_policy:buy_policy:81 - price : 19.160446598167695
2026-01-25 16:38:31.103 | INFO     | policy.JSG_policy:buy_policy:99 - num_stakes : 15140 19.160446598167695 : 304431.13496827177
2026-01-25 16:38:31.103 | INFO     | order:execute_order:157 - complete order | datetime : 2025-12-15 00:00:00 | order_id : 130 | symbol : sz.002828 | order_type : buy | price : 19.160446598167695 | quantity : 15140
2026-01-25 16:38:31.113 | INFO     | order:match_orders:137 - match order...
                code name  position      close  position_value
sz.002188  sz.002188        39220.0   7.368498   288992.498168
sz.002494  sz.002494        21120.0  13.885319   293257.934169
sz.002144  sz.002144        19980.0  14.525469   290218.862729
sz.002828  sz.002828        15140.0  19.836383   300322.844901
2026-01-25 16:38:31.133 | INFO     | policy.JSG_policy:run_end:393 - end check banned : []
2026-01-25 16:38:31.144 | INFO     | order:match_orders:137 - match order...
                code name  position      close  position_value
sz.002188  sz.002188        39220.0   7.368498   288992.498168
sz.002494  sz.002494        21120.0  13.885319   293257.934169
sz.002144  sz.002144        19980.0  14.525469   290218.862729
sz.002828  sz.002828        15140.0  19.836383   300322.844901
2026-01-25 16:38:31.153 | INFO     | market_env:step:246 - market open date : 2025-12-16 00:00:00
2026-01-25 16:38:31.164 | INFO     | order:match_orders:137 - match order...
                code name  position      close  position_value
sz.002188  sz.002188        39220.0   7.329304   287455.304029
sz.002494  sz.002494        21120.0  13.534134   285840.904706
sz.002144  sz.002144        19980.0  14.234494   284405.183588
sz.002828  sz.002828        15140.0  18.622275   281941.248633
2026-01-25 16:38:31.183 | INFO     | policy.JSG_policy:run_end:393 - end check banned : []
2026-01-25 16:38:31.194 | INFO     | order:match_orders:137 - match order...
                code name  position      close  position_value
sz.002188  sz.002188        39220.0   7.329304   287455.304029
sz.002494  sz.002494        21120.0  13.534134   285840.904706
sz.002144  sz.002144        19980.0  14.234494   284405.183588
sz.002828  sz.002828        15140.0  18.622275   281941.248633
2026-01-25 16:38:31.203 | INFO     | market_env:step:246 - market open date : 2025-12-17 00:00:00
2026-01-25 16:38:31.214 | INFO     | order:match_orders:137 - match order...
                code name  position      close  position_value
sz.002188  sz.002188        39220.0   8.060928   316149.594628
sz.002494  sz.002494        21120.0  13.615176   287552.526890
sz.002144  sz.002144        19980.0  14.281050   285335.372251
sz.002828  sz.002828        15140.0  18.729403   283563.154186
2026-01-25 16:38:31.236 | INFO     | policy.JSG_policy:run_end:393 - end check banned : []
2026-01-25 16:38:31.247 | INFO     | order:match_orders:137 - match order...
                code name  position      close  position_value
sz.002188  sz.002188        39220.0   8.060928   316149.594628
sz.002494  sz.002494        21120.0  13.615176   287552.526890
sz.002144  sz.002144        19980.0  14.281050   285335.372251
sz.002828  sz.002828        15140.0  18.729403   283563.154186
2026-01-25 16:38:31.257 | INFO     | market_env:step:246 - market open date : 2025-12-18 00:00:00
2026-01-25 16:38:31.268 | INFO     | order:match_orders:137 - match order...
                code name  position      close  position_value
sz.002188  sz.002188        39220.0   8.870940   347918.273504
sz.002494  sz.002494        21120.0  13.885319   293257.934169
sz.002144  sz.002144        19980.0  14.455635   288823.579735
sz.002828  sz.002828        15140.0  18.925802   286536.647700
2026-01-25 16:38:31.288 | INFO     | policy.JSG_policy:run_end:393 - end check banned : ['sz.002188']
2026-01-25 16:38:31.288 | INFO     | order:create_order:75 - create order | datetime : 2025-12-18 00:00:00 | symbol : sz.002188 | name :  | order_id : 131  | order_type : sell | quantity : 99999999 | exec_time : close
2026-01-25 16:38:31.296 | ERROR    | policy.JSG_policy:check_up_down_limit:133 - sz.002188 涨停 2025-12-18 00:00:00
2026-01-25 16:38:31.307 | INFO     | order:match_orders:137 - match order...
                code name  position      close  position_value
sz.002188  sz.002188        39220.0   8.870940   347918.273504
sz.002494  sz.002494        21120.0  13.885319   293257.934169
sz.002144  sz.002144        19980.0  14.455635   288823.579735
sz.002828  sz.002828        15140.0  18.925802   286536.647700
2026-01-25 16:38:31.316 | INFO     | market_env:step:246 - market open date : 2025-12-19 00:00:00
2026-01-25 16:38:31.327 | INFO     | order:match_orders:137 - match order...
                code name  position      close  position_value
sz.002188  sz.002188        39220.0   9.759341   382761.340659
sz.002494  sz.002494        21120.0  14.425604   304668.748728
sz.002144  sz.002144        19980.0  14.909556   297892.919196
sz.002828  sz.002828        15140.0  19.390020   293564.905096
2026-01-25 16:38:31.347 | INFO     | policy.JSG_policy:run_end:393 - end check banned : ['sz.002188']
2026-01-25 16:38:31.347 | INFO     | order:create_order:75 - create order | datetime : 2025-12-19 00:00:00 | symbol : sz.002188 | name :  | order_id : 132  | order_type : sell | quantity : 99999999 | exec_time : close
2026-01-25 16:38:31.355 | ERROR    | policy.JSG_policy:check_up_down_limit:133 - sz.002188 涨停 2025-12-19 00:00:00
2026-01-25 16:38:31.368 | INFO     | order:match_orders:137 - match order...
                code name  position      close  position_value
sz.002188  sz.002188        39220.0   9.759341   382761.340659
sz.002494  sz.002494        21120.0  14.425604   304668.748728
sz.002144  sz.002144        19980.0  14.909556   297892.919196
sz.002828  sz.002828        15140.0  19.390020   293564.905096
2026-01-25 16:38:33.328 | INFO     | policy.JSG_policy:action_decider:361 - market breath : ['商贸零售']
2026-01-25 16:38:33.677 | INFO     | order:create_order:75 - create order | datetime : 2025-12-19 00:00:00 | symbol : sz.002188 | name :  | order_id : 133  | order_type : sell | quantity : 39220.0 | exec_time : open
2026-01-25 16:38:33.677 | INFO     | order:create_order:75 - create order | datetime : 2025-12-19 00:00:00 | symbol : sz.003011 | name :  | order_id : 134  | order_type : buy | quantity : 9330 | exec_time : open
2026-01-25 16:38:33.677 | INFO     | market_env:step:246 - market open date : 2025-12-22 00:00:00
2026-01-25 16:38:33.683 | ERROR    | policy.JSG_policy:check_up_down_limit:133 - sz.002188 涨停 2025-12-22 00:00:00
2026-01-25 16:38:33.704 | INFO     | policy.JSG_policy:buy_policy:81 - price : 34.73424519066527
2026-01-25 16:38:33.704 | INFO     | policy.JSG_policy:buy_policy:99 - num_stakes : 410.0 34.73424519066527 : 14312.964555863222
2026-01-25 16:38:33.704 | INFO     | order:execute_order:157 - complete order | datetime : 2025-12-22 00:00:00 | order_id : 134 | symbol : sz.003011 | order_type : buy | price : 34.73424519066527 | quantity : 410.0
2026-01-25 16:38:33.715 | INFO     | order:match_orders:137 - match order...
                code name  position      close  position_value
sz.002188  sz.002188        39220.0   8.792552   344843.885226
sz.002494  sz.002494        21120.0  14.344561   302957.126544
sz.002144  sz.002144        19980.0  14.839722   296497.636202
sz.002828  sz.002828        15140.0  19.604275   296808.716202
sz.003011  sz.003011          410.0  34.429313    14116.018456
2026-01-25 16:38:33.736 | INFO     | policy.JSG_policy:run_end:393 - end check banned : ['sz.002188']
2026-01-25 16:38:33.737 | INFO     | order:create_order:75 - create order | datetime : 2025-12-22 00:00:00 | symbol : sz.002188 | name :  | order_id : 135  | order_type : sell | quantity : 99999999 | exec_time : close
2026-01-25 16:38:33.744 | ERROR    | policy.JSG_policy:check_up_down_limit:133 - sz.002188 涨停 2025-12-22 00:00:00
2026-01-25 16:38:33.751 | ERROR    | policy.JSG_policy:check_up_down_limit:129 - sz.002188 跌停 2025-12-22 00:00:00
2026-01-25 16:38:33.762 | INFO     | order:match_orders:137 - match order...
                code name  position      close  position_value
sz.002188  sz.002188        39220.0   8.792552   344843.885226
sz.002494  sz.002494        21120.0  14.344561   302957.126544
sz.002144  sz.002144        19980.0  14.839722   296497.636202
sz.002828  sz.002828        15140.0  19.604275   296808.716202
sz.003011  sz.003011          410.0  34.429313    14116.018456
2026-01-25 16:38:33.771 | INFO     | market_env:step:246 - market open date : 2025-12-23 00:00:00
2026-01-25 16:38:33.782 | INFO     | order:match_orders:137 - match order...
                code name  position      close  position_value
sz.002188  sz.002188        39220.0   8.544322   335108.322344
sz.002494  sz.002494        21120.0  14.290532   301816.045088
sz.002144  sz.002144        19980.0  14.828083   296265.089036
sz.002828  sz.002828        15140.0  19.479293   294916.493057
sz.003011  sz.003011          410.0  34.900517    14309.212139
2026-01-25 16:38:33.803 | INFO     | policy.JSG_policy:run_end:393 - end check banned : []
2026-01-25 16:38:33.814 | INFO     | order:match_orders:137 - match order...
                code name  position      close  position_value
sz.002188  sz.002188        39220.0   8.544322   335108.322344
sz.002494  sz.002494        21120.0  14.290532   301816.045088
sz.002144  sz.002144        19980.0  14.828083   296265.089036
sz.002828  sz.002828        15140.0  19.479293   294916.493057
sz.003011  sz.003011          410.0  34.900517    14309.212139
2026-01-25 16:38:33.824 | INFO     | market_env:step:246 - market open date : 2025-12-24 00:00:00
2026-01-25 16:38:33.835 | INFO     | order:match_orders:137 - match order...
                code name  position      close  position_value
sz.002188  sz.002188        39220.0   8.283028   324860.361416
sz.002494  sz.002494        21120.0  14.371575   303527.667272
sz.002144  sz.002144        19980.0  14.944473   298590.560693
sz.002828  sz.002828        15140.0  19.747111   298971.256940
sz.003011  sz.003011          410.0  34.806277    14270.573403
2026-01-25 16:38:33.854 | INFO     | policy.JSG_policy:run_end:393 - end check banned : []
2026-01-25 16:38:33.866 | INFO     | order:match_orders:137 - match order...
                code name  position      close  position_value
sz.002188  sz.002188        39220.0   8.283028   324860.361416
sz.002494  sz.002494        21120.0  14.371575   303527.667272
sz.002144  sz.002144        19980.0  14.944473   298590.560693
sz.002828  sz.002828        15140.0  19.747111   298971.256940
sz.003011  sz.003011          410.0  34.806277    14270.573403
2026-01-25 16:38:33.876 | INFO     | market_env:step:246 - market open date : 2025-12-25 00:00:00
2026-01-25 16:38:33.887 | INFO     | order:match_orders:137 - match order...
                code name  position      close  position_value
sz.002188  sz.002188        39220.0   8.178510   320761.177045
sz.002494  sz.002494        21120.0  14.614703   308662.533824
sz.002144  sz.002144        19980.0  15.107418   301846.221012
sz.002828  sz.002828        15140.0  19.800674   299782.209716
sz.003011  sz.003011          410.0  35.183240    14425.128349
2026-01-25 16:38:33.907 | INFO     | policy.JSG_policy:run_end:393 - end check banned : []
2026-01-25 16:38:33.918 | INFO     | order:match_orders:137 - match order...
                code name  position      close  position_value
sz.002188  sz.002188        39220.0   8.178510   320761.177045
sz.002494  sz.002494        21120.0  14.614703   308662.533824
sz.002144  sz.002144        19980.0  15.107418   301846.221012
sz.002828  sz.002828        15140.0  19.800674   299782.209716
sz.003011  sz.003011          410.0  35.183240    14425.128349
2026-01-25 16:38:33.926 | INFO     | market_env:step:246 - market open date : 2025-12-26 00:00:00
2026-01-25 16:38:33.937 | INFO     | order:match_orders:137 - match order...
                code name  position      close  position_value
sz.002188  sz.002188        39220.0   8.256899   323835.565324
sz.002494  sz.002494        21120.0  14.479632   305809.830184
sz.002144  sz.002144        19980.0  14.897917   297660.372030
sz.002828  sz.002828        15140.0  19.711402   298430.621755
sz.003011  sz.003011          410.0  34.413607    14109.578667
2026-01-25 16:38:33.956 | INFO     | policy.JSG_policy:run_end:393 - end check banned : []
2026-01-25 16:38:33.968 | INFO     | order:match_orders:137 - match order...
                code name  position      close  position_value
sz.002188  sz.002188        39220.0   8.256899   323835.565324
sz.002494  sz.002494        21120.0  14.479632   305809.830184
sz.002144  sz.002144        19980.0  14.897917   297660.372030
sz.002828  sz.002828        15140.0  19.711402   298430.621755
sz.003011  sz.003011          410.0  34.413607    14109.578667
2026-01-25 16:38:35.886 | INFO     | policy.JSG_policy:action_decider:361 - market breath : ['有色金属']
2026-01-25 16:38:36.243 | INFO     | order:create_order:75 - create order | datetime : 2025-12-26 00:00:00 | symbol : sz.002144 | name :  | order_id : 136  | order_type : sell | quantity : 19980.0 | exec_time : open
2026-01-25 16:38:36.243 | INFO     | market_env:step:246 - market open date : 2025-12-29 00:00:00
2026-01-25 16:38:36.258 | INFO     | order:execute_order:157 - complete order | datetime : 2025-12-29 00:00:00 | order_id : 136 | symbol : sz.002144 | order_type : sell | price : 14.868120684980276 | quantity : 19980.0
2026-01-25 16:38:36.269 | INFO     | order:match_orders:137 - match order...
                code name  position      close  position_value
sz.002188  sz.002188        39220.0   8.596581   337157.914530
sz.002494  sz.002494        21120.0  14.641718   309233.074552
sz.002828  sz.002828        15140.0  19.550711   295997.763426
sz.003011  sz.003011          410.0  34.162298    14006.542035
2026-01-25 16:38:36.289 | INFO     | policy.JSG_policy:run_end:393 - end check banned : []
2026-01-25 16:38:36.301 | INFO     | order:match_orders:137 - match order...
                code name  position      close  position_value
sz.002188  sz.002188        39220.0   8.596581   337157.914530
sz.002494  sz.002494        21120.0  14.641718   309233.074552
sz.002828  sz.002828        15140.0  19.550711   295997.763426
sz.003011  sz.003011          410.0  34.162298    14006.542035
2026-01-25 16:38:36.309 | INFO     | market_env:step:246 - market open date : 2025-12-30 00:00:00
2026-01-25 16:38:36.320 | INFO     | order:match_orders:137 - match order...
                code name  position      close  position_value
sz.002188  sz.002188        39220.0   8.152381   319736.380952
sz.002494  sz.002494        21120.0  14.614703   308662.533824
sz.002828  sz.002828        15140.0  19.247184   291402.364359
sz.003011  sz.003011          410.0  34.099470    13980.782878
2026-01-25 16:38:36.339 | INFO     | policy.JSG_policy:run_end:393 - end check banned : []
2026-01-25 16:38:36.350 | INFO     | order:match_orders:137 - match order...
                code name  position      close  position_value
sz.002188  sz.002188        39220.0   8.152381   319736.380952
sz.002494  sz.002494        21120.0  14.614703   308662.533824
sz.002828  sz.002828        15140.0  19.247184   291402.364359
sz.003011  sz.003011          410.0  34.099470    13980.782878
2026-01-25 16:38:36.358 | INFO     | market_env:step:246 - market open date : 2025-12-31 00:00:00
2026-01-25 16:38:36.369 | INFO     | order:match_orders:137 - match order...
                code name  position      close  position_value
sz.002188  sz.002188        39220.0   7.943346   311538.012210
sz.002494  sz.002494        21120.0  14.560675   307521.452368
sz.002828  sz.002828        15140.0  19.032930   288158.553253
sz.003011  sz.003011          410.0  34.617795    14193.295929
2026-01-25 16:38:36.388 | INFO     | policy.JSG_policy:run_end:393 - end check banned : []
2026-01-25 16:38:36.398 | INFO     | order:match_orders:137 - match order...
                code name  position      close  position_value
sz.002188  sz.002188        39220.0   7.943346   311538.012210
sz.002494  sz.002494        21120.0  14.560675   307521.452368
sz.002828  sz.002828        15140.0  19.032930   288158.553253
sz.003011  sz.003011          410.0  34.617795    14193.295929
2026-01-25 16:38:38.346 | INFO     | policy.JSG_policy:action_decider:361 - market breath : ['国防军工']
2026-01-25 16:38:38.696 | INFO     | order:create_order:75 - create order | datetime : 2025-12-31 00:00:00 | symbol : sz.003011 | name :  | order_id : 137  | order_type : sell | quantity : 410.0 | exec_time : open
2026-01-25 16:38:38.705 | INFO     | order:create_order:75 - create order | datetime : 2025-12-31 00:00:00 | symbol : sz.003008 | name :  | order_id : 138  | order_type : buy | quantity : 9374 | exec_time : open
2026-01-25 16:38:38.705 | INFO     | market_env:step:246 - market open date : 2026-01-05 00:00:00
2026-01-25 16:38:38.718 | INFO     | order:execute_order:157 - complete order | datetime : 2026-01-05 00:00:00 | order_id : 137 | symbol : sz.003011 | order_type : sell | price : 34.438831630135205 | quantity : 410.0
2026-01-25 16:38:38.738 | INFO     | policy.JSG_policy:buy_policy:81 - price : 32.82879313137604
2026-01-25 16:38:38.738 | INFO     | policy.JSG_policy:buy_policy:99 - num_stakes : 9370 32.82879313137604 : 311068.7611945465
2026-01-25 16:38:38.738 | INFO     | order:execute_order:157 - complete order | datetime : 2026-01-05 00:00:00 | order_id : 138 | symbol : sz.003008 | order_type : buy | price : 32.82879313137604 | quantity : 9370
2026-01-25 16:38:38.747 | INFO     | order:match_orders:137 - match order...
                code name  position      close  position_value
sz.002188  sz.002188          39220   8.283028   324860.361416
sz.002494  sz.002494          21120  14.506646   306380.370912
sz.002828  sz.002828          15140  19.140057   289780.458806
sz.003008  sz.003008           9370  32.914041   308404.563699
2026-01-25 16:38:38.776 | INFO     | policy.JSG_policy:run_end:393 - end check banned : []
2026-01-25 16:38:38.785 | INFO     | order:match_orders:137 - match order...
                code name  position      close  position_value
sz.002188  sz.002188          39220   8.283028   324860.361416
sz.002494  sz.002494          21120  14.506646   306380.370912
sz.002828  sz.002828          15140  19.140057   289780.458806
sz.003008  sz.003008           9370  32.914041   308404.563699
2026-01-25 16:38:38.794 | INFO     | market_env:step:246 - market open date : 2026-01-06 00:00:00
2026-01-25 16:38:38.803 | INFO     | order:match_orders:137 - match order...
                code name  position      close  position_value
sz.002188  sz.002188          39220   8.191575   321273.575092
sz.002494  sz.002494          21120  14.560675   307521.452368
sz.002828  sz.002828          15140  19.764965   299241.574532
sz.003008  sz.003008           9370  32.823576   307556.910295
2026-01-25 16:38:38.821 | INFO     | policy.JSG_policy:run_end:393 - end check banned : []
2026-01-25 16:38:38.832 | INFO     | order:match_orders:137 - match order...
                code name  position      close  position_value
sz.002188  sz.002188          39220   8.191575   321273.575092
sz.002494  sz.002494          21120  14.560675   307521.452368
sz.002828  sz.002828          15140  19.764965   299241.574532
sz.003008  sz.003008           9370  32.823576   307556.910295
2026-01-25 16:38:38.840 | INFO     | market_env:step:246 - market open date : 2026-01-07 00:00:00
2026-01-25 16:38:38.849 | INFO     | order:match_orders:137 - match order...
                code name  position      close  position_value
sz.002188  sz.002188          39220   8.178510   320761.177045
sz.002494  sz.002494          21120  14.371575   303527.667272
sz.002828  sz.002828          15140  19.390020   293564.905096
sz.003008  sz.003008           9370  32.537105   304872.674513
2026-01-25 16:38:38.867 | INFO     | policy.JSG_policy:run_end:393 - end check banned : []
2026-01-25 16:38:38.877 | INFO     | order:match_orders:137 - match order...
                code name  position      close  position_value
sz.002188  sz.002188          39220   8.178510   320761.177045
sz.002494  sz.002494          21120  14.371575   303527.667272
sz.002828  sz.002828          15140  19.390020   293564.905096
sz.003008  sz.003008           9370  32.537105   304872.674513
2026-01-25 16:38:38.885 | INFO     | market_env:step:246 - market open date : 2026-01-08 00:00:00
2026-01-25 16:38:38.895 | INFO     | order:match_orders:137 - match order...
                code name  position      close  position_value
sz.002188  sz.002188          39220   8.269963   324347.963370
sz.002494  sz.002494          21120  14.614703   308662.533824
sz.002828  sz.002828          15140  20.139910   304918.243968
sz.003008  sz.003008           9370  33.260822   311653.901750
2026-01-25 16:38:38.914 | INFO     | policy.JSG_policy:run_end:393 - end check banned : []
2026-01-25 16:38:38.925 | INFO     | order:match_orders:137 - match order...
                code name  position      close  position_value
sz.002188  sz.002188          39220   8.269963   324347.963370
sz.002494  sz.002494          21120  14.614703   308662.533824
sz.002828  sz.002828          15140  20.139910   304918.243968
sz.003008  sz.003008           9370  33.260822   311653.901750
2026-01-25 16:38:38.935 | INFO     | market_env:step:246 - market open date : 2026-01-09 00:00:00
2026-01-25 16:38:38.946 | INFO     | order:match_orders:137 - match order...
                code name  position      close  position_value
sz.002188  sz.002188          39220   8.335287   326909.953602
sz.002494  sz.002494          21120  14.749775   311515.237464
sz.002828  sz.002828          15140  20.782674   314649.677286
sz.003008  sz.003008           9370  33.366364   312642.830722
2026-01-25 16:38:38.968 | INFO     | policy.JSG_policy:run_end:393 - end check banned : []
2026-01-25 16:38:38.979 | INFO     | order:match_orders:137 - match order...
                code name  position      close  position_value
sz.002188  sz.002188          39220   8.335287   326909.953602
sz.002494  sz.002494          21120  14.749775   311515.237464
sz.002828  sz.002828          15140  20.782674   314649.677286
sz.003008  sz.003008           9370  33.366364   312642.830722
2026-01-25 16:38:40.949 | INFO     | policy.JSG_policy:action_decider:361 - market breath : ['国防军工']
2026-01-25 16:38:41.303 | INFO     | order:create_order:75 - create order | datetime : 2026-01-09 00:00:00 | symbol : sz.002828 | name :  | order_id : 139  | order_type : sell | quantity : 15140 | exec_time : open
2026-01-25 16:38:41.303 | INFO     | order:create_order:75 - create order | datetime : 2026-01-09 00:00:00 | symbol : sz.003008 | name :  | order_id : 140  | order_type : sell | quantity : 9370 | exec_time : open
2026-01-25 16:38:41.312 | INFO     | order:create_order:75 - create order | datetime : 2026-01-09 00:00:00 | symbol : sz.002715 | name :  | order_id : 141  | order_type : buy | quantity : 13263 | exec_time : open
2026-01-25 16:38:41.312 | INFO     | order:create_order:75 - create order | datetime : 2026-01-09 00:00:00 | symbol : sz.003011 | name :  | order_id : 142  | order_type : buy | quantity : 9132 | exec_time : open
2026-01-25 16:38:41.313 | INFO     | market_env:step:246 - market open date : 2026-01-12 00:00:00
2026-01-25 16:38:41.327 | INFO     | order:execute_order:157 - complete order | datetime : 2026-01-12 00:00:00 | order_id : 139 | symbol : sz.002828 | order_type : sell | price : 20.59855761394754 | quantity : 15140
2026-01-25 16:38:41.341 | INFO     | order:execute_order:157 - complete order | datetime : 2026-01-12 00:00:00 | order_id : 140 | symbol : sz.003008 | order_type : sell | price : 33.480198639939196 | quantity : 9370
2026-01-25 16:38:41.362 | INFO     | policy.JSG_policy:buy_policy:81 - price : 23.984001774877395
2026-01-25 16:38:41.362 | INFO     | policy.JSG_policy:buy_policy:99 - num_stakes : 13260 23.984001774877395 : 628628.489531666
2026-01-25 16:38:41.362 | INFO     | order:execute_order:157 - complete order | datetime : 2026-01-12 00:00:00 | order_id : 141 | symbol : sz.002715 | order_type : buy | price : 23.984001774877395 | quantity : 13260
2026-01-25 16:38:41.385 | INFO     | policy.JSG_policy:buy_policy:81 - price : 35.127700618742594
2026-01-25 16:38:41.385 | INFO     | policy.JSG_policy:buy_policy:99 - num_stakes : 8840.0 35.127700618742594 : 310568.82321043825
2026-01-25 16:38:41.385 | INFO     | order:execute_order:157 - complete order | datetime : 2026-01-12 00:00:00 | order_id : 142 | symbol : sz.003011 | order_type : buy | price : 35.127700618742594 | quantity : 8840.0
2026-01-25 16:38:41.396 | INFO     | order:match_orders:137 - match order...
                code name  position      close  position_value
sz.002188  sz.002188        39220.0   8.531258   334595.924298
sz.002494  sz.002494        21120.0  14.749775   311515.237464
sz.002715  sz.002715        13260.0  24.707287   327618.628199
sz.003011  sz.003011         8840.0  34.790570   307548.636927
2026-01-25 16:38:41.414 | INFO     | policy.JSG_policy:run_end:393 - end check banned : []
2026-01-25 16:38:41.425 | INFO     | order:match_orders:137 - match order...
                code name  position      close  position_value
sz.002188  sz.002188        39220.0   8.531258   334595.924298
sz.002494  sz.002494        21120.0  14.749775   311515.237464
sz.002715  sz.002715        13260.0  24.707287   327618.628199
sz.003011  sz.003011         8840.0  34.790570   307548.636927
2026-01-25 16:38:41.433 | INFO     | market_env:step:246 - market open date : 2026-01-13 00:00:00
2026-01-25 16:38:41.444 | INFO     | order:match_orders:137 - match order...
                code name  position      close  position_value
sz.002188  sz.002188        39220.0   8.583516   336645.516484
sz.002494  sz.002494        21120.0  14.830817   313226.859648
sz.002715  sz.002715        13260.0  24.465355   324410.612256
sz.003011  sz.003011         8840.0  34.916224   308659.422071
2026-01-25 16:38:41.462 | INFO     | policy.JSG_policy:run_end:393 - end check banned : []
2026-01-25 16:38:41.472 | INFO     | order:match_orders:137 - match order...
                code name  position      close  position_value
sz.002188  sz.002188        39220.0   8.583516   336645.516484
sz.002494  sz.002494        21120.0  14.830817   313226.859648
sz.002715  sz.002715        13260.0  24.465355   324410.612256
sz.003011  sz.003011         8840.0  34.916224   308659.422071
2026-01-25 16:38:41.481 | INFO     | market_env:step:246 - market open date : 2026-01-14 00:00:00
2026-01-25 16:38:41.491 | INFO     | order:match_orders:137 - match order...
                code name  position      close  position_value
sz.002188  sz.002188        39220.0   8.426740   330496.739927
sz.002494  sz.002494        21120.0  14.749775   311515.237464
sz.002715  sz.002715        13260.0  25.508686   338245.181011
sz.003011  sz.003011         8840.0  34.696329   306715.548068
2026-01-25 16:38:41.509 | INFO     | policy.JSG_policy:run_end:393 - end check banned : []
2026-01-25 16:38:41.519 | INFO     | order:match_orders:137 - match order...
                code name  position      close  position_value
sz.002188  sz.002188        39220.0   8.426740   330496.739927
sz.002494  sz.002494        21120.0  14.749775   311515.237464
sz.002715  sz.002715        13260.0  25.508686   338245.181011
sz.003011  sz.003011         8840.0  34.696329   306715.548068
2026-01-25 16:38:41.527 | INFO     | market_env:step:246 - market open date : 2026-01-15 00:00:00
2026-01-25 16:38:41.537 | INFO     | order:match_orders:137 - match order...
                code name  position      close  position_value
sz.002188  sz.002188        39220.0   8.374481   328447.147741
sz.002494  sz.002494        21120.0  14.830817   313226.859648
sz.002715  sz.002715        13260.0  25.236513   334636.163075
sz.003011  sz.003011         8840.0  35.041879   309770.207216
2026-01-25 16:38:41.556 | INFO     | policy.JSG_policy:run_end:393 - end check banned : []
2026-01-25 16:38:41.566 | INFO     | order:match_orders:137 - match order...
                code name  position      close  position_value
sz.002188  sz.002188        39220.0   8.374481   328447.147741
sz.002494  sz.002494        21120.0  14.830817   313226.859648
sz.002715  sz.002715        13260.0  25.236513   334636.163075
sz.003011  sz.003011         8840.0  35.041879   309770.207216
2026-01-25 16:38:41.574 | INFO     | market_env:step:246 - market open date : 2026-01-16 00:00:00
2026-01-25 16:38:41.584 | INFO     | order:match_orders:137 - match order...
                code name  position      close  position_value
sz.002188  sz.002188        39220.0   8.256899   323835.565324
sz.002494  sz.002494        21120.0  14.803803   312656.318920
sz.002715  sz.002715        13260.0  24.767770   328420.632185
sz.003011  sz.003011         8840.0  34.837690   307965.181356
2026-01-25 16:38:41.603 | INFO     | policy.JSG_policy:run_end:393 - end check banned : []
2026-01-25 16:38:41.613 | INFO     | order:match_orders:137 - match order...
                code name  position      close  position_value
sz.002188  sz.002188        39220.0   8.256899   323835.565324
sz.002494  sz.002494        21120.0  14.803803   312656.318920
sz.002715  sz.002715        13260.0  24.767770   328420.632185
sz.003011  sz.003011         8840.0  34.837690   307965.181356
2026-01-25 16:38:43.581 | INFO     | policy.JSG_policy:action_decider:361 - market breath : ['计算机']
2026-01-25 16:38:43.920 | INFO     | market_env:step:246 - market open date : 2026-01-19 00:00:00
2026-01-25 16:38:43.931 | INFO     | order:match_orders:137 - match order...
                code name  position      close  position_value
sz.002188  sz.002188        39220.0   8.596581   337157.914530
sz.002494  sz.002494        21120.0  14.992903   316650.104015
sz.002715  sz.002715        13260.0  25.085306   332631.153110
sz.003011  sz.003011         8840.0  35.513083   313935.651508
2026-01-25 16:38:43.949 | INFO     | policy.JSG_policy:run_end:393 - end check banned : []
2026-01-25 16:38:43.959 | INFO     | order:match_orders:137 - match order...
                code name  position      close  position_value
sz.002188  sz.002188        39220.0   8.596581   337157.914530
sz.002494  sz.002494        21120.0  14.992903   316650.104015
sz.002715  sz.002715        13260.0  25.085306   332631.153110
sz.003011  sz.003011         8840.0  35.513083   313935.651508
2026-01-25 16:38:43.967 | INFO     | market_env:step:246 - market open date : 2026-01-20 00:00:00
2026-01-25 16:38:43.977 | INFO     | order:match_orders:137 - match order...
                code name  position      close  position_value
sz.002188  sz.002188        39220.0   8.779487   344331.487179
sz.002494  sz.002494        21120.0  15.073945   318361.726199
sz.002715  sz.002715        13260.0  24.979460   331227.646135
sz.003011  sz.003011         8840.0  36.188475   319906.121661
2026-01-25 16:38:43.996 | INFO     | policy.JSG_policy:run_end:393 - end check banned : []
2026-01-25 16:38:44.006 | INFO     | order:match_orders:137 - match order...
                code name  position      close  position_value
sz.002188  sz.002188        39220.0   8.779487   344331.487179
sz.002494  sz.002494        21120.0  15.073945   318361.726199
sz.002715  sz.002715        13260.0  24.979460   331227.646135
sz.003011  sz.003011         8840.0  36.188475   319906.121661
2026-01-25 16:38:44.014 | INFO     | market_env:step:246 - market open date : 2026-01-21 00:00:00
2026-01-25 16:38:44.025 | INFO     | order:match_orders:137 - match order...
                code name  position      close  position_value
sz.002188  sz.002188        39220.0   8.792552   344843.885226
sz.002494  sz.002494        21120.0  15.127974   319502.807655
sz.002715  sz.002715        13260.0  26.113516   346265.220869
sz.003011  sz.003011         8840.0  36.502611   322683.084523
2026-01-25 16:38:44.043 | INFO     | policy.JSG_policy:run_end:393 - end check banned : []
2026-01-25 16:38:44.053 | INFO     | order:match_orders:137 - match order...
                code name  position      close  position_value
sz.002188  sz.002188        39220.0   8.792552   344843.885226
sz.002494  sz.002494        21120.0  15.127974   319502.807655
sz.002715  sz.002715        13260.0  26.113516   346265.220869
sz.003011  sz.003011         8840.0  36.502611   322683.084523
2026-01-25 16:38:44.061 | INFO     | market_env:step:246 - market open date : 2026-01-22 00:00:00
2026-01-25 16:38:44.072 | INFO     | order:match_orders:137 - match order...
                code name  position      close  position_value
sz.002188  sz.002188        39220.0   8.897070   348943.069597
sz.002494  sz.002494        21120.0  15.425130   325778.755663
sz.002715  sz.002715        13260.0  26.053033   345463.216883
sz.003011  sz.003011         8840.0  37.005229   327126.225101
2026-01-25 16:38:44.091 | INFO     | policy.JSG_policy:run_end:393 - end check banned : []
2026-01-25 16:38:44.102 | INFO     | order:match_orders:137 - match order...
                code name  position      close  position_value
sz.002188  sz.002188        39220.0   8.897070   348943.069597
sz.002494  sz.002494        21120.0  15.425130   325778.755663
sz.002715  sz.002715        13260.0  26.053033   345463.216883
sz.003011  sz.003011         8840.0  37.005229   327126.225101
2026-01-25 16:38:44.110 | INFO     | market_env:step:246 - market open date : 2026-01-23 00:00:00
2026-01-25 16:38:44.121 | INFO     | order:match_orders:137 - match order...
                code name  position      close  position_value
sz.002188  sz.002188        39220.0   8.870940   347918.273504
sz.002494  sz.002494        21120.0  15.344088   324067.133479
sz.002715  sz.002715        13260.0  26.536897   351879.248769
sz.003011  sz.003011         8840.0  37.366486   330319.732392
2026-01-25 16:38:44.140 | INFO     | policy.JSG_policy:run_end:393 - end check banned : []
2026-01-25 16:38:44.151 | INFO     | order:match_orders:137 - match order...
                code name  position      close  position_value
sz.002188  sz.002188        39220.0   8.870940   347918.273504
sz.002494  sz.002494        21120.0  15.344088   324067.133479
sz.002715  sz.002715        13260.0  26.536897   351879.248769
sz.003011  sz.003011         8840.0  37.366486   330319.732392
2026-01-25 16:38:46.102 | INFO     | policy.JSG_policy:action_decider:361 - market breath : ['有色金属']
2026-01-25 16:38:46.455 | INFO     | order:create_order:75 - create order | datetime : 2026-01-23 00:00:00 | symbol : sz.003011 | name :  | order_id : 143  | order_type : sell | quantity : 8840.0 | exec_time : open
2026-01-25 16:38:46.455 | INFO     | order:create_order:75 - create order | datetime : 2026-01-23 00:00:00 | symbol : sz.002144 | name :  | order_id : 144  | order_type : buy | quantity : 21247 | exec_time : open
2026-01-25 16:38:46.456 | INFO     | account:result:121 - run span : 2025-01-02 00:00:00 - 2026-01-23 00:00:00
2026-01-25 16:38:46.457 | INFO     | __main__:run_policy:56 - 
Order(1, sz.002188, , buy, 43480, 5.746879853479854, filled, 43480, 2025-01-20 00:00:00)
Order(2, sz.002800, , buy, 12640, 19.80280152144394, filled, 12640, 2025-01-20 00:00:00)
Order(3, sz.002205, , buy, 18110, 14.0288180712358, filled, 18110, 2025-01-20 00:00:00)
Order(4, sz.002633, , buy, 15150.0, 16.207796211950395, filled, 15150.0, 2025-01-20 00:00:00)
Order(5, sz.002188, , sell, 43480, 5.6848224664224665, filled, 43480, 2025-02-05 00:00:00)
Order(6, sz.002800, , sell, 12640, 20.324471723737368, filled, 12640, 2025-02-05 00:00:00)
Order(7, sz.002205, , sell, 18110, 13.706665952044604, filled, 18110, 2025-02-05 00:00:00)
Order(8, sz.002633, , sell, 15150.0, 16.751120586245772, filled, 15150.0, 2025-02-05 00:00:00)
Order(9, sz.002188, , buy, 42290, 5.969424175824175, filled, 42290, 2025-02-10 00:00:00)
Order(10, sz.002800, , buy, 11950, 21.089481011162125, filled, 11950, 2025-02-10 00:00:00)
Order(11, sz.002205, , buy, 16740, 14.947371635423856, filled, 16740, 2025-02-10 00:00:00)
Order(12, sz.002633, , buy, 14590.0, 17.18453722660654, filled, 14590.0, 2025-02-10 00:00:00)
Order(13, sz.002205, , sell, 16740, 16.118639936324296, filled, 16740, 2025-02-17 00:00:00)
Order(14, sz.003017, , buy, 8260, 30.63853888503762, filled, 8260, 2025-02-17 00:00:00)
Order(15, sz.002633, , sell, 14590.0, 17.328745434047352, filled, 14590.0, 2025-02-24 00:00:00)
Order(16, sz.003017, , sell, 8260, 32.65160817643562, filled, 8260, 2025-02-24 00:00:00)
Order(17, sz.002780, , buy, 12500, 20.972082668846227, filled, 12500, 2025-02-24 00:00:00)
Order(18, sz.002205, , buy, 17220, 15.398297930570726, filled, 17220, 2025-02-24 00:00:00)
Order(19, sz.002780, , sell, 12500, 21.591147783759997, filled, 12500, 2025-03-03 00:00:00)
Order(20, sz.002205, , sell, 17220, 15.23702185931172, filled, 17220, 2025-03-03 00:00:00)
Order(21, sz.002633, , buy, 15790, 16.802997767756484, filled, 15790, 2025-03-03 00:00:00)
Order(22, sz.002830, , buy, 9320, 28.504179439557955, filled, 9320, 2025-03-03 00:00:00)
Order(23, sz.002188, , sell, 42290, 6.454098901098901, filled, 42290, 2025-03-17 00:00:00)
Order(24, sz.002800, , sell, 11950, 22.627244382091845, filled, 11950, 2025-03-17 00:00:00)
Order(25, sz.002633, , sell, 15790, 18.210383359639234, filled, 15790, 2025-03-17 00:00:00)
Order(26, sz.002830, , sell, 9320, 30.119643063152093, filled, 9320, 2025-03-17 00:00:00)
Order(27, sz.002188, , buy, 49870, 5.694516483516483, filled, 49870, 2025-04-14 00:00:00)
Order(28, sz.002633, , buy, 17880, 16.009395693348367, filled, 17880, 2025-04-14 00:00:00)
Order(29, sz.002830, , buy, 10670, 26.943811868078683, filled, 10670, 2025-04-14 00:00:00)
Order(30, sz.003003, , buy, 27830.0, 9.54043845758218, filled, 27830.0, 2025-04-14 00:00:00)
Order(31, sz.002188, , sell, 49870, 6.232442979242979, filled, 49870, 2025-04-18 00:00:00)
Order(32, sz.002633, , sell, 17880, 16.59911404735062, filled, 17880, 2025-04-21 00:00:00)
Order(33, sz.002830, , sell, 10670, 26.74869463893304, filled, 10670, 2025-04-21 00:00:00)
Order(40, sz.003003, , sell, 27830.0, 16.53615973124175, filled, 27830.0, 2025-04-28 00:00:00)
Order(41, sz.002591, , buy, 18580, 18.643337833985075, filled, 18580, 2025-05-06 00:00:00)
Order(42, sz.002188, , buy, 53570, 6.322876923076923, filled, 53570, 2025-05-06 00:00:00)
Order(43, sz.002883, , buy, 10860, 31.429319482015792, filled, 10860, 2025-05-06 00:00:00)
Order(45, sz.002828, , buy, 21080.0, 15.453491876826893, filled, 21080.0, 2025-05-12 00:00:00)
Order(46, sz.002591, , sell, 18580, 19.329650935557677, filled, 18580, 2025-05-19 00:00:00)
Order(47, sz.002188, , sell, 53570, 6.610561904761905, filled, 53570, 2025-05-19 00:00:00)
Order(48, sz.002883, , sell, 10860, 32.601891405709225, filled, 10860, 2025-05-19 00:00:00)
Order(49, sz.002828, , sell, 21080.0, 15.65778863998233, filled, 21080.0, 2025-05-19 00:00:00)
Order(50, sz.002591, , buy, 18090, 19.1641014606327, filled, 18090, 2025-06-03 00:00:00)
Order(51, sz.002188, , buy, 51790, 6.715602197802198, filled, 51790, 2025-06-03 00:00:00)
Order(52, sz.002883, , buy, 10600, 32.58102067807809, filled, 10600, 2025-06-03 00:00:00)
Order(53, sz.002494, , buy, 27440, 12.6408809183305, filled, 27440, 2025-06-03 00:00:00)
Order(54, sz.002591, , sell, 18090, 19.882914647487773, filled, 18090, 2025-06-09 00:00:00)
Order(55, sz.002188, , sell, 51790, 6.936526495726496, filled, 51790, 2025-06-09 00:00:00)
Order(56, sz.002883, , sell, 10600, 33.77918192869316, filled, 10600, 2025-06-09 00:00:00)
Order(57, sz.002494, , sell, 27440, 13.102662320019505, filled, 27440, 2025-06-09 00:00:00)
Order(58, sz.002883, , buy, 11060, 32.671944456714584, filled, 11060, 2025-06-16 00:00:00)
Order(59, sz.002188, , buy, 53600, 6.781056410256411, filled, 53600, 2025-06-16 00:00:00)
Order(60, sz.002591, , buy, 18450, 19.580712361950805, filled, 18450, 2025-06-16 00:00:00)
Order(61, sz.002494, , buy, 28350.0, 12.667949185821572, filled, 28350.0, 2025-06-16 00:00:00)
Order(62, sz.002883, , sell, 11060, 31.303562877773523, filled, 11060, 2025-06-23 00:00:00)
Order(63, sz.002188, , sell, 53600, 6.454098901098901, filled, 53600, 2025-06-23 00:00:00)
Order(64, sz.002591, , sell, 18450, 18.672650277640695, filled, 18450, 2025-06-23 00:00:00)
Order(65, sz.002494, , sell, 28350.0, 11.889452845943623, filled, 28350.0, 2025-06-23 00:00:00)
Order(66, sz.002883, , buy, 10140, 34.10125459998562, filled, 10140, 2025-06-30 00:00:00)
Order(67, sz.002591, , buy, 16480, 21.108285666783846, filled, 16480, 2025-06-30 00:00:00)
Order(68, sz.002188, , buy, 47590, 7.278508424908425, filled, 47590, 2025-06-30 00:00:00)
Order(69, sz.003011, , buy, 11730.0, 28.368057515591154, filled, 11730.0, 2025-06-30 00:00:00)
Order(70, sz.002883, , sell, 10140, 33.753406929077535, filled, 10140, 2025-07-07 00:00:00)
Order(71, sz.002591, , sell, 16480, 20.609073269396024, filled, 16480, 2025-07-07 00:00:00)
Order(72, sz.002188, , sell, 47590, 7.197298168498167, filled, 47590, 2025-07-07 00:00:00)
Order(73, sz.003011, , sell, 11730.0, 28.81064413983231, filled, 11730.0, 2025-07-07 00:00:00)
Order(74, sz.002883, , buy, 9850, 34.587113970956025, filled, 9850, 2025-07-14 00:00:00)
Order(75, sz.002591, , buy, 16150, 21.004132941454323, filled, 16150, 2025-07-14 00:00:00)
Order(76, sz.002188, , buy, 45070, 7.51414358974359, filled, 45070, 2025-07-14 00:00:00)
Order(77, sz.003011, , buy, 11610, 29.375666115871713, filled, 11610, 2025-07-14 00:00:00)
Order(78, sz.003011, , sell, 11610, 29.335596926946078, filled, 11610, 2025-07-21 00:00:00)
Order(79, sz.002494, , buy, 24550, 13.8860212229198, filled, 24550, 2025-07-21 00:00:00)
Order(85, sz.002591, , sell, 16150, 22.06139051321252, filled, 16150, 2025-07-28 00:00:00)
Order(86, sz.002188, , sell, 45070, 7.56237851037851, filled, 45070, 2025-07-28 00:00:00)
Order(87, sz.002494, , sell, 24550, 13.965389057140127, filled, 24550, 2025-07-28 00:00:00)
Order(88, sz.002188, , buy, 47210, 7.540325274725275, filled, 47210, 2025-08-04 00:00:00)
Order(89, sz.002591, , buy, 16140, 21.941507469420053, filled, 16140, 2025-08-04 00:00:00)
Order(90, sz.002494, , buy, 23610.0, 13.994294292884087, filled, 23610.0, 2025-08-04 00:00:00)
Order(91, sz.002883, , sell, 9850, 34.963206460585695, filled, 9850, 2025-09-01 00:00:00)
Order(92, sz.002591, , sell, 16140, 20.090388539461557, filled, 16140, 2025-09-01 00:00:00)
Order(93, sz.002494, , sell, 23610.0, 12.886980635739347, filled, 23610.0, 2025-09-01 00:00:00)
Order(94, sz.002828, , buy, 17960, 18.265934618794788, filled, 17960, 2025-09-01 00:00:00)
Order(95, sz.002836, , buy, 10180, 31.942840563571373, filled, 10180, 2025-09-01 00:00:00)
Order(96, sz.003011, , buy, 9850.0, 32.38299024593985, filled, 9850.0, 2025-09-01 00:00:00)
Order(97, sz.002188, , sell, 47210, 7.106028083028083, filled, 47210, 2025-09-02 00:00:00)
Order(98, sz.002188, , buy, 45860, 7.2261450549450545, filled, 45860, 2025-09-08 00:00:00)
Order(99, sz.002828, , sell, 17960, 18.335567287847766, filled, 17960, 2025-09-22 00:00:00)
Order(100, sz.002836, , sell, 10180, 31.815324233976277, filled, 10180, 2025-09-22 00:00:00)
Order(101, sz.003011, , sell, 9850.0, 32.91762770960476, filled, 9850.0, 2025-09-22 00:00:00)
Order(102, sz.002188, , sell, 45860, 7.327684004884006, filled, 45860, 2025-09-22 00:00:00)
Order(103, sz.002188, , buy, 45390, 7.278508424908425, filled, 45390, 2025-09-29 00:00:00)
Order(104, sz.002828, , buy, 18210, 17.979690785395455, filled, 18210, 2025-09-29 00:00:00)
Order(105, sz.002316, , buy, 18720, 17.651284287119882, filled, 18720, 2025-09-29 00:00:00)
Order(106, sz.003011, , buy, 10260.0, 31.964318977000985, filled, 10260.0, 2025-09-29 00:00:00)
Order(107, sz.003011, , sell, 10260.0, 32.322653992416384, filled, 10260.0, 2025-10-09 00:00:00)
Order(108, sz.002780, , buy, 12440.0, 26.65610507442138, filled, 12440.0, 2025-10-09 00:00:00)
Order(109, sz.002188, , sell, 45390, 7.37983833943834, filled, 45390, 2025-10-13 00:00:00)
Order(110, sz.002828, , sell, 18210, 18.371204930778475, filled, 18210, 2025-10-13 00:00:00)
Order(111, sz.002316, , sell, 18720, 17.147958977973985, filled, 18720, 2025-10-13 00:00:00)
Order(112, sz.002780, , sell, 12440.0, 25.61264547223609, filled, 12440.0, 2025-10-13 00:00:00)
Order(113, sz.002188, , buy, 41180, 8.142504029304028, filled, 41180, 2025-11-03 00:00:00)
Order(114, sz.002494, , buy, 22630, 14.50859137521445, filled, 22630, 2025-11-03 00:00:00)
Order(115, sz.003003, , buy, 24400, 13.674859671961478, filled, 24400, 2025-11-03 00:00:00)
Order(116, sz.002828, , buy, 15310.0, 20.305421931765014, filled, 15310.0, 2025-11-03 00:00:00)
Order(117, sz.002828, , sell, 15310.0, 21.84587511652222, filled, 15310.0, 2025-11-17 00:00:00)
Order(118, sz.002830, , buy, 8020.0, 41.66046042408343, filled, 8020.0, 2025-11-17 00:00:00)
Order(119, sz.002188, , sell, 41180, 7.8101115995116, filled, 41180, 2025-11-24 00:00:00)
Order(120, sz.002494, , sell, 22630, 14.774195373190716, filled, 22630, 2025-11-24 00:00:00)
Order(121, sz.003003, , sell, 24400, 13.02169165235125, filled, 24400, 2025-11-24 00:00:00)
Order(122, sz.002830, , sell, 8020.0, 38.910511083122, filled, 8020.0, 2025-11-24 00:00:00)
Order(123, sz.002188, , buy, 39220, 8.247230769230768, filled, 39220, 2025-12-01 00:00:00)
Order(124, sz.002494, , buy, 21120, 15.239434597473387, filled, 21120, 2025-12-01 00:00:00)
Order(125, sz.003003, , buy, 23250, 14.075510919096818, filled, 23250, 2025-12-01 00:00:00)
Order(126, sz.002144, , buy, 19980.0, 15.639111142782179, filled, 19980.0, 2025-12-01 00:00:00)
Order(127, sz.003003, , sell, 23250, 14.502384009594415, filled, 23250, 2025-12-02 00:00:00)
Order(128, sz.003011, , buy, 8780, 37.00054845639061, filled, 8780, 2025-12-08 00:00:00)
Order(129, sz.003011, , sell, 8780, 33.310203556685174, filled, 8780, 2025-12-15 00:00:00)
Order(130, sz.002828, , buy, 15140, 19.160446598167695, filled, 15140, 2025-12-15 00:00:00)
Order(134, sz.003011, , buy, 410.0, 34.73424519066527, filled, 410.0, 2025-12-22 00:00:00)
Order(136, sz.002144, , sell, 19980.0, 14.868120684980276, filled, 19980.0, 2025-12-29 00:00:00)
Order(137, sz.003011, , sell, 410.0, 34.438831630135205, filled, 410.0, 2026-01-05 00:00:00)
Order(138, sz.003008, , buy, 9370, 32.82879313137604, filled, 9370, 2026-01-05 00:00:00)
Order(139, sz.002828, , sell, 15140, 20.59855761394754, filled, 15140, 2026-01-12 00:00:00)
Order(140, sz.003008, , sell, 9370, 33.480198639939196, filled, 9370, 2026-01-12 00:00:00)
Order(141, sz.002715, , buy, 13260, 23.984001774877395, filled, 13260, 2026-01-12 00:00:00)
Order(142, sz.003011, , buy, 8840.0, 35.127700618742594, filled, 8840.0, 2026-01-12 00:00:00)
2026-01-25 16:38:46.475 | INFO     | __main__:run_policy:64 - bt res : {'strategy_return': '35.42%', 'annualized_return': '33.20%', 'max_drawdown': '-24.63%', 'revenue': {'x': ['2025-01-02', '2025-01-03', '2025-01-06', '2025-01-07', '2025-01-08', '2025-01-09', '2025-01-10', '2025-01-13', '2025-01-14', '2025-01-15', '2025-01-16', '2025-01-17', '2025-01-20', '2025-01-21', '2025-01-22', '2025-01-23', '2025-01-24', '2025-01-27', '2025-02-05', '2025-02-06', '2025-02-07', '2025-02-10', '2025-02-11', '2025-02-12', '2025-02-13', '2025-02-14', '2025-02-17', '2025-02-18', '2025-02-19', '2025-02-20', '2025-02-21', '2025-02-24', '2025-02-25', '2025-02-26', '2025-02-27', '2025-02-28', '2025-03-03', '2025-03-04', '2025-03-05', '2025-03-06', '2025-03-07', '2025-03-10', '2025-03-11', '2025-03-12', '2025-03-13', '2025-03-14', '2025-03-17', '2025-03-18', '2025-03-19', '2025-03-20', '2025-03-21', '2025-03-24', '2025-03-25', '2025-03-26', '2025-03-27', '2025-03-28', '2025-03-31', '2025-04-01', '2025-04-02', '2025-04-03', '2025-04-07', '2025-04-08', '2025-04-09', '2025-04-10', '2025-04-11', '2025-04-14', '2025-04-15', '2025-04-16', '2025-04-17', '2025-04-18', '2025-04-21', '2025-04-22', '2025-04-23', '2025-04-24', '2025-04-25', '2025-04-28', '2025-04-29', '2025-04-30', '2025-05-06', '2025-05-07', '2025-05-08', '2025-05-09', '2025-05-12', '2025-05-13', '2025-05-14', '2025-05-15', '2025-05-16', '2025-05-19', '2025-05-20', '2025-05-21', '2025-05-22', '2025-05-23', '2025-05-26', '2025-05-27', '2025-05-28', '2025-05-29', '2025-05-30', '2025-06-03', '2025-06-04', '2025-06-05', '2025-06-06', '2025-06-09', '2025-06-10', '2025-06-11', '2025-06-12', '2025-06-13', '2025-06-16', '2025-06-17', '2025-06-18', '2025-06-19', '2025-06-20', '2025-06-23', '2025-06-24', '2025-06-25', '2025-06-26', '2025-06-27', '2025-06-30', '2025-07-01', '2025-07-02', '2025-07-03', '2025-07-04', '2025-07-07', '2025-07-08', '2025-07-09', '2025-07-10', '2025-07-11', '2025-07-14', '2025-07-15', '2025-07-16', '2025-07-17', '2025-07-18', '2025-07-21', '2025-07-22', '2025-07-23', '2025-07-24', '2025-07-25', '2025-07-28', '2025-07-29', '2025-07-30', '2025-07-31', '2025-08-01', '2025-08-04', '2025-08-05', '2025-08-06', '2025-08-07', '2025-08-08', '2025-08-11', '2025-08-12', '2025-08-13', '2025-08-14', '2025-08-15', '2025-08-18', '2025-08-19', '2025-08-20', '2025-08-21', '2025-08-22', '2025-08-25', '2025-08-26', '2025-08-27', '2025-08-28', '2025-08-29', '2025-09-01', '2025-09-02', '2025-09-03', '2025-09-04', '2025-09-05', '2025-09-08', '2025-09-09', '2025-09-10', '2025-09-11', '2025-09-12', '2025-09-15', '2025-09-16', '2025-09-17', '2025-09-18', '2025-09-19', '2025-09-22', '2025-09-23', '2025-09-24', '2025-09-25', '2025-09-26', '2025-09-29', '2025-09-30', '2025-10-09', '2025-10-10', '2025-10-13', '2025-10-14', '2025-10-15', '2025-10-16', '2025-10-17', '2025-10-20', '2025-10-21', '2025-10-22', '2025-10-23', '2025-10-24', '2025-10-27', '2025-10-28', '2025-10-29', '2025-10-30', '2025-10-31', '2025-11-03', '2025-11-04', '2025-11-05', '2025-11-06', '2025-11-07', '2025-11-10', '2025-11-11', '2025-11-12', '2025-11-13', '2025-11-14', '2025-11-17', '2025-11-18', '2025-11-19', '2025-11-20', '2025-11-21', '2025-11-24', '2025-11-25', '2025-11-26', '2025-11-27', '2025-11-28', '2025-12-01', '2025-12-02', '2025-12-03', '2025-12-04', '2025-12-05', '2025-12-08', '2025-12-09', '2025-12-10', '2025-12-11', '2025-12-12', '2025-12-15', '2025-12-16', '2025-12-17', '2025-12-18', '2025-12-19', '2025-12-22', '2025-12-23', '2025-12-24', '2025-12-25', '2025-12-26', '2025-12-29', '2025-12-30', '2025-12-31', '2026-01-05', '2026-01-06', '2026-01-07', '2026-01-08', '2026-01-09', '2026-01-12', '2026-01-13', '2026-01-14', '2026-01-15', '2026-01-16', '2026-01-19', '2026-01-20', '2026-01-21', '2026-01-22', '2026-01-23'], 'y': [1000000.0, 1000000.0, 1000000.0, 1000000.0, 1000000.0, 1000000.0, 1000000.0, 1000000.0, 1000000.0, 1000000.0, 1000000.0, 1000000.0, 1028266.0764960014, 1012833.984711603, 999947.9334820616, 987388.7180475305, 989432.5257239448, 1000499.590362184, 1005589.2156238212, 1005589.2156238212, 1005589.2156238212, 1026353.3520521655, 1024243.5253830276, 1036946.966445736, 1021292.3662882731, 1010443.027066864, 1042668.1615697462, 1025210.6685402757, 1041562.4637473465, 1060007.908060033, 1053361.7856533888, 1060744.7211115158, 1054234.6670104712, 1065078.1882771319, 1063766.0685120597, 1057496.4193495426, 1060596.6005324624, 1078593.7362108603, 1086814.6331028494, 1088369.834162247, 1067667.7711897283, 1096082.8791794674, 1105792.7496635963, 1125532.5114760862, 1125123.5892402167, 1128297.222016449, 1123347.8327380707, 1123347.8327380707, 1123347.8327380707, 1123347.8327380707, 1123347.8327380707, 1123347.8327380707, 1123347.8327380707, 1123347.8327380707, 1123347.8327380707, 1123347.8327380707, 1123347.8327380707, 1123347.8327380707, 1123347.8327380707, 1123347.8327380707, 1123347.8327380707, 1123347.8327380707, 1123347.8327380707, 1123347.8327380707, 1123347.8327380707, 1145310.912051716, 1169305.27618145, 1132398.0288731446, 1176239.1973741897, 1197701.8761066617, 1228311.864344044, 1262010.463955818, 1298877.3079755367, 1339488.4408410082, 1384131.8847711366, 1352403.161627184, 1352403.161627184, 1352403.161627184, 1380950.932584456, 1386426.1465915518, 1392972.7451836194, 1395764.0690233805, 1414177.6586471924, 1420182.9406827802, 1414677.3475302, 1416980.8736000543, 1407978.8530709904, 1396633.1939421978, 1396633.1939421978, 1396633.1939421978, 1396633.1939421978, 1396633.1939421978, 1396633.1939421978, 1396633.1939421978, 1396633.1939421978, 1396633.1939421978, 1396633.1939421978, 1424284.2569139611, 1442814.9304584868, 1431164.9279773901, 1451120.310216593, 1445449.4017688732, 1445449.4017688732, 1445449.4017688732, 1445449.4017688732, 1445449.4017688732, 1473589.6833642619, 1465708.4844009546, 1442978.7769133502, 1395723.5838972703, 1397369.57478926, 1372997.300545304, 1372997.300545304, 1372997.300545304, 1372997.300545304, 1372997.300545304, 1374068.7186151366, 1378992.21956883, 1389839.5899890868, 1392253.9951665278, 1371971.3596057384, 1361615.1513635227, 1361615.1513635227, 1361615.1513635227, 1361615.1513635227, 1361615.1513635227, 1381901.3639678243, 1353305.0548804363, 1362071.9136762307, 1348647.7856156742, 1356022.831990499, 1412446.2610437635, 1440531.2235084213, 1480328.3324642342, 1530992.631801475, 1493833.7521939704, 1446639.4339563884, 1451117.086280545, 1436191.5785333563, 1419176.4997015614, 1418877.9895466177, 1429494.309353714, 1450902.7569420852, 1452623.7231496668, 1442678.8849651117, 1449567.37210188, 1472519.952910603, 1461533.4210266925, 1439988.8285831204, 1397490.5887063544, 1390570.8597513484, 1393544.3846512819, 1424987.8281569863, 1436661.4422263645, 1447720.783762788, 1436476.0213687941, 1418501.7999114755, 1436112.2392738296, 1362026.0449002308, 1331322.0442187255, 1308391.9149982987, 1351481.7607491282, 1324839.763657271, 1290153.4512764395, 1301959.7281876586, 1320569.7948784514, 1343004.7790800235, 1346013.1884813623, 1369686.314150393, 1360690.2333878959, 1343037.0029123204, 1344870.0314528064, 1356212.9554514003, 1348237.514911747, 1317385.6119634556, 1321346.8102655963, 1316597.017464393, 1316597.017464393, 1316597.017464393, 1316597.017464393, 1316597.017464393, 1337445.5475880716, 1340234.653053048, 1329419.2145446579, 1349264.6014353803, 1308450.2447138345, 1308450.2447138345, 1308450.2447138345, 1308450.2447138345, 1308450.2447138345, 1308450.2447138345, 1308450.2447138345, 1308450.2447138345, 1308450.2447138345, 1308450.2447138345, 1308450.2447138345, 1308450.2447138345, 1308450.2447138345, 1308450.2447138345, 1308450.2447138345, 1330252.95921864, 1341442.1045883598, 1351518.9748067106, 1350322.5809068282, 1355189.7251633634, 1360443.6262231292, 1365675.0589899784, 1378990.878117313, 1384995.2696244076, 1411353.7696079449, 1419904.7805787541, 1407116.3162369481, 1373329.435646591, 1356394.792424426, 1274750.83909417, 1285229.030656985, 1285229.030656985, 1285229.030656985, 1285229.030656985, 1285229.030656985, 1304913.5488726678, 1294244.4449282903, 1286547.5881447003, 1263559.6622861743, 1277379.6462837704, 1288446.1455536843, 1274116.3432112627, 1246081.1800421912, 1195165.0287291205, 1158050.0092341823, 1187105.1045233398, 1153955.6055119687, 1186913.6125097382, 1230849.399664566, 1293200.8782354458, 1255293.8825539988, 1242485.6615889356, 1240290.9196472226, 1245547.769869823, 1239916.4678832756, 1253352.6067219332, 1230739.3741917918, 1218368.625939047, 1232857.963808109, 1239025.7212605972, 1226158.6329017794, 1253014.851885926, 1269149.9080478144, 1281287.3237406765, 1282951.3073115936, 1286981.6033228424, 1286089.274532823, 1272886.5946372738, 1300383.7200172837, 1313835.8780280985, 1333303.895125786, 1347320.1640973052, 1354193.284997923]}, 'market_return': np.float64(50.03), 'market_value': [968577.8189703732, 947966.778887536, 947843.9299747924, 957900.9839859089, 953866.8101219682, 952993.5943216627, 937745.7283892626, 939914.236997873, 973198.1536545441, 964498.2709984841, 968545.718273526, 975821.6957537171, 980543.746682957, 983965.8067149629, 979273.7432158024, 975290.9164948051, 986764.6626307579, 976179.6062980521, 980553.5445561515, 1003871.7841581282, 1018906.9087476041, 1028436.2748073942, 1023149.5450258905, 1037514.4147498059, 1030132.162655733, 1038783.4401761424, 1038944.7645160645, 1020081.0642145977, 1038099.911899481, 1040486.3664253681, 1057867.2520566978, 1055755.4174204862, 1044401.8131200128, 1056937.2924239356, 1052963.2156752562, 1023427.291153181, 1027950.5203561384, 1037007.9817212556, 1039291.2180108175, 1056244.507689532, 1050306.629768447, 1050279.454205719, 1055755.6270006613, 1054973.5960416177, 1046847.2120701974, 1065362.5551903194, 1066766.1660192155, 1071182.0552424006, 1065616.845802993, 1058290.0975253405, 1042998.4817313504, 1042500.50176987, 1038635.8608027162, 1038906.1493687695, 1040496.007113431, 1033235.7481463859, 1023060.7528916304, 1029187.1481803798, 1030276.3188862969, 1020918.2147597399, 923381.1381055813, 930346.3081858315, 950056.9045105916, 968271.692194347, 974778.0738058944, 982780.3863135483, 978483.3814447913, 970507.1442039452, 970532.6955203149, 971180.6824922523, 985442.5784900464, 982268.9233607916, 984144.6135345063, 979067.690973473, 982787.8788048149, 977743.0569406287, 978897.5991962184, 983599.0414082224, 1002550.1366427816, 1004289.1805422136, 1008395.9914019036, 999299.6703792865, 1011866.0627590632, 1009769.2131053841, 1012816.9978743682, 998177.3860056751, 998273.8802113772, 999137.6649037949, 1003778.4860500994, 1005622.0056669085, 996078.632665404, 987304.8904625723, 990172.1743055966, 987148.0197013752, 984544.4051838681, 998983.1344545551, 990453.6055509688, 994604.3758524241, 1002318.2012488048, 1007725.6666762844, 1006347.7294188603, 1013958.3715089447, 1005634.1613170747, 1011738.934917741, 1012958.9535130914, 1002533.7020640366, 1007348.5620808965, 1004397.6557479355, 1003517.2792916413, 991459.4856022262, 984941.7691961994, 990994.6891684985, 1007004.3266429986, 1023895.7203099468, 1019650.4118844257, 1024100.9866266194, 1033123.3083823479, 1036490.9823588684, 1029204.6655900303, 1034393.4341046049, 1032433.021145033, 1030506.6998939734, 1044013.8103555103, 1039777.391622424, 1044940.6437506581, 1052630.21024175, 1051543.8164731557, 1051177.016236386, 1050903.9332679957, 1062303.2959067386, 1065297.8473112015, 1076073.4469532666, 1085172.4750531479, 1082264.637446207, 1099177.879846428, 1100224.4533817193, 1104386.1917123476, 1110099.5044756196, 1102861.059311818, 1087431.7493426693, 1085136.5320530871, 1093612.2861766994, 1100861.0706291478, 1110316.804187356, 1106852.7233302065, 1104400.1811890476, 1116321.730299516, 1120932.4941556822, 1136640.231387691, 1122973.5780177221, 1147201.709950678, 1164597.3185893216, 1162350.9509455946, 1175058.2685282326, 1170883.5187617224, 1191611.2076771178, 1214149.564516847, 1216275.021864452, 1198547.5255532379, 1224500.1530284586, 1230225.429326736, 1241812.8727077784, 1215860.0705824117, 1199577.804229901, 1169884.816831468, 1207522.9362797327, 1221174.2379018622, 1210144.7668074744, 1210693.8843317237, 1243981.4861064765, 1248355.3894345465, 1246541.4380874664, 1255907.9428860492, 1267966.225595873, 1257460.5826845837, 1252302.4652706438, 1261869.6780170863, 1254112.6965696127, 1279086.898996537, 1282163.2739944325, 1264626.233667504, 1283776.360208521, 1294571.223761697, 1318420.434737746, 1292100.9197006829, 1288317.9102118008, 1256581.7606145896, 1273898.4099221958, 1262988.3995277178, 1225356.9691800475, 1234713.8682205966, 1254970.2811818449, 1244989.6540746472, 1247517.8895891118, 1267704.075726627, 1288812.2574502435, 1282112.0316415767, 1306551.9094116238, 1289915.4874929187, 1280360.76223192, 1280814.5382414313, 1259371.691907921, 1262605.461617452, 1282931.5949170105, 1279820.6915852374, 1282596.0395913722, 1273480.4721226585, 1265034.3735938482, 1284602.6649795931, 1263674.4427664836, 1263655.1439253434, 1248926.2683669955, 1243988.7166225237, 1233370.5466221229, 1190661.70469301, 1199665.9850886501, 1214622.4996473815, 1216446.1790075975, 1214042.8358125857, 1228061.3219018062, 1240336.048537651, 1229589.5630749355, 1221914.4576159378, 1224787.6097038698, 1239638.6006443477, 1252654.9616604513, 1243740.5562299772, 1249795.4672139413, 1237028.3319562753, 1252205.0454191677, 1242454.5024143986, 1222781.3510809552, 1246623.7332362933, 1240162.02713211, 1252163.1468491263, 1267202.201066889, 1267398.8047363164, 1284034.7900296564, 1294281.9157947379, 1302687.250979456, 1297757.9427218782, 1302704.2619036825, 1303863.6245033038, 1336282.865751812, 1364739.9239265881, 1375384.2565188694, 1378783.3849866968, 1407101.3517851452, 1440711.3227995082, 1422225.041463692, 1436968.4828442216, 1436195.0097423352, 1437837.716621197, 1447491.1541447525, 1440480.3305163204, 1456602.0060595227, 1464894.6919000277, 1500273.7291739315, 1500273.7291739315, 1500273.7291739315, 1500273.7291739315, 1500273.7291739315, 1500273.7291739315, 1500273.7291739315, 1500273.7291739315, 1500273.7291739315, 1500273.7291739315, 1500273.7291739315, 1500273.7291739315, 1500273.7291739315, 1500273.7291739315, 1500273.7291739315, 1500273.7291739315, 1500273.7291739315, 1500273.7291739315, 1500273.7291739315, 1500273.7291739315, 1500273.7291739315, 1500273.7291739315, 1500273.7291739315, 1500273.7291739315, 1500273.7291739315, 1500273.7291739315, 1500273.7291739315, 1500273.7291739315, 1500273.7291739315, 1500273.7291739315, 1500273.7291739315, 1500273.7291739315, 1500273.7291739315, 1500273.7291739315, 1500273.7291739315, 1500273.7291739315, 1500273.7291739315, 1500273.7291739315, 1500273.7291739315, 1500273.7291739315, 1500273.7291739315, 1500273.7291739315, 1500273.7291739315, 1500273.7291739315, 1500273.7291739315, 1500273.7291739315, 1500273.7291739315, 1500273.7291739315, 1500273.7291739315, 1500273.7291739315, 1500273.7291739315, 1500273.7291739315, 1500273.7291739315, 1500273.7291739315, 1500273.7291739315, 1500273.7291739315, 1500273.7291739315, 1500273.7291739315, 1500273.7291739315, 1500273.7291739315, 1500273.7291739315, 1500273.7291739315, 1500273.7291739315, 1500273.7291739315, 1500273.7291739315, 1500273.7291739315, 1500273.7291739315, 1500273.7291739315, 1500273.7291739315, 1500273.7291739315, 1500273.7291739315, 1500273.7291739315, 1500273.7291739315, 1500273.7291739315, 1500273.7291739315, 1500273.7291739315, 1500273.7291739315, 1500273.7291739315, 1500273.7291739315, 1500273.7291739315, 1500273.7291739315, 1500273.7291739315, 1500273.7291739315, 1500273.7291739315, 1500273.7291739315, 1500273.7291739315, 1500273.7291739315, 1500273.7291739315, 1500273.7291739315, 1500273.7291739315, 1500273.7291739315, 1500273.7291739315, 1500273.7291739315, 1500273.7291739315, 1500273.7291739315, 1500273.7291739315, 1500273.7291739315, 1500273.7291739315, 1500273.7291739315, 1500273.7291739315, 1500273.7291739315, 1500273.7291739315, 1500273.7291739315, 1500273.7291739315, 1500273.7291739315, 1500273.7291739315, 1500273.7291739315, 1500273.7291739315, 1500273.7291739315, 1500273.7291739315, 1500273.7291739315, 1500273.7291739315, 1500273.7291739315, 1500273.7291739315, 1500273.7291739315, 1500273.7291739315, 1500273.7291739315, 1500273.7291739315, 1500273.7291739315, 1500273.7291739315, 1500273.7291739315, 1500273.7291739315, 1500273.7291739315, 1500273.7291739315, 1500273.7291739315, 1500273.7291739315, 1500273.7291739315, 1500273.7291739315, 1500273.7291739315, 1500273.7291739315, 1500273.7291739315, 1500273.7291739315, 1500273.7291739315, 1500273.7291739315, 1500273.7291739315, 1500273.7291739315, 1500273.7291739315, 1500273.7291739315, 1500273.7291739315, 1500273.7291739315, 1500273.7291739315, 1500273.7291739315, 1500273.7291739315, 1500273.7291739315, 1500273.7291739315, 1500273.7291739315, 1500273.7291739315, 1500273.7291739315, 1500273.7291739315, 1500273.7291739315, 1500273.7291739315, 1500273.7291739315, 1500273.7291739315, 1500273.7291739315, 1500273.7291739315, 1500273.7291739315, 1500273.7291739315, 1500273.7291739315, 1500273.7291739315, 1500273.7291739315, 1500273.7291739315, 1500273.7291739315, 1500273.7291739315, 1500273.7291739315, 1500273.7291739315, 1500273.7291739315, 1500273.7291739315, 1500273.7291739315, 1500273.7291739315, 1500273.7291739315, 1500273.7291739315, 1500273.7291739315, 1500273.7291739315, 1500273.7291739315, 1500273.7291739315, 1500273.7291739315, 1500273.7291739315, 1500273.7291739315, 1500273.7291739315, 1500273.7291739315, 1500273.7291739315, 1500273.7291739315, 1500273.7291739315, 1500273.7291739315, 1500273.7291739315, 1500273.7291739315, 1500273.7291739315, 1500273.7291739315, 1500273.7291739315, 1500273.7291739315, 1500273.7291739315, 1500273.7291739315, 1500273.7291739315, 1500273.7291739315, 1500273.7291739315, 1500273.7291739315, 1500273.7291739315, 1500273.7291739315, 1500273.7291739315, 1500273.7291739315, 1500273.7291739315, 1500273.7291739315, 1500273.7291739315, 1500273.7291739315, 1500273.7291739315, 1500273.7291739315, 1500273.7291739315, 1500273.7291739315, 1500273.7291739315, 1500273.7291739315, 1500273.7291739315, 1500273.7291739315, 1500273.7291739315, 1500273.7291739315, 1500273.7291739315, 1500273.7291739315, 1500273.7291739315, 1500273.7291739315, 1500273.7291739315, 1500273.7291739315, 1500273.7291739315, 1500273.7291739315, 1500273.7291739315, 1500273.7291739315, 1500273.7291739315, 1500273.7291739315, 1500273.7291739315, 1500273.7291739315, 1500273.7291739315, 1500273.7291739315, 1500273.7291739315, 1500273.7291739315, 1500273.7291739315, 1500273.7291739315, 1500273.7291739315, 1500273.7291739315, 1500273.7291739315, 1500273.7291739315, 1500273.7291739315, 1500273.7291739315, 1500273.7291739315, 1500273.7291739315, 1500273.7291739315, 1500273.7291739315, 1500273.7291739315, 1500273.7291739315, 1500273.7291739315, 1500273.7291739315, 1500273.7291739315, 1500273.7291739315, 1500273.7291739315, 1500273.7291739315, 1500273.7291739315, 1500273.7291739315, 1500273.7291739315, 1500273.7291739315, 1500273.7291739315, 1500273.7291739315, 1500273.7291739315, 1500273.7291739315, 1500273.7291739315, 1500273.7291739315, 1500273.7291739315, 1500273.7291739315, 1500273.7291739315, 1500273.7291739315, 1500273.7291739315, 1500273.7291739315, 1500273.7291739315, 1500273.7291739315, 1500273.7291739315, 1500273.7291739315, 1500273.7291739315, 1500273.7291739315, 1500273.7291739315, 1500273.7291739315, 1500273.7291739315, 1500273.7291739315, 1500273.7291739315, 1500273.7291739315, 1500273.7291739315, 1500273.7291739315, 1500273.7291739315, 1500273.7291739315, 1500273.7291739315, 1500273.7291739315, 1500273.7291739315, 1500273.7291739315, 1500273.7291739315, 1500273.7291739315, 1500273.7291739315, 1500273.7291739315, 1500273.7291739315, 1500273.7291739315, 1500273.7291739315, 1500273.7291739315, 1500273.7291739315, 1500273.7291739315, 1500273.7291739315, 1500273.7291739315, 1500273.7291739315, 1500273.7291739315, 1500273.7291739315, 1500273.7291739315, 1500273.7291739315, 1500273.7291739315, 1500273.7291739315, 1500273.7291739315, 1500273.7291739315, 1500273.7291739315, 1500273.7291739315, 1500273.7291739315, 1500273.7291739315, 1500273.7291739315, 1500273.7291739315, 1500273.7291739315, 1500273.7291739315, 1500273.7291739315, 1500273.7291739315, 1500273.7291739315, 1500273.7291739315, 1500273.7291739315, 1500273.7291739315, 1500273.7291739315, 1500273.7291739315, 1500273.7291739315, 1500273.7291739315, 1500273.7291739315, 1500273.7291739315, 1500273.7291739315, 1500273.7291739315, 1500273.7291739315, 1500273.7291739315, 1500273.7291739315, 1500273.7291739315, 1500273.7291739315, 1500273.7291739315, 1500273.7291739315, 1500273.7291739315, 1500273.7291739315, 1500273.7291739315, 1500273.7291739315, 1500273.7291739315, 1500273.7291739315, 1500273.7291739315, 1500273.7291739315, 1500273.7291739315, 1500273.7291739315, 1500273.7291739315, 1500273.7291739315, 1500273.7291739315, 1500273.7291739315, 1500273.7291739315, 1500273.7291739315, 1500273.7291739315, 1500273.7291739315, 1500273.7291739315, 1500273.7291739315, 1500273.7291739315, 1500273.7291739315, 1500273.7291739315, 1500273.7291739315, 1500273.7291739315, 1500273.7291739315, 1500273.7291739315, 1500273.7291739315, 1500273.7291739315, 1500273.7291739315, 1500273.7291739315, 1500273.7291739315, 1500273.7291739315, 1500273.7291739315, 1500273.7291739315, 1500273.7291739315, 1500273.7291739315, 1500273.7291739315, 1500273.7291739315, 1500273.7291739315, 1500273.7291739315, 1500273.7291739315, 1500273.7291739315, 1500273.7291739315, 1500273.7291739315, 1500273.7291739315, 1500273.7291739315, 1500273.7291739315, 1500273.7291739315, 1500273.7291739315, 1500273.7291739315, 1500273.7291739315, 1500273.7291739315, 1500273.7291739315, 1500273.7291739315, 1500273.7291739315, 1500273.7291739315, 1500273.7291739315, 1500273.7291739315, 1500273.7291739315, 1500273.7291739315, 1500273.7291739315, 1500273.7291739315, 1500273.7291739315, 1500273.7291739315, 1500273.7291739315, 1500273.7291739315, 1500273.7291739315, 1500273.7291739315, 1500273.7291739315, 1500273.7291739315, 1500273.7291739315, 1500273.7291739315, 1500273.7291739315, 1500273.7291739315, 1500273.7291739315, 1500273.7291739315, 1500273.7291739315, 1500273.7291739315, 1500273.7291739315, 1500273.7291739315, 1500273.7291739315, 1500273.7291739315, 1500273.7291739315, 1500273.7291739315, 1500273.7291739315, 1500273.7291739315, 1500273.7291739315, 1500273.7291739315, 1500273.7291739315, 1500273.7291739315, 1500273.7291739315, 1500273.7291739315, 1500273.7291739315, 1500273.7291739315, 1500273.7291739315, 1500273.7291739315, 1500273.7291739315, 1500273.7291739315, 1500273.7291739315, 1500273.7291739315, 1500273.7291739315, 1500273.7291739315, 1500273.7291739315, 1500273.7291739315, 1500273.7291739315, 1500273.7291739315, 1500273.7291739315, 1500273.7291739315, 1500273.7291739315, 1500273.7291739315, 1500273.7291739315, 1500273.7291739315, 1500273.7291739315, 1500273.7291739315, 1500273.7291739315, 1500273.7291739315, 1500273.7291739315, 1500273.7291739315, 1500273.7291739315, 1500273.7291739315, 1500273.7291739315, 1500273.7291739315, 1500273.7291739315, 1500273.7291739315, 1500273.7291739315, 1500273.7291739315, 1500273.7291739315, 1500273.7291739315, 1500273.7291739315, 1500273.7291739315, 1500273.7291739315, 1500273.7291739315, 1500273.7291739315, 1500273.7291739315, 1500273.7291739315, 1500273.7291739315, 1500273.7291739315, 1500273.7291739315, 1500273.7291739315, 1500273.7291739315, 1500273.7291739315, 1500273.7291739315, 1500273.7291739315, 1500273.7291739315, 1500273.7291739315, 1500273.7291739315, 1500273.7291739315, 1500273.7291739315, 1500273.7291739315, 1500273.7291739315, 1500273.7291739315, 1500273.7291739315, 1500273.7291739315, 1500273.7291739315, 1500273.7291739315, 1500273.7291739315, 1500273.7291739315, 1500273.7291739315, 1500273.7291739315, 1500273.7291739315, 1500273.7291739315, 1500273.7291739315, 1500273.7291739315, 1500273.7291739315, 1500273.7291739315, 1500273.7291739315, 1500273.7291739315, 1500273.7291739315, 1500273.7291739315, 1500273.7291739315, 1500273.7291739315, 1500273.7291739315, 1500273.7291739315, 1500273.7291739315, 1500273.7291739315, 1500273.7291739315, 1500273.7291739315, 1500273.7291739315, 1500273.7291739315, 1500273.7291739315, 1500273.7291739315, 1500273.7291739315, 1500273.7291739315, 1500273.7291739315, 1500273.7291739315, 1500273.7291739315, 1500273.7291739315, 1500273.7291739315, 1500273.7291739315, 1500273.7291739315, 1500273.7291739315, 1500273.7291739315, 1500273.7291739315, 1500273.7291739315, 1500273.7291739315, 1500273.7291739315, 1500273.7291739315, 1500273.7291739315, 1500273.7291739315, 1500273.7291739315, 1500273.7291739315, 1500273.7291739315, 1500273.7291739315, 1500273.7291739315, 1500273.7291739315, 1500273.7291739315, 1500273.7291739315, 1500273.7291739315, 1500273.7291739315, 1500273.7291739315, 1500273.7291739315, 1500273.7291739315, 1500273.7291739315, 1500273.7291739315, 1500273.7291739315, 1500273.7291739315, 1500273.7291739315, 1500273.7291739315, 1500273.7291739315, 1500273.7291739315, 1500273.7291739315, 1500273.7291739315, 1500273.7291739315, 1500273.7291739315, 1500273.7291739315, 1500273.7291739315, 1500273.7291739315, 1500273.7291739315, 1500273.7291739315, 1500273.7291739315, 1500273.7291739315, 1500273.7291739315, 1500273.7291739315, 1500273.7291739315, 1500273.7291739315, 1500273.7291739315, 1500273.7291739315, 1500273.7291739315, 1500273.7291739315, 1500273.7291739315, 1500273.7291739315, 1500273.7291739315, 1500273.7291739315, 1500273.7291739315, 1500273.7291739315, 1500273.7291739315, 1500273.7291739315, 1500273.7291739315, 1500273.7291739315, 1500273.7291739315, 1500273.7291739315, 1500273.7291739315, 1500273.7291739315, 1500273.7291739315, 1500273.7291739315, 1500273.7291739315, 1500273.7291739315, 1500273.7291739315, 1500273.7291739315, 1500273.7291739315, 1500273.7291739315, 1500273.7291739315, 1500273.7291739315, 1500273.7291739315, 1500273.7291739315, 1500273.7291739315, 1500273.7291739315, 1500273.7291739315, 1500273.7291739315, 1500273.7291739315, 1500273.7291739315, 1500273.7291739315, 1500273.7291739315, 1500273.7291739315, 1500273.7291739315, 1500273.7291739315, 1500273.7291739315, 1500273.7291739315, 1500273.7291739315, 1500273.7291739315, 1500273.7291739315, 1500273.7291739315, 1500273.7291739315, 1500273.7291739315, 1500273.7291739315, 1500273.7291739315, 1500273.7291739315, 1500273.7291739315, 1500273.7291739315, 1500273.7291739315, 1500273.7291739315, 1500273.7291739315, 1500273.7291739315, 1500273.7291739315, 1500273.7291739315, 1500273.7291739315, 1500273.7291739315, 1500273.7291739315, 1500273.7291739315, 1500273.7291739315, 1500273.7291739315, 1500273.7291739315, 1500273.7291739315, 1500273.7291739315, 1500273.7291739315, 1500273.7291739315, 1500273.7291739315, 1500273.7291739315, 1500273.7291739315, 1500273.7291739315, 1500273.7291739315, 1500273.7291739315, 1500273.7291739315, 1500273.7291739315, 1500273.7291739315, 1500273.7291739315, 1500273.7291739315, 1500273.7291739315, 1500273.7291739315, 1500273.7291739315, 1500273.7291739315, 1500273.7291739315, 1500273.7291739315, 1500273.7291739315, 1500273.7291739315, 1500273.7291739315, 1500273.7291739315, 1500273.7291739315, 1500273.7291739315, 1500273.7291739315, 1500273.7291739315, 1500273.7291739315, 1500273.7291739315, 1500273.7291739315, 1500273.7291739315, 1500273.7291739315, 1500273.7291739315, 1500273.7291739315, 1500273.7291739315, 1500273.7291739315, 1500273.7291739315, 1500273.7291739315, 1500273.7291739315, 1500273.7291739315, 1500273.7291739315, 1500273.7291739315, 1500273.7291739315, 1500273.7291739315, 1500273.7291739315, 1500273.7291739315, 1500273.7291739315, 1500273.7291739315, 1500273.7291739315, 1500273.7291739315, 1500273.7291739315, 1500273.7291739315, 1500273.7291739315, 1500273.7291739315, 1500273.7291739315, 1500273.7291739315, 1500273.7291739315, 1500273.7291739315, 1500273.7291739315, 1500273.7291739315, 1500273.7291739315, 1500273.7291739315, 1500273.7291739315, 1500273.7291739315, 1500273.7291739315, 1500273.7291739315, 1500273.7291739315, 1500273.7291739315, 1500273.7291739315, 1500273.7291739315, 1500273.7291739315, 1500273.7291739315, 1500273.7291739315, 1500273.7291739315, 1500273.7291739315, 1500273.7291739315, 1500273.7291739315, 1500273.7291739315, 1500273.7291739315, 1500273.7291739315, 1500273.7291739315, 1500273.7291739315, 1500273.7291739315, 1500273.7291739315, 1500273.7291739315, 1500273.7291739315, 1500273.7291739315, 1500273.7291739315, 1500273.7291739315, 1500273.7291739315, 1500273.7291739315, 1500273.7291739315, 1500273.7291739315, 1500273.7291739315, 1500273.7291739315, 1500273.7291739315, 1500273.7291739315, 1500273.7291739315, 1500273.7291739315, 1500273.7291739315, 1500273.7291739315, 1500273.7291739315, 1500273.7291739315, 1500273.7291739315, 1500273.7291739315, 1500273.7291739315, 1500273.7291739315, 1500273.7291739315, 1500273.7291739315, 1500273.7291739315, 1500273.7291739315, 1500273.7291739315, 1500273.7291739315, 1500273.7291739315, 1500273.7291739315, 1500273.7291739315, 1500273.7291739315, 1500273.7291739315, 1500273.7291739315, 1500273.7291739315, 1500273.7291739315, 1500273.7291739315, 1500273.7291739315, 1500273.7291739315, 1500273.7291739315, 1500273.7291739315, 1500273.7291739315, 1500273.7291739315, 1500273.7291739315, 1500273.7291739315, 1500273.7291739315, 1500273.7291739315, 1500273.7291739315, 1500273.7291739315, 1500273.7291739315, 1500273.7291739315, 1500273.7291739315, 1500273.7291739315, 1500273.7291739315, 1500273.7291739315, 1500273.7291739315, 1500273.7291739315, 1500273.7291739315, 1500273.7291739315, 1500273.7291739315, 1500273.7291739315, 1500273.7291739315, 1500273.7291739315, 1500273.7291739315, 1500273.7291739315, 1500273.7291739315, 1500273.7291739315, 1500273.7291739315, 1500273.7291739315, 1500273.7291739315, 1500273.7291739315, 1500273.7291739315, 1500273.7291739315, 1500273.7291739315, 1500273.7291739315, 1500273.7291739315, 1500273.7291739315, 1500273.7291739315, 1500273.7291739315, 1500273.7291739315, 1500273.7291739315, 1500273.7291739315, 1500273.7291739315, 1500273.7291739315, 1500273.7291739315, 1500273.7291739315, 1500273.7291739315, 1500273.7291739315, 1500273.7291739315, 1500273.7291739315, 1500273.7291739315, 1500273.7291739315, 1500273.7291739315, 1500273.7291739315, 1500273.7291739315, 1500273.7291739315, 1500273.7291739315, 1500273.7291739315, 1500273.7291739315, 1500273.7291739315, 1500273.7291739315, 1500273.7291739315, 1500273.7291739315, 1500273.7291739315, 1500273.7291739315, 1500273.7291739315, 1500273.7291739315, 1500273.7291739315, 1500273.7291739315, 1500273.7291739315, 1500273.7291739315, 1500273.7291739315, 1500273.7291739315, 1500273.7291739315, 1500273.7291739315, 1500273.7291739315, 1500273.7291739315, 1500273.7291739315, 1500273.7291739315, 1500273.7291739315, 1500273.7291739315, 1500273.7291739315, 1500273.7291739315, 1500273.7291739315, 1500273.7291739315, 1500273.7291739315, 1500273.7291739315, 1500273.7291739315, 1500273.7291739315, 1500273.7291739315, 1500273.7291739315, 1500273.7291739315, 1500273.7291739315, 1500273.7291739315, 1500273.7291739315, 1500273.7291739315, 1500273.7291739315, 1500273.7291739315, 1500273.7291739315, 1500273.7291739315, 1500273.7291739315, 1500273.7291739315, 1500273.7291739315, 1500273.7291739315, 1500273.7291739315, 1500273.7291739315, 1500273.7291739315, 1500273.7291739315, 1500273.7291739315, 1500273.7291739315, 1500273.7291739315, 1500273.7291739315, 1500273.7291739315, 1500273.7291739315, 1500273.7291739315, 1500273.7291739315, 1500273.7291739315, 1500273.7291739315, 1500273.7291739315, 1500273.7291739315, 1500273.7291739315, 1500273.7291739315, 1500273.7291739315, 1500273.7291739315, 1500273.7291739315, 1500273.7291739315, 1500273.7291739315, 1500273.7291739315, 1500273.7291739315, 1500273.7291739315, 1500273.7291739315, 1500273.7291739315, 1500273.7291739315, 1500273.7291739315, 1500273.7291739315, 1500273.7291739315, 1500273.7291739315, 1500273.7291739315, 1500273.7291739315, 1500273.7291739315, 1500273.7291739315, 1500273.7291739315, 1500273.7291739315, 1500273.7291739315, 1500273.7291739315, 1500273.7291739315, 1500273.7291739315, 1500273.7291739315, 1500273.7291739315, 1500273.7291739315, 1500273.7291739315, 1500273.7291739315, 1500273.7291739315, 1500273.7291739315, 1500273.7291739315, 1500273.7291739315, 1500273.7291739315, 1500273.7291739315, 1500273.7291739315, 1500273.7291739315, 1500273.7291739315, 1500273.7291739315, 1500273.7291739315, 1500273.7291739315, 1500273.7291739315, 1500273.7291739315, 1500273.7291739315, 1500273.7291739315, 1500273.7291739315, 1500273.7291739315, 1500273.7291739315, 1500273.7291739315, 1500273.7291739315, 1500273.7291739315, 1500273.7291739315, 1500273.7291739315, 1500273.7291739315, 1500273.7291739315, 1500273.7291739315, 1500273.7291739315, 1500273.7291739315, 1500273.7291739315, 1500273.7291739315, 1500273.7291739315, 1500273.7291739315, 1500273.7291739315, 1500273.7291739315, 1500273.7291739315, 1500273.7291739315, 1500273.7291739315, 1500273.7291739315, 1500273.7291739315, 1500273.7291739315, 1500273.7291739315, 1500273.7291739315, 1500273.7291739315, 1500273.7291739315, 1500273.7291739315, 1500273.7291739315, 1500273.7291739315, 1500273.7291739315, 1500273.7291739315, 1500273.7291739315, 1500273.7291739315, 1500273.7291739315, 1500273.7291739315, 1500273.7291739315, 1500273.7291739315, 1500273.7291739315, 1500273.7291739315, 1500273.7291739315, 1500273.7291739315, 1500273.7291739315, 1500273.7291739315, 1500273.7291739315, 1500273.7291739315, 1500273.7291739315, 1500273.7291739315, 1500273.7291739315, 1500273.7291739315, 1500273.7291739315, 1500273.7291739315, 1500273.7291739315, 1500273.7291739315, 1500273.7291739315, 1500273.7291739315, 1500273.7291739315, 1500273.7291739315, 1500273.7291739315, 1500273.7291739315, 1500273.7291739315, 1500273.7291739315, 1500273.7291739315, 1500273.7291739315, 1500273.7291739315, 1500273.7291739315, 1500273.7291739315, 1500273.7291739315, 1500273.7291739315, 1500273.7291739315, 1500273.7291739315, 1500273.7291739315, 1500273.7291739315, 1500273.7291739315, 1500273.7291739315, 1500273.7291739315, 1500273.7291739315, 1500273.7291739315, 1500273.7291739315, 1500273.7291739315, 1500273.7291739315, 1500273.7291739315, 1500273.7291739315, 1500273.7291739315, 1500273.7291739315, 1500273.7291739315, 1500273.7291739315, 1500273.7291739315, 1500273.7291739315, 1500273.7291739315, 1500273.7291739315, 1500273.7291739315, 1500273.7291739315, 1500273.7291739315, 1500273.7291739315, 1500273.7291739315, 1500273.7291739315, 1500273.7291739315, 1500273.7291739315, 1500273.7291739315, 1500273.7291739315, 1500273.7291739315, 1500273.7291739315, 1500273.7291739315, 1500273.7291739315, 1500273.7291739315, 1500273.7291739315, 1500273.7291739315, 1500273.7291739315, 1500273.7291739315, 1500273.7291739315, 1500273.7291739315, 1500273.7291739315, 1500273.7291739315, 1500273.7291739315, 1500273.7291739315, 1500273.7291739315, 1500273.7291739315, 1500273.7291739315, 1500273.7291739315, 1500273.7291739315, 1500273.7291739315, 1500273.7291739315, 1500273.7291739315, 1500273.7291739315, 1500273.7291739315, 1500273.7291739315, 1500273.7291739315, 1500273.7291739315, 1500273.7291739315, 1500273.7291739315, 1500273.7291739315, 1500273.7291739315, 1500273.7291739315, 1500273.7291739315, 1500273.7291739315, 1500273.7291739315, 1500273.7291739315, 1500273.7291739315, 1500273.7291739315, 1500273.7291739315, 1500273.7291739315, 1500273.7291739315, 1500273.7291739315, 1500273.7291739315, 1500273.7291739315, 1500273.7291739315, 1500273.7291739315, 1500273.7291739315, 1500273.7291739315, 1500273.7291739315, 1500273.7291739315, 1500273.7291739315, 1500273.7291739315, 1500273.7291739315, 1500273.7291739315, 1500273.7291739315, 1500273.7291739315, 1500273.7291739315, 1500273.7291739315, 1500273.7291739315, 1500273.7291739315, 1500273.7291739315, 1500273.7291739315, 1500273.7291739315, 1500273.7291739315, 1500273.7291739315, 1500273.7291739315, 1500273.7291739315, 1500273.7291739315, 1500273.7291739315, 1500273.7291739315, 1500273.7291739315, 1500273.7291739315, 1500273.7291739315, 1500273.7291739315, 1500273.7291739315, 1500273.7291739315, 1500273.7291739315, 1500273.7291739315, 1500273.7291739315, 1500273.7291739315, 1500273.7291739315, 1500273.7291739315, 1500273.7291739315, 1500273.7291739315, 1500273.7291739315, 1500273.7291739315, 1500273.7291739315, 1500273.7291739315, 1500273.7291739315, 1500273.7291739315, 1500273.7291739315, 1500273.7291739315, 1500273.7291739315, 1500273.7291739315, 1500273.7291739315, 1500273.7291739315, 1500273.7291739315, 1500273.7291739315, 1500273.7291739315, 1500273.7291739315, 1500273.7291739315, 1500273.7291739315, 1500273.7291739315, 1500273.7291739315, 1500273.7291739315, 1500273.7291739315, 1500273.7291739315, 1500273.7291739315, 1500273.7291739315, 1500273.7291739315, 1500273.7291739315, 1500273.7291739315, 1500273.7291739315, 1500273.7291739315, 1500273.7291739315, 1500273.7291739315, 1500273.7291739315, 1500273.7291739315, 1500273.7291739315, 1500273.7291739315, 1500273.7291739315, 1500273.7291739315, 1500273.7291739315, 1500273.7291739315, 1500273.7291739315, 1500273.7291739315, 1500273.7291739315, 1500273.7291739315, 1500273.7291739315, 1500273.7291739315, 1500273.7291739315, 1500273.7291739315, 1500273.7291739315, 1500273.7291739315, 1500273.7291739315, 1500273.7291739315, 1500273.7291739315, 1500273.7291739315, 1500273.7291739315, 1500273.7291739315, 1500273.7291739315, 1500273.7291739315, 1500273.7291739315, 1500273.7291739315, 1500273.7291739315, 1500273.7291739315, 1500273.7291739315, 1500273.7291739315, 1500273.7291739315, 1500273.7291739315, 1500273.7291739315, 1500273.7291739315, 1500273.7291739315, 1500273.7291739315, 1500273.7291739315, 1500273.7291739315, 1500273.7291739315, 1500273.7291739315, 1500273.7291739315, 1500273.7291739315, 1500273.7291739315, 1500273.7291739315, 1500273.7291739315, 1500273.7291739315, 1500273.7291739315, 1500273.7291739315, 1500273.7291739315, 1500273.7291739315, 1500273.7291739315, 1500273.7291739315, 1500273.7291739315, 1500273.7291739315, 1500273.7291739315, 1500273.7291739315, 1500273.7291739315, 1500273.7291739315, 1500273.7291739315, 1500273.7291739315, 1500273.7291739315, 1500273.7291739315, 1500273.7291739315, 1500273.7291739315, 1500273.7291739315, 1500273.7291739315, 1500273.7291739315, 1500273.7291739315, 1500273.7291739315, 1500273.7291739315, 1500273.7291739315, 1500273.7291739315, 1500273.7291739315, 1500273.7291739315, 1500273.7291739315, 1500273.7291739315, 1500273.7291739315, 1500273.7291739315, 1500273.7291739315, 1500273.7291739315, 1500273.7291739315, 1500273.7291739315, 1500273.7291739315, 1500273.7291739315, 1500273.7291739315, 1500273.7291739315, 1500273.7291739315, 1500273.7291739315, 1500273.7291739315, 1500273.7291739315, 1500273.7291739315, 1500273.7291739315, 1500273.7291739315, 1500273.7291739315, 1500273.7291739315, 1500273.7291739315, 1500273.7291739315, 1500273.7291739315, 1500273.7291739315, 1500273.7291739315, 1500273.7291739315, 1500273.7291739315, 1500273.7291739315, 1500273.7291739315, 1500273.7291739315, 1500273.7291739315, 1500273.7291739315, 1500273.7291739315, 1500273.7291739315, 1500273.7291739315, 1500273.7291739315, 1500273.7291739315, 1500273.7291739315, 1500273.7291739315, 1500273.7291739315, 1500273.7291739315, 1500273.7291739315, 1500273.7291739315, 1500273.7291739315, 1500273.7291739315, 1500273.7291739315, 1500273.7291739315, 1500273.7291739315, 1500273.7291739315, 1500273.7291739315, 1500273.7291739315, 1500273.7291739315, 1500273.7291739315, 1500273.7291739315, 1500273.7291739315, 1500273.7291739315, 1500273.7291739315, 1500273.7291739315, 1500273.7291739315, 1500273.7291739315, 1500273.7291739315, 1500273.7291739315, 1500273.7291739315, 1500273.7291739315, 1500273.7291739315, 1500273.7291739315, 1500273.7291739315, 1500273.7291739315, 1500273.7291739315, 1500273.7291739315, 1500273.7291739315, 1500273.7291739315, 1500273.7291739315, 1500273.7291739315, 1500273.7291739315, 1500273.7291739315, 1500273.7291739315, 1500273.7291739315, 1500273.7291739315, 1500273.7291739315, 1500273.7291739315, 1500273.7291739315, 1500273.7291739315, 1500273.7291739315, 1500273.7291739315, 1500273.7291739315, 1500273.7291739315, 1500273.7291739315, 1500273.7291739315, 1500273.7291739315, 1500273.7291739315, 1500273.7291739315, 1500273.7291739315, 1500273.7291739315, 1500273.7291739315, 1500273.7291739315, 1500273.7291739315, 1500273.7291739315, 1500273.7291739315, 1500273.7291739315, 1500273.7291739315, 1500273.7291739315, 1500273.7291739315, 1500273.7291739315, 1500273.7291739315, 1500273.7291739315, 1500273.7291739315, 1500273.7291739315, 1500273.7291739315, 1500273.7291739315, 1500273.7291739315, 1500273.7291739315, 1500273.7291739315, 1500273.7291739315, 1500273.7291739315, 1500273.7291739315, 1500273.7291739315, 1500273.7291739315, 1500273.7291739315, 1500273.7291739315, 1500273.7291739315, 1500273.7291739315, 1500273.7291739315, 1500273.7291739315, 1500273.7291739315, 1500273.7291739315, 1500273.7291739315, 1500273.7291739315, 1500273.7291739315, 1500273.7291739315, 1500273.7291739315, 1500273.7291739315, 1500273.7291739315, 1500273.7291739315, 1500273.7291739315, 1500273.7291739315, 1500273.7291739315, 1500273.7291739315, 1500273.7291739315, 1500273.7291739315, 1500273.7291739315, 1500273.7291739315, 1500273.7291739315, 1500273.7291739315, 1500273.7291739315, 1500273.7291739315, 1500273.7291739315, 1500273.7291739315, 1500273.7291739315, 1500273.7291739315, 1500273.7291739315, 1500273.7291739315, 1500273.7291739315, 1500273.7291739315, 1500273.7291739315, 1500273.7291739315, 1500273.7291739315, 1500273.7291739315, 1500273.7291739315, 1500273.7291739315, 1500273.7291739315, 1500273.7291739315, 1500273.7291739315, 1500273.7291739315, 1500273.7291739315, 1500273.7291739315, 1500273.7291739315, 1500273.7291739315, 1500273.7291739315, 1500273.7291739315, 1500273.7291739315, 1500273.7291739315, 1500273.7291739315, 1500273.7291739315, 1500273.7291739315, 1500273.7291739315, 1500273.7291739315, 1500273.7291739315, 1500273.7291739315, 1500273.7291739315, 1500273.7291739315, 1500273.7291739315, 1500273.7291739315, 1500273.7291739315, 1500273.7291739315, 1500273.7291739315, 1500273.7291739315, 1500273.7291739315, 1500273.7291739315, 1500273.7291739315, 1500273.7291739315, 1500273.7291739315, 1500273.7291739315, 1500273.7291739315, 1500273.7291739315, 1500273.7291739315, 1500273.7291739315, 1500273.7291739315, 1500273.7291739315, 1500273.7291739315, 1500273.7291739315, 1500273.7291739315, 1500273.7291739315, 1500273.7291739315, 1500273.7291739315, 1500273.7291739315, 1500273.7291739315, 1500273.7291739315, 1500273.7291739315, 1500273.7291739315, 1500273.7291739315, 1500273.7291739315, 1500273.7291739315, 1500273.7291739315, 1500273.7291739315, 1500273.7291739315, 1500273.7291739315, 1500273.7291739315, 1500273.7291739315, 1500273.7291739315, 1500273.7291739315, 1500273.7291739315, 1500273.7291739315, 1500273.7291739315, 1500273.7291739315, 1500273.7291739315, 1500273.7291739315, 1500273.7291739315, 1500273.7291739315, 1500273.7291739315, 1500273.7291739315, 1500273.7291739315, 1500273.7291739315, 1500273.7291739315, 1500273.7291739315, 1500273.7291739315, 1500273.7291739315, 1500273.7291739315, 1500273.7291739315, 1500273.7291739315, 1500273.7291739315, 1500273.7291739315, 1500273.7291739315, 1500273.7291739315, 1500273.7291739315, 1500273.7291739315, 1500273.7291739315, 1500273.7291739315, 1500273.7291739315, 1500273.7291739315, 1500273.7291739315, 1500273.7291739315, 1500273.7291739315, 1500273.7291739315, 1500273.7291739315, 1500273.7291739315, 1500273.7291739315, 1500273.7291739315, 1500273.7291739315, 1500273.7291739315, 1500273.7291739315, 1500273.7291739315, 1500273.7291739315, 1500273.7291739315, 1500273.7291739315, 1500273.7291739315, 1500273.7291739315, 1500273.7291739315, 1500273.7291739315, 1500273.7291739315, 1500273.7291739315, 1500273.7291739315, 1500273.7291739315, 1500273.7291739315, 1500273.7291739315, 1500273.7291739315, 1500273.7291739315, 1500273.7291739315, 1500273.7291739315, 1500273.7291739315, 1500273.7291739315, 1500273.7291739315, 1500273.7291739315, 1500273.7291739315, 1500273.7291739315, 1500273.7291739315, 1500273.7291739315, 1500273.7291739315, 1500273.7291739315, 1500273.7291739315, 1500273.7291739315, 1500273.7291739315, 1500273.7291739315, 1500273.7291739315, 1500273.7291739315, 1500273.7291739315, 1500273.7291739315, 1500273.7291739315, 1500273.7291739315, 1500273.7291739315, 1500273.7291739315, 1500273.7291739315, 1500273.7291739315, 1500273.7291739315, 1500273.7291739315, 1500273.7291739315, 1500273.7291739315, 1500273.7291739315, 1500273.7291739315, 1500273.7291739315, 1500273.7291739315, 1500273.7291739315, 1500273.7291739315, 1500273.7291739315, 1500273.7291739315, 1500273.7291739315, 1500273.7291739315, 1500273.7291739315, 1500273.7291739315, 1500273.7291739315, 1500273.7291739315, 1500273.7291739315, 1500273.7291739315, 1500273.7291739315, 1500273.7291739315, 1500273.7291739315, 1500273.7291739315, 1500273.7291739315, 1500273.7291739315, 1500273.7291739315, 1500273.7291739315, 1500273.7291739315, 1500273.7291739315, 1500273.7291739315, 1500273.7291739315, 1500273.7291739315, 1500273.7291739315, 1500273.7291739315, 1500273.7291739315, 1500273.7291739315, 1500273.7291739315, 1500273.7291739315, 1500273.7291739315, 1500273.7291739315, 1500273.7291739315, 1500273.7291739315, 1500273.7291739315, 1500273.7291739315, 1500273.7291739315, 1500273.7291739315, 1500273.7291739315, 1500273.7291739315, 1500273.7291739315, 1500273.7291739315, 1500273.7291739315, 1500273.7291739315, 1500273.7291739315, 1500273.7291739315, 1500273.7291739315, 1500273.7291739315, 1500273.7291739315, 1500273.7291739315, 1500273.7291739315, 1500273.7291739315, 1500273.7291739315, 1500273.7291739315, 1500273.7291739315, 1500273.7291739315, 1500273.7291739315, 1500273.7291739315, 1500273.7291739315, 1500273.7291739315, 1500273.7291739315, 1500273.7291739315, 1500273.7291739315, 1500273.7291739315, 1500273.7291739315, 1500273.7291739315, 1500273.7291739315, 1500273.7291739315, 1500273.7291739315, 1500273.7291739315, 1500273.7291739315, 1500273.7291739315, 1500273.7291739315, 1500273.7291739315, 1500273.7291739315, 1500273.7291739315, 1500273.7291739315, 1500273.7291739315, 1500273.7291739315, 1500273.7291739315, 1500273.7291739315, 1500273.7291739315, 1500273.7291739315, 1500273.7291739315, 1500273.7291739315, 1500273.7291739315, 1500273.7291739315, 1500273.7291739315, 1500273.7291739315, 1500273.7291739315, 1500273.7291739315, 1500273.7291739315, 1500273.7291739315, 1500273.7291739315, 1500273.7291739315, 1500273.7291739315, 1500273.7291739315, 1500273.7291739315, 1500273.7291739315, 1500273.7291739315, 1500273.7291739315, 1500273.7291739315, 1500273.7291739315, 1500273.7291739315, 1500273.7291739315, 1500273.7291739315, 1500273.7291739315, 1500273.7291739315, 1500273.7291739315, 1500273.7291739315, 1500273.7291739315, 1500273.7291739315, 1500273.7291739315, 1500273.7291739315, 1500273.7291739315, 1500273.7291739315, 1500273.7291739315, 1500273.7291739315, 1500273.7291739315, 1500273.7291739315, 1500273.7291739315, 1500273.7291739315, 1500273.7291739315, 1500273.7291739315, 1500273.7291739315, 1500273.7291739315, 1500273.7291739315, 1500273.7291739315, 1500273.7291739315, 1500273.7291739315, 1500273.7291739315, 1500273.7291739315, 1500273.7291739315, 1500273.7291739315, 1500273.7291739315, 1500273.7291739315, 1500273.7291739315, 1500273.7291739315, 1500273.7291739315, 1500273.7291739315, 1500273.7291739315, 1500273.7291739315, 1500273.7291739315, 1500273.7291739315, 1500273.7291739315, 1500273.7291739315, 1500273.7291739315, 1500273.7291739315, 1500273.7291739315, 1500273.7291739315, 1500273.7291739315, 1500273.7291739315, 1500273.7291739315, 1500273.7291739315, 1500273.7291739315, 1500273.7291739315, 1500273.7291739315, 1500273.7291739315, 1500273.7291739315, 1500273.7291739315, 1500273.7291739315, 1500273.7291739315, 1500273.7291739315, 1500273.7291739315, 1500273.7291739315, 1500273.7291739315, 1500273.7291739315, 1500273.7291739315, 1500273.7291739315, 1500273.7291739315, 1500273.7291739315, 1500273.7291739315, 1500273.7291739315, 1500273.7291739315, 1500273.7291739315, 1500273.7291739315, 1500273.7291739315, 1500273.7291739315, 1500273.7291739315, 1500273.7291739315, 1500273.7291739315, 1500273.7291739315, 1500273.7291739315, 1500273.7291739315, 1500273.7291739315, 1500273.7291739315, 1500273.7291739315, 1500273.7291739315, 1500273.7291739315, 1500273.7291739315, 1500273.7291739315, 1500273.7291739315, 1500273.7291739315, 1500273.7291739315, 1500273.7291739315, 1500273.7291739315, 1500273.7291739315, 1500273.7291739315, 1500273.7291739315, 1500273.7291739315, 1500273.7291739315, 1500273.7291739315, 1500273.7291739315, 1500273.7291739315, 1500273.7291739315, 1500273.7291739315, 1500273.7291739315, 1500273.7291739315, 1500273.7291739315, 1500273.7291739315, 1500273.7291739315, 1500273.7291739315, 1500273.7291739315, 1500273.7291739315, 1500273.7291739315, 1500273.7291739315, 1500273.7291739315, 1500273.7291739315, 1500273.7291739315, 1500273.7291739315, 1500273.7291739315, 1500273.7291739315, 1500273.7291739315, 1500273.7291739315, 1500273.7291739315, 1500273.7291739315, 1500273.7291739315, 1500273.7291739315, 1500273.7291739315, 1500273.7291739315, 1500273.7291739315, 1500273.7291739315, 1500273.7291739315, 1500273.7291739315, 1500273.7291739315, 1500273.7291739315, 1500273.7291739315, 1500273.7291739315, 1500273.7291739315, 1500273.7291739315, 1500273.7291739315, 1500273.7291739315, 1500273.7291739315, 1500273.7291739315, 1500273.7291739315, 1500273.7291739315, 1500273.7291739315, 1500273.7291739315, 1500273.7291739315, 1500273.7291739315, 1500273.7291739315, 1500273.7291739315, 1500273.7291739315, 1500273.7291739315, 1500273.7291739315, 1500273.7291739315, 1500273.7291739315, 1500273.7291739315, 1500273.7291739315, 1500273.7291739315, 1500273.7291739315, 1500273.7291739315, 1500273.7291739315, 1500273.7291739315, 1500273.7291739315, 1500273.7291739315, 1500273.7291739315, 1500273.7291739315, 1500273.7291739315, 1500273.7291739315, 1500273.7291739315, 1500273.7291739315, 1500273.7291739315, 1500273.7291739315, 1500273.7291739315, 1500273.7291739315, 1500273.7291739315, 1500273.7291739315, 1500273.7291739315, 1500273.7291739315, 1500273.7291739315, 1500273.7291739315, 1500273.7291739315, 1500273.7291739315, 1500273.7291739315, 1500273.7291739315, 1500273.7291739315, 1500273.7291739315, 1500273.7291739315, 1500273.7291739315, 1500273.7291739315, 1500273.7291739315, 1500273.7291739315, 1500273.7291739315, 1500273.7291739315, 1500273.7291739315, 1500273.7291739315, 1500273.7291739315, 1500273.7291739315, 1500273.7291739315, 1500273.7291739315, 1500273.7291739315, 1500273.7291739315, 1500273.7291739315, 1500273.7291739315, 1500273.7291739315, 1500273.7291739315, 1500273.7291739315, 1500273.7291739315, 1500273.7291739315, 1500273.7291739315, 1500273.7291739315, 1500273.7291739315, 1500273.7291739315, 1500273.7291739315, 1500273.7291739315, 1500273.7291739315, 1500273.7291739315, 1500273.7291739315, 1500273.7291739315, 1500273.7291739315, 1500273.7291739315, 1500273.7291739315, 1500273.7291739315, 1500273.7291739315, 1500273.7291739315, 1500273.7291739315, 1500273.7291739315, 1500273.7291739315, 1500273.7291739315, 1500273.7291739315, 1500273.7291739315, 1500273.7291739315, 1500273.7291739315, 1500273.7291739315, 1500273.7291739315, 1500273.7291739315, 1500273.7291739315, 1500273.7291739315, 1500273.7291739315, 1500273.7291739315, 1500273.7291739315, 1500273.7291739315, 1500273.7291739315, 1500273.7291739315, 1500273.7291739315, 1500273.7291739315, 1500273.7291739315, 1500273.7291739315, 1500273.7291739315, 1500273.7291739315, 1500273.7291739315, 1500273.7291739315, 1500273.7291739315, 1500273.7291739315, 1500273.7291739315, 1500273.7291739315, 1500273.7291739315, 1500273.7291739315, 1500273.7291739315, 1500273.7291739315, 1500273.7291739315, 1500273.7291739315, 1500273.7291739315, 1500273.7291739315, 1500273.7291739315, 1500273.7291739315, 1500273.7291739315, 1500273.7291739315, 1500273.7291739315, 1500273.7291739315, 1500273.7291739315, 1500273.7291739315, 1500273.7291739315, 1500273.7291739315, 1500273.7291739315, 1500273.7291739315, 1500273.7291739315, 1500273.7291739315, 1500273.7291739315, 1500273.7291739315, 1500273.7291739315, 1500273.7291739315, 1500273.7291739315, 1500273.7291739315, 1500273.7291739315, 1500273.7291739315, 1500273.7291739315, 1500273.7291739315, 1500273.7291739315, 1500273.7291739315, 1500273.7291739315, 1500273.7291739315, 1500273.7291739315, 1500273.7291739315, 1500273.7291739315, 1500273.7291739315, 1500273.7291739315, 1500273.7291739315, 1500273.7291739315, 1500273.7291739315, 1500273.7291739315, 1500273.7291739315, 1500273.7291739315, 1500273.7291739315, 1500273.7291739315, 1500273.7291739315, 1500273.7291739315, 1500273.7291739315, 1500273.7291739315, 1500273.7291739315, 1500273.7291739315, 1500273.7291739315, 1500273.7291739315, 1500273.7291739315, 1500273.7291739315, 1500273.7291739315, 1500273.7291739315, 1500273.7291739315, 1500273.7291739315, 1500273.7291739315, 1500273.7291739315, 1500273.7291739315, 1500273.7291739315, 1500273.7291739315, 1500273.7291739315, 1500273.7291739315, 1500273.7291739315, 1500273.7291739315, 1500273.7291739315, 1500273.7291739315, 1500273.7291739315, 1500273.7291739315, 1500273.7291739315, 1500273.7291739315, 1500273.7291739315, 1500273.7291739315, 1500273.7291739315, 1500273.7291739315, 1500273.7291739315, 1500273.7291739315, 1500273.7291739315, 1500273.7291739315, 1500273.7291739315, 1500273.7291739315, 1500273.7291739315, 1500273.7291739315, 1500273.7291739315, 1500273.7291739315, 1500273.7291739315, 1500273.7291739315, 1500273.7291739315, 1500273.7291739315, 1500273.7291739315, 1500273.7291739315, 1500273.7291739315, 1500273.7291739315, 1500273.7291739315, 1500273.7291739315, 1500273.7291739315, 1500273.7291739315, 1500273.7291739315, 1500273.7291739315, 1500273.7291739315, 1500273.7291739315, 1500273.7291739315, 1500273.7291739315, 1500273.7291739315, 1500273.7291739315, 1500273.7291739315, 1500273.7291739315, 1500273.7291739315, 1500273.7291739315, 1500273.7291739315, 1500273.7291739315, 1500273.7291739315, 1500273.7291739315, 1500273.7291739315, 1500273.7291739315, 1500273.7291739315, 1500273.7291739315, 1500273.7291739315, 1500273.7291739315, 1500273.7291739315, 1500273.7291739315, 1500273.7291739315, 1500273.7291739315, 1500273.7291739315, 1500273.7291739315, 1500273.7291739315, 1500273.7291739315, 1500273.7291739315, 1500273.7291739315, 1500273.7291739315, 1500273.7291739315, 1500273.7291739315, 1500273.7291739315, 1500273.7291739315, 1500273.7291739315, 1500273.7291739315, 1500273.7291739315, 1500273.7291739315, 1500273.7291739315, 1500273.7291739315, 1500273.7291739315, 1500273.7291739315, 1500273.7291739315, 1500273.7291739315, 1500273.7291739315, 1500273.7291739315, 1500273.7291739315, 1500273.7291739315, 1500273.7291739315, 1500273.7291739315, 1500273.7291739315, 1500273.7291739315, 1500273.7291739315, 1500273.7291739315, 1500273.7291739315, 1500273.7291739315, 1500273.7291739315, 1500273.7291739315, 1500273.7291739315, 1500273.7291739315, 1500273.7291739315, 1500273.7291739315, 1500273.7291739315, 1500273.7291739315, 1500273.7291739315, 1500273.7291739315, 1500273.7291739315, 1500273.7291739315, 1500273.7291739315, 1500273.7291739315, 1500273.7291739315, 1500273.7291739315, 1500273.7291739315, 1500273.7291739315, 1500273.7291739315, 1500273.7291739315, 1500273.7291739315, 1500273.7291739315, 1500273.7291739315, 1500273.7291739315, 1500273.7291739315, 1500273.7291739315, 1500273.7291739315, 1500273.7291739315, 1500273.7291739315, 1500273.7291739315, 1500273.7291739315, 1500273.7291739315, 1500273.7291739315, 1500273.7291739315, 1500273.7291739315, 1500273.7291739315, 1500273.7291739315, 1500273.7291739315, 1500273.7291739315, 1500273.7291739315, 1500273.7291739315, 1500273.7291739315, 1500273.7291739315, 1500273.7291739315, 1500273.7291739315, 1500273.7291739315, 1500273.7291739315, 1500273.7291739315, 1500273.7291739315, 1500273.7291739315, 1500273.7291739315, 1500273.7291739315, 1500273.7291739315, 1500273.7291739315, 1500273.7291739315, 1500273.7291739315, 1500273.7291739315, 1500273.7291739315, 1500273.7291739315, 1500273.7291739315, 1500273.7291739315, 1500273.7291739315, 1500273.7291739315, 1500273.7291739315, 1500273.7291739315, 1500273.7291739315, 1500273.7291739315, 1500273.7291739315, 1500273.7291739315, 1500273.7291739315, 1500273.7291739315, 1500273.7291739315, 1500273.7291739315, 1500273.7291739315, 1500273.7291739315, 1500273.7291739315, 1500273.7291739315, 1500273.7291739315, 1500273.7291739315, 1500273.7291739315, 1500273.7291739315, 1500273.7291739315, 1500273.7291739315, 1500273.7291739315, 1500273.7291739315, 1500273.7291739315, 1500273.7291739315, 1500273.7291739315, 1500273.7291739315, 1500273.7291739315, 1500273.7291739315, 1500273.7291739315, 1500273.7291739315, 1500273.7291739315, 1500273.7291739315, 1500273.7291739315, 1500273.7291739315, 1500273.7291739315, 1500273.7291739315, 1500273.7291739315, 1500273.7291739315, 1500273.7291739315, 1500273.7291739315, 1500273.7291739315, 1500273.7291739315, 1500273.7291739315, 1500273.7291739315, 1500273.7291739315, 1500273.7291739315, 1500273.7291739315, 1500273.7291739315, 1500273.7291739315, 1500273.7291739315, 1500273.7291739315, 1500273.7291739315, 1500273.7291739315, 1500273.7291739315, 1500273.7291739315, 1500273.7291739315, 1500273.7291739315, 1500273.7291739315, 1500273.7291739315, 1500273.7291739315, 1500273.7291739315, 1500273.7291739315, 1500273.7291739315, 1500273.7291739315, 1500273.7291739315, 1500273.7291739315, 1500273.7291739315, 1500273.7291739315, 1500273.7291739315, 1500273.7291739315, 1500273.7291739315, 1500273.7291739315, 1500273.7291739315, 1500273.7291739315, 1500273.7291739315, 1500273.7291739315, 1500273.7291739315, 1500273.7291739315, 1500273.7291739315, 1500273.7291739315, 1500273.7291739315, 1500273.7291739315, 1500273.7291739315, 1500273.7291739315, 1500273.7291739315, 1500273.7291739315, 1500273.7291739315, 1500273.7291739315, 1500273.7291739315, 1500273.7291739315, 1500273.7291739315, 1500273.7291739315, 1500273.7291739315, 1500273.7291739315, 1500273.7291739315, 1500273.7291739315, 1500273.7291739315, 1500273.7291739315, 1500273.7291739315, 1500273.7291739315, 1500273.7291739315, 1500273.7291739315, 1500273.7291739315, 1500273.7291739315, 1500273.7291739315, 1500273.7291739315, 1500273.7291739315, 1500273.7291739315, 1500273.7291739315, 1500273.7291739315, 1500273.7291739315, 1500273.7291739315, 1500273.7291739315, 1500273.7291739315, 1500273.7291739315, 1500273.7291739315, 1500273.7291739315, 1500273.7291739315, 1500273.7291739315, 1500273.7291739315, 1500273.7291739315, 1500273.7291739315, 1500273.7291739315, 1500273.7291739315, 1500273.7291739315, 1500273.7291739315, 1500273.7291739315, 1500273.7291739315, 1500273.7291739315, 1500273.7291739315, 1500273.7291739315, 1500273.7291739315, 1500273.7291739315, 1500273.7291739315, 1500273.7291739315, 1500273.7291739315, 1500273.7291739315, 1500273.7291739315, 1500273.7291739315, 1500273.7291739315, 1500273.7291739315, 1500273.7291739315, 1500273.7291739315, 1500273.7291739315, 1500273.7291739315, 1500273.7291739315, 1500273.7291739315, 1500273.7291739315, 1500273.7291739315, 1500273.7291739315, 1500273.7291739315, 1500273.7291739315, 1500273.7291739315, 1500273.7291739315, 1500273.7291739315, 1500273.7291739315, 1500273.7291739315, 1500273.7291739315, 1500273.7291739315, 1500273.7291739315, 1500273.7291739315, 1500273.7291739315, 1500273.7291739315, 1500273.7291739315, 1500273.7291739315, 1500273.7291739315, 1500273.7291739315, 1500273.7291739315, 1500273.7291739315, 1500273.7291739315, 1500273.7291739315, 1500273.7291739315, 1500273.7291739315, 1500273.7291739315, 1500273.7291739315, 1500273.7291739315, 1500273.7291739315, 1500273.7291739315, 1500273.7291739315, 1500273.7291739315, 1500273.7291739315, 1500273.7291739315, 1500273.7291739315, 1500273.7291739315, 1500273.7291739315, 1500273.7291739315, 1500273.7291739315, 1500273.7291739315, 1500273.7291739315, 1500273.7291739315, 1500273.7291739315, 1500273.7291739315, 1500273.7291739315, 1500273.7291739315, 1500273.7291739315, 1500273.7291739315, 1500273.7291739315, 1500273.7291739315, 1500273.7291739315, 1500273.7291739315, 1500273.7291739315, 1500273.7291739315, 1500273.7291739315, 1500273.7291739315, 1500273.7291739315, 1500273.7291739315, 1500273.7291739315, 1500273.7291739315, 1500273.7291739315, 1500273.7291739315, 1500273.7291739315, 1500273.7291739315, 1500273.7291739315, 1500273.7291739315, 1500273.7291739315, 1500273.7291739315, 1500273.7291739315, 1500273.7291739315, 1500273.7291739315, 1500273.7291739315, 1500273.7291739315, 1500273.7291739315, 1500273.7291739315, 1500273.7291739315, 1500273.7291739315, 1500273.7291739315, 1500273.7291739315, 1500273.7291739315, 1500273.7291739315, 1500273.7291739315, 1500273.7291739315, 1500273.7291739315, 1500273.7291739315, 1500273.7291739315, 1500273.7291739315, 1500273.7291739315, 1500273.7291739315, 1500273.7291739315, 1500273.7291739315, 1500273.7291739315, 1500273.7291739315, 1500273.7291739315, 1500273.7291739315, 1500273.7291739315, 1500273.7291739315, 1500273.7291739315, 1500273.7291739315, 1500273.7291739315, 1500273.7291739315, 1500273.7291739315, 1500273.7291739315, 1500273.7291739315, 1500273.7291739315, 1500273.7291739315, 1500273.7291739315, 1500273.7291739315, 1500273.7291739315, 1500273.7291739315, 1500273.7291739315, 1500273.7291739315, 1500273.7291739315, 1500273.7291739315, 1500273.7291739315, 1500273.7291739315, 1500273.7291739315, 1500273.7291739315, 1500273.7291739315, 1500273.7291739315, 1500273.7291739315, 1500273.7291739315, 1500273.7291739315, 1500273.7291739315, 1500273.7291739315, 1500273.7291739315, 1500273.7291739315, 1500273.7291739315, 1500273.7291739315, 1500273.7291739315, 1500273.7291739315, 1500273.7291739315, 1500273.7291739315, 1500273.7291739315, 1500273.7291739315, 1500273.7291739315, 1500273.7291739315, 1500273.7291739315, 1500273.7291739315, 1500273.7291739315, 1500273.7291739315, 1500273.7291739315, 1500273.7291739315, 1500273.7291739315, 1500273.7291739315, 1500273.7291739315, 1500273.7291739315, 1500273.7291739315, 1500273.7291739315, 1500273.7291739315, 1500273.7291739315, 1500273.7291739315, 1500273.7291739315, 1500273.7291739315, 1500273.7291739315, 1500273.7291739315, 1500273.7291739315, 1500273.7291739315, 1500273.7291739315, 1500273.7291739315, 1500273.7291739315, 1500273.7291739315, 1500273.7291739315, 1500273.7291739315, 1500273.7291739315, 1500273.7291739315, 1500273.7291739315, 1500273.7291739315, 1500273.7291739315, 1500273.7291739315, 1500273.7291739315, 1500273.7291739315, 1500273.7291739315, 1500273.7291739315, 1500273.7291739315, 1500273.7291739315, 1500273.7291739315, 1500273.7291739315, 1500273.7291739315, 1500273.7291739315, 1500273.7291739315, 1500273.7291739315, 1500273.7291739315, 1500273.7291739315, 1500273.7291739315, 1500273.7291739315, 1500273.7291739315, 1500273.7291739315, 1500273.7291739315, 1500273.7291739315, 1500273.7291739315, 1500273.7291739315, 1500273.7291739315, 1500273.7291739315, 1500273.7291739315, 1500273.7291739315, 1500273.7291739315, 1500273.7291739315, 1500273.7291739315, 1500273.7291739315, 1500273.7291739315, 1500273.7291739315, 1500273.7291739315, 1500273.7291739315, 1500273.7291739315, 1500273.7291739315, 1500273.7291739315, 1500273.7291739315, 1500273.7291739315, 1500273.7291739315, 1500273.7291739315, 1500273.7291739315, 1500273.7291739315, 1500273.7291739315, 1500273.7291739315, 1500273.7291739315, 1500273.7291739315, 1500273.7291739315, 1500273.7291739315, 1500273.7291739315, 1500273.7291739315, 1500273.7291739315, 1500273.7291739315, 1500273.7291739315, 1500273.7291739315, 1500273.7291739315, 1500273.7291739315, 1500273.7291739315, 1500273.7291739315, 1500273.7291739315, 1500273.7291739315, 1500273.7291739315, 1500273.7291739315, 1500273.7291739315, 1500273.7291739315, 1500273.7291739315, 1500273.7291739315, 1500273.7291739315, 1500273.7291739315, 1500273.7291739315, 1500273.7291739315, 1500273.7291739315, 1500273.7291739315, 1500273.7291739315, 1500273.7291739315, 1500273.7291739315, 1500273.7291739315, 1500273.7291739315, 1500273.7291739315, 1500273.7291739315, 1500273.7291739315, 1500273.7291739315, 1500273.7291739315, 1500273.7291739315, 1500273.7291739315, 1500273.7291739315, 1500273.7291739315, 1500273.7291739315, 1500273.7291739315, 1500273.7291739315, 1500273.7291739315, 1500273.7291739315, 1500273.7291739315, 1500273.7291739315, 1500273.7291739315, 1500273.7291739315, 1500273.7291739315, 1500273.7291739315, 1500273.7291739315, 1500273.7291739315, 1500273.7291739315, 1500273.7291739315, 1500273.7291739315, 1500273.7291739315, 1500273.7291739315, 1500273.7291739315, 1500273.7291739315, 1500273.7291739315, 1500273.7291739315, 1500273.7291739315, 1500273.7291739315, 1500273.7291739315, 1500273.7291739315, 1500273.7291739315, 1500273.7291739315, 1500273.7291739315, 1500273.7291739315, 1500273.7291739315, 1500273.7291739315, 1500273.7291739315, 1500273.7291739315, 1500273.7291739315, 1500273.7291739315, 1500273.7291739315, 1500273.7291739315, 1500273.7291739315, 1500273.7291739315, 1500273.7291739315, 1500273.7291739315, 1500273.7291739315, 1500273.7291739315, 1500273.7291739315, 1500273.7291739315, 1500273.7291739315, 1500273.7291739315, 1500273.7291739315, 1500273.7291739315, 1500273.7291739315, 1500273.7291739315, 1500273.7291739315, 1500273.7291739315, 1500273.7291739315, 1500273.7291739315, 1500273.7291739315, 1500273.7291739315, 1500273.7291739315, 1500273.7291739315, 1500273.7291739315, 1500273.7291739315, 1500273.7291739315, 1500273.7291739315, 1500273.7291739315, 1500273.7291739315, 1500273.7291739315, 1500273.7291739315, 1500273.7291739315, 1500273.7291739315, 1500273.7291739315, 1500273.7291739315, 1500273.7291739315, 1500273.7291739315, 1500273.7291739315, 1500273.7291739315, 1500273.7291739315, 1500273.7291739315, 1500273.7291739315, 1500273.7291739315, 1500273.7291739315, 1500273.7291739315, 1500273.7291739315, 1500273.7291739315, 1500273.7291739315, 1500273.7291739315, 1500273.7291739315, 1500273.7291739315, 1500273.7291739315, 1500273.7291739315, 1500273.7291739315, 1500273.7291739315, 1500273.7291739315, 1500273.7291739315, 1500273.7291739315, 1500273.7291739315, 1500273.7291739315, 1500273.7291739315, 1500273.7291739315, 1500273.7291739315, 1500273.7291739315, 1500273.7291739315, 1500273.7291739315, 1500273.7291739315, 1500273.7291739315, 1500273.7291739315, 1500273.7291739315, 1500273.7291739315, 1500273.7291739315, 1500273.7291739315, 1500273.7291739315, 1500273.7291739315, 1500273.7291739315, 1500273.7291739315, 1500273.7291739315, 1500273.7291739315, 1500273.7291739315, 1500273.7291739315, 1500273.7291739315, 1500273.7291739315, 1500273.7291739315, 1500273.7291739315, 1500273.7291739315, 1500273.7291739315, 1500273.7291739315, 1500273.7291739315, 1500273.7291739315, 1500273.7291739315, 1500273.7291739315, 1500273.7291739315, 1500273.7291739315, 1500273.7291739315, 1500273.7291739315, 1500273.7291739315, 1500273.7291739315, 1500273.7291739315, 1500273.7291739315, 1500273.7291739315, 1500273.7291739315, 1500273.7291739315, 1500273.7291739315, 1500273.7291739315, 1500273.7291739315, 1500273.7291739315, 1500273.7291739315, 1500273.7291739315, 1500273.7291739315, 1500273.7291739315, 1500273.7291739315, 1500273.7291739315, 1500273.7291739315, 1500273.7291739315, 1500273.7291739315, 1500273.7291739315, 1500273.7291739315, 1500273.7291739315, 1500273.7291739315, 1500273.7291739315, 1500273.7291739315, 1500273.7291739315, 1500273.7291739315, 1500273.7291739315, 1500273.7291739315, 1500273.7291739315, 1500273.7291739315, 1500273.7291739315, 1500273.7291739315, 1500273.7291739315, 1500273.7291739315, 1500273.7291739315, 1500273.7291739315, 1500273.7291739315, 1500273.7291739315, 1500273.7291739315, 1500273.7291739315, 1500273.7291739315, 1500273.7291739315, 1500273.7291739315, 1500273.7291739315, 1500273.7291739315, 1500273.7291739315, 1500273.7291739315, 1500273.7291739315, 1500273.7291739315, 1500273.7291739315, 1500273.7291739315, 1500273.7291739315, 1500273.7291739315, 1500273.7291739315, 1500273.7291739315, 1500273.7291739315, 1500273.7291739315, 1500273.7291739315, 1500273.7291739315, 1500273.7291739315, 1500273.7291739315, 1500273.7291739315, 1500273.7291739315, 1500273.7291739315, 1500273.7291739315, 1500273.7291739315, 1500273.7291739315, 1500273.7291739315, 1500273.7291739315, 1500273.7291739315, 1500273.7291739315, 1500273.7291739315, 1500273.7291739315, 1500273.7291739315, 1500273.7291739315, 1500273.7291739315, 1500273.7291739315, 1500273.7291739315, 1500273.7291739315, 1500273.7291739315, 1500273.7291739315, 1500273.7291739315, 1500273.7291739315, 1500273.7291739315, 1500273.7291739315, 1500273.7291739315, 1500273.7291739315, 1500273.7291739315, 1500273.7291739315, 1500273.7291739315, 1500273.7291739315, 1500273.7291739315, 1500273.7291739315, 1500273.7291739315, 1500273.7291739315, 1500273.7291739315, 1500273.7291739315, 1500273.7291739315, 1500273.7291739315, 1500273.7291739315, 1500273.7291739315, 1500273.7291739315, 1500273.7291739315, 1500273.7291739315, 1500273.7291739315, 1500273.7291739315, 1500273.7291739315, 1500273.7291739315, 1500273.7291739315, 1500273.7291739315, 1500273.7291739315, 1500273.7291739315, 1500273.7291739315, 1500273.7291739315, 1500273.7291739315, 1500273.7291739315, 1500273.7291739315, 1500273.7291739315, 1500273.7291739315, 1500273.7291739315, 1500273.7291739315, 1500273.7291739315, 1500273.7291739315, 1500273.7291739315, 1500273.7291739315, 1500273.7291739315, 1500273.7291739315, 1500273.7291739315, 1500273.7291739315, 1500273.7291739315, 1500273.7291739315, 1500273.7291739315, 1500273.7291739315, 1500273.7291739315, 1500273.7291739315, 1500273.7291739315, 1500273.7291739315, 1500273.7291739315, 1500273.7291739315, 1500273.7291739315, 1500273.7291739315, 1500273.7291739315, 1500273.7291739315, 1500273.7291739315, 1500273.7291739315, 1500273.7291739315, 1500273.7291739315, 1500273.7291739315, 1500273.7291739315, 1500273.7291739315, 1500273.7291739315, 1500273.7291739315, 1500273.7291739315, 1500273.7291739315, 1500273.7291739315, 1500273.7291739315, 1500273.7291739315, 1500273.7291739315, 1500273.7291739315, 1500273.7291739315, 1500273.7291739315, 1500273.7291739315, 1500273.7291739315, 1500273.7291739315, 1500273.7291739315, 1500273.7291739315, 1500273.7291739315, 1500273.7291739315, 1500273.7291739315, 1500273.7291739315, 1500273.7291739315, 1500273.7291739315, 1500273.7291739315, 1500273.7291739315, 1500273.7291739315, 1500273.7291739315, 1500273.7291739315, 1500273.7291739315, 1500273.7291739315, 1500273.7291739315, 1500273.7291739315, 1500273.7291739315, 1500273.7291739315, 1500273.7291739315, 1500273.7291739315, 1500273.7291739315, 1500273.7291739315, 1500273.7291739315, 1500273.7291739315, 1500273.7291739315, 1500273.7291739315, 1500273.7291739315, 1500273.7291739315, 1500273.7291739315, 1500273.7291739315, 1500273.7291739315, 1500273.7291739315, 1500273.7291739315, 1500273.7291739315, 1500273.7291739315, 1500273.7291739315, 1500273.7291739315, 1500273.7291739315, 1500273.7291739315, 1500273.7291739315, 1500273.7291739315, 1500273.7291739315, 1500273.7291739315, 1500273.7291739315, 1500273.7291739315, 1500273.7291739315, 1500273.7291739315, 1500273.7291739315, 1500273.7291739315, 1500273.7291739315, 1500273.7291739315, 1500273.7291739315, 1500273.7291739315, 1500273.7291739315, 1500273.7291739315, 1500273.7291739315, 1500273.7291739315, 1500273.7291739315, 1500273.7291739315, 1500273.7291739315, 1500273.7291739315, 1500273.7291739315, 1500273.7291739315, 1500273.7291739315, 1500273.7291739315, 1500273.7291739315, 1500273.7291739315, 1500273.7291739315, 1500273.7291739315, 1500273.7291739315, 1500273.7291739315, 1500273.7291739315, 1500273.7291739315, 1500273.7291739315, 1500273.7291739315, 1500273.7291739315, 1500273.7291739315, 1500273.7291739315, 1500273.7291739315, 1500273.7291739315, 1500273.7291739315, 1500273.7291739315, 1500273.7291739315, 1500273.7291739315, 1500273.7291739315, 1500273.7291739315, 1500273.7291739315, 1500273.7291739315, 1500273.7291739315, 1500273.7291739315, 1500273.7291739315, 1500273.7291739315, 1500273.7291739315, 1500273.7291739315, 1500273.7291739315, 1500273.7291739315, 1500273.7291739315, 1500273.7291739315, 1500273.7291739315, 1500273.7291739315, 1500273.7291739315, 1500273.7291739315, 1500273.7291739315, 1500273.7291739315, 1500273.7291739315, 1500273.7291739315, 1500273.7291739315, 1500273.7291739315, 1500273.7291739315, 1500273.7291739315, 1500273.7291739315, 1500273.7291739315, 1500273.7291739315, 1500273.7291739315, 1500273.7291739315, 1500273.7291739315, 1500273.7291739315, 1500273.7291739315, 1500273.7291739315, 1500273.7291739315, 1500273.7291739315, 1500273.7291739315, 1500273.7291739315, 1500273.7291739315, 1500273.7291739315, 1500273.7291739315, 1500273.7291739315, 1500273.7291739315, 1500273.7291739315, 1500273.7291739315, 1500273.7291739315, 1500273.7291739315, 1500273.7291739315, 1500273.7291739315, 1500273.7291739315, 1500273.7291739315, 1500273.7291739315, 1500273.7291739315, 1500273.7291739315, 1500273.7291739315, 1500273.7291739315, 1500273.7291739315, 1500273.7291739315, 1500273.7291739315, 1500273.7291739315, 1500273.7291739315, 1500273.7291739315, 1500273.7291739315, 1500273.7291739315, 1500273.7291739315, 1500273.7291739315, 1500273.7291739315, 1500273.7291739315, 1500273.7291739315, 1500273.7291739315, 1500273.7291739315, 1500273.7291739315, 1500273.7291739315, 1500273.7291739315, 1500273.7291739315, 1500273.7291739315, 1500273.7291739315, 1500273.7291739315, 1500273.7291739315, 1500273.7291739315, 1500273.7291739315, 1500273.7291739315, 1500273.7291739315, 1500273.7291739315, 1500273.7291739315, 1500273.7291739315, 1500273.7291739315, 1500273.7291739315, 1500273.7291739315, 1500273.7291739315, 1500273.7291739315, 1500273.7291739315, 1500273.7291739315, 1500273.7291739315, 1500273.7291739315, 1500273.7291739315, 1500273.7291739315, 1500273.7291739315, 1500273.7291739315, 1500273.7291739315, 1500273.7291739315, 1500273.7291739315, 1500273.7291739315, 1500273.7291739315, 1500273.7291739315, 1500273.7291739315, 1500273.7291739315, 1500273.7291739315, 1500273.7291739315, 1500273.7291739315, 1500273.7291739315, 1500273.7291739315, 1500273.7291739315, 1500273.7291739315, 1500273.7291739315, 1500273.7291739315, 1500273.7291739315, 1500273.7291739315, 1500273.7291739315, 1500273.7291739315, 1500273.7291739315, 1500273.7291739315, 1500273.7291739315, 1500273.7291739315, 1500273.7291739315, 1500273.7291739315, 1500273.7291739315, 1500273.7291739315, 1500273.7291739315, 1500273.7291739315, 1500273.7291739315, 1500273.7291739315, 1500273.7291739315, 1500273.7291739315, 1500273.7291739315, 1500273.7291739315, 1500273.7291739315, 1500273.7291739315, 1500273.7291739315, 1500273.7291739315, 1500273.7291739315, 1500273.7291739315, 1500273.7291739315, 1500273.7291739315, 1500273.7291739315, 1500273.7291739315, 1500273.7291739315, 1500273.7291739315, 1500273.7291739315, 1500273.7291739315, 1500273.7291739315, 1500273.7291739315, 1500273.7291739315, 1500273.7291739315, 1500273.7291739315, 1500273.7291739315, 1500273.7291739315, 1500273.7291739315, 1500273.7291739315, 1500273.7291739315, 1500273.7291739315, 1500273.7291739315, 1500273.7291739315, 1500273.7291739315, 1500273.7291739315, 1500273.7291739315, 1500273.7291739315, 1500273.7291739315, 1500273.7291739315, 1500273.7291739315, 1500273.7291739315, 1500273.7291739315, 1500273.7291739315, 1500273.7291739315, 1500273.7291739315, 1500273.7291739315, 1500273.7291739315, 1500273.7291739315, 1500273.7291739315, 1500273.7291739315, 1500273.7291739315, 1500273.7291739315, 1500273.7291739315, 1500273.7291739315, 1500273.7291739315, 1500273.7291739315, 1500273.7291739315, 1500273.7291739315, 1500273.7291739315, 1500273.7291739315, 1500273.7291739315, 1500273.7291739315, 1500273.7291739315, 1500273.7291739315, 1500273.7291739315, 1500273.7291739315, 1500273.7291739315, 1500273.7291739315, 1500273.7291739315, 1500273.7291739315, 1500273.7291739315, 1500273.7291739315, 1500273.7291739315, 1500273.7291739315, 1500273.7291739315, 1500273.7291739315, 1500273.7291739315, 1500273.7291739315, 1500273.7291739315, 1500273.7291739315, 1500273.7291739315, 1500273.7291739315, 1500273.7291739315, 1500273.7291739315, 1500273.7291739315, 1500273.7291739315, 1500273.7291739315, 1500273.7291739315, 1500273.7291739315, 1500273.7291739315, 1500273.7291739315, 1500273.7291739315, 1500273.7291739315, 1500273.7291739315, 1500273.7291739315, 1500273.7291739315, 1500273.7291739315, 1500273.7291739315, 1500273.7291739315, 1500273.7291739315, 1500273.7291739315, 1500273.7291739315, 1500273.7291739315, 1500273.7291739315, 1500273.7291739315, 1500273.7291739315, 1500273.7291739315, 1500273.7291739315, 1500273.7291739315, 1500273.7291739315, 1500273.7291739315, 1500273.7291739315, 1500273.7291739315, 1500273.7291739315, 1500273.7291739315, 1500273.7291739315, 1500273.7291739315, 1500273.7291739315, 1500273.7291739315, 1500273.7291739315, 1500273.7291739315, 1500273.7291739315, 1500273.7291739315, 1500273.7291739315, 1500273.7291739315, 1500273.7291739315, 1500273.7291739315, 1500273.7291739315, 1500273.7291739315, 1500273.7291739315, 1500273.7291739315, 1500273.7291739315, 1500273.7291739315, 1500273.7291739315, 1500273.7291739315, 1500273.7291739315, 1500273.7291739315, 1500273.7291739315, 1500273.7291739315, 1500273.7291739315, 1500273.7291739315, 1500273.7291739315, 1500273.7291739315, 1500273.7291739315, 1500273.7291739315, 1500273.7291739315, 1500273.7291739315, 1500273.7291739315, 1500273.7291739315, 1500273.7291739315, 1500273.7291739315, 1500273.7291739315, 1500273.7291739315, 1500273.7291739315, 1500273.7291739315, 1500273.7291739315, 1500273.7291739315, 1500273.7291739315, 1500273.7291739315, 1500273.7291739315, 1500273.7291739315, 1500273.7291739315, 1500273.7291739315, 1500273.7291739315, 1500273.7291739315, 1500273.7291739315, 1500273.7291739315, 1500273.7291739315, 1500273.7291739315, 1500273.7291739315, 1500273.7291739315, 1500273.7291739315, 1500273.7291739315, 1500273.7291739315, 1500273.7291739315, 1500273.7291739315, 1500273.7291739315, 1500273.7291739315, 1500273.7291739315, 1500273.7291739315, 1500273.7291739315, 1500273.7291739315, 1500273.7291739315, 1500273.7291739315, 1500273.7291739315, 1500273.7291739315, 1500273.7291739315, 1500273.7291739315, 1500273.7291739315, 1500273.7291739315, 1500273.7291739315, 1500273.7291739315, 1500273.7291739315, 1500273.7291739315, 1500273.7291739315, 1500273.7291739315, 1500273.7291739315, 1500273.7291739315, 1500273.7291739315, 1500273.7291739315, 1500273.7291739315, 1500273.7291739315, 1500273.7291739315, 1500273.7291739315, 1500273.7291739315, 1500273.7291739315, 1500273.7291739315, 1500273.7291739315, 1500273.7291739315, 1500273.7291739315, 1500273.7291739315, 1500273.7291739315, 1500273.7291739315, 1500273.7291739315, 1500273.7291739315, 1500273.7291739315, 1500273.7291739315, 1500273.7291739315, 1500273.7291739315, 1500273.7291739315, 1500273.7291739315, 1500273.7291739315, 1500273.7291739315, 1500273.7291739315, 1500273.7291739315, 1500273.7291739315, 1500273.7291739315, 1500273.7291739315, 1500273.7291739315, 1500273.7291739315, 1500273.7291739315, 1500273.7291739315, 1500273.7291739315, 1500273.7291739315, 1500273.7291739315, 1500273.7291739315, 1500273.7291739315, 1500273.7291739315, 1500273.7291739315, 1500273.7291739315, 1500273.7291739315, 1500273.7291739315, 1500273.7291739315, 1500273.7291739315, 1500273.7291739315, 1500273.7291739315, 1500273.7291739315, 1500273.7291739315, 1500273.7291739315, 1500273.7291739315, 1500273.7291739315, 1500273.7291739315, 1500273.7291739315, 1500273.7291739315, 1500273.7291739315, 1500273.7291739315, 1500273.7291739315, 1500273.7291739315, 1500273.7291739315, 1500273.7291739315, 1500273.7291739315, 1500273.7291739315, 1500273.7291739315, 1500273.7291739315, 1500273.7291739315, 1500273.7291739315, 1500273.7291739315, 1500273.7291739315, 1500273.7291739315, 1500273.7291739315, 1500273.7291739315, 1500273.7291739315, 1500273.7291739315, 1500273.7291739315, 1500273.7291739315, 1500273.7291739315, 1500273.7291739315, 1500273.7291739315, 1500273.7291739315, 1500273.7291739315, 1500273.7291739315, 1500273.7291739315, 1500273.7291739315, 1500273.7291739315, 1500273.7291739315, 1500273.7291739315, 1500273.7291739315, 1500273.7291739315, 1500273.7291739315, 1500273.7291739315, 1500273.7291739315, 1500273.7291739315, 1500273.7291739315, 1500273.7291739315, 1500273.7291739315, 1500273.7291739315, 1500273.7291739315, 1500273.7291739315, 1500273.7291739315, 1500273.7291739315, 1500273.7291739315, 1500273.7291739315, 1500273.7291739315, 1500273.7291739315, 1500273.7291739315, 1500273.7291739315, 1500273.7291739315, 1500273.7291739315, 1500273.7291739315, 1500273.7291739315, 1500273.7291739315, 1500273.7291739315, 1500273.7291739315, 1500273.7291739315, 1500273.7291739315, 1500273.7291739315, 1500273.7291739315, 1500273.7291739315, 1500273.7291739315, 1500273.7291739315, 1500273.7291739315, 1500273.7291739315, 1500273.7291739315, 1500273.7291739315, 1500273.7291739315, 1500273.7291739315, 1500273.7291739315, 1500273.7291739315, 1500273.7291739315, 1500273.7291739315, 1500273.7291739315, 1500273.7291739315, 1500273.7291739315, 1500273.7291739315, 1500273.7291739315, 1500273.7291739315, 1500273.7291739315, 1500273.7291739315, 1500273.7291739315, 1500273.7291739315, 1500273.7291739315, 1500273.7291739315, 1500273.7291739315, 1500273.7291739315, 1500273.7291739315, 1500273.7291739315, 1500273.7291739315, 1500273.7291739315, 1500273.7291739315, 1500273.7291739315, 1500273.7291739315, 1500273.7291739315, 1500273.7291739315, 1500273.7291739315, 1500273.7291739315, 1500273.7291739315, 1500273.7291739315, 1500273.7291739315, 1500273.7291739315, 1500273.7291739315, 1500273.7291739315, 1500273.7291739315, 1500273.7291739315, 1500273.7291739315, 1500273.7291739315, 1500273.7291739315, 1500273.7291739315, 1500273.7291739315, 1500273.7291739315, 1500273.7291739315, 1500273.7291739315, 1500273.7291739315, 1500273.7291739315, 1500273.7291739315, 1500273.7291739315, 1500273.7291739315, 1500273.7291739315, 1500273.7291739315, 1500273.7291739315, 1500273.7291739315, 1500273.7291739315, 1500273.7291739315, 1500273.7291739315, 1500273.7291739315, 1500273.7291739315, 1500273.7291739315, 1500273.7291739315, 1500273.7291739315, 1500273.7291739315, 1500273.7291739315, 1500273.7291739315, 1500273.7291739315, 1500273.7291739315, 1500273.7291739315, 1500273.7291739315, 1500273.7291739315, 1500273.7291739315, 1500273.7291739315, 1500273.7291739315, 1500273.7291739315, 1500273.7291739315, 1500273.7291739315, 1500273.7291739315, 1500273.7291739315, 1500273.7291739315, 1500273.7291739315, 1500273.7291739315, 1500273.7291739315, 1500273.7291739315, 1500273.7291739315, 1500273.7291739315, 1500273.7291739315, 1500273.7291739315, 1500273.7291739315, 1500273.7291739315, 1500273.7291739315, 1500273.7291739315, 1500273.7291739315, 1500273.7291739315, 1500273.7291739315, 1500273.7291739315, 1500273.7291739315, 1500273.7291739315, 1500273.7291739315, 1500273.7291739315, 1500273.7291739315, 1500273.7291739315, 1500273.7291739315, 1500273.7291739315, 1500273.7291739315, 1500273.7291739315, 1500273.7291739315, 1500273.7291739315, 1500273.7291739315, 1500273.7291739315, 1500273.7291739315, 1500273.7291739315, 1500273.7291739315, 1500273.7291739315, 1500273.7291739315, 1500273.7291739315, 1500273.7291739315, 1500273.7291739315, 1500273.7291739315, 1500273.7291739315, 1500273.7291739315, 1500273.7291739315, 1500273.7291739315, 1500273.7291739315, 1500273.7291739315, 1500273.7291739315, 1500273.7291739315, 1500273.7291739315, 1500273.7291739315, 1500273.7291739315, 1500273.7291739315, 1500273.7291739315, 1500273.7291739315, 1500273.7291739315, 1500273.7291739315, 1500273.7291739315, 1500273.7291739315, 1500273.7291739315, 1500273.7291739315, 1500273.7291739315, 1500273.7291739315, 1500273.7291739315, 1500273.7291739315, 1500273.7291739315, 1500273.7291739315, 1500273.7291739315, 1500273.7291739315, 1500273.7291739315, 1500273.7291739315, 1500273.7291739315, 1500273.7291739315, 1500273.7291739315, 1500273.7291739315, 1500273.7291739315, 1500273.7291739315, 1500273.7291739315, 1500273.7291739315, 1500273.7291739315, 1500273.7291739315, 1500273.7291739315, 1500273.7291739315, 1500273.7291739315, 1500273.7291739315, 1500273.7291739315, 1500273.7291739315, 1500273.7291739315, 1500273.7291739315, 1500273.7291739315, 1500273.7291739315, 1500273.7291739315, 1500273.7291739315, 1500273.7291739315, 1500273.7291739315, 1500273.7291739315, 1500273.7291739315, 1500273.7291739315, 1500273.7291739315, 1500273.7291739315, 1500273.7291739315, 1500273.7291739315, 1500273.7291739315, 1500273.7291739315, 1500273.7291739315, 1500273.7291739315, 1500273.7291739315, 1500273.7291739315, 1500273.7291739315, 1500273.7291739315, 1500273.7291739315, 1500273.7291739315, 1500273.7291739315, 1500273.7291739315, 1500273.7291739315, 1500273.7291739315, 1500273.7291739315, 1500273.7291739315, 1500273.7291739315, 1500273.7291739315, 1500273.7291739315, 1500273.7291739315, 1500273.7291739315, 1500273.7291739315, 1500273.7291739315, 1500273.7291739315, 1500273.7291739315, 1500273.7291739315, 1500273.7291739315, 1500273.7291739315, 1500273.7291739315, 1500273.7291739315, 1500273.7291739315, 1500273.7291739315, 1500273.7291739315, 1500273.7291739315, 1500273.7291739315, 1500273.7291739315, 1500273.7291739315, 1500273.7291739315, 1500273.7291739315, 1500273.7291739315, 1500273.7291739315, 1500273.7291739315, 1500273.7291739315, 1500273.7291739315, 1500273.7291739315, 1500273.7291739315, 1500273.7291739315, 1500273.7291739315, 1500273.7291739315, 1500273.7291739315, 1500273.7291739315, 1500273.7291739315, 1500273.7291739315, 1500273.7291739315, 1500273.7291739315, 1500273.7291739315, 1500273.7291739315, 1500273.7291739315, 1500273.7291739315, 1500273.7291739315, 1500273.7291739315, 1500273.7291739315, 1500273.7291739315, 1500273.7291739315, 1500273.7291739315, 1500273.7291739315, 1500273.7291739315, 1500273.7291739315, 1500273.7291739315, 1500273.7291739315, 1500273.7291739315, 1500273.7291739315, 1500273.7291739315, 1500273.7291739315, 1500273.7291739315, 1500273.7291739315, 1500273.7291739315, 1500273.7291739315, 1500273.7291739315, 1500273.7291739315, 1500273.7291739315, 1500273.7291739315, 1500273.7291739315, 1500273.7291739315, 1500273.7291739315, 1500273.7291739315, 1500273.7291739315, 1500273.7291739315, 1500273.7291739315, 1500273.7291739315], 'buy_sell_points': [{'timestamp': '2025-01-20', 'symbol': 'sz.002188', 'order_type': 'buy', 'quantity': 43480.0, 'price': 5.746879853479854, 'high': np.float64(5.746879853479854), 'low': np.float64(5.746879853479854)}, {'timestamp': '2025-01-20', 'symbol': 'sz.002800', 'order_type': 'buy', 'quantity': 12640.0, 'price': 19.80280152144394, 'high': np.float64(19.80280152144394), 'low': np.float64(19.80280152144394)}, {'timestamp': '2025-01-20', 'symbol': 'sz.002205', 'order_type': 'buy', 'quantity': 18110.0, 'price': 14.0288180712358, 'high': np.float64(14.0288180712358), 'low': np.float64(14.0288180712358)}, {'timestamp': '2025-01-20', 'symbol': 'sz.002633', 'order_type': 'buy', 'quantity': 15150.0, 'price': 16.207796211950395, 'high': np.float64(16.207796211950395), 'low': np.float64(16.207796211950395)}, {'timestamp': '2025-02-05', 'symbol': 'sz.002188', 'order_type': 'sell', 'quantity': 43480.0, 'price': 5.6848224664224665, 'high': np.float64(5.6848224664224665), 'low': np.float64(5.6848224664224665)}, {'timestamp': '2025-02-05', 'symbol': 'sz.002800', 'order_type': 'sell', 'quantity': 12640.0, 'price': 20.324471723737368, 'high': np.float64(20.324471723737368), 'low': np.float64(20.324471723737368)}, {'timestamp': '2025-02-05', 'symbol': 'sz.002205', 'order_type': 'sell', 'quantity': 18110.0, 'price': 13.706665952044604, 'high': np.float64(13.706665952044604), 'low': np.float64(13.706665952044604)}, {'timestamp': '2025-02-05', 'symbol': 'sz.002633', 'order_type': 'sell', 'quantity': 15150.0, 'price': 16.751120586245772, 'high': np.float64(16.751120586245772), 'low': np.float64(16.751120586245772)}, {'timestamp': '2025-02-10', 'symbol': 'sz.002188', 'order_type': 'buy', 'quantity': 42290.0, 'price': 5.969424175824175, 'high': np.float64(5.969424175824175), 'low': np.float64(5.969424175824175)}, {'timestamp': '2025-02-10', 'symbol': 'sz.002800', 'order_type': 'buy', 'quantity': 11950.0, 'price': 21.089481011162125, 'high': np.float64(21.089481011162125), 'low': np.float64(21.089481011162125)}, {'timestamp': '2025-02-10', 'symbol': 'sz.002205', 'order_type': 'buy', 'quantity': 16740.0, 'price': 14.947371635423856, 'high': np.float64(14.947371635423856), 'low': np.float64(14.947371635423856)}, {'timestamp': '2025-02-10', 'symbol': 'sz.002633', 'order_type': 'buy', 'quantity': 14590.0, 'price': 17.18453722660654, 'high': np.float64(17.18453722660654), 'low': np.float64(17.18453722660654)}, {'timestamp': '2025-02-17', 'symbol': 'sz.002205', 'order_type': 'sell', 'quantity': 16740.0, 'price': 16.118639936324296, 'high': np.float64(16.118639936324296), 'low': np.float64(16.118639936324296)}, {'timestamp': '2025-02-17', 'symbol': 'sz.003017', 'order_type': 'buy', 'quantity': 8260.0, 'price': 30.63853888503762, 'high': np.float64(30.63853888503762), 'low': np.float64(30.63853888503762)}, {'timestamp': '2025-02-24', 'symbol': 'sz.002633', 'order_type': 'sell', 'quantity': 14590.0, 'price': 17.328745434047352, 'high': np.float64(17.328745434047352), 'low': np.float64(17.328745434047352)}, {'timestamp': '2025-02-24', 'symbol': 'sz.003017', 'order_type': 'sell', 'quantity': 8260.0, 'price': 32.65160817643562, 'high': np.float64(32.65160817643562), 'low': np.float64(32.65160817643562)}, {'timestamp': '2025-02-24', 'symbol': 'sz.002780', 'order_type': 'buy', 'quantity': 12500.0, 'price': 20.972082668846227, 'high': np.float64(20.972082668846227), 'low': np.float64(20.972082668846227)}, {'timestamp': '2025-02-24', 'symbol': 'sz.002205', 'order_type': 'buy', 'quantity': 17220.0, 'price': 15.398297930570726, 'high': np.float64(15.398297930570726), 'low': np.float64(15.398297930570726)}, {'timestamp': '2025-03-03', 'symbol': 'sz.002780', 'order_type': 'sell', 'quantity': 12500.0, 'price': 21.591147783759997, 'high': np.float64(21.591147783759997), 'low': np.float64(21.591147783759997)}, {'timestamp': '2025-03-03', 'symbol': 'sz.002205', 'order_type': 'sell', 'quantity': 17220.0, 'price': 15.23702185931172, 'high': np.float64(15.23702185931172), 'low': np.float64(15.23702185931172)}, {'timestamp': '2025-03-03', 'symbol': 'sz.002633', 'order_type': 'buy', 'quantity': 15790.0, 'price': 16.802997767756484, 'high': np.float64(16.802997767756484), 'low': np.float64(16.802997767756484)}, {'timestamp': '2025-03-03', 'symbol': 'sz.002830', 'order_type': 'buy', 'quantity': 9320.0, 'price': 28.504179439557955, 'high': np.float64(28.504179439557955), 'low': np.float64(28.504179439557955)}, {'timestamp': '2025-03-17', 'symbol': 'sz.002188', 'order_type': 'sell', 'quantity': 42290.0, 'price': 6.454098901098901, 'high': np.float64(6.454098901098901), 'low': np.float64(6.454098901098901)}, {'timestamp': '2025-03-17', 'symbol': 'sz.002800', 'order_type': 'sell', 'quantity': 11950.0, 'price': 22.627244382091845, 'high': np.float64(22.627244382091845), 'low': np.float64(22.627244382091845)}, {'timestamp': '2025-03-17', 'symbol': 'sz.002633', 'order_type': 'sell', 'quantity': 15790.0, 'price': 18.210383359639234, 'high': np.float64(18.210383359639234), 'low': np.float64(18.210383359639234)}, {'timestamp': '2025-03-17', 'symbol': 'sz.002830', 'order_type': 'sell', 'quantity': 9320.0, 'price': 30.119643063152093, 'high': np.float64(30.119643063152093), 'low': np.float64(30.119643063152093)}, {'timestamp': '2025-04-14', 'symbol': 'sz.002188', 'order_type': 'buy', 'quantity': 49870.0, 'price': 5.694516483516483, 'high': np.float64(5.694516483516483), 'low': np.float64(5.694516483516483)}, {'timestamp': '2025-04-14', 'symbol': 'sz.002633', 'order_type': 'buy', 'quantity': 17880.0, 'price': 16.009395693348367, 'high': np.float64(16.009395693348367), 'low': np.float64(16.009395693348367)}, {'timestamp': '2025-04-14', 'symbol': 'sz.002830', 'order_type': 'buy', 'quantity': 10670.0, 'price': 26.943811868078683, 'high': np.float64(26.943811868078683), 'low': np.float64(26.943811868078683)}, {'timestamp': '2025-04-14', 'symbol': 'sz.003003', 'order_type': 'buy', 'quantity': 27830.0, 'price': 9.54043845758218, 'high': np.float64(9.54043845758218), 'low': np.float64(9.54043845758218)}, {'timestamp': '2025-04-18', 'symbol': 'sz.002188', 'order_type': 'sell', 'quantity': 49870.0, 'price': 6.232442979242979, 'high': np.float64(6.232442979242979), 'low': np.float64(6.232442979242979)}, {'timestamp': '2025-04-21', 'symbol': 'sz.002633', 'order_type': 'sell', 'quantity': 17880.0, 'price': 16.59911404735062, 'high': np.float64(16.59911404735062), 'low': np.float64(16.59911404735062)}, {'timestamp': '2025-04-21', 'symbol': 'sz.002830', 'order_type': 'sell', 'quantity': 10670.0, 'price': 26.74869463893304, 'high': np.float64(26.74869463893304), 'low': np.float64(26.74869463893304)}, {'timestamp': '2025-04-28', 'symbol': 'sz.003003', 'order_type': 'sell', 'quantity': 27830.0, 'price': 16.53615973124175, 'high': np.float64(16.53615973124175), 'low': np.float64(16.53615973124175)}, {'timestamp': '2025-05-06', 'symbol': 'sz.002591', 'order_type': 'buy', 'quantity': 18580.0, 'price': 18.643337833985075, 'high': np.float64(18.643337833985075), 'low': np.float64(18.643337833985075)}, {'timestamp': '2025-05-06', 'symbol': 'sz.002188', 'order_type': 'buy', 'quantity': 53570.0, 'price': 6.322876923076923, 'high': np.float64(6.322876923076923), 'low': np.float64(6.322876923076923)}, {'timestamp': '2025-05-06', 'symbol': 'sz.002883', 'order_type': 'buy', 'quantity': 10860.0, 'price': 31.429319482015792, 'high': np.float64(31.429319482015792), 'low': np.float64(31.429319482015792)}, {'timestamp': '2025-05-12', 'symbol': 'sz.002828', 'order_type': 'buy', 'quantity': 21080.0, 'price': 15.453491876826893, 'high': np.float64(15.453491876826893), 'low': np.float64(15.453491876826893)}, {'timestamp': '2025-05-19', 'symbol': 'sz.002591', 'order_type': 'sell', 'quantity': 18580.0, 'price': 19.329650935557677, 'high': np.float64(19.329650935557677), 'low': np.float64(19.329650935557677)}, {'timestamp': '2025-05-19', 'symbol': 'sz.002188', 'order_type': 'sell', 'quantity': 53570.0, 'price': 6.610561904761905, 'high': np.float64(6.610561904761905), 'low': np.float64(6.610561904761905)}, {'timestamp': '2025-05-19', 'symbol': 'sz.002883', 'order_type': 'sell', 'quantity': 10860.0, 'price': 32.601891405709225, 'high': np.float64(32.601891405709225), 'low': np.float64(32.601891405709225)}, {'timestamp': '2025-05-19', 'symbol': 'sz.002828', 'order_type': 'sell', 'quantity': 21080.0, 'price': 15.65778863998233, 'high': np.float64(15.65778863998233), 'low': np.float64(15.65778863998233)}, {'timestamp': '2025-06-03', 'symbol': 'sz.002591', 'order_type': 'buy', 'quantity': 18090.0, 'price': 19.1641014606327, 'high': np.float64(19.1641014606327), 'low': np.float64(19.1641014606327)}, {'timestamp': '2025-06-03', 'symbol': 'sz.002188', 'order_type': 'buy', 'quantity': 51790.0, 'price': 6.715602197802198, 'high': np.float64(6.715602197802198), 'low': np.float64(6.715602197802198)}, {'timestamp': '2025-06-03', 'symbol': 'sz.002883', 'order_type': 'buy', 'quantity': 10600.0, 'price': 32.58102067807809, 'high': np.float64(32.58102067807809), 'low': np.float64(32.58102067807809)}, {'timestamp': '2025-06-03', 'symbol': 'sz.002494', 'order_type': 'buy', 'quantity': 27440.0, 'price': 12.6408809183305, 'high': np.float64(12.6408809183305), 'low': np.float64(12.6408809183305)}, {'timestamp': '2025-06-09', 'symbol': 'sz.002591', 'order_type': 'sell', 'quantity': 18090.0, 'price': 19.882914647487773, 'high': np.float64(19.882914647487773), 'low': np.float64(19.882914647487773)}, {'timestamp': '2025-06-09', 'symbol': 'sz.002188', 'order_type': 'sell', 'quantity': 51790.0, 'price': 6.936526495726496, 'high': np.float64(6.936526495726496), 'low': np.float64(6.936526495726496)}, {'timestamp': '2025-06-09', 'symbol': 'sz.002883', 'order_type': 'sell', 'quantity': 10600.0, 'price': 33.77918192869316, 'high': np.float64(33.77918192869316), 'low': np.float64(33.77918192869316)}, {'timestamp': '2025-06-09', 'symbol': 'sz.002494', 'order_type': 'sell', 'quantity': 27440.0, 'price': 13.102662320019505, 'high': np.float64(13.102662320019505), 'low': np.float64(13.102662320019505)}, {'timestamp': '2025-06-16', 'symbol': 'sz.002883', 'order_type': 'buy', 'quantity': 11060.0, 'price': 32.671944456714584, 'high': np.float64(32.671944456714584), 'low': np.float64(32.671944456714584)}, {'timestamp': '2025-06-16', 'symbol': 'sz.002188', 'order_type': 'buy', 'quantity': 53600.0, 'price': 6.781056410256411, 'high': np.float64(6.781056410256411), 'low': np.float64(6.781056410256411)}, {'timestamp': '2025-06-16', 'symbol': 'sz.002591', 'order_type': 'buy', 'quantity': 18450.0, 'price': 19.580712361950805, 'high': np.float64(19.580712361950805), 'low': np.float64(19.580712361950805)}, {'timestamp': '2025-06-16', 'symbol': 'sz.002494', 'order_type': 'buy', 'quantity': 28350.0, 'price': 12.667949185821572, 'high': np.float64(12.667949185821572), 'low': np.float64(12.667949185821572)}, {'timestamp': '2025-06-23', 'symbol': 'sz.002883', 'order_type': 'sell', 'quantity': 11060.0, 'price': 31.303562877773523, 'high': np.float64(31.303562877773523), 'low': np.float64(31.303562877773523)}, {'timestamp': '2025-06-23', 'symbol': 'sz.002188', 'order_type': 'sell', 'quantity': 53600.0, 'price': 6.454098901098901, 'high': np.float64(6.454098901098901), 'low': np.float64(6.454098901098901)}, {'timestamp': '2025-06-23', 'symbol': 'sz.002591', 'order_type': 'sell', 'quantity': 18450.0, 'price': 18.672650277640695, 'high': np.float64(18.672650277640695), 'low': np.float64(18.672650277640695)}, {'timestamp': '2025-06-23', 'symbol': 'sz.002494', 'order_type': 'sell', 'quantity': 28350.0, 'price': 11.889452845943623, 'high': np.float64(11.889452845943623), 'low': np.float64(11.889452845943623)}, {'timestamp': '2025-06-30', 'symbol': 'sz.002883', 'order_type': 'buy', 'quantity': 10140.0, 'price': 34.10125459998562, 'high': np.float64(34.10125459998562), 'low': np.float64(34.10125459998562)}, {'timestamp': '2025-06-30', 'symbol': 'sz.002591', 'order_type': 'buy', 'quantity': 16480.0, 'price': 21.108285666783846, 'high': np.float64(21.108285666783846), 'low': np.float64(21.108285666783846)}, {'timestamp': '2025-06-30', 'symbol': 'sz.002188', 'order_type': 'buy', 'quantity': 47590.0, 'price': 7.278508424908425, 'high': np.float64(7.278508424908425), 'low': np.float64(7.278508424908425)}, {'timestamp': '2025-06-30', 'symbol': 'sz.003011', 'order_type': 'buy', 'quantity': 11730.0, 'price': 28.368057515591154, 'high': np.float64(28.368057515591154), 'low': np.float64(28.368057515591154)}, {'timestamp': '2025-07-07', 'symbol': 'sz.002883', 'order_type': 'sell', 'quantity': 10140.0, 'price': 33.753406929077535, 'high': np.float64(33.753406929077535), 'low': np.float64(33.753406929077535)}, {'timestamp': '2025-07-07', 'symbol': 'sz.002591', 'order_type': 'sell', 'quantity': 16480.0, 'price': 20.609073269396024, 'high': np.float64(20.609073269396024), 'low': np.float64(20.609073269396024)}, {'timestamp': '2025-07-07', 'symbol': 'sz.002188', 'order_type': 'sell', 'quantity': 47590.0, 'price': 7.197298168498167, 'high': np.float64(7.197298168498167), 'low': np.float64(7.197298168498167)}, {'timestamp': '2025-07-07', 'symbol': 'sz.003011', 'order_type': 'sell', 'quantity': 11730.0, 'price': 28.81064413983231, 'high': np.float64(28.81064413983231), 'low': np.float64(28.81064413983231)}, {'timestamp': '2025-07-14', 'symbol': 'sz.002883', 'order_type': 'buy', 'quantity': 9850.0, 'price': 34.587113970956025, 'high': np.float64(34.587113970956025), 'low': np.float64(34.587113970956025)}, {'timestamp': '2025-07-14', 'symbol': 'sz.002591', 'order_type': 'buy', 'quantity': 16150.0, 'price': 21.004132941454323, 'high': np.float64(21.004132941454323), 'low': np.float64(21.004132941454323)}, {'timestamp': '2025-07-14', 'symbol': 'sz.002188', 'order_type': 'buy', 'quantity': 45070.0, 'price': 7.51414358974359, 'high': np.float64(7.51414358974359), 'low': np.float64(7.51414358974359)}, {'timestamp': '2025-07-14', 'symbol': 'sz.003011', 'order_type': 'buy', 'quantity': 11610.0, 'price': 29.375666115871713, 'high': np.float64(29.375666115871713), 'low': np.float64(29.375666115871713)}, {'timestamp': '2025-07-21', 'symbol': 'sz.003011', 'order_type': 'sell', 'quantity': 11610.0, 'price': 29.335596926946078, 'high': np.float64(29.335596926946078), 'low': np.float64(29.335596926946078)}, {'timestamp': '2025-07-21', 'symbol': 'sz.002494', 'order_type': 'buy', 'quantity': 24550.0, 'price': 13.8860212229198, 'high': np.float64(13.8860212229198), 'low': np.float64(13.8860212229198)}, {'timestamp': '2025-07-28', 'symbol': 'sz.002591', 'order_type': 'sell', 'quantity': 16150.0, 'price': 22.06139051321252, 'high': np.float64(22.06139051321252), 'low': np.float64(22.06139051321252)}, {'timestamp': '2025-07-28', 'symbol': 'sz.002188', 'order_type': 'sell', 'quantity': 45070.0, 'price': 7.56237851037851, 'high': np.float64(7.56237851037851), 'low': np.float64(7.56237851037851)}, {'timestamp': '2025-07-28', 'symbol': 'sz.002494', 'order_type': 'sell', 'quantity': 24550.0, 'price': 13.965389057140127, 'high': np.float64(13.965389057140127), 'low': np.float64(13.965389057140127)}, {'timestamp': '2025-08-04', 'symbol': 'sz.002188', 'order_type': 'buy', 'quantity': 47210.0, 'price': 7.540325274725275, 'high': np.float64(7.540325274725275), 'low': np.float64(7.540325274725275)}, {'timestamp': '2025-08-04', 'symbol': 'sz.002591', 'order_type': 'buy', 'quantity': 16140.0, 'price': 21.941507469420053, 'high': np.float64(21.941507469420053), 'low': np.float64(21.941507469420053)}, {'timestamp': '2025-08-04', 'symbol': 'sz.002494', 'order_type': 'buy', 'quantity': 23610.0, 'price': 13.994294292884087, 'high': np.float64(13.994294292884087), 'low': np.float64(13.994294292884087)}, {'timestamp': '2025-09-01', 'symbol': 'sz.002883', 'order_type': 'sell', 'quantity': 9850.0, 'price': 34.963206460585695, 'high': np.float64(34.963206460585695), 'low': np.float64(34.963206460585695)}, {'timestamp': '2025-09-01', 'symbol': 'sz.002591', 'order_type': 'sell', 'quantity': 16140.0, 'price': 20.090388539461557, 'high': np.float64(20.090388539461557), 'low': np.float64(20.090388539461557)}, {'timestamp': '2025-09-01', 'symbol': 'sz.002494', 'order_type': 'sell', 'quantity': 23610.0, 'price': 12.886980635739347, 'high': np.float64(12.886980635739347), 'low': np.float64(12.886980635739347)}, {'timestamp': '2025-09-01', 'symbol': 'sz.002828', 'order_type': 'buy', 'quantity': 17960.0, 'price': 18.265934618794788, 'high': np.float64(18.265934618794788), 'low': np.float64(18.265934618794788)}, {'timestamp': '2025-09-01', 'symbol': 'sz.002836', 'order_type': 'buy', 'quantity': 10180.0, 'price': 31.942840563571373, 'high': np.float64(31.942840563571373), 'low': np.float64(31.942840563571373)}, {'timestamp': '2025-09-01', 'symbol': 'sz.003011', 'order_type': 'buy', 'quantity': 9850.0, 'price': 32.38299024593985, 'high': np.float64(32.38299024593985), 'low': np.float64(32.38299024593985)}, {'timestamp': '2025-09-02', 'symbol': 'sz.002188', 'order_type': 'sell', 'quantity': 47210.0, 'price': 7.106028083028083, 'high': np.float64(7.106028083028083), 'low': np.float64(7.106028083028083)}, {'timestamp': '2025-09-08', 'symbol': 'sz.002188', 'order_type': 'buy', 'quantity': 45860.0, 'price': 7.2261450549450545, 'high': np.float64(7.2261450549450545), 'low': np.float64(7.2261450549450545)}, {'timestamp': '2025-09-22', 'symbol': 'sz.002828', 'order_type': 'sell', 'quantity': 17960.0, 'price': 18.335567287847766, 'high': np.float64(18.335567287847766), 'low': np.float64(18.335567287847766)}, {'timestamp': '2025-09-22', 'symbol': 'sz.002836', 'order_type': 'sell', 'quantity': 10180.0, 'price': 31.815324233976277, 'high': np.float64(31.815324233976277), 'low': np.float64(31.815324233976277)}, {'timestamp': '2025-09-22', 'symbol': 'sz.003011', 'order_type': 'sell', 'quantity': 9850.0, 'price': 32.91762770960476, 'high': np.float64(32.91762770960476), 'low': np.float64(32.91762770960476)}, {'timestamp': '2025-09-22', 'symbol': 'sz.002188', 'order_type': 'sell', 'quantity': 45860.0, 'price': 7.327684004884006, 'high': np.float64(7.327684004884006), 'low': np.float64(7.327684004884006)}, {'timestamp': '2025-09-29', 'symbol': 'sz.002188', 'order_type': 'buy', 'quantity': 45390.0, 'price': 7.278508424908425, 'high': np.float64(7.278508424908425), 'low': np.float64(7.278508424908425)}, {'timestamp': '2025-09-29', 'symbol': 'sz.002828', 'order_type': 'buy', 'quantity': 18210.0, 'price': 17.979690785395455, 'high': np.float64(17.979690785395455), 'low': np.float64(17.979690785395455)}, {'timestamp': '2025-09-29', 'symbol': 'sz.002316', 'order_type': 'buy', 'quantity': 18720.0, 'price': 17.651284287119882, 'high': np.float64(17.651284287119882), 'low': np.float64(17.651284287119882)}, {'timestamp': '2025-09-29', 'symbol': 'sz.003011', 'order_type': 'buy', 'quantity': 10260.0, 'price': 31.964318977000985, 'high': np.float64(31.964318977000985), 'low': np.float64(31.964318977000985)}, {'timestamp': '2025-10-09', 'symbol': 'sz.003011', 'order_type': 'sell', 'quantity': 10260.0, 'price': 32.322653992416384, 'high': np.float64(32.322653992416384), 'low': np.float64(32.322653992416384)}, {'timestamp': '2025-10-09', 'symbol': 'sz.002780', 'order_type': 'buy', 'quantity': 12440.0, 'price': 26.65610507442138, 'high': np.float64(26.65610507442138), 'low': np.float64(26.65610507442138)}, {'timestamp': '2025-10-13', 'symbol': 'sz.002188', 'order_type': 'sell', 'quantity': 45390.0, 'price': 7.37983833943834, 'high': np.float64(7.37983833943834), 'low': np.float64(7.37983833943834)}, {'timestamp': '2025-10-13', 'symbol': 'sz.002828', 'order_type': 'sell', 'quantity': 18210.0, 'price': 18.371204930778475, 'high': np.float64(18.371204930778475), 'low': np.float64(18.371204930778475)}, {'timestamp': '2025-10-13', 'symbol': 'sz.002316', 'order_type': 'sell', 'quantity': 18720.0, 'price': 17.147958977973985, 'high': np.float64(17.147958977973985), 'low': np.float64(17.147958977973985)}, {'timestamp': '2025-10-13', 'symbol': 'sz.002780', 'order_type': 'sell', 'quantity': 12440.0, 'price': 25.61264547223609, 'high': np.float64(25.61264547223609), 'low': np.float64(25.61264547223609)}, {'timestamp': '2025-11-03', 'symbol': 'sz.002188', 'order_type': 'buy', 'quantity': 41180.0, 'price': 8.142504029304028, 'high': np.float64(8.142504029304028), 'low': np.float64(8.142504029304028)}, {'timestamp': '2025-11-03', 'symbol': 'sz.002494', 'order_type': 'buy', 'quantity': 22630.0, 'price': 14.50859137521445, 'high': np.float64(14.50859137521445), 'low': np.float64(14.50859137521445)}, {'timestamp': '2025-11-03', 'symbol': 'sz.003003', 'order_type': 'buy', 'quantity': 24400.0, 'price': 13.674859671961478, 'high': np.float64(13.674859671961478), 'low': np.float64(13.674859671961478)}, {'timestamp': '2025-11-03', 'symbol': 'sz.002828', 'order_type': 'buy', 'quantity': 15310.0, 'price': 20.305421931765014, 'high': np.float64(20.305421931765014), 'low': np.float64(20.305421931765014)}, {'timestamp': '2025-11-17', 'symbol': 'sz.002828', 'order_type': 'sell', 'quantity': 15310.0, 'price': 21.84587511652222, 'high': np.float64(21.84587511652222), 'low': np.float64(21.84587511652222)}, {'timestamp': '2025-11-17', 'symbol': 'sz.002830', 'order_type': 'buy', 'quantity': 8020.0, 'price': 41.66046042408343, 'high': np.float64(41.66046042408343), 'low': np.float64(41.66046042408343)}, {'timestamp': '2025-11-24', 'symbol': 'sz.002188', 'order_type': 'sell', 'quantity': 41180.0, 'price': 7.8101115995116, 'high': np.float64(7.8101115995116), 'low': np.float64(7.8101115995116)}, {'timestamp': '2025-11-24', 'symbol': 'sz.002494', 'order_type': 'sell', 'quantity': 22630.0, 'price': 14.774195373190716, 'high': np.float64(14.774195373190716), 'low': np.float64(14.774195373190716)}, {'timestamp': '2025-11-24', 'symbol': 'sz.003003', 'order_type': 'sell', 'quantity': 24400.0, 'price': 13.02169165235125, 'high': np.float64(13.02169165235125), 'low': np.float64(13.02169165235125)}, {'timestamp': '2025-11-24', 'symbol': 'sz.002830', 'order_type': 'sell', 'quantity': 8020.0, 'price': 38.910511083122, 'high': np.float64(38.910511083122), 'low': np.float64(38.910511083122)}, {'timestamp': '2025-12-01', 'symbol': 'sz.002188', 'order_type': 'buy', 'quantity': 39220.0, 'price': 8.247230769230768, 'high': np.float64(8.247230769230768), 'low': np.float64(8.247230769230768)}, {'timestamp': '2025-12-01', 'symbol': 'sz.002494', 'order_type': 'buy', 'quantity': 21120.0, 'price': 15.239434597473387, 'high': np.float64(15.239434597473387), 'low': np.float64(15.239434597473387)}, {'timestamp': '2025-12-01', 'symbol': 'sz.003003', 'order_type': 'buy', 'quantity': 23250.0, 'price': 14.075510919096818, 'high': np.float64(14.075510919096818), 'low': np.float64(14.075510919096818)}, {'timestamp': '2025-12-01', 'symbol': 'sz.002144', 'order_type': 'buy', 'quantity': 19980.0, 'price': 15.639111142782179, 'high': np.float64(15.639111142782179), 'low': np.float64(15.639111142782179)}, {'timestamp': '2025-12-02', 'symbol': 'sz.003003', 'order_type': 'sell', 'quantity': 23250.0, 'price': 14.502384009594415, 'high': np.float64(14.502384009594415), 'low': np.float64(14.502384009594415)}, {'timestamp': '2025-12-08', 'symbol': 'sz.003011', 'order_type': 'buy', 'quantity': 8780.0, 'price': 37.00054845639061, 'high': np.float64(37.00054845639061), 'low': np.float64(37.00054845639061)}, {'timestamp': '2025-12-15', 'symbol': 'sz.003011', 'order_type': 'sell', 'quantity': 8780.0, 'price': 33.310203556685174, 'high': np.float64(33.310203556685174), 'low': np.float64(33.310203556685174)}, {'timestamp': '2025-12-15', 'symbol': 'sz.002828', 'order_type': 'buy', 'quantity': 15140.0, 'price': 19.160446598167695, 'high': np.float64(19.160446598167695), 'low': np.float64(19.160446598167695)}, {'timestamp': '2025-12-22', 'symbol': 'sz.003011', 'order_type': 'buy', 'quantity': 410.0, 'price': 34.73424519066527, 'high': np.float64(34.73424519066527), 'low': np.float64(34.73424519066527)}, {'timestamp': '2025-12-29', 'symbol': 'sz.002144', 'order_type': 'sell', 'quantity': 19980.0, 'price': 14.868120684980276, 'high': np.float64(14.868120684980276), 'low': np.float64(14.868120684980276)}, {'timestamp': '2026-01-05', 'symbol': 'sz.003011', 'order_type': 'sell', 'quantity': 410.0, 'price': 34.438831630135205, 'high': np.float64(34.438831630135205), 'low': np.float64(34.438831630135205)}, {'timestamp': '2026-01-05', 'symbol': 'sz.003008', 'order_type': 'buy', 'quantity': 9370.0, 'price': 32.82879313137604, 'high': np.float64(32.82879313137604), 'low': np.float64(32.82879313137604)}, {'timestamp': '2026-01-12', 'symbol': 'sz.002828', 'order_type': 'sell', 'quantity': 15140.0, 'price': 20.59855761394754, 'high': np.float64(20.59855761394754), 'low': np.float64(20.59855761394754)}, {'timestamp': '2026-01-12', 'symbol': 'sz.003008', 'order_type': 'sell', 'quantity': 9370.0, 'price': 33.480198639939196, 'high': np.float64(33.480198639939196), 'low': np.float64(33.480198639939196)}, {'timestamp': '2026-01-12', 'symbol': 'sz.002715', 'order_type': 'buy', 'quantity': 13260.0, 'price': 23.984001774877395, 'high': np.float64(23.984001774877395), 'low': np.float64(23.984001774877395)}, {'timestamp': '2026-01-12', 'symbol': 'sz.003011', 'order_type': 'buy', 'quantity': 8840.0, 'price': 35.127700618742594, 'high': np.float64(35.127700618742594), 'low': np.float64(35.127700618742594)}], 'order_stats': {'win': 37, 'loss': 24, 'order_history': [{'symbol': 'sz.002188', 'order_return': np.float64(-1.08), 'open_time': '2025-01-20', 'close_time': '2025-02-05'}, {'symbol': 'sz.002800', 'order_return': np.float64(2.63), 'open_time': '2025-01-20', 'close_time': '2025-02-05'}, {'symbol': 'sz.002205', 'order_return': np.float64(-2.3), 'open_time': '2025-01-20', 'close_time': '2025-02-05'}, {'symbol': 'sz.002633', 'order_return': np.float64(3.35), 'open_time': '2025-01-20', 'close_time': '2025-02-05'}, {'symbol': 'sz.002205', 'order_return': np.float64(7.84), 'open_time': '2025-02-10', 'close_time': '2025-02-17'}, {'symbol': 'sz.002633', 'order_return': np.float64(0.84), 'open_time': '2025-02-10', 'close_time': '2025-02-24'}, {'symbol': 'sz.003017', 'order_return': np.float64(6.57), 'open_time': '2025-02-17', 'close_time': '2025-02-24'}, {'symbol': 'sz.002780', 'order_return': np.float64(2.95), 'open_time': '2025-02-24', 'close_time': '2025-03-03'}, {'symbol': 'sz.002205', 'order_return': np.float64(-1.05), 'open_time': '2025-02-24', 'close_time': '2025-03-03'}, {'symbol': 'sz.002188', 'order_return': np.float64(8.12), 'open_time': '2025-02-10', 'close_time': '2025-03-17'}, {'symbol': 'sz.002800', 'order_return': np.float64(7.29), 'open_time': '2025-02-10', 'close_time': '2025-03-17'}, {'symbol': 'sz.002633', 'order_return': np.float64(8.38), 'open_time': '2025-03-03', 'close_time': '2025-03-17'}, {'symbol': 'sz.002830', 'order_return': np.float64(5.67), 'open_time': '2025-03-03', 'close_time': '2025-03-17'}, {'symbol': 'sz.002188', 'order_return': np.float64(9.45), 'open_time': '2025-04-14', 'close_time': '2025-04-18'}, {'symbol': 'sz.002633', 'order_return': np.float64(3.68), 'open_time': '2025-04-14', 'close_time': '2025-04-21'}, {'symbol': 'sz.002830', 'order_return': np.float64(-0.72), 'open_time': '2025-04-14', 'close_time': '2025-04-21'}, {'symbol': 'sz.003003', 'order_return': np.float64(73.33), 'open_time': '2025-04-14', 'close_time': '2025-04-28'}, {'symbol': 'sz.002591', 'order_return': np.float64(3.68), 'open_time': '2025-05-06', 'close_time': '2025-05-19'}, {'symbol': 'sz.002188', 'order_return': np.float64(4.55), 'open_time': '2025-05-06', 'close_time': '2025-05-19'}, {'symbol': 'sz.002883', 'order_return': np.float64(3.73), 'open_time': '2025-05-06', 'close_time': '2025-05-19'}, {'symbol': 'sz.002828', 'order_return': np.float64(1.32), 'open_time': '2025-05-12', 'close_time': '2025-05-19'}, {'symbol': 'sz.002591', 'order_return': np.float64(3.75), 'open_time': '2025-06-03', 'close_time': '2025-06-09'}, {'symbol': 'sz.002188', 'order_return': np.float64(3.29), 'open_time': '2025-06-03', 'close_time': '2025-06-09'}, {'symbol': 'sz.002883', 'order_return': np.float64(3.68), 'open_time': '2025-06-03', 'close_time': '2025-06-09'}, {'symbol': 'sz.002494', 'order_return': np.float64(3.65), 'open_time': '2025-06-03', 'close_time': '2025-06-09'}, {'symbol': 'sz.002883', 'order_return': np.float64(-4.19), 'open_time': '2025-06-16', 'close_time': '2025-06-23'}, {'symbol': 'sz.002188', 'order_return': np.float64(-4.82), 'open_time': '2025-06-16', 'close_time': '2025-06-23'}, {'symbol': 'sz.002591', 'order_return': np.float64(-4.64), 'open_time': '2025-06-16', 'close_time': '2025-06-23'}, {'symbol': 'sz.002494', 'order_return': np.float64(-6.15), 'open_time': '2025-06-16', 'close_time': '2025-06-23'}, {'symbol': 'sz.002883', 'order_return': np.float64(-1.02), 'open_time': '2025-06-30', 'close_time': '2025-07-07'}, {'symbol': 'sz.002591', 'order_return': np.float64(-2.37), 'open_time': '2025-06-30', 'close_time': '2025-07-07'}, {'symbol': 'sz.002188', 'order_return': np.float64(-1.12), 'open_time': '2025-06-30', 'close_time': '2025-07-07'}, {'symbol': 'sz.003011', 'order_return': np.float64(1.56), 'open_time': '2025-06-30', 'close_time': '2025-07-07'}, {'symbol': 'sz.003011', 'order_return': np.float64(-0.14), 'open_time': '2025-07-14', 'close_time': '2025-07-21'}, {'symbol': 'sz.002591', 'order_return': np.float64(5.03), 'open_time': '2025-07-14', 'close_time': '2025-07-28'}, {'symbol': 'sz.002188', 'order_return': np.float64(0.64), 'open_time': '2025-07-14', 'close_time': '2025-07-28'}, {'symbol': 'sz.002494', 'order_return': np.float64(0.57), 'open_time': '2025-07-21', 'close_time': '2025-07-28'}, {'symbol': 'sz.002883', 'order_return': np.float64(1.09), 'open_time': '2025-07-14', 'close_time': '2025-09-01'}, {'symbol': 'sz.002591', 'order_return': np.float64(-8.44), 'open_time': '2025-08-04', 'close_time': '2025-09-01'}, {'symbol': 'sz.002494', 'order_return': np.float64(-7.91), 'open_time': '2025-08-04', 'close_time': '2025-09-01'}, {'symbol': 'sz.002188', 'order_return': np.float64(-5.76), 'open_time': '2025-08-04', 'close_time': '2025-09-02'}, {'symbol': 'sz.002828', 'order_return': np.float64(0.38), 'open_time': '2025-09-01', 'close_time': '2025-09-22'}, {'symbol': 'sz.002836', 'order_return': np.float64(-0.4), 'open_time': '2025-09-01', 'close_time': '2025-09-22'}, {'symbol': 'sz.003011', 'order_return': np.float64(1.65), 'open_time': '2025-09-01', 'close_time': '2025-09-22'}, {'symbol': 'sz.002188', 'order_return': np.float64(1.41), 'open_time': '2025-09-08', 'close_time': '2025-09-22'}, {'symbol': 'sz.003011', 'order_return': np.float64(1.12), 'open_time': '2025-09-29', 'close_time': '2025-10-09'}, {'symbol': 'sz.002188', 'order_return': np.float64(1.39), 'open_time': '2025-09-29', 'close_time': '2025-10-13'}, {'symbol': 'sz.002828', 'order_return': np.float64(2.18), 'open_time': '2025-09-29', 'close_time': '2025-10-13'}, {'symbol': 'sz.002316', 'order_return': np.float64(-2.85), 'open_time': '2025-09-29', 'close_time': '2025-10-13'}, {'symbol': 'sz.002780', 'order_return': np.float64(-3.91), 'open_time': '2025-10-09', 'close_time': '2025-10-13'}, {'symbol': 'sz.002828', 'order_return': np.float64(7.59), 'open_time': '2025-11-03', 'close_time': '2025-11-17'}, {'symbol': 'sz.002188', 'order_return': np.float64(-4.08), 'open_time': '2025-11-03', 'close_time': '2025-11-24'}, {'symbol': 'sz.002494', 'order_return': np.float64(1.83), 'open_time': '2025-11-03', 'close_time': '2025-11-24'}, {'symbol': 'sz.003003', 'order_return': np.float64(-4.78), 'open_time': '2025-11-03', 'close_time': '2025-11-24'}, {'symbol': 'sz.002830', 'order_return': np.float64(-6.6), 'open_time': '2025-11-17', 'close_time': '2025-11-24'}, {'symbol': 'sz.003003', 'order_return': np.float64(3.03), 'open_time': '2025-12-01', 'close_time': '2025-12-02'}, {'symbol': 'sz.003011', 'order_return': np.float64(-9.97), 'open_time': '2025-12-08', 'close_time': '2025-12-15'}, {'symbol': 'sz.002144', 'order_return': np.float64(-4.93), 'open_time': '2025-12-01', 'close_time': '2025-12-29'}, {'symbol': 'sz.003011', 'order_return': np.float64(-0.85), 'open_time': '2025-12-22', 'close_time': '2026-01-05'}, {'symbol': 'sz.002828', 'order_return': np.float64(7.51), 'open_time': '2025-12-15', 'close_time': '2026-01-12'}, {'symbol': 'sz.003008', 'order_return': np.float64(1.98), 'open_time': '2026-01-05', 'close_time': '2026-01-12'}]}}
