tree
version=v4
num_class=1
num_tree_per_iteration=1
label_index=0
max_feature_idx=8
objective=regression
feature_names=Column_0 Column_1 Column_2 Column_3 Column_4 Column_5 Column_6 Column_7 Column_8
feature_infos=[0:1] [0:1] [0:1] [0:1] [0:1] [0:1] [0:1] [0:1] [0:0.99999999999999989]
tree_sizes=5844 5920 5931 5963 5996 5944 5950 5847 5908 5915 5912 5915 5820 5920 5825 5953 5869 5926 5924 5972 5914 5953 5914 5854 5974 5963 5927 5875 5887 5885 5883 5951 5804 5961 5954 5888 5906 5847 5905 5975 5859 5878 5729 5844 5893 5913 5872 5984 5839 5933 5994 5946 5927 5937 5958 5869 5837 5885 5899 5941 5934 5823 5946 5901 5904 5899 5897 5951 5882 5868 5858 5792 5803 5861 5774 5903 5855 5978 5875 5824 6017 5877 5987 5847 5949

Tree=0
num_leaves=63
num_cat=0
split_feature=0 8 7 4 0 1 1 1 1 1 3 6 1 0 3 6 7 7 4 7 6 6 4 7 6 6 4 0 3 8 6 7 7 4 3 3 4 4 8 7 7 0 7 4 0 4 4 6 1 3 3 4 0 4 6 0 6 4 7 7 1 8
split_gain=0.131687 0.054104 0.101745 0.0421329 0.0351088 0.0344063 0.0333104 0.0293764 0.0488389 0.0268346 0.0335266 0.0348795 0.0360642 0.0258611 0.0265166 0.0257625 0.0255458 0.0240111 0.0429041 0.0290027 0.0290416 0.0259254 0.0357641 0.0480307 0.0388422 0.0529841 0.050205 0.0320545 0.0389581 0.0342082 0.0298042 0.0415791 0.0255051 0.0237401 0.0231782 0.0227093 0.0220552 0.0217597 0.0216516 0.0294219 0.029917 0.0214856 0.0279465 0.0308008 0.0210867 0.0207625 0.0484114 0.020754 0.0205063 0.0238709 0.026014 0.0198526 0.0184936 0.0175103 0.0174512 0.0170693 0.0170065 0.0170016 0.0168291 0.0183816 0.0165245 0.0159883
threshold=0.32046484678599874 0.12741321144847101 0.29812747837101033 0.0018591303251098358 0.24923289139931212 0.76078795705142721 0.44847530019572757 0.63351820349175825 0.53402579144397144 0.57806872831825062 0.0061002944587900823 0.00013948523882298719 0.62591977859978298 0.62707778734859165 0.0081802223728292735 0.14735907947828483 0.29219399947994673 0.50037000031961731 0.0054799152774254491 0.72625777244508283 0.044697943704566229 0.02930605082922964 0.0068758601902060359 0.35636953619807915 0.033029700248243303 0.053145897516758453 0.006278779205486606 0.40461964476299905 0.0066251574445585311 0.055114811187289156 0.0021246229855501385 0.37618951886440372 0.85757273245549304 0.0047645458561594153 0.0066520971826852619 0.0035659351570754639 0.0019814796457181603 0.0025867236648936453 0.024186527369681139 0.36063235394447857 0.39957604697422139 0.40200115590745883 0.44407842525304214 0.023222729597201043 0.557263160738385 0.0042549030590059451 0.0014564444072302995 0.00052357502688628527 0.45283707316513011 0.012289358081304571 0.010213014545028268 0.035693944402521757 0.47998194191861782 0.0056099527315360007 0.05056845288633368 0.47912676158692696 0.058830426380095259 0.0021782721644011981 0.39225192481470617 0.38229139227927705 0.62591977859978298 0.0066438132549787735
decision_type=2 2 2 2 2 2 2 2 2 2 2 2 2 2 2 2 2 2 2 2 2 2 2 2 2 2 2 2 2 2 2 2 2 2 2 2 2 2 2 2 2 2 2 2 2 2 2 2 2 2 2 2 2 2 2 2 2 2 2 2 2 2
left_child=4 3 -3 6 7 9 -2 8 -1 17 11 -11 -13 38 -15 36 -8 21 19 20 -19 30 24 54 26 34 -23 29 33 35 31 37 55 -29 -26 -27 -6 -5 47 -40 -41 48 -43 -44 -39 46 -4 -12 -25 50 -50 -33 -49 -37 -24 61 -30 -14 59 -59 -18 -20
right_child=1 2 45 5 15 -7 16 -9 -10 10 13 12 57 14 -16 -17 60 18 32 -21 -22 22 23 41 25 27 -28 28 56 -31 -32 51 -34 -35 -36 53 -38 44 39 40 -42 42 43 -45 -46 -47 -48 52 49 -51 -52 -53 -54 -55 -56 -57 -58 58 -60 -61 -62 -63
leaf_value=0.001751269030799958 0.0012847854792952256 0.0015248908464325355 0.00073904842118672142 0.0015353822987523216 0.0017288444330421141 0.0011406267955025838 0.0012508326449438229 0.001860070980222883 0.0012816663708078327 0.0011876655992586844 0.0013520191307614146 0.0013166857260785017 0.0012063642378976221 0.0012847854792952256 0.00084342126757981032 0.0010476019351220562 0.0015437732346874362 0.001736263318272217 0.0011992448491852212 0.0012847854792952256 0.0013470846937052043 0.0013604554203307121 0.0011797737991363552 0.0014403083858327307 0.0012332814280229881 0.0012847854792952256 0.001676479860750477 0.0013286705216544496 0.0013723443938332247 0.0012983098448682195 0.0012667515337121138 0.0013483185177987017 0.0010618658885969052 0.0014895668796087592 0.0013586630513626175 0.0018046274572380634 0.0013835723570348297 0.0012770452741254674 0.0016848836322350194 0.0012539151277257297 0.0014321658892599059 0.0012897221535416081 0.0011186702639900629 0.0013247776201367983 0.00097887012214244477 0.00069379168479868014 0.0012602721486895958 0.0012827830819774333 0.0012847854792952256 0.0013833745962892737 0.00094955738037304997 0.0012074630521702163 0.0011951578986082632 0.0014999703128547183 0.00085997439777160125 0.0011616763940669405 0.0011468136391251636 0.001473710003405625 0.0017304545716442044 0.001245215132663907 0.0012847854792952256 0.0012713880538784083
leaf_weight=35 184 38 32 32 21 173 39 31 49 96 319 406 20 20 26 20 171 37 423 121 55 207 61 163 658 20 72 291 40 73 11049 1475 86 151 185 47 597 3591 27 194 171 1569 215 99 24 31 50 1143 71 131 33 101 314 61 33 245 124 294 28 32 21 1301
leaf_count=35 184 38 32 32 21 173 39 31 49 96 319 406 20 20 26 20 171 37 423 121 55 207 61 163 658 20 72 291 40 73 11049 1475 86 151 185 47 597 3591 27 194 171 1569 215 99 24 31 50 1143 71 131 33 101 314 61 33 245 124 294 28 32 21 1301
internal_value=0.00128541 0.00128176 0.001093 0.00128287 0.00141584 0.00128125 0.00138275 0.00158115 0.00146577 0.00128223 0.00130982 0.00136224 0.00138502 0.00128862 0.00105507 0.00138444 0.00146269 0.00127845 0.00124753 0.00138097 0.00151478 0.00128191 0.00130366 0.00127805 0.0013357 0.00131649 0.0014457 0.00137466 0.00133611 0.00148583 0.00127609 0.00129566 0.00123321 0.00138593 0.00126199 0.00158487 0.00139699 0.00127735 0.00129405 0.00136147 0.0013347 0.00128675 0.00127309 0.00118683 0.00127478 0.000938842 0.00104427 0.00127973 0.00135387 0.00128962 0.00118114 0.00133865 0.00126321 0.00164216 0.00105654 0.00124121 0.00120793 0.0014565 0.00147348 0.00144821 0.00151093 0.0012531
internal_weight=27426 26673 151 26522 753 26107 415 115 84 25934 3090 876 780 2214 46 638 231 22844 2268 213 92 20576 4304 2375 1929 1650 279 807 606 201 16272 5223 2055 442 843 128 618 3647 2168 392 365 2281 1883 314 3615 113 82 1776 398 235 104 1576 1457 108 94 1969 164 374 354 326 192 1724
internal_count=27426 26673 151 26522 753 26107 415 115 84 25934 3090 876 780 2214 46 638 231 22844 2268 213 92 20576 4304 2375 1929 1650 279 807 606 201 16272 5223 2055 442 843 128 618 3647 2168 392 365 2281 1883 314 3615 113 82 1776 398 235 104 1576 1457 108 94 1969 164 374 354 326 192 1724
is_linear=0
shrinkage=1


Tree=1
num_leaves=63
num_cat=0
split_feature=0 2 5 4 0 8 8 5 5 2 2 5 4 6 4 8 2 5 7 2 5 4 7 7 8 0 5 2 2 7 5 5 6 0 7 0 2 0 5 8 7 6 5 4 0 6 7 6 0 5 7 4 5 4 5 5 4 8 8 6 7 4
split_gain=0.129128 0.0712142 0.0834419 0.0674136 0.0759294 0.0621737 0.0539242 0.0531883 0.0456786 0.0468589 0.0450298 0.0372258 0.0310607 0.0309896 0.04621 0.0282865 0.0280171 0.0254772 0.0251549 0.0294284 0.0513605 0.0352139 0.0364321 0.0369456 0.03114 0.0289637 0.0319694 0.0311698 0.0270229 0.0250519 0.0250237 0.0240219 0.0234633 0.0228838 0.0221752 0.0229601 0.022103 0.0364373 0.059831 0.0260579 0.0246202 0.0541575 0.0267032 0.022202 0.0215934 0.0202098 0.0327637 0.0250087 0.0353923 0.0307659 0.023698 0.0337577 0.0225333 0.0240803 0.0201661 0.0201476 0.0198638 0.019305 0.0192849 0.023045 0.0211373 0.0237462
threshold=0.30056698617545202 0.51273014844009113 0.42780136879592773 0.0035916091015470754 0.557263160738385 0.10477745130046796 0.01261834802481227 0.66819914462362762 0.24063055658977578 0.86721475903900525 0.33556252928529162 0.27254474207798524 0.017443164970394918 0.18477346788605067 0.0023785481593794769 0.093078681031668303 0.27744570283327646 0.19831189656438156 0.34905194532104322 0.25261523881039222 0.26404710342201387 0.0068022763141359953 0.37365638298650711 0.37154427062799589 0.027440417890956581 0.37505835737562687 0.35741414467149935 0.37983465082246909 0.34063777363522496 0.39723590358813016 0.30829319532449556 0.14564155769943446 0.14735907947828483 0.44196027401425519 0.37176207361667707 0.43288224273342329 0.63541874017994016 0.44196027401425519 0.32607921958473823 0.019953204918924803 0.45222293381244999 0.049317128787327462 0.28856252271282878 0.0060805883275158179 0.36827467757641985 0.0010855590325789003 0.37898085690970262 0.040511365014676282 0.40140941913154915 0.24318692163682237 0.42894234027303563 0.0031079167570494683 0.18077874227582993 0.031588090503656518 0.2871515309717127 0.35741414467149935 0.0060805883275158179 0.031428882359342707 0.044814452062248343 0.043357672496745346 0.31884729308642179 0.0057880856853291009
decision_type=2 2 2 2 2 2 2 2 2 2 2 2 2 2 2 2 2 2 2 2 2 2 2 2 2 2 2 2 2 2 2 2 2 2 2 2 2 2 2 2 2 2 2 2 2 2 2 2 2 2 2 2 2 2 2 2 2 2 2 2 2 2
left_child=11 2 5 -3 12 18 34 44 -6 29 32 56 15 14 -13 36 30 -14 25 20 21 22 23 -20 -22 26 28 -28 -2 -10 -16 -25 -7 -19 -4 -36 37 54 -39 -38 42 57 43 -41 -8 46 -21 52 49 -49 51 -51 -47 -54 -5 -53 -1 -42 59 60 -27 -62
right_child=1 3 6 4 8 10 7 -9 9 -11 -12 13 17 -15 16 -17 -18 33 19 45 24 -23 -24 31 -26 58 27 -29 -30 -31 -32 -33 -34 -35 35 -37 39 38 -40 40 41 -43 -44 -45 -46 47 -48 48 -50 50 -52 55 53 -55 -56 -57 -58 -59 -60 -61 61 -63
leaf_value=-0.00024662278355755347 -0.00011127413846335103 9.6025519974599039e-05 -0.00026821400320325685 2.5580508035447237e-05 0.0001572014524099601 -0.0001462898231376298 0.00032559831121332531 -0.00010220333901776423 -0.00019345652027727347 -0.00046457840741446994 -2.5959379343026009e-05 0.0007049963418813642 2.7063927816109594e-06 -0.0001202233291323825 5.9967199913201163e-05 -0.00033755659381748653 5.9674418607676095e-05 1.243527251194067e-05 -4.8313384424608081e-06 -5.2171850660479468e-06 0.00012713823185691827 7.8259980339672949e-05 2.4581228087231072e-05 -8.5044721788776e-05 0.00052693512320399754 -3.9071733085798458e-05 0.00051650481617070121 0 0.0001150990572159397 0 0.00032903790332886913 -0.00047883364163308788 -0.00065493337776493046 -0.00010237524659352386 -7.5031325427572172e-05 0.00011260474857638767 3.2510384482280065e-05 1.0273269208258011e-05 -0.00011209040157492405 0.0001827880343272813 4.0049174072787328e-05 -0.00027129650234041804 0.00026368293233136001 0 0.00014505847003369108 -1.1526621592200554e-05 0.00012775563760214172 -9.6508765398315957e-06 -2.0914410563421307e-05 -2.8053980651099029e-05 5.98951216872702e-05 0.00043694835701061545 -4.0331813897852764e-05 -0.00015223852185175391 9.7432388894201427e-05 2.0152713746684995e-05 0.00010652418986525855 0.00040507978317222442 2.8761999612107035e-05 -0.00029173498579733811 -0.00029925581939852565 -7.7902962741347595e-05
leaf_weight=29 151 962 32 1642 45 21 106 66 173 49 48 21 2619 23 56 21 114 244 70 1603 165 273 155 33 25 304 23 21 78 112 166 49 32 499 140 120 2079 2310 481 127 66 49 143 147 298 3394 208 162 854 24 131 72 5378 207 542 20 31 22 83 78 93 137
leaf_count=29 151 962 32 1642 45 21 106 66 173 49 48 21 2619 23 56 21 114 244 70 1603 165 273 155 33 25 304 23 21 78 112 166 49 32 499 140 120 2079 2310 481 127 66 49 143 147 298 3394 208 162 854 24 131 72 5378 207 542 20 31 22 83 78 93 137
internal_value=6.14674e-07 -2.1197e-06 -1.70545e-05 1.55461e-05 8.64811e-06 -2.27002e-05 8.45487e-05 0.0001511 -0.000130249 -0.000172006 -0.000270611 0.000170554 1.35298e-05 0.000207641 0.000231592 2.47315e-05 0.000198828 -1.15915e-05 -2.08101e-05 -1.6996e-05 4.25108e-05 -2.54963e-06 -7.7668e-05 -0.000188458 0.000185253 -7.02948e-05 1.37859e-05 0.000262794 -2.97874e-05 -0.000118051 0.000265724 -0.000332834 -0.000472883 -6.33293e-05 -1.91637e-05 7.73526e-06 2.58673e-05 1.31916e-05 -1.04598e-05 4.94368e-05 0.000111134 0 0.000149366 8.59821e-05 0.000194971 -2.08809e-05 9.50929e-06 -2.63522e-05 1.47714e-05 9.17154e-05 0.000162223 0.000269018 -3.22482e-05 -4.46612e-05 4.38734e-05 0.000357319 -4.76509e-05 0.000143014 -0.000104758 -0.000124502 -9.81519e-05 -0.000171844
internal_weight=27426 26986 14654 12332 11370 13892 762 470 379 334 101 440 10991 380 357 7629 336 3362 13791 12823 770 580 307 152 190 968 273 44 229 285 222 82 53 743 292 260 7608 4975 2791 2633 554 137 417 274 404 12053 1811 10242 1263 409 247 116 8979 5585 2184 92 60 88 695 612 534 230
internal_count=27426 26986 14654 12332 11370 13892 762 470 379 334 101 440 10991 380 357 7629 336 3362 13791 12823 770 580 307 152 190 968 273 44 229 285 222 82 53 743 292 260 7608 4975 2791 2633 554 137 417 274 404 12053 1811 10242 1263 409 247 116 8979 5585 2184 92 60 88 695 612 534 230
is_linear=0
shrinkage=0.01


Tree=2
num_leaves=63
num_cat=0
split_feature=0 2 4 0 3 0 7 4 3 8 3 2 0 6 3 2 4 4 3 6 3 6 7 4 8 7 4 4 6 8 3 4 6 6 8 6 3 0 2 6 6 7 3 6 7 8 4 6 3 7 3 3 3 7 4 3 4 8 7 6 8 6
split_gain=0.126952 0.0782338 0.0679918 0.0733584 0.0676101 0.0339465 0.0281185 0.0458813 0.0257138 0.0318509 0.0251681 0.0249424 0.0351771 0.0248704 0.0229356 0.0223389 0.0211928 0.0208765 0.0471036 0.0415787 0.0258869 0.0226753 0.0305686 0.0298616 0.0273634 0.0207559 0.0475701 0.0468427 0.0427745 0.0311927 0.0762648 0.0300622 0.0279039 0.0313234 0.0355823 0.0275883 0.0259047 0.0253329 0.0187766 0.0184456 0.0255058 0.018286 0.0172348 0.0199347 0.0175938 0.0324229 0.0168207 0.0214009 0.029434 0.0167502 0.0193708 0.0198958 0.0215734 0.0166094 0.0268922 0.0159557 0.0382629 0.0210269 0.0219565 0.0214141 0.0199262 0.024859
threshold=0.32046484678599874 0.47921376805243387 0.0035916091015470754 0.62707778734859165 0.0086418181028260124 0.24923289139931212 0.36129015436639239 0.0019814796457181603 0.01916550500931587 0.093078681031668303 0.018642664988654547 0.63541874017994016 0.45598532277155729 0.14735907947828483 0.0087522560804850075 0.28949998768923252 0.0019814796457181603 0.0040402381065425723 0.0048775477497726054 0.012034139517583227 0.004558696088145733 0.023399154193856183 0.37848055146451121 0.013287205230665946 0.051006638371966485 0.29812747837101033 0.0058604688799846734 0.0012992952724961333 0.02405412835876412 0.016215039721406029 0.0036509084702207113 0.0027700920988595625 0.054453824321373995 0.092925470408914135 0.077968222875176865 0.019012444509133256 0.0099621379537615778 0.41889470125509548 0.45663963189598511 0.047513928308630306 0.02052454535898245 0.482389321849024 0.0053474802383262033 0.057223313845830411 0.37221319939437469 0.0048046577429535315 0.019117749489657065 0.00086319126054225403 0.020946891827101317 0.39563368539637706 0.017128076857695049 0.013278639084098773 0.0063230922879721771 0.37239850623266529 0.0093141933537986468 0.003153751415996425 0.0037477134111066441 0.013842637936663389 0.37201932771143592 9.9054734816324234e-05 0.10477745130046796 0.041051112243165232
decision_type=2 2 2 2 2 2 2 2 2 2 2 2 2 2 2 2 2 2 2 2 2 2 2 2 2 2 2 2 2 2 2 2 2 2 2 2 2 2 2 2 2 2 2 2 2 2 2 2 2 2 2 2 2 2 2 2 2 2 2 2 2 2
left_child=5 6 -3 8 -5 15 10 -8 9 11 25 12 14 16 -4 39 -7 -13 19 20 -19 23 -23 -20 49 26 28 -27 -2 30 31 -29 -30 -34 -35 -33 -28 -32 -31 40 -1 -26 44 -44 45 -14 47 -10 -49 -24 51 52 -51 54 -16 57 -57 59 -59 -9 61 -58
right_child=1 2 3 4 -6 13 7 55 46 -11 -12 17 42 -15 53 -17 -18 18 21 -21 -22 22 24 -25 41 27 36 29 32 38 37 35 33 34 -36 -37 -38 -39 -40 -41 -42 -43 43 -45 -46 -47 -48 48 -50 50 -52 -53 -54 -55 -56 56 60 58 -60 -61 -62 -63
leaf_value=0.00024896090217275214 0.00031734135334312647 8.7515428182903025e-05 8.3179998320775976e-06 0 -0.00060864167927131762 0.00043570053275957069 0.00031621924676272984 -0.00027085922556507647 1.9538011675679651e-05 -0.00030598556827073081 6.8430444701039116e-05 -9.3483844846279293e-05 -0.00034411699919091967 -0.00023293450409291654 0.00024173880206287558 0 9.6917368041308862e-05 0.00022712036412012002 5.0727868811662837e-06 3.9352735512400583e-05 0.00075556250564948202 0.0001979045025335396 0 0.00012088858685895391 -4.0344062220128383e-06 -0.00058631981275593435 -0.00021000626288478953 -0.0002187026121146694 -0.00018182550995997717 -5.0498211095282032e-05 -5.024680877528969e-06 -0.00085292809764810258 0.00044086789297407837 -0.00022373636929704896 0.00018426514817624837 -0.00026204142159028018 4.1433857724712091e-05 -0.00017612581346690238 0.00015470407882864102 4.8347355047771826e-05 0.00069595825483896546 -0.00034795495988685184 -2.5479224786107681e-05 -0.00014451665530350311 6.0350354124593442e-05 3.9673192228909796e-05 -6.7215649047672999e-06 -9.1340852376398904e-05 -0.00046610594195424363 0.00037118658167390069 -9.2235088001850029e-05 0.00037650832184649944 6.2573030626912978e-05 7.364626015244896e-05 -6.9610300140637136e-05 7.5816884956780294e-05 -2.389638129914906e-05 -2.0482232738397779e-06 -0.00029258065762773799 9.8333200118868385e-05 -0.00027472832119818536 3.0742299525861543e-05
leaf_weight=44 58 1117 2813 42 37 21 41 20 118 30 127 103 33 20 32 21 597 31 1668 53 21 192 158 261 61 20 130 71 55 427 239 23 21 37 50 22 51 148 48 22 28 24 1849 158 395 55 3598 190 26 29 30 39 175 1168 183 435 8830 50 77 69 31 904
leaf_count=44 58 1117 2813 42 37 21 41 20 118 30 127 103 33 20 32 21 597 31 1668 53 21 192 158 261 61 20 130 71 55 427 239 23 21 37 50 22 51 148 48 22 28 24 1849 158 395 55 3598 190 26 29 30 39 175 1168 183 435 8830 50 77 69 31 904
internal_value=6.08844e-07 -2.96967e-06 1.2456e-05 6.20423e-06 -0.00029711 0.00012868 -2.19606e-05 -1.59779e-05 8.0564e-06 1.69554e-05 -6.22719e-05 1.808e-05 7.34631e-06 9.776e-05 2.5128e-05 0.000291294 0.000110116 4.29526e-05 4.84456e-05 0.000257806 0.000460764 3.97206e-05 8.85769e-05 2.12669e-05 4.59288e-05 -7.48467e-05 -1.13211e-05 -9.94296e-05 8.43615e-05 -8.83914e-05 -0.000143767 -0.000370745 0 9.46658e-05 0 -0.000587445 -0.000133653 -7.30706e-05 -2.7629e-05 0.00035711 0.000437387 -0.000113187 -2.22166e-05 -3.53553e-05 3.03046e-05 -9.31246e-05 -1.33279e-05 -8.14781e-05 -0.000141274 7.96476e-05 0.000127072 0.000158287 0.000111504 5.85933e-05 -1.85301e-05 -1.73846e-05 -1.54674e-05 -0.000103239 -0.000186157 3.93438e-06 -1.9637e-05 -1.87191e-05
internal_weight=27426 26673 14689 13572 79 753 11984 10457 13493 9561 1527 9531 6686 638 4196 115 618 2845 2742 105 52 2637 708 1929 516 1400 402 998 221 978 503 116 163 108 87 45 181 387 475 94 72 85 2490 2007 483 88 3932 334 216 431 273 243 204 1383 215 10416 10200 216 127 89 9765 9734
internal_count=27426 26673 14689 13572 79 753 11984 10457 13493 9561 1527 9531 6686 638 4196 115 618 2845 2742 105 52 2637 708 1929 516 1400 402 998 221 978 503 116 163 108 87 45 181 387 475 94 72 85 2490 2007 483 88 3932 334 216 431 273 243 204 1383 215 10416 10200 216 127 89 9765 9734
is_linear=0
shrinkage=0.01


Tree=3
num_leaves=63
num_cat=0
split_feature=5 2 3 2 8 8 2 5 3 3 1 5 3 3 3 7 7 7 2 2 7 3 2 3 5 1 7 6 3 2 3 2 7 1 8 6 5 6 6 8 5 7 7 8 6 6 5 8 5 3 2 3 5 7 3 5 3 3 8 7 5 7
split_gain=0.0589933 0.0984159 0.101458 0.0774311 0.070419 0.0616468 0.060672 0.12366 0.0496838 0.0453575 0.0476806 0.0448258 0.0496494 0.0694002 0.0595434 0.0589349 0.0424128 0.0446963 0.0417004 0.0382177 0.0375314 0.0360299 0.046056 0.063585 0.0347741 0.0426311 0.0342946 0.0336916 0.0318883 0.0315508 0.0287205 0.0279733 0.0276296 0.0275016 0.0265894 0.0264875 0.0252043 0.025204 0.0246217 0.0318493 0.0235976 0.0325442 0.0330482 0.0234314 0.0364139 0.02538 0.0234085 0.0214097 0.021069 0.0211051 0.0207363 0.0206248 0.0203729 0.0200024 0.0199815 0.0198809 0.0193367 0.0274373 0.0333629 0.0255219 0.024268 0.0271776
threshold=0.42780136879592773 0.56337172721553597 0.0078806490912922134 0.51273014844009113 0.014228969419958645 0.10477745130046796 0.24646110804725821 0.30829319532449556 0.0096550955776958155 0.0026485573378087321 0.49235177495275334 0.66819914462362762 0.0043254581543933071 0.0051895897240645363 0.0025285973293578639 0.3286174298591335 0.34010066744016426 0.30335863411656766 0.19302606014084989 0.36853241912060858 0.37365638298650711 0.01878977898630536 0.86721475903900525 0.0060032774023559572 0.25453515464980719 0.61856023191857668 0.31622877286552104 0.072562647065958344 0.0087522560804850075 0.25261523881039222 0.013278639084098773 0.67868137869813172 0.4791986572677332 0.64214899402252656 0.067929045597997617 0.051801583258536905 0.2871515309717127 0.024745489977278063 0.0010855590325789003 0.00010882576994232243 0.18567202198904911 0.38085028897797618 0.38975957579036119 8.7060615953857943e-05 6.0645756009994434e-05 0.000656995690108273 0.47071922211297895 0.047975840679072811 0.19193547356577942 0.035097690975710728 0.64759388045524979 0.022391490122632082 0.4504075308503635 0.38398128036484319 0.0094199982911024709 0.18262653462411307 0.020946891827101317 0.0081326812234259974 0.0050005441288497087 0.48955958244493814 0.32367785436645125 0.38268999919386487
decision_type=2 2 2 2 2 2 2 2 2 2 2 2 2 2 2 2 2 2 2 2 2 2 2 2 2 2 2 2 2 2 2 2 2 2 2 2 2 2 2 2 2 2 2 2 2 2 2 2 2 2 2 2 2 2 2 2 2 2 2 2 2 2
left_child=3 4 -3 5 29 6 7 8 20 10 -5 12 14 -14 16 -16 17 -6 37 -7 33 22 30 -24 -23 31 36 46 -13 -2 50 51 -15 -1 -28 -34 -12 -9 39 -8 -10 -42 -43 44 -32 -45 -4 48 -40 56 55 -26 -31 -25 -29 -11 57 59 60 -50 61 -59
right_child=1 2 27 9 11 19 38 18 40 21 26 28 13 32 15 -17 -18 -19 -20 -21 -22 24 23 53 25 -27 34 54 -30 52 43 -33 35 -35 -36 -37 -38 -39 47 -41 41 42 -44 45 -46 -47 -48 -49 49 -51 -52 -53 -54 -55 -56 -57 -58 58 -60 -61 -62 -63
leaf_value=-7.5963998675851018e-05 0.00037521992043098982 4.3343350230535154e-05 -0.00037722235774932715 1.1093725215049356e-05 0.00032442567849243328 -0.00039567889144412311 -4.2989603565579038e-05 0.00029484419761497847 6.1438218185696226e-06 3.4535475465967305e-05 0.00014460339905944332 -0.00014918505267623512 -0.00020193443102640993 0.00023665034641071549 0.00093842137733719929 0.0001689541462848811 0.00062114658529189085 -0.00016074026078436831 0.00016381727180638384 0 4.7050924249270893e-05 -2.2796015662952826e-06 0.00019556325818620511 -0.00014785203730585564 -0.00013031352704838495 -0.00045699737995255136 0.0002526541905978178 -0.00073505717394409774 0.00027263984822231457 9.8561221561004834e-05 5.5339034789583262e-05 -0.00025460735524240495 0.00022044775737939699 -0.00033354743366394802 -9.2340535202537575e-05 -0.00014831061123750218 0.00068346754839625266 0.00075871859184712515 -1.2635149988036832e-05 4.3038942396023343e-05 0.0003419887980666065 -0.00019694045750526083 0.00026072984919179578 0.00019472550840758128 -0.00043466874065111512 6.163612709647041e-05 -3.4646042271731661e-05 5.2952189478010366e-05 -3.8071130846633213e-05 -0.00015151972989014929 4.4988557245684163e-05 3.7268966630266468e-05 -6.0806144618913179e-05 -0.00065803809644305602 -0.00022904005296754112 -7.6909241099623578e-06 8.7437875102559986e-06 -8.3626772446617834e-05 -0.00010235481667974261 4.4126365235043087e-05 0.00013581809862097676 0.0001169765206887903
leaf_weight=271 22 280 34 161 38 70 674 43 126 1738 20 65 47 318 31 20 20 35 136 39 210 2987 20 20 116 32 68 24 24 111 40 67 36 54 28 41 30 26 4231 1167 77 31 31 195 22 721 67 308 3534 176 2182 187 275 25 23 3045 736 323 1358 412 96 82
leaf_count=271 22 280 34 161 38 70 674 43 126 1738 20 65 47 318 31 20 20 35 136 39 210 2987 20 20 116 32 68 24 24 111 40 67 36 54 28 41 30 26 4231 1167 77 31 31 195 22 721 67 308 3534 176 2182 187 275 25 23 3045 736 323 1358 412 96 82
internal_value=6.02604e-07 6.1369e-05 -6.55297e-05 -2.90208e-06 0.000112444 -1.86216e-05 -1.67136e-05 5.78832e-05 4.65648e-07 1.60991e-05 0.000136363 0.000175194 0.000207157 0.000150712 0.000373245 0.00065716 0.000206269 7.82303e-05 0.000276967 -0.000256058 -5.37345e-05 1.27707e-05 2.43838e-05 -0.000238982 -1.43754e-05 -0.000101741 0.000267556 -0.000278148 -2.40328e-05 6.16207e-06 2.66679e-05 -6.81992e-05 0.000195244 -0.000121928 0.000141634 1.1188e-05 0.000488601 0.000484954 -2.25146e-05 1.09997e-05 0.00011364 0.000203819 1.5843e-05 7.77525e-05 -0.000102852 9.10782e-05 -0.000160119 -2.8085e-05 -3.04566e-05 -4.1533e-05 1.93502e-05 -2.36106e-05 -1.2374e-05 -0.000454292 -0.000509675 7.44423e-06 -3.84184e-05 -4.45702e-05 -7.65811e-05 -2.92346e-05 -4.71746e-06 -4.05234e-05
internal_weight=27426 1511 428 25915 1083 14211 14102 1005 800 11704 307 675 586 442 144 51 93 73 205 109 535 11397 8008 65 3389 402 146 148 89 408 7943 370 395 325 96 77 50 69 13097 1841 265 139 62 978 62 916 101 11256 10948 6717 6965 303 386 45 47 4783 6541 5805 1859 3946 501 405
internal_count=27426 1511 428 25915 1083 14211 14102 1005 800 11704 307 675 586 442 144 51 93 73 205 109 535 11397 8008 65 3389 402 146 148 89 408 7943 370 395 325 96 77 50 69 13097 1841 265 139 62 978 62 916 101 11256 10948 6717 6965 303 386 45 47 4783 6541 5805 1859 3946 501 405
is_linear=0
shrinkage=0.01


Tree=4
num_leaves=63
num_cat=0
split_feature=0 2 3 0 3 5 8 5 1 8 3 2 2 8 3 7 5 5 3 5 7 7 0 0 7 5 1 0 2 5 3 8 7 5 8 3 3 7 8 3 3 3 7 8 8 0 2 3 3 7 7 5 7 5 1 1 7 0 5 7 5 1
split_gain=0.123262 0.0753968 0.0597701 0.0769469 0.0570148 0.0558875 0.0541388 0.0537868 0.0561715 0.049459 0.0457252 0.0409047 0.0378677 0.0378343 0.0511984 0.0362473 0.0356091 0.0345919 0.0326044 0.0311987 0.0285357 0.0260021 0.0252267 0.0250854 0.0241099 0.0304843 0.0239786 0.0233157 0.0189274 0.0338809 0.0281568 0.01841 0.0212471 0.0230254 0.0217919 0.0263426 0.0218315 0.0208318 0.0210958 0.0198232 0.0191451 0.0291763 0.0208658 0.0182935 0.0269742 0.0182327 0.0182102 0.0181605 0.0356017 0.035625 0.0267202 0.0230844 0.027833 0.022741 0.0322432 0.0210303 0.0187154 0.0235563 0.0181028 0.0410187 0.0582255 0.0510325
threshold=0.32046484678599874 0.47921376805243387 0.0061002944587900823 0.62707778734859165 0.0086418181028260124 0.42780136879592773 0.014609859614756774 0.31023880564541045 0.59726746217410087 0.10477745130046796 0.0072482899734884173 0.33556252928529162 0.27333310966136531 0.019953204918924803 0.0058021217062472043 0.34905194532104322 0.28210061978503354 0.34843975740138844 0.015841561036648803 0.66819914462362762 0.37176207361667707 0.4731025896295849 0.36827467757641985 0.5451733283033765 0.50037000031961731 0.43500818518651413 0.54407501874496889 0.37948477432018496 0.25261523881039222 0.26404710342201387 0.0048775477497726054 0.001909892262487754 0.38454707031939533 0.35428091864699085 0.002747850691043636 0.0035659351570754639 0.0034647397834512827 0.37898085690970262 0.00069648492763086333 0.0028067875750827005 0.0055832863298428048 0.0057432808097300841 0.38975957579036119 0.044814452062248343 0.027037762542169993 0.37607933608144423 0.33290032155712407 0.01916550500931587 0.0092053211455095148 0.3723662752241676 0.37241194020395701 0.18455891811591033 0.47025308686031869 0.21630763113365523 0.61856023191857668 0.65301710301177662 0.38975957579036119 0.45904015988691094 0.21727453160609086 0.31884729308642179 0.41044339253338707 0.54817550023460782
decision_type=2 2 2 2 2 2 2 2 2 2 2 2 2 2 2 2 2 2 2 2 2 2 2 2 2 2 2 2 2 2 2 2 2 2 2 2 2 2 2 2 2 2 2 2 2 2 2 2 2 2 2 2 2 2 2 2 2 2 2 2 2 2
left_child=7 5 13 23 -5 9 20 10 18 15 -1 -11 17 26 58 45 -16 -10 21 22 -7 -9 -8 24 47 -26 -3 -22 29 30 -17 37 34 39 -33 36 -36 -30 -39 -34 42 -42 -41 44 -25 46 -2 48 49 -4 -50 -51 55 -49 56 -53 -55 -58 -15 61 -61 -60
right_child=1 2 3 4 -6 6 19 8 12 11 -12 -13 -14 14 16 28 -18 -19 -20 -21 27 -23 -24 43 25 -27 -28 -29 31 -31 -32 32 33 -35 35 -37 -38 38 -40 40 41 -43 -44 -45 -46 -47 -48 53 50 51 -52 52 -54 54 -56 -57 57 -59 59 60 -62 -63
leaf_value=-0.00011685384682686632 -8.3239674986216911e-05 9.4269069572313637e-06 8.982267432553639e-05 -1.2184061824215717e-06 -0.00059910974335794596 -0.00034993617349372055 0.00037600955510291682 0.0002060438494533533 0.00020618314306372374 -0.00047084785247481186 0.00014074620635060595 -2.138906481230276e-05 9.3031934716028344e-05 0.00016060786541117548 0.00058253258895982468 -0.00016594583910143628 5.1673456894455055e-05 0.0007040766026590367 -6.9347356242037685e-05 -6.149006050641407e-05 -0.00020136892771825129 -5.7342073969879356e-05 0.00013719477738879463 -9.340301788074292e-05 -2.6615592605385585e-05 -0.00028513182320939317 8.1260764426542971e-05 5.0661247205759052e-05 -1.5218045470503094e-05 0.00017044137375244145 2.7762441376766973e-05 -7.2402478180720297e-05 -0.00034027946612987165 -0.00014417518881324005 -6.1947968073851559e-05 4.9332234852941508e-06 -0.00036416551468676251 0.00014933472071686107 1.1347128237450816e-05 -0.00010068655830064267 -0.0002630177240798629 -4.1937371082692354e-05 0.00010994646469940311 -0.00026191445197454836 0.00013117963459063759 -0.00011716642001448723 9.8275308782538699e-05 5.4217975693111299e-06 -1.941247101208621e-05 1.4869043332114235e-05 6.2569825063317976e-05 -4.4827350748119584e-05 9.6081626597727742e-05 0 -0.00039428915207032311 -0.00025105006362861551 -9.3374865531887069e-06 -0.00020329700125954877 8.675494843173067e-05 -5.7484726601367893e-05 0.00017815920462981152 0.00049503603295271263
leaf_weight=134 139 2009 389 34 37 26 65 266 30 46 140 45 37 225 37 90 26 46 63 51 46 37 235 264 995 49 622 180 2410 139 441 560 23 253 245 2751 29 161 416 62 63 2650 161 49 64 607 90 2692 462 1547 2244 1317 132 413 28 54 141 132 160 382 144 41
leaf_count=134 139 2009 389 34 37 26 65 266 30 46 140 45 37 225 37 90 26 46 63 51 46 37 235 264 995 49 622 180 2410 139 441 560 23 253 245 2751 29 161 416 62 63 2650 161 49 64 607 90 2692 462 1547 2244 1317 132 413 28 54 141 132 160 382 144 41
internal_value=5.98386e-07 -2.92721e-06 1.22154e-05 5.3287e-07 -0.000327265 -2.15712e-05 7.17928e-05 0.000126795 0.000190859 -2.66063e-05 1.11216e-05 -0.000259832 0.000390058 4.73242e-05 9.95535e-05 -2.46356e-05 0.000379725 0.00052121 0.000126537 0.000152636 -3.68598e-05 0.000170574 0.000192378 2.74816e-06 5.68868e-06 -3.97329e-05 2.67918e-05 0 -1.94452e-05 3.13426e-05 -3.21165e-06 -2.30256e-05 -3.21295e-05 -5.09405e-05 -1.49958e-05 -4.03586e-06 -9.7704e-05 -1.97437e-06 5.16017e-05 -4.26263e-05 -3.99424e-05 -4.74493e-05 4.68836e-05 -7.72186e-05 -4.65075e-05 -8.83337e-05 -7.52524e-06 1.07587e-05 2.1068e-05 0 4.82031e-05 -1.17792e-05 -3.9872e-05 -7.54748e-06 -5.78399e-05 -5.3697e-05 -4.25943e-05 -0.000106822 7.99245e-05 5.35597e-05 5.14698e-06 0.000175214
internal_weight=27426 26673 14689 11043 71 11984 603 753 479 11381 274 91 113 3646 1015 11290 63 76 366 351 252 303 300 10972 10595 1044 2631 226 10454 670 531 9784 6797 3212 3585 3025 274 2987 577 2959 2936 2713 223 377 328 836 229 9551 6145 3439 2706 3050 1503 3406 714 1371 686 273 952 727 526 201
internal_count=27426 26673 14689 11043 71 11984 603 753 479 11381 274 91 113 3646 1015 11290 63 76 366 351 252 303 300 10972 10595 1044 2631 226 10454 670 531 9784 6797 3212 3585 3025 274 2987 577 2959 2936 2713 223 377 328 836 229 9551 6145 3439 2706 3050 1503 3406 714 1371 686 273 952 727 526 201
is_linear=0
shrinkage=0.01


Tree=5
num_leaves=63
num_cat=0
split_feature=0 2 3 0 8 5 8 5 2 3 3 3 1 5 6 8 3 1 1 2 6 2 8 5 2 6 2 3 5 2 6 5 1 5 3 5 6 5 2 6 2 5 3 3 8 0 6 5 1 8 6 2 6 6 5 5 6 1 2 2 1 1
split_gain=0.119932 0.0631612 0.0739755 0.10628 0.0608849 0.055579 0.0590288 0.0554358 0.139955 0.0607223 0.0491253 0.0476231 0.0373787 0.0338379 0.0414091 0.0494587 0.0587043 0.0328131 0.0326987 0.0331064 0.0311218 0.0363548 0.0369119 0.0293785 0.0276465 0.0261603 0.0252427 0.0251621 0.0236359 0.0274185 0.0236034 0.0229992 0.0226463 0.022467 0.0678792 0.046287 0.0439119 0.0342602 0.0223533 0.0219089 0.021071 0.0552332 0.0226001 0.0201622 0.0326639 0.0195993 0.0206647 0.0191585 0.0441761 0.0213719 0.0340689 0.0301883 0.0212994 0.0188789 0.0183671 0.0178225 0.0177016 0.0174177 0.0169649 0.0168782 0.0225615 0.0168241
threshold=0.32564365610268015 0.48085399441258975 0.0061002944587900823 0.557263160738385 0.037855044074436829 0.42780136879592773 0.10477745130046796 0.36065743355570329 0.19302606014084989 0.0096550955776958155 0.004558696088145733 0.0057689239404616803 0.55086086428888204 0.66819914462362762 0.041617139299258511 0.053019915115899451 0.0063983027787174662 0.73633499680457171 0.35394618132719263 0.6947609417941788 0.055771858751991213 0.86721475903900525 0.024839481989335076 0.40591849966040033 0.24646110804725821 0.00063678043810494152 0.34304948926525208 0.0012212015611450056 0.30470992937873859 0.20637945968577293 0.14735907947828483 0.28856252271282878 0.6223077436659773 0.40197817760556709 0.0046206555882738207 0.2467842099781358 0.0027917263016600771 0.16172985461072162 0.29615997247248982 0.18477346788605067 0.25261523881039222 0.31023880564541045 0.0051301506400273809 0.0020530940581994835 0.019724670802045929 0.38876864359057012 0.00063678043810494152 0.19831189656438156 0.6480221248308996 0.0015725323756665545 0.0015585959294568568 0.61891552809197448 0.00076211500052559666 0.0022944311023781233 0.23765335596435286 0.27520849325500935 0.0018395879323031643 0.43749371848454371 0.352038372751525 0.63318187874850651 0.48036950650080046 0.47886287180821979
decision_type=2 2 2 2 2 2 2 2 2 2 2 2 2 2 2 2 2 2 2 2 2 2 2 2 2 2 2 2 2 2 2 2 2 2 2 2 2 2 2 2 2 2 2 2 2 2 2 2 2 2 2 2 2 2 2 2 2 2 2 2 2 2
left_child=7 5 4 45 32 6 17 9 -9 28 -10 18 26 14 25 16 -16 40 -6 27 21 22 -5 -21 -11 -7 -8 39 -1 -30 -29 -23 33 35 59 36 37 -3 -19 -20 41 42 -2 -37 55 -4 -47 52 49 50 51 -49 -48 -42 -34 -45 -57 -18 -31 60 -35 -38
right_child=1 2 3 20 11 13 12 8 10 24 -12 -13 -14 -15 15 -17 57 38 19 23 -22 31 -24 -25 -26 -27 -28 30 29 58 -32 -33 54 34 -36 43 61 -39 -40 -41 53 -43 -44 44 -46 46 47 48 -50 -51 -52 -53 -54 -55 -56 56 -58 -59 -60 -61 -62 -63
leaf_value=-0.00010276821635042224 -0.00010310801477770233 5.3418645816208958e-05 7.7690168487238602e-05 -0.00014844562230596493 -0.00015692277953628666 -0.0003138948024472972 -0.00061084234641027102 0.00072894182336999511 0.00040890963145737917 0.00032446285184614454 7.3240937313010177e-05 0.00061279488815947083 0 -0.0001675616257996884 0.00066350229084491733 1.8950838959304039e-05 0.00031885724774182188 -0.00046020441217780992 0.00050925308922636098 8.1242482896897713e-05 -0.00040500370517899904 -0.00014949435678943436 0.00015538350033668548 -0.00030985518317832889 5.085678262180022e-05 5.3443657919117931e-05 -0.00011753407197294341 0.00016848238049379187 0.00024606222666759682 -0.00014290364287796085 -0.00015537158034422427 -0.00064457869205747451 4.0751935164251866e-05 0.00048482883047184041 -6.3663128465745071e-05 0.00018957203602997918 3.9967523053205666e-05 -0.00010697209641881681 -9.6445180904014807e-05 0.00010746810263474519 -1.9482891455491813e-07 0.00033165828226181492 3.609181075960634e-05 -0.00010450244462887103 -0.00017284061216771469 3.8994398915031467e-05 -0.00012845698319417887 4.3112526707710924e-05 -0.00023464056127898506 -2.7875147673762775e-05 0.00013942897530772459 -0.00013239536536783383 1.0372458342299063e-05 -3.2628886910484074e-05 0.00021155631059975908 0.00013631915998337719 -1.7828183665322439e-05 0 0.00016082785647006267 0.00010024605705729987 4.8508568144323319e-05 0.00012021754455473199
leaf_weight=199 150 246 340 148 35 20 35 46 55 88 276 22 35 50 41 83 34 27 45 80 57 30 52 25 81 326 23 306 53 57 21 21 167 55 104 33 595 279 75 30 2398 56 515 182 188 1228 112 289 96 2963 212 146 5228 7953 123 92 363 35 25 49 22 550
leaf_count=199 150 246 340 148 35 20 35 46 55 88 276 22 35 50 41 83 34 27 45 80 57 30 52 25 81 326 23 306 53 57 21 21 167 55 104 33 595 279 75 30 2398 56 515 182 188 1228 112 289 96 2963 212 146 5228 7953 123 92 363 35 25 49 22 550
internal_value=5.15371e-07 -3.27752e-06 1.065e-05 -2.23655e-06 4.98924e-05 -2.04353e-05 -2.54519e-05 0.000115383 0.000207788 4.41093e-05 0.000132144 0.000145827 -0.0002772 7.38193e-05 9.80927e-05 0.000216277 0.000355933 -2.32647e-05 0.000124919 0.000146374 -0.000185379 -0.000131381 -6.44144e-05 -2.56748e-06 0.000199348 2.92363e-05 -0.000432971 0.000187755 -3.14824e-05 6.61946e-05 0.000144586 -0.000373785 3.18084e-05 2.25165e-05 0.000117692 1.34575e-05 4.44325e-05 -2.99173e-05 -0.000202885 0.000362212 -2.15178e-05 3.01212e-05 3.17904e-06 -4.56646e-05 -5.63079e-05 2.98543e-06 4.1514e-07 -4.71185e-06 -2.22477e-05 -1.63162e-05 3.50699e-05 -1.35121e-05 7.27107e-06 -2.52116e-05 0.000116692 -2.03238e-05 1.11659e-05 0.000158008 -3.80392e-05 0.000275243 0.000373361 7.9396e-05
internal_weight=27270 26390 14534 10922 3612 11856 11267 880 377 503 331 564 93 589 539 193 110 11174 542 507 308 251 200 105 169 346 58 402 334 135 327 51 3048 2758 230 2528 1670 525 102 75 11072 721 665 858 825 10614 10274 9046 3706 3610 647 435 5340 10351 290 637 455 69 82 126 77 1145
internal_count=27270 26390 14534 10922 3612 11856 11267 880 377 503 331 564 93 589 539 193 110 11174 542 507 308 251 200 105 169 346 58 402 334 135 327 51 3048 2758 230 2528 1670 525 102 75 11072 721 665 858 825 10614 10274 9046 3706 3610 647 435 5340 10351 290 637 455 69 82 126 77 1145
is_linear=0
shrinkage=0.01


Tree=6
num_leaves=63
num_cat=0
split_feature=0 2 4 0 5 5 2 4 7 4 6 2 7 1 2 5 2 1 5 4 2 7 5 4 4 1 0 5 7 2 5 7 7 7 4 4 4 6 7 6 6 5 7 2 4 5 5 4 2 7 5 4 5 1 6 4 4 7 6 7 2 5
split_gain=0.117638 0.0619251 0.0811554 0.0981674 0.0545024 0.0543337 0.137121 0.0545032 0.0457526 0.041857 0.0333003 0.0388216 0.0329544 0.0341212 0.0305935 0.0292702 0.0396381 0.0335579 0.0260017 0.0273923 0.0248839 0.0247717 0.0445798 0.0435231 0.041204 0.0253446 0.0263792 0.0245073 0.0299222 0.0243985 0.0414833 0.025261 0.0237614 0.0402387 0.0285556 0.0316142 0.0285116 0.0233212 0.0286123 0.0215733 0.02062 0.0255518 0.0201493 0.0199826 0.0188828 0.0217525 0.0186969 0.0186183 0.0183142 0.0202915 0.0285689 0.0179401 0.0249998 0.0334593 0.0235642 0.0361671 0.0285027 0.0257753 0.0269919 0.0266215 0.032729 0.0286019
threshold=0.32564365610268015 0.48085399441258975 0.0034646109117880855 0.56624164967954649 0.42780136879592773 0.36065743355570329 0.19302606014084989 0.0079155052115043433 0.38597469395915662 0.0068541360882211277 0.053145897516758453 0.86721475903900525 0.36368778231480636 0.73633499680457171 0.24646110804725821 0.34602251473712181 0.68178694778960292 0.49496356847928585 0.39364916346787271 0.017697918560869292 0.29615997247248982 0.49689698004443056 0.32134874042896805 0.0054799152774254491 0.0052306697687987203 0.41520652874076963 0.41143449989405917 0.30470992937873859 0.36368778231480636 0.25261523881039222 0.27662684863462605 0.37194249955962394 0.31884729308642179 0.32605482342521541 0.006145617225667927 0.0094228955393078628 0.0032463970520856412 0.18477346788605067 0.30335863411656766 0.00063678043810494152 0.048417550073179223 0.52027308682700024 0.37213716320685936 0.74387394670295504 0.0064520631267689617 0.24909752360864282 0.4504075308503635 0.0041512226156106393 0.63119125314190561 0.31622877286552104 0.40591849966040033 0.015793869843724866 0.21630763113365523 0.6480221248308996 0.02930605082922964 0.0040402381065425723 0.014489635690470142 0.38015454176678237 0.033971730991598552 0.40612439856862342 0.66994340638943972 0.19193547356577942
decision_type=2 2 2 2 2 2 2 2 2 2 2 2 2 2 2 2 2 2 2 2 2 2 2 2 2 2 2 2 2 2 2 2 2 2 2 2 2 2 2 2 2 2 2 2 2 2 2 2 2 2 2 2 2 2 2 2 2 2 2 2 2 2
left_child=5 4 15 21 12 7 -7 27 39 40 11 -5 18 29 -9 17 37 -3 19 32 -15 51 23 24 -23 -24 -27 -1 -29 30 47 -32 34 36 -2 -36 -34 38 -17 -6 46 -42 -11 -12 -25 -46 -8 -14 49 -40 -51 54 -53 -54 56 -56 -4 -57 -59 61 -61 -60
right_child=1 2 3 10 8 6 9 14 -10 42 43 -13 13 20 -16 16 -18 -19 -20 -21 -22 22 25 44 -26 26 -28 28 -30 -31 31 -33 33 -35 35 -37 -38 -39 48 -41 41 -43 -44 -45 45 -47 -48 -49 -50 50 -52 52 53 -55 55 57 -58 58 59 60 -62 -63
leaf_value=-0.00010436737342688254 2.927508775300455e-05 -1.2894229545709947e-05 8.1125110199900613e-06 -4.1766717112392931e-05 -0.000310771463459719 0.00072166821497155116 0.00020490342545014166 0.00031787885326445818 0.00019117768126458712 0.00030051654230210174 -0.00019544162277333502 -0.00035680384026566715 -0.00017487867741965046 -0.00047822642175773317 4.1336525101278606e-05 0.00058719604260663025 -4.5750213547053115e-05 0.00013087201952664772 0.00012013138943117885 4.540112662072311e-05 -9.294449445029452e-05 5.1120430512080953e-05 -0.00037515701440354757 -0.00023472944878431495 0.00061015959807160698 0.0001455089285087734 -0.0001573836914878667 -0.00015585274771332861 0.0001715621453930977 -2.0607214447501628e-05 0.00056102207857426872 0.00013147035567933151 -0.0006992160619080605 -0.00011119428753488636 -0.00021506497205030188 3.0429956225380924e-06 -0.00015856740308151007 -1.3449260503308384e-05 1.971055886089584e-05 2.4998592343174219e-05 -6.2237330451788987e-05 0.00034722010535504074 -3.9329324874660928e-05 -0.00062843607409543672 -4.4484970298115905e-05 6.9629187558310944e-05 0.00051520874259047443 2.9618257737591249e-05 4.4331676864366205e-05 0.00014815233983720298 0.00042880635776226155 8.3721908692430645e-06 -3.9176152163776295e-05 -0.00038362444111569925 -0.00016256550871591901 0.00012266087944810364 0.00012312082691844978 0.00013880997747857746 6.555193229141751e-05 1.5962119927678777e-05 0.000242856167720168 -0.0001243041507895908
leaf_weight=194 259 350 6296 188 20 46 81 89 211 20 36 53 49 26 90 24 69 286 64 144 76 48 47 41 21 32 153 37 93 9170 21 71 22 648 144 107 29 35 41 358 41 22 129 25 611 226 38 437 72 87 88 3002 851 30 70 537 225 199 114 369 80 228
leaf_count=194 259 350 6296 188 20 46 81 89 211 20 36 53 49 26 90 24 69 286 64 144 76 48 47 41 21 32 153 37 93 9170 21 71 22 648 144 107 29 35 41 358 41 22 129 25 611 226 38 437 72 87 88 3002 851 30 70 537 225 199 114 369 80 228
internal_value=5.12257e-07 -3.24384e-06 1.05463e-05 3.86782e-06 -2.02332e-05 0.000114276 0.000205767 4.36892e-05 7.30998e-05 0.000130854 -0.00017422 -0.000115316 -2.52016e-05 -1.85765e-05 0.000184519 9.51759e-05 0.000161515 5.01937e-05 -7.05448e-05 -8.03115e-05 -0.00020132 8.0256e-06 -3.54934e-05 -3.9655e-06 0.000236371 -0.000159821 -9.95387e-05 -3.10627e-05 7.06403e-05 -1.65597e-05 4.59172e-05 0.000240881 -9.61143e-05 -0.000134647 -4.13248e-05 -0.00011814 -0.00041227 0.000205611 0.000233386 4.51068e-06 0.000232634 6.52236e-05 0 -0.000390003 -2.40166e-05 -1.24735e-05 0.000312738 6.91133e-06 0.000200237 0.000247534 0.000295157 1.23846e-05 -5.08763e-06 -5.20825e-05 2.0865e-05 5.54708e-05 1.22359e-05 6.61308e-05 3.44482e-05 6.91454e-06 5.86604e-05 -5.8095e-05
internal_weight=27270 26390 14534 13482 11856 880 377 503 589 331 302 241 11267 9850 179 1052 416 636 1417 1353 102 13180 1179 947 69 232 185 324 130 9748 578 92 1209 699 510 251 51 347 312 378 182 63 149 61 878 837 119 486 288 216 175 12001 3883 881 8118 1597 6521 1527 990 791 449 342
internal_count=27270 26390 14534 13482 11856 880 377 503 589 331 302 241 11267 9850 179 1052 416 636 1417 1353 102 13180 1179 947 69 232 185 324 130 9748 578 92 1209 699 510 251 51 347 312 378 182 63 149 61 878 837 119 486 288 216 175 12001 3883 881 8118 1597 6521 1527 990 791 449 342
is_linear=0
shrinkage=0.01


Tree=7
num_leaves=63
num_cat=0
split_feature=2 5 8 7 5 3 2 2 2 5 4 5 2 2 3 8 3 7 3 3 7 7 3 5 6 7 3 7 7 8 6 7 4 5 2 7 2 2 7 7 7 7 5 4 5 6 7 6 7 7 7 3 8 7 4 3 8 5 2 6 5 2
split_gain=0.0945441 0.192503 0.0567853 0.103238 0.0700752 0.107703 0.0812538 0.0618297 0.0578294 0.0572241 0.0491999 0.0485377 0.0634655 0.0414393 0.0356802 0.0384228 0.0429166 0.0347418 0.0335635 0.0324258 0.0296923 0.0288111 0.0270492 0.0318021 0.0259805 0.0311486 0.0253394 0.0472027 0.0250207 0.0247141 0.0238566 0.023326 0.0227689 0.0218994 0.037248 0.0345982 0.0214162 0.0213143 0.0210763 0.0346247 0.0209968 0.074794 0.0207382 0.0194095 0.019396 0.0187826 0.0180177 0.0173058 0.0168805 0.041795 0.0238836 0.016208 0.0161527 0.0318769 0.0160882 0.0158342 0.0155354 0.0313859 0.0322599 0.0322538 0.0287327 0.0282818
threshold=0.17740072495164033 0.33405044714648474 0.12741321144847101 0.29219399947994673 0.42780136879592773 0.004558696088145733 0.55140670205960785 0.51273014844009113 0.86721475903900525 0.21126319300903287 0.0018591303251098358 0.66819914462362762 0.59160844986065941 0.2817817502026646 0.0053883388684257561 0.014228969419958645 0.0063983027787174662 0.37365638298650711 0.01878977898630536 0.0078372133423508013 0.40169195162330679 0.37255666510253488 0.0068233001540524262 0.29009931875981515 0.0010855590325789003 0.37255666510253488 0.0028911168921700757 0.3286174298591335 0.31622877286552104 0.039879203395364028 0.066186756584107595 0.38511794089105661 0.010179550584425693 0.34602251473712181 0.60040201801320714 0.38597469395915662 0.32474651967901486 0.50683350530689508 0.3746004020050922 0.37201932771143592 0.72625777244508283 0.62341493892899902 0.54063342093759037 0.0043131568958164552 0.39748646058911924 0.035111871204586441 0.4262995346469714 0.11728484907292856 0.37298587756043816 0.37225067612792262 0.37478859425176408 0.012621359196250908 0.017069322015453262 0.44991017203809269 0.0050575063421024408 0.0069834349859553661 0.034851452824028732 0.25032859341317953 0.31319800542508358 0.062155835334643292 0.31370766290466306 0.31319800542508358
decision_type=2 2 2 2 2 2 2 2 2 2 2 2 2 2 2 2 2 2 2 2 2 2 2 2 2 2 2 2 2 2 2 2 2 2 2 2 2 2 2 2 2 2 2 2 2 2 2 2 2 2 2 2 2 2 2 2 2 2 2 2 2 2
left_child=1 17 4 -4 7 11 14 24 10 -10 28 12 20 -5 43 48 29 21 40 52 26 -1 -11 -24 25 -2 -6 -28 -9 -17 32 -21 38 -20 -35 -36 -27 42 39 -18 41 51 -15 45 -38 -7 -40 -14 49 -16 -50 -12 -8 -54 -42 -32 -26 61 59 -59 -60 -58
right_child=2 -3 3 13 5 6 19 8 9 22 18 -13 47 37 15 16 30 -19 33 31 -22 -23 23 -25 56 36 27 -29 -30 -31 55 -33 -34 34 35 -37 44 -39 46 -41 54 -43 -44 -45 -46 -47 -48 -49 50 -51 -52 -53 53 -55 -56 -57 57 58 60 -61 -62 -63
leaf_value=2.4703747999309861e-05 -2.0378058591468358e-05 0.00072837449082900955 0.00044257991021178763 -0.00060246613060948619 0.00013842393393465217 0.00019081626026267666 -0.00014923104699777074 0.00035125107295559395 6.786182936330986e-05 -3.8128353531750456e-05 1.8094556243565053e-05 -0.00014277134322692543 0.00015483017352976392 -0.00019964544984135438 6.6987711617743167e-05 0.00067260875619976448 0.00032990168244925451 0.00022109277931208908 -9.0050625196665383e-06 -3.7310128949939899e-05 0.00066981569653557188 -0.00037387189846856529 -0.00024243100097392619 -0.00084002700084776242 -2.7344853387664491e-05 0.00020821971872731485 0.00070116319231630306 0.00019805600311579858 4.6763669742490802e-05 0.00015483721872382021 -0.00025367849355850794 -0.00030805786096369696 5.8859911516290978e-07 3.5834469137859314e-05 -2.1602090050106966e-05 -0.00058667392993604366 5.3143694728598992e-05 -0.000359188438870452 0.00047316976578948777 -0.00025260188651563068 6.8360334426120927e-05 0.00057275164208237623 0.00012378252379014544 -0.00030760708722994148 -0.00019248118844591197 -0.00015390702200810996 0.00018692854557519244 -0.00010106153208298036 0.00026913846059768145 -0.00038929170702395571 0 5.9669843014822636e-05 0.00024162343658283805 -0.00016561452585630437 -0.00016688454554307695 5.5804561206392721e-05 -0.00017557386598727673 0.00043183716906792228 0.00017061516362650353 0 -3.0147420725040105e-05 4.2874703409948034e-06
leaf_weight=167 1052 52 22 33 69 28 47 65 39 21 6809 29 75 48 44 26 20 91 3267 59 34 20 27 21 10947 91 38 52 61 24 20 104 63 42 24 28 733 44 48 20 34 25 30 31 32 36 76 36 42 33 154 1125 51 28 99 93 113 47 105 29 205 342
leaf_count=167 1052 52 22 33 69 28 47 65 39 21 6809 29 75 48 44 26 20 91 3267 59 34 20 27 21 10947 91 38 52 61 24 20 104 63 42 24 28 733 44 48 20 34 25 30 31 32 36 76 36 42 33 154 1125 51 28 99 93 113 47 105 29 205 342
internal_value=5.09381e-07 0.000168746 -1.51492e-06 -0.00018 -2.96462e-07 6.90584e-05 1.81872e-05 -4.10674e-06 1.27381e-05 -0.000216888 1.49681e-05 0.000225949 0.000264447 -0.000275041 7.34115e-05 0.000100157 0.000163955 6.02471e-05 1.27121e-05 -0.000123173 0.000375136 -1.2757e-05 -0.00039217 -0.000525872 -1.85537e-05 1.53609e-05 0.000305457 0.00042212 0.000211925 0.000444844 0.000119589 -0.000216271 0.000178668 -1.36616e-05 -0.000164692 -0.000345607 6.04483e-05 -0.000177865 0.000240941 1.38086e-05 2.379e-05 2.59726e-05 -6.24468e-05 -0.000102636 4.15384e-05 0 0.000306082 6.28211e-05 5.32862e-06 -0.000115842 5.80655e-05 2.41164e-05 0 8.46168e-05 -9.92274e-05 0 -2.4128e-05 1.65543e-05 8.36946e-05 0.000270251 3.46611e-05 -3.82128e-05
internal_weight=27270 330 26940 177 26763 1380 1047 25383 11687 108 11579 333 304 155 758 663 390 278 11453 289 193 187 69 48 13696 1908 159 90 126 50 340 163 227 3361 94 52 856 122 164 40 8092 7959 78 95 765 64 124 111 273 77 196 7934 126 79 133 113 11788 841 386 76 310 455
internal_count=27270 330 26940 177 26763 1380 1047 25383 11687 108 11579 333 304 155 758 663 390 278 11453 289 193 187 69 48 13696 1908 159 90 126 50 340 163 227 3361 94 52 856 122 164 40 8092 7959 78 95 765 64 124 111 273 77 196 7934 126 79 133 113 11788 841 386 76 310 455
is_linear=0
shrinkage=0.01


Tree=8
num_leaves=63
num_cat=0
split_feature=0 2 4 0 5 2 3 5 8 3 1 5 8 0 1 2 8 5 2 1 5 2 5 2 2 2 3 3 5 0 8 5 3 3 4 8 5 0 8 2 5 3 3 3 1 1 8 1 8 8 5 2 4 8 0 1 8 4 3 5 5 4
split_gain=0.114171 0.0597425 0.0784547 0.0955471 0.0527899 0.126128 0.0575064 0.0523424 0.0569001 0.0428778 0.0364111 0.0327062 0.0391973 0.0378681 0.0316033 0.0308142 0.0288248 0.0281933 0.0385329 0.0329384 0.0256529 0.0300154 0.0254765 0.0243757 0.0241809 0.0213834 0.0204121 0.0231139 0.0278095 0.0562843 0.0274457 0.0473905 0.0594223 0.0866728 0.0239633 0.0424065 0.0227871 0.0256186 0.0213599 0.0201928 0.0534077 0.0218617 0.0201551 0.0310599 0.0196792 0.0192136 0.018834 0.0185649 0.0184171 0.0181799 0.018492 0.04499 0.0206999 0.0177368 0.0174177 0.0172093 0.0167303 0.0257398 0.0268896 0.0247569 0.0194721 0.0164824
threshold=0.32564365610268015 0.48085399441258975 0.0034646109117880855 0.56624164967954649 0.37032018249502213 0.19302606014084989 0.0096550955776958155 0.42780136879592773 0.10477745130046796 0.004558696088145733 0.55086086428888204 0.66819914462362762 0.014609859614756774 0.35212560457781217 0.73633499680457171 0.86721475903900525 0.044814452062248343 0.34602251473712181 0.68178694778960292 0.49496356847928585 0.30470992937873859 0.20637945968577293 0.29009931875981515 0.24646110804725821 0.34304948926525208 0.29615997247248982 0.017709047680412988 0.013101875054989037 0.32367785436645125 0.42111417068571394 0.028670149091304827 0.29803685320189838 0.0061440033464516134 0.0058279732394358975 0.012238092194965041 0.027821308085754701 0.27392677401378313 0.4397698850684168 0.033360539775818925 0.25261523881039222 0.31023880564541045 0.0051301506400273809 0.01244449491610509 0.0096550955776958155 0.59726746217410087 0.62591977859978298 0.077968222875176865 0.35668485012324652 0.0014854717597126965 0.001909892262487754 0.35097530697808249 0.36383503780511073 0.0095620370835813231 0.00076722167809337085 0.51256124048284657 0.61856023191857668 0.037855044074436829 0.0035916091015470754 0.0024264839431738321 0.24909752360864282 0.20445494878643014 0.0093141933537986468
decision_type=2 2 2 2 2 2 2 2 2 2 2 2 2 2 2 2 2 2 2 2 2 2 2 2 2 2 2 2 2 2 2 2 2 2 2 2 2 2 2 2 2 2 2 2 2 2 2 2 2 2 2 2 2 2 2 2 2 2 2 2 2 2
left_child=4 7 17 26 6 -6 20 8 14 -7 24 12 -9 -14 39 16 -5 19 47 -3 -1 -22 -17 -8 -10 -16 27 28 30 42 -4 32 33 -32 35 53 -28 48 61 40 41 -2 43 -30 -31 -15 -20 -19 -38 -41 56 52 -52 -29 -49 -39 57 58 60 -58 -51 -34
right_child=1 2 3 15 5 9 23 11 10 -11 -12 -13 13 45 25 22 -18 18 46 -21 21 -23 -24 -25 -26 -27 36 34 29 44 31 -33 38 -35 -36 -37 37 55 -40 49 -42 -43 -44 -45 -46 -47 -48 54 -50 50 51 -53 -54 -55 -56 -57 59 -59 -60 -61 -62 -63
leaf_value=-0.00010090373666022775 -0.00010136918329136158 -1.3116373216682925e-05 1.1866642680553718e-05 -5.1892454024827578e-05 0.00072139165476569581 0.00040554521759024389 0.00031063182922702528 0 -0.00059997047327838286 7.5477205609656453e-05 0 -0.00016568708798881553 0.00047383614264555725 0.00014892345321982294 -0.00045082505823308911 -0.00016929353670529259 -0.00032975487285266295 0 7.6642999230440418e-05 0.00012931140255272519 0.00025569663138615226 -2.675344675072628e-05 -0.00064172530689636661 6.0980645974780986e-05 -0.00011558053558954398 -9.4396972171320519e-05 -1.3335066303397074e-06 0.00024414978839503473 5.6777399164462743e-05 -8.897549804121456e-05 0.00010600170891914495 0.00029104966299583844 2.2084680765945881e-05 0.000790676371156495 4.3314248903650294e-05 0.0005298470706521127 0.00017139410392006928 -0.00010256885368818667 -6.9925543293307714e-05 -3.2800955246444756e-06 0.00032617399940398868 3.5532412147549058e-05 -0.00019619569580745994 0.00035154548068601566 7.3720877123599791e-05 -0.00014441479597752694 -0.00024809098879317035 0.00028443610836635517 -4.6947293121411688e-05 0.00020639699114257157 8.4645695867195396e-05 -0.00014493654167296258 -0.00013382537223634422 -3.5935549110003792e-05 0.00010656705418990755 -0.00041868956333635405 -1.6089526452024682e-05 -2.651807158831395e-05 -0.00017707256047740222 0.000152727474218214 -7.0289912346106667e-05 0.00034587570885417023
leaf_weight=199 150 350 6112 190 43 50 92 230 35 252 35 50 38 250 27 36 51 37 40 286 56 99 25 89 23 75 3782 36 225 810 154 93 97 22 832 30 57 304 284 2979 56 515 21 46 75 21 29 205 110 34 170 429 56 48 105 21 268 5954 238 123 100 21
leaf_count=199 150 350 6112 190 43 50 92 230 35 252 35 50 38 250 27 36 51 37 40 286 56 99 25 89 23 75 3782 36 225 810 154 93 97 22 832 30 57 304 284 2979 56 515 21 46 75 21 29 205 110 34 170 429 56 48 105 21 268 5954 238 123 100 21
internal_value=5.06664e-07 -3.19312e-06 1.0351e-05 3.7833e-06 0.000112582 0.000209903 4.79274e-05 -1.98808e-05 -2.47511e-05 0.000133551 -0.000271926 7.15743e-05 9.54653e-05 0.000169045 -2.2602e-05 -0.00017191 -0.000114953 9.3561e-05 0.000158692 4.93695e-05 -2.37126e-05 6.89446e-05 -0.000380013 0.000193498 -0.000425626 -0.000198889 7.8862e-06 1.65496e-05 1.08437e-05 -3.37231e-05 1.87248e-05 7.96932e-05 4.39117e-05 0.000197665 6.3498e-05 0.000201873 -9.93222e-06 -7.39846e-05 -2.09486e-05 -2.08859e-05 2.96569e-05 3.13822e-06 8.50637e-05 0.000110612 -7.40511e-05 0.000122459 -4.55291e-05 0.000202183 2.16499e-05 -2.45033e-05 -3.29437e-05 -8.44171e-05 2.60532e-05 7.2358e-05 0.000227469 -0.000126194 -2.77743e-05 -3.17811e-05 -0.0001133 3.44852e-05 0 8.842e-05
internal_weight=27270 26390 14534 13482 880 345 535 11856 11267 302 93 589 539 309 11174 302 241 1052 416 636 354 155 61 181 58 102 13180 8906 7960 1177 6783 671 578 176 946 114 4274 492 402 11072 721 665 292 271 885 271 69 347 167 10351 7372 655 226 84 310 325 6717 6326 372 391 134 118
internal_count=27270 26390 14534 13482 880 345 535 11856 11267 302 93 589 539 309 11174 302 241 1052 416 636 354 155 61 181 58 102 13180 8906 7960 1177 6783 671 578 176 946 114 4274 492 402 11072 721 665 292 271 885 271 69 347 167 10351 7372 655 226 84 310 325 6717 6326 372 391 134 118
is_linear=0
shrinkage=0.01


Tree=9
num_leaves=63
num_cat=0
split_feature=0 2 4 0 7 4 1 8 4 2 8 3 8 7 4 7 4 4 7 3 8 2 2 3 7 7 1 7 0 3 3 3 2 2 3 3 4 4 8 8 8 3 8 7 2 7 7 4 2 0 3 2 7 0 3 1 2 0 3 8 3 1
split_gain=0.111973 0.0585836 0.0769024 0.0937584 0.038167 0.0506802 0.0350114 0.0367217 0.0542448 0.0301998 0.0282297 0.0264991 0.0261674 0.0260087 0.026007 0.0240173 0.0387736 0.0455586 0.0387899 0.0239422 0.02222 0.0218953 0.0218551 0.0618825 0.0369114 0.033977 0.0212519 0.021059 0.0221321 0.0248746 0.0257451 0.0250455 0.0233211 0.0204529 0.0202472 0.0187229 0.01976 0.0238244 0.0286689 0.0285123 0.0222988 0.0258759 0.0489534 0.0443695 0.0408795 0.0279201 0.0211577 0.0208795 0.0193788 0.0191699 0.0189431 0.0437984 0.0229201 0.0197201 0.0187154 0.0185352 0.0185074 0.0182657 0.017738 0.0172612 0.0168571 0.0164891
threshold=0.32564365610268015 0.48085399441258975 0.0034646109117880855 0.56624164967954649 0.29219399947994673 0.0060198250442060801 0.73633499680457171 0.10477745130046796 0.00054968846306783527 0.86721475903900525 0.044814452062248343 0.00046745135573235467 0.03627707041027315 0.41773214588265078 0.0012992952724961333 0.49689698004443056 0.0054799152774254491 0.0064520631267689617 0.72625777244508283 0.007426275700942106 0.12741321144847101 0.29615997247248982 0.20637945968577293 0.007426275700942106 0.3739635882909001 0.37228118475253047 0.60019740460900262 0.36129015436639239 0.37948477432018496 0.0083223568464747665 0.0092053211455095148 0.0022312207297955906 0.44571444077228173 0.25261523881039222 0.010213014545028268 0.017709047680412988 0.0040402381065425723 0.0038054557104433263 0.024839481989335076 0.0030090325389052091 0.028234846011535534 0.0065970600156578423 0.033360539775818925 0.40410065045723759 0.66469280046401236 0.45222293381244999 0.37698645820595378 0.014489635690470142 0.63119125314190561 0.43500075349536665 0.0048775477497726054 0.71444306746764863 0.3870061132298645 0.44606533217940941 0.0051895897240645363 0.48337268272502726 0.53615826714183845 0.36827467757641985 0.0041199341412969529 0.0063826314071172025 0.007769885223158397 0.50019668397899408
decision_type=2 2 2 2 2 2 2 2 2 2 2 2 2 2 2 2 2 2 2 2 2 2 2 2 2 2 2 2 2 2 2 2 2 2 2 2 2 2 2 2 2 2 2 2 2 2 2 2 2 2 2 2 2 2 2 2 2 2 2 2 2 2
left_child=4 6 11 15 5 -1 7 12 -9 10 13 -3 27 -5 -14 35 18 -18 -17 -16 26 -8 23 24 25 -6 57 28 32 31 -31 -30 -2 -29 59 36 37 38 46 58 47 48 44 56 49 55 -4 50 -42 -43 51 52 -38 -54 -20 -45 -44 -13 -39 -32 -57 -33
right_child=1 2 3 9 22 -7 21 8 -10 -11 -12 20 14 -15 19 16 17 -19 54 -21 -22 -23 -24 -25 -26 -27 -28 33 29 30 34 61 -34 -35 -36 -37 40 39 -40 -41 41 42 43 45 -46 -47 -48 -49 -50 -51 -52 -53 53 -55 -56 60 -58 -59 -60 -61 -62 -63
leaf_value=0.00068897251308702961 -1.2822557247740571e-05 0.00034592985560052367 0.00014022915717936985 -0.00012043457669716233 5.3478831552087888e-05 0 -0.00043212628456197936 0.0002608989403358003 -0.00027163826420465868 -0.00037638993074162139 -0.00032646377714452883 0.0003509635366963153 -0.00016413689218289365 0.00014875604145377544 0.00010800802003010831 0.00044126612051227637 -0.0002848458348844947 -3.2839790197644096e-05 0.00024042171651223823 -1.1553799773272971e-05 -0.00018989661732530462 -9.3539749363247249e-05 5.9986348917742699e-05 0.00040833529291554399 0.0003639096532045441 -0.00037685002634360782 0.0002183009784085735 4.3705427039024533e-05 3.7053723822653093e-05 0.00015524186295229889 -7.5948977655547202e-05 -0.00020646196562221713 0.00032323164115259547 -1.8647926294533013e-05 -1.893594720439391e-05 -6.0356951427777203e-06 7.0041087489762584e-06 -0.00044268116746863445 -0.0002686880549814229 -7.7738285473604628e-06 8.0554851099196668e-05 0.00025260754703597171 0 1.7424540506514967e-05 0.00047548891290488757 -0.00013794573408008415 -3.9656493618392832e-05 9.2118373146118376e-05 0.0002674693044807067 -4.8168522163630382e-06 9.1157708371552213e-06 0.00043785061056920066 0 0.00034406839536066462 -0.00013628229632732549 5.4813741021413927e-05 -0.00018143690113243626 6.1213523554146676e-05 -0.00010587747060867263 -0.00048316348608193999 0.0003406665099323078 -3.5314410138678629e-05
leaf_weight=26 277 42 132 145 101 20 31 21 115 61 51 24 54 45 409 32 79 1012 21 260 27 81 601 79 31 22 120 549 60 63 38 296 22 9240 232 3802 318 37 31 100 173 42 77 96 39 45 117 366 102 70 6050 32 29 43 35 47 150 839 45 20 58 88
leaf_count=26 277 42 132 145 101 20 31 21 115 61 51 24 54 45 409 32 79 1012 21 260 27 81 601 79 31 22 120 549 60 63 38 296 22 9240 232 3802 318 37 31 100 173 42 77 96 39 45 117 366 102 70 6050 32 29 43 35 47 150 839 45 20 58 88
internal_value=5.00672e-07 -3.16297e-06 1.02487e-05 3.74554e-06 0.000111492 0.000398512 -1.96883e-05 -1.79155e-05 -0.000181929 -0.000170294 -0.000113847 9.26318e-05 -1.59062e-05 -5.13738e-05 4.19045e-05 7.81053e-06 -3.50389e-05 -5.20286e-05 0.000164064 6.00522e-05 8.10754e-05 -0.000196478 9.44168e-05 0.000178873 5.44835e-05 -1.56107e-05 8.95539e-05 -1.98383e-05 -6.17023e-05 -8.93516e-05 -2.32357e-05 -0.000139648 8.66028e-06 -1.50484e-05 -6.54956e-05 1.21037e-05 2.06372e-05 -4.20957e-05 1.25823e-05 -0.000131668 2.45129e-05 7.17125e-05 3.40074e-05 -1.40873e-05 0.000191189 7.65038e-05 5.17081e-05 1.81603e-05 0.00015359 8.29359e-05 1.3822e-05 7.89058e-05 4.67858e-05 0.000208365 0 0.000129532 -0.000116655 7.04698e-05 -0.000270384 -0.000234169 0.000222402 -0.000169864
internal_weight=27270 26390 14534 13482 880 46 11856 11744 136 302 241 1052 11608 190 723 13180 1179 1091 88 669 1010 112 834 233 154 123 983 10885 1096 797 353 444 299 9789 290 12001 8199 462 280 182 7737 899 624 473 151 246 249 6838 275 112 6472 422 390 72 56 201 227 863 82 58 105 384
internal_count=27270 26390 14534 13482 880 46 11856 11744 136 302 241 1052 11608 190 723 13180 1179 1091 88 669 1010 112 834 233 154 123 983 10885 1096 797 353 444 299 9789 290 12001 8199 462 280 182 7737 899 624 473 151 246 249 6838 275 112 6472 422 390 72 56 201 227 863 82 58 105 384
is_linear=0
shrinkage=0.01


Tree=10
num_leaves=63
num_cat=0
split_feature=0 2 4 0 8 1 3 4 1 2 2 7 3 3 8 1 3 2 2 4 4 8 7 2 7 4 0 3 8 2 3 8 0 3 7 8 8 7 7 8 0 7 7 4 7 4 3 8 8 4 3 3 7 3 8 7 1 3 4 4 8 3
split_gain=0.0853195 0.053657 0.0687576 0.0808322 0.033491 0.0380009 0.0254748 0.0352621 0.0252066 0.0265116 0.0264714 0.0238967 0.0310832 0.0231532 0.0281888 0.0250559 0.0221953 0.0210159 0.0218772 0.0201646 0.0307076 0.0250545 0.0192055 0.0190844 0.0392425 0.0486674 0.0361642 0.0271151 0.0357477 0.0287918 0.023665 0.0214781 0.0198356 0.0195849 0.0306562 0.0336237 0.0834136 0.0269237 0.018774 0.0173793 0.0172479 0.0167106 0.0164466 0.0349766 0.0221439 0.0495841 0.0383578 0.0634089 0.0666497 0.0398984 0.034958 0.0273594 0.0256867 0.0229745 0.0176467 0.0164452 0.0162862 0.0162195 0.0260647 0.0160662 0.0244091 0.0160337
threshold=0.3142950253826719 0.5052343509225431 0.0035916091015470754 0.59624642875515932 0.17631951246055069 0.66727490652906074 0.0068233001540524262 0.0060498827812978323 0.73633499680457171 0.17740072495164033 0.27333310966136531 0.5680974003354522 0.0076406590456864869 0.00046745135573235467 0.12741321144847101 0.5739370965912306 0.01916550500931587 0.32474651967901486 0.41214175817214721 0.0040402381065425723 0.0038054557104433263 0.0026063771901186127 0.43827946260539924 0.63318187874850651 0.39957604697422139 0.0050095325200071499 0.45598532277155729 0.0061002944587900823 0.033937316356513231 0.81180848286791718 0.0087522560804850075 0.055114811187289156 0.52870986886908378 0.0071349077706539428 0.54878598612642071 0.033360539775818925 0.029214277941016435 0.45222293381244999 0.37737778687173706 0.0017357710305800421 0.2750579606271748 0.37600964362739914 0.36368778231480636 0.0019814796457181603 0.31193813391182107 0.0058287937270488305 0.0055243683075078898 0.016215039721406029 0.093078681031668303 0.0068758601902060359 0.0083742912078839035 0.0036509084702207113 0.22341826234071116 0.0017945524630372833 0.0086788551529002039 0.37237187470250072 0.52251762277373415 0.0087522560804850075 0.0087027026672000882 0.019117749489657065 0.0011154641419088025 0.0042538255030019232
decision_type=2 2 2 2 2 2 2 2 2 2 2 2 2 2 2 2 2 2 2 2 2 2 2 2 2 2 2 2 2 2 2 2 2 2 2 2 2 2 2 2 2 2 2 2 2 2 2 2 2 2 2 2 2 2 2 2 2 2 2 2 2 2
left_child=4 8 13 11 5 17 -5 -8 9 39 -10 16 -13 -3 15 -15 19 -1 -19 20 -4 61 -9 26 27 -26 30 28 -25 31 55 57 -31 -27 35 36 -35 -37 -17 -2 -7 -30 44 -44 45 -11 47 51 -49 -48 -47 54 -52 -50 -46 -21 -54 -29 -59 60 -18 -22
right_child=1 2 3 6 -6 40 7 22 10 42 -12 12 -14 14 -16 38 59 18 -20 23 21 -23 -24 24 25 33 -28 29 41 32 -32 -33 -34 34 -36 37 -38 -39 -40 -41 -42 -43 43 -45 46 50 49 48 53 -51 52 -53 56 -55 -56 -57 -58 58 -60 -61 -62 -63
leaf_value=0.00013132846460071031 -6.1636713554004299e-05 0.00035891639818102394 2.5574691495515541e-05 0 -0.00027381490471202935 0.00053836809310226516 -0.00069346173937869437 -0.00029589334870880487 -0.000444228821073236 9.0563397142405936e-05 -6.9407331194833529e-05 0 -0.00023939707087547292 6.4651336005574291e-05 -0.00021697314456505285 0.00024676809009631677 0 -0.00011801099845210556 0.00013720934830885095 8.4375090292043391e-05 -0.00047290932258426543 -4.7820191962360158e-05 0 5.8247541205995241e-05 0.00052500089132335287 -8.4828553042959493e-06 -2.3202852822291474e-05 -9.3184511651846299e-06 0.00014466210361596497 -2.4487190190399187e-05 6.9605446184134922e-05 -0.00029763965276003731 -0.0003673227959990591 0.00017618053516630771 -5.6564852350075668e-05 0.00014981233951516073 0.00086375896325882736 -0.00018897153588006059 -2.4696152689524024e-05 0.0001708809175004859 0.00017006556292998131 0.00055844399702102265 0.00028455592896741675 -1.3921220369786182e-05 -0.00066751852282259942 -0.00021089159635509275 0.00023204280172951962 0 -0.00060078936291346502 -4.143176685462827e-05 0.00031903221631761298 -9.1008658919130122e-05 -0.00010976742718517624 -0.00016950089206745905 -0.00029820878897231869 -1.1447175357559751e-07 0.00016813310686929293 0.00022352132199408124 3.2233392830101186e-05 -5.036750746485275e-06 -0.00019122440611726729 -6.4487408886650972e-05
leaf_weight=421 36 33 178 28 20 32 21 63 27 308 95 135 89 801 29 145 141 80 57 262 35 89 26 437 30 110 1952 833 33 49 1078 21 33 128 58 77 22 32 23 123 40 23 39 11825 23 133 60 347 25 457 23 60 95 44 94 1714 25 82 756 3174 121 22
leaf_count=421 36 33 178 28 20 32 21 63 27 308 95 135 89 801 29 145 141 80 57 262 35 89 26 437 30 110 1952 833 33 49 1078 21 33 128 58 77 22 32 23 123 40 23 39 11825 23 133 60 347 25 457 23 60 95 44 94 1714 25 82 756 3174 121 22
internal_value=-4.25155e-07 -3.21529e-06 1.1425e-05 4.52205e-06 0.000112724 0.000126624 -0.000235777 -0.00030474 -1.69165e-05 -1.55623e-05 -0.000160846 7.44032e-06 -9.44249e-05 8.98012e-05 7.98656e-05 8.98027e-05 9.51404e-06 9.61913e-05 -4.50786e-06 1.86398e-05 -5.77915e-05 -0.000166222 -0.00020112 2.19735e-05 4.33874e-05 0.000128472 1.01208e-05 2.57894e-05 9.15603e-05 6.94361e-06 3.17475e-05 1.6358e-05 -0.000174917 9.81549e-05 0.000138303 0.000185806 0.000284196 4.11049e-05 0.000203662 0.000111944 0.000348145 0.000333126 -1.71322e-05 -1.28534e-05 -4.65064e-05 1.68432e-06 -7.27595e-05 -0.000127765 -5.72624e-05 -7.72131e-06 -9.38746e-05 -0.000287695 8.04265e-06 -0.00034088 -0.000379856 1.05857e-05 -4.34533e-05 2.09201e-05 5.21689e-05 -1.15858e-05 -8.70765e-05 -0.000333175
internal_weight=27372 26722 12883 11852 650 630 138 110 13839 13717 122 11714 224 1031 998 969 11490 558 137 8054 324 146 89 7730 2724 457 5006 2267 493 1774 3054 1692 82 427 317 259 150 109 168 159 72 56 13558 11864 1694 584 1110 593 416 517 276 177 143 69 117 1976 120 1671 838 3436 262 57
internal_count=27372 26722 12883 11852 650 630 138 110 13839 13717 122 11714 224 1031 998 969 11490 558 137 8054 324 146 89 7730 2724 457 5006 2267 493 1774 3054 1692 82 427 317 259 150 109 168 159 72 56 13558 11864 1694 584 1110 593 416 517 276 177 143 69 117 1976 120 1671 838 3436 262 57
is_linear=0
shrinkage=0.01


Tree=11
num_leaves=63
num_cat=0
split_feature=0 2 4 0 5 8 5 2 3 5 3 8 1 3 2 5 3 4 3 8 3 8 1 1 5 0 8 3 4 4 3 3 4 2 8 3 5 8 2 2 5 5 8 8 4 5 2 5 8 5 4 0 2 8 8 4 4 2 3 3 4 3
split_gain=0.0836494 0.0525967 0.0673929 0.079192 0.0617518 0.0585136 0.0518414 0.0945415 0.0486478 0.034626 0.0391896 0.0288072 0.0348628 0.0278181 0.025173 0.0259643 0.0250188 0.0345202 0.0250134 0.0245554 0.0226785 0.027645 0.0245175 0.0225072 0.0224916 0.0784061 0.025323 0.0211292 0.0216349 0.0264875 0.0297631 0.0260438 0.0268487 0.0223684 0.0211396 0.02068 0.0297559 0.0235506 0.0355616 0.0240069 0.0283962 0.0455921 0.0202221 0.0201907 0.0308606 0.0195955 0.0240233 0.0192243 0.0319454 0.0290028 0.0250289 0.018716 0.0180541 0.0180087 0.0174612 0.0244996 0.0172203 0.0165284 0.0155308 0.0153536 0.0164771 0.0152457
threshold=0.3142950253826719 0.5052343509225431 0.0035916091015470754 0.59624642875515932 0.42780136879592773 0.013401893568396996 0.33405044714648474 0.19302606014084989 0.004558696088145733 0.60494817948310009 0.0022312207297955906 0.10477745130046796 0.55703561226003406 0.004939387718319737 0.17740072495164033 0.20023631733070799 0.0068233001540524262 0.0060498827812978323 0.0094199982911024709 0.025383610839046684 0.00046745135573235467 0.12741321144847101 0.5739370965912306 0.76078795705142721 0.32607921958473823 0.43769432927692004 0.0718739797584068 0.018986538826126168 0.0040402381065425723 0.0050095325200071499 0.0045079734568239374 0.0086418181028260124 0.0087027026672000882 0.81180848286791718 0.017069322015453262 0.004558696088145733 0.43500818518651413 0.015007073675046249 0.60040201801320714 0.63119125314190561 0.42105520799565938 0.34602251473712181 0.0034606594841658511 0.0024757862661878302 0.0038054557104433263 0.21444869671459627 0.66994340638943972 0.29463196457937213 0.030824899336162805 0.1929844541520471 0.0064281467712523372 0.46532805428867308 0.36853241912060858 0.0013657634127761439 0.051006638371966485 0.010799923107321521 0.0057152846292554292 0.40465452116305689 0.016196421247631616 0.017709047680412988 0.0047645458561594153 0.015609006068008521
decision_type=2 2 2 2 2 2 2 2 2 2 2 2 2 2 2 2 2 2 2 2 2 2 2 2 2 2 2 2 2 2 2 2 2 2 2 2 2 2 2 2 2 2 2 2 2 2 2 2 2 2 2 2 2 2 2 2 2 2 2 2 2 2
left_child=6 4 20 24 11 -6 18 -8 19 10 -7 14 52 -10 15 -2 -5 -18 -1 -9 -3 22 -22 -16 27 59 35 28 43 30 -30 47 -33 34 58 36 -27 38 -37 -39 41 -41 -25 44 -4 -36 -47 49 -49 53 -50 -32 -13 -31 55 -12 -55 -11 61 60 -26 -34
right_child=1 2 3 16 5 9 7 8 13 57 54 12 -14 -15 23 -17 17 -19 -20 -21 21 -23 -24 42 25 26 -28 -29 29 31 51 32 33 -35 45 37 -38 39 -40 40 -42 -43 -44 -45 -46 46 -48 48 50 -51 -52 -53 -54 56 -56 -57 -58 -59 -60 -61 -62 -63
leaf_value=-5.0649701052682414e-05 0 0.00035533807844660746 0 0 -3.4941664090935478e-05 0.00057463963812464552 0.00057080081019765853 0.00017280153265372919 -0.00029148848648576889 0.00019566551233300458 0.00024229845898166586 -0.00044759216925336248 5.5408587298764751e-05 8.8948475132104264e-05 -2.0847831326527934e-05 0.0002654250146045293 -0.00068655997271962923 -0.00019902808229673097 0.00014366547378303357 0.00068102394399493572 6.4004903317991092e-05 -0.00021481086371972181 0.00020156713639109884 -5.1130340102456314e-06 -2.7743719151780812e-05 -3.9456163566646552e-05 -0.0004146590714395304 -7.8457482125164937e-06 -5.156128469647496e-06 -1.6714470721245131e-05 6.0643714963096737e-05 0.00016198874878729433 4.5814735740157375e-05 -0.00026182073478575379 3.0693493229490269e-05 -6.1313320424370943e-05 0.00037860156937320701 -9.3679608549783924e-05 -0.0002618373113886338 -3.0668839978032705e-05 -0.00012202461504443648 0.00031208341242408571 -0.00037338302626461583 8.3925308680393001e-07 -0.00036185124514357276 -0.00021226202615538668 8.5230224803554307e-05 2.2628636741939507e-05 3.3697725192038899e-05 -3.7038423900445365e-05 0.00051805454042816391 0.00021281440744164992 -3.9336338077726605e-05 0.00012472293747182835 0 -4.3275577210845413e-07 2.6220242531369899e-05 -0.00011789411562837892 0.00011459383480983311 -3.9728547654195596e-05 0.00013753964453990436 -9.2688901874752143e-05
leaf_weight=198 98 33 46 28 278 27 57 31 20 22 204 44 31 225 12815 61 21 89 98 21 801 29 168 36 63 47 23 3322 189 789 176 190 1333 24 164 248 24 303 155 78 66 69 35 128 48 97 32 183 25 1429 28 198 22 220 63 42 1205 61 345 77 310 80
leaf_count=198 98 33 46 28 278 27 57 31 20 22 204 44 31 225 12815 61 21 89 98 21 801 29 168 36 63 47 23 3322 189 789 176 190 1333 24 164 248 24 303 155 78 66 69 35 128 48 97 32 183 25 1429 28 198 22 220 63 42 1205 61 345 77 310 80
internal_value=-4.2276e-07 -3.18581e-06 1.13087e-05 4.47365e-06 -1.67512e-05 7.4645e-05 0.000111613 0.000193448 0.000117493 0.000149731 0.000195274 -2.16752e-05 -0.00019449 5.37062e-05 -2.0312e-05 0.000103614 -0.000233373 -0.000301724 1.03339e-05 0.000398152 8.89036e-05 7.9057e-05 8.89049e-05 -2.19195e-05 7.36301e-06 -2.91084e-05 -7.83989e-05 1.26659e-05 2.26442e-05 2.59697e-05 9.21024e-05 1.97456e-05 4.67281e-05 3.56849e-05 3.96663e-05 -6.95357e-05 8.81282e-05 -8.28127e-05 -0.000140965 -3.54396e-05 4.27213e-05 0.00012352 -0.000200989 -7.32901e-05 -0.000184753 -3.6977e-05 -0.000130711 3.73153e-06 9.12598e-05 -1.66657e-06 0.00030891 0.000143913 -0.000326901 2.07128e-05 0.000158715 0.00019681 4.21371e-05 -2.26128e-05 5.30104e-05 7.96208e-05 0.000106943 3.72594e-05
internal_weight=27372 26722 12883 11852 13839 697 650 354 297 419 336 13142 97 245 13045 159 138 110 296 52 1031 998 969 12886 11714 1463 1013 10251 6929 6707 563 6144 2265 2075 2051 990 71 919 403 516 213 147 71 222 94 293 129 3879 236 3643 53 374 66 2214 309 246 1425 83 1758 450 373 1413
internal_count=27372 26722 12883 11852 13839 697 650 354 297 419 336 13142 97 245 13045 159 138 110 296 52 1031 998 969 12886 11714 1463 1013 10251 6929 6707 563 6144 2265 2075 2051 990 71 919 403 516 213 147 71 222 94 293 129 3879 236 3643 53 374 66 2214 309 246 1425 83 1758 450 373 1413
is_linear=0
shrinkage=0.01


Tree=12
num_leaves=63
num_cat=0
split_feature=0 2 4 0 5 8 5 2 5 7 6 8 6 8 2 5 0 6 6 2 4 2 5 4 4 2 7 4 2 2 5 5 7 7 4 7 5 4 4 6 4 7 6 4 0 8 7 5 5 2 4 0 4 2 8 4 5 5 4 2 5 0
split_gain=0.0820328 0.0515508 0.0673748 0.077776 0.0637613 0.0600503 0.0508419 0.0926101 0.0389916 0.0283242 0.0327965 0.0318599 0.0396519 0.0283139 0.0313677 0.0248689 0.0853584 0.0381807 0.0405723 0.0380769 0.0280375 0.0245851 0.0254805 0.0242055 0.0238898 0.023714 0.0233628 0.0248773 0.0356573 0.0223158 0.0243145 0.0223055 0.0214638 0.021154 0.0279752 0.0230032 0.0209444 0.01992 0.024761 0.0303843 0.0288301 0.040766 0.0782406 0.0257454 0.0213567 0.0199099 0.0198789 0.019853 0.0179421 0.0266948 0.0245006 0.0177735 0.0177706 0.0175665 0.0170592 0.0259543 0.0283255 0.016917 0.0162005 0.0160022 0.0157648 0.0165289
threshold=0.3142950253826719 0.50983412568755493 0.0035916091015470754 0.59624642875515932 0.42780136879592773 0.013401893568396996 0.33405044714648474 0.19302606014084989 0.60494817948310009 0.38153792790086227 0.05056845288633368 0.025383610839046684 0.0026663917392394216 0.10477745130046796 0.36853241912060858 0.32786815571264838 0.43769432927692004 0.066186756584107595 0.026289935230332583 0.60040201801320714 0.0038054557104433263 0.17740072495164033 0.22123625184794679 0.0079155052115043433 0.0068758601902060359 0.73274114505839061 0.38511794089105661 0.0058604688799846734 0.56158498468262275 0.8355137219350427 0.29009931875981515 0.43500818518651413 0.37176207361667707 0.382116047991854 0.0053456740531611603 0.43827946260539924 0.36065743355570329 0.017443164970394918 0.0040402381065425723 0.0026057459832294276 0.0050095325200071499 0.4085167430629188 0.030482578495823531 0.014489635690470142 0.47240409642179032 0.00046250952225486994 0.36368778231480636 0.39748646058911924 0.41550073510443686 0.63541874017994016 0.0057152846292554292 0.47394053784983797 0.0042549030590059451 0.40465452116305689 0.12741321144847101 0.0012992952724961333 0.42105520799565938 0.35097530697808249 0.015466630045456365 0.55508783296940545 0.21630763113365523 0.43566287491512973
decision_type=2 2 2 2 2 2 2 2 2 2 2 2 2 2 2 2 2 2 2 2 2 2 2 2 2 2 2 2 2 2 2 2 2 2 2 2 2 2 2 2 2 2 2 2 2 2 2 2 2 2 2 2 2 2 2 2 2 2 2 2 2 2
left_child=6 4 54 15 13 32 23 -8 24 10 11 12 -9 21 -15 37 -17 18 19 52 -21 22 -2 -1 33 26 27 -20 -29 31 -31 -5 -6 -7 -35 -36 -28 38 39 45 41 44 -43 -42 -40 -4 47 -23 49 -38 -50 -22 -18 -10 55 56 -3 -19 -54 -60 -39 -62
right_child=1 2 3 29 5 8 7 9 53 -11 -12 -13 -14 14 -16 16 17 57 25 20 51 46 -24 -25 -26 -27 36 28 -30 30 -32 -33 -34 34 35 -37 48 60 40 -41 43 42 -44 -45 -46 -47 -48 -49 50 -51 -52 -53 58 -55 -56 -57 -58 -59 59 -61 61 -63
leaf_value=-5.1671604059308155e-05 1.7475435455922431e-05 0.00054528855094364032 0 4.0018274787294517e-05 -0.00030295496158700476 0.0001720839017824066 0.0005651027978040708 0.00042738459888724671 0.0001937177086910612 0 -4.5793529992040835e-05 0.00062119423375074667 2.327852941873954e-05 -0.00033758053100272359 6.6794470344300997e-06 8.6559433675710668e-05 0.00015651463089301189 0 -8.3963904666357135e-05 7.2652380692254232e-05 -5.7948522981426952e-05 -6.464810481174405e-05 0.00031536248753415841 0.00013759872513592546 4.1007843559262185e-05 0.00026561877972748225 -0.0001980088548425771 -5.9978098269315998e-05 0.00039488832896864223 -0.00010392496802215206 -0.00056026675651497351 -0.00028690939514428119 -2.5488397699404207e-06 0.00074219244481319216 0.00049301535375691197 7.3793247041990397e-05 0 1.7665341239396295e-06 8.9481759960217669e-06 0 1.3882978457161873e-05 0.00085137115856308233 0 9.3728332774262093e-05 0.00014308138074041455 -0.00039609598520454333 -1.6980559509797654e-05 0.0001127742481869368 0.00017813716079131584 0.00043406299892256953 -0.00021255428033176057 -0.00033422915561165991 -0.00012273104780902782 -0.00012677537565519546 -0.00010014907592800713 8.3209591449555072e-05 8.8274491619785587e-05 -0.00028980541295768223 -6.0649945455712087e-05 0.00025280933532778214 3.5712754558735135e-05 -9.5911520109865695e-05
leaf_weight=194 117 28 25 41 27 173 57 43 22 125 36 24 69 59 38 415 37 27 33 22 40 1404 42 102 88 36 76 22 46 27 35 35 257 20 27 39 43 2843 291 152 5504 20 22 443 223 41 11730 62 20 20 55 127 180 63 40 901 39 116 35 26 118 350
leaf_count=194 117 28 25 41 27 173 57 43 22 125 36 24 69 59 38 415 37 27 33 22 40 1404 42 102 88 36 76 22 46 27 35 35 257 20 27 39 43 2843 291 152 5504 20 22 443 223 41 11730 62 20 20 55 127 180 63 40 901 39 116 35 26 118 350
internal_value=-4.1779e-07 -3.15436e-06 1.15543e-05 4.61764e-06 -1.6258e-05 7.53817e-05 0.00011053 0.000191573 0.000150072 0.000116354 0.000199573 0.000271856 0.00018759 -2.12105e-05 -0.000192549 7.55807e-06 -3.20972e-05 -8.43823e-05 -5.63989e-05 -0.000117804 -0.000228443 -1.98898e-05 0.000102597 1.01971e-05 0.000197536 2.24619e-05 -2.22934e-06 0.00011968 0.000233169 -0.000231046 -0.000378128 -9.75791e-05 -3.4725e-05 0.000246823 0.000385181 0.000260908 -6.44657e-05 1.30972e-05 2.30216e-05 -8.06565e-05 2.66522e-05 9.59857e-05 0.00040027 2.00004e-05 6.91038e-05 -0.000259677 -2.14422e-05 -5.64553e-05 1.92888e-06 0.000133083 -9.49558e-05 -0.000274113 -3.89344e-05 -3.19432e-05 9.00093e-05 9.89095e-05 0.000294697 -0.000237316 -7.31412e-05 5.67841e-05 -6.74655e-06 -6.05874e-05
internal_weight=27372 26722 12554 11546 14168 716 650 354 432 297 172 136 112 13452 97 11408 1376 961 818 467 189 13355 159 296 347 351 315 101 68 138 62 76 284 259 86 66 214 10032 6721 218 6503 556 42 5947 514 66 13196 1466 138 63 75 167 278 85 1008 968 67 143 241 61 3311 468
internal_count=27372 26722 12554 11546 14168 716 650 354 432 297 172 136 112 13452 97 11408 1376 961 818 467 189 13355 159 296 347 351 315 101 68 138 62 76 284 259 86 66 214 10032 6721 218 6503 556 42 5947 514 66 13196 1466 138 63 75 167 278 85 1008 968 67 143 241 61 3311 468
is_linear=0
shrinkage=0.01


Tree=13
num_leaves=63
num_cat=0
split_feature=0 2 3 5 2 3 2 0 3 5 6 5 7 4 4 7 7 7 2 4 4 6 6 5 2 5 6 3 3 5 4 7 0 5 6 6 2 7 2 3 6 3 4 3 2 4 5 2 6 3 3 7 5 4 3 7 6 6 5 0 2 6
split_gain=0.0804491 0.0505669 0.0656512 0.0498662 0.0907136 0.0473855 0.0470323 0.0449854 0.0585734 0.043284 0.0399263 0.0393724 0.0335189 0.0334475 0.0306548 0.0423173 0.0298985 0.0284466 0.027282 0.0252002 0.036455 0.0277601 0.0255 0.0363027 0.0394582 0.0245314 0.0308665 0.02405 0.0212021 0.0204426 0.0343161 0.0754173 0.0310688 0.0439242 0.045067 0.0424788 0.0550774 0.0387607 0.0367718 0.0493306 0.0305016 0.0304071 0.0244465 0.032201 0.0289606 0.0227621 0.0217324 0.0209945 0.0204226 0.0207742 0.0201212 0.0224302 0.0399417 0.0320317 0.0393469 0.0250853 0.0217698 0.0244121 0.0292762 0.0253569 0.0219019 0.0199353
threshold=0.3142950253826719 0.47921376805243387 0.0014847688311104461 0.33405044714648474 0.19302606014084989 0.004558696088145733 0.71024473525499598 0.59624642875515932 0.0068233001540524262 0.42780136879592773 0.020767128383022426 0.60494817948310009 0.35636953619807915 0.0060498827812978323 0.0061896092985218041 0.38851962449763305 0.38153792790086227 0.36368778231480636 0.17740072495164033 0.0038054557104433263 0.0040402381065425723 0.0045827976291552457 0.14735907947828483 0.44209606120237027 0.65245139068731206 0.27392677401378313 0.18477346788605067 0.0094199982911024709 0.0073245187602748374 0.19193547356577942 0.0054441409919618296 0.4085167430629188 0.43769432927692004 0.32786815571264838 0.066186756584107595 0.026289935230332583 0.60040201801320714 0.44991017203809269 0.64036862559174568 0.033963792137802824 0.044697943704566229 0.0082725298401856284 0.0056439208136142933 0.0077392574500381528 0.68482075171480983 0.0044822325689462244 0.35428091864699085 0.75112325125540791 0.002844285956868739 0.0061732133480638671 0.018642664988654547 0.31193813391182107 0.40197817760556709 0.0060805883275158179 0.0083742912078839035 0.22341826234071116 0.022548092084515931 0.048417550073179223 0.21822877097103607 0.41977319709051192 0.28564258367647338 0.18477346788605067
decision_type=2 2 2 2 2 2 2 2 2 2 2 2 2 2 2 2 2 2 2 2 2 2 2 2 2 2 2 2 2 2 2 2 2 2 2 2 2 2 2 2 2 2 2 2 2 2 2 2 2 2 2 2 2 2 2 2 2 2 2 2 2 2
left_child=3 9 6 27 -5 -6 25 19 -9 17 -11 14 -7 -10 15 -12 28 50 -19 22 21 -21 23 -4 -25 -3 -27 -1 -14 30 31 -22 41 38 35 36 -35 42 -34 40 45 -31 -37 -44 -45 -40 -36 -47 -49 -50 51 53 61 56 -55 -56 60 -58 -59 -60 -2 -53
right_child=1 2 7 4 5 12 -8 8 13 10 11 -13 16 -15 -16 -17 -18 18 -20 20 29 -23 -24 24 -26 26 -28 -29 -30 32 -32 -33 33 34 46 37 -38 -39 39 -41 -42 -43 43 44 -46 47 -48 48 49 -51 -52 52 -54 54 55 -57 57 58 59 -61 -62 -63
leaf_value=-4.9665220912051347e-05 -3.7213497313286232e-05 0 4.1048130264739653e-05 0.00055946166483577728 0.0003922268633569046 -0.00031854726656635788 -0.0001949306836222016 4.8605320296501784e-05 -0.00067564515595575916 -3.3271570634689763e-05 0.00015206865906646546 -5.5948067017234915e-05 1.3207864362347006e-05 -0.00019525115330053933 4.191167761659631e-05 0.00050597917822657829 -5.3361120774122409e-06 0.00013333455825705656 -1.8622816044214911e-05 -0.00029347590537484038 7.0886838585082775e-05 -2.4805502033626538e-05 -0.00021283044554701137 0.00032841188630094553 -4.494213638417532e-05 0.00048464879723061173 5.8545176731886656e-05 0.0001408557020788528 0.00033796767804027822 -1.3204220552930153e-05 1.3424965787170217e-05 0.00064529647258919907 -2.7567327939854873e-05 -3.6365595993190843e-05 0 -0.00010509652540842763 -0.00026913071339955261 -9.4341388763492491e-05 0.00026697212365907205 -0.0003825631234759172 0.0002298378166750365 6.5466389956058126e-05 0.00042430471907567788 8.2361754906709048e-07 0.0003226773175256103 4.9001194597639733e-05 -0.00029852574555534782 7.3786458810684677e-05 0.00011833584011130706 -0.00020016093697804038 4.6890486237242466e-05 -0.00011020429314099896 0.00020148329438661748 -0.0002487284767273119 0.00032531596896772703 -4.7903470980968153e-05 -0.00016968391507850953 -0.00013110792175579893 0.00040792382087372786 0 0.00031078391516057842 -0.00033532367212225282
leaf_weight=198 20 21 997 57 52 21 20 81 21 242 123 81 40 89 109 55 123 118 9833 70 373 106 33 95 34 70 30 98 61 925 6427 25 2125 337 28 39 154 152 42 26 92 1008 38 121 39 799 121 61 21 108 135 738 37 104 21 120 57 34 34 32 54 47
leaf_count=198 20 21 997 57 52 21 20 81 21 242 123 81 40 89 109 55 123 118 9833 70 373 106 33 95 34 70 30 98 61 925 6427 25 2125 337 28 39 154 152 42 26 92 1008 38 121 39 799 121 61 21 108 135 738 37 104 21 120 57 34 34 32 54 47
internal_value=-4.09817e-07 -3.1202e-06 9.24856e-06 0.000109461 0.000189725 0.000115235 0.00022415 7.10121e-06 -0.000145008 -1.83917e-05 6.32343e-05 0.000129406 5.22286e-05 -0.000296576 0.000185203 0.000267261 9.15778e-05 -2.28539e-05 -1.67191e-05 9.18979e-06 5.19097e-06 -0.000137448 5.39935e-05 6.27196e-05 0.000222304 0.000301781 0.000366994 1.00617e-05 0.000219381 7.19066e-06 1.91834e-05 0.000109633 -5.77453e-06 -2.08668e-05 -7.78895e-05 -4.92081e-05 -0.000111448 2.67896e-05 -2.63765e-06 4.25963e-05 5.33633e-05 2.7304e-05 0.000108702 0.000155893 8.56741e-05 3.66252e-05 -0.000240429 2.5806e-05 -6.64501e-05 -0.000140515 -6.47533e-05 -7.71381e-05 -0.000109063 -1.98959e-05 -0.000101108 7.86393e-07 6.1918e-05 0 8.92386e-05 0.000217906 0.000203312 -0.000124997
internal_weight=27372 26722 14728 650 354 297 141 14587 191 11994 610 368 245 110 287 178 224 11384 9951 14396 13237 176 1159 1126 129 121 100 296 101 13061 6825 398 6236 4303 1029 880 491 389 3274 1149 1123 1933 237 198 160 1031 149 989 190 129 1433 1298 822 476 245 141 231 157 100 66 74 785
internal_count=27372 26722 14728 650 354 297 141 14587 191 11994 610 368 245 110 287 178 224 11384 9951 14396 13237 176 1159 1126 129 121 100 296 101 13061 6825 398 6236 4303 1029 880 491 389 3274 1149 1123 1933 237 198 160 1031 149 989 190 129 1433 1298 822 476 245 141 231 157 100 66 74 785
is_linear=0
shrinkage=0.01


Tree=14
num_leaves=63
num_cat=0
split_feature=0 2 4 0 5 8 5 2 3 5 3 8 2 3 3 4 8 5 0 6 6 3 2 5 2 5 3 3 2 4 5 0 2 3 4 6 4 3 3 4 2 6 6 8 8 8 4 0 6 5 5 3 3 3 5 2 8 2 4 0 5 6
split_gain=0.0788714 0.0496731 0.0648945 0.0748393 0.061484 0.0581369 0.0488891 0.0888743 0.0464343 0.0376325 0.0329791 0.0274751 0.0306249 0.0268227 0.0240498 0.0327278 0.0237986 0.0237786 0.0826095 0.0366084 0.0389996 0.0401214 0.0333788 0.0318042 0.0237291 0.0249589 0.0235738 0.0232899 0.0465721 0.0309264 0.0231248 0.0300305 0.0229409 0.020015 0.0239852 0.029429 0.0279968 0.0277789 0.0260521 0.0250509 0.0220526 0.0231322 0.019829 0.023979 0.0194153 0.019021 0.0245391 0.0188076 0.0178638 0.0350229 0.0254424 0.0282077 0.0258279 0.0248493 0.0228597 0.0225012 0.0185023 0.0172377 0.0170321 0.0169682 0.0168264 0.0274853
threshold=0.3142950253826719 0.50983412568755493 0.0035916091015470754 0.59624642875515932 0.42780136879592773 0.013401893568396996 0.33405044714648474 0.19302606014084989 0.004558696088145733 0.60494817948310009 0.0022312207297955906 0.10477745130046796 0.36853241912060858 0.004939387718319737 0.0068233001540524262 0.0060498827812978323 0.025383610839046684 0.32786815571264838 0.43769432927692004 0.066186756584107595 0.026289935230332583 0.0046206555882738207 0.60040201801320714 0.43500818518651413 0.17740072495164033 0.20023631733070799 0.0094199982911024709 0.0014847688311104461 0.71024473525499598 0.0014564444072302995 0.4504075308503635 0.49361113533587769 0.73274114505839061 0.018986538826126168 0.0040402381065425723 0.0026057459832294276 0.0050095325200071499 0.0045079734568239374 0.0086418181028260124 0.0087027026672000882 0.81180848286791718 0.023399154193856183 0.002844285956868739 0.014822069866144304 0.00046250952225486994 0.051006638371966485 0.010799923107321521 0.47394053784983797 0.023399154193856183 0.29127786431035491 0.22842741965342342 0.0061440033464516134 0.0056123597307343896 0.0071349077706539428 0.18365059057830277 0.64036862559174568 0.03268582000217652 0.40465452116305689 0.0092007079445079552 0.4672852066778686 0.27662684863462605 0.18477346788605067
decision_type=2 2 2 2 2 2 2 2 2 2 2 2 2 2 2 2 2 2 2 2 2 2 2 2 2 2 2 2 2 2 2 2 2 2 2 2 2 2 2 2 2 2 2 2 2 2 2 2 2 2 2 2 2 2 2 2 2 2 2 2 2 2
left_child=6 4 27 17 11 -6 26 -8 16 10 -7 24 -13 -10 -5 -16 -9 33 -19 20 21 23 -23 -20 25 -2 -1 28 60 -29 -31 -32 -22 34 35 44 37 -36 48 42 41 -41 -40 -44 -4 46 -12 -24 54 50 51 52 -50 -51 -38 -55 -52 -11 -43 -39 -3 -62
right_child=1 2 3 14 5 9 7 8 13 57 45 12 -14 -15 15 -17 -18 18 19 -21 32 22 47 -25 -26 -27 -28 29 -30 30 31 -33 -34 -35 36 -37 38 59 39 40 -42 58 43 -45 -46 -47 -48 -49 49 53 56 -53 -54 55 -56 -57 -58 -59 -60 -61 61 -63
leaf_value=-4.9168818698681671e-05 0 0 0 1.4251303855740706e-06 -3.4263759891520835e-05 0.00053193835616115756 0.00055387684882939796 0.00016604278533842258 -0.00028722839473992293 0.00019234624680772221 0.00024339309104284596 -0.00033295024088966031 6.9863663826215993e-06 8.6346264263341532e-05 -0.00066892073926696843 -0.00019330083168777831 0.00066668867094936597 8.5368955854627938e-05 -3.919920391019653e-05 -0.0002325950737930815 -2.3226301645462835e-06 -7.3359192885237757e-05 -4.0711253341238487e-05 0.00041090152300974898 -2.10400106598262e-05 0.00025943925150566458 0.00013944857764434238 -0.00023830872294384724 -0.00019299107358156155 5.9555767911094259e-05 0.0004261424611037483 5.3776080443665728e-05 0.00026109648730420095 -7.3985406829314291e-06 -1.4620962399168e-06 0 1.6021382822453796e-05 6.600031603082013e-05 0.00034961136324101945 5.4144142508299075e-05 -0.00025936668796688937 -0.00019192201671601854 -4.8976792509748161e-05 0.00020023195348525913 -0.00039027514852755623 0 0 -0.0003288509094960735 1.9484329056040477e-05 4.7633481218935281e-05 -1.4889794656247817e-05 9.947915599030231e-06 0.00032325656405870768 0.0001593382879579559 -4.0215072093270536e-05 0.00060855344373297372 -0.00023171596803370047 -0.00012515944187332348 0 0.00021170221651549919 0.00048107589921207673 3.3035344015265891e-05
leaf_weight=198 98 20 25 28 284 29 57 31 20 22 211 59 38 225 21 89 21 415 39 143 315 244 38 23 13196 61 98 30 20 751 44 57 36 3235 182 152 1646 181 45 1724 24 59 60 87 41 64 43 123 61 70 201 357 67 39 1272 23 53 63 235 193 62 24
leaf_count=198 98 20 25 28 284 29 57 31 20 22 211 59 38 225 21 89 21 415 39 143 315 244 38 23 13196 61 98 30 20 751 44 57 36 3235 182 152 1646 181 45 1724 24 59 60 87 41 64 43 123 61 70 201 357 67 39 1272 23 53 63 235 193 62 24
internal_value=-4.04322e-07 -3.08836e-06 1.13491e-05 4.53963e-06 -1.59517e-05 7.40313e-05 0.000108384 0.000187858 0.000114084 0.000147531 0.000194166 -2.0816e-05 -0.00018961 5.16657e-05 -0.000226628 -0.000293709 0.000388312 7.42563e-06 -3.13454e-05 -8.27917e-05 -5.5356e-05 -0.000115565 -0.0001529 0.000112063 -1.95138e-05 0.000100804 9.9276e-06 8.83475e-05 0.000219194 6.84987e-05 8.05021e-05 0.000226147 2.19132e-05 1.28434e-05 2.26246e-05 -7.94208e-05 2.61591e-05 9.45264e-05 1.96805e-05 4.6802e-05 3.58926e-05 3.99123e-05 0.000157544 9.17519e-05 -0.000255606 0.000160061 0.000198892 -0.000267118 3.42482e-06 4.33495e-05 1.50656e-05 5.86135e-05 0.000186425 0.000193996 -8.15078e-06 0.000342797 -6.41419e-05 -3.11012e-05 -4.01325e-05 0.000143898 0.000306499 0.000367839
internal_weight=27372 26722 12554 11546 14168 716 650 354 297 432 347 13452 97 245 138 110 52 11408 1376 961 818 467 405 62 13355 159 296 1008 126 882 852 101 351 10032 6797 218 6579 556 6023 2234 2042 2018 192 147 66 318 254 161 3789 871 739 485 128 132 2918 62 254 85 294 374 106 86
internal_count=27372 26722 12554 11546 14168 716 650 354 297 432 347 13452 97 245 138 110 52 11408 1376 961 818 467 405 62 13355 159 296 1008 126 882 852 101 351 10032 6797 218 6579 556 6023 2234 2042 2018 192 147 66 318 254 161 3789 871 739 485 128 132 2918 62 254 85 294 374 106 86
is_linear=0
shrinkage=0.01


Tree=15
num_leaves=63
num_cat=0
split_feature=0 2 4 6 0 6 4 4 2 0 3 2 3 4 6 3 7 3 4 7 1 6 3 4 7 6 3 7 2 7 3 6 6 7 2 3 7 2 6 4 6 7 6 7 6 0 7 1 6 4 4 3 6 2 4 1 3 6 2 4 3 3
split_gain=0.059759 0.0704387 0.0841734 0.0698017 0.0557516 0.0372157 0.0307423 0.0424996 0.0390614 0.029829 0.027052 0.025015 0.0235916 0.0230949 0.028269 0.0297568 0.0230352 0.0220126 0.0241782 0.0218059 0.0217186 0.021624 0.0208552 0.0297774 0.0356618 0.0255266 0.0178457 0.0482912 0.0384127 0.0331585 0.0238915 0.0351638 0.0232128 0.0257724 0.0210043 0.0203435 0.0186911 0.0175566 0.0167129 0.0222675 0.0255443 0.0224345 0.0166041 0.0472097 0.0229584 0.0409585 0.0375574 0.0343326 0.0336315 0.0293846 0.0294719 0.0260592 0.0324493 0.0228703 0.0251137 0.0220993 0.0218885 0.0203545 0.0201582 0.0192072 0.0190499 0.0184386
threshold=0.32564365610268015 0.50683350530689508 0.0035916091015470754 0.18477346788605067 0.5787668285122427 0.072562647065958344 0.0024850662315263881 0.0031079167570494683 0.27333310966136531 0.2750579606271748 0.01916550500931587 0.86721475903900525 0.004558696088145733 0.019117749489657065 0.00086319126054225403 0.02011089878468636 0.39723590358813016 0.0055531548387880965 0.0055313758282399886 0.30855636467669412 0.73633499680457171 0.022837170188163568 0.013278639084098773 0.012238092194965041 0.39023222340550195 0.00083084685733692378 0.0061002944587900823 0.40169195162330679 0.73825873953785737 0.5680974003354522 0.0046746974101396386 0.038526227267949124 0.019012444509133256 0.37105686125526888 0.81180848286791718 0.0058021217062472043 0.37941489384241622 0.29325999382284279 0.18477346788605067 0.0018591303251098358 0.064136930030969777 0.31193813391182107 0.0020599341791394778 0.37329548367967436 0.040511365014676282 0.40403343119124063 0.22341826234071116 0.4225947896935362 0.064136930030969777 0.0019814796457181603 0.0056099527315360007 0.0035659351570754639 0.013687747131455744 0.47921376805243387 0.0018591303251098358 0.60299749955422388 0.0022312207297955906 0.034547865673693494 0.42645365302912003 0.0026706568164350988 0.003153751415996425 0.004449424130894779
decision_type=2 2 2 2 2 2 2 2 2 2 2 2 2 2 2 2 2 2 2 2 2 2 2 2 2 2 2 2 2 2 2 2 2 2 2 2 2 2 2 2 2 2 2 2 2 2 2 2 2 2 2 2 2 2 2 2 2 2 2 2 2 2
left_child=3 20 38 6 10 11 19 21 9 -9 22 16 -10 14 -12 -16 -6 -14 -19 -1 42 -8 26 24 25 -24 27 32 30 34 -29 -32 33 -4 -28 36 -34 -22 39 40 -3 -42 43 59 46 47 -44 49 -49 -46 61 52 -48 54 -50 -53 -54 -58 -52 -2 -61 -51
right_child=1 2 4 -5 5 -7 7 8 12 -11 13 -13 17 -15 15 -17 -18 18 -20 -21 37 -23 23 -25 -26 -27 29 28 -30 -31 31 -33 35 -35 -36 -37 -38 -39 -40 -41 41 -43 44 -45 45 -47 51 48 53 50 58 55 56 -55 -56 -57 57 -59 -60 60 -62 -63
leaf_value=0.00058270627868591571 0.00020649602161133197 0.00048003409347662933 -0.00033900506937733062 -0.00039334730040346019 -0.00015053427511620601 -0.00057203758727928961 -0.0004598285297895619 0.00030288698729616186 0.00032622293160938017 0.00010513632630078501 1.8651603304158999e-05 -0.00029699464430421981 -0.00025755612420702768 -5.4254902452570788e-06 -8.4700508240863334e-05 -0.00038018243309292807 9.3285276065613768e-05 0.00034017354834664666 -6.9872268651899594e-07 0.00011590182841554334 -0.00038593687563859665 0 0.00026479623262863286 4.4119784865573299e-05 0.00051772787202736563 -0.00017973624181964596 1.0009931999222337e-05 0.00043071734767404272 0.00057996859721581395 -0.00013896533624005444 6.3897942967765859e-06 0.00042909119326497633 8.8126514131223221e-05 5.2347746384696967e-06 -0.00016376676627789517 0.00024386795109791599 -6.326064410210996e-05 -7.5544857879462503e-05 -8.0870355076072714e-05 8.5511527974194599e-05 0.00029146924678661755 3.2849028425899523e-05 0.00030374587007222858 6.1368385673323911e-05 -0.00011601231463611444 -2.8266186715181328e-05 0.00011495965858641669 8.5889921834336557e-05 3.1921912327723169e-05 0.00017213374262954221 0 -3.0815835180143125e-05 4.9851105208340589e-05 0.00020631526841263694 -0.00020776377095301478 4.032847934364349e-05 -0.00013664401386269306 -0.00042522614480406523 0.00023600638264943959 -0.00028266569717084843 -2.5070639693140891e-05 0.00056070229903585212
leaf_weight=23 34 33 22 29 81 20 20 120 23 288 114 51 31 3102 134 53 70 22 265 30 27 20 29 1067 31 21 4692 24 23 160 137 24 334 1365 70 68 100 99 41 755 66 89 33 958 28 1157 54 300 59 34 72 7950 47 22 118 450 326 31 70 30 1791 35
leaf_count=23 34 33 22 29 81 20 20 120 23 288 114 51 31 3102 134 53 70 22 265 30 27 20 29 1067 31 21 4692 24 23 160 137 24 334 1365 70 68 100 99 41 755 66 89 33 958 28 1157 54 300 59 34 72 7950 47 22 118 450 326 31 70 30 1791 35
internal_value=-9.32709e-08 -2.80861e-06 1.40447e-05 8.13663e-05 6.53904e-06 -0.000150128 9.89485e-05 8.15808e-05 9.94859e-05 0.000165809 9.63279e-06 -0.000103144 1.71749e-05 -1.38839e-05 -9.77014e-05 -0.00017395 -3.09003e-05 -2.12949e-06 2.20571e-05 0.000338026 -1.85695e-05 -0.000228166 1.95541e-05 5.93108e-05 0.000246788 5.81464e-05 1.29085e-05 3.73691e-05 0.000182579 2.28342e-06 0.000127485 7.58357e-05 2.08417e-05 0 7.24209e-06 7.91039e-05 5.09345e-05 -0.000150241 0.000102965 0.000112026 0.000213089 0.000149536 -1.72749e-05 4.06182e-06 -2.29322e-05 8.25858e-06 -2.96926e-05 6.68712e-05 1.7401e-05 0.000165926 0.000208114 -3.10511e-05 -0.000105254 -8.08174e-05 -0.000122249 -2.68851e-05 -0.000137184 -0.000164615 0.000115288 -2.49964e-05 -2.98788e-05 0.000384232
internal_weight=27372 26501 12776 871 11792 222 842 789 749 408 11570 202 341 3403 301 187 151 318 287 53 13725 40 8167 1148 81 50 7019 2097 208 4922 185 161 1889 1387 4762 502 434 126 984 943 188 155 13599 2813 10786 1895 8891 738 499 239 211 8858 458 199 177 8400 404 357 142 1855 1821 69
internal_count=27372 26501 12776 871 11792 222 842 789 749 408 11570 202 341 3403 301 187 151 318 287 53 13725 40 8167 1148 81 50 7019 2097 208 4922 185 161 1889 1387 4762 502 434 126 984 943 188 155 13599 2813 10786 1895 8891 738 499 239 211 8858 458 199 177 8400 404 357 142 1855 1821 69
is_linear=0
shrinkage=0.01


Tree=16
num_leaves=63
num_cat=0
split_feature=0 2 3 6 8 7 2 6 0 3 8 7 7 6 3 3 2 3 0 3 6 8 2 2 1 1 7 3 3 8 7 8 8 7 2 3 6 7 3 2 1 1 8 3 6 3 3 1 1 2 3 3 0 6 7 3 3 3 1 6 7 0
split_gain=0.0585842 0.0690423 0.0759821 0.0684401 0.0679823 0.0492408 0.044793 0.0391977 0.0388996 0.0383185 0.0372543 0.0369048 0.0399172 0.0322842 0.0303111 0.0297433 0.0284286 0.0436747 0.030301 0.029638 0.0271151 0.0615558 0.0402178 0.0238848 0.0213892 0.0213113 0.021097 0.0223721 0.0245904 0.020764 0.0650426 0.0301804 0.0243575 0.0410749 0.0206926 0.0199151 0.0204411 0.0248605 0.0189847 0.0180446 0.0176244 0.0240119 0.0256011 0.0207613 0.0191885 0.0176923 0.0173621 0.0173389 0.0340396 0.0171792 0.0169381 0.0219068 0.0169364 0.0280563 0.0163895 0.0264861 0.0154831 0.0178163 0.02136 0.0151399 0.0149982 0.0147767
threshold=0.32564365610268015 0.50683350530689508 0.0060293615748640925 0.18477346788605067 0.093078681031668303 0.40169195162330679 0.86721475903900525 0.051801583258536905 0.4584641116829869 0.0020530940581994835 0.064468386113831766 0.72625777244508283 0.62341493892899902 0.14735907947828483 0.00046745135573235467 0.019655366907125525 0.27333310966136531 0.0029375889081736197 0.2750579606271748 0.004558696088145733 0.02052454535898245 0.010082707585156163 0.22432001267999571 0.34942120099539248 0.51143103197148476 0.73633499680457171 0.5680974003354522 0.01916550500931587 0.013278639084098773 0.10477745130046796 0.29812747837101033 0.032076395690499519 0.0012569376428338216 0.37324350652291255 0.73825873953785737 0.0025285973293578639 0.016036759414242863 0.4085167430629188 0.0055531548387880965 0.32741892023838232 0.31722211601169759 0.41832682838614293 0.084269234954837319 0.0022312207297955906 0.064136930030969777 0.0030197665854806198 0.0076406590456864869 0.43667647692675543 0.54295372399743436 0.29325999382284279 0.003153751415996425 0.0024264839431738321 0.40461964476299905 0.066186756584107595 0.29812747837101033 0.0014847688311104461 0.0089201564008250783 0.0054940271914513056 0.63351820349175825 0.021048120385868733 0.38113003859705158 0.41934289066048558
decision_type=2 2 2 2 2 2 2 2 2 2 2 2 2 2 2 2 2 2 2 2 2 2 2 2 2 2 2 2 2 2 2 2 2 2 2 2 2 2 2 2 2 2 2 2 2 2 2 2 2 2 2 2 2 2 2 2 2 2 2 2 2 2
left_child=3 25 5 10 6 7 26 9 -6 -3 16 12 34 -9 -15 -8 17 -1 20 23 21 -19 -22 -18 -11 29 27 28 -4 31 -31 32 33 -2 35 -7 37 -37 -21 -35 43 52 44 -33 -43 -44 -28 -32 -49 -27 51 59 53 -42 -46 -56 57 -20 -59 -34 -58 -52
right_child=1 2 4 -5 8 11 15 13 -10 24 -12 -13 -14 14 -16 -17 19 18 56 38 22 -23 -24 -25 -26 49 46 -29 -30 30 47 40 50 39 -36 36 -38 -39 -40 -41 41 42 45 -45 54 -47 -48 48 -50 -51 61 -53 -54 -55 55 -57 60 58 -60 -61 -62 -63
leaf_value=-0.00029428459948891003 -2.1925962148695427e-05 0.00043391987878942123 7.7700058135488273e-06 -0.00038942734272414461 -1.2194127548400273e-05 0.00037501352051346138 -0.00041224627537337364 0.00016701743864736058 -0.00066452242294906083 -1.8574555427767695e-06 0.00040602606510424321 -2.0483757354972969e-05 0.00066365064673833715 0.0001733439469820793 -0.00022492779187544221 -6.2137547348740034e-06 0 0.00032483861718253542 0.00014815353529726866 -0.00025498884868915898 0.00076091348561119296 -0.00026779341124781993 9.6572708820377403e-05 0.00051181812060589141 6.0969461502427601e-05 -0.000382091749727561 0 -1.4196088202731561e-05 5.9197394477216161e-05 0.000214366683210156 -3.3958421286044647e-05 -0.00038737145254732732 0.00026296902526707494 0.0002067628475279911 0.00046063081880043724 0 -2.2297126104706128e-05 0.00037291703702756516 2.6132521050488321e-06 4.4119644102212635e-05 -3.9818968383671173e-06 4.4586297726966016e-05 0.00035836127495884613 1.3842236827974672e-05 -0.00022122940201783431 0 -0.00020002908284983442 -0.00060086803304838126 -0.00013024127554793282 -7.4790171074434777e-05 -1.3037753034775158e-05 -0.00014318257206263291 5.318726253127522e-05 0.0003728434639220467 0.00025403566438816113 -5.7542690265844963e-05 0.00028815447816058951 1.5460435265167341e-05 -0.0003314799676352441 -3.1720364464808629e-05 2.2491960556092175e-05 -3.9035056940141887e-05
leaf_weight=21 1845 23 4916 29 20 33 43 382 24 1386 39 62 22 31 45 40 21 66 82 31 26 22 20 20 860 27 74 3380 1167 36 32 21 20 79 28 36 73 40 276 885 22 479 36 22 51 23 91 33 42 99 5004 276 112 59 30 247 67 86 21 124 44 4121
leaf_count=21 1845 23 4916 29 20 33 43 382 24 1386 39 62 22 31 45 40 21 66 82 31 26 22 20 20 860 27 74 3380 1167 36 32 21 20 79 28 36 73 40 276 885 22 479 36 22 51 23 91 33 42 99 5004 276 112 59 30 247 67 86 21 124 44 4121
internal_value=-8.86301e-08 -2.77751e-06 1.39075e-05 8.05659e-05 2.33071e-07 5.77307e-05 2.11446e-06 4.39855e-05 -0.000391385 2.63932e-05 9.79852e-05 0.000181766 0.000240109 0.000128933 -4.93199e-05 -0.000228845 8.17304e-05 0.000133976 0.000157065 1.05291e-05 0.000286015 0.000165194 0.000494598 0.000264569 2.17556e-05 -1.83817e-05 4.2117e-06 6.26678e-06 1.78014e-05 -1.70985e-05 -0.000137829 -1.57402e-05 -2.0264e-05 5.32186e-06 0.000190684 0.000143432 8.5218e-05 0.000201523 -2.0217e-05 5.85056e-05 3.40644e-05 4.2876e-05 1.90517e-05 -0.000159342 3.07787e-06 0.000220246 -0.000107526 -0.000265751 -0.000351157 -0.000148822 -2.78984e-05 -9.08915e-05 0.000144533 0.000258287 -5.44869e-05 -2.01094e-05 9.60593e-05 3.4375e-05 -4.35395e-05 2.42318e-06 0.000191963 -2.48884e-05
internal_weight=27372 26501 12776 871 9755 3021 9711 2727 44 2269 842 294 232 458 76 83 803 455 434 348 134 88 46 41 2246 13725 9628 9463 6083 13599 143 13456 12354 2809 210 182 149 76 307 964 1102 1059 866 43 807 59 165 107 75 126 9545 420 193 81 328 277 300 189 107 144 111 9125
internal_count=27372 26501 12776 871 9755 3021 9711 2727 44 2269 842 294 232 458 76 83 803 455 434 348 134 88 46 41 2246 13725 9628 9463 6083 13599 143 13456 12354 2809 210 182 149 76 307 964 1102 1059 866 43 807 59 165 107 75 126 9545 420 193 81 328 277 300 189 107 144 111 9125
is_linear=0
shrinkage=0.01


Tree=17
num_leaves=63
num_cat=0
split_feature=4 1 6 7 5 3 2 5 5 6 3 2 1 7 5 3 2 5 3 1 6 6 7 2 7 7 7 2 3 5 6 5 4 4 4 5 7 7 6 6 5 6 6 4 7 3 3 4 6 7 5 4 4 7 7 7 4 5 6 7 3 3
split_gain=0.045765 0.0782255 0.0508487 0.0872447 0.0653968 0.0453692 0.0393056 0.083979 0.0616357 0.0446363 0.0441439 0.049574 0.0404714 0.0394976 0.037471 0.0363368 0.0499793 0.102135 0.0507653 0.0452106 0.0353396 0.0325731 0.0369747 0.0315498 0.0313477 0.0667077 0.0430405 0.0294663 0.0655599 0.0286412 0.0270598 0.04912 0.0264659 0.02619 0.0248362 0.0242265 0.0237405 0.0235083 0.0232225 0.0229988 0.0222441 0.0262099 0.0242862 0.026357 0.0217881 0.0219196 0.0246985 0.0344778 0.0341829 0.0216152 0.0201492 0.0199595 0.0333251 0.0353627 0.0288363 0.031673 0.0300867 0.0281042 0.0259273 0.0322514 0.0291071 0.0250151
threshold=0.0019814796457181603 0.31722211601169759 0.14735907947828483 0.29812747837101033 0.38967195902770041 0.00046745135573235467 0.50683350530689508 0.42780136879592773 0.60494817948310009 0.02052454535898245 0.0061002944587900823 0.8355137219350427 0.47148019686670584 0.40169195162330679 0.30115727713069956 0.003153751415996425 0.25261523881039222 0.31023880564541045 0.0096550955776958155 0.69457732251630311 0.053145897516758453 0.092925470408914135 0.26922892271638083 0.19302606014084989 0.72625777244508283 0.62341493892899902 0.44139851187679541 0.39269029385429988 0.0025285973293578639 0.33405044714648474 0.0088846032554641841 0.30829319532449556 0.02351115574814586 0.0021782721644011981 0.0044822325689462244 0.18567202198904911 0.29219399947994673 0.37365638298650711 0.0027917263016600771 0.10305533318778354 0.19084894118296666 0.0021852687415601329 0.0025451002272194336 0.031588090503656518 0.5680974003354522 0.01916550500931587 0.013278639084098773 0.012238092194965041 0.046569876040074724 0.3792018121793494 0.26975553340697839 0.020837261635432421 0.0067142134687428875 0.39870430577412524 0.38889676045709926 0.372424497407083 0.010638438287054649 0.31578437721900682 0.0068105183999223745 0.44407842525304214 0.0065465523014040343 0.0072099166308012448
decision_type=2 2 2 2 2 2 2 2 2 2 2 2 2 2 2 2 2 2 2 2 2 2 2 2 2 2 2 2 2 2 2 2 2 2 2 2 2 2 2 2 2 2 2 2 2 2 2 2 2 2 2 2 2 2 2 2 2 2 2 2 2 2
left_child=1 -1 4 36 -3 -5 7 15 10 34 13 44 -10 20 32 -2 17 18 19 37 -8 22 -11 29 25 26 30 -6 -29 -19 -15 -32 -13 -24 -9 -20 -4 -17 -25 -22 -18 49 -43 51 45 46 -12 48 -48 -42 -47 52 53 -44 55 56 -54 -58 60 -60 -55 -57
right_child=6 2 3 5 27 -7 8 9 12 21 11 14 -14 24 -16 16 40 23 35 -21 39 -23 33 38 -26 -27 -28 28 -30 -31 31 -33 -34 -35 -36 -37 -38 -39 -40 -41 41 42 43 -45 -46 50 47 -49 -50 -51 -52 -53 54 58 -56 61 57 -59 59 -61 -62 -63
leaf_value=-0.00037545338064115329 -9.9520382228231009e-05 7.5717864948855398e-05 0.00044713799030660919 5.8032943427691725e-05 0.0007243668100337927 -0.00043627099493204083 2.1480092504432883e-05 0.00014448297795873423 -5.6538973116172383e-06 0.00061221459381096907 8.6918402852357156e-06 -0.00019970330728367148 -0.00052627245046661371 6.1379917444085705e-05 -0.0004476247022534644 -9.913209119081053e-05 -4.8945145833231019e-06 0.00013869778146089495 0 -0.00043284999618794877 0.00019373940577680919 0 -0.00014003598076455735 0.00041767957453900796 -2.0279249035972264e-05 0.00078265261933652315 -1.996814887350536e-07 0.00038332648774811156 -0.00015375631147445797 0.00063400051102162694 0.00070705503507298222 0.00010796292589772841 7.1859473125676892e-05 0.00019305548284153943 -5.1682810171668831e-05 0.0001896867626877223 1.5827211035180649e-05 4.1018975544855447e-05 8.0535494583520135e-05 -1.9476869196046655e-05 -1.4086563936874033e-05 -0.00015366116367106954 -3.4464805236305254e-05 -0.00016631956477571464 -0.00010998077073076601 -4.0525638007669637e-06 9.4140570397911226e-05 4.4048366012884744e-05 0.00055073211851175148 8.3058853105700113e-05 -8.3845932564348817e-05 2.5553997616076571e-05 -0.00015034900516512951 -0.00044650848897577109 -0.00010496120048976887 -0.00022560742823254462 -5.3772574730778729e-05 0.00022187817167798406 0.00024893295752397243 3.7661948461251375e-05 1.0039765743701929e-05 3.4037922884808768e-05
leaf_weight=34 549 311 27 23 20 55 2323 87 33 22 4782 80 35 41 38 258 4794 26 130 31 208 108 22 29 62 20 84 104 26 37 32 32 58 301 249 157 34 211 113 56 1174 197 1954 161 160 2980 57 1075 28 283 359 481 322 20 1124 39 204 45 96 363 33 575
leaf_count=34 549 311 27 23 20 55 2323 87 33 22 4782 80 35 41 38 258 4794 26 130 31 208 108 22 29 62 20 84 104 26 37 32 32 58 301 249 157 34 211 113 56 1174 197 1954 161 160 2980 57 1075 28 283 359 481 322 20 1124 39 204 45 96 363 33 575
internal_value=-8.63885e-08 8.38402e-05 0.000111591 -5.0617e-05 0.000162669 -0.000277823 -2.11413e-06 -1.35424e-05 1.07396e-05 8.64786e-05 1.24542e-05 2.09033e-06 -0.000288683 4.6977e-05 -0.000163973 -1.95043e-05 -1.6009e-05 5.18778e-05 0 -6.07649e-05 3.44497e-05 0.000151247 0.000198679 0.000250631 0.000162818 0.0002219 0.000156891 0.000336116 0.000268188 0.000445981 0.000291958 0.000423745 -7.83577e-05 0.000167237 0 0.000106068 0.000223521 -3.3952e-05 0.000156672 0.000144735 -2.17695e-05 -3.30688e-05 -4.28934e-05 -3.86778e-05 5.29373e-06 7.38991e-06 1.89786e-05 6.05184e-05 0.000256768 4.10056e-06 -1.29335e-05 -3.45745e-05 -4.08413e-05 -1.47572e-05 -6.82641e-05 -3.26063e-05 -8.64922e-05 0 5.84944e-05 8.40721e-05 -0.000143927 1.58833e-05
internal_weight=27372 634 600 139 461 78 26738 14195 12543 789 12475 9617 68 2858 176 13406 12857 992 787 500 2587 453 345 205 271 209 189 150 130 63 105 64 138 323 336 287 61 469 142 264 11865 7071 5614 5417 9441 9281 5942 1160 85 1457 3339 5256 4775 2466 2309 1185 571 249 512 459 53 614
internal_count=27372 634 600 139 461 78 26738 14195 12543 789 12475 9617 68 2858 176 13406 12857 992 787 500 2587 453 345 205 271 209 189 150 130 63 105 64 138 323 336 287 61 469 142 264 11865 7071 5614 5417 9441 9281 5942 1160 85 1457 3339 5256 4775 2466 2309 1185 571 249 512 459 53 614
is_linear=0
shrinkage=0.01


Tree=18
num_leaves=63
num_cat=0
split_feature=8 7 4 5 2 5 8 8 3 2 7 6 6 5 3 2 5 3 7 7 4 6 6 7 7 7 8 5 8 7 6 8 5 2 5 4 2 2 2 2 7 5 8 5 4 7 8 7 4 6 7 3 5 4 5 7 5 5 5 4 4 4
split_gain=0.0500473 0.0965872 0.0760295 0.0507147 0.0387383 0.0745233 0.0591788 0.0505059 0.0468633 0.0478454 0.0383223 0.039379 0.0376075 0.0367121 0.0366267 0.0562691 0.12241 0.0454036 0.0321031 0.0357106 0.031141 0.0385386 0.0539068 0.0307815 0.065331 0.0422709 0.0329921 0.039006 0.0281225 0.0340913 0.0272327 0.0268817 0.0266828 0.0265599 0.0366455 0.0259555 0.0250725 0.0244506 0.0337871 0.0273108 0.0240961 0.0228227 0.0223613 0.0294786 0.0308282 0.0371345 0.0337897 0.0275225 0.031166 0.0239914 0.031647 0.027802 0.0236401 0.0221588 0.0212859 0.0358277 0.0320112 0.0210167 0.0269041 0.0260701 0.0327098 0.0254969
threshold=0.12741321144847101 0.29219399947994673 0.0019814796457181603 0.38967195902770041 0.50683350530689508 0.42780136879592773 0.01261834802481227 0.047975840679072811 0.0061002944587900823 0.8355137219350427 0.40169195162330679 0.053145897516758453 0.11728484907292856 0.30115727713069956 0.003153751415996425 0.25261523881039222 0.31200587914822403 0.0096550955776958155 0.37365638298650711 0.37298587756043816 0.0055843563746602693 0.041617139299258511 0.02930605082922964 0.72625777244508283 0.62341493892899902 0.44139851187679541 0.0062629230601806479 0.30829319532449556 0.051006638371966485 0.33384822042884604 0.08688717463551901 0.017983458482968773 0.56686228788935888 0.19302606014084989 0.33405044714648474 0.02351115574814586 0.25261523881039222 0.2817817502026646 0.52253588222090153 0.21570105396378458 0.31193813391182107 0.18567202198904911 0.001909892262487754 0.19193547356577942 0.0067142134687428875 0.39870430577412524 0.033937316356513231 0.37257503604356551 0.0038054557104433263 0.0068105183999223745 0.44139851187679541 0.0065711876056998445 0.25032859341317953 0.0018591303251098358 0.31023880564541045 0.30335863411656766 0.26559825810365795 0.35428091864699085 0.20333633336612641 0.030555006648955448 0.019117749489657065 0.010638438287054649
decision_type=2 2 2 2 2 2 2 2 2 2 2 2 2 2 2 2 2 2 2 2 2 2 2 2 2 2 2 2 2 2 2 2 2 2 2 2 2 2 2 2 2 2 2 2 2 2 2 2 2 2 2 2 2 2 2 2 2 2 2 2 2 2
left_child=2 -2 3 30 5 14 36 20 10 32 11 -6 28 35 -4 16 17 18 19 -16 21 22 -8 24 25 26 -12 -28 29 -5 53 -22 -10 34 -18 -11 -7 39 -39 -3 -14 -19 47 -44 45 46 -45 48 -17 51 -51 -47 -48 54 55 -1 -57 58 -46 60 -60 -59
right_child=1 37 4 12 8 6 7 -9 9 13 23 -13 40 -15 15 42 33 41 -20 -21 31 -23 -24 -25 -26 -27 27 -29 -30 -31 -32 -33 -34 -35 -36 -37 -38 38 -40 -41 -42 -43 43 44 57 49 52 -49 -50 50 -52 -53 -54 -55 -56 56 -58 61 59 -61 -62 -63
leaf_value=0 0.00041866651913962668 -0.0001171573394494599 -9.8525361066947306e-05 0.00043993095273652818 2.1265300666956814e-05 0.00032423064348968992 0.00050250188139090582 -6.2048270509846317e-06 5.6894809620898428e-06 -0.00019770876904086243 4.905229098900392e-05 0.00015329828519342737 0.00018619814046448279 -0.00044316021193874867 -8.6939945496690234e-05 0.00011211143388332979 0.00011688419883804661 0 3.4862370267967246e-05 -0.00051940137764851962 0.00035087954696397131 0.00057497962608561628 -2.9390136147067495e-05 -2.0076783046639268e-05 0.00077486503480085676 -1.9768954436853906e-07 0.0006661960466013972 0.00010705479993132662 0.00060355858109130043 -1.0511782975267479e-06 -4.7959216859112894e-05 5.7727631367007407e-05 -0.00017088725257412889 0.00019538986006783691 0.00069673620317338848 7.1142114670434244e-05 -3.7942874009576535e-05 -4.0175029486831373e-05 -0.00041979665888623014 -0.00067018020284667992 -0.00018812105289143973 0.00018375322646882895 -5.1234108232958711e-06 -5.1197200193109185e-05 -0.00015908327999805417 -0.00042194591219408959 -0.0001266126342082986 2.6112114909105384e-05 -4.3308538689595195e-05 0.00025898546253639627 3.964155198531715e-05 2.287713135517774e-05 0.00018309970351543023 -5.5122280108748898e-05 5.0321872366487826e-05 0.0001045639813578439 0.00067207433264764428 -0.00023008730401828493 -5.3824150309752511e-05 -0.00017514222458237305 4.5642158196200566e-05 -5.4843413505361533e-05
leaf_weight=20 24 21 549 33 2323 20 31 117 9414 80 43 255 65 38 266 138 23 130 216 22 46 52 41 62 20 84 35 27 41 28 159 136 86 130 34 58 314 88 36 27 21 159 3111 1649 234 21 28 1902 1512 85 370 31 107 43 73 22 30 171 1728 146 398 199
leaf_count=20 24 21 549 33 2323 20 31 117 9414 80 43 255 65 38 266 138 23 130 216 22 46 52 41 62 20 84 35 27 41 28 159 136 86 130 34 58 314 88 36 27 21 159 3111 1649 234 21 28 1902 1512 85 370 31 107 43 73 22 30 171 1728 146 398 199
internal_value=-8.30008e-08 -0.000159297 1.02907e-06 0.00011907 -1.3043e-06 -1.26966e-05 8.35837e-05 0.00016233 1.14553e-05 8.53694e-07 4.71089e-05 3.47185e-05 0.000252475 -0.000162337 -1.82278e-05 -1.47077e-05 5.78376e-05 2.27922e-06 -5.3719e-05 -0.000123615 0.000230018 0.000357585 0.000186129 0.000161233 0.000219785 0.000155379 0.000289237 0.000439367 0.000385293 0.000221476 4.38592e-05 0.000137464 3.98395e-06 0.000287969 0.000480888 -7.75026e-05 -1.31722e-05 -0.00024595 -0.000158695 -0.000449769 8.30679e-05 0.000103381 -2.08023e-05 -2.98085e-05 -4.44772e-05 -1.65238e-05 -3.83258e-05 0 -2.96977e-05 5.82122e-05 8.28631e-05 -0.000138034 0.000111415 0.000126815 0.000187661 0.000312775 0.000451829 -6.63956e-05 -5.53342e-05 -4.42021e-05 -3.47318e-05 -0.000138577
internal_weight=27372 196 27176 535 26641 14116 757 423 12525 9676 2849 2578 188 176 13359 12810 980 793 504 288 306 124 72 271 209 189 105 62 102 61 347 182 9500 187 57 138 334 172 124 48 86 289 11830 8278 5167 2291 1784 3552 1650 507 455 52 135 188 145 72 52 2876 2506 2272 2126 370
internal_count=27372 196 27176 535 26641 14116 757 423 12525 9676 2849 2578 188 176 13359 12810 980 793 504 288 306 124 72 271 209 189 105 62 102 61 347 182 9500 187 57 138 334 172 124 48 86 289 11830 8278 5167 2291 1784 3552 1650 507 455 52 135 188 145 72 52 2876 2506 2272 2126 370
is_linear=0
shrinkage=0.01


Tree=19
num_leaves=63
num_cat=0
split_feature=0 6 2 3 5 8 8 5 5 2 3 5 7 3 2 5 0 6 3 7 7 8 7 0 6 3 5 8 5 2 7 5 3 3 6 8 0 3 6 6 2 3 5 0 5 6 3 8 6 8 0 6 7 8 5 3 5 7 3 6 3 3
split_gain=0.0560972 0.0661725 0.0652801 0.0718757 0.069959 0.0654514 0.0531979 0.0542106 0.0511868 0.112131 0.0534333 0.0466978 0.0463564 0.0428936 0.0425643 0.0414402 0.0374664 0.0370462 0.0369404 0.0349334 0.0372629 0.0341478 0.0528609 0.0326267 0.0306589 0.0290422 0.028015 0.0233419 0.0311404 0.0367906 0.0300414 0.0289291 0.0326604 0.0268882 0.0305695 0.0264692 0.0237323 0.0267339 0.0304699 0.0378607 0.0235125 0.0233615 0.0224722 0.0342356 0.0213039 0.0212056 0.0208528 0.0303172 0.0200066 0.0293509 0.0199064 0.0198456 0.0197624 0.0342721 0.0312597 0.0257591 0.0196718 0.0194502 0.0204542 0.0194423 0.0193299 0.0277149
threshold=0.32564365610268015 0.18477346788605067 0.50683350530689508 0.0060293615748640925 0.42780136879592773 0.093078681031668303 0.012988355642616172 0.66819914462362762 0.37032018249502213 0.19302606014084989 0.0092053211455095148 0.52027308682700024 0.40169195162330679 0.0096550955776958155 0.86721475903900525 0.28856252271282878 0.4584641116829869 0.051801583258536905 0.0020530940581994835 0.72625777244508283 0.62341493892899902 0.10477745130046796 0.32287616187972584 0.35212560457781217 0.14735907947828483 0.00046745135573235467 0.31023880564541045 0.001909892262487754 0.19193547356577942 0.17740072495164033 0.37255666510253488 0.26847801683070388 0.0048109522495953768 0.0061440033464516134 0.0026057459832294276 0.047975840679072811 0.41934289066048558 0.0036509084702207113 0.041051112243165232 0.05056845288633368 0.2690943635077308 0.0033812569313889551 0.43500818518651413 0.43062524133388669 0.14453995262056271 0.031323532979162128 0.0022312207297955906 0.055114811187289156 0.030482578495823531 0.053019915115899451 0.45087630726975209 0.0026663917392394216 0.43827946260539924 0.0062629230601806479 0.30829319532449556 0.0024264839431738321 0.46050192258969141 0.3853778920949934 0.0067387428053862983 0.023399154193856183 0.01916550500931587 0.0086418181028260124
decision_type=2 2 2 2 2 2 2 2 2 2 2 2 2 2 2 2 2 2 2 2 2 2 2 2 2 2 2 2 2 2 2 2 2 2 2 2 2 2 2 2 2 2 2 2 2 2 2 2 2 2 2 2 2 2 2 2 2 2 2 2 2 2
left_child=1 8 4 12 21 14 50 23 13 -10 11 -11 17 26 42 -16 -7 18 -4 20 52 27 -23 -8 -19 -26 -1 30 -29 -30 31 33 -33 34 40 36 37 38 41 -40 -2 45 60 48 -24 -31 -25 -48 -44 -50 -6 -38 53 -14 -55 -54 -45 59 -59 -58 61 -5
right_child=2 -3 3 5 6 16 7 -9 9 10 -12 -13 19 -15 15 -17 -18 24 -20 -21 -22 22 44 46 25 -27 -28 28 29 35 -32 32 -34 -35 -36 -37 51 -39 39 -41 -42 -43 43 56 -46 -47 47 -49 49 -51 -52 -53 55 54 -56 -57 57 58 -60 -61 -62 -63
leaf_value=-0.00010344539411741249 -0.00034891414081750346 -0.00038321059283598797 0.00042580870383326366 -1.6103369560386771e-06 -9.4374039942304524e-05 -1.0973652018250346e-05 0.00044734842920861746 -0.00013115726351630485 0.00076290401560471979 0.00015369223189341534 -2.7199865286404101e-05 0.00059760933994341676 4.827658352929274e-05 0.00016104050589096024 -6.9645449755227108e-05 -0.00060101982865617422 -0.00065211881090272445 0.00016251260861338844 2.1101486778498596e-05 -1.9876338878381042e-05 0.0006432583798313033 0.00021656433991457694 -1.1437630178192511e-06 0.00039976254549380005 0.00016949973476397838 -0.0002201925468282101 7.9554050024123032e-05 -6.3030868811320059e-06 0.0002611488889990829 -8.0358094282013896e-05 2.6031226259627762e-05 0.00018118188301246774 -1.2838506044465066e-05 -1.893360841243304e-05 0.00025010014893440762 6.4821598691892267e-05 -0.00031343775163665088 -2.2950022861330669e-05 0.00024228893579437887 -0.00017324847988828558 -0.00010445694652328693 -0.00041884733340315889 -0.00010607362504982966 -0.00034360629256419801 -0.00043502491462124338 -0.00042335012371276878 0.0001735114580981224 -6.6647028656060612e-05 0.00034800137694553443 -6.2599589196091738e-05 7.8965683707586125e-05 -7.1510458760024718e-05 0.00034639493025362069 0.00066369350072491642 0.00011086579641891955 0 -0.00011395908470834422 8.5481229187244192e-05 -0.00023325841186904584 0.00021527634747889107 -1.1931117248501926e-05 4.14415202348115e-05
leaf_weight=212 49 29 23 3215 174 20 48 56 32 141 118 32 41 174 61 22 24 382 2246 62 22 20 20 34 31 45 133 3475 38 160 1982 119 291 850 20 197 37 2887 44 42 405 39 34 44 57 23 232 61 41 24 102 2263 28 33 22 86 36 20 99 33 3354 2728
leaf_count=212 49 29 23 3215 174 20 48 56 32 141 118 32 41 174 61 22 24 382 2246 62 22 20 20 34 31 45 133 3475 38 160 1982 119 291 850 20 197 37 2887 44 42 405 39 34 44 57 23 232 61 41 24 102 2263 28 33 22 86 36 20 99 33 3354 2728
internal_value=-8.07016e-08 7.88426e-05 -2.71267e-06 1.35101e-05 -1.78866e-05 2.07542e-07 7.86638e-05 0.000148437 9.59876e-05 0.000195438 0.000129361 0.000241879 5.61326e-05 3.21422e-05 2.05551e-06 -0.000223079 -0.000384051 4.27814e-05 2.56631e-05 0.000176515 0.000233294 -2.32076e-05 -0.000211225 0.00019288 0.000125381 -4.80847e-05 -2.99975e-05 -2.17171e-05 -3.02583e-05 -4.46113e-05 -2.90001e-07 -3.09522e-05 4.10667e-05 -5.40108e-05 -0.000114786 -4.68328e-05 -5.10188e-05 -3.28282e-05 -0.000122137 2.77721e-05 -0.000133114 -0.000184699 4.10248e-06 -7.65991e-05 -0.000335446 -0.000129136 0.000152344 0.000120095 7.24228e-05 0.000181171 -2.66864e-05 -7.58506e-05 0.0001853 0.000295552 0.000461314 8.35138e-05 -0.000144503 -9.24296e-05 -0.000171266 2.91132e-05 7.08404e-06 1.79837e-05
internal_weight=27372 871 26501 12776 13725 9755 707 431 842 323 291 173 3021 519 9711 83 44 2727 2269 294 232 13018 97 375 458 76 345 12921 9205 5730 3716 1734 410 1324 474 5692 5495 3195 308 86 454 222 9628 331 77 183 327 293 99 65 276 2300 210 96 55 114 232 188 119 69 9297 5943
internal_count=27372 871 26501 12776 13725 9755 707 431 842 323 291 173 3021 519 9711 83 44 2727 2269 294 232 13018 97 375 458 76 345 12921 9205 5730 3716 1734 410 1324 474 5692 5495 3195 308 86 454 222 9628 331 77 183 327 293 99 65 276 2300 210 96 55 114 232 188 119 69 9297 5943
is_linear=0
shrinkage=0.01


Tree=20
num_leaves=63
num_cat=0
split_feature=2 5 2 5 4 2 5 5 1 6 7 5 7 7 7 6 2 1 7 4 2 2 6 2 5 4 4 4 7 3 7 1 1 2 3 7 4 5 5 7 5 4 4 5 2 7 3 1 7 2 1 7 6 7 4 5 4 5 7 2 6 5
split_gain=0.0598523 0.111647 0.0442928 0.0712536 0.0588626 0.0475913 0.0630367 0.0463361 0.0579536 0.0377204 0.0360178 0.0347813 0.0453233 0.0339664 0.0310964 0.0305192 0.0705892 0.0301958 0.0278523 0.0277736 0.0250717 0.0378218 0.0246911 0.0308108 0.0357085 0.0292819 0.0252486 0.0244528 0.0241342 0.0439389 0.0240618 0.0237108 0.0250205 0.0233277 0.0334549 0.0426109 0.0368808 0.0277434 0.0261536 0.0245283 0.0298225 0.0230953 0.0229785 0.0225474 0.0224611 0.0215332 0.0223791 0.0210234 0.0202904 0.01955 0.018696 0.0173754 0.0169079 0.0264127 0.0290545 0.0321623 0.0282963 0.0256545 0.0311075 0.0235703 0.0238138 0.0225729
threshold=0.17740072495164033 0.33405044714648474 0.51412718298726656 0.42780136879592773 0.0035916091015470754 0.86721475903900525 0.29009931875981515 0.43500818518651413 0.65942408717752321 0.064136930030969777 0.37374858244534864 0.66819914462362762 0.3286174298591335 0.37298587756043816 0.48955958244493814 0.14735907947828483 0.2817817502026646 0.58030467854564827 0.37228118475253047 0.023222729597201043 0.31590876125577572 0.41690054926805947 0.0021246229855501385 0.32741892023838232 0.18262653462411307 0.0060198250442060801 0.0039788527513760436 0.010638438287054649 0.37225067612792262 0.0081326812234259974 0.37257503604356551 0.76078795705142721 0.62591977859978298 0.65014931749035598 0.018986538826126168 0.39957604697422139 0.0048293337510697931 0.22123625184794679 0.34602251473712181 0.72625777244508283 0.21340573426252038 0.0036354290512961005 0.0059215124381095255 0.39748646058911924 0.66012595543348696 0.44671934511796657 0.0079230493213420083 0.52251762277373415 0.3286174298591335 0.25805593387081438 0.34089279657363963 0.53394203039969779 0.040511365014676282 0.29812747837101033 0.0071417884663370476 0.24798398688374818 0.0062155203095239911 0.2094162024101168 0.26922892271638083 0.32474651967901486 0.064136930030969777 0.33887655165755132
decision_type=2 2 2 2 2 2 2 2 2 2 2 2 2 2 2 2 2 2 2 2 2 2 2 2 2 2 2 2 2 2 2 2 2 2 2 2 2 2 2 2 2 2 2 2 2 2 2 2 2 2 2 2 2 2 2 2 2 2 2 2 2 2
left_child=1 10 3 15 -4 7 19 33 14 -3 18 12 20 28 27 22 -17 41 -1 -7 -5 -22 23 24 25 26 -2 44 29 -14 -25 32 52 37 35 -35 -37 -6 -36 40 -38 -15 -20 -32 -9 46 -42 -47 -18 -26 -43 -49 57 -54 55 -55 59 -24 -59 -57 -61 -58
right_child=2 9 4 11 5 6 -8 8 -10 -11 -12 -13 13 17 -16 16 48 -19 42 -21 21 -23 31 30 49 -27 -28 -29 -30 -31 43 -33 -34 34 38 36 39 -39 -40 -41 45 50 -44 -45 -46 47 -48 51 -50 -51 -52 -53 53 54 -56 56 61 58 -60 60 -62 -63
leaf_value=3.7913534374444557e-05 6.7128744242777715e-05 0.00074304277408826795 8.8815645668875783e-05 0.00063184238581070248 1.7344058433171552e-05 -0.00020940948245388308 -0.00066142097849754375 8.6305978519180486e-05 -0.00062557371124736399 0.00012912712277687012 0.00021474594869373909 -0.00011557743180748169 -0.00012303662990091979 0.00036372941838298985 -0.00026852394849375799 -0.00063859360711827462 0.0001868537192467013 0.00036064046173833492 -0.00043775835512937448 0.00019022991304050316 -2.2224936975703405e-05 0.00036948695047323845 -1.2233882524860206e-05 -3.9087969831676854e-05 0.00026473431108499704 5.5095698450049607e-05 -0.00031924002285090757 -0.00017061661452087647 -0.00027495497577943473 0.00024970529773793004 3.2033225958483447e-05 -0.00025747092177535991 5.5209159506057714e-05 3.535577327522066e-05 -1.7884135938422036e-06 0.0005037909644396649 -1.6220928844163233e-05 -2.3221557370020208e-05 -0.00032336671592246639 -0.00018473891640393848 0 0.00029772949015715688 0 -0.00018854608831456575 -0.0001332795699435681 2.5651007999429768e-05 0.00038870226433064276 9.6354503433307648e-05 -0.00012649165373346992 8.5223033742611062e-05 3.5104478067305559e-05 0.00050560871440478983 -0.0001304102991263685 -6.3100794504199316e-06 -3.4633321389386538e-05 0.00028538864854671354 0.0003493782957132176 0.00020185992955723913 -4.9851978538774106e-05 -2.881758839999998e-05 0.00017185597295955678 0
leaf_weight=143 20 36 947 20 4588 46 24 177 20 20 89 81 88 28 64 26 25 45 26 26 37 54 3986 1188 99 146 49 84 38 49 1238 44 388 1892 1075 29 81 2658 26 22 22 31 21 47 61 115 81 35 89 232 379 22 132 395 601 43 78 48 4685 194 82 29
leaf_count=143 20 36 947 20 4588 46 24 177 20 20 89 81 88 28 64 26 25 45 26 26 37 54 3986 1188 99 146 49 84 38 49 1238 44 388 1892 1075 29 81 2658 26 22 22 31 21 47 61 115 81 35 89 232 379 22 132 395 601 43 78 48 4685 194 82 29
internal_value=5.32214e-07 0.000133374 -1.09095e-06 -1.2779e-05 1.30453e-05 6.5183e-06 -0.000214662 8.53193e-06 -9.60204e-05 0.000542233 4.75618e-05 7.58614e-05 9.73386e-05 6.38176e-05 -6.58374e-05 -1.82862e-05 -0.000165936 0.000107748 -2.55622e-05 -5.11619e-05 0.000286811 0.000199393 -1.67059e-05 8.30675e-06 7.6432e-05 -1.98787e-05 -0.000192842 -2.23764e-05 -5.17121e-05 3.07077e-06 -6.33238e-06 -2.38533e-05 -2.27929e-05 1.2614e-05 3.42456e-05 5.60224e-05 0.000149606 2.32553e-06 -1.03193e-05 0.000119662 0.000141328 7.94072e-05 -0.000239592 2.31732e-05 2.57934e-05 0.000191357 0.000311678 0.000113355 -4.89078e-05 0.000141998 5.74677e-05 0.000272434 -2.58369e-05 3.98491e-06 1.71719e-05 5.63126e-05 0.000116713 -3.12667e-05 -4.70837e-05 6.52339e-05 2.72216e-05 0.000260646
internal_weight=27144 335 26809 14714 12095 11148 96 11052 406 56 279 850 769 658 386 13864 140 483 190 72 111 91 13724 3019 546 215 69 322 175 137 2473 10705 10661 10646 3400 2299 407 7246 1101 378 356 438 47 1285 238 275 103 172 114 331 410 57 10273 1554 1422 821 426 8719 4733 319 276 107
internal_count=27144 335 26809 14714 12095 11148 96 11052 406 56 279 850 769 658 386 13864 140 483 190 72 111 91 13724 3019 546 215 69 322 175 137 2473 10705 10661 10646 3400 2299 407 7246 1101 378 356 438 47 1285 238 275 103 172 114 331 410 57 10273 1554 1422 821 426 8719 4733 319 276 107
is_linear=0
shrinkage=0.01


Tree=21
num_leaves=63
num_cat=0
split_feature=0 0 3 7 3 5 4 5 3 4 7 5 7 5 3 6 6 5 6 6 4 6 6 4 5 5 7 7 1 6 0 1 7 3 7 3 6 4 4 3 4 4 6 7 3 6 5 4 5 6 7 5 7 7 1 6 1 3 3 4 4 3
split_gain=0.0896226 0.0456736 0.0571453 0.0397962 0.0394739 0.0318743 0.0410044 0.0681704 0.0278938 0.036781 0.0404751 0.0340087 0.0385374 0.0362066 0.044205 0.0257421 0.0240873 0.0236942 0.0284463 0.0393662 0.0441679 0.0347517 0.0606724 0.0418757 0.0430357 0.0461156 0.047779 0.0310742 0.0334742 0.0284112 0.0382627 0.032005 0.0473429 0.028957 0.0265543 0.0411596 0.0260607 0.025214 0.0349251 0.0242073 0.0313381 0.0240493 0.0236503 0.023217 0.0222749 0.0447586 0.022272 0.0229674 0.0222421 0.022017 0.0300293 0.0242871 0.021765 0.0215624 0.0212258 0.0208667 0.0203495 0.0278131 0.0203387 0.0273995 0.0201226 0.0285331
threshold=0.30056698617545202 0.62707778734859165 0.0081326812234259974 0.29219399947994673 0.0029375889081736197 0.66819914462362762 0.0025867236648936453 0.30829319532449556 0.003153751415996425 0.0036848242566615364 0.37763599873101017 0.44209606120237027 0.36129015436639239 0.40197817760556709 0.0039989328546331014 0.18477346788605067 0.00089755718894791753 0.19084894118296666 0.0021246229855501385 0.0051649968868511921 0.0068541360882211277 0.028824927831550353 0.032206939491707713 0.0044822325689462244 0.31370766290466306 0.48056441479815754 0.37365638298650711 0.38851962449763305 0.43749371848454371 0.041617139299258511 0.40403343119124063 0.56143154024808128 0.4262995346469714 0.0072099166308012448 0.42368812756693403 0.0073245187602748374 0.0075786979760489705 0.0070403219810891279 0.0067443116069343624 0.029262306235529827 0.025878658861176775 0.0053456740531611603 0.00060443603489961127 0.37443666719428986 0.00046745135573235467 0.14735907947828483 0.29127786431035491 0.0064693779368069941 0.21535861014639165 0.0075786979760489705 0.37185774934187826 0.27392677401378313 0.32287616187972584 0.46368629059744071 0.38939030583151329 0.0017324470966855077 0.40244860945649935 0.039778519020874557 0.019279367125669758 0.014215886444705485 0.0059698140394744909 0.0067687841025382469
decision_type=2 2 2 2 2 2 2 2 2 2 2 2 2 2 2 2 2 2 2 2 2 2 2 2 2 2 2 2 2 2 2 2 2 2 2 2 2 2 2 2 2 2 2 2 2 2 2 2 2 2 2 2 2 2 2 2 2 2 2 2 2 2
left_child=3 5 -3 -1 -5 6 7 42 48 10 11 12 13 14 -10 17 -14 -11 56 37 21 23 -23 27 34 26 -26 -21 -29 31 60 33 -33 -24 35 -25 52 38 -20 54 -41 -36 -2 -40 -9 -46 47 -6 -8 50 51 -18 -22 -28 -39 -52 -19 -58 59 -54 -31 -62
right_child=1 2 -4 4 46 -7 8 44 9 15 -12 -13 16 -15 -16 -17 49 18 19 20 36 22 29 24 25 -27 53 28 -30 30 -32 32 -34 -35 41 -37 -38 39 43 40 -42 -43 -44 -45 45 -47 -48 -49 -50 -51 55 -53 58 -55 -56 -57 57 -59 -60 -61 61 -63
leaf_value=0.00053223541225895445 0.00024338995805372866 0 -0.00047888052595073061 -0.00024734459235778943 -0.00017930901955034287 -0.00018765270188933855 0 0.00037395308183416537 -4.0373308239809214e-05 7.2813520947204129e-06 -0.00010054469971725497 0.00026894936658525194 -8.6020138107311723e-06 0.00026720691771277424 -0.0005015236272394542 -0.00028726841881581095 -1.4577395808380034e-05 -3.6426966048178084e-05 -7.7145580560385499e-05 2.647005080546492e-05 -0.00019501453806374837 0.00020775543184749803 -0.00010583453016913864 -1.4114627057296313e-05 2.6779973366053939e-05 0.00015060764805354792 -0.00025930585264837214 -4.4852026758526591e-05 0.00032777886958155464 0.00025644601906182988 1.4935723128748188e-05 -7.8501858920129058e-05 0.0004409819486263756 0.0001674245066338597 0.00024526809349043429 -0.00032056085437833214 -4.2156816151650942e-05 0.00013974642259867228 -0.00014392308201201381 -0.00048982526386789145 -6.6331374576574618e-05 2.5056300216661954e-05 -3.4324275266832147e-05 -0.00052623569824616044 0.00015346268086419674 -0.00015094867565736554 0.00018180262195236586 0.0001571425439603516 -0.00014289398469309223 2.7917322996440463e-05 2.8800627322754821e-05 0.00021266823281516908 4.5358479170124587e-05 0 -1.4061414461138539e-05 0.00038172072042884554 3.5682943885868433e-05 -0.00021253413649510407 -2.3872142279316046e-05 0.00027966921489656123 -0.00019122899181992309 0.00015728883224035807
leaf_weight=26 32 58 45 26 39 91 189 42 136 10988 133 92 134 27 26 32 86 573 895 370 38 213 348 1191 95 52 244 28 81 125 617 33 32 41 68 46 3845 107 55 20 248 234 516 31 434 51 304 42 253 144 28 87 238 42 518 96 2121 45 206 69 30 88
leaf_count=26 32 58 45 26 39 91 189 42 136 10988 133 92 134 27 26 32 86 573 895 370 38 213 348 1191 95 52 244 28 81 125 617 33 32 41 68 46 3845 107 55 20 248 234 516 31 434 51 304 42 253 144 28 87 238 42 518 96 2121 45 206 69 30 88
internal_value=5.28568e-07 -1.75905e-06 -0.000211871 0.000142591 0.000115386 -9.07196e-07 -2.2781e-07 6.02234e-05 -2.82199e-06 -1.38864e-06 5.83104e-05 8.41692e-05 6.05772e-05 -5.99855e-05 -0.000120818 -3.88991e-06 0.000101948 -3.46877e-06 -1.26412e-05 -2.03353e-05 -1.0918e-05 1.3045e-05 5.05987e-05 -9.94457e-06 -3.0675e-05 -0.000118848 -0.000158277 7.33022e-05 0.000222938 2.43487e-05 5.85971e-05 -3.83236e-05 0.000162168 -7.44278e-05 -5.21172e-06 -2.63437e-05 -3.28296e-05 -6.18803e-05 -9.71859e-05 -2.19692e-05 -0.000101836 7.80153e-05 -1.62415e-05 -0.000293799 0.00014162 0.000119366 0.000142537 0 -8.16002e-05 0.000137801 0.000187684 9.3982e-05 3.04389e-05 -0.000223231 1.06889e-05 0.000310175 1.57809e-05 3.00548e-05 4.91229e-05 0.000101351 0.000165292 6.01283e-05
internal_weight=27144 26707 103 437 411 26604 26513 1075 25438 24996 989 856 764 189 162 24007 575 23975 12987 10248 8374 3978 1527 2451 1972 433 381 479 109 1314 860 454 65 389 1539 1237 4396 1874 981 893 268 302 548 86 527 485 385 81 442 441 297 173 551 286 625 124 2739 2166 513 307 243 118
internal_count=27144 26707 103 437 411 26604 26513 1075 25438 24996 989 856 764 189 162 24007 575 23975 12987 10248 8374 3978 1527 2451 1972 433 381 479 109 1314 860 454 65 389 1539 1237 4396 1874 981 893 268 302 548 86 527 485 385 81 442 441 297 173 551 286 625 124 2739 2166 513 307 243 118
is_linear=0
shrinkage=0.01


Tree=22
num_leaves=63
num_cat=0
split_feature=2 5 8 8 3 2 5 4 2 2 5 8 5 5 4 2 4 2 6 2 5 4 4 5 1 1 5 2 3 6 5 5 3 2 6 6 6 4 3 6 4 1 8 5 3 2 2 5 8 6 6 6 3 1 8 5 2 3 2 5 5 5
split_gain=0.0583731 0.108895 0.0519217 0.0445025 0.0610777 0.0420815 0.0714439 0.0626795 0.0495505 0.0464734 0.0613334 0.038273 0.0397533 0.0300241 0.0307584 0.0424877 0.0273095 0.0260759 0.0244798 0.0301605 0.0348885 0.0286729 0.0247846 0.0239415 0.0231459 0.0242011 0.0230107 0.0227977 0.0327457 0.0309636 0.0270449 0.0257686 0.022184 0.0213133 0.0208712 0.0412678 0.0205902 0.0197115 0.0248939 0.0298234 0.0194275 0.0300602 0.0192538 0.0234481 0.0250242 0.0198059 0.0191017 0.017939 0.0235346 0.0173652 0.0173236 0.0330657 0.0317394 0.0510965 0.017218 0.0169392 0.0233818 0.034449 0.0390975 0.0205657 0.017637 0.0167984
threshold=0.17740072495164033 0.33405044714648474 0.077968222875176865 0.12741321144847101 0.00046745135573235467 0.51412718298726656 0.42780136879592773 0.0035916091015470754 0.27333310966136531 0.86721475903900525 0.29009931875981515 0.01261834802481227 0.66819914462362762 0.43500818518651413 0.0042549030590059451 0.65468961600779974 0.023222729597201043 0.27744570283327646 0.0021246229855501385 0.32741892023838232 0.18262653462411307 0.0060198250442060801 0.0039788527513760436 0.49433622353513779 0.76078795705142721 0.62591977859978298 0.39748646058911924 0.65014931749035598 0.018986538826126168 0.022837170188163568 0.22123625184794679 0.18567202198904911 0.0075392230890008868 0.52253588222090153 0.02930605082922964 0.064136930030969777 0.00013948523882298719 0.0067443116069343624 0.0060032774023559572 0.015769918087798884 0.014489635690470142 0.49496356847928585 0.0718739797584068 0.25736647733013052 0.0061002944587900823 0.70542298652375124 0.25805593387081438 0.26691777009066803 0.00025029927086734163 0.0080274765705229296 0.030874754384688164 0.041617139299258511 0.004449424130894779 0.42826064421973059 0.018451409293720751 0.29463196457937213 0.63119125314190561 0.0025285973293578639 0.77595549266097119 0.24798398688374818 0.31370766290466306 0.54063342093759037
decision_type=2 2 2 2 2 2 2 2 2 2 2 2 2 2 2 2 2 2 2 2 2 2 2 2 2 2 2 2 2 2 2 2 2 2 2 2 2 2 2 2 2 2 2 2 2 2 2 2 2 2 2 2 2 2 2 2 2 2 2 2 2 2
left_child=1 37 -3 5 -5 6 18 55 -8 13 16 49 32 27 23 34 -11 -6 19 20 21 22 -2 -15 25 -20 36 30 29 40 -9 -30 50 61 -16 -36 -21 38 -1 -40 -29 -42 43 44 -31 -45 -22 -38 -49 -10 -13 -52 -53 -54 -34 59 60 -58 -59 -7 -57 -19
right_child=3 2 -4 4 17 7 8 9 11 10 -12 12 -14 14 15 -17 -18 33 24 26 46 -23 -24 -25 -26 -27 -28 28 31 42 -32 -33 54 -35 35 -37 47 -39 39 -41 41 -43 -44 45 -46 -47 -48 48 -50 -51 51 52 53 -55 -56 56 57 58 -60 -61 -62 -63
leaf_value=6.511288009055883e-05 6.6365284395788731e-05 0.00076605306671277066 6.9066364392267519e-05 0.00023705628734589412 -0.00050658493402647555 8.5704271435263946e-05 0.00042254138148759116 1.7136795440171145e-05 2.4730174407288167e-05 -0.00020689484565579404 -0.00065200732700155725 0.00042581470938692068 -0.00012111539111984809 0.00035668521981413139 -0.000141919193780374 -0.00032856634778297416 0.00018944406630810336 -0.00017952780066646755 -2.5848632980098939e-05 -5.8760095848557328e-05 0.00026167733598835349 5.4472356752041411e-05 -0.00031612679388377883 -6.6284293054593766e-05 -0.00025479696144596956 5.3822878466798958e-05 -0.00020318112234310879 2.0043497494171944e-05 1.5392279392490413e-05 0.00018793958411905318 -2.2915915438331222e-05 -9.863648260175368e-05 0.00024957585846322459 -0.00036820714652197761 0.00025828801191790874 -8.9278030324312094e-05 -9.2438230860101168e-08 0.00015592512302344344 -0.00042223390775112914 3.8676697795532077e-07 0 0.0002570272891427796 -0.0001365070577919116 0.00028569588086024329 0 0.00010385768786437462 8.4112325451082598e-05 -8.2617244180495307e-05 0.00012330623680534029 -0.00013355225991675104 -1.4393127747226694e-05 0.00046811210763566722 0.00038769831288856582 -6.7298389206810842e-05 0 -3.9758437889147002e-05 0.00021273835599320363 -0.0001287876862697138 0.00034569990171341979 -7.1501557300123237e-05 0.00022523565810332835 0.00010372820832531587
leaf_weight=116 20 36 20 30 33 326 41 4587 216 46 24 40 55 27 132 72 26 49 10335 500 99 146 49 20 44 388 58 1508 845 106 2658 256 34 36 52 95 1585 105 28 30 77 92 25 139 204 148 232 64 266 98 58 49 43 51 115 21 82 107 20 105 243 32
leaf_count=116 20 36 20 30 33 326 41 4587 216 46 24 40 55 27 132 72 26 49 10335 500 99 146 49 20 44 388 58 1508 845 106 2658 256 34 36 52 95 1585 105 28 30 77 92 25 139 204 148 232 64 266 98 58 49 43 51 115 21 82 107 20 105 243 32
internal_value=5.21916e-07 0.000131713 0.000535521 -1.0806e-06 -0.000157746 0 -1.14436e-05 1.38136e-05 8.02074e-05 7.21672e-06 -0.000211308 6.03444e-05 0.000120343 9.20887e-06 -7.57017e-05 -0.000109572 -4.98386e-05 -0.000243474 -1.68352e-05 8.0832e-06 7.54902e-05 -1.96628e-05 -0.000190852 0.000155708 -2.39151e-05 -2.28721e-05 -6.39733e-06 1.24782e-05 3.38625e-05 5.54081e-05 2.30437e-06 -1.02196e-05 0.000156981 -0.000160354 -4.93768e-05 2.69644e-05 -1.24898e-06 4.69158e-05 -1.31736e-05 -0.000186801 3.22242e-05 0.000134924 0.000116292 0.000128574 6.33671e-05 0.000195478 0.000140304 1.32471e-05 8.03272e-05 -2.15132e-05 0.000217727 0.000171153 0.000253355 0.000130402 5.19391e-05 9.39835e-05 0.000136413 5.0795e-05 -4.59842e-05 4.50785e-05 0.000200363 -5.53038e-05
internal_weight=27144 335 56 26809 180 26629 14586 12043 800 11139 96 759 445 11043 398 351 72 150 13786 3019 546 215 69 47 10767 10723 2473 10645 3400 2299 7245 1101 390 117 279 147 2415 279 174 58 1677 169 622 597 310 287 331 1915 330 314 241 201 143 94 149 904 473 209 127 431 264 81
internal_count=27144 335 56 26809 180 26629 14586 12043 800 11139 96 759 445 11043 398 351 72 150 13786 3019 546 215 69 47 10767 10723 2473 10645 3400 2299 7245 1101 390 117 279 147 2415 279 174 58 1677 169 622 597 310 287 331 1915 330 314 241 201 143 94 149 904 473 209 127 431 264 81
is_linear=0
shrinkage=0.01


Tree=23
num_leaves=63
num_cat=0
split_feature=0 0 3 7 3 3 7 0 8 5 4 7 6 3 8 6 4 7 5 6 7 3 5 3 0 7 4 7 6 5 7 4 8 6 7 3 0 3 6 3 7 6 6 8 7 0 6 4 5 6 6 4 8 6 7 7 5 3 5 7 4 7
split_gain=0.086662 0.0443021 0.0555244 0.0391097 0.0493363 0.0338719 0.0605935 0.0415687 0.0406474 0.0396355 0.0350061 0.0336196 0.0319347 0.0277652 0.0269976 0.0216142 0.0332057 0.027564 0.0275367 0.0346744 0.0485252 0.0424568 0.0257862 0.0250742 0.024351 0.0243055 0.0231041 0.052028 0.0308121 0.0271023 0.0387864 0.0347898 0.0533082 0.0412321 0.0318077 0.023022 0.022905 0.025657 0.0590311 0.0404788 0.0279175 0.0421627 0.0222155 0.0539167 0.0436007 0.0250016 0.0495515 0.02281 0.0219379 0.0218831 0.0216597 0.0213677 0.021075 0.0207999 0.0224536 0.0352753 0.0317025 0.0256532 0.0416248 0.0266988 0.0238254 0.0233574
threshold=0.29007557971992953 0.62707778734859165 0.0081326812234259974 0.29219399947994673 0.0030197665854806198 0.0023475710161496603 0.37581573629222148 0.49361113533587769 0.12741321144847101 0.30829319532449556 0.0041942579653136127 0.29219399947994673 0.14735907947828483 0.00046745135573235467 0.067929045597997617 0.0021246229855501385 0.0026706568164350988 0.37618951886440372 0.19193547356577942 0.02930605082922964 0.44407842525304214 0.0077392574500381528 0.26847801683070388 0.039778519020874557 0.39998060781329564 0.34905194532104322 0.0044822325689462244 0.38889676045709926 0.024745489977278063 0.4504075308503635 0.36368778231480636 0.0036848242566615364 0.0028131461530090294 0.0075786979760489705 0.29812747837101033 0.0029375889081736197 0.41089548053126218 0.0072892113460592692 0.054453824321373995 0.0050619768500608916 0.32605482342521541 0.033971730991598552 0.057223313845830411 0.030824899336162805 0.72625777244508283 0.48738265845723044 0.044697943704566229 0.0053456740531611603 0.29632218717806597 0.036999975741697604 0.033029700248243303 0.0059698140394744909 0.017482859941234091 0.092925470408914135 0.40612439856862342 0.38483050077253111 0.38967195902770041 0.003153751415996425 0.41550073510443686 0.35888913599390276 0.006278779205486606 0.36368778231480636
decision_type=2 2 2 2 2 2 2 2 2 2 2 2 2 2 2 2 2 2 2 2 2 2 2 2 2 2 2 2 2 2 2 2 2 2 2 2 2 2 2 2 2 2 2 2 2 2 2 2 2 2 2 2 2 2 2 2 2 2 2 2 2 2
left_child=3 5 -3 -1 -5 6 9 -8 15 -2 -10 -11 14 -14 -13 16 -7 35 -17 26 22 42 25 -19 -23 -21 27 28 29 30 34 33 -33 -32 -20 -18 37 38 39 40 -24 -42 43 50 45 -45 -47 -44 -41 -27 -22 -51 -39 54 55 57 -56 -38 59 -59 -57 -60
right_child=1 2 -4 4 -6 8 7 -9 10 11 -12 12 13 -15 -16 18 17 23 19 20 21 24 36 -25 -26 49 -28 -29 -30 -31 31 32 -34 -35 -36 -37 53 52 -40 48 41 -43 47 44 -46 46 -48 -49 -50 51 -52 -53 -54 -55 56 60 -58 58 61 -61 -62 -63
leaf_value=0.0006034826413167649 -3.4613070022527912e-05 0 -0.00047153619738572386 -0.00032122256790433453 0.00016628565728742871 0.00023791382989472623 0.00068633378579698761 4.9577902808978953e-05 -3.3870885412168394e-05 0.00043312355492995165 -0.00046498581845687428 9.1809405424070849e-05 0.00019070839158610091 -0.00020613767045570886 0.0004172879925667339 7.2482137589077792e-06 -0.00033900185390862064 5.2680519771170491e-05 0.00013556162805756478 -0.00021384772056115352 0.00011241783440472747 -8.7860725867276546e-06 0.00025450001748751351 -0.00013296804058084599 -0.0001448806351935702 0.00010271845145757665 -3.6963620096877782e-05 0.00021625283316267983 -0.00014947326864284458 0.00021414253094064956 0.00019664806721739241 -0.00014615782562449315 4.7903706995271963e-05 -1.530347047752253e-06 -0.00015489574762016922 0 -0.00012726181326821507 0.0003520466959965763 0.0003490296276197068 0 0.00021199552386434156 -0.00028415038705877554 0 0.00012490231999592839 0 0.00085323442809314646 0.00011097082817250519 -0.00025021454601991864 0.00037268579659772879 6.5618280315995914e-05 -5.6567585216501583e-05 -7.4480186620664091e-05 1.0287561061557357e-05 -9.1968856503253315e-05 0.00025174215210784049 -0.00046287526213232942 0 -7.8458808683740116e-05 0.00033551014417336142 8.9519601234534904e-05 -5.7392371780202112e-05 3.134538126207129e-05
leaf_weight=20 332 58 45 21 288 66 26 23 53 32 35 190 23 58 33 7942 20 1739 41 55 102 218 20 73 408 170 6403 109 143 59 203 224 375 197 240 4511 69 20 120 20 21 64 89 33 50 24 20 56 45 154 284 338 262 119 112 21 79 156 81 231 73 48
leaf_count=20 332 58 45 21 288 66 26 23 53 32 35 190 23 58 33 7942 20 1739 41 55 102 218 20 73 408 170 6403 109 143 59 203 224 375 197 240 4511 69 20 120 20 21 64 89 33 50 24 20 56 45 154 284 338 262 119 112 21 79 156 81 231 73 48
internal_value=5.17902e-07 -1.42461e-06 -0.000208346 0.000161833 0.000129826 -5.8852e-07 6.71605e-05 0.000408525 -2.49591e-06 4.05661e-05 -0.000217021 0.000117814 8.12034e-05 -8.10263e-05 0.000144622 -1.72778e-06 1.41522e-05 1.16626e-05 -6.99889e-06 -1.68769e-05 8.85936e-06 -3.99289e-05 3.67985e-05 4.46425e-05 -9.90928e-05 -1.16868e-05 -2.84696e-05 5.08629e-06 -9.78367e-06 4.39791e-06 -4.50479e-06 2.38738e-05 -2.301e-05 9.65698e-05 -0.000108925 -1.30646e-06 5.97087e-05 0.000110721 0.00017777 5.08685e-05 -6.30398e-05 -0.000149717 1.48447e-05 4.70387e-05 0.000226031 0.000375198 0.000539534 -9.21176e-05 0.000250049 3.62851e-06 -9.30585e-06 -2.85917e-05 3.81868e-05 2.91857e-05 4.69153e-05 1.82629e-05 0.000143478 4.84778e-05 7.39356e-05 1.92213e-05 -0.000159002 0.00023019
internal_weight=27144 26815 103 329 309 26712 717 49 25995 668 88 336 304 81 223 25907 6409 6343 19498 11556 3562 1284 2278 1812 626 717 7994 1591 1482 1339 1280 999 599 400 281 4531 1561 572 290 170 105 85 658 513 127 77 44 145 65 662 386 492 282 989 870 679 191 585 516 387 94 129
internal_count=27144 26815 103 329 309 26712 717 49 25995 668 88 336 304 81 223 25907 6409 6343 19498 11556 3562 1284 2278 1812 626 717 7994 1591 1482 1339 1280 999 599 400 281 4531 1561 572 290 170 105 85 658 513 127 77 44 145 65 662 386 492 282 989 870 679 191 585 516 387 94 129
is_linear=0
shrinkage=0.01


Tree=24
num_leaves=63
num_cat=0
split_feature=0 2 0 4 5 5 7 7 7 5 0 4 7 5 2 6 5 2 5 4 7 1 7 6 4 4 1 5 7 5 5 6 7 7 2 4 6 6 4 7 4 6 6 5 1 6 6 4 6 6 4 4 4 4 2 4 5 4 7 6 5 4
split_gain=0.0851488 0.047062 0.0553953 0.054691 0.0386258 0.0396418 0.0510115 0.0382829 0.0299586 0.0296871 0.0601499 0.027574 0.0272003 0.0266524 0.0245941 0.0612143 0.0295225 0.022188 0.051883 0.0476513 0.0592548 0.0401285 0.0273211 0.0220718 0.0217251 0.0235447 0.0515922 0.0451133 0.048806 0.037419 0.0266467 0.0250032 0.0220183 0.019653 0.0196192 0.0190536 0.0188727 0.0183247 0.0181483 0.0199713 0.0309781 0.0315669 0.0342959 0.0383314 0.0441771 0.0260109 0.0503906 0.02733 0.0254335 0.0240657 0.0244081 0.0201527 0.0243318 0.0196762 0.0190186 0.0174502 0.0168669 0.0201342 0.0282482 0.0275176 0.0319949 0.0257355
threshold=0.30056698617545202 0.51412718298726656 0.62707778734859165 0.0035916091015470754 0.41044339253338707 0.66819914462362762 0.32605482342521541 0.29219399947994673 0.44671934511796657 0.39748646058911924 0.42111417068571394 0.0040923892654326508 0.36368778231480636 0.27254474207798524 0.27744570283327646 0.066186756584107595 0.36741389021622706 0.25261523881039222 0.26691777009066803 0.0067142134687428875 0.37381847640976823 0.62931384834834081 0.37176207361667707 0.068014215365208755 0.0040402381065425723 0.0054141014965058227 0.62591977859978298 0.2467842099781358 0.4085167430629188 0.23868944985698906 0.21630763113365523 0.072562647065958344 0.55342135003920367 0.36368778231480636 0.63318187874850651 0.0062155203095239911 0.042803774591854069 0.003365839458554691 0.017697918560869292 0.31193813391182107 0.0059698140394744909 0.023399154193856183 0.048417550073179223 0.21822877097103607 0.5059508465700745 0.031323532979162128 0.18477346788605067 0.0034646109117880855 0.014439754505979676 0.023399154193856183 0.0092007079445079552 0.0094228955393078628 0.012575846251942016 0.0080858089100872502 0.30686239914935831 0.024602633047028925 0.19084894118296666 0.0067722324876322683 0.38889676045709926 0.000656995690108273 0.35428091864699085 0.011286817950556824
decision_type=2 2 2 2 2 2 2 2 2 2 2 2 2 2 2 2 2 2 2 2 2 2 2 2 2 2 2 2 2 2 2 2 2 2 2 2 2 2 2 2 2 2 2 2 2 2 2 2 2 2 2 2 2 2 2 2 2 2 2 2 2 2
left_child=7 4 3 -3 12 6 -6 -1 -8 24 -11 -4 38 35 15 16 33 18 19 20 21 -14 -20 -12 37 26 27 28 34 -28 -30 -29 55 -15 -26 -9 -10 -5 39 40 41 -2 -43 -44 -45 47 -47 48 -41 50 -49 -42 -53 -51 -48 -27 -19 -58 -59 -60 -61 -62
right_child=1 2 11 9 5 -7 8 13 36 10 23 -13 17 14 -16 -17 -18 56 22 -21 -22 -23 -24 -25 25 32 29 31 30 -31 -32 -33 -34 -35 -36 -37 -38 -39 -40 45 51 42 43 44 -46 46 54 49 -50 53 -52 52 -54 -55 -56 -57 57 58 59 60 61 -63
leaf_value=0.00052127292208459177 0.00021599309528556605 8.8720472340755882e-05 9.1473574877280125e-06 -0.00017915484976518782 0.00026323473907233295 -0.0001702691430531382 1.0503647336100214e-05 -0.00027743655955096762 0.00040997176483343131 0.00010716710127085185 -8.4963642888305382e-05 -0.00033520321561729269 -0.00013781185162773025 -0.00010867346527601652 2.6049104924142875e-05 -0.00024572116349866281 0.00040731850094096204 -2.2411930066970976e-06 0.00050006178996286617 8.5262592268080253e-05 3.0463778797367483e-05 -0.00055983337355214997 0.00012755288010188524 -0.00028008296912519748 9.8020473518881207e-06 1.9547713868633441e-05 3.2459131215596347e-05 -8.5940662856934821e-05 0.00059488988020601336 0.00048380257233855337 7.175479459310818e-05 0.00017125846901364677 -8.9383124207514968e-05 0.00021068803581260733 0.0001344515213423829 6.9051902113075077e-05 7.9085188303778135e-05 -3.1034990112742052e-06 3.8700890823821886e-05 -0.00060781819061291541 -0.00015400813780498495 -0.00024407700862030723 -0.00015478610401715938 0 0.00053892409023433593 1.5646955333920813e-05 -0.00055857168292070588 -6.9981494765632221e-06 -0.00019655087764752796 -0.0004758044393838343 -0.00020326224630234691 0.00018577741723185264 -0.00011858587759196652 -5.3353328979488219e-05 -0.00013007381541425763 -1.3878407447408363e-05 -7.6894659051582767e-06 -1.7141859195275799e-05 0.00026432071127654874 -6.320376429702878e-05 -0.00034699846575213667 -8.8981065747941997e-05
leaf_weight=26 87 927 27 105 117 74 656 27 32 148 332 68 99 20 128 24 92 4907 26 277 152 34 156 80 340 7005 38 302 29 48 22 41 217 89 221 31 60 163 164 22 182 48 41 43 27 319 21 247 106 30 91 48 56 27 38 1974 2988 1901 22 1340 80 102
leaf_count=26 87 927 27 105 117 74 656 27 32 148 332 68 99 20 128 24 92 4907 26 277 152 34 156 80 340 7005 38 302 29 48 22 41 217 89 221 31 60 163 164 22 182 48 41 43 27 319 21 247 106 30 91 48 56 27 38 1974 2988 1901 22 1340 80 102
internal_value=5.14979e-07 -1.71387e-06 1.28427e-05 1.48273e-05 -1.38169e-05 4.79314e-05 6.77718e-05 0.000138987 3.58302e-05 8.5456e-06 -6.20954e-05 -0.000226913 -1.81284e-05 0.00011225 0.000145899 0.000209596 0.00026903 -1.28951e-05 3.96115e-05 -6.20471e-06 -9.86108e-05 -0.00025355 0.000186505 -0.000125336 1.24071e-05 1.4816e-05 6.00726e-05 3.7728e-05 8.9786e-05 0.000296255 0.000389375 -5.22412e-05 9.58355e-06 0.000142878 6.07038e-05 -7.52326e-05 0.000205354 -7.58499e-05 -5.70977e-05 -6.87611e-05 -1.78386e-05 6.20469e-05 -1.59852e-05 7.37791e-05 0.000221948 -9.77134e-05 -3.10731e-05 -0.000143951 -0.000275463 -9.87447e-05 -6.28407e-05 -9.00442e-05 1.23269e-05 -0.000293653 -0.000300198 1.20877e-05 -1.64285e-05 -2.70947e-05 -4.36347e-05 -7.56022e-05 -8.11897e-05 -0.000208015
internal_weight=27144 26707 12087 11992 14620 939 865 437 748 11065 560 95 13681 411 353 225 201 12084 744 562 285 133 182 412 10505 10237 1041 955 612 86 51 343 9196 109 561 58 92 268 1597 1433 532 246 159 111 70 901 378 523 128 395 338 286 104 57 59 8979 11340 6433 3445 1544 1522 182
internal_count=27144 26707 12087 11992 14620 939 865 437 748 11065 560 95 13681 411 353 225 201 12084 744 562 285 133 182 412 10505 10237 1041 955 612 86 51 343 9196 109 561 58 92 268 1597 1433 532 246 159 111 70 901 378 523 128 395 338 286 104 57 59 8979 11340 6433 3445 1544 1522 182
is_linear=0
shrinkage=0.01


Tree=25
num_leaves=63
num_cat=0
split_feature=0 0 2 3 2 5 6 5 4 5 4 7 6 5 0 2 3 3 6 6 3 6 4 4 4 4 6 5 4 7 2 4 2 6 7 2 5 7 3 3 3 4 7 6 6 5 7 6 4 0 4 2 4 4 6 5 7 4 2 5 3 4
split_gain=0.0786687 0.0379583 0.0555128 0.058174 0.0587122 0.0609709 0.0530123 0.0605171 0.0606919 0.0339721 0.0306785 0.0303554 0.027209 0.0263847 0.0411515 0.0246881 0.0311832 0.0245568 0.0244148 0.023812 0.0329419 0.0666629 0.0318344 0.0280391 0.0246277 0.0339155 0.0232528 0.0260508 0.0231571 0.0229846 0.0616194 0.0214253 0.0207193 0.0257877 0.0235416 0.0200048 0.0359354 0.0199127 0.0248738 0.0189675 0.0372037 0.023832 0.0257745 0.0201772 0.0187308 0.0343673 0.0184349 0.0232023 0.0178992 0.0218505 0.0171188 0.0209509 0.0182728 0.0170677 0.0435078 0.0316108 0.0387932 0.0249009 0.0235205 0.0218181 0.02656 0.0435483
threshold=0.24923289139931212 0.35440265314182379 0.51273014844009113 0.0061002944587900823 0.8355137219350427 0.29009931875981515 0.18477346788605067 0.40197817760556709 0.0043131568958164552 0.42780136879592773 0.023222729597201043 0.36368778231480636 0.0071278978563746789 0.43500818518651413 0.43062524133388669 0.17740072495164033 0.0068233001540524262 0.018642664988654547 0.072562647065958344 0.0059776500173851178 0.0058021217062472043 0.023734727377111488 0.0054441409919618296 0.0052757256079578665 0.0036848242566615364 0.0041512226156106393 0.00063678043810494152 0.56686228788935888 0.0053824872773388646 0.37332965963895115 0.66715848174331216 0.0054141014965058227 0.47178853994852915 0.048417550073179223 0.31884729308642179 0.26379358130046343 0.26404710342201387 0.5680974003354522 0.0076406590456864869 0.018986538826126168 0.0086418181028260124 0.0087027026672000882 0.54878598612642071 0.041617139299258511 0.041051112243165232 0.36405158250417352 0.45536306913324326 0.02930605082922964 0.0057523702771070965 0.33756423348543207 0.0054799152774254491 0.39447421199500404 0.0057523702771070965 0.0018591303251098358 0.064136930030969777 0.24441785047011153 0.4085167430629188 0.0051032676259729218 0.71444306746764863 0.42780136879592773 0.0046206555882738207 0.0023009520426909109
decision_type=2 2 2 2 2 2 2 2 2 2 2 2 2 2 2 2 2 2 2 2 2 2 2 2 2 2 2 2 2 2 2 2 2 2 2 2 2 2 2 2 2 2 2 2 2 2 2 2 2 2 2 2 2 2 2 2 2 2 2 2 2 2
left_child=15 6 9 19 13 10 7 35 -9 11 -6 17 -12 37 -15 16 -1 32 31 24 28 -22 23 -23 29 -26 -11 -28 53 30 -4 -16 -3 34 -34 36 48 39 -39 40 -5 42 43 -42 -37 -46 47 -33 49 -2 51 -29 -52 54 -21 56 -55 -58 -56 -57 61 -61
right_child=1 2 3 4 5 -7 -8 8 -10 26 12 -13 -14 14 18 -17 -18 -19 -20 20 21 22 -24 -25 25 -27 27 50 -30 -31 -32 46 33 -35 -36 44 -38 38 -40 -41 41 -43 -44 -45 45 -47 -48 -49 -50 -51 52 -53 -54 55 58 59 57 -59 -60 60 -62 -63
leaf_value=0.00017666417621473824 -0.00020442586435186476 -9.4386122164964072e-05 4.3452944107417797e-05 -3.5107964859014923e-06 -0.00021061383868470557 -0.00053431188254325374 -0.00039739494275308824 0.00044627506172691518 9.9056153267280657e-05 -0.00024834853443276797 0.00039264828273076653 -1.4833196993751903e-05 -4.5616224477204469e-05 0.00010039645289984078 0.0001851218033421835 0.00010734750430512319 0.00075324450147236681 5.2725845645686994e-05 -0.00033852122447144061 0.00045384883559892477 6.0474215856579482e-05 0.00030356630195214711 0.00011684138938413617 0.00093396875886848907 -0.00015085000963834129 1.6327036134396027e-05 0.00010313226283742041 0.00022028201314585528 -8.7988520195438535e-05 0 0.00059803575806418718 -0.00019946361771207028 9.3495742688624235e-05 0.00021316814442683834 -0.00016677706202877129 -3.01147174479714e-05 0.00014755733300374931 2.2071974916290637e-05 -0.00022804089099257144 -9.6653939789598516e-06 0.00023592606957514422 3.7179635530507646e-05 -8.7799479062925659e-05 1.7615872391761309e-05 0.00019612748075277075 -0.00015620679409505847 -0.00034645200642153531 6.7087436245558805e-05 5.2813633989671068e-05 6.0389067377375605e-05 -0.00042970851184197917 -0.00010207619118571579 -2.8955649749949177e-05 7.884172119104395e-05 0.00013846742891652979 -2.1138352539099513e-05 0.00060761991290902474 7.4740317672208586e-05 -0.00013368516043330621 -8.8651717968308302e-05 -9.5482104836188238e-05 0.00032910184930507504
leaf_weight=28 78 1119 74 2913 74 39 26 69 234 23 20 11222 38 82 22 57 21 152 58 40 136 21 24 20 147 663 473 37 98 96 30 65 57 50 79 668 294 66 80 3289 171 2270 38 70 101 35 34 58 198 44 20 40 41 649 146 582 25 21 37 32 38 77
leaf_count=28 78 1119 74 2913 74 39 26 69 234 23 20 11222 38 82 22 57 21 152 58 40 136 21 24 20 147 663 473 37 98 96 30 65 57 50 79 668 294 66 80 3289 171 2270 38 70 101 35 34 58 198 44 20 40 41 649 146 582 25 21 37 32 38 77
internal_value=1.42317e-06 3.34377e-07 -2.7001e-06 1.25301e-05 2.40096e-07 -0.00018319 4.5468e-05 5.27623e-05 0.000181546 -1.68957e-05 -7.15536e-05 -2.05252e-05 8.87135e-05 3.75404e-06 -8.53515e-05 0.000273207 0.000445167 -6.36755e-05 -0.000153852 5.12183e-05 7.17602e-05 0.000195049 0.000460736 0.000636935 1.06463e-05 -1.2793e-05 5.41035e-05 6.71639e-05 5.69755e-05 0.000110532 0.000213456 -8.82754e-05 -7.80026e-05 1.51868e-05 -5.03561e-05 2.45275e-05 6.76706e-05 7.06222e-06 -0.000108194 9.10062e-06 2.05838e-05 4.85105e-05 0.000137072 0.000176698 -7.18071e-06 9.80575e-05 -0.000133045 -6.5697e-05 -2.62456e-06 -0.000100758 -4.88632e-05 3.99378e-05 -0.000177205 6.62132e-05 0.000150021 5.23769e-05 0.000100711 0.000386731 7.79376e-05 4.91775e-06 0.000114821 0.000197324
internal_weight=27509 27403 25656 12343 9387 171 1747 1721 303 13313 132 12679 58 9216 319 106 49 1457 237 2956 1946 201 65 41 1010 810 634 611 1745 200 104 179 1305 186 136 1418 614 8897 146 8751 5462 2549 279 241 804 136 157 123 320 122 138 77 61 1647 223 1424 695 46 183 729 147 109
internal_count=27509 27403 25656 12343 9387 171 1747 1721 303 13313 132 12679 58 9216 319 106 49 1457 237 2956 1946 201 65 41 1010 810 634 611 1745 200 104 179 1305 186 136 1418 614 8897 146 8751 5462 2549 279 241 804 136 157 123 320 122 138 77 61 1647 223 1424 695 46 183 729 147 109
is_linear=0
shrinkage=0.01


Tree=26
num_leaves=63
num_cat=0
split_feature=0 8 7 0 2 3 2 3 8 3 1 1 7 1 7 2 6 2 3 3 3 2 6 2 1 1 1 3 3 8 7 0 2 7 6 6 3 7 8 6 7 2 6 2 3 7 3 8 3 2 6 3 6 6 7 7 6 2 6 8 1 8
split_gain=0.0772153 0.0511387 0.0839936 0.0438664 0.0542575 0.0594101 0.0494887 0.040202 0.0387891 0.0877904 0.0297061 0.0331415 0.0242934 0.0343806 0.0238372 0.0236738 0.021406 0.0300387 0.0210403 0.0201449 0.0324182 0.0198416 0.0193324 0.0181653 0.01809 0.0168665 0.0165626 0.0165063 0.025501 0.025842 0.0198322 0.0193503 0.0213377 0.0300884 0.0184617 0.0188436 0.0200814 0.0328178 0.0173833 0.0309624 0.0299921 0.0276193 0.0219916 0.0211188 0.0215166 0.0156318 0.0150193 0.0149989 0.0311287 0.0237994 0.0160951 0.0193927 0.0212449 0.0174845 0.0149503 0.0188648 0.0144387 0.0176738 0.014139 0.0137617 0.0137401 0.0161118
threshold=0.24923289139931212 0.12741321144847101 0.29219399947994673 0.35440265314182379 0.51273014844009113 0.0061002944587900823 0.8355137219350427 0.026650811719362066 0.027440417890956581 0.0058021217062472043 0.63351820349175825 0.53402579144397144 0.31622877286552104 0.49928942776151697 0.5680974003354522 0.79851113443178678 0.035609166403868402 0.2690943635077308 0.0076406590456864869 0.017417859709157418 0.007426275700942106 0.27744570283327646 0.032206939491707713 0.52253588222090153 0.6223077436659773 0.76078795705142721 0.54054582501619863 0.018986538826126168 0.0086418181028260124 0.053019915115899451 0.43495287715170361 0.42571085237496703 0.5713992691224502 0.43182003288682974 0.022837170188163568 0.033506780195521925 0.0070801584615627893 0.39000296116419692 0.029644139732288608 0.05056845288633368 0.39302531498713245 0.64036862559174568 0.043943914804841964 0.68482075171480983 0.0081326812234259974 0.37676191659798658 0.0020530940581994835 0.047975840679072811 0.003153751415996425 0.31319800542508358 0.02132911238871504 0.0023475710161496603 0.081188495095779883 0.033971730991598552 0.31193813391182107 0.37228118475253047 0.041051112243165232 0.47328581361554384 0.022837170188163568 0.0028784416149744245 0.60299749955422388 0.0012569376428338216
decision_type=2 2 2 2 2 2 2 2 2 2 2 2 2 2 2 2 2 2 2 2 2 2 2 2 2 2 2 2 2 2 2 2 2 2 2 2 2 2 2 2 2 2 2 2 2 2 2 2 2 2 2 2 2 2 2 2 2 2 2 2 2 2
left_child=10 3 -3 16 25 8 14 -8 15 12 11 -1 13 -10 27 26 17 22 -16 20 24 -4 -2 -23 46 47 -6 28 34 31 -31 -30 33 -33 45 36 -36 -38 40 41 -37 -40 -43 44 -41 -7 -18 48 50 -49 54 52 53 -52 -5 -56 -48 -58 -35 -28 61 -50
right_child=1 2 21 4 5 6 7 -9 9 -11 -12 -13 -14 -15 18 -17 19 -19 -20 -21 -22 23 -24 -25 -26 -27 59 -29 29 30 -32 32 -34 58 35 38 37 -39 39 43 -42 42 -44 -45 -46 -47 56 49 60 -51 51 -53 -54 -55 55 -57 57 -59 -60 -61 -62 -63
leaf_value=0.00037607848595239607 9.7574103027818168e-05 0.0003941863925276299 -0.00047063501767633415 0.00014060026565040855 1.0106006748012025e-05 0 -0.00029236476661926035 8.5887301160819301e-06 7.7559017141952077e-05 0.00059249883867174458 0.00056405848614685897 -1.6818224499997572e-05 5.8133129542459768e-05 0.0004724087799444337 1.6452089874468808e-06 0.00023616433003346472 0 -1.034151348446849e-05 -0.00021076466662384781 0.00041530228413447933 -7.3976949299230407e-06 -7.6849899883119026e-05 -0.00020390119250696985 -0.00036146285775763066 -4.7963411367286841e-05 -0.00016091790824552079 6.0842783650271623e-06 -1.1124790940558946e-05 0.00010979455238573725 -1.2792184221757981e-05 -0.00040747281149034143 5.9979128951985247e-06 4.9703580558041896e-05 0 2.0315769407765027e-05 4.9296190755313872e-05 0.00038227077121358847 4.2642028305134538e-05 4.7442717210106135e-05 5.0100483283173312e-05 -0.00018867086075077474 0.00012191368546151366 0.00063470747321844087 -0.00022932818312237986 -0.00026778030133648936 -5.8768538117798453e-05 3.5924619344937664e-05 -8.2382416138089209e-05 5.7767057928012279e-06 8.7160127918555806e-05 -0.00017227047438616566 -0.00018665698174078185 -0.00031264340914631284 7.3781727552999797e-05 -0.00017870110949616319 5.9261415653551265e-05 0.00035694289346153502 8.6612625944107365e-06 -0.00031138610495099497 0.00011135543711614473 2.7328611191567931e-05 -2.2603646085019872e-05
leaf_weight=36 546 22 37 48 1637 1442 103 67 69 38 28 42 493 39 73 57 30 752 96 23 161 84 20 39 25 81 221 3311 398 47 21 451 1706 24 166 94 55 75 83 223 108 25 20 40 23 680 36 106 2517 321 39 226 24 108 70 55 102 24 48 362 757 8855
leaf_count=36 546 22 37 48 1637 1442 103 67 69 38 28 42 493 39 73 57 30 752 96 23 161 84 20 39 25 81 221 3311 398 47 21 451 1706 24 166 94 55 75 83 223 108 25 20 40 23 680 36 106 2517 321 39 226 24 108 70 55 102 24 48 362 757 8855
internal_value=1.41156e-06 3.3253e-07 -0.000166641 1.48626e-06 -1.77178e-06 1.33015e-05 9.35726e-07 -0.000167939 5.27303e-05 0.000122156 0.000270673 0.000151964 9.06604e-05 0.000229699 4.16357e-06 3.28034e-05 5.03995e-05 2.98983e-05 -0.000113153 0.000115265 9.42593e-05 -0.000250199 8.51207e-05 -0.000175437 0.000174257 -1.58799e-05 2.71211e-05 6.46862e-06 1.68111e-05 3.92217e-05 -0.000149782 4.45003e-05 3.23886e-05 -2.21791e-05 -2.7666e-06 3.4469e-05 0.000100101 0.000194201 1.29724e-06 3.99801e-05 -7.30161e-05 0.000169868 0.000372897 -1.46954e-05 1.62198e-05 -1.9242e-05 0.000208407 -1.49075e-05 -1.69243e-05 4.27215e-05 -8.9452e-05 -0.000124648 -3.67895e-05 1.63174e-06 -2.8814e-06 -6.60403e-05 0.00024645 0.000298593 -0.00021231 7.31728e-05 -1.34327e-05 -1.62342e-05
internal_weight=27509 27403 182 27221 25502 12295 9379 170 2916 639 106 78 601 108 9209 2277 1719 1318 169 401 378 160 566 123 217 13207 2220 9040 5729 2695 68 2627 2229 523 3034 912 296 130 616 414 202 128 45 286 246 2122 192 13126 12699 427 570 397 171 147 173 125 162 126 72 583 12129 11372
internal_count=27509 27403 182 27221 25502 12295 9379 170 2916 639 106 78 601 108 9209 2277 1719 1318 169 401 378 160 566 123 217 13207 2220 9040 5729 2695 68 2627 2229 523 3034 912 296 130 616 414 202 128 45 286 246 2122 192 13126 12699 427 570 397 171 147 173 125 162 126 72 583 12129 11372
is_linear=0
shrinkage=0.01


Tree=27
num_leaves=63
num_cat=0
split_feature=5 4 5 6 6 1 7 6 8 3 8 7 4 1 5 7 1 3 8 6 7 3 5 3 7 7 7 3 4 7 4 3 6 6 8 5 7 4 5 7 7 4 5 3 8 7 5 3 3 6 8 5 5 1 7 7 5 3 4 4 3 7
split_gain=0.0410832 0.0659063 0.0577786 0.0351473 0.0645676 0.0432225 0.0368161 0.0348142 0.0298197 0.0293193 0.0291688 0.0838918 0.0331701 0.0562497 0.0559447 0.0441138 0.0402627 0.0259707 0.0272848 0.0248049 0.0245043 0.0374436 0.0244084 0.0249713 0.0232785 0.0254611 0.0237269 0.0595411 0.0311404 0.0225772 0.0685998 0.0282314 0.0222291 0.0419935 0.021478 0.0196195 0.0186326 0.0431592 0.0364062 0.0350761 0.0230372 0.0294492 0.0344295 0.0489373 0.0328825 0.0233227 0.0215864 0.0216986 0.0191849 0.0229556 0.0174307 0.0272748 0.0416399 0.0303469 0.0274906 0.0214951 0.0222322 0.0178633 0.0412187 0.0200607 0.0460614 0.0347594
threshold=0.42780136879592773 0.0041942579653136127 0.66819914462362762 0.068014215365208755 0.021648513370367679 0.52464813188668413 0.43182003288682974 0.14735907947828483 0.0013657634127761439 0.004558696088145733 0.12741321144847101 0.31884729308642179 0.0018591303251098358 0.31722211601169759 0.24441785047011153 0.34905194532104322 0.44134973253638538 0.011598551308847412 0.031428882359342707 0.00076211500052559666 0.3286174298591335 0.0028911168921700757 0.56686228788935888 0.00046745135573235467 0.35999049734224575 0.37249721378272388 0.3853778920949934 0.0073245187602748374 0.0057152846292554292 0.29812747837101033 0.0060805883275158179 0.0083742912078839035 0.016861541695978786 0.057223313845830411 0.018701708564588099 0.48056441479815754 0.47608301434277184 0.0054799152774254491 0.25292809038091557 0.85757273245549304 0.85757273245549304 0.0073474283202968555 0.30829319532449556 0.0097912290929691292 0.014413973228860592 0.53394203039969779 0.31200587914822403 0.0080279480433129054 0.0072482899734884173 0.021648513370367679 0.028670149091304827 0.30276698296185262 0.35428091864699085 0.47648884543365139 0.44991017203809269 0.44991017203809269 0.2013572325661353 0.0086418181028260124 0.0093141933537986468 0.0026706568164350988 0.003153751415996425 0.37560333963673459
decision_type=2 2 2 2 2 2 2 2 2 2 2 2 2 2 2 2 2 2 2 2 2 2 2 2 2 2 2 2 2 2 2 2 2 2 2 2 2 2 2 2 2 2 2 2 2 2 2 2 2 2 2 2 2 2 2 2 2 2 2 2 2 2
left_child=10 2 7 4 8 6 -5 9 19 20 12 -12 13 -1 -15 29 -16 24 -19 35 21 -2 23 -9 -6 -26 27 -27 -28 30 32 -32 -14 -34 -30 -3 50 38 39 -38 41 45 -43 -44 -45 48 -47 -48 -39 -50 57 55 54 -54 -53 -52 -57 59 -59 -17 61 -61
right_child=1 3 -4 5 17 -7 -8 22 -10 -11 11 -13 15 14 16 36 -18 18 -20 -21 -22 -23 -24 -25 25 26 28 -29 34 -31 31 -33 33 -35 -36 -37 37 40 -40 -41 -42 42 43 44 -46 46 47 -49 49 -51 51 52 53 -55 -56 56 -58 58 -60 60 -62 -63
leaf_value=-0.00036028563043999167 0.00019074052524962901 -0.00026680458191442012 -0.00020105760176314852 8.2854488139192197e-05 0.00046310476883804313 -0.00039315595351283451 -0.00019058415217192045 0.00013462507372460753 -0.00010759680971561768 5.1081413733369959e-05 0.00031083568031417915 -0.00032593734061923198 0.00029531860866531144 -1.0766601835985502e-05 2.4864980110073353e-05 9.459786829420882e-05 0.00035225508469504947 -0.00010134969294417998 0.00028421810988522297 0.0002158872214646853 0.00018381200171769957 0.00058796890964405368 0.00022882938262439555 -0.0002644440924697683 -0.00015919373893259067 1.1777476681960545e-06 0.00028021080667451817 0.0007648826493961711 0.00022025123290160355 -8.8683344181480074e-05 -0.00020919838860490643 0 -2.4986937835315409e-05 0.00047083739636104494 -7.0013625725345055e-05 8.8225520392142426e-05 0.000473800734478024 0 -6.8057727764317484e-06 8.818417064124737e-05 -0.00018413632816112192 -3.2401124673394584e-05 -0.00027807747194805063 -0.00015014494656311536 0.00028125903765363418 1.6477936024937818e-05 -2.9547722583749973e-05 -0.00036287117025697509 0.00045497094555173339 0.00010142585210191347 1.8052113538593673e-06 0.00022326986396025388 -0.00014040829287611235 9.9510789836948287e-05 -8.5001727648980886e-05 0 0.00041607717016419225 9.3184245543843187e-05 5.8510589517114319e-06 -0.00033335689941650849 -6.7956192174563631e-06 -3.5671462634268579e-05
leaf_weight=24 58 27 41 110 29 42 86 22 279 87 26 83 67 143 64 186 123 76 24 64 157 57 33 40 22 24 74 22 36 861 131 117 96 20 83 31 41 140 123 76 100 1807 140 37 32 255 64 34 23 194 1340 228 92 123 28 27 26 580 8595 76 9764 99
leaf_count=24 58 27 41 110 29 42 86 22 279 87 26 83 67 143 64 186 123 76 24 64 157 57 33 40 22 24 74 22 36 861 131 117 96 20 83 31 41 140 123 76 100 1807 140 37 32 255 64 34 23 194 1340 228 92 123 28 27 26 580 8595 76 9764 99
internal_value=1.40037e-06 5.18795e-05 0.000146764 5.25371e-06 3.82322e-05 -0.000100121 -3.20603e-05 0.000180415 -4.90613e-05 0.000225511 -1.5219e-06 -0.000164735 -7.95101e-07 9.52637e-05 0.000131523 -2.16702e-06 0.000245625 0.000130541 0 7.65912e-05 0.000277589 0.000396656 0 -0.000106747 0.000178514 0.000142898 0.000174943 0.000388987 0.000118574 -5.91101e-05 0 -0.000108381 0.000146797 5.22187e-05 9.51249e-06 -6.00102e-05 8.28277e-07 -2.2159e-05 0.000105565 0.000232144 -3.33633e-05 -2.7459e-05 -4.71468e-05 -0.000169778 3.55722e-05 2.70338e-05 -2.8503e-05 -0.000155636 8.47412e-05 0.000143697 4.20576e-06 3.34297e-05 9.9464e-05 0 0.000185628 1.03789e-05 0.000207905 1.33132e-06 1.14818e-05 -7.76802e-06 -9.78525e-06 -0.00017078
internal_weight=27509 1524 495 1029 791 238 196 454 401 359 25985 109 25876 354 330 25522 187 390 100 122 272 115 95 62 290 261 239 46 193 1292 431 248 183 116 119 58 24230 3066 240 117 2826 2726 2016 209 69 710 353 98 357 217 21164 1864 471 215 256 1393 53 19300 9175 10125 9939 175
internal_count=27509 1524 495 1029 791 238 196 454 401 359 25985 109 25876 354 330 25522 187 390 100 122 272 115 95 62 290 261 239 46 193 1292 431 248 183 116 119 58 24230 3066 240 117 2826 2726 2016 209 69 710 353 98 357 217 21164 1864 471 215 256 1393 53 19300 9175 10125 9939 175
is_linear=0
shrinkage=0.01


Tree=28
num_leaves=63
num_cat=0
split_feature=0 8 7 0 2 5 5 5 7 0 8 1 1 1 8 5 2 7 2 6 5 5 2 8 7 2 5 8 8 5 2 7 6 5 6 5 7 7 1 2 6 2 8 7 5 8 6 7 7 7 7 7 1 0 7 8 5 2 1 1 6 7
split_gain=0.0756344 0.049387 0.0813369 0.0430215 0.0528789 0.0524403 0.0385915 0.0313427 0.0312048 0.0300016 0.0295319 0.0289643 0.0325322 0.0286764 0.0361948 0.0282498 0.038394 0.0243075 0.0232232 0.0235779 0.0219389 0.0217716 0.0213968 0.0208249 0.0203601 0.0201686 0.0406691 0.0396664 0.0213408 0.0209697 0.0191818 0.0186775 0.0230049 0.0186404 0.0184589 0.0228797 0.0180414 0.0183461 0.0178564 0.0177048 0.0166464 0.0164278 0.0161168 0.0269182 0.0245502 0.0191268 0.0193246 0.015958 0.0201646 0.0157901 0.0305618 0.0157394 0.0155117 0.0150895 0.0146687 0.0280017 0.0201321 0.0196973 0.0144737 0.0144304 0.0148759 0.0362184
threshold=0.24923289139931212 0.12741321144847101 0.29219399947994673 0.35440265314182379 0.51273014844009113 0.48056441479815754 0.66819914462362762 0.42780136879592773 0.35999049734224575 0.5451733283033765 0.014609859614756774 0.63351820349175825 0.53402579144397144 0.5739370965912306 0.019724670802045929 0.20333633336612641 0.86721475903900525 0.34905194532104322 0.60218945098566634 0.066186756584107595 0.60494817948310009 0.39748646058911924 0.47486962177573316 0.0033899227337033416 0.37176207361667707 0.2690943635077308 0.31023880564541045 0.021786919142452937 0.016644901512678206 0.44209606120237027 0.27744570283327646 0.44991017203809269 0.021967914352020317 0.36405158250417352 0.0081689833345462513 0.27662684863462605 0.72625777244508283 0.62341493892899902 0.6084624327511442 0.52253588222090153 0.00063678043810494152 0.69104669151500631 0.012803351833714217 0.30335863411656766 0.30470992937873859 0.044814452062248343 0.08688717463551901 0.32287616187972584 0.382116047991854 0.37581573629222148 0.36728129019662298 0.31884729308642179 0.76078795705142721 0.46470283522913186 0.41333428576270359 0.041054521710741108 0.42105520799565938 0.64759388045524979 0.43484193687208389 0.60299749955422388 0.0020599341791394778 0.37632145810861622
decision_type=2 2 2 2 2 2 2 2 2 2 2 2 2 2 2 2 2 2 2 2 2 2 2 2 2 2 2 2 2 2 2 2 2 2 2 2 2 2 2 2 2 2 2 2 2 2 2 2 2 2 2 2 2 2 2 2 2 2 2 2 2 2
left_child=11 3 -3 5 7 25 31 17 13 36 24 12 -1 21 -15 -11 54 22 -16 -20 47 -6 23 -5 -9 26 28 -27 -2 33 -4 32 -7 -29 35 -25 37 -10 -28 -32 -26 -23 43 44 -36 -44 -47 -12 -49 50 -30 -24 59 -42 55 -17 57 -56 -45 60 61 -19
right_child=1 2 30 4 8 6 -8 10 9 15 20 -13 -14 14 18 16 -18 52 19 -21 -22 41 51 34 40 27 38 29 49 -31 39 -33 -34 -35 42 -37 -38 -39 -40 -41 53 -43 45 58 -46 46 -48 48 -50 -51 -52 -53 -54 -55 56 -57 -58 -59 -60 -61 -62 -63
leaf_value=0.00037248695718119346 6.7233823131252678e-05 0.00038785311211376214 -0.00046307025661797453 0.00010824252887835669 1.6020269575469876e-05 0.00018335258213439826 -0.00010290270898284651 -0.00029081674050576836 1.2968218622001838e-05 0.00024722562276783232 0.00033850144175395926 0.0005577964544481866 -1.6600808530776026e-05 -3.5322396608857679e-05 4.6529296578288669e-05 -5.1553264141056629e-05 -0.0003226178080097659 -1.6493127391075583e-05 0.00063252164607989448 0.00018151697284209622 -5.7947438925006495e-05 0.00019254741229109105 0.00013681917975205584 -0.00013156965759749664 -0.00024547114637448532 -3.4763288838581273e-05 0.00014389460814053515 0.00015254314805155649 0 0.00042125967322802384 -7.4846396344628322e-05 0 0.00055964179741767978 -3.6720830087635456e-05 9.5163467075248402e-06 -0.00053238306819457248 -9.6238444826773678e-05 0.00025801669967950733 0.00042257734964249371 -0.00035599114463838471 -1.7378459654236713e-05 -5.0801485321549797e-05 -0.00016166992563638262 8.137296489999976e-06 0.00040159389364332731 0.00025489886347768886 -8.142077061991436e-05 2.0701441440503645e-06 0.0002024118117917555 2.5644609865832972e-05 -0.00042534451306804521 -9.8622768081375119e-05 -0.00015792812552030083 0.00015134046386417035 -8.2661058645923038e-05 -0.00037432917510159307 -0.00013326049818967463 0.00019857914233423432 -0.00023264678327328088 2.6708578556164822e-05 -2.351240358622083e-05 7.5335837785719985e-05
leaf_weight=36 341 22 37 44 621 42 22 25 10663 26 46 28 42 36 30 261 60 1855 32 31 50 140 78 68 23 691 159 132 45 22 84 20 45 74 108 23 149 31 34 39 149 27 292 29 20 23 65 103 122 62 30 40 77 76 31 32 49 76 62 784 8488 557
leaf_count=36 341 22 37 44 621 42 22 25 10663 26 46 28 42 36 30 261 60 1855 32 31 50 140 78 68 23 691 159 132 45 22 84 20 45 74 108 23 149 31 34 39 149 27 292 29 20 23 65 103 122 62 30 40 77 76 31 32 49 76 62 784 8488 557
internal_value=1.38822e-06 3.19912e-07 -0.000163768 1.45434e-06 -1.77182e-06 4.98947e-05 0.000244968 -1.56999e-05 1.31081e-05 8.48484e-06 5.48488e-05 0.000267879 0.000150421 6.93751e-05 0.000209717 -6.43155e-05 -8.22389e-05 -1.91021e-05 0.000315249 0.000427086 0.000120304 4.51077e-05 -7.10006e-05 -9.1582e-05 -1.84694e-05 3.34247e-05 7.51508e-05 1.86581e-06 2.328e-05 0.000117228 -0.000246057 0.00032586 0.000389885 7.97183e-05 -0.000105787 -0.000244324 1.21696e-05 1.37745e-05 0.000198361 -0.00017233 5.06045e-06 0.000147212 -8.30344e-05 -9.62946e-06 7.88505e-05 -0.000122694 0 0.00015689 0.000115184 -7.87985e-05 -0.000178373 4.8525e-05 -1.52568e-05 3.52105e-05 -4.78257e-05 -9.03327e-05 2.56119e-05 0.00010776 -0.000145012 -1.42296e-05 -1.72661e-05 4.30048e-06
internal_weight=27509 27403 182 27221 25502 1719 129 13207 12295 11378 594 106 78 917 129 535 509 12613 93 63 321 788 852 734 273 1590 671 919 478 228 160 107 87 206 690 91 10843 10694 193 123 248 167 599 219 128 380 88 271 225 137 75 118 11761 225 449 293 156 107 91 11684 10900 2412
internal_count=27509 27403 182 27221 25502 1719 129 13207 12295 11378 594 106 78 917 129 535 509 12613 93 63 321 788 852 734 273 1590 671 919 478 228 160 107 87 206 690 91 10843 10694 193 123 248 167 599 219 128 380 88 271 225 137 75 118 11761 225 449 293 156 107 91 11684 10900 2412
is_linear=0
shrinkage=0.01


Tree=29
num_leaves=63
num_cat=0
split_feature=5 4 5 6 6 1 7 6 8 3 8 7 4 1 5 7 1 3 8 6 5 3 7 3 7 7 7 3 4 7 4 3 6 6 8 5 4 8 7 7 6 7 5 5 4 8 6 6 7 4 6 5 4 4 4 7 4 3 7 4 5 5
split_gain=0.0393826 0.0644506 0.0560745 0.0343649 0.0628718 0.042093 0.0359259 0.0339962 0.0292908 0.0285329 0.0280064 0.0812122 0.0323314 0.0550397 0.0544311 0.0428682 0.0388421 0.0254534 0.0267674 0.0240891 0.0239483 0.0244043 0.0235662 0.0366029 0.0225228 0.0249544 0.0233006 0.0581584 0.0305331 0.0219729 0.0670441 0.0275443 0.0216128 0.0410176 0.0209746 0.0191925 0.0182028 0.0173984 0.024017 0.0423454 0.0853813 0.0188581 0.0424033 0.0254485 0.0233178 0.0222129 0.0177758 0.0171966 0.0391901 0.0316837 0.0435797 0.0300547 0.0612129 0.0460154 0.0342183 0.0326736 0.0268493 0.0268465 0.0423364 0.0257272 0.046711 0.023778
threshold=0.42780136879592773 0.0041942579653136127 0.66819914462362762 0.068014215365208755 0.021648513370367679 0.52464813188668413 0.43182003288682974 0.14735907947828483 0.0013657634127761439 0.004558696088145733 0.12741321144847101 0.31884729308642179 0.0018591303251098358 0.31722211601169759 0.24198256509161645 0.34905194532104322 0.44134973253638538 0.011598551308847412 0.031428882359342707 0.00076211500052559666 0.56686228788935888 0.00046745135573235467 0.3286174298591335 0.0028911168921700757 0.35999049734224575 0.37249721378272388 0.3853778920949934 0.0073245187602748374 0.0057152846292554292 0.29812747837101033 0.0060805883275158179 0.0083742912078839035 0.016861541695978786 0.057223313845830411 0.018701708564588099 0.48056441479815754 0.029121409851578923 0.028234846011535534 0.72625777244508283 0.55974157161048865 0.047513928308630306 0.38153792790086227 0.30276698296185262 0.38967195902770041 0.0023009520426909109 0.0718739797584068 0.075119876444379771 0.0021246229855501385 0.37618951886440372 0.023222729597201043 0.0016414784626705159 0.27254474207798524 0.0093141933537986468 0.0060198250442060801 0.013899135966855486 0.37313734696265216 0.012774966113961488 0.0058575056396063009 0.3723662752241676 0.018532347762965005 0.36405158250417352 0.19193547356577942
decision_type=2 2 2 2 2 2 2 2 2 2 2 2 2 2 2 2 2 2 2 2 2 2 2 2 2 2 2 2 2 2 2 2 2 2 2 2 2 2 2 2 2 2 2 2 2 2 2 2 2 2 2 2 2 2 2 2 2 2 2 2 2 2
left_child=10 2 7 4 8 6 -5 9 19 22 12 -12 13 -1 -15 29 -16 24 -19 35 21 -9 23 -2 -6 -26 27 -27 -28 30 32 -32 -14 -34 -30 -3 37 47 39 41 -41 42 44 -44 -39 -43 -46 48 51 59 -51 53 -53 57 56 -56 -54 -17 -59 -50 -61 -49
right_child=1 3 -4 5 17 -7 -8 20 -10 -11 11 -13 15 14 16 36 -18 18 -20 -21 -22 -23 -24 -25 25 26 28 -29 34 -31 31 -33 33 -35 -36 -37 -38 38 -40 40 -42 45 43 -45 46 -47 -48 61 49 50 -52 52 54 -55 55 -57 -58 58 -60 60 -62 -63
leaf_value=-0.00035645299712369893 0.00018689697834369749 -0.00026343712122463086 -0.00019785740583287575 8.115467947648059e-05 0.00045613854311813063 -0.00038877062296003738 -0.00018887817083277096 0.00013194180612043557 -0.00010683731718530215 5.0090541399843749e-05 0.00030622424095712059 -0.00032012835336815752 0.00029169556698715039 -1.1184691735958874e-05 2.4406256167982327e-05 -5.2290783616069503e-05 0.00034587839987739848 -0.00010121649639840957 0.00028056821865087597 0.00021297803711997529 0.00022621094922006154 -0.00026219659098226602 0.00018149136579853384 0.00057988828296435505 -0.0001581335154138674 8.9629329122695455e-07 0.00027665119843820477 0.00075619468760436479 0.00021699304107145775 -8.7435619920313602e-05 -0.00020667425866377655 0 -2.4428732402944449e-05 0.00046549631097349362 -6.99344148614083e-05 8.7664188024789321e-05 -2.4999056088352772e-05 -0.00018709745539231923 -7.3352129245630405e-05 0.0008378710760387466 7.9438129715059326e-06 1.8177194750995335e-05 0.00028235180050448737 0 0 -0.00018479557921074466 0.00012792429719550385 1.0077916571621844e-05 8.142754885114741e-05 0.00059902528357973954 2.1739460280727689e-05 0.00014718812537290677 -5.5773862400203912e-05 7.710759793365106e-06 0.00014162323840171889 -0.00016182417818582712 -0.00035745965868896797 -0.00053608529671527599 -8.1743819435020198e-05 1.2210218125532832e-05 -0.00044818586407801799 -1.6620270832077244e-05
leaf_weight=24 58 27 41 110 29 42 86 22 279 87 26 83 67 142 64 759 124 76 24 64 33 40 157 57 22 24 74 22 36 861 131 117 96 20 83 31 2444 44 195 20 39 1159 128 39 305 56 183 5704 895 26 34 386 176 2889 148 44 39 32 77 439 23 7947
leaf_count=24 58 27 41 110 29 42 86 22 279 87 26 83 67 142 64 759 124 76 24 64 33 40 157 57 22 24 74 22 36 861 131 117 96 20 83 31 2444 44 195 20 39 1159 128 39 305 56 183 5704 895 26 34 386 176 2889 148 44 39 32 77 439 23 7947
internal_value=1.37526e-06 5.07989e-05 0.000144623 4.68326e-06 3.73076e-05 -9.9515e-05 -3.22656e-05 0.000177791 -4.88137e-05 0.000222349 -1.48509e-06 -0.000161414 -7.72144e-07 9.40641e-05 0.000129956 -2.1271e-06 0.000241829 0.000128411 0 7.56683e-05 0 -0.000106251 0.000273733 0.000390707 0.000175919 0.000140791 0.000172544 0.000384675 0.000116633 -5.82608e-05 0 -0.000107092 0.000145176 5.1756e-05 8.58018e-06 -5.87399e-05 8.25033e-07 3.76804e-06 3.06614e-05 4.14515e-05 0.000307137 3.27236e-05 7.42869e-05 0.000214211 2.84521e-05 7.98466e-06 4.997e-05 7.44917e-07 1.49505e-05 6.08779e-05 0.000289116 4.26645e-07 5.6574e-05 -1.11596e-05 -2.69233e-05 6.68295e-05 -0.000115288 -7.5112e-05 -0.000224663 5.00289e-05 -8.63793e-06 -5.39132e-06
internal_weight=27509 1524 495 1029 791 238 196 454 401 359 25985 109 25876 354 330 25522 188 390 100 122 95 62 272 115 290 261 239 46 193 1292 431 248 183 116 119 58 24230 21786 2168 1973 59 1914 699 167 532 1215 488 19618 5967 1417 60 4550 793 3757 407 192 215 868 109 1357 462 13651
internal_count=27509 1524 495 1029 791 238 196 454 401 359 25985 109 25876 354 330 25522 188 390 100 122 95 62 272 115 290 261 239 46 193 1292 431 248 183 116 119 58 24230 21786 2168 1973 59 1914 699 167 532 1215 488 19618 5967 1417 60 4550 793 3757 407 192 215 868 109 1357 462 13651
is_linear=0
shrinkage=0.01


Tree=30
num_leaves=63
num_cat=0
split_feature=0 7 2 4 0 5 8 2 5 8 4 5 2 0 0 2 5 7 5 5 6 8 8 6 6 6 8 4 4 5 7 0 7 2 5 4 8 8 0 7 8 4 7 6 7 2 5 7 7 2 7 6 5 4 5 7 0 8 7 5 6 4
split_gain=0.0823755 0.0568202 0.0537099 0.0707281 0.0637267 0.0438031 0.0328317 0.0344634 0.032417 0.0369396 0.0284171 0.0262088 0.0392198 0.0248097 0.0304491 0.0227331 0.0388959 0.0212699 0.0388821 0.0293274 0.0231659 0.0509727 0.0212156 0.0205162 0.0190127 0.0253467 0.0178397 0.0174884 0.0174147 0.0298998 0.0260614 0.02831 0.0210201 0.0675742 0.0313232 0.0406219 0.0387415 0.0720609 0.0291438 0.0219543 0.0171966 0.0193309 0.0353257 0.0222046 0.0166084 0.0156197 0.0278066 0.0179113 0.015562 0.0142863 0.0351023 0.0338013 0.0243471 0.0164566 0.0218315 0.0214696 0.0153014 0.0139941 0.0273985 0.0197227 0.0223522 0.0234601
threshold=0.30056698617545202 0.29812747837101033 0.50840620641982159 0.0035418394549600208 0.59624642875515932 0.42105520799565938 0.10477745130046796 0.36853241912060858 0.66819914462362762 0.012988355642616172 0.0031079167570494683 0.2871515309717127 0.27744570283327646 0.35212560457781217 0.33419359807814791 0.17740072495164033 0.19831189656438156 0.50037000031961731 0.42780136879592773 0.40197817760556709 0.048417550073179223 0.03627707041027315 0.038856241157906195 0.00063678043810494152 0.025137665866142692 0.028081006557827755 0.041054521710741108 0.0024850662315263881 0.017697918560869292 0.21444869671459627 0.38975957579036119 0.4554843408643055 0.39957604697422139 0.66469280046401236 0.42780136879592773 0.0050575063421024408 0.026645989770377628 0.033360539775818925 0.5451733283033765 0.4112364644137701 0.0015725323756665545 0.0044822325689462244 0.38597469395915662 0.0088846032554641841 0.37581573629222148 0.8355137219350427 0.29632218717806597 0.39225192481470617 0.5680974003354522 0.68780446502324522 0.37729069849016988 0.042803774591854069 0.36405158250417352 0.0018591303251098358 0.24798398688374818 0.31622877286552104 0.49504849315512989 0.0018119490695396596 0.37311485905337688 0.31578437721900682 0.0010855590325789003 0.010954337252564492
decision_type=2 2 2 2 2 2 2 2 2 2 2 2 2 2 2 2 2 2 2 2 2 2 2 2 2 2 2 2 2 2 2 2 2 2 2 2 2 2 2 2 2 2 2 2 2 2 2 2 2 2 2 2 2 2 2 2 2 2 2 2 2 2
left_child=1 -1 5 49 17 6 15 -8 9 23 27 -12 22 14 -11 16 -2 28 19 20 21 48 -13 -7 -15 -26 -22 -3 32 44 -31 -32 38 -34 35 -35 39 -38 -5 -37 -25 -42 -43 -44 -30 47 -47 -6 -19 52 51 -51 53 55 56 -4 -55 58 59 -17 61 -61
right_child=2 10 3 4 45 8 7 -9 -10 13 11 12 -14 24 -16 57 -18 18 -20 -21 26 -23 -24 40 25 -27 -28 -29 29 30 31 -33 33 34 -36 36 37 -39 -40 -41 41 42 43 -45 -46 46 -48 -49 -50 50 -52 -53 -54 54 -56 -57 -58 -59 -60 60 -62 -63
leaf_value=0.00055798128110070633 -2.3374886348239887e-05 2.1879249492941967e-05 0.00034875488757442867 2.0193386466482945e-05 -0.0002349398090574998 -0.00028366472319512882 -0.00034828980187656585 1.4495804613754854e-05 -0.00015338816638424261 0.00010263821515603131 -3.1270270137913785e-05 0.00031092133943724478 2.14961671383003e-05 0.00036701184444100924 0.00053844672051474144 -3.5834254861884407e-05 0.00026339283519783433 0 -0.00029885694989233001 0.00035626686992765454 -0.00028282178274378282 0.00045458512758691008 0 0.00014884144153324327 -0.00020284823881084384 0.00010247538856852254 -1.5381526754184814e-05 -0.00033406070173139821 -1.7221334731357551e-05 -1.0903011537053982e-05 -8.994026195822591e-06 -0.0002380136886013779 1.6747416822341797e-05 0.00068557850195545154 -0.00013535189442553751 0.0003445237264107754 0.00084382006499384126 0.00017068190014339545 -9.7240628330659743e-05 -6.0433457304858165e-06 0.00012261495531811086 -0.0002476163416111217 0.00017754506176797451 -0.0001359199902811539 3.3962611763674255e-05 -3.4920748107996115e-05 -0.00051745931708210055 8.0040801976048422e-05 -0.00012654727837324963 0.00021944987788224298 -0.0002876780613440018 -4.17913893927509e-05 0.00020171108722213257 6.6557053255063885e-05 -4.185940446595903e-05 0 0.00031263969282829948 -2.4667698450144474e-05 3.1325688588650484e-05 7.7720357213846266e-05 0.00014931438540964167 -0.00017265356864766597
leaf_weight=31 106 27 45 6338 38 24 61 37 64 44 66 156 112 26 34 1923 78 615 53 20 59 23 20 78 28 289 58 21 1173 357 101 145 720 21 20 21 23 71 216 85 62 73 54 36 1344 25 36 28 119 90 30 99 255 186 157 26 34 9500 1494 83 131 65
leaf_count=31 106 27 45 6338 38 24 61 37 64 44 66 156 112 26 34 1923 78 615 53 20 59 23 20 78 28 289 58 21 1173 357 101 145 720 21 20 21 23 71 216 85 62 73 54 36 1344 25 36 28 119 90 30 99 255 186 157 26 34 9500 1494 83 131 65
internal_value=1.78126e-06 0.000138605 -3.82785e-07 1.46026e-05 7.86919e-06 -1.36985e-05 -1.80524e-05 -0.000201251 5.7333e-05 7.67174e-05 0.000103647 0.000135928 0.000177713 0.000138665 0.000305856 -1.66344e-05 9.28349e-05 1.03954e-05 -3.4706e-05 -1.78959e-05 -2.76418e-05 -6.01411e-06 0.000271377 0 9.76526e-05 7.22977e-05 -0.000158911 -0.000113425 1.45057e-05 -5.09335e-06 -6.85434e-05 -0.000148091 2.27757e-05 6.67858e-05 0.000212061 0.000248071 0.000196816 0.000346735 1.61691e-05 5.42428e-05 1.92564e-05 -2.12701e-05 -8.21722e-05 4.10486e-05 9.71229e-06 -0.000214468 -0.000336445 -8.62641e-05 -2.18692e-05 9.902e-05 2.26919e-05 7.73713e-05 0.000121369 7.33721e-05 4.36785e-05 0.000216693 0.000109256 -1.82373e-05 -1.43806e-06 -2.41219e-05 5.30058e-05 -2.55313e-05
internal_weight=27354 433 26921 12631 11709 14290 13478 98 812 748 402 354 288 421 78 13380 184 11582 947 894 874 757 176 327 343 317 117 48 10635 3120 603 246 7515 961 241 221 200 94 6554 106 303 225 163 90 2517 127 61 66 734 922 219 189 703 448 377 71 220 13196 3696 2202 279 148
internal_count=27354 433 26921 12631 11709 14290 13478 98 812 748 402 354 288 421 78 13380 184 11582 947 894 874 757 176 327 343 317 117 48 10635 3120 603 246 7515 961 241 221 200 94 6554 106 303 225 163 90 2517 127 61 66 734 922 219 189 703 448 377 71 220 13196 3696 2202 279 148
is_linear=0
shrinkage=0.01


Tree=31
num_leaves=63
num_cat=0
split_feature=0 7 2 4 0 5 3 5 3 1 3 5 2 5 2 0 2 5 7 5 5 5 1 7 5 2 4 5 5 1 0 5 3 7 3 7 3 5 1 7 2 0 3 7 0 4 3 3 1 2 3 2 5 7 1 1 7 5 2 7 5 4
split_gain=0.080745 0.0556718 0.0526208 0.0693382 0.0625053 0.0429481 0.0349009 0.0317918 0.0321702 0.0265784 0.024203 0.0235552 0.0360579 0.0319825 0.038568 0.0231202 0.0217453 0.0350322 0.0208656 0.0380999 0.0287538 0.021811 0.0232007 0.018548 0.0224225 0.0195576 0.029527 0.0246481 0.0270134 0.0289878 0.0226789 0.0221716 0.0235596 0.0209613 0.0188009 0.0338328 0.0178491 0.0226803 0.0289447 0.0207295 0.081185 0.0292719 0.0226617 0.0185659 0.0195554 0.0168403 0.0163839 0.0162442 0.0157509 0.0169402 0.0157279 0.0153169 0.0271883 0.0175729 0.0151753 0.0150682 0.0146929 0.0145386 0.0143756 0.0141858 0.028187 0.0481991
threshold=0.30056698617545202 0.29812747837101033 0.50840620641982159 0.0035418394549600208 0.59624642875515932 0.42105520799565938 0.0029375889081736197 0.66819914462362762 0.0022312207297955906 0.44037355195589656 0.013791562148320861 0.2871515309717127 0.27744570283327646 0.33405044714648474 0.17740072495164033 0.35850933656891376 0.17740072495164033 0.19831189656438156 0.50037000031961731 0.42780136879592773 0.40197817760556709 0.31578437721900682 0.52182676303603126 0.36368778231480636 0.40591849966040033 0.30686239914935831 0.0014564444072302995 0.35741414467149935 0.2807651530368595 0.5160793966873346 0.37607933608144423 0.21822877097103607 0.0024264839431738321 0.29219399947994673 0.0084411275592699946 0.22341826234071116 0.01916550500931587 0.21630763113365523 0.64214899402252656 0.39957604697422139 0.69802963511781424 0.5451733283033765 0.0046746974101396386 0.39000296116419692 0.4554843408643055 0.0032463970520856412 0.00046745135573235467 0.035097690975710728 0.48258158745312668 0.52834616556677172 0.016685010464903005 0.8355137219350427 0.29632218717806597 0.39225192481470617 0.62591977859978298 0.47648884543365139 0.44671934511796657 0.2467842099781358 0.42518260366937977 0.41773214588265078 0.32786815571264838 0.0066531058526321692
decision_type=2 2 2 2 2 2 2 2 2 2 2 2 2 2 2 2 2 2 2 2 2 2 2 2 2 2 2 2 2 2 2 2 2 2 2 2 2 2 2 2 2 2 2 2 2 2 2 2 2 2 2 2 2 2 2 2 2 2 2 2 2 2
left_child=1 -1 5 46 18 16 -3 8 -7 15 45 -8 13 -13 -15 -10 17 -2 36 20 21 54 -23 24 25 27 55 28 -18 -30 -28 32 -32 34 35 -33 39 -38 43 41 42 -5 -41 47 -45 -11 -4 -39 -44 -50 -12 53 -53 -6 -20 -27 -42 -51 -17 -25 -61 -62
right_child=2 6 3 4 51 7 11 -9 9 10 50 12 -14 14 -16 58 23 -19 19 -21 -22 22 -24 59 -26 26 30 -29 29 -31 31 33 -34 -35 -36 -37 37 38 -40 40 56 -43 48 44 -46 -47 -48 -49 49 57 -52 52 -54 -55 -56 -57 -58 -59 -60 60 61 -63
leaf_value=0.00055241940169478384 -2.2422101293990729e-05 -0.00024516684720218482 0.00030889731037485243 2.0145841198535163e-05 -0.00023259657506007221 0.00037262460583539737 -2.2429816017796684e-05 -0.00015185667915624247 0.00031563150457614668 -0.00013360081003639763 -0.00032698367431487551 4.2474450163982215e-05 1.5831782804121893e-05 0.00062342625237878199 0.00021358547634700218 8.930272276825346e-06 -9.8985378687812555e-05 0.00024590406330851709 -1.2669456065473779e-05 -0.00029587400848705411 0.00035272193150548496 -0.0002224275338964461 3.2501037967207523e-05 -8.8529925916717612e-06 0.00015732521912964917 1.7207363248630112e-05 4.2203017981945396e-05 0.00015905247559674471 -0.00053304040109238211 -6.684853320947517e-05 0.00019889159946684623 -0.00022548288518814421 -4.2493283298924563e-05 -0.00014047599283052253 0.00025979466178634153 0.00017744376937319943 7.8782872677232807e-06 2.6331160367732229e-05 -0.00042003138264750734 0.00032642915708558314 0.00037308457288083374 -9.8584642077646385e-05 -2.4541491881462516e-05 -1.7552385834682382e-06 -0.00019152050572118868 7.9435281299366261e-05 8.7558526291457955e-05 -0.0001655858240446619 -9.0391674357020538e-05 9.5204714258685761e-06 -2.7900380271308231e-05 -3.4572933819070749e-05 -0.00051229905734390753 7.9243241103359378e-05 0.0002587594502270045 0.00033012338164278474 9.3214219701827849e-05 0.00015260279621964027 0.00017005718153773028 -2.2745360000634331e-05 5.4039710370309195e-05 -0.00020429020168138189
leaf_weight=31 107 25 39 6441 38 36 72 64 58 40 30 61 113 38 93 143 269 81 705 53 20 103 45 9038 47 49 196 25 36 30 47 51 276 465 24 33 2409 322 22 25 92 212 400 108 137 269 883 51 54 142 64 25 36 28 21 29 37 183 108 2350 98 227
leaf_count=31 107 25 39 6441 38 36 72 64 58 40 30 61 113 38 93 143 269 81 705 53 20 103 45 9038 47 49 196 25 36 30 47 51 276 465 24 33 2409 322 22 25 92 212 400 108 137 269 883 51 54 142 64 25 36 28 21 29 37 183 108 2350 98 227
internal_value=1.76316e-06 0.000137226 -3.78988e-07 1.44534e-05 7.78548e-06 -1.35594e-05 0.000102592 5.67726e-05 7.59779e-05 5.95244e-05 3.44336e-06 0.000128364 0.000167234 0.00025108 0.000340483 0.000129406 -1.78712e-05 8.79395e-05 1.02881e-05 -3.43798e-05 -1.77275e-05 -2.7388e-05 -0.000138194 -1.94439e-05 -5.1899e-05 -5.89895e-05 -3.79115e-05 -0.000124687 -0.000148886 -0.000336685 -5.20206e-05 -7.37504e-05 -4.22346e-06 -0.00011119 5.66387e-06 -5.52769e-05 1.43599e-05 -5.81499e-06 -5.89128e-05 2.26005e-05 6.70859e-05 1.62107e-05 2.8328e-05 -4.43737e-05 -0.000111984 4.85883e-05 9.8038e-05 0 1.7437e-05 6.43742e-05 -0.000134226 -0.000212407 -0.000333253 -8.52526e-05 -3.40643e-06 0.000146626 0.000300692 9.3185e-05 8.22824e-05 -1.49884e-05 -3.53433e-05 -0.000123325
internal_weight=27354 433 26921 12631 11709 14290 402 812 748 712 403 377 305 192 131 309 13478 188 11582 947 894 874 148 13290 1577 1530 1170 360 335 66 1092 896 323 573 108 84 10635 3049 640 7586 933 6653 804 618 245 309 922 373 779 379 94 127 61 66 726 78 129 325 251 11713 2675 325
internal_count=27354 433 26921 12631 11709 14290 402 812 748 712 403 377 305 192 131 309 13478 188 11582 947 894 874 148 13290 1577 1530 1170 360 335 66 1092 896 323 573 108 84 10635 3049 640 7586 933 6653 804 618 245 309 922 373 779 379 94 127 61 66 726 78 129 325 251 11713 2675 325
is_linear=0
shrinkage=0.01


Tree=32
num_leaves=63
num_cat=0
split_feature=0 7 2 4 0 5 3 5 6 3 5 2 5 2 0 5 2 5 6 2 7 7 5 5 6 4 7 7 3 5 7 2 0 3 7 0 4 3 7 3 6 4 6 5 2 6 6 4 7 6 2 5 7 3 2 7 2 5 4 4 5 2
split_gain=0.079194 0.054534 0.0515683 0.0679754 0.0613097 0.0420956 0.034239 0.031175 0.0358303 0.0276201 0.0231357 0.0353418 0.0313154 0.037736 0.0222612 0.0222056 0.0212953 0.0343533 0.0214182 0.0693049 0.035715 0.0204435 0.0373432 0.0281858 0.0224671 0.01963 0.0216264 0.0192927 0.0175045 0.0222519 0.0203322 0.0796042 0.0286928 0.0222092 0.0183696 0.0259345 0.0174936 0.0241483 0.0231923 0.0160398 0.0408646 0.0263368 0.0220759 0.0159075 0.0216246 0.0178394 0.0255019 0.015686 0.0237635 0.0270205 0.0150201 0.0265829 0.017241 0.0145884 0.0172688 0.0143411 0.0137847 0.0136634 0.0246632 0.0250978 0.0133858 0.0251962
threshold=0.30056698617545202 0.29812747837101033 0.50840620641982159 0.0035418394549600208 0.59624642875515932 0.42105520799565938 0.0029375889081736197 0.66819914462362762 0.00076211500052559666 0.0022312207297955906 0.2871515309717127 0.27744570283327646 0.33405044714648474 0.17740072495164033 0.35212560457781217 0.54063342093759037 0.17740072495164033 0.19831189656438156 0.14735907947828483 0.28564258367647338 0.3286174298591335 0.50037000031961731 0.42780136879592773 0.40197817760556709 0.048417550073179223 0.0054141014965058227 0.91568589359349228 0.5680974003354522 0.01916550500931587 0.21630763113365523 0.39957604697422139 0.69802963511781424 0.5451733283033765 0.0046746974101396386 0.38975957579036119 0.4554843408643055 0.0065561300170990751 0.0093351221497401122 0.50695041158408738 0.00046745135573235467 0.14735907947828483 0.0018591303251098358 0.068014215365208755 0.4504075308503635 0.63318187874850651 0.025137665866142692 0.051801583258536905 0.0033182212079110591 0.35999049734224575 0.070197462581568573 0.8355137219350427 0.29632218717806597 0.39225192481470617 0.0022312207297955906 0.65245139068731206 0.44671934511796657 0.56999367278111446 0.40197817760556709 0.0027700920988595625 0.0024850662315263881 0.19193547356577942 0.31590876125577572
decision_type=2 2 2 2 2 2 2 2 2 2 2 2 2 2 2 2 2 2 2 2 2 2 2 2 2 2 2 2 2 2 2 2 2 2 2 2 2 2 2 2 2 2 2 2 2 2 2 2 2 2 2 2 2 2 2 2 2 2 2 2 2 2
left_child=1 -1 5 39 21 16 -3 8 -7 -10 -8 12 -12 -14 15 -11 17 -2 60 -20 -21 28 23 24 25 26 -23 36 30 -30 32 33 -5 -32 -31 -36 -27 38 -38 -4 41 42 -41 45 -45 -43 57 -16 49 -49 52 -52 -6 -48 -55 -33 -35 58 59 -47 61 -18
right_child=2 6 3 4 50 7 10 -9 9 14 11 -13 13 -15 47 -17 18 -19 19 20 -22 22 -24 -25 -26 27 -28 -29 29 34 31 55 -34 56 35 -37 37 -39 -40 40 -42 43 -44 44 -46 46 53 48 -50 -51 51 -53 -54 54 -56 -57 -58 -59 -60 -61 -62 -63
leaf_value=0.00054691297026093549 -2.2198091755038734e-05 -0.00024272494552382435 0.00030581623864838912 1.9944386109873204e-05 -0.0002302767149981825 -0.00021994617610738041 -2.2205826367029403e-05 -0.00015034048057447499 0.00036890868221376078 0.00011572637755047241 4.2050393273880169e-05 1.5673605369232682e-05 0.00061720835106701558 0.00021145191701343156 -0.00010850651364845815 0.00047328825704610661 -5.6547484225343822e-05 0.0002434480542907148 -0.00069227352084485409 0.00026160053443163633 -0.00015950294533263615 0.00041741224877089595 -0.00029292083923155069 0.00034921225475579437 -0.00015637482245660283 -0.00027650786995702336 0 -0.00015475601761648881 7.7995072192888862e-06 -1.0805878672094588e-05 0.00032317787092512999 0.00036935777931738835 -9.7599258720301773e-05 -2.9257249642473815e-05 0 -0.00020845898032905861 -0.00012584584574849405 -2.9796508879165729e-05 0.00016383593086688892 0.00043067018746458115 -0.00023936995558514979 0.00010696734954905369 0.00013549563306198539 0.00031970653314402394 0 -0.0001134803273360593 -0.0001124834456155498 0.00045219134231100892 3.8092013152025341e-05 0 -3.4228570618299375e-05 -0.00050719024950168876 7.8453632847164025e-05 0.00025411222468562842 0 9.22845880676066e-05 5.4590160198119057e-05 0.00013778525576069582 -0.00025191686149921 0.00028946199163592238 -2.6300244661916248e-05 3.5777449856714228e-06
leaf_weight=31 107 25 39 6441 38 37 72 64 36 95 61 113 38 93 54 26 820 81 20 27 72 22 53 20 117 22 28 93 2409 378 25 92 212 335 111 151 30 415 147 42 35 308 110 56 27 51 22 32 444 24 25 36 28 66 51 37 444 20 73 22 7842 4509
leaf_count=31 107 25 39 6441 38 37 72 64 36 95 61 113 38 93 54 26 820 81 20 27 72 22 53 20 117 22 28 93 2409 378 25 92 212 335 111 151 30 415 147 42 35 308 110 56 27 51 22 32 444 24 25 36 28 66 51 37 444 20 73 22 7842 4509
internal_value=1.74705e-06 0.000135902 -3.74068e-07 1.43088e-05 7.70587e-06 -1.34223e-05 0.000101592 5.62053e-05 7.52321e-05 9.2028e-05 0.000127135 0.000165663 0.000248678 0.000337161 7.57273e-05 0.000201143 -1.76917e-05 8.70081e-05 -1.92487e-05 -0.000153866 -3.44176e-05 1.01852e-05 -3.40253e-05 -1.75274e-05 -2.71027e-05 -5.78384e-06 0.000183551 -2.06121e-05 1.42163e-05 -5.76036e-06 2.23772e-05 6.64374e-05 1.60471e-05 2.80452e-05 -5.83561e-05 -0.000123113 0 1.00385e-05 0.000109047 9.70689e-05 8.6683e-05 0.000101346 0.000223861 7.31251e-05 0.000207316 5.32937e-05 0 4.64991e-05 6.52576e-05 0.000262365 -0.000210367 -0.000330093 -8.42511e-05 9.89585e-05 0.000147319 0.000297766 1.72499e-05 -8.45718e-05 -0.00012195 0 -1.79553e-05 -5.48726e-06
internal_weight=27354 433 26921 12631 11709 14290 402 812 748 711 377 305 192 131 675 121 13478 188 13290 119 99 11582 947 894 874 757 50 707 10635 3049 7586 933 6653 804 640 262 614 592 177 922 883 848 152 696 83 613 305 554 500 56 127 61 66 139 117 129 779 166 146 73 13171 5329
internal_count=27354 433 26921 12631 11709 14290 402 812 748 711 377 305 192 131 675 121 13478 188 13290 119 99 11582 947 894 874 757 50 707 10635 3049 7586 933 6653 804 640 262 614 592 177 922 883 848 152 696 83 613 305 554 500 56 127 61 66 139 117 129 779 166 146 73 13171 5329
is_linear=0
shrinkage=0.01


Tree=33
num_leaves=63
num_cat=0
split_feature=2 5 2 5 3 8 2 8 8 5 6 2 1 3 5 1 2 7 8 8 2 8 5 3 5 6 7 3 6 3 1 8 3 1 3 5 7 8 7 5 1 1 2 3 5 2 3 2 7 5 6 6 8 5 5 8 2 7 3 7 3 3
split_gain=0.062794 0.136548 0.0460839 0.0676776 0.0592976 0.0360706 0.0373041 0.035064 0.0341557 0.0317327 0.0296918 0.0360952 0.0274435 0.0197779 0.0320524 0.0323246 0.0248007 0.0207235 0.0195057 0.029388 0.0186233 0.0390137 0.0249234 0.0210835 0.0187886 0.017405 0.0166682 0.0162756 0.0543531 0.0202956 0.0296194 0.0159986 0.0181115 0.0209718 0.0158163 0.0200775 0.015591 0.015584 0.0245089 0.0249894 0.0239923 0.0243862 0.0210569 0.0170653 0.02545 0.0353484 0.0342031 0.0225409 0.0204373 0.0193988 0.0177822 0.0167202 0.0202574 0.0165969 0.0163047 0.0155967 0.025277 0.0201162 0.0169721 0.0219166 0.0344866 0.0470859
threshold=0.17740072495164033 0.33405044714648474 0.50840620641982159 0.42105520799565938 0.0037136608170865782 0.10477745130046796 0.36853241912060858 0.093078681031668303 0.060947872456197628 0.36065743355570329 0.00076211500052559666 0.27333310966136531 0.5306143791721879 0.01916550500931587 0.27803857464543008 0.63351820349175825 0.86721475903900525 0.72625777244508283 0.012988355642616172 0.0015725323756665545 0.63541874017994016 0.028670149091304827 0.43500818518651413 0.0038402165569996431 0.22123625184794679 0.0029857927208920593 0.372424497407083 0.00046745135573235467 0.14735907947828483 0.0020530940581994835 0.45106228309350832 0.053019915115899451 0.013791562148320861 0.59726746217410087 0.012289358081304571 0.13026600277239686 0.34010066744016426 0.0018119490695396596 0.37311485905337688 0.31578437721900682 0.76078795705142721 0.59458792738079991 0.26379358130046343 0.0061732133480638671 0.24063055658977578 0.31590876125577572 0.0037803782797879533 0.31028158480842566 0.3723662752241676 0.22123625184794679 0.0012270657966022209 0.0012796254518108827 3.8089019479812824e-05 0.20333633336612641 0.1775992831347028 0.047975840679072811 0.31319800542508358 0.35999049734224575 0.018642664988654547 0.31884729308642179 0.0072099166308012448 0.0083742912078839035
decision_type=2 2 2 2 2 2 2 2 2 2 2 2 2 2 2 2 2 2 2 2 2 2 2 2 2 2 2 2 2 2 2 2 2 2 2 2 2 2 2 2 2 2 2 2 2 2 2 2 2 2 2 2 2 2 2 2 2 2 2 2 2 2
left_child=1 -1 3 5 27 37 -7 13 -3 -9 12 -12 -5 16 -15 -16 17 20 19 -13 23 -22 -23 -6 34 -18 -21 -4 29 30 -29 32 33 -20 -25 -36 -32 38 39 43 41 55 -41 44 45 46 -2 54 50 -49 -48 52 -44 -47 -45 57 -57 58 59 60 -39 -62
right_child=2 8 4 10 7 6 -8 9 -10 -11 11 18 -14 14 15 -17 25 -19 31 26 21 22 -24 24 -26 -27 -28 28 -30 -31 36 -33 -34 -35 35 -37 -38 40 -40 42 -42 -43 51 47 -46 53 48 49 -50 -51 -52 -53 -54 -55 -56 56 -58 -59 -60 -61 61 -63
leaf_value=4.1477881381866576e-05 8.0703279065294842e-05 0.00077539564513242384 0.00030276590165362961 3.5294131336341777e-05 -0.00016941280451104881 -0.00036567998078214733 1.380411316148028e-05 0 0.00018135394131885238 -0.00056708045146284408 0.000353405144558309 0.00018957785370963696 -0.0004284905225915067 -5.1966632935003532e-07 -7.5107684754349317e-05 -0.00050151174179097603 0 -9.5879775824852435e-05 0.00019466057575197993 -0.00021818361457724144 2.6566544198331329e-05 0.00016484543893374428 -6.6591953115256979e-05 1.8868383860233374e-05 -7.8723791299505347e-06 -0.00034331183758712255 -1.0323232186273014e-06 9.3779661177808715e-07 -0.00032035417047739513 7.3952545405155812e-05 0.00040697135326285175 8.8952870025533135e-06 -5.3514897626986524e-05 -4.2757283633527076e-05 3.0046544517736251e-06 0.00014228268811691897 4.7233375535221579e-05 3.8755605536513548e-05 3.2010446270688616e-05 0.00034119369288624561 -0.0002349939142709319 3.3779495552257225e-05 0.00015497327952100615 -1.6263153236554085e-05 3.9360612877097911e-05 -1.1100652747413657e-05 -0.0007422030405766927 -5.7221190840184111e-07 -0.00014838005101591633 -9.5720190652934681e-05 -0.00028860391461683969 0.00012497678012342211 -0.00010905257002125748 -0.00015520635361109694 0.0001540386139000066 -0.00011436833462114521 0.00010147718581383814 -2.2841244296773227e-05 8.7392104465779159e-05 -0.00012834386255492148 -0.00030310782874995364 -8.1050018872665317e-06
leaf_weight=270 21 37 39 22 64 60 37 20 20 20 49 67 22 3080 318 20 22 151 290 46 2458 348 47 2314 2412 32 194 51 31 669 65 143 35 35 197 260 23 289 1513 26 54 715 38 83 143 283 20 728 51 317 38 117 106 122 128 69 214 7515 59 493 90 154
leaf_count=270 21 37 39 22 64 60 37 20 20 20 49 67 22 3080 318 20 22 151 290 46 2458 348 47 2314 2412 32 194 51 31 669 65 143 35 35 197 260 23 289 1513 26 54 715 38 83 143 283 20 728 51 317 38 117 106 122 128 69 214 7515 59 493 90 154
internal_value=1.73046e-06 0.000139455 2.66298e-08 -1.21766e-05 1.39936e-05 -1.78493e-05 -0.000210765 7.98296e-06 0.000585156 -0.000286456 7.14089e-05 8.5181e-05 -0.000174368 9.07535e-06 -1.09923e-05 -0.000103437 1.74548e-05 1.89644e-05 6.76791e-05 1.50451e-06 2.12299e-05 4.19016e-05 0.000134766 9.79874e-06 1.22078e-05 -0.000194323 -4.68915e-05 9.33716e-05 8.24115e-05 9.91393e-05 0.000213033 0.000106072 0.000141882 0.000166011 3.0047e-05 8.44453e-05 0.00032446 -1.63751e-05 7.13978e-07 -2.01562e-05 -2.30897e-05 -2.17909e-05 6.574e-05 -3.34227e-05 -7.41104e-05 -0.000106311 -0.000252064 -1.06589e-05 -0.000325356 -3.03985e-05 -0.000463237 3.435e-05 -3.23803e-05 -5.70064e-05 8.23348e-05 -2.63767e-05 4.52964e-05 -2.8852e-05 -6.95569e-05 -7.95645e-05 -3.25544e-05 -0.000121094
internal_weight=27354 327 27027 14386 12641 13483 97 11763 57 40 903 859 44 11723 3418 338 8305 8251 810 307 8100 2853 395 5247 5183 54 240 878 839 808 139 503 360 325 2771 457 88 13386 3734 2221 9652 9598 287 1934 678 535 130 1256 109 1045 58 261 144 405 211 8883 283 8600 1085 1026 533 244
internal_count=27354 327 27027 14386 12641 13483 97 11763 57 40 903 859 44 11723 3418 338 8305 8251 810 307 8100 2853 395 5247 5183 54 240 878 839 808 139 503 360 325 2771 457 88 13386 3734 2221 9652 9598 287 1934 678 535 130 1256 109 1045 58 261 144 405 211 8883 283 8600 1085 1026 533 244
is_linear=0
shrinkage=0.01


Tree=34
num_leaves=63
num_cat=0
split_feature=2 5 2 5 3 8 2 8 8 5 6 2 1 3 5 1 2 7 8 8 2 8 5 3 5 3 7 3 6 3 1 8 3 1 3 5 3 8 7 5 1 1 2 3 5 2 3 2 7 5 6 6 8 5 5 8 2 7 3 7 3 3
split_gain=0.061603 0.1339 0.0451726 0.0663203 0.0581684 0.0353115 0.0366046 0.0343755 0.0333615 0.0310993 0.0290657 0.0353688 0.0269493 0.0193935 0.0314318 0.0316648 0.0242908 0.0203156 0.0191229 0.0288139 0.0182485 0.0382108 0.0244544 0.020667 0.0184243 0.0172763 0.016328 0.0159301 0.0533005 0.0199182 0.0290109 0.0156451 0.0177746 0.0205877 0.0155065 0.0196614 0.0154511 0.0152681 0.0240299 0.0245248 0.0235113 0.0239062 0.0206266 0.0167317 0.0249782 0.034646 0.0336037 0.0220802 0.0199958 0.0190068 0.0173396 0.0163812 0.0198614 0.0162556 0.0159968 0.0152779 0.0247834 0.0197104 0.0166504 0.0214645 0.0338249 0.046126
threshold=0.17740072495164033 0.33405044714648474 0.50840620641982159 0.42105520799565938 0.0037136608170865782 0.10477745130046796 0.36853241912060858 0.093078681031668303 0.060947872456197628 0.36065743355570329 0.00076211500052559666 0.27333310966136531 0.52862365328770566 0.01916550500931587 0.27803857464543008 0.63351820349175825 0.86721475903900525 0.72625777244508283 0.012988355642616172 0.0015725323756665545 0.63541874017994016 0.028670149091304827 0.43500818518651413 0.0038402165569996431 0.22123625184794679 0.0063616937119007249 0.372424497407083 0.00046745135573235467 0.14735907947828483 0.0020530940581994835 0.45106228309350832 0.053019915115899451 0.013791562148320861 0.59726746217410087 0.012289358081304571 0.13026600277239686 0.0072099166308012448 0.0018119490695396596 0.37311485905337688 0.31578437721900682 0.76078795705142721 0.59458792738079991 0.26379358130046343 0.0061732133480638671 0.24063055658977578 0.31590876125577572 0.0037803782797879533 0.31028158480842566 0.3723662752241676 0.22123625184794679 0.0012270657966022209 0.0012796254518108827 3.8089019479812824e-05 0.20333633336612641 0.1775992831347028 0.047975840679072811 0.31319800542508358 0.35999049734224575 0.018642664988654547 0.31884729308642179 0.0072099166308012448 0.0083742912078839035
decision_type=2 2 2 2 2 2 2 2 2 2 2 2 2 2 2 2 2 2 2 2 2 2 2 2 2 2 2 2 2 2 2 2 2 2 2 2 2 2 2 2 2 2 2 2 2 2 2 2 2 2 2 2 2 2 2 2 2 2 2 2 2 2
left_child=1 -1 3 5 27 37 -7 13 -3 -9 12 -12 -5 16 -15 -16 17 20 19 36 23 -22 -23 -6 34 -18 -21 -4 29 30 -29 32 33 -20 -25 -36 -13 38 39 43 41 55 -41 44 45 46 -2 54 50 -49 -48 52 -44 -47 -45 57 -57 58 59 60 -39 -62
right_child=2 8 4 10 7 6 -8 9 -10 -11 11 18 -14 14 15 -17 25 -19 31 26 21 22 -24 24 -26 -27 -28 28 -30 -31 -32 -33 -34 -35 35 -37 -38 40 -40 42 -42 -43 51 47 -46 53 48 49 -50 -51 -52 -53 -54 -55 -56 56 -58 -59 -60 -61 61 -63
leaf_value=4.1063256682363003e-05 7.9900067414364527e-05 0.00076766258266295056 0.00029974598384475992 4.5655044424678619e-05 -0.00016772131787180065 -0.00036202926747539636 1.3666443484854152e-05 0 0.00017954942923206004 -0.00056143785247681139 0.00034987829275886373 0 -0.00041413240116573388 -5.1446958353350762e-07 -7.4356846089747286e-05 -0.00049652157365274964 0 -9.4921612122215093e-05 0.00019271463857107641 -0.00021600651015363906 2.6300889507147791e-05 0.00016319745912147577 -6.5927445758015495e-05 1.8679708007655211e-05 -7.7936584622413323e-06 -0.00033560432376919644 -1.022004925608462e-06 9.2843518530450466e-07 -0.00031716092687303804 7.3213131987015439e-05 0.00032133406453906528 8.8063956958786495e-06 -5.2981276590472612e-05 -4.2330925883539552e-05 2.9746229899710514e-06 0.00014086040807414596 0.00029439524477946582 3.8368184123465873e-05 3.1690362980681024e-05 0.00033779483331345962 -0.00023264832619505343 3.3441748614551724e-05 0.00015342761492943317 -1.6100716666789463e-05 3.8967282054255963e-05 -1.0989686009611939e-05 -0.00073481792778666327 -5.6649026996302591e-07 -0.00014689915468816056 -9.4763288041746529e-05 -0.00028572544871079012 0.00012372807971417369 -0.0001079630692692212 -0.00015365556317509704 0.0001524994319558284 -0.00011322631154279462 0.00010046288769116005 -2.2612835185899819e-05 8.6519661569863863e-05 -0.00012706068472716621 -0.00030008010999077353 -8.0240034317494404e-06
leaf_weight=270 21 37 39 21 64 60 37 20 20 20 49 22 23 3080 318 20 21 151 290 46 2458 348 47 2314 2412 33 194 51 31 669 88 143 35 35 197 260 45 289 1513 26 54 715 38 83 143 283 20 728 51 317 38 117 106 122 128 69 214 7515 59 493 90 154
leaf_count=270 21 37 39 21 64 60 37 20 20 20 49 22 23 3080 318 20 21 151 290 46 2458 348 47 2314 2412 33 194 51 31 669 88 143 35 35 197 260 45 289 1513 26 54 715 38 83 143 283 20 728 51 317 38 117 106 122 128 69 214 7515 59 493 90 154
internal_value=1.71253e-06 0.000138124 2.45773e-08 -1.20571e-05 1.38531e-05 -1.76731e-05 -0.000208558 7.89911e-06 0.000579496 -0.000283628 7.06838e-05 8.43181e-05 -0.000172407 8.98154e-06 -1.08884e-05 -0.000102434 1.72796e-05 1.87747e-05 6.69777e-05 1.42424e-06 2.10189e-05 4.14826e-05 0.000133394 9.70075e-06 1.20877e-05 -0.000192293 -4.64651e-05 9.24727e-05 8.16115e-05 9.81857e-05 0.000211049 0.000104992 0.000140408 0.000164321 2.97538e-05 8.3623e-05 0.000187685 -1.62137e-05 6.98634e-07 -1.99639e-05 -2.28599e-05 -2.1573e-05 6.51192e-05 -3.31098e-05 -7.34006e-05 -0.000105306 -0.000249628 -1.05602e-05 -0.000322296 -3.01042e-05 -0.000458795 3.40072e-05 -3.19867e-05 -5.64614e-05 8.14647e-05 -2.61141e-05 4.48081e-05 -2.85647e-05 -6.88617e-05 -7.8779e-05 -3.22294e-05 -0.000119925
internal_weight=27354 327 27027 14386 12641 13483 97 11763 57 40 903 859 44 11723 3418 338 8305 8251 810 307 8100 2853 395 5247 5183 54 240 878 839 808 139 503 360 325 2771 457 67 13386 3734 2221 9652 9598 287 1934 678 535 130 1256 109 1045 58 261 144 405 211 8883 283 8600 1085 1026 533 244
internal_count=27354 327 27027 14386 12641 13483 97 11763 57 40 903 859 44 11723 3418 338 8305 8251 810 307 8100 2853 395 5247 5183 54 240 878 839 808 139 503 360 325 2771 457 67 13386 3734 2221 9652 9598 287 1934 678 535 130 1256 109 1045 58 261 144 405 211 8883 283 8600 1085 1026 533 244
is_linear=0
shrinkage=0.01


Tree=35
num_leaves=63
num_cat=0
split_feature=0 8 7 8 3 5 0 1 0 3 6 3 5 1 8 6 7 5 7 8 3 6 1 5 7 3 7 1 6 7 8 7 3 8 6 3 3 7 6 3 1 8 3 3 0 0 3 1 7 6 3 1 1 6 3 7 7 8 7 7 1 5
split_gain=0.0740773 0.0396003 0.0782075 0.0517734 0.0741057 0.0482466 0.0346937 0.0316246 0.0296005 0.0334893 0.0289763 0.0398587 0.0287142 0.0352243 0.0257423 0.0248878 0.0315742 0.0288102 0.030871 0.0311884 0.0237315 0.0295733 0.0236989 0.0235047 0.0529868 0.0579284 0.0376815 0.0236369 0.0236289 0.0471897 0.0241029 0.023993 0.0226573 0.0475228 0.022625 0.02258 0.0217441 0.0215111 0.0254504 0.0210835 0.0298837 0.0358191 0.0278573 0.02616 0.0212153 0.0206054 0.0205617 0.0198492 0.0187288 0.0185463 0.022727 0.0359581 0.026678 0.0257909 0.0276095 0.0264044 0.0260252 0.0258035 0.030917 0.0574578 0.0393312 0.0301226
threshold=0.30056698617545202 0.12741321144847101 0.29219399947994673 0.028670149091304827 0.0078372133423508013 0.24798398688374818 0.43600116107889159 0.73633499680457171 0.36827467757641985 0.00046745135573235467 0.040511365014676282 0.0061440033464516134 0.29463196457937213 0.60299749955422388 0.067929045597997617 0.0021246229855501385 0.37581573629222148 0.21630763113365523 0.28436203886868977 0.016644901512678206 0.039778519020874557 0.0015585959294568568 0.5306143791721879 0.40591849966040033 0.35888913599390276 0.003153751415996425 0.35295759859223591 0.493163923367537 0.0027917263016600771 0.38349462695803566 0.0018554793775165943 0.38085028897797618 0.0060293615748640925 0.019474371531178581 0.041051112243165232 0.027428157832037912 0.0099621379537615778 0.32605482342521541 0.027333042233704492 0.011766964329396291 0.41947583084810985 0.0049026009359016175 0.0073526508100512453 0.004558696088145733 0.37607933608144423 0.2750579606271748 0.0096550955776958155 0.46653710557843225 0.50695041158408738 0.14735907947828483 0.0017945524630372833 0.49928942776151697 0.4162925129346014 0.064136930030969777 0.0056892770131789288 0.49689698004443056 0.3452177380981451 0.051006638371966485 0.40410065045723759 0.48955958244493814 0.53925763232758539 0.36741389021622706
decision_type=2 2 2 2 2 2 2 2 2 2 2 2 2 2 2 2 2 2 2 2 2 2 2 2 2 2 2 2 2 2 2 2 2 2 2 2 2 2 2 2 2 2 2 2 2 2 2 2 2 2 2 2 2 2 2 2 2 2 2 2 2 2
left_child=12 3 -3 7 5 6 -5 15 14 -10 11 -8 36 22 -7 16 -2 32 19 -19 -18 -22 45 26 25 -25 27 37 29 -28 31 -30 33 -17 -35 -33 -1 -20 -39 42 41 -41 43 -26 -44 46 -14 -4 -34 50 51 -11 -52 57 55 56 -55 58 61 60 -60 -54
right_child=1 2 47 4 -6 8 10 -9 9 49 -12 -13 13 -15 -16 17 20 18 23 -21 21 -23 -24 24 39 -27 28 -29 30 -31 -32 35 48 34 -36 -37 -38 38 -40 40 -42 -43 44 -45 -46 -47 -48 -49 -50 -51 52 -53 53 54 -56 -57 -58 -59 59 -61 -62 -63
leaf_value=-0.00012618394171614873 -1.4200173030532252e-06 0.00038345521893004602 -5.2295384508682808e-05 -4.9497741276518619e-05 -2.1833908467743655e-05 0.00030506996282275538 0.00054454102607109759 -0.00011679886999047517 0.00047947122997632529 5.4967792066721413e-05 4.026091976261342e-05 1.5885594960612553e-05 0.00041503839674105028 0.00033697617870490478 0 1.8327907323899064e-05 5.4784284982832989e-05 0.0002224268766863983 -8.460183288075598e-05 -5.7829053216516051e-05 -0.00026908239859068939 0.00014378260391728059 -1.5200224306851495e-05 -5.5334198084425791e-06 0.00012039999390988581 0.00041331834018566325 -4.6426763928236315e-05 -2.1069680888923657e-05 2.9177716361806284e-06 -0.00032505171912031682 -2.371015549557715e-05 0.00039213909830856236 8.2918686790059269e-07 0.00026821507260097409 -3.4720731669209926e-05 0 0.00019597792060261574 -0.00016065793253922702 -0.0004723441811083587 0.00030039125822114347 -0.00017430341650548573 -0.00017176573623549127 0.00039603768835039769 -7.4487424894729027e-05 7.2190938397317546e-05 5.0802069690107417e-05 0 -0.00032737660170561539 -4.6410908506111776e-05 -7.9184201129991086e-05 0.0002041245526473584 0.00045539449986086908 -8.8201051397070198e-05 -6.1580083599591281e-06 -0.00014594763485368121 -0.00015113297251671771 0.00027389513648314149 0.00032152682275783841 0.00063436352623816208 1.9624169909401792e-05 5.171368373127037e-05 0.00013956531213554449
leaf_weight=65 4485 22 49 412 1296 132 30 252 23 58 358 35 51 99 32 1513 1803 100 238 58 50 23 91 56 91 67 374 234 136 76 5858 40 6031 119 24 26 30 129 41 35 147 27 28 263 122 78 22 97 968 59 142 45 154 55 113 41 64 48 36 100 23 93
leaf_count=65 4485 22 49 412 1296 132 30 252 23 58 358 35 51 99 32 1513 1803 100 238 58 50 23 91 56 91 67 374 234 136 76 5858 40 6031 119 24 26 30 129 41 35 147 27 28 263 122 78 22 97 968 59 142 45 154 55 113 41 64 48 36 100 23 93
internal_value=1.09625e-06 -9.60497e-07 -0.000153966 0 3.67761e-05 7.42612e-05 1.43308e-05 -5.25975e-06 0.000114521 9.35014e-05 7.88601e-05 0.000275703 0.000130402 0.000173509 0.000243377 -4.00254e-06 1.27734e-05 -1.04136e-05 -2.39219e-05 0.000113252 4.72373e-05 -0.000125303 0.000102395 -2.67617e-05 2.27079e-05 0.000214649 -3.26843e-05 -0.000106261 -2.52732e-05 -9.57669e-05 -1.9872e-05 8.64424e-05 2.18485e-06 3.5529e-05 0.000210396 0.00024316 -1.38343e-05 -0.000152654 -0.000241942 -9.02704e-06 -9.44579e-05 7.8726e-05 2.44276e-05 -2.15453e-05 0.000139528 0.000179844 0.000303787 -0.000241998 -5.56207e-06 8.38755e-05 9.4809e-05 0.000239883 7.64376e-05 5.00974e-05 -2.3804e-05 5.62511e-05 0.000136166 9.67335e-05 6.76219e-05 0.000176364 0.000424621 0
internal_weight=27367 26931 168 26763 3349 2053 835 23414 1218 1054 423 65 436 341 164 23162 6361 16801 8146 158 1876 73 242 7988 836 123 7152 642 6510 450 6060 202 8655 1656 143 66 95 408 170 713 209 62 504 354 150 151 73 146 6999 1031 972 103 869 727 273 160 119 454 406 159 59 247
internal_count=27367 26931 168 26763 3349 2053 835 23414 1218 1054 423 65 436 341 164 23162 6361 16801 8146 158 1876 73 242 7988 836 123 7152 642 6510 450 6060 202 8655 1656 143 66 95 408 170 713 209 62 504 354 150 151 73 146 6999 1031 972 103 869 727 273 160 119 454 406 159 59 247
is_linear=0
shrinkage=0.01


Tree=36
num_leaves=63
num_cat=0
split_feature=0 1 5 4 2 5 0 3 5 1 1 2 3 4 5 6 3 0 6 4 2 5 3 5 1 5 3 6 5 5 0 4 3 2 6 5 2 6 2 6 2 5 6 3 4 6 2 6 2 3 5 6 3 6 6 6 5 6 5 6 4 1
split_gain=0.0726554 0.0358903 0.0353892 0.043824 0.0483912 0.0327707 0.0413054 0.0294417 0.0282465 0.034426 0.0312674 0.0313902 0.0278145 0.0369574 0.0412271 0.0448548 0.0360318 0.0352721 0.0318215 0.0304068 0.0285254 0.0414033 0.0410525 0.0274206 0.0283831 0.0364165 0.0311613 0.0270758 0.0258207 0.0253468 0.0346501 0.0227207 0.0210017 0.0435967 0.0379175 0.0258015 0.0208885 0.0200689 0.0195635 0.0195396 0.0191164 0.0187289 0.02394 0.02924 0.0185993 0.0183673 0.0182018 0.0177476 0.0290495 0.0269095 0.0255294 0.0283926 0.0176025 0.0303904 0.0246503 0.0174839 0.0169761 0.0168355 0.0160003 0.087194 0.0195735 0.0189911
threshold=0.30056698617545202 0.73633499680457171 0.66819914462362762 0.0025867236648936453 0.4519880394024739 0.38967195902770041 0.36827467757641985 0.0022312207297955906 0.27254474207798524 0.60299749955422388 0.53654194744109396 0.17740072495164033 0.003153751415996425 0.0038054557104433263 0.40197817760556709 0.0075786979760489705 0.0038402165569996431 0.5787668285122427 0.18477346788605067 0.0032463970520856412 0.65014931749035598 0.43500818518651413 0.0060293615748640925 0.49433622353513779 0.4225947896935362 0.56686228788935888 0.017929673007317154 0.0059776500173851178 0.21535861014639165 0.52027308682700024 0.49098296487343274 0.0059439518357249062 0.0014847688311104461 0.71024473525499598 0.040511365014676282 0.27392677401378313 0.28949998768923252 0.030482578495823531 0.70542298652375124 0.041617139299258511 0.41214175817214721 0.19920670967649026 0.016291471589484841 0.0043254581543933071 0.0068301186861735837 0.0021246229855501385 0.75802140277365948 0.001174506141393559 0.15570752929683285 0.004744374826424781 0.15502905331972544 0.00063678043810494152 0.0058021217062472043 0.012034139517583227 0.021048120385868733 0.0014858210222448637 0.35428091864699085 0.064136930030969777 0.34602251473712181 0.013408776653809769 0.0063766012199481066 0.46488600782238176
decision_type=2 2 2 2 2 2 2 2 2 2 2 2 2 2 2 2 2 2 2 2 2 2 2 2 2 2 2 2 2 2 2 2 2 2 2 2 2 2 2 2 2 2 2 2 2 2 2 2 2 2 2 2 2 2 2 2 2 2 2 2 2 2
left_child=8 2 3 4 5 -2 -7 -8 44 10 11 -10 28 14 15 19 45 18 20 55 23 22 27 47 37 26 -26 -22 40 32 -31 -13 33 35 38 -6 56 -25 -34 -30 -5 -17 -43 -44 -1 -15 -3 49 -49 50 -18 -52 53 -29 -54 -14 -11 -27 60 -60 -24 -61
right_child=1 46 -4 12 29 6 7 -9 9 36 -12 31 13 16 -16 41 17 -19 -20 -21 21 -23 58 24 25 57 -28 52 39 30 -32 -33 34 -35 -36 -37 -38 -39 -40 -41 -42 42 43 -45 -46 -47 -48 48 -50 -51 51 -53 54 -55 -56 -57 -58 -59 59 61 -62 -63
leaf_value=-0.00022530585989838088 -4.3646162224247011e-05 -7.5108448950189416e-05 -0.00018551807166844559 -0.00010871928037365732 0 0.00057403900693008545 0.00025452079436337005 -0.00021746907917458055 0.00046267914328318975 0.00023131804427000343 -4.2065011910784728e-05 0.00029037905486338598 5.4662610379445676e-05 0 0.00017412340467212804 0.00012230459570456979 -0.00046427777732041341 -0.00013259921054007174 -0.00036439132502329581 4.3108869630455579e-05 6.0200666060927141e-06 -0.00022344656736668426 -6.6381441504721482e-05 4.8280472194896965e-05 0.00014644420714062447 -4.2637109998930827e-05 -0.00025224482354827189 0.00036174367937602699 -0.00019303098845946498 0.00067528112499571551 2.8234847232847661e-05 4.5742444771208238e-06 0.00012217750390133337 -0.00019805397720201246 -1.1964145518197602e-05 0.00035588883851132884 1.7348656549574839e-05 0.00031698439087663594 0.00044473208425174776 0 9.087287236312074e-05 -0.00021096145458944528 1.7175670236032507e-06 -0.00039159541569687244 0.00011950671620642863 -0.00042809996381092596 -0.00032503080652208341 0.00019731360144998439 -1.1940012640580271e-05 2.04704676142333e-05 2.1836606690406123e-05 -0.00038289211328490085 6.7320564935946438e-05 7.2215656548532418e-05 0.00061494322977476298 0.00033898411631298249 0.00057846154350685178 -0.0004205508781723442 -0.00022088411984990129 9.7981687103913408e-05 2.16860216356298e-05 0.00048028563912555223
leaf_weight=34 419 268 102 82 31 20 28 24 33 48 95 44 46 21 233 49 20 206 24 433 142 64 277 63 146 41 21 51 198 20 20 96 127 20 241 100 25 70 27 59 114 102 242 20 25 30 37 66 16541 3097 78 21 20 176 23 67 36 22 41 29 2467 45
leaf_count=34 419 268 102 82 31 20 28 24 33 48 95 44 46 21 233 49 20 206 24 433 142 64 277 63 146 41 21 51 198 20 20 96 127 20 241 100 25 70 27 59 114 102 242 20 25 30 37 66 16541 3097 78 21 20 176 23 67 36 22 41 29 2467 45
internal_value=1.0869e-06 -9.49659e-07 2.48622e-07 1.0014e-06 6.35024e-05 -7.82507e-06 0.000186536 1.74862e-05 0.000129146 0.000161771 9.53361e-05 0.000176545 -1.60479e-06 -1.57035e-07 5.41357e-05 2.39255e-05 -2.91823e-06 -2.30506e-06 -1.12206e-06 8.41169e-05 -7.07326e-07 2.63363e-05 3.15359e-05 -5.22495e-06 8.06766e-05 8.80736e-06 9.02043e-05 0.000125251 -7.9259e-05 0.000124964 0.000377573 0.00010168 0.000104561 0.000207837 6.25068e-05 0.000277537 0.000315713 0.000197349 0.00018547 -0.000145294 2.25773e-06 -5.32299e-05 -7.96331e-05 -2.46289e-05 -6.23234e-05 -0.000268346 -0.000108801 -6.84883e-06 -1.1047e-05 1.45187e-05 -0.000131869 -5.42239e-05 0.00018423 0.000141798 0.000384184 0.000232235 0.000392495 -0.000190912 1.76773e-05 0.00013409 1.24293e-05 0.000344294
internal_weight=27367 26931 26626 26524 1077 491 72 52 436 377 268 173 25447 24994 1192 959 23802 23751 23545 546 23521 3335 3271 20186 363 230 167 412 453 586 40 140 546 151 395 131 109 133 154 257 196 413 364 262 59 51 305 19823 16607 3216 119 99 270 227 43 113 84 63 2859 115 2744 74
internal_count=27367 26931 26626 26524 1077 491 72 52 436 377 268 173 25447 24994 1192 959 23802 23751 23545 546 23521 3335 3271 20186 363 230 167 412 453 586 40 140 546 151 395 131 109 133 154 257 196 413 364 262 59 51 305 19823 16607 3216 119 99 270 227 43 113 84 63 2859 115 2744 74
is_linear=0
shrinkage=0.01


Tree=37
num_leaves=63
num_cat=0
split_feature=0 8 7 8 3 5 0 1 0 3 6 3 5 1 8 8 7 5 7 8 3 6 6 7 0 1 8 7 3 1 5 7 3 7 3 1 7 6 0 3 8 6 7 5 3 1 0 6 3 1 1 6 3 7 7 8 7 7 1 5 7 6
split_gain=0.0713121 0.0387025 0.0759965 0.0505026 0.0722751 0.0468497 0.0338514 0.0304546 0.0288351 0.0323253 0.0283749 0.0388627 0.027715 0.0338176 0.0253191 0.0240619 0.0271764 0.0254535 0.0298004 0.0304869 0.0229966 0.025395 0.0358087 0.0398672 0.023229 0.0228142 0.0220978 0.0358477 0.0210843 0.0210144 0.0204258 0.0552822 0.0412536 0.0402168 0.0252345 0.0230974 0.0209531 0.0249308 0.0200984 0.0198543 0.0198106 0.0345881 0.0316421 0.0298942 0.0195405 0.0193971 0.0191902 0.0183078 0.0218283 0.0352354 0.0259727 0.0253576 0.026889 0.0258847 0.025595 0.0252832 0.0304583 0.0563399 0.0385122 0.0293722 0.028328 0.0234213
threshold=0.30056698617545202 0.12741321144847101 0.29219399947994673 0.028670149091304827 0.0078372133423508013 0.24798398688374818 0.43600116107889159 0.73633499680457171 0.36827467757641985 0.00046745135573235467 0.040511365014676282 0.0061440033464516134 0.29463196457937213 0.60299749955422388 0.067929045597997617 0.0012569376428338216 0.3732714454172153 0.21630763113365523 0.28436203886868977 0.016644901512678206 0.035097690975710728 0.0021246229855501385 0.0027917263016600771 0.38349462695803566 0.43566287491512973 0.5306143791721879 0.0018554793775165943 0.38085028897797618 0.0099621379537615778 0.55703561226003406 0.40591849966040033 0.36785097836005126 0.003153751415996425 0.35295759859223591 0.020946891827101317 0.493163923367537 0.32605482342521541 0.027333042233704492 0.2750579606271748 0.0096550955776958155 0.017069322015453262 0.040511365014676282 0.55342135003920367 0.30671945708946685 0.0097912290929691292 0.46653710557843225 0.48383147028013024 0.14735907947828483 0.0017945524630372833 0.49928942776151697 0.4162925129346014 0.064136930030969777 0.0056892770131789288 0.49689698004443056 0.3452177380981451 0.051006638371966485 0.40410065045723759 0.48955958244493814 0.53925763232758539 0.36741389021622706 0.39106197249868957 0.049317128787327462
decision_type=2 2 2 2 2 2 2 2 2 2 2 2 2 2 2 2 2 2 2 2 2 2 2 2 2 2 2 2 2 2 2 2 2 2 2 2 2 2 2 2 2 2 2 2 2 2 2 2 2 2 2 2 2 2 2 2 2 2 2 2 2 2
left_child=12 3 -3 7 5 6 -5 15 14 -10 11 -8 28 25 -7 16 -2 -17 19 -19 21 29 23 46 -22 38 27 -24 -1 -20 33 32 -32 35 -33 36 -28 -38 39 -14 42 -42 -35 -44 -43 -4 -23 48 49 -11 -50 55 53 54 -53 56 59 58 -58 -52 -57 -59
right_child=1 2 45 4 -6 8 10 -9 9 47 -12 -13 13 -15 -16 17 -18 18 20 -21 24 22 26 -25 -26 -27 30 -29 -30 -31 31 34 -34 40 -36 -37 37 -39 -40 -41 41 44 43 -45 -46 -47 -48 -49 50 -51 51 52 -54 -55 -56 60 57 61 -60 -61 -62 -63
leaf_value=-0.00012436952118256836 -5.3064830661841536e-06 0.00037729138487895187 -5.1240110274443356e-05 -4.8752610114368827e-05 -2.1540165560485477e-05 0.00030145299323587019 0.00053835105822356633 -0.00011464263335307553 0.00047167267299607973 5.2789696219750714e-05 3.9795436890654013e-05 1.5887381711926978e-05 0.00040821855668723034 0.00033057768989047068 0 1.6293900362824566e-06 3.6937653181072363e-05 0.00022002726070265429 0.0002078215473574585 -5.6918074189334241e-05 -3.4245672474108511e-05 -0.00011069959975184406 0 -0.00035136784520944621 -0.00028716422952663719 -1.4685169685300762e-05 -8.3531539433507476e-05 0.00029978478869326926 0.00019281555752098203 0 -6.1694789286072021e-06 0 0.00031675561127750024 -3.5443595924014126e-06 -0.0002502017864701392 -2.0108221533814264e-05 -0.00015839395795065183 -0.00046707730110363079 4.892355008712996e-05 0 -7.7580588433550122e-05 -3.3618494281153052e-06 -8.237995185676213e-06 -0.0002952124973395827 0.00017101563313766936 -0.00032344780878037273 7.1268930523363112e-05 -7.9216287792825766e-05 0.00020163808106248363 0.00044924865330170892 -8.7231366419505949e-05 -6.5726166639220093e-06 -0.00014422447959810931 -0.00014997500330300373 0.00027108083792210978 0.00061369752368324463 0.00062838135028697826 0.00013582035827682245 5.123392110815835e-05 0.00013767379489237148 7.0490258914879199e-05 -0.00018581267747341508
leaf_weight=65 3456 22 49 412 1296 132 30 252 23 58 358 35 51 99 32 8793 2676 100 84 58 101 266 132 64 68 91 238 55 30 112 56 559 99 4026 43 231 129 41 78 22 1194 274 86 74 80 97 67 59 142 45 154 55 113 41 64 20 36 67 23 93 28 33
leaf_count=65 3456 22 49 412 1296 132 30 252 23 58 358 35 51 99 32 8793 2676 100 84 58 101 266 132 64 68 91 238 55 30 112 56 559 99 4026 43 231 129 41 78 22 1194 274 86 74 80 97 67 59 142 45 154 55 113 41 64 20 36 67 23 93 28 33
internal_value=1.0797e-06 -9.37602e-07 -0.000152198 0 3.63339e-05 7.33544e-05 1.42759e-05 -5.18285e-06 0.00011303 9.22642e-05 7.80259e-05 0.000272842 0.00012795 0.000170306 0.000240259 -3.94828e-06 1.29661e-05 -1.00974e-05 -2.2737e-05 0.000112067 -2.54985e-05 -2.28804e-05 -2.58375e-05 -0.000118856 -0.000142035 0.000100501 -2.06523e-05 8.54803e-05 -1.35931e-05 8.83534e-05 -2.35773e-05 2.48179e-05 0.00019371 -2.9483e-05 -1.70316e-05 -0.000105119 -0.000150783 -0.000238951 0.0001765 0.000298881 -2.0878e-05 -5.15872e-05 -9.28179e-06 -0.000147311 3.32586e-05 -0.000239033 -7.10748e-05 8.27854e-05 9.36547e-05 0.000235967 7.5611e-05 4.95953e-05 -2.36603e-05 5.52789e-05 0.00013446 9.58432e-05 6.69941e-05 0.000174929 0.00042078 0 0.000318422 1.96119e-05
internal_weight=27367 26931 168 26763 3349 2053 835 23414 1218 1054 423 65 436 341 164 23162 6132 17030 8237 158 8079 7910 7714 397 169 242 7317 187 95 196 7130 757 155 6373 602 639 408 170 151 73 5734 1548 4186 160 354 146 333 1031 972 103 869 727 273 160 119 454 406 159 59 247 48 100
internal_count=27367 26931 168 26763 3349 2053 835 23414 1218 1054 423 65 436 341 164 23162 6132 17030 8237 158 8079 7910 7714 397 169 242 7317 187 95 196 7130 757 155 6373 602 639 408 170 151 73 5734 1548 4186 160 354 146 333 1031 972 103 869 727 273 160 119 454 406 159 59 247 48 100
is_linear=0
shrinkage=0.01


Tree=38
num_leaves=63
num_cat=0
split_feature=0 1 5 5 3 2 3 2 0 0 1 6 7 0 2 6 6 5 5 1 1 2 3 5 7 6 7 6 3 7 6 2 2 5 3 2 3 2 5 7 7 6 5 3 6 1 6 6 2 2 7 3 3 7 6 1 3 6 3 6 2 1
split_gain=0.0699466 0.034575 0.0346139 0.0414808 0.0929993 0.0473182 0.0477775 0.0453368 0.0442 0.0441256 0.0434832 0.034703 0.032259 0.031814 0.0299791 0.0294628 0.0456249 0.0278271 0.0272953 0.0330566 0.0302511 0.0304845 0.0269745 0.0255011 0.0427329 0.0249581 0.0404064 0.0247702 0.0247192 0.0234145 0.0215285 0.0210144 0.0205432 0.0200617 0.0253667 0.0196777 0.0193072 0.023084 0.030993 0.0268303 0.0329605 0.0362894 0.0256531 0.0374921 0.0191403 0.0223017 0.0189779 0.0186094 0.0184505 0.0178907 0.0176145 0.0346292 0.0504213 0.0294666 0.0841743 0.0239752 0.0221093 0.0192105 0.0184062 0.0324375 0.0241281 0.021433
threshold=0.30056698617545202 0.73633499680457171 0.66819914462362762 0.40591849966040033 0.004558696088145733 0.52834616556677172 0.0028067875750827005 0.54672436836631855 0.36056530412008109 0.44797705433313528 0.49235177495275334 0.068014215365208755 0.36368778231480636 0.557263160738385 0.68178694778960292 0.026969167697644521 0.025137665866142692 0.24441785047011153 0.27254474207798524 0.60299749955422388 0.53654194744109396 0.17740072495164033 0.0051895897240645363 0.23765335596435286 0.31622877286552104 0.026289935230332583 0.3853778920949934 0.042803774591854069 0.0060293615748640925 0.42368812756693403 0.11728484907292856 0.51137420471143058 0.28949998768923252 0.4504075308503635 0.010991089298771205 0.42645365302912003 0.018986538826126168 0.65014931749035598 0.22123625184794679 0.39957604697422139 0.44991017203809269 0.049317128787327462 0.24063055658977578 0.0059577312344574205 0.068014215365208755 0.4225947896935362 0.013948523882298718 0.046569876040074724 0.17740072495164033 0.75802140277365948 0.31884729308642179 0.0071701793350580304 0.0083742912078839035 0.3286174298591335 0.044697943704566229 0.55987215118371547 0.0064217688691693715 0.014971415633667291 0.018642664988654547 0.032206939491707713 0.45822463566852856 0.5758486612074063
decision_type=2 2 2 2 2 2 2 2 2 2 2 2 2 2 2 2 2 2 2 2 2 2 2 2 2 2 2 2 2 2 2 2 2 2 2 2 2 2 2 2 2 2 2 2 2 2 2 2 2 2 2 2 2 2 2 2 2 2 2 2 2 2
left_child=18 2 3 5 8 12 10 15 -5 -9 -7 25 50 36 27 16 46 -15 -1 20 21 -20 -17 -12 -25 -11 -27 31 -24 -19 -29 -10 -21 34 -30 -23 37 38 -8 -39 42 -42 43 -41 -35 -46 -6 -44 -14 -3 51 57 -53 54 55 56 -52 -2 59 61 -61 -55
right_child=1 49 -4 4 7 6 13 9 14 11 23 -13 48 17 -16 22 -18 29 19 32 -22 35 28 24 -26 26 -28 30 33 -31 -32 -33 -34 44 -36 -37 -38 39 -40 40 41 -43 47 -45 45 -47 -48 -49 -50 -51 53 52 -54 58 -56 -57 -58 -59 -60 60 -62 -63
leaf_value=-6.1310850242988002e-05 0.00019604729280999302 -7.3358026324409745e-05 -0.00018347403245620489 0.00051960729831349809 -1.4126503735492153e-05 1.3552414628402078e-06 3.2031141660763129e-05 7.7980517876627523e-05 0 -0.00020472375540084504 7.0569000323893996e-05 -0.00036022753257147517 0.00010591038067143675 0.00011670172708047071 -6.1497489715064748e-05 -0.00013767324565944948 -0.00036745815891688093 -0.00020871318652656467 0.00045555076343809273 0.00038578719070389442 -4.1427656251165458e-05 4.1602367653609426e-05 0.00039672969084513638 0.00067069572225398732 0.00018612854736753799 0.00029624845932086562 -0.00010323445519151273 0.00035447898136067488 8.1217004995013631e-05 1.0224554613588771e-05 0.00011139348127835081 0.00023908924641063547 1.3883256082575158e-05 0.00024603155316507258 -0.0002453984545259133 0.00039584369319884934 -7.5062730695958844e-06 3.3840436857160385e-05 -2.0606243654624806e-05 0.00040570815619811462 0.00010576012632958228 -0.00025786240651269425 0.00011561492551093983 -1.041414518540668e-05 0.00023621866282559593 -0.00010004039776373136 0.00015366200331688739 0.00053158905395282307 -9.7704274414863447e-06 -0.00032111092453014178 -0.00032836917963139359 -0.00030366880271454229 0 -0.00015256527034931267 -0.00079111522215321586 0.00018963628784470743 -1.2177413057487684e-05 9.4524555651021185e-06 3.1736755382536811e-05 -4.3548059524950477e-05 0.0001847936876971216 0.00015282996667557842
leaf_weight=59 71 268 102 36 322 133 2618 114 111 98 59 64 138 45 56 37 33 161 33 84 95 120 35 32 63 35 90 107 110 58 78 54 25 124 30 20 3017 1910 1932 30 144 33 24 62 33 45 83 42 12643 37 48 84 173 412 22 20 54 309 170 244 57 21
leaf_count=59 71 268 102 36 322 133 2618 114 111 98 59 64 138 45 56 37 33 161 33 84 95 120 35 32 63 35 90 107 110 58 78 54 25 124 30 20 3017 1910 1932 30 144 33 24 62 33 45 83 42 12643 37 48 84 173 412 22 20 54 309 170 244 57 21
internal_value=1.06808e-06 -9.29458e-07 2.45968e-07 9.90868e-07 4.88783e-05 -2.23817e-06 1.40241e-05 4.06141e-06 0.000173636 -8.27213e-05 0.000141501 -0.000150042 -1.39571e-05 1.02925e-05 0.000140375 4.60848e-05 -9.00182e-06 -9.7563e-05 0.000126718 0.000158804 9.35914e-05 0.000173493 0.000106768 0.000255968 0.0003604 -8.51031e-05 7.74552e-07 0.00017554 0.00013344 -0.000146187 0.000257507 7.74798e-05 0.000309745 0.000103464 3.96502e-06 9.95925e-05 1.32974e-05 2.26814e-05 9.46076e-06 4.90289e-05 0.000132606 3.22122e-05 0.000238655 0.000114713 0.00016744 2.95393e-05 1.78207e-05 0.000395858 -8.44233e-06 -0.000106786 -5.51914e-05 -1.18512e-05 -0.000102727 -8.05769e-05 -0.000215998 -0.000103535 -0.000170944 4.69895e-05 -5.78779e-05 -7.9997e-05 0 -0.000135413
internal_weight=27367 26931 26626 26524 1695 24829 10363 1253 442 401 287 287 14466 10076 406 852 438 264 436 377 268 173 414 154 95 223 125 350 377 219 185 165 109 342 140 140 9812 6795 4550 2245 335 177 158 92 202 78 405 66 12781 305 1685 637 257 1048 144 122 102 380 904 734 301 433
internal_count=27367 26931 26626 26524 1695 24829 10363 1253 442 401 287 287 14466 10076 406 852 438 264 436 377 268 173 414 154 95 223 125 350 377 219 185 165 109 342 140 140 9812 6795 4550 2245 335 177 158 92 202 78 405 66 12781 305 1685 637 257 1048 144 122 102 380 904 734 301 433
is_linear=0
shrinkage=0.01


Tree=39
num_leaves=63
num_cat=0
split_feature=0 8 7 8 4 4 1 1 7 2 0 4 0 2 4 1 2 4 4 7 1 8 8 4 2 8 7 2 2 6 4 4 4 7 6 8 2 7 1 7 7 4 4 6 8 4 4 4 4 7 0 4 7 7 8 8 4 7 8 7 4 2
split_gain=0.0686052 0.0378174 0.0740601 0.0490984 0.0587917 0.0320714 0.0293317 0.026293 0.025755 0.0243303 0.0318991 0.0326478 0.0231487 0.0280122 0.0258234 0.0213155 0.0224121 0.0211214 0.0209568 0.0186362 0.0392682 0.0185547 0.0179932 0.0197914 0.0230701 0.0174143 0.0379929 0.0200396 0.0185211 0.0185397 0.0269776 0.0172545 0.0220508 0.0257888 0.024145 0.0231815 0.01616 0.0157561 0.0155893 0.0171821 0.0306618 0.0625793 0.0344206 0.0286466 0.0320537 0.0258451 0.029086 0.0228983 0.0349598 0.0226537 0.0305017 0.0325834 0.0251891 0.019939 0.021857 0.0174103 0.0476022 0.0170692 0.0153348 0.0152058 0.0151623 0.0150975
threshold=0.30056698617545202 0.12741321144847101 0.29219399947994673 0.028670149091304827 0.0068541360882211277 0.0042549030590059451 0.73633499680457171 0.31722211601169759 0.29219399947994673 0.52834616556677172 0.5787668285122427 0.0026706568164350988 0.34441636324116581 0.42342942186205351 0.0016640265510150063 0.50423332482218663 0.58000217983074365 0.0038054557104433263 0.0023009520426909109 0.3286174298591335 0.47148019686670584 0.067929045597997617 0.0034606594841658511 0.0079695175866239722 0.43765413261371994 0.0012569376428338216 0.37311485905337688 0.3581228516130272 0.17740072495164033 0.0027917263016600771 0.0034646109117880855 0.0026706568164350988 0.0052757256079578665 0.37185774934187826 0.0018395879323031643 3.8089019479812824e-05 0.37422670756549542 0.55342135003920367 0.6223077436659773 0.36129015436639239 0.31884729308642179 0.0054441409919618296 0.0059698140394744909 0.024745489977278063 0.015981064316030039 0.0074224964683372845 0.0065905151205284812 0.0095620370835813231 0.012575846251942016 0.38483050077253111 0.42163350847274489 0.0053824872773388646 0.38924421333166354 0.3286174298591335 0.012248340407008377 0.0074436826640548416 0.0027700920988595625 0.38133808879463965 0.019180541952334311 0.30855636467669412 0.017697918560869292 0.23321871227861288
decision_type=2 2 2 2 2 2 2 2 2 2 2 2 2 2 2 2 2 2 2 2 2 2 2 2 2 2 2 2 2 2 2 2 2 2 2 2 2 2 2 2 2 2 2 2 2 2 2 2 2 2 2 2 2 2 2 2 2 2 2 2 2 2
left_child=8 3 -3 6 7 -4 9 18 -1 25 11 -11 61 -14 15 16 -15 -12 -5 20 -6 -16 -8 24 -24 26 31 -28 58 30 -30 -2 33 36 35 -35 -33 -13 39 40 42 53 43 59 -45 46 -43 -44 -49 -41 -51 52 -52 -42 55 -55 -57 -40 -27 -31 -47 -9
right_child=1 2 5 4 19 -7 22 12 -10 10 17 37 13 14 21 -17 -18 -19 -20 -21 -22 -23 23 -25 -26 28 27 -29 29 38 -32 32 -34 34 -36 -37 -38 -39 57 49 41 45 47 44 -46 60 -48 48 -50 50 51 -53 -54 54 -56 56 -58 -59 -60 -61 -62 -63
leaf_value=0.00044221901329469747 0.00019933475751306748 0.00037202240850215952 -0.00014340490443444877 -0.00033435017065956116 -0.00053123720678814211 -0.00052239949625404686 -4.0029931484226523e-05 0 0.0001028730104911764 0.00016726607050010647 9.9116693003512747e-05 1.0372704490939984e-05 1.0096208520673528e-07 0.00024110397301947014 9.0009379992986199e-05 0.00033694657524534899 -3.0585635679716106e-05 -0.00020387586004314256 6.738483803126754e-06 -5.3407895648571444e-06 3.0419567211337576e-05 -2.2828052844941705e-05 -0.00058768311098094295 0 -0.00013728996259951086 0.00016212074098898526 0.00015172008573824825 3.4460697582532278e-05 0.00022387066321038297 0.00023935748059713814 -7.3192672490123944e-05 0.0002445280371611653 -7.0721750164999449e-06 -7.1059529231787543e-05 9.9086676702712047e-05 -0.0003000578342371582 -4.1019015642518546e-05 -8.3333906255858385e-05 0.0001206230739648873 3.4278094697755632e-06 -0.00040724478415872723 -1.4918122279683614e-05 -0.00015964515217573833 -0.00037022626734385059 7.0996803031968229e-05 -8.8750012465887537e-05 0.00040427418014704115 0.00021268957058684119 -0.00012416160590601481 -4.6340032584405484e-06 -0.00013285583503061863 -7.6371163268850118e-05 0.00012636975726607806 -9.8520695856103681e-05 -4.2441833725211376e-05 -9.5583983508257375e-05 -0.00074006207484396402 -3.3039160959006628e-05 -0.00011354662058654271 -1.829898485274457e-05 7.3065596108526316e-05 0.00028725173088779937
leaf_weight=26 35 22 113 27 21 33 159 25 410 132 24 8954 461 57 956 78 53 112 38 1369 23 156 24 32 37 97 182 978 30 112 916 28 1703 101 28 105 55 181 171 4103 55 30 138 22 58 283 28 56 66 2208 47 1568 147 46 91 30 24 111 21 20 66 85
leaf_count=26 35 22 113 27 21 33 159 25 410 132 24 8954 461 57 956 78 53 112 38 1369 23 156 24 32 37 97 182 978 30 112 916 28 1703 101 28 105 55 181 171 4103 55 30 138 22 58 283 28 56 66 2208 47 1568 147 46 91 30 24 111 21 20 66 85
internal_value=1.06005e-06 -9.17884e-07 -0.000150439 0 3.58341e-05 -0.000236212 -5.10132e-06 7.17063e-05 0.000125499 -3.88888e-06 8.44578e-06 1.07782e-05 7.89026e-05 6.92746e-05 9.30336e-05 0.000204458 0.000101207 -0.000143026 -0.000119879 -1.26095e-05 -0.000215565 7.32798e-05 -0.000112528 -0.000225558 -0.000331532 -1.23912e-05 7.76383e-06 5.37318e-05 -1.86315e-05 -2.01225e-05 -6.26924e-05 -1.76988e-05 -2.1964e-05 -9.87852e-05 -0.000153506 -0.000192723 4.34548e-05 8.40565e-06 -1.57683e-05 -1.80965e-05 -5.49814e-05 -9.94403e-05 4.41619e-06 0.000100929 -3.81659e-05 -2.05955e-05 0.000170586 -7.04429e-05 2.23162e-05 -1.2832e-05 -2.9888e-05 -6.09648e-05 5.83796e-05 -0.000225762 -0.000168084 -0.000272272 -0.000401341 5.66039e-05 0.000104539 0.000192764 -5.52721e-05 0.000223752
internal_weight=27367 26931 168 26763 3349 146 23414 1936 436 23162 9403 9267 1871 1761 1300 188 110 136 65 1413 44 1112 252 93 61 13759 3215 1160 10544 10426 946 2055 2020 317 234 206 83 9135 9480 9198 1125 653 472 212 80 407 58 260 122 8073 3970 1762 194 246 191 100 54 282 118 132 349 110
internal_count=27367 26931 168 26763 3349 146 23414 1936 436 23162 9403 9267 1871 1761 1300 188 110 136 65 1413 44 1112 252 93 61 13759 3215 1160 10544 10426 946 2055 2020 317 234 206 83 9135 9480 9198 1125 653 472 212 80 407 58 260 122 8073 3970 1762 194 246 191 100 54 282 118 132 349 110
is_linear=0
shrinkage=0.01


Tree=40
num_leaves=63
num_cat=0
split_feature=0 5 7 6 2 4 2 4 4 0 5 7 5 6 0 6 6 7 6 6 4 7 5 1 6 5 6 6 7 5 2 7 6 7 5 7 1 0 4 4 5 1 6 6 1 5 5 1 7 4 0 7 6 5 0 2 6 5 6 5 4 6
split_gain=0.0705285 0.0609081 0.098184 0.0569943 0.0719677 0.0534977 0.0484957 0.0473771 0.0447187 0.039698 0.0305517 0.0283383 0.0267472 0.0375868 0.0325405 0.0246812 0.0262689 0.0225399 0.0283252 0.0252296 0.0313512 0.025676 0.024333 0.0285702 0.0231863 0.0266602 0.0266303 0.0217369 0.0206936 0.0670504 0.0369574 0.0231328 0.0210682 0.0209756 0.0203989 0.0308616 0.0310602 0.0248259 0.0193242 0.031806 0.0192017 0.0304109 0.0552254 0.0210286 0.0188972 0.0314503 0.0194411 0.018446 0.0180326 0.0188041 0.0177597 0.0213524 0.0169556 0.0169159 0.0168246 0.0166285 0.0191139 0.0221796 0.0165061 0.0168424 0.031098 0.0164541
threshold=0.32989804023152808 0.33405044714648474 0.29219399947994673 0.18477346788605067 0.19302606014084989 0.0079155052115043433 0.50983412568755493 0.0068541360882211277 0.0054141014965058227 0.62707778734859165 0.42780136879592773 0.3452177380981451 0.66819914462362762 0.02052454535898245 0.35212560457781217 0.014439754505979676 0.0088846032554641841 0.31884729308642179 0.10881465848353267 0.025137665866142692 0.0060198250442060801 0.28436203886868977 0.21822877097103607 0.49403322949587614 0.033506780195521925 0.27934244936648522 0.054453824321373995 0.043357672496745346 0.4085167430629188 0.24441785047011153 0.64759388045524979 0.32605482342521541 0.037533658394585549 0.47608301434277184 0.41550073510443686 0.38483050077253111 0.46331429277583897 0.44797705433313528 0.0088749345590237536 0.011699202164062195 0.2467842099781358 0.62931384834834081 0.022548092084515931 0.00071764144611826753 0.54670270575063651 0.42105520799565938 0.27662684863462605 0.49235177495275334 0.72625777244508283 0.017697918560869292 0.44149826529094344 0.37898085690970262 0.030054015153352907 0.38143819993765865 0.46470283522913186 0.62069744886993694 0.002844285956868739 0.15151114577465649 0.001174506141393559 0.35741414467149935 0.0065561300170990751 0.0080274765705229296
decision_type=2 2 2 2 2 2 2 2 2 2 2 2 2 2 2 2 2 2 2 2 2 2 2 2 2 2 2 2 2 2 2 2 2 2 2 2 2 2 2 2 2 2 2 2 2 2 2 2 2 2 2 2 2 2 2 2 2 2 2 2 2 2
left_child=1 5 -3 4 -4 15 10 -6 28 34 11 17 13 54 -15 16 -1 18 19 20 21 -2 -19 27 -21 -26 -27 -24 31 -30 32 44 -31 -32 48 36 52 -37 -9 -40 55 43 -43 -42 -8 46 -46 -20 49 -10 -13 -52 -36 -51 -12 56 57 -33 -53 -60 -61 -22
right_child=6 2 3 -5 7 -7 8 38 9 -11 12 50 -14 14 -16 -17 -18 22 47 24 61 -23 23 -25 25 26 -28 -29 29 30 33 40 -34 -35 35 37 -38 -39 39 -41 41 42 -44 -45 45 -47 -48 -49 -50 53 51 58 -54 -55 -56 -57 -58 -59 59 60 -62 -63
leaf_value=-8.8249808417043921e-05 0.00030234288983790577 0.00074661929065069949 0.00056040314427257458 -0.00031398898431267663 0.00021681156147377049 0.00013631567011482119 7.1058133159342869e-05 -0.00017555034394108531 1.8889712206747033e-05 -0.00028045396101917088 -7.2601579228876023e-05 -7.707008899615966e-06 -0.00014373379993070992 0.00044393648538355824 0.00010201415490125338 1.5042840725441809e-05 -0.00042715204660954807 -2.642021381501492e-06 0 -0.00031971921140290863 -0.00026134270682807081 0 -0.00022133154451252823 -1.7918512904146706e-05 -0.0002556538753662684 0.00012243456216159347 -0.00016026527429297693 -0.00060342917952573656 0.00043427044745572476 -1.3682961433279591e-06 4.8301576481787386e-05 0.000189097942031153 0.00024435647767849365 -0.00028000799880413925 2.5016992472628572e-06 0 -7.5922800800298153e-05 -0.00023268447980146907 0.00028660248235770061 -3.9458961386851944e-05 0.00016023707919755875 0.00029773547500840179 -0.00027694875837780945 -4.4686929882956163e-05 7.7951180619277713e-05 -3.2598754629422137e-05 0.00052826143349095182 0.0004260732021312512 -0.00013009781959985248 -7.6462538053973237e-06 -8.7762867322115269e-06 9.2703953478526856e-05 0.00044483240346010781 -0.00023614919629071776 9.6476300372002461e-05 9.8637637930722771e-05 5.0668828937509803e-05 -0.00014238059876621115 -6.1825082451691184e-05 0 -0.00033649656682278054 -2.406126092266104e-05
leaf_weight=128 50 28 41 26 200 192 290 49 6216 49 187 9731 62 33 337 135 32 92 25 55 39 70 106 62 57 78 58 23 59 47 28 22 82 42 21 76 63 129 42 91 52 72 20 730 21 21 36 20 94 3398 1341 56 24 33 83 471 420 118 1082 50 66 169
leaf_count=128 50 28 41 26 200 192 290 49 6216 49 187 9731 62 33 337 135 32 92 25 55 39 70 106 62 57 78 58 23 59 47 28 22 82 42 21 76 63 129 42 91 52 72 20 730 21 21 36 20 94 3398 1341 56 24 33 83 471 420 118 1082 50 66 169
internal_value=1.27781e-06 8.53183e-05 0.000165695 0.000127083 0.000156626 4.52093e-06 -1.73443e-06 0.000110536 1.24109e-05 2.8889e-06 -1.46336e-05 -1.81002e-05 4.92677e-05 6.95465e-05 0.000135324 -7.78858e-05 -0.000162501 -7.24073e-05 -3.65237e-05 -5.67709e-05 0 0.000129436 -0.000147575 -0.000212115 -0.000132864 -7.42989e-05 0 -0.000297618 5.0023e-05 0.000136503 4.30244e-05 3.97614e-05 0.000147151 -0.000134537 4.37206e-06 -7.48058e-05 5.53424e-05 -0.000148241 -8.14216e-07 5.61326e-05 2.50593e-05 -8.44013e-06 0.000161781 -2.97629e-05 0.000113125 0.00025643 0.000380298 0.000200018 7.01962e-06 8.46068e-06 -1.40356e-05 -3.73808e-05 0.000261048 -1.01423e-05 -1.6907e-05 5.44255e-05 1.54435e-05 -8.30556e-05 -6.71692e-05 -7.54842e-05 -0.000194114 -7.34611e-05
internal_weight=27530 964 477 449 423 487 26566 382 12634 10103 13932 13230 702 640 370 295 160 904 621 576 328 120 283 191 248 193 136 129 2531 258 199 2273 129 70 10054 313 108 205 182 133 1905 874 92 782 368 78 57 45 9741 9647 12326 2595 45 3431 270 1031 560 140 1254 1198 116 208
internal_count=27530 964 477 449 423 487 26566 382 12634 10103 13932 13230 702 640 370 295 160 904 621 576 328 120 283 191 248 193 136 129 2531 258 199 2273 129 70 10054 313 108 205 182 133 1905 874 92 782 368 78 57 45 9741 9647 12326 2595 45 3431 270 1031 560 140 1254 1198 116 208
is_linear=0
shrinkage=0.01


Tree=41
num_leaves=63
num_cat=0
split_feature=0 7 6 4 2 3 0 8 7 8 3 8 2 7 2 3 4 6 7 8 7 6 4 6 2 6 8 3 6 4 7 2 6 7 2 7 4 2 6 8 6 4 3 3 2 4 3 7 4 3 6 7 4 7 4 0 0 7 8 3 3 4
split_gain=0.0691296 0.0530424 0.0655223 0.0562085 0.0475497 0.0581538 0.0438916 0.0264524 0.0264539 0.0253439 0.0212264 0.0484514 0.042158 0.0192426 0.018443 0.0186159 0.0372137 0.019901 0.0182971 0.0182359 0.0312893 0.0251277 0.0187938 0.0179461 0.0171593 0.019583 0.0175417 0.017021 0.0431661 0.0212673 0.0265172 0.0160094 0.0159547 0.0158459 0.0245892 0.0196407 0.0328796 0.0289306 0.0322792 0.0228245 0.0372106 0.0319904 0.0311007 0.0213779 0.017189 0.0174867 0.0163725 0.0159053 0.0157629 0.0152643 0.0186628 0.035225 0.073386 0.039249 0.0297696 0.0196163 0.0164857 0.0154265 0.0164972 0.0149271 0.0148253 0.0265154
threshold=0.32989804023152808 0.29219399947994673 0.18477346788605067 0.006278779205486606 0.50983412568755493 0.0061002944587900823 0.557263160738385 0.0028131461530090294 0.37185774934187826 0.027821308085754701 0.0058021217062472043 0.022695614321471321 0.64759388045524979 0.37235959856362683 0.26379358130046343 0.0072892113460592692 0.0044106144320364069 0.0042876549499066057 0.48955958244493814 0.0013984111437588388 0.37412876580589316 0.0026057459832294276 0.0026706568164350988 0.049317128787327462 0.86721475903900525 0.068014215365208755 0.0030090325389052091 0.00046745135573235467 0.14735907947828483 0.0018591303251098358 0.31622877286552104 0.15570752929683285 0.02658912095998189 0.3452177380981451 0.47178853994852915 0.29812747837101033 0.0012992952724961333 0.41367469858154499 0.02930605082922964 0.084269234954837319 0.024745489977278063 0.0060198250442060801 0.0077392574500381528 0.0029375889081736197 0.22432001267999571 0.0052306697687987203 0.0039989328546331014 0.28436203886868977 0.0056439208136142933 0.018986538826126168 0.024745489977278063 0.36961477042156493 0.0069296023604975806 0.35802127638804704 0.014489635690470142 0.50275799982978553 0.40880241666670608 0.4085167430629188 0.026645989770377628 0.017417859709157418 0.0061732133480638671 0.0066531058526321692
decision_type=2 2 2 2 2 2 2 2 2 2 2 2 2 2 2 2 2 2 2 2 2 2 2 2 2 2 2 2 2 2 2 2 2 2 2 2 2 2 2 2 2 2 2 2 2 2 2 2 2 2 2 2 2 2 2 2 2 2 2 2 2 2
left_child=1 3 9 -1 19 7 18 8 -6 14 27 -12 -13 -10 15 16 -3 -17 48 20 22 -21 -2 -20 25 32 -26 -9 29 30 -29 -18 -8 34 35 39 -37 38 43 40 41 47 -43 -38 45 46 -35 -23 -7 50 54 52 -52 -54 -50 59 -56 -57 -59 -53 -24 -62
right_child=4 2 -4 -5 5 6 24 10 13 -11 11 12 -14 -15 -16 17 31 -19 23 21 -22 33 60 -25 26 -27 -28 28 -30 -31 -32 -33 -34 44 -36 36 37 -39 -40 -41 -42 42 -44 -45 -46 -47 -48 -49 49 -51 51 55 53 -55 56 57 -58 58 -60 -61 61 -63
leaf_value=0.00064194172668653813 0.00021740673593132105 0.00014775607426748062 -0.00038114301704238629 0 -0.00018516307658407831 -9.6626804421450044e-05 -0.00012011307531980942 0.00027543326586264001 0.00027819177598172132 0.00019075348165638805 8.1093315407300502e-05 9.5444189946248796e-05 0.00072605457906236583 9.2338338703769939e-06 -1.9725178829148799e-06 0.0003058509547851112 -0.00031574733884838036 7.9011712441029395e-05 -1.7703430040243175e-05 -8.5077411291526429e-05 5.6512092731896757e-05 0.00032542628646411011 -5.6350466000896461e-05 -0.00014167850136721915 0 -0.00036542644148757807 -0.00040848646015191587 0.00031391951344265034 -0.0002427302378243638 4.860761727759278e-05 4.4100879674856268e-05 -6.5719004179634634e-06 4.8985116403474702e-05 0 7.0518257344846853e-05 -0.00052148180726489313 -0.0002946577639752292 -0.00022554300107143472 7.0716636556823601e-05 0.00018810020183938317 -0.00014745464100673333 -0.0002858595481616618 7.0991980962424028e-05 -5.8930566982121226e-05 -1.4984273430378388e-05 5.390990841436913e-06 0.00030712879344911977 0 8.9392170055234958e-08 -6.9806826758601457e-06 0.00048705804399538401 2.6177685692979312e-05 -0.00031110405851669418 0.00015931088419263953 0.00036260154414858789 4.4610842434299548e-06 6.8983631718225378e-05 0 0.00028552833375441902 -0.00014204347677724925 0.00015491700805967564 -1.1360497240986617e-05
leaf_weight=34 34 111 31 24 68 137 120 37 28 176 199 25 26 786 311 72 30 121 869 580 901 47 674 141 21 22 38 74 47 1682 92 54 94 36 131 20 56 130 137 46 183 38 61 179 8943 184 48 28 3487 2959 56 832 25 59 22 73 453 30 77 55 103 1373
leaf_count=34 34 111 31 24 68 137 120 37 28 176 199 25 26 786 311 72 30 121 869 580 901 47 674 141 21 22 38 74 47 1682 92 54 94 36 131 20 56 130 137 46 183 38 61 179 8943 184 48 28 3487 2959 56 832 25 59 22 73 453 30 77 55 103 1373
internal_value=1.26296e-06 8.4466e-05 6.43426e-05 0.000380944 -1.71889e-06 1.22873e-05 4.28171e-08 5.02039e-05 2.79594e-06 8.131e-05 6.89076e-05 0.000157902 0.000437293 1.97468e-05 5.22997e-05 9.83673e-05 2.3353e-05 0.000168929 3.96716e-06 -1.4492e-05 6.71732e-06 -2.06163e-05 -1.33691e-05 -3.60132e-05 -0.000119912 -7.57815e-05 -0.000279086 5.68666e-05 5.20571e-05 6.01082e-05 0.000170519 -0.000129126 -4.11774e-05 -1.68766e-05 -5.38559e-05 -7.25567e-05 -0.000113416 -9.5066e-05 -4.67334e-05 -1.71366e-05 -4.64272e-05 5.41056e-05 -5.60408e-05 -0.000119459 -1.2528e-05 6.56817e-05 0.000185693 0.000212695 8.9742e-06 1.08783e-05 2.12951e-05 5.5915e-05 0.000206499 7.21238e-06 1.04949e-05 3.52024e-05 8.47611e-05 0.000131086 0.000208054 1.46047e-05 -1.74936e-05 0
internal_weight=27530 964 906 58 26566 12634 9570 3064 882 875 2182 250 51 814 699 388 195 193 9275 13932 3085 10847 2184 1010 295 236 59 1932 1895 1848 166 84 214 10267 1056 925 522 502 372 403 357 174 99 235 9211 268 84 75 8265 8128 5169 1207 140 84 3962 1067 475 180 107 887 2150 1476
internal_count=27530 964 906 58 26566 12634 9570 3064 882 875 2182 250 51 814 699 388 195 193 9275 13932 3085 10847 2184 1010 295 236 59 1932 1895 1848 166 84 214 10267 1056 925 522 502 372 403 357 174 99 235 9211 268 84 75 8265 8128 5169 1207 140 84 3962 1067 475 180 107 887 2150 1476
is_linear=0
shrinkage=0.01


Tree=42
num_leaves=63
num_cat=0
split_feature=2 5 8 2 5 3 8 8 8 2 4 3 2 4 3 6 6 8 1 1 2 5 3 5 2 8 1 8 3 5 5 1 4 6 3 6 1 3 6 4 8 8 4 4 4 6 3 1 4 2 5 3 4 5 3 4 3 8 8 5 5 6
split_gain=0.0415926 0.101387 0.0566639 0.0360222 0.0583977 0.0582515 0.0451175 0.0377566 0.0375289 0.0350565 0.0372865 0.0345642 0.0335762 0.0314078 0.0382363 0.0526518 0.0272217 0.0261736 0.0306894 0.0256697 0.0259502 0.0251906 0.0428792 0.0250955 0.0247722 0.0226756 0.0203716 0.0186717 0.0203442 0.0295481 0.0256239 0.0218187 0.019513 0.0186533 0.0185698 0.0293882 0.019945 0.0175672 0.016742 0.016725 0.0163798 0.02191 0.0212716 0.0208381 0.0281052 0.0274906 0.0182761 0.0162967 0.0161637 0.020861 0.0197278 0.0151793 0.01505 0.022104 0.014819 0.0195005 0.0161109 0.0146556 0.0146272 0.0166856 0.0150826 0.014427
threshold=0.19302606014084989 0.33405044714648474 0.084269234954837319 0.50983412568755493 0.42780136879592773 0.0061002944587900823 0.012427902927413213 0.047975840679072811 0.10477745130046796 0.81180848286791718 0.023222729597201043 0.035097690975710728 0.36853241912060858 0.0067443116069343624 0.0067687841025382469 0.014971415633667291 0.0020599341791394778 0.0028131461530090294 0.53177208007266852 0.35668485012324652 0.32474651967901486 0.56686228788935888 0.0081326812234259974 0.17877244654870419 0.28564258367647338 0.0012895853738165164 0.47148019686670584 0.12741321144847101 0.0023475710161496603 0.22950512955204766 0.22524514804654364 0.62591977859978298 0.0041512226156106393 0.0026057459832294276 0.0037136608170865782 0.2360332823908983 0.39397143908616189 0.0043896120343027917 0.064136930030969777 0.0058287937270488305 0.00052780498422026376 0.00031559473283273508 0.0051397472969477278 0.0044822325689462244 0.0037477134111066441 0.001914384364715491 0.004939387718319737 0.60299749955422388 0.0048293337510697931 0.65753578841727867 0.18757868832779784 0.012621359196250908 0.0036848242566615364 0.16723125308449141 0.011108707538656238 0.0068961925459148053 0.020613366578356215 0.00014147350092501914 0.0013657634127761439 0.33648144046398315 0.29127786431035491 0.0029170608640807327
decision_type=2 2 2 2 2 2 2 2 2 2 2 2 2 2 2 2 2 2 2 2 2 2 2 2 2 2 2 2 2 2 2 2 2 2 2 2 2 2 2 2 2 2 2 2 2 2 2 2 2 2 2 2 2 2 2 2 2 2 2 2 2 2
left_child=1 13 47 4 8 17 -6 24 16 21 61 -12 -10 14 25 -16 19 40 38 39 23 -7 -23 -21 -8 57 -24 28 29 -20 -30 -32 -33 52 35 -9 -36 -27 -19 -2 41 -5 -43 44 -42 -46 -45 -3 49 -40 -50 -26 -18 -54 55 -25 -56 -1 -55 60 -60 -11
right_child=3 2 -4 5 6 9 7 34 12 10 11 -13 -14 -15 15 -17 33 18 27 20 -22 22 26 54 51 37 -28 -29 30 -31 31 32 -34 -35 36 -37 -38 -39 48 -41 43 42 -44 46 45 -47 -48 -49 50 -51 -52 -53 53 58 56 -57 -58 -59 59 -61 -62 -63
leaf_value=0 -0.00017100848849688566 0.00040975209145875603 0 0 -1.9089523629514057e-05 4.7920365668506598e-06 0.00050645026183861988 0.00042344699561803692 -0.000343178458487811 -6.3732076589201187e-05 0.00030482810927594353 -9.362859028323976e-05 2.8018926170438465e-07 0.00015088078809484342 -0.0006849763574847831 0 0.00010555336004644211 2.2905170739683251e-05 0 0 8.3160051576085149e-06 9.6990016395974562e-05 -7.8717035564234051e-05 0.00016756878638551708 0.00019189968605811577 -2.5299446993955287e-05 -0.00052364836071008359 -0.00010948880708169895 0.00018600079492920617 0.00040262162156476226 -6.605163461603889e-06 4.1388239832143251e-05 0.00034324489994554607 -1.8609790468467206e-05 0.00017394532406337791 -2.8841025362986014e-05 -0.00011335714137579436 0.0001925540540911579 0.00012666470464507717 -1.569262898090174e-05 0 0.00024982949943911503 0 0.00028613658618042824 0 -0.00035108793263656935 0 0.00089621023529797635 4.1659904562263366e-05 -5.7656571786207837e-05 0.00049970978965732822 0 -1.1494670467283008e-05 -3.0369557935184493e-05 0.00031232887830429665 -4.9909944568894834e-05 1.7326682866860483e-05 -0.00034456080337784764 -0.00017302028121656083 9.1454706393195066e-06 -0.0004511093356265747 -0.000279160501765704
leaf_weight=28 109 31 20 227 335 9250 26 25 66 64 33 59 40 133 20 20 38 1160 21 173 2066 33 25 99 258 60 30 28 265 61 213 66 40 9980 29 25 109 74 205 238 128 87 45 24 42 65 264 20 25 79 23 48 244 105 87 61 33 23 182 29 29 105
leaf_count=28 109 31 20 227 335 9250 26 25 66 64 33 59 40 133 20 20 38 1160 21 173 2066 33 25 99 258 60 30 28 265 61 213 66 40 9980 29 25 109 74 205 238 128 87 45 24 42 65 264 20 25 79 23 48 244 105 87 61 33 23 182 29 29 105
internal_value=1.25333e-06 9.89425e-05 0.000444844 -2.56522e-07 -1.10929e-05 1.20125e-05 6.88398e-05 0.000127402 -1.61999e-05 -7.19446e-09 -0.000114395 3.86141e-05 -0.000204268 2.74443e-05 -4.11125e-05 -0.000322304 -1.46446e-05 4.99438e-05 6.85196e-05 1.24784e-05 2.38807e-05 3.08409e-06 -0.000164895 9.26419e-05 0.000191697 1.44245e-05 -0.000340066 0.000124206 0.000135547 0.000290947 0.000111969 4.72965e-05 0.000164938 -2.20675e-05 8.50162e-06 0.000177737 -4.56586e-05 8.76045e-05 4.19406e-05 -6.73968e-05 2.7681e-06 5.58016e-05 0.000158274 -3.17274e-05 -0.000102392 -0.000221937 2.24775e-05 0.00062147 0.000105412 7.18701e-05 0.000282515 0.00016153 -7.54971e-05 -8.88912e-05 0.000151139 7.84295e-05 0.000239612 -0.000158078 -0.000140713 -0.00018479 -0.000216174 -0.000203578
internal_weight=27530 429 71 27101 14434 12667 855 520 13579 9599 261 92 106 358 225 40 13473 3068 2186 2866 2519 9338 88 453 332 185 55 694 666 82 584 319 106 10607 188 50 138 134 1492 347 882 359 132 523 235 107 288 51 332 284 48 306 627 589 280 160 120 51 345 240 211 169
internal_count=27530 429 71 27101 14434 12667 855 520 13579 9599 261 92 106 358 225 40 13473 3068 2186 2866 2519 9338 88 453 332 185 55 694 666 82 584 319 106 10607 188 50 138 134 1492 347 882 359 132 523 235 107 288 51 332 284 48 306 627 589 280 160 120 51 345 240 211 169
is_linear=0
shrinkage=0.01


Tree=43
num_leaves=63
num_cat=0
split_feature=2 5 8 7 2 5 3 8 8 8 2 4 3 2 7 4 3 7 3 3 6 7 5 8 7 3 5 3 2 2 3 3 8 2 3 6 4 7 2 5 6 7 4 5 4 2 6 7 7 3 6 7 5 5 6 5 7 3 4 7 3 6
split_gain=0.040778 0.0994375 0.0555871 0.0387043 0.0353039 0.0572397 0.0571054 0.0442453 0.037015 0.0367425 0.0343812 0.0365558 0.0338859 0.0329494 0.0311834 0.0680285 0.0652721 0.027619 0.0487496 0.0324366 0.0266842 0.026472 0.0268229 0.0256867 0.0256004 0.024975 0.0246916 0.0420959 0.0223974 0.0221189 0.02182 0.0208114 0.0468589 0.0413922 0.0200741 0.0425264 0.0206495 0.0258396 0.019314 0.0190757 0.0295492 0.0289173 0.0192913 0.018934 0.0184914 0.0184452 0.0182889 0.0199079 0.0208377 0.018159 0.0289051 0.0179325 0.0175799 0.0168222 0.016186 0.0161448 0.0345325 0.0159454 0.0207024 0.0154411 0.0152935 0.0151657
threshold=0.19302606014084989 0.33405044714648474 0.084269234954837319 0.37365638298650711 0.50983412568755493 0.42780136879592773 0.0061002944587900823 0.012427902927413213 0.047975840679072811 0.10477745130046796 0.81180848286791718 0.023222729597201043 0.035097690975710728 0.36853241912060858 0.37228118475253047 0.0066248947308516432 0.0061440033464516134 0.3286174298591335 0.0048109522495953768 0.0061732133480638671 0.0020599341791394778 0.37257503604356551 0.33184270933176369 0.0028131461530090294 0.37185774934187826 0.012621359196250908 0.56686228788935888 0.0081326812234259974 0.32474651967901486 0.12402108001548406 0.003153751415996425 0.0058021217062472043 0.022695614321471321 0.64759388045524979 0.00046745135573235467 0.14735907947828483 0.0018591303251098358 0.31622877286552104 0.54979413406229416 0.27803857464543008 0.0021246229855501385 0.37978156604284113 0.0041512226156106393 0.2467842099781358 0.0036848242566615364 0.37622410376197718 0.0026057459832294276 0.3452177380981451 0.38483050077253111 0.0037136608170865782 0.18477346788605067 0.37176207361667707 0.21822877097103607 0.17147098065425107 0.064136930030969777 0.54063342093759037 0.37898085690970262 0.011598551308847412 0.014886486481130268 0.38398128036484319 0.028321721300184979 0.0082983609473675727
decision_type=2 2 2 2 2 2 2 2 2 2 2 2 2 2 2 2 2 2 2 2 2 2 2 2 2 2 2 2 2 2 2 2 2 2 2 2 2 2 2 2 2 2 2 2 2 2 2 2 2 2 2 2 2 2 2 2 2 2 2 2 2 2
left_child=1 3 -3 14 5 9 23 51 17 20 26 59 -13 -11 -1 16 -16 19 -19 30 21 22 57 24 -6 54 -8 -28 -23 -5 -9 34 -33 -34 -25 36 37 -36 -29 43 41 42 -41 44 52 -24 -22 -48 -49 50 -10 -7 -26 -46 -20 -51 -57 -2 -59 -12 61 -53
right_child=4 2 -4 29 6 7 10 8 49 13 11 12 -14 -15 15 -17 -18 18 25 -21 46 28 45 31 39 -27 27 38 -30 -31 -32 32 33 -35 35 -37 -38 -39 -40 40 -42 -43 -44 -45 53 -47 47 48 -50 55 -52 60 -54 -55 -56 56 -58 58 -60 -61 -62 -63
leaf_value=2.3919917401326427e-05 -6.053031867192765e-05 0.00061547652885696896 0 0.00045860415517789195 -0.00018217996194638673 -0.0002403207586650361 4.7441167508092976e-06 0.00021852447805142377 0.00046990573635575036 -0.00033975186311895576 -0.00010648827842768416 0.00030178904279101407 -9.2693887253165051e-05 2.7740194939513389e-07 -8.3915489527738223e-05 0.00023201493202333352 -0.00087845365414905595 -0.00017151859761947334 0.00030639973479821571 8.2109700171993304e-06 -7.4758981354499824e-05 0.00016476984181736367 0.00025000785716987404 0.00028890012900327912 4.2141989734042066e-05 0 9.6023050966894888e-05 -4.2383805330030585e-05 2.9332076808246581e-05 9.382177634861469e-05 0.00073801642403334823 7.9606436969188938e-05 9.8223147489076085e-05 0.00071668210371586549 0.00030922131819981869 -0.00023573789758846736 4.7515766368379891e-05 4.2742654324059722e-05 -0.00048875487746829246 0.00014902437091348196 -8.2943964737491644e-05 -1.7012085393132282e-05 0.00048709354038347627 -0.00018142140897508849 3.0726081099121346e-05 0 -6.3211441246705395e-05 0 -3.0334605649503031e-05 -0.00015412151433151535 0 7.807269575278421e-05 0.00040849364448175432 -8.9748760239383648e-05 4.9147267395634899e-05 0.0002648041101986557 -0.00018430711349466005 0.00011680901095645419 -2.3653561489610312e-05 -0.00032462533861236969 -0.00024130765017065588 -7.8092884974303986e-05
leaf_weight=171 766 51 20 24 68 33 9250 22 20 66 100 33 59 40 28 20 20 40 134 22 627 141 59 38 56 46 33 21 1255 95 26 199 26 26 74 49 1682 92 34 58 50 38 35 56 323 67 914 4926 4140 71 30 192 21 177 42 38 29 136 442 69 23 87
leaf_count=171 766 51 20 24 68 33 9250 22 20 66 100 33 59 40 28 20 20 40 134 22 627 141 59 38 56 46 33 21 1255 95 26 199 26 26 74 49 1682 92 34 58 50 38 35 56 323 67 914 4926 4140 71 30 192 21 177 42 38 29 136 442 69 23 87
internal_value=1.24054e-06 9.79683e-05 0.000440536 2.71323e-05 -2.5409e-07 -1.09822e-05 1.18916e-05 6.81517e-05 0.000126148 -1.6039e-05 -8.23007e-09 -0.00011329 3.81217e-05 -0.000202135 -4.29057e-05 -0.000225425 -0.000436901 0.00018981 0.000136447 0.000374794 -1.44991e-05 1.23525e-05 -1.67746e-05 4.94479e-05 2.70255e-06 0.000196491 3.05213e-06 -0.000163252 4.37388e-05 0.000176111 0.000521655 6.78501e-05 0.000155789 0.000427429 5.59188e-05 5.07097e-05 5.88584e-05 0.000167669 -0.000336857 1.93961e-05 0.000110169 0.000191511 0.000287382 -4.99332e-06 1.04254e-05 0.000121106 -2.18487e-05 -1.84237e-05 -1.37974e-05 8.36586e-06 0.000175768 -1.88987e-05 0.000155426 -9.93183e-06 0.000250751 -4.51292e-05 5.55246e-05 -3.0453e-05 7.68114e-06 -0.000201603 2.05782e-06 2.57824e-05
internal_weight=27530 429 71 358 27101 14434 12667 855 520 13579 9599 261 92 106 239 68 48 332 262 70 13473 2866 1470 3068 882 222 9338 88 1396 119 48 2186 251 52 1935 1897 1848 166 55 814 181 131 93 633 577 126 10607 9980 9066 188 50 335 77 500 176 138 67 1344 578 169 302 279
internal_count=27530 429 71 358 27101 14434 12667 855 520 13579 9599 261 92 106 239 68 48 332 262 70 13473 2866 1470 3068 882 222 9338 88 1396 119 48 2186 251 52 1935 1897 1848 166 55 814 181 131 93 633 577 126 10607 9980 9066 188 50 335 77 500 176 138 67 1344 578 169 302 279
is_linear=0
shrinkage=0.01


Tree=44
num_leaves=63
num_cat=0
split_feature=0 5 7 4 2 4 0 4 8 5 8 5 0 7 8 7 8 7 4 1 5 5 7 1 2 5 4 4 8 7 8 8 8 4 8 2 0 5 7 1 0 5 2 5 7 5 4 2 7 4 4 0 7 7 7 4 2 8 7 4 8 2
split_gain=0.0663381 0.0583425 0.0938774 0.0514451 0.0449605 0.0416374 0.0377644 0.0375462 0.0734905 0.0285743 0.0299295 0.0351531 0.0299301 0.0268279 0.0312508 0.0254572 0.0225939 0.0228797 0.0221286 0.0285564 0.0341024 0.0233234 0.0758851 0.0527958 0.03617 0.039312 0.0451192 0.0296073 0.0227294 0.0217272 0.0382657 0.0322727 0.0227341 0.0495724 0.0248635 0.0217245 0.0210787 0.0197383 0.0299119 0.0301948 0.0241713 0.019092 0.0190231 0.0303378 0.0249453 0.023013 0.0242209 0.0202839 0.0186288 0.01829 0.0359147 0.0182091 0.0178802 0.0200946 0.0177821 0.039372 0.0174691 0.0175676 0.0174481 0.0181007 0.0202487 0.0333129
threshold=0.32989804023152808 0.33405044714648474 0.29219399947994673 0.0079155052115043433 0.50983412568755493 0.0054141014965058227 0.62707778734859165 0.0068541360882211277 0.037855044074436829 0.42780136879592773 0.012988355642616172 0.66819914462362762 0.35212560457781217 0.3452177380981451 0.10477745130046796 0.3286174298591335 0.12741321144847101 0.31884729308642179 0.0018591303251098358 0.48504252272221654 0.24441785047011153 0.24441785047011153 0.4085167430629188 0.63351820349175825 0.65468961600779974 0.37710342133799751 0.0039085418800141707 0.0047645458561594153 0.0718739797584068 0.31884729308642179 0.084269234954837319 0.0033191859832408278 0.01261834802481227 0.0060198250442060801 0.0077810425508760463 0.41690054926805947 0.5451733283033765 0.41550073510443686 0.38483050077253111 0.46331429277583897 0.44797705433313528 0.26847801683070388 0.37622410376197718 0.35097530697808249 0.37381847640976823 0.31578437721900682 0.015793869843724866 0.48085399441258975 0.38085028897797618 0.0091115989219467102 0.011699202164062195 0.46470283522913186 0.39000296116419692 0.37221319939437469 0.37497306828144555 0.006145617225667927 0.62069744886993694 0.0081347263031885924 0.72625777244508283 0.017697918560869292 0.028234846011535534 0.64036862559174568
decision_type=2 2 2 2 2 2 2 2 2 2 2 2 2 2 2 2 2 2 2 2 2 2 2 2 2 2 2 2 2 2 2 2 2 2 2 2 2 2 2 2 2 2 2 2 2 2 2 2 2 2 2 2 2 2 2 2 2 2 2 2 2 2
left_child=1 3 -3 52 9 16 37 8 15 13 51 12 -12 29 42 -4 18 -18 19 -6 -21 22 56 24 25 -23 -27 -28 -26 30 32 -31 33 -2 -35 -10 -25 58 39 -39 -40 -36 45 -44 -45 46 -15 -46 -47 -9 -51 -11 53 -1 55 -55 57 -20 59 60 -7 -62
right_child=4 2 7 -5 5 6 -8 49 35 10 11 -13 -14 14 -16 -17 17 -19 21 20 -22 23 -24 36 28 26 27 -29 -30 31 -32 -33 -34 34 41 -37 -38 38 40 -41 -42 -43 43 44 47 48 -48 -49 -50 50 -52 -53 -54 54 -56 -57 -58 -59 -60 -61 61 -63
leaf_value=-1.8893581052642894e-05 0.00024543720095094251 0.00072955954002938976 0.00066381936035291771 0.0001329233635855448 4.1197784765005941e-05 1.2081385233210552e-05 -0.00027361737026763289 -0.00014169008375436868 -0.00021018968560843933 -8.4276358017812883e-05 0.00043593935377254315 -0.0001199659605342536 0.00010628250705643479 -2.1908988870989353e-05 -0.00022957349989817223 0.00025894900266360021 7.3960781874249869e-06 -0.000423347198251468 -3.1937610890595978e-05 -1.6172215832459134e-05 0.00040327864662718428 -2.4016830670615868e-05 0.00042681949409339483 0.00035840082884202028 -8.224019723072814e-05 0.00024971417483957836 -0.00019267325050667202 0.00012297945391033098 -0.00045038672766430457 0.00010689330348313864 0.00031404737322319207 -0.00018834869632322311 -0.00010907151685672178 -0.00015288027317756991 -1.0873668310168196e-05 0.00011598957478159141 4.1803718529896178e-05 0.00025722965835680114 0 -7.4938654208392733e-05 -0.00022933477195356087 0.0003402057738116924 -1.5752235355574979e-05 0 -0.00017977794955840299 0.00010769598033654186 3.3971283418508765e-05 0 -3.883207507205135e-06 0.00030654494255597962 -2.7109236937495419e-05 8.9035317351552417e-05 7.1265893173200158e-05 -0.00051749361296398605 -5.9786231502951445e-05 0 0.00010074672588876275 7.6360209153331258e-05 -0.00012808291076244066 -1.003772659193287e-05 1.7138371109292704e-05 0.00017151243073792601
leaf_weight=123 69 28 22 192 117 5570 49 52 41 198 33 57 331 2502 67 158 21 20 316 21 67 558 59 57 227 136 53 66 20 39 29 244 332 124 47 37 46 45 76 63 129 20 7481 191 289 361 1118 90 227 46 93 83 57 40 55 20 473 274 94 3431 424 222
leaf_count=123 69 28 22 192 117 5570 49 52 41 198 33 57 331 2502 67 158 21 20 316 21 67 558 59 57 227 136 53 66 20 39 29 244 332 124 47 37 46 45 76 63 129 20 7481 191 289 361 1118 90 227 46 93 83 57 40 55 20 473 274 94 3431 424 222
internal_value=1.23067e-06 8.2737e-05 0.000161394 3.62488e-06 -1.68961e-06 1.19287e-05 2.73707e-06 0.000123582 0.000202536 -1.41109e-05 4.76761e-05 0.000101567 0.000139027 -1.74653e-05 -1.3508e-05 0.000314327 4.82223e-05 -0.00017891 5.23709e-05 0.000153793 0.000291927 4.28278e-05 7.55041e-05 1.04399e-05 -9.66817e-06 2.14983e-05 0.000124987 -9.25279e-06 -0.000116267 -7.03097e-05 -3.50517e-05 -0.000144106 -5.38919e-05 1.27384e-05 -6.61772e-05 -4.27091e-05 0.000226885 4.18611e-06 -7.36993e-05 5.4324e-05 -0.000146015 7.93739e-05 -1.22437e-05 -2.12727e-05 -9.1957e-05 4.7936e-06 -4.37424e-06 -0.000138912 6.29266e-05 1.16473e-05 7.62606e-05 -2.95137e-05 -7.71566e-05 -0.000116918 -0.000212966 -0.000336409 5.5026e-05 1.66664e-05 6.79213e-06 8.21131e-06 1.8445e-05 7.17556e-05
internal_weight=27530 964 477 487 26566 12634 10103 449 258 13932 702 421 364 13230 12326 180 2531 41 2490 205 88 2285 1122 1163 1060 813 255 119 247 904 621 283 592 260 191 78 103 10054 313 108 205 67 12259 8051 570 4208 3620 379 588 191 139 281 295 238 115 60 1063 590 9741 9647 6216 646
internal_count=27530 964 477 487 26566 12634 10103 449 258 13932 702 421 364 13230 12326 180 2531 41 2490 205 88 2285 1122 1163 1060 813 255 119 247 904 621 283 592 260 191 78 103 10054 313 108 205 67 12259 8051 570 4208 3620 379 588 191 139 281 295 238 115 60 1063 590 9741 9647 6216 646
is_linear=0
shrinkage=0.01


Tree=45
num_leaves=63
num_cat=0
split_feature=0 7 3 0 3 7 8 3 6 5 3 3 5 3 0 0 0 1 5 6 6 7 8 3 3 3 7 5 7 7 6 3 5 5 0 5 6 7 3 3 3 5 8 7 3 6 8 8 3 7 7 7 3 0 7 8 7 3 3 7 6 1
split_gain=0.0727122 0.0425782 0.0442308 0.0404964 0.0474441 0.0486387 0.0345439 0.0511613 0.0570458 0.0681266 0.0514843 0.04663 0.0349087 0.0319845 0.0321751 0.0300334 0.0253221 0.024408 0.0238976 0.0320058 0.0246277 0.0340721 0.020593 0.0246371 0.0308801 0.0273587 0.0213347 0.0202265 0.0201295 0.0409668 0.026055 0.0534459 0.0254679 0.0227674 0.0353499 0.0201073 0.0285044 0.023721 0.0187832 0.018744 0.0310016 0.0266907 0.0282384 0.0319312 0.0186436 0.022225 0.0183376 0.0368718 0.0180674 0.0350001 0.0262975 0.0184219 0.0370278 0.0191551 0.0173322 0.0307127 0.0301894 0.0351577 0.0248763 0.0296543 0.034148 0.0207608
threshold=0.29007557971992953 0.29812747837101033 0.0030197665854806198 0.62707778734859165 0.0063983027787174662 0.45924186276917023 0.028670149091304827 0.0078372133423508013 0.18477346788605067 0.25162462333819063 0.00046745135573235467 0.0012212015611450056 0.23325876743897245 0.012289358081304571 0.40140941913154915 0.38876864359057012 0.51656458843710651 0.43667647692675543 0.2094162024101168 0.0021852687415601329 0.0027917263016600771 0.38349462695803566 0.001909892262487754 0.0096550955776958155 0.0037136608170865782 0.025446050450892675 0.28436203886868977 0.41044339253338707 0.35888913599390276 0.36785097836005126 0.051801583258536905 0.0058575056396063009 0.54063342093759037 0.3177997906358353 0.48495598346450836 0.2871515309717127 0.018050198513774676 0.22341826234071116 0.042038224566568479 0.003153751415996425 0.0020530940581994835 0.32134874042896805 0.013401893568396996 0.31622877286552104 0.0017945524630372833 0.078330058462508803 0.0013984111437588388 0.0015725323756665545 0.0074621063082969613 0.32605482342521541 0.3286174298591335 0.32605482342521541 0.0081802223728292735 0.42394941226842892 0.37560333963673459 0.0028131461530090294 0.39481493069215495 0.0050619768500608916 0.0052441878931421427 0.36533682297262854 0.014668186853617321 0.53654194744109396
decision_type=2 2 2 2 2 2 2 2 2 2 2 2 2 2 2 2 2 2 2 2 2 2 2 2 2 2 2 2 2 2 2 2 2 2 2 2 2 2 2 2 2 2 2 2 2 2 2 2 2 2 2 2 2 2 2 2 2 2 2 2 2 2
left_child=1 -1 -3 6 -5 -6 18 8 9 12 -10 27 16 -9 -15 -13 44 -12 -2 38 21 -21 23 24 -22 -25 35 -11 -17 -30 31 -31 -32 34 -33 -24 -37 -38 46 40 -28 -42 -43 -44 -8 -46 -20 -48 49 -41 -51 52 -50 -53 55 -52 -56 -58 59 60 61 -57
right_child=3 2 -4 4 5 -7 7 13 10 11 17 15 -14 14 -16 28 -18 -19 19 20 22 -23 26 25 -26 -27 39 -29 29 30 32 33 -34 -35 -36 36 37 -39 -40 48 41 42 43 -45 45 -47 47 -49 51 50 54 53 -54 -55 56 58 57 -59 -60 -61 -62 -63
leaf_value=0.00060379685101965761 3.5705896284353472e-06 -0.00032572086687334144 0.00014636401783532473 3.6153601792591282e-05 -0.00057022461628805697 0 -8.8636031859986257e-05 -7.3981746666247178e-05 0.00016025962483575629 0.00068363360285219558 -6.677753938200663e-05 0.00020695708231455225 -0.00019255162785736943 0.00020330704297240356 -9.5251261096461532e-08 1.7770756474301976e-05 0.00030630215903642286 -0.00037177068904216008 9.3867734554725305e-06 -5.6669923385745784e-05 0.00032137899952699469 -0.00029529802094445569 -3.1884540955193693e-05 0.00037649465652148773 -5.5122338504379033e-05 1.2031370972468148e-05 0.00014807339986976149 0.00015588967963608343 0.00050699223013340436 -5.7628434514452608e-05 3.9381399493678812e-06 0.0001338163184534226 0.00028348787555109285 0.00015806097251739944 0.00072122387331214266 0.00048889793687465269 0.00022987375485866409 -0.00013752417215189884 -0.0002405851579261314 0.0001865510806404504 -0.00017331259275605397 -0.00027254754983613392 0.00034286651736757206 -2.4861421409980755e-05 0 0.00014133012309598832 0.00030559735655206642 7.8113846245083339e-07 -0.00048197066726235937 -0.00025233966401135938 -8.5743114856339143e-05 -8.0145816693225914e-06 -6.4085296641828703e-05 -5.5133042990319091e-05 -5.2671835908633712e-05 -0.00029122291639992952 0.00023436683374925343 1.382534343560273e-06 -6.7889609931722492e-06 0.00016206038528591464 0.0001315347717600299 1.4620101920829131e-05
leaf_weight=20 12241 20 296 43 42 20 142 616 45 22 63 255 81 88 582 354 31 61 2346 399 25 75 66 44 163 50 46 20 27 48 283 23 38 56 30 24 40 28 28 91 283 31 31 82 436 154 65 119 28 45 192 1674 123 1913 1406 47 71 834 354 296 86 31
leaf_count=20 12241 20 296 43 42 20 142 616 45 22 63 255 81 88 582 354 31 61 2346 399 25 75 66 44 163 50 46 20 27 48 283 23 38 56 30 24 40 28 28 91 283 31 31 82 436 154 65 119 28 45 192 1674 123 1913 1406 47 71 834 354 296 86 31
internal_value=-5.53169e-07 0.000145575 0.000113228 -2.41356e-06 -0.000198403 -0.000376978 -1.6086e-06 2.78539e-05 5.76101e-05 7.2828e-05 -0.000116506 0.000122723 3.29777e-06 -2.15568e-05 2.51543e-05 0.00010918 2.54221e-05 -0.000225051 -6.00588e-06 -1.66223e-05 -2.59215e-05 -9.65911e-05 -2.16635e-05 6.12632e-05 0 0.000193477 -2.47818e-05 0.000457047 7.89701e-05 0.000119878 9.5819e-05 0.000203025 4.02235e-05 0.000326922 0.000485876 8.87311e-05 0.000186058 6.39282e-05 1.41704e-05 -2.72536e-05 -8.89723e-05 -0.000116879 0 6.73919e-05 1.21207e-05 3.80762e-05 1.73945e-05 0.000114 -2.30537e-05 -6.21379e-06 -1.17342e-05 -3.83415e-05 -0.00014846 -3.34232e-05 -8.16108e-06 2.60154e-05 -2.34716e-05 2.07896e-05 5.36118e-05 0.000102259 0 -0.000157003
internal_weight=27273 336 316 26937 105 62 26832 3455 2169 2000 169 1156 844 1286 670 1114 763 124 23377 11136 8578 474 8104 282 188 94 7822 42 859 505 478 157 321 109 53 158 92 68 2558 7664 473 427 144 113 732 590 2530 184 7191 3453 3362 3738 151 3587 3317 1006 2311 905 814 460 164 78
internal_count=27273 336 316 26937 105 62 26832 3455 2169 2000 169 1156 844 1286 670 1114 763 124 23377 11136 8578 474 8104 282 188 94 7822 42 859 505 478 157 321 109 53 158 92 68 2558 7664 473 427 144 113 732 590 2530 184 7191 3453 3362 3738 151 3587 3317 1006 2311 905 814 460 164 78
is_linear=0
shrinkage=0.01


Tree=46
num_leaves=63
num_cat=0
split_feature=0 7 3 0 3 7 8 3 2 5 8 3 5 2 5 7 0 0 5 2 3 0 2 1 1 5 1 0 3 3 7 2 1 8 0 3 8 7 8 3 2 3 1 8 2 5 8 3 7 0 7 7 7 3 2 8 2 5 3 5 5 2
split_gain=0.0712634 0.041714 0.043376 0.0396315 0.0465204 0.0477175 0.0338975 0.0501955 0.046939 0.0376133 0.0419259 0.0314648 0.0287932 0.0257734 0.0274361 0.062984 0.0326751 0.0226616 0.02244 0.0243256 0.026481 0.0235973 0.0223968 0.0216144 0.0210045 0.0206368 0.0199244 0.0192469 0.0196158 0.0405456 0.0367707 0.0249048 0.0247629 0.0217387 0.031956 0.0212371 0.0208321 0.0184766 0.0183636 0.0177866 0.0177682 0.017443 0.0172215 0.0170535 0.0169532 0.0358314 0.027671 0.0242656 0.0166234 0.0166034 0.0216022 0.0165805 0.0251021 0.0165025 0.0264003 0.0260816 0.0169953 0.0163668 0.0160239 0.0150791 0.0149348 0.0148878
threshold=0.29007557971992953 0.29812747837101033 0.0030197665854806198 0.62707778734859165 0.0063983027787174662 0.45924186276917023 0.028670149091304827 0.0078372133423508013 0.42518260366937977 0.25032859341317953 0.093078681031668303 0.0087522560804850075 0.31023880564541045 0.55140670205960785 0.31023880564541045 0.37600964362739914 0.50681199246979058 0.43938619071697438 0.16604414281652424 0.39269029385429988 0.0079230493213420083 0.46532805428867308 0.360245285871298 0.46992748573983018 0.51234788704415501 0.23432550584850423 0.51234788704415501 0.38267031731662154 0.0065970600156578423 0.0054940271914513056 0.31622877286552104 0.66012595543348696 0.4984480778887595 0.038856241157906195 0.48495598346450836 0.0072482899734884173 0.041054521710741108 0.4791986572677332 0.064468386113831766 0.0069834349859553661 0.65245139068731206 0.0062499554509059148 0.41301456880377463 0.0036402220045706831 0.29989092695515313 0.33648144046398315 0.033360539775818925 0.007981444129519932 0.50695041158408738 0.41191291695611931 0.38566145338838442 0.39794404670202937 0.43827946260539924 0.010825319063083767 0.33032387639830502 0.0022472521493089571 0.48085399441258975 0.19619104135419077 0.015609006068008521 0.1929844541520471 0.39748646058911924 0.64521820889297821
decision_type=2 2 2 2 2 2 2 2 2 2 2 2 2 2 2 2 2 2 2 2 2 2 2 2 2 2 2 2 2 2 2 2 2 2 2 2 2 2 2 2 2 2 2 2 2 2 2 2 2 2 2 2 2 2 2 2 2 2 2 2 2 2
left_child=1 -1 -3 6 -5 -6 13 8 9 25 22 24 -12 17 26 16 43 53 48 21 37 -20 -11 -23 -9 -8 49 38 29 30 32 -31 -29 34 -30 -36 59 -21 -10 -35 -38 51 -22 -16 45 47 58 -4 -19 50 -15 -28 -53 -2 55 57 -56 -55 -47 -32 -61 -41
right_child=3 2 44 4 5 -7 7 11 27 10 12 -13 -14 14 15 -17 -18 18 19 20 42 23 -24 -25 -26 -27 41 28 33 31 36 -33 -34 39 35 -37 40 -39 -40 61 -42 -43 -44 -45 -46 46 -48 -49 -50 -51 -52 52 -54 54 56 -57 -58 -59 -60 60 -62 -63
leaf_value=0.00059778892523168915 -1.6248612464472544e-05 -0.00032247986616705776 -9.2436304884927872e-05 3.5792904205862303e-05 -0.000564535912394528 0 -5.4913374007601224e-05 -0.00017734238214569658 0.00029840079371545078 0.00020994861114815758 -0.00038924175141915348 3.3258186399923088e-06 0 -0.00015502378088641771 9.6065052651182994e-06 -0.00010979239629285707 -6.3389182113551181e-05 2.658355091614963e-05 -3.6322116034144657e-05 -3.9561960381208603e-05 -2.7040162903979045e-05 1.2415803044707617e-05 1.9763341457196164e-05 0.00023427910188582584 7.4448854935538765e-08 -0.00032120103807191223 6.7048662568381005e-05 9.2245537219084127e-05 1.8465460733924113e-05 0.00015461524570725211 0.00016142842747748749 0.0004317589510690721 0.00037726960440154873 -0.00016911051724403229 7.835786882401502e-05 0.00057523389720557673 0.00012172675916579368 8.935129382868475e-05 0 8.6748435244689807e-05 -2.8128098733548141e-05 2.2408845896859353e-05 -0.00011575242858172164 0.00019465959023322365 1.0569783788888687e-06 0.00043299012748229985 0 0.00024512990885709621 -9.5384576773488338e-05 6.5689617895991669e-06 5.9089330826427088e-05 0.0004804000232040425 0 5.7125626897637859e-05 -1.6859196754291088e-05 1.9219461036362014e-05 3.0777423494117135e-05 0.00022484480017766353 5.2798045752801699e-05 -0.00013801777923652824 5.3151378006429672e-05 -0.00012118938225628195
leaf_weight=20 6569 20 56 43 42 20 305 185 83 147 27 1014 73 143 93 562 135 804 327 1343 331 129 129 76 87 35 552 94 142 147 27 52 57 77 24 21 253 117 35 103 101 2043 905 148 75 84 28 33 128 4309 62 26 22 145 2633 606 1041 128 20 138 49 50
leaf_count=20 6569 20 56 43 42 20 305 185 83 147 27 1014 73 143 93 562 135 804 327 1343 331 129 129 76 87 35 552 94 142 147 27 52 57 77 24 21 253 117 35 103 101 2043 905 148 75 84 28 33 128 4309 62 26 22 145 2633 606 1041 128 20 138 49 50
internal_value=-5.44118e-07 0.00014412 0.000112064 -2.38625e-06 -0.000196272 -0.000373122 -1.58953e-06 2.75955e-05 5.70707e-05 -7.92342e-06 5.9437e-05 -2.13412e-05 -0.000110696 -5.9458e-06 8.4048e-06 -4.21647e-05 5.62605e-05 -1.36129e-05 -3.35774e-05 -4.61084e-05 -5.83781e-05 1.41901e-05 0.000124719 9.96174e-05 -0.000116941 -8.5352e-05 1.51727e-05 8.97846e-05 7.77724e-05 0.000103856 6.69057e-05 0.000232238 0.000206634 1.79419e-05 9.96783e-05 0.000333168 2.79695e-05 -2.85409e-05 0.000217037 -4.41819e-05 7.61516e-05 3.70022e-05 -9.28084e-05 0.00012743 0.000144901 0.000189171 0.000294456 2.164e-05 8.75128e-06 2.16917e-06 -8.53947e-05 8.50143e-05 0.00027026 -6.05532e-06 8.43181e-06 5.77186e-05 -3.08908e-06 0.000139478 0.000369603 -4.70612e-05 -8.2579e-05 1.22284e-05
internal_weight=27273 336 316 26937 105 62 26832 3455 2169 716 376 1286 100 23377 8095 938 376 15282 4160 3228 2696 532 276 205 272 340 7157 1453 1335 918 719 199 151 417 187 45 568 1460 118 230 354 2643 1236 241 296 221 132 89 932 4514 205 600 48 11122 4553 879 3674 273 104 214 187 153
internal_count=27273 336 316 26937 105 62 26832 3455 2169 716 376 1286 100 23377 8095 938 376 15282 4160 3228 2696 532 276 205 272 340 7157 1453 1335 918 719 199 151 417 187 45 568 1460 118 230 354 2643 1236 241 296 221 132 89 932 4514 205 600 48 11122 4553 879 3674 273 104 214 187 153
is_linear=0
shrinkage=0.01


Tree=47
num_leaves=63
num_cat=0
split_feature=0 4 8 4 1 7 3 7 0 7 8 0 8 3 4 4 1 6 7 1 1 6 4 3 6 4 3 3 7 3 7 7 0 7 6 4 6 7 4 6 6 6 7 4 4 0 6 3 0 7 4 3 1 4 1 1 8 6 4 6 4 3
split_gain=0.0699117 0.0439365 0.0510449 0.0515544 0.0432989 0.0408515 0.0425539 0.035059 0.0436124 0.0380859 0.0581205 0.0257839 0.0281647 0.0425868 0.0344657 0.0382792 0.0240953 0.0190857 0.0354803 0.0339908 0.0261735 0.025205 0.0331321 0.0247574 0.0262522 0.0213412 0.0485204 0.0201029 0.0279603 0.0227993 0.033314 0.0250352 0.0406832 0.0271027 0.0271029 0.0531757 0.0238977 0.0350124 0.0477663 0.0332697 0.0297895 0.0285056 0.0218383 0.0217369 0.0195693 0.018808 0.018452 0.0180972 0.0229279 0.037393 0.0180416 0.01765 0.0280978 0.031314 0.0263682 0.0257639 0.0201329 0.0326189 0.060627 0.0196889 0.0293259 0.022142
threshold=0.29007557971992953 0.0018591303251098358 0.12741321144847101 0.0041942579653136127 0.35394618132719263 0.29812747837101033 0.0030197665854806198 0.36368778231480636 0.49361113533587769 0.31884729308642179 0.093078681031668303 0.557263160738385 0.028670149091304827 0.0078372133423508013 0.0083920516213576764 0.0087027026672000882 0.54817550023460782 0.0021246229855501385 0.37618951886440372 0.76078795705142721 0.60299749955422388 0.0027917263016600771 0.022577964484180212 0.039778519020874557 0.0015585959294568568 0.0037477134111066441 0.0038402165569996431 0.003153751415996425 0.31884729308642179 0.0067687841025382469 0.32605482342521541 0.35802127638804704 0.42890503003163066 0.37600964362739914 0.0054884409189044957 0.0037477134111066441 0.033029700248243303 0.4085167430629188 0.0053456740531611603 0.041051112243165232 0.0087390534410401993 0.02052454535898245 0.36368778231480636 0.0041512226156106393 0.0026706568164350988 0.44196027401425519 0.11728484907292856 0.0061732133480638671 0.62707778734859165 0.45924186276917023 0.0059439518357249062 0.0029375889081736197 0.56143154024808128 0.006145617225667927 0.54539311460158413 0.44657123716601549 0.034851452824028732 0.048417550073179223 0.0053456740531611603 0.098895034325497913 0.0068541360882211277 0.0067998499553577202
decision_type=2 2 2 2 2 2 2 2 2 2 2 2 2 2 2 2 2 2 2 2 2 2 2 2 2 2 2 2 2 2 2 2 2 2 2 2 2 2 2 2 2 2 2 2 2 2 2 2 2 2 2 2 2 2 2 2 2 2 2 2 2 2
left_child=5 4 11 -4 -2 -1 -7 9 -9 16 -11 12 17 51 46 -16 -6 18 44 20 21 22 25 -20 -25 -19 -27 28 -23 30 50 32 -32 34 35 -33 37 40 -39 -38 -35 -40 -30 -37 -3 -43 -15 -13 -49 -50 -29 54 55 56 -14 59 -54 58 -58 60 61 -53
right_child=1 2 3 -5 7 6 -8 8 -10 10 -12 47 13 14 15 -17 -18 19 23 -21 -22 27 -24 24 -26 26 -28 29 42 -31 31 33 -34 36 -36 43 39 38 41 -41 -42 45 -44 -45 -46 -47 -48 48 49 -51 -52 52 53 -55 -56 -57 57 -59 -60 -61 -62 -63
leaf_value=0.00059184078201280895 -0.00017993714500021796 0.00016309207591514281 -2.6522897618573065e-05 -0.00055198588106054761 9.6982291138052049e-05 -0.00031927110821898302 0.00014353581687784794 0.00068609887289648481 2.6965519610905281e-05 8.7262502570458007e-05 -0.00036473356669999819 1.1758751089940594e-05 5.5372953862150281e-05 -0.00012014328492390647 0.00035261909046394637 4.0617068562777013e-06 0.0003285177979910154 5.8395044539666212e-05 5.4681277430139307e-05 -0.00025560978106892786 3.8759758565604014e-05 1.793111380943161e-05 4.2813729449063393e-05 -0.00025407116113865496 0.00014100751923441321 -0.00058478134428261287 -8.8825069179393866e-05 0.00031139972275325825 -0.00022353420210808066 -1.6729087783702703e-05 -0.00030489962425529846 0.00024412349707009999 1.8498611079235927e-05 3.7497132339987978e-05 7.7331569200991281e-05 -0.00027251121577928243 -0.00015108873747498263 0.0002239703643061624 -7.2248484148399922e-05 4.796093423555311e-05 -4.1548194458272363e-05 0.00023148976983705538 -5.3952556661027509e-05 -2.2888067122444008e-05 -8.4489146800257934e-06 -7.5138968680273425e-06 9.6940243750086538e-05 -7.214984398140938e-05 -0.00047429056428010299 0 4.5093106419603093e-05 0.00012071887480305034 5.4628835597354377e-05 4.1964474198848909e-05 -0.00015135428766517741 3.0163824823881154e-06 0.00021346255693786335 0.00015912309405548915 0.00094662752271446689 0 -6.9737599362033637e-05 0.00033907970099662571
leaf_weight=20 51 67 51 34 227 20 296 24 23 87 41 138 197 341 33 815 65 83 1729 57 1007 213 240 53 21 21 804 55 139 9210 67 73 80 718 949 39 245 157 177 118 1379 71 215 495 4473 47 39 259 41 22 67 164 51 146 89 553 35 75 21 121 43 82
leaf_count=20 51 67 51 34 227 20 296 24 23 87 41 138 197 341 33 815 65 83 1729 57 1007 213 240 53 21 21 804 55 139 9210 67 73 80 718 949 39 245 157 177 118 1379 71 215 495 4473 47 39 259 41 22 67 164 51 146 89 553 35 75 21 121 43 82
internal_value=-5.31698e-07 -2.35663e-06 -4.18125e-06 -0.000248861 8.87556e-05 0.000142754 0.000110989 0.000120272 0.000385518 8.81247e-05 -4.98828e-05 -3.35257e-06 -1.99338e-06 2.78665e-05 -1.56405e-05 1.88449e-05 0.000152041 -5.66755e-06 9.01517e-06 -1.12955e-05 -1.03985e-05 -1.36233e-05 -5.89068e-05 4.6605e-05 -0.00012842 -8.68963e-05 -0.000102731 -9.97225e-06 -6.85552e-05 -7.51845e-06 1.01784e-05 5.64066e-06 -0.00012221 1.00735e-05 4.38621e-05 -6.82201e-06 -7.63866e-06 2.79437e-06 8.29364e-05 -8.36344e-05 -1.40062e-05 4.43853e-06 -0.000123408 -4.30389e-05 -5.69357e-06 0.0001279 -9.52131e-05 -7.76134e-05 -0.000119012 -0.000295401 0.000173496 6.23781e-05 7.81877e-05 0.000159522 -5.49339e-06 4.94332e-05 0.000248259 0.000315915 0.000507422 0.000109585 0.00015442 0.000197677
internal_weight=27273 26937 26419 85 518 336 316 467 47 420 128 26334 25874 2805 1228 848 292 23069 6343 16726 16669 15662 1148 1803 74 908 825 14514 567 13947 4737 4615 147 4468 1556 607 2912 2549 452 363 2097 295 354 534 4540 118 380 460 322 63 122 1577 1291 328 286 963 182 131 56 410 289 246
internal_count=27273 26937 26419 85 518 336 316 467 47 420 128 26334 25874 2805 1228 848 292 23069 6343 16726 16669 15662 1148 1803 74 908 825 14514 567 13947 4737 4615 147 4468 1556 607 2912 2549 452 363 2097 295 354 534 4540 118 380 460 322 63 122 1577 1291 328 286 963 182 131 56 410 289 246
is_linear=0
shrinkage=0.01


Tree=48
num_leaves=63
num_cat=0
split_feature=0 4 1 7 3 7 2 0 0 4 7 7 2 0 1 3 6 4 4 0 3 2 7 2 0 3 2 3 0 1 4 2 6 6 7 7 1 7 6 6 1 6 1 0 7 6 1 4 0 6 6 7 6 6 6 4 7 7 6 7 4 3
split_gain=0.0685173 0.0430966 0.0425374 0.040022 0.0417319 0.0384483 0.0450181 0.0440137 0.0376841 0.0473519 0.0456877 0.035083 0.0289343 0.0259987 0.0268305 0.0348555 0.024494 0.048459 0.0385178 0.0229512 0.024237 0.0231881 0.0200896 0.0188132 0.019712 0.0187338 0.0258003 0.0180858 0.0178638 0.0178607 0.0174458 0.0166289 0.0148054 0.014756 0.021619 0.0277802 0.0186081 0.0145225 0.0157142 0.0142112 0.0313604 0.016395 0.0335681 0.0205866 0.0395349 0.025226 0.0224686 0.0202953 0.0171945 0.0150083 0.0139684 0.0137447 0.0134947 0.0130739 0.0155894 0.0154723 0.0129283 0.012258 0.0122428 0.012054 0.027875 0.0118787
threshold=0.29007557971992953 0.0018591303251098358 0.336891470146016 0.29812747837101033 0.0030197665854806198 0.36368778231480636 0.42802394981611752 0.49361113533587769 0.62707778734859165 0.0040923892654326508 0.45924186276917023 0.35295759859223591 0.55659128624236387 0.557263160738385 0.51234788704415501 0.0066251574445585311 0.030482578495823531 0.0053456740531611603 0.0060198250442060801 0.43769432927692004 0.0079230493213420083 0.50212355633410966 0.55342135003920367 0.39269029385429988 0.47394053784983797 0.011598551308847412 0.33798124934202017 0.003153751415996425 0.4672852066778686 0.43942396186982885 0.010179550584425693 0.29989092695515313 0.019974690504491837 0.0071278978563746789 0.4085167430629188 0.42894234027303563 0.59191182124695629 0.36063235394447857 0.0097053424867994415 0.18477346788605067 0.4456210332242892 0.041051112243165232 0.36421102974653724 0.37743645660774922 0.32605482342521541 0.064136930030969777 0.42543290181292831 0.0068301186861735837 0.37743645660774922 0.057223313845830411 0.072562647065958344 0.5680974003354522 0.0025451002272194336 0.048417550073179223 0.025521755654205992 0.0069296023604975806 0.38663145769703711 0.32605482342521541 0.2360332823908983 0.39794404670202937 0.004710330369001022 0.017709047680412988
decision_type=2 2 2 2 2 2 2 2 2 2 2 2 2 2 2 2 2 2 2 2 2 2 2 2 2 2 2 2 2 2 2 2 2 2 2 2 2 2 2 2 2 2 2 2 2 2 2 2 2 2 2 2 2 2 2 2 2 2 2 2 2 2
left_child=3 2 -2 -1 -5 6 50 -7 12 -10 -11 29 19 14 51 16 59 -18 -19 21 27 25 23 28 57 30 52 -21 32 -8 39 53 -22 36 56 -36 -17 38 -26 41 -41 -3 48 45 -45 47 -47 49 -43 -44 -4 61 -27 54 -6 -56 -35 -25 -52 -16 -61 -14
right_child=1 8 5 4 31 7 11 -9 9 10 -12 -13 13 -15 15 33 17 18 -20 20 22 -23 -24 24 37 26 -28 -29 -30 -31 -32 -33 -34 34 35 -37 -38 -39 -40 40 -42 42 43 44 -46 46 -48 -49 -50 -51 58 -53 -54 -55 55 -57 -58 -59 -60 60 -62 -63
leaf_value=0.00058595183013535252 -0.00021237947599658712 -2.2101331362481234e-05 0.00011270443146133435 -0.00031609428351494801 0.00015402899453387603 0.00068251199883026666 7.0033137855529738e-05 2.669702939189228e-05 0.00015079762744118317 -0.00051333455638495303 0 -0.00017552379874841257 1.3591419644142917e-05 -7.8093054667365862e-05 4.6958613045691529e-05 6.4095437543178693e-05 8.5216833866677563e-05 0.00068679552241355786 8.7933835726699012e-05 -9.1804173539577135e-05 2.418234342789346e-05 2.9649116651460271e-05 -0.00027108594579913862 -0.0002230268437176098 -0.00013543270616379749 0.00011477241369147487 -6.9030693813503775e-06 2.9431333680726096e-08 0.00014730669963676548 0.00029003529612495584 -0.00013534442759943099 0 -0.00016117447652632205 -2.8166916467662421e-05 0.00022924065837607872 0 -1.326859278829217e-05 -0.00012856245039696786 0.00018279946079967246 0 -0.00047083295605722728 0.00048941500956975665 0.00014783724280938463 -0.000264628972878219 0 0.00015593021997964367 -0.00014118198536346014 0 0.00011166089188622098 0.00046692385011679163 -0.00012371931213235712 -0.00012808222646059055 2.8149370803516087e-05 -1.5260612138023419e-05 0.00058836975316335627 0.00012281430998859944 -0.00016074555180521481 -3.328597406151476e-05 8.9745240313896294e-05 0.0005080832694384931 1.1220926262820111e-05 -1.768065438219582e-05
leaf_weight=20 41 5500 51 20 158 25 69 23 24 48 22 22 3623 312 662 892 141 31 23 233 155 1788 43 37 27 262 2886 2416 86 138 130 75 57 502 68 270 448 496 33 34 22 20 104 65 449 35 80 67 60 23 120 81 740 20 23 20 94 1461 29 20 36 1813
leaf_count=20 41 5500 51 20 158 25 69 23 24 48 22 22 3623 312 662 892 141 31 23 233 155 1788 43 37 27 262 2886 2416 86 138 130 75 57 502 68 270 448 496 33 34 22 20 104 65 449 35 80 67 60 23 120 81 740 20 23 20 94 1461 29 20 36 1813
internal_value=-5.21506e-07 -2.32851e-06 8.7908e-05 0.000141328 0.000109847 0.000115854 8.27923e-05 0.000389766 -4.13596e-06 -0.000204077 -0.000340055 0.000179023 -3.38327e-06 1.10878e-05 1.44002e-05 3.75082e-05 8.99393e-05 0.000191772 0.000450843 -1.09788e-05 -2.89624e-05 -3.5013e-06 -5.20901e-05 -4.76498e-05 -5.85696e-05 -9.25442e-06 7.97105e-06 -7.67372e-06 2.4256e-05 0.000221599 -1.95705e-05 0.000142101 -2.09919e-05 1.60146e-05 -1.37191e-05 4.86653e-05 3.74852e-05 -0.000110411 2.2969e-05 -1.70834e-05 -0.000177282 -1.55234e-05 2.34323e-05 3.17535e-06 -3.43152e-05 6.87644e-05 -4.20115e-05 0.00013957 0.000219077 0.000213814 -2.24283e-05 8.69807e-07 5.18064e-05 0.000185912 0.0002109 0.000395822 -5.0778e-05 -3.86546e-05 -7.54333e-05 6.08674e-05 0.000207086 2.97755e-06
internal_weight=27273 26937 518 336 316 477 429 48 26419 94 70 229 26325 9016 8704 3187 913 195 54 17309 5044 12265 2395 2352 2054 10477 3888 2649 298 207 6589 296 212 2274 934 338 1340 556 60 6459 56 6403 903 823 514 309 115 194 80 127 200 5517 1002 221 201 43 596 1498 149 718 56 5436
internal_count=27273 26937 518 336 316 477 429 48 26419 94 70 229 26325 9016 8704 3187 913 195 54 17309 5044 12265 2395 2352 2054 10477 3888 2649 298 207 6589 296 212 2274 934 338 1340 556 60 6459 56 6403 903 823 514 309 115 194 80 127 200 5517 1002 221 201 43 596 1498 149 718 56 5436
is_linear=0
shrinkage=0.01


Tree=49
num_leaves=63
num_cat=0
split_feature=0 4 8 4 7 5 6 7 4 5 5 5 0 2 5 0 2 5 5 2 4 8 2 4 2 5 6 4 4 2 5 7 0 4 2 5 4 4 5 5 5 7 2 4 5 6 6 6 2 6 2 0 4 7 7 6 2 8 6 2 5 7
split_gain=0.0672096 0.0422749 0.0496012 0.0504378 0.0391963 0.0384371 0.057134 0.0890852 0.0375089 0.0330444 0.0253343 0.0261536 0.0245996 0.0363262 0.0301851 0.0254195 0.0250735 0.0229372 0.0255117 0.021669 0.0198844 0.0225214 0.0227265 0.0186842 0.0181211 0.0253189 0.0263056 0.0211482 0.0175785 0.017385 0.0162211 0.0150107 0.0149555 0.0157739 0.019629 0.0146454 0.0283018 0.0228603 0.014803 0.014276 0.0142554 0.013467 0.0130161 0.0129234 0.0226679 0.03606 0.0396965 0.0481323 0.02592 0.0225683 0.0224449 0.0286445 0.0242592 0.0209054 0.0223439 0.0192291 0.0268652 0.0273458 0.0194037 0.0181847 0.0167814 0.0163495
threshold=0.29007557971992953 0.0018591303251098358 0.12741321144847101 0.0041942579653136127 0.29812747837101033 0.24441785047011153 0.14735907947828483 0.31193813391182107 0.003003413389249017 0.42105520799565938 0.30470992937873859 0.41044339253338707 0.557263160738385 0.55659128624236387 0.24063055658977578 0.43769432927692004 0.4659405556311631 0.18077874227582993 0.42780136879592773 0.50212355633410966 0.0092007079445079552 0.011900097943192946 0.36383503780511073 0.017697918560869292 0.29615997247248982 0.33648144046398315 0.047513928308630306 0.0072972450476064465 0.0056867012588518529 0.86721475903900525 0.38143819993765865 0.50695041158408738 0.32564365610268015 0.011529689705560087 0.33798124934202017 0.27392677401378313 0.0068022763141359953 0.0035916091015470754 0.34843975740138844 0.19734911765386337 0.29463196457937213 0.37228118475253047 0.32474651967901486 0.0068758601902060359 0.28856252271282878 0.040511365014676282 0.064136930030969777 0.057223313845830411 0.24007042525212238 0.0021246229855501385 0.31892350816241272 0.40337116786017468 0.0031870133343321599 0.32605482342521541 0.39633118649004057 0.016554269865528149 0.26379358130046343 0.0099194689302426788 0.033029700248243303 0.17740072495164033 0.40197817760556709 0.44991017203809269
decision_type=2 2 2 2 2 2 2 2 2 2 2 2 2 2 2 2 2 2 2 2 2 2 2 2 2 2 2 2 2 2 2 2 2 2 2 2 2 2 2 2 2 2 2 2 2 2 2 2 2 2 2 2 2 2 2 2 2 2 2 2 2 2
left_child=4 5 12 -4 -1 -2 10 9 -6 -8 -7 -12 13 15 -14 19 -16 31 20 32 -19 22 -22 -15 25 28 27 -27 40 -18 -25 -17 35 43 39 36 -3 38 -37 -35 -10 -24 -39 44 50 48 47 -47 -46 60 51 52 -34 -48 -55 56 57 59 -57 -54 -50 -51
right_child=1 2 3 -5 8 6 7 -9 24 -11 11 -13 14 23 16 17 29 18 -20 -21 21 -23 41 30 -26 26 -28 -29 -30 -31 -32 -33 33 34 -36 37 -38 42 -40 -41 -42 -43 -44 -45 45 46 53 -49 49 61 -52 -53 55 54 -56 58 -58 -59 -60 -61 -62 -63
leaf_value=0.00058012145520442749 -3.6285642643042116e-05 -0.00016178190950762368 -2.5181746569203771e-05 -0.00054508008299766872 -0.00020806303750903275 0.00047613473927461675 0.00041279139997291766 -0.0004839372568302483 -0.00028295773590002117 0 8.2124803231935285e-05 0.00033629021580213484 0.00015571631934106225 2.4112351078522281e-05 0.00016899954653560478 1.6962493062227499e-05 -9.7033660001923127e-05 -3.2374901370864143e-05 4.3871451271435246e-05 2.9485679162060839e-05 0.00014463681312251359 -0.00016305761840335265 -0.00015181817259838899 -4.4737921014468305e-06 8.7092261585197621e-07 0.0004614649387914141 0 0.00012197644580202972 0.00020647821467979563 -0.00031265188356607301 -0.00022197298872738314 -7.909527431616569e-05 -0.00018276192850913799 1.165643565931122e-05 -7.0238949292729508e-06 3.6414515759263715e-05 9.7209840583522558e-05 0.00010167087569055565 0.000430044834687687 9.8083914666261123e-05 5.4941500026995464e-05 -4.7323144536021763e-05 -3.3895948755301732e-05 -4.0416527594209241e-05 0.00025716282360880037 0.00014771318232523729 -0.00023738697029492589 0.00065235254150700279 0.00027650222827284971 -5.0393303921328178e-05 -5.7987621662661696e-06 -0.00016830659585322175 0.0001359190586999927 0.00020077691631766828 -0.00010985709017041827 0.000164041212437297 2.5375593609482705e-05 -0.00044998140059470884 -3.0861559651202918e-05 -0.00012871748180067933 -2.7369796783069138e-05 0.00012677012429729298
leaf_weight=20 161 83 51 34 31 41 28 32 20 57 127 72 47 6157 28 1239 336 2098 296 1787 49 293 174 2503 76 68 20 38 39 49 35 186 94 502 2745 23 82 164 30 343 24 628 110 2162 36 121 29 25 43 630 2218 212 28 56 35 107 219 25 84 147 22 54
leaf_count=20 161 83 51 34 31 41 28 32 20 57 127 72 47 6157 28 1239 336 2098 296 1787 49 293 174 2503 76 68 20 38 39 49 35 186 94 502 2745 23 82 164 30 343 24 628 110 2162 36 121 29 25 43 630 2218 212 28 56 35 107 219 25 84 147 22 54
internal_value=-5.12298e-07 -2.30233e-06 -4.09281e-06 -0.000245288 0.000139976 8.7069e-05 0.000145494 -2.81611e-05 0.000108781 0.000132041 0.000234293 0.000179229 -3.27539e-06 -1.94686e-06 -7.5812e-05 -1.04107e-05 -0.000104612 -2.95143e-05 -4.31817e-05 -2.56738e-06 -5.14393e-05 -8.5522e-05 -5.76355e-05 1.46603e-05 0.000146813 0.000195075 0.000286123 0.000349416 4.46443e-05 -0.000127147 -7.87581e-06 3.71805e-06 -8.15575e-06 -1.09018e-05 5.63327e-06 4.52644e-05 -2.7033e-05 8.47991e-05 0.000278447 4.79296e-05 -7.62667e-05 -7.1257e-05 4.36054e-05 -2.04118e-05 -9.83757e-06 2.99335e-05 0.000130634 0.000241356 -2.92779e-06 -1.67964e-05 -2.34946e-05 -6.52463e-05 -3.27713e-05 0 7.03359e-05 -7.99279e-06 -4.73628e-05 -0.000131982 7.31207e-05 -8.06112e-05 0.000158408 -3.49285e-05
internal_weight=27273 26937 26419 85 336 518 357 117 316 85 240 199 26334 25874 460 17179 413 4963 3538 12216 3242 1144 851 8695 285 209 126 106 83 385 2538 1425 10429 9937 3590 492 165 327 53 845 44 802 274 6347 4185 1051 266 146 785 749 3134 916 704 120 91 610 419 200 191 175 65 684
internal_count=27273 26937 26419 85 336 518 357 117 316 85 240 199 26334 25874 460 17179 413 4963 3538 12216 3242 1144 851 8695 285 209 126 106 83 385 2538 1425 10429 9937 3590 492 165 327 53 845 44 802 274 6347 4185 1051 266 146 785 749 3134 916 704 120 91 610 419 200 191 175 65 684
is_linear=0
shrinkage=0.01


Tree=50
num_leaves=63
num_cat=0
split_feature=2 5 6 2 8 3 5 4 2 2 3 8 5 2 1 2 5 4 5 6 6 4 2 8 3 4 2 8 4 1 5 3 8 5 4 5 2 6 6 3 6 6 3 5 8 2 5 6 4 3 5 2 3 5 2 4 2 8 8 5 8 4
split_gain=0.0654808 0.0841803 0.0335705 0.0570846 0.0312893 0.0550828 0.0506274 0.0462494 0.0361509 0.0327416 0.0269997 0.0262896 0.0314488 0.0243385 0.0222588 0.0226047 0.0239947 0.0216045 0.0277098 0.0265907 0.0350763 0.0368209 0.0617343 0.0306337 0.0424166 0.0376023 0.0294175 0.0214957 0.0236736 0.020302 0.0218491 0.0337532 0.0290365 0.0260106 0.0308948 0.0234284 0.0217304 0.0272925 0.0307957 0.0281279 0.02132 0.0201988 0.0270473 0.0252424 0.0283811 0.0527783 0.0200571 0.0200343 0.0199707 0.0198104 0.0197653 0.0273867 0.0196876 0.0211681 0.0281128 0.0192803 0.0181796 0.018121 0.0324523 0.0176326 0.0271408 0.0174561
threshold=0.17740072495164033 0.30829319532449556 0.18477346788605067 0.2817817502026646 0.028234846011535534 0.0066251574445585311 0.34602251473712181 0.0055065656479526565 0.44571444077228173 0.45822463566852856 0.0025285973293578639 0.0012134073348568908 0.19193547356577942 0.8355137219350427 0.38939030583151329 0.26379358130046343 0.1775992831347028 0.029471140302725327 0.31578437721900682 0.0021246229855501385 0.0027917263016600771 0.013899135966855486 0.69802963511781424 0.001909892262487754 0.0096550955776958155 0.0037477134111066441 0.4519880394024739 0.0021928392643377963 0.0054799152774254491 0.73633499680457171 0.40591849966040033 0.011598551308847412 0.014228969419958645 0.56686228788935888 0.0041942579653136127 0.30671945708946685 0.33290032155712407 0.040038328117798318 0.030482578495823531 0.013101875054989037 0.0038712207586379778 0.057223313845830411 0.0068233001540524262 0.25162462333819063 0.031428882359342707 0.66012595543348696 0.1734562285924478 0.14735907947828483 0.0035916091015470754 0.042038224566568479 0.32134874042896805 0.37422670756549542 0.0030197665854806198 0.46050192258969141 0.66230328666070015 0.0026706568164350988 0.33556252928529162 0.039879203395364028 0.0718739797584068 0.25032859341317953 0.038856241157906195 0.0048293337510697931
decision_type=2 2 2 2 2 2 2 2 2 2 2 2 2 2 2 2 2 2 2 2 2 2 2 2 2 2 2 2 2 2 2 2 2 2 2 2 2 2 2 2 2 2 2 2 2 2 2 2 2 2 2 2 2 2 2 2 2 2 2 2 2 2
left_child=1 -1 4 -4 11 6 9 8 57 59 47 14 27 41 50 16 -16 19 56 -14 21 22 26 24 25 -22 -21 -13 -29 30 35 32 33 34 -32 36 37 38 39 -25 48 43 -43 46 45 -45 -7 -10 -37 55 -2 -52 -34 -54 -55 -17 -19 -8 -59 -6 -61 -11
right_child=2 -3 3 -5 5 13 7 -9 10 61 -12 12 17 -15 15 49 -18 18 -20 20 23 -23 -24 29 -26 -27 -28 28 -30 -31 31 -33 52 -35 -36 40 -38 -39 -40 -41 -42 42 -44 44 -46 -47 -48 -49 -50 -51 51 -53 53 54 -56 -57 -58 58 -60 60 -62 -63
leaf_value=4.4696618018939078e-05 -3.6703194539390684e-05 0.00042895056629283938 -0.00058779908376616009 -5.7837470935945678e-05 -9.6354848845963333e-05 2.4250623179717556e-05 0.00043713225156556803 0.00061453326432481064 0.00021389156310170414 2.9259601121986998e-05 0 -3.1358844154787982e-05 7.5159756967070368e-05 -0.00027493837753414903 -3.4983454606668011e-05 0.00021145163900182729 0.00023336919961956804 2.92643813493972e-05 7.0829914050747359e-05 -2.3901283772331121e-05 0.00027422502239825389 -0.00040136011991187689 0.00045636969609232384 -8.0654118080557218e-05 0.00028578432972162644 -6.0876044581316453e-05 -0.00019291975022751165 7.6399801255474335e-05 6.007549195618569e-06 -0.00022238469655979094 0.00015913398587683372 -7.5796472835498095e-05 -2.4605072290652088e-05 -0.00026454897998420617 -6.3919447033660559e-05 0.00035584952005773634 -6.7714340633351435e-06 0.00028269565536230096 -0.00025711529026933096 7.8482979574568594e-05 -6.3670516897438811e-05 -0.00022503294621756153 -1.7782531444822553e-05 -7.7915894394643893e-05 0.00014326040591999131 0.00045280805351962972 -0.00010552190662001004 -7.9804655349901879e-05 2.9923702995892205e-06 -0.00025879266092078797 0.00038240339665877068 9.0868123647509645e-06 6.1536083879636826e-05 0.0003138031990486128 -5.1285403789906054e-05 1.7797972667854438e-05 -0.00016633718196462543 0 0.00047439132606383083 -9.5323688517283154e-05 0.00018148195065510162 0.00015003461264554818
leaf_weight=240 1202 78 25 142 234 367 52 22 149 333 198 1369 280 33 41 53 100 47 74 242 42 40 20 584 76 161 202 531 5310 51 108 219 54 34 139 20 4895 21 84 131 1905 69 962 160 299 21 172 22 111 25 26 105 121 122 20 4547 284 49 22 65 72 214
leaf_count=240 1202 78 25 142 234 367 52 22 149 333 198 1369 280 33 41 53 100 47 74 242 42 40 20 584 76 161 202 531 5310 51 108 219 54 34 139 20 4895 21 84 131 1905 69 962 160 299 21 172 22 111 25 26 105 121 122 20 4547 284 49 22 65 72 214
internal_value=-3.97271e-07 0.000142196 -2.10932e-06 -0.000143462 -1.19445e-06 2.65762e-05 7.43702e-05 0.000154278 0.000131544 2.85278e-05 7.82256e-05 -5.40952e-06 -1.17338e-05 -5.80271e-06 1.23623e-05 2.25728e-05 0.000148281 -2.31488e-05 -9.5358e-05 -2.0024e-05 -2.29658e-05 -0.000104537 -7.67131e-05 -1.82319e-05 8.41488e-05 3.63241e-06 -0.000103075 4.09748e-06 1.25792e-05 -2.1663e-05 -2.03489e-05 2.82566e-05 6.80413e-05 -2.52555e-06 2.9588e-05 -2.56015e-05 -1.49825e-05 -6.27722e-05 -7.31377e-05 -5.00922e-05 -5.49156e-05 -9.69301e-07 -3.26431e-05 3.00963e-05 8.31683e-05 -1.06023e-05 -1.5318e-05 0.000170237 6.47218e-05 1.8521e-05 -2.3393e-05 9.10431e-05 0.000133729 0.000170036 0.000255345 2.02511e-05 -0.000135542 0.000283183 0.000155911 -4.22457e-05 4.28831e-05 7.83564e-05
internal_weight=27396 318 27078 167 26911 3515 1432 514 492 918 369 23396 17297 2083 6099 4766 141 10087 405 9682 9402 504 464 8898 279 203 444 7210 5841 8619 8568 817 598 281 247 7751 5715 820 799 715 2036 2050 1031 1019 480 181 539 171 131 4625 1333 131 317 263 142 4600 331 123 71 371 137 547
internal_count=27396 318 27078 167 26911 3515 1432 514 492 918 369 23396 17297 2083 6099 4766 141 10087 405 9682 9402 504 464 8898 279 203 444 7210 5841 8619 8568 817 598 281 247 7751 5715 820 799 715 2036 2050 1031 1019 480 181 539 171 131 4625 1333 131 317 263 142 4600 331 123 71 371 137 547
is_linear=0
shrinkage=0.01


Tree=51
num_leaves=63
num_cat=0
split_feature=0 7 2 2 5 5 7 5 4 2 7 4 7 5 8 2 4 7 5 7 1 0 4 5 2 5 2 8 4 2 5 5 0 8 8 7 1 5 4 7 4 8 4 2 7 8 4 0 5 4 4 4 4 2 1 4 5 7 7 0 8 1
split_gain=0.0763671 0.0360751 0.032629 0.0325525 0.0321823 0.0269038 0.0306923 0.0284507 0.040825 0.0276589 0.0265132 0.0246783 0.0316207 0.0576573 0.0401794 0.0360904 0.0283951 0.0273982 0.0234249 0.0219667 0.0214113 0.0212924 0.0245781 0.0201369 0.0189585 0.0186107 0.0253705 0.0352702 0.0220016 0.0175041 0.0262955 0.0403093 0.0192403 0.0217983 0.0169801 0.0274003 0.0204403 0.0185155 0.0259607 0.0240824 0.0228992 0.0207327 0.0251034 0.019893 0.018479 0.0327421 0.0517336 0.0273456 0.0353065 0.0308904 0.0191599 0.0187902 0.0291217 0.0169997 0.0169276 0.0168734 0.0228683 0.0175462 0.0219956 0.0199429 0.0184803 0.0167622
threshold=0.30056698617545202 0.29219399947994673 0.51273014844009113 0.86721475903900525 0.29009931875981515 0.42105520799565938 0.36129015436639239 0.66819914462362762 0.0019814796457181603 0.17740072495164033 0.3286174298591335 0.0054141014965058227 0.40169195162330679 0.25292809038091557 0.0065241049080422258 0.64759388045524979 0.0041942579653136127 0.5680974003354522 0.56686228788935888 0.38597469395915662 0.47806982964283656 0.46410946714579132 0.0038565109477913216 0.52027308682700024 0.39269029385429988 0.29009931875981515 0.27333310966136531 0.046278158667972573 0.0076022911092231971 0.30686239914935831 0.35741414467149935 0.2807651530368595 0.37743645660774922 0.047975840679072811 0.0012569376428338216 0.37311485905337688 0.73633499680457171 0.26000226151283662 0.0068022763141359953 0.37176207361667707 0.0060498827812978323 0.00025029927086734163 0.0094228955393078628 0.2817817502026646 0.38483050077253111 0.002747850691043636 0.0037477134111066441 0.42163350847274489 0.30671945708946685 0.0053824872773388646 0.0050095325200071499 0.0067722324876322683 0.011529689705560087 0.34304948926525208 0.336891470146016 0.017697918560869292 0.16076460398084449 0.38954110129349145 0.36998345680041722 0.45741774268778373 0.00063663075416258569 0.46562237395063116
decision_type=2 2 2 2 2 2 2 2 2 2 2 2 2 2 2 2 2 2 2 2 2 2 2 2 2 2 2 2 2 2 2 2 2 2 2 2 2 2 2 2 2 2 2 2 2 2 2 2 2 2 2 2 2 2 2 2 2 2 2 2 2 2
left_child=1 -1 5 11 -5 6 29 8 -7 61 24 12 54 14 -14 16 -15 18 23 21 -21 22 -12 55 -10 28 27 -27 -3 30 31 -2 -31 -34 35 37 44 40 -39 -40 43 42 -41 -11 45 46 -36 -46 49 50 -49 -50 -53 -37 -4 -13 -57 58 -58 -59 -60 -8
right_child=2 25 3 4 -6 7 9 -9 10 34 19 17 13 15 -16 -17 -18 -19 -20 20 -22 -23 -24 -25 -26 26 -28 -29 -30 32 -32 -33 33 -35 36 53 -38 38 39 41 -42 -43 -44 -45 47 -47 -48 48 51 -51 -52 52 -54 -55 -56 56 57 59 60 -61 -62 -63
leaf_value=0.00052032931461081064 -8.5130867306993822e-05 -0.00016376491417244792 -9.4318328484303547e-05 -4.7507273125976193e-05 -0.00046707275292640239 0.00035221681072540307 -3.1072287682212907e-05 -0.00014257747564170505 0 -0.0002686225417914742 0.00010485154797691898 1.6237097967719654e-05 0 0.00029048780907301288 0.00050629347583628454 -0.00011796754298616302 0 -0.00012328755240023927 -0.00019524666929255434 0.0001559168653225825 -1.3024536545059383e-05 7.3278987310184114e-05 -0.00013834361594503526 0.00026223124636762392 0.00034179943123824433 0.00026317010046150859 2.2261763881233915e-05 -0.00015166649340063481 0.00018018561969047151 4.5973147859704659e-05 0.00014851618159885768 -0.00035736219558009721 -7.6398085104642649e-05 5.9256766097574318e-05 0.0001855907977444217 0.00016539754498802017 -0.00016601808547271466 0.00015384921281956894 -0.0003440967637028218 0.00015552761664144036 -3.650727109727127e-06 0.00017369012471488946 -8.949367456603002e-05 -6.2467641648112325e-05 -1.0797911312416724e-05 1.2639346970335832e-05 -6.1301070260998017e-05 0 -3.5264198544587577e-05 -5.6386907051909506e-05 0.00025862356074900759 -0.00033134940943679012 -7.5974760869756334e-05 3.4204124920360846e-05 3.2142389930230626e-05 6.4211193187760298e-06 -0.00027746942323149274 -2.0669419074183889e-05 -9.2709520482294318e-05 -0.00015000605800233444 3.9479926685659787e-05 0.0001967951640506728
leaf_weight=24 301 48 108 78 27 46 37 73 22 59 48 6218 24 69 58 79 74 166 57 174 114 122 195 31 47 172 126 20 29 215 31 72 818 130 89 118 95 140 20 53 930 64 176 379 2516 3446 1302 83 98 1330 49 110 96 912 2039 2238 29 245 142 277 406 102
leaf_count=24 301 48 108 78 27 46 37 73 22 59 48 6218 24 69 58 79 74 166 57 174 114 122 195 31 47 172 126 20 29 215 31 72 818 130 89 118 95 140 20 53 930 64 176 379 2516 3446 1302 83 98 1330 49 110 96 912 2039 2238 29 245 142 277 406 102
internal_value=-3.91615e-07 0.000133516 -2.50899e-06 9.40001e-06 -0.000165252 -1.26551e-05 -1.6061e-05 4.19219e-05 6.07771e-05 -1.06108e-05 4.07779e-05 1.09787e-05 3.94046e-05 0.00013561 0.000363951 4.66388e-05 0.000144582 3.77358e-06 6.06584e-06 1.93828e-05 8.55919e-05 -3.0129e-05 -8.61682e-05 7.36922e-06 0.000228463 0.000107357 0.000141623 0.000214696 -2.11892e-05 -5.78668e-05 -0.000115763 -0.000140441 -3.68869e-05 -5.67366e-05 -1.23028e-05 8.78558e-06 -1.89366e-05 -1.41027e-05 4.03225e-05 -7.2952e-06 -3.28577e-05 1.23924e-05 -2.83777e-05 -9.25749e-05 -1.72928e-05 -3.66491e-06 -4.47732e-05 -3.24531e-05 -6.27365e-05 -4.14176e-05 0.000101768 -0.000161928 -0.000217286 5.02194e-05 2.53112e-05 6.43496e-06 -1.15301e-05 -4.89931e-05 -9.03758e-06 -9.1233e-05 3.39131e-06 0.000128972
internal_weight=27396 419 26977 12365 105 14612 13771 841 768 12204 722 12260 2451 304 82 222 143 9809 9643 653 288 365 243 9586 69 395 318 192 77 1567 404 373 1163 948 12065 2851 9214 1821 453 313 1368 293 229 438 9119 4837 1391 4282 1766 1462 132 304 206 1030 2147 9555 3337 1099 577 522 548 139
internal_count=27396 419 26977 12365 105 14612 13771 841 768 12204 722 12260 2451 304 82 222 143 9809 9643 653 288 365 243 9586 69 395 318 192 77 1567 404 373 1163 948 12065 2851 9214 1821 453 313 1368 293 229 438 9119 4837 1391 4282 1766 1462 132 304 206 1030 2147 9555 3337 1099 577 522 548 139
is_linear=0
shrinkage=0.01


Tree=52
num_leaves=63
num_cat=0
split_feature=0 2 2 5 5 2 4 3 5 5 4 8 2 5 5 1 5 4 1 3 8 8 3 1 3 8 2 5 3 0 0 4 2 8 5 1 1 0 0 8 8 8 3 2 5 8 0 8 3 2 4 8 1 4 3 1 5 0 8 8 3 1
split_gain=0.0748768 0.0319743 0.0319426 0.0315118 0.0299548 0.051332 0.0311504 0.0276856 0.0263807 0.0279 0.0399996 0.023378 0.0235572 0.0231372 0.0201805 0.0195952 0.0195007 0.0273295 0.0179492 0.0291277 0.0247941 0.0184509 0.0233107 0.0178559 0.0175081 0.0174337 0.0256038 0.0172252 0.0173651 0.0163966 0.0161111 0.0162015 0.0157917 0.020086 0.0167651 0.017441 0.0155921 0.0162557 0.0142889 0.0181108 0.016435 0.0142396 0.0137255 0.0136353 0.0136165 0.0196441 0.0160086 0.0207689 0.0160476 0.0349072 0.0166448 0.014158 0.0171956 0.0171021 0.0134409 0.0133471 0.0131186 0.0560748 0.0210939 0.0212933 0.0379381 0.0344867
threshold=0.30056698617545202 0.51273014844009113 0.86721475903900525 0.29009931875981515 0.30470992937873859 0.19302606014084989 0.0076022911092231971 0.018986538826126168 0.42105520799565938 0.66819914462362762 0.0019814796457181603 0.0012569376428338216 0.17740072495164033 0.16076460398084449 0.20023631733070799 0.6480221248308996 0.48056441479815754 0.0058287937270488305 0.46246197491178259 0.013791562148320861 0.039879203395364028 0.025976711285232348 0.0063983027787174662 0.76078795705142721 0.0054940271914513056 0.10477745130046796 0.34304948926525208 0.60494817948310009 0.0026485573378087321 0.4534514132812793 0.4619750063081457 0.010638438287054649 0.6947609417941788 0.077968222875176865 0.34602251473712181 0.47951820365873332 0.40489162974539383 0.38382868748951021 0.46878360787586543 0.002421373381216669 0.0003373598868211995 0.014609859614756774 0.016685010464903005 0.352038372751525 0.19193547356577942 0.047975840679072811 0.43769432927692004 0.013401893568396996 0.0083223568464747665 0.35579222824662066 0.013615189621498255 0.0024757862661878302 0.63810145544035779 0.0061896092985218041 0.010991089298771205 0.52372369779891381 0.32607921958473823 0.43769432927692004 0.077968222875176865 0.015007073675046249 0.004744374826424781 0.66727490652906074
decision_type=2 2 2 2 2 2 2 2 2 2 2 2 2 2 2 2 2 2 2 2 2 2 2 2 2 2 2 2 2 2 2 2 2 2 2 2 2 2 2 2 2 2 2 2 2 2 2 2 2 2 2 2 2 2 2 2 2 2 2 2 2 2
left_child=4 8 7 55 6 -6 -1 27 11 10 -10 36 14 -9 -13 38 -7 -18 21 20 41 30 24 25 -23 44 -27 28 32 -29 31 -12 34 -34 35 -3 37 -2 39 40 -15 -20 -21 54 51 46 -46 -48 -49 -50 -51 -14 -53 -54 -38 -4 -30 -58 59 60 -59 -61
right_child=1 2 3 -5 5 16 -8 13 9 -11 18 12 23 15 -16 -17 17 -19 19 42 -22 22 -24 -25 -26 26 -28 29 56 -31 -32 -33 33 -35 -36 -37 43 -39 -40 -41 -42 -43 -44 -45 45 -47 47 48 49 50 -52 52 53 -55 -56 -57 57 58 -60 61 -62 -63
leaf_value=-0.00013907323381324421 -0.00014267426441356884 -4.4425464775041657e-05 0.00014640097879038867 -0.00046241926505295657 0.00040105726116140643 3.9495846845048879e-05 0.0002106161594990074 5.4967845578568867e-06 0.00034870228202106459 -0.00014115364947620647 -7.9852196828668416e-05 0 -4.3999509617799678e-05 -0.00016711968084661124 0.00021883349418407624 -0.00029421725502769459 0.00055658922286017825 5.9937910227227073e-05 0 -0.00036606826923493154 -0.00012273857858245333 0.00010228702722659685 3.8175900290858078e-05 -0.00018932395855495056 0.00051937352148104341 -0.00033114463680975154 0 3.7957176321704459e-05 2.3855419697755653e-05 -0.00026854824084333347 0.00015522544825677596 0.00011240643986910104 5.4932469589221385e-05 -0.0003062108448448357 0.00019675156277280999 0.00014593292916525408 1.7429604383110767e-05 -8.468426251323313e-06 -8.3101720249093063e-05 -5.9103540752846357e-05 7.1871449225669457e-05 0.00018148562886018626 -4.922472544472552e-05 8.1623195976397001e-06 -2.4390376776120722e-05 6.317013722642149e-05 -3.201905253196043e-05 -6.8691157513146891e-05 -0.00059308429384738459 -0.00022417216945119946 -2.06218370733998e-05 -2.2185681026474376e-06 0.00034294639530117716 3.8132669702051803e-05 0.00012276959071104603 -0.00013594260367918794 8.9800544089472153e-05 5.0597378857812645e-05 -0.00030980060526493252 -1.6673956465604029e-05 -0.00016202226819188767 0.00040416467909942105
leaf_weight=69 106 92 21 27 82 172 40 2160 46 73 125 90 841 30 73 33 21 35 96 29 68 26 60 67 30 45 37 22 7018 40 82 66 48 21 149 90 289 759 481 357 276 97 43 1518 4598 206 1046 449 20 97 89 3083 28 83 247 57 407 112 31 599 274 20
leaf_count=69 106 92 21 27 82 172 40 2160 46 73 125 90 841 30 73 33 21 35 96 29 68 26 60 67 30 45 37 22 7018 40 82 66 48 21 149 90 289 759 481 357 276 97 43 1518 4598 206 1046 449 20 97 89 3083 28 83 247 57 407 112 31 599 274 20
internal_value=-3.87857e-07 -2.48483e-06 9.30361e-06 -0.0001637 0.000132206 0.000182431 -1.50552e-06 1.08682e-05 -1.25289e-05 4.15117e-05 6.01924e-05 -1.59021e-05 -2.26859e-05 -1.3526e-05 9.53412e-05 -4.92832e-05 9.9277e-05 0.000264668 4.03803e-05 -1.0877e-05 3.5048e-05 8.68203e-05 0.000194636 -2.45801e-05 0.000344079 -2.34451e-05 -0.000170445 2.01032e-05 2.13645e-05 -0.000143799 3.72924e-05 -8.16036e-06 8.6413e-05 -4.0793e-05 0.000115955 4.42448e-05 8.97549e-06 -2.6085e-05 -4.13187e-05 -9.48947e-06 4.51271e-05 9.58547e-05 -0.000191043 2.42279e-05 -2.22049e-05 -3.12063e-05 -3.44524e-05 -6.10604e-05 -0.000105899 -0.000182074 -0.000132211 -7.44528e-06 1.86768e-06 0.000124263 6.78516e-05 -4.70328e-05 1.81701e-05 -8.78733e-06 -4.84884e-05 -3.9403e-05 -9.77424e-05 -1.39825e-06
internal_weight=27396 26977 12365 105 419 310 109 12260 14612 841 768 13771 10852 3337 163 1177 228 56 722 333 261 389 116 10689 56 10622 82 8923 8861 62 273 191 400 69 331 182 2919 865 1144 663 306 193 72 2054 10540 6505 6299 1701 655 206 186 4035 3194 111 536 78 8461 1443 1036 1005 386 619
internal_count=27396 26977 12365 105 419 310 109 12260 14612 841 768 13771 10852 3337 163 1177 228 56 722 333 261 389 116 10689 56 10622 82 8923 8861 62 273 191 400 69 331 182 2919 865 1144 663 306 193 72 2054 10540 6505 6299 1701 655 206 186 4035 3194 111 536 78 8461 1443 1036 1005 386 619
is_linear=0
shrinkage=0.01


Tree=53
num_leaves=63
num_cat=0
split_feature=0 7 2 0 2 5 4 7 5 5 7 5 4 2 7 6 7 7 1 4 1 0 4 4 7 7 2 5 2 6 2 6 5 0 4 4 5 5 1 6 0 1 6 7 1 5 4 2 4 7 5 4 4 0 7 7 6 4 7 7 7 5
split_gain=0.0734693 0.0351337 0.0313349 0.0314739 0.0273422 0.0340755 0.0265472 0.0341903 0.0571215 0.0258815 0.0299816 0.0273645 0.0391861 0.0266355 0.0256914 0.0255116 0.0227318 0.0214646 0.0210528 0.0235083 0.02075 0.0207093 0.023982 0.0194142 0.0193765 0.0193544 0.0183838 0.0179965 0.0214589 0.0374967 0.0171575 0.0336432 0.0201305 0.0188275 0.0196476 0.0167294 0.0199493 0.0167135 0.016668 0.01846 0.0164424 0.0163969 0.0160684 0.0280204 0.0200617 0.0187445 0.0183009 0.0178419 0.0159282 0.0155868 0.0236615 0.0387778 0.0333132 0.0320743 0.0232906 0.0229513 0.02121 0.0244015 0.0169753 0.0169842 0.0155721 0.0153812
threshold=0.30056698617545202 0.29219399947994673 0.51273014844009113 0.5451733283033765 0.86721475903900525 0.29009931875981515 0.0054141014965058227 0.40169195162330679 0.19193547356577942 0.42105520799565938 0.36129015436639239 0.66819914462362762 0.0019814796457181603 0.17740072495164033 0.3286174298591335 0.12728129118857598 0.5680974003354522 0.38597469395915662 0.49496356847928585 0.0036848242566615364 0.47806982964283656 0.46410946714579132 0.0038565109477913216 0.004710330369001022 0.72625777244508283 0.55342135003920367 0.39269029385429988 0.27254474207798524 0.27333310966136531 0.064136930030969777 0.30686239914935831 0.18477346788605067 0.35741414467149935 0.37743645660774922 0.0014564444072302995 0.017697918560869292 0.16076460398084449 0.36741389021622706 0.54407501874496889 0.042803774591854069 0.24923289139931212 0.46562237395063116 0.0010855590325789003 0.37308763493454289 0.76078795705142721 0.39748646058911924 0.018264749841379404 0.34942120099539248 0.017697918560869292 0.37070598022756052 0.35097530697808249 0.0067443116069343624 0.011529689705560087 0.34441636324116581 0.39106197249868957 0.39957604697422139 0.0064992035190710694 0.0045451725387404161 0.37711700908967954 0.39387171125290782 0.3724701405801632 0.36065743355570329
decision_type=2 2 2 2 2 2 2 2 2 2 2 2 2 2 2 2 2 2 2 2 2 2 2 2 2 2 2 2 2 2 2 2 2 2 2 2 2 2 2 2 2 2 2 2 2 2 2 2 2 2 2 2 2 2 2 2 2 2 2 2 2 2
left_child=1 -1 9 6 -5 -6 7 18 -9 10 30 12 15 41 26 -11 35 21 23 -20 -19 22 -16 -4 25 -10 -14 -3 29 37 31 32 -2 -32 -35 -8 -37 -29 39 -22 -39 -12 43 -15 49 46 47 -45 -49 61 -51 55 53 -53 -55 56 60 -58 -54 -60 -52 -44
right_child=2 27 3 4 5 -7 16 8 24 11 13 -13 14 42 17 -17 -18 20 19 -21 38 -23 -24 -25 -26 -27 -28 28 -30 -31 33 -33 -34 34 -36 36 -38 40 -40 -41 -42 -43 44 45 -46 -47 -48 48 -50 50 51 52 58 54 -56 -57 57 -59 59 -61 -62 -63
leaf_value=0.00051275024237159509 -0.00011266197715503207 -5.8761732894443947e-05 -2.1271117479495231e-05 -3.2987712212297887e-05 -6.4047794384111759e-05 -0.00054749981327672516 1.768174689408991e-05 0.00063774172403119919 0.00010135000414242329 0.00058725678640139569 -3.1537180502881413e-05 -0.00013974404048012817 0 -1.0818717770022785e-05 0.00010323732812054408 5.8404347814974323e-05 -0.00011445743038523326 0.00015361646165678653 0.0001316469891455391 2.0950320483136331e-05 3.206315259405967e-05 7.1898276234280372e-05 -0.00013685471818121011 7.4997944662762809e-05 -5.5812748710382477e-05 0.00042400092532138419 0.00033637716072550214 0.00014263910065574946 2.1431355606148927e-05 -0.00017108877669868157 4.5664675498809031e-05 -0.00052397141066282539 0.00014823066110681115 0.00010191045247979748 -6.926907721270413e-05 6.2503974156451011e-06 -4.6131772150871822e-05 0.00050657988507019709 0.00017856759285965029 -0.00024794664016954257 0.00017198771756106121 0.00019374537922204341 1.1241603691770987e-05 0.00033752738348595849 -0.00019339899652488757 -0.00020760890813676806 1.1062136612801983e-05 6.6449353270907794e-05 0.00030130318762619057 -1.5035634319044826e-05 -4.4776019218669346e-05 3.1400653223363927e-05 0.0002083538117962171 -0.00010532898443534873 -0.00041740825697965714 0.00018415351329785615 1.1240902670095627e-05 -0.00021119978195491794 -0.00018374569012572325 9.0115116942474263e-06 0.00022615333594459602 0.00017494930783301221
leaf_weight=24 355 50 873 573 49 25 6020 23 150 23 37 73 22 1298 48 23 154 174 345 492 43 122 195 275 51 25 47 109 130 22 215 20 29 68 880 2253 1057 43 30 41 41 102 776 41 65 21 233 258 37 8613 32 26 20 46 90 57 87 94 89 75 43 64
leaf_count=24 355 50 873 573 49 25 6020 23 150 23 37 73 22 1298 48 23 154 174 345 492 43 122 195 275 51 25 47 109 130 22 215 20 29 68 880 2253 1057 43 30 41 41 102 776 41 65 21 233 258 37 8613 32 26 20 46 90 57 87 94 89 75 43 64
internal_value=-3.83114e-07 0.000130958 -2.46062e-06 9.20887e-06 -5.84025e-05 -0.00024139 1.30278e-05 4.41055e-05 0.000155499 -1.2404e-05 -1.57457e-05 4.11198e-05 5.96292e-05 -1.03579e-05 4.00033e-05 0.000345223 5.60147e-06 1.89174e-05 2.96213e-05 6.77829e-05 8.43833e-05 -3.00078e-05 -8.52926e-05 9.23371e-07 0.000101738 0.00015337 0.000224768 0.000105106 0.000131763 0.000193785 -5.70645e-05 -0.000114389 -9.03222e-05 -3.62833e-05 -5.59262e-05 7.69153e-06 -1.01759e-05 0.000240623 -1.25662e-05 -9.285e-05 0.000355556 0.000126609 -1.20198e-05 1.44884e-05 -1.70359e-05 7.18511e-05 8.39569e-05 0.000131512 9.93864e-05 -1.58015e-05 -1.95991e-05 -7.77142e-05 -0.000150684 -0.000256907 -0.000319355 0 -3.74265e-05 -9.88118e-05 -5.16408e-05 -8.95489e-05 9.73355e-05 2.49242e-05
internal_weight=27396 419 26977 12365 647 74 11718 2234 249 14612 13771 841 768 12204 722 46 9484 653 1985 837 288 365 243 1148 226 175 69 395 345 215 1567 404 384 1163 948 9330 3310 193 114 84 84 139 12065 1888 10177 590 569 336 295 10112 9272 659 346 162 136 313 256 181 184 164 75 840
internal_count=27396 419 26977 12365 647 74 11718 2234 249 14612 13771 841 768 12204 722 46 9484 653 1985 837 288 365 243 1148 226 175 69 395 345 215 1567 404 384 1163 948 9330 3310 193 114 84 84 139 12065 1888 10177 590 569 336 295 10112 9272 659 346 162 136 313 256 181 184 164 75 840
is_linear=0
shrinkage=0.01


Tree=54
num_leaves=63
num_cat=0
split_feature=0 7 2 0 2 5 4 7 5 5 7 5 4 2 7 7 7 1 4 1 0 4 4 7 7 2 5 2 8 2 5 5 0 8 4 5 1 1 8 7 4 4 8 7 1 4 7 8 4 0 0 4 4 5 7 4 7 8 8 8 7 7
split_gain=0.0720582 0.034407 0.0306946 0.0308794 0.026825 0.0333527 0.0260371 0.0335227 0.0559596 0.0254065 0.0293783 0.0268462 0.038444 0.0260795 0.0251536 0.0222808 0.021035 0.0206413 0.0230272 0.0203158 0.0202924 0.0235222 0.0190281 0.019022 0.0189411 0.0180326 0.0176703 0.0210188 0.0281409 0.0168136 0.0253716 0.0392161 0.0184562 0.0209841 0.0163945 0.0195543 0.0163239 0.016096 0.0159925 0.0367162 0.0290836 0.0223488 0.0159787 0.0267152 0.0194181 0.0193523 0.0179125 0.0319432 0.0505853 0.0266602 0.0200544 0.0215317 0.0322722 0.0157518 0.0157114 0.0156646 0.0207706 0.0153841 0.0152164 0.0234955 0.0148667 0.0147885
threshold=0.30056698617545202 0.29219399947994673 0.51273014844009113 0.5451733283033765 0.86721475903900525 0.29009931875981515 0.0054141014965058227 0.40169195162330679 0.19193547356577942 0.42105520799565938 0.36129015436639239 0.66819914462362762 0.0019814796457181603 0.17740072495164033 0.3286174298591335 0.5680974003354522 0.38597469395915662 0.49496356847928585 0.0036848242566615364 0.47806982964283656 0.46410946714579132 0.0038565109477913216 0.004710330369001022 0.72625777244508283 0.55342135003920367 0.39269029385429988 0.27254474207798524 0.27333310966136531 0.046278158667972573 0.30686239914935831 0.35741414467149935 0.2807651530368595 0.37743645660774922 0.047975840679072811 0.017697918560869292 0.16076460398084449 0.54407501874496889 0.46562237395063116 0.012803351833714217 0.29812747837101033 0.0035916091015470754 0.012238092194965041 0.0012569376428338216 0.37898085690970262 0.73633499680457171 0.035693944402521757 0.38483050077253111 0.002747850691043636 0.0037477134111066441 0.49795275749227536 0.40403343119124063 0.0054441409919618296 0.0039788527513760436 0.36741389021622706 0.39870430577412524 0.0074635568578120121 0.33384822042884604 0.0074436826640548416 0.022107955163782788 0.0034606594841658511 0.37737778687173706 0.36998345680041722
decision_type=2 2 2 2 2 2 2 2 2 2 2 2 2 2 2 2 2 2 2 2 2 2 2 2 2 2 2 2 2 2 2 2 2 2 2 2 2 2 2 2 2 2 2 2 2 2 2 2 2 2 2 2 2 2 2 2 2 2 2 2 2 2
left_child=1 -1 9 6 -5 -6 7 17 -9 10 29 12 -11 37 25 34 20 22 60 -18 21 -16 -4 24 -10 -14 -3 28 53 30 31 -2 -31 38 -8 -36 -21 -12 39 41 57 -34 43 -15 46 -45 47 48 -44 50 -48 52 -52 -28 -54 56 -33 -41 59 -46 -19 -37
right_child=2 26 3 4 5 -7 15 8 23 11 13 -13 14 42 16 -17 19 18 -20 36 -22 -23 -24 -25 -26 -27 27 -29 -30 32 -32 55 33 -35 35 61 -38 -39 -40 40 -42 -43 44 45 58 -47 49 -49 -50 -51 51 -53 54 -55 -56 -57 -58 -59 -60 -61 -62 -63
leaf_value=0.00050764402216184432 -8.2914010405701541e-05 -5.8175288363845048e-05 -2.105843092592317e-05 -3.2657892707115345e-05 -6.3408625472428055e-05 -0.00054204661052199116 1.7504932160027207e-05 0.00063139191591805768 0.00010033717939489305 0.00034200152094625416 -3.122266213788658e-05 -0.00013834851399151973 0 -3.8490953476922846e-06 0.00010220710185064553 -0.00011331359771824287 0.00015208117946673993 0.00016026657442816191 2.0740859334972004e-05 -9.180516233101852e-05 7.1179881741225665e-05 -0.0001354868715960267 7.4248236775272482e-05 -5.5255713765992408e-05 0.00041977780989827624 0.00033302053100787369 0.00013400141794597036 2.1217206789561471e-05 -0.00011762042125324588 4.520824142196573e-05 0.00014612348783174319 -0.00062368300078598433 0.00026466487641931528 5.8386326170394736e-05 6.1878960617429467e-06 -0.00027373588768784532 0.00017678785012134561 0.00019180982334773722 -0.0001267397126919802 -2.7806888076424314e-06 -3.312728027257509e-05 -2.1503766980998692e-05 0.00018385968293420298 0.00010650920070398198 -1.8301793414584632e-05 -0.0001030380465606529 -3.90407468157293e-08 1.2794177165729878e-05 -6.0269298886769882e-05 -0.00020871100911146117 -0.0002678235123112957 -5.4997041401697163e-05 -2.0400100041617048e-06 0.0003405147106183563 0.00016152489407936476 -5.1864681682035096e-05 -0.00013757508726441853 -0.00036462938482256687 2.5532341028515295e-05 -0.00041310373580740947 0 -3.8238078574399126e-05
leaf_weight=24 301 50 873 573 49 25 6020 23 150 46 37 73 22 2427 48 154 174 286 492 84 122 195 275 51 25 47 106 130 22 215 31 31 57 130 2253 29 30 102 351 23 297 41 89 379 35 45 1649 3446 1302 85 28 2307 90 87 123 20 21 49 23 37 59 1028
leaf_count=24 301 50 873 573 49 25 6020 23 150 46 37 73 22 2427 48 154 174 286 492 84 122 195 275 51 25 47 106 130 22 215 31 31 57 130 2253 29 30 102 351 23 297 41 89 379 35 45 1649 3446 1302 85 28 2307 90 87 123 20 21 49 23 37 59 1028
internal_value=-3.74557e-07 0.000129699 -2.43237e-06 9.11683e-06 -5.78504e-05 -0.000239119 1.29002e-05 4.36784e-05 0.000153989 -1.2274e-05 -1.55853e-05 4.07537e-05 5.90954e-05 -1.02511e-05 3.96412e-05 5.54438e-06 1.87591e-05 2.93302e-05 6.71172e-05 8.35746e-05 -2.96529e-05 -8.43987e-05 9.05473e-07 0.000100723 0.000151896 0.00022248 0.000104082 0.000130505 0.000191897 -5.64877e-05 -0.000113246 -0.000137516 -3.59032e-05 -5.53563e-05 7.61461e-06 -1.00711e-05 -1.22656e-05 0.000125273 -7.46601e-05 -3.33571e-05 -8.07631e-05 0.000134848 -1.18963e-05 8.55406e-06 -1.83326e-05 8.18925e-05 -1.67275e-05 -3.30875e-06 -4.39183e-05 -3.16516e-05 -2.78225e-05 -4.54102e-05 4.21985e-05 0.0002324 8.77518e-05 -0.000351482 -0.000447205 -0.000263073 -0.000161711 -0.000235347 0.000130331 -4.56705e-05
internal_weight=27396 419 26977 12365 647 74 11718 2234 249 14612 13771 841 768 12204 722 9484 653 1985 837 288 365 243 1148 226 175 69 395 345 215 1567 404 373 1163 948 9330 3310 114 139 818 467 369 98 12065 2851 9214 424 9119 4837 1391 4282 4197 2548 241 193 213 72 52 72 95 72 345 1057
internal_count=27396 419 26977 12365 647 74 11718 2234 249 14612 13771 841 768 12204 722 9484 653 1985 837 288 365 243 1148 226 175 69 395 345 215 1567 404 373 1163 948 9330 3310 114 139 818 467 369 98 12065 2851 9214 424 9119 4837 1391 4282 4197 2548 241 193 213 72 52 72 95 72 345 1057
is_linear=0
shrinkage=0.01


Tree=55
num_leaves=63
num_cat=0
split_feature=0 2 4 1 0 5 4 4 5 8 6 0 4 8 6 2 2 1 5 4 4 4 2 4 8 0 5 2 5 4 5 2 2 1 8 1 4 0 4 5 4 8 5 8 6 4 4 5 5 0 6 4 1 5 4 5 0 4 5 4 8 1
split_gain=0.0355074 0.0404275 0.0391668 0.0403907 0.0349156 0.0302333 0.0609506 0.0440083 0.0248674 0.0234873 0.0260665 0.0350002 0.0250446 0.0228388 0.021386 0.0242494 0.0197807 0.0188853 0.0182926 0.0424628 0.0322659 0.0271143 0.0287617 0.019654 0.0204958 0.0179781 0.0359482 0.0248481 0.0184599 0.0220594 0.0352093 0.0179116 0.0172323 0.0165325 0.01621 0.0160098 0.0155787 0.0158404 0.0151895 0.0267327 0.0166061 0.0164247 0.0380374 0.0199261 0.0194358 0.0277667 0.0755435 0.0256172 0.0167481 0.0266403 0.0243692 0.0202214 0.0176196 0.0157701 0.0154829 0.0166398 0.0151621 0.0146128 0.0211781 0.0165243 0.0206088 0.0161633
threshold=0.32564365610268015 0.47921376805243387 0.0018591303251098358 0.35394618132719263 0.59624642875515932 0.33405044714648474 0.0055065656479526565 0.0065905151205284812 0.42105520799565938 0.012988355642616172 0.025137665866142692 0.36827467757641985 0.010954337252564492 0.0012569376428338216 0.070197462581568573 0.70542298652375124 0.55992185818153251 0.61470103784733976 0.35097530697808249 0.0067443116069343624 0.010638438287054649 0.0054441409919618296 0.360245285871298 0.0033182212079110591 0.0076123626074654461 0.3978809303477529 0.29957430416541436 0.58464314792175942 0.22626373286290133 0.0038054557104433263 0.41550073510443686 0.24646110804725821 0.31590876125577572 0.50168341431405972 0.053019915115899451 0.36826912309774484 0.0040923892654326508 0.62707778734859165 0.017697918560869292 0.34602251473712181 0.021183887265270294 0.0718739797584068 0.33184270933176369 0.028234846011535534 0.045724878506335463 0.0050095325200071499 0.0060198250442060801 0.29957430416541436 0.29957430416541436 0.45598532277155729 0.025893716291067289 0.0060198250442060801 0.47072973746690117 0.36741389021622706 0.013287205230665946 0.27254474207798524 0.38382868748951021 0.0035916091015470754 0.31968812990422563 0.0025867236648936453 0.0034606594841658511 0.76078795705142721
decision_type=2 2 2 2 2 2 2 2 2 2 2 2 2 2 2 2 2 2 2 2 2 2 2 2 2 2 2 2 2 2 2 2 2 2 2 2 2 2 2 2 2 2 2 2 2 2 2 2 2 2 2 2 2 2 2 2 2 2 2 2 2 2
left_child=5 8 3 -3 25 7 17 -1 13 56 -11 34 -13 -2 16 -16 -5 33 57 21 32 22 35 -24 -25 26 -4 28 -27 30 -30 -9 -21 -7 -12 -20 -6 -38 41 -40 -41 43 -43 48 45 -45 -47 -48 54 51 -51 -50 53 -52 -29 -56 -10 58 59 -15 -61 -59
right_child=1 2 4 14 36 6 -8 31 9 10 11 12 -14 18 15 -17 -18 -19 19 20 -22 -23 23 24 -26 27 -28 38 29 -31 -32 -33 -34 -35 -36 -37 37 -39 39 40 -42 42 -44 44 -46 46 47 -49 49 50 52 -53 -54 -55 55 -57 -58 61 -60 60 -62 -63
leaf_value=-9.2266974831168466e-05 9.0706102359143068e-06 -0.00024137338758466434 -9.0696295941096695e-06 8.3447091441550935e-05 1.5959139284515739e-05 0.00034282825732123636 1.7569557384159309e-05 0.00021376878310660024 -0.000172447311084339 0.00040224225923583948 0.0003440828447274198 4.3018935615461083e-05 -0.00031353145526607314 -4.1595717224201448e-05 0.0001848488188032826 -9.7597158703677093e-05 0.00054455231630747686 0.00048854111431472782 -0.00015438524370174451 0 -5.8663666734786444e-05 0.00015159357006320923 0 -4.8466882327001439e-05 -0.0003242281210007387 5.7125613286615146e-06 0.00013119127619637898 2.2980356730074574e-05 2.2815124870759312e-06 -4.0046233098236326e-05 0.00031413391759735804 1.04605601751591e-05 -0.00034240285166178266 9.4025503299350352e-05 0 0.00012524424837836404 -4.8944563637079878e-05 -0.00028583033451305267 1.7077819002400178e-06 -0.00046440785111331227 -2.2868706431255299e-05 4.7802266207592951e-05 -0.00035791613649153808 -1.0179427647754518e-05 4.7806394114017249e-05 0.0006773602429884731 0 0.00035412414417042 -1.9220372553370223e-05 -0.00012319158640385896 0 0.00021186661108825279 -7.3682487159900992e-05 0.00024629696506566829 6.9586025722784479e-05 0.00034869782708258739 9.9447226527509653e-06 -1.621165943556813e-05 5.4579284655297997e-05 6.7488451584143453e-05 -0.00018597629901648542 -0.00019837269829047058
leaf_weight=221 2262 23 360 22 43 55 242 94 56 27 57 254 21 368 125 35 30 37 23 22 137 80 81 61 68 3898 347 3274 270 2231 43 101 108 83 21 99 65 74 2037 20 24 55 36 49 527 32 69 28 66 277 42 71 84 49 398 25 202 7453 115 31 226 50
leaf_count=221 2262 23 360 22 43 55 242 94 56 27 57 254 21 368 125 35 30 37 23 22 137 80 81 61 68 3898 347 3274 270 2231 43 101 108 83 21 99 65 74 2037 20 24 55 36 49 527 32 69 28 66 277 42 71 84 49 398 25 202 7453 115 31 226 50
internal_value=3.29719e-07 -1.65062e-06 9.36208e-06 0.000137637 7.21236e-06 6.46439e-05 0.000124867 1.85767e-06 -1.54559e-05 4.4799e-05 9.53715e-05 6.89604e-05 1.20523e-05 -1.89829e-05 0.000183565 0.000116795 0.000369198 0.000267437 -2.62075e-05 -7.66903e-05 -0.000175168 -1.04176e-05 -5.25015e-05 -0.000125089 -0.000201714 9.02838e-06 5.83659e-05 6.39059e-06 -7.74959e-06 -2.87692e-05 4.84044e-05 0.00011365 -0.000290119 0.000200604 0.000256522 6.42539e-05 -0.00013003 -0.00018236 1.9247e-05 -3.07857e-06 -0.000246842 2.85856e-05 -0.000101941 3.11679e-05 8.09924e-05 0.000173549 0.000251037 9.95424e-05 2.27372e-05 -2.58707e-05 -6.42196e-05 9.33133e-05 2.34308e-05 0.000124033 3.07523e-05 8.8524e-05 -2.58213e-05 -2.19269e-05 -6.48286e-05 -8.84046e-05 -0.000151499 -1.75615e-05
internal_weight=27384 26551 14729 235 14494 833 417 416 11822 638 380 353 275 11184 212 160 52 175 8922 679 267 412 332 210 129 14312 707 13605 6442 2544 313 195 130 138 78 122 182 139 7163 2081 44 5082 91 4991 705 178 129 97 4286 589 452 137 175 91 3697 423 258 8243 740 625 257 7503
internal_count=27384 26551 14729 235 14494 833 417 416 11822 638 380 353 275 11184 212 160 52 175 8922 679 267 412 332 210 129 14312 707 13605 6442 2544 313 195 130 138 78 122 182 139 7163 2081 44 5082 91 4991 705 178 129 97 4286 589 452 137 175 91 3697 423 258 8243 740 625 257 7503
is_linear=0
shrinkage=0.01


Tree=56
num_leaves=63
num_cat=0
split_feature=0 2 4 1 0 5 4 4 5 8 6 0 4 8 6 2 2 1 5 4 4 4 2 4 8 0 5 2 5 4 5 2 2 6 8 8 1 4 0 4 5 4 8 5 8 6 4 4 5 5 0 6 4 1 5 4 5 0 5 4 5 4
split_gain=0.0348523 0.0396345 0.0383858 0.0396257 0.0342242 0.0296556 0.059772 0.0431557 0.0243953 0.0230294 0.0255292 0.0343173 0.0245506 0.0223954 0.0209763 0.0237906 0.0193153 0.0184449 0.0179528 0.0416336 0.0316064 0.0265879 0.028195 0.0192727 0.0200486 0.0176073 0.0352446 0.024349 0.0180856 0.0216419 0.0345007 0.0175331 0.0168477 0.0163348 0.0178331 0.0158684 0.0157047 0.0153052 0.0154895 0.0148951 0.026252 0.0162286 0.0160795 0.0373026 0.019531 0.0190296 0.0272611 0.0740037 0.0251148 0.01643 0.0260981 0.0238663 0.019838 0.0172584 0.0154764 0.0151806 0.0162929 0.014866 0.0144572 0.0143084 0.0207697 0.0161656
threshold=0.32564365610268015 0.47921376805243387 0.0018591303251098358 0.35394618132719263 0.59624642875515932 0.33405044714648474 0.0055065656479526565 0.0065905151205284812 0.42105520799565938 0.012988355642616172 0.025137665866142692 0.36827467757641985 0.010954337252564492 0.0012569376428338216 0.070197462581568573 0.70542298652375124 0.55992185818153251 0.61470103784733976 0.35097530697808249 0.0067443116069343624 0.010638438287054649 0.0054441409919618296 0.360245285871298 0.0033182212079110591 0.0076123626074654461 0.3978809303477529 0.29957430416541436 0.58464314792175942 0.22626373286290133 0.0038054557104433263 0.41550073510443686 0.24646110804725821 0.31590876125577572 0.05056845288633368 0.015981064316030039 0.053019915115899451 0.36826912309774484 0.0040923892654326508 0.62707778734859165 0.017697918560869292 0.34602251473712181 0.021183887265270294 0.0718739797584068 0.33184270933176369 0.028234846011535534 0.045724878506335463 0.0050095325200071499 0.0060198250442060801 0.29957430416541436 0.29957430416541436 0.45598532277155729 0.025893716291067289 0.0060198250442060801 0.47072973746690117 0.36741389021622706 0.013287205230665946 0.27254474207798524 0.38382868748951021 0.25292809038091557 0.0035916091015470754 0.31968812990422563 0.0025867236648936453
decision_type=2 2 2 2 2 2 2 2 2 2 2 2 2 2 2 2 2 2 2 2 2 2 2 2 2 2 2 2 2 2 2 2 2 2 2 2 2 2 2 2 2 2 2 2 2 2 2 2 2 2 2 2 2 2 2 2 2 2 2 2 2 2
left_child=5 8 3 -3 25 7 17 -1 13 57 -11 35 -13 -2 16 -16 -5 33 59 21 32 22 36 -24 -25 26 -4 28 -27 30 -30 -9 -21 34 -7 -12 -20 -6 -39 42 -41 -42 44 -44 49 46 58 -48 -49 55 52 -52 -51 54 -53 -29 -57 -10 -46 60 61 -15
right_child=1 2 4 14 37 6 -8 31 9 10 11 12 -14 18 15 -17 -18 -19 19 20 -22 -23 23 24 -26 27 -28 39 29 -31 -32 -33 -34 -35 -36 -37 -38 38 -40 40 41 -43 43 -45 45 -47 47 48 -50 50 51 53 -54 -55 -56 56 -58 -59 -60 -61 -62 -63
leaf_value=-9.1344722127020641e-05 8.9799080578007512e-06 -0.00023897010544758469 -8.9789582848679019e-06 8.2616396690824174e-05 1.5799918129884588e-05 0.00012997237517328194 1.7393934888755865e-05 0.00021163336808078671 -0.0001707259122300528 0.000398234679050936 0.0003406480424825409 4.2588914632676291e-05 -0.00031041100783432473 -4.1179872164213361e-05 0.00018300180876220252 -9.6623969431488941e-05 0.00053912488378559634 0.00048366887189919816 -0.00015284806762084173 0 -5.8077457653447568e-05 0.00015007952552291098 0 -4.798300277537769e-05 -0.00032099060425941703 5.6554370369257242e-06 0.00012987974114572236 2.2750559785449041e-05 2.2587041673110145e-06 -3.9645788751407359e-05 0.00031099986490251154 1.0356058372469283e-05 -0.00033898199187758812 0 0.00042955019964776805 0 0.00012399306969095009 -4.8455870561888266e-05 -0.00028297589191608887 1.690705164800832e-06 -0.00045978687268065577 -2.2640962895639701e-05 4.7325110815377984e-05 -0.00035434688464673928 0.00016465202415300205 4.7328420714334306e-05 0.00067060774855980804 0 0.00035059551671942781 -1.9028459570554485e-05 -0.00012196011451488572 0 0.00020975092611944961 -7.2946537682076748e-05 0.00024383901724641166 6.8890340107930601e-05 0.00034522474960487084 9.8453248453368919e-06 -0.00017683201727997579 -1.7387233201434235e-05 5.403396560751642e-05 -0.00014994541382516607
leaf_weight=221 2262 23 360 22 43 65 242 94 56 27 57 254 21 368 125 35 30 37 23 22 137 80 81 61 68 3898 347 3274 270 2231 43 101 108 31 42 21 99 65 74 2037 20 24 55 36 21 527 32 69 28 66 277 42 71 84 49 398 25 202 28 7503 115 257
leaf_count=221 2262 23 360 22 43 65 242 94 56 27 57 254 21 368 125 35 30 37 23 22 137 80 81 61 68 3898 347 3274 270 2231 43 101 108 31 42 21 99 65 74 2037 20 24 55 36 21 527 32 69 28 66 277 42 71 84 49 398 25 202 28 7503 115 257
internal_value=3.28442e-07 -1.6332e-06 9.27055e-06 0.000136262 7.14163e-06 6.40467e-05 0.000123692 1.83941e-06 -1.53027e-05 4.43732e-05 9.44555e-05 6.8282e-05 1.18945e-05 -1.87967e-05 0.00018178 0.000115565 0.00036571 0.000264882 -2.59511e-05 -7.59681e-05 -0.000173482 -1.03199e-05 -5.2015e-05 -0.000123899 -0.000199777 8.94023e-06 5.77683e-05 6.32892e-06 -7.66739e-06 -2.84735e-05 4.79533e-05 0.000112566 -0.000287277 0.000198673 0.000257192 0.00025401 6.35293e-05 -0.000128732 -0.000180611 1.90559e-05 -3.04802e-06 -0.000244611 2.83038e-05 -0.000100816 3.08604e-05 8.01942e-05 0.000171803 0.00024859 9.85212e-05 2.25105e-05 -2.5625e-05 -6.35948e-05 9.23086e-05 2.3095e-05 0.000122708 3.04504e-05 8.76634e-05 -2.55249e-05 -1.00778e-05 -2.17088e-05 -6.4167e-05 -8.75208e-05
internal_weight=27384 26551 14729 235 14494 833 417 416 11822 638 380 353 275 11184 212 160 52 175 8922 679 267 412 332 210 129 14312 707 13605 6442 2544 313 195 130 138 107 78 122 182 139 7163 2081 44 5082 91 4991 705 178 129 97 4286 589 452 137 175 91 3697 423 258 49 8243 740 625
internal_count=27384 26551 14729 235 14494 833 417 416 11822 638 380 353 275 11184 212 160 52 175 8922 679 267 412 332 210 129 14312 707 13605 6442 2544 313 195 130 138 107 78 122 182 139 7163 2081 44 5082 91 4991 705 178 129 97 4286 589 452 137 175 91 3697 423 258 49 8243 740 625
is_linear=0
shrinkage=0.01


Tree=57
num_leaves=63
num_cat=0
split_feature=2 5 3 5 3 7 3 7 5 7 6 7 6 6 1 3 5 3 4 4 1 1 2 5 7 7 6 6 6 3 6 4 6 5 7 5 4 1 4 5 2 2 3 2 2 4 6 3 5 7 7 3 7 5 7 4 5 3 5 5 7 6
split_gain=0.0306874 0.0575059 0.0654517 0.0656897 0.0377169 0.0363364 0.0318524 0.0529578 0.0276788 0.0262744 0.0258168 0.0309821 0.0301749 0.0256933 0.0242741 0.023478 0.0321092 0.0289625 0.0345482 0.0241755 0.0234357 0.0228037 0.0225917 0.0423412 0.0205501 0.0225127 0.0250571 0.0205165 0.0251923 0.0199325 0.0859445 0.0209963 0.0546827 0.0262605 0.0547702 0.0253572 0.0198288 0.0187899 0.0176686 0.0174391 0.0171741 0.0306239 0.0171504 0.0169197 0.0167887 0.0243306 0.0252619 0.0177976 0.0275066 0.0223426 0.0160663 0.0224517 0.0170455 0.0295644 0.030381 0.0254073 0.0497214 0.0170582 0.0160579 0.0219165 0.0218537 0.0245568
threshold=0.58464314792175942 0.42105520799565938 0.004558696088145733 0.66819914462362762 0.0052929879648007461 0.40169195162330679 0.0028067875750827005 0.33384822042884604 0.56686228788935888 0.30335863411656766 0.00076211500052559666 0.43182003288682974 0.02968003299129127 0.048417550073179223 0.43580369694944598 0.0061002944587900823 0.39748646058911924 0.0078372133423508013 0.0073474283202968555 0.0056867012588518529 0.35113920518813324 0.35394618132719263 0.17740072495164033 0.33405044714648474 0.37365638298650711 0.37185774934187826 0.003365839458554691 0.0082983609473675727 0.0097053424867994415 0.0057689239404616803 0.023734727377111488 0.0018591303251098358 0.064136930030969777 0.24441785047011153 0.4085167430629188 0.27520849325500935 0.0043131568958164552 0.5009749204355961 0.006125797166193693 0.29127786431035491 0.61485060598940244 0.65468961600779974 0.0067387428053862983 0.4330025868913801 0.81180848286791718 0.023222729597201043 0.0041138037826779564 0.018986538826126168 0.37358971232656751 0.55342135003920367 0.39957604697422139 0.0068793085252616499 0.37237883554253776 0.32134874042896805 0.35802127638804704 0.007175148741995218 0.19734911765386337 0.0071349077706539428 0.19734911765386337 0.32367785436645125 0.45222293381244999 0.048417550073179223
decision_type=2 2 2 2 2 2 2 2 2 2 2 2 2 2 2 2 2 2 2 2 2 2 2 2 2 2 2 2 2 2 2 2 2 2 2 2 2 2 2 2 2 2 2 2 2 2 2 2 2 2 2 2 2 2 2 2 2 2 2 2 2 2
left_child=1 22 3 5 36 6 9 -8 10 -3 37 12 27 38 -14 21 19 40 -19 -17 -10 39 23 24 25 -1 -27 -12 -29 31 -31 32 -23 34 -33 -35 -4 -6 -13 -2 -18 -42 -16 -5 47 -46 -47 48 49 50 52 -52 53 -21 -55 56 -54 -58 -53 -60 61 -61
right_child=15 2 4 43 8 -7 7 -9 20 -11 11 13 14 -15 42 16 17 18 -20 44 -22 29 -24 -25 -26 26 -28 28 -30 30 -32 33 -34 35 -36 -37 -38 -39 -40 -41 41 -43 -44 -45 45 46 -48 -49 -50 -51 51 58 55 54 -56 -57 57 -59 59 60 -62 -63
leaf_value=5.6067403514115984e-05 0 0.00023312930693662168 -5.0594665389828607e-05 1.7629736360863564e-05 0 0.0005993779914429669 0.00060210491082886579 0.00012470315727397988 0.00021684065731645064 -8.1938472201168439e-05 0.00014661333037807033 0.00029861500029192242 0.00037139383565918299 -0.00013216510937046205 -8.690182612169964e-05 -0.00013938420838271068 -0.00015891500872355032 -0.00042798574416403354 -8.482183427420047e-05 4.9254516905933658e-05 -0.00012864651640298507 0.00060118502956579324 -1.2035981699075071e-05 0.00043425065765398673 0.00016391775510971515 -1.3734770750579424e-05 -0.00045122385742479929 -0.00031429703966656474 3.5455339790743704e-05 4.1016384208857608e-05 0.00049380406011369238 4.9775046420668745e-05 5.5270375499435505e-05 -0.00015978105291168513 0.00049812098267356959 1.0554455636117753e-05 -0.00039725850293047954 -0.00036479453139040801 -6.9612320071881702e-07 -0.00029854736313275046 0.00045322742950948072 -3.2721415123613034e-06 0.00019701432462312639 -0.00031750661549950597 -0.0001596171059491219 0.00029678853132675601 -5.3484913950418078e-05 -3.7872115154593632e-06 0.00026422297993170782 -0.00010868352043760836 -5.810066589861441e-05 0 2.3978889921739588e-05 3.4785466646630462e-05 0.00060721590752582742 4.0245653730685394e-05 -7.0424067420928312e-05 -0.00024622663155132003 0.00020193187876705319 -0.00012270738122082946 -0.00024022565630971767 0.00027317824314974833
leaf_weight=112 73 50 58 27 26 31 44 64 21 50 149 30 78 101 25 101 24 43 129 238 138 24 18302 30 82 45 22 24 130 202 55 695 101 108 29 415 29 22 39 29 21 35 69 24 128 29 61 1968 52 109 78 85 573 23 22 1516 175 101 235 22 24 39
leaf_count=112 73 50 58 27 26 31 44 64 21 50 149 30 78 101 25 101 24 43 129 238 138 24 18302 30 82 45 22 24 130 202 55 695 101 108 29 415 29 22 39 29 21 35 69 24 128 29 61 1968 52 109 78 85 573 23 22 1516 175 101 235 22 24 39
internal_value=3.27513e-07 -6.17371e-06 5.99509e-05 0.000191615 1.8207e-05 0.000262491 0.000207213 0.000328828 3.94296e-05 6.56809e-05 6.75064e-05 8.51585e-05 0.000126998 -2.58718e-05 0.00023497 1.7501e-05 7.69701e-06 -0.000102254 -0.000176622 1.28444e-05 -7.66232e-05 4.99466e-05 -1.05986e-05 7.63389e-05 3.12191e-05 -2.40443e-05 -0.000172749 6.23498e-05 -1.27308e-05 5.94053e-05 0.00014196 4.32032e-05 0.000168476 2.98314e-05 6.9181e-05 -2.27321e-05 -0.000177954 -0.000148588 0.000115211 -9.12313e-05 4.51735e-05 0.000150593 0.000110866 -0.000120825 1.58362e-05 -6.9135e-05 4.84863e-05 1.95491e-05 3.38033e-05 2.97886e-05 3.49319e-05 8.87826e-05 2.47289e-05 9.87302e-05 0.000337539 1.54471e-05 -2.76557e-05 -0.000138445 0.000119547 0.000151997 2.11513e-06 0.000114066
internal_weight=27384 19822 1229 290 939 239 208 108 852 100 693 645 475 170 172 7562 5831 252 172 5579 159 1731 18593 291 261 179 67 303 154 1629 257 1372 125 1247 724 523 87 48 69 102 80 56 94 51 5478 218 90 5260 3292 3240 3131 483 2648 283 45 2365 849 276 405 320 85 61
internal_count=27384 19822 1229 290 939 239 208 108 852 100 693 645 475 170 172 7562 5831 252 172 5579 159 1731 18593 291 261 179 67 303 154 1629 257 1372 125 1247 724 523 87 48 69 102 80 56 94 51 5478 218 90 5260 3292 3240 3131 483 2648 283 45 2365 849 276 405 320 85 61
is_linear=0
shrinkage=0.01


Tree=58
num_leaves=63
num_cat=0
split_feature=0 2 4 1 0 5 4 4 5 7 7 8 1 7 5 7 0 5 2 0 4 5 7 7 2 1 7 8 0 4 5 4 4 7 1 0 5 5 4 5 7 7 5 8 4 1 0 5 5 4 5 5 7 8 8 2 8 4 2 5 8 5
split_gain=0.0341152 0.0384033 0.0370773 0.03851 0.0334501 0.0289617 0.0582665 0.0422271 0.023483 0.0318356 0.0259319 0.0191834 0.0178903 0.0213854 0.0175215 0.0202117 0.017262 0.0344171 0.0234175 0.0180349 0.0201924 0.0177252 0.0174006 0.0774384 0.0170835 0.0158917 0.0157571 0.0301692 0.0273352 0.0162109 0.0327327 0.0232488 0.014899 0.0159722 0.0142837 0.0189958 0.0142232 0.0157108 0.0140788 0.0256929 0.0186291 0.0330779 0.0294324 0.0272766 0.0269336 0.0268755 0.02113 0.0222951 0.0208534 0.0379207 0.0234973 0.0218234 0.0177894 0.0227588 0.0202716 0.0168215 0.0160335 0.0158541 0.0148648 0.014483 0.0137871 0.0137037
threshold=0.32564365610268015 0.47921376805243387 0.0018591303251098358 0.35394618132719263 0.59624642875515932 0.33405044714648474 0.0055065656479526565 0.0065905151205284812 0.42105520799565938 0.3452177380981451 0.44671934511796657 0.10477745130046796 0.61470103784733976 0.37676191659798658 0.48056441479815754 0.35295759859223591 0.3978809303477529 0.29957430416541436 0.58464314792175942 0.45290441218757765 0.0053129301862525997 0.18174677415516824 0.72625777244508283 0.62341493892899902 0.24646110804725821 0.65301710301177662 0.38454707031939533 0.0014854717597126965 0.41934289066048558 0.0067142134687428875 0.30115727713069956 0.011529689705560087 0.0040923892654326508 0.3739635882909001 0.49075517783765849 0.53634971010274335 0.35097530697808249 0.38520806655877365 0.017697918560869292 0.34602251473712181 0.39957604697422139 0.45222293381244999 0.31578437721900682 0.029644139732288608 0.0023009520426909109 0.43845067777746149 0.557263160738385 0.23765335596435286 0.23535087517459924 0.0049444752912347545 0.43500818518651413 0.37358971232656751 0.38113003859705158 0.038856241157906195 0.03627707041027315 0.65753578841727867 0.064468386113831766 0.021183887265270294 0.75802140277365948 0.1929844541520471 0.0011807596038741943 0.56686228788935888
decision_type=2 2 2 2 2 2 2 2 2 2 2 2 2 2 2 2 2 2 2 2 2 2 2 2 2 2 2 2 2 2 2 2 2 2 2 2 2 2 2 2 2 2 2 2 2 2 2 2 2 2 2 2 2 2 2 2 2 2 2 2 2 2
left_child=5 8 3 -3 16 7 12 -1 9 -2 61 26 13 -7 15 34 17 -4 19 -18 -21 -22 23 38 -9 60 -11 -28 36 -30 -31 -32 -6 -34 -5 -36 -29 -38 40 -40 44 45 43 -43 -20 -42 52 -48 49 -47 51 -50 53 58 -54 -44 -55 -41 -46 -56 -23 -10
right_child=1 2 4 14 32 6 -8 24 10 11 -12 -13 -14 -15 -16 -17 18 -19 22 20 21 25 -24 -25 -26 -27 27 28 29 30 31 -33 33 -35 35 -37 37 -39 39 57 41 42 55 -45 46 48 47 -49 50 -51 -52 -53 54 56 59 -57 -58 -59 -60 -61 -62 -63
leaf_value=-9.0287719303566713e-05 -7.9216949553462086e-05 -0.00023575879615284019 -8.7779463471743159e-06 0.00014755441109675149 1.4978966463936314e-05 0.00010094474715513518 1.7301199419376648e-05 0.00020922505861647057 4.8661032840484144e-05 -3.0192508201101324e-06 0.00023578177963190259 -0.00019149911208632357 0.00047756149012449816 0.00039679189498135207 0 -2.8434251997867037e-05 5.005425159111228e-06 0.00012840992295751668 -0.00025488612336070778 1.9684976031357132e-05 1.2356645047750852e-07 1.2114396554479144e-07 -0.00013405591331166572 0.0006267460486719216 1.0372842220441209e-05 -0.00025841634094863795 7.8690416288360873e-05 -5.2134570775579383e-06 -1.4571430460462585e-05 -6.6625757631052492e-05 -0.00035841340242711276 -8.6053862788195405e-05 -0.00041755107805932154 -0.00011431669500066835 0.00055302338512134511 0.00017261665183272604 -0.00021000911585682458 0 1.7041510378193353e-06 -0.00045469041005592438 -3.2774338818322286e-06 2.3359970973051871e-05 -1.3540861354943139e-06 0.00032366495290168647 3.7966649254529325e-05 0.00048244981104461702 0.0001445700754355862 -0.0001710144893623371 0.00024148709714377889 4.1203581792497388e-06 0 0.00062801767528326792 0 0.00023229040261268209 0 -0.00023625008783286928 1.1905519082764885e-05 -2.2041541466265292e-05 -3.5771750207350222e-05 -0.00029286127621274782 -7.7594835123463943e-05 -6.4723042497178882e-05
leaf_weight=221 808 23 360 79 43 97 242 94 439 6568 64 61 37 41 39 21 4082 347 35 594 525 269 72 21 101 45 238 1935 417 876 76 74 26 113 36 37 74 57 2037 20 93 221 80 37 2640 20 25 105 123 121 27 22 858 101 24 60 64 24 291 42 927 135
leaf_count=221 808 23 360 79 43 97 242 94 439 6568 64 61 37 41 39 21 4082 347 35 594 525 269 72 21 101 45 238 1935 417 876 76 74 26 113 36 37 74 57 2037 20 93 221 80 37 2640 20 25 105 123 121 27 22 858 101 24 60 64 24 291 42 927 135
internal_value=3.24728e-07 -1.61567e-06 9.11669e-06 0.000133929 7.02312e-06 6.3366e-05 0.000122311 1.86051e-06 -1.50716e-05 -1.85008e-05 4.34675e-05 -1.36756e-05 0.000261721 0.000196306 0.000178844 0.000222067 8.80203e-06 5.71491e-05 6.21571e-06 -7.50808e-06 -2.95752e-05 -4.67104e-05 1.86977e-05 2.03916e-05 0.000111413 -6.73275e-05 -1.25253e-05 -2.89206e-05 -3.65064e-05 -7.00578e-05 -9.16311e-05 -0.000230858 -0.000127302 -0.000178485 0.000263246 0.000374394 -1.25862e-05 -0.000113774 1.84402e-05 -2.97869e-06 2.75748e-05 7.21039e-05 4.68668e-06 7.04101e-05 1.87796e-05 0.000135713 2.13347e-05 -0.000102574 0.000180192 7.93495e-05 0.000256954 0.000307417 2.55929e-05 3.71662e-05 -1.2103e-05 -0.000109258 0.000152924 -0.000241961 3.03035e-05 -0.000180875 -5.92806e-05 2.02456e-05
internal_weight=27384 26551 14729 235 14494 833 417 416 11822 11184 638 10376 175 138 212 173 14312 707 13605 6442 2360 1766 7163 7091 195 1241 10315 3747 3509 1443 1026 150 182 139 152 73 2066 131 7070 2081 4989 804 398 258 4185 406 4150 130 313 141 172 145 4020 3096 924 140 165 44 2931 66 1196 574
internal_count=27384 26551 14729 235 14494 833 417 416 11822 11184 638 10376 175 138 212 173 14312 707 13605 6442 2360 1766 7163 7091 195 1241 10315 3747 3509 1443 1026 150 182 139 152 73 2066 131 7070 2081 4989 804 398 258 4185 406 4150 130 313 141 172 145 4020 3096 924 140 165 44 2931 66 1196 574
is_linear=0
shrinkage=0.01


Tree=59
num_leaves=63
num_cat=0
split_feature=0 5 4 4 5 4 6 0 4 7 7 5 5 6 7 8 7 5 8 4 4 4 7 6 4 6 6 0 7 7 8 5 7 0 8 5 4 3 0 7 4 4 3 7 5 4 6 8 4 6 3 4 3 7 4 5 3 3 4 6 3 4
split_gain=0.0334882 0.0284089 0.0571406 0.0414095 0.0272436 0.0305704 0.0273397 0.0211827 0.0372821 0.0195065 0.0301429 0.0384722 0.0258827 0.0181424 0.0176992 0.0176907 0.0306176 0.0214576 0.0375202 0.0361362 0.0204419 0.0215008 0.0198218 0.017538 0.0377678 0.0401898 0.0335341 0.0375158 0.0287015 0.0308854 0.0261191 0.0290746 0.0572847 0.0278851 0.0254959 0.0236284 0.0333109 0.0257314 0.024641 0.0226224 0.0221653 0.0193687 0.028723 0.0279555 0.0191388 0.0180212 0.0179704 0.0246228 0.0177075 0.0250935 0.0174181 0.0216766 0.0195828 0.0289774 0.017051 0.0167752 0.0166706 0.0168616 0.0188175 0.0172015 0.0170794 0.0193899
threshold=0.32564365610268015 0.33405044714648474 0.0055065656479526565 0.0065905151205284812 0.66819914462362762 0.0018591303251098358 0.070197462581568573 0.62707778734859165 0.0040923892654326508 0.35999049734224575 0.31193813391182107 0.21822877097103607 0.2055620714427947 0.14735907947828483 0.45924186276917023 0.0011807596038741943 0.3732714454172153 0.27392677401378313 0.00022853411687887701 0.0092007079445079552 0.004710330369001022 0.0026706568164350988 0.37249721378272388 0.028081006557827755 0.0068541360882211277 0.033029700248243303 0.039474322586905371 0.48090760475380251 0.34905194532104322 0.44407842525304214 0.077968222875176865 0.29463196457937213 0.34905194532104322 0.42819732336720157 0.029644139732288608 0.34843975740138844 0.0044822325689462244 0.0052929879648007461 0.43673126291913728 0.22341826234071116 0.0053456740531611603 0.0041512226156106393 0.0041199341412969529 0.44671934511796657 0.39364916346787271 0.0058287937270488305 0.051801583258536905 0.026270540864076618 0.0041942579653136127 0.10305533318778354 0.0054940271914513056 0.0060198250442060801 0.0058575056396063009 0.3723662752241676 0.0023009520426909109 0.18262653462411307 0.0022312207297955906 0.0065970600156578423 0.0057880856853291009 0.042189230930952795 0.0038402165569996431 0.0031079167570494683
decision_type=2 2 2 2 2 2 2 2 2 2 2 2 2 2 2 2 2 2 2 2 2 2 2 2 2 2 2 2 2 2 2 2 2 2 2 2 2 2 2 2 2 2 2 2 2 2 2 2 2 2 2 2 2 2 2 2 2 2 2 2 2 2
left_child=1 3 13 -1 5 6 -2 15 -9 10 11 -8 -12 -3 -10 16 17 20 19 -19 21 -7 -21 35 25 45 27 -27 46 -30 31 32 -28 41 -29 39 -37 -38 -39 -17 -36 42 44 -43 -33 55 47 -26 -32 -50 -22 52 -52 -54 -41 -25 -35 58 59 -58 61 -61
right_child=4 2 -4 -5 -6 7 9 8 14 -11 12 -13 -14 -15 -16 23 -18 18 -20 22 50 -23 -24 24 28 26 30 34 29 -31 48 33 -34 56 40 36 37 38 -40 54 -42 43 -44 -45 -46 -47 -48 -49 49 -51 51 -53 53 -55 -56 -57 57 -59 -60 60 -62 -63
leaf_value=-8.9385252095615798e-05 0.0002177269666950471 0.00029880807871570883 1.712825909101835e-05 0.00011035173753327066 -0.0001671526843371099 9.3197574644604317e-05 -0.0001724476161892363 0.00018270190638738654 -0.0003722937581591315 0.00023870133001747067 4.5382925995556187e-05 0.00018261527271428403 -0.0002101981463246752 0 0 0.00032540187216769273 3.9785443077680177e-05 0.00011562819138310119 0.00013917033700036981 -6.1578273557528801e-05 0.00010227006529040884 -0.00015645652355765596 -0.00037413849891431035 -0.00013061613253503474 -0.00020689703109761287 -0.00010522037005890503 -0.00033410331943433991 -2.8995623827880309e-05 1.2338741911398767e-05 -5.2815888966698053e-05 -3.9903564919692926e-06 1.9446531459808714e-05 2.8272262908969429e-05 -0.0001879046554180041 0 1.9516732403123844e-05 -0.00034949313515149377 -2.001313168051177e-05 -0.00013647495040724721 -0.00023349747487789026 0.00047718127818342825 0.00031128950153793219 -0.00021692428816920937 4.2066181539356627e-05 0.00030531797424097071 0.00020815394963007272 -0.00038503160096728167 0.00018955961146482415 0 -0.00047802101115159909 -3.2022365241872783e-05 -3.6457546106472896e-06 -0.00053051103294012632 -0.00010301197344704408 -8.3989390567749568e-06 9.7932481199878674e-05 -0.00013994778034995091 -2.2769893417050818e-05 0.00036766933507403768 0.00011792439729976391 1.806737402828006e-05 0.00049405414777905197
leaf_weight=221 111 152 242 195 99 37 37 22 50 41 63 131 87 23 23 20 2517 111 257 163 130 185 26 33 48 367 46 50 2160 1087 131 70 775 28 22 383 39 401 372 34 26 135 27 67 43 164 32 21 29 23 215 2099 23 83 12689 264 30 155 26 90 134 20
leaf_count=221 111 152 242 195 99 37 37 22 50 41 63 131 87 23 23 20 2517 111 257 163 130 185 26 33 48 367 46 50 2160 1087 131 70 775 28 22 383 39 401 372 34 26 135 27 67 43 164 32 21 29 23 215 2099 23 83 12689 264 30 155 26 90 134 20
internal_value=3.22228e-07 6.27817e-05 0.000121162 1.84221e-06 -1.59991e-06 -9.41879e-07 7.89163e-05 -2.42525e-06 -0.000151528 3.31637e-05 3.45319e-06 9.8412e-05 -9.62332e-05 0.000259224 -0.000266047 -1.83887e-06 1.34123e-05 -6.22826e-06 4.99346e-05 -2.31994e-05 -1.78756e-05 -0.000110322 -0.000110039 -6.33759e-06 7.69809e-06 3.52281e-05 1.75922e-05 -5.73874e-05 -1.46575e-05 -9.1661e-06 3.72037e-05 5.01692e-05 6.71254e-06 9.21972e-05 0.000111473 -1.25551e-05 -5.52238e-05 -9.17064e-05 -7.73633e-05 -8.47491e-06 0.000278341 0.000162296 6.16971e-05 0.000227006 0.000137245 0.000120795 -0.000181123 -7.16648e-05 -7.39179e-05 -0.000230542 -9.43123e-06 -1.58489e-05 -9.25042e-05 -0.000205609 -9.0809e-06 6.91369e-05 4.04685e-05 5.67577e-05 0.000101173 7.21119e-05 0.000102328 0.000195781
internal_weight=27384 833 417 416 26551 26452 470 25982 95 359 318 168 150 175 73 25887 5846 3329 557 300 2772 222 189 20041 6103 2755 2294 465 3348 3247 1829 1646 821 825 98 13938 1195 812 773 12743 48 342 140 202 113 461 101 69 183 52 2550 2420 321 106 12723 297 483 455 300 274 244 110
internal_count=27384 833 417 416 26551 26452 470 25982 95 359 318 168 150 175 73 25887 5846 3329 557 300 2772 222 189 20041 6103 2755 2294 465 3348 3247 1829 1646 821 825 98 13938 1195 812 773 12743 48 342 140 202 113 461 101 69 183 52 2550 2420 321 106 12723 297 483 455 300 274 244 110
is_linear=0
shrinkage=0.01


Tree=60
num_leaves=63
num_cat=0
split_feature=5 2 3 5 2 8 4 1 7 2 5 2 4 4 4 2 3 7 7 8 2 8 3 4 4 5 3 2 8 8 4 3 2 3 1 8 5 1 4 2 8 5 8 3 3 7 1 8 1 2 5 2 5 2 5 3 3 7 7 3 8 4
split_gain=0.0256005 0.0687215 0.0547313 0.0484735 0.0331848 0.0382122 0.0355589 0.0437836 0.0286231 0.0295357 0.0431698 0.0791592 0.0355607 0.0296044 0.0533986 0.028285 0.0233593 0.0300804 0.0283936 0.0226367 0.0224817 0.0295314 0.0283379 0.0222811 0.0221375 0.0215978 0.0213111 0.0233959 0.0207091 0.0202164 0.0235676 0.0198683 0.0200093 0.0195761 0.0186164 0.0466996 0.0184387 0.0181549 0.0164075 0.0255457 0.0158373 0.0157672 0.0346779 0.0450947 0.0379235 0.0341102 0.0264812 0.02544 0.0397225 0.0383136 0.0223356 0.0198045 0.0501726 0.0177931 0.0159854 0.0159673 0.0157761 0.0541906 0.0653225 0.0380721 0.0323454 0.0229943
threshold=0.46050192258969141 0.6947609417941788 0.0046206555882738207 0.66819914462362762 0.47921376805243387 0.10477745130046796 0.0040923892654326508 0.57806872831825062 0.35475666975560211 0.37622410376197718 0.31023880564541045 0.20637945968577293 0.0044822325689462244 0.0096817886465852144 0.0091115989219467102 0.3581228516130272 0.0059577312344574205 0.54878598612642071 0.37329548367967436 0.021786919142452937 0.55140670205960785 0.014228969419958645 0.0053883388684257561 0.0014564444072302995 0.0053824872773388646 0.27520849325500935 0.0014847688311104461 0.68178694778960292 0.017482859941234091 0.013206007182500817 0.016025939231519282 0.0078806490912922134 0.60218945098566634 0.003153751415996425 0.73633499680457171 0.0036402220045706831 0.27392677401378313 0.4984480778887595 0.018532347762965005 0.33290032155712407 0.0033191859832408278 0.32134874042896805 0.0718739797584068 0.0046206555882738207 0.0057689239404616803 0.51916957575724965 0.60019740460900262 0.024186527369681139 0.47148019686670584 0.71444306746764863 0.34353855092935337 0.59887674330795659 0.42780136879592773 0.75112325125540791 0.37032018249502213 0.0065152808911643689 0.0060293615748640925 0.4085167430629188 0.42894234027303563 0.0058575056396063009 0.04350854282294047 0.0052757256079578665
decision_type=2 2 2 2 2 2 2 2 2 2 2 2 2 2 2 2 2 2 2 2 2 2 2 2 2 2 2 2 2 2 2 2 2 2 2 2 2 2 2 2 2 2 2 2 2 2 2 2 2 2 2 2 2 2 2 2 2 2 2 2 2 2
left_child=4 2 3 23 5 8 7 -7 40 10 13 -12 -13 14 15 19 18 -18 -14 34 21 -4 -23 -2 -24 33 27 36 -25 38 -31 -22 -33 -21 -10 -36 -6 -38 39 -15 -1 56 43 46 50 47 51 48 -46 55 -45 52 -43 -50 -52 -49 57 60 -59 -60 -28 -58
right_child=1 -3 20 -5 26 6 -8 -9 9 -11 11 12 16 29 -16 -17 17 -19 -20 25 31 22 24 28 -26 -27 41 -29 -30 30 -32 32 -34 -35 35 -37 37 -39 -40 -41 -42 42 -44 44 45 -47 -48 49 53 -51 54 -53 -54 -55 -56 -57 61 58 59 -61 -62 -63
leaf_value=7.5340608432423971e-05 2.8156791328818187e-05 -0.00029948541645062366 -3.2383425591042989e-05 -0.00012064696160044884 0 -0.00021572600865269489 -0.00045582015233254307 0.00031062396737565923 -4.0694274201128105e-05 -2.1793456658575171e-05 0.00038986820419906312 0.000159976628790897 4.233726879762964e-05 0.00019204901096725639 -0.00032809305441893654 6.0749697375169436e-05 5.1922224993331571e-05 -0.00025514354474921329 -0.00029211285444267668 -0.00019691596665676286 4.0100959180446596e-05 -0.00015615368304002414 0.00031438855492951957 8.1648979307612449e-05 9.4736868108249059e-05 0.00023244818587432839 1.0962220770261621e-05 -0.0001204142111935126 0.00036562797618368547 -0.00018628014536248641 9.2468372748092185e-06 -2.1928586817500985e-05 -0.0003139401245896129 4.8122736380252407e-05 0 -0.00061346554081534855 0.00014261494272960526 0.0005238700100003074 2.5885908180356426e-05 1.0365681397181295e-05 -6.9951490431256609e-05 4.9806068296437255e-05 -0.00025115787033514684 0 3.9153415106863145e-05 -0.00014893733624243337 0.00032802812794373851 0.0002923348272369371 -8.4732123363770277e-05 0.00032537352176420677 -0.00050341539103463588 -4.4881607864941229e-05 0.00054671948690632069 -0.00036389106304593564 -0.00017659749956063352 2.738065703583822e-06 -0.00027457764583457378 0.0007544826690005648 4.2779540461924019e-05 0.00048506281081915446 0.00015847607319269846 6.2923482960114711e-06
leaf_weight=74 46 53 220 38 22 56 37 21 1618 6050 73 204 40 187 57 381 542 33 53 39 81 32 65 44 253 52 2301 22 134 77 269 62 48 191 28 20 45 26 704 153 1079 178 63 54 361 169 42 21 298 52 25 117 24 28 92 281 29 20 119 25 161 9543
leaf_count=74 46 53 220 38 22 56 37 21 1618 6050 73 204 40 187 57 381 542 33 53 39 81 32 65 44 253 52 2301 22 134 77 269 62 48 191 28 20 45 26 704 153 1079 178 63 54 361 169 42 21 298 52 25 117 24 28 92 281 29 20 119 25 161 9543
internal_value=4.35932e-08 4.78808e-05 6.68822e-05 0.000192037 -1.88627e-06 -1.41156e-05 -0.000196836 -5.89891e-05 -1.22832e-05 -7.10825e-06 1.14992e-05 7.19912e-05 4.41917e-05 -3.3765e-06 -2.49871e-05 -1.71258e-05 7.31675e-06 3.25192e-05 -0.000137631 -3.28727e-05 2.24601e-05 5.49105e-05 0.000112631 0.000249574 0.000142863 4.82361e-05 8.47049e-06 0.00014445 0.000301131 3.29989e-05 -3.14183e-05 -6.91266e-05 -0.000158604 2.15924e-06 -4.72041e-05 -0.000245309 0.00021791 0.000296835 5.53066e-05 0.000113259 -5.97536e-05 7.28132e-06 -2.01031e-05 -1.1159e-05 -3.76807e-05 -1.70573e-05 8.75125e-05 3.40429e-06 -3.10663e-05 7.31146e-05 -0.000177673 5.26191e-05 0.000114035 -0.00011188 -0.00025534 2.62759e-05 1.14156e-05 3.32017e-05 0.000209843 0.000126788 2.10209e-05 5.33408e-06
internal_weight=27232 1076 1023 262 26156 12038 114 77 11924 10771 4721 945 872 3776 2386 2329 668 575 93 1948 761 570 350 224 318 282 14118 115 178 1390 346 191 110 230 1666 48 93 71 1044 340 1153 14003 1805 1742 1381 1210 361 1041 687 354 171 319 202 326 117 302 12198 2626 164 144 2462 9572
internal_count=27232 1076 1023 262 26156 12038 114 77 11924 10771 4721 945 872 3776 2386 2329 668 575 93 1948 761 570 350 224 318 282 14118 115 178 1390 346 191 110 230 1666 48 93 71 1044 340 1153 14003 1805 1742 1381 1210 361 1041 687 354 171 319 202 326 117 302 12198 2626 164 144 2462 9572
is_linear=0
shrinkage=0.01


Tree=61
num_leaves=63
num_cat=0
split_feature=5 2 3 5 0 6 2 7 0 5 6 0 6 2 3 5 3 2 1 2 1 2 3 3 5 3 7 6 1 6 7 6 3 5 3 6 5 3 5 2 6 6 1 0 5 3 6 7 2 7 3 3 7 1 5 0 3 6 3 7 6 7
split_gain=0.0250784 0.0673656 0.0536722 0.047571 0.0393174 0.0478589 0.0325244 0.0309071 0.0335827 0.0310016 0.0247036 0.0341166 0.0410955 0.0239873 0.0224902 0.0242934 0.0208639 0.0229632 0.0189532 0.0208063 0.0181959 0.0194878 0.0204633 0.031805 0.0248922 0.0320763 0.0239003 0.0229814 0.0215482 0.0214741 0.0206091 0.0186352 0.0265699 0.0233519 0.021387 0.023613 0.0195772 0.0184096 0.0181237 0.0179631 0.0177728 0.034378 0.0177368 0.0171694 0.0169827 0.0247416 0.0355927 0.016662 0.0159199 0.0158786 0.0259349 0.0286516 0.0187179 0.0184657 0.0154555 0.0464229 0.0209056 0.0286501 0.0277525 0.0384436 0.0233897 0.0277691
threshold=0.46050192258969141 0.6947609417941788 0.0046206555882738207 0.66819914462362762 0.49361113533587769 0.14735907947828483 0.47921376805243387 0.36368778231480636 0.2750579606271748 0.29306884770917768 0.020767128383022426 0.45188886946939216 0.066186756584107595 0.19302606014084989 0.018642664988654547 0.39364916346787271 0.0014847688311104461 0.68178694778960292 0.57199083782404669 0.35579222824662066 0.73633499680457171 0.37622410376197718 0.016443287561577986 0.015841561036648803 0.31023880564541045 0.0040553798070059139 0.54878598612642071 0.039021500942030746 0.34820930219946283 0.08688717463551901 0.37166988004218565 0.038526227267949124 0.010825319063083767 0.29127786431035491 0.003153751415996425 0.022837170188163568 0.27520849325500935 0.0037803782797879533 0.27392677401378313 0.50683350530689508 0.002844285956868739 0.0092444347411234848 0.4984480778887595 0.35212560457781217 0.35097530697808249 0.0069834349859553661 0.041617139299258511 0.38738521629295719 0.30322293536857564 0.32605482342521541 0.0078025061218203878 0.0087522560804850075 0.4731025896295849 0.5059508465700745 0.32134874042896805 0.42205083221999273 0.0046206555882738207 0.092925470408914135 0.0097912290929691292 0.3724508077209594 0.040511365014676282 0.45222293381244999
decision_type=2 2 2 2 2 2 2 2 2 2 2 2 2 2 2 2 2 2 2 2 2 2 2 2 2 2 2 2 2 2 2 2 2 2 2 2 2 2 2 2 2 2 2 2 2 2 2 2 2 2 2 2 2 2 2 2 2 2 2 2 2 2
left_child=6 2 3 4 5 -2 7 14 9 -9 -4 49 39 -11 15 18 17 38 -1 43 21 22 23 24 29 30 28 -28 -27 31 -26 33 36 34 35 -10 -33 -36 -8 -13 -22 -42 -40 -20 -23 46 -46 -25 -30 -12 52 -52 -51 -53 -18 -56 57 -57 59 -58 -60 -62
right_child=1 -3 10 -5 -6 -7 16 8 20 13 11 12 -14 -15 -16 -17 54 -19 19 -21 40 44 -24 47 25 26 27 -29 48 -31 -32 32 -34 -35 37 -37 -38 -39 42 -41 41 -43 -44 -45 45 -47 -48 -49 -50 50 51 53 -54 -55 55 56 58 -59 60 -61 61 -63
leaf_value=-9.266399721556211e-05 0.00045000542487731352 -0.00029649620111178861 -5.5046946759747614e-05 -0.00011944365732890023 6.1221526103486245e-05 0 0 -0.00015840096934382461 8.2409850631434976e-06 0.00041126397929821336 -4.0700718836939788e-05 0.00024371731609415154 -0.00018877165053423923 7.4362710433084056e-05 6.0593748566993318e-05 7.100619571000089e-05 1.1304864966255663e-05 -0.00011921551581092887 4.7510503091903759e-05 0.00018302966268171939 -1.1849287453955027e-05 -1.4410353122627257e-05 4.269165854043578e-05 0 0.00047484495385394183 -0.00016039165106438328 -0.00044325158162162969 0 0.000144577931195179 -0.00033458092436966839 9.7165775790141623e-05 5.0285164382874382e-05 -0.00024757952838124733 -0.00014432656554376781 0.00014369908456718036 -0.00033965450169976322 0.00029187674414674942 -1.2433419576175996e-05 0.00014119195550506698 0 -0.00049313577892958025 0 0.00051865137535436398 -0.00020935116770789196 -4.0064258517823564e-05 -0.00012879040861204138 0.00034094577525109319 -0.0003425146204987961 1.9403472485750205e-05 0.00036317077819688178 -0.00011372129265702655 5.7580821035850446e-05 0 0.00037334080965235666 6.9827924341802868e-05 6.296388742754257e-05 1.9753792969867275e-05 -0.00019540889004032554 -5.0043228977376551e-05 -0.00016706631266934555 0.0002191288158080006 -0.00015257464075234964
leaf_weight=1195 109 53 259 38 84 31 22 22 27 45 35 46 93 57 144 110 12198 22 53 54 71 5272 1214 25 28 43 20 22 175 21 49 175 22 146 78 41 47 1905 45 79 30 23 26 44 186 327 28 42 297 80 49 65 22 33 430 271 137 50 398 419 76 24
leaf_count=1195 109 53 259 38 84 31 22 22 27 45 35 46 93 57 144 110 12198 22 53 54 71 5272 1214 25 28 43 20 22 175 21 49 175 22 146 78 41 47 1905 45 79 30 23 26 44 186 327 28 42 297 80 49 65 22 33 430 271 137 50 398 419 76 24
internal_value=4.54631e-08 4.73927e-05 6.62137e-05 0.000190156 0.000247169 0.000351477 -1.86424e-06 -1.39716e-05 -7.58663e-06 0.000155467 2.22091e-05 6.4063e-05 -2.62236e-05 0.000233047 -5.49972e-05 -6.71195e-05 8.38852e-06 0.000142939 -7.91549e-05 2.11272e-05 -9.64539e-06 -8.07486e-06 7.69732e-06 -5.41874e-06 -4.26634e-07 5.51089e-05 2.6621e-05 -0.000198027 4.6918e-05 -1.51356e-05 0.000247912 -1.19642e-05 6.99747e-05 -2.15223e-05 -1.22863e-05 -0.000187026 0.000106044 -5.78085e-06 0.000215757 8.67728e-05 -0.000130539 -0.000270384 0.000294016 -5.8801e-05 -2.01227e-05 -7.39285e-05 5.25277e-06 -0.000220851 6.79525e-05 0.000136872 0.000165853 7.15321e-05 0.000291788 0.000174374 7.21109e-06 -1.98993e-05 -4.86898e-05 1.95563e-05 -7.04229e-05 -0.00011924 -1.38999e-05 0.000119867
internal_weight=27232 1076 1023 262 224 140 26156 12038 10438 124 761 502 218 102 1600 1456 14118 115 1346 151 10314 10190 4377 3163 3096 634 557 42 515 2462 77 2441 244 2197 2051 68 222 1983 93 125 124 53 71 97 5813 541 214 67 472 284 249 147 102 98 14003 1805 1375 321 1054 556 498 100
internal_count=27232 1076 1023 262 224 140 26156 12038 10438 124 761 502 218 102 1600 1456 14118 115 1346 151 10314 10190 4377 3163 3096 634 557 42 515 2462 77 2441 244 2197 2051 68 222 1983 93 125 124 53 71 97 5813 541 214 67 472 284 249 147 102 98 14003 1805 1375 321 1054 556 498 100
is_linear=0
shrinkage=0.01


Tree=62
num_leaves=63
num_cat=0
split_feature=5 2 6 0 2 5 6 2 0 4 4 5 2 7 4 4 6 7 4 2 5 0 4 6 6 7 5 4 7 7 4 7 4 4 1 6 1 2 4 5 4 1 4 6 4 5 5 4 7 4 6 7 0 6 4 5 1 4 7 7 7 7
split_gain=0.024574 0.0660385 0.0404917 0.0464475 0.0318742 0.0308487 0.0305262 0.0781304 0.0381774 0.0372922 0.0302551 0.0294023 0.0423317 0.0247447 0.0295095 0.0238444 0.0394326 0.0204072 0.0332525 0.0254011 0.0224945 0.0361378 0.0206973 0.0203959 0.0203347 0.020326 0.0410969 0.0241531 0.0563076 0.0542675 0.0316657 0.0270507 0.0212343 0.0248937 0.0202342 0.02157 0.0171469 0.0193641 0.0186023 0.0212364 0.0238378 0.0209682 0.0188356 0.0176043 0.0296917 0.0183058 0.0172169 0.026114 0.0423218 0.017144 0.0180695 0.022778 0.0168896 0.0165891 0.0196093 0.0266654 0.0295305 0.02172 0.0270556 0.0228852 0.0432113 0.041809
threshold=0.46050192258969141 0.6947609417941788 0.02052454535898245 0.45188886946939216 0.47921376805243387 0.60494817948310009 0.14735907947828483 0.2817817502026646 0.2750579606271748 0.0033182212079110591 0.0055065656479526565 0.29306884770917768 0.19302606014084989 0.35475666975560211 0.0018591303251098358 0.0037477134111066441 0.066186756584107595 0.31884729308642179 0.007014811803807028 0.56999367278111446 0.32134874042896805 0.42205083221999273 0.012238092194965041 0.2360332823908983 0.064136930030969777 0.37208576306254615 0.24909752360864282 0.0054141014965058227 0.4085167430629188 0.42894234027303563 0.0052306697687987203 0.37235959856362683 0.0057523702771070965 0.0083920516213576764 0.55545563412331445 0.08688717463551901 0.73633499680457171 0.37622410376197718 0.016025939231519282 0.34843975740138844 0.0034646109117880855 0.35394618132719263 0.0031079167570494683 0.041051112243165232 0.0082805955864671526 0.27520849325500935 0.35097530697808249 0.0063147581652056211 0.41333428576270359 0.0087027026672000882 0.10305533318778354 0.4262995346469714 0.49215726340560123 0.08688717463551901 0.0041942579653136127 0.41044339253338707 0.62931384834834081 0.0064989989671056913 0.37255666510253488 0.44671934511796657 0.39794404670202937 0.39052113184244813
decision_type=2 2 2 2 2 2 2 2 2 2 2 2 2 2 2 2 2 2 2 2 2 2 2 2 2 2 2 2 2 2 2 2 2 2 2 2 2 2 2 2 2 2 2 2 2 2 2 2 2 2 2 2 2 2 2 2 2 2 2 2 2 2
left_child=4 2 -2 10 6 15 8 -8 9 -1 23 -11 -13 -10 -15 -5 -17 18 19 -6 24 -22 -20 34 25 26 -19 28 31 -30 -31 -27 -28 -34 35 -4 37 38 39 42 -41 -42 -16 -44 45 -45 -39 48 -48 50 51 -26 -21 54 55 56 -23 58 -56 60 61 -59
right_child=1 -3 3 5 17 -7 7 -9 13 11 -12 12 -14 14 36 16 -18 20 22 52 21 53 -24 -25 49 27 32 -29 29 30 -32 -33 33 -35 -36 -37 -38 46 -40 40 41 -43 43 44 -46 -47 47 -49 -50 -51 -52 -53 -54 -55 57 -57 -58 59 -60 -61 -62 -63
leaf_value=-0.00023219218408105087 -3.0897214405442245e-05 -0.00029353682197033642 0.00014914613858102508 0.00019387171503016876 0.00020654886547149498 -0.00017834641040824411 -0.000541173218183167 -4.9448102552659922e-06 -5.9316786995295388e-05 -9.6561430701853535e-05 8.9325465359141063e-05 0.00050718473725547535 8.5204736333997362e-05 0.00032535615644749559 -0.0001355532576807579 9.8763454675055679e-05 -0.00022546765880030451 0 -0.00031787676805588401 -5.7114714799881221e-05 5.4245245527104575e-05 -7.2698510057700937e-05 4.7095763815913176e-05 0 0.00019012789671832273 0.0002955561272862301 -0.00023067191503989219 6.5526384614211103e-06 0.00074686290184267567 9.6605989742668791e-06 0.00040095229690506655 2.1951409724400858e-05 0.00014920262222737981 -0.0001778271880297905 0.00058525428227132947 0.00046075171414676984 -0.00012721486756470885 -1.4893995630109171e-05 4.1029742162162844e-05 0.00028121152091611321 -0.00017526028793687893 6.03338394975846e-05 -1.7129019996161162e-05 5.2558608821393257e-05 -0.00019897616781712135 0.00027649515038299097 -5.6821281951018384e-05 -0.00013094500469736174 0.00029026999358161245 -9.7665351200667724e-06 -1.3636677048159908e-05 -7.7947496454878269e-05 0.00013093768164249478 -0.00020237079290759947 9.7738026755334837e-05 0.00022372728758230609 0.00029932053838914484 -1.0100759073813496e-05 -0.00018818402854535476 -0.00012997569105356957 0.00017336137587600035 -0.00033993844386895534
leaf_weight=20 294 53 91 93 166 64 39 102 1105 21 212 48 61 26 125 117 55 861 31 95 395 164 23 29 229 38 138 9092 20 67 34 1228 41 51 29 39 125 5425 1176 45 41 333 2549 148 32 57 187 330 43 143 71 31 89 75 34 57 24 361 219 185 112 44
leaf_count=20 294 53 91 93 166 64 39 102 1105 21 212 48 61 26 125 117 55 861 31 95 395 164 23 29 229 38 138 9092 20 67 34 1228 41 51 29 39 125 5425 1176 45 41 333 2549 148 32 57 187 330 43 143 71 31 89 75 34 57 24 361 219 185 112 44
internal_value=4.55034e-08 4.69145e-05 6.55571e-05 0.000105827 -1.84452e-06 1.44618e-05 -1.38305e-05 -0.000160629 -1.20053e-05 0.000145883 0.000178453 0.000211869 0.000280491 -1.41078e-05 -9.31909e-06 6.48487e-05 0 8.30479e-06 7.85564e-05 0.000115803 6.16177e-06 -2.80634e-05 -0.000144142 0.000273541 1.09906e-05 8.2631e-06 -3.25581e-05 1.26088e-05 5.15838e-05 0.000258734 0.00015154 3.09764e-05 -0.000151284 -2.12241e-05 0.00031825 0.000250597 -1.0236e-05 -8.74569e-06 6.74532e-06 -5.06291e-06 6.10275e-05 3.17936e-05 -1.4921e-05 -9.14501e-06 7.24786e-05 0.000119804 -2.05756e-05 -7.38182e-05 3.82171e-06 7.54418e-05 0.000115266 0.000154303 2.84353e-05 -5.43495e-05 -4.42488e-05 3.28789e-05 -1.97565e-05 -6.50839e-05 -0.000145785 -3.45583e-05 0 -4.84786e-05
internal_weight=27232 1076 1023 729 26156 329 12038 141 11897 150 400 130 109 11747 10642 265 172 14118 404 350 13714 1670 54 188 12044 11570 1091 10479 1387 121 101 1266 230 92 159 130 10616 10491 4506 3330 419 374 2911 2786 237 205 5985 560 230 474 331 260 184 1275 1200 245 188 955 253 702 517 405
internal_count=27232 1076 1023 729 26156 329 12038 141 11897 150 400 130 109 11747 10642 265 172 14118 404 350 13714 1670 54 188 12044 11570 1091 10479 1387 121 101 1266 230 92 159 130 10616 10491 4506 3330 419 374 2911 2786 237 205 5985 560 230 474 331 260 184 1275 1200 245 188 955 253 702 517 405
is_linear=0
shrinkage=0.01


Tree=63
num_leaves=63
num_cat=0
split_feature=5 0 8 4 6 8 7 4 1 5 7 8 1 0 4 5 1 0 7 1 4 8 7 4 5 5 8 7 6 5 4 7 6 6 4 7 4 4 5 1 5 4 5 7 8 7 7 4 7 4 5 8 4 8 8 5 7 7 7 7 8 5
split_gain=0.0241028 0.0535051 0.0658005 0.051808 0.0405676 0.02919 0.0305061 0.0271354 0.0268206 0.0250154 0.0362291 0.0240279 0.0234747 0.0222347 0.0532012 0.0265485 0.0228859 0.0185267 0.0171316 0.0166904 0.029948 0.0213233 0.0204199 0.0341041 0.0328894 0.0259414 0.0220554 0.0398523 0.0246457 0.0433834 0.0439965 0.0236707 0.0228057 0.0302238 0.0383381 0.0209784 0.0233045 0.0210098 0.0199257 0.0336676 0.0277928 0.0198507 0.0186595 0.0172676 0.0257292 0.0171818 0.0164336 0.0271244 0.0164179 0.016271 0.0161873 0.02362 0.0174435 0.0249196 0.0160734 0.0160141 0.0160128 0.0206785 0.0159277 0.0152744 0.0272267 0.0153562
threshold=0.46050192258969141 0.49649794088028099 0.014228969419958645 0.0054799152774254491 0.14735907947828483 0.17631951246055069 0.35475666975560211 0.0019814796457181603 0.62591977859978298 0.56686228788935888 0.45222293381244999 0.053019915115899451 0.56494681979966532 0.2750579606271748 0.0031870133343321599 0.29306884770917768 0.76078795705142721 0.37091830660337777 0.3853778920949934 0.57806872831825062 0.0014564444072302995 0.12741321144847101 0.51213844923503637 0.0054799152774254491 0.3177997906358353 0.24909752360864282 0.044814452062248343 0.35475666975560211 0.024745489977278063 0.40197817760556709 0.0026706568164350988 0.45222293381244999 0.047513928308630306 0.058830426380095259 0.0059698140394744909 0.29812747837101033 0.0059698140394744909 0.010954337252564492 0.26559825810365795 0.34505828728845434 0.35097530697808249 0.0066843786596255395 0.40197817760556709 0.72625777244508283 0.046278158667972573 0.26922892271638083 0.39957604697422139 0.0045856561472402647 0.3724701405801632 0.0027700920988595625 0.21822877097103607 0.014413973228860592 0.0055065656479526565 0.0088638589618021575 0.025383610839046684 0.31370766290466306 0.37176207361667707 0.37225067612792262 0.372424497407083 0.38483050077253111 0.0015725323756665545 0.16830455043597672
decision_type=2 2 2 2 2 2 2 2 2 2 2 2 2 2 2 2 2 2 2 2 2 2 2 2 2 2 2 2 2 2 2 2 2 2 2 2 2 2 2 2 2 2 2 2 2 2 2 2 2 2 2 2 2 2 2 2 2 2 2 2 2 2
left_child=5 2 56 4 7 13 -7 -4 18 10 12 54 17 14 -1 -16 19 -5 -3 21 -21 22 26 43 25 -25 27 28 35 30 -30 38 45 -34 -35 36 -15 -38 -28 -40 -41 -26 -43 44 -24 -32 59 -48 -10 -31 -37 52 -52 -54 -9 -53 -2 -58 -59 -22 -61 -62
right_child=1 8 3 9 -6 6 -8 11 48 -11 -12 -13 -14 16 15 -17 -18 -19 -20 20 46 -23 23 24 41 -27 31 -29 29 49 32 -33 33 34 -36 50 37 -39 39 40 -42 42 -44 -45 -46 -47 47 -49 -50 -51 51 55 53 -55 -56 -57 57 58 -60 60 61 -63
leaf_value=-0.00034259927176420957 -0.00027620878400822798 3.9802204905607607e-05 0.00060337575482735998 0.00046027968514977433 1.0042287969567051e-05 7.1144700756570149e-06 -0.00044685206649843542 0.00017666876945703145 -0.0005140334842564417 -8.7834874994457125e-05 -0.00010114863103862671 2.0011504742857592e-05 -6.4999967238944556e-05 0.00016693308783328301 -9.5600384371399299e-05 0.00026122414563660125 -0.00011144315704320526 0.00015149019339710432 -0.00011675914696760277 0.00034120018129905888 1.7208242844459963e-05 -0.00021073705593087783 0.00039126990430223268 -5.6053206673334337e-05 -5.0717871039542866e-06 4.3892010891240823e-05 1.7168757830245188e-05 7.1293011263903136e-07 -4.7491190082921979e-06 -5.1502525953342276e-05 0 -0.00019275731230129531 -0.0006038240932108584 8.9019159947671165e-05 -0.00042907543054740248 2.491357484579982e-06 -0.00018314579593847451 6.5575756870321525e-05 -0.00017999452414512156 0.0002398035515841544 3.9462501764896433e-05 -0.00025851553138487242 0 1.3296451154072721e-05 0 -0.00021042670970667081 0.00043055943738651504 5.3387696264511801e-05 -4.2703705515471552e-05 0.00023616911589997966 -0.00023966957549082237 -2.4753137615186219e-05 -0.00014151016140581229 0.00011128308093026578 0.00045656546573235804 0.00028977621228716495 0.00025506264986862855 -0.00031196451403052357 -7.8584257844310792e-06 9.9174903839706078e-05 1.0764802223348761e-05 -0.00014008791021094229
leaf_weight=20 25 164 36 39 57 21 30 54 20 78 47 39 20 108 21 111 190 70 116 29 2353 50 38 1014 76 338 496 18428 158 27 60 37 35 23 29 275 54 85 31 170 140 151 33 116 22 149 21 420 20 44 109 44 138 50 63 22 26 20 182 88 80 222
leaf_count=20 25 164 36 39 57 21 30 54 20 78 47 39 20 108 21 111 190 70 116 29 2353 50 38 1014 76 338 496 18428 158 27 60 37 35 23 29 275 54 85 31 170 140 151 33 116 22 149 21 420 20 44 109 44 138 50 63 22 26 20 182 88 80 222
internal_value=4.51683e-08 4.6463e-05 9.28627e-05 0.000159393 0.000262966 -1.8263e-06 -0.000240707 0.000332803 -6.00269e-05 5.38603e-05 0.00012235 0.00026361 0.000211541 -1.32038e-06 0.000119123 0.000196857 -2.06477e-06 0.000271461 -2.15073e-05 -1.21887e-06 2.00494e-05 -4.29367e-06 -3.78952e-06 -3.62276e-05 -5.10635e-05 -3.03259e-05 -9.40807e-07 -3.15422e-06 -5.44015e-05 -0.000109145 -0.000146072 4.81496e-05 -0.000218104 -0.000363077 -0.000180993 -2.07882e-05 5.55151e-05 -2.3923e-05 6.00154e-05 0.000119383 0.000152594 -0.000155001 -0.00021146 9.39287e-05 0.000232897 -0.000152829 1.67996e-05 7.37089e-05 -0.000304 0.00011279 -5.19e-05 -9.5849e-05 -0.000135023 -6.89382e-05 0.000336183 6.52412e-05 -3.5469e-05 -4.57857e-06 -4.30554e-05 7.28328e-06 -5.0023e-05 -9.68264e-05
internal_weight=27232 1076 756 503 249 26156 51 192 320 254 176 156 129 26105 152 132 25953 109 280 25763 3213 22550 22500 1788 1612 1352 20712 19838 1410 525 454 874 296 87 52 885 247 139 837 341 310 260 184 176 60 209 3184 441 40 71 638 363 297 188 117 66 253 228 202 2743 390 302
internal_count=27232 1076 756 503 249 26156 51 192 320 254 176 156 129 26105 152 132 25953 109 280 25763 3213 22550 22500 1788 1612 1352 20712 19838 1410 525 454 874 296 87 52 885 247 139 837 341 310 260 184 176 60 209 3184 441 40 71 638 363 297 188 117 66 253 228 202 2743 390 302
is_linear=0
shrinkage=0.01


Tree=64
num_leaves=63
num_cat=0
split_feature=5 2 3 5 2 6 2 2 5 7 7 7 6 6 2 3 3 1 4 7 4 2 5 4 6 7 5 4 7 7 4 7 4 4 2 2 5 2 6 7 3 5 3 1 4 3 3 6 3 7 3 3 3 5 2 6 7 3 3 6 7 3
split_gain=0.023614 0.0643028 0.0511222 0.0460757 0.031105 0.0295583 0.0760779 0.0289335 0.0907972 0.0361856 0.0309736 0.0257873 0.0243082 0.0235946 0.0304554 0.0281571 0.0219988 0.0212914 0.0204911 0.0199232 0.0323276 0.0249471 0.021902 0.0201438 0.0197043 0.019903 0.0401649 0.0236383 0.0550724 0.0530532 0.0309214 0.0264981 0.0207998 0.0243774 0.0195907 0.0178937 0.024723 0.0456686 0.0271825 0.0383331 0.036294 0.0346648 0.027168 0.0276447 0.0239274 0.0207974 0.0167969 0.0200144 0.0166929 0.0165589 0.0208745 0.0164856 0.0341504 0.0268972 0.0472374 0.024842 0.0252087 0.0386723 0.0242343 0.022165 0.0218567 0.0200948
threshold=0.46050192258969141 0.6947609417941788 0.0046206555882738207 0.66819914462362762 0.47921376805243387 0.14735907947828483 0.2817817502026646 0.17740072495164033 0.33405044714648474 0.37365638298650711 0.37228118475253047 0.34905194532104322 0.14735907947828483 0.020767128383022426 0.55140670205960785 0.0053883388684257561 0.0041199341412969529 0.52011295682073277 0.0053824872773388646 0.31884729308642179 0.007014811803807028 0.56999367278111446 0.32134874042896805 0.012238092194965041 0.064136930030969777 0.37208576306254615 0.24909752360864282 0.0054141014965058227 0.4085167430629188 0.42894234027303563 0.0052306697687987203 0.37235959856362683 0.0057523702771070965 0.0083920516213576764 0.86721475903900525 0.37622410376197718 0.27254474207798524 0.25261523881039222 0.041051112243165232 0.37978156604284113 0.013791562148320861 0.32786815571264838 0.003153751415996425 0.76078795705142721 0.0036354290512961005 0.0060293615748640925 0.0065711876056998445 0.10305533318778354 0.0078806490912922134 0.4672683811093607 0.0069158319629213988 0.0096550955776958155 0.0046206555882738207 0.41044339253338707 0.60040201801320714 0.047513928308630306 0.45222293381244999 0.013101875054989037 0.010307185833527488 0.024745489977278063 0.37729069849016988 0.0052929879648007461
decision_type=2 2 2 2 2 2 2 2 2 2 2 2 2 2 2 2 2 2 2 2 2 2 2 2 2 2 2 2 2 2 2 2 2 2 2 2 2 2 2 2 2 2 2 2 2 2 2 2 2 2 2 2 2 2 2 2 2 2 2 2 2 2
left_child=4 2 3 12 5 7 -7 8 9 10 -1 -9 -2 -4 15 -15 -8 -12 -17 20 21 -6 24 -22 25 26 -21 28 31 -30 -31 -27 -28 -34 51 36 42 -38 39 40 44 45 -13 -44 -39 -40 47 -26 49 50 -16 52 53 59 -55 58 57 -57 -53 60 -24 -54
right_child=1 -3 13 -5 19 6 16 11 -10 -11 17 35 -14 14 48 18 -18 -19 -20 22 23 -23 34 -25 46 27 32 -29 29 30 -32 -33 33 -35 -36 -37 37 38 41 -41 -42 -43 43 -45 -46 -47 -48 -49 -50 -51 -52 55 61 54 -56 56 -58 -59 -60 -61 -62 -63
leaf_value=7.4130848784779059e-06 0.00028708863081195152 -0.00028992841213703918 -5.4047672583123818e-05 -0.00011917472378842123 0.00020430657982105455 -0.00053360826705786094 6.0376083368627004e-05 -6.605154153014307e-05 0.00053462138499521538 0.00018074080029211931 0 -0.00015653197844291467 0 -0.00015521091216090033 -2.439431295814839e-05 0.0003136575319084388 -0.00030056722957632058 -0.00046960149639083338 9.8174532205742935e-05 0 -0.00031330247855838086 2.7751889757243925e-05 0.00018656761089447986 4.6383746392174229e-05 0.00018794516682750896 0.00029253195287730647 -0.00022815896215181659 6.4871618482354862e-06 0.00073870414888847671 9.4038171229756343e-06 0.00039626293486568669 2.1707008502947868e-05 0.00014778360658168903 -0.00017582712972030016 -0.00034169153180622046 -2.1234697735624896e-05 0.00016815304419232226 0.00015773147217640644 4.8556447192920383e-05 -7.7274560041528268e-05 0.00018684609634313725 0 -6.0008101360159025e-07 -0.00026864411131314491 -2.7434019807969774e-05 0.00046390264769039495 1.1419679464861517e-05 -1.4827134714761035e-05 -0.00016065522721043387 -0.00017308537176444165 0.00035428505409392972 0.00021372407043823789 -0.00022138757379699242 0.0004739472490552364 -2.806398846534056e-05 1.1427665944076131e-05 -0.00010096392196243729 0.00047185589976208594 -3.2312653121916838e-05 -9.6674781137456506e-05 -7.2388997366322735e-05 -6.4543182016672671e-05
leaf_weight=128 188 53 259 38 166 39 81 900 39 89 20 123 36 32 23 62 21 27 263 861 31 184 80 23 177 38 138 9092 20 67 34 1228 41 51 20 6114 232 84 26 426 141 81 2986 39 403 39 242 55 76 20 26 43 106 34 34 43 24 39 495 149 48 555
leaf_count=128 188 53 259 38 166 39 81 900 39 89 20 123 36 32 23 62 21 27 263 861 31 184 80 23 177 38 138 9092 20 67 34 1228 41 51 20 6114 232 84 26 426 141 81 2986 39 403 39 242 55 76 20 26 43 106 34 34 43 24 39 495 149 48 555
internal_value=4.45714e-08 4.59897e-05 6.43971e-05 0.000185366 -1.80745e-06 -1.36484e-05 -0.000158112 -1.18509e-05 8.41185e-05 1.36033e-05 -6.57417e-05 -1.44459e-05 0.000241522 2.14167e-05 6.23462e-05 0.000112925 -4.36306e-06 -0.000285796 0.000142442 8.21817e-06 7.76348e-05 0.00011438 6.09976e-06 -0.000141816 1.08653e-05 8.17885e-06 -3.22126e-05 1.24798e-05 5.10384e-05 0.000255917 0.000149788 3.06483e-05 -0.000149585 -2.07477e-05 -2.76691e-05 -1.00087e-05 4.75899e-06 3.93559e-05 1.36099e-05 -3.18389e-06 4.54873e-05 0.000141611 -1.0662e-05 -4.39519e-06 2.47703e-06 0.000313455 7.43152e-05 0.00013558 -5.52829e-05 4.63721e-05 0.000156483 -2.32363e-05 -4.87671e-05 2.9709e-05 0.000208585 1.50945e-05 0.000155597 0.0002429 -1.07536e-05 -1.06534e-05 8.16718e-05 -9.12375e-05
internal_weight=27232 1076 1023 262 26156 12038 141 11897 303 264 175 11594 224 761 502 357 102 47 325 14118 404 350 13714 54 12044 11570 1091 10479 1387 121 101 1266 230 92 1670 10694 4580 1432 1200 1054 628 146 3148 3025 487 65 474 232 145 69 49 1650 1006 345 68 644 106 82 538 277 128 661
internal_count=27232 1076 1023 262 26156 12038 141 11897 303 264 175 11594 224 761 502 357 102 47 325 14118 404 350 13714 54 12044 11570 1091 10479 1387 121 101 1266 230 92 1670 10694 4580 1432 1200 1054 628 146 3148 3025 487 65 474 232 145 69 49 1650 1006 345 68 644 106 82 538 277 128 661
is_linear=0
shrinkage=0.01


Tree=65
num_leaves=63
num_cat=0
split_feature=0 5 3 7 2 5 0 3 6 5 2 3 5 3 5 7 2 5 2 8 7 7 8 3 2 6 3 3 3 3 6 5 8 5 5 5 7 8 6 7 6 7 2 5 7 7 6 6 3 6 0 6 3 2 8 6 5 7 5 2 2 6
split_gain=0.0433007 0.028263 0.0373336 0.0265408 0.0262148 0.0369482 0.0342127 0.0345553 0.0275957 0.0242687 0.0300987 0.0241486 0.0224106 0.0263776 0.0215171 0.0183576 0.017972 0.0343134 0.0473764 0.0173053 0.0235067 0.0157458 0.03008 0.0288968 0.0158964 0.014913 0.0148201 0.0200324 0.0140461 0.0233454 0.0147688 0.0181065 0.0165368 0.0239768 0.0140393 0.0314997 0.0204076 0.0548409 0.014763 0.0241385 0.0145642 0.0133352 0.0147112 0.0131172 0.0130289 0.0284642 0.018289 0.0131351 0.0128888 0.0123862 0.0121671 0.0155106 0.0275635 0.0250723 0.0228178 0.0215898 0.018664 0.0373497 0.0168627 0.0177827 0.0186857 0.0142518
threshold=0.30056698617545202 0.49433622353513779 0.0029375889081736197 0.36129015436639239 0.51273014844009113 0.42780136879592773 0.5451733283033765 0.0063983027787174662 0.00063678043810494152 0.41044339253338707 0.72334960791979908 0.0037136608170865782 0.66819914462362762 0.0022312207297955906 0.46050192258969141 0.32287616187972584 0.27744570283327646 0.33648144046398315 0.15570752929683285 0.10477745130046796 0.32287616187972584 0.38597469395915662 0.0013984111437588388 0.012621359196250908 0.47486962177573316 0.14735907947828483 0.0084411275592699946 0.0060577228008280078 0.01878977898630536 0.013278639084098773 0.0037944028010253178 0.15618671560759773 0.0023016650342801144 0.19084894118296666 0.18077874227582993 0.23765335596435286 0.44991017203809269 0.024186527369681139 0.012656769279285838 0.39723590358813016 0.00013948523882298719 0.37271761730801367 0.54038209036923146 0.54063342093759037 0.38924421333166354 0.38085028897797618 0.045724878506335463 0.003943995665849972 0.0069524108437182802 0.019012444509133256 0.37238141825737775 0.041051112243165232 0.010825319063083767 0.34063777363522496 0.018701708564588099 0.044697943704566229 0.36405158250417352 0.37443666719428986 0.24551966091125718 0.22432001267999571 0.43437116167436413 0.019671461724441858
decision_type=2 2 2 2 2 2 2 2 2 2 2 2 2 2 2 2 2 2 2 2 2 2 2 2 2 2 2 2 2 2 2 2 2 2 2 2 2 2 2 2 2 2 2 2 2 2 2 2 2 2 2 2 2 2 2 2 2 2 2 2 2 2
left_child=1 2 -1 -3 5 19 11 44 -7 -9 -11 14 13 -10 -6 -15 17 26 -19 50 -21 22 -17 24 -24 -16 27 -4 29 -13 32 -32 -30 -34 -31 -36 37 38 39 40 -37 -42 -43 -23 45 47 -46 -8 -22 -49 51 52 54 -54 56 -53 58 -58 -2 -60 61 -61
right_child=4 3 16 -5 6 8 7 9 12 10 -12 28 -14 15 25 21 -18 18 -20 20 48 43 23 -25 -26 -27 -28 -29 30 34 31 -33 33 -35 35 36 -38 -39 -40 -41 41 42 -44 -45 46 -47 -48 49 -50 -51 -52 55 53 -55 -56 -57 57 -59 59 60 -62 -63
leaf_value=-0.00030080599276222791 1.3476809535693694e-05 0.0005917492362815987 6.3468316628454802e-05 0.00011879666558535429 4.8524043258074984e-05 -0.00028287079840017763 0.00022494923009342232 -7.3180730578773775e-05 0.00035598363180767674 -0.00011901204070588492 -0.00055852783142805538 1.0603921338707831e-05 -9.8345027030473001e-05 0.00024226140892599961 0.00030773100128114479 0.00022260776887064225 -2.4754176782736172e-05 0.00067677696166939031 0.0001485905531240198 0.00013941956829946876 -0.00028116492444455143 7.0073657618479858e-05 -2.9162707999070547e-05 -0.00035131033379727283 0.00022231754808756273 0 0.0001628156728808305 -0.00022574761123193995 7.8894161298280346e-06 1.0576943275417157e-05 -3.661220731307457e-06 -6.9866527555919873e-05 0.00022557505070273714 -0.00013626314401950928 0.00018871581215429878 -0.00021601460514299371 -0.00015297673245191954 0.00047486035389968025 -0.00010956217491910785 0.00032791402897924387 0.00017333555090407601 0.00019620788635512352 -4.5878815148671812e-05 0.00027153621501200414 0.00031468079036717569 -0.00034575274242593893 -3.2519030057329134e-06 -0.00022865407199762163 0 3.6255442847883484e-05 -1.6653045704529362e-05 0.00025778087514778848 0.00010198499935132421 -2.1043889981621119e-05 -0.00013824376054022961 3.0296389797040521e-05 0.00031601658638415707 -0.00010402826173090323 9.0549048582098566e-05 -0.00016267617649190461 6.0736947300101632e-05 -1.3912715379426138e-05
leaf_weight=25 521 22 54 42 706 22 30 325 36 57 27 6510 68 59 59 54 86 23 101 20 68 207 236 26 28 20 50 39 1205 369 1421 604 80 20 222 22 47 30 62 30 62 31 130 46 34 22 26 21 20 103 11508 55 392 267 168 235 48 33 56 247 60 108
leaf_count=25 521 22 54 42 706 22 30 325 36 57 27 6510 68 59 59 54 86 23 101 20 68 207 236 26 28 20 50 39 1205 369 1421 604 80 20 222 22 47 30 62 30 62 31 130 46 34 22 26 21 20 103 11508 55 392 267 168 235 48 33 56 247 60 108
internal_value=9.35235e-07 9.91121e-05 6.27835e-05 0.000297644 -6.4329e-07 -9.73988e-06 1.00859e-05 -6.05082e-05 5.68798e-05 -0.000116653 -0.000272672 1.40875e-05 6.80662e-05 8.58755e-05 6.78681e-05 6.94763e-05 9.14435e-05 0.00013261 0.000255085 -1.35862e-05 -0.000140526 5.06879e-05 3.59107e-06 -3.38069e-05 0 0.000227818 1.9315e-05 -4.71868e-05 1.01019e-05 1.77148e-05 -6.77821e-06 -2.39047e-05 1.90309e-05 0.000143154 6.27755e-05 9.1482e-05 3.68943e-05 6.39693e-05 2.4295e-05 5.81376e-05 2.09035e-05 4.88452e-05 0 0.000110747 3.25663e-05 -5.43344e-06 0.000160495 3.68871e-05 -0.000215587 -6.98346e-07 -1.25113e-05 8.79585e-06 -1.08553e-06 5.06258e-05 -2.93531e-05 7.69611e-05 -1.13608e-05 0.000132639 -2.41391e-05 -6.78649e-05 -9.1667e-05 -0.000120251
internal_weight=27305 442 378 64 26863 14588 12275 645 782 409 84 11630 760 692 785 656 353 267 124 13806 108 597 344 290 264 79 143 93 10845 7515 3330 2025 1305 100 1005 636 414 367 337 275 245 223 161 253 236 176 60 154 88 124 13698 2190 1900 659 1241 290 1073 81 992 471 415 355
internal_count=27305 442 378 64 26863 14588 12275 645 782 409 84 11630 760 692 785 656 353 267 124 13806 108 597 344 290 264 79 143 93 10845 7515 3330 2025 1305 100 1005 636 414 367 337 275 245 223 161 253 236 176 60 154 88 124 13698 2190 1900 659 1241 290 1073 81 992 471 415 355
is_linear=0
shrinkage=0.01


Tree=66
num_leaves=63
num_cat=0
split_feature=0 7 4 1 3 0 2 3 5 5 1 4 1 3 7 0 4 2 0 7 7 5 7 5 2 3 3 4 7 7 2 4 0 7 1 1 5 2 2 0 2 1 5 2 7 4 3 0 0 5 3 4 2 5 4 7 5 7 3 4 5 5
split_gain=0.0424789 0.0279212 0.0269606 0.0363402 0.0255388 0.0248118 0.0336308 0.0260958 0.0243656 0.0224946 0.0211869 0.0235862 0.0191621 0.0190755 0.0187346 0.0295657 0.0166266 0.0162565 0.0175471 0.0162302 0.0258479 0.0149186 0.0148367 0.0144876 0.0510009 0.018797 0.0293549 0.0164085 0.0227086 0.0151323 0.0144172 0.0142124 0.0188387 0.0131185 0.0182774 0.0293053 0.0200141 0.0199438 0.0183665 0.0128921 0.0203688 0.0126196 0.0189331 0.0241636 0.0125515 0.0116934 0.0113269 0.0118637 0.0112624 0.0174315 0.0144103 0.0126328 0.027689 0.0250921 0.0171175 0.0159581 0.0125315 0.012162 0.0116667 0.0114304 0.0113136 0.0112673
threshold=0.30056698617545202 0.28436203886868977 0.0018591303251098358 0.31722211601169759 0.0029375889081736197 0.5451733283033765 0.51273014844009113 0.0063983027787174662 0.27392677401378313 0.42780136879592773 0.51512107632339665 0.0058896567310050144 0.44757055592816458 0.0074621063082969613 0.38795737484501519 0.51054692202061702 0.0062155203095239911 0.33032387639830502 0.44458766603977889 0.38924421333166354 0.38085028897797618 0.22626373286290133 0.43495287715170361 0.33648144046398315 0.15570752929683285 0.0072892113460592692 0.0060577228008280078 0.0065905151205284812 0.35888913599390276 0.39957604697422139 0.76748248489116799 0.0054441409919618296 0.48738265845723044 0.29219399947994673 0.49154083211199789 0.62591977859978298 0.31200587914822403 0.42802394981611752 0.51727365419195204 0.3992845780285128 0.54979413406229416 0.6480221248308996 0.19734911765386337 0.63541874017994016 0.37724261019655159 0.0051032676259729218 0.0037803782797879533 0.56624164967954649 0.43856032122592331 0.18077874227582993 0.0051895897240645363 0.011529689705560087 0.33798124934202017 0.19734911765386337 0.011123182757083955 0.3853778920949934 0.083799313428541591 0.4791986572677332 0.01244449491610509 0.0031079167570494683 0.26847801683070388 0.32786815571264838
decision_type=2 2 2 2 2 2 2 2 2 2 2 2 2 2 2 2 2 2 2 2 2 2 2 2 2 2 2 2 2 2 2 2 2 2 2 2 2 2 2 2 2 2 2 2 2 2 2 2 2 2 2 2 2 2 2 2 2 2 2 2 2 2
left_child=1 -1 3 -2 -3 6 9 19 -5 48 39 14 -11 -14 21 31 30 -15 -19 20 46 -12 -21 25 -25 26 -6 28 -26 -29 -9 32 -16 -10 37 36 -36 -35 -39 40 45 -13 -43 -44 -23 -8 -7 -48 51 57 59 54 53 -53 56 -55 -4 -50 -56 -51 -61 -58
right_child=2 4 5 8 23 7 10 16 33 12 11 41 13 17 15 -17 -18 18 -20 22 -22 44 -24 24 27 -27 -28 29 -30 -31 -32 -33 -34 34 35 -37 -38 38 -40 -41 -42 42 43 -45 -46 -47 47 -49 49 50 -52 52 -54 55 58 -57 61 -59 -60 60 -62 -63
leaf_value=0.00047252500684589002 -0.00027081368550711257 -0.0001916080178303081 -0.00014660223363373152 -1.0669461096442435e-06 2.5102153043034163e-05 -9.5814755727598232e-05 0.00028120484013199285 -0.00013078376711681317 0.00033977974190289135 9.8947114965234882e-05 9.7089445817940336e-05 2.5646272791284846e-05 6.4688287318091412e-05 0.00012554798671302156 0.00021851394790491774 -1.916810562321761e-05 -7.2890124139599237e-05 -0.00019587000232548904 3.0843807033674225e-05 0.0003861079995975039 -0.00033471408614448321 4.4033872429916115e-05 1.942776870911293e-05 0.00057673609687079643 -7.2895672964564268e-05 0.00013639957474713977 -0.00038321307880473339 9.0380919272489238e-05 0.0002567039196558415 -0.00016965104347911508 -0.00046414611976075895 0 0.00061306667306694365 -0.00019141096781772848 0.00055321963122346399 -7.6146016168255969e-05 0.00018472629449889502 0.00029818662137336176 1.3265972772289413e-05 -1.6202366998928161e-07 -1.2896243495113002e-05 6.5524019311699949e-06 -0.00025035199189165513 4.1825302490259132e-05 -8.626904277483059e-05 7.8338891707651899e-05 0 0.00021250988670377708 2.5938286877610549e-05 -7.6345498657465311e-05 -6.0186254050363452e-05 6.500128045700502e-06 -8.7621098339686228e-06 0.00017479829850485063 -6.6405502323309154e-05 3.3895645347989816e-05 -1.8398526550628144e-05 -7.5947892998329318e-05 -0.0003717154163732383 -2.8981571816862932e-05 7.4261338330318513e-05 2.0936490614246197e-05
leaf_weight=20 28 30 73 167 59 44 46 60 35 335 384 2480 181 27 70 45 367 106 40 21 23 259 37 26 22 78 23 65 85 34 24 23 21 29 24 25 85 33 99 7334 170 271 75 37 102 142 44 44 684 149 1661 496 2899 215 57 161 5750 139 22 182 227 811
leaf_count=20 28 30 73 167 59 44 46 60 35 335 384 2480 181 27 70 45 367 106 40 21 23 259 37 26 22 78 23 65 85 34 24 23 21 29 24 25 85 33 99 7334 170 271 75 37 102 142 44 44 684 149 1661 496 2899 215 57 161 5750 139 22 182 227 811
internal_value=9.2817e-07 9.81689e-05 -6.34949e-07 7.02613e-05 7.79501e-05 -2.08637e-06 -4.86084e-07 -6.24472e-05 9.15391e-05 -1.07994e-05 1.22204e-05 3.16746e-05 4.45938e-05 -4.03155e-06 7.65283e-05 0.000177851 -0.000105972 -8.1702e-05 -0.000126933 2.50249e-05 -2.27907e-05 5.35407e-05 0.000169839 0.000101174 0.00015246 2.05129e-05 -7.75723e-05 9.3805e-05 0.000179594 0 -0.000238359 0.000264335 0.000321115 0.000141419 0.000114389 0.000202398 0.000275461 3.48515e-05 9.2238e-05 2.56283e-06 6.11613e-05 1.71604e-05 -3.51693e-05 -0.000144957 4.43397e-06 0.000133416 2.42018e-05 9.56015e-05 -1.36953e-05 -3.07653e-05 -4.54109e-05 -8.6467e-06 5.8026e-06 5.53657e-05 -1.69125e-05 0.000117149 -1.50025e-05 7.50824e-06 -0.000164433 0 2.58793e-05 -1.33837e-05
internal_weight=27305 442 26863 525 422 26338 25674 664 497 14215 11459 3767 689 354 904 159 451 173 146 213 155 745 58 392 232 160 82 206 107 99 84 114 91 330 295 134 109 161 132 7692 358 2863 383 112 361 188 132 88 13526 3042 2219 10484 3771 872 6713 376 6634 823 79 558 409 6561
internal_count=27305 442 26863 525 422 26338 25674 664 497 14215 11459 3767 689 354 904 159 451 173 146 213 155 745 58 392 232 160 82 206 107 99 84 114 91 330 295 134 109 161 132 7692 358 2863 383 112 361 188 132 88 13526 3042 2219 10484 3771 872 6713 376 6634 823 79 558 409 6561
is_linear=0
shrinkage=0.01


Tree=67
num_leaves=63
num_cat=0
split_feature=0 7 4 1 0 2 8 2 6 1 4 7 0 6 4 7 6 2 7 6 8 0 8 6 2 4 1 4 0 4 4 8 2 4 2 0 2 2 1 8 0 2 8 2 4 4 8 4 6 7 6 4 6 1 6 4 8 8 7 4 6 4
split_gain=0.0416532 0.0273495 0.0264245 0.0356375 0.0243434 0.0329698 0.0269743 0.023559 0.0211998 0.02078 0.0231254 0.0183664 0.0290467 0.0179738 0.0227852 0.0167001 0.0154363 0.0242397 0.0146401 0.0159533 0.015589 0.0143261 0.0193523 0.0377685 0.0206798 0.0202691 0.0268881 0.0138943 0.0184034 0.0133608 0.0296553 0.0127637 0.0149152 0.0146161 0.0127332 0.0126365 0.0199904 0.0124656 0.0123514 0.0136737 0.0122038 0.0121737 0.0184407 0.0157738 0.0182068 0.0142617 0.0192807 0.0187446 0.014967 0.0154473 0.0119829 0.0118243 0.0116048 0.0130572 0.0133746 0.011435 0.0109952 0.0146175 0.013352 0.0107985 0.011846 0.0109799
threshold=0.30056698617545202 0.28436203886868977 0.0018591303251098358 0.31722211601169759 0.5451733283033765 0.51273014844009113 0.044814452062248343 0.34539258791894151 0.18477346788605067 0.51512107632339665 0.0058896567310050144 0.38795737484501519 0.51054692202061702 0.031323532979162128 0.0059215124381095255 0.48586115279321279 0.054453824321373995 0.73274114505839061 0.29219399947994673 0.14735907947828483 0.047975840679072811 0.37238141825737775 0.064468386113831766 0.041051112243165232 0.24007042525212238 0.0082021406353320406 0.63810145544035779 0.0054441409919618296 0.48738265845723044 0.01005807576584769 0.015173836613745646 0.060947872456197628 0.27744570283327646 0.0031870133343321599 0.75112325125540791 0.3992845780285128 0.54979413406229416 0.60583793151084819 0.6480221248308996 0.00027206442485580606 0.55045725847440174 0.44571444077228173 0.00052780498422026376 0.39447421199500404 0.010450846384980395 0.0074224964683372845 0.011715094134291002 0.0093141933537986468 0.00089755718894791753 0.37185774934187826 0.013687747131455744 0.026117293733270135 0.025521755654205992 0.49403322949587614 0.016554269865528149 0.0051032676259729218 0.10477745130046796 0.077968222875176865 0.30855636467669412 0.0034646109117880855 0.018050198513774676 0.0043672280395538081
decision_type=2 2 2 2 2 2 2 2 2 2 2 2 2 2 2 2 2 2 2 2 2 2 2 2 2 2 2 2 2 2 2 2 2 2 2 2 2 2 2 2 2 2 2 2 2 2 2 2 2 2 2 2 2 2 2 2 2 2 2 2 2 2
left_child=1 -1 3 -2 5 21 13 56 31 35 11 -11 27 14 40 -15 37 18 -18 20 -20 22 23 24 25 26 52 28 -13 -25 -31 32 33 -3 -8 36 55 -9 39 -12 -6 43 -43 44 45 48 -47 -48 -26 -50 -42 -16 53 54 -4 -7 57 58 -5 -51 61 -61
right_child=2 8 4 7 6 9 34 16 -10 10 38 12 -14 15 51 -17 17 -19 19 -21 -22 -23 -24 29 41 -27 -28 -29 -30 30 -32 -33 -34 -35 -36 -37 -38 -39 -40 -41 50 42 -44 -45 -46 46 47 -49 49 59 -52 -53 -54 -55 -56 -57 -58 -59 -60 60 -62 -63
leaf_value=0.00046782326120049209 -0.00026811518613580493 -4.4092048519337423e-05 -9.2961103758357151e-05 -0.00018805056561161477 -0.0001648214054238274 0.00027839889178161634 -0.00011632337576459646 0.00014680621799132776 -0.00022552735669149169 5.3005350151007484e-05 9.8870607370929911e-05 0.00021633192922749936 -1.8976852613343276e-05 2.1533881545407659e-07 -0.00014460678476967072 0.00028827951202509285 0.00036274638990389888 -0.00017799268414805957 -2.6685126616399711e-06 -1.5787750175993759e-05 0.00019673535946777292 -1.5203158274715459e-05 -0.00016111495632238851 0.00015332085975963626 0.00016988590141009895 0.00017051181630431116 -0.00024908993770917059 0 0.00060696506985326369 -0.00032071774715409422 0.00019444139952060315 0.00033669387441918707 -1.2181726276780657e-05 0.00014933832345588268 -0.00038575849528888693 -1.6040332179327066e-07 -1.2767356651102707e-05 0.00048308018347030719 -3.4765930829203379e-05 1.7248592100190632e-05 0.00015866582588406169 -0.00020849933624263097 0.00010162680282315925 -0.00010280353361635825 4.4229294575257978e-05 -2.9504047302687569e-05 -0.00039723007775404869 -2.4476068547047443e-06 5.5017876241666077e-05 -0.00025698332727498962 -2.1237175960516059e-05 6.2144403162323465e-05 -8.2904544242925931e-05 0.00015146785375559334 0.00020497259178861457 7.7556054017968783e-05 -0.00019588284563053511 0.00025585733917961117 8.9942361916604149e-05 4.1740400391861237e-05 3.1277709940602026e-05 -0.00011148827488558446
leaf_weight=20 28 38 57 34 25 46 77 49 20 745 235 70 45 107 240 27 26 27 41 76 140 11858 62 244 40 127 33 23 21 20 24 23 111 230 33 7334 170 23 383 2245 72 20 159 223 399 114 39 25 153 28 59 24 44 124 20 142 30 21 30 48 126 228
leaf_count=20 28 38 57 34 25 46 77 49 20 745 235 70 45 107 240 27 26 27 41 76 140 11858 62 244 40 127 33 23 21 20 24 23 111 230 33 7334 170 23 383 2245 72 20 159 223 399 114 39 25 153 28 59 24 44 124 20 142 30 21 30 48 126 228
internal_value=9.20403e-07 9.72116e-05 -6.27088e-07 6.95603e-05 -2.06437e-06 -4.78897e-07 -6.18528e-05 9.06461e-05 7.71712e-05 1.21017e-05 3.13684e-05 7.57851e-05 0.000176135 -3.12927e-05 -6.46864e-05 6.58869e-05 0.000128927 9.31815e-05 0.000122639 9.43271e-05 0.000146068 -1.06907e-05 1.15866e-05 1.66947e-05 8.22475e-07 6.512e-05 1.33336e-05 0.000261866 0.000318022 0.000123795 -1.72424e-05 9.47702e-05 7.7366e-05 0.000118175 -0.000206514 2.53595e-06 6.05506e-05 0.000268618 1.69922e-05 2.53898e-05 2.593e-05 -1.48114e-05 6.12953e-05 -2.50912e-05 -9.80905e-06 -3.79775e-05 -0.000117684 -0.000258863 -1.3584e-05 -2.7914e-05 7.00586e-05 -0.000122008 5.28476e-05 8.75636e-05 -2.44008e-06 0.000132137 -2.78257e-05 1.98981e-05 -4.22037e-05 -5.97533e-05 -4.34684e-05 -8.12125e-05
internal_weight=27305 442 26863 525 26338 25674 664 497 422 11459 3767 904 159 554 420 134 382 310 283 257 181 14215 2357 2295 2007 405 278 114 91 288 44 402 379 268 110 7692 358 72 2863 2480 156 1602 179 1423 1200 801 178 64 623 583 131 264 245 201 77 188 115 85 64 430 402 276
internal_count=27305 442 26863 525 26338 25674 664 497 422 11459 3767 904 159 554 420 134 382 310 283 257 181 14215 2357 2295 2007 405 278 114 91 288 44 402 379 268 110 7692 358 72 2863 2480 156 1602 179 1423 1200 801 178 64 623 583 131 264 245 201 77 188 115 85 64 430 402 276
is_linear=0
shrinkage=0.01


Tree=68
num_leaves=63
num_cat=0
split_feature=0 5 3 4 1 0 2 3 5 6 3 5 5 6 3 1 4 5 6 2 5 2 1 5 1 5 0 6 4 3 2 3 3 2 5 6 5 6 0 2 3 1 5 2 2 6 2 5 4 4 6 3 0 5 3 4 2 5 4 5 6 6
split_gain=0.040806 0.0277059 0.0359912 0.0258853 0.0349443 0.0238598 0.0323235 0.0251683 0.0237905 0.0297445 0.0572789 0.0256646 0.0220043 0.0252849 0.0210633 0.0203774 0.0226765 0.0191371 0.01856 0.0172399 0.0332287 0.0455369 0.0169508 0.0255583 0.019469 0.0220991 0.0155285 0.0147321 0.0143206 0.0253567 0.0141488 0.0174344 0.0137156 0.0130544 0.0261954 0.0132279 0.0139809 0.0124629 0.0123859 0.0196193 0.0121457 0.0121107 0.0185351 0.0237052 0.0116816 0.0113948 0.011385 0.0191973 0.011546 0.011182 0.0110871 0.0126913 0.0109857 0.0170829 0.0141168 0.0123146 0.0268677 0.024445 0.0168192 0.0122768 0.0118785 0.0118291
threshold=0.30056698617545202 0.49433622353513779 0.0029375889081736197 0.0018591303251098358 0.31722211601169759 0.5451733283033765 0.51273014844009113 0.0063983027787174662 0.27392677401378313 0.14735907947828483 0.00046745135573235467 0.42105520799565938 0.42780136879592773 0.00063678043810494152 0.0092053211455095148 0.51512107632339665 0.0058896567310050144 0.66819914462362762 0.075119876444379771 0.27744570283327646 0.33648144046398315 0.15570752929683285 0.43942396186982885 0.42780136879592773 0.61856023191857668 0.30470992937873859 0.49795275749227536 0.0032971076017433644 0.0067443116069343624 0.0060577228008280078 0.58464314792175942 0.0029375889081736197 0.024997624302037683 0.86721475903900525 0.28210061978503354 0.030482578495823531 0.30671945708946685 0.08688717463551901 0.3992845780285128 0.54979413406229416 0.0058279732394358975 0.6480221248308996 0.19734911765386337 0.63541874017994016 0.44070272150498241 0.00022843234763764568 0.30686239914935831 0.43500818518651413 0.0052757256079578665 0.0051032676259729218 0.03803903969466884 0.0078025061218203878 0.43856032122592331 0.18077874227582993 0.0051895897240645363 0.011529689705560087 0.33798124934202017 0.19734911765386337 0.011123182757083955 0.083799313428541591 0.03803903969466884 0.021648513370367679
decision_type=2 2 2 2 2 2 2 2 2 2 2 2 2 2 2 2 2 2 2 2 2 2 2 2 2 2 2 2 2 2 2 2 2 2 2 2 2 2 2 2 2 2 2 2 2 2 2 2 2 2 2 2 2 2 2 2 2 2 2 2 2 2
left_child=1 2 -1 4 -2 6 12 40 37 22 11 -11 52 -14 -3 38 26 32 33 20 28 -22 23 -10 25 -24 27 -17 29 -4 -29 -32 44 35 -35 36 -9 -6 39 49 -7 45 -43 -44 46 -18 48 -48 -15 -8 -37 -52 55 -54 60 58 57 -57 59 -5 -55 -60
right_child=3 14 19 5 8 7 15 18 9 10 -12 -13 13 17 -16 16 41 -19 -20 -21 21 -23 24 -25 -26 -27 -28 30 -30 -31 31 -33 -34 34 -36 50 -38 -39 -40 -41 -42 42 43 -45 -46 -47 47 -49 -50 -51 51 -53 53 54 -56 56 -58 -59 61 -61 -62 -63
leaf_value=-0.00029672980033959524 -0.00026544357700525279 0.00044047968872987171 6.1275314835766112e-05 -0.00014498639315567487 0.00012763559611092114 -8.3981643552037003e-06 0.00027562094255352548 -1.2439806539853158e-05 -3.9077368277702095e-05 0.00054399492710235692 -0.00019433597342715555 6.0622859443840238e-06 -0.0002890889073713237 0.00028444788283045128 2.1477403161876585e-05 1.8454685514008297e-05 0.00010207371174171035 -0.00012460421847491831 -0.00035926506984210806 -2.5260150262222788e-05 0.00066285552239263204 0.00014462432320414868 0.00060581701532640749 0.00036126760375767094 0 0.00023213021898498229 1.3282073838380706e-05 5.6268088396858664e-05 0.00014521212266895093 -0.00028476584045582009 -2.4938694486219252e-05 0.00021292226422185465 -0.00012271945124980917 0 -0.00049086841617537518 0.00016669926056870544 -0.00017939199274892063 -6.2362951659351146e-05 -1.5879935548765877e-07 -1.2639759466729809e-05 0.0001737703491438417 6.8344331096756179e-06 -0.00024750460828400244 4.1754898543637797e-05 0.00015034183144981979 1.8534883598787588e-05 0.00023979977766823261 -1.5659810605799963e-06 0 7.6781040768484463e-05 -0.000181632198934036 3.9223747024993595e-05 7.5729582440560091e-06 1.5767343623080114e-05 -5.9432405340135957e-05 6.3671668403075109e-06 -8.5395841401465308e-06 0.00011560871842739889 -2.7316499178354834e-05 -1.3125560223809695e-05 -0.0001260281510751045 -0.00030418839419401244
leaf_weight=25 28 39 54 73 48 169 46 107 53 20 62 23 21 38 25 168 184 50 29 86 23 101 25 21 20 106 306 169 57 32 27 234 30 27 23 36 125 119 7334 170 44 271 75 37 194 2296 36 294 26 142 39 65 823 491 1661 496 2899 376 44 6561 67 35
leaf_count=25 28 39 54 73 48 169 46 107 53 20 62 23 21 38 25 168 184 50 29 86 23 101 25 21 20 106 306 169 57 32 27 234 30 27 23 36 125 119 7334 170 44 271 75 37 194 2296 36 294 26 142 39 65 823 491 1661 496 2899 376 44 6561 67 35
internal_value=9.11223e-07 9.62183e-05 6.02388e-05 -6.20073e-07 6.8847e-05 -2.043e-06 -4.72953e-07 -6.12347e-05 8.97416e-05 0.000139045 0 0.000280147 -1.05846e-05 4.42003e-05 0.000292696 1.19833e-05 3.10627e-05 5.62164e-05 -0.000103988 8.84288e-05 0.000128787 0.000249263 0.000203877 6.1373e-05 0.000267008 0.00031148 7.50493e-05 0.000104976 1.72301e-05 -5.6051e-05 0.000136443 0.000184486 7.24816e-05 -8.39956e-05 -0.00024251 -5.99429e-05 -0.00010674 -1.72445e-06 2.50933e-06 5.99461e-05 2.46041e-05 1.68223e-05 -3.44184e-05 -0.000143073 8.41604e-05 2.514e-05 4.90063e-05 2.18001e-05 0.000173435 0.00013087 1.04889e-05 -3.4086e-05 -1.34495e-05 -3.0309e-05 -4.48093e-05 -8.46198e-06 5.80257e-06 5.46258e-05 -1.6624e-05 -1.47294e-05 0 -0.000162853
internal_weight=27305 442 378 26863 525 26338 25674 664 497 330 105 43 14215 689 64 11459 3767 668 451 353 267 124 225 74 151 131 904 598 143 86 430 261 618 422 50 372 232 167 7692 358 213 2863 383 112 588 2480 394 330 64 188 140 104 13526 3042 2219 10484 3771 872 6713 6634 558 79
internal_count=27305 442 378 26863 525 26338 25674 664 497 330 105 43 14215 689 64 11459 3767 668 451 353 267 124 225 74 151 131 904 598 143 86 430 261 618 422 50 372 232 167 7692 358 213 2863 383 112 588 2480 394 330 64 188 140 104 13526 3042 2219 10484 3771 872 6713 6634 558 79
is_linear=0
shrinkage=0.01


Tree=69
num_leaves=63
num_cat=0
split_feature=0 5 3 7 4 6 7 3 5 3 0 2 3 5 6 5 7 7 6 4 4 7 4 6 2 5 2 3 3 4 6 6 6 7 7 6 7 6 5 7 3 5 7 4 3 5 5 5 6 6 6 5 7 2 5 6 5 5 4 7 5 3
split_gain=0.0400333 0.0271759 0.035295 0.0256508 0.0253793 0.0264031 0.0696957 0.0351746 0.0345914 0.0240155 0.0234196 0.0316983 0.0246876 0.0215512 0.0247908 0.018769 0.0212773 0.0205329 0.0246338 0.0238528 0.0204966 0.0228964 0.018394 0.0181644 0.016931 0.0325679 0.0445865 0.0168908 0.0202255 0.0182083 0.0265809 0.0236994 0.0175805 0.0159419 0.0253574 0.0180128 0.0151005 0.0144786 0.0177718 0.0159137 0.015351 0.0150649 0.0144575 0.0140252 0.0248646 0.013654 0.0129659 0.0253454 0.0151218 0.0140373 0.0185405 0.017927 0.0139143 0.0128049 0.0256376 0.012986 0.0136817 0.0125598 0.0122071 0.0487442 0.0176789 0.0192514
threshold=0.30056698617545202 0.49433622353513779 0.0029375889081736197 0.36129015436639239 0.0018591303251098358 0.14735907947828483 0.29812747837101033 0.00046745135573235467 0.24441785047011153 0.0012212015611450056 0.5451733283033765 0.51273014844009113 0.0063983027787174662 0.42780136879592773 0.00063678043810494152 0.66819914462362762 0.32287616187972584 0.38597469395915662 0.0024399809168021091 0.0068961925459148053 0.0033182212079110591 0.35999049734224575 0.0055065656479526565 0.075119876444379771 0.27744570283327646 0.33648144046398315 0.15570752929683285 0.01878977898630536 0.013278639084098773 0.012238092194965041 0.046569876040074724 0.00083084685733692378 0.036595670701630979 0.38924421333166354 0.38085028897797618 0.003943995665849972 0.29219399947994673 0.0037944028010253178 0.15618671560759773 0.37443666719428986 0.025717258025020191 0.21225171257223988 0.43495287715170361 0.0067443116069343624 0.0060577228008280078 0.36065743355570329 0.18077874227582993 0.22842741965342342 0.00013948523882298719 0.012656769279285838 0.003228375744932037 0.34843975740138844 0.37315639045028604 0.86721475903900525 0.28210061978503354 0.030482578495823531 0.30671945708946685 0.54063342093759037 0.035693944402521757 0.43182003288682974 0.12336795449034152 0.024845617305407967
decision_type=2 2 2 2 2 2 2 2 2 2 2 2 2 2 2 2 2 2 2 2 2 2 2 2 2 2 2 2 2 2 2 2 2 2 2 2 2 2 2 2 2 2 2 2 2 2 2 2 2 2 2 2 2 2 2 2 2 2 2 2 2 2
left_child=1 2 -1 -3 5 8 36 -8 -2 -9 11 13 33 -6 -15 16 -16 18 -18 20 -20 -22 -23 53 25 43 -27 28 -13 30 31 -30 46 34 35 -12 -7 39 -39 40 -29 58 -35 44 -4 -34 -31 -48 -49 50 52 -52 -50 55 -55 56 -14 -19 59 60 -41 -62
right_child=4 3 24 -5 10 6 7 9 -10 -11 12 27 23 14 15 -17 17 57 19 -21 21 22 -24 -25 -26 26 -28 37 29 32 -32 -33 45 42 -36 -37 -38 38 -40 41 -42 -43 -44 -45 -46 -47 47 48 49 -51 51 -53 -54 54 -56 -57 -58 -59 -60 -61 61 -63
leaf_value=-0.00029377432643951649 -4.7740785403045518e-06 0.00057899258957071664 6.0663694535621376e-05 0.00011375168414737791 -1.3316518812506918e-05 0.00038871136905515484 4.1050940851941422e-05 -0.00060218152214645837 0.0001866385354853825 -0.00014025293504949833 0.00021162955233401906 1.3565560829402041e-05 -1.2315521714828446e-05 -0.00028621172680303239 0.00026385448327517899 -0.00012336066465621173 0.00017651849672329145 8.127665896090006e-05 -0.00022910594024338121 -0.00025417562152884747 0.00029394429855426137 5.7414943450018524e-05 -0.00019483074614935368 -0.00035568475932494135 -2.500784230763558e-05 0.00065625567765285572 0.000143179511520703 -4.7382432139512677e-06 0.00031862330858435531 1.1946074742702582e-05 0.00051658811047673215 -0.00011211936472704585 -0.00029586364709312306 0.00038144802292853027 -0.0003319626851696511 -4.21748838545042e-05 3.5396134149166416e-05 -3.7731291950278954e-06 -6.9376847412102818e-05 -1.7150024864572862e-06 -0.00018782782440943132 -2.3922493932685448e-05 1.9035914076888816e-05 0.0001437625441179919 -0.00028192704594244376 0 0.00018655393110737737 -0.000201527140969088 0.00011067118149593166 -6.4932279210311035e-05 0.00025585336205665821 -5.5445812295046629e-06 -0.00010318314328007463 0 -0.00048598098689569278 1.0384152305852901e-05 -0.00017759950796007661 0.00029215045360397738 -1.5276692215332242e-05 0.00051259196730922909 2.4818554236203856e-05 0.00018793925365645961
leaf_weight=25 140 22 54 42 13526 27 26 27 238 32 38 7124 107 21 55 50 62 206 33 45 30 108 39 29 86 23 101 298 22 363 22 26 24 21 23 94 35 1421 604 222 57 246 37 57 32 35 190 23 63 64 88 27 58 27 23 140 125 40 134 26 160 162
leaf_count=25 140 22 54 42 13526 27 26 27 238 32 38 7124 107 21 55 50 62 206 33 45 30 108 39 29 86 23 101 298 22 363 22 26 24 21 23 94 35 1421 604 222 57 246 37 57 32 35 190 23 63 64 88 27 58 27 23 140 125 40 134 26 160 162
internal_value=9.02889e-07 9.53034e-05 5.96375e-05 0.000289933 -6.13486e-07 6.81707e-05 -4.06073e-05 -0.000232078 0.000113118 -0.000369226 -2.0228e-06 -4.66941e-07 -6.0666e-05 -1.04807e-05 4.37335e-05 5.56441e-05 7.17622e-05 5.11771e-05 0 -4.55129e-05 0 4.19898e-05 -2.79624e-06 -0.000103013 8.75748e-05 0.000127577 0.000246857 1.18679e-05 1.96707e-05 6.19469e-05 0.000221567 6.47663e-05 4.89049e-05 2.4312e-05 -2.30426e-05 2.34249e-05 0.00020574 -6.8796e-06 -2.38371e-05 1.86674e-05 -3.69964e-05 4.05223e-05 0.000167896 1.70572e-05 -5.53769e-05 -0.000112215 6.09096e-05 9.35983e-05 3.57827e-05 5.73698e-05 9.47854e-05 0.000185842 0 -8.32001e-05 -0.000240257 -5.93439e-05 -0.000105716 0.000119733 6.44618e-05 8.49608e-05 6.25942e-05 0.000110023
internal_weight=27305 442 378 64 26863 525 147 85 378 59 26338 25674 664 14215 689 668 618 563 317 255 210 177 147 451 353 267 124 11459 8129 1005 70 48 935 213 155 132 62 3330 2025 1305 355 950 58 143 86 59 876 513 323 300 236 115 121 422 50 372 232 246 704 570 544 322
internal_count=27305 442 378 64 26863 525 147 85 378 59 26338 25674 664 14215 689 668 618 563 317 255 210 177 147 451 353 267 124 11459 8129 1005 70 48 935 213 155 132 62 3330 2025 1305 355 950 58 143 86 59 876 513 323 300 236 115 121 422 50 372 232 246 704 570 544 322
is_linear=0
shrinkage=0.01


Tree=70
num_leaves=63
num_cat=0
split_feature=0 8 7 4 5 7 3 2 5 0 7 4 0 5 5 5 7 7 3 4 2 2 3 7 3 8 4 2 5 7 8 4 2 4 5 3 3 0 2 3 4 2 8 5 7 3 4 4 5 8 8 5 8 7 5 4 8 3 7 4 5 7
split_gain=0.0394482 0.0364194 0.0523697 0.032669 0.0307438 0.0361193 0.029514 0.0231863 0.0343213 0.0229912 0.021757 0.0378321 0.0216371 0.0216318 0.0267602 0.021128 0.0233346 0.0260443 0.0209179 0.0219326 0.0201379 0.0189801 0.0188971 0.017344 0.0255746 0.017213 0.0330484 0.017159 0.0165198 0.0161284 0.0160087 0.016 0.0250454 0.0222943 0.0148114 0.0146118 0.0144868 0.0143414 0.0142878 0.0141484 0.0125767 0.012495 0.0166789 0.013304 0.0123794 0.0131863 0.0254276 0.0183795 0.0165631 0.0164735 0.0129961 0.0150764 0.0129904 0.0127459 0.012093 0.0120208 0.015869 0.0162129 0.0371913 0.0320882 0.0147431 0.0290583
threshold=0.29007557971992953 0.12741321144847101 0.30855636467669412 0.0018591303251098358 0.30470992937873859 0.29812747837101033 0.0084411275592699946 0.51273014844009113 0.42780136879592773 0.5787668285122427 0.34010066744016426 0.0043131568958164552 0.46074123640797277 0.23964039459624376 0.29957430416541436 0.66819914462362762 0.32287616187972584 0.37280843325230384 0.0061002944587900823 0.0056439208136142933 0.86721475903900525 0.8355137219350427 0.00046745135573235467 0.37213716320685936 0.0081326812234259974 0.037855044074436829 0.0053129301862525997 0.77595549266097119 0.41044339253338707 0.5680974003354522 0.0718739797584068 0.0064989989671056913 0.22432001267999571 0.0032463970520856412 0.33648144046398315 0.0076406590456864869 0.0024264839431738321 0.36827467757641985 0.39269029385429988 0.0058840550777992679 0.0063766012199481066 0.17740072495164033 0.015186636195451081 0.19619104135419077 0.34905194532104322 0.003153751415996425 0.0032463970520856412 0.0026706568164350988 0.18869385731405397 0.0079606050712808813 0.020578953096093155 0.29463196457937213 0.021786919142452937 0.35802127638804704 0.14342521663557517 0.0027700920988595625 0.044814452062248343 0.0061440033464516134 0.32605482342521541 0.0059215124381095255 0.30829319532449556 0.29219399947994673
decision_type=2 2 2 2 2 2 2 2 2 2 2 2 2 2 2 2 2 2 2 2 2 2 2 2 2 2 2 2 2 2 2 2 2 2 2 2 2 2 2 2 2 2 2 2 2 2 2 2 2 2 2 2 2 2 2 2 2 2 2 2 2 2
left_child=4 3 28 13 6 -6 -1 8 12 18 -4 -12 41 -2 -15 16 -10 23 21 -20 27 25 -16 24 37 -9 30 -11 -3 -21 36 33 -33 -7 -32 -31 -27 -18 -14 -25 -29 42 43 54 55 47 49 48 -46 -47 -50 -52 -51 -48 -5 60 57 58 -57 -59 61 -43
right_child=1 2 10 7 5 31 -8 9 15 20 11 -13 38 14 22 -17 17 -19 19 29 -22 -23 -24 39 -26 26 -28 40 -30 35 34 32 -34 -35 -36 -37 -38 -39 -40 -41 -42 44 -44 -45 45 46 53 -49 50 52 51 -53 -54 -55 -56 56 -58 59 -60 -61 -62 -63
leaf_value=-0.00023719892847911387 -5.6110296390567857e-06 0.00033342657732401986 -0.00057707643327694952 0.00015795250941897764 0.0005701387572980604 -6.537620568167569e-05 0.00019973976208883173 2.2210309683650054e-05 0.00027193806045348363 -9.6616409143082584e-05 -3.7316979629945177e-05 -0.0004667580024595302 1.5645724465831733e-05 0.00046048822493637454 0.00038444302250425534 -0.00013473274170191254 0.00011769098567947818 9.4552717639160986e-05 -0.00011224211736610128 6.4189636149117922e-06 -0.00025530389292351574 0.00031841654142102078 6.9187072283287591e-05 0 0.00022500663382022122 0.00033664909655372596 0.00046851500037949355 0.00028854868413066061 -4.1423832119816728e-06 0 7.8442512227230377e-05 0.00030831988800107397 -6.5090296586238725e-05 0.00025062163113670407 -0.00024250092177098331 -0.00019401999821447936 6.9924594983513674e-05 -0.00017269507407201797 -6.8298663295902581e-05 -0.00031692149449256577 0 0.00024619709320754799 -6.4278187617804725e-05 0.00022990032342523934 0.00020629942447839491 0.00028934934808261644 7.9224789658384511e-05 -0.00015540357363124993 7.2516632974968387e-05 -0.00015831649455714139 -0.00020802563530594663 5.4702341530575928e-05 0.00019574970294216379 -1.0045166290778202e-05 -0.00010140751307055933 0 0.00018895673929292023 0.00027817243620228304 -0.00035226750615824381 -7.6579556126130999e-05 0.00013963973412428295 -0.00017323430426394428
leaf_weight=43 150 20 21 35 21 22 22 2365 56 132 70 33 226 25 23 50 20 431 163 8854 57 24 234 20 40 27 24 23 33 62 23 23 76 112 28 77 173 57 1101 35 30 21 57 69 31 47 160 146 47 21 65 25 20 10792 34 46 20 26 64 434 66 63
leaf_count=43 150 20 21 35 21 22 22 2365 56 132 70 33 226 25 23 50 20 431 163 8854 57 24 234 20 40 27 24 23 33 62 23 23 76 112 28 77 173 57 1101 35 30 21 57 69 31 47 160 146 47 21 65 25 20 10792 34 46 20 26 64 434 66 63
internal_value=-6.71211e-07 -2.01414e-06 -0.000144987 -1.03272e-06 0.000109808 0.000160758 -7.38714e-05 -2.48189e-06 -1.11122e-05 7.68463e-06 -0.000259806 -0.000184923 -1.47027e-05 8.51501e-05 0.000136957 5.64248e-05 7.24639e-05 5.22388e-05 9.73667e-06 2.44306e-06 -8.83753e-05 3.4428e-05 0.000101429 -4.79747e-05 1.30441e-05 3.14555e-05 0.000107292 -3.14307e-05 0.000104798 4.63417e-06 6.85977e-05 0.000119342 1.17943e-05 0.000191274 -7.8322e-05 -0.000101787 0.00011108 -8.42451e-05 -5.32486e-05 -0.000195715 0.000111963 -1.04587e-05 6.81802e-05 0.000130139 -1.18098e-05 -9.11957e-06 -7.20121e-06 -7.33603e-05 0 0.000161435 -4.92626e-05 -0.000123967 0 -8.64899e-06 1.57183e-05 -5.17293e-05 -7.2494e-05 -8.34533e-05 -0.000196129 -5.42988e-05 2.32769e-05 -5.63178e-05
internal_weight=27315 26996 177 26819 319 254 65 26387 14325 12062 124 103 13616 432 282 709 659 603 11820 9156 242 2664 257 172 117 2640 275 185 53 8993 251 233 99 134 51 139 200 77 1327 55 53 12289 195 138 12094 11354 11040 314 168 88 137 90 41 10952 69 740 590 570 110 460 150 84
internal_count=27315 26996 177 26819 319 254 65 26387 14325 12062 124 103 13616 432 282 709 659 603 11820 9156 242 2664 257 172 117 2640 275 185 53 8993 251 233 99 134 51 139 200 77 1327 55 53 12289 195 138 12094 11354 11040 314 168 88 137 90 41 10952 69 740 590 570 110 460 150 84
is_linear=0
shrinkage=0.01


Tree=71
num_leaves=63
num_cat=0
split_feature=0 8 7 5 7 2 5 5 8 7 0 8 8 5 7 7 7 1 5 1 2 0 8 5 7 7 7 7 5 7 5 6 7 0 7 7 2 7 2 6 5 2 5 7 1 1 7 0 2 1 1 7 0 5 8 2 8 6 8 8 6 7
split_gain=0.0386632 0.0357553 0.0513564 0.0301185 0.0353812 0.0253423 0.0416451 0.024174 0.0238534 0.0212606 0.0203606 0.0206896 0.0243241 0.0301212 0.020283 0.0171171 0.028173 0.0164631 0.0162133 0.0159998 0.0195839 0.0243541 0.0186292 0.0270753 0.0254402 0.0220389 0.026115 0.025622 0.0256155 0.0252422 0.0236412 0.0220208 0.021712 0.0205594 0.0202263 0.0171067 0.0158382 0.0156915 0.0150526 0.0144631 0.0298018 0.017869 0.0134927 0.014999 0.0134551 0.0132436 0.0127898 0.0122664 0.0205085 0.011937 0.0114656 0.0122731 0.0108622 0.0105566 0.0104291 0.0111242 0.0102998 0.0127223 0.0104773 0.0100976 0.00995811 0.0133149
threshold=0.29007557971992953 0.12741321144847101 0.30855636467669412 0.30470992937873859 0.29812747837101033 0.51273014844009113 0.42780136879592773 0.66819914462362762 0.012988355642616172 0.34010066744016426 0.43856032122592331 0.047975840679072811 0.014043965611056699 0.30671945708946685 0.72625777244508283 0.32287616187972584 0.37358098196266498 0.80314445052793193 0.41044339253338707 0.51234788704415501 0.86721475903900525 0.5787668285122427 0.025383610839046684 0.32786815571264838 0.37516093204292622 0.36912352514484537 0.40410065045723759 0.30335863411656766 0.20445494878643014 0.31622877286552104 0.23432550584850423 0.08688717463551901 0.52398042068206097 0.47171056347880952 0.49355785469452101 0.35888913599390276 0.58969364469036611 0.29219399947994673 0.17740072495164033 0.048417550073179223 0.50633375218859233 0.15570752929683285 0.20023631733070799 0.3729013426406787 0.53402579144397144 0.59458792738079991 0.38035942860698119 0.38876864359057012 0.60936635854339505 0.59191182124695629 0.49928942776151697 0.54878598612642071 0.52194889409398837 0.18869385731405397 0.001909892262487754 0.37807190172160143 0.021182936119273046 0.02658912095998189 0.031428882359342707 0.0038143432364783946 9.9054734816324234e-05 0.37234253879425516
decision_type=2 2 2 2 2 2 2 2 2 2 2 2 2 2 2 2 2 2 2 2 2 2 2 2 2 2 2 2 2 2 2 2 2 2 2 2 2 2 2 2 2 2 2 2 2 2 2 2 2 2 2 2 2 2 2 2 2 2 2 2 2 2
left_child=3 5 18 -1 -5 6 10 8 -8 -4 38 12 37 -14 17 -10 -17 19 -3 47 22 -22 23 -21 33 27 30 -24 -28 -29 -27 32 34 59 36 -31 -30 -12 42 41 -41 -6 43 -2 -15 46 -44 48 56 -43 51 -39 -11 -19 60 -56 57 -7 -58 -25 61 -52
right_child=1 2 9 4 39 14 7 -9 15 52 11 -13 13 44 -16 16 -18 53 -20 20 21 -23 25 24 -26 26 28 29 31 35 -32 -33 -34 -35 -36 -37 -38 50 -40 40 -42 49 45 -45 -46 -47 -48 -49 -50 -51 54 -53 -54 -55 55 -57 58 -59 -60 -61 -62 -63
leaf_value=-7.2979600962391633e-05 -0.0001033119301269707 0.00033010889228146092 -0.00057133302291175478 0.00056446440217760489 0.00040251899544226441 0.00010864968558318309 1.0996248619124616e-05 -0.00013200906698217831 0.00028644361792773496 -0.00011509515394688675 0.00018954421523111709 0.00012465816721026092 -4.1554752606010589e-05 -0.0002032721881912137 -0.00010309733364238564 -4.1203539202699646e-05 0.00015983726670952802 0 -4.1010852458568841e-06 2.9066376961857463e-05 9.3352017577091485e-05 -0.00025482030535421972 -0.00011220065008010313 0 -0.00015609622907172715 3.7107991426109939e-05 -4.1160923553504031e-05 0.00051415555588076251 0 7.7873851622407419e-05 -0.00014737438919582816 -6.9778596452262074e-05 0.00048490168540025943 -6.0723878083474876e-05 -3.3000527857537475e-05 0.00036755168646532093 0.00028099890473092659 -6.6629870047786319e-06 -8.9168484627255885e-06 -0.00022788699666918569 0.00024344669114717673 4.1381839599951875e-05 0.00029532923655024634 0.00014361985125794209 0 -3.1590057451240902e-05 0 1.0099727424836237e-06 -0.00021025419392766643 0.00025672012988716856 -0.0002685718025521441 -0.0002193678560775698 -0.00041398262303897102 -0.0003208043301937893 4.3303530934437456e-05 -0.00011149153587456428 -0.0001503532203310459 0.00041263046087388179 9.7721193740828402e-05 0.00031246829929575966 2.221582836824766e-05 0
leaf_weight=65 61 20 21 21 29 99 308 55 67 83 33 75 547 235 156 92 219 25 33 3067 27 53 23 20 161 233 69 27 29 104 97 27 28 84 35 31 93 1558 10434 31 23 108 59 41 46 20 23 7586 20 42 31 28 20 24 43 370 24 21 53 29 200 29
leaf_count=65 61 20 21 21 29 99 308 55 67 83 33 75 547 235 156 92 219 25 33 3067 27 53 23 20 161 233 69 27 29 104 97 27 28 84 35 31 93 1558 10434 31 23 108 59 41 46 20 23 7586 20 42 31 28 20 24 43 370 24 21 53 29 200 29
internal_value=-6.60957e-07 -1.99082e-06 -0.000143654 0.000108712 0.000159154 -1.01805e-06 -9.96194e-06 6.28257e-05 7.9921e-05 -0.000257378 -1.39337e-05 -3.61493e-05 -4.03392e-05 -8.72318e-05 9.5453e-06 0.000133419 9.71569e-05 1.10824e-05 0.000103568 1.19052e-05 2.75814e-05 -0.000124858 3.07586e-05 2.00465e-05 -7.0626e-05 7.47244e-05 4.35424e-05 0.000172227 0.000114795 0.000218823 -1.41175e-05 0.000170265 0.000210719 2.53643e-05 0.000155178 0.000152017 0.000217336 -2.29596e-05 -7.16724e-06 0.000118108 -8.57056e-06 0.000161891 7.73809e-05 0 -0.000172544 0.000158698 0.000217271 3.2647e-06 7.74439e-05 0.00010847 -2.65148e-05 -1.10623e-05 -0.000183176 -0.000170336 -6.14378e-05 -9.29476e-05 0.000111817 0.000170472 7.33441e-06 0.000193134 -7.52472e-06 -0.000123171
internal_weight=27315 26996 177 319 254 26819 14574 741 686 124 13833 3195 3120 828 12245 378 311 12089 53 12040 4237 80 4157 3361 294 796 611 185 281 162 330 212 185 133 157 135 122 2292 10638 233 54 179 204 102 281 102 82 7803 217 150 2259 1586 103 49 673 413 197 120 77 49 260 60
internal_count=27315 26996 177 319 254 26819 14574 741 686 124 13833 3195 3120 828 12245 378 311 12089 53 12040 4237 80 4157 3361 294 796 611 185 281 162 330 212 185 133 157 135 122 2292 10638 233 54 179 204 102 281 102 82 7803 217 150 2259 1586 103 49 673 413 197 120 77 49 260 60
is_linear=0
shrinkage=0.01


Tree=72
num_leaves=63
num_cat=0
split_feature=0 8 7 7 4 5 4 2 5 2 7 0 7 4 0 6 2 2 5 7 7 2 4 7 6 5 2 5 6 2 5 2 5 7 5 7 7 2 7 4 5 4 4 7 7 5 4 4 5 2 2 6 7 4 5 4 5 7 2 7 0 7
split_gain=0.0379474 0.035153 0.0503677 0.0345182 0.0296068 0.0237823 0.0271556 0.0232846 0.0313614 0.0227274 0.0259706 0.0223284 0.0207746 0.0370912 0.0205422 0.0197545 0.0249641 0.0235955 0.0194762 0.0234755 0.0262278 0.0192415 0.0183304 0.017737 0.0176812 0.023765 0.0201458 0.0173758 0.0226378 0.0218121 0.019877 0.0449243 0.0210223 0.017704 0.0173084 0.0168991 0.0320209 0.016827 0.0158724 0.0206517 0.0157615 0.0157031 0.0181099 0.0316068 0.0316668 0.0250887 0.0188185 0.0163728 0.0149585 0.013937 0.0130899 0.0133578 0.0382941 0.0130557 0.012391 0.0123183 0.0121152 0.0140751 0.0121082 0.0162147 0.0175294 0.0121234
threshold=0.30056698617545202 0.12741321144847101 0.30855636467669412 0.29219399947994673 0.0018591303251098358 0.29463196457937213 0.0060805883275158179 0.51273014844009113 0.42780136879592773 0.46429904921237114 0.35888913599390276 0.5787668285122427 0.34010066744016426 0.0043131568958164552 0.46074123640797277 0.068014215365208755 0.60583793151084819 0.55333848714514333 0.66819914462362762 0.32287616187972584 0.37280843325230384 0.86721475903900525 0.0036848242566615364 0.72625777244508283 0.047513928308630306 0.52027308682700024 0.27744570283327646 0.4504075308503635 0.0075786979760489705 0.66715848174331216 0.21822877097103607 0.63119125314190561 0.38520806655877365 0.37748831019680834 0.41550073510443686 0.37194249955962394 0.37252485638269189 0.77595549266097119 0.37213716320685936 0.0065905151205284812 0.41044339253338707 0.0040402381065425723 0.0053129301862525997 0.4085167430629188 0.42894234027303563 0.34602251473712181 0.0048901078398891013 0.0044822325689462244 0.28379537436633168 0.39269029385429988 0.63318187874850651 0.011460026360688614 0.37994432301311115 0.022860059013887348 0.56686228788935888 0.0063766012199481066 0.27803857464543008 0.37201932771143592 0.17740072495164033 0.3729013426406787 0.36209384398246797 0.34905194532104322
decision_type=2 2 2 2 2 2 2 2 2 2 2 2 2 2 2 2 2 2 2 2 2 2 2 2 2 2 2 2 2 2 2 2 2 2 2 2 2 2 2 2 2 2 2 2 2 2 2 2 2 2 2 2 2 2 2 2 2 2 2 2 2 2
left_child=3 4 40 -1 9 6 -5 8 14 10 -2 22 -4 -14 58 16 -11 -17 19 -10 38 37 27 41 26 34 -7 28 35 -29 33 32 -32 -30 -26 -9 -37 -13 39 -21 -3 -24 43 45 -45 50 47 -47 -38 -16 56 52 -52 -22 -44 -39 -43 -58 59 -6 -61 -60
right_child=1 2 12 5 7 24 -8 11 18 15 -12 21 13 -15 49 17 -18 -19 -20 20 53 -23 23 -25 25 -27 -28 29 30 -31 31 -33 -34 -35 -36 36 48 55 -40 -41 -42 42 54 44 -46 46 -48 -49 -50 -51 51 -53 -54 -55 -56 -57 57 -59 61 60 -62 -63
leaf_value=0.0004531951739954123 -3.3891996439599538e-05 0.00032682423571365609 -0.00056564677097300565 -0.00025246312965051843 -3.4733495296648203e-06 0.00021195998436231281 9.8522359295688636e-05 -1.7848288720373543e-05 0.00027112506898779236 6.7457424020002176e-05 0.00034467405435717225 -9.5823895999253437e-05 -3.5198110451117379e-05 -0.00046041525996028473 1.5777533424988125e-05 0.00023574705023720171 0.00056348215890640162 0 -0.00013117939110755467 -8.9581622885415483e-05 0.00010574743886401078 -0.00025033443815510346 -7.3141328483017042e-05 -0.00010393165245848237 0 0.00024014423300155359 2.2501291170530259e-06 0.00029056033309864208 0.0001380360863629898 -5.1257710901566259e-05 0 -0.00019697277540012674 0.00025860079090648163 -0.00013061089652601158 -0.00035972945432448801 0.00050508098312278032 1.0373955776959863e-05 0.00028544522299798147 -0.00019673037905949334 0.00018588424556545066 -3.547024959553252e-06 -1.6569532256920461e-06 6.3139649564209453e-06 0.00058108106782824227 8.8464290193105872e-05 -2.9612232888136368e-05 0.00014035995981162962 -0.00031928766289789057 0.00023591496653549497 -6.7109942291283261e-05 5.323984442932373e-05 4.8536449040489753e-05 0.00047750501060975117 -0.00013614769390232824 -0.00015555701594732526 0 -7.6726591727647807e-05 0.00018760776249619366 -5.1613000096725032e-05 0.0002887903834299463 0 -9.1357942788558875e-06
leaf_weight=26 182 20 21 44 99 165 39 52 55 26 20 132 70 33 226 69 25 108 49 72 403 57 232 143 21 20 77 63 139 20 161 123 37 26 23 26 87 23 53 43 32 377 9670 22 48 54 22 41 54 1101 71 169 35 20 47 30 21 77 729 51 25 11309
leaf_count=26 182 20 21 44 99 165 39 52 55 26 20 132 70 33 226 69 25 108 49 72 403 57 232 143 21 20 77 63 139 20 161 123 37 26 23 26 87 23 53 43 32 377 9670 22 48 54 22 41 54 1101 71 169 35 20 47 30 21 77 729 51 25 11309
internal_value=-6.54009e-07 -2.15452e-06 -0.000143027 9.41758e-05 -1.1888e-06 6.74993e-05 -7.55884e-05 -2.57184e-06 -1.12615e-05 8.10379e-05 0 7.6029e-06 -0.000254974 -0.000181446 -1.46825e-05 0.000149488 0.000330803 9.14406e-05 5.39414e-05 6.9549e-05 4.90553e-05 -8.70548e-05 9.62674e-06 6.19539e-06 0.00010959 -2.53151e-05 0.000149393 5.63768e-05 3.84719e-05 0.000196198 0 -4.54209e-05 4.37289e-05 8.95934e-05 -0.000168925 0.000122863 0.000172646 -3.12365e-05 -5.29066e-05 4.80257e-06 0.000104708 7.73483e-06 9.59051e-06 5.17003e-05 0.00025816 3.385e-05 -9.92552e-05 -0.00016535 0.000103945 -5.22398e-05 5.5958e-05 0.00011179 0.00020307 9.19173e-05 5.42651e-06 0.000110668 2.15129e-05 0.000120751 -1.05195e-05 7.12344e-05 0.000181568 -1.17916e-05
internal_weight=27315 26900 176 415 26724 389 83 26294 14235 430 202 12059 124 103 13540 228 51 177 695 646 591 242 11817 11029 306 64 242 788 705 83 486 321 198 165 44 219 167 185 168 115 52 10886 10654 937 70 867 117 95 141 1327 750 275 106 423 9717 53 475 98 12213 175 76 12038
internal_count=27315 26900 176 415 26724 389 83 26294 14235 430 202 12059 124 103 13540 228 51 177 695 646 591 242 11817 11029 306 64 242 788 705 83 486 321 198 165 44 219 167 185 168 115 52 10886 10654 937 70 867 117 95 141 1327 750 275 106 423 9717 53 475 98 12213 175 76 12038
is_linear=0
shrinkage=0.01


Tree=73
num_leaves=63
num_cat=0
split_feature=8 7 4 1 5 1 6 5 3 3 7 6 6 6 7 1 3 7 6 3 4 7 6 7 4 1 5 8 7 6 4 4 6 3 5 6 3 4 3 4 4 7 5 5 5 6 1 5 7 1 1 7 5 5 3 5 8 4 7 5 7 6
split_gain=0.0300052 0.0610691 0.0315772 0.0470411 0.0252244 0.03421 0.0259602 0.0247103 0.0555446 0.0617091 0.025796 0.0414759 0.0239489 0.0431306 0.0355216 0.0214974 0.0225252 0.0204962 0.0268831 0.020261 0.0237928 0.0190769 0.0190262 0.0358262 0.0377243 0.0284409 0.0433642 0.0289976 0.0270691 0.0206821 0.0198165 0.0294744 0.0323248 0.0276484 0.0193031 0.0271849 0.028334 0.021427 0.0181496 0.0595054 0.0245047 0.0210383 0.0177605 0.0167053 0.0201936 0.0165536 0.0161763 0.0207405 0.0143185 0.0139782 0.0143951 0.0159951 0.0234938 0.0257635 0.043924 0.0190652 0.0168827 0.0156622 0.0134694 0.0177639 0.0135748 0.0214763
threshold=0.12741321144847101 0.29219399947994673 0.0018591303251098358 0.31722211601169759 0.24198256509161645 0.48504252272221654 0.035111871204586441 0.42780136879592773 0.0046206555882738207 0.003153751415996425 0.3286174298591335 0.051801583258536905 0.068014215365208755 0.02968003299129127 0.43182003288682974 0.43484193687208389 0.0071349077706539428 0.4791986572677332 0.049317128787327462 0.0053883388684257561 0.010799923107321521 0.34905194532104322 0.025521755654205992 0.29812747837101033 0.0058896567310050144 0.55086086428888204 0.40197817760556709 0.044814452062248343 0.22341826234071116 0.016861541695978786 0.0028969209896776487 0.0055313758282399886 0.05056845288633368 0.0079230493213420083 0.21822877097103607 0.017763141935327371 0.0037136608170865782 0.0028969209896776487 0.0089201564008250783 0.0043131568958164552 0.0014564444072302995 0.30855636467669412 0.56686228788935888 0.31968812990422563 0.39748646058911924 0.10305533318778354 0.52372369779891381 0.60494817948310009 0.44407842525304214 0.80314445052793193 0.58705099530516758 0.51213844923503637 0.40197817760556709 0.32367785436645125 0.0080279480433129054 0.34843975740138844 0.0066438132549787735 0.028137447995586293 0.40169195162330679 0.2871515309717127 0.35999049734224575 0.03803903969466884
decision_type=2 2 2 2 2 2 2 2 2 2 2 2 2 2 2 2 2 2 2 2 2 2 2 2 2 2 2 2 2 2 2 2 2 2 2 2 2 2 2 2 2 2 2 2 2 2 2 2 2 2 2 2 2 2 2 2 2 2 2 2 2 2
left_child=2 -2 3 -1 -5 -6 -7 21 9 46 11 -11 13 -10 15 45 -17 19 -19 -15 42 22 23 24 29 26 27 30 -26 -4 -24 -32 -33 -34 -25 36 37 -36 39 40 41 -3 48 -8 -45 -14 47 -9 -21 50 51 -23 53 56 55 -55 -53 58 60 -60 -52 -62
right_child=1 38 7 4 5 6 43 8 12 10 -12 -13 14 17 -16 16 -18 18 -20 20 -22 49 25 34 28 -27 -28 -29 -30 -31 31 32 33 -35 35 -37 -38 -39 -40 -41 -42 -43 -44 44 -46 -47 -48 -49 -50 -51 57 52 -54 54 -56 -57 -58 -59 59 -61 61 -63
leaf_value=-0.0002876690649535767 0.00035801331229229789 -6.5247682031241455e-05 0.00034794382861046803 0 5.7766761399407243e-05 0 0.00058373400354548284 0.00014879358485712354 -1.8213183575946799e-05 0.00079058658110398895 0.00018943429160787212 0.00016890254143171865 0.00038484400120603529 -9.3728912095377098e-05 -0.000229135462966092 -0.00034162939550258606 3.4078799942198834e-05 0.00018634278157879277 -0.0002038157703116476 0.00033902761933905968 -5.5100720006725225e-05 -9.3352843749085016e-07 -5.7697265608115153e-05 1.5267934667442968e-05 0.0002960869793448037 8.194633381934992e-05 0.00020652691652897037 0.00014592898622307318 -7.5980282023218161e-05 2.2140414059269691e-05 -0.00042344093918249905 -6.3258036858317894e-05 -9.8497420644210601e-05 -0.0006796465832647399 -0.00019040750292171338 2.2570134534500648e-05 -8.6343414337739977e-05 -0.00063760875420765337 5.8524282371152682e-05 -0.00071804742354107372 0 -0.00045267625529511247 0 4.0497863829092196e-05 0.00041653893481327512 1.8761565287823741e-05 -0.00024268148028497378 -0.00020019650815845957 5.0984341697612667e-05 -0.00012367792972416049 0.00016185014752943054 -8.595830475214601e-05 0.00024033519829255202 -0.00010324787535358334 -0.00027927013928093306 0.0001464234105910719 -3.2695612734868157e-06 -5.5900458830774383e-05 3.3598022274435706e-05 0.00020733830869735487 2.194470430120944e-05 -0.00012365345021915383
leaf_weight=30 22 36 64 141 143 21 31 67 545 26 98 27 21 20 96 25 33 33 37 125 24 19444 103 221 23 72 33 25 120 38 68 121 22 20 47 111 183 20 20 22 66 34 27 34 37 46 23 21 30 93 66 321 30 80 112 49 1195 235 204 95 2034 105
leaf_count=30 22 36 64 141 143 21 31 67 545 26 98 27 21 20 96 25 33 33 37 125 24 19444 103 221 23 72 33 25 120 38 68 121 22 20 47 111 183 20 20 22 66 34 27 34 37 46 23 21 30 93 66 321 30 80 112 49 1195 235 204 95 2034 105
internal_value=-6.46936e-07 -0.000122662 2.16613e-07 8.45549e-05 0.000114512 0.000171874 0.000296256 -1.12772e-06 4.09291e-05 0.000171496 0.000303078 0.000493627 7.76305e-06 3.2965e-05 -8.35897e-05 2.02896e-05 -0.000110962 0.000130547 -5.61511e-06 0.000177127 0.000208309 -3.36354e-06 -4.08374e-05 -1.06991e-05 8.91927e-05 -9.23852e-05 -0.000126968 -0.000160458 -8.98409e-06 0.000236501 -0.000186421 -0.00023944 -0.000156335 -0.000399945 -5.44757e-05 -9.99337e-05 -0.000158311 -0.000339555 -0.000187853 -0.000225383 -0.00013787 -0.00026807 0.000248547 0.000362279 0.000250838 0.000148809 0 5.40284e-05 0.000289794 -1.31132e-06 -7.94326e-07 -3.61795e-06 -3.22654e-05 -3.75025e-05 -0.00013433 -6.25603e-07 -2.14423e-05 2.07269e-05 2.83197e-05 9.2194e-05 1.9201e-05 1.43246e-05
internal_weight=27315 200 27115 437 407 266 123 26678 1324 262 151 53 1062 841 221 125 58 296 70 226 206 25354 1291 827 245 464 392 359 143 102 334 231 163 42 582 361 250 67 178 158 136 70 182 102 71 67 111 88 155 24063 23970 21231 1787 1757 241 129 1516 2739 2504 299 2205 2139
internal_count=27315 200 27115 437 407 266 123 26678 1324 262 151 53 1062 841 221 125 58 296 70 226 206 25354 1291 827 245 464 392 359 143 102 334 231 163 42 582 361 250 67 178 158 136 70 182 102 71 67 111 88 155 24063 23970 21231 1787 1757 241 129 1516 2739 2504 299 2205 2139
is_linear=0
shrinkage=0.01


Tree=74
num_leaves=63
num_cat=0
split_feature=0 8 7 7 4 1 5 3 5 1 1 5 8 7 4 1 1 5 5 8 8 7 8 3 1 3 5 0 5 5 3 8 7 8 5 4 5 7 1 5 3 5 8 4 7 7 8 5 8 4 3 4 3 7 3 4 5 4 3 0 1 0
split_gain=0.037294 0.0339489 0.048617 0.033486 0.0285124 0.0451083 0.0233496 0.0266119 0.0231084 0.0310126 0.0284402 0.0244452 0.0325478 0.0199396 0.0358171 0.0181572 0.016109 0.0153505 0.0153131 0.01755 0.0141636 0.0372892 0.0217082 0.0271369 0.030832 0.0276752 0.0251157 0.0234345 0.0220469 0.0244367 0.0211294 0.0227161 0.0190534 0.018487 0.0172338 0.0163835 0.0250415 0.0252981 0.0164919 0.0160967 0.0358813 0.0208909 0.0254795 0.0318654 0.0224165 0.0344666 0.0263174 0.0262083 0.0216557 0.0185186 0.0164836 0.0277508 0.0164263 0.0172067 0.0163667 0.0394773 0.0369004 0.028962 0.0210715 0.0210236 0.0175538 0.0170303
threshold=0.30056698617545202 0.12741321144847101 0.30855636467669412 0.29219399947994673 0.0018591303251098358 0.31722211601169759 0.29463196457937213 0.0075903134287930865 0.24198256509161645 0.48504252272221654 0.61856023191857668 0.30671945708946685 0.064468386113831766 0.34010066744016426 0.0043131568958164552 0.80314445052793193 0.54942061591529068 0.41044339253338707 0.15965656700228364 0.0034606594841658511 0.0718739797584068 0.3820382641523572 0.032076395690499519 0.0065970600156578423 0.48258158745312668 0.0029375889081736197 0.27520849325500935 0.44149826529094344 0.36405158250417352 0.52027308682700024 0.0028067875750827005 0.04350854282294047 0.3452177380981451 0.047975840679072811 0.66819914462362762 0.0064281467712523372 0.41550073510443686 0.4112364644137701 0.51234788704415501 0.42780136879592773 0.0046206555882738207 0.21630763113365523 0.0017793013385569709 0.0036848242566615364 0.29812747837101033 0.35295759859223591 0.013206007182500817 0.30115727713069956 0.0012895853738165164 0.0031870133343321599 0.0053883388684257561 0.0042549030590059451 0.035097690975710728 0.44407842525304214 0.0063983027787174662 0.0028969209896776487 0.30115727713069956 0.0068758601902060359 0.0084411275592699946 0.39552006104314502 0.54670270575063651 0.4235468275192818
decision_type=2 2 2 2 2 2 2 2 2 2 2 2 2 2 2 2 2 2 2 2 2 2 2 2 2 2 2 2 2 2 2 2 2 2 2 2 2 2 2 2 2 2 2 2 2 2 2 2 2 2 2 2 2 2 2 2 2 2 2 2 2 2
left_child=3 4 17 -1 5 -2 7 16 -7 -10 11 -11 -13 -4 -15 20 -5 -3 -17 -20 22 -22 34 25 27 30 -26 32 -29 33 31 -24 -25 -30 39 -28 37 -37 -38 41 49 -6 43 48 46 54 47 -44 -43 -41 51 -42 -47 -54 55 56 -46 61 -59 -58 -60 -56
right_child=1 2 13 6 15 8 -8 -9 9 10 -12 12 -14 14 -16 18 -18 -19 19 -21 21 -23 23 24 26 -27 35 28 29 -31 -32 -33 -34 -35 -36 36 38 -39 -40 40 50 42 44 -45 45 52 -48 -49 -50 -51 -52 -53 53 -55 57 -57 59 58 60 -61 -62 -63
leaf_value=0.00044714424975030828 -0.00028480193209509517 0.00032190512126168026 -0.00055551179556696893 0 3.1222091432707682e-06 0 0.0001087605464814154 9.7527044975315522e-05 5.6349968302217439e-05 0.00070602606166506282 0 3.5618043349628469e-05 0.00048410100208335364 -3.4265447404307346e-05 -0.00045242005078476543 0 -0.00042550354795066708 -3.9160751659318642e-06 -2.5886176942121171e-05 -0.00041355802951399174 0 -0.00023923533111933363 -7.5462002529562311e-05 -0.00028790602455762681 -6.079229436968283e-06 0.00011813851309619032 0 -3.5795491829398706e-05 -0.00043156426641330472 1.267988119998249e-05 -0.00021720916299625758 0.00015212420953740005 1.3619685061971521e-05 -2.5091119710867999e-05 -0.00024355257999970334 0 -0.00021589897095945096 0.00027232578613489369 0.00010714278749209828 3.2601479492930287e-05 2.126168907287572e-05 6.3417105296534166e-05 7.4864625838719912e-05 0 -0.00022219652214142328 -1.9463262070661769e-05 -4.9438015092033631e-05 0.00043377154865657965 0.00031225476498372029 0.00028820862751611083 2.7007364158548982e-05 -0.00036015790000024854 -0.00025010888842428062 -3.2531528218832439e-06 0.00035477042132862148 -0.00031892928481162445 0.00027326969169946607 -0.00031019910550598859 -9.5744543425103484e-05 -2.6890903470274354e-05 0.00017726433152953785 3.0408278179991619e-06
leaf_weight=26 30 20 21 20 13068 141 306 39 141 20 23 40 35 70 33 39 24 32 29 30 207 91 86 22 380 521 89 133 54 21 42 84 396 21 30 52 26 146 38 59 38 165 96 2365 90 6400 89 30 51 80 558 31 65 65 22 101 30 42 147 86 26 53
leaf_count=26 30 20 21 20 13068 141 306 39 141 20 23 40 35 70 33 39 24 32 29 30 207 91 86 22 380 521 89 133 54 21 42 84 396 21 30 52 26 146 38 59 38 165 96 2365 90 6400 89 30 51 80 558 31 65 65 22 101 30 42 147 86 26 53
internal_value=-6.39484e-07 -2.12733e-06 -0.000140567 9.33701e-05 -1.17765e-06 7.95134e-05 6.70456e-05 -7.4659e-05 0.000109401 0.000165531 0.000287367 0.000363947 0.000258592 -0.000250592 -0.000178246 -2.53556e-06 -0.000249829 0.000102583 -0.000138479 -0.000240294 -1.9883e-06 -7.05815e-05 -1.16013e-06 2.95168e-05 2.61156e-06 7.87257e-05 4.77921e-05 -4.6889e-05 -0.000128214 -0.000245676 -1.34283e-05 3.11368e-05 0 -0.000331252 -3.92474e-06 0.000108948 0.000148832 0.000204754 -8.62438e-06 -3.57902e-06 4.13709e-05 -5.1203e-06 -1.60759e-05 1.06777e-05 -2.56171e-05 -2.87535e-05 7.36685e-05 0.000168525 0.000126915 0.000187004 7.46607e-06 -0.000135902 -2.19079e-05 -0.000134465 -0.00010194 -0.000154196 -6.84609e-05 -4.314e-05 -0.000104681 4.22921e-05 -4.88586e-05 0.000119865
internal_weight=27315 26900 176 415 26724 430 389 83 400 259 118 95 75 124 103 26294 44 52 98 59 26196 298 25898 2111 1378 733 731 647 229 96 212 170 418 75 23787 351 262 198 64 23757 766 22991 9923 2581 7342 7127 215 126 216 139 627 69 6530 130 597 307 206 290 215 116 173 75
internal_count=27315 26900 176 415 26724 430 389 83 400 259 118 95 75 124 103 26294 44 52 98 59 26196 298 25898 2111 1378 733 731 647 229 96 212 170 418 75 23787 351 262 198 64 23757 766 22991 9923 2581 7342 7127 215 126 216 139 627 69 6530 130 597 307 206 290 215 116 173 75
is_linear=0
shrinkage=0.01


Tree=75
num_leaves=63
num_cat=0
split_feature=0 3 2 5 1 1 3 5 5 0 3 2 6 2 6 5 3 6 1 6 3 3 6 6 2 0 2 4 6 4 2 6 4 1 2 2 5 0 1 3 2 6 4 6 4 5 0 2 5 6 6 3 3 6 3 3 5 4 0 5 5 1
split_gain=0.0509039 0.0344459 0.0326064 0.0562487 0.0218564 0.0193597 0.0298743 0.0179665 0.0286986 0.0464044 0.0216673 0.0279477 0.0185673 0.0508892 0.0183191 0.0385289 0.0189336 0.0284641 0.0288201 0.0198521 0.0196009 0.017244 0.0165825 0.0309378 0.0191186 0.0161178 0.0158381 0.0148955 0.0136219 0.0135724 0.0134291 0.0127806 0.016207 0.0211823 0.0125315 0.013254 0.0194086 0.0344252 0.0140277 0.0202031 0.0141668 0.0126028 0.0123335 0.0336032 0.0193972 0.0123076 0.0298498 0.0135241 0.01764 0.0127352 0.0164846 0.01219 0.021414 0.0189489 0.0144796 0.0137457 0.0121571 0.0264444 0.0207002 0.0142569 0.0112531 0.031784
threshold=0.2750579606271748 0.003153751415996425 0.15570752929683285 0.31968812990422563 0.73633499680457171 0.57806872831825062 0.0055243683075078898 0.66819914462362762 0.48056441479815754 0.35212560457781217 0.017709047680412988 0.65245139068731206 0.18477346788605067 0.28949998768923252 0.022548092084515931 0.54063342093759037 0.0046206555882738207 0.064136930030969777 0.4225947896935362 0.098895034325497913 0.012289358081304571 0.0070121931251602996 0.0027917263016600771 0.011460026360688614 0.37048295496760941 0.46801367405442712 0.60218945098566634 0.0054799152774254491 0.0029170608640807327 0.0059439518357249062 0.44571444077228173 0.06066394973679743 0.0054441409919618296 0.60019740460900262 0.12402108001548406 0.52676969373535465 0.32786815571264838 0.44149826529094344 0.51405660865048819 0.0062499554509059148 0.86721475903900525 0.098895034325497913 0.0041512226156106393 0.017176899627230756 0.0033914323342251534 0.33405044714648474 0.33419359807814791 0.3581228516130272 0.37032018249502213 0.0022944311023781233 6.0645756009994434e-05 0.0063983027787174662 0.0046206555882738207 0.010202637686081399 0.011766964329396291 0.0096550955776958155 0.35428091864699085 0.0051032676259729218 0.38052542571306608 0.33184270933176369 0.42780136879592773 0.54670270575063651
decision_type=2 2 2 2 2 2 2 2 2 2 2 2 2 2 2 2 2 2 2 2 2 2 2 2 2 2 2 2 2 2 2 2 2 2 2 2 2 2 2 2 2 2 2 2 2 2 2 2 2 2 2 2 2 2 2 2 2 2 2 2 2 2
left_child=1 -1 3 -3 5 7 26 8 12 27 11 14 34 -14 15 -11 -16 20 25 -20 21 -18 -6 24 -24 -19 45 -10 -28 -9 -29 32 -4 -34 -2 60 38 41 -37 -40 -41 51 44 -44 -30 49 -47 -48 -49 50 -7 52 -38 -54 55 -53 59 -58 -59 -8 -36 -62
right_child=4 2 31 -5 22 6 56 29 9 10 -12 -13 13 -15 16 -17 17 18 19 -21 -22 -23 23 -25 -26 -27 28 30 42 -31 -32 -33 33 -35 35 36 37 -39 39 40 -42 -43 43 -45 -46 46 47 48 -50 -51 -52 54 53 -55 -56 -57 57 58 -60 -61 61 -63
leaf_value=-0.00022098008033573924 0.00018087067731612275 4.1708922356195809e-06 0.00033943710029913033 0.00066270375902876481 -8.8481193165202047e-06 -6.0870749270292422e-05 7.9435163323982798e-06 -0.00022349994835449516 0.00051805194252100119 0.00011128048507835265 -0.00014381782125084131 -0.00014714504570917158 -0.00059231565134664659 -2.2907753003266063e-05 0.0002694118022329649 -0.0002677410769977645 9.7474703377117396e-05 0.00029174851525909086 -0.00030658690770666306 3.2649218298989161e-05 -1.58925298640033e-05 0.00044066779361284683 -0.00057384485201098607 -2.280864695455413e-05 -0.00015618357639649781 -3.4267720435326693e-05 -4.5833570554824604e-06 0 0.000206039013452021 1.5005384075858582e-05 0.00034905552325842831 -9.5266746019952958e-05 -2.3680899405078246e-05 0.00032609958770554259 -1.278048876038316e-05 1.9865344799762535e-06 0.00011159206512300281 -7.1565298898620491e-05 9.2902962153960223e-05 1.9473200800624878e-05 -0.0002173937978111653 -0.00014756436428234142 0.00061188689465885705 9.3030562866332491e-05 -3.9013114556877629e-05 0.00047988181483547826 0.00028863244837112911 0.00024213178401804848 -7.6449199765924803e-05 -2.4975094186256258e-05 0.00017461705629932657 0.00011882016638620529 1.3983079084553252e-05 -0.00031968757862695188 1.5983771159270199e-05 0.00043465033366357509 0.00017896553516080153 5.1082678199906949e-05 -0.00017266914732330039 0.00016410278163806673 7.7467751721209283e-05 -0.00030181990371960581
leaf_weight=20 36 26 33 34 157 37 2236 65 25 75 61 57 20 92 75 41 40 30 42 21 24 37 24 81 38 21 35 29 83 26 23 22 62 22 13119 6210 61 790 440 1556 25 28 24 38 43 21 20 23 70 254 88 86 25 32 105 22 35 49 147 61 295 23
leaf_count=20 36 26 33 34 157 37 2236 65 25 75 61 57 20 92 75 41 40 30 42 21 24 37 24 81 38 21 35 29 83 26 23 22 62 22 13119 6210 61 790 440 1556 25 28 24 38 43 21 20 23 70 254 88 86 25 32 105 22 35 49 147 61 295 23
internal_value=-5.44815e-07 0.000151217 0.000193738 0.00039446 -1.80306e-06 -8.19478e-07 2.19633e-05 -4.00521e-06 -3.41988e-06 6.46656e-05 2.88328e-05 5.37649e-05 -5.24552e-06 -0.000133946 8.44632e-05 -1.4186e-05 0.000127361 7.30575e-05 -2.76935e-05 -0.000177788 0.000196583 0.000275713 -8.67047e-05 -0.00016513 -0.000334626 0.000138133 7.81292e-05 0.000295191 0.000150473 -0.000144437 0.000168064 9.9685e-05 0.000144932 5.63165e-05 -4.57043e-06 -4.90763e-06 4.13662e-06 -3.41719e-05 9.60611e-06 3.2523e-05 1.50817e-05 4.53267e-05 0.000184643 0.000310643 0.000114515 4.47095e-05 0.000127973 5.33658e-05 0 1.26069e-05 9.69261e-05 6.47036e-05 -9.2525e-06 -0.000156059 0.000110352 0.000192749 5.21316e-06 -6.32184e-05 -0.000111634 1.25328e-05 -1.12956e-05 4.68051e-05
internal_weight=27440 219 199 60 27221 26921 3264 23657 23566 601 524 463 22965 112 406 116 290 215 114 63 101 77 300 143 62 51 736 77 223 91 52 139 117 84 22853 22817 9380 1149 8231 2021 1581 359 188 62 126 513 134 113 93 379 125 331 118 57 213 108 2528 231 196 2297 13437 318
internal_count=27440 219 199 60 27221 26921 3264 23657 23566 601 524 463 22965 112 406 116 290 215 114 63 101 77 300 143 62 51 736 77 223 91 52 139 117 84 22853 22817 9380 1149 8231 2021 1581 359 188 62 126 513 134 113 93 379 125 331 118 57 213 108 2528 231 196 2297 13437 318
is_linear=0
shrinkage=0.01


Tree=76
num_leaves=63
num_cat=0
split_feature=0 3 2 6 1 8 6 1 3 8 2 2 6 2 0 8 1 0 3 6 0 4 4 8 3 3 3 8 2 4 3 2 3 0 6 3 4 2 8 6 4 1 2 8 6 4 6 4 8 8 4 3 6 1 4 6 6 0 3 8 6 3
split_gain=0.0498923 0.0338015 0.0319792 0.0385182 0.021475 0.0222762 0.0341812 0.01899 0.029282 0.0176934 0.015508 0.0147917 0.013388 0.0128637 0.0318282 0.0217783 0.016922 0.0164809 0.0171665 0.016213 0.0272894 0.0271958 0.0374562 0.0196516 0.0229052 0.0189997 0.0184003 0.0237834 0.0164804 0.0176631 0.0151726 0.0155712 0.0145857 0.0142265 0.0132432 0.0130964 0.0128628 0.0127183 0.0133717 0.0125469 0.0158741 0.0207737 0.0123344 0.0122519 0.0177315 0.0120919 0.0328762 0.0190344 0.0120342 0.017106 0.0125669 0.0258783 0.0161149 0.0116175 0.0143012 0.0134613 0.01473 0.0114363 0.0144308 0.0111762 0.0201849 0.0107533
threshold=0.2750579606271748 0.003153751415996425 0.15570752929683285 0.012034139517583227 0.73633499680457171 0.0034606594841658511 0.011460026360688614 0.57806872831825062 0.0055243683075078898 0.0088638589618021575 0.60218945098566634 0.12402108001548406 0.0029170608640807327 0.44571444077228173 0.36949325066670885 0.10477745130046796 0.42624377084842063 0.5407542545895544 0.0014847688311104461 0.040511365014676282 0.40140941913154915 0.0055065656479526565 0.015466630045456365 0.030824899336162805 0.0081326812234259974 0.0020530940581994835 0.003153751415996425 0.02148764827511155 0.24646110804725821 0.0083920516213576764 0.0061002944587900823 0.8355137219350427 0.0024264839431738321 0.50481345731101046 0.070197462581568573 0.0068233001540524262 0.0036354290512961005 0.37807190172160143 0.026270540864076618 0.06066394973679743 0.0054441409919618296 0.60019740460900262 0.31028158480842566 0.001909892262487754 0.0082983609473675727 0.0041512226156106393 0.017176899627230756 0.0033914323342251534 0.0013984111437588388 0.00095222548699531691 0.014489635690470142 0.014637450920501336 0.00083084685733692378 0.52951136190077286 0.0058287937270488305 0.016861541695978786 0.024397787642820763 0.48090760475380251 0.033963792137802824 0.041054521710741108 0.022548092084515931 0.0048109522495953768
decision_type=2 2 2 2 2 2 2 2 2 2 2 2 2 2 2 2 2 2 2 2 2 2 2 2 2 2 2 2 2 2 2 2 2 2 2 2 2 2 2 2 2 2 2 2 2 2 2 2 2 2 2 2 2 2 2 2 2 2 2 2 2 2
left_child=1 -1 3 -3 7 -6 9 11 10 -7 -9 -2 -12 15 36 19 -17 18 -16 26 21 25 23 35 -25 -21 27 32 29 53 -19 59 -13 48 -26 -23 -15 38 -37 40 -4 -42 -18 -31 -45 47 -47 -14 49 50 51 52 -30 55 -55 61 -57 -10 -59 60 -32 -28
right_child=4 2 39 -5 5 6 -8 8 57 -11 12 13 45 14 17 16 42 30 -20 20 -22 22 -24 24 34 -27 28 -29 33 43 31 -33 -34 -35 -36 37 -38 -39 -40 -41 41 -43 -44 44 -46 46 -48 -49 -50 -51 -52 -53 -54 54 -56 56 -58 58 -60 -61 -62 -63
leaf_value=-0.00021878127013309976 0.00019497451402568269 4.5462724218419575e-05 0.00033605298708302734 0.00060796412161718573 0 -0.00019668407707265783 -2.2580842736206432e-05 4.4264429377752132e-05 1.7606144951957186e-05 -0.00060977416893443024 -4.5376512475883538e-06 7.6046610622934049e-05 0.00020398110238987636 0.00024739026219803916 0.00012955741296503349 0 -0.00037840826865872293 1.3189894391104311e-05 0 3.047993123036353e-05 -1.8928603851821494e-05 -0.0001005864239930784 0.00036712266904817206 1.2029624801401725e-05 -0.00029076827940696339 0.00026857371357926526 -0.00022305470502277766 -0.00034159752222808675 7.7644728223269562e-06 0.00026552027989790736 -0.00012424946721749798 -0.00029406112375790657 -9.8219344307603535e-05 0.00010385631587241064 0 0.00045938987810147032 6.530410713290652e-05 0 8.3428344086482222e-05 -9.4318386984828907e-05 -2.3444470977157127e-05 0.00032285335077588101 -5.7816266611027394e-05 -8.4070156589346605e-05 0.00015775069004090906 0.00060579340722357765 9.2102696390680764e-05 -3.8623887410262067e-05 -2.8267078685959413e-05 5.9811633326744632e-05 2.551215528547958e-05 -0.00034039529422637792 -8.2918685111913607e-05 0.00024493794091378295 0 0.00018619083318930523 -6.1160399728067165e-05 -2.0980660057037834e-05 -0.00029916091240590336 -0.00022357680730304889 5.6047027764115138e-05 -3.0891697233622013e-05
leaf_weight=20 37 25 33 35 153 45 81 513 1910 21 35 56 83 52 103 44 38 171 13904 65 668 23 29 114 54 103 46 36 476 48 129 39 207 91 26 21 303 46 33 22 62 22 30 45 75 24 38 43 4891 400 460 28 314 38 47 47 41 598 20 42 111 126
leaf_count=20 37 25 33 35 153 45 81 513 1910 21 35 56 83 52 103 44 38 171 13904 65 668 23 29 114 54 103 46 36 476 48 129 39 207 91 26 21 303 46 33 22 62 22 30 45 75 24 38 43 4891 400 460 28 314 38 47 47 41 598 20 42 111 126
internal_value=-5.36464e-07 0.000149709 0.000191857 0.000390693 -1.78251e-06 -8.59401e-05 -0.000173814 -8.07219e-07 2.17565e-05 -0.000343974 7.73641e-05 -3.96273e-06 0.000148972 -4.31752e-06 1.2902e-06 -1.39338e-05 -0.000153188 -9.32333e-07 9.95879e-07 -1.20143e-05 2.20255e-05 7.71883e-05 2.31387e-05 -5.28211e-06 -7.08969e-05 0.000182476 -1.75331e-05 -9.49739e-05 -1.41643e-05 3.98324e-05 -5.78487e-05 -9.87984e-05 -5.72976e-05 -1.84742e-05 -0.000201419 9.00579e-05 9.48541e-05 0.000143953 0.000248699 9.86202e-05 0.000143489 5.5638e-05 -0.000251947 0.000123897 5.8747e-05 0.000182854 0.000307709 0.000113292 -2.03227e-05 2.23799e-06 -1.50028e-05 -3.90089e-05 -2.70195e-05 0 0.000100274 -3.43036e-05 5.96583e-05 5.16903e-06 -3.16481e-05 -6.81544e-05 -3.67088e-05 -8.81945e-05
internal_weight=27440 219 199 60 27221 300 147 26921 3264 66 736 23657 223 23620 14854 8766 112 14499 14007 8654 1182 514 346 317 194 168 7472 299 7173 513 492 321 263 6660 80 123 355 100 54 139 117 84 68 168 120 188 62 126 6569 1678 1278 818 790 345 85 260 88 2528 618 282 240 172
internal_count=27440 219 199 60 27221 300 147 26921 3264 66 736 23657 223 23620 14854 8766 112 14499 14007 8654 1182 514 346 317 194 168 7472 299 7173 513 492 321 263 6660 80 123 355 100 54 139 117 84 68 168 120 188 62 126 6569 1678 1278 818 790 345 85 260 88 2528 618 282 240 172
is_linear=0
shrinkage=0.01


Tree=77
num_leaves=63
num_cat=0
split_feature=0 3 2 5 4 5 8 8 2 4 0 5 5 6 8 5 3 3 8 2 4 2 5 8 6 0 2 6 5 5 3 6 5 3 4 6 4 3 6 5 5 2 3 3 8 2 3 8 4 0 6 3 3 6 5 6 4 2 6 4 5 4
split_gain=0.0489017 0.0331694 0.0313642 0.0545339 0.0179754 0.0252364 0.0511041 0.0563561 0.0461233 0.0338725 0.0325936 0.0289919 0.0306744 0.0281564 0.0258742 0.0248388 0.0236769 0.0229302 0.0223852 0.035378 0.0305769 0.0270755 0.0233299 0.0348216 0.026725 0.0274648 0.0314049 0.0322468 0.0459627 0.0453749 0.0293869 0.0251523 0.0382604 0.0249158 0.0277275 0.0237496 0.0504837 0.0217302 0.0216132 0.0202782 0.037315 0.0218094 0.0197982 0.0196221 0.0195676 0.018292 0.0212329 0.017567 0.0177131 0.0173478 0.0172804 0.0161852 0.0394582 0.0270826 0.0388466 0.0218768 0.0163079 0.0155416 0.0149356 0.0148255 0.0195055 0.0157615
threshold=0.2750579606271748 0.003153751415996425 0.15570752929683285 0.31968812990422563 0.0053824872773388646 0.40197817760556709 0.025073457394711073 0.039879203395364028 0.68178694778960292 0.0042549030590059451 0.44606533217940941 0.24318692163682237 0.27392677401378313 0.0027917263016600771 0.12741321144847101 0.30470992937873859 0.0053883388684257561 0.003153751415996425 0.001909892262487754 0.86721475903900525 0.0060198250442060801 0.24646110804725821 0.17972589007544101 0.093078681031668303 0.016036759414242863 0.40403343119124063 0.65014931749035598 0.022837170188163568 0.43500818518651413 0.25736647733013052 0.008081140897229817 0.06066394973679743 0.52027308682700024 0.0077392574500381528 0.0055313758282399886 0.05056845288633368 0.0065249829992565997 0.0079230493213420083 0.0017324470966855077 0.35097530697808249 0.26123287148073016 0.63119125314190561 0.0035659351570754639 0.0023475710161496603 0.0050005441288497087 0.61485060598940244 0.0050619768500608916 0.046278158667972573 0.0059698140394744909 0.35668475969645869 0.020767128383022426 0.0084411275592699946 0.0067998499553577202 0.0090544113722921694 0.27662684863462605 0.010703975935764018 0.0091115989219467102 0.36383503780511073 0.014439754505979676 0.0070403219810891279 0.38520806655877365 0.009793005908466372
decision_type=2 2 2 2 2 2 2 2 2 2 2 2 2 2 2 2 2 2 2 2 2 2 2 2 2 2 2 2 2 2 2 2 2 2 2 2 2 2 2 2 2 2 2 2 2 2 2 2 2 2 2 2 2 2 2 2 2 2 2 2 2 2
left_child=1 -1 3 -3 5 10 9 17 49 42 14 13 -13 45 -2 38 44 -8 20 22 57 -22 -20 24 39 30 31 50 29 -29 -26 32 33 34 -27 36 -31 -37 -14 40 -24 -41 -7 -40 -11 -12 -47 -33 -49 -9 -28 52 -42 54 -54 56 -53 -6 -57 -32 -61 -62
right_child=4 2 -4 -5 18 6 7 8 -10 16 11 12 15 -15 -16 -17 -18 -19 19 -21 21 -23 23 -25 25 26 27 28 -30 35 59 47 -34 -35 -36 37 -38 -39 43 41 51 -43 -44 -45 -46 46 -48 48 -50 -51 -52 55 53 -55 -56 58 -58 -59 -60 60 61 -63
leaf_value=-0.00021660434682181672 -1.1757100982015917e-05 2.1678362919510074e-06 9.7566030958186095e-05 0.00065102408573856224 -0.00015126267007587154 -6.6313746674182716e-05 9.1745159633358327e-05 0.00031405212557836958 -0.00025391754942790523 -9.2095097342458901e-05 -7.6377378037380389e-05 -9.4342472510672664e-05 0.00035297032188940953 0.00010302507722485395 -0.00022615379295157581 -6.442875642440846e-06 -3.0500737285442197e-05 0.00038746225373891094 2.6930042572806186e-06 -0.00027943649727287895 0.00018055105337771605 1.294106349742757e-05 -5.7536682253393367e-05 -0.00029299185480612664 7.8007153715025599e-05 -0.00017737588419394155 -2.0988917731042056e-05 -1.3421953478161782e-05 -0.00019119075387939363 0.00076951596711586159 -0.00015559968185522444 -0.00018279998319655779 0.00027937361324888811 -6.0477454245142081e-05 1.9067200897966921e-05 -0.00012926388845990798 0.00020357853558167875 0.00018368884810371017 0.00035695565692981393 -8.7879959182393698e-05 7.2030198342810397e-05 -0.00039237463954517953 0.00010677912829047398 3.2390004170170502e-05 -0.00052513096280612384 0.00022124811507263288 -8.8032027582976363e-05 -0.00025439961341328126 1.4350377579705772e-05 6.6847074851506414e-05 -0.00032833492381576722 0.00029048822268005179 0 0 -0.0004530508840026483 -0.00014305098631199666 5.2862321788488884e-05 -2.8147539456986707e-05 9.9167288807019648e-05 -1.9796811969702888e-05 0.00025211481407554472 1.5709452043847495e-05
leaf_weight=20 2977 26 139 34 139 90 49 37 40 31 174 267 34 776 58 563 105 101 5973 50 99 6033 2119 48 679 77 91 139 50 20 64 190 40 1257 1006 32 137 59 22 341 130 28 205 200 24 56 31 29 125 223 26 33 27 62 51 93 562 521 30 661 51 86
leaf_count=20 2977 26 139 34 139 90 49 37 40 31 174 267 34 776 58 563 105 101 5973 50 99 6033 2119 48 679 77 91 139 50 20 64 190 40 1257 1006 32 137 59 22 341 130 28 205 200 24 56 31 29 125 223 26 33 27 62 51 93 562 521 30 661 51 86
internal_value=-5.29565e-07 0.000148216 0.000189995 0.000386963 -1.76354e-06 1.33649e-05 6.21589e-05 0.00013788 5.45912e-05 -1.05469e-05 4.60877e-06 3.48142e-05 -3.87266e-07 7.26397e-05 -1.61911e-05 2.90297e-05 -0.000129453 0.000297649 -6.14602e-06 -1.32463e-05 8.7247e-06 1.58131e-05 -1.22448e-05 -2.30589e-05 -2.13729e-05 -5.8865e-06 -2.24265e-05 4.5402e-05 8.61105e-05 0.000124561 2.86475e-05 -3.65895e-05 -2.45013e-05 -3.01348e-05 4.16197e-06 0.000205903 0.000282482 6.26415e-05 0.000110919 -4.25541e-05 -3.37681e-05 -0.000113795 5.05779e-05 6.92029e-05 -0.000299815 -1.38762e-05 9.95892e-05 -0.000117286 -2.99013e-05 0.000105978 -9.80498e-05 1.6198e-05 -4.8096e-05 -0.000166751 -0.000290786 4.17713e-05 6.77686e-05 -5.56102e-05 -7.58173e-05 -9.07779e-06 1.43839e-06 0.000111128
internal_weight=27440 219 199 60 27221 6063 905 450 300 455 5158 2123 1086 1037 3035 819 160 150 21158 14366 6792 6132 14316 8343 8295 4819 3278 554 437 387 1541 2724 2380 2340 1083 248 157 91 256 3476 3107 369 295 222 55 261 87 344 154 260 117 988 270 140 78 718 595 660 123 862 798 137
internal_count=27440 219 199 60 27221 6063 905 450 300 455 5158 2123 1086 1037 3035 819 160 150 21158 14366 6792 6132 14316 8343 8295 4819 3278 554 437 387 1541 2724 2380 2340 1083 248 157 91 256 3476 3107 369 295 222 55 261 87 344 154 260 117 988 270 140 78 718 595 660 123 862 798 137
is_linear=0
shrinkage=0.01


Tree=78
num_leaves=63
num_cat=0
split_feature=0 3 7 7 4 1 2 2 6 6 2 2 0 6 6 1 3 7 7 1 7 4 6 0 1 4 6 7 1 6 1 3 7 1 7 2 4 3 4 3 2 3 6 4 6 2 4 2 6 0 4 6 7 6 2 2 3 7 3 1 3 7
split_gain=0.0479607 0.0325574 0.0395431 0.0230283 0.0249137 0.0223192 0.0202036 0.0175912 0.0159799 0.0295465 0.0186672 0.0153118 0.0192898 0.018534 0.0253945 0.0308283 0.0279045 0.0209538 0.0228449 0.0195071 0.0181691 0.017021 0.0228109 0.0180415 0.016151 0.0182253 0.0181342 0.0151554 0.0151486 0.0150836 0.0152621 0.0238673 0.014855 0.0269389 0.0143714 0.0320264 0.0240328 0.0170255 0.0582746 0.025645 0.0197015 0.0193006 0.0234935 0.0183499 0.0157457 0.0141953 0.0137398 0.0136025 0.0177447 0.0135991 0.0135304 0.0133423 0.0132801 0.0124067 0.0119204 0.0151463 0.0132135 0.0128488 0.0122831 0.0397302 0.0118191 0.0114032
threshold=0.2750579606271748 0.003153751415996425 0.33384822042884604 0.51677008316212869 0.0054799152774254491 0.73633499680457171 0.73825873953785737 0.27333310966136531 0.0027917263016600771 0.011460026360688614 0.37048295496760941 0.52834616556677172 0.36524397295770922 0.18477346788605067 0.041051112243165232 0.44134973253638538 0.007426275700942106 0.39106197249868957 0.43182003288682974 0.6223077436659773 0.39957604697422139 0.0027700920988595625 0.040038328117798318 0.5451733283033765 0.51234788704415501 0.0060805883275158179 0.003228375744932037 0.36912352514484537 0.47725892104182499 0.068014215365208755 0.65301710301177662 0.0073245187602748374 0.31622877286552104 0.50423332482218663 0.35475666975560211 0.47921376805243387 0.0018591303251098358 0.0082725298401856284 0.007070737090756344 0.0092053211455095148 0.27744570283327646 0.010213014545028268 0.015769918087798884 0.012238092194965041 0.0099600546620414194 0.64248835084771383 0.023222729597201043 0.58464314792175942 0.043357672496745346 0.48738265845723044 0.00054968846306783527 0.022246884829666292 0.85757273245549304 0.015769918087798884 0.27744570283327646 0.44070272150498241 0.0097912290929691292 0.35155269892803059 0.0071701793350580304 0.4234730682311636 0.0094199982911024709 0.34010066744016426
decision_type=2 2 2 2 2 2 2 2 2 2 2 2 2 2 2 2 2 2 2 2 2 2 2 2 2 2 2 2 2 2 2 2 2 2 2 2 2 2 2 2 2 2 2 2 2 2 2 2 2 2 2 2 2 2 2 2 2 2 2 2 2 2
left_child=1 -1 -3 5 47 11 52 27 -7 10 -10 12 13 14 54 17 19 -16 -19 28 -18 22 51 24 -23 26 -26 -4 -17 30 46 -32 33 -24 35 37 -36 38 40 -39 -14 -41 44 -44 -43 49 -25 -5 -49 -28 -42 53 -6 -13 56 -56 -2 -58 59 -57 -22 -47
right_child=3 2 7 4 6 8 -8 -9 9 -11 -12 21 34 -15 15 16 20 18 -20 -21 60 23 32 29 25 -27 45 -29 -30 -31 31 -33 -34 -35 36 -37 -38 39 -40 41 50 42 43 -45 -46 61 -48 48 -50 -51 -52 -53 -54 -55 55 58 57 -59 -60 -61 -62 -63
leaf_value=-0.0002144490768762296 1.0358756349905461e-05 0.00062313328677816165 -1.4027380605746557e-06 0.00011369729889533007 -3.5671749927886687e-05 -8.6922581278097144e-06 -0.00029271967949523475 -7.0768301346454984e-06 -0.00056399657719486481 -2.1748581720828852e-05 -0.00015117681078169603 0.00015920031121148274 -0.00020435195373135027 -0.00024213181576687858 9.696572734181711e-05 0 -0.00031586998946023476 0.00066280128813572055 0.00016740728794711903 -0.00012191459877896903 -0.00018071182608483962 1.6162468440782029e-06 -8.3582602637940354e-06 -7.8914442342661886e-05 -8.2219059974061291e-06 1.5317764816263987e-05 9.1784091156856681e-05 0.00024585414302198829 0.00024903430631532751 -0.00025928399058555929 0.00026705338028938414 -9.4135653058945482e-05 -2.7549525219589805e-05 0.00029366918618300937 0.00023777553398264317 7.1626604024711496e-05 -6.8598244439342924e-06 0.00017896922951321834 -0.00057274780235372932 -0.00020381646616645033 0.00016386068710197348 0 0.00038650386924256422 0 -0.00023496846158398065 -3.9994888055712833e-05 0.00016143075970618371 0.00017080847855037863 -0.00015937768098082163 -4.3556084015347211e-05 -6.0646189907988154e-05 0.00028762413020180219 -0.00015802349248146441 -0.00011156199706312251 -2.7105567226333787e-05 -8.5477775333937252e-05 -6.771436563426391e-05 0.00014074544461096706 0 0.00038628688921900508 0.00013675311525303412 0.0001715050016845959
leaf_weight=20 430 20 22 157 1468 157 35 50 24 80 38 51 103 25 61 27 28 22 29 22 20 6280 61 341 196 2520 235 107 83 34 39 29 198 48 40 197 11332 61 25 61 26 104 24 24 39 20 23 22 50 97 537 66 101 21 848 27 28 189 93 40 28 257
leaf_count=20 430 20 22 157 1468 157 35 50 24 80 38 51 103 25 61 27 28 22 29 22 20 6280 61 341 196 2520 235 107 83 34 39 29 198 48 40 197 11332 61 25 61 26 104 24 24 39 20 23 22 50 97 537 66 101 21 848 27 28 189 93 40 28 257
internal_value=-5.25068e-07 0.000146782 0.000188199 -1.74746e-06 -3.59874e-05 6.85382e-07 -5.02589e-05 0.000133699 -8.51213e-05 -0.000162521 -0.000327732 1.74818e-06 -4.84054e-06 2.38637e-05 2.77491e-05 0.000109654 3.19851e-05 0.000244818 0.000401555 0.000123555 -0.00011387 1.09738e-05 7.17825e-05 8.18695e-06 1.12211e-05 2.90605e-05 7.0832e-05 0.000195972 0.000181797 -5.21944e-05 -3.35252e-05 9.84206e-05 2.00496e-05 0.000115626 -9.48623e-06 -4.25193e-05 -5.90932e-06 -6.59173e-05 -9.36781e-05 -1.42635e-06 -7.41105e-05 -4.91139e-05 0 0.000191569 -6.38915e-05 9.79136e-05 -6.09411e-05 5.95892e-05 -4.45209e-05 4.92296e-05 -4.84751e-05 0.00017953 -4.41947e-05 6.63131e-05 1.13027e-05 -9.38437e-06 4.50742e-05 0.000109222 7.82501e-05 0.000181426 0 0.000152617
internal_weight=27440 219 199 27221 1833 25388 1604 179 299 142 62 25089 14573 2000 1975 320 208 112 51 132 76 10516 445 10071 9605 3325 805 129 110 466 432 68 307 109 12573 1201 11372 1004 691 313 666 252 191 48 143 609 364 229 72 332 563 138 1569 72 1655 1008 647 217 160 67 48 277
internal_count=27440 219 199 27221 1833 25388 1604 179 299 142 62 25089 14573 2000 1975 320 208 112 51 132 76 10516 445 10071 9605 3325 805 129 110 466 432 68 307 109 12573 1201 11372 1004 691 313 666 252 191 48 143 609 364 229 72 332 563 138 1569 72 1655 1008 647 217 160 67 48 277
is_linear=0
shrinkage=0.01


Tree=79
num_leaves=63
num_cat=0
split_feature=2 5 1 8 7 8 5 7 6 2 8 5 5 3 8 1 8 5 1 2 2 3 1 2 2 8 6 2 5 7 6 3 2 1 8 5 3 5 6 3 8 1 3 6 2 5 2 3 6 8 3 3 5 1 3 7 2 2 3 7 1 7
split_gain=0.0371301 0.0642241 0.032276 0.0284223 0.0235281 0.0244234 0.0241273 0.0267585 0.0239731 0.0267091 0.023888 0.0201363 0.0266188 0.0361343 0.0222047 0.0193651 0.0190009 0.0311187 0.0376392 0.0713153 0.0502022 0.0458592 0.032435 0.0319979 0.0340642 0.0497436 0.0284593 0.0241661 0.0232051 0.0218191 0.0420885 0.0596408 0.026404 0.0187054 0.0350005 0.017507 0.0171008 0.0170239 0.0169834 0.0248111 0.0168458 0.0165825 0.0194229 0.0161078 0.0153396 0.0152864 0.0149539 0.0147132 0.0162889 0.0228536 0.0142871 0.0201411 0.0145462 0.0141975 0.0266591 0.0331633 0.0156843 0.0189196 0.0377629 0.0162069 0.0147288 0.0142833
threshold=0.15570752929683285 0.30829319532449556 0.6480221248308996 0.084269234954837319 0.49689698004443056 0.17631951246055069 0.52027308682700024 0.35636953619807915 0.048417550073179223 0.65753578841727867 0.037855044074436829 0.40197817760556709 0.31578437721900682 0.0078806490912922134 0.0066438132549787735 0.51918972667853613 0.028670149091304827 0.25032859341317953 0.49154083211199789 0.79851113443178678 0.2817817502026646 0.0012212015611450056 0.45283707316513011 0.29615997247248982 0.65245139068731206 0.0718739797584068 0.062155835334643292 0.31319800542508358 0.48056441479815754 0.39870430577412524 0.062155835334643292 0.0078372133423508013 0.55659128624236387 0.73633499680457171 0.0034606594841658511 0.66819914462362762 0.023695777472255413 0.15965656700228364 0.05056845288633368 0.007769885223158397 0.016644901512678206 0.43667647692675543 0.0078372133423508013 0.066186756584107595 0.44225592639305172 0.43500818518651413 0.50983412568755493 0.0028911168921700757 0.06066394973679743 0.037855044074436829 0.007981444129519932 0.0089201564008250783 0.35428091864699085 0.58242029432819109 0.0055832863298428048 0.39225192481470617 0.55140670205960785 0.24646110804725821 0.0048775477497726054 0.3452177380981451 0.51512107632339665 0.37777532698826449
decision_type=2 2 2 2 2 2 2 2 2 2 2 2 2 2 2 2 2 2 2 2 2 2 2 2 2 2 2 2 2 2 2 2 2 2 2 2 2 2 2 2 2 2 2 2 2 2 2 2 2 2 2 2 2 2 2 2 2 2 2 2 2 2
left_child=1 2 -1 40 5 16 7 -7 10 47 11 12 14 -14 36 -15 33 27 20 21 -19 -20 28 26 -25 38 -23 -18 29 32 31 -31 -22 53 -35 41 -6 -36 -26 -40 -3 42 -30 -34 -39 -13 -47 -10 49 -49 -24 -52 -53 56 55 61 57 58 60 -60 -2 -55
right_child=4 3 -4 -5 8 6 -8 -9 9 -11 -12 45 13 15 -16 -17 17 18 19 -21 22 23 50 24 25 -27 -28 -29 35 30 -32 -33 43 34 37 -37 -38 44 39 -41 -42 -43 -44 -45 -46 46 -48 48 -50 -51 51 52 -54 54 -56 -57 -58 -59 59 -61 -62 -63
leaf_value=8.7777548556602117e-05 -0.00018805200721931599 0.00024238947470236886 -0.00028163986363771444 3.6172824293834048e-05 -0.0002968230572553053 -7.7422342124765074e-05 2.8300224429062323e-05 -0.00057297066106920319 0.00014096764124391534 -0.00027154507813539203 0.00026940266849020299 0.00034846658822288156 2.0571847476488878e-05 -0.00031369067702873796 5.0873376304191728e-06 -4.0999323894968688e-08 -0.00012426420433676147 -0.00039110301565255137 0.00052281293294734969 -0.00037255012017396304 4.6225375489887019e-05 0.00040864141344987048 0 4.4176325568127211e-05 0.00052817892408323498 -0.00017379615636833754 0 5.2753762106945715e-06 0.00039024673708726705 0.00075416002843984101 -2.2085028239896553e-07 2.5113482385092887e-05 -0.00039359449193252503 0 0 -9.3137015715439444e-06 -5.3066526440448732e-05 -0.00053742323770148543 2.5293009249204524e-05 0.00047679613622503845 0.00074506492852484537 0 4.8191680796328362e-05 -6.5546050157126308e-05 -0.00016572032595489364 0.00019932277664770566 -0.00013997069253736947 -7.2469416415043899e-05 -0.00016271768380290684 0.00026869731829074986 -0.00035337084709458381 9.9965979005224161e-05 -0.00016871740415841011 9.6035935503874193e-05 5.1193643723984998e-06 0.00040021626936803564 9.3501828380622312e-06 -1.2379619847870561e-05 -6.0963336627442961e-05 0.00012282842401988416 4.8819798901317775e-05 -2.8621846158438102e-05
leaf_weight=121 77 20 29 21 33 33 31 22 30 80 28 24 79 95 1378 33 162 30 29 29 199 61 171 527 36 21 24 1203 65 22 74 29 23 150 21 30 515 26 39 22 24 22 32 76 40 26 24 90 126 25 35 32 45 347 1883 33 6496 11912 48 341 31 110
leaf_count=121 77 20 29 21 33 33 31 22 30 80 28 24 79 95 1378 33 162 30 29 29 199 61 171 527 36 21 24 1203 65 22 74 29 23 150 21 30 515 26 39 22 24 22 32 76 40 26 24 90 126 25 35 32 45 347 1883 33 6496 11912 48 341 31 110
internal_value=-5.22111e-07 0.00013029 9.55457e-06 0.000393108 -1.59236e-06 1.3806e-06 -0.000166611 -0.000294471 -3.03039e-05 -0.000107694 -1.76983e-05 -2.18058e-05 -2.78255e-05 -0.000136196 -1.56526e-05 -0.000240697 2.01041e-06 2.54362e-05 5.44344e-05 0.000104817 8.4377e-06 0.00012442 2.36702e-05 0.000107154 8.09358e-05 0.000236463 0.000294026 -9.37398e-06 6.78339e-05 2.71916e-05 0.00013894 0.000360034 -1.6359e-05 -1.25102e-06 -8.95931e-05 0.000176412 -6.96213e-05 -0.000249068 0.000335668 0.000205011 0.00054032 0.000231598 0.000287868 -0.00015217 -0.000327869 0.000138017 1.65475e-05 -5.55543e-05 -8.42136e-05 0 -6.20535e-05 -0.000149898 -4.41018e-05 -2.19633e-07 2.27846e-05 8.86145e-05 -3.16019e-06 -9.78986e-06 5.02594e-05 9.75699e-05 -0.000110828 6.38434e-05
internal_weight=27440 215 150 65 27225 24639 86 55 2586 351 2235 2207 2133 207 1926 128 24553 3038 1673 788 885 759 855 730 645 118 85 1365 572 423 125 51 298 21515 237 149 548 87 97 61 44 119 97 99 66 74 50 271 241 115 283 112 77 21278 2373 490 18905 12409 497 389 108 457
internal_count=27440 215 150 65 27225 24639 86 55 2586 351 2235 2207 2133 207 1926 128 24553 3038 1673 788 885 759 855 730 645 118 85 1365 572 423 125 51 298 21515 237 149 548 87 97 61 44 119 97 99 66 74 50 271 241 115 283 112 77 21278 2373 490 18905 12409 497 389 108 457
is_linear=0
shrinkage=0.01


Tree=80
num_leaves=63
num_cat=0
split_feature=0 6 1 1 3 6 4 3 8 0 6 6 7 4 4 6 6 3 3 7 6 6 0 7 4 4 4 8 7 3 3 1 4 4 6 1 3 8 7 1 3 0 4 1 4 7 3 3 4 6 6 8 3 4 0 4 4 4 3 8 4 4
split_gain=0.0311884 0.0327479 0.0227408 0.02491 0.0307814 0.0313313 0.0271953 0.0243786 0.0226846 0.0214584 0.0191674 0.027377 0.0257753 0.0214847 0.0192319 0.0346085 0.0439258 0.0265894 0.0257777 0.0294626 0.0249627 0.0233281 0.0219376 0.0209066 0.020234 0.0220088 0.0302895 0.019651 0.0194863 0.0358882 0.0298151 0.0193502 0.0180987 0.0180025 0.0197939 0.0175292 0.0169572 0.0165423 0.0163915 0.0161838 0.0153162 0.014729 0.0145577 0.0144137 0.0188102 0.0198535 0.0147883 0.0205613 0.0142819 0.0141854 0.0278297 0.0219695 0.0150484 0.0143703 0.0145705 0.0141026 0.0160595 0.0138372 0.0209958 0.0136427 0.01344 0.0134113
threshold=0.32564365610268015 0.18477346788605067 0.76078795705142721 0.5758486612074063 0.0068500943548258373 0.00013948523882298719 0.0063766012199481066 0.0078806490912922134 0.028234846011535534 0.56624164967954649 0.0021246229855501385 0.0027917263016600771 0.37618951886440372 0.022577964484180212 0.0066843786596255395 0.053145897516758453 0.092925470408914135 0.0063616937119007249 0.0020530940581994835 0.35802127638804704 0.0084439107617915576 0.015519248962957574 0.38690312654857689 0.55342135003920367 0.0057152846292554292 0.0038565109477913216 0.0033182212079110591 0.016215039721406029 0.32605482342521541 0.0083742912078839035 0.0072099166308012448 0.31722211601169759 0.035693944402521757 0.0027700920988595625 0.028473182446692388 0.43484193687208389 0.025998537910423374 0.12741321144847101 0.22341826234071116 0.46823613954372828 0.0042538255030019232 0.24923289139931212 0.0025867236648936453 0.63351820349175825 0.0021782721644011981 0.36785097836005126 0.0060577228008280078 0.0058279732394358975 0.0018591303251098358 0.0068105183999223745 0.010202637686081399 0.00073457394711067589 0.0072099166308012448 0.0036848242566615364 0.2750579606271748 0.0037477134111066441 0.004710330369001022 0.0019814796457181603 0.0065970600156578423 0.018908477527478505 0.0052757256079578665 0.0080858089100872502
decision_type=2 2 2 2 2 2 2 2 2 2 2 2 2 2 2 2 2 2 2 2 2 2 2 2 2 2 2 2 2 2 2 2 2 2 2 2 2 2 2 2 2 2 2 2 2 2 2 2 2 2 2 2 2 2 2 2 2 2 2 2 2 2
left_child=1 8 3 9 5 -5 7 -6 39 10 12 13 36 55 15 18 22 31 -13 20 -20 -22 -17 28 25 26 33 -25 29 30 -16 -18 -14 -23 -35 -19 42 -33 -31 -1 -28 -10 -2 48 -45 -46 47 -47 -7 51 52 -41 -51 -53 -55 -12 -57 -24 -59 -29 -44 -40
right_child=2 -3 -4 4 6 43 -8 -9 41 -11 11 14 32 -15 23 16 17 35 19 -21 21 24 57 27 -26 -27 40 59 -30 38 -32 37 -34 34 -36 -37 -38 -39 61 49 -42 -43 60 44 45 46 -48 -49 -50 50 -52 53 -54 54 -56 56 -58 58 -60 -61 -62 -63
leaf_value=0.00013154041229124116 0.00022008558007374923 -0.00022862428960511639 -0.00011239213074711053 -0.00010348492354099611 -6.5536345666790321e-05 0.00019411520423993418 9.1080774710505503e-06 -0.00048261420059930623 0.00041810381415474456 -9.7959852764677139e-05 3.5926579934600662e-05 0.0001885256228703453 5.8057305438861842e-05 2.7485150387458321e-05 2.5736956264485009e-05 0.00025168954818886928 -0.00015784187337099497 -4.8094992393100453e-05 -0.00031768244696998594 4.1893600621758926e-06 5.2742289278169741e-05 -7.6934844112323366e-05 -2.0157144725122196e-05 -0.00016637949201004599 2.7706210261983028e-05 -0.00033682691231238967 0.00029943014534595814 0.00015114919972603424 -7.4263239960335211e-06 0.00023417146376523621 -0.00035003115222123664 7.2667734474976471e-05 -6.9717475458781785e-05 -0.00042069804203229719 -4.561051237016098e-05 -0.00039997406207538882 -9.8469640505538929e-05 -9.0184402629161988e-05 0.00015519987545031832 -6.4021858433352115e-05 -1.9974088153013811e-05 0.00012842976608886712 -4.9138919060373862e-05 -5.8688397437722284e-05 0.00033949641847019611 0.00011120514829569632 1.8404694934246743e-05 0.00036528703844271884 3.1648092915352942e-05 -0.0004649333262454663 1.6050321210935045e-05 0.0003853367993869393 -7.9694955882902345e-05 0.00027107350571356991 2.5494423220995864e-05 -0.00019352269450235518 -6.8738753456870549e-05 0.00015110344169585362 0 -5.5425233810844159e-05 1.0040891412709457e-05 -8.4290596697010684e-05
leaf_weight=162 31 36 181 99 75 63 1847 20 25 239 85 70 1452 229 23 102 53 49 38 5023 163 249 90 171 118 43 27 36 8791 23 73 349 113 40 32 26 168 71 25 77 22 158 439 45 50 219 132 44 665 20 191 22 38 35 117 139 660 326 145 213 2965 159
leaf_count=162 31 36 181 99 75 63 1847 20 25 239 85 70 1452 229 23 102 53 49 38 5023 163 249 90 171 118 43 27 36 8791 23 73 349 113 40 32 26 168 71 25 77 22 158 439 45 50 219 132 44 665 20 191 22 38 35 117 139 660 326 145 213 2965 159
internal_value=1.19228e-06 5.97368e-05 -7.15814e-07 1.43531e-08 2.59308e-05 6.32525e-05 1.03602e-07 -0.000164273 7.32309e-05 -3.6035e-06 -2.57153e-06 -7.56482e-06 1.43007e-05 -5.56457e-05 -4.2706e-06 8.17602e-06 5.6841e-05 -7.71026e-06 -1.7704e-06 -4.26203e-06 -6.36143e-05 -4.82183e-05 0.000111697 -1.35805e-05 -8.10969e-05 -0.000114603 -8.59914e-05 -8.28902e-05 -1.02686e-05 -8.94045e-05 -0.000249664 1.81247e-05 4.81886e-05 -0.00012301 -0.000268157 -0.000183765 -1.42304e-07 4.27427e-05 -1.01678e-05 4.39334e-05 0.000135909 0.000173671 4.37833e-06 7.76334e-05 0.000120929 0.000141349 0.000113656 0.000157637 4.71059e-05 1.35285e-05 -3.73919e-05 6.80204e-05 -0.000230319 0.0001322 8.87579e-05 -7.83125e-05 -9.172e-05 8.44209e-05 0.000106527 -2.14959e-05 2.11373e-06 -4.62527e-05
internal_weight=27391 881 26510 26329 3259 1317 1942 95 845 23070 22831 17663 5168 1113 16550 7036 1211 548 5825 5755 732 694 663 9514 531 413 370 420 9094 303 96 473 1565 321 72 75 3603 420 207 662 49 183 3435 1218 490 445 395 263 728 500 249 251 58 174 152 884 799 561 471 249 3404 184
internal_count=27391 881 26510 26329 3259 1317 1942 95 845 23070 22831 17663 5168 1113 16550 7036 1211 548 5825 5755 732 694 663 9514 531 413 370 420 9094 303 96 473 1565 321 72 75 3603 420 207 662 49 183 3435 1218 490 445 395 263 728 500 249 251 58 174 152 884 799 561 471 249 3404 184
is_linear=0
shrinkage=0.01


Tree=81
num_leaves=63
num_cat=0
split_feature=0 2 0 4 7 8 3 7 3 4 1 2 7 1 1 2 2 1 4 7 7 4 4 8 0 1 3 1 3 2 8 4 1 8 4 0 1 0 1 1 4 2 2 1 7 7 2 4 0 7 3 3 7 7 8 8 3 4 4 3 8 4
split_gain=0.0305923 0.0348535 0.0320986 0.0291578 0.0223632 0.0314222 0.0207251 0.0170453 0.0197247 0.0163646 0.0201448 0.0162613 0.0155341 0.0208425 0.0158372 0.025549 0.0144611 0.0144258 0.0141554 0.0134372 0.013598 0.0133711 0.0361421 0.0275905 0.0175709 0.0238451 0.0168046 0.0166366 0.0133678 0.0244759 0.0144879 0.0186133 0.0222071 0.013313 0.0130907 0.0129959 0.0169162 0.0134388 0.0128459 0.0127762 0.0126338 0.0129048 0.014979 0.0117361 0.0180516 0.012298 0.0116335 0.0113917 0.0113485 0.0151503 0.0149219 0.0110849 0.0113531 0.0110622 0.010813 0.010737 0.0153518 0.0135072 0.0100049 0.0122322 0.0145378 0.00992463
threshold=0.32564365610268015 0.48085399441258975 0.56624164967954649 0.0025867236648936453 0.30335863411656766 0.17631951246055069 0.0063230922879721771 0.37284600448159172 0.0014847688311104461 0.024602633047028925 0.55086086428888204 0.59527525413099169 0.3452177380981451 0.50506591237990495 0.73633499680457171 0.29325999382284279 0.61485060598940244 0.65301710301177662 0.0060198250442060801 0.39870430577412524 0.42894234027303563 0.0031079167570494683 0.0035916091015470754 0.015981064316030039 0.24923289139931212 0.53654194744109396 0.0028911168921700757 0.46823613954372828 0.0072482899734884173 0.25261523881039222 0.024186527369681139 0.004710330369001022 0.56833221987957472 0.022695614321471321 0.0019814796457181603 0.37841540186353595 0.48036950650080046 0.36686913845584734 0.58941458650788148 0.53177208007266852 0.0056867012588518529 0.86721475903900525 0.77595549266097119 0.56143154024808128 0.3729013426406787 0.38924421333166354 0.12402108001548406 0.0085248368685646569 0.3992845780285128 0.55974157161048865 0.0052441878931421427 0.010674729841256855 0.36368778231480636 0.37280843325230384 0.04350854282294047 0.0069158776798345862 0.0065970600156578423 0.0014564444072302995 0.022577964484180212 0.0065711876056998445 0.00066383719664816652 0.013287205230665946
decision_type=2 2 2 2 2 2 2 2 2 2 2 2 2 2 2 2 2 2 2 2 2 2 2 2 2 2 2 2 2 2 2 2 2 2 2 2 2 2 2 2 2 2 2 2 2 2 2 2 2 2 2 2 2 2 2 2 2 2 2 2 2 2
left_child=4 12 3 7 18 21 43 8 -3 10 48 -9 13 35 46 -16 -12 19 -1 58 -21 23 -23 -6 25 -24 -25 -26 30 -30 31 -29 -33 -10 39 36 37 -2 -22 -35 -8 42 -42 -4 -45 -46 -14 -44 51 -50 -51 52 -5 -27 -36 -15 57 -57 59 -18 61 -61
right_child=1 2 6 9 5 -7 40 11 33 -11 16 -13 14 55 15 -17 17 -19 -20 20 38 22 24 26 27 53 -28 28 29 -31 -32 32 -34 34 54 -37 -38 -39 -40 -41 41 -43 47 44 45 -47 -48 -49 49 50 -52 -53 -54 -55 -56 56 -58 -59 -60 60 -62 -63
leaf_value=0.00039113898974705452 -1.5341911940414945e-05 0.0001539321812417367 -8.6264947446444243e-05 0.00014080465591930315 -0.00038519403600685337 -0.00029720645218408586 -0.00036191996600892806 0.00036077909449249367 0.00010075128763541223 -1.4119566598956106e-05 1.700171536363586e-05 8.1349756397355568e-05 0.00020465933094431917 -0.00011332649446669931 -0.00039383515311252601 -2.5677508639240012e-05 0.00011516378062335247 -1.8115584778965884e-06 0 0.00029637588852425605 -1.8558819065377551e-05 0.00035222988931740402 0.00039570281483489698 -8.5072773140022138e-05 0.00011137828152157521 -0.00010183026140779875 0.00025508966264657646 0 0.00016375175626574473 -3.0453322101457737e-05 0.00010327200935936945 -5.2191908471286299e-05 -0.00044726800003345817 -0.00021432677019504084 -2.9210143530044529e-05 -0.00011126994149491422 -0.00018193262119204422 0.00019810434569131471 0.00018842555551816547 3.564849387748405e-05 -0.00012482111273425588 -0.00029261504429668359 0.00022343164099330418 0.00024788112351921984 -0.00022044895443032491 0.00010234514232452763 -9.2552505548545471e-06 -5.1569807716962874e-05 6.912953207597873e-06 0.00014824969485340277 -0.00010031157066167882 0.00011602783355849376 -3.291132889591948e-06 0.00020326292919109785 0.00020898054690963858 0.00013335339564553186 0.0001614949724829111 -6.206992505565788e-05 0.00025604064563526115 2.6285125124404117e-05 -1.8979642855921577e-05 0.00021684359711274904
leaf_weight=33 71 130 65 63 20 25 26 43 91 2407 1257 65 25 52 28 79 225 205 20 62 46 44 34 34 180 24 23 57 101 165 30 40 30 63 62 480 40 43 58 21 129 34 26 40 21 23 10880 26 8140 24 224 183 326 21 25 48 76 129 29 89 279 52
leaf_count=33 71 130 65 63 20 25 26 43 91 2407 1257 65 25 52 28 79 225 205 20 62 46 44 34 34 180 24 23 57 101 165 30 40 30 63 62 480 40 43 58 21 129 34 26 40 21 23 10880 26 8140 24 224 183 326 21 25 48 76 129 29 89 279 52
internal_value=1.18031e-06 -7.09104e-07 9.63952e-06 1.21644e-05 5.91628e-05 4.49337e-05 -7.95084e-05 8.74027e-05 5.32126e-05 9.3385e-06 1.4441e-05 0.000202086 -1.33997e-05 -5.26911e-05 -9.95804e-06 -0.000131633 4.09255e-05 6.87416e-05 0.000262123 8.71484e-05 0.000171565 5.68665e-05 7.08171e-05 -6.16188e-05 5.11464e-05 0.000193783 3.4879e-05 3.07723e-05 -1.18288e-06 3.9562e-05 -7.65623e-05 -0.000126958 -0.000236172 0 -4.87456e-05 -8.55838e-05 0 5.65073e-05 8.73387e-05 -0.000139974 -0.000137093 -0.0001051 -6.42121e-05 6.95429e-06 9.09956e-05 -2.91905e-05 -8.67127e-06 6.6902e-05 7.52462e-06 4.45454e-06 -7.21766e-05 5.07887e-05 1.75059e-05 1.85086e-05 2.79157e-05 1.24108e-05 4.22396e-05 -3.38187e-06 6.48516e-05 5.4667e-05 1.9858e-05 0.000103753
internal_weight=27391 26510 14559 14169 881 828 390 500 392 13669 11262 108 11951 939 11012 107 2302 1045 53 840 166 803 726 77 682 79 57 603 423 266 157 127 70 262 171 634 154 114 104 84 241 215 181 149 84 44 10905 52 8960 8388 248 572 389 45 87 305 253 177 674 645 420 141
internal_count=27391 26510 14559 14169 881 828 390 500 392 13669 11262 108 11951 939 11012 107 2302 1045 53 840 166 803 726 77 682 79 57 603 423 266 157 127 70 262 171 634 154 114 104 84 241 215 181 149 84 44 10905 52 8960 8388 248 572 389 45 87 305 253 177 674 645 420 141
is_linear=0
shrinkage=0.01


Tree=82
num_leaves=63
num_cat=0
split_feature=0 6 5 4 4 1 1 3 6 5 8 6 5 5 0 8 3 6 6 4 5 6 6 5 4 1 8 4 0 3 1 8 4 6 6 0 3 5 8 5 3 3 8 5 6 4 4 0 6 5 1 8 4 0 1 1 4 5 5 4 3 3
split_gain=0.0299992 0.0317226 0.0326706 0.0661722 0.0353672 0.0221693 0.0273103 0.0283148 0.0267844 0.0243212 0.0303239 0.0286195 0.0223365 0.0280581 0.0636699 0.0258199 0.0239155 0.0324612 0.0433554 0.0194689 0.0345683 0.0181926 0.0255645 0.0300832 0.0276548 0.0167028 0.0238385 0.0192391 0.0202795 0.0167025 0.0380482 0.016568 0.0164243 0.0365448 0.0290653 0.0292054 0.0275138 0.0247216 0.0389303 0.0224109 0.046521 0.0383116 0.0302216 0.0376457 0.0294352 0.0309844 0.0223989 0.0212505 0.0237644 0.0235176 0.0197032 0.0162799 0.0159427 0.0171401 0.0194266 0.0158317 0.0170313 0.0243639 0.0156565 0.015182 0.0239035 0.0149828
threshold=0.32564365610268015 0.18477346788605067 0.33184270933176369 0.0065561300170990751 0.0060805883275158179 0.73633499680457171 0.5758486612074063 0.0068500943548258373 0.00013948523882298719 0.22323308028135494 0.077968222875176865 0.028081006557827755 0.66819914462362762 0.48056441479815754 0.35212560457781217 0.12741321144847101 0.004558696088145733 0.11728484907292856 0.047513928308630306 0.0067142134687428875 0.29957430416541436 0.0021246229855501385 0.0027917263016600771 0.16723125308449141 0.0037477134111066441 0.40716055481995983 0.053019915115899451 0.016646120236039053 0.49942324796443366 0.0060032774023559572 0.58242029432819109 0.0013984111437588388 0.0066843786596255395 0.053145897516758453 0.092925470408914135 0.38690312654857689 0.0020530940581994835 0.17972589007544101 0.001909892262487754 0.24441785047011153 0.0061440033464516134 0.0071701793350580304 0.022973120034824244 0.40197817760556709 0.045724878506335463 0.0063766012199481066 0.0053824872773388646 0.44939862985619244 0.0099600546620414194 0.18262653462411307 0.35113920518813324 0.037855044074436829 0.0060198250442060801 0.45290441218757765 0.39543450237902716 0.63351820349175825 0.0021782721644011981 0.34602251473712181 0.26847801683070388 0.0019814796457181603 0.0065970600156578423 0.0060577228008280078
decision_type=2 2 2 2 2 2 2 2 2 2 2 2 2 2 2 2 2 2 2 2 2 2 2 2 2 2 2 2 2 2 2 2 2 2 2 2 2 2 2 2 2 2 2 2 2 2 2 2 2 2 2 2 2 2 2 2 2 2 2 2 2 2
left_child=1 2 4 -4 29 6 12 8 -8 -9 11 -11 13 15 -15 21 17 18 -16 -13 -21 -2 23 -23 -25 -18 27 28 51 -1 -31 -26 33 36 35 58 -24 -34 -39 41 42 46 -41 -44 52 -46 47 48 -38 -50 -36 -27 53 54 -42 -10 -57 61 -35 -37 -61 -58
right_child=5 -3 3 -5 -6 -7 7 9 55 10 -12 19 -14 14 16 -17 25 -19 -20 20 -22 22 32 24 31 26 -28 -29 -30 30 -32 -33 37 34 50 59 39 38 -40 40 44 -43 43 -45 45 -47 -48 -49 49 -51 -52 -53 -54 -55 -56 56 57 -59 -60 60 -62 -63
leaf_value=-3.0120428986931525e-05 1.2280759107694544e-05 -0.00022513637585575767 0.0002558565160179385 0 9.347559175035745e-05 -9.0012414115691274e-05 -9.7063718528445973e-05 3.0718886252852315e-05 4.6312532849329913e-05 -6.4683991689314018e-05 -0.00041161440338147171 -3.3206567767055708e-05 -0.00016642964248421993 0.00043771398053861065 5.0227147114913654e-06 -0.00020703349257310152 9.7448476581543672e-05 -8.882057240121385e-05 0.00045352193281080519 -2.3965368793111164e-05 0.00036150508607642916 2.6642823729938601e-07 0.00019456772876761224 5.8183505686984063e-05 -4.0575009774093363e-05 3.8174336707710891e-05 -0.00025120913672815577 -0.00027857754994345044 -8.9079560476686863e-05 0 -0.00055556043531593952 -0.00016909249876245893 2.6766451699620234e-06 1.4584902908370671e-05 -0.00016265346176229115 -3.5537817808409177e-05 9.5191724593824548e-05 0.00012441247890064699 -3.4813883142143034e-05 -3.9547558806589352e-05 -7.2418879993624746e-05 -0.00033594116352953711 -0.00021332410270853483 0.00010240295801624439 5.03995097117246e-05 0.00056151961448703885 -6.4619501475617682e-06 0.00010054991797074547 -0.00014192731115514852 1.279840644182447e-05 2.7383086579113868e-05 0.00033058656977551448 -1.994025952730273e-05 -6.8378723051104065e-06 0.00019010355226292073 -4.5121841860170602e-05 0.00015795698805333097 0.000367122902367903 0.00038229479269770352 0.00015149873393472646 -3.5113184556541189e-06 9.7811772064218861e-06
leaf_weight=155 5164 36 217 190 239 275 90 1191 728 536 22 59 84 43 46 63 114 35 50 35 50 498 69 84 171 103 47 23 85 22 22 360 4416 22 66 87 252 156 4828 1446 29 31 217 41 39 21 1803 483 126 408 303 27 476 130 140 44 247 48 56 297 131 115
leaf_count=155 5164 36 217 190 239 275 90 1191 728 536 22 59 84 43 46 63 114 35 50 35 50 498 69 84 171 103 47 23 85 22 22 360 4416 22 66 87 252 156 4828 1446 29 31 217 41 39 21 1803 483 126 408 303 27 476 130 140 44 247 48 56 297 131 115
internal_value=1.16981e-06 5.85876e-05 7.18837e-05 0.000136586 9.46124e-06 -7.00832e-07 1.9757e-07 2.77791e-05 6.43035e-05 2.70626e-06 -4.33928e-05 -2.99506e-05 -3.54313e-06 -2.90365e-06 6.60734e-05 -4.71199e-06 3.39581e-05 0.0001513 0.000249251 9.23505e-05 0.000191189 -4.09602e-06 -9.0751e-06 -5.55266e-05 -0.000102324 -2.09026e-06 -4.54335e-05 -5.08786e-07 2.47048e-05 -8.64141e-05 -0.000261528 -0.000129604 -5.79595e-06 6.09685e-06 6.31661e-05 0.000106599 -3.34212e-06 -1.43449e-05 -2.9627e-05 -5.94314e-06 -2.80934e-05 1.18592e-05 -5.82675e-05 -0.000159256 3.22855e-05 0.000246567 1.57052e-05 4.79864e-05 1.44051e-05 -2.18573e-05 -3.93276e-06 0.0001068 1.43761e-05 7.23387e-05 0.000139125 7.74434e-05 0.000125139 0.000145856 0.000291537 7.6596e-05 0.000101728 0.000113662
internal_weight=27391 881 845 407 438 26510 26235 3165 1272 1893 702 680 23070 22986 573 22413 530 131 96 144 85 22350 17186 1113 615 399 285 238 215 199 44 531 16073 6673 962 593 5711 9400 4984 5642 2539 3103 1704 258 835 60 3072 1269 786 534 369 130 775 299 169 1182 454 410 78 515 428 362
internal_count=27391 881 845 407 438 26510 26235 3165 1272 1893 702 680 23070 22986 573 22413 530 131 96 144 85 22350 17186 1113 615 399 285 238 215 199 44 531 16073 6673 962 593 5711 9400 4984 5642 2539 3103 1704 258 835 60 3072 1269 786 534 369 130 775 299 169 1182 454 410 78 515 428 362
is_linear=0
shrinkage=0.01


Tree=83
num_leaves=63
num_cat=0
split_feature=0 2 0 6 5 2 4 4 4 3 6 3 1 4 1 1 5 6 2 1 6 6 5 4 4 6 6 2 4 1 1 4 1 4 4 4 6 5 2 1 5 5 0 6 5 3 6 3 5 4 4 5 6 4 5 6 4 5 4 1 6 5
split_gain=0.0293871 0.033905 0.0314982 0.0311036 0.0320234 0.0667364 0.0458021 0.0346714 0.0284133 0.0200923 0.016537 0.0163291 0.0373328 0.0160148 0.0195721 0.015772 0.0154382 0.0309908 0.0260924 0.0206205 0.0173175 0.0196213 0.0161931 0.0323795 0.032042 0.0283916 0.025537 0.0185491 0.016526 0.0162869 0.0164168 0.0173326 0.0203148 0.0158797 0.0150091 0.0141646 0.0225408 0.0247411 0.0141235 0.0141318 0.0140162 0.0137284 0.0176933 0.0242333 0.0136843 0.0234523 0.0273108 0.0129433 0.0256961 0.0154578 0.0136558 0.0133317 0.0334444 0.0146218 0.0128356 0.0183074 0.0127063 0.0182902 0.0128616 0.0124398 0.0123411 0.0169633
threshold=0.32564365610268015 0.48085399441258975 0.56624164967954649 0.18477346788605067 0.33184270933176369 0.17740072495164033 0.0065561300170990751 0.0060805883275158179 0.0025867236648936453 0.0063230922879721771 0.11728484907292856 0.0060032774023559572 0.58242029432819109 0.024602633047028925 0.55086086428888204 0.35113920518813324 0.40591849966040033 0.00083084685733692378 0.30322293536857564 0.4975950381254306 0.0010855590325789003 0.00013948523882298719 0.35428091864699085 0.0067443116069343624 0.0054441409919618296 0.047513928308630306 0.0064992035190710694 0.35579222824662066 0.0048901078398891013 0.76078795705142721 0.64214899402252656 0.0012992952724961333 0.48667223908432711 0.0066531058526321692 0.0037477134111066441 0.011529689705560087 0.020213230478131144 0.39364916346787271 0.61485060598940244 0.65301710301177662 0.38967195902770041 0.66819914462362762 0.36827467757641985 0.027333042233704492 0.22524514804654364 0.00046745135573235467 0.14735907947828483 0.005918470929500823 0.22626373286290133 0.012969471681794069 0.0041512226156106393 0.29957430416541436 0.026969167697644521 0.0063766012199481066 0.52027308682700024 0.05056845288633368 0.019117749489657065 0.30276698296185262 0.0014564444072302995 0.50256983393768584 0.018050198513774676 0.34353855092935337
decision_type=2 2 2 2 2 2 2 2 2 2 2 2 2 2 2 2 2 2 2 2 2 2 2 2 2 2 2 2 2 2 2 2 2 2 2 2 2 2 2 2 2 2 2 2 2 2 2 2 2 2 2 2 2 2 2 2 2 2 2 2 2 2
left_child=3 16 8 4 7 -6 54 11 15 10 -4 -1 -13 14 -10 -3 20 19 -19 -18 21 -2 29 24 26 35 34 28 -28 30 31 32 -22 -23 -24 -25 37 -37 -16 47 -29 42 43 -20 -17 -46 60 48 -40 51 -50 -49 -53 -54 55 -7 58 -58 -33 -35 -47 -62
right_child=1 2 9 -5 5 6 -8 -9 13 -11 -12 12 -14 -15 38 44 17 18 41 -21 22 33 23 25 -26 -27 27 40 -30 -31 -32 56 -34 59 -36 36 -38 -39 39 -41 -42 -43 -44 -45 45 46 -48 49 50 -51 -52 52 53 -55 -56 -57 57 -59 -60 -61 61 -63
leaf_value=-2.981941629489998e-05 -3.4014600776944743e-05 -8.6453862896414743e-05 6.1110357298721144e-05 -0.00022289124668325579 0.00055789837000780123 0.00020666265923821215 -1.5119667278980642e-05 9.2541225204775557e-05 7.4535065305996634e-06 -0.00013548121252602975 -0.00021440009233252756 0 -0.00055002996837088148 -1.3979100007985294e-05 1.6725976327805166e-05 0 -9.0769912008423691e-06 0.00024893331734661921 0 -0.00045759421534632418 -0.00033796090707986179 0.00012441593208669611 0.00032350104487626071 -0.0002040398933193341 0.000188517948287101 -0.00046378083008619928 0.00010308353342734398 -0.00023749079897107667 -0.00022619043096937054 -0.00019580401134973967 5.4686468475283737e-05 0.00017721891060913989 0 5.195641997747254e-05 0 -0.0002114618834025445 0.00018404587211139572 0.00016499594372896412 0.00026411090938613049 -1.9183312310019404e-06 -3.383163011222753e-06 -0.00012519897693502051 1.695581209510838e-05 0.00030767026969340114 0.00043909765395940654 0.00032541719186078767 -0.00021834360962371213 0 -8.767324393050344e-05 0.00013882045833883949 0.0001693645547598167 -0.00011909409757584227 2.6916955825261666e-05 0.00041050689673687165 0.0004096763042981625 -4.9565467491308452e-05 -3.1301087083935278e-06 0.00013637135501707231 -2.5927455580371115e-05 -2.8912837565643096e-05 7.6166891086713847e-07 0.0001660799455297229
leaf_weight=155 511 42 123 36 35 130 183 239 8960 241 26 22 22 2407 1257 86 31 60 40 20 37 192 23 101 66 29 59 102 20 52 305 30 33 490 33 72 32 20 108 205 46 51 523 54 25 34 22 372 45 193 36 28 22 36 31 28 2082 98 6445 294 115 176
leaf_count=155 511 42 123 36 35 130 183 239 8960 241 26 22 22 2407 1257 86 31 60 40 20 37 192 23 101 66 29 59 102 20 52 305 30 33 490 33 72 32 20 108 205 46 51 523 54 25 34 22 372 45 193 36 28 22 36 31 28 2082 98 6445 294 115 176
internal_value=1.15844e-06 -6.92644e-07 9.51367e-06 5.79876e-05 7.11623e-05 0.000135222 9.26271e-05 9.33685e-06 1.20155e-05 -7.87944e-05 6.21625e-06 -8.55657e-05 -0.000258756 9.22478e-06 1.4273e-05 8.62902e-05 -1.32099e-05 2.9375e-05 4.71995e-05 -0.000205087 -1.6269e-05 1.5114e-05 -2.11908e-05 -7.19163e-05 -6.3769e-06 -0.000157995 -5.54123e-05 -0.000105055 6.90024e-06 -1.7712e-05 -1.65735e-05 -1.91798e-05 -0.000177395 4.18614e-05 0.000127821 -0.000113952 -3.24102e-05 -0.000118675 4.03803e-05 6.78721e-05 -0.000171531 2.75484e-05 4.18129e-05 0.000169322 0.00010433 0.000130683 0.000105461 8.60929e-05 0.000162403 6.23809e-05 1.43033e-05 2.79633e-05 0.000140158 0.000282516 0.000202194 0.000154927 -1.77826e-05 2.68833e-06 -2.48291e-05 2.03553e-05 0.000130517 0.000104206
internal_weight=27391 26510 14559 881 845 407 372 438 14169 390 149 199 44 13669 11262 500 11951 779 728 51 11172 1487 9685 603 349 254 283 227 79 9082 9030 8725 70 976 56 225 124 92 2302 1045 148 668 617 94 458 372 347 840 189 651 81 458 86 58 189 158 8655 2180 6475 784 325 291
internal_count=27391 26510 14559 881 845 407 372 438 14169 390 149 199 44 13669 11262 500 11951 779 728 51 11172 1487 9685 603 349 254 283 227 79 9082 9030 8725 70 976 56 225 124 92 2302 1045 148 668 617 94 458 372 347 840 189 651 81 458 86 58 189 158 8655 2180 6475 784 325 291
is_linear=0
shrinkage=0.01


Tree=84
num_leaves=63
num_cat=0
split_feature=0 2 0 6 4 8 3 6 4 1 1 1 1 2 2 0 6 6 8 2 2 3 2 1 4 0 1 3 4 2 4 3 4 2 2 6 6 2 8 0 3 3 4 6 4 6 6 4 4 8 4 2 8 3 4 0 6 3 0 3 4 3
split_gain=0.0287881 0.0332414 0.0308758 0.0304969 0.0278473 0.0219272 0.0196912 0.0162102 0.0157017 0.0191944 0.0155528 0.0154799 0.0141738 0.0250178 0.0145614 0.0141319 0.0139071 0.0273947 0.021139 0.0185441 0.0328307 0.0145318 0.0138443 0.0138742 0.0136639 0.0140613 0.0129122 0.0126608 0.0222408 0.0301188 0.0151328 0.0130161 0.0123215 0.0126471 0.0146363 0.0117729 0.0117313 0.0116446 0.0128933 0.012559 0.0127466 0.011385 0.0253375 0.0207317 0.0181552 0.0147418 0.0306285 0.0269651 0.0412123 0.0187188 0.0156475 0.0126647 0.011226 0.0147073 0.0111758 0.0111305 0.0108662 0.0362212 0.0243941 0.018571 0.0247576 0.0327006
threshold=0.32564365610268015 0.48085399441258975 0.56624164967954649 0.18477346788605067 0.0025867236648936453 0.028234846011535534 0.0063230922879721771 0.11728484907292856 0.024602633047028925 0.55086086428888204 0.46823613954372828 0.35113920518813324 0.73633499680457171 0.29325999382284279 0.12402108001548406 0.24923289139931212 0.0068105183999223745 0.010202637686081399 0.00073457394711067589 0.15570752929683285 0.29325999382284279 0.0072099166308012448 0.61485060598940244 0.65301710301177662 0.0036848242566615364 0.2750579606271748 0.45855507121378702 0.005918470929500823 0.0041512226156106393 0.72334960791979908 0.012969471681794069 0.0037136608170865782 0.0056867012588518529 0.86721475903900525 0.77595549266097119 0.026969167697644521 0.040038328117798318 0.58791128783006397 0.042218957449123955 0.48383147028013024 0.0014847688311104461 0.003153751415996425 0.0026706568164350988 0.013948523882298718 0.0037477134111066441 0.0061676733862164341 0.02658912095998189 0.0034646109117880855 0.003003413389249017 0.00091957775601262033 0.0033182212079110591 0.34743629533224418 0.10477745130046796 0.0070121931251602996 0.0085248368685646569 0.3992845780285128 0.041051112243165232 0.0073526508100512453 0.37607933608144423 0.017709047680412988 0.010179550584425693 0.0090818700230982426
decision_type=2 2 2 2 2 2 2 2 2 2 2 2 2 2 2 2 2 2 2 2 2 2 2 2 2 2 2 2 2 2 2 2 2 2 2 2 2 2 2 2 2 2 2 2 2 2 2 2 2 2 2 2 2 2 2 2 2 2 2 2 2 2
left_child=3 12 4 5 11 10 7 -4 9 55 26 -3 14 -14 -2 -7 18 21 19 -12 -21 -18 -11 27 -20 -26 -1 28 31 -30 35 -24 -8 34 -34 -29 -37 38 -13 40 -39 42 43 -16 45 49 47 48 -47 -43 -51 -52 56 -54 -36 -6 -46 58 -58 60 61 -59
right_child=1 2 6 -5 8 15 32 -9 -10 22 16 37 13 -15 41 -17 17 -19 24 20 -22 -23 23 -25 25 -27 -28 30 29 -31 -32 -33 33 -35 54 36 -38 39 -40 -41 -42 44 -44 -45 52 46 -48 -49 -50 50 51 -53 53 -55 -56 -57 57 59 -60 -61 -62 -63
leaf_value=8.2486181297731028e-05 0.00020227695113029989 -8.5591378416025445e-05 6.0499748708319495e-05 -0.00022066850878860688 5.0224345195355507e-05 0.00040881530760204885 -0.0003561603341080334 -0.00021226430543737622 -1.3839314822830121e-05 1.6558729896772135e-05 -0.00032765577582003017 8.0173036624919128e-05 -0.00038789088351840937 -2.3639716226230795e-05 0.00024375042324600694 0.00012468233006038206 -0.00046117219809831969 1.4302187418861951e-05 0.00037601467255688359 0.00020466251211081484 -0.00029399129288706612 -8.1135640574712064e-05 0.00018956491533841645 -1.8991571748338597e-06 0.00026532407816860326 2.3997359888041183e-05 0.00036665109823757097 -1.7547315819577408e-06 0.00014074791261874209 0.0005619783052741601 0.00013743297370794074 -5.3866583703343603e-05 -0.00012197027696206578 -0.00028798499932892275 0.00022255855979990229 0.00022860904518330792 1.9222708087443999e-05 0.00017611497738376542 0.00024972758315318014 0.00011488371452994525 -9.2320610965765458e-05 0 -0.00015643482162999069 -3.1709408921595347e-05 -1.5644929177546812e-05 5.4842516281390836e-05 0.00012382582799608911 4.9948760216727648e-06 -0.00042557289744386584 0.00033876133275600773 -2.5787609352812067e-05 0.00017104086091562575 -0.00034104814424461597 0 -4.9208931507135946e-05 4.337451957102018e-06 0.0002395389400521166 -8.30262282200964e-05 4.7016673811112976e-05 4.9108944009942534e-05 -0.00024090940276886232 0.00013975463843025787
leaf_weight=140 31 42 123 36 572 25 26 26 2407 1257 20 132 28 79 28 158 20 191 22 37 20 38 34 205 35 117 22 325 75 27 193 53 129 34 26 51 82 21 96 127 82 124 175 596 9330 24 107 97 45 43 42 80 24 20 26 8388 88 290 353 194 70 83
leaf_count=140 31 42 123 36 572 25 26 26 2407 1257 20 132 28 79 28 158 20 191 22 37 20 38 34 205 35 117 22 325 75 27 193 53 129 34 26 51 82 21 96 127 82 124 175 596 9330 24 107 97 45 43 42 80 24 20 26 8388 88 290 353 194 70 83
internal_value=1.1468e-06 -6.84939e-07 9.42061e-06 5.73939e-05 1.18982e-05 7.04484e-05 -7.80072e-05 6.08599e-06 9.1346e-06 1.41336e-05 4.16287e-05 8.54319e-05 -1.30794e-05 -0.000128568 -1.19506e-05 0.000169162 1.18038e-05 -3.86499e-05 6.58334e-05 -6.35814e-05 1.19747e-05 -0.000229963 3.99887e-05 6.72109e-05 0.000128851 8.62785e-05 0.000127448 8.52655e-05 0.000160781 0.000262486 6.17846e-05 2.98949e-05 -0.000134127 -0.000102474 -6.19654e-05 2.77006e-05 0.000107138 0.000103313 0.000156027 4.66676e-05 -2.7774e-05 -1.25991e-05 -4.93609e-05 -1.77096e-05 -9.84105e-06 4.5129e-05 -4.11895e-06 -9.26347e-05 -0.000244163 9.50948e-05 0.000164841 9.51246e-05 -1.28928e-05 -0.000173822 6.76473e-05 7.37897e-06 -1.21148e-05 1.75095e-05 8.77465e-05 -2.95527e-05 -6.62605e-05 -3.07486e-05
internal_weight=27391 26510 14559 881 14169 845 390 149 13669 11262 662 500 11951 107 11844 183 500 249 251 77 57 58 2302 1045 174 152 162 840 189 102 651 87 241 215 181 458 133 458 228 230 103 11813 799 624 11014 562 273 166 69 289 165 122 10452 44 52 8960 10408 1078 441 637 443 373
internal_count=27391 26510 14559 881 14169 845 390 149 13669 11262 662 500 11951 107 11844 183 500 249 251 77 57 58 2302 1045 174 152 162 840 189 102 651 87 241 215 181 458 133 458 228 230 103 11813 799 624 11014 562 273 166 69 289 165 122 10452 44 52 8960 10408 1078 441 637 443 373
is_linear=0
shrinkage=0.01


end of trees

feature_importances:
Column_5=783
Column_7=747
Column_4=706
Column_3=668
Column_6=610
Column_2=599
Column_8=451
Column_0=353
Column_1=353

parameters:
[boosting: gbdt]
[objective: regression]
[metric: rmse]
[tree_learner: serial]
[device_type: cpu]
[data_sample_strategy: bagging]
[data: ]
[valid: ]
[num_iterations: 1000]
[learning_rate: 0.01]
[num_leaves: 63]
[num_threads: 0]
[seed: 0]
[deterministic: 0]
[force_col_wise: 0]
[force_row_wise: 0]
[histogram_pool_size: -1]
[max_depth: -1]
[min_data_in_leaf: 20]
[min_sum_hessian_in_leaf: 0.001]
[bagging_fraction: 0.8]
[pos_bagging_fraction: 1]
[neg_bagging_fraction: 1]
[bagging_freq: 5]
[bagging_seed: 3]
[bagging_by_query: 0]
[feature_fraction: 0.8]
[feature_fraction_bynode: 1]
[feature_fraction_seed: 2]
[extra_trees: 0]
[extra_seed: 6]
[early_stopping_round: 50]
[early_stopping_min_delta: 0]
[first_metric_only: 0]
[max_delta_step: 0]
[lambda_l1: 0.1]
[lambda_l2: 0.1]
[linear_lambda: 0]
[min_gain_to_split: 0]
[drop_rate: 0.1]
[max_drop: 50]
[skip_drop: 0.5]
[xgboost_dart_mode: 0]
[uniform_drop: 0]
[drop_seed: 4]
[top_rate: 0.2]
[other_rate: 0.1]
[min_data_per_group: 100]
[max_cat_threshold: 32]
[cat_l2: 10]
[cat_smooth: 10]
[max_cat_to_onehot: 4]
[top_k: 20]
[monotone_constraints: ]
[monotone_constraints_method: basic]
[monotone_penalty: 0]
[feature_contri: ]
[forcedsplits_filename: ]
[refit_decay_rate: 0.9]
[cegb_tradeoff: 1]
[cegb_penalty_split: 0]
[cegb_penalty_feature_lazy: ]
[cegb_penalty_feature_coupled: ]
[path_smooth: 0]
[interaction_constraints: ]
[verbosity: 0]
[saved_feature_importance_type: 0]
[use_quantized_grad: 0]
[num_grad_quant_bins: 4]
[quant_train_renew_leaf: 0]
[stochastic_rounding: 1]
[linear_tree: 0]
[max_bin: 255]
[max_bin_by_feature: ]
[min_data_in_bin: 3]
[bin_construct_sample_cnt: 200000]
[data_random_seed: 1]
[is_enable_sparse: 1]
[enable_bundle: 1]
[use_missing: 1]
[zero_as_missing: 0]
[feature_pre_filter: 1]
[pre_partition: 0]
[two_round: 0]
[header: 0]
[label_column: ]
[weight_column: ]
[group_column: ]
[ignore_column: ]
[categorical_feature: ]
[forcedbins_filename: ]
[precise_float_parser: 0]
[parser_config_file: ]
[objective_seed: 5]
[num_class: 1]
[is_unbalance: 0]
[scale_pos_weight: 1]
[sigmoid: 1]
[boost_from_average: 1]
[reg_sqrt: 0]
[alpha: 0.9]
[fair_c: 1]
[poisson_max_delta_step: 0.7]
[tweedie_variance_power: 1.5]
[lambdarank_truncation_level: 30]
[lambdarank_norm: 1]
[label_gain: ]
[lambdarank_position_bias_regularization: 0]
[eval_at: ]
[multi_error_top_k: 1]
[auc_mu_weights: ]
[num_machines: 1]
[local_listen_port: 12400]
[time_out: 120]
[machine_list_filename: ]
[machines: ]
[gpu_platform_id: -1]
[gpu_device_id: -1]
[gpu_use_dp: 0]
[num_gpu: 1]

end of parameters

pandas_categorical:null
