date,code,open,high,low,close,preclose,volume,amount,adjustflag,turn,tradestatus,pctChg,isST
2010-01-04,sz.000060,28.0100,28.8500,27.7100,28.2000,27.9000,17743104,504655869.8200,3,1.734981,1,1.075300,0
2010-01-05,sz.000060,28.4100,30.0000,28.4100,29.5500,28.2000,37227613,1092246027.7900,3,3.640242,1,4.787200,0
2010-01-06,sz.000060,29.4000,31.0800,29.2200,30.1800,29.5500,33907173,1036276463.1000,3,3.315558,1,2.132000,0
2010-01-07,sz.000060,31.2000,31.7000,29.3900,29.5500,30.1800,37136324,1139944812.8400,3,3.631315,1,-2.087500,0
2010-01-08,sz.000060,29.3000,29.4200,28.4000,29.1900,29.5500,21865060,632790785.9600,3,2.138039,1,-1.218300,0
2010-01-11,sz.000060,30.1900,30.4900,28.6200,29.2300,29.1900,14653039,430895157.1300,3,1.432824,1,0.137000,0
2010-01-12,sz.000060,29.0000,29.9300,28.1500,29.5800,29.2300,15624886,453274869.5700,3,1.527854,1,1.197400,0
2010-01-13,sz.000060,28.3000,28.5500,26.6200,26.9400,29.5800,48755460,1341060067.5800,3,4.767474,1,-8.924900,0
2010-01-14,sz.000060,27.1000,27.4500,26.4700,27.2200,26.9400,20638844,556792342.9300,3,2.018136,1,1.039300,0
2010-01-15,sz.000060,27.1300,27.2500,26.6100,27.2000,27.2200,18111389,487208325.7800,3,1.770993,1,-0.073500,0
2010-01-18,sz.000060,26.9500,27.2200,26.6000,26.9900,27.2000,18329224,491159272.5700,3,1.792293,1,-0.772100,0
2010-01-19,sz.000060,27.0700,27.9000,27.0700,27.6500,26.9900,19892065,549293119.1400,3,1.945113,1,2.445400,0
2010-01-20,sz.000060,27.7500,27.9400,26.0000,26.2800,27.6500,27054979,724328708.9400,3,2.645527,1,-4.954800,0
2010-01-21,sz.000060,26.2600,26.2800,25.3500,25.9100,26.2800,19982886,513013685.6500,3,1.953994,1,-1.407900,0
2010-01-22,sz.000060,25.3500,25.4500,24.5000,24.9000,25.9100,20739201,516938289.8600,3,2.027949,1,-3.898100,0
2010-01-25,sz.000060,24.8000,25.3800,24.6100,24.9000,24.9000,13764694,344091071.8700,3,1.345958,1,0.000000,0
2010-01-26,sz.000060,25.0100,25.2800,23.8000,24.1700,24.9000,13972287,338416688.0300,3,1.366257,1,-2.931700,0
2010-01-27,sz.000060,24.1000,24.3500,23.2900,23.5500,24.1700,18161485,428396815.3300,3,1.775891,1,-2.565200,0
2010-01-28,sz.000060,23.2500,23.2500,22.1800,22.6000,23.5500,28395425,643310619.8800,3,2.776601,1,-4.034000,0
2010-01-29,sz.000060,22.2500,23.1300,21.5000,22.5800,22.6000,26599633,597310588.2800,3,2.601002,1,-0.088500,0
2010-02-01,sz.000060,22.2000,22.8400,21.7000,22.7300,22.5800,18686186,413787670.0900,3,1.827198,1,0.664300,0
2010-02-02,sz.000060,23.1500,23.9000,22.9000,22.9000,22.7300,25907202,604911479.8300,3,2.533294,1,0.747900,0
2010-02-03,sz.000060,23.2700,24.0100,22.2300,23.9600,22.9000,22838867,533144226.6200,3,2.233262,1,4.628800,0
2010-02-04,sz.000060,23.3600,23.7000,23.2400,23.2800,23.9600,18059605,423260040.0100,3,1.765929,1,-2.838100,0
2010-02-05,sz.000060,22.2300,22.4000,21.8400,22.0900,23.2800,19100416,422664663.0700,3,1.867703,1,-5.111700,0
2010-02-08,sz.000060,22.0900,22.4200,21.9400,22.3200,22.0900,8719903,193600917.5500,3,0.852662,1,1.041200,0
2010-02-09,sz.000060,22.2400,23.0800,22.1500,22.8000,22.3200,9446880,214926452.2500,3,0.923748,1,2.150500,0
2010-02-10,sz.000060,23.4100,23.7800,22.8600,23.0100,22.8000,14606829,339328300.4300,3,1.428305,1,0.921100,0
2010-02-11,sz.000060,23.1000,23.5000,22.9500,23.2200,23.0100,9966642,231252344.6500,3,0.974572,1,0.912600,0
2010-02-12,sz.000060,23.5400,23.6900,23.2600,23.6000,23.2200,11549975,271874520.0900,3,1.129396,1,1.636500,0
2010-02-22,sz.000060,24.0000,24.2000,23.6300,23.6400,23.6000,11382614,272534848.1100,3,1.113030,1,0.169500,0
2010-02-23,sz.000060,23.4000,23.4000,22.6200,23.0000,23.6400,10667007,244200069.4900,3,1.043056,1,-2.707300,0
2010-02-24,sz.000060,22.6000,23.4500,22.3000,23.4000,23.0000,7541743,173952097.0000,3,0.737457,1,1.739100,0
2010-02-25,sz.000060,23.5200,24.1800,23.3100,23.8000,23.4000,11858096,282198187.3700,3,1.159525,1,1.709400,0
2010-02-26,sz.000060,23.7500,23.7500,23.2600,23.3300,23.8000,9210332,216263653.1400,3,0.900617,1,-1.974800,0
2010-03-01,sz.000060,24.1000,24.3000,23.7000,24.0000,23.3300,20585053,495026130.7500,3,2.012876,1,2.871800,0
2010-03-02,sz.000060,23.8000,23.8900,23.3000,23.3400,24.0000,11198388,263066598.5500,3,1.095016,1,-2.750000,0
2010-03-03,sz.000060,23.5000,23.7400,23.2800,23.6000,23.3400,9600858,225356831.3100,3,0.938804,1,1.114000,0
2010-03-04,sz.000060,23.7000,23.7400,22.7700,22.8900,23.6000,9365088,217805021.2600,3,0.915750,1,-3.008500,0
2010-03-05,sz.000060,22.9000,23.5500,22.9000,23.3700,22.8900,9476035,220827249.4200,3,0.926599,1,2.097000,0
2010-03-08,sz.000060,23.4500,23.6900,23.3500,23.4500,23.3700,6537466,153596182.2900,3,0.639256,1,0.342300,0
2010-03-09,sz.000060,23.3600,23.9500,22.8300,23.6000,23.4500,13780652,322561445.3000,3,1.347519,1,0.639700,0
2010-03-10,sz.000060,23.5100,23.9000,23.1500,23.5300,23.6000,10263154,241569862.3700,3,1.003566,1,-0.296600,0
2010-03-11,sz.000060,23.3700,23.6200,23.1000,23.1800,23.5300,7142497,166307042.9600,3,0.698417,1,-1.487500,0
2010-03-12,sz.000060,23.1500,23.3000,22.8100,22.8200,23.1800,6311854,144929922.7300,3,0.617194,1,-1.553100,0
2010-03-15,sz.000060,22.8100,22.8700,22.2000,22.2400,22.8200,6554898,146994535.6800,3,0.640960,1,-2.541600,0
2010-03-16,sz.000060,22.3900,22.3900,22.0300,22.2400,22.2400,5416543,120322185.1700,3,0.529648,1,0.000000,0
2010-03-17,sz.000060,22.4600,22.8400,22.4500,22.8400,22.2400,6531716,148003174.2500,3,0.638693,1,2.697800,0
2010-03-18,sz.000060,22.7900,23.3600,22.7900,22.9000,22.8400,9356141,215509287.5900,3,0.914875,1,0.262700,0
2010-03-19,sz.000060,22.9100,23.9100,22.7800,23.7300,22.9000,25067586,590409647.8400,3,2.451193,1,3.624500,0
2010-03-22,sz.000060,23.5000,24.0500,23.3300,23.8200,23.7300,13154051,312969855.4500,3,1.286248,1,0.379300,0
2010-03-23,sz.000060,23.8200,24.6400,23.7200,24.2300,23.8200,23503342,571682447.1400,3,2.298236,1,1.721200,0
2010-03-24,sz.000060,24.2200,24.4300,23.8300,24.1200,24.2300,12145090,293201969.5400,3,1.187588,1,-0.454000,0
2010-03-25,sz.000060,24.0500,24.0500,23.5000,23.5200,24.1200,9112494,215772741.8500,3,0.891050,1,-2.487600,0
2010-03-26,sz.000060,23.8800,24.3200,23.6700,24.1700,23.5200,13253452,319539265.5000,3,1.295967,1,2.763600,0
2010-03-29,sz.000060,24.5200,26.5000,24.4800,25.8700,24.1700,33870311,869653589.2100,3,3.311953,1,7.033500,0
2010-03-30,sz.000060,26.0000,26.8000,25.6500,26.5100,25.8700,27296866,716588968.9100,3,2.669180,1,2.473900,0
2010-03-31,sz.000060,26.5000,26.8000,26.0900,26.1300,26.5100,14863495,392124616.7200,3,1.453403,1,-1.433400,0
2010-04-01,sz.000060,26.3700,27.1500,26.3700,26.9900,26.1300,20031703,537844859.9500,3,1.958768,1,3.291200,0
2010-04-02,sz.000060,27.0300,27.5000,26.9000,26.9600,26.9900,17427674,473880777.1800,3,1.704137,1,-0.111200,0
2010-04-06,sz.000060,27.2100,27.8000,26.9600,27.2400,26.9600,17632511,483134237.3400,3,1.724166,1,1.038600,0
2010-04-07,sz.000060,27.2800,27.2800,26.5000,26.9300,27.2400,15508899,416658528.0600,3,1.516513,1,-1.138000,0
2010-04-08,sz.000060,26.6600,26.8600,26.0500,26.1500,26.9300,15322822,405568682.9100,3,1.498317,1,-2.896400,0
2010-04-09,sz.000060,26.3500,27.0100,26.1800,27.0100,26.1500,12551283,335401470.5800,3,1.227307,1,3.288700,0
2010-04-12,sz.000060,27.3800,27.6800,26.7100,27.1400,27.0100,15219544,414177740.1800,3,1.488218,1,0.481300,0
2010-04-13,sz.000060,26.8800,28.0000,26.7800,28.0000,27.1400,27173850,747475341.1400,3,2.657151,1,3.168800,0
2010-04-14,sz.000060,28.0000,28.6000,27.7100,28.2000,28.0000,23695372,669017384.4100,3,2.317014,1,0.714300,0
2010-04-15,sz.000060,28.3000,28.4500,27.8000,27.9600,28.2000,12481677,349894548.0400,3,1.220501,1,-0.851100,0
2010-04-16,sz.000060,27.9600,27.9600,27.9600,27.9600,27.9600,0,0.0000,3,,0,0.000000,0
2010-04-19,sz.000060,27.0000,27.1500,25.1600,25.1800,27.9600,38146474,988492464.8700,3,3.730091,1,-9.942800,0
2010-04-20,sz.000060,25.1800,25.6500,24.5100,25.3300,25.1800,21987708,552685944.4500,3,2.150032,1,0.595700,0
2010-04-21,sz.000060,25.5200,26.3000,24.9100,26.1100,25.3300,20242322,518009126.6900,3,1.979363,1,3.079400,0
2010-04-22,sz.000060,25.8800,26.6800,25.2300,26.1000,26.1100,22124628,576601539.6400,3,2.163421,1,-0.038300,0
2010-04-23,sz.000060,25.7700,26.5700,25.5300,26.0300,26.1000,16792550,440345085.8200,3,1.642032,1,-0.268200,0
2010-04-26,sz.000060,26.1100,26.3500,25.5000,25.6400,26.0300,11450409,296516928.7900,3,1.119660,1,-1.498300,0
2010-04-27,sz.000060,25.8000,26.2800,24.5000,25.1200,25.6400,21437400,538439997.7500,3,2.096115,1,-2.028100,0
2010-04-28,sz.000060,24.5900,24.9800,24.0100,24.3100,25.1200,19762797,482109025.3500,3,1.932375,1,-3.224500,0
2010-04-29,sz.000060,24.6200,24.9800,24.2900,24.3200,24.3100,13082329,321996084.4500,3,1.279169,1,0.041100,0
2010-04-30,sz.000060,24.3300,24.4500,23.4700,24.0900,24.3200,13130549,313336900.8300,3,1.283884,1,-0.945700,0
2010-05-04,sz.000060,23.9600,24.3000,22.9500,23.3000,24.0900,13938254,330909349.6600,3,1.362860,1,-3.279400,0
2010-05-05,sz.000060,14.5900,14.5900,13.5100,13.9300,15.0100,51977890,719144834.6400,3,3.278914,1,-7.195200,0
2010-05-06,sz.000060,13.8000,13.8000,12.6600,12.7000,13.9300,52406048,687530394.6200,3,3.305923,1,-8.829900,0
2010-05-07,sz.000060,12.3000,12.5000,11.8900,12.0400,12.7000,40052237,486745331.7700,3,2.526609,1,-5.196900,0
2010-05-10,sz.000060,12.2000,13.0000,12.2000,13.0000,12.0400,38104210,479544118.9100,3,2.403722,1,7.973400,0
2010-05-11,sz.000060,13.3800,13.6800,13.1000,13.3100,13.0000,66897134,894632840.9100,3,4.220062,1,2.384600,0
2010-05-12,sz.000060,13.3300,13.8600,13.0200,13.7800,13.3100,40137395,545327618.2400,3,2.531981,1,3.531200,0
2010-05-13,sz.000060,13.8200,14.5000,13.2200,14.3500,13.7800,44777276,619291839.4100,3,2.824678,1,4.136400,0
2010-05-14,sz.000060,14.0000,14.8000,13.8500,14.5900,14.3500,39272680,563283509.8800,3,2.477433,1,1.672500,0
2010-05-17,sz.000060,14.2100,14.4700,13.5000,13.5000,14.5900,36210351,506723635.3500,3,2.284252,1,-7.470900,0
2010-05-18,sz.000060,13.4000,14.4600,13.3000,14.2700,13.5000,37714510,527281639.7000,3,2.379139,1,5.703700,0
2010-05-19,sz.000060,14.0800,14.5300,13.9300,14.1100,14.2700,32219610,458233675.6900,3,2.032505,1,-1.121200,0
2010-05-20,sz.000060,14.0300,14.8200,13.9700,14.2900,14.1100,36018124,520413599.8800,3,2.272126,1,1.275700,0
2010-05-21,sz.000060,13.8800,14.9500,13.6600,14.8800,14.2900,42113492,609430565.8400,3,2.656639,1,4.128800,0
2010-05-24,sz.000060,14.8900,15.7000,14.8000,15.5700,14.8800,45735640,703470204.4800,3,2.885135,1,4.637100,0
2010-05-25,sz.000060,15.3200,15.6400,15.0300,15.1200,15.5700,32853307,501381791.4100,3,2.072480,1,-2.890200,0
2010-05-26,sz.000060,15.0400,15.4100,15.0400,15.2300,15.1200,18091037,275374377.3000,3,1.141234,1,0.727500,0
2010-05-27,sz.000060,15.2300,15.9000,14.8200,15.7000,15.2300,36949796,573295468.7500,3,2.330899,1,3.086000,0
2010-05-28,sz.000060,15.7100,15.9400,15.3000,15.4200,15.7000,29922039,465887846.1800,3,1.887568,1,-1.783400,0
2010-05-31,sz.000060,15.3300,15.3500,14.6000,14.6000,15.4200,24903799,373667554.7300,3,1.571003,1,-5.317800,0
2010-06-01,sz.000060,14.4000,14.8500,14.2000,14.5300,14.6000,24363162,352566755.3900,3,1.536898,1,-0.479500,0
2010-06-02,sz.000060,14.4000,14.6500,14.1500,14.6000,14.5300,14878061,214383092.3200,3,0.938551,1,0.481800,0
2010-06-03,sz.000060,14.8000,15.1000,14.5600,14.6500,14.6000,22372094,332055022.1300,3,1.411296,1,0.342500,0
2010-06-04,sz.000060,14.5100,14.7200,14.4400,14.5900,14.6500,12860830,187448977.1300,3,0.811298,1,-0.409600,0
2010-06-07,sz.000060,14.0200,14.4500,13.9800,14.1300,14.5900,17531669,248513631.1000,3,1.105948,1,-3.152800,0
2010-06-08,sz.000060,14.1000,14.4200,14.0500,14.2400,14.1300,12238996,174027236.3900,3,0.772071,1,0.778500,0
2010-06-09,sz.000060,14.5000,14.9700,14.1600,14.9200,14.2400,23961286,348359139.7100,3,1.511546,1,4.775283,0
2010-06-10,sz.000060,14.7600,15.1700,14.7000,14.7900,14.9200,19426415,289983781.5600,3,1.225474,1,-0.871300,0
2010-06-11,sz.000060,14.9500,15.1800,14.9100,15.0300,14.7900,21093847,317553931.1300,3,1.330660,1,1.622700,0
2010-06-17,sz.000060,15.1800,15.4400,14.8300,14.8600,15.0300,16168523,245510254.9300,3,1.019957,1,-1.131100,0
2010-06-18,sz.000060,14.8800,14.9500,14.1800,14.2900,14.8600,14312382,208104530.9900,3,0.902866,1,-3.835800,0
2010-06-21,sz.000060,14.3000,14.9900,14.1800,14.9900,14.2900,17890080,260883661.9100,3,1.128557,1,4.898500,0
2010-06-22,sz.000060,14.9100,14.9800,14.7100,14.8100,14.9900,11223852,166692022.6700,3,0.708033,1,-1.200800,0
2010-06-23,sz.000060,14.6600,14.8700,14.5100,14.6000,14.8100,9567319,140203771.5100,3,0.603534,1,-1.418000,0
2010-06-24,sz.000060,14.7000,14.8000,14.4200,14.5600,14.6000,8876114,129344259.6900,3,0.559931,1,-0.274000,0
2010-06-25,sz.000060,14.4300,14.5500,14.2000,14.2900,14.5600,8805128,126125076.7600,3,0.555453,1,-1.854400,0
2010-06-28,sz.000060,14.2900,14.4800,14.1000,14.1500,14.2900,7725179,110294525.6900,3,0.487326,1,-0.979700,0
2010-06-29,sz.000060,14.2200,14.3000,13.1500,13.1600,14.1500,20821263,281592126.1300,3,1.313465,1,-6.996500,0
2010-06-30,sz.000060,13.0000,13.1600,12.7500,12.9400,13.1600,10245116,132336754.6300,3,0.646291,1,-1.671700,0
2010-07-01,sz.000060,12.9700,13.2500,12.8000,12.8600,12.9400,8225352,107246808.9500,3,0.518879,1,-0.618200,0
2010-07-02,sz.000060,12.8000,12.9000,12.1300,12.5500,12.8600,16958502,211982691.6000,3,1.069791,1,-2.410600,0
2010-07-05,sz.000060,12.5000,12.7800,12.1600,12.6700,12.5500,10872690,135502108.8900,3,0.685880,1,0.956200,0
2010-07-06,sz.000060,12.4500,13.2300,12.4500,13.1000,12.6700,14623941,189857710.5100,3,0.922520,1,3.393800,0
2010-07-07,sz.000060,13.1100,13.2000,12.9400,13.0800,13.1000,9375536,122319866.6900,3,0.591436,1,-0.152700,0
2010-07-08,sz.000060,13.0800,13.6000,13.0800,13.2500,13.0800,19972020,267087495.4800,3,1.259892,1,1.299700,0
2010-07-09,sz.000060,13.2500,13.8500,13.1000,13.6600,13.2500,21261999,288596800.7300,3,1.341268,1,3.094300,0
2010-07-12,sz.000060,13.6700,14.0300,13.4700,13.7100,13.6600,13937900,192416614.2000,3,0.879242,1,0.366000,0
2010-07-13,sz.000060,13.5100,13.6500,13.1800,13.2600,13.7100,11688643,155989131.5600,3,0.737353,1,-3.282300,0
2010-07-14,sz.000060,13.3600,13.9800,13.3600,13.5300,13.2600,14925422,203942029.3100,3,0.941538,1,2.036200,0
2010-07-15,sz.000060,13.5300,13.6900,13.1500,13.2000,13.5300,12300885,164629070.3400,3,0.775975,1,-2.439000,0
2010-07-16,sz.000060,13.1400,13.4500,13.0200,13.3900,13.2000,8710082,115181980.9700,3,0.549457,1,1.439398,0
2010-07-19,sz.000060,13.1600,14.0000,13.1300,13.8000,13.3900,22204469,304472252.2500,3,1.400721,1,3.062000,0
2010-07-20,sz.000060,13.8200,14.7400,13.7100,14.5600,13.8000,36439836,523140967.3900,3,2.298729,1,5.507200,0
2010-07-21,sz.000060,14.6800,14.7000,14.3800,14.4500,14.5600,21966908,319692536.2200,3,1.385735,1,-0.755500,0
2010-07-22,sz.000060,14.4000,15.0900,14.3300,14.9800,14.4500,29404900,435999582.8200,3,1.854945,1,3.667800,0
2010-07-23,sz.000060,15.0000,15.5700,14.8100,15.0800,14.9800,35244516,537467167.6500,3,2.223325,1,0.667600,0
2010-07-26,sz.000060,15.3000,15.4500,14.8100,15.1600,15.0800,23960364,362501824.2400,3,1.511488,1,0.530500,0
2010-07-27,sz.000060,15.1500,15.1500,14.7800,14.8700,15.1600,18537896,276555967.6900,3,1.169423,1,-1.912900,0
2010-07-28,sz.000060,14.7600,15.2800,14.6800,15.2400,14.8700,26420040,396994886.5500,3,1.666651,1,2.488200,0
2010-07-29,sz.000060,15.2700,15.5500,15.1500,15.4000,15.2400,30309186,465994875.0500,3,1.911990,1,1.049900,0
2010-07-30,sz.000060,15.3800,15.5000,14.9500,15.1300,15.4000,22899457,348631950.6500,3,1.444563,1,-1.753200,0
2010-08-02,sz.000060,15.1400,15.6700,15.1400,15.5800,15.1300,26953752,416171412.8300,3,1.700320,1,2.974200,0
2010-08-03,sz.000060,15.7000,15.9900,15.2000,15.2000,15.5800,39642541,621093716.3600,3,2.500765,1,-2.439000,0
2010-08-04,sz.000060,15.0500,15.2900,14.6200,15.2000,15.2000,26702283,399998378.2900,3,1.684456,1,0.000000,0
2010-08-05,sz.000060,15.1700,15.2600,14.8000,14.9200,15.2000,22531399,338117430.2900,3,1.421345,1,-1.842100,0
2010-08-06,sz.000060,14.9200,15.4000,14.6600,15.3800,14.9200,24727314,373312828.6900,3,1.559870,1,3.083100,0
2010-08-09,sz.000060,15.4200,15.7800,15.2900,15.7500,15.3800,34554912,536587999.7200,3,2.179822,1,2.405700,0
2010-08-10,sz.000060,15.7000,15.9500,15.1800,15.2000,15.7500,37178694,579588491.8000,3,2.345338,1,-3.492100,0
2010-08-11,sz.000060,15.1000,15.3800,14.9600,15.0500,15.2000,23399902,353668349.7700,3,1.476133,1,-0.986800,0
2010-08-12,sz.000060,14.8500,15.0000,14.6000,14.7300,15.0500,24253392,358634422.7400,3,1.529973,1,-2.126200,0
2010-08-13,sz.000060,14.8000,15.1400,14.8000,15.1200,14.7300,17541309,262823642.2700,3,1.106556,1,2.647700,0
2010-08-16,sz.000060,15.1100,15.6000,14.8500,15.4800,15.1200,28899127,441729494.2300,3,1.823039,1,2.381000,0
2010-08-17,sz.000060,15.4800,15.5700,15.2000,15.3300,15.4800,20563816,315884529.0800,3,1.297224,1,-0.969000,0
2010-08-18,sz.000060,15.4400,16.2600,15.2500,16.0000,15.3300,65400579,1032457597.9500,3,4.125655,1,4.370500,0
2010-08-19,sz.000060,15.9600,16.7800,15.7800,16.3300,16.0000,77715243,1269299627.0300,3,4.902499,1,2.062500,0
2010-08-20,sz.000060,16.1500,16.2700,15.6500,15.6600,16.3300,39455706,628140621.4500,3,2.488978,1,-4.102900,0
2010-08-23,sz.000060,15.6100,15.8800,15.5600,15.6600,15.6600,17308988,272072157.0500,3,1.091900,1,0.000000,0
2010-08-24,sz.000060,15.6500,16.0700,15.4000,15.7400,15.6600,22649211,357420022.7400,3,1.428777,1,0.510900,0
2010-08-25,sz.000060,15.5900,15.9000,15.2000,15.2200,15.7400,24494401,378218532.1600,3,1.545177,1,-3.303700,0
2010-08-26,sz.000060,15.3400,15.4500,15.1200,15.3300,15.2200,13403764,204815103.0600,3,0.845548,1,0.722700,0
2010-08-27,sz.000060,15.3100,15.4100,15.0500,15.2500,15.3300,13020584,198316127.1700,3,0.821376,1,-0.521900,0
2010-08-30,sz.000060,15.5000,16.0200,15.4700,15.9200,15.2500,27690351,437773227.0300,3,1.746786,1,4.393400,0
2010-08-31,sz.000060,15.8000,16.3400,15.7000,15.9300,15.9200,38605758,619165750.3800,3,2.435361,1,0.062800,0
2010-09-01,sz.000060,15.9300,16.2600,15.2600,15.5200,15.9300,32842184,516170870.3700,3,2.071779,1,-2.573800,0
2010-09-02,sz.000060,16.0500,16.3800,15.8900,15.9500,15.5200,54363634,877916583.3600,3,3.429413,1,2.770600,0
2010-09-03,sz.000060,15.8500,16.1000,15.6100,15.9600,15.9500,32491497,514515438.4700,3,2.049656,1,0.062700,0
2010-09-06,sz.000060,16.0500,16.5700,16.0500,16.2300,15.9600,44023835,719567006.7600,3,2.777149,1,1.691700,0
2010-09-07,sz.000060,16.3000,16.6800,16.1500,16.6800,16.2300,47211368,775691698.2700,3,2.978228,1,2.772600,0
2010-09-08,sz.000060,16.5000,17.4800,16.4500,17.1700,16.6800,75360958,1285538789.4300,3,4.753984,1,2.937649,0
2010-09-09,sz.000060,17.1900,17.2600,16.4600,16.6600,17.1700,51771866,868733835.0900,3,3.265917,1,-2.970300,0
2010-09-10,sz.000060,16.6500,16.6700,16.0600,16.4000,16.6600,29463461,482211670.8900,3,1.858639,1,-1.560600,0
2010-09-13,sz.000060,16.4300,16.8100,16.4300,16.6500,16.4000,21377433,356054429.0400,3,1.348549,1,1.524400,0
2010-09-14,sz.000060,16.7300,17.0300,16.5700,16.7200,16.6500,28434842,477650691.1800,3,1.793751,1,0.420400,0
2010-09-15,sz.000060,16.6900,16.9400,16.1800,16.2700,16.7200,23662582,391793830.4500,3,1.492703,1,-2.691400,0
2010-09-16,sz.000060,16.2700,16.3900,15.1000,15.6200,16.2700,36101617,566887517.0100,3,2.277393,1,-3.995100,0
2010-09-17,sz.000060,15.7000,16.1200,15.4200,15.7800,15.6200,25490149,403105436.8300,3,1.607991,1,1.024300,0
2010-09-20,sz.000060,15.7800,15.9400,15.4000,15.5200,15.7800,15888482,249445212.0500,3,1.002291,1,-1.647700,0
2010-09-21,sz.000060,15.6600,15.7300,15.3800,15.4300,15.5200,9383078,145397114.9200,3,0.591911,1,-0.579900,0
2010-09-27,sz.000060,15.6900,16.2900,15.6800,16.2700,15.4300,25833426,415721726.1000,3,1.629646,1,5.443900,0
2010-09-28,sz.000060,16.2700,16.9600,16.1100,16.5000,16.2700,40798761,678097090.0600,3,2.573702,1,1.413600,0
2010-09-29,sz.000060,16.5600,17.1700,16.2800,16.5000,16.5000,40360055,677916901.0200,3,2.546027,1,0.000000,0
2010-09-30,sz.000060,16.3000,17.0900,16.2200,17.0000,16.5000,40985234,690719913.1300,3,2.585465,1,3.030300,0
2010-10-08,sz.000060,17.0000,17.0000,17.0000,17.0000,17.0000,0,0.0000,3,,0,0.000000,0
2010-10-11,sz.000060,18.7000,18.7000,18.7000,18.7000,17.0000,7766094,145225957.8000,3,0.489907,1,10.000000,0
2010-10-12,sz.000060,20.5700,20.5700,20.0300,20.5700,18.7000,124089819,2537372008.5000,3,7.827940,1,10.000000,0
2010-10-13,sz.000060,21.7200,22.1700,20.9600,22.1100,20.5700,144243449,3117020390.3200,3,9.099288,1,7.486600,0
2010-10-14,sz.000060,22.7500,23.4500,22.1300,22.8000,22.1100,108376624,2471967815.0400,3,6.836707,1,3.120800,0
2010-10-15,sz.000060,22.4000,23.7900,21.7000,22.6800,22.8000,111669558,2550614303.7700,3,7.044434,1,-0.526300,0
2010-10-18,sz.000060,22.4800,22.7500,20.6500,20.7400,22.6800,95025425,2060599494.0600,3,5.994475,1,-8.553800,0
2010-10-19,sz.000060,20.9600,21.8500,20.9500,21.4700,20.7400,63709280,1362539050.5500,3,4.018963,1,3.519800,0
2010-10-20,sz.000060,20.5100,22.1600,20.1000,21.2200,21.4700,94072210,1979072637.0400,3,5.934343,1,-1.164400,0
2010-10-21,sz.000060,21.2200,21.2200,21.2200,21.2200,21.2200,0,0.0000,3,,0,0.000000,0
2010-10-22,sz.000060,21.0000,23.3000,20.2600,23.1700,21.2200,157768929,3475121645.2300,3,9.952514,1,9.189400,0
2010-10-25,sz.000060,22.6900,25.2500,22.3000,24.8800,23.1700,125954351,2972621333.3200,3,7.945560,1,7.380200,0
2010-10-26,sz.000060,24.9200,25.1800,24.0200,24.0700,24.8800,86643457,2128356079.9700,3,5.465716,1,-3.255600,0
2010-10-27,sz.000060,23.8900,24.2600,23.1700,23.3000,24.0700,56892536,1342054283.6700,3,3.588943,1,-3.199000,0
2010-10-28,sz.000060,22.5000,23.5500,22.5000,22.8300,23.3000,52133057,1194051831.2100,3,3.288702,1,-2.017200,0
2010-10-29,sz.000060,22.8000,23.1800,22.5000,22.5900,22.8300,41522304,948176557.7300,3,2.619345,1,-1.051200,0
2010-11-01,sz.000060,22.7000,24.2600,22.7000,23.9200,22.5900,59114992,1404502745.3400,3,3.729142,1,5.887600,0
2010-11-02,sz.000060,23.9300,25.8500,23.6200,24.1200,23.9200,98562943,2436899681.8600,3,6.217632,1,0.836100,0
2010-11-03,sz.000060,24.2000,24.8000,22.4600,22.5100,24.1200,66550705,1549308114.6000,3,4.198208,1,-6.675000,0
2010-11-04,sz.000060,22.5800,23.3900,21.8900,22.8800,22.5100,54799071,1243306383.2600,3,3.456882,1,1.643700,0
2010-11-05,sz.000060,24.1000,24.8900,23.1500,23.5400,22.8800,55064398,1312692537.2300,3,3.473619,1,2.884600,0
2010-11-08,sz.000060,23.5600,23.6000,22.6500,23.1500,23.5400,36292160,833285586.0800,3,2.289413,1,-1.656800,0
2010-11-09,sz.000060,23.0500,23.9900,22.7900,23.6000,23.1500,44615316,1052034500.5500,3,2.814461,1,1.943800,0
2010-11-10,sz.000060,23.7300,25.8800,23.4000,25.4500,23.6000,104207692,2576283677.8500,3,6.573718,1,7.839000,0
2010-11-11,sz.000060,25.0200,26.6500,24.7100,24.7800,25.4500,106989857,2748970490.3800,3,6.749225,1,-2.632600,0
2010-11-12,sz.000060,24.2000,25.6500,22.7000,23.1500,24.7800,87842395,2121251881.5700,3,5.541349,1,-6.577900,0
2010-11-15,sz.000060,23.1600,23.5300,21.5000,22.3900,23.1500,55106188,1227422971.7200,3,3.476256,1,-3.282900,0
2010-11-16,sz.000060,22.2500,22.2500,20.1500,20.3000,22.3900,62713084,1325262807.2300,3,3.956120,1,-9.334500,0
2010-11-17,sz.000060,19.5000,20.2900,19.0900,19.4000,20.3000,47917435,940911824.3100,3,3.022768,1,-4.433500,0
2010-11-18,sz.000060,20.0000,20.2600,19.3100,20.1000,19.4000,38331214,762085779.6600,3,2.418042,1,3.608200,0
2010-11-19,sz.000060,20.5000,20.5800,19.0000,19.9800,20.1000,46671054,923064069.6700,3,2.944143,1,-0.597000,0
2010-11-22,sz.000060,19.7500,20.4700,19.4300,20.2700,19.9800,38966493,779352155.8000,3,2.458118,1,1.451500,0
2010-11-23,sz.000060,19.8900,20.0400,18.7900,19.2400,20.2700,35862766,691494638.5100,3,2.262326,1,-5.081400,0
2010-11-24,sz.000060,19.0900,19.9000,19.0000,19.5400,19.2400,31389859,612088478.4900,3,1.980162,1,1.559300,0
2010-11-25,sz.000060,19.8000,20.3800,19.3900,20.2200,19.5400,37442613,742452517.2800,3,2.361987,1,3.480000,0
2010-11-26,sz.000060,20.0000,20.0900,19.5000,19.6800,20.2200,28070310,555299025.1300,3,1.770755,1,-2.670600,0
2010-11-29,sz.000060,19.4900,19.4900,18.7500,18.9800,19.6800,28063174,534082506.0000,3,1.770305,1,-3.556900,0
2010-11-30,sz.000060,18.9100,19.4000,18.0000,19.1800,18.9800,36916484,691870884.2500,3,2.328797,1,1.053700,0
2010-12-01,sz.000060,19.1800,21.1000,18.9000,20.0700,19.1800,43472717,889761653.1000,3,2.742383,1,4.640300,0
2010-12-02,sz.000060,20.6000,21.1000,20.2100,20.2900,20.0700,49067120,1014765344.2400,3,3.095294,1,1.096200,0
2010-12-03,sz.000060,20.3500,20.6800,19.9000,20.4300,20.2900,27029079,548357600.3700,3,1.705071,1,0.690000,0
2010-12-06,sz.000060,20.7000,20.8300,20.1100,20.3200,20.4300,20376233,416530422.5600,3,1.285391,1,-0.538400,0
2010-12-07,sz.000060,20.1900,20.8900,19.4500,20.6800,20.3200,35296235,714260057.2500,3,2.226587,1,1.771700,0
2010-12-08,sz.000060,20.5500,21.2600,20.4500,20.5400,20.6800,34403333,719596433.2400,3,2.170260,1,-0.677000,0
2010-12-09,sz.000060,20.3500,20.9800,20.2100,20.5500,20.5400,28049564,580812309.5200,3,1.769447,1,0.048700,0
2010-12-10,sz.000060,20.3000,21.2400,20.0500,20.9300,20.5500,31182007,645357632.5600,3,1.967050,1,1.849100,0
2010-12-13,sz.000060,21.2000,22.9300,21.1000,22.4000,20.9300,45971475,1028355165.2400,3,2.900012,1,7.023400,0
2010-12-14,sz.000060,22.7000,23.4000,22.2200,23.0700,22.4000,59818965,1372972943.5600,3,3.773551,1,2.991100,0
2010-12-15,sz.000060,23.0800,23.2300,22.2700,22.3500,23.0700,38193538,868329394.1200,3,2.409357,1,-3.120900,0
2010-12-16,sz.000060,22.0500,22.3000,21.7000,21.7700,22.3500,26493635,581591959.3300,3,1.671294,1,-2.595100,0
2010-12-17,sz.000060,21.6500,22.2700,21.6500,21.9400,21.7700,17409283,382996220.0800,3,1.098227,1,0.780900,0
2010-12-20,sz.000060,22.1100,22.3800,20.2500,21.3000,21.9400,29173856,623222985.3200,3,1.840370,1,-2.917000,0
2010-12-21,sz.000060,21.3000,21.8400,20.9100,21.7500,21.3000,25304975,543473939.9100,3,1.596310,1,2.112700,0
2010-12-22,sz.000060,21.9900,22.5900,21.7500,21.8100,21.7500,31253697,692350564.8400,3,1.971572,1,0.275900,0
2010-12-23,sz.000060,21.7700,22.1700,21.3800,21.5900,21.8100,25256398,551350365.6700,3,1.593246,1,-1.008700,0
2010-12-24,sz.000060,21.2200,21.6000,20.7000,20.9500,21.5900,21543822,454080396.3200,3,1.359046,1,-2.964300,0
2010-12-27,sz.000060,20.9500,21.8900,20.3000,20.5000,20.9500,25104789,531604446.2200,3,1.583682,1,-2.148000,0
2010-12-28,sz.000060,20.2600,20.8300,20.1800,20.4500,20.5000,16193359,331828123.8600,3,1.021523,1,-0.243900,0
2010-12-29,sz.000060,20.6800,20.7900,20.1000,20.4000,20.4500,16388798,333013423.0000,3,1.033852,1,-0.244500,0
2010-12-30,sz.000060,20.6800,21.4000,20.0100,21.2800,20.4000,32180240,668916062.2800,3,2.030021,1,4.313700,0
2010-12-31,sz.000060,21.2200,22.7500,21.0700,22.5000,21.2800,55914613,1240888410.8700,3,3.527253,1,5.733100,0
2011-01-04,sz.000060,22.7800,23.6600,22.7300,23.1800,22.5000,80623994,1871832486.3700,3,5.085992,1,3.022200,0
2011-01-05,sz.000060,22.8000,23.0000,22.4300,22.5100,23.1800,30519967,692829506.2300,3,1.925287,1,-2.890400,0
2011-01-06,sz.000060,22.5200,23.1600,22.5000,22.5100,22.5100,20109867,456725440.6500,3,1.268588,1,0.000000,0
2011-01-07,sz.000060,22.4100,22.4100,21.7200,21.8500,22.5100,22895857,504326734.0900,3,1.444336,1,-2.932000,0
2011-01-10,sz.000060,21.8000,21.8000,21.0000,21.1600,21.8500,22628497,485060321.4100,3,1.427470,1,-3.157900,0
2011-01-11,sz.000060,21.0500,21.5000,20.6800,21.4000,21.1600,17650458,372081521.5900,3,1.113441,1,1.134200,0
2011-01-12,sz.000060,21.5800,21.6800,20.6200,21.0000,21.4000,23810739,500798317.9600,3,1.502049,1,-1.869200,0
2011-01-13,sz.000060,21.1600,21.2900,20.6900,20.7800,21.0000,11299626,236438286.5100,3,0.712813,1,-1.047600,0
2011-01-14,sz.000060,20.7800,20.7800,19.9000,20.0200,20.7800,23961489,484161667.3200,3,1.511559,1,-3.657400,0
2011-01-17,sz.000060,20.1400,21.1100,20.0000,20.1300,20.0200,29426968,602619693.2500,3,1.856337,1,0.549500,0
2011-01-18,sz.000060,19.8000,19.8400,19.1300,19.7500,20.1300,25640019,499770501.0100,3,1.617446,1,-1.887700,0
2011-01-19,sz.000060,19.7500,20.6700,19.5900,20.5500,19.7500,25100510,506537786.1800,3,1.583412,1,4.050600,0
2011-01-20,sz.000060,20.3200,20.4700,19.5100,19.5600,20.5500,19860945,395886844.2900,3,1.252885,1,-4.817500,0
2011-01-21,sz.000060,19.3000,19.8500,18.8700,19.2000,19.5600,20877871,404082608.1100,3,1.317036,1,-1.840500,0
2011-01-24,sz.000060,19.3700,19.6300,18.6700,18.7000,19.2000,16091700,306540581.2900,3,1.015110,1,-2.604200,0
2011-01-25,sz.000060,18.7000,18.7000,17.6000,17.8100,18.7000,27296193,490515667.8100,3,1.721922,1,-4.759400,0
2011-01-26,sz.000060,17.8700,18.2000,17.8700,18.0400,17.8100,11791537,212454406.3600,3,0.743844,1,1.291400,0
2011-01-27,sz.000060,18.0500,18.8000,17.8900,18.6400,18.0400,15197494,281222250.2000,3,0.958701,1,3.325900,0
2011-01-28,sz.000060,18.6400,18.9500,18.4000,18.8000,18.6400,12961548,241775646.0800,3,0.817651,1,0.858400,0
2011-01-31,sz.000060,18.9300,19.3000,18.8200,19.1900,18.8000,11585150,221539139.7800,3,0.730824,1,2.074500,0
2011-02-01,sz.000060,19.5700,19.6800,19.2700,19.4400,19.1900,12122752,235508544.1000,3,0.764738,1,1.302800,0
2011-02-09,sz.000060,19.3600,19.7500,18.4800,18.7100,19.4400,16867438,321674801.3200,3,1.064046,1,-3.755100,0
2011-02-10,sz.000060,18.6000,19.2000,18.4700,19.1900,18.7100,12140571,228930301.2200,3,0.765862,1,2.565500,0
2011-02-11,sz.000060,19.2000,19.8500,19.1800,19.4100,19.1900,17827094,347944047.1100,3,1.124584,1,1.146400,0
2011-02-14,sz.000060,19.4200,20.3400,19.4000,20.1800,19.4100,29504419,591028893.8000,3,1.861223,1,3.967000,0
2011-02-15,sz.000060,20.2200,21.0900,20.1000,20.5500,20.1800,38329283,794929541.8900,3,2.417921,1,1.833500,0
2011-02-16,sz.000060,20.2500,21.0300,20.2500,20.9500,20.5500,27554527,568274712.9800,3,1.738218,1,1.946500,0
2011-02-17,sz.000060,20.9900,21.4800,20.5600,20.8000,20.9500,27585709,578763938.1900,3,1.740185,1,-0.716000,0
2011-02-18,sz.000060,20.7300,20.8800,20.2800,20.3300,20.8000,20454039,419497964.5400,3,1.290299,1,-2.259600,0
2011-02-21,sz.000060,20.0800,20.9600,20.0800,20.9500,20.3300,21369534,441637105.7500,3,1.348051,1,3.049700,0
2011-02-22,sz.000060,21.3000,21.3900,20.0900,20.1600,20.9500,36856821,761996891.1400,3,2.325033,1,-3.770900,0
2011-02-23,sz.000060,19.9900,20.7000,19.9600,20.3400,20.1600,20405582,413463519.5500,3,1.287242,1,0.892900,0
2011-02-24,sz.000060,20.3300,21.1200,20.0800,21.0900,20.3400,45258569,938251378.6000,3,2.855040,1,3.687300,0
2011-02-25,sz.000060,20.9400,21.1000,20.4500,20.8500,21.0900,26724593,555793145.1400,3,1.685864,1,-1.138000,0
2011-02-28,sz.000060,20.8500,20.9800,20.4900,20.8700,20.8500,21159266,438196244.2100,3,1.334787,1,0.095900,0
2011-03-01,sz.000060,20.9000,21.1000,20.6400,21.0500,20.8700,31947442,667261019.1200,3,2.015336,1,0.862474,0
2011-03-02,sz.000060,21.1000,21.1000,20.3400,20.6600,21.0500,20639591,426583824.5800,3,1.302004,1,-1.852700,0
2011-03-03,sz.000060,20.6700,20.9600,20.0200,20.0500,20.6600,26948514,549252853.7700,3,1.699989,1,-2.952600,0
2011-03-04,sz.000060,20.1500,20.4500,20.0300,20.4100,20.0500,18300879,370414840.0700,3,1.154472,1,1.795500,0
2011-03-07,sz.000060,20.4300,21.3200,20.4300,21.0400,20.4100,45606644,956338964.6500,3,2.876997,1,3.086700,0
2011-03-08,sz.000060,20.9800,21.4500,20.8400,21.3500,21.0400,41275637,875412113.2400,3,2.603785,1,1.473400,0
2011-03-09,sz.000060,21.2300,21.3600,21.0000,21.0900,21.3500,22406299,474233588.7600,3,1.413453,1,-1.217800,0
2011-03-10,sz.000060,20.8500,20.8500,20.3200,20.4400,21.0900,31590016,646958117.8600,3,1.992788,1,-3.082000,0
2011-03-11,sz.000060,20.3000,20.5500,20.0500,20.0700,20.4400,31262551,632934105.2000,3,1.972131,1,-1.810200,0
2011-03-14,sz.000060,19.9900,20.1500,19.6100,19.8600,20.0700,20458735,405406310.2600,3,1.290595,1,-1.046300,0
2011-03-15,sz.000060,19.7900,20.0900,19.1100,19.5300,19.8600,23681299,462125054.2400,3,1.493884,1,-1.661600,0
2011-03-16,sz.000060,19.5100,20.2400,19.4600,20.1600,19.5300,27819233,554863661.8300,3,1.754917,1,3.225800,0
2011-03-17,sz.000060,19.9700,20.3500,19.4700,19.7200,20.1600,26662429,528859915.0100,3,1.681942,1,-2.182500,0
2011-03-18,sz.000060,20.0600,20.1800,19.5800,19.7000,19.7200,17044201,337946585.8000,3,1.075197,1,-0.101400,0
2011-03-21,sz.000060,19.7600,19.9000,19.2900,19.3300,19.7000,20119706,393141273.1900,3,1.269208,1,-1.878200,0
2011-03-22,sz.000060,19.3600,19.8000,19.1100,19.6700,19.3300,25286760,494879680.2600,3,1.595161,1,1.758900,0
2011-03-23,sz.000060,19.6000,19.9600,19.4600,19.9200,19.6700,20718591,409337319.1400,3,1.306988,1,1.271000,0
2011-03-24,sz.000060,20.1100,20.3600,19.6700,19.7000,19.9200,24097111,482183861.5600,3,1.520114,1,-1.104400,0
2011-03-25,sz.000060,19.7200,20.3000,19.6100,20.0800,19.7000,30640493,613431802.2800,3,1.932890,1,1.928900,0
2011-03-28,sz.000060,20.1900,20.7600,19.9700,20.5200,20.0800,48050579,980241551.7300,3,3.031168,1,2.191200,0
2011-03-29,sz.000060,20.3000,20.4500,19.8800,19.9100,20.5200,28495500,575319866.1500,3,1.797577,1,-2.972700,0
2011-03-30,sz.000060,19.9600,20.9600,19.8500,20.6200,19.9100,56317411,1158933159.4400,3,3.552663,1,3.566000,0
2011-03-31,sz.000060,20.7000,21.1000,20.4100,20.8000,20.6200,54775018,1138060046.0000,3,3.455364,1,0.872900,0
2011-04-01,sz.000060,20.9900,21.1400,20.2600,20.7000,20.8000,33993832,701477901.7500,3,2.144428,1,-0.480800,0
2011-04-06,sz.000060,20.6000,21.4700,20.4100,21.3000,20.7000,62086823,1302843250.6200,3,3.916614,1,2.898600,0
2011-04-07,sz.000060,21.3000,21.7900,21.1000,21.2300,21.3000,64131193,1372572921.5100,3,4.045579,1,-0.328600,0
2011-04-08,sz.000060,21.1700,21.7000,21.0100,21.6200,21.2300,57755648,1237450767.6700,3,3.643391,1,1.837000,0
2011-04-11,sz.000060,21.9500,22.2000,21.3700,21.4000,21.6200,62181283,1359162540.2800,3,3.922573,1,-1.017600,0
2011-04-12,sz.000060,21.2400,21.5000,20.5400,20.7100,21.4000,46596485,979227513.0800,3,2.939439,1,-3.224300,0
2011-04-13,sz.000060,20.5500,20.8500,20.2200,20.8100,20.7100,25776105,528014173.7000,3,1.626030,1,0.482900,0
2011-04-14,sz.000060,20.7500,20.9400,20.4000,20.6500,20.8100,20205990,417018470.9300,3,1.274651,1,-0.768900,0
2011-04-15,sz.000060,20.6000,20.8500,20.4500,20.6500,20.6500,20189614,416359425.7800,3,1.273618,1,0.000000,0
2011-04-18,sz.000060,20.6200,20.7600,20.2600,20.3700,20.6500,21455465,439212503.7100,3,1.353472,1,-1.355900,0
2011-04-19,sz.000060,20.2400,20.2500,19.6000,19.6700,20.3700,35176788,696762747.4800,3,2.219052,1,-3.436400,0
2011-04-20,sz.000060,19.8300,20.0800,19.7500,19.8900,19.6700,19325683,384456518.4900,3,1.219119,1,1.118500,0
2011-04-21,sz.000060,19.8900,19.8900,19.8900,19.8900,19.8900,0,0.0000,3,,0,0.000000,0
2011-04-22,sz.000060,20.0800,20.5000,20.0200,20.1300,19.8900,18684009,377505307.0000,3,1.178641,1,1.206600,0
2011-04-25,sz.000060,20.2200,20.2200,19.6000,19.6100,20.1300,16617668,328694025.3000,3,1.048290,1,-2.583200,0
2011-04-26,sz.000060,19.5000,19.6800,19.2000,19.3000,19.6100,14980994,290922050.0700,3,0.945044,1,-1.580800,0
2011-04-27,sz.000060,19.4800,19.5600,18.8800,19.0800,19.3000,13990003,268764467.4200,3,0.882529,1,-1.139900,0
2011-04-28,sz.000060,19.3000,19.3800,18.9000,18.9400,19.0800,11454965,219351930.0600,3,0.722612,1,-0.733800,0
2011-04-29,sz.000060,18.6000,19.0700,18.0200,19.0400,18.9400,15856544,295272941.9800,3,1.000276,1,0.528000,0
2011-05-03,sz.000060,19.0500,19.0500,18.0800,18.8000,19.0400,14830372,275374795.3400,3,0.935542,1,-1.260500,0
2011-05-04,sz.000060,18.6900,18.6900,18.2000,18.4700,18.8000,12781910,235624934.9700,3,0.806319,1,-1.755300,0
2011-05-05,sz.000060,18.3600,18.4600,18.1000,18.1800,18.4700,10895155,199061146.8600,3,0.687297,1,-1.570100,0
2011-05-06,sz.000060,13.4100,13.7900,13.1000,13.4800,13.9700,18949485,254459599.4800,3,0.919529,1,-3.507500,0
2011-05-09,sz.000060,13.5000,13.7600,13.5000,13.5600,13.4800,11258672,153362614.5100,3,0.546330,1,0.593500,0
2011-05-10,sz.000060,13.6900,13.8800,13.5700,13.8300,13.5600,12373611,170420955.6400,3,0.600433,1,1.991200,0
2011-05-11,sz.000060,13.9000,13.9800,13.7000,13.7100,13.8300,11852630,163497248.2300,3,0.575152,1,-0.867700,0
2011-05-12,sz.000060,13.5000,13.5000,13.1500,13.1500,13.7100,21402635,284982376.5500,3,1.038569,1,-4.084600,0
2011-05-13,sz.000060,13.1700,13.4800,13.1700,13.4700,13.1500,10097150,134405220.9600,3,0.489967,1,2.433500,0
2011-05-16,sz.000060,13.4200,13.4600,13.1800,13.2100,13.4700,10370296,137765929.4500,3,0.503221,1,-1.930200,0
2011-05-17,sz.000060,13.2000,13.7800,13.1800,13.5200,13.2100,14879929,200904930.8900,3,0.722053,1,2.346700,0
2011-05-18,sz.000060,13.5000,13.6600,13.3800,13.5500,13.5200,9248152,125137974.5100,3,0.448769,1,0.221900,0
2011-05-19,sz.000060,13.7100,13.7700,13.3000,13.3600,13.5500,10680730,144019911.7100,3,0.518285,1,-1.402200,0
2011-05-20,sz.000060,13.4600,13.4700,13.3200,13.3800,13.3600,7419522,99268805.9300,3,0.360034,1,0.149700,0
2011-05-23,sz.000060,13.3900,13.4000,12.8000,12.8200,13.3800,16339669,213150426.0600,3,0.792887,1,-4.185400,0
2011-05-24,sz.000060,12.8200,13.0700,12.7100,12.9400,12.8200,9932409,127643032.1200,3,0.481973,1,0.936000,0
2011-05-25,sz.000060,12.9000,13.0600,12.8000,12.8100,12.9400,8109199,104698877.4000,3,0.393501,1,-1.004600,0
2011-05-26,sz.000060,12.9500,13.0600,12.7000,12.7000,12.8100,7866279,101320858.1800,3,0.381713,1,-0.858700,0
2011-05-27,sz.000060,12.7100,12.8300,12.5100,12.5300,12.7000,10222415,129302318.2500,3,0.496045,1,-1.338600,0
2011-05-30,sz.000060,12.5400,12.6500,12.4000,12.4000,12.5300,7431274,92891678.9700,3,0.360605,1,-1.037500,0
2011-05-31,sz.000060,12.4200,12.6600,12.3000,12.6000,12.4000,22620925,282362376.6100,3,1.097687,1,1.612900,0
2011-06-01,sz.000060,12.9000,13.3700,12.8800,13.0900,12.6000,34880202,458061246.3900,3,1.692571,1,3.888900,0
2011-06-02,sz.000060,12.7800,13.0400,12.6700,12.8900,13.0900,16587055,213317583.9100,3,0.804891,1,-1.527900,0
2011-06-03,sz.000060,12.9600,13.2000,12.8800,12.9900,12.8900,17230627,224949645.1800,3,0.836121,1,0.775800,0
2011-06-07,sz.000060,12.9800,13.2600,12.9000,13.2400,12.9900,18057257,236905796.7300,3,0.876233,1,1.924600,0
2011-06-08,sz.000060,13.1700,13.3400,13.0700,13.2200,13.2400,14307254,188723294.7400,3,0.694263,1,-0.151100,0
2011-06-09,sz.000060,13.1700,13.2900,12.7300,12.7800,13.2200,15053992,195805520.4500,3,0.730499,1,-3.328300,0
2011-06-10,sz.000060,12.7300,12.9400,12.5500,12.7900,12.7800,12449496,158467677.2600,3,0.604115,1,0.078200,0
2011-06-13,sz.000060,12.6600,12.8200,12.4200,12.7200,12.7900,9501853,119777023.6100,3,0.461080,1,-0.547300,0
2011-06-14,sz.000060,12.6100,13.1700,12.6100,13.0900,12.7200,17861434,232316138.0200,3,0.866731,1,2.908800,0
2011-06-15,sz.000060,13.1000,13.2400,12.9500,12.9600,13.0900,12651280,165588658.1800,3,0.613907,1,-0.993100,0
2011-06-16,sz.000060,12.8900,12.8900,12.6900,12.7000,12.9600,9060403,115506056.5800,3,0.439659,1,-2.006200,0
2011-06-17,sz.000060,12.7000,12.7900,12.5000,12.5300,12.7000,7531310,95267490.1000,3,0.365459,1,-1.338600,0
2011-06-20,sz.000060,12.5000,12.5500,12.3100,12.3500,12.5300,7262471,90088334.4500,3,0.352413,1,-1.436600,0
2011-06-21,sz.000060,12.3100,12.5700,12.3000,12.5600,12.3500,6384132,79524806.6600,3,0.309792,1,1.700400,0
2011-06-22,sz.000060,12.5900,12.7600,12.5100,12.5700,12.5600,8175005,103438286.4300,3,0.396694,1,0.079600,0
2011-06-23,sz.000060,12.5200,12.8700,12.4100,12.7900,12.5700,10861284,137778204.3400,3,0.527047,1,1.750200,0
2011-06-24,sz.000060,12.7000,13.5800,12.6500,13.1400,12.7900,29330930,385444897.4600,3,1.423291,1,2.736500,0
2011-06-27,sz.000060,13.1500,13.3300,13.0700,13.1600,13.1400,14051561,185196477.3300,3,0.681856,1,0.152200,0
2011-06-28,sz.000060,13.2200,13.4400,13.1900,13.3500,13.1600,17156307,228685003.1300,3,0.832514,1,1.443800,0
2011-06-29,sz.000060,13.3700,13.3900,13.0000,13.0000,13.3500,14906348,196885142.5300,3,0.723335,1,-2.621700,0
2011-06-30,sz.000060,13.0700,13.3800,13.0600,13.3000,13.0000,19389824,257240265.4400,3,0.940939,1,2.307700,0
2011-07-01,sz.000060,13.3500,13.6000,13.2700,13.4300,13.3000,23313804,313500356.8700,3,1.131360,1,0.977400,0
2011-07-04,sz.000060,13.5500,14.1500,13.5100,13.9900,13.4300,35262382,490448086.0900,3,1.711194,1,4.169800,0
2011-07-05,sz.000060,14.0300,14.1300,13.8400,13.9800,13.9900,25133841,351139479.3200,3,1.219681,1,-0.071500,0
2011-07-06,sz.000060,14.0200,14.3000,13.8300,13.9900,13.9800,29783449,418548173.2500,3,1.445315,1,0.071500,0
2011-07-07,sz.000060,13.9800,14.3100,13.9000,14.0300,13.9900,28612774,403201266.7800,3,1.388505,1,0.285900,0
2011-07-08,sz.000060,14.0800,14.1700,13.8100,13.8700,14.0300,19112716,265899088.0900,3,0.927491,1,-1.140412,0
2011-07-11,sz.000060,13.8000,13.8500,13.5900,13.7400,13.8700,15282650,210058097.1000,3,0.741628,1,-0.937300,0
2011-07-12,sz.000060,13.5900,13.6400,13.3000,13.3500,13.7400,20768372,278914487.3500,3,1.007836,1,-2.838400,0
2011-07-13,sz.000060,13.3500,13.7500,13.3500,13.7000,13.3500,15308568,208870603.3400,3,0.742886,1,2.621700,0
2011-07-14,sz.000060,13.8000,14.2000,13.8000,14.0000,13.7000,26159172,366891891.2600,3,1.269438,1,2.189800,0
2011-07-15,sz.000060,13.9300,14.1200,13.8300,14.0400,14.0000,16989035,238225803.1000,3,0.824435,1,0.285700,0
2011-07-18,sz.000060,14.0900,14.1300,13.7500,13.8000,14.0400,17413437,242165244.3200,3,0.845030,1,-1.709400,0
2011-07-19,sz.000060,13.7800,13.9900,13.7400,13.8700,13.8000,7613760,105546041.1200,3,0.369476,1,0.507200,0
2011-07-20,sz.000060,13.8700,13.8700,13.8700,13.8700,13.8700,0,0.0000,3,,0,0.000000,0
2011-07-21,sz.000060,13.8700,13.8700,13.8700,13.8700,13.8700,0,0.0000,3,,0,0.000000,0
2011-07-22,sz.000060,13.8700,13.9300,13.5900,13.6600,13.8700,15429282,212137942.4300,3,0.748744,1,-1.514100,0
2011-07-25,sz.000060,13.6000,13.6000,12.9100,13.0000,13.6600,19556095,258506626.0200,3,0.949007,1,-4.831600,0
2011-07-26,sz.000060,13.0000,13.1400,12.9100,13.0000,13.0000,11944155,155527829.9400,3,0.579619,1,0.000000,0
2011-07-27,sz.000060,12.9100,13.4600,12.7500,13.3000,13.0000,16346586,215440848.2000,3,0.793258,1,2.307700,0
2011-07-28,sz.000060,13.2800,13.4500,13.1500,13.3600,13.3000,15277200,203577863.4700,3,0.741364,1,0.451100,0
2011-07-29,sz.000060,13.3500,13.4000,12.9700,13.0600,13.3600,13007003,170522806.0900,3,0.631197,1,-2.245500,0
2011-08-01,sz.000060,13.1000,13.2800,13.0700,13.1100,13.0600,7727704,101819739.6600,3,0.375006,1,0.382800,0
2011-08-02,sz.000060,13.0300,13.0300,12.7000,12.8600,13.1100,12526763,160393792.4300,3,0.607892,1,-1.906900,0
2011-08-03,sz.000060,12.7700,13.0600,12.7100,12.8700,12.8600,8277670,106858279.3300,3,0.401694,1,0.077800,0
2011-08-04,sz.000060,12.9200,13.0900,12.8500,12.8700,12.8700,6590979,85380035.5300,3,0.319843,1,0.000000,0
2011-08-05,sz.000060,12.4000,12.6500,12.3000,12.3700,12.8700,17745247,221173714.7100,3,0.861132,1,-3.885000,0
2011-08-08,sz.000060,12.3700,12.3700,12.3700,12.3700,12.3700,0,0.0000,3,,0,0.000000,0
2011-08-09,sz.000060,11.1800,11.9100,11.1300,11.6800,12.3700,40126933,459150611.8300,3,1.947258,1,-5.578000,0
2011-08-10,sz.000060,11.8900,11.9900,11.6500,11.6600,11.6800,21749051,256414775.7900,3,1.055426,1,-0.171200,0
2011-08-11,sz.000060,11.3300,11.7900,11.2900,11.7600,11.6600,16302918,189020996.9300,3,0.791139,1,0.857600,0
2011-08-12,sz.000060,11.8600,11.9600,11.7500,11.7900,11.7600,13584365,161097894.3300,3,0.659215,1,0.255100,0
2011-08-15,sz.000060,11.8000,11.9900,11.7400,11.9600,11.7900,11679063,138830007.5100,3,0.566755,1,1.441900,0
2011-08-16,sz.000060,11.9600,12.1000,11.7400,11.8000,11.9600,14872107,176807151.0800,3,0.721705,1,-1.337800,0
2011-08-17,sz.000060,11.8000,11.8500,11.5000,11.5600,11.8000,12856587,149425149.6500,3,0.623897,1,-2.033900,0
2011-08-18,sz.000060,11.5800,11.6300,11.3500,11.4200,11.5600,10102157,115854061.6800,3,0.490232,1,-1.211100,0
2011-08-19,sz.000060,11.1600,11.3200,11.1100,11.2500,11.4200,11585575,129745217.4700,3,0.562218,1,-1.488600,0
2011-08-22,sz.000060,11.2500,11.4300,11.1200,11.1800,11.2500,8306099,93316991.3400,3,0.403074,1,-0.622200,0
2011-08-23,sz.000060,11.2500,11.3500,11.1800,11.3500,11.1800,7301399,82259523.2000,3,0.354318,1,1.520600,0
2011-08-24,sz.000060,11.4000,11.4600,11.2700,11.2800,11.3500,9187503,104638899.8800,3,0.445846,1,-0.616700,0
2011-08-25,sz.000060,11.3600,11.7800,11.2900,11.7600,11.2800,16965620,196614400.2100,3,0.823298,1,4.255300,0
2011-08-26,sz.000060,11.8000,12.1000,11.7700,11.9600,11.7600,20235134,241572955.3100,3,0.981960,1,1.700679,0
2011-08-29,sz.000060,11.8800,11.9200,11.7100,11.7500,11.9600,9469631,111718898.8100,3,0.459537,1,-1.755900,0
2011-08-30,sz.000060,11.9000,12.2200,11.8300,11.8400,11.7500,17246574,207422941.1000,3,0.836932,1,0.766000,0
2011-08-31,sz.000060,11.8300,12.0500,11.7500,11.9900,11.8400,9568785,113877385.5000,3,0.464349,1,1.266900,0
2011-09-01,sz.000060,12.0800,12.0800,11.7900,11.8000,11.9900,8766076,104515219.1500,3,0.425395,1,-1.584700,0
2011-09-02,sz.000060,11.7000,11.8200,11.5000,11.5900,11.8000,7191993,83595631.0600,3,0.349009,1,-1.779700,0
2011-09-05,sz.000060,11.4900,11.4900,11.3000,11.3000,11.5900,6900039,78382650.3100,3,0.334841,1,-2.502200,0
2011-09-06,sz.000060,11.2500,11.4300,11.1700,11.3100,11.3000,5790834,65451634.5500,3,0.281014,1,0.088500,0
2011-09-07,sz.000060,11.4800,11.7000,11.3600,11.7000,11.3100,8056060,93116338.7000,3,0.390940,1,3.448300,0
2011-09-08,sz.000060,11.8500,11.8500,11.6000,11.6000,11.7000,7219732,84382274.4800,3,0.350355,1,-0.854696,0
2011-09-09,sz.000060,11.6500,11.8000,11.5500,11.6900,11.6000,7129177,83255983.9900,3,0.345961,1,0.775900,0
2011-09-13,sz.000060,11.5000,11.5900,11.2600,11.5200,11.6900,5968584,68144815.4000,3,0.289640,1,-1.454200,0
2011-09-14,sz.000060,11.5200,11.5200,11.5200,11.5200,11.5200,0,0.0000,3,,0,0.000000,0
2011-09-15,sz.000060,11.6200,11.8700,11.6000,11.7900,11.5200,13225006,155709656.5900,3,0.641776,1,2.343800,0
2011-09-16,sz.000060,11.8300,11.9200,11.5500,11.6000,11.7900,9635596,112929786.0400,3,0.467591,1,-1.611500,0
2011-09-19,sz.000060,11.5400,11.5500,11.3100,11.3200,11.6000,7042056,80303073.0000,3,0.341733,1,-2.413800,0
2011-09-20,sz.000060,11.3300,11.4900,11.3000,11.4800,11.3200,5553987,63343491.0100,3,0.269521,1,1.413400,0
2011-09-21,sz.000060,11.4800,11.9000,11.3500,11.8800,11.4800,14682613,172408310.9200,3,0.712510,1,3.484300,0
2011-09-22,sz.000060,11.6800,11.7900,11.4100,11.4200,11.8800,10411443,121110068.3100,3,0.505241,1,-3.872100,0
2011-09-23,sz.000060,11.2700,11.5000,11.1600,11.3300,11.4200,9084305,102521182.0000,3,0.440838,1,-0.788100,0
2011-09-26,sz.000060,11.3200,11.4500,11.0000,11.0800,11.3300,8333662,93446892.8200,3,0.404411,1,-2.206500,0
2011-09-27,sz.000060,11.2000,11.2500,11.0600,11.1300,11.0800,7397554,82592345.2100,3,0.358984,1,0.451300,0
2011-09-28,sz.000060,11.1600,11.2500,10.7500,10.8000,11.1300,8727044,96323645.5300,3,0.423501,1,-2.965000,0
2011-09-29,sz.000060,10.7000,10.7000,10.2000,10.2600,10.8000,11230250,117270132.3300,3,0.544975,1,-5.000000,0
2011-09-30,sz.000060,10.3400,10.4500,10.1800,10.3300,10.2600,6497303,67070042.6200,3,0.315298,1,0.682300,0
2011-10-10,sz.000060,10.3600,10.4800,10.2700,10.2900,10.3300,4858625,50340094.7500,3,0.235777,1,-0.387200,0
2011-10-11,sz.000060,10.6500,10.6900,10.1000,10.2900,10.2900,10024839,104067417.6700,3,0.486480,1,0.000000,0
2011-10-12,sz.000060,10.1900,10.6700,10.0600,10.5700,10.2900,12053380,126581924.8500,3,0.584920,1,2.721100,0
2011-10-13,sz.000060,10.5900,10.8200,10.4600,10.6600,10.5700,13248083,141001592.8300,3,0.642896,1,0.851500,0
2011-10-14,sz.000060,10.6100,10.6600,10.4400,10.5300,10.6600,7360824,77543620.1300,3,0.357202,1,-1.219500,0
2011-10-17,sz.000060,10.5700,10.6600,10.4500,10.4700,10.5300,6854124,72236598.1700,3,0.332613,1,-0.569800,0
2011-10-18,sz.000060,10.4200,10.4400,10.0300,10.0700,10.4700,8064988,82532193.2500,3,0.391373,1,-3.820400,0
2011-10-19,sz.000060,10.1500,10.2000,9.9200,9.9300,10.0700,10497976,104959072.3600,3,0.509440,1,-1.390300,0
2011-10-20,sz.000060,9.9000,9.9400,9.2700,9.4300,9.9300,10725052,102646814.7000,3,0.520459,1,-5.035200,0
2011-10-21,sz.000060,9.4800,9.5600,9.3300,9.3400,9.4300,5808495,54730083.0000,3,0.281871,1,-0.954400,0
2011-10-24,sz.000060,9.4600,9.7000,9.3000,9.6300,9.3400,6744208,64229045.7300,3,0.327279,1,3.104900,0
2011-10-25,sz.000060,9.6500,10.2500,9.6200,10.1000,9.6300,14958922,148922839.6000,3,0.725918,1,4.880600,0
2011-10-26,sz.000060,9.9700,10.4200,9.9200,10.2400,10.1000,20406187,208749055.6900,3,0.990260,1,1.386100,0
2011-10-27,sz.000060,10.2300,10.3900,10.1000,10.2100,10.2400,11487028,117552162.8000,3,0.557436,1,-0.293000,0
2011-10-28,sz.000060,10.4600,10.6600,10.4500,10.5500,10.2100,18839531,199152139.2200,3,0.914234,1,3.330100,0
2011-10-31,sz.000060,10.5700,10.7500,10.4800,10.5900,10.5500,12745054,135201989.9000,3,0.618485,1,0.379100,0
2011-11-01,sz.000060,10.4800,10.6100,10.3300,10.3800,10.5900,11473747,120098706.3700,3,0.556792,1,-1.983000,0
2011-11-02,sz.000060,10.1800,10.4400,9.9600,10.4000,10.3800,19972740,202974936.0200,3,0.969226,1,0.192700,0
2011-11-03,sz.000060,10.5000,10.7700,10.4500,10.5200,10.4000,18892330,200446198.9700,3,0.916797,1,1.153800,0
2011-11-04,sz.000060,10.5900,10.8900,10.5900,10.7400,10.5200,17379922,187076571.8600,3,0.843403,1,2.091300,0
2011-11-07,sz.000060,10.7100,10.7300,10.5400,10.5900,10.7400,8270145,87786899.5200,3,0.401329,1,-1.396600,0
2011-11-08,sz.000060,10.6400,10.7500,10.5600,10.5900,10.5900,9726728,103598925.7400,3,0.472013,1,0.000000,0
2011-11-09,sz.000060,10.6700,10.7200,10.4100,10.6600,10.5900,9576854,101436250.3300,3,0.464740,1,0.661000,0
2011-11-10,sz.000060,10.4800,10.4900,10.3100,10.3200,10.6600,11581888,120411296.4100,3,0.562040,1,-3.189500,0
2011-11-11,sz.000060,10.4000,10.4200,10.2600,10.3400,10.3200,6490029,67109520.8300,3,0.314945,1,0.193800,0
2011-11-14,sz.000060,10.5100,10.6400,10.4100,10.5800,10.3400,9863491,104004958.2400,3,0.478650,1,2.321100,0
2011-11-15,sz.000060,10.5800,10.6500,10.5200,10.5600,10.5800,7778342,82233729.1800,3,0.377463,1,-0.189000,0
2011-11-16,sz.000060,10.5700,10.6200,10.1000,10.1500,10.5600,12654982,130565376.0200,3,0.614114,1,-3.882600,0
2011-11-17,sz.000060,10.1600,10.2500,10.0500,10.0700,10.1500,7414404,75246065.4100,3,0.359802,1,-0.788200,0
2011-11-18,sz.000060,10.0000,10.0200,9.7100,9.7100,10.0700,9177397,90358760.5200,3,0.445356,1,-3.575000,0
2011-11-21,sz.000060,9.7300,9.8400,9.6700,9.8100,9.7100,5571916,54374861.3400,3,0.270391,1,1.029900,0
2011-11-22,sz.000060,9.7100,9.7800,9.6300,9.7500,9.8100,4835650,46930791.2600,3,0.234662,1,-0.611600,0
2011-11-23,sz.000060,9.7800,9.8300,9.6100,9.6300,9.7500,4821123,46717558.2400,3,0.233957,1,-1.230800,0
2011-11-24,sz.000060,9.6000,9.7200,9.4600,9.6400,9.6300,4955530,47505978.6600,3,0.240479,1,0.103800,0
2011-11-25,sz.000060,9.7500,9.8500,9.6000,9.6500,9.6400,5853257,57064271.2200,3,0.284044,1,0.103700,0
2011-11-28,sz.000060,9.6900,9.8000,9.6100,9.6500,9.6500,5046871,48916665.8900,3,0.244912,1,0.000000,0
2011-11-29,sz.000060,9.7800,9.8400,9.6700,9.8000,9.6500,5944192,57945237.0900,3,0.288457,1,1.554400,0
2011-11-30,sz.000060,9.7500,9.7600,9.3000,9.3600,9.8000,8730648,82732739.0700,3,0.423676,1,-4.489800,0
2011-12-01,sz.000060,9.7800,10.0800,9.6300,9.7300,9.3600,15073514,148595862.6100,3,0.731479,1,3.953000,0
2011-12-02,sz.000060,9.6700,9.7000,9.4800,9.6000,9.7300,5108608,49027717.6300,3,0.247908,1,-1.336100,0
2011-12-05,sz.000060,9.6000,9.6100,9.4300,9.4800,9.6000,4341160,41278617.6200,3,0.210665,1,-1.250000,0
2011-12-06,sz.000060,9.4700,9.5400,9.3900,9.4300,9.4800,3573707,33821883.9200,3,0.173423,1,-0.527400,0
2011-12-07,sz.000060,9.4300,9.5100,9.3300,9.4200,9.4300,3418393,32216278.9800,3,0.165886,1,-0.106000,0
2011-12-08,sz.000060,9.4400,9.5400,9.2900,9.4200,9.4200,4129025,38821891.3800,3,0.200371,1,0.000000,0
2011-12-09,sz.000060,9.3600,9.4200,9.3000,9.3400,9.4200,3488811,32609511.9300,3,0.169303,1,-0.849300,0
2011-12-12,sz.000060,9.3400,9.3900,9.2900,9.3500,9.3400,2686074,25055915.6700,3,0.130348,1,0.107100,0
2011-12-13,sz.000060,9.3000,9.3300,8.8900,8.9000,9.3500,7456010,67569097.1200,3,0.361821,1,-4.812800,0
2011-12-14,sz.000060,8.8900,9.0100,8.7100,8.9100,8.9000,7728887,68357785.6300,3,0.375063,1,0.112400,0
2011-12-15,sz.000060,8.8000,8.8000,8.3100,8.3300,8.9100,7966494,67719455.0800,3,0.386594,1,-6.509500,0
2011-12-16,sz.000060,8.3900,8.6100,8.3100,8.5900,8.3300,5379518,45353578.8800,3,0.261054,1,3.121200,0
2011-12-19,sz.000060,8.5100,8.5100,8.1300,8.3800,8.5900,10583586,87696810.5500,3,0.513594,1,-2.444700,0
2011-12-20,sz.000060,8.3500,8.4800,8.3000,8.3600,8.3800,5366047,45000733.2600,3,0.260401,1,-0.238700,0
2011-12-21,sz.000060,8.4600,8.5300,8.1500,8.2000,8.3600,4783636,40164938.2400,3,0.232138,1,-1.913900,0
2011-12-22,sz.000060,8.1800,8.3300,7.8600,8.1000,8.2000,8095593,65245212.0600,3,0.392859,1,-1.219500,0
2011-12-23,sz.000060,8.0900,8.3200,8.0800,8.1000,8.1000,5493912,44886668.2600,3,0.266606,1,0.000000,0
2011-12-26,sz.000060,8.0500,8.2100,8.0000,8.0900,8.1000,4411986,35814368.8600,3,0.214102,1,-0.123500,0
2011-12-27,sz.000060,8.1200,8.1600,7.9500,7.9800,8.0900,4138879,33309088.0300,3,0.200849,1,-1.359700,0
2011-12-28,sz.000060,7.9000,8.1800,7.8500,8.1400,7.9800,6006155,48007087.7000,3,0.291463,1,2.005000,0
2011-12-29,sz.000060,8.0900,8.1600,8.0300,8.0600,8.1400,3918334,31721283.2800,3,0.190147,1,-0.982800,0
2011-12-30,sz.000060,8.0800,8.2600,8.0800,8.2300,8.0600,5205651,42671253.4100,3,0.252617,1,2.109200,0
2012-01-04,sz.000060,8.3300,8.3600,7.9800,7.9900,8.2300,5713220,46632888.0600,3,0.277198,1,-2.916200,0
2012-01-05,sz.000060,7.9900,8.0900,7.8500,7.8600,7.9900,4592732,36473832.8900,3,0.222834,1,-1.627000,0
2012-01-06,sz.000060,7.9000,7.9600,7.8100,7.9500,7.8600,4412976,34767400.7900,3,0.214112,1,1.145000,0
2012-01-09,sz.000060,7.9500,8.3700,7.9100,8.3000,7.9500,14329809,117495328.9400,3,0.695264,1,4.402500,0
2012-01-10,sz.000060,8.3100,9.0700,8.2800,8.9000,8.3000,23879432,205848774.2300,3,1.158600,1,7.228900,0
2012-01-11,sz.000060,8.9600,9.0300,8.7600,8.8600,8.9000,13001579,115573455.8400,3,0.630820,1,-0.449400,0
2012-01-12,sz.000060,8.8500,9.1700,8.7700,9.0200,8.8600,16738193,150855268.0300,3,0.812116,1,1.805900,0
2012-01-13,sz.000060,8.9600,9.0800,8.6300,8.8200,9.0200,13100448,116313503.3600,3,0.635617,1,-2.217300,0
2012-01-16,sz.000060,8.6300,8.8500,8.4500,8.4600,8.8200,7605975,65621177.5300,3,0.369032,1,-4.081600,0
2012-01-17,sz.000060,8.4400,9.3100,8.4400,9.3100,8.4600,20914554,189129774.4900,3,1.014748,1,10.047300,0
2012-01-18,sz.000060,9.6000,9.8400,9.0800,9.1200,9.3100,33841059,322633936.3600,3,1.641926,1,-2.040800,0
2012-01-19,sz.000060,9.0800,9.8700,9.0300,9.7500,9.1200,31304231,298181413.0100,3,1.518842,1,6.907900,0
2012-01-20,sz.000060,9.8500,9.8500,9.3700,9.7000,9.7500,20271898,195396664.4400,3,0.983567,1,-0.512800,0
2012-01-30,sz.000060,9.7800,9.8400,9.5500,9.5700,9.7000,17092673,165655162.8100,3,0.829315,1,-1.340200,0
2012-01-31,sz.000060,9.5100,9.6400,9.3800,9.5400,9.5700,9746259,92529864.7300,3,0.472876,1,-0.313500,0
2012-02-01,sz.000060,9.5200,9.5200,9.0000,9.0900,9.5400,15839156,147198413.9300,3,0.768496,1,-4.717000,0
2012-02-02,sz.000060,9.1500,9.4100,9.0600,9.3800,9.0900,13045827,120481542.2900,3,0.632967,1,3.190300,0
2012-02-03,sz.000060,9.3300,9.5500,9.2000,9.3900,9.3800,14848619,139369969.0300,3,0.720436,1,0.106600,0
2012-02-06,sz.000060,9.5000,9.5300,9.2400,9.3500,9.3900,11223958,105519361.5800,3,0.544572,1,-0.426000,0
2012-02-07,sz.000060,9.2500,9.3000,8.9900,9.2500,9.3500,13415674,122473583.5100,3,0.650912,1,-1.069500,0
2012-02-08,sz.000060,9.2100,10.1800,9.1700,10.1800,9.2500,47965170,471916047.5500,3,2.327210,1,10.054100,0
2012-02-09,sz.000060,10.0500,10.2300,9.9400,10.0400,10.1800,34000012,342568319.2500,3,1.649638,1,-1.375200,0
2012-02-10,sz.000060,10.0400,10.1900,9.9500,10.0100,10.0400,20910051,210708309.8700,3,1.014529,1,-0.298800,0
2012-02-13,sz.000060,9.8900,10.2600,9.8000,10.1300,10.0100,23110049,233744440.2400,3,1.121271,1,1.198800,0
2012-02-14,sz.000060,10.0800,10.1200,9.9400,10.0100,10.1300,13408866,134247291.0300,3,0.650581,1,-1.184600,0
2012-02-15,sz.000060,9.9300,10.3000,9.9300,10.0900,10.0100,36465337,369101826.4100,3,1.769252,1,0.799200,0
2012-02-16,sz.000060,10.0000,10.1600,9.9300,10.0600,10.0900,20789218,208507722.5500,3,1.008667,1,-0.297300,0
2012-02-17,sz.000060,10.1500,10.1900,9.9600,10.0400,10.0600,13125114,132259627.7800,3,0.636814,1,-0.198800,0
2012-02-20,sz.000060,10.2000,10.2600,10.0300,10.0400,10.0400,19398363,197001652.3700,3,0.941184,1,0.000000,0
2012-02-21,sz.000060,10.0700,10.1000,9.8700,10.1000,10.0400,13156504,131718522.1100,3,0.638337,1,0.597600,0
2012-02-22,sz.000060,10.1400,10.2100,10.0500,10.1800,10.1000,22624256,229406592.6500,3,1.097701,1,0.792100,0
2012-02-23,sz.000060,10.2000,10.3800,10.1300,10.2200,10.1800,27247911,279704154.6800,3,1.322034,1,0.392900,0
2012-02-24,sz.000060,10.2400,10.4000,10.1900,10.3800,10.2200,25987075,268229895.4700,3,1.260860,1,1.565600,0
2012-02-27,sz.000060,10.4300,10.8000,10.4300,10.4400,10.3800,39771099,423372033.8000,3,1.929644,1,0.578000,0
2012-02-28,sz.000060,10.4200,10.7700,10.3600,10.7000,10.4400,41405541,439129200.7200,3,2.008945,1,2.490400,0
2012-02-29,sz.000060,10.7500,10.9800,10.5100,10.7000,10.7000,40350516,435677876.6900,3,1.957756,1,0.000000,0
2012-03-01,sz.000060,10.4800,10.7700,10.4500,10.5600,10.7000,19491677,206822108.4800,3,0.945712,1,-1.308400,0
2012-03-02,sz.000060,10.5400,10.8200,10.5400,10.7200,10.5600,25767009,275534295.1200,3,1.250183,1,1.515200,0
2012-03-05,sz.000060,10.6000,10.7200,10.2100,10.3500,10.7200,31544108,328350343.9300,3,1.530481,1,-3.451500,0
2012-03-06,sz.000060,10.2600,10.3100,9.9100,10.0300,10.3500,34152655,343989850.6700,3,1.657044,1,-3.091800,0
2012-03-07,sz.000060,9.8300,10.1400,9.8300,9.9000,10.0300,20676084,205933771.6100,3,1.003178,1,-1.296100,0
2012-03-08,sz.000060,9.9800,10.3600,9.9600,10.1700,9.9000,24554870,248960093.7500,3,1.191372,1,2.727300,0
2012-03-09,sz.000060,10.2600,10.3300,10.1100,10.3300,10.1700,20835269,213375032.1100,3,1.010901,1,1.573300,0
2012-03-12,sz.000060,10.3200,10.4600,10.1500,10.2500,10.3300,23532603,242345770.3800,3,1.141772,1,-0.774400,0
2012-03-13,sz.000060,10.1800,10.3000,10.1000,10.3000,10.2500,18814403,191742454.5100,3,0.912851,1,0.487800,0
2012-03-14,sz.000060,10.3900,10.4300,9.7700,9.8600,10.3000,34719170,352385211.6100,3,1.684531,1,-4.271800,0
2012-03-15,sz.000060,9.8400,9.9400,9.5100,9.5600,9.8600,19813105,192072952.6500,3,0.961307,1,-3.042600,0
2012-03-16,sz.000060,9.6100,9.8000,9.5300,9.8000,9.5600,13954150,135337015.0900,3,0.677038,1,2.510500,0
2012-03-19,sz.000060,9.8100,10.0600,9.7800,10.0400,9.8000,16267609,161126287.7000,3,0.789284,1,2.449000,0
2012-03-20,sz.000060,9.9500,9.9600,9.6800,9.7000,10.0400,16205152,158442387.9000,3,0.786254,1,-3.386500,0
2012-03-21,sz.000060,9.7000,10.2500,9.6500,9.9800,9.7000,27336016,272789171.4300,3,1.326309,1,2.886600,0
2012-03-22,sz.000060,9.9000,9.9500,9.7100,9.8000,9.9800,13824009,135646405.9000,3,0.670724,1,-1.803600,0
2012-03-23,sz.000060,9.7300,9.7900,9.5000,9.5200,9.8000,13689013,131695967.1900,3,0.664174,1,-2.857100,0
2012-03-26,sz.000060,9.5500,9.6400,9.5000,9.6000,9.5200,9076267,86863548.9000,3,0.440369,1,0.840300,0
2012-03-27,sz.000060,9.7200,9.8000,9.5200,9.5700,9.6000,10654802,102734206.6100,3,0.516958,1,-0.312500,0
2012-03-28,sz.000060,9.5300,9.5300,9.0100,9.0700,9.5700,16141264,148715721.7100,3,0.783154,1,-5.224700,0
2012-03-29,sz.000060,9.0300,9.0400,8.6100,8.6900,9.0700,15512205,136348332.4200,3,0.752633,1,-4.189600,0
2012-03-30,sz.000060,8.7500,8.8400,8.6000,8.6800,8.6900,8625724,75101792.8600,3,0.418509,1,-0.115100,0
2012-04-05,sz.000060,8.6900,9.0000,8.6200,8.9800,8.6800,12250069,108507474.2700,3,0.594358,1,3.456200,0
2012-04-06,sz.000060,8.9900,9.0600,8.9000,8.9700,8.9800,11766128,105679898.6800,3,0.570878,1,-0.111400,0
2012-04-09,sz.000060,8.9500,9.0500,8.7700,8.8400,8.9700,8385394,74673039.9800,3,0.406849,1,-1.449300,0
2012-04-10,sz.000060,8.7800,9.0600,8.7500,9.0600,8.8400,11612507,103303940.2400,3,0.563424,1,2.488700,0
2012-04-11,sz.000060,8.9700,9.0900,8.9000,9.0400,9.0600,9561318,86154394.1400,3,0.463903,1,-0.220800,0
2012-04-12,sz.000060,9.0000,9.3100,9.0000,9.3000,9.0400,13262709,121999890.1900,3,0.643490,1,2.876100,0
2012-04-13,sz.000060,9.4500,9.5600,9.3100,9.5000,9.3000,14801736,139912376.3100,3,0.718162,1,2.150500,0
2012-04-16,sz.000060,9.4000,9.5200,9.3100,9.3900,9.5000,9406480,88553680.2500,3,0.456391,1,-1.157900,0
2012-04-17,sz.000060,9.3700,9.4500,9.2800,9.2900,9.3900,6871621,64293485.1400,3,0.333402,1,-1.065000,0
2012-04-18,sz.000060,9.3900,9.5700,9.3300,9.5400,9.2900,12164117,115200779.2800,3,0.590188,1,2.691100,0
2012-04-19,sz.000060,9.5500,9.5800,9.4100,9.5000,9.5400,8612466,81727713.2000,3,0.417866,1,-0.419300,0
2012-04-20,sz.000060,9.4800,9.6400,9.3900,9.6100,9.5000,13670411,130604962.1900,3,0.663271,1,1.157900,0
2012-04-23,sz.000060,9.6100,9.6300,9.3700,9.4200,9.6100,10016774,94901310.8700,3,0.486001,1,-1.977100,0
2012-04-24,sz.000060,9.3600,9.5000,9.0300,9.2600,9.4200,12903379,119428737.9500,3,0.626056,1,-1.698500,0
2012-04-25,sz.000060,9.2700,9.5000,9.1800,9.4900,9.2600,15708171,146890582.9700,3,0.762141,1,2.483800,0
2012-04-26,sz.000060,9.5000,9.7200,9.4500,9.6000,9.4900,18564108,178658042.6000,3,0.900707,1,1.159100,0
2012-04-27,sz.000060,9.5300,9.6300,9.4300,9.4500,9.6000,11390566,108141108.4800,3,0.552656,1,-1.562500,0
2012-05-02,sz.000060,9.6400,10.1400,9.5400,9.9400,9.4500,33807339,334726795.1000,3,1.640290,1,5.185200,0
2012-05-03,sz.000060,9.8300,10.1300,9.8300,10.0100,9.9400,27166273,272862917.4400,3,1.318074,1,0.704200,0
2012-05-04,sz.000060,10.0100,10.2000,9.9000,10.1500,10.0100,23043738,231606049.7000,3,1.118053,1,1.398600,0
2012-05-07,sz.000060,10.0500,10.2400,9.9800,10.1200,10.1500,22767203,229900932.0700,3,1.104636,1,-0.295600,0
2012-05-08,sz.000060,10.1000,10.1200,9.8400,9.9900,10.1200,23280685,231319092.7600,3,1.129550,1,-1.284600,0
2012-05-09,sz.000060,9.8800,9.9000,9.6600,9.6700,9.9900,15967730,155655554.1400,3,0.774734,1,-3.203200,0
2012-05-10,sz.000060,9.6000,9.8200,9.6000,9.7100,9.6700,11031991,107156108.6300,3,0.535258,1,0.413700,0
2012-05-11,sz.000060,9.6600,9.8300,9.6200,9.6200,9.7100,8188698,79570138.6000,3,0.397305,1,-0.926900,0
2012-05-14,sz.000060,9.7300,9.8200,9.5100,9.5200,9.6200,11001588,106437412.9000,3,0.533783,1,-1.039500,0
2012-05-15,sz.000060,9.4600,9.4600,9.1800,9.3500,9.5200,11560507,107531622.2900,3,0.560901,1,-1.785700,0
2012-05-16,sz.000060,9.3200,9.3400,9.2000,9.2000,9.3500,8440623,78332657.2300,3,0.409528,1,-1.604300,0
2012-05-17,sz.000060,9.2500,9.3900,9.2100,9.3600,9.2000,8297956,77317295.1100,3,0.402606,1,1.739100,0
2012-05-18,sz.000060,9.3100,9.3900,9.2000,9.2200,9.3600,7748426,71870182.5200,3,0.375944,1,-1.495700,0
2012-05-21,sz.000060,9.2500,9.4200,9.1300,9.3000,9.2200,8187199,76062220.9000,3,0.397233,1,0.867700,0
2012-05-22,sz.000060,9.3700,9.4200,9.3200,9.4000,9.3000,8666839,81259108.9200,3,0.420504,1,1.075300,0
2012-05-23,sz.000060,9.3900,9.4000,9.1300,9.2200,9.4000,10958878,101571712.5500,3,0.531711,1,-1.914900,0
2012-05-24,sz.000060,9.2200,9.2900,9.1100,9.1300,9.2200,7669352,70475061.8400,3,0.372107,1,-0.976100,0
2012-05-25,sz.000060,9.1300,9.1300,9.1300,9.1300,9.1300,0,0.0000,3,,0,0.000000,0
2012-05-28,sz.000060,9.0000,9.3500,8.8700,9.3100,9.1300,13471086,122817409.7200,3,0.653600,1,1.971500,0
2012-05-29,sz.000060,9.2900,9.5400,9.2500,9.4700,9.3100,16044357,151425522.4400,3,0.778452,1,1.718600,0
2012-05-30,sz.000060,9.4500,9.5200,9.3300,9.3500,9.4700,9260061,87088226.9500,3,0.449287,1,-1.267200,0
2012-05-31,sz.000060,9.2500,9.4200,9.1600,9.4000,9.3500,10333434,96002638.7400,3,0.501365,1,0.534800,0
2012-06-01,sz.000060,9.3700,9.4600,9.2900,9.3200,9.4000,6433873,60321975.4800,3,0.312163,1,-0.851100,0
2012-06-04,sz.000060,9.1800,9.2500,9.0300,9.0500,9.3200,8720252,79720760.1900,3,0.423096,1,-2.897000,0
2012-06-05,sz.000060,9.0500,9.1300,9.0000,9.0500,9.0500,5563011,50453328.5700,3,0.269910,1,0.000000,0
2012-06-06,sz.000060,9.0600,9.2300,9.0500,9.1100,9.0500,6892500,63028234.7700,3,0.334415,1,0.663000,0
2012-06-07,sz.000060,9.2100,9.3500,9.0800,9.1100,9.1100,9121810,84312851.4100,3,0.442579,1,0.000000,0
2012-06-08,sz.000060,9.2000,9.2300,8.8900,8.9400,9.1100,9427872,85443735.6200,3,0.457429,1,-1.866100,0
2012-06-11,sz.000060,8.9500,9.2600,8.9500,9.1900,8.9400,7491470,68344030.2300,3,0.363477,1,2.796400,0
2012-06-12,sz.000060,9.1000,9.1500,9.0000,9.0400,9.1900,5033923,45613679.6400,3,0.244240,1,-1.632200,0
2012-06-13,sz.000060,9.0900,9.2100,9.0500,9.1600,9.0400,6392946,58419297.6200,3,0.310178,1,1.327400,0
2012-06-14,sz.000060,9.1600,9.1800,9.0400,9.0500,9.1600,4721487,43042241.6200,3,0.229081,1,-1.200900,0
2012-06-15,sz.000060,9.0800,9.1600,9.0200,9.1300,9.0500,5554677,50560185.3900,3,0.269506,1,0.884000,0
2012-06-18,sz.000060,9.2000,9.3400,9.1500,9.2600,9.1300,9342076,86571368.2600,3,0.453266,1,1.423900,0
2012-06-19,sz.000060,9.2500,9.2500,9.1500,9.1700,9.2600,3787316,34815327.9400,3,0.183756,1,-0.971900,0
2012-06-20,sz.000060,9.1900,9.2300,9.1600,9.1800,9.1700,4202352,38621806.3700,3,0.203893,1,0.109100,0
2012-06-21,sz.000060,9.1000,9.1100,8.9800,9.0700,9.1800,6109114,55192739.6200,3,0.296407,1,-1.198300,0
2012-06-25,sz.000060,9.0500,9.0500,8.7000,8.7500,9.0700,7160370,63613586.7900,3,0.347412,1,-3.528100,0
2012-06-26,sz.000060,8.7500,8.8400,8.6100,8.7700,8.7500,5455556,47633117.5100,3,0.264697,1,0.228600,0
2012-06-27,sz.000060,8.7600,8.8200,8.7100,8.7200,8.7700,4218733,37023502.3200,3,0.204688,1,-0.570100,0
2012-06-28,sz.000060,8.8100,8.8200,8.5700,8.5800,8.7200,4242154,36882827.6600,3,0.205824,1,-1.605500,0
2012-06-29,sz.000060,8.6000,8.6500,8.1800,8.6200,8.5800,9478675,79985125.5300,3,0.459893,1,0.466200,0
2012-07-02,sz.000060,8.7900,8.8400,8.5500,8.5800,8.6200,6667608,57651102.9800,3,0.323473,1,-0.464000,0
2012-07-03,sz.000060,8.5800,8.6300,8.4700,8.5000,8.5800,5447474,46561386.3500,3,0.264279,1,-0.932400,0
2012-07-04,sz.000060,8.5500,8.7000,8.5300,8.5600,8.5000,7074368,61054151.3000,3,0.343207,1,0.705900,0
2012-07-05,sz.000060,8.5200,8.5400,8.3600,8.4800,8.5600,5033166,42440299.7700,3,0.244180,1,-0.934600,0
2012-07-06,sz.000060,8.5500,8.7500,8.4400,8.6900,8.4800,6964344,59886074.8800,3,0.337869,1,2.476400,0
2012-07-09,sz.000060,8.6500,8.6600,8.3900,8.4200,8.6900,5364637,45768011.2500,3,0.260261,1,-3.107000,0
2012-07-10,sz.000060,8.4000,8.6100,8.3900,8.4600,8.4200,5519025,47039486.8300,3,0.267751,1,0.475100,0
2012-07-11,sz.000060,8.4600,8.5800,8.4300,8.5200,8.4600,3604176,30706876.6900,3,0.174853,1,0.709200,0
2012-07-12,sz.000060,8.4800,8.9300,8.4200,8.8000,8.5200,13486029,117713827.3800,3,0.654263,1,3.286400,0
2012-07-13,sz.000060,8.7600,8.9700,8.7500,8.7800,8.8000,7437302,65883861.5100,3,0.360814,1,-0.227300,0
2012-07-16,sz.000060,8.8000,8.8800,8.6700,8.6900,8.7800,8303163,72738350.0000,3,0.402820,1,-1.025100,0
2012-07-17,sz.000060,8.6700,8.7700,8.6400,8.7400,8.6900,4150123,36128281.3200,3,0.201339,1,0.575400,0
2012-07-18,sz.000060,8.7300,8.8500,8.6900,8.8200,8.7400,6380489,56036522.1300,3,0.309544,1,0.915300,0
2012-07-19,sz.000060,8.7800,8.9200,8.7400,8.8200,8.8200,6129024,54347876.5600,3,0.297344,1,0.000000,0
2012-07-20,sz.000060,8.7500,8.8600,8.6100,8.6200,8.7500,5532699,48430494.3600,3,0.268414,1,-1.485700,0
2012-07-23,sz.000060,8.5500,8.6100,8.2100,8.2600,8.6200,8786980,73648153.7700,3,0.426292,1,-4.176300,0
2012-07-24,sz.000060,8.2700,8.3900,8.1500,8.2900,8.2600,6294664,51915351.0100,3,0.305380,1,0.363200,0
2012-07-25,sz.000060,8.3000,8.3100,8.2000,8.2200,8.2900,4792458,39543334.8900,3,0.232502,1,-0.844400,0
2012-07-26,sz.000060,8.2200,8.3500,8.2000,8.2300,8.2200,4038654,33423372.3100,3,0.195932,1,0.121700,0
2012-07-27,sz.000060,8.2300,8.4600,8.2300,8.3000,8.2300,6642560,55528922.4700,3,0.322258,1,0.850500,0
2012-07-30,sz.000060,8.3100,8.5100,8.3100,8.3800,8.3000,7892295,66481358.9100,3,0.382888,1,0.963900,0
2012-07-31,sz.000060,8.3700,8.4600,8.3000,8.3500,8.3800,4878469,40810888.2300,3,0.236675,1,-0.358000,0
2012-08-01,sz.000060,8.3500,8.5000,8.3300,8.4200,8.3500,4935669,41583264.4100,3,0.239450,1,0.838300,0
2012-08-02,sz.000060,8.4000,8.4100,8.2300,8.2500,8.4200,4883059,40563238.9900,3,0.236897,1,-2.019000,0
2012-08-03,sz.000060,8.2800,8.4200,8.2400,8.3800,8.2500,4603850,38402364.0700,3,0.223352,1,1.575800,0
2012-08-06,sz.000060,8.4000,8.6500,8.3500,8.6100,8.3800,8939171,76253085.2200,3,0.433676,1,2.744600,0
2012-08-07,sz.000060,8.6000,8.6400,8.5600,8.5800,8.6100,6023437,51815725.5600,3,0.292222,1,-0.348400,0
2012-08-08,sz.000060,8.5700,8.8600,8.5500,8.6000,8.5800,10376945,90229423.2800,3,0.503428,1,0.233100,0
2012-08-09,sz.000060,8.6000,8.7100,8.4800,8.6200,8.6000,6411786,55010762.5500,3,0.311062,1,0.232600,0
2012-08-10,sz.000060,8.6300,8.6500,8.5700,8.5700,8.6200,3881724,33369648.8500,3,0.188318,1,-0.580000,0
2012-08-13,sz.000060,8.5600,8.5600,8.4600,8.4700,8.5700,4769975,40539884.7900,3,0.231411,1,-1.166900,0
2012-08-14,sz.000060,8.4700,8.6300,8.4300,8.6000,8.4700,6465180,55237361.1200,3,0.313652,1,1.534800,0
2012-08-15,sz.000060,8.5400,8.5900,8.4700,8.5100,8.6000,4823428,41084417.2400,3,0.234004,1,-1.046500,0
2012-08-16,sz.000060,8.5100,8.5900,8.4800,8.5400,8.5100,4534494,38712608.0700,3,0.219987,1,0.352500,0
2012-08-17,sz.000060,8.5600,8.5900,8.4200,8.4500,8.5400,4488753,38080522.4600,3,0.217768,1,-1.053900,0
2012-08-20,sz.000060,8.3800,8.4500,8.3000,8.3600,8.4500,4159021,34721874.4700,3,0.201771,1,-1.065100,0
2012-08-21,sz.000060,8.3700,8.4700,8.3000,8.3600,8.3600,4863099,40767920.0400,3,0.235929,1,0.000000,0
2012-08-22,sz.000060,8.3700,8.4200,8.1800,8.2300,8.3600,4910610,40655549.1800,3,0.238234,1,-1.555000,0
2012-08-23,sz.000060,8.2800,8.4000,8.2300,8.3600,8.2300,4827276,40280967.7500,3,0.234191,1,1.579600,0
2012-08-24,sz.000060,8.3600,8.3600,8.1800,8.2000,8.3600,4245481,34987268.3400,3,0.205966,1,-1.913900,0
2012-08-27,sz.000060,8.1500,8.1500,7.9800,7.9900,8.2000,5096628,40972017.1600,3,0.247258,1,-2.561000,0
2012-08-28,sz.000060,7.9800,8.1100,7.9500,8.0600,7.9900,3219657,25903437.4100,3,0.156199,1,0.876100,0
2012-08-29,sz.000060,8.0500,8.1000,7.8300,7.8500,8.0600,4641168,36790095.2700,3,0.225162,1,-2.605500,0
2012-08-30,sz.000060,7.9500,7.9500,7.6400,7.6500,7.8500,5886953,45595523.2500,3,0.285600,1,-2.547768,0
2012-08-31,sz.000060,7.6600,7.7300,7.4800,7.5300,7.6500,5255675,39833369.5600,3,0.254974,1,-1.568600,0
2012-09-03,sz.000060,7.5500,7.6500,7.5200,7.5400,7.5300,6676256,50670869.1700,3,0.323893,1,0.132800,0
2012-09-04,sz.000060,7.5700,7.6400,7.4700,7.4900,7.5400,4957008,37456537.4300,3,0.240485,1,-0.663100,0
2012-09-05,sz.000060,7.5000,7.5400,7.2100,7.4100,7.4900,6063582,44678469.5700,3,0.294169,1,-1.068100,0
2012-09-06,sz.000060,7.4300,7.5200,7.2600,7.4700,7.4100,6014418,44487245.0200,3,0.291784,1,0.809700,0
2012-09-07,sz.000060,7.5600,8.0800,7.5200,7.9300,7.4700,15727457,123326973.3900,3,0.763003,1,6.158000,0
2012-09-10,sz.000060,8.0000,8.3300,7.9300,8.1800,7.9300,20157491,164804104.7100,3,0.977923,1,3.152600,0
2012-09-11,sz.000060,8.1500,8.1500,7.9900,8.0900,8.1800,8309105,66987004.3000,3,0.403109,1,-1.100200,0
2012-09-12,sz.000060,8.3200,8.9000,8.3000,8.6500,8.0900,51160564,448510499.2000,3,2.482009,1,6.922100,0
2012-09-13,sz.000060,8.5700,8.5700,8.2800,8.2800,8.6500,23443946,197328136.7100,3,1.137362,1,-4.277500,0
2012-09-14,sz.000060,8.6500,8.8500,8.3900,8.4800,8.2800,31485147,270123002.5300,3,1.527474,1,2.415500,0
2012-09-17,sz.000060,8.4700,8.6300,8.2000,8.2000,8.4800,14216694,120148941.3100,3,0.689710,1,-3.301900,0
2012-09-18,sz.000060,8.1000,8.1300,7.9200,8.0400,8.2000,10891287,87286946.5100,3,0.528381,1,-1.951200,0
2012-09-19,sz.000060,8.0800,8.3200,7.9800,8.2800,8.0400,10802665,87808448.5000,3,0.524082,1,2.985100,0
2012-09-20,sz.000060,8.1800,8.1900,7.8500,7.8800,8.2800,12363060,99253480.3300,3,0.599783,1,-4.830900,0
2012-09-21,sz.000060,7.8500,8.2800,7.8100,8.0400,7.8800,15185183,123021078.5800,3,0.736695,1,2.030500,0
2012-09-24,sz.000060,8.0200,8.2000,7.8500,8.0900,8.0400,10214836,82003024.0800,3,0.495564,1,0.621900,0
2012-09-25,sz.000060,8.0100,8.1200,7.9200,7.9900,8.0900,6183072,49592247.0600,3,0.299966,1,-1.236100,0
2012-09-26,sz.000060,7.9900,8.0700,7.7100,7.7500,7.9900,7376864,58052108.7600,3,0.357882,1,-3.003800,0
2012-09-27,sz.000060,7.7500,8.1300,7.7400,8.0200,7.7500,12057193,95927670.0500,3,0.584944,1,3.483900,0
2012-09-28,sz.000060,7.9900,8.2300,7.9500,8.2100,8.0200,13344378,108347660.7100,3,0.647390,1,2.369100,0
2012-10-08,sz.000060,8.2000,8.2200,8.0000,8.0500,8.2100,7626926,61630991.8200,3,0.370013,1,-1.948800,0
2012-10-09,sz.000060,8.1200,8.2500,8.1000,8.2200,8.0500,10722203,87952811.9900,3,0.520178,1,2.111800,0
2012-10-10,sz.000060,8.1500,8.2600,8.1000,8.2500,8.2200,7839927,64265864.5000,3,0.380347,1,0.365000,0
2012-10-11,sz.000060,8.2000,8.2600,8.1100,8.1500,8.2500,10783405,87871714.0600,3,0.523147,1,-1.212100,0
2012-10-12,sz.000060,8.1500,8.2400,7.9500,8.0500,8.1500,9709934,78380044.6500,3,0.471069,1,-1.227000,0
2012-10-15,sz.000060,8.0200,8.0300,7.8400,7.9200,8.0500,6059227,47924842.2800,3,0.293958,1,-1.614900,0
2012-10-16,sz.000060,7.9400,8.0100,7.8600,7.8700,7.9200,5378392,42677832.0400,3,0.260928,1,-0.631300,0
2012-10-17,sz.000060,7.9500,7.9800,7.8500,7.8900,7.8700,3979700,31492166.6200,3,0.193072,1,0.254100,0
2012-10-18,sz.000060,7.9700,8.1200,7.9200,8.0900,7.8900,8160596,65743983.6200,3,0.395904,1,2.534900,0
2012-10-19,sz.000060,8.0900,8.1700,8.0500,8.1000,8.0900,4587482,37176658.5700,3,0.222558,1,0.123612,0
2012-10-22,sz.000060,8.0200,8.1100,7.9600,8.1000,8.1000,4367245,35133429.2200,3,0.211873,1,0.000000,0
2012-10-23,sz.000060,8.0900,8.1200,7.9900,8.0000,8.1000,5205264,41884331.0100,3,0.252529,1,-1.234600,0
2012-10-24,sz.000060,7.9400,8.0700,7.9200,7.9800,8.0000,4486719,35898071.9000,3,0.217669,1,-0.250000,0
2012-10-25,sz.000060,7.9800,8.0900,7.9300,7.9700,7.9800,4600077,36865563.9100,3,0.223169,1,-0.125300,0
2012-10-26,sz.000060,7.9500,7.9800,7.6500,7.6500,7.9700,8486589,66019375.0100,3,0.411719,1,-4.015100,0
2012-10-29,sz.000060,7.6600,7.7300,7.6000,7.6400,7.6500,4347575,33294189.1900,3,0.210919,1,-0.130700,0
2012-10-30,sz.000060,7.6400,7.7300,7.4700,7.4800,7.6400,7512424,56681379.9700,3,0.364458,1,-2.094200,0
2012-10-31,sz.000060,7.4800,7.5600,7.4700,7.5400,7.4800,4188574,31508053.0600,3,0.203205,1,0.802100,0
2012-11-01,sz.000060,7.6200,7.8000,7.5500,7.7000,7.5400,6091796,47011221.0600,3,0.295538,1,2.122000,0
2012-11-02,sz.000060,7.7700,7.7700,7.6800,7.7100,7.7000,3543734,27376604.4800,3,0.171921,1,0.129900,0
2012-11-05,sz.000060,7.6800,7.7600,7.6100,7.7200,7.7100,4388786,33787137.2600,3,0.212918,1,0.129700,0
2012-11-06,sz.000060,7.7000,7.7600,7.6100,7.7300,7.7200,4741317,36408050.9400,3,0.230021,1,0.129500,0
2012-11-07,sz.000060,7.7600,7.8700,7.7200,7.8100,7.7300,6666673,52025894.7600,3,0.323428,1,1.034900,0
2012-11-08,sz.000060,7.7200,7.7800,7.5500,7.5600,7.8100,5715003,43561939.0400,3,0.277258,1,-3.201000,0
2012-11-09,sz.000060,7.5500,7.6200,7.5400,7.5900,7.5600,3248284,24618510.2900,3,0.157588,1,0.396800,0
2012-11-12,sz.000060,7.6100,7.7100,7.5800,7.6600,7.5900,4832458,37085365.3500,3,0.234442,1,0.922300,0
2012-11-13,sz.000060,7.6700,7.7000,7.5200,7.5200,7.6600,4461167,33721174.8700,3,0.216429,1,-1.827700,0
2012-11-14,sz.000060,7.5100,7.7100,7.5100,7.6700,7.5200,6589971,50378182.9200,3,0.319707,1,1.994700,0
2012-11-15,sz.000060,7.6200,7.6800,7.5300,7.5700,7.6700,3133576,23854529.4500,3,0.152023,1,-1.303800,0
2012-11-16,sz.000060,7.5700,7.6000,7.4400,7.5200,7.5700,4286856,32165075.1800,3,0.207973,1,-0.660500,0
2012-11-19,sz.000060,7.5100,7.6000,7.4400,7.5400,7.5200,3268647,24668889.7000,3,0.158575,1,0.266000,0
2012-11-20,sz.000060,7.6000,7.7100,7.5700,7.6100,7.5400,3996053,30582155.4700,3,0.193865,1,0.928400,0
2012-11-21,sz.000060,7.6100,7.7200,7.5100,7.6900,7.6100,4597552,35135406.3200,3,0.223046,1,1.051200,0
2012-11-22,sz.000060,7.6800,7.7000,7.6200,7.6300,7.6900,2930684,22453864.5800,3,0.142179,1,-0.780200,0
2012-11-23,sz.000060,7.6600,7.7500,7.6600,7.7100,7.6300,4827689,37227968.5900,3,0.234211,1,1.048500,0
2012-11-26,sz.000060,7.6700,7.7000,7.6400,7.7000,7.7100,3580794,27465006.8100,3,0.173719,1,-0.129700,0
2012-11-27,sz.000060,7.6800,7.7400,7.5700,7.5900,7.7000,8394361,64426070.5900,3,0.407245,1,-1.428600,0
2012-11-28,sz.000060,7.5500,7.5600,7.3500,7.4800,7.5900,5332195,39763465.7000,3,0.258687,1,-1.449300,0
2012-11-29,sz.000060,7.4700,7.5500,7.3800,7.3800,7.4800,3536553,26345921.1100,3,0.171573,1,-1.336900,0
2012-11-30,sz.000060,7.3900,7.5200,7.3900,7.4300,7.3800,3717264,27729583.6900,3,0.180340,1,0.677500,0
2012-12-03,sz.000060,7.4300,7.5300,7.3000,7.3100,7.4300,3143303,23323876.0300,3,0.152495,1,-1.615100,0
2012-12-04,sz.000060,7.3200,7.4100,7.2000,7.3700,7.3100,4211262,30789244.4300,3,0.204306,1,0.820800,0
2012-12-05,sz.000060,7.3700,7.9000,7.3100,7.7000,7.3700,13023027,100070936.7700,3,0.631800,1,4.477600,0
2012-12-06,sz.000060,7.7000,7.7500,7.6400,7.7100,7.7000,4402758,33874807.8300,3,0.213596,1,0.129900,0
2012-12-07,sz.000060,7.7000,7.9000,7.6700,7.8000,7.7100,9231597,72071748.1600,3,0.447863,1,1.167300,0
2012-12-10,sz.000060,7.8800,7.9400,7.8300,7.8700,7.8000,9039830,71232494.4800,3,0.438559,1,0.897400,0
2012-12-11,sz.000060,7.8800,8.1800,7.8000,8.0000,7.8700,13778536,110020752.4900,3,0.668453,1,1.651800,0
2012-12-12,sz.000060,7.9600,8.1000,7.8800,8.0100,8.0000,8341178,66684619.5600,3,0.404665,1,0.125000,0
2012-12-13,sz.000060,8.0100,8.0200,7.8300,7.8600,8.0100,6458783,50920800.9800,3,0.313342,1,-1.872700,0
2012-12-14,sz.000060,7.8700,8.2000,7.8500,8.1900,7.8600,18489702,149883939.0100,3,0.897011,1,4.198500,0
2012-12-17,sz.000060,8.2000,8.4400,8.1200,8.2200,8.1900,14816829,122803683.8100,3,0.718825,1,0.366300,0
2012-12-18,sz.000060,8.2200,8.3800,8.1200,8.1600,8.2200,12227001,100480841.2600,3,0.593182,1,-0.729900,0
2012-12-19,sz.000060,8.1400,8.2600,8.1300,8.1500,8.1600,7108192,58136089.6800,3,0.344848,1,-0.122500,0
2012-12-20,sz.000060,8.1400,8.2800,8.0100,8.2000,8.1500,10458657,85008373.0200,3,0.507392,1,0.613500,0
2012-12-21,sz.000060,8.2000,8.3200,8.1500,8.1600,8.2000,11825049,97211747.4100,3,0.573682,1,-0.487800,0
2012-12-24,sz.000060,8.1500,8.2800,8.1300,8.1500,8.1600,6639743,54327173.8400,3,0.322121,1,-0.122500,0
2012-12-25,sz.000060,8.1600,8.4400,8.1000,8.3500,8.1500,17498591,145367111.1000,3,0.848928,1,2.454000,0
2012-12-26,sz.000060,8.4700,8.8500,8.4300,8.5400,8.3500,31334170,270251106.7100,3,1.520149,1,2.275400,0
2012-12-27,sz.000060,8.5400,8.8900,8.5300,8.8400,8.5400,37180993,325391106.7800,3,1.803802,1,3.512900,0
2012-12-28,sz.000060,8.8900,8.9400,8.7100,8.8200,8.8400,24210356,213544041.3100,3,1.174544,1,-0.226200,0
2012-12-31,sz.000060,8.8300,9.1100,8.8200,9.0500,8.8200,22086864,198328242.4200,3,1.071524,1,2.607700,0
2013-01-04,sz.000060,9.3500,9.6800,9.2400,9.2600,9.0500,38688253,365502839.1200,3,1.876926,1,2.320400,0
2013-01-07,sz.000060,9.2500,9.5600,9.1300,9.1600,9.2600,15709221,145826612.2500,3,0.762119,1,-1.079900,0
2013-01-08,sz.000060,9.1700,9.2100,8.8100,9.0300,9.1600,20189813,181704056.7400,3,0.979491,1,-1.419200,0
2013-01-09,sz.000060,8.9600,9.0900,8.9000,9.0300,9.0300,9547995,85943600.4900,3,0.463212,1,0.000000,0
2013-01-10,sz.000060,9.0300,9.1800,8.9900,9.0400,9.0300,11983861,108640569.8400,3,0.581386,1,0.110700,0
2013-01-11,sz.000060,9.0400,9.4200,9.0400,9.0600,9.0400,30652268,283519178.7800,3,1.487067,1,0.221200,0
2013-01-14,sz.000060,8.9600,9.3500,8.9600,9.1900,9.0600,22028409,202784873.5600,3,1.068688,1,1.434900,0
2013-01-15,sz.000060,9.2000,9.3000,9.1200,9.2000,9.1900,20130872,185002588.4000,3,0.976631,1,0.108800,0
2013-01-16,sz.000060,9.1800,9.4900,9.1300,9.3300,9.2000,24336266,226989232.4300,3,1.180652,1,1.413000,0
2013-01-17,sz.000060,9.3000,9.3000,8.9900,9.0300,9.3300,15496363,140816774.5400,3,0.751792,1,-3.215400,0
2013-01-18,sz.000060,9.0900,9.1600,8.9900,9.1000,9.0300,12043650,109178156.7200,3,0.584287,1,0.775200,0
2013-01-21,sz.000060,9.1300,9.1300,8.9000,8.9600,9.1000,22132831,198441177.2300,3,1.073754,1,-1.538500,0
2013-01-22,sz.000060,8.9800,9.0000,8.8500,8.8800,8.9600,17908859,159600420.4500,3,0.868832,1,-0.892900,0
2013-01-23,sz.000060,8.9000,9.0300,8.8000,8.9400,8.8800,10124006,90279552.5000,3,0.491157,1,0.675700,0
2013-01-24,sz.000060,8.9500,9.1000,8.8500,8.9000,8.9400,19486577,174551589.5900,3,0.945374,1,-0.447400,0
2013-01-25,sz.000060,8.9100,9.1200,8.8300,9.0600,8.9000,16637621,150117111.4500,3,0.807159,1,1.797800,0
2013-01-28,sz.000060,9.0900,9.3000,9.0500,9.2800,9.0600,21559132,198922364.0000,3,1.045922,1,2.428300,0
2013-01-29,sz.000060,9.2200,9.2300,9.0000,9.1000,9.2800,21625912,196566876.2200,3,1.049162,1,-1.939700,0
2013-01-30,sz.000060,9.1300,9.4200,9.1200,9.3200,9.1000,27135306,252529992.4600,3,1.316445,1,2.417600,0
2013-01-31,sz.000060,9.4300,10.2500,9.4300,10.2500,9.3200,58727090,596041068.2800,3,2.849092,1,9.978500,0
2013-02-01,sz.000060,10.5900,11.0500,10.3600,10.8500,10.2500,110837124,1178639228.5000,3,5.377163,1,5.853700,0
2013-02-04,sz.000060,10.8600,11.8300,10.7700,11.5900,10.8500,89926568,1028060737.2100,3,4.362706,1,6.820300,0
2013-02-05,sz.000060,11.4300,11.7700,11.3800,11.5600,11.5900,64023995,737302201.2300,3,3.106066,1,-0.258800,0
2013-02-06,sz.000060,11.5100,11.9900,11.3500,11.4300,11.5600,59632323,692954549.5300,3,2.893008,1,-1.124600,0
2013-02-07,sz.000060,11.3700,11.6000,11.0000,11.2900,11.4300,42249150,475168953.8600,3,2.049679,1,-1.224800,0
2013-02-08,sz.000060,11.2400,11.3300,11.0800,11.2800,11.2900,28554558,320674320.0400,3,1.385299,1,-0.088600,0
2013-02-18,sz.000060,11.2400,11.3000,10.7600,10.7900,11.2800,37528799,410257979.9700,3,1.820676,1,-4.344000,0
2013-02-19,sz.000060,10.7400,10.8900,10.5800,10.7200,10.7900,24869989,266402624.1600,3,1.206545,1,-0.648700,0
2013-02-20,sz.000060,10.8300,10.9100,10.5500,10.7400,10.7200,28490134,305628149.3100,3,1.382173,1,0.186600,0
2013-02-21,sz.000060,10.4100,10.4400,9.7300,9.9200,10.7400,53842947,542312438.6200,3,2.612142,1,-7.635000,0
2013-02-22,sz.000060,9.8500,10.1400,9.8000,9.9700,9.9200,30605099,304590757.1600,3,1.484779,1,0.504000,0
2013-02-25,sz.000060,9.9300,10.0300,9.8800,9.8800,9.9700,18920157,188307921.7300,3,0.917894,1,-0.902700,0
2013-02-26,sz.000060,9.8000,10.0300,9.6000,9.7700,9.8800,32305040,317315769.4600,3,1.567250,1,-1.113400,0
2013-02-27,sz.000060,9.8900,10.1200,9.8600,10.0800,9.7700,27189969,271633545.5600,3,1.319097,1,3.173000,0
2013-02-28,sz.000060,10.1000,10.4000,9.9100,10.3000,10.0800,40156067,409389184.2800,3,1.948135,1,2.182500,0
2013-03-01,sz.000060,10.2000,10.2200,9.9300,10.1300,10.3000,30423277,306232255.7700,3,1.475958,1,-1.650500,0
2013-03-04,sz.000060,9.8500,9.9300,9.1200,9.1500,10.1300,58467067,548547310.0700,3,2.836477,1,-9.674200,0
2013-03-05,sz.000060,9.1600,9.4200,9.0800,9.3800,9.1500,28483618,264133296.9700,3,1.381857,1,2.513700,0
2013-03-06,sz.000060,9.4700,9.7300,9.3400,9.5800,9.3800,28896354,275346960.8900,3,1.401881,1,2.132200,0
2013-03-07,sz.000060,9.5700,9.9600,9.4000,9.7600,9.5800,42228996,411640237.4600,3,2.048702,1,1.878900,0
2013-03-08,sz.000060,9.7600,9.8000,9.5500,9.5800,9.7600,19234379,185247648.8900,3,0.933139,1,-1.844300,0
2013-03-11,sz.000060,9.5800,9.8600,9.3800,9.6900,9.5800,16544000,160005863.9400,3,0.802617,1,1.148200,0
2013-03-12,sz.000060,9.6800,9.9400,9.3000,9.5900,9.6900,20046131,193334560.9800,3,0.972520,1,-1.032000,0
2013-03-13,sz.000060,9.5900,10.0200,9.5900,9.8100,9.5900,30824966,303487966.8700,3,1.495445,1,2.294100,0
2013-03-14,sz.000060,9.6900,9.8500,9.6300,9.6300,9.8100,15584143,151366577.7300,3,0.756051,1,-1.834900,0
2013-03-15,sz.000060,9.6600,9.9100,9.5200,9.5900,9.6300,16282294,158268480.6100,3,0.789921,1,-0.415400,0
2013-03-18,sz.000060,9.2300,9.4400,9.0800,9.1500,9.5900,23781491,219276432.0000,3,1.153738,1,-4.588100,0
2013-03-19,sz.000060,9.2000,9.2200,8.8900,9.1600,9.1500,13334360,121084224.0000,3,0.646904,1,0.109300,0
2013-03-20,sz.000060,9.1800,9.4700,9.1500,9.4100,9.1600,16737706,156311920.0000,3,0.812015,1,2.729300,0
2013-03-21,sz.000060,9.4900,9.6100,9.4100,9.4800,9.4100,13183227,125476768.0000,3,0.639572,1,0.743900,0
2013-03-22,sz.000060,9.4800,9.6200,9.3500,9.5000,9.4800,13071208,123673840.0000,3,0.634138,1,0.211000,0
2013-03-25,sz.000060,9.6000,9.9300,9.5600,9.8400,9.5000,27753353,270906752.0000,3,1.346429,1,3.578900,0
2013-03-26,sz.000060,9.7000,9.8400,9.4000,9.5000,9.8400,19892733,190269312.0000,3,0.965078,1,-3.455300,0
2013-03-27,sz.000060,9.4300,9.7000,9.4100,9.5000,9.5000,12988266,123925984.0000,3,0.630114,1,0.000000,0
2013-03-28,sz.000060,9.4400,9.4400,9.0100,9.0900,9.5000,24678723,226261248.0000,3,1.197266,1,-4.315800,0
2013-03-29,sz.000060,9.1500,9.2500,8.9900,9.0100,9.0900,12305571,111749696.0000,3,0.596994,1,-0.880100,0
2013-04-01,sz.000060,9.0200,9.1300,9.0000,9.0500,9.0100,8629715,78182008.0000,3,0.418663,1,0.444000,0
2013-04-02,sz.000060,9.0500,9.1600,9.0000,9.0900,9.0500,11888785,107772648.0000,3,0.576774,1,0.442000,0
2013-04-03,sz.000060,9.1300,9.2800,9.0500,9.1800,9.0900,14181598,130160144.0000,3,0.688007,1,0.990100,0
2013-04-08,sz.000060,9.0400,9.1500,8.9500,9.0600,9.1800,14326464,129704200.0000,3,0.695035,1,-1.307200,0
2013-04-09,sz.000060,9.1600,9.3700,9.1400,9.2500,9.0600,15472032,143534400.0000,3,0.750612,1,2.097100,0
2013-04-10,sz.000060,9.3000,9.4800,9.2600,9.3600,9.2500,16658814,156154704.0000,3,0.808187,1,1.189200,0
2013-04-11,sz.000060,9.4000,9.4400,9.1100,9.1400,9.3600,11653400,107588192.0000,3,0.565354,1,-2.350400,0
2013-04-12,sz.000060,9.1400,9.1500,9.0100,9.0200,9.1400,8655599,78488272.0000,3,0.419919,1,-1.312909,0
2013-04-15,sz.000060,8.8500,8.8500,8.5200,8.5900,9.0200,16218589,139940768.0000,3,0.786830,1,-4.767200,0
2013-04-16,sz.000060,8.4300,8.6600,8.2200,8.6000,8.5900,13008422,109512232.0000,3,0.631092,1,0.116417,0
2013-04-17,sz.000060,8.6200,8.6400,8.3800,8.5100,8.6000,9499969,80683264.0000,3,0.460882,1,-1.046500,0
2013-04-18,sz.000060,8.3800,8.6200,8.3000,8.4500,8.5100,7731560,65360620.0000,3,0.375090,1,-0.705100,0
2013-04-19,sz.000060,8.5200,8.8100,8.5100,8.7600,8.4500,14274595,124108320.0000,3,0.692519,1,3.668644,0
2013-04-22,sz.000060,8.7000,9.0700,8.6600,9.0200,8.7600,16507267,146522880.0000,3,0.800835,1,2.968000,0
2013-04-23,sz.000060,8.9900,8.9900,8.6500,8.6700,9.0200,11042205,96826080.0000,3,0.535703,1,-3.880300,0
2013-04-24,sz.000060,8.6900,8.9500,8.6600,8.8500,8.6700,7854462,69236368.0000,3,0.381052,1,2.076100,0
2013-04-25,sz.000060,8.8500,8.9800,8.7600,8.8000,8.8500,9126025,80945720.0000,3,0.442741,1,-0.565000,0
2013-04-26,sz.000060,8.9500,8.9900,8.6600,8.6800,8.8000,6626339,58305292.0000,3,0.321471,1,-1.363635,0
2013-05-02,sz.000060,8.4800,8.6000,8.3700,8.5200,8.6800,6673882,56473060.0000,3,0.323777,1,-1.843300,0
2013-05-03,sz.000060,8.5600,8.8300,8.5600,8.6500,8.5200,7271277,63416684.0000,3,0.352759,1,1.525812,0
2013-05-06,sz.000060,8.8900,8.9500,8.8100,8.8400,8.6500,9302033,82463096.0000,3,0.451280,1,2.196500,0
2013-05-07,sz.000060,8.8500,9.1400,8.7600,8.9900,8.8400,13742796,123745024.0000,3,0.666719,1,1.696800,0
2013-05-08,sz.000060,9.0000,9.1200,8.9100,8.9600,8.9900,8757663,78807840.0000,3,0.424870,1,-0.333700,0
2013-05-09,sz.000060,8.9700,9.0700,8.8300,8.9600,8.9600,8759568,78375136.0000,3,0.424963,1,0.000000,0
2013-05-10,sz.000060,8.8800,9.0200,8.8300,8.9700,8.9600,7145887,63910240.0000,3,0.346676,1,0.111600,0
2013-05-13,sz.000060,9.0000,9.0300,8.8200,8.9400,8.9700,7117774,63209328.0000,3,0.345312,1,-0.334400,0
2013-05-14,sz.000060,8.8700,8.9000,8.5900,8.6800,8.9400,8793710,76469912.0000,3,0.426619,1,-2.908300,0
2013-05-15,sz.000060,8.6700,8.7300,8.5400,8.6000,8.6800,7960389,68456728.0000,3,0.386191,1,-0.921700,0
2013-05-16,sz.000060,8.5600,8.7100,8.4800,8.7000,8.6000,9484165,81691408.0000,3,0.460116,1,1.162800,0
2013-05-17,sz.000060,8.7000,8.9700,8.6300,8.9600,8.7000,15610351,137537600.0000,3,0.757322,1,2.988500,0
2013-05-20,sz.000060,8.9500,9.0500,8.9000,9.0400,8.9600,15175690,136494592.0000,3,0.736235,1,0.892900,0
2013-05-21,sz.000060,9.4200,9.4800,9.1400,9.2000,9.0400,31338616,291355936.0000,3,1.520365,1,1.769910,0
2013-05-22,sz.000060,9.1200,9.3800,9.1100,9.2900,9.2000,25018912,230847392.0000,3,1.213770,1,0.978300,0
2013-05-23,sz.000060,9.1900,9.2600,9.0500,9.0500,9.2900,15452595,141393088.0000,3,0.749669,1,-2.583400,0
2013-05-24,sz.000060,9.0300,9.1600,8.9900,9.1200,9.0500,10538566,95714280.0000,3,0.511269,1,0.773500,0
2013-05-27,sz.000060,9.0800,9.1500,9.0300,9.0700,9.1200,8785252,79802784.0000,3,0.426209,1,-0.548200,0
2013-05-28,sz.000060,9.0500,9.2700,8.9200,9.2700,9.0700,23624363,215728944.0000,3,1.146115,1,2.205100,0
2013-05-29,sz.000060,9.2900,9.3200,9.1100,9.1500,9.2700,14746526,136060496.0000,3,0.715414,1,-1.294500,0
2013-05-30,sz.000060,9.1000,9.2600,9.1000,9.1300,9.1500,9845951,90305904.0000,3,0.477667,1,-0.218600,0
2013-05-31,sz.000060,9.2300,9.3000,9.0800,9.0900,9.1300,14599560,134195568.0000,3,0.708284,1,-0.438116,0
2013-06-03,sz.000060,9.0900,9.1000,8.9300,9.0500,9.0900,10324633,93058968.0000,3,0.500890,1,-0.440000,0
2013-06-04,sz.000060,9.0500,9.1800,8.9100,8.9400,9.0500,11017007,99551400.0000,3,0.534480,1,-1.215500,0
2013-06-05,sz.000060,8.9400,8.9800,8.8000,8.8500,8.9400,9817120,87132976.0000,3,0.476269,1,-1.006700,0
2013-06-06,sz.000060,8.8300,8.9000,8.6600,8.7400,8.8500,9297225,81529592.0000,3,0.451046,1,-1.242900,0
2013-06-07,sz.000060,8.7600,8.7900,8.3500,8.4000,8.7400,13075232,111443952.0000,3,0.634333,1,-3.890200,0
2013-06-13,sz.000060,8.3100,8.3300,7.8100,7.9100,8.4000,15829328,125455552.0000,3,0.767946,1,-5.833300,0
2013-06-14,sz.000060,7.9600,7.9800,7.8700,7.8900,7.9100,8393429,66500180.0000,3,0.407200,1,-0.252800,0
2013-06-17,sz.000060,7.9400,7.9500,7.7300,7.7800,7.8900,9045991,70892640.0000,3,0.438858,1,-1.394200,0
2013-06-18,sz.000060,7.8000,7.8600,7.7100,7.8200,7.7800,8270405,64381076.0000,3,0.401231,1,0.514100,0
2013-06-19,sz.000060,7.8000,7.8000,7.5400,7.7000,7.8200,9531714,72970592.0000,3,0.462423,1,-1.534500,0
2013-06-20,sz.000060,7.6700,7.6700,7.4000,7.4100,7.7000,9926003,74804408.0000,3,0.481551,1,-3.766200,0
2013-06-21,sz.000060,7.2900,7.5500,7.1900,7.4900,7.4100,9943800,73202272.0000,3,0.482414,1,1.079600,0
2013-06-24,sz.000060,7.4100,7.4500,6.7400,6.8100,7.4900,14819130,105211456.0000,3,0.718937,1,-9.078800,0
2013-06-25,sz.000060,6.7500,6.8000,6.1300,6.6000,6.8100,22843639,147755360.0000,3,1.108239,1,-3.083700,0
2013-06-26,sz.000060,6.6100,6.6900,6.4100,6.6000,6.6000,18068141,117793992.0000,3,0.876560,1,0.000000,0
2013-06-27,sz.000060,6.6100,6.7400,6.5300,6.5300,6.6000,14144315,93746368.0000,3,0.686199,1,-1.060600,0
2013-06-28,sz.000060,6.5000,6.7300,6.2200,6.6200,6.5300,12714025,83400760.0000,3,0.616809,1,1.378300,0
2013-07-01,sz.000060,6.6300,6.7300,6.5200,6.7100,6.6200,11125558,73984944.0000,3,0.539807,1,1.359500,0
2013-07-02,sz.000060,6.7400,6.8000,6.6800,6.7300,6.7100,9267323,62426440.0000,3,0.449647,1,0.298100,0
2013-07-03,sz.000060,6.7200,6.7200,6.4800,6.6700,6.7300,8895605,58859092.0000,3,0.431611,1,-0.891500,0
2013-07-04,sz.000060,6.6500,7.2000,6.5300,6.9600,6.6700,19516876,134836736.0000,3,0.946951,1,4.347800,0
2013-07-05,sz.000060,6.9600,7.1800,6.8400,7.0300,6.9600,17316434,121547760.0000,3,0.840186,1,1.005700,0
2013-07-08,sz.000060,6.8800,6.8800,6.6600,6.6600,7.0300,9059766,61491084.0000,3,0.439576,1,-5.263200,0
2013-07-09,sz.000060,6.6600,6.7900,6.5800,6.6500,6.6600,6446317,43191992.0000,3,0.312773,1,-0.150200,0
2013-07-10,sz.000060,6.6300,7.2400,6.6100,7.1400,6.6500,16315737,113987592.0000,3,0.791633,1,7.368400,0
2013-07-11,sz.000060,7.1400,7.5900,7.1400,7.3300,7.1400,23944869,177037952.0000,3,1.161795,1,2.661100,0
2013-07-12,sz.000060,7.3000,7.3600,7.0500,7.1000,7.3300,14576064,104700776.0000,3,0.707225,1,-3.137800,0
2013-07-15,sz.000060,7.1200,7.3000,7.0700,7.1600,7.1000,10385110,74574008.0000,3,0.503881,1,0.845100,0
2013-07-16,sz.000060,7.1300,7.1500,7.0100,7.1200,7.1600,10329426,73113248.0000,3,0.501179,1,-0.558700,0
2013-07-17,sz.000060,7.1000,7.2500,7.0500,7.0600,7.1200,9959721,71243656.0000,3,0.483242,1,-0.842700,0
2013-07-18,sz.000060,7.0000,7.0600,6.8700,6.9100,7.0600,8458841,58628232.0000,3,0.410419,1,-2.124600,0
2013-07-19,sz.000060,6.9200,7.0100,6.6000,6.6100,6.9100,10296980,69950192.0000,3,0.499605,1,-4.341500,0
2013-07-22,sz.000060,6.6300,6.7600,6.5900,6.7400,6.6100,5695109,38048300.0000,3,0.276324,1,1.966700,0
2013-07-23,sz.000060,6.7700,7.1100,6.7700,7.0600,6.7400,14266018,100222680.0000,3,0.692181,1,4.747800,0
2013-07-24,sz.000060,7.0800,7.0800,6.8600,6.9400,7.0600,7878532,54812280.0000,3,0.382263,1,-1.699700,0
2013-07-25,sz.000060,7.0200,7.0600,6.8600,6.8700,6.9400,7976018,55406688.0000,3,0.386993,1,-1.008600,0
2013-07-26,sz.000060,6.8500,6.8700,6.7100,6.7500,6.8700,6933350,46979064.0000,3,0.336403,1,-1.746700,0
2013-07-29,sz.000060,6.7200,6.7200,6.6000,6.6000,6.7500,6225791,41254908.0000,3,0.302073,1,-2.222200,0
2013-07-30,sz.000060,6.6800,6.8800,6.6400,6.7600,6.6000,7228384,48814856.0000,3,0.350718,1,2.424200,0
2013-07-31,sz.000060,6.8100,6.9500,6.7300,6.7600,6.7600,5995141,40877724.0000,3,0.290882,1,0.000000,0
2013-08-01,sz.000060,6.8500,6.9500,6.7500,6.8900,6.7600,9037908,62076084.0000,3,0.438516,1,1.923100,0
2013-08-02,sz.000060,6.9600,7.0500,6.8800,6.9200,6.8900,9318761,64938864.0000,3,0.452142,1,0.435400,0
2013-08-05,sz.000060,6.9400,7.0000,6.8600,6.9800,6.9200,6732668,46735672.0000,3,0.326666,1,0.867100,0
2013-08-06,sz.000060,6.9700,7.1000,6.8600,7.0300,6.9800,11379023,79661488.0000,3,0.552105,1,0.716300,0
2013-08-07,sz.000060,7.0000,7.1800,6.9500,7.0100,7.0300,12529167,88352528.0000,3,0.607910,1,-0.284500,0
2013-08-08,sz.000060,7.0300,7.1300,6.9900,7.0400,7.0100,11600044,81892720.0000,3,0.562829,1,0.428000,0
2013-08-09,sz.000060,7.1100,7.3700,7.1100,7.2800,7.0400,26150691,189743136.0000,3,1.268821,1,3.409100,0
2013-08-12,sz.000060,7.2800,7.8000,7.2500,7.6900,7.2800,29006682,218576016.0000,3,1.407392,1,5.631900,0
2013-08-13,sz.000060,7.6900,7.6900,7.5100,7.5800,7.6900,15336989,116015152.0000,3,0.744144,1,-1.430400,0
2013-08-14,sz.000060,7.5800,7.7400,7.3700,7.4100,7.5800,15383083,116424560.0000,3,0.746381,1,-2.242700,0
2013-08-15,sz.000060,7.4100,7.5700,7.3000,7.3300,7.4100,10989592,81655056.0000,3,0.533210,1,-1.079600,0
2013-08-16,sz.000060,7.3600,7.6500,7.2600,7.3200,7.3300,15355738,113981512.0000,3,0.745054,1,-0.136400,0
2013-08-19,sz.000060,7.3500,7.6400,7.3000,7.5300,7.3200,13976897,104493824.0000,3,0.678153,1,2.868900,0
2013-08-20,sz.000060,7.5000,7.5800,7.2900,7.3400,7.5300,10997229,81596432.0000,3,0.533581,1,-2.523200,0
2013-08-21,sz.000060,7.4000,7.4000,7.2700,7.3700,7.3400,8280361,60762160.0000,3,0.401760,1,0.408700,0
2013-08-22,sz.000060,7.3200,7.4400,7.2300,7.2900,7.3700,6892641,50525724.0000,3,0.334428,1,-1.085500,0
2013-08-23,sz.000060,7.3400,7.3800,7.0400,7.2000,7.2900,10222430,73866864.0000,3,0.495988,1,-1.234600,0
2013-08-26,sz.000060,7.2400,7.4200,7.1900,7.3700,7.2000,8922974,65435852.0000,3,0.432939,1,2.361100,0
2013-08-27,sz.000060,7.3600,7.4500,7.3400,7.4100,7.3700,8802184,65093680.0000,3,0.427078,1,0.542700,0
2013-08-28,sz.000060,7.3700,7.7900,7.3700,7.6500,7.3700,28317213,216159920.0000,3,1.373939,1,3.799200,0
2013-08-29,sz.000060,7.6500,7.6600,7.3800,7.4300,7.6500,14105678,105098968.0000,3,0.684402,1,-2.875800,0
2013-08-30,sz.000060,7.3800,7.5300,7.2600,7.2800,7.4300,14602640,107641160.0000,3,0.708514,1,-2.018800,0
2013-09-02,sz.000060,7.3100,7.4900,7.3100,7.4000,7.2800,10285570,76006000.0000,3,0.499052,1,1.648400,0
2013-09-03,sz.000060,7.4300,7.4800,7.3600,7.4100,7.4000,8726506,64550424.0000,3,0.423406,1,0.135100,0
2013-09-04,sz.000060,7.4600,7.5200,7.3500,7.4700,7.4100,12507639,93040032.0000,3,0.606865,1,0.809700,0
2013-09-05,sz.000060,7.4300,7.4400,7.3200,7.3300,7.4700,8498575,62489968.0000,3,0.412347,1,-1.874200,0
2013-09-06,sz.000060,7.3300,7.4500,7.2800,7.3300,7.3300,6853238,50309392.0000,3,0.332516,1,0.000000,0
2013-09-09,sz.000060,7.3400,7.5300,7.3400,7.5000,7.3300,16928399,126245472.0000,3,0.821359,1,2.319200,0
2013-09-10,sz.000060,7.5100,7.6400,7.4800,7.6000,7.5000,18727218,141479008.0000,3,0.908637,1,1.333300,0
2013-09-11,sz.000060,7.6000,7.8700,7.5500,7.6800,7.6000,26001048,201084420.0000,3,1.261560,1,1.052600,0
2013-09-12,sz.000060,7.6200,7.6600,7.5400,7.6100,7.6800,12129784,92099734.0000,3,0.588532,1,-0.911500,0
2013-09-13,sz.000060,7.6000,7.6200,7.4600,7.4800,7.6100,10170721,76625405.0000,3,0.493479,1,-1.708300,0
2013-09-16,sz.000060,7.4700,7.5800,7.4200,7.4400,7.4800,8732615,65412142.0000,3,0.423703,1,-0.534800,0
2013-09-17,sz.000060,7.4500,7.4600,7.2500,7.2600,7.4400,10033649,73422944.0000,3,0.486828,1,-2.419400,0
2013-09-18,sz.000060,7.2600,7.3100,7.2200,7.3000,7.2600,5525843,40183735.0000,3,0.268112,1,0.551000,0
2013-09-23,sz.000060,7.3400,7.3800,7.3000,7.3600,7.3000,9929715,72862768.0000,3,0.481786,1,0.821900,0
2013-09-24,sz.000060,7.3600,7.3700,7.1500,7.1900,7.3600,12254878,88357393.0000,3,0.594602,1,-2.309800,0
2013-09-25,sz.000060,7.1900,7.3200,7.1200,7.1400,7.1900,10519617,75893642.0000,3,0.510407,1,-0.695400,0
2013-09-26,sz.000060,7.1400,7.2000,6.9300,6.9400,7.1400,13701561,96349990.0000,3,0.664794,1,-2.801100,0
2013-09-27,sz.000060,6.9100,7.0600,6.9100,6.9500,6.9400,8927436,62325490.0000,3,0.433155,1,0.144100,0
2013-09-30,sz.000060,6.9100,7.0400,6.9100,6.9800,6.9500,4764779,33229814.0000,3,0.231185,1,0.431700,0
2013-10-08,sz.000060,6.9500,7.0500,6.9000,7.0100,6.9800,8759025,61197102.0000,3,0.424984,1,0.429800,0
2013-10-09,sz.000060,7.0100,7.0300,6.9600,7.0000,7.0100,7144696,49951370.0000,3,0.346658,1,-0.142700,0
2013-10-10,sz.000060,7.0000,7.0900,6.9200,7.0500,7.0000,11560974,80996459.0000,3,0.560934,1,0.714300,0
2013-10-11,sz.000060,7.0700,7.1500,7.0300,7.1000,7.0500,11294445,80057082.0000,3,0.548002,1,0.709200,0
2013-10-14,sz.000060,7.0900,7.0900,7.0100,7.0400,7.1000,8618137,60680846.0000,3,0.418148,1,-0.845100,0
2013-10-15,sz.000060,7.0400,7.1100,7.0200,7.0700,7.0400,10803495,76232326.0000,3,0.524181,1,0.426100,0
2013-10-16,sz.000060,7.0300,7.0300,6.8100,6.8500,7.0700,11927952,82424751.0000,3,0.578739,1,-3.111700,0
2013-10-17,sz.000060,6.8700,6.9700,6.7900,6.8000,6.8500,8802527,60434416.0000,3,0.427095,1,-0.729900,0
2013-10-18,sz.000060,6.8600,6.9000,6.7500,6.7900,6.8000,7348361,50117730.0000,3,0.356539,1,-0.147100,0
2013-10-21,sz.000060,6.7900,6.8900,6.7100,6.8800,6.7900,9965892,67701740.0000,3,0.483541,1,1.325500,0
2013-10-22,sz.000060,6.8300,6.8800,6.7600,6.8200,6.8800,8458648,57667840.0000,3,0.410410,1,-0.872100,0
2013-10-23,sz.000060,6.8800,6.9200,6.7700,6.7800,6.8200,8871735,60692925.0000,3,0.430453,1,-0.586500,0
2013-10-24,sz.000060,6.7400,6.7500,6.6500,6.6700,6.7800,7384424,49415639.0000,3,0.358289,1,-1.622400,0
2013-10-25,sz.000060,6.6600,6.7100,6.4600,6.4800,6.6700,8132889,53550358.0000,3,0.394604,1,-2.848600,0
2013-10-28,sz.000060,6.4900,6.5600,6.4400,6.4900,6.4800,6066289,39435650.0000,3,0.294334,1,0.154300,0
2013-10-29,sz.000060,6.5000,6.5800,6.3100,6.4000,6.4900,10050729,64943806.0000,3,0.487657,1,-1.386700,0
2013-10-30,sz.000060,6.4200,6.5300,6.3900,6.5300,6.4000,6355488,41087766.0000,3,0.308366,1,2.031300,0
2013-10-31,sz.000060,6.5200,6.5700,6.4700,6.5500,6.5300,5127133,33487465.0000,3,0.248766,1,0.306300,0
2013-11-01,sz.000060,6.5400,6.6400,6.5000,6.5900,6.5500,4366640,28740129.0000,3,0.211868,1,0.610700,0
2013-11-04,sz.000060,6.7000,6.7200,6.5000,6.5200,6.5900,4430651,29211950.0000,3,0.214973,1,-1.062200,0
2013-11-05,sz.000060,6.5000,6.6300,6.4200,6.6100,6.5200,5195272,33892493.0000,3,0.252072,1,1.380400,0
2013-11-06,sz.000060,6.5600,6.6300,6.5200,6.5300,6.6100,4483658,29454238.0000,3,0.217545,1,-1.210300,0
2013-11-07,sz.000060,6.5300,6.5600,6.4500,6.4800,6.5300,4465625,29072507.0000,3,0.216670,1,-0.765700,0
2013-11-08,sz.000060,6.5000,6.5500,6.3800,6.3900,6.4800,4227001,27240779.0000,3,0.205092,1,-1.388900,0
2013-11-11,sz.000060,6.3900,6.4300,6.3000,6.3400,6.3900,4430539,28129946.0000,3,0.214968,1,-0.782500,0
2013-11-12,sz.000060,6.3500,6.4700,6.3500,6.4200,6.3400,3751811,24029633.0000,3,0.182036,1,1.261800,0
2013-11-13,sz.000060,6.3800,6.3800,6.2400,6.2900,6.4200,6062207,38251337.0000,3,0.294136,1,-2.024900,0
2013-11-14,sz.000060,6.3100,6.4300,6.2900,6.3600,6.2900,4987922,31768392.0000,3,0.242012,1,1.112900,0
2013-11-15,sz.000060,6.4100,6.5400,6.3500,6.4800,6.3600,7730648,49998374.0000,3,0.375088,1,1.886800,0
2013-11-18,sz.000060,6.5000,6.6000,6.4300,6.5900,6.4800,9268453,60658492.0000,3,0.449701,1,1.697500,0
2013-11-19,sz.000060,6.5900,6.6000,6.5000,6.5400,6.5900,7154194,46730034.0000,3,0.347119,1,-0.758700,0
2013-11-20,sz.000060,6.6400,6.6400,6.5000,6.5500,6.5400,5672958,37117196.0000,3,0.275250,1,0.152900,0
2013-11-21,sz.000060,6.5400,6.5400,6.4800,6.5100,6.5500,6454667,42010468.0000,3,0.313178,1,-0.610700,0
2013-11-22,sz.000060,6.5500,6.5700,6.4900,6.5100,6.5100,6464571,42152156.0000,3,0.313658,1,0.000000,0
2013-11-25,sz.000060,6.5000,6.5300,6.4400,6.4500,6.5100,5151762,33366942.0000,3,0.249961,1,-0.921700,0
2013-11-26,sz.000060,6.4600,6.4800,6.4000,6.4300,6.4500,4303875,27700548.0000,3,0.208822,1,-0.310100,0
2013-11-27,sz.000060,6.4300,6.5400,6.4100,6.4700,6.4300,5647382,36550362.0000,3,0.274009,1,0.622100,0
2013-11-28,sz.000060,6.5200,6.8400,6.4600,6.7100,6.4700,25793772,172515705.0000,3,1.251503,1,3.709400,0
2013-11-29,sz.000060,6.6700,6.7400,6.6300,6.6500,6.7100,10363425,69283742.0000,3,0.502829,1,-0.894200,0
2013-12-02,sz.000060,6.6000,6.8000,6.5500,6.6700,6.6500,16998900,113762380.0000,3,0.824780,1,0.300800,0
2013-12-03,sz.000060,6.6700,6.7900,6.6300,6.7500,6.6700,13126561,88271778.0000,3,0.636895,1,1.199400,0
2013-12-04,sz.000060,6.7500,6.8500,6.5900,6.7800,6.7500,17339424,117432807.0000,3,0.841302,1,0.444400,0
2013-12-05,sz.000060,6.7900,6.8700,6.7300,6.7500,6.7800,8937649,60583774.0000,3,0.433651,1,-0.442500,0
2013-12-06,sz.000060,6.7400,6.8000,6.6900,6.7200,6.7500,6530019,43999046.0000,3,0.316834,1,-0.444400,0
2013-12-09,sz.000060,6.7300,6.7800,6.6600,6.6700,6.7200,6094214,40805472.0000,3,0.295689,1,-0.744000,0
2013-12-10,sz.000060,6.7000,6.7200,6.6400,6.6500,6.6700,6410031,42801109.0000,3,0.311012,1,-0.299900,0
2013-12-11,sz.000060,6.6300,6.6900,6.5100,6.5500,6.6500,8045885,53049747.0000,3,0.390383,1,-1.503800,0
2013-12-12,sz.000060,6.5500,6.5800,6.4900,6.5100,6.5500,6188293,40398567.0000,3,0.300253,1,-0.610700,0
2013-12-13,sz.000060,6.4600,6.5700,6.4500,6.5200,6.5100,5911168,38588391.0000,3,0.286807,1,0.153600,0
2013-12-16,sz.000060,6.5200,6.5400,6.3400,6.3600,6.5200,9086119,58232588.0000,3,0.440855,1,-2.454000,0
2013-12-17,sz.000060,6.4000,6.4600,6.3500,6.3600,6.3600,4595890,29283219.0000,3,0.222991,1,0.000000,0
2013-12-18,sz.000060,6.3800,6.4200,6.3300,6.3600,6.3600,4214336,26827918.0000,3,0.204478,1,0.000000,0
2013-12-19,sz.000060,6.3900,6.4300,6.3100,6.3300,6.3600,5783384,36819642.0000,3,0.280607,1,-0.471700,0
2013-12-20,sz.000060,6.3300,6.3700,6.1100,6.1300,6.3300,8512911,52862177.0000,3,0.413043,1,-3.159600,0
2013-12-23,sz.000060,6.1400,6.2000,6.1000,6.1800,6.1300,5740570,35300372.0000,3,0.278530,1,0.815700,0
2013-12-24,sz.000060,6.1800,6.2700,6.1700,6.2200,6.1800,5009174,31148906.0000,3,0.243043,1,0.647200,0
2013-12-25,sz.000060,6.2400,6.3200,6.2200,6.2500,6.2200,3824992,23982966.0000,3,0.185587,1,0.482300,0
2013-12-26,sz.000060,6.2400,6.2500,6.0500,6.1900,6.2500,9154265,56357925.0000,3,0.444161,1,-0.960000,0
2013-12-27,sz.000060,6.1800,6.3000,6.1500,6.2600,6.1900,6016761,37642850.0000,3,0.291931,1,1.130900,0
2013-12-30,sz.000060,6.2900,6.3200,6.1900,6.2100,6.2600,4995942,31167411.0000,3,0.242401,1,-0.798700,0
2013-12-31,sz.000060,6.1500,6.3500,6.1500,6.2800,6.2100,10664942,67093005.0000,3,0.517462,1,1.127200,0
2014-01-02,sz.000060,6.2800,6.2800,6.2800,6.2800,6.2800,0,0.0000,3,,0,0.000000,0
2014-01-03,sz.000060,6.2800,6.2800,6.2800,6.2800,6.2800,0,0.0000,3,,0,0.000000,0
2014-01-06,sz.000060,6.2800,6.2800,6.2800,6.2800,6.2800,0,0.0000,3,,0,0.000000,0
2014-01-07,sz.000060,6.2800,6.2800,6.2800,6.2800,6.2800,0,0.0000,3,,0,0.000000,0
2014-01-08,sz.000060,6.2800,6.2800,6.2800,6.2800,6.2800,0,0.0000,3,,0,0.000000,0
2014-01-09,sz.000060,5.9000,6.0000,5.6500,5.6800,6.2800,21389107,124067512.0000,3,1.037797,1,-9.554100,0
2014-01-10,sz.000060,5.6800,5.6800,5.3700,5.5100,5.6800,12947483,71153218.0000,3,0.628210,1,-2.993000,0
2014-01-13,sz.000060,5.4500,5.6700,5.4500,5.5500,5.5100,9521397,53116922.0000,3,0.461977,1,0.726000,0
2014-01-14,sz.000060,5.5300,5.6000,5.5200,5.5700,5.5500,5419557,30140154.0000,3,0.262956,1,0.360400,0
2014-01-15,sz.000060,5.5700,5.6000,5.4200,5.4700,5.5700,6058400,33231385.0000,3,0.293953,1,-1.795300,0
2014-01-16,sz.000060,5.4700,5.7000,5.4300,5.6800,5.4700,10605511,59256191.0000,3,0.514578,1,3.839100,0
2014-01-17,sz.000060,5.6300,5.6500,5.5500,5.5600,5.6800,5316399,29709491.0000,3,0.257951,1,-2.112700,0
2014-01-20,sz.000060,5.5800,5.5900,5.4600,5.5500,5.5600,5136651,28340389.0000,3,0.249230,1,-0.179900,0
2014-01-21,sz.000060,5.5500,5.6100,5.5300,5.5500,5.5500,3556149,19790331.0000,3,0.172544,1,0.000000,0
2014-01-22,sz.000060,5.5300,5.6900,5.5300,5.6800,5.5500,7065412,39874124.0000,3,0.342813,1,2.342300,0
2014-01-23,sz.000060,5.6900,5.7300,5.6300,5.6400,5.6800,5502438,31183737.0000,3,0.266978,1,-0.704200,0
2014-01-24,sz.000060,5.6500,5.7700,5.6000,5.7000,5.6400,7059067,40377675.0000,3,0.342505,1,1.063800,0
2014-01-27,sz.000060,5.6800,5.7000,5.6100,5.6100,5.7000,5169048,29179954.0000,3,0.250802,1,-1.578900,0
2014-01-28,sz.000060,5.6100,5.6700,5.6000,5.6100,5.6100,3661483,20596018.0000,3,0.177655,1,0.000000,0
2014-01-29,sz.000060,5.6100,5.6500,5.6000,5.6100,5.6100,3068749,17260356.0000,3,0.148895,1,0.000000,0
2014-01-30,sz.000060,5.6200,5.6500,5.4800,5.5100,5.6100,4115619,22740168.0000,3,0.199689,1,-1.782500,0
2014-02-07,sz.000060,5.5100,5.5100,5.4400,5.5000,5.5100,4335422,23704718.0000,3,0.210354,1,-0.181500,0
2014-02-10,sz.000060,5.5300,5.6600,5.5200,5.6500,5.5000,9595718,53896404.0000,3,0.465583,1,2.727300,0
2014-02-11,sz.000060,5.6200,5.7900,5.6100,5.7600,5.6500,11382476,65057855.0000,3,0.552276,1,1.946900,0
2014-02-12,sz.000060,5.7500,5.7800,5.6800,5.7500,5.7600,7633308,43773043.0000,3,0.370367,1,-0.173600,0
2014-02-13,sz.000060,5.7500,5.9100,5.7400,5.7500,5.7500,11530253,67087693.0000,3,0.559446,1,0.000000,0
2014-02-14,sz.000060,5.7900,5.8400,5.7100,5.7800,5.7500,7688624,44240445.0000,3,0.373051,1,0.521700,0
2014-02-17,sz.000060,5.8500,5.8800,5.7700,5.8300,5.7800,8334485,48494124.0000,3,0.404388,1,0.865100,0
2014-02-18,sz.000060,5.8200,5.8200,5.6800,5.7100,5.8300,9953050,57054003.0000,3,0.482921,1,-2.058300,0
2014-02-19,sz.000060,5.7100,5.8100,5.6700,5.7500,5.7100,8389166,48023470.0000,3,0.407041,1,0.700500,0
2014-02-20,sz.000060,5.7600,5.8600,5.7000,5.7500,5.7500,12666237,73359015.0000,3,0.614564,1,0.000000,0
2014-02-21,sz.000060,5.7300,5.9400,5.6800,5.8600,5.7500,17984751,105055496.0000,3,0.872618,1,1.913000,0
2014-02-24,sz.000060,5.8000,5.8600,5.6600,5.6700,5.8600,10781844,61691248.0000,3,0.523134,1,-3.242300,0
2014-02-25,sz.000060,5.6300,5.7100,5.4600,5.4600,5.6700,9094766,50879068.0000,3,0.441277,1,-3.703700,0
2014-02-26,sz.000060,5.4600,5.8500,5.4500,5.8400,5.4600,18593035,105966652.0000,3,0.902132,1,6.959700,0
2014-02-27,sz.000060,5.8400,5.9000,5.7100,5.7800,5.8400,15609276,90792152.0000,3,0.757360,1,-1.027400,0
2014-02-28,sz.000060,5.7800,6.0400,5.7600,5.9500,5.7800,20908896,124239464.0000,3,1.014497,1,2.941200,0
2014-03-03,sz.000060,5.9500,6.0200,5.8700,5.9800,5.9500,12385909,73701808.0000,3,0.600963,1,0.504200,0
2014-03-04,sz.000060,5.9500,6.0000,5.8300,6.0000,5.9800,13830509,81993325.0000,3,0.671054,1,0.334400,0
2014-03-05,sz.000060,5.9900,5.9900,5.8600,5.8700,6.0000,9120779,54012697.0000,3,0.442539,1,-2.166700,0
2014-03-06,sz.000060,5.8400,5.8700,5.7400,5.8100,5.8700,7201582,41906125.0000,3,0.349420,1,-1.022100,0
2014-03-07,sz.000060,5.8100,5.9200,5.7800,5.8100,5.8100,6506155,38101195.0000,3,0.315678,1,0.000000,0
2014-03-10,sz.000060,5.7500,5.7700,5.5100,5.5200,5.8100,9348319,52320370.0000,3,0.453579,1,-4.991400,0
2014-03-11,sz.000060,5.5200,5.5800,5.4600,5.5300,5.5200,6105334,33668904.0000,3,0.296230,1,0.181200,0
2014-03-12,sz.000060,5.5100,5.6000,5.5000,5.5800,5.5300,6021084,33437271.0000,3,0.292142,1,0.904200,0
2014-03-13,sz.000060,5.5900,5.6300,5.5500,5.5800,5.5800,5620095,31405118.0000,3,0.272686,1,0.000000,0
2014-03-14,sz.000060,5.5700,5.5800,5.4900,5.5000,5.5800,5742301,31681859.0000,3,0.278616,1,-1.433700,0
2014-03-17,sz.000060,5.5200,5.5700,5.5000,5.5600,5.5000,4136838,22921051.0000,3,0.200719,1,1.090900,0
2014-03-18,sz.000060,5.5600,5.6000,5.5300,5.5700,5.5600,4990312,27815158.0000,3,0.242129,1,0.179900,0
2014-03-19,sz.000060,5.5600,5.5600,5.5000,5.5300,5.5700,4946786,27318850.0000,3,0.240017,1,-0.718100,0
2014-03-20,sz.000060,5.5100,5.5800,5.4000,5.4200,5.5300,6488107,35773499.0000,3,0.314802,1,-1.989200,0
2014-03-21,sz.000060,5.4200,5.6200,5.3800,5.5900,5.4200,7876620,43382803.0000,3,0.382173,1,3.136500,0
2014-03-24,sz.000060,5.5500,5.6300,5.5300,5.6300,5.5900,8694145,48630420.0000,3,0.421839,1,0.715600,0
2014-03-25,sz.000060,5.5900,5.7500,5.5700,5.7000,5.6300,10229288,57983317.0000,3,0.496324,1,1.243300,0
2014-03-26,sz.000060,5.7000,5.7300,5.6200,5.6900,5.7000,7477842,42484328.0000,3,0.362824,1,-0.175400,0
2014-03-27,sz.000060,5.7000,5.7500,5.6500,5.7000,5.6900,9130768,52217457.0000,3,0.443024,1,0.175700,0
2014-03-28,sz.000060,5.7200,5.9700,5.7200,5.8800,5.7000,23625229,138736211.0000,3,1.146293,1,3.157900,0
2014-03-31,sz.000060,5.9000,5.9400,5.7600,5.7600,5.8800,10989602,63958511.0000,3,0.533214,1,-2.040800,0
2014-04-01,sz.000060,5.7600,5.8100,5.7100,5.7800,5.7600,7586398,43684073.0000,3,0.368091,1,0.347200,0
2014-04-02,sz.000060,5.8000,5.8600,5.7300,5.7400,5.7800,8446874,48926510.0000,3,0.409841,1,-0.692000,0
2014-04-03,sz.000060,5.7700,5.8100,5.7100,5.7400,5.7400,6692025,38580674.0000,3,0.324696,1,0.000000,0
2014-04-04,sz.000060,5.7100,5.8100,5.7100,5.7600,5.7400,5247084,30252345.0000,3,0.254588,1,0.348400,0
2014-04-08,sz.000060,5.7500,5.8600,5.7300,5.8400,5.7600,10203748,59329760.0000,3,0.495085,1,1.388900,0
2014-04-09,sz.000060,5.8500,5.8700,5.7900,5.8100,5.8400,9521721,55423567.0000,3,0.461993,1,-0.513700,0
2014-04-10,sz.000060,5.8000,5.8400,5.7400,5.8100,5.8100,9906731,57319473.0000,3,0.480673,1,0.000000,0
2014-04-11,sz.000060,5.8000,5.8700,5.7600,5.7800,5.8100,7173327,41693888.0000,3,0.348049,1,-0.516300,0
2014-04-14,sz.000060,5.7800,5.8200,5.7400,5.7900,5.7800,6947833,40122476.0000,3,0.337108,1,0.173000,0
2014-04-15,sz.000060,5.7700,5.7800,5.6800,5.7000,5.7900,7038245,40295245.0000,3,0.341495,1,-1.554400,0
2014-04-16,sz.000060,5.6900,5.7400,5.6500,5.6700,5.7000,7947065,45239523.0000,3,0.385591,1,-0.526300,0
2014-04-17,sz.000060,5.6900,5.7300,5.6700,5.6800,5.6700,5382528,30642026.0000,3,0.261160,1,0.176400,0
2014-04-18,sz.000060,5.6800,5.7000,5.6300,5.6600,5.6800,3558465,20144189.0000,3,0.172656,1,-0.352100,0
2014-04-21,sz.000060,5.6200,5.6700,5.5800,5.5800,5.6600,4271712,24007839.0000,3,0.207263,1,-1.413400,0
2014-04-22,sz.000060,5.5800,5.6200,5.5500,5.6100,5.5800,4825027,26938088.0000,3,0.234110,1,0.537600,0
2014-04-23,sz.000060,5.5900,5.6300,5.5600,5.6200,5.6100,3623138,20286346.0000,3,0.175794,1,0.178200,0
2014-04-24,sz.000060,5.6000,5.6200,5.5700,5.5800,5.6200,3619327,20248583.0000,3,0.175609,1,-0.711700,0
2014-04-25,sz.000060,5.6100,5.6200,5.5100,5.5200,5.5800,4536847,25151171.0000,3,0.220127,1,-1.075300,0
2014-04-28,sz.000060,5.5600,5.5700,5.4100,5.4100,5.5200,5105389,27934978.0000,3,0.247713,1,-1.992800,0
2014-04-29,sz.000060,5.4300,5.4900,5.2900,5.4500,5.4100,9144404,49049942.0000,3,0.443685,1,0.739400,0
2014-04-30,sz.000060,5.4300,5.4500,5.3600,5.4300,5.4500,3261762,17673473.0000,3,0.158260,1,-0.367000,0
2014-05-05,sz.000060,5.4000,5.4400,5.3500,5.4000,5.4300,3179547,17109005.0000,3,0.154271,1,-0.552500,0
2014-05-06,sz.000060,5.4100,5.4900,5.3800,5.4700,5.4000,4083320,22296039.0000,3,0.198122,1,1.296300,0
2014-05-07,sz.000060,5.4700,5.4900,5.4400,5.4600,5.4700,3578026,19533272.0000,3,0.173605,1,-0.182800,0
2014-05-08,sz.000060,5.4500,5.5200,5.4300,5.4600,5.4600,4049513,22148168.0000,3,0.196482,1,0.000000,0
2014-05-09,sz.000060,5.4600,5.6700,5.4500,5.6000,5.4600,12981112,72706346.0000,3,0.629842,1,2.564100,0
2014-05-12,sz.000060,5.6100,5.9900,5.5600,5.9100,5.6000,33535464,196798140.0000,3,1.627136,1,5.535700,0
2014-05-13,sz.000060,5.9400,5.9600,5.7000,5.7400,5.9100,17436370,101285799.0000,3,0.846010,1,-2.876500,0
2014-05-14,sz.000060,5.7100,5.7700,5.6400,5.6900,5.7400,8414709,47898615.0000,3,0.408281,1,-0.871100,0
2014-05-15,sz.000060,5.6800,5.6800,5.5800,5.5900,5.6900,6384600,35932299.0000,3,0.309780,1,-1.757500,0
2014-05-16,sz.000060,5.6100,5.6700,5.5800,5.6400,5.5900,4750803,26757784.0000,3,0.230508,1,0.894400,0
2014-05-19,sz.000060,5.6100,5.7500,5.5400,5.7000,5.6400,8011454,45287866.0000,3,0.388715,1,1.063800,0
2014-05-20,sz.000060,5.7500,5.7500,5.6100,5.6300,5.7000,3453462,19573791.0000,3,0.167562,1,-1.228100,0
2014-05-21,sz.000060,5.6000,5.7300,5.5700,5.6800,5.6300,4359884,24731036.0000,3,0.211541,1,0.888100,0
2014-05-22,sz.000060,5.6800,5.7400,5.5600,5.5700,5.6800,6960389,39264110.0000,3,0.337717,1,-1.936600,0
2014-05-23,sz.000060,5.5600,5.6000,5.5200,5.5800,5.5700,5522192,30671679.0000,3,0.267936,1,0.179500,0
2014-05-26,sz.000060,5.5800,5.6600,5.5700,5.6000,5.5800,3709753,20770598.0000,3,0.179997,1,0.358400,0
2014-05-27,sz.000060,5.6000,5.6300,5.5600,5.5800,5.6000,3942495,22087778.0000,3,0.191289,1,-0.357100,0
2014-05-28,sz.000060,5.5800,5.6700,5.5400,5.6400,5.5800,6148491,34650699.0000,3,0.298324,1,1.075300,0
2014-05-29,sz.000060,5.6300,5.6900,5.6000,5.6100,5.6400,4168403,23489189.0000,3,0.202250,1,-0.531900,0
2014-05-30,sz.000060,5.6400,5.6600,5.6000,5.6200,5.6100,4809200,27069112.0000,3,0.233342,1,0.178200,0
2014-06-03,sz.000060,5.6500,5.7000,5.6200,5.6600,5.6200,4968629,28198489.0000,3,0.241077,1,0.711700,0
2014-06-04,sz.000060,5.6500,5.6500,5.5000,5.5300,5.6600,5696338,31628837.0000,3,0.276386,1,-2.296800,0
2014-06-05,sz.000060,5.5400,5.5700,5.5000,5.5600,5.5300,4184199,23116733.0000,3,0.203017,1,0.542500,0
2014-06-06,sz.000060,5.5500,5.5600,5.4700,5.5000,5.5600,3989699,21965991.0000,3,0.193580,1,-1.079100,0
2014-06-09,sz.000060,5.4700,5.5500,5.4600,5.4900,5.5000,4097780,22519219.0000,3,0.198824,1,-0.181800,0
2014-06-10,sz.000060,5.5300,5.5700,5.4700,5.5500,5.4900,4716964,26119087.0000,3,0.228866,1,1.092900,0
2014-06-11,sz.000060,5.5700,5.6500,5.5500,5.6300,5.5500,7633391,42909285.0000,3,0.370371,1,1.441400,0
2014-06-12,sz.000060,5.5800,5.7400,5.5700,5.6600,5.6300,10053770,57043839.0000,3,0.487808,1,0.532900,0
2014-06-13,sz.000060,5.6000,5.7100,5.6000,5.6700,5.6600,7012726,39735388.0000,3,0.340257,1,0.176700,0
2014-06-16,sz.000060,5.6600,5.7000,5.6200,5.7000,5.6700,6414684,36355973.0000,3,0.311240,1,0.529100,0
2014-06-17,sz.000060,5.6700,5.6800,5.6100,5.6200,5.7000,4538173,25601089.0000,3,0.220192,1,-1.403500,0
2014-06-18,sz.000060,5.6200,5.7900,5.6000,5.7300,5.6200,10845888,61798009.0000,3,0.526241,1,1.957300,0
2014-06-19,sz.000060,5.7000,5.7000,5.5000,5.5400,5.7000,8799556,49281096.0000,3,0.426953,1,-2.807000,0
2014-06-20,sz.000060,5.6000,5.8500,5.5800,5.7900,5.5400,26012388,149508714.0000,3,1.262118,1,4.512600,0
2014-06-23,sz.000060,5.8000,6.3700,5.7800,6.3700,5.7900,53599030,329493952.0000,3,2.600618,1,10.017300,0
2014-06-24,sz.000060,6.5700,6.9900,6.5000,6.8600,6.3700,102512367,687763136.0000,3,4.973887,1,7.692300,0
2014-06-25,sz.000060,6.7500,6.9500,6.7100,6.9000,6.8600,68586590,468332768.0000,3,3.327812,1,0.583100,0
2014-06-26,sz.000060,6.8000,7.0400,6.7500,6.8800,6.9000,62789237,433626592.0000,3,3.046526,1,-0.289900,0
2014-06-27,sz.000060,6.8100,7.1000,6.6600,6.8500,6.8800,65701831,452985600.0000,3,3.187844,1,-0.436000,0
2014-06-30,sz.000060,6.7800,6.9200,6.6400,6.8000,6.8500,54022491,364728704.0000,3,2.621128,1,-0.729900,0
2014-07-01,sz.000060,6.9300,7.4800,6.9000,7.1600,6.8000,90883954,653396480.0000,3,4.409616,1,5.294100,0
2014-07-02,sz.000060,7.0000,7.1100,6.7800,6.9800,7.1600,56114922,389931888.0000,3,2.722651,1,-2.514000,0
2014-07-03,sz.000060,7.5500,7.6800,7.4400,7.6200,6.9800,123796435,941544912.0000,3,6.006503,1,9.169100,0
2014-07-04,sz.000060,7.3900,7.6600,7.2800,7.4800,7.6200,67529114,504235232.0000,3,3.276458,1,-1.837300,0
2014-07-07,sz.000060,7.4500,7.4700,7.2500,7.3200,7.4800,34196401,250333904.0000,3,1.659182,1,-2.139000,0
2014-07-08,sz.000060,7.4100,7.5500,7.2100,7.5100,7.3200,40766946,301730480.0000,3,1.977979,1,2.595600,0
2014-07-09,sz.000060,7.4400,7.5400,7.0800,7.1800,7.5100,41323337,303861968.0000,3,2.004975,1,-4.394100,0
2014-07-10,sz.000060,7.1200,7.1500,6.9300,7.1100,7.1800,39558107,278520832.0000,3,1.919328,1,-0.974900,0
2014-07-11,sz.000060,7.0800,7.1900,6.9800,7.1400,7.1100,26977093,191503842.0000,3,1.308907,1,0.421900,0
2014-07-14,sz.000060,7.2400,7.6600,7.0900,7.5900,7.1400,73157899,540606656.0000,3,3.549562,1,6.302500,0
2014-07-15,sz.000060,7.4700,7.5700,7.3100,7.5400,7.5900,34196874,254843257.0000,3,1.659205,1,-0.658800,0
2014-07-16,sz.000060,7.4900,7.9000,7.4600,7.5800,7.5400,65979787,510388480.0000,3,3.201286,1,0.530500,0
2014-07-17,sz.000060,7.6100,7.8200,7.3800,7.5100,7.5800,43698494,332357216.0000,3,2.120216,1,-0.923500,0
2014-07-18,sz.000060,7.4200,7.4900,7.2800,7.3700,7.5100,22703733,167583129.0000,3,1.101567,1,-1.864200,0
2014-07-21,sz.000060,7.3400,7.4400,7.2200,7.3800,7.3700,16407830,120165426.0000,3,0.796095,1,0.135700,0
2014-07-22,sz.000060,7.6800,7.9500,7.5200,7.7500,7.3800,57523915,445487136.0000,3,2.791014,1,5.013500,0
2014-07-23,sz.000060,7.6600,8.1000,7.6000,7.9800,7.7500,59348718,469340384.0000,3,2.879552,1,2.967700,0
2014-07-24,sz.000060,7.8000,8.2800,7.7600,8.0000,7.9800,44074518,355392320.0000,3,2.138460,1,0.250600,0
2014-07-25,sz.000060,8.0800,8.7800,8.0600,8.3600,8.0000,62683400,525557136.0000,3,3.041348,1,4.500000,0
2014-07-28,sz.000060,8.3900,8.8500,8.2500,8.8100,8.3600,63463292,549427968.0000,3,3.079188,1,5.382800,0
2014-07-29,sz.000060,8.8000,8.8600,8.5000,8.5300,8.8100,61554340,534493808.0000,3,2.986567,1,-3.178200,0
2014-07-30,sz.000060,8.2400,8.3900,8.1700,8.2700,8.5300,57246595,473819792.0000,3,2.777559,1,-3.048100,0
2014-07-31,sz.000060,8.3100,8.4900,8.2800,8.3900,8.2700,30702900,257160376.0000,3,1.489680,1,1.451000,0
2014-08-01,sz.000060,8.2800,8.3900,8.0500,8.0900,8.3900,39837301,326179616.0000,3,1.932874,1,-3.575700,0
2014-08-04,sz.000060,8.1300,8.3200,8.0200,8.3000,8.0900,29961426,245949176.0000,3,1.453704,1,2.595800,0
2014-08-05,sz.000060,8.3000,8.3000,8.3000,8.3000,8.3000,0,0.0000,3,,0,0.000000,0
2014-08-06,sz.000060,8.2400,8.4700,8.0800,8.3800,8.3000,46574853,383615168.0000,3,2.259774,1,0.963900,0
2014-08-07,sz.000060,8.2700,8.3400,8.1300,8.1500,8.3800,24207134,198840318.0000,3,1.174511,1,-2.744600,0
2014-08-08,sz.000060,8.2000,8.2400,8.0600,8.1400,8.1500,22088629,179664901.0000,3,1.071723,1,-0.122700,0
2014-08-11,sz.000060,8.1500,8.2800,8.1100,8.2100,8.1400,27704780,227119826.0000,3,1.344214,1,0.859900,0
2014-08-12,sz.000060,8.1600,8.1900,8.0600,8.1600,8.2100,26267907,213058768.0000,3,1.274498,1,-0.609000,0
2014-08-13,sz.000060,8.1600,8.1800,7.9900,8.0600,8.1600,23963889,193320229.0000,3,1.162709,1,-1.225500,0
2014-08-14,sz.000060,8.0000,8.0000,7.6800,7.6900,8.0600,50076967,391867840.0000,3,2.429694,1,-4.590600,0
2014-08-15,sz.000060,7.6700,7.7600,7.5400,7.7500,7.6900,37514907,287221792.0000,3,1.820193,1,0.780200,0
2014-08-18,sz.000060,7.7500,7.8100,7.6100,7.7200,7.7500,38455229,296097200.0000,3,1.865817,1,-0.387100,0
2014-08-19,sz.000060,7.7400,7.8400,7.6600,7.8000,7.7200,42002734,325729728.0000,3,2.037939,1,1.036300,0
2014-08-20,sz.000060,7.7900,7.8400,7.6400,7.7400,7.8000,33390980,257614067.0000,3,1.620103,1,-0.769200,0
2014-08-21,sz.000060,7.8700,7.9800,7.7200,7.7800,7.7400,51579815,405028224.0000,3,2.502611,1,0.516800,0
2014-08-22,sz.000060,7.7500,7.7700,7.6000,7.7100,7.7800,27504476,211459728.0000,3,1.334495,1,-0.899700,0
2014-08-25,sz.000060,7.6900,7.6900,7.4700,7.5700,7.7100,23314416,176399378.0000,3,1.131197,1,-1.815800,0
2014-08-26,sz.000060,7.5900,7.6800,7.5300,7.6000,7.5700,21309051,161980120.0000,3,1.033898,1,0.396300,0
2014-08-27,sz.000060,7.6000,7.6000,7.5000,7.5100,7.6000,13123200,99047794.0000,3,0.636727,1,-1.184200,0
2014-08-28,sz.000060,7.5000,7.5900,7.4700,7.5000,7.5100,15226487,114756664.0000,3,0.738777,1,-0.133200,0
2014-08-29,sz.000060,7.5100,7.6000,7.4100,7.5900,7.5000,14372610,107926757.0000,3,0.697347,1,1.200000,0
2014-09-01,sz.000060,7.6000,7.7000,7.5600,7.6900,7.5900,16943568,129671943.0000,3,0.822088,1,1.317500,0
2014-09-02,sz.000060,7.7100,7.8400,7.6200,7.8200,7.6900,33428423,258280618.0000,3,1.621920,1,1.690500,0
2014-09-03,sz.000060,7.8500,7.9000,7.7800,7.7900,7.8200,35245766,275919744.0000,3,1.710096,1,-0.383600,0
2014-09-04,sz.000060,7.7700,7.8600,7.7600,7.8300,7.7900,22350233,174390058.0000,3,1.084415,1,0.513500,0
2014-09-05,sz.000060,7.9000,8.0800,7.8300,8.0800,7.8300,54074208,431256080.0000,3,2.623637,1,3.192800,0
2014-09-09,sz.000060,8.0300,8.0300,7.9000,7.9500,8.0800,32574475,259113689.0000,3,1.580487,1,-1.608900,0
2014-09-10,sz.000060,7.7800,7.8100,7.7100,7.7700,7.9500,32906202,255211123.0000,3,1.596582,1,-2.264100,0
2014-09-11,sz.000060,7.7700,7.8300,7.6300,7.6400,7.7700,30847812,238371010.0000,3,1.496711,1,-1.673100,0
2014-09-12,sz.000060,7.6100,7.7600,7.6100,7.7600,7.6400,17692837,135963367.0000,3,0.858442,1,1.570700,0
2014-09-15,sz.000060,7.7600,7.8700,7.6500,7.8000,7.7600,29726926,230118582.0000,3,1.442327,1,0.515500,0
2014-09-16,sz.000060,7.7800,7.8200,7.5100,7.5600,7.8000,25264810,195065914.0000,3,1.225828,1,-3.076900,0
2014-09-17,sz.000060,7.6100,7.7000,7.5600,7.6700,7.5600,18177338,138610331.0000,3,0.881950,1,1.455000,0
2014-09-18,sz.000060,7.6300,7.6400,7.5400,7.5800,7.6700,17167977,130094033.0000,3,0.832976,1,-1.173400,0
2014-09-19,sz.000060,7.5800,7.6200,7.5000,7.5800,7.5800,16780111,126933007.0000,3,0.814157,1,0.000000,0
2014-09-22,sz.000060,7.5600,7.5600,7.2300,7.2300,7.5800,31170980,229472053.0000,3,1.512391,1,-4.617400,0
2014-09-23,sz.000060,7.2300,7.3700,7.2300,7.3200,7.2300,14417969,105243745.0000,3,0.699548,1,1.244800,0
2014-09-24,sz.000060,7.3300,7.5200,7.3100,7.4700,7.3200,21948386,162761892.0000,3,1.064918,1,2.049200,0
2014-09-25,sz.000060,7.5000,7.5400,7.4100,7.4400,7.4700,22292283,166787007.0000,3,1.081604,1,-0.401600,0
2014-09-26,sz.000060,7.4500,7.5400,7.4300,7.4800,7.4400,14863017,111188145.0000,3,0.721142,1,0.537600,0
2014-09-29,sz.000060,7.4900,7.5200,7.4500,7.4700,7.4800,15717055,117447283.0000,3,0.762579,1,-0.133700,0
2014-09-30,sz.000060,7.5200,7.7000,7.5000,7.6600,7.4700,33423711,255422815.0000,3,1.621692,1,2.543500,0
2014-10-08,sz.000060,7.7700,7.7800,7.6300,7.6800,7.6600,21253937,163123128.0000,3,1.031224,1,0.261100,0
2014-10-09,sz.000060,7.6700,7.8200,7.6000,7.8000,7.6800,36111636,278985360.0000,3,1.752108,1,1.562500,0
2014-10-10,sz.000060,7.7300,7.7600,7.5600,7.6100,7.8000,33377653,255056610.0000,3,1.619457,1,-2.435900,0
2014-10-13,sz.000060,7.8800,8.1500,7.8500,7.9000,7.6100,82354784,654126512.0000,3,3.995788,1,3.810800,0
2014-10-14,sz.000060,7.8300,7.8900,7.7600,7.7800,7.9000,34623338,270017136.0000,3,1.679897,1,-1.519000,0
2014-10-15,sz.000060,7.7800,7.8000,7.6100,7.7200,7.7800,19093185,146871943.0000,3,0.926386,1,-0.771200,0
2014-10-16,sz.000060,7.6100,7.6800,7.5500,7.5600,7.7200,22913140,174478118.0000,3,1.111727,1,-2.072500,0
2014-10-17,sz.000060,7.5400,7.5600,7.3000,7.4200,7.5600,20027233,148878433.0000,3,0.971705,1,-1.851900,0
2014-10-20,sz.000060,7.4300,7.5300,7.4300,7.4900,7.4200,11161084,83449919.0000,3,0.541527,1,0.943400,0
2014-10-21,sz.000060,7.4700,7.5300,7.4100,7.4100,7.4900,10335156,77040359.0000,3,0.501453,1,-1.068100,0
2014-10-22,sz.000060,7.4400,7.4600,7.3300,7.3400,7.4100,9191933,67907952.0000,3,0.445985,1,-0.944700,0
2014-10-23,sz.000060,7.3200,7.3700,7.1800,7.1900,7.3400,13801443,100276574.0000,3,0.669635,1,-2.043600,0
2014-10-24,sz.000060,7.1900,7.3000,7.1900,7.2100,7.1900,7974845,57741016.0000,3,0.386933,1,0.278200,0
2014-10-27,sz.000060,7.2200,7.3800,7.2200,7.3600,7.2100,8751845,63988851.0000,3,0.424632,1,2.080400,0
2014-10-28,sz.000060,7.3700,7.4700,7.3600,7.4600,7.3600,10989680,81496715.0000,3,0.533210,1,1.358700,0
2014-10-29,sz.000060,7.4800,7.5200,7.4000,7.5200,7.4600,17074699,127755772.0000,3,0.828451,1,0.804300,0
2014-10-30,sz.000060,7.5500,7.5600,7.4600,7.5000,7.5200,17228279,129372443.0000,3,0.835902,1,-0.266000,0
2014-10-31,sz.000060,7.4900,7.6600,7.4300,7.6000,7.5000,33707538,254532492.0000,3,1.635463,1,1.333300,0
2014-11-03,sz.000060,7.6000,7.7400,7.5600,7.6800,7.6000,29903108,228933008.0000,3,1.450875,1,1.052600,0
2014-11-04,sz.000060,7.6600,7.8000,7.5700,7.7700,7.6800,42563953,329615504.0000,3,2.065169,1,1.171900,0
2014-11-05,sz.000060,7.6600,7.7300,7.5800,7.5900,7.7700,21023838,160524613.0000,3,1.020060,1,-2.316600,0
2014-11-06,sz.000060,7.5700,7.6200,7.4200,7.5100,7.5900,17855485,134439642.0000,3,0.866334,1,-1.054000,0
2014-11-07,sz.000060,7.5100,7.5900,7.3700,7.3800,7.5100,18939816,141925334.0000,3,0.918945,1,-1.731000,0
2014-11-10,sz.000060,7.3800,7.5600,7.3800,7.5500,7.3800,16283605,121819353.0000,3,0.790067,1,2.303500,0
2014-11-11,sz.000060,7.5500,7.8700,7.4800,7.6200,7.5500,43474473,333637136.0000,3,2.109346,1,0.927100,0
2014-11-12,sz.000060,7.6600,7.9200,7.6200,7.9000,7.6200,65491885,512299744.0000,3,3.177614,1,3.674500,0
2014-11-13,sz.000060,7.9300,8.2600,7.7200,8.1600,7.9000,97165192,781311280.0000,3,4.714377,1,3.291100,0
2014-11-14,sz.000060,8.0500,8.1500,7.8500,7.9100,8.1600,43684641,348222992.0000,3,2.119544,1,-3.063700,0
2014-11-17,sz.000060,7.9500,7.9900,7.8100,7.8400,7.9100,27424863,216079074.0000,3,1.330632,1,-0.885000,0
2014-11-18,sz.000060,7.8400,7.8900,7.7100,7.8000,7.8400,23056370,179691639.0000,3,1.118677,1,-0.510200,0
2014-11-19,sz.000060,7.7700,7.8200,7.6800,7.7600,7.8000,19305591,149576774.0000,3,0.936692,1,-0.512800,0
2014-11-20,sz.000060,7.7600,7.8900,7.7200,7.8100,7.7600,15978751,124836424.0000,3,0.775276,1,0.644300,0
2014-11-21,sz.000060,7.8200,7.8700,7.7400,7.8400,7.8100,21498080,167891090.0000,3,1.043070,1,0.384100,0
2014-11-24,sz.000060,7.9800,8.1500,7.9200,8.0100,7.8400,54335306,436781488.0000,3,2.636305,1,2.168400,0
2014-11-25,sz.000060,8.0000,8.4000,7.9500,8.3400,8.0100,71938714,591866416.0000,3,3.490409,1,4.119800,0
2014-11-26,sz.000060,8.3400,8.5500,8.1700,8.2500,8.3400,63080633,526227008.0000,3,3.060622,1,-1.079100,0
2014-11-27,sz.000060,8.3000,8.4900,8.1600,8.3000,8.2500,49694993,411602768.0000,3,2.411161,1,0.606100,0
2014-11-28,sz.000060,8.3000,8.3600,8.1200,8.2100,8.3000,41886188,343662016.0000,3,2.032284,1,-1.084300,0
2014-12-01,sz.000060,8.1400,8.4100,8.0800,8.3000,8.2100,48010416,396029072.0000,3,2.329427,1,1.096200,0
2014-12-02,sz.000060,8.3800,8.4200,8.2300,8.3600,8.3000,46778298,389859072.0000,3,2.269645,1,0.722900,0
2014-12-03,sz.000060,8.3200,9.2000,8.3000,9.2000,8.3600,138754373,1252901232.0000,3,6.732251,1,10.047800,0
2014-12-04,sz.000060,9.5400,10.1200,9.4400,10.1200,9.2000,190107181,1854046032.0000,3,9.223847,1,10.000000,0
2014-12-05,sz.000060,10.2800,10.3500,9.2400,9.9100,10.1200,159695617,1574994736.0000,3,7.748303,1,-2.075100,0
2014-12-08,sz.000060,9.6300,10.2900,9.5300,9.9800,9.9100,106000227,1057315552.0000,3,5.143046,1,0.706400,0
2014-12-09,sz.000060,9.8500,10.8100,9.6100,9.6500,9.9800,134248744,1375628464.0000,3,6.513641,1,-3.306600,0
2014-12-10,sz.000060,9.6500,10.1000,9.5100,10.0800,9.6500,67577983,669377392.0000,3,3.278829,1,4.456000,0
2014-12-11,sz.000060,9.9500,10.4000,9.8700,10.0800,10.0800,56835526,575487888.0000,3,2.757614,1,0.000000,0
2014-12-12,sz.000060,10.0700,10.3300,10.0200,10.1400,10.0800,50600548,515916704.0000,3,2.455098,1,0.595200,0
2014-12-15,sz.000060,10.0500,10.0700,9.7200,9.8900,10.1400,44487883,438196416.0000,3,2.158516,1,-2.465500,0
2014-12-16,sz.000060,9.8700,9.9800,9.5500,9.9200,9.8900,54025242,528550672.0000,3,2.621261,1,0.303300,0
2014-12-17,sz.000060,9.9400,9.9400,9.5500,9.7100,9.9200,48616077,471139296.0000,3,2.358813,1,-2.116900,0
2014-12-18,sz.000060,9.7000,10.1400,9.6200,9.7700,9.7100,55498165,551586080.0000,3,2.692726,1,0.617900,0
2014-12-19,sz.000060,9.7600,10.0300,9.5600,9.8900,9.7700,52519178,515066912.0000,3,2.548188,1,1.228200,0
2014-12-22,sz.000060,10.0800,10.6700,9.8900,10.2500,9.8900,90801118,933853744.0000,3,4.405597,1,3.640000,0
2014-12-23,sz.000060,10.0800,10.0800,9.6000,9.6300,10.2500,42494187,417991232.0000,3,2.061784,1,-6.048800,0
2014-12-24,sz.000060,9.6400,9.7200,9.1100,9.2800,9.6300,42809652,403191792.0000,3,2.077090,1,-3.634500,0
2014-12-25,sz.000060,9.2900,9.5100,9.2300,9.4600,9.2800,30254930,283305040.0000,3,1.467945,1,1.939700,0
2014-12-26,sz.000060,9.4600,9.6700,9.3300,9.6400,9.4600,39347259,374349552.0000,3,1.909097,1,1.902800,0
2014-12-29,sz.000060,9.6900,9.8300,9.4100,9.4800,9.6400,41891213,405264592.0000,3,2.032528,1,-1.659800,0
2014-12-30,sz.000060,9.4800,9.6900,9.3100,9.3300,9.4800,29916934,283163088.0000,3,1.451546,1,-1.582300,0
2014-12-31,sz.000060,9.5600,9.5600,9.3100,9.4900,9.3300,25929658,244737665.0000,3,1.258268,1,1.714900,0
2015-01-05,sz.000060,9.5700,10.4400,9.5200,10.4400,9.4900,50280341,511713120.0000,3,2.439914,1,10.010500,0
2015-01-06,sz.000060,10.8600,11.2800,10.6000,10.8100,10.4400,157124708,1711016464.0000,3,7.624667,1,3.544100,0
2015-01-07,sz.000060,10.5900,11.5000,10.4500,10.9500,10.8100,100781854,1117244128.0000,3,4.890562,1,1.295100,0
2015-01-08,sz.000060,10.7700,11.1900,10.4300,10.6800,10.9500,74400478,802948576.0000,3,3.610373,1,-2.465700,0
2015-01-09,sz.000060,10.6500,10.8500,10.4000,10.4000,10.6800,60786653,646565792.0000,3,2.949746,1,-2.621700,0
2015-01-12,sz.000060,10.2000,10.3300,9.9600,10.1000,10.4000,45379574,458827296.0000,3,2.202099,1,-2.884600,0
2015-01-13,sz.000060,10.0300,10.2100,9.8100,9.9500,10.1000,38675672,386459104.0000,3,1.876784,1,-1.485200,0
2015-01-14,sz.000060,9.8400,9.9000,9.4000,9.6100,9.9500,42409728,410130736.0000,3,2.057983,1,-3.417100,0
2015-01-15,sz.000060,9.5300,9.7500,9.2500,9.7300,9.6100,44184350,420118656.0000,3,2.144099,1,1.248700,0
2015-01-16,sz.000060,9.8900,10.2100,9.7800,9.9300,9.7300,51618573,515022080.0000,3,2.504854,1,2.055500,0
2015-01-19,sz.000060,9.5000,9.7900,8.9400,9.1600,9.9300,55335353,519044640.0000,3,2.685215,1,-7.754300,0
2015-01-20,sz.000060,9.1600,9.4500,9.1600,9.3200,9.1600,35416702,329836128.0000,3,1.718638,1,1.746700,0
2015-01-21,sz.000060,9.4100,9.8900,9.3300,9.7900,9.3200,47044391,453871168.0000,3,2.282886,1,5.042900,0
2015-01-22,sz.000060,9.8600,10.5900,9.7600,10.3200,9.7900,90485794,930950336.0000,3,4.390933,1,5.413700,0
2015-01-23,sz.000060,10.5000,10.6300,10.0300,10.1000,10.3200,63646312,653716720.0000,3,3.088514,1,-2.131800,0
2015-01-26,sz.000060,10.0000,10.3800,9.9400,10.3300,10.1000,42307473,434191632.0000,3,2.053021,1,2.277200,0
2015-01-27,sz.000060,10.4100,11.2000,10.4000,10.7600,10.3300,95013291,1023693520.0000,3,4.610635,1,4.162600,0
2015-01-28,sz.000060,10.5800,10.6900,10.3600,10.4200,10.7600,43766856,460623824.0000,3,2.123840,1,-3.159900,0
2015-01-29,sz.000060,10.2500,10.4400,10.0500,10.1900,10.4200,32092801,328095952.0000,3,1.557342,1,-2.207300,0
2015-01-30,sz.000060,10.2500,10.5500,10.1900,10.2900,10.1900,33122169,342636672.0000,3,1.607293,1,0.981400,0
2015-02-02,sz.000060,10.1500,10.4400,10.1000,10.1800,10.2900,24540382,252216869.0000,3,1.190852,1,-1.069000,0
2015-02-03,sz.000060,10.3000,10.3400,9.9500,10.2000,10.1800,29690661,300129984.0000,3,1.440775,1,0.196500,0
2015-02-04,sz.000060,10.3800,10.5000,10.0800,10.1100,10.2000,31122990,320782640.0000,3,1.510281,1,-0.882400,0
2015-02-05,sz.000060,10.4000,10.4800,10.0200,10.0200,10.1100,31220749,318766768.0000,3,1.515025,1,-0.890200,0
2015-02-06,sz.000060,9.9500,9.9600,9.5500,9.5900,10.0200,29157957,283406384.0000,3,1.414925,1,-4.291400,0
2015-02-09,sz.000060,9.5600,9.6700,9.3800,9.5700,9.5900,17614657,168425352.0000,3,0.854773,1,-0.208600,0
2015-02-10,sz.000060,9.6300,9.8500,9.5700,9.8100,9.5700,19829901,192935830.0000,3,0.962270,1,2.507800,0
2015-02-11,sz.000060,9.7700,9.8500,9.5800,9.8100,9.8100,29122599,282938304.0000,3,1.413209,1,0.000000,0
2015-02-12,sz.000060,9.8500,9.8800,9.7000,9.8200,9.8100,14311283,139883491.0000,3,0.694472,1,0.101900,0
2015-02-13,sz.000060,9.9300,10.3400,9.8800,10.1500,9.8200,34197854,348560256.0000,3,1.659492,1,3.360500,0
2015-02-16,sz.000060,10.2700,10.4400,10.1900,10.3900,10.1500,32396645,334788816.0000,3,1.572086,1,2.364500,0
2015-02-17,sz.000060,10.4000,10.4800,10.3000,10.3800,10.3900,22359373,232433406.0000,3,1.085016,1,-0.096200,0
2015-02-25,sz.000060,10.4000,10.4000,10.1100,10.1700,10.3800,22001453,224461686.0000,3,1.067647,1,-2.023100,0
2015-02-26,sz.000060,10.1600,10.7700,10.1300,10.6900,10.1700,48003851,503919184.0000,3,2.329445,1,5.113100,0
2015-02-27,sz.000060,10.6800,10.8000,10.5000,10.5700,10.6900,36043025,383651488.0000,3,1.749031,1,-1.122500,0
2015-03-02,sz.000060,10.7700,11.3000,10.6500,10.8800,10.5700,78703488,864866128.0000,3,3.819182,1,2.932800,0
2015-03-03,sz.000060,10.7900,11.8500,10.7200,11.3000,10.8800,105915350,1199923920.0000,3,5.139671,1,3.860300,0
2015-03-04,sz.000060,11.3000,11.5600,11.0300,11.2200,11.3000,54667650,614849840.0000,3,2.652814,1,-0.708000,0
2015-03-05,sz.000060,11.1500,11.3800,11.1000,11.3000,11.2200,40487765,455410960.0000,3,1.964718,1,0.713000,0
2015-03-06,sz.000060,11.3000,11.7400,10.8900,11.3000,11.3000,72017449,816404528.0000,3,3.494734,1,0.000000,0
2015-03-09,sz.000060,11.0900,11.6500,10.9100,11.6400,11.3000,53851443,609556896.0000,3,2.613207,1,3.008900,0
2015-03-10,sz.000060,11.6500,11.7500,11.4100,11.4500,11.6400,44040563,511085056.0000,3,2.137122,1,-1.632300,0
2015-03-11,sz.000060,11.4500,11.6800,11.2500,11.4500,11.4500,42873588,492058928.0000,3,2.080493,1,0.000000,0
2015-03-12,sz.000060,11.4000,11.6400,11.2500,11.3200,11.4500,37566466,428080800.0000,3,1.822958,1,-1.135400,0
2015-03-13,sz.000060,11.3600,11.6400,11.2000,11.4500,11.3200,41676531,477376496.0000,3,2.022404,1,1.148400,0
2015-03-16,sz.000060,11.4900,11.7500,11.3600,11.6800,11.4500,55321846,641215392.0000,3,2.683538,1,2.008700,0
2015-03-17,sz.000060,11.8000,11.8000,11.4600,11.6200,11.6800,68280509,791672512.0000,3,3.312133,1,-0.513700,0
2015-03-18,sz.000060,11.6300,12.0700,11.5000,11.9900,11.6200,84321168,988035760.0000,3,4.090230,1,3.184200,0
2015-03-19,sz.000060,12.1300,12.7900,12.1300,12.3000,11.9900,119486517,1489750544.0000,3,5.796021,1,2.585500,0
2015-03-20,sz.000060,12.3000,12.4600,12.1200,12.3200,12.3000,60553174,743784176.0000,3,2.937298,1,0.162600,0
2015-03-23,sz.000060,12.7000,13.3700,12.5500,12.8400,12.3200,91697170,1184150832.0000,3,4.448023,1,4.220800,0
2015-03-24,sz.000060,12.9600,13.1600,12.5100,12.9900,12.8400,84625517,1088258144.0000,3,4.104993,1,1.168200,0
2015-03-25,sz.000060,13.0000,13.1000,12.5100,12.5500,12.9900,64884560,827269872.0000,3,3.147404,1,-3.387200,0
2015-03-26,sz.000060,12.4400,12.7100,12.1500,12.4000,12.5500,46540394,579081312.0000,3,2.257570,1,-1.195200,0
2015-03-27,sz.000060,12.5400,12.8500,12.5400,12.6000,12.4000,48054822,608988400.0000,3,2.331031,1,1.612900,0
2015-03-30,sz.000060,12.6000,12.9500,12.4000,12.8800,12.6000,65913772,836196656.0000,3,3.197328,1,2.222200,0
2015-03-31,sz.000060,12.9800,13.2400,12.7000,12.7500,12.8800,81565266,1058936752.0000,3,3.956547,1,-1.009300,0
2015-04-01,sz.000060,12.7200,13.2000,12.6800,13.0900,12.7500,67153329,873564208.0000,3,3.257456,1,2.666700,0
2015-04-02,sz.000060,13.1100,13.8800,12.9100,13.8500,13.0900,101339759,1346711712.0000,3,4.915763,1,5.806000,0
2015-04-03,sz.000060,13.6700,14.5000,13.4100,14.1000,13.8500,94419721,1319731776.0000,3,4.580088,1,1.805100,0
2015-04-07,sz.000060,14.6100,15.5100,14.6100,15.5100,14.1000,156582893,2407378976.0000,3,7.595483,1,10.000000,0
2015-04-08,sz.000060,15.5200,15.6000,14.6500,15.1000,15.5100,121478982,1837079744.0000,3,5.892671,1,-2.643500,0
2015-04-09,sz.000060,15.2900,15.3000,14.2000,14.6400,15.1000,82825061,1217932288.0000,3,4.017657,1,-3.046400,0
2015-04-10,sz.000060,14.7000,15.6000,14.7000,15.5000,14.6400,92461205,1417081072.0000,3,4.485084,1,5.874300,0
2015-04-13,sz.000060,15.8000,16.3500,15.4900,16.1800,15.5000,96525431,1545653360.0000,3,4.682231,1,4.387100,0
2015-04-14,sz.000060,16.2900,16.9000,15.8900,16.2600,16.1800,84923339,1391525184.0000,3,4.119440,1,0.494400,0
2015-04-15,sz.000060,16.0000,16.7200,15.7000,15.7000,16.2600,74322826,1195920704.0000,3,3.605233,1,-3.444000,0
2015-04-16,sz.000060,15.6500,16.3500,15.0200,16.0500,15.7000,73873445,1170215168.0000,3,3.583434,1,2.229300,0
2015-04-17,sz.000060,16.6300,17.3900,16.5200,16.9600,16.0500,121681404,2074457392.0000,3,5.902490,1,5.669800,0
2015-04-20,sz.000060,16.9600,17.4700,16.3600,16.8200,16.9600,129881342,2205629328.0000,3,6.300251,1,-0.825500,0
2015-04-21,sz.000060,16.8000,17.5400,16.4800,17.4900,16.8200,97449906,1655205808.0000,3,4.727075,1,3.983400,0
2015-04-22,sz.000060,17.5300,19.2400,17.5000,19.2400,17.4900,143251596,2680508816.0000,3,6.948812,1,10.005700,0
2015-04-23,sz.000060,19.2000,20.2600,18.7600,19.6000,19.2400,129886670,2520629408.0000,3,6.300509,1,1.871100,0
2015-04-24,sz.000060,19.5000,19.5500,18.6800,19.2000,19.6000,85762419,1642931536.0000,3,4.160141,1,-2.040800,0
2015-04-27,sz.000060,19.4200,19.7100,18.8200,19.1900,19.2000,79806779,1529374736.0000,3,3.871247,1,-0.052100,0
2015-04-28,sz.000060,19.1900,19.4700,18.0000,18.1400,19.1900,87141390,1619424768.0000,3,4.227032,1,-5.471600,0
2015-04-29,sz.000060,18.1400,19.0000,18.0100,18.5700,18.1400,83384569,1551169040.0000,3,4.044797,1,2.370500,0
2015-04-30,sz.000060,18.7000,18.8700,18.1500,18.2400,18.5700,63646959,1171612320.0000,3,3.087370,1,-1.777100,0
2015-05-04,sz.000060,18.2300,18.5300,18.1600,18.3000,18.2400,57099395,1044856720.0000,3,2.769763,1,0.328900,0
2015-05-05,sz.000060,18.3200,18.4900,16.5800,16.9100,18.3000,79018344,1382170512.0000,3,3.833002,1,-7.595600,0
2015-05-06,sz.000060,17.2000,17.3400,16.2000,16.4500,16.9100,68090877,1152210912.0000,3,3.302935,1,-2.720300,0
2015-05-07,sz.000060,16.3500,16.7800,16.1000,16.4100,16.4500,52524904,860525888.0000,3,2.547865,1,-0.243200,0
2015-05-08,sz.000060,16.6400,16.8600,16.1900,16.7900,16.4100,45460393,754090864.0000,3,2.205181,1,2.315700,0
2015-05-11,sz.000060,17.1000,18.0700,16.7200,18.0300,16.7900,78357389,1365046880.0000,3,3.800940,1,7.385300,0
2015-05-12,sz.000060,18.0300,18.2400,17.8100,18.1600,18.0300,63730070,1148265136.0000,3,3.091402,1,0.721000,0
2015-05-13,sz.000060,18.1200,18.8000,17.8900,18.2900,18.1600,67645654,1243131840.0000,3,3.281338,1,0.715900,0
2015-05-14,sz.000060,18.3000,18.5000,17.6000,18.3400,18.2900,82469670,1490000464.0000,3,4.000418,1,0.273400,0
2015-05-15,sz.000060,18.4000,18.6100,17.6400,17.8000,18.3400,62390842,1128775744.0000,3,3.026439,1,-2.944400,0
2015-05-18,sz.000060,17.7000,17.7000,16.8000,16.9800,17.8000,86233305,1487158272.0000,3,4.182983,1,-4.606700,0
2015-05-19,sz.000060,17.0300,18.0700,17.0300,17.9400,16.9800,73984526,1308392336.0000,3,3.588822,1,5.653700,0
2015-05-20,sz.000060,18.0000,18.8000,17.9900,18.4000,17.9400,92497632,1715893136.0000,3,4.486851,1,2.564100,0
2015-05-21,sz.000060,18.7000,18.9800,18.2100,18.6200,18.4000,69803659,1292305920.0000,3,3.386018,1,1.195700,0
2015-05-22,sz.000060,18.7000,19.8000,18.7000,19.5300,18.6200,113298502,2178048656.0000,3,5.495855,1,4.887200,0
2015-05-25,sz.000060,19.5500,20.5900,19.5500,20.0300,19.5300,125061957,2529602768.0000,3,6.066473,1,2.560200,0
2015-05-26,sz.000060,20.2100,22.0300,19.6000,22.0300,20.0300,135703110,2839805712.0000,3,6.582652,1,9.985000,0
2015-05-27,sz.000060,22.3900,24.2000,22.0900,23.5700,22.0300,147558218,3420543520.0000,3,7.157716,1,6.990500,0
2015-05-28,sz.000060,23.5800,23.5800,21.2100,21.2100,23.5700,133268707,2977531648.0000,3,6.464564,1,-10.012700,0
2015-05-29,sz.000060,21.1500,21.5500,19.1000,20.7000,21.2100,113453735,2319456096.0000,3,5.503385,1,-2.404500,0
2015-06-01,sz.000060,20.9900,22.5000,20.9900,22.1800,20.7000,99627652,2184662928.0000,3,4.832713,1,7.149800,0
2015-06-02,sz.000060,22.2200,24.4000,22.2200,24.4000,22.1800,117011775,2760544640.0000,3,5.675977,1,10.009000,0
2015-06-03,sz.000060,25.0000,25.8300,23.3500,25.1200,24.4000,140350885,3499333888.0000,3,6.808105,1,2.950800,0
2015-06-04,sz.000060,25.0000,27.6300,22.8800,27.6300,25.1200,191762373,4923114240.0000,3,9.301960,1,9.992000,0
2015-06-05,sz.000060,28.0500,29.6000,27.4000,29.0000,27.6300,214690943,6115913216.0000,3,10.414173,1,4.958400,0
2015-06-08,sz.000060,28.3800,28.3800,26.6100,26.7600,29.0000,170953597,4664303616.0000,3,8.292573,1,-7.724100,0
2015-06-09,sz.000060,26.3600,27.5600,25.5000,26.6900,26.7600,114150881,3044994768.0000,3,5.537202,1,-0.261600,0
2015-06-10,sz.000060,26.6100,27.1000,25.7200,26.7000,26.6600,96791417,2567469408.0000,3,4.695133,1,0.150000,0
2015-06-11,sz.000060,26.7000,26.8700,26.0500,26.3800,26.7000,88074650,2329044512.0000,3,4.272303,1,-1.198500,0
2015-06-12,sz.000060,26.4100,26.7500,25.6900,25.9000,26.3800,104568844,2724862320.0000,3,5.072399,1,-1.819600,0
2015-06-15,sz.000060,26.0000,26.5800,25.5200,25.9300,25.9000,101910255,2668689744.0000,3,4.943437,1,0.115800,0
2015-06-16,sz.000060,25.6000,25.6000,23.3400,23.4500,25.9300,119092799,2880747136.0000,3,5.776923,1,-9.564200,0
2015-06-17,sz.000060,23.4400,25.2800,22.0000,23.9000,23.4500,117223684,2714135088.0000,3,5.686256,1,1.919000,0
2015-06-18,sz.000060,23.8000,24.8800,23.3000,23.9700,23.9000,75588278,1826888288.0000,3,3.666617,1,0.292900,0
2015-06-19,sz.000060,23.3600,24.3000,22.7400,22.9800,23.9700,69628460,1644063296.0000,3,3.377520,1,-4.130200,0
2015-06-23,sz.000060,22.9800,23.5200,20.6800,22.3900,22.9800,75952709,1665769520.0000,3,3.684295,1,-2.567500,0
2015-06-24,sz.000060,22.6200,23.1700,22.1500,23.1500,22.3900,81320927,1851968864.0000,3,3.944695,1,3.394400,0
2015-06-25,sz.000060,23.2600,24.0000,21.1600,21.9900,23.1500,89292550,2065950064.0000,3,4.331380,1,-5.010800,0
2015-06-26,sz.000060,21.0000,21.0000,19.7900,19.7900,21.9900,73549265,1484619120.0000,3,3.567709,1,-10.004500,0
2015-06-29,sz.000060,20.4000,20.6000,17.8100,17.8100,19.7900,100160609,1850751264.0000,3,4.858565,1,-10.005100,0
2015-06-30,sz.000060,16.9900,18.7100,16.0300,18.5900,17.8100,123433260,2131437504.0000,3,5.987771,1,4.379600,0
2015-07-01,sz.000060,18.2700,18.7000,16.7300,16.7300,18.5900,88009298,1575548224.0000,3,4.269348,1,-10.005400,0
2015-07-02,sz.000060,16.2800,16.7300,15.0600,15.0600,16.7300,81503606,1265831024.0000,3,3.953755,1,-9.982100,0
2015-07-03,sz.000060,13.7700,14.8600,13.5500,13.5500,15.0600,99305265,1368737984.0000,3,4.817317,1,-10.026600,0
2015-07-06,sz.000060,14.8800,14.8800,12.2000,12.2000,13.5500,106217675,1396349120.0000,3,5.152640,1,-9.963100,0
2015-07-07,sz.000060,11.3000,11.3000,10.9800,10.9800,12.2000,73369971,806499984.0000,3,3.559191,1,-10.000000,0
2015-07-08,sz.000060,10.9800,10.9800,10.9800,10.9800,10.9800,0,0.0000,3,,0,0.000000,0
2015-07-09,sz.000060,10.9800,10.9800,10.9800,10.9800,10.9800,0,0.0000,3,,0,0.000000,0
2015-07-10,sz.000060,10.9800,10.9800,10.9800,10.9800,10.9800,0,0.0000,3,,0,0.000000,0
2015-07-13,sz.000060,10.9800,10.9800,10.9800,10.9800,10.9800,0,0.0000,3,,0,0.000000,0
2015-07-14,sz.000060,10.9800,10.9800,10.9800,10.9800,10.9800,0,0.0000,3,,0,0.000000,0
2015-07-15,sz.000060,12.0800,12.0800,12.0800,12.0800,10.9800,9714141,117346823.0000,3,0.471235,1,10.018200,0
2015-07-16,sz.000060,12.0800,13.2900,10.9700,13.0300,12.0800,161567016,2013259600.0000,3,7.837647,1,7.864200,0
2015-07-17,sz.000060,13.2000,14.3300,13.1000,14.3300,13.0300,116585076,1617735536.0000,3,5.655564,1,9.977000,0
2015-07-20,sz.000060,14.6300,15.1800,14.0600,14.8000,14.3300,133193951,1962845920.0000,3,6.461264,1,3.279800,0
2015-07-21,sz.000060,14.5000,15.5000,14.2000,15.1500,14.8000,102341933,1529908208.0000,3,4.964627,1,2.364900,0
2015-07-22,sz.000060,15.0900,15.2400,14.4000,14.8400,15.1500,106521751,1577132688.0000,3,5.167390,1,-2.046200,0
2015-07-23,sz.000060,14.8800,15.8100,14.5600,15.7200,14.8400,128310234,1959891056.0000,3,6.224354,1,5.929900,0
2015-07-24,sz.000060,15.7000,16.4700,15.1000,15.4800,15.7200,148487806,2349583088.0000,3,7.203172,1,-1.526700,0
2015-07-27,sz.000060,15.0000,15.6000,13.9300,13.9300,15.4800,99554282,1478623120.0000,3,4.829397,1,-10.012900,0
2015-07-28,sz.000060,12.8100,13.9300,12.5400,12.8900,13.9300,124430707,1610629616.0000,3,6.036157,1,-7.465900,0
2015-07-29,sz.000060,13.3000,14.0400,12.8100,13.9500,12.8900,81635466,1080380432.0000,3,3.960152,1,8.223400,0
2015-07-30,sz.000060,13.8800,14.5700,13.4500,13.6000,13.9500,89548863,1261830752.0000,3,4.344032,1,-2.509000,0
2015-07-31,sz.000060,13.3200,13.8000,13.0300,13.4600,13.6000,71537650,959486000.0000,3,3.470305,1,-1.029400,0
2015-08-03,sz.000060,12.9400,13.3600,12.2500,13.0500,13.4600,69954140,897438608.0000,3,3.393489,1,-3.046100,0
2015-08-04,sz.000060,13.0500,14.1200,13.0000,14.1000,13.0500,62802427,851247344.0000,3,3.046558,1,8.046000,0
2015-08-05,sz.000060,13.9800,14.2500,13.4000,13.5900,14.1000,60276160,834158144.0000,3,2.924008,1,-3.617000,0
2015-08-06,sz.000060,13.1100,13.7700,13.0000,13.3900,13.5900,42033402,564323552.0000,3,2.039048,1,-1.471700,0
2015-08-07,sz.000060,13.5500,14.0700,13.5500,13.9000,13.3900,54568536,755358736.0000,3,2.647130,1,3.808800,0
2015-08-10,sz.000060,14.1000,15.0000,14.0600,14.8300,13.9000,81573239,1188700928.0000,3,3.957133,1,6.690600,0
2015-08-11,sz.000060,14.9000,15.7300,14.8300,15.1700,14.8300,112620334,1729200464.0000,3,5.463234,1,2.292700,0
2015-08-12,sz.000060,14.5000,15.6400,14.5000,15.0300,15.1700,96192382,1449928672.0000,3,4.666311,1,-0.922900,0
2015-08-13,sz.000060,14.7500,16.3100,14.7000,16.1200,15.0300,120406710,1862483072.0000,3,5.840952,1,7.252200,0
2015-08-14,sz.000060,16.3900,16.9000,15.7600,15.7900,16.1200,122315523,1996916624.0000,3,5.933549,1,-2.047200,0
2015-08-17,sz.000060,16.4500,17.3700,16.2000,17.3700,15.7900,135107303,2265689424.0000,3,6.554081,1,10.006300,0
2015-08-18,sz.000060,17.8000,18.1800,15.6300,15.6300,17.3700,159562732,2702023184.0000,3,7.740418,1,-10.017300,0
2015-08-19,sz.000060,15.0000,16.7900,14.2800,16.2900,15.6300,110895576,1694963440.0000,3,5.379565,1,4.222700,0
2015-08-20,sz.000060,16.0000,16.9000,15.6800,15.6800,16.2900,96693042,1574136640.0000,3,4.690598,1,-3.744600,0
2015-08-21,sz.000060,15.3000,15.9500,14.4000,14.4800,15.6800,73346971,1105107344.0000,3,3.558075,1,-7.653100,0
2015-08-24,sz.000060,13.6800,13.9800,13.0300,13.0300,14.4800,41605239,547992896.0000,3,2.018278,1,-10.013800,0
2015-08-25,sz.000060,11.7300,12.1300,11.7300,11.7300,13.0300,45582400,536169248.0000,3,2.211211,1,-9.977000,0
2015-08-26,sz.000060,11.8000,12.0500,10.5600,10.5600,11.7300,98745723,1097219056.0000,3,4.790174,1,-9.974400,0
2015-08-27,sz.000060,10.6400,11.1000,9.5000,10.5400,10.5600,98643892,1019817680.0000,3,4.785234,1,-0.189400,0
2015-08-28,sz.000060,10.9100,11.5900,10.6400,11.5900,10.5400,99072062,1094393808.0000,3,4.806005,1,9.962100,0
2015-08-31,sz.000060,11.4000,11.4800,10.8000,11.2300,11.5900,72526771,806007168.0000,3,3.518287,1,-3.106100,0
2015-09-01,sz.000060,11.0900,11.0900,10.1500,10.6800,11.2300,73080117,766915344.0000,3,3.545130,1,-4.897600,0
2015-09-02,sz.000060,10.0000,10.9200,9.8100,10.7700,10.6800,72388042,763981024.0000,3,3.511558,1,0.842700,0
2015-09-07,sz.000060,10.9500,11.3900,10.4900,10.7000,10.7700,45440003,501541152.0000,3,2.204303,1,-0.650000,0
2015-09-08,sz.000060,10.6000,11.1700,10.0700,11.1000,10.7000,44242710,471794688.0000,3,2.146222,1,3.738300,0
2015-09-09,sz.000060,11.3400,12.0800,11.1800,11.9400,11.1000,77193599,896619712.0000,3,3.744676,1,7.567600,0
2015-09-10,sz.000060,11.6000,11.9300,11.4000,11.4500,11.9400,41821457,488851536.0000,3,2.028767,1,-4.103900,0
2015-09-11,sz.000060,11.5000,11.8000,11.3200,11.5500,11.4500,35243927,406974320.0000,3,1.709690,1,0.873400,0
2015-09-14,sz.000060,11.6100,11.7900,10.4000,10.4000,11.5500,55813241,612329792.0000,3,2.707511,1,-9.956700,0
2015-09-15,sz.000060,10.0600,10.2200,9.3600,9.3600,10.4000,49191161,476679312.0000,3,2.386273,1,-10.000000,0
2015-09-16,sz.000060,9.4300,10.3000,9.0700,10.2900,9.3600,55148449,536093008.0000,3,2.675262,1,9.935900,0
2015-09-17,sz.000060,10.1000,10.6000,9.7600,9.7800,10.2900,58167516,594799504.0000,3,2.821717,1,-4.956300,0
2015-09-18,sz.000060,9.9100,10.0400,9.5700,9.8500,9.7800,34919980,342471248.0000,3,1.693975,1,0.715800,0
2015-09-21,sz.000060,9.5200,10.3400,9.5000,10.2300,9.8500,47948186,476985696.0000,3,2.325976,1,3.857900,0
2015-09-22,sz.000060,10.3000,10.5600,10.1000,10.2900,10.2300,57942466,598516848.0000,3,2.810800,1,0.586500,0
2015-09-23,sz.000060,9.9700,10.1300,9.8100,9.9100,10.2900,39833146,397232224.0000,3,1.932313,1,-3.692900,0
2015-09-24,sz.000060,10.0000,10.1300,9.8800,10.0400,9.9100,27369424,273860688.0000,3,1.327696,1,1.311800,0
2015-09-25,sz.000060,10.0300,10.2400,9.5000,9.5700,10.0400,39861845,391026496.0000,3,1.933706,1,-4.681300,0
2015-09-28,sz.000060,9.5600,9.7600,9.3200,9.7500,9.5700,22218157,212762914.0000,3,1.077807,1,1.880900,0
2015-09-29,sz.000060,9.5500,9.5500,9.2400,9.3300,9.7500,25645794,241231648.0000,3,1.244082,1,-4.307700,0
2015-09-30,sz.000060,9.4000,9.4800,9.2800,9.3900,9.3300,21831546,205148362.0000,3,1.059052,1,0.643100,0
2015-10-08,sz.000060,9.9000,9.9800,9.7000,9.7900,9.3900,32218414,316982320.0000,3,1.562921,1,4.259800,0
2015-10-09,sz.000060,9.7200,10.7700,9.7200,10.7700,9.7900,77126758,803225232.0000,3,3.741434,1,10.010200,0
2015-10-12,sz.000060,11.8000,11.8500,11.3900,11.8500,10.7700,65468662,766519552.0000,3,3.175897,1,10.027900,0
2015-10-13,sz.000060,11.9200,12.2900,11.6000,12.1100,11.8500,158019674,1883315968.0000,3,7.665564,1,2.194100,0
2015-10-14,sz.000060,11.8500,12.4600,11.6600,11.6800,12.1100,102037082,1225064736.0000,3,4.949838,1,-3.550800,0
2015-10-15,sz.000060,11.6500,12.2800,11.6300,12.0600,11.6800,95149256,1142768208.0000,3,4.615708,1,3.253400,0
2015-10-16,sz.000060,12.1200,12.8900,12.0800,12.4900,12.0600,97141900,1211853968.0000,3,4.712372,1,3.565500,0
2015-10-19,sz.000060,12.3500,12.4000,11.9800,12.1600,12.4900,74854106,909185936.0000,3,3.631187,1,-2.642100,0
2015-10-20,sz.000060,12.1000,12.3000,11.7500,12.3000,12.1600,60948464,731641888.0000,3,2.956622,1,1.151300,0
2015-10-21,sz.000060,12.1900,12.2500,11.0700,11.0700,12.3000,93108906,1084187488.0000,3,4.516731,1,-10.000000,0
2015-10-22,sz.000060,11.0000,11.5500,10.8300,11.3900,11.0700,77079899,865528848.0000,3,3.739161,1,2.890700,0
2015-10-23,sz.000060,11.5500,11.8400,11.3300,11.7800,11.3900,72766252,845231680.0000,3,3.529905,1,3.424100,0
2015-10-26,sz.000060,12.0800,12.5300,11.9000,12.0500,11.7800,93746745,1144037968.0000,3,4.547672,1,2.292000,0
2015-10-27,sz.000060,11.8000,12.1000,11.2300,12.0200,12.0500,62993651,738843312.0000,3,3.055834,1,-0.249000,0
2015-10-28,sz.000060,11.8500,12.1400,11.5000,11.7200,12.0200,60208938,714306096.0000,3,2.920747,1,-2.495800,0
2015-10-29,sz.000060,11.8000,12.1400,11.6200,11.8300,11.7200,50924702,607165472.0000,3,2.470367,1,0.938600,0
2015-10-30,sz.000060,11.7300,11.8000,11.3600,11.4600,11.8300,46979405,543641392.0000,3,2.278980,1,-3.127600,0
2015-11-02,sz.000060,11.0900,11.4300,10.9800,11.0800,11.4600,32403784,361977920.0000,3,1.571914,1,-3.315900,0
2015-11-03,sz.000060,11.1700,11.3100,11.0000,11.1300,11.0800,23463297,261479593.0000,3,1.138209,1,0.451300,0
2015-11-04,sz.000060,11.2000,11.7900,11.1800,11.7800,11.1300,46045668,532134608.0000,3,2.233684,1,5.840100,0
2015-11-05,sz.000060,11.7700,12.6400,11.6000,12.1400,11.7800,100415576,1222159632.0000,3,4.871179,1,3.056000,0
2015-11-06,sz.000060,12.0000,12.5000,11.9700,12.3800,12.1400,78799538,967809872.0000,3,3.822581,1,1.976900,0
2015-11-09,sz.000060,12.3000,12.7700,12.0000,12.5100,12.3800,90823137,1129154256.0000,3,4.405848,1,1.050100,0
2015-11-10,sz.000060,12.4500,13.7600,12.3700,13.7600,12.5100,135214913,1776777408.0000,3,6.559301,1,9.992000,0
2015-11-11,sz.000060,13.9800,14.3300,13.0200,13.6300,13.7600,131485415,1822576064.0000,3,6.378382,1,-0.944800,0
2015-11-12,sz.000060,13.5000,14.4500,13.4500,13.7600,13.6300,103499147,1450152320.0000,3,5.020763,1,0.953800,0
2015-11-13,sz.000060,13.5000,13.5200,12.6600,12.8500,13.7600,86791232,1137335504.0000,3,4.210259,1,-6.613400,0
2015-11-16,sz.000060,12.4100,13.1700,12.3600,13.0100,12.8500,65516194,845039872.0000,3,3.178203,1,1.245100,0
2015-11-17,sz.000060,13.2000,13.4400,12.8500,12.9300,13.0100,68442490,900385296.0000,3,3.320158,1,-0.614900,0
2015-11-18,sz.000060,12.7500,12.9800,12.4500,12.4600,12.9300,45768450,582381280.0000,3,2.220236,1,-3.635000,0
2015-11-19,sz.000060,12.4600,12.9000,12.4600,12.8500,12.4600,36871697,468166096.0000,3,1.788653,1,3.130000,0
2015-11-20,sz.000060,12.8700,13.5000,12.7400,13.2100,12.8500,65088631,856391440.0000,3,3.157462,1,2.801600,0
2015-11-23,sz.000060,13.4800,13.5500,12.7900,12.8300,13.2100,62077058,813886032.0000,3,3.011370,1,-2.876600,0
2015-11-24,sz.000060,12.7100,12.8600,12.4000,12.8600,12.8300,39870624,502960032.0000,3,1.934132,1,0.233800,0
2015-11-25,sz.000060,13.0500,13.1400,12.8300,12.9500,12.8600,41132874,533316672.0000,3,1.995364,1,0.699800,0
2015-11-26,sz.000060,13.0200,14.2500,12.7800,13.5900,12.9500,141114429,1936055216.0000,3,6.845488,1,4.942100,0
2015-11-27,sz.000060,13.2900,13.5300,12.2300,12.2800,13.5900,100622756,1305077168.0000,3,4.881229,1,-9.639400,0
2015-11-30,sz.000060,12.4000,12.5500,11.6100,12.2500,12.2800,54111397,658742352.0000,3,2.624954,1,-0.244300,0
2015-12-01,sz.000060,12.2400,12.7600,12.1000,12.5200,12.2500,43149234,537119632.0000,3,2.093178,1,2.204100,0
2015-12-02,sz.000060,12.5500,13.6000,12.5400,13.0900,12.5200,67646490,880520976.0000,3,3.281544,1,4.552700,0
2015-12-03,sz.000060,12.9900,13.3900,12.7500,13.2100,13.0900,48740269,639354592.0000,3,2.364400,1,0.916700,0
2015-12-04,sz.000060,13.1000,13.7500,13.0000,13.3300,13.2100,63570492,854942000.0000,3,3.083817,1,0.908400,0
2015-12-07,sz.000060,13.5300,13.9500,13.3600,13.6300,13.3300,59144758,808906816.0000,3,2.869123,1,2.250600,0
2015-12-08,sz.000060,13.3000,13.8800,12.9200,13.7900,13.6300,71814683,964469584.0000,3,3.483744,1,1.173900,0
2015-12-09,sz.000060,13.7600,14.4300,13.6000,13.7700,13.7900,92339745,1294456416.0000,3,4.479419,1,-0.145000,0
2015-12-10,sz.000060,13.5700,13.7000,13.0200,13.1600,13.7700,71678501,954653968.0000,3,3.477138,1,-4.429900,0
2015-12-11,sz.000060,13.0100,14.4800,13.0000,14.0400,13.1600,104340211,1442573584.0000,3,5.061563,1,6.686900,0
2015-12-14,sz.000060,13.9700,15.4400,13.8500,15.4400,14.0400,157829795,2355441680.0000,3,7.656353,1,9.971500,0
2015-12-15,sz.000060,15.5000,16.0400,14.9900,15.6600,15.4400,154990686,2391283808.0000,3,7.518628,1,1.424900,0
2015-12-16,sz.000060,15.4000,16.2200,15.2900,15.6100,15.6600,139471284,2199380480.0000,3,6.765778,1,-0.319300,0
2015-12-17,sz.000060,15.7100,16.0000,15.2700,15.6100,15.6100,120831222,1882946224.0000,3,5.861545,1,0.000000,0
2015-12-18,sz.000060,15.3000,15.5900,14.8500,15.1600,15.6100,108934150,1651628784.0000,3,5.284416,1,-2.882800,0
2015-12-21,sz.000060,15.2000,15.5500,15.0000,15.5200,15.1600,95093594,1457241296.0000,3,4.613008,1,2.374700,0
2015-12-22,sz.000060,15.9700,16.1700,15.3300,15.4700,15.5200,116045729,1831451616.0000,3,5.629400,1,-0.322200,0
2015-12-23,sz.000060,15.3000,15.3200,14.7100,14.8200,15.4700,94652356,1416889360.0000,3,4.591604,1,-4.201700,0
2015-12-24,sz.000060,14.9500,15.1100,14.5000,14.8900,14.8200,48949518,726803280.0000,3,2.374550,1,0.472300,0
2015-12-25,sz.000060,14.8600,15.0500,14.6200,14.9000,14.8900,46326315,687386768.0000,3,2.247298,1,0.067200,0
2015-12-28,sz.000060,14.9000,14.9200,13.9500,14.0200,14.9000,83336530,1201902528.0000,3,4.042671,1,-5.906000,0
2015-12-29,sz.000060,13.8600,13.9800,13.6100,13.9700,14.0200,55099365,761427008.0000,3,2.672881,1,-0.356600,0
2015-12-30,sz.000060,14.2700,14.3300,13.8100,14.3200,13.9700,67571647,955904240.0000,3,3.277913,1,2.505400,0
2015-12-31,sz.000060,14.3100,14.6500,13.9500,14.0300,14.3200,51973477,747117248.0000,3,2.520781,1,-2.025100,0
2016-01-04,sz.000060,14.0100,14.2500,12.6300,12.6300,14.0300,46738867,629345552.0000,3,2.266896,1,-9.978600,0
2016-01-05,sz.000060,11.9000,12.6300,11.4400,12.1700,12.6300,71956186,871805904.0000,3,3.489969,1,-3.642100,0
2016-01-06,sz.000060,12.2500,13.2900,12.1400,13.0800,12.1700,87733774,1120119840.0000,3,4.255202,1,7.477400,0
2016-01-07,sz.000060,12.7400,12.8400,11.7700,11.7800,13.0800,20836138,255637333.0000,3,1.010580,1,-9.938800,0
2016-01-08,sz.000060,12.1700,12.8400,11.4000,12.6000,11.7800,70415314,876254464.0000,3,3.415234,1,6.961000,0
2016-01-11,sz.000060,12.3000,12.8800,11.4100,11.4900,12.6000,62362247,761209808.0000,3,3.024650,1,-8.809500,0
2016-01-12,sz.000060,11.6500,11.8800,11.0000,11.2500,11.4900,39787819,453866720.0000,3,1.929761,1,-2.088800,0
2016-01-13,sz.000060,11.3300,11.5400,10.6500,10.6600,11.2500,38626612,430405856.0000,3,1.873441,1,-5.244400,0
2016-01-14,sz.000060,10.2800,11.1300,10.0400,11.1000,10.6600,43925731,464666720.0000,3,2.130455,1,4.127600,0
2016-01-15,sz.000060,11.0400,11.0400,9.9900,10.1100,11.1000,61239657,634503248.0000,3,2.970203,1,-8.918900,0
2016-01-18,sz.000060,9.8500,10.4100,9.7500,10.1400,10.1100,37581677,381209664.0000,3,1.822760,1,0.296700,0
2016-01-19,sz.000060,10.1500,10.7800,10.1100,10.6600,10.1400,47024434,492807248.0000,3,2.280746,1,5.128200,0
2016-01-20,sz.000060,10.5000,10.9400,10.3800,10.4900,10.6600,47043366,499466960.0000,3,2.281664,1,-1.594700,0
2016-01-21,sz.000060,10.1000,10.6800,10.0100,10.0100,10.4900,39098666,404542304.0000,3,1.896336,1,-4.575800,0
2016-01-22,sz.000060,10.2500,10.4200,9.9800,10.3400,10.0100,30236763,309311648.0000,3,1.466522,1,3.296700,0
2016-01-25,sz.000060,10.5000,10.8000,10.3500,10.6100,10.3400,33708921,356911792.0000,3,1.634926,1,2.611200,0
2016-01-26,sz.000060,10.4100,10.4700,9.5500,9.5500,10.6100,37238111,373502832.0000,3,1.806097,1,-9.990600,0
2016-01-27,sz.000060,9.7200,9.7800,8.9000,9.4600,9.5500,56421245,527528960.0000,3,2.736504,1,-0.942400,0
2016-01-28,sz.000060,9.2700,9.5100,8.5400,8.6400,9.4600,41637659,377462000.0000,3,2.019481,1,-8.668100,0
2016-01-29,sz.000060,8.6300,9.1800,8.5900,9.0500,8.6400,35199914,315439456.0000,3,1.707242,1,4.745400,0
2016-02-01,sz.000060,9.0700,9.1400,8.7300,8.9700,9.0500,24018585,214913879.0000,3,1.164933,1,-0.884000,0
2016-02-02,sz.000060,9.0200,9.3400,9.0200,9.3000,8.9700,31428911,290230048.0000,3,1.524343,1,3.678900,0
2016-02-03,sz.000060,9.1500,9.3800,9.0800,9.3100,9.3000,25442280,234309599.0000,3,1.233984,1,0.107500,0
2016-02-04,sz.000060,9.6800,10.2400,9.6800,10.2400,9.3100,39942697,405469376.0000,3,1.937273,1,9.989300,0
2016-02-05,sz.000060,10.7500,10.9700,10.2500,10.3000,10.2400,81915896,864995840.0000,3,3.973027,1,0.585900,0
2016-02-15,sz.000060,10.1500,11.1800,10.0600,10.9000,10.3000,60462625,639322160.0000,3,2.932516,1,5.825200,0
2016-02-16,sz.000060,10.9000,10.9000,10.9000,10.9000,10.9000,0,0.0000,3,,0,0.000000,0
2016-02-17,sz.000060,10.9000,11.2700,10.5900,10.9000,10.9000,60612417,661666240.0000,3,2.939781,1,0.000000,0
2016-02-18,sz.000060,10.9000,11.0800,10.6000,10.6400,10.9000,44139413,478314608.0000,3,2.140819,1,-2.385300,0
2016-02-19,sz.000060,10.7400,10.9700,10.4600,10.6300,10.6400,38980343,417556384.0000,3,1.890597,1,-0.094000,0
2016-02-22,sz.000060,10.9000,11.5700,10.8500,11.1600,10.6300,74603686,830825248.0000,3,3.618376,1,4.985900,0
2016-02-23,sz.000060,11.1900,11.8600,11.0800,11.4900,11.1600,77683659,896106448.0000,3,3.767758,1,2.957000,0
2016-02-24,sz.000060,11.1800,11.5700,11.1100,11.4100,11.4900,40722422,463346048.0000,3,1.975090,1,-0.696300,0
2016-02-25,sz.000060,11.6000,11.8500,10.7300,10.8600,11.4100,70640557,802034208.0000,3,3.426159,1,-4.820300,0
2016-02-26,sz.000060,11.0000,11.5900,10.5300,11.4300,10.8600,57013788,638138224.0000,3,2.765243,1,5.248600,0
2016-02-29,sz.000060,11.1200,11.7600,10.3100,11.5000,11.4300,71312935,791997168.0000,3,3.458770,1,0.612400,0
2016-03-01,sz.000060,11.5200,12.3700,11.3200,11.9700,11.5000,68314544,815549056.0000,3,3.313344,1,4.087000,0
2016-03-02,sz.000060,12.0000,13.1700,11.8200,13.1600,11.9700,102849331,1298072368.0000,3,4.988326,1,9.941500,0
2016-03-03,sz.000060,13.2500,13.7900,12.6500,12.8900,13.1600,101515755,1336882096.0000,3,4.923646,1,-2.051700,0
2016-03-04,sz.000060,13.1400,13.4500,12.3800,12.6300,12.8900,86510796,1122937280.0000,3,4.195886,1,-2.017100,0
2016-03-07,sz.000060,13.0900,13.3800,12.5000,13.1000,12.6300,82624618,1072322288.0000,3,4.007401,1,3.721300,0
2016-03-08,sz.000060,13.1700,13.1700,12.1100,12.5100,13.1000,83508934,1042224416.0000,3,4.050292,1,-4.503800,0
2016-03-09,sz.000060,11.7000,11.7500,11.2600,11.2800,12.5100,75005544,861443456.0000,3,3.637866,1,-9.832100,0
2016-03-10,sz.000060,11.3900,11.4800,10.9100,10.9300,11.2800,42503812,474004544.0000,3,2.061490,1,-3.102800,0
2016-03-11,sz.000060,10.7500,11.0600,10.6700,10.8800,10.9300,37609576,409692960.0000,3,1.824113,1,-0.457500,0
2016-03-14,sz.000060,10.8500,11.3900,10.8000,11.1200,10.8800,47472576,530113792.0000,3,2.302482,1,2.205900,0
2016-03-15,sz.000060,10.9900,10.9900,10.5700,10.7200,11.1200,41323089,443301232.0000,3,2.004224,1,-3.597100,0
2016-03-16,sz.000060,10.6600,10.8800,10.4400,10.5200,10.7200,29493865,313361920.0000,3,1.430491,1,-1.865700,0
2016-03-17,sz.000060,10.7800,10.9800,10.7000,10.8900,10.5200,47102999,511745184.0000,3,2.284557,1,3.517100,0
2016-03-18,sz.000060,11.2500,11.7500,11.1400,11.4500,10.8900,92228672,1056367456.0000,3,4.170436,1,5.142300,0
2016-03-21,sz.000060,11.5000,12.0000,11.3500,11.8500,11.4500,86140128,1000745712.0000,3,3.895122,1,3.493500,0
2016-03-22,sz.000060,11.7900,12.1100,11.5500,11.8500,11.8500,64080646,757762288.0000,3,2.897626,1,0.000000,0
2016-03-23,sz.000060,11.7500,11.9500,11.6400,11.8000,11.8500,50336846,594606160.0000,3,2.276153,1,-0.421900,0
2016-03-24,sz.000060,11.5300,11.5300,11.1900,11.2200,11.8000,60144637,680184208.0000,3,2.719646,1,-4.915300,0
2016-03-25,sz.000060,11.1400,11.2800,10.7500,10.9700,11.2200,50659738,555356192.0000,3,2.290754,1,-2.228200,0
2016-03-28,sz.000060,10.9900,11.3300,10.8700,11.0500,10.9700,49764290,556327248.0000,3,2.250263,1,0.729300,0
2016-03-29,sz.000060,11.0200,11.2000,10.8100,10.9700,11.0500,35866092,395192176.0000,3,1.621809,1,-0.724000,0
2016-03-30,sz.000060,11.1500,11.4500,11.1500,11.3100,10.9700,47938857,541780768.0000,3,2.167720,1,3.099400,0
2016-03-31,sz.000060,11.3500,11.3500,11.0800,11.1700,11.3100,51912409,580313792.0000,3,2.347398,1,-1.237800,0
2016-04-01,sz.000060,11.1100,11.5800,11.1000,11.5300,11.1700,83073910,940181824.0000,3,3.756472,1,3.222900,0
2016-04-05,sz.000060,11.5400,11.6900,11.3300,11.6500,11.5300,63844571,736638272.0000,3,2.886952,1,1.040800,0
2016-04-06,sz.000060,11.5300,11.6700,11.2800,11.4300,11.6500,46211029,530285552.0000,3,2.089590,1,-1.888400,0
2016-04-07,sz.000060,11.4800,11.5600,11.1000,11.1100,11.4300,50456908,567075984.0000,3,2.281582,1,-2.799700,0
2016-04-08,sz.000060,10.9000,10.9200,10.5300,10.7500,11.1100,57263168,613586288.0000,3,2.589351,1,-3.240300,0
2016-04-11,sz.000060,10.8600,11.1100,10.8600,11.0200,10.7500,53699516,589406656.0000,3,2.428208,1,2.511600,0
2016-04-12,sz.000060,10.9700,10.9700,10.6900,10.8500,11.0200,36043492,388932176.0000,3,1.629830,1,-1.542700,0
2016-04-13,sz.000060,11.5000,11.9400,11.5000,11.9400,10.8500,121754619,1438393648.0000,3,5.505553,1,10.046100,0
2016-04-14,sz.000060,11.9600,12.1400,11.7400,11.9900,11.9400,157215726,1874898976.0000,3,7.109049,1,0.418800,0
2016-04-15,sz.000060,11.8100,11.8900,11.6300,11.8600,11.9900,73810881,867683328.0000,3,3.337612,1,-1.084200,0
2016-04-18,sz.000060,11.8200,11.8500,11.4100,11.5200,11.8600,54531553,631614560.0000,3,2.465831,1,-2.866800,0
2016-04-19,sz.000060,11.6900,11.8500,11.4000,11.5900,11.5200,72043946,839009072.0000,3,3.257714,1,0.607600,0
2016-04-20,sz.000060,11.9000,11.9800,10.7200,11.0600,11.5900,95642077,1093053168.0000,3,4.324785,1,-4.572900,0
2016-04-21,sz.000060,11.0600,11.6900,10.9500,11.2400,11.0600,96512136,1097618704.0000,3,4.364128,1,1.627500,0
2016-04-22,sz.000060,10.8000,10.9800,10.6800,10.9100,11.2400,56809599,615780272.0000,3,2.568841,1,-2.935900,0
2016-04-25,sz.000060,10.8000,10.9800,10.5600,10.9000,10.9100,39412459,423914096.0000,3,1.782170,1,-0.091700,0
2016-04-26,sz.000060,10.7800,10.9000,10.6700,10.8500,10.9000,33571829,361400832.0000,3,1.518066,1,-0.458700,0
2016-04-27,sz.000060,10.8800,10.9100,10.6600,10.7100,10.8500,30401952,327293344.0000,3,1.374729,1,-1.290300,0
2016-04-28,sz.000060,10.7000,10.7200,10.2000,10.4800,10.7100,41061513,428585200.0000,3,1.856737,1,-2.147500,0
2016-04-29,sz.000060,10.4500,10.6500,10.3700,10.5100,10.4800,23901669,251869159.0000,3,1.080796,1,0.286300,0
2016-05-03,sz.000060,10.5900,10.8300,10.4700,10.8000,10.5100,36602356,391551360.0000,3,1.655101,1,2.759300,0
2016-05-04,sz.000060,10.6800,10.7900,10.6300,10.6800,10.8000,29447185,315186016.0000,3,1.331556,1,-1.111100,0
2016-05-05,sz.000060,10.6700,10.7900,10.5200,10.7600,10.6800,31311103,333935136.0000,3,1.415839,1,0.749100,0
2016-05-06,sz.000060,10.7500,10.8300,10.3000,10.3300,10.7600,44450728,469159328.0000,3,2.009992,1,-3.996300,0
2016-05-09,sz.000060,10.2000,10.2000,9.5000,9.6000,10.3300,49463561,484060848.0000,3,2.236665,1,-7.066800,0
2016-05-10,sz.000060,9.5200,9.6500,9.3000,9.5300,9.6000,29197893,276285648.0000,3,1.320283,1,-0.729200,0
2016-05-11,sz.000060,9.6400,9.6900,9.3200,9.4000,9.5300,25449297,241356674.0000,3,1.150777,1,-1.364100,0
2016-05-12,sz.000060,9.3300,9.4900,9.1600,9.4700,9.4000,25047006,234536828.0000,3,1.132586,1,0.744700,0
2016-05-13,sz.000060,9.3500,9.5500,9.3400,9.4100,9.4700,21600590,203706111.0000,3,0.976745,1,-0.633600,0
2016-05-16,sz.000060,9.4000,9.7000,9.2300,9.6800,9.4100,31011313,294771328.0000,3,1.402283,1,2.869300,0
2016-05-17,sz.000060,9.7200,9.8700,9.5500,9.6000,9.6800,34391731,333321504.0000,3,1.555140,1,-0.826400,0
2016-05-18,sz.000060,9.5000,9.5300,9.1800,9.2700,9.6000,24700523,231116182.0000,3,1.116919,1,-3.437500,0
2016-05-19,sz.000060,9.2200,9.4800,9.2200,9.3200,9.2700,19869691,186293976.0000,3,0.898476,1,0.539400,0
2016-05-20,sz.000060,9.2100,9.4800,9.1700,9.4400,9.3200,19549839,182972741.0000,3,0.884013,1,1.287600,0
2016-05-23,sz.000060,9.4600,9.5900,9.4100,9.5000,9.4400,17796390,168977537.0000,3,0.804725,1,0.635600,0
2016-05-24,sz.000060,9.4500,9.4900,9.3000,9.3300,9.5000,15585100,145642436.0000,3,0.704734,1,-1.789500,0
2016-05-25,sz.000060,9.4100,9.4600,9.3400,9.3800,9.3300,16508712,155161001.0000,3,0.746498,1,0.535900,0
2016-05-26,sz.000060,9.3700,9.6000,9.2200,9.5700,9.3800,26559704,249829333.0000,3,1.200988,1,2.025600,0
2016-05-27,sz.000060,9.5000,9.5800,9.4300,9.4700,9.5700,18120170,171988075.0000,3,0.819366,1,-1.044900,0
2016-05-30,sz.000060,9.3800,9.5300,9.3500,9.4000,9.4700,16004973,150771743.0000,3,0.723720,1,-0.739200,0
2016-05-31,sz.000060,9.4200,9.8600,9.4200,9.8300,9.4000,40142989,389211872.0000,3,1.815203,1,4.574500,0
2016-06-01,sz.000060,9.8000,10.1500,9.7500,9.9700,9.8300,46262753,463096384.0000,3,2.091929,1,1.424200,0
2016-06-02,sz.000060,10.1400,10.5500,10.1300,10.2000,9.9700,57459824,593634624.0000,3,2.598243,1,2.306900,0
2016-06-03,sz.000060,10.2200,10.2700,10.0200,10.1500,10.2000,31410657,318066384.0000,3,1.420341,1,-0.490200,0
2016-06-06,sz.000060,10.4100,10.5100,10.1400,10.1700,10.1500,28713632,295130608.0000,3,1.298385,1,0.197000,0
2016-06-07,sz.000060,10.4000,10.6800,10.3800,10.4200,10.1700,71807673,756260368.0000,3,3.247031,1,2.458200,0
2016-06-08,sz.000060,10.2600,10.3000,10.0700,10.1800,10.4200,33509190,340883056.0000,3,1.515233,1,-2.303300,0
2016-06-13,sz.000060,10.3000,10.5500,10.0600,10.0700,10.1800,50689079,523647120.0000,3,2.292081,1,-1.080600,0
2016-06-14,sz.000060,10.1500,10.1800,9.8500,10.0000,10.0700,24302540,242980221.0000,3,1.098923,1,-0.695100,0
2016-06-15,sz.000060,9.8500,10.3500,9.8000,10.2900,10.0000,41235953,419674800.0000,3,1.864625,1,2.900000,0
2016-06-16,sz.000060,10.4400,10.4900,10.2200,10.3500,10.2800,45013375,466285584.0000,3,2.035434,1,0.680900,0
2016-06-17,sz.000060,10.3000,10.7200,10.2500,10.5700,10.3500,61614179,650917808.0000,3,2.786097,1,2.125600,0
2016-06-20,sz.000060,10.4500,10.5400,10.1800,10.3200,10.5700,31239476,321767856.0000,3,1.412600,1,-2.365200,0
2016-06-21,sz.000060,10.3600,10.4600,10.0300,10.0900,10.3200,36922328,378283136.0000,3,1.669570,1,-2.228700,0
2016-06-22,sz.000060,10.0900,10.3300,10.0600,10.3000,10.0900,22391622,229350895.0000,3,1.012514,1,2.081300,0
2016-06-23,sz.000060,10.2500,10.2700,10.0800,10.1100,10.3000,24254608,246020981.0000,3,1.096755,1,-1.844700,0
2016-06-24,sz.000060,10.1400,10.1800,9.7000,9.8800,10.1100,38050922,378494448.0000,3,1.720603,1,-2.275000,0
2016-06-27,sz.000060,9.8600,10.1300,9.8000,10.1100,9.8800,22856829,228993942.0000,3,1.033550,1,2.327900,0
2016-06-28,sz.000060,10.0800,10.2300,10.0000,10.2100,10.1100,29544194,298750480.0000,3,1.335942,1,0.989100,0
2016-06-29,sz.000060,10.4500,10.5300,10.3000,10.3600,10.2100,48097006,500208432.0000,3,2.174871,1,1.469100,0
2016-06-30,sz.000060,10.3800,10.5900,10.3300,10.4300,10.3600,42308117,442133600.0000,3,1.913136,1,0.675700,0
2016-07-01,sz.000060,10.3700,10.6500,10.3000,10.5600,10.4300,61488571,646039456.0000,3,2.780460,1,1.246400,0
2016-07-04,sz.000060,10.8800,11.6200,10.8800,11.6200,10.5600,108086137,1229528400.0000,3,4.887561,1,10.037900,0
2016-07-05,sz.000060,11.7000,11.8600,11.4200,11.7300,11.6200,137609782,1600830896.0000,3,6.222594,1,0.946600,0
2016-07-06,sz.000060,11.5000,12.4900,11.4000,12.1100,11.7300,157901451,1892657424.0000,3,7.140166,1,3.239600,0
2016-07-07,sz.000060,12.0100,12.4700,11.8100,11.9100,12.1100,115436978,1396956736.0000,3,5.219959,1,-1.651500,0
2016-07-08,sz.000060,11.7600,12.1100,11.5900,11.7200,11.9100,83127109,983632800.0000,3,3.758935,1,-1.595300,0
2016-07-11,sz.000060,12.0300,12.4500,11.9000,12.0100,11.7200,113875613,1391657120.0000,3,5.149356,1,2.474400,0
2016-07-12,sz.000060,11.8700,12.4500,11.8700,12.3100,12.0100,87167297,1065227120.0000,3,3.941629,1,2.497900,0
2016-07-13,sz.000060,12.5000,13.0000,12.2000,12.3800,12.3100,98394056,1230405696.0000,3,4.449293,1,0.568600,0
2016-07-14,sz.000060,12.2000,12.3000,11.9300,12.1500,12.3800,59818812,724318976.0000,3,2.704955,1,-1.857800,0
2016-07-15,sz.000060,12.1500,12.2500,11.8600,11.9400,12.1500,54865347,658581408.0000,3,2.480963,1,-1.728400,0
2016-07-18,sz.000060,11.8000,12.1900,11.7500,11.9200,11.9400,57290838,687423856.0000,3,2.590642,1,-0.167500,0
2016-07-19,sz.000060,11.9500,12.2500,11.8500,12.0300,11.9200,52591320,634424768.0000,3,2.378134,1,0.922800,0
2016-07-20,sz.000060,12.0900,12.1700,11.7600,11.8200,12.0300,45827882,547161936.0000,3,2.072297,1,-1.745600,0
2016-07-21,sz.000060,11.7100,11.9800,11.7100,11.9700,11.8200,35523463,421007728.0000,3,1.606340,1,1.269000,0
2016-07-22,sz.000060,11.9700,12.2100,11.8200,11.8500,11.9700,48294714,582236944.0000,3,2.183845,1,-1.002500,0
2016-07-25,sz.000060,11.8200,12.1100,11.7000,11.9600,11.8500,34259391,406381312.0000,3,1.549180,1,0.928300,0
2016-07-26,sz.000060,11.9800,12.0800,11.7900,11.9700,11.9600,44325938,529501040.0000,3,2.004380,1,0.083600,0
2016-07-27,sz.000060,11.9700,11.9700,10.7700,10.9400,11.9700,101750932,1136190448.0000,3,4.601088,1,-8.604900,0
2016-07-28,sz.000060,10.9000,10.9600,10.6300,10.8800,10.9400,44718812,483402400.0000,3,2.022146,1,-0.548400,0
2016-07-29,sz.000060,10.8800,10.8800,10.5400,10.5700,10.8800,32702907,349014672.0000,3,1.478797,1,-2.849300,0
2016-08-01,sz.000060,10.6700,10.7300,10.4000,10.6700,10.5700,41303656,436887408.0000,3,1.867715,1,0.946100,0
2016-08-02,sz.000060,10.5900,10.7400,10.5700,10.7300,10.6700,21350654,227942053.0000,3,0.965458,1,0.562300,0
2016-08-03,sz.000060,10.7100,10.8200,10.6600,10.7800,10.7300,25851190,277809168.0000,3,1.168968,1,0.466000,0
2016-08-04,sz.000060,10.7600,10.7600,10.5000,10.6800,10.7800,29694794,315399216.0000,3,1.342773,1,-0.927600,0
2016-08-05,sz.000060,10.6400,10.7600,10.4600,10.6200,10.6800,41736611,441565712.0000,3,1.887293,1,-0.561800,0
2016-08-08,sz.000060,10.5500,10.8700,10.4200,10.7800,10.6200,50398987,538786736.0000,3,2.278998,1,1.506600,0
2016-08-09,sz.000060,10.7300,10.8600,10.6600,10.8000,10.7800,36384040,391773792.0000,3,1.645255,1,0.185500,0
2016-08-10,sz.000060,10.7500,11.2000,10.7500,11.1000,10.8000,80728200,889833728.0000,3,3.650459,1,2.777800,0
2016-08-11,sz.000060,10.9700,11.0600,10.7300,10.7400,11.1000,38636532,419680560.0000,3,1.747110,1,-3.243200,0
2016-08-12,sz.000060,10.7100,10.9900,10.5400,10.9000,10.7400,37868679,408841568.0000,3,1.712389,1,1.489800,0
2016-08-15,sz.000060,10.8000,11.3500,10.7600,11.1500,10.9000,53705559,596441264.0000,3,2.428519,1,2.293600,0
2016-08-16,sz.000060,11.2800,11.4100,11.1300,11.3300,11.1500,48587017,547400256.0000,3,2.197063,1,1.614400,0
2016-08-17,sz.000060,11.2800,11.4000,11.0800,11.2200,11.3300,39291519,440934176.0000,3,1.776728,1,-0.970900,0
2016-08-18,sz.000060,11.2100,11.3300,11.0900,11.2600,11.2200,34241853,383839920.0000,3,1.548387,1,0.356500,0
2016-08-19,sz.000060,11.2300,11.2300,11.0400,11.1800,11.2600,31243760,347770688.0000,3,1.412816,1,-0.710500,0
2016-08-22,sz.000060,11.1200,11.1800,10.8000,10.8100,11.1800,32398216,356920256.0000,3,1.465019,1,-3.309500,0
2016-08-23,sz.000060,10.7800,11.0200,10.7500,10.8600,10.8100,21395671,232280061.0000,3,0.967494,1,0.462500,0
2016-08-24,sz.000060,10.9000,11.0400,10.8500,10.8800,10.8600,20990659,229688571.0000,3,0.949179,1,0.184200,0
2016-08-25,sz.000060,10.7700,10.8200,10.5600,10.7300,10.8800,27928723,297310512.0000,3,1.262912,1,-1.378700,0
2016-08-26,sz.000060,10.8600,11.0600,10.8300,10.8800,10.7300,45625565,499822736.0000,3,2.063148,1,1.398000,0
2016-08-29,sz.000060,10.8700,10.9000,10.7500,10.8300,10.8800,17811314,193006034.0000,3,0.805412,1,-0.459600,0
2016-08-30,sz.000060,10.8300,10.9000,10.7500,10.7900,10.8300,20763872,224630224.0000,3,0.938924,1,-0.369300,0
2016-08-31,sz.000060,10.8600,10.9100,10.7800,10.8600,10.7900,20124026,218435493.0000,3,0.909991,1,0.648700,0
2016-09-01,sz.000060,10.9000,11.1700,10.8700,11.0300,10.8600,46506861,511966192.0000,3,2.103000,1,1.565400,0
2016-09-02,sz.000060,11.2500,11.3000,10.9400,11.0600,11.0300,53209376,592827008.0000,3,2.406082,1,0.272000,0
2016-09-05,sz.000060,11.1100,11.8400,11.0200,11.5000,11.0600,100406713,1152532080.0000,3,4.540304,1,3.978296,0
2016-09-06,sz.000060,11.3800,11.5000,11.2000,11.4800,11.5000,42353532,480269712.0000,3,1.915190,1,-0.173917,0
2016-09-07,sz.000060,11.3800,11.4800,11.2400,11.2600,11.4800,38643332,438946864.0000,3,1.747418,1,-1.916370,0
2016-09-08,sz.000060,11.2800,11.3100,11.1600,11.2600,11.2600,23970928,268835792.0000,3,1.083944,1,0.000000,0
2016-09-09,sz.000060,11.2600,11.2800,11.0600,11.0700,11.2600,22757307,254142525.0000,3,1.029066,1,-1.687394,0
2016-09-12,sz.000060,10.7200,10.7400,10.2500,10.3900,11.0700,61254326,644364608.0000,3,2.769867,1,-6.142723,0
2016-09-13,sz.000060,10.4500,10.4800,10.2000,10.3900,10.3900,25573248,265155255.0000,3,1.156400,1,0.000000,0
2016-09-14,sz.000060,10.2600,10.4700,10.2300,10.3700,10.3900,15030894,155981585.0000,3,0.679684,1,-0.192497,0
2016-09-19,sz.000060,10.4100,10.5100,10.4000,10.4400,10.3700,13214288,138282154.0000,3,0.597539,1,0.675021,0
2016-09-20,sz.000060,10.4800,10.5200,10.3600,10.4500,10.4400,14907434,155638724.0000,3,0.674101,1,0.095788,0
2016-09-21,sz.000060,10.4900,10.5100,10.4400,10.4800,10.4500,11823122,123785907.0000,3,0.534631,1,0.287079,0
2016-09-22,sz.000060,10.5700,10.5900,10.4500,10.4700,10.4800,19968918,209987319.0000,3,0.902977,1,-0.095413,0
2016-09-23,sz.000060,10.5000,10.5100,10.3000,10.3100,10.4700,15929491,165210804.0000,3,0.720318,1,-1.528174,0
2016-09-26,sz.000060,10.2900,10.3100,9.9600,10.0000,10.3100,25602642,258658944.0000,3,1.157729,1,-3.006793,0
2016-09-27,sz.000060,10.0000,10.1200,9.9100,10.1000,10.0000,15434011,154698566.0000,3,0.697913,1,1.000004,0
2016-09-28,sz.000060,10.0900,10.1300,9.9900,10.0300,10.1000,13240975,132948320.0000,3,0.598745,1,-0.693076,0
2016-09-29,sz.000060,10.1000,10.2400,10.0900,10.1200,10.0300,18743919,190742380.0000,3,0.847584,1,0.897310,0
2016-09-30,sz.000060,10.1200,10.1900,10.0900,10.1900,10.1200,11972026,121443435.0000,3,0.541365,1,0.691697,0
2016-10-10,sz.000060,10.2100,10.3300,10.1300,10.3300,10.1900,27058778,277040416.0000,3,1.223574,1,1.373899,0
2016-10-11,sz.000060,10.3100,10.3400,10.2400,10.3200,10.3300,19430971,199779485.0000,3,0.878652,1,-0.096808,0
2016-10-12,sz.000060,10.2400,10.3200,10.2100,10.2700,10.3200,16970509,174057780.0000,3,0.767392,1,-0.484489,0
2016-10-13,sz.000060,10.2700,10.4000,10.2500,10.2800,10.2700,19662534,203058422.0000,3,0.889123,1,0.097364,0
2016-10-14,sz.000060,10.2500,10.2900,10.0700,10.2000,10.2800,18484705,188305859.0000,3,0.835862,1,-0.778209,0
2016-10-17,sz.000060,10.2900,10.3700,10.1600,10.2300,10.2000,24361788,250782707.0000,3,1.101619,1,0.294115,0
2016-10-18,sz.000060,10.2000,10.4300,10.1600,10.4100,10.2300,25008036,258110903.0000,3,1.130842,1,1.759534,0
2016-10-19,sz.000060,10.4300,10.6300,10.3200,10.3800,10.4100,45584093,477321280.0000,3,2.061273,1,-0.288182,0
2016-10-20,sz.000060,10.3600,10.4200,10.2900,10.3900,10.3800,22277151,230861288.0000,3,1.007353,1,0.096341,0
2016-10-21,sz.000060,10.3500,10.4300,10.2300,10.3100,10.3900,20743802,214305148.0000,3,0.938017,1,-0.769970,0
2016-10-24,sz.000060,10.3200,10.5800,10.2700,10.5000,10.3100,40620507,425381632.0000,3,1.836824,1,1.842867,0
2016-10-25,sz.000060,10.7800,10.9000,10.6500,10.8300,10.5000,55436399,595869520.0000,3,2.506786,1,3.142856,0
2016-10-26,sz.000060,10.8000,10.9400,10.7000,10.7800,10.8300,49450022,535061376.0000,3,2.236087,1,-0.461682,0
2016-10-27,sz.000060,10.7200,10.7600,10.5600,10.7000,10.7800,29472705,313968912.0000,3,1.332730,1,-0.742114,0
2016-10-28,sz.000060,10.7400,10.8400,10.5900,10.7800,10.7000,34864033,374047056.0000,3,1.576521,1,0.747663,0
2016-10-31,sz.000060,10.8000,10.9100,10.7300,10.8600,10.7800,40799040,442627360.0000,3,1.844897,1,0.742114,0
2016-11-01,sz.000060,11.1500,11.2400,10.8900,10.9300,10.8600,46133402,507265264.0000,3,2.086112,1,0.644573,0
2016-11-02,sz.000060,10.8800,11.0200,10.7100,10.7400,10.9300,48904348,531081504.0000,3,2.211412,1,-1.738340,0
2016-11-03,sz.000060,10.7300,10.9300,10.6700,10.9100,10.7400,36642624,395676688.0000,3,1.656948,1,1.582869,0
2016-11-04,sz.000060,11.0500,11.0500,10.7300,10.8000,10.9100,39295469,427182512.0000,3,1.776907,1,-1.008246,0
2016-11-07,sz.000060,10.8000,11.3400,10.7100,11.2300,10.8000,86838430,966548256.0000,3,3.926758,1,3.981476,0
2016-11-08,sz.000060,11.1200,11.2400,11.0400,11.0900,11.2300,46614936,518607504.0000,3,2.107887,1,-1.246655,0
2016-11-09,sz.000060,11.1700,11.2900,10.8700,11.1600,11.0900,52068361,578211552.0000,3,2.354486,1,0.631197,0
2016-11-10,sz.000060,11.7000,12.0000,11.5100,11.5300,11.1600,124093508,1457685088.0000,3,5.611400,1,3.315411,0
2016-11-11,sz.000060,11.5000,12.6800,11.4500,12.6800,11.5300,231693951,2843454032.0000,3,10.476998,1,9.973987,0
2016-11-14,sz.000060,12.3000,13.0000,12.2000,12.8700,12.6800,182469214,2298181680.0000,3,8.251099,1,1.498419,0
2016-11-15,sz.000060,14.1600,14.1600,12.7300,12.7900,12.8700,234071733,3193512256.0000,3,10.584520,1,-0.621600,0
2016-11-16,sz.000060,12.8600,12.9200,12.3300,12.6000,12.7900,139276089,1754610864.0000,3,6.297943,1,-1.485532,0
2016-11-17,sz.000060,12.3200,12.5200,12.2800,12.3900,12.6000,73600426,911008336.0000,3,3.328147,1,-1.666667,0
2016-11-18,sz.000060,12.4400,12.4600,12.1200,12.3500,12.3900,86633550,1064657856.0000,3,3.917494,1,-0.322841,0
2016-11-21,sz.000060,12.3500,12.8900,12.3100,12.5500,12.3500,94051620,1180700800.0000,3,4.252932,1,1.619432,0
2016-11-22,sz.000060,12.5500,13.3000,12.5000,13.0500,12.5500,108104020,1392640000.0000,3,4.888370,1,3.984064,0
2016-11-23,sz.000060,12.9000,13.1000,12.6400,12.7300,13.0500,64255217,825941984.0000,3,2.905565,1,-2.452112,0
2016-11-24,sz.000060,13.2100,13.6200,13.0000,13.0300,12.7300,109596698,1460408656.0000,3,4.955867,1,2.356639,0
2016-11-25,sz.000060,13.1300,13.2200,12.6000,12.9700,13.0300,50186869,648164064.0000,3,2.269406,1,-0.460472,0
2016-11-28,sz.000060,13.7000,14.2700,13.1900,13.9700,12.9700,157112592,2156007808.0000,3,7.104494,1,7.710100,0
2016-11-29,sz.000060,13.5100,13.9500,13.3700,13.4000,13.9700,95619942,1305245520.0000,3,4.323850,1,-4.080176,0
2016-11-30,sz.000060,12.9600,13.1000,12.4100,12.6000,13.4000,95354384,1215216320.0000,3,4.311842,1,-5.970144,0
2016-12-01,sz.000060,12.6300,12.8900,12.6100,12.7500,12.6000,41505986,529484480.0000,3,1.876864,1,1.190473,0
2016-12-02,sz.000060,12.6200,12.6500,12.1600,12.2700,12.7500,40823592,504937904.0000,3,1.846007,1,-3.764702,0
2016-12-05,sz.000060,12.0000,12.5800,11.9600,12.4600,12.2700,42948801,532437536.0000,3,1.942107,1,1.548489,0
2016-12-06,sz.000060,12.6600,12.7100,12.2200,12.2500,12.4600,30860885,383578304.0000,3,1.395502,1,-1.685394,0
2016-12-07,sz.000060,12.3200,12.9400,12.2400,12.9000,12.2500,69357283,879849936.0000,3,3.136276,1,5.306119,0
2016-12-08,sz.000060,12.6400,13.2700,12.6200,12.9800,12.9000,68497089,892280192.0000,3,3.097379,1,0.620155,0
2016-12-09,sz.000060,12.8100,13.3500,12.7600,13.1600,12.9800,49963219,656065088.0000,3,2.259293,1,1.386751,0
2016-12-12,sz.000060,13.2200,13.4900,12.2800,12.5100,13.1600,58438439,757801904.0000,3,2.642535,1,-4.939207,0
2016-12-13,sz.000060,12.4400,12.8400,12.1700,12.7400,12.5100,37400397,471157488.0000,3,1.691213,1,1.838526,0
2016-12-14,sz.000060,12.6100,12.9100,12.4300,12.7900,12.7400,37588897,478104960.0000,3,1.699737,1,0.392466,0
2016-12-15,sz.000060,13.0100,13.2200,12.8000,12.9600,12.7900,52118932,678186336.0000,3,2.356773,1,1.329164,0
2016-12-16,sz.000060,12.9100,12.9200,12.5000,12.5400,12.9600,32826125,415185920.0000,3,1.484369,1,-3.240741,0
2016-12-19,sz.000060,12.2700,12.3200,11.9800,12.0100,12.5400,34897009,423974096.0000,3,1.578012,1,-4.226473,0
2016-12-20,sz.000060,11.8000,11.8600,11.5900,11.6900,12.0100,50528339,590540448.0000,3,2.284847,1,-2.664452,0
2016-12-21,sz.000060,11.7800,11.8600,11.6500,11.7800,11.6900,25529150,300035024.0000,3,1.154406,1,0.769890,0
2016-12-22,sz.000060,11.7600,11.7800,11.5200,11.6400,11.7800,24924459,289579840.0000,3,1.127062,1,-1.188450,0
2016-12-23,sz.000060,11.6600,11.7000,11.3900,11.4400,11.6400,21810833,251356237.0000,3,0.986267,1,-1.718220,0
2016-12-26,sz.000060,11.2300,11.2600,10.7900,11.1300,11.4400,54206889,596281456.0000,3,2.451188,1,-2.709786,0
2016-12-27,sz.000060,11.0200,11.2600,11.0000,11.2000,11.1300,32764983,366266176.0000,3,1.481604,1,0.628928,0
2016-12-28,sz.000060,11.3700,11.4700,11.2100,11.2500,11.2000,26290834,297897712.0000,3,1.188849,1,0.446430,0
2016-12-29,sz.000060,11.1600,11.3700,11.1200,11.1800,11.2500,18068492,202941274.0000,3,0.817041,1,-0.622220,0
2016-12-30,sz.000060,11.1800,11.3000,11.1200,11.1500,11.1800,14334242,160318656.0000,3,0.648182,1,-0.268342,0
2017-01-03,sz.000060,11.2100,11.3400,11.2100,11.2900,11.1500,15896785,179269663.0000,3,0.718795,1,1.255609,0
2017-01-04,sz.000060,11.2400,11.4300,11.0800,11.4200,11.2900,29842275,336336912.0000,3,1.349359,1,1.151462,0
2017-01-05,sz.000060,11.5100,11.7000,11.4400,11.5000,11.4200,44199094,510792128.0000,3,1.998522,1,0.700525,0
2017-01-06,sz.000060,11.4800,11.5000,11.3300,11.3600,11.5000,21751284,248206938.0000,3,0.983514,1,-1.217394,0
2017-01-09,sz.000060,11.3500,11.4800,11.3200,11.4400,11.3600,18459458,210498760.0000,3,0.834669,1,0.704225,0
2017-01-10,sz.000060,11.5500,12.0300,11.4100,11.7800,11.4400,63254174,739017024.0000,3,2.860123,1,2.972029,0
2017-01-11,sz.000060,11.7100,11.8900,11.4900,11.5300,11.7800,41229689,481514128.0000,3,1.864256,1,-2.122241,0
2017-01-12,sz.000060,11.5100,11.5100,11.2000,11.2700,11.5300,30988565,351571904.0000,3,1.401190,1,-2.254981,0
2017-01-13,sz.000060,11.3000,11.3700,10.8900,10.9500,11.2700,28889140,321663680.0000,3,1.306261,1,-2.839402,0
2017-01-16,sz.000060,10.9600,11.2800,10.5100,10.8500,10.9500,40709356,445903648.0000,3,1.840729,1,-0.913237,0
2017-01-17,sz.000060,10.8000,10.8800,10.5400,10.8300,10.8500,30307968,325682448.0000,3,1.370416,1,-0.184336,0
2017-01-18,sz.000060,10.8300,11.0200,10.7500,10.9500,10.8300,19225269,210171305.0000,3,0.869297,1,1.108032,0
2017-01-19,sz.000060,10.9000,11.1000,10.8400,10.9700,10.9500,20275097,221933077.0000,3,0.916766,1,0.182653,0
2017-01-20,sz.000060,10.9300,11.0600,10.8800,11.0000,10.9700,15857941,174176627.0000,3,0.717038,1,0.273471,0
2017-01-23,sz.000060,11.0100,11.6000,11.0100,11.4000,11.0000,39410536,447764672.0000,3,1.782001,1,3.636360,0
2017-01-24,sz.000060,11.3400,11.4400,11.3000,11.3900,11.4000,17953847,204097323.0000,3,0.811807,1,-0.087713,0
2017-01-25,sz.000060,11.4500,11.6900,11.4300,11.5500,11.3900,30845580,356073344.0000,3,1.394725,1,1.404740,0
2017-01-26,sz.000060,11.5700,12.1100,11.5100,12.0000,11.5500,49914502,590476848.0000,3,2.256952,1,3.896102,0
2017-02-03,sz.000060,11.9800,11.9800,11.6300,11.6700,12.0000,32705365,384531616.0000,3,1.478817,1,-2.750000,0
2017-02-06,sz.000060,11.6000,11.7000,11.4000,11.5600,11.6700,34197122,393745136.0000,3,1.546269,1,-0.942585,0
2017-02-07,sz.000060,11.5500,11.6500,11.4200,11.6100,11.5600,25440371,293547968.0000,3,1.150321,1,0.432519,0
2017-02-08,sz.000060,11.6000,11.7900,11.4900,11.7500,11.6100,33130373,385948016.0000,3,1.498035,1,1.205860,0
2017-02-09,sz.000060,11.7100,11.8300,11.6600,11.7300,11.7500,25653001,301070432.0000,3,1.159935,1,-0.170217,0
2017-02-10,sz.000060,11.7000,12.2500,11.6400,12.1100,11.7300,57613125,688936704.0000,3,2.605055,1,3.239558,0
2017-02-13,sz.000060,12.6000,12.8000,12.2200,12.3300,12.1100,59294170,735445856.0000,3,2.681066,1,1.816683,0
2017-02-14,sz.000060,12.3000,12.5500,12.2300,12.5300,12.3300,40459731,502347360.0000,3,1.829441,1,1.622058,0
2017-02-15,sz.000060,12.3500,12.4300,12.0700,12.1800,12.5300,37782786,463640192.0000,3,1.708400,1,-2.793292,0
2017-02-16,sz.000060,12.1900,12.5100,12.0900,12.1600,12.1800,47273250,581900528.0000,3,2.137524,1,-0.164207,0
2017-02-17,sz.000060,12.1400,12.2100,11.9200,11.9700,12.1600,33543411,404921248.0000,3,1.516711,1,-1.562497,0
2017-02-20,sz.000060,11.8900,12.1800,11.8900,12.1700,11.9700,29588572,356423328.0000,3,1.337887,1,1.670842,0
2017-02-21,sz.000060,12.2800,12.3200,12.0800,12.2400,12.1700,34063376,415685504.0000,3,1.540222,1,0.575182,0
2017-02-22,sz.000060,12.2000,12.2700,12.0300,12.1500,12.2400,28075623,340956560.0000,3,1.269477,1,-0.735295,0
2017-02-23,sz.000060,12.1100,12.4100,12.1000,12.1900,12.1500,44681511,547367152.0000,3,2.020335,1,0.329218,0
2017-02-24,sz.000060,11.8200,11.8500,11.5800,11.7000,12.1900,63663214,744105408.0000,3,2.878618,1,-4.019687,0
2017-02-27,sz.000060,11.6600,11.6900,11.3800,11.4300,11.7000,38882241,448920048.0000,3,1.758113,1,-2.307688,0
2017-02-28,sz.000060,11.4700,11.5700,11.4300,11.5200,11.4300,22783927,262124602.0000,3,1.030206,1,0.787403,0
2017-03-01,sz.000060,11.5200,11.7400,11.4500,11.6600,11.5200,36357414,423410096.0000,3,1.643950,1,1.215272,0
2017-03-02,sz.000060,11.7000,11.8800,11.6100,11.6100,11.6600,35784931,419661680.0000,3,1.618064,1,-0.428818,0
2017-03-03,sz.000060,11.3000,11.4700,11.2800,11.4000,11.6100,22723903,258665767.0000,3,1.027492,1,-1.808786,0
2017-03-06,sz.000060,11.4000,11.5100,11.3500,11.4700,11.4000,21173662,242269009.0000,3,0.957396,1,0.614041,0
2017-03-07,sz.000060,11.4600,11.4600,11.2900,11.3900,11.4700,28377206,322106992.0000,3,1.283114,1,-0.697471,0
2017-03-08,sz.000060,11.3400,11.3900,11.2500,11.3800,11.3900,19499458,220706958.0000,3,0.881694,1,-0.087798,0
2017-03-09,sz.000060,11.2800,11.3200,11.1700,11.1900,11.3800,19567149,219438065.0000,3,0.884755,1,-1.669600,0
2017-03-10,sz.000060,11.2100,11.2900,11.2000,11.2700,11.1900,13668196,153667833.0000,3,0.618026,1,0.714932,0
2017-03-13,sz.000060,11.2700,11.5400,11.2200,11.5400,11.2700,30785586,351483264.0000,3,1.392012,1,2.395736,0
2017-03-14,sz.000060,11.4800,11.5100,11.3600,11.4100,11.5400,17723301,202785480.0000,3,0.801383,1,-1.126517,0
2017-03-15,sz.000060,11.4100,11.5000,11.3800,11.4400,11.4100,17047377,195345154.0000,3,0.770820,1,0.262925,0
2017-03-16,sz.000060,11.6200,11.6700,11.5200,11.6000,11.4400,27195994,315151184.0000,3,1.229704,1,1.398608,0
2017-03-17,sz.000060,11.6000,11.6600,11.3200,11.3600,11.6000,25010288,288035296.0000,3,1.130874,1,-2.068972,0
2017-03-20,sz.000060,11.4700,11.5400,11.3500,11.4500,11.3600,15877698,181735459.0000,3,0.717932,1,0.792255,0
2017-03-21,sz.000060,11.4000,11.4400,11.3100,11.4000,11.4500,13211448,150307390.0000,3,0.597373,1,-0.436683,0
2017-03-22,sz.000060,11.3200,11.4300,11.2600,11.3400,11.4000,11590148,131425106.0000,3,0.524064,1,-0.526311,0
2017-03-23,sz.000060,11.4200,11.5000,11.3000,11.4900,11.3400,18339456,209298591.0000,3,0.829243,1,1.322748,0
2017-03-24,sz.000060,11.4300,11.4600,11.3000,11.4300,11.4900,15701206,178549141.0000,3,0.709951,1,-0.522189,0
2017-03-27,sz.000060,11.3600,11.4100,11.2300,11.2400,11.4300,22138846,250081563.0000,3,1.001038,1,-1.662297,0
2017-03-28,sz.000060,11.2200,11.3300,11.1800,11.2300,11.2400,14104782,158273833.0000,3,0.637767,1,-0.088970,0
2017-03-29,sz.000060,11.3100,11.4000,11.2300,11.3300,11.2300,19823600,224327099.0000,3,0.896351,1,0.890475,0
2017-03-30,sz.000060,11.3300,11.3500,11.0600,11.0800,11.3300,25296817,282721456.0000,3,1.143830,1,-2.206531,0
2017-03-31,sz.000060,11.1200,11.1800,11.0300,11.1400,11.0800,13103163,145573300.0000,3,0.592477,1,0.541520,0
2017-04-05,sz.000060,11.0800,11.3900,11.0800,11.3900,11.1400,21342967,241314612.0000,3,0.965051,1,2.244165,0
2017-04-06,sz.000060,11.4200,11.4300,11.3000,11.3400,11.3900,15881677,180238280.0000,3,0.718111,1,-0.438983,0
2017-04-07,sz.000060,11.3000,11.6100,11.2700,11.3900,11.3400,34350384,393714400.0000,3,1.553199,1,0.440919,0
2017-04-10,sz.000060,11.3100,11.3200,11.1000,11.1600,11.3900,22387681,250892624.0000,3,1.012289,1,-2.019320,0
2017-04-11,sz.000060,11.1000,11.2500,11.0700,11.2400,11.1600,22593289,252072507.0000,3,1.021586,1,0.716845,0
2017-04-12,sz.000060,11.2600,11.2900,11.1400,11.1800,11.2400,19783501,222205020.0000,3,0.894538,1,-0.533803,0
2017-04-13,sz.000060,11.2100,11.3000,11.1500,11.1500,11.1800,18186759,203986753.0000,3,0.822339,1,-0.268342,0
2017-04-14,sz.000060,11.1600,11.2100,10.9700,10.9900,11.1500,23337854,258646870.0000,3,1.055253,1,-1.434976,0
2017-04-17,sz.000060,11.0700,11.1300,10.9100,10.9900,10.9900,15519469,171183713.0000,3,0.701734,1,0.000000,0
2017-04-18,sz.000060,10.9800,11.0500,10.7700,10.8300,10.9900,16132798,176027059.0000,3,0.729466,1,-1.455868,0
2017-04-19,sz.000060,10.7300,10.7300,10.4900,10.6000,10.8300,20837405,220929592.0000,3,0.942191,1,-2.123726,0
2017-04-20,sz.000060,10.6000,10.6800,10.4500,10.6200,10.6000,14474854,152987918.0000,3,0.654500,1,0.188675,0
2017-04-21,sz.000060,10.6400,10.6900,10.4700,10.5100,10.6200,14266275,150618853.0000,3,0.645069,1,-1.035778,0
2017-04-24,sz.000060,10.5000,10.5000,10.0100,10.0300,10.5100,17226795,175365887.0000,3,0.778933,1,-4.567084,0
2017-04-25,sz.000060,10.1000,10.2000,9.9900,10.0200,10.0300,14437448,145759955.0000,3,0.652809,1,-0.099694,0
2017-04-26,sz.000060,10.0900,10.2000,10.0500,10.1900,10.0200,14063388,142618604.0000,3,0.635895,1,1.696598,0
2017-04-27,sz.000060,10.1500,10.2500,9.9500,10.2500,10.1900,13837858,139988569.0000,3,0.625697,1,0.588817,0
2017-04-28,sz.000060,10.2500,10.2900,10.1900,10.2800,10.2500,8391390,85993086.0000,3,0.379428,1,0.292680,0
2017-05-02,sz.000060,10.3300,10.3500,10.2200,10.2500,10.2800,8965345,92183459.0000,3,0.405380,1,-0.291826,0
2017-05-03,sz.000060,10.2400,10.3500,10.1000,10.1400,10.2500,13106532,133966025.0000,3,0.592630,1,-1.073167,0
2017-05-04,sz.000060,10.1300,10.1300,9.9200,9.9500,10.1400,25223485,252508396.0000,3,1.140514,1,-1.873772,0
2017-05-05,sz.000060,9.9100,10.0000,9.8700,9.8800,9.9500,14733040,146371892.0000,3,0.666174,1,-0.703515,0
2017-05-08,sz.000060,9.8900,10.0900,9.8300,9.9200,9.8800,14364021,142601230.0000,3,0.649489,1,0.404858,0
2017-05-09,sz.000060,9.9800,10.0900,9.9200,10.0900,9.9200,13164840,131727734.0000,3,0.595266,1,1.713710,0
2017-05-10,sz.000060,10.0900,10.1000,9.7000,9.7500,10.0900,14610097,145536535.0000,3,0.660615,1,-3.369674,0
2017-05-11,sz.000060,9.7200,9.7400,9.3800,9.6600,9.7200,20864441,199511228.0000,3,0.943414,1,-0.617288,0
2017-05-12,sz.000060,9.6300,9.6400,9.4900,9.5900,9.6600,11238685,107559690.0000,3,0.508172,1,-0.724634,0
2017-05-15,sz.000060,9.6200,9.6900,9.6000,9.6300,9.5900,7902575,76203264.0000,3,0.357326,1,0.417101,0
2017-05-16,sz.000060,9.6300,9.8800,9.4400,9.8300,9.6300,15644622,150451367.0000,3,0.707393,1,2.076841,0
2017-05-17,sz.000060,9.8100,9.9300,9.7700,9.8100,9.8300,11458943,112963000.0000,3,0.518132,1,-0.203454,0
2017-05-18,sz.000060,9.8400,9.8600,9.6800,9.7000,9.8100,9188808,89925364.0000,3,0.415484,1,-1.121311,0
2017-05-19,sz.000060,9.7000,9.8200,9.6900,9.8000,9.7000,10190764,99513128.0000,3,0.460789,1,1.030932,0
2017-05-22,sz.000060,9.9000,10.2800,9.8500,9.9100,9.8000,21760143,218247234.0000,3,0.983914,1,1.122445,0
2017-05-23,sz.000060,9.8600,9.9500,9.5900,9.6100,9.9100,15838290,154744891.0000,3,0.716150,1,-3.027247,0
2017-05-24,sz.000060,9.5900,9.7000,9.4700,9.7000,9.6100,11164880,107256461.0000,3,0.504835,1,0.936526,0
2017-05-25,sz.000060,9.7400,10.0300,9.7000,9.9900,9.7000,18466999,182545002.0000,3,0.835010,1,2.989690,0
2017-05-26,sz.000060,10.0000,10.0400,9.9000,9.9200,9.9900,11409308,113647647.0000,3,0.515887,1,-0.700698,0
2017-05-31,sz.000060,9.9900,10.0800,9.8500,9.8700,9.9200,10661338,106416441.0000,3,0.482067,1,-0.504034,0
2017-06-01,sz.000060,9.8900,9.9000,9.6300,9.6400,9.8700,10652639,103934870.0000,3,0.481673,1,-2.330289,0
2017-06-02,sz.000060,9.6100,9.7900,9.5600,9.7800,9.6400,7553679,73120784.0000,3,0.341550,1,1.452276,0
2017-06-05,sz.000060,9.8100,9.9000,9.7800,9.9000,9.7800,7881374,77743135.0000,3,0.356367,1,1.226993,0
2017-06-06,sz.000060,9.8700,9.9000,9.8100,9.9000,9.9000,7156847,70514761.0000,3,0.323607,1,0.000000,0
2017-06-07,sz.000060,9.8700,10.1100,9.8500,10.0400,9.9000,18539583,185601648.0000,3,0.838292,1,1.414145,0
2017-06-08,sz.000060,10.0400,10.0600,9.9600,10.0400,10.0400,11245746,112482271.0000,3,0.508492,1,0.000000,0
2017-06-09,sz.000060,10.0600,10.0800,9.9100,10.0000,10.0400,10283633,102627868.0000,3,0.464988,1,-0.398406,0
2017-06-12,sz.000060,9.9800,10.0100,9.8800,9.8900,10.0000,9161652,90973684.0000,3,0.414256,1,-1.099997,0
2017-06-13,sz.000060,10.2000,10.8800,10.1900,10.6900,9.8900,91674225,971504144.0000,3,4.145174,1,8.088971,0
2017-06-14,sz.000060,10.5200,10.6000,10.4400,10.5000,10.6900,57406983,603148240.0000,3,2.595734,1,-1.777358,0
2017-06-15,sz.000060,10.5000,10.6500,10.4800,10.5500,10.5000,30894469,325874880.0000,3,1.396935,1,0.476192,0
2017-06-16,sz.000060,10.5100,10.8400,10.4600,10.6200,10.5500,42036887,447962464.0000,3,1.900755,1,0.663504,0
2017-06-19,sz.000060,10.5700,10.8100,10.5600,10.7200,10.6200,32417182,347405248.0000,3,1.465787,1,0.941623,0
2017-06-20,sz.000060,10.7300,10.7800,10.6100,10.6600,10.7200,25523691,272654448.0000,3,1.154088,1,-0.559705,0
2017-06-21,sz.000060,10.7900,10.7900,10.4900,10.5700,10.6600,30785524,326785616.0000,3,1.392009,1,-0.844279,0
2017-06-22,sz.000060,10.7000,10.8700,10.5300,10.5700,10.5700,34035404,365171376.0000,3,1.538957,1,0.000000,0
2017-06-23,sz.000060,10.5900,10.9400,10.5400,10.9200,10.5700,43952143,471707520.0000,3,1.987356,1,3.311262,0
2017-06-26,sz.000060,10.9700,11.1500,10.9100,11.0000,10.9200,56477587,621952480.0000,3,2.553710,1,0.732600,0
2017-06-27,sz.000060,10.9800,11.1700,10.8400,11.1000,11.0000,44258108,486403072.0000,3,2.001190,1,0.909094,0
2017-06-28,sz.000060,11.0300,11.3600,11.0200,11.2000,11.1000,58304224,654493568.0000,3,2.636304,1,0.900896,0
2017-06-29,sz.000060,11.2400,11.3500,11.1100,11.1700,11.2000,38576864,432617376.0000,3,1.744305,1,-0.267855,0
2017-06-30,sz.000060,11.1300,11.2200,11.0600,11.2000,11.1700,31790885,354008064.0000,3,1.437793,1,0.268574,0
2017-07-03,sz.000060,11.2500,11.4000,11.0500,11.3900,11.2000,52199649,587283552.0000,3,2.360811,1,1.696433,0
2017-07-04,sz.000060,11.3400,11.4400,11.1600,11.1600,11.3900,37450502,422592112.0000,3,1.693758,1,-2.019320,0
2017-07-05,sz.000060,11.1400,11.4000,11.1100,11.3600,11.1600,44985840,507987376.0000,3,2.034555,1,1.792113,0
2017-07-06,sz.000060,11.3600,11.5100,11.2400,11.4500,11.3600,56159479,639551040.0000,3,2.539901,1,0.792255,0
2017-07-07,sz.000060,11.4000,11.7500,11.2600,11.6100,11.4500,69895122,803527936.0000,3,3.161117,1,1.397379,0
2017-07-10,sz.000060,11.5700,11.8600,11.5100,11.6100,11.6100,79915303,935806176.0000,3,3.614295,1,0.000000,0
2017-07-11,sz.000060,11.5400,11.6300,11.1800,11.2100,11.6100,53864956,614134656.0000,3,2.436127,1,-3.445303,0
2017-07-12,sz.000060,11.3000,11.5500,11.1000,11.5400,11.2100,49801793,564625664.0000,3,2.252364,1,2.943799,0
2017-07-13,sz.000060,11.5000,11.8000,11.4600,11.5600,11.5400,62079085,722618496.0000,3,2.807624,1,0.173314,0
2017-07-14,sz.000060,11.4500,11.5000,11.3100,11.3900,11.5600,33102300,377432608.0000,3,1.497104,1,-1.470589,0
2017-07-17,sz.000060,11.4200,11.4600,10.8000,11.1000,11.3900,59467694,665671232.0000,3,2.689520,1,-2.546093,0
2017-07-18,sz.000060,11.0300,11.3500,10.9100,11.3500,11.1000,39570054,445225872.0000,3,1.789618,1,2.252252,0
2017-07-19,sz.000060,11.3200,11.9100,11.2600,11.8700,11.3500,107401599,1260688528.0000,3,4.857406,1,4.581493,0
2017-07-20,sz.000060,11.8500,12.1500,11.7500,11.9200,11.8700,84369507,1005649664.0000,3,3.815744,1,0.421232,0
2017-07-21,sz.000060,11.8500,12.2200,11.8200,12.0800,11.9200,74963622,904937472.0000,3,3.390348,1,1.342281,0
2017-07-24,sz.000060,12.2400,12.4800,11.9600,12.1000,12.0800,66331451,809123696.0000,3,2.999944,1,0.165567,0
2017-07-25,sz.000060,12.0100,12.2200,11.8800,12.1900,12.1000,62784300,756263072.0000,3,2.839519,1,0.743795,0
2017-07-26,sz.000060,12.5400,12.5800,12.0800,12.1400,12.1900,94844731,1169152576.0000,3,4.289502,1,-0.410166,0
2017-07-27,sz.000060,12.0000,12.0800,11.5800,11.7600,12.1400,74381410,879500448.0000,3,3.364016,1,-3.130149,0
2017-07-28,sz.000060,11.6800,12.0400,11.6500,11.8700,11.7600,44595413,528704512.0000,3,2.016898,1,0.935371,0
2017-07-31,sz.000060,11.8900,12.4300,11.8700,12.3900,11.8700,88465145,1083687776.0000,3,4.000975,1,4.380796,0
2017-08-01,sz.000060,12.3200,12.3500,12.0000,12.1600,12.3900,56400530,685164976.0000,3,2.550803,1,-1.856340,0
2017-08-02,sz.000060,12.1200,12.6200,12.0100,12.1700,12.1600,90137665,1111635216.0000,3,4.076618,1,0.082239,0
2017-08-03,sz.000060,12.3500,12.7300,12.2200,12.6000,12.1700,127273137,1589798336.0000,3,5.756128,1,3.533281,0
2017-08-04,sz.000060,12.6000,13.0100,12.3300,12.3500,12.6000,122783740,1555696208.0000,3,5.553088,1,-1.984127,0
2017-08-07,sz.000060,12.2300,12.6600,12.0000,12.6400,12.3500,81209063,1003476928.0000,3,3.672808,1,2.348178,0
2017-08-08,sz.000060,12.9000,13.2900,12.6400,12.7700,12.6400,143923188,1865319472.0000,3,6.509153,1,1.028482,0
2017-08-09,sz.000060,13.1500,13.2500,12.7600,13.2500,12.7700,121642711,1586494992.0000,3,5.501483,1,3.758806,0
2017-08-10,sz.000060,12.9900,13.0600,12.6500,12.7100,13.2500,83627509,1075631472.0000,3,3.782186,1,-4.075471,0
2017-08-11,sz.000060,12.4500,12.5500,11.5300,11.6700,12.7100,107039222,1292587040.0000,3,4.841017,1,-8.182533,0
2017-08-14,sz.000060,11.6700,11.9100,11.5600,11.8000,11.6700,46596462,547932560.0000,3,2.107398,1,1.113968,0
2017-08-15,sz.000060,11.8000,12.0300,11.7100,11.8800,11.8000,36317597,431500912.0000,3,1.642520,1,0.677965,0
2017-08-16,sz.000060,11.9000,11.9500,11.5300,11.9500,11.8800,42215930,496872800.0000,3,1.909282,1,0.589223,0
2017-08-17,sz.000060,12.7000,13.0600,12.5200,12.6500,11.9500,117644732,1496725232.0000,3,5.320668,1,5.857739,0
2017-08-18,sz.000060,12.2800,12.9300,12.2000,12.7000,12.6500,79773057,1003834208.0000,3,3.607862,1,0.395258,0
2017-08-21,sz.000060,12.7000,13.1700,12.5600,12.8900,12.7000,87344266,1130021504.0000,3,3.950282,1,1.496067,0
2017-08-22,sz.000060,12.7800,12.8300,12.5200,12.7100,12.8900,55506739,703609344.0000,3,2.510380,1,-1.396434,0
2017-08-23,sz.000060,12.4700,12.5200,12.1300,12.2500,12.7100,54055620,665429696.0000,3,2.444750,1,-3.619198,0
2017-08-24,sz.000060,12.3200,12.3600,12.0000,12.0700,12.2500,32983879,402276000.0000,3,1.491748,1,-1.469390,0
2017-08-25,sz.000060,12.1700,12.6100,12.1400,12.6000,12.0700,46276276,574521664.0000,3,2.092917,1,4.391058,0
2017-08-28,sz.000060,12.4400,12.7900,12.3600,12.7100,12.6000,46579947,587456720.0000,3,2.106651,1,0.873013,0
2017-08-29,sz.000060,12.8000,13.0100,12.5400,12.5600,12.7100,60307338,769333488.0000,3,2.727494,1,-1.180170,0
2017-08-30,sz.000060,12.4000,12.9900,12.4000,12.8900,12.5600,70339663,898354336.0000,3,3.181222,1,2.627388,0
2017-08-31,sz.000060,12.8900,13.0800,12.7300,13.0100,12.8900,74665284,965894032.0000,3,3.376855,1,0.930953,0
2017-09-01,sz.000060,13.1600,13.4300,12.9200,13.1400,13.0100,107480860,1416054704.0000,3,4.860991,1,0.999232,0
2017-09-04,sz.000060,13.4000,13.7400,13.2300,13.4000,13.1400,111128094,1496992528.0000,3,5.025943,1,1.978685,0
2017-09-05,sz.000060,13.3400,13.3500,12.9200,13.1800,13.4000,58136114,763285984.0000,3,2.629297,1,-1.641786,0
2017-09-06,sz.000060,12.7500,13.1500,12.6600,12.9200,13.1800,65172995,844596704.0000,3,2.947551,1,-1.972688,0
2017-09-07,sz.000060,12.9000,13.1000,12.7100,12.7200,12.9200,55998692,723763568.0000,3,2.532629,1,-1.547986,0
2017-09-08,sz.000060,12.7400,13.0200,12.6900,12.7800,12.7200,43155075,553447472.0000,3,1.951756,1,0.471694,0
2017-09-11,sz.000060,12.6700,12.9700,12.5400,12.9700,12.7800,46666103,596576992.0000,3,2.110548,1,1.486702,0
2017-09-12,sz.000060,13.0000,13.2800,12.8800,12.9200,12.9700,75637509,989429739.5700,3,3.420825,1,-0.385506,0
2017-09-13,sz.000060,12.9800,13.0800,12.8000,13.0500,12.9200,58993498,765550120.8000,3,2.668074,1,1.006193,0
2017-09-14,sz.000060,13.0800,13.1000,12.5900,12.6000,13.0500,68003633,870699106.1100,3,3.075571,1,-3.448274,0
2017-09-15,sz.000060,12.5000,12.6200,12.2000,12.3000,12.6000,59935014,741358229.3300,3,2.710655,1,-2.380954,0
2017-09-18,sz.000060,12.3000,12.4900,12.3000,12.4800,12.3000,26563066,329555988.3500,3,1.201356,1,1.463409,0
2017-09-19,sz.000060,12.6300,12.6400,12.3500,12.3600,12.4800,26148732,326659665.3600,3,1.182618,1,-0.961538,0
2017-09-20,sz.000060,12.3800,12.8600,12.3500,12.8400,12.3600,50657717,642077544.5100,3,2.291075,1,3.883499,0
2017-09-21,sz.000060,12.8100,12.8100,12.4000,12.4000,12.8400,33302342,419503536.9800,3,1.506151,1,-3.426795,0
2017-09-22,sz.000060,12.2100,12.2600,11.9500,12.1200,12.4000,45216489,548190055.2800,3,2.044987,1,-2.258062,0
2017-09-25,sz.000060,12.2000,12.2100,11.9500,11.9500,12.1200,21108995,254616577.6000,3,0.954688,1,-1.402641,0
2017-09-26,sz.000060,12.0600,12.2100,12.0300,12.1900,11.9500,20649166,250756911.6600,3,0.933891,1,2.008366,0
2017-09-27,sz.000060,12.2000,12.3300,12.1200,12.2700,12.1900,32322688,395376464.9000,3,1.461844,1,0.656283,0
2017-09-28,sz.000060,12.2100,12.2100,12.0300,12.0500,12.2700,32088168,387866323.9700,3,1.451238,1,-1.792993,0
2017-09-29,sz.000060,12.1300,12.2400,12.1100,12.1300,12.0500,29374613,357378287.7100,3,1.328513,1,0.663900,0
2017-10-09,sz.000060,12.4900,12.5500,12.3300,12.3800,12.1300,37456687,464677606.6600,3,1.694038,1,2.061006,0
2017-10-10,sz.000060,12.3600,12.3600,12.1000,12.1800,12.3800,29421651,359011382.1100,3,1.330640,1,-1.615507,0
2017-10-11,sz.000060,12.2300,12.2400,11.9900,12.0400,12.1800,26445435,319516222.6400,3,1.196036,1,-1.149428,0
2017-10-12,sz.000060,12.0500,12.0500,11.6000,11.8600,12.0400,38320024,451633549.5700,3,1.733083,1,-1.495019,0
2017-10-13,sz.000060,11.8800,11.9200,11.7800,11.8800,11.8600,20532239,243659826.0500,3,0.928603,1,0.168638,0
2017-10-16,sz.000060,11.8800,12.0900,11.7300,12.0000,11.8800,40940379,488675539.0400,3,1.851593,1,1.010100,0
2017-10-17,sz.000060,11.8300,11.8700,11.6500,11.6600,12.0000,24986213,293473580.8500,3,1.130041,1,-2.833334,0
2017-10-18,sz.000060,11.6000,11.7800,11.4200,11.5200,11.6600,22582235,261800106.4900,3,1.021317,1,-1.200681,0
2017-10-19,sz.000060,11.5000,11.5100,11.2100,11.2900,11.5200,19921268,226129455.9000,3,0.900971,1,-1.996532,0
2017-10-20,sz.000060,11.2800,11.4900,11.2500,11.4600,11.2900,10174225,116375701.5400,3,0.460145,1,1.505758,0
2017-10-23,sz.000060,11.4600,11.5000,11.3300,11.4600,11.4600,11253259,128613500.6200,3,0.508946,1,0.000000,0
2017-10-24,sz.000060,11.5200,11.6200,11.3900,11.4900,11.4600,18365090,211585022.2600,3,0.830590,1,0.261778,0
2017-10-25,sz.000060,11.4700,11.5800,11.3900,11.5400,11.4900,15534028,178489518.3800,3,0.702551,1,0.435163,0
2017-10-26,sz.000060,11.5600,11.7400,11.5400,11.6200,11.5400,22635892,263503098.8400,3,1.023744,1,0.693240,0
2017-10-27,sz.000060,11.6100,11.6500,11.3600,11.3900,11.6200,19645781,225576380.3500,3,0.888511,1,-1.979342,0
2017-10-30,sz.000060,11.3700,11.4500,10.9100,11.0300,11.3900,30808844,342150336.3300,3,1.393378,1,-3.160673,0
2017-10-31,sz.000060,11.0300,11.1700,10.9700,11.1200,11.0300,20600341,228144367.8600,3,0.931683,1,0.815958,0
2017-11-01,sz.000060,11.3200,11.3400,11.1100,11.1400,11.1200,25736841,288821797.5600,3,1.163989,1,0.179860,0
2017-11-02,sz.000060,11.0700,11.1500,11.0200,11.0700,11.1400,18261659,202074601.9500,3,0.825912,1,-0.628372,0
2017-11-03,sz.000060,11.0700,11.1100,10.7200,10.8300,11.0700,24845901,270674912.4800,3,1.123695,1,-2.168020,0
2017-11-06,sz.000060,10.8600,10.9500,10.7500,10.9400,10.8300,14085856,152832015.3600,3,0.637055,1,1.015694,0
2017-11-07,sz.000060,10.9400,11.0600,10.7800,11.0300,10.9400,19017087,208214071.9500,3,0.860078,1,0.822671,0
2017-11-08,sz.000060,10.9200,11.0600,10.8800,10.9800,11.0300,19177812,210530831.0300,3,0.867347,1,-0.453311,0
2017-11-09,sz.000060,10.9800,11.0900,10.9600,11.0100,10.9800,15067903,166146436.4200,3,0.681470,1,0.273230,0
2017-11-10,sz.000060,11.0100,11.0700,10.7700,10.8000,11.0100,32609527,354147889.5300,3,1.474817,1,-1.907357,0
2017-11-13,sz.000060,10.8100,10.9500,10.7100,10.9400,10.8000,32919518,356095676.8600,3,1.488837,1,1.296291,0
2017-11-14,sz.000060,10.9300,11.0200,10.8700,10.9100,10.9400,24181818,264841420.0000,3,1.093661,1,-0.274221,0
2017-11-15,sz.000060,10.7800,10.8000,10.5600,10.5600,10.9100,24281065,259049069.9600,3,1.098149,1,-3.208061,0
2017-11-16,sz.000060,10.5300,10.6100,10.5100,10.5100,10.5600,15297558,161549758.5500,3,0.691856,1,-0.473487,0
2017-11-17,sz.000060,10.5200,10.5500,10.1100,10.1500,10.5100,25872093,266679856.0200,3,1.170106,1,-3.425315,0
2017-11-20,sz.000060,10.1100,10.3000,10.0200,10.2900,10.1500,17546997,178893625.8600,3,0.793591,1,1.379314,0
2017-11-21,sz.000060,10.2800,10.3300,10.1800,10.3000,10.2900,16267282,167085166.3500,3,0.735713,1,0.097184,0
2017-11-22,sz.000060,10.4000,10.4900,10.3500,10.4500,10.3000,18286250,190727685.5700,3,0.827024,1,1.456307,0
2017-11-23,sz.000060,10.4700,10.7500,10.2800,10.3200,10.4500,28740237,303862980.2200,3,1.299822,1,-1.244020,0
2017-11-24,sz.000060,10.2300,10.6800,10.1800,10.5700,10.2900,26261729,275493423.2500,3,1.187728,1,2.721086,0
2017-11-27,sz.000060,10.5600,10.7400,10.4100,10.4600,10.5700,21121251,223654377.2800,3,0.955242,1,-1.040678,0
2017-11-28,sz.000060,10.4400,10.6800,10.3800,10.6400,10.4600,17461953,184752182.6800,3,0.789744,1,1.720844,0
2017-11-29,sz.000060,10.6500,11.1000,10.6500,10.9700,10.6400,56229938,614653453.8400,3,2.543087,1,3.101503,0
2017-11-30,sz.000060,10.8800,11.0700,10.7600,10.8300,10.9700,21425054,232918756.1900,3,0.968982,1,-1.276211,0
2017-12-01,sz.000060,10.8300,10.9500,10.7300,10.9200,10.8300,19444563,210730584.5900,3,0.879411,1,0.831026,0
2017-12-04,sz.000060,11.0800,11.2300,10.8300,10.8600,10.9200,31162534,344228364.3800,3,1.409375,1,-0.549454,0
2017-12-05,sz.000060,10.7500,10.8100,10.3500,10.4500,10.8600,31045381,328261042.8700,3,1.404076,1,-3.775321,0
2017-12-06,sz.000060,10.3000,10.4700,10.1900,10.4500,10.4500,23871504,246392942.9300,3,1.079626,1,0.000000,0
2017-12-07,sz.000060,10.3900,10.5400,10.3600,10.3900,10.4500,13189598,137868996.8200,3,0.596520,1,-0.574158,0
2017-12-08,sz.000060,10.3500,10.5000,10.2800,10.4800,10.3900,13201984,137484452.3300,3,0.597080,1,0.866210,0
2017-12-11,sz.000060,10.4500,10.5600,10.3800,10.5500,10.4800,17249748,180329762.4200,3,0.780147,1,0.667945,0
2017-12-12,sz.000060,10.5800,10.6100,10.3800,10.4000,10.5500,17154039,179869306.2400,3,0.775818,1,-1.421806,0
2017-12-13,sz.000060,10.3700,10.4500,10.3400,10.4400,10.4000,9553909,99325308.8000,3,0.432091,1,0.384615,0
2017-12-14,sz.000060,10.4600,10.5000,10.3000,10.3400,10.4400,13652867,141792749.3800,3,0.617472,1,-0.957849,0
2017-12-15,sz.000060,10.3700,10.3800,10.2000,10.2900,10.3400,13907902,142892082.7400,3,0.629007,1,-0.483561,0
2017-12-18,sz.000060,10.3300,10.5400,10.3200,10.5400,10.2900,20293658,211602554.3200,3,0.917813,1,2.429543,0
2017-12-19,sz.000060,10.5600,10.5800,10.4500,10.5300,10.5400,14390965,151196485.9800,3,0.650854,1,-0.094879,0
2017-12-20,sz.000060,10.5100,10.5500,10.3000,10.3600,10.5300,14666698,152663039.1500,3,0.663324,1,-1.614436,0
2017-12-21,sz.000060,10.3800,10.5400,10.3200,10.5100,10.3600,16945340,177113707.7200,3,0.766380,1,1.447882,0
2017-12-22,sz.000060,10.5200,10.6900,10.5000,10.5400,10.5100,15038063,159065532.4900,3,0.680120,1,0.285440,0
2017-12-25,sz.000060,10.6100,10.7000,10.4000,10.4500,10.5400,21723204,229820283.4300,3,0.982466,1,-0.853891,0
2017-12-26,sz.000060,10.4100,10.5700,10.3000,10.5600,10.4500,24017423,250470013.7000,3,1.086226,1,1.052637,0
2017-12-27,sz.000060,10.5600,10.8000,10.5000,10.5900,10.5600,45877201,489680391.3200,3,2.074869,1,0.284088,0
2017-12-28,sz.000060,10.6600,11.1700,10.6200,11.0800,10.5900,82291091,899985289.7100,3,3.721744,1,4.627004,0
2017-12-29,sz.000060,11.0900,11.2300,11.0100,11.1700,11.0800,50369637,560485670.9800,3,2.278046,1,0.812276,0
2018-01-02,sz.000060,11.2600,11.3200,11.1200,11.2800,11.1700,40916112,458735280.7800,3,1.850496,1,0.984778,0
2018-01-03,sz.000060,11.3800,11.4800,11.1900,11.2100,11.2800,42643132,482848620.0700,3,1.928603,1,-0.620565,0
2018-01-04,sz.000060,11.1100,11.3500,11.0600,11.3500,11.2100,50526614,564366071.1200,3,2.285146,1,1.248888,0
2018-01-05,sz.000060,11.3100,11.4600,11.1900,11.3100,11.3500,47452995,536520387.6400,3,2.146136,1,-0.352423,0
2018-01-08,sz.000060,11.2100,11.7100,11.1700,11.5500,11.3100,64540161,740351909.2200,3,2.918930,1,2.122014,0
2018-01-09,sz.000060,11.7100,11.7600,11.5100,11.5700,11.5500,47009000,545961039.0300,3,2.126056,1,0.173156,0
2018-01-10,sz.000060,11.4100,11.6300,11.3100,11.3400,11.5700,50894973,582006275.0700,3,2.301805,1,-1.987896,0
2018-01-11,sz.000060,11.3600,11.4800,11.2200,11.4500,11.3400,42900266,486399022.1400,3,1.940232,1,0.970015,0
2018-01-12,sz.000060,11.5500,11.5500,11.2700,11.4300,11.4500,43803276,501236178.6900,3,1.981072,1,-0.174668,0
2018-01-15,sz.000060,11.4300,11.4800,11.1200,11.2100,11.4300,40997739,462292147.9700,3,1.854187,1,-1.924762,0
2018-01-16,sz.000060,11.2200,11.2400,10.9500,11.1000,11.2100,42162822,468291113.1200,3,1.906880,1,-0.981264,0
2018-01-17,sz.000060,11.0800,11.1500,10.8700,11.0300,11.1000,43172294,475582590.6600,3,1.952535,1,-0.630637,0
2018-01-18,sz.000060,11.0800,11.2100,11.0300,11.0900,11.0300,32423001,360317656.9000,3,1.466381,1,0.543975,0
2018-01-19,sz.000060,11.1400,11.3100,11.0200,11.3100,11.0900,41515986,463035096.4900,3,1.877626,1,1.983771,0
2018-01-22,sz.000060,11.3100,11.6400,11.2100,11.6400,11.3100,79548363,912829530.4300,3,3.597700,1,2.917771,0
2018-01-23,sz.000060,11.6400,11.8800,11.5300,11.8100,11.6400,86287816,1011956397.5800,3,3.902502,1,1.460482,0
2018-01-24,sz.000060,11.6500,11.6900,11.3800,11.4800,11.8100,80881545,931042335.5200,3,3.657995,1,-2.794250,0
2018-01-25,sz.000060,11.6300,11.8800,11.5600,11.8200,11.4800,99639931,1168752717.7200,3,4.506373,1,2.961674,0
2018-01-26,sz.000060,11.6500,11.6800,11.5300,11.5900,11.8200,52730915,612071789.3700,3,2.384839,1,-1.945851,0
2018-01-29,sz.000060,11.9800,12.0000,11.7300,11.8200,11.5900,90462138,1073461918.3700,3,4.091293,1,1.984465,0
2018-01-30,sz.000060,11.8000,12.2600,11.7500,11.8000,11.8200,105336498,1265640935.3300,3,4.764009,1,-0.169201,0
2018-01-31,sz.000060,11.5500,12.0300,11.4700,12.0000,11.8000,77780403,912630118.1500,3,3.517741,1,1.694914,0
2018-02-01,sz.000060,11.8600,12.0500,11.0200,11.2900,12.0000,82219233,952957032.9900,3,3.718494,1,-5.916667,0
2018-02-02,sz.000060,11.3100,12.2000,11.1600,12.0800,11.2900,99024203,1163391693.6300,3,4.478525,1,6.997343,0
2018-02-05,sz.000060,11.8000,12.2600,11.7900,12.1000,12.0800,96545910,1160097476.9100,3,4.366441,1,0.165567,0
2018-02-06,sz.000060,11.7500,12.3000,11.3200,11.4100,12.1000,117539060,1398871285.2000,3,5.315889,1,-5.702484,0
2018-02-07,sz.000060,11.7000,11.9500,11.2800,11.3400,11.4100,84118531,982310216.9500,3,3.804393,1,-0.613494,0
2018-02-08,sz.000060,11.0100,11.1200,10.5600,10.7200,11.3400,75906759,822798741.6700,3,3.433003,1,-5.467371,0
2018-02-09,sz.000060,10.3500,10.3600,9.6500,9.6500,10.7200,103616131,1024511268.8200,3,4.686203,1,-9.981349,0
2018-02-12,sz.000060,9.7000,9.8700,9.5600,9.8300,9.6500,39330657,383936496.5600,3,1.778791,1,1.865288,0
2018-02-13,sz.000060,9.9300,10.0500,9.8300,9.9200,9.8300,37220901,369553111.4400,3,1.683374,1,0.915566,0
2018-02-14,sz.000060,10.0500,10.0700,9.8400,9.9400,9.9200,30469574,302650303.6600,3,1.378034,1,0.201608,0
2018-02-22,sz.000060,10.0400,10.2600,9.9900,10.1500,9.9400,46618168,471952507.5500,3,2.108380,1,2.112677,0
2018-02-23,sz.000060,10.1600,10.2500,10.0200,10.2000,10.1500,38270158,387926027.8700,3,1.730828,1,0.492613,0
2018-02-26,sz.000060,10.2300,10.3800,10.1200,10.3200,10.2000,45817031,470196120.8700,3,2.072147,1,1.176469,0
2018-02-27,sz.000060,10.3600,10.3800,10.1200,10.1900,10.3200,38192495,390290799.9100,3,1.727316,1,-1.259691,0
2018-02-28,sz.000060,10.0800,10.3300,9.9800,10.1800,10.1900,31457334,319218574.4800,3,1.422707,1,-0.098128,0
2018-03-01,sz.000060,10.0800,10.2100,10.0300,10.1400,10.1800,27590711,279255909.3000,3,1.247833,1,-0.392927,0
2018-03-02,sz.000060,10.0500,10.1300,9.9800,10.0400,10.1400,28043760,281843846.5100,3,1.268323,1,-0.986197,0
2018-03-05,sz.000060,10.0500,10.0900,9.8700,9.9200,10.0400,28937595,289065606.5300,3,1.308748,1,-1.195218,0
2018-03-06,sz.000060,9.9200,10.1800,9.7800,10.1300,9.9200,61349929,611306845.8500,3,2.774647,1,2.116936,0
2018-03-07,sz.000060,10.1000,10.1100,9.9000,9.9300,10.1300,36462959,364811549.1000,3,1.649095,1,-1.974332,0
2018-03-08,sz.000060,9.8900,10.0700,9.8700,9.9700,9.9300,22693068,226551901.6400,3,1.026330,1,0.402819,0
2018-03-09,sz.000060,9.9400,10.0400,9.9000,10.0100,9.9700,29698485,295693210.8900,3,1.343161,1,0.401203,0
2018-03-12,sz.000060,10.0700,10.1700,10.0400,10.1500,10.0100,57432897,581113600.8300,3,2.597493,1,1.398595,0
2018-03-13,sz.000060,10.1100,10.1300,10.0200,10.0600,10.1500,30049978,302579479.8700,3,1.359058,1,-0.886692,0
2018-03-14,sz.000060,10.0600,10.2300,10.0600,10.1000,10.0600,41769828,424125652.0600,3,1.889106,1,0.397614,0
2018-03-15,sz.000060,10.0300,10.0400,9.9000,9.9600,10.1000,29381634,292527511.5600,3,1.328831,1,-1.386142,0
2018-03-16,sz.000060,9.9600,9.9800,9.9000,9.9000,9.9600,18045782,179180555.0000,3,0.816149,1,-0.602414,0
2018-03-19,sz.000060,9.8500,9.8900,9.7700,9.8400,9.9000,18754680,184318530.4500,3,0.848210,1,-0.606055,0
2018-03-20,sz.000060,9.7900,9.8300,9.7200,9.8100,9.8400,18387534,179634374.6500,3,0.831605,1,-0.304875,0
2018-03-21,sz.000060,9.7900,9.9200,9.7400,9.7800,9.8100,20925204,205862920.5800,3,0.946375,1,-0.305817,0
2018-03-22,sz.000060,9.8800,9.9200,9.7800,9.8100,9.7800,20148190,198266477.8100,3,0.911234,1,0.306756,0
2018-03-23,sz.000060,9.4900,9.4900,8.8300,9.0800,9.8100,70229611,643894331.0400,3,3.176245,1,-7.441391,0
2018-03-26,sz.000060,8.8900,9.1400,8.7900,9.1200,9.0800,25077140,224944705.8400,3,1.134153,1,0.440528,0
2018-03-27,sz.000060,9.2800,9.3500,9.2000,9.3100,9.1200,25498192,236434927.5600,3,1.153196,1,2.083339,0
2018-03-28,sz.000060,9.2000,9.2300,9.1600,9.1900,9.3100,19302986,177370005.7400,3,0.873008,1,-1.288946,0
2018-03-29,sz.000060,9.2000,9.3900,9.1900,9.3400,9.1900,22425655,208719070.8300,3,1.014236,1,1.632215,0
2018-03-30,sz.000060,9.3400,9.4100,9.3100,9.3700,9.3400,18160241,169954665.2800,3,0.821325,1,0.321196,0
2018-04-02,sz.000060,9.3800,9.5700,9.3700,9.4100,9.3700,18526479,175304685.6900,3,0.837889,1,0.426894,0
2018-04-03,sz.000060,9.5500,9.7600,9.5100,9.5800,9.4100,38107068,367833229.0500,3,1.723004,1,1.806590,0
2018-04-04,sz.000060,9.5500,9.6400,9.4500,9.4600,9.5800,18664403,178025959.1700,3,0.843907,1,-1.252608,0
2018-04-09,sz.000060,9.4400,9.5800,9.3900,9.4800,9.4600,15410875,146261152.0900,3,0.696800,1,0.211411,0
2018-04-10,sz.000060,9.5800,9.6600,9.5300,9.6500,9.4800,23719523,227753158.4600,3,1.072474,1,1.793250,0
2018-04-11,sz.000060,9.7500,9.7700,9.6200,9.6500,9.6500,19876851,192243759.2700,3,0.898728,1,0.000000,0
2018-04-12,sz.000060,9.6000,9.6600,9.4800,9.5200,9.6500,19315499,184430843.5700,3,0.873347,1,-1.347142,0
2018-04-13,sz.000060,9.5000,9.5600,9.4400,9.4500,9.5200,12423994,117917977.0500,3,0.561748,1,-0.735301,0
2018-04-16,sz.000060,9.4500,9.4800,9.3000,9.4300,9.4500,13852273,130080897.2600,3,0.626328,1,-0.211635,0
2018-04-17,sz.000060,9.4100,9.5600,9.2800,9.3000,9.4300,15531179,145993574.9200,3,0.702239,1,-1.378580,0
2018-04-18,sz.000060,9.3800,9.4300,9.2400,9.3900,9.3000,14467755,135121908.6700,3,0.654157,1,0.967743,0
2018-04-19,sz.000060,9.6000,9.7200,9.5500,9.6900,9.3900,36663264,354088561.3000,3,1.657722,1,3.194880,0
2018-04-20,sz.000060,9.6000,9.6200,9.3900,9.4300,9.6900,23654087,224448207.2200,3,1.069515,1,-2.683171,0
2018-04-23,sz.000060,9.4000,9.4700,9.3500,9.4500,9.4300,12574245,118307645.1900,3,0.568542,1,0.212084,0
2018-04-24,sz.000060,9.3900,9.5900,9.3500,9.5800,9.4500,19478572,185560238.6600,3,0.880720,1,1.375663,0
2018-04-25,sz.000060,9.5000,9.5800,9.5000,9.5700,9.5800,10746046,102582335.0200,3,0.485880,1,-0.104386,0
2018-04-26,sz.000060,9.5100,9.5500,9.3200,9.3400,9.5700,15445005,145490242.5300,3,0.698343,1,-2.403339,0
2018-04-27,sz.000060,9.3800,9.4700,9.3400,9.4500,9.3400,11422366,107566666.9700,3,0.516460,1,1.177727,0
2018-05-02,sz.000060,9.4600,9.5200,9.3600,9.4500,9.4500,10924980,102978373.7900,3,0.493971,1,0.000000,0
2018-05-03,sz.000060,9.4300,9.4300,9.1800,9.3600,9.4500,17848984,165768279.5800,3,0.807038,1,-0.952383,0
2018-05-04,sz.000060,9.3100,9.3500,9.2300,9.2600,9.3600,10897932,101188890.6100,3,0.492748,1,-1.068370,0
2018-05-07,sz.000060,9.3100,9.4200,9.2800,9.3900,9.2600,12290971,115048899.7600,3,0.555734,1,1.403889,0
2018-05-08,sz.000060,9.4100,9.5300,9.3600,9.4900,9.3900,15752068,149030843.3200,3,0.712227,1,1.064957,0
2018-05-09,sz.000060,9.5100,9.6400,9.5100,9.5900,9.4900,18752651,179593012.4500,3,0.847897,1,1.053745,0
2018-05-10,sz.000060,9.5800,9.6500,9.5500,9.6400,9.5900,17464843,167748547.0200,3,0.789670,1,0.521378,0
2018-05-11,sz.000060,9.6600,9.7200,9.6100,9.6400,9.6400,18127709,175292962.1000,3,0.819641,1,0.000000,0
2018-05-14,sz.000060,9.6600,9.7000,9.6100,9.6700,9.6400,15651968,151090361.1900,3,0.707701,1,0.311200,0
2018-05-15,sz.000060,9.7000,9.7100,9.5800,9.6700,9.6700,17772259,171472408.8500,3,0.803569,1,0.000000,0
2018-05-16,sz.000060,6.2600,6.2700,6.1800,6.1800,6.2800,23754897,147888973.4000,3,0.716049,1,-1.592363,0
2018-05-17,sz.000060,6.1700,6.2200,6.1600,6.1700,6.1800,13897344,85960648.1400,3,0.418910,1,-0.161808,0
2018-05-18,sz.000060,6.1800,6.2600,6.1600,6.2500,6.1700,18185576,112954452.4600,3,0.548172,1,1.296595,0
2018-05-21,sz.000060,6.3000,6.3300,6.2600,6.2900,6.2500,23714493,149106839.7600,3,0.714831,1,0.639999,0
2018-05-22,sz.000060,6.3100,6.3300,6.2200,6.2700,6.2900,17413635,109021214.0000,3,0.524903,1,-0.317965,0
2018-05-23,sz.000060,6.2700,6.2700,6.0100,6.0700,6.2700,34955262,213960728.2600,3,1.053664,1,-3.189790,0
2018-05-24,sz.000060,6.0700,6.0900,6.0100,6.0300,6.0700,16464839,99532662.7600,3,0.496303,1,-0.658978,0
2018-05-25,sz.000060,6.0600,6.0700,5.9900,6.0600,6.0300,16999913,102447481.4700,3,0.512432,1,0.497508,0
2018-05-28,sz.000060,6.0600,6.0700,5.9900,6.0100,6.0600,11134902,67058222.9200,3,0.335642,1,-0.825078,0
2018-05-29,sz.000060,6.0000,6.0400,5.9800,6.0100,6.0100,13714450,82344279.6700,3,0.413397,1,0.000000,0
2018-05-30,sz.000060,5.9400,5.9400,5.7100,5.7400,6.0100,22359524,130151761.1500,3,0.673988,1,-4.492520,0
2018-05-31,sz.000060,5.8200,5.8800,5.7800,5.8800,5.7400,13374363,77961187.1000,3,0.403146,1,2.439030,0
2018-06-01,sz.000060,5.8600,6.0100,5.8300,5.9100,5.8800,17305921,102923830.0700,3,0.521656,1,0.510200,0
2018-06-04,sz.000060,5.9100,5.9900,5.8800,5.8900,5.9100,11761314,69857455.8200,3,0.354524,1,-0.338409,0
2018-06-05,sz.000060,5.9000,5.9700,5.8900,5.9600,5.8900,13314439,79055498.7400,3,0.401340,1,1.188458,0
2018-06-06,sz.000060,6.0400,6.1100,6.0100,6.0500,5.9600,24202858,146820735.4000,3,0.729552,1,1.510070,0
2018-06-07,sz.000060,6.0800,6.0800,5.9700,5.9700,6.0500,14956717,90040755.6700,3,0.450843,1,-1.322321,0
2018-06-08,sz.000060,5.9500,5.9600,5.8000,5.8200,5.9700,19582013,114377791.9000,3,0.590265,1,-2.512557,0
2018-06-11,sz.000060,5.8300,5.8400,5.7500,5.7800,5.8200,14312113,82914786.5200,3,0.431413,1,-0.687284,0
2018-06-12,sz.000060,5.7600,5.8100,5.7300,5.8000,5.7800,12685240,73286557.1100,3,0.382374,1,0.346020,0
2018-06-13,sz.000060,5.7800,5.7800,5.6500,5.6600,5.8000,14600570,83407154.8400,3,0.440108,1,-2.413799,0
2018-06-14,sz.000060,5.6400,5.7200,5.6200,5.6500,5.6600,10495802,59492586.8800,3,0.316377,1,-0.176674,0
2018-06-15,sz.000060,5.6300,5.6600,5.4500,5.5000,5.6500,20053343,111016502.5100,3,0.604472,1,-2.654869,0
2018-06-19,sz.000060,5.3800,5.3800,4.9500,4.9600,5.5000,45204039,232087099.7600,3,1.362595,1,-9.818181,0
2018-06-20,sz.000060,4.9400,5.0300,4.8600,4.9900,4.9600,23174230,114788174.1200,3,0.698546,1,0.604833,0
2018-06-21,sz.000060,5.0000,5.0800,4.6500,4.6900,4.9900,40245517,196080577.4400,3,1.213129,1,-6.012019,0
2018-06-22,sz.000060,4.6800,4.7600,4.5600,4.7400,4.6900,27798511,130153562.8000,3,0.837936,1,1.066092,0
2018-06-25,sz.000060,4.7900,4.7900,4.6700,4.6700,4.7400,19249009,91163283.6500,3,0.580227,1,-1.476787,0
2018-06-26,sz.000060,4.5700,4.7300,4.5500,4.7100,4.6700,17264057,80344148.9200,3,0.520394,1,0.856530,0
2018-06-27,sz.000060,4.7000,4.7900,4.6900,4.7200,4.7100,19503508,92563133.2700,3,0.587898,1,0.212309,0
2018-06-28,sz.000060,4.7100,4.8300,4.7100,4.7600,4.7200,18262739,87371682.7100,3,0.550497,1,0.847467,0
2018-06-29,sz.000060,4.7700,4.8700,4.7600,4.8600,4.7600,17080427,82424858.7700,3,0.514859,1,2.100838,0
2018-07-02,sz.000060,4.8100,4.8500,4.6900,4.7100,4.8600,22329272,106417911.9100,3,0.673080,1,-3.086422,0
2018-07-03,sz.000060,4.7200,4.8100,4.6300,4.7900,4.7100,16723272,79119405.2500,3,0.504096,1,1.698512,0
2018-07-04,sz.000060,4.8000,4.8000,4.6300,4.6300,4.7900,29271762,137175250.8300,3,0.820346,1,-3.340289,0
2018-07-05,sz.000060,4.6000,4.6300,4.3600,4.4100,4.6300,38578539,172277967.6000,3,1.081170,1,-4.751626,0
2018-07-06,sz.000060,4.4300,4.5000,4.3200,4.4200,4.4100,31094305,137562818.3700,3,0.871423,1,0.226763,0
2018-07-09,sz.000060,4.4600,4.5400,4.4400,4.5200,4.4200,21180393,95186867.6300,3,0.593584,1,2.262441,0
2018-07-10,sz.000060,4.5400,4.6100,4.5100,4.5900,4.5200,27534916,125577001.2900,3,0.771671,1,1.548676,0
2018-07-11,sz.000060,4.4500,4.5200,4.3000,4.3900,4.5900,29532030,130535994.7700,3,0.827640,1,-4.357305,0
2018-07-12,sz.000060,4.4100,4.5700,4.4100,4.5400,4.3900,25345319,114284047.4900,3,0.710307,1,3.416859,0
2018-07-13,sz.000060,4.5500,4.6200,4.5000,4.5900,4.5400,23147274,105516091.6200,3,0.648706,1,1.101326,0
2018-07-16,sz.000060,4.5900,4.5900,4.5000,4.5100,4.5900,19679281,89013804.8800,3,0.551515,1,-1.742918,0
2018-07-17,sz.000060,4.5300,4.5300,4.4300,4.5300,4.5100,17312523,77626635.4400,3,0.485186,1,0.443459,0
2018-07-18,sz.000060,4.5200,4.5500,4.4500,4.4600,4.5300,17832643,80238042.0000,3,0.499763,1,-1.545258,0
2018-07-19,sz.000060,4.5600,4.5800,4.4400,4.4700,4.4600,20061913,90328236.2900,3,0.562238,1,0.224210,0
2018-07-20,sz.000060,4.4200,4.5300,4.3500,4.5200,4.4700,26614833,118344498.8600,3,0.745885,1,1.118572,0
2018-07-23,sz.000060,4.4800,4.6600,4.4600,4.6500,4.5200,40570405,185385325.7000,3,1.136992,1,2.876109,0
2018-07-24,sz.000060,4.6600,4.9500,4.6200,4.9000,4.6500,75287885,363445261.7000,3,2.109955,1,5.376344,0
2018-07-25,sz.000060,4.8600,4.9200,4.8200,4.8800,4.9000,43805789,213115405.2700,3,1.227664,1,-0.408163,0
2018-07-26,sz.000060,4.8600,4.9200,4.8400,4.8800,4.8800,27472035,133956035.6300,3,0.769908,1,0.000000,0
2018-07-27,sz.000060,4.8800,4.9100,4.8200,4.8300,4.8800,24990890,121522844.9100,3,0.700374,1,-1.024594,0
2018-07-30,sz.000060,4.8300,4.9100,4.8000,4.8300,4.8300,26403554,128175747.7600,3,0.739964,1,0.000000,0
2018-07-31,sz.000060,4.8300,4.8600,4.7600,4.8300,4.8300,13897095,66935302.8200,3,0.389468,1,0.000000,0
2018-08-01,sz.000060,4.8500,4.8600,4.6800,4.6900,4.8300,24714909,118258878.5800,3,0.692639,1,-2.898548,0
2018-08-02,sz.000060,4.6700,4.7000,4.4300,4.5600,4.6900,30989205,141133119.0600,3,0.868478,1,-2.771857,0
2018-08-03,sz.000060,4.5500,4.6200,4.5400,4.5700,4.5600,18034033,82599425.3400,3,0.505407,1,0.219303,0
2018-08-06,sz.000060,4.5600,4.5800,4.4100,4.4600,4.5700,19309588,86607331.2400,3,0.541154,1,-2.407005,0
2018-08-07,sz.000060,4.4900,4.7300,4.4700,4.7300,4.4600,28698197,132660063.7600,3,0.804272,1,6.053811,0
2018-08-08,sz.000060,4.7500,4.7500,4.6400,4.6400,4.7300,24636363,115391647.6200,3,0.690438,1,-1.902752,0
2018-08-09,sz.000060,4.6700,4.8800,4.6500,4.8100,4.6400,38904236,186770975.8200,3,1.090298,1,3.663795,0
2018-08-10,sz.000060,4.8300,4.8300,4.7400,4.8100,4.8100,18297572,87593909.0600,3,0.512792,1,0.000000,0
2018-08-13,sz.000060,4.7500,4.7900,4.6600,4.7800,4.8100,18457128,87302192.3900,3,0.517264,1,-0.623695,0
2018-08-14,sz.000060,4.7400,4.8300,4.7300,4.8000,4.7800,17308279,82891358.9300,3,0.485067,1,0.418410,0
2018-08-15,sz.000060,4.8000,4.8100,4.6000,4.6000,4.8000,21724165,102023671.0200,3,0.608823,1,-4.166672,0
2018-08-16,sz.000060,4.5000,4.6900,4.4500,4.6500,4.6000,22303981,102373903.6800,3,0.625073,1,1.086961,0
2018-08-17,sz.000060,4.6700,4.7000,4.5100,4.5200,4.6500,14890367,68376239.5100,3,0.417305,1,-2.795701,0
2018-08-20,sz.000060,4.5400,4.5900,4.4700,4.5800,4.5200,17505374,79342831.5300,3,0.490591,1,1.327432,0
2018-08-21,sz.000060,4.5800,4.6400,4.5300,4.6400,4.5800,15506414,71466006.6100,3,0.434570,1,1.310043,0
2018-08-22,sz.000060,4.6200,4.6400,4.5600,4.5700,4.6400,12044372,55304606.1400,3,0.337546,1,-1.508614,0
2018-08-23,sz.000060,4.5600,4.6200,4.5200,4.5800,4.5700,14558677,66656871.4600,3,0.408009,1,0.218813,0
2018-08-24,sz.000060,4.5800,4.6400,4.5400,4.5800,4.5800,12021171,55112247.4100,3,0.336895,1,0.000000,0
2018-08-27,sz.000060,4.6000,4.7000,4.6000,4.7000,4.5800,19073466,88853957.6000,3,0.534537,1,2.620085,0
2018-08-28,sz.000060,4.7100,4.8500,4.6800,4.8000,4.7000,37980523,181758198.5600,3,1.064410,1,2.127668,0
2018-08-29,sz.000060,4.7600,4.7900,4.7200,4.7300,4.8000,21501738,102069150.4900,3,0.602590,1,-1.458337,0
2018-08-30,sz.000060,4.7500,4.7600,4.6100,4.6200,4.7300,21238870,99142715.2600,3,0.595223,1,-2.325584,0
2018-08-31,sz.000060,4.6000,4.6400,4.5500,4.6100,4.6200,19070348,87575220.7700,3,0.534450,1,-0.216445,0
2018-09-03,sz.000060,4.5700,4.5700,4.4600,4.5500,4.6100,27389266,123401422.9800,3,0.767589,1,-1.301517,0
2018-09-04,sz.000060,4.5600,4.6100,4.5000,4.5800,4.5500,17866210,81412794.3800,3,0.500703,1,0.659335,0
2018-09-05,sz.000060,4.5500,4.5600,4.4700,4.4700,4.5800,17338741,78271779.5200,3,0.485921,1,-2.401750,0
2018-09-06,sz.000060,4.4700,4.5300,4.4500,4.4700,4.4700,10818091,48560055.8300,3,0.303179,1,0.000000,0
2018-09-07,sz.000060,4.4800,4.5400,4.4500,4.4700,4.4700,11868780,53344554.3700,3,0.332625,1,0.000000,0
2018-09-10,sz.000060,4.4700,4.4800,4.3900,4.4000,4.4700,13916610,61585057.2900,3,0.390015,1,-1.565989,0
2018-09-11,sz.000060,4.4000,4.4400,4.3500,4.4100,4.4000,12721438,55878456.7300,3,0.356520,1,0.227267,0
2018-09-12,sz.000060,4.3800,4.4500,4.3700,4.4000,4.4100,13004307,57321176.7500,3,0.364448,1,-0.226752,0
2018-09-13,sz.000060,4.4600,4.4800,4.4000,4.4800,4.4000,13292036,59059982.1700,3,0.372511,1,1.818180,0
2018-09-14,sz.000060,4.4800,4.5400,4.4400,4.4600,4.4800,14117963,63227871.7700,3,0.395658,1,-0.446428,0
2018-09-17,sz.000060,4.4300,4.4300,4.3000,4.3400,4.4600,16033735,69807811.2200,3,0.449348,1,-2.690580,0
2018-09-18,sz.000060,4.3200,4.4400,4.3100,4.4400,4.3400,15457905,67660694.1800,3,0.433210,1,2.304145,0
2018-09-19,sz.000060,4.4200,4.5300,4.4100,4.5000,4.4400,23816635,106827989.7000,3,0.667465,1,1.351350,0
2018-09-20,sz.000060,4.4900,4.5700,4.4800,4.5000,4.5000,20718862,93675385.4400,3,0.580650,1,0.000000,0
2018-09-21,sz.000060,4.5200,4.6100,4.4800,4.5800,4.5000,28251006,128558883.7700,3,0.791739,1,1.777776,0
2018-09-25,sz.000060,4.5500,4.5900,4.5300,4.5500,4.5800,16484190,75100767.1700,3,0.461972,1,-0.655016,0
2018-09-26,sz.000060,4.5600,4.6100,4.5400,4.5500,4.5500,18795292,85954854.7000,3,0.526741,1,0.000000,0
2018-09-27,sz.000060,4.5400,4.5700,4.5100,4.5200,4.5500,16379239,74433146.4700,3,0.459031,1,-0.659345,0
2018-09-28,sz.000060,4.5300,4.5900,4.5000,4.5800,4.5200,20041302,91411131.9100,3,0.561661,1,1.327432,0
2018-10-08,sz.000060,4.5300,4.5900,4.4200,4.4400,4.5800,26737274,120774882.3100,3,0.749316,1,-3.056766,0
2018-10-09,sz.000060,4.4600,4.6500,4.4500,4.5800,4.4400,34321711,156853151.3900,3,0.961872,1,3.153150,0
2018-10-10,sz.000060,4.6100,4.7300,4.5900,4.6500,4.5800,41420271,193089808.9300,3,1.160810,1,1.528388,0
2018-10-11,sz.000060,4.4900,4.5500,4.2700,4.3600,4.6500,46814254,206873807.3200,3,1.311977,1,-6.236558,0
2018-10-12,sz.000060,4.3500,4.4100,4.1700,4.3400,4.3600,31439847,135571463.3500,3,0.881107,1,-0.458715,0
2018-10-15,sz.000060,4.3700,4.3700,4.0900,4.1500,4.3400,27964742,118522681.8100,3,0.783716,1,-4.377882,0
2018-10-16,sz.000060,4.1200,4.2200,4.0500,4.0900,4.1500,17852498,73782290.5200,3,0.500319,1,-1.445782,0
2018-10-17,sz.000060,4.1300,4.1900,4.0200,4.1400,4.0900,14772230,60801429.7000,3,0.413994,1,1.222487,0
2018-10-18,sz.000060,4.1400,4.1400,3.9500,3.9600,4.1400,18250408,73656541.0400,3,0.511471,1,-4.347822,0
2018-10-19,sz.000060,3.9000,4.0900,3.8300,4.0900,3.9600,23517760,92931083.5700,3,0.659089,1,3.282831,0
2018-10-22,sz.000060,4.0800,4.3000,4.0500,4.2500,4.0900,35654541,149689670.7300,3,0.999224,1,3.911977,0
2018-10-23,sz.000060,4.2200,4.2700,4.1200,4.1500,4.2500,20205977,84638838.8100,3,0.566276,1,-2.352939,0
2018-10-24,sz.000060,4.1300,4.2700,4.1200,4.2400,4.1500,23090496,97181352.7300,3,0.647115,1,2.168667,0
2018-10-25,sz.000060,4.1000,4.2200,4.0600,4.2100,4.2400,20903710,86626022.1200,3,0.585830,1,-0.707541,0
2018-10-26,sz.000060,4.2300,4.3200,4.2100,4.2400,4.2100,28730820,122331020.7100,3,0.805186,1,0.712583,0
2018-10-29,sz.000060,4.2400,4.2600,4.1400,4.1600,4.2400,15870435,66643098.0700,3,0.444772,1,-1.886791,0
2018-10-30,sz.000060,4.1200,4.2400,4.0900,4.2000,4.1600,19744767,82319291.6800,3,0.553350,1,0.961538,0
2018-10-31,sz.000060,4.2100,4.3400,4.1900,4.2800,4.2000,31768681,135627457.6000,3,0.890323,1,1.904771,0
2018-11-01,sz.000060,4.2600,4.3200,4.2300,4.2400,4.2800,32559754,139338062.2100,3,0.912492,1,-0.934590,0
2018-11-02,sz.000060,4.3000,4.3800,4.2600,4.3500,4.2400,43165039,186355851.1400,3,1.209707,1,2.594343,0
2018-11-05,sz.000060,4.3300,4.3800,4.2600,4.3300,4.3500,30834726,133150387.3900,3,0.864148,1,-0.459770,0
2018-11-06,sz.000060,4.3200,4.4100,4.2900,4.4100,4.3300,34557490,150683440.9900,3,0.968479,1,1.847573,0
2018-11-07,sz.000060,4.3800,4.5000,4.3500,4.3500,4.4100,35042178,154421607.1300,3,0.982063,1,-1.360543,0
2018-11-08,sz.000060,4.3800,4.3900,4.2800,4.2800,4.3500,20107413,87258980.8800,3,0.563514,1,-1.609189,0
2018-11-09,sz.000060,4.2700,4.3200,4.2500,4.2600,4.2800,14407916,61734024.4600,3,0.403784,1,-0.467289,0
2018-11-12,sz.000060,4.2700,4.3600,4.2400,4.3500,4.2600,17613195,75964501.0000,3,0.493613,1,2.112668,0
2018-11-13,sz.000060,4.3000,4.4500,4.3000,4.4200,4.3500,36152896,158837972.6200,3,1.013191,1,1.609199,0
2018-11-14,sz.000060,4.4200,4.4700,4.3700,4.4100,4.4200,35211506,155754117.9700,3,0.986808,1,-0.226249,0
2018-11-15,sz.000060,4.4000,4.4800,4.3800,4.4800,4.4100,27576920,122267057.5400,3,0.772848,1,1.587306,0
2018-11-16,sz.000060,4.4700,4.5300,4.4500,4.4800,4.4800,32874890,147615904.7400,3,0.921324,1,0.000000,0
2018-11-19,sz.000060,4.5000,4.5200,4.4200,4.5200,4.4800,27030528,120836575.4600,3,0.757535,1,0.892856,0
2018-11-20,sz.000060,4.4900,4.5200,4.4000,4.4100,4.5200,25209684,112403351.1100,3,0.706506,1,-2.433631,0
2018-11-21,sz.000060,4.3600,4.3900,4.3200,4.3900,4.4100,22277342,97041150.3000,3,0.624326,1,-0.453514,0
2018-11-22,sz.000060,4.3800,4.3900,4.3300,4.3600,4.3900,13712068,59816660.8000,3,0.384283,1,-0.683365,0
2018-11-23,sz.000060,4.3500,4.3600,4.1200,4.1200,4.3600,26739388,113008356.0400,3,0.749376,1,-5.504592,0
2018-11-26,sz.000060,4.1300,4.1700,4.1100,4.1100,4.1200,10750508,44509447.2400,3,0.301285,1,-0.242712,0
2018-11-27,sz.000060,4.1400,4.1700,4.1100,4.1300,4.1100,9868297,40910609.1500,3,0.276561,1,0.486617,0
2018-11-28,sz.000060,4.1300,4.1700,4.0500,4.1600,4.1300,12236520,50387246.3100,3,0.342930,1,0.726386,0
2018-11-29,sz.000060,4.1800,4.2400,4.1300,4.1400,4.1600,15878518,66454205.9700,3,0.444998,1,-0.480769,0
2018-11-30,sz.000060,4.1400,4.1700,4.1000,4.1700,4.1400,11939855,49390021.0900,3,0.334616,1,0.724643,0
2018-12-03,sz.000060,4.3200,4.3500,4.2500,4.2900,4.1700,27992084,120269144.0100,3,0.784483,1,2.877695,0
2018-12-04,sz.000060,4.2700,4.3000,4.2400,4.2800,4.2900,16048838,68502355.7700,3,0.449771,1,-0.233095,0
2018-12-05,sz.000060,4.2200,4.2900,4.1700,4.2300,4.2800,20489366,86726747.1400,3,0.574218,1,-1.168229,0
2018-12-06,sz.000060,4.2000,4.2200,4.1300,4.1400,4.2300,19361148,80877843.2700,3,0.542599,1,-2.127663,0
2018-12-07,sz.000060,4.1400,4.1800,4.1300,4.1500,4.1400,9985077,41416171.3000,3,0.279833,1,0.241551,0
2018-12-10,sz.000060,4.1100,4.1400,4.0900,4.1100,4.1500,15084213,62051682.8300,3,0.422738,1,-0.963854,0
2018-12-11,sz.000060,4.1300,4.1600,4.1000,4.1400,4.1100,13896830,57343384.1000,3,0.389461,1,0.729920,0
2018-12-12,sz.000060,4.1500,4.1700,4.1300,4.1500,4.1400,12201276,50654956.9900,3,0.341943,1,0.241551,0
2018-12-13,sz.000060,4.1500,4.2200,4.1300,4.2000,4.1500,25536814,106825525.3000,3,0.715673,1,1.204812,0
2018-12-14,sz.000060,4.1800,4.1900,4.1100,4.1100,4.2000,29395487,121644536.8200,3,0.823813,1,-2.142849,0
2018-12-17,sz.000060,4.0900,4.1200,4.0800,4.1100,4.1100,16907995,69398138.8900,3,0.473849,1,0.000000,0
2018-12-18,sz.000060,4.0800,4.1100,4.0500,4.0800,4.1100,11721870,47823357.8500,3,0.328507,1,-0.729932,0
2018-12-19,sz.000060,4.0900,4.1000,4.0500,4.0500,4.0800,8628510,35135525.9700,3,0.241815,1,-0.735288,0
2018-12-20,sz.000060,4.0300,4.0600,4.0200,4.0500,4.0500,11574849,46776334.8300,3,0.324387,1,0.000000,0
2018-12-21,sz.000060,4.0300,4.0500,3.9900,4.0100,4.0500,10101784,40573098.4500,3,0.283104,1,-0.987653,0
2018-12-24,sz.000060,3.9900,4.0500,3.9800,4.0400,4.0100,7730842,31123373.0100,3,0.216658,1,0.748123,0
2018-12-25,sz.000060,4.0000,4.0100,3.9000,3.9700,4.0400,14713446,58097054.8100,3,0.412347,1,-1.732672,0
2018-12-26,sz.000060,3.9800,3.9900,3.9300,3.9400,3.9700,9463578,37403838.0400,3,0.265218,1,-0.755667,0
2018-12-27,sz.000060,3.9800,4.0100,3.9300,3.9400,3.9400,19039756,75623438.3500,3,0.533592,1,0.000000,0
2018-12-28,sz.000060,3.9600,4.0000,3.9500,3.9600,3.9400,11935774,47467922.3000,3,0.334502,1,0.507614,0
2019-01-02,sz.000060,3.9600,4.0000,3.9300,3.9300,3.9600,7700348,30420553.4800,3,0.215804,1,-0.757575,0
2019-01-03,sz.000060,3.9200,3.9900,3.9200,3.9600,3.9300,12324124,48900272.3800,3,0.345386,1,0.763358,0
2019-01-04,sz.000060,3.9200,4.0600,3.9200,4.0600,3.9600,20186638,80869958.8600,3,0.565734,1,2.525250,0
2019-01-07,sz.000060,4.1000,4.1700,4.0600,4.1500,4.0600,29258187,120360443.3600,3,0.819966,1,2.216753,0
2019-01-08,sz.000060,4.1400,4.1400,4.0800,4.0900,4.1500,13457411,55297628.6200,3,0.377146,1,-1.445782,0
2019-01-09,sz.000060,4.1200,4.1400,4.0600,4.0800,4.0900,23717169,97480336.4400,3,0.664678,1,-0.244504,0
2019-01-10,sz.000060,4.0800,4.1000,4.0500,4.0600,4.0800,15081117,61426593.9000,3,0.422651,1,-0.490196,0
2019-01-11,sz.000060,4.0500,4.1400,4.0500,4.0900,4.0600,15999409,65521649.1000,3,0.448386,1,0.738922,0
2019-01-14,sz.000060,4.0900,4.1400,4.0600,4.0700,4.0900,16778560,68726464.0600,3,0.470222,1,-0.488997,0
2019-01-15,sz.000060,4.0700,4.1200,4.0600,4.1200,4.0700,13516282,55412965.5600,3,0.378796,1,1.228494,0
2019-01-16,sz.000060,4.1200,4.1300,4.0600,4.1100,4.1200,14696250,60228667.5900,3,0.411865,1,-0.242712,0
2019-01-17,sz.000060,4.1100,4.1800,4.0700,4.1100,4.1100,28902953,119232966.6600,3,0.810010,1,0.000000,0
2019-01-18,sz.000060,4.1200,4.2500,4.1000,4.2200,4.1100,50313779,211272034.3700,3,1.410052,1,2.676391,0
2019-01-21,sz.000060,4.2300,4.2600,4.1800,4.2100,4.2200,29519042,124703727.6300,3,0.827276,1,-0.236961,0
2019-01-22,sz.000060,4.2100,4.2200,4.1100,4.1300,4.2100,20746083,86154125.0400,3,0.581412,1,-1.900236,0
2019-01-23,sz.000060,4.1100,4.1500,4.1000,4.1300,4.1300,18447659,76043074.5700,3,0.516999,1,0.000000,0
2019-01-24,sz.000060,4.1300,4.1500,4.1000,4.1200,4.1300,13562617,55894367.3800,3,0.380095,1,-0.242136,0
2019-01-25,sz.000060,4.1200,4.1400,4.0800,4.0800,4.1200,17509480,72022320.7200,3,0.490706,1,-0.970873,0
2019-01-28,sz.000060,4.1200,4.1300,4.0500,4.0500,4.0800,21435605,87901443.8300,3,0.600736,1,-0.735288,0
2019-01-29,sz.000060,4.0600,4.0700,3.9500,4.0000,4.0500,22605334,90400121.9600,3,0.633518,1,-1.234573,0
2019-01-30,sz.000060,3.9900,4.0300,3.9700,3.9800,4.0000,13262189,53079259.7700,3,0.371675,1,-0.499999,0
2019-01-31,sz.000060,4.0000,4.0700,3.9700,4.0300,3.9800,27396264,110397135.7900,3,0.767785,1,1.256286,0
2019-02-01,sz.000060,4.0400,4.1200,4.0300,4.1200,4.0300,23626570,96164122.0300,3,0.662139,1,2.233243,0
2019-02-11,sz.000060,4.1100,4.1900,4.1000,4.1800,4.1200,25499589,105872347.0700,3,0.714630,1,1.456309,0
2019-02-12,sz.000060,4.1600,4.2200,4.1600,4.1900,4.1800,26046860,109138907.2900,3,0.729968,1,0.239240,0
2019-02-13,sz.000060,4.1900,4.2900,4.1600,4.2600,4.1900,43343256,183446044.7300,3,1.214702,1,1.670649,0
2019-02-14,sz.000060,4.2700,4.3400,4.2400,4.3000,4.2600,39637984,170354702.1400,3,1.110861,1,0.938966,0
2019-02-15,sz.000060,4.2800,4.3300,4.2600,4.2700,4.3000,32063889,137586060.5700,3,0.898596,1,-0.697679,0
2019-02-18,sz.000060,4.3200,4.3800,4.2900,4.3700,4.2700,40839012,177038994.0400,3,1.144520,1,2.341918,0
2019-02-19,sz.000060,4.3700,4.3900,4.3200,4.3500,4.3700,38618724,168065816.7700,3,1.082296,1,-0.457666,0
2019-02-20,sz.000060,4.3600,4.4600,4.3300,4.3800,4.3500,47061984,206903314.6600,3,1.318920,1,0.689660,0
2019-02-21,sz.000060,4.3700,4.4400,4.3400,4.3600,4.3800,45080574,197909409.8400,3,1.263390,1,-0.456621,0
2019-02-22,sz.000060,4.3400,4.4200,4.2900,4.4100,4.3600,42321185,184050380.5600,3,1.186058,1,1.146782,0
2019-02-25,sz.000060,4.4600,4.8500,4.4600,4.8500,4.4100,137019437,646968722.7300,3,3.839992,1,9.977325,0
2019-02-26,sz.000060,4.9400,5.1000,4.8100,4.9600,4.8500,167803917,833999987.4200,3,4.702732,1,2.268044,0
2019-02-27,sz.000060,4.8600,5.0000,4.8000,4.8700,4.9600,90465518,444143705.1600,3,2.535311,1,-1.814519,0
2019-02-28,sz.000060,4.9100,5.0000,4.7900,4.8500,4.8700,60664901,296304772.9900,3,1.700144,1,-0.410677,0
2019-03-01,sz.000060,4.8900,4.9100,4.7700,4.9000,4.8500,52062238,251979818.9700,3,1.459053,1,1.030932,0
2019-03-04,sz.000060,4.9800,5.1100,4.9300,5.0400,4.9000,118105893,592916730.7400,3,3.309937,1,2.857140,0
2019-03-05,sz.000060,4.9800,5.0900,4.9400,5.0900,5.0400,80515174,402685157.0000,3,2.256451,1,0.992067,0
2019-03-06,sz.000060,5.1000,5.3000,5.0700,5.1900,5.0900,105056919,543331476.3200,3,2.944237,1,1.964635,0
2019-03-07,sz.000060,5.1100,5.5700,5.1100,5.3800,5.1900,140546447,751203685.8600,3,3.938837,1,3.660887,0
2019-03-08,sz.000060,5.2200,5.3100,4.9800,4.9800,5.3800,127012678,654344848.8800,3,3.559551,1,-7.434946,0
2019-03-11,sz.000060,4.9900,5.1500,4.9900,5.1400,4.9800,64921618,330168302.7400,3,1.819439,1,3.212848,0
2019-03-12,sz.000060,5.1900,5.2800,5.0700,5.1500,5.1400,68264961,353225033.3600,3,1.913137,1,0.194557,0
2019-03-13,sz.000060,5.2100,5.2800,5.0900,5.1200,5.1500,74443133,386211624.5700,3,2.086281,1,-0.582528,0
2019-03-14,sz.000060,5.0600,5.1900,4.9100,4.9700,5.1200,57634861,289604780.4100,3,1.615226,1,-2.929689,0
2019-03-15,sz.000060,4.9700,5.0800,4.9700,5.0300,4.9700,43913111,220274937.8600,3,1.230672,1,1.207252,0
2019-03-18,sz.000060,5.0600,5.1800,5.0500,5.1800,5.0300,55193745,282862872.5200,3,1.546814,1,2.982100,0
2019-03-19,sz.000060,5.2100,5.2200,5.0900,5.1300,5.1800,45975963,235873673.9800,3,1.288484,1,-0.965245,0
2019-03-20,sz.000060,5.1200,5.1400,5.0200,5.1100,5.1300,44221670,224510924.6100,3,1.239320,1,-0.389863,0
2019-03-21,sz.000060,5.1500,5.2000,5.1000,5.1700,5.1100,61898434,319702309.3900,3,1.734714,1,1.174167,0
2019-03-22,sz.000060,5.1500,5.1500,5.0500,5.1300,5.1700,44452437,226797636.9500,3,1.245787,1,-0.773694,0
2019-03-25,sz.000060,5.0600,5.0800,4.9800,4.9900,5.1300,49808086,250605091.8500,3,1.395880,1,-2.729051,0
2019-03-26,sz.000060,5.0000,5.0400,4.8500,4.8800,4.9900,39588055,195252771.6700,3,1.109462,1,-2.204402,0
2019-03-27,sz.000060,4.9200,4.9300,4.8400,4.8900,4.8800,28447334,138859745.2400,3,0.797241,1,0.204913,0
2019-03-28,sz.000060,4.8700,4.9200,4.8100,4.8500,4.8900,24991830,121613555.8100,3,0.700400,1,-0.817995,0
2019-03-29,sz.000060,4.8600,5.0700,4.8300,5.0500,4.8500,51214478,254250824.2200,3,1.435294,1,4.123717,0
2019-04-01,sz.000060,5.1100,5.5600,5.1100,5.5600,5.0500,114210253,615794356.5200,3,3.200757,1,10.099000,0
2019-04-02,sz.000060,5.8400,6.1200,5.6500,5.9800,5.5600,345787920,2026174950.5700,3,9.690751,1,7.553958,0
2019-04-03,sz.000060,5.8700,5.9800,5.7500,5.9100,5.9800,160290468,939503689.7000,3,4.492161,1,-1.170571,0
2019-04-04,sz.000060,6.1000,6.1800,5.7800,5.9000,5.9100,144774113,861269117.4600,3,4.057313,1,-0.169201,0
2019-04-08,sz.000060,5.9000,6.1800,5.8200,6.0600,5.9000,165905352,994809403.9800,3,4.649519,1,2.711862,0
2019-04-09,sz.000060,5.9700,5.9700,5.7600,5.8300,6.0600,94002352,548200986.3700,3,2.634428,1,-3.795380,0
2019-04-10,sz.000060,5.7600,5.8200,5.6200,5.7400,5.8300,75224100,429912682.8600,3,2.108165,1,-1.543742,0
2019-04-11,sz.000060,5.7300,5.8000,5.5200,5.5500,5.7400,73314096,414589139.2900,3,2.054637,1,-3.310097,0
2019-04-12,sz.000060,5.5600,5.6200,5.5200,5.5900,5.5500,39214328,218368149.7500,3,1.098987,1,0.720720,0
2019-04-15,sz.000060,5.7500,5.7700,5.5000,5.5100,5.5900,62628735,353379892.5100,3,1.755178,1,-1.431126,0
2019-04-16,sz.000060,5.4200,5.7400,5.3900,5.7000,5.5100,90862534,512256317.7800,3,2.546434,1,3.448268,0
2019-04-17,sz.000060,5.6100,5.7100,5.5700,5.6300,5.7000,57340048,323437619.2700,3,1.606962,1,-1.228065,0
2019-04-18,sz.000060,5.6200,5.7100,5.5400,5.5500,5.6300,44970018,252467348.6000,3,1.260291,1,-1.420958,0
2019-04-19,sz.000060,5.5500,5.6300,5.4600,5.6200,5.5500,46091376,255251848.9500,3,1.291717,1,1.261256,0
2019-04-22,sz.000060,5.6500,5.6800,5.5200,5.5400,5.6200,44229780,247840415.3300,3,1.239545,1,-1.423486,0
2019-04-23,sz.000060,5.5100,5.5400,5.3900,5.4200,5.5400,53811846,293304766.4800,3,1.508084,1,-2.166063,0
2019-04-24,sz.000060,5.4500,5.4700,5.3600,5.4500,5.4200,33561765,182075079.3100,3,0.940573,1,0.553501,0
2019-04-25,sz.000060,5.4400,5.4600,5.1400,5.1500,5.4500,57237736,302884026.6000,3,1.604095,1,-5.504582,0
2019-04-26,sz.000060,5.1400,5.2000,5.0500,5.0900,5.1500,55958422,286254914.7300,3,1.568242,1,-1.165047,0
2019-04-29,sz.000060,5.0700,5.1000,4.9200,4.9500,5.0900,46065877,230661221.2900,3,1.291002,1,-2.750498,0
2019-04-30,sz.000060,4.9600,5.0800,4.9500,5.0800,4.9500,43088081,216402147.7200,3,1.207549,1,2.626265,0
2019-05-06,sz.000060,4.8800,4.9500,4.5800,4.6200,5.0800,67146638,318180294.3000,3,1.881793,1,-9.055119,0
2019-05-07,sz.000060,4.6600,4.6900,4.5400,4.6300,4.6200,48369135,223234685.2500,3,1.355551,1,0.216455,0
2019-05-08,sz.000060,4.5300,4.6300,4.4500,4.5700,4.6300,38809785,177260022.0100,3,1.087649,1,-1.295895,0
2019-05-09,sz.000060,4.5100,4.6500,4.4900,4.5900,4.5700,31769995,145614053.0400,3,0.890358,1,0.437636,0
2019-05-10,sz.000060,4.6100,4.7400,4.5100,4.7400,4.5900,46174526,215434126.7600,3,1.294047,1,3.267966,0
2019-05-13,sz.000060,4.6600,4.6700,4.5900,4.6500,4.7400,28866880,133878904.8000,3,0.808998,1,-1.898727,0
2019-05-14,sz.000060,4.5700,4.6500,4.5600,4.5800,4.6500,24471621,112850540.8100,3,0.685820,1,-1.505380,0
2019-05-15,sz.000060,4.6200,4.7000,4.6100,4.6700,4.5800,26322848,122622766.4400,3,0.737701,1,1.965069,0
2019-05-16,sz.000060,4.6200,4.8300,4.5900,4.7400,4.5900,66594745,315743453.2500,3,1.866326,1,3.267966,0
2019-05-17,sz.000060,4.7300,4.7300,4.5000,4.5500,4.7400,43440347,200468944.9300,3,1.217421,1,-4.008430,0
2019-05-20,sz.000060,4.5500,4.6200,4.4200,4.5900,4.5500,29308653,132103051.4200,3,0.821379,1,0.879120,0
2019-05-21,sz.000060,4.5700,4.8100,4.5400,4.7700,4.5900,51689464,243692922.2500,3,1.448604,1,3.921565,0
2019-05-22,sz.000060,4.7500,4.7800,4.6400,4.6700,4.7700,30980465,145535912.6200,3,0.868232,1,-2.096434,0
2019-05-23,sz.000060,4.6500,4.7200,4.5700,4.6000,4.6700,24018696,111482574.8400,3,0.673127,1,-1.498933,0
2019-05-24,sz.000060,4.5600,4.7200,4.5600,4.6200,4.6000,24394193,113139896.9800,3,0.683650,1,0.434782,0
2019-05-27,sz.000060,4.6300,4.7700,4.6000,4.7600,4.6200,32619879,153718334.5200,3,0.914176,1,3.030311,0
2019-05-28,sz.000060,4.7600,4.7800,4.7000,4.7400,4.7600,27543186,130706115.9500,3,0.771901,1,-0.420178,0
2019-05-29,sz.000060,4.8000,4.8400,4.7500,4.7700,4.7400,32371543,155334372.0000,3,0.907217,1,0.632916,0
2019-05-30,sz.000060,4.7300,4.9700,4.7100,4.9400,4.7700,64919025,315330990.4300,3,1.819364,1,3.563943,0
2019-05-31,sz.000060,5.0600,5.0800,4.8400,4.8400,4.9400,53771710,265589980.5400,3,1.506959,1,-2.024290,0
2019-06-03,sz.000060,4.8300,4.8800,4.7200,4.7300,4.8400,29548832,141450334.1600,3,0.828110,1,-2.272730,0
2019-06-04,sz.000060,4.7100,4.8000,4.6700,4.7100,4.7300,24415234,115333110.4800,3,0.684240,1,-0.422833,0
2019-06-05,sz.000060,4.7600,4.8100,4.7100,4.7200,4.7100,19296685,91827489.9300,3,0.540792,1,0.212309,0
2019-06-06,sz.000060,4.7000,4.7900,4.6200,4.6500,4.7200,24180533,113887106.9900,3,0.677663,1,-1.483045,0
2019-06-10,sz.000060,4.6600,4.7700,4.6300,4.7400,4.6500,27301920,128738382.7400,3,0.765140,1,1.935477,0
2019-06-11,sz.000060,4.7400,4.9000,4.7100,4.8800,4.7400,50837550,245446453.9500,3,1.424729,1,2.953594,0
2019-06-12,sz.000060,4.8000,4.9500,4.7500,4.8300,4.8800,65340316,316963684.7100,3,1.831171,1,-1.024594,0
2019-06-13,sz.000060,4.8000,4.8300,4.7500,4.7900,4.8300,35242069,168859717.7400,3,0.987664,1,-0.828156,0
2019-06-14,sz.000060,4.7800,4.8500,4.6900,4.7200,4.7900,39038592,186329204.7000,3,1.094062,1,-1.461381,0
2019-06-17,sz.000060,4.7000,4.8100,4.6600,4.7400,4.7200,22578825,107265359.0500,3,0.632775,1,0.423728,0
2019-06-18,sz.000060,4.7300,4.7400,4.5900,4.6200,4.7400,29471583,137034361.4300,3,0.825945,1,-2.531643,0
2019-06-19,sz.000060,4.7100,4.7400,4.6500,4.6600,4.6200,26938692,126464618.2700,3,0.754960,1,0.865800,0
2019-06-20,sz.000060,4.6800,4.8000,4.6500,4.7700,4.6600,36872573,174704981.6000,3,1.033359,1,2.360518,0
2019-06-21,sz.000060,4.7800,4.8900,4.7600,4.8200,4.7700,45253867,218714740.4400,3,1.268246,1,1.048222,0
2019-06-24,sz.000060,4.8700,4.8700,4.7900,4.8100,4.8200,22971006,110897948.3000,3,0.643765,1,-0.207474,0
2019-06-25,sz.000060,4.8500,4.9400,4.7800,4.8500,4.8100,53859112,261213165.2200,3,1.509409,1,0.831600,0
2019-06-26,sz.000060,4.7900,4.8200,4.7600,4.7700,4.8500,24548806,117415605.5200,3,0.687983,1,-1.649483,0
2019-06-27,sz.000060,4.7700,4.8100,4.7500,4.7700,4.7700,25647480,122528511.7900,3,0.718774,1,0.000000,0
2019-06-28,sz.000060,4.7700,4.7800,4.6400,4.6900,4.7700,25782061,120752911.6900,3,0.722546,1,-1.677147,0
2019-07-01,sz.000060,4.7500,4.7700,4.7200,4.7700,4.6900,32671091,155252676.6700,3,0.915612,1,1.705755,0
2019-07-02,sz.000060,4.7700,4.7700,4.7100,4.7200,4.7700,21023452,99526197.6300,3,0.589185,1,-1.048222,0
2019-07-03,sz.000060,4.7500,4.7600,4.6400,4.6600,4.7200,22158319,103719063.8100,3,0.620990,1,-1.271185,0
2019-07-04,sz.000060,4.6600,4.6800,4.5100,4.5200,4.6600,50009404,228730921.3200,3,1.401520,1,-3.004289,0
2019-07-05,sz.000060,4.5100,4.5500,4.4600,4.5400,4.5200,22718040,102400399.2900,3,0.636676,1,0.442478,0
2019-07-08,sz.000060,4.5200,4.5400,4.3300,4.3700,4.5400,36274388,159915171.4700,3,1.016594,1,-3.744495,0
2019-07-09,sz.000060,4.3800,4.4100,4.3300,4.3800,4.3700,15535658,67819201.0600,3,0.435389,1,0.228838,0
2019-07-10,sz.000060,4.4000,4.4100,4.3500,4.4000,4.3800,11899804,52138392.3500,3,0.333494,1,0.456621,0
2019-07-11,sz.000060,4.4400,4.4900,4.3900,4.4200,4.4000,15150820,67369203.0100,3,0.424604,1,0.454545,0
2019-07-12,sz.000060,4.4100,4.4500,4.4000,4.4300,4.4200,8429576,37352287.2100,3,0.236240,1,0.226239,0
2019-07-15,sz.000060,4.4300,4.5100,4.3600,4.4700,4.4300,19064553,84782540.8400,3,0.534287,1,0.902934,0
2019-07-16,sz.000060,4.4800,4.5300,4.4300,4.4800,4.4700,11017600,49400048.5000,3,0.308770,1,0.223719,0
2019-07-17,sz.000060,4.4800,4.5000,4.4500,4.4700,4.4800,11432854,51181779.0300,3,0.320407,1,-0.223219,0
2019-07-18,sz.000060,4.4900,4.5200,4.4100,4.4300,4.4700,21811611,97370228.6700,3,0.611273,1,-0.894854,0
2019-07-19,sz.000060,4.4700,4.5200,4.4600,4.5100,4.4300,38533652,173358290.5300,3,1.079911,1,1.805878,0
2019-07-22,sz.000060,4.4700,4.4800,4.3400,4.3500,4.5100,29679588,130249885.1600,3,0.831774,1,-3.547679,0
2019-07-23,sz.000060,4.3600,4.3800,4.3400,4.3700,4.3500,14560245,63495385.6200,3,0.408053,1,0.459770,0
2019-07-24,sz.000060,4.3900,4.4200,4.3700,4.3900,4.3700,15942646,70141406.0300,3,0.446795,1,0.457666,0
2019-07-25,sz.000060,4.3900,4.4000,4.3500,4.3600,4.3900,12933165,56462292.5600,3,0.362454,1,-0.683365,0
2019-07-26,sz.000060,4.3600,4.3700,4.3200,4.3400,4.3600,15785100,68529304.3400,3,0.442400,1,-0.458700,0
2019-07-29,sz.000060,4.3300,4.3600,4.3200,4.3500,4.3400,14829800,64290311.3100,3,0.415607,1,0.230409,0
2019-07-30,sz.000060,4.3500,4.4100,4.3300,4.4000,4.3500,15978226,70092414.2300,3,0.447800,1,1.149400,0
2019-07-31,sz.000060,4.3800,4.3900,4.3300,4.3500,4.4000,14552965,63301600.8000,3,0.407800,1,-1.136400,0
2019-08-01,sz.000060,4.3300,4.3500,4.2400,4.2700,4.3500,21312231,91363986.0100,3,0.597300,1,-1.839100,0
2019-08-02,sz.000060,4.2000,4.2200,4.1800,4.2100,4.2700,17751742,74646013.3600,3,0.497500,1,-1.405200,0
2019-08-05,sz.000060,4.2000,4.2400,4.1700,4.1700,4.2100,16824856,70838994.1900,3,0.471500,1,-0.950100,0
2019-08-06,sz.000060,4.1300,4.1400,3.9900,4.0500,4.1700,29310059,119056989.6800,3,0.821400,1,-2.877700,0
2019-08-07,sz.000060,4.0800,4.2200,4.0700,4.1900,4.0500,32677766,135643830.0400,3,0.915800,1,3.456800,0
2019-08-08,sz.000060,4.2500,4.2600,4.1300,4.1700,4.1900,21196286,88651082.3900,3,0.594000,1,-0.477300,0
2019-08-09,sz.000060,4.1900,4.2000,4.0800,4.0900,4.1700,16387859,67850927.1000,3,0.459300,1,-1.918500,0
2019-08-12,sz.000060,4.0800,4.1300,4.0400,4.1300,4.0900,13717042,55942070.8200,3,0.384400,1,0.978000,0
2019-08-13,sz.000060,4.1100,4.1900,4.0800,4.1700,4.1300,20614491,85428445.7600,3,0.577700,1,0.968500,0
2019-08-14,sz.000060,4.2000,4.2000,4.1400,4.1600,4.1700,18314929,76313536.4000,3,0.513300,1,-0.239800,0
2019-08-15,sz.000060,4.0600,4.1400,4.0600,4.1300,4.1600,15199347,62192807.2100,3,0.426000,1,-0.721100,0
2019-08-16,sz.000060,4.1300,4.1500,4.0900,4.1000,4.1300,18305471,75332318.8900,3,0.513000,1,-0.726400,0
2019-08-19,sz.000060,4.1500,4.2500,4.1400,4.2400,4.1000,31845521,133723012.4000,3,0.892500,1,3.414600,0
2019-08-20,sz.000060,4.2300,4.4100,4.2100,4.2800,4.2400,42154981,181876053.1500,3,1.181400,1,0.943400,0
2019-08-21,sz.000060,4.2700,4.2800,4.2000,4.2300,4.2800,25646750,108592898.5500,3,0.718800,1,-1.168200,0
2019-08-22,sz.000060,4.2300,4.2400,4.1800,4.2100,4.2300,15906178,66802027.5500,3,0.445800,1,-0.472800,0
2019-08-23,sz.000060,4.2100,4.2300,4.1800,4.2000,4.2100,14819754,62286083.6500,3,0.415300,1,-0.237500,0
2019-08-26,sz.000060,4.1400,4.1900,4.1200,4.1500,4.2000,17734776,73523962.8000,3,0.497000,1,-1.190500,0
2019-08-27,sz.000060,4.1600,4.2300,4.1500,4.1900,4.1500,22289496,93682123.1600,3,0.624700,1,0.963900,0
2019-08-28,sz.000060,4.2000,4.2100,4.1400,4.1600,4.1900,18474036,77072559.5100,3,0.517700,1,-0.716000,0
2019-08-29,sz.000060,4.1700,4.1800,4.1300,4.1400,4.1600,15999656,66296074.9000,3,0.448400,1,-0.480800,0
2019-08-30,sz.000060,4.1600,4.1700,4.0900,4.1000,4.1400,17119483,70589134.1700,3,0.479800,1,-0.966200,0
2019-09-02,sz.000060,4.1300,4.2300,4.1300,4.2100,4.1000,30455741,127292770.5900,3,0.853500,1,2.682900,0
2019-09-03,sz.000060,4.2100,4.2400,4.1700,4.1900,4.2100,21718214,91189064.7200,3,0.608700,1,-0.475100,0
2019-09-04,sz.000060,4.2300,4.3200,4.2100,4.2900,4.1900,45064191,191786030.3000,3,1.262900,1,2.386600,0
2019-09-05,sz.000060,4.3600,4.3800,4.3000,4.3200,4.2900,54903911,238489265.4300,3,1.538700,1,0.699300,0
2019-09-06,sz.000060,4.3300,4.3400,4.2700,4.3000,4.3200,24763976,106474326.8600,3,0.694000,1,-0.463000,0
2019-09-09,sz.000060,4.3200,4.3700,4.2700,4.3600,4.3000,37423098,161639813.8500,3,1.048800,1,1.395300,0
2019-09-10,sz.000060,4.3500,4.3800,4.3200,4.3400,4.3600,27904496,121201608.8500,3,0.782000,1,-0.458700,0
2019-09-11,sz.000060,4.3500,4.4400,4.3200,4.3600,4.3400,40445705,176868590.1100,3,1.133500,1,0.460800,0
2019-09-12,sz.000060,4.3700,4.3800,4.3000,4.3500,4.3600,24491700,106223110.9600,3,0.686400,1,-0.229400,0
2019-09-16,sz.000060,4.3700,4.4100,4.3300,4.3500,4.3500,29389158,128453845.6800,3,0.823600,1,0.000000,0
2019-09-17,sz.000060,4.3300,4.3300,4.2300,4.2300,4.3500,31180811,133244519.9700,3,0.873800,1,-2.758600,0
2019-09-18,sz.000060,4.2500,4.2500,4.2000,4.2100,4.2300,15358845,64947502.1700,3,0.430400,1,-0.472800,0
2019-09-19,sz.000060,4.2100,4.2400,4.1800,4.2200,4.2100,21730524,91528780.1700,3,0.609000,1,0.237500,0
2019-09-20,sz.000060,4.2300,4.2500,4.2100,4.2300,4.2200,23303629,98597443.0300,3,0.653100,1,0.237000,0
2019-09-23,sz.000060,4.2100,4.2200,4.1300,4.1700,4.2300,21354737,88856337.1700,3,0.598500,1,-1.418400,0
2019-09-24,sz.000060,4.1700,4.2000,4.1400,4.1600,4.1700,14263575,59464132.4200,3,0.399700,1,-0.239800,0
2019-09-25,sz.000060,4.1300,4.1400,4.0900,4.1000,4.1600,20258486,83303301.9100,3,0.567700,1,-1.442300,0
2019-09-26,sz.000060,4.1000,4.1200,4.0400,4.0400,4.1000,24766175,100802984.2000,3,0.694100,1,-1.463400,0
2019-09-27,sz.000060,4.0400,4.0900,4.0300,4.0700,4.0400,14399200,58613554.9400,3,0.403500,1,0.742600,0
2019-09-30,sz.000060,4.0900,4.0900,4.0400,4.0400,4.0700,12669867,51388326.6800,3,0.355100,1,-0.737100,0
2019-10-08,sz.000060,4.0400,4.0800,4.0400,4.0600,4.0400,12132497,49266871.0000,3,0.340000,1,0.495000,0
2019-10-09,sz.000060,4.0500,4.0900,4.0300,4.0900,4.0600,10729983,43630735.1800,3,0.300700,1,0.738900,0
2019-10-10,sz.000060,4.1000,4.1400,4.0800,4.1200,4.0900,13404649,55104622.1600,3,0.375700,1,0.733500,0
2019-10-11,sz.000060,4.1400,4.1500,4.0900,4.1300,4.1200,12621384,52018627.5800,3,0.353700,1,0.242700,0
2019-10-14,sz.000060,4.1600,4.1900,4.1400,4.1600,4.1300,16708263,69650469.6900,3,0.468200,1,0.726400,0
2019-10-15,sz.000060,4.1500,4.1600,4.1200,4.1300,4.1600,11180040,46269062.7500,3,0.313300,1,-0.721100,0
2019-10-16,sz.000060,4.1400,4.1500,4.1000,4.1100,4.1300,11095905,45830758.5500,3,0.311000,1,-0.484300,0
2019-10-17,sz.000060,4.1000,4.1500,4.0900,4.1300,4.1100,10837084,44580495.3000,3,0.303700,1,0.486600,0
2019-10-18,sz.000060,4.1200,4.1300,4.0500,4.0600,4.1300,16215762,66259758.0500,3,0.454400,1,-1.694900,0
2019-10-21,sz.000060,4.0600,4.0700,4.0300,4.0600,4.0600,13893125,56194235.5300,3,0.389400,1,0.000000,0
2019-10-22,sz.000060,4.0700,4.0800,4.0400,4.0700,4.0600,11174875,45351532.3300,3,0.313200,1,0.246300,0
2019-10-23,sz.000060,4.0700,4.0800,4.0400,4.0500,4.0700,6164300,24999238.0000,3,0.172800,1,-0.491400,0
2019-10-24,sz.000060,4.0500,4.0900,4.0300,4.0800,4.0500,10887655,44207700.3000,3,0.305100,1,0.740700,0
2019-10-25,sz.000060,4.0800,4.0900,4.0400,4.0800,4.0800,10853668,44146330.7400,3,0.304200,1,0.000000,0
2019-10-28,sz.000060,4.0900,4.1200,4.0700,4.1200,4.0800,18591218,76165886.9300,3,0.521000,1,0.980400,0
2019-10-29,sz.000060,4.1300,4.1300,4.0700,4.0700,4.1200,12821203,52518021.4800,3,0.359300,1,-1.213600,0
2019-10-30,sz.000060,4.0600,4.0700,4.0300,4.0300,4.0700,13334140,53904888.2000,3,0.373700,1,-0.982800,0
2019-10-31,sz.000060,4.0300,4.0500,4.0100,4.0200,4.0300,10039073,40475304.9300,3,0.281300,1,-0.248100,0
2019-11-01,sz.000060,4.0100,4.0500,4.0000,4.0500,4.0200,10294582,41547352.5300,3,0.288500,1,0.746300,0
2019-11-04,sz.000060,4.0600,4.0900,4.0500,4.0500,4.0500,11431242,46498176.3000,3,0.320400,1,0.000000,0
2019-11-05,sz.000060,4.0500,4.1000,4.0300,4.0700,4.0500,14300400,58186345.0200,3,0.400800,1,0.493800,0
2019-11-06,sz.000060,4.0700,4.0900,4.0300,4.0300,4.0700,14571400,59206253.3100,3,0.408400,1,-0.982800,0
2019-11-07,sz.000060,4.0400,4.0600,4.0200,4.0300,4.0300,12241486,49399058.0100,3,0.343100,1,0.000000,0
2019-11-08,sz.000060,4.0500,4.0600,4.0300,4.0300,4.0300,8273035,33478789.6900,3,0.231900,1,0.000000,0
2019-11-11,sz.000060,4.0100,4.0100,3.9300,3.9300,4.0300,20754397,82280901.0300,3,0.581600,1,-2.481400,0
2019-11-12,sz.000060,3.9300,3.9500,3.8600,3.9100,3.9300,13429638,52444305.5200,3,0.376400,1,-0.508900,0
2019-11-13,sz.000060,3.9000,3.9100,3.8600,3.8700,3.9100,10051284,39022260.5800,3,0.281700,1,-1.023000,0
2019-11-14,sz.000060,3.8800,3.9000,3.8600,3.8900,3.8700,11239327,43613673.7200,3,0.315000,1,0.516800,0
2019-11-15,sz.000060,3.9000,3.9200,3.8600,3.8600,3.8900,7885892,30690473.1800,3,0.221000,1,-0.771200,0
2019-11-18,sz.000060,3.8400,3.9200,3.8400,3.8900,3.8600,9168654,35590127.3000,3,0.257000,1,0.777200,0
2019-11-19,sz.000060,3.9000,3.9400,3.8900,3.9400,3.8900,9825163,38517347.4900,3,0.275400,1,1.285300,0
2019-11-20,sz.000060,3.9400,3.9400,3.9000,3.9100,3.9400,8687660,34043475.8700,3,0.243500,1,-0.761400,0
2019-11-21,sz.000060,3.9000,3.9200,3.8800,3.9000,3.9100,6269943,24444461.5600,3,0.175700,1,-0.255800,0
2019-11-22,sz.000060,3.9200,3.9800,3.8900,3.9300,3.9000,13162241,51694085.4900,3,0.368900,1,0.769200,0
2019-11-25,sz.000060,3.9100,4.0600,3.9100,4.0400,3.9300,24794362,99481493.3500,3,0.694900,1,2.799000,0
2019-11-26,sz.000060,4.0300,4.0400,3.9900,3.9900,4.0400,18425504,73857423.5700,3,0.516400,1,-1.237600,0
2019-11-27,sz.000060,3.9900,4.0300,3.9800,4.0100,3.9900,10360525,41472806.4300,3,0.290400,1,0.501300,0
2019-11-28,sz.000060,4.0100,4.0200,3.9700,3.9800,4.0100,9035938,36010701.8600,3,0.253200,1,-0.748100,0
2019-11-29,sz.000060,3.9600,4.0100,3.9500,3.9800,3.9800,13341233,52978270.9000,3,0.373900,1,0.000000,0
2019-12-02,sz.000060,3.9600,4.0100,3.9600,4.0000,3.9800,10448561,41710539.1400,3,0.292800,1,0.502500,0
2019-12-03,sz.000060,3.9900,4.0100,3.9700,4.0000,4.0000,9438484,37667570.8200,3,0.264500,1,0.000000,0
2019-12-04,sz.000060,3.9800,4.0300,3.9800,4.0200,4.0000,13537028,54282896.3700,3,0.379400,1,0.500000,0
2019-12-05,sz.000060,4.0200,4.0500,4.0100,4.0400,4.0200,12697737,51186546.0100,3,0.355900,1,0.497500,0
2019-12-06,sz.000060,4.0500,4.0800,4.0300,4.0800,4.0400,15863731,64299158.3100,3,0.444600,1,0.990100,0
2019-12-09,sz.000060,4.0900,4.1200,4.0600,4.1100,4.0800,17792535,72780425.3000,3,0.498600,1,0.735300,0
2019-12-10,sz.000060,4.0900,4.1600,4.0900,4.1300,4.1100,18734872,77354210.5000,3,0.525000,1,0.486600,0
2019-12-11,sz.000060,4.1300,4.1300,4.0800,4.0900,4.1300,11251596,46151137.5500,3,0.315300,1,-0.968500,0
2019-12-12,sz.000060,4.0800,4.1100,4.0600,4.0700,4.0900,8892327,36387674.7400,3,0.249200,1,-0.489000,0
2019-12-13,sz.000060,4.1000,4.1300,4.0800,4.1100,4.0700,15011376,61572260.1200,3,0.420700,1,0.982800,0
2019-12-16,sz.000060,4.1300,4.1600,4.1000,4.1500,4.1100,24206887,99990311.2100,3,0.678400,1,0.973200,0
2019-12-17,sz.000060,4.1700,4.2200,4.1600,4.2000,4.1500,28652799,120252371.4100,3,0.803000,1,1.204800,0
2019-12-18,sz.000060,4.2100,4.2200,4.1700,4.1800,4.2000,16702302,70018209.4300,3,0.468100,1,-0.476200,0
2019-12-19,sz.000060,4.1700,4.1900,4.1600,4.1900,4.1800,13779814,57512913.8100,3,0.386200,1,0.239200,0
2019-12-20,sz.000060,4.1800,4.2100,4.1300,4.1500,4.1900,15744135,65655706.4300,3,0.441200,1,-0.954700,0
2019-12-23,sz.000060,4.1500,4.1600,4.0500,4.0500,4.1500,16455381,67466283.3600,3,0.461200,1,-2.409600,0
2019-12-24,sz.000060,4.0700,4.2200,4.0500,4.2200,4.0500,37208510,154807718.8600,3,1.042800,1,4.197500,0
2019-12-25,sz.000060,4.1900,4.2100,4.1100,4.1500,4.2200,26391352,109852854.3800,3,0.739600,1,-1.658800,0
2019-12-26,sz.000060,4.1400,4.2000,4.1300,4.1800,4.1500,17810043,74260954.9800,3,0.499100,1,0.722900,0
2019-12-27,sz.000060,4.1800,4.4300,4.1800,4.2500,4.1800,81697394,351920775.7200,3,2.289600,1,1.674600,0
2019-12-30,sz.000060,4.2500,4.3700,4.2400,4.3400,4.2500,53334912,229837108.1100,3,1.494700,1,2.117700,0
2019-12-31,sz.000060,4.3300,4.3500,4.2500,4.3000,4.3400,35324177,151669544.5800,3,0.990000,1,-0.921700,0
2020-01-02,sz.000060,4.3600,4.4000,4.3300,4.3500,4.3000,43978647,191625943.2700,3,1.232500,1,1.162800,0
2020-01-03,sz.000060,4.3500,4.3800,4.3200,4.3500,4.3500,33185054,144239237.2400,3,0.930000,1,0.000000,0
2020-01-06,sz.000060,4.3200,4.4300,4.3200,4.4100,4.3500,52980660,232703675.3200,3,1.484800,1,1.379300,0
2020-01-07,sz.000060,4.4000,4.4500,4.3700,4.4000,4.4100,32447477,142772186.6000,3,0.909300,1,-0.226800,0
2020-01-08,sz.000060,4.4000,4.4400,4.3100,4.3100,4.4000,41733951,181970787.8600,3,1.169600,1,-2.045500,0
2020-01-09,sz.000060,4.3500,4.3800,4.3100,4.3600,4.3100,30185994,131225271.4200,3,0.846000,1,1.160100,0
2020-01-10,sz.000060,4.3500,4.3800,4.2800,4.3200,4.3600,24775024,107261659.0600,3,0.694300,1,-0.917400,0
2020-01-13,sz.000060,4.3000,4.3500,4.2600,4.3400,4.3200,22651539,97464403.2200,3,0.634800,1,0.463000,0
2020-01-14,sz.000060,4.3400,4.4200,4.3200,4.3700,4.3400,36087499,158432676.5100,3,1.011400,1,0.691200,0
2020-01-15,sz.000060,4.3700,4.4000,4.2900,4.3000,4.3700,21654627,93525511.3700,3,0.606900,1,-1.601800,0
2020-01-16,sz.000060,4.3100,4.3500,4.2800,4.3000,4.3000,19299341,83231659.4000,3,0.540900,1,0.000000,0
2020-01-17,sz.000060,4.3000,4.3500,4.2900,4.3100,4.3000,17159148,73965012.5300,3,0.480900,1,0.232600,0
2020-01-20,sz.000060,4.3200,4.3200,4.2800,4.3200,4.3100,16764811,72142265.5400,3,0.469800,1,0.232000,0
2020-01-21,sz.000060,4.3200,4.3200,4.2300,4.2300,4.3200,23593670,100562476.0300,3,0.661200,1,-2.083300,0
2020-01-22,sz.000060,4.2200,4.2600,4.1600,4.2200,4.2300,18934978,79587790.0800,3,0.530700,1,-0.236400,0
2020-01-23,sz.000060,4.2000,4.2000,4.0300,4.0600,4.2200,35922695,147655817.6600,3,1.006700,1,-3.791500,0
2020-02-03,sz.000060,3.6500,3.6700,3.6500,3.6500,4.0600,32347526,118092718.9000,3,0.906500,1,-10.098500,0
2020-02-04,sz.000060,3.4700,3.7000,3.4600,3.6300,3.6500,40943024,148360638.2400,3,1.147400,1,-0.547900,0
2020-02-05,sz.000060,3.6500,3.7400,3.6000,3.6600,3.6300,34323728,126461967.5800,3,0.961900,1,0.826400,0
2020-02-06,sz.000060,3.6600,3.7300,3.6300,3.7200,3.6600,26358034,97142909.7900,3,0.738700,1,1.639300,0
2020-02-07,sz.000060,3.6900,3.7100,3.6500,3.7000,3.7200,21396704,78738944.0800,3,0.599600,1,-0.537600,0
2020-02-10,sz.000060,3.6800,3.7700,3.6600,3.7600,3.7000,29195519,108996400.9500,3,0.818200,1,1.621600,0
2020-02-11,sz.000060,3.7600,3.8600,3.7300,3.7700,3.7600,30286270,114827003.6700,3,0.848800,1,0.266000,0
2020-02-12,sz.000060,3.7600,3.8700,3.7500,3.8600,3.7700,28783921,110070589.7300,3,0.806700,1,2.387300,0
2020-02-13,sz.000060,3.9300,3.9400,3.8200,3.8300,3.8600,33503809,129909361.6000,3,0.938900,1,-0.777200,0
2020-02-14,sz.000060,3.8300,4.0000,3.8100,3.9100,3.8300,40347664,157738524.3800,3,1.130700,1,2.088800,0
2020-02-17,sz.000060,3.8800,3.9700,3.8700,3.9700,3.9100,32249225,126538000.6200,3,0.903800,1,1.534500,0
2020-02-18,sz.000060,3.9600,3.9700,3.9200,3.9500,3.9700,30593523,120628140.4000,3,0.857400,1,-0.503800,0
2020-02-19,sz.000060,3.9600,3.9700,3.9200,3.9400,3.9500,29228996,115111084.3200,3,0.819100,1,-0.253200,0
2020-02-20,sz.000060,3.9400,3.9900,3.9000,3.9800,3.9400,39138773,154457118.1200,3,1.096900,1,1.015200,0
2020-02-21,sz.000060,3.9600,4.0300,3.9600,4.0000,3.9800,36632429,146631460.9200,3,1.026600,1,0.502500,0
2020-02-24,sz.000060,4.0200,4.0400,3.9300,3.9700,4.0000,35850523,142382578.0500,3,1.004700,1,-0.750000,0
2020-02-25,sz.000060,3.8800,3.9100,3.7800,3.8700,3.9700,48929767,188347566.5200,3,1.371300,1,-2.518900,0
2020-02-26,sz.000060,3.8400,3.9600,3.8000,3.8900,3.8700,41178864,160414603.2400,3,1.154000,1,0.516800,0
2020-02-27,sz.000060,3.8900,3.9200,3.8600,3.8700,3.8900,25686406,99776332.2400,3,0.719900,1,-0.514100,0
2020-02-28,sz.000060,3.8000,3.8300,3.6800,3.7000,3.8700,40192622,150556380.1000,3,1.126400,1,-4.392800,0
2020-03-02,sz.000060,3.7000,3.8500,3.7000,3.8400,3.7000,32214862,122135563.9800,3,0.902800,1,3.783800,0
2020-03-03,sz.000060,3.8800,3.9100,3.8100,3.8400,3.8400,34840661,134791096.6200,3,0.976400,1,0.000000,0
2020-03-04,sz.000060,3.8400,3.8800,3.8100,3.8800,3.8400,31329724,120391711.4500,3,0.878000,1,1.041700,0
2020-03-05,sz.000060,3.9000,3.9900,3.8800,3.9700,3.8800,49441982,194904890.3600,3,1.385600,1,2.319600,0
2020-03-06,sz.000060,3.9200,3.9500,3.8900,3.9200,3.9700,27957703,109587327.6100,3,0.783500,1,-1.259400,0
2020-03-09,sz.000060,3.8300,3.8500,3.7500,3.7700,3.9200,37076552,140910321.7300,3,1.039100,1,-3.826500,0
2020-03-10,sz.000060,3.7400,3.8500,3.7300,3.8400,3.7700,34711130,132074071.5400,3,0.972700,1,1.856800,0
2020-03-11,sz.000060,3.8400,3.9100,3.8300,3.8500,3.8400,36980430,143311583.9600,3,1.036300,1,0.260400,0
2020-03-12,sz.000060,3.8000,3.8400,3.7600,3.7800,3.8500,27588394,104523068.2100,3,0.773100,1,-1.818200,0
2020-03-13,sz.000060,3.6100,3.8000,3.6100,3.8000,3.7800,45474400,167695568.1800,3,1.274400,1,0.529100,0
2020-03-16,sz.000060,3.8200,3.8200,3.6600,3.6900,3.8000,29534921,110655401.3900,3,0.827700,1,-2.894700,0
2020-03-17,sz.000060,3.7000,3.7600,3.6000,3.6600,3.6900,29165028,106720791.3300,3,0.817300,1,-0.813000,0
2020-03-18,sz.000060,3.6700,3.7000,3.5700,3.5800,3.6600,32477516,118133751.0900,3,0.910100,1,-2.185800,0
2020-03-19,sz.000060,3.5500,3.6000,3.5000,3.5700,3.5800,30480942,108000993.5000,3,0.854200,1,-0.279300,0
2020-03-20,sz.000060,3.5900,3.6400,3.5200,3.6100,3.5700,27024527,96465476.5400,3,0.757300,1,1.120400,0
2020-03-23,sz.000060,3.5200,3.5500,3.4800,3.4900,3.6100,22619667,79597864.5700,3,0.633900,1,-3.324100,0
2020-03-24,sz.000060,3.5700,3.6100,3.5400,3.5800,3.4900,30135314,107699249.1800,3,0.844500,1,2.578800,0
2020-03-25,sz.000060,3.6500,3.6700,3.6100,3.6300,3.5800,24734242,89995896.1800,3,0.693100,1,1.396700,0
2020-03-26,sz.000060,3.6300,3.7000,3.5800,3.6000,3.6300,25880843,94012604.8500,3,0.725300,1,-0.826500,0
2020-03-27,sz.000060,3.6200,3.6500,3.5900,3.6100,3.6000,15495222,56036985.3400,3,0.434200,1,0.277800,0
2020-03-30,sz.000060,3.5800,3.5800,3.5100,3.5400,3.6100,20020244,70775780.2800,3,0.561000,1,-1.939100,0
2020-03-31,sz.000060,3.5700,3.6100,3.5400,3.5600,3.5400,20817812,74322240.8200,3,0.583400,1,0.565000,0
2020-04-01,sz.000060,3.5500,3.6200,3.5400,3.5800,3.5600,17413968,62319507.7800,3,0.488000,1,0.561800,0
2020-04-02,sz.000060,3.5500,3.6200,3.5400,3.6200,3.5800,20393326,73037191.3100,3,0.571500,1,1.117300,0
2020-04-03,sz.000060,3.6100,3.6200,3.5600,3.5900,3.6200,16063827,57636804.1800,3,0.450200,1,-0.828700,0
2020-04-07,sz.000060,3.6400,3.6900,3.6300,3.6700,3.5900,25631920,93920252.7400,3,0.718300,1,2.228400,0
2020-04-08,sz.000060,3.6500,3.7200,3.6300,3.6800,3.6700,23863134,87505913.4600,3,0.668700,1,0.272500,0
2020-04-09,sz.000060,3.7000,3.7100,3.6300,3.6300,3.6800,22872352,83528256.0700,3,0.641000,1,-1.358700,0
2020-04-10,sz.000060,3.6400,3.6500,3.5800,3.5800,3.6300,13967565,50437766.0000,3,0.391400,1,-1.377400,0
2020-04-13,sz.000060,3.5700,3.5900,3.5500,3.5700,3.5800,11165974,39844936.4000,3,0.312900,1,-0.279300,0
2020-04-14,sz.000060,3.5800,3.6500,3.5700,3.6500,3.5700,14684582,53162110.8800,3,0.411500,1,2.240900,0
2020-04-15,sz.000060,3.6500,3.6800,3.6300,3.6500,3.6500,22376670,81708556.4700,3,0.627100,1,0.000000,0
2020-04-16,sz.000060,3.6300,3.6400,3.6000,3.6400,3.6500,14122381,51079111.6600,3,0.395800,1,-0.274000,0
2020-04-17,sz.000060,3.6500,3.6700,3.6100,3.6300,3.6400,17228212,62783622.1800,3,0.482800,1,-0.274700,0
2020-04-20,sz.000060,3.6200,3.6300,3.6000,3.6200,3.6300,12135471,43857538.8000,3,0.340100,1,-0.275500,0
2020-04-21,sz.000060,3.5900,3.6000,3.5100,3.5400,3.6200,22851188,80969229.5100,3,0.640400,1,-2.209900,0
2020-04-22,sz.000060,3.5100,3.5600,3.4900,3.5500,3.5400,16218399,57356160.3400,3,0.454500,1,0.282500,0
2020-04-23,sz.000060,3.5600,3.5700,3.5400,3.5500,3.5500,11633195,41314783.7600,3,0.326000,1,0.000000,0
2020-04-24,sz.000060,3.5400,3.5500,3.5000,3.5000,3.5500,11412641,40151785.8200,3,0.319800,1,-1.408400,0
2020-04-27,sz.000060,3.5100,3.5300,3.4900,3.4900,3.5000,17138451,60159212.1400,3,0.480300,1,-0.285700,0
2020-04-28,sz.000060,3.4900,3.5100,3.3800,3.4100,3.4900,23905035,82095681.2700,3,0.669900,1,-2.292300,0
2020-04-29,sz.000060,3.4100,3.4500,3.4000,3.4300,3.4100,12580525,43168312.7500,3,0.352600,1,0.586500,0
2020-04-30,sz.000060,3.4400,3.5000,3.4400,3.4900,3.4300,22024789,76735745.7900,3,0.617200,1,1.749300,0
2020-05-06,sz.000060,3.4700,3.5200,3.4500,3.5200,3.4900,23119643,80752963.2200,3,0.647900,1,0.859600,0
2020-05-07,sz.000060,3.5200,3.5600,3.4900,3.5400,3.5200,24672449,86990025.2300,3,0.691400,1,0.568200,0
2020-05-08,sz.000060,3.5800,3.6500,3.5700,3.6000,3.5400,31681090,114397781.6700,3,0.887800,1,1.694900,0
2020-05-11,sz.000060,3.6100,3.6600,3.5800,3.6100,3.6000,30042761,108441792.8400,3,0.841900,1,0.277800,0
2020-05-12,sz.000060,3.6000,3.6100,3.5500,3.5900,3.6100,15839508,56794858.3400,3,0.443900,1,-0.554000,0
2020-05-13,sz.000060,3.5700,3.6200,3.5600,3.6000,3.5900,13032848,46854158.0500,3,0.365200,1,0.278600,0
2020-05-14,sz.000060,3.5900,3.6100,3.5600,3.5900,3.6000,17596632,63034892.7400,3,0.493100,1,-0.277800,0
2020-05-15,sz.000060,3.6000,3.6100,3.5700,3.5800,3.5900,11534505,41438228.0700,3,0.323200,1,-0.278600,0
2020-05-18,sz.000060,3.5900,3.7400,3.5800,3.6900,3.5800,45705553,167662035.3900,3,1.280800,1,3.072600,0
2020-05-19,sz.000060,3.7200,3.7200,3.6300,3.6600,3.6900,20195436,73966468.2900,3,0.566000,1,-0.813000,0
2020-05-20,sz.000060,3.6400,3.6800,3.6100,3.6400,3.6600,13054104,47497227.7200,3,0.365800,1,-0.546400,0
2020-05-21,sz.000060,3.6500,3.6700,3.5900,3.6000,3.6400,16559894,60126074.0100,3,0.464100,1,-1.098900,0
2020-05-22,sz.000060,3.5500,3.5500,3.4700,3.5000,3.5300,21626158,75643929.9500,3,0.606000,1,-0.849900,0
2020-05-25,sz.000060,3.4800,3.5100,3.4700,3.4900,3.5000,9588210,33472608.4000,3,0.268700,1,-0.285700,0
2020-05-26,sz.000060,3.5100,3.5300,3.4900,3.5200,3.4900,10689226,37572268.3300,3,0.299600,1,0.859600,0
2020-05-27,sz.000060,3.5200,3.5300,3.4600,3.4700,3.5200,13673915,47651729.0500,3,0.383200,1,-1.420500,0
2020-05-28,sz.000060,3.4900,3.6500,3.4700,3.6100,3.4700,37568380,133463370.2000,3,1.052800,1,4.034600,0
2020-05-29,sz.000060,3.5900,3.6400,3.5500,3.5500,3.6100,37341972,133996483.8500,3,1.046500,1,-1.662000,0
2020-06-01,sz.000060,3.6100,3.6500,3.6000,3.6100,3.5500,29942115,108536048.3200,3,0.839100,1,1.690100,0
2020-06-02,sz.000060,3.6100,3.6300,3.6000,3.6200,3.6100,18671897,67575133.4500,3,0.523300,1,0.277000,0
2020-06-03,sz.000060,3.6800,3.7000,3.6400,3.6400,3.6200,33145578,121684110.1400,3,0.928900,1,0.552500,0
2020-06-04,sz.000060,3.6500,3.6700,3.6200,3.6700,3.6400,21531087,78472846.7400,3,0.603400,1,0.824200,0
2020-06-05,sz.000060,3.6800,3.7300,3.6300,3.7200,3.6700,28385648,104592739.1100,3,0.795500,1,1.362400,0
2020-06-08,sz.000060,3.7400,3.8400,3.7200,3.8200,3.7200,43279295,164123861.6800,3,1.212800,1,2.688200,0
2020-06-09,sz.000060,3.8000,3.8200,3.7400,3.7800,3.8200,32714824,123575754.9500,3,0.916800,1,-1.047100,0
2020-06-10,sz.000060,3.7900,3.8000,3.7300,3.7400,3.7800,18827619,70569827.6200,3,0.527600,1,-1.058200,0
2020-06-11,sz.000060,3.7400,3.7800,3.7100,3.7100,3.7400,22392738,83789096.6400,3,0.627500,1,-0.802100,0
2020-06-12,sz.000060,3.6600,3.7800,3.6400,3.7500,3.7100,28177503,104835617.2100,3,0.789600,1,1.078200,0
2020-06-15,sz.000060,3.7500,3.8000,3.7100,3.7400,3.7500,23968299,89979848.1600,3,0.671700,1,-0.266700,0
2020-06-16,sz.000060,3.7500,3.8400,3.7300,3.8000,3.7400,27839642,105436216.3800,3,0.780200,1,1.604300,0
2020-06-17,sz.000060,3.7900,3.8200,3.7400,3.7800,3.8000,19323941,73011945.1400,3,0.541500,1,-0.526300,0
2020-06-18,sz.000060,3.7800,3.8900,3.7600,3.8100,3.7800,27359133,104888116.3900,3,0.766700,1,0.793700,0
2020-06-19,sz.000060,3.8200,3.8300,3.7700,3.8200,3.8100,19809955,75271904.5300,3,0.555100,1,0.262500,0
2020-06-22,sz.000060,3.8300,3.8500,3.7800,3.7900,3.8200,14517107,55314333.3000,3,0.406800,1,-0.785300,0
2020-06-23,sz.000060,3.7900,3.7900,3.7200,3.7300,3.7900,20996109,78671683.6800,3,0.588400,1,-1.583100,0
2020-06-24,sz.000060,3.7400,3.7600,3.7000,3.7400,3.7300,14238861,53122530.7700,3,0.399000,1,0.268100,0
2020-06-29,sz.000060,3.7300,3.7600,3.6900,3.7100,3.7400,12948633,48142602.7500,3,0.362900,1,-0.802100,0
2020-06-30,sz.000060,3.7200,3.7500,3.7100,3.7200,3.7100,12256731,45715256.5100,3,0.343500,1,0.269500,0
2020-07-01,sz.000060,3.7400,3.8000,3.7100,3.8000,3.7200,25868446,97407020.9000,3,0.724900,1,2.150500,0
2020-07-02,sz.000060,3.7900,3.9300,3.7700,3.9100,3.8000,45720501,176618943.1500,3,1.281300,1,2.894700,0
2020-07-03,sz.000060,3.9500,4.1700,3.9400,4.0700,3.9100,74319346,301031820.4300,3,2.082700,1,4.092100,0
2020-07-06,sz.000060,4.1300,4.4800,4.1200,4.4800,4.0700,138919985,603016960.5700,3,3.893100,1,10.073700,0
2020-07-07,sz.000060,4.6900,4.8600,4.5300,4.5300,4.4800,169460414,789319916.2900,3,4.748900,1,1.116100,0
2020-07-08,sz.000060,4.5500,4.9300,4.5400,4.9000,4.5300,163591369,780845805.7600,3,4.584400,1,8.167800,0
2020-07-09,sz.000060,5.0000,5.0700,4.7900,4.9900,4.9000,152923482,751093712.6700,3,4.285500,1,1.836700,0
2020-07-10,sz.000060,4.8900,4.9500,4.7100,4.7300,4.9900,111010876,535472129.0900,3,3.110900,1,-5.210400,0
2020-07-13,sz.000060,4.7900,5.0200,4.7300,4.9000,4.7300,105547990,515047303.8400,3,2.957900,1,3.594100,0
2020-07-14,sz.000060,4.8600,4.9700,4.7200,4.8000,4.9000,81020398,391491851.8300,3,2.270500,1,-2.040800,0
2020-07-15,sz.000060,4.8400,4.8700,4.6000,4.6600,4.8000,65842973,309568494.7800,3,1.845200,1,-2.916700,0
2020-07-16,sz.000060,4.7700,4.8300,4.5200,4.5300,4.6600,82786208,389163579.0600,3,2.320000,1,-2.789700,0
2020-07-17,sz.000060,4.5800,4.6100,4.4400,4.5300,4.5300,66697239,302243142.9000,3,1.869100,1,0.000000,0
2020-07-20,sz.000060,4.4600,4.7100,4.4500,4.7000,4.5300,77904512,357666753.5700,3,2.183200,1,3.752800,0
2020-07-21,sz.000060,4.7000,4.7200,4.5300,4.5700,4.7000,50237357,230423328.3700,3,1.407800,1,-2.766000,0
2020-07-22,sz.000060,4.7600,4.8300,4.6000,4.6300,4.5700,64561880,303315990.9800,3,1.809300,1,1.312900,0
2020-07-23,sz.000060,4.6000,4.7000,4.4700,4.6000,4.6300,55329625,253891862.9300,3,1.550500,1,-0.647900,0
2020-07-24,sz.000060,4.6200,4.6500,4.4000,4.4400,4.6000,56952039,257677758.0900,3,1.596000,1,-3.478300,0
2020-07-27,sz.000060,4.4700,4.6700,4.4300,4.5800,4.4400,68781956,314349241.5000,3,1.927500,1,3.153200,0
2020-07-28,sz.000060,4.7000,4.7900,4.5200,4.5600,4.5800,79532565,371653381.3200,3,2.228800,1,-0.436700,0
2020-07-29,sz.000060,4.5500,4.6200,4.4400,4.6100,4.5600,53838006,243733909.7900,3,1.508700,1,1.096500,0
2020-07-30,sz.000060,4.6500,4.6800,4.5600,4.6000,4.6100,42151791,194596695.1300,3,1.181300,1,-0.216900,0
2020-07-31,sz.000060,4.5600,4.7300,4.5300,4.6800,4.6000,68094256,317216823.5000,3,1.908300,1,1.739100,0
2020-08-03,sz.000060,4.7300,4.7700,4.6700,4.7400,4.6800,72855300,343391874.7100,3,2.041700,1,1.282100,0
2020-08-04,sz.000060,4.7300,4.8100,4.6600,4.7800,4.7400,76039914,360076271.9100,3,2.130900,1,0.843900,0
2020-08-05,sz.000060,4.8100,4.8400,4.6800,4.7900,4.7800,65403197,311323774.5100,3,1.832800,1,0.209200,0
2020-08-06,sz.000060,4.8200,5.0200,4.7800,4.9700,4.7900,127112920,622800812.6400,3,3.562200,1,3.757800,0
2020-08-07,sz.000060,5.0200,5.0200,4.7200,4.7800,4.9700,87820473,426618274.6300,3,2.461100,1,-3.822900,0
2020-08-10,sz.000060,4.6900,4.6900,4.6100,4.6500,4.7800,53340624,247606364.1900,3,1.494800,1,-2.719700,0
2020-08-11,sz.000060,4.6500,4.6900,4.4900,4.5000,4.6500,46649025,214788401.9700,3,1.307300,1,-3.225800,0
2020-08-12,sz.000060,4.4400,4.4900,4.3700,4.4500,4.5000,41238432,182224669.9300,3,1.155700,1,-1.111100,0
2020-08-13,sz.000060,4.4600,4.5000,4.4400,4.4600,4.4500,21049233,94108484.5000,3,0.589900,1,0.224700,0
2020-08-14,sz.000060,4.4700,4.5700,4.4600,4.5400,4.4600,24512267,110826774.0200,3,0.686900,1,1.793700,0
2020-08-17,sz.000060,4.5500,4.6800,4.5100,4.6700,4.5400,39063230,180102748.1800,3,1.094700,1,2.863400,0
2020-08-18,sz.000060,4.6900,4.7400,4.6300,4.6800,4.6700,36140712,169300175.7200,3,1.012800,1,0.214100,0
2020-08-19,sz.000060,4.7200,4.7200,4.5800,4.6000,4.6800,32514841,150944993.0600,3,0.911200,1,-1.709400,0
2020-08-20,sz.000060,4.5900,4.5900,4.4900,4.5000,4.6000,25316585,114708323.2900,3,0.709500,1,-2.173900,0
2020-08-21,sz.000060,4.5200,4.5500,4.4700,4.4900,4.5000,18522563,83586657.0900,3,0.519100,1,-0.222200,0
2020-08-24,sz.000060,4.5100,4.5500,4.4300,4.5200,4.4900,20602545,92490268.4600,3,0.577400,1,0.668200,0
2020-08-25,sz.000060,4.5200,4.5500,4.4300,4.4400,4.5200,22811597,102020343.5800,3,0.639300,1,-1.769900,0
2020-08-26,sz.000060,4.4400,4.4600,4.3300,4.3500,4.4400,29507787,129476124.5300,3,0.826900,1,-2.027000,0
2020-08-27,sz.000060,4.3700,4.4000,4.3600,4.3800,4.3500,14865141,65086826.9500,3,0.416600,1,0.689700,0
2020-08-28,sz.000060,4.3900,4.4600,4.3300,4.4600,4.3800,19979352,87748828.2300,3,0.559900,1,1.826500,0
2020-08-31,sz.000060,4.4900,4.5800,4.4600,4.4700,4.4600,34424654,155720427.2800,3,0.964700,1,0.224200,0
2020-09-01,sz.000060,4.4800,4.5600,4.4600,4.5600,4.4700,29524021,133792640.5300,3,0.827400,1,2.013400,0
2020-09-02,sz.000060,4.5400,4.5500,4.4700,4.5200,4.5600,25064241,113127981.1800,3,0.702400,1,-0.877200,0
2020-09-03,sz.000060,4.5100,4.6000,4.4800,4.5000,4.5200,28804157,130969003.6400,3,0.807200,1,-0.442500,0
2020-09-04,sz.000060,4.4200,4.5300,4.4000,4.5300,4.5000,21551263,96133916.7800,3,0.603900,1,0.666700,0
2020-09-07,sz.000060,4.5400,4.6200,4.4700,4.5000,4.5300,37610350,171275147.5400,3,1.054000,1,-0.662300,0
2020-09-08,sz.000060,4.5100,4.5900,4.4900,4.5800,4.5000,26190076,118939802.3600,3,0.733900,1,1.777800,0
2020-09-09,sz.000060,4.5300,4.5700,4.4400,4.4600,4.5800,31260311,141141571.7700,3,0.876000,1,-2.620100,0
2020-09-10,sz.000060,4.5200,4.5400,4.4000,4.4200,4.4600,28026437,125190765.9300,3,0.785400,1,-0.896900,0
2020-09-11,sz.000060,4.4200,4.4400,4.3500,4.3700,4.4200,24725895,108382201.8500,3,0.692900,1,-1.131200,0
2020-09-14,sz.000060,4.3900,4.4900,4.3700,4.4000,4.3700,21379271,94399451.6100,3,0.599100,1,0.686500,0
2020-09-15,sz.000060,4.4200,4.4200,4.3600,4.4100,4.4000,15431804,67839491.1300,3,0.432400,1,0.227300,0
2020-09-16,sz.000060,4.4000,4.4200,4.3700,4.4000,4.4100,12184214,53530535.9400,3,0.341400,1,-0.226800,0
2020-09-17,sz.000060,4.3800,4.4200,4.3300,4.3700,4.4000,20110115,87912210.5300,3,0.563500,1,-0.681800,0
2020-09-18,sz.000060,4.3900,4.5700,4.3700,4.5500,4.3700,36863108,165029361.8200,3,1.033000,1,4.119000,0
2020-09-21,sz.000060,4.5500,4.6300,4.4800,4.5000,4.5500,31580341,143150245.5600,3,0.885000,1,-1.098900,0
2020-09-22,sz.000060,4.4400,4.4600,4.3600,4.3800,4.5000,29504846,130063673.7900,3,0.826800,1,-2.666700,0
2020-09-23,sz.000060,4.4200,4.4200,4.2900,4.3100,4.3800,28077893,121844863.8400,3,0.786800,1,-1.598200,0
2020-09-24,sz.000060,4.2600,4.2600,4.1400,4.1400,4.3100,32801270,137015638.3000,3,0.919200,1,-3.944300,0
2020-09-25,sz.000060,4.1700,4.1900,4.1200,4.1600,4.1400,14950424,62074284.3400,3,0.419000,1,0.483100,0
2020-09-28,sz.000060,4.1600,4.1800,4.1400,4.1600,4.1600,11220898,46648935.2200,3,0.314400,1,0.000000,0
2020-09-29,sz.000060,4.1800,4.2300,4.1600,4.1700,4.1600,13316894,55833780.6900,3,0.373200,1,0.240400,0
2020-09-30,sz.000060,4.1700,4.1800,4.1000,4.1000,4.1700,16037952,66379700.7600,3,0.449400,1,-1.678700,0
2020-10-09,sz.000060,4.1600,4.2400,4.1400,4.2200,4.1000,19072812,80346030.9700,3,0.534500,1,2.926800,0
2020-10-12,sz.000060,4.2500,4.4700,4.2300,4.4500,4.2200,38127452,166745407.5800,3,1.068500,1,5.450200,0
2020-10-13,sz.000060,4.4500,4.4600,4.3800,4.4100,4.4500,20278792,89499258.9400,3,0.568300,1,-0.898900,0
2020-10-14,sz.000060,4.3900,4.4200,4.3200,4.3400,4.4100,17564012,76673913.8000,3,0.492200,1,-1.587300,0
2020-10-15,sz.000060,4.3200,4.3700,4.2900,4.3200,4.3400,16237781,70290582.8700,3,0.455000,1,-0.460800,0
2020-10-16,sz.000060,4.3200,4.3500,4.2900,4.3000,4.3200,14758610,63710975.4300,3,0.413600,1,-0.463000,0
2020-10-19,sz.000060,4.3200,4.4000,4.2700,4.2900,4.3000,22251010,96417408.8500,3,0.623500,1,-0.232600,0
2020-10-20,sz.000060,4.2800,4.2900,4.2300,4.2900,4.2900,12290353,52461333.6900,3,0.344400,1,0.000000,0
2020-10-21,sz.000060,4.3000,4.3200,4.2400,4.2600,4.2900,14708272,62848346.1000,3,0.412200,1,-0.699300,0
2020-10-22,sz.000060,4.2500,4.2800,4.2100,4.2200,4.2600,12966972,54993450.9000,3,0.363400,1,-0.939000,0
2020-10-23,sz.000060,4.2500,4.3000,4.2100,4.2200,4.2200,13076710,55582636.0500,3,0.366500,1,0.000000,0
2020-10-26,sz.000060,4.2100,4.2400,4.1700,4.2000,4.2200,12418169,52131171.8200,3,0.348000,1,-0.473900,0
2020-10-27,sz.000060,4.1900,4.2300,4.1500,4.1700,4.2000,15042400,62812706.6000,3,0.421500,1,-0.714300,0
2020-10-28,sz.000060,4.1700,4.2500,4.1100,4.2300,4.1700,18786690,78519814.5200,3,0.526500,1,1.438800,0
2020-10-29,sz.000060,4.1700,4.2200,4.1400,4.1800,4.2300,17720580,74160034.3600,3,0.496600,1,-1.182000,0
2020-10-30,sz.000060,4.2000,4.2000,4.0400,4.0600,4.1800,25058351,102918252.1200,3,0.702200,1,-2.870800,0
2020-11-02,sz.000060,4.0600,4.1200,4.0300,4.0600,4.0600,21699790,88358724.4300,3,0.608100,1,0.000000,0
2020-11-03,sz.000060,4.0700,4.2900,4.0700,4.2600,4.0600,37633142,159085886.6500,3,1.054600,1,4.926100,0
2020-11-04,sz.000060,4.2500,4.2700,4.1600,4.2000,4.2600,20703367,87137407.0700,3,0.580200,1,-1.408500,0
2020-11-05,sz.000060,4.2400,4.2900,4.2000,4.2500,4.2000,21836642,92787320.2000,3,0.611900,1,1.190500,0
2020-11-06,sz.000060,4.3000,4.3400,4.2500,4.2900,4.2500,31383409,134814690.0600,3,0.879500,1,0.941200,0
2020-11-09,sz.000060,4.3500,4.4600,4.3400,4.3600,4.2900,79790584,350453453.3800,3,2.236000,1,1.631700,0
2020-11-10,sz.000060,4.3800,4.5000,4.3600,4.4000,4.3600,59760798,264450109.8300,3,1.674700,1,0.917400,0
2020-11-11,sz.000060,4.3800,4.5400,4.3700,4.4800,4.4000,59862839,267757510.4900,3,1.677500,1,1.818200,0
2020-11-12,sz.000060,4.4500,4.5000,4.3900,4.4400,4.4800,41765311,185370394.5700,3,1.170400,1,-0.892900,0
2020-11-13,sz.000060,4.4100,4.5200,4.3800,4.4600,4.4400,52440741,233188720.3500,3,1.469600,1,0.450500,0
2020-11-16,sz.000060,4.4700,4.8100,4.4600,4.7000,4.4600,130862045,610239469.8600,3,3.667200,1,5.381200,0
2020-11-17,sz.000060,4.6800,4.7600,4.6000,4.6500,4.7000,80627865,377840050.6900,3,2.259500,1,-1.063800,0
2020-11-18,sz.000060,4.6800,4.9200,4.6700,4.8500,4.6500,120083080,579665693.0900,3,3.365100,1,4.301100,0
2020-11-19,sz.000060,4.8000,4.8500,4.6700,4.7500,4.8500,82835799,391964326.5900,3,2.321300,1,-2.061900,0
2020-11-20,sz.000060,4.7600,4.9500,4.7000,4.9200,4.7500,102758551,497347561.7500,3,2.879600,1,3.578900,0
2020-11-23,sz.000060,4.9800,5.4100,4.9500,5.3400,4.9200,333605840,1771255070.1700,3,9.348700,1,8.536600,0
2020-11-24,sz.000060,5.2000,5.2500,5.0300,5.2200,5.3400,241794648,1241937223.2800,3,6.775900,1,-2.247200,0
2020-11-25,sz.000060,5.1800,5.2300,4.9700,4.9700,5.2200,146332318,741264060.4900,3,4.100700,1,-4.789300,0
2020-11-26,sz.000060,4.9800,4.9900,4.8200,4.9300,4.9700,102849926,503854893.2100,3,2.882200,1,-0.804800,0
2020-11-27,sz.000060,4.9300,4.9400,4.7500,4.8800,4.9300,74758746,361836079.2000,3,2.095000,1,-1.014200,0
2020-11-30,sz.000060,4.9200,5.2100,4.9000,4.9800,4.8800,175486515,892249746.6100,3,4.917700,1,2.049200,0
2020-12-01,sz.000060,4.9400,5.0300,4.8600,4.9900,4.9800,99778076,492192893.2300,3,2.796100,1,0.200800,0
2020-12-02,sz.000060,5.0000,5.1200,4.9100,4.9500,4.9900,106333352,531758725.2100,3,2.979800,1,-0.801600,0
2020-12-03,sz.000060,4.8900,4.9000,4.7500,4.7800,4.9500,91176471,437587395.6200,3,2.555100,1,-3.434300,0
2020-12-04,sz.000060,4.7500,4.8200,4.7200,4.8000,4.7800,53683205,256449359.2700,3,1.504400,1,0.418400,0
2020-12-07,sz.000060,4.8000,4.8200,4.6400,4.6800,4.8000,59510299,279430468.3800,3,1.667700,1,-2.500000,0
2020-12-08,sz.000060,4.6900,4.7300,4.6300,4.6500,4.6800,41477648,193519396.3600,3,1.162300,1,-0.641000,0
2020-12-09,sz.000060,4.6500,4.7700,4.6100,4.6200,4.6500,51630729,241670742.3000,3,1.446900,1,-0.645200,0
2020-12-10,sz.000060,4.6100,4.6200,4.5100,4.5900,4.6200,42750302,195197586.4400,3,1.198000,1,-0.649400,0
2020-12-11,sz.000060,4.6900,4.7400,4.4900,4.5400,4.5900,65970146,304216659.1700,3,1.848700,1,-1.089300,0
2020-12-14,sz.000060,4.5000,4.5800,4.4400,4.5800,4.5400,40999913,185298663.7100,3,1.148900,1,0.881100,0
2020-12-15,sz.000060,4.5500,4.5500,4.4700,4.5400,4.5800,26813304,120906256.2400,3,0.751400,1,-0.873400,0
2020-12-16,sz.000060,4.5400,4.6600,4.4900,4.5600,4.5400,41957903,192039558.9000,3,1.175800,1,0.440500,0
2020-12-17,sz.000060,4.5500,4.8200,4.5200,4.8000,4.5600,97754179,461325425.4400,3,2.739400,1,5.263200,0
2020-12-18,sz.000060,4.7600,4.8700,4.7400,4.8200,4.8000,85545730,412123865.9900,3,2.397300,1,0.416700,0
2020-12-21,sz.000060,4.8000,4.9100,4.7600,4.9000,4.8200,83704023,406422869.0600,3,2.345700,1,1.659800,0
2020-12-22,sz.000060,4.8300,4.8300,4.6000,4.6200,4.9000,83241181,393115409.5600,3,2.332700,1,-5.714300,0
2020-12-23,sz.000060,4.6100,4.7300,4.5700,4.6300,4.6200,46896190,217780996.0700,3,1.314200,1,0.216500,0
2020-12-24,sz.000060,4.6700,4.6900,4.5500,4.5800,4.6300,39293518,181546936.5500,3,1.101100,1,-1.079900,0
2020-12-25,sz.000060,4.5700,4.8800,4.5300,4.8700,4.5800,84725143,404276818.0700,3,2.374300,1,6.331900,0
2020-12-28,sz.000060,4.9000,4.9700,4.8300,4.8700,4.8700,89246481,437128970.2400,3,2.501000,1,0.000000,0
2020-12-29,sz.000060,4.8900,4.9000,4.6600,4.6600,4.8700,57028555,270803572.3500,3,1.598100,1,-4.312100,0
2020-12-30,sz.000060,4.6600,4.9500,4.6500,4.8400,4.6600,74767106,361439925.1900,3,2.095200,1,3.862700,0
2020-12-31,sz.000060,4.8600,4.9200,4.7800,4.8200,4.8400,63433752,307583288.7800,3,1.777600,1,-0.413200,0
2021-01-04,sz.000060,4.8400,5.0000,4.8100,4.9600,4.8200,89759831,442913243.0900,3,2.515400,1,2.904600,0
2021-01-05,sz.000060,4.9400,4.9500,4.8100,4.9000,4.9600,68918877,336113302.5500,3,1.931300,1,-1.209700,0
2021-01-06,sz.000060,4.9500,4.9800,4.7700,4.8200,4.9000,63394597,307104180.7200,3,1.776500,1,-1.632700,0
2021-01-07,sz.000060,4.7800,5.0200,4.7700,4.9100,4.8200,118453496,581411698.9800,3,3.319400,1,1.867200,0
2021-01-08,sz.000060,4.9400,4.9400,4.6800,4.8200,4.9100,93766480,447691433.0200,3,2.627600,1,-1.833000,0
2021-01-11,sz.000060,4.7200,4.7300,4.4700,4.4900,4.8200,101223226,465554568.2400,3,2.836600,1,-6.846500,0
2021-01-12,sz.000060,4.4400,4.5200,4.4200,4.5200,4.4900,51110446,228503869.4000,3,1.432300,1,0.668200,0
2021-01-13,sz.000060,4.5200,4.6200,4.4400,4.4600,4.5200,56291925,254441127.4200,3,1.577500,1,-1.327400,0
2021-01-14,sz.000060,4.4300,4.4500,4.3000,4.3500,4.4600,43342859,189211890.5800,3,1.214600,1,-2.466400,0
2021-01-15,sz.000060,4.3400,4.4100,4.3100,4.3600,4.3500,36939789,161153269.6700,3,1.035200,1,0.229900,0
2021-01-18,sz.000060,4.3500,4.4200,4.3000,4.4100,4.3600,31897515,139689194.6400,3,0.893900,1,1.146800,0
2021-01-19,sz.000060,4.4100,4.4200,4.3500,4.4000,4.4100,30549762,133858189.7200,3,0.856100,1,-0.226800,0
2021-01-20,sz.000060,4.3900,4.4300,4.3600,4.4300,4.4000,30076834,132248433.9600,3,0.842800,1,0.681800,0
2021-01-21,sz.000060,4.4200,4.6100,4.3900,4.5500,4.4300,65007219,294601539.7300,3,1.821700,1,2.708800,0
2021-01-22,sz.000060,4.5000,4.5000,4.3500,4.3800,4.5500,49146445,216945268.2500,3,1.377200,1,-3.736300,0
2021-01-25,sz.000060,4.3800,4.5100,4.3500,4.4200,4.3800,56705206,252322447.7900,3,1.589100,1,0.913200,0
2021-01-26,sz.000060,4.3900,4.4600,4.2600,4.3100,4.4200,45397797,196922777.3500,3,1.272200,1,-2.488700,0
2021-01-27,sz.000060,4.3000,4.3500,4.2800,4.3000,4.3100,25378428,109269326.5000,3,0.711200,1,-0.232000,0
2021-01-28,sz.000060,4.2400,4.2900,4.2000,4.2100,4.3000,29333000,124084491.5600,3,0.822000,1,-2.093000,0
2021-01-29,sz.000060,4.2400,4.3000,4.1500,4.2000,4.2100,29539300,124810538.7700,3,0.827800,1,-0.237500,0
2021-02-01,sz.000060,4.2000,4.3100,4.1900,4.2800,4.2000,27705400,118155933.4900,3,0.776400,1,1.904800,0
2021-02-02,sz.000060,4.3000,4.3200,4.1800,4.2100,4.2800,30558000,128969780.8500,3,0.856300,1,-1.635500,0
2021-02-03,sz.000060,4.2100,4.2300,4.0800,4.1500,4.2100,35047838,145157067.4000,3,0.982200,1,-1.425200,0
2021-02-04,sz.000060,4.1500,4.1500,3.9800,4.0600,4.1500,39302170,159324083.8100,3,1.101400,1,-2.168700,0
2021-02-05,sz.000060,4.0400,4.1200,4.0100,4.0300,4.0600,23867482,96880253.3800,3,0.668800,1,-0.738900,0
2021-02-08,sz.000060,4.0600,4.1900,4.0400,4.1500,4.0300,28268316,116718922.5200,3,0.792200,1,2.977700,0
2021-02-09,sz.000060,4.1400,4.2600,4.1300,4.2300,4.1500,31676464,133588558.2900,3,0.887700,1,1.927700,0
2021-02-10,sz.000060,4.2500,4.3400,4.2100,4.3300,4.2300,38164107,163007479.1400,3,1.069500,1,2.364100,0
2021-02-18,sz.000060,4.6500,4.7600,4.5800,4.7600,4.3300,161057588,759348513.7100,3,4.513300,1,9.930700,0
2021-02-19,sz.000060,4.7300,4.9800,4.6800,4.9300,4.7600,160931157,776339527.8500,3,4.509800,1,3.571400,0
2021-02-22,sz.000060,5.0900,5.4200,5.0900,5.2200,4.9300,258847060,1377218059.3300,3,7.253700,1,5.882400,0
2021-02-23,sz.000060,5.0500,5.3400,5.0500,5.1500,5.2200,184580964,962147232.8500,3,5.172600,1,-1.341000,0
2021-02-24,sz.000060,5.1600,5.2500,4.9500,5.0500,5.1500,163357857,830064982.9000,3,4.577800,1,-1.941700,0
2021-02-25,sz.000060,5.2000,5.2500,4.9000,4.9600,5.0500,129303233,650390891.7900,3,3.623500,1,-1.782200,0
2021-02-26,sz.000060,4.8000,4.8400,4.6800,4.7000,4.9600,109044900,519039643.3500,3,3.055800,1,-5.241900,0
2021-03-01,sz.000060,4.7400,4.8000,4.6600,4.7800,4.7000,91093553,431509575.2300,3,2.552700,1,1.702100,0
2021-03-02,sz.000060,4.7500,4.7500,4.5300,4.6200,4.7800,100169046,461884338.6500,3,2.807100,1,-3.347300,0
2021-03-03,sz.000060,4.6600,4.8300,4.6500,4.7700,4.6200,108057657,511025845.0500,3,3.028100,1,3.246800,0
2021-03-04,sz.000060,4.7300,4.7800,4.6500,4.7100,4.7700,89370334,421305726.0500,3,2.504400,1,-1.257900,0
2021-03-05,sz.000060,4.5800,4.6800,4.5500,4.6600,4.7100,63561881,293340723.5200,3,1.781200,1,-1.061600,0
2021-03-08,sz.000060,4.7300,4.8100,4.6300,4.6700,4.6600,78432616,370316987.9300,3,2.197900,1,0.214600,0
2021-03-09,sz.000060,4.6600,4.7000,4.4600,4.5800,4.6700,73586275,338224214.2200,3,2.062100,1,-1.927200,0
2021-03-10,sz.000060,4.6000,4.6300,4.4200,4.4400,4.5800,58637377,263977919.1000,3,1.643200,1,-3.056800,0
2021-03-11,sz.000060,4.4700,4.7400,4.4500,4.7400,4.4400,98053814,453584738.1000,3,2.747800,1,6.756800,0
2021-03-12,sz.000060,4.7200,4.7300,4.6300,4.6900,4.7400,65567082,306780142.0000,3,1.837400,1,-1.054900,0
2021-03-15,sz.000060,4.7100,4.8400,4.6700,4.7500,4.6900,80335252,381908191.4300,3,2.251300,1,1.279300,0
2021-03-16,sz.000060,4.7500,4.7900,4.6200,4.6700,4.7500,58699036,274625619.6200,3,1.644900,1,-1.684200,0
2021-03-17,sz.000060,4.6400,4.6600,4.5500,4.6500,4.6700,39167276,180421477.6000,3,1.097600,1,-0.428300,0
2021-03-18,sz.000060,4.6800,4.7200,4.5700,4.5700,4.6500,47214280,218539802.8700,3,1.323100,1,-1.720400,0
2021-03-19,sz.000060,4.5000,4.6000,4.4700,4.5500,4.5700,39881857,181281938.7000,3,1.117600,1,-0.437600,0
2021-03-22,sz.000060,4.5800,4.7000,4.5600,4.6600,4.5500,53161319,246882053.1100,3,1.489800,1,2.417600,0
2021-03-23,sz.000060,4.7200,4.7400,4.5100,4.5400,4.6600,52300453,239988178.7600,3,1.465600,1,-2.575100,0
2021-03-24,sz.000060,4.5000,4.5300,4.4400,4.4600,4.5400,56911732,254576256.6800,3,1.594800,1,-1.762100,0
2021-03-25,sz.000060,4.4500,4.5100,4.4100,4.4400,4.4600,34453499,153518670.0900,3,0.965500,1,-0.448400,0
2021-03-26,sz.000060,4.4300,4.5100,4.4200,4.4800,4.4400,29423381,131701599.7700,3,0.824500,1,0.900900,0
2021-03-29,sz.000060,4.5200,4.5300,4.4300,4.4600,4.4800,37167618,165781776.5800,3,1.041600,1,-0.446400,0
2021-03-30,sz.000060,4.4600,4.5200,4.4200,4.4900,4.4600,31544307,141240188.1200,3,0.884000,1,0.672600,0
2021-03-31,sz.000060,4.4900,4.6000,4.4800,4.5400,4.4900,49629477,225529055.9600,3,1.390800,1,1.113600,0
2021-04-01,sz.000060,4.5400,4.5600,4.4800,4.5600,4.5400,29895575,135140269.2600,3,0.837800,1,0.440500,0
2021-04-02,sz.000060,4.5700,4.6200,4.5300,4.5900,4.5600,33384070,152827320.0500,3,0.935400,1,0.657900,0
2021-04-06,sz.000060,4.6200,4.6500,4.6000,4.6100,4.5900,33115139,153076676.0700,3,0.927900,1,0.435700,0
2021-04-07,sz.000060,4.6100,4.6800,4.5700,4.6700,4.6100,40303659,186660510.7300,3,1.129300,1,1.301500,0
2021-04-08,sz.000060,4.7000,4.8600,4.6500,4.7900,4.6700,101288961,481607530.3800,3,2.838200,1,2.569600,0
2021-04-09,sz.000060,4.7700,4.8100,4.7000,4.7500,4.7900,61709987,293258759.8200,3,1.729100,1,-0.835100,0
2021-04-12,sz.000060,4.7200,4.7600,4.6500,4.6800,4.7500,47295632,222375380.3200,3,1.325200,1,-1.473700,0
2021-04-13,sz.000060,4.6700,4.6800,4.5900,4.6400,4.6800,36094141,166928729.2900,3,1.011400,1,-0.854700,0
2021-04-14,sz.000060,4.6500,4.6800,4.6000,4.6700,4.6400,31767941,147584208.7900,3,0.890100,1,0.646600,0
2021-04-15,sz.000060,4.6500,4.7800,4.6100,4.7700,4.6700,50590195,237657722.9200,3,1.417600,1,2.141300,0
2021-04-16,sz.000060,4.8200,4.8300,4.7300,4.7600,4.7700,50810519,242160929.0800,3,1.423700,1,-0.209600,0
2021-04-19,sz.000060,4.7400,4.8100,4.6700,4.8000,4.7600,58440736,279185054.0100,3,1.637500,1,0.840300,0
2021-04-20,sz.000060,4.7600,4.7700,4.6800,4.6900,4.8000,45271357,213855237.0200,3,1.268500,1,-2.291700,0
2021-04-21,sz.000060,4.6500,4.6700,4.5800,4.6100,4.6900,35983536,166019256.3800,3,1.008300,1,-1.705800,0
2021-04-22,sz.000060,4.6300,4.7800,4.6100,4.6400,4.6100,48795590,229175456.5200,3,1.367300,1,0.650800,0
2021-04-23,sz.000060,4.6400,4.7100,4.5800,4.6900,4.6400,35742394,165699134.8500,3,1.001500,1,1.077600,0
2021-04-26,sz.000060,4.7100,4.8800,4.6900,4.7600,4.6900,101491206,486498273.7000,3,2.843800,1,1.492500,0
2021-04-27,sz.000060,4.8200,4.8800,4.7300,4.8000,4.7600,72126580,346997250.6100,3,2.021000,1,0.840300,0
2021-04-28,sz.000060,4.7500,4.7700,4.6600,4.7600,4.8000,49889386,235197941.2600,3,1.397900,1,-0.833300,0
2021-04-29,sz.000060,4.7800,4.8500,4.6900,4.8200,4.7600,74705175,357564668.5500,3,2.093300,1,1.260500,0
2021-04-30,sz.000060,4.7600,4.7600,4.5800,4.6300,4.8200,90650426,422856717.5700,3,2.540100,1,-3.941900,0
2021-05-06,sz.000060,4.6900,4.8900,4.6900,4.8700,4.6300,128498794,621028222.3700,3,3.600600,1,5.183600,0
2021-05-07,sz.000060,4.9300,5.1000,4.9200,4.9800,4.8700,140265371,702048496.6300,3,3.930300,1,2.258700,0
2021-05-10,sz.000060,5.1500,5.3700,5.0700,5.3500,4.9800,182720141,959325531.1400,3,5.119900,1,7.429700,0
2021-05-11,sz.000060,5.1600,5.1900,4.9700,5.0500,5.3500,139099183,705408122.1600,3,3.897600,1,-5.607500,0
2021-05-12,sz.000060,5.0400,5.1400,4.9900,5.0800,5.0500,87428354,443074005.2600,3,2.449800,1,0.594100,0
2021-05-13,sz.000060,4.9700,4.9900,4.8600,4.9000,5.0800,81875523,403522000.3600,3,2.294200,1,-3.543300,0
2021-05-14,sz.000060,4.9000,4.9300,4.8100,4.8700,4.9000,69137082,335233544.9000,3,1.937200,1,-0.612200,0
2021-05-17,sz.000060,4.8600,4.9400,4.8100,4.9100,4.8700,65058673,317256054.5800,3,1.823000,1,0.821400,0
2021-05-18,sz.000060,5.0100,5.2000,4.9700,5.1400,4.9100,122469169,623152378.0300,3,3.431600,1,4.684300,0
2021-05-19,sz.000060,5.0500,5.1200,4.9800,5.0400,5.1400,82630574,417864149.2900,3,2.315300,1,-1.945500,0
2021-05-20,sz.000060,4.9000,4.9000,4.7600,4.8100,5.0400,104302087,502072000.8900,3,2.922600,1,-4.563500,0
2021-05-21,sz.000060,4.8000,4.8800,4.7600,4.8100,4.8100,48955554,236092449.4400,3,1.371800,1,0.000000,0
2021-05-24,sz.000060,4.7800,4.8500,4.7500,4.7800,4.8100,49520801,237411603.8600,3,1.387600,1,-0.623700,0
2021-05-25,sz.000060,4.7900,4.8400,4.6800,4.8400,4.7800,56488273,269790974.1300,3,1.582800,1,1.255200,0
2021-05-26,sz.000060,4.8200,4.8600,4.7700,4.8300,4.8400,57785726,278519846.8200,3,1.619200,1,-0.206600,0
2021-05-27,sz.000060,4.8100,4.8200,4.7700,4.8000,4.8300,39567488,189679315.5700,3,1.108700,1,-0.621100,0
2021-05-28,sz.000060,4.8800,4.9100,4.8300,4.8400,4.8000,62893660,306201814.0000,3,1.762300,1,0.833300,0
2021-05-31,sz.000060,4.8400,4.8700,4.8000,4.8200,4.8400,47260134,228214675.1900,3,1.324200,1,-0.413200,0
2021-06-01,sz.000060,4.7900,4.8500,4.7500,4.8500,4.8200,45925435,220115921.4200,3,1.286800,1,0.622400,0
2021-06-02,sz.000060,4.8200,4.8500,4.7600,4.7700,4.8500,38439060,184365351.8100,3,1.077100,1,-1.649500,0
2021-06-03,sz.000060,4.7600,4.8500,4.7100,4.7800,4.7700,48354356,231803454.4500,3,1.354900,1,0.209600,0
2021-06-04,sz.000060,4.7000,4.7500,4.6600,4.7500,4.7800,44174740,207722406.8200,3,1.237800,1,-0.627600,0
2021-06-07,sz.000060,4.7700,4.8400,4.7500,4.7600,4.7500,40191638,192623304.3500,3,1.126200,1,0.210500,0
2021-06-08,sz.000060,4.7400,4.7800,4.7000,4.7100,4.7600,29598004,139978882.6600,3,0.829300,1,-1.050400,0
2021-06-09,sz.000060,4.7200,4.8000,4.7000,4.7800,4.7100,31094666,148152454.4700,3,0.871300,1,1.486200,0
2021-06-10,sz.000060,4.7600,4.8100,4.7400,4.7500,4.7800,28789379,137235146.6200,3,0.806700,1,-0.627600,0
2021-06-11,sz.000060,4.7500,4.8000,4.7200,4.7600,4.7500,38207737,181878473.5000,3,1.070600,1,0.210500,0
2021-06-15,sz.000060,4.7300,4.7400,4.5700,4.5800,4.7600,56015030,259068563.9000,3,1.569600,1,-3.781500,0
2021-06-16,sz.000060,4.5800,4.6100,4.5100,4.5300,4.5800,29476000,134196526.4600,3,0.825900,1,-1.091700,0
2021-06-17,sz.000060,4.5000,4.5600,4.5000,4.5200,4.5300,20039247,90658062.4700,3,0.561500,1,-0.220800,0
2021-06-18,sz.000060,4.3500,4.4800,4.3100,4.4800,4.4400,29716306,130559840.0000,3,0.832700,1,0.900900,0
2021-06-21,sz.000060,4.4400,4.4700,4.3800,4.4000,4.4800,24482547,108274567.9600,3,0.686000,1,-1.785700,0
2021-06-22,sz.000060,4.4100,4.5100,4.3900,4.4700,4.4000,25131019,111909404.6500,3,0.704200,1,1.590900,0
2021-06-23,sz.000060,4.4700,4.5100,4.4300,4.4900,4.4700,24037049,107647184.9700,3,0.673500,1,0.447400,0
2021-06-24,sz.000060,4.4900,4.5200,4.4600,4.4900,4.4900,21181413,95127976.1100,3,0.593500,1,0.000000,0
2021-06-25,sz.000060,4.5100,4.5800,4.4900,4.5600,4.4900,23918315,108683133.2300,3,0.670200,1,1.559000,0
2021-06-28,sz.000060,4.5600,4.5700,4.4600,4.4700,4.5600,24297595,109416603.6500,3,0.680800,1,-1.973700,0
2021-06-29,sz.000060,4.4600,4.5000,4.4300,4.4500,4.4700,17977342,80187093.9500,3,0.503700,1,-0.447400,0
2021-06-30,sz.000060,4.4700,4.5800,4.4700,4.5200,4.4500,23933220,108399695.0700,3,0.670600,1,1.573000,0
2021-07-01,sz.000060,4.5500,4.5900,4.4100,4.4200,4.5200,23241296,104297109.9200,3,0.651200,1,-2.212400,0
2021-07-02,sz.000060,4.4300,4.5100,4.4100,4.4300,4.4200,24575130,109789116.3300,3,0.688600,1,0.226200,0
2021-07-05,sz.000060,4.4600,4.5600,4.4500,4.5400,4.4300,31840980,144203017.5600,3,0.892200,1,2.483100,0
2021-07-06,sz.000060,4.5400,4.5800,4.4800,4.5400,4.5400,30522271,138221797.3800,3,0.855200,1,0.000000,0
2021-07-07,sz.000060,4.5200,4.6500,4.5000,4.6400,4.5400,45874829,210871021.8800,3,1.285400,1,2.202600,0
2021-07-08,sz.000060,4.6600,4.7200,4.5900,4.5900,4.6400,58299786,271180512.3400,3,1.633600,1,-1.077600,0
2021-07-09,sz.000060,4.5800,4.8200,4.5600,4.8100,4.5900,99274318,471625719.0800,3,2.781700,1,4.793000,0
2021-07-12,sz.000060,4.8700,4.9300,4.7600,4.7700,4.8100,84710343,408754521.8600,3,2.373600,1,-0.831600,0
2021-07-13,sz.000060,4.8100,4.8300,4.7500,4.7800,4.7700,51770676,247678466.8300,3,1.450600,1,0.209600,0
2021-07-14,sz.000060,4.7400,4.7700,4.6700,4.7000,4.7800,48470868,228197209.0200,3,1.358200,1,-1.673600,0
2021-07-15,sz.000060,4.7700,4.8300,4.6500,4.8300,4.7000,57501087,272975235.5300,3,1.611200,1,2.766000,0
2021-07-16,sz.000060,4.7800,4.9500,4.7600,4.8500,4.8300,83375695,407188356.7500,3,2.336200,1,0.414100,0
2021-07-19,sz.000060,4.8600,4.9200,4.8000,4.8200,4.8500,59293366,288105177.3100,3,1.661400,1,-0.618600,0
2021-07-20,sz.000060,4.7800,4.8100,4.7200,4.7800,4.8200,41122437,195623878.5900,3,1.152300,1,-0.829900,0
2021-07-21,sz.000060,4.7800,4.9300,4.7700,4.8900,4.7800,67558425,329199997.9900,3,1.893000,1,2.301300,0
2021-07-22,sz.000060,4.9100,5.0200,4.8900,5.0000,4.8900,83306243,414168786.3700,3,2.334300,1,2.249500,0
2021-07-23,sz.000060,5.0000,5.4900,5.0000,5.2900,5.0000,202288375,1069387847.8900,3,5.668200,1,5.800000,0
2021-07-26,sz.000060,5.2800,5.5900,5.2800,5.3700,5.2900,226960851,1228904644.6800,3,6.359500,1,1.512300,0
2021-07-27,sz.000060,5.4500,5.5300,5.1300,5.1600,5.3700,188400038,1009112377.8700,3,5.279000,1,-3.910600,0
2021-07-28,sz.000060,5.0800,5.2500,4.9400,5.0700,5.1600,121073289,618944242.1400,3,3.392500,1,-1.744200,0
2021-07-29,sz.000060,5.1800,5.2200,5.0600,5.1700,5.0700,110776852,570923154.4300,3,3.104000,1,1.972400,0
2021-07-30,sz.000060,5.1700,5.2800,5.0700,5.2300,5.1700,112282339,582908434.5400,3,3.146200,1,1.160500,0
2021-08-02,sz.000060,5.2300,5.2600,5.0100,5.1300,5.2300,107849053,551211079.0600,3,3.021900,1,-1.912000,0
2021-08-03,sz.000060,5.0800,5.1100,4.8500,4.8800,5.1300,107977633,538056550.2700,3,3.025600,1,-4.873300,0
2021-08-04,sz.000060,4.9100,5.0200,4.8700,5.0000,4.8800,75085574,372707386.6700,3,2.103900,1,2.459000,0
2021-08-05,sz.000060,4.9800,5.0000,4.8900,4.9400,5.0000,53144625,262647228.6100,3,1.489100,1,-1.200000,0
2021-08-06,sz.000060,4.9600,5.3600,4.9300,5.3400,4.9400,177549913,929245677.3700,3,4.975000,1,8.097200,0
2021-08-09,sz.000060,5.2800,5.3800,5.2100,5.3300,5.3400,119226841,633481807.4500,3,3.340800,1,-0.187300,0
2021-08-10,sz.000060,5.3500,5.3700,5.2200,5.3200,5.3300,74408339,393290751.2100,3,2.084900,1,-0.187600,0
2021-08-11,sz.000060,5.3200,5.4400,5.2700,5.3700,5.3200,124448637,665740620.1600,3,3.487100,1,0.939800,0
2021-08-12,sz.000060,5.4100,5.6700,5.3700,5.5700,5.3700,158196690,876890416.4300,3,4.432700,1,3.724400,0
2021-08-13,sz.000060,5.5300,5.6500,5.4800,5.5800,5.5700,106090860,590699570.1700,3,2.972700,1,0.179500,0
2021-08-16,sz.000060,5.5900,5.6300,5.2900,5.3100,5.5800,121278556,654634365.9000,3,3.398200,1,-4.838700,0
2021-08-17,sz.000060,5.3000,5.6500,5.3000,5.3500,5.3100,129054841,705203244.1800,3,3.616100,1,0.753300,0
2021-08-18,sz.000060,5.3200,5.4500,5.2800,5.3200,5.3500,84414865,451690189.6400,3,2.365300,1,-0.560700,0
2021-08-19,sz.000060,5.2800,5.3300,5.1100,5.2900,5.3200,81175462,423001354.2100,3,2.274500,1,-0.563900,0
2021-08-20,sz.000060,5.2100,5.4500,5.1700,5.4300,5.2900,75916883,405181301.2000,3,2.127200,1,2.646500,0
2021-08-23,sz.000060,5.3900,5.5400,5.3700,5.3900,5.4300,92548912,502594554.1100,3,2.593200,1,-0.736600,0
2021-08-24,sz.000060,5.4200,5.6400,5.4000,5.6000,5.3900,136041434,757614794.3500,3,3.811900,1,3.896100,0
2021-08-25,sz.000060,5.5900,5.8500,5.5300,5.7900,5.6000,159687220,917562949.3900,3,4.474500,1,3.392900,0
2021-08-26,sz.000060,5.7800,6.0600,5.7500,5.8400,5.7900,237079368,1399510648.7600,3,6.643000,1,0.863600,0
2021-08-27,sz.000060,5.7800,6.0500,5.7800,6.0000,5.8400,189505647,1126966845.3000,3,5.310000,1,2.739700,0
2021-08-30,sz.000060,6.1000,6.1500,5.8500,5.9400,6.0000,190986671,1134041738.4900,3,5.351500,1,-1.000000,0
2021-08-31,sz.000060,5.8600,6.0700,5.7700,6.0700,5.9400,183695625,1093022101.9400,3,5.147200,1,2.188600,0
2021-09-01,sz.000060,6.1500,6.1800,5.6600,5.7000,6.0700,263731479,1549458624.0100,3,7.389800,1,-6.095600,0
2021-09-02,sz.000060,5.6400,5.9800,5.6300,5.8800,5.7000,155573585,911345379.8600,3,4.359200,1,3.157900,0
2021-09-03,sz.000060,5.9900,6.4700,5.9900,6.1000,5.8800,402049760,2532333227.8800,3,11.265500,1,3.741500,0
2021-09-06,sz.000060,6.1400,6.1800,5.7600,5.9500,6.1000,247030275,1466771353.6100,3,6.921800,1,-2.459000,0
2021-09-07,sz.000060,5.9700,6.3000,5.8900,6.2600,5.9500,222601481,1367508729.2800,3,6.237300,1,5.210100,0
2021-09-08,sz.000060,6.2500,6.3500,6.1500,6.2200,6.2600,150731828,938406466.8600,3,4.223500,1,-0.639000,0
2021-09-09,sz.000060,6.2300,6.4500,6.1700,6.4300,6.2200,203731054,1289166418.1500,3,5.708600,1,3.376200,0
2021-09-10,sz.000060,6.4000,6.7200,6.3000,6.4600,6.4300,217043119,1409340392.6400,3,6.081600,1,0.466600,0
2021-09-13,sz.000060,6.5100,6.9600,6.4500,6.8900,6.4600,255925708,1710472730.1500,3,7.171100,1,6.656300,0
2021-09-14,sz.000060,6.6600,6.6600,6.3300,6.3600,6.8900,231515386,1501233068.9600,3,6.487100,1,-7.692300,0
2021-09-15,sz.000060,6.3100,6.4900,6.2500,6.4000,6.3600,142908418,912455548.9800,3,4.004300,1,0.628900,0
2021-09-16,sz.000060,6.4400,6.5500,6.1100,6.1500,6.4000,185777534,1175252739.3200,3,5.205500,1,-3.906300,0
2021-09-17,sz.000060,6.1500,6.2900,5.8000,5.9300,6.1500,156414020,943420135.9500,3,4.382700,1,-3.577200,0
2021-09-22,sz.000060,5.8100,5.9200,5.7500,5.9100,5.9300,92768479,542122676.8500,3,2.599400,1,-0.337300,0
2021-09-23,sz.000060,5.9500,6.0000,5.7000,5.8200,5.9100,119362292,696240110.9400,3,3.344600,1,-1.522800,0
2021-09-24,sz.000060,5.9200,5.9800,5.5700,5.6000,5.8200,134950905,774875513.5200,3,3.781300,1,-3.780100,0
2021-09-27,sz.000060,5.5600,5.6000,5.1100,5.2200,5.6000,142440124,756574413.3500,3,3.991200,1,-6.785700,0
2021-09-28,sz.000060,5.2300,5.3100,5.1300,5.2600,5.2200,63831174,333753808.3500,3,1.788600,1,0.766300,0
2021-09-29,sz.000060,5.1800,5.2300,5.0100,5.0700,5.2600,79282359,404835456.0900,3,2.221500,1,-3.612200,0
2021-09-30,sz.000060,5.0800,5.1800,5.0600,5.1300,5.0700,67394991,345393179.4200,3,1.888400,1,1.183400,0
2021-10-08,sz.000060,5.2300,5.3200,5.1400,5.2100,5.1300,64704792,336762315.1800,3,1.813000,1,1.559500,0
2021-10-11,sz.000060,5.2700,5.2800,5.0800,5.2400,5.2100,75999295,393840324.7900,3,2.082800,1,0.575800,0
2021-10-12,sz.000060,5.2000,5.2500,5.0000,5.0900,5.2400,80301818,409642543.9800,3,2.200700,1,-2.862600,0
2021-10-13,sz.000060,5.0800,5.1100,4.9400,5.0900,5.0900,55429259,278832464.0200,3,1.519100,1,0.000000,0
2021-10-14,sz.000060,5.2000,5.5700,5.1600,5.4600,5.0900,154983440,832001666.7000,3,4.247400,1,7.269200,0
2021-10-15,sz.000060,5.3300,5.4500,5.2900,5.3600,5.4600,84944850,456529088.8400,3,2.328000,1,-1.831500,0
2021-10-18,sz.000060,5.5500,5.7400,5.4600,5.7200,5.3600,145930486,820356814.7500,3,3.999300,1,6.716400,0
2021-10-19,sz.000060,5.6200,5.7600,5.6200,5.7100,5.7200,91670539,521799971.7900,3,2.512300,1,-0.174800,0
2021-10-20,sz.000060,5.4600,5.5700,5.4200,5.4800,5.7100,83399561,458629527.4500,3,2.285600,1,-4.028000,0
2021-10-21,sz.000060,5.5500,5.6400,5.4600,5.5400,5.4800,71539772,398861180.8300,3,1.960600,1,1.094900,0
2021-10-22,sz.000060,5.4600,5.5400,5.2500,5.2700,5.5400,80236065,432073452.8000,3,2.198900,1,-4.873600,0
2021-10-25,sz.000060,5.2700,5.3200,5.2200,5.2900,5.2700,48010871,253325113.4000,3,1.315800,1,0.379500,0
2021-10-26,sz.000060,5.3000,5.3100,5.1800,5.2200,5.2900,47164370,247151129.3100,3,1.292600,1,-1.323300,0
2021-10-27,sz.000060,5.1800,5.2200,5.0500,5.1000,5.2200,54790130,280705701.8500,3,1.501600,1,-2.298900,0
2021-10-28,sz.000060,5.1000,5.1200,4.8900,4.9500,5.1000,69268077,344185854.2500,3,1.898300,1,-2.941200,0
2021-10-29,sz.000060,4.9500,5.0200,4.9000,4.9500,4.9500,49569605,246046958.7500,3,1.358500,1,0.000000,0
2021-11-01,sz.000060,4.9500,5.0300,4.8800,4.9900,4.9500,63852029,316513683.1400,3,1.749900,1,0.808100,0
2021-11-02,sz.000060,4.9600,5.0200,4.7100,4.7700,4.9900,88528614,427816571.1000,3,2.426200,1,-4.408800,0
2021-11-03,sz.000060,4.7400,4.8400,4.7300,4.8300,4.7700,48545622,232345585.1100,3,1.330400,1,1.257900,0
2021-11-04,sz.000060,4.8300,4.8300,4.7500,4.8100,4.8300,35698975,170753189.9900,3,0.978400,1,-0.414100,0
2021-11-05,sz.000060,4.7500,4.7500,4.6200,4.6400,4.8100,64910725,303468730.4000,3,1.778900,1,-3.534300,0
2021-11-08,sz.000060,4.6700,4.7300,4.6300,4.7100,4.6400,38885530,182502812.1100,3,1.065700,1,1.508600,0
2021-11-09,sz.000060,4.7400,4.7600,4.6700,4.7400,4.7100,37945632,178459098.1000,3,1.039900,1,0.636900,0
2021-11-10,sz.000060,4.7100,4.7100,4.5900,4.6900,4.7400,55298583,256315842.2300,3,1.515500,1,-1.054900,0
2021-11-11,sz.000060,4.6800,4.7800,4.6600,4.7800,4.6900,54513291,257983120.4500,3,1.494000,1,1.919000,0
2021-11-12,sz.000060,4.7900,4.8300,4.7300,4.7800,4.7800,44151740,210470208.3600,3,1.210000,1,0.000000,0
2021-11-15,sz.000060,4.7800,4.8100,4.7100,4.7600,4.7800,36638228,174052982.7000,3,1.004100,1,-0.418400,0
2021-11-16,sz.000060,4.7500,4.7800,4.6600,4.6700,4.7600,35555889,167967720.5700,3,0.974400,1,-1.890800,0
2021-11-17,sz.000060,4.6700,4.7500,4.6500,4.7500,4.6700,30969491,146336698.5000,3,0.848700,1,1.713100,0
2021-11-18,sz.000060,4.7400,4.8100,4.7200,4.7700,4.7500,44872486,214190072.4200,3,1.229800,1,0.421100,0
2021-11-19,sz.000060,4.7500,4.8300,4.7100,4.8300,4.7700,44697935,213985076.4700,3,1.225000,1,1.257900,0
2021-11-22,sz.000060,4.8300,4.9000,4.8300,4.8600,4.8300,48226804,234522503.3600,3,1.321700,1,0.621100,0
2021-11-23,sz.000060,4.9500,4.9800,4.8900,4.9000,4.8600,61394935,303217755.5100,3,1.682600,1,0.823000,0
2021-11-24,sz.000060,4.9000,4.9400,4.8500,4.9100,4.9000,40914196,200498840.6700,3,1.121300,1,0.204100,0
2021-11-25,sz.000060,4.9300,4.9800,4.9000,4.9500,4.9100,45838699,227035962.3300,3,1.256200,1,0.814700,0
2021-11-26,sz.000060,4.9200,5.0400,4.8800,5.0200,4.9500,66395929,331299275.2400,3,1.819600,1,1.414100,0
2021-11-29,sz.000060,4.9200,4.9400,4.8300,4.8800,5.0200,57683625,281617726.2100,3,1.580900,1,-2.788800,0
2021-11-30,sz.000060,4.9200,5.0300,4.8800,4.9100,4.8800,56786723,281388758.2200,3,1.556300,1,0.614800,0
2021-12-01,sz.000060,4.9100,5.0000,4.8400,4.9800,4.9100,53021226,261277323.8500,3,1.453100,1,1.425700,0
2021-12-02,sz.000060,4.9700,5.0300,4.9300,4.9500,4.9800,39724899,197620624.1500,3,1.088700,1,-0.602400,0
2021-12-03,sz.000060,4.9500,5.0000,4.9100,4.9900,4.9500,44859102,222571861.2300,3,1.229400,1,0.808100,0
2021-12-06,sz.000060,4.9900,5.1200,4.9800,5.0300,4.9900,66776870,337914809.4900,3,1.830100,1,0.801600,0
2021-12-07,sz.000060,5.0600,5.0700,4.9100,4.9700,5.0300,50734280,252674998.0800,3,1.390400,1,-1.192800,0
2021-12-08,sz.000060,5.0100,5.0500,4.9700,5.0500,4.9700,41603418,209095544.5100,3,1.140200,1,1.609700,0
2021-12-09,sz.000060,5.0500,5.0800,5.0100,5.0800,5.0500,40604371,204986362.8900,3,1.112800,1,0.594100,0
2021-12-10,sz.000060,5.0500,5.0800,5.0000,5.0500,5.0800,43002567,217061337.4900,3,1.178500,1,-0.590600,0
2021-12-13,sz.000060,5.0500,5.0600,4.9700,5.0000,5.0500,44481899,222659929.4800,3,1.219100,1,-0.990100,0
2021-12-14,sz.000060,4.9800,4.9900,4.8700,4.8900,5.0000,47692897,234242740.1900,3,1.307100,1,-2.200000,0
2021-12-15,sz.000060,4.8800,4.9100,4.8600,4.8700,4.8900,30594495,149517317.3900,3,0.838500,1,-0.409000,0
2021-12-16,sz.000060,4.8800,4.9700,4.8600,4.9500,4.8700,44714486,220299801.2800,3,1.225400,1,1.642700,0
2021-12-17,sz.000060,5.0100,5.1800,5.0100,5.0300,4.9500,88904708,451008481.3900,3,2.436500,1,1.616200,0
2021-12-20,sz.000060,5.0000,5.0400,4.9200,4.9400,5.0300,43568057,216721871.2100,3,1.194000,1,-1.789300,0
2021-12-21,sz.000060,4.9300,5.0000,4.9100,4.9800,4.9400,33080206,163908632.9600,3,0.906600,1,0.809700,0
2021-12-22,sz.000060,4.9900,5.0400,4.9700,5.0000,4.9800,31431770,156919055.6100,3,0.861400,1,0.401600,0
2021-12-23,sz.000060,5.0300,5.1100,5.0200,5.0900,5.0000,72607171,368954126.5200,3,1.989800,1,1.800000,0
2021-12-24,sz.000060,5.0700,5.0800,4.9500,4.9600,5.0900,44569198,222655245.3600,3,1.221400,1,-2.554000,0
2021-12-27,sz.000060,4.9500,4.9800,4.9000,4.9200,4.9600,33757950,166704281.0000,3,0.925200,1,-0.806500,0
2021-12-28,sz.000060,4.9300,4.9500,4.9000,4.9500,4.9200,27444871,135040966.2500,3,0.752100,1,0.609800,0
2021-12-29,sz.000060,4.9400,4.9500,4.9000,4.9100,4.9500,26944351,132613647.5300,3,0.738400,1,-0.808100,0
2021-12-30,sz.000060,4.9100,4.9400,4.9000,4.9000,4.9100,26083792,128245657.9700,3,0.714800,1,-0.203700,0
2021-12-31,sz.000060,4.9100,4.9200,4.8900,4.9100,4.9000,28982701,142170905.0200,3,0.794300,1,0.204100,0
2022-01-04,sz.000060,4.9200,4.9700,4.8800,4.9700,4.9100,48618316,239526076.0100,3,1.332400,1,1.222000,0
2022-01-05,sz.000060,4.9500,4.9700,4.8800,4.9000,4.9700,35905739,176607398.7300,3,0.984000,1,-1.408500,0
2022-01-06,sz.000060,4.8900,4.9300,4.8800,4.9100,4.9000,29660241,145565557.8000,3,0.812900,1,0.204100,0
2022-01-07,sz.000060,4.9100,4.9600,4.9000,4.9400,4.9100,39625831,195473016.3300,3,1.086000,1,0.611000,0
2022-01-10,sz.000060,4.9200,4.9600,4.9100,4.9500,4.9400,34074394,168403754.9300,3,0.933800,1,0.202400,0
2022-01-11,sz.000060,4.9400,5.0200,4.9200,5.0000,4.9500,49888187,248758458.4100,3,1.367200,1,1.010100,0
2022-01-12,sz.000060,5.0500,5.0600,5.0000,5.0600,5.0000,52007011,261868680.3100,3,1.425300,1,1.200000,0
2022-01-13,sz.000060,5.0700,5.2200,5.0500,5.0500,5.0600,85814162,439339723.8100,3,2.351800,1,-0.197600,0
2022-01-14,sz.000060,5.0600,5.0800,4.9400,4.9400,5.0500,52155460,260462754.2000,3,1.429400,1,-2.178200,0
2022-01-17,sz.000060,4.9200,4.9800,4.8900,4.9400,4.9400,37059493,182374239.8700,3,1.015700,1,0.000000,0
2022-01-18,sz.000060,4.9400,4.9600,4.9000,4.9400,4.9400,31386763,154691020.2200,3,0.860200,1,0.000000,0
2022-01-19,sz.000060,4.9300,4.9600,4.8900,4.9100,4.9400,32591551,160504800.6600,3,0.893200,1,-0.607300,0
2022-01-20,sz.000060,4.9500,5.0000,4.9100,4.9400,4.9100,39595347,196003959.8200,3,1.085200,1,0.611000,0
2022-01-21,sz.000060,4.9200,4.9500,4.8800,4.9200,4.9400,35979836,176597346.5800,3,0.986100,1,-0.404900,0
2022-01-24,sz.000060,4.8900,4.9000,4.7100,4.7600,4.9200,45200020,215815530.2200,3,1.238800,1,-3.252000,0
2022-01-25,sz.000060,4.7300,4.7600,4.6000,4.6200,4.7600,37435051,174943627.7000,3,1.025900,1,-2.941200,0
2022-01-26,sz.000060,4.6200,4.6900,4.6200,4.6600,4.6200,21779056,101442325.3800,3,0.596900,1,0.865800,0
2022-01-27,sz.000060,4.6600,4.6700,4.5100,4.5100,4.6600,30684045,140682064.4500,3,0.840900,1,-3.218900,0
2022-01-28,sz.000060,4.5500,4.6000,4.4800,4.5600,4.5100,28754949,130734905.1400,3,0.788100,1,1.108600,0
2022-02-07,sz.000060,4.6200,4.7300,4.6200,4.6900,4.5600,35836781,168222049.9700,3,0.982100,1,2.850900,0
2022-02-08,sz.000060,4.7000,4.8300,4.6900,4.8200,4.6900,47091857,225137953.7900,3,1.290600,1,2.771900,0
2022-02-09,sz.000060,4.8400,4.9400,4.8000,4.9400,4.8200,61195615,300319700.2900,3,1.677100,1,2.489600,0
2022-02-10,sz.000060,4.9700,5.0800,4.9300,4.9800,4.9400,62405665,311965133.4200,3,1.710300,1,0.809700,0
2022-02-11,sz.000060,4.9500,5.0400,4.9200,4.9400,4.9800,48134752,239528274.5100,3,1.319200,1,-0.803200,0
2022-02-14,sz.000060,4.9400,5.0000,4.8700,4.9000,4.9400,38112210,187774462.5000,3,1.044500,1,-0.809700,0
2022-02-15,sz.000060,4.9100,4.9200,4.8400,4.8900,4.9000,24067679,117459473.6900,3,0.659600,1,-0.204100,0
2022-02-16,sz.000060,4.9000,4.9600,4.8800,4.9400,4.8900,25946441,127920192.6500,3,0.711100,1,1.022500,0
2022-02-17,sz.000060,4.9300,4.9700,4.9000,4.9500,4.9400,32442693,160404912.5300,3,0.889100,1,0.202400,0
2022-02-18,sz.000060,4.9200,5.0100,4.9000,5.0100,4.9500,44512940,221700947.4200,3,1.219900,1,1.212100,0
2022-02-21,sz.000060,4.9900,4.9900,4.9400,4.9800,5.0100,26268838,130457712.6300,3,0.719900,1,-0.598800,0
2022-02-22,sz.000060,4.9600,5.0100,4.9100,4.9800,4.9800,32890080,163238959.9500,3,0.901400,1,0.000000,0
2022-02-23,sz.000060,5.0000,5.0100,4.9500,4.9900,4.9800,36787548,183191804.2500,3,1.008200,1,0.200800,0
2022-02-24,sz.000060,4.9800,5.0800,4.8800,4.9400,4.9900,86573041,431925840.5300,3,2.372600,1,-1.002000,0
2022-02-25,sz.000060,4.9500,5.0500,4.9300,5.0200,4.9400,66765123,334674230.3900,3,1.829800,1,1.619400,0
2022-02-28,sz.000060,5.0700,5.0800,4.9900,5.0600,5.0200,52384920,264222387.0000,3,1.435700,1,0.796800,0
2022-03-01,sz.000060,5.0600,5.0700,5.0100,5.0300,5.0600,48266745,243158792.0000,3,1.322800,1,-0.592900,0
2022-03-02,sz.000060,5.0500,5.1500,5.0400,5.1100,5.0300,69590678,355461856.0000,3,1.907200,1,1.590500,0
2022-03-03,sz.000060,5.2300,5.3600,5.2000,5.2500,5.1100,123934425,654933408.0000,3,3.396500,1,2.739700,0
2022-03-04,sz.000060,5.2300,5.2600,5.1300,5.1600,5.2500,69115369,357742192.0000,3,1.894200,1,-1.714300,0
2022-03-07,sz.000060,5.2800,5.3100,5.1400,5.1900,5.1600,77392452,403272288.0000,3,2.121000,1,0.581400,0
2022-03-08,sz.000060,5.2700,5.5100,4.9700,5.3100,5.1900,212015323,1115893552.0000,3,5.810500,1,2.312100,0
2022-03-09,sz.000060,5.1400,5.1600,4.7900,5.0100,5.3100,187402614,939831152.0000,3,5.136000,1,-5.649700,0
2022-03-10,sz.000060,4.8900,5.0500,4.8500,4.9400,5.0100,91114081,452663936.0000,3,2.497100,1,-1.397200,0
2022-03-11,sz.000060,4.9000,4.9300,4.7200,4.9200,4.9400,80548612,388068016.0000,3,2.207500,1,-0.404900,0
2022-03-14,sz.000060,4.8400,4.9100,4.6700,4.6900,4.9200,72191950,346151056.0000,3,1.978500,1,-4.674800,0
2022-03-15,sz.000060,4.6400,4.6400,4.2300,4.2600,4.6900,111680613,494925408.0000,3,3.060700,1,-9.168400,0
2022-03-16,sz.000060,4.3400,4.4000,4.1200,4.3900,4.2600,69816991,299431744.0000,3,1.913400,1,3.051600,0
2022-03-17,sz.000060,4.4300,4.5100,4.3800,4.4100,4.3900,55923737,248961859.0000,3,1.532600,1,0.455600,0
2022-03-18,sz.000060,4.4400,4.5200,4.3400,4.4800,4.4100,47793200,212673672.5700,3,1.309800,1,1.587300,0
2022-03-21,sz.000060,4.4800,4.5300,4.4000,4.4600,4.4800,48372893,216090308.4500,3,1.325700,1,-0.446400,0
2022-03-22,sz.000060,4.4600,4.5500,4.4400,4.5300,4.4600,41879402,188912068.2400,3,1.147700,1,1.569500,0
2022-03-23,sz.000060,4.5300,4.5400,4.4800,4.5200,4.5300,27209930,122701933.8500,3,0.745700,1,-0.220800,0
2022-03-24,sz.000060,4.6600,4.7300,4.5600,4.5900,4.5200,70487757,326965498.9800,3,1.931800,1,1.548700,0
2022-03-25,sz.000060,4.5900,4.6700,4.5500,4.5600,4.5900,39643884,182584515.2200,3,1.086500,1,-0.653600,0
2022-03-28,sz.000060,4.5200,4.6500,4.4300,4.6200,4.5600,38369197,174870413.0800,3,1.051500,1,1.315800,0
2022-03-29,sz.000060,4.5700,4.5800,4.4500,4.4700,4.6200,49834479,224117769.5500,3,1.365800,1,-3.246800,0
2022-03-30,sz.000060,4.4800,4.5100,4.4100,4.5100,4.4700,51106373,227755929.3400,3,1.400600,1,0.894900,0
2022-03-31,sz.000060,4.5000,4.5100,4.4200,4.4300,4.5100,41596205,185434458.8600,3,1.140000,1,-1.773800,0
2022-04-01,sz.000060,4.4000,4.4500,4.3800,4.4400,4.4300,39661522,175323604.5200,3,1.087000,1,0.225700,0
2022-04-06,sz.000060,4.4300,4.5300,4.4000,4.5200,4.4400,57038868,254685430.8100,3,1.562800,1,1.801800,0
2022-04-07,sz.000060,4.4900,4.5100,4.4100,4.4100,4.5200,42317624,188572500.6100,3,1.159500,1,-2.433600,0
2022-04-08,sz.000060,4.4200,4.4800,4.3200,4.4600,4.4100,50050356,220687735.8100,3,1.371300,1,1.133800,0
2022-04-11,sz.000060,4.4500,4.4700,4.3100,4.3300,4.4600,48851677,213843130.8800,3,1.338500,1,-2.914800,0
2022-04-12,sz.000060,4.3100,4.5000,4.2500,4.4900,4.3300,63350495,275918192.6400,3,1.735800,1,3.695200,0
2022-04-13,sz.000060,4.4800,4.7900,4.4300,4.6500,4.4900,146868034,679602217.2200,3,4.024100,1,3.563500,0
2022-04-14,sz.000060,4.6400,4.8800,4.5800,4.8300,4.6500,125103685,598410298.6500,3,3.427800,1,3.871000,0
2022-04-15,sz.000060,4.8000,4.8700,4.6800,4.7200,4.8300,65233389,310367324.9900,3,1.787400,1,-2.277400,0
2022-04-18,sz.000060,4.7100,4.7200,4.5800,4.6300,4.7200,48807593,225881370.7300,3,1.337300,1,-1.906800,0
2022-04-19,sz.000060,4.7100,4.7600,4.6700,4.7100,4.6300,48350255,228051477.7200,3,1.324800,1,1.727900,0
2022-04-20,sz.000060,4.6800,4.7200,4.5500,4.5700,4.7100,44537391,206260616.4500,3,1.220300,1,-2.972400,0
2022-04-21,sz.000060,4.5500,4.5700,4.3500,4.3600,4.5700,55655327,247356776.8500,3,1.524900,1,-4.595200,0
2022-04-22,sz.000060,4.3900,4.4800,4.2700,4.4200,4.3600,44978043,196282935.9900,3,1.232400,1,1.376100,0
2022-04-25,sz.000060,4.3200,4.3300,4.0500,4.0900,4.4200,68556618,287280271.6500,3,1.878400,1,-7.466100,0
2022-04-26,sz.000060,4.0700,4.1100,3.9100,3.9400,4.0900,45254427,181747565.4200,3,1.239900,1,-3.667500,0
2022-04-27,sz.000060,3.9100,4.1100,3.8500,4.1000,3.9400,46382526,184378863.8500,3,1.270900,1,4.060900,0
2022-04-28,sz.000060,4.0800,4.1300,4.0000,4.0600,4.1000,33373797,135399246.7400,3,0.914400,1,-0.975600,0
2022-04-29,sz.000060,4.0900,4.2000,4.0800,4.1900,4.0600,37048754,153614149.4200,3,1.015100,1,3.202000,0
2022-05-05,sz.000060,4.1500,4.2300,4.1500,4.2000,4.1900,34553554,145208169.1500,3,0.946700,1,0.238700,0
2022-05-06,sz.000060,4.1000,4.1100,4.0100,4.0600,4.2000,34429934,140036489.9800,3,0.943400,1,-3.333300,0
2022-05-09,sz.000060,4.0300,4.1100,4.0100,4.0800,4.0600,20755163,84454060.8200,3,0.568700,1,0.492600,0
2022-05-10,sz.000060,4.0100,4.1300,3.9800,4.1200,4.0800,27367535,111152862.1700,3,0.749900,1,0.980400,0
2022-05-11,sz.000060,4.1100,4.2100,4.0900,4.1200,4.1200,34848760,144771806.0000,3,0.954800,1,0.000000,0
2022-05-12,sz.000060,4.0900,4.1500,4.0600,4.1000,4.1200,21673911,89067137.5700,3,0.593900,1,-0.485400,0
2022-05-13,sz.000060,4.1200,4.1400,4.0700,4.1300,4.1000,19980599,82102494.5700,3,0.547500,1,0.731700,0
2022-05-16,sz.000060,4.1500,4.1800,4.1000,4.1200,4.1300,24655510,101791957.5500,3,0.675500,1,-0.242100,0
2022-05-17,sz.000060,4.1400,4.1400,4.0800,4.1200,4.1200,21936042,90077800.5900,3,0.601000,1,0.000000,0
2022-05-18,sz.000060,4.1200,4.1300,4.0800,4.0900,4.1200,22176794,90909095.0500,3,0.607600,1,-0.728200,0
2022-05-19,sz.000060,4.0400,4.1000,4.0100,4.1000,4.0900,26960984,109142129.5100,3,0.738700,1,0.244500,0
2022-05-20,sz.000060,4.1200,4.2500,4.1100,4.2400,4.1000,50666133,212314011.3500,3,1.388200,1,3.414600,0
2022-05-23,sz.000060,4.2600,4.3300,4.2300,4.3100,4.2400,41552781,177955025.4600,3,1.138500,1,1.650900,0
2022-05-24,sz.000060,4.2800,4.3000,4.1300,4.1400,4.3100,41366052,175068239.7800,3,1.133400,1,-3.944300,0
2022-05-25,sz.000060,4.1500,4.2200,4.1400,4.2200,4.1400,27136550,113808320.9100,3,0.743500,1,1.932400,0
2022-05-26,sz.000060,4.1800,4.2600,4.1600,4.2400,4.2200,26540942,111881098.2500,3,0.727200,1,0.473900,0
2022-05-27,sz.000060,4.2400,4.3000,4.2100,4.2500,4.2400,30661102,130466480.8400,3,0.840100,1,0.235800,0
2022-05-30,sz.000060,4.2700,4.2900,4.2300,4.2500,4.2500,24111400,102704428.3600,3,0.660600,1,0.000000,0
2022-05-31,sz.000060,4.2400,4.3000,4.2200,4.2900,4.2500,28812585,122927659.4500,3,0.789400,1,0.941200,0
2022-06-01,sz.000060,4.2800,4.2900,4.2100,4.2500,4.2900,27308196,116098236.1800,3,0.748200,1,-0.932400,0
2022-06-02,sz.000060,4.2400,4.3700,4.2200,4.3500,4.2500,44727980,193453540.8900,3,1.225500,1,2.352900,0
2022-06-06,sz.000060,4.3700,4.4200,4.3200,4.3900,4.3500,47154234,206360297.4600,3,1.292000,1,0.919500,0
2022-06-07,sz.000060,4.3700,4.5400,4.3600,4.4900,4.3900,61968429,276390918.8400,3,1.658100,1,2.277900,0
2022-06-08,sz.000060,4.4900,4.5300,4.4000,4.4900,4.4900,52978612,236956595.0800,3,1.417600,1,0.000000,0
2022-06-09,sz.000060,4.4700,4.5000,4.3800,4.4400,4.4900,43468486,193221456.7400,3,1.163100,1,-1.113600,0
2022-06-10,sz.000060,4.4000,4.6500,4.3800,4.6100,4.4400,74946877,341700075.6000,3,2.005400,1,3.828800,0
2022-06-13,sz.000060,4.6000,4.6400,4.5300,4.5800,4.6100,58264934,266893294.4100,3,1.559000,1,-0.650800,0
2022-06-14,sz.000060,4.4800,4.5500,4.3800,4.5500,4.4900,52359166,233760468.6000,3,1.401000,1,1.336300,0
2022-06-15,sz.000060,4.5300,4.6100,4.4800,4.5300,4.5500,52940266,240898494.6000,3,1.416600,1,-0.439600,0
2022-06-16,sz.000060,4.5300,4.6000,4.5100,4.5200,4.5300,42315079,192634253.7000,3,1.132300,1,-0.220800,0
2022-06-17,sz.000060,4.5000,4.5800,4.4700,4.5400,4.5200,45167791,204637880.3700,3,1.208600,1,0.442500,0
2022-06-20,sz.000060,4.5400,4.5600,4.4600,4.4900,4.5400,44979755,202636934.1500,3,1.203600,1,-1.101300,0
2022-06-21,sz.000060,4.5500,4.5500,4.3800,4.4200,4.4900,40047458,178260215.7000,3,1.071600,1,-1.559000,0
2022-06-22,sz.000060,4.4200,4.4700,4.3800,4.3900,4.4200,27831549,123165729.0600,3,0.744700,1,-0.678700,0
2022-06-23,sz.000060,4.3900,4.5000,4.3600,4.4800,4.3900,32168063,142477413.4400,3,0.860800,1,2.050100,0
2022-06-24,sz.000060,4.4800,4.5000,4.4400,4.4700,4.4800,32351918,144741147.8800,3,0.865700,1,-0.223200,0
2022-06-27,sz.000060,4.4700,4.5300,4.4400,4.4700,4.4700,30981365,139064263.1900,3,0.829000,1,0.000000,0
2022-06-28,sz.000060,4.4800,4.5800,4.4700,4.5800,4.4700,39380500,179436206.7500,3,1.053700,1,2.460900,0
2022-06-29,sz.000060,4.5800,4.6100,4.4600,4.4700,4.5800,40112432,181907646.7900,3,1.073300,1,-2.401700,0
2022-06-30,sz.000060,4.4700,4.5400,4.4600,4.4600,4.4700,29683577,133493915.4600,3,0.794300,1,-0.223700,0
2022-07-01,sz.000060,4.4500,4.4800,4.3900,4.4500,4.4600,25822575,114602075.7800,3,0.691000,1,-0.224200,0
2022-07-04,sz.000060,4.4500,4.4600,4.4000,4.4400,4.4500,25350794,112266598.6300,3,0.678300,1,-0.224700,0
2022-07-05,sz.000060,4.4500,4.5200,4.4000,4.4700,4.4400,33389791,148948794.7100,3,0.893400,1,0.675700,0
2022-07-06,sz.000060,4.4300,4.4400,4.3000,4.3300,4.4700,38995588,169856123.1400,3,1.043400,1,-3.132000,0
2022-07-07,sz.000060,4.3400,4.6000,4.3300,4.5200,4.3300,68509808,308090960.6400,3,1.833100,1,4.388000,0
2022-07-08,sz.000060,4.5700,4.5700,4.4400,4.4500,4.5200,30582645,137378261.0900,3,0.818300,1,-1.548700,0
2022-07-11,sz.000060,4.4500,4.4600,4.3400,4.3700,4.4500,33285292,145464818.3100,3,0.890600,1,-1.797800,0
2022-07-12,sz.000060,4.3900,4.4400,4.3600,4.3800,4.3700,24291339,106854921.7000,3,0.650000,1,0.228800,0
2022-07-13,sz.000060,4.3700,4.3900,4.3300,4.3600,4.3800,23034995,100308561.5400,3,0.616400,1,-0.456600,0
2022-07-14,sz.000060,4.3500,4.3600,4.2900,4.3000,4.3600,26085081,112444369.4000,3,0.698000,1,-1.376100,0
2022-07-15,sz.000060,4.2900,4.3000,4.1700,4.1700,4.3000,30288389,127902803.6900,3,0.810400,1,-3.023300,0
2022-07-18,sz.000060,4.2300,4.4200,4.2000,4.4000,4.1700,53156487,230936359.4500,3,1.422300,1,5.515600,0
2022-07-19,sz.000060,4.4100,4.4300,4.3300,4.3800,4.4000,26091398,114338801.5400,3,0.698100,1,-0.454500,0
2022-07-20,sz.000060,4.3800,4.4400,4.3500,4.4300,4.3800,21018324,92885530.4400,3,0.562400,1,1.141600,0
2022-07-21,sz.000060,4.4200,4.4700,4.4000,4.4100,4.4300,23960998,106400966.2300,3,0.641100,1,-0.451500,0
2022-07-22,sz.000060,4.4400,4.4900,4.3900,4.4300,4.4100,28195817,125301420.5900,3,0.754400,1,0.453500,0
2022-07-25,sz.000060,4.4400,4.4900,4.3900,4.4100,4.4300,27671018,122870032.3500,3,0.740400,1,-0.451500,0
2022-07-26,sz.000060,4.4000,4.4400,4.3800,4.4300,4.4100,17959435,79248817.5900,3,0.480500,1,0.453500,0
2022-07-27,sz.000060,4.4100,4.4300,4.4000,4.4100,4.4300,16279834,71910246.7300,3,0.435600,1,-0.451500,0
2022-07-28,sz.000060,4.4300,4.4800,4.4200,4.4700,4.4100,26300096,117195853.5000,3,0.703700,1,1.360500,0
2022-07-29,sz.000060,4.5000,4.5400,4.4500,4.4600,4.4700,25861286,116138271.3400,3,0.692000,1,-0.223700,0
2022-08-01,sz.000060,4.4800,4.5000,4.4100,4.4700,4.4600,25075968,111495903.3800,3,0.671000,1,0.224200,0
2022-08-02,sz.000060,4.4200,4.4200,4.2500,4.3300,4.4700,36908148,159771016.3600,3,0.987600,1,-3.132000,0
2022-08-03,sz.000060,4.3200,4.3900,4.2300,4.2400,4.3300,27099479,117059420.8000,3,0.725100,1,-2.078500,0
2022-08-04,sz.000060,4.2700,4.3200,4.1800,4.2300,4.2400,29254000,123579228.1000,3,0.782800,1,-0.235800,0
2022-08-05,sz.000060,4.2900,4.3800,4.2700,4.3800,4.2300,30660290,132820495.7000,3,0.820400,1,3.546100,0
2022-08-08,sz.000060,4.3500,4.4000,4.3400,4.3900,4.3800,24071129,105232411.9600,3,0.644100,1,0.228300,0
2022-08-09,sz.000060,4.3600,4.3900,4.3300,4.3600,4.3900,17414436,75832368.5000,3,0.466000,1,-0.683400,0
2022-08-10,sz.000060,4.3600,4.4500,4.3500,4.3800,4.3600,34556401,152103495.8300,3,0.924600,1,0.458700,0
2022-08-11,sz.000060,4.4100,4.4400,4.3800,4.4400,4.3800,27112270,119586674.5000,3,0.725500,1,1.369900,0
2022-08-12,sz.000060,4.4300,4.5000,4.4200,4.4800,4.4400,34645636,155036754.5100,3,0.927000,1,0.900900,0
2022-08-15,sz.000060,4.4800,4.6400,4.4300,4.5300,4.4800,61859090,281214297.5200,3,1.655200,1,1.116100,0
2022-08-16,sz.000060,4.5700,4.5700,4.4600,4.4800,4.5300,44817242,201246164.3500,3,1.199200,1,-1.103800,0
2022-08-17,sz.000060,4.5400,4.5800,4.4600,4.5100,4.4800,36935401,166421700.0600,3,0.988300,1,0.669600,0
2022-08-18,sz.000060,4.4900,4.5200,4.4600,4.4600,4.5100,26816127,120208164.8800,3,0.717500,1,-1.108600,0
2022-08-19,sz.000060,4.4500,4.5000,4.4200,4.4300,4.4600,25165823,112028292.6200,3,0.673400,1,-0.672600,0
2022-08-22,sz.000060,4.4300,4.5100,4.3800,4.5100,4.4300,32614832,145434301.4000,3,0.872700,1,1.805900,0
2022-08-23,sz.000060,4.4800,4.5100,4.4600,4.4900,4.5100,24769264,110934501.0500,3,0.662800,1,-0.443500,0
2022-08-24,sz.000060,4.5100,4.5500,4.3500,4.3600,4.4900,37135743,164526817.8000,3,0.993700,1,-2.895300,0
2022-08-25,sz.000060,4.3800,4.4700,4.3600,4.4600,4.3600,32100647,141889625.1900,3,0.858900,1,2.293600,0
2022-08-26,sz.000060,4.4700,4.5100,4.4400,4.4500,4.4600,29608653,132568355.8800,3,0.792300,1,-0.224200,0
2022-08-29,sz.000060,4.4000,4.4900,4.3700,4.4900,4.4500,36764844,162956696.3800,3,0.983700,1,0.898900,0
2022-08-30,sz.000060,4.5300,4.5600,4.4500,4.5100,4.4900,46159241,207599002.2600,3,1.235100,1,0.445400,0
2022-08-31,sz.000060,4.4600,4.5200,4.3900,4.4100,4.5100,50387911,224052566.0600,3,1.348200,1,-2.217300,0
2022-09-01,sz.000060,4.3800,4.4300,4.3400,4.3600,4.4100,36648346,160798868.3600,3,0.980600,1,-1.133800,0
2022-09-02,sz.000060,4.3400,4.3700,4.3200,4.3400,4.3600,21746044,94397106.9600,3,0.581900,1,-0.458700,0
2022-09-05,sz.000060,4.3400,4.3900,4.3100,4.3600,4.3400,26741995,116290799.9600,3,0.715500,1,0.460800,0
2022-09-06,sz.000060,4.3600,4.5200,4.3600,4.4900,4.3600,62742812,280422345.6700,3,1.678800,1,2.981700,0
2022-09-07,sz.000060,4.4800,4.6000,4.4700,4.5900,4.4900,78424886,358333905.7300,3,2.098400,1,2.227200,0
2022-09-08,sz.000060,4.5800,4.6300,4.5500,4.5700,4.5900,43671384,200078068.1100,3,1.168500,1,-0.435700,0
2022-09-09,sz.000060,4.5900,4.6700,4.5600,4.6300,4.5700,50152318,231983721.3200,3,1.341900,1,1.312900,0
2022-09-13,sz.000060,4.6700,4.7700,4.6400,4.6500,4.6300,60029289,282248280.9500,3,1.606200,1,0.432000,0
2022-09-14,sz.000060,4.5700,4.6400,4.5400,4.5600,4.6500,39003623,178899486.0700,3,1.043600,1,-1.935500,0
2022-09-15,sz.000060,4.5900,4.6000,4.4100,4.4500,4.5600,45739538,204932074.0100,3,1.223900,1,-2.412300,0
2022-09-16,sz.000060,4.4500,4.4500,4.2800,4.2800,4.4500,60894281,265519567.5400,3,1.629400,1,-3.820200,0
2022-09-19,sz.000060,4.3000,4.3100,4.1800,4.2200,4.2800,44474060,187979826.6200,3,1.190000,1,-1.401900,0
2022-09-20,sz.000060,4.2500,4.4100,4.2400,4.3800,4.2200,42964230,186777091.8100,3,1.149600,1,3.791500,0
2022-09-21,sz.000060,4.3500,4.5200,4.3200,4.5000,4.3800,45858497,203503105.4400,3,1.227100,1,2.739700,0
2022-09-22,sz.000060,4.4800,4.6000,4.4700,4.5400,4.5000,44034190,200282163.3300,3,1.178200,1,0.888900,0
2022-09-23,sz.000060,4.5100,4.5500,4.4100,4.4600,4.5400,30619456,137049323.2000,3,0.819300,1,-1.762100,0
2022-09-26,sz.000060,4.4300,4.4300,4.2800,4.2800,4.4600,34430234,149500928.6000,3,0.921300,1,-4.035900,0
2022-09-27,sz.000060,4.2900,4.3500,4.1900,4.2800,4.2800,41900159,177505112.5700,3,1.121100,1,0.000000,0
2022-09-28,sz.000060,4.2700,4.2700,4.1000,4.1000,4.2800,47203513,195671289.3000,3,1.263000,1,-4.205600,0
2022-09-29,sz.000060,4.1500,4.1700,4.0700,4.1000,4.1000,29222818,120358823.7400,3,0.781900,1,0.000000,0
2022-09-30,sz.000060,4.0900,4.1700,4.0600,4.1200,4.1000,25648422,105728309.1000,3,0.686300,1,0.487800,0
2022-10-10,sz.000060,4.1200,4.2300,4.0900,4.1300,4.1200,32566396,135612852.8900,3,0.871400,1,0.242700,0
2022-10-11,sz.000060,4.1100,4.2300,4.1100,4.2100,4.1300,31027352,129933366.1000,3,0.830200,1,1.937000,0
2022-10-12,sz.000060,4.2200,4.2800,4.1300,4.2800,4.2100,30542851,128783656.6900,3,0.817200,1,1.662700,0
2022-10-13,sz.000060,4.2500,4.3100,4.2100,4.2700,4.2800,25920210,110557524.7800,3,0.693600,1,-0.233600,0
2022-10-14,sz.000060,4.3000,4.3200,4.2600,4.3100,4.2700,21773758,93537643.3700,3,0.582600,1,0.936800,0
2022-10-17,sz.000060,4.2900,4.3200,4.2600,4.3200,4.3100,18810357,80800094.1400,3,0.503300,1,0.232000,0
2022-10-18,sz.000060,4.3100,4.3300,4.2600,4.2800,4.3200,17370632,74532902.5400,3,0.464800,1,-0.925900,0
2022-10-19,sz.000060,4.2900,4.3000,4.2300,4.2400,4.2800,15892416,67751272.9300,3,0.425200,1,-0.934600,0
2022-10-20,sz.000060,4.2300,4.2600,4.1700,4.2300,4.2400,18082329,76209495.1700,3,0.483800,1,-0.235800,0
2022-10-21,sz.000060,4.2400,4.2500,4.1800,4.1900,4.2300,16631514,70063434.4000,3,0.445000,1,-0.945600,0
2022-10-24,sz.000060,4.2100,4.2800,4.1500,4.1900,4.1900,21800114,91791911.2800,3,0.583300,1,0.000000,0
2022-10-25,sz.000060,4.1800,4.2000,4.0800,4.1600,4.1900,21551545,89214317.1900,3,0.576700,1,-0.716000,0
2022-10-26,sz.000060,4.1700,4.2400,4.1500,4.2200,4.1600,19281116,81129229.9600,3,0.515900,1,1.442300,0
2022-10-27,sz.000060,4.2300,4.2800,4.2200,4.2400,4.2200,18403301,78331704.7200,3,0.492400,1,0.473900,0
2022-10-28,sz.000060,4.1500,4.2000,3.9600,3.9900,4.2400,86687409,348687408.0800,3,2.319500,1,-5.896200,0
2022-10-31,sz.000060,3.9300,3.9500,3.8300,3.8600,3.9900,65883098,254414140.0500,3,1.762900,1,-3.258100,0
2022-11-01,sz.000060,3.8700,3.9500,3.8400,3.9400,3.8600,53915700,209644445.9000,3,1.442600,1,2.072500,0
2022-11-02,sz.000060,3.9300,3.9700,3.9000,3.9600,3.9400,42997263,169422493.8200,3,1.150500,1,0.507600,0
2022-11-03,sz.000060,3.9200,3.9500,3.9200,3.9400,3.9600,22959823,90419994.6200,3,0.614300,1,-0.505100,0
2022-11-04,sz.000060,3.9400,4.0300,3.9300,4.0200,3.9400,35483938,141867948.8900,3,0.949500,1,2.030500,0
2022-11-07,sz.000060,4.1100,4.1500,4.0600,4.1100,4.0200,49928462,205287124.9800,3,1.336000,1,2.238800,0
2022-11-08,sz.000060,4.1000,4.1600,4.0900,4.1400,4.1100,40155048,165855741.1500,3,1.074400,1,0.729900,0
2022-11-09,sz.000060,4.2200,4.2300,4.1500,4.1500,4.1400,28927677,120720930.5200,3,0.774000,1,0.241500,0
2022-11-10,sz.000060,4.1000,4.1500,4.0900,4.1200,4.1500,21820965,89869248.1900,3,0.583900,1,-0.722900,0
2022-11-11,sz.000060,4.2100,4.2600,4.1900,4.2400,4.1200,53968804,227902964.9400,3,1.444100,1,2.912600,0
2022-11-14,sz.000060,4.2500,4.2800,4.1800,4.1900,4.2400,36277599,153430558.6000,3,0.970700,1,-1.179200,0
2022-11-15,sz.000060,4.1900,4.2400,4.1600,4.2300,4.1900,30812253,129628129.9100,3,0.824500,1,0.954700,0
2022-11-16,sz.000060,4.2300,4.2500,4.2100,4.2100,4.2300,20909567,88410919.7300,3,0.559500,1,-0.472800,0
2022-11-17,sz.000060,4.2000,4.2000,4.1400,4.1900,4.2100,23383304,97556122.9200,3,0.625700,1,-0.475100,0
2022-11-18,sz.000060,4.1700,4.1800,4.1300,4.1400,4.1900,26144983,108616780.6400,3,0.699600,1,-1.193300,0
2022-11-21,sz.000060,4.1200,4.1200,4.0600,4.1000,4.1400,21475730,87717492.5200,3,0.574600,1,-0.966200,0
2022-11-22,sz.000060,4.1100,4.1500,4.0700,4.1200,4.1000,24462738,100571895.5600,3,0.654600,1,0.487800,0
2022-11-23,sz.000060,4.1000,4.1600,4.1000,4.1400,4.1200,22691791,93907979.7400,3,0.607200,1,0.485400,0
2022-11-24,sz.000060,4.1500,4.1900,4.1500,4.1600,4.1400,17935907,74694604.1700,3,0.479900,1,0.483100,0
2022-11-25,sz.000060,4.1500,4.2000,4.1300,4.2000,4.1600,22230224,92963139.1800,3,0.594800,1,0.961500,0
2022-11-28,sz.000060,4.1600,4.1600,4.0900,4.1500,4.2000,25336770,104573304.4900,3,0.677900,1,-1.190500,0
2022-11-29,sz.000060,4.1500,4.2300,4.1400,4.2300,4.1500,29062790,122025724.7300,3,0.777600,1,1.927700,0
2022-11-30,sz.000060,4.2200,4.2400,4.2000,4.2100,4.2300,24634540,104029876.0200,3,0.659200,1,-0.472800,0
2022-12-01,sz.000060,4.2600,4.2900,4.2400,4.2500,4.2100,30395350,129626035.9400,3,0.813300,1,0.950100,0
2022-12-02,sz.000060,4.2600,4.2700,4.1900,4.2100,4.2500,19963646,84282406.5100,3,0.534200,1,-0.941200,0
2022-12-05,sz.000060,4.2300,4.3600,4.2300,4.3400,4.2100,51123193,220267814.9200,3,1.367900,1,3.087900,0
2022-12-06,sz.000060,4.3300,4.3500,4.3000,4.3300,4.3400,26076665,112711837.6000,3,0.697700,1,-0.230400,0
2022-12-07,sz.000060,4.3300,4.3400,4.2800,4.2900,4.3300,20039650,86164029.0000,3,0.536200,1,-0.923800,0
2022-12-08,sz.000060,4.3100,4.3100,4.2600,4.2800,4.2900,17458545,74772011.0500,3,0.467100,1,-0.233100,0
2022-12-09,sz.000060,4.2800,4.3700,4.2600,4.3600,4.2800,41826813,180867354.7300,3,1.119200,1,1.869200,0
2022-12-12,sz.000060,4.3300,4.3300,4.2100,4.2200,4.3600,39397682,167464507.1100,3,1.054200,1,-3.211000,0
2022-12-13,sz.000060,4.2200,4.2800,4.2200,4.2600,4.2200,21437436,91235655.6300,3,0.573600,1,0.947900,0
2022-12-14,sz.000060,4.2700,4.3100,4.2400,4.2600,4.2600,17989696,76804820.1000,3,0.481400,1,0.000000,0
2022-12-15,sz.000060,4.2500,4.2600,4.2100,4.2200,4.2600,15578308,65799208.9600,3,0.416800,1,-0.939000,0
2022-12-16,sz.000060,4.2000,4.2300,4.1800,4.2100,4.2200,17694164,74273046.7000,3,0.473400,1,-0.237000,0
2022-12-19,sz.000060,4.2200,4.2200,4.0600,4.0900,4.2100,26597763,109772862.4600,3,0.711700,1,-2.850400,0
2022-12-20,sz.000060,4.0900,4.1300,4.0700,4.0900,4.0900,14937801,61190350.7700,3,0.399700,1,0.000000,0
2022-12-21,sz.000060,4.1500,4.1700,4.0900,4.1100,4.0900,17766150,73394320.4000,3,0.475400,1,0.489000,0
2022-12-22,sz.000060,4.1500,4.1500,4.0300,4.0500,4.1100,17669246,72125638.3000,3,0.472800,1,-1.459900,0
2022-12-23,sz.000060,4.0300,4.0900,4.0100,4.0600,4.0500,14342138,58116421.6600,3,0.383800,1,0.246900,0
2022-12-26,sz.000060,4.0700,4.0800,4.0300,4.0600,4.0600,17047199,69071524.3500,3,0.456100,1,0.000000,0
2022-12-27,sz.000060,4.0700,4.1200,4.0700,4.1100,4.0600,15340554,62807421.7600,3,0.410500,1,1.231500,0
2022-12-28,sz.000060,4.1000,4.1700,4.0700,4.1300,4.1100,21165790,87422729.0300,3,0.566300,1,0.486600,0
2022-12-29,sz.000060,4.1300,4.1300,4.0800,4.1000,4.1300,13393901,54949880.6900,3,0.358400,1,-0.726400,0
2022-12-30,sz.000060,4.0900,4.1200,4.0800,4.1000,4.1000,12856881,52700658.1300,3,0.344000,1,0.000000,0
2023-01-03,sz.000060,4.1000,4.1500,4.0600,4.1400,4.1000,17645703,72549414.9800,3,0.472200,1,0.975600,0
2023-01-04,sz.000060,4.1400,4.1500,4.1000,4.1200,4.1400,15044064,62028694.6800,3,0.402500,1,-0.483100,0
2023-01-05,sz.000060,4.1300,4.1400,4.1100,4.1300,4.1200,16896241,69692052.3500,3,0.452100,1,0.242700,0
2023-01-06,sz.000060,4.1200,4.1700,4.1100,4.1200,4.1300,18127690,75043301.2900,3,0.485000,1,-0.242100,0
2023-01-09,sz.000060,4.1500,4.2300,4.1300,4.2100,4.1200,37069045,155452340.0900,3,0.991900,1,2.184500,0
2023-01-10,sz.000060,4.2400,4.2500,4.1800,4.1800,4.2100,22276037,93750146.0900,3,0.596000,1,-0.712600,0
2023-01-11,sz.000060,4.2000,4.2300,4.1900,4.2100,4.1800,20862718,87883309.2700,3,0.558200,1,0.717700,0
2023-01-12,sz.000060,4.2300,4.2400,4.1700,4.1900,4.2100,17019133,71562917.9000,3,0.455400,1,-0.475100,0
2023-01-13,sz.000060,4.2200,4.2600,4.1900,4.2300,4.1900,21106937,89091752.4800,3,0.564800,1,0.954700,0
2023-01-16,sz.000060,4.2300,4.2800,4.2300,4.2400,4.2300,25025003,106449807.8300,3,0.669600,1,0.236400,0
2023-01-17,sz.000060,4.2400,4.2600,4.2200,4.2500,4.2400,14538911,61633891.3600,3,0.389000,1,0.235800,0
2023-01-18,sz.000060,4.2500,4.3100,4.2400,4.2900,4.2500,31609560,135494381.5000,3,0.845800,1,0.941200,0
2023-01-19,sz.000060,4.2700,4.3200,4.2500,4.3200,4.2900,25464315,109285635.1800,3,0.681400,1,0.699300,0
2023-01-20,sz.000060,4.3400,4.4400,4.3200,4.4300,4.3200,50962462,224260880.5500,3,1.363600,1,2.546300,0
2023-01-30,sz.000060,4.4800,4.5300,4.4000,4.4100,4.4300,49904358,222275600.6300,3,1.335300,1,-0.451500,0
2023-01-31,sz.000060,4.4200,4.4600,4.4000,4.4400,4.4100,30770596,136436823.5000,3,0.823300,1,0.680300,0
2023-02-01,sz.000060,4.4600,4.6300,4.4400,4.5800,4.4400,71435558,326194248.9900,3,1.911400,1,3.153200,0
2023-02-02,sz.000060,4.5700,4.5700,4.5000,4.5300,4.5800,36816610,166544628.7700,3,0.985100,1,-1.091700,0
2023-02-03,sz.000060,4.5000,4.5100,4.4000,4.4700,4.5300,42234923,188009064.9300,3,1.130100,1,-1.324500,0
2023-02-06,sz.000060,4.4000,4.4600,4.3900,4.4200,4.4700,23790949,105261149.7800,3,0.636600,1,-1.118600,0
2023-02-07,sz.000060,4.4300,4.4700,4.4200,4.4600,4.4200,22112867,98269066.8600,3,0.591700,1,0.905000,0
2023-02-08,sz.000060,4.4700,4.4800,4.4000,4.4100,4.4600,17975512,79672730.6500,3,0.481000,1,-1.121100,0
2023-02-09,sz.000060,4.4000,4.4500,4.3900,4.4400,4.4100,16477833,73035518.9100,3,0.440900,1,0.680300,0
2023-02-10,sz.000060,4.4200,4.4400,4.3900,4.4100,4.4400,18922587,83545980.4500,3,0.506300,1,-0.675700,0
2023-02-13,sz.000060,4.4100,4.4700,4.4000,4.4500,4.4100,23382815,103954047.1800,3,0.625700,1,0.907000,0
2023-02-14,sz.000060,4.4700,4.5400,4.4500,4.4800,4.4500,36247463,163015572.5200,3,0.969900,1,0.674200,0
2023-02-15,sz.000060,4.4900,4.5300,4.4500,4.4700,4.4800,28922800,129449037.5100,3,0.773900,1,-0.223200,0
2023-02-16,sz.000060,4.4600,4.5000,4.3400,4.3900,4.4700,37157027,164904793.5600,3,0.994200,1,-1.789700,0
2023-02-17,sz.000060,4.4000,4.4400,4.3900,4.4000,4.3900,20640954,91149118.6800,3,0.552300,1,0.227800,0
2023-02-20,sz.000060,4.4100,4.6400,4.4000,4.6000,4.4000,80578000,366532360.2400,3,2.156100,1,4.545500,0
2023-02-21,sz.000060,4.6100,4.6900,4.5800,4.6300,4.6000,73749070,341155921.6600,3,1.973300,1,0.652200,0
2023-02-22,sz.000060,4.6200,4.6300,4.5700,4.5900,4.6300,30986534,142499145.4700,3,0.829100,1,-0.863900,0
2023-02-23,sz.000060,4.5800,4.6200,4.5600,4.6100,4.5900,31922773,146638497.5700,3,0.854200,1,0.435700,0
2023-02-24,sz.000060,4.6000,4.6400,4.5200,4.5900,4.6100,33361158,152726480.3100,3,0.892700,1,-0.433800,0
2023-02-27,sz.000060,4.5800,4.6900,4.5400,4.6500,4.5900,56408962,260521706.3800,3,1.509400,1,1.307200,0
2023-02-28,sz.000060,4.6600,4.6800,4.5900,4.6500,4.6500,36970384,171172299.3500,3,0.989200,1,0.000000,0
2023-03-01,sz.000060,4.6800,4.8700,4.6600,4.8200,4.6500,75329878,361067516.0400,3,2.015600,1,3.655900,0
2023-03-02,sz.000060,4.8500,4.8800,4.7900,4.8300,4.8200,44168138,213076638.3300,3,1.181800,1,0.207500,0
2023-03-03,sz.000060,4.8100,4.8400,4.7600,4.7900,4.8300,30888577,147979104.0200,3,0.826500,1,-0.828200,0
2023-03-06,sz.000060,4.8000,4.8200,4.7500,4.7900,4.7900,35594845,170083500.5100,3,0.952400,1,0.000000,0
2023-03-07,sz.000060,4.7800,4.8900,4.7600,4.7600,4.7900,47870710,230760269.4400,3,1.280900,1,-0.626300,0
2023-03-08,sz.000060,4.7300,4.7400,4.6700,4.7100,4.7600,29956261,140815300.4300,3,0.801600,1,-1.050400,0
2023-03-09,sz.000060,4.7300,4.7500,4.6900,4.7300,4.7100,20336131,96019632.1000,3,0.544100,1,0.424600,0
2023-03-10,sz.000060,4.7000,4.7000,4.6200,4.6300,4.7300,24207041,112577771.7000,3,0.647700,1,-2.114200,0
2023-03-13,sz.000060,4.6300,4.7200,4.5800,4.6800,4.6300,29261648,136320265.5100,3,0.783000,1,1.079900,0
2023-03-14,sz.000060,4.6900,4.8000,4.6600,4.7100,4.6800,39162405,185224252.0400,3,1.047900,1,0.641000,0
2023-03-15,sz.000060,4.7000,4.7600,4.6900,4.7300,4.7100,25065414,118504024.5900,3,0.670700,1,0.424600,0
2023-03-16,sz.000060,4.6800,4.6900,4.6000,4.6100,4.7300,31174815,144912814.9700,3,0.834200,1,-2.537000,0
2023-03-17,sz.000060,4.6400,4.8000,4.6300,4.7500,4.6100,48661475,230967403.1300,3,1.302100,1,3.036900,0
2023-03-20,sz.000060,4.8200,4.8600,4.7500,4.8100,4.7500,62990488,302780066.0800,3,1.685500,1,1.263200,0
2023-03-21,sz.000060,4.8100,4.8400,4.7100,4.8000,4.8100,38769479,185361598.3300,3,1.037400,1,-0.207900,0
2023-03-22,sz.000060,4.8100,4.8100,4.7500,4.7700,4.8000,24360615,116281001.4100,3,0.651800,1,-0.625000,0
2023-03-23,sz.000060,4.7700,4.8300,4.7300,4.8000,4.7700,25587733,122415340.2500,3,0.684700,1,0.628900,0
2023-03-24,sz.000060,4.8000,4.8200,4.7500,4.7900,4.8000,18455135,88309292.9500,3,0.493800,1,-0.208300,0
2023-03-27,sz.000060,4.7700,4.8000,4.7200,4.7500,4.7900,21586637,102573991.9900,3,0.577600,1,-0.835100,0
2023-03-28,sz.000060,4.7900,4.8500,4.7600,4.7900,4.7500,27163571,130368625.8200,3,0.726800,1,0.842100,0
2023-03-29,sz.000060,4.8100,4.8800,4.7900,4.8200,4.7900,40342540,194987322.1800,3,1.079500,1,0.626300,0
2023-03-30,sz.000060,4.8200,4.8300,4.7400,4.8200,4.8200,36457042,174392283.4900,3,0.975500,1,0.000000,0
2023-03-31,sz.000060,4.8200,4.9500,4.8200,4.9200,4.8200,61211035,299415550.7900,3,1.637800,1,2.074700,0
2023-04-03,sz.000060,4.9200,4.9400,4.8000,4.8100,4.9200,44747905,216862256.3800,3,1.197300,1,-2.235800,0
2023-04-04,sz.000060,4.8300,4.8500,4.7600,4.8400,4.8100,31060384,149324792.9200,3,0.831100,1,0.623700,0
2023-04-06,sz.000060,4.8500,4.8700,4.7900,4.8400,4.8400,24905776,120570386.4000,3,0.666400,1,0.000000,0
2023-04-07,sz.000060,4.8500,4.8800,4.8100,4.8300,4.8400,22650559,109623920.4800,3,0.606100,1,-0.206600,0
2023-04-10,sz.000060,4.8200,4.8200,4.6000,4.7600,4.8300,38126067,180449901.9900,3,1.020200,1,-1.449300,0
2023-04-11,sz.000060,4.7700,4.9000,4.6300,4.8800,4.7600,75201033,359140563.6000,3,2.012200,1,2.521000,0
2023-04-12,sz.000060,4.9000,5.0200,4.8800,4.9600,4.8800,73216132,362610590.6700,3,1.959100,1,1.639300,0
2023-04-13,sz.000060,4.9700,5.0600,4.8700,4.9200,4.9600,53848375,267402460.2200,3,1.440900,1,-0.806500,0
2023-04-14,sz.000060,4.9600,5.1900,4.9600,5.1600,4.9200,101114773,514051554.3300,3,2.705600,1,4.878000,0
2023-04-17,sz.000060,5.1000,5.1000,5.0200,5.0700,5.1600,68990632,348763993.4100,3,1.846000,1,-1.744200,0
2023-04-18,sz.000060,5.0800,5.1400,5.0500,5.1200,5.0700,45995071,234137700.2900,3,1.230700,1,0.986200,0
2023-04-19,sz.000060,5.1200,5.2900,5.1000,5.1700,5.1200,68207372,354507656.6700,3,1.825100,1,0.976600,0
2023-04-20,sz.000060,5.1500,5.1700,5.0600,5.1100,5.1700,46321686,236132864.0100,3,1.239500,1,-1.160500,0
2023-04-21,sz.000060,5.1000,5.1300,4.9600,4.9700,5.1100,46570638,234325596.5600,3,1.246100,1,-2.739700,0
2023-04-24,sz.000060,4.9600,4.9900,4.8300,4.8700,4.9700,39821740,195461424.7300,3,1.065500,1,-2.012100,0
2023-04-25,sz.000060,4.8700,4.9100,4.7000,4.8000,4.8700,38419991,184127309.7600,3,1.028000,1,-1.437400,0
2023-04-26,sz.000060,4.7900,4.8800,4.7100,4.8600,4.8000,32321346,156314285.8400,3,0.864800,1,1.250000,0
2023-04-27,sz.000060,4.8900,4.9000,4.7700,4.8200,4.8600,25321141,122060332.6600,3,0.677500,1,-0.823000,0
2023-04-28,sz.000060,4.8200,5.0700,4.8200,5.0600,4.8200,46819906,232946708.1500,3,1.252800,1,4.979300,0
2023-05-04,sz.000060,5.0700,5.2000,5.0600,5.1300,5.0600,47033586,241328847.0300,3,1.258500,1,1.383400,0
2023-05-05,sz.000060,5.0900,5.1500,4.9900,5.0300,5.1300,40401910,203782581.6000,3,1.081100,1,-1.949300,0
2023-05-08,sz.000060,5.0500,5.1700,5.0300,5.1200,5.0300,35571979,181857996.6000,3,0.951800,1,1.789300,0
2023-05-09,sz.000060,5.1400,5.2200,5.0800,5.0900,5.1200,44478484,228509111.3900,3,1.190100,1,-0.585900,0
2023-05-10,sz.000060,5.0800,5.1500,5.0500,5.0800,5.0900,29135765,148141712.5900,3,0.779600,1,-0.196500,0
2023-05-11,sz.000060,5.1000,5.1100,5.0100,5.0400,5.0800,20156321,101658369.0200,3,0.539300,1,-0.787400,0
2023-05-12,sz.000060,5.0100,5.0100,4.8200,4.8300,5.0400,52222212,254617351.5900,3,1.397300,1,-4.166700,0
2023-05-15,sz.000060,4.8800,4.9800,4.7900,4.9600,4.8300,36400952,177308638.6200,3,0.974000,1,2.691500,0
2023-05-16,sz.000060,4.9600,4.9700,4.8800,4.8900,4.9600,25011787,123181486.8600,3,0.669300,1,-1.411300,0
2023-05-17,sz.000060,4.8800,4.9600,4.8600,4.9100,4.8900,16075452,79092943.2600,3,0.430100,1,0.409000,0
2023-05-18,sz.000060,4.9400,4.9800,4.9000,4.9200,4.9100,17866002,88307058.6500,3,0.478100,1,0.203700,0
2023-05-19,sz.000060,4.8900,4.9100,4.8600,4.8700,4.9200,16968116,82817453.3400,3,0.454000,1,-1.016300,0
2023-05-22,sz.000060,4.8600,4.8800,4.8300,4.8500,4.8700,20235298,98123821.7000,3,0.541400,1,-0.410700,0
2023-05-23,sz.000060,4.8300,4.8600,4.7200,4.7200,4.8500,24505768,117110947.1900,3,0.655700,1,-2.680400,0
2023-05-24,sz.000060,4.7000,4.7400,4.6200,4.6600,4.7200,28377974,132596378.1800,3,0.759300,1,-1.271200,0
2023-05-25,sz.000060,4.6500,4.6700,4.5600,4.5900,4.6600,29878889,137510902.9700,3,0.799500,1,-1.502100,0
2023-05-26,sz.000060,4.6100,4.6700,4.5700,4.6500,4.5900,17921365,82819307.3700,3,0.479500,1,1.307200,0
2023-05-29,sz.000060,4.7000,4.7200,4.6500,4.7000,4.6500,18964811,88929114.4800,3,0.507500,1,1.075300,0
2023-05-30,sz.000060,4.6700,4.7500,4.6600,4.7200,4.7000,16339194,76888827.2400,3,0.437200,1,0.425500,0
2023-05-31,sz.000060,4.7100,4.7600,4.6900,4.7200,4.7200,21300439,100641916.1600,3,0.569900,1,0.000000,0
2023-06-01,sz.000060,4.7100,4.7700,4.7000,4.7100,4.7200,23933038,113432729.6300,3,0.640400,1,-0.211900,0
2023-06-02,sz.000060,4.7500,4.8200,4.7400,4.8200,4.7100,22743246,109025851.9000,3,0.608600,1,2.335500,0
2023-06-05,sz.000060,4.8100,4.9400,4.7900,4.9100,4.8200,36157882,177281563.3700,3,0.967500,1,1.867200,0
2023-06-06,sz.000060,4.9300,4.9600,4.8400,4.8700,4.9100,25032001,122743838.3600,3,0.669800,1,-0.814700,0
2023-06-07,sz.000060,4.8700,4.9000,4.8300,4.8500,4.8700,14494491,70439302.3300,3,0.387800,1,-0.410700,0
2023-06-08,sz.000060,4.8400,4.8800,4.8000,4.8700,4.8500,13402539,64900594.8000,3,0.358600,1,0.412400,0
2023-06-09,sz.000060,4.8600,4.9100,4.8300,4.8800,4.8700,15137124,73710074.1900,3,0.405000,1,0.205300,0
2023-06-12,sz.000060,4.9000,4.9400,4.8700,4.9100,4.8800,18566593,91092122.8400,3,0.496800,1,0.614800,0
2023-06-13,sz.000060,4.8900,4.9000,4.8400,4.8800,4.9100,17527836,85362748.1100,3,0.469000,1,-0.611000,0
2023-06-14,sz.000060,4.9000,4.9300,4.8900,4.9100,4.8800,15774139,77508601.2700,3,0.422100,1,0.614800,0
2023-06-15,sz.000060,4.9100,4.9300,4.8600,4.9000,4.9100,16828942,82390826.8900,3,0.450300,1,-0.203700,0
2023-06-16,sz.000060,4.9100,4.9400,4.8800,4.8900,4.9000,17314151,84869675.7100,3,0.463300,1,-0.204100,0
2023-06-19,sz.000060,4.9000,4.9000,4.8000,4.8300,4.8900,28886892,139793042.7300,3,0.772900,1,-1.227000,0
2023-06-20,sz.000060,4.8300,4.8300,4.7200,4.7500,4.8300,19709951,93921128.7500,3,0.527400,1,-1.656300,0
2023-06-21,sz.000060,4.7400,4.7500,4.6500,4.6700,4.7500,20689368,97278406.0600,3,0.553600,1,-1.684200,0
2023-06-26,sz.000060,4.6200,4.7400,4.6000,4.6600,4.6700,21521348,100634368.0600,3,0.575900,1,-0.214100,0
2023-06-27,sz.000060,4.6600,4.8400,4.6400,4.8000,4.6600,25597680,121895398.8000,3,0.684900,1,3.004300,0
2023-06-28,sz.000060,4.7300,4.7400,4.6200,4.6600,4.7000,23013668,107358224.9200,3,0.615800,1,-0.851100,0
2023-06-29,sz.000060,4.6600,4.6900,4.6000,4.6200,4.6600,17158146,79674262.5000,3,0.459100,1,-0.858400,0
2023-06-30,sz.000060,4.6500,4.8000,4.6200,4.7500,4.6200,27963708,132245408.3100,3,0.748200,1,2.813900,0
2023-07-03,sz.000060,4.7600,4.8500,4.7500,4.8300,4.7500,27149479,130466418.2000,3,0.726500,1,1.684200,0
2023-07-04,sz.000060,5.0400,5.0800,4.7900,4.8100,4.8300,49682142,242352708.1400,3,1.329400,1,-0.414100,0
2023-07-05,sz.000060,4.8300,5.2900,4.8000,5.2700,4.8100,245029838,1265054299.0800,3,6.556400,1,9.563400,0
2023-07-06,sz.000060,5.3400,5.4000,5.1200,5.1500,5.2700,210211378,1099288579.1100,3,5.624700,1,-2.277000,0
2023-07-07,sz.000060,5.1600,5.2500,4.9600,5.1500,5.1500,164827276,842907631.2900,3,4.410400,1,0.000000,0
2023-07-10,sz.000060,5.1500,5.3500,5.1300,5.1600,5.1500,122519684,639166077.5500,3,3.278300,1,0.194200,0
2023-07-11,sz.000060,5.1700,5.2000,5.1000,5.1500,5.1600,69050230,355562733.7200,3,1.847600,1,-0.193800,0
2023-07-12,sz.000060,5.1300,5.2300,5.0900,5.1000,5.1500,62306086,320362519.3600,3,1.667200,1,-0.970900,0
2023-07-13,sz.000060,5.1600,5.2400,5.1500,5.1900,5.1000,66603026,345852293.2000,3,1.782100,1,1.764700,0
2023-07-14,sz.000060,5.1900,5.3700,5.1800,5.2600,5.1900,81914756,433365526.6100,3,2.191800,1,1.348700,0
2023-07-17,sz.000060,5.2000,5.3300,5.2000,5.2400,5.2600,56557598,296900211.6500,3,1.513300,1,-0.380200,0
2023-07-18,sz.000060,5.2000,5.3000,5.2000,5.2800,5.2400,39466362,207301323.5100,3,1.056000,1,0.763400,0
2023-07-19,sz.000060,5.2600,5.5600,5.2400,5.4800,5.2800,114600221,623531414.6500,3,3.066400,1,3.787900,0
2023-07-20,sz.000060,5.4800,5.7000,5.4700,5.5200,5.4800,124106892,694494434.2700,3,3.320800,1,0.729900,0
2023-07-21,sz.000060,5.4800,5.7600,5.4400,5.6400,5.5200,103516763,582056119.9800,3,2.769900,1,2.173900,0
2023-07-24,sz.000060,5.5600,5.6900,5.5100,5.5800,5.6400,66479736,371429463.7500,3,1.778800,1,-1.063800,0
2023-07-25,sz.000060,5.6200,5.7300,5.5700,5.6100,5.5800,58465442,329062401.4500,3,1.564400,1,0.537600,0
2023-07-26,sz.000060,5.5700,5.7200,5.5700,5.6400,5.6100,57072840,322258289.6400,3,1.527100,1,0.534800,0
2023-07-27,sz.000060,5.6400,5.6700,5.5400,5.5700,5.6400,47067694,263354677.4200,3,1.259400,1,-1.241100,0
2023-07-28,sz.000060,5.6100,5.7300,5.5100,5.7000,5.5700,70595028,398985054.0700,3,1.888900,1,2.333900,0
2023-07-31,sz.000060,5.7000,5.9300,5.6600,5.7700,5.7000,62957881,365283014.3700,3,1.684600,1,1.228100,0
2023-08-01,sz.000060,5.7800,6.2000,5.7400,6.1000,5.7700,151988333,906053223.5200,3,4.066800,1,5.719200,0
2023-08-02,sz.000060,6.2100,6.2500,5.8800,5.9200,6.1000,177265980,1065158269.5600,3,4.743200,1,-2.950800,0
2023-08-03,sz.000060,5.8000,5.8500,5.6400,5.7400,5.9200,114896015,659026809.1400,3,3.074300,1,-3.040500,0
2023-08-04,sz.000060,5.7200,5.9700,5.7000,5.8500,5.7400,104625574,610970698.8100,3,2.799500,1,1.916400,0
2023-08-07,sz.000060,5.9400,5.9500,5.8000,5.8900,5.8500,67260029,395284815.2200,3,1.799700,1,0.683800,0
2023-08-08,sz.000060,5.8400,5.8700,5.6500,5.8200,5.8900,88948010,511548131.7300,3,2.380000,1,-1.188500,0
2023-08-09,sz.000060,5.6800,5.7500,5.6300,5.6500,5.8200,61344205,347609504.7300,3,1.641400,1,-2.921000,0
2023-08-10,sz.000060,5.6400,5.6800,5.5500,5.6000,5.6500,43716137,244361855.8100,3,1.169700,1,-0.885000,0
2023-08-11,sz.000060,5.6300,5.6500,5.4700,5.4800,5.6000,40585714,225156242.6000,3,1.086000,1,-2.142900,0
2023-08-14,sz.000060,5.4400,5.5200,5.3900,5.4600,5.4800,35156119,191610361.2100,3,0.940700,1,-0.365000,0
2023-08-15,sz.000060,5.4600,5.5400,5.4000,5.4500,5.4600,41298048,225570324.9800,3,1.105000,1,-0.183200,0
2023-08-16,sz.000060,5.4300,5.4700,5.3500,5.3900,5.4500,28037366,151320525.5200,3,0.750200,1,-1.100900,0
2023-08-17,sz.000060,5.4000,5.4100,5.2700,5.3900,5.3900,42412767,226722501.1200,3,1.134900,1,0.000000,0
2023-08-18,sz.000060,5.4200,5.4600,5.3200,5.3200,5.3900,26341775,142067990.9000,3,0.704800,1,-1.298700,0
2023-08-21,sz.000060,5.3200,5.3900,5.2800,5.3000,5.3200,27970232,149451057.8000,3,0.748400,1,-0.375900,0
2023-08-22,sz.000060,5.3000,5.3800,5.2300,5.3600,5.3000,44860169,238266482.1900,3,1.200300,1,1.132100,0
2023-08-23,sz.000060,5.3500,5.3700,5.2000,5.2200,5.3600,29048406,152673230.0800,3,0.777300,1,-2.611900,0
2023-08-24,sz.000060,5.2500,5.3300,5.1900,5.2700,5.2200,36396577,191557576.4700,3,0.973900,1,0.957900,0
2023-08-25,sz.000060,5.2600,5.2800,5.1300,5.1800,5.2700,33238582,172718688.3400,3,0.889400,1,-1.707800,0
2023-08-28,sz.000060,5.4500,5.4800,5.2300,5.3000,5.1800,63178375,335619419.9000,3,1.690500,1,2.316600,0
2023-08-29,sz.000060,5.2800,5.3100,5.2100,5.2400,5.3000,48298792,253842746.3000,3,1.292400,1,-1.132100,0
2023-08-30,sz.000060,5.1800,5.2200,5.0600,5.0900,5.2400,71763172,367463073.1500,3,1.920200,1,-2.862600,0
2023-08-31,sz.000060,5.0900,5.1300,4.9800,4.9900,5.0900,54038006,271986494.4800,3,1.445900,1,-1.964600,0
2023-09-01,sz.000060,4.9900,5.1900,4.9900,5.1700,4.9900,61372632,313866796.0400,3,1.642200,1,3.607200,0
2023-09-04,sz.000060,5.1700,5.5500,5.1700,5.4700,5.1700,105014367,569092409.8900,3,2.809900,1,5.802700,0
2023-09-05,sz.000060,5.4300,5.4600,5.3400,5.4400,5.4700,51333130,277468545.9000,3,1.373500,1,-0.548400,0
2023-09-06,sz.000060,5.4200,5.5000,5.3400,5.4400,5.4400,37486997,203112720.0500,3,1.003100,1,0.000000,0
2023-09-07,sz.000060,5.4200,5.4300,5.3000,5.3200,5.4400,28593528,153001887.9600,3,0.765100,1,-2.205900,0
2023-09-08,sz.000060,5.3200,5.3800,5.2600,5.3500,5.3200,24830900,132100947.5000,3,0.664400,1,0.563900,0
2023-09-11,sz.000060,5.3500,5.5000,5.3200,5.4700,5.3500,49660954,270064839.4500,3,1.328800,1,2.243000,0
2023-09-12,sz.000060,5.4700,5.5400,5.4000,5.4300,5.4700,32297802,176171165.6100,3,0.864200,1,-0.731300,0
2023-09-13,sz.000060,5.4100,5.5400,5.3900,5.4300,5.4300,43121552,234679367.8500,3,1.153800,1,0.000000,0
2023-09-14,sz.000060,5.4100,5.5000,5.4000,5.4600,5.4300,31906341,174102475.2300,3,0.853700,1,0.552500,0
2023-09-15,sz.000060,5.4800,5.5400,5.4200,5.4500,5.4600,38378285,209918409.0700,3,1.026900,1,-0.183200,0
2023-09-18,sz.000060,5.4200,5.4300,5.3400,5.4200,5.4500,36255447,194991336.9000,3,0.970100,1,-0.550500,0
2023-09-19,sz.000060,5.4000,5.4200,5.3300,5.3600,5.4200,29303918,157212294.6200,3,0.784100,1,-1.107000,0
2023-09-20,sz.000060,5.3300,5.3700,5.2700,5.3000,5.3600,34770096,184383870.3800,3,0.930400,1,-1.119400,0
2023-09-21,sz.000060,5.3200,5.3400,5.2600,5.2700,5.3000,21386175,113233822.6300,3,0.572200,1,-0.566000,0
2023-09-22,sz.000060,5.3000,5.3000,5.1400,5.2100,5.2700,51718664,268950734.3200,3,1.383900,1,-1.138500,0
2023-09-25,sz.000060,5.1900,5.2100,5.1500,5.1700,5.2100,26154026,135383667.2500,3,0.699800,1,-0.767800,0
2023-09-26,sz.000060,5.1600,5.1800,5.1300,5.1400,5.1700,32370397,166779999.9200,3,0.866200,1,-0.580300,0
2023-09-27,sz.000060,5.1600,5.1900,5.1000,5.1100,5.1400,28465260,146092389.7600,3,0.761700,1,-0.583700,0
2023-09-28,sz.000060,5.1200,5.2000,5.1200,5.1400,5.1100,29622018,152712682.6400,3,0.792600,1,0.587100,0
2023-10-09,sz.000060,5.1400,5.1400,5.0300,5.0800,5.1400,29847999,151234814.6600,3,0.798700,1,-1.167300,0
2023-10-10,sz.000060,5.0800,5.1200,5.0200,5.0500,5.0800,30031699,151880601.4500,3,0.803600,1,-0.590600,0
2023-10-11,sz.000060,5.0700,5.0800,4.9900,5.0000,5.0500,23323962,117135422.0300,3,0.624100,1,-0.990100,0
2023-10-12,sz.000060,5.0200,5.0700,4.9900,5.0500,5.0000,30560324,154013131.9600,3,0.817700,1,1.000000,0
2023-10-13,sz.000060,5.0200,5.0300,4.8900,4.9100,5.0500,36304187,178460904.8200,3,0.971400,1,-2.772300,0
2023-10-16,sz.000060,4.9300,4.9400,4.8700,4.9000,4.9100,29616685,145247290.4200,3,0.792500,1,-0.203700,0
2023-10-17,sz.000060,4.8900,4.9000,4.8300,4.8800,4.9000,26567346,129209128.0700,3,0.710900,1,-0.408200,0
2023-10-18,sz.000060,4.8800,4.8900,4.7900,4.8000,4.8800,21157892,101928892.6800,3,0.566100,1,-1.639300,0
2023-10-19,sz.000060,4.7800,4.8300,4.7500,4.7600,4.8000,19492435,93291714.1200,3,0.521600,1,-0.833300,0
2023-10-20,sz.000060,4.7500,4.8000,4.7200,4.7400,4.7600,18893183,89855851.5700,3,0.505500,1,-0.420200,0
2023-10-23,sz.000060,4.7200,4.7200,4.4800,4.5100,4.7400,51082288,233970305.4300,3,1.366800,1,-4.852300,0
2023-10-24,sz.000060,4.5500,4.6700,4.5300,4.6500,4.5100,39517185,182195979.5000,3,1.057400,1,3.104200,0
2023-10-25,sz.000060,4.7000,4.7900,4.6800,4.6900,4.6500,30604186,144602549.8100,3,0.818900,1,0.860200,0
2023-10-26,sz.000060,4.6800,4.7400,4.6200,4.7300,4.6900,24365858,114146365.1900,3,0.652000,1,0.852900,0
2023-10-27,sz.000060,4.7300,4.8200,4.6900,4.7400,4.7300,30880299,146867709.6400,3,0.826300,1,0.211400,0
2023-10-30,sz.000060,4.7400,4.7900,4.7100,4.7600,4.7400,35546969,169236222.4300,3,0.951100,1,0.421900,0
2023-10-31,sz.000060,4.7400,4.7900,4.6900,4.7300,4.7600,28374779,134244626.9100,3,0.759200,1,-0.630300,0
2023-11-01,sz.000060,4.7400,4.7800,4.7000,4.7200,4.7300,20625019,97570709.6800,3,0.551900,1,-0.211400,0
2023-11-02,sz.000060,4.7500,4.7800,4.6700,4.6800,4.7200,23574800,111359975.4500,3,0.630800,1,-0.847500,0
2023-11-03,sz.000060,4.6700,4.7200,4.6700,4.6700,4.6800,21312053,99903545.5700,3,0.570300,1,-0.213700,0
2023-11-06,sz.000060,4.7000,4.7300,4.6400,4.6600,4.6700,39651912,185308134.3900,3,1.061000,1,-0.214100,0
2023-11-07,sz.000060,4.6500,4.6500,4.5300,4.5500,4.6600,71371768,324949157.9200,3,1.909700,1,-2.360500,0
2023-11-08,sz.000060,4.5500,4.5600,4.4500,4.4900,4.5500,69603030,311528286.7800,3,1.862400,1,-1.318700,0
2023-11-09,sz.000060,4.4900,4.5800,4.4700,4.5400,4.4900,45386166,205947837.0300,3,1.214400,1,1.113600,0
2023-11-10,sz.000060,4.5200,4.5300,4.4800,4.5200,4.5400,24777107,111759772.6100,3,0.663000,1,-0.440500,0
2023-11-13,sz.000060,4.5000,4.5800,4.4800,4.5800,4.5200,33776895,153186568.8000,3,0.903800,1,1.327400,0
2023-11-14,sz.000060,4.5800,4.6100,4.5400,4.6000,4.5800,33514312,153446435.2600,3,0.896800,1,0.436700,0
2023-11-15,sz.000060,4.6400,4.6800,4.6300,4.6500,4.6000,38863468,180863880.4600,3,1.039900,1,1.087000,0
2023-11-16,sz.000060,4.6500,4.6600,4.5800,4.6000,4.6500,26790855,123541721.6200,3,0.716800,1,-1.075300,0
2023-11-17,sz.000060,4.6000,4.6500,4.5700,4.6400,4.6000,19848816,91553669.0600,3,0.531100,1,0.869600,0
2023-11-20,sz.000060,4.6400,4.6500,4.5600,4.6000,4.6400,28174877,129512765.5100,3,0.753900,1,-0.862100,0
2023-11-21,sz.000060,4.6200,4.6700,4.6000,4.6100,4.6000,36366527,168681299.1500,3,0.973100,1,0.217400,0
2023-11-22,sz.000060,4.6100,4.6100,4.5300,4.5400,4.6100,24603135,112469539.9000,3,0.658300,1,-1.518400,0
2023-11-23,sz.000060,4.5300,4.5900,4.5100,4.5900,4.5400,22175500,100982762.5000,3,0.593400,1,1.101300,0
2023-11-24,sz.000060,4.5800,4.5800,4.5200,4.5300,4.5900,18010320,81846995.6000,3,0.481900,1,-1.307200,0
2023-11-27,sz.000060,4.5200,4.5600,4.5000,4.5400,4.5300,27933102,126603198.5600,3,0.747400,1,0.220800,0
2023-11-28,sz.000060,4.5300,4.5400,4.4900,4.5200,4.5400,24205845,109367713.9300,3,0.647700,1,-0.440500,0
2023-11-29,sz.000060,4.5500,4.5600,4.5000,4.5000,4.5200,25663599,116318079.2700,3,0.686700,1,-0.442500,0
2023-11-30,sz.000060,4.5100,4.5100,4.4000,4.4300,4.5000,34408657,152643926.3800,3,0.920700,1,-1.555600,0
2023-12-01,sz.000060,4.4200,4.4700,4.4100,4.4400,4.4300,24481435,108739957.9000,3,0.655100,1,0.225700,0
2023-12-04,sz.000060,4.4900,4.5300,4.4300,4.4500,4.4400,37386799,167554956.6800,3,1.000400,1,0.225200,0
2023-12-05,sz.000060,4.4300,4.4300,4.3500,4.3600,4.4500,36559166,160069380.2800,3,0.978200,1,-2.022500,0
2023-12-06,sz.000060,4.3200,4.4300,4.3100,4.4000,4.3600,25760541,113153915.8700,3,0.689300,1,0.917400,0
2023-12-07,sz.000060,4.4000,4.4200,4.3400,4.4000,4.4000,24573225,107478739.2500,3,0.657500,1,0.000000,0
2023-12-08,sz.000060,4.4100,4.4200,4.3500,4.3500,4.4000,24251620,106063540.2900,3,0.648900,1,-1.136400,0
2023-12-11,sz.000060,4.3300,4.3800,4.2600,4.3700,4.3500,27635379,119667146.8200,3,0.739400,1,0.459800,0
2023-12-12,sz.000060,4.3600,4.3900,4.3400,4.3800,4.3700,17430613,76172426.8100,3,0.466400,1,0.228800,0
2023-12-13,sz.000060,4.3600,4.3700,4.3100,4.3100,4.3800,18719917,81247246.2700,3,0.500900,1,-1.598200,0
2023-12-14,sz.000060,4.3400,4.3800,4.3200,4.3300,4.3100,23259853,101133579.2600,3,0.622400,1,0.464000,0
2023-12-15,sz.000060,4.3300,4.4000,4.3000,4.3100,4.3300,30822358,134138736.7800,3,0.824700,1,-0.461900,0
2023-12-18,sz.000060,4.3100,4.3200,4.2400,4.2600,4.3100,25024434,106957829.6300,3,0.669600,1,-1.160100,0
2023-12-19,sz.000060,4.2500,4.2600,4.2100,4.2500,4.2600,22962522,97190955.8600,3,0.614400,1,-0.234700,0
2023-12-20,sz.000060,4.2500,4.2800,4.2100,4.2200,4.2500,18144950,77058370.0000,3,0.485500,1,-0.705900,0
2023-12-21,sz.000060,4.1900,4.2400,4.1600,4.2400,4.2200,27734582,116551837.5200,3,0.742100,1,0.473900,0
2023-12-22,sz.000060,4.2400,4.2900,4.1800,4.2500,4.2400,30233476,128085592.7100,3,0.809000,1,0.235800,0
2023-12-25,sz.000060,4.2300,4.2800,4.2000,4.2700,4.2500,17652223,74790424.2100,3,0.472300,1,0.470600,0
2023-12-26,sz.000060,4.2600,4.2800,4.1700,4.1900,4.2700,25089275,105801197.0100,3,0.671300,1,-1.873500,0
2023-12-27,sz.000060,4.1900,4.2500,4.1500,4.2500,4.1900,28622171,120258116.0400,3,0.765900,1,1.432000,0
2023-12-28,sz.000060,4.2500,4.3600,4.2500,4.3400,4.2500,38294984,165463523.9200,3,1.024700,1,2.117600,0
2023-12-29,sz.000060,4.3200,4.3600,4.2900,4.3200,4.3400,44116692,190923371.3600,3,1.180400,1,-0.460800,0
2024-01-02,sz.000060,4.3300,4.4100,4.3100,4.3700,4.3200,42523733,185587377.2900,3,1.137800,1,1.157400,0
2024-01-03,sz.000060,4.3600,4.4700,4.3500,4.4100,4.3700,42728507,188854623.6000,3,1.143300,1,0.915300,0
2024-01-04,sz.000060,4.4000,4.4000,4.3500,4.3800,4.4100,24036450,105037147.0000,3,0.643100,1,-0.680300,0
2024-01-05,sz.000060,4.3700,4.4300,4.3200,4.3400,4.3800,26025927,114005285.1800,3,0.696400,1,-0.913200,0
2024-01-08,sz.000060,4.3400,4.3400,4.2500,4.2600,4.3400,26464308,113516507.7400,3,0.708100,1,-1.843300,0
2024-01-09,sz.000060,4.2700,4.3200,4.2300,4.2800,4.2600,21203130,90700258.3000,3,0.567300,1,0.469500,0
2024-01-10,sz.000060,4.2700,4.2900,4.2200,4.2300,4.2800,26706957,113549677.2100,3,0.714600,1,-1.168200,0
2024-01-11,sz.000060,4.2200,4.2900,4.2000,4.2700,4.2300,28990886,122946886.2200,3,0.775700,1,0.945600,0
2024-01-12,sz.000060,4.2500,4.3500,4.2500,4.3000,4.2700,26040805,112307846.6900,3,0.696800,1,0.702600,0
2024-01-15,sz.000060,4.2800,4.2900,4.2400,4.2500,4.3000,27135061,115597181.1400,3,0.726100,1,-1.162800,0
2024-01-16,sz.000060,4.2300,4.2600,4.1600,4.2100,4.2500,31336251,131763931.5800,3,0.838500,1,-0.941200,0
2024-01-17,sz.000060,4.1900,4.2200,4.0800,4.0800,4.2100,31088050,129227972.5000,3,0.831800,1,-3.087900,0
2024-01-18,sz.000060,4.0700,4.0800,3.8900,4.0300,4.0800,53300969,212278419.9600,3,1.426200,1,-1.225500,0
2024-01-19,sz.000060,4.0200,4.0500,3.9700,4.0100,4.0300,28463375,114316385.3300,3,0.761600,1,-0.496300,0
2024-01-22,sz.000060,3.9900,4.0000,3.7300,3.7900,4.0100,48821048,188936386.8800,3,1.306300,1,-5.486300,0
2024-01-23,sz.000060,3.7800,3.8700,3.7000,3.8400,3.7900,39164559,148585809.3700,3,1.047900,1,1.319300,0
2024-01-24,sz.000060,3.8600,3.9900,3.8200,3.9800,3.8400,39162422,152850283.4500,3,1.047900,1,3.645800,0
2024-01-25,sz.000060,3.9800,4.1500,3.9700,4.1500,3.9800,40474209,165508564.1400,3,1.083000,1,4.271400,0
2024-01-26,sz.000060,4.1600,4.2200,4.1200,4.1900,4.1500,43695575,182235733.2800,3,1.169200,1,0.963900,0
2024-01-29,sz.000060,4.2000,4.2300,4.1200,4.1600,4.1900,31489564,131237649.0000,3,0.842600,1,-0.716000,0
2024-01-30,sz.000060,4.1200,4.1600,4.0400,4.0500,4.1600,26768086,110193280.0900,3,0.716200,1,-2.644200,0
2024-01-31,sz.000060,4.0300,4.0800,3.9400,3.9600,4.0500,32454535,129855100.5000,3,0.868400,1,-2.222200,0
2024-02-01,sz.000060,3.9500,4.0300,3.8800,3.9300,3.9600,32849955,129976590.5300,3,0.879000,1,-0.757600,0
2024-02-02,sz.000060,3.9400,3.9800,3.7200,3.8200,3.9300,41455392,160097339.0400,3,1.109200,1,-2.799000,0
2024-02-05,sz.000060,3.8000,3.8600,3.5700,3.6900,3.8200,57715252,214919349.8100,3,1.544300,1,-3.403100,0
2024-02-06,sz.000060,3.6500,4.0600,3.6100,4.0300,3.6900,57354736,221650359.4400,3,1.534700,1,9.214100,0
2024-02-07,sz.000060,4.0100,4.2900,4.0000,4.2900,4.0300,88122565,371624547.6800,3,2.357900,1,6.451600,0
2024-02-08,sz.000060,4.2800,4.4700,4.2400,4.2600,4.2900,90426911,395546504.8900,3,2.419600,1,-0.699300,0
2024-02-19,sz.000060,4.2700,4.3400,4.2300,4.2800,4.2600,54472051,232393127.4900,3,1.457500,1,0.469500,0
2024-02-20,sz.000060,4.2700,4.2900,4.2200,4.2800,4.2800,31343672,133617301.6200,3,0.838700,1,0.000000,0
2024-02-21,sz.000060,4.2500,4.3700,4.2100,4.2700,4.2800,45837933,197453452.9000,3,1.226500,1,-0.233600,0
2024-02-22,sz.000060,4.2600,4.3000,4.2200,4.2900,4.2700,38677907,164971386.5000,3,1.034900,1,0.468400,0
2024-02-23,sz.000060,4.2900,4.3500,4.2700,4.3300,4.2900,45987554,198042141.1900,3,1.230500,1,0.932400,0
2024-02-26,sz.000060,4.3300,4.3600,4.2500,4.2500,4.3300,41904153,180080184.1700,3,1.121200,1,-1.847600,0
2024-02-27,sz.000060,4.2400,4.3200,4.2200,4.3200,4.2500,35986586,153909131.9900,3,0.962900,1,1.647100,0
2024-02-28,sz.000060,4.3000,4.3700,4.2200,4.2300,4.3200,55805065,240898533.2500,3,1.493200,1,-2.083300,0
2024-02-29,sz.000060,4.2100,4.3300,4.2000,4.3200,4.2300,43121821,184660338.0300,3,1.153800,1,2.127700,0
2024-03-01,sz.000060,4.3300,4.3600,4.3000,4.3600,4.3200,40512177,175611282.4300,3,1.084000,1,0.925900,0
2024-03-04,sz.000060,4.3800,4.4000,4.2900,4.3300,4.3600,36484427,158216175.6000,3,0.976200,1,-0.688100,0
2024-03-05,sz.000060,4.3100,4.4000,4.3000,4.3500,4.3300,41006449,178289393.8500,3,1.097200,1,0.461900,0
2024-03-06,sz.000060,4.3400,4.4100,4.3100,4.3900,4.3500,40490191,176763391.8800,3,1.083400,1,0.919500,0
2024-03-07,sz.000060,4.4100,4.6300,4.4000,4.4900,4.3900,95818477,434066783.7100,3,2.563800,1,2.277900,0
2024-03-08,sz.000060,4.5000,4.6000,4.4400,4.5700,4.4900,64848962,292034551.4600,3,1.735200,1,1.781700,0
2024-03-11,sz.000060,4.5700,4.6400,4.5100,4.5800,4.5700,60384585,275939331.5200,3,1.615700,1,0.218800,0
2024-03-12,sz.000060,4.5700,4.5800,4.4400,4.4700,4.5800,57386471,257713293.3500,3,1.535500,1,-2.401700,0
2024-03-13,sz.000060,4.4500,4.5000,4.3900,4.4700,4.4700,43366198,192703418.9500,3,1.160400,1,0.000000,0
2024-03-14,sz.000060,4.5500,4.6700,4.4900,4.5200,4.4700,76097024,348403197.1600,3,2.036100,1,1.118600,0
2024-03-15,sz.000060,4.4900,4.7300,4.4600,4.7300,4.5200,98221548,453913768.0800,3,2.628100,1,4.646000,0
2024-03-18,sz.000060,4.7800,4.7900,4.6500,4.7100,4.7300,83370651,393198173.6200,3,2.230800,1,-0.422800,0
2024-03-19,sz.000060,4.7000,4.7900,4.6700,4.6900,4.7100,67995448,321799414.6900,3,1.819400,1,-0.424600,0
2024-03-20,sz.000060,4.6500,4.7300,4.6200,4.6800,4.6900,50701179,236478878.9100,3,1.356600,1,-0.213200,0
2024-03-21,sz.000060,4.7500,4.7800,4.6500,4.7100,4.6800,47908134,225655406.7600,3,1.281900,1,0.641000,0
2024-03-22,sz.000060,4.6700,4.7100,4.5300,4.5500,4.7100,60551189,277878811.6300,3,1.620200,1,-3.397000,0
2024-03-25,sz.000060,4.5400,4.6600,4.5300,4.5600,4.5500,50193751,230446324.8800,3,1.343000,1,0.219800,0
2024-03-26,sz.000060,4.5500,4.5800,4.4600,4.5400,4.5600,39336503,177525273.9600,3,1.052500,1,-0.438600,0
2024-03-27,sz.000060,4.5200,4.5500,4.4400,4.4500,4.5400,31338434,140740875.7600,3,0.838500,1,-1.982400,0
2024-03-28,sz.000060,4.4800,4.5900,4.4400,4.5500,4.4500,45691600,207046967.5000,3,1.222600,1,2.247200,0
2024-03-29,sz.000060,4.5500,4.6900,4.5500,4.6900,4.5500,58972783,273698680.6500,3,1.577900,1,3.076900,0
2024-04-01,sz.000060,4.7600,4.8100,4.6800,4.7600,4.6900,75515525,358701653.7800,3,2.020600,1,1.492500,0
2024-04-02,sz.000060,4.7500,4.8500,4.7300,4.8100,4.7600,77567731,372340684.6400,3,2.075500,1,1.050400,0
2024-04-03,sz.000060,4.8400,5.0000,4.8000,4.9700,4.8100,129617457,636316887.6900,3,3.468200,1,3.326400,0
2024-04-08,sz.000060,5.0500,5.2500,4.9300,4.9400,4.9700,195010651,991266191.0200,3,5.217900,1,-0.603600,0
2024-04-09,sz.000060,4.9200,5.0400,4.8900,4.9700,4.9400,99893459,494619129.1100,3,2.672900,1,0.607300,0
2024-04-10,sz.000060,5.0100,5.0600,4.8900,4.9700,4.9700,99057772,493125628.7700,3,2.650500,1,0.000000,0
2024-04-11,sz.000060,4.8900,5.1700,4.8000,5.0200,4.9700,142751476,713618579.1500,3,3.819600,1,1.006000,0
2024-04-12,sz.000060,5.0600,5.0900,4.9700,5.0400,5.0200,97490286,490818933.4700,3,2.608600,1,0.398400,0
2024-04-15,sz.000060,4.9300,4.9800,4.7500,4.9600,5.0400,108790825,532216892.0200,3,2.910900,1,-1.587300,0
2024-04-16,sz.000060,4.9200,4.9600,4.6200,4.6500,4.9600,110763976,528273252.3900,3,2.963700,1,-6.250000,0
2024-04-17,sz.000060,4.6700,4.8500,4.6700,4.8500,4.6500,78767225,375096651.9800,3,2.107600,1,4.301100,0
2024-04-18,sz.000060,4.8100,4.9400,4.7600,4.9000,4.8500,80574510,390829938.9000,3,2.155900,1,1.030900,0
2024-04-19,sz.000060,4.9000,5.0400,4.8200,4.8800,4.9000,88462188,435258675.5600,3,2.367000,1,-0.408200,0
2024-04-22,sz.000060,4.9100,4.9500,4.7200,4.7400,4.8800,81473990,392960853.9400,3,2.180000,1,-2.868900,0
2024-04-23,sz.000060,4.6600,4.6800,4.4900,4.5100,4.7400,83374899,380947883.4100,3,2.230900,1,-4.852300,0
2024-04-24,sz.000060,4.5100,4.6400,4.4900,4.6400,4.5100,55357860,253538612.1100,3,1.481200,1,2.882500,0
2024-04-25,sz.000060,4.5600,4.6800,4.4800,4.6000,4.6400,69501144,318550415.8200,3,1.859700,1,-0.862100,0
2024-04-26,sz.000060,4.6100,4.7800,4.6000,4.7800,4.6000,79034690,371359347.8900,3,2.114700,1,3.913000,0
2024-04-29,sz.000060,4.7200,4.7900,4.6500,4.7900,4.7800,74937700,355082828.0000,3,2.005100,1,0.209200,0
2024-04-30,sz.000060,4.8000,4.8700,4.7100,4.7300,4.7900,69574669,333003108.1000,3,1.861600,1,-1.252600,0
2024-05-06,sz.000060,4.7300,4.8200,4.6800,4.8100,4.7300,69185221,329291098.6600,3,1.851200,1,1.691300,0
2024-05-07,sz.000060,4.8100,4.8800,4.7500,4.7700,4.8100,63920088,307234935.2000,3,1.710300,1,-0.831600,0
2024-05-08,sz.000060,4.7400,4.7700,4.6900,4.7000,4.7700,53399152,252443191.9400,3,1.428800,1,-1.467500,0
2024-05-09,sz.000060,4.7200,4.9200,4.7100,4.8900,4.7000,94031271,455240353.0500,3,2.516000,1,4.042600,0
2024-05-10,sz.000060,4.9500,5.0100,4.7900,4.9100,4.8900,88082426,429930676.5200,3,2.356800,1,0.409000,0
2024-05-13,sz.000060,4.8400,4.8700,4.7700,4.8300,4.9100,60873675,293407983.0500,3,1.628800,1,-1.629300,0
2024-05-14,sz.000060,4.8700,4.9000,4.7800,4.8200,4.8300,73912323,357176203.4000,3,1.977700,1,-0.207000,0
2024-05-15,sz.000060,4.8000,4.8900,4.7200,4.7800,4.8200,74984205,360569229.1500,3,2.006400,1,-0.829900,0
2024-05-16,sz.000060,4.8300,4.8600,4.7000,4.7100,4.7800,77807844,371682663.2600,3,2.081900,1,-1.464400,0
2024-05-17,sz.000060,4.7000,4.8100,4.6700,4.8100,4.7100,60106636,284304235.8300,3,1.608300,1,2.123100,0
2024-05-20,sz.000060,4.9100,5.0500,4.9100,5.0200,4.8100,157194999,782730001.4000,3,4.206100,1,4.365900,0
2024-05-21,sz.000060,5.0600,5.0900,4.8500,4.8700,5.0200,114049691,563350475.4600,3,3.051600,1,-2.988000,0
2024-05-22,sz.000060,4.8900,4.9200,4.8000,4.8300,4.8700,69023500,334782185.5000,3,1.846900,1,-0.821400,0
2024-05-23,sz.000060,4.7400,4.7400,4.6000,4.6200,4.8300,94529101,440653322.6200,3,2.529300,1,-4.347800,0
2024-05-24,sz.000060,4.6100,4.6900,4.5800,4.6200,4.6200,52293956,243054911.7800,3,1.399200,1,0.000000,0
2024-05-27,sz.000060,4.6200,4.7100,4.6200,4.7000,4.6200,39090107,182592231.3900,3,1.045900,1,1.731600,0
2024-05-28,sz.000060,4.7200,4.9000,4.7100,4.8000,4.7000,97391242,471146653.6000,3,2.605900,1,2.127700,0
2024-05-29,sz.000060,4.7700,4.9500,4.7400,4.9300,4.8000,118333147,579585292.7900,3,3.166300,1,2.708300,0
2024-05-30,sz.000060,4.8900,4.9300,4.7200,4.7300,4.9300,106359909,510337952.1600,3,2.845900,1,-4.056800,0
2024-05-31,sz.000060,4.7200,4.7700,4.6500,4.6900,4.7300,59598751,280222087.2500,3,1.594700,1,-0.845700,0
2024-06-03,sz.000060,4.6500,4.6800,4.5400,4.5900,4.6900,63529175,292364314.4500,3,1.699900,1,-2.132200,0
2024-06-04,sz.000060,4.6000,4.7200,4.5600,4.7000,4.5900,54184959,251997121.1700,3,1.449800,1,2.396500,0
2024-06-05,sz.000060,4.6300,4.6400,4.5400,4.5500,4.7000,49147050,225143416.8000,3,1.315000,1,-3.191500,0
2024-06-06,sz.000060,4.5900,4.6600,4.5500,4.5600,4.5500,53945888,248149799.2200,3,1.443400,1,0.219800,0
2024-06-07,sz.000060,4.6000,4.6300,4.4900,4.5600,4.5600,47989573,218404657.9200,3,1.284100,1,0.000000,0
2024-06-11,sz.000060,4.4800,4.4900,4.3600,4.4100,4.5600,54265871,239459426.6700,3,1.452000,1,-3.289500,0
2024-06-12,sz.000060,4.4100,4.4500,4.3700,4.4200,4.4100,40658702,179504682.3800,3,1.087900,1,0.226800,0
2024-06-13,sz.000060,4.4100,4.4200,4.3200,4.3500,4.4200,45293300,197265289.0000,3,1.211900,1,-1.583700,0
2024-06-14,sz.000060,4.3400,4.3800,4.3100,4.3700,4.3500,34789994,151039959.1300,3,0.930900,1,0.459800,0
2024-06-17,sz.000060,4.3500,4.4000,4.3200,4.3300,4.3700,28763240,125345465.7000,3,0.769600,1,-0.915300,0
2024-06-18,sz.000060,4.3400,4.4100,4.3100,4.3700,4.3300,29650063,129510258.8200,3,0.793400,1,0.923800,0
2024-06-19,sz.000060,4.3800,4.4300,4.3700,4.3800,4.3700,37004862,162661034.7200,3,0.990100,1,0.228800,0
2024-06-20,sz.000060,4.3800,4.4500,4.3000,4.3000,4.3800,41197623,179439208.2600,3,1.102300,1,-1.826500,0
2024-06-21,sz.000060,4.3200,4.3600,4.2900,4.3100,4.3000,24682029,106746994.1200,3,0.660400,1,0.232600,0
2024-06-24,sz.000060,4.2400,4.2500,4.1600,4.1800,4.3100,37852795,159242711.0100,3,1.012800,1,-3.016200,0
2024-06-25,sz.000060,4.1900,4.2500,4.1700,4.2100,4.1800,31658539,133169512.3600,3,0.847100,1,0.717700,0
2024-06-26,sz.000060,4.2000,4.2700,4.1500,4.2700,4.2100,32229188,135445412.5800,3,0.862400,1,1.425200,0
2024-06-27,sz.000060,4.2400,4.2600,4.1700,4.1800,4.2700,30256877,127162398.5900,3,0.809600,1,-2.107700,0
2024-06-28,sz.000060,4.1800,4.3000,4.1700,4.2400,4.1800,38685978,164345712.2900,3,1.035100,1,1.435400,0
2024-07-01,sz.000060,4.2800,4.3400,4.2600,4.3200,4.2400,33886098,145753951.2000,3,0.906700,1,1.886800,0
2024-07-02,sz.000060,4.3200,4.3500,4.2800,4.3200,4.3200,28370193,122377774.7400,3,0.759100,1,0.000000,0
2024-07-03,sz.000060,4.3100,4.3400,4.3000,4.3100,4.3200,19256377,83183762.8900,3,0.515200,1,-0.231500,0
2024-07-04,sz.000060,4.3600,4.3900,4.2400,4.2500,4.3100,31983522,137995357.3700,3,0.855800,1,-1.392100,0
2024-07-05,sz.000060,4.2500,4.3600,4.2300,4.3500,4.2500,35261866,151620617.0200,3,0.943500,1,2.352900,0
2024-07-08,sz.000060,4.3500,4.3900,4.2700,4.2800,4.3500,33661159,145394256.2400,3,0.900700,1,-1.609200,0
2024-07-09,sz.000060,4.2200,4.3700,4.2000,4.3500,4.2200,39939530,171418058.2500,3,1.068700,1,3.080600,0
2024-07-10,sz.000060,4.3500,4.3900,4.2600,4.2800,4.3500,36886501,160027607.7200,3,0.987000,1,-1.609200,0
2024-07-11,sz.000060,4.3400,4.4500,4.3100,4.4400,4.2800,43870758,192846828.2100,3,1.173900,1,3.738300,0
2024-07-12,sz.000060,4.4200,4.4400,4.3600,4.4000,4.4400,32857303,144469360.3500,3,0.879200,1,-0.900900,0
2024-07-15,sz.000060,4.3800,4.4500,4.3400,4.3900,4.4000,32183968,141519082.6500,3,0.861200,1,-0.227300,0
2024-07-16,sz.000060,4.3900,4.4300,4.3600,4.4100,4.3900,25188150,110803697.0000,3,0.674000,1,0.455600,0
2024-07-17,sz.000060,4.4200,4.4300,4.3100,4.3100,4.4100,36839461,160011994.7200,3,0.985700,1,-2.267600,0
2024-07-18,sz.000060,4.2800,4.3200,4.2200,4.3000,4.3100,31011983,132293596.6000,3,0.829800,1,-0.232000,0
2024-07-19,sz.000060,4.2700,4.2700,4.1900,4.2500,4.3000,34361691,145205499.9900,3,0.919400,1,-1.162800,0
2024-07-22,sz.000060,4.2200,4.2500,4.1800,4.2000,4.2500,27517276,115706697.7400,3,0.736300,1,-1.176500,0
2024-07-23,sz.000060,4.1800,4.2000,4.0400,4.0500,4.2000,43642422,179382172.1700,3,1.167800,1,-3.571400,0
2024-07-24,sz.000060,4.0400,4.0700,3.9900,4.0300,4.0500,35942246,144709923.8000,3,0.961700,1,-0.493800,0
2024-07-25,sz.000060,4.0100,4.0600,3.9900,4.0300,4.0300,24832984,99974139.0700,3,0.664500,1,0.000000,0
2024-07-26,sz.000060,4.0200,4.1100,4.0200,4.0900,4.0300,26453095,107767636.0900,3,0.707800,1,1.488800,0
2024-07-29,sz.000060,4.0800,4.1000,4.0500,4.0700,4.0900,17291042,70513836.7700,3,0.462700,1,-0.489000,0
2024-07-30,sz.000060,4.0500,4.0800,4.0300,4.0700,4.0700,16070952,65176572.0300,3,0.430000,1,0.000000,0
2024-07-31,sz.000060,4.0800,4.2100,4.0700,4.2000,4.0700,40561924,168483099.3900,3,1.085300,1,3.194100,0
2024-08-01,sz.000060,4.2300,4.2600,4.1700,4.2100,4.2000,27912911,117629118.4500,3,0.746900,1,0.238100,0
2024-08-02,sz.000060,4.1700,4.2200,4.1500,4.1800,4.2100,25751484,107814388.5900,3,0.689000,1,-0.712600,0
2024-08-05,sz.000060,4.1500,4.1900,4.0700,4.0800,4.1800,40551775,167759117.8700,3,1.085100,1,-2.392300,0
2024-08-06,sz.000060,4.1000,4.1400,4.0700,4.1100,4.0800,26208384,107596041.1300,3,0.701300,1,0.735300,0
2024-08-07,sz.000060,4.1000,4.1500,4.0800,4.1100,4.1100,17909488,73742342.8500,3,0.479200,1,0.000000,0
2024-08-08,sz.000060,4.0900,4.1200,4.0600,4.1000,4.1100,20483752,83788561.1800,3,0.548100,1,-0.243300,0
2024-08-09,sz.000060,4.1300,4.1700,4.1100,4.1200,4.1000,26181481,108386754.2200,3,0.700500,1,0.487800,0
2024-08-12,sz.000060,4.1100,4.1500,4.0900,4.1200,4.1200,20968600,86427123.0000,3,0.561100,1,0.000000,0
2024-08-13,sz.000060,4.1400,4.1700,4.1200,4.1600,4.1200,27296800,113110017.8900,3,0.730400,1,0.970900,0
2024-08-14,sz.000060,4.1600,4.1700,4.0900,4.1000,4.1600,19923056,81962070.6300,3,0.533100,1,-1.442300,0
2024-08-15,sz.000060,4.0900,4.1600,4.0600,4.1400,4.1000,23924949,98657646.7300,3,0.640200,1,0.975600,0
2024-08-16,sz.000060,4.1600,4.1800,4.1000,4.1100,4.1400,23827764,98595404.0400,3,0.637600,1,-0.724600,0
2024-08-19,sz.000060,4.1100,4.1800,4.1000,4.1600,4.1100,26339771,109618251.3100,3,0.704800,1,1.216500,0
2024-08-20,sz.000060,4.1700,4.1800,4.1000,4.1200,4.1600,22818059,94250125.4400,3,0.610500,1,-0.961500,0
2024-08-21,sz.000060,4.1000,4.1400,4.0900,4.1100,4.1200,17309351,71202074.3700,3,0.463200,1,-0.242700,0
2024-08-22,sz.000060,4.1200,4.1300,4.0400,4.0500,4.1100,26768681,109030387.8000,3,0.716300,1,-1.459900,0
2024-08-23,sz.000060,4.0400,4.0600,4.0100,4.0500,4.0500,18570722,74916693.8400,3,0.496900,1,0.000000,0
2024-08-26,sz.000060,4.0700,4.1500,4.0700,4.1500,4.0500,31354825,129301515.4700,3,0.839000,1,2.469100,0
2024-08-27,sz.000060,4.1300,4.1400,4.0600,4.0700,4.1500,23627381,96577346.9800,3,0.632200,1,-1.927700,0
2024-08-28,sz.000060,4.1000,4.1600,4.0800,4.1300,4.0700,38729796,160020677.7500,3,1.036300,1,1.474200,0
2024-08-29,sz.000060,4.1200,4.2200,4.0900,4.2100,4.1300,42053472,175948455.3800,3,1.125200,1,1.937000,0
2024-08-30,sz.000060,4.2100,4.2500,4.1600,4.2000,4.2100,48638989,204374227.3700,3,1.301400,1,-0.237500,0
2024-09-02,sz.000060,4.1800,4.2200,4.1400,4.1500,4.2000,31049308,129698845.1800,3,0.830800,1,-1.190500,0
2024-09-03,sz.000060,4.1400,4.2100,4.1400,4.1600,4.1500,27729062,115672624.2000,3,0.742000,1,0.241000,0
2024-09-04,sz.000060,4.1300,4.1400,4.0200,4.0400,4.1600,41912535,170770273.6800,3,1.121500,1,-2.884600,0
2024-09-05,sz.000060,4.0400,4.0900,4.0100,4.0500,4.0400,22356749,90428371.9600,3,0.598200,1,0.247500,0
2024-09-06,sz.000060,4.0400,4.0900,4.0200,4.0400,4.0500,24825285,100627876.0700,3,0.664300,1,-0.246900,0
2024-09-09,sz.000060,4.0100,4.0200,3.9600,3.9700,4.0400,27217988,108420638.5800,3,0.728300,1,-1.732700,0
2024-09-10,sz.000060,3.9900,4.0000,3.9100,3.9900,3.9700,23444887,92784798.2800,3,0.627300,1,0.503800,0
2024-09-11,sz.000060,3.9800,4.0000,3.9500,3.9700,3.9900,15704886,62402040.1800,3,0.420200,1,-0.501300,0
2024-09-12,sz.000060,3.9900,4.0300,3.9600,3.9900,3.9700,18633478,74421791.9800,3,0.498600,1,0.503800,0
2024-09-13,sz.000060,4.0200,4.0500,3.9700,3.9700,3.9900,18859710,75402874.2000,3,0.504600,1,-0.501300,0
2024-09-18,sz.000060,3.9700,4.0000,3.9000,3.9700,3.9700,20722604,81642011.9200,3,0.554500,1,0.000000,0
2024-09-19,sz.000060,3.9800,4.0900,3.9400,4.0900,3.9700,41670686,168556738.2900,3,1.115000,1,3.022700,0
2024-09-20,sz.000060,4.0800,4.1500,4.0600,4.1400,4.0900,31478627,129449076.0900,3,0.842300,1,1.222500,0
2024-09-23,sz.000060,4.1400,4.1900,4.1200,4.1800,4.1400,32353819,134869193.9300,3,0.865700,1,0.966200,0
2024-09-24,sz.000060,4.1900,4.3200,4.1900,4.3000,4.1800,52454260,223519318.9800,3,1.403500,1,2.870800,0
2024-09-25,sz.000060,4.3500,4.4500,4.3100,4.3100,4.3000,54722079,239762325.6000,3,1.464200,1,0.232600,0
2024-09-26,sz.000060,4.3100,4.4500,4.3000,4.4500,4.3100,44816503,196475878.1700,3,1.199200,1,3.248300,0
2024-09-27,sz.000060,4.5000,4.6500,4.4900,4.5800,4.4500,72938869,332634033.3500,3,1.951600,1,2.921300,0
2024-09-30,sz.000060,4.7500,5.0000,4.6900,4.9600,4.5800,149267102,724940771.1500,3,3.994000,1,8.296900,0
2024-10-08,sz.000060,5.4600,5.4600,4.9600,5.1900,4.9600,180822414,940020684.0400,3,4.838300,1,4.637100,0
2024-10-09,sz.000060,5.1200,5.1200,4.8500,4.8800,5.1900,129733363,644850970.6700,3,3.471300,1,-5.973000,0
2024-10-10,sz.000060,4.8800,5.0500,4.8400,4.9400,4.8800,100309148,495961452.5200,3,2.684000,1,1.229500,0
2024-10-11,sz.000060,4.9500,4.9700,4.7600,4.8300,4.9400,63534433,307558734.5300,3,1.700000,1,-2.226700,0
2024-10-14,sz.000060,4.8400,4.9000,4.7800,4.8600,4.8300,55572263,269362359.1500,3,1.487000,1,0.621100,0
2024-10-15,sz.000060,4.8300,4.8500,4.7100,4.7100,4.8600,51413081,245722882.8300,3,1.375700,1,-3.086400,0
2024-10-16,sz.000060,4.6900,4.7700,4.6700,4.7300,4.7100,44384997,209801203.3100,3,1.187600,1,0.424600,0
2024-10-17,sz.000060,4.7500,4.7700,4.6500,4.6500,4.7300,37791981,177784396.0700,3,1.011200,1,-1.691300,0
2024-10-18,sz.000060,4.6300,4.7900,4.6200,4.7200,4.6500,64133130,300831307.0500,3,1.716000,1,1.505400,0
2024-10-21,sz.000060,4.7300,4.8000,4.7100,4.7400,4.7200,61099936,290780484.8200,3,1.634900,1,0.423700,0
2024-10-22,sz.000060,4.7100,4.8000,4.7100,4.8000,4.7400,57826191,275434613.2400,3,1.547300,1,1.265800,0
2024-10-23,sz.000060,4.8000,4.8400,4.7700,4.8000,4.8000,46553217,223661166.9700,3,1.245600,1,0.000000,0
2024-10-24,sz.000060,4.7800,4.8100,4.7200,4.8000,4.8000,39988410,190603643.9300,3,1.070000,1,0.000000,0
2024-10-25,sz.000060,4.7900,4.8500,4.7700,4.8300,4.8000,51157668,245825275.6900,3,1.368800,1,0.625000,0
2024-10-28,sz.000060,4.8300,4.9400,4.8200,4.9400,4.8300,61828005,302673601.8900,3,1.654300,1,2.277400,0
2024-10-29,sz.000060,4.9800,4.9900,4.8200,4.8400,4.9400,62920879,307270504.0200,3,1.683600,1,-2.024300,0
2024-10-30,sz.000060,4.8500,4.9200,4.7800,4.8500,4.8400,53578669,259686433.3800,3,1.433600,1,0.206600,0
2024-10-31,sz.000060,4.8800,4.9400,4.8300,4.9200,4.8500,67310875,329962324.1200,3,1.801100,1,1.443300,0
2024-11-01,sz.000060,4.9000,5.1400,4.8800,5.0100,4.9200,150050521,755200578.9800,3,4.014900,1,1.829300,0
2024-11-04,sz.000060,5.0800,5.1000,4.9600,5.0500,5.0100,90050343,452299444.8600,3,2.409500,1,0.798400,0
2024-11-05,sz.000060,5.0500,5.2200,5.0100,5.2000,5.0500,119393981,615581707.0100,3,3.194700,1,2.970300,0
2024-11-06,sz.000060,5.2500,5.2900,5.1500,5.1800,5.2000,104810021,546936924.3500,3,2.804400,1,-0.384600,0
2024-11-07,sz.000060,5.1000,5.2300,5.0600,5.2200,5.1800,82017873,423942472.5700,3,2.194600,1,0.772200,0
2024-11-08,sz.000060,5.3000,5.3500,5.1300,5.1800,5.2200,87029203,453786090.9300,3,2.328700,1,-0.766300,0
2024-11-11,sz.000060,5.1600,5.1800,5.0700,5.1700,5.1800,68366286,350870852.4400,3,1.829300,1,-0.193100,0
2024-11-12,sz.000060,5.1600,5.2000,5.0200,5.0800,5.1700,70118157,359874211.7000,3,1.876200,1,-1.740800,0
2024-11-13,sz.000060,5.0400,5.1200,5.0200,5.0700,5.0800,48157771,243882316.5300,3,1.288600,1,-0.196900,0
2024-11-14,sz.000060,5.0700,5.1000,4.9300,4.9500,5.0700,56484315,282861177.1000,3,1.511400,1,-2.366900,0
2024-11-15,sz.000060,4.9100,4.9800,4.8600,4.8600,4.9500,47624799,234612928.7600,3,1.274300,1,-1.818200,0
