date,code,open,high,low,close,preclose,volume,amount,adjustflag,turn,tradestatus,pctChg,isST
2010-01-04,sz.000680,12.7000,12.7900,12.5100,12.6900,12.6600,7181136,90721873.5300,3,1.129924,1,0.237000,0
2010-01-05,sz.000680,12.6900,13.0000,12.5500,12.9400,12.6900,14649499,188705978.5400,3,2.305042,1,1.970100,0
2010-01-06,sz.000680,12.8600,13.5000,12.7100,13.0800,12.9400,21977688,290636558.6800,3,3.458104,1,1.081900,0
2010-01-07,sz.000680,13.0700,13.3000,12.6400,12.7800,13.0800,16785521,219220576.4900,3,2.641137,1,-2.293600,0
2010-01-08,sz.000680,12.7600,12.7700,12.2900,12.5600,12.7800,11560607,144647324.6100,3,1.819017,1,-1.721400,0
2010-01-11,sz.000680,12.7500,12.8000,12.4500,12.5300,12.5600,14353008,180287002.7200,3,2.258390,1,-0.238900,0
2010-01-12,sz.000680,12.5000,13.2700,12.4900,13.1800,12.5300,17764350,230528436.5700,3,2.795152,1,5.187600,0
2010-01-13,sz.000680,12.9000,13.5900,12.8500,13.2300,13.1800,28412650,379573213.5300,3,4.470621,1,0.379400,0
2010-01-14,sz.000680,13.3200,13.4900,13.0100,13.3500,13.2300,16001862,211988065.9300,3,2.517831,1,0.907000,0
2010-01-15,sz.000680,13.3500,13.3500,13.3500,13.3500,13.3500,0,0.0000,3,,0,0.000000,0
2010-01-18,sz.000680,13.5900,14.3300,13.5400,14.1500,13.3500,27807512,390912938.0000,3,4.375405,1,5.992500,0
2010-01-19,sz.000680,14.1500,14.1700,13.8600,14.0500,14.1500,11833328,165590992.2300,3,1.861928,1,-0.706700,0
2010-01-20,sz.000680,14.0000,14.3500,13.1600,13.2000,14.0500,18715469,256279771.7200,3,2.944807,1,-6.049800,0
2010-01-21,sz.000680,13.3300,13.4800,12.9000,13.1000,13.2000,16111547,210865061.8800,3,2.535090,1,-0.757600,0
2010-01-22,sz.000680,12.9500,12.9900,12.5700,12.8500,13.1000,10220404,130832590.8400,3,1.608141,1,-1.908400,0
2010-01-25,sz.000680,12.7000,13.1000,12.4900,12.5700,12.8500,9444300,121216821.5600,3,1.486024,1,-2.179000,0
2010-01-26,sz.000680,12.6500,12.6900,11.8800,12.0000,12.5700,14469515,175006271.2600,3,2.276722,1,-4.534600,0
2010-01-27,sz.000680,12.0000,12.1800,11.7000,11.7700,12.0000,8143041,97370084.3500,3,1.281276,1,-1.916700,0
2010-01-28,sz.000680,11.7100,12.1300,11.7100,12.0700,11.7700,5873720,70326758.2800,3,0.924207,1,2.548900,0
2010-01-29,sz.000680,12.0300,12.2200,11.8000,11.8700,12.0700,9985181,119546130.5400,3,1.571130,1,-1.657000,0
2010-02-01,sz.000680,11.7700,11.8700,11.3800,11.5600,11.8700,8813299,101889262.7800,3,1.386739,1,-2.611600,0
2010-02-02,sz.000680,11.6100,11.8700,11.3500,11.3600,11.5600,8713157,101802514.8000,3,1.370982,1,-1.730100,0
2010-02-03,sz.000680,11.4200,11.6000,11.0100,11.6000,11.3600,12935755,146692339.3100,3,2.035391,1,2.112700,0
2010-02-04,sz.000680,11.7200,11.9500,11.6700,11.7600,11.6000,17693241,208976085.8900,3,2.783963,1,1.379300,0
2010-02-05,sz.000680,11.4800,11.4800,11.1700,11.2700,11.7600,13831779,156400125.5200,3,2.176377,1,-4.166700,0
2010-02-08,sz.000680,11.3500,11.3900,11.0800,11.1900,11.2700,7081506,79268853.3100,3,1.114248,1,-0.709800,0
2010-02-09,sz.000680,11.1700,11.3300,11.1200,11.2800,11.1900,4866153,54635764.5100,3,0.765670,1,0.804300,0
2010-02-10,sz.000680,11.3500,11.4900,11.3000,11.4900,11.2800,6014449,68667470.0200,3,0.946350,1,1.861700,0
2010-02-11,sz.000680,11.5100,11.8700,11.4000,11.7300,11.4900,10735510,125269500.7400,3,1.689191,1,2.088800,0
2010-02-12,sz.000680,11.7400,11.8900,11.6800,11.8300,11.7300,7001731,82760014.8100,3,1.101695,1,0.852500,0
2010-02-22,sz.000680,11.8300,11.8900,11.6600,11.8000,11.8300,6170748,72560564.1100,3,0.970943,1,-0.253600,0
2010-02-23,sz.000680,11.8000,11.8000,11.8000,11.8000,11.8000,0,0.0000,3,,0,0.000000,0
2010-02-24,sz.000680,11.6400,12.1500,11.5900,12.0900,11.8000,7777782,92800246.1600,3,1.223804,1,2.457600,0
2010-02-25,sz.000680,12.1600,12.4300,11.9600,12.2900,12.0900,13666200,166730879.7600,3,2.150324,1,1.654300,0
2010-02-26,sz.000680,12.2500,12.2800,12.0800,12.1200,12.2900,8985352,109316107.3900,3,1.413810,1,-1.383200,0
2010-03-01,sz.000680,12.1300,12.3700,12.1000,12.2300,12.1200,9790747,119844050.7200,3,1.540536,1,0.907600,0
2010-03-02,sz.000680,12.2800,12.3800,12.1700,12.3800,12.2300,12842494,157370683.3100,3,2.020717,1,1.226500,0
2010-03-03,sz.000680,12.4000,12.4900,12.2200,12.3400,12.3800,11470068,141398838.3700,3,1.804771,1,-0.323100,0
2010-03-04,sz.000680,12.3600,12.5500,11.9200,11.9500,12.3400,16204167,199386699.0000,3,2.549663,1,-3.160500,0
2010-03-05,sz.000680,12.0000,12.0600,11.7000,11.8000,11.9500,11581100,137350355.6600,3,1.822241,1,-1.255200,0
2010-03-08,sz.000680,11.8600,12.0700,11.7800,11.8900,11.8000,8923163,106240945.8600,3,1.404025,1,0.762700,0
2010-03-09,sz.000680,11.9200,12.0400,11.6900,11.8900,11.8900,9830285,116728388.6500,3,1.546757,1,0.000000,0
2010-03-10,sz.000680,11.9000,12.0000,11.6900,11.7800,11.8900,8289414,98088630.9300,3,1.304307,1,-0.925100,0
2010-03-11,sz.000680,11.7500,11.8200,11.5400,11.5700,11.7800,8563758,99767195.7800,3,1.347474,1,-1.782700,0
2010-03-12,sz.000680,11.6000,11.6200,11.3300,11.3600,11.5700,7621181,87516684.5700,3,1.199163,1,-1.815000,0
2010-03-15,sz.000680,11.3600,11.3900,11.1000,11.1800,11.3600,7790848,87250266.8400,3,1.225860,1,-1.584500,0
2010-03-16,sz.000680,11.2400,11.3400,11.1500,11.3000,11.1800,5131805,57669192.7400,3,0.807470,1,1.073300,0
2010-03-17,sz.000680,11.3000,11.5500,11.2800,11.5500,11.3000,6416364,73407310.1100,3,1.009590,1,2.212400,0
2010-03-18,sz.000680,11.5800,11.6800,11.4500,11.5100,11.5500,5375350,62108072.4500,3,0.845791,1,-0.346300,0
2010-03-19,sz.000680,11.5300,11.6000,11.3600,11.5900,11.5100,6850765,78690597.4200,3,1.077941,1,0.695000,0
2010-03-22,sz.000680,11.5900,11.7900,11.5400,11.7500,11.5900,9955340,116255414.8400,3,1.566434,1,1.380500,0
2010-03-23,sz.000680,11.7500,11.7600,11.5400,11.5500,11.7500,5983193,69616880.1200,3,0.941432,1,-1.702100,0
2010-03-24,sz.000680,11.5900,11.6600,11.4800,11.4900,11.5500,5175357,59732493.1500,3,0.814322,1,-0.519500,0
2010-03-25,sz.000680,11.4800,11.4800,11.1600,11.1800,11.4900,10776471,121184814.4600,3,1.695636,1,-2.698000,0
2010-03-26,sz.000680,11.2100,11.3800,11.1300,11.3000,11.1800,9272000,104479658.0900,3,1.458913,1,1.073300,0
2010-03-29,sz.000680,11.3600,11.5500,11.3200,11.4600,11.3000,11121119,127242859.2500,3,1.749865,1,1.415900,0
2010-03-30,sz.000680,11.5000,11.5900,11.3800,11.5600,11.4600,9401243,107991777.1800,3,1.479249,1,0.872600,0
2010-03-31,sz.000680,11.5700,11.5700,11.3000,11.4000,11.5600,11095003,126864741.5600,3,1.745756,1,-1.384100,0
2010-04-01,sz.000680,11.4000,11.7400,11.3700,11.7100,11.4000,16077066,186435611.0800,3,2.529664,1,2.719300,0
2010-04-02,sz.000680,11.7100,12.0200,11.6500,11.9500,11.7100,21612858,257416314.2300,3,3.400700,1,2.049500,0
2010-04-06,sz.000680,12.0700,12.1900,11.9400,12.0100,11.9500,19480824,234639836.5700,3,3.065232,1,0.502100,0
2010-04-07,sz.000680,12.0000,12.0000,11.8000,11.9000,12.0100,9613022,114137008.7000,3,1.512572,1,-0.915900,0
2010-04-08,sz.000680,11.8800,11.9800,11.7500,11.8600,11.9000,12328185,146320825.9900,3,1.939792,1,-0.336100,0
2010-04-09,sz.000680,11.9000,11.9600,11.7000,11.8700,11.8600,21500206,253976890.6300,3,3.382974,1,0.084300,0
2010-04-12,sz.000680,11.8800,11.9600,11.4500,11.5300,11.8700,24940853,291707542.2600,3,3.924347,1,-2.864400,0
2010-04-13,sz.000680,11.6600,12.6800,11.6600,12.6800,11.5300,60287323,734898354.4200,3,9.485977,1,9.974000,0
2010-04-14,sz.000680,12.6400,13.1000,12.5000,12.8000,12.6800,64797077,830996003.3900,3,10.195570,1,0.946400,0
2010-04-15,sz.000680,12.8300,12.9900,12.5100,12.9000,12.8000,35874686,459575193.3900,3,5.644743,1,0.781200,0
2010-04-16,sz.000680,13.1100,13.3000,12.7100,12.7700,12.9000,40271087,522738396.3900,3,6.336500,1,-1.007800,0
2010-04-19,sz.000680,12.6200,12.7800,12.2300,12.4000,12.7700,35755775,445402859.6600,3,5.626033,1,-2.897400,0
2010-04-20,sz.000680,12.5000,12.9700,12.3500,12.9500,12.4000,37013284,467921725.2300,3,5.823897,1,4.435500,0
2010-04-21,sz.000680,12.9100,13.2500,12.6900,13.1100,12.9500,35749158,464659142.0600,3,5.624992,1,1.235500,0
2010-04-22,sz.000680,13.0100,13.1500,12.7500,12.8400,13.1100,25638030,331241666.9500,3,4.034045,1,-2.059500,0
2010-04-23,sz.000680,12.8600,13.3900,12.8500,13.0500,12.8400,32845565,431344665.7500,3,5.168123,1,1.635500,0
2010-04-26,sz.000680,13.3500,13.5000,13.0500,13.1100,13.0500,29303817,387303487.4000,3,4.610842,1,0.459800,0
2010-04-27,sz.000680,13.0000,13.0400,12.4100,12.7300,13.1100,25027413,317169442.6800,3,3.937967,1,-2.898600,0
2010-04-28,sz.000680,12.5800,13.0300,12.4600,12.8100,12.7300,20223635,259731745.5400,3,3.182111,1,0.628400,0
2010-04-29,sz.000680,12.8900,12.9700,12.0300,12.0400,12.8100,26661807,334429005.7200,3,4.195132,1,-6.010900,0
2010-04-30,sz.000680,12.0500,12.3500,11.8100,12.3000,12.0400,21897551,265849552.6700,3,3.445495,1,2.159500,0
2010-05-04,sz.000680,12.0600,12.5700,11.9000,12.3500,12.3000,16182134,199865268.5400,3,2.546196,1,0.406500,0
2010-05-05,sz.000680,12.1000,12.7700,12.0600,12.7300,12.3500,21486003,269199822.4000,3,3.380740,1,3.076900,0
2010-05-06,sz.000680,12.7300,12.7300,12.7300,12.7300,12.7300,0,0.0000,3,,0,0.000000,0
2010-05-07,sz.000680,12.0000,12.3700,11.5000,11.6100,12.7300,32223811,386132847.5000,3,5.070292,1,-8.798100,0
2010-05-10,sz.000680,11.6100,11.7900,11.1100,11.5200,11.6100,21340359,244492653.5200,3,3.357823,1,-0.775200,0
2010-05-11,sz.000680,11.7900,11.8400,11.1000,11.1900,11.5200,15559752,178217068.1200,3,2.448267,1,-2.864600,0
2010-05-12,sz.000680,11.0300,11.4200,10.9900,11.3300,11.1900,13702070,153662250.2300,3,2.155968,1,1.251100,0
2010-05-13,sz.000680,11.3500,11.6300,11.1100,11.6000,11.3300,15139099,172908168.3000,3,2.382079,1,2.383100,0
2010-05-14,sz.000680,11.4500,11.5700,11.2800,11.3300,11.6000,13964187,159333770.8400,3,2.197211,1,-2.327600,0
2010-05-17,sz.000680,11.1500,11.1800,10.3300,10.3500,11.3300,18583307,200648458.6200,3,2.924012,1,-8.649600,0
2010-05-18,sz.000680,10.3600,10.8700,10.2200,10.7000,10.3500,14642603,154565132.2500,3,2.303957,1,3.381600,0
2010-05-19,sz.000680,10.5900,11.0300,10.3900,10.8500,10.7000,17139161,184857129.9600,3,2.696781,1,1.401900,0
2010-05-20,sz.000680,10.7000,11.5500,10.6700,11.1000,10.8500,28356953,319741040.9200,3,4.461857,1,2.304100,0
2010-05-21,sz.000680,10.7800,11.5800,10.6800,11.5100,11.1000,20832197,234028342.3100,3,3.277866,1,3.693700,0
2010-05-24,sz.000680,11.6100,11.9200,11.5100,11.7800,11.5100,22293188,262163776.0000,3,3.507747,1,2.345800,0
2010-05-25,sz.000680,11.6700,11.9800,11.4400,11.6200,11.7800,20481251,239827200.1400,3,3.222646,1,-1.358200,0
2010-05-26,sz.000680,11.5700,11.7300,11.4300,11.5600,11.6200,10794144,124999672.7800,3,1.698417,1,-0.516400,0
2010-05-27,sz.000680,11.5200,11.7900,11.3900,11.7300,11.5600,12922151,150067329.6800,3,2.033251,1,1.470600,0
2010-05-28,sz.000680,11.8200,11.9000,11.4700,11.5300,11.7300,12612109,147358457.1300,3,1.984467,1,-1.705000,0
2010-05-31,sz.000680,11.4900,11.6900,11.2000,11.2000,11.5300,11483557,131997154.9300,3,1.806893,1,-2.862100,0
2010-06-01,sz.000680,11.0800,11.2700,10.7700,10.9800,11.2000,11282208,124411626.8500,3,1.775212,1,-1.964300,0
2010-06-02,sz.000680,10.9000,11.5000,10.8600,11.5000,10.9800,11537767,128788447.6900,3,1.815423,1,4.735900,0
2010-06-03,sz.000680,11.5000,11.5500,11.1500,11.1700,11.5000,9207955,105143690.2100,3,1.448836,1,-2.869600,0
2010-06-04,sz.000680,11.1600,11.4600,11.1000,11.3600,11.1700,7100530,80297558.1000,3,1.117241,1,1.701000,0
2010-06-07,sz.000680,11.1500,11.4100,11.0400,11.3800,11.3600,8175778,92106635.6700,3,1.286427,1,0.176100,0
2010-06-08,sz.000680,11.3600,11.7400,11.3600,11.5700,11.3800,11474795,132379454.8800,3,1.805515,1,1.669600,0
2010-06-09,sz.000680,11.5900,11.8800,11.4000,11.8000,11.5700,14244561,166238442.7800,3,2.241327,1,1.987904,0
2010-06-10,sz.000680,11.7000,11.8200,11.6300,11.6400,11.8000,8691665,101728683.2100,3,1.367600,1,-1.355900,0
2010-06-11,sz.000680,11.7100,11.8200,11.6100,11.6700,11.6400,7919510,92807773.4300,3,1.246104,1,0.257700,0
2010-06-17,sz.000680,11.8000,12.0900,11.7500,11.8900,11.6700,16227353,193380283.6700,3,2.553311,1,1.885200,0
2010-06-18,sz.000680,11.8200,12.0200,11.2500,11.3800,11.8900,14272171,166806490.9500,3,2.245671,1,-4.289300,0
2010-06-21,sz.000680,11.4500,11.9300,11.3300,11.8800,11.3800,11539698,134987241.2900,3,1.815727,1,4.393700,0
2010-06-22,sz.000680,11.8500,12.1100,11.7700,11.9400,11.8800,14504009,173620582.4300,3,2.282150,1,0.505100,0
2010-06-23,sz.000680,11.8500,12.2400,11.8100,12.1200,11.9400,18175587,219542506.2300,3,2.859858,1,1.507500,0
2010-06-24,sz.000680,12.2000,12.2800,11.9900,12.1900,12.1200,12082145,146598736.7300,3,1.901079,1,0.577600,0
2010-06-25,sz.000680,11.9800,12.0800,11.6400,11.7200,12.0900,13636695,161475148.1500,3,2.145681,1,-3.060400,0
2010-06-28,sz.000680,11.7200,11.9000,11.6300,11.8100,11.7200,7862563,92536919.8400,3,1.237144,1,0.767900,0
2010-06-29,sz.000680,11.8300,11.8800,11.2100,11.2400,11.8100,13845530,159095331.9200,3,2.178541,1,-4.826400,0
2010-06-30,sz.000680,11.1500,11.2300,10.8600,10.9700,11.2400,9438259,103773298.0600,3,1.484999,1,-2.402100,0
2010-07-01,sz.000680,10.9700,11.1300,10.8000,10.8500,10.9700,7469615,81935659.6000,3,1.175256,1,-1.093900,0
2010-07-02,sz.000680,10.9000,11.2600,10.6800,11.2400,10.8500,10481048,115278389.3100,3,1.649069,1,3.594500,0
2010-07-05,sz.000680,11.0400,11.4200,10.9800,11.2900,11.2400,10585665,119408195.6500,3,1.665529,1,0.444800,0
2010-07-06,sz.000680,11.2500,11.5600,11.2000,11.4800,11.2900,11625528,132966337.1000,3,1.829140,1,1.682900,0
2010-07-07,sz.000680,11.6800,11.8000,11.5000,11.6000,11.4800,10565768,122999547.0600,3,1.662399,1,1.045300,0
2010-07-08,sz.000680,11.7100,11.9300,11.5900,11.6900,11.6000,11112394,130756760.3000,3,1.748404,1,0.775900,0
2010-07-09,sz.000680,11.7100,12.1700,11.6100,12.1300,11.6900,21572614,258562450.8400,3,3.394196,1,3.763900,0
2010-07-12,sz.000680,12.1900,12.4200,12.0300,12.2800,12.1300,25393333,310199379.3300,3,3.995341,1,1.236600,0
2010-07-13,sz.000680,12.1400,12.1800,11.8900,12.0800,12.2800,16965872,204006079.8300,3,2.669380,1,-1.628700,0
2010-07-14,sz.000680,12.0300,12.4500,12.0300,12.3800,12.0800,20403514,250294218.4200,3,3.210252,1,2.483400,0
2010-07-15,sz.000680,12.3800,12.4500,11.8700,11.9000,12.3800,18996230,231050233.2900,3,2.988833,1,-3.877200,0
2010-07-16,sz.000680,11.9100,12.3200,11.8200,12.2900,11.9000,15750708,190467618.4500,3,2.478188,1,3.277314,0
2010-07-19,sz.000680,12.1500,12.9300,12.0800,12.8600,12.2900,34691292,439006906.0400,3,5.458265,1,4.637900,0
2010-07-20,sz.000680,12.8000,12.9900,12.7100,12.8600,12.8600,30040300,385789911.5800,3,4.726487,1,0.000000,0
2010-07-21,sz.000680,12.8700,13.1600,12.6000,12.6500,12.8600,29029049,372230170.1600,3,4.567378,1,-1.633000,0
2010-07-22,sz.000680,12.6000,12.9100,12.5600,12.7100,12.6500,21834417,278160620.3400,3,3.435388,1,0.474300,0
2010-07-23,sz.000680,12.7500,13.0200,12.6800,12.9500,12.7100,23504776,302381792.2900,3,3.698199,1,1.888300,0
2010-07-26,sz.000680,12.9500,13.3000,12.8800,13.0300,12.9500,24715929,324207281.6500,3,3.888760,1,0.617800,0
2010-07-27,sz.000680,12.9300,13.1700,12.7700,12.9800,13.0300,20311452,262585547.9200,3,3.195767,1,-0.383700,0
2010-07-28,sz.000680,12.9400,13.2000,12.8000,13.1800,12.9800,24581659,321768208.8700,3,3.867634,1,1.540800,0
2010-07-29,sz.000680,13.2100,13.4200,13.0100,13.1800,13.1800,23544016,310723116.2900,3,3.704373,1,0.000000,0
2010-07-30,sz.000680,13.1000,13.3500,12.9400,13.2500,13.1800,22109708,290673892.6700,3,3.478702,1,0.531100,0
2010-08-02,sz.000680,13.2200,13.3600,13.1400,13.2600,13.2500,21658986,287116804.1600,3,3.407786,1,0.075500,0
2010-08-03,sz.000680,13.3000,13.3500,12.8700,12.8800,13.2600,27395065,357886361.8100,3,4.310290,1,-2.865800,0
2010-08-04,sz.000680,12.8800,13.4000,12.7500,13.4000,12.8800,26611332,347184186.7300,3,4.186979,1,4.037300,0
2010-08-05,sz.000680,13.4400,13.8300,13.3200,13.3700,13.4000,36739034,499184876.4700,3,5.780453,1,-0.223900,0
2010-08-06,sz.000680,13.3900,13.6400,13.1500,13.6000,13.3700,24039047,323765455.3200,3,3.782260,1,1.720300,0
2010-08-09,sz.000680,13.6100,13.6300,13.3900,13.5600,13.6000,17705327,239218293.3800,3,2.785724,1,-0.294100,0
2010-08-10,sz.000680,13.5500,13.8500,13.1500,13.1800,13.5600,25769170,347332950.5500,3,4.054475,1,-2.802400,0
2010-08-11,sz.000680,13.1800,13.6000,13.1200,13.5300,13.1800,21814040,292651927.4000,3,3.432182,1,2.655500,0
2010-08-12,sz.000680,13.3700,13.5100,12.8500,12.9600,13.5300,21661560,285903762.0700,3,3.408191,1,-4.212900,0
2010-08-13,sz.000680,13.0200,13.3500,12.8300,13.3200,12.9600,19499952,255772940.7700,3,3.068087,1,2.777800,0
2010-08-16,sz.000680,13.2600,13.8200,13.2100,13.7200,13.3200,25167070,342422753.8000,3,3.959741,1,3.003000,0
2010-08-17,sz.000680,13.9000,14.0500,13.6000,13.9100,13.7200,35456730,490077717.2600,3,5.578698,1,1.384800,0
2010-08-18,sz.000680,13.9500,13.9900,13.6500,13.7600,13.9100,19545814,269737143.1400,3,3.075303,1,-1.078400,0
2010-08-19,sz.000680,13.8000,14.2900,13.7600,14.1000,13.7600,37279658,525584771.9400,3,5.865514,1,2.470900,0
2010-08-20,sz.000680,14.0000,14.1000,13.5500,13.7000,14.1000,24589950,338467261.9900,3,3.868938,1,-2.836900,0
2010-08-23,sz.000680,13.7800,13.9900,13.6000,13.6900,13.7000,16416342,226301426.7100,3,2.582918,1,-0.073000,0
2010-08-24,sz.000680,13.6400,13.9800,13.5400,13.8300,13.6900,17000964,234561340.0800,3,2.674901,1,1.022600,0
2010-08-25,sz.000680,13.7000,13.7500,13.3000,13.3400,13.8300,21390795,288229046.3200,3,3.365589,1,-3.543000,0
2010-08-26,sz.000680,13.3700,13.5400,13.2200,13.3600,13.3400,11710963,156568896.1500,3,1.842582,1,0.149900,0
2010-08-27,sz.000680,13.3600,13.5600,13.1500,13.4800,13.3600,13103137,175172038.2100,3,2.061624,1,0.898200,0
2010-08-30,sz.000680,13.4800,13.8000,13.4800,13.6900,13.4800,16637139,227515912.6500,3,2.617657,1,1.557900,0
2010-08-31,sz.000680,13.6500,14.2000,13.5600,13.9200,13.6900,27656050,386113801.8000,3,4.351353,1,1.680100,0
2010-09-01,sz.000680,13.9500,14.0500,13.4000,13.6000,13.9200,21258031,291885977.6600,3,3.344700,1,-2.298900,0
2010-09-02,sz.000680,13.6000,13.6000,13.6000,13.6000,13.6000,0,0.0000,3,,0,0.000000,0
2010-09-03,sz.000680,13.9000,14.1000,13.7600,13.9300,13.6000,23827622,331774634.6900,3,3.748995,1,2.426500,0
2010-09-06,sz.000680,14.0400,14.4700,13.8700,14.3000,13.9300,31058439,441921513.3300,3,4.886679,1,2.656100,0
2010-09-07,sz.000680,14.3200,14.4500,14.0300,14.2000,14.3000,22277077,316018601.6800,3,3.505035,1,-0.699300,0
2010-09-08,sz.000680,14.1800,14.1800,13.8800,14.1000,14.2000,16914730,237271821.8500,3,2.661333,1,-0.704221,0
2010-09-09,sz.000680,14.1000,14.1900,13.6500,13.6700,14.1000,20625533,285991899.6900,3,3.245184,1,-3.049600,0
2010-09-10,sz.000680,13.7500,13.8100,13.3800,13.7000,13.6700,16244703,220802954.7300,3,2.555912,1,0.219500,0
2010-09-13,sz.000680,13.7000,14.0900,13.6100,13.9500,13.7000,15759414,218947293.8500,3,2.479558,1,1.824800,0
2010-09-14,sz.000680,14.0000,14.0500,13.6500,13.7300,13.9500,14551804,200940821.8800,3,2.289555,1,-1.577100,0
2010-09-15,sz.000680,13.7200,13.7500,13.3000,13.3500,13.7300,15737251,212054923.6900,3,2.476071,1,-2.767700,0
2010-09-16,sz.000680,13.4000,13.4400,12.8600,13.0000,13.3500,17977765,235249254.7000,3,2.828589,1,-2.621700,0
2010-09-17,sz.000680,13.0900,13.1500,12.8400,12.8900,13.0000,13922827,180644737.0100,3,2.190592,1,-0.846200,0
2010-09-20,sz.000680,12.8900,13.0500,12.8000,12.9800,12.8900,9995531,129422112.6000,3,1.572679,1,0.698200,0
2010-09-21,sz.000680,13.0300,13.2500,12.9700,13.0200,12.9800,8912160,116730363.8500,3,1.402223,1,0.308200,0
2010-09-27,sz.000680,13.0700,13.3700,13.0600,13.3700,13.0200,9957657,131860279.1200,3,1.566720,1,2.688200,0
2010-09-28,sz.000680,13.3500,13.3500,13.0700,13.1100,13.3700,8971333,118309693.1200,3,1.411533,1,-1.944700,0
2010-09-29,sz.000680,13.0600,13.2200,12.9600,13.0100,13.1100,6977664,91349167.8100,3,1.097853,1,-0.762800,0
2010-09-30,sz.000680,12.9500,13.2900,12.8800,13.2800,13.0100,7501173,98853445.2500,3,1.180221,1,2.075300,0
2010-10-08,sz.000680,13.4500,13.8400,13.3000,13.7500,13.2800,17298761,235970244.7200,3,2.721756,1,3.539200,0
2010-10-11,sz.000680,13.7900,14.1000,13.7900,13.9300,13.7500,25749232,358812623.6900,3,4.051338,1,1.309100,0
2010-10-12,sz.000680,13.8000,14.6900,13.7500,14.5300,13.9300,38240532,544765595.7200,3,6.016696,1,4.307300,0
2010-10-13,sz.000680,14.5300,15.0200,14.5100,14.6600,14.5300,40018082,590142484.0100,3,6.296373,1,0.894700,0
2010-10-14,sz.000680,14.7100,15.0600,14.4000,14.4700,14.6600,30638658,450107570.8100,3,4.820631,1,-1.296000,0
2010-10-15,sz.000680,14.4700,15.5100,14.3800,15.2800,14.4700,46927343,712097542.6500,3,7.383463,1,5.597800,0
2010-10-18,sz.000680,15.8500,15.9900,15.1100,15.1600,15.2800,50741231,785845337.1000,3,7.983534,1,-0.785300,0
2010-10-19,sz.000680,15.3600,15.9500,15.2600,15.9200,15.1600,33333489,517157381.7100,3,5.244631,1,5.013200,0
2010-10-20,sz.000680,15.5500,16.6900,15.4300,16.2600,15.9200,50165691,806300090.8600,3,7.892979,1,2.135700,0
2010-10-21,sz.000680,16.3500,16.4500,15.8300,16.0600,16.2600,36172819,582736487.2500,3,5.691366,1,-1.230000,0
2010-10-22,sz.000680,16.1500,16.4700,15.7000,16.0600,16.0600,35206920,566723405.1600,3,5.539393,1,0.000000,0
2010-10-25,sz.000680,16.2000,16.4600,15.8200,16.4200,16.0600,33444232,543007542.9200,3,5.262055,1,2.241600,0
2010-10-26,sz.000680,16.4000,16.4600,15.8900,16.0800,16.4200,34822843,561867975.7100,3,5.478963,1,-2.070600,0
2010-10-27,sz.000680,15.9500,16.4300,15.8200,15.9200,16.0800,22719052,365650617.9400,3,3.574575,1,-0.995000,0
2010-10-28,sz.000680,15.8600,16.0400,15.5700,15.6800,15.9200,19941585,314704048.7200,3,3.137573,1,-1.507500,0
2010-10-29,sz.000680,15.6600,16.3000,15.5900,16.0000,15.6800,28207978,451052597.7900,3,4.438192,1,2.040800,0
2010-11-01,sz.000680,16.0700,16.6700,16.0700,16.6200,16.0000,32701283,538314267.6500,3,5.145161,1,3.875000,0
2010-11-02,sz.000680,16.8000,17.6500,16.7100,16.9100,16.6200,39522955,680358006.8200,3,6.218470,1,1.744900,0
2010-11-03,sz.000680,16.8600,16.9800,16.1300,16.1900,16.9100,25305929,418801700.6000,3,3.981589,1,-4.257800,0
2010-11-04,sz.000680,16.1600,16.5300,16.1600,16.4100,16.1900,16002949,261633808.1300,3,2.517875,1,1.358900,0
2010-11-05,sz.000680,16.5600,16.7600,16.3200,16.5100,16.4100,18923751,311267922.5600,3,2.977429,1,0.609400,0
2010-11-08,sz.000680,16.6000,16.6800,16.2600,16.6800,16.5100,20199706,332212013.4400,3,3.178185,1,1.029700,0
2010-11-09,sz.000680,16.6400,16.6500,16.3400,16.5000,16.6800,16760571,275854527.1800,3,2.637078,1,-1.079100,0
2010-11-10,sz.000680,16.4400,16.4500,16.1700,16.2900,16.5000,16940673,275729948.3300,3,2.665415,1,-1.272700,0
2010-11-11,sz.000680,16.2100,16.8900,16.2000,16.4500,16.2900,31231946,519792492.6800,3,4.913978,1,0.982200,0
2010-11-12,sz.000680,16.3400,16.5000,15.0000,15.1200,16.4500,34615449,543523502.6300,3,5.446332,1,-8.085100,0
2010-11-15,sz.000680,15.1800,15.3700,14.9000,15.3500,15.1200,16606611,252280008.4600,3,2.612854,1,1.521200,0
2010-11-16,sz.000680,15.3800,15.3800,14.6100,14.8000,15.3500,18913551,282820883.6100,3,2.975824,1,-3.583100,0
2010-11-17,sz.000680,14.5900,14.9600,14.3900,14.4700,14.8000,15341578,225473764.9000,3,2.413816,1,-2.229700,0
2010-11-18,sz.000680,14.6600,14.8500,14.4900,14.7300,14.4700,9722956,142690997.5400,3,1.529792,1,1.796800,0
2010-11-19,sz.000680,14.9000,15.0900,14.3400,15.0500,14.7300,14044448,206960003.3600,3,2.209728,1,2.172400,0
2010-11-22,sz.000680,14.8900,15.3000,14.7700,15.0700,15.0500,15208980,229745662.3500,3,2.392953,1,0.132900,0
2010-11-23,sz.000680,14.9500,14.9800,14.3800,14.6800,15.0700,14190818,207907779.9200,3,2.232758,1,-2.587900,0
2010-11-24,sz.000680,14.6100,16.1500,14.6100,16.0800,14.6800,41761314,656031424.0300,3,6.570650,1,9.536800,0
2010-11-25,sz.000680,16.2600,16.5900,16.0500,16.1500,16.0800,38988547,636121045.6500,3,6.134388,1,0.435300,0
2010-11-26,sz.000680,16.0500,16.3100,15.7300,16.1600,16.1500,20670052,331968923.3500,3,3.252189,1,0.061900,0
2010-11-29,sz.000680,16.2100,16.6200,16.0300,16.5200,16.1600,25076874,412014728.1100,3,3.945550,1,2.227700,0
2010-11-30,sz.000680,16.4000,16.4000,15.2800,15.7100,16.5200,32104192,508353411.5000,3,5.051216,1,-4.903100,0
2010-12-01,sz.000680,15.6800,15.6900,15.0700,15.1000,15.7100,30586805,467811277.2100,3,4.812473,1,-3.882900,0
2010-12-02,sz.000680,15.4000,15.6700,15.2500,15.2600,15.1000,19392393,299453358.6200,3,3.051164,1,1.059600,0
2010-12-03,sz.000680,15.2900,15.3800,15.0600,15.2300,15.2600,11901820,181214254.8400,3,1.872611,1,-0.196600,0
2010-12-06,sz.000680,15.3400,16.6000,15.2000,16.3000,15.2300,44685462,715828294.2100,3,7.030730,1,7.025600,0
2010-12-07,sz.000680,16.1500,16.8100,15.5800,16.3000,16.3000,42469334,690853372.0200,3,6.682048,1,0.000000,0
2010-12-08,sz.000680,16.3000,16.3000,16.3000,16.3000,16.3000,0,0.0000,3,,0,0.000000,0
2010-12-09,sz.000680,16.2000,16.8800,16.0400,16.5600,16.3000,50136341,833920434.7400,3,7.888361,1,1.595100,0
2010-12-10,sz.000680,16.3900,17.8000,16.3000,17.6000,16.5600,68445030,1187317768.6200,3,10.769017,1,6.280200,0
2010-12-13,sz.000680,17.8000,18.5500,17.6100,18.0200,17.6000,64119027,1154719376.8300,3,10.088372,1,2.386400,0
2010-12-14,sz.000680,17.8000,18.2600,17.7300,18.1200,18.0200,36302731,653240529.6800,3,5.711806,1,0.554900,0
2010-12-15,sz.000680,18.2000,18.8000,17.7100,18.3200,18.1200,46564088,848771969.9000,3,7.326310,1,1.103800,0
2010-12-16,sz.000680,18.2000,18.3900,17.7200,17.7400,18.3200,25255922,455262725.2000,3,3.973721,1,-3.165900,0
2010-12-17,sz.000680,17.8100,18.1000,17.6300,17.8400,17.7400,16555427,295813313.1500,3,2.604801,1,0.563700,0
2010-12-20,sz.000680,17.9100,18.2300,17.2100,17.9700,17.8400,30442195,540238194.4300,3,4.789720,1,0.728700,0
2010-12-21,sz.000680,18.0300,18.5000,17.7200,18.4000,17.9700,28304363,514090301.4000,3,4.453357,1,2.392900,0
2010-12-22,sz.000680,18.3500,18.4600,17.6200,17.7200,18.4000,22661942,408299276.4200,3,3.565589,1,-3.695700,0
2010-12-23,sz.000680,17.8000,17.9000,17.1000,17.1600,17.7200,21901011,381726742.7000,3,3.445866,1,-3.160300,0
2010-12-24,sz.000680,17.1500,17.4200,16.9500,17.0700,17.1600,18045000,309853672.4300,3,2.839168,1,-0.524500,0
2010-12-27,sz.000680,17.2700,18.2600,16.9900,17.0800,17.0700,25987259,456393346.2100,3,4.088788,1,0.058600,0
2010-12-28,sz.000680,17.1000,17.2100,16.5300,16.5800,17.0800,14994876,250913761.3800,3,2.359267,1,-2.927400,0
2010-12-29,sz.000680,16.6200,17.3000,16.5300,17.1300,16.5800,12950939,219266659.3600,3,2.037677,1,3.317200,0
2010-12-30,sz.000680,17.1000,18.5000,16.9300,17.9800,17.1300,30597071,543622850.1200,3,4.814088,1,4.962100,0
2010-12-31,sz.000680,17.9600,18.2800,17.8300,18.1900,17.9800,24790382,447771210.2500,3,3.900474,1,1.168000,0
2011-01-04,sz.000680,18.3000,18.5600,17.9600,18.3100,18.1900,28447732,519724735.9400,3,4.475915,1,0.659700,0
2011-01-05,sz.000680,18.4000,18.6800,18.0800,18.3200,18.3100,28830739,529420639.9800,3,4.536176,1,0.054600,0
2011-01-06,sz.000680,18.3300,18.3800,17.7200,17.8500,18.3200,21770775,390754051.6200,3,3.425374,1,-2.565500,0
2011-01-07,sz.000680,17.7900,17.9700,17.4000,17.4800,17.8500,18422887,326406486.8800,3,2.898624,1,-2.072800,0
2011-01-10,sz.000680,17.5100,17.6700,17.2600,17.3900,17.4800,12226550,213477881.3400,3,1.923703,1,-0.514900,0
2011-01-11,sz.000680,17.3000,17.5800,17.2300,17.5800,17.3900,11647689,202529616.5200,3,1.832626,1,1.092600,0
2011-01-12,sz.000680,17.5900,17.6900,16.8900,17.2100,17.5800,15882022,274687423.3300,3,2.498849,1,-2.104700,0
2011-01-13,sz.000680,17.2900,17.3300,16.9600,17.0500,17.2100,9615284,164698941.4300,3,1.512851,1,-0.929700,0
2011-01-14,sz.000680,17.1400,17.1400,16.6100,16.8000,17.0500,12050966,202727248.8100,3,1.896077,1,-1.466300,0
2011-01-17,sz.000680,16.6200,16.7900,15.7800,15.8500,16.8000,15802293,254333568.1300,3,2.486304,1,-5.654800,0
2011-01-18,sz.000680,15.6600,15.9400,15.6600,15.9000,15.8500,6152767,97357571.6400,3,0.968065,1,0.315500,0
2011-01-19,sz.000680,15.8000,16.9900,15.8000,16.8700,15.9000,16407845,272269427.5500,3,2.581581,1,6.100600,0
2011-01-20,sz.000680,16.7600,16.7600,15.9600,16.0000,16.8700,11874535,193763908.4500,3,1.868318,1,-5.157100,0
2011-01-21,sz.000680,15.9700,16.7200,15.8800,16.3800,16.0000,13384402,218930822.1600,3,2.105878,1,2.375000,0
2011-01-24,sz.000680,16.4000,16.4900,15.9700,16.0100,16.3800,8897732,143662545.3700,3,1.399953,1,-2.258900,0
2011-01-25,sz.000680,15.9100,16.1500,15.8900,16.0200,16.0100,6268861,100313874.9700,3,0.986331,1,0.062500,0
2011-01-26,sz.000680,16.0000,16.5000,16.0000,16.5000,16.0200,8798587,143564256.6500,3,1.384354,1,2.996300,0
2011-01-27,sz.000680,16.4000,17.4400,16.2600,17.2800,16.5000,24792123,422031101.7500,3,3.900748,1,4.727300,0
2011-01-28,sz.000680,17.2000,17.8800,17.0800,17.5700,17.2800,27730584,486357519.6400,3,4.363080,1,1.678200,0
2011-01-31,sz.000680,17.5700,18.1400,17.3500,18.0600,17.5700,25090704,447377042.4200,3,3.947726,1,2.788800,0
2011-02-01,sz.000680,17.9500,18.0600,17.6000,17.6800,18.0600,13139876,233232446.9100,3,2.067404,1,-2.104100,0
2011-02-09,sz.000680,17.5600,17.7700,17.2100,17.2900,17.6800,11915329,207620074.5300,3,1.874736,1,-2.205900,0
2011-02-10,sz.000680,17.1800,18.6300,17.1100,18.5000,17.2900,27910881,505178735.4300,3,4.391448,1,6.998300,0
2011-02-11,sz.000680,18.5000,19.2000,18.3100,18.5200,18.5000,33075973,622143460.9100,3,5.204114,1,0.108100,0
2011-02-14,sz.000680,18.7500,19.5300,18.6000,19.2500,18.5200,48534810,934968790.8600,3,7.636379,1,3.941700,0
2011-02-15,sz.000680,19.1500,19.5800,18.8900,18.9700,19.2500,32014152,617338355.5200,3,5.037049,1,-1.454500,0
2011-02-16,sz.000680,19.0100,20.2400,18.9500,20.0900,18.9700,44246592,871359058.2300,3,6.961679,1,5.904100,0
2011-02-17,sz.000680,20.0400,20.8400,19.8300,20.6700,20.0900,47821305,972445304.4000,3,7.524118,1,2.887000,0
2011-02-18,sz.000680,20.5000,20.5000,19.8400,20.0700,20.6700,22216891,447913073.1700,3,3.495566,1,-2.902800,0
2011-02-21,sz.000680,19.8800,21.5000,19.8000,21.2900,20.0700,30102194,631750149.5300,3,4.736225,1,6.078700,0
2011-02-22,sz.000680,21.2000,21.7000,20.6600,20.7000,21.2900,40693208,855776630.5800,3,6.402596,1,-2.771300,0
2011-02-23,sz.000680,20.6000,20.9700,19.9800,20.5200,20.7000,27771236,564673326.4600,3,4.369476,1,-0.869600,0
2011-02-24,sz.000680,20.3000,20.5000,20.0000,20.2900,20.5200,13602440,275041049.9700,3,2.140183,1,-1.120900,0
2011-02-25,sz.000680,20.3900,20.9700,20.3900,20.7100,20.2900,24045132,497060824.4600,3,3.783218,1,2.070000,0
2011-02-28,sz.000680,20.8800,22.2800,20.4600,21.9700,20.7100,35817956,771203853.5800,3,5.635533,1,6.084000,0
2011-03-01,sz.000680,22.3000,23.2200,22.1100,22.1100,21.9700,52174517,1186067482.7100,3,8.209044,1,0.637239,0
2011-03-02,sz.000680,21.9400,23.1800,21.7800,23.1800,22.1100,35788685,810151015.5200,3,5.630927,1,4.839400,0
2011-03-03,sz.000680,23.2000,23.6800,22.7500,23.1100,23.1800,30900196,717371618.7400,3,4.861781,1,-0.302000,0
2011-03-04,sz.000680,23.0300,23.9800,22.7400,23.9800,23.1100,27111303,639442446.2100,3,4.265643,1,3.764600,0
2011-03-07,sz.000680,24.1800,24.4600,23.5300,24.1900,23.9800,24496413,587478545.5000,3,3.854221,1,0.875700,0
2011-03-08,sz.000680,24.2000,24.2000,22.5200,23.4900,24.1900,34912197,811777015.1800,3,5.493022,1,-2.893800,0
2011-03-09,sz.000680,23.3000,23.5900,23.0000,23.2000,23.4900,21099901,489440566.0800,3,3.319820,1,-1.234600,0
2011-03-10,sz.000680,23.1000,23.4000,22.4900,22.6500,23.2000,27864537,636464934.6400,3,4.384156,1,-2.370700,0
2011-03-11,sz.000680,22.2600,23.7700,22.2300,22.8900,22.6500,27193012,631601475.0100,3,4.278499,1,1.059600,0
2011-03-14,sz.000680,23.0500,23.7800,22.7200,23.7800,22.8900,25779374,605020838.9000,3,4.056080,1,3.888200,0
2011-03-15,sz.000680,23.5700,24.0700,22.8000,23.4500,23.7800,21397383,497817125.4400,3,3.366626,1,-1.387700,0
2011-03-16,sz.000680,23.4400,24.3100,23.3900,24.0100,23.4500,22204282,531022194.0500,3,3.493582,1,2.388100,0
2011-03-17,sz.000680,23.6100,23.6600,22.6800,22.8900,24.0100,19833704,458987404.9700,3,3.120599,1,-4.664700,0
2011-03-18,sz.000680,23.1300,23.5900,22.9000,23.5200,22.8900,14716595,343008843.8700,3,2.315482,1,2.752300,0
2011-03-21,sz.000680,23.4600,23.6500,22.9200,23.3000,23.5200,16264063,377755088.0900,3,2.558958,1,-0.935400,0
2011-03-22,sz.000680,23.3300,24.8500,23.0000,24.6800,23.3000,30690997,741750609.8900,3,4.828866,1,5.922700,0
2011-03-23,sz.000680,24.5200,25.5000,24.4200,25.1100,24.6800,24486544,614245513.0000,3,3.852669,1,1.742300,0
2011-03-24,sz.000680,25.1700,25.2200,24.6200,24.7600,25.1100,16346952,406661703.2000,3,2.572000,1,-1.393900,0
2011-03-25,sz.000680,24.7600,25.1800,24.6800,24.8800,24.7600,14867522,369841098.7300,3,2.339229,1,0.484700,0
2011-03-28,sz.000680,25.0000,25.5600,24.0000,24.0900,24.8800,21584809,535990500.9600,3,3.396115,1,-3.175200,0
2011-03-29,sz.000680,24.0800,24.0800,22.3000,22.3800,24.0900,31487773,727048765.1600,3,4.954229,1,-7.098400,0
2011-03-30,sz.000680,22.4500,23.4000,22.0500,22.8800,22.3800,19232174,438148385.3500,3,3.025956,1,2.234100,0
2011-03-31,sz.000680,22.9900,23.1800,22.2000,22.3900,22.8800,11376677,256805083.6800,3,1.789986,1,-2.141600,0
2011-04-01,sz.000680,22.3000,23.5000,22.3000,23.3500,22.3900,12499414,287177507.8600,3,1.966635,1,4.287600,0
2011-04-06,sz.000680,23.2800,24.3000,23.1000,23.6700,23.3500,12855255,305065433.4300,3,2.022623,1,1.370400,0
2011-04-07,sz.000680,23.6700,24.8600,23.6700,24.5000,23.6700,17766065,431290014.0800,3,2.795281,1,3.506500,0
2011-04-08,sz.000680,24.3800,25.5700,24.0500,24.9900,24.5000,18207719,455094508.5000,3,2.864770,1,2.000000,0
2011-04-11,sz.000680,25.0200,25.3800,24.2900,24.3000,24.9900,16138482,399733379.5100,3,2.539200,1,-2.761100,0
2011-04-12,sz.000680,24.1400,24.5000,23.3300,23.8200,24.3000,16012473,382565029.1600,3,2.519374,1,-1.975300,0
2011-04-13,sz.000680,23.6400,24.0200,23.0000,23.9700,23.8200,10372277,243539126.5300,3,1.631955,1,0.629700,0
2011-04-14,sz.000680,23.8800,23.9800,23.1000,23.1700,23.9700,13984159,326939276.6600,3,2.200242,1,-3.337500,0
2011-04-15,sz.000680,23.1000,23.2000,22.0500,22.7300,23.1700,25839454,582403784.3500,3,4.065533,1,-1.899000,0
2011-04-18,sz.000680,22.5000,22.7500,21.9000,22.4100,22.7300,22997045,510547974.5800,3,3.618314,1,-1.407800,0
2011-04-19,sz.000680,22.4000,22.4000,21.5000,21.8500,22.4100,15120332,331671032.4800,3,2.379006,1,-2.498900,0
2011-04-20,sz.000680,21.8000,22.4100,21.7800,21.9300,21.8500,13081043,288253141.8600,3,2.058148,1,0.366100,0
2011-04-21,sz.000680,22.0500,22.9800,22.0500,22.6700,21.9300,19430124,439633905.9800,3,3.057101,1,3.374400,0
2011-04-22,sz.000680,22.6700,22.9000,22.3800,22.7000,22.6700,10524206,238012751.9200,3,1.655860,1,0.132300,0
2011-04-25,sz.000680,22.8000,22.9100,21.9000,22.3300,22.7000,12569053,281748269.2200,3,1.977592,1,-1.630000,0
2011-04-26,sz.000680,21.4900,21.5000,20.2100,20.4100,22.3300,25171501,520148107.5600,3,3.960439,1,-8.598300,0
2011-04-27,sz.000680,21.1800,21.4500,20.6100,20.8300,20.4100,24201859,509422765.8200,3,3.807877,1,2.057800,0
2011-04-28,sz.000680,21.0400,21.5500,20.8900,20.9000,20.8300,17285984,366403548.2800,3,2.719746,1,0.336100,0
2011-04-29,sz.000680,21.1000,21.5800,21.0100,21.4700,20.9000,9999047,214003331.5800,3,1.573232,1,2.727300,0
2011-05-03,sz.000680,21.7000,21.7800,21.2100,21.4900,21.4700,8660509,185651857.6300,3,1.362629,1,0.093200,0
2011-05-04,sz.000680,21.3900,21.3900,20.4000,20.7700,21.4900,14895602,309600113.2500,3,2.343647,1,-3.350400,0
2011-05-05,sz.000680,20.7500,20.7500,19.7900,19.8400,20.7700,16441978,329765985.4700,3,2.586951,1,-4.477600,0
2011-05-06,sz.000680,19.6000,20.2600,19.4600,20.0000,19.8400,9941228,198305251.1400,3,1.564135,1,0.806500,0
2011-05-09,sz.000680,20.0800,20.8500,20.0600,20.4300,20.0000,11112791,227442776.0300,3,1.748466,1,2.150000,0
2011-05-10,sz.000680,20.4500,20.5800,20.1000,20.5000,20.4300,7087135,144639890.2000,3,1.115077,1,0.342600,0
2011-05-11,sz.000680,20.4900,20.8500,20.3200,20.5400,20.5000,9407113,194108188.8600,3,1.480098,1,0.195100,0
2011-05-12,sz.000680,20.3000,20.3100,19.7900,19.7900,20.5400,14859880,297935819.3900,3,2.338027,1,-3.651400,0
2011-05-13,sz.000680,19.8800,19.9600,18.8800,19.4200,19.7900,17180056,331696583.2600,3,2.703079,1,-1.869600,0
2011-05-16,sz.000680,19.3900,19.3900,18.9000,18.9800,19.4200,10268128,196497396.6900,3,1.615569,1,-2.265700,0
2011-05-17,sz.000680,18.9000,19.9100,18.8300,19.6600,18.9800,19459842,378246555.6500,3,3.061776,1,3.582700,0
2011-05-18,sz.000680,19.4300,19.6800,19.3300,19.6200,19.6600,8728465,170193233.5900,3,1.373321,1,-0.203500,0
2011-05-19,sz.000680,19.8600,20.2600,19.4200,19.4500,19.6200,11302042,224332762.1400,3,1.778243,1,-0.866500,0
2011-05-20,sz.000680,19.3700,19.5700,18.9400,19.1200,19.4500,10816371,206733458.8300,3,1.701828,1,-1.696700,0
2011-05-23,sz.000680,19.0100,19.1000,18.2700,18.4200,19.1200,11165384,207847952.2400,3,1.756741,1,-3.661100,0
2011-05-24,sz.000680,18.3100,18.7000,18.3100,18.6200,18.4200,7270251,134357392.6400,3,1.143888,1,1.085800,0
2011-05-25,sz.000680,18.6800,18.8900,18.3500,18.4900,18.6200,6505145,120832102.5700,3,1.023508,1,-0.698200,0
2011-05-26,sz.000680,18.7200,19.3300,18.6300,18.8100,18.4900,12948067,245140071.9600,3,2.037225,1,1.730700,0
2011-05-27,sz.000680,18.8500,19.1000,18.5100,18.7300,18.8100,9277118,174532197.3600,3,1.459645,1,-0.425300,0
2011-05-30,sz.000680,18.7300,18.7300,18.7300,18.7300,18.7300,0,0.0000,3,,0,0.000000,0
2011-05-31,sz.000680,18.7900,19.6300,18.1700,19.5100,18.7300,19387625,368825483.3300,3,3.050414,1,4.164400,0
2011-06-01,sz.000680,19.2800,19.7300,19.1800,19.5700,19.5100,15436020,301472008.5100,3,2.428676,1,0.307500,0
2011-06-02,sz.000680,19.1800,19.5600,18.8900,19.5000,19.5700,12698411,244764112.4900,3,1.997945,1,-0.357700,0
2011-06-03,sz.000680,19.4500,20.1000,19.3900,20.0000,19.5000,17668660,351136046.4100,3,2.779955,1,2.564100,0
2011-06-07,sz.000680,19.8600,20.0200,19.7400,19.8500,20.0000,13059238,259363129.7200,3,2.054717,1,-0.750000,0
2011-06-08,sz.000680,19.8300,19.8800,19.2500,19.6900,19.8500,10547731,206306687.2400,3,1.659561,1,-0.806000,0
2011-06-09,sz.000680,19.6000,19.6000,18.6800,18.7500,19.6900,12153580,232898944.4800,3,1.912222,1,-4.774000,0
2011-06-10,sz.000680,18.7000,19.0400,18.5600,19.0000,18.7500,9377323,176723040.2100,3,1.475411,1,1.333300,0
2011-06-13,sz.000680,18.7700,18.7900,18.2500,18.4000,19.0000,11279173,208592898.2800,3,1.774645,1,-3.157900,0
2011-06-14,sz.000680,18.4000,18.9600,18.2900,18.9600,18.4000,28439362,531129755.5300,3,4.474598,1,3.043500,0
2011-06-15,sz.000680,18.8100,18.9300,17.7500,17.7800,18.9600,44571125,817927194.6800,3,7.012740,1,-6.223600,0
2011-06-16,sz.000680,17.4500,17.8000,16.7500,17.2200,17.7800,44396128,760978530.3900,3,6.985207,1,-3.149600,0
2011-06-17,sz.000680,17.0200,17.3800,16.9100,16.9200,17.2200,15622692,268031773.1000,3,2.458046,1,-1.742200,0
2011-06-20,sz.000680,16.8400,17.0800,16.4400,16.9800,16.9200,15336162,257185100.2700,3,2.412964,1,0.354600,0
2011-06-21,sz.000680,16.9300,17.9300,16.9300,17.5500,16.9800,22581713,395116000.5400,3,3.552966,1,3.356900,0
2011-06-22,sz.000680,17.5700,17.6500,17.2200,17.2800,17.5500,11027114,191683542.0200,3,1.734986,1,-1.538500,0
2011-06-23,sz.000680,17.2100,18.0000,17.0300,17.8400,17.2800,21643483,382073134.5900,3,3.405347,1,3.240700,0
2011-06-24,sz.000680,17.8400,19.4900,17.7100,19.1600,17.8400,52897474,987985278.1900,3,8.322793,1,7.399100,0
2011-06-27,sz.000680,18.2100,18.7700,18.0000,18.5500,19.1600,58909375,1090122354.2700,3,9.268695,1,-3.183700,0
2011-06-28,sz.000680,18.3500,18.3500,17.4600,17.8600,18.5500,55204451,980741550.3200,3,8.685769,1,-3.719700,0
2011-06-29,sz.000680,17.7000,17.8000,17.3500,17.3800,17.8600,25255029,443421531.4300,3,3.973581,1,-2.687600,0
2011-06-30,sz.000680,17.4500,17.6700,17.3000,17.5900,17.3800,21058708,369656163.0100,3,3.313301,1,1.208300,0
2011-07-01,sz.000680,17.6200,17.6700,17.3500,17.3900,17.5900,21063738,367813451.7200,3,3.314093,1,-1.137000,0
2011-07-04,sz.000680,17.3800,17.8700,17.3800,17.8700,17.3900,32406193,572211795.8600,3,5.098674,1,2.760200,0
2011-07-05,sz.000680,17.9000,18.2600,17.4100,18.1800,17.8700,33621278,607991165.7700,3,5.289851,1,1.734800,0
2011-07-06,sz.000680,18.1900,18.2000,17.8000,18.0000,18.1800,21694269,388782675.6800,3,3.413298,1,-0.990100,0
2011-07-07,sz.000680,17.9800,18.1800,17.8400,17.8400,18.0000,24797607,446593311.9200,3,3.901566,1,-0.888900,0
2011-07-08,sz.000680,17.7900,17.8800,17.4600,17.5300,17.8400,21033137,369823706.7600,3,3.309278,1,-1.737665,0
2011-07-11,sz.000680,17.6500,18.0500,17.6300,17.9500,17.5300,22286195,397883170.3000,3,3.506430,1,2.395900,0
2011-07-12,sz.000680,17.8100,17.8100,17.6100,17.6600,17.9500,13495903,238772677.7000,3,2.123397,1,-1.615600,0
2011-07-13,sz.000680,17.6000,18.6600,17.5000,18.4800,17.4600,52327728,957856985.7300,3,8.233056,1,5.841900,0
2011-07-14,sz.000680,18.4800,18.6600,18.3200,18.6300,18.4800,31453246,581991428.3700,3,4.948740,1,0.811700,0
2011-07-15,sz.000680,18.5900,18.5900,18.2000,18.3200,18.6300,24655584,452477654.8900,3,3.879221,1,-1.664000,0
2011-07-18,sz.000680,18.3400,18.6000,18.1400,18.3400,18.3200,17613220,322974393.2500,3,2.771201,1,0.109200,0
2011-07-19,sz.000680,18.2000,18.2500,17.7800,17.8500,18.3400,16433464,294404883.1500,3,2.585582,1,-2.671800,0
2011-07-20,sz.000680,17.8800,18.0300,17.6100,17.8500,17.8500,12664346,225275449.9800,3,1.992563,1,0.000000,0
2011-07-21,sz.000680,17.8500,17.8500,17.4100,17.4400,17.8500,13241268,232916697.7900,3,2.083333,1,-2.296900,0
2011-07-22,sz.000680,17.5100,17.6500,17.3900,17.4300,17.4400,8496901,148588422.1900,3,1.336872,1,-0.057300,0
2011-07-25,sz.000680,17.3600,17.3600,16.0900,16.2500,17.4300,22499944,375123183.3200,3,3.540060,1,-6.769900,0
2011-07-26,sz.000680,16.2000,16.3800,15.8500,16.1800,16.2500,12708306,203801063.3400,3,1.999479,1,-0.430800,0
2011-07-27,sz.000680,16.1900,16.3900,15.9200,16.3200,16.1800,11944694,192990761.9200,3,1.879335,1,0.865300,0
2011-07-28,sz.000680,16.1000,16.1700,15.8900,16.0500,16.3200,8660898,138867086.7500,3,1.362674,1,-1.654400,0
2011-07-29,sz.000680,16.0500,16.1900,15.9600,16.0200,16.0500,7854649,126366440.6000,3,1.235822,1,-0.186900,0
2011-08-01,sz.000680,16.0400,16.0900,15.8100,15.9600,16.0200,8862625,141260301.2000,3,1.394413,1,-0.374500,0
2011-08-02,sz.000680,15.9600,16.3700,15.3400,16.3300,15.9600,17957324,284207782.6900,3,2.825341,1,2.318300,0
2011-08-03,sz.000680,16.0000,16.4400,15.9200,16.2100,16.3300,11498409,186640279.1100,3,1.809118,1,-0.734800,0
2011-08-04,sz.000680,16.2900,16.3900,16.1600,16.2100,16.2100,8707986,141395881.7800,3,1.370083,1,0.000000,0
2011-08-05,sz.000680,15.5000,15.7700,15.0100,15.5700,16.2100,10229351,159952521.5000,3,1.609449,1,-3.948200,0
2011-08-08,sz.000680,15.1500,15.5000,14.1500,14.3900,15.5700,17043368,251707032.0600,3,2.681542,1,-7.578700,0
2011-08-09,sz.000680,13.8800,14.5000,13.4300,14.3100,14.3900,17034937,237389261.7100,3,2.680216,1,-0.555900,0
2011-08-10,sz.000680,14.6000,15.0000,14.3700,14.4400,14.3100,15060987,219866710.9200,3,2.369641,1,0.908500,0
2011-08-11,sz.000680,14.0000,14.5500,13.9100,14.4900,14.4400,10348623,148451248.8100,3,1.628215,1,0.346300,0
2011-08-12,sz.000680,14.6500,15.6500,14.6200,15.0700,14.4900,21798603,330636529.9700,3,3.429714,1,4.002800,0
2011-08-15,sz.000680,15.1400,15.3900,15.0100,15.3700,15.0700,13693152,209129016.9800,3,2.154431,1,1.990700,0
2011-08-16,sz.000680,15.3900,15.6300,15.1700,15.3600,15.3700,13238224,203728023.7500,3,2.082854,1,-0.065100,0
2011-08-17,sz.000680,15.2500,15.4600,15.0000,15.0600,15.3600,8730469,132578558.4900,3,1.373621,1,-1.953100,0
2011-08-18,sz.000680,15.0600,15.1900,14.5600,14.7000,15.0600,10468288,155547106.6700,3,1.647043,1,-2.390400,0
2011-08-19,sz.000680,14.2900,14.4700,13.9800,14.2900,14.7000,12105616,172028645.0500,3,1.904654,1,-2.789100,0
2011-08-22,sz.000680,14.2900,14.3700,13.9800,14.0400,14.2900,7729135,109430066.0400,3,1.216074,1,-1.749500,0
2011-08-23,sz.000680,14.1800,14.2300,13.9000,14.2200,14.0400,7737637,109047399.1500,3,1.217412,1,1.282100,0
2011-08-24,sz.000680,14.3300,14.4200,14.0800,14.1100,14.2200,9871155,140688898.1700,3,1.553092,1,-0.773600,0
2011-08-25,sz.000680,14.2000,14.6700,13.9500,14.6200,14.1100,18073665,259867195.9800,3,2.843645,1,3.614500,0
2011-08-26,sz.000680,14.4800,14.5500,14.3200,14.4400,14.6200,12025076,173447289.0500,3,1.891982,1,-1.231192,0
2011-08-29,sz.000680,14.3600,14.3600,13.8900,13.9200,14.4400,17868131,250530696.5000,3,2.811307,1,-3.601100,0
2011-08-30,sz.000680,14.0500,14.1500,13.7800,13.8000,13.9200,10541317,147443105.5800,3,1.658533,1,-0.862100,0
2011-08-31,sz.000680,13.9500,14.5900,13.8500,14.4900,13.8000,28711574,410871054.9300,3,4.517376,1,5.000000,0
2011-09-01,sz.000680,14.5500,14.6000,14.1400,14.1600,14.4900,11699680,167544657.2000,3,1.840786,1,-2.277400,0
2011-09-02,sz.000680,14.1800,14.2500,13.8800,14.0100,14.1600,8730152,122378508.5700,3,1.373571,1,-1.059300,0
2011-09-05,sz.000680,13.8000,13.8000,13.4200,13.4200,14.0100,9664515,130969238.0800,3,1.520580,1,-4.211300,0
2011-09-06,sz.000680,13.2000,13.3500,13.1100,13.2000,13.4200,6929070,91525415.9000,3,1.090195,1,-1.639300,0
2011-09-07,sz.000680,13.3000,13.5400,13.2300,13.5000,13.2000,7710729,103519044.9400,3,1.213178,1,2.272700,0
2011-09-08,sz.000680,13.5000,13.5000,13.5000,13.5000,13.5000,0,0.0000,3,,0,0.000000,0
2011-09-09,sz.000680,13.2700,13.4900,13.1100,13.1600,13.5000,8156771,108084129.3000,3,1.283357,1,-2.518500,0
2011-09-13,sz.000680,12.8800,12.9600,12.7000,12.9500,13.1600,6888363,88355660.7200,3,1.083790,1,-1.595700,0
2011-09-14,sz.000680,12.9500,13.1000,12.5400,13.0800,12.9500,9071079,116383393.7400,3,1.427211,1,1.003900,0
2011-09-15,sz.000680,13.0600,13.2900,12.9500,13.0100,13.0800,8999598,117923297.8400,3,1.415964,1,-0.535200,0
2011-09-16,sz.000680,13.1000,13.3400,12.9700,13.0200,13.0100,6968647,91508533.4700,3,1.096422,1,0.076900,0
2011-09-19,sz.000680,12.9300,13.2100,12.7300,12.9300,13.0200,7487543,96878020.3000,3,1.178063,1,-0.691200,0
2011-09-20,sz.000680,12.9000,13.3000,12.8100,13.1700,12.9300,9213006,121182588.1600,3,1.449541,1,1.856100,0
2011-09-21,sz.000680,13.1300,13.8300,13.0600,13.7300,13.1700,18515764,250746478.5400,3,2.913204,1,4.252100,0
2011-09-22,sz.000680,13.6000,13.6500,13.0500,13.0700,13.7300,14922345,199340870.3600,3,2.347828,1,-4.807000,0
2011-09-23,sz.000680,12.7800,13.2100,12.6800,13.1600,13.0700,10083802,130989945.8100,3,1.586549,1,0.688600,0
2011-09-26,sz.000680,13.0800,13.1900,12.8000,12.8900,13.1600,6323367,82246880.1700,3,0.994896,1,-2.051700,0
2011-09-27,sz.000680,13.0500,13.3500,12.8900,13.2700,12.8900,11812194,155212702.6800,3,1.858488,1,2.948000,0
2011-09-28,sz.000680,13.4000,13.4000,12.9400,13.0400,13.2700,9800262,129368271.5300,3,1.541938,1,-1.733200,0
2011-09-29,sz.000680,12.9800,12.9900,12.6200,12.6600,13.0400,10193987,130468656.5300,3,1.603885,1,-2.914100,0
2011-09-30,sz.000680,12.7600,12.8400,12.3500,12.4900,12.6600,7540626,94413903.9100,3,1.186415,1,-1.342800,0
2011-10-10,sz.000680,12.5600,12.6400,12.4100,12.4600,12.4900,3729555,46725396.7500,3,0.586795,1,-0.240200,0
2011-10-11,sz.000680,12.8600,12.9400,12.3500,12.4900,12.4600,6133080,77660892.9200,3,0.964957,1,0.240800,0
2011-10-12,sz.000680,12.3800,13.2600,12.3500,13.2400,12.4900,17371486,225865923.3900,3,2.733167,1,6.004800,0
2011-10-13,sz.000680,13.2000,13.4500,13.0500,13.2800,13.2400,17053409,226506215.7200,3,2.683122,1,0.302100,0
2011-10-14,sz.000680,13.2000,13.3200,12.9600,13.2000,13.2800,11088366,145281511.7200,3,1.744604,1,-0.602400,0
2011-10-17,sz.000680,13.2500,13.3700,13.0800,13.2000,13.2000,8717016,115285696.5100,3,1.371504,1,0.000000,0
2011-10-18,sz.000680,13.0300,13.0700,12.4300,12.4600,13.2000,16402404,208239686.4900,3,2.580695,1,-5.606100,0
2011-10-19,sz.000680,12.4800,12.5800,12.2500,12.3400,12.4600,8788501,109087267.3100,3,1.382751,1,-0.963100,0
2011-10-20,sz.000680,12.3000,12.3000,11.7400,11.7800,12.3400,11157192,132925675.0900,3,1.755432,1,-4.538100,0
2011-10-21,sz.000680,11.8000,11.9600,11.6900,11.7800,11.7800,4658473,55022450.9900,3,0.732947,1,0.000000,0
2011-10-24,sz.000680,11.8200,12.0600,11.5600,12.0500,11.7800,9882360,117566492.0700,3,1.554855,1,2.292000,0
2011-10-25,sz.000680,12.0000,12.8100,11.9400,12.5200,12.0500,17399000,216184164.5900,3,2.737496,1,3.900400,0
2011-10-26,sz.000680,12.1600,12.8600,12.0500,12.5400,12.5200,25595955,320908477.3400,3,4.027175,1,0.159700,0
2011-10-27,sz.000680,12.5300,12.5600,12.2600,12.3200,12.5400,12956759,160607419.8600,3,2.038570,1,-1.754400,0
2011-10-28,sz.000680,12.5300,12.6400,12.3600,12.6100,12.3200,15998789,200132058.0400,3,2.517192,1,2.353900,0
2011-10-31,sz.000680,12.5800,12.5800,12.3200,12.4300,12.6100,12128967,150661384.9800,3,1.908328,1,-1.427400,0
2011-11-01,sz.000680,12.3300,12.6600,12.2500,12.5000,12.4300,15682975,195903454.8900,3,2.467503,1,0.563200,0
2011-11-02,sz.000680,12.3000,12.6000,12.0500,12.5600,12.5000,14699461,181222088.8400,3,2.312760,1,0.480000,0
2011-11-03,sz.000680,12.7000,13.8000,12.7000,13.3600,12.5600,51553715,693892715.0300,3,8.111276,1,6.369400,0
2011-11-04,sz.000680,13.4500,13.4800,13.1800,13.2800,13.3600,17817621,236971582.4100,3,2.803360,1,-0.598800,0
2011-11-07,sz.000680,13.2800,13.2800,13.0900,13.1300,13.2800,9951892,130880955.5800,3,1.565795,1,-1.129500,0
2011-11-08,sz.000680,13.2000,13.2600,13.0300,13.0400,13.1300,9415985,123741751.1900,3,1.481477,1,-0.685500,0
2011-11-09,sz.000680,13.1000,13.3400,12.9000,13.2300,13.0400,13940923,183096568.4800,3,2.193415,1,1.457100,0
2011-11-10,sz.000680,13.0300,13.0800,12.8300,12.8300,13.2300,11446638,148290996.3100,3,1.800973,1,-3.023400,0
2011-11-11,sz.000680,12.8800,12.9500,12.7000,12.7500,12.8300,6922879,88726145.8700,3,1.089221,1,-0.623500,0
2011-11-14,sz.000680,12.8800,13.0500,12.8300,13.0300,12.7500,10543854,136872884.5000,3,1.658932,1,2.196100,0
2011-11-15,sz.000680,13.0400,13.0800,12.9100,13.0600,13.0300,8315840,108173190.3300,3,1.308384,1,0.230200,0
2011-11-16,sz.000680,13.0800,13.0900,12.4100,12.4800,13.0600,13433225,171159523.6500,3,2.113535,1,-4.441000,0
2011-11-17,sz.000680,12.4800,12.5900,12.3100,12.3200,12.4800,7849023,97717437.6200,3,1.234937,1,-1.282100,0
2011-11-18,sz.000680,12.2000,12.2700,11.8900,11.9400,12.3200,9299707,112118281.0000,3,1.463182,1,-3.084400,0
2011-11-21,sz.000680,11.9400,12.0600,11.9200,12.0600,11.9400,4490663,53847153.4500,3,0.706545,1,1.005000,0
2011-11-22,sz.000680,11.9700,12.0200,11.7700,11.9600,12.0600,4863695,57904722.1500,3,0.765236,1,-0.829200,0
2011-11-23,sz.000680,12.0000,12.2000,11.8600,12.1100,11.9600,7717118,93201786.8200,3,1.214184,1,1.254200,0
2011-11-24,sz.000680,11.9800,12.2700,11.7300,12.1000,12.1100,7220722,86767889.2700,3,1.136082,1,-0.082600,0
2011-11-25,sz.000680,12.0700,12.0800,11.7700,11.7800,12.1000,5156537,61380315.3100,3,0.811311,1,-2.644600,0
2011-11-28,sz.000680,11.8100,11.8800,11.5300,11.5500,11.7800,7772690,90413553.0600,3,1.222927,1,-1.952500,0
2011-11-29,sz.000680,11.7100,11.7300,11.5100,11.7200,11.5500,6668939,77598282.6300,3,1.049267,1,1.471900,0
2011-11-30,sz.000680,11.6700,11.6700,10.5500,10.8200,11.7200,16663804,183498812.2300,3,2.621823,1,-7.679200,0
2011-12-01,sz.000680,11.1700,11.2400,10.8200,10.9300,10.8200,14710877,162500552.8600,3,2.314556,1,1.016600,0
2011-12-02,sz.000680,10.8400,10.8400,10.4000,10.4500,10.9300,9680855,101912546.0600,3,1.523151,1,-4.391600,0
2011-12-05,sz.000680,10.4900,10.5000,9.9800,9.9900,10.4500,8733961,88435243.6200,3,1.374170,1,-4.401900,0
2011-12-06,sz.000680,10.0100,10.1400,9.9600,10.0500,9.9900,5754425,57867315.2900,3,0.905381,1,0.600600,0
2011-12-07,sz.000680,10.0500,10.1800,9.9800,10.1600,10.0500,6524197,65881684.2900,3,1.026494,1,1.094500,0
2011-12-08,sz.000680,10.1400,10.2300,9.8800,10.0400,10.1600,5694160,57273221.9200,3,0.895899,1,-1.181100,0
2011-12-09,sz.000680,9.9400,10.0600,9.9000,9.9900,10.0400,3992612,39820067.6700,3,0.628183,1,-0.498000,0
2011-12-12,sz.000680,10.0100,10.0800,9.8800,9.8800,9.9900,4985076,49787215.1000,3,0.784334,1,-1.101100,0
2011-12-13,sz.000680,9.8300,9.8400,9.5100,9.5300,9.8800,7591722,73306238.9700,3,1.194454,1,-3.542500,0
2011-12-14,sz.000680,9.5000,9.7000,9.4300,9.4600,9.5300,4746288,45331368.4300,3,0.746764,1,-0.734500,0
2011-12-15,sz.000680,9.3800,9.4000,8.8700,8.8900,9.4600,10586593,95998798.6800,3,1.665656,1,-6.025400,0
2011-12-16,sz.000680,8.8900,9.1900,8.6400,9.1900,8.8900,11774151,104445215.6500,3,1.852503,1,3.374600,0
2011-12-19,sz.000680,9.0200,9.1000,8.6900,9.0700,9.1900,8647789,76973670.2800,3,1.360612,1,-1.305800,0
2011-12-20,sz.000680,8.9900,9.2800,8.9300,9.1100,9.0700,11856245,108449842.5800,3,1.865419,1,0.441000,0
2011-12-21,sz.000680,9.2000,9.2700,8.6800,8.7000,9.1100,8226651,74158012.2200,3,1.294352,1,-4.500500,0
2011-12-22,sz.000680,8.6300,8.9500,8.4100,8.7700,8.7000,10103067,87391662.5000,3,1.589580,1,0.804600,0
2011-12-23,sz.000680,8.7400,9.3000,8.6600,9.0400,8.7700,15884263,143800561.9100,3,2.499173,1,3.078700,0
2011-12-26,sz.000680,8.9500,9.1200,8.8500,8.8600,9.0400,9097450,81594374.2000,3,1.431360,1,-1.991200,0
2011-12-27,sz.000680,8.8400,8.9400,8.6700,8.6700,8.8600,6234756,54759000.0900,3,0.980954,1,-2.144500,0
2011-12-28,sz.000680,8.6300,8.8600,8.5500,8.8600,8.6700,8850374,77239496.4600,3,1.392486,1,2.191500,0
2011-12-29,sz.000680,8.7700,9.0200,8.7600,8.8900,8.8600,9173096,81745701.1500,3,1.443262,1,0.338600,0
2011-12-30,sz.000680,8.9600,9.0700,8.9000,8.9800,8.8900,8903709,79917476.5500,3,1.400878,1,1.012400,0
2012-01-04,sz.000680,9.1000,9.1000,8.6000,8.6000,8.9800,7567231,66954116.5700,3,1.190604,1,-4.231600,0
2012-01-05,sz.000680,8.6000,8.6600,8.1200,8.2100,8.6000,8627568,72452257.6400,3,1.357434,1,-4.534900,0
2012-01-06,sz.000680,8.2100,8.3400,8.0700,8.3200,8.2100,5667033,46570774.2700,3,0.891633,1,1.339800,0
2012-01-09,sz.000680,8.3300,8.8000,8.2700,8.7800,8.3200,13130504,112755351.2500,3,2.065912,1,5.528800,0
2012-01-10,sz.000680,8.7300,9.6000,8.7100,9.4200,8.7800,29529291,271260935.5700,3,4.646046,1,7.289300,0
2012-01-11,sz.000680,9.3500,9.4300,9.2000,9.3300,9.4200,17532855,163133502.8200,3,2.758564,1,-0.955400,0
2012-01-12,sz.000680,9.2800,9.5400,9.2200,9.4000,9.3300,13051193,122490591.5000,3,2.053434,1,0.750300,0
2012-01-13,sz.000680,9.4600,9.4700,9.0000,9.0000,9.4000,10982261,100555210.7400,3,1.727914,1,-4.255300,0
2012-01-16,sz.000680,8.9200,9.1000,8.6400,8.6500,9.0000,9685834,85963797.3000,3,1.523939,1,-3.888900,0
2012-01-17,sz.000680,8.6500,9.3600,8.6200,9.3000,8.6500,14683524,132962453.1700,3,2.310259,1,7.514500,0
2012-01-18,sz.000680,9.3500,9.6800,9.2600,9.3200,9.3000,21246158,200319868.2300,3,3.342804,1,0.215100,0
2012-01-19,sz.000680,9.3200,9.5900,9.1700,9.5600,9.3200,16796535,158664541.6500,3,2.642714,1,2.575100,0
2012-01-20,sz.000680,9.5100,9.8600,9.4400,9.8000,9.5600,20018845,193361550.2300,3,3.149702,1,2.510500,0
2012-01-30,sz.000680,9.7900,9.7900,9.4000,9.4100,9.8000,13315301,127561665.1400,3,2.094988,1,-3.979600,0
2012-01-31,sz.000680,9.4100,9.4800,9.2300,9.3800,9.4100,8062845,75158378.8700,3,1.268583,1,-0.318800,0
2012-02-01,sz.000680,9.3500,9.4300,9.1300,9.1700,9.3800,8557859,79146543.8300,3,1.346467,1,-2.238800,0
2012-02-02,sz.000680,9.1800,9.3900,9.1500,9.3700,9.1700,10806846,100263472.7500,3,1.700315,1,2.181000,0
2012-02-03,sz.000680,9.3500,9.4800,9.2300,9.4300,9.3700,13165115,123483652.0800,3,2.071358,1,0.640300,0
2012-02-06,sz.000680,9.4400,9.5100,9.3100,9.3900,9.4300,10666962,100371657.5300,3,1.678306,1,-0.424200,0
2012-02-07,sz.000680,9.3600,9.3600,9.0300,9.1000,9.3900,9883858,90529710.1100,3,1.555095,1,-3.088400,0
2012-02-08,sz.000680,9.1000,9.4100,9.0400,9.4100,9.1000,14257639,132135537.9500,3,2.243252,1,3.406600,0
2012-02-09,sz.000680,9.4200,9.6200,9.3800,9.4900,9.4100,21360204,203212075.8500,3,3.360747,1,0.850200,0
2012-02-10,sz.000680,9.5200,9.8500,9.4600,9.6700,9.4900,24588697,237778875.2600,3,3.868708,1,1.896700,0
2012-02-13,sz.000680,9.5100,9.8100,9.4300,9.7800,9.6700,20070397,193537862.4100,3,3.157813,1,1.137500,0
2012-02-14,sz.000680,9.7300,9.8200,9.5600,9.7000,9.7800,14251073,137881790.4200,3,2.242219,1,-0.818000,0
2012-02-15,sz.000680,9.7000,10.0700,9.6100,9.9800,9.7000,25719665,254136755.5000,3,4.046651,1,2.886600,0
2012-02-16,sz.000680,9.9300,10.2000,9.7500,9.9400,9.9800,27216916,271695495.0000,3,4.282224,1,-0.400800,0
2012-02-17,sz.000680,9.9700,10.3700,9.9700,10.2100,9.9400,32636305,332099043.4500,3,5.134894,1,2.716300,0
2012-02-20,sz.000680,10.4100,10.4500,10.1100,10.1200,10.2100,23094663,236404677.3700,3,3.633642,1,-0.881500,0
2012-02-21,sz.000680,10.1100,10.2600,9.8700,10.2300,10.1200,18631291,187231537.1300,3,2.931389,1,1.087000,0
2012-02-22,sz.000680,10.2300,10.4500,10.1900,10.3900,10.2300,23477332,242639985.6200,3,3.693850,1,1.564000,0
2012-02-23,sz.000680,10.4000,10.4900,10.1800,10.3500,10.3900,20643157,213562511.0600,3,3.247929,1,-0.385000,0
2012-02-24,sz.000680,10.3400,10.8700,10.2200,10.7600,10.3500,30788383,324916409.1000,3,4.844147,1,3.961400,0
2012-02-27,sz.000680,10.8300,11.0800,10.7000,10.7100,10.7600,30728432,334074228.1900,3,4.834715,1,-0.464700,0
2012-02-28,sz.000680,10.6000,10.8300,10.6000,10.7300,10.7100,23944353,256882832.0400,3,3.767329,1,0.186700,0
2012-02-29,sz.000680,10.6700,10.7600,10.4500,10.4800,10.7300,16943198,179257840.3400,3,2.665789,1,-2.329900,0
2012-03-01,sz.000680,10.4500,10.6500,10.4300,10.5100,10.4800,8675943,91278506.6800,3,1.365046,1,0.286300,0
2012-03-02,sz.000680,10.5200,10.7900,10.5200,10.7100,10.5100,18714409,199952499.4400,3,2.944466,1,1.902900,0
2012-03-05,sz.000680,10.7500,10.9800,10.7200,10.8100,10.7100,25737543,279492834.3400,3,4.049464,1,0.933700,0
2012-03-06,sz.000680,10.6000,10.7400,10.3700,10.4700,10.8100,22059058,232187117.7100,3,3.470703,1,-3.145200,0
2012-03-07,sz.000680,10.3300,10.4800,10.3000,10.3600,10.4700,15120713,157167997.6100,3,2.379045,1,-1.050600,0
2012-03-08,sz.000680,10.3800,10.6600,10.3800,10.5000,10.3600,13911541,146101945.7600,3,2.188798,1,1.351400,0
2012-03-09,sz.000680,10.7800,10.8500,10.4400,10.5800,10.5000,31364655,333124007.9700,3,4.934816,1,0.761900,0
2012-03-12,sz.000680,10.5800,10.6200,10.4100,10.5100,10.5800,15123242,158738856.4100,3,2.379443,1,-0.661600,0
2012-03-13,sz.000680,10.5100,10.6800,10.4200,10.6600,10.5100,22062517,232376621.1500,3,3.471247,1,1.427200,0
2012-03-14,sz.000680,10.8000,10.8900,9.9200,10.0900,10.6600,38978941,412700609.7500,3,6.132824,1,-5.347100,0
2012-03-15,sz.000680,10.0700,10.2000,9.7000,9.7800,10.0900,16396519,162250156.2900,3,2.579777,1,-3.072300,0
2012-03-16,sz.000680,9.7700,9.9600,9.7000,9.9500,9.7800,13338305,131253499.2500,3,2.098607,1,1.738200,0
2012-03-19,sz.000680,9.9300,10.0300,9.8100,10.0300,9.9500,10915708,108210165.1800,3,1.717443,1,0.804000,0
2012-03-20,sz.000680,10.0100,10.3800,9.7600,9.9700,10.0300,27301947,275138348.0300,3,4.295602,1,-0.598200,0
2012-03-21,sz.000680,10.0900,10.1200,9.8100,9.9100,9.9700,10991656,109266976.7800,3,1.729393,1,-0.601800,0
2012-03-22,sz.000680,9.9500,10.1300,9.8500,10.0300,9.9100,13351053,133247724.4100,3,2.100613,1,1.210900,0
2012-03-23,sz.000680,10.6800,10.6800,9.9000,10.0300,10.0300,27970813,285429200.1100,3,4.400840,1,0.000000,0
2012-03-26,sz.000680,9.8500,9.9400,9.7300,9.8000,10.0300,10651497,104288374.1100,3,1.675873,1,-2.293100,0
2012-03-27,sz.000680,9.8800,9.9000,9.5300,9.5700,9.8000,10293074,99907959.6400,3,1.619480,1,-2.346900,0
2012-03-28,sz.000680,9.5000,9.5400,8.9700,9.0000,9.5700,14134971,129963555.2400,3,2.223952,1,-5.956100,0
2012-03-29,sz.000680,9.0000,9.0000,8.7000,8.7700,9.0000,7907681,70015889.8700,3,1.244170,1,-2.555600,0
2012-03-30,sz.000680,8.7700,8.8900,8.7000,8.7700,8.7700,5223979,45947562.8500,3,0.821924,1,0.000000,0
2012-04-05,sz.000680,8.7900,9.1700,8.7800,9.0600,8.7700,11973958,107897878.0300,3,1.883945,1,3.306700,0
2012-04-06,sz.000680,9.0600,9.2000,9.0200,9.0700,9.0600,7375937,67177070.7600,3,1.160507,1,0.110400,0
2012-04-09,sz.000680,9.0800,9.2500,8.9100,9.0400,9.0700,7324748,66593116.2500,3,1.152453,1,-0.330800,0
2012-04-10,sz.000680,8.9800,9.1700,8.8000,9.1700,9.0400,8478378,76049334.6500,3,1.333961,1,1.438100,0
2012-04-11,sz.000680,9.0500,9.2100,8.9900,9.1700,9.1700,8464985,77213301.1400,3,1.331854,1,0.000000,0
2012-04-12,sz.000680,9.2000,9.3400,9.1700,9.3300,9.1700,10917553,101133241.9800,3,1.717733,1,1.744800,0
2012-04-13,sz.000680,9.3400,9.4700,9.3100,9.3500,9.3300,17015463,159634641.8400,3,2.677159,1,0.214400,0
2012-04-16,sz.000680,9.2000,9.2800,9.0000,9.1100,9.3500,16742224,153157549.0800,3,2.634169,1,-2.566800,0
2012-04-17,sz.000680,9.1200,9.1600,9.0500,9.0700,9.1100,7127583,64803199.6700,3,1.121431,1,-0.439100,0
2012-04-18,sz.000680,9.1300,9.4500,9.0800,9.3900,9.0700,18805993,175005508.7400,3,2.958876,1,3.528100,0
2012-04-19,sz.000680,9.3600,9.6000,9.3400,9.5700,9.3900,25063392,239097107.7200,3,3.943395,1,1.916900,0
2012-04-20,sz.000680,9.5700,9.7500,9.5000,9.6900,9.5700,16969385,164008773.4400,3,2.669910,1,1.253900,0
2012-04-23,sz.000680,9.6600,9.7900,9.4600,9.7400,9.6900,17749165,171242206.1200,3,2.792598,1,0.516000,0
2012-04-24,sz.000680,9.6300,9.7400,9.2400,9.4800,9.7400,15727893,149221134.9700,3,2.474577,1,-2.669400,0
2012-04-25,sz.000680,9.4000,9.7300,9.3600,9.7000,9.4800,14175541,136263513.3700,3,2.230335,1,2.320700,0
2012-04-26,sz.000680,9.7800,10.3200,9.7700,10.1400,9.7000,31996530,322648596.3000,3,5.034233,1,4.536100,0
2012-04-27,sz.000680,10.1500,10.3500,10.0000,10.2200,10.1400,19676995,199939113.8400,3,3.095916,1,0.789000,0
2012-05-02,sz.000680,10.4900,10.4900,10.1800,10.3200,10.2200,17607801,182085710.8000,3,2.770356,1,0.978500,0
2012-05-03,sz.000680,10.3200,10.5000,10.2600,10.4700,10.3200,16580940,172461177.8200,3,2.608793,1,1.453500,0
2012-05-04,sz.000680,10.4800,10.5500,10.3100,10.3600,10.4700,13355204,138617839.5300,3,2.101266,1,-1.050600,0
2012-05-07,sz.000680,10.2500,10.3100,10.0700,10.1300,10.3600,14926204,151414566.7000,3,2.348442,1,-2.220100,0
2012-05-08,sz.000680,10.1400,10.2200,10.0900,10.1600,10.1300,11877622,120509154.8700,3,1.868788,1,0.296200,0
2012-05-09,sz.000680,10.0900,10.0900,9.7300,9.7700,10.1600,13630826,134785321.7600,3,2.144631,1,-3.838600,0
2012-05-10,sz.000680,9.7500,9.9000,9.7300,9.8000,9.7700,7461036,73221611.0300,3,1.173896,1,0.307100,0
2012-05-11,sz.000680,9.8100,9.8800,9.6200,9.6400,9.8000,9700713,94537126.3200,3,1.526280,1,-1.632700,0
2012-05-14,sz.000680,9.7300,9.8700,9.6700,9.6900,9.6400,8979156,87846728.7000,3,1.412752,1,0.518700,0
2012-05-15,sz.000680,9.5600,9.7900,9.5600,9.7800,9.6900,6368706,61664015.4500,3,1.002032,1,0.928800,0
2012-05-16,sz.000680,9.7800,9.7900,9.6000,9.6400,9.7800,5950296,57526466.2600,3,0.936201,1,-1.431500,0
2012-05-17,sz.000680,9.6400,9.8300,9.6300,9.7600,9.6400,5789400,56393672.8200,3,0.910886,1,1.244800,0
2012-05-18,sz.000680,9.7600,9.7600,9.7600,9.7600,9.7600,0,0.0000,3,,0,0.000000,0
2012-05-21,sz.000680,9.6700,9.7200,9.4000,9.5900,9.7600,7313274,70020539.7900,3,1.150648,1,-1.741800,0
2012-05-22,sz.000680,9.6800,9.9100,9.6600,9.9000,9.5900,9148678,90042530.5700,3,1.439424,1,3.232500,0
2012-05-23,sz.000680,9.8800,10.0900,9.8100,10.0000,9.9000,12305480,122763395.2700,3,1.936106,1,1.010100,0
2012-05-24,sz.000680,10.0000,10.3300,10.0000,10.1500,10.0000,22488056,229384277.4900,3,3.538200,1,1.500000,0
2012-05-25,sz.000680,10.1400,10.1600,9.8500,9.8600,10.1500,11443170,114243620.5100,3,1.800432,1,-2.857100,0
2012-05-28,sz.000680,9.8200,10.8500,9.7500,10.8500,9.8600,59052711,625460082.5500,3,9.291168,1,10.040600,0
2012-05-29,sz.000680,10.9300,11.5000,10.9300,11.0800,10.8500,83356426,933847591.7900,3,13.115038,1,2.119800,0
2012-05-30,sz.000680,10.8700,11.2600,10.8300,11.2200,11.0800,35854143,396690313.0100,3,5.641178,1,1.263500,0
2012-05-31,sz.000680,11.1500,11.1800,10.9000,11.0000,11.2200,23517671,259792304.6100,3,3.700196,1,-1.960800,0
2012-06-01,sz.000680,10.9600,11.2400,10.6100,10.7000,11.0000,32019374,349057221.6000,3,5.037828,1,-2.727300,0
2012-06-04,sz.000680,10.4800,10.5600,10.2500,10.2600,10.7000,19785384,205831641.9900,3,3.112970,1,-4.112100,0
2012-06-05,sz.000680,10.3500,10.3800,9.9900,10.0800,10.2600,20222849,205629292.6300,3,3.181799,1,-1.754400,0
2012-06-06,sz.000680,10.1100,10.2900,10.0700,10.2000,10.0800,12416940,126178444.3600,3,1.953642,1,1.190500,0
2012-06-07,sz.000680,10.3300,10.3800,9.9800,10.0000,10.2000,12996689,132181855.2200,3,2.044858,1,-1.960800,0
2012-06-08,sz.000680,10.2000,10.2300,10.0000,10.0000,10.0000,14641872,148415249.1500,3,2.303706,1,0.000000,0
2012-06-11,sz.000680,10.0800,10.4100,9.9800,10.3600,10.0000,14843344,151712092.5500,3,2.335405,1,3.600000,0
2012-06-12,sz.000680,10.2500,10.3400,10.1100,10.1800,10.3600,9585305,98021323.1000,3,1.508122,1,-1.737500,0
2012-06-13,sz.000680,10.2000,10.4200,10.1600,10.3800,10.1800,12532744,129226883.7600,3,1.971863,1,1.964600,0
2012-06-14,sz.000680,10.3700,10.3700,10.1200,10.1900,10.3800,11949244,122719109.6400,3,1.880056,1,-1.830400,0
2012-06-15,sz.000680,10.2000,10.3400,10.0500,10.2500,10.1900,11124459,113526598.2300,3,1.750287,1,0.588800,0
2012-06-18,sz.000680,10.3000,10.4200,10.2300,10.3500,10.2500,10536862,109089311.0500,3,1.657817,1,0.975600,0
2012-06-19,sz.000680,10.4100,10.5800,10.3100,10.3800,10.3500,15464580,161755890.6500,3,2.433120,1,0.289900,0
2012-06-20,sz.000680,10.4400,10.5000,10.3300,10.3500,10.3800,6064200,62960376.9500,3,0.954111,1,-0.289000,0
2012-06-21,sz.000680,10.3600,10.4300,10.0700,10.1000,10.3500,9166784,93062530.4200,3,1.442256,1,-2.415500,0
2012-06-25,sz.000680,10.0600,10.0900,9.4500,9.4800,10.1000,14335651,140378778.8300,3,2.255500,1,-6.138600,0
2012-06-26,sz.000680,9.3500,9.5700,9.3500,9.4800,9.4800,8501024,80618611.8900,3,1.337509,1,0.000000,0
2012-06-27,sz.000680,9.5000,9.6400,9.4500,9.4600,9.4800,6765551,64565920.7000,3,1.064458,1,-0.211000,0
2012-06-28,sz.000680,6.1500,6.1700,5.9100,5.9300,6.1700,9470979,56937392.2300,3,0.993411,1,-3.889800,0
2012-06-29,sz.000680,5.8800,5.8800,5.6600,5.8500,5.9300,13839174,79991328.5900,3,1.451591,1,-1.349100,0
2012-07-02,sz.000680,5.8800,5.9300,5.6900,5.7300,5.8500,13767036,79795170.5000,3,1.444025,1,-2.051300,0
2012-07-03,sz.000680,5.7500,5.7600,5.5500,5.6100,5.7300,14005140,79369184.9400,3,1.468999,1,-2.094200,0
2012-07-04,sz.000680,5.6200,5.6200,5.4500,5.4700,5.6100,14522449,80053493.3200,3,1.523260,1,-2.495500,0
2012-07-05,sz.000680,5.4600,5.4600,5.2200,5.2600,5.4700,14546811,76907281.1700,3,1.525815,1,-3.839100,0
2012-07-06,sz.000680,5.3000,5.4400,5.1600,5.4000,5.2600,11588902,61351727.1800,3,1.215560,1,2.661600,0
2012-07-09,sz.000680,5.3300,5.3800,5.1200,5.1200,5.4000,10945545,57372833.1900,3,1.148078,1,-5.185200,0
2012-07-10,sz.000680,5.0500,5.1900,5.0500,5.1400,5.1200,7047053,36219664.7300,3,0.739166,1,0.390600,0
2012-07-11,sz.000680,5.1400,5.4100,5.1400,5.3600,5.1400,14801156,78875254.3600,3,1.552494,1,4.280200,0
2012-07-12,sz.000680,5.3400,5.4100,5.2900,5.3800,5.3600,9032964,48441286.5100,3,0.947468,1,0.373100,0
2012-07-13,sz.000680,5.3600,5.6100,5.3400,5.4700,5.3800,16751304,92708499.7300,3,1.757045,1,1.672900,0
2012-07-16,sz.000680,5.4300,5.4300,5.1900,5.2000,5.4700,14553876,76584671.2500,3,1.526556,1,-4.936000,0
2012-07-17,sz.000680,5.1600,5.2900,5.1500,5.1800,5.2000,7356203,38369275.7800,3,0.771592,1,-0.384600,0
2012-07-18,sz.000680,5.1800,5.2200,5.0900,5.2200,5.1800,9306715,47950887.9200,3,0.976182,1,0.772200,0
2012-07-19,sz.000680,5.2500,5.4400,5.1900,5.3500,5.2200,15696855,83977683.3200,3,1.646443,1,2.490400,0
2012-07-20,sz.000680,5.3100,5.3600,5.2200,5.2900,5.3500,7447810,39391469.8800,3,0.781201,1,-1.121500,0
2012-07-23,sz.000680,5.2400,5.2500,5.1300,5.1900,5.2900,5782000,29957637.6500,3,0.606474,1,-1.890400,0
2012-07-24,sz.000680,5.1500,5.3400,5.1300,5.2400,5.1900,6550590,34342947.5100,3,0.687092,1,0.963400,0
2012-07-25,sz.000680,5.2100,5.2900,5.2000,5.2400,5.2400,4074445,21301824.3800,3,0.427369,1,0.000000,0
2012-07-26,sz.000680,5.2100,5.3200,5.2000,5.2200,5.2400,7183984,37802994.1000,3,0.753528,1,-0.381700,0
2012-07-27,sz.000680,5.2400,5.2700,5.1800,5.2100,5.2200,6300658,32915390.3600,3,0.660876,1,-0.191600,0
2012-07-30,sz.000680,5.2400,5.3500,5.1900,5.2000,5.2100,7146043,37664955.9600,3,0.749549,1,-0.191900,0
2012-07-31,sz.000680,5.2000,5.2500,5.0900,5.1900,5.2000,7540743,38915665.1600,3,0.790949,1,-0.192300,0
2012-08-01,sz.000680,5.1700,5.4100,5.1500,5.3500,5.1900,11621302,61891152.1600,3,1.218959,1,3.082900,0
2012-08-02,sz.000680,5.3500,5.3800,5.2200,5.2900,5.3500,6145278,32436607.4200,3,0.644578,1,-1.121500,0
2012-08-03,sz.000680,5.3000,5.3800,5.2600,5.3400,5.2900,6784620,36085515.6300,3,0.711639,1,0.945200,0
2012-08-06,sz.000680,5.3100,5.4400,5.2800,5.4100,5.3400,11832613,63597701.2000,3,1.241123,1,1.310900,0
2012-08-07,sz.000680,5.3900,5.4600,5.3700,5.4100,5.4100,9892596,53502344.7100,3,1.037635,1,0.000000,0
2012-08-08,sz.000680,5.4000,5.5200,5.3800,5.4300,5.4100,9457329,51474778.7800,3,0.991979,1,0.369700,0
2012-08-09,sz.000680,5.4200,5.4800,5.3300,5.4700,5.4300,10047981,54550617.8000,3,1.053933,1,0.736600,0
2012-08-10,sz.000680,5.4700,5.5100,5.3700,5.3900,5.4700,10245208,55624041.6500,3,1.074620,1,-1.462500,0
2012-08-13,sz.000680,5.3600,5.3600,5.1500,5.1700,5.3900,15622765,81349258.1000,3,1.638672,1,-4.081600,0
2012-08-14,sz.000680,5.1500,5.2400,5.1400,5.2300,5.1700,7513386,39059183.9900,3,0.788079,1,1.160500,0
2012-08-15,sz.000680,5.2100,5.2500,5.1700,5.1900,5.2300,4950279,25751824.3400,3,0.519235,1,-0.764800,0
2012-08-16,sz.000680,5.1600,5.2300,5.1500,5.1800,5.1900,5052795,26260234.7200,3,0.529988,1,-0.192700,0
2012-08-17,sz.000680,5.2000,5.2000,5.1000,5.1500,5.1800,4810088,24721203.5200,3,0.504530,1,-0.579200,0
2012-08-20,sz.000680,5.1300,5.1300,4.9800,5.0600,5.1500,6944692,34970387.0300,3,0.728429,1,-1.747600,0
2012-08-21,sz.000680,5.0000,5.0600,4.9400,5.0300,5.0600,9654592,48360092.2100,3,1.012670,1,-0.592900,0
2012-08-22,sz.000680,5.0300,5.0400,4.8500,4.8700,5.0300,13237955,65002504.4400,3,1.388529,1,-3.180900,0
2012-08-23,sz.000680,4.8800,4.9100,4.8000,4.8400,4.8700,9000530,43606104.2500,3,0.944066,1,-0.616000,0
2012-08-24,sz.000680,4.8300,4.8300,4.6100,4.6300,4.8400,11015351,51794290.4700,3,1.155400,1,-4.338800,0
2012-08-27,sz.000680,4.6000,4.6400,4.5600,4.6000,4.6300,6798033,31267511.4200,3,0.713046,1,-0.647900,0
2012-08-28,sz.000680,4.5900,4.6800,4.5700,4.6200,4.6000,5714160,26389507.0800,3,0.599358,1,0.434800,0
2012-08-29,sz.000680,4.6200,4.6200,4.4400,4.4500,4.6200,7340826,33231682.0300,3,0.769979,1,-3.679700,0
2012-08-30,sz.000680,4.4400,4.4800,4.3600,4.4100,4.4500,7074579,31350909.8200,3,0.742053,1,-0.898876,0
2012-08-31,sz.000680,4.4000,4.4800,4.3800,4.4500,4.4100,3480564,15480262.3100,3,0.365076,1,0.907000,0
2012-09-03,sz.000680,4.4200,4.5200,4.4100,4.4700,4.4500,6137443,27447478.9000,3,0.643757,1,0.449400,0
2012-09-04,sz.000680,4.4700,4.4900,4.3000,4.3100,4.4700,11018962,48078855.7300,3,1.155779,1,-3.579400,0
2012-09-05,sz.000680,4.2800,4.3300,4.2400,4.2800,4.3100,5464114,23414768.6300,3,0.573131,1,-0.696100,0
2012-09-06,sz.000680,4.3200,4.3900,4.3200,4.3900,4.2800,7025604,30667239.0900,3,0.736916,1,2.570100,0
2012-09-07,sz.000680,4.4800,4.8300,4.4800,4.8300,4.3900,26074671,124459374.8300,3,2.734973,1,10.022800,0
2012-09-10,sz.000680,5.3100,5.3100,5.2300,5.3100,4.8300,43539550,231043587.6200,3,4.566864,1,9.937900,0
2012-09-11,sz.000680,5.2800,5.2800,5.0700,5.1100,5.3100,67984248,351148418.0200,3,7.130869,1,-3.766500,0
2012-09-12,sz.000680,5.1900,5.2900,5.0000,5.2000,5.1100,48427177,247978432.0800,3,5.079528,1,1.761300,0
2012-09-13,sz.000680,5.1300,5.1500,4.9200,4.9500,5.2000,33067883,167079219.7100,3,3.468491,1,-4.807700,0
2012-09-14,sz.000680,5.0000,5.1400,4.9500,5.0300,4.9500,29147348,147101579.8600,3,3.057266,1,1.616200,0
2012-09-17,sz.000680,4.9500,4.9900,4.8400,4.8800,5.0300,17876892,87466421.1800,3,1.875108,1,-2.982100,0
2012-09-18,sz.000680,4.8500,4.9000,4.7700,4.8400,4.8800,11333560,54859810.1500,3,1.188777,1,-0.819700,0
2012-09-19,sz.000680,4.8500,4.8900,4.8000,4.8600,4.8400,10163217,49255721.0800,3,1.066020,1,0.413200,0
2012-09-20,sz.000680,4.8300,4.8400,4.5000,4.5300,4.8600,18211943,85109139.6400,3,1.910251,1,-6.790100,0
2012-09-21,sz.000680,4.4800,4.6100,4.4500,4.5100,4.5300,12130301,55026027.7300,3,1.272348,1,-0.441500,0
2012-09-24,sz.000680,4.4500,4.9100,4.3900,4.7600,4.5100,27367587,128719045.9800,3,2.870587,1,5.543200,0
2012-09-25,sz.000680,4.7000,4.7800,4.5700,4.5900,4.7600,15092960,70479210.9100,3,1.583101,1,-3.571400,0
2012-09-26,sz.000680,4.5900,4.6500,4.4800,4.5100,4.5900,7767560,35369997.3600,3,0.814740,1,-1.742900,0
2012-09-27,sz.000680,4.5200,4.8200,4.4900,4.7600,4.5100,20582447,96731767.6900,3,2.158893,1,5.543200,0
2012-09-28,sz.000680,4.7000,4.8600,4.6600,4.8500,4.7600,18279128,87682146.0900,3,1.917298,1,1.890800,0
2012-10-08,sz.000680,4.8200,4.8600,4.7200,4.7500,4.8500,9628115,45944018.6600,3,1.009893,1,-2.061900,0
2012-10-09,sz.000680,4.7400,4.9500,4.7400,4.9100,4.7500,17150569,83884934.6700,3,1.798924,1,3.368400,0
2012-10-10,sz.000680,4.8800,4.9400,4.8500,4.9200,4.9100,12588845,61708819.9700,3,1.320444,1,0.203700,0
2012-10-11,sz.000680,4.9000,5.0100,4.8300,4.8500,4.9200,14541190,71345834.8500,3,1.525226,1,-1.422800,0
2012-10-12,sz.000680,4.8700,4.9400,4.7900,4.8400,4.8500,9024151,43836425.2100,3,0.946543,1,-0.206200,0
2012-10-15,sz.000680,4.7700,4.8000,4.4700,4.5500,4.8400,22350347,102018649.8600,3,2.344328,1,-5.991700,0
2012-10-16,sz.000680,4.5400,4.6300,4.5100,4.5600,4.5500,9335987,42687449.4300,3,0.979252,1,0.219800,0
2012-10-17,sz.000680,4.5800,4.6000,4.4500,4.5500,4.5600,8608231,39081683.6900,3,0.902918,1,-0.219300,0
2012-10-18,sz.000680,4.5700,4.6800,4.5500,4.6500,4.5500,12061211,55956569.5800,3,1.265101,1,2.197800,0
2012-10-19,sz.000680,4.6500,4.7800,4.6400,4.6800,4.6500,10871637,51163911.0000,3,1.140326,1,0.645155,0
2012-10-22,sz.000680,4.6500,4.6800,4.5600,4.6800,4.6800,8151050,37662849.1400,3,0.854964,1,0.000000,0
2012-10-23,sz.000680,4.6800,4.7300,4.6100,4.6300,4.6800,7110367,33150852.1800,3,0.745807,1,-1.068400,0
2012-10-24,sz.000680,4.6000,4.7000,4.5600,4.6500,4.6300,7811016,36192861.1600,3,0.819298,1,0.432000,0
2012-10-25,sz.000680,4.6300,4.7200,4.6000,4.6000,4.6500,8902533,41472392.2600,3,0.933787,1,-1.075300,0
2012-10-26,sz.000680,4.5800,4.6000,4.4200,4.4300,4.6000,10366463,46447854.0900,3,1.087339,1,-3.695700,0
2012-10-29,sz.000680,4.4300,4.4500,4.3500,4.3700,4.4300,6071312,26627294.7100,3,0.636820,1,-1.354400,0
2012-10-30,sz.000680,4.3800,4.4200,4.3400,4.3500,4.3700,5786265,25284979.4200,3,0.606921,1,-0.457700,0
2012-10-31,sz.000680,4.3600,4.4000,4.3200,4.3800,4.3500,4965330,21667005.3700,3,0.520814,1,0.689700,0
2012-11-01,sz.000680,4.3800,4.5600,4.3800,4.4900,4.3800,9308693,41733847.1300,3,0.976389,1,2.511400,0
2012-11-02,sz.000680,4.5200,4.5300,4.4500,4.5100,4.4900,6502234,29148597.0800,3,0.682019,1,0.445400,0
2012-11-05,sz.000680,4.5000,4.5800,4.4800,4.5300,4.5100,6760730,30560398.8600,3,0.709133,1,0.443500,0
2012-11-06,sz.000680,4.5200,4.5200,4.3900,4.5200,4.5300,6478892,28803650.9500,3,0.679571,1,-0.220800,0
2012-11-07,sz.000680,4.6200,4.6800,4.5200,4.5300,4.5200,10717753,49263224.7900,3,1.124185,1,0.221200,0
2012-11-08,sz.000680,4.4400,4.4500,4.3500,4.3700,4.5300,7454621,32806621.5700,3,0.781915,1,-3.532000,0
2012-11-09,sz.000680,4.3700,4.4100,4.3400,4.3700,4.3700,5195853,22715332.7100,3,0.544993,1,0.000000,0
2012-11-12,sz.000680,4.3600,4.4100,4.3600,4.4000,4.3700,4219941,18504847.0100,3,0.442630,1,0.686500,0
2012-11-13,sz.000680,4.3900,4.3900,4.2800,4.2900,4.4000,5636179,24343575.8200,3,0.591179,1,-2.500000,0
2012-11-14,sz.000680,4.3100,4.3100,4.2500,4.2800,4.2900,3944153,16886159.7500,3,0.413702,1,-0.233100,0
2012-11-15,sz.000680,4.2700,4.2900,4.2000,4.2000,4.2800,4413589,18751733.7600,3,0.462941,1,-1.869200,0
2012-11-16,sz.000680,4.1900,4.1900,4.0500,4.0800,4.2000,8055045,32999396.6500,3,0.844894,1,-2.857100,0
2012-11-19,sz.000680,4.0900,4.1000,4.0000,4.0700,4.0800,6099821,24678910.1800,3,0.639810,1,-0.245100,0
2012-11-20,sz.000680,4.0800,4.1200,4.0000,4.0100,4.0700,6184187,25044329.5600,3,0.648659,1,-1.474200,0
2012-11-21,sz.000680,4.0200,4.1200,3.9700,4.1000,4.0100,8667576,35021856.1400,3,0.909142,1,2.244400,0
2012-11-22,sz.000680,4.0800,4.0800,3.9800,4.0000,4.1000,6882058,27682651.9700,3,0.721859,1,-2.439000,0
2012-11-23,sz.000680,4.0000,4.0600,4.0000,4.0200,4.0000,5386202,21718599.0900,3,0.564959,1,0.500000,0
2012-11-26,sz.000680,4.0200,4.0500,3.9700,3.9900,4.0200,5362285,21431582.0000,3,0.562450,1,-0.746300,0
2012-11-27,sz.000680,3.9700,3.9800,3.8100,3.8100,3.9900,8138706,31451976.3900,3,0.853669,1,-4.511300,0
2012-11-28,sz.000680,3.8000,3.8700,3.7600,3.8000,3.8100,6490183,24786031.1100,3,0.680755,1,-0.262500,0
2012-11-29,sz.000680,3.8100,4.0900,3.8100,3.9100,3.8000,14967339,59058607.6800,3,1.569924,1,2.894700,0
2012-11-30,sz.000680,3.9000,4.0100,3.8600,3.9400,3.9100,11910630,47160662.8000,3,1.249306,1,0.767300,0
2012-12-03,sz.000680,3.8900,3.9300,3.7400,3.7600,3.9400,10491651,40148064.7800,3,1.100469,1,-4.568500,0
2012-12-04,sz.000680,3.7500,3.8700,3.7100,3.8500,3.7600,7323184,27870855.7300,3,0.768129,1,2.393600,0
2012-12-05,sz.000680,3.8500,4.2400,3.8100,4.2400,3.8500,25586497,105485933.9500,3,2.683768,1,10.129900,0
2012-12-06,sz.000680,4.3000,4.4300,4.2500,4.2800,4.2400,49619783,215182997.5000,3,5.204620,1,0.943400,0
2012-12-07,sz.000680,4.2300,4.5600,4.2000,4.4200,4.2800,49159604,217085225.7600,3,5.156352,1,3.271000,0
2012-12-10,sz.000680,4.4000,4.6500,4.3100,4.5500,4.4200,45178887,203444357.6400,3,4.738814,1,2.941200,0
2012-12-11,sz.000680,4.5000,4.6200,4.4400,4.5000,4.5500,28419065,129027143.9900,3,2.980876,1,-1.098900,0
2012-12-12,sz.000680,4.4700,4.8000,4.4600,4.5700,4.5000,28133443,129955932.9300,3,2.950917,1,1.555600,0
2012-12-13,sz.000680,4.5200,4.5900,4.3900,4.4400,4.5700,22362923,99736982.1300,3,2.345647,1,-2.844600,0
2012-12-14,sz.000680,4.4200,4.8800,4.4100,4.8800,4.4400,55488721,263606834.2100,3,5.820213,1,9.909900,0
2012-12-17,sz.000680,4.8800,4.8800,4.8800,4.8800,4.8800,0,0.0000,3,,0,0.000000,0
2012-12-18,sz.000680,4.7700,5.0800,4.7600,4.9100,4.8800,90632388,446545604.1100,3,9.506433,1,0.614800,0
2012-12-19,sz.000680,4.8300,5.0400,4.7200,4.9700,4.9100,56244760,275572623.1800,3,5.899514,1,1.222000,0
2012-12-20,sz.000680,4.9000,4.9100,4.7100,4.8600,4.9700,38659254,186749910.3200,3,4.054970,1,-2.213300,0
2012-12-21,sz.000680,4.8400,5.0400,4.7700,4.8100,4.8600,33933966,166319522.0800,3,3.559334,1,-1.028800,0
2012-12-24,sz.000680,4.7800,4.8500,4.7500,4.7700,4.8100,15670721,74991868.3100,3,1.643702,1,-0.831600,0
2012-12-25,sz.000680,4.7800,5.1800,4.7300,5.0000,4.7700,64364633,320359968.6800,3,6.751208,1,4.821800,0
2012-12-26,sz.000680,5.0000,5.0200,4.8700,4.9400,5.0000,42512435,209482972.8400,3,4.459130,1,-1.200000,0
2012-12-27,sz.000680,4.9300,5.0500,4.8500,4.8600,4.9400,31035518,152977954.1500,3,3.255316,1,-1.619400,0
2012-12-28,sz.000680,4.8700,4.9200,4.8100,4.8700,4.8600,25953412,126070802.8400,3,2.722254,1,0.205800,0
2012-12-31,sz.000680,4.9000,4.9200,4.7600,4.8700,4.8700,32354263,156599638.6500,3,3.393669,1,0.000000,0
2013-01-04,sz.000680,4.9100,4.9300,4.7900,4.8300,4.8700,23344689,113024182.9100,3,2.448646,1,-0.821400,0
2013-01-07,sz.000680,4.8100,4.9400,4.8100,4.8800,4.8300,29939439,146042512.1400,3,3.140376,1,1.035200,0
2013-01-08,sz.000680,4.8800,4.9700,4.8200,4.9600,4.8800,38344914,188196634.1800,3,4.022034,1,1.639300,0
2013-01-09,sz.000680,4.9300,5.0300,4.8800,4.9000,4.9600,28371039,140260694.6300,3,2.975865,1,-1.209700,0
2013-01-10,sz.000680,4.9100,4.9900,4.8800,4.9400,4.9000,30524142,150722017.2200,3,3.201706,1,0.816300,0
2013-01-11,sz.000680,4.9400,4.9500,4.6500,4.6800,4.9400,33964211,162649746.2300,3,3.562538,1,-5.263200,0
2013-01-14,sz.000680,4.6600,4.8400,4.6200,4.8100,4.6800,24323296,115662228.6400,3,2.551293,1,2.777800,0
2013-01-15,sz.000680,4.8000,4.9900,4.7900,4.9500,4.8100,45175627,221371307.2900,3,4.738514,1,2.910600,0
2013-01-16,sz.000680,4.9300,5.1300,4.9200,5.0600,4.9500,61126399,306610096.1200,3,6.411605,1,2.222200,0
2013-01-17,sz.000680,5.0400,5.0400,4.9200,4.9700,5.0600,25146701,124993743.9800,3,2.637661,1,-1.778700,0
2013-01-18,sz.000680,4.9900,5.0900,4.9400,5.0800,4.9700,28058532,141043604.4500,3,2.943086,1,2.213300,0
2013-01-21,sz.000680,5.1000,5.4900,5.0900,5.3600,5.0800,71032084,376837709.1100,3,7.450621,1,5.511800,0
2013-01-22,sz.000680,5.4000,5.4000,5.1300,5.1800,5.3600,40248597,211329504.2600,3,4.221713,1,-3.358200,0
2013-01-23,sz.000680,5.1700,5.2400,4.9900,5.1100,5.1800,25056332,127550393.3600,3,2.628182,1,-1.351400,0
2013-01-24,sz.000680,5.1000,5.3700,5.0500,5.1400,5.1100,41454105,215247103.2000,3,4.348160,1,0.587100,0
2013-01-25,sz.000680,5.0900,5.2200,5.0100,5.1000,5.1400,20066527,102598128.4200,3,2.104797,1,-0.778200,0
2013-01-28,sz.000680,5.0900,5.2400,5.0800,5.2200,5.1000,20809313,107977407.4300,3,2.182708,1,2.352900,0
2013-01-29,sz.000680,5.2300,5.3500,5.2000,5.2100,5.2200,22766498,119960459.4400,3,2.387999,1,-0.191600,0
2013-01-30,sz.000680,5.2200,5.2300,5.0900,5.1400,5.2100,17348630,89302298.9500,3,1.819714,1,-1.343600,0
2013-01-31,sz.000680,5.1300,5.3400,5.1300,5.2400,5.1400,24609305,128573030.4900,3,2.581293,1,1.945500,0
2013-02-01,sz.000680,5.2400,5.4400,5.1300,5.3900,5.2400,43783047,234107546.5700,3,4.592445,1,2.862600,0
2013-02-04,sz.000680,5.4300,5.7000,5.3600,5.4600,5.3900,46323573,256333649.1900,3,4.858923,1,1.298700,0
2013-02-05,sz.000680,5.4100,5.6100,5.3500,5.5500,5.4600,39092501,215217306.3500,3,4.100449,1,1.648400,0
2013-02-06,sz.000680,5.5500,5.5600,5.4100,5.4300,5.5500,21360261,117132212.0100,3,2.240498,1,-2.162200,0
2013-02-07,sz.000680,5.4300,5.4700,5.3000,5.3600,5.4300,21525546,115179799.0700,3,2.257835,1,-1.289100,0
2013-02-08,sz.000680,5.3800,5.4100,5.3500,5.3700,5.3600,12029465,64688810.2900,3,1.261782,1,0.186600,0
2013-02-18,sz.000680,5.3900,5.4600,5.3500,5.3900,5.3700,11743114,63287404.9300,3,1.231746,1,0.372400,0
2013-02-19,sz.000680,5.3900,5.4000,5.1000,5.1300,5.3900,24063852,125612091.8000,3,2.524080,1,-4.823700,0
2013-02-20,sz.000680,5.1200,5.2300,5.1200,5.1700,5.1300,14443768,74479588.0300,3,1.515020,1,0.779700,0
2013-02-21,sz.000680,5.1500,5.1500,4.8800,4.9300,5.1700,27832267,138524034.9600,3,2.919352,1,-4.642200,0
2013-02-22,sz.000680,4.9200,4.9800,4.8400,4.8500,4.9300,16983839,83147030.4200,3,1.781451,1,-1.622700,0
2013-02-25,sz.000680,4.8600,4.9600,4.8600,4.9300,4.8500,10766603,52917715.2400,3,1.129319,1,1.649500,0
2013-02-26,sz.000680,4.9000,4.9500,4.8000,4.8200,4.9300,12310681,60137995.8000,3,1.291279,1,-2.231200,0
2013-02-27,sz.000680,4.8300,4.9400,4.8300,4.9400,4.8200,11075792,54315928.0100,3,1.161750,1,2.489600,0
2013-02-28,sz.000680,4.9500,5.0700,4.9100,5.0700,4.9400,16069342,80475724.1500,3,1.685528,1,2.631600,0
2013-03-01,sz.000680,5.0500,5.0700,4.9300,4.9700,5.0700,20001800,99670799.5300,3,2.098007,1,-1.972400,0
2013-03-04,sz.000680,4.9300,4.9300,4.5500,4.5900,4.9700,32502077,151570258.9100,3,3.409173,1,-7.645900,0
2013-03-05,sz.000680,4.5700,4.6800,4.5500,4.6700,4.5900,11631260,53900112.5600,3,1.220014,1,1.742900,0
2013-03-06,sz.000680,4.6800,4.7000,4.6000,4.6700,4.6700,14967763,69594708.7800,3,1.569983,1,0.000000,0
2013-03-07,sz.000680,4.6600,4.7200,4.5900,4.6600,4.6700,13486885,62670891.6200,3,1.414652,1,-0.214100,0
2013-03-08,sz.000680,4.6700,4.7000,4.6100,4.6300,4.6600,7666636,35684998.8400,3,0.804161,1,-0.643800,0
2013-03-11,sz.000680,4.6100,4.6200,4.5200,4.5400,4.6300,8908176,40665027.1800,3,0.934387,1,-1.943800,0
2013-03-12,sz.000680,4.5300,4.6500,4.4700,4.5500,4.5400,10023023,45649289.5800,3,1.051324,1,0.220300,0
2013-03-13,sz.000680,4.5500,4.5500,4.4200,4.4800,4.5500,6557524,29324292.8800,3,0.687825,1,-1.538500,0
2013-03-14,sz.000680,4.4900,4.5500,4.4600,4.4900,4.4800,4951073,22316838.5500,3,0.519323,1,0.223200,0
2013-03-15,sz.000680,4.5000,4.6100,4.4400,4.5500,4.4900,9702084,44139224.7500,3,1.017661,1,1.336300,0
2013-03-18,sz.000680,4.5000,4.5900,4.4600,4.4800,4.5500,6643658,29898336.0000,3,0.696859,1,-1.538500,0
2013-03-19,sz.000680,4.5000,4.5500,4.4300,4.5300,4.4800,5905606,26578668.0000,3,0.619445,1,1.116100,0
2013-03-20,sz.000680,4.5600,4.6700,4.5400,4.6700,4.5300,13054363,60364040.0000,3,1.369284,1,3.090500,0
2013-03-21,sz.000680,4.6700,4.6800,4.6200,4.6500,4.6700,10833975,50414400.0000,3,1.136386,1,-0.428300,0
2013-03-22,sz.000680,4.6600,4.7200,4.6200,4.6900,4.6500,10520136,49208248.0000,3,1.103467,1,0.860200,0
2013-03-25,sz.000680,4.7000,4.7200,4.5900,4.6000,4.6900,10952451,50594784.0000,3,1.148813,1,-1.919000,0
2013-03-26,sz.000680,4.5900,4.6000,4.4700,4.5100,4.6000,8674568,39238160.0000,3,0.909884,1,-1.956500,0
2013-03-27,sz.000680,4.5000,4.5700,4.4900,4.5000,4.5100,5974918,27024956.0000,3,0.626715,1,-0.221700,0
2013-03-28,sz.000680,4.4700,4.4700,4.2600,4.2900,4.5000,14505007,63067392.0000,3,1.521444,1,-4.666700,0
2013-03-29,sz.000680,4.3100,4.3400,4.2700,4.2800,4.2900,6797217,29232648.0000,3,0.712966,1,-0.233100,0
2013-04-01,sz.000680,4.2700,4.3700,4.2700,4.3300,4.2800,5701788,24653798.0000,3,0.598066,1,1.168200,0
2013-04-02,sz.000680,4.3100,4.4100,4.3100,4.3400,4.3300,6099251,26583042.0000,3,0.639756,1,0.231000,0
2013-04-03,sz.000680,4.3800,4.4000,4.3300,4.3500,4.3400,5898007,25700920.0000,3,0.618647,1,0.230400,0
2013-04-08,sz.000680,4.3000,4.3000,4.1900,4.2900,4.3500,6685252,28363014.0000,3,0.701222,1,-1.379300,0
2013-04-09,sz.000680,4.2800,4.4000,4.2800,4.3800,4.2900,6458331,28125076.0000,3,0.677420,1,2.097900,0
2013-04-10,sz.000680,4.3600,4.4300,4.3400,4.4000,4.3800,5329333,23369788.0000,3,0.558999,1,0.456600,0
2013-04-11,sz.000680,4.4100,4.4600,4.3500,4.3500,4.4000,6142331,27063544.0000,3,0.644275,1,-1.136400,0
2013-04-12,sz.000680,4.3400,4.4300,4.3200,4.3900,4.3500,6749200,29592740.0000,3,0.707930,1,0.919539,0
2013-04-15,sz.000680,4.3800,4.3800,4.2000,4.2100,4.3900,7360544,31317526.0000,3,0.772054,1,-4.100200,0
2013-04-16,sz.000680,4.2000,4.2800,4.1100,4.2700,4.2100,4883937,20570328.0000,3,0.512281,1,1.425177,0
2013-04-17,sz.000680,4.2900,4.3500,4.2300,4.2500,4.2700,5763729,24712076.0000,3,0.604563,1,-0.468400,0
2013-04-18,sz.000680,4.2000,4.3000,4.2000,4.2300,4.2500,3940466,16717961.0000,3,0.413319,1,-0.470600,0
2013-04-19,sz.000680,4.2500,4.3600,4.2400,4.3500,4.2300,7210719,31104706.0000,3,0.756339,1,2.836877,0
2013-04-22,sz.000680,4.4800,4.6000,4.4000,4.4400,4.3500,21453687,96293488.0000,3,2.250297,1,2.069000,0
2013-04-23,sz.000680,4.3800,4.4100,4.2400,4.2400,4.4400,9689906,41895012.0000,3,1.016383,1,-4.504500,0
2013-04-24,sz.000680,4.2400,4.3300,4.2400,4.2800,4.2400,7164445,30637016.0000,3,0.751485,1,0.943400,0
2013-04-25,sz.000680,4.2700,4.2800,4.1600,4.1700,4.2800,7619894,32079824.0000,3,0.799258,1,-2.570100,0
2013-04-26,sz.000680,4.1700,4.2200,4.0900,4.0900,4.1700,5822132,24138690.0000,3,0.610689,1,-1.918463,0
2013-05-02,sz.000680,4.1000,4.1000,4.0100,4.0300,4.0900,7517966,30385904.0000,3,0.788566,1,-1.467000,0
2013-05-03,sz.000680,4.0300,4.1900,4.0300,4.1400,4.0300,7078445,29181706.0000,3,0.742465,1,2.729520,0
2013-05-06,sz.000680,4.1600,4.2000,4.1400,4.1900,4.1400,6565070,27372242.0000,3,0.688616,1,1.207700,0
2013-05-07,sz.000680,4.1800,4.2100,4.1300,4.1900,4.1900,6200203,25884494.0000,3,0.650345,1,0.000000,0
2013-05-08,sz.000680,4.2000,4.2600,4.1800,4.2400,4.1900,7350460,31000422.0000,3,0.770997,1,1.193300,0
2013-05-09,sz.000680,4.2300,4.2300,4.1400,4.1600,4.2400,6102103,25455932.0000,3,0.640055,1,-1.886800,0
2013-05-10,sz.000680,4.1500,4.2100,4.1200,4.2000,4.1600,5557007,23236552.0000,3,0.582880,1,0.961500,0
2013-05-13,sz.000680,4.2300,4.2400,4.1700,4.2100,4.2000,6771000,28486980.0000,3,0.710217,1,0.238100,0
2013-05-14,sz.000680,4.2200,4.2300,4.1200,4.1500,4.2100,5020055,20863180.0000,3,0.526558,1,-1.425200,0
2013-05-15,sz.000680,4.1400,4.1900,4.1300,4.1600,4.1500,4394989,18281752.0000,3,0.460994,1,0.241000,0
2013-05-16,sz.000680,4.1600,4.2500,4.1200,4.2300,4.1600,11122806,46740136.0000,3,1.166681,1,1.682700,0
2013-05-17,sz.000680,4.2400,4.3400,4.2000,4.3300,4.2300,15535929,66578724.0000,3,1.629578,1,2.364100,0
2013-05-20,sz.000680,4.3800,4.4100,4.3000,4.3500,4.3300,15458243,67264960.0000,3,1.621430,1,0.461900,0
2013-05-21,sz.000680,4.3500,4.3500,4.3000,4.3500,4.3500,10857695,47009880.0000,3,1.138874,1,0.000000,0
2013-05-22,sz.000680,4.3500,4.4500,4.3300,4.4100,4.3500,16070702,70566112.0000,3,1.685671,1,1.379300,0
2013-05-23,sz.000680,4.3800,4.4000,4.3000,4.3000,4.4100,11751863,51078104.0000,3,1.232664,1,-2.494300,0
2013-05-24,sz.000680,4.3200,4.3400,4.2800,4.3200,4.3000,6752917,29111188.0000,3,0.708320,1,0.465100,0
2013-05-27,sz.000680,4.3000,4.3700,4.2900,4.3200,4.3200,8225204,35540080.0000,3,0.862749,1,0.000000,0
2013-05-28,sz.000680,4.3100,4.4000,4.2800,4.3900,4.3200,12427476,54022160.0000,3,1.303530,1,1.620400,0
2013-05-29,sz.000680,4.4000,4.4300,4.3600,4.3700,4.3900,12098032,53133756.0000,3,1.268974,1,-0.455600,0
2013-05-30,sz.000680,4.3500,4.3800,4.3200,4.3500,4.3700,9287820,40392420.0000,3,0.974208,1,-0.457700,0
2013-05-31,sz.000680,4.3500,4.4100,4.2800,4.2800,4.3500,14195159,61491088.0000,3,1.488943,1,-1.609189,0
2013-06-03,sz.000680,4.2700,4.3200,4.2300,4.3100,4.2800,8767239,37508428.0000,3,0.919604,1,0.700900,0
2013-06-04,sz.000680,4.3400,4.3400,4.1400,4.1700,4.3100,12793009,53870592.0000,3,1.341871,1,-3.248300,0
2013-06-05,sz.000680,4.1800,4.1900,4.1200,4.1500,4.1700,7863851,32567556.0000,3,0.824847,1,-0.479600,0
2013-06-06,sz.000680,4.1300,4.1900,4.1100,4.1200,4.1500,7509772,31178290.0000,3,0.787707,1,-0.722900,0
2013-06-07,sz.000680,4.1200,4.1500,4.0000,4.0400,4.1200,10819679,44016116.0000,3,1.134886,1,-1.941700,0
2013-06-13,sz.000680,4.0000,4.0100,3.8400,3.8700,4.0400,7826189,30465968.0000,3,0.820896,1,-4.207900,0
2013-06-14,sz.000680,3.8900,3.9100,3.8700,3.9000,3.8700,5064120,19727596.0000,3,0.531180,1,0.775200,0
2013-06-17,sz.000680,3.9300,3.9400,3.8800,3.9100,3.9000,5502905,21491104.0000,3,0.577205,1,0.256400,0
2013-06-18,sz.000680,3.9100,3.9300,3.8400,3.8800,3.9100,4703947,18298212.0000,3,0.493401,1,-0.767300,0
2013-06-19,sz.000680,3.8600,3.8700,3.7300,3.8600,3.8800,7096076,27007934.0000,3,0.744314,1,-0.515500,0
2013-06-20,sz.000680,3.8600,3.8700,3.7500,3.7600,3.8600,5015674,19046800.0000,3,0.526099,1,-2.590700,0
2013-06-21,sz.000680,3.7300,3.7600,3.6900,3.7300,3.7600,6033786,22472294.0000,3,0.632889,1,-0.797900,0
2013-06-24,sz.000680,3.7300,3.7500,3.4000,3.5000,3.7300,9590593,34708584.0000,3,1.005966,1,-6.166200,0
2013-06-25,sz.000680,3.5000,3.5000,3.1600,3.3800,3.5000,10308126,34570892.0000,3,1.081229,1,-3.428600,0
2013-06-26,sz.000680,3.3800,3.4700,3.3600,3.4100,3.3800,6326918,21544402.0000,3,0.663636,1,0.887600,0
2013-06-27,sz.000680,3.4300,3.5100,3.3400,3.3500,3.4100,11868585,40847844.0000,3,1.244907,1,-1.759500,0
2013-06-28,sz.000680,3.3100,3.4400,3.3100,3.3400,3.3500,8065870,27104106.0000,3,0.846037,1,-0.298500,0
2013-07-01,sz.000680,3.3200,3.3600,3.2600,3.3000,3.3400,10216707,33774416.0000,3,1.071640,1,-1.197600,0
2013-07-02,sz.000680,3.3100,3.3400,3.2200,3.3400,3.3000,12519047,41070776.0000,3,1.313135,1,1.212100,0
2013-07-03,sz.000680,3.3100,3.3100,3.2600,3.3000,3.3400,11415391,37552712.0000,3,1.197371,1,-1.197600,0
2013-07-04,sz.000680,3.2900,3.4300,3.2300,3.3600,3.3000,17790894,59588728.0000,3,1.866103,1,1.818200,0
2013-07-05,sz.000680,3.3500,3.3900,3.3200,3.3400,3.3600,12732835,42691152.0000,3,1.335559,1,-0.595200,0
2013-07-08,sz.000680,3.3000,3.3000,3.1600,3.1700,3.3400,10040396,32224802.0000,3,1.053146,1,-5.089800,0
2013-07-09,sz.000680,3.1600,3.2400,3.1500,3.2300,3.1700,7255693,23284698.0000,3,0.761056,1,1.892700,0
2013-07-10,sz.000680,3.2300,3.3600,3.2100,3.3500,3.2300,8014179,26353960.0000,3,0.840615,1,3.715200,0
2013-07-11,sz.000680,3.3900,3.6800,3.3500,3.5500,3.3500,23366580,82141440.0000,3,2.450942,1,5.970100,0
2013-07-12,sz.000680,3.5200,3.5800,3.4300,3.4300,3.5500,13744748,47924352.0000,3,1.441699,1,-3.380300,0
2013-07-15,sz.000680,3.4300,3.5200,3.3800,3.4600,3.4300,7267821,25135148.0000,3,0.762329,1,0.874600,0
2013-07-16,sz.000680,3.4500,3.5000,3.3800,3.4800,3.4600,8709715,30031424.0000,3,0.913570,1,0.578000,0
2013-07-17,sz.000680,3.4700,3.5100,3.4200,3.4200,3.4800,8131929,28132688.0000,3,0.852966,1,-1.724100,0
2013-07-18,sz.000680,3.4000,3.4300,3.3300,3.3600,3.4200,7947453,26734682.0000,3,0.833616,1,-1.754400,0
2013-07-19,sz.000680,3.3600,3.3900,3.2200,3.2400,3.3600,9266502,30644836.0000,3,0.971972,1,-3.571400,0
2013-07-22,sz.000680,3.2300,3.2600,3.1800,3.2500,3.2400,6164427,19854280.0000,3,0.646592,1,0.308600,0
2013-07-23,sz.000680,3.2600,3.3600,3.2500,3.3500,3.2500,8447703,28078716.0000,3,0.886087,1,3.076900,0
2013-07-24,sz.000680,3.3400,3.3500,3.2600,3.3100,3.3500,7366297,24308432.0000,3,0.772658,1,-1.194000,0
2013-07-25,sz.000680,3.3300,3.3700,3.3000,3.3200,3.3100,8327453,27737966.0000,3,0.873474,1,0.302100,0
2013-07-26,sz.000680,3.2900,3.3200,3.2500,3.2900,3.3200,4824981,15823214.0000,3,0.506097,1,-0.903600,0
2013-07-29,sz.000680,3.2600,3.2600,3.1000,3.1300,3.2900,13442219,42749296.0000,3,1.409967,1,-4.863200,0
2013-07-30,sz.000680,3.1400,3.2100,3.1100,3.1700,3.1300,6960656,22003216.0000,3,0.730110,1,1.278000,0
2013-07-31,sz.000680,3.1800,3.2200,3.1700,3.1900,3.1700,4823693,15402827.0000,3,0.505962,1,0.630900,0
2013-08-01,sz.000680,3.2000,3.2600,3.1900,3.2500,3.1900,7131678,23069848.0000,3,0.748048,1,1.880900,0
2013-08-02,sz.000680,3.2600,3.2900,3.2500,3.2500,3.2500,7434379,24256484.0000,3,0.779799,1,0.000000,0
2013-08-05,sz.000680,3.2400,3.3000,3.2200,3.3000,3.2500,9700924,31679912.0000,3,1.017539,1,1.538500,0
2013-08-06,sz.000680,3.2900,3.4500,3.2500,3.4200,3.3000,19238977,64627664.0000,3,2.017994,1,3.636400,0
2013-08-07,sz.000680,3.3800,3.4100,3.3500,3.3600,3.4200,13276489,44768232.0000,3,1.392583,1,-1.754400,0
2013-08-08,sz.000680,3.3400,3.3900,3.3200,3.3500,3.3600,8028655,26920620.0000,3,0.842133,1,-0.297600,0
2013-08-09,sz.000680,3.3500,3.3900,3.3200,3.3700,3.3500,7413698,24884994.0000,3,0.777630,1,0.597000,0
2013-08-12,sz.000680,3.3700,3.4600,3.3600,3.4600,3.3700,16829489,57644668.0000,3,1.765261,1,2.670600,0
2013-08-13,sz.000680,3.4800,3.6000,3.4500,3.5000,3.4600,23763001,83648800.0000,3,2.492523,1,1.156100,0
2013-08-14,sz.000680,3.5000,3.5300,3.4300,3.4500,3.5000,17875326,62400104.0000,3,1.874960,1,-1.428600,0
2013-08-15,sz.000680,3.4600,3.4700,3.4000,3.4000,3.4500,10145163,34825720.0000,3,1.064136,1,-1.449300,0
2013-08-16,sz.000680,3.3800,3.5600,3.3500,3.3900,3.4000,17227125,59326024.0000,3,1.806969,1,-0.294100,0
2013-08-19,sz.000680,3.3500,3.4300,3.3400,3.4100,3.3900,7611832,25812920.0000,3,0.798412,1,0.590000,0
2013-08-20,sz.000680,3.4100,3.4200,3.3600,3.3800,3.4100,7834950,26534232.0000,3,0.821815,1,-0.879800,0
2013-08-21,sz.000680,3.3700,3.4000,3.3400,3.3800,3.3800,6720526,22612700.0000,3,0.704922,1,0.000000,0
2013-08-22,sz.000680,3.3700,3.4000,3.3500,3.3500,3.3800,6745022,22741756.0000,3,0.707492,1,-0.887600,0
2013-08-23,sz.000680,3.3600,3.3800,3.2800,3.3100,3.3500,7777723,25954632.0000,3,0.815813,1,-1.194000,0
2013-08-26,sz.000680,3.3100,3.3900,3.3000,3.3900,3.3100,7330597,24620292.0000,3,0.768913,1,2.416900,0
2013-08-27,sz.000680,3.3900,3.4900,3.3800,3.4700,3.3900,16677038,57432416.0000,3,1.749270,1,2.359900,0
2013-08-28,sz.000680,3.4400,3.4900,3.4100,3.4600,3.4700,11726780,40519924.0000,3,1.230033,1,-0.288200,0
2013-08-29,sz.000680,3.4600,3.4900,3.4200,3.4900,3.4600,12619094,43753628.0000,3,1.323629,1,0.867100,0
2013-08-30,sz.000680,3.4800,3.5600,3.4600,3.5000,3.4900,24341871,85668560.0000,3,2.553242,1,0.286500,0
2013-09-02,sz.000680,3.4800,3.8000,3.4100,3.6200,3.5000,44190075,159948032.0000,3,4.635138,1,3.428600,0
2013-09-03,sz.000680,3.5600,3.6500,3.5500,3.6300,3.6200,25136584,90601536.0000,3,2.636600,1,0.276200,0
2013-09-04,sz.000680,3.6300,3.6900,3.6000,3.6200,3.6300,18920300,68754640.0000,3,1.984568,1,-0.275500,0
2013-09-05,sz.000680,3.6000,3.6200,3.5300,3.5300,3.6200,13454747,47880696.0000,3,1.411281,1,-2.486200,0
2013-09-06,sz.000680,3.5400,3.5900,3.5300,3.5500,3.5300,8607227,30609462.0000,3,0.902820,1,0.566600,0
2013-09-09,sz.000680,3.5800,3.6800,3.5600,3.6300,3.5500,20228092,73383856.0000,3,2.121743,1,2.253500,0
2013-09-10,sz.000680,3.6900,3.7800,3.6800,3.7500,3.6300,33387839,124534176.0000,3,3.502082,1,3.305800,0
2013-09-11,sz.000680,3.8000,4.0500,3.7700,3.9100,3.7500,57040631,222949928.0000,3,5.983045,1,4.266700,0
2013-09-12,sz.000680,3.8600,3.8600,3.7600,3.8000,3.9100,24470049,93316602.0000,3,2.566686,1,-2.813300,0
2013-09-13,sz.000680,3.8000,3.8600,3.7400,3.7700,3.8000,15635439,59110196.0000,3,1.640016,1,-0.789500,0
2013-09-16,sz.000680,3.7600,3.8200,3.7400,3.7700,3.7700,10071586,38036337.0000,3,1.056418,1,0.000000,0
2013-09-17,sz.000680,3.7800,3.7900,3.6200,3.6200,3.7700,15665941,57794720.0000,3,1.643215,1,-3.978800,0
2013-09-18,sz.000680,3.6300,3.6700,3.6100,3.6600,3.6200,7991843,29087081.0000,3,0.838272,1,1.105000,0
2013-09-23,sz.000680,3.6700,3.7300,3.6700,3.7000,3.6600,10524338,38873506.0000,3,1.103908,1,1.092900,0
2013-09-24,sz.000680,3.7100,3.7100,3.6200,3.6300,3.7000,11632985,42371071.0000,3,1.220195,1,-1.891900,0
2013-09-25,sz.000680,3.6300,3.6600,3.5600,3.5800,3.6300,13939426,50381700.0000,3,1.462119,1,-1.377400,0
2013-09-26,sz.000680,3.5800,3.5800,3.4700,3.4900,3.5800,10843799,38146180.0000,3,1.137416,1,-2.514000,0
2013-09-27,sz.000680,3.4900,3.5300,3.4800,3.5100,3.4900,7354828,25782110.0000,3,0.771455,1,0.573100,0
2013-09-30,sz.000680,3.5100,3.5500,3.5000,3.5300,3.5100,5314423,18725664.0000,3,0.557435,1,0.569800,0
2013-10-08,sz.000680,3.5300,3.6100,3.4900,3.6000,3.5300,7956667,28423113.0000,3,0.834582,1,1.983000,0
2013-10-09,sz.000680,3.5800,3.6200,3.5700,3.6100,3.6000,6643381,23946397.0000,3,0.696830,1,0.277800,0
2013-10-10,sz.000680,3.6100,3.6200,3.5500,3.5700,3.6100,8872787,31701422.0000,3,0.930675,1,-1.108000,0
2013-10-11,sz.000680,3.5800,3.6600,3.5700,3.6400,3.5700,10961365,39675526.0000,3,1.149748,1,1.960800,0
2013-10-14,sz.000680,3.6400,3.7100,3.6300,3.6800,3.6400,13231521,48723195.0000,3,1.387867,1,1.098900,0
2013-10-15,sz.000680,3.6800,3.9000,3.6000,3.8200,3.6800,29122382,109378583.0000,3,3.054674,1,3.804300,0
2013-10-16,sz.000680,3.7700,3.7900,3.6500,3.6600,3.8200,20234059,74886372.0000,3,2.122369,1,-4.188500,0
2013-10-17,sz.000680,3.6700,3.7300,3.6500,3.6700,3.6600,10294349,38050742.0000,3,1.079784,1,0.273200,0
2013-10-18,sz.000680,3.6800,3.6900,3.6200,3.6600,3.6700,7637678,27925023.0000,3,0.801123,1,-0.272500,0
2013-10-21,sz.000680,3.6700,3.7000,3.6200,3.7000,3.6600,10339440,37851882.0000,3,1.084513,1,1.092900,0
2013-10-22,sz.000680,3.6800,3.7600,3.6600,3.7000,3.7000,14359766,53167191.0000,3,1.506209,1,0.000000,0
2013-10-23,sz.000680,3.7000,3.7300,3.5900,3.6100,3.7000,13007196,47455961.0000,3,1.364337,1,-2.432400,0
2013-10-24,sz.000680,3.6100,3.6100,3.5300,3.5300,3.6100,9343344,33310136.0000,3,0.980032,1,-2.216100,0
2013-10-25,sz.000680,3.5300,3.5600,3.4900,3.5000,3.5300,8227036,28930553.0000,3,0.862941,1,-0.849900,0
2013-10-28,sz.000680,3.4900,3.5300,3.4700,3.4900,3.5000,6285316,22010106.0000,3,0.659273,1,-0.285700,0
2013-10-29,sz.000680,3.4800,3.4800,3.3100,3.3600,3.4900,12214879,41382228.0000,3,1.281230,1,-3.724900,0
2013-10-30,sz.000680,3.3600,3.4200,3.3300,3.4100,3.3600,7140138,24096478.0000,3,0.748936,1,1.488100,0
2013-10-31,sz.000680,3.4000,3.4200,3.3600,3.3800,3.4100,4748204,16088267.0000,3,0.498044,1,-0.879800,0
2013-11-01,sz.000680,3.3600,3.4000,3.3400,3.3800,3.3800,3503639,11800787.0000,3,0.367500,1,0.000000,0
2013-11-04,sz.000680,3.3800,3.4100,3.3800,3.4000,3.3800,3337242,11317142.0000,3,0.350046,1,0.591700,0
2013-11-05,sz.000680,3.4000,3.4400,3.3500,3.4400,3.4000,6634657,22571863.0000,3,0.695915,1,1.176500,0
2013-11-06,sz.000680,3.4400,3.5800,3.3900,3.4700,3.4400,16005843,56016801.0000,3,1.678868,1,0.872100,0
2013-11-07,sz.000680,3.4500,3.4700,3.3900,3.4000,3.4700,9267541,31730984.0000,3,0.972081,1,-2.017300,0
2013-11-08,sz.000680,3.3700,3.4000,3.3000,3.3300,3.4000,9091263,30525233.0000,3,0.953591,1,-2.058800,0
2013-11-11,sz.000680,3.3500,3.3600,3.3000,3.3400,3.3300,4837233,16121734.0000,3,0.507382,1,0.300300,0
2013-11-12,sz.000680,3.3400,3.3800,3.3300,3.3700,3.3400,3775865,12671719.0000,3,0.396054,1,0.898200,0
2013-11-13,sz.000680,3.3600,3.3600,3.2700,3.2800,3.3700,5269455,17477625.0000,3,0.552718,1,-2.670600,0
2013-11-14,sz.000680,3.2800,3.3200,3.2700,3.3000,3.2800,4131777,13611476.0000,3,0.433386,1,0.609800,0
2013-11-15,sz.000680,3.3000,3.4200,3.3000,3.3500,3.3000,12033512,40557638.0000,3,1.262206,1,1.515200,0
2013-11-18,sz.000680,3.3900,3.4400,3.3600,3.4300,3.3500,8410316,28622942.0000,3,0.882166,1,2.388100,0
2013-11-19,sz.000680,3.4300,3.4700,3.4100,3.4200,3.4300,6920208,23738557.0000,3,0.725867,1,-0.291500,0
2013-11-20,sz.000680,3.4100,3.4400,3.4000,3.4300,3.4200,7887541,26945007.0000,3,0.827332,1,0.292400,0
2013-11-21,sz.000680,3.4200,3.4300,3.3800,3.4100,3.4300,6997148,23802259.0000,3,0.733937,1,-0.583100,0
2013-11-22,sz.000680,3.4200,3.4200,3.3800,3.4000,3.4100,5954205,20210941.0000,3,0.624542,1,-0.293300,0
2013-11-25,sz.000680,3.3900,3.4100,3.3600,3.3700,3.4000,6952959,23541749.0000,3,0.729302,1,-0.882400,0
2013-11-26,sz.000680,3.3700,3.3900,3.3000,3.3400,3.3700,7145145,23916371.0000,3,0.749461,1,-0.890200,0
2013-11-27,sz.000680,3.3400,3.3800,3.3100,3.3800,3.3400,11906199,39826387.0000,3,1.248852,1,1.197600,0
2013-11-28,sz.000680,3.3800,3.4500,3.3700,3.4200,3.3800,17366300,59273946.0000,3,1.821567,1,1.183400,0
2013-11-29,sz.000680,3.4300,3.4400,3.4000,3.4100,3.4200,7447540,25460295.0000,3,0.781179,1,-0.292400,0
2013-12-02,sz.000680,3.3700,3.3800,3.2000,3.2600,3.4100,27031365,89004061.0000,3,2.835345,1,-4.398800,0
2013-12-03,sz.000680,3.2600,3.3200,3.2300,3.3100,3.2600,10148978,33329231.0000,3,1.064536,1,1.533700,0
2013-12-04,sz.000680,3.3000,3.4400,3.2900,3.4000,3.3100,19401813,65547199.0000,3,2.035074,1,2.719000,0
2013-12-05,sz.000680,3.3800,3.4100,3.3600,3.4000,3.4000,10657287,36122940.0000,3,1.117853,1,0.000000,0
2013-12-06,sz.000680,3.3800,3.4100,3.3600,3.3800,3.4000,7742034,26162552.0000,3,0.812069,1,-0.588200,0
2013-12-09,sz.000680,3.4000,3.4100,3.3700,3.3900,3.3800,6798467,23016442.0000,3,0.713098,1,0.295900,0
2013-12-10,sz.000680,3.4000,3.4300,3.3800,3.4000,3.3900,9642124,32828884.0000,3,1.011371,1,0.295000,0
2013-12-11,sz.000680,3.3900,3.3900,3.3100,3.3500,3.4000,8451916,28230423.0000,3,0.886529,1,-1.470600,0
2013-12-12,sz.000680,3.3100,3.3600,3.3100,3.3600,3.3500,5122001,17092472.0000,3,0.537251,1,0.298500,0
2013-12-13,sz.000680,3.3400,3.3600,3.3300,3.3500,3.3600,4729906,15830053.0000,3,0.496124,1,-0.297600,0
2013-12-16,sz.000680,3.3700,3.3700,3.2900,3.3000,3.3500,6387891,21185281.0000,3,0.670032,1,-1.492500,0
2013-12-17,sz.000680,3.3000,3.3100,3.2400,3.2800,3.3000,6735269,21994014.0000,3,0.706469,1,-0.606100,0
2013-12-18,sz.000680,3.2700,3.2800,3.2500,3.2700,3.2800,4319470,14088987.0000,3,0.453073,1,-0.304900,0
2013-12-19,sz.000680,3.2700,3.3000,3.2500,3.2700,3.2700,4376375,14303339.0000,3,0.459042,1,0.000000,0
2013-12-20,sz.000680,3.2600,3.2700,3.1700,3.1800,3.2700,8005472,25722253.0000,3,0.839701,1,-2.752300,0
2013-12-23,sz.000680,3.2000,3.2000,3.1500,3.1800,3.1800,4030726,12789050.0000,3,0.422787,1,0.000000,0
2013-12-24,sz.000680,3.2000,3.2000,3.1600,3.1800,3.1800,4803377,15287469.0000,3,0.503831,1,0.000000,0
2013-12-25,sz.000680,3.1800,3.2000,3.1700,3.1900,3.1800,3852510,12255749.0000,3,0.404093,1,0.314500,0
2013-12-26,sz.000680,3.1900,3.1900,3.1100,3.1400,3.1900,7331905,23006266.0000,3,0.769050,1,-1.567400,0
2013-12-27,sz.000680,3.1300,3.1900,3.1200,3.1800,3.1400,4700141,14857053.0000,3,0.493002,1,1.273900,0
2013-12-30,sz.000680,3.1800,3.1900,3.1500,3.1600,3.1800,3799761,12037931.0000,3,0.398560,1,-0.628900,0
2013-12-31,sz.000680,3.1500,3.2000,3.1300,3.1800,3.1600,3953476,12530403.0000,3,0.414684,1,0.632900,0
2014-01-02,sz.000680,3.1800,3.1900,3.1600,3.1800,3.1800,3665068,11625135.0000,3,0.384433,1,0.000000,0
2014-01-03,sz.000680,3.1700,3.1700,3.1400,3.1500,3.1800,4259726,13424178.0000,3,0.446807,1,-0.943400,0
2014-01-06,sz.000680,3.1500,3.1500,3.0600,3.0700,3.1500,6892671,21256728.0000,3,0.722980,1,-2.539700,0
2014-01-07,sz.000680,3.0600,3.0800,3.0300,3.0500,3.0700,3362346,10280137.0000,3,0.352680,1,-0.651500,0
2014-01-08,sz.000680,3.0500,3.0800,2.9900,3.0000,3.0500,6238833,18897442.0000,3,0.654398,1,-1.639300,0
2014-01-09,sz.000680,3.0000,3.0200,2.9500,2.9500,3.0000,6318796,18877884.0000,3,0.662785,1,-1.666700,0
2014-01-10,sz.000680,2.9600,2.9700,2.8900,2.9000,2.9500,6036330,17626969.0000,3,0.633157,1,-1.694900,0
2014-01-13,sz.000680,2.9000,2.9300,2.8900,2.9100,2.9000,4219796,12269384.0000,3,0.442619,1,0.344800,0
2014-01-14,sz.000680,2.9100,2.9400,2.8800,2.9300,2.9100,4559839,13293209.0000,3,0.478286,1,0.687300,0
2014-01-15,sz.000680,2.9400,2.9400,2.9000,2.9300,2.9300,3481260,10162269.0000,3,0.365153,1,0.000000,0
2014-01-16,sz.000680,2.9300,2.9600,2.9000,2.9300,2.9300,4662383,13709962.0000,3,0.489042,1,0.000000,0
2014-01-17,sz.000680,2.9200,2.9300,2.8900,2.9000,2.9300,3833772,11131915.0000,3,0.402128,1,-1.023900,0
2014-01-20,sz.000680,2.8900,2.9200,2.8800,2.9100,2.9000,2613151,7581926.0000,3,0.274096,1,0.344800,0
2014-01-21,sz.000680,2.9100,2.9600,2.9000,2.9400,2.9100,3337338,9793246.0000,3,0.350057,1,1.030900,0
2014-01-22,sz.000680,2.9400,3.0000,2.9400,2.9900,2.9400,4829558,14404014.0000,3,0.506577,1,1.700700,0
2014-01-23,sz.000680,2.9900,3.0400,2.9900,3.0100,2.9900,5826565,17583505.0000,3,0.611155,1,0.668900,0
2014-01-24,sz.000680,2.9900,3.0400,2.9900,3.0100,3.0100,5724370,17267504.0000,3,0.600435,1,0.000000,0
2014-01-27,sz.000680,2.9900,3.0100,2.9800,2.9900,3.0100,4772022,14287104.0000,3,0.500542,1,-0.664500,0
2014-01-28,sz.000680,2.9900,3.0000,2.9700,2.9700,2.9900,3040656,9065613.0000,3,0.318938,1,-0.668900,0
2014-01-29,sz.000680,2.9000,2.9300,2.8800,2.9200,2.9700,8743416,25407184.0000,3,0.917106,1,-1.683500,0
2014-01-30,sz.000680,2.9200,2.9200,2.8800,2.9000,2.9200,4208052,12218669.0000,3,0.441387,1,-0.684900,0
2014-02-07,sz.000680,2.8900,2.9900,2.8900,2.9900,2.9000,8458992,24991676.0000,3,0.887273,1,3.103400,0
2014-02-10,sz.000680,2.9900,3.0500,2.9900,3.0400,2.9900,7012688,21259034.0000,3,0.735568,1,1.672200,0
2014-02-11,sz.000680,3.0200,3.1400,3.0100,3.0600,3.0400,12468554,38172336.0000,3,1.307840,1,0.657900,0
2014-02-12,sz.000680,3.0500,3.0700,3.0200,3.0500,3.0600,9092777,27674651.0000,3,0.953751,1,-0.326800,0
2014-02-13,sz.000680,3.0400,3.0800,3.0300,3.0400,3.0500,7493975,22899836.0000,3,0.786051,1,-0.327900,0
2014-02-14,sz.000680,3.0300,3.0800,3.0300,3.0600,3.0400,6364700,19420840.0000,3,0.667600,1,0.657900,0
2014-02-17,sz.000680,3.0800,3.0800,3.0400,3.0700,3.0600,8345027,25544256.0000,3,0.875319,1,0.326800,0
2014-02-18,sz.000680,3.0600,3.0700,3.0300,3.0300,3.0700,8155747,24857027.0000,3,0.855465,1,-1.302900,0
2014-02-19,sz.000680,3.0300,3.0800,3.0100,3.0700,3.0300,10305104,31421577.0000,3,1.080913,1,1.320100,0
2014-02-20,sz.000680,3.0700,3.1600,3.0400,3.1000,3.0700,20029264,62183484.0000,3,2.100891,1,0.977200,0
2014-02-21,sz.000680,3.0900,3.0900,3.0100,3.0100,3.1000,10419913,31714694.0000,3,1.092956,1,-2.903200,0
2014-02-24,sz.000680,3.0100,3.0200,2.9300,2.9300,3.0100,9041787,26740376.0000,3,0.948403,1,-2.657800,0
2014-02-25,sz.000680,2.9300,2.9600,2.8800,2.8900,2.9300,9280149,27093711.0000,3,0.973405,1,-1.365200,0
2014-02-26,sz.000680,2.9000,2.9200,2.8900,2.9100,2.8900,5517319,16003754.0000,3,0.578717,1,0.692000,0
2014-02-27,sz.000680,2.9200,2.9300,2.8900,2.9100,2.9100,7594939,22091184.0000,3,0.796641,1,0.000000,0
2014-02-28,sz.000680,2.8900,2.9300,2.8800,2.9200,2.9100,8657197,25106284.0000,3,0.908063,1,0.343600,0
2014-03-03,sz.000680,2.9200,2.9500,2.9000,2.9300,2.9200,7856398,22998473.0000,3,0.824066,1,0.342500,0
2014-03-04,sz.000680,2.9200,2.9600,2.9000,2.9600,2.9300,9396707,27579616.0000,3,0.985631,1,1.023900,0
2014-03-05,sz.000680,2.9600,2.9700,2.9300,2.9400,2.9600,7163454,21109185.0000,3,0.751382,1,-0.675700,0
2014-03-06,sz.000680,2.9200,2.9500,2.9100,2.9300,2.9400,5839718,17084988.0000,3,0.612534,1,-0.340100,0
2014-03-07,sz.000680,2.9300,2.9500,2.9000,2.9100,2.9300,5902660,17246609.0000,3,0.619136,1,-0.682600,0
2014-03-10,sz.000680,2.9000,2.9000,2.7800,2.8000,2.9100,12431099,35206385.0000,3,1.303911,1,-3.780100,0
2014-03-11,sz.000680,2.8000,2.8300,2.7800,2.7900,2.8000,5150713,14411401.0000,3,0.540264,1,-0.357100,0
2014-03-12,sz.000680,2.8000,2.8400,2.7800,2.8200,2.7900,5102436,14339958.0000,3,0.535200,1,1.075300,0
2014-03-13,sz.000680,2.8300,2.8700,2.8100,2.8400,2.8200,5443924,15491683.0000,3,0.571019,1,0.709200,0
2014-03-14,sz.000680,2.8700,3.0200,2.8600,2.9100,2.8400,18221914,53712708.0000,3,1.911316,1,2.464800,0
2014-03-17,sz.000680,2.8800,2.9200,2.8500,2.9100,2.9100,8337052,24092045.0000,3,0.874482,1,0.000000,0
2014-03-18,sz.000680,2.9000,2.9100,2.8800,2.8900,2.9100,6141152,17753819.0000,3,0.644152,1,-0.687300,0
2014-03-19,sz.000680,2.8900,2.8900,2.8500,2.8900,2.8900,5467706,15693525.0000,3,0.573514,1,0.000000,0
2014-03-20,sz.000680,2.8900,2.9100,2.8400,2.8400,2.8900,5676567,16325755.0000,3,0.595421,1,-1.730100,0
2014-03-21,sz.000680,2.8500,2.9200,2.8100,2.9100,2.8400,9569718,27526023.0000,3,1.003778,1,2.464800,0
2014-03-24,sz.000680,2.9100,3.0000,2.9000,2.9600,2.9100,14402411,42508679.0000,3,1.510684,1,1.718200,0
2014-03-25,sz.000680,2.9500,2.9900,2.9400,2.9600,2.9600,9338514,27637145.0000,3,0.979527,1,0.000000,0
2014-03-26,sz.000680,2.9600,2.9700,2.9400,2.9400,2.9600,5250454,15488842.0000,3,0.550726,1,-0.675700,0
2014-03-27,sz.000680,2.9400,2.9600,2.9200,2.9200,2.9400,6407134,18873033.0000,3,0.672051,1,-0.680300,0
2014-03-28,sz.000680,2.9200,2.9400,2.9100,2.9300,2.9200,5972826,17462322.0000,3,0.626496,1,0.342500,0
2014-03-31,sz.000680,2.9300,2.9400,2.8900,2.9000,2.9300,4998149,14545891.0000,3,0.524261,1,-1.023900,0
2014-04-01,sz.000680,2.8900,2.9400,2.8900,2.9400,2.9000,7007131,20453163.0000,3,0.734985,1,1.379300,0
2014-04-02,sz.000680,2.9400,2.9800,2.9300,2.9800,2.9400,10257850,30435181.0000,3,1.075957,1,1.360500,0
2014-04-03,sz.000680,2.9900,3.0100,2.9500,2.9600,2.9800,13283488,39624013.0000,3,1.393319,1,-0.671100,0
2014-04-04,sz.000680,2.9400,3.0100,2.9300,2.9900,2.9600,10251494,30555695.0000,3,1.075290,1,1.013500,0
2014-04-08,sz.000680,2.9800,3.0300,2.9700,3.0300,2.9900,11099811,33383256.0000,3,1.164271,1,1.337800,0
2014-04-09,sz.000680,3.0100,3.0300,2.9900,3.0100,3.0300,9363492,28166891.0000,3,0.982147,1,-0.660100,0
2014-04-10,sz.000680,3.0000,3.0500,2.9800,3.0200,3.0100,14958413,45052655.0000,3,1.569004,1,0.332200,0
2014-04-11,sz.000680,3.0100,3.0100,2.9700,2.9800,3.0200,7107116,21234360.0000,3,0.745473,1,-1.324500,0
2014-04-14,sz.000680,2.9800,2.9900,2.9600,2.9900,2.9800,6393168,19040861.0000,3,0.670586,1,0.335600,0
2014-04-15,sz.000680,2.9800,3.0000,2.9600,2.9800,2.9900,6996501,20852217.0000,3,0.733870,1,-0.334400,0
2014-04-16,sz.000680,2.9800,2.9900,2.9700,2.9800,2.9800,4316249,12848746.0000,3,0.452044,1,0.000000,0
2014-04-17,sz.000680,2.9800,2.9900,2.9600,2.9600,2.9800,5749197,17056536.0000,3,0.602118,1,-0.671100,0
2014-04-18,sz.000680,2.9600,2.9800,2.9500,2.9600,2.9600,4432770,13122608.0000,3,0.464248,1,0.000000,0
2014-04-21,sz.000680,2.9500,2.9600,2.9100,2.9200,2.9600,7094727,20822277.0000,3,0.743036,1,-1.351400,0
2014-04-22,sz.000680,2.9100,2.9300,2.8800,2.9000,2.9200,4695494,13634385.0000,3,0.491763,1,-0.684900,0
2014-04-23,sz.000680,2.9000,2.9200,2.8800,2.8900,2.9000,3547925,10276078.0000,3,0.371577,1,-0.344800,0
2014-04-24,sz.000680,2.9000,2.9100,2.8900,2.8900,2.8900,4208633,12203232.0000,3,0.440773,1,0.000000,0
2014-04-25,sz.000680,2.8800,2.9100,2.8700,2.8700,2.8900,5512807,15935019.0000,3,0.577361,1,-0.692000,0
2014-04-28,sz.000680,2.8700,2.8700,2.6600,2.7100,2.8700,14759295,40476692.0000,3,1.545753,1,-5.574900,0
2014-04-29,sz.000680,2.7200,2.7600,2.6900,2.7600,2.7100,8827133,23984520.0000,3,0.924473,1,1.845000,0
2014-04-30,sz.000680,2.7600,2.7700,2.7400,2.7500,2.7600,5130851,14129613.0000,3,0.537358,1,-0.362300,0
2014-05-05,sz.000680,2.7400,2.8000,2.7400,2.7900,2.7500,5398117,14938012.0000,3,0.565349,1,1.454500,0
2014-05-06,sz.000680,2.8000,2.8100,2.7800,2.7900,2.7900,5124300,14340711.0000,3,0.536672,1,0.000000,0
2014-05-07,sz.000680,2.7900,2.8000,2.7700,2.7800,2.7900,2856045,7950526.0000,3,0.299116,1,-0.358400,0
2014-05-08,sz.000680,2.7800,2.8600,2.7700,2.8200,2.7800,6408651,18066427.0000,3,0.671183,1,1.438800,0
2014-05-09,sz.000680,2.8200,2.8400,2.7800,2.8000,2.8200,4383648,12285102.0000,3,0.459103,1,-0.709200,0
2014-05-12,sz.000680,2.8300,3.0800,2.8100,2.9500,2.8000,24715364,73226861.0000,3,2.588460,1,5.357100,0
2014-05-13,sz.000680,2.9500,3.0200,2.9300,2.9600,2.9500,14193489,42153988.0000,3,1.486495,1,0.339000,0
2014-05-14,sz.000680,2.9400,2.9600,2.9100,2.9300,2.9600,5688818,16687706.0000,3,0.595794,1,-1.013500,0
2014-05-15,sz.000680,2.9400,2.9800,2.8700,2.8900,2.9300,7844290,22937605.0000,3,0.821539,1,-1.365200,0
2014-05-16,sz.000680,2.8900,3.0000,2.8700,2.9900,2.8900,18042874,53465901.0000,3,1.889645,1,3.460200,0
2014-05-19,sz.000680,2.9800,2.9800,2.9200,2.9500,2.9900,9455540,27876135.0000,3,0.990286,1,-1.337800,0
2014-05-20,sz.000680,2.9500,2.9800,2.9200,2.9400,2.9500,6775234,19999630.0000,3,0.709576,1,-0.339000,0
2014-05-21,sz.000680,2.9200,2.9900,2.9200,2.9900,2.9400,8259322,24524576.0000,3,0.865005,1,1.700700,0
2014-05-22,sz.000680,3.0000,3.0000,2.9400,2.9400,2.9900,8301198,24655843.0000,3,0.869391,1,-1.672200,0
2014-05-23,sz.000680,2.9300,2.9600,2.9200,2.9500,2.9400,5438526,16000042.0000,3,0.569581,1,0.340100,0
2014-05-26,sz.000680,2.9400,2.9700,2.9300,2.9500,2.9500,6415376,18908934.0000,3,0.671887,1,0.000000,0
2014-05-27,sz.000680,2.9400,2.9500,2.9100,2.9100,2.9500,6078695,17788571.0000,3,0.636627,1,-1.355900,0
2014-05-28,sz.000680,2.9100,2.9500,2.9100,2.9500,2.9100,8906718,26078391.0000,3,0.932808,1,1.374600,0
2014-05-29,sz.000680,2.9400,2.9500,2.9000,2.9000,2.9500,6170478,18039656.0000,3,0.646239,1,-1.694900,0
2014-05-30,sz.000680,2.9000,2.9200,2.8500,2.8600,2.9000,6812672,19555604.0000,3,0.713497,1,-1.379300,0
2014-06-03,sz.000680,2.8600,2.8800,2.8400,2.8500,2.8600,5023398,14365559.0000,3,0.526104,1,-0.349700,0
2014-06-04,sz.000680,2.8500,2.8500,2.8200,2.8300,2.8500,4140515,11718361.0000,3,0.433639,1,-0.701800,0
2014-06-05,sz.000680,2.8200,2.8800,2.8200,2.8700,2.8300,3311524,9453261.0000,3,0.346819,1,1.413400,0
2014-06-06,sz.000680,2.8700,2.8800,2.8400,2.8600,2.8700,2424703,6927706.0000,3,0.253941,1,-0.348400,0
2014-06-09,sz.000680,2.8600,2.8600,2.8100,2.8200,2.8600,4135348,11731886.0000,3,0.433098,1,-1.398600,0
2014-06-10,sz.000680,2.8300,2.8500,2.8100,2.8400,2.8200,3207622,9076319.0000,3,0.335937,1,0.709200,0
2014-06-11,sz.000680,2.8400,2.8400,2.8100,2.8300,2.8400,2907835,8225155.0000,3,0.304540,1,-0.352100,0
2014-06-12,sz.000680,2.8300,2.8800,2.8100,2.8700,2.8300,5496996,15712649.0000,3,0.575705,1,1.413400,0
2014-06-13,sz.000680,2.8600,2.8900,2.8400,2.8700,2.8700,5923308,16993906.0000,3,0.620353,1,0.000000,0
2014-06-16,sz.000680,2.8700,2.8900,2.8500,2.8700,2.8700,6282669,18022777.0000,3,0.657989,1,0.000000,0
2014-06-17,sz.000680,2.8700,2.8700,2.8300,2.8500,2.8700,3888050,11074117.0000,3,0.407199,1,-0.696900,0
2014-06-18,sz.000680,2.8400,2.8500,2.8200,2.8300,2.8500,5025442,14228113.0000,3,0.526319,1,-0.701800,0
2014-06-19,sz.000680,2.8300,2.8400,2.7400,2.7700,2.8300,7514851,20945668.0000,3,0.787036,1,-2.120100,0
2014-06-20,sz.000680,2.7500,2.7900,2.7500,2.7800,2.7700,4150662,11517075.0000,3,0.434702,1,0.361000,0
2014-06-23,sz.000680,2.7900,2.8100,2.7800,2.7900,2.7800,3008477,8410964.0000,3,0.315080,1,0.359700,0
2014-06-24,sz.000680,2.8000,2.8200,2.7800,2.8100,2.7900,2687324,7535042.0000,3,0.281446,1,0.716800,0
2014-06-25,sz.000680,2.8100,2.8200,2.7900,2.8000,2.8100,2769857,7764408.0000,3,0.290089,1,-0.355900,0
2014-06-26,sz.000680,2.8000,2.8400,2.8000,2.8300,2.8000,4678991,13203480.0000,3,0.490034,1,1.071400,0
2014-06-27,sz.000680,2.8300,2.8700,2.8200,2.8600,2.8300,5257677,14996985.0000,3,0.550641,1,1.060100,0
2014-06-30,sz.000680,2.8600,2.8800,2.8400,2.8500,2.8600,6086945,17402293.0000,3,0.637501,1,-0.349700,0
2014-07-01,sz.000680,2.8500,2.8800,2.8500,2.8700,2.8500,4804013,13762307.0000,3,0.503136,1,0.701800,0
2014-07-02,sz.000680,2.8800,2.9400,2.8600,2.9100,2.8700,10563997,30604755.0000,3,1.106394,1,1.393700,0
2014-07-03,sz.000680,2.9000,2.9400,2.8800,2.9300,2.9100,10701520,31221688.0000,3,1.120797,1,0.687300,0
2014-07-04,sz.000680,2.9300,3.0000,2.9200,2.9300,2.9300,15152091,44881756.0000,3,1.586916,1,0.000000,0
2014-07-07,sz.000680,2.9300,2.9400,2.9000,2.9200,2.9300,7513369,21904492.0000,3,0.786894,1,-0.341300,0
2014-07-08,sz.000680,2.9100,2.9200,2.8800,2.9200,2.9200,6414034,18598562.0000,3,0.671758,1,0.000000,0
2014-07-09,sz.000680,2.9100,2.9400,2.8800,2.9000,2.9200,7520920,21894767.0000,3,0.787685,1,-0.684900,0
2014-07-10,sz.000680,2.8900,2.9800,2.8800,2.9600,2.9000,13121715,38626031.0000,3,1.374270,1,2.069000,0
2014-07-11,sz.000680,2.9600,3.0600,2.9500,3.0100,2.9600,27908026,84154614.0000,3,2.922877,1,1.689200,0
2014-07-14,sz.000680,3.0100,3.0300,2.9500,3.0200,3.0100,18849438,56380083.0000,3,1.974149,1,0.332200,0
2014-07-15,sz.000680,3.0000,3.0700,2.9700,3.0500,3.0200,18824822,56982899.0000,3,1.971570,1,0.993400,0
2014-07-16,sz.000680,3.0300,3.0500,2.9800,3.0000,3.0500,15015764,45366887.0000,3,1.572638,1,-1.639300,0
2014-07-17,sz.000680,2.9900,3.0400,2.9900,3.0100,3.0000,10956498,33031419.0000,3,1.147501,1,0.333300,0
2014-07-18,sz.000680,3.0000,3.0500,2.9800,3.0200,3.0100,10205838,30865217.0000,3,1.068883,1,0.332200,0
2014-07-21,sz.000680,3.0200,3.0800,3.0100,3.0700,3.0200,18054453,55197334.0000,3,1.890888,1,1.655600,0
2014-07-22,sz.000680,3.0500,3.1100,3.0400,3.0700,3.0700,25859556,79686656.0000,3,2.708336,1,0.000000,0
2014-07-23,sz.000680,3.0600,3.1200,3.0500,3.1100,3.0700,24920578,76744462.0000,3,2.609994,1,1.302900,0
2014-07-24,sz.000680,3.1100,3.1200,3.0600,3.0800,3.1100,20198640,62408355.0000,3,2.115454,1,-0.964600,0
2014-07-25,sz.000680,3.0900,3.2300,3.0700,3.2000,3.0800,46219516,146019077.0000,3,4.840685,1,3.896100,0
2014-07-28,sz.000680,3.1900,3.3400,3.1700,3.3200,3.2000,48600329,157599108.0000,3,5.090034,1,3.750000,0
2014-07-29,sz.000680,3.3000,3.3200,3.2600,3.2800,3.3200,26012596,85398787.0000,3,2.724364,1,-1.204800,0
2014-07-30,sz.000680,3.2700,3.3100,3.2500,3.2500,3.2800,20429531,66842299.0000,3,2.139636,1,-0.914600,0
2014-07-31,sz.000680,3.2500,3.2600,3.2000,3.2500,3.2500,21687087,70004285.0000,3,2.271343,1,0.000000,0
2014-08-01,sz.000680,3.2400,3.2900,3.1900,3.2000,3.2500,24365558,78918223.0000,3,2.551866,1,-1.538500,0
2014-08-04,sz.000680,3.2200,3.2900,3.2100,3.2700,3.2000,23828647,77546664.0000,3,2.495634,1,2.187500,0
2014-08-05,sz.000680,3.2800,3.3500,3.2800,3.3100,3.2700,34432703,114232429.0000,3,3.606223,1,1.223200,0
2014-08-06,sz.000680,3.3000,3.3900,3.2600,3.3300,3.3100,30573172,101813268.0000,3,3.202004,1,0.604200,0
2014-08-07,sz.000680,3.3100,3.3300,3.2300,3.2400,3.3300,22662601,74425133.0000,3,2.373511,1,-2.702700,0
2014-08-08,sz.000680,3.2400,3.2600,3.2100,3.2300,3.2400,13063861,42182075.0000,3,1.368211,1,-0.308600,0
2014-08-11,sz.000680,3.2300,3.2800,3.2300,3.2700,3.2300,10597621,34582912.0000,3,1.109915,1,1.238400,0
2014-08-12,sz.000680,3.2700,3.2900,3.2500,3.2700,3.2700,15345400,50235056.0000,3,1.607162,1,0.000000,0
2014-08-13,sz.000680,3.2800,3.3000,3.2200,3.2700,3.2700,15249213,49771537.0000,3,1.597088,1,0.000000,0
2014-08-14,sz.000680,3.2600,3.3300,3.2500,3.2600,3.2700,23697596,77921620.0000,3,2.481908,1,-0.305800,0
2014-08-15,sz.000680,3.2600,3.3000,3.2600,3.2800,3.2600,12824078,42046524.0000,3,1.343098,1,0.613500,0
2014-08-18,sz.000680,3.2900,3.3600,3.2900,3.3500,3.2800,22131929,73693076.0000,3,2.317932,1,2.134100,0
2014-08-19,sz.000680,3.3600,3.3800,3.3200,3.3500,3.3500,24726684,82835548.0000,3,2.589687,1,0.000000,0
2014-08-20,sz.000680,3.3400,3.4200,3.3200,3.3900,3.3500,23136423,78039844.0000,3,2.423135,1,1.194000,0
2014-08-21,sz.000680,3.4000,3.4200,3.3500,3.3900,3.3900,21795605,73774326.0000,3,2.282708,1,0.000000,0
2014-08-22,sz.000680,3.3800,3.3900,3.3300,3.3700,3.3900,13745287,46209388.0000,3,1.439578,1,-0.590000,0
2014-08-25,sz.000680,3.3700,3.3700,3.3100,3.3400,3.3700,12898721,43035939.0000,3,1.350915,1,-0.890200,0
2014-08-26,sz.000680,3.3200,3.3400,3.1900,3.2000,3.3400,20803860,67816810.0000,3,2.178840,1,-4.191600,0
2014-08-27,sz.000680,3.2000,3.2400,3.1900,3.2200,3.2000,9402633,30267834.0000,3,0.984761,1,0.625000,0
2014-08-28,sz.000680,3.2200,3.2500,3.2000,3.2100,3.2200,11422940,36862314.0000,3,1.196353,1,-0.310600,0
2014-08-29,sz.000680,3.2000,3.2300,3.1900,3.2300,3.2100,6851872,22007371.0000,3,0.717614,1,0.623100,0
2014-09-01,sz.000680,3.2300,3.2800,3.2300,3.2800,3.2300,12752682,41534213.0000,3,1.335620,1,1.548000,0
2014-09-02,sz.000680,3.2800,3.3300,3.2700,3.3200,3.2800,12763497,42152158.0000,3,1.336753,1,1.219500,0
2014-09-03,sz.000680,3.3300,3.4000,3.3000,3.3700,3.3200,24463273,81982313.0000,3,2.562100,1,1.506000,0
2014-09-04,sz.000680,3.3600,3.3800,3.3400,3.3800,3.3700,14971116,50255338.0000,3,1.567962,1,0.296700,0
2014-09-05,sz.000680,3.3800,3.5400,3.3500,3.4700,3.3800,41554108,143091177.0000,3,4.352065,1,2.662700,0
2014-09-09,sz.000680,3.4700,3.6700,3.4500,3.6000,3.4700,57595448,205699387.0000,3,6.032115,1,3.746400,0
2014-09-10,sz.000680,3.6100,3.6500,3.5300,3.5900,3.6000,28418896,102142692.0000,3,2.976382,1,-0.277800,0
2014-09-11,sz.000680,3.6000,3.6600,3.5300,3.5700,3.5900,30656755,110315770.0000,3,3.210758,1,-0.557100,0
2014-09-12,sz.000680,3.5500,3.7800,3.5300,3.7200,3.5700,45880162,168147283.0000,3,4.805144,1,4.201700,0
2014-09-15,sz.000680,3.7300,3.8400,3.6900,3.8000,3.7200,46780701,177211053.0000,3,4.899459,1,2.150500,0
2014-09-16,sz.000680,3.8100,3.9100,3.6900,3.7000,3.8000,57759100,220880531.0000,3,6.049254,1,-2.631600,0
2014-09-17,sz.000680,3.7100,4.0700,3.6300,4.0700,3.7000,58814303,232895733.0000,3,6.159768,1,10.000000,0
2014-09-18,sz.000680,4.1600,4.4500,4.1000,4.1400,4.0700,128009344,542114576.0000,3,13.406737,1,1.719900,0
2014-09-19,sz.000680,4.0700,4.2300,4.0300,4.1400,4.1400,54541886,225058505.0000,3,5.712308,1,0.000000,0
2014-09-22,sz.000680,4.0700,4.1300,3.9500,3.9700,4.1400,45480182,183544414.0000,3,4.763253,1,-4.106300,0
2014-09-23,sz.000680,3.9600,4.0600,3.9200,4.0300,3.9700,31144012,124416735.0000,3,3.261790,1,1.511300,0
2014-09-24,sz.000680,3.9800,4.1400,3.9300,4.0800,4.0300,38370282,156049706.0000,3,4.018615,1,1.240700,0
2014-09-25,sz.000680,4.0800,4.2900,4.0600,4.1200,4.0800,50661687,211835652.0000,3,5.305925,1,0.980400,0
2014-09-26,sz.000680,4.1200,4.1600,4.0500,4.0800,4.1200,28977059,118479444.0000,3,3.034840,1,-0.970900,0
2014-09-29,sz.000680,4.0700,4.1700,4.0700,4.1300,4.0800,29366162,121173753.0000,3,3.075591,1,1.225500,0
2014-09-30,sz.000680,4.1300,4.2000,4.1300,4.1800,4.1300,30273576,126434444.0000,3,3.170627,1,1.210600,0
2014-10-08,sz.000680,4.1900,4.2500,4.1600,4.2500,4.1800,37613934,158402551.0000,3,3.939401,1,1.674600,0
2014-10-09,sz.000680,4.2500,4.2500,4.1400,4.2000,4.2500,39975002,167774826.0000,3,4.186682,1,-1.176500,0
2014-10-10,sz.000680,4.1700,4.2000,4.1100,4.1300,4.2000,31583315,131085519.0000,3,3.307799,1,-1.666700,0
2014-10-13,sz.000680,4.1100,4.1100,4.0200,4.1000,4.1300,25122550,102237740.0000,3,2.631147,1,-0.726400,0
2014-10-14,sz.000680,4.0900,4.1700,4.0700,4.0900,4.1000,21264365,87566549.0000,3,2.227070,1,-0.243900,0
2014-10-15,sz.000680,4.0700,4.1800,4.0400,4.1800,4.0900,28194520,116095750.0000,3,2.952882,1,2.200500,0
2014-10-16,sz.000680,4.1500,4.3400,4.1200,4.1600,4.1800,43772983,184746987.0000,3,4.584454,1,-0.478500,0
2014-10-17,sz.000680,4.1300,4.1600,3.9700,4.0500,4.1600,28704544,116771754.0000,3,3.006298,1,-2.644200,0
2014-10-20,sz.000680,4.0500,4.0700,4.0300,4.0700,4.0500,16063294,65088606.0000,3,1.682349,1,0.493800,0
2014-10-21,sz.000680,4.0700,4.0900,3.9800,3.9900,4.0700,16830905,67926350.0000,3,1.762743,1,-1.965600,0
2014-10-22,sz.000680,3.9600,4.0100,3.8400,3.8500,3.9900,22079594,86756752.0000,3,2.312451,1,-3.508800,0
2014-10-23,sz.000680,3.8500,3.8600,3.7000,3.7200,3.8500,24991804,93872040.0000,3,2.617454,1,-3.376600,0
2014-10-24,sz.000680,3.7000,3.7800,3.7000,3.7500,3.7200,12437491,46641657.0000,3,1.302609,1,0.806500,0
2014-10-27,sz.000680,3.7400,3.7900,3.7100,3.7800,3.7500,9422988,35491048.0000,3,0.986893,1,0.800000,0
2014-10-28,sz.000680,3.8000,3.9500,3.8000,3.9500,3.7800,20976620,81887499.0000,3,2.196934,1,4.497400,0
2014-10-29,sz.000680,3.9600,4.0700,3.9600,4.0600,3.9500,27028536,109090888.0000,3,2.830766,1,2.784800,0
2014-10-30,sz.000680,4.0500,4.0800,4.0100,4.0600,4.0600,22548047,91317724.0000,3,2.361513,1,0.000000,0
2014-10-31,sz.000680,4.0600,4.1300,4.0300,4.0900,4.0600,22323074,90875509.0000,3,2.337951,1,0.738900,0
2014-11-03,sz.000680,4.1100,4.2900,4.1000,4.1900,4.0900,50236495,210620803.0000,3,5.261393,1,2.445000,0
2014-11-04,sz.000680,4.3300,4.6100,4.3200,4.6100,4.1900,106811651,484903856.0000,3,11.186650,1,10.023900,0
2014-11-05,sz.000680,5.0000,5.0700,4.8000,5.0600,4.6100,289561584,1443863136.0000,3,30.326506,1,9.761400,0
2014-11-06,sz.000680,4.9500,4.9600,4.7600,4.9200,5.0600,144874875,705955344.0000,3,15.173106,1,-2.766800,0
2014-11-07,sz.000680,4.9300,4.9400,4.5900,4.6800,4.9200,114964979,549422448.0000,3,12.040569,1,-4.878100,0
2014-11-10,sz.000680,4.7600,4.8900,4.6500,4.8800,4.6800,101231849,487746944.0000,3,10.602264,1,4.273500,0
2014-11-11,sz.000680,4.8700,4.8900,4.5700,4.6500,4.8800,66381232,313772320.0000,3,6.952272,1,-4.713100,0
2014-11-12,sz.000680,4.6300,4.9000,4.5900,4.8100,4.6500,56998222,271323312.0000,3,5.969566,1,3.440900,0
2014-11-13,sz.000680,4.7600,4.8200,4.6500,4.6900,4.8100,38022723,179136636.0000,3,3.982214,1,-2.494800,0
2014-11-14,sz.000680,4.6500,4.6600,4.4700,4.5100,4.6900,48162817,217652649.0000,3,5.044212,1,-3.837900,0
2014-11-17,sz.000680,4.5300,4.5900,4.4300,4.5200,4.5100,29416307,133184506.0000,3,3.080843,1,0.221700,0
2014-11-18,sz.000680,4.5400,4.6800,4.5000,4.5900,4.5200,38340148,175817929.0000,3,4.015459,1,1.548700,0
2014-11-19,sz.000680,4.5900,4.5900,4.4800,4.5000,4.5900,27765170,125365872.0000,3,2.907915,1,-1.960800,0
2014-11-20,sz.000680,4.5000,4.5700,4.4600,4.5600,4.5000,27098083,122854697.0000,3,2.838050,1,1.333300,0
2014-11-21,sz.000680,4.5700,4.6800,4.5600,4.6800,4.5600,41007637,189794457.0000,3,4.294832,1,2.631600,0
2014-11-24,sz.000680,4.7500,4.8400,4.7000,4.8000,4.6800,60229916,288719328.0000,3,6.308029,1,2.564100,0
2014-11-25,sz.000680,4.8100,4.8700,4.7300,4.8600,4.8000,43941192,210867402.0000,3,4.602070,1,1.250000,0
2014-11-26,sz.000680,4.8700,4.9400,4.7200,4.7800,4.8600,50545211,243478235.0000,3,5.293726,1,-1.646100,0
2014-11-27,sz.000680,4.7900,4.8200,4.6900,4.7600,4.7800,41723133,197480780.0000,3,4.369768,1,-0.418400,0
2014-11-28,sz.000680,4.7200,4.7700,4.6700,4.7500,4.7600,41007979,193106751.0000,3,4.294868,1,-0.210100,0
2014-12-01,sz.000680,4.7400,4.9100,4.7100,4.7500,4.7500,55227167,264775545.0000,3,5.784079,1,0.000000,0
2014-12-02,sz.000680,4.7300,4.8200,4.6600,4.7700,4.7500,45406172,215278488.0000,3,4.755501,1,0.421100,0
2014-12-03,sz.000680,4.7700,4.8800,4.7300,4.8500,4.7700,62529397,301251568.0000,3,6.548859,1,1.677100,0
2014-12-04,sz.000680,4.8500,5.0000,4.8000,4.9600,4.8500,81569605,397588128.0000,3,8.542988,1,2.268000,0
2014-12-05,sz.000680,4.9800,5.1100,4.6100,4.7400,4.9600,73402435,357820128.0000,3,7.687620,1,-4.435500,0
2014-12-08,sz.000680,4.6500,5.1800,4.6100,5.1800,4.7400,113247099,562412160.0000,3,11.860651,1,9.282700,0
2014-12-09,sz.000680,5.0900,5.5600,4.9100,4.9300,5.1800,150093178,789126080.0000,3,15.719632,1,-4.826300,0
2014-12-10,sz.000680,4.9200,5.2500,4.8500,5.2500,4.9300,74739143,379890944.0000,3,7.827617,1,6.490900,0
2014-12-11,sz.000680,5.2200,5.4500,5.1600,5.3500,5.2500,74117300,393483184.0000,3,7.762489,1,1.904800,0
2014-12-12,sz.000680,5.4100,5.4600,5.2600,5.3200,5.3500,48375068,257878346.0000,3,5.066441,1,-0.560700,0
2014-12-15,sz.000680,5.3100,5.6500,5.1900,5.5300,5.3200,71610599,383877120.0000,3,7.499956,1,3.947400,0
2014-12-16,sz.000680,5.4900,5.6200,5.4500,5.5200,5.5300,54372672,299862512.0000,3,5.694585,1,-0.180800,0
2014-12-17,sz.000680,5.5200,5.5300,5.2200,5.3600,5.5200,52234199,280401600.0000,3,5.470618,1,-2.898500,0
2014-12-18,sz.000680,5.3500,5.6000,5.2800,5.4900,5.3600,72112906,396843616.0000,3,7.552564,1,2.425400,0
2014-12-19,sz.000680,5.4900,6.0400,5.4000,6.0400,5.4900,129517143,760890912.0000,3,13.564653,1,10.018200,0
2014-12-22,sz.000680,6.5800,6.6400,6.0900,6.3200,6.0400,198452208,1271212112.0000,3,20.784394,1,4.635800,0
2014-12-23,sz.000680,6.0200,6.2400,5.6900,5.7100,6.3200,100006423,590548368.0000,3,10.473922,1,-9.651900,0
2014-12-24,sz.000680,5.7000,5.9900,5.6700,5.7800,5.7100,59941371,348135616.0000,3,6.277809,1,1.225900,0
2014-12-25,sz.000680,5.8500,6.3600,5.8400,6.3600,5.7800,63171579,392475312.0000,3,6.616117,1,10.034600,0
2014-12-26,sz.000680,7.0000,7.0000,6.7600,7.0000,6.3600,190146422,1322948448.0000,3,19.914508,1,10.062900,0
2014-12-29,sz.000680,7.0900,7.7000,6.9400,7.7000,7.0000,223438433,1669539536.0000,3,23.401264,1,10.000000,0
2014-12-30,sz.000680,7.7000,7.7000,7.7000,7.7000,7.7000,0,0.0000,3,,0,0.000000,0
2014-12-31,sz.000680,7.7200,8.4600,7.4100,7.5500,7.7000,292250448,2303587632.0000,3,30.606958,1,-1.948000,0
2015-01-05,sz.000680,7.6200,8.1500,7.3100,8.1200,7.5500,211499444,1647373120.0000,3,22.150024,1,7.549700,0
2015-01-06,sz.000680,7.8000,7.9500,7.5800,7.7300,8.1200,148178305,1147480032.0000,3,15.518495,1,-4.803000,0
2015-01-07,sz.000680,7.7000,7.8300,7.5100,7.8000,7.7300,107580672,825564864.0000,3,11.266765,1,0.905600,0
2015-01-08,sz.000680,7.7000,7.7500,7.2600,7.3300,7.8000,109430038,811986160.0000,3,11.460446,1,-6.025600,0
2015-01-09,sz.000680,7.2500,7.6400,7.2000,7.2800,7.3300,108741945,807205072.0000,3,11.388383,1,-0.682100,0
2015-01-12,sz.000680,7.0000,7.0700,6.6100,6.8100,7.2800,91739568,629918256.0000,3,9.607749,1,-6.456000,0
2015-01-13,sz.000680,6.8500,7.0000,6.7800,6.9100,6.8100,54704231,376427856.0000,3,5.729093,1,1.468400,0
2015-01-14,sz.000680,6.9200,6.9700,6.7000,6.8100,6.9100,44173038,301076144.0000,3,4.626177,1,-1.447200,0
2015-01-15,sz.000680,6.8300,7.3700,6.7800,7.2700,6.8100,110424715,788713680.0000,3,11.564617,1,6.754800,0
2015-01-16,sz.000680,7.2800,7.4700,7.1200,7.2600,7.2700,83866526,608869824.0000,3,8.783217,1,-0.137500,0
2015-01-19,sz.000680,6.5700,7.0000,6.5300,6.5300,7.2600,78477163,526610416.0000,3,8.218797,1,-10.055100,0
2015-01-20,sz.000680,6.5200,6.8000,6.5200,6.7000,6.5300,56869678,380045680.0000,3,5.955877,1,2.603400,0
2015-01-21,sz.000680,6.7000,7.1900,6.6800,7.1200,6.7000,79159170,551404768.0000,3,8.290223,1,6.268700,0
2015-01-22,sz.000680,7.1300,7.2600,7.0000,7.2100,7.1200,69735768,498683424.0000,3,7.303324,1,1.264000,0
2015-01-23,sz.000680,7.2100,7.3100,7.0400,7.1500,7.2100,65868861,471997264.0000,3,6.898349,1,-0.832200,0
2015-01-26,sz.000680,7.0500,7.1800,7.0300,7.1800,7.1500,37466802,266634639.0000,3,3.923843,1,0.419600,0
2015-01-27,sz.000680,7.1700,7.5800,7.0700,7.5500,7.1800,122138500,896929296.0000,3,12.791385,1,5.153200,0
2015-01-28,sz.000680,7.5000,7.7800,7.3000,7.3700,7.5500,120326884,912105232.0000,3,12.601657,1,-2.384100,0
2015-01-29,sz.000680,7.2000,7.3500,7.1000,7.1100,7.3700,57274616,411527952.0000,3,5.998286,1,-3.527800,0
2015-01-30,sz.000680,7.1100,7.2200,6.9000,6.9100,7.1100,44292064,310806224.0000,3,4.638642,1,-2.812900,0
2015-02-02,sz.000680,6.7800,6.8300,6.6200,6.6800,6.9100,32558425,218544895.0000,3,3.409796,1,-3.328500,0
2015-02-03,sz.000680,6.7800,6.8900,6.6600,6.8800,6.6800,28385577,192068418.0000,3,2.972780,1,2.994000,0
2015-02-04,sz.000680,6.9000,7.0200,6.7500,6.9000,6.8800,39772032,273243520.0000,3,4.165266,1,0.290700,0
2015-02-05,sz.000680,7.0000,7.0100,6.6400,6.6500,6.9000,33673056,228923583.0000,3,3.526529,1,-3.623200,0
2015-02-06,sz.000680,6.5800,6.6200,6.3000,6.3300,6.6500,35217227,226427954.0000,3,3.688248,1,-4.812000,0
2015-02-09,sz.000680,6.3200,6.4400,6.2700,6.3900,6.3300,19312011,122818534.0000,3,2.022518,1,0.947900,0
2015-02-10,sz.000680,6.3800,6.6700,6.3500,6.6200,6.3900,25972013,169793555.0000,3,2.720011,1,3.599400,0
2015-02-11,sz.000680,6.6200,6.7900,6.5600,6.5800,6.6200,20343220,134992446.0000,3,2.130515,1,-0.604200,0
2015-02-12,sz.000680,6.6000,6.7000,6.5200,6.6300,6.5800,19954490,132467893.0000,3,2.089804,1,0.759900,0
2015-02-13,sz.000680,6.6800,6.7900,6.6600,6.7100,6.6300,25357755,170599881.0000,3,2.655680,1,1.206600,0
2015-02-16,sz.000680,6.7000,6.8400,6.6700,6.7500,6.7100,23592516,159610572.0000,3,2.470809,1,0.596100,0
2015-02-17,sz.000680,6.7900,6.7900,6.6700,6.7000,6.7500,23841177,159960235.0000,3,2.496851,1,-0.740700,0
2015-02-25,sz.000680,6.7400,6.8500,6.6200,6.8200,6.7000,29521238,198450711.0000,3,3.091716,1,1.791100,0
2015-02-26,sz.000680,6.9900,7.5000,6.9100,7.5000,6.8200,97707024,710080928.0000,3,10.232712,1,9.970700,0
2015-02-27,sz.000680,7.7200,7.8800,7.5900,7.6200,7.5000,160977787,1240356368.0000,3,16.858966,1,1.600000,0
2015-03-02,sz.000680,7.6200,8.2400,7.5100,7.7900,7.6200,117739416,926375296.0000,3,12.330675,1,2.231000,0
2015-03-03,sz.000680,7.7000,7.9500,7.5500,7.8200,7.7900,99255391,775434064.0000,3,10.394871,1,0.385100,0
2015-03-04,sz.000680,7.8300,7.8600,7.6000,7.7300,7.8200,62056443,477255088.0000,3,6.499080,1,-1.150900,0
2015-03-05,sz.000680,7.7000,8.2000,7.6200,7.9800,7.7300,105012093,835094736.0000,3,10.997761,1,3.234200,0
2015-03-06,sz.000680,7.8800,8.1500,7.6500,7.6900,7.9800,65013182,511299872.0000,3,6.808735,1,-3.634100,0
2015-03-09,sz.000680,7.5500,7.6600,7.3000,7.6000,7.6900,50373039,377196256.0000,3,5.275494,1,-1.170400,0
2015-03-10,sz.000680,7.5100,7.6800,7.5100,7.5200,7.6000,39827940,301570880.0000,3,4.171121,1,-1.052600,0
2015-03-11,sz.000680,7.5000,7.6200,7.3600,7.3900,7.5200,36949197,276657056.0000,3,3.869635,1,-1.728700,0
2015-03-12,sz.000680,7.3800,7.5000,7.2800,7.4300,7.3900,40166662,296975488.0000,3,4.206595,1,0.541300,0
2015-03-13,sz.000680,7.4900,7.6900,7.4500,7.6200,7.4300,45929136,348713344.0000,3,4.810091,1,2.557200,0
2015-03-16,sz.000680,7.6800,7.7500,7.6000,7.7400,7.6200,59843082,460387360.0000,3,6.267278,1,1.574800,0
2015-03-17,sz.000680,7.8700,8.5100,7.8600,8.5100,7.7400,138484942,1146606784.0000,3,14.503323,1,9.948300,0
2015-03-18,sz.000680,8.9000,9.3000,8.6900,9.0900,8.5100,183281805,1652754048.0000,3,19.194833,1,6.815500,0
2015-03-19,sz.000680,9.1500,9.7800,8.8800,9.1500,9.0900,174833313,1624059312.0000,3,18.310035,1,0.660100,0
2015-03-20,sz.000680,9.0100,9.2100,8.9500,9.0100,9.1500,103080169,929689184.0000,3,10.795434,1,-1.530000,0
2015-03-23,sz.000680,9.0800,9.5500,9.0800,9.4600,9.0100,124281717,1156452752.0000,3,13.015841,1,4.994400,0
2015-03-24,sz.000680,9.4000,9.4000,8.8900,9.2300,9.4600,122266242,1119608160.0000,3,12.804763,1,-2.431300,0
2015-03-25,sz.000680,9.1500,9.6800,8.9300,9.3900,9.2300,104067106,959885568.0000,3,10.898794,1,1.733500,0
2015-03-26,sz.000680,9.4000,9.8000,9.1600,9.4900,9.3900,121792376,1165361104.0000,3,12.755136,1,1.065000,0
2015-03-27,sz.000680,9.4500,10.2700,9.3200,9.9400,9.4900,133169812,1313569712.0000,3,13.946678,1,4.741800,0
2015-03-30,sz.000680,10.1100,10.9300,10.1100,10.9300,9.9400,203428223,2180729728.0000,3,21.304737,1,9.959800,0
2015-03-31,sz.000680,11.0000,11.0500,10.3000,10.3100,10.9300,190622787,1999073072.0000,3,19.963643,1,-5.672500,0
2015-04-01,sz.000680,10.3200,10.4200,10.1100,10.3700,10.3100,90948176,935107808.0000,3,9.524868,1,0.582000,0
2015-04-02,sz.000680,10.3000,10.3100,10.1000,10.1700,10.3700,85076919,866102416.0000,3,8.909980,1,-1.928600,0
2015-04-03,sz.000680,10.0600,10.3200,9.9200,10.2500,10.1700,68779274,700193680.0000,3,7.203152,1,0.786600,0
2015-04-07,sz.000680,10.3100,10.6000,10.2300,10.3900,10.2500,86005592,893014736.0000,3,9.007239,1,1.365900,0
2015-04-08,sz.000680,10.3900,10.8700,10.2000,10.5400,10.3900,120526470,1268153296.0000,3,12.622559,1,1.443700,0
2015-04-09,sz.000680,10.4000,10.5300,9.5000,9.8700,10.5400,99763963,995643808.0000,3,10.448133,1,-6.356700,0
2015-04-10,sz.000680,9.8000,10.0700,9.6200,9.9600,9.8700,52902725,525670832.0000,3,5.540424,1,0.911900,0
2015-04-13,sz.000680,9.9800,10.3500,9.9000,10.2300,9.9600,72227164,731971120.0000,3,7.564244,1,2.710800,0
2015-04-14,sz.000680,10.2300,10.7100,10.0500,10.3800,10.2300,107774125,1127463344.0000,3,11.287025,1,1.466300,0
2015-04-15,sz.000680,10.1700,10.3800,9.9000,10.0100,10.3800,93262747,941334400.0000,3,9.767270,1,-3.564500,0
2015-04-16,sz.000680,9.7500,10.2500,9.5000,9.8700,10.0100,68802171,678277824.0000,3,7.205550,1,-1.398600,0
2015-04-17,sz.000680,9.8900,10.6100,9.8900,10.3500,9.8700,150194188,1545527760.0000,3,15.729616,1,4.863200,0
2015-04-20,sz.000680,10.1900,11.1900,10.0000,10.4800,10.3500,188441585,2001062064.0000,3,19.735209,1,1.256000,0
2015-04-21,sz.000680,10.3600,10.6000,10.0100,10.4900,10.4800,90262681,927791264.0000,3,9.453077,1,0.095400,0
2015-04-22,sz.000680,10.5100,11.1000,10.5100,10.9400,10.4900,149123295,1619719056.0000,3,15.617462,1,4.289800,0
2015-04-23,sz.000680,11.0100,11.2000,10.6500,10.8700,10.9400,111746635,1212563920.0000,3,11.703060,1,-0.639900,0
2015-04-24,sz.000680,10.6500,10.8000,10.3000,10.4700,10.8700,80622019,847821520.0000,3,8.443425,1,-3.679800,0
2015-04-27,sz.000680,10.5500,10.7000,10.2600,10.5400,10.4700,83462457,875079968.0000,3,8.740900,1,0.668600,0
2015-04-28,sz.000680,10.4000,10.4900,9.9000,9.9400,10.5400,83168443,841830640.0000,3,8.710108,1,-5.692600,0
2015-04-29,sz.000680,9.8100,10.0700,9.6300,9.9500,9.9400,50017232,493797792.0000,3,5.238231,1,0.100600,0
2015-04-30,sz.000680,9.9600,10.0700,9.8200,9.8400,9.9500,46252040,459236512.0000,3,4.843908,1,-1.105500,0
2015-05-04,sz.000680,9.8100,10.0900,9.7000,10.0200,9.8400,45899924,455591536.0000,3,4.807031,1,1.829300,0
2015-05-05,sz.000680,10.0200,10.0200,9.0900,9.2600,10.0200,53794616,517323936.0000,3,5.633831,1,-7.584800,0
2015-05-06,sz.000680,9.2100,9.4100,8.8000,8.9000,9.2600,45995802,421843600.0000,3,4.817072,1,-3.887700,0
2015-05-07,sz.000680,8.8000,9.0000,8.5200,8.5300,8.9000,39549098,343928096.0000,3,4.141919,1,-4.157300,0
2015-05-08,sz.000680,8.5800,8.8000,8.5700,8.8000,8.5300,34872606,303166048.0000,3,3.652157,1,3.165300,0
2015-05-11,sz.000680,8.9000,9.2200,8.8100,9.2200,8.8000,45480019,412703456.0000,3,4.763055,1,4.772700,0
2015-05-12,sz.000680,9.2500,9.3200,9.0800,9.2200,9.2200,46113031,423879216.0000,3,4.829350,1,0.000000,0
2015-05-13,sz.000680,9.1700,9.4000,9.0800,9.2400,9.2200,44838963,414867168.0000,3,4.695918,1,0.216900,0
2015-05-14,sz.000680,9.2500,9.2500,8.9800,9.0900,9.2400,42777248,388283808.0000,3,4.479998,1,-1.623400,0
2015-05-15,sz.000680,9.0700,9.9200,8.9000,9.5500,9.0900,97685274,923029696.0000,3,10.230434,1,5.060500,0
2015-05-18,sz.000680,9.3500,9.6300,9.2800,9.3400,9.5500,57465953,542511728.0000,3,6.018324,1,-2.199000,0
2015-05-19,sz.000680,9.5800,10.2700,9.4600,10.2700,9.3400,147162603,1496013456.0000,3,15.412122,1,9.957200,0
2015-05-20,sz.000680,10.1000,10.7400,9.9100,10.2300,10.2700,193617634,2008732592.0000,3,20.277289,1,-0.389500,0
2015-05-21,sz.000680,10.0000,10.6800,9.9000,10.4200,10.2300,129611530,1330799488.0000,3,13.574024,1,1.857300,0
2015-05-22,sz.000680,10.4200,10.5600,10.1600,10.3800,10.4200,99814546,1030784832.0000,3,10.453430,1,-0.383900,0
2015-05-25,sz.000680,10.3000,10.7500,10.2000,10.6900,10.3800,131071151,1381296208.0000,3,13.726888,1,2.986500,0
2015-05-26,sz.000680,10.8000,10.9800,10.4400,10.6800,10.6900,132143174,1410324432.0000,3,13.839159,1,-0.093500,0
2015-05-27,sz.000680,10.6900,10.7600,10.2600,10.3400,10.6800,113923770,1186091456.0000,3,11.931068,1,-3.183500,0
2015-05-28,sz.000680,10.2800,11.1900,10.0500,10.1700,10.3400,168792093,1799402592.0000,3,17.677347,1,-1.644100,0
2015-05-29,sz.000680,10.0800,10.3400,9.2100,9.7000,10.1700,98843288,962772576.0000,3,10.351712,1,-4.621400,0
2015-06-01,sz.000680,9.6500,10.2700,9.5900,10.2200,9.7000,73425486,734377360.0000,3,7.689743,1,5.360800,0
2015-06-02,sz.000680,10.3000,10.6800,10.1700,10.6300,10.2200,100824348,1057125136.0000,3,10.559185,1,4.011700,0
2015-06-03,sz.000680,10.6500,11.6900,10.4800,11.6900,10.6300,158495785,1759586688.0000,3,16.599029,1,9.971800,0
2015-06-04,sz.000680,11.6800,11.6900,10.6000,11.2400,11.6900,152871591,1710099776.0000,3,16.010016,1,-3.849400,0
2015-06-05,sz.000680,11.4100,12.1400,11.1000,11.7800,11.2400,159425745,1862775776.0000,3,16.696423,1,4.804300,0
2015-06-08,sz.000680,11.8300,12.0700,11.5000,11.7600,11.7800,135128530,1589345648.0000,3,14.151811,1,-0.169800,0
2015-06-09,sz.000680,11.7500,11.7500,11.1000,11.2200,11.7600,101466320,1148290416.0000,3,10.626418,1,-4.591800,0
2015-06-10,sz.000680,11.1000,11.5400,10.8800,11.2500,11.2200,72035143,811062560.0000,3,7.544134,1,0.267400,0
2015-06-11,sz.000680,11.3300,12.1200,11.1200,11.9400,11.2500,132726888,1549799920.0000,3,13.900291,1,6.133300,0
2015-06-12,sz.000680,11.9600,12.5000,11.6500,12.2000,11.9400,148206204,1792255200.0000,3,15.521417,1,2.177600,0
2015-06-15,sz.000680,12.4000,12.7800,12.0000,12.1200,12.2000,139384324,1736474096.0000,3,14.597514,1,-0.655700,0
2015-06-16,sz.000680,11.8300,11.9800,11.1300,11.3200,12.1200,87105191,1005497344.0000,3,9.122398,1,-6.600700,0
2015-06-17,sz.000680,11.3200,11.8600,10.8000,11.8100,11.3200,79709107,910682544.0000,3,8.347817,1,4.328600,0
2015-06-18,sz.000680,11.7500,12.5000,11.4800,11.5500,11.8100,91608053,1100847584.0000,3,9.593976,1,-2.201500,0
2015-06-19,sz.000680,11.1500,11.5500,10.4200,10.4200,11.5500,67531626,747296672.0000,3,7.072487,1,-9.783600,0
2015-06-23,sz.000680,10.3300,10.6200,9.3800,10.3700,10.4200,66720068,673131936.0000,3,6.987494,1,-0.479800,0
2015-06-24,sz.000680,10.4800,11.0000,10.2500,10.9600,10.3700,75091381,799111776.0000,3,7.864209,1,5.689500,0
2015-06-25,sz.000680,10.9800,11.3000,10.2800,10.3400,10.9600,69739417,756649504.0000,3,7.303706,1,-5.656900,0
2015-06-26,sz.000680,9.9000,10.0500,9.3100,9.3100,10.3400,59514521,573585120.0000,3,6.232868,1,-9.961300,0
2015-06-29,sz.000680,9.5200,9.7300,8.3800,8.3800,9.3100,74196840,655914816.0000,3,7.770525,1,-9.989300,0
2015-06-30,sz.000680,8.0600,8.9000,7.5400,8.8700,8.3800,78893860,646038992.0000,3,8.262602,1,5.847300,0
2015-07-01,sz.000680,8.6500,8.9900,7.9800,7.9900,8.8700,62412551,534281872.0000,3,6.536504,1,-9.921100,0
2015-07-02,sz.000680,8.0500,8.2500,7.1900,7.1900,7.9900,63907144,480461152.0000,3,6.693034,1,-10.012500,0
2015-07-03,sz.000680,6.9100,7.2900,6.4700,6.4700,7.1900,62663343,415548528.0000,3,6.562770,1,-10.013900,0
2015-07-06,sz.000680,7.1000,7.1200,5.8200,6.1100,6.4700,93893278,593864640.0000,3,9.833500,1,-5.564100,0
2015-07-07,sz.000680,5.8000,5.9500,5.5000,5.5000,6.1100,38304205,214451327.0000,3,4.011622,1,-9.983600,0
2015-07-08,sz.000680,4.9500,5.9400,4.9500,5.2200,5.5000,157979619,828378144.0000,3,16.545301,1,-5.090900,0
2015-07-09,sz.000680,5.2000,5.7400,5.2000,5.7400,5.2200,53635585,299691824.0000,3,5.617287,1,9.961700,0
2015-07-10,sz.000680,6.0500,6.3100,5.8500,6.3100,5.7400,44486852,277426832.0000,3,4.659135,1,9.930300,0
2015-07-13,sz.000680,6.6900,6.9400,6.5500,6.9400,6.3100,62899118,429134064.0000,3,6.587463,1,9.984200,0
2015-07-14,sz.000680,7.1000,7.5000,6.7500,7.0500,6.9400,96363334,686999552.0000,3,10.092190,1,1.585000,0
2015-07-15,sz.000680,6.6100,6.8700,6.3500,6.3500,7.0500,50241211,329391184.0000,3,5.261792,1,-9.929100,0
2015-07-16,sz.000680,6.3500,6.6900,5.8600,6.4200,6.3500,45178626,288414944.0000,3,4.731585,1,1.102400,0
2015-07-17,sz.000680,6.4900,7.0200,6.4000,6.9200,6.4200,51807039,351293152.0000,3,5.425782,1,7.788200,0
2015-07-20,sz.000680,6.9200,7.2000,6.8000,7.0900,6.9200,71173265,499481408.0000,3,7.454019,1,2.456600,0
2015-07-21,sz.000680,6.9600,7.1900,6.8500,7.0600,7.0900,50822005,358562736.0000,3,5.322619,1,-0.423100,0
2015-07-22,sz.000680,7.0600,7.1700,6.8300,7.1000,7.0600,52603117,369295888.0000,3,5.509156,1,0.566600,0
2015-07-23,sz.000680,7.1000,7.4500,7.0100,7.3300,7.1000,68825616,497288480.0000,3,7.208148,1,3.239400,0
2015-07-24,sz.000680,7.3400,7.6400,7.0100,7.1000,7.3300,75821985,560174960.0000,3,7.940882,1,-3.137800,0
2015-07-27,sz.000680,6.9000,7.0600,6.3900,6.3900,7.1000,52742244,356067808.0000,3,5.523727,1,-10.000000,0
2015-07-28,sz.000680,6.2100,6.4500,5.7500,6.1400,6.3900,55604405,336550208.0000,3,5.823483,1,-3.912400,0
2015-07-29,sz.000680,6.2100,6.5300,6.0100,6.5200,6.1400,33206199,207308270.0000,3,3.477705,1,6.188900,0
2015-07-30,sz.000680,6.4500,6.9800,6.3300,6.4000,6.5200,46137986,304519280.0000,3,4.832059,1,-1.840500,0
2015-07-31,sz.000680,6.2900,6.7000,6.2700,6.4600,6.4000,36194145,231904053.0000,3,3.790635,1,0.937500,0
2015-08-03,sz.000680,6.2500,6.6500,6.1800,6.6100,6.4600,37142304,236534750.0000,3,3.889936,1,2.322000,0
2015-08-04,sz.000680,6.6700,6.9800,6.5600,6.9600,6.6100,39280118,266834683.0000,3,4.113830,1,5.295000,0
2015-08-05,sz.000680,7.0000,7.6600,6.9000,7.6600,6.9600,127643901,967180128.0000,3,13.368223,1,10.057500,0
2015-08-06,sz.000680,7.5000,8.1600,7.4000,7.8900,7.6600,162673363,1267392672.0000,3,17.036879,1,3.002600,0
2015-08-07,sz.000680,7.8900,8.2300,7.5800,8.0500,7.8900,132636068,1049181440.0000,3,13.891055,1,2.027900,0
2015-08-10,sz.000680,8.0000,8.5400,7.8000,8.3100,8.0500,131587115,1071336544.0000,3,13.781198,1,3.229800,0
2015-08-11,sz.000680,8.2000,8.6400,8.0500,8.1000,8.3100,103040018,852908304.0000,3,10.791443,1,-2.527100,0
2015-08-12,sz.000680,7.8700,8.0300,7.7000,7.8100,8.1000,64554122,507958656.0000,3,6.760792,1,-3.580300,0
2015-08-13,sz.000680,7.7600,8.1500,7.7300,8.1500,7.8100,57037941,455148304.0000,3,5.973618,1,4.353400,0
2015-08-14,sz.000680,8.1700,8.4500,8.1000,8.1000,8.1500,67833012,556702176.0000,3,7.104192,1,-0.613500,0
2015-08-17,sz.000680,8.1400,8.3500,8.0200,8.2100,8.1000,53602112,437593776.0000,3,5.613782,1,1.358000,0
2015-08-18,sz.000680,8.2800,8.3000,7.3900,7.3900,8.2100,75039120,589885232.0000,3,7.858892,1,-9.987800,0
2015-08-19,sz.000680,7.1000,7.6700,6.7600,7.5600,7.3900,49049913,356996944.0000,3,5.137027,1,2.300400,0
2015-08-20,sz.000680,7.4100,7.8400,7.3400,7.4000,7.5600,42906995,325297632.0000,3,4.493675,1,-2.116400,0
2015-08-21,sz.000680,7.2000,7.3900,6.6700,6.7000,7.4000,37203903,260636150.0000,3,3.896387,1,-9.459500,0
2015-08-24,sz.000680,6.3800,6.5300,6.0300,6.0300,6.7000,28793338,176116016.0000,3,3.015544,1,-10.000000,0
2015-08-25,sz.000680,5.4300,5.6500,5.4300,5.4300,6.0300,30249275,165318499.0000,3,3.168025,1,-9.950300,0
2015-08-26,sz.000680,5.2000,5.6700,5.0000,5.0300,5.4300,45788725,245134209.0000,3,4.795481,1,-7.366500,0
2015-08-27,sz.000680,5.0600,5.3300,4.9100,5.2700,5.0300,36510607,187496317.0000,3,3.823778,1,4.771400,0
2015-08-28,sz.000680,5.3900,5.7500,5.3000,5.7500,5.2700,44021990,244338461.0000,3,4.610450,1,9.108200,0
2015-08-31,sz.000680,5.5600,5.6900,5.4200,5.4500,5.7500,35683122,196841387.0000,3,3.737115,1,-5.217400,0
2015-09-01,sz.000680,5.4200,5.4300,5.0100,5.0800,5.4500,29515752,152582148.0000,3,3.091203,1,-6.789000,0
2015-09-02,sz.000680,4.9000,5.2300,4.7000,4.8300,5.0800,23198664,114916696.0000,3,2.429610,1,-4.921300,0
2015-09-07,sz.000680,5.0000,5.1600,4.9100,4.9500,4.8300,21535574,108572145.0000,3,2.255434,1,2.484500,0
2015-09-08,sz.000680,4.9300,5.2200,4.9100,5.2000,4.9500,20643015,104586927.0000,3,2.161955,1,5.050500,0
2015-09-09,sz.000680,5.2700,5.5600,5.2100,5.4700,5.2000,35955114,193909279.0000,3,3.765601,1,5.192300,0
2015-09-10,sz.000680,5.3700,5.4600,5.2600,5.2700,5.4700,22998759,123504218.0000,3,2.408674,1,-3.656300,0
2015-09-11,sz.000680,5.3000,5.5100,5.1800,5.5000,5.2700,25803509,137844527.0000,3,2.702417,1,4.364300,0
2015-09-14,sz.000680,5.5600,5.6600,4.9500,4.9700,5.5000,37169575,196574988.0000,3,3.892792,1,-9.636400,0
2015-09-15,sz.000680,4.8500,5.0500,4.4700,4.4700,4.9700,26411586,124274312.0000,3,2.766101,1,-10.060400,0
2015-09-16,sz.000680,4.5500,4.9200,4.4700,4.9200,4.4700,27732882,130328970.0000,3,2.904481,1,10.067100,0
2015-09-17,sz.000680,4.9500,5.4100,4.8200,5.2100,4.9200,75788130,403444928.0000,3,7.937337,1,5.894300,0
2015-09-18,sz.000680,5.2300,5.3500,5.0200,5.2400,5.2100,56587771,293838832.0000,3,5.926471,1,0.575800,0
2015-09-21,sz.000680,5.1600,5.4500,5.0700,5.3900,5.2400,46349737,245577661.0000,3,4.854236,1,2.862600,0
2015-09-22,sz.000680,5.3600,5.4400,5.2500,5.3200,5.3900,34221571,182924194.0000,3,3.584046,1,-1.298700,0
2015-09-23,sz.000680,5.1900,5.3500,5.1300,5.2800,5.3200,27543744,144176288.0000,3,2.884673,1,-0.751900,0
2015-09-24,sz.000680,5.2700,5.5000,5.2500,5.3600,5.2800,25421035,136548409.0000,3,2.662360,1,1.515100,0
2015-09-25,sz.000680,5.3500,5.3500,4.9700,5.0600,5.3600,28213122,145418295.0000,3,2.954777,1,-5.597000,0
2015-09-28,sz.000680,5.0800,5.1800,5.0300,5.1500,5.0600,12344499,63085853.0000,3,1.292847,1,1.778700,0
2015-09-29,sz.000680,5.0500,5.1000,4.9400,4.9700,5.1500,14594785,73081897.0000,3,1.528521,1,-3.495200,0
2015-09-30,sz.000680,5.0300,5.0700,4.9800,4.9900,4.9700,10126250,50866246.0000,3,1.060528,1,0.402400,0
2015-10-08,sz.000680,5.1600,5.2400,5.1100,5.1900,4.9900,19063648,98794439.0000,3,1.996547,1,4.008000,0
2015-10-09,sz.000680,5.2000,5.7100,5.1700,5.7100,5.1900,84343218,472042064.0000,3,8.833316,1,10.019300,0
2015-10-12,sz.000680,5.6400,6.1800,5.5600,5.9700,5.7100,103146546,599925024.0000,3,10.802600,1,4.553400,0
2015-10-13,sz.000680,5.8000,5.9400,5.7600,5.8800,5.9700,49663030,290512704.0000,3,5.201239,1,-1.507500,0
2015-10-14,sz.000680,5.8900,5.9400,5.7100,5.7500,5.8800,31999835,186158981.0000,3,3.351362,1,-2.210900,0
2015-10-15,sz.000680,5.7000,6.2500,5.6800,6.1700,5.7500,79820897,480409168.0000,3,8.359691,1,7.304300,0
2015-10-16,sz.000680,6.3000,6.6500,6.0300,6.4000,6.1700,80896321,518777536.0000,3,8.472320,1,3.727700,0
2015-10-19,sz.000680,6.3900,6.8700,6.3000,6.6900,6.4000,72230575,475322000.0000,3,7.564752,1,4.531200,0
2015-10-20,sz.000680,6.6100,6.8500,6.5100,6.8500,6.6900,51226159,341882784.0000,3,5.364947,1,2.391600,0
2015-10-21,sz.000680,6.9500,6.9500,6.1700,6.1700,6.8500,77318349,502911440.0000,3,8.097597,1,-9.927000,0
2015-10-22,sz.000680,6.1000,6.3700,5.8200,6.3000,6.1700,52731106,326196224.0000,3,5.522561,1,2.107000,0
2015-10-23,sz.000680,6.3000,6.4000,6.1300,6.3000,6.3000,53527388,335343200.0000,3,5.605956,1,0.000000,0
2015-10-26,sz.000680,6.4500,6.6200,6.1500,6.5000,6.3000,62660518,401930272.0000,3,6.562474,1,3.174600,0
2015-10-27,sz.000680,6.3800,6.6200,6.1000,6.5300,6.5000,56235580,358187856.0000,3,5.889586,1,0.461500,0
2015-10-28,sz.000680,6.4200,6.9500,6.4100,6.6600,6.5300,101150022,680140960.0000,3,10.593503,1,1.990800,0
2015-10-29,sz.000680,6.6000,6.9500,6.6000,6.8000,6.6600,54398888,369054112.0000,3,5.697228,1,2.102100,0
2015-10-30,sz.000680,6.8500,7.2900,6.6100,7.0700,6.8000,65760173,457893392.0000,3,6.887103,1,3.970600,0
2015-11-02,sz.000680,6.9500,7.2800,6.6500,6.7200,7.0700,64512512,452332320.0000,3,6.756434,1,-4.950500,0
2015-11-03,sz.000680,6.6900,6.8000,6.3500,6.4800,6.7200,38526995,252373525.0000,3,4.034955,1,-3.571400,0
2015-11-04,sz.000680,6.5400,6.9100,6.5100,6.8800,6.4800,43272608,292877872.0000,3,4.531966,1,6.172800,0
2015-11-05,sz.000680,6.9100,7.2200,6.9000,6.9800,6.8800,73840104,520568896.0000,3,7.733319,1,1.453500,0
2015-11-06,sz.000680,6.9800,7.1300,6.9200,7.0800,6.9800,45161505,318876448.0000,3,4.729792,1,1.432700,0
2015-11-09,sz.000680,7.0400,7.1700,6.7500,7.0700,7.0800,48183477,337768944.0000,3,5.046285,1,-0.141200,0
2015-11-10,sz.000680,6.9900,7.2500,6.9500,7.0700,7.0700,39138529,277216224.0000,3,4.099002,1,0.000000,0
2015-11-11,sz.000680,7.0800,7.7800,7.0700,7.7800,7.0700,94647063,712870784.0000,3,9.912444,1,10.042400,0
2015-11-12,sz.000680,7.9000,7.9000,7.4500,7.6000,7.7800,67838481,516434848.0000,3,7.104765,1,-2.313600,0
2015-11-13,sz.000680,7.4900,7.5700,7.3000,7.4100,7.6000,38956242,289881184.0000,3,4.079911,1,-2.500000,0
2015-11-16,sz.000680,7.1800,7.6700,7.1200,7.6000,7.4100,40346708,300918832.0000,3,4.225535,1,2.564100,0
2015-11-17,sz.000680,7.7100,7.7500,7.3000,7.3900,7.6000,69664617,522018880.0000,3,7.296017,1,-2.763200,0
2015-11-18,sz.000680,7.3300,7.4300,7.1500,7.1800,7.3900,41003131,298674960.0000,3,4.294283,1,-2.841700,0
2015-11-19,sz.000680,7.1300,7.3000,7.1300,7.3000,7.1800,20976669,151736762.0000,3,2.196899,1,1.671300,0
2015-11-20,sz.000680,7.3300,7.5000,7.2600,7.3800,7.3000,36819693,272094096.0000,3,3.856149,1,1.095900,0
2015-11-23,sz.000680,7.3700,7.3900,7.0400,7.1500,7.3800,43639141,314350336.0000,3,4.570354,1,-3.116500,0
2015-11-24,sz.000680,7.1400,7.1800,6.8000,7.0800,7.1500,33602283,234564883.0000,3,3.519187,1,-0.979000,0
2015-11-25,sz.000680,7.0300,7.1400,7.0300,7.1200,7.0800,21951899,155885663.0000,3,2.299036,1,0.565000,0
2015-11-26,sz.000680,7.1800,7.3200,7.1200,7.2200,7.1200,33577683,242934399.0000,3,3.516611,1,1.404500,0
2015-11-27,sz.000680,7.1800,7.1800,6.5000,6.5300,7.2200,42178002,287026480.0000,3,4.417328,1,-9.556800,0
2015-11-30,sz.000680,6.4800,6.6200,5.9400,6.3800,6.5300,33669114,212280027.0000,3,3.526187,1,-2.297100,0
2015-12-01,sz.000680,6.4000,6.5500,6.1000,6.5200,6.3800,29382781,186292012.0000,3,3.077276,1,2.194400,0
2015-12-02,sz.000680,6.5800,6.8600,6.4000,6.7000,6.5200,34758117,231248987.0000,3,3.640239,1,2.760700,0
2015-12-03,sz.000680,6.6200,6.7200,6.5300,6.7100,6.7000,24067501,159393202.0000,3,2.520604,1,0.149300,0
2015-12-04,sz.000680,6.6300,6.7100,6.5300,6.5700,6.7100,16881407,111351372.0000,3,1.768000,1,-2.086400,0
2015-12-07,sz.000680,6.5500,6.6400,6.5200,6.5700,6.5700,16796288,110363858.0000,3,1.759085,1,0.000000,0
2015-12-08,sz.000680,6.5500,6.5700,6.3100,6.3600,6.5700,16869909,108070194.0000,3,1.766796,1,-3.196300,0
2015-12-09,sz.000680,6.3700,6.4700,6.2700,6.3100,6.3600,14427587,91739362.0000,3,1.511010,1,-0.786200,0
2015-12-10,sz.000680,6.2900,6.4200,6.2400,6.3300,6.3100,14850235,94058588.0000,3,1.555274,1,0.317000,0
2015-12-11,sz.000680,6.3200,6.4100,6.2600,6.3800,6.3300,12182624,77248722.0000,3,1.275894,1,0.789900,0
2015-12-14,sz.000680,6.3500,6.5500,6.2800,6.5300,6.3800,17598295,113658593.0000,3,1.843080,1,2.351100,0
2015-12-15,sz.000680,6.5500,6.9000,6.4900,6.7100,6.5300,37192218,250005927.0000,3,3.895163,1,2.756500,0
2015-12-16,sz.000680,6.7000,6.7600,6.6400,6.6500,6.7100,20379991,136162933.0000,3,2.134409,1,-0.894200,0
2015-12-17,sz.000680,6.6800,6.9200,6.6100,6.7800,6.6500,34307766,233000481.0000,3,3.593073,1,1.954900,0
2015-12-18,sz.000680,6.7800,6.8000,6.6400,6.7100,6.7800,25662750,172058085.0000,3,2.687675,1,-1.032500,0
2015-12-21,sz.000680,6.7100,7.3800,6.6900,7.3800,6.7100,54883652,382886752.0000,3,5.747998,1,9.985100,0
2015-12-22,sz.000680,7.2900,7.8000,7.2200,7.4900,7.3800,93885504,706743360.0000,3,9.832685,1,1.490500,0
2015-12-23,sz.000680,7.6000,7.6000,7.2800,7.3200,7.4900,46263170,342299312.0000,3,4.845170,1,-2.269700,0
2015-12-24,sz.000680,7.2500,7.5800,7.2400,7.5400,7.3200,42785687,318014736.0000,3,4.480971,1,3.005500,0
2015-12-25,sz.000680,7.4600,8.2900,7.4500,8.0700,7.5400,101339017,804194640.0000,3,10.613296,1,7.029200,0
2015-12-28,sz.000680,8.1000,8.2600,7.8700,7.8700,8.0700,66018407,530368624.0000,3,6.914148,1,-2.478300,0
2015-12-29,sz.000680,7.8700,8.1400,7.5200,8.0700,7.8700,45824717,358785488.0000,3,4.799250,1,2.541300,0
2015-12-30,sz.000680,8.0000,8.2300,7.8500,7.9300,8.0700,35471020,284750704.0000,3,3.714901,1,-1.734800,0
2015-12-31,sz.000680,7.9600,7.9800,7.6000,7.6500,7.9300,28891416,226159226.0000,3,3.025569,1,-3.530900,0
2016-01-04,sz.000680,7.7100,7.7100,6.8900,6.8900,7.6500,40708805,293553248.0000,3,4.263110,1,-9.934600,0
2016-01-05,sz.000680,6.4500,7.1000,6.2800,6.6300,6.8900,57043881,380512784.0000,3,5.973753,1,-3.773600,0
2016-01-06,sz.000680,6.6600,6.9800,6.6200,6.9500,6.6300,43125808,291197568.0000,3,4.516224,1,4.826500,0
2016-01-07,sz.000680,6.7300,6.8000,6.2600,6.2600,6.9500,16020435,102119830.0000,3,1.677693,1,-9.928100,0
2016-01-08,sz.000680,6.4000,6.6100,5.8600,6.5600,6.2600,52849908,333890512.0000,3,5.534551,1,4.792300,0
2016-01-11,sz.000680,6.4900,6.8600,6.3100,6.4600,6.5600,60659177,403294336.0000,3,6.352354,1,-1.524400,0
2016-01-12,sz.000680,6.4100,6.6400,6.2000,6.5200,6.4600,34764042,224859432.0000,3,3.640562,1,0.928800,0
2016-01-13,sz.000680,6.5600,6.7000,6.2100,6.2400,6.5200,30800373,199736506.0000,3,3.225479,1,-4.294500,0
2016-01-14,sz.000680,5.8900,6.5100,5.7500,6.4000,6.2400,37229968,229357742.0000,3,3.898799,1,2.564100,0
2016-01-15,sz.000680,6.3000,6.4000,5.8000,5.8700,6.4000,36329071,220428796.0000,3,3.804455,1,-8.281300,0
2016-01-18,sz.000680,5.7900,6.1000,5.7000,5.9600,5.8700,23227857,138530483.0000,3,2.432469,1,1.533200,0
2016-01-19,sz.000680,5.9700,6.3800,5.9000,6.3100,5.9600,28123161,173696828.0000,3,2.945115,1,5.872500,0
2016-01-20,sz.000680,6.2400,6.3500,6.1000,6.1600,6.3100,24773176,154362309.0000,3,2.594298,1,-2.377200,0
2016-01-21,sz.000680,6.0800,6.1900,5.6900,5.6900,6.1600,24744161,148151067.0000,3,2.591260,1,-7.629900,0
2016-01-22,sz.000680,5.7500,5.9200,5.5400,5.8000,5.6900,23606600,135196473.0000,3,2.472132,1,1.933200,0
2016-01-25,sz.000680,5.8900,6.0600,5.8400,5.9800,5.8000,19980537,118552346.0000,3,2.092403,1,3.103400,0
2016-01-26,sz.000680,5.8800,6.0400,5.5100,5.6000,5.9800,28566137,166111620.0000,3,2.991505,1,-6.354500,0
2016-01-27,sz.000680,5.5000,5.6900,5.0800,5.4700,5.6000,26665443,144915611.0000,3,2.792460,1,-2.321400,0
2016-01-28,sz.000680,5.4000,5.5500,5.1800,5.1900,5.4700,18575406,100555248.0000,3,1.945255,1,-5.118800,0
2016-01-29,sz.000680,5.2200,5.5000,5.1700,5.4500,5.1900,19899307,106826784.0000,3,2.083896,1,5.009600,0
2016-02-01,sz.000680,5.4000,5.5000,5.2800,5.3400,5.4500,14208156,76240157.0000,3,1.487907,1,-2.018300,0
2016-02-02,sz.000680,5.3400,5.5700,5.3400,5.5000,5.3400,17662244,96941477.0000,3,1.849627,1,2.996300,0
2016-02-03,sz.000680,5.4100,5.6800,5.3800,5.6500,5.5000,22884534,127262389.0000,3,2.396516,1,2.727300,0
2016-02-04,sz.000680,5.6800,5.7700,5.6000,5.6800,5.6500,21147229,120272243.0000,3,2.214581,1,0.531000,0
2016-02-05,sz.000680,5.7200,5.7600,5.6200,5.7100,5.6800,17649379,100660680.0000,3,1.848279,1,0.528200,0
2016-02-15,sz.000680,5.5300,5.6300,5.4300,5.5600,5.7100,20769142,115042617.0000,3,2.174987,1,-2.627000,0
2016-02-16,sz.000680,5.6000,5.8600,5.5800,5.7900,5.5600,25804480,147981968.0000,3,2.702298,1,4.136700,0
2016-02-17,sz.000680,5.7400,5.8800,5.7100,5.8000,5.7900,27651328,160068607.0000,3,2.895704,1,0.172700,0
2016-02-18,sz.000680,5.8400,6.0600,5.7900,5.8100,5.8000,37281195,219996240.0000,3,3.904164,1,0.172400,0
2016-02-19,sz.000680,5.8200,5.8500,5.6900,5.7600,5.8100,23102498,133023495.0000,3,2.419341,1,-0.860600,0
2016-02-22,sz.000680,5.8500,5.9700,5.7900,5.9400,5.7600,34687679,204200407.0000,3,3.632565,1,3.125000,0
2016-02-23,sz.000680,5.9000,5.9400,5.7500,5.8400,5.9400,25172621,146824169.0000,3,2.636129,1,-1.683500,0
2016-02-24,sz.000680,5.8000,5.9500,5.7400,5.9100,5.8400,29706541,174110787.0000,3,3.110930,1,1.198600,0
2016-02-25,sz.000680,5.8800,5.8900,5.3200,5.3200,5.9100,44473745,246471783.0000,3,4.657382,1,-9.983100,0
2016-02-26,sz.000680,5.3400,5.4000,5.1000,5.2600,5.3200,27797916,145828232.0000,3,2.911055,1,-1.127800,0
2016-02-29,sz.000680,5.2000,5.2100,4.7300,4.7800,5.2600,29363096,142201713.0000,3,3.074964,1,-9.125500,0
2016-03-01,sz.000680,4.8300,4.9000,4.7000,4.8500,4.7800,19887656,95524479.0000,3,2.082676,1,1.464400,0
2016-03-02,sz.000680,4.8500,5.2700,4.8300,5.2000,4.8500,35454005,180209358.0000,3,3.712817,1,7.216500,0
2016-03-03,sz.000680,5.1900,5.7200,5.1200,5.5700,5.2000,78105883,435130720.0000,3,8.179409,1,7.115400,0
2016-03-04,sz.000680,5.4300,5.6800,5.2000,5.2800,5.5700,50180988,273525856.0000,3,5.255057,1,-5.206500,0
2016-03-07,sz.000680,5.3200,5.4300,5.2600,5.3300,5.2800,25136458,134156735.0000,3,2.632342,1,0.947000,0
2016-03-08,sz.000680,5.3400,5.3400,4.9900,5.2400,5.3300,30165070,154563852.0000,3,3.158948,1,-1.688600,0
2016-03-09,sz.000680,5.1100,5.1400,5.0000,5.0600,5.2400,17360759,87989293.0000,3,1.818054,1,-3.435100,0
2016-03-10,sz.000680,5.0800,5.1100,4.9300,4.9500,5.0600,17549983,88206829.0000,3,1.837870,1,-2.173900,0
2016-03-11,sz.000680,4.8000,5.0500,4.8000,4.9700,4.9500,11870089,58677728.0000,3,1.243060,1,0.404000,0
2016-03-14,sz.000680,5.0000,5.1800,5.0000,5.1000,4.9700,20444038,104774804.0000,3,2.140942,1,2.615700,0
2016-03-15,sz.000680,5.0800,5.3200,5.0600,5.1200,5.1000,20596163,106401375.0000,3,2.156873,1,0.392200,0
2016-03-16,sz.000680,5.1500,5.1900,5.0200,5.0200,5.1200,15709190,80003096.0000,3,1.645099,1,-1.953100,0
2016-03-17,sz.000680,5.0400,5.2300,5.0000,5.1800,5.0200,23836644,122355260.0000,3,2.496223,1,3.187200,0
2016-03-18,sz.000680,5.2000,5.3800,5.1700,5.3600,5.1800,40213259,213118970.0000,3,4.211215,1,3.474900,0
2016-03-21,sz.000680,5.4100,5.6600,5.3600,5.5000,5.3600,44858992,245829558.0000,3,4.697726,1,2.611900,0
2016-03-22,sz.000680,5.4600,5.4600,5.3500,5.3800,5.5000,26594337,143799844.0000,3,2.785014,1,-2.181800,0
2016-03-23,sz.000680,5.3600,5.5500,5.3600,5.4400,5.3800,20614360,111904272.0000,3,2.158778,1,1.115200,0
2016-03-24,sz.000680,5.4000,5.4100,5.2100,5.2100,5.4400,27193933,144469428.0000,3,2.847805,1,-4.227900,0
2016-03-25,sz.000680,5.2000,5.2800,5.1900,5.2600,5.2100,16484284,86304435.0000,3,1.726268,1,0.959700,0
2016-03-28,sz.000680,5.2900,5.3700,5.1500,5.1900,5.2600,20593347,108902003.0000,3,2.156578,1,-1.330800,0
2016-03-29,sz.000680,5.1800,5.2100,5.0200,5.0700,5.1900,18357845,93656333.0000,3,1.922471,1,-2.312100,0
2016-03-30,sz.000680,5.1100,5.2500,5.1100,5.2500,5.0700,16694983,86746180.0000,3,1.748333,1,3.550300,0
2016-03-31,sz.000680,5.3000,5.3600,5.2400,5.2700,5.2500,19354593,102587373.0000,3,2.026853,1,0.381000,0
2016-04-01,sz.000680,5.2700,5.3200,5.1200,5.2500,5.2700,17506932,91277788.0000,3,1.833362,1,-0.379500,0
2016-04-05,sz.000680,5.2400,5.5000,5.2400,5.4500,5.2500,35232946,190650886.0000,3,3.689667,1,3.809500,0
2016-04-06,sz.000680,5.4100,5.4600,5.3600,5.4500,5.4500,25697237,138935639.0000,3,2.691068,1,0.000000,0
2016-04-07,sz.000680,5.4700,5.4800,5.3200,5.3400,5.4500,22763534,122433358.0000,3,2.383844,1,-2.018300,0
2016-04-08,sz.000680,5.2700,5.3100,5.1700,5.3000,5.3400,22446595,117544514.0000,3,2.350654,1,-0.749100,0
2016-04-11,sz.000680,5.3300,5.5700,5.3300,5.4300,5.3000,30942196,168807676.0000,3,3.240331,1,2.452800,0
2016-04-12,sz.000680,5.4100,5.4100,5.3100,5.3600,5.4300,19173560,102552574.0000,3,2.007895,1,-1.289100,0
2016-04-13,sz.000680,5.4000,5.6500,5.4000,5.5400,5.3600,52978028,293802512.0000,3,5.547968,1,3.358200,0
2016-04-14,sz.000680,5.5400,5.5900,5.4900,5.5900,5.5400,26265403,145655492.0000,3,2.750567,1,0.902500,0
2016-04-15,sz.000680,5.6000,5.7900,5.5200,5.7700,5.5900,43552923,246571261.0000,3,4.560952,1,3.220000,0
2016-04-18,sz.000680,5.7000,5.8500,5.6000,5.6800,5.7700,39796021,227989107.0000,3,4.167521,1,-1.559800,0
2016-04-19,sz.000680,5.7400,5.8700,5.6100,5.8500,5.6800,34220407,196107672.0000,3,3.583632,1,2.993000,0
2016-04-20,sz.000680,5.8600,6.0000,5.3400,5.4500,5.8500,42260000,237221889.0000,3,4.425554,1,-6.837600,0
2016-04-21,sz.000680,5.4800,5.5800,5.4300,5.4400,5.4500,24171853,132816469.0000,3,2.531326,1,-0.183500,0
2016-04-22,sz.000680,5.4100,5.7600,5.3700,5.6900,5.4400,36100590,202358001.0000,3,3.780528,1,4.595600,0
2016-04-25,sz.000680,5.6000,5.7000,5.4700,5.6300,5.6900,20041939,111977559.0000,3,2.098833,1,-1.054500,0
2016-04-26,sz.000680,5.6300,5.7200,5.5300,5.7100,5.6300,17996195,101140225.0000,3,1.884599,1,1.421000,0
2016-04-27,sz.000680,5.7400,5.7500,5.5500,5.6000,5.7100,26158867,147491650.0000,3,2.739411,1,-1.926400,0
2016-04-28,sz.000680,5.6000,5.6400,5.4500,5.6000,5.6000,20471822,113955913.0000,3,2.143851,1,0.000000,0
2016-04-29,sz.000680,5.5400,5.7000,5.5300,5.5900,5.6000,22301739,125216377.0000,3,2.335484,1,-0.178600,0
2016-05-03,sz.000680,5.6100,5.7000,5.5500,5.6900,5.5900,25152299,142197871.0000,3,2.634001,1,1.788900,0
2016-05-04,sz.000680,5.6800,5.7800,5.6500,5.6600,5.6900,23071996,132006855.0000,3,2.416147,1,-0.527200,0
2016-05-05,sz.000680,5.6700,5.7500,5.6300,5.7400,5.6600,17257441,98216719.0000,3,1.807235,1,1.413400,0
2016-05-06,sz.000680,5.7300,5.7500,5.2900,5.3000,5.7400,36894173,203041505.0000,3,3.863634,1,-7.665500,0
2016-05-09,sz.000680,5.2700,5.2800,5.0100,5.0500,5.3000,21859703,111042326.0000,3,2.289193,1,-4.717000,0
2016-05-10,sz.000680,5.0600,5.1200,5.0000,5.0500,5.0500,11677839,59094959.0000,3,1.222927,1,0.000000,0
2016-05-11,sz.000680,5.0700,5.0800,4.8400,4.9300,5.0500,26549105,132026687.0000,3,2.780277,1,-2.376200,0
2016-05-12,sz.000680,4.8800,4.9100,4.7300,4.9100,4.9300,14638543,70689379.0000,3,1.532978,1,-0.405700,0
2016-05-13,sz.000680,4.9200,5.0500,4.8100,4.8900,4.9100,14966807,73650859.0000,3,1.567355,1,-0.407300,0
2016-05-16,sz.000680,4.9000,4.9600,4.8100,4.9500,4.8900,13216518,64831335.0000,3,1.384061,1,1.227000,0
2016-05-17,sz.000680,4.9900,5.1000,4.9500,4.9800,4.9500,16873776,84906029.0000,3,1.767057,1,0.606100,0
2016-05-18,sz.000680,4.9500,4.9800,4.8000,4.8600,4.9800,14786801,72071530.0000,3,1.548504,1,-2.409600,0
2016-05-19,sz.000680,4.8300,4.9400,4.8300,4.8700,4.8600,9694238,47452135.0000,3,1.015201,1,0.205800,0
2016-05-20,sz.000680,4.8800,5.0000,4.8000,4.9700,4.8700,10795227,53144526.0000,3,1.130498,1,2.053400,0
2016-05-23,sz.000680,5.0000,5.1400,4.9800,5.0700,4.9700,15112202,76664400.0000,3,1.582581,1,2.012100,0
2016-05-24,sz.000680,5.0300,5.1000,5.0000,5.0700,5.0700,15793175,79642595.0000,3,1.653894,1,0.000000,0
2016-05-25,sz.000680,5.0900,5.2000,5.0300,5.0500,5.0700,13592951,69471860.0000,3,1.423482,1,-0.394500,0
2016-05-26,sz.000680,5.0800,5.1000,4.9000,5.0300,5.0500,10757430,53620614.0000,3,1.126540,1,-0.396000,0
2016-05-27,sz.000680,5.0200,5.0500,4.9400,4.9700,5.0300,8274405,41307648.0000,3,0.866513,1,-1.192900,0
2016-05-30,sz.000680,4.9500,5.0900,4.8800,4.9700,4.9700,7585317,37829444.0000,3,0.794350,1,0.000000,0
2016-05-31,sz.000680,4.9800,5.1300,4.9800,5.1200,4.9700,22923908,116241777.0000,3,2.400639,1,3.018100,0
2016-06-01,sz.000680,5.1200,5.1400,5.0700,5.0800,5.1200,18495767,94345184.0000,3,1.936915,1,-0.781200,0
2016-06-02,sz.000680,5.0800,5.1200,5.0400,5.0900,5.0800,17333261,88157471.0000,3,1.815175,1,0.196900,0
2016-06-03,sz.000680,5.0800,5.1100,5.0600,5.1000,5.0900,16846969,85671270.0000,3,1.764249,1,0.196500,0
2016-06-06,sz.000680,5.1000,5.1300,5.0400,5.0600,5.1000,15633887,79376079.0000,3,1.637213,1,-0.784300,0
2016-06-07,sz.000680,5.0600,5.0900,5.0200,5.0500,5.0600,10321347,52066610.0000,3,1.080873,1,-0.197600,0
2016-06-08,sz.000680,5.0700,5.0700,4.9400,4.9900,5.0500,11320416,56569521.0000,3,1.185497,1,-1.188100,0
2016-06-13,sz.000680,4.9600,4.9700,4.7800,4.7800,4.9900,14287475,69930958.0000,3,1.496214,1,-4.208400,0
2016-06-14,sz.000680,4.8000,4.8200,4.7400,4.8000,4.7800,9974534,47645354.0000,3,1.044554,1,0.418400,0
2016-06-15,sz.000680,4.7600,4.9100,4.7400,4.8900,4.8000,11270279,54694685.0000,3,1.180247,1,1.875000,0
2016-06-16,sz.000680,4.8800,4.9000,4.7800,4.8000,4.8900,11126052,53796913.0000,3,1.165143,1,-1.840500,0
2016-06-17,sz.000680,4.8300,4.8800,4.8000,4.8400,4.8000,9013596,43721696.0000,3,0.943922,1,0.833300,0
2016-06-20,sz.000680,4.8500,4.8600,4.7700,4.8200,4.8400,8868444,42631218.0000,3,0.928722,1,-0.413200,0
2016-06-21,sz.000680,4.8400,4.9000,4.8200,4.8200,4.8200,10085831,48916122.0000,3,1.056209,1,0.000000,0
2016-06-22,sz.000680,4.8300,4.8900,4.7900,4.8800,4.8200,10310401,49996287.0000,3,1.079726,1,1.244800,0
2016-06-23,sz.000680,4.8700,4.9400,4.8300,4.9000,4.8800,12817345,62837951.0000,3,1.342259,1,0.409800,0
2016-06-24,sz.000680,4.8900,4.9300,4.7300,4.7700,4.9000,15762031,75940831.0000,3,1.650632,1,-2.653100,0
2016-06-27,sz.000680,4.7600,4.8500,4.7500,4.8500,4.7700,9830811,47333895.0000,3,1.029503,1,1.677100,0
2016-06-28,sz.000680,4.8200,4.9200,4.8100,4.9000,4.8500,15192596,74005464.0000,3,1.591000,1,1.030900,0
2016-06-29,sz.000680,4.9400,5.0800,4.8800,4.9800,4.9000,24896249,124347489.0000,3,2.607187,1,1.632700,0
2016-06-30,sz.000680,4.9800,5.0100,4.8900,4.9300,4.9800,13805726,68091513.0000,3,1.445763,1,-1.004000,0
2016-07-01,sz.000680,4.9300,4.9600,4.8900,4.9000,4.9300,8449097,41596996.0000,3,0.884806,1,-0.608500,0
2016-07-04,sz.000680,4.8800,4.9900,4.8700,4.9900,4.9000,19312859,95901191.0000,3,2.022481,1,1.836700,0
2016-07-05,sz.000680,5.0300,5.2200,5.0000,5.1200,4.9900,44003897,224889599.0000,3,4.608177,1,2.605200,0
2016-07-06,sz.000680,5.0700,5.0900,5.0200,5.0800,5.1200,20826818,105374972.0000,3,2.181026,1,-0.781200,0
2016-07-07,sz.000680,5.0900,5.1300,5.0200,5.1000,5.0800,21120423,107158900.0000,3,2.211773,1,0.393700,0
2016-07-08,sz.000680,5.1000,5.1200,5.0500,5.0500,5.1000,13897361,70453773.0000,3,1.455360,1,-0.980400,0
2016-07-11,sz.000680,5.0600,5.0900,5.0200,5.0300,5.0500,17186630,86902194.0000,3,1.799818,1,-0.396000,0
2016-07-12,sz.000680,5.0400,5.1200,4.9900,5.1100,5.0300,23915668,121001113.0000,3,2.504497,1,1.590500,0
2016-07-13,sz.000680,5.1000,5.1700,5.0900,5.1500,5.1100,27789012,142776600.0000,3,2.910121,1,0.782800,0
2016-07-14,sz.000680,5.1400,5.1700,5.1100,5.1700,5.1500,16376822,84001258.0000,3,1.715014,1,0.388300,0
2016-07-15,sz.000680,5.1900,5.2900,5.1600,5.1700,5.1700,30763434,160403873.0000,3,3.221609,1,0.000000,0
2016-07-18,sz.000680,5.1300,5.1500,5.0700,5.1000,5.1700,16309034,83206607.0000,3,1.707915,1,-1.354000,0
2016-07-19,sz.000680,5.0800,5.1100,5.0600,5.1100,5.1000,10848333,55131553.0000,3,1.136059,1,0.196100,0
2016-07-20,sz.000680,5.1100,5.1300,5.0500,5.0600,5.1100,10777695,54851177.0000,3,1.128662,1,-0.978500,0
2016-07-21,sz.000680,5.0600,5.1600,5.0500,5.1000,5.0600,16957928,86483957.0000,3,1.775868,1,0.790500,0
2016-07-22,sz.000680,5.0900,5.1800,5.0800,5.1100,5.1000,18497214,94676122.0000,3,1.937065,1,0.196100,0
2016-07-25,sz.000680,5.1400,5.1800,5.0900,5.1400,5.1100,18017666,92471670.0000,3,1.886846,1,0.587100,0
2016-07-26,sz.000680,5.1300,5.1900,5.1100,5.1900,5.1400,19654279,101426983.0000,3,2.058236,1,0.972800,0
2016-07-27,sz.000680,5.2000,5.2000,4.9200,4.9800,5.1900,27497790,139207599.0000,3,2.879624,1,-4.046200,0
2016-07-28,sz.000680,4.9300,4.9900,4.8900,4.9600,4.9800,15999190,79085350.0000,3,1.675467,1,-0.401600,0
2016-07-29,sz.000680,4.9600,4.9600,4.8900,4.8900,4.9600,12211100,60004435.0000,3,1.278771,1,-1.411300,0
2016-08-01,sz.000680,4.8800,4.8800,4.8100,4.8400,4.8900,8997923,43530378.0000,3,0.942281,1,-1.022500,0
2016-08-02,sz.000680,4.8600,4.8800,4.8400,4.8800,4.8400,5267691,25589024.0000,3,0.551643,1,0.826400,0
2016-08-03,sz.000680,4.8700,4.9800,4.8500,4.9300,4.8800,11794241,57992047.0000,3,1.235117,1,1.024600,0
2016-08-04,sz.000680,4.9100,4.9600,4.8400,4.9100,4.9300,11967145,58635763.0000,3,1.253224,1,-0.405700,0
2016-08-05,sz.000680,4.9300,4.9400,4.8800,4.8800,4.9100,9329399,45749600.0000,3,0.976993,1,-0.611000,0
2016-08-08,sz.000680,4.8700,4.9500,4.8600,4.9500,4.8800,11259984,55411573.0000,3,1.179168,1,1.434400,0
2016-08-09,sz.000680,4.9400,4.9800,4.9200,4.9700,4.9500,13074148,64868827.0000,3,1.369151,1,0.404000,0
2016-08-10,sz.000680,4.9700,4.9900,4.9300,4.9400,4.9700,12290953,60896080.0000,3,1.287133,1,-0.603600,0
2016-08-11,sz.000680,4.9300,4.9600,4.8700,4.8700,4.9400,10431500,51132498.0000,3,1.092408,1,-1.417000,0
2016-08-12,sz.000680,4.8600,4.9500,4.8500,4.9500,4.8700,10568294,51753739.0000,3,1.106733,1,1.642700,0
2016-08-15,sz.000680,4.9500,5.0500,4.9300,5.0300,4.9500,27380025,136902690.0000,3,2.867291,1,1.616200,0
2016-08-16,sz.000680,5.0400,5.1900,5.0000,5.1100,5.0300,42554683,218292436.0000,3,4.456412,1,1.590500,0
2016-08-17,sz.000680,5.0800,5.1600,5.0300,5.0900,5.1100,19921762,101171333.0000,3,2.086247,1,-0.391400,0
2016-08-18,sz.000680,5.1000,5.1800,5.0800,5.1700,5.0900,24949609,127832406.0000,3,2.612773,1,1.571700,0
2016-08-19,sz.000680,5.1400,5.2000,5.0800,5.1600,5.1700,23012628,118188918.0000,3,2.409929,1,-0.193400,0
2016-08-22,sz.000680,5.1500,5.1800,5.0900,5.1100,5.1600,17286208,88560960.0000,3,1.810247,1,-0.969000,0
2016-08-23,sz.000680,5.1100,5.2800,5.0700,5.1600,5.1100,31291993,161884059.0000,3,3.276961,1,0.978500,0
2016-08-24,sz.000680,5.1400,5.1600,5.0700,5.0800,5.1600,15553721,79383115.0000,3,1.628817,1,-1.550400,0
2016-08-25,sz.000680,5.0600,5.0800,5.0100,5.0700,5.0800,10952500,55275495.0000,3,1.146968,1,-0.196800,0
2016-08-26,sz.000680,5.0800,5.1200,5.0600,5.0700,5.0700,8413502,42827828.0000,3,0.881079,1,0.000000,0
2016-08-29,sz.000680,5.0700,5.1900,5.0400,5.1700,5.0700,19021324,97864544.0000,3,1.991951,1,1.972400,0
2016-08-30,sz.000680,5.1700,5.1800,5.1000,5.1200,5.1700,11549864,59275772.0000,3,1.209525,1,-0.967100,0
2016-08-31,sz.000680,5.1200,5.1700,5.1200,5.1600,5.1200,12720011,65485343.0000,3,1.332065,1,0.781200,0
2016-09-01,sz.000680,5.1900,5.2200,5.0900,5.0900,5.1600,12291533,63156037.0000,3,1.287194,1,-1.356600,0
2016-09-02,sz.000680,5.0800,5.1300,5.0400,5.0800,5.0900,10830187,55015795.0000,3,1.134159,1,-0.196500,0
2016-09-05,sz.000680,5.1000,5.1400,5.0700,5.1100,5.0800,13970905,71343177.0000,3,1.463061,1,0.590555,0
2016-09-06,sz.000680,5.1300,5.2000,5.0700,5.2000,5.1100,26881753,138602723.0000,3,2.815111,1,1.761246,0
2016-09-07,sz.000680,5.1900,5.7200,5.1700,5.7200,5.2000,160754311,903821600.0000,3,16.834515,1,10.000000,0
2016-09-08,sz.000680,5.6400,5.6700,5.4900,5.5400,5.7200,99749422,554228528.0000,3,10.445960,1,-3.146850,0
2016-09-09,sz.000680,5.5000,5.8300,5.5000,5.5900,5.5400,101326769,573553456.0000,3,10.611143,1,0.902531,0
2016-09-12,sz.000680,5.4000,5.6500,5.3900,5.5200,5.5900,49383498,271632736.0000,3,5.171539,1,-1.252239,0
2016-09-13,sz.000680,5.5000,5.6700,5.4900,5.5600,5.5200,38455978,214571133.0000,3,4.027187,1,0.724637,0
2016-09-14,sz.000680,5.4600,5.6900,5.4100,5.6100,5.5600,50361682,281120800.0000,3,5.273977,1,0.899284,0
2016-09-19,sz.000680,5.5900,6.1200,5.5900,5.8700,5.6100,94672643,557287648.0000,3,8.957155,1,4.634577,0
2016-09-20,sz.000680,5.8000,5.9700,5.7100,5.9300,5.8700,57686982,336139872.0000,3,5.457873,1,1.022146,0
2016-09-21,sz.000680,5.8600,5.9300,5.7800,5.7900,5.9300,33517856,195577431.0000,3,3.171187,1,-2.360875,0
2016-09-22,sz.000680,5.8300,5.9000,5.7400,5.7600,5.7900,30924928,179395652.0000,3,2.925865,1,-0.518130,0
2016-09-23,sz.000680,5.7700,5.8700,5.7100,5.8000,5.7600,33078601,191168839.0000,3,3.129628,1,0.694444,0
2016-09-26,sz.000680,5.7400,5.7600,5.4800,5.5000,5.8000,39356584,219713533.0000,3,3.723600,1,-5.172417,0
2016-09-27,sz.000680,5.4700,5.5500,5.3700,5.5400,5.5000,25701182,140196858.0000,3,2.431637,1,0.727272,0
2016-09-28,sz.000680,5.5400,5.6300,5.4800,5.6200,5.5400,30824381,171898482.0000,3,2.916352,1,1.444042,0
2016-09-29,sz.000680,5.6000,5.8400,5.5700,5.7800,5.6200,43488240,249259156.0000,3,4.114504,1,2.846981,0
2016-09-30,sz.000680,5.7500,5.8700,5.6800,5.8000,5.7800,24433810,140896074.0000,3,2.311728,1,0.346020,0
2016-10-10,sz.000680,5.8200,5.8900,5.7300,5.8900,5.8000,25182654,146439080.0000,3,2.382578,1,1.551718,0
2016-10-11,sz.000680,5.8600,5.8600,5.7600,5.8100,5.8900,21320482,123657348.0000,3,2.017171,1,-1.358233,0
2016-10-12,sz.000680,5.7800,5.8500,5.7300,5.8100,5.8100,16599301,95972148.0000,3,1.570491,1,0.000000,0
2016-10-13,sz.000680,5.8000,5.8300,5.7500,5.7700,5.8100,17264884,100034142.0000,3,1.633463,1,-0.688468,0
2016-10-14,sz.000680,5.7500,5.7600,5.5900,5.6900,5.7700,22959608,129935149.0000,3,2.172251,1,-1.386480,0
2016-10-17,sz.000680,5.6500,5.7000,5.4600,5.4800,5.6900,22956838,128275271.0000,3,2.171989,1,-3.690686,0
2016-10-18,sz.000680,5.5000,5.9800,5.4400,5.8100,5.4800,52913549,302900128.0000,3,5.006250,1,6.021896,0
2016-10-19,sz.000680,5.7900,5.8800,5.6400,5.7000,5.8100,39675963,228242113.0000,3,3.753817,1,-1.893290,0
2016-10-20,sz.000680,5.7000,5.7400,5.6000,5.6200,5.7000,25832703,145924789.0000,3,2.444080,1,-1.403507,0
2016-10-21,sz.000680,5.6200,5.9400,5.5900,5.8300,5.6200,75855608,438595920.0000,3,7.176841,1,3.736655,0
2016-10-24,sz.000680,5.8100,6.0300,5.7700,5.9100,5.8300,80719626,477109200.0000,3,7.637034,1,1.372211,0
2016-10-25,sz.000680,5.9000,5.9000,5.7800,5.8600,5.9100,40864057,238398065.0000,3,3.866225,1,-0.846019,0
2016-10-26,sz.000680,5.8800,6.0700,5.7800,5.9900,5.8600,69619485,413684976.0000,3,6.586829,1,2.218424,0
2016-10-27,sz.000680,5.9300,6.1300,5.8900,5.9500,5.9900,51635046,309142880.0000,3,4.885288,1,-0.667779,0
2016-10-28,sz.000680,5.8800,5.9200,5.7800,5.7800,5.9500,37350303,217760943.0000,3,3.533782,1,-2.857136,0
2016-10-31,sz.000680,5.7500,5.7500,5.5700,5.6800,5.7800,30846223,173959756.0000,3,2.918419,1,-1.730110,0
2016-11-01,sz.000680,5.6800,5.7500,5.6200,5.7500,5.6800,21613194,123055418.0000,3,2.044865,1,1.232397,0
2016-11-02,sz.000680,5.6800,5.7300,5.5600,5.5800,5.7500,33287395,187450914.0000,3,3.149383,1,-2.956523,0
2016-11-03,sz.000680,5.5300,5.7600,5.5300,5.6500,5.5800,31784533,180079198.0000,3,3.007194,1,1.254483,0
2016-11-04,sz.000680,5.6600,5.7100,5.5600,5.6500,5.6500,25249816,142229178.0000,3,2.388932,1,0.000000,0
2016-11-07,sz.000680,5.6200,5.6700,5.5500,5.6200,5.6500,20842733,117105736.0000,3,1.971970,1,-0.530977,0
2016-11-08,sz.000680,5.6500,5.7800,5.6200,5.7300,5.6200,32169586,183543801.0000,3,3.043625,1,1.957298,0
2016-11-09,sz.000680,5.7000,5.8400,5.6400,5.7900,5.7300,44946762,258412779.0000,3,4.252497,1,1.047119,0
2016-11-10,sz.000680,5.8500,6.0300,5.8000,5.8300,5.7900,61388239,362685328.0000,3,5.808056,1,0.690846,0
2016-11-11,sz.000680,5.8300,6.4100,5.8000,6.0900,5.8300,122065530,748346880.0000,3,11.548847,1,4.459695,0
2016-11-14,sz.000680,6.0800,6.7000,6.0500,6.7000,6.0900,170108480,1099198832.0000,3,16.094281,1,10.016410,0
2016-11-15,sz.000680,7.0200,7.2400,6.7400,6.9100,6.7000,210362516,1465488560.0000,3,19.902790,1,3.134329,0
2016-11-16,sz.000680,6.8000,6.8000,6.5400,6.7100,6.9100,105451228,701806368.0000,3,9.976937,1,-2.894353,0
2016-11-17,sz.000680,6.6300,6.8500,6.4000,6.6400,6.7100,105169621,689223936.0000,3,9.950294,1,-1.043222,0
2016-11-18,sz.000680,6.6100,6.6200,6.4200,6.4400,6.6400,58789843,382637536.0000,3,5.562217,1,-3.012045,0
2016-11-21,sz.000680,6.4500,6.6500,6.4200,6.4600,6.4400,63989608,417868784.0000,3,6.054176,1,0.310559,0
2016-11-22,sz.000680,6.5200,6.5600,6.4000,6.5300,6.4600,58036985,375666864.0000,3,5.490987,1,1.083594,0
2016-11-23,sz.000680,6.5300,6.6400,6.3000,6.3400,6.5300,66565727,432095232.0000,3,6.297908,1,-2.909649,0
2016-11-24,sz.000680,6.3400,6.4300,6.2700,6.4100,6.3400,42646528,271062592.0000,3,4.034868,1,1.104096,0
2016-11-25,sz.000680,6.3700,6.4000,6.1800,6.3700,6.4100,41259268,259408693.0000,3,3.903616,1,-0.624024,0
2016-11-28,sz.000680,6.3900,6.6800,6.3100,6.5400,6.3700,76114220,497146544.0000,3,7.201308,1,2.668761,0
2016-11-29,sz.000680,6.5500,6.8500,6.4600,6.6100,6.5400,84038537,555090048.0000,3,7.951043,1,1.070339,0
2016-11-30,sz.000680,6.5600,6.5700,6.3000,6.3300,6.6100,54061891,344681616.0000,3,5.114896,1,-4.236009,0
2016-12-01,sz.000680,6.3100,6.4000,6.2700,6.3600,6.3300,32330983,205005038.0000,3,3.058895,1,0.473937,0
2016-12-02,sz.000680,6.3500,6.3500,6.1200,6.1200,6.3600,38769605,240620047.0000,3,3.668065,1,-3.773589,0
2016-12-05,sz.000680,6.0200,6.1100,5.9100,5.9500,6.1200,37609588,225307267.0000,3,3.558313,1,-2.777779,0
2016-12-06,sz.000680,5.9600,6.0100,5.9200,5.9500,5.9500,16684221,99494270.0000,3,1.578525,1,0.000000,0
2016-12-07,sz.000680,5.9500,6.0900,5.9000,6.0700,5.9500,28935561,173697618.0000,3,2.737647,1,2.016813,0
2016-12-08,sz.000680,6.0600,6.1900,6.0300,6.1100,6.0700,29284496,178837636.0000,3,2.770661,1,0.658978,0
2016-12-09,sz.000680,6.1000,6.1500,6.0400,6.0700,6.1100,22219544,135344663.0000,3,2.102233,1,-0.654664,0
2016-12-12,sz.000680,6.0700,6.0800,5.5300,5.5400,6.0700,39743081,229192019.0000,3,3.760167,1,-8.731469,0
2016-12-13,sz.000680,5.5500,5.6300,5.4500,5.5900,5.5400,19853043,110408689.0000,3,1.878333,1,0.902531,0
2016-12-14,sz.000680,5.5900,5.6400,5.5300,5.5300,5.5900,16118101,90013051.0000,3,1.524964,1,-1.073344,0
2016-12-15,sz.000680,5.5200,5.6400,5.5200,5.5800,5.5300,15328470,85550677.0000,3,1.450255,1,0.904154,0
2016-12-16,sz.000680,5.5800,5.7600,5.5600,5.7000,5.5800,25221803,143438509.0000,3,2.386282,1,2.150536,0
2016-12-19,sz.000680,5.7100,5.7400,5.6000,5.6700,5.7000,12862235,72697063.0000,3,1.216920,1,-0.526311,0
2016-12-20,sz.000680,5.6700,5.7000,5.5400,5.6100,5.6700,16495490,92672406.0000,3,1.560669,1,-1.058200,0
2016-12-21,sz.000680,5.6500,5.7500,5.6300,5.7400,5.6100,22637938,129107127.0000,3,2.141818,1,2.317284,0
2016-12-22,sz.000680,5.7000,5.8000,5.6800,5.7300,5.7400,16498344,94764440.0000,3,1.560939,1,-0.174212,0
2016-12-23,sz.000680,5.7300,5.7500,5.5800,5.5800,5.7300,16271958,91691701.0000,3,1.539520,1,-2.617803,0
2016-12-26,sz.000680,5.5500,5.6500,5.3800,5.6200,5.5800,23617831,129530796.0000,3,2.234527,1,0.716845,0
2016-12-27,sz.000680,5.5900,5.6700,5.5800,5.5800,5.6200,13927537,78168747.0000,3,1.317710,1,-0.711743,0
2016-12-28,sz.000680,5.5600,5.6000,5.5000,5.5300,5.5800,10618904,58948776.0000,3,1.004674,1,-0.896052,0
2016-12-29,sz.000680,5.5300,5.7000,5.4800,5.5800,5.5300,15565596,86987983.0000,3,1.472690,1,0.904154,0
2016-12-30,sz.000680,5.5600,5.6000,5.4800,5.5300,5.5800,11233770,62233409.0000,3,1.062848,1,-0.896052,0
2017-01-03,sz.000680,5.5400,5.6100,5.5300,5.5900,5.5300,11755909,65554582.0000,3,1.112246,1,1.084990,0
2017-01-04,sz.000680,5.6000,5.7200,5.5700,5.7200,5.5900,25626495,145453696.0000,3,2.424565,1,2.325575,0
2017-01-05,sz.000680,5.7200,5.8600,5.6700,5.7600,5.7200,32090938,185510464.0000,3,3.036176,1,0.699308,0
2017-01-06,sz.000680,5.7300,6.1900,5.6700,6.0800,5.7600,67364459,400191872.0000,3,6.373462,1,5.555550,0
2017-01-09,sz.000680,6.0000,6.1500,5.9800,6.1500,6.0800,38693701,235882615.0000,3,3.660875,1,1.151319,0
2017-01-10,sz.000680,6.1000,6.1200,5.9800,5.9900,6.1500,24793105,149516192.0000,3,2.345716,1,-2.601631,0
2017-01-11,sz.000680,5.9900,6.0100,5.8400,5.8800,5.9900,20141609,118940156.0000,3,1.905631,1,-1.836388,0
2017-01-12,sz.000680,5.8700,5.9900,5.8400,5.8400,5.8800,18845608,111246511.0000,3,1.783014,1,-0.680271,0
2017-01-13,sz.000680,5.8600,5.8900,5.6700,5.7000,5.8400,18837330,108768780.0000,3,1.782231,1,-2.397266,0
2017-01-16,sz.000680,5.6900,5.7500,5.2100,5.5600,5.7000,23888058,133702201.0000,3,2.260088,1,-2.456138,0
2017-01-17,sz.000680,5.5000,5.6200,5.4700,5.6200,5.5600,11560501,64240346.0000,3,1.093758,1,1.079136,0
2017-01-18,sz.000680,5.6300,5.7300,5.5700,5.6200,5.6200,16474345,93042944.0000,3,1.558665,1,0.000000,0
2017-01-19,sz.000680,5.5900,5.6700,5.5400,5.5800,5.6200,12471154,69921342.0000,3,1.179916,1,-0.711743,0
2017-01-20,sz.000680,5.5800,5.7200,5.5600,5.7000,5.5800,13451479,76337496.0000,3,1.272667,1,2.150536,0
2017-01-23,sz.000680,5.7100,5.9200,5.7100,5.8100,5.7000,15155188,88184744.0000,3,1.433857,1,1.929827,0
2017-01-24,sz.000680,5.8000,6.0100,5.7500,5.9300,5.8100,27641937,163395666.0000,3,2.615249,1,2.065403,0
2017-01-25,sz.000680,5.9100,5.9800,5.8700,5.9100,5.9300,13645294,80803073.0000,3,1.291004,1,-0.337268,0
2017-01-26,sz.000680,5.8900,5.9400,5.8500,5.8800,5.9100,12531945,73781798.0000,3,1.185668,1,-0.507610,0
2017-02-03,sz.000680,5.9000,5.9300,5.7600,5.7900,5.8800,12593093,73142924.0000,3,1.191453,1,-1.530615,0
2017-02-06,sz.000680,5.7800,5.9300,5.7500,5.9000,5.7900,14255970,83505718.0000,3,1.348781,1,1.899830,0
2017-02-07,sz.000680,5.8900,6.0600,5.8700,6.0100,5.9000,29970520,179750211.0000,3,2.835560,1,1.864409,0
2017-02-08,sz.000680,5.9900,6.0100,5.8900,6.0100,6.0100,22581584,134429112.0000,3,2.136481,1,0.000000,0
2017-02-09,sz.000680,5.9900,6.3500,5.9900,6.2900,6.0100,67484800,419150976.0000,3,6.384848,1,4.658897,0
2017-02-10,sz.000680,6.2800,6.7800,6.1900,6.4200,6.2900,98422536,632935760.0000,3,9.311918,1,2.066774,0
2017-02-13,sz.000680,6.4100,6.5600,6.3000,6.3400,6.4200,53032623,338748752.0000,3,5.017504,1,-1.246105,0
2017-02-14,sz.000680,6.3100,6.4000,6.2500,6.3500,6.3400,34850345,220258989.0000,3,3.297248,1,0.157725,0
2017-02-15,sz.000680,6.3300,6.3400,6.1200,6.1800,6.3500,44363588,275285136.0000,3,4.197312,1,-2.677167,0
2017-02-16,sz.000680,6.1500,6.2700,6.1500,6.2500,6.1800,32251258,200812041.0000,3,3.051345,1,1.132689,0
2017-02-17,sz.000680,6.2100,6.2700,6.0700,6.0900,6.2500,30309482,186518296.0000,3,2.867630,1,-2.559998,0
2017-02-20,sz.000680,6.1500,6.4700,6.1300,6.4200,6.0900,66872967,424311952.0000,3,6.326961,1,5.418718,0
2017-02-21,sz.000680,6.4200,6.4600,6.3100,6.3900,6.4200,39693975,252438578.0000,3,3.755512,1,-0.467293,0
2017-02-22,sz.000680,6.3900,6.7000,6.3500,6.5700,6.3900,84769034,557157520.0000,3,8.020138,1,2.816906,0
2017-02-23,sz.000680,6.5600,6.6900,6.3800,6.5200,6.5700,60724525,395265968.0000,3,5.745247,1,-0.761038,0
2017-02-24,sz.000680,6.4900,6.6500,6.4100,6.5700,6.5200,55981300,365975264.0000,3,5.296483,1,0.766874,0
2017-02-27,sz.000680,6.5200,6.5400,6.3200,6.3400,6.5700,41263155,265015795.0000,3,3.903975,1,-3.500761,0
2017-02-28,sz.000680,6.3600,6.5100,6.2600,6.5000,6.3400,45659593,292503792.0000,3,4.319929,1,2.523657,0
2017-03-01,sz.000680,6.4700,6.5900,6.4300,6.4400,6.5000,40731018,264893064.0000,3,3.853629,1,-0.923076,0
2017-03-02,sz.000680,6.4500,7.0800,6.4100,6.7200,6.4400,136105058,933087984.0000,3,12.877123,1,4.347822,0
2017-03-03,sz.000680,6.6000,6.7100,6.5200,6.6100,6.7200,75404378,497676080.0000,3,7.134132,1,-1.636900,0
2017-03-06,sz.000680,6.6100,6.7200,6.5800,6.6800,6.6100,52878105,351409648.0000,3,5.002884,1,1.058997,0
2017-03-07,sz.000680,6.6500,6.6600,6.5100,6.5800,6.6800,40094021,263557553.0000,3,3.793361,1,-1.497005,0
2017-03-08,sz.000680,6.5900,6.7200,6.5300,6.5800,6.5800,40163248,265751915.0000,3,3.799911,1,0.000000,0
2017-03-09,sz.000680,6.5600,6.6600,6.4500,6.6400,6.5800,42451220,278870768.0000,3,4.016380,1,0.911853,0
2017-03-10,sz.000680,6.6200,6.8000,6.5900,6.6000,6.6400,48733874,325880288.0000,3,4.610792,1,-0.602409,0
2017-03-13,sz.000680,6.5500,6.6800,6.4200,6.5900,6.6000,40521611,265812445.0000,3,3.833816,1,-0.151511,0
2017-03-14,sz.000680,6.5700,6.6600,6.3800,6.3800,6.5900,53026426,344979584.0000,3,5.016917,1,-3.186647,0
2017-03-15,sz.000680,6.3900,6.4700,6.3200,6.3700,6.3800,28394230,181296915.0000,3,2.686425,1,-0.156743,0
2017-03-16,sz.000680,6.3800,6.4500,6.3600,6.4400,6.3700,28222274,180658007.0000,3,2.670156,1,1.098904,0
2017-03-17,sz.000680,6.4300,6.4500,6.2600,6.2900,6.4400,32776160,209314621.0000,3,3.101006,1,-2.329194,0
2017-03-20,sz.000680,6.2800,6.4400,6.2200,6.4300,6.2900,32273368,204097358.0000,3,3.053436,1,2.225753,0
2017-03-21,sz.000680,6.3900,6.4600,6.3500,6.3900,6.4300,18000355,115345513.0000,3,1.703043,1,-0.622083,0
2017-03-22,sz.000680,6.3500,7.0300,6.3200,7.0300,6.3900,198322648,1384550192.0000,3,18.763632,1,10.015660,0
2017-03-23,sz.000680,7.0000,7.6600,6.9200,7.2700,7.0300,302697216,2159831136.0000,3,28.638681,1,3.413937,0
2017-03-24,sz.000680,7.0700,7.5500,7.0500,7.3100,7.2700,208481332,1513470560.0000,3,19.724762,1,0.550206,0
2017-03-27,sz.000680,7.2600,7.4800,7.0700,7.1000,7.3100,133035216,961021728.0000,3,12.586680,1,-2.872777,0
2017-03-28,sz.000680,7.0700,7.3800,6.9400,7.3000,7.1000,124879063,900109456.0000,3,11.815013,1,2.816905,0
2017-03-29,sz.000680,7.2000,7.5800,7.0800,7.2900,7.3000,165494359,1219145024.0000,3,15.657693,1,-0.136989,0
2017-03-30,sz.000680,7.1800,7.7700,7.1400,7.3400,7.2900,159077882,1177773792.0000,3,15.050620,1,0.685874,0
2017-03-31,sz.000680,7.2500,7.3100,6.8100,7.0600,7.3400,114127104,805202848.0000,3,10.797753,1,-3.814717,0
2017-04-05,sz.000680,7.7700,7.7700,7.4000,7.5000,7.0600,178212177,1349969536.0000,3,16.860947,1,6.232296,0
2017-04-06,sz.000680,7.4700,7.5800,7.3800,7.4400,7.5000,110104639,823237344.0000,3,10.417181,1,-0.799999,0
2017-04-07,sz.000680,7.3900,7.4000,7.1200,7.1900,7.4400,89510814,647025536.0000,3,8.468765,1,-3.360215,0
2017-04-10,sz.000680,7.1000,7.3600,7.0500,7.1900,7.1900,68612123,496246528.0000,3,6.491506,1,0.000000,0
2017-04-11,sz.000680,7.2700,7.7500,7.1700,7.6100,7.1900,149403178,1123745440.0000,3,14.135280,1,5.841447,0
2017-04-12,sz.000680,7.5500,7.5500,7.1500,7.1700,7.6100,96064176,702107344.0000,3,9.088790,1,-5.781867,0
2017-04-13,sz.000680,7.1000,7.2600,7.0800,7.2100,7.1700,41206308,295726320.0000,3,3.898597,1,0.557879,0
2017-04-14,sz.000680,7.2000,7.3300,7.0000,7.0500,7.2100,51003757,364208464.0000,3,4.825549,1,-2.219138,0
2017-04-17,sz.000680,7.0600,7.1400,6.8800,6.9500,7.0500,42072937,294495360.0000,3,3.980590,1,-1.418445,0
2017-04-18,sz.000680,6.9400,7.0700,6.9200,7.0000,6.9500,33134488,231595034.0000,3,3.134908,1,0.719427,0
2017-04-19,sz.000680,6.9300,6.9800,6.5700,6.6700,7.0000,53245379,358904832.0000,3,5.037633,1,-4.714284,0
2017-04-20,sz.000680,6.6600,6.7600,6.1100,6.3200,6.6700,68118114,438094592.0000,3,6.444767,1,-5.247375,0
2017-04-21,sz.000680,6.3100,6.3800,6.2200,6.2800,6.3200,25394781,159576318.0000,3,2.402642,1,-0.632911,0
2017-04-24,sz.000680,6.2700,6.3200,5.7300,5.7500,6.2800,44692835,265730656.0000,3,4.228463,1,-8.439493,0
2017-04-25,sz.000680,5.7800,5.9200,5.7700,5.8700,5.7500,28138199,164883730.0000,3,2.662201,1,2.086955,0
2017-04-26,sz.000680,5.8900,5.9500,5.8500,5.8900,5.8700,21013112,123841756.0000,3,1.988085,1,0.340715,0
2017-04-27,sz.000680,5.8600,6.1700,5.7500,6.1100,5.8900,44763629,268718208.0000,3,4.235161,1,3.735149,0
2017-04-28,sz.000680,6.0600,6.1800,6.0300,6.1400,6.1100,28828867,176058312.0000,3,2.727547,1,0.490994,0
2017-05-02,sz.000680,6.0900,6.2400,6.0800,6.1900,6.1400,29115471,179759244.0000,3,2.754663,1,0.814335,0
2017-05-03,sz.000680,6.1600,6.3500,6.1000,6.2100,6.1900,32414667,202178414.0000,3,3.066805,1,0.323101,0
2017-05-04,sz.000680,6.1700,6.3400,6.0800,6.1700,6.2100,33716254,208959072.0000,3,3.189950,1,-0.644122,0
2017-05-05,sz.000680,6.1000,6.4400,6.1000,6.2100,6.1700,46833673,293308736.0000,3,4.431011,1,0.648298,0
2017-05-08,sz.000680,6.1900,6.2600,5.8000,5.8100,6.2100,43716229,262582753.0000,3,4.136064,1,-6.441225,0
2017-05-09,sz.000680,5.8100,5.9600,5.8100,5.9500,5.8100,21034067,124061106.0000,3,1.990068,1,2.409636,0
2017-05-10,sz.000680,5.9500,6.0300,5.6200,5.6500,5.9500,31821343,185229553.0000,3,3.010670,1,-5.042012,0
2017-05-11,sz.000680,5.6400,5.8000,5.5100,5.8000,5.6500,29843755,169568581.0000,3,2.823567,1,2.654869,0
2017-05-12,sz.000680,5.8100,5.9000,5.6800,5.8500,5.8000,29069551,169081244.0000,3,2.750318,1,0.862064,0
2017-05-15,sz.000680,5.8900,5.9200,5.7200,5.7300,5.8500,24426157,142449468.0000,3,2.310999,1,-2.051280,0
2017-05-16,sz.000680,5.7000,5.8200,5.5100,5.8100,5.7300,30020103,169868003.0000,3,2.840251,1,1.396159,0
2017-05-17,sz.000680,5.8000,5.9300,5.7600,5.8800,5.8100,28899500,169444126.0000,3,2.734229,1,1.204822,0
2017-05-18,sz.000680,5.8000,5.8500,5.7100,5.7200,5.8800,21448681,123837608.0000,3,2.029295,1,-2.721094,0
2017-05-19,sz.000680,5.7200,5.8200,5.7200,5.7400,5.7200,14147325,81451617.0000,3,1.338502,1,0.349650,0
2017-05-22,sz.000680,5.7400,5.7900,5.5500,5.5800,5.7400,16050827,90981553.0000,3,1.518595,1,-2.787454,0
2017-05-23,sz.000680,5.5800,5.5900,5.2100,5.2300,5.5800,26999272,145254971.0000,3,2.554446,1,-6.272400,0
2017-05-24,sz.000680,5.2000,5.2900,5.0500,5.2800,5.2300,18330344,95252893.0000,3,1.734264,1,0.956027,0
2017-05-25,sz.000680,5.3000,5.3700,5.1500,5.3500,5.2800,20257218,106870244.0000,3,1.916569,1,1.325752,0
2017-05-26,sz.000680,5.3500,5.3900,5.3000,5.3100,5.3500,14740031,78748588.0000,3,1.394579,1,-0.747663,0
2017-05-31,sz.000680,5.3800,5.4200,5.3000,5.3000,5.3100,14925339,80088559.0000,3,1.412111,1,-0.188319,0
2017-06-01,sz.000680,5.2000,5.2900,5.0600,5.0600,5.3000,17847396,92242790.0000,3,1.688571,1,-4.528306,0
2017-06-02,sz.000680,5.0600,5.2000,5.0200,5.1600,5.0600,14749939,75253180.0000,3,1.395516,1,1.976283,0
2017-06-05,sz.000680,5.1800,5.2300,5.1600,5.1900,5.1600,9130090,47429397.0000,3,0.863813,1,0.581399,0
2017-06-06,sz.000680,5.1900,5.2300,5.1400,5.2300,5.1900,9696801,50422093.0000,3,0.917430,1,0.770712,0
2017-06-07,sz.000680,5.2400,5.3800,5.2100,5.3700,5.2300,21816412,115890984.0000,3,2.064087,1,2.676862,0
2017-06-08,sz.000680,5.3600,5.4000,5.3000,5.3200,5.3700,14235720,76065808.0000,3,1.346865,1,-0.931093,0
2017-06-09,sz.000680,5.3100,5.4400,5.2600,5.3900,5.3200,23039949,123290240.0000,3,2.179847,1,1.315784,0
2017-06-12,sz.000680,5.3400,5.3600,5.1900,5.2000,5.3900,18073775,95207303.0000,3,1.709990,1,-3.525047,0
2017-06-13,sz.000680,5.1800,5.2900,5.1700,5.2800,5.2000,10224689,53746127.0000,3,0.967375,1,1.538469,0
2017-06-14,sz.000680,5.2800,5.4800,5.2600,5.3800,5.2800,29435668,158874523.0000,3,2.784957,1,1.893938,0
2017-06-15,sz.000680,5.3500,5.4900,5.3200,5.4300,5.3800,24540732,132836682.0000,3,2.321839,1,0.929363,0
2017-06-16,sz.000680,5.4100,5.4700,5.3600,5.3900,5.4300,16328198,88152288.0000,3,1.544838,1,-0.736648,0
2017-06-19,sz.000680,5.3900,5.5800,5.3800,5.5000,5.3900,23384158,128167247.0000,3,2.212414,1,2.040819,0
2017-06-20,sz.000680,5.4600,5.5100,5.4200,5.4500,5.5000,15811926,86367140.0000,3,1.495992,1,-0.909094,0
2017-06-21,sz.000680,5.4800,5.5000,5.3900,5.4300,5.4500,12584664,68406662.0000,3,1.190656,1,-0.366972,0
2017-06-22,sz.000680,5.4300,5.5300,5.3200,5.3300,5.4300,19000556,103372969.0000,3,1.797674,1,-1.841619,0
2017-06-23,sz.000680,5.2800,5.3200,5.1800,5.2900,5.3300,19281237,101291061.0000,3,1.824230,1,-0.750468,0
2017-06-26,sz.000680,5.2800,5.5400,5.2600,5.5000,5.2900,35854100,196006776.0000,3,3.392215,1,3.969755,0
2017-06-27,sz.000680,5.5000,5.5100,5.4300,5.4900,5.5000,18454541,100946028.0000,3,1.746014,1,-0.181822,0
2017-06-28,sz.000680,5.4700,5.4800,5.4000,5.4200,5.4900,14826650,80536278.0000,3,1.402774,1,-1.275040,0
2017-06-29,sz.000680,5.4200,5.4900,5.4100,5.4500,5.4200,12841066,69950947.0000,3,1.214914,1,0.553501,0
2017-06-30,sz.000680,5.4300,5.4600,5.3900,5.4500,5.4500,12055432,65422727.0000,3,1.140624,1,0.000000,0
2017-07-03,sz.000680,5.4600,5.5300,5.4000,5.5100,5.4500,19295563,105715810.0000,3,1.825649,1,1.100925,0
2017-07-04,sz.000680,5.5000,5.6000,5.4600,5.5700,5.5100,27761541,153736500.0000,3,2.626657,1,1.088928,0
2017-07-05,sz.000680,5.5800,5.6500,5.5100,5.5800,5.5700,23521118,130977141.0000,3,2.225450,1,0.179529,0
2017-07-06,sz.000680,5.5600,5.5900,5.4800,5.5500,5.5800,18830529,104332809.0000,3,1.781650,1,-0.537630,0
2017-07-07,sz.000680,5.5900,5.7400,5.5600,5.6700,5.5500,41373368,234472584.0000,3,3.914539,1,2.162160,0
2017-07-10,sz.000680,5.6500,5.8600,5.6300,5.7900,5.6700,46979755,270084864.0000,3,4.444987,1,2.116400,0
2017-07-11,sz.000680,5.7400,5.8400,5.6600,5.6800,5.7900,32664490,188207538.0000,3,3.090549,1,-1.899830,0
2017-07-12,sz.000680,5.6900,5.7100,5.5300,5.6300,5.6800,25780107,144366577.0000,3,2.439184,1,-0.880277,0
2017-07-13,sz.000680,5.6200,5.8000,5.6000,5.7700,5.6300,35656514,204384036.0000,3,3.373640,1,2.486676,0
2017-07-14,sz.000680,5.8200,5.8500,5.6600,5.7300,5.7700,22646437,129459987.0000,3,2.142692,1,-0.693240,0
2017-07-17,sz.000680,5.7600,5.7600,5.3000,5.3800,5.7300,32334974,178031003.0000,3,3.059372,1,-6.108201,0
2017-07-18,sz.000680,5.3800,5.5000,5.3600,5.5000,5.3800,19087722,103630891.0000,3,1.805984,1,2.230481,0
2017-07-19,sz.000680,5.5000,5.7800,5.4500,5.7600,5.5000,45084190,255727801.0000,3,4.265639,1,4.727277,0
2017-07-20,sz.000680,5.7400,5.8100,5.7000,5.7700,5.7600,32661798,187620602.0000,3,3.090295,1,0.173607,0
2017-07-21,sz.000680,5.7800,6.0400,5.7400,5.8200,5.7700,50460765,296762416.0000,3,4.774343,1,0.866554,0
2017-07-24,sz.000680,5.8000,5.9400,5.7800,5.8500,5.8200,33195619,194788418.0000,3,3.140802,1,0.515459,0
2017-07-25,sz.000680,5.8300,5.8900,5.7200,5.7900,5.8500,25949987,150295747.0000,3,2.455257,1,-1.025640,0
2017-07-26,sz.000680,5.8000,5.8700,5.7400,5.8700,5.7900,25787733,150014348.0000,3,2.439905,1,1.381691,0
2017-07-27,sz.000680,5.8500,5.8700,5.7300,5.8300,5.8700,25726528,149377494.0000,3,2.434114,1,-0.681430,0
2017-07-28,sz.000680,5.8000,5.8800,5.7600,5.8200,5.8300,21034207,122364832.0000,3,1.990151,1,-0.171522,0
2017-07-31,sz.000680,5.8000,5.9800,5.7700,5.9700,5.8200,43974842,259620043.0000,3,4.160678,1,2.577313,0
2017-08-01,sz.000680,5.9500,6.0300,5.8800,5.9800,5.9700,36653050,217737449.0000,3,3.467927,1,0.167508,0
2017-08-02,sz.000680,5.9500,5.9600,5.8100,5.8100,5.9800,30353287,178416369.0000,3,2.871875,1,-2.842811,0
2017-08-03,sz.000680,5.8100,6.0200,5.7800,5.9800,5.8100,39235636,231681197.0000,3,3.712278,1,2.925991,0
2017-08-04,sz.000680,5.9800,6.1600,5.9400,6.0300,5.9800,61110654,369889312.0000,3,5.781982,1,0.836124,0
2017-08-07,sz.000680,6.0300,6.0900,5.9500,6.0800,6.0300,29363034,177326588.0000,3,2.778182,1,0.829183,0
2017-08-08,sz.000680,6.0800,6.2600,6.0700,6.1600,6.0800,44408959,273774640.0000,3,4.201752,1,1.315788,0
2017-08-09,sz.000680,6.2200,6.7800,6.2200,6.7800,6.1600,155601434,1032269744.0000,3,14.722223,1,10.064940,0
2017-08-10,sz.000680,6.8100,6.8100,6.5400,6.6300,6.7800,115725364,769793008.0000,3,10.949350,1,-2.212391,0
2017-08-11,sz.000680,6.5500,6.5800,6.2200,6.3100,6.6300,77597124,496722944.0000,3,7.341848,1,-4.826548,0
2017-08-14,sz.000680,6.3500,6.4100,6.2800,6.4000,6.3100,50701793,322595392.0000,3,4.797148,1,1.426310,0
2017-08-15,sz.000680,6.3600,6.3900,6.2600,6.3100,6.4000,43962810,277306336.0000,3,4.159539,1,-1.406252,0
2017-08-16,sz.000680,6.2800,6.3100,6.1100,6.1700,6.3100,51103444,315589600.0000,3,4.835150,1,-2.218698,0
2017-08-17,sz.000680,6.1700,6.3100,6.1300,6.2800,6.1700,51065350,317661440.0000,3,4.831546,1,1.782822,0
2017-08-18,sz.000680,6.2000,6.2500,6.1100,6.2100,6.2800,36582605,226258489.0000,3,3.461262,1,-1.114652,0
2017-08-21,sz.000680,6.1800,6.2900,6.1600,6.2800,6.2100,30515110,190866620.0000,3,2.887186,1,1.127217,0
2017-08-22,sz.000680,6.2500,6.2600,6.1100,6.1300,6.2800,31593222,195230848.0000,3,2.989191,1,-2.388536,0
2017-08-23,sz.000680,6.1000,6.1300,5.9300,5.9300,6.1300,44110750,265486224.0000,3,4.173537,1,-3.262647,0
2017-08-24,sz.000680,5.9200,5.9800,5.8800,5.9200,5.9300,18880455,111952312.0000,3,1.786373,1,-0.168630,0
2017-08-25,sz.000680,5.9200,6.0300,5.9100,6.0000,5.9200,20924225,125045076.0000,3,1.979745,1,1.351350,0
2017-08-28,sz.000680,5.9900,6.1100,5.9900,6.0600,6.0000,26813954,162794031.0000,3,2.537001,1,0.999999,0
2017-08-29,sz.000680,6.0600,6.1000,6.0000,6.0600,6.0600,22099510,133515365.0000,3,2.090944,1,0.000000,0
2017-08-30,sz.000680,6.0200,6.0900,5.9500,6.0700,6.0600,20669895,124863572.0000,3,1.955681,1,0.165020,0
2017-08-31,sz.000680,6.0700,6.0800,5.9600,6.0000,6.0700,24185367,145145690.0000,3,2.288297,1,-1.153215,0
2017-09-01,sz.000680,5.9800,6.0800,5.9500,6.0600,6.0000,27857908,167858478.0000,3,2.635775,1,0.999999,0
2017-09-04,sz.000680,6.0400,6.1200,6.0200,6.1100,6.0600,27654957,168294494.0000,3,2.616573,1,0.825086,0
2017-09-05,sz.000680,6.1100,6.1200,6.0400,6.0700,6.1100,16187046,98185714.0000,3,1.531537,1,-0.654664,0
2017-09-06,sz.000680,6.0800,6.1200,5.9900,6.0800,6.0700,28353062,171637142.0000,3,2.682624,1,0.164741,0
2017-09-07,sz.000680,6.0800,6.0800,5.9900,6.0000,6.0800,21741115,131099067.0000,3,2.057035,1,-1.315788,0
2017-09-08,sz.000680,5.9900,6.0500,5.9200,5.9600,6.0000,16725347,100135537.0000,3,1.582468,1,-0.666666,0
2017-09-11,sz.000680,5.9500,5.9900,5.9100,5.9700,5.9600,13372291,79693231.0000,3,1.265219,1,0.167781,0
2017-09-12,sz.000680,6.0000,6.0400,5.9300,5.9800,5.9700,21260321,127143341.7100,3,2.011544,1,0.167508,0
2017-09-13,sz.000680,5.9800,6.0700,5.9500,6.0600,5.9800,25615885,154772391.1600,3,2.423646,1,1.337791,0
2017-09-14,sz.000680,6.0400,6.1400,6.0300,6.0900,6.0600,32625583,198864975.4800,3,3.086868,1,0.495053,0
2017-09-15,sz.000680,6.0700,6.1300,6.0000,6.0400,6.0900,22178859,134621563.7900,3,2.098452,1,-0.821021,0
2017-09-18,sz.000680,6.0200,6.1000,6.0100,6.0800,6.0400,15295285,92801566.7300,3,1.447163,1,0.662251,0
2017-09-19,sz.000680,6.0800,6.1100,5.9900,6.0000,6.0800,17083768,103187378.8000,3,1.616380,1,-1.315788,0
2017-09-20,sz.000680,5.9900,6.0000,5.9500,5.9900,6.0000,18074329,107932922.6900,3,1.710102,1,-0.166670,0
2017-09-21,sz.000680,5.9800,6.0200,5.8300,5.8400,5.9900,20455742,121448170.0500,3,1.935419,1,-2.504167,0
2017-09-22,sz.000680,5.8100,5.8400,5.7100,5.7200,5.8400,19774911,113983413.8800,3,1.871002,1,-2.054801,0
2017-09-25,sz.000680,5.7200,5.7800,5.6100,5.6500,5.7200,12708149,72624454.5600,3,1.202381,1,-1.223771,0
2017-09-26,sz.000680,5.6600,5.7000,5.6400,5.7000,5.6500,8316861,47101690.1400,3,0.786899,1,0.884951,0
2017-09-27,sz.000680,5.7000,5.7800,5.6600,5.7300,5.7000,11389811,65219014.1400,3,1.077646,1,0.526320,0
2017-09-28,sz.000680,5.7300,5.7500,5.6700,5.6800,5.7300,7988679,45537318.9100,3,0.755849,1,-0.872604,0
2017-09-29,sz.000680,5.6800,5.7100,5.6500,5.6700,5.6800,11413805,64835967.3500,3,1.079917,1,-0.176052,0
2017-10-09,sz.000680,5.7400,5.7500,5.6900,5.7200,5.6700,11092874,63547611.8800,3,1.049552,1,0.881829,0
2017-10-10,sz.000680,5.7100,5.8300,5.7000,5.8300,5.7200,14031806,81244243.6600,3,1.327619,1,1.923079,0
2017-10-11,sz.000680,5.8500,5.8500,5.7700,5.7900,5.8300,9698732,56240949.1000,3,0.917645,1,-0.686106,0
2017-10-12,sz.000680,5.7700,5.8000,5.7100,5.7800,5.7900,8815271,50758133.6500,3,0.834056,1,-0.172707,0
2017-10-13,sz.000680,5.7700,5.8000,5.7500,5.7900,5.7800,9066453,52402336.3700,3,0.857822,1,0.173006,0
2017-10-16,sz.000680,5.8000,5.8100,5.6700,5.6700,5.7900,12211855,70015285.3500,3,1.155424,1,-2.072537,0
2017-10-17,sz.000680,5.6900,5.7700,5.6500,5.6800,5.6700,9140943,52135904.4600,3,0.864870,1,0.176363,0
2017-10-18,sz.000680,5.6800,5.7200,5.5500,5.5600,5.6800,12114348,68303081.5400,3,1.146199,1,-2.112674,0
2017-10-19,sz.000680,5.5800,5.6000,5.4000,5.4300,5.5600,14034200,76796377.0000,3,1.327845,1,-2.338131,0
2017-10-20,sz.000680,5.4300,5.4800,5.4100,5.4600,5.4300,8630650,47086622.0000,3,0.816589,1,0.552490,0
2017-10-23,sz.000680,5.4600,5.5100,5.4500,5.4900,5.4600,7177553,39361786.5900,3,0.679104,1,0.549446,0
2017-10-24,sz.000680,5.4900,5.5000,5.4500,5.5000,5.4900,7200779,39424293.8300,3,0.681301,1,0.182153,0
2017-10-25,sz.000680,5.5000,5.5900,5.4800,5.5400,5.5000,10597812,58710453.2900,3,1.002712,1,0.727272,0
2017-10-26,sz.000680,5.5300,5.7300,5.5100,5.6600,5.5400,19901829,112101291.2300,3,1.883011,1,2.166063,0
2017-10-27,sz.000680,5.6500,5.6500,5.5300,5.5600,5.6600,11937180,66696578.2000,3,1.129436,1,-1.766783,0
2017-10-30,sz.000680,5.5400,5.5600,5.3500,5.3600,5.5600,15256948,82498456.5200,3,1.443535,1,-3.597119,0
2017-10-31,sz.000680,5.3500,5.4100,5.3300,5.3900,5.3600,8083992,43374244.9600,3,0.764867,1,0.559697,0
2017-11-01,sz.000680,5.3900,5.4500,5.3500,5.3600,5.3900,6095625,32884369.9900,3,0.576737,1,-0.556581,0
2017-11-02,sz.000680,5.3700,5.3900,5.2600,5.2600,5.3600,8850890,47018817.8000,3,0.837427,1,-1.865670,0
2017-11-03,sz.000680,5.2800,5.3300,5.2400,5.3000,5.2600,8910955,47060450.6000,3,0.843110,1,0.760455,0
2017-11-06,sz.000680,5.3000,5.3300,5.2200,5.3100,5.3000,6419330,33853686.5100,3,0.607365,1,0.188675,0
2017-11-07,sz.000680,5.3200,5.3600,5.2500,5.3500,5.3100,10107386,53647127.7000,3,0.956310,1,0.753295,0
2017-11-08,sz.000680,5.3400,5.4100,5.3000,5.3700,5.3500,10510037,56291976.9100,3,0.994407,1,0.373831,0
2017-11-09,sz.000680,5.3600,5.4000,5.3300,5.3800,5.3700,7846533,42057038.0300,3,0.742399,1,0.186224,0
2017-11-10,sz.000680,5.3700,5.4400,5.3400,5.4000,5.3800,12259990,66172260.5700,3,1.159978,1,0.371747,0
2017-11-13,sz.000680,5.3800,5.3800,5.2800,5.2900,5.4000,10663896,56856547.2100,3,1.008964,1,-2.037039,0
2017-11-14,sz.000680,5.2900,5.3300,5.2700,5.3000,5.2900,8128154,43088464.9800,3,0.769045,1,0.189040,0
2017-11-15,sz.000680,5.3000,5.3000,5.2000,5.2100,5.3000,9207391,48217226.8300,3,0.871157,1,-1.698116,0
2017-11-16,sz.000680,5.2100,5.2100,5.1100,5.1300,5.2100,8825139,45603550.3600,3,0.834990,1,-1.535507,0
2017-11-17,sz.000680,5.1200,5.1700,5.0200,5.0300,5.1300,13184654,66897181.6500,3,1.247465,1,-1.949316,0
2017-11-20,sz.000680,5.0300,5.0300,4.5800,4.8900,5.0300,23214979,110547370.5200,3,2.196484,1,-2.783307,0
2017-11-21,sz.000680,4.8200,4.8900,4.7900,4.8400,4.8900,10235528,49467642.2800,3,0.968434,1,-1.022489,0
2017-11-22,sz.000680,4.8200,4.8900,4.8100,4.8300,4.8400,7544725,36596096.1600,3,0.713844,1,-0.206616,0
2017-11-23,sz.000680,4.8300,4.9500,4.7100,4.7500,4.8300,11046842,53659141.1000,3,1.045196,1,-1.656313,0
2017-11-24,sz.000680,4.7500,4.7900,4.7100,4.7800,4.7500,5664091,26941561.3600,3,0.535908,1,0.631583,0
2017-11-27,sz.000680,4.7700,4.8200,4.7300,4.7500,4.7800,4984761,23772806.5900,3,0.471633,1,-0.627619,0
2017-11-28,sz.000680,4.7500,4.8400,4.7500,4.8200,4.7500,4245914,20375900.7000,3,0.401727,1,1.473688,0
2017-11-29,sz.000680,4.8300,5.0700,4.7800,4.9400,4.8200,14536327,71641365.9000,3,1.375354,1,2.489624,0
2017-11-30,sz.000680,4.8800,4.9200,4.8300,4.8400,4.9400,8332630,40676227.2000,3,0.788391,1,-2.024290,0
2017-12-01,sz.000680,4.8600,4.9100,4.8400,4.8800,4.8400,4241049,20679749.8300,3,0.401267,1,0.826446,0
2017-12-04,sz.000680,4.8600,4.8800,4.8000,4.8100,4.8800,4956092,23987389.0800,3,0.468920,1,-1.434430,0
2017-12-05,sz.000680,4.8100,4.8300,4.6100,4.6300,4.8100,10676196,49980513.7200,3,1.010128,1,-3.742200,0
2017-12-06,sz.000680,4.6300,4.7000,4.6100,4.6800,4.6300,5669766,26313245.4200,3,0.536445,1,1.079907,0
2017-12-07,sz.000680,4.6900,4.7400,4.6700,4.7000,4.6800,5155217,24280222.2700,3,0.487761,1,0.427350,0
2017-12-08,sz.000680,4.7000,4.7700,4.7000,4.7300,4.7000,4565578,21641828.5600,3,0.431972,1,0.638302,0
2017-12-11,sz.000680,4.7300,4.8000,4.7300,4.8000,4.7300,7158423,34103965.7200,3,0.677294,1,1.479919,0
2017-12-12,sz.000680,4.8400,5.0400,4.8300,4.8600,4.8000,19356657,95240213.5700,3,1.831429,1,1.249999,0
2017-12-13,sz.000680,4.7900,4.8600,4.7700,4.8500,4.8600,8077649,39030540.1000,3,0.764266,1,-0.205766,0
2017-12-14,sz.000680,4.8100,4.9900,4.8100,4.9000,4.8500,12943083,63656380.8700,3,1.224609,1,1.030932,0
2017-12-15,sz.000680,4.8500,4.8600,4.8100,4.8300,4.9000,7542782,36450171.6100,3,0.713660,1,-1.428575,0
2017-12-18,sz.000680,4.8400,4.9200,4.8200,4.8500,4.8300,7327557,35576884.7000,3,0.693296,1,0.414078,0
2017-12-19,sz.000680,4.8400,4.8900,4.8200,4.8500,4.8500,5776705,28053533.8400,3,0.546563,1,0.000000,0
2017-12-20,sz.000680,4.8400,4.8600,4.7200,4.7300,4.8500,7072736,33800239.2800,3,0.669187,1,-2.474225,0
2017-12-21,sz.000680,4.7500,4.7700,4.6600,4.7500,4.7300,5384192,25413448.1600,3,0.509425,1,0.422833,0
2017-12-22,sz.000680,4.7400,4.7800,4.6900,4.7000,4.7500,4815885,22803008.7700,3,0.455655,1,-1.052636,0
2017-12-25,sz.000680,4.7000,4.7800,4.6500,4.6700,4.7000,6491715,30564877.5000,3,0.614213,1,-0.638292,0
2017-12-26,sz.000680,4.6900,5.1000,4.6800,5.0400,4.6700,34656970,170841001.1000,3,3.279068,1,7.922909,0
2017-12-27,sz.000680,4.9400,5.0400,4.9300,4.9500,5.0400,24726902,122925596.2600,3,2.339535,1,-1.785717,0
2017-12-28,sz.000680,4.9500,5.1500,4.9200,5.0900,4.9500,36267788,183883977.9600,3,3.431475,1,2.828290,0
2017-12-29,sz.000680,5.0500,5.1100,5.0100,5.0900,5.0900,14694385,74402443.4100,3,1.390309,1,0.000000,0
2018-01-02,sz.000680,5.1000,5.2700,5.0800,5.1400,5.0900,23729371,122948819.5400,3,2.245153,1,0.982313,0
2018-01-03,sz.000680,5.1000,5.1800,5.0500,5.1200,5.1400,17818224,91002185.6300,3,1.685870,1,-0.389105,0
2018-01-04,sz.000680,5.1200,5.1400,5.0600,5.0800,5.1200,12178634,61932176.0600,3,1.152281,1,-0.781249,0
2018-01-05,sz.000680,5.0800,5.2500,5.0500,5.1500,5.0800,24350663,125710023.0200,3,2.303937,1,1.377956,0
2018-01-08,sz.000680,5.1800,5.2600,5.1500,5.2400,5.1500,25233479,131578326.7600,3,2.387465,1,1.747566,0
2018-01-09,sz.000680,5.1900,5.2000,5.1200,5.1200,5.2400,17185141,88558863.1000,3,1.625971,1,-2.290074,0
2018-01-10,sz.000680,5.1100,5.1500,5.0500,5.1000,5.1200,11922580,60724632.7000,3,1.128054,1,-0.390625,0
2018-01-11,sz.000680,5.0800,5.0900,5.0100,5.0400,5.1000,9770337,49204166.9200,3,0.924420,1,-1.176469,0
2018-01-12,sz.000680,5.0400,5.1200,4.9800,5.0300,5.0400,12029859,60750113.6100,3,1.138205,1,-0.198408,0
2018-01-15,sz.000680,4.9900,5.0200,4.7900,4.8300,5.0300,14518187,71613628.2100,3,1.373638,1,-3.976149,0
2018-01-16,sz.000680,4.8300,4.9200,4.8200,4.9100,4.8300,8629582,42141941.7900,3,0.816488,1,1.656313,0
2018-01-17,sz.000680,4.9000,4.9100,4.8100,4.8800,4.9100,8796950,42770222.8300,3,0.832323,1,-0.610993,0
2018-01-18,sz.000680,4.8600,4.9800,4.8500,4.9400,4.8800,8773696,43144901.2100,3,0.830123,1,1.229507,0
2018-01-19,sz.000680,4.9700,5.0000,4.8900,4.9000,4.9400,12298645,60789187.4700,3,1.163636,1,-0.809716,0
2018-01-22,sz.000680,4.8700,4.9100,4.8300,4.8900,4.9000,9140784,44484926.1500,3,0.864855,1,-0.204086,0
2018-01-23,sz.000680,4.8900,4.9900,4.8500,4.9900,4.8900,19682060,97061580.3000,3,1.862217,1,2.044988,0
2018-01-24,sz.000680,4.9600,4.9600,4.9000,4.9500,4.9900,11468924,56625861.8400,3,1.085132,1,-0.801602,0
2018-01-25,sz.000680,4.9400,5.0600,4.9200,4.9800,4.9500,18477859,92333207.4400,3,1.748282,1,0.606065,0
2018-01-26,sz.000680,4.9600,5.0400,4.9600,5.0000,4.9800,11024117,55130179.8000,3,1.043046,1,0.401606,0
2018-01-29,sz.000680,5.0000,5.0600,4.8600,4.8600,5.0000,14386120,71319318.0600,3,1.361142,1,-2.799997,0
2018-01-30,sz.000680,4.8600,4.9000,4.8400,4.8600,4.8600,6458937,31438363.0000,3,0.611112,1,0.000000,0
2018-01-31,sz.000680,4.8500,4.8600,4.6900,4.6900,4.8600,12696080,60284912.2400,3,1.201239,1,-3.497944,0
2018-02-01,sz.000680,4.7000,4.7400,4.4900,4.4900,4.6900,13967700,63972146.3500,3,1.321553,1,-4.264398,0
2018-02-02,sz.000680,4.4800,4.4900,4.2100,4.4500,4.4900,8453330,37303464.0800,3,0.799811,1,-0.890868,0
2018-02-05,sz.000680,4.4000,4.5200,4.4000,4.5100,4.4500,7091792,31632105.9900,3,0.670990,1,1.348324,0
2018-02-06,sz.000680,4.4300,4.4900,4.2500,4.2500,4.5100,11027858,48108151.3600,3,1.043400,1,-5.764972,0
2018-02-07,sz.000680,4.3000,4.3700,4.2100,4.3100,4.2500,7446985,32020186.6500,3,0.704596,1,1.411763,0
2018-02-08,sz.000680,4.2800,4.3900,4.2800,4.3400,4.3100,5774868,25107577.6200,3,0.546389,1,0.696061,0
2018-02-09,sz.000680,4.2300,4.2700,4.0900,4.1100,4.3400,11941618,49847757.3300,3,1.129856,1,-5.299540,0
2018-02-12,sz.000680,4.1200,4.2300,4.1200,4.2000,4.1100,5619430,23508667.9100,3,0.531682,1,2.189773,0
2018-02-13,sz.000680,4.2700,4.4800,4.2700,4.3500,4.2000,11095174,48286202.3300,3,1.049769,1,3.571431,0
2018-02-14,sz.000680,4.3100,4.4800,4.2700,4.3900,4.3500,10046281,43965433.2700,3,0.950528,1,0.919539,0
2018-02-22,sz.000680,4.4200,4.5400,4.4000,4.4500,4.3900,10236101,45515423.8400,3,0.968488,1,1.366741,0
2018-02-23,sz.000680,4.4400,4.4900,4.4000,4.4400,4.4500,6530750,29040795.4300,3,0.617907,1,-0.224714,0
2018-02-26,sz.000680,4.4500,4.5300,4.4400,4.5000,4.4400,10786917,48371130.4900,3,1.020604,1,1.351350,0
2018-02-27,sz.000680,4.4800,4.5100,4.4300,4.4700,4.5000,6992762,31200953.3400,3,0.661620,1,-0.666671,0
2018-02-28,sz.000680,4.4500,4.4700,4.4100,4.4400,4.4700,5569260,24729977.7900,3,0.526935,1,-0.671135,0
2018-03-01,sz.000680,4.4200,4.5000,4.4100,4.4800,4.4400,7051584,31499459.9700,3,0.667185,1,0.900900,0
2018-03-02,sz.000680,4.4600,4.5100,4.4500,4.4600,4.4800,7269612,32627221.7700,3,0.687814,1,-0.446428,0
2018-03-05,sz.000680,4.4700,4.5000,4.4600,4.4700,4.4600,4372580,19576000.9800,3,0.413711,1,0.224210,0
2018-03-06,sz.000680,4.4600,4.5300,4.4500,4.5300,4.4700,9226471,41423276.0400,3,0.872962,1,1.342291,0
2018-03-07,sz.000680,4.5100,4.6300,4.5000,4.5100,4.5300,14428158,66029979.1600,3,1.365120,1,-0.441501,0
2018-03-08,sz.000680,4.5000,4.5800,4.4900,4.5600,4.5100,8059325,36514910.5100,3,0.762533,1,1.108641,0
2018-03-09,sz.000680,4.5700,4.6100,4.5500,4.5900,4.5600,8374737,38340884.5000,3,0.792375,1,0.657899,0
2018-03-12,sz.000680,4.6200,4.6400,4.5800,4.6300,4.5900,9309206,42880832.4700,3,0.880790,1,0.871459,0
2018-03-13,sz.000680,4.6000,4.6700,4.5700,4.6000,4.6300,10107072,46704149.4900,3,0.956280,1,-0.647953,0
2018-03-14,sz.000680,4.5800,4.6200,4.5400,4.5500,4.6000,8284643,37898370.6500,3,0.783851,1,-1.086950,0
2018-03-15,sz.000680,4.5500,4.5600,4.4300,4.4700,4.5500,8948290,40213593.0200,3,0.846642,1,-1.758250,0
2018-03-16,sz.000680,4.4900,4.5100,4.4500,4.4700,4.4700,6145475,27547927.2500,3,0.581454,1,0.000000,0
2018-03-19,sz.000680,4.4800,4.4900,4.4200,4.4400,4.4700,4860475,21626682.7400,3,0.459874,1,-0.671135,0
2018-03-20,sz.000680,4.4100,4.4300,4.3600,4.4000,4.4400,5930647,26061794.0800,3,0.561128,1,-0.900900,0
2018-03-21,sz.000680,4.4100,4.4500,4.3800,4.4000,4.4000,7373417,32614477.3100,3,0.697636,1,0.000000,0
2018-03-22,sz.000680,4.4000,4.4300,4.3600,4.4200,4.4000,7046490,30983332.2700,3,0.666703,1,0.454545,0
2018-03-23,sz.000680,4.3300,4.3500,4.0700,4.1600,4.4200,14601671,61805260.9600,3,1.381536,1,-5.882358,0
2018-03-26,sz.000680,4.1200,4.2100,4.0700,4.2000,4.1600,7348441,30376233.3900,3,0.695272,1,0.961538,0
2018-03-27,sz.000680,4.2300,4.2800,4.2200,4.2600,4.2000,8242823,35076707.2300,3,0.779894,1,1.428581,0
2018-03-28,sz.000680,4.2300,4.2700,4.1900,4.2000,4.2600,7159090,30229476.2400,3,0.677357,1,-1.408460,0
2018-03-29,sz.000680,4.2300,4.2900,4.2200,4.2800,4.2000,7622093,32530097.6900,3,0.721164,1,1.904771,0
2018-03-30,sz.000680,4.3000,4.3600,4.3000,4.3600,4.2800,8350200,36196488.6400,3,0.790054,1,1.869157,0
2018-04-02,sz.000680,4.3600,4.4000,4.3000,4.3400,4.3600,7079329,30854485.5000,3,0.669810,1,-0.458715,0
2018-04-03,sz.000680,4.3200,4.3200,4.2200,4.2900,4.3400,6903765,29554151.5500,3,0.653199,1,-1.152078,0
2018-04-04,sz.000680,4.2800,4.3500,4.2800,4.2900,4.2900,5979155,25841429.1300,3,0.565717,1,0.000000,0
2018-04-09,sz.000680,4.2800,4.3200,4.2200,4.2900,4.2900,5453409,23328715.5200,3,0.515974,1,0.000000,0
2018-04-10,sz.000680,4.2900,4.3500,4.2700,4.3500,4.2900,7519258,32432979.0100,3,0.711434,1,1.398600,0
2018-04-11,sz.000680,4.3600,4.3800,4.3200,4.3200,4.3500,6489851,28176877.5300,3,0.614037,1,-0.689649,0
2018-04-12,sz.000680,4.3200,4.3400,4.2400,4.2600,4.3200,4849336,20834836.3600,3,0.458820,1,-1.388888,0
2018-04-13,sz.000680,4.2800,4.3000,4.2400,4.2600,4.2600,3902440,16664517.0300,3,0.369229,1,0.000000,0
2018-04-16,sz.000680,4.2700,4.3100,4.2300,4.2500,4.2600,5273571,22491070.8400,3,0.498959,1,-0.234747,0
2018-04-17,sz.000680,4.2700,4.2900,4.1600,4.1700,4.2500,5935303,24997701.5700,3,0.561561,1,-1.882351,0
2018-04-18,sz.000680,4.2400,4.2500,4.1100,4.2000,4.1700,6490604,27153272.2400,3,0.614100,1,0.719418,0
2018-04-19,sz.000680,4.2300,4.2400,4.1800,4.2300,4.2000,4870565,20563828.8000,3,0.460822,1,0.714291,0
2018-04-20,sz.000680,4.2300,4.2300,4.1000,4.1100,4.2300,6468012,26823244.0700,3,0.611962,1,-2.836877,0
2018-04-23,sz.000680,4.1200,4.1500,3.9900,4.0100,4.1100,9488743,38508026.0900,3,0.897765,1,-2.433088,0
2018-04-24,sz.000680,4.0200,4.1600,4.0100,4.1100,4.0100,7923795,32532802.4100,3,0.749699,1,2.493763,0
2018-04-25,sz.000680,4.1100,4.1400,4.0800,4.1000,4.1100,4806097,19706477.3000,3,0.454722,1,-0.243315,0
2018-04-26,sz.000680,4.1200,4.1200,4.0100,4.0100,4.1000,6420532,25973825.2800,3,0.607470,1,-2.195114,0
2018-04-27,sz.000680,4.0200,4.0600,3.9900,4.0300,4.0100,4613836,18547970.1800,3,0.436532,1,0.498753,0
2018-05-02,sz.000680,4.0500,4.0900,4.0300,4.0400,4.0300,5050146,20472927.8400,3,0.477813,1,0.248133,0
2018-05-03,sz.000680,4.0600,4.1200,4.0000,4.1100,4.0400,8398500,34149939.2100,3,0.794613,1,1.732678,0
2018-05-04,sz.000680,4.1100,4.1300,4.0800,4.1100,4.1100,5855567,24041930.0900,3,0.554017,1,0.000000,0
2018-05-07,sz.000680,4.1100,4.1900,4.1100,4.1300,4.1100,8470492,35123245.9500,3,0.801424,1,0.486617,0
2018-05-08,sz.000680,4.1300,4.1700,4.1100,4.1500,4.1300,7476349,30908591.6000,3,0.707365,1,0.484261,0
2018-05-09,sz.000680,4.1500,4.1500,4.1100,4.1200,4.1500,4812459,19874534.0800,3,0.455324,1,-0.722897,0
2018-05-10,sz.000680,4.1300,4.1600,4.1200,4.1500,4.1200,5712110,23631906.2700,3,0.540444,1,0.728160,0
2018-05-11,sz.000680,4.1500,4.1600,4.1100,4.1100,4.1500,5666047,23393754.1700,3,0.536085,1,-0.963854,0
2018-05-14,sz.000680,4.1100,4.1200,4.0300,4.0500,4.1100,7020400,28594935.0000,3,0.664226,1,-1.459853,0
2018-05-15,sz.000680,4.0600,4.2900,4.0500,4.2200,4.0500,23520581,98526851.5400,3,2.225368,1,4.197521,0
2018-05-16,sz.000680,4.1800,4.2100,4.1500,4.1600,4.2200,10563825,44090065.4200,3,0.999482,1,-1.421800,0
2018-05-17,sz.000680,4.1800,4.1800,4.0600,4.1000,4.1600,8934596,36657128.3400,3,0.845335,1,-1.442306,0
2018-05-18,sz.000680,4.0800,4.1400,4.0700,4.1400,4.1000,7097950,29152316.8000,3,0.671563,1,0.975609,0
2018-05-21,sz.000680,4.1500,4.2000,4.1500,4.2000,4.1400,8959760,37488646.3200,3,0.847716,1,1.449274,0
2018-05-22,sz.000680,4.2000,4.2100,4.1600,4.1800,4.2000,5236473,21897537.7200,3,0.495442,1,-0.476190,0
2018-05-23,sz.000680,4.1800,4.2300,4.1600,4.2000,4.1800,8670122,36462672.5800,3,0.820312,1,0.478469,0
2018-05-24,sz.000680,4.1800,4.2200,4.1600,4.1600,4.2000,4999182,20944153.7700,3,0.472991,1,-0.952380,0
2018-05-25,sz.000680,4.1600,4.1800,4.1000,4.1100,4.1600,4968225,20527714.2200,3,0.470062,1,-1.201916,0
2018-05-28,sz.000680,4.0800,4.1200,4.0600,4.0700,4.1100,4760171,19440453.0500,3,0.450377,1,-0.973235,0
2018-05-29,sz.000680,4.0900,4.1000,4.0300,4.0400,4.0700,5709730,23133823.6300,3,0.540218,1,-0.737106,0
2018-05-30,sz.000680,4.0200,4.0200,3.8700,3.9000,4.0400,9062216,35581000.8900,3,0.857409,1,-3.465343,0
2018-05-31,sz.000680,3.9200,3.9500,3.8800,3.9400,3.9000,4580949,17958718.1900,3,0.433420,1,1.025640,0
2018-06-01,sz.000680,3.9100,4.0600,3.8800,3.9300,3.9400,8870329,35089344.1800,3,0.839254,1,-0.253807,0
2018-06-04,sz.000680,3.9400,3.9600,3.9100,3.9200,3.9300,5936664,23326343.7400,3,0.561689,1,-0.254453,0
2018-06-05,sz.000680,3.9100,3.9600,3.9100,3.9500,3.9200,4913418,19346572.7400,3,0.464876,1,0.765305,0
2018-06-06,sz.000680,3.9500,3.9500,3.9100,3.9200,3.9500,5447549,21370002.6900,3,0.515413,1,-0.759493,0
2018-06-07,sz.000680,3.9300,3.9500,3.8800,3.8800,3.9200,5475752,21407210.8300,3,0.518081,1,-1.020407,0
2018-06-08,sz.000680,3.8800,3.8800,3.7300,3.8100,3.8800,10486829,39782197.9200,3,0.992197,1,-1.804128,0
2018-06-11,sz.000680,3.7800,3.8000,3.6600,3.6900,3.8100,9130499,34050193.5800,3,0.863870,1,-3.149603,0
2018-06-12,sz.000680,3.6600,3.8200,3.6600,3.8000,3.6900,14301270,53779014.8400,3,1.353095,1,2.981027,0
2018-06-13,sz.000680,3.7800,3.7800,3.6900,3.6900,3.8000,8950600,33381176.0800,3,0.846849,1,-2.894734,0
2018-06-14,sz.000680,3.6900,3.7700,3.6600,3.6900,3.6900,5334350,19835825.0400,3,0.504702,1,0.000000,0
2018-06-15,sz.000680,3.6800,3.7300,3.5500,3.6200,3.6900,7993540,29145839.1200,3,0.756298,1,-1.897024,0
2018-06-19,sz.000680,3.5700,3.5900,3.2600,3.2600,3.6200,13271819,44883717.1500,3,1.255695,1,-9.944749,0
2018-06-20,sz.000680,3.2600,3.3300,3.2100,3.2900,3.2600,9048822,29666831.7600,3,0.856142,1,0.920245,0
2018-06-21,sz.000680,3.3000,3.6200,3.2800,3.3200,3.2900,14653572,49968973.0400,3,1.386428,1,0.911853,0
2018-06-22,sz.000680,3.3000,3.4500,3.2400,3.4200,3.3200,10559815,35452207.4700,3,0.999103,1,3.012053,0
2018-06-25,sz.000680,3.3900,3.4500,3.3600,3.3600,3.4200,6334794,21519488.7500,3,0.599358,1,-1.754391,0
2018-06-26,sz.000680,3.3000,3.4000,3.2300,3.3900,3.3600,7038821,23517436.6800,3,0.665969,1,0.892863,0
2018-06-27,sz.000680,3.3800,3.4500,3.3600,3.3900,3.3900,8165441,27855828.8600,3,0.772562,1,0.000000,0
2018-06-28,sz.000680,3.3900,3.4000,3.2900,3.3400,3.3900,7449372,24879994.0800,3,0.704812,1,-1.474932,0
2018-06-29,sz.000680,3.3100,3.4600,3.3100,3.4400,3.3400,10012096,34099896.4600,3,0.947281,1,2.994016,0
2018-07-02,sz.000680,3.4200,3.4600,3.3200,3.3600,3.4400,7572771,25688980.2400,3,0.716488,1,-2.325586,0
2018-07-03,sz.000680,3.3600,3.4400,3.3200,3.4400,3.3600,7122679,24091407.4800,3,0.673903,1,2.380957,0
2018-07-04,sz.000680,3.4100,3.4400,3.3400,3.3700,3.4400,6503008,21952489.8000,3,0.615273,1,-2.034889,0
2018-07-05,sz.000680,3.3700,3.3800,3.2700,3.2700,3.3700,5162600,17123646.0000,3,0.488452,1,-2.967356,0
2018-07-06,sz.000680,3.2700,3.3200,3.1300,3.2500,3.2700,8363331,26999179.9600,3,0.791285,1,-0.611620,0
2018-07-09,sz.000680,3.2400,3.3100,3.2400,3.3100,3.2500,5099200,16777617.9500,3,0.482454,1,1.846152,0
2018-07-10,sz.000680,3.3100,3.3400,3.3000,3.3300,3.3100,3883408,12893593.6900,3,0.367423,1,0.604229,0
2018-07-11,sz.000680,3.2900,3.2900,3.2100,3.2600,3.3300,5617805,18215794.3000,3,0.531521,1,-2.102100,0
2018-07-12,sz.000680,3.2900,3.3600,3.2700,3.3400,3.2600,6835686,22696667.3400,3,0.646749,1,2.453985,0
2018-07-13,sz.000680,3.3500,3.3500,3.3100,3.3200,3.3400,4705900,15663705.9400,3,0.445242,1,-0.598802,0
2018-07-16,sz.000680,3.3100,3.3400,3.3000,3.3200,3.3200,3676150,12185791.5000,3,0.347814,1,0.000000,0
2018-07-17,sz.000680,3.3200,3.3200,3.2800,3.3200,3.3200,3800950,12537995.0000,3,0.359622,1,0.000000,0
2018-07-18,sz.000680,3.3200,3.3600,3.3100,3.3300,3.3200,6443575,21518162.7500,3,0.609650,1,0.301204,0
2018-07-19,sz.000680,3.3400,3.3900,3.3100,3.3900,3.3300,8647265,29006825.8500,3,0.818149,1,1.801807,0
2018-07-20,sz.000680,3.3700,3.3900,3.3000,3.3800,3.3900,9195973,30798547.8000,3,0.870065,1,-0.294985,0
2018-07-23,sz.000680,3.3700,3.6500,3.3500,3.4900,3.3800,20556627,71591677.5600,3,1.944938,1,3.254435,0
2018-07-24,sz.000680,3.5200,3.7000,3.5000,3.6600,3.4900,31722844,115204370.9800,3,3.001414,1,4.871062,0
2018-07-25,sz.000680,3.6700,4.0300,3.6000,4.0300,3.6600,57685243,224830754.1600,3,5.457811,1,10.109290,0
2018-07-26,sz.000680,4.0300,4.2200,3.9900,4.0700,4.0300,90449571,370682781.3100,3,8.557764,1,0.992555,0
2018-07-27,sz.000680,3.9500,4.0200,3.8600,3.8600,4.0700,46251962,181476858.9800,3,4.376067,1,-5.159712,0
2018-07-30,sz.000680,3.8600,4.0000,3.8400,3.8600,3.8600,27886398,109281852.2900,3,2.638434,1,0.000000,0
2018-07-31,sz.000680,3.9000,3.9500,3.8300,3.9100,3.8600,19996555,77792890.8800,3,1.891947,1,1.295342,0
2018-08-01,sz.000680,3.9800,4.0100,3.8200,3.8300,3.9100,23263269,91094968.8600,3,2.201023,1,-2.046040,0
2018-08-02,sz.000680,3.7800,3.9700,3.6100,3.9200,3.8300,30505420,114684553.3600,3,2.886229,1,2.349874,0
2018-08-03,sz.000680,3.8500,3.8700,3.7300,3.7300,3.9200,15829850,60190606.6800,3,1.497720,1,-4.846940,0
2018-08-06,sz.000680,3.7300,3.8400,3.6900,3.7800,3.7300,17798840,67296352.4800,3,1.684013,1,1.340481,0
2018-08-07,sz.000680,3.8100,4.0900,3.7500,4.0300,3.7800,40821022,161071098.1000,3,3.862226,1,6.613763,0
2018-08-08,sz.000680,3.9900,4.0400,3.9400,3.9500,4.0300,28116103,111840576.9300,3,2.660167,1,-1.985116,0
2018-08-09,sz.000680,3.9200,4.2200,3.9200,4.1000,3.9500,44606271,182238196.6900,3,4.220362,1,3.797465,0
2018-08-10,sz.000680,4.0700,4.1300,4.0100,4.0500,4.1000,25536725,103465626.8000,3,2.416123,1,-1.219505,0
2018-08-13,sz.000680,3.9900,4.1000,3.9500,4.1000,4.0500,20139757,81213501.0800,3,1.905496,1,1.234561,0
2018-08-14,sz.000680,4.0700,4.1000,3.9800,4.0100,4.1000,16523164,66539199.4000,3,1.563317,1,-2.195114,0
2018-08-15,sz.000680,4.0100,4.0700,3.9100,3.9200,4.0100,17957057,71473203.1200,3,1.698983,1,-2.244393,0
2018-08-16,sz.000680,3.8500,3.9300,3.7600,3.7700,3.9200,15936909,61313000.8100,3,1.507849,1,-3.826533,0
2018-08-17,sz.000680,3.8100,3.8400,3.6900,3.7100,3.7700,12452394,46835108.5200,3,1.178166,1,-1.591511,0
2018-08-20,sz.000680,3.7100,3.7800,3.6600,3.7800,3.7100,9412195,35022357.4900,3,0.890522,1,1.886791,0
2018-08-21,sz.000680,3.7800,3.8700,3.7500,3.8300,3.7800,11508112,44034869.9000,3,1.088824,1,1.322750,0
2018-08-22,sz.000680,3.8100,3.8200,3.7000,3.7200,3.8300,7775700,29160159.5800,3,0.735687,1,-2.872060,0
2018-08-23,sz.000680,3.7300,3.8400,3.7000,3.7700,3.7200,9522997,35928403.3800,3,0.901006,1,1.344085,0
2018-08-24,sz.000680,3.7700,3.8000,3.7300,3.7400,3.7700,5030987,18906137.3800,3,0.476000,1,-0.795755,0
2018-08-27,sz.000680,3.7500,3.8100,3.7400,3.8000,3.7400,8113808,30686549.7300,3,0.767677,1,1.604277,0
2018-08-28,sz.000680,3.8000,3.8600,3.8000,3.8200,3.8000,7861389,30085575.4600,3,0.743795,1,0.526315,0
2018-08-29,sz.000680,3.8400,3.8600,3.8000,3.8200,3.8200,5608651,21435756.3100,3,0.530655,1,0.000000,0
2018-08-30,sz.000680,3.8400,3.8400,3.7000,3.7000,3.8200,9330650,34902513.0000,3,0.882807,1,-3.141358,0
2018-08-31,sz.000680,3.7100,3.7200,3.5800,3.6000,3.7000,8815075,32205908.2500,3,0.834033,1,-2.702707,0
2018-09-03,sz.000680,3.5700,3.5900,3.5000,3.5700,3.6000,7206110,25505192.6000,3,0.681802,1,-0.833333,0
2018-09-04,sz.000680,3.5500,3.6200,3.5500,3.6000,3.5700,4736300,17020911.0000,3,0.448122,1,0.840335,0
2018-09-05,sz.000680,3.5700,3.6000,3.4500,3.4500,3.6000,7122900,25150702.0000,3,0.673929,1,-4.166663,0
2018-09-06,sz.000680,3.4500,3.5500,3.4500,3.4800,3.4500,5206400,18243598.0000,3,0.492601,1,0.869564,0
2018-09-07,sz.000680,3.4900,3.6000,3.4800,3.5200,3.4800,6224205,22083409.5300,3,0.588900,1,1.149424,0
2018-09-10,sz.000680,3.5800,3.5800,3.5000,3.5000,3.5200,6850925,24240394.5000,3,0.648196,1,-0.568181,0
2018-09-11,sz.000680,3.5000,3.5400,3.4600,3.5100,3.5000,3510600,12278465.0000,3,0.332153,1,0.285714,0
2018-09-12,sz.000680,3.5100,3.5500,3.4800,3.5300,3.5100,3629500,12779981.0000,3,0.343403,1,0.569800,0
2018-09-13,sz.000680,3.5800,3.5900,3.5200,3.5600,3.5300,3707550,13167287.5000,3,0.350788,1,0.849858,0
2018-09-14,sz.000680,3.5600,3.5700,3.4600,3.4600,3.5600,5049650,17648406.6600,3,0.477770,1,-2.808986,0
2018-09-17,sz.000680,3.4700,3.6300,3.4400,3.5200,3.4600,7809233,27590184.1800,3,0.738866,1,1.734102,0
2018-09-18,sz.000680,3.5100,3.7400,3.4800,3.7200,3.5200,20035732,72883628.0500,3,1.895669,1,5.681819,0
2018-09-19,sz.000680,3.6900,3.7900,3.6800,3.7000,3.7200,18013481,67262352.8000,3,1.704335,1,-0.537634,0
2018-09-20,sz.000680,3.7300,3.7500,3.6800,3.7400,3.7000,12056750,44804738.5600,3,1.140743,1,1.081080,0
2018-09-21,sz.000680,3.7400,3.7900,3.7000,3.7500,3.7400,11925492,44723911.3200,3,1.128324,1,0.267379,0
2018-09-25,sz.000680,3.7300,3.7700,3.7000,3.7200,3.7500,6888990,25726646.9000,3,0.651798,1,-0.799999,0
2018-09-26,sz.000680,3.7400,3.8100,3.7200,3.7300,3.7200,10349223,38971078.1500,3,0.979186,1,0.268817,0
2018-09-27,sz.000680,3.7600,3.7600,3.6400,3.6500,3.7300,8669866,32065310.7300,3,0.820294,1,-2.144770,0
2018-09-28,sz.000680,3.6900,3.8900,3.6800,3.7800,3.6500,18710129,71026379.0000,3,1.770248,1,3.561641,0
2018-10-08,sz.000680,3.7200,3.7500,3.6100,3.6200,3.7800,9770995,36042809.5300,3,0.924477,1,-4.232807,0
2018-10-09,sz.000680,3.6500,3.7000,3.5700,3.6400,3.6200,8006979,29144596.4600,3,0.757576,1,0.552492,0
2018-10-10,sz.000680,3.6600,3.7200,3.6300,3.6700,3.6400,5725602,21061442.7400,3,0.541725,1,0.824175,0
2018-10-11,sz.000680,3.6200,3.6200,3.3000,3.3100,3.6700,15910965,54399989.6600,3,1.505407,1,-9.809267,0
2018-10-12,sz.000680,3.2800,3.3700,3.1600,3.3400,3.3100,12411150,40912002.9200,3,1.174274,1,0.906344,0
2018-10-15,sz.000680,3.3600,3.3700,3.2600,3.2800,3.3400,5200815,17285079.7600,3,0.492072,1,-1.796406,0
2018-10-16,sz.000680,3.2700,3.3300,3.2000,3.2200,3.2800,6013469,19532632.1900,3,0.568961,1,-1.829267,0
2018-10-17,sz.000680,3.2600,3.2900,3.2000,3.2800,3.2200,5978821,19436314.2100,3,0.565683,1,1.863352,0
2018-10-18,sz.000680,3.2600,3.2600,3.0800,3.1000,3.2800,10638203,33566415.6100,3,1.006528,1,-5.487807,0
2018-10-19,sz.000680,3.0000,3.1600,2.9500,3.1400,3.1000,6043942,18753256.0700,3,0.571844,1,1.290329,0
2018-10-22,sz.000680,3.1500,3.3300,3.1500,3.2900,3.1400,10159761,33179220.6800,3,0.961260,1,4.777065,0
2018-10-23,sz.000680,3.2900,3.3500,3.2000,3.2300,3.2900,8807897,28611754.4000,3,0.833354,1,-1.823707,0
2018-10-24,sz.000680,3.2300,3.2800,3.2000,3.2200,3.2300,6506730,21060471.9800,3,0.615631,1,-0.309597,0
2018-10-25,sz.000680,3.1300,3.2100,3.0600,3.2100,3.2200,5297266,16698837.5100,3,0.501198,1,-0.310559,0
2018-10-26,sz.000680,3.2200,3.2800,3.2100,3.2400,3.2100,4718551,15293478.7300,3,0.446443,1,0.934579,0
2018-10-29,sz.000680,3.2400,3.2400,3.1600,3.1800,3.2400,3445750,10989595.0000,3,0.326018,1,-1.851850,0
2018-10-30,sz.000680,3.1900,3.2500,3.1600,3.2200,3.1800,4921287,15813036.2900,3,0.465625,1,1.257860,0
2018-10-31,sz.000680,3.2300,3.3400,3.2300,3.3000,3.2200,10228300,33746400.9600,3,0.967745,1,2.484470,0
2018-11-01,sz.000680,3.3400,3.3500,3.2700,3.2700,3.3000,9807444,32524112.0800,3,0.927926,1,-0.909090,0
2018-11-02,sz.000680,3.3200,3.3600,3.3100,3.3600,3.2700,10261849,34174806.0000,3,0.970919,1,2.752291,0
2018-11-05,sz.000680,3.3500,3.3900,3.3200,3.3700,3.3600,9595894,32156847.0600,3,0.907910,1,0.297619,0
2018-11-06,sz.000680,3.3600,3.4700,3.3300,3.4000,3.3700,12118829,40989047.8800,3,1.146616,1,0.890214,0
2018-11-07,sz.000680,3.4000,3.4200,3.3600,3.3700,3.4000,7754700,26246740.0000,3,0.733707,1,-0.882359,0
2018-11-08,sz.000680,3.3900,3.4100,3.3400,3.3500,3.3700,6038727,20376687.4600,3,0.571351,1,-0.593471,0
2018-11-09,sz.000680,3.3500,3.3800,3.3200,3.3300,3.3500,4771921,16011721.9300,3,0.451493,1,-0.597014,0
2018-11-12,sz.000680,3.3600,3.4300,3.3300,3.4300,3.3300,8613667,29304924.0400,3,0.814977,1,3.003007,0
2018-11-13,sz.000680,3.3800,3.5500,3.3800,3.5300,3.4300,14800230,51778082.9700,3,1.400315,1,2.915449,0
2018-11-14,sz.000680,3.5200,3.5600,3.4900,3.5000,3.5300,10773801,37974234.4000,3,1.019357,1,-0.849858,0
2018-11-15,sz.000680,3.5200,3.5600,3.5000,3.5400,3.5000,8334551,29411791.1700,3,0.788569,1,1.142856,0
2018-11-16,sz.000680,3.5400,3.7400,3.5200,3.6300,3.5400,15093459,54319880.4300,3,1.428059,1,2.542377,0
2018-11-19,sz.000680,3.6300,3.6600,3.5800,3.6500,3.6300,12032419,43607543.7200,3,1.138441,1,0.550964,0
2018-11-20,sz.000680,3.6200,3.7500,3.5300,3.5300,3.6500,15372175,55927904.5400,3,1.454430,1,-3.287674,0
2018-11-21,sz.000680,3.4600,3.5300,3.4400,3.5200,3.5300,8722726,30450703.0400,3,0.825296,1,-0.283286,0
2018-11-22,sz.000680,3.5400,3.5700,3.5100,3.5300,3.5200,5149503,18224727.5600,3,0.487217,1,0.284091,0
2018-11-23,sz.000680,3.5300,3.5400,3.3500,3.3700,3.5300,8262495,28301742.0200,3,0.781751,1,-4.532580,0
2018-11-26,sz.000680,3.3800,3.4300,3.3600,3.3900,3.3700,4782452,16238189.6800,3,0.452489,1,0.593478,0
2018-11-27,sz.000680,3.4000,3.4300,3.3900,3.4300,3.3900,3875346,13221011.7800,3,0.366664,1,1.179940,0
2018-11-28,sz.000680,3.4200,3.4800,3.3800,3.4600,3.4300,5279736,18152930.6400,3,0.499539,1,0.874635,0
2018-11-29,sz.000680,3.5100,3.5200,3.3600,3.3700,3.4600,6233974,21535603.4200,3,0.589824,1,-2.601161,0
2018-11-30,sz.000680,3.3700,3.4300,3.3500,3.4200,3.3700,5669319,19252737.4700,3,0.536399,1,1.483685,0
2018-12-03,sz.000680,3.4900,3.5200,3.4600,3.5100,3.4200,6065481,21225486.9500,3,0.573882,1,2.631576,0
2018-12-04,sz.000680,3.4900,3.5500,3.4900,3.5300,3.5100,5985575,21092328.5000,3,0.566322,1,0.569800,0
2018-12-05,sz.000680,3.4700,3.5200,3.4400,3.4900,3.5300,4130112,14416223.7500,3,0.390768,1,-1.133143,0
2018-12-06,sz.000680,3.4900,3.5100,3.4500,3.4500,3.4900,5698800,19779188.0000,3,0.539189,1,-1.146131,0
2018-12-07,sz.000680,3.4400,3.5800,3.4400,3.5100,3.4500,8314377,29185337.9600,3,0.786660,1,1.739129,0
2018-12-10,sz.000680,3.4700,3.5200,3.4500,3.4600,3.5100,5292780,18388385.0000,3,0.500773,1,-1.424500,0
2018-12-11,sz.000680,3.4700,3.5000,3.4600,3.4900,3.4600,2598300,9040636.2300,3,0.245837,1,0.867051,0
2018-12-12,sz.000680,3.5000,3.5200,3.4800,3.4900,3.4900,2791401,9772327.4800,3,0.264107,1,0.000000,0
2018-12-13,sz.000680,3.5000,3.6800,3.4800,3.5800,3.4900,18349888,66003744.2900,3,1.736164,1,2.578794,0
2018-12-14,sz.000680,3.5500,3.5700,3.4900,3.4900,3.5800,9645100,34047314.0000,3,0.912566,1,-2.513964,0
2018-12-17,sz.000680,3.5000,3.5000,3.4200,3.4800,3.4900,5369600,18591982.9800,3,0.508042,1,-0.286533,0
2018-12-18,sz.000680,3.4500,3.4700,3.3700,3.3900,3.4800,5672988,19387492.6900,3,0.536747,1,-2.586204,0
2018-12-19,sz.000680,3.4000,3.4100,3.3400,3.3800,3.3900,3523334,11897715.9900,3,0.333358,1,-0.294985,0
2018-12-20,sz.000680,3.3600,3.4000,3.3500,3.3800,3.3800,2971900,10029816.0000,3,0.281185,1,0.000000,0
2018-12-21,sz.000680,3.3800,3.3800,3.3200,3.3300,3.3800,3365538,11250802.2400,3,0.318428,1,-1.479295,0
2018-12-24,sz.000680,3.3400,3.3700,3.3300,3.3600,3.3300,2759768,9249114.4800,3,0.261114,1,0.900900,0
2018-12-25,sz.000680,3.3300,3.3400,3.2300,3.3000,3.3600,5215760,17083934.7200,3,0.493486,1,-1.785713,0
2018-12-26,sz.000680,3.3000,3.3200,3.2500,3.2600,3.3000,2591868,8496124.1800,3,0.245228,1,-1.212120,0
2018-12-27,sz.000680,3.3100,3.3400,3.2300,3.2300,3.2600,3178400,10435069.0000,3,0.300723,1,-0.920245,0
2018-12-28,sz.000680,3.2400,3.2700,3.2300,3.2700,3.2300,2570330,8361009.7000,3,0.243190,1,1.238389,0
2019-01-02,sz.000680,3.2700,3.3100,3.2200,3.2400,3.2700,2400363,7800837.3100,3,0.227109,1,-0.917430,0
2019-01-03,sz.000680,3.2400,3.2700,3.2000,3.2000,3.2400,3011463,9735441.1200,3,0.284928,1,-1.234567,0
2019-01-04,sz.000680,3.1700,3.2900,3.1500,3.2800,3.2000,4596720,14938324.6000,3,0.434916,1,2.499998,0
2019-01-07,sz.000680,3.2900,3.3700,3.2900,3.3500,3.2800,5327609,17818481.0500,3,0.504069,1,2.134144,0
2019-01-08,sz.000680,3.3700,3.4000,3.3300,3.3600,3.3500,6363300,21456065.5600,3,0.602060,1,0.298507,0
2019-01-09,sz.000680,3.3900,3.4100,3.3500,3.3600,3.3600,6049390,20489062.4000,3,0.572360,1,0.000000,0
2019-01-10,sz.000680,3.3600,3.4000,3.3500,3.3600,3.3600,3590665,12113592.0000,3,0.339729,1,0.000000,0
2019-01-11,sz.000680,3.3500,3.4000,3.3400,3.3900,3.3600,5964229,20120067.8700,3,0.564302,1,0.892863,0
2019-01-14,sz.000680,3.4000,3.5800,3.3700,3.4200,3.3900,13439217,46653409.7600,3,1.271544,1,0.884955,0
2019-01-15,sz.000680,3.4000,3.4800,3.3800,3.4400,3.4200,8009586,27533101.8400,3,0.757822,1,0.584795,0
2019-01-16,sz.000680,3.4200,3.4400,3.3800,3.4100,3.4400,5899002,20134529.3100,3,0.558131,1,-0.872092,0
2019-01-17,sz.000680,3.4200,3.4200,3.3700,3.3700,3.4100,4665558,15803751.0400,3,0.441429,1,-1.173026,0
2019-01-18,sz.000680,3.3800,3.4200,3.3700,3.4100,3.3700,5033185,17137432.8400,3,0.476212,1,1.186950,0
2019-01-21,sz.000680,3.4200,3.4600,3.4000,3.4200,3.4100,4613621,15835911.6100,3,0.436515,1,0.293255,0
2019-01-22,sz.000680,3.4300,3.4300,3.3700,3.3800,3.4200,4062800,13800096.0000,3,0.384400,1,-1.169590,0
2019-01-23,sz.000680,3.3700,3.3900,3.3600,3.3600,3.3800,2679974,9034963.3800,3,0.253564,1,-0.591722,0
2019-01-24,sz.000680,3.3600,3.4000,3.3500,3.3800,3.3600,3928802,13270591.7400,3,0.371721,1,0.595245,0
2019-01-25,sz.000680,3.3900,3.4600,3.3800,3.4000,3.3800,8394463,28698518.6200,3,0.794237,1,0.591715,0
2019-01-28,sz.000680,3.4000,3.4400,3.3300,3.3300,3.4000,6890700,23284639.0000,3,0.651960,1,-2.058828,0
2019-01-29,sz.000680,3.3300,3.3300,3.2200,3.2600,3.3300,5598242,18259147.5500,3,0.529675,1,-2.102100,0
2019-01-30,sz.000680,3.2600,3.2700,3.2300,3.2400,3.2600,3108524,10104212.7600,3,0.294111,1,-0.613496,0
2019-01-31,sz.000680,3.2600,3.2700,3.1800,3.1800,3.2400,5110828,16449803.0400,3,0.483558,1,-1.851850,0
2019-02-01,sz.000680,3.2000,3.2600,3.2000,3.2500,3.1800,3443535,11145401.5200,3,0.325808,1,2.201256,0
2019-02-11,sz.000680,3.2600,3.3400,3.2500,3.3400,3.2500,5078782,16798700.9200,3,0.480526,1,2.769228,0
2019-02-12,sz.000680,3.3400,3.3900,3.3300,3.3800,3.3400,4924056,16576946.7700,3,0.465887,1,1.197611,0
2019-02-13,sz.000680,3.3700,3.4600,3.3700,3.4400,3.3800,9309400,31783053.5000,3,0.880804,1,1.775146,0
2019-02-14,sz.000680,3.4400,3.4800,3.4100,3.4400,3.4400,8066963,27754608.7000,3,0.763251,1,0.000000,0
2019-02-15,sz.000680,3.4400,3.4800,3.4100,3.4400,3.4400,7925975,27313039.2800,3,0.749912,1,0.000000,0
2019-02-18,sz.000680,3.4600,3.5500,3.4600,3.5300,3.4400,13497772,47391287.6200,3,1.277084,1,2.616277,0
2019-02-19,sz.000680,3.5400,3.5600,3.5000,3.5200,3.5300,12100705,42669853.3000,3,1.144901,1,-0.283286,0
2019-02-20,sz.000680,3.5200,3.5500,3.4800,3.5400,3.5200,8552810,30083635.9400,3,0.809219,1,0.568181,0
2019-02-21,sz.000680,3.5300,3.6000,3.5000,3.5100,3.5400,13398195,47499600.6200,3,1.267663,1,-0.847457,0
2019-02-22,sz.000680,3.5300,3.6200,3.5100,3.6000,3.5100,17500574,62457281.5700,3,1.655807,1,2.564100,0
2019-02-25,sz.000680,3.6200,3.7700,3.6000,3.7600,3.6000,32631582,120630809.7400,3,3.087419,1,4.444447,0
2019-02-26,sz.000680,3.7500,4.1200,3.7000,3.8700,3.7600,50349748,197810345.1400,3,4.763813,1,2.925529,0
2019-02-27,sz.000680,3.8200,3.9600,3.7700,3.8000,3.8700,32267739,124883347.9500,3,3.052994,1,-1.808784,0
2019-02-28,sz.000680,3.8100,3.8700,3.7400,3.8100,3.8000,16057940,61096339.7200,3,1.519313,1,0.263158,0
2019-03-01,sz.000680,3.8100,3.9500,3.8000,3.9200,3.8100,26246404,101772515.3700,3,2.483289,1,2.887143,0
2019-03-04,sz.000680,3.9300,4.1200,3.9000,4.0100,3.9200,49169142,198317971.0900,3,4.652111,1,2.295922,0
2019-03-05,sz.000680,4.0300,4.0700,3.9600,4.0600,4.0100,28783515,115466732.5000,3,2.723336,1,1.246876,0
2019-03-06,sz.000680,4.0600,4.0700,3.9800,4.0600,4.0600,30710392,123711705.9500,3,2.905646,1,0.000000,0
2019-03-07,sz.000680,4.0600,4.1500,4.0300,4.1000,4.0600,37763937,154562077.6200,3,3.573014,1,0.985221,0
2019-03-08,sz.000680,4.0400,4.0400,3.8200,3.8300,4.1000,32425650,127842245.8200,3,3.067935,1,-6.585365,0
2019-03-11,sz.000680,3.8500,3.9800,3.8500,3.9600,3.8300,18620251,73035389.5000,3,1.761745,1,3.394259,0
2019-03-12,sz.000680,3.9800,4.1700,3.9700,4.0500,3.9600,29490316,119646294.9500,3,2.790210,1,2.272731,0
2019-03-13,sz.000680,4.1000,4.1000,3.9700,4.0000,4.0500,24928578,100874729.9100,3,2.358603,1,-1.234573,0
2019-03-14,sz.000680,3.9700,4.0500,3.8500,3.8900,4.0000,18004827,70582079.9000,3,1.703517,1,-2.749997,0
2019-03-15,sz.000680,3.9200,4.2000,3.8900,4.1700,3.8900,54651381,223121597.9200,3,5.170810,1,7.197943,0
2019-03-18,sz.000680,4.2000,4.4000,4.1400,4.3100,4.1700,69929501,300350313.8000,3,6.616340,1,3.357311,0
2019-03-19,sz.000680,4.2600,4.2700,4.1800,4.2100,4.3100,37628539,158614209.6300,3,3.560203,1,-2.320184,0
2019-03-20,sz.000680,4.1800,4.3400,4.1600,4.3400,4.2100,38520573,163628235.7600,3,3.644602,1,3.087889,0
2019-03-21,sz.000680,4.3800,4.4400,4.2800,4.2900,4.3400,35947850,155311913.0800,3,3.401186,1,-1.152078,0
2019-03-22,sz.000680,4.3000,4.3300,4.1800,4.2500,4.2900,21331698,90372009.5900,3,2.018287,1,-0.932400,0
2019-03-25,sz.000680,4.1800,4.2600,4.1600,4.1900,4.2500,20621307,86635053.2600,3,1.951073,1,-1.411763,0
2019-03-26,sz.000680,4.1700,4.2200,3.9800,4.0000,4.1900,24134016,98884041.0200,3,2.283426,1,-4.534607,0
2019-03-27,sz.000680,4.0300,4.0800,3.9700,4.0700,4.0000,14320614,57640193.8800,3,1.354937,1,1.750004,0
2019-03-28,sz.000680,4.0500,4.0600,3.9600,3.9700,4.0700,13285838,53227473.7400,3,1.257032,1,-2.457006,0
2019-03-29,sz.000680,3.9800,4.1100,3.9500,4.1000,3.9700,19232750,77823764.1800,3,1.819696,1,3.274556,0
2019-04-01,sz.000680,4.1200,4.2300,4.1200,4.2300,4.1000,25228096,105747043.9700,3,2.386942,1,3.170735,0
2019-04-02,sz.000680,4.2400,4.2600,4.1600,4.1700,4.2300,20418500,85877840.2200,3,1.931885,1,-1.418438,0
2019-04-03,sz.000680,4.1700,4.2900,4.1500,4.2900,4.1700,28406748,120716589.1400,3,2.687688,1,2.877695,0
2019-04-04,sz.000680,4.2900,4.3700,4.2400,4.2800,4.2900,28264688,121539568.2900,3,2.674248,1,-0.233095,0
2019-04-08,sz.000680,4.3200,4.3500,4.2000,4.3000,4.2800,24717256,105861438.0800,3,2.338609,1,0.467289,0
2019-04-09,sz.000680,4.2900,4.4200,4.2400,4.3200,4.3000,36190379,156896649.6600,3,3.424132,1,0.465116,0
2019-04-10,sz.000680,4.2800,4.4400,4.2600,4.3900,4.3200,36633424,160388569.7000,3,3.466051,1,1.620363,0
2019-04-11,sz.000680,4.4000,4.4400,4.2100,4.2700,4.3900,29308215,126696600.7000,3,2.772980,1,-2.733483,0
2019-04-12,sz.000680,4.2400,4.3000,4.1900,4.2400,4.2700,18114874,76781660.7600,3,1.713929,1,-0.702581,0
2019-04-15,sz.000680,4.3300,4.4000,4.2100,4.2100,4.2400,18740503,80525734.7700,3,1.773122,1,-0.707541,0
2019-04-16,sz.000680,4.1700,4.3100,4.1500,4.3000,4.2100,21846810,93029014.8300,3,2.067024,1,2.137771,0
2019-04-17,sz.000680,4.3400,4.4100,4.2800,4.3500,4.3000,30851288,134161304.2100,3,2.918977,1,1.162784,0
2019-04-18,sz.000680,4.3400,4.7900,4.2900,4.7900,4.3500,44942605,208806084.5500,3,4.252219,1,10.114940,0
2019-04-19,sz.000680,5.0000,5.2700,4.9400,5.2700,4.7900,231453499,1204021999.4100,3,21.898842,1,10.020880,0
2019-04-22,sz.000680,5.0500,5.5000,5.0200,5.2700,5.2700,187802403,982910245.2400,3,17.768671,1,0.000000,0
2019-04-23,sz.000680,5.1200,5.2000,4.7400,4.7400,5.2700,117358399,572843413.6400,3,11.103707,1,-10.056930,0
2019-04-24,sz.000680,4.6800,4.8800,4.6800,4.8300,4.7400,64033053,307421038.3900,3,6.058401,1,1.898737,0
2019-04-25,sz.000680,4.8100,4.8200,4.4600,4.5200,4.8300,68136827,313320418.3900,3,6.446674,1,-6.418219,0
2019-04-26,sz.000680,4.4700,4.5600,4.3600,4.3900,4.5200,39942194,177487613.8800,3,3.779077,1,-2.876109,0
2019-04-29,sz.000680,4.4100,4.4500,4.0400,4.1500,4.3900,40505878,170732932.3900,3,3.832409,1,-5.466965,0
2019-04-30,sz.000680,4.1200,4.2300,4.1000,4.2100,4.1500,21873969,91437978.5000,3,2.069576,1,1.445782,0
2019-05-06,sz.000680,4.0100,4.0900,3.7900,3.7900,4.2100,33611430,131913973.5500,3,3.180100,1,-9.976249,0
2019-05-07,sz.000680,3.8200,3.9300,3.7900,3.8800,3.7900,21637451,83610461.2300,3,2.047198,1,2.374674,0
2019-05-08,sz.000680,3.7900,3.9000,3.7100,3.8400,3.8800,22564166,86317975.5400,3,2.134878,1,-1.030933,0
2019-05-09,sz.000680,3.8000,3.8700,3.7800,3.8100,3.8400,12131003,46438193.4300,3,1.147758,1,-0.781249,0
2019-05-10,sz.000680,3.8700,4.0300,3.7500,3.9700,3.8100,34322396,134321113.1000,3,3.247367,1,4.199477,0
2019-05-13,sz.000680,3.9200,4.0400,3.8900,3.9900,3.9700,25914899,102711533.0700,3,2.451903,1,0.503778,0
2019-05-14,sz.000680,3.9300,3.9800,3.9000,3.9200,3.9900,15218024,59925612.7900,3,1.439833,1,-1.754384,0
2019-05-15,sz.000680,3.9700,4.0800,3.9200,4.0200,3.9200,27799128,111311625.6300,3,2.630177,1,2.551018,0
2019-05-16,sz.000680,3.9900,4.1000,3.9700,4.0500,4.0200,24916140,100646390.1600,3,2.357407,1,0.746274,0
2019-05-17,sz.000680,4.0200,4.0600,3.8000,3.8300,4.0500,27175675,106595622.1700,3,2.571190,1,-5.432105,0
2019-05-20,sz.000680,3.7500,3.8200,3.6300,3.8000,3.8300,17781239,66499275.4200,3,1.682348,1,-0.783289,0
2019-05-21,sz.000680,3.7800,3.8900,3.7500,3.8600,3.8000,12861522,49420963.3000,3,1.216876,1,1.578946,0
2019-05-22,sz.000680,3.8800,3.9200,3.8000,3.8100,3.8600,13603885,52418873.8800,3,1.287113,1,-1.295336,0
2019-05-23,sz.000680,3.8100,3.8100,3.7100,3.7100,3.8100,11679550,43745570.5000,3,1.105045,1,-2.624670,0
2019-05-24,sz.000680,3.6800,3.7400,3.6700,3.6900,3.7100,7921915,29331439.0500,3,0.749521,1,-0.539083,0
2019-05-27,sz.000680,3.7000,3.8400,3.7000,3.8100,3.6900,12482251,47084776.7100,3,1.180991,1,3.252029,0
2019-05-28,sz.000680,3.8100,3.8700,3.7900,3.8300,3.8100,11838595,45435756.9000,3,1.120093,1,0.524934,0
2019-05-29,sz.000680,3.8000,3.8900,3.7900,3.8600,3.8300,11400967,43935043.9400,3,1.078687,1,0.783289,0
2019-05-30,sz.000680,3.8300,3.8300,3.7700,3.8200,3.8600,8095960,30779425.0300,3,0.765988,1,-1.036268,0
2019-05-31,sz.000680,3.8200,3.8400,3.7000,3.7300,3.8200,15190745,57265594.4000,3,1.437252,1,-2.356019,0
2019-06-03,sz.000680,3.7300,3.7600,3.6800,3.6800,3.7300,10170706,37687609.0700,3,0.962288,1,-1.340481,0
2019-06-04,sz.000680,3.6800,3.7000,3.4800,3.5600,3.6800,15413003,55412016.3000,3,1.458280,1,-3.260873,0
2019-06-05,sz.000680,3.6000,3.6200,3.5500,3.5700,3.5600,9152728,32770593.4600,3,0.865973,1,0.280899,0
2019-06-06,sz.000680,3.5500,3.5700,3.4400,3.4600,3.5700,11135302,38812855.3800,3,1.053552,1,-3.081230,0
2019-06-10,sz.000680,3.4700,3.5200,3.4400,3.5100,3.4600,7096415,24787122.1300,3,0.671418,1,1.445085,0
2019-06-11,sz.000680,3.5400,3.8500,3.5300,3.7300,3.5100,27222957,100533640.4900,3,2.575663,1,6.267807,0
2019-06-12,sz.000680,3.7300,3.8400,3.7000,3.7700,3.7300,21130050,79835754.3000,3,1.999191,1,1.072385,0
2019-06-13,sz.000680,3.7400,3.7900,3.7300,3.7700,3.7700,13576839,51061992.7700,3,1.284554,1,0.000000,0
2019-06-14,sz.000680,3.7700,3.8500,3.6700,3.6900,3.7700,11676674,43878484.3200,3,1.104773,1,-2.122014,0
2019-06-17,sz.000680,3.6700,3.7600,3.6700,3.7400,3.6900,6329527,23586314.4500,3,0.598860,1,1.355012,0
2019-06-18,sz.000680,3.7800,3.7800,3.6800,3.7100,3.7400,10182666,37754046.6700,3,0.963419,1,-0.802138,0
2019-06-19,sz.000680,3.8000,3.8300,3.7300,3.7400,3.7100,13188687,49592843.9600,3,1.247830,1,0.808625,0
2019-06-20,sz.000680,3.7600,3.8500,3.7200,3.8300,3.7400,22275016,84500832.3200,3,2.107521,1,2.406415,0
2019-06-21,sz.000680,3.8300,3.8800,3.8000,3.8800,3.8300,23439001,90111050.0400,3,2.217649,1,1.305488,0
2019-06-24,sz.000680,3.9300,4.2700,3.8800,4.2700,3.8800,56959300,233670515.3500,3,5.389127,1,10.051540,0
2019-06-25,sz.000680,4.4000,4.6500,4.3200,4.4600,4.2700,140107591,630121736.8400,3,13.256091,1,4.449650,0
2019-06-26,sz.000680,4.2000,4.3400,4.0700,4.1900,4.4600,70945341,298965978.8800,3,6.712398,1,-6.053811,0
2019-06-27,sz.000680,4.2400,4.2500,4.1200,4.1400,4.1900,44084186,183614039.0000,3,4.170966,1,-1.193322,0
2019-06-28,sz.000680,4.1400,4.2300,4.0800,4.1400,4.1400,33411860,138447313.3500,3,3.161218,1,0.000000,0
2019-07-01,sz.000680,4.2200,4.2900,4.1500,4.2500,4.1400,47159069,199354485.2100,3,4.461892,1,2.657008,0
2019-07-02,sz.000680,4.1800,4.2200,4.1100,4.1500,4.2500,30093953,124910825.1600,3,2.847299,1,-2.352939,0
2019-07-03,sz.000680,4.1200,4.1400,4.0700,4.0800,4.1500,20641689,84384478.5600,3,1.952986,1,-1.686751,0
2019-07-04,sz.000680,4.1000,4.2200,4.0800,4.1600,4.0800,34759231,144849787.0800,3,3.288698,1,1.960783,0
2019-07-05,sz.000680,4.1600,4.1600,4.0500,4.0900,4.1600,20329146,83122380.9900,3,1.923415,1,-1.682685,0
2019-07-08,sz.000680,4.0900,4.0900,3.8600,3.8700,4.0900,25976767,102845414.5100,3,2.457757,1,-5.378980,0
2019-07-09,sz.000680,3.8900,3.9400,3.8700,3.9100,3.8700,13501016,52686499.7800,3,1.277380,1,1.033597,0
2019-07-10,sz.000680,3.9200,3.9500,3.7500,3.7700,3.9100,18880396,72150392.7600,3,1.786343,1,-3.580565,0
2019-07-11,sz.000680,3.8100,3.8400,3.7500,3.7800,3.7700,13128722,49821771.5800,3,1.242156,1,0.265252,0
2019-07-12,sz.000680,3.7600,3.8200,3.7400,3.8100,3.7800,8642549,32796458.5100,3,0.817703,1,0.793650,0
2019-07-15,sz.000680,3.8300,3.9100,3.7300,3.8900,3.8100,14144766,54432208.4200,3,1.338288,1,2.099742,0
2019-07-16,sz.000680,3.8700,3.9500,3.8500,3.9100,3.8900,10763799,41929784.4900,3,1.018402,1,0.514138,0
2019-07-17,sz.000680,3.9000,4.0900,3.8800,3.9900,3.9100,27829700,111816963.2000,3,2.633070,1,2.046034,0
2019-07-18,sz.000680,3.9500,3.9700,3.8900,3.8900,3.9900,13324100,52338525.0000,3,1.260642,1,-2.506263,0
2019-07-19,sz.000680,3.9000,3.9800,3.9000,3.9200,3.8900,11081560,43621849.3000,3,1.048467,1,0.771208,0
2019-07-22,sz.000680,3.9400,3.9500,3.7900,3.8100,3.9200,13627192,52247272.9800,3,1.289318,1,-2.806126,0
2019-07-23,sz.000680,3.8200,3.8700,3.7900,3.8600,3.8100,10948100,42019823.0000,3,1.035840,1,1.312335,0
2019-07-24,sz.000680,3.8600,4.0200,3.8400,4.0000,3.8600,20527108,81200177.0400,3,1.942145,1,3.626946,0
2019-07-25,sz.000680,3.9900,4.0000,3.9200,3.9500,3.9800,12410449,49030861.0700,3,1.174198,1,-0.753768,0
2019-07-26,sz.000680,3.9400,4.0800,3.9200,4.0800,3.9500,33965373,136839472.1300,3,3.213600,1,3.291100,0
2019-07-29,sz.000680,4.0600,4.1000,4.0000,4.0500,4.0800,17373191,70138177.6300,3,1.643741,1,-0.735288,0
2019-07-30,sz.000680,4.0500,4.1000,4.0100,4.0200,4.0500,16375145,66310306.3000,3,1.549300,1,-0.740700,0
2019-07-31,sz.000680,4.0200,4.0200,3.9100,3.9200,4.0200,14722799,58069689.2700,3,1.393000,1,-2.487600,0
2019-08-01,sz.000680,3.9000,3.9400,3.8600,3.8900,3.9200,9497873,36981948.2300,3,0.898600,1,-0.765300,0
2019-08-02,sz.000680,3.7800,3.8300,3.7400,3.8100,3.8900,13429852,50897149.5300,3,1.270600,1,-2.056600,0
2019-08-05,sz.000680,3.7800,3.8200,3.7200,3.7300,3.8100,10161047,38286561.3100,3,0.961400,1,-2.099700,0
2019-08-06,sz.000680,3.6400,3.6400,3.4800,3.5700,3.7300,18074858,64330083.8400,3,1.710100,1,-4.289500,0
2019-08-07,sz.000680,3.5900,3.6300,3.5500,3.5700,3.5700,9399700,33729419.2500,3,0.889300,1,0.000000,0
2019-08-08,sz.000680,3.6000,3.6200,3.5700,3.5800,3.5700,5918425,21241372.2500,3,0.560000,1,0.280100,0
2019-08-09,sz.000680,3.6100,3.6400,3.5200,3.5400,3.5800,8020208,28763324.6100,3,0.758800,1,-1.117300,0
2019-08-12,sz.000680,3.5600,3.6300,3.5400,3.6200,3.5400,6352951,22765288.8100,3,0.601100,1,2.259900,0
2019-08-13,sz.000680,3.5800,3.6100,3.5600,3.6000,3.6200,6603703,23684294.2000,3,0.624800,1,-0.552500,0
2019-08-14,sz.000680,3.6600,3.6800,3.5700,3.5900,3.6000,7019319,25455647.3500,3,0.664100,1,-0.277800,0
2019-08-15,sz.000680,3.4800,3.6000,3.4500,3.5800,3.5900,8112960,28592407.2000,3,0.767600,1,-0.278600,0
2019-08-16,sz.000680,3.5800,3.6200,3.5500,3.5800,3.5800,6460450,23196906.9000,3,0.611200,1,0.000000,0
2019-08-19,sz.000680,3.5900,3.6700,3.5900,3.6700,3.5800,10558837,38434816.2000,3,0.999000,1,2.514000,0
2019-08-20,sz.000680,3.6600,3.7200,3.6500,3.6600,3.6700,10445690,38449974.2000,3,0.988300,1,-0.272500,0
2019-08-21,sz.000680,3.6600,3.7000,3.6400,3.6600,3.6600,7733179,28357742.1200,3,0.731700,1,0.000000,0
2019-08-22,sz.000680,3.7000,3.7000,3.6500,3.6800,3.6600,7146342,26249198.8800,3,0.676100,1,0.546400,0
2019-08-23,sz.000680,3.7000,3.7800,3.6800,3.7500,3.6800,14723385,54936003.9500,3,1.393000,1,1.902200,0
2019-08-26,sz.000680,3.6100,3.6700,3.6000,3.6400,3.7500,10851988,39460838.7400,3,1.026700,1,-2.933300,0
2019-08-27,sz.000680,3.6700,3.7400,3.6600,3.7100,3.6400,10277901,38046812.5600,3,0.972400,1,1.923100,0
2019-08-28,sz.000680,3.6800,3.6900,3.6300,3.6700,3.7100,11792452,43201258.0800,3,1.115700,1,-1.078200,0
2019-08-29,sz.000680,3.6900,3.6900,3.6200,3.6300,3.6700,8413756,30647348.8400,3,0.796100,1,-1.089900,0
2019-08-30,sz.000680,3.6600,3.6600,3.4800,3.5300,3.6300,17803345,63300467.6000,3,1.684400,1,-2.754800,0
2019-09-02,sz.000680,3.5400,3.6100,3.5200,3.6000,3.5300,9591618,34359727.7600,3,0.907500,1,1.983000,0
2019-09-03,sz.000680,3.6000,3.7000,3.5700,3.6900,3.6000,16617848,60416005.6800,3,1.572300,1,2.500000,0
2019-09-04,sz.000680,3.6500,3.8000,3.6500,3.7600,3.6900,28465418,106230218.0500,3,2.693200,1,1.897000,0
2019-09-05,sz.000680,3.7500,3.9200,3.7300,3.7900,3.7600,36149932,137338074.4600,3,3.420300,1,0.797900,0
2019-09-06,sz.000680,3.7600,3.7900,3.7100,3.7500,3.7900,17945770,67230939.6200,3,1.697900,1,-1.055400,0
2019-09-09,sz.000680,3.7800,3.8200,3.7400,3.8100,3.7500,15039241,56842337.7200,3,1.422900,1,1.600000,0
2019-09-10,sz.000680,3.8000,3.8100,3.7500,3.8000,3.8100,11749652,44449790.1300,3,1.111700,1,-0.262500,0
2019-09-11,sz.000680,3.8000,3.8200,3.7400,3.7500,3.8000,9966429,37564441.6800,3,0.943000,1,-1.315800,0
2019-09-12,sz.000680,3.7600,3.8600,3.7600,3.8600,3.7500,18487961,70438733.6000,3,1.749200,1,2.933300,0
2019-09-16,sz.000680,3.8700,3.8800,3.8100,3.8200,3.8600,13062589,50103346.6200,3,1.235900,1,-1.036300,0
2019-09-17,sz.000680,3.8100,3.8100,3.6600,3.6800,3.8200,15975827,59354863.5500,3,1.511500,1,-3.664900,0
2019-09-18,sz.000680,3.7000,3.7200,3.6500,3.6600,3.6800,8189535,30116998.2000,3,0.774800,1,-0.543500,0
2019-09-19,sz.000680,3.6600,3.7200,3.6400,3.7200,3.6600,7842040,28863452.4000,3,0.742000,1,1.639300,0
2019-09-20,sz.000680,3.7500,3.7900,3.7000,3.7400,3.7200,14400145,53902925.6600,3,1.362500,1,0.537600,0
2019-09-23,sz.000680,3.6800,3.7300,3.6000,3.6400,3.7400,11666553,42440014.4800,3,1.103800,1,-2.673800,0
2019-09-24,sz.000680,3.6400,3.7000,3.6200,3.6500,3.6400,6637776,24340509.0400,3,0.628000,1,0.274700,0
2019-09-25,sz.000680,3.6400,3.6400,3.5600,3.5700,3.6500,10381067,37109198.1900,3,0.982200,1,-2.191800,0
2019-09-26,sz.000680,3.5800,3.6000,3.4900,3.5000,3.5700,8635634,30459057.8100,3,0.817000,1,-1.960800,0
2019-09-27,sz.000680,3.5200,3.5500,3.5000,3.5100,3.5000,6103428,21505376.0100,3,0.577500,1,0.285700,0
2019-09-30,sz.000680,3.5100,3.5300,3.4700,3.4800,3.5100,5689453,19859281.4100,3,0.538300,1,-0.854700,0
2019-10-08,sz.000680,3.4900,3.5600,3.4800,3.5300,3.4800,5343585,18832059.2000,3,0.505600,1,1.436800,0
2019-10-09,sz.000680,3.5100,3.5900,3.4900,3.5800,3.5300,5716294,20353509.3600,3,0.540800,1,1.416400,0
2019-10-10,sz.000680,3.5700,3.6200,3.5600,3.6000,3.5800,4744327,17073107.1100,3,0.448900,1,0.558700,0
2019-10-11,sz.000680,3.6000,3.6300,3.5900,3.6100,3.6000,5802471,20947923.4300,3,0.549000,1,0.277800,0
2019-10-14,sz.000680,3.6300,3.6800,3.6200,3.6300,3.6100,7631148,27838153.6700,3,0.722000,1,0.554000,0
2019-10-15,sz.000680,3.6300,3.6300,3.5200,3.5700,3.6300,10089947,35941217.0000,3,0.954600,1,-1.652900,0
2019-10-16,sz.000680,3.5700,3.6000,3.5300,3.5400,3.5700,7400528,26381199.9100,3,0.700200,1,-0.840300,0
2019-10-17,sz.000680,3.5300,3.5800,3.5200,3.5300,3.5400,4546578,16087258.4000,3,0.430200,1,-0.282500,0
2019-10-18,sz.000680,3.5400,3.5500,3.4600,3.4700,3.5300,7814248,27279147.5600,3,0.739300,1,-1.699700,0
2019-10-21,sz.000680,3.4600,3.4800,3.4200,3.4800,3.4700,4074800,14083801.0000,3,0.385500,1,0.288200,0
2019-10-22,sz.000680,3.4800,3.5400,3.4600,3.5300,3.4800,4909338,17140020.3800,3,0.464500,1,1.436800,0
2019-10-23,sz.000680,3.5300,3.5300,3.4600,3.4700,3.5300,3676830,12838793.3000,3,0.347900,1,-1.699700,0
2019-10-24,sz.000680,3.4800,3.4800,3.4300,3.4600,3.4700,3557128,12293270.8800,3,0.336600,1,-0.288200,0
2019-10-25,sz.000680,3.4800,3.5200,3.4400,3.5100,3.4600,4186745,14591064.0500,3,0.396100,1,1.445100,0
2019-10-28,sz.000680,3.5100,3.5700,3.5000,3.5700,3.5100,7307611,25932017.2900,3,0.691400,1,1.709400,0
2019-10-29,sz.000680,3.5600,3.5800,3.4500,3.4700,3.5700,9237453,32347625.8500,3,0.874000,1,-2.801100,0
2019-10-30,sz.000680,3.4800,3.4800,3.4300,3.4400,3.4700,5507181,18960284.8300,3,0.521100,1,-0.864600,0
2019-10-31,sz.000680,3.4400,3.4700,3.4100,3.4100,3.4400,3909800,13429232.0000,3,0.369900,1,-0.872100,0
2019-11-01,sz.000680,3.4100,3.4600,3.4000,3.4500,3.4100,4287144,14725461.7100,3,0.405600,1,1.173000,0
2019-11-04,sz.000680,3.4500,3.4900,3.4400,3.4500,3.4500,4556052,15788539.1000,3,0.431100,1,0.000000,0
2019-11-05,sz.000680,3.4500,3.4700,3.4100,3.4400,3.4500,4115146,14158638.8900,3,0.389300,1,-0.289900,0
2019-11-06,sz.000680,3.4300,3.4400,3.4000,3.4100,3.4400,4938552,16882833.8300,3,0.467300,1,-0.872100,0
2019-11-07,sz.000680,3.4100,3.4500,3.4000,3.4400,3.4100,3141770,10760199.1000,3,0.297300,1,0.879800,0
2019-11-08,sz.000680,3.4400,3.4700,3.4200,3.4200,3.4400,4569548,15756552.6000,3,0.432300,1,-0.581400,0
2019-11-11,sz.000680,3.4500,3.4500,3.2900,3.3000,3.4200,8594688,28766629.6400,3,0.813200,1,-3.508800,0
2019-11-12,sz.000680,3.3000,3.3200,3.2400,3.3000,3.3000,5281443,17352095.1800,3,0.499700,1,0.000000,0
2019-11-13,sz.000680,3.3000,3.3000,3.2500,3.2600,3.3000,3083081,10089642.6600,3,0.291700,1,-1.212100,0
2019-11-14,sz.000680,3.2700,3.3100,3.2700,3.2900,3.2600,4926700,16215295.0000,3,0.466100,1,0.920200,0
2019-11-15,sz.000680,3.2800,3.3100,3.2300,3.2600,3.2900,3904640,12746298.4000,3,0.369400,1,-0.911900,0
2019-11-18,sz.000680,3.2800,3.3000,3.2500,3.2900,3.2600,3630400,11893751.8100,3,0.343500,1,0.920200,0
2019-11-19,sz.000680,3.2700,3.3400,3.2700,3.3300,3.2900,5461426,18130783.0600,3,0.516700,1,1.215800,0
2019-11-20,sz.000680,3.3200,3.3400,3.2600,3.2700,3.3300,4518400,14863288.5000,3,0.427500,1,-1.801800,0
2019-11-21,sz.000680,3.2600,3.2900,3.2300,3.2700,3.2700,3770536,12294093.0100,3,0.356700,1,0.000000,0
2019-11-22,sz.000680,3.2700,3.6000,3.2300,3.4800,3.2700,45746926,161087831.9800,3,4.328300,1,6.422000,0
2019-11-25,sz.000680,3.4500,3.5700,3.3800,3.5200,3.4800,38025943,132779493.8800,3,3.597800,1,1.149400,0
2019-11-26,sz.000680,3.5100,3.5200,3.4200,3.4200,3.5200,16778868,57926375.2700,3,1.587500,1,-2.840900,0
2019-11-27,sz.000680,3.4000,3.4800,3.4000,3.4000,3.4200,10067450,34532112.0000,3,0.952500,1,-0.584800,0
2019-11-28,sz.000680,3.4200,3.4900,3.3600,3.4000,3.4000,10412716,35519720.4700,3,0.985200,1,0.000000,0
2019-11-29,sz.000680,3.3800,3.3900,3.3300,3.3800,3.4000,8291001,27867486.1800,3,0.784400,1,-0.588200,0
2019-12-02,sz.000680,3.3900,3.4100,3.3600,3.3900,3.3800,6907007,23356999.7400,3,0.653500,1,0.295900,0
2019-12-03,sz.000680,3.3700,3.5300,3.3300,3.4400,3.3900,12652003,43614194.1200,3,1.197100,1,1.474900,0
2019-12-04,sz.000680,3.4100,3.4500,3.4100,3.4100,3.4400,4947706,16940070.7700,3,0.468100,1,-0.872100,0
2019-12-05,sz.000680,3.4300,3.4500,3.4000,3.4400,3.4100,6921398,23722410.1600,3,0.654900,1,0.879800,0
2019-12-06,sz.000680,3.4300,3.4400,3.3800,3.4200,3.4400,6807117,23198195.8000,3,0.644000,1,-0.581400,0
2019-12-09,sz.000680,3.4200,3.4400,3.3900,3.4300,3.4200,6452331,22039360.7000,3,0.610500,1,0.292400,0
2019-12-10,sz.000680,3.4100,3.4300,3.3800,3.4100,3.4300,7292500,24775638.4400,3,0.690000,1,-0.583100,0
2019-12-11,sz.000680,3.4000,3.5200,3.4000,3.4700,3.4100,19503638,67778112.3600,3,1.845300,1,1.759500,0
2019-12-12,sz.000680,3.4500,3.4800,3.4000,3.4100,3.4700,9306089,31908571.5900,3,0.880500,1,-1.729100,0
2019-12-13,sz.000680,3.4200,3.4500,3.4200,3.4500,3.4100,7871040,27058980.6000,3,0.744700,1,1.173000,0
2019-12-16,sz.000680,3.4600,3.5200,3.4400,3.5100,3.4500,12643575,43964831.6600,3,1.196300,1,1.739100,0
2019-12-17,sz.000680,3.5000,3.5700,3.4800,3.5500,3.5100,15197326,53722915.3800,3,1.437900,1,1.139600,0
2019-12-18,sz.000680,3.5300,3.5900,3.5300,3.5500,3.5500,14358827,51146800.1700,3,1.358500,1,0.000000,0
2019-12-19,sz.000680,3.5500,3.5800,3.5400,3.5700,3.5500,9204188,32788879.8300,3,0.870800,1,0.563400,0
2019-12-20,sz.000680,3.5700,3.6100,3.5000,3.5000,3.5700,10559300,37423934.0000,3,0.999100,1,-1.960800,0
2019-12-23,sz.000680,3.5000,3.5600,3.4200,3.4400,3.5000,11268450,39378614.4900,3,1.066100,1,-1.714300,0
2019-12-24,sz.000680,3.4300,3.4900,3.4300,3.4800,3.4400,8216118,28411979.4600,3,0.777400,1,1.162800,0
2019-12-25,sz.000680,3.4700,3.5800,3.4600,3.5300,3.4800,14241100,50165853.0000,3,1.347400,1,1.436800,0
2019-12-26,sz.000680,3.5300,3.5500,3.4800,3.5200,3.5300,9143780,32118531.7300,3,0.865100,1,-0.283300,0
2019-12-27,sz.000680,3.5300,3.6400,3.5100,3.5500,3.5200,20028455,71469868.9100,3,1.895000,1,0.852300,0
2019-12-30,sz.000680,3.5300,3.5800,3.4800,3.5800,3.5500,13764602,48768775.3300,3,1.302300,1,0.845100,0
2019-12-31,sz.000680,3.5800,3.6600,3.5500,3.6500,3.5800,20769856,75171053.8000,3,1.965100,1,1.955300,0
2020-01-02,sz.000680,3.6800,3.8000,3.6500,3.7000,3.6500,32807886,122222804.2300,3,3.104100,1,1.369900,0
2020-01-03,sz.000680,3.6700,3.7000,3.6400,3.6800,3.7000,18215328,66843411.7200,3,1.723400,1,-0.540500,0
2020-01-06,sz.000680,3.6000,3.6900,3.6000,3.6400,3.6800,18085366,65963122.6000,3,1.711100,1,-1.087000,0
2020-01-07,sz.000680,3.6400,3.7000,3.6300,3.6900,3.6400,14506718,53258819.3100,3,1.372500,1,1.373600,0
2020-01-08,sz.000680,3.6800,3.6800,3.5800,3.6000,3.6900,16030049,58201856.0600,3,1.516700,1,-2.439000,0
2020-01-09,sz.000680,3.6300,3.6800,3.6200,3.6600,3.6000,11704023,42709291.2100,3,1.107400,1,1.666700,0
2020-01-10,sz.000680,3.6600,3.6900,3.6300,3.6500,3.6600,8307494,30397198.3200,3,0.786000,1,-0.273200,0
2020-01-13,sz.000680,3.6400,3.6500,3.5900,3.6400,3.6500,7591251,27470635.6400,3,0.718200,1,-0.274000,0
2020-01-14,sz.000680,3.6500,3.6600,3.6200,3.6300,3.6400,7802801,28408462.6300,3,0.738300,1,-0.274700,0
2020-01-15,sz.000680,3.6100,3.6300,3.5500,3.5800,3.6300,9208136,32965518.5000,3,0.871200,1,-1.377400,0
2020-01-16,sz.000680,3.5700,3.6100,3.5400,3.5500,3.5800,6480740,23157092.8000,3,0.613200,1,-0.838000,0
2020-01-17,sz.000680,3.5700,3.5900,3.5400,3.5500,3.5500,4921235,17513899.2600,3,0.465600,1,0.000000,0
2020-01-20,sz.000680,3.5500,3.5800,3.5400,3.5800,3.5500,5267016,18758697.4400,3,0.498300,1,0.845100,0
2020-01-21,sz.000680,3.5700,3.5800,3.4900,3.5000,3.5800,7714906,27161841.0600,3,0.729900,1,-2.234600,0
2020-01-22,sz.000680,3.5000,3.5300,3.4400,3.5200,3.5000,5681998,19784514.0800,3,0.537600,1,0.571400,0
2020-01-23,sz.000680,3.5100,3.5200,3.3600,3.3900,3.5200,9319925,32031006.2500,3,0.881800,1,-3.693200,0
2020-02-03,sz.000680,3.0500,3.0500,3.0500,3.0500,3.3900,3278800,10000340.0000,3,0.310200,1,-10.029500,0
2020-02-04,sz.000680,2.8300,3.0500,2.8300,2.9900,3.0500,16222831,48228861.7300,3,1.534900,1,-1.967200,0
2020-02-05,sz.000680,2.9900,3.1000,2.9900,3.0300,2.9900,10195097,31097481.5200,3,0.964600,1,1.337800,0
2020-02-06,sz.000680,3.0500,3.0900,3.0100,3.0700,3.0300,8747030,26672088.2700,3,0.827600,1,1.320100,0
2020-02-07,sz.000680,3.0600,3.0800,3.0200,3.0700,3.0700,9217782,28049139.6700,3,0.872100,1,0.000000,0
2020-02-10,sz.000680,3.0600,3.1800,3.0300,3.1700,3.0700,12177316,38150990.1600,3,1.152100,1,3.257300,0
2020-02-11,sz.000680,3.1700,3.2300,3.1500,3.1900,3.1700,11908967,37835799.3500,3,1.126800,1,0.630900,0
2020-02-12,sz.000680,3.2200,3.3000,3.1900,3.2500,3.1900,13014907,42015659.4000,3,1.231400,1,1.880900,0
2020-02-13,sz.000680,3.2400,3.2700,3.1900,3.2200,3.2500,12425949,40121723.5300,3,1.175700,1,-0.923100,0
2020-02-14,sz.000680,3.2000,3.2800,3.1800,3.2500,3.2200,11017756,35550335.5400,3,1.042400,1,0.931700,0
2020-02-17,sz.000680,3.2400,3.3800,3.2300,3.3400,3.2500,16769900,55267200.5000,3,1.586700,1,2.769200,0
2020-02-18,sz.000680,3.3100,3.3400,3.2900,3.3300,3.3400,13071858,43347863.4000,3,1.236800,1,-0.299400,0
2020-02-19,sz.000680,3.3300,3.3800,3.2900,3.3300,3.3300,14979883,49947946.9100,3,1.417300,1,0.000000,0
2020-02-20,sz.000680,3.3300,3.3700,3.3000,3.3600,3.3300,13489652,45076744.4400,3,1.276300,1,0.900900,0
2020-02-21,sz.000680,3.3700,3.4100,3.3500,3.3800,3.3600,15093867,50998715.8600,3,1.428100,1,0.595200,0
2020-02-24,sz.000680,3.3800,3.3800,3.3200,3.3600,3.3800,12135726,40608501.6800,3,1.148200,1,-0.591700,0
2020-02-25,sz.000680,3.3000,3.3000,3.1600,3.2800,3.3600,20949429,67924170.5000,3,1.982100,1,-2.381000,0
2020-02-26,sz.000680,3.2300,3.5500,3.2100,3.3700,3.2800,32643413,110744070.4600,3,3.088500,1,2.743900,0
2020-02-27,sz.000680,3.4200,3.5000,3.3700,3.4300,3.3700,34149364,117645642.6100,3,3.231000,1,1.780400,0
2020-02-28,sz.000680,3.3000,3.4700,3.2600,3.3000,3.4300,23980002,80285952.7000,3,2.268800,1,-3.790100,0
2020-03-02,sz.000680,3.3100,3.5700,3.3100,3.5400,3.3000,41680388,145602675.9800,3,3.943500,1,7.272700,0
2020-03-03,sz.000680,3.6500,3.6900,3.4700,3.5100,3.5400,41628659,147872570.0700,3,3.938600,1,-0.847500,0
2020-03-04,sz.000680,3.4700,3.8600,3.4400,3.8600,3.5100,44923195,166249895.6100,3,4.250300,1,9.971500,0
2020-03-05,sz.000680,4.2500,4.2500,3.9000,3.9100,3.8600,124514821,505900206.4100,3,11.780800,1,1.295300,0
2020-03-06,sz.000680,3.7800,4.0500,3.7500,3.9400,3.9100,66507355,260906585.6800,3,6.292500,1,0.767300,0
2020-03-09,sz.000680,3.8000,3.8500,3.6400,3.6400,3.9400,50875536,190684803.4600,3,4.813500,1,-7.614200,0
2020-03-10,sz.000680,3.5800,3.7900,3.5200,3.7300,3.6400,37500671,137646968.1500,3,3.548100,1,2.472500,0
2020-03-11,sz.000680,3.7200,3.8400,3.6500,3.6800,3.7300,30621072,114104448.1000,3,2.897200,1,-1.340500,0
2020-03-12,sz.000680,3.6200,3.7600,3.5600,3.6300,3.6800,26440927,95902408.6600,3,2.501700,1,-1.358700,0
2020-03-13,sz.000680,3.4500,3.6100,3.3600,3.5400,3.6300,28203550,98638555.7400,3,2.668400,1,-2.479300,0
2020-03-16,sz.000680,3.5600,3.6000,3.4000,3.4100,3.5400,22777086,80077252.7400,3,2.155000,1,-3.672300,0
2020-03-17,sz.000680,3.4300,3.4800,3.2700,3.4200,3.4100,21770256,73451281.7100,3,2.059800,1,0.293300,0
2020-03-18,sz.000680,3.4500,3.5300,3.3400,3.3400,3.4200,18397400,63310352.0500,3,1.740600,1,-2.339200,0
2020-03-19,sz.000680,3.3100,3.3800,3.2800,3.3600,3.3400,12384000,41231899.0000,3,1.171700,1,0.598800,0
2020-03-20,sz.000680,3.3800,3.4300,3.3600,3.4200,3.3600,14116402,47985365.2200,3,1.335600,1,1.785700,0
2020-03-23,sz.000680,3.3300,3.3700,3.2600,3.2700,3.4200,13733241,45504470.4700,3,1.299400,1,-4.386000,0
2020-03-24,sz.000680,3.3200,3.3500,3.2600,3.3300,3.2700,8891311,29438986.4100,3,0.841200,1,1.834900,0
2020-03-25,sz.000680,3.3900,3.4200,3.3400,3.4000,3.3300,14493728,49048280.9900,3,1.371300,1,2.102100,0
2020-03-26,sz.000680,3.3400,3.4300,3.3400,3.3400,3.4000,11943672,40402472.2000,3,1.130000,1,-1.764700,0
2020-03-27,sz.000680,3.3800,3.4300,3.2800,3.3300,3.3400,19707868,66179456.0700,3,1.864600,1,-0.299400,0
2020-03-30,sz.000680,3.2800,3.2900,3.2200,3.2500,3.3300,12917765,42059515.7000,3,1.222200,1,-2.402400,0
2020-03-31,sz.000680,3.2800,3.2900,3.1700,3.1800,3.2500,10808836,34847122.6400,3,1.022700,1,-2.153800,0
2020-04-01,sz.000680,3.1900,3.2300,3.1400,3.1500,3.1800,9741749,30967961.0200,3,0.921700,1,-0.943400,0
2020-04-02,sz.000680,3.1300,3.2000,3.1000,3.1900,3.1500,7194773,22686722.7200,3,0.680700,1,1.269800,0
2020-04-03,sz.000680,3.2000,3.2000,3.1300,3.1400,3.1900,6251950,19753929.0000,3,0.591500,1,-1.567400,0
2020-04-07,sz.000680,3.2100,3.2900,3.1800,3.2800,3.1400,19102185,62075316.2300,3,1.807300,1,4.458600,0
2020-04-08,sz.000680,3.2700,3.3200,3.2200,3.3000,3.2800,14507742,47538644.4600,3,1.372600,1,0.609800,0
2020-04-09,sz.000680,3.3200,3.3300,3.2700,3.2900,3.3000,10706750,35296603.9700,3,1.013000,1,-0.303000,0
2020-04-10,sz.000680,3.2900,3.3500,3.2500,3.2700,3.2900,14469102,47839728.7300,3,1.369000,1,-0.607900,0
2020-04-13,sz.000680,3.3900,3.6000,3.3700,3.6000,3.2700,52173929,183774211.3500,3,4.936400,1,10.091700,0
2020-04-14,sz.000680,3.6900,3.8500,3.6200,3.7500,3.6000,100219830,373575576.7000,3,9.482200,1,4.166700,0
2020-04-15,sz.000680,3.6600,3.6800,3.5000,3.5300,3.7500,58442825,210392792.9100,3,5.529500,1,-5.866700,0
2020-04-16,sz.000680,3.5000,3.6700,3.4700,3.6000,3.5300,50739692,181249866.4000,3,4.800700,1,1.983000,0
2020-04-17,sz.000680,3.5400,3.9600,3.5100,3.9600,3.6000,156400035,607174038.8900,3,14.797600,1,10.000000,0
2020-04-20,sz.000680,3.9900,4.0400,3.8200,3.8800,3.9600,116415609,454036633.3400,3,11.014500,1,-2.020200,0
2020-04-21,sz.000680,3.8400,3.9400,3.6900,3.8300,3.8800,76626468,291481696.4800,3,7.249900,1,-1.288700,0
2020-04-22,sz.000680,3.7600,3.9100,3.7400,3.8000,3.8300,54984853,210634203.7400,3,5.202300,1,-0.783300,0
2020-04-23,sz.000680,3.8000,3.8500,3.7100,3.7300,3.8000,40433459,151730757.1900,3,3.825600,1,-1.842100,0
2020-04-24,sz.000680,3.7400,3.9500,3.7000,3.8100,3.7300,72983436,281505905.1000,3,6.905200,1,2.144800,0
2020-04-27,sz.000680,3.7800,3.9800,3.6200,3.8300,3.8100,64076944,243576323.6500,3,6.062600,1,0.524900,0
2020-04-28,sz.000680,3.7400,3.7700,3.4500,3.5800,3.8300,49262258,177627742.0800,3,4.660900,1,-6.527400,0
2020-04-29,sz.000680,3.5600,3.7400,3.5100,3.5900,3.5800,31973070,115997257.2000,3,3.025100,1,0.279300,0
2020-04-30,sz.000680,3.6100,3.7100,3.5600,3.6800,3.5900,30303864,110542877.3000,3,2.867200,1,2.507000,0
2020-05-06,sz.000680,3.6100,3.8000,3.5700,3.7700,3.6800,38853743,144706059.0200,3,3.676100,1,2.445600,0
2020-05-07,sz.000680,3.7600,3.8300,3.6900,3.7600,3.7700,38617829,145490968.7900,3,3.653800,1,-0.265300,0
2020-05-08,sz.000680,3.8100,3.8500,3.7400,3.8100,3.7600,44069360,167437469.0600,3,4.169600,1,1.329800,0
2020-05-11,sz.000680,3.8100,3.9900,3.7800,3.9400,3.8100,71616641,279497212.3600,3,6.775900,1,3.412100,0
2020-05-12,sz.000680,3.9100,4.0200,3.8100,3.8700,3.9400,49017947,191899575.8000,3,4.637800,1,-1.776700,0
2020-05-13,sz.000680,3.8000,3.8200,3.7300,3.7900,3.8700,32975269,124579338.4000,3,3.119900,1,-2.067200,0
2020-05-14,sz.000680,3.7500,3.7800,3.6400,3.6600,3.7900,31781388,117170426.0700,3,3.007000,1,-3.430100,0
2020-05-15,sz.000680,3.6700,3.7000,3.6300,3.6400,3.6600,16072513,58782536.3000,3,1.520700,1,-0.546400,0
2020-05-18,sz.000680,3.7000,3.7400,3.6600,3.6900,3.6400,20540518,75928457.0000,3,1.943400,1,1.373600,0
2020-05-19,sz.000680,3.7000,3.7500,3.6700,3.7100,3.6900,20587530,76319580.9800,3,1.947900,1,0.542000,0
2020-05-20,sz.000680,3.7100,3.7100,3.5800,3.6300,3.7100,23779159,86061219.2800,3,2.249800,1,-2.156300,0
2020-05-21,sz.000680,3.6300,3.6300,3.5300,3.5500,3.6300,14603572,52255911.9500,3,1.381700,1,-2.203900,0
2020-05-22,sz.000680,3.5500,3.5800,3.4800,3.5000,3.5500,12972780,45681440.3900,3,1.227400,1,-1.408400,0
2020-05-25,sz.000680,3.5000,3.5400,3.4500,3.5400,3.5000,9442405,33044150.5500,3,0.893400,1,1.142900,0
2020-05-26,sz.000680,3.5300,3.6300,3.5200,3.6200,3.5400,14092101,50401373.0800,3,1.333300,1,2.259900,0
2020-05-27,sz.000680,3.6000,3.6100,3.4900,3.5200,3.6200,12608016,44779714.2200,3,1.192900,1,-2.762400,0
2020-05-28,sz.000680,3.4900,3.5400,3.4100,3.4500,3.5200,13798976,47825940.8800,3,1.305600,1,-1.988600,0
2020-05-29,sz.000680,3.4300,3.4700,3.4100,3.4300,3.4500,8321233,28608691.8300,3,0.787300,1,-0.579700,0
2020-06-01,sz.000680,3.4500,3.5300,3.4500,3.5100,3.4300,9939448,34778938.1900,3,0.940400,1,2.332400,0
2020-06-02,sz.000680,3.5300,3.5300,3.5000,3.5200,3.5100,11999965,42193496.6600,3,1.135400,1,0.284900,0
2020-06-03,sz.000680,3.5300,3.6200,3.5200,3.5400,3.5200,19740305,70612261.2300,3,1.867700,1,0.568200,0
2020-06-04,sz.000680,3.5300,3.5600,3.4900,3.5100,3.5400,10618549,37279834.1900,3,1.004700,1,-0.847500,0
2020-06-05,sz.000680,3.5100,3.5200,3.4200,3.4700,3.5100,11332803,39241893.6700,3,1.072200,1,-1.139600,0
2020-06-08,sz.000680,3.4900,3.5000,3.4300,3.4500,3.4700,8105232,28058194.5700,3,0.766900,1,-0.576400,0
2020-06-09,sz.000680,3.4800,3.5200,3.4600,3.5000,3.4500,9535643,33231570.4000,3,0.902200,1,1.449300,0
2020-06-10,sz.000680,3.5000,3.5500,3.4300,3.5100,3.5000,13893558,48422103.5100,3,1.314500,1,0.285700,0
2020-06-11,sz.000680,3.4900,3.5400,3.4500,3.4800,3.5100,12140971,42442593.1100,3,1.148700,1,-0.854700,0
2020-06-12,sz.000680,3.4000,3.4500,3.3800,3.4200,3.4800,9567456,32715168.4800,3,0.905200,1,-1.724100,0
2020-06-15,sz.000680,3.4100,3.4400,3.3900,3.4000,3.4200,6766727,23111835.9400,3,0.640200,1,-0.584800,0
2020-06-16,sz.000680,3.4300,3.6100,3.4000,3.5000,3.4000,17488693,61149152.2800,3,1.654700,1,2.941200,0
2020-06-17,sz.000680,3.4900,3.4900,3.4500,3.4800,3.5000,10831676,37585615.4400,3,1.024800,1,-0.571400,0
2020-06-18,sz.000680,3.4800,3.5200,3.4500,3.4900,3.4800,8041237,28022491.9400,3,0.760800,1,0.287400,0
2020-06-19,sz.000680,3.5000,3.5200,3.4900,3.5200,3.4900,9841889,34512650.3100,3,0.931200,1,0.859600,0
2020-06-22,sz.000680,3.5200,3.5300,3.4800,3.5100,3.5200,7995932,28022434.9900,3,0.756500,1,-0.284100,0
2020-06-23,sz.000680,3.5100,3.5100,3.4300,3.4400,3.5100,9123450,31531370.5000,3,0.863200,1,-1.994300,0
2020-06-24,sz.000680,3.4300,3.4500,3.3900,3.4100,3.4400,7818596,26709766.8400,3,0.739700,1,-0.872100,0
2020-06-29,sz.000680,3.4100,3.4300,3.3700,3.3900,3.4100,6284692,21329602.9600,3,0.594600,1,-0.586500,0
2020-06-30,sz.000680,3.3900,3.4400,3.3900,3.4300,3.3900,7325309,25078792.2800,3,0.693100,1,1.179900,0
2020-07-01,sz.000680,3.4200,3.5000,3.4200,3.5000,3.4300,14045853,48810764.5500,3,1.328900,1,2.040800,0
2020-07-02,sz.000680,3.5000,3.5500,3.4700,3.5500,3.5000,19231755,67736051.7600,3,1.819600,1,1.428600,0
2020-07-03,sz.000680,3.5300,3.8300,3.5200,3.6600,3.5500,37216663,136085419.3300,3,3.521200,1,3.098600,0
2020-07-06,sz.000680,3.6500,3.8300,3.6300,3.8100,3.6600,45985622,172343836.9600,3,4.350900,1,4.098400,0
2020-07-07,sz.000680,3.8800,3.8900,3.7300,3.7600,3.8100,38973787,147796391.8600,3,3.687500,1,-1.312300,0
2020-07-08,sz.000680,3.7300,3.9000,3.7300,3.8600,3.7600,42578606,162927484.6600,3,4.028500,1,2.659600,0
2020-07-09,sz.000680,3.8200,3.9500,3.8200,3.9200,3.8600,45832647,178272007.1300,3,4.336400,1,1.554400,0
2020-07-10,sz.000680,3.9000,3.9500,3.8000,3.8000,3.9200,32462298,125533232.4100,3,3.071400,1,-3.061200,0
2020-07-13,sz.000680,3.8400,4.0800,3.8400,4.0600,3.8000,62526271,250580007.0200,3,5.915800,1,6.842100,0
2020-07-14,sz.000680,4.0200,4.1800,3.9700,4.0900,4.0600,50027611,203439586.5800,3,4.733300,1,0.738900,0
2020-07-15,sz.000680,4.0800,4.2400,3.9500,4.0200,4.0900,61234701,251180919.5700,3,5.793600,1,-1.711500,0
2020-07-16,sz.000680,4.0300,4.0900,3.7800,3.8100,4.0200,51282157,202370675.2200,3,4.852000,1,-5.223900,0
2020-07-17,sz.000680,3.8300,3.9500,3.7600,3.8700,3.8100,28898151,111808705.0500,3,2.734200,1,1.574800,0
2020-07-20,sz.000680,3.8900,4.1500,3.8700,4.1400,3.8700,51849299,209668714.9100,3,4.905700,1,6.976700,0
2020-07-21,sz.000680,4.1000,4.1400,4.0100,4.0700,4.1400,31372036,127646988.3500,3,2.968200,1,-1.690800,0
2020-07-22,sz.000680,4.0800,4.0900,3.9600,3.9800,4.0700,32053159,128840305.8600,3,3.032700,1,-2.211300,0
2020-07-23,sz.000680,3.9600,3.9700,3.8200,3.9100,3.9800,29579260,115210762.1400,3,2.798600,1,-1.758800,0
2020-07-24,sz.000680,3.9000,3.9700,3.7400,3.7500,3.9100,29666239,114032803.6800,3,2.806800,1,-4.092100,0
2020-07-27,sz.000680,3.7600,3.8000,3.6700,3.8000,3.7500,20724035,77595132.2700,3,1.960800,1,1.333300,0
2020-07-28,sz.000680,3.7900,3.8300,3.7200,3.7600,3.8000,17092896,64516366.2400,3,1.617200,1,-1.052600,0
2020-07-29,sz.000680,3.7300,3.8200,3.6800,3.8100,3.7600,17902750,67290642.0400,3,1.693800,1,1.329800,0
2020-07-30,sz.000680,3.8100,3.8500,3.7600,3.7700,3.8100,13981868,53083825.9500,3,1.322900,1,-1.049900,0
2020-07-31,sz.000680,3.7600,3.8100,3.7200,3.7800,3.7700,17086209,64283283.0000,3,1.616600,1,0.265300,0
2020-08-03,sz.000680,3.8000,3.9100,3.7900,3.8900,3.7800,25238051,97383171.9400,3,2.387900,1,2.910100,0
2020-08-04,sz.000680,3.9400,3.9400,3.8300,3.8800,3.8900,24053660,93476045.6700,3,2.275800,1,-0.257100,0
2020-08-05,sz.000680,3.8700,3.9000,3.7900,3.8600,3.8800,19315025,74190809.7500,3,1.827500,1,-0.515500,0
2020-08-06,sz.000680,3.8600,3.8700,3.7500,3.8200,3.8600,19350212,73650072.2200,3,1.830800,1,-1.036300,0
2020-08-07,sz.000680,3.8000,3.8400,3.7100,3.7700,3.8200,15775416,59560340.3200,3,1.492600,1,-1.308900,0
2020-08-10,sz.000680,3.7600,3.9800,3.7500,3.9200,3.7700,32669266,126959798.0700,3,3.091000,1,3.978800,0
2020-08-11,sz.000680,3.9300,3.9500,3.8000,3.8000,3.9200,23518409,91254996.9000,3,2.225200,1,-3.061200,0
2020-08-12,sz.000680,3.8000,3.8300,3.7100,3.7800,3.8000,19554337,73450409.3700,3,1.850100,1,-0.526300,0
2020-08-13,sz.000680,3.7600,3.8800,3.7600,3.8100,3.7800,21846852,83735831.5800,3,2.067000,1,0.793700,0
2020-08-14,sz.000680,3.8000,3.9300,3.7900,3.9200,3.8100,34072807,132073842.4300,3,3.223800,1,2.887100,0
2020-08-17,sz.000680,3.9300,3.9900,3.8800,3.9500,3.9200,33081265,130309053.6500,3,3.129900,1,0.765300,0
2020-08-18,sz.000680,3.9600,3.9800,3.9200,3.9400,3.9500,19258380,75863166.9000,3,1.822100,1,-0.253200,0
2020-08-19,sz.000680,3.9500,4.2900,3.8900,4.0400,3.9400,61707958,250510931.8400,3,5.838400,1,2.538100,0
2020-08-20,sz.000680,4.0100,4.0900,3.9000,3.9400,4.0400,36279144,145292617.8500,3,3.432500,1,-2.475200,0
2020-08-21,sz.000680,3.9600,3.9800,3.8700,3.8900,3.9400,19979038,78230624.6200,3,1.890300,1,-1.269000,0
2020-08-24,sz.000680,3.9100,3.9700,3.8700,3.9400,3.8900,16972064,66814361.4100,3,1.605800,1,1.285300,0
2020-08-25,sz.000680,3.9300,3.9900,3.9000,3.9200,3.9400,17113143,67392702.8000,3,1.619100,1,-0.507600,0
2020-08-26,sz.000680,3.9000,3.9100,3.7700,3.7800,3.9200,22197064,84840152.7200,3,2.100100,1,-3.571400,0
2020-08-27,sz.000680,3.8000,3.8100,3.7500,3.8100,3.7800,9765615,36988650.0500,3,0.924000,1,0.793700,0
2020-08-28,sz.000680,3.8000,3.8400,3.7800,3.8400,3.8100,9724158,37026330.6000,3,0.920000,1,0.787400,0
2020-08-31,sz.000680,3.8700,3.8800,3.8100,3.8100,3.8400,14657662,56407814.5700,3,1.386800,1,-0.781300,0
2020-09-01,sz.000680,3.8200,3.8200,3.7900,3.8100,3.8100,8162963,31038475.7500,3,0.772300,1,0.000000,0
2020-09-02,sz.000680,3.8200,3.9500,3.7500,3.8900,3.8100,22340390,85851770.5500,3,2.113700,1,2.099700,0
2020-09-03,sz.000680,3.8500,3.9000,3.8100,3.8300,3.8900,14095513,54206922.6700,3,1.333600,1,-1.542400,0
2020-09-04,sz.000680,3.7700,3.8200,3.7300,3.8100,3.8300,10998638,41528423.7600,3,1.040600,1,-0.522200,0
2020-09-07,sz.000680,3.7900,3.8400,3.7600,3.7700,3.8100,11493728,43773337.3700,3,1.087500,1,-1.049900,0
2020-09-08,sz.000680,3.7600,3.8800,3.7400,3.8800,3.7700,15215627,58057485.7200,3,1.439600,1,2.917800,0
2020-09-09,sz.000680,3.8400,3.9900,3.8300,3.9200,3.8800,35713912,140738285.8100,3,3.379000,1,1.030900,0
2020-09-10,sz.000680,3.9600,3.9800,3.7800,3.8000,3.9200,21977631,85077882.3000,3,2.079400,1,-3.061200,0
2020-09-11,sz.000680,3.8300,3.8300,3.7400,3.8000,3.8000,14369956,54330321.4000,3,1.359600,1,0.000000,0
2020-09-14,sz.000680,3.8000,3.8300,3.7600,3.8000,3.8000,11917151,45249765.7900,3,1.127500,1,0.000000,0
2020-09-15,sz.000680,3.7900,3.8300,3.7500,3.8000,3.8000,12260177,46432132.1800,3,1.160000,1,0.000000,0
2020-09-16,sz.000680,3.8000,3.8500,3.7700,3.7900,3.8000,12048006,45963165.2900,3,1.139900,1,-0.263200,0
2020-09-17,sz.000680,3.7900,3.8400,3.7700,3.8000,3.7900,13148746,50057989.0500,3,1.244000,1,0.263900,0
2020-09-18,sz.000680,3.8000,3.9000,3.7700,3.9000,3.8000,23040232,89007425.4500,3,2.179900,1,2.631600,0
2020-09-21,sz.000680,3.9300,3.9700,3.8800,3.9000,3.9000,15650450,61171058.0600,3,1.480700,1,0.000000,0
2020-09-22,sz.000680,3.8700,3.9000,3.7800,3.8100,3.9000,14539870,55798228.3600,3,1.375700,1,-2.307700,0
2020-09-23,sz.000680,3.8100,3.8600,3.8000,3.8200,3.8100,9541566,36479880.5400,3,0.902800,1,0.262500,0
2020-09-24,sz.000680,3.7900,3.8000,3.7100,3.7100,3.8200,13678766,51242416.0700,3,1.294200,1,-2.879600,0
2020-09-25,sz.000680,3.7200,3.7400,3.6600,3.6800,3.7100,7599340,28055955.1400,3,0.719000,1,-0.808600,0
2020-09-28,sz.000680,3.7000,3.7100,3.6400,3.6500,3.6800,3841114,14120396.0000,3,0.363400,1,-0.815200,0
2020-09-29,sz.000680,3.6800,3.7000,3.6600,3.6700,3.6500,4040930,14858635.3500,3,0.382300,1,0.547900,0
2020-09-30,sz.000680,3.6800,3.7000,3.6300,3.6400,3.6700,5535700,20261726.5000,3,0.523800,1,-0.817400,0
2020-10-09,sz.000680,3.6700,3.7400,3.6700,3.7200,3.6400,6393318,23732990.3800,3,0.604900,1,2.197800,0
2020-10-12,sz.000680,3.7100,3.8600,3.7100,3.8400,3.7200,12653612,47945329.9000,3,1.197200,1,3.225800,0
2020-10-13,sz.000680,3.8200,3.8300,3.7900,3.8100,3.8400,7276058,27726752.9900,3,0.688400,1,-0.781300,0
2020-10-14,sz.000680,3.7900,3.8200,3.7600,3.7600,3.8100,5811332,22036861.9600,3,0.549800,1,-1.312300,0
2020-10-15,sz.000680,3.7800,3.8100,3.7700,3.8000,3.7600,5770461,21876152.3800,3,0.546000,1,1.063800,0
2020-10-16,sz.000680,3.8100,3.8100,3.7700,3.7800,3.8000,5804467,21977113.1900,3,0.549200,1,-0.526300,0
2020-10-19,sz.000680,3.7900,3.8200,3.7100,3.7200,3.7800,8496900,31934823.0000,3,0.803900,1,-1.587300,0
2020-10-20,sz.000680,3.7000,3.7600,3.6900,3.7600,3.7200,5244651,19535295.7100,3,0.496200,1,1.075300,0
2020-10-21,sz.000680,3.7500,3.7600,3.6900,3.7100,3.7600,4538411,16869505.2400,3,0.429400,1,-1.329800,0
2020-10-22,sz.000680,3.7100,3.7100,3.6600,3.6800,3.7100,4638401,17082810.6700,3,0.438900,1,-0.808600,0
2020-10-23,sz.000680,3.6800,3.7100,3.6500,3.6600,3.6800,4691323,17222942.9500,3,0.443900,1,-0.543500,0
2020-10-26,sz.000680,3.6500,3.6800,3.6100,3.6200,3.6600,7697130,27997615.3800,3,0.728300,1,-1.092900,0
2020-10-27,sz.000680,3.6100,3.6400,3.6000,3.6300,3.6200,3981245,14412473.9500,3,0.376700,1,0.276200,0
2020-10-28,sz.000680,3.6100,3.6300,3.5800,3.6100,3.6300,4487597,16167714.2700,3,0.424600,1,-0.551000,0
2020-10-29,sz.000680,3.5800,3.6100,3.5500,3.5900,3.6100,4968695,17809316.6000,3,0.470100,1,-0.554000,0
2020-10-30,sz.000680,3.5800,3.6000,3.4900,3.5300,3.5900,7999001,28347616.5100,3,0.756800,1,-1.671300,0
2020-11-02,sz.000680,3.4900,3.5000,3.3800,3.4000,3.5300,10138865,34571648.4000,3,0.959300,1,-3.682700,0
2020-11-03,sz.000680,3.4000,3.4800,3.4000,3.4600,3.4000,4918251,16975206.9000,3,0.465300,1,1.764700,0
2020-11-04,sz.000680,3.4700,3.4900,3.4300,3.4700,3.4600,3479084,12035957.8000,3,0.329200,1,0.289000,0
2020-11-05,sz.000680,3.4800,3.5200,3.4700,3.5000,3.4700,4843780,16931382.4900,3,0.458300,1,0.864600,0
2020-11-06,sz.000680,3.5100,3.5300,3.4700,3.5000,3.5000,5431226,18974046.9300,3,0.513900,1,0.000000,0
2020-11-09,sz.000680,3.5100,3.5700,3.5000,3.5500,3.5000,6744474,23942025.7100,3,0.638100,1,1.428600,0
2020-11-10,sz.000680,3.5600,3.6800,3.5300,3.6000,3.5500,11384612,40997034.0600,3,1.077100,1,1.408500,0
2020-11-11,sz.000680,3.5700,3.6800,3.5300,3.6100,3.6000,13164645,47618459.9100,3,1.245600,1,0.277800,0
2020-11-12,sz.000680,3.5800,3.6000,3.5400,3.5700,3.6100,7226425,25761050.5000,3,0.683700,1,-1.108000,0
2020-11-13,sz.000680,3.5700,3.5700,3.5200,3.5500,3.5700,4460235,15791128.6300,3,0.422000,1,-0.560200,0
2020-11-16,sz.000680,3.5600,3.6300,3.5500,3.6200,3.5500,7628265,27489889.3200,3,0.721700,1,1.971800,0
2020-11-17,sz.000680,3.6100,3.6200,3.5800,3.6100,3.6200,6202978,22311986.0200,3,0.586900,1,-0.276200,0
2020-11-18,sz.000680,3.5900,3.6900,3.5900,3.6300,3.6100,10862293,39540363.1900,3,1.027700,1,0.554000,0
2020-11-19,sz.000680,3.6000,3.6300,3.5900,3.6100,3.6300,4944777,17846419.7200,3,0.467800,1,-0.551000,0
2020-11-20,sz.000680,3.6000,3.6600,3.6000,3.6400,3.6100,5733242,20812711.0900,3,0.542400,1,0.831000,0
2020-11-23,sz.000680,3.6200,3.7600,3.6200,3.6900,3.6400,18160448,67335063.2100,3,1.718200,1,1.373600,0
2020-11-24,sz.000680,3.6800,3.7200,3.6500,3.6600,3.6900,8435355,30971714.0900,3,0.798100,1,-0.813000,0
2020-11-25,sz.000680,3.6700,3.7000,3.5700,3.5900,3.6600,11605193,42296170.5900,3,1.098000,1,-1.912600,0
2020-11-26,sz.000680,3.5900,3.6000,3.5300,3.5700,3.5900,6801523,24217837.8800,3,0.643500,1,-0.557100,0
2020-11-27,sz.000680,3.6000,3.9300,3.6000,3.8500,3.5700,93701431,363944981.6200,3,8.865400,1,7.843100,0
2020-11-30,sz.000680,3.8100,3.9000,3.7700,3.8200,3.8500,57263054,219032407.1600,3,5.417900,1,-0.779200,0
2020-12-01,sz.000680,3.7900,4.0500,3.7600,3.9300,3.8200,78532867,309992902.3100,3,7.430300,1,2.879600,0
2020-12-02,sz.000680,3.9200,4.1500,3.8700,4.0100,3.9300,80887482,325383574.3200,3,7.653100,1,2.035600,0
2020-12-03,sz.000680,3.9900,4.0000,3.9100,3.9500,4.0100,42937497,169280752.5200,3,4.062500,1,-1.496300,0
2020-12-04,sz.000680,3.9300,3.9300,3.8300,3.8700,3.9500,29361225,113641779.1600,3,2.778000,1,-2.025300,0
2020-12-07,sz.000680,3.8700,4.0600,3.8500,3.9600,3.8700,42379609,167506128.1500,3,4.009700,1,2.325600,0
2020-12-08,sz.000680,3.9000,3.9300,3.8000,3.8500,3.9600,28376887,109303266.1800,3,2.684800,1,-2.777800,0
2020-12-09,sz.000680,3.8400,3.8700,3.7500,3.8100,3.8500,20260920,77356883.3600,3,1.917000,1,-1.039000,0
2020-12-10,sz.000680,3.7800,3.8600,3.7600,3.8000,3.8100,17010289,64733858.4400,3,1.609400,1,-0.262500,0
2020-12-11,sz.000680,3.8200,3.8200,3.6200,3.6700,3.8000,25338160,93886199.0100,3,2.397300,1,-3.421100,0
2020-12-14,sz.000680,3.6600,3.6800,3.5700,3.6100,3.6700,15926296,57412351.9600,3,1.506800,1,-1.634900,0
2020-12-15,sz.000680,3.6000,3.7100,3.5900,3.6300,3.6100,13159554,47932249.8300,3,1.245100,1,0.554000,0
2020-12-16,sz.000680,3.6300,3.6400,3.5500,3.5900,3.6300,12470569,44667218.7300,3,1.179900,1,-1.101900,0
2020-12-17,sz.000680,3.5600,3.6400,3.5100,3.6400,3.5900,14202370,50724724.8200,3,1.343700,1,1.392800,0
2020-12-18,sz.000680,3.6300,3.6700,3.6000,3.6600,3.6400,12104385,43945778.0300,3,1.145200,1,0.549500,0
2020-12-21,sz.000680,3.6400,3.6900,3.5900,3.6700,3.6600,16106949,58762853.3200,3,1.523900,1,0.273200,0
2020-12-22,sz.000680,3.6400,3.6600,3.5500,3.5700,3.6700,14792272,53366518.6200,3,1.399500,1,-2.724800,0
2020-12-23,sz.000680,3.5700,3.6300,3.5600,3.6100,3.5700,9533500,34283874.0000,3,0.902000,1,1.120400,0
2020-12-24,sz.000680,3.6100,3.7300,3.5600,3.6500,3.6100,21202591,77224637.6300,3,2.006100,1,1.108000,0
2020-12-25,sz.000680,3.6200,3.7200,3.5800,3.7000,3.6500,20109087,73359282.6200,3,1.902600,1,1.369900,0
2020-12-28,sz.000680,3.6800,3.7000,3.6000,3.6200,3.7000,15341607,55825201.7000,3,1.451500,1,-2.162200,0
2020-12-29,sz.000680,3.6000,3.7300,3.6000,3.6900,3.6200,23763184,87118563.3200,3,2.248300,1,1.933700,0
2020-12-30,sz.000680,3.6800,3.7900,3.6300,3.7700,3.6900,33507091,124676759.0700,3,3.170200,1,2.168000,0
2020-12-31,sz.000680,3.7400,3.8000,3.7200,3.7600,3.7700,21946463,82328449.1200,3,2.076400,1,-0.265300,0
2021-01-04,sz.000680,3.7400,3.7900,3.6900,3.7800,3.7600,25433773,95271040.3600,3,2.406400,1,0.531900,0
2021-01-05,sz.000680,3.7500,3.9400,3.7400,3.8300,3.7800,36446504,139755424.3600,3,3.448300,1,1.322800,0
2021-01-06,sz.000680,3.8100,3.8300,3.7300,3.7700,3.8300,24935990,93889865.5800,3,2.359300,1,-1.566600,0
2021-01-07,sz.000680,3.7700,3.9000,3.6800,3.7500,3.7700,32733417,124173963.0800,3,3.097000,1,-0.530500,0
2021-01-08,sz.000680,3.7000,3.7000,3.5200,3.5500,3.7500,31693200,113604333.5000,3,2.998600,1,-5.333300,0
2021-01-11,sz.000680,3.5500,3.6500,3.4600,3.4900,3.5500,22740057,80611142.9100,3,2.151500,1,-1.690100,0
2021-01-12,sz.000680,3.5100,3.6400,3.4700,3.6100,3.4900,26949283,96432138.2700,3,2.549800,1,3.438400,0
2021-01-13,sz.000680,3.5700,3.9700,3.5200,3.9700,3.6100,104966637,409876255.9000,3,9.931300,1,9.972300,0
2021-01-14,sz.000680,4.1100,4.2400,3.8100,3.8500,3.9700,132620134,531066164.9400,3,12.547700,1,-3.022700,0
2021-01-15,sz.000680,3.8200,4.2400,3.7900,3.9700,3.8500,102329668,409092234.0100,3,9.681800,1,3.116900,0
2021-01-18,sz.000680,4.0100,4.1200,3.9200,4.0100,3.9700,75040859,300911723.4000,3,7.099900,1,1.007600,0
2021-01-19,sz.000680,4.0000,4.0500,3.8700,3.8900,4.0100,55760015,219805487.4600,3,5.275700,1,-2.992500,0
2021-01-20,sz.000680,3.8900,4.0900,3.8600,4.0300,3.8900,60609769,241924087.9500,3,5.734500,1,3.599000,0
2021-01-21,sz.000680,4.0000,4.0900,3.9500,3.9700,4.0300,53176657,213243981.9000,3,5.031200,1,-1.488800,0
2021-01-22,sz.000680,3.9500,4.1800,3.8700,4.0800,3.9700,80340369,324572114.4700,3,7.601300,1,2.770800,0
2021-01-25,sz.000680,4.0600,4.3400,4.0200,4.2000,4.0800,92043734,386922127.9500,3,8.708300,1,2.941200,0
2021-01-26,sz.000680,4.1500,4.2000,3.9900,4.0300,4.2000,59934679,243770143.0500,3,5.670500,1,-4.047600,0
2021-01-27,sz.000680,4.0300,4.2800,3.9000,4.2400,4.0300,80432749,329243855.7600,3,7.609800,1,5.210900,0
2021-01-28,sz.000680,4.1500,4.2000,4.0100,4.0400,4.2400,55857595,229155541.3100,3,5.284700,1,-4.717000,0
2021-01-29,sz.000680,4.0500,4.1800,3.9400,4.1800,4.0400,64872462,264245134.4600,3,6.137600,1,3.465300,0
2021-02-01,sz.000680,4.1300,4.4400,4.1100,4.3800,4.1800,97842994,420720128.3400,3,9.257000,1,4.784700,0
2021-02-02,sz.000680,4.3000,4.3900,4.2400,4.3600,4.3800,61337193,264490038.7200,3,5.803200,1,-0.456600,0
2021-02-03,sz.000680,4.3500,4.5000,4.0900,4.1000,4.3600,85696290,368472040.8900,3,8.107800,1,-5.963300,0
2021-02-04,sz.000680,4.0200,4.0800,3.7800,3.8500,4.1000,72193786,281577217.7900,3,6.830300,1,-6.097600,0
2021-02-05,sz.000680,3.8200,3.8700,3.5700,3.6000,3.8500,55784033,206567493.7100,3,5.277800,1,-6.493500,0
2021-02-08,sz.000680,3.5800,3.9600,3.5800,3.9000,3.6000,74058795,283064214.0100,3,7.006800,1,8.333300,0
2021-02-09,sz.000680,3.8500,4.0200,3.7900,3.9500,3.9000,65810587,257383969.6100,3,6.226400,1,1.282100,0
2021-02-10,sz.000680,3.9400,3.9600,3.8400,3.8600,3.9500,33693892,130539057.9400,3,3.187800,1,-2.278500,0
2021-02-18,sz.000680,3.9400,3.9700,3.8700,3.9300,3.8600,39808779,156020190.2100,3,3.766300,1,1.813500,0
2021-02-19,sz.000680,3.9200,4.1300,3.8900,4.1200,3.9300,61987283,249857120.9900,3,5.864700,1,4.834600,0
2021-02-22,sz.000680,4.1000,4.3000,4.0700,4.1400,4.1200,72976717,304434641.8900,3,6.904400,1,0.485400,0
2021-02-23,sz.000680,4.1100,4.2400,4.0900,4.1800,4.1400,52159658,218084226.4400,3,4.934900,1,0.966200,0
2021-02-24,sz.000680,4.1600,4.2300,4.0900,4.1800,4.1800,44245183,183627414.6900,3,4.186100,1,0.000000,0
2021-02-25,sz.000680,4.1700,4.2600,4.0600,4.1400,4.1800,49571667,205752931.7300,3,4.690000,1,-0.956900,0
2021-02-26,sz.000680,4.0600,4.3400,4.0200,4.2700,4.1400,70906356,299264225.3400,3,6.708500,1,3.140100,0
2021-03-01,sz.000680,4.2500,4.4000,4.2100,4.3800,4.2700,71165041,306557901.2400,3,6.733000,1,2.576100,0
2021-03-02,sz.000680,4.3200,4.3300,4.1700,4.2500,4.3800,52262211,221588581.5100,3,4.944600,1,-2.968000,0
2021-03-03,sz.000680,4.2300,4.4200,4.2000,4.4100,4.2500,62794741,273031346.9400,3,5.941100,1,3.764700,0
2021-03-04,sz.000680,4.3900,4.4100,4.2100,4.2200,4.4100,54557581,234345939.4200,3,5.161700,1,-4.308400,0
2021-03-05,sz.000680,4.1800,4.6400,4.1500,4.3900,4.2200,91514019,406275607.2900,3,8.658200,1,4.028400,0
2021-03-08,sz.000680,4.3700,4.5500,4.2300,4.2400,4.3900,77657323,341033554.0500,3,7.347200,1,-3.416900,0
2021-03-09,sz.000680,4.2500,4.6600,4.2500,4.6000,4.2400,125531783,567459466.6000,3,11.876600,1,8.490600,0
2021-03-10,sz.000680,4.4300,4.4500,4.1400,4.2500,4.6000,111223237,479125767.6000,3,10.522900,1,-7.608700,0
2021-03-11,sz.000680,4.1700,4.3400,4.0000,4.3100,4.2500,63926226,268667163.4600,3,6.048100,1,1.411800,0
2021-03-12,sz.000680,4.2800,4.3300,4.1500,4.2200,4.3100,43450430,183722430.9800,3,4.110900,1,-2.088200,0
2021-03-15,sz.000680,4.2100,4.2800,4.1500,4.2700,4.2200,35195094,148624250.0700,3,3.329800,1,1.184800,0
2021-03-16,sz.000680,4.3100,4.3200,4.0900,4.1300,4.2700,47880974,199578218.1000,3,4.530100,1,-3.278700,0
2021-03-17,sz.000680,4.1100,4.1400,4.0600,4.1300,4.1300,23754889,97533347.8200,3,2.247500,1,0.000000,0
2021-03-18,sz.000680,4.1000,4.1300,4.0300,4.0900,4.1300,27536322,112368414.4200,3,2.605200,1,-0.968500,0
2021-03-19,sz.000680,4.0700,4.1600,4.0400,4.1000,4.0900,25661509,105185114.3300,3,2.427900,1,0.244500,0
2021-03-22,sz.000680,4.0700,4.2700,4.0600,4.2200,4.1000,40455041,170016082.1200,3,3.827500,1,2.926800,0
2021-03-23,sz.000680,4.1900,4.2100,4.0600,4.1200,4.2200,28527077,117730445.6200,3,2.699000,1,-2.369700,0
2021-03-24,sz.000680,4.0800,4.1700,4.0600,4.0800,4.1200,18157612,74461061.1900,3,1.717900,1,-0.970900,0
2021-03-25,sz.000680,4.0600,4.1100,3.9200,3.9300,4.0800,27862694,111893393.3800,3,2.636100,1,-3.676500,0
2021-03-26,sz.000680,3.9900,4.1100,3.9400,4.0600,3.9300,26222763,106024416.6700,3,2.481000,1,3.307900,0
2021-03-29,sz.000680,4.0500,4.1000,4.0200,4.0800,4.0600,18047411,73148598.3600,3,1.707500,1,0.492600,0
2021-03-30,sz.000680,4.0600,4.4900,4.0500,4.2800,4.0800,87789110,381210157.9600,3,8.305800,1,4.902000,0
2021-03-31,sz.000680,4.2300,4.3900,4.2000,4.3300,4.2800,67013416,287982482.4900,3,6.340200,1,1.168200,0
2021-04-01,sz.000680,4.3300,4.3400,4.2600,4.2900,4.3300,40423507,173813142.2900,3,3.824500,1,-0.923800,0
2021-04-02,sz.000680,4.2800,4.3900,4.2500,4.2800,4.2900,35621699,153081921.5200,3,3.370200,1,-0.233100,0
2021-04-06,sz.000680,4.3000,4.3700,4.2500,4.2800,4.2800,29408698,126261995.0900,3,2.782400,1,0.000000,0
2021-04-07,sz.000680,4.2800,4.4300,4.2400,4.3500,4.2800,42660783,185514141.9200,3,4.036200,1,1.635500,0
2021-04-08,sz.000680,4.3400,4.6500,4.3200,4.3900,4.3500,56704990,252444357.4200,3,5.364900,1,0.919500,0
2021-04-09,sz.000680,4.3900,4.5200,4.3600,4.4000,4.3900,41315526,183228212.1100,3,3.908900,1,0.227800,0
2021-04-12,sz.000680,4.3800,4.4600,4.3100,4.3400,4.4000,35280721,154150261.4700,3,3.337900,1,-1.363600,0
2021-04-13,sz.000680,4.4000,4.5400,4.3700,4.4300,4.3400,47638257,211037912.3000,3,4.507100,1,2.073700,0
2021-04-14,sz.000680,4.3800,4.4200,4.2700,4.4200,4.4300,34851325,151071896.5200,3,3.297300,1,-0.225700,0
2021-04-15,sz.000680,4.3500,4.3900,4.2800,4.3300,4.4200,23628669,102317115.3300,3,2.235500,1,-2.036200,0
2021-04-16,sz.000680,4.3300,4.5300,4.3100,4.4900,4.3300,56844742,252940069.3000,3,5.378100,1,3.695200,0
2021-04-19,sz.000680,4.4600,4.6100,4.4500,4.5400,4.4900,50391716,228877682.4400,3,4.767600,1,1.113600,0
2021-04-20,sz.000680,4.5300,4.5600,4.4700,4.5300,4.5400,40000632,180654055.3600,3,3.784500,1,-0.220300,0
2021-04-21,sz.000680,4.5100,4.5300,4.3600,4.4400,4.5300,38148619,169892993.2200,3,3.609300,1,-1.986800,0
2021-04-22,sz.000680,4.4500,4.4800,4.3000,4.3300,4.4400,41375096,180892123.3400,3,3.914500,1,-2.477500,0
2021-04-23,sz.000680,4.3300,4.3400,4.2200,4.2500,4.3300,31383100,133952259.5000,3,2.969200,1,-1.847600,0
2021-04-26,sz.000680,4.2500,4.3800,4.1900,4.2000,4.2500,32833535,140151555.6000,3,3.106400,1,-1.176500,0
2021-04-27,sz.000680,4.1700,4.2100,4.0600,4.1300,4.2000,23475862,96584625.9800,3,2.221100,1,-1.666700,0
2021-04-28,sz.000680,4.1200,4.2200,4.1000,4.1500,4.1300,17526429,72983143.0600,3,1.658200,1,0.484300,0
2021-04-29,sz.000680,4.1400,4.1900,4.1100,4.1700,4.1500,16457895,68472517.5100,3,1.557100,1,0.481900,0
2021-04-30,sz.000680,4.1800,4.2200,4.0800,4.1000,4.1700,16256880,67151689.8000,3,1.538100,1,-1.678700,0
2021-05-06,sz.000680,4.1300,4.2200,4.0500,4.1700,4.1000,19924536,82992324.2300,3,1.885100,1,1.707300,0
2021-05-07,sz.000680,4.1700,4.2400,4.1500,4.1800,4.1700,20275879,85135916.8400,3,1.918300,1,0.239800,0
2021-05-10,sz.000680,4.1700,4.2100,4.1200,4.2000,4.1800,22295309,92969574.9300,3,2.109400,1,0.478500,0
2021-05-11,sz.000680,4.1700,4.1900,4.0800,4.1400,4.2000,19961093,82456350.1100,3,1.888500,1,-1.428600,0
2021-05-12,sz.000680,4.1000,4.1600,4.0900,4.1500,4.1400,14298376,59027193.8500,3,1.352800,1,0.241500,0
2021-05-13,sz.000680,4.1200,4.1900,4.1100,4.1400,4.1500,17368206,72202162.3900,3,1.643200,1,-0.241000,0
2021-05-14,sz.000680,4.1400,4.2200,4.1300,4.1800,4.1400,20857978,87061089.0000,3,1.973400,1,0.966200,0
2021-05-17,sz.000680,4.1800,4.1900,4.0600,4.1000,4.1800,22696128,93655959.3100,3,2.147300,1,-1.913900,0
2021-05-18,sz.000680,4.0900,4.1300,4.0600,4.0900,4.1000,13599462,55675932.6400,3,1.286700,1,-0.243900,0
2021-05-19,sz.000680,4.0800,4.0900,4.0100,4.0200,4.0900,20113874,81424322.4700,3,1.903000,1,-1.711500,0
2021-05-20,sz.000680,4.0200,4.0600,3.9700,3.9800,4.0200,16011397,64232719.8400,3,1.514800,1,-0.995000,0
2021-05-21,sz.000680,3.9900,4.0100,3.9500,4.0000,3.9800,14152638,56390453.4500,3,1.339000,1,0.502500,0
2021-05-24,sz.000680,4.0000,4.0500,3.9800,4.0100,4.0000,12476684,49990133.1600,3,1.180400,1,0.250000,0
2021-05-25,sz.000680,4.0100,4.0800,3.9700,4.0400,4.0100,17356133,69857767.2700,3,1.642100,1,0.748100,0
2021-05-26,sz.000680,4.0400,4.1000,4.0200,4.0600,4.0400,15625154,63569555.7700,3,1.478300,1,0.495000,0
2021-05-27,sz.000680,4.0500,4.1100,4.0400,4.0700,4.0600,16344994,66623824.1100,3,1.546400,1,0.246300,0
2021-05-28,sz.000680,4.1600,4.1800,4.0500,4.0800,4.0700,22062061,90625025.9200,3,2.087300,1,0.245700,0
2021-05-31,sz.000680,4.0700,4.0800,3.9800,4.0100,4.0800,17598817,70635000.5200,3,1.665000,1,-1.715700,0
2021-06-01,sz.000680,4.0200,4.0600,4.0000,4.0600,4.0100,12624663,50844240.1200,3,1.194400,1,1.246900,0
2021-06-02,sz.000680,4.0600,4.0700,3.9900,4.0000,4.0600,12214284,49049643.5900,3,1.155600,1,-1.477800,0
2021-06-03,sz.000680,3.9900,4.0300,3.9900,4.0000,4.0000,10932454,43787428.4600,3,1.034300,1,0.000000,0
2021-06-04,sz.000680,4.0000,4.0000,3.9100,3.9200,4.0000,20035224,79078387.1800,3,1.895500,1,-2.000000,0
2021-06-07,sz.000680,3.9100,3.9300,3.8800,3.9000,3.9200,14712820,57413395.9200,3,1.392000,1,-0.510200,0
2021-06-08,sz.000680,3.9000,3.9300,3.8700,3.9200,3.9000,10756017,42019436.1800,3,1.017600,1,0.512800,0
2021-06-09,sz.000680,3.9100,3.9800,3.9000,3.9800,3.9200,10851046,42752685.7800,3,1.026600,1,1.530600,0
2021-06-10,sz.000680,3.9800,3.9800,3.9200,3.9400,3.9800,12282600,48502377.0000,3,1.162100,1,-1.005000,0
2021-06-11,sz.000680,3.9300,3.9400,3.8600,3.8800,3.9400,15826502,61657502.8200,3,1.497400,1,-1.522800,0
2021-06-15,sz.000680,3.8800,3.8900,3.8200,3.8300,3.8800,10323186,39726438.4000,3,0.976700,1,-1.288700,0
2021-06-16,sz.000680,3.8300,3.8500,3.8000,3.8100,3.8300,8958525,34179518.2500,3,0.847600,1,-0.522200,0
2021-06-17,sz.000680,3.8100,3.8400,3.7600,3.7800,3.8100,8872500,33712448.9800,3,0.839400,1,-0.787400,0
2021-06-18,sz.000680,3.7700,3.8100,3.7600,3.8000,3.7800,8283364,31365716.3200,3,0.783700,1,0.529100,0
2021-06-21,sz.000680,3.8000,3.8200,3.7900,3.8200,3.8000,7502842,28575084.5200,3,0.709800,1,0.526300,0
2021-06-22,sz.000680,3.8000,3.9300,3.8000,3.8800,3.8200,16749769,65071828.5800,3,1.584700,1,1.570700,0
2021-06-23,sz.000680,3.8700,3.8700,3.8300,3.8600,3.8800,8748452,33673508.6800,3,0.827700,1,-0.515500,0
2021-06-24,sz.000680,3.8600,3.8800,3.8300,3.8700,3.8600,6804555,26267724.8000,3,0.643800,1,0.259100,0
2021-06-25,sz.000680,3.8600,3.9200,3.8400,3.9100,3.8700,11487914,44677887.5000,3,1.086900,1,1.033600,0
2021-06-28,sz.000680,3.9100,3.9100,3.8600,3.8900,3.9100,10693999,41488043.5100,3,1.011800,1,-0.511500,0
2021-06-29,sz.000680,3.8900,3.9200,3.8600,3.9200,3.8900,8473488,32969534.6200,3,0.801700,1,0.771200,0
2021-06-30,sz.000680,3.9100,3.9400,3.8900,3.9100,3.9200,7827352,30614723.2800,3,0.740600,1,-0.255100,0
2021-07-01,sz.000680,3.9300,3.9700,3.9000,3.9200,3.9100,14892279,58641693.5700,3,1.409000,1,0.255800,0
2021-07-02,sz.000680,3.9300,3.9400,3.8400,3.8600,3.9200,11047002,42757318.3100,3,1.045200,1,-1.530600,0
2021-07-05,sz.000680,3.8500,3.9000,3.8300,3.9000,3.8600,7901569,30614868.5200,3,0.747600,1,1.036300,0
2021-07-06,sz.000680,3.8700,3.9400,3.8700,3.9300,3.9000,8958388,35083313.1300,3,0.847600,1,0.769200,0
2021-07-07,sz.000680,3.9500,3.9500,3.9000,3.9100,3.9300,8069432,31624409.6200,3,0.763500,1,-0.508900,0
2021-07-08,sz.000680,3.9300,3.9300,3.8600,3.8700,3.9100,9024101,35224761.9200,3,0.853800,1,-1.023000,0
2021-07-09,sz.000680,3.8700,3.9000,3.8300,3.9000,3.8700,9330207,36070941.4400,3,0.882700,1,0.775200,0
2021-07-12,sz.000680,3.9100,3.9600,3.9100,3.9300,3.9000,13277608,52298304.3100,3,1.256200,1,0.769200,0
2021-07-13,sz.000680,3.9400,3.9500,3.9000,3.9300,3.9300,8282330,32433912.5000,3,0.783600,1,0.000000,0
2021-07-14,sz.000680,3.9500,3.9500,3.8800,3.9000,3.9300,9051680,35353754.2000,3,0.856400,1,-0.763400,0
2021-07-15,sz.000680,3.9000,3.9000,3.8200,3.8700,3.9000,9244725,35593562.2900,3,0.874600,1,-0.769200,0
2021-07-16,sz.000680,3.8500,3.8800,3.8300,3.8400,3.8700,8104323,31190116.9700,3,0.766800,1,-0.775200,0
2021-07-19,sz.000680,3.8100,3.8300,3.7700,3.7900,3.8400,11455183,43402562.2400,3,1.083800,1,-1.302100,0
2021-07-20,sz.000680,3.7700,3.7800,3.7200,3.7700,3.7900,10083354,37806778.0400,3,0.954000,1,-0.527700,0
2021-07-21,sz.000680,3.7900,3.8400,3.7800,3.7900,3.7700,8820328,33577057.8400,3,0.834500,1,0.530500,0
2021-07-22,sz.000680,3.8000,3.9400,3.7900,3.9100,3.7900,23348822,90947267.2000,3,2.209000,1,3.166200,0
2021-07-23,sz.000680,3.9000,3.9400,3.8800,3.9100,3.9100,15146300,59117869.5800,3,1.433000,1,0.000000,0
2021-07-26,sz.000680,3.9000,3.9300,3.8000,3.8200,3.9100,14282250,55042973.0000,3,1.351300,1,-2.301800,0
2021-07-27,sz.000680,3.8500,3.8800,3.7700,3.7800,3.8200,13709289,52565368.5400,3,1.297000,1,-1.047100,0
2021-07-28,sz.000680,3.7500,3.7700,3.6200,3.6700,3.7800,15809438,57989474.8100,3,1.495700,1,-2.910100,0
2021-07-29,sz.000680,3.6800,3.7200,3.6400,3.6900,3.6700,9257003,34024173.0400,3,0.875800,1,0.545000,0
2021-07-30,sz.000680,3.6800,3.6900,3.6400,3.6900,3.6900,7392659,27107474.1400,3,0.699400,1,0.000000,0
2021-08-02,sz.000680,3.6800,3.9200,3.6400,3.8900,3.6900,28646426,109844971.1600,3,2.710300,1,5.420100,0
2021-08-03,sz.000680,3.8900,3.9400,3.8700,3.9100,3.8900,24202238,94491330.8400,3,2.289800,1,0.514100,0
2021-08-04,sz.000680,3.8900,4.0100,3.8800,3.9800,3.9100,29496117,117152920.3700,3,2.790600,1,1.790300,0
2021-08-05,sz.000680,4.0000,4.0400,3.9600,4.0400,3.9800,34371792,137693067.0400,3,3.251900,1,1.507500,0
2021-08-06,sz.000680,4.0400,4.0500,3.9800,3.9900,4.0400,23133367,92732106.1600,3,2.188700,1,-1.237600,0
2021-08-09,sz.000680,4.0700,4.1600,4.0400,4.1300,3.9900,42515237,174649650.4900,3,4.022400,1,3.508800,0
2021-08-10,sz.000680,4.1000,4.1800,4.0900,4.1200,4.1300,24925140,103007534.4800,3,2.358200,1,-0.242100,0
2021-08-11,sz.000680,4.1300,4.2400,4.1200,4.1500,4.1200,30334639,126692498.3000,3,2.870000,1,0.728200,0
2021-08-12,sz.000680,4.1500,4.2400,4.1300,4.1400,4.1500,23911732,99817254.6200,3,2.262300,1,-0.241000,0
2021-08-13,sz.000680,4.1300,4.1900,4.1100,4.1500,4.1400,22944271,95160052.5700,3,2.170800,1,0.241500,0
2021-08-16,sz.000680,4.1600,4.2000,4.0800,4.1000,4.1500,16770119,69128144.9000,3,1.586600,1,-1.204800,0
2021-08-17,sz.000680,4.1200,4.1300,3.9900,4.0200,4.1000,20496418,83290554.5800,3,1.939200,1,-1.951200,0
2021-08-18,sz.000680,4.0100,4.0900,4.0000,4.0700,4.0200,16791195,68096274.6500,3,1.588600,1,1.243800,0
2021-08-19,sz.000680,4.1000,4.1100,3.9900,4.0300,4.0700,14015427,56393152.8100,3,1.326000,1,-0.982800,0
2021-08-20,sz.000680,4.0300,4.1000,3.9700,4.0800,4.0300,15646798,63284828.9900,3,1.480400,1,1.240700,0
2021-08-23,sz.000680,4.0800,4.1900,4.0600,4.1800,4.0800,24318239,101113545.1800,3,2.300800,1,2.451000,0
2021-08-24,sz.000680,4.1900,4.2300,4.1500,4.1700,4.1800,16121656,67271717.6400,3,1.525300,1,-0.239200,0
2021-08-25,sz.000680,4.1600,4.1900,4.1100,4.1900,4.1700,16254450,67551433.5000,3,1.537800,1,0.479600,0
2021-08-26,sz.000680,4.1900,4.2500,4.1400,4.2000,4.1900,21854738,91995848.4900,3,2.067700,1,0.238700,0
2021-08-27,sz.000680,4.2000,4.2800,4.1500,4.2600,4.2000,23901776,101230813.6800,3,2.261400,1,1.428600,0
2021-08-30,sz.000680,4.2600,4.3000,4.1800,4.2300,4.2600,21600506,91411588.7200,3,2.043600,1,-0.704200,0
2021-08-31,sz.000680,4.2200,4.3700,4.1900,4.3500,4.2300,42544015,183752691.9200,3,4.025100,1,2.836900,0
2021-09-01,sz.000680,4.3100,4.5300,4.3000,4.4800,4.3500,68517546,303989293.7600,3,6.482500,1,2.988500,0
2021-09-02,sz.000680,4.4600,4.5000,4.3700,4.4500,4.4800,45473324,201051379.4200,3,4.302300,1,-0.669600,0
2021-09-03,sz.000680,4.4200,4.4800,4.3100,4.3400,4.4500,36773432,161051598.8900,3,3.479200,1,-2.471900,0
2021-09-06,sz.000680,4.3300,4.4400,4.3200,4.3900,4.3400,25645953,112235582.4900,3,2.426400,1,1.152100,0
2021-09-07,sz.000680,4.4000,4.5800,4.3900,4.4800,4.3900,45363038,203967905.6700,3,4.291800,1,2.050100,0
2021-09-08,sz.000680,4.4800,4.5400,4.4500,4.5200,4.4800,29976714,134600086.6400,3,2.836100,1,0.892900,0
2021-09-09,sz.000680,4.5300,4.5700,4.4300,4.5400,4.5200,29096082,131392155.9200,3,2.752800,1,0.442500,0
2021-09-10,sz.000680,4.5100,4.5700,4.4200,4.4300,4.5400,31147790,139398805.1300,3,2.946900,1,-2.422900,0
2021-09-13,sz.000680,4.4100,4.6400,4.4000,4.5600,4.4300,37957966,172690361.7900,3,3.591200,1,2.934500,0
2021-09-14,sz.000680,4.5700,4.5700,4.4400,4.4700,4.5600,27005418,121465412.0100,3,2.555000,1,-1.973700,0
2021-09-15,sz.000680,4.4600,4.6500,4.4100,4.5700,4.4700,32414167,147023260.0000,3,3.066700,1,2.237100,0
2021-09-16,sz.000680,4.6000,4.8900,4.5500,4.6200,4.5700,73748951,347116044.0000,3,6.977400,1,1.094100,0
2021-09-17,sz.000680,4.6400,4.6800,4.4100,4.5700,4.6200,37555828,171202298.4700,3,3.553200,1,-1.082300,0
2021-09-22,sz.000680,4.5000,4.5700,4.4700,4.5100,4.5700,22845299,103048193.7800,3,2.161400,1,-1.312900,0
2021-09-23,sz.000680,4.5400,4.7100,4.5000,4.6500,4.5100,40163032,185470609.7900,3,3.799900,1,3.104200,0
2021-09-24,sz.000680,4.6500,4.6500,4.4200,4.4500,4.6500,30008903,135135740.6900,3,2.839200,1,-4.301100,0
2021-09-27,sz.000680,4.4400,4.4800,4.1000,4.1700,4.4500,36392866,154459380.9200,3,3.443200,1,-6.292100,0
2021-09-28,sz.000680,4.2000,4.2600,4.1200,4.2600,4.1700,18252061,76604429.8200,3,1.726800,1,2.158300,0
2021-09-29,sz.000680,4.2000,4.3100,4.1200,4.1400,4.2600,18978196,79539914.8300,3,1.795500,1,-2.816900,0
2021-09-30,sz.000680,4.1700,4.2300,4.1400,4.2200,4.1400,13429521,56312466.5900,3,1.270600,1,1.932400,0
2021-10-08,sz.000680,4.2600,4.3500,4.2200,4.2400,4.2200,16206642,69200147.7800,3,1.533300,1,0.473900,0
2021-10-11,sz.000680,4.2500,4.2700,4.0900,4.1700,4.2400,18029725,74829170.2500,3,1.705800,1,-1.650900,0
2021-10-12,sz.000680,4.1400,4.1400,3.9700,4.0500,4.1700,20616901,83305511.4300,3,1.950600,1,-2.877700,0
2021-10-13,sz.000680,4.0600,4.0900,3.9700,4.0400,4.0500,10093708,40616041.7400,3,0.955000,1,-0.246900,0
2021-10-14,sz.000680,4.0100,4.0900,4.0000,4.0800,4.0400,8419400,34127695.0000,3,0.796600,1,0.990100,0
2021-10-15,sz.000680,4.0700,4.1100,4.0300,4.0400,4.0800,6968560,28292416.4000,3,0.659300,1,-0.980400,0
2021-10-18,sz.000680,4.0700,4.1400,4.0300,4.1300,4.0400,9184686,37630124.7900,3,0.869000,1,2.227700,0
2021-10-19,sz.000680,4.1300,4.1400,4.0800,4.1200,4.1300,8580969,35275298.5600,3,0.811900,1,-0.242100,0
2021-10-20,sz.000680,4.1100,4.1100,4.0600,4.0700,4.1200,9689010,39544277.7000,3,0.916700,1,-1.213600,0
2021-10-21,sz.000680,4.0800,4.0900,4.0200,4.0200,4.0600,8888452,36029118.1600,3,0.840900,1,-0.985200,0
2021-10-22,sz.000680,4.0300,4.0500,3.9000,3.9300,4.0200,17258500,68233926.0000,3,1.632800,1,-2.238800,0
2021-10-25,sz.000680,3.9200,3.9700,3.9000,3.9300,3.9300,8948259,35146044.8700,3,0.846600,1,0.000000,0
2021-10-26,sz.000680,3.9200,3.9900,3.9100,3.9600,3.9300,8294180,32795518.2000,3,0.784700,1,0.763400,0
2021-10-27,sz.000680,3.9600,3.9600,3.7900,3.8600,3.9600,18138131,69849405.6800,3,1.716100,1,-2.525300,0
2021-10-28,sz.000680,3.8500,3.9000,3.7800,3.8000,3.8600,12547368,48025704.1700,3,1.187100,1,-1.554400,0
2021-10-29,sz.000680,3.8000,3.8600,3.7300,3.8200,3.8000,13760088,52387460.6200,3,1.301900,1,0.526300,0
2021-11-01,sz.000680,3.8200,3.8600,3.7800,3.8100,3.8200,14239307,54525504.7500,3,1.347200,1,-0.261800,0
2021-11-02,sz.000680,3.8200,3.8700,3.6800,3.7200,3.8100,17596430,66135734.5000,3,1.664800,1,-2.362200,0
2021-11-03,sz.000680,3.7100,3.7700,3.7000,3.7400,3.7200,9108095,33964176.4000,3,0.861700,1,0.537600,0
2021-11-04,sz.000680,3.7500,3.7800,3.7300,3.7800,3.7400,11539059,43289534.7500,3,1.091700,1,1.069500,0
2021-11-05,sz.000680,3.7700,3.8000,3.7200,3.7200,3.7800,11516886,43200067.2200,3,1.089600,1,-1.587300,0
2021-11-08,sz.000680,3.7400,3.8100,3.7300,3.7500,3.7200,10871474,40905093.5000,3,1.028600,1,0.806500,0
2021-11-09,sz.000680,3.7600,3.8200,3.7600,3.7900,3.7500,11759248,44506350.0400,3,1.112600,1,1.066700,0
2021-11-10,sz.000680,3.7900,3.8200,3.7400,3.8200,3.7900,9829315,37124930.5500,3,0.930000,1,0.791600,0
2021-11-11,sz.000680,3.8200,3.9400,3.8000,3.9200,3.8200,18803369,73173244.8100,3,1.779000,1,2.617800,0
2021-11-12,sz.000680,3.9100,3.9300,3.8800,3.9000,3.9200,8942725,34907153.0000,3,0.846100,1,-0.510200,0
2021-11-15,sz.000680,3.9100,3.9700,3.9000,3.9600,3.9000,9652127,38070563.6100,3,0.913200,1,1.538500,0
2021-11-16,sz.000680,3.9600,3.9600,3.8800,3.8900,3.9600,9066175,35568305.7500,3,0.857800,1,-1.767700,0
2021-11-17,sz.000680,3.8900,3.9200,3.8700,3.9200,3.8900,7482144,29209120.5400,3,0.707900,1,0.771200,0
2021-11-18,sz.000680,3.9200,3.9700,3.9000,3.9000,3.9200,8782350,34529999.4800,3,0.830900,1,-0.510200,0
2021-11-19,sz.000680,3.8900,3.9600,3.8900,3.9500,3.9000,9305069,36539136.1500,3,0.880400,1,1.282100,0
2021-11-22,sz.000680,3.9500,3.9800,3.9300,3.9600,3.9500,9520501,37647880.9600,3,0.900700,1,0.253200,0
2021-11-23,sz.000680,3.9500,4.0400,3.9400,4.0000,3.9600,12065393,48219798.8700,3,1.141500,1,1.010100,0
2021-11-24,sz.000680,4.0000,4.0100,3.9600,4.0000,4.0000,7220536,28757911.2200,3,0.683100,1,0.000000,0
2021-11-25,sz.000680,4.0100,4.0100,3.9600,3.9700,4.0000,5490124,21832416.2800,3,0.519400,1,-0.750000,0
2021-11-26,sz.000680,3.9600,3.9700,3.9000,3.9200,3.9700,8712462,34199727.8000,3,0.824300,1,-1.259400,0
2021-11-29,sz.000680,3.8700,3.9100,3.8500,3.8800,3.9200,9491394,36862739.7800,3,0.898000,1,-1.020400,0
2021-11-30,sz.000680,3.9000,3.9800,3.8800,3.9300,3.8800,9836969,38715034.6800,3,0.930700,1,1.288700,0
2021-12-01,sz.000680,3.9400,4.0600,3.9200,4.0500,3.9300,18098320,72602985.9600,3,1.712300,1,3.053400,0
2021-12-02,sz.000680,4.0500,4.0900,4.0200,4.0500,4.0500,15035651,60976974.1000,3,1.422500,1,0.000000,0
2021-12-03,sz.000680,4.0400,4.1100,4.0300,4.0800,4.0500,13873352,56696648.6400,3,1.312600,1,0.740700,0
2021-12-06,sz.000680,4.0800,4.1300,4.0200,4.0200,4.0800,12093200,49206650.0000,3,1.144100,1,-1.470600,0
2021-12-07,sz.000680,4.0400,4.1600,4.0300,4.1100,4.0200,22342745,91724006.8600,3,2.113900,1,2.238800,0
2021-12-08,sz.000680,4.1000,4.1100,4.0400,4.1000,4.1100,14778460,60270027.1800,3,1.398200,1,-0.243300,0
2021-12-09,sz.000680,4.1000,4.1600,4.1000,4.1400,4.1000,16277807,67243437.6900,3,1.540100,1,0.975600,0
2021-12-10,sz.000680,4.1300,4.1300,4.0400,4.0800,4.1400,17299815,70641475.5600,3,1.636700,1,-1.449300,0
2021-12-13,sz.000680,4.0800,4.1900,4.0700,4.0800,4.0800,18434161,75904177.3000,3,1.744100,1,0.000000,0
2021-12-14,sz.000680,4.0900,4.1700,4.0600,4.1600,4.0800,20179611,83296265.5900,3,1.909200,1,1.960800,0
2021-12-15,sz.000680,4.1600,4.2200,4.1200,4.1400,4.1600,18576788,77366282.3600,3,1.757600,1,-0.480800,0
2021-12-16,sz.000680,4.1400,4.2000,4.1400,4.1900,4.1400,15472571,64776165.9000,3,1.463900,1,1.207700,0
2021-12-17,sz.000680,4.2000,4.2400,4.1700,4.2000,4.1900,15884409,66758759.3700,3,1.502800,1,0.238700,0
2021-12-20,sz.000680,4.2000,4.2600,4.2000,4.2100,4.2000,19168596,81173026.2400,3,1.813600,1,0.238100,0
2021-12-21,sz.000680,4.2100,4.3000,4.1900,4.3000,4.2100,18192931,77490324.0400,3,1.721200,1,2.137800,0
2021-12-22,sz.000680,4.3200,4.3300,4.2300,4.2500,4.3000,18596849,79099770.7700,3,1.759500,1,-1.162800,0
2021-12-23,sz.000680,4.2600,4.2600,4.1800,4.2000,4.2500,16140000,67868149.0000,3,1.527000,1,-1.176500,0
2021-12-24,sz.000680,4.2000,4.2300,4.1400,4.1400,4.2000,13800140,57488805.7200,3,1.305600,1,-1.428600,0
2021-12-27,sz.000680,4.1400,4.2000,4.1300,4.1900,4.1400,12038080,50297074.1000,3,1.138900,1,1.207700,0
2021-12-28,sz.000680,4.1900,4.2100,4.1100,4.1300,4.1900,15033622,62228260.0600,3,1.422300,1,-1.432000,0
2021-12-29,sz.000680,4.1300,4.2000,4.1000,4.1500,4.1300,12209049,50774352.4400,3,1.155100,1,0.484300,0
2021-12-30,sz.000680,4.1400,4.2100,4.1400,4.2100,4.1500,13889161,58243193.1800,3,1.314100,1,1.445800,0
2021-12-31,sz.000680,4.2000,4.3200,4.1900,4.2800,4.2100,22073072,94383274.2800,3,2.088300,1,1.662700,0
2022-01-04,sz.000680,4.2800,4.3200,4.2600,4.3000,4.2800,17757206,76210288.9200,3,1.680000,1,0.467300,0
2022-01-05,sz.000680,4.3000,4.3200,4.2400,4.2700,4.3000,14863163,63412558.6000,3,1.406200,1,-0.697700,0
2022-01-06,sz.000680,4.2500,4.3700,4.2500,4.3200,4.2700,20745502,89705265.6300,3,1.962700,1,1.171000,0
2022-01-07,sz.000680,4.3200,4.4600,4.3000,4.3200,4.3200,38417554,168033531.8800,3,3.634700,1,0.000000,0
2022-01-10,sz.000680,4.3900,4.4400,4.2800,4.3300,4.3200,25485432,110697258.0200,3,2.411200,1,0.231500,0
2022-01-11,sz.000680,4.3500,4.5000,4.2800,4.3100,4.3300,37405756,163733179.8000,3,3.539000,1,-0.461900,0
2022-01-12,sz.000680,4.3100,4.3500,4.2500,4.3000,4.3100,16613587,71294401.2300,3,1.571800,1,-0.232000,0
2022-01-13,sz.000680,4.2800,4.3300,4.2500,4.2500,4.3000,16476128,70619321.2500,3,1.558800,1,-1.162800,0
2022-01-14,sz.000680,4.2500,4.2900,4.1400,4.1400,4.2500,21930920,92079315.6700,3,2.074900,1,-2.588200,0
2022-01-17,sz.000680,4.1200,4.2300,4.1000,4.2100,4.1400,15750202,66048787.5300,3,1.490100,1,1.690800,0
2022-01-18,sz.000680,4.2300,4.2500,4.1600,4.2000,4.2100,13333994,56016519.2100,3,1.261500,1,-0.237500,0
2022-01-19,sz.000680,4.2000,4.3200,4.1700,4.2600,4.2000,20672789,88169615.9800,3,1.955900,1,1.428600,0
2022-01-20,sz.000680,4.2800,4.2800,4.1500,4.1700,4.2600,19392247,81632276.7500,3,1.834700,1,-2.112700,0
2022-01-21,sz.000680,4.1800,4.1900,4.0600,4.0700,4.1700,16602440,68055613.8600,3,1.570800,1,-2.398100,0
2022-01-24,sz.000680,4.0500,4.0700,3.9900,4.0200,4.0700,12685595,50982555.3700,3,1.200200,1,-1.228500,0
2022-01-25,sz.000680,4.0200,4.0200,3.8300,3.8300,4.0200,20099101,78509051.8700,3,1.901600,1,-4.726400,0
2022-01-26,sz.000680,3.8300,3.9100,3.8300,3.8800,3.8300,15806970,61175173.2300,3,1.495500,1,1.305500,0
2022-01-27,sz.000680,3.8900,3.9000,3.7900,3.7900,3.8800,17133544,65666889.8600,3,1.621000,1,-2.319600,0
2022-01-28,sz.000680,3.8100,3.8800,3.7800,3.8400,3.7900,11467802,43984785.7400,3,1.085000,1,1.319300,0
2022-02-07,sz.000680,3.9000,4.0800,3.8900,4.0600,3.8400,29532439,118566467.3400,3,2.794100,1,5.729200,0
2022-02-08,sz.000680,4.0900,4.3300,4.0600,4.3100,4.0600,53942394,229430826.2800,3,5.103500,1,6.157600,0
2022-02-09,sz.000680,4.3500,4.3900,4.2500,4.3300,4.3100,34742748,150114772.8500,3,3.287000,1,0.464000,0
2022-02-10,sz.000680,4.3500,4.4000,4.2800,4.3500,4.3300,24614009,106787034.3800,3,2.328700,1,0.461900,0
2022-02-11,sz.000680,4.3500,4.3800,4.2600,4.2800,4.3500,21767878,93739205.0600,3,2.059500,1,-1.609200,0
2022-02-14,sz.000680,4.2700,4.3000,4.2200,4.2400,4.2800,20865214,88912263.8600,3,1.974100,1,-0.934600,0
2022-02-15,sz.000680,4.2700,4.2700,4.1900,4.2300,4.2400,14812550,62553878.5000,3,1.401400,1,-0.235800,0
2022-02-16,sz.000680,4.2400,4.3800,4.2300,4.3600,4.2300,25245140,109006149.2000,3,2.388500,1,3.073300,0
2022-02-17,sz.000680,4.3600,4.4100,4.2900,4.3100,4.3600,25193216,109457565.6800,3,2.383500,1,-1.146800,0
2022-02-18,sz.000680,4.2900,4.3900,4.2700,4.3900,4.3100,21276150,92486909.5000,3,2.013000,1,1.856100,0
2022-02-21,sz.000680,4.4000,4.4000,4.3400,4.3900,4.3900,20652724,90185491.6300,3,1.954000,1,0.000000,0
2022-02-22,sz.000680,4.3500,4.4100,4.3200,4.3700,4.3900,19758060,86136499.1600,3,1.869300,1,-0.455600,0
2022-02-23,sz.000680,4.4000,4.4900,4.3100,4.3500,4.3700,25241627,110104075.3700,3,2.388100,1,-0.457700,0
2022-02-24,sz.000680,4.3200,4.3900,4.1700,4.2400,4.3500,35323138,151165758.0600,3,3.341900,1,-2.528700,0
2022-02-25,sz.000680,4.2900,4.3500,4.2300,4.2500,4.2400,18392631,78644040.6300,3,1.740100,1,0.235800,0
2022-02-28,sz.000680,4.2500,4.2600,4.1600,4.2100,4.2500,13046229,54879927.0000,3,1.234300,1,-0.941200,0
2022-03-01,sz.000680,4.2400,4.3000,4.2300,4.2600,4.2100,13286483,56579901.0000,3,1.257000,1,1.187600,0
2022-03-02,sz.000680,4.2400,4.3100,4.2400,4.2900,4.2600,14056188,60093037.0000,3,1.329900,1,0.704200,0
2022-03-03,sz.000680,4.2900,4.3800,4.2800,4.3500,4.2900,25776148,111917678.0000,3,2.438700,1,1.398600,0
2022-03-04,sz.000680,4.3400,4.3600,4.2100,4.2400,4.3500,24460086,104361813.0000,3,2.314200,1,-2.528700,0
2022-03-07,sz.000680,4.2000,4.2600,4.1300,4.1700,4.2400,15365102,64464786.0000,3,1.453700,1,-1.650900,0
2022-03-08,sz.000680,4.1600,4.1700,4.0200,4.0400,4.1700,17871721,72921296.0000,3,1.690900,1,-3.117500,0
2022-03-09,sz.000680,4.0400,4.1100,3.8300,3.9700,4.0400,22771831,90529653.0000,3,2.154500,1,-1.732700,0
2022-03-10,sz.000680,4.0200,4.1300,4.0200,4.0800,3.9700,25330284,103517137.0000,3,2.396500,1,2.770800,0
2022-03-11,sz.000680,4.0600,4.1400,4.0000,4.1300,4.0800,20144824,82047003.0000,3,1.905900,1,1.225500,0
2022-03-14,sz.000680,4.1100,4.1300,4.0100,4.0100,4.1300,14254400,57988075.0000,3,1.348600,1,-2.905600,0
2022-03-15,sz.000680,4.0200,4.0200,3.7400,3.7500,4.0100,27114793,105041932.0000,3,2.565300,1,-6.483800,0
2022-03-16,sz.000680,3.8200,3.8800,3.6700,3.8300,3.7500,24389685,92168685.0000,3,2.307500,1,2.133300,0
2022-03-17,sz.000680,3.8600,3.9300,3.8400,3.8600,3.8300,20607555,79806858.0000,3,1.949700,1,0.783300,0
2022-03-18,sz.000680,3.8700,3.9700,3.8400,3.9400,3.8600,19448793,76282800.8800,3,1.840100,1,2.072500,0
2022-03-21,sz.000680,3.9400,3.9800,3.8800,3.9500,3.9400,12783455,50260110.9200,3,1.209500,1,0.253800,0
2022-03-22,sz.000680,3.9700,4.0000,3.9100,3.9700,3.9500,13808820,54726231.6300,3,1.306500,1,0.506300,0
2022-03-23,sz.000680,3.9700,4.0100,3.9200,3.9500,3.9700,12384555,49022151.3500,3,1.171700,1,-0.503800,0
2022-03-24,sz.000680,3.9300,3.9500,3.8800,3.9000,3.9500,10689507,41803467.3100,3,1.011300,1,-1.265800,0
2022-03-25,sz.000680,3.8900,3.9700,3.8900,3.8900,3.9000,14676133,57490238.3700,3,1.388500,1,-0.256400,0
2022-03-28,sz.000680,3.8700,3.9800,3.8000,3.9800,3.8900,20443401,80155965.2900,3,1.934200,1,2.313600,0
2022-03-29,sz.000680,3.9600,4.0000,3.8900,3.9000,3.9800,15198021,59589132.3300,3,1.437900,1,-2.010100,0
2022-03-30,sz.000680,3.9200,4.0200,3.8800,3.9900,3.9000,22085261,87844103.2400,3,2.089500,1,2.307700,0
2022-03-31,sz.000680,3.9800,4.0700,3.9700,4.0000,3.9900,24818938,99617760.9900,3,2.348100,1,0.250600,0
2022-04-01,sz.000680,3.9700,4.0100,3.9500,3.9900,4.0000,16161738,64214591.2000,3,1.529100,1,-0.250000,0
2022-04-06,sz.000680,3.9800,4.1600,3.9700,4.1500,3.9900,34622383,141518956.7600,3,3.275600,1,4.010000,0
2022-04-07,sz.000680,4.1200,4.1500,4.0500,4.0500,4.1500,22026200,90130504.0000,3,2.083900,1,-2.409600,0
2022-04-08,sz.000680,4.1000,4.4000,4.0900,4.3300,4.0500,97185835,415886374.4100,3,9.194800,1,6.913600,0
2022-04-11,sz.000680,4.2800,4.4400,4.2200,4.3600,4.3300,95407887,415053985.5900,3,9.026600,1,0.692800,0
2022-04-12,sz.000680,4.3000,4.5100,4.2800,4.4300,4.3600,73417188,322974073.7000,3,6.946100,1,1.605500,0
2022-04-13,sz.000680,4.3800,4.4200,4.2800,4.2800,4.4300,54140798,235695701.7100,3,5.122300,1,-3.386000,0
2022-04-14,sz.000680,4.3500,4.3800,4.2600,4.3000,4.2800,36431518,157297931.7700,3,3.446800,1,0.467300,0
2022-04-15,sz.000680,4.2800,4.6400,4.2400,4.3400,4.3000,71664078,316236506.7900,3,6.780200,1,0.930200,0
2022-04-18,sz.000680,4.2000,4.2700,4.1500,4.2300,4.3400,36455254,153683532.6600,3,3.449100,1,-2.534600,0
2022-04-19,sz.000680,4.1900,4.4000,4.1700,4.3600,4.2300,41562273,180108844.5700,3,3.932200,1,3.073300,0
2022-04-20,sz.000680,4.3400,4.4600,4.2600,4.3400,4.3600,54319365,236051816.4800,3,5.139200,1,-0.458700,0
2022-04-21,sz.000680,4.3100,4.3100,4.0400,4.0700,4.3400,53218825,221472071.7100,3,5.035100,1,-6.221200,0
2022-04-22,sz.000680,4.0100,4.0900,3.9500,4.0200,4.0700,30125906,121104046.9800,3,2.850200,1,-1.228500,0
2022-04-25,sz.000680,3.9500,3.9900,3.6700,3.6700,4.0200,43928822,168207056.5900,3,4.156100,1,-8.706500,0
2022-04-26,sz.000680,3.6900,3.7200,3.4700,3.5100,3.6700,36312204,131064782.0900,3,3.435500,1,-4.359700,0
2022-04-27,sz.000680,3.4900,3.7200,3.4400,3.7000,3.5100,41187681,148090938.1500,3,3.896800,1,5.413100,0
2022-04-28,sz.000680,3.6400,3.7000,3.5600,3.6500,3.7000,26539576,96415843.0600,3,2.510900,1,-1.351400,0
2022-04-29,sz.000680,3.6600,3.7300,3.6000,3.7000,3.6500,35684728,130971359.1700,3,3.376200,1,1.369900,0
2022-05-05,sz.000680,3.8400,4.0700,3.7800,4.0700,3.7000,36564561,143632626.1300,3,3.459400,1,10.000000,0
2022-05-06,sz.000680,4.0400,4.4800,3.9700,4.2800,4.0700,155008250,667583143.2900,3,14.665400,1,5.159700,0
2022-05-09,sz.000680,4.2100,4.4200,4.2100,4.3800,4.2800,99901169,432301401.2900,3,9.451700,1,2.336400,0
2022-05-10,sz.000680,4.3700,4.5400,4.3100,4.4900,4.3800,86172864,382973951.3500,3,8.152900,1,2.511400,0
2022-05-11,sz.000680,4.4800,4.5300,4.3300,4.3300,4.4900,72412505,319117702.6100,3,6.851000,1,-3.563500,0
2022-05-12,sz.000680,4.3700,4.7600,4.3300,4.7600,4.3300,147549501,687198887.6100,3,13.959800,1,9.930700,0
2022-05-13,sz.000680,4.8700,5.2400,4.8000,5.2400,4.7600,151925981,767814078.9900,3,14.373800,1,10.084000,0
2022-05-16,sz.000680,5.4300,5.7000,4.9100,4.9800,5.2400,280977520,1478616468.2600,3,26.583500,1,-4.961800,0
2022-05-17,sz.000680,5.0600,5.1500,4.7300,5.0000,4.9800,198458512,979586604.7900,3,18.776300,1,0.401600,0
2022-05-18,sz.000680,4.8300,4.9400,4.7700,4.7800,5.0000,117439305,569106312.0300,3,11.111000,1,-4.400000,0
2022-05-19,sz.000680,4.8000,4.9500,4.7300,4.8800,4.7800,116739057,565368564.5600,3,11.044800,1,2.092100,0
2022-05-20,sz.000680,4.8500,4.8900,4.6400,4.7200,4.8800,126389822,600543219.0800,3,11.957800,1,-3.278700,0
2022-05-23,sz.000680,4.7800,4.7900,4.6600,4.7500,4.7200,79170247,373814978.7600,3,7.490400,1,0.635600,0
2022-05-24,sz.000680,4.7700,4.8500,4.5100,4.5500,4.7500,86119852,401916004.4400,3,8.147900,1,-4.210500,0
2022-05-25,sz.000680,4.5300,4.6400,4.5100,4.6300,4.5500,57581076,263782741.2900,3,5.447800,1,1.758200,0
2022-05-26,sz.000680,4.6500,5.0900,4.5700,5.0900,4.6300,198814727,978803918.8800,3,18.810000,1,9.935200,0
2022-05-27,sz.000680,5.0000,5.5400,4.9200,5.1700,5.0900,218075091,1115653130.1900,3,20.632200,1,1.571700,0
2022-05-30,sz.000680,5.1700,5.1900,4.9600,5.0500,5.1700,112972579,570813041.4100,3,10.688400,1,-2.321100,0
2022-05-31,sz.000680,5.0900,5.1700,4.9600,5.0100,5.0500,85036855,428078835.3500,3,8.045400,1,-0.792100,0
2022-06-01,sz.000680,5.0000,5.1800,4.8900,5.1000,5.0100,115198629,580128058.3000,3,10.899000,1,1.796400,0
2022-06-02,sz.000680,5.0500,5.0900,4.9300,4.9500,5.1000,70866169,353300433.0400,3,6.704700,1,-2.941200,0
2022-06-06,sz.000680,4.9400,5.0200,4.8400,4.9400,4.9500,69442065,340470548.8400,3,6.570000,1,-0.202000,0
2022-06-07,sz.000680,4.9100,4.9500,4.7600,4.8500,4.9400,58084760,281408540.2700,3,5.495400,1,-1.821900,0
2022-06-08,sz.000680,4.8800,5.0400,4.7100,4.9500,4.8500,97102059,476404751.5500,3,9.186900,1,2.061900,0
2022-06-09,sz.000680,4.9000,4.9300,4.8000,4.8000,4.9500,47604219,231032191.1700,3,4.503900,1,-3.030300,0
2022-06-10,sz.000680,4.7500,4.8600,4.7400,4.8400,4.8000,39007083,188082448.1200,3,3.690500,1,0.833300,0
2022-06-13,sz.000680,4.8400,5.1000,4.8100,5.0700,4.8400,91616041,460477714.3600,3,8.667900,1,4.752100,0
2022-06-14,sz.000680,5.0000,5.0700,4.8700,5.0500,5.0700,59911792,299022830.3300,3,5.668300,1,-0.394500,0
2022-06-15,sz.000680,5.0500,5.1500,4.9300,4.9300,5.0500,75170950,378817831.8300,3,7.112000,1,-2.376200,0
2022-06-16,sz.000680,4.9600,5.4200,4.9500,5.1100,4.9300,123382163,642216478.3100,3,11.673300,1,3.651100,0
2022-06-17,sz.000680,5.1100,5.1600,4.9800,5.0500,5.1100,71221593,359273854.1500,3,6.738300,1,-1.174200,0
2022-06-20,sz.000680,5.0200,5.0800,4.9600,5.0000,5.0500,43968729,219773737.0400,3,4.159900,1,-0.990100,0
2022-06-21,sz.000680,5.0200,5.0400,4.8000,4.8700,5.0000,56395236,275784406.7200,3,5.335600,1,-2.600000,0
2022-06-22,sz.000680,4.9000,4.9700,4.7700,4.8300,4.8700,40376233,196789673.8400,3,3.820000,1,-0.821400,0
2022-06-23,sz.000680,4.8000,4.9000,4.7600,4.9000,4.8300,32416077,156975920.9800,3,3.066900,1,1.449300,0
2022-06-24,sz.000680,4.8900,4.9200,4.8100,4.8200,4.9000,33156783,160551956.1400,3,3.137000,1,-1.632700,0
2022-06-27,sz.000680,4.8300,5.0900,4.8000,5.0300,4.8200,74051286,369081155.2200,3,7.006000,1,4.356800,0
2022-06-28,sz.000680,5.0000,5.1000,4.9700,5.0800,5.0300,60278598,304761406.8200,3,5.703000,1,0.994000,0
2022-06-29,sz.000680,5.0800,5.3100,4.9900,4.9900,5.0800,80106275,411119887.7700,3,7.578900,1,-1.771700,0
2022-06-30,sz.000680,5.0200,5.2500,5.0100,5.2000,4.9900,83478081,428902981.0500,3,7.897900,1,4.208400,0
2022-07-01,sz.000680,5.2100,5.7200,5.1400,5.7200,5.2000,107608801,598186823.3300,3,10.180900,1,10.000000,0
2022-07-04,sz.000680,6.1800,6.2900,5.6600,5.7200,5.7200,248814081,1503443643.6900,3,23.540500,1,0.000000,0
2022-07-05,sz.000680,5.7200,5.9800,5.4500,5.5300,5.7200,196293589,1118434636.7500,3,18.571500,1,-3.321700,0
2022-07-06,sz.000680,5.5600,5.6100,5.2700,5.3300,5.5300,108345733,581834126.5900,3,10.250700,1,-3.616600,0
2022-07-07,sz.000680,5.3500,5.6500,5.2700,5.4800,5.3300,120058500,661027007.4300,3,11.358800,1,2.814300,0
2022-07-08,sz.000680,5.4100,5.9300,5.4100,5.7100,5.4800,128208946,730728735.4600,3,12.129900,1,4.197100,0
2022-07-11,sz.000680,5.7200,5.8400,5.4800,5.5500,5.7100,89120265,500276469.7200,3,8.431700,1,-2.802100,0
2022-07-12,sz.000680,5.5300,5.8500,5.4700,5.6900,5.5500,99506229,567871842.4800,3,9.414300,1,2.522500,0
2022-07-13,sz.000680,5.6700,6.0400,5.6400,5.8900,5.6900,124201554,727582068.2800,3,11.750700,1,3.514900,0
2022-07-14,sz.000680,5.7900,5.8000,5.4200,5.5800,5.8900,88370448,495541351.1500,3,8.360700,1,-5.263200,0
2022-07-15,sz.000680,5.6200,5.6500,5.4000,5.4500,5.5700,70527043,388836283.2900,3,6.672600,1,-2.154400,0
2022-07-18,sz.000680,5.4600,5.5700,5.4100,5.5600,5.4500,53920548,297065190.9900,3,5.101400,1,2.018300,0
2022-07-19,sz.000680,5.5400,5.5500,5.3600,5.4500,5.5600,56610518,308248716.6800,3,5.355900,1,-1.978400,0
2022-07-20,sz.000680,5.4900,5.8000,5.4000,5.8000,5.4500,97671554,549057701.1000,3,9.240700,1,6.422000,0
2022-07-21,sz.000680,5.7200,6.0400,5.6000,5.8000,5.8000,114225157,661555701.2600,3,10.806900,1,0.000000,0
2022-07-22,sz.000680,5.7400,5.8600,5.5800,5.6600,5.8000,67695865,386469480.7700,3,6.404700,1,-2.413800,0
2022-07-25,sz.000680,5.6700,5.7000,5.5200,5.5800,5.6600,44813384,250368860.5700,3,4.239800,1,-1.413400,0
2022-07-26,sz.000680,5.5400,5.6500,5.3300,5.5700,5.5800,52650176,290126933.7400,3,4.981200,1,-0.179200,0
2022-07-27,sz.000680,5.5600,5.5800,5.4100,5.4600,5.5700,44943714,246384001.2900,3,4.252100,1,-1.974900,0
2022-07-28,sz.000680,5.5100,5.7200,5.4600,5.5200,5.4600,51247571,285701142.4000,3,4.848500,1,1.098900,0
2022-07-29,sz.000680,5.4600,5.5400,5.3700,5.3800,5.5200,45357943,246431608.5100,3,4.291300,1,-2.536200,0
2022-08-01,sz.000680,5.3000,5.3500,5.1800,5.2200,5.3800,49516317,258545153.5400,3,4.684700,1,-2.974000,0
2022-08-02,sz.000680,5.1800,5.1800,4.7500,4.8400,5.2200,63397777,310570585.8900,3,5.998100,1,-7.279700,0
2022-08-03,sz.000680,4.9000,5.0300,4.7000,4.7400,4.8400,51178153,249674329.3900,3,4.842000,1,-2.066100,0
2022-08-04,sz.000680,4.8100,4.9300,4.7400,4.8700,4.7400,38144010,184388671.2700,3,3.608800,1,2.742600,0
2022-08-05,sz.000680,4.8700,4.8800,4.7500,4.8600,4.8700,29262283,140860247.0200,3,2.768500,1,-0.205300,0
2022-08-08,sz.000680,4.8400,4.9500,4.8100,4.9100,4.8600,28001535,137174929.3600,3,2.649200,1,1.028800,0
2022-08-09,sz.000680,4.8900,4.9100,4.8400,4.8600,4.9100,22366882,108938462.9400,3,2.116100,1,-1.018300,0
2022-08-10,sz.000680,4.8600,4.8600,4.7600,4.7900,4.8600,26265836,126108742.0600,3,2.485000,1,-1.440300,0
2022-08-11,sz.000680,4.8200,4.9200,4.8100,4.9000,4.7900,32813759,159663305.6400,3,3.104500,1,2.296500,0
2022-08-12,sz.000680,4.9100,5.0000,4.8600,4.9400,4.9000,37584236,185787111.5400,3,3.555900,1,0.816300,0
2022-08-15,sz.000680,4.9500,4.9800,4.8600,4.9500,4.9400,25472803,125254605.7000,3,2.410000,1,0.202400,0
2022-08-16,sz.000680,4.9800,5.1000,4.9600,5.1000,4.9500,40987092,207409589.5300,3,3.877800,1,3.030300,0
2022-08-17,sz.000680,5.0700,5.0900,4.9900,5.0300,5.1000,33126156,166362224.5800,3,3.134100,1,-1.372500,0
2022-08-18,sz.000680,5.0200,5.0300,4.8700,4.9100,5.0300,30387417,149602749.4700,3,2.875000,1,-2.385700,0
2022-08-19,sz.000680,4.9100,4.9400,4.8500,4.8500,4.9100,22202232,108467519.6400,3,2.100600,1,-1.222000,0
2022-08-22,sz.000680,4.8600,4.9800,4.7900,4.9400,4.8500,24537839,120104335.7900,3,2.321500,1,1.855700,0
2022-08-23,sz.000680,4.9200,4.9200,4.8500,4.8800,4.9400,18098503,88205688.6100,3,1.712300,1,-1.214600,0
2022-08-24,sz.000680,4.8800,4.9500,4.7900,4.7900,4.8800,27432500,133028046.0000,3,2.595400,1,-1.844300,0
2022-08-25,sz.000680,4.8100,4.8800,4.7500,4.8400,4.7900,20263436,97494753.4400,3,1.917100,1,1.043800,0
2022-08-26,sz.000680,4.8500,4.8700,4.7700,4.7800,4.8400,17164856,82731513.3600,3,1.624000,1,-1.239700,0
2022-08-29,sz.000680,4.7200,4.8300,4.6500,4.8200,4.7800,19755729,93952108.1400,3,1.869100,1,0.836800,0
2022-08-30,sz.000680,4.8000,4.8600,4.7200,4.7700,4.8200,16361328,78109073.6800,3,1.547900,1,-1.037300,0
2022-08-31,sz.000680,4.7500,4.7500,4.5300,4.5700,4.7700,28062265,129315728.7500,3,2.655000,1,-4.192900,0
2022-09-01,sz.000680,4.5900,4.6300,4.5300,4.5500,4.5700,13841025,63414731.9700,3,1.309500,1,-0.437600,0
2022-09-02,sz.000680,4.5600,4.5900,4.5300,4.5700,4.5500,11539176,52596335.3100,3,1.091700,1,0.439600,0
2022-09-05,sz.000680,4.5500,4.7600,4.5300,4.7200,4.5700,23251261,108533854.0100,3,2.199800,1,3.282300,0
2022-09-06,sz.000680,4.6800,4.7700,4.6600,4.7600,4.7200,18346900,86930764.3000,3,1.735800,1,0.847500,0
2022-09-07,sz.000680,4.7300,4.7800,4.7200,4.7700,4.7600,15702253,74558619.2300,3,1.485600,1,0.210100,0
2022-09-08,sz.000680,4.7900,4.8200,4.7200,4.7300,4.7700,13479345,64283582.0100,3,1.275300,1,-0.838600,0
2022-09-09,sz.000680,4.7300,4.8800,4.7200,4.8400,4.7300,25291586,122084910.9200,3,2.392800,1,2.325600,0
2022-09-13,sz.000680,4.8200,4.9400,4.8200,4.8600,4.8400,24118787,117592913.7000,3,2.281900,1,0.413200,0
2022-09-14,sz.000680,4.7600,4.8300,4.7200,4.7800,4.8600,16093562,76843576.1500,3,1.522600,1,-1.646100,0
2022-09-15,sz.000680,4.8300,4.8300,4.6200,4.6800,4.7800,19405822,91580380.7600,3,1.836000,1,-2.092100,0
2022-09-16,sz.000680,4.6800,4.6900,4.4500,4.4500,4.6800,19887700,90506899.0000,3,1.881600,1,-4.914500,0
2022-09-19,sz.000680,4.4300,4.4500,4.2800,4.3700,4.4500,16539748,71943311.5100,3,1.564800,1,-1.797800,0
2022-09-20,sz.000680,4.3800,4.4500,4.3600,4.3800,4.3700,11702250,51462344.5300,3,1.107200,1,0.228800,0
2022-09-21,sz.000680,4.3600,4.5100,4.3000,4.4800,4.3800,14923207,65954597.6400,3,1.411900,1,2.283100,0
2022-09-22,sz.000680,4.4800,4.4800,4.4100,4.4100,4.4800,11108200,49363007.1500,3,1.050900,1,-1.562500,0
2022-09-23,sz.000680,4.4200,4.4500,4.2800,4.3300,4.4100,12195979,53074611.8300,3,1.153900,1,-1.814100,0
2022-09-26,sz.000680,4.2800,4.2900,4.1500,4.1500,4.3300,14825408,62285952.8400,3,1.402600,1,-4.157000,0
2022-09-27,sz.000680,4.1500,4.3600,4.1500,4.2900,4.1500,14754644,62556695.5300,3,1.395900,1,3.373500,0
2022-09-28,sz.000680,4.2900,4.3000,4.1100,4.1300,4.2900,12760269,53451440.8700,3,1.207300,1,-3.729600,0
2022-09-29,sz.000680,4.1800,4.2000,4.0600,4.0900,4.1300,10719484,44156576.8100,3,1.014200,1,-0.968500,0
2022-09-30,sz.000680,4.1000,4.1500,4.0800,4.0800,4.0900,8898964,36544625.1200,3,0.841900,1,-0.244500,0
2022-10-10,sz.000680,4.0900,4.1300,3.9700,4.0000,4.0800,11834220,47926809.4000,3,1.119600,1,-1.960800,0
2022-10-11,sz.000680,4.0100,4.0700,3.9400,4.0600,4.0000,10706213,43014771.3600,3,1.012900,1,1.500000,0
2022-10-12,sz.000680,4.0600,4.2100,3.9900,4.2000,4.0600,14688539,60329746.3400,3,1.389700,1,3.448300,0
2022-10-13,sz.000680,4.1900,4.2400,4.1400,4.1800,4.2000,13220147,55312930.6000,3,1.250800,1,-0.476200,0
2022-10-14,sz.000680,4.2100,4.2600,4.1900,4.2300,4.1800,13823068,58501132.6400,3,1.307800,1,1.196200,0
2022-10-17,sz.000680,4.2300,4.3100,4.2000,4.3000,4.2300,13211585,56416216.9500,3,1.250000,1,1.654800,0
2022-10-18,sz.000680,4.2800,4.3200,4.2400,4.2500,4.3000,11800325,50392258.2000,3,1.116400,1,-1.162800,0
2022-10-19,sz.000680,4.2500,4.2900,4.1900,4.2000,4.2500,9983632,42277739.6700,3,0.944600,1,-1.176500,0
2022-10-20,sz.000680,4.2000,4.2300,4.1300,4.1900,4.2000,12373593,51705190.7400,3,1.170700,1,-0.238100,0
2022-10-21,sz.000680,4.1800,4.2900,4.1800,4.2300,4.1900,11871625,50365673.0500,3,1.123200,1,0.954700,0
2022-10-24,sz.000680,4.2300,4.2800,4.1100,4.1400,4.2300,12669695,53172220.3100,3,1.198700,1,-2.127700,0
2022-10-25,sz.000680,4.1600,4.2500,4.0800,4.2000,4.1400,13566755,56509171.7600,3,1.283600,1,1.449300,0
2022-10-26,sz.000680,4.2000,4.2900,4.1900,4.2700,4.2000,14250304,60644456.9400,3,1.348200,1,1.666700,0
2022-10-27,sz.000680,4.2600,4.3100,4.2400,4.2400,4.2700,12960290,55378321.4800,3,1.226200,1,-0.702600,0
2022-10-28,sz.000680,4.2300,4.2300,3.9800,4.0000,4.2400,21110463,86296436.3700,3,1.997300,1,-5.660400,0
2022-10-31,sz.000680,4.0400,4.1900,4.0300,4.1200,4.0000,19368624,79681216.7700,3,1.832500,1,3.000000,0
2022-11-01,sz.000680,4.1400,4.2500,4.1200,4.2500,4.1200,16655366,69840881.5600,3,1.575800,1,3.155300,0
2022-11-02,sz.000680,4.2600,4.4400,4.2600,4.3800,4.2500,28015530,122483539.4800,3,2.650600,1,3.058800,0
2022-11-03,sz.000680,4.3300,4.3900,4.3200,4.3800,4.3800,12793208,55741295.9800,3,1.210400,1,0.000000,0
2022-11-04,sz.000680,4.3800,4.4500,4.3600,4.4400,4.3800,18694004,82516983.5100,3,1.768600,1,1.369900,0
2022-11-07,sz.000680,4.4200,4.4500,4.3800,4.4300,4.4400,15707333,69405971.7800,3,1.486100,1,-0.225200,0
2022-11-08,sz.000680,4.4400,4.4500,4.3800,4.4400,4.4300,11208029,49433293.4700,3,1.060400,1,0.225700,0
2022-11-09,sz.000680,4.4500,4.4600,4.4100,4.4300,4.4400,12363087,54846026.8900,3,1.169700,1,-0.225200,0
2022-11-10,sz.000680,4.4200,4.4900,4.3900,4.4600,4.4300,15877039,70394360.3100,3,1.502100,1,0.677200,0
2022-11-11,sz.000680,4.5200,4.6400,4.4800,4.5600,4.4600,27729902,126408723.9100,3,2.623500,1,2.242200,0
2022-11-14,sz.000680,4.6000,4.6400,4.4600,4.4900,4.5600,22380729,101513103.9600,3,2.117400,1,-1.535100,0
2022-11-15,sz.000680,4.4700,4.5400,4.4600,4.5300,4.4900,13739483,61967640.5000,3,1.299900,1,0.890900,0
2022-11-16,sz.000680,4.5500,4.5500,4.4500,4.4700,4.5300,12433719,55852145.9400,3,1.176400,1,-1.324500,0
2022-11-17,sz.000680,4.4800,4.4900,4.4400,4.4700,4.4700,9588199,42776322.5400,3,0.907100,1,0.000000,0
2022-11-18,sz.000680,4.4700,4.4900,4.3700,4.3900,4.4700,12740114,56461221.3100,3,1.205300,1,-1.789700,0
2022-11-21,sz.000680,4.3700,4.5200,4.3400,4.5100,4.3900,15717203,69832070.8900,3,1.487000,1,2.733500,0
2022-11-22,sz.000680,4.4900,4.5500,4.4400,4.4800,4.5100,13434661,60281223.0600,3,1.271100,1,-0.665200,0
2022-11-23,sz.000680,4.4600,4.5200,4.4300,4.5000,4.4800,14285824,63921577.3100,3,1.351600,1,0.446400,0
2022-11-24,sz.000680,4.4800,4.5300,4.4400,4.4900,4.5000,11205950,50237483.5000,3,1.060200,1,-0.222200,0
2022-11-25,sz.000680,4.4700,4.5300,4.4300,4.4700,4.4900,12171794,54583530.5000,3,1.151600,1,-0.445400,0
2022-11-28,sz.000680,4.4300,4.4300,4.3300,4.3800,4.4700,14227192,62235105.8800,3,1.346000,1,-2.013400,0
2022-11-29,sz.000680,4.4300,4.5800,4.4100,4.5800,4.3800,28601302,129614915.5400,3,2.706000,1,4.566200,0
2022-11-30,sz.000680,4.5700,4.5800,4.5000,4.5300,4.5800,16030217,72807869.9900,3,1.516600,1,-1.091700,0
2022-12-01,sz.000680,4.5600,4.5900,4.4900,4.5000,4.5300,15674437,70977443.4100,3,1.483000,1,-0.662300,0
2022-12-02,sz.000680,4.5000,4.5100,4.4400,4.4700,4.5000,12164444,54324951.5700,3,1.150900,1,-0.666700,0
2022-12-05,sz.000680,4.4800,4.6000,4.4700,4.6000,4.4700,25821960,117884512.6000,3,2.443000,1,2.908300,0
2022-12-06,sz.000680,4.6000,4.6000,4.5300,4.5400,4.6000,15995119,72901142.7000,3,1.513300,1,-1.304300,0
2022-12-07,sz.000680,4.5400,4.5500,4.4700,4.5100,4.5400,14624943,65865891.3800,3,1.383700,1,-0.660800,0
2022-12-08,sz.000680,4.5100,4.5400,4.4600,4.5100,4.5100,12860805,57819058.5500,3,1.216800,1,0.000000,0
2022-12-09,sz.000680,4.4900,4.5500,4.4700,4.5400,4.5100,17612400,79447444.0000,3,1.666300,1,0.665200,0
2022-12-12,sz.000680,4.5100,4.5300,4.4000,4.4200,4.5400,18953332,84063472.1200,3,1.793200,1,-2.643200,0
2022-12-13,sz.000680,4.4200,4.4600,4.4100,4.4200,4.4200,8810030,39046978.9000,3,0.833500,1,0.000000,0
2022-12-14,sz.000680,4.4200,4.4600,4.3500,4.3700,4.4200,11163494,49057060.2600,3,1.056200,1,-1.131200,0
2022-12-15,sz.000680,4.3800,4.4000,4.3400,4.3700,4.3700,10511000,45855961.0000,3,0.994400,1,0.000000,0
2022-12-16,sz.000680,4.3500,4.4000,4.3100,4.3500,4.3700,10248628,44611517.0200,3,0.969600,1,-0.457700,0
2022-12-19,sz.000680,4.3400,4.3500,4.1700,4.1900,4.3500,14949933,63335104.1000,3,1.414400,1,-3.678200,0
2022-12-20,sz.000680,4.2000,4.2900,4.1700,4.2400,4.1900,10079319,42746982.8000,3,0.953600,1,1.193300,0
2022-12-21,sz.000680,4.2400,4.2400,4.1700,4.1900,4.2400,7960400,33423899.0000,3,0.753100,1,-1.179200,0
2022-12-22,sz.000680,4.2100,4.2300,4.1100,4.1200,4.1900,9400983,39073902.1300,3,0.889400,1,-1.670600,0
2022-12-23,sz.000680,4.1000,4.1400,4.0800,4.1000,4.1200,6495683,26698059.1300,3,0.614600,1,-0.485400,0
2022-12-26,sz.000680,4.1100,4.1700,4.1000,4.1700,4.1000,6495350,26913876.0000,3,0.614500,1,1.707300,0
2022-12-27,sz.000680,4.1900,4.2200,4.1400,4.1800,4.1700,8151488,34035298.3600,3,0.771200,1,0.239800,0
2022-12-28,sz.000680,4.1800,4.1800,4.1200,4.1300,4.1800,7793674,32307576.6200,3,0.737400,1,-1.196200,0
2022-12-29,sz.000680,4.1100,4.1600,4.0800,4.0900,4.1300,7050702,28973251.2400,3,0.667100,1,-0.968500,0
2022-12-30,sz.000680,4.1200,4.1500,4.0900,4.1300,4.0900,6545813,26928427.9600,3,0.619300,1,0.978000,0
2023-01-03,sz.000680,4.1200,4.2100,4.1100,4.2000,4.1300,10301841,42949595.8100,3,0.974700,1,1.694900,0
2023-01-04,sz.000680,4.2000,4.2400,4.1800,4.2200,4.2000,9542613,40235104.1100,3,0.902800,1,0.476200,0
2023-01-05,sz.000680,4.2100,4.2400,4.2000,4.2200,4.2200,6792468,28634553.2000,3,0.642600,1,0.000000,0
2023-01-06,sz.000680,4.2200,4.2500,4.1900,4.2100,4.2200,8444714,35645773.7700,3,0.799000,1,-0.237000,0
2023-01-09,sz.000680,4.2100,4.2400,4.2000,4.2200,4.2100,8624350,36407614.5000,3,0.816000,1,0.237500,0
2023-01-10,sz.000680,4.2300,4.2400,4.1600,4.1800,4.2200,7835773,32772853.8500,3,0.741300,1,-0.947900,0
2023-01-11,sz.000680,4.1900,4.2100,4.1200,4.1400,4.1800,7793901,32443040.1800,3,0.737400,1,-0.956900,0
2023-01-12,sz.000680,4.1500,4.1900,4.1200,4.1700,4.1400,8545655,35495042.9100,3,0.808500,1,0.724600,0
2023-01-13,sz.000680,4.2000,4.2100,4.1600,4.2100,4.1700,8389664,35096741.1600,3,0.793700,1,0.959200,0
2023-01-16,sz.000680,4.2100,4.2900,4.2000,4.2700,4.2100,13853676,58996913.0800,3,1.310700,1,1.425200,0
2023-01-17,sz.000680,4.2900,4.2900,4.2200,4.2500,4.2700,7231351,30725016.7200,3,0.684200,1,-0.468400,0
2023-01-18,sz.000680,4.2600,4.2900,4.2400,4.2700,4.2500,7811221,33356981.2400,3,0.739000,1,0.470600,0
2023-01-19,sz.000680,4.2800,4.3000,4.2600,4.2900,4.2700,9571557,40964710.8600,3,0.905600,1,0.468400,0
2023-01-20,sz.000680,4.3100,4.3200,4.2900,4.3100,4.2900,10801188,46491819.1600,3,1.021900,1,0.466200,0
2023-01-30,sz.000680,4.3500,4.4200,4.3400,4.3800,4.3100,17385750,76284803.5000,3,1.644900,1,1.624100,0
2023-01-31,sz.000680,4.4100,4.5700,4.4000,4.5300,4.3800,39746510,179241843.8300,3,3.760400,1,3.424700,0
2023-02-01,sz.000680,4.5500,4.6000,4.5100,4.6000,4.5300,28241554,128832062.6100,3,2.671900,1,1.545300,0
2023-02-02,sz.000680,4.5900,4.6000,4.5400,4.5600,4.6000,20715206,94623259.3400,3,1.959900,1,-0.869600,0
2023-02-03,sz.000680,4.5700,4.5700,4.4600,4.5200,4.5600,20108072,90535509.2200,3,1.902400,1,-0.877200,0
2023-02-06,sz.000680,4.5000,4.5500,4.4800,4.5200,4.5200,11253283,50843017.6000,3,1.064700,1,0.000000,0
2023-02-07,sz.000680,4.5200,4.5700,4.5100,4.5700,4.5200,13489083,61364252.9300,3,1.276200,1,1.106200,0
2023-02-08,sz.000680,4.5800,4.5800,4.5000,4.5100,4.5700,11121732,50469112.3200,3,1.052200,1,-1.312900,0
2023-02-09,sz.000680,4.5000,4.7400,4.5000,4.7000,4.5100,46156652,215635653.8500,3,4.366900,1,4.212900,0
2023-02-10,sz.000680,4.7000,4.7200,4.6400,4.6900,4.7000,23720700,110953973.2600,3,2.244200,1,-0.212800,0
2023-02-13,sz.000680,4.7000,5.1500,4.6600,5.0000,4.6900,89513307,443283129.8900,3,8.468900,1,6.609800,0
2023-02-14,sz.000680,5.0000,5.0200,4.9200,4.9700,5.0000,46747263,231908578.8700,3,4.422800,1,-0.600000,0
2023-02-15,sz.000680,4.9900,4.9900,4.8600,4.8700,4.9700,33061429,161846590.8900,3,3.127900,1,-2.012100,0
2023-02-16,sz.000680,4.8700,4.9200,4.7000,4.7400,4.8700,34210567,164785327.8200,3,3.236700,1,-2.669400,0
2023-02-17,sz.000680,4.7300,4.8200,4.7300,4.7700,4.7400,24096113,114933911.1100,3,2.279700,1,0.632900,0
2023-02-20,sz.000680,4.7700,5.0200,4.7600,5.0000,4.7700,73052821,362394911.8000,3,6.911500,1,4.821800,0
2023-02-21,sz.000680,4.9700,4.9900,4.8900,4.9400,5.0000,40488023,199562307.1000,3,3.830600,1,-1.200000,0
2023-02-22,sz.000680,4.9000,5.0000,4.8900,4.9500,4.9400,30738352,152553755.6800,3,2.908200,1,0.202400,0
2023-02-23,sz.000680,4.9600,4.9900,4.8700,4.9300,4.9500,21233569,104535112.5300,3,2.008900,1,-0.404000,0
2023-02-24,sz.000680,4.9400,4.9500,4.8700,4.9200,4.9300,15972234,78304482.8400,3,1.511100,1,-0.202800,0
2023-02-27,sz.000680,4.8800,4.9600,4.8600,4.8800,4.9200,17687394,86676200.7100,3,1.673400,1,-0.813000,0
2023-02-28,sz.000680,4.8700,4.9100,4.8400,4.9100,4.8800,16156177,78780507.2300,3,1.528500,1,0.614800,0
2023-03-01,sz.000680,4.9200,5.0400,4.8900,4.9700,4.9100,34717955,172887316.7700,3,3.284700,1,1.222000,0
2023-03-02,sz.000680,4.9700,5.0400,4.9500,4.9900,4.9700,27824781,138887618.2100,3,2.632500,1,0.402400,0
2023-03-03,sz.000680,4.9900,5.0400,4.9600,5.0000,4.9900,22722888,113547200.3900,3,2.149800,1,0.200400,0
2023-03-06,sz.000680,5.0000,5.0500,4.9400,4.9800,5.0000,34137056,170517778.6700,3,3.229700,1,-0.400000,0
2023-03-07,sz.000680,4.9700,4.9800,4.8200,4.8200,4.9800,31705196,154959738.5200,3,2.999600,1,-3.212900,0
2023-03-08,sz.000680,4.8500,4.9300,4.8300,4.8700,4.8200,20045485,97867814.2700,3,1.896500,1,1.037300,0
2023-03-09,sz.000680,4.8900,4.9000,4.7700,4.8200,4.8700,21710147,104416967.8800,3,2.054000,1,-1.026700,0
2023-03-10,sz.000680,4.8000,4.8400,4.6900,4.7000,4.8200,23782239,112754648.0200,3,2.250000,1,-2.489600,0
2023-03-13,sz.000680,4.7200,4.8000,4.6900,4.7600,4.7000,17851876,84656188.8200,3,1.689000,1,1.276600,0
2023-03-14,sz.000680,4.7600,4.7600,4.6000,4.6400,4.7600,19257267,89836749.1500,3,1.821900,1,-2.521000,0
2023-03-15,sz.000680,4.6600,4.7900,4.6600,4.7700,4.6400,19794541,93866737.6700,3,1.872800,1,2.801700,0
2023-03-16,sz.000680,4.7500,4.7800,4.6400,4.6800,4.7700,16072515,75541059.2400,3,1.520600,1,-1.886800,0
2023-03-17,sz.000680,4.6900,4.8200,4.6900,4.7600,4.6800,19798150,94462582.4400,3,1.873100,1,1.709400,0
2023-03-20,sz.000680,4.8100,4.8400,4.7300,4.7500,4.7600,19438665,93021018.1500,3,1.839100,1,-0.210100,0
2023-03-21,sz.000680,4.7500,4.7800,4.7300,4.7700,4.7500,13291280,63197705.8300,3,1.257500,1,0.421100,0
2023-03-22,sz.000680,4.7700,4.8500,4.7600,4.8000,4.7700,16992416,81611256.5600,3,1.607700,1,0.628900,0
2023-03-23,sz.000680,4.7900,4.7900,4.7300,4.7900,4.8000,13435746,63984648.3200,3,1.271200,1,-0.208300,0
2023-03-24,sz.000680,4.7900,4.8200,4.7100,4.7400,4.7900,16447852,77983546.9600,3,1.556100,1,-1.043800,0
2023-03-27,sz.000680,4.7200,4.7300,4.6300,4.7000,4.7400,18059012,84394037.4200,3,1.708600,1,-0.843900,0
2023-03-28,sz.000680,4.7000,4.7300,4.6400,4.6600,4.7000,11323200,52963459.0000,3,1.071300,1,-0.851100,0
2023-03-29,sz.000680,4.6600,4.6800,4.5900,4.6200,4.6600,11940528,55257129.0800,3,1.129700,1,-0.858400,0
2023-03-30,sz.000680,4.6200,4.7000,4.5800,4.6300,4.6200,14298715,66145746.0000,3,1.352800,1,0.216500,0
2023-03-31,sz.000680,4.6100,4.6800,4.5800,4.6600,4.6300,14440138,67049467.6300,3,1.366200,1,0.647900,0
2023-04-03,sz.000680,4.6800,4.7600,4.6700,4.7500,4.6600,19165093,90631493.4900,3,1.813200,1,1.931300,0
2023-04-04,sz.000680,4.7500,4.7500,4.6800,4.7100,4.7500,15472657,72845638.3300,3,1.463900,1,-0.842100,0
2023-04-06,sz.000680,4.7000,4.7100,4.6500,4.6600,4.7100,11223517,52415826.0800,3,1.061900,1,-1.061600,0
2023-04-07,sz.000680,4.6700,4.6800,4.6200,4.6400,4.6600,11314412,52583343.2400,3,1.070500,1,-0.429200,0
2023-04-10,sz.000680,4.6300,4.6600,4.5700,4.5700,4.6400,13488700,62285369.0000,3,1.276200,1,-1.508600,0
2023-04-11,sz.000680,4.5700,4.5900,4.4800,4.5500,4.5700,15411607,69651745.9800,3,1.458100,1,-0.437600,0
2023-04-12,sz.000680,4.5400,4.5900,4.5300,4.5800,4.5500,11551920,52677069.6000,3,1.092900,1,0.659300,0
2023-04-13,sz.000680,4.5600,4.5700,4.4700,4.4900,4.5800,13572363,61261420.4100,3,1.284100,1,-1.965100,0
2023-04-14,sz.000680,4.4900,4.5500,4.4800,4.5400,4.4900,11335483,51160504.3300,3,1.065100,1,1.113600,0
2023-04-17,sz.000680,4.5300,4.6700,4.5300,4.6700,4.5400,20125086,93186588.4900,3,1.891000,1,2.863400,0
2023-04-18,sz.000680,4.6600,4.6600,4.5800,4.6200,4.6700,12510050,57647414.1800,3,1.175500,1,-1.070700,0
2023-04-19,sz.000680,4.6000,4.6200,4.5400,4.5600,4.6200,9940597,45420018.1400,3,0.934000,1,-1.298700,0
2023-04-20,sz.000680,4.5600,4.6000,4.5000,4.5900,4.5600,12457296,56549295.5000,3,1.170500,1,0.657900,0
2023-04-21,sz.000680,4.5800,4.6500,4.4600,4.4600,4.5900,16296879,73948356.2100,3,1.531300,1,-2.832200,0
2023-04-24,sz.000680,4.4800,4.5300,4.4000,4.4700,4.4600,12140841,54203164.0400,3,1.140800,1,0.224200,0
2023-04-25,sz.000680,4.4900,4.5000,4.3300,4.4100,4.4700,14292827,62845543.2200,3,1.343000,1,-1.342300,0
2023-04-26,sz.000680,4.4100,4.4600,4.3800,4.4400,4.4100,8123150,36027659.2400,3,0.763300,1,0.680300,0
2023-04-27,sz.000680,4.4500,4.5400,4.4400,4.4900,4.4400,10273056,46117422.4400,3,0.965300,1,1.126100,0
2023-04-28,sz.000680,4.4900,4.5800,4.4800,4.5700,4.4900,14581292,66185686.3700,3,1.370100,1,1.781700,0
2023-05-04,sz.000680,4.5700,4.6600,4.5600,4.6200,4.5700,21583437,99698234.2500,3,2.028000,1,1.094100,0
2023-05-05,sz.000680,4.6300,4.6700,4.5900,4.6400,4.6200,19426553,90043016.1500,3,1.825400,1,0.432900,0
2023-05-08,sz.000680,4.6500,4.7600,4.6400,4.7300,4.6400,24394525,114879256.5000,3,2.292200,1,1.939700,0
2023-05-09,sz.000680,4.7300,4.7600,4.6500,4.6600,4.7300,23568363,110736083.2700,3,2.214500,1,-1.479900,0
2023-05-10,sz.000680,4.6600,4.7300,4.6500,4.6900,4.6600,16747951,78516536.9700,3,1.573700,1,0.643800,0
2023-05-11,sz.000680,4.7200,4.7300,4.6700,4.6900,4.6900,13139972,61714660.5600,3,1.234700,1,0.000000,0
2023-05-12,sz.000680,4.6700,4.7200,4.6200,4.6300,4.6900,13104825,61076109.0000,3,1.231400,1,-1.279300,0
2023-05-15,sz.000680,4.6600,4.6700,4.5600,4.6700,4.6300,15170918,70112797.5800,3,1.425500,1,0.863900,0
2023-05-16,sz.000680,4.6700,4.6800,4.5700,4.5900,4.6700,11197804,51743529.6800,3,1.052200,1,-1.713100,0
2023-05-17,sz.000680,4.6000,4.7200,4.5800,4.7200,4.5900,19175215,89750990.0800,3,1.801800,1,2.832200,0
2023-05-18,sz.000680,4.7400,4.7600,4.6800,4.7100,4.7200,10827439,51030856.6900,3,1.017400,1,-0.211900,0
2023-05-19,sz.000680,4.7000,4.7100,4.6100,4.6100,4.7100,10354367,48047127.0500,3,0.972900,1,-2.123100,0
2023-05-22,sz.000680,4.6000,4.6900,4.5900,4.6800,4.6100,13090049,60880930.2500,3,1.230000,1,1.518400,0
2023-05-23,sz.000680,4.6700,4.6800,4.5600,4.5700,4.6800,11030094,50925679.5300,3,1.036400,1,-2.350400,0
2023-05-24,sz.000680,4.5600,4.5600,4.4500,4.4600,4.5700,13136397,59039807.4500,3,1.234300,1,-2.407000,0
2023-05-25,sz.000680,4.4800,4.5100,4.4000,4.4800,4.4600,12329387,54939294.5200,3,1.158500,1,0.448400,0
2023-05-26,sz.000680,4.5000,4.5400,4.4200,4.5100,4.4800,10209104,45774250.8700,3,0.959300,1,0.669600,0
2023-05-29,sz.000680,4.5000,4.5400,4.4600,4.4800,4.5100,8831829,39675912.3700,3,0.829900,1,-0.665200,0
2023-05-30,sz.000680,4.4600,4.9100,4.4500,4.8700,4.4800,76089763,364314665.5300,3,7.149600,1,8.705400,0
2023-05-31,sz.000680,4.8500,5.1800,4.8500,4.9600,4.8700,92958467,467407648.8000,3,8.734600,1,1.848000,0
2023-06-01,sz.000680,5.0100,5.0300,4.8300,4.9500,4.9600,50789848,250502712.2000,3,4.772300,1,-0.201600,0
2023-06-02,sz.000680,4.9800,5.1700,4.9800,5.0100,4.9500,49271093,250003769.4800,3,4.629600,1,1.212100,0
2023-06-05,sz.000680,5.0300,5.5100,5.0300,5.5100,5.0100,118188981,637572380.8200,3,11.105300,1,9.980000,0
2023-06-06,sz.000680,5.4100,5.6400,5.3200,5.5100,5.5100,154086341,848983063.6800,3,14.478400,1,0.000000,0
2023-06-07,sz.000680,5.4000,5.5600,5.2900,5.3400,5.5100,72527264,389784673.2100,3,6.814900,1,-3.085300,0
2023-06-08,sz.000680,5.3100,5.6400,5.3100,5.4900,5.3400,75539952,414320249.4300,3,7.097900,1,2.809000,0
2023-06-09,sz.000680,5.5000,5.6900,5.4700,5.5700,5.4900,61641836,342586238.8100,3,5.792000,1,1.457200,0
2023-06-12,sz.000680,5.5400,5.6500,5.4500,5.5800,5.5700,53220173,295565685.3500,3,5.000700,1,0.179500,0
2023-06-13,sz.000680,5.5500,5.8400,5.5500,5.6500,5.5800,53845524,307732134.6900,3,5.059500,1,1.254500,0
2023-06-14,sz.000680,5.6500,5.9100,5.5500,5.7500,5.6500,61429385,352516964.0700,3,5.772100,1,1.769900,0
2023-06-15,sz.000680,5.7300,5.7500,5.5500,5.5800,5.7500,50103916,280333386.2400,3,4.707900,1,-2.956500,0
2023-06-16,sz.000680,5.6100,5.7700,5.5500,5.5700,5.5800,37787652,213282772.0900,3,3.550600,1,-0.179200,0
2023-06-19,sz.000680,5.5700,5.6100,5.4800,5.5200,5.5700,29048573,160672901.0600,3,2.729500,1,-0.897700,0
2023-06-20,sz.000680,5.5400,5.6900,5.4700,5.6000,5.5200,32695988,182266640.4200,3,3.072200,1,1.449300,0
2023-06-21,sz.000680,5.6300,5.6500,5.4600,5.4800,5.6000,23600826,130333547.4800,3,2.217600,1,-2.142900,0
2023-06-26,sz.000680,5.4400,5.5500,5.2800,5.3100,5.4800,35121511,188591367.7800,3,3.300100,1,-3.102200,0
2023-06-27,sz.000680,5.3300,5.6000,5.3100,5.6000,5.3100,40003977,219973405.7400,3,3.758900,1,5.461400,0
2023-06-28,sz.000680,5.5200,5.5800,5.3900,5.5300,5.5200,21987526,120297552.6100,3,2.066000,1,0.181200,0
2023-06-29,sz.000680,5.5000,5.7900,5.4400,5.5800,5.5300,25962859,145650160.6600,3,2.439500,1,0.904200,0
2023-06-30,sz.000680,5.6000,5.6800,5.5400,5.6300,5.5800,18877570,106141329.5000,3,1.773300,1,0.896100,0
2023-07-03,sz.000680,5.6300,5.7900,5.5600,5.7300,5.6300,27958437,159500205.6900,3,2.627000,1,1.776200,0
2023-07-04,sz.000680,5.6900,5.7600,5.6200,5.6600,5.7300,19231786,109096607.2400,3,1.807100,1,-1.221600,0
2023-07-05,sz.000680,5.6200,5.6600,5.5500,5.5800,5.6600,15635309,87538555.4400,3,1.469100,1,-1.413400,0
2023-07-06,sz.000680,5.6000,5.6300,5.5400,5.6000,5.5800,11590682,64770291.6700,3,1.089100,1,0.358400,0
2023-07-07,sz.000680,5.5600,5.8300,5.5500,5.7000,5.6000,31705210,180139798.5500,3,2.979100,1,1.785700,0
2023-07-10,sz.000680,5.7100,6.0400,5.6800,5.7000,5.7000,36702052,212842906.8800,3,3.448600,1,0.000000,0
2023-07-11,sz.000680,5.7300,5.8400,5.6300,5.8000,5.7000,25991753,149005838.8900,3,2.442300,1,1.754400,0
2023-07-12,sz.000680,5.6500,5.7300,5.2700,5.3700,5.8000,73193293,394864649.4700,3,6.877400,1,-7.413800,0
2023-07-13,sz.000680,5.4200,5.7300,5.3000,5.4500,5.3700,57557034,314043418.8200,3,5.408200,1,1.489800,0
2023-07-14,sz.000680,5.3600,5.6400,5.3600,5.5200,5.4500,38225945,211187151.0700,3,3.591800,1,1.284400,0
2023-07-17,sz.000680,5.4600,5.6100,5.4100,5.5900,5.5200,21404208,117603126.8900,3,2.011200,1,1.268100,0
2023-07-18,sz.000680,5.5900,5.6800,5.5400,5.5900,5.5900,15805507,88699589.2200,3,1.485100,1,0.000000,0
2023-07-19,sz.000680,5.5500,5.6500,5.5100,5.5400,5.5900,14185925,78647366.8300,3,1.332900,1,-0.894500,0
2023-07-20,sz.000680,5.5300,5.5900,5.4200,5.4300,5.5400,19963600,109700277.0000,3,1.875800,1,-1.985600,0
2023-07-21,sz.000680,5.4300,5.4800,5.3900,5.4200,5.4300,12629442,68641572.0600,3,1.186700,1,-0.184200,0
2023-07-24,sz.000680,5.4300,5.4300,5.3500,5.3800,5.4200,10468118,56388821.8400,3,0.983600,1,-0.738000,0
2023-07-25,sz.000680,5.4100,5.5900,5.4100,5.5400,5.3800,15213798,84151022.0200,3,1.429500,1,2.974000,0
2023-07-26,sz.000680,5.5200,5.5300,5.2700,5.3000,5.5400,24551981,131304959.1600,3,2.307000,1,-4.332100,0
2023-07-27,sz.000680,5.2900,5.3200,5.1700,5.1900,5.3000,18157913,95018827.3400,3,1.706200,1,-2.075500,0
2023-07-28,sz.000680,5.1600,5.3100,5.1100,5.2900,5.1900,16264683,85288104.8200,3,1.528300,1,1.926800,0
2023-07-31,sz.000680,5.2800,5.3900,5.2300,5.3400,5.2900,11223500,59956516.9000,3,1.054600,1,0.945200,0
2023-08-01,sz.000680,5.3200,5.3600,5.2400,5.3300,5.3400,12528203,66467079.2200,3,1.177200,1,-0.187300,0
2023-08-02,sz.000680,5.3300,5.3800,5.3100,5.3700,5.3300,10613852,56815508.1600,3,0.997300,1,0.750500,0
2023-08-03,sz.000680,5.3500,5.3700,5.2600,5.3300,5.3700,10100195,53647241.7000,3,0.949000,1,-0.744900,0
2023-08-04,sz.000680,5.3500,5.3700,5.3000,5.3200,5.3300,10592739,56478138.7600,3,0.995300,1,-0.187600,0
2023-08-07,sz.000680,5.3100,5.4700,5.2600,5.4300,5.3200,19988594,107993257.2400,3,1.878200,1,2.067700,0
2023-08-08,sz.000680,5.4200,5.4300,5.3000,5.3200,5.4300,17392800,92869188.0000,3,1.634300,1,-2.025800,0
2023-08-09,sz.000680,5.2900,5.3100,5.1600,5.1800,5.3200,15307750,79789581.5000,3,1.438400,1,-2.631600,0
2023-08-10,sz.000680,5.2000,5.3200,5.1700,5.2500,5.1800,13569300,71406115.0000,3,1.275000,1,1.351400,0
2023-08-11,sz.000680,5.2600,5.2900,5.1000,5.1200,5.2500,13752000,70906095.0000,3,1.292200,1,-2.476200,0
2023-08-14,sz.000680,5.1000,5.1700,5.0200,5.1400,5.1200,10014521,50981682.1400,3,0.941000,1,0.390600,0
2023-08-15,sz.000680,5.1500,5.1600,5.0300,5.1000,5.1400,8145900,41517365.0000,3,0.765400,1,-0.778200,0
2023-08-16,sz.000680,5.1000,5.1000,5.0000,5.0000,5.1000,8901319,44807818.0700,3,0.836400,1,-1.960800,0
2023-08-17,sz.000680,5.0300,5.1200,4.9600,5.0900,5.0000,12341800,62533096.0000,3,1.159700,1,1.800000,0
2023-08-18,sz.000680,5.0900,5.1100,4.9900,4.9900,5.0900,11454150,57613227.5000,3,1.076300,1,-1.964600,0
2023-08-21,sz.000680,4.9800,5.1200,4.9400,4.9500,4.9900,9621600,48135682.0000,3,0.904100,1,-0.801600,0
2023-08-22,sz.000680,4.9500,5.0200,4.9000,4.9900,4.9500,12894345,63909242.9500,3,1.211600,1,0.808100,0
2023-08-23,sz.000680,5.0000,5.0100,4.8800,4.8900,4.9900,9140600,45037890.0000,3,0.858900,1,-2.004000,0
2023-08-24,sz.000680,4.9100,4.9400,4.8200,4.8500,4.8900,10354700,50343384.0000,3,0.973000,1,-0.818000,0
2023-08-25,sz.000680,4.8000,4.9100,4.7800,4.8000,4.8500,11504450,55563519.0000,3,1.081000,1,-1.030900,0
2023-08-28,sz.000680,5.0000,5.0700,4.8600,4.8800,4.8000,17208757,85110316.6900,3,1.617000,1,1.666700,0
2023-08-29,sz.000680,4.8900,4.9800,4.8100,4.9400,4.8800,17956251,88322904.9500,3,1.686700,1,1.229500,0
2023-08-30,sz.000680,4.9400,5.0300,4.8800,4.9000,4.9400,17287500,85748826.0000,3,1.623900,1,-0.809700,0
2023-08-31,sz.000680,4.9200,4.9700,4.7900,4.7900,4.9000,16997808,82426304.8800,3,1.596700,1,-2.244900,0
2023-09-01,sz.000680,4.7900,4.9600,4.7900,4.8800,4.7900,19755475,96630335.0000,3,1.855700,1,1.878900,0
2023-09-04,sz.000680,4.9200,5.1500,4.9200,5.1100,4.8800,29084652,147518353.7200,3,2.732100,1,4.713100,0
2023-09-05,sz.000680,5.0800,5.0900,4.8800,4.9000,5.1100,26454133,130595346.7000,3,2.485000,1,-4.109600,0
2023-09-06,sz.000680,4.9200,4.9300,4.8200,4.8800,4.9000,16510701,80327624.3500,3,1.550900,1,-0.408200,0
2023-09-07,sz.000680,4.8700,4.8700,4.8000,4.8100,4.8800,14026950,67737014.0000,3,1.317600,1,-1.434400,0
2023-09-08,sz.000680,4.8000,4.8200,4.7500,4.7600,4.8100,13916129,66481513.0400,3,1.307200,1,-1.039500,0
2023-09-11,sz.000680,4.7500,4.8600,4.7200,4.8500,4.7600,20947444,100345151.2800,3,1.967700,1,1.890800,0
2023-09-12,sz.000680,4.8400,4.8900,4.8100,4.8600,4.8500,9839219,47854628.3600,3,0.924200,1,0.206200,0
2023-09-13,sz.000680,4.8400,4.8700,4.7500,4.7900,4.8600,11978014,57449411.0600,3,1.125100,1,-1.440300,0
2023-09-14,sz.000680,4.7900,4.7900,4.7200,4.7600,4.7900,8241489,39193366.9700,3,0.774200,1,-0.626300,0
2023-09-15,sz.000680,4.7800,4.8300,4.7400,4.7900,4.7600,9913062,47467410.4500,3,0.931200,1,0.630300,0
2023-09-18,sz.000680,4.8000,4.8400,4.7200,4.8200,4.7900,12172048,58384908.0600,3,1.143400,1,0.626300,0
2023-09-19,sz.000680,4.8200,4.8700,4.7900,4.8400,4.8200,11291986,54698403.7500,3,1.060700,1,0.414900,0
2023-09-20,sz.000680,4.8300,4.8300,4.7600,4.7700,4.8400,8970706,42961146.8600,3,0.842700,1,-1.446300,0
2023-09-21,sz.000680,4.7600,4.8000,4.7300,4.7500,4.7700,8544037,40731449.4700,3,0.802600,1,-0.419300,0
2023-09-22,sz.000680,4.7300,4.8200,4.6900,4.8000,4.7500,14822000,70498096.0000,3,1.392300,1,1.052600,0
2023-09-25,sz.000680,4.8100,4.8400,4.6500,4.6800,4.8000,21984870,103541170.3200,3,2.065100,1,-2.500000,0
2023-09-26,sz.000680,4.6700,4.7400,4.6500,4.7000,4.6800,10828120,50910159.2000,3,1.017100,1,0.427400,0
2023-09-27,sz.000680,4.6900,4.8000,4.6900,4.7700,4.7000,13057031,62286377.5800,3,1.226500,1,1.489400,0
2023-09-28,sz.000680,4.7600,4.8100,4.7600,4.8000,4.7700,9545267,45724851.9300,3,0.896600,1,0.628900,0
2023-10-09,sz.000680,4.8000,4.8100,4.7600,4.7600,4.8000,13175454,62958145.0400,3,1.237600,1,-0.833300,0
2023-10-10,sz.000680,4.7600,4.7900,4.6100,4.6400,4.7600,20238591,94399419.8100,3,1.901100,1,-2.521000,0
2023-10-11,sz.000680,4.6500,4.6700,4.6100,4.6200,4.6400,10435235,48456128.7300,3,0.980200,1,-0.431000,0
2023-10-12,sz.000680,4.6400,4.7000,4.6200,4.6700,4.6200,7418297,34587469.3400,3,0.696800,1,1.082300,0
2023-10-13,sz.000680,4.6700,4.6700,4.6100,4.6300,4.6700,9562382,44276640.4400,3,0.898200,1,-0.856500,0
2023-10-16,sz.000680,5.0000,5.0900,4.9500,5.0900,4.6300,87640189,444103421.1200,3,8.232400,1,9.935200,0
2023-10-17,sz.000680,5.0600,5.2500,5.0000,5.1700,5.0900,93400469,481153480.7800,3,8.773500,1,1.571700,0
2023-10-18,sz.000680,5.1700,5.2000,4.9300,4.9500,5.1700,60554384,305753701.4700,3,5.688200,1,-4.255300,0
2023-10-19,sz.000680,4.9900,5.0000,4.8500,4.8600,4.9500,34032989,166443941.1000,3,3.196900,1,-1.818200,0
2023-10-20,sz.000680,4.8500,4.9400,4.8200,4.8600,4.8600,21198599,103461656.1100,3,1.991300,1,0.000000,0
2023-10-23,sz.000680,4.8700,4.9000,4.6800,4.7300,4.8600,23085051,109538283.1700,3,2.168500,1,-2.674900,0
2023-10-24,sz.000680,4.7000,4.8100,4.7000,4.7600,4.7300,22619867,107746037.9100,3,2.124800,1,0.634200,0
2023-10-25,sz.000680,5.0000,5.2400,4.9000,5.2400,4.7600,39934289,207092176.7700,3,3.751200,1,10.084000,0
2023-10-26,sz.000680,5.3100,5.4200,5.1700,5.3800,5.2400,101105975,539952016.8800,3,9.497300,1,2.671800,0
2023-10-27,sz.000680,5.3300,5.4500,5.2000,5.2700,5.3800,60309287,318655899.9500,3,5.665100,1,-2.044600,0
2023-10-30,sz.000680,5.2200,5.2900,5.1900,5.2400,5.2700,32873822,172458848.3700,3,3.088000,1,-0.569300,0
2023-10-31,sz.000680,5.2600,5.2900,5.1200,5.1900,5.2400,29124525,150893174.0900,3,2.735800,1,-0.954200,0
2023-11-01,sz.000680,5.2100,5.2200,5.0700,5.1000,5.1900,30178657,153808309.5600,3,2.834800,1,-1.734100,0
2023-11-02,sz.000680,5.1000,5.2200,5.0500,5.1700,5.1000,39645901,204041771.0800,3,3.724100,1,1.372500,0
2023-11-03,sz.000680,5.1300,5.2800,5.1300,5.2700,5.1700,37550777,196823189.0000,3,3.527300,1,1.934200,0
2023-11-06,sz.000680,5.3000,5.4700,5.2100,5.4500,5.2700,50524379,270220321.5500,3,4.746000,1,3.415600,0
2023-11-07,sz.000680,5.4500,5.4500,5.3400,5.3500,5.4500,30714808,164954543.9000,3,2.885200,1,-1.834900,0
2023-11-08,sz.000680,5.3500,5.3500,5.2200,5.2700,5.3500,26152299,138143826.1200,3,2.456600,1,-1.495300,0
2023-11-09,sz.000680,5.2600,5.3000,5.2000,5.2400,5.2700,16445338,86416444.9300,3,1.544800,1,-0.569300,0
2023-11-10,sz.000680,5.2300,5.2600,5.1600,5.2500,5.2400,15387903,80343757.6700,3,1.445500,1,0.190800,0
2023-11-13,sz.000680,5.2600,5.3300,5.1800,5.3000,5.2500,26308493,138223431.3500,3,2.471300,1,0.952400,0
2023-11-14,sz.000680,5.2600,5.3300,5.2600,5.2900,5.3000,17005862,89940434.9800,3,1.597400,1,-0.188700,0
2023-11-15,sz.000680,5.3200,5.3600,5.2300,5.2400,5.2900,25358533,133906818.1800,3,2.382000,1,-0.945200,0
2023-11-16,sz.000680,5.2400,5.2700,5.2100,5.2300,5.2400,14864790,77907009.9900,3,1.396300,1,-0.190800,0
2023-11-17,sz.000680,5.2100,5.2600,5.1800,5.2600,5.2300,13515655,70497115.5400,3,1.269600,1,0.573600,0
2023-11-20,sz.000680,5.2800,5.3100,5.1700,5.2900,5.2600,17254003,90482967.2400,3,1.620700,1,0.570300,0
2023-11-21,sz.000680,5.2900,5.3000,5.1900,5.2100,5.2900,16213311,85116804.2900,3,1.523000,1,-1.512300,0
2023-11-22,sz.000680,5.2000,5.2100,5.1400,5.1400,5.2100,13593235,70243003.5200,3,1.276900,1,-1.343600,0
2023-11-23,sz.000680,5.1600,5.2200,5.1300,5.2100,5.1400,13465302,69837668.1000,3,1.264900,1,1.361900,0
2023-11-24,sz.000680,5.2200,5.2300,5.1200,5.1400,5.2100,11489709,59263843.2600,3,1.079300,1,-1.343600,0
2023-11-27,sz.000680,5.1400,5.1900,5.1100,5.1700,5.1400,10830280,55915909.9000,3,1.017300,1,0.583700,0
2023-11-28,sz.000680,5.1400,5.2800,5.1300,5.2800,5.1700,17792841,92897932.8600,3,1.671400,1,2.127700,0
2023-11-29,sz.000680,5.2800,5.3200,5.1500,5.1700,5.2800,14313343,74676047.8800,3,1.344500,1,-2.083300,0
2023-11-30,sz.000680,5.1600,5.2100,5.0900,5.1300,5.1700,11274645,57953316.7500,3,1.059100,1,-0.773700,0
2023-12-01,sz.000680,5.1700,5.2000,5.1100,5.1600,5.1300,12108900,62380597.0000,3,1.137400,1,0.584800,0
2023-12-04,sz.000680,5.1600,5.1700,5.1000,5.1300,5.1600,10736860,55168413.4000,3,1.008600,1,-0.581400,0
2023-12-05,sz.000680,5.1200,5.1200,5.0100,5.0100,5.1300,15764000,79494839.0000,3,1.480800,1,-2.339200,0
2023-12-06,sz.000680,5.0100,5.0900,4.9900,5.0400,5.0100,10269060,51925482.0000,3,0.964600,1,0.598800,0
2023-12-07,sz.000680,5.0300,5.0800,5.0200,5.0300,5.0400,11022624,55561577.4800,3,1.035400,1,-0.198400,0
2023-12-08,sz.000680,5.0300,5.0600,4.9500,4.9600,5.0300,9941500,49662538.0000,3,0.933900,1,-1.391700,0
2023-12-11,sz.000680,4.9500,5.0000,4.8700,5.0000,4.9600,15431741,76437397.5800,3,1.449600,1,0.806500,0
2023-12-12,sz.000680,5.0300,5.0400,4.9600,5.0400,5.0000,9418450,47200517.5000,3,0.884700,1,0.800000,0
2023-12-13,sz.000680,5.0300,5.0800,4.9800,5.0100,5.0400,9166200,46051786.5000,3,0.861000,1,-0.595200,0
2023-12-14,sz.000680,5.0300,5.0600,5.0000,5.0200,5.0100,6885553,34590786.8900,3,0.646800,1,0.199600,0
2023-12-15,sz.000680,5.0300,5.0500,4.9900,5.0000,5.0200,7941757,39867590.9300,3,0.746000,1,-0.398400,0
2023-12-18,sz.000680,5.0000,5.0400,4.9200,4.9500,5.0000,9117898,45403723.5200,3,0.856500,1,-1.000000,0
2023-12-19,sz.000680,4.9500,4.9600,4.8800,4.9300,4.9500,6964250,34244622.5000,3,0.654200,1,-0.404000,0
2023-12-20,sz.000680,4.9300,4.9900,4.8900,4.9100,4.9300,7812886,38649079.3200,3,0.733900,1,-0.405700,0
2023-12-21,sz.000680,4.9000,4.9700,4.8200,4.9600,4.9100,10377799,50913794.1100,3,0.974800,1,1.018300,0
2023-12-22,sz.000680,4.9600,4.9800,4.8900,4.9200,4.9600,8705600,42946423.0000,3,0.817800,1,-0.806500,0
2023-12-25,sz.000680,4.9000,4.9300,4.8800,4.9000,4.9200,6375630,31242325.2000,3,0.598900,1,-0.406500,0
2023-12-26,sz.000680,4.9300,4.9300,4.8100,4.8300,4.9000,8399696,40734591.3200,3,0.789000,1,-1.428600,0
2023-12-27,sz.000680,4.8200,4.9200,4.7800,4.9200,4.8300,10637075,51673651.1000,3,0.999200,1,1.863400,0
2023-12-28,sz.000680,4.8800,4.9700,4.8600,4.9400,4.9200,10296230,50809474.2000,3,0.967200,1,0.406500,0
2023-12-29,sz.000680,4.9300,5.0200,4.9300,4.9400,4.9400,13901263,68929772.2200,3,1.305800,1,0.000000,0
2024-01-02,sz.000680,4.9400,5.0100,4.9400,4.9900,4.9400,19808533,98850844.1700,3,1.860700,1,1.012100,0
2024-01-03,sz.000680,4.9900,4.9900,4.8800,4.9500,4.9900,18528422,91367874.5700,3,1.740500,1,-0.801600,0
2024-01-04,sz.000680,4.9600,4.9800,4.9200,4.9500,4.9500,10441935,51689180.3100,3,0.980900,1,0.000000,0
2024-01-05,sz.000680,4.9800,5.0400,4.9300,4.9400,4.9500,18325563,91390193.8900,3,1.721400,1,-0.202000,0
2024-01-08,sz.000680,4.9000,4.9500,4.8400,4.8400,4.9400,14784095,72357097.5500,3,1.388700,1,-2.024300,0
2024-01-09,sz.000680,4.8400,4.9600,4.8200,4.9100,4.8400,13992950,68513630.5000,3,1.314400,1,1.446300,0
2024-01-10,sz.000680,4.9100,4.9600,4.8500,4.9200,4.9100,12505500,61477701.0000,3,1.174700,1,0.203700,0
2024-01-11,sz.000680,4.9200,5.0600,4.8800,5.0500,4.9200,23729859,118784607.4200,3,2.229100,1,2.642300,0
2024-01-12,sz.000680,5.0400,5.1500,5.0200,5.1000,5.0500,18493492,94358660.0000,3,1.737200,1,0.990100,0
2024-01-15,sz.000680,5.1000,5.1500,5.0400,5.1300,5.1000,17744445,90584352.3900,3,1.666800,1,0.588200,0
2024-01-16,sz.000680,5.1300,5.1600,5.0600,5.1600,5.1300,16848689,86244419.5400,3,1.582700,1,0.584800,0
2024-01-17,sz.000680,5.1500,5.2400,5.0400,5.0500,5.1600,23229207,119276636.3900,3,2.182000,1,-2.131800,0
2024-01-18,sz.000680,5.0100,5.0400,4.8200,4.9800,5.0500,22521540,110600448.9100,3,2.115600,1,-1.386100,0
2024-01-19,sz.000680,4.9800,5.0500,4.8900,4.8900,4.9800,12800011,63511527.9500,3,1.202400,1,-1.807200,0
2024-01-22,sz.000680,4.9000,4.9200,4.5600,4.6000,4.8900,23050711,109258433.5300,3,2.165300,1,-5.930500,0
2024-01-23,sz.000680,4.6000,4.7100,4.4400,4.6400,4.6000,20607936,94146528.7700,3,1.935800,1,0.869600,0
2024-01-24,sz.000680,5.0900,5.1000,4.7400,4.8900,4.6400,66621124,329149195.1200,3,6.258000,1,5.387900,0
2024-01-25,sz.000680,4.9500,5.3800,4.8800,5.3800,4.8900,64037323,337397626.7400,3,6.015300,1,10.020400,0
2024-01-26,sz.000680,5.2900,5.5800,5.2500,5.4500,5.3800,107871733,588242563.7400,3,10.132900,1,1.301100,0
2024-01-29,sz.000680,5.4500,5.7800,5.4400,5.6500,5.4500,90852771,515159659.3300,3,8.534200,1,3.669700,0
2024-01-30,sz.000680,5.6000,5.7200,5.5600,5.6000,5.6500,44601536,251177366.5800,3,4.189600,1,-0.885000,0
2024-01-31,sz.000680,5.5800,5.7500,5.4000,5.4300,5.6000,41007680,227294036.6100,3,3.852000,1,-3.035700,0
2024-02-01,sz.000680,5.4100,5.7000,5.4100,5.5800,5.4300,45893343,255633871.1100,3,4.311000,1,2.762400,0
2024-02-02,sz.000680,5.6000,6.0600,5.5100,5.6900,5.5800,81354978,471543201.9300,3,7.642000,1,1.971300,0
2024-02-05,sz.000680,5.6800,5.7400,5.3900,5.5200,5.6900,65303116,363282566.1800,3,6.134200,1,-2.987700,0
2024-02-06,sz.000680,5.5100,5.8000,5.3500,5.7200,5.5200,58713537,328646549.8200,3,5.515200,1,3.623200,0
2024-02-07,sz.000680,5.7400,6.0100,5.5500,5.8800,5.7200,75831734,437786658.6700,3,7.123200,1,2.797200,0
2024-02-08,sz.000680,5.8500,6.0000,5.6500,5.9000,5.8800,66275697,386873323.6400,3,6.225600,1,0.340100,0
2024-02-19,sz.000680,5.9000,6.4800,5.7900,6.4100,5.9000,80571567,495627426.5100,3,7.568500,1,8.644100,0
2024-02-20,sz.000680,6.2500,6.3800,6.1600,6.3400,6.4100,56770164,356082298.4000,3,5.332700,1,-1.092000,0
2024-02-21,sz.000680,6.2800,6.6200,6.2600,6.2800,6.3400,55792394,357636303.8100,3,5.240800,1,-0.946400,0
2024-02-22,sz.000680,6.2100,6.5100,6.1900,6.4400,6.2800,44158134,282737299.0900,3,4.148000,1,2.547800,0
2024-02-23,sz.000680,6.4400,6.4600,6.2200,6.3400,6.4400,33806862,213343989.2300,3,3.175600,1,-1.552800,0
2024-02-26,sz.000680,6.3600,6.6500,6.3500,6.5200,6.3400,42326395,274848036.9400,3,3.975900,1,2.839100,0
2024-02-27,sz.000680,6.4100,6.5500,6.3700,6.4900,6.5200,39049343,252063844.6000,3,3.668100,1,-0.460100,0
2024-02-28,sz.000680,6.4600,6.5400,6.0900,6.1300,6.4900,48616515,308539382.5300,3,4.566800,1,-5.547000,0
2024-02-29,sz.000680,6.0600,6.3800,6.0600,6.3600,6.1300,39299659,247103630.1900,3,3.691600,1,3.752000,0
2024-03-01,sz.000680,6.3800,6.5000,6.2500,6.3800,6.3600,34532434,218977946.7900,3,3.243800,1,0.314500,0
2024-03-04,sz.000680,6.4700,6.4800,6.3000,6.4600,6.3800,22604105,144347550.6400,3,2.123300,1,1.253900,0
2024-03-05,sz.000680,6.3800,6.5000,6.3600,6.4500,6.4600,21606273,139016799.0700,3,2.029600,1,-0.154800,0
2024-03-06,sz.000680,6.3100,6.6500,6.3100,6.5700,6.4500,34903902,227907636.0300,3,3.278700,1,1.860500,0
2024-03-07,sz.000680,6.6100,6.9300,6.6100,6.6500,6.5700,43988073,297175863.1000,3,4.132000,1,1.217700,0
2024-03-08,sz.000680,6.6000,7.0300,6.5600,6.9800,6.6500,45725542,313312349.7400,3,4.295200,1,4.962400,0
2024-03-11,sz.000680,7.0000,7.1400,6.7000,6.8100,6.9800,34844988,237876250.7000,3,3.273200,1,-2.435500,0
2024-03-12,sz.000680,6.8100,6.8400,6.5400,6.5800,6.8100,31884507,211069223.5100,3,2.995100,1,-3.377400,0
2024-03-13,sz.000680,6.5500,6.6500,6.4900,6.5200,6.5800,26564507,174501619.9400,3,2.495300,1,-0.911900,0
2024-03-14,sz.000680,6.5600,6.8200,6.5200,6.6700,6.5200,33971787,227283245.1400,3,3.191100,1,2.300600,0
2024-03-15,sz.000680,6.6400,6.7400,6.5400,6.7300,6.6700,20297685,134880717.0900,3,1.906700,1,0.899600,0
2024-03-18,sz.000680,6.7300,6.9000,6.6500,6.8500,6.7300,21536002,146232998.2500,3,2.023000,1,1.783100,0
2024-03-19,sz.000680,6.8300,6.8500,6.7200,6.7900,6.8500,13421258,90984344.6900,3,1.260700,1,-0.875900,0
2024-03-20,sz.000680,6.7400,6.8000,6.6900,6.7500,6.7900,10757546,72436829.4300,3,1.010500,1,-0.589100,0
2024-03-21,sz.000680,6.7700,6.7800,6.6000,6.6200,6.7500,19592057,130282555.8300,3,1.840400,1,-1.925900,0
2024-03-22,sz.000680,6.5800,6.7200,6.4400,6.5100,6.6200,26129748,170991266.2700,3,2.454500,1,-1.661600,0
2024-03-25,sz.000680,6.5000,6.7500,6.5000,6.5900,6.5100,22571697,150219528.7000,3,2.120300,1,1.228900,0
2024-03-26,sz.000680,6.7500,7.2500,6.7400,7.2500,6.5900,93234425,671938411.2300,3,8.756000,1,10.015200,0
2024-03-27,sz.000680,7.3600,7.5700,7.1500,7.3400,7.2500,85017591,624283314.4700,3,7.984400,1,1.241400,0
2024-03-28,sz.000680,7.3800,7.9400,7.3500,7.8600,7.3400,77840537,601133300.8700,3,7.310300,1,7.084500,0
2024-03-29,sz.000680,7.9600,8.3300,7.8100,8.2700,7.8600,55239721,448402966.2500,3,5.187800,1,5.216300,0
2024-04-01,sz.000680,8.2100,8.4500,8.1000,8.2900,8.2700,57350992,473093346.8900,3,5.386100,1,0.241800,0
2024-04-02,sz.000680,8.2200,8.6400,8.1500,8.3600,8.2900,42498304,353839719.3400,3,3.991200,1,0.844400,0
2024-04-03,sz.000680,8.3200,8.4700,8.2100,8.3600,8.3600,25958695,216230554.1900,3,2.437900,1,0.000000,0
2024-04-08,sz.000680,8.3000,8.4700,8.1400,8.2800,8.3600,29044335,240893433.1500,3,2.727700,1,-0.956900,0
2024-04-09,sz.000680,8.2500,8.3400,7.8100,8.0000,8.2800,44450638,355872505.1400,3,4.174600,1,-3.381600,0
2024-04-10,sz.000680,7.9600,8.2200,7.9600,8.0600,8.0000,35745143,288656431.4800,3,3.357000,1,0.750000,0
2024-04-11,sz.000680,7.9800,8.8600,7.9700,8.7300,8.0600,72923331,625078875.6000,3,6.848600,1,8.312700,0
2024-04-12,sz.000680,8.6100,8.7200,8.4700,8.5100,8.7300,42068531,360949845.0300,3,3.950900,1,-2.520000,0
2024-04-15,sz.000680,8.5000,8.8200,8.3700,8.7100,8.5100,48030714,416481744.5400,3,4.483500,1,2.350200,0
2024-04-16,sz.000680,8.5800,8.7100,8.1900,8.4400,8.7100,50848417,430022652.3600,3,4.746500,1,-3.099900,0
2024-04-17,sz.000680,8.4100,9.2400,8.4000,9.1500,8.4400,54896865,486755463.3700,3,5.124400,1,8.412300,0
2024-04-18,sz.000680,9.1500,9.4800,8.6200,8.6900,9.1500,71991601,639361264.4500,3,6.720100,1,-5.027300,0
2024-04-19,sz.000680,8.5500,8.8700,8.4800,8.7100,8.6900,45512801,395901813.8200,3,4.248400,1,0.230100,0
2024-04-22,sz.000680,8.6100,8.6500,8.2000,8.2500,8.7100,52312891,436808668.8000,3,4.883200,1,-5.281300,0
2024-04-23,sz.000680,8.1400,8.3000,7.9400,8.1300,8.2500,40257672,327171516.5700,3,3.757900,1,-1.454500,0
2024-04-24,sz.000680,8.0400,8.3000,8.0200,8.2300,8.1300,32372980,264691617.2900,3,3.021900,1,1.230000,0
2024-04-25,sz.000680,8.1000,8.3900,8.0400,8.2300,8.2300,28310240,232696323.3000,3,2.642600,1,0.000000,0
2024-04-26,sz.000680,8.1400,8.3500,8.1400,8.2500,8.2300,30534461,251605542.3400,3,2.850300,1,0.243000,0
2024-04-29,sz.000680,8.2500,8.3000,7.6300,7.8700,8.2500,66394894,522152671.7000,3,5.076100,1,-4.606100,0
2024-04-30,sz.000680,7.8400,8.2300,7.8000,8.0900,7.8700,42384516,343163528.5200,3,3.240400,1,2.795400,0
2024-05-06,sz.000680,8.1300,8.9000,8.1200,8.9000,8.0900,51849244,443841478.0200,3,3.964000,1,10.012400,0
2024-05-07,sz.000680,9.0000,9.0100,8.7700,8.8300,8.9000,42521313,376539831.5400,3,3.250900,1,-0.786500,0
2024-05-08,sz.000680,8.7400,8.8500,8.5600,8.7600,8.8300,28630781,248919823.2700,3,2.188900,1,-0.792800,0
2024-05-09,sz.000680,8.7400,9.2200,8.7200,9.1500,8.7600,55298213,499783754.8500,3,4.227700,1,4.452100,0
2024-05-10,sz.000680,9.0500,9.0800,8.8100,8.9600,9.1500,32433516,290202327.9500,3,2.479600,1,-2.076500,0
2024-05-13,sz.000680,8.8700,9.0700,8.6800,9.0500,8.9600,32885832,293063638.6200,3,2.514200,1,1.004500,0
2024-05-14,sz.000680,9.0800,9.1600,8.8200,8.8700,9.0500,26296283,234675734.8200,3,2.010400,1,-1.989000,0
2024-05-15,sz.000680,8.8400,8.9200,8.7100,8.7600,8.8700,15036705,132218749.6600,3,1.149600,1,-1.240100,0
2024-05-16,sz.000680,8.7400,8.7800,8.4900,8.6300,8.7600,25074838,216175213.5400,3,1.917000,1,-1.484000,0
2024-05-17,sz.000680,8.5600,8.6700,8.3100,8.4700,8.6300,23991939,202771724.6300,3,1.834300,1,-1.854000,0
2024-05-20,sz.000680,8.4600,8.5600,8.2800,8.4600,8.4700,22540366,189375241.7100,3,1.723300,1,-0.118100,0
2024-05-21,sz.000680,8.4700,8.5200,8.3000,8.3800,8.4600,15441088,129406149.4200,3,1.180500,1,-0.945600,0
2024-05-22,sz.000680,8.3500,8.3700,8.2000,8.2200,8.3800,16235526,133786646.7200,3,1.241300,1,-1.909300,0
2024-05-23,sz.000680,8.2000,8.2300,8.0000,8.1100,8.2200,16935890,137531398.5500,3,1.294800,1,-1.338200,0
2024-05-24,sz.000680,8.1100,8.5300,8.0700,8.4000,8.1100,33382412,279043785.3000,3,2.552200,1,3.575800,0
2024-05-27,sz.000680,8.4000,8.7800,8.2100,8.7000,8.4000,38334536,326403722.2900,3,2.930800,1,3.571400,0
2024-05-28,sz.000680,8.6500,8.7000,8.2800,8.2900,8.7000,27652136,234136757.6700,3,2.114100,1,-4.712600,0
2024-05-29,sz.000680,8.2700,8.3400,8.1500,8.2300,8.2900,16396061,135368704.9400,3,1.253500,1,-0.723800,0
2024-05-30,sz.000680,8.1900,8.2600,8.1200,8.1700,8.2300,10605085,86650354.1500,3,0.810800,1,-0.729000,0
2024-05-31,sz.000680,8.2200,8.5300,8.1000,8.1500,8.1700,21416872,178354383.5200,3,1.637400,1,-0.244800,0
2024-06-03,sz.000680,8.1500,8.4600,8.1300,8.2700,8.1500,19189492,159568824.0800,3,1.467100,1,1.472400,0
2024-06-04,sz.000680,8.2700,8.7400,8.1600,8.6700,8.2700,33096072,280678029.6800,3,2.530300,1,4.836800,0
2024-06-05,sz.000680,8.6500,8.6500,8.0800,8.0800,8.6700,27902831,230672738.3400,3,2.133300,1,-6.805100,0
2024-06-06,sz.000680,8.0500,8.1800,7.9000,8.0200,8.0800,22238131,178446734.4700,3,1.700200,1,-0.742600,0
2024-06-07,sz.000680,8.1400,8.3000,7.9700,8.0400,8.0200,20796111,168700717.7900,3,1.589900,1,0.249400,0
2024-06-11,sz.000680,7.9900,7.9900,7.6600,7.8200,8.0400,22000433,171271840.5000,3,1.682000,1,-2.736300,0
2024-06-12,sz.000680,7.8100,8.6000,7.7800,8.6000,7.8200,47825093,398858862.0000,3,3.656400,1,9.974400,0
2024-06-13,sz.000680,8.5700,8.5900,8.2200,8.2600,8.6000,38105525,317774938.2000,3,2.913300,1,-3.953500,0
2024-06-14,sz.000680,8.2300,8.4800,8.1600,8.3200,8.2600,23263180,194042457.0800,3,1.778500,1,0.726400,0
2024-06-17,sz.000680,8.2600,8.3700,7.9200,8.0100,8.3200,26632164,214796547.2900,3,2.036100,1,-3.726000,0
2024-06-18,sz.000680,7.9500,8.8000,7.9300,8.6900,8.0100,44810985,378261501.9400,3,3.425900,1,8.489400,0
2024-06-19,sz.000680,8.6800,8.7800,8.4800,8.6200,8.6900,32037827,276640198.8200,3,2.449400,1,-0.805500,0
2024-06-20,sz.000680,8.5800,8.9300,8.4000,8.6600,8.6200,31426759,271492854.1700,3,2.402700,1,0.464000,0
2024-06-21,sz.000680,8.6100,8.9500,8.5200,8.9100,8.6600,40089941,352993980.4000,3,3.065000,1,2.886800,0
2024-06-24,sz.000680,8.7900,9.2900,8.7400,9.1700,8.9100,46224237,419408641.3100,3,3.534000,1,2.918100,0
2024-06-25,sz.000680,9.0200,9.1800,8.7900,8.9700,9.0200,31075305,279267950.6900,3,2.375800,1,-0.554300,0
2024-06-26,sz.000680,9.0100,9.1500,8.8100,9.0600,8.9700,25901634,232643573.7000,3,1.980300,1,1.003300,0
2024-06-27,sz.000680,9.0000,9.0600,8.7300,8.7800,9.0600,22123055,195592539.4500,3,1.691400,1,-3.090500,0
2024-06-28,sz.000680,8.7500,9.3300,8.7500,9.2700,8.7800,28938342,265398714.1000,3,2.212400,1,5.580900,0
2024-07-01,sz.000680,9.2500,9.4900,9.1000,9.4500,9.2700,26720641,250209035.7900,3,2.042900,1,1.941700,0
2024-07-02,sz.000680,9.4200,9.4200,8.5100,8.7900,9.4500,55978007,494612465.5000,3,4.279700,1,-6.984100,0
2024-07-03,sz.000680,8.6600,8.7800,8.3500,8.4100,8.7900,27536786,233909348.7400,3,2.105300,1,-4.323100,0
2024-07-04,sz.000680,8.3600,8.6700,8.3500,8.4300,8.4100,22231313,188872028.9200,3,1.699600,1,0.237800,0
2024-07-05,sz.000680,8.3700,8.4200,7.9400,8.3900,8.4300,42542047,348130860.3600,3,3.252500,1,-0.474500,0
2024-07-08,sz.000680,8.3600,8.3600,7.7800,7.8600,8.3900,29668771,238314660.5400,3,2.268300,1,-6.317000,0
2024-07-09,sz.000680,7.7900,7.9800,7.5200,7.8100,7.8600,49162456,382644891.5400,3,3.758600,1,-0.636100,0
2024-07-10,sz.000680,7.8000,8.0200,7.7200,7.9300,7.8100,26841143,212110741.0800,3,2.052100,1,1.536500,0
2024-07-11,sz.000680,7.9500,8.2900,7.9000,8.1500,7.9300,27352710,222608193.7600,3,2.091200,1,2.774300,0
2024-07-12,sz.000680,8.1500,8.2300,7.8100,8.0000,8.1500,26420672,210673180.6600,3,2.019900,1,-1.840500,0
2024-07-15,sz.000680,7.8000,8.3500,7.7000,8.0000,8.0000,27582578,222319895.1300,3,2.108800,1,0.000000,0
2024-07-16,sz.000680,7.9600,8.0100,7.6100,7.6500,8.0000,35794878,276744570.2700,3,2.736600,1,-4.375000,0
2024-07-17,sz.000680,7.6000,7.6200,7.1400,7.1800,7.6500,44731594,326056831.4100,3,3.419900,1,-6.143800,0
2024-07-18,sz.000680,7.1500,7.3500,7.0200,7.1600,7.1800,31355478,225703592.7900,3,2.397200,1,-0.278600,0
2024-07-19,sz.000680,7.0900,7.2400,7.0200,7.1500,7.1600,20320166,144819903.9800,3,1.553500,1,-0.139700,0
2024-07-22,sz.000680,7.1200,7.1400,6.6400,6.8700,7.1500,62787292,428722870.2200,3,4.800300,1,-3.916100,0
2024-07-23,sz.000680,6.8500,7.0200,6.7300,6.7400,6.8700,32190941,221974532.3900,3,2.461100,1,-1.892300,0
2024-07-24,sz.000680,6.7100,6.8000,6.4700,6.4900,6.7400,33224726,218976957.8600,3,2.540100,1,-3.709200,0
2024-07-25,sz.000680,6.4400,6.6500,6.3100,6.6200,6.4900,35582800,231274372.7000,3,2.720400,1,2.003100,0
2024-07-26,sz.000680,6.6300,6.8200,6.6000,6.7100,6.6200,30663562,205931811.5000,3,2.344300,1,1.359500,0
2024-07-29,sz.000680,6.8200,6.9300,6.5800,6.6400,6.7100,22820309,152690289.4600,3,1.744700,1,-1.043200,0
2024-07-30,sz.000680,6.6000,6.7700,6.5000,6.6800,6.6400,23388901,155145139.7700,3,1.788100,1,0.602400,0
2024-07-31,sz.000680,6.6800,7.3100,6.6000,7.1400,6.6800,40339923,284001022.9000,3,3.084100,1,6.886200,0
2024-08-01,sz.000680,7.1400,7.1600,6.8800,6.8900,7.1400,31019141,216359048.4900,3,2.371500,1,-3.501400,0
2024-08-02,sz.000680,6.8700,6.9600,6.7900,6.8500,6.8900,18252200,125605615.5900,3,1.395400,1,-0.580600,0
2024-08-05,sz.000680,6.8400,7.0200,6.7700,6.8300,6.8500,26602000,184229575.5000,3,2.033800,1,-0.292000,0
2024-08-06,sz.000680,6.9000,7.0400,6.7400,6.8600,6.8300,15353256,105023174.5100,3,1.173800,1,0.439200,0
2024-08-07,sz.000680,6.8400,6.9200,6.7600,6.8100,6.8600,16369793,112015612.7700,3,1.251500,1,-0.728900,0
2024-08-08,sz.000680,6.7800,6.8000,6.6400,6.7100,6.8100,13541600,90841328.0000,3,1.035300,1,-1.468400,0
2024-08-09,sz.000680,6.7400,6.9100,6.6900,6.6900,6.7100,16016577,108952577.6400,3,1.224500,1,-0.298100,0
2024-08-12,sz.000680,6.6900,6.7700,6.6300,6.6900,6.6900,9549501,64066105.7200,3,0.730100,1,0.000000,0
2024-08-13,sz.000680,6.6800,6.7800,6.5600,6.6500,6.6900,12412478,82269838.0400,3,0.949000,1,-0.597900,0
2024-08-14,sz.000680,6.6500,6.6800,6.5100,6.5200,6.6500,10086611,66143063.1400,3,0.771200,1,-1.954900,0
2024-08-15,sz.000680,6.5000,6.6900,6.4500,6.5900,6.5200,15931640,105086858.0500,3,1.218000,1,1.073600,0
2024-08-16,sz.000680,6.6500,6.6600,6.4500,6.4700,6.5900,11879086,77594490.2800,3,0.908200,1,-1.820900,0
2024-08-19,sz.000680,6.4400,6.6900,6.4200,6.6700,6.4700,16214974,107225846.6500,3,1.239700,1,3.091200,0
2024-08-20,sz.000680,6.6600,6.6800,6.4600,6.4900,6.6700,14164519,92258157.0700,3,1.082900,1,-2.698700,0
2024-08-21,sz.000680,6.4900,6.5400,6.3900,6.5100,6.4900,8889063,57586152.1500,3,0.679600,1,0.308200,0
2024-08-22,sz.000680,6.5100,6.5200,6.4200,6.4700,6.5100,8532800,55251942.0000,3,0.652400,1,-0.614400,0
2024-08-23,sz.000680,6.5900,6.8700,6.4200,6.8400,6.4700,39916510,264817229.2300,3,3.051700,1,5.718700,0
2024-08-26,sz.000680,6.7900,6.9800,6.7000,6.8600,6.8400,23425480,160621405.1700,3,1.790900,1,0.292400,0
2024-08-27,sz.000680,6.8400,6.8600,6.5600,6.5900,6.8600,19959200,132553781.0000,3,1.525900,1,-3.935900,0
2024-08-28,sz.000680,6.5100,6.6900,6.4800,6.5400,6.5900,13614657,89529788.2100,3,1.040900,1,-0.758700,0
2024-08-29,sz.000680,6.5000,6.6500,6.4700,6.6100,6.5400,11449955,75493860.9000,3,0.875400,1,1.070300,0
2024-08-30,sz.000680,6.5800,6.9300,6.3100,6.8100,6.6100,28159580,188686504.7100,3,2.152900,1,3.025700,0
2024-09-02,sz.000680,6.7800,6.9200,6.6900,6.7000,6.8100,17642530,119855924.3000,3,1.348800,1,-1.615300,0
2024-09-03,sz.000680,6.6900,6.8500,6.6400,6.8200,6.7000,16450825,111210231.2500,3,1.257700,1,1.791000,0
2024-09-04,sz.000680,6.7600,6.7700,6.5200,6.6600,6.8200,16933000,112185581.9500,3,1.294600,1,-2.346000,0
2024-09-05,sz.000680,6.6300,6.7200,6.6100,6.6500,6.6600,9694524,64526299.3600,3,0.741200,1,-0.150200,0
2024-09-06,sz.000680,6.6700,6.7800,6.6500,6.6600,6.6500,15020908,100783937.7400,3,1.148400,1,0.150400,0
2024-09-09,sz.000680,6.6200,6.6300,6.4100,6.4700,6.6600,14078080,91561514.3000,3,1.076300,1,-2.852900,0
2024-09-10,sz.000680,6.5300,6.6800,6.5000,6.6400,6.4700,15265175,100788461.8400,3,1.167100,1,2.627500,0
2024-09-11,sz.000680,6.6000,6.8500,6.5300,6.7200,6.6400,16314450,109703428.0000,3,1.247300,1,1.204800,0
2024-09-12,sz.000680,6.7500,6.9200,6.6800,6.6900,6.7200,12741108,86407835.3500,3,0.974100,1,-0.446400,0
2024-09-13,sz.000680,6.6600,6.8300,6.6100,6.7300,6.6900,14243045,95881406.4500,3,1.088900,1,0.597900,0
2024-09-18,sz.000680,6.7800,7.2400,6.7600,7.1700,6.7300,37250306,262290329.1900,3,2.847900,1,6.537900,0
2024-09-19,sz.000680,7.1800,7.3000,7.0700,7.3000,7.1700,28839014,208379930.1700,3,2.204800,1,1.813100,0
2024-09-20,sz.000680,7.2500,7.3000,7.0900,7.1900,7.3000,20623460,148118182.7700,3,1.576700,1,-1.506800,0
2024-09-23,sz.000680,7.1200,7.2900,7.1200,7.1400,7.1900,14137710,101487501.7800,3,1.080900,1,-0.695400,0
2024-09-24,sz.000680,7.1400,7.6100,7.1400,7.5800,7.1400,36741954,271545563.6100,3,2.809000,1,6.162500,0
2024-09-25,sz.000680,7.6000,7.6900,7.3600,7.4200,7.5800,38232096,287984900.4200,3,2.923000,1,-2.110800,0
2024-09-26,sz.000680,7.3900,7.6400,7.3500,7.6400,7.4200,26699938,200898926.2600,3,2.041300,1,2.965000,0
2024-09-27,sz.000680,7.7100,8.0200,7.5500,7.8200,7.6400,45849246,354737846.2100,3,3.505300,1,2.356000,0
2024-09-30,sz.000680,7.9500,8.4800,7.7900,8.3900,7.8200,59559295,483664351.9800,3,4.553500,1,7.289000,0
2024-10-08,sz.000680,9.2100,9.2100,7.9700,8.3300,8.3900,79641099,675767131.2700,3,6.088800,1,-0.715100,0
2024-10-09,sz.000680,8.1700,8.1700,7.7100,7.7300,8.3300,46711564,370142342.3400,3,3.571200,1,-7.202900,0
2024-10-10,sz.000680,7.7300,8.2100,7.7300,8.0000,7.7300,45842495,368040306.2600,3,3.504800,1,3.492900,0
2024-10-11,sz.000680,8.0000,8.0000,7.6200,7.7100,8.0000,23120329,180355172.0200,3,1.767600,1,-3.625000,0
2024-10-14,sz.000680,7.7800,8.0000,7.7400,7.9900,7.7100,24737989,194964836.7200,3,1.891300,1,3.631600,0
2024-10-15,sz.000680,7.9300,7.9300,7.6100,7.6100,7.9900,26137090,202476107.4400,3,1.998300,1,-4.755900,0
2024-10-16,sz.000680,7.5000,7.6700,7.4900,7.6100,7.6100,17375759,131731723.0800,3,1.328400,1,0.000000,0
2024-10-17,sz.000680,7.6800,7.8000,7.4600,7.5100,7.6100,26605547,202784141.1600,3,2.034100,1,-1.314100,0
2024-10-18,sz.000680,7.4800,7.8100,7.4300,7.6900,7.5100,30064787,230263731.8700,3,2.298500,1,2.396800,0
2024-10-21,sz.000680,7.7500,7.8100,7.5500,7.6700,7.6900,24735786,189522479.7700,3,1.891100,1,-0.260100,0
2024-10-22,sz.000680,7.6700,7.8600,7.6300,7.7600,7.6700,25516003,198053515.6000,3,1.950800,1,1.173400,0
2024-10-23,sz.000680,7.7700,7.7900,7.6300,7.6800,7.7600,27085663,208584204.2300,3,2.070800,1,-1.030900,0
2024-10-24,sz.000680,7.6800,7.6800,7.5300,7.6000,7.6800,17830362,135242891.9900,3,1.363200,1,-1.041700,0
2024-10-25,sz.000680,7.6800,8.3000,7.6800,8.2300,7.6000,71816166,584916840.7600,3,5.490500,1,8.289500,0
2024-10-28,sz.000680,8.1300,8.4200,8.0300,8.3900,8.2300,38645232,320090939.7500,3,2.954500,1,1.944100,0
2024-10-29,sz.000680,8.3900,8.5300,8.2300,8.2400,8.3900,32727769,273545443.6700,3,2.502100,1,-1.787800,0
2024-10-30,sz.000680,8.2500,8.4900,8.2200,8.4000,8.2400,33629424,280949841.1100,3,2.571100,1,1.941700,0
2024-10-31,sz.000680,8.5000,9.0600,8.2300,8.9300,8.4000,67690225,591962361.3900,3,5.175100,1,6.309500,0
2024-11-01,sz.000680,9.0000,9.7700,8.7500,9.6600,8.9300,83350125,779789377.9600,3,6.372400,1,8.174700,0
2024-11-04,sz.000680,9.7700,9.8200,9.4800,9.7800,9.6600,55361914,534513238.7900,3,4.232600,1,1.242200,0
2024-11-05,sz.000680,9.7500,10.0000,9.4400,9.8800,9.7800,54574081,532422577.3600,3,4.172300,1,1.022500,0
2024-11-06,sz.000680,9.8000,10.1500,9.2500,9.3200,9.8800,63972017,617517870.8000,3,4.890800,1,-5.668000,0
2024-11-07,sz.000680,9.1900,9.5200,9.0500,9.4700,9.3200,36232530,338495473.9400,3,2.770100,1,1.609400,0
2024-11-08,sz.000680,9.4700,9.6900,9.4000,9.5200,9.4700,32929730,314894900.5500,3,2.517600,1,0.528000,0
2024-11-11,sz.000680,9.5800,9.9000,9.5500,9.8100,9.5200,32620296,318182575.7100,3,2.493900,1,3.046200,0
2024-11-12,sz.000680,10.3200,10.4000,9.2200,9.3200,9.8100,93650142,900441032.9900,3,7.159800,1,-4.994900,0
2024-11-13,sz.000680,9.3500,9.7500,9.0200,9.1700,9.3200,51742687,480482559.5200,3,3.955900,1,-1.609400,0
2024-11-14,sz.000680,9.1100,9.4000,9.0700,9.2100,9.1700,34191128,315255770.7200,3,2.614000,1,0.436200,0
2024-11-15,sz.000680,9.1200,9.3700,9.0200,9.0400,9.2100,24872291,229152645.9500,3,1.901600,1,-1.845800,0
