date,code,open,high,low,close,preclose,volume,amount,adjustflag,turn,tradestatus,pctChg,isST
2010-01-04,sz.000606,6.2500,6.2900,6.1200,6.1700,6.2400,5941679,36786027.7000,3,1.836979,1,-1.121800,0
2010-01-05,sz.000606,6.1600,6.1900,6.0500,6.1300,6.1700,6778891,41485089.3600,3,2.095818,1,-0.648300,0
2010-01-06,sz.000606,6.1300,6.3200,6.0900,6.1800,6.1300,9791951,61105482.8200,3,3.027361,1,0.815700,0
2010-01-07,sz.000606,6.1600,6.2400,6.0000,6.0500,6.1800,7407946,45359091.4600,3,2.290302,1,-2.103600,0
2010-01-08,sz.000606,6.0100,6.0800,5.9100,6.0700,6.0500,5671928,33933650.7400,3,1.753580,1,0.330600,0
2010-01-11,sz.000606,6.0900,6.2000,6.0300,6.1300,6.0700,6265903,38425827.7900,3,1.937219,1,0.988500,0
2010-01-12,sz.000606,6.1300,6.1300,6.1300,6.1300,6.1300,0,0.0000,3,,0,0.000000,0
2010-01-13,sz.000606,6.1400,6.7400,6.1200,6.7400,6.1300,41419239,271442373.4900,3,12.805517,1,9.951100,0
2010-01-14,sz.000606,6.7600,6.7800,6.5500,6.7200,6.7400,29042961,194059062.1700,3,8.979164,1,-0.296700,0
2010-01-15,sz.000606,6.6800,6.8900,6.6000,6.7800,6.7200,21640326,146104079.0100,3,6.690503,1,0.892900,0
2010-01-18,sz.000606,6.7600,6.9300,6.6500,6.9200,6.7800,17728633,120821990.4600,3,5.481132,1,2.064900,0
2010-01-19,sz.000606,6.9000,7.0300,6.8400,6.9500,6.9200,18684550,129906591.7500,3,5.776671,1,0.433500,0
2010-01-20,sz.000606,6.9600,7.4700,6.8200,7.0600,6.9500,35275515,251196592.4000,3,10.906072,1,1.582700,0
2010-01-21,sz.000606,7.1000,7.2300,6.7300,6.9900,7.0600,22610472,158063722.6100,3,6.990442,1,-0.991500,0
2010-01-22,sz.000606,6.8200,7.3800,6.7800,7.1000,6.9900,30336119,217023863.3400,3,9.378967,1,1.573700,0
2010-01-25,sz.000606,6.9200,7.4000,6.9100,7.2300,7.1000,32158557,232471520.3500,3,9.942407,1,1.831000,0
2010-01-26,sz.000606,7.2300,7.3200,6.5100,6.6500,7.2300,24615436,170733832.9700,3,7.610313,1,-8.022100,0
2010-01-27,sz.000606,6.5300,6.6500,6.2100,6.2400,6.6500,15685608,101632011.7000,3,4.849493,1,-6.165400,0
2010-01-28,sz.000606,6.2600,6.4600,6.2000,6.4100,6.2400,12144191,77196363.7400,3,3.754599,1,2.724400,0
2010-01-29,sz.000606,6.4500,6.7600,6.4000,6.7100,6.4100,14618689,96577115.7200,3,4.519636,1,4.680200,0
2010-02-01,sz.000606,6.7100,6.7100,6.4200,6.5400,6.7100,10946479,71425345.0200,3,3.384305,1,-2.533500,0
2010-02-02,sz.000606,6.5800,6.6700,6.4800,6.4900,6.5400,9120911,59926655.9500,3,2.819897,1,-0.764500,0
2010-02-03,sz.000606,6.5000,6.6100,6.0400,6.6100,6.4900,11023231,70101798.9000,3,3.408034,1,1.849000,0
2010-02-04,sz.000606,6.6100,7.1900,6.4800,6.9800,6.6100,25693934,178661098.4300,3,7.943750,1,5.597600,0
2010-02-05,sz.000606,6.7500,7.6800,6.7100,7.4000,6.9800,39455775,291323018.5300,3,12.198476,1,6.017200,0
2010-02-08,sz.000606,7.2900,7.3400,7.0100,7.2100,7.4000,16140318,116058762.8400,3,4.990075,1,-2.567600,0
2010-02-09,sz.000606,7.1500,7.5000,7.0900,7.4500,7.2100,18427090,134844977.4300,3,5.697072,1,3.328700,0
2010-02-10,sz.000606,7.4400,7.5000,7.2100,7.2700,7.4500,12660660,92753425.3800,3,3.914275,1,-2.416100,0
2010-02-11,sz.000606,7.3000,7.3300,7.0400,7.0400,7.2700,9301277,66237055.2600,3,2.875660,1,-3.163700,0
2010-02-12,sz.000606,7.0400,7.1200,6.9300,7.0800,7.0400,7352043,51729760.6000,3,2.273019,1,0.568200,0
2010-02-22,sz.000606,7.1200,7.5800,7.0800,7.2800,7.0800,18084194,132911886.8100,3,5.591060,1,2.824900,0
2010-02-23,sz.000606,7.2300,7.4400,7.1200,7.2700,7.2800,14044887,102267927.2200,3,4.342234,1,-0.137400,0
2010-02-24,sz.000606,7.3000,7.5700,7.2000,7.5000,7.2700,20417571,151275597.1400,3,6.312466,1,3.163700,0
2010-02-25,sz.000606,7.4900,7.7700,7.4300,7.6900,7.5000,26467017,201372106.3700,3,8.182763,1,2.533300,0
2010-02-26,sz.000606,7.6000,7.8600,7.5500,7.6000,7.6900,22655957,174186135.8700,3,7.004504,1,-1.170400,0
2010-03-01,sz.000606,7.5800,7.6600,7.5100,7.5800,7.6000,20396117,154507101.5500,3,6.305833,1,-0.263200,0
2010-03-02,sz.000606,7.5400,7.5600,7.1800,7.2900,7.5800,30651730,224541938.4600,3,9.476544,1,-3.825900,0
2010-03-03,sz.000606,7.2900,7.5500,7.2200,7.5100,7.2900,21611857,160028335.8700,3,6.681702,1,3.017800,0
2010-03-04,sz.000606,7.4800,7.5400,7.1000,7.1700,7.5100,17742847,129539483.6600,3,5.485526,1,-4.527300,0
2010-03-05,sz.000606,7.1800,7.3300,7.1500,7.2100,7.1700,8005440,57898101.7200,3,2.475028,1,0.557900,0
2010-03-08,sz.000606,7.2100,7.2600,7.1500,7.1900,7.2100,9176987,66123983.4000,3,2.837234,1,-0.277400,0
2010-03-09,sz.000606,7.1300,7.2400,7.0500,7.1500,7.1900,13039324,93198477.3600,3,4.031346,1,-0.556300,0
2010-03-10,sz.000606,7.1000,7.1600,6.8500,6.9400,7.1500,14304114,100017798.7900,3,4.422379,1,-2.937100,0
2010-03-11,sz.000606,6.9500,7.1600,6.9300,7.0100,6.9400,12545987,88395226.4500,3,3.189536,1,1.008600,0
2010-03-12,sz.000606,7.0100,7.1000,6.8600,6.8700,7.0100,6299104,43759906.1300,3,1.601406,1,-1.997100,0
2010-03-15,sz.000606,6.8400,6.9100,6.7100,6.7900,6.8700,5428177,36773131.4400,3,1.379992,1,-1.164500,0
2010-03-16,sz.000606,6.9000,6.9000,6.7300,6.8500,6.7900,6901879,46941136.5700,3,1.754648,1,0.883700,0
2010-03-17,sz.000606,6.8700,7.0500,6.8500,7.0400,6.8500,8765798,61190862.9400,3,2.228507,1,2.773700,0
2010-03-18,sz.000606,7.0500,7.2600,7.0100,7.2500,7.0400,15148278,108337463.9000,3,3.851110,1,2.983000,0
2010-03-19,sz.000606,7.4700,7.8400,7.3800,7.4900,7.2500,47509306,358898923.3300,3,12.078174,1,3.310300,0
2010-03-22,sz.000606,7.6200,8.2400,7.5800,8.2400,7.4900,127129676,1032641628.7500,3,32.319866,1,10.013400,0
2010-03-23,sz.000606,7.9000,8.3400,7.8800,7.9800,8.2400,74925022,603469147.9600,3,19.048005,1,-3.155300,0
2010-03-24,sz.000606,7.9900,8.0700,7.7400,7.8100,7.9800,41382329,324682568.3100,3,10.520528,1,-2.130300,0
2010-03-25,sz.000606,7.7600,7.7600,7.4200,7.5100,7.8100,30992536,233890491.8800,3,7.879156,1,-3.841200,0
2010-03-26,sz.000606,7.4800,7.6900,7.4100,7.6300,7.5100,22642776,171463410.5900,3,5.756417,1,1.597900,0
2010-03-29,sz.000606,7.6000,7.6700,7.4200,7.4600,7.6300,18498800,139007764.3000,3,4.702905,1,-2.228000,0
2010-03-30,sz.000606,7.3500,7.5900,7.3500,7.5300,7.4600,14810568,110982895.6500,3,3.765254,1,0.938300,0
2010-03-31,sz.000606,7.5700,7.6400,7.4300,7.5900,7.5300,19802853,149442187.3600,3,5.034431,1,0.796800,0
2010-04-01,sz.000606,7.5900,7.8400,7.5600,7.7500,7.5900,26111044,201711675.2600,3,6.638147,1,2.108000,0
2010-04-02,sz.000606,7.7600,7.8200,7.5700,7.6400,7.7500,19585907,149894058.1400,3,4.979277,1,-1.419400,0
2010-04-06,sz.000606,7.6500,7.7900,7.6500,7.7500,7.6400,16961789,130975375.6800,3,4.312154,1,1.439800,0
2010-04-07,sz.000606,7.7500,7.8000,7.7000,7.8000,7.7500,16468638,127733636.8300,3,4.186781,1,0.645200,0
2010-04-08,sz.000606,7.8000,8.0200,7.7800,7.8200,7.8000,24248053,191926980.2900,3,6.164523,1,0.256400,0
2010-04-09,sz.000606,7.8300,7.8700,7.6800,7.7500,7.8200,17589832,136055439.7200,3,4.471820,1,-0.895100,0
2010-04-12,sz.000606,7.7600,7.8300,7.6000,7.6700,7.7500,18116367,139251185.3200,3,4.605680,1,-1.032300,0
2010-04-13,sz.000606,7.6600,7.7200,7.3100,7.4800,7.6700,15177244,114009273.2300,3,3.858474,1,-2.477200,0
2010-04-14,sz.000606,7.4500,7.7700,7.3500,7.7100,7.4800,15430126,117292524.5700,3,3.922763,1,3.074900,0
2010-04-15,sz.000606,7.8600,8.3000,7.8500,8.0800,7.7100,56523578,457734116.9900,3,14.369851,1,4.799000,0
2010-04-16,sz.000606,7.9300,7.9300,7.7000,7.7600,8.0800,20019984,156019561.6900,3,5.089631,1,-3.960400,0
2010-04-19,sz.000606,7.9000,8.1000,7.5200,7.5700,7.7600,26354071,206320798.3700,3,6.699931,1,-2.448500,0
2010-04-20,sz.000606,7.4000,7.7100,7.1700,7.6900,7.5700,18187731,135194439.1200,3,4.623822,1,1.585200,0
2010-04-21,sz.000606,7.6600,7.8600,7.5600,7.8000,7.6900,20829861,161488483.7300,3,5.295524,1,1.430400,0
2010-04-22,sz.000606,7.8000,8.1800,7.6800,8.0800,7.8000,36927924,294107857.6800,3,9.388096,1,3.589700,0
2010-04-23,sz.000606,7.9900,8.1500,7.8100,7.8200,8.0800,23834392,190049856.7600,3,6.059359,1,-3.217800,0
2010-04-26,sz.000606,7.9000,8.0500,7.7300,7.9900,7.8200,20122309,159052096.1500,3,5.115645,1,2.173900,0
2010-04-27,sz.000606,8.0000,8.0300,7.5000,7.7100,7.9900,16219682,125164039.4500,3,4.123490,1,-3.504400,0
2010-04-28,sz.000606,7.6000,7.9300,7.4500,7.8900,7.7100,13669535,105879047.4200,3,3.475172,1,2.334600,0
2010-04-29,sz.000606,7.8400,8.2700,7.8200,7.8900,7.8900,33388928,268672217.8800,3,8.488385,1,0.000000,0
2010-04-30,sz.000606,7.7300,7.7500,7.1000,7.1200,7.8900,25905081,189238697.2700,3,6.585785,1,-9.759200,0
2010-05-04,sz.000606,6.8700,7.1500,6.6600,7.0400,7.1200,11019868,77018546.0400,3,2.801554,1,-1.123600,0
2010-05-05,sz.000606,6.8800,7.2500,6.8300,7.2400,7.0400,8455462,60294454.2700,3,2.149611,1,2.840900,0
2010-05-06,sz.000606,7.2400,7.2800,6.8100,6.8200,7.2400,10327834,73159553.4600,3,2.625620,1,-5.801100,0
2010-05-07,sz.000606,6.6700,6.9700,6.6000,6.6700,6.8200,8742100,59289170.8300,3,2.222483,1,-2.199400,0
2010-05-10,sz.000606,6.6300,6.8300,6.2500,6.5100,6.6700,7590876,49789648.4200,3,1.929810,1,-2.398800,0
2010-05-11,sz.000606,6.7000,6.7500,6.3300,6.3700,6.5100,6598449,43010181.0600,3,1.677508,1,-2.150500,0
2010-05-12,sz.000606,6.3200,6.3800,6.0100,6.3400,6.3700,8424596,52268213.6600,3,2.141764,1,-0.471000,0
2010-05-13,sz.000606,6.3400,6.3400,6.3400,6.3400,6.3400,0,0.0000,3,,0,0.000000,0
2010-05-14,sz.000606,6.4800,6.6400,6.3900,6.5000,6.3400,9102488,59189263.9000,3,2.314103,1,2.523700,0
2010-05-17,sz.000606,6.4500,6.4500,6.0000,6.0100,6.5000,8407468,51921383.6800,3,2.137410,1,-7.538500,0
2010-05-18,sz.000606,6.0000,6.0900,5.7900,6.0500,6.0100,8244763,49205150.4600,3,2.096046,1,0.665600,0
2010-05-19,sz.000606,6.0300,6.1000,5.9500,5.9800,6.0500,5346459,32232426.1000,3,1.359217,1,-1.157000,0
2010-05-20,sz.000606,5.9700,6.1400,5.8800,6.1100,5.9800,8787049,52976079.8700,3,2.233910,1,2.173900,0
2010-05-21,sz.000606,5.9500,6.2500,5.8100,6.2200,6.1100,8848597,54033900.1200,3,2.249557,1,1.800300,0
2010-05-24,sz.000606,6.2100,6.5000,6.1900,6.4000,6.2200,11601617,74001365.9400,3,2.949451,1,2.893900,0
2010-05-25,sz.000606,6.3800,6.4000,6.2200,6.2800,6.4000,6981779,44036370.2700,3,1.774961,1,-1.875000,0
2010-05-26,sz.000606,6.2500,6.3600,6.1800,6.2600,6.2800,6218120,38918996.4600,3,1.580817,1,-0.318500,0
2010-05-27,sz.000606,6.2100,6.4000,6.1300,6.3500,6.2600,7587158,47612752.3300,3,1.928865,1,1.437700,0
2010-05-28,sz.000606,6.3800,6.6600,6.3200,6.4900,6.3500,15900401,103313901.9700,3,4.042320,1,2.204700,0
2010-05-31,sz.000606,6.5000,6.8500,6.4500,6.4600,6.4900,20655663,137442951.6300,3,5.251239,1,-0.462200,0
2010-06-01,sz.000606,6.3200,6.4400,6.0800,6.2300,6.4600,9397911,58693025.0600,3,2.389208,1,-3.560400,0
2010-06-02,sz.000606,6.2300,6.2300,6.0000,6.2200,6.2300,8467385,51795816.8700,3,2.152643,1,-0.160500,0
2010-06-03,sz.000606,6.2500,6.3000,6.0800,6.0800,6.2200,7450281,46330936.6700,3,1.894067,1,-2.250800,0
2010-06-04,sz.000606,6.0600,6.1500,5.9900,6.1100,6.0800,10319334,62417679.9000,3,2.623459,1,0.493400,0
2010-06-07,sz.000606,6.0000,6.0400,5.9000,5.9900,6.1100,6550871,39195410.1900,3,1.665412,1,-1.964000,0
2010-06-08,sz.000606,5.9900,6.0700,5.9400,6.0600,5.9900,5910899,35639463.3400,3,1.502713,1,1.168600,0
2010-06-09,sz.000606,6.0800,6.2300,6.0400,6.2300,6.0600,9440980,57933195.7300,3,2.400157,1,2.805282,0
2010-06-10,sz.000606,6.2000,6.2700,6.1300,6.1900,6.2300,6859777,42523006.7400,3,1.743944,1,-0.642100,0
2010-06-11,sz.000606,6.2300,6.2500,6.1400,6.1500,6.1900,5159320,31939788.0800,3,1.311641,1,-0.646200,0
2010-06-17,sz.000606,6.2800,6.3500,6.1100,6.1100,6.1500,5991609,37244075.1000,3,1.523232,1,-0.650400,0
2010-06-18,sz.000606,6.0600,6.0900,5.7900,5.8000,6.1100,8010883,47478717.1700,3,2.036587,1,-5.073600,0
2010-06-21,sz.000606,5.7800,5.9200,5.6800,5.9100,5.8000,5059236,29516982.9400,3,1.286197,1,1.896600,0
2010-06-22,sz.000606,5.9000,6.1000,5.8500,5.9900,5.9100,6561848,39301236.2800,3,1.668203,1,1.353600,0
2010-06-23,sz.000606,5.9000,6.0200,5.8300,5.9700,5.9900,5554310,32831815.0600,3,1.412059,1,-0.333900,0
2010-06-24,sz.000606,5.9400,6.0600,5.9000,6.0000,5.9700,5295020,31671451.0900,3,1.346140,1,0.502500,0
2010-06-25,sz.000606,5.9300,5.9700,5.8000,5.8400,6.0000,3889742,22840783.2800,3,0.988880,1,-2.666700,0
2010-06-28,sz.000606,5.8000,5.8800,5.6600,5.7000,5.8400,3631376,20874515.4900,3,0.923196,1,-2.397300,0
2010-06-29,sz.000606,5.7000,5.7600,5.1300,5.1400,5.7000,8320763,44209048.9900,3,2.115367,1,-9.824600,0
2010-06-30,sz.000606,5.0700,5.1400,4.8900,4.9300,5.1400,4628796,23032371.7800,3,1.176767,1,-4.085600,0
2010-07-01,sz.000606,4.9300,5.0000,4.7800,4.8000,4.9300,4049325,19831075.7200,3,1.029450,1,-2.636900,0
2010-07-02,sz.000606,4.8000,4.8600,4.5300,4.8000,4.8000,5210156,24736245.0500,3,1.324565,1,0.000000,0
2010-07-05,sz.000606,4.7200,4.8100,4.6100,4.7600,4.8000,3164868,15019697.4700,3,0.804597,1,-0.833300,0
2010-07-06,sz.000606,4.7900,5.0300,4.7500,5.0000,4.7600,7083720,34732544.7200,3,1.800877,1,5.042000,0
2010-07-07,sz.000606,5.0300,5.2300,4.9700,5.1700,5.0000,10113628,51991283.7800,3,2.571163,1,3.400000,0
2010-07-08,sz.000606,5.1400,5.1600,5.0100,5.0900,5.1700,6118861,31094606.5200,3,1.555583,1,-1.547400,0
2010-07-09,sz.000606,5.1300,5.2100,5.0400,5.1900,5.0900,6695023,34547934.7200,3,1.702059,1,1.964600,0
2010-07-12,sz.000606,5.1900,5.2900,5.1600,5.2300,5.1900,6496283,33969752.5200,3,1.651534,1,0.770700,0
2010-07-13,sz.000606,5.2000,5.2000,5.0300,5.0700,5.2300,4970108,25247641.2200,3,1.263538,1,-3.059300,0
2010-07-14,sz.000606,5.0700,5.2200,5.0700,5.1200,5.0700,4678924,24046409.9700,3,1.189511,1,0.986200,0
2010-07-15,sz.000606,5.1100,5.2900,5.0400,5.1600,5.1200,10705113,55690863.0300,3,2.721535,1,0.781200,0
2010-07-16,sz.000606,5.0800,5.1600,4.8000,5.1100,5.1600,7790145,39220860.2800,3,1.980469,1,-0.968987,0
2010-07-19,sz.000606,5.0300,5.2000,4.9700,5.1800,5.1100,7572815,38707757.7300,3,1.925218,1,1.369900,0
2010-07-20,sz.000606,5.1900,5.3900,5.1400,5.3500,5.1800,11118194,58865467.1600,3,2.826551,1,3.281900,0
2010-07-21,sz.000606,5.3200,5.4300,5.2900,5.3400,5.3500,10476392,56225568.9800,3,2.663387,1,-0.186900,0
2010-07-22,sz.000606,5.3300,5.5000,5.2900,5.4500,5.3400,8863433,48137191.1800,3,2.253329,1,2.059900,0
2010-07-23,sz.000606,5.4300,5.5600,5.3800,5.4800,5.4500,10393310,56814967.4000,3,2.642266,1,0.550500,0
2010-07-26,sz.000606,5.4700,5.6800,5.3900,5.5900,5.4800,13937427,76907784.4000,3,3.543278,1,2.007300,0
2010-07-27,sz.000606,5.5500,5.5900,5.4800,5.5000,5.5900,8474774,46844585.8300,3,2.154521,1,-1.610000,0
2010-07-28,sz.000606,5.4700,5.6600,5.4700,5.6300,5.5000,10875859,60811133.8500,3,2.764943,1,2.363600,0
2010-07-29,sz.000606,5.5900,5.7500,5.5700,5.6600,5.6300,11843263,66718005.5700,3,3.010884,1,0.532900,0
2010-07-30,sz.000606,5.6400,5.6500,5.5500,5.6000,5.6600,8308237,46544017.8100,3,2.112183,1,-1.060100,0
2010-08-02,sz.000606,5.5800,5.7400,5.5800,5.7100,5.6000,11503470,65364953.1600,3,2.924499,1,1.964300,0
2010-08-03,sz.000606,5.7300,5.7500,5.5800,5.5800,5.7100,11331673,64156636.8000,3,2.880823,1,-2.276700,0
2010-08-04,sz.000606,5.5300,5.6500,5.4900,5.6500,5.5800,9750225,54169706.9700,3,2.478776,1,1.254500,0
2010-08-05,sz.000606,5.6500,5.8400,5.6000,5.7500,5.6500,16851339,96930198.9400,3,4.284075,1,1.769900,0
2010-08-06,sz.000606,5.7500,5.9600,5.7000,5.9200,5.7500,19016525,111676315.5000,3,4.834525,1,2.956500,0
2010-08-09,sz.000606,6.0100,6.0900,5.9200,5.9900,5.9200,15589399,93559325.1200,3,3.963255,1,1.182400,0
2010-08-10,sz.000606,5.9400,6.1500,5.9200,5.9200,5.9900,19255697,116432172.0100,3,4.895329,1,-1.168600,0
2010-08-11,sz.000606,5.9000,6.0300,5.7500,6.0200,5.9200,12783741,75038040.9200,3,3.249979,1,1.689200,0
2010-08-12,sz.000606,5.9400,5.9700,5.7500,5.7900,6.0200,9770236,57269297.7200,3,2.483863,1,-3.820600,0
2010-08-13,sz.000606,5.7800,5.8800,5.7000,5.8700,5.7900,7990139,46325993.6200,3,2.031313,1,1.381700,0
2010-08-16,sz.000606,5.8500,6.0000,5.8300,5.9800,5.8700,12158165,72493635.8100,3,3.090940,1,1.873900,0
2010-08-17,sz.000606,6.0300,6.0600,5.9100,5.9700,5.9800,11007334,65690455.4600,3,2.798368,1,-0.167200,0
2010-08-18,sz.000606,5.9700,5.9900,5.8200,5.9100,5.9700,9151747,54078914.6000,3,2.326626,1,-1.005000,0
2010-08-19,sz.000606,5.8800,6.0600,5.8800,5.9800,5.9100,15450844,92597854.0800,3,3.928030,1,1.184400,0
2010-08-20,sz.000606,5.9300,5.9800,5.7800,5.8000,5.9800,11249036,65950063.1500,3,2.859815,1,-3.010000,0
2010-08-23,sz.000606,5.8000,5.8800,5.7500,5.8000,5.8000,7900925,45941543.6800,3,2.008633,1,0.000000,0
2010-08-24,sz.000606,5.8000,5.8000,5.8000,5.8000,5.8000,0,0.0000,3,,0,0.000000,0
2010-08-25,sz.000606,5.8600,6.3800,5.8600,6.1500,5.8000,39955681,245354855.8100,3,10.157835,1,6.034500,0
2010-08-26,sz.000606,6.0000,6.2700,5.9800,6.1300,6.1500,22302256,136832575.1400,3,5.669848,1,-0.325200,0
2010-08-27,sz.000606,6.1000,6.1300,5.9800,6.0500,6.1300,9974604,60181422.4300,3,2.535819,1,-1.305100,0
2010-08-30,sz.000606,6.0800,6.1600,6.0500,6.1300,6.0500,12097638,73998196.8700,3,3.075553,1,1.322300,0
2010-08-31,sz.000606,6.1100,6.3800,6.0300,6.3100,6.1300,22520059,139668774.2500,3,5.725219,1,2.936400,0
2010-09-01,sz.000606,6.2600,6.3300,5.9800,6.1000,6.3100,14435289,88931216.8100,3,3.669848,1,-3.328100,0
2010-09-02,sz.000606,6.1500,6.3200,6.0900,6.2600,6.1000,17407992,108558068.5000,3,4.425591,1,2.623000,0
2010-09-03,sz.000606,6.2600,6.5500,6.2100,6.4500,6.2600,31282712,200964707.3900,3,7.952927,1,3.035100,0
2010-09-06,sz.000606,6.4300,6.6100,6.3500,6.3700,6.4500,19456345,125560381.4700,3,4.946339,1,-1.240300,0
2010-09-07,sz.000606,6.4000,6.5700,6.3700,6.5200,6.3700,10745769,69350431.9400,3,2.731871,1,2.354800,0
2010-09-08,sz.000606,6.4900,6.5200,6.3600,6.4600,6.5200,11093770,71377698.7000,3,2.820342,1,-0.920245,0
2010-09-09,sz.000606,6.4700,6.5700,6.3000,6.3200,6.4600,16528491,106421772.5100,3,4.201998,1,-2.167200,0
2010-09-10,sz.000606,6.3400,6.5200,6.1100,6.4700,6.3200,18334453,116279119.8500,3,4.661123,1,2.373400,0
2010-09-13,sz.000606,6.5200,6.5400,6.4200,6.4700,6.4700,16104917,104302425.8700,3,4.094314,1,0.000000,0
2010-09-14,sz.000606,6.4800,6.5200,6.3400,6.4200,6.4700,12047455,77262394.9500,3,3.062795,1,-0.772800,0
2010-09-15,sz.000606,6.4000,6.5300,6.3500,6.4400,6.4200,16141510,104386236.2600,3,4.103617,1,0.311500,0
2010-09-16,sz.000606,6.4100,6.4900,6.0300,6.1200,6.4400,12715184,78818660.7900,3,3.232550,1,-4.968900,0
2010-09-17,sz.000606,6.1300,6.1700,6.0100,6.0300,6.1200,7716270,46887330.2300,3,1.961688,1,-1.470600,0
2010-09-20,sz.000606,6.0300,6.0900,5.8500,5.8700,6.0300,7781642,46265916.6200,3,1.978308,1,-2.653400,0
2010-09-21,sz.000606,5.8800,5.9700,5.8500,5.8700,5.8700,4146440,24451694.7400,3,1.054139,1,0.000000,0
2010-09-27,sz.000606,5.8800,6.0300,5.8800,6.0300,5.8700,4891944,29260332.2200,3,1.243667,1,2.725700,0
2010-09-28,sz.000606,6.0300,6.0300,6.0300,6.0300,6.0300,0,0.0000,3,,0,0.000000,0
2010-09-29,sz.000606,6.0000,6.0000,5.8500,5.8700,6.0300,5397249,31899229.7400,3,1.372129,1,-2.653400,0
2010-09-30,sz.000606,5.8300,6.0800,5.7600,6.0600,5.8700,6664391,39755691.2800,3,1.694272,1,3.236800,0
2010-10-08,sz.000606,6.1700,6.2600,6.0400,6.1900,6.0600,11905704,73300262.4000,3,3.026758,1,2.145200,0
2010-10-11,sz.000606,6.1900,6.3000,6.1200,6.2300,6.1900,12703731,79074385.0600,3,3.229638,1,0.646200,0
2010-10-12,sz.000606,6.2300,6.2600,6.1500,6.2400,6.2300,11689200,72443272.0600,3,2.971717,1,0.160500,0
2010-10-13,sz.000606,6.2200,6.2600,6.1000,6.2500,6.2400,12580767,77867382.9900,3,3.198378,1,0.160300,0
2010-10-14,sz.000606,6.2300,6.8800,6.2300,6.7700,6.2500,56511370,373845968.2800,3,14.366747,1,8.320000,0
2010-10-15,sz.000606,6.7800,6.9600,6.5500,6.8500,6.7700,38715644,262209671.4500,3,9.842583,1,1.181700,0
2010-10-18,sz.000606,6.8500,6.9500,6.6700,6.9500,6.8500,30140390,206185324.6600,3,7.662517,1,1.459900,0
2010-10-19,sz.000606,7.0000,7.1500,6.7600,6.9300,6.9500,21967812,151616036.6200,3,5.584823,1,-0.287800,0
2010-10-20,sz.000606,6.8000,6.9000,6.6400,6.6900,6.9300,21297477,143749007.0300,3,5.414405,1,-3.463200,0
2010-10-21,sz.000606,6.7200,6.9400,6.7100,6.8100,6.6900,19207657,131149827.3600,3,4.883116,1,1.793700,0
2010-10-22,sz.000606,6.8100,7.2600,6.7100,7.1100,6.8100,30571413,215094147.1700,3,7.772095,1,4.405300,0
2010-10-25,sz.000606,7.0900,7.2200,7.0000,7.1800,7.1100,22373825,158928308.5800,3,5.688043,1,0.984500,0
2010-10-26,sz.000606,7.1500,7.4400,7.0500,7.3600,7.1800,22279508,161674964.9600,3,5.664065,1,2.507000,0
2010-10-27,sz.000606,7.3600,7.5200,7.1800,7.2000,7.3600,18458602,134870681.6400,3,4.692685,1,-2.173900,0
2010-10-28,sz.000606,7.1300,7.3300,7.0900,7.2400,7.2000,13041799,94138845.5300,3,3.315585,1,0.555600,0
2010-10-29,sz.000606,7.2000,7.6400,7.2000,7.6200,7.2400,22389902,167552486.8900,3,5.692130,1,5.248600,0
2010-11-01,sz.000606,7.6200,7.8000,7.4900,7.7200,7.6200,20194951,154480359.8000,3,5.134113,1,1.312300,0
2010-11-02,sz.000606,7.7200,8.2600,7.6800,7.8600,7.7200,27998503,223964832.0000,3,7.117991,1,1.813500,0
2010-11-03,sz.000606,7.8000,8.5400,7.7000,8.3200,7.8600,33755717,278831420.4100,3,8.581633,1,5.852400,0
2010-11-04,sz.000606,8.3200,8.5500,8.1600,8.4400,8.3200,34461052,288660066.7500,3,8.760949,1,1.442300,0
2010-11-05,sz.000606,8.5200,9.2800,8.4200,8.9000,8.4400,44578264,394203309.2300,3,11.333023,1,5.450200,0
2010-11-08,sz.000606,8.9200,9.1700,8.6300,9.0000,8.9000,35188604,312662297.6900,3,8.945913,1,1.123600,0
2010-11-09,sz.000606,8.9800,9.2800,8.6900,9.1800,9.0000,31792552,284958897.1100,3,8.082543,1,2.000000,0
2010-11-10,sz.000606,9.1000,9.3600,8.9500,8.9700,9.1800,21317316,194375380.1000,3,5.419449,1,-2.287600,0
2010-11-11,sz.000606,8.9500,9.0700,8.6100,8.6600,8.9700,29711630,263345232.6900,3,7.553515,1,-3.456000,0
2010-11-12,sz.000606,8.6700,8.8700,8.0100,8.0900,8.6600,26803304,225843047.4100,3,6.814138,1,-6.582000,0
2010-11-15,sz.000606,8.1100,8.6000,8.0300,8.5900,8.0900,18887427,158142411.5300,3,4.801704,1,6.180500,0
2010-11-16,sz.000606,8.6000,8.8800,8.2100,8.4500,8.5900,18528595,158983964.1700,3,4.710479,1,-1.629800,0
2010-11-17,sz.000606,8.4100,8.4600,7.8000,7.8100,8.4500,15703182,127550874.7300,3,3.992181,1,-7.574000,0
2010-11-18,sz.000606,7.8300,8.1100,7.6500,7.9400,7.8100,11106319,87920903.3300,3,2.823532,1,1.664500,0
2010-11-19,sz.000606,7.9500,8.1600,7.8500,8.0800,7.9400,10449960,83820301.7600,3,2.656668,1,1.763200,0
2010-11-22,sz.000606,8.0800,8.3100,8.0100,8.2400,8.0800,10989397,90018346.6800,3,2.793807,1,1.980200,0
2010-11-23,sz.000606,8.2500,8.4900,8.1800,8.3200,8.2400,14922884,124289729.8800,3,3.793808,1,0.970900,0
2010-11-24,sz.000606,8.1800,8.7300,8.1200,8.6400,8.3200,17489185,147368015.5300,3,4.446233,1,3.846200,0
2010-11-25,sz.000606,8.6600,8.8600,8.6100,8.7100,8.6400,13615245,118695783.8700,3,3.461370,1,0.810200,0
2010-11-26,sz.000606,8.7000,9.3500,8.6100,9.2300,8.7100,30537089,277683051.0800,3,7.763369,1,5.970100,0
2010-11-29,sz.000606,9.2500,9.2500,9.0300,9.0500,9.2300,16307307,148717731.6900,3,4.145767,1,-1.950200,0
2010-11-30,sz.000606,9.0000,9.1000,8.2700,8.4800,9.0500,22596766,195099345.6500,3,5.744720,1,-6.298300,0
2010-12-01,sz.000606,8.4800,8.7000,8.3600,8.5700,8.4800,7724723,66074115.5600,3,1.963837,1,1.061300,0
2010-12-02,sz.000606,8.6600,8.7700,8.4700,8.4900,8.5700,6808840,58379529.0900,3,1.730995,1,-0.933500,0
2010-12-03,sz.000606,8.6000,8.7000,8.4000,8.5200,8.4900,6858817,58443162.9600,3,1.743700,1,0.353400,0
2010-12-06,sz.000606,8.5200,8.5400,8.1700,8.2600,8.5200,6436081,53451625.0300,3,1.636229,1,-3.051600,0
2010-12-07,sz.000606,8.2000,8.3800,8.1600,8.3500,8.2600,5271841,43658295.5800,3,1.340247,1,1.089600,0
2010-12-08,sz.000606,8.3500,8.3500,8.3500,8.3500,8.3500,0,0.0000,3,,0,0.000000,0
2010-12-09,sz.000606,8.4200,8.9500,8.3400,8.5400,8.3500,14379242,125631169.9300,3,3.655599,1,2.275400,0
2010-12-10,sz.000606,8.4000,8.4800,8.2100,8.4000,8.5400,6951564,58103785.7300,3,1.767279,1,-1.639300,0
2010-12-13,sz.000606,8.4700,8.7700,8.4700,8.7500,8.4000,10702834,92997958.4900,3,2.720955,1,4.166700,0
2010-12-14,sz.000606,8.7800,8.8200,8.6600,8.7700,8.7500,8787605,76795138.0800,3,2.234051,1,0.228600,0
2010-12-15,sz.000606,8.9500,8.9900,8.6400,8.6800,8.7700,9237568,81422915.1100,3,2.348444,1,-1.026200,0
2010-12-16,sz.000606,8.6200,8.7900,8.5600,8.6800,8.6800,7102474,61564691.1300,3,1.805645,1,0.000000,0
2010-12-17,sz.000606,8.6300,8.7400,8.5000,8.6600,8.6800,7050486,60592348.1200,3,1.792428,1,-0.230400,0
2010-12-20,sz.000606,8.6800,8.8500,8.4600,8.5800,8.6600,10906602,94045371.1900,3,2.772759,1,-0.923800,0
2010-12-21,sz.000606,8.6100,8.7000,8.4500,8.5900,8.5800,5249933,44847800.2700,3,1.334678,1,0.116600,0
2010-12-22,sz.000606,8.5900,8.5900,8.3000,8.3100,8.5900,8152722,68312311.8500,3,2.072647,1,-3.259600,0
2010-12-23,sz.000606,8.2900,8.3400,8.0100,8.0900,8.3100,8308201,67540387.5200,3,2.112174,1,-2.647400,0
2010-12-24,sz.000606,8.0500,8.1200,7.9500,8.0000,8.0900,5796488,46457330.1300,3,1.473627,1,-1.112500,0
2010-12-27,sz.000606,8.0300,8.4000,7.9100,8.0100,8.0000,7000554,57177219.6700,3,1.779734,1,0.125000,0
2010-12-28,sz.000606,8.0100,8.0600,7.5800,7.5900,8.0100,5435472,42403325.6800,3,1.381847,1,-5.243400,0
2010-12-29,sz.000606,7.5900,7.7800,7.5200,7.7400,7.5900,5154924,39339110.0700,3,1.310524,1,1.976300,0
2010-12-30,sz.000606,7.7500,7.9400,7.6700,7.8800,7.7400,4153821,32492164.1500,3,1.056016,1,1.808800,0
2010-12-31,sz.000606,7.9800,8.0400,7.8200,8.0100,7.8800,3159414,25220274.4300,3,0.803215,1,1.649700,0
2011-01-04,sz.000606,8.0500,8.1400,7.9300,8.1200,8.0100,3611898,29084269.6000,3,0.918250,1,1.373300,0
2011-01-05,sz.000606,8.1100,8.2000,8.0500,8.1300,8.1200,3280861,26643266.7500,3,0.834091,1,0.123200,0
2011-01-06,sz.000606,8.1600,8.2500,8.0600,8.0900,8.1300,2716326,22048107.5200,3,0.690569,1,-0.492000,0
2011-01-07,sz.000606,8.1000,8.1900,7.9000,7.9000,8.0900,3911050,31512922.9200,3,0.994303,1,-2.348600,0
2011-01-10,sz.000606,7.9100,7.9600,7.4800,7.5900,7.9000,4694568,36218481.5300,3,1.193496,1,-3.924100,0
2011-01-11,sz.000606,7.5800,7.6100,7.4500,7.5400,7.5900,3780081,28455205.4200,3,0.961007,1,-0.658800,0
2011-01-12,sz.000606,7.5200,7.7400,7.5200,7.5900,7.5400,3755387,28606904.6800,3,0.954729,1,0.663100,0
2011-01-13,sz.000606,7.6500,7.6800,7.4600,7.5500,7.5900,3108953,23462432.7400,3,0.790387,1,-0.527000,0
2011-01-14,sz.000606,7.5000,7.5900,7.4100,7.5100,7.5500,2757599,20664576.9600,3,0.701062,1,-0.529800,0
2011-01-17,sz.000606,7.5100,7.5300,7.1400,7.1900,7.5100,3801088,27620758.8300,3,0.966348,1,-4.261000,0
2011-01-18,sz.000606,7.2000,7.2600,7.1500,7.2000,7.1900,1633877,11750572.3000,3,0.415379,1,0.139100,0
2011-01-19,sz.000606,7.2400,7.3600,7.1500,7.3500,7.2000,2262990,16453528.0900,3,0.575318,1,2.083300,0
2011-01-20,sz.000606,7.3500,7.4500,7.1800,7.2000,7.3500,2914763,21239506.5100,3,0.741018,1,-2.040800,0
2011-01-21,sz.000606,7.2100,7.2700,7.0000,7.1000,7.2000,3142708,22395971.4300,3,0.798968,1,-1.388900,0
2011-01-24,sz.000606,7.1300,7.1600,6.8700,6.8900,7.1000,3443569,23972974.4200,3,0.875456,1,-2.957700,0
2011-01-25,sz.000606,6.9000,6.9400,6.6800,6.7000,6.8900,2660674,18111314.1800,3,0.676421,1,-2.757600,0
2011-01-26,sz.000606,6.7500,7.0000,6.7200,6.9900,6.7000,2898851,20051971.3300,3,0.736973,1,4.328400,0
2011-01-27,sz.000606,7.0000,7.2500,6.9200,7.1800,6.9900,3627037,25991510.9100,3,0.922099,1,2.718200,0
2011-01-28,sz.000606,7.1900,7.3100,7.1300,7.2100,7.1800,2515092,18229740.8400,3,0.639410,1,0.417800,0
2011-01-31,sz.000606,7.1900,7.4400,7.1500,7.3700,7.2100,3252751,23798976.0900,3,0.826944,1,2.219100,0
2011-02-01,sz.000606,7.4400,7.5800,7.2800,7.4700,7.3700,3052889,22768855.9000,3,0.776133,1,1.356900,0
2011-02-09,sz.000606,7.4700,7.5000,7.3600,7.4100,7.4700,2414767,17926019.5500,3,0.613904,1,-0.803200,0
2011-02-10,sz.000606,7.4000,7.6000,7.3700,7.5700,7.4100,2477053,18642507.3200,3,0.629739,1,2.159200,0
2011-02-11,sz.000606,7.5700,7.8400,7.5100,7.7300,7.5700,3565299,27574544.2100,3,0.906403,1,2.113600,0
2011-02-14,sz.000606,7.7500,7.9400,7.7500,7.8700,7.7300,4024467,31595828.3200,3,1.023137,1,1.811100,0
2011-02-15,sz.000606,7.8800,7.9200,7.7300,7.7300,7.8700,4947693,38659598.2300,3,1.257848,1,-1.778900,0
2011-02-16,sz.000606,7.7300,7.8300,7.5800,7.8200,7.7300,5273550,40710170.5900,3,1.340690,1,1.164300,0
2011-02-17,sz.000606,7.8100,7.8300,7.6000,7.6900,7.8200,4979848,38314462.8900,3,1.266023,1,-1.662400,0
2011-02-18,sz.000606,7.6300,7.7400,7.5300,7.5500,7.6900,4372884,33277176.3200,3,1.111715,1,-1.820500,0
2011-02-21,sz.000606,7.5000,8.3100,7.4500,8.3100,7.5500,14166648,114662862.6800,3,3.601575,1,10.066200,0
2011-02-22,sz.000606,8.6600,8.7300,8.3200,8.4700,8.3100,24144284,205732470.2400,3,6.138182,1,1.925400,0
2011-02-23,sz.000606,8.3500,8.6600,8.2300,8.6000,8.4700,14507299,123570235.6900,3,3.688179,1,1.534800,0
2011-02-24,sz.000606,8.5600,8.6600,8.4300,8.6300,8.6000,8658304,73936306.7300,3,2.201194,1,0.348800,0
2011-02-25,sz.000606,8.6300,8.6800,8.4200,8.4300,8.6300,6979788,59614066.6900,3,1.774466,1,-2.317500,0
2011-02-28,sz.000606,8.4200,8.5900,8.2600,8.5200,8.4300,6401401,54025597.9800,3,1.627423,1,1.067600,0
2011-03-01,sz.000606,8.5000,8.7500,8.3900,8.6000,8.5200,10390661,89588797.3800,3,2.641609,1,0.938966,0
2011-03-02,sz.000606,8.4900,8.9600,8.4500,8.9500,8.6000,15670827,137372515.3400,3,3.983982,1,4.069800,0
2011-03-03,sz.000606,8.8700,9.0900,8.6000,8.6400,8.9500,12162077,107522821.0400,3,3.091955,1,-3.463700,0
2011-03-04,sz.000606,8.5500,8.7600,8.5100,8.7600,8.6400,6219295,53763245.4400,3,1.581126,1,1.388900,0
2011-03-07,sz.000606,8.7700,8.8500,8.6600,8.6900,8.7600,8263333,72094674.1800,3,2.100780,1,-0.799100,0
2011-03-08,sz.000606,8.7300,8.7400,8.4500,8.5800,8.6900,9483983,81159912.3700,3,2.411105,1,-1.265800,0
2011-03-09,sz.000606,8.5700,8.6300,8.4000,8.4800,8.5800,7178962,60900405.9700,3,1.825102,1,-1.165500,0
2011-03-10,sz.000606,8.4500,8.6800,8.4500,8.4900,8.4800,5503340,47042471.9900,3,1.399110,1,0.117900,0
2011-03-11,sz.000606,8.4500,8.5500,8.3800,8.4400,8.4900,6441922,54404025.7800,3,1.637725,1,-0.588900,0
2011-03-14,sz.000606,8.4000,8.7200,8.4000,8.7200,8.4400,11811516,101877193.8900,3,3.002832,1,3.317500,0
2011-03-15,sz.000606,8.7700,8.7800,8.3900,8.5700,8.7200,9671943,82525834.2900,3,2.458890,1,-1.720200,0
2011-03-16,sz.000606,8.5500,8.7200,8.5100,8.7200,8.5700,9760660,84571449.2300,3,2.481445,1,1.750300,0
2011-03-17,sz.000606,8.6500,8.8900,8.5200,8.5800,8.7200,10552405,91452669.9600,3,2.682729,1,-1.605500,0
2011-03-18,sz.000606,8.6100,8.7500,8.5500,8.7200,8.5800,7741429,67118218.6800,3,1.968097,1,1.631700,0
2011-03-21,sz.000606,8.7800,8.8400,8.6600,8.7300,8.7200,8835223,77295952.1200,3,2.246172,1,0.114700,0
2011-03-22,sz.000606,8.7300,8.7600,8.5300,8.5500,8.7300,7884264,67969379.5700,3,2.004410,1,-2.061900,0
2011-03-23,sz.000606,8.5300,8.6000,8.4200,8.5600,8.5500,7014658,59669395.2000,3,1.783331,1,0.117000,0
2011-03-24,sz.000606,8.6200,9.4200,8.4600,9.4200,8.5600,34385023,313793092.4400,3,8.741676,1,10.046700,0
2011-03-25,sz.000606,9.4900,10.1400,9.2300,9.8500,9.4200,49683828,478015224.4900,3,12.631079,1,4.564800,0
2011-03-28,sz.000606,9.6900,10.2500,9.6000,9.9800,9.8500,33487707,334133594.4100,3,8.513552,1,1.319800,0
2011-03-29,sz.000606,9.9800,9.9800,9.9800,9.9800,9.9800,0,0.0000,3,,0,0.000000,0
2011-03-30,sz.000606,9.7000,9.9700,9.5000,9.6700,9.9800,19441156,189064835.9600,3,4.942509,1,-3.106200,0
2011-03-31,sz.000606,9.6500,9.7600,9.3000,9.3000,9.6700,14446516,136277700.4100,3,3.672726,1,-3.826300,0
2011-04-01,sz.000606,9.3000,9.5400,9.1100,9.5100,9.3000,9475145,88747026.8300,3,2.408858,1,2.258100,0
2011-04-06,sz.000606,9.5000,10.4600,9.4400,10.4600,9.5100,45027102,464255003.2500,3,11.447203,1,9.989500,0
2011-04-07,sz.000606,10.3500,10.6500,10.1500,10.1600,10.4600,32397241,336143296.1700,3,8.236324,1,-2.868100,0
2011-04-08,sz.000606,10.0300,10.8600,10.0300,10.5600,10.1600,25787195,270859290.6600,3,6.555858,1,3.937000,0
2011-04-11,sz.000606,10.4500,11.1900,10.3600,10.8000,10.5600,27049342,289625825.1500,3,6.876732,1,2.272700,0
2011-04-12,sz.000606,10.6900,11.1200,10.5500,10.6200,10.8000,21640308,233816639.7500,3,5.501598,1,-1.666700,0
2011-04-13,sz.000606,10.5700,10.9500,10.2000,10.8600,10.6200,15739758,165719107.2500,3,4.001506,1,2.259900,0
2011-04-14,sz.000606,10.6900,10.7500,10.3800,10.4300,10.8600,16389850,172326030.9900,3,4.166778,1,-3.959500,0
2011-04-15,sz.000606,10.4300,11.0000,10.2300,10.9400,10.4300,25701047,275114870.1100,3,6.533956,1,4.889700,0
2011-04-18,sz.000606,10.8000,10.9000,10.4500,10.6200,10.9400,31740872,337904841.9300,3,8.069456,1,-2.925000,0
2011-04-19,sz.000606,10.5000,10.5000,9.9700,10.0000,10.6200,25253462,256679597.8700,3,6.420167,1,-5.838000,0
2011-04-20,sz.000606,9.9900,10.2000,9.7200,9.8600,10.0000,16085493,160527145.2800,3,4.089402,1,-1.400000,0
2011-04-21,sz.000606,10.0100,10.2800,9.8000,10.1100,9.8600,12446783,125757913.3500,3,3.164335,1,2.535500,0
2011-04-22,sz.000606,10.1200,10.2500,9.9500,10.0000,10.1100,10534651,106227537.8500,3,2.678216,1,-1.088000,0
2011-04-25,sz.000606,9.9100,9.9500,9.3500,9.3900,10.0000,12038262,116165573.9500,3,3.060478,1,-6.100000,0
2011-04-26,sz.000606,9.3900,9.6300,9.3900,9.4700,9.3900,6312904,59928477.6300,3,1.604924,1,0.852000,0
2011-04-27,sz.000606,9.5200,9.6200,8.9600,9.2100,9.4700,8403731,78133031.4000,3,2.136474,1,-2.745500,0
2011-04-28,sz.000606,9.2100,9.4100,8.9100,8.9800,9.2100,7129434,64931798.8800,3,1.812510,1,-2.497300,0
2011-04-29,sz.000606,9.0900,9.2100,8.9000,9.1900,8.9800,5385870,49054697.3100,3,1.369245,1,2.338500,0
2011-05-03,sz.000606,9.2800,9.4800,9.2000,9.4700,9.1900,6368054,59614810.9000,3,1.618945,1,3.046800,0
2011-05-04,sz.000606,9.4800,9.5000,9.0500,9.1000,9.4700,8651272,79434852.4100,3,2.199406,1,-3.907100,0
2011-05-05,sz.000606,9.1300,9.2800,9.0100,9.1200,9.1000,6001111,54949591.7500,3,1.525658,1,0.219800,0
2011-05-06,sz.000606,9.0200,9.2200,8.7000,9.1000,9.1200,7242586,65319345.5900,3,1.841277,1,-0.219300,0
2011-05-09,sz.000606,9.1000,9.5500,9.1000,9.4500,9.1000,12953288,121327196.8600,3,3.293104,1,3.846200,0
2011-05-10,sz.000606,9.4500,9.6600,9.3800,9.5000,9.4500,10634294,101376634.6000,3,2.703548,1,0.529100,0
2011-05-11,sz.000606,9.5000,9.9500,9.4100,9.7600,9.5000,16131177,156961823.4300,3,4.101016,1,2.736800,0
2011-05-12,sz.000606,9.7000,10.2700,9.6100,9.9300,9.7600,22318614,223546835.9400,3,5.674043,1,1.741800,0
2011-05-13,sz.000606,9.8500,10.0800,9.7500,9.9500,9.9300,15681700,155399700.9100,3,3.986746,1,0.201400,0
2011-05-16,sz.000606,10.1500,10.9100,10.1300,10.2900,9.9500,26148596,272623330.9600,3,6.647736,1,3.417100,0
2011-05-17,sz.000606,10.0300,10.3000,9.7200,9.9900,10.2900,15583131,156507668.8500,3,3.961687,1,-2.915500,0
2011-05-18,sz.000606,9.9900,10.4900,9.9700,10.2200,9.9900,17063086,175427011.8000,3,4.337934,1,2.302300,0
2011-05-19,sz.000606,10.2300,10.3500,9.9100,10.1100,10.2200,15430972,155477716.6900,3,3.923003,1,-1.076300,0
2011-05-20,sz.000606,10.0100,10.3500,9.9600,10.2800,10.1100,12662518,129019256.9700,3,3.219182,1,1.681500,0
2011-05-23,sz.000606,10.2800,10.2800,10.2800,10.2800,10.2800,0,0.0000,3,,0,0.000000,0
2011-05-24,sz.000606,10.2800,10.2800,10.2800,10.2800,10.2800,0,0.0000,3,,0,0.000000,0
2011-05-25,sz.000606,10.2800,10.2800,10.2800,10.2800,10.2800,0,0.0000,3,,0,0.000000,0
2011-05-26,sz.000606,10.2800,10.2800,10.2800,10.2800,10.2800,0,0.0000,3,,0,0.000000,0
2011-05-27,sz.000606,10.2800,10.2800,10.2800,10.2800,10.2800,0,0.0000,3,,0,0.000000,0
2011-05-30,sz.000606,10.2800,10.2800,10.2800,10.2800,10.2800,0,0.0000,3,,0,0.000000,0
2011-05-31,sz.000606,9.2500,9.2500,9.2500,9.2500,10.2800,2861500,26468875.0000,3,0.727477,1,-10.019500,0
2011-06-01,sz.000606,8.5100,9.0000,8.5100,8.9000,9.2500,28130703,246960498.3000,3,7.151646,1,-3.783800,0
2011-06-02,sz.000606,8.6300,8.8300,8.2500,8.4000,8.9000,18937974,161019318.6200,3,4.814586,1,-5.618000,0
2011-06-03,sz.000606,8.4000,8.9800,8.4000,8.7000,8.4000,17176742,150243062.6500,3,4.366829,1,3.571400,0
2011-06-07,sz.000606,8.9000,9.5700,8.9000,9.4700,8.7000,36491146,344586612.9700,3,9.277114,1,8.850600,0
2011-06-08,sz.000606,9.2800,9.7200,9.1300,9.6100,9.4700,33343687,314589826.5100,3,8.476938,1,1.478400,0
2011-06-09,sz.000606,9.5000,9.5600,9.1000,9.1000,9.6100,18641775,174298521.0200,3,4.739283,1,-5.307000,0
2011-06-10,sz.000606,9.1000,9.2600,8.7400,9.0700,9.1000,14026905,125371939.7700,3,3.566049,1,-0.329700,0
2011-06-13,sz.000606,8.9200,9.2700,8.7600,9.2100,9.0700,12326808,111801268.8300,3,3.133834,1,1.543600,0
2011-06-14,sz.000606,9.1400,9.3100,9.1000,9.1800,9.2100,11823050,108995298.7200,3,3.005764,1,-0.325700,0
2011-06-15,sz.000606,9.1900,9.3700,8.9500,8.9800,9.1800,10680626,97790529.9900,3,2.715327,1,-2.178600,0
2011-06-16,sz.000606,8.8400,8.8800,8.5300,8.5700,8.9800,11600087,100995476.7500,3,2.949081,1,-4.565700,0
2011-06-17,sz.000606,8.4600,8.6300,8.1700,8.1800,8.5700,7770756,65481557.9000,3,1.975553,1,-4.550800,0
2011-06-20,sz.000606,8.1500,8.3200,8.0500,8.2300,8.1800,5991079,49077498.6000,3,1.523107,1,0.611200,0
2011-06-21,sz.000606,8.2700,8.3800,8.1300,8.3700,8.2300,5709168,47088855.0600,3,1.451437,1,1.701100,0
2011-06-22,sz.000606,8.3300,8.4500,8.2700,8.3400,8.3700,5267427,44030299.3900,3,1.339134,1,-0.358400,0
2011-06-23,sz.000606,8.3000,8.4600,8.1000,8.3900,8.3400,7169508,59562946.9700,3,1.822698,1,0.599500,0
2011-06-24,sz.000606,8.3700,8.8800,8.3700,8.6500,8.3900,12724030,109820566.4200,3,3.234820,1,3.098900,0
2011-06-27,sz.000606,8.6500,8.8500,8.6100,8.7000,8.6500,8977529,78462850.1700,3,2.282350,1,0.578000,0
2011-06-28,sz.000606,8.7900,8.9800,8.7000,8.8700,8.7000,11572281,102513043.9200,3,2.942012,1,1.954000,0
2011-06-29,sz.000606,8.8500,8.8600,8.6500,8.6500,8.8700,8243501,72153851.7900,3,2.095739,1,-2.480300,0
2011-06-30,sz.000606,8.7300,9.3900,8.7300,9.2300,8.6500,22897704,208172837.9100,3,5.821152,1,6.705200,0
2011-07-01,sz.000606,9.1800,9.7800,9.1000,9.4000,9.2300,32146384,304624687.0000,3,8.172391,1,1.841800,0
2011-07-04,sz.000606,9.4500,9.6700,9.3000,9.5600,9.4000,22501899,213504239.7200,3,5.720529,1,1.702100,0
2011-07-05,sz.000606,9.5600,9.6000,9.3500,9.5900,9.5600,17084579,161663422.9600,3,4.343315,1,0.313800,0
2011-07-06,sz.000606,9.5200,9.7600,9.4700,9.6200,9.5900,19030921,183307915.8500,3,4.838122,1,0.312800,0
2011-07-07,sz.000606,9.6100,9.7500,9.4100,9.4200,9.6200,15222160,145013714.5400,3,3.869843,1,-2.079000,0
2011-07-08,sz.000606,9.4100,9.4700,9.2300,9.3800,9.4200,10794051,100669548.5300,3,2.744110,1,-0.424628,0
2011-07-11,sz.000606,9.4000,9.4500,9.2100,9.4000,9.3800,8567008,80104835.0100,3,2.177941,1,0.213200,0
2011-07-12,sz.000606,9.3300,9.3300,9.0000,9.0400,9.4000,12548505,114609539.3500,3,3.190135,1,-3.829800,0
2011-07-13,sz.000606,9.0100,9.3800,9.0000,9.3400,9.0400,11175162,103609578.2900,3,2.840997,1,3.318600,0
2011-07-14,sz.000606,9.3800,9.5300,9.3300,9.4100,9.3400,11168809,105143246.6900,3,2.839382,1,0.749500,0
2011-07-15,sz.000606,9.4000,9.6500,9.3200,9.6500,9.4100,18171437,173453360.5300,3,4.619620,1,2.550500,0
2011-07-18,sz.000606,9.7000,10.2600,9.5200,9.5800,9.6500,30247715,298555953.3300,3,7.689703,1,-0.725400,0
2011-07-19,sz.000606,9.4500,9.7500,9.4100,9.5900,9.5800,13040735,125416724.9200,3,3.315271,1,0.104400,0
2011-07-20,sz.000606,9.6500,9.8900,9.3500,9.8500,9.5900,20217047,196283341.2000,3,5.139664,1,2.711200,0
2011-07-21,sz.000606,9.8600,9.8600,9.5800,9.5800,9.8500,11372193,110248638.3000,3,2.891088,1,-2.741100,0
2011-07-22,sz.000606,9.6000,9.7400,9.4900,9.5800,9.5800,7681052,73770687.2300,3,1.952710,1,0.000000,0
2011-07-25,sz.000606,9.4800,9.5600,8.8700,8.9200,9.5800,12474783,114342218.2100,3,3.171393,1,-6.889400,0
2011-07-26,sz.000606,8.9200,9.0400,8.8800,8.9600,8.9200,6132139,54830333.1900,3,1.558939,1,0.448400,0
2011-07-27,sz.000606,8.9000,9.2000,8.7500,9.0700,8.9600,7203607,64718303.3500,3,1.831332,1,1.227700,0
2011-07-28,sz.000606,9.0300,9.0300,8.8000,8.9200,9.0700,5944229,52961130.1200,3,1.511167,1,-1.653800,0
2011-07-29,sz.000606,8.9300,9.1100,8.9200,8.9600,8.9200,6101568,54873292.2800,3,1.551167,1,0.448400,0
2011-08-01,sz.000606,9.1600,9.3000,9.0000,9.0300,8.9600,11011642,100719173.0800,3,2.799427,1,0.781200,0
2011-08-02,sz.000606,8.8300,8.8500,8.4400,8.6400,9.0300,11115482,95269749.7800,3,2.825825,1,-4.318900,0
2011-08-03,sz.000606,8.5500,8.6000,8.4100,8.4900,8.6400,6964447,59212294.5700,3,1.770531,1,-1.736100,0
2011-08-04,sz.000606,8.5200,8.7100,8.5200,8.5700,8.4900,6252588,53766362.8500,3,1.589560,1,0.942300,0
2011-08-05,sz.000606,8.2500,8.4200,8.1100,8.2800,8.5700,6767347,56266688.7000,3,1.720424,1,-3.383900,0
2011-08-08,sz.000606,8.1100,8.1100,7.4700,7.5700,8.2800,10468065,81480197.9600,3,2.661236,1,-8.574900,0
2011-08-09,sz.000606,7.1800,7.5700,6.8900,7.4100,7.5700,9976287,71943875.1600,3,2.536214,1,-2.113600,0
2011-08-10,sz.000606,7.6300,7.8000,7.5300,7.5500,7.4100,8582780,65755891.4500,3,2.181951,1,1.889300,0
2011-08-11,sz.000606,7.3500,7.6800,7.2300,7.6700,7.5500,7337695,55192795.6100,3,1.865420,1,1.589400,0
2011-08-12,sz.000606,7.7700,7.9400,7.7100,7.7400,7.6700,7272284,56814765.6500,3,1.848791,1,0.912600,0
2011-08-15,sz.000606,7.7800,7.9100,7.7400,7.8600,7.7400,4907286,38478461.3200,3,1.247551,1,1.550400,0
2011-08-16,sz.000606,7.8800,8.0300,7.7900,7.8400,7.8600,6789139,53706743.5300,3,1.725964,1,-0.254500,0
2011-08-17,sz.000606,7.8400,7.8800,7.7200,7.7700,7.8400,4408627,34316452.2600,3,1.120780,1,-0.892900,0
2011-08-18,sz.000606,7.7200,7.8200,7.5000,7.5100,7.7700,5567910,42567292.7100,3,1.415498,1,-3.346200,0
2011-08-19,sz.000606,7.2500,7.4200,7.2100,7.3700,7.5100,5178639,37885356.1100,3,1.316536,1,-1.864200,0
2011-08-22,sz.000606,7.4100,7.5600,7.2900,7.3400,7.3700,4873738,36208749.7100,3,1.239023,1,-0.407100,0
2011-08-23,sz.000606,7.3400,7.3400,7.3400,7.3400,7.3400,0,0.0000,3,,0,0.000000,0
2011-08-24,sz.000606,7.6800,8.0200,7.6100,7.6500,7.3400,11960250,93208988.5600,3,3.040586,1,4.223400,0
2011-08-25,sz.000606,7.5000,7.8700,7.4500,7.8200,7.6500,9316893,71992310.6700,3,2.368580,1,2.222200,0
2011-08-26,sz.000606,7.7400,7.9600,7.7000,7.9200,7.8200,8850049,69649140.1500,3,2.249897,1,1.278771,0
2011-08-29,sz.000606,7.8800,7.9500,7.7600,7.8800,7.9200,5991819,47123467.4400,3,1.523266,1,-0.505100,0
2011-08-30,sz.000606,7.9500,8.0900,7.9000,7.9600,7.8800,8731981,69850888.7500,3,2.219882,1,1.015200,0
2011-08-31,sz.000606,7.9600,8.0200,7.7100,7.8800,7.9600,5541960,43419420.4800,3,1.408901,1,-1.005000,0
2011-09-01,sz.000606,7.8600,8.0700,7.8000,7.9800,7.8800,6570621,52250463.5500,3,1.670411,1,1.269000,0
2011-09-02,sz.000606,7.9000,7.9700,7.7300,7.8700,7.9800,3933204,30881593.5000,3,0.999916,1,-1.378400,0
2011-09-05,sz.000606,7.7500,7.7500,7.5700,7.6000,7.8700,3310896,25315634.1100,3,0.841710,1,-3.430700,0
2011-09-06,sz.000606,7.5800,7.5800,7.3600,7.3900,7.6000,3876278,28912577.4100,3,0.985444,1,-2.763200,0
2011-09-07,sz.000606,7.4200,7.5600,7.3900,7.5100,7.3900,5735182,42945462.8500,3,1.458022,1,1.623800,0
2011-09-08,sz.000606,7.5100,7.5100,7.5100,7.5100,7.5100,0,0.0000,3,,0,0.000000,0
2011-09-09,sz.000606,7.5100,7.5100,7.2200,7.2800,7.5100,6531292,47889027.0500,3,1.660413,1,-3.062600,0
2011-09-13,sz.000606,7.1900,7.1900,6.9800,7.0600,7.2800,4143798,29201080.7300,3,1.053454,1,-3.022000,0
2011-09-14,sz.000606,7.1400,7.1900,7.0000,7.1800,7.0600,3827837,27206762.8300,3,0.973129,1,1.699700,0
2011-09-15,sz.000606,7.2000,7.3200,7.1700,7.2300,7.1800,4142421,30074419.7300,3,1.053104,1,0.696400,0
2011-09-16,sz.000606,7.2500,7.3400,7.2400,7.2500,7.2300,2805765,20423966.7400,3,0.713294,1,0.276600,0
2011-09-19,sz.000606,7.2200,7.2500,7.0000,7.0100,7.2500,4245167,30036159.3300,3,1.079225,1,-3.310300,0
2011-09-20,sz.000606,7.0000,7.1700,7.0000,7.0800,7.0100,2994659,21187490.5300,3,0.761315,1,0.998600,0
2011-09-21,sz.000606,7.1400,7.3500,7.0800,7.3300,7.0800,5789675,41926869.2500,3,1.471876,1,3.531100,0
2011-09-22,sz.000606,7.3500,7.4200,7.1600,7.1800,7.3300,8431056,61521602.2000,3,2.143379,1,-2.046400,0
2011-09-23,sz.000606,7.0500,7.3000,6.9500,7.2600,7.1800,5382625,38337837.0100,3,1.368394,1,1.114200,0
2011-09-26,sz.000606,7.2500,7.2800,7.0100,7.0900,7.2600,3568594,25437490.0400,3,0.907223,1,-2.341600,0
2011-09-27,sz.000606,7.1800,7.1800,6.9700,7.0700,7.0900,3699308,26137516.8700,3,0.940454,1,-0.282100,0
2011-09-28,sz.000606,7.0900,7.1500,6.9000,6.9100,7.0700,3224026,22626397.9500,3,0.819626,1,-2.263100,0
2011-09-29,sz.000606,6.9200,6.9200,6.3800,6.4000,6.9100,6222624,41164828.1000,3,1.581942,1,-7.380600,0
2011-09-30,sz.000606,6.4200,6.5100,6.3600,6.4500,6.4000,2481749,15944151.5500,3,0.630921,1,0.781200,0
2011-10-10,sz.000606,6.4500,6.5700,6.4000,6.4400,6.4500,2013511,13033768.6800,3,0.511883,1,-0.155000,0
2011-10-11,sz.000606,6.6300,6.7000,6.4000,6.4900,6.4400,2814348,18380890.2100,3,0.715476,1,0.776400,0
2011-10-12,sz.000606,6.4900,6.7400,6.3500,6.7400,6.4900,5511655,36605019.4400,3,1.401196,1,3.852100,0
2011-10-13,sz.000606,6.7600,6.8800,6.7000,6.8200,6.7400,5333332,36243952.9300,3,1.355862,1,1.186900,0
2011-10-14,sz.000606,6.8200,6.8400,6.6500,6.7500,6.8200,2911534,19557723.1200,3,0.740183,1,-1.026400,0
2011-10-17,sz.000606,6.7600,6.8300,6.6600,6.7000,6.7500,2734969,18402285.0700,3,0.695296,1,-0.740700,0
2011-10-18,sz.000606,6.6400,6.6700,6.4000,6.4100,6.7000,3519312,22973179.4500,3,0.894695,1,-4.328400,0
2011-10-19,sz.000606,6.4200,6.5000,6.3500,6.4400,6.4100,2110266,13545163.7100,3,0.536481,1,0.468000,0
2011-10-20,sz.000606,6.4200,6.4200,6.1200,6.3300,6.4400,2996817,18776486.8800,3,0.761864,1,-1.708100,0
2011-10-21,sz.000606,6.3300,6.3300,6.0800,6.1000,6.3300,2507760,15532002.9100,3,0.637533,1,-3.633500,0
2011-10-24,sz.000606,6.1900,6.1900,5.8500,6.1600,6.1000,4063906,24583892.9000,3,1.033144,1,0.983600,0
2011-10-25,sz.000606,6.2100,6.3500,6.0400,6.3500,6.1600,4450646,27732808.4400,3,1.131462,1,3.084400,0
2011-10-26,sz.000606,6.3000,6.4400,6.2300,6.3400,6.3500,4793413,30537119.9300,3,1.218602,1,-0.157500,0
2011-10-27,sz.000606,6.3600,6.4500,6.2900,6.2900,6.3400,4055507,25807442.9400,3,1.031008,1,-0.788600,0
2011-10-28,sz.000606,6.4200,6.5300,6.3700,6.5200,6.2900,6672118,43101633.8100,3,1.696214,1,3.656600,0
2011-10-31,sz.000606,6.4800,6.5300,6.3900,6.4900,6.5200,4540213,29349046.1900,3,1.154232,1,-0.460100,0
2011-11-01,sz.000606,6.4200,6.5600,6.3800,6.5400,6.4900,5614852,36411944.3300,3,1.427432,1,0.770400,0
2011-11-02,sz.000606,6.3500,6.6300,6.3500,6.6200,6.5400,6524118,42455177.0400,3,1.658589,1,1.223200,0
2011-11-03,sz.000606,6.6400,6.8100,6.6100,6.6300,6.6200,10492687,70306705.4800,3,2.667496,1,0.151100,0
2011-11-04,sz.000606,6.6400,6.7200,6.5800,6.7100,6.6300,6120429,40771430.2500,3,1.555962,1,1.206600,0
2011-11-07,sz.000606,6.6900,6.7700,6.6400,6.7100,6.7100,5490122,36747705.4200,3,1.395722,1,0.000000,0
2011-11-08,sz.000606,6.7200,6.7400,6.4800,6.5200,6.7100,5830198,38616466.8900,3,1.482178,1,-2.831600,0
2011-11-09,sz.000606,6.6000,7.0800,6.5800,6.9800,6.5200,17579365,119934197.4400,3,4.469101,1,7.055200,0
2011-11-10,sz.000606,6.8000,6.9700,6.7800,6.8400,6.9800,10319489,70903892.8300,3,2.623465,1,-2.005700,0
2011-11-11,sz.000606,6.8500,7.3900,6.8500,7.2000,6.8400,20645758,149058152.6200,3,5.248653,1,5.263200,0
2011-11-14,sz.000606,7.3000,7.4900,7.1400,7.4900,7.2000,15734863,115441452.1700,3,4.000184,1,4.027800,0
2011-11-15,sz.000606,7.4400,7.6000,7.3500,7.4200,7.4900,12083929,90142200.0700,3,3.072028,1,-0.934600,0
2011-11-16,sz.000606,7.4000,7.4700,7.1100,7.2100,7.4200,10987938,79795139.7200,3,2.793401,1,-2.830200,0
2011-11-17,sz.000606,7.1800,7.2500,7.0000,7.1100,7.2100,10176651,72405709.0300,3,2.587152,1,-1.387000,0
2011-11-18,sz.000606,7.0000,7.0400,6.7600,6.8100,7.1100,7479878,51427559.2400,3,1.901567,1,-4.219400,0
2011-11-21,sz.000606,6.8300,6.9800,6.7300,6.9700,6.8100,5005004,34346648.1400,3,1.272394,1,2.349500,0
2011-11-22,sz.000606,6.8600,6.9500,6.7300,6.9400,6.9700,4244697,29126717.0000,3,1.079105,1,-0.430400,0
2011-11-23,sz.000606,6.9200,7.0000,6.7800,6.7900,6.9400,4315579,29701434.8200,3,1.097125,1,-2.161400,0
2011-11-24,sz.000606,6.7400,6.7700,6.5400,6.6400,6.7900,5575162,37042598.9200,3,1.417342,1,-2.209100,0
2011-11-25,sz.000606,6.6700,6.7300,6.5000,6.5100,6.6400,3936603,25992263.1400,3,1.000780,1,-1.957800,0
2011-11-28,sz.000606,6.5200,6.6100,6.4000,6.5500,6.5100,4298797,27881208.4400,3,1.092859,1,0.614400,0
2011-11-29,sz.000606,6.6200,7.1300,6.6200,7.1200,6.5500,11862195,81535124.2900,3,3.015658,1,8.702300,0
2011-11-30,sz.000606,7.0700,7.0700,6.6400,6.8900,7.1200,10553452,72599661.6700,3,2.682944,1,-3.230300,0
2011-12-01,sz.000606,7.1100,7.2900,6.9500,7.1900,6.8900,15707584,112158516.1000,3,3.993249,1,4.354100,0
2011-12-02,sz.000606,7.1000,7.1400,6.8500,7.0100,7.1900,7799848,54728499.1900,3,1.982911,1,-2.503500,0
2011-12-05,sz.000606,6.8800,6.9600,6.5500,6.5900,7.0100,5455839,36611211.0800,3,1.387007,1,-5.991400,0
2011-12-06,sz.000606,6.5000,6.7700,6.4700,6.7200,6.5900,4184971,27759019.8200,3,1.063921,1,1.972700,0
2011-12-07,sz.000606,6.7300,6.7600,6.5600,6.6400,6.7200,3437091,22894185.6200,3,0.873792,1,-1.190500,0
2011-12-08,sz.000606,6.6000,6.7200,6.4100,6.5000,6.6400,4160882,27368290.7800,3,1.057797,1,-2.108400,0
2011-12-09,sz.000606,6.5000,6.5600,6.4200,6.4800,6.5000,2669410,17295981.9900,3,0.678629,1,-0.307700,0
2011-12-12,sz.000606,6.5000,6.8300,6.5000,6.6500,6.4800,7258959,48664334.3800,3,1.845404,1,2.623500,0
2011-12-13,sz.000606,6.5500,6.6500,6.4600,6.5400,6.6500,4798700,31358046.6000,3,1.219946,1,-1.654100,0
2011-12-14,sz.000606,6.5100,6.5300,6.1300,6.1500,6.5400,5185254,32747839.5600,3,1.318217,1,-5.963300,0
2011-12-15,sz.000606,6.1100,6.1100,5.8900,5.9400,6.1500,4054255,24246080.2000,3,1.030690,1,-3.414600,0
2011-12-16,sz.000606,5.9700,6.2600,5.9500,6.2500,5.9400,3297665,20116788.5700,3,0.838346,1,5.218900,0
2011-12-19,sz.000606,6.2100,6.3000,6.1000,6.2900,6.2500,3321651,20532250.7600,3,0.844444,1,0.640000,0
2011-12-20,sz.000606,6.2900,6.3800,6.2100,6.2300,6.2900,3268432,20631822.2400,3,0.830915,1,-0.953900,0
2011-12-21,sz.000606,6.3000,6.3600,6.0600,6.0800,6.2300,2995657,18700862.1700,3,0.761569,1,-2.407700,0
2011-12-22,sz.000606,5.9600,6.1500,5.8000,6.0800,6.0800,3830114,22840839.1800,3,0.973708,1,0.000000,0
2011-12-23,sz.000606,6.0600,6.2200,5.9600,6.1200,6.0800,3339725,20489669.2000,3,0.849039,1,0.657900,0
2011-12-26,sz.000606,6.1500,6.1800,6.0000,6.0200,6.1200,2424567,14806581.8400,3,0.616384,1,-1.634000,0
2011-12-27,sz.000606,5.9600,6.0000,5.8000,5.8300,6.0200,2616057,15392523.7800,3,0.665065,1,-3.156100,0
2011-12-28,sz.000606,5.8100,5.8100,5.5800,5.7800,5.8300,3080953,17510428.7100,3,0.783253,1,-0.857600,0
2011-12-29,sz.000606,5.7200,5.8100,5.6700,5.7100,5.7800,2276733,13069491.3600,3,0.578801,1,-1.211100,0
2011-12-30,sz.000606,5.7800,5.8200,5.7300,5.8000,5.7100,1946770,11268661.5000,3,0.494916,1,1.576200,0
2012-01-04,sz.000606,5.8300,5.9200,5.6200,5.6300,5.8000,2083830,12092741.6200,3,0.529747,1,-2.931000,0
2012-01-05,sz.000606,5.5900,5.6800,5.2000,5.2500,5.6300,3969254,21605762.1400,3,1.009055,1,-6.749600,0
2012-01-06,sz.000606,5.2500,5.3200,4.9800,5.3000,5.2500,3743630,19215743.3300,3,0.951697,1,0.952400,0
2012-01-09,sz.000606,5.2900,5.5300,5.1800,5.5200,5.3000,4071133,22036312.1400,3,1.034954,1,4.150900,0
2012-01-10,sz.000606,5.6000,5.8900,5.5300,5.7900,5.5200,5753360,33060831.0800,3,1.462606,1,4.891300,0
2012-01-11,sz.000606,5.7800,5.8200,5.6400,5.8100,5.7900,4901153,28168001.7600,3,1.245960,1,0.345400,0
2012-01-12,sz.000606,5.8000,5.8800,5.7000,5.8700,5.8100,4968250,28945558.3000,3,1.263017,1,1.032700,0
2012-01-13,sz.000606,5.8300,5.8600,5.5300,5.5500,5.8700,4147646,23520389.1500,3,1.054405,1,-5.451400,0
2012-01-16,sz.000606,5.4400,5.5600,5.3100,5.3200,5.5500,2353239,12813652.8100,3,0.598235,1,-4.144100,0
2012-01-17,sz.000606,5.3100,5.6700,5.3100,5.6700,5.3200,3764719,20788656.9000,3,0.957058,1,6.578900,0
2012-01-18,sz.000606,5.8100,5.9400,5.6500,5.6600,5.6700,6815967,39554573.0000,3,1.732740,1,-0.176400,0
2012-01-19,sz.000606,5.5900,5.7500,5.5900,5.6800,5.6600,3871745,21979050.2000,3,0.984266,1,0.353400,0
2012-01-20,sz.000606,5.7300,5.7400,5.6500,5.7200,5.6800,2684396,15297376.5600,3,0.682421,1,0.704200,0
2012-01-30,sz.000606,5.7300,5.7600,5.6400,5.6700,5.7200,2597923,14780359.3900,3,0.660438,1,-0.874100,0
2012-01-31,sz.000606,5.6700,5.6700,5.6700,5.6700,5.6700,0,0.0000,3,,0,0.000000,0
2012-02-01,sz.000606,5.6700,5.6700,5.6700,5.6700,5.6700,0,0.0000,3,,0,0.000000,0
2012-02-02,sz.000606,5.6700,5.6700,5.6700,5.6700,5.6700,0,0.0000,3,,0,0.000000,0
2012-02-03,sz.000606,5.6700,5.6700,5.6700,5.6700,5.6700,0,0.0000,3,,0,0.000000,0
2012-02-06,sz.000606,5.6700,5.6700,5.6700,5.6700,5.6700,0,0.0000,3,,0,0.000000,0
2012-02-07,sz.000606,6.2400,6.2400,5.8000,5.8700,5.6700,16728695,99493751.1400,3,4.252731,1,3.527300,0
2012-02-08,sz.000606,5.7700,5.9500,5.6800,5.9200,5.8700,11340519,65929620.7500,3,2.882961,1,0.851800,0
2012-02-09,sz.000606,5.8800,5.9600,5.8000,5.9100,5.9200,11173154,65750735.4500,3,2.840414,1,-0.168900,0
2012-02-10,sz.000606,5.8500,5.9600,5.8500,5.9000,5.9100,7749796,45744675.1700,3,1.970136,1,-0.169200,0
2012-02-13,sz.000606,5.8500,5.9600,5.8100,5.9400,5.9000,7588643,44860126.7300,3,1.929168,1,0.678000,0
2012-02-14,sz.000606,5.9500,5.9500,5.8700,5.9100,5.9400,5358714,31653235.6700,3,1.362280,1,-0.505100,0
2012-02-15,sz.000606,5.8600,6.1400,5.8100,6.0500,5.9100,13428079,79850102.9500,3,3.413656,1,2.368900,0
2012-02-16,sz.000606,6.0400,6.0800,5.9100,5.9800,6.0500,9041255,54259842.6300,3,2.298447,1,-1.157000,0
2012-02-17,sz.000606,5.9800,6.0100,5.8500,5.9400,5.9800,5287462,31323122.2900,3,1.344167,1,-0.668900,0
2012-02-20,sz.000606,6.0000,6.0200,5.9200,5.9200,5.9400,5528611,32994509.4500,3,1.405471,1,-0.336700,0
2012-02-21,sz.000606,5.9200,5.9500,5.8000,5.9200,5.9200,5364678,31513804.4300,3,1.363796,1,0.000000,0
2012-02-22,sz.000606,5.9000,6.0200,5.8900,6.0200,5.9200,9534322,56920934.5700,3,2.423794,1,1.689200,0
2012-02-23,sz.000606,6.0300,6.0800,5.9500,6.0100,6.0200,8347307,50125756.8600,3,2.122033,1,-0.166100,0
2012-02-24,sz.000606,6.0100,6.1000,5.9000,6.0700,6.0100,12018198,72314874.2100,3,3.055239,1,0.998300,0
2012-02-27,sz.000606,6.0700,6.2200,6.0700,6.1300,6.0700,14417197,88863315.3200,3,3.665107,1,0.988500,0
2012-02-28,sz.000606,6.0900,6.4400,6.0600,6.3000,6.1300,20499028,128150174.9600,3,5.211216,1,2.773200,0
2012-02-29,sz.000606,6.2500,6.2900,6.0800,6.1100,6.3000,10030601,61877244.8400,3,2.549957,1,-3.015900,0
2012-03-01,sz.000606,6.0500,6.1600,6.0200,6.1400,6.1100,5365971,32781675.3700,3,1.364125,1,0.491000,0
2012-03-02,sz.000606,6.1200,6.2200,6.1100,6.2100,6.1400,8113380,50091059.6200,3,2.062565,1,1.140100,0
2012-03-05,sz.000606,6.2500,6.2500,6.1300,6.1400,6.2100,7177244,44306260.3000,3,1.824583,1,-1.127200,0
2012-03-06,sz.000606,6.1200,6.1300,5.9300,5.9800,6.1400,8036152,48320209.3700,3,2.042932,1,-2.605900,0
2012-03-07,sz.000606,5.9300,5.9800,5.8800,5.9600,5.9800,6260998,37146781.8100,3,1.591657,1,-0.334400,0
2012-03-08,sz.000606,5.9600,6.0400,5.9400,6.0000,5.9600,5920215,35497743.2600,3,1.505024,1,0.671100,0
2012-03-09,sz.000606,6.0000,6.1300,6.0000,6.1100,6.0000,7173149,43677849.2800,3,1.823542,1,1.833300,0
2012-03-12,sz.000606,6.1100,6.1800,6.0900,6.1700,6.1100,6869551,42174463.1000,3,1.746362,1,0.982000,0
2012-03-13,sz.000606,6.1700,6.2200,6.1200,6.2100,6.1700,9032864,55873493.1900,3,2.296314,1,0.648300,0
2012-03-14,sz.000606,6.2200,6.3500,5.8100,6.0200,6.2100,16325844,100869945.3800,3,4.150319,1,-3.059600,0
2012-03-15,sz.000606,5.9600,6.0500,5.7000,5.8000,6.0200,7748490,45085984.1600,3,1.969804,1,-3.654500,0
2012-03-16,sz.000606,5.8000,5.9500,5.7300,5.9200,5.8000,7273904,42531289.5500,3,1.849155,1,2.069000,0
2012-03-19,sz.000606,5.9100,6.0200,5.8500,6.0000,5.9200,6125559,36411438.7400,3,1.557226,1,1.351400,0
2012-03-20,sz.000606,5.9600,6.0000,5.7800,5.8100,6.0000,6925442,40510573.2800,3,1.760570,1,-3.166700,0
2012-03-21,sz.000606,5.8000,5.8700,5.7300,5.7900,5.8100,4904229,28393306.3600,3,1.246742,1,-0.344200,0
2012-03-22,sz.000606,5.7700,5.8800,5.7500,5.7900,5.7900,3837780,22332748.0300,3,0.975632,1,0.000000,0
2012-03-23,sz.000606,5.7900,5.8400,5.6300,5.6700,5.7900,3668781,21013805.8200,3,0.932669,1,-2.072500,0
2012-03-26,sz.000606,5.6000,5.6800,5.5100,5.5700,5.6700,3584405,20071610.4600,3,0.911219,1,-1.763700,0
2012-03-27,sz.000606,5.5700,5.6300,5.4500,5.4700,5.5700,4081023,22510334.7800,3,1.037468,1,-1.795300,0
2012-03-28,sz.000606,5.4700,5.4700,5.4700,5.4700,5.4700,0,0.0000,3,,0,0.000000,0
2012-03-29,sz.000606,5.0700,5.2600,5.0500,5.1200,5.4700,5092066,26176807.8800,3,1.294493,1,-6.398500,0
2012-03-30,sz.000606,5.1200,5.1700,4.9800,5.0700,5.1200,2788422,14143741.7600,3,0.708866,1,-0.976600,0
2012-04-05,sz.000606,5.0800,5.2000,5.0500,5.1900,5.0700,2908218,14998195.1100,3,0.739321,1,2.366900,0
2012-04-06,sz.000606,5.2000,5.2500,5.1400,5.2400,5.1900,3080108,16022344.8400,3,0.783018,1,0.963400,0
2012-04-09,sz.000606,5.2300,5.2300,5.1500,5.1500,5.2400,2521596,13060934.6400,3,0.641034,1,-1.717600,0
2012-04-10,sz.000606,5.3000,5.6500,5.2600,5.3600,5.1500,7071467,37928269.9100,3,1.797692,1,4.077700,0
2012-04-11,sz.000606,5.2000,5.4000,5.2000,5.3200,5.3600,3545953,18830639.2200,3,0.901444,1,-0.746300,0
2012-04-12,sz.000606,5.3600,5.4300,5.2900,5.4200,5.3200,4910773,26312021.6800,3,1.248406,1,1.879700,0
2012-04-13,sz.000606,5.4000,5.4600,5.3600,5.4200,5.4200,5310106,28727145.8500,3,1.349923,1,0.000000,0
2012-04-16,sz.000606,5.9600,5.9600,5.9600,5.9600,5.4200,9032579,53834170.8400,3,2.296242,1,9.963100,0
2012-04-17,sz.000606,6.5600,6.5600,6.5600,6.5600,5.9600,4900650,32148264.0000,3,1.245832,1,10.067100,0
2012-04-18,sz.000606,7.2200,7.2200,7.2200,7.2200,6.5600,9872807,71281666.5400,3,2.509843,1,10.061000,0
2012-04-19,sz.000606,7.9400,7.9400,7.9400,7.9400,7.2200,7420725,58920556.5000,3,1.886480,1,9.972300,0
2012-04-20,sz.000606,7.9400,7.9400,7.9400,7.9400,7.9400,0,0.0000,3,,0,0.000000,0
2012-04-23,sz.000606,8.7300,8.7300,8.7300,8.7300,7.9400,4594469,40109714.3700,3,1.167995,1,9.949600,0
2012-04-24,sz.000606,8.7300,8.7300,8.7300,8.7300,8.7300,0,0.0000,3,,0,0.000000,0
2012-04-25,sz.000606,8.7300,8.7300,8.7300,8.7300,8.7300,0,0.0000,3,,0,0.000000,0
2012-04-26,sz.000606,9.5600,9.5600,8.4300,8.9100,8.7300,146680438,1333227030.2900,3,37.288767,1,2.061900,0
2012-04-27,sz.000606,8.8800,9.0800,8.0200,8.0200,8.9100,87330303,726761026.9800,3,22.200911,1,-9.988800,0
2012-05-02,sz.000606,8.0200,8.0200,8.0200,8.0200,8.0200,0,0.0000,3,,0,0.000000,0
2012-05-03,sz.000606,7.5200,7.9500,7.2800,7.6300,8.0200,83070434,627999415.6000,3,21.117977,1,-4.862800,0
2012-05-04,sz.000606,7.7000,8.3900,7.6000,8.1800,7.6300,92372735,751834551.5100,3,23.482787,1,7.208400,0
2012-05-07,sz.000606,8.0000,8.1500,7.7300,7.7800,8.1800,46902553,370297733.9100,3,11.923460,1,-4.890000,0
2012-05-08,sz.000606,7.8000,8.0800,7.6600,7.8100,7.7800,38034789,300035746.4400,3,9.669118,1,0.385600,0
2012-05-09,sz.000606,7.8000,8.1200,7.6500,8.0300,7.8100,34803534,276100773.7400,3,8.847675,1,2.816900,0
2012-05-10,sz.000606,8.0000,8.0900,7.6600,7.7100,8.0300,30034878,234868390.5500,3,7.635398,1,-3.985100,0
2012-05-11,sz.000606,7.8200,7.9500,7.4900,7.5500,7.7100,28942401,223039421.3200,3,7.357671,1,-2.075200,0
2012-05-14,sz.000606,7.5100,7.8500,7.4000,7.5200,7.5500,30853743,235467303.7200,3,7.843568,1,-0.397400,0
2012-05-15,sz.000606,7.4800,7.4900,7.0500,7.2100,7.5200,29073769,211458885.1100,3,7.391067,1,-4.122300,0
2012-05-16,sz.000606,7.2000,7.3000,7.1200,7.1500,7.2100,16611855,119773997.6200,3,4.223028,1,-0.832200,0
2012-05-17,sz.000606,7.0700,7.3900,7.0500,7.2000,7.1500,23714326,172275412.4100,3,6.028602,1,0.699300,0
2012-05-18,sz.000606,7.1700,7.4300,7.1300,7.2300,7.2000,20486436,148884844.6000,3,5.208015,1,0.416700,0
2012-05-21,sz.000606,7.2900,7.5700,7.2800,7.4000,7.2300,22114807,164161877.0700,3,5.621976,1,2.351300,0
2012-05-22,sz.000606,7.4600,7.5000,7.2900,7.4800,7.4000,15801520,116723262.3400,3,4.017026,1,1.081100,0
2012-05-23,sz.000606,7.5000,7.7000,7.4300,7.6300,7.4800,24961375,188782917.2800,3,6.345624,1,2.005300,0
2012-05-24,sz.000606,7.6800,7.6800,7.3000,7.3200,7.6300,19798698,147378021.1700,3,5.033180,1,-4.062900,0
2012-05-25,sz.000606,7.4100,7.4300,7.1200,7.1800,7.3200,13338259,96432887.9900,3,3.390822,1,-1.912600,0
2012-05-28,sz.000606,7.2800,7.4500,7.0600,7.3500,7.1800,18643761,135919204.8000,3,4.739575,1,2.367700,0
2012-05-29,sz.000606,7.3000,7.4600,7.2400,7.4400,7.3500,22588641,166016215.9800,3,5.742433,1,1.224500,0
2012-05-30,sz.000606,7.3800,7.5200,7.3300,7.3500,7.4400,15607269,115699449.0200,3,3.967644,1,-1.209700,0
2012-05-31,sz.000606,7.2800,7.2800,7.1600,7.2400,7.3500,13494487,97563107.7100,3,3.430538,1,-1.496600,0
2012-06-01,sz.000606,7.2400,7.4000,7.1800,7.2000,7.2400,12838746,93542424.5600,3,3.263837,1,-0.552500,0
2012-06-04,sz.000606,7.0600,7.0800,6.7000,6.7000,7.2000,20077492,137065025.5600,3,5.104054,1,-6.944400,0
2012-06-05,sz.000606,6.7400,6.7900,6.6500,6.7300,6.7000,9197033,61825504.6700,3,2.338049,1,0.447800,0
2012-06-06,sz.000606,6.7700,6.8900,6.6300,6.7100,6.7300,9456647,63999530.4300,3,2.404047,1,-0.297200,0
2012-06-07,sz.000606,6.7900,6.8500,6.6000,6.6300,6.7100,9701756,65314905.6800,3,2.466358,1,-1.192300,0
2012-06-08,sz.000606,6.6500,6.6900,6.4600,6.4600,6.6300,11456302,75222365.0600,3,2.912395,1,-2.564100,0
2012-06-11,sz.000606,6.5200,6.6100,6.4200,6.5600,6.4600,8107838,52855456.1000,3,2.061156,1,1.548000,0
2012-06-12,sz.000606,6.5300,6.7800,6.5100,6.6400,6.5600,12054069,80172946.8100,3,3.064358,1,1.219500,0
2012-06-13,sz.000606,6.6500,6.7100,6.5700,6.6900,6.6400,8668589,57692729.8600,3,2.203709,1,0.753000,0
2012-06-14,sz.000606,6.7100,6.7700,6.5700,6.5900,6.6900,9967296,66656404.1800,3,2.533863,1,-1.494800,0
2012-06-15,sz.000606,6.6100,6.7200,6.5100,6.7000,6.5900,8524470,56519227.6600,3,2.167071,1,1.669200,0
2012-06-18,sz.000606,6.8000,6.9700,6.7400,6.7700,6.7000,14331166,97895875.0100,3,3.643236,1,1.044800,0
2012-06-19,sz.000606,6.7000,7.3500,6.6800,7.1000,6.7700,31441190,222593641.7700,3,7.992908,1,4.874400,0
2012-06-20,sz.000606,7.0800,7.2700,6.9100,7.0600,7.1000,22365708,158574395.6100,3,5.685759,1,-0.563400,0
2012-06-21,sz.000606,7.2400,7.5800,7.1200,7.1200,7.0600,29435537,215730480.0900,3,7.483035,1,0.849900,0
2012-06-25,sz.000606,6.9600,6.9700,6.5500,6.5600,7.1200,16108313,108200957.4400,3,4.095019,1,-7.865200,0
2012-06-26,sz.000606,6.5000,6.8500,6.4300,6.6700,6.5600,14448290,97050897.1200,3,3.673011,1,1.676800,0
2012-06-27,sz.000606,6.6200,6.8700,6.5600,6.6600,6.6700,12144671,81900891.1700,3,3.087391,1,-0.149900,0
2012-06-28,sz.000606,6.6200,6.7000,6.2600,6.2800,6.6600,12147732,78579766.7200,3,3.088169,1,-5.705700,0
2012-06-29,sz.000606,6.2100,6.2600,6.0300,6.2000,6.2800,9556381,58778906.1400,3,2.429401,1,-1.273900,0
2012-07-02,sz.000606,6.2300,6.4100,6.1800,6.2500,6.2000,8650884,54288095.6100,3,2.199208,1,0.806500,0
2012-07-03,sz.000606,6.2000,6.3200,6.1000,6.2000,6.2500,7759994,48268030.8300,3,1.972728,1,-0.800000,0
2012-07-04,sz.000606,6.2000,6.2500,6.0500,6.0800,6.2000,6936343,42412392.4300,3,1.763341,1,-1.935500,0
2012-07-05,sz.000606,6.0800,6.0800,6.0800,6.0800,6.0800,0,0.0000,3,,0,0.000000,0
2012-07-06,sz.000606,5.9800,6.1000,5.8000,6.0800,6.0800,10132455,60145341.5500,3,2.575850,1,0.000000,0
2012-07-09,sz.000606,6.0400,6.0400,5.7300,5.7800,6.0800,7352292,43511303.8100,3,1.869083,1,-4.934200,0
2012-07-10,sz.000606,5.7200,5.7400,5.5700,5.6000,5.7800,5646268,31872348.5400,3,1.435381,1,-3.114200,0
2012-07-11,sz.000606,5.5900,5.7700,5.5700,5.7200,5.6000,5200549,29591864.0500,3,1.322072,1,2.142900,0
2012-07-12,sz.000606,5.6800,5.8500,5.6000,5.8200,5.7200,7222709,41658598.6000,3,1.836141,1,1.748300,0
2012-07-13,sz.000606,5.7800,5.9400,5.7400,5.8700,5.8200,5745956,33561316.6900,3,1.460724,1,0.859100,0
2012-07-16,sz.000606,5.8000,5.8000,5.4900,5.5000,5.8700,8172233,45818806.9300,3,2.077526,1,-6.303200,0
2012-07-17,sz.000606,5.4400,5.5700,5.4300,5.5500,5.5000,4041637,22226684.2500,3,1.027456,1,0.909100,0
2012-07-18,sz.000606,5.5400,5.7800,5.5000,5.7300,5.5500,7804324,44309282.2100,3,1.983998,1,3.243200,0
2012-07-19,sz.000606,5.7000,6.0200,5.6600,5.8000,5.7300,10223977,60056810.2000,3,2.599116,1,1.221600,0
2012-07-20,sz.000606,5.7400,5.8300,5.7000,5.7400,5.8000,5431129,31283706.7600,3,1.380689,1,-1.034500,0
2012-07-23,sz.000606,5.7200,5.7200,5.5700,5.6100,5.7400,3781304,21264769.7500,3,0.961275,1,-2.264800,0
2012-07-24,sz.000606,5.6000,5.8400,5.5600,5.7900,5.6100,6576436,37906472.8800,3,1.671847,1,3.208600,0
2012-07-25,sz.000606,5.7400,5.8100,5.7000,5.7400,5.7900,4816149,27656730.2000,3,1.224350,1,-0.863600,0
2012-07-26,sz.000606,5.7400,5.8000,5.6200,5.7400,5.7400,5258259,30052787.2900,3,1.336743,1,0.000000,0
2012-07-27,sz.000606,5.7400,5.8500,5.7000,5.8100,5.7400,7476727,43312702.9300,3,1.900717,1,1.219500,0
2012-07-30,sz.000606,5.8300,5.8400,5.5800,5.6600,5.8100,6713855,38229268.3600,3,1.706781,1,-2.581800,0
2012-07-31,sz.000606,5.6400,5.6400,5.1300,5.1700,5.6600,9571524,50690450.3300,3,2.433251,1,-8.657200,0
2012-08-01,sz.000606,5.1800,5.3200,5.1400,5.2700,5.1700,4440859,23307698.0600,3,1.128945,1,1.934200,0
2012-08-02,sz.000606,5.2400,5.3000,5.1800,5.2100,5.2700,3595831,18798782.0100,3,0.914124,1,-1.138500,0
2012-08-03,sz.000606,5.3200,5.3200,5.1900,5.3100,5.2100,4890329,25749988.5400,3,1.243208,1,1.919400,0
2012-08-06,sz.000606,5.3800,5.8400,5.3000,5.8400,5.3100,10636347,59696146.8300,3,2.703948,1,9.981200,0
2012-08-07,sz.000606,5.8400,6.0500,5.7800,5.8600,5.8400,15005499,88743778.3800,3,3.814664,1,0.342500,0
2012-08-08,sz.000606,5.8700,5.9500,5.7500,5.8700,5.8600,7595168,44427257.3700,3,1.930826,1,0.170600,0
2012-08-09,sz.000606,5.8800,6.0300,5.7900,5.9800,5.8700,9662097,57400873.6600,3,2.456276,1,1.873900,0
2012-08-10,sz.000606,5.9600,6.2700,5.9400,6.1400,5.9800,13697677,83454166.3000,3,3.482192,1,2.675600,0
2012-08-13,sz.000606,6.0700,6.1300,5.8000,5.8100,6.1400,8653078,51507193.8200,3,2.199766,1,-5.374600,0
2012-08-14,sz.000606,5.8000,5.9400,5.6500,5.9100,5.8100,5938812,34523637.2400,3,1.509751,1,1.721200,0
2012-08-15,sz.000606,5.8600,5.9700,5.8000,5.8800,5.9100,4177629,24595907.0300,3,1.062027,1,-0.507600,0
2012-08-16,sz.000606,5.8000,5.9900,5.8000,5.9000,5.8800,4353466,25687988.9300,3,1.106728,1,0.340100,0
2012-08-17,sz.000606,5.8800,5.8800,5.7700,5.8400,5.9000,3712662,21626515.1000,3,0.943824,1,-1.016900,0
2012-08-20,sz.000606,5.7900,5.8600,5.7000,5.7700,5.8400,3327846,19136519.8900,3,0.845997,1,-1.198600,0
2012-08-21,sz.000606,5.7700,6.0300,5.7700,5.9500,5.7700,7053857,41943957.1100,3,1.793215,1,3.119600,0
2012-08-22,sz.000606,5.9500,6.1200,5.9000,5.9500,5.9500,6743593,40611625.6900,3,1.714341,1,0.000000,0
2012-08-23,sz.000606,5.9800,6.0200,5.9000,5.9400,5.9500,4597064,27417788.3900,3,1.168655,1,-0.168100,0
2012-08-24,sz.000606,5.9200,6.0100,5.7800,5.8200,5.9400,4934970,29071513.1400,3,1.254557,1,-2.020200,0
2012-08-27,sz.000606,5.8000,5.8000,5.4800,5.5400,5.8200,5166307,28970926.2900,3,1.313367,1,-4.811000,0
2012-08-28,sz.000606,5.5300,5.8800,5.5100,5.7000,5.5400,5495498,31398304.7200,3,1.397053,1,2.888100,0
2012-08-29,sz.000606,5.6800,5.7200,5.5500,5.5700,5.7000,3546154,20010957.0900,3,0.901495,1,-2.280700,0
2012-08-30,sz.000606,5.5000,5.5600,5.3200,5.4400,5.5700,4883122,26725745.2800,3,1.241376,1,-2.333934,0
2012-08-31,sz.000606,5.4300,5.5500,5.4300,5.5300,5.4400,2610394,14314625.8000,3,0.663608,1,1.654400,0
2012-09-03,sz.000606,5.5200,5.7000,5.4800,5.6300,5.5300,3193918,17909926.6700,3,0.811951,1,1.808300,0
2012-09-04,sz.000606,5.6100,5.6700,5.5500,5.5900,5.6300,3074676,17277781.0000,3,0.781637,1,-0.710500,0
2012-09-05,sz.000606,5.5900,5.6500,5.5300,5.6000,5.5900,2022291,11316407.8100,3,0.514102,1,0.178900,0
2012-09-06,sz.000606,5.5900,5.6600,5.5700,5.6600,5.6000,2042664,11466876.9600,3,0.519281,1,1.071400,0
2012-09-07,sz.000606,5.7000,5.9500,5.6700,5.8200,5.6600,7257217,42405408.0800,3,1.844913,1,2.826900,0
2012-09-10,sz.000606,5.8600,6.0200,5.8000,5.9500,5.8200,6786982,40191772.8900,3,1.725371,1,2.233700,0
2012-09-11,sz.000606,5.9600,6.0300,5.8900,6.0100,5.9500,7416742,44195657.3600,3,1.885467,1,1.008400,0
2012-09-12,sz.000606,6.0000,6.0400,5.9000,5.9600,6.0100,5963724,35462935.9400,3,1.516084,1,-0.831900,0
2012-09-13,sz.000606,5.9700,6.0300,5.9100,5.9200,5.9600,5729514,34207513.2900,3,1.456544,1,-0.671100,0
2012-09-14,sz.000606,5.9200,6.0000,5.8700,5.9300,5.9200,5835072,34552851.3100,3,1.483379,1,0.168900,0
2012-09-17,sz.000606,5.9300,5.9400,5.6700,5.6700,5.9300,6241260,35968756.7500,3,1.586639,1,-4.384500,0
2012-09-18,sz.000606,5.6500,5.7200,5.5900,5.6700,5.6700,2946244,16694583.4900,3,0.748987,1,0.000000,0
2012-09-19,sz.000606,5.7000,5.7400,5.6300,5.6900,5.6700,2924291,16615724.0000,3,0.743407,1,0.352700,0
2012-09-20,sz.000606,5.6700,5.6900,5.4500,5.4500,5.6900,3372768,18753354.9800,3,0.857417,1,-4.217900,0
2012-09-21,sz.000606,5.4400,5.5500,5.3500,5.4700,5.4500,2346817,12838178.3500,3,0.596602,1,0.367000,0
2012-09-24,sz.000606,5.4400,5.7300,5.3100,5.5200,5.4700,7050927,38993712.8800,3,1.792471,1,0.914100,0
2012-09-25,sz.000606,5.5400,5.5400,5.3500,5.3800,5.5200,3323344,18046678.8400,3,0.844853,1,-2.536200,0
2012-09-26,sz.000606,5.3500,5.4200,5.1800,5.2000,5.3800,2796936,14822221.2300,3,0.711031,1,-3.345700,0
2012-09-27,sz.000606,5.2000,5.3700,5.1800,5.3000,5.2000,2884000,15270538.0000,3,0.733164,1,1.923100,0
2012-09-28,sz.000606,5.3000,5.4200,5.2800,5.4200,5.3000,2151036,11556144.1400,3,0.546831,1,2.264200,0
2012-10-08,sz.000606,5.4300,5.4900,5.3000,5.4100,5.4200,2948981,15970895.6200,3,0.749683,1,-0.184500,0
2012-10-09,sz.000606,5.5300,5.7900,5.5000,5.6500,5.4100,6511219,36805710.0800,3,1.655267,1,4.436200,0
2012-10-10,sz.000606,5.5600,5.6800,5.5200,5.6500,5.6500,5464304,30607009.1100,3,1.389123,1,0.000000,0
2012-10-11,sz.000606,5.6400,5.8100,5.5800,5.6300,5.6500,5884590,33537267.4200,3,1.495967,1,-0.354000,0
2012-10-12,sz.000606,5.6000,5.7000,5.5200,5.5800,5.6300,3321563,18587597.8600,3,0.844400,1,-0.888100,0
2012-10-15,sz.000606,5.5800,5.6700,5.5200,5.6200,5.5800,3607841,20210233.7700,3,0.917177,1,0.716800,0
2012-10-16,sz.000606,5.6500,5.9800,5.5600,5.7800,5.6200,13247475,76813796.3500,3,3.367743,1,2.847000,0
2012-10-17,sz.000606,5.7800,5.8000,5.6400,5.7000,5.7800,6139179,34932776.4700,3,1.560688,1,-1.384100,0
2012-10-18,sz.000606,5.7500,5.8300,5.6600,5.7500,5.7000,6971333,40073402.1500,3,1.772236,1,0.877200,0
2012-10-19,sz.000606,5.7200,5.7700,5.6800,5.6900,5.7500,4451605,25475951.6000,3,1.131677,1,-1.043477,0
2012-10-22,sz.000606,5.6700,5.7200,5.5800,5.6900,5.6900,4482044,25338678.6600,3,1.139415,1,0.000000,0
2012-10-23,sz.000606,5.7000,5.7500,5.6300,5.6600,5.6900,3635399,20700361.6600,3,0.924183,1,-0.527200,0
2012-10-24,sz.000606,5.6600,5.8400,5.6500,5.7200,5.6600,7005336,40240674.5300,3,1.780881,1,1.060100,0
2012-10-25,sz.000606,5.7400,5.8000,5.6700,5.7100,5.7200,6582807,37821259.6000,3,1.673466,1,-0.174800,0
2012-10-26,sz.000606,5.7100,5.7500,5.4600,5.6200,5.7100,5662930,31706218.3200,3,1.439617,1,-1.576200,0
2012-10-29,sz.000606,5.5800,5.6200,5.4900,5.5800,5.6200,2662205,14750020.2900,3,0.676780,1,-0.711700,0
2012-10-30,sz.000606,5.5900,5.7400,5.5900,5.6700,5.5800,5333164,30366307.6200,3,1.355785,1,1.612900,0
2012-10-31,sz.000606,5.7000,5.7100,5.5600,5.6300,5.6700,2988870,16779109.5100,3,0.759824,1,-0.705500,0
2012-11-01,sz.000606,5.6500,5.7900,5.6300,5.7100,5.6300,4821647,27559940.3900,3,1.225748,1,1.421000,0
2012-11-02,sz.000606,5.7300,5.8200,5.6900,5.7900,5.7100,6777819,39082879.7900,3,1.723042,1,1.401100,0
2012-11-05,sz.000606,5.8100,6.1500,5.7400,5.9700,5.7900,20422053,121354280.6200,3,5.191648,1,3.108800,0
2012-11-06,sz.000606,5.9000,6.0000,5.7700,5.8700,5.9700,9409743,55160431.3900,3,2.392123,1,-1.675000,0
2012-11-07,sz.000606,5.8500,5.8700,5.7400,5.7700,5.8700,4326197,25054426.4500,3,1.099796,1,-1.703600,0
2012-11-08,sz.000606,5.7000,5.7100,5.5000,5.5200,5.7700,5936741,33301157.6700,3,1.509225,1,-4.332800,0
2012-11-09,sz.000606,5.5200,5.5800,5.4100,5.4500,5.5200,2992220,16469209.3100,3,0.760675,1,-1.268100,0
2012-11-12,sz.000606,5.4500,5.5500,5.4500,5.4900,5.4500,2540051,13957033.0200,3,0.645726,1,0.733900,0
2012-11-13,sz.000606,5.4900,5.5400,5.4200,5.4500,5.4900,3131742,17147774.2200,3,0.796144,1,-0.728600,0
2012-11-14,sz.000606,5.4000,5.5400,5.4000,5.4900,5.4500,3067411,16815683.5100,3,0.779790,1,0.733900,0
2012-11-15,sz.000606,5.5000,5.5000,5.3300,5.3900,5.4900,3605871,19524593.2900,3,0.916676,1,-1.821500,0
2012-11-16,sz.000606,5.3600,5.4000,5.2300,5.2800,5.3900,2813957,14889429.3500,3,0.715358,1,-2.040800,0
2012-11-19,sz.000606,5.2800,5.3500,5.2000,5.2700,5.2800,2764128,14560119.4700,3,0.702690,1,-0.189400,0
2012-11-20,sz.000606,5.3500,5.5000,5.3500,5.3500,5.2700,3931636,21274166.1100,3,0.999492,1,1.518000,0
2012-11-21,sz.000606,5.3800,5.4200,5.2700,5.3900,5.3500,2278650,12208782.9000,3,0.579273,1,0.747700,0
2012-11-22,sz.000606,5.4500,5.4600,5.3700,5.3900,5.3900,2740243,14847700.9500,3,0.696618,1,0.000000,0
2012-11-23,sz.000606,5.3500,5.4000,5.3300,5.3700,5.3900,1926317,10346685.6300,3,0.489704,1,-0.371100,0
2012-11-26,sz.000606,5.3500,5.4100,5.2900,5.3600,5.3700,1950290,10438221.5600,3,0.495798,1,-0.186200,0
2012-11-27,sz.000606,5.3800,5.3800,4.8300,4.9800,5.3600,6236046,31530156.9200,3,1.585313,1,-7.089600,0
2012-11-28,sz.000606,4.9600,4.9700,4.6600,4.6900,4.9800,5256558,25071522.7300,3,1.336310,1,-5.823300,0
2012-11-29,sz.000606,4.7100,4.7700,4.5100,4.5100,4.6900,3350515,15501210.7600,3,0.851760,1,-3.838000,0
2012-11-30,sz.000606,4.5300,4.5600,4.4200,4.5500,4.5100,3110265,13962370.9700,3,0.790684,1,0.886900,0
2012-12-03,sz.000606,4.5400,4.6500,4.4700,4.5600,4.5500,3363451,15312059.8700,3,0.855049,1,0.219800,0
2012-12-04,sz.000606,4.5500,4.6800,4.4300,4.6500,4.5600,5056256,23276146.9600,3,1.285390,1,1.973700,0
2012-12-05,sz.000606,4.6400,5.0000,4.6100,4.8600,4.6500,11242489,54325270.8000,3,2.858040,1,4.516100,0
2012-12-06,sz.000606,4.8700,5.1200,4.8100,5.0100,4.8600,10535127,52454278.5000,3,2.678216,1,3.086400,0
2012-12-07,sz.000606,5.0000,5.1600,4.9600,4.9800,5.0100,11555833,58266779.2500,3,2.937698,1,-0.598800,0
2012-12-10,sz.000606,5.0000,5.0800,4.9600,5.0100,4.9800,9550061,47854068.4600,3,2.427795,1,0.602400,0
2012-12-11,sz.000606,4.9800,5.0200,4.8600,4.8800,5.0100,9132404,45192602.2800,3,2.321619,1,-2.594800,0
2012-12-12,sz.000606,4.8600,4.8900,4.7700,4.8400,4.8800,8021887,38726160.7600,3,2.039306,1,-0.819700,0
2012-12-13,sz.000606,4.8100,4.8900,4.7300,4.8200,4.8400,4519119,21810990.4800,3,1.148840,1,-0.413200,0
2012-12-14,sz.000606,4.8100,5.0000,4.8000,4.9800,4.8200,9802867,48380625.4000,3,2.492063,1,3.319500,0
2012-12-17,sz.000606,4.9900,5.1200,4.9100,5.0400,4.9800,10583635,53059471.3000,3,2.690548,1,1.204800,0
2012-12-18,sz.000606,5.0200,5.2300,4.9600,5.0800,5.0400,12644420,64827050.5900,3,3.214436,1,0.793700,0
2012-12-19,sz.000606,5.0500,5.1300,5.0000,5.0500,5.0800,7127215,35999413.0800,3,1.811864,1,-0.590600,0
2012-12-20,sz.000606,5.0100,5.0400,4.9000,4.9600,5.0500,7023599,34956691.1100,3,1.785523,1,-1.782200,0
2012-12-21,sz.000606,4.9900,5.0100,4.9200,4.9400,4.9600,5457590,27055768.1100,3,1.387416,1,-0.403200,0
2012-12-24,sz.000606,4.9300,5.0000,4.9000,4.9600,4.9400,4326556,21453658.8900,3,1.099887,1,0.404900,0
2012-12-25,sz.000606,4.9500,5.0700,4.9300,5.0500,4.9600,7531593,37913602.1400,3,1.914664,1,1.814500,0
2012-12-26,sz.000606,5.0800,5.1200,5.0400,5.0800,5.0500,6714085,34044329.3100,3,1.706839,1,0.594100,0
2012-12-27,sz.000606,5.1000,5.3000,5.0600,5.1100,5.0800,14016564,72504696.0800,3,3.563259,1,0.590600,0
2012-12-28,sz.000606,5.1100,5.1500,5.0600,5.1200,5.1100,8123359,41497171.3200,3,2.065102,1,0.195700,0
2012-12-31,sz.000606,5.1300,5.2200,5.1200,5.1600,5.1200,7520081,38912823.0100,3,1.911738,1,0.781200,0
2013-01-04,sz.000606,5.2900,5.2900,5.1200,5.1300,5.1600,7432192,38493504.5000,3,1.889395,1,-0.581400,0
2013-01-07,sz.000606,5.2100,5.2700,5.1200,5.2100,5.1300,10928607,56810770.9400,3,2.778246,1,1.559500,0
2013-01-08,sz.000606,5.2500,5.4600,5.2200,5.3300,5.2100,14572623,77853658.2300,3,3.704619,1,2.303300,0
2013-01-09,sz.000606,5.2900,5.3300,5.1900,5.2400,5.3300,9301957,48910865.9100,3,2.364722,1,-1.688600,0
2013-01-10,sz.000606,5.2300,5.2900,5.2100,5.2700,5.2400,7981693,41954226.2400,3,2.029088,1,0.572500,0
2013-01-11,sz.000606,5.2500,5.3800,5.1200,5.1400,5.2700,10259605,54032715.4300,3,2.608173,1,-2.466800,0
2013-01-14,sz.000606,5.1000,5.3200,5.1000,5.2800,5.1400,10294271,53920807.3500,3,2.616986,1,2.723700,0
2013-01-15,sz.000606,5.2800,5.4500,5.2600,5.3600,5.2800,15404842,82518204.6500,3,3.916184,1,1.515200,0
2013-01-16,sz.000606,5.3700,5.5200,5.3400,5.4800,5.3600,14012967,76218035.6200,3,3.562345,1,2.238800,0
2013-01-17,sz.000606,5.5000,5.5100,5.3300,5.3500,5.4800,7417979,39956520.4500,3,1.885782,1,-2.372300,0
2013-01-18,sz.000606,5.3500,5.4400,5.3000,5.4200,5.3500,7992600,42925439.3000,3,2.031861,1,1.308400,0
2013-01-21,sz.000606,5.4100,5.5900,5.3900,5.5100,5.4200,10663414,58364042.7000,3,2.710829,1,1.660500,0
2013-01-22,sz.000606,5.5400,5.5700,5.3600,5.3700,5.5100,7724262,42113977.7100,3,1.963644,1,-2.540800,0
2013-01-23,sz.000606,5.3700,5.4200,5.2600,5.3700,5.3700,5618924,29996659.4100,3,1.428430,1,0.000000,0
2013-01-24,sz.000606,5.3600,5.4500,5.1900,5.2300,5.3700,7873554,41930735.3300,3,2.001597,1,-2.607100,0
2013-01-25,sz.000606,5.2100,5.2600,5.1600,5.1600,5.2300,5158926,26786811.0400,3,1.311490,1,-1.338400,0
2013-01-28,sz.000606,5.1500,5.3900,5.1500,5.3700,5.1600,9630730,51279114.3200,3,2.448302,1,4.069800,0
2013-01-29,sz.000606,5.4700,5.4700,5.2800,5.3700,5.3700,9412354,50442165.0500,3,2.392787,1,0.000000,0
2013-01-30,sz.000606,5.3500,5.4700,5.3000,5.4300,5.3700,11444149,61804874.7300,3,2.909306,1,1.117300,0
2013-01-31,sz.000606,5.4800,5.5000,5.3900,5.4000,5.4300,8378835,45576285.8600,3,2.130048,1,-0.552500,0
2013-02-01,sz.000606,5.3900,5.5200,5.3000,5.4600,5.4000,12778224,69480082.0700,3,3.248451,1,1.111100,0
2013-02-04,sz.000606,5.4600,5.6000,5.3000,5.4300,5.4600,11790261,64043906.0500,3,2.997293,1,-0.549500,0
2013-02-05,sz.000606,5.3900,5.4800,5.3600,5.4500,5.4300,8818907,47927613.7800,3,2.241922,1,0.368300,0
2013-02-06,sz.000606,5.4500,5.5200,5.4100,5.4400,5.4500,12082268,65929069.0000,3,3.071527,1,-0.183500,0
2013-02-07,sz.000606,5.4400,5.4400,5.3400,5.3700,5.4400,6481592,34943752.0600,3,1.647736,1,-1.286800,0
2013-02-08,sz.000606,5.4100,5.4100,5.3100,5.3900,5.3700,6524790,35093705.1700,3,1.658717,1,0.372400,0
2013-02-18,sz.000606,5.4200,5.4700,5.3900,5.4500,5.3900,6343121,34482903.4500,3,1.612534,1,1.113200,0
2013-02-19,sz.000606,5.4400,5.5700,5.4300,5.5300,5.4500,14935473,82174908.8800,3,3.796862,1,1.467900,0
2013-02-20,sz.000606,5.5100,5.6800,5.4300,5.6400,5.5300,15668333,87304319.9500,3,3.983168,1,1.989200,0
2013-02-21,sz.000606,5.5900,5.6500,5.4400,5.4600,5.6400,12389317,68673764.9600,3,3.149584,1,-3.191500,0
2013-02-22,sz.000606,5.4600,5.6000,5.4600,5.5300,5.4600,9880085,54832502.6300,3,2.511693,1,1.282100,0
2013-02-25,sz.000606,5.5500,5.7400,5.5400,5.6500,5.5300,14449861,81933101.7200,3,3.673411,1,2.170000,0
2013-02-26,sz.000606,5.6300,5.8800,5.5900,5.7200,5.6500,17145896,98408177.1900,3,4.358791,1,1.238900,0
2013-02-27,sz.000606,5.6900,5.7500,5.5600,5.5900,5.7200,9450706,53192549.7500,3,2.402537,1,-2.272700,0
2013-02-28,sz.000606,5.5800,5.7900,5.5100,5.7000,5.5900,10841352,61362575.9400,3,2.756064,1,1.967800,0
2013-03-01,sz.000606,5.7200,5.7500,5.6000,5.7000,5.7000,8743738,49650738.0000,3,2.222813,1,0.000000,0
2013-03-04,sz.000606,5.6800,5.6800,5.3800,5.5000,5.7000,10549964,58662887.4000,3,2.681988,1,-3.508800,0
2013-03-05,sz.000606,5.5600,5.6200,5.4400,5.6000,5.5000,8295687,46234328.1200,3,2.108911,1,1.818200,0
2013-03-06,sz.000606,5.6200,5.7500,5.5500,5.7000,5.6000,11513208,65405243.9600,3,2.926862,1,1.785700,0
2013-03-07,sz.000606,5.7000,5.8000,5.6000,5.6400,5.7000,9142944,52060142.9500,3,2.324298,1,-1.052600,0
2013-03-08,sz.000606,5.6200,5.6800,5.5000,5.5300,5.6400,8459079,47044283.8600,3,2.150448,1,-1.950400,0
2013-03-11,sz.000606,5.5300,5.5700,5.4800,5.5100,5.5300,4572020,25233050.8000,3,1.162289,1,-0.361700,0
2013-03-12,sz.000606,5.5300,5.5500,5.2300,5.3200,5.5100,9433914,50818938.0500,3,2.398268,1,-3.448300,0
2013-03-13,sz.000606,5.3200,5.3200,5.1500,5.2400,5.3200,5361385,28011674.9400,3,1.362959,1,-1.503800,0
2013-03-14,sz.000606,5.2400,5.2800,5.2000,5.2100,5.2400,3412835,17881221.2400,3,0.867603,1,-0.572500,0
2013-03-15,sz.000606,5.2100,5.2900,5.1700,5.2400,5.2100,4291694,22487458.0700,3,1.091025,1,0.575800,0
2013-03-18,sz.000606,5.2600,5.2700,5.0900,5.1000,5.2400,3961020,20475472.0000,3,1.006961,1,-2.671800,0
2013-03-19,sz.000606,5.1000,5.1500,5.0300,5.1300,5.1000,3945802,20072348.0000,3,1.003093,1,0.588200,0
2013-03-20,sz.000606,5.1100,5.2600,5.1100,5.2400,5.1300,5419319,28201180.0000,3,1.377687,1,2.144200,0
2013-03-21,sz.000606,5.2200,5.3000,5.2200,5.2600,5.2400,4077524,21479644.0000,3,1.036579,1,0.381700,0
2013-03-22,sz.000606,5.2600,5.2700,5.1900,5.2500,5.2600,4510065,23580012.0000,3,1.146538,1,-0.190100,0
2013-03-25,sz.000606,5.2500,5.4100,5.1900,5.3400,5.2500,7371980,39071320.0000,3,1.874088,1,1.714300,0
2013-03-26,sz.000606,5.2800,5.3000,5.1700,5.2300,5.3400,6089061,31795908.0000,3,1.547947,1,-2.059900,0
2013-03-27,sz.000606,5.2300,5.3000,5.2100,5.2600,5.2300,3833310,20150220.0000,3,0.974495,1,0.573600,0
2013-03-28,sz.000606,5.2200,5.4300,5.1400,5.2600,5.2600,8494819,44916116.0000,3,2.159534,1,0.000000,0
2013-03-29,sz.000606,5.2600,5.3800,5.2300,5.3700,5.2600,8154556,43476016.0000,3,2.073033,1,2.091200,0
2013-04-01,sz.000606,5.3800,5.5400,5.3200,5.3600,5.3700,6526332,35276276.0000,3,1.659109,1,-0.186200,0
2013-04-02,sz.000606,5.3600,5.3800,5.2200,5.2600,5.3600,5765440,30536654.0000,3,1.465677,1,-1.865700,0
2013-04-03,sz.000606,5.2600,5.5200,5.2200,5.4500,5.2600,14314778,77570176.0000,3,3.639070,1,3.612200,0
2013-04-08,sz.000606,5.4500,5.6100,5.4000,5.5800,5.4500,17716396,98005216.0000,3,4.503822,1,2.385300,0
2013-04-09,sz.000606,5.5400,5.5500,5.4500,5.5000,5.5800,8743287,47954940.0000,3,2.222699,1,-1.433700,0
2013-04-10,sz.000606,5.4700,5.5200,5.3700,5.4700,5.5000,6726600,36598112.0000,3,1.710021,1,-0.545500,0
2013-04-11,sz.000606,5.4700,5.5200,5.4100,5.4900,5.4700,5315688,29012082.0000,3,1.351342,1,0.365600,0
2013-04-12,sz.000606,5.4800,5.4800,5.3300,5.3700,5.4900,6036577,32545316.0000,3,1.534605,1,-2.185791,0
2013-04-15,sz.000606,5.3700,5.4000,5.1200,5.1200,5.3700,6628116,34689720.0000,3,1.684985,1,-4.655500,0
2013-04-16,sz.000606,5.0800,5.1100,4.9700,5.0900,5.1200,6834186,34370340.0000,3,1.737371,1,-0.585932,0
2013-04-17,sz.000606,5.0900,5.1200,5.0200,5.1200,5.0900,3594102,18248078.0000,3,0.913684,1,0.589400,0
2013-04-18,sz.000606,5.1000,5.1300,5.0400,5.0600,5.1200,3153467,16047097.0000,3,0.801667,1,-1.171900,0
2013-04-19,sz.000606,5.0600,5.1600,5.0600,5.1500,5.0600,4292131,22003852.0000,3,1.091136,1,1.778659,0
2013-04-22,sz.000606,5.1200,5.2000,5.1100,5.1500,5.1500,4753797,24525016.0000,3,1.208499,1,0.000000,0
2013-04-23,sz.000606,5.1500,5.1500,4.9200,4.9300,5.1500,6523023,32710340.0000,3,1.658268,1,-4.271800,0
2013-04-24,sz.000606,4.9700,4.9900,4.8500,4.9900,4.9300,4672226,23029120.0000,3,1.187763,1,1.217000,0
2013-04-25,sz.000606,4.9900,4.9900,4.7200,4.7200,4.9900,7201641,35089476.0000,3,1.830785,1,-5.410800,0
2013-04-26,sz.000606,4.7600,4.8200,4.7100,4.7800,4.7200,6392170,30463028.0000,3,1.625003,1,1.271195,0
2013-05-02,sz.000606,4.7800,5.2600,4.7600,5.2600,4.7800,19716721,99954240.0000,3,5.012340,1,10.041800,0
2013-05-03,sz.000606,5.2500,5.5900,5.2000,5.5000,5.2600,28196957,152957632.0000,3,7.168166,1,4.562733,0
2013-05-06,sz.000606,5.4800,6.0000,5.4200,5.8800,5.5000,31968764,183027472.0000,3,8.127026,1,6.909100,0
2013-05-07,sz.000606,5.8800,6.0900,5.8000,5.9800,5.8800,26918560,160759744.0000,3,6.843175,1,1.700700,0
2013-05-08,sz.000606,6.0200,6.4700,6.0000,6.3700,5.9800,31182278,195531856.0000,3,7.927088,1,6.521700,0
2013-05-09,sz.000606,6.4000,6.4500,6.1800,6.3500,6.3700,24163974,153011232.0000,3,6.142911,1,-0.314000,0
2013-05-10,sz.000606,6.3400,6.4000,6.1700,6.2200,6.3500,18408247,114969640.0000,3,4.679703,1,-2.047200,0
2013-05-13,sz.000606,6.2800,6.3400,6.0700,6.2300,6.2200,17105108,105985072.0000,3,4.348422,1,0.160800,0
2013-05-14,sz.000606,6.2900,6.4200,6.2000,6.3200,6.2300,21466839,135797088.0000,3,5.457251,1,1.444600,0
2013-05-15,sz.000606,6.5000,6.9500,6.4300,6.9500,6.3200,47668312,323435712.0000,3,12.118130,1,9.968400,0
2013-05-16,sz.000606,6.9400,6.9900,6.6900,6.7900,6.9500,27426988,187243056.0000,3,6.972427,1,-2.302200,0
2013-05-17,sz.000606,6.8600,7.3300,6.8600,7.0800,6.7900,36251430,259456112.0000,3,9.215756,1,4.271000,0
2013-05-20,sz.000606,7.0900,7.2900,6.9100,7.1800,7.0800,23592899,167606336.0000,3,5.997733,1,1.412400,0
2013-05-21,sz.000606,7.1200,7.5000,7.0800,7.4700,7.1800,21578952,157731984.0000,3,5.485752,1,4.038997,0
2013-05-22,sz.000606,7.5000,7.7600,7.3200,7.4700,7.4700,21738135,163785552.0000,3,5.526219,1,0.000000,0
2013-05-23,sz.000606,7.3900,7.5000,7.1800,7.3700,7.4700,15075050,110794648.0000,3,3.832345,1,-1.338700,0
2013-05-24,sz.000606,7.3800,7.4400,7.1000,7.3800,7.3700,14430220,104915464.0000,3,3.668418,1,0.135700,0
2013-05-27,sz.000606,7.5000,7.6600,7.3000,7.4700,7.3800,14107672,105152176.0000,3,3.586420,1,1.219500,0
2013-05-28,sz.000606,7.4100,7.5600,7.2300,7.5000,7.4700,12695129,93977520.0000,3,3.227327,1,0.401600,0
2013-05-29,sz.000606,7.4800,7.7600,7.4000,7.6200,7.5000,11530853,88083384.0000,3,2.931347,1,1.600000,0
2013-05-30,sz.000606,7.5800,7.8200,7.5200,7.6700,7.6200,10165474,78084592.0000,3,2.584244,1,0.656200,0
2013-05-31,sz.000606,7.7700,7.9600,7.6800,7.7700,7.6700,9341279,72611568.0000,3,2.374719,1,1.303780,0
2013-06-03,sz.000606,7.7700,7.7700,7.2200,7.3400,7.7700,15653756,116797656.0000,3,3.979462,1,-5.534100,0
2013-06-04,sz.000606,7.2900,7.3000,6.6700,7.0200,7.3400,13920274,97548264.0000,3,3.538780,1,-4.359700,0
2013-06-05,sz.000606,6.9500,7.1200,6.9400,7.0000,7.0200,4973488,34859600.0000,3,1.264349,1,-0.284900,0
2013-06-06,sz.000606,6.9900,7.0500,6.6500,6.8600,7.0000,7899459,54071960.0000,3,2.008183,1,-2.000000,0
2013-06-07,sz.000606,6.9000,6.9400,6.6300,6.6800,6.8600,5416806,36635088.0000,3,1.377048,1,-2.623900,0
2013-06-13,sz.000606,6.7000,6.9800,6.3800,6.8800,6.6800,12139802,81640048.0000,3,3.086153,1,2.994000,0
2013-06-14,sz.000606,6.9700,7.2600,6.9000,7.1900,6.8800,10381278,73846032.0000,3,2.639105,1,4.505800,0
2013-06-17,sz.000606,7.2300,7.5800,7.2300,7.4800,7.1900,8373331,62153488.0000,3,2.128649,1,4.033400,0
2013-06-18,sz.000606,7.5700,7.6500,7.3900,7.5800,7.4800,7830407,58874992.0000,3,1.990628,1,1.336900,0
2013-06-19,sz.000606,7.6900,7.6900,7.4300,7.5700,7.5800,7482861,56453272.0000,3,1.902276,1,-0.131900,0
2013-06-20,sz.000606,7.5900,7.7400,7.3900,7.4600,7.5700,9022737,68043264.0000,3,2.293740,1,-1.453100,0
2013-06-21,sz.000606,7.4000,7.4000,7.0000,7.3300,7.4600,7451294,53874804.0000,3,1.894251,1,-1.742600,0
2013-06-24,sz.000606,7.3300,7.3300,6.7700,7.0000,7.3300,9430542,66467000.0000,3,2.397411,1,-4.502000,0
2013-06-25,sz.000606,6.8500,7.0900,6.3000,6.8000,7.0000,26236877,169562176.0000,3,6.669879,1,-2.857100,0
2013-06-26,sz.000606,6.7000,6.8600,6.5000,6.8100,6.8000,8897964,59814700.0000,3,2.262020,1,0.147100,0
2013-06-27,sz.000606,6.8500,6.9500,6.6800,6.7700,6.8100,6286658,42852512.0000,3,1.598180,1,-0.587400,0
2013-06-28,sz.000606,6.7100,6.8900,6.5500,6.7700,6.7700,4735109,31988888.0000,3,1.203749,1,0.000000,0
2013-07-01,sz.000606,6.7900,7.3900,6.7600,7.3800,6.7700,10462820,73957672.0000,3,2.659839,1,9.010300,0
2013-07-02,sz.000606,7.4700,7.6200,7.3800,7.4400,7.3800,12626193,94767536.0000,3,3.209808,1,0.813000,0
2013-07-03,sz.000606,7.4700,7.5600,7.2900,7.3000,7.4400,12841107,95403392.0000,3,3.264443,1,-1.881700,0
2013-07-04,sz.000606,7.2500,7.4800,7.2000,7.3400,7.3000,10800324,79884104.0000,3,2.745639,1,0.547900,0
2013-07-05,sz.000606,7.3400,7.4700,7.2000,7.2100,7.3400,7011001,51053508.0000,3,1.782324,1,-1.771100,0
2013-07-08,sz.000606,7.1100,7.3900,6.9500,7.1600,7.2100,5691422,40918544.0000,3,1.446863,1,-0.693500,0
2013-07-09,sz.000606,7.1600,7.3800,7.0100,7.3500,7.1600,6396650,46643160.0000,3,1.626145,1,2.653600,0
2013-07-10,sz.000606,7.3900,8.0900,7.3200,8.0900,7.3500,26198269,205265568.0000,3,6.660076,1,10.068000,0
2013-07-11,sz.000606,8.1500,8.4300,7.9700,8.2500,8.0900,19662817,160703248.0000,3,4.998645,1,1.977800,0
2013-07-12,sz.000606,8.2100,8.6400,8.1800,8.2500,8.2500,14791543,124299672.0000,3,3.760279,1,0.000000,0
2013-07-15,sz.000606,8.1500,8.5400,8.1300,8.3500,8.2500,10650839,88987608.0000,3,2.707637,1,1.212100,0
2013-07-16,sz.000606,8.3400,9.1900,8.3300,9.1100,8.3500,25606523,228068928.0000,3,6.509643,1,9.101800,0
2013-07-17,sz.000606,9.1000,9.1100,8.9000,8.9400,9.1100,12701902,114176272.0000,3,3.229054,1,-1.866100,0
2013-07-18,sz.000606,8.8800,9.3300,8.8800,9.1600,8.9400,14551410,133220880.0000,3,3.699233,1,2.460900,0
2013-07-19,sz.000606,9.1800,9.2500,9.1100,9.1600,9.1600,8866749,81188888.0000,3,2.254089,1,0.000000,0
2013-07-22,sz.000606,9.1000,9.2400,8.8900,9.2000,9.1600,10327844,93671144.0000,3,2.625526,1,0.436700,0
2013-07-23,sz.000606,9.3000,9.5500,9.2100,9.3100,9.2000,12785560,119293864.0000,3,3.250322,1,1.195700,0
2013-07-24,sz.000606,9.3300,9.8900,9.2300,9.8800,9.3100,17871094,172335968.0000,3,4.543157,1,6.122400,0
2013-07-25,sz.000606,9.8100,10.1200,9.6500,9.7000,9.8800,19922746,197334512.0000,3,5.064724,1,-1.821900,0
2013-07-26,sz.000606,9.6200,9.9500,9.6200,9.9400,9.7000,9006345,88211296.0000,3,2.289576,1,2.474200,0
2013-07-29,sz.000606,9.8200,10.0800,9.7600,9.8000,9.9400,6927598,68611968.0000,3,1.761121,1,-1.408500,0
2013-07-30,sz.000606,9.8800,9.8800,8.8300,9.0000,9.8000,19408596,180672400.0000,3,4.934018,1,-8.163300,0
2013-07-31,sz.000606,8.9900,9.1100,8.7500,9.0100,9.0000,11431424,102136944.0000,3,2.906076,1,0.111100,0
2013-08-01,sz.000606,9.0800,9.3200,9.0300,9.2900,9.0100,7353472,67607968.0000,3,1.869386,1,3.107700,0
2013-08-02,sz.000606,9.3500,9.7300,9.3500,9.5200,9.2900,7722337,73928000.0000,3,1.963158,1,2.475800,0
2013-08-05,sz.000606,9.5500,9.5800,9.1100,9.5000,9.5200,7900578,74528992.0000,3,2.008470,1,-0.210100,0
2013-08-06,sz.000606,9.5100,9.6300,9.4200,9.5800,9.5000,7047791,67178832.0000,3,1.791676,1,0.842100,0
2013-08-07,sz.000606,9.5900,9.8500,9.3500,9.3500,9.5800,8082977,77688144.0000,3,2.054840,1,-2.400800,0
2013-08-08,sz.000606,9.3600,9.5700,9.2000,9.3200,9.3500,5804586,54489728.0000,3,1.475631,1,-0.320900,0
2013-08-09,sz.000606,9.3000,9.5200,9.2100,9.3900,9.3200,6345779,59539388.0000,3,1.613212,1,0.751100,0
2013-08-12,sz.000606,9.3800,9.5600,9.3500,9.5100,9.3900,5209030,49444540.0000,3,1.324230,1,1.278000,0
2013-08-13,sz.000606,9.5500,9.9700,9.5000,9.6000,9.5100,6964191,67700704.0000,3,1.770424,1,0.946400,0
2013-08-14,sz.000606,9.5900,9.7700,9.4100,9.6100,9.6000,4855304,46575952.0000,3,1.234306,1,0.104200,0
2013-08-15,sz.000606,9.5000,9.7000,9.4300,9.4300,9.6100,4209269,40334592.0000,3,1.070073,1,-1.873000,0
2013-08-16,sz.000606,9.4800,9.5000,9.1600,9.2100,9.4300,6525702,60728448.0000,3,1.658952,1,-2.333000,0
2013-08-19,sz.000606,9.1800,9.5100,9.0000,9.3400,9.2100,3129383,29398660.0000,3,0.795546,1,1.411500,0
2013-08-20,sz.000606,9.4000,9.4600,9.3100,9.3500,9.3400,5968894,55941992.0000,3,1.517401,1,0.107100,0
2013-08-21,sz.000606,9.4000,9.4000,9.0700,9.1800,9.3500,6817523,62837764.0000,3,1.733138,1,-1.818200,0
2013-08-22,sz.000606,9.2000,9.2000,9.0600,9.1600,9.1800,4389474,40004932.0000,3,1.115884,1,-0.217900,0
2013-08-23,sz.000606,9.1500,9.2500,8.9300,9.1800,9.1600,4889602,44588356.0000,3,1.243026,1,0.218300,0
2013-08-26,sz.000606,9.1500,9.2700,9.1000,9.1800,9.1800,4822155,44172876.0000,3,1.225879,1,0.000000,0
2013-08-27,sz.000606,9.1800,9.2100,9.0800,9.0900,9.1800,3033938,27726772.0000,3,0.771282,1,-0.980400,0
2013-08-28,sz.000606,9.0800,9.1900,9.0000,9.0800,9.0900,5055458,45971368.0000,3,1.285189,1,-0.110000,0
2013-08-29,sz.000606,9.0900,9.4400,8.8000,9.3700,9.0800,14553808,132982928.0000,3,3.699842,1,3.193800,0
2013-08-30,sz.000606,9.3200,9.4300,9.0800,9.1500,9.3700,5988784,55570248.0000,3,1.522458,1,-2.347900,0
2013-09-02,sz.000606,9.1100,9.2500,9.0700,9.2000,9.1500,3063603,28091632.0000,3,0.778824,1,0.546400,0
2013-09-03,sz.000606,9.1900,9.3000,9.0700,9.2000,9.2000,3612673,33184080.0000,3,0.918407,1,0.000000,0
2013-09-04,sz.000606,9.2400,9.2400,9.0400,9.2000,9.2000,5743820,52373852.0000,3,1.460183,1,0.000000,0
2013-09-05,sz.000606,9.2700,9.2700,9.0600,9.0700,9.2000,2702874,24665040.0000,3,0.687120,1,-1.413000,0
2013-09-06,sz.000606,9.0800,9.1900,9.0500,9.1300,9.0700,3916739,35656364.0000,3,0.995706,1,0.661500,0
2013-09-09,sz.000606,9.1300,9.3600,9.0000,9.2400,9.1300,7719459,70911088.0000,3,1.962427,1,1.204800,0
2013-09-10,sz.000606,9.2500,9.4300,8.8000,9.1200,9.2400,7681026,70413040.0000,3,1.952656,1,-1.298700,0
2013-09-11,sz.000606,9.1300,9.1300,8.8500,8.9800,9.1200,5882196,52693913.0000,3,1.495361,1,-1.535100,0
2013-09-12,sz.000606,8.8600,9.1700,8.8600,8.9500,8.9800,4509013,40563206.0000,3,1.146273,1,-0.334100,0
2013-09-13,sz.000606,8.9600,9.0300,8.8500,8.9500,8.9500,3031989,26987498.0000,3,0.770787,1,0.000000,0
2013-09-16,sz.000606,8.9500,9.1900,8.9000,9.0500,8.9500,5155659,46756548.0000,3,1.310662,1,1.117300,0
2013-09-17,sz.000606,9.0300,9.9600,9.0300,9.8500,9.0500,20055880,194224134.0000,3,5.098569,1,8.839800,0
2013-09-18,sz.000606,9.8000,10.2600,9.5500,10.2000,9.8500,13822721,138092332.0000,3,3.513987,1,3.553300,0
2013-09-23,sz.000606,10.2000,10.6900,10.1600,10.2100,10.2000,16671092,173775242.0000,3,4.238094,1,0.098000,0
2013-09-24,sz.000606,10.1800,10.4000,10.0500,10.2400,10.2100,9972375,101778819.0000,3,2.535159,1,0.293800,0
2013-09-25,sz.000606,10.2000,10.2500,9.8500,9.9600,10.2400,11566034,116103287.0000,3,2.940296,1,-2.734400,0
2013-09-26,sz.000606,9.8600,10.1800,9.8600,9.8800,9.9600,5863486,58540569.0000,3,1.490605,1,-0.803200,0
2013-09-27,sz.000606,9.8000,10.1900,9.8000,9.8600,9.8800,4753196,47496764.0000,3,1.208349,1,-0.202400,0
2013-09-30,sz.000606,9.9500,10.1500,9.8300,10.0200,9.8600,4927772,48967543.0000,3,1.252729,1,1.622700,0
2013-10-08,sz.000606,9.9900,10.0600,9.8300,9.9700,10.0200,6391257,63599006.0000,3,1.624774,1,-0.499000,0
2013-10-09,sz.000606,9.9700,10.1100,9.9600,9.9900,9.9700,5824403,58331543.0000,3,1.480669,1,0.200600,0
2013-10-10,sz.000606,9.9100,10.3800,9.9000,10.0000,9.9900,10161081,102771209.0000,3,2.583131,1,0.100100,0
2013-10-11,sz.000606,9.9000,10.3000,9.9000,10.0900,10.0000,7075975,71284357.0000,3,1.798841,1,0.900000,0
2013-10-14,sz.000606,10.1500,10.2900,10.0100,10.2000,10.0900,8397010,85009854.0000,3,2.134672,1,1.090200,0
2013-10-15,sz.000606,10.1800,10.6500,10.0300,10.4400,10.2000,11388968,117793354.0000,3,2.895283,1,2.352900,0
2013-10-16,sz.000606,10.3400,10.4500,10.0500,10.1100,10.4400,8534131,86544596.0000,3,2.169531,1,-3.160900,0
2013-10-17,sz.000606,10.1300,10.2500,10.0100,10.0800,10.1100,6465019,65364851.0000,3,1.643525,1,-0.296700,0
2013-10-18,sz.000606,10.1300,10.1700,9.9900,10.0100,10.0800,3984475,40082778.0000,3,1.012926,1,-0.694400,0
2013-10-21,sz.000606,10.0000,10.1600,9.9500,10.0800,10.0100,4944338,49784938.0000,3,1.256941,1,0.699300,0
2013-10-22,sz.000606,10.1300,10.1300,9.9800,9.9900,10.0800,5547013,55652374.0000,3,1.410151,1,-0.892900,0
2013-10-23,sz.000606,10.0000,10.0400,9.6200,9.9900,9.9900,5351904,52712743.0000,3,1.360551,1,0.000000,0
2013-10-24,sz.000606,9.9800,10.1800,9.8200,9.9100,9.9900,4765804,47522984.0000,3,1.211554,1,-0.800800,0
2013-10-25,sz.000606,9.8300,9.9700,9.6800,9.7100,9.9100,4042088,39618837.0000,3,1.027572,1,-2.018200,0
2013-10-28,sz.000606,9.7800,9.8300,9.0000,9.3500,9.7100,6299524,58811924.0000,3,1.601453,1,-3.707500,0
2013-10-29,sz.000606,9.3500,9.3800,8.4200,8.4200,9.3500,12084154,104176590.0000,3,3.072011,1,-9.946500,0
2013-10-30,sz.000606,8.3900,8.7000,8.1200,8.3500,8.4200,9155578,76896750.0000,3,2.327514,1,-0.831400,0
2013-10-31,sz.000606,8.3700,8.3800,7.5200,7.5200,8.3500,23592265,179641346.0000,3,5.997582,1,-9.940100,0
2013-11-01,sz.000606,7.3000,7.6600,7.1600,7.5600,7.5200,12651041,94531785.0000,3,3.216124,1,0.531900,0
2013-11-04,sz.000606,7.5600,8.2800,7.5000,8.0100,7.5600,13358728,106112422.0000,3,3.396031,1,5.952400,0
2013-11-05,sz.000606,7.9500,8.3000,7.9000,8.1000,8.0100,6875799,56003329.0000,3,1.747953,1,1.123600,0
2013-11-06,sz.000606,8.0500,8.1800,7.8400,7.8400,8.1000,5778272,46043039.0000,3,1.468942,1,-3.209900,0
2013-11-07,sz.000606,7.8300,7.9400,7.5000,7.8300,7.8400,6936181,53376345.0000,3,1.763303,1,-0.127600,0
2013-11-08,sz.000606,7.7900,7.7900,7.5500,7.7800,7.8300,4694512,36010310.0000,3,1.193430,1,-0.638600,0
2013-11-11,sz.000606,7.7000,7.7300,7.3000,7.7300,7.7800,6016066,45245130.0000,3,1.529393,1,-0.642700,0
2013-11-12,sz.000606,7.6100,7.9400,7.5000,7.8600,7.7300,4755783,36873079.0000,3,1.209006,1,1.681800,0
2013-11-13,sz.000606,7.8400,7.9400,7.6200,7.6200,7.8600,3476237,27083548.0000,3,0.883723,1,-3.053400,0
2013-11-14,sz.000606,7.7700,7.9000,7.5000,7.5800,7.6200,4978441,38146661.0000,3,1.265610,1,-0.524900,0
2013-11-15,sz.000606,7.5600,7.8000,7.5400,7.6000,7.5800,4114783,31550061.0000,3,1.046053,1,0.263900,0
2013-11-18,sz.000606,7.6600,7.7900,7.6300,7.7300,7.6000,4485448,34579066.0000,3,1.140282,1,1.710500,0
2013-11-19,sz.000606,7.8300,8.0900,7.8000,7.9200,7.7300,8827293,70173172.0000,3,2.244058,1,2.458000,0
2013-11-20,sz.000606,7.9500,8.0000,7.7600,7.8000,7.9200,6623141,52007542.0000,3,1.683723,1,-1.515200,0
2013-11-21,sz.000606,7.8000,7.8200,7.5400,7.6100,7.8000,5876610,44974185.0000,3,1.493941,1,-2.435900,0
2013-11-22,sz.000606,7.6100,7.7000,7.4100,7.5700,7.6100,6468526,48845488.0000,3,1.644417,1,-0.525600,0
2013-11-25,sz.000606,7.5200,7.5800,7.4400,7.5000,7.5700,5568809,41740449.0000,3,1.415692,1,-0.924700,0
2013-11-26,sz.000606,7.4800,7.5400,7.4500,7.5000,7.5000,3002815,22526577.0000,3,0.763370,1,0.000000,0
2013-11-27,sz.000606,7.5100,7.5900,7.4400,7.5800,7.5000,5145913,38692958.0000,3,1.308185,1,1.066700,0
2013-11-28,sz.000606,7.5600,7.6800,7.5400,7.6300,7.5800,6691597,50950182.0000,3,1.701125,1,0.659600,0
2013-11-29,sz.000606,7.6300,7.6500,7.4500,7.5100,7.6300,8935238,67558329.0000,3,2.271500,1,-1.572700,0
2013-12-02,sz.000606,7.5000,7.5500,6.9900,7.2500,7.5100,7079912,51901717.0000,3,1.799842,1,-3.462100,0
2013-12-03,sz.000606,7.2300,7.6800,7.0300,7.4400,7.2500,4853673,35706156.0000,3,1.233892,1,2.620700,0
2013-12-04,sz.000606,7.5700,7.6400,7.4400,7.6300,7.4400,7703553,58171883.0000,3,1.958383,1,2.553800,0
2013-12-05,sz.000606,7.6200,7.6800,7.4800,7.5100,7.6300,4799538,36279621.0000,3,1.220130,1,-1.572700,0
2013-12-06,sz.000606,7.4500,7.5000,7.3000,7.3500,7.5100,4246691,31334223.0000,3,1.079586,1,-2.130500,0
2013-12-09,sz.000606,7.3500,7.4200,7.3000,7.3300,7.3500,3723719,27326521.0000,3,0.946637,1,-0.272100,0
2013-12-10,sz.000606,7.3300,7.3700,7.2800,7.3000,7.3300,3337561,24436548.0000,3,0.848469,1,-0.409300,0
2013-12-11,sz.000606,7.3000,7.3000,7.1200,7.2000,7.3000,3158239,22678240.0000,3,0.802882,1,-1.369900,0
2013-12-12,sz.000606,7.2000,7.2300,7.1300,7.1800,7.2000,3355878,24116259.0000,3,0.853125,1,-0.277800,0
2013-12-13,sz.000606,7.1900,7.4900,7.1000,7.4200,7.1800,7953435,58212547.0000,3,2.021908,1,3.342600,0
2013-12-16,sz.000606,7.3900,7.3900,7.1600,7.1800,7.4200,5818453,42268892.0000,3,1.479156,1,-3.234500,0
2013-12-17,sz.000606,7.1800,7.2800,7.1500,7.1500,7.1800,2867159,20656666.0000,3,0.728884,1,-0.417800,0
2013-12-18,sz.000606,7.2200,7.2300,7.0500,7.0600,7.1500,3421507,24360592.0000,3,0.869809,1,-1.258700,0
2013-12-19,sz.000606,7.0800,7.1500,6.8000,6.8100,7.0600,6642596,46033190.0000,3,1.688669,1,-3.541100,0
2013-12-20,sz.000606,6.8900,6.8900,6.5800,6.5900,6.8100,6280989,41860125.0000,3,1.596741,1,-3.230500,0
2013-12-23,sz.000606,6.5900,6.8400,6.4100,6.7000,6.5900,7339085,48578470.0000,3,1.865729,1,1.669200,0
2013-12-24,sz.000606,6.6200,6.7600,6.5500,6.5700,6.7000,3030872,20170250.0000,3,0.770503,1,-1.940300,0
2013-12-25,sz.000606,6.5700,6.6400,6.5100,6.5500,6.5700,3041057,19930475.0000,3,0.773092,1,-0.304400,0
2013-12-26,sz.000606,6.5600,6.6300,6.4400,6.4400,6.5500,3148479,20563950.0000,3,0.800401,1,-1.679400,0
2013-12-27,sz.000606,6.4400,6.6500,6.3900,6.5900,6.4400,4167226,27218711.0000,3,1.059385,1,2.329200,0
2013-12-30,sz.000606,6.6100,7.1200,6.4000,6.9000,6.5900,12837262,85847924.0000,3,3.263465,1,4.704100,0
2013-12-31,sz.000606,6.7700,6.8900,6.6300,6.7600,6.9000,5811697,39343188.0000,3,1.477439,1,-2.029000,0
2014-01-02,sz.000606,6.7400,6.9700,6.7100,6.8500,6.7600,6336647,43642370.0000,3,1.610891,1,1.331400,0
2014-01-03,sz.000606,6.9200,6.9200,6.6800,6.7000,6.8500,4700453,31663070.0000,3,1.194941,1,-2.189800,0
2014-01-06,sz.000606,6.7000,6.7000,6.3900,6.4000,6.7000,4623958,29980484.0000,3,1.175494,1,-4.477600,0
2014-01-07,sz.000606,6.4100,6.5500,6.2800,6.4400,6.4000,2301920,14834185.0000,3,0.585190,1,0.625000,0
2014-01-08,sz.000606,6.4500,6.5300,6.2200,6.2200,6.4400,4536831,28679275.0000,3,1.153345,1,-3.416100,0
2014-01-09,sz.000606,6.2500,6.3100,5.9100,5.9800,6.2200,5913266,36236077.0000,3,1.503260,1,-3.858500,0
2014-01-10,sz.000606,5.9800,6.0200,5.7600,5.7600,5.9800,4673546,27261334.0000,3,1.188100,1,-3.678900,0
2014-01-13,sz.000606,5.8000,5.8200,5.4000,5.4400,5.7600,12769752,71137420.0000,3,3.246303,1,-5.555600,0
2014-01-14,sz.000606,5.4600,5.5900,5.3100,5.5800,5.4400,12005631,65546944.0000,3,3.052049,1,2.573500,0
2014-01-15,sz.000606,5.5700,5.9400,5.5100,5.8100,5.5800,15040478,86461573.0000,3,3.823563,1,4.121900,0
2014-01-16,sz.000606,5.7400,5.8000,5.6700,5.7200,5.8100,8303892,47701568.0000,3,2.111000,1,-1.549100,0
2014-01-17,sz.000606,5.6900,5.7100,5.4200,5.4500,5.7200,10966305,60519235.0000,3,2.787834,1,-4.720300,0
2014-01-20,sz.000606,5.4600,5.4600,5.2700,5.3100,5.4500,9853230,52782348.0000,3,2.504870,1,-2.568800,0
2014-01-21,sz.000606,5.3200,5.4300,5.3000,5.4100,5.3100,12157011,64969631.0000,3,3.090533,1,1.883200,0
2014-01-22,sz.000606,5.4100,5.7900,5.3800,5.6700,5.4100,18766986,104681386.0000,3,4.622832,1,4.805900,0
2014-01-23,sz.000606,5.6500,5.7500,5.5900,5.6300,5.6700,11161190,63222760.0000,3,2.749313,1,-0.705500,0
2014-01-24,sz.000606,5.6100,5.7600,5.5800,5.7200,5.6300,12545828,71308161.0000,3,3.090388,1,1.598600,0
2014-01-27,sz.000606,5.6800,5.6900,5.5600,5.5900,5.7200,9609179,53972861.0000,3,2.367009,1,-2.272700,0
2014-01-28,sz.000606,5.6200,5.7500,5.6000,5.7300,5.5900,9890377,56210649.0000,3,2.436276,1,2.504500,0
2014-01-29,sz.000606,5.8300,6.2500,5.7600,6.1600,5.7300,27024299,162566951.0000,3,6.656839,1,7.504400,0
2014-01-30,sz.000606,6.0400,6.1000,5.9700,6.0700,6.1600,12158093,73531970.0000,3,2.994878,1,-1.461000,0
2014-02-07,sz.000606,6.0100,6.0900,5.8800,6.0800,6.0700,14177392,84751777.0000,3,3.492287,1,0.164700,0
2014-02-10,sz.000606,6.0800,6.2900,6.0500,6.2600,6.0800,23694325,146033598.0000,3,5.836574,1,2.960500,0
2014-02-11,sz.000606,6.2300,6.3900,6.1800,6.2600,6.2600,18563594,116699708.0000,3,4.572731,1,0.000000,0
2014-02-12,sz.000606,6.2900,6.6300,6.1300,6.4800,6.2600,25700821,161711028.0000,3,6.330830,1,3.514400,0
2014-02-13,sz.000606,6.3900,6.4700,6.2600,6.2600,6.4800,18062201,115293521.0000,3,4.449224,1,-3.395100,0
2014-02-14,sz.000606,6.2900,6.4200,6.2100,6.3700,6.2600,14065244,88976296.0000,3,3.464662,1,1.757200,0
2014-02-17,sz.000606,6.3900,6.5700,6.3500,6.5500,6.3700,18886432,122476744.0000,3,4.652255,1,2.825700,0
2014-02-18,sz.000606,6.5400,6.8600,6.4800,6.7600,6.5500,24275632,162074109.0000,3,5.979766,1,3.206100,0
2014-02-19,sz.000606,6.7700,7.0400,6.7000,6.8700,6.7600,27283280,188079886.0000,3,6.720633,1,1.627200,0
2014-02-20,sz.000606,6.8700,7.1100,6.8500,6.9700,6.8700,26583809,186084648.0000,3,6.548334,1,1.455600,0
2014-02-21,sz.000606,6.9900,7.1000,6.7500,6.8200,6.9700,19544066,134349651.0000,3,4.814249,1,-2.152100,0
2014-02-24,sz.000606,6.7900,6.7900,6.5300,6.6800,6.8200,17684375,117583810.0000,3,4.356155,1,-2.052800,0
2014-02-25,sz.000606,6.6400,6.9300,6.5600,6.6000,6.6800,22233942,150075113.0000,3,5.476841,1,-1.197600,0
2014-02-26,sz.000606,6.6000,6.6300,6.2300,6.5800,6.6000,14481159,92873418.0000,3,3.567114,1,-0.303000,0
2014-02-27,sz.000606,6.5600,6.7600,6.4600,6.5000,6.5800,13768922,90866243.0000,3,3.391670,1,-1.215800,0
2014-02-28,sz.000606,6.4500,6.5500,6.2400,6.4300,6.5000,11843248,75702890.0000,3,2.917323,1,-1.076900,0
2014-03-03,sz.000606,6.4200,6.6600,6.3600,6.6500,6.4300,13387378,87519175.0000,3,3.297685,1,3.421500,0
2014-03-04,sz.000606,6.5800,6.6800,6.4600,6.5900,6.6500,10362269,68049689.0000,3,2.552516,1,-0.902300,0
2014-03-05,sz.000606,6.6400,6.6600,6.4500,6.4500,6.5900,7615864,49842362.0000,3,1.876000,1,-2.124400,0
2014-03-06,sz.000606,6.4000,6.4500,6.2700,6.3400,6.4500,9535240,60490505.0000,3,2.348796,1,-1.705400,0
2014-03-07,sz.000606,6.3400,6.3900,6.1800,6.2100,6.3400,9922372,62205701.0000,3,2.444157,1,-2.050500,0
2014-03-10,sz.000606,6.1200,6.1300,5.7000,5.8500,6.2100,11270038,67219736.0000,3,2.776125,1,-5.797100,0
2014-03-11,sz.000606,5.8000,6.0300,5.7700,5.9500,5.8500,7850458,46521033.0000,3,1.933787,1,1.709400,0
2014-03-12,sz.000606,5.9500,6.0800,5.9000,6.0100,5.9500,6757669,40603781.0000,3,1.664603,1,1.008400,0
2014-03-13,sz.000606,6.0300,6.1100,5.9800,6.1000,6.0100,6551105,39652974.0000,3,1.613720,1,1.497500,0
2014-03-14,sz.000606,6.0800,6.0900,5.9900,6.0500,6.1000,5125307,30956879.0000,3,1.262506,1,-0.819700,0
2014-03-17,sz.000606,6.6600,6.6600,6.6600,6.6600,6.0500,4853763,32326061.0000,3,1.195617,1,10.082600,0
2014-03-18,sz.000606,7.3300,7.3300,6.8700,7.1700,6.6600,80188883,568471408.0000,3,19.752760,1,7.657700,0
2014-03-19,sz.000606,6.9700,7.1300,6.8700,7.0800,7.1700,45519411,318807808.0000,3,11.212702,1,-1.255200,0
2014-03-20,sz.000606,6.9600,7.3500,6.6100,6.6500,7.0800,44108428,309034432.0000,3,10.865137,1,-6.073400,0
2014-03-21,sz.000606,6.4700,6.5700,6.0900,6.5300,6.6500,29714851,189548707.0000,3,7.319597,1,-1.804500,0
2014-03-24,sz.000606,6.6000,6.6000,6.3700,6.4300,6.5300,20734686,133644434.0000,3,5.107532,1,-1.531400,0
2014-03-25,sz.000606,6.3600,6.5000,6.3100,6.4200,6.4300,16313452,104486785.0000,3,4.018459,1,-0.155500,0
2014-03-26,sz.000606,6.4200,6.4600,6.3500,6.3500,6.4200,12306211,78583541.0000,3,3.031363,1,-1.090300,0
2014-03-27,sz.000606,6.3500,6.3600,6.1300,6.1400,6.3500,16317256,101118336.0000,3,4.019396,1,-3.307100,0
2014-03-28,sz.000606,6.1500,6.2300,6.0300,6.2300,6.1400,12800986,78353295.0000,3,3.153240,1,1.465800,0
2014-03-31,sz.000606,6.2300,6.2300,6.0700,6.1400,6.2300,7659603,47014291.0000,3,1.886774,1,-1.444600,0
2014-04-01,sz.000606,6.1200,6.2200,6.1100,6.1800,6.1400,5648809,34881637.0000,3,1.391459,1,0.651500,0
2014-04-02,sz.000606,6.1900,6.2500,6.1500,6.2500,6.1800,8647311,53713079.0000,3,2.130074,1,1.132700,0
2014-04-03,sz.000606,6.2500,6.2700,6.1100,6.1200,6.2500,7154642,44181332.0000,3,1.762388,1,-2.080000,0
2014-04-04,sz.000606,6.1000,6.1800,6.0800,6.1600,6.1200,5557572,34099339.0000,3,1.368985,1,0.653600,0
2014-04-08,sz.000606,6.1300,6.2400,6.1000,6.2300,6.1600,9168092,56607850.0000,3,2.258357,1,1.136400,0
2014-04-09,sz.000606,6.2100,6.3000,6.1900,6.2600,6.2300,8336975,52073607.0000,3,2.053630,1,0.481500,0
2014-04-10,sz.000606,6.2600,6.3100,6.2100,6.2800,6.2600,9247047,57935420.0000,3,2.277806,1,0.319500,0
2014-04-11,sz.000606,6.2600,6.2800,6.1500,6.2100,6.2800,7807645,48475231.0000,3,1.923241,1,-1.114700,0
2014-04-14,sz.000606,6.1000,6.1700,6.0300,6.1200,6.2100,12306328,75034067.0000,3,3.031392,1,-1.449300,0
2014-04-15,sz.000606,6.1100,6.2700,6.0800,6.1700,6.1200,11560844,71383308.0000,3,2.847759,1,0.817000,0
2014-04-16,sz.000606,6.1100,6.1800,6.0800,6.1300,6.1700,7602937,46576784.0000,3,1.872816,1,-0.648300,0
2014-04-17,sz.000606,6.1300,6.1800,6.0800,6.0800,6.1300,6855979,41959977.0000,3,1.688819,1,-0.815700,0
2014-04-18,sz.000606,6.0900,6.1100,6.0400,6.0900,6.0800,5086084,30909716.0000,3,1.252844,1,0.164500,0
2014-04-21,sz.000606,6.0600,6.1500,6.0300,6.0400,6.0900,6693368,40611112.0000,3,1.648763,1,-0.821000,0
2014-04-22,sz.000606,6.0200,6.0700,5.8100,5.8900,6.0400,8286060,48999376.0000,3,2.041088,1,-2.483400,0
2014-04-23,sz.000606,5.8800,5.9500,5.8600,5.9100,5.8900,4335546,25562811.0000,3,1.067966,1,0.339600,0
2014-04-24,sz.000606,5.9000,5.9000,5.7600,5.8100,5.9100,5586923,32466678.0000,3,1.376215,1,-1.692000,0
2014-04-25,sz.000606,5.7900,5.9900,5.7000,5.7000,5.8100,5235133,30484724.0000,3,1.289559,1,-1.893300,0
2014-04-28,sz.000606,5.7000,5.7600,5.3600,5.3800,5.7000,6280075,34632068.0000,3,1.546958,1,-5.614000,0
2014-04-29,sz.000606,5.3800,5.5100,5.3600,5.5000,5.3800,3818563,20711573.0000,3,0.940619,1,2.230500,0
2014-04-30,sz.000606,5.4600,5.6000,5.4400,5.5800,5.5000,3979671,22010569.0000,3,0.980304,1,1.454500,0
2014-05-05,sz.000606,5.5900,5.5900,5.4900,5.5800,5.5800,3284184,18172635.0000,3,0.808986,1,0.000000,0
2014-05-06,sz.000606,5.5900,5.6700,5.5700,5.6200,5.5800,3824051,21480174.0000,3,0.941971,1,0.716800,0
2014-05-07,sz.000606,5.6100,5.6100,5.4700,5.4900,5.6200,3357948,18544026.0000,3,0.827156,1,-2.313200,0
2014-05-08,sz.000606,5.4700,5.5800,5.4400,5.5000,5.4900,3257201,17958686.0000,3,0.802340,1,0.182200,0
2014-05-09,sz.000606,5.5400,5.5400,5.3300,5.4100,5.5000,4609666,24891136.0000,3,1.135489,1,-1.636400,0
2014-05-12,sz.000606,5.4500,5.6900,5.4500,5.5800,5.4100,6246455,34701135.0000,3,1.538676,1,3.142300,0
2014-05-13,sz.000606,5.6000,5.6800,5.5700,5.6100,5.5800,5176076,29095764.0000,3,1.275012,1,0.537600,0
2014-05-14,sz.000606,5.6000,5.6500,5.5700,5.6200,5.6100,3337026,18714915.0000,3,0.822003,1,0.178200,0
2014-05-15,sz.000606,5.6100,5.6200,5.4200,5.4400,5.6200,4158201,22953033.0000,3,1.024281,1,-3.202800,0
2014-05-16,sz.000606,5.4400,5.5200,5.4100,5.4600,5.4400,2422915,13223397.0000,3,0.596832,1,0.367600,0
2014-05-19,sz.000606,5.4400,5.4600,5.3300,5.3900,5.4600,2798989,15050598.0000,3,0.689469,1,-1.282100,0
2014-05-20,sz.000606,5.4200,5.4700,5.3500,5.3700,5.3900,2275029,12312502.0000,3,0.560403,1,-0.371100,0
2014-05-21,sz.000606,5.3700,5.4300,5.3200,5.4200,5.3700,2585408,13927992.0000,3,0.636858,1,0.931100,0
2014-05-22,sz.000606,5.4300,5.4700,5.4000,5.4000,5.4200,3240306,17613261.0000,3,0.798178,1,-0.369000,0
2014-05-23,sz.000606,5.4000,5.4500,5.3800,5.4500,5.4000,2307543,12502161.0000,3,0.568412,1,0.925900,0
2014-05-26,sz.000606,5.4900,5.5500,5.4500,5.5300,5.4500,4172885,22937388.0000,3,1.027898,1,1.467900,0
2014-05-27,sz.000606,5.5500,5.6100,5.5000,5.5800,5.5300,5268157,29307035.0000,3,1.297694,1,0.904200,0
2014-05-28,sz.000606,5.5700,5.6200,5.5400,5.5800,5.5800,4185542,23326102.0000,3,1.031016,1,0.000000,0
2014-05-29,sz.000606,5.5800,5.6300,5.5400,5.5400,5.5800,4816258,26910587.0000,3,1.186379,1,-0.716800,0
2014-05-30,sz.000606,5.5200,5.5700,5.5200,5.5300,5.5400,3308327,18335544.0000,3,0.814933,1,-0.180500,0
2014-06-03,sz.000606,5.5200,5.5900,5.4700,5.5500,5.5300,3699101,20429405.0000,3,0.911192,1,0.361700,0
2014-06-04,sz.000606,5.5200,5.5400,5.4000,5.4400,5.5500,3834015,20888092.0000,3,0.944425,1,-1.982000,0
2014-06-05,sz.000606,5.4400,5.5000,5.4100,5.4800,5.4400,2234868,12201076.0000,3,0.550510,1,0.735300,0
2014-06-06,sz.000606,5.4800,5.5000,5.4300,5.4700,5.4800,2080271,11368515.0000,3,0.512429,1,-0.182500,0
2014-06-09,sz.000606,5.4700,5.5000,5.4200,5.4500,5.4700,2623359,14289508.0000,3,0.646207,1,-0.365600,0
2014-06-10,sz.000606,5.4500,5.5000,5.3900,5.5000,5.4500,3523149,19223151.0000,3,0.867850,1,0.917400,0
2014-06-11,sz.000606,5.5000,5.5000,5.4400,5.4800,5.5000,3043884,16646066.0000,3,0.749794,1,-0.363600,0
2014-06-12,sz.000606,5.5000,5.7500,5.4800,5.6800,5.4800,13556938,76884010.0000,3,3.339452,1,3.649600,0
2014-06-13,sz.000606,5.6500,5.6900,5.6100,5.6300,5.6800,7071780,39944426.0000,3,1.741977,1,-0.880300,0
2014-06-16,sz.000606,5.6700,5.6700,5.5800,5.6300,5.6300,4240904,23806377.0000,3,1.044653,1,0.000000,0
2014-06-17,sz.000606,5.6100,5.6300,5.5200,5.5400,5.6300,4261704,23727882.0000,3,1.049777,1,-1.598600,0
2014-06-18,sz.000606,5.5500,5.5800,5.5300,5.5800,5.5400,4544643,25247626.0000,3,1.119472,1,0.722000,0
2014-06-19,sz.000606,5.5900,5.5900,5.2800,5.3200,5.5800,5920127,32089474.0000,3,1.458293,1,-4.659500,0
2014-06-20,sz.000606,5.3000,5.3700,5.2900,5.3300,5.3000,3310766,17642532.0000,3,0.815534,1,0.566000,0
2014-06-23,sz.000606,5.3300,5.3700,5.3000,5.3500,5.3300,3121841,16673128.0000,3,0.768997,1,0.375200,0
2014-06-24,sz.000606,5.3300,5.3800,5.3300,5.3700,5.3500,2813535,15085309.0000,3,0.693052,1,0.373800,0
2014-06-25,sz.000606,5.3600,5.4100,5.3300,5.4000,5.3700,2610331,14030910.0000,3,0.642997,1,0.558700,0
2014-06-26,sz.000606,5.4000,5.9400,5.3700,5.9400,5.4000,28274057,164865638.0000,3,6.964689,1,10.000000,0
2014-06-27,sz.000606,6.0300,6.4900,5.9700,6.3400,5.9400,70526725,440340448.0000,3,17.372701,1,6.734000,0
2014-06-30,sz.000606,6.1900,6.2700,6.0800,6.1900,6.3400,31134155,191910343.0000,3,7.669199,1,-2.365900,0
2014-07-01,sz.000606,6.1600,6.2500,6.0900,6.1600,6.1900,18794409,115863322.0000,3,4.629580,1,-0.484700,0
2014-07-02,sz.000606,6.1800,6.2200,5.9300,6.0300,6.1600,24164567,145568881.0000,3,5.952397,1,-2.110400,0
2014-07-03,sz.000606,6.0300,6.0700,5.9500,6.0100,6.0300,13098228,78621214.0000,3,3.226454,1,-0.331700,0
2014-07-04,sz.000606,5.9900,6.0300,5.9600,6.0000,6.0100,9682055,58044425.0000,3,2.384956,1,-0.166400,0
2014-07-07,sz.000606,6.0000,6.0000,5.7900,5.8800,6.0000,12815457,75484788.0000,3,3.156800,1,-2.000000,0
2014-07-08,sz.000606,5.8900,5.9800,5.8000,5.9400,5.8800,8542175,50496926.0000,3,2.104173,1,1.020400,0
2014-07-09,sz.000606,5.9200,6.0900,5.9000,5.9800,5.9400,13866010,83352640.0000,3,3.415580,1,0.673400,0
2014-07-10,sz.000606,6.0000,6.0300,5.8700,5.8900,5.9800,6845878,40509027.0000,3,1.686328,1,-1.505000,0
2014-07-11,sz.000606,5.9000,5.9800,5.8900,5.9300,5.8900,5015027,29751434.0000,3,1.235339,1,0.679100,0
2014-07-14,sz.000606,5.9100,6.0700,5.9100,6.0600,5.9300,10015417,60337445.0000,3,2.467073,1,2.192200,0
2014-07-15,sz.000606,6.4600,6.6700,6.2100,6.2600,6.0600,46696985,298718112.0000,3,11.502752,1,3.300300,0
2014-07-16,sz.000606,6.1000,6.2500,6.0400,6.0800,6.2600,23423934,143157797.0000,3,5.769959,1,-2.875400,0
2014-07-17,sz.000606,6.0100,6.0900,5.9700,6.0900,6.0800,9959092,59997911.0000,3,2.453198,1,0.164500,0
2014-07-18,sz.000606,6.0900,6.1600,6.0400,6.1100,6.0900,9240189,56487990.0000,3,2.276113,1,0.328400,0
2014-07-21,sz.000606,6.1200,6.1700,6.0500,6.0900,6.1100,6875509,41932428.0000,3,1.693627,1,-0.327300,0
2014-07-22,sz.000606,6.0500,6.1200,6.0100,6.0800,6.0900,9376442,56814010.0000,3,2.309676,1,-0.164200,0
2014-07-23,sz.000606,6.0300,6.0800,5.8800,5.9100,6.0800,13911339,82715241.0000,3,3.426745,1,-2.796100,0
2014-07-24,sz.000606,5.9400,5.9800,5.8500,5.9300,5.9100,8423545,49776143.0000,3,2.074951,1,0.338400,0
2014-07-25,sz.000606,5.9300,5.9600,5.8800,5.9300,5.9300,7106028,42109187.0000,3,1.750410,1,0.000000,0
2014-07-28,sz.000606,5.9400,6.1000,5.9400,6.1000,5.9300,12330696,74422253.0000,3,3.037390,1,2.866800,0
2014-07-29,sz.000606,6.1000,6.1400,6.0600,6.1000,6.1000,9812231,59836042.0000,3,2.417022,1,0.000000,0
2014-07-30,sz.000606,6.1200,6.2800,6.0900,6.2600,6.1000,17394641,107303647.0000,3,4.284778,1,2.623000,0
2014-07-31,sz.000606,6.2300,6.2500,6.1200,6.2100,6.2600,11415308,70535701.0000,3,2.811904,1,-0.798700,0
2014-08-01,sz.000606,6.1600,6.3700,6.1200,6.1900,6.2100,25335602,157919287.0000,3,6.240856,1,-0.322100,0
2014-08-04,sz.000606,6.1800,6.2500,6.1500,6.2200,6.1900,12114204,75117454.0000,3,2.984062,1,0.484600,0
2014-08-05,sz.000606,6.2100,6.2200,6.1400,6.1900,6.2200,10433835,64375852.0000,3,2.570141,1,-0.482300,0
2014-08-06,sz.000606,6.1600,6.2200,6.1100,6.1900,6.1900,9981910,61600642.0000,3,2.458819,1,0.000000,0
2014-08-07,sz.000606,6.1900,6.2300,6.1000,6.1100,6.1900,10607108,65447782.0000,3,2.612822,1,-1.292400,0
2014-08-08,sz.000606,6.1100,6.1300,6.0600,6.1300,6.1100,7729055,47138839.0000,3,1.903879,1,0.327300,0
2014-08-11,sz.000606,6.1500,6.2800,6.1300,6.2500,6.1300,13896260,86598353.0000,3,3.423031,1,1.957600,0
2014-08-12,sz.000606,6.2500,6.2800,6.2100,6.2700,6.2500,10647066,66525692.0000,3,2.622665,1,0.320000,0
2014-08-13,sz.000606,6.2700,6.3900,6.2200,6.2800,6.2700,14328874,90162278.0000,3,3.529596,1,0.159500,0
2014-08-14,sz.000606,6.2800,6.3500,6.2500,6.3300,6.2800,17359984,109600701.0000,3,4.276242,1,0.796200,0
2014-08-15,sz.000606,6.3300,6.3800,6.2900,6.3600,6.3300,16210287,102599354.0000,3,3.993040,1,0.473900,0
2014-08-18,sz.000606,6.3800,6.4200,6.3200,6.3800,6.3600,13843576,88095260.0000,3,3.410054,1,0.314500,0
2014-08-19,sz.000606,6.3900,6.6100,6.3800,6.5000,6.3800,25621154,166765380.0000,3,6.311195,1,1.880900,0
2014-08-20,sz.000606,6.5200,6.6000,6.4600,6.5600,6.5000,17406675,113927874.0000,3,4.287743,1,0.923100,0
2014-08-21,sz.000606,6.5800,6.5900,6.3500,6.4200,6.5600,17426323,112281327.0000,3,4.292583,1,-2.134100,0
2014-08-22,sz.000606,6.4300,6.4500,6.3200,6.4400,6.4200,12428513,79379443.0000,3,3.061485,1,0.311500,0
2014-08-25,sz.000606,6.4400,6.4400,6.3200,6.3300,6.4400,8747194,55686605.0000,3,2.154674,1,-1.708100,0
2014-08-26,sz.000606,6.3200,6.3800,6.1100,6.1400,6.3300,11494732,71644000.0000,3,2.831469,1,-3.001600,0
2014-08-27,sz.000606,6.1200,6.1900,6.1000,6.1700,6.1400,6249179,38445419.0000,3,1.539345,1,0.488600,0
2014-08-28,sz.000606,6.1700,6.1700,6.0600,6.1100,6.1700,7771884,47537017.0000,3,1.914429,1,-0.972400,0
2014-08-29,sz.000606,6.0800,6.1700,6.0800,6.1700,6.1100,5046465,30944763.0000,3,1.243083,1,0.982000,0
2014-09-01,sz.000606,6.1700,6.2800,6.1300,6.2600,6.1700,7898421,49186322.0000,3,1.945598,1,1.458700,0
2014-09-02,sz.000606,6.2600,6.3600,6.2600,6.3500,6.2600,11575562,73129341.0000,3,2.851379,1,1.437700,0
2014-09-03,sz.000606,6.8800,6.9900,6.5500,6.5800,6.3500,71247892,480757616.0000,3,17.550315,1,3.622000,0
2014-09-04,sz.000606,6.4700,6.7200,6.4000,6.6300,6.5800,34325524,226525819.0000,3,8.455321,1,0.759900,0
2014-09-05,sz.000606,6.6000,6.7700,6.5100,6.6900,6.6300,27354130,182544151.0000,3,6.738075,1,0.905000,0
2014-09-09,sz.000606,6.7500,6.8500,6.6600,6.7300,6.6900,21506834,144875114.0000,3,5.297725,1,0.597900,0
2014-09-10,sz.000606,6.7000,6.7000,6.5500,6.6400,6.7300,21270650,140729723.0000,3,5.239546,1,-1.337300,0
2014-09-11,sz.000606,6.6400,6.7300,6.5700,6.5900,6.6400,19818869,131709504.0000,3,4.881933,1,-0.753000,0
2014-09-12,sz.000606,6.5700,6.7700,6.5100,6.7400,6.5900,20066254,134186930.0000,3,4.942870,1,2.276200,0
2014-09-15,sz.000606,6.7200,6.8400,6.7200,6.7900,6.7400,18445797,125170999.0000,3,4.543707,1,0.741800,0
2014-09-16,sz.000606,6.8400,6.9300,6.5700,6.5700,6.7900,22195406,150425983.0000,3,5.467339,1,-3.240100,0
2014-09-17,sz.000606,6.5500,6.6800,6.4900,6.6600,6.5700,12536750,82627038.0000,3,3.088146,1,1.369900,0
2014-09-18,sz.000606,6.6600,7.0800,6.6200,7.0200,6.6600,36805788,254186957.0000,3,9.066278,1,5.405400,0
2014-09-19,sz.000606,6.9400,7.0900,6.9000,7.0000,7.0200,23034602,160998791.0000,3,5.674056,1,-0.284900,0
2014-09-22,sz.000606,7.0700,7.0700,6.8600,6.9100,7.0000,15095722,104996535.0000,3,3.718492,1,-1.285700,0
2014-09-23,sz.000606,6.9000,7.0300,6.8700,6.9900,6.9100,13151295,91726572.0000,3,3.239526,1,1.157700,0
2014-09-24,sz.000606,6.9800,7.1900,6.9200,7.1300,6.9900,18164222,129129530.0000,3,4.474347,1,2.002900,0
2014-09-25,sz.000606,7.1200,7.2600,7.0700,7.1400,7.1300,19131511,136704001.0000,3,4.712617,1,0.140200,0
2014-09-26,sz.000606,7.1300,7.2000,7.0600,7.1200,7.1400,11585946,82608564.0000,3,2.853937,1,-0.280100,0
2014-09-29,sz.000606,7.1200,7.1700,7.0700,7.0900,7.1200,13874450,98611023.0000,3,3.417659,1,-0.421300,0
2014-09-30,sz.000606,7.1000,7.3300,7.0700,7.3200,7.0900,19423412,139743133.0000,3,4.784521,1,3.244000,0
2014-10-08,sz.000606,7.3200,7.8700,7.2800,7.6700,7.3200,28464612,215965092.0000,3,7.011617,1,4.781400,0
2014-10-09,sz.000606,7.6900,7.7600,7.4400,7.5700,7.6700,16832499,127387278.0000,3,4.146307,1,-1.303800,0
2014-10-10,sz.000606,7.5700,7.8300,7.4800,7.6600,7.5700,19539068,149944880.0000,3,4.813010,1,1.188900,0
2014-10-13,sz.000606,7.6600,7.7000,7.4200,7.5600,7.6600,13682913,103004401.0000,3,3.370478,1,-1.305500,0
2014-10-14,sz.000606,7.5900,7.6700,7.4800,7.5000,7.5600,11749811,89006826.0000,3,2.894302,1,-0.793700,0
2014-10-15,sz.000606,7.3900,7.6700,7.2100,7.5100,7.5000,24790181,183947095.0000,3,6.106503,1,0.133300,0
2014-10-16,sz.000606,7.4000,7.6900,7.3500,7.3700,7.5100,17969012,135642104.0000,3,4.426262,1,-1.864200,0
2014-10-17,sz.000606,7.2700,7.3900,6.9600,7.0800,7.3700,18827535,134424927.0000,3,4.637740,1,-3.934900,0
2014-10-20,sz.000606,7.1200,7.3400,7.1200,7.2900,7.0800,11393263,82342183.0000,3,2.806474,1,2.966100,0
2014-10-21,sz.000606,7.2800,7.3400,7.0800,7.1100,7.2900,9963978,71700555.0000,3,2.454402,1,-2.469100,0
2014-10-22,sz.000606,7.1100,7.2000,6.8400,6.8900,7.1100,10581691,74458183.0000,3,2.606562,1,-3.094200,0
2014-10-23,sz.000606,6.9000,6.9700,6.7300,6.8500,6.8900,9326767,63990408.0000,3,2.297439,1,-0.580600,0
2014-10-24,sz.000606,6.8500,6.9600,6.7600,6.8000,6.8500,5705804,39167176.0000,3,1.405496,1,-0.729900,0
2014-10-27,sz.000606,6.8000,6.9000,6.7700,6.8900,6.8000,4589053,31503375.0000,3,1.130410,1,1.323500,0
2014-10-28,sz.000606,6.9100,7.1400,6.9100,7.0800,6.8900,7391295,52294120.0000,3,1.820679,1,2.757600,0
2014-10-29,sz.000606,7.1100,7.2800,7.0900,7.2400,7.0800,11944679,85995542.0000,3,2.942303,1,2.259900,0
2014-10-30,sz.000606,7.2300,7.3400,7.1300,7.1700,7.2400,11033038,79607587.0000,3,2.717741,1,-0.966800,0
2014-10-31,sz.000606,7.1600,7.3200,7.1300,7.2800,7.1700,16457486,119175346.0000,3,4.053931,1,1.534200,0
2014-11-03,sz.000606,7.2800,7.3400,7.2100,7.3100,7.2800,13711993,99948472.0000,3,3.377641,1,0.412100,0
2014-11-04,sz.000606,7.3100,7.5000,7.2500,7.3600,7.3100,14528001,107340799.0000,3,3.578646,1,0.684000,0
2014-11-05,sz.000606,7.3600,7.3700,7.2200,7.2500,7.3600,9119291,66332733.0000,3,2.246332,1,-1.494600,0
2014-11-06,sz.000606,7.2600,7.2700,7.0900,7.2000,7.2500,9519933,68227412.0000,3,2.345021,1,-0.689700,0
2014-11-07,sz.000606,7.2100,7.2900,7.0800,7.1300,7.2000,11806753,85053331.0000,3,2.908328,1,-0.972200,0
2014-11-10,sz.000606,7.1300,7.2100,7.0500,7.1500,7.1300,8948804,64018758.0000,3,2.204337,1,0.280500,0
2014-11-11,sz.000606,7.1500,7.1500,6.7800,6.8100,7.1500,15634169,108891534.0000,3,3.851126,1,-4.755200,0
2014-11-12,sz.000606,6.7000,6.9400,6.6500,6.9100,6.8100,7957905,54282751.0000,3,1.960251,1,1.468400,0
2014-11-13,sz.000606,6.9000,7.0800,6.6800,7.0500,6.9100,14654352,100570035.0000,3,3.609770,1,2.026100,0
2014-11-14,sz.000606,7.0000,7.0700,6.9600,7.0400,7.0500,6620594,46410624.0000,3,1.630834,1,-0.141800,0
2014-11-17,sz.000606,7.0400,7.1000,6.9800,7.0500,7.0400,5081542,35744831.0000,3,1.251724,1,0.142000,0
2014-11-18,sz.000606,7.0300,7.1400,7.0300,7.0800,7.0500,4353788,30809974.0000,3,1.072458,1,0.425500,0
2014-11-19,sz.000606,7.0700,7.1300,6.9900,7.0200,7.0800,6625824,46689674.0000,3,1.632123,1,-0.847500,0
2014-11-20,sz.000606,7.0200,7.1500,6.9700,7.1400,7.0200,9086570,64391722.0000,3,2.238272,1,1.709400,0
2014-11-21,sz.000606,7.1300,7.2800,7.0600,7.2600,7.1400,11955157,85459871.0000,3,2.944884,1,1.680700,0
2014-11-24,sz.000606,7.4500,7.5000,7.2400,7.2900,7.2600,16965651,124339869.0000,3,4.179106,1,0.413200,0
2014-11-25,sz.000606,7.2000,7.7400,7.1900,7.5900,7.2900,32759767,247740259.0000,3,8.069632,1,4.115200,0
2014-11-26,sz.000606,7.5000,7.5800,7.3500,7.4100,7.5900,21233424,157726638.0000,3,5.230376,1,-2.371500,0
2014-11-27,sz.000606,7.4600,7.8300,7.3900,7.6400,7.4100,33301613,253723739.0000,3,8.203103,1,3.103900,0
2014-11-28,sz.000606,7.6200,7.6200,7.3800,7.4600,7.6400,21048576,157471960.0000,3,5.184843,1,-2.356000,0
2014-12-01,sz.000606,7.4600,7.7500,7.3700,7.5900,7.4600,29903631,227220077.0000,3,7.366087,1,1.742600,0
2014-12-02,sz.000606,7.5700,7.6800,7.4700,7.6000,7.5900,17009742,128969139.0000,3,4.189967,1,0.131700,0
2014-12-03,sz.000606,7.5900,7.7300,7.4500,7.7300,7.6000,25272134,191333002.0000,3,6.225222,1,1.710500,0
2014-12-04,sz.000606,7.7100,7.9000,7.6500,7.7500,7.7300,26583416,206556481.0000,3,6.548226,1,0.258700,0
2014-12-05,sz.000606,7.7000,7.7000,7.2100,7.3700,7.7500,24266104,180752050.0000,3,5.977409,1,-4.903200,0
2014-12-08,sz.000606,7.3300,7.3300,7.0800,7.1600,7.3700,18600561,133592226.0000,3,4.581830,1,-2.849400,0
2014-12-09,sz.000606,7.1500,7.1500,6.8000,6.8300,7.1600,23321580,162794688.0000,3,5.744747,1,-4.608900,0
2014-12-10,sz.000606,6.8200,7.0600,6.7200,7.0500,6.8300,11566779,80297091.0000,3,2.849216,1,3.221100,0
2014-12-11,sz.000606,7.0200,7.1400,6.8800,7.1200,7.0500,12905766,90903415.0000,3,3.179045,1,0.992900,0
2014-12-12,sz.000606,7.0700,7.1700,7.0500,7.1200,7.1200,10526431,74725898.0000,3,2.592949,1,0.000000,0
2014-12-15,sz.000606,7.1100,7.2800,7.0800,7.2500,7.1200,18210638,131224284.0000,3,4.485781,1,1.825800,0
2014-12-16,sz.000606,7.2200,7.3100,7.1700,7.2700,7.2500,13025846,94378786.0000,3,3.208624,1,0.275900,0
2014-12-17,sz.000606,7.2600,7.2600,7.0000,7.0600,7.2700,10847810,77058411.0000,3,2.672114,1,-2.888600,0
2014-12-18,sz.000606,7.0500,7.1100,7.0000,7.0100,7.0600,9147644,64380775.0000,3,2.253316,1,-0.708200,0
2014-12-19,sz.000606,6.9900,6.9900,6.7600,6.8300,7.0100,11276513,77180640.0000,3,2.777715,1,-2.567800,0
2014-12-22,sz.000606,6.8200,6.8200,6.3100,6.3800,6.8300,15010983,97610719.0000,3,3.697618,1,-6.588600,0
2014-12-23,sz.000606,6.3800,6.5200,6.1400,6.3800,6.3800,7337843,47125197.0000,3,1.807513,1,0.000000,0
2014-12-24,sz.000606,6.3900,6.5500,6.3900,6.5100,6.3800,5961963,38628945.0000,3,1.468595,1,2.037600,0
2014-12-25,sz.000606,6.5500,6.6700,6.4800,6.6400,6.5100,5953752,39203386.0000,3,1.466573,1,1.996900,0
2014-12-26,sz.000606,6.6400,6.6400,6.4900,6.5900,6.6400,7711548,50499775.0000,3,1.899566,1,-0.753000,0
2014-12-29,sz.000606,6.5400,6.6200,6.3700,6.4400,6.5900,10558913,68024177.0000,3,2.600951,1,-2.276200,0
2014-12-30,sz.000606,6.4300,6.4600,6.2900,6.3200,6.4400,6251571,39841385.0000,3,1.539934,1,-1.863400,0
2014-12-31,sz.000606,6.3000,6.5800,6.3000,6.4600,6.3200,6515970,41787123.0000,3,1.605063,1,2.215200,0
2015-01-05,sz.000606,6.4500,6.6400,6.4000,6.5400,6.4600,8490728,55316333.0000,3,2.091500,1,1.238400,0
2015-01-06,sz.000606,6.5500,6.6800,6.4900,6.6500,6.5400,8446280,55757475.0000,3,2.080551,1,1.682000,0
2015-01-07,sz.000606,6.6500,6.7600,6.5700,6.6900,6.6500,9426813,62841959.0000,3,2.322083,1,0.601500,0
2015-01-08,sz.000606,6.6300,6.7000,6.5800,6.5800,6.6900,7501100,49689915.0000,3,1.847727,1,-1.644200,0
2015-01-09,sz.000606,6.5800,6.6700,6.5100,6.6600,6.5800,7880159,52250864.0000,3,1.941100,1,1.215800,0
2015-01-12,sz.000606,6.6600,6.9100,6.5900,6.8400,6.6600,16203598,110203402.0000,3,3.991392,1,2.702700,0
2015-01-13,sz.000606,6.8300,6.9200,6.7500,6.8300,6.8400,7506273,51406192.0000,3,1.849001,1,-0.146200,0
2015-01-14,sz.000606,6.8100,6.8700,6.7100,6.7800,6.8300,6557274,44462848.0000,3,1.615237,1,-0.732100,0
2015-01-15,sz.000606,6.8000,6.8000,6.6900,6.7700,6.7800,6204736,41843925.0000,3,1.528397,1,-0.147500,0
2015-01-16,sz.000606,6.7600,6.8800,6.7300,6.8500,6.7700,8662428,59042629.0000,3,2.133794,1,1.181700,0
2015-01-19,sz.000606,6.7500,6.8300,6.3800,6.5400,6.8500,9126091,60798470.0000,3,2.248007,1,-4.525500,0
2015-01-20,sz.000606,6.5300,6.7300,6.5300,6.6900,6.5400,6424516,42779646.0000,3,1.582535,1,2.293600,0
2015-01-21,sz.000606,6.6900,7.0700,6.6400,6.9100,6.6900,17530844,121122248.0000,3,4.318329,1,3.288500,0
2015-01-22,sz.000606,7.0900,7.1500,6.9200,7.1000,6.9100,14588395,103200070.0000,3,3.593523,1,2.749600,0
2015-01-23,sz.000606,7.1000,7.2000,6.9800,7.0500,7.1000,11377406,80589535.0000,3,2.802568,1,-0.704200,0
2015-01-26,sz.000606,7.0500,7.1400,6.9400,7.1400,7.0500,9334283,65959048.0000,3,2.299291,1,1.276600,0
2015-01-27,sz.000606,7.0600,7.2600,7.0600,7.2100,7.1400,13458954,96614853.0000,3,3.315311,1,0.980400,0
2015-01-28,sz.000606,7.1700,7.3100,7.1300,7.1700,7.2100,10271648,74239501.0000,3,2.530189,1,-0.554800,0
2015-01-29,sz.000606,7.1200,7.1600,7.0100,7.0500,7.1700,6980186,49464938.0000,3,1.719412,1,-1.673600,0
2015-01-30,sz.000606,7.0700,7.1100,6.8600,6.9000,7.0500,10047000,70261902.0000,3,2.474852,1,-2.127700,0
2015-02-02,sz.000606,6.7800,6.9500,6.6600,6.8600,6.9000,5428212,37160862.0000,3,1.337118,1,-0.579700,0
2015-02-03,sz.000606,6.8800,6.9900,6.8700,6.9100,6.8600,5249857,36300751.0000,3,1.293184,1,0.728900,0
2015-02-04,sz.000606,6.9100,6.9700,6.7800,6.8300,6.9100,5625538,38703353.0000,3,1.385725,1,-1.157700,0
2015-02-05,sz.000606,6.9000,6.9300,6.7900,6.7900,6.8300,5539653,37876497.0000,3,1.364569,1,-0.585700,0
2015-02-06,sz.000606,6.8000,6.8000,6.6600,6.6800,6.7900,4633130,31149488.0000,3,1.141267,1,-1.620000,0
2015-02-09,sz.000606,6.6700,6.7900,6.6200,6.7200,6.6800,3333597,22469623.0000,3,0.821157,1,0.598800,0
2015-02-10,sz.000606,6.7200,6.8100,6.7100,6.7600,6.7200,3140202,21189991.0000,3,0.773518,1,0.595200,0
2015-02-11,sz.000606,6.7500,6.8800,6.7100,6.8800,6.7600,4642726,31681146.0000,3,1.143631,1,1.775100,0
2015-02-12,sz.000606,6.8700,6.9000,6.7000,6.8100,6.8800,5643328,38424946.0000,3,1.390107,1,-1.017400,0
2015-02-13,sz.000606,6.8100,6.9900,6.8100,6.9900,6.8100,7721076,53451663.0000,3,1.901913,1,2.643200,0
2015-02-16,sz.000606,7.0000,7.0900,6.9200,7.0400,6.9900,7858446,55237036.0000,3,1.935751,1,0.715300,0
2015-02-17,sz.000606,7.0500,7.1000,6.9700,7.0600,7.0400,9935400,69765927.0000,3,2.447362,1,0.284100,0
2015-02-25,sz.000606,7.0600,7.1200,7.0200,7.0500,7.0600,6810372,48104490.0000,3,1.677582,1,-0.141600,0
2015-02-26,sz.000606,7.0500,7.1200,7.0300,7.1200,7.0500,7804899,55257453.0000,3,1.922561,1,0.992900,0
2015-02-27,sz.000606,7.1200,7.2600,7.0700,7.2100,7.1200,13007472,93285721.0000,3,3.204098,1,1.264000,0
2015-03-02,sz.000606,7.2100,7.3700,7.1600,7.3300,7.2100,19392647,141011783.0000,3,4.776942,1,1.664400,0
2015-03-03,sz.000606,7.3000,7.3600,7.2200,7.2300,7.3300,13820774,100594973.0000,3,3.404437,1,-1.364300,0
2015-03-04,sz.000606,7.2400,7.3500,7.2100,7.3200,7.2300,11872480,86710506.0000,3,2.924518,1,1.244800,0
2015-03-05,sz.000606,7.3400,7.5500,7.2700,7.5100,7.3200,20841003,154735028.0000,3,5.133712,1,2.595600,0
2015-03-06,sz.000606,7.4800,7.6500,7.3900,7.5500,7.5100,16837915,126245636.0000,3,4.147642,1,0.532600,0
2015-03-09,sz.000606,7.5400,7.6700,7.4100,7.6300,7.5500,15324303,115906710.0000,3,3.774797,1,1.059600,0
2015-03-10,sz.000606,7.5800,7.8800,7.5800,7.7800,7.6300,16622648,129159901.0000,3,4.094615,1,1.965900,0
2015-03-11,sz.000606,7.7900,8.3000,7.6600,8.2100,7.7800,26806121,213543677.0000,3,6.603085,1,5.527000,0
2015-03-12,sz.000606,8.1500,8.4900,8.0000,8.1700,8.2100,29277788,240851463.0000,3,7.211924,1,-0.487200,0
2015-03-13,sz.000606,8.2000,8.9900,8.1400,8.9900,8.1700,30476877,259946487.0000,3,7.507293,1,10.036700,0
2015-03-16,sz.000606,9.2100,9.4500,8.8800,9.2800,8.9900,48801298,448713488.0000,3,12.021102,1,3.225800,0
2015-03-17,sz.000606,9.3500,9.3500,9.0000,9.1000,9.2800,32691317,298200976.0000,3,8.052770,1,-1.939600,0
2015-03-18,sz.000606,9.0000,9.2100,8.9500,9.1200,9.1000,18288783,166144098.0000,3,4.505030,1,0.219800,0
2015-03-19,sz.000606,9.1300,9.4700,8.9300,9.2000,9.1200,23836177,220041667.0000,3,5.871506,1,0.877200,0
2015-03-20,sz.000606,9.1800,9.2900,8.9600,9.1400,9.2000,18201659,165534497.0000,3,4.483569,1,-0.652200,0
2015-03-23,sz.000606,9.1900,9.4000,9.0000,9.2600,9.1400,20990726,192381699.0000,3,5.170593,1,1.312900,0
2015-03-24,sz.000606,9.2600,9.9000,8.9900,9.7300,9.2600,33458026,314787216.0000,3,8.241632,1,5.075600,0
2015-03-25,sz.000606,9.7300,9.8000,9.3000,9.3500,9.7300,19420869,184245061.0000,3,4.783894,1,-3.905400,0
2015-03-26,sz.000606,9.3500,9.3500,9.0000,9.0500,9.3500,17241695,157619295.0000,3,4.247104,1,-3.208600,0
2015-03-27,sz.000606,9.1000,9.2400,9.0700,9.1400,9.0500,10305531,94534210.0000,3,2.538536,1,0.994500,0
2015-03-30,sz.000606,9.1100,9.2000,8.9800,9.1400,9.1400,21347819,193630347.0000,3,5.258555,1,0.000000,0
2015-03-31,sz.000606,9.1000,9.4300,9.0300,9.3100,9.1400,23087423,214641474.0000,3,5.687067,1,1.860000,0
2015-04-01,sz.000606,9.2700,10.1300,9.2400,9.9000,9.3100,33000758,321282384.0000,3,8.128994,1,6.337300,0
2015-04-02,sz.000606,9.9000,10.3800,9.8500,10.2000,9.9000,25159680,255120073.0000,3,6.197521,1,3.030300,0
2015-04-03,sz.000606,10.1200,10.1700,9.9100,10.0800,10.2000,18428016,184597466.0000,3,4.539327,1,-1.176500,0
2015-04-07,sz.000606,10.0800,10.4800,10.0500,10.1500,10.0800,20095549,204922012.0000,3,4.950086,1,0.694400,0
2015-04-08,sz.000606,10.1500,10.4200,9.7200,10.0000,10.1500,22079620,222083467.0000,3,5.438818,1,-1.477800,0
2015-04-09,sz.000606,10.0000,10.1000,9.3600,9.8600,10.0000,16628718,162228790.0000,3,4.096111,1,-1.400000,0
2015-04-10,sz.000606,9.8500,10.8500,9.7700,10.6000,9.8600,34228282,357644352.0000,3,8.431367,1,7.505100,0
2015-04-13,sz.000606,10.7500,11.1000,10.7000,10.9800,10.6000,26054395,284344896.0000,3,6.417914,1,3.584900,0
2015-04-14,sz.000606,10.9800,11.2300,10.7300,11.1200,10.9800,21649079,238124412.0000,3,5.332764,1,1.275000,0
2015-04-15,sz.000606,11.1100,11.1100,10.2800,10.5200,11.1200,22034964,235164834.0000,3,5.427818,1,-5.395700,0
2015-04-16,sz.000606,10.3500,10.6600,10.1300,10.3100,10.5200,19226284,199482654.0000,3,4.735963,1,-1.996200,0
2015-04-17,sz.000606,10.3700,10.5800,10.2500,10.2700,10.3100,17428093,180337038.0000,3,4.293019,1,-0.388000,0
2015-04-20,sz.000606,10.2800,11.3000,10.0500,11.3000,10.2700,31002941,340377520.0000,3,7.636877,1,10.029200,0
2015-04-21,sz.000606,12.1300,12.4300,11.5900,12.2000,11.3000,52090707,630470928.0000,3,12.831374,1,7.964600,0
2015-04-22,sz.000606,12.1000,12.3500,11.8800,12.2800,12.2000,39239077,475551920.0000,3,9.665664,1,0.655700,0
2015-04-23,sz.000606,11.7000,12.0100,11.5000,11.8000,12.2800,49403529,579712208.0000,3,12.169448,1,-3.908800,0
2015-04-24,sz.000606,11.6500,11.6600,11.1300,11.3700,11.8000,30640395,348132576.0000,3,7.547572,1,-3.644100,0
2015-04-27,sz.000606,11.3600,11.6100,11.3000,11.4100,11.3700,27713975,315584144.0000,3,6.826714,1,0.351800,0
2015-04-28,sz.000606,11.4600,11.4700,10.6300,10.6500,11.4100,26544879,290766240.0000,3,6.538734,1,-6.660800,0
2015-04-29,sz.000606,10.6200,11.0900,10.3000,10.9200,10.6500,18066579,195014517.0000,3,4.450295,1,2.535200,0
2015-04-30,sz.000606,10.9300,11.2400,10.8000,10.9500,10.9200,18505979,205513991.0000,3,4.558532,1,0.274700,0
2015-05-04,sz.000606,11.0000,11.2700,10.9200,11.0800,10.9500,12689528,141001733.0000,3,3.125780,1,1.187200,0
2015-05-05,sz.000606,11.1000,11.2500,10.5800,10.6600,11.0800,15635242,171085936.0000,3,3.851390,1,-3.790600,0
2015-05-06,sz.000606,10.6700,10.8700,10.4000,10.4500,10.6600,12260205,131024630.0000,3,3.020026,1,-1.970000,0
2015-05-07,sz.000606,10.4900,10.6200,9.8300,9.9300,10.4500,13247167,134353194.0000,3,3.263142,1,-4.976100,0
2015-05-08,sz.000606,9.9400,10.6700,9.9400,10.6500,9.9300,18102845,186178796.0000,3,4.459229,1,7.250700,0
2015-05-11,sz.000606,10.7500,11.0800,10.6700,11.0500,10.6500,19504775,213596413.0000,3,4.804563,1,3.755900,0
2015-05-12,sz.000606,11.0600,11.2300,10.9000,11.1000,11.0500,19987337,220853385.0000,3,4.923431,1,0.452500,0
2015-05-13,sz.000606,11.1000,11.2100,10.9000,11.0700,11.1000,20510223,226854257.0000,3,5.052232,1,-0.270300,0
2015-05-14,sz.000606,11.0000,11.4000,10.9000,11.1500,11.0700,19834007,221867782.0000,3,4.885661,1,0.722700,0
2015-05-15,sz.000606,11.1500,11.1600,10.6800,10.8500,11.1500,17357906,189247122.0000,3,4.275730,1,-2.690600,0
2015-05-18,sz.000606,10.7000,10.9800,10.5000,10.8200,10.8500,13411645,144407376.0000,3,3.303657,1,-0.276500,0
2015-05-19,sz.000606,10.8000,11.3700,10.7100,11.2000,10.8200,19606340,217163514.0000,3,4.829581,1,3.512000,0
2015-05-20,sz.000606,11.2200,12.1000,11.1800,11.4200,11.2000,29880967,348623120.0000,3,7.360504,1,1.964300,0
2015-05-21,sz.000606,11.4200,11.9000,11.3000,11.8000,11.4200,23300853,272427200.0000,3,5.739641,1,3.327500,0
2015-05-22,sz.000606,11.8600,12.9800,11.5000,12.9800,11.8000,42387274,516084768.0000,3,10.441151,1,10.000000,0
2015-05-25,sz.000606,13.2500,14.2800,13.1200,14.2800,12.9800,58967316,812783872.0000,3,14.525272,1,10.015400,0
2015-05-26,sz.000606,14.2700,15.7000,13.7700,15.1000,14.2800,51322031,744604016.0000,3,12.642028,1,5.742300,0
2015-05-27,sz.000606,14.9800,15.5000,14.4000,15.0000,15.1000,39548314,593682144.0000,3,9.741837,1,-0.662300,0
2015-05-28,sz.000606,14.9100,15.2500,13.5000,13.5900,15.0000,37065958,536164688.0000,3,9.130365,1,-9.400000,0
2015-05-29,sz.000606,13.4500,14.1000,12.8400,13.8600,13.5900,34906278,474993024.0000,3,8.598376,1,1.986800,0
2015-06-01,sz.000606,14.0000,15.2500,13.8800,15.0400,13.8600,36121120,524780096.0000,3,8.897625,1,8.513700,0
2015-06-02,sz.000606,15.0100,16.2000,14.7500,16.0800,15.0400,34957738,547943376.0000,3,8.611052,1,6.914900,0
2015-06-03,sz.000606,16.3000,16.5000,15.4900,15.9500,16.0800,31112191,498549184.0000,3,7.663788,1,-0.808500,0
2015-06-04,sz.000606,15.5600,15.9900,14.4700,15.6500,15.9500,27472636,421171520.0000,3,6.767266,1,-1.880900,0
2015-06-05,sz.000606,15.9900,16.4000,15.0200,15.5800,15.6500,28700118,451726816.0000,3,7.069628,1,-0.447300,0
2015-06-08,sz.000606,15.4600,15.4600,14.5000,14.8500,15.5800,33053952,491608000.0000,3,8.142097,1,-4.685500,0
2015-06-09,sz.000606,14.8000,15.5500,14.5000,15.1300,14.8500,24778384,372884672.0000,3,6.103597,1,1.885500,0
2015-06-10,sz.000606,14.9200,15.4100,14.5500,15.2000,15.1300,23158910,350047328.0000,3,5.704676,1,0.462700,0
2015-06-11,sz.000606,15.4000,15.6500,15.1600,15.2700,15.2000,24129992,369483680.0000,3,5.943881,1,0.460500,0
2015-06-12,sz.000606,15.3900,16.8000,15.1500,16.8000,15.2700,43744028,703849760.0000,3,10.775357,1,10.019600,0
2015-06-15,sz.000606,16.7500,18.4000,16.3000,17.7500,16.8000,54310669,955707872.0000,3,13.378211,1,5.654800,0
2015-06-16,sz.000606,17.7600,18.4100,16.9000,17.4200,17.7500,39761310,706040816.0000,3,9.794304,1,-1.859200,0
2015-06-17,sz.000606,17.2500,17.7100,16.1000,17.2900,17.4200,30289175,512983088.0000,3,7.461057,1,-0.746300,0
2015-06-18,sz.000606,17.1200,17.7000,16.7700,16.8000,17.2900,19471329,335587808.0000,3,4.796324,1,-2.834000,0
2015-06-19,sz.000606,16.2200,16.2200,15.1200,15.1200,16.8000,22633028,351012160.0000,3,5.575137,1,-10.000000,0
2015-06-23,sz.000606,14.5900,15.1200,13.6100,14.6900,15.1200,25897073,369162432.0000,3,6.379161,1,-2.843900,0
2015-06-24,sz.000606,14.9800,15.5800,14.5200,15.2000,14.6900,22748831,341979984.0000,3,5.603663,1,3.471800,0
2015-06-25,sz.000606,15.1900,15.1900,13.8600,14.0000,15.2000,20151519,296028640.0000,3,4.963873,1,-7.894700,0
2015-06-26,sz.000606,13.5000,13.5100,12.6000,12.6000,14.0000,21081656,271299344.0000,3,5.192992,1,-10.000000,0
2015-06-29,sz.000606,12.8900,13.0000,11.3400,11.3400,12.6000,24940538,291654800.0000,3,6.143540,1,-10.000000,0
2015-06-30,sz.000606,10.5600,11.9800,10.2100,11.7800,11.3400,28231785,311869408.0000,3,6.954265,1,3.880100,0
2015-07-01,sz.000606,11.7000,12.4900,10.6900,10.7000,11.7800,24353956,287916576.0000,3,5.999049,1,-9.168100,0
2015-07-02,sz.000606,10.7000,11.0200,9.6300,9.6300,10.7000,30461054,303104016.0000,3,7.503395,1,-10.000000,0
2015-07-03,sz.000606,8.7000,9.6500,8.6700,8.6700,9.6300,26811683,237018330.0000,3,6.604455,1,-9.968800,0
2015-07-06,sz.000606,9.4600,9.4600,7.8000,7.8000,8.6700,27987818,240930740.0000,3,6.894169,1,-10.034600,0
2015-07-07,sz.000606,7.0500,7.0500,7.0200,7.0200,7.8000,17547300,123258392.0000,3,4.322383,1,-10.000000,0
2015-07-08,sz.000606,6.3200,6.3200,6.3200,6.3200,7.0200,3341800,21120176.0000,3,0.823177,1,-9.971500,0
2015-07-09,sz.000606,5.6900,6.9500,5.6900,6.9500,6.3200,38094645,240578389.0000,3,9.383759,1,9.968300,0
2015-07-10,sz.000606,7.4700,7.6500,7.0100,7.6500,6.9500,17508915,131879424.0000,3,4.312927,1,10.071900,0
2015-07-13,sz.000606,8.4000,8.4200,7.9500,8.4200,7.6500,32578595,272141152.0000,3,8.025004,1,10.065400,0
2015-07-14,sz.000606,8.8600,9.2600,8.5300,8.8500,8.4200,58048210,519781472.0000,3,14.298871,1,5.106900,0
2015-07-15,sz.000606,8.4000,8.6000,7.9700,7.9700,8.8500,32873063,268126714.0000,3,8.097540,1,-9.943500,0
2015-07-16,sz.000606,7.2500,8.4100,7.1800,7.9000,7.9700,39442346,307449760.0000,3,9.715735,1,-0.878300,0
2015-07-17,sz.000606,7.9500,8.6500,7.9500,8.5000,7.9000,26468254,220423898.0000,3,6.519859,1,7.594900,0
2015-07-20,sz.000606,8.3800,9.1500,8.3800,8.6400,8.5000,31616515,277753712.0000,3,7.788017,1,1.647100,0
2015-07-21,sz.000606,8.6000,9.2600,8.3200,9.2400,8.6400,36799090,330613808.0000,3,9.064628,1,6.944400,0
2015-07-22,sz.000606,9.2800,9.3200,8.8100,9.1500,9.2400,29965091,272815392.0000,3,7.381226,1,-0.974000,0
2015-07-23,sz.000606,9.0900,9.6600,9.0900,9.4700,9.1500,26970680,252975513.0000,3,6.643620,1,3.497300,0
2015-07-24,sz.000606,9.4600,9.9000,9.1300,9.2400,9.4700,33218591,319337552.0000,3,8.182653,1,-2.428700,0
2015-07-27,sz.000606,9.1900,9.6600,8.3200,8.3200,9.2400,32622861,294716976.0000,3,8.035908,1,-9.956700,0
2015-07-28,sz.000606,7.5200,8.4500,7.5000,7.7500,8.3200,33888795,264639252.0000,3,8.347742,1,-6.851000,0
2015-07-29,sz.000606,7.9900,8.5300,7.4900,8.5200,7.7500,26294254,208473205.0000,3,6.476998,1,9.935500,0
2015-07-30,sz.000606,8.6400,8.9800,8.3600,8.4100,8.5200,28155431,246492706.0000,3,6.935457,1,-1.291100,0
2015-07-31,sz.000606,8.2600,8.5600,8.0000,8.3300,8.4100,16755597,140008042.0000,3,4.127364,1,-0.951200,0
2015-08-03,sz.000606,8.3000,8.4900,7.7500,7.9500,8.3300,18420562,150354032.0000,3,4.537491,1,-4.561800,0
2015-08-04,sz.000606,8.0000,8.7500,8.0000,8.7500,7.9500,19755344,165366642.0000,3,4.866285,1,10.062900,0
2015-08-05,sz.000606,8.8500,9.1300,8.5100,8.7600,8.7500,27584611,244903354.0000,3,6.794848,1,0.114300,0
2015-08-06,sz.000606,8.4000,8.9900,8.2600,8.7300,8.7600,17358700,151679466.0000,3,4.275925,1,-0.342500,0
2015-08-07,sz.000606,8.9000,9.0200,8.8000,8.9800,8.7300,23643260,211281522.0000,3,5.823985,1,2.863700,0
2015-08-10,sz.000606,9.2000,9.5800,9.1000,9.4900,8.9800,28424398,264695248.0000,3,7.001711,1,5.679300,0
2015-08-11,sz.000606,9.4800,9.9700,9.3700,9.6500,9.4900,30098964,290643040.0000,3,7.414203,1,1.686000,0
2015-08-12,sz.000606,9.5000,9.8200,9.2500,9.2600,9.6500,22439409,213609421.0000,3,5.527444,1,-4.041400,0
2015-08-13,sz.000606,9.2300,9.8400,9.1100,9.7200,9.2600,22752860,214704634.0000,3,5.604655,1,4.967600,0
2015-08-14,sz.000606,9.7800,10.4900,9.7300,10.1000,9.7200,32177356,323885296.0000,3,7.926168,1,3.909500,0
2015-08-17,sz.000606,10.1000,11.1100,9.9200,11.1100,10.1000,44258392,473381408.0000,3,10.902059,1,10.000000,0
2015-08-18,sz.000606,11.3300,11.3300,10.0000,10.0000,11.1100,35888728,378871600.0000,3,8.840381,1,-9.991000,0
2015-08-19,sz.000606,9.1200,10.4800,9.0000,10.0700,10.0000,49168671,467034528.0000,3,12.111596,1,0.700000,0
2015-08-20,sz.000606,9.8600,10.1500,9.3000,9.4500,10.0700,26878747,263056145.0000,3,6.620975,1,-6.156900,0
2015-08-21,sz.000606,9.1200,9.5500,8.6300,8.8100,9.4500,22688746,206936853.0000,3,5.588862,1,-6.772500,0
2015-08-24,sz.000606,7.9500,8.4800,7.9300,7.9300,8.8100,11020200,88093241.0000,3,2.714578,1,-9.988700,0
2015-08-25,sz.000606,7.1400,7.6000,7.1400,7.1400,7.9300,21226771,152550175.0000,3,5.228738,1,-9.962200,0
2015-08-26,sz.000606,6.9100,7.4800,6.4700,6.6800,7.1400,29245514,206249760.0000,3,7.203974,1,-6.442600,0
2015-08-27,sz.000606,6.8300,7.1300,6.5800,7.0700,6.6800,21051163,145222934.0000,3,5.185480,1,5.838300,0
2015-08-28,sz.000606,7.3500,7.7700,7.1500,7.7700,7.0700,21019675,156262685.0000,3,5.177724,1,9.901000,0
2015-08-31,sz.000606,7.7800,7.7800,7.3800,7.4000,7.7700,15616938,117289764.0000,3,3.846881,1,-4.761900,0
2015-09-01,sz.000606,7.2200,7.3800,6.7500,6.8000,7.4000,15497885,108154473.0000,3,3.817555,1,-8.108100,0
2015-09-02,sz.000606,6.4400,7.0500,6.3000,6.4200,6.8000,13287913,88584880.0000,3,3.273178,1,-5.588200,0
2015-09-07,sz.000606,6.7000,6.8800,6.5000,6.6500,6.4200,9920113,66737215.0000,3,2.443597,1,3.582600,0
2015-09-08,sz.000606,6.6800,7.3200,6.5600,7.3200,6.6500,12421570,86189852.0000,3,3.059774,1,10.075200,0
2015-09-09,sz.000606,7.4000,8.0500,7.3400,7.9400,7.3200,23717532,183311820.0000,3,5.842280,1,8.469900,0
2015-09-10,sz.000606,7.7000,7.8900,7.4500,7.4800,7.9400,14224146,109337444.0000,3,3.503798,1,-5.793500,0
2015-09-11,sz.000606,7.5000,7.6500,7.3700,7.6100,7.4800,10374411,78174702.0000,3,2.555503,1,1.738000,0
2015-09-14,sz.000606,7.6300,7.7200,6.8500,6.8500,7.6100,15482498,111434767.0000,3,3.813765,1,-9.986900,0
2015-09-15,sz.000606,6.5900,6.8000,6.1700,6.2400,6.8500,14435901,94172858.0000,3,3.555959,1,-8.905100,0
2015-09-16,sz.000606,6.4000,6.8600,6.3700,6.8600,6.2400,10883851,71786347.0000,3,2.680992,1,9.935900,0
2015-09-17,sz.000606,6.9100,7.5500,6.8000,7.1100,6.8600,28624018,209588439.0000,3,7.050883,1,3.644300,0
2015-09-18,sz.000606,7.3500,7.8200,7.2100,7.8200,7.1100,37660136,291172448.0000,3,9.276727,1,9.985900,0
2015-09-21,sz.000606,7.8200,7.8200,7.8200,7.8200,7.8200,0,0.0000,3,,0,0.000000,0
2015-09-22,sz.000606,7.8200,7.8200,7.8200,7.8200,7.8200,0,0.0000,3,,0,0.000000,0
2015-09-23,sz.000606,7.8200,7.8200,7.8200,7.8200,7.8200,0,0.0000,3,,0,0.000000,0
2015-09-24,sz.000606,7.8200,7.8200,7.8200,7.8200,7.8200,0,0.0000,3,,0,0.000000,0
2015-09-25,sz.000606,7.8200,7.8200,7.8200,7.8200,7.8200,0,0.0000,3,,0,0.000000,0
2015-09-28,sz.000606,7.8200,7.8200,7.8200,7.8200,7.8200,0,0.0000,3,,0,0.000000,0
2015-09-29,sz.000606,7.8200,7.8200,7.8200,7.8200,7.8200,0,0.0000,3,,0,0.000000,0
2015-09-30,sz.000606,7.8200,7.8200,7.8200,7.8200,7.8200,0,0.0000,3,,0,0.000000,0
2015-10-08,sz.000606,7.8200,7.8200,7.8200,7.8200,7.8200,0,0.0000,3,,0,0.000000,0
2015-10-09,sz.000606,7.8200,7.8200,7.8200,7.8200,7.8200,0,0.0000,3,,0,0.000000,0
2015-10-12,sz.000606,7.8200,7.8200,7.8200,7.8200,7.8200,0,0.0000,3,,0,0.000000,0
2015-10-13,sz.000606,7.8200,7.8200,7.8200,7.8200,7.8200,0,0.0000,3,,0,0.000000,0
2015-10-14,sz.000606,7.8200,7.8200,7.8200,7.8200,7.8200,0,0.0000,3,,0,0.000000,0
2015-10-15,sz.000606,7.8200,7.8200,7.8200,7.8200,7.8200,0,0.0000,3,,0,0.000000,0
2015-10-16,sz.000606,7.8200,7.8200,7.8200,7.8200,7.8200,0,0.0000,3,,0,0.000000,0
2015-10-19,sz.000606,7.8200,7.8200,7.8200,7.8200,7.8200,0,0.0000,3,,0,0.000000,0
2015-10-20,sz.000606,7.8200,7.8200,7.8200,7.8200,7.8200,0,0.0000,3,,0,0.000000,0
2015-10-21,sz.000606,7.8200,7.8200,7.8200,7.8200,7.8200,0,0.0000,3,,0,0.000000,0
2015-10-22,sz.000606,7.8200,7.8200,7.8200,7.8200,7.8200,0,0.0000,3,,0,0.000000,0
2015-10-23,sz.000606,7.8200,7.8200,7.8200,7.8200,7.8200,0,0.0000,3,,0,0.000000,0
2015-10-26,sz.000606,7.8200,7.8200,7.8200,7.8200,7.8200,0,0.0000,3,,0,0.000000,0
2015-10-27,sz.000606,7.8200,7.8200,7.8200,7.8200,7.8200,0,0.0000,3,,0,0.000000,0
2015-10-28,sz.000606,7.8200,7.8200,7.8200,7.8200,7.8200,0,0.0000,3,,0,0.000000,0
2015-10-29,sz.000606,7.8200,7.8200,7.8200,7.8200,7.8200,0,0.0000,3,,0,0.000000,0
2015-10-30,sz.000606,7.8200,7.8200,7.8200,7.8200,7.8200,0,0.0000,3,,0,0.000000,0
2015-11-02,sz.000606,7.8200,7.8200,7.8200,7.8200,7.8200,0,0.0000,3,,0,0.000000,0
2015-11-03,sz.000606,7.8200,7.8200,7.8200,7.8200,7.8200,0,0.0000,3,,0,0.000000,0
2015-11-04,sz.000606,7.8200,7.8200,7.8200,7.8200,7.8200,0,0.0000,3,,0,0.000000,0
2015-11-05,sz.000606,7.8200,7.8200,7.8200,7.8200,7.8200,0,0.0000,3,,0,0.000000,0
2015-11-06,sz.000606,7.8200,7.8200,7.8200,7.8200,7.8200,0,0.0000,3,,0,0.000000,0
2015-11-09,sz.000606,7.8200,7.8200,7.8200,7.8200,7.8200,0,0.0000,3,,0,0.000000,0
2015-11-10,sz.000606,7.8200,7.8200,7.8200,7.8200,7.8200,0,0.0000,3,,0,0.000000,0
2015-11-11,sz.000606,7.8200,7.8200,7.8200,7.8200,7.8200,0,0.0000,3,,0,0.000000,0
2015-11-12,sz.000606,7.8200,7.8200,7.8200,7.8200,7.8200,0,0.0000,3,,0,0.000000,0
2015-11-13,sz.000606,7.8200,7.8200,7.8200,7.8200,7.8200,0,0.0000,3,,0,0.000000,0
2015-11-16,sz.000606,7.8200,7.8200,7.8200,7.8200,7.8200,0,0.0000,3,,0,0.000000,0
2015-11-17,sz.000606,7.8200,7.8200,7.8200,7.8200,7.8200,0,0.0000,3,,0,0.000000,0
2015-11-18,sz.000606,7.8200,7.8200,7.8200,7.8200,7.8200,0,0.0000,3,,0,0.000000,0
2015-11-19,sz.000606,7.8200,7.8200,7.8200,7.8200,7.8200,0,0.0000,3,,0,0.000000,0
2015-11-20,sz.000606,7.8200,7.8200,7.8200,7.8200,7.8200,0,0.0000,3,,0,0.000000,0
2015-11-23,sz.000606,7.8200,7.8200,7.8200,7.8200,7.8200,0,0.0000,3,,0,0.000000,0
2015-11-24,sz.000606,7.8200,7.8200,7.8200,7.8200,7.8200,0,0.0000,3,,0,0.000000,0
2015-11-25,sz.000606,7.8200,7.8200,7.8200,7.8200,7.8200,0,0.0000,3,,0,0.000000,0
2015-11-26,sz.000606,7.8200,7.8200,7.8200,7.8200,7.8200,0,0.0000,3,,0,0.000000,0
2015-11-27,sz.000606,7.8200,7.8200,7.8200,7.8200,7.8200,0,0.0000,3,,0,0.000000,0
2015-11-30,sz.000606,7.8200,7.8200,7.8200,7.8200,7.8200,0,0.0000,3,,0,0.000000,0
2015-12-01,sz.000606,7.8200,7.8200,7.8200,7.8200,7.8200,0,0.0000,3,,0,0.000000,0
2015-12-02,sz.000606,7.8200,7.8200,7.8200,7.8200,7.8200,0,0.0000,3,,0,0.000000,0
2015-12-03,sz.000606,7.8200,7.8200,7.8200,7.8200,7.8200,0,0.0000,3,,0,0.000000,0
2015-12-04,sz.000606,7.8200,7.8200,7.8200,7.8200,7.8200,0,0.0000,3,,0,0.000000,0
2015-12-07,sz.000606,7.8200,7.8200,7.8200,7.8200,7.8200,0,0.0000,3,,0,0.000000,0
2015-12-08,sz.000606,7.8200,7.8200,7.8200,7.8200,7.8200,0,0.0000,3,,0,0.000000,0
2015-12-09,sz.000606,7.8200,7.8200,7.8200,7.8200,7.8200,0,0.0000,3,,0,0.000000,0
2015-12-10,sz.000606,7.8200,7.8200,7.8200,7.8200,7.8200,0,0.0000,3,,0,0.000000,0
2015-12-11,sz.000606,7.8200,7.8200,7.8200,7.8200,7.8200,0,0.0000,3,,0,0.000000,0
2015-12-14,sz.000606,7.8200,7.8200,7.8200,7.8200,7.8200,0,0.0000,3,,0,0.000000,0
2015-12-15,sz.000606,7.8200,7.8200,7.8200,7.8200,7.8200,0,0.0000,3,,0,0.000000,0
2015-12-16,sz.000606,7.8200,7.8200,7.8200,7.8200,7.8200,0,0.0000,3,,0,0.000000,0
2015-12-17,sz.000606,7.8200,7.8200,7.8200,7.8200,7.8200,0,0.0000,3,,0,0.000000,0
2015-12-18,sz.000606,7.8200,7.8200,7.8200,7.8200,7.8200,0,0.0000,3,,0,0.000000,0
2015-12-21,sz.000606,8.6000,8.6000,8.6000,8.6000,7.8200,192511,1655594.0000,3,0.047421,1,9.974400,0
2015-12-22,sz.000606,9.4600,9.4600,9.4600,9.4600,8.6000,210700,1993222.0000,3,0.051901,1,10.000000,0
2015-12-23,sz.000606,10.4100,10.4100,10.4100,10.4100,9.4600,280403,2918995.0000,3,0.069071,1,10.042300,0
2015-12-24,sz.000606,11.4500,11.4500,11.4500,11.4500,10.4100,609820,6982439.0000,3,0.150215,1,9.990400,0
2015-12-25,sz.000606,12.6000,12.6000,12.6000,12.6000,11.4500,7122934,89748968.0000,3,1.766715,1,10.043700,0
2015-12-28,sz.000606,13.8600,13.8600,13.8600,13.8600,12.6000,10641515,147491397.0000,3,2.267414,1,10.000000,0
2015-12-29,sz.000606,15.2500,15.2500,15.2500,15.2500,13.8600,5122465,78117591.0000,3,1.091456,1,10.028900,0
2015-12-30,sz.000606,16.7800,16.7800,16.7800,16.7800,15.2500,1368051,22955895.0000,3,0.291494,1,10.032800,0
2015-12-31,sz.000606,18.4600,18.4600,17.1700,18.4600,16.7800,188638341,3451964576.0000,3,40.193640,1,10.011900,0
2016-01-04,sz.000606,17.4900,18.7000,16.6100,16.6100,18.4600,88155762,1542994272.0000,3,18.783567,1,-10.021700,0
2016-01-05,sz.000606,15.5000,17.2100,14.9500,15.7700,16.6100,93270924,1498121904.0000,3,19.873467,1,-5.057200,0
2016-01-06,sz.000606,15.9000,17.3200,15.7700,16.7000,15.7700,68162757,1119388240.0000,3,14.523608,1,5.897300,0
2016-01-07,sz.000606,15.9900,15.9900,15.0300,15.0300,16.7000,13440776,206625039.0000,3,2.863860,1,-10.000000,0
2016-01-08,sz.000606,15.0000,15.5000,13.9800,14.1700,15.0300,53800877,785133248.0000,3,11.463487,1,-5.721900,0
2016-01-11,sz.000606,13.6700,13.8700,12.7500,12.7500,14.1700,37320114,491152240.0000,3,7.951889,1,-10.021200,0
2016-01-12,sz.000606,12.6600,13.4500,12.3000,12.9000,12.7500,42944913,552145424.0000,3,9.150379,1,1.176500,0
2016-01-13,sz.000606,13.0900,13.1900,11.6100,11.6100,12.9000,43294467,523665248.0000,3,9.224860,1,-10.000000,0
2016-01-14,sz.000606,11.0500,12.7400,11.0200,12.4600,11.6100,42958749,514363600.0000,3,9.153327,1,7.321300,0
2016-01-15,sz.000606,12.0000,13.3000,11.9300,12.1700,12.4600,36172563,454293856.0000,3,7.707378,1,-2.327400,0
2016-01-18,sz.000606,11.7700,13.3200,11.7500,12.9500,12.1700,32269765,410649280.0000,3,6.875799,1,6.409200,0
2016-01-19,sz.000606,12.8000,13.7200,12.3800,13.4100,12.9500,39696933,519643920.0000,3,8.458324,1,3.552100,0
2016-01-20,sz.000606,13.1100,13.5600,12.9000,13.4100,13.4100,28818590,379618480.0000,3,6.140449,1,0.000000,0
2016-01-21,sz.000606,13.1600,13.2900,12.0700,12.0700,13.4100,28758031,364979488.0000,3,6.127545,1,-9.992500,0
2016-01-22,sz.000606,12.0600,12.3000,11.1000,11.8200,12.0700,22913472,267089538.0000,3,4.882230,1,-2.071300,0
2016-01-25,sz.000606,11.9500,12.7300,11.8500,12.7200,11.8200,28253766,348980112.0000,3,6.020100,1,7.614200,0
2016-01-26,sz.000606,12.4000,13.0900,11.4500,11.5400,12.7200,31390157,389168352.0000,3,6.688379,1,-9.276700,0
2016-01-27,sz.000606,11.4800,11.6000,10.5100,11.3300,11.5400,23798334,263050010.0000,3,5.070770,1,-1.819800,0
2016-01-28,sz.000606,11.0200,11.2200,10.2000,10.2000,11.3300,17288652,185413972.0000,3,3.683736,1,-9.973500,0
2016-01-29,sz.000606,10.2500,10.8800,10.0000,10.5900,10.2000,17267718,181107154.0000,3,3.679276,1,3.823500,0
2016-02-01,sz.000606,10.2800,10.5500,9.5300,9.5300,10.5900,39362622,386037136.0000,3,8.387092,1,-10.009400,0
2016-02-02,sz.000606,9.4000,10.4800,9.2700,10.4800,9.5300,53387623,539823472.0000,3,11.375433,1,9.968500,0
2016-02-03,sz.000606,10.1600,10.3500,9.6000,10.1600,10.4800,37172619,371895408.0000,3,7.920462,1,-3.053400,0
2016-02-04,sz.000606,10.0100,11.1800,10.0000,11.1800,10.1600,43345520,467514480.0000,3,9.235738,1,10.039400,0
2016-02-05,sz.000606,11.2000,11.4500,10.5900,10.7500,11.1800,26035480,285403616.0000,3,5.547444,1,-3.846200,0
2016-02-15,sz.000606,10.2000,11.1000,10.0000,10.8000,10.7500,23224903,245068047.0000,3,4.948588,1,0.465100,0
2016-02-16,sz.000606,10.8300,11.6700,10.8200,11.4300,10.8000,29611314,334017008.0000,3,6.309356,1,5.833300,0
2016-02-17,sz.000606,11.4200,11.7300,11.0400,11.5500,11.4300,26838448,305013760.0000,3,5.718535,1,1.049900,0
2016-02-18,sz.000606,11.5600,11.8400,11.2000,11.6200,11.5500,29424415,339344112.0000,3,6.269533,1,0.606100,0
2016-02-19,sz.000606,11.4900,11.6500,11.1500,11.3600,11.6200,24291202,276294512.0000,3,5.175787,1,-2.237500,0
2016-02-22,sz.000606,11.4800,11.6200,11.2600,11.4400,11.3600,28044868,321268672.0000,3,5.975590,1,0.704200,0
2016-02-23,sz.000606,11.5600,12.0800,11.2800,11.3800,11.4400,35706986,414186544.0000,3,7.608176,1,-0.524500,0
2016-02-24,sz.000606,11.3100,11.3900,10.5500,11.0200,11.3800,32338887,354583280.0000,3,6.890527,1,-3.163400,0
2016-02-25,sz.000606,11.0200,11.0200,11.0200,11.0200,11.0200,0,0.0000,3,,0,0.000000,0
2016-02-26,sz.000606,11.0200,11.0200,11.0200,11.0200,11.0200,0,0.0000,3,,0,0.000000,0
2016-02-29,sz.000606,11.0200,11.0200,11.0200,11.0200,11.0200,0,0.0000,3,,0,0.000000,0
2016-03-01,sz.000606,11.0200,11.0200,11.0200,11.0200,11.0200,0,0.0000,3,,0,0.000000,0
2016-03-02,sz.000606,11.0200,11.0200,11.0200,11.0200,11.0200,0,0.0000,3,,0,0.000000,0
2016-03-03,sz.000606,11.0000,11.0900,10.4500,10.5600,11.0200,50473249,537851712.0000,3,10.754461,1,-4.174200,0
2016-03-04,sz.000606,10.2800,10.3600,9.5000,9.5000,10.5600,39882202,390975008.0000,3,8.497800,1,-10.037900,0
2016-03-07,sz.000606,9.4400,9.8500,9.3400,9.5900,9.5000,24628400,236280211.0000,3,5.247634,1,0.947400,0
2016-03-08,sz.000606,9.5900,9.5900,8.7000,9.3200,9.5900,30611638,275923712.0000,3,6.522498,1,-2.815400,0
2016-03-09,sz.000606,9.0800,9.2600,8.7900,9.0600,9.3200,17614646,159701693.0000,3,3.753196,1,-2.789700,0
2016-03-10,sz.000606,9.0900,9.5900,8.9600,9.1600,9.0600,29772438,276795520.0000,3,6.343687,1,1.103700,0
2016-03-11,sz.000606,8.9600,9.1400,8.8000,9.0200,9.1600,18156677,162767597.0000,3,3.868688,1,-1.528400,0
2016-03-14,sz.000606,9.1200,9.7400,9.0800,9.3100,9.0200,40389619,381474160.0000,3,8.605916,1,3.215100,0
2016-03-15,sz.000606,9.3500,9.6800,9.2000,9.2800,9.3100,27867209,262367450.0000,3,5.937735,1,-0.322200,0
2016-03-16,sz.000606,9.3600,9.4300,8.8800,9.1000,9.2800,21042934,191552357.0000,3,4.483670,1,-1.939600,0
2016-03-17,sz.000606,9.1500,9.6600,9.0600,9.6100,9.1000,37139484,350308768.0000,3,7.913402,1,5.604400,0
2016-03-18,sz.000606,9.6700,10.2500,9.5100,10.1600,9.6100,39657643,393272432.0000,3,8.449953,1,5.723200,0
2016-03-21,sz.000606,10.3000,10.3300,9.9400,10.2600,10.1600,36920383,372734528.0000,3,7.866718,1,0.984300,0
2016-03-22,sz.000606,10.0300,10.9000,9.9800,10.8500,10.2600,43794146,457669376.0000,3,9.331327,1,5.750500,0
2016-03-23,sz.000606,10.6600,11.1500,10.4500,10.8100,10.8500,32873354,352130816.0000,3,7.004407,1,-0.368700,0
2016-03-24,sz.000606,10.6100,10.6200,10.1400,10.1600,10.8100,29381635,306568672.0000,3,6.260418,1,-6.013000,0
2016-03-25,sz.000606,10.1300,10.5700,10.1300,10.2500,10.1600,20188210,208416292.0000,3,4.301552,1,0.885800,0
2016-03-28,sz.000606,10.3700,10.6000,9.9600,10.0600,10.2500,26317560,271185632.0000,3,5.607548,1,-1.853700,0
2016-03-29,sz.000606,10.1100,10.2800,9.9000,10.0900,10.0600,16143465,163007149.0000,3,3.439728,1,0.298200,0
2016-03-30,sz.000606,10.1300,10.4900,10.0800,10.3900,10.0900,19141736,196759342.0000,3,4.078577,1,2.973200,0
2016-03-31,sz.000606,10.3900,10.3900,10.3900,10.3900,10.3900,0,0.0000,3,,0,0.000000,0
2016-04-01,sz.000606,9.8700,9.8700,9.8700,9.8700,10.3900,2269300,22397991.0000,3,0.483525,1,-5.004800,1
2016-04-05,sz.000606,9.3800,10.1800,9.3800,9.9900,9.8700,42660595,413002464.0000,3,9.089799,1,1.215800,1
2016-04-06,sz.000606,9.9000,10.4900,9.8200,10.4900,9.9900,25246781,255521608.0000,3,5.379394,1,5.005000,1
2016-04-07,sz.000606,10.6500,10.9200,10.2900,10.3400,10.4900,23054845,243342472.0000,3,4.912353,1,-1.429900,1
2016-04-08,sz.000606,10.2400,10.3300,9.8200,9.9900,10.3400,19798939,199151933.0000,3,4.218609,1,-3.384900,1
2016-04-11,sz.000606,10.0400,10.4800,10.0400,10.1600,9.9900,19914231,204433570.0000,3,4.243175,1,1.701700,1
2016-04-12,sz.000606,10.1700,10.3300,9.7500,9.9900,10.1600,16627117,166097127.0000,3,3.542781,1,-1.673200,1
2016-04-13,sz.000606,10.0200,10.2300,9.9800,10.0900,9.9900,20916539,211734633.0000,3,4.456739,1,1.001000,1
2016-04-14,sz.000606,10.4200,10.5900,10.4100,10.5900,10.0900,9831596,103938036.0000,3,2.094843,1,4.955400,1
2016-04-15,sz.000606,10.8900,10.8900,10.4600,10.7900,10.5900,36022759,385429008.0000,3,7.675459,1,1.888600,1
2016-04-18,sz.000606,10.6100,11.0800,10.4600,11.0300,10.7900,20625935,220977800.0000,3,4.394819,1,2.224300,1
2016-04-19,sz.000606,11.0100,11.2600,10.9300,11.1900,11.0300,19350508,214996410.0000,3,4.123061,1,1.450600,1
2016-04-20,sz.000606,11.4000,11.6400,10.6300,11.2400,11.1900,28843432,322571984.0000,3,6.145742,1,0.446800,1
2016-04-21,sz.000606,11.0300,11.4700,10.9600,11.1000,11.2400,18654568,209282765.0000,3,3.974775,1,-1.245500,1
2016-04-22,sz.000606,10.9800,11.2300,10.8000,11.1800,11.1000,11624181,128725798.0000,3,2.476793,1,0.720700,1
2016-04-25,sz.000606,11.2500,11.5600,11.0000,11.3700,11.1800,12490112,141474477.0000,3,2.661299,1,1.699500,1
2016-04-26,sz.000606,11.4000,11.5200,11.2000,11.3800,11.3700,10633963,120414037.0000,3,2.265805,1,0.088000,1
2016-04-27,sz.000606,11.4300,11.5000,11.1700,11.1800,11.3800,10538208,119227351.0000,3,2.245402,1,-1.757500,1
2016-04-28,sz.000606,11.0500,11.2400,10.6400,10.8700,11.1800,11835854,129060565.0000,3,2.521895,1,-2.772800,1
2016-04-29,sz.000606,10.8700,11.0500,10.6700,10.7500,10.8700,9428616,102116270.0000,3,2.008979,1,-1.104000,1
2016-05-03,sz.000606,10.7200,10.9900,10.5900,10.9000,10.7500,10798064,116880018.0000,3,2.300770,1,1.395300,1
2016-05-04,sz.000606,10.8400,11.1500,10.8000,10.9900,10.9000,8933692,98498283.0000,3,1.903524,1,0.825700,1
2016-05-05,sz.000606,10.9500,11.1100,10.8200,10.8500,10.9900,8355208,91069543.0000,3,1.780265,1,-1.273900,1
2016-05-06,sz.000606,11.1500,11.3900,11.0300,11.1000,10.8500,29754591,335763552.0000,3,6.339885,1,2.304100,1
2016-05-09,sz.000606,10.9000,10.9300,10.5500,10.5500,11.1000,14237800,150900862.0000,3,3.033683,1,-4.955000,1
2016-05-10,sz.000606,10.0300,10.2300,10.0200,10.0200,10.5500,16826586,169506499.0000,3,3.585282,1,-5.023700,1
2016-05-11,sz.000606,10.1500,10.1800,9.5200,9.5200,10.0200,17437211,168209710.0000,3,3.715390,1,-4.990000,1
2016-05-12,sz.000606,9.2400,9.4500,9.0500,9.3400,9.5200,9514153,87281673.0000,3,2.027204,1,-1.890800,1
2016-05-13,sz.000606,9.3900,9.8100,9.3500,9.6300,9.3400,12266328,117545878.0000,3,2.613617,1,3.104900,1
2016-05-16,sz.000606,9.6000,9.7900,9.5000,9.7100,9.6300,8352223,80801768.0000,3,1.779629,1,0.830700,1
2016-05-17,sz.000606,9.7100,9.7600,9.5600,9.6900,9.7100,4512538,43650233.0000,3,0.961498,1,-0.206000,1
2016-05-18,sz.000606,9.6000,9.6000,9.2100,9.2100,9.6900,6601919,61416509.0000,3,1.406687,1,-4.953600,1
2016-05-19,sz.000606,9.1000,9.3200,8.9000,9.0000,9.2100,8108675,74205826.0000,3,1.727736,1,-2.280100,1
2016-05-20,sz.000606,8.9000,9.0800,8.7000,9.0000,9.0000,6995150,62231918.0000,3,1.490474,1,0.000000,1
2016-05-23,sz.000606,9.0100,9.4500,9.0100,9.2800,9.0000,8137389,75210699.0000,3,1.733854,1,3.111100,1
2016-05-24,sz.000606,9.2300,9.4800,9.1800,9.2200,9.2800,7103608,66109192.0000,3,1.513583,1,-0.646500,1
2016-05-25,sz.000606,9.3400,9.4200,9.1100,9.1600,9.2200,4711200,43676586.0000,3,1.003827,1,-0.650800,1
2016-05-26,sz.000606,9.2000,9.5700,8.9300,9.4700,9.1600,7785911,71731905.0000,3,1.658963,1,3.384300,1
2016-05-27,sz.000606,9.4000,9.4600,9.2800,9.3200,9.4700,5577372,52235156.0000,3,1.188385,1,-1.584000,1
2016-05-30,sz.000606,9.2800,9.3200,9.0800,9.2700,9.3200,5708556,52597690.0000,3,1.216336,1,-0.536500,1
2016-05-31,sz.000606,9.2600,9.6500,9.2100,9.5300,9.2700,10694221,101488783.0000,3,2.278644,1,2.804700,1
2016-06-01,sz.000606,9.5600,9.8700,9.5000,9.5100,9.5300,9145537,88100249.0000,3,1.948662,1,-0.209900,1
2016-06-02,sz.000606,9.5000,9.5700,9.4000,9.5600,9.5100,7466998,70817020.0000,3,1.591012,1,0.525800,1
2016-06-03,sz.000606,9.6400,10.0400,9.5800,9.8700,9.5600,15668410,154648880.0000,3,3.338507,1,3.242700,1
2016-06-06,sz.000606,9.9500,10.1400,9.8100,9.9200,9.8700,9787017,97566636.0000,3,2.085344,1,0.506600,1
2016-06-07,sz.000606,9.9800,10.2000,9.9100,10.1800,9.9200,10239109,103044714.0000,3,2.181672,1,2.621000,1
2016-06-08,sz.000606,10.1800,10.3800,10.0300,10.2900,10.1800,10044770,102705658.0000,3,2.140264,1,1.080500,1
2016-06-13,sz.000606,10.0800,10.0800,9.7800,9.7800,10.2900,10752640,106534517.0000,3,2.291092,1,-4.956300,1
2016-06-14,sz.000606,9.5400,9.6200,9.3200,9.4700,9.7800,7954384,75149956.0000,3,1.694860,1,-3.169700,1
2016-06-15,sz.000606,9.6000,9.9400,9.5200,9.9400,9.4700,9083634,88978336.0000,3,1.935472,1,4.963000,1
2016-06-16,sz.000606,10.2300,10.4400,10.2300,10.4400,9.9400,6900900,71877547.0000,3,1.470392,1,5.030200,1
2016-06-17,sz.000606,10.9600,10.9600,10.4400,10.6000,10.4400,20457203,220033123.0000,3,4.358867,1,1.532600,1
2016-06-20,sz.000606,10.4200,11.0700,10.4200,10.8600,10.6000,13336439,144847867.0000,3,2.841628,1,2.452800,1
2016-06-21,sz.000606,10.9200,11.0300,10.4600,10.5200,10.8600,9849808,105654551.0000,3,2.098723,1,-3.130700,1
2016-06-22,sz.000606,10.4800,10.5500,10.3000,10.4400,10.5200,7176372,74537248.0000,3,1.529087,1,-0.760500,1
2016-06-23,sz.000606,10.5000,10.5300,10.0500,10.3800,10.4400,8672516,88930381.0000,3,1.847875,1,-0.574700,1
2016-06-24,sz.000606,10.3600,10.4000,9.8800,10.1600,10.3800,7907978,80281099.0000,3,1.684973,1,-2.119500,1
2016-06-27,sz.000606,10.0100,10.3800,10.0100,10.3500,10.1600,10596484,108504089.0000,3,2.257819,1,1.870100,1
2016-06-28,sz.000606,10.3000,10.3500,9.9500,10.2600,10.3500,12255042,124652485.0000,3,2.611212,1,-0.869600,1
2016-06-29,sz.000606,10.2800,10.5600,10.2500,10.2700,10.2600,8695658,90060676.0000,3,1.852805,1,0.097500,1
2016-06-30,sz.000606,10.2800,10.4400,10.0000,10.0300,10.2700,12632315,128201678.0000,3,2.691599,1,-2.336900,1
2016-07-01,sz.000606,10.0800,10.2000,10.0100,10.1000,10.0300,4938907,49899134.0000,3,1.052345,1,0.697900,1
2016-07-04,sz.000606,10.0400,10.2900,10.0300,10.2300,10.1000,8580992,87419901.0000,3,1.828373,1,1.287100,1
2016-07-05,sz.000606,10.2600,10.4600,10.2500,10.3800,10.2300,8896415,92214011.0000,3,1.895581,1,1.466300,1
2016-07-06,sz.000606,10.3000,10.4300,10.2800,10.3400,10.3800,5399738,55957015.0000,3,1.150536,1,-0.385400,1
2016-07-07,sz.000606,10.3700,10.4000,10.0000,10.0600,10.3400,11888577,120554575.0000,3,2.533129,1,-2.707900,1
2016-07-08,sz.000606,10.1100,10.2200,10.0300,10.1600,10.0600,7651173,77513885.0000,3,1.630254,1,0.994000,1
2016-07-11,sz.000606,10.2300,10.2500,9.8300,9.8600,10.1600,12807845,127854109.0000,3,2.728999,1,-2.952800,1
2016-07-12,sz.000606,10.2400,10.2400,9.9000,10.0000,9.8600,13786186,138247018.0000,3,2.937457,1,1.419900,1
2016-07-13,sz.000606,10.1000,10.1400,10.0100,10.0600,10.0000,8121276,81672061.0000,3,1.730420,1,0.600000,1
2016-07-14,sz.000606,10.0600,10.5600,10.0600,10.5600,10.0600,25715704,268237954.0000,3,5.479309,1,4.970200,1
2016-07-15,sz.000606,10.6000,10.6500,10.3600,10.4800,10.5600,13198349,138264983.0000,3,2.812205,1,-0.757600,1
2016-07-18,sz.000606,10.4900,10.4900,10.3100,10.3600,10.4800,6857517,71080953.0000,3,1.461148,1,-1.145000,1
2016-07-19,sz.000606,10.3900,10.4500,10.3000,10.4100,10.3600,6559174,68006964.0000,3,1.397579,1,0.482600,1
2016-07-20,sz.000606,10.4300,10.4400,10.3000,10.3100,10.4100,6355095,65821486.0000,3,1.354096,1,-0.960600,1
2016-07-21,sz.000606,10.3100,10.3800,10.2400,10.2900,10.3100,5262675,54206945.0000,3,1.121331,1,-0.194000,1
2016-07-22,sz.000606,10.3200,10.3300,10.0000,10.0000,10.2900,9472231,95925658.0000,3,2.018272,1,-2.818300,1
2016-07-25,sz.000606,10.0000,10.1100,9.9200,10.0200,10.0000,5032427,50468254.0000,3,1.072272,1,0.200000,1
2016-07-26,sz.000606,10.0700,10.2200,10.0200,10.1800,10.0200,5602414,56729595.0000,3,1.193720,1,1.596800,1
2016-07-27,sz.000606,10.2500,10.2800,9.6700,9.7300,10.1800,12161262,120092023.0000,3,2.591230,1,-4.420400,1
2016-07-28,sz.000606,9.7000,9.7900,9.3400,9.5600,9.7300,6050771,58061544.0000,3,1.289253,1,-1.747200,1
2016-07-29,sz.000606,9.9500,9.9500,9.5100,9.5400,9.5600,6689143,64625722.0000,3,1.425272,1,-0.209200,1
2016-08-01,sz.000606,9.4500,9.5000,9.0600,9.2400,9.5400,8119326,74449861.0000,3,1.730005,1,-3.144700,1
2016-08-02,sz.000606,9.1200,9.2500,9.1200,9.2300,9.2400,4058614,37330084.0000,3,0.864779,1,-0.108200,1
2016-08-03,sz.000606,9.2300,9.2600,9.1100,9.1600,9.2300,4324927,39714898.0000,3,0.921523,1,-0.758400,1
2016-08-04,sz.000606,9.1700,9.4700,9.0600,9.3300,9.1600,7314294,67763293.0000,3,1.558475,1,1.855900,1
2016-08-05,sz.000606,9.2800,9.3200,9.2100,9.2100,9.3300,4474767,41373577.0000,3,0.953450,1,-1.286200,1
2016-08-08,sz.000606,9.2300,9.3100,9.1200,9.2900,9.2100,2651269,24426135.0000,3,0.564912,1,0.868600,1
2016-08-09,sz.000606,9.2600,9.4500,9.2600,9.3800,9.2900,3108693,29098620.0000,3,0.662377,1,0.968800,1
2016-08-10,sz.000606,9.3600,9.4200,9.3000,9.3200,9.3800,2711872,25364427.0000,3,0.577825,1,-0.639700,1
2016-08-11,sz.000606,9.3100,9.3200,9.1300,9.2000,9.3200,4737192,43546356.0000,3,1.009365,1,-1.287600,1
2016-08-12,sz.000606,9.1900,9.2500,9.1700,9.2500,9.2000,2285381,21040789.0000,3,0.486952,1,0.543500,1
2016-08-15,sz.000606,9.2500,9.4500,9.2200,9.4100,9.2500,7784002,72954647.0000,3,1.658557,1,1.729700,1
2016-08-16,sz.000606,9.4100,9.4300,9.3200,9.3700,9.4100,6179880,57881885.0000,3,1.316762,1,-0.425100,1
2016-08-17,sz.000606,9.4000,9.7000,9.3400,9.6000,9.3700,8660080,82752313.0000,3,1.845225,1,2.454600,1
2016-08-18,sz.000606,9.5300,9.7400,9.5300,9.6300,9.6000,5579083,53539432.0000,3,1.188749,1,0.312500,1
2016-08-19,sz.000606,9.6100,9.6800,9.5500,9.5800,9.6300,3061390,29350615.0000,3,0.652298,1,-0.519200,1
2016-08-22,sz.000606,9.5800,9.6400,9.4100,9.4100,9.5800,4508500,42906720.0000,3,0.960637,1,-1.774500,1
2016-08-23,sz.000606,9.4000,9.6600,9.3700,9.6000,9.4100,4112682,39091800.0000,3,0.876299,1,2.019100,1
2016-08-24,sz.000606,9.5800,9.6500,9.4900,9.5300,9.6000,2535077,24218791.0000,3,0.540155,1,-0.729200,1
2016-08-25,sz.000606,9.5300,9.5500,9.2900,9.3900,9.5300,5257743,49343964.0000,3,1.120280,1,-1.469000,1
2016-08-26,sz.000606,9.4200,9.5300,9.3500,9.4500,9.3900,4701245,44334488.0000,3,1.001706,1,0.639000,1
2016-08-29,sz.000606,9.4800,9.8000,9.4400,9.5900,9.4500,6154038,59305239.0000,3,1.311256,1,1.481500,1
2016-08-30,sz.000606,9.5900,9.7200,9.5000,9.5500,9.5900,5403834,51645210.0000,3,1.151408,1,-0.417100,1
2016-08-31,sz.000606,9.5600,9.6700,9.5400,9.5700,9.5500,5504125,52742187.0000,3,1.172778,1,0.209400,1
2016-09-01,sz.000606,9.5900,9.7700,9.5500,9.6200,9.5700,7319141,70712648.0000,3,1.559508,1,0.522500,1
2016-09-02,sz.000606,9.5800,9.7300,9.5500,9.6700,9.6200,5295201,51055931.0000,3,1.128262,1,0.519800,1
2016-09-05,sz.000606,9.7000,9.7500,9.6700,9.6900,9.6700,4053800,39333847.0000,3,0.863753,1,0.206820,1
2016-09-06,sz.000606,9.6900,10.1700,9.6700,10.1500,9.6900,16186291,162060388.0000,3,3.448853,1,4.747163,1
2016-09-07,sz.000606,10.1500,10.2100,9.9800,10.0500,10.1500,10280973,103885791.0000,3,2.190592,1,-0.985216,1
2016-09-08,sz.000606,10.0300,10.4200,10.0100,10.2200,10.0500,11062459,113410848.0000,3,2.357106,1,1.691543,1
2016-09-09,sz.000606,10.2100,10.3700,10.1500,10.1800,10.2200,5756357,58985688.0000,3,1.226521,1,-0.391389,1
2016-09-12,sz.000606,10.0100,10.0500,9.8500,9.8900,10.1800,9368474,93104582.0000,3,1.996164,1,-2.848723,1
2016-09-13,sz.000606,9.9700,10.0400,9.8800,9.9300,9.8900,4798355,47710642.0000,3,1.022397,1,0.404448,1
2016-09-14,sz.000606,9.8400,9.9800,9.8400,9.8700,9.9300,3765214,37309781.0000,3,0.802263,1,-0.604234,1
2016-09-19,sz.000606,9.9100,10.2500,9.9000,10.1200,9.8700,5257057,53121395.0000,3,1.120134,1,2.532928,1
2016-09-20,sz.000606,10.1200,10.4100,10.1200,10.3700,10.1200,9280516,95748502.0000,3,1.977423,1,2.470356,1
2016-09-21,sz.000606,10.3700,10.5000,10.2800,10.3100,10.3700,7637230,79352563.0000,3,1.627284,1,-0.578587,1
2016-09-22,sz.000606,10.4000,10.7100,10.3400,10.4600,10.3100,12956766,136501208.0000,3,2.760730,1,1.454894,1
2016-09-23,sz.000606,10.4900,10.8500,10.4300,10.7200,10.4600,13516312,144673296.0000,3,2.879954,1,2.485662,1
2016-09-26,sz.000606,10.7300,11.0300,10.5600,10.6100,10.7200,15478997,167684846.0000,3,3.298148,1,-1.026125,1
2016-09-27,sz.000606,10.5700,10.7600,10.5000,10.6200,10.6100,8088491,85775735.0000,3,1.723435,1,0.094253,1
2016-09-28,sz.000606,10.6000,10.8000,10.5600,10.7000,10.6200,8137991,87173714.0000,3,1.733982,1,0.753295,1
2016-09-29,sz.000606,10.7500,11.1600,10.7100,11.1500,10.7000,11076021,121730855.0000,3,2.359995,1,4.205606,1
2016-09-30,sz.000606,11.1600,11.2700,11.0800,11.1500,11.1500,7928613,88484979.0000,3,1.689369,1,0.000000,1
2016-10-10,sz.000606,11.1800,11.5800,11.1000,11.4500,11.1500,10909869,123135324.0000,3,2.324593,1,2.690585,1
2016-10-11,sz.000606,11.4800,11.6000,11.1900,11.2300,11.4500,8808375,99758272.0000,3,1.876822,1,-1.921400,1
2016-10-12,sz.000606,11.2300,11.4300,11.0200,11.1200,11.2300,8702674,97520156.0000,3,1.854300,1,-0.979516,1
2016-10-13,sz.000606,11.1900,11.3200,11.1000,11.2500,11.1200,5498378,61614845.0000,3,1.171553,1,1.169066,1
2016-10-14,sz.000606,11.2800,11.3000,11.0500,11.2000,11.2500,5513632,61474549.0000,3,1.174803,1,-0.444446,1
2016-10-17,sz.000606,11.1200,11.7600,11.1100,11.5700,11.2000,20491825,238161900.0000,3,4.366244,1,3.303570,1
2016-10-18,sz.000606,11.5600,11.8600,11.4500,11.7000,11.5700,10101605,118362108.0000,3,2.152374,1,1.123597,1
2016-10-19,sz.000606,11.7800,11.8200,11.5800,11.6900,11.7000,6271770,73356359.0000,3,1.336342,1,-0.085472,1
2016-10-20,sz.000606,11.7000,11.8400,11.6300,11.7000,11.6900,4501496,52711789.0000,3,0.959145,1,0.085545,1
2016-10-21,sz.000606,11.8000,12.1100,11.6800,11.9300,11.7000,13332649,158515196.0000,3,2.840821,1,1.965816,1
2016-10-24,sz.000606,11.9200,12.5300,11.8800,12.4000,11.9300,14759395,182120389.0000,3,3.144821,1,3.939642,1
2016-10-25,sz.000606,12.4000,12.5800,12.2200,12.3000,12.4000,8364390,103391579.0000,3,1.782221,1,-0.806447,1
2016-10-26,sz.000606,12.3000,12.4200,12.1800,12.2300,12.3000,6641271,81439259.0000,3,1.415072,1,-0.569111,1
2016-10-27,sz.000606,12.2700,12.4500,12.1400,12.2300,12.2300,6014649,74001217.0000,3,1.281556,1,0.000000,1
2016-10-28,sz.000606,12.2300,12.4500,11.6200,11.6200,12.2300,16403410,193194232.0000,3,3.495115,1,-4.987732,1
2016-10-31,sz.000606,11.6300,11.6900,11.0800,11.4300,11.6200,11809692,134295944.0000,3,2.516320,1,-1.635108,1
2016-11-01,sz.000606,11.3900,11.6900,11.3800,11.5000,11.4300,8242236,95419878.0000,3,1.756194,1,0.612421,1
2016-11-02,sz.000606,11.4700,11.6200,11.2800,11.4900,11.5000,8327908,95646199.0000,3,1.774448,1,-0.086959,1
2016-11-03,sz.000606,11.4500,11.6700,11.4100,11.4400,11.4900,7753448,89500972.0000,3,1.652046,1,-0.435163,1
2016-11-04,sz.000606,11.4900,11.5000,11.3500,11.3700,11.4400,5912438,67456281.0000,3,1.259778,1,-0.611885,1
2016-11-07,sz.000606,11.4300,11.4400,10.9500,10.9700,11.3700,12977559,144246970.0000,3,2.765161,1,-3.518027,1
2016-11-08,sz.000606,11.0200,11.2500,11.0200,11.1000,10.9700,9266340,103200566.0000,3,1.974402,1,1.185051,1
2016-11-09,sz.000606,11.1200,11.3000,11.0000,11.1500,11.1000,10056411,112395846.0000,3,2.142744,1,0.450444,1
2016-11-10,sz.000606,11.2500,11.5500,11.2200,11.4800,11.1500,8123910,92464870.0000,3,1.730982,1,2.959641,1
2016-11-11,sz.000606,11.4800,11.6200,11.4100,11.4600,11.4800,5495773,63301100.0000,3,1.170998,1,-0.174212,1
2016-11-14,sz.000606,11.4700,11.6300,11.4000,11.5000,11.4600,6934620,79832747.0000,3,1.477577,1,0.349040,1
2016-11-15,sz.000606,11.5000,11.5500,11.3200,11.4000,11.5000,5568601,63576476.0000,3,1.186516,1,-0.869568,1
2016-11-16,sz.000606,11.4200,11.8500,11.4000,11.7700,11.4000,9601548,111622260.0000,3,2.045826,1,3.245621,1
2016-11-17,sz.000606,11.7500,11.7500,11.4900,11.6000,11.7700,6168113,71647003.0000,3,1.314255,1,-1.444351,1
2016-11-18,sz.000606,11.5500,11.8000,11.4500,11.4500,11.6000,6457503,74896963.0000,3,1.375916,1,-1.293108,1
2016-11-21,sz.000606,11.4100,11.4600,11.0300,11.2500,11.4500,5209195,58715062.0000,3,1.109936,1,-1.746723,1
2016-11-22,sz.000606,11.2400,11.4300,11.1500,11.4200,11.2500,5298512,59607243.0000,3,1.128967,1,1.511112,1
2016-11-23,sz.000606,11.4100,11.4100,11.1800,11.2000,11.4200,4371896,49226324.0000,3,0.931531,1,-1.926447,1
2016-11-24,sz.000606,11.1800,11.2600,11.1000,11.1200,11.2000,4404702,49187538.0000,3,0.938521,1,-0.714285,1
2016-11-25,sz.000606,11.1200,11.1400,10.9000,11.0900,11.1200,5864450,64597257.0000,3,1.249553,1,-0.269782,1
2016-11-28,sz.000606,11.1100,11.2700,11.0800,11.1300,11.0900,3856825,43031119.0000,3,0.821783,1,0.360685,1
2016-11-29,sz.000606,11.1400,11.1600,10.5700,10.5800,11.1300,14617633,158123616.0000,3,3.114615,1,-4.941601,1
2016-11-30,sz.000606,10.5600,10.7000,10.3900,10.6100,10.5800,6824598,72070816.0000,3,1.454134,1,0.283551,1
2016-12-01,sz.000606,10.6000,10.7500,10.5500,10.7300,10.6100,4127383,43884228.0000,3,0.879432,1,1.131007,1
2016-12-02,sz.000606,10.7100,10.8100,10.5300,10.5300,10.7300,4531550,48310388.0000,3,0.965549,1,-1.863931,1
2016-12-05,sz.000606,10.5000,10.9800,10.4200,10.8500,10.5300,7384173,79699582.0000,3,1.573364,1,3.038943,1
2016-12-06,sz.000606,10.8500,11.0500,10.7900,10.8600,10.8500,5017706,54909758.0000,3,1.069135,1,0.092159,1
2016-12-07,sz.000606,10.8700,10.9700,10.8600,10.9500,10.8600,4950090,54020327.0000,3,1.054728,1,0.828731,1
2016-12-08,sz.000606,10.9900,11.0000,10.5000,10.7500,10.9500,4730329,51107076.0000,3,1.007903,1,-1.826482,1
2016-12-09,sz.000606,10.7500,10.8300,10.6200,10.7000,10.7500,2966511,31763927.0000,3,0.632082,1,-0.465118,1
2016-12-12,sz.000606,10.7200,10.7300,10.1700,10.1700,10.7000,8221583,85165527.0000,3,1.751793,1,-4.953269,1
2016-12-13,sz.000606,10.1000,10.2800,9.9800,10.1700,10.1700,5621208,56925015.0000,3,1.197725,1,0.000000,1
2016-12-14,sz.000606,10.1200,10.2100,10.0400,10.1200,10.1700,4862357,49188421.0000,3,1.036034,1,-0.491644,1
2016-12-15,sz.000606,10.1200,10.2700,10.0000,10.1100,10.1200,7068706,71717866.0000,3,1.506147,1,-0.098816,1
2016-12-16,sz.000606,10.0900,10.4500,10.0900,10.3900,10.1100,4856298,49854372.0000,3,1.034743,1,2.769542,1
2016-12-19,sz.000606,10.3500,10.6000,10.3200,10.3900,10.3900,4209310,44031665.0000,3,0.896888,1,0.000000,1
2016-12-20,sz.000606,10.4000,10.4500,10.2800,10.4300,10.3900,3751897,38994690.0000,3,0.799426,1,0.384985,1
2016-12-21,sz.000606,10.4600,10.5300,10.3100,10.5000,10.4300,2871501,30060606.0000,3,0.611838,1,0.671138,1
2016-12-22,sz.000606,10.5000,11.0300,10.4800,10.9000,10.5000,11945515,128622554.0000,3,2.545261,1,3.809520,1
2016-12-23,sz.000606,11.0100,11.0800,10.6700,10.8300,10.9000,5439109,58991322.0000,3,1.158924,1,-0.642199,1
2016-12-26,sz.000606,10.7900,11.0500,10.6000,10.9900,10.8300,5823246,63049374.0000,3,1.240773,1,1.477376,1
2016-12-27,sz.000606,10.9900,11.4500,10.9600,11.3300,10.9900,11233364,126722813.0000,3,2.393521,1,3.093723,1
2016-12-28,sz.000606,11.3400,11.5200,11.2500,11.2700,11.3300,8047356,91792420.0000,3,1.714670,1,-0.529563,1
2016-12-29,sz.000606,11.3000,11.4600,11.1800,11.2500,11.2700,5520699,62576278.0000,3,1.176309,1,-0.177466,1
2016-12-30,sz.000606,11.2500,11.4000,11.2000,11.3800,11.2500,5241864,59324881.0000,3,1.116897,1,1.155557,1
2017-01-03,sz.000606,11.3900,11.7300,11.3700,11.4000,11.3800,5559455,64002162.0000,3,1.186919,1,0.175743,1
2017-01-04,sz.000606,11.3400,11.5200,11.2100,11.4100,11.4000,6300399,71803604.0000,3,1.345107,1,0.087721,1
2017-01-05,sz.000606,11.4600,11.5000,11.2000,11.2600,11.4100,5870100,66534545.0000,3,1.253240,1,-1.314633,1
2017-01-06,sz.000606,11.2400,11.2600,11.0300,11.1300,11.2600,5278868,58678734.0000,3,1.127015,1,-1.154530,1
2017-01-09,sz.000606,11.1000,11.3400,11.0700,11.3000,11.1300,4224450,47543093.0000,3,0.901901,1,1.527404,1
2017-01-10,sz.000606,11.3000,11.3300,11.1300,11.1600,11.3000,2857860,32140640.0000,3,0.610140,1,-1.238941,1
2017-01-11,sz.000606,11.1500,11.2500,11.1000,11.1300,11.1600,2507563,27956666.0000,3,0.535353,1,-0.268815,1
2017-01-12,sz.000606,11.1300,11.3600,11.1300,11.1700,11.1300,4159410,46769828.0000,3,0.888015,1,0.359389,1
2017-01-13,sz.000606,11.1700,11.3400,11.0800,11.0800,11.1700,5467847,61331038.0000,3,1.167361,1,-0.805731,1
2017-01-16,sz.000606,11.2100,11.3100,10.5300,10.5300,11.0800,15554490,168008508.0000,3,3.320814,1,-4.963901,1
2017-01-17,sz.000606,10.3500,10.5500,10.2200,10.4000,10.5300,5977400,62235629.0000,3,1.276148,1,-1.234569,1
2017-01-18,sz.000606,10.4600,10.4600,10.3400,10.3800,10.4000,3313611,34452682.0000,3,0.707441,1,-0.192303,1
2017-01-19,sz.000606,10.3200,10.4400,10.2300,10.2300,10.3800,2892900,29903766.0000,3,0.617621,1,-1.445092,1
2017-01-20,sz.000606,10.2500,10.4200,10.2300,10.3700,10.2300,3716921,38374326.0000,3,0.793546,1,1.368527,1
2017-01-23,sz.000606,10.3400,10.6100,10.3400,10.5400,10.3700,3118812,32813256.0000,3,0.665852,1,1.639345,1
2017-01-24,sz.000606,10.5300,10.7000,10.5000,10.6700,10.5400,3336245,35384259.0000,3,0.712273,1,1.233398,1
2017-01-25,sz.000606,10.6000,10.6800,10.5800,10.6700,10.6700,2609800,27705371.0000,3,0.557181,1,0.000000,1
2017-01-26,sz.000606,10.6700,10.9300,10.6200,10.8600,10.6700,3432258,37029791.0000,3,0.732772,1,1.780689,1
2017-02-03,sz.000606,10.8600,10.9400,10.7000,10.8000,10.8600,2442544,26401221.0000,3,0.521472,1,-0.552481,1
2017-02-06,sz.000606,10.8000,11.1300,10.8000,10.9800,10.8000,5446116,59728632.0000,3,1.162721,1,1.666661,1
2017-02-07,sz.000606,11.0400,11.0400,10.8800,10.9700,10.9800,3930678,43086698.0000,3,0.839182,1,-0.091068,1
2017-02-08,sz.000606,10.9800,11.0600,10.9100,11.0400,10.9700,2670845,29348298.0000,3,0.570213,1,0.638101,1
2017-02-09,sz.000606,11.0200,11.0400,10.9500,10.9900,11.0400,4735838,52035888.0000,3,1.011080,1,-0.452900,1
2017-02-10,sz.000606,10.9800,11.0900,10.7600,10.8300,10.9900,5397078,59007633.0000,3,1.152252,1,-1.455868,1
2017-02-13,sz.000606,10.8300,11.0200,10.8100,11.0000,10.8300,5765418,62940071.0000,3,1.230891,1,1.569714,1
2017-02-14,sz.000606,10.9900,11.1500,10.9600,11.0000,11.0000,4446584,49153429.0000,3,0.949326,1,0.000000,1
2017-02-15,sz.000606,10.9700,11.0900,10.9000,10.9300,11.0000,5268908,57920565.0000,3,1.124888,1,-0.636361,1
2017-02-16,sz.000606,10.9500,11.3000,10.9500,11.2100,10.9300,8918383,99555955.0000,3,1.904035,1,2.561754,1
2017-02-17,sz.000606,11.2500,11.5100,11.1800,11.3100,11.2100,8779517,99933284.0000,3,1.874387,1,0.892064,1
2017-02-20,sz.000606,11.3000,11.5200,11.1900,11.3600,11.3100,7606177,86428051.0000,3,1.623885,1,0.442080,1
2017-02-21,sz.000606,11.3600,11.5000,11.3000,11.4900,11.3600,8279732,94627862.0000,3,1.767686,1,1.144367,1
2017-02-22,sz.000606,11.5300,11.5300,11.3700,11.4000,11.4900,5894177,67317501.0000,3,1.258380,1,-0.783291,1
2017-02-23,sz.000606,11.4500,11.5600,11.3100,11.4600,11.4000,7127752,81586453.0000,3,1.521743,1,0.526320,1
2017-02-24,sz.000606,11.5200,11.9800,11.4700,11.9300,11.4600,12421435,145820767.0000,3,2.651921,1,4.101224,1
2017-02-27,sz.000606,11.9800,12.1600,11.8200,11.9300,11.9300,10159762,121384935.0000,3,2.169063,1,0.000000,1
2017-02-28,sz.000606,11.9800,12.0000,11.3300,11.3300,11.9300,25238230,290616592.0000,3,5.388249,1,-5.029341,1
2017-03-01,sz.000606,11.4000,11.9000,11.2700,11.9000,11.3300,14359746,168312880.0000,3,3.065741,1,5.030889,1
2017-03-02,sz.000606,12.3000,12.4500,11.9500,12.0800,11.9000,27454065,334617520.0000,3,5.861319,1,1.512608,1
2017-03-03,sz.000606,12.0300,12.6800,11.9600,12.6800,12.0800,32433675,402294256.0000,3,6.924444,1,4.966890,1
2017-03-06,sz.000606,12.6000,12.8400,12.4900,12.8000,12.6800,21449006,271854928.0000,3,4.579266,1,0.946371,1
2017-03-07,sz.000606,12.7500,12.7500,12.4700,12.6200,12.8000,15842254,199410396.0000,3,3.382250,1,-1.406252,1
2017-03-08,sz.000606,12.5400,13.0600,12.2500,12.8700,12.6200,20596240,260133723.0000,3,4.397205,1,1.980983,1
2017-03-09,sz.000606,12.6500,12.8900,12.5100,12.7200,12.8700,15301794,194249273.0000,3,3.266864,1,-1.165498,1
2017-03-10,sz.000606,12.6000,12.8800,12.5100,12.6400,12.7200,13521951,171292628.0000,3,2.886876,1,-0.628930,1
2017-03-13,sz.000606,12.6400,12.6400,12.6400,12.6400,12.6400,0,0.0000,3,,0,0.000000,1
2017-03-14,sz.000606,12.8000,13.1500,11.9900,12.4200,12.6400,41793654,520816784.0000,3,8.922757,1,-1.740508,0
2017-03-15,sz.000606,12.5000,13.4700,12.4000,12.4200,12.4200,34957147,447266976.0000,3,7.463194,1,0.000000,0
2017-03-16,sz.000606,12.2500,13.5000,12.2500,12.8700,12.4200,43775817,561220640.0000,3,9.345940,1,3.623187,0
2017-03-17,sz.000606,12.7500,13.1600,12.5200,12.5200,12.8700,38124699,487496128.0000,3,8.139452,1,-2.719498,0
2017-03-20,sz.000606,12.3700,12.4700,11.8600,11.9600,12.5200,31026537,374909392.0000,3,6.624026,1,-4.472847,0
2017-03-21,sz.000606,11.8800,12.1500,11.8800,11.9600,11.9600,13294902,159553721.0000,3,2.838402,1,0.000000,0
2017-03-22,sz.000606,11.9000,12.1300,11.6600,11.7500,11.9600,16742383,198502508.0000,3,3.574423,1,-1.755853,0
2017-03-23,sz.000606,11.8500,11.9800,11.3800,11.6200,11.7500,18047404,209492659.0000,3,3.853040,1,-1.106384,0
2017-03-24,sz.000606,11.5600,11.6300,11.4700,11.5900,11.6200,10032867,115945664.0000,3,2.141972,1,-0.258173,0
2017-03-27,sz.000606,11.6600,11.8600,11.4700,11.7400,11.5900,12195863,142342428.0000,3,2.603762,1,1.294216,0
2017-03-28,sz.000606,11.7400,11.7400,11.4400,11.4900,11.7400,9826632,113363794.0000,3,2.097942,1,-2.129472,0
2017-03-29,sz.000606,11.5500,11.5800,11.2200,11.2500,11.4900,8831100,100739665.0000,3,1.885400,1,-2.088771,0
2017-03-30,sz.000606,11.2300,11.2300,10.8800,10.8800,11.2500,12277454,135063416.0000,3,2.621181,1,-3.288888,0
2017-03-31,sz.000606,10.9600,11.1700,10.7900,11.0100,10.8800,7468769,81951024.0000,3,1.594549,1,1.194854,0
2017-04-05,sz.000606,11.0100,11.3000,11.0000,11.2800,11.0100,8304497,92942507.0000,3,1.772973,1,2.452312,0
2017-04-06,sz.000606,11.2500,11.5700,11.1700,11.4700,11.2800,9891526,112696814.0000,3,2.111796,1,1.684402,0
2017-04-07,sz.000606,11.4900,11.6200,11.4000,11.4600,11.4700,7048762,81090570.0000,3,1.504879,1,-0.087186,0
2017-04-10,sz.000606,11.4100,11.4600,11.0700,11.1100,11.4600,8131300,90887035.0000,3,1.735996,1,-3.054105,0
2017-04-11,sz.000606,10.9400,11.2000,10.9400,11.1900,11.1100,6818601,75295405.0000,3,1.455741,1,0.720071,0
2017-04-12,sz.000606,11.1500,11.2500,11.0000,11.0200,11.1900,6342250,70330729.0000,3,1.354042,1,-1.519206,0
2017-04-13,sz.000606,10.7000,11.2900,10.6000,11.2300,11.0200,12175155,133234340.0000,3,2.599341,1,1.905618,0
2017-04-14,sz.000606,11.1000,11.2500,11.0200,11.0600,11.2300,5085200,56558338.0000,3,1.085667,1,-1.513795,0
2017-04-17,sz.000606,10.9300,11.0600,10.7400,10.9200,11.0600,6749663,73489494.0000,3,1.441023,1,-1.265826,0
2017-04-18,sz.000606,10.9800,11.0000,10.6800,10.7500,10.9200,5104567,55276667.0000,3,1.089802,1,-1.556777,0
2017-04-19,sz.000606,10.6900,10.7400,10.1100,10.5400,10.7500,8983258,93978365.0000,3,1.917885,1,-1.953489,0
2017-04-20,sz.000606,10.5600,10.6100,10.4300,10.4900,10.5400,3486514,36736136.0000,3,0.744355,1,-0.474385,0
2017-04-21,sz.000606,10.5000,10.6400,10.2600,10.3300,10.4900,3156001,33003728.0000,3,0.673792,1,-1.525261,0
2017-04-24,sz.000606,10.2200,10.7500,10.1400,10.6300,10.3300,7750023,80989138.0000,3,1.654595,1,2.904164,0
2017-04-25,sz.000606,10.7000,11.0000,10.6300,10.9200,10.6300,5839964,63503782.0000,3,1.246806,1,2.728127,0
2017-04-26,sz.000606,10.8100,11.0000,10.7300,10.7400,10.9200,4522765,49170995.0000,3,0.965590,1,-1.648354,0
2017-04-27,sz.000606,10.7900,10.9900,10.7200,10.8900,10.7400,4646294,50509500.0000,3,0.991963,1,1.396653,0
2017-04-28,sz.000606,10.9200,11.1500,10.8500,11.0900,10.8900,3355837,36933792.0000,3,0.716456,1,1.836545,0
2017-05-02,sz.000606,11.1600,11.1900,10.9400,11.0500,11.0900,3923693,43303026.0000,3,0.837691,1,-0.360685,0
2017-05-03,sz.000606,11.0900,11.0900,10.8200,10.9300,11.0500,3238513,35430835.0000,3,0.691408,1,-1.085972,0
2017-05-04,sz.000606,10.9500,11.1400,10.8200,11.0400,10.9300,3301332,36217780.0000,3,0.704820,1,1.006401,0
2017-05-05,sz.000606,11.0000,11.2000,10.8900,10.9500,11.0400,3618999,39898774.0000,3,0.772640,1,-0.815219,0
2017-05-08,sz.000606,10.9300,11.0200,10.4600,10.6000,10.9500,3379500,36573928.0000,3,0.721508,1,-3.196342,0
2017-05-09,sz.000606,10.6000,10.8100,10.5000,10.6300,10.6000,2513978,26761921.0000,3,0.536723,1,0.283016,0
2017-05-10,sz.000606,10.5800,10.7300,10.3000,10.3000,10.6300,3031500,31885385.0000,3,0.647212,1,-3.104421,0
2017-05-11,sz.000606,10.3100,10.4700,9.7800,10.0000,10.3000,6833071,68931547.0000,3,1.458830,1,-2.912623,0
2017-05-12,sz.000606,10.0000,10.1500,9.9500,10.0000,10.0000,2772559,27812579.0000,3,0.591929,1,0.000000,0
2017-05-15,sz.000606,9.8400,10.0500,9.0000,9.0500,10.0000,11963102,112362169.0000,3,2.554068,1,-9.499998,0
2017-05-16,sz.000606,9.0500,9.3000,9.0000,9.3000,9.0500,6273906,57770497.0000,3,1.339451,1,2.762431,0
2017-05-17,sz.000606,9.3400,9.4700,9.2800,9.4100,9.3000,4045492,37923781.0000,3,0.863694,1,1.182792,0
2017-05-18,sz.000606,9.4100,9.4300,9.2000,9.2300,9.4100,2901660,27109278.0000,3,0.619491,1,-1.912862,0
2017-05-19,sz.000606,9.2200,9.4700,9.2200,9.4200,9.2300,2528188,23689391.0000,3,0.539757,1,2.058511,0
2017-05-22,sz.000606,9.4000,9.7800,9.3300,9.6800,9.4200,6180296,59509890.0000,3,1.319465,1,2.760087,0
2017-05-23,sz.000606,9.6400,9.8800,9.4800,9.5400,9.6800,5791638,56058602.0000,3,1.236489,1,-1.446284,0
2017-05-24,sz.000606,9.5000,9.5900,9.3000,9.5600,9.5400,3015130,28501605.0000,3,0.643717,1,0.209648,0
2017-05-25,sz.000606,9.6900,9.6900,9.4500,9.5300,9.5600,3695774,35159420.0000,3,0.789031,1,-0.313815,0
2017-05-26,sz.000606,9.5500,10.2000,9.4500,9.7700,9.5300,4365891,42846753.0000,3,0.932098,1,2.518371,0
2017-05-31,sz.000606,9.8300,10.0900,9.7800,9.8400,9.7700,3868888,38518643.0000,3,0.825990,1,0.716476,0
2017-06-01,sz.000606,9.8500,9.9100,9.6400,9.7500,9.8400,2706585,26372787.0000,3,0.577844,1,-0.914636,0
2017-06-02,sz.000606,9.6500,9.8000,9.5400,9.7800,9.7500,2380141,23007549.0000,3,0.508149,1,0.307690,0
2017-06-05,sz.000606,9.7800,10.5000,9.7500,10.1700,9.7800,4604115,46594394.0000,3,0.982958,1,3.987734,0
2017-06-06,sz.000606,10.0000,10.9600,9.9200,10.6400,10.1700,11249642,118534206.0000,3,2.401748,1,4.621439,0
2017-06-07,sz.000606,10.2800,10.7900,10.2600,10.6900,10.6400,7445978,78613406.0000,3,1.589683,1,0.469918,0
2017-06-08,sz.000606,10.6800,10.7600,10.4100,10.7600,10.6900,5505083,58505918.0000,3,1.175310,1,0.654824,0
2017-06-09,sz.000606,10.7700,10.7700,10.5400,10.6800,10.7600,3340164,35526783.0000,3,0.713110,1,-0.743494,0
2017-06-12,sz.000606,10.8100,10.9000,10.3100,10.4400,10.6800,6030789,63446351.0000,3,1.287546,1,-2.247198,0
2017-06-13,sz.000606,10.3900,10.4800,10.3000,10.4700,10.4400,3346464,34843280.0000,3,0.714455,1,0.287363,0
2017-06-14,sz.000606,10.4100,10.4100,10.2300,10.3000,10.4700,3540455,36480128.0000,3,0.755871,1,-1.623687,0
2017-06-15,sz.000606,10.3000,10.4500,10.2200,10.3400,10.3000,3320182,34308569.0000,3,0.708844,1,0.388349,0
2017-06-16,sz.000606,10.4000,10.5000,10.3200,10.4100,10.3400,3400324,35435450.0000,3,0.725954,1,0.676980,0
2017-06-19,sz.000606,10.4100,10.4500,10.3100,10.4000,10.4100,2892120,29999805.0000,3,0.617455,1,-0.096064,0
2017-06-20,sz.000606,10.4100,10.4700,10.3500,10.4100,10.4000,3099827,32233988.0000,3,0.661799,1,0.096156,0
2017-06-21,sz.000606,10.4100,10.4700,10.3300,10.4400,10.4100,2489463,25892447.0000,3,0.531489,1,0.288182,0
2017-06-22,sz.000606,10.4300,10.4300,10.2400,10.2900,10.4400,4009193,41512151.0000,3,0.855945,1,-1.436778,0
2017-06-23,sz.000606,10.2600,10.2900,10.0800,10.0900,10.2900,3239394,32937759.0000,3,0.691596,1,-1.943633,0
2017-06-26,sz.000606,10.1200,10.2100,9.8500,10.1500,10.0900,3898950,39070897.0000,3,0.832408,1,0.594643,0
2017-06-27,sz.000606,10.1600,10.1600,10.0100,10.0400,10.1500,1918300,19299536.0000,3,0.409548,1,-1.083740,0
2017-06-28,sz.000606,10.0400,10.0800,9.9500,10.0100,10.0400,1663962,16620321.0000,3,0.355248,1,-0.298802,0
2017-06-29,sz.000606,10.0800,10.2200,10.0000,10.1700,10.0100,2332141,23574948.0000,3,0.497902,1,1.598400,0
2017-06-30,sz.000606,10.1900,10.2100,10.1100,10.1900,10.1700,1486200,15110535.0000,3,0.314797,1,0.196652,0
2017-07-03,sz.000606,10.1900,10.1900,10.1900,10.1900,10.1900,0,0.0000,3,,0,0.000000,0
2017-07-04,sz.000606,10.1900,10.1900,10.1900,10.1900,10.1900,0,0.0000,3,,0,0.000000,0
2017-07-05,sz.000606,10.1900,10.1900,10.1900,10.1900,10.1900,0,0.0000,3,,0,0.000000,0
2017-07-06,sz.000606,10.1900,10.1900,10.1900,10.1900,10.1900,0,0.0000,3,,0,0.000000,0
2017-07-07,sz.000606,10.1900,10.1900,10.1900,10.1900,10.1900,0,0.0000,3,,0,0.000000,0
2017-07-10,sz.000606,10.1900,10.1900,10.1900,10.1900,10.1900,0,0.0000,3,,0,0.000000,0
2017-07-11,sz.000606,10.1900,10.1900,10.1900,10.1900,10.1900,0,0.0000,3,,0,0.000000,0
2017-07-12,sz.000606,10.1900,10.1900,10.1900,10.1900,10.1900,0,0.0000,3,,0,0.000000,0
2017-07-13,sz.000606,10.1900,10.1900,10.1900,10.1900,10.1900,0,0.0000,3,,0,0.000000,0
2017-07-14,sz.000606,10.1900,10.1900,10.1900,10.1900,10.1900,0,0.0000,3,,0,0.000000,0
2017-07-17,sz.000606,10.1900,10.1900,10.1900,10.1900,10.1900,0,0.0000,3,,0,0.000000,0
2017-07-18,sz.000606,10.1900,10.1900,10.1900,10.1900,10.1900,0,0.0000,3,,0,0.000000,0
2017-07-19,sz.000606,10.1900,10.1900,10.1900,10.1900,10.1900,0,0.0000,3,,0,0.000000,0
2017-07-20,sz.000606,10.1900,10.1900,10.1900,10.1900,10.1900,0,0.0000,3,,0,0.000000,0
2017-07-21,sz.000606,10.1900,10.1900,10.1900,10.1900,10.1900,0,0.0000,3,,0,0.000000,0
2017-07-24,sz.000606,10.1900,10.1900,10.1900,10.1900,10.1900,0,0.0000,3,,0,0.000000,0
2017-07-25,sz.000606,10.1900,10.1900,10.1900,10.1900,10.1900,0,0.0000,3,,0,0.000000,0
2017-07-26,sz.000606,10.1900,10.1900,10.1900,10.1900,10.1900,0,0.0000,3,,0,0.000000,0
2017-07-27,sz.000606,10.1900,10.1900,10.1900,10.1900,10.1900,0,0.0000,3,,0,0.000000,0
2017-07-28,sz.000606,10.1900,10.1900,10.1900,10.1900,10.1900,0,0.0000,3,,0,0.000000,0
2017-07-31,sz.000606,10.1900,10.1900,10.1900,10.1900,10.1900,0,0.0000,3,,0,0.000000,0
2017-08-01,sz.000606,10.1900,10.1900,10.1900,10.1900,10.1900,0,0.0000,3,,0,0.000000,0
2017-08-02,sz.000606,10.1900,10.1900,10.1900,10.1900,10.1900,0,0.0000,3,,0,0.000000,0
2017-08-03,sz.000606,10.1900,10.1900,10.1900,10.1900,10.1900,0,0.0000,3,,0,0.000000,0
2017-08-04,sz.000606,10.1900,10.1900,10.1900,10.1900,10.1900,0,0.0000,3,,0,0.000000,0
2017-08-07,sz.000606,10.1900,10.1900,10.1900,10.1900,10.1900,0,0.0000,3,,0,0.000000,0
2017-08-08,sz.000606,10.1900,10.1900,10.1900,10.1900,10.1900,0,0.0000,3,,0,0.000000,0
2017-08-09,sz.000606,10.1900,10.1900,10.1900,10.1900,10.1900,0,0.0000,3,,0,0.000000,0
2017-08-10,sz.000606,10.1900,10.1900,10.1900,10.1900,10.1900,0,0.0000,3,,0,0.000000,0
2017-08-11,sz.000606,10.1900,10.1900,10.1900,10.1900,10.1900,0,0.0000,3,,0,0.000000,0
2017-08-14,sz.000606,10.1900,10.1900,10.1900,10.1900,10.1900,0,0.0000,3,,0,0.000000,0
2017-08-15,sz.000606,10.1900,10.1900,10.1900,10.1900,10.1900,0,0.0000,3,,0,0.000000,0
2017-08-16,sz.000606,10.1900,10.1900,10.1900,10.1900,10.1900,0,0.0000,3,,0,0.000000,0
2017-08-17,sz.000606,10.1900,10.1900,10.1900,10.1900,10.1900,0,0.0000,3,,0,0.000000,0
2017-08-18,sz.000606,10.1900,10.1900,10.1900,10.1900,10.1900,0,0.0000,3,,0,0.000000,0
2017-08-21,sz.000606,10.1900,10.1900,10.1900,10.1900,10.1900,0,0.0000,3,,0,0.000000,0
2017-08-22,sz.000606,10.1900,10.1900,10.1900,10.1900,10.1900,0,0.0000,3,,0,0.000000,0
2017-08-23,sz.000606,10.1900,10.1900,10.1900,10.1900,10.1900,0,0.0000,3,,0,0.000000,0
2017-08-24,sz.000606,10.1900,10.1900,10.1900,10.1900,10.1900,0,0.0000,3,,0,0.000000,0
2017-08-25,sz.000606,10.1900,10.1900,10.1900,10.1900,10.1900,0,0.0000,3,,0,0.000000,0
2017-08-28,sz.000606,10.1900,10.1900,10.1900,10.1900,10.1900,0,0.0000,3,,0,0.000000,0
2017-08-29,sz.000606,10.1900,10.1900,10.1900,10.1900,10.1900,0,0.0000,3,,0,0.000000,0
2017-08-30,sz.000606,10.1900,10.1900,10.1900,10.1900,10.1900,0,0.0000,3,,0,0.000000,0
2017-08-31,sz.000606,10.1900,10.1900,10.1900,10.1900,10.1900,0,0.0000,3,,0,0.000000,0
2017-09-01,sz.000606,10.1900,10.1900,10.1900,10.1900,10.1900,0,0.0000,3,,0,0.000000,0
2017-09-04,sz.000606,10.1900,10.1900,10.1900,10.1900,10.1900,0,0.0000,3,,0,0.000000,0
2017-09-05,sz.000606,10.1900,10.1900,10.1900,10.1900,10.1900,0,0.0000,3,,0,0.000000,0
2017-09-06,sz.000606,10.1900,10.1900,10.1900,10.1900,10.1900,0,0.0000,3,,0,0.000000,0
2017-09-07,sz.000606,10.1900,10.1900,10.1900,10.1900,10.1900,0,0.0000,3,,0,0.000000,0
2017-09-08,sz.000606,10.1900,10.1900,10.1900,10.1900,10.1900,0,0.0000,3,,0,0.000000,0
2017-09-11,sz.000606,10.1900,10.1900,10.1900,10.1900,10.1900,0,0.0000,3,,0,0.000000,0
2017-09-12,sz.000606,10.1900,10.1900,10.1900,10.1900,10.1900,0,0.0000,3,,0,0.000000,0
2017-09-13,sz.000606,10.1900,10.1900,10.1900,10.1900,10.1900,0,0.0000,3,,0,0.000000,0
2017-09-14,sz.000606,10.1900,10.1900,10.1900,10.1900,10.1900,0,0.0000,3,,0,0.000000,0
2017-09-15,sz.000606,10.1900,10.1900,10.1900,10.1900,10.1900,0,0.0000,3,,0,0.000000,0
2017-09-18,sz.000606,10.1900,10.1900,10.1900,10.1900,10.1900,0,0.0000,3,,0,0.000000,0
2017-09-19,sz.000606,10.1900,10.1900,10.1900,10.1900,10.1900,0,0.0000,3,,0,0.000000,0
2017-09-20,sz.000606,10.1900,10.1900,10.1900,10.1900,10.1900,0,0.0000,3,,0,0.000000,0
2017-09-21,sz.000606,10.1900,10.1900,10.1900,10.1900,10.1900,0,0.0000,3,,0,0.000000,0
2017-09-22,sz.000606,10.1900,10.1900,10.1900,10.1900,10.1900,0,0.0000,3,,0,0.000000,0
2017-09-25,sz.000606,10.1900,10.1900,10.1900,10.1900,10.1900,0,0.0000,3,,0,0.000000,0
2017-09-26,sz.000606,10.1900,10.1900,10.1900,10.1900,10.1900,0,0.0000,3,,0,0.000000,0
2017-09-27,sz.000606,10.1900,10.1900,10.1900,10.1900,10.1900,0,0.0000,3,,0,0.000000,0
2017-09-28,sz.000606,10.1900,10.1900,10.1900,10.1900,10.1900,0,0.0000,3,,0,0.000000,0
2017-09-29,sz.000606,10.1900,10.1900,10.1900,10.1900,10.1900,0,0.0000,3,,0,0.000000,0
2017-10-09,sz.000606,10.1900,10.1900,10.1900,10.1900,10.1900,0,0.0000,3,,0,0.000000,0
2017-10-10,sz.000606,10.1900,10.1900,10.1900,10.1900,10.1900,0,0.0000,3,,0,0.000000,0
2017-10-11,sz.000606,10.1900,10.1900,10.1900,10.1900,10.1900,0,0.0000,3,,0,0.000000,0
2017-10-12,sz.000606,10.1900,10.1900,10.1900,10.1900,10.1900,0,0.0000,3,,0,0.000000,0
2017-10-13,sz.000606,10.1900,10.1900,10.1900,10.1900,10.1900,0,0.0000,3,,0,0.000000,0
2017-10-16,sz.000606,10.1900,10.1900,10.1900,10.1900,10.1900,0,0.0000,3,,0,0.000000,0
2017-10-17,sz.000606,10.1900,10.1900,10.1900,10.1900,10.1900,0,0.0000,3,,0,0.000000,0
2017-10-18,sz.000606,10.1900,10.1900,10.1900,10.1900,10.1900,0,0.0000,3,,0,0.000000,0
2017-10-19,sz.000606,10.1900,10.1900,10.1900,10.1900,10.1900,0,0.0000,3,,0,0.000000,0
2017-10-20,sz.000606,10.1900,10.1900,10.1900,10.1900,10.1900,0,0.0000,3,,0,0.000000,0
2017-10-23,sz.000606,10.1900,10.1900,10.1900,10.1900,10.1900,0,0.0000,3,,0,0.000000,0
2017-10-24,sz.000606,10.1900,10.1900,10.1900,10.1900,10.1900,0,0.0000,3,,0,0.000000,0
2017-10-25,sz.000606,10.1900,10.1900,10.1900,10.1900,10.1900,0,0.0000,3,,0,0.000000,0
2017-10-26,sz.000606,10.1900,10.1900,10.1900,10.1900,10.1900,0,0.0000,3,,0,0.000000,0
2017-10-27,sz.000606,10.1900,10.1900,10.1900,10.1900,10.1900,0,0.0000,3,,0,0.000000,0
2017-10-30,sz.000606,10.1900,10.1900,10.1900,10.1900,10.1900,0,0.0000,3,,0,0.000000,0
2017-10-31,sz.000606,10.1900,10.1900,10.1900,10.1900,10.1900,0,0.0000,3,,0,0.000000,0
2017-11-01,sz.000606,10.1900,10.1900,10.1900,10.1900,10.1900,0,0.0000,3,,0,0.000000,0
2017-11-02,sz.000606,10.1900,10.1900,10.1900,10.1900,10.1900,0,0.0000,3,,0,0.000000,0
2017-11-03,sz.000606,10.1900,10.1900,10.1900,10.1900,10.1900,0,0.0000,3,,0,0.000000,0
2017-11-06,sz.000606,10.1900,10.1900,10.1900,10.1900,10.1900,0,0.0000,3,,0,0.000000,0
2017-11-07,sz.000606,10.4000,10.9900,9.8500,10.4000,10.1900,19319627,200377885.9300,3,4.092156,1,2.060844,0
2017-11-08,sz.000606,10.1500,10.2000,9.9000,9.9600,10.4000,8319595,83556582.3900,3,1.762202,1,-4.230765,0
2017-11-09,sz.000606,9.8900,9.9200,9.4100,9.6000,9.9600,7546675,72402432.8200,3,1.598487,1,-3.614454,0
2017-11-10,sz.000606,9.4300,9.5400,9.3100,9.3300,9.6000,5259984,49331221.3400,3,1.114135,1,-2.812505,0
2017-11-13,sz.000606,9.2800,9.6100,9.2300,9.4100,9.3300,4652650,43991635.0000,3,0.985494,1,0.857448,0
2017-11-14,sz.000606,9.3800,9.4900,9.3000,9.3700,9.4100,2692886,25217580.8600,3,0.570389,1,-0.425079,0
2017-11-15,sz.000606,9.3700,9.6000,9.3100,9.5000,9.3700,2976208,28208368.1100,3,0.630401,1,1.387408,0
2017-11-16,sz.000606,9.4900,9.6000,9.3800,9.4200,9.5000,2534600,24041163.0000,3,0.536862,1,-0.842105,0
2017-11-17,sz.000606,9.5600,9.5600,9.3200,9.4400,9.4200,3238200,30476099.5000,3,0.685894,1,0.212309,0
2017-11-20,sz.000606,9.3600,9.4800,9.1300,9.3400,9.4400,2394700,22300086.0000,3,0.507230,1,-1.059316,0
2017-11-21,sz.000606,9.3900,9.4700,9.2100,9.3500,9.3400,2357378,21963865.0400,3,0.499324,1,0.107069,0
2017-11-22,sz.000606,9.3800,9.3800,9.2100,9.2900,9.3500,2125082,19694140.3800,3,0.450121,1,-0.641716,0
2017-11-23,sz.000606,9.3200,9.3200,9.0300,9.1400,9.2900,2453696,22531081.8800,3,0.519726,1,-1.614635,0
2017-11-24,sz.000606,9.1200,9.2500,9.0000,9.1600,9.1400,1792300,16327594.7500,3,0.379633,1,0.218813,0
2017-11-27,sz.000606,9.1200,9.2400,8.9400,9.0000,9.1600,2010000,18187048.0000,3,0.425745,1,-1.746723,0
2017-11-28,sz.000606,9.0200,9.0200,8.8100,8.8900,9.0000,2632100,23417281.8900,3,0.557514,1,-1.222218,0
2017-11-29,sz.000606,8.9100,8.9400,8.4600,8.5600,8.8900,4217410,36481008.8200,3,0.893304,1,-3.712035,0
2017-11-30,sz.000606,8.5500,8.6800,8.4100,8.6300,8.5600,2156510,18462118.2000,3,0.456778,1,0.817753,0
2017-12-01,sz.000606,8.6000,9.1900,8.6000,8.9700,8.6300,3669508,33000209.5600,3,0.777251,1,3.939747,0
2017-12-04,sz.000606,8.9900,9.4400,8.9900,9.2900,8.9700,3821810,35213523.6900,3,0.809511,1,3.567443,0
2017-12-05,sz.000606,9.2900,9.3300,8.9700,9.0000,9.2900,2541136,23100227.9000,3,0.538247,1,-3.121636,0
2017-12-06,sz.000606,9.0000,9.1300,8.9300,9.0900,9.0000,1186304,10706169.9400,3,0.251275,1,1.000002,0
2017-12-07,sz.000606,9.1100,9.1100,8.9500,9.1000,9.0900,946771,8557649.0500,3,0.200539,1,0.110014,0
2017-12-08,sz.000606,9.0600,9.2400,9.0400,9.2000,9.1000,1646300,15103012.4600,3,0.348708,1,1.098895,0
2017-12-11,sz.000606,9.2000,9.3900,9.2000,9.3500,9.2000,2119700,19780715.4900,3,0.448981,1,1.630441,0
2017-12-12,sz.000606,9.3700,9.4000,9.2000,9.2400,9.3500,1749108,16213621.9000,3,0.370485,1,-1.176477,0
2017-12-13,sz.000606,9.2400,9.2900,9.1800,9.2600,9.2400,958682,8867855.7800,3,0.203062,1,0.216455,0
2017-12-14,sz.000606,9.2700,9.2700,9.0700,9.1200,9.2600,1648353,15052971.8700,3,0.349143,1,-1.511883,0
2017-12-15,sz.000606,9.1700,9.1700,8.9500,9.0300,9.1200,1372187,12408598.3300,3,0.290648,1,-0.986844,0
2017-12-18,sz.000606,9.0100,9.0800,8.9700,9.0100,9.0300,895300,8062889.5700,3,0.189637,1,-0.221478,0
2017-12-19,sz.000606,9.0500,9.1600,9.0300,9.1400,9.0100,1100200,10029226.6900,3,0.233037,1,1.442843,0
2017-12-20,sz.000606,9.1600,9.1800,9.0200,9.0600,9.1400,796600,7253716.0000,3,0.168731,1,-0.875273,0
2017-12-21,sz.000606,9.0400,9.0900,8.7200,8.9600,9.0600,2417900,21394528.1700,3,0.512144,1,-1.103757,0
2017-12-22,sz.000606,8.8900,8.9000,8.8100,8.8600,8.9600,843500,7468573.0000,3,0.178665,1,-1.116076,0
2017-12-25,sz.000606,8.8400,8.8400,8.5400,8.6200,8.8600,1988912,17157172.0000,3,0.421278,1,-2.708801,0
2017-12-26,sz.000606,8.6400,8.7000,8.4000,8.6100,8.6200,1648226,14118028.6000,3,0.349116,1,-0.116012,0
2017-12-27,sz.000606,8.6000,8.7500,8.5500,8.7300,8.6100,1469813,12692981.6700,3,0.311326,1,1.393727,0
2017-12-28,sz.000606,8.7500,9.0000,8.7100,8.8900,8.7300,1634722,14523923.2600,3,0.346256,1,1.832770,0
2017-12-29,sz.000606,8.8800,8.9400,8.8300,8.9200,8.8900,781210,6946708.1000,3,0.165471,1,0.337455,0
2018-01-02,sz.000606,8.9000,9.0500,8.8000,8.9000,8.9200,1036100,9209127.9700,3,0.219460,1,-0.224220,0
2018-01-03,sz.000606,8.8500,8.9200,8.8000,8.8600,8.9000,1368788,12123090.0500,3,0.289928,1,-0.449438,0
2018-01-04,sz.000606,8.8400,8.9200,8.8300,8.8400,8.8600,899500,7975654.0000,3,0.190526,1,-0.225728,0
2018-01-05,sz.000606,8.8500,9.1800,8.6200,9.0300,8.8400,3352900,29619569.5700,3,0.710189,1,2.149317,0
2018-01-08,sz.000606,9.0100,9.1000,8.9100,8.9300,9.0300,1496111,13416222.3200,3,0.316896,1,-1.107413,0
2018-01-09,sz.000606,8.9300,8.9600,8.7200,8.9500,8.9300,2387100,21073087.0000,3,0.505620,1,0.223959,0
2018-01-10,sz.000606,8.9300,8.9300,8.7600,8.7800,8.9500,1102614,9704939.1700,3,0.233548,1,-1.899442,0
2018-01-11,sz.000606,8.7800,9.0000,8.7000,8.8800,8.7800,1414250,12529347.4700,3,0.299557,1,1.138957,0
2018-01-12,sz.000606,8.8500,8.9300,8.7300,8.7600,8.8800,1381600,12159451.0000,3,0.292641,1,-1.351350,0
2018-01-15,sz.000606,8.7700,8.8300,8.5200,8.6300,8.7600,1902200,16449281.0000,3,0.402912,1,-1.484020,0
2018-01-16,sz.000606,8.6000,8.6500,8.5100,8.5700,8.6300,1362843,11683986.5100,3,0.288668,1,-0.695254,0
2018-01-17,sz.000606,8.5700,8.5700,8.4000,8.4900,8.5700,2208401,18693132.4500,3,0.467769,1,-0.933488,0
2018-01-18,sz.000606,8.4900,8.5200,8.3000,8.3400,8.4900,2432100,20414845.0300,3,0.515151,1,-1.766780,0
2018-01-19,sz.000606,8.3400,8.3800,8.1400,8.1900,8.3400,2913400,23939961.9600,3,0.617097,1,-1.798568,0
2018-01-22,sz.000606,8.1100,8.1900,7.8700,8.1700,8.1900,4173043,33295264.3600,3,0.883907,1,-0.244194,0
2018-01-23,sz.000606,8.2000,8.5700,8.1800,8.3300,8.1700,3459801,28970585.8300,3,0.732832,1,1.958382,0
2018-01-24,sz.000606,8.2900,8.3200,8.1200,8.2600,8.3300,2548100,20919698.0000,3,0.539722,1,-0.840332,0
2018-01-25,sz.000606,8.2500,8.2900,8.1100,8.1900,8.2600,2239584,18312889.7700,3,0.474374,1,-0.847465,0
2018-01-26,sz.000606,8.1600,8.1600,7.9900,8.0600,8.1900,2743698,22124311.3100,3,0.581152,1,-1.587291,0
2018-01-29,sz.000606,8.0900,8.1400,7.9000,8.0800,8.0600,4278926,34271984.1700,3,0.906334,1,0.248133,0
2018-01-30,sz.000606,8.0200,8.1000,7.9100,8.0200,8.0800,1650900,13242969.0000,3,0.349683,1,-0.742568,0
2018-01-31,sz.000606,7.9300,8.0200,7.7300,7.9000,8.0200,2457953,19407906.9700,3,0.520627,1,-1.496264,0
2018-02-01,sz.000606,7.8400,7.8600,7.1100,7.1900,7.9000,6849330,50275484.8200,3,1.450780,1,-8.987342,0
2018-02-02,sz.000606,7.1900,7.1900,7.1900,7.1900,7.1900,0,0.0000,3,,0,0.000000,0
2018-02-05,sz.000606,7.1900,7.1900,7.1900,7.1900,7.1900,0,0.0000,3,,0,0.000000,0
2018-02-06,sz.000606,7.1900,7.1900,7.1900,7.1900,7.1900,0,0.0000,3,,0,0.000000,0
2018-02-07,sz.000606,7.1900,7.1900,7.1900,7.1900,7.1900,0,0.0000,3,,0,0.000000,0
2018-02-08,sz.000606,7.1900,7.1900,7.1900,7.1900,7.1900,0,0.0000,3,,0,0.000000,0
2018-02-09,sz.000606,7.1900,7.1900,7.1900,7.1900,7.1900,0,0.0000,3,,0,0.000000,0
2018-02-12,sz.000606,7.1900,7.1900,7.1900,7.1900,7.1900,0,0.0000,3,,0,0.000000,0
2018-02-13,sz.000606,7.1900,7.1900,7.1900,7.1900,7.1900,0,0.0000,3,,0,0.000000,0
2018-02-14,sz.000606,7.1900,7.1900,7.1900,7.1900,7.1900,0,0.0000,3,,0,0.000000,0
2018-02-22,sz.000606,7.1900,7.1900,7.1900,7.1900,7.1900,0,0.0000,3,,0,0.000000,0
2018-02-23,sz.000606,7.1900,7.1900,7.1900,7.1900,7.1900,0,0.0000,3,,0,0.000000,0
2018-02-26,sz.000606,7.1900,7.1900,7.1900,7.1900,7.1900,0,0.0000,3,,0,0.000000,0
2018-02-27,sz.000606,7.1900,7.1900,7.1900,7.1900,7.1900,0,0.0000,3,,0,0.000000,0
2018-02-28,sz.000606,7.1900,7.1900,7.1900,7.1900,7.1900,0,0.0000,3,,0,0.000000,0
2018-03-01,sz.000606,7.1900,7.1900,7.1900,7.1900,7.1900,0,0.0000,3,,0,0.000000,0
2018-03-02,sz.000606,7.1900,7.1900,7.1900,7.1900,7.1900,0,0.0000,3,,0,0.000000,0
2018-03-05,sz.000606,7.1900,7.1900,7.1900,7.1900,7.1900,0,0.0000,3,,0,0.000000,0
2018-03-06,sz.000606,7.1900,7.1900,7.1900,7.1900,7.1900,0,0.0000,3,,0,0.000000,0
2018-03-07,sz.000606,7.1900,7.1900,7.1900,7.1900,7.1900,0,0.0000,3,,0,0.000000,0
2018-03-08,sz.000606,7.1900,7.1900,7.1900,7.1900,7.1900,0,0.0000,3,,0,0.000000,0
2018-03-09,sz.000606,7.1900,7.1900,7.1900,7.1900,7.1900,0,0.0000,3,,0,0.000000,0
2018-03-12,sz.000606,7.1900,7.1900,7.1900,7.1900,7.1900,0,0.0000,3,,0,0.000000,0
2018-03-13,sz.000606,7.1900,7.1900,7.1900,7.1900,7.1900,0,0.0000,3,,0,0.000000,0
2018-03-14,sz.000606,7.1900,7.1900,7.1900,7.1900,7.1900,0,0.0000,3,,0,0.000000,0
2018-03-15,sz.000606,7.1900,7.1900,7.1900,7.1900,7.1900,0,0.0000,3,,0,0.000000,0
2018-03-16,sz.000606,7.1900,7.1900,7.1900,7.1900,7.1900,0,0.0000,3,,0,0.000000,0
2018-03-19,sz.000606,7.1900,7.1900,7.1900,7.1900,7.1900,0,0.0000,3,,0,0.000000,0
2018-03-20,sz.000606,7.1900,7.1900,7.1900,7.1900,7.1900,0,0.0000,3,,0,0.000000,0
2018-03-21,sz.000606,7.1900,7.1900,7.1900,7.1900,7.1900,0,0.0000,3,,0,0.000000,0
2018-03-22,sz.000606,7.1900,7.1900,7.1900,7.1900,7.1900,0,0.0000,3,,0,0.000000,0
2018-03-23,sz.000606,7.1900,7.1900,7.1900,7.1900,7.1900,0,0.0000,3,,0,0.000000,0
2018-03-26,sz.000606,7.1900,7.1900,7.1900,7.1900,7.1900,0,0.0000,3,,0,0.000000,0
2018-03-27,sz.000606,7.1900,7.1900,7.1900,7.1900,7.1900,0,0.0000,3,,0,0.000000,0
2018-03-28,sz.000606,7.1900,7.1900,7.1900,7.1900,7.1900,0,0.0000,3,,0,0.000000,0
2018-03-29,sz.000606,7.1900,7.1900,7.1900,7.1900,7.1900,0,0.0000,3,,0,0.000000,0
2018-03-30,sz.000606,7.1900,7.1900,7.1900,7.1900,7.1900,0,0.0000,3,,0,0.000000,0
2018-04-02,sz.000606,7.1900,7.1900,7.1900,7.1900,7.1900,0,0.0000,3,,0,0.000000,0
2018-04-03,sz.000606,7.1900,7.1900,7.1900,7.1900,7.1900,0,0.0000,3,,0,0.000000,0
2018-04-04,sz.000606,7.1900,7.1900,7.1900,7.1900,7.1900,0,0.0000,3,,0,0.000000,0
2018-04-09,sz.000606,7.1900,7.1900,7.1900,7.1900,7.1900,0,0.0000,3,,0,0.000000,0
2018-04-10,sz.000606,7.1900,7.1900,7.1900,7.1900,7.1900,0,0.0000,3,,0,0.000000,0
2018-04-11,sz.000606,7.1900,7.1900,7.1900,7.1900,7.1900,0,0.0000,3,,0,0.000000,0
2018-04-12,sz.000606,7.1900,7.1900,7.1900,7.1900,7.1900,0,0.0000,3,,0,0.000000,0
2018-04-13,sz.000606,7.1900,7.1900,7.1900,7.1900,7.1900,0,0.0000,3,,0,0.000000,0
2018-04-16,sz.000606,7.1900,7.1900,7.1900,7.1900,7.1900,0,0.0000,3,,0,0.000000,0
2018-04-17,sz.000606,7.1900,7.1900,7.1900,7.1900,7.1900,0,0.0000,3,,0,0.000000,0
2018-04-18,sz.000606,7.1900,7.1900,7.1900,7.1900,7.1900,0,0.0000,3,,0,0.000000,0
2018-04-19,sz.000606,7.1900,7.1900,7.1900,7.1900,7.1900,0,0.0000,3,,0,0.000000,0
2018-04-20,sz.000606,7.1900,7.1900,7.1900,7.1900,7.1900,0,0.0000,3,,0,0.000000,0
2018-04-23,sz.000606,7.1900,7.1900,7.1900,7.1900,7.1900,0,0.0000,3,,0,0.000000,0
2018-04-24,sz.000606,7.1900,7.1900,7.1900,7.1900,7.1900,0,0.0000,3,,0,0.000000,0
2018-04-25,sz.000606,7.1900,7.1900,7.1900,7.1900,7.1900,0,0.0000,3,,0,0.000000,0
2018-04-26,sz.000606,7.1900,7.1900,7.1900,7.1900,7.1900,0,0.0000,3,,0,0.000000,0
2018-04-27,sz.000606,7.1900,7.1900,7.1900,7.1900,7.1900,0,0.0000,3,,0,0.000000,0
2018-05-02,sz.000606,7.1900,7.1900,7.1900,7.1900,7.1900,0,0.0000,3,,0,0.000000,0
2018-05-03,sz.000606,7.1900,7.1900,7.1900,7.1900,7.1900,0,0.0000,3,,0,0.000000,0
2018-05-04,sz.000606,7.1900,7.1900,7.1900,7.1900,7.1900,0,0.0000,3,,0,0.000000,0
2018-05-07,sz.000606,7.1900,7.1900,7.1900,7.1900,7.1900,0,0.0000,3,,0,0.000000,0
2018-05-08,sz.000606,7.1900,7.1900,7.1900,7.1900,7.1900,0,0.0000,3,,0,0.000000,0
2018-05-09,sz.000606,7.9100,7.9100,7.9100,7.9100,7.1900,1297703,10264830.7300,3,0.274871,1,10.013910,0
2018-05-10,sz.000606,8.7000,8.7000,8.6300,8.7000,7.9100,9849392,85685866.3800,3,2.086233,1,9.987357,0
2018-05-11,sz.000606,8.9900,9.2400,8.4500,8.8400,8.7000,31610251,279743851.1000,3,6.695476,1,1.609199,0
2018-05-14,sz.000606,8.8100,9.7200,8.8100,9.3500,8.8400,31250664,295229474.1100,3,6.619310,1,5.769233,0
2018-05-15,sz.000606,9.1300,9.3300,8.6100,9.0500,9.3500,19440566,174681991.5700,3,4.117773,1,-3.208558,0
2018-05-16,sz.000606,8.9700,9.1300,8.7200,8.8600,9.0500,10269290,91411892.8800,3,2.175174,1,-2.099453,0
2018-05-17,sz.000606,8.8000,8.8600,8.6100,8.6600,8.8600,6739190,58699873.1100,3,1.427451,1,-2.257334,0
2018-05-18,sz.000606,8.7200,8.8400,8.6200,8.6700,8.6600,5552480,48381687.2100,3,1.176090,1,0.115476,0
2018-05-21,sz.000606,9.0000,9.0000,8.6500,8.7200,8.6700,8948820,78560007.6200,3,1.895480,1,0.576704,0
2018-05-22,sz.000606,8.7000,9.1000,8.6300,9.0600,8.7200,9936460,88956798.3900,3,2.104676,1,3.899084,0
2018-05-23,sz.000606,9.1800,9.1800,8.8100,8.8600,9.0600,5494974,49125023.8500,3,1.163909,1,-2.207514,0
2018-05-24,sz.000606,8.8500,8.9600,8.6100,8.7000,8.8600,4220244,36801895.4700,3,0.893904,1,-1.805867,0
2018-05-25,sz.000606,8.7200,8.7900,8.4700,8.4900,8.7000,4990005,42691648.4500,3,1.056950,1,-2.413794,0
2018-05-28,sz.000606,8.4900,8.5800,8.0600,8.1300,8.4900,7615657,63236178.7400,3,1.613098,1,-4.240279,0
2018-05-29,sz.000606,8.1100,8.1900,7.6000,7.8800,8.1300,6142096,48647730.3800,3,1.300978,1,-3.075031,0
2018-05-30,sz.000606,7.6500,8.0000,7.4500,8.0000,7.8800,6247351,47979933.0800,3,1.323273,1,1.522841,0
2018-05-31,sz.000606,7.8500,8.0500,7.7800,7.9400,8.0000,5673621,44976242.2100,3,1.201749,1,-0.749999,0
2018-06-01,sz.000606,7.9300,7.9300,7.6100,7.6700,7.9400,4178814,32232213.4000,3,0.885129,1,-3.400503,0
2018-06-04,sz.000606,7.5900,7.9600,7.5900,7.8200,7.6700,3742466,29211891.0000,3,0.792705,1,1.955673,0
2018-06-05,sz.000606,7.8000,7.9600,7.8000,7.8600,7.8200,3212629,25339009.1800,3,0.680478,1,0.511509,0
2018-06-06,sz.000606,7.8200,7.9100,7.7500,7.7700,7.8600,2579888,20136757.9900,3,0.546455,1,-1.145040,0
2018-06-07,sz.000606,7.6500,7.9400,7.5100,7.5400,7.7700,3853082,29264565.2600,3,0.816135,1,-2.960103,0
2018-06-08,sz.000606,7.5700,8.0100,7.5200,8.0000,7.5400,7529675,59184783.4100,3,1.594886,1,6.100796,0
2018-06-11,sz.000606,8.1000,8.1000,7.8100,7.8500,8.0000,3756244,29775334.1500,3,0.795623,1,-1.875001,0
2018-06-12,sz.000606,7.7700,7.8400,7.6300,7.7400,7.8500,3090580,23823276.8000,3,0.654626,1,-1.401276,0
2018-06-13,sz.000606,7.7000,7.7100,7.0500,7.3800,7.7400,9815611,72644935.5100,3,2.079078,1,-4.651159,0
2018-06-14,sz.000606,7.2900,7.5300,7.1600,7.2400,7.3800,4002568,29200577.2700,3,0.847798,1,-1.897024,0
2018-06-15,sz.000606,7.1500,7.3400,7.0400,7.3000,7.2400,3472311,24895979.8300,3,0.735482,1,0.828735,0
2018-06-19,sz.000606,7.1400,7.2000,6.5700,6.8300,7.3000,5695718,38875392.4400,3,1.206430,1,-6.438360,0
2018-06-20,sz.000606,6.7500,6.8600,6.6000,6.7400,6.8300,4330001,29163378.8200,3,0.917152,1,-1.317718,0
2018-06-21,sz.000606,6.7600,6.8500,6.6100,6.7500,6.7400,2931938,19730911.8500,3,0.621024,1,0.148371,0
2018-06-22,sz.000606,6.7500,7.1100,6.6200,7.0000,6.7500,5591633,38405920.5800,3,1.184383,1,3.703704,0
2018-06-25,sz.000606,7.0000,7.1000,6.7300,6.8000,7.0000,3636101,25062429.9300,3,0.770175,1,-2.857140,0
2018-06-26,sz.000606,6.6600,6.9100,6.4000,6.7000,6.8000,4188817,27827382.4000,3,0.887248,1,-1.470594,0
2018-06-27,sz.000606,6.6300,6.7300,6.4800,6.5100,6.7000,3524590,23175025.1200,3,0.746555,1,-2.835815,0
2018-06-28,sz.000606,6.4200,6.5800,6.3300,6.3900,6.5100,2355815,15211035.7500,3,0.498993,1,-1.843324,0
2018-06-29,sz.000606,6.4500,6.6600,6.3900,6.6000,6.3900,3552800,23248609.7000,3,0.752531,1,3.286386,0
2018-07-02,sz.000606,6.6000,6.8500,6.5300,6.6800,6.6000,3808381,25516241.8900,3,0.806666,1,1.212120,0
2018-07-03,sz.000606,6.8000,6.9000,6.6600,6.8100,6.6800,4898720,33199496.2700,3,1.037615,1,1.946110,0
2018-07-04,sz.000606,6.7300,6.8700,6.6000,6.6600,6.8100,3000812,20229332.7600,3,0.635612,1,-2.202645,0
2018-07-05,sz.000606,6.5800,6.6800,6.3900,6.3900,6.6600,2087071,13685125.1800,3,0.442070,1,-4.054054,0
2018-07-06,sz.000606,6.3600,6.6400,6.3500,6.5000,6.3900,2658192,17244277.2800,3,0.563041,1,1.721442,0
2018-07-09,sz.000606,6.5000,6.7500,6.5000,6.7000,6.5000,2637576,17573298.0800,3,0.558674,1,3.076920,0
2018-07-10,sz.000606,6.7000,6.8000,6.6600,6.6900,6.7000,2478901,16631712.6800,3,0.525065,1,-0.149250,0
2018-07-11,sz.000606,6.6800,6.6800,6.2300,6.4000,6.6900,4283511,27550133.3400,3,0.907305,1,-4.334827,0
2018-07-12,sz.000606,6.3500,6.6700,6.3300,6.5500,6.4000,3586420,23518732.3500,3,0.759652,1,2.343751,0
2018-07-13,sz.000606,6.5800,6.6800,6.5200,6.6700,6.5500,2260568,14968765.3300,3,0.478819,1,1.832059,0
2018-07-16,sz.000606,6.8400,6.8700,6.6300,6.6900,6.6700,3504130,23585908.5000,3,0.742222,1,0.299850,0
2018-07-17,sz.000606,6.6500,6.6600,6.4800,6.5700,6.6900,2839428,18629695.2700,3,0.601429,1,-1.793720,0
2018-07-18,sz.000606,6.5100,6.6100,6.4200,6.4400,6.5700,4077751,26401124.7700,3,0.863722,1,-1.978693,0
2018-07-19,sz.000606,6.4500,6.4500,6.0500,6.2600,6.4400,4561415,28501456.1900,3,0.966169,1,-2.795028,0
2018-07-20,sz.000606,6.2500,6.3300,6.1600,6.3300,6.2600,2853760,17866600.2900,3,0.522234,1,1.118206,0
2018-07-23,sz.000606,6.3300,6.3300,6.1600,6.2500,6.3300,2779105,17381107.9100,3,0.508572,1,-1.263822,0
2018-07-24,sz.000606,6.2500,6.8800,6.2200,6.8800,6.2500,7827203,52237106.4800,3,1.432366,1,10.080000,0
2018-07-25,sz.000606,6.9800,7.2300,6.7300,6.8500,6.8800,14247021,99765140.6000,3,2.607182,1,-0.436050,0
2018-07-26,sz.000606,6.7000,7.1300,6.7000,6.9200,6.8500,10370578,71784286.5700,3,1.897799,1,1.021900,0
2018-07-27,sz.000606,6.8100,6.8500,6.6500,6.6900,6.9200,5712781,38413450.2700,3,1.045430,1,-3.323699,0
2018-07-30,sz.000606,6.6700,6.6900,6.3400,6.4900,6.6900,6219400,40340655.0000,3,1.138140,1,-2.989541,0
2018-07-31,sz.000606,6.5000,6.5200,6.3900,6.4600,6.4900,3525114,22696753.1700,3,0.645090,1,-0.462245,0
2018-08-01,sz.000606,6.4900,6.9800,6.4000,6.4000,6.4600,6561693,43594100.8200,3,1.200779,1,-0.928792,0
2018-08-02,sz.000606,6.3100,6.3400,5.9000,6.0800,6.4000,7225347,44197530.1500,3,1.322227,1,-5.000003,0
2018-08-03,sz.000606,6.0600,6.2000,6.0200,6.1000,6.0800,3539010,21644327.6000,3,0.647633,1,0.328947,0
2018-08-06,sz.000606,6.1600,6.2500,6.0100,6.2000,6.1000,4292500,26460515.5200,3,0.785521,1,1.639343,0
2018-08-07,sz.000606,6.2000,6.4100,6.1600,6.3200,6.2000,4170227,26333117.1000,3,0.763145,1,1.935490,0
2018-08-08,sz.000606,6.3100,6.3900,6.1900,6.2000,6.3200,2857800,18007313.0000,3,0.522973,1,-1.898740,0
2018-08-09,sz.000606,6.2000,6.6700,6.1000,6.4100,6.2000,5207700,33578713.9800,3,0.953001,1,3.387098,0
2018-08-10,sz.000606,6.4100,6.4800,6.3400,6.4300,6.4100,2176765,13943150.4600,3,0.398345,1,0.312012,0
2018-08-13,sz.000606,6.3400,6.4400,6.2300,6.4400,6.4300,2557000,16179844.0000,3,0.467927,1,0.155525,0
2018-08-14,sz.000606,6.4000,6.4300,6.3200,6.3800,6.4400,2222760,14152582.4000,3,0.406762,1,-0.931676,0
2018-08-15,sz.000606,6.3700,6.3900,6.2500,6.2500,6.3800,1496353,9434247.4900,3,0.273830,1,-2.037619,0
2018-08-16,sz.000606,6.1500,6.5400,6.1000,6.3100,6.2500,2989039,18964207.5400,3,0.546989,1,0.959999,0
2018-08-17,sz.000606,6.3500,6.3800,6.1300,6.1400,6.3100,2276700,14209863.9600,3,0.416633,1,-2.694138,0
2018-08-20,sz.000606,6.1000,6.2400,6.0700,6.2400,6.1400,1905801,11720866.1100,3,0.348759,1,1.628663,0
2018-08-21,sz.000606,6.2300,6.3900,6.1500,6.2900,6.2400,1768290,11086151.9000,3,0.323594,1,0.801285,0
2018-08-22,sz.000606,6.2900,6.3800,6.2300,6.3100,6.2900,1580401,9960217.2800,3,0.289211,1,0.317965,0
2018-08-23,sz.000606,6.2800,6.3600,6.2500,6.3000,6.3100,1599405,10101781.3500,3,0.292689,1,-0.158475,0
2018-08-24,sz.000606,6.2600,6.2900,6.1200,6.2600,6.3000,1845311,11487997.7500,3,0.337689,1,-0.634920,0
2018-08-27,sz.000606,6.2900,6.4600,6.2900,6.3900,6.2600,2560401,16373850.4000,3,0.468549,1,2.076671,0
2018-08-28,sz.000606,6.4400,6.4900,6.3900,6.4700,6.3900,2919699,18811159.5600,3,0.534300,1,1.251955,0
2018-08-29,sz.000606,6.4600,6.5300,6.3900,6.4400,6.4700,1883262,12118149.8700,3,0.344634,1,-0.463674,0
2018-08-30,sz.000606,6.4400,6.8800,6.3300,6.5800,6.4400,6518394,43044987.0800,3,1.192856,1,2.173911,0
2018-08-31,sz.000606,6.4100,6.4400,6.2300,6.2500,6.5800,5696452,35937598.9500,3,1.042442,1,-5.015197,0
2018-09-03,sz.000606,6.1800,6.2700,6.0300,6.0600,6.2500,3379005,20609572.1500,3,0.618353,1,-3.040001,0
2018-09-04,sz.000606,6.1000,6.1500,6.0400,6.1400,6.0600,3266867,19940965.3600,3,0.597832,1,1.320131,0
2018-09-05,sz.000606,6.1500,6.1600,5.9900,6.0000,6.1400,2509600,15233456.0000,3,0.459253,1,-2.280128,0
2018-09-06,sz.000606,5.9800,6.0700,5.9100,6.0300,6.0000,2353600,14161736.0000,3,0.430705,1,0.500004,0
2018-09-07,sz.000606,6.0500,6.1000,5.9300,5.9900,6.0300,2519970,15165204.5300,3,0.461151,1,-0.663357,0
2018-09-10,sz.000606,5.9800,5.9800,5.5000,5.7300,5.9900,4410503,25406377.1300,3,0.807115,1,-4.340564,0
2018-09-11,sz.000606,5.7000,5.7400,5.5600,5.5800,5.7300,3197001,17977271.5900,3,0.585046,1,-2.617803,0
2018-09-12,sz.000606,5.5400,5.6100,5.5000,5.5400,5.5800,2944192,16336453.7600,3,0.538782,1,-0.716845,0
2018-09-13,sz.000606,5.5700,5.6700,5.4600,5.5400,5.5400,2894120,16013006.4200,3,0.529619,1,0.000000,0
2018-09-14,sz.000606,5.5300,5.5700,5.4400,5.4500,5.5400,2129501,11725188.5000,3,0.389695,1,-1.624551,0
2018-09-17,sz.000606,5.3600,5.4000,5.1800,5.2700,5.4500,3572183,18915621.8100,3,0.653704,1,-3.302749,0
2018-09-18,sz.000606,5.2200,5.3700,5.2100,5.3600,5.2700,3026401,16026874.2400,3,0.553827,1,1.707783,0
2018-09-19,sz.000606,5.3800,5.4400,5.3000,5.3900,5.3600,3607843,19432629.7700,3,0.660230,1,0.559697,0
2018-09-20,sz.000606,5.3800,5.4300,5.3300,5.3500,5.3900,2176300,11710896.0000,3,0.398259,1,-0.742114,0
2018-09-21,sz.000606,5.3500,5.4600,5.3300,5.4400,5.3500,2775516,14987226.3100,3,0.507915,1,1.682246,0
2018-09-25,sz.000606,5.3900,5.4000,5.3100,5.3400,5.4400,2242700,11997992.0000,3,0.410411,1,-1.838233,0
2018-09-26,sz.000606,5.3400,5.4300,5.3000,5.3700,5.3400,3265900,17539624.0000,3,0.597655,1,0.561793,0
2018-09-27,sz.000606,5.3800,5.3800,5.1000,5.1900,5.3700,4464160,23327595.9800,3,0.816934,1,-3.351952,0
2018-09-28,sz.000606,5.1700,5.2800,5.1000,5.2800,5.1900,3287900,17088152.0000,3,0.601681,1,1.734107,0
2018-10-08,sz.000606,5.1500,5.2200,5.0700,5.1500,5.2800,2486701,12767852.8700,3,0.455062,1,-2.462123,0
2018-10-09,sz.000606,5.1200,5.1400,4.8800,4.9200,5.1500,5356103,26751924.8000,3,0.980158,1,-4.466020,0
2018-10-10,sz.000606,4.9200,5.1000,4.9200,4.9900,4.9200,3422700,17121046.9000,3,0.626349,1,1.422758,0
2018-10-11,sz.000606,4.9800,5.4900,4.9800,5.4900,4.9900,8990273,49082022.0900,3,1.645206,1,10.020040,0
2018-10-12,sz.000606,5.7800,6.0400,5.6700,6.0400,5.4900,35457329,209729561.1500,3,6.488635,1,10.018220,0
2018-10-15,sz.000606,6.0900,6.6400,6.0200,6.6400,6.0400,48901453,310725087.5700,3,8.948889,1,9.933773,0
2018-10-16,sz.000606,6.7000,6.7500,5.9800,5.9800,6.6400,46685890,294724479.2900,3,8.543444,1,-9.939757,0
2018-10-17,sz.000606,5.8800,6.5800,5.8800,6.5800,5.9800,47434737,299716667.8900,3,8.680482,1,10.033440,0
2018-10-18,sz.000606,6.3900,6.5600,5.9200,6.1800,6.5800,38347157,237374094.5000,3,7.017469,1,-6.079029,0
2018-10-19,sz.000606,5.9800,6.2500,5.8500,6.0700,6.1800,25845843,157317911.2900,3,4.729748,1,-1.779930,0
2018-10-22,sz.000606,6.1200,6.6200,6.0200,6.4400,6.0700,40804711,260634352.8400,3,7.467198,1,6.095550,0
2018-10-23,sz.000606,6.4200,7.0700,6.2300,6.8500,6.4400,48228824,321735626.2700,3,8.825799,1,6.366457,0
2018-10-24,sz.000606,6.6000,6.7400,6.4600,6.5300,6.8500,27512830,181771359.9100,3,5.034804,1,-4.671528,0
2018-10-25,sz.000606,6.2300,6.4700,6.0700,6.4000,6.5300,18423918,115125603.2400,3,3.371548,1,-1.990813,0
2018-10-26,sz.000606,6.4000,6.6500,6.2800,6.4100,6.4000,16964574,109752141.9300,3,3.104490,1,0.156246,0
2018-10-29,sz.000606,6.4200,6.4200,6.1600,6.1900,6.4100,10260502,64205878.6400,3,1.877656,1,-3.432134,0
2018-10-30,sz.000606,6.2100,6.5500,6.1400,6.4200,6.1900,14703457,93386017.7600,3,2.690709,1,3.715671,0
2018-10-31,sz.000606,6.3800,6.4700,6.2300,6.3300,6.4200,14906706,94649591.3400,3,2.727904,1,-1.401872,0
2018-11-01,sz.000606,6.3600,6.5300,6.3000,6.3700,6.3300,19335908,124083389.5300,3,3.538441,1,0.631911,0
2018-11-02,sz.000606,6.7100,6.9000,6.4800,6.6100,6.3700,28012754,185996181.6500,3,5.126290,1,3.767665,0
2018-11-05,sz.000606,6.6000,7.2700,6.5200,7.2700,6.6100,48297285,340863442.9800,3,8.838327,1,9.984869,0
2018-11-06,sz.000606,7.3000,8.0000,7.2900,7.4100,7.2700,62316973,473715994.0900,3,11.403908,1,1.925720,0
2018-11-07,sz.000606,7.1800,7.3600,7.0000,7.1400,7.4100,34175941,244514628.2800,3,6.254143,1,-3.643725,0
2018-11-08,sz.000606,7.1400,7.6000,7.1000,7.3100,7.1400,36782846,270260518.3100,3,6.731203,1,2.380954,0
2018-11-09,sz.000606,7.2300,7.2500,7.0300,7.1000,7.3100,22220516,158433472.6700,3,4.066319,1,-2.872777,0
2018-11-12,sz.000606,6.9800,7.4200,6.9700,7.2100,7.1000,23484075,168684505.4200,3,4.297549,1,1.549298,0
2018-11-13,sz.000606,7.0600,7.3800,7.0100,7.3100,7.2100,26219487,189399511.6100,3,4.798125,1,1.386961,0
2018-11-14,sz.000606,7.2600,7.8200,7.1300,7.6400,7.3100,35562971,266156689.4800,3,6.507968,1,4.514363,0
2018-11-15,sz.000606,7.5600,8.1800,7.5000,7.9200,7.6400,40854291,324099724.6600,3,7.476271,1,3.664924,0
2018-11-16,sz.000606,7.8200,8.4300,7.7500,8.1500,7.9200,32802654,264080322.9700,3,6.002834,1,2.904035,0
2018-11-19,sz.000606,8.0500,8.0500,7.6300,7.7700,8.1500,32040682,248657995.3700,3,5.863394,1,-4.662572,0
2018-11-20,sz.000606,7.7000,8.1600,7.5500,7.7900,7.7700,31674376,248987044.5500,3,5.796361,1,0.257400,0
2018-11-21,sz.000606,7.6300,8.0800,7.6100,7.9800,7.7900,20565237,162001027.8200,3,3.763406,1,2.439025,0
2018-11-22,sz.000606,7.9000,7.9800,7.5600,7.6500,7.9800,17442826,135005359.8500,3,3.192010,1,-4.135337,0
2018-11-23,sz.000606,7.5200,7.6000,6.8900,6.8900,7.6500,26914268,191743114.3600,3,4.925269,1,-9.934644,0
2018-11-26,sz.000606,6.8400,6.9700,6.5000,6.7500,6.8900,18264400,122932330.2400,3,3.342356,1,-2.031929,0
2018-11-27,sz.000606,6.8000,6.8500,6.5500,6.7300,6.7500,15736738,105248342.7400,3,2.879798,1,-0.296296,0
2018-11-28,sz.000606,6.8000,6.9900,6.6500,6.9100,6.7300,17846540,121969782.2900,3,3.265889,1,2.674589,0
2018-11-29,sz.000606,6.9200,6.9700,6.5800,6.6300,6.9100,12737134,86454567.0400,3,2.330875,1,-4.052095,0
2018-11-30,sz.000606,6.6400,7.0000,6.4800,6.8500,6.6300,13861857,93715625.1500,3,2.536698,1,3.318247,0
2018-12-03,sz.000606,7.0000,7.2300,6.9100,7.0800,6.8500,17375682,122981979.9900,3,3.179722,1,3.357665,0
2018-12-04,sz.000606,7.0900,7.1200,6.9600,7.0400,7.0800,10806694,76058997.5300,3,1.977608,1,-0.564971,0
2018-12-05,sz.000606,6.8500,6.9300,6.7900,6.8100,7.0400,10211026,70103280.8800,3,1.868602,1,-3.267046,0
2018-12-06,sz.000606,6.7400,7.2400,6.7400,7.0600,6.8100,18428962,130302283.5800,3,3.372471,1,3.671072,0
2018-12-07,sz.000606,7.0600,7.0700,6.7600,6.8400,7.0600,13152358,90175202.7700,3,2.406861,1,-3.116144,0
2018-12-10,sz.000606,6.7300,6.8300,6.5800,6.6400,6.8400,7288655,48663092.5100,3,1.333812,1,-2.923981,0
2018-12-11,sz.000606,6.6800,6.8500,6.6400,6.7200,6.6400,8477935,56994686.5500,3,1.551449,1,1.204818,0
2018-12-12,sz.000606,6.7200,6.8400,6.7200,6.7800,6.7200,6669713,45172004.3000,3,1.220547,1,0.892863,0
2018-12-13,sz.000606,6.8000,6.8400,6.6000,6.7200,6.7800,8431177,56741869.7200,3,1.542892,1,-0.884962,0
2018-12-14,sz.000606,6.6700,6.7800,6.4800,6.5000,6.7200,8487160,56302425.1700,3,1.553137,1,-3.273806,0
2018-12-17,sz.000606,6.5100,6.6900,6.4800,6.6000,6.5000,8443729,55678416.6100,3,1.545189,1,1.538460,0
2018-12-18,sz.000606,6.5700,6.6600,6.2800,6.4700,6.6000,10467423,67556146.8400,3,1.915522,1,-1.969699,0
2018-12-19,sz.000606,6.4800,6.5900,6.4600,6.5000,6.4700,7248880,47309408.6600,3,1.326534,1,0.463682,0
2018-12-20,sz.000606,6.4900,6.5900,6.3100,6.5800,6.5000,9466130,61210326.5500,3,1.732287,1,1.230768,0
2018-12-21,sz.000606,6.5300,6.8200,6.3200,6.8100,6.5800,20736531,136610523.7500,3,3.794752,1,3.495441,0
2018-12-24,sz.000606,6.6900,6.7600,6.5700,6.7300,6.8100,16033326,106927072.6000,3,2.934073,1,-1.174742,0
2018-12-25,sz.000606,6.6600,6.6600,6.1700,6.4000,6.7300,15459738,98508519.5500,3,2.829108,1,-4.903416,0
2018-12-26,sz.000606,6.3300,6.5600,6.1500,6.3500,6.4000,18031424,114141256.8600,3,3.299722,1,-0.781253,0
2018-12-27,sz.000606,6.4600,6.4900,6.0400,6.0400,6.3500,11363519,70961519.5800,3,2.079506,1,-4.881889,0
2018-12-28,sz.000606,6.0600,6.1300,5.9100,5.9500,6.0400,8737053,52471637.9400,3,1.598867,1,-1.490069,0
2019-01-02,sz.000606,5.9800,6.0500,5.9100,5.9700,5.9500,5993701,35892503.5100,3,1.096838,1,0.336134,0
2019-01-03,sz.000606,5.9800,6.1000,5.7500,5.7800,5.9700,8818895,52224110.8500,3,1.613844,1,-3.182573,0
2019-01-04,sz.000606,5.6900,5.9900,5.6300,5.9400,5.7800,13199955,77038166.0300,3,2.415571,1,2.768163,0
2019-01-07,sz.000606,5.9800,6.1400,5.9400,6.1000,5.9400,11077419,67126372.2000,3,2.027150,1,2.693600,0
2019-01-08,sz.000606,6.0800,6.1800,6.0200,6.1100,6.1000,8990935,54833534.0000,3,1.645327,1,0.163938,0
2019-01-09,sz.000606,6.0600,6.2400,6.0600,6.1000,6.1100,9582605,59038133.1000,3,1.753602,1,-0.163670,0
2019-01-10,sz.000606,6.1700,6.2000,6.0600,6.0700,6.1000,6392376,39107635.4600,3,1.169795,1,-0.491799,0
2019-01-11,sz.000606,6.0600,6.1100,6.0300,6.0900,6.0700,5462706,33164101.3600,3,0.999667,1,0.329489,0
2019-01-14,sz.000606,6.0800,6.1600,5.9000,5.9200,6.0900,6349600,38114076.1000,3,1.161967,1,-2.791463,0
2019-01-15,sz.000606,5.8700,6.4800,5.8700,6.3300,5.9200,17632419,109482588.6200,3,3.226705,1,6.925673,0
2019-01-16,sz.000606,6.2900,6.3500,6.1300,6.1500,6.3300,12058256,74951274.4600,3,2.206642,1,-2.843599,0
2019-01-17,sz.000606,6.1500,6.2400,6.0800,6.1000,6.1500,8125556,50087915.6800,3,1.486964,1,-0.813011,0
2019-01-18,sz.000606,6.1000,6.1400,6.0400,6.1000,6.1000,5537392,33736060.1300,3,1.013334,1,0.000000,0
2019-01-21,sz.000606,6.1100,6.2200,6.0800,6.1700,6.1000,6333133,38939156.2100,3,1.158953,1,1.147544,0
2019-01-22,sz.000606,6.1300,6.1700,6.0300,6.0500,6.1700,6055815,36778893.7800,3,1.108205,1,-1.944893,0
2019-01-23,sz.000606,6.0700,6.0900,5.9300,6.0400,6.0500,5188951,31201296.9600,3,0.949570,1,-0.165293,0
2019-01-24,sz.000606,6.0600,6.1400,6.0000,6.0600,6.0400,5327700,32359152.0000,3,0.974961,1,0.331126,0
2019-01-25,sz.000606,6.0200,6.1700,5.9600,6.1700,6.0600,8139664,49419870.9800,3,1.489546,1,1.815184,0
2019-01-28,sz.000606,6.1600,6.1600,5.9000,5.9600,6.1700,12022694,72464514.8800,3,2.200134,1,-3.403566,0
2019-01-29,sz.000606,5.9600,5.9600,5.3800,5.6000,5.9600,11496641,64356087.3800,3,2.103867,1,-6.040271,0
2019-01-30,sz.000606,5.4700,5.6400,5.4300,5.4900,5.6000,7069494,38968735.0900,3,1.293706,1,-1.964288,0
2019-01-31,sz.000606,5.4700,5.5500,5.2300,5.3000,5.4900,9503974,50943000.8700,3,1.739212,1,-3.460830,0
2019-02-01,sz.000606,5.3200,5.6600,5.3200,5.6000,5.3000,7109849,38983998.6900,3,1.301091,1,5.660372,0
2019-02-11,sz.000606,5.6200,5.8200,5.5700,5.7600,5.6000,7097969,40669795.2400,3,1.298917,1,2.857149,0
2019-02-12,sz.000606,5.8000,5.9800,5.7600,5.9600,5.7600,9483807,55901543.4000,3,1.735522,1,3.472219,0
2019-02-13,sz.000606,5.9600,6.0400,5.8800,6.0200,5.9600,8323814,49848272.7200,3,1.523245,1,1.006710,0
2019-02-14,sz.000606,6.0000,6.1900,5.9300,6.0500,6.0200,9803759,59500259.6400,3,1.794072,1,0.498342,0
2019-02-15,sz.000606,6.0400,6.1100,5.9600,6.0100,6.0500,6559200,39574231.0000,3,1.200323,1,-0.661156,0
2019-02-18,sz.000606,6.0500,6.1900,6.0400,6.1800,6.0100,10686923,65532617.4500,3,1.955690,1,2.828612,0
2019-02-19,sz.000606,6.2100,6.3000,6.1400,6.2300,6.1800,13079593,81297753.3900,3,2.393545,1,0.809065,0
2019-02-20,sz.000606,6.2100,6.2800,6.1100,6.1800,6.2300,9227888,57074162.6000,3,1.688689,1,-0.802571,0
2019-02-21,sz.000606,6.1400,6.5200,6.1300,6.2600,6.1800,17324036,109459328.5100,3,3.170271,1,1.294505,0
2019-02-22,sz.000606,6.2700,6.5500,6.1900,6.5200,6.2600,17042742,109069166.9500,3,3.118795,1,4.153350,0
2019-02-25,sz.000606,6.6500,7.1700,6.6300,7.1700,6.5200,24525819,171868419.5800,3,4.488186,1,9.969327,0
2019-02-26,sz.000606,7.3400,7.4800,7.1200,7.2600,7.1700,31212979,227694905.5000,3,5.711926,1,1.255232,0
2019-02-27,sz.000606,7.2600,7.2600,6.9400,7.1000,7.2600,20568741,145853152.0400,3,3.764047,1,-2.203861,0
2019-02-28,sz.000606,7.0400,7.1900,6.9800,7.0700,7.1000,11089728,78510058.7600,3,2.029403,1,-0.422532,0
2019-03-01,sz.000606,7.1000,7.1500,6.8800,6.9800,7.0700,11123456,77498710.0000,3,2.035575,1,-1.272987,0
2019-03-04,sz.000606,6.9800,7.4700,6.9800,7.2300,6.9800,22959644,166190955.2000,3,4.201579,1,3.581662,0
2019-03-05,sz.000606,7.2000,7.8800,7.1100,7.5800,7.2300,23566735,174764695.6400,3,4.312675,1,4.840939,0
2019-03-06,sz.000606,7.6100,7.7500,7.3100,7.6500,7.5800,26910097,202129234.3700,3,4.924505,1,0.923485,0
2019-03-07,sz.000606,7.5900,7.8900,7.4700,7.7600,7.6500,27591305,212858556.7300,3,5.049165,1,1.437910,0
2019-03-08,sz.000606,7.5800,8.1700,7.3800,7.5600,7.7600,37207855,291706673.4700,3,6.808979,1,-2.577323,0
2019-03-11,sz.000606,7.6000,8.3200,7.6000,8.3200,7.5600,35548591,288668427.1600,3,6.505336,1,10.052910,0
2019-03-12,sz.000606,8.5600,9.0800,8.4700,8.8500,8.3200,48358590,423736351.7200,3,8.849546,1,6.370201,0
2019-03-13,sz.000606,8.9200,8.9200,8.3200,8.5200,8.8500,22449323,193869600.3900,3,4.108191,1,-3.728812,0
2019-03-14,sz.000606,8.4500,8.5700,7.9500,8.2500,8.5200,18729110,153522404.0800,3,3.427398,1,-3.169019,0
2019-03-15,sz.000606,8.3400,8.4400,8.2000,8.3300,8.2500,12434136,103398154.5400,3,2.275427,1,0.969696,0
2019-03-18,sz.000606,8.3400,8.7500,8.1000,8.6100,8.3300,14560214,122564161.0400,3,2.664496,1,3.361341,0
2019-03-19,sz.000606,8.5300,8.7200,8.4200,8.5100,8.6100,13101502,112293389.7800,3,2.397554,1,-1.161434,0
2019-03-20,sz.000606,8.5300,8.5700,8.1700,8.3900,8.5100,10887361,91113128.7800,3,1.992370,1,-1.410104,0
2019-03-21,sz.000606,8.4100,8.6600,8.3500,8.4800,8.3900,11678775,99210048.7400,3,2.137197,1,1.072696,0
2019-03-22,sz.000606,8.2600,8.4000,8.0000,8.3100,8.4800,15753315,129110218.1500,3,2.882832,1,-2.004707,0
2019-03-25,sz.000606,8.1600,8.4000,8.1100,8.1500,8.3100,11007101,90953406.3700,3,2.014282,1,-1.925401,0
2019-03-26,sz.000606,8.2100,8.3100,7.8100,7.8600,8.1500,12077192,96979814.1000,3,2.210107,1,-3.558276,0
2019-03-27,sz.000606,7.9900,8.1500,7.9000,8.0000,7.8600,9885790,79315519.3900,3,1.809084,1,1.781169,0
2019-03-28,sz.000606,7.9200,8.0100,7.5600,7.6000,8.0000,15603603,121061503.7500,3,2.855435,1,-5.000001,0
2019-03-29,sz.000606,7.7100,8.0200,7.5500,7.9200,7.6000,17083925,133226121.8400,3,3.126331,1,4.210529,0
2019-04-01,sz.000606,8.3500,8.7100,8.1600,8.7100,7.9200,27823577,237668674.8500,3,5.091671,1,9.974747,0
2019-04-02,sz.000606,9.0500,9.1500,8.3800,8.4900,8.7100,42050073,367574148.8000,3,7.695097,1,-2.525836,0
2019-04-03,sz.000606,8.3100,8.6600,8.2400,8.5900,8.4900,19480626,164744883.8200,3,3.564924,1,1.177861,0
2019-04-04,sz.000606,8.5900,8.8400,8.4100,8.4800,8.5900,18714588,160257835.8500,3,3.424740,1,-1.280566,0
2019-04-08,sz.000606,8.2000,8.2700,7.6800,7.9500,8.4800,36378612,290480220.3000,3,6.657229,1,-6.249997,0
2019-04-09,sz.000606,7.8400,8.0300,7.7800,7.9800,7.9500,11577233,91762629.4100,3,2.118615,1,0.377361,0
2019-04-10,sz.000606,7.9800,8.0900,7.8200,8.0000,7.9800,10564518,83945551.3200,3,1.933290,1,0.250626,0
2019-04-11,sz.000606,7.9700,7.9800,7.5000,7.6200,8.0000,21241626,163188584.1200,3,3.887184,1,-4.750001,0
2019-04-12,sz.000606,7.6700,7.8600,7.4500,7.8400,7.6200,16737019,127714043.9000,3,3.062848,1,2.887143,0
2019-04-15,sz.000606,8.3000,8.3200,7.9000,7.9300,7.8400,27016377,219252198.7500,3,4.943954,1,1.147955,0
2019-04-16,sz.000606,7.8300,7.9900,7.5800,7.9900,7.9300,18934558,147040695.1000,3,3.464994,1,0.756620,0
2019-04-17,sz.000606,7.9000,7.9900,7.8500,7.8500,7.9900,14448209,114383344.0700,3,2.643999,1,-1.752189,0
2019-04-18,sz.000606,7.8100,7.8800,7.7100,7.7300,7.8500,10586629,82422957.5200,3,1.937336,1,-1.528661,0
2019-04-19,sz.000606,7.7000,7.8000,7.6000,7.7800,7.7300,12799049,98325426.7800,3,2.342206,1,0.646833,0
2019-04-22,sz.000606,7.7600,7.8000,7.5800,7.6100,7.7800,9949858,76407328.4100,3,1.820808,1,-2.185091,0
2019-04-23,sz.000606,7.5800,7.7000,7.5200,7.5600,7.6100,7720009,58745806.1600,3,1.412749,1,-0.657033,0
2019-04-24,sz.000606,7.5900,7.7300,7.4900,7.7300,7.5600,8172151,62266091.5300,3,1.495491,1,2.248678,0
2019-04-25,sz.000606,7.6800,7.7400,7.2800,7.3000,7.7300,10957905,82212042.2500,3,2.005279,1,-5.562740,0
2019-04-26,sz.000606,7.2600,7.4400,7.1900,7.3400,7.3000,7211528,52884406.9800,3,1.319698,1,0.547945,0
2019-04-29,sz.000606,7.1500,7.5700,6.9900,7.5000,7.3400,16803523,121997718.1500,3,3.075018,1,2.179834,0
2019-04-30,sz.000606,7.2800,7.7800,7.2200,7.7400,7.5000,17582208,133164092.7000,3,3.387009,1,3.199997,0
2019-05-06,sz.000606,7.5100,7.5100,7.0200,7.3500,7.7400,13954738,101492029.1900,3,2.688219,1,-5.038758,0
2019-05-07,sz.000606,7.3600,7.4300,7.1600,7.2400,7.3500,10256121,74685584.2100,3,1.975723,1,-1.496601,0
2019-05-08,sz.000606,7.0500,7.0500,6.6700,6.6900,7.2400,15421315,105656509.1800,3,2.970738,1,-7.596681,0
2019-05-09,sz.000606,6.5200,6.6500,6.4100,6.4400,6.6900,11055856,71934012.5300,3,2.129783,1,-3.736921,0
2019-05-10,sz.000606,6.5200,6.6700,6.3600,6.6200,6.4400,12256702,80608230.5000,3,2.361112,1,2.795028,0
2019-05-13,sz.000606,6.5300,6.6800,6.4800,6.5200,6.6200,7850151,51504652.2300,3,1.512241,1,-1.510573,0
2019-05-14,sz.000606,6.4000,6.5800,6.3600,6.5100,6.5200,6643959,43303479.8300,3,1.279882,1,-0.153370,0
2019-05-15,sz.000606,6.5900,6.6400,6.5300,6.6000,6.5100,8820502,58078090.0600,3,1.699168,1,1.382483,0
2019-05-16,sz.000606,6.6100,6.6600,6.5500,6.6300,6.6000,7945003,52585136.7800,3,1.530513,1,0.454549,0
2019-05-17,sz.000606,6.6300,6.6700,6.1300,6.2000,6.6300,10909819,70033360.2200,3,2.101651,1,-6.485676,0
2019-05-20,sz.000606,6.2000,6.2800,5.9900,6.2700,6.2000,7276799,44795743.4000,3,1.401791,1,1.129035,0
2019-05-21,sz.000606,6.2100,6.4000,6.2000,6.3600,6.2700,6434300,40660184.0000,3,1.239494,1,1.435409,0
2019-05-22,sz.000606,6.3600,6.4500,6.2100,6.3100,6.3600,5713202,36241088.6500,3,1.100582,1,-0.786166,0
2019-05-23,sz.000606,6.2400,6.2700,6.0300,6.1400,6.3100,8293157,50804925.1500,3,1.597581,1,-2.694138,0
2019-05-24,sz.000606,6.0100,6.1500,6.0100,6.0900,6.1400,4427987,26877887.5100,3,0.790206,1,-0.814328,0
2019-05-27,sz.000606,6.1100,6.3300,6.0600,6.3200,6.0900,7662778,47480883.5700,3,1.367477,1,3.776683,0
2019-05-28,sz.000606,6.2600,6.3800,6.2100,6.2500,6.3200,7825593,49451764.4600,3,1.396533,1,-1.107598,0
2019-05-29,sz.000606,6.2100,6.4400,6.2000,6.3800,6.2500,7609839,48414621.2400,3,1.358030,1,2.080002,0
2019-05-30,sz.000606,6.3200,6.3400,6.1500,6.2200,6.3800,8024679,49963443.6700,3,1.432061,1,-2.507842,0
2019-05-31,sz.000606,6.2400,6.3600,6.2100,6.2500,6.2200,4536877,28479247.5600,3,0.809638,1,0.482318,0
2019-06-03,sz.000606,6.2200,6.2500,5.9700,6.0800,6.2500,7419793,45104824.7000,3,1.324115,1,-2.720001,0
2019-06-04,sz.000606,6.0800,6.1400,5.9600,6.0000,6.0800,4965887,29948937.3900,3,0.886198,1,-1.315788,0
2019-06-05,sz.000606,6.1000,6.1000,5.9300,6.0200,6.0000,4336372,26055119.3000,3,0.773856,1,0.333333,0
2019-06-06,sz.000606,6.0200,6.0300,5.7500,5.7800,6.0200,6293330,36608496.2500,3,1.123089,1,-3.986707,0
2019-06-10,sz.000606,5.7800,5.8500,5.7200,5.8200,5.7800,4724784,27361356.3400,3,0.843171,1,0.692041,0
2019-06-11,sz.000606,5.8200,6.1400,5.7700,6.1200,5.8200,8459636,50666076.2400,3,1.509682,1,5.154634,0
2019-06-12,sz.000606,6.1300,6.1300,6.0400,6.0400,6.1200,5654612,34401914.2700,3,1.009106,1,-1.307188,0
2019-06-13,sz.000606,6.0800,6.2100,6.0200,6.1700,6.0400,6428073,39395289.7000,3,1.147135,1,2.152320,0
2019-06-14,sz.000606,6.1600,6.3500,6.0300,6.0600,6.1700,6555218,40525488.7500,3,1.169825,1,-1.782822,0
2019-06-17,sz.000606,6.1000,6.1000,5.9600,6.0000,6.0600,4635111,27888019.3400,3,0.827169,1,-0.990098,0
2019-06-18,sz.000606,6.0100,6.0800,5.9800,6.0000,6.0000,3372928,20324403.5100,3,0.601923,1,0.000000,0
2019-06-19,sz.000606,6.1300,6.2500,6.1000,6.1300,6.0000,7849438,48439932.3400,3,1.400788,1,2.166668,0
2019-06-20,sz.000606,6.1500,6.3100,6.0600,6.2500,6.1300,9556949,59153274.1600,3,1.705506,1,1.957584,0
2019-06-21,sz.000606,6.2600,6.4700,6.2600,6.4500,6.2500,16604101,105788139.2200,3,2.963120,1,3.199997,0
2019-06-24,sz.000606,6.4500,6.5200,6.3300,6.3900,6.4500,9603573,61533524.1700,3,1.713826,1,-0.930232,0
2019-06-25,sz.000606,6.4000,6.4000,6.1700,6.2800,6.3900,7003200,43721557.0000,3,1.249771,1,-1.721434,0
2019-06-26,sz.000606,6.2800,6.3200,6.1800,6.2500,6.2800,5744722,35987166.4000,3,1.025186,1,-0.477710,0
2019-06-27,sz.000606,6.2900,6.3600,6.2400,6.2500,6.2500,6477726,40751269.5800,3,1.155996,1,0.000000,0
2019-06-28,sz.000606,6.2500,6.2500,6.0400,6.0700,6.2500,6619100,40520314.0000,3,1.181225,1,-2.879997,0
2019-07-01,sz.000606,6.2000,6.4500,6.1800,6.4000,6.0700,10448064,66073256.7500,3,1.864531,1,5.436572,0
2019-07-02,sz.000606,6.4200,6.4200,6.2900,6.3000,6.4000,6045241,38247692.7100,3,1.078816,1,-1.562499,0
2019-07-03,sz.000606,6.2400,6.2900,6.0900,6.1500,6.3000,7115788,43901658.0000,3,1.269863,1,-2.380954,0
2019-07-04,sz.000606,6.1500,6.2000,6.0700,6.1000,6.1500,4566086,28010175.7000,3,0.814851,1,-0.813011,0
2019-07-05,sz.000606,6.0900,6.1500,6.0700,6.1300,6.1000,3287760,20099219.6800,3,0.586724,1,0.491807,0
2019-07-08,sz.000606,6.1100,6.1400,5.8600,5.8800,6.1300,6211703,36863405.5200,3,1.108523,1,-4.078303,0
2019-07-09,sz.000606,5.7100,5.8600,5.7100,5.7900,5.8800,4961102,28722641.5700,3,0.885344,1,-1.530615,0
2019-07-10,sz.000606,5.7900,5.8600,5.7300,5.7500,5.7900,3670800,21244134.0000,3,0.655080,1,-0.690846,0
2019-07-11,sz.000606,5.7800,5.8400,5.7100,5.7300,5.7500,3391589,19576061.9700,3,0.605253,1,-0.347826,0
2019-07-12,sz.000606,5.7500,5.8000,5.7000,5.7200,5.7300,3631100,20845483.0000,3,0.647996,1,-0.174524,0
2019-07-15,sz.000606,5.7500,6.0000,5.7100,5.9600,5.7200,9566156,56397539.6200,3,1.707149,1,4.195808,0
2019-07-16,sz.000606,5.9200,6.0300,5.8800,5.9500,5.9600,4036505,23973765.6000,3,0.720343,1,-0.167789,0
2019-07-17,sz.000606,5.9000,6.0400,5.8700,6.0200,5.9500,6596726,39401474.0500,3,1.177233,1,1.176473,0
2019-07-18,sz.000606,5.9500,5.9500,5.7900,5.7900,6.0200,6650400,38927524.0000,3,1.186811,1,-3.820599,0
2019-07-19,sz.000606,5.8200,5.9500,5.8200,5.8800,5.7900,4947827,29160718.7600,3,0.882975,1,1.554407,0
2019-07-22,sz.000606,5.8900,5.9800,5.7300,5.8000,5.8800,4507689,26282604.8500,3,0.804429,1,-1.360543,0
2019-07-23,sz.000606,5.8000,5.9200,5.7800,5.9200,5.8000,4061990,23836056.0400,3,0.724891,1,2.068964,0
2019-07-24,sz.000606,5.9500,6.0200,5.9000,5.9500,5.9200,4706212,28099441.3600,3,0.839857,1,0.506752,0
2019-07-25,sz.000606,5.9700,6.0400,5.9200,6.0400,5.9500,5589432,33581187.2000,3,0.997474,1,1.512608,0
2019-07-26,sz.000606,6.0600,6.1000,5.9700,6.0100,6.0400,5719821,34459484.5200,3,1.020700,1,-0.496700,0
2019-07-29,sz.000606,6.0000,6.0100,5.8900,5.9400,6.0100,4310050,25608170.0000,3,0.769159,1,-1.164728,0
2019-07-30,sz.000606,5.9500,6.0800,5.9400,6.0300,5.9400,5920932,35710203.9600,3,1.056600,1,1.515200,0
2019-07-31,sz.000606,5.9900,6.1000,5.9800,6.0500,6.0300,5326900,32226271.0000,3,0.950600,1,0.331700,0
2019-08-01,sz.000606,6.0300,6.0400,5.9400,5.9800,6.0500,4435394,26547318.3900,3,0.627200,1,-1.157000,0
2019-08-02,sz.000606,5.8600,5.8900,5.7800,5.8300,5.9800,5021200,29285570.0000,3,0.710000,1,-2.508400,0
2019-08-05,sz.000606,5.7500,5.8600,5.7300,5.7400,5.8300,4783999,27680023.2000,3,0.676500,1,-1.543700,0
2019-08-06,sz.000606,5.6100,5.6600,5.3700,5.4700,5.7400,8474036,46427798.4800,3,1.198200,1,-4.703800,0
2019-08-07,sz.000606,5.5100,5.5400,5.4500,5.5000,5.4700,4672300,25718820.5000,3,0.660700,1,0.548400,0
2019-08-08,sz.000606,5.5600,5.5600,5.4700,5.4700,5.5000,2810400,15458771.0000,3,0.397400,1,-0.545500,0
2019-08-09,sz.000606,5.5200,5.5300,5.3400,5.4500,5.4700,4962400,26895972.0000,3,0.701700,1,-0.365600,0
2019-08-12,sz.000606,5.4700,5.5200,5.3900,5.5200,5.4500,3457906,18844289.6600,3,0.489000,1,1.284400,0
2019-08-13,sz.000606,5.4400,5.5100,5.4000,5.4100,5.5200,2412043,13132644.6300,3,0.341100,1,-1.992800,0
2019-08-14,sz.000606,5.4700,5.5300,5.4500,5.5000,5.4100,4146599,22749956.5400,3,0.586300,1,1.663600,0
2019-08-15,sz.000606,5.3700,5.4800,5.3000,5.4700,5.5000,3913226,21098465.1400,3,0.553300,1,-0.545500,0
2019-08-16,sz.000606,5.4500,5.5900,5.4500,5.5600,5.4700,5965201,33106460.5600,3,0.843500,1,1.645300,0
2019-08-19,sz.000606,5.5900,5.8000,5.5700,5.8000,5.5600,7095529,40334683.7700,3,1.003300,1,4.316600,0
2019-08-20,sz.000606,5.8000,5.8300,5.7200,5.7600,5.8000,5764122,33257725.8400,3,0.815100,1,-0.689700,0
2019-08-21,sz.000606,5.7600,5.7800,5.7000,5.7300,5.7600,3748455,21513675.8000,3,0.530000,1,-0.520800,0
2019-08-22,sz.000606,5.7600,5.7700,5.6500,5.7200,5.7300,3293455,18799739.0500,3,0.465700,1,-0.174500,0
2019-08-23,sz.000606,5.7500,5.8400,5.7000,5.7300,5.7200,4674835,26945340.4900,3,0.661000,1,0.174800,0
2019-08-26,sz.000606,5.5400,5.7000,5.4000,5.6700,5.7300,5992911,33366512.3300,3,0.847400,1,-1.047100,0
2019-08-27,sz.000606,5.6900,5.7900,5.6900,5.7500,5.6700,5391301,31026077.7600,3,0.762300,1,1.410900,0
2019-08-28,sz.000606,5.7800,5.9200,5.7300,5.8200,5.7500,7764401,45247493.8200,3,1.097900,1,1.217400,0
2019-08-29,sz.000606,5.8300,5.9800,5.7800,5.8500,5.8200,8047100,47302744.0000,3,1.137900,1,0.515500,0
2019-08-30,sz.000606,5.9000,5.9300,5.6500,5.7300,5.8500,7391355,42775823.2500,3,1.045200,1,-2.051300,0
2019-09-02,sz.000606,5.7500,5.9400,5.6800,5.9200,5.7300,8749301,51023564.0400,3,1.237200,1,3.315900,0
2019-09-03,sz.000606,5.9400,5.9400,5.8000,5.8600,5.9200,9460228,55338349.9800,3,1.337700,1,-1.013500,0
2019-09-04,sz.000606,5.8400,5.9700,5.8200,5.9700,5.8600,10157514,59766369.4100,3,1.436300,1,1.877100,0
2019-09-05,sz.000606,6.0200,6.1600,5.9500,6.0200,5.9700,16137652,97475212.1200,3,2.281900,1,0.837500,0
2019-09-06,sz.000606,6.0300,6.1200,5.9700,6.0200,6.0200,9274854,56005631.3600,3,1.311500,1,0.000000,0
2019-09-09,sz.000606,6.0800,6.3100,6.0300,6.2700,6.0200,16135379,99598276.6200,3,2.281600,1,4.152800,0
2019-09-10,sz.000606,6.2700,6.3800,6.1900,6.2800,6.2700,11158528,69975966.1200,3,1.577800,1,0.159500,0
2019-09-11,sz.000606,6.3200,6.3600,6.1800,6.2000,6.2800,7609753,47499841.9100,3,1.076000,1,-1.273900,0
2019-09-12,sz.000606,6.2100,6.2600,6.1500,6.2200,6.2000,6472573,40161330.3000,3,0.915200,1,0.322600,0
2019-09-16,sz.000606,6.2200,6.5500,6.2100,6.4200,6.2200,21502091,137730557.8700,3,3.040400,1,3.215400,0
2019-09-17,sz.000606,6.3700,6.4100,6.0800,6.1400,6.4200,15447185,96099509.3700,3,2.184300,1,-4.361400,0
2019-09-18,sz.000606,6.2200,6.2500,6.1300,6.1400,6.1400,8045762,49714391.5000,3,1.137700,1,0.000000,0
2019-09-19,sz.000606,6.1600,6.2200,6.1100,6.2000,6.1400,7681476,47307857.3400,3,1.086200,1,0.977200,0
2019-09-20,sz.000606,6.1900,6.2300,6.0900,6.1100,6.2000,9632979,59422728.3400,3,1.362100,1,-1.451600,0
2019-09-23,sz.000606,6.1000,6.1300,5.9500,6.1000,6.1100,8108771,48951656.4900,3,1.146600,1,-0.163700,0
2019-09-24,sz.000606,6.1000,6.2000,6.0000,6.1400,6.1000,8888419,54532354.2600,3,1.256800,1,0.655700,0
2019-09-25,sz.000606,6.1100,6.1200,5.9000,5.9100,6.1400,11108961,66350838.5600,3,1.570800,1,-3.745900,0
2019-09-26,sz.000606,5.9600,6.1100,5.8200,5.8800,5.9100,16223490,96957882.3100,3,2.294000,1,-0.507600,0
2019-09-27,sz.000606,5.8100,5.9200,5.7200,5.8700,5.8800,7704353,45033048.3400,3,1.089400,1,-0.170100,0
2019-09-30,sz.000606,5.8700,5.9000,5.7200,5.7200,5.8700,4598900,26610068.0000,3,0.650300,1,-2.555400,0
2019-10-08,sz.000606,6.0100,6.0800,5.6700,5.6800,5.7200,6147123,35441361.1300,3,0.869200,1,-0.699300,0
2019-10-09,sz.000606,5.6500,5.7100,5.5800,5.6600,5.6800,7483700,42175586.0000,3,1.058200,1,-0.352100,0
2019-10-10,sz.000606,5.6200,5.9200,5.6200,5.8800,5.6600,10008820,58042856.0000,3,1.415300,1,3.886900,0
2019-10-11,sz.000606,5.8900,5.8900,5.7100,5.8000,5.8800,10216110,59136404.1000,3,1.444600,1,-1.360500,0
2019-10-14,sz.000606,5.8200,6.3800,5.8200,6.3800,5.8000,50585368,320611244.2000,3,7.152900,1,10.000000,0
2019-10-15,sz.000606,6.3800,6.3900,6.0800,6.1100,6.3800,53795121,333459675.9200,3,7.606800,1,-4.232000,0
2019-10-16,sz.000606,6.0100,6.0700,5.9300,6.0200,6.1100,22851255,136842297.5400,3,3.231200,1,-1.473000,0
2019-10-17,sz.000606,5.9600,6.0200,5.8600,5.9300,6.0200,14910761,88760827.8100,3,2.108400,1,-1.495000,0
2019-10-18,sz.000606,5.8600,5.9000,5.6100,5.7400,5.9300,17488399,100601637.6000,3,2.472900,1,-3.204000,0
2019-10-21,sz.000606,5.7300,5.7400,5.5500,5.6400,5.7400,8428286,47275817.1600,3,1.191800,1,-1.742200,0
2019-10-22,sz.000606,5.7300,5.8000,5.6700,5.7200,5.6400,7647226,43729879.2200,3,1.081300,1,1.418400,0
2019-10-23,sz.000606,5.7000,5.7100,5.5900,5.6000,5.7200,6921362,39066197.0900,3,0.978700,1,-2.097900,0
2019-10-24,sz.000606,5.5800,5.6800,5.5700,5.6500,5.6000,6432579,36277848.1400,3,0.909600,1,0.892900,0
2019-10-25,sz.000606,5.6300,5.6600,5.5700,5.6300,5.6500,5398422,30334200.8600,3,0.763300,1,-0.354000,0
2019-10-28,sz.000606,6.1900,6.1900,6.1900,6.1900,5.6300,8252985,51085977.1500,3,1.167000,1,9.946700,0
2019-10-29,sz.000606,6.5000,6.8100,6.2200,6.8100,6.1900,85865553,572348426.9200,3,12.141600,1,10.016200,0
2019-10-30,sz.000606,6.4500,7.2500,6.3000,6.5900,6.8100,84658671,564165302.3700,3,11.970900,1,-3.230500,0
2019-10-31,sz.000606,6.5000,7.2500,6.4100,7.0300,6.5900,101494561,705309502.0800,3,14.351600,1,6.676800,0
2019-11-01,sz.000606,6.6500,7.0200,6.3300,7.0200,7.0300,85177990,566264510.6300,3,12.044400,1,-0.142300,0
2019-11-04,sz.000606,6.8500,7.2400,6.7400,6.8200,7.0200,80794378,565962808.2500,3,11.424500,1,-2.849000,0
2019-11-05,sz.000606,6.7000,6.8800,6.5700,6.8800,6.8200,52879338,354426937.2900,3,7.477300,1,0.879800,0
2019-11-06,sz.000606,6.7600,6.8700,6.5700,6.7400,6.8800,42435254,283877042.2200,3,6.000400,1,-2.034900,0
2019-11-07,sz.000606,6.7100,7.0400,6.6600,6.9200,6.7400,55471457,380652756.4800,3,7.843800,1,2.670600,0
2019-11-08,sz.000606,6.8500,6.8900,6.3600,6.4000,6.9200,50443054,334264128.3100,3,7.132800,1,-7.514500,0
2019-11-11,sz.000606,6.3000,6.3300,5.9700,6.0800,6.4000,32818701,200267774.0400,3,4.640600,1,-5.000000,0
2019-11-12,sz.000606,6.0500,6.0700,5.8800,6.0100,6.0800,21226720,126538832.5000,3,3.001500,1,-1.151300,0
2019-11-13,sz.000606,5.9600,5.9900,5.8000,5.8900,6.0100,17032401,100282830.8500,3,2.408400,1,-1.996700,0
2019-11-14,sz.000606,5.9000,6.0500,5.8600,5.9100,5.8900,16514800,98394344.0000,3,2.335200,1,0.339600,0
2019-11-15,sz.000606,5.8100,5.8800,5.6500,5.6600,5.9100,20702206,119201523.3400,3,2.927300,1,-4.230100,0
2019-11-18,sz.000606,5.6800,5.8000,5.6400,5.7500,5.6600,12679610,72592775.4000,3,1.792900,1,1.590100,0
2019-11-19,sz.000606,5.7700,5.9200,5.7100,5.8900,5.7500,16070117,94023488.3500,3,2.272400,1,2.434800,0
2019-11-20,sz.000606,5.8600,5.9000,5.6800,5.7100,5.8900,16471600,95439275.8200,3,2.329100,1,-3.056000,0
2019-11-21,sz.000606,5.6800,5.8200,5.6400,5.7900,5.7100,13187101,75728809.7700,3,1.864700,1,1.401000,0
2019-11-22,sz.000606,5.7500,5.8400,5.5800,5.6200,5.7900,15289000,86946597.9800,3,2.161900,1,-2.936100,0
2019-11-25,sz.000606,5.6000,5.6400,5.4300,5.4800,5.6200,11279202,61939151.9900,3,1.594900,1,-2.491100,0
2019-11-26,sz.000606,5.4900,5.5400,5.4600,5.5200,5.4800,6853400,37690621.0000,3,0.969100,1,0.729900,0
2019-11-27,sz.000606,5.4600,5.5100,5.4200,5.5000,5.5200,6965000,38090534.0000,3,0.984900,1,-0.362300,0
2019-11-28,sz.000606,5.4500,5.5100,5.4400,5.4800,5.5000,6094910,33345756.4000,3,0.861800,1,-0.363600,0
2019-11-29,sz.000606,5.4500,5.5900,5.4400,5.5600,5.4800,9268800,51213197.0000,3,1.310600,1,1.459900,0
2019-12-02,sz.000606,5.5700,5.5800,5.4800,5.5200,5.5600,7485700,41345474.0000,3,1.058500,1,-0.719400,0
2019-12-03,sz.000606,5.4900,5.4900,5.3800,5.4700,5.5200,8614400,46879362.0000,3,1.218100,1,-0.905800,0
2019-12-04,sz.000606,5.4500,5.4800,5.4000,5.4400,5.4700,7504547,40794105.2100,3,1.061200,1,-0.548400,0
2019-12-05,sz.000606,5.4500,5.5300,5.4400,5.5200,5.4400,9239101,50748368.4700,3,1.306400,1,1.470600,0
2019-12-06,sz.000606,5.5100,5.5600,5.4500,5.5600,5.5200,10137447,55860420.5600,3,1.433500,1,0.724600,0
2019-12-09,sz.000606,5.5400,5.6200,5.5300,5.6100,5.5600,10658315,59471948.2300,3,1.507100,1,0.899300,0
2019-12-10,sz.000606,5.5900,5.6200,5.5200,5.6000,5.6100,10215701,56941112.5300,3,1.444500,1,-0.178300,0
2019-12-11,sz.000606,5.6300,5.7400,5.6000,5.6500,5.6000,15862202,89820794.8000,3,2.243000,1,0.892900,0
2019-12-12,sz.000606,5.6000,5.6300,5.5100,5.5100,5.6500,11714103,65111614.6400,3,1.656400,1,-2.477900,0
2019-12-13,sz.000606,5.5400,5.5800,5.5000,5.5700,5.5100,10758604,59687253.1200,3,1.521300,1,1.088900,0
2019-12-16,sz.000606,5.6100,5.7100,5.5700,5.7000,5.5700,13131707,74228286.6900,3,1.856900,1,2.333900,0
2019-12-17,sz.000606,5.7200,5.7900,5.6600,5.7500,5.7000,18783710,107653408.0000,3,2.656100,1,0.877200,0
2019-12-18,sz.000606,5.7400,5.7900,5.6900,5.7300,5.7500,12909300,74048654.9900,3,1.825400,1,-0.347800,0
2019-12-19,sz.000606,5.7300,5.8000,5.7000,5.7900,5.7300,12157262,70063379.5000,3,1.719100,1,1.047100,0
2019-12-20,sz.000606,5.7900,5.8000,5.6300,5.6600,5.7900,12372162,70646131.6400,3,1.749500,1,-2.245300,0
2019-12-23,sz.000606,5.6500,5.6500,5.4400,5.4500,5.6600,13807600,76182555.0000,3,1.952400,1,-3.710200,0
2019-12-24,sz.000606,5.4500,5.5200,5.4100,5.5100,5.4500,7896400,43170499.0000,3,1.116600,1,1.100900,0
2019-12-25,sz.000606,5.5100,5.6000,5.4700,5.5500,5.5100,9972800,55403527.0000,3,1.410200,1,0.726000,0
2019-12-26,sz.000606,5.5500,5.5700,5.5000,5.5700,5.5500,7322557,40560600.4500,3,1.035400,1,0.360400,0
2019-12-27,sz.000606,5.6100,5.6300,5.5000,5.5100,5.5700,7878445,43910197.0000,3,1.114000,1,-1.077200,0
2019-12-30,sz.000606,5.4400,5.5400,5.3100,5.5400,5.5100,12388945,67363541.3700,3,1.751800,1,0.544500,0
2019-12-31,sz.000606,5.5100,5.5900,5.4900,5.5500,5.5400,8204317,45401266.0100,3,1.160100,1,0.180500,0
2020-01-02,sz.000606,5.5900,5.6700,5.5400,5.6600,5.5500,19651700,110524579.0000,3,2.778800,1,1.982000,0
2020-01-03,sz.000606,5.6600,5.7600,5.6100,5.7600,5.6600,21498726,122377737.1600,3,3.040000,1,1.766800,0
2020-01-06,sz.000606,5.7600,5.7800,5.6600,5.7300,5.7600,18642301,106600273.7500,3,2.636100,1,-0.520800,0
2020-01-07,sz.000606,5.7500,5.8100,5.7100,5.7900,5.7300,18908272,108994139.9100,3,2.673700,1,1.047100,0
2020-01-08,sz.000606,5.7500,5.7700,5.6200,5.6400,5.7900,20842018,118628162.3400,3,2.947100,1,-2.590700,0
2020-01-09,sz.000606,5.7000,5.8300,5.6800,5.8000,5.6400,19070901,109740921.7300,3,2.696700,1,2.836900,0
2020-01-10,sz.000606,5.8200,5.8700,5.6800,5.7300,5.8000,14322000,82325545.8200,3,2.025200,1,-1.206900,0
2020-01-13,sz.000606,5.7000,5.7400,5.5900,5.7300,5.7300,14120764,80059924.4800,3,1.996700,1,0.000000,0
2020-01-14,sz.000606,5.7400,5.8100,5.7000,5.7000,5.7300,13358050,76753834.0800,3,1.888900,1,-0.523600,0
2020-01-15,sz.000606,5.6800,5.7600,5.6400,5.7500,5.7000,10955832,62312143.7600,3,1.549200,1,0.877200,0
2020-01-16,sz.000606,5.7400,5.7400,5.5300,5.5600,5.7500,17190651,96657988.4400,3,2.430800,1,-3.304300,0
2020-01-17,sz.000606,5.5500,5.5900,5.4700,5.4900,5.5600,11727371,64730878.7900,3,1.658300,1,-1.259000,0
2020-01-20,sz.000606,5.4700,5.5200,5.3800,5.5100,5.4900,11245578,61202741.0800,3,1.590200,1,0.364300,0
2020-01-21,sz.000606,5.4900,5.4900,5.3600,5.3700,5.5100,12079097,65416425.9200,3,1.708000,1,-2.540800,0
2020-01-22,sz.000606,5.3500,5.3500,5.1500,5.2700,5.3700,14651065,76666282.7600,3,2.071700,1,-1.862200,0
2020-01-23,sz.000606,5.1900,5.2200,4.7400,4.7400,5.2700,29552025,145008259.5500,3,4.178700,1,-10.056900,0
2020-02-03,sz.000606,4.2700,4.2700,4.2700,4.2700,4.7400,801200,3421124.0000,3,0.113300,1,-9.915600,0
2020-02-04,sz.000606,3.8400,4.0500,3.8400,4.0200,4.2700,33618810,131674338.3100,3,4.753800,1,-5.854800,0
2020-02-05,sz.000606,4.0000,4.2600,3.9600,4.2300,4.0200,24202132,100733358.8200,3,3.422200,1,5.223900,0
2020-02-06,sz.000606,4.2400,4.4200,4.1600,4.3600,4.2300,28205228,121001018.3100,3,3.988300,1,3.073300,0
2020-02-07,sz.000606,4.3300,4.4000,4.2400,4.3300,4.3600,19108501,82350190.3100,3,2.702000,1,-0.688100,0
2020-02-10,sz.000606,4.4500,4.4700,4.3000,4.4400,4.3300,16113962,71090194.6300,3,2.278600,1,2.540400,0
2020-02-11,sz.000606,4.4400,4.4800,4.3600,4.4000,4.4400,12067740,53300797.4000,3,1.706400,1,-0.900900,0
2020-02-12,sz.000606,4.4000,4.5500,4.3200,4.5200,4.4000,14806704,66316326.0300,3,2.093700,1,2.727300,0
2020-02-13,sz.000606,4.5400,4.6300,4.4400,4.4500,4.5200,13068116,58755095.8400,3,1.847900,1,-1.548700,0
2020-02-14,sz.000606,4.4100,4.5400,4.4000,4.4500,4.4500,11346001,50640082.7800,3,1.604400,1,0.000000,0
2020-02-17,sz.000606,4.4500,4.5900,4.4500,4.5900,4.4500,12537471,56961456.8800,3,1.772800,1,3.146100,0
2020-02-18,sz.000606,4.6100,4.7300,4.5900,4.7100,4.5900,16872521,78870566.0800,3,2.385800,1,2.614400,0
2020-02-19,sz.000606,4.7300,4.7300,4.5900,4.6000,4.7100,12761707,59244206.6200,3,1.804500,1,-2.335500,0
2020-02-20,sz.000606,4.5700,4.7000,4.5700,4.6700,4.6000,11477807,53231363.0600,3,1.623000,1,1.521700,0
2020-02-21,sz.000606,4.6700,4.8200,4.6700,4.7700,4.6700,15202310,72413937.6000,3,2.149600,1,2.141300,0
2020-02-24,sz.000606,4.7300,4.8700,4.7100,4.8200,4.7700,16073473,77069822.5500,3,2.272800,1,1.048200,0
2020-02-25,sz.000606,4.7100,4.7600,4.5300,4.7400,4.8200,18675800,87333136.0000,3,2.640800,1,-1.659800,0
2020-02-26,sz.000606,4.6900,4.9400,4.6500,4.7700,4.7400,22742945,108934176.3800,3,3.215900,1,0.632900,0
2020-02-27,sz.000606,4.7700,4.8200,4.6500,4.7500,4.7700,15279964,72296838.1000,3,2.160600,1,-0.419300,0
2020-02-28,sz.000606,4.6000,4.6900,4.4400,4.4500,4.7500,19482517,88679916.6700,3,2.754900,1,-6.315800,0
2020-03-02,sz.000606,4.5000,4.6300,4.4600,4.5800,4.4500,11928778,54176647.5000,3,1.686800,1,2.921400,0
2020-03-03,sz.000606,4.6300,4.7300,4.5500,4.6000,4.5800,13456800,62578144.0000,3,1.902800,1,0.436700,0
2020-03-04,sz.000606,4.6000,4.6800,4.5300,4.6200,4.6000,11001101,50592834.6300,3,1.555600,1,0.434800,0
2020-03-05,sz.000606,4.6600,4.9400,4.6600,4.8500,4.6200,36015384,173724868.6700,3,5.092700,1,4.978400,0
2020-03-06,sz.000606,4.7900,4.9600,4.7100,4.8300,4.8500,22219802,106898405.4500,3,3.141900,1,-0.412400,0
2020-03-09,sz.000606,4.7200,4.7900,4.5500,4.6000,4.8300,18215490,84890111.3200,3,2.575700,1,-4.761900,0
2020-03-10,sz.000606,4.5600,4.7200,4.4000,4.7200,4.6000,20902625,94804657.9600,3,2.955700,1,2.608700,0
2020-03-11,sz.000606,4.7200,4.8300,4.6200,4.6300,4.7200,14846600,70246207.0000,3,2.099300,1,-1.906800,0
2020-03-12,sz.000606,4.5400,4.5600,4.4200,4.4500,4.6300,11357700,50922537.0000,3,1.606000,1,-3.887700,0
2020-03-13,sz.000606,4.2000,4.4200,4.1500,4.3800,4.4500,13232270,56496868.3600,3,1.871100,1,-1.573000,0
2020-03-16,sz.000606,4.4100,4.4900,4.2200,4.2200,4.3800,13532202,59167493.3700,3,1.913500,1,-3.653000,0
2020-03-17,sz.000606,4.3000,4.3000,3.9900,4.1500,4.2200,11416006,46995684.8400,3,1.614300,1,-1.658800,0
2020-03-18,sz.000606,4.3000,4.4400,4.1300,4.1500,4.1500,15603961,66972807.1000,3,2.206400,1,0.000000,0
2020-03-19,sz.000606,4.0500,4.2000,4.0400,4.1900,4.1500,9812200,40678653.9400,3,1.387500,1,0.963900,0
2020-03-20,sz.000606,4.2300,4.2900,4.1600,4.2500,4.1900,7960839,33574277.9400,3,1.125700,1,1.432000,0
2020-03-23,sz.000606,4.1600,4.2100,4.1000,4.1400,4.2500,6948412,28823336.0000,3,0.982500,1,-2.588200,0
2020-03-24,sz.000606,4.2000,4.5500,4.1700,4.3400,4.1400,25486549,112411193.8300,3,3.603900,1,4.830900,0
2020-03-25,sz.000606,4.3300,4.3900,4.2800,4.3200,4.3400,18716350,80884081.5200,3,2.646500,1,-0.460800,0
2020-03-26,sz.000606,4.3000,4.3000,4.1800,4.1800,4.3200,12724900,53666618.0000,3,1.799300,1,-3.240700,0
2020-03-27,sz.000606,4.2100,4.3000,4.1800,4.2000,4.1800,10158405,42954544.1000,3,1.436400,1,0.478500,0
2020-03-30,sz.000606,4.1400,4.1400,4.0300,4.0600,4.2000,7170110,29185484.7000,3,1.013900,1,-3.333300,0
2020-03-31,sz.000606,4.1000,4.1100,4.0100,4.0300,4.0600,4372600,17713629.0000,3,0.618300,1,-0.738900,0
2020-04-01,sz.000606,4.0000,4.0900,3.9500,4.0600,4.0300,5090800,20568643.0000,3,0.719900,1,0.744400,0
2020-04-02,sz.000606,4.0300,4.2000,4.0100,4.1800,4.0600,7202327,29672038.0600,3,1.018400,1,2.955700,0
2020-04-03,sz.000606,4.1500,4.2400,4.1100,4.1200,4.1800,5067090,21087951.3000,3,0.716500,1,-1.435400,0
2020-04-07,sz.000606,4.2300,4.3000,4.1800,4.2800,4.1200,12924530,54894028.5000,3,1.827600,1,3.883500,0
2020-04-08,sz.000606,4.3000,4.4400,4.2600,4.3900,4.2800,16401900,71604726.3700,3,2.319300,1,2.570100,0
2020-04-09,sz.000606,4.3600,4.4800,4.3500,4.4200,4.3900,11886400,52439446.0000,3,1.680800,1,0.683400,0
2020-04-10,sz.000606,4.4300,4.4300,4.2100,4.2400,4.4200,9905215,42479070.1000,3,1.400600,1,-4.072400,0
2020-04-13,sz.000606,4.1700,4.1900,4.0500,4.0700,4.2400,9340201,38274311.0600,3,1.320700,1,-4.009400,0
2020-04-14,sz.000606,4.1000,4.1200,4.0400,4.0900,4.0700,7883200,32076656.0000,3,1.114700,1,0.491400,0
2020-04-15,sz.000606,4.0700,4.1700,4.0500,4.0500,4.0900,9909200,40614935.3800,3,1.401200,1,-0.978000,0
2020-04-16,sz.000606,4.0600,4.1200,4.0000,4.1000,4.0500,9626501,39098302.0300,3,1.361200,1,1.234600,0
2020-04-17,sz.000606,4.1600,4.3400,4.1000,4.1200,4.1000,15477200,64743806.0000,3,2.188500,1,0.487800,0
2020-04-20,sz.000606,4.1700,4.2300,4.0600,4.1600,4.1200,9552700,39568733.1000,3,1.350800,1,0.970900,0
2020-04-21,sz.000606,4.1800,4.3400,4.1200,4.2200,4.1600,17577590,74174756.3000,3,2.485500,1,1.442300,0
2020-04-22,sz.000606,4.1700,4.2200,4.0900,4.2000,4.2200,10899400,45172539.0000,3,1.541200,1,-0.473900,0
2020-04-23,sz.000606,4.1800,4.2300,4.1000,4.1300,4.2000,8162180,33837392.4000,3,1.154200,1,-1.666700,0
2020-04-24,sz.000606,4.1200,4.1400,4.0000,4.0200,4.1300,9190400,37239485.0000,3,1.299500,1,-2.663400,0
2020-04-27,sz.000606,4.0100,4.0300,3.9500,3.9700,4.0200,5102400,20381119.0000,3,0.721500,1,-1.243800,0
2020-04-28,sz.000606,3.9500,4.0100,3.7000,3.8100,3.9700,7735215,29515613.7700,3,1.093800,1,-4.030200,0
2020-04-29,sz.000606,3.7600,3.8400,3.7400,3.7500,3.8100,4690200,17673853.2100,3,0.663200,1,-1.574800,0
2020-04-30,sz.000606,3.7500,3.8700,3.7400,3.8600,3.7500,4693186,17945275.1500,3,0.663600,1,2.933300,0
2020-05-06,sz.000606,3.8100,3.9600,3.7900,3.9100,3.8600,5700764,22137728.8200,3,0.806100,1,1.295300,0
2020-05-07,sz.000606,3.9200,3.9400,3.8500,3.8600,3.9100,4830623,18749437.1000,3,0.683100,1,-1.278800,0
2020-05-08,sz.000606,3.9000,3.9500,3.8600,3.9100,3.8600,5520700,21608622.0000,3,0.780600,1,1.295300,0
2020-05-11,sz.000606,3.9100,3.9800,3.8700,3.9000,3.9100,4632700,18158596.0000,3,0.655100,1,-0.255800,0
2020-05-12,sz.000606,3.9000,3.9000,3.8200,3.8900,3.9000,3913420,15145664.4200,3,0.553400,1,-0.256400,0
2020-05-13,sz.000606,3.8900,4.2800,3.8300,4.2800,3.8900,22315427,93604685.5600,3,3.155500,1,10.025700,0
2020-05-14,sz.000606,4.3200,4.5000,4.1600,4.3000,4.2800,46551800,200881916.1100,3,6.582500,1,0.467300,0
2020-05-15,sz.000606,4.2200,4.4700,4.1300,4.3400,4.3000,35481672,151077098.9300,3,5.017200,1,0.930200,0
2020-05-18,sz.000606,4.3300,4.6200,4.2700,4.3600,4.3400,38940869,171883106.0800,3,5.506300,1,0.460800,0
2020-05-19,sz.000606,4.3800,4.5100,4.2900,4.3500,4.3600,40590385,178570436.4200,3,5.739600,1,-0.229400,0
2020-05-20,sz.000606,4.3400,4.3400,4.1300,4.2400,4.3500,32006233,135238992.5800,3,4.525800,1,-2.528700,0
2020-05-21,sz.000606,4.4000,4.5300,4.2100,4.3000,4.2400,35358988,153380451.8800,3,4.999800,1,1.415100,0
2020-05-22,sz.000606,4.2000,4.2600,3.8700,3.9100,4.3000,37559107,150316518.5700,3,5.310900,1,-9.069800,0
2020-05-25,sz.000606,3.9300,3.9300,3.7400,3.7600,3.9100,20572333,78218211.5800,3,2.909000,1,-3.836300,0
2020-05-26,sz.000606,3.7700,3.9200,3.7300,3.8400,3.7600,16195234,62007310.8600,3,2.290000,1,2.127700,0
2020-05-27,sz.000606,3.8200,3.8500,3.6700,3.7100,3.8400,23075222,86384610.9600,3,3.262900,1,-3.385400,0
2020-05-28,sz.000606,3.7000,3.7000,3.5300,3.5600,3.7100,26107143,93872886.0500,3,3.691600,1,-4.043100,0
2020-05-29,sz.000606,3.5700,3.7600,3.5400,3.6000,3.5600,18144200,66176476.0000,3,2.565600,1,1.123600,0
2020-06-01,sz.000606,3.6000,3.7300,3.5800,3.7100,3.6000,16665800,61192308.0000,3,2.356600,1,3.055600,0
2020-06-02,sz.000606,3.7000,3.7700,3.7000,3.7600,3.7100,14599100,54482368.0000,3,2.064300,1,1.347700,0
2020-06-03,sz.000606,3.7700,4.1400,3.7400,4.0900,3.7600,54433736,217780535.8900,3,7.697100,1,8.776600,0
2020-06-04,sz.000606,4.0200,4.1600,3.9600,4.0000,4.0900,33782902,136375933.0400,3,4.777000,1,-2.200500,0
2020-06-05,sz.000606,4.0000,4.1100,3.9600,4.0100,4.0000,18861801,75896578.0600,3,2.667100,1,0.250000,0
2020-06-08,sz.000606,4.0500,4.1400,3.9900,4.1000,4.0100,20779536,84444612.7300,3,2.938300,1,2.244400,0
2020-06-09,sz.000606,4.0900,4.2000,4.0200,4.1600,4.1000,18860100,77248517.3100,3,2.666900,1,1.463400,0
2020-06-10,sz.000606,4.0900,4.1000,3.9800,3.9900,4.1600,15173499,61117718.0100,3,2.145600,1,-4.086500,0
2020-06-11,sz.000606,3.9900,4.0500,3.9600,4.0100,3.9900,9096400,36494137.0000,3,1.286300,1,0.501300,0
2020-06-12,sz.000606,3.9300,4.0300,3.8800,3.9800,4.0100,9685499,38422353.0600,3,1.369600,1,-0.748100,0
2020-06-15,sz.000606,3.9600,4.0600,3.8700,3.8800,3.9800,13100101,51876261.8800,3,1.852400,1,-2.512600,0
2020-06-16,sz.000606,3.9200,3.9300,3.8400,3.9100,3.8800,9636219,37496090.1300,3,1.362600,1,0.773200,0
2020-06-17,sz.000606,3.9100,3.9100,3.7800,3.8400,3.9100,11503142,44098823.0100,3,1.626600,1,-1.790300,0
2020-06-18,sz.000606,3.8600,3.9800,3.8300,3.8300,3.8400,9340623,36205845.8200,3,1.320800,1,-0.260400,0
2020-06-19,sz.000606,3.8200,3.8300,3.7700,3.7900,3.8300,8581214,32552161.7800,3,1.213400,1,-1.044400,0
2020-06-22,sz.000606,3.8000,3.8400,3.7800,3.8200,3.7900,5905036,22497196.8000,3,0.835000,1,0.791600,0
2020-06-23,sz.000606,3.8000,3.8100,3.7100,3.7800,3.8200,11425700,42869616.9100,3,1.615600,1,-1.047100,0
2020-06-24,sz.000606,3.7500,3.7900,3.7100,3.7700,3.7800,6994000,26139894.5800,3,0.989000,1,-0.264600,0
2020-06-29,sz.000606,3.7500,3.7500,3.6600,3.7100,3.7700,7852000,29000702.9600,3,1.110300,1,-1.591500,0
2020-06-30,sz.000606,3.7300,3.7700,3.7000,3.7400,3.7100,8457001,31542987.7300,3,1.195800,1,0.808600,0
2020-07-01,sz.000606,3.7500,3.7700,3.7000,3.7500,3.7400,8806920,32826408.0000,3,1.245300,1,0.267400,0
2020-07-02,sz.000606,3.7400,3.8900,3.7400,3.8700,3.7500,13562127,51795964.7400,3,1.917700,1,3.200000,0
2020-07-03,sz.000606,3.8500,3.9300,3.8300,3.9000,3.8700,14975132,58357481.1100,3,2.117500,1,0.775200,0
2020-07-06,sz.000606,3.9300,4.0700,3.9000,4.0400,3.9000,20867071,83434724.5800,3,2.950700,1,3.589700,0
2020-07-07,sz.000606,4.1000,4.1400,4.0100,4.0400,4.0400,22088783,90009293.8100,3,3.123400,1,0.000000,0
2020-07-08,sz.000606,4.2200,4.3200,4.0600,4.1300,4.0400,25629355,106230266.4700,3,3.624100,1,2.227700,0
2020-07-09,sz.000606,4.1400,4.4500,4.1300,4.4000,4.1300,38110438,163058311.8600,3,5.388900,1,6.537500,0
2020-07-10,sz.000606,4.3500,4.3500,4.1800,4.1900,4.4000,26825386,114153575.5000,3,3.793200,1,-4.772700,0
2020-07-13,sz.000606,4.2400,4.4400,4.2100,4.4000,4.1900,28424801,123317698.9700,3,4.019300,1,5.011900,0
2020-07-14,sz.000606,4.4100,4.4300,4.2400,4.3600,4.4000,19881772,86031154.8500,3,2.811300,1,-0.909100,0
2020-07-15,sz.000606,4.4000,4.4800,4.2600,4.2600,4.3600,24523674,107063852.8600,3,3.467700,1,-2.293600,0
2020-07-16,sz.000606,4.3000,4.3500,4.0800,4.1000,4.2600,18370514,77798634.9700,3,2.597600,1,-3.755900,0
2020-07-17,sz.000606,4.1400,4.2100,4.0200,4.0700,4.1000,13441300,55171686.0000,3,1.900600,1,-0.731700,0
2020-07-20,sz.000606,4.1000,4.2500,4.0800,4.2500,4.0700,12025296,50124755.5800,3,1.700400,1,4.422600,0
2020-07-21,sz.000606,4.2500,4.3200,4.1700,4.2400,4.2500,11548275,48689775.9400,3,1.633000,1,-0.235300,0
2020-07-22,sz.000606,4.2000,4.3600,4.1900,4.2800,4.2400,18436412,78774273.0800,3,2.607000,1,0.943400,0
2020-07-23,sz.000606,4.2300,4.2300,4.0900,4.2000,4.2800,15235444,63480255.4200,3,2.154300,1,-1.869200,0
2020-07-24,sz.000606,4.1800,4.2800,4.0300,4.0400,4.2000,15588368,64378640.0000,3,2.204200,1,-3.809500,0
2020-07-27,sz.000606,4.0300,4.0700,3.9600,4.0400,4.0400,10588658,42424763.4200,3,1.497300,1,0.000000,0
2020-07-28,sz.000606,4.0500,4.3800,4.0500,4.2900,4.0400,36278885,153744986.9400,3,5.129900,1,6.188100,0
2020-07-29,sz.000606,4.2600,4.5400,4.2200,4.4600,4.2900,43997722,194107532.3800,3,6.221400,1,3.962700,0
2020-07-30,sz.000606,4.3800,4.5400,4.3600,4.3900,4.4600,41642178,185049283.1300,3,5.888300,1,-1.569500,0
2020-07-31,sz.000606,4.4300,4.7800,4.3700,4.6800,4.3900,40642470,186214983.1900,3,5.746900,1,6.605900,0
2020-08-03,sz.000606,4.7100,5.1000,4.6100,4.9200,4.6800,41549277,202228327.4300,3,5.875200,1,5.128200,0
2020-08-04,sz.000606,4.9700,5.1000,4.8400,4.9800,4.9200,31860050,158404320.2800,3,4.505100,1,1.219500,0
2020-08-05,sz.000606,4.9300,4.9300,4.6300,4.7100,4.9800,30877212,146202309.4600,3,4.366100,1,-5.421700,0
2020-08-06,sz.000606,4.7000,4.7700,4.5300,4.6500,4.7100,24060725,111289684.4400,3,3.402200,1,-1.273900,0
2020-08-07,sz.000606,4.6200,4.6300,4.4300,4.4800,4.6500,17735401,79875434.5000,3,2.507800,1,-3.655900,0
2020-08-10,sz.000606,4.4400,4.5600,4.4300,4.5000,4.4800,17504433,78889078.4900,3,2.475200,1,0.446400,0
2020-08-11,sz.000606,4.5100,4.5300,4.2600,4.2800,4.5000,19902335,87251391.9600,3,2.814200,1,-4.888900,0
2020-08-12,sz.000606,4.2800,4.3700,4.1500,4.3500,4.2800,16149845,68373339.0000,3,2.283600,1,1.635500,0
2020-08-13,sz.000606,4.3000,4.3900,4.3000,4.3700,4.3500,10776495,46951721.5000,3,1.523800,1,0.459800,0
2020-08-14,sz.000606,4.3500,4.8100,4.3300,4.6500,4.3700,34312827,158348536.8600,3,4.851900,1,6.407300,0
2020-08-17,sz.000606,4.5700,4.7600,4.5700,4.6500,4.6500,20742900,96523840.0000,3,2.933100,1,0.000000,0
2020-08-18,sz.000606,4.6100,4.6300,4.5300,4.5600,4.6500,15397501,70267500.5700,3,2.177200,1,-1.935500,0
2020-08-19,sz.000606,4.5800,4.7200,4.4800,4.5700,4.5600,19156600,88554708.0000,3,2.708800,1,0.219300,0
2020-08-20,sz.000606,4.5200,4.7400,4.4000,4.6800,4.5700,19794301,90812016.5700,3,2.799000,1,2.407000,0
2020-08-21,sz.000606,4.6400,4.6900,4.5100,4.5700,4.6800,14784751,67705723.0400,3,2.090600,1,-2.350400,0
2020-08-24,sz.000606,4.5800,4.5800,4.4100,4.4600,4.5700,12682208,56642035.8300,3,1.793300,1,-2.407000,0
2020-08-25,sz.000606,4.4600,4.4900,4.2600,4.4500,4.4600,27057200,117705182.9300,3,3.826000,1,-0.224200,0
2020-08-26,sz.000606,4.3800,4.4400,4.2200,4.2500,4.4500,19087110,82160537.5200,3,2.699000,1,-4.494400,0
2020-08-27,sz.000606,4.2600,4.3300,4.2000,4.3100,4.2500,12427401,53228656.2200,3,1.757300,1,1.411800,0
2020-08-28,sz.000606,4.2900,4.3100,4.2100,4.2900,4.3100,9908420,42255070.3200,3,1.401100,1,-0.464000,0
2020-08-31,sz.000606,4.2600,4.3800,4.2500,4.3100,4.2900,9753830,42243216.9600,3,1.379200,1,0.466200,0
2020-09-01,sz.000606,4.2800,4.3400,4.2700,4.3200,4.3100,6779600,29173399.0000,3,0.958700,1,0.232000,0
2020-09-02,sz.000606,4.3300,4.4300,4.3100,4.4200,4.3200,19359661,84903502.1100,3,2.737500,1,2.314800,0
2020-09-03,sz.000606,4.4000,4.4300,4.3400,4.3700,4.4200,11310200,49561890.0000,3,1.599300,1,-1.131200,0
2020-09-04,sz.000606,4.2900,4.4400,4.2600,4.4300,4.3700,11469301,50207564.3600,3,1.621800,1,1.373000,0
2020-09-07,sz.000606,4.4300,4.6100,4.3900,4.4700,4.4300,20717101,93482066.5000,3,2.929400,1,0.902900,0
2020-09-08,sz.000606,4.5000,4.5600,4.4500,4.5600,4.4700,19138402,86586351.0600,3,2.706200,1,2.013400,0
2020-09-09,sz.000606,4.5100,4.7100,4.4300,4.5100,4.5600,33490425,153233878.7300,3,4.735600,1,-1.096500,0
2020-09-10,sz.000606,4.5400,4.5400,4.1800,4.1800,4.5100,25692126,110835549.3500,3,3.632900,1,-7.317100,0
2020-09-11,sz.000606,4.1800,4.2500,4.0800,4.2200,4.1800,11980652,50116547.4500,3,1.694100,1,0.956900,0
2020-09-14,sz.000606,4.2200,4.2700,4.1600,4.2200,4.2200,9881763,41701498.6000,3,1.397300,1,0.000000,0
2020-09-15,sz.000606,4.2400,4.2400,4.1000,4.1400,4.2200,13552500,56299744.0000,3,1.916400,1,-1.895700,0
2020-09-16,sz.000606,4.1300,4.1300,3.9800,4.0400,4.1400,15688363,63523743.7800,3,2.218400,1,-2.415500,0
2020-09-17,sz.000606,4.0300,4.0900,3.9900,4.0600,4.0400,6403801,25891179.0400,3,0.905500,1,0.495000,0
2020-09-18,sz.000606,4.0400,4.1600,4.0300,4.1300,4.0600,10570005,43422913.5500,3,1.494600,1,1.724100,0
2020-09-21,sz.000606,4.1200,4.1700,4.1000,4.1300,4.1300,7233700,29874956.0000,3,1.022900,1,0.000000,0
2020-09-22,sz.000606,4.0900,4.1100,4.0200,4.0400,4.1300,7521859,30544183.5000,3,1.063600,1,-2.179200,0
2020-09-23,sz.000606,4.0400,4.0900,4.0300,4.0600,4.0400,5631301,22866764.0800,3,0.796300,1,0.495000,0
2020-09-24,sz.000606,4.0500,4.0500,3.9200,3.9300,4.0600,9587000,38076972.0000,3,1.355600,1,-3.202000,0
2020-09-25,sz.000606,3.9200,3.9600,3.8900,3.9200,3.9300,7090400,27770514.0000,3,1.002600,1,-0.254500,0
2020-09-28,sz.000606,3.9300,3.9600,3.8700,3.8700,3.9200,4115088,16027704.4400,3,0.581900,1,-1.275500,0
2020-09-29,sz.000606,3.8700,3.9500,3.8700,3.8900,3.8700,3630589,14196499.8600,3,0.513400,1,0.516800,0
2020-09-30,sz.000606,3.9100,3.9200,3.8600,3.9000,3.8900,4435201,17251143.8700,3,0.627100,1,0.257100,0
2020-10-09,sz.000606,3.9500,4.0000,3.9200,3.9900,3.9000,4447388,17697690.2400,3,0.628900,1,2.307700,0
2020-10-12,sz.000606,4.0000,4.1200,4.0000,4.1200,3.9900,10222307,41685229.2100,3,1.445500,1,3.258100,0
2020-10-13,sz.000606,4.1100,4.1500,4.0800,4.1000,4.1200,7035000,28848959.0000,3,0.994800,1,-0.485400,0
2020-10-14,sz.000606,4.1000,4.1100,4.0200,4.0300,4.1000,5615037,22795750.7600,3,0.794000,1,-1.707300,0
2020-10-15,sz.000606,4.0300,4.1000,4.0200,4.0700,4.0300,4877300,19818814.0000,3,0.689700,1,0.992600,0
2020-10-16,sz.000606,4.0500,4.1200,4.0400,4.1200,4.0700,5636000,23007470.0000,3,0.796900,1,1.228500,0
2020-10-19,sz.000606,4.1200,4.1400,4.0300,4.0800,4.1200,3799900,15525501.0000,3,0.537300,1,-0.970900,0
2020-10-20,sz.000606,4.1000,4.1000,4.0300,4.1000,4.0800,4929600,20073426.0000,3,0.697100,1,0.490200,0
2020-10-21,sz.000606,4.0800,4.0900,4.0100,4.0400,4.1000,3974300,16069467.0000,3,0.562000,1,-1.463400,0
2020-10-22,sz.000606,4.0300,4.0900,3.9900,4.0600,4.0400,4621215,18702281.3000,3,0.653500,1,0.495000,0
2020-10-23,sz.000606,4.0600,4.1000,4.0000,4.0100,4.0600,4690501,18947438.0200,3,0.663200,1,-1.231500,0
2020-10-26,sz.000606,4.0200,4.0600,3.9700,4.0400,4.0100,3964924,15979728.2400,3,0.560600,1,0.748100,0
2020-10-27,sz.000606,3.9900,4.0400,3.9700,4.0000,4.0400,3906000,15613322.0000,3,0.552300,1,-0.990100,0
2020-10-28,sz.000606,3.9800,4.0100,3.8800,3.9800,4.0000,6024998,23775811.0600,3,0.851900,1,-0.500000,0
2020-10-29,sz.000606,3.9100,3.9800,3.9000,3.9300,3.9800,4576601,18059592.9400,3,0.647100,1,-1.256300,0
2020-10-30,sz.000606,3.9300,3.9800,3.7900,3.8100,3.9300,6377588,24697817.2000,3,0.901800,1,-3.053400,0
2020-11-02,sz.000606,3.8000,3.8500,3.6800,3.7100,3.8100,8584265,32048531.8000,3,1.213800,1,-2.624700,0
2020-11-03,sz.000606,3.7300,3.8200,3.7100,3.8100,3.7100,7437500,28100820.0000,3,1.051700,1,2.695400,0
2020-11-04,sz.000606,3.8200,3.8500,3.7400,3.8500,3.8100,5944600,22552624.0000,3,0.840600,1,1.049900,0
2020-11-05,sz.000606,3.8600,3.9800,3.8500,3.9400,3.8500,8430315,33088882.6500,3,1.192100,1,2.337700,0
2020-11-06,sz.000606,3.9500,3.9600,3.8700,3.8900,3.9400,5007910,19525437.8000,3,0.708100,1,-1.269000,0
2020-11-09,sz.000606,3.9400,3.9500,3.8900,3.9100,3.8900,12323911,48427010.2100,3,1.742600,1,0.514100,0
2020-11-10,sz.000606,3.9100,3.9300,3.8300,3.8900,3.9100,9373300,36278817.0000,3,1.325400,1,-0.511500,0
2020-11-11,sz.000606,3.8700,3.8700,3.7700,3.7800,3.8900,9296415,35402892.8500,3,1.314500,1,-2.827800,0
2020-11-12,sz.000606,3.8500,3.9300,3.8000,3.8700,3.7800,11322501,43737665.8500,3,1.601000,1,2.381000,0
2020-11-13,sz.000606,3.8400,3.9500,3.8100,3.9300,3.8700,11303916,44162397.7100,3,1.598400,1,1.550400,0
2020-11-16,sz.000606,3.9300,3.9700,3.9000,3.9300,3.9300,7261424,28539207.0800,3,1.026800,1,0.000000,0
2020-11-17,sz.000606,3.9400,3.9500,3.8800,3.9500,3.9300,6631324,25964886.5600,3,0.937700,1,0.508900,0
2020-11-18,sz.000606,3.9300,4.0000,3.9300,3.9900,3.9500,8450215,33559385.2500,3,1.194900,1,1.012700,0
2020-11-19,sz.000606,3.9700,4.0200,3.9200,3.9600,3.9900,5057141,20029492.8900,3,0.715100,1,-0.751900,0
2020-11-20,sz.000606,3.9200,3.9500,3.8600,3.9200,3.9600,6991601,27234174.9200,3,0.988600,1,-1.010100,0
2020-11-23,sz.000606,3.9000,3.9800,3.8600,3.9700,3.9200,9965127,39169498.0400,3,1.409100,1,1.275500,0
2020-11-24,sz.000606,3.9500,4.0400,3.9300,4.0400,3.9700,8617814,34408991.0000,3,1.218600,1,1.763200,0
2020-11-25,sz.000606,4.0300,4.0900,4.0000,4.0400,4.0400,9174101,37105869.0600,3,1.297200,1,0.000000,0
2020-11-26,sz.000606,4.0300,4.1200,4.0100,4.1000,4.0400,12793901,52353489.0300,3,1.809100,1,1.485100,0
2020-11-27,sz.000606,4.0900,4.0900,3.9700,4.0200,4.1000,8200300,32993026.0000,3,1.159500,1,-1.951200,0
2020-11-30,sz.000606,4.0200,4.0800,4.0000,4.0300,4.0200,6820800,27594547.0000,3,0.964500,1,0.248800,0
2020-12-01,sz.000606,4.0200,4.1100,4.0100,4.1100,4.0300,9528902,38761369.1000,3,1.347400,1,1.985100,0
2020-12-02,sz.000606,4.1300,4.3300,4.0800,4.1500,4.1100,36304326,152489765.0800,3,5.133500,1,0.973200,0
2020-12-03,sz.000606,4.1900,4.1900,4.0600,4.0900,4.1500,14511897,59495453.2900,3,2.052000,1,-1.445800,0
2020-12-04,sz.000606,4.0800,4.1200,4.0300,4.0700,4.0900,8225187,33497817.2200,3,1.163100,1,-0.489000,0
2020-12-07,sz.000606,4.0600,4.2300,4.0400,4.1800,4.0700,17744200,73490978.0000,3,2.509100,1,2.702700,0
2020-12-08,sz.000606,4.1900,4.2800,4.1400,4.2500,4.1800,17955020,76145676.6000,3,2.538900,1,1.674600,0
2020-12-09,sz.000606,4.3000,4.3400,4.1600,4.1700,4.2500,14631000,61945092.0000,3,2.068900,1,-1.882400,0
2020-12-10,sz.000606,4.1600,4.2400,4.0900,4.2400,4.1700,11842774,49482134.5600,3,1.674600,1,1.678700,0
2020-12-11,sz.000606,4.2000,4.2200,4.0200,4.0900,4.2400,11694200,48074174.0000,3,1.653600,1,-3.537700,0
2020-12-14,sz.000606,4.0700,4.1700,4.0600,4.1200,4.0900,6725300,27665878.0000,3,0.951000,1,0.733500,0
2020-12-15,sz.000606,4.1200,4.1200,4.0200,4.0500,4.1200,6784007,27520303.8800,3,0.959300,1,-1.699000,0
2020-12-16,sz.000606,4.0400,4.0600,3.8700,3.8900,4.0500,9873487,38904315.1700,3,1.396100,1,-3.950600,0
2020-12-17,sz.000606,3.8800,3.9200,3.7600,3.9000,3.8900,9136040,35088474.6500,3,1.291900,1,0.257100,0
2020-12-18,sz.000606,3.9000,3.9300,3.8000,3.8500,3.9000,9015645,34760365.1000,3,1.274800,1,-1.282100,0
2020-12-21,sz.000606,3.8600,3.8800,3.8200,3.8700,3.8500,6012400,23204917.0000,3,0.850200,1,0.519500,0
2020-12-22,sz.000606,3.8800,3.8800,3.7700,3.7800,3.8700,5977500,22820695.0000,3,0.845200,1,-2.325600,0
2020-12-23,sz.000606,3.7500,3.8100,3.7500,3.7900,3.7800,5465400,20646389.0000,3,0.772800,1,0.264600,0
2020-12-24,sz.000606,3.7900,3.7900,3.6700,3.6800,3.7900,6674500,24758870.0000,3,0.943800,1,-2.902400,0
2020-12-25,sz.000606,3.6800,3.7500,3.5600,3.7100,3.6800,4806210,17726904.0000,3,0.679600,1,0.815200,0
2020-12-28,sz.000606,3.7000,3.7000,3.6000,3.6100,3.7100,5484151,19876973.1100,3,0.775500,1,-2.695400,0
2020-12-29,sz.000606,3.6000,3.7100,3.5900,3.6200,3.6100,6880652,25119138.2500,3,0.972900,1,0.277000,0
2020-12-30,sz.000606,3.6300,3.6800,3.5300,3.5500,3.6200,16150453,57951909.4400,3,2.283700,1,-1.933700,0
2020-12-31,sz.000606,3.5000,3.5000,3.2000,3.3100,3.5500,35999841,117926019.6700,3,5.090500,1,-6.760600,0
2021-01-04,sz.000606,3.2300,3.2600,3.1200,3.1900,3.3100,24873001,78948950.4200,3,3.517100,1,-3.625400,0
2021-01-05,sz.000606,3.1500,3.1900,3.0600,3.0600,3.1900,20510540,63795718.8000,3,2.900200,1,-4.075200,0
2021-01-06,sz.000606,3.0400,3.0500,2.9600,2.9900,3.0600,17823699,53432798.7200,3,2.520300,1,-2.287600,0
2021-01-07,sz.000606,2.9800,2.9900,2.7400,2.8000,2.9900,25167504,71428279.4900,3,3.558700,1,-6.354500,0
2021-01-08,sz.000606,2.5200,2.8000,2.5200,2.7400,2.8000,39876500,103356060.7300,3,5.638600,1,-2.142900,0
2021-01-11,sz.000606,2.6100,2.6600,2.5100,2.5300,2.7400,24818891,63992316.9200,3,3.509500,1,-7.664200,0
2021-01-12,sz.000606,2.5000,2.6500,2.4700,2.5100,2.5300,19711104,50592950.1800,3,2.787200,1,-0.790500,0
2021-01-13,sz.000606,2.4800,2.5900,2.4800,2.5400,2.5100,14589117,37071681.0400,3,2.062900,1,1.195200,0
2021-01-14,sz.000606,2.5400,2.6700,2.5200,2.6200,2.5400,15952602,41694966.2000,3,2.255700,1,3.149600,0
2021-01-15,sz.000606,2.6000,2.7500,2.6000,2.7100,2.6200,16672101,44997211.7000,3,2.357500,1,3.435100,0
2021-01-18,sz.000606,2.7000,2.7600,2.6700,2.6900,2.7100,12141200,32803724.0000,3,1.716800,1,-0.738000,0
2021-01-19,sz.000606,2.7000,2.8100,2.6700,2.7800,2.6900,12819489,35232193.9400,3,1.812700,1,3.345700,0
2021-01-20,sz.000606,2.7900,2.8000,2.7200,2.7500,2.7800,8528701,23388949.7200,3,1.206000,1,-1.079100,0
2021-01-21,sz.000606,2.7600,2.8300,2.7400,2.7700,2.7500,12570239,35096095.5900,3,1.777500,1,0.727300,0
2021-01-22,sz.000606,2.7500,2.7900,2.6600,2.6600,2.7700,11368001,30650139.6700,3,1.607500,1,-3.971100,0
2021-01-25,sz.000606,2.6600,2.6600,2.5500,2.5600,2.6600,9534898,24615635.9900,3,1.348300,1,-3.759400,0
2021-01-26,sz.000606,2.5200,2.6100,2.5200,2.5700,2.5600,6729389,17336541.1100,3,0.951600,1,0.390600,0
2021-01-27,sz.000606,2.5700,2.7100,2.5200,2.6800,2.5700,12339488,32582651.8400,3,1.744800,1,4.280200,0
2021-01-28,sz.000606,2.6500,2.7300,2.6200,2.6800,2.6800,8986738,24164319.8400,3,1.270700,1,0.000000,0
2021-01-29,sz.000606,2.6800,2.6900,2.6000,2.6500,2.6800,7181088,18938264.4200,3,1.015400,1,-1.119400,0
2021-02-01,sz.000606,2.3900,2.4600,2.3900,2.3900,2.6500,13295687,31937307.8000,3,1.880000,1,-9.811300,0
2021-02-02,sz.000606,2.3600,2.4100,2.2700,2.3600,2.3900,11995502,28136135.6900,3,1.696200,1,-1.255200,0
2021-02-03,sz.000606,2.3500,2.3500,2.2300,2.2500,2.3600,13080864,29572633.6300,3,1.849700,1,-4.661000,0
2021-02-04,sz.000606,2.2500,2.2800,2.1800,2.2100,2.2500,7575900,16858387.9900,3,1.071300,1,-1.777800,0
2021-02-05,sz.000606,2.2100,2.3500,2.2100,2.2200,2.2100,7543210,17080937.1000,3,1.066600,1,0.452500,0
2021-02-08,sz.000606,2.2400,2.2700,2.1900,2.1900,2.2200,5809410,12924918.9800,3,0.821500,1,-1.351400,0
2021-02-09,sz.000606,2.2200,2.2600,2.1800,2.2500,2.1900,6109912,13547332.6800,3,0.864000,1,2.739700,0
2021-02-10,sz.000606,2.2400,2.3200,2.2200,2.2600,2.2500,6526680,14783631.0700,3,0.922900,1,0.444400,0
2021-02-18,sz.000606,2.2800,2.4100,2.2700,2.3800,2.2600,9524403,22447710.1800,3,1.346800,1,5.309700,0
2021-02-19,sz.000606,2.3500,2.5600,2.3500,2.5500,2.3800,10458100,25917543.1000,3,1.478800,1,7.142900,0
2021-02-22,sz.000606,2.5200,2.6400,2.5100,2.5500,2.5500,12651375,32735492.5200,3,1.788900,1,0.000000,0
2021-02-23,sz.000606,2.5500,2.6000,2.5000,2.5000,2.5500,6526100,16543663.9500,3,0.922800,1,-1.960800,0
2021-02-24,sz.000606,2.5100,2.6300,2.4700,2.5900,2.5000,9553201,24660024.5800,3,1.350800,1,3.600000,0
2021-02-25,sz.000606,2.5900,2.6200,2.5400,2.5800,2.5900,5872100,15103536.0000,3,0.830300,1,-0.386100,0
2021-02-26,sz.000606,2.5400,2.6400,2.5300,2.5900,2.5800,7635300,19820601.0000,3,1.079600,1,0.387600,0
2021-03-01,sz.000606,2.6000,2.8300,2.6000,2.7100,2.5900,18124800,49204827.0000,3,2.562900,1,4.633200,0
2021-03-02,sz.000606,2.7400,2.7800,2.6000,2.6100,2.7100,13344788,35459564.5600,3,1.887000,1,-3.690000,0
2021-03-03,sz.000606,2.6500,2.6700,2.6000,2.6200,2.6100,7441000,19504521.0000,3,1.052200,1,0.383100,0
2021-03-04,sz.000606,2.6000,2.6800,2.6000,2.6500,2.6200,7879200,20838417.0000,3,1.114100,1,1.145000,0
2021-03-05,sz.000606,2.6500,2.7600,2.6400,2.7500,2.6500,9839600,26674939.0000,3,1.391300,1,3.773600,0
2021-03-08,sz.000606,2.7500,2.7900,2.6700,2.6800,2.7500,8640930,23569350.8000,3,1.221800,1,-2.545500,0
2021-03-09,sz.000606,2.6500,2.6900,2.5000,2.5600,2.6800,8287730,21545822.7000,3,1.171900,1,-4.477600,0
2021-03-10,sz.000606,2.5800,2.6100,2.4000,2.4000,2.5600,10832300,26806933.0000,3,1.531700,1,-6.250000,0
2021-03-11,sz.000606,2.4000,2.6400,2.3700,2.6400,2.4000,14232650,36319439.5000,3,2.012500,1,10.000000,0
2021-03-12,sz.000606,2.6400,2.6800,2.5500,2.5900,2.6400,17169701,44499798.5700,3,2.427800,1,-1.893900,0
2021-03-15,sz.000606,2.5700,2.6200,2.5400,2.5800,2.5900,9839203,25419987.6500,3,1.391300,1,-0.386100,0
2021-03-16,sz.000606,2.5600,2.6900,2.5600,2.6800,2.5800,11679393,30821868.3800,3,1.651500,1,3.876000,0
2021-03-17,sz.000606,2.6600,2.7200,2.6100,2.6700,2.6800,9875100,26244984.0000,3,1.396400,1,-0.373100,0
2021-03-18,sz.000606,2.6700,2.7100,2.6400,2.7100,2.6700,9810705,26193377.4700,3,1.387300,1,1.498100,0
2021-03-19,sz.000606,2.6700,2.9800,2.6600,2.7600,2.7100,42462007,120998161.3600,3,6.004200,1,1.845000,0
2021-03-22,sz.000606,2.7300,2.9700,2.6900,2.8300,2.7600,38095569,106952584.1700,3,5.386800,1,2.536200,0
2021-03-23,sz.000606,2.8100,3.1100,2.8100,3.1100,2.8300,53433121,161625367.7800,3,7.555600,1,9.894000,0
2021-03-24,sz.000606,3.4200,3.4200,3.4200,3.4200,3.1100,12310601,42102255.4200,3,1.740700,1,9.967800,0
2021-03-25,sz.000606,3.7600,3.7600,3.7600,3.7600,3.4200,25913001,97432883.7600,3,3.664200,1,9.941500,0
2021-03-26,sz.000606,4.0900,4.1400,3.9700,4.1400,3.7600,66851955,272804344.4400,3,9.453000,1,10.106400,0
2021-03-29,sz.000606,4.0200,4.5500,3.8500,4.4100,4.1400,167543791,694238497.4500,3,23.691100,1,6.521700,0
2021-03-30,sz.000606,3.9900,4.3700,3.9700,3.9700,4.4100,122812303,499261733.1200,3,17.366000,1,-9.977300,0
2021-03-31,sz.000606,3.7900,4.1900,3.6900,3.8200,3.9700,100767026,401669510.4400,3,14.248700,1,-3.778300,0
2021-04-01,sz.000606,3.7700,4.1300,3.7700,3.9500,3.8200,87958768,346710195.5000,3,12.437600,1,3.403100,0
2021-04-02,sz.000606,3.7900,4.2800,3.6800,4.0800,3.9500,116308570,467134970.4800,3,16.446300,1,3.291100,0
2021-04-06,sz.000606,3.9500,4.4100,3.8800,4.2000,4.0800,109196484,447076311.6600,3,15.440600,1,2.941200,0
2021-04-07,sz.000606,4.0900,4.3900,4.0100,4.1500,4.2000,99095006,414535683.9900,3,14.012300,1,-1.190500,0
2021-04-08,sz.000606,4.0500,4.1000,3.7400,3.7400,4.1500,95701491,369479415.3700,3,13.532400,1,-9.879500,0
2021-04-09,sz.000606,3.6500,3.6600,3.4500,3.4800,3.7400,61717244,218336624.8000,3,8.727000,1,-6.951900,0
2021-04-12,sz.000606,3.4800,3.6200,3.4100,3.4300,3.4800,47187401,164907514.4200,3,6.672400,1,-1.436800,0
2021-04-13,sz.000606,3.4000,3.4700,3.1600,3.2700,3.4300,53667883,177502535.9000,3,7.588800,1,-4.664700,0
2021-04-14,sz.000606,3.2000,3.2800,3.1200,3.2100,3.2700,34631336,110632530.1600,3,4.897000,1,-1.834900,0
2021-04-15,sz.000606,3.0900,3.5000,3.0600,3.2300,3.2100,56832283,186140452.1500,3,8.036200,1,0.623100,0
2021-04-16,sz.000606,3.2200,3.3400,3.1100,3.2400,3.2300,42421711,136335549.6800,3,5.998500,1,0.309600,0
2021-04-19,sz.000606,3.2000,3.2800,3.1800,3.2000,3.2400,36086310,116354427.4000,3,5.102700,1,-1.234600,0
2021-04-20,sz.000606,3.2000,3.2600,3.1100,3.1100,3.2000,35811200,113755142.9000,3,5.063800,1,-2.812500,0
2021-04-21,sz.000606,3.1200,3.1500,3.0200,3.0300,3.1100,34181478,105457297.4800,3,4.833300,1,-2.572300,0
2021-04-22,sz.000606,3.0400,3.1300,3.0300,3.0500,3.0300,24205301,74119567.1000,3,3.422700,1,0.660100,0
2021-04-23,sz.000606,3.1000,3.1000,2.9500,2.9700,3.0500,25267501,75595851.9700,3,3.572900,1,-2.623000,0
2021-04-26,sz.000606,3.0100,3.0100,2.8500,2.9200,2.9700,25832200,75662775.0000,3,3.652700,1,-1.683500,0
2021-04-27,sz.000606,2.9000,2.9200,2.7800,2.9000,2.9200,23567500,67320541.0000,3,3.332500,1,-0.684900,0
2021-04-28,sz.000606,2.9000,2.9000,2.7900,2.8000,2.9000,17486600,49410198.9000,3,2.472600,1,-3.448300,0
2021-04-29,sz.000606,2.7900,2.8400,2.7100,2.7900,2.8000,19306400,53989061.0000,3,2.730000,1,-0.357100,0
2021-04-30,sz.000606,2.7900,2.7900,2.7900,2.7900,2.7900,0,0.0000,3,,0,0.000000,0
2021-05-06,sz.000606,2.6500,2.6500,2.6500,2.6500,2.7900,398100,1054965.0000,3,0.056300,1,-5.017900,1
2021-05-07,sz.000606,2.5200,2.5200,2.5200,2.5200,2.6500,887100,2235492.0000,3,0.125400,1,-4.905700,1
2021-05-10,sz.000606,2.3900,2.3900,2.3900,2.3900,2.5200,917000,2191630.0000,3,0.129700,1,-5.158700,1
2021-05-11,sz.000606,2.2700,2.2700,2.2700,2.2700,2.3900,2475700,5619839.0000,3,0.350100,1,-5.020900,1
2021-05-12,sz.000606,2.1900,2.3800,2.1800,2.3800,2.2700,69111242,153923073.7200,3,9.772500,1,4.845800,1
2021-05-13,sz.000606,2.2900,2.3500,2.2700,2.2700,2.3800,41481126,95528242.5200,3,5.865500,1,-4.621800,1
2021-05-14,sz.000606,2.2700,2.3100,2.2100,2.2400,2.2700,28314140,63660620.8000,3,4.003700,1,-1.321600,1
2021-05-17,sz.000606,2.1500,2.1500,2.1300,2.1300,2.2400,1546200,3296942.0000,3,0.218600,1,-4.910700,1
2021-05-18,sz.000606,2.0200,2.0700,2.0200,2.0200,2.1300,19891100,40283419.0000,3,2.812600,1,-5.164300,1
2021-05-19,sz.000606,1.9800,2.0300,1.9200,1.9700,2.0200,37142821,72275126.3400,3,5.252100,1,-2.475200,1
2021-05-20,sz.000606,1.9500,1.9600,1.8700,1.8700,1.9700,26448776,49956018.1200,3,3.739900,1,-5.076100,1
2021-05-21,sz.000606,1.8200,1.8800,1.8000,1.8600,1.8700,22415006,41191217.3400,3,3.169500,1,-0.534800,1
2021-05-24,sz.000606,1.8600,1.9300,1.8400,1.9000,1.8600,17195791,32564824.8900,3,2.431500,1,2.150500,1
2021-05-25,sz.000606,1.9000,1.9100,1.8600,1.8800,1.9000,13421900,25253104.0000,3,1.897900,1,-1.052600,1
2021-05-26,sz.000606,1.8700,1.9600,1.8300,1.9000,1.8800,20094982,37928508.7000,3,2.841500,1,1.063800,1
2021-05-27,sz.000606,1.8900,1.9500,1.8700,1.9400,1.9000,19471157,37340913.6600,3,2.753300,1,2.105300,1
2021-05-28,sz.000606,1.9400,2.0400,1.9100,2.0400,1.9400,37521687,75636834.1100,3,5.305700,1,5.154600,1
2021-05-31,sz.000606,2.0400,2.0400,1.9400,2.0000,2.0400,28239075,56118125.7800,3,3.993100,1,-1.960800,1
2021-06-01,sz.000606,1.9800,2.1000,1.9600,2.1000,2.0000,33621503,69198822.2300,3,4.754200,1,5.000000,1
2021-06-02,sz.000606,2.0700,2.1900,2.0500,2.1500,2.1000,32806095,69543768.5100,3,4.638900,1,2.381000,1
2021-06-03,sz.000606,2.1500,2.1900,2.0900,2.1300,2.1500,20479440,43810923.4000,3,2.895800,1,-0.930200,1
2021-06-04,sz.000606,2.1200,2.1400,2.0400,2.0500,2.1300,25062511,51922222.4400,3,3.543900,1,-3.755900,1
2021-06-07,sz.000606,2.0600,2.1500,2.0600,2.1500,2.0500,13660113,29030573.5800,3,1.931600,1,4.878000,1
2021-06-08,sz.000606,2.2200,2.2600,2.1600,2.1900,2.1500,36525641,81100980.1600,3,5.164800,1,1.860500,1
2021-06-09,sz.000606,2.1300,2.2600,2.1300,2.2300,2.1900,29972030,65939160.1700,3,4.238100,1,1.826500,1
2021-06-10,sz.000606,2.2100,2.2600,2.1200,2.1200,2.2300,32156244,69433945.2100,3,4.547000,1,-4.932700,1
2021-06-11,sz.000606,2.1000,2.1400,2.0800,2.0900,2.1200,15310621,32155175.5800,3,2.165000,1,-1.415100,1
2021-06-15,sz.000606,2.1000,2.1200,2.0000,2.0300,2.0900,15181601,31069084.0000,3,2.146700,1,-2.870800,1
2021-06-16,sz.000606,2.0200,2.0400,1.9700,2.0300,2.0300,10022843,20076536.4500,3,1.417300,1,0.000000,1
2021-06-17,sz.000606,2.0200,2.0400,1.9900,2.0000,2.0300,9331506,18756579.9400,3,1.319500,1,-1.477800,1
2021-06-18,sz.000606,2.0000,2.1000,1.9800,2.0800,2.0000,19102370,39243906.3000,3,2.701100,1,4.000000,1
2021-06-21,sz.000606,2.0600,2.1000,2.0400,2.0800,2.0800,12819900,26495806.0000,3,1.812800,1,0.000000,1
2021-06-22,sz.000606,2.0700,2.1700,2.0600,2.1300,2.0800,19613900,41620984.0000,3,2.773500,1,2.403800,1
2021-06-23,sz.000606,2.1300,2.2400,2.1000,2.2200,2.1300,42678051,94278198.9400,3,6.034800,1,4.225400,1
2021-06-24,sz.000606,2.1900,2.3300,2.1500,2.3300,2.2200,48494302,109481699.1000,3,6.857200,1,4.955000,1
2021-06-25,sz.000606,2.3000,2.4500,2.3000,2.4500,2.3300,35019908,83986591.4900,3,4.951900,1,5.150200,1
2021-06-28,sz.000606,2.4900,2.5700,2.3300,2.3300,2.4500,51014502,123856138.0400,3,7.213600,1,-4.898000,1
2021-06-29,sz.000606,2.2500,2.4400,2.2100,2.3900,2.3300,41221163,95114628.9700,3,5.828800,1,2.575100,1
2021-06-30,sz.000606,2.3700,2.3900,2.2700,2.2700,2.3900,29762606,68645007.5200,3,4.208500,1,-5.020900,1
2021-07-01,sz.000606,2.2300,2.3000,2.1700,2.1700,2.2700,21260100,47443891.0000,3,3.006200,1,-4.405300,1
2021-07-02,sz.000606,2.1800,2.2800,2.1200,2.2800,2.1700,30026863,67463008.5100,3,4.245900,1,5.069100,1
2021-07-05,sz.000606,2.2700,2.3900,2.2500,2.3900,2.2800,32800063,76953281.3900,3,4.638000,1,4.824600,1
2021-07-06,sz.000606,2.4300,2.4500,2.2900,2.3500,2.3900,42732152,101759871.1600,3,6.042400,1,-1.673600,1
2021-07-07,sz.000606,2.3200,2.4700,2.2400,2.4700,2.3500,29318772,70240003.2400,3,4.145700,1,5.106400,1
2021-07-08,sz.000606,2.5300,2.5900,2.4400,2.5900,2.4700,59130472,151032674.3800,3,8.361200,1,4.858300,1
2021-07-09,sz.000606,2.6000,2.7200,2.5100,2.7200,2.5900,53485363,140453842.8600,3,7.563000,1,5.019300,1
2021-07-12,sz.000606,2.6600,2.7100,2.5800,2.5800,2.7200,39998462,104348744.0600,3,5.655900,1,-5.147100,1
2021-07-13,sz.000606,2.5000,2.5700,2.4500,2.5200,2.5800,40532064,101085420.0800,3,5.731300,1,-2.325600,1
2021-07-14,sz.000606,2.4900,2.5900,2.3900,2.4000,2.5200,39102939,96361258.0600,3,5.529200,1,-4.761900,1
2021-07-15,sz.000606,2.3900,2.5200,2.3600,2.5200,2.4000,33980441,83390230.8100,3,4.804900,1,5.000000,1
2021-07-16,sz.000606,2.5200,2.5900,2.4800,2.4800,2.5200,33736468,85395414.8600,3,4.770400,1,-1.587300,1
2021-07-19,sz.000606,2.4400,2.4600,2.3600,2.3600,2.4800,29108164,69479054.2400,3,4.116000,1,-4.838700,1
2021-07-20,sz.000606,2.3200,2.4700,2.3100,2.4000,2.3600,25376189,61011284.5800,3,3.588300,1,1.694900,1
2021-07-21,sz.000606,2.3900,2.4300,2.3500,2.3600,2.4000,22440468,53414255.5300,3,3.173100,1,-1.666700,1
2021-07-22,sz.000606,2.3500,2.3700,2.2400,2.2600,2.3600,31242501,71697072.2900,3,4.417800,1,-4.237300,1
2021-07-23,sz.000606,2.2500,2.3000,2.2000,2.2700,2.2600,20628854,46416445.5300,3,2.917000,1,0.442500,1
2021-07-26,sz.000606,2.2600,2.2700,2.1600,2.1900,2.2700,17562000,39005847.0000,3,2.483300,1,-3.524200,1
2021-07-27,sz.000606,2.1800,2.2500,2.1700,2.1900,2.1900,12597252,27792200.8800,3,1.781300,1,0.000000,1
2021-07-28,sz.000606,2.1800,2.1800,2.0800,2.0800,2.1900,18089307,37972937.7700,3,2.557900,1,-5.022800,1
2021-07-29,sz.000606,2.0800,2.1700,2.0700,2.1100,2.0800,15106705,32016831.4600,3,2.136100,1,1.442300,1
2021-07-30,sz.000606,2.0900,2.1600,2.0800,2.1300,2.1100,12562804,26684944.4800,3,1.776400,1,0.947900,1
2021-08-02,sz.000606,2.1200,2.2200,2.0800,2.1800,2.1300,15025314,32252878.9000,3,2.124600,1,2.347400,1
2021-08-03,sz.000606,2.1600,2.2900,2.1500,2.2900,2.1800,29937815,67924645.1300,3,4.233300,1,5.045900,1
2021-08-04,sz.000606,2.2700,2.2900,2.2200,2.2400,2.2900,18905911,42466728.4200,3,2.673300,1,-2.183400,1
2021-08-05,sz.000606,2.2300,2.2800,2.1400,2.1400,2.2400,18932232,41572751.8800,3,2.677100,1,-4.464300,1
2021-08-06,sz.000606,2.1300,2.1400,2.0900,2.1200,2.1400,11753200,24886049.0000,3,1.661900,1,-0.934600,1
2021-08-09,sz.000606,2.1200,2.1700,2.1000,2.1600,2.1200,11216551,24009668.1400,3,1.586000,1,1.886800,1
2021-08-10,sz.000606,2.1500,2.2100,2.1300,2.1800,2.1600,12135200,26354075.0000,3,1.715900,1,0.925900,1
2021-08-11,sz.000606,2.1700,2.1800,2.1200,2.1400,2.1800,12605532,27019670.0600,3,1.782500,1,-1.834900,1
2021-08-12,sz.000606,2.1400,2.2200,2.1100,2.1700,2.1400,20452292,43919563.0400,3,2.892000,1,1.401900,1
2021-08-13,sz.000606,2.1600,2.1600,2.1000,2.1300,2.1700,20337102,43226713.2200,3,2.875700,1,-1.843300,1
2021-08-16,sz.000606,2.1200,2.1800,2.1000,2.1500,2.1300,17711692,38003415.8000,3,2.504500,1,0.939000,1
2021-08-17,sz.000606,2.1400,2.1600,2.0700,2.0900,2.1500,19312278,40923458.0600,3,2.730800,1,-2.790700,1
2021-08-18,sz.000606,2.0800,2.1600,2.0700,2.1400,2.0900,15777000,33377059.0000,3,2.230900,1,2.392300,1
2021-08-19,sz.000606,2.1200,2.1400,2.1100,2.1300,2.1400,10517310,22339249.2000,3,1.487200,1,-0.467300,1
2021-08-20,sz.000606,2.1300,2.1300,2.0700,2.0900,2.1300,12581910,26375974.2000,3,1.779100,1,-1.877900,1
2021-08-23,sz.000606,2.0900,2.1200,2.0800,2.1100,2.0900,10653810,22395743.9000,3,1.506500,1,0.956900,1
2021-08-24,sz.000606,2.1000,2.1100,2.0700,2.0700,2.1100,11261701,23453557.0700,3,1.592400,1,-1.895700,1
2021-08-25,sz.000606,2.0700,2.1300,2.0600,2.1100,2.0700,14428952,30212982.1500,3,2.040300,1,1.932400,1
2021-08-26,sz.000606,2.1000,2.1000,2.0700,2.0800,2.1100,10677806,22271674.4800,3,1.509900,1,-1.421800,1
2021-08-27,sz.000606,2.0900,2.1200,2.0700,2.1000,2.0800,15276457,32070256.1300,3,2.160100,1,0.961500,1
2021-08-30,sz.000606,2.1000,2.1800,2.0900,2.1500,2.1000,19363269,41545545.1900,3,2.738000,1,2.381000,1
2021-08-31,sz.000606,2.1400,2.1800,2.1100,2.1600,2.1500,22101300,47316256.0000,3,3.125200,1,0.465100,1
2021-09-01,sz.000606,2.1600,2.2700,2.1500,2.2700,2.1600,49915862,112518371.6200,3,7.058200,1,5.092600,1
2021-09-02,sz.000606,2.2300,2.2400,2.1600,2.2100,2.2700,38260161,84056052.3700,3,5.410100,1,-2.643200,1
2021-09-03,sz.000606,2.2400,2.2700,2.2000,2.2300,2.2100,25811760,57592518.6300,3,3.649800,1,0.905000,1
2021-09-06,sz.000606,2.2200,2.2300,2.1700,2.1900,2.2300,20242102,44283058.3500,3,2.862300,1,-1.793700,1
2021-09-07,sz.000606,2.1800,2.2200,2.1800,2.1900,2.1900,15459300,33921303.0000,3,2.186000,1,0.000000,1
2021-09-08,sz.000606,2.1900,2.2400,2.1700,2.2300,2.1900,25136101,55614414.2000,3,3.554300,1,1.826500,1
2021-09-09,sz.000606,2.2200,2.2500,2.2100,2.2300,2.2300,17155900,38212712.0000,3,2.425900,1,0.000000,1
2021-09-10,sz.000606,2.2300,2.2300,2.1700,2.1800,2.2300,16297100,35814942.0000,3,2.304400,1,-2.242200,1
2021-09-13,sz.000606,2.1800,2.1900,2.1500,2.1800,2.1800,12469612,27019519.0300,3,1.763200,1,0.000000,1
2021-09-14,sz.000606,2.1800,2.1900,2.1000,2.1000,2.1800,18607003,39792955.3900,3,2.631100,1,-3.669700,1
2021-09-15,sz.000606,2.0900,2.1300,2.0900,2.1200,2.1000,9802102,20688114.2200,3,1.386000,1,0.952400,1
2021-09-16,sz.000606,2.1200,2.1300,2.0700,2.0700,2.1200,14607000,30567333.0000,3,2.065500,1,-2.358500,1
2021-09-17,sz.000606,2.0700,2.0800,2.0200,2.0400,2.0700,13112303,26824988.0600,3,1.854100,1,-1.449300,1
2021-09-22,sz.000606,2.0200,2.0700,2.0000,2.0400,2.0400,10892811,22127235.4400,3,1.540300,1,0.000000,1
2021-09-23,sz.000606,2.1000,2.1400,2.1000,2.1400,2.0400,14182600,30306435.0000,3,2.005500,1,4.902000,1
2021-09-24,sz.000606,2.1300,2.1600,2.0800,2.0900,2.1400,20143601,42615322.0800,3,2.848400,1,-2.336400,1
2021-09-27,sz.000606,2.0800,2.0800,1.9900,2.0100,2.0900,16397600,33155620.0000,3,2.318700,1,-3.827800,1
2021-09-28,sz.000606,2.0000,2.0300,1.9900,2.0300,2.0100,6108600,12321477.0000,3,0.863800,1,0.995000,1
2021-09-29,sz.000606,2.0200,2.0200,1.9800,1.9800,2.0300,8174800,16341175.0000,3,1.155900,1,-2.463100,1
2021-09-30,sz.000606,1.9900,2.0400,1.9900,2.0400,1.9800,6385500,12840212.0000,3,0.902900,1,3.030300,1
2021-10-08,sz.000606,2.0400,2.0900,2.0300,2.0800,2.0400,10459800,21607962.0000,3,1.479000,1,1.960800,1
2021-10-11,sz.000606,2.0800,2.1500,2.0700,2.1100,2.0800,14674300,30848169.0000,3,2.075000,1,1.442300,1
2021-10-12,sz.000606,2.1000,2.1200,2.0500,2.0700,2.1100,9235100,19226871.0000,3,1.305900,1,-1.895700,1
2021-10-13,sz.000606,2.0700,2.1100,2.0600,2.0900,2.0700,8306926,17335983.3400,3,1.174600,1,0.966200,1
2021-10-14,sz.000606,2.0900,2.1100,2.0700,2.0800,2.0900,6451400,13476070.0000,3,0.912200,1,-0.478500,1
2021-10-15,sz.000606,2.0800,2.1000,2.0600,2.0600,2.0800,7782100,16216119.0000,3,1.100400,1,-0.961500,1
2021-10-18,sz.000606,2.0800,2.0800,2.0100,2.0300,2.0600,10094600,20493323.0000,3,1.427400,1,-1.456300,1
2021-10-19,sz.000606,2.0300,2.0500,2.0200,2.0200,2.0300,4528800,9205440.0000,3,0.640400,1,-0.492600,1
2021-10-20,sz.000606,2.0200,2.1200,2.0200,2.0900,2.0200,25218850,52787256.5000,3,3.566000,1,3.465300,1
2021-10-21,sz.000606,2.0700,2.0800,2.0300,2.0300,2.0900,15514101,31829646.0400,3,2.193700,1,-2.870800,1
2021-10-22,sz.000606,2.0200,2.0600,2.0200,2.0200,2.0300,7798000,15879628.0000,3,1.102700,1,-0.492600,1
2021-10-25,sz.000606,2.0200,2.0600,2.0200,2.0400,2.0200,6414800,13081523.0000,3,0.907100,1,0.990100,1
2021-10-26,sz.000606,2.0300,2.0400,2.0000,2.0000,2.0400,8337101,16823865.0100,3,1.178900,1,-1.960800,1
2021-10-27,sz.000606,2.0100,2.0100,1.9000,1.9000,2.0000,19373201,37163307.9200,3,2.739400,1,-5.000000,1
2021-10-28,sz.000606,1.8800,1.9000,1.8400,1.8600,1.9000,9325901,17389824.8600,3,1.318700,1,-2.105300,1
2021-10-29,sz.000606,1.8600,1.9100,1.8500,1.8900,1.8600,7118000,13403430.0000,3,1.006500,1,1.612900,1
2021-11-01,sz.000606,1.9000,1.9100,1.8800,1.9000,1.8900,5835900,11065411.0000,3,0.825200,1,0.529100,1
2021-11-02,sz.000606,1.8900,1.9100,1.8400,1.8500,1.9000,7659501,14381984.8400,3,1.083100,1,-2.631600,1
2021-11-03,sz.000606,1.8500,1.8900,1.8500,1.8900,1.8500,5727505,10707442.3000,3,0.809900,1,2.162200,1
2021-11-04,sz.000606,1.8900,1.9300,1.8800,1.9200,1.8900,7171700,13698763.9800,3,1.014100,1,1.587300,1
2021-11-05,sz.000606,1.9100,1.9200,1.8900,1.9100,1.9200,5678000,10821582.0000,3,0.802900,1,-0.520800,1
2021-11-08,sz.000606,1.9100,1.9600,1.9000,1.9400,1.9100,7146573,13817655.6200,3,1.010500,1,1.570700,1
2021-11-09,sz.000606,1.9400,1.9900,1.9300,1.9600,1.9400,10437101,20484849.9500,3,1.475800,1,1.030900,1
2021-11-10,sz.000606,1.9500,2.0600,1.9500,2.0200,1.9600,19204701,38677861.0200,3,2.715600,1,3.061200,1
2021-11-11,sz.000606,2.0000,2.0200,1.9800,2.0100,2.0200,12568873,25148009.2700,3,1.777300,1,-0.495000,1
2021-11-12,sz.000606,2.0100,2.0400,1.9900,2.0000,2.0100,7577300,15251741.0000,3,1.071400,1,-0.497500,1
2021-11-15,sz.000606,2.0000,2.0100,1.9600,1.9900,2.0000,10248900,20334451.0000,3,1.449200,1,-0.500000,1
2021-11-16,sz.000606,2.0000,2.0100,1.9800,2.0000,1.9900,8120300,16232261.3500,3,1.148200,1,0.502500,1
2021-11-17,sz.000606,2.0100,2.0100,1.9800,2.0000,2.0000,8547952,17060150.4800,3,1.208700,1,0.000000,1
2021-11-18,sz.000606,1.9900,2.0100,1.9900,2.0000,2.0000,9440400,18860761.0000,3,1.334900,1,0.000000,1
2021-11-19,sz.000606,2.0000,2.0200,1.9900,2.0100,2.0000,9546238,19147552.0000,3,1.349900,1,0.500000,1
2021-11-22,sz.000606,2.0000,2.0000,1.9700,1.9800,2.0100,10595300,21007058.0000,3,1.498200,1,-1.492500,1
2021-11-23,sz.000606,1.9800,2.0000,1.9600,1.9900,1.9800,7327950,14520744.0000,3,1.036200,1,0.505100,1
2021-11-24,sz.000606,1.9900,2.0000,1.9700,1.9900,1.9900,5827900,11559153.0000,3,0.824100,1,0.000000,1
2021-11-25,sz.000606,1.9800,2.0500,1.9800,2.0200,1.9900,17911088,36020572.2800,3,2.532700,1,1.507500,1
2021-11-26,sz.000606,2.0100,2.0100,1.9700,1.9900,2.0200,11815600,23508470.0000,3,1.670800,1,-1.485100,1
2021-11-29,sz.000606,1.9700,2.0300,1.9500,2.0000,1.9900,10829400,21576078.0000,3,1.531300,1,0.502500,1
2021-11-30,sz.000606,2.0000,2.1000,2.0000,2.1000,2.0000,27557560,57334489.0000,3,3.896700,1,5.000000,1
2021-12-01,sz.000606,2.1600,2.2000,2.0800,2.1700,2.1000,38885411,82906814.5800,3,5.498500,1,3.333300,1
2021-12-02,sz.000606,2.1400,2.2100,2.1200,2.1400,2.1700,26198051,56863888.1800,3,3.704500,1,-1.382500,1
2021-12-03,sz.000606,2.1300,2.2300,2.1200,2.1600,2.1400,24620101,53439802.1700,3,3.481300,1,0.934600,1
2021-12-06,sz.000606,2.1200,2.2700,2.1100,2.2400,2.1600,41966400,93023613.0000,3,5.934100,1,3.703700,1
2021-12-07,sz.000606,2.2200,2.3500,2.2100,2.3500,2.2400,54495243,124909997.0500,3,7.705800,1,4.910700,1
2021-12-08,sz.000606,2.3400,2.3400,2.2300,2.2300,2.3500,42865851,96883922.2400,3,6.061300,1,-5.106400,1
2021-12-09,sz.000606,2.1800,2.1800,2.1200,2.1200,2.2300,25762700,55053407.9900,3,3.642900,1,-4.932700,1
2021-12-10,sz.000606,2.1200,2.1800,2.1200,2.1400,2.1200,23108923,49571289.2900,3,3.267700,1,0.943400,1
2021-12-13,sz.000606,2.1300,2.1300,2.0400,2.0800,2.1400,20074900,41796756.0000,3,2.838600,1,-2.803700,1
2021-12-14,sz.000606,2.0700,2.1300,2.0600,2.1000,2.0800,12289253,25808130.3000,3,1.737700,1,0.961500,1
2021-12-15,sz.000606,2.1000,2.1200,2.0800,2.1000,2.1000,11377283,23919731.5300,3,1.608800,1,0.000000,1
2021-12-16,sz.000606,2.1000,2.1600,2.0900,2.1300,2.1000,17107144,36320186.2700,3,2.419000,1,1.428600,1
2021-12-17,sz.000606,2.1300,2.1300,2.0900,2.1000,2.1300,13180500,27744024.0000,3,1.863800,1,-1.408500,1
2021-12-20,sz.000606,2.0900,2.1000,2.0600,2.0700,2.1000,13143800,27337446.0000,3,1.858600,1,-1.428600,1
2021-12-21,sz.000606,2.0800,2.1400,2.0700,2.1300,2.0700,14842600,31395813.0000,3,2.098800,1,2.898600,1
2021-12-22,sz.000606,2.1200,2.1500,2.1000,2.1500,2.1300,14758407,31481794.8400,3,2.086900,1,0.939000,1
2021-12-23,sz.000606,2.1400,2.1500,2.1100,2.1100,2.1500,9939600,21113590.0000,3,1.405500,1,-1.860500,1
2021-12-24,sz.000606,2.1100,2.1200,2.0700,2.0700,2.1100,9700800,20283991.0000,3,1.371700,1,-1.895700,1
2021-12-27,sz.000606,2.0600,2.1000,2.0600,2.0800,2.0700,5612600,11685095.0000,3,0.793600,1,0.483100,1
2021-12-28,sz.000606,2.0800,2.1000,2.0700,2.0700,2.0800,7402700,15415027.0000,3,1.046800,1,-0.480800,1
2021-12-29,sz.000606,2.0800,2.0800,2.0600,2.0700,2.0700,6174810,12768695.6000,3,0.873100,1,0.000000,1
2021-12-30,sz.000606,2.0700,2.0900,2.0600,2.0700,2.0700,6898300,14327011.0000,3,0.975400,1,0.000000,1
2021-12-31,sz.000606,2.0800,2.0900,2.0600,2.0800,2.0700,6826860,14174268.6000,3,0.965300,1,0.483100,1
2022-01-04,sz.000606,2.0800,2.1200,2.0700,2.1100,2.0800,12716201,26692276.0900,3,1.798100,1,1.442300,1
2022-01-05,sz.000606,2.1100,2.1700,2.1000,2.1600,2.1100,17226208,36704693.0500,3,2.435800,1,2.369700,1
2022-01-06,sz.000606,2.1500,2.1800,2.1300,2.1500,2.1600,14436800,31090221.0000,3,2.041400,1,-0.463000,1
2022-01-07,sz.000606,2.1600,2.1800,2.1200,2.1400,2.1500,12920118,27763454.1600,3,1.826900,1,-0.465100,1
2022-01-10,sz.000606,2.1300,2.1500,2.1100,2.1400,2.1400,7707700,16418632.0000,3,1.089900,1,0.000000,1
2022-01-11,sz.000606,2.1400,2.2100,2.1300,2.1700,2.1400,16622918,36150387.0600,3,2.350500,1,1.401900,1
2022-01-12,sz.000606,2.1700,2.1900,2.1400,2.1600,2.1700,11792911,25459500.6500,3,1.667500,1,-0.460800,1
2022-01-13,sz.000606,2.1600,2.1800,2.1300,2.1400,2.1600,11298056,24265670.8400,3,1.597600,1,-0.925900,1
2022-01-14,sz.000606,2.1300,2.1400,2.0400,2.0500,2.1400,14328114,30079361.7000,3,2.026000,1,-4.205600,1
2022-01-17,sz.000606,2.0500,2.0800,2.0300,2.0700,2.0500,11415900,23501973.4400,3,1.614200,1,0.975600,1
2022-01-18,sz.000606,2.0600,2.0700,2.0300,2.0400,2.0700,9905064,20274881.5600,3,1.400600,1,-1.449300,1
2022-01-19,sz.000606,2.0300,2.0500,2.0100,2.0300,2.0400,7649208,15548305.0400,3,1.081600,1,-0.490200,1
2022-01-20,sz.000606,2.0300,2.0300,1.9700,1.9700,2.0300,9246418,18473151.4600,3,1.307500,1,-2.955700,1
2022-01-21,sz.000606,1.9600,1.9800,1.9200,1.9500,1.9700,8408604,16391532.7200,3,1.189000,1,-1.015200,1
2022-01-24,sz.000606,1.9400,1.9800,1.9400,1.9600,1.9500,4954263,9721232.5400,3,0.700500,1,0.512800,1
2022-01-25,sz.000606,1.9500,1.9600,1.8700,1.8800,1.9600,10680253,20421638.1200,3,1.510200,1,-4.081600,1
2022-01-26,sz.000606,1.8800,1.9200,1.8800,1.9200,1.8800,6362100,12067188.0000,3,0.899600,1,2.127700,1
2022-01-27,sz.000606,1.9100,1.9100,1.8600,1.8600,1.9200,6398900,12024013.0000,3,0.904800,1,-3.125000,1
2022-01-28,sz.000606,1.8500,1.9400,1.8500,1.9200,1.8600,5193851,9883970.4000,3,0.734400,1,3.225800,1
2022-02-07,sz.000606,1.8200,1.8200,1.8200,1.8200,1.9200,2931000,5334420.0000,3,0.414500,1,-5.208300,1
2022-02-08,sz.000606,1.7300,1.7300,1.7300,1.7300,1.8200,2932400,5073052.0000,3,0.414600,1,-4.945100,1
2022-02-09,sz.000606,1.7300,1.8100,1.7300,1.7900,1.7300,21330681,37644369.6200,3,3.016200,1,3.468200,1
2022-02-10,sz.000606,1.7600,1.7800,1.7500,1.7700,1.7900,10372874,18311520.0800,3,1.466700,1,-1.117300,1
2022-02-11,sz.000606,1.7700,1.7700,1.7000,1.7100,1.7700,10587569,18294503.3000,3,1.497100,1,-3.389800,1
2022-02-14,sz.000606,1.7200,1.7500,1.7200,1.7300,1.7100,7464488,12942735.0500,3,1.055500,1,1.169600,1
2022-02-15,sz.000606,1.7300,1.7400,1.7100,1.7200,1.7300,5476500,9433799.5000,3,0.774400,1,-0.578000,1
2022-02-16,sz.000606,1.7300,1.7700,1.7200,1.7400,1.7200,7438412,12989298.9000,3,1.051800,1,1.162800,1
2022-02-17,sz.000606,1.7400,1.7800,1.7400,1.7700,1.7400,7045264,12378467.6200,3,0.996200,1,1.724100,1
2022-02-18,sz.000606,1.7600,1.8100,1.7400,1.7800,1.7700,9396063,16757789.1500,3,1.328600,1,0.565000,1
2022-02-21,sz.000606,1.7800,1.8100,1.7700,1.7900,1.7800,10308202,18473408.5800,3,1.457600,1,0.561800,1
2022-02-22,sz.000606,1.7800,1.7900,1.7500,1.7600,1.7900,7209300,12741635.0000,3,1.019400,1,-1.676000,1
2022-02-23,sz.000606,1.7700,1.7800,1.7500,1.7800,1.7600,6544760,11563131.6100,3,0.925400,1,1.136400,1
2022-02-24,sz.000606,1.7700,1.7800,1.7000,1.7300,1.7800,13330164,23172341.4100,3,1.884900,1,-2.809000,1
2022-02-25,sz.000606,1.7300,1.7500,1.7200,1.7300,1.7300,6605350,11454131.5000,3,0.934000,1,0.000000,1
2022-02-28,sz.000606,1.7300,1.7400,1.7100,1.7300,1.7300,6146262,10603606.0000,3,0.869100,1,0.000000,1
2022-03-01,sz.000606,1.8200,1.8200,1.8200,1.8200,1.7300,3626101,6599503.0000,3,0.512700,1,5.202300,1
2022-03-02,sz.000606,1.8500,1.9100,1.8300,1.8500,1.8200,24805013,46234261.0000,3,3.507500,1,1.648400,1
2022-03-03,sz.000606,1.8300,1.8400,1.8100,1.8200,1.8500,13054603,23797987.0000,3,1.846000,1,-1.621600,1
2022-03-04,sz.000606,1.8200,1.8200,1.7600,1.7800,1.8200,8799300,15801755.0000,3,1.244200,1,-2.197800,1
2022-03-07,sz.000606,1.7800,1.7800,1.7400,1.7700,1.7800,7633900,13464324.0000,3,1.079500,1,-0.561800,1
2022-03-08,sz.000606,1.7700,1.8100,1.7500,1.7600,1.7700,10005800,17797969.0000,3,1.414800,1,-0.565000,1
2022-03-09,sz.000606,1.7200,1.7300,1.6700,1.6700,1.7600,13473380,22616059.0000,3,1.905200,1,-5.113600,1
2022-03-10,sz.000606,1.6900,1.7000,1.6400,1.6500,1.6700,13497558,22523034.0000,3,1.908600,1,-1.197600,1
2022-03-11,sz.000606,1.6300,1.6400,1.5700,1.6100,1.6500,18757658,29726397.0000,3,2.652400,1,-2.424200,1
2022-03-14,sz.000606,1.5800,1.6100,1.5600,1.5600,1.6100,9619950,15220328.0000,3,1.360300,1,-3.105600,1
2022-03-15,sz.000606,1.5600,1.5900,1.4800,1.4900,1.5600,12211601,18799283.0000,3,1.726700,1,-4.487200,1
2022-03-16,sz.000606,1.5200,1.5500,1.4700,1.5400,1.4900,10422001,15717081.0000,3,1.473700,1,3.355700,1
2022-03-17,sz.000606,1.5400,1.5900,1.5300,1.5600,1.5400,9482600,14806156.0000,3,1.340900,1,1.298700,1
2022-03-18,sz.000606,1.5400,1.5900,1.5400,1.5700,1.5600,8196201,12848289.5800,3,1.159000,1,0.641000,1
2022-03-21,sz.000606,1.5600,1.5900,1.5600,1.5800,1.5700,7316200,11512713.0000,3,1.034500,1,0.636900,1
2022-03-22,sz.000606,1.5700,1.6000,1.5600,1.5900,1.5800,5662269,8942951.1400,3,0.800700,1,0.632900,1
2022-03-23,sz.000606,1.5900,1.6200,1.5800,1.6100,1.5900,6294500,10073818.0000,3,0.890100,1,1.257900,1
2022-03-24,sz.000606,1.6100,1.6100,1.5300,1.5300,1.6100,9582900,14894911.0000,3,1.355000,1,-4.968900,1
2022-03-25,sz.000606,1.5200,1.5300,1.4800,1.4900,1.5300,11325000,16986633.0000,3,1.601400,1,-2.614400,1
2022-03-28,sz.000606,1.4900,1.4900,1.4400,1.4700,1.4900,6767000,9933795.0000,3,0.956900,1,-1.342300,1
2022-03-29,sz.000606,1.4800,1.5100,1.4700,1.4700,1.4700,7599700,11312665.0000,3,1.074600,1,0.000000,1
2022-03-30,sz.000606,1.4700,1.4800,1.4300,1.4700,1.4700,7845004,11433810.8400,3,1.109300,1,0.000000,1
2022-03-31,sz.000606,1.4600,1.4900,1.4400,1.4600,1.4700,9485407,13846214.2200,3,1.341300,1,-0.680300,1
2022-04-01,sz.000606,1.4500,1.4900,1.4300,1.4700,1.4600,5614501,8189935.9400,3,0.793900,1,0.684900,1
2022-04-06,sz.000606,1.4700,1.5300,1.4600,1.5100,1.4700,6489180,9771593.2000,3,0.917600,1,2.721100,1
2022-04-07,sz.000606,1.5100,1.5400,1.5000,1.5100,1.5100,6641713,10049525.6300,3,0.939200,1,0.000000,1
2022-04-08,sz.000606,1.5000,1.5000,1.4700,1.4800,1.5100,4888813,7257182.2400,3,0.691300,1,-1.986800,1
2022-04-11,sz.000606,1.4800,1.4800,1.4100,1.4200,1.4800,8329202,11987269.8400,3,1.177800,1,-4.054100,1
2022-04-12,sz.000606,1.4100,1.4500,1.4000,1.4300,1.4200,5733401,8141828.4300,3,0.810700,1,0.704200,1
2022-04-13,sz.000606,1.4300,1.4400,1.4100,1.4100,1.4300,4213600,5981512.0000,3,0.595800,1,-1.398600,1
2022-04-14,sz.000606,1.4100,1.4300,1.4000,1.4200,1.4100,4902000,6958879.0000,3,0.693200,1,0.709200,1
2022-04-15,sz.000606,1.4100,1.4200,1.3500,1.3600,1.4200,9072600,12416753.0000,3,1.282900,1,-4.225400,1
2022-04-18,sz.000606,1.3400,1.3400,1.3000,1.3100,1.3600,8550000,11234161.0000,3,1.209000,1,-3.676500,1
2022-04-19,sz.000606,1.3000,1.3400,1.2800,1.3100,1.3100,7146593,9390032.0300,3,1.010500,1,0.000000,1
2022-04-20,sz.000606,1.3200,1.3300,1.2800,1.2900,1.3100,7506400,9795022.0000,3,1.061400,1,-1.526700,1
2022-04-21,sz.000606,1.2800,1.3000,1.2300,1.2400,1.2900,10047500,12677275.0000,3,1.420700,1,-3.876000,1
2022-04-22,sz.000606,1.2200,1.3000,1.1900,1.3000,1.2400,16254232,20635907.6000,3,2.298400,1,4.838700,1
2022-04-25,sz.000606,1.2900,1.3000,1.2400,1.2400,1.3000,9382846,11773302.9600,3,1.326800,1,-4.615400,1
2022-04-26,sz.000606,1.2100,1.2300,1.1800,1.1800,1.2400,9899500,11900924.0000,3,1.399800,1,-4.838700,1
2022-04-27,sz.000606,1.1300,1.1400,1.1200,1.1200,1.1800,15254815,17134055.7900,3,2.157100,1,-5.084700,1
2022-04-28,sz.000606,1.1200,1.1700,1.1000,1.1300,1.1200,12682526,14450940.3800,3,1.793300,1,0.892900,1
2022-04-29,sz.000606,1.1200,1.1900,1.1100,1.1800,1.1300,12303717,14334935.5800,3,1.739800,1,4.424800,1
2022-05-05,sz.000606,1.1800,1.1800,1.1800,1.1800,1.1800,,,3,,0,,1
2022-05-06,sz.000606,1.1600,1.2400,1.1600,1.2400,1.1800,19927657,24115306.1400,3,2.817800,1,5.084700,1
2022-05-09,sz.000606,1.2700,1.3000,1.2300,1.2600,1.2400,19155493,24469365.9000,3,2.708600,1,1.612900,1
2022-05-10,sz.000606,1.2500,1.2900,1.2300,1.2600,1.2600,14492406,18272317.4500,3,2.049300,1,0.000000,1
2022-05-11,sz.000606,1.2600,1.3100,1.2500,1.2700,1.2600,12027920,15432924.5300,3,1.700800,1,0.793700,1
2022-05-12,sz.000606,1.2600,1.2800,1.2500,1.2700,1.2700,5844000,7394363.0000,3,0.826400,1,0.000000,1
2022-05-13,sz.000606,1.2700,1.2800,1.2300,1.2800,1.2700,7783800,9789278.0000,3,1.100600,1,0.787400,1
2022-05-16,sz.000606,1.2900,1.3300,1.2600,1.3200,1.2800,10162842,13189215.8600,3,1.437100,1,3.125000,1
2022-05-17,sz.000606,1.3200,1.3400,1.3000,1.3300,1.3200,7258900,9615947.0000,3,1.026400,1,0.757600,1
2022-05-18,sz.000606,1.3400,1.3600,1.3300,1.3600,1.3300,6549134,8834367.9000,3,0.926100,1,2.255600,1
2022-05-19,sz.000606,1.3500,1.4200,1.3400,1.4000,1.3600,8550100,11896202.0000,3,1.209000,1,2.941200,1
2022-05-20,sz.000606,1.4100,1.4200,1.3700,1.3900,1.4000,9081800,12646664.0000,3,1.284200,1,-0.714300,1
2022-05-23,sz.000606,1.4000,1.4400,1.3900,1.4400,1.3900,8068601,11420418.4100,3,1.140900,1,3.597100,1
2022-05-24,sz.000606,1.4300,1.4500,1.3700,1.3700,1.4400,7843400,10976444.0000,3,1.109100,1,-4.861100,1
2022-05-25,sz.000606,1.3500,1.4300,1.3500,1.4200,1.3700,5978993,8357645.4800,3,0.845400,1,3.649600,1
2022-05-26,sz.000606,1.4200,1.4900,1.4200,1.4900,1.4200,7609396,11255465.2800,3,1.076000,1,4.929600,1
2022-05-27,sz.000606,1.5200,1.5600,1.4400,1.4800,1.4900,13442805,20200336.4800,3,1.900800,1,-0.671100,1
2022-05-30,sz.000606,1.4800,1.5500,1.4800,1.5200,1.4800,7281000,11038383.0000,3,1.029600,1,2.702700,1
2022-05-31,sz.000606,1.5300,1.5300,1.4400,1.4500,1.5200,5424403,7927392.3200,3,0.767000,1,-4.605300,1
2022-06-01,sz.000606,1.4500,1.4800,1.4100,1.4200,1.4500,4650300,6704551.0000,3,0.657600,1,-2.069000,1
2022-06-02,sz.000606,1.4200,1.4300,1.3800,1.4000,1.4200,6945660,9715089.6000,3,0.982100,1,-1.408500,1
2022-06-06,sz.000606,1.3900,1.4300,1.3900,1.4000,1.4000,5864402,8251441.7800,3,0.829200,1,0.000000,1
2022-06-07,sz.000606,1.4000,1.4200,1.3900,1.4000,1.4000,4131221,5774318.1900,3,0.584200,1,0.000000,1
2022-06-08,sz.000606,1.3900,1.4200,1.3700,1.3900,1.4000,7610200,10574473.0000,3,1.076100,1,-0.714300,1
2022-06-09,sz.000606,1.3900,1.4000,1.3300,1.3500,1.3900,7213100,9777760.0000,3,1.019900,1,-2.877700,1
2022-06-10,sz.000606,1.3400,1.3800,1.3400,1.3800,1.3500,4185601,5722340.3700,3,0.591900,1,2.222200,1
2022-06-13,sz.000606,1.3700,1.4000,1.3500,1.3700,1.3800,3648400,4992372.0000,3,0.515900,1,-0.724600,1
2022-06-14,sz.000606,1.3500,1.3600,1.3000,1.3200,1.3700,10719900,14072583.0000,3,1.515800,1,-3.649600,1
2022-06-15,sz.000606,1.3100,1.3400,1.3100,1.3200,1.3200,4404899,5818155.6800,3,0.622900,1,0.000000,1
2022-06-16,sz.000606,1.3100,1.3300,1.3000,1.3100,1.3200,3216000,4223437.0000,3,0.454800,1,-0.757600,1
2022-06-17,sz.000606,1.3000,1.3600,1.3000,1.3300,1.3100,6254899,8289986.6800,3,0.884500,1,1.526700,1
2022-06-20,sz.000606,1.3300,1.3400,1.3200,1.3200,1.3300,3002200,3976682.0000,3,0.424500,1,-0.751900,1
2022-06-21,sz.000606,1.3200,1.3400,1.3100,1.3200,1.3200,3400907,4505723.3100,3,0.480900,1,0.000000,1
2022-06-22,sz.000606,1.3200,1.3300,1.3100,1.3200,1.3200,2235000,2952129.0000,3,0.316000,1,0.000000,1
2022-06-23,sz.000606,1.3200,1.3200,1.2600,1.3000,1.3200,3525701,4559478.2900,3,0.498500,1,-1.515200,1
2022-06-24,sz.000606,1.2900,1.3000,1.2800,1.2900,1.3000,2152955,2781800.9500,3,0.304400,1,-0.769200,1
2022-06-27,sz.000606,1.2900,1.3000,1.2700,1.2800,1.2900,2827500,3635489.0000,3,0.399800,1,-0.775200,1
2022-06-28,sz.000606,1.2900,1.3300,1.2800,1.3100,1.2800,4567403,5960920.3900,3,0.645800,1,2.343800,1
2022-06-29,sz.000606,1.3000,1.3200,1.2900,1.3000,1.3100,2737151,3563231.3000,3,0.387000,1,-0.763400,1
2022-06-30,sz.000606,1.3100,1.3100,1.2800,1.2900,1.3000,3657801,4703695.2900,3,0.517200,1,-0.769200,1
2022-07-01,sz.000606,1.2800,1.2900,1.2600,1.2800,1.2900,4335003,5485742.8000,3,0.613000,1,-0.775200,1
2022-07-04,sz.000606,1.2700,1.2800,1.2500,1.2600,1.2800,3034500,3827983.0000,3,0.429100,1,-1.562500,1
2022-07-05,sz.000606,1.2600,1.2700,1.2400,1.2600,1.2600,3147203,3949023.7500,3,0.445000,1,0.000000,1
2022-07-06,sz.000606,1.2600,1.2800,1.2400,1.2600,1.2600,4235700,5345501.0000,3,0.598900,1,0.000000,1
2022-07-07,sz.000606,1.2600,1.3200,1.2600,1.3200,1.2600,3336850,4371435.0000,3,0.471800,1,4.761900,1
2022-07-08,sz.000606,1.3900,1.3900,1.3200,1.3400,1.3200,14380000,19631841.0000,3,2.033400,1,1.515200,1
2022-07-11,sz.000606,1.3300,1.3900,1.3200,1.3800,1.3400,6641901,9059031.3700,3,0.939200,1,2.985100,1
2022-07-12,sz.000606,1.3700,1.4100,1.3600,1.3700,1.3800,4013502,5553577.7400,3,0.567500,1,-0.724600,1
2022-07-13,sz.000606,1.3600,1.4400,1.3600,1.4400,1.3700,12118659,17286275.4200,3,1.713600,1,5.109500,1
2022-07-14,sz.000606,1.4300,1.4300,1.4000,1.4200,1.4400,9200500,13014498.0000,3,1.301000,1,-1.388900,1
2022-07-15,sz.000606,1.3900,1.4000,1.3500,1.3500,1.4200,8940705,12148071.7500,3,1.264200,1,-4.929600,1
2022-07-18,sz.000606,1.3300,1.3800,1.3300,1.3500,1.3500,5329600,7232562.0000,3,0.753600,1,0.000000,1
2022-07-19,sz.000606,1.3400,1.4000,1.3400,1.3900,1.3500,5041600,6906759.0000,3,0.712900,1,2.963000,1
2022-07-20,sz.000606,1.3800,1.4300,1.3700,1.4200,1.3900,6944118,9722577.3600,3,0.981900,1,2.158300,1
2022-07-21,sz.000606,1.4200,1.4700,1.4000,1.4400,1.4200,8411567,12109485.5800,3,1.189400,1,1.408500,1
2022-07-22,sz.000606,1.4300,1.4400,1.4000,1.4300,1.4400,6214928,8828530.7100,3,0.878800,1,-0.694400,1
2022-07-25,sz.000606,1.4300,1.5000,1.4100,1.5000,1.4300,11938306,17627622.8000,3,1.688100,1,4.895100,1
2022-07-26,sz.000606,1.5100,1.5800,1.5100,1.5800,1.5000,12505573,19556056.2800,3,1.768300,1,5.333300,1
2022-07-27,sz.000606,1.6500,1.6600,1.5200,1.5800,1.5800,25850485,41351966.7000,3,3.655300,1,0.000000,1
2022-07-28,sz.000606,1.5400,1.6200,1.5000,1.5900,1.5800,16505260,25694246.4200,3,2.333900,1,0.632900,1
2022-07-29,sz.000606,1.5700,1.5900,1.5400,1.5400,1.5900,8539002,13342254.1400,3,1.207400,1,-3.144700,1
2022-08-01,sz.000606,1.5700,1.5900,1.5400,1.5700,1.5400,4895900,7635223.0000,3,0.692300,1,1.948100,1
2022-08-02,sz.000606,1.5600,1.5600,1.4900,1.4900,1.5700,8604200,12926323.0000,3,1.216700,1,-5.095500,1
2022-08-03,sz.000606,1.5600,1.5600,1.5600,1.5600,1.4900,2627332,4098637.9200,3,0.371500,1,4.698000,1
2022-08-04,sz.000606,1.6400,1.6400,1.6400,1.6400,1.5600,1303962,2138497.6800,3,0.184400,1,5.128200,1
2022-08-05,sz.000606,1.7200,1.7200,1.7200,1.7200,1.6400,5976530,10279631.6000,3,0.845100,1,4.878000,1
2022-08-08,sz.000606,1.7200,1.8100,1.6800,1.8100,1.7200,44343483,78919258.2200,3,6.270300,1,5.232600,1
2022-08-09,sz.000606,1.9000,1.9000,1.9000,1.9000,1.8100,3250517,6175982.3000,3,0.459600,1,4.972400,1
2022-08-10,sz.000606,2.0000,2.0000,2.0000,2.0000,1.9000,3581179,7162358.0000,3,0.506400,1,5.263200,1
2022-08-11,sz.000606,2.1000,2.1000,2.0100,2.1000,2.0000,30672110,64169266.3200,3,4.337100,1,5.000000,1
2022-08-12,sz.000606,2.1700,2.2000,2.0000,2.0800,2.1000,68114759,143620347.1600,3,9.631600,1,-0.952400,1
2022-08-15,sz.000606,2.1000,2.1800,2.0300,2.1800,2.0800,36407068,77802945.0400,3,5.148000,1,4.807700,1
2022-08-16,sz.000606,2.2200,2.2900,2.1300,2.2900,2.1800,42746903,95506703.3700,3,6.044500,1,5.045900,1
2022-08-17,sz.000606,2.3800,2.4000,2.3300,2.4000,2.2900,12791107,30514732.6200,3,1.808700,1,4.803500,1
2022-08-18,sz.000606,2.5200,2.5200,2.2800,2.2800,2.4000,69553508,169420282.4900,3,9.835000,1,-5.000000,1
2022-08-19,sz.000606,2.3900,2.3900,2.3200,2.3900,2.2800,26296740,62692530.5300,3,3.718400,1,4.824600,1
2022-08-22,sz.000606,2.4200,2.5100,2.3600,2.5000,2.3900,60124639,147676175.1600,3,8.501800,1,4.602500,1
2022-08-23,sz.000606,2.4400,2.5000,2.3800,2.3800,2.5000,40690910,98198913.1600,3,5.753800,1,-4.800000,1
2022-08-24,sz.000606,2.4100,2.4900,2.2600,2.4600,2.3800,34567305,82295127.1100,3,4.887900,1,3.361300,1
2022-08-25,sz.000606,2.5000,2.5800,2.4300,2.5800,2.4600,26832844,67495769.6700,3,3.794200,1,4.878000,1
2022-08-26,sz.000606,2.5900,2.7100,2.4900,2.6400,2.5800,37634031,97948133.7500,3,5.321500,1,2.325600,1
2022-08-29,sz.000606,2.6000,2.7700,2.5600,2.7400,2.6400,31718401,84640737.6800,3,4.485100,1,3.787900,1
2022-08-30,sz.000606,2.6800,2.7700,2.6000,2.6000,2.7400,34688004,92589453.3900,3,4.905000,1,-5.109500,1
2022-08-31,sz.000606,2.4700,2.4700,2.4700,2.4700,2.6000,4749600,11731512.0000,3,0.620200,1,-5.000000,1
2022-09-01,sz.000606,2.3500,2.5800,2.3500,2.3500,2.4700,54806711,131120473.5900,3,7.156800,1,-4.858300,1
2022-09-02,sz.000606,2.2300,2.2600,2.2300,2.2300,2.3500,23078600,51530081.0000,3,3.013700,1,-5.106400,1
2022-09-05,sz.000606,2.3400,2.3400,2.1200,2.2100,2.2300,40367744,90659396.7000,3,5.271300,1,-0.896900,1
2022-09-06,sz.000606,2.1500,2.2800,2.1200,2.2400,2.2100,28044073,61652873.9900,3,3.662100,1,1.357500,1
2022-09-07,sz.000606,2.2100,2.2300,2.1300,2.1300,2.2400,29673244,63663237.1600,3,3.874800,1,-4.910700,1
2022-09-08,sz.000606,2.0700,2.1600,2.0400,2.1500,2.1300,23439577,49275815.9900,3,3.060800,1,0.939000,1
2022-09-09,sz.000606,2.1300,2.2300,2.1000,2.1800,2.1500,26232746,56768481.6600,3,3.425500,1,1.395300,1
2022-09-13,sz.000606,2.1600,2.2500,2.1100,2.2500,2.1800,25347848,55370014.6400,3,3.310000,1,3.211000,1
2022-09-14,sz.000606,2.1900,2.2100,2.1400,2.1500,2.2500,20638700,44675453.0000,3,2.695100,1,-4.444400,1
2022-09-15,sz.000606,2.1500,2.1900,2.1000,2.1600,2.1500,13268602,28510958.2900,3,1.732600,1,0.465100,1
2022-09-16,sz.000606,2.1000,2.1200,2.0500,2.0500,2.1600,18560700,38402097.0000,3,2.423700,1,-5.092600,1
2022-09-19,sz.000606,1.9800,2.0100,1.9500,1.9500,2.0500,13476143,26355149.8500,3,1.759700,1,-4.878000,1
2022-09-20,sz.000606,1.8800,1.9800,1.8800,1.9300,1.9500,15806353,30389728.6400,3,2.064000,1,-1.025600,1
2022-09-21,sz.000606,1.9100,1.9700,1.8800,1.9500,1.9300,13180954,25316201.1600,3,1.721200,1,1.036300,1
2022-09-22,sz.000606,1.9300,1.9600,1.9000,1.9000,1.9500,11411400,22019421.0000,3,1.490100,1,-2.564100,1
2022-09-23,sz.000606,1.9000,1.9100,1.8100,1.8100,1.9000,13196200,24246568.0000,3,1.723200,1,-4.736800,1
2022-09-26,sz.000606,1.7600,1.7800,1.7200,1.7200,1.8100,13050101,22534081.7400,3,1.704100,1,-4.972400,1
2022-09-27,sz.000606,1.6600,1.8000,1.6600,1.7400,1.7200,15047200,26010253.0000,3,1.964900,1,1.162800,1
2022-09-28,sz.000606,1.7400,1.7700,1.6500,1.6600,1.7400,15014000,25423881.0000,3,1.960600,1,-4.597700,1
2022-09-29,sz.000606,1.6700,1.7300,1.6300,1.6700,1.6600,11877000,19994072.0000,3,1.550900,1,0.602400,1
2022-09-30,sz.000606,1.6500,1.7500,1.6500,1.7500,1.6700,9778600,16876792.0000,3,1.276900,1,4.790400,1
2022-10-10,sz.000606,1.7700,1.8300,1.6600,1.6800,1.7500,12137802,21120203.4500,3,1.585000,1,-4.000000,1
2022-10-11,sz.000606,1.6300,1.6500,1.6000,1.6300,1.6800,10119101,16294537.6100,3,1.321400,1,-2.976200,1
2022-10-12,sz.000606,1.6200,1.7000,1.6100,1.6800,1.6300,5395401,8935781.6500,3,0.704500,1,3.067500,1
2022-10-13,sz.000606,1.6600,1.7500,1.6500,1.6900,1.6800,6220701,10600520.7300,3,0.812300,1,0.595200,1
2022-10-14,sz.000606,1.6900,1.7400,1.6800,1.7200,1.6900,4884700,8359942.0000,3,0.637900,1,1.775100,1
2022-10-17,sz.000606,1.7000,1.8100,1.7000,1.8100,1.7200,7622100,13493066.0000,3,0.995300,1,5.232600,1
2022-10-18,sz.000606,1.8200,1.8500,1.7900,1.8000,1.8100,8133500,14793084.0000,3,1.062100,1,-0.552500,1
2022-10-19,sz.000606,1.8000,1.8000,1.7200,1.7500,1.8000,6986700,12256253.0000,3,0.912300,1,-2.777800,1
2022-10-20,sz.000606,1.7400,1.7400,1.6700,1.7000,1.7500,5682300,9656864.0000,3,0.742000,1,-2.857100,1
2022-10-21,sz.000606,1.7100,1.7600,1.6900,1.7200,1.7000,4105900,7086344.0000,3,0.536200,1,1.176500,1
2022-10-24,sz.000606,1.7100,1.7500,1.6300,1.6300,1.7200,7379700,12502943.0000,3,0.963700,1,-5.232600,1
2022-10-25,sz.000606,1.6500,1.7100,1.6000,1.7100,1.6300,7904200,13102914.0000,3,1.032200,1,4.908000,1
2022-10-26,sz.000606,1.7200,1.7400,1.6900,1.7200,1.7100,5138200,8831633.0000,3,0.671000,1,0.584800,1
2022-10-27,sz.000606,1.7300,1.7500,1.6700,1.7200,1.7200,4360400,7457600.0000,3,0.569400,1,0.000000,1
2022-10-28,sz.000606,1.8100,1.8100,1.8100,1.8100,1.7200,8684400,15718764.0000,3,1.134000,1,5.232600,1
2022-10-31,sz.000606,1.8500,1.8500,1.7700,1.8200,1.8100,17889511,32391526.8000,3,2.336100,1,0.552500,1
2022-11-01,sz.000606,1.8000,1.8000,1.7300,1.7600,1.8200,12404601,21645189.7300,3,1.619800,1,-3.296700,1
2022-11-02,sz.000606,1.7300,1.8000,1.7300,1.7900,1.7600,8007000,14163682.0000,3,1.045600,1,1.704500,1
2022-11-03,sz.000606,1.7800,1.7800,1.7300,1.7600,1.7900,5870801,10301918.7600,3,0.766600,1,-1.676000,1
2022-11-04,sz.000606,1.7500,1.7900,1.7500,1.7600,1.7600,6941200,12242689.0000,3,0.906400,1,0.000000,1
2022-11-07,sz.000606,1.8500,1.8500,1.8500,1.8500,1.7600,4493700,8313345.0000,3,0.586800,1,5.113600,1
2022-11-08,sz.000606,1.9000,1.9400,1.8800,1.9400,1.8500,6444701,12324515.9400,3,0.841600,1,4.864900,1
2022-11-09,sz.000606,2.0400,2.0400,2.0400,2.0400,1.9400,3188000,6503520.0000,3,0.416300,1,5.154600,1
2022-11-10,sz.000606,2.0600,2.1400,2.0400,2.1400,2.0400,31716760,66439292.6100,3,4.141700,1,4.902000,1
2022-11-11,sz.000606,2.1200,2.2400,2.0600,2.1200,2.1400,27003303,57626763.3800,3,3.526200,1,-0.934600,1
2022-11-14,sz.000606,2.1300,2.1700,2.0300,2.1000,2.1200,16542614,34348782.5900,3,2.160200,1,-0.943400,1
2022-11-15,sz.000606,2.0900,2.2000,2.0700,2.1300,2.1000,11966200,25402316.0000,3,1.562600,1,1.428600,1
2022-11-16,sz.000606,2.1100,2.1200,2.0700,2.0800,2.1300,7972300,16660793.0000,3,1.041000,1,-2.347400,1
2022-11-17,sz.000606,2.0700,2.1300,2.0600,2.1300,2.0800,9208602,19322552.1400,3,1.202500,1,2.403800,1
2022-11-18,sz.000606,2.1600,2.1700,2.0900,2.1400,2.1300,8921251,19057596.0500,3,1.165000,1,0.469500,1
2022-11-21,sz.000606,2.1400,2.2400,2.1400,2.1700,2.1400,7794204,17009346.6500,3,1.017800,1,1.401900,1
2022-11-22,sz.000606,2.1500,2.1700,2.1200,2.1300,2.1700,7198147,15366002.6500,3,0.940000,1,-1.843300,1
2022-11-23,sz.000606,2.1100,2.1400,2.0800,2.0900,2.1300,5715000,12027995.4900,3,0.746300,1,-1.877900,1
2022-11-24,sz.000606,2.0900,2.1100,2.0700,2.0900,2.0900,5196600,10825549.0000,3,0.678600,1,0.000000,1
2022-11-25,sz.000606,2.1000,2.1600,2.0700,2.1600,2.0900,5377913,11365566.2700,3,0.702300,1,3.349300,1
2022-11-28,sz.000606,2.1700,2.2700,2.1400,2.2700,2.1600,11233900,25033441.0000,3,1.467000,1,5.092600,1
2022-11-29,sz.000606,2.3700,2.3800,2.2700,2.3000,2.2700,17786448,41494735.8700,3,2.322600,1,1.321600,1
2022-11-30,sz.000606,2.2600,2.3200,2.2600,2.2600,2.3000,9127700,20789145.0000,3,1.191900,1,-1.739100,1
2022-12-01,sz.000606,2.2800,2.3200,2.2600,2.2800,2.2600,5365802,12216009.5200,3,0.700700,1,0.885000,1
2022-12-02,sz.000606,2.2800,2.3800,2.2400,2.3500,2.2800,8425600,19503773.0000,3,1.100200,1,3.070200,1
2022-12-05,sz.000606,2.3500,2.3800,2.3200,2.3600,2.3500,5598500,13145336.0000,3,0.731100,1,0.425500,1
2022-12-06,sz.000606,2.3200,2.3600,2.3100,2.3400,2.3600,4896100,11415327.0000,3,0.639300,1,-0.847500,1
2022-12-07,sz.000606,2.4000,2.4600,2.3400,2.3400,2.3400,11511600,27492529.0000,3,1.503200,1,0.000000,1
2022-12-08,sz.000606,2.3000,2.3300,2.2200,2.2400,2.3400,17220022,38477213.3800,3,2.248600,1,-4.273500,1
2022-12-09,sz.000606,2.2700,2.3500,2.2400,2.3300,2.2400,13799173,31850867.2000,3,1.801900,1,4.017900,1
2022-12-12,sz.000606,2.3000,2.3300,2.2400,2.2500,2.3300,7820802,17739003.4800,3,1.021300,1,-3.433500,1
2022-12-13,sz.000606,2.2300,2.2600,2.1600,2.1800,2.2500,7147600,15802101.0000,3,0.933400,1,-3.111100,1
2022-12-14,sz.000606,2.1700,2.2400,2.1700,2.2000,2.1800,2587900,5715808.0000,3,0.337900,1,0.917400,1
2022-12-15,sz.000606,2.2000,2.2500,2.1800,2.2400,2.2000,2096000,4681264.9800,3,0.273700,1,1.818200,1
2022-12-16,sz.000606,2.2400,2.2800,2.2000,2.2200,2.2400,3556000,7937547.0000,3,0.464400,1,-0.892900,1
2022-12-19,sz.000606,2.1800,2.2400,2.1400,2.1400,2.2200,5193000,11283632.9600,3,0.678100,1,-3.603600,1
2022-12-20,sz.000606,2.1300,2.2300,2.1000,2.2100,2.1400,7176714,15548003.6600,3,0.937200,1,3.271000,1
2022-12-21,sz.000606,2.2300,2.2600,2.1800,2.1900,2.2100,2919800,6473852.0000,3,0.381300,1,-0.905000,1
2022-12-22,sz.000606,2.1800,2.2500,2.1800,2.1900,2.1900,3796802,8376421.3800,3,0.495800,1,0.000000,1
2022-12-23,sz.000606,2.1900,2.2300,2.1800,2.2200,2.1900,2775600,6128640.0000,3,0.362400,1,1.369900,1
2022-12-26,sz.000606,2.3300,2.3300,2.2200,2.2300,2.2200,13118400,30068277.0000,3,1.713000,1,0.450500,1
2022-12-27,sz.000606,2.2100,2.2100,2.1200,2.1200,2.2300,9141249,19464164.8800,3,1.193700,1,-4.932700,1
2022-12-28,sz.000606,2.1100,2.1100,2.0100,2.0100,2.1200,8915400,18046151.0000,3,1.164200,1,-5.188700,1
2022-12-29,sz.000606,1.9400,2.0100,1.9100,2.0000,2.0100,7468400,14620310.0000,3,0.975200,1,-0.497500,1
2022-12-30,sz.000606,2.0100,2.0400,1.9500,1.9900,2.0000,5025116,10127379.1200,3,0.656200,1,-0.500000,1
2023-01-03,sz.000606,2.0900,2.0900,2.0300,2.0900,1.9900,9529851,19834224.5500,3,1.244400,1,5.025100,1
2023-01-04,sz.000606,2.0700,2.0900,2.0500,2.0800,2.0900,5711651,11796476.5800,3,0.745800,1,-0.478500,1
2023-01-05,sz.000606,2.0700,2.0900,2.0400,2.0500,2.0800,4784502,9845916.0900,3,0.624800,1,-1.442300,1
2023-01-06,sz.000606,2.0600,2.0700,2.0400,2.0600,2.0500,2794301,5734106.0400,3,0.364900,1,0.487800,1
2023-01-09,sz.000606,2.0800,2.1000,2.0500,2.0700,2.0600,3022800,6259379.0000,3,0.394700,1,0.485400,1
2023-01-10,sz.000606,2.0600,2.0700,2.0400,2.0500,2.0700,3317300,6803497.0000,3,0.433200,1,-0.966200,1
2023-01-11,sz.000606,2.0400,2.0800,2.0300,2.0600,2.0500,2643100,5443396.0000,3,0.345100,1,0.487800,1
2023-01-12,sz.000606,2.0600,2.0900,2.0500,2.0600,2.0600,1893700,3908143.0000,3,0.247300,1,0.000000,1
2023-01-13,sz.000606,2.0700,2.0800,2.0500,2.0600,2.0600,1185200,2439779.0000,3,0.154800,1,0.000000,1
2023-01-16,sz.000606,2.0600,2.1000,2.0400,2.0800,2.0600,3977900,8226549.0000,3,0.519400,1,0.970900,1
2023-01-17,sz.000606,2.0800,2.1700,2.0600,2.1500,2.0800,6384800,13490359.0000,3,0.833700,1,3.365400,1
2023-01-18,sz.000606,2.1500,2.2000,2.1200,2.1400,2.1500,3999700,8602092.0000,3,0.522300,1,-0.465100,1
2023-01-19,sz.000606,2.1400,2.1600,2.1300,2.1600,2.1400,3627975,7797110.5000,3,0.473800,1,0.934600,1
2023-01-20,sz.000606,2.1700,2.1800,2.1500,2.1800,2.1600,3781300,8194750.0000,3,0.493800,1,0.925900,1
2023-01-30,sz.000606,2.1800,2.2400,2.1700,2.2400,2.1800,4723020,10414588.8000,3,0.616700,1,2.752300,1
2023-01-31,sz.000606,2.3000,2.3300,2.1800,2.2000,2.2400,10171580,22867736.0000,3,1.328200,1,-1.785700,1
2023-02-01,sz.000606,2.2000,2.2000,2.1500,2.1700,2.2000,4550321,9901999.3700,3,0.594200,1,-1.363600,1
2023-02-02,sz.000606,2.1600,2.1800,2.0700,2.0800,2.1700,10710400,22579558.0000,3,1.398600,1,-4.147500,1
2023-02-03,sz.000606,2.1000,2.1200,2.0600,2.0900,2.0800,3760500,7871049.0000,3,0.491100,1,0.480800,1
2023-02-06,sz.000606,2.1000,2.1100,2.0600,2.0800,2.0900,2204200,4574518.0000,3,0.287800,1,-0.478500,1
2023-02-07,sz.000606,2.0700,2.0800,2.0300,2.0600,2.0800,2731300,5596478.0000,3,0.356700,1,-0.961500,1
2023-02-08,sz.000606,2.0800,2.0800,2.0600,2.0700,2.0600,2120341,4391885.8700,3,0.276900,1,0.485400,1
2023-02-09,sz.000606,2.0800,2.0800,2.0600,2.0700,2.0700,2317834,4790514.3800,3,0.302700,1,0.000000,1
2023-02-10,sz.000606,2.0700,2.1700,2.0500,2.1700,2.0700,5733740,12169008.6100,3,0.748700,1,4.830900,1
2023-02-13,sz.000606,2.1700,2.2800,2.1700,2.1700,2.1700,7265541,15984991.7500,3,0.948800,1,0.000000,1
2023-02-14,sz.000606,2.1100,2.1600,2.0800,2.0800,2.1700,7113907,14927674.4000,3,0.929000,1,-4.147500,1
2023-02-15,sz.000606,2.1000,2.1200,2.0800,2.1100,2.0800,2891251,6079948.5900,3,0.377500,1,1.442300,1
2023-02-16,sz.000606,2.1100,2.1200,2.0800,2.0800,2.1100,3531300,7395207.0000,3,0.461100,1,-1.421800,1
2023-02-17,sz.000606,2.0900,2.1700,2.0800,2.1400,2.0800,7728949,16493327.8500,3,1.009300,1,2.884600,1
2023-02-20,sz.000606,2.1300,2.1600,2.1100,2.1500,2.1400,3640434,7744567.5400,3,0.475400,1,0.467300,1
2023-02-21,sz.000606,2.1400,2.1400,2.1000,2.1100,2.1500,3257500,6919924.0800,3,0.425400,1,-1.860500,1
2023-02-22,sz.000606,2.1400,2.1600,2.1100,2.1300,2.1100,4565392,9716251.8800,3,0.596200,1,0.947900,1
2023-02-23,sz.000606,2.1300,2.1300,2.1000,2.1200,2.1300,2493504,5268885.5400,3,0.325600,1,-0.469500,1
2023-02-24,sz.000606,2.1200,2.1300,2.1000,2.1100,2.1200,2167554,4576265.4000,3,0.283000,1,-0.471700,1
2023-02-27,sz.000606,2.1100,2.1100,2.0800,2.0900,2.1100,3205448,6704978.0600,3,0.418600,1,-0.947900,1
2023-02-28,sz.000606,2.0900,2.0900,2.0500,2.0700,2.0900,4364627,9024957.6200,3,0.569900,1,-0.956900,1
2023-03-01,sz.000606,2.0700,2.1100,2.0700,2.1000,2.0700,4407598,9222569.8400,3,0.575600,1,1.449300,1
2023-03-02,sz.000606,2.1200,2.1200,2.0800,2.0900,2.1000,3291311,6894269.0000,3,0.429800,1,-0.476200,1
2023-03-03,sz.000606,2.0900,2.1100,2.0800,2.1000,2.0900,3228744,6756302.8600,3,0.421600,1,0.478500,1
2023-03-06,sz.000606,2.1100,2.1100,2.0800,2.1000,2.1000,3018992,6324980.2800,3,0.394200,1,0.000000,1
2023-03-07,sz.000606,2.0900,2.1000,2.0700,2.0800,2.1000,3295149,6877133.3100,3,0.430300,1,-0.952400,1
2023-03-08,sz.000606,2.0900,2.1600,2.0900,2.1500,2.0800,8524223,18169274.8700,3,1.113100,1,3.365400,1
2023-03-09,sz.000606,2.1400,2.1400,2.0900,2.1100,2.1500,6347216,13379139.5300,3,0.828800,1,-1.860500,1
2023-03-10,sz.000606,2.1100,2.1100,2.0800,2.0800,2.1100,2446200,5117404.0000,3,0.319400,1,-1.421800,1
2023-03-13,sz.000606,2.0800,2.0900,2.0300,2.0300,2.0800,7503100,15443138.0000,3,0.979800,1,-2.403800,1
2023-03-14,sz.000606,2.0400,2.0500,1.9800,2.0100,2.0300,4203600,8442841.0000,3,0.548900,1,-0.985200,1
2023-03-15,sz.000606,2.0200,2.0400,2.0000,2.0200,2.0100,2884431,5840768.6800,3,0.376700,1,0.497500,1
2023-03-16,sz.000606,2.0300,2.0300,2.0000,2.0200,2.0200,2084825,4215099.0000,3,0.272200,1,0.000000,1
2023-03-17,sz.000606,2.0300,2.0400,2.0200,2.0400,2.0200,1746488,3537958.7600,3,0.228100,1,0.990100,1
2023-03-20,sz.000606,2.0300,2.0400,2.0100,2.0200,2.0400,1948085,3935573.0500,3,0.254400,1,-0.980400,1
2023-03-21,sz.000606,2.0200,2.0200,1.9900,2.0100,2.0200,2587966,5183387.3500,3,0.337900,1,-0.495000,1
2023-03-22,sz.000606,2.0100,2.0100,1.9700,1.9800,2.0100,2854010,5659516.4400,3,0.372700,1,-1.492500,1
2023-03-23,sz.000606,1.9900,1.9900,1.8800,1.8900,1.9800,9556344,18209654.4400,3,1.247900,1,-4.545500,1
2023-03-24,sz.000606,1.8500,1.9600,1.8500,1.9300,1.8900,5160985,9889378.3200,3,0.673900,1,2.116400,1
2023-03-27,sz.000606,1.9200,1.9300,1.8800,1.9200,1.9300,2715626,5192017.1400,3,0.354600,1,-0.518100,1
2023-03-28,sz.000606,1.9100,1.9400,1.9000,1.9300,1.9200,2845900,5461650.9900,3,0.371600,1,0.520800,1
2023-03-29,sz.000606,1.9500,1.9600,1.9200,1.9200,1.9300,2513836,4865233.1200,3,0.328300,1,-0.518100,1
2023-03-30,sz.000606,1.9200,1.9300,1.8900,1.9100,1.9200,1736993,3307590.7000,3,0.226800,1,-0.520800,1
2023-03-31,sz.000606,1.9000,1.9500,1.9000,1.9300,1.9100,2612031,5038780.0200,3,0.341100,1,1.047100,1
2023-04-03,sz.000606,1.9300,1.9400,1.8700,1.8900,1.9300,4958800,9386187.7600,3,0.647500,1,-2.072500,1
2023-04-04,sz.000606,1.8900,1.9400,1.8600,1.9300,1.8900,4831600,9163355.0200,3,0.630900,1,2.116400,1
2023-04-06,sz.000606,1.9100,1.9600,1.9100,1.9300,1.9300,3528039,6839415.2500,3,0.460700,1,0.000000,1
2023-04-07,sz.000606,1.9300,1.9400,1.9200,1.9400,1.9300,1889900,3649727.0000,3,0.246800,1,0.518100,1
2023-04-10,sz.000606,1.9300,1.9300,1.8600,1.8800,1.9400,5756600,10873113.0000,3,0.751700,1,-3.092800,1
2023-04-11,sz.000606,1.8600,1.8600,1.7900,1.7900,1.8800,5678500,10221676.0000,3,0.741500,1,-4.787200,1
2023-04-12,sz.000606,1.7000,1.7000,1.7000,1.7000,1.7900,1711100,2908870.0000,3,0.223400,1,-5.027900,1
2023-04-13,sz.000606,1.6200,1.6200,1.6200,1.6200,1.7000,1176900,1906578.0000,3,0.153700,1,-4.705900,1
2023-04-14,sz.000606,1.5400,1.5600,1.5400,1.5400,1.6200,18559320,28598204.8000,3,2.423500,1,-4.938300,1
2023-04-17,sz.000606,1.4600,1.4600,1.4600,1.4600,1.5400,2100900,3067314.0000,3,0.274300,1,-5.194800,1
2023-04-18,sz.000606,1.3900,1.3900,1.3900,1.3900,1.4600,412500,573375.0000,3,0.053900,1,-4.794500,1
2023-04-19,sz.000606,1.3200,1.3200,1.3200,1.3200,1.3900,1846600,2437512.0000,3,0.241100,1,-5.036000,1
2023-04-20,sz.000606,1.2500,1.2500,1.2500,1.2500,1.3200,689200,861500.0000,3,0.090000,1,-5.303000,1
2023-04-21,sz.000606,1.1900,1.1900,1.1900,1.1900,1.2500,1262400,1502256.0000,3,0.164800,1,-4.800000,1
2023-04-24,sz.000606,1.1300,1.1300,1.1300,1.1300,1.1900,1187000,1341310.0000,3,0.155000,1,-5.042000,1
2023-04-25,sz.000606,1.0700,1.0700,1.0700,1.0700,1.1300,755000,807850.0000,3,0.098600,1,-5.309700,1
2023-04-26,sz.000606,1.0200,1.0200,1.0200,1.0200,1.0700,407500,415650.0000,3,0.053200,1,-4.672900,1
2023-04-27,sz.000606,0.9700,0.9700,0.9700,0.9700,1.0200,1387600,1345972.0000,3,0.181200,1,-4.902000,1
2023-04-28,sz.000606,0.9200,0.9200,0.9200,0.9200,0.9700,2003600,1843312.0000,3,0.261600,1,-5.154600,1
2023-05-04,sz.000606,0.9200,0.9200,0.9200,0.9200,0.9200,,,3,,0,,1
2023-05-05,sz.000606,0.9200,0.9200,0.9200,0.9200,0.9200,,,3,,0,,1
2023-05-08,sz.000606,0.9200,0.9200,0.9200,0.9200,0.9200,,,3,,0,,1
2023-05-09,sz.000606,0.9200,0.9200,0.9200,0.9200,0.9200,,,3,,0,,1
2023-05-10,sz.000606,0.9200,0.9200,0.9200,0.9200,0.9200,,,3,,0,,1
2023-05-11,sz.000606,0.9200,0.9200,0.9200,0.9200,0.9200,,,3,,0,,1
2023-05-12,sz.000606,0.9200,0.9200,0.9200,0.9200,0.9200,,,3,,0,,1
2023-05-15,sz.000606,0.9200,0.9200,0.9200,0.9200,0.9200,,,3,,0,,1
2023-05-16,sz.000606,0.9200,0.9200,0.9200,0.9200,0.9200,,,3,,0,,1
2023-05-17,sz.000606,0.9200,0.9200,0.9200,0.9200,0.9200,,,3,,0,,1
2023-05-18,sz.000606,0.9200,0.9200,0.9200,0.9200,0.9200,,,3,,0,,1
2023-05-19,sz.000606,0.9200,0.9200,0.9200,0.9200,0.9200,,,3,,0,,1
2023-05-22,sz.000606,0.9200,0.9200,0.9200,0.9200,0.9200,,,3,,0,,1
2023-05-23,sz.000606,0.9200,0.9200,0.9200,0.9200,0.9200,,,3,,0,,1
2023-05-24,sz.000606,0.9200,0.9200,0.9200,0.9200,0.9200,,,3,,0,,1
2023-05-25,sz.000606,0.9200,0.9200,0.9200,0.9200,0.9200,,,3,,0,,1
2023-05-26,sz.000606,0.9200,0.9200,0.9200,0.9200,0.9200,,,3,,0,,1
2023-05-29,sz.000606,0.9200,0.9200,0.9200,0.9200,0.9200,,,3,,0,,1
2023-05-30,sz.000606,0.9200,0.9200,0.9200,0.9200,0.9200,,,3,,0,,1
2023-05-31,sz.000606,0.9200,0.9200,0.9200,0.9200,0.9200,,,3,,0,,1
2023-06-01,sz.000606,0.9200,0.9200,0.9200,0.9200,0.9200,,,3,,0,,1
2023-06-02,sz.000606,0.9200,0.9200,0.9200,0.9200,0.9200,,,3,,0,,1
2023-06-05,sz.000606,0.9200,0.9200,0.9200,0.9200,0.9200,,,3,,0,,1
2023-06-06,sz.000606,0.9200,0.9200,0.9200,0.9200,0.9200,,,3,,0,,1
2023-06-07,sz.000606,0.9200,0.9200,0.9200,0.9200,0.9200,,,3,,0,,1
2023-06-08,sz.000606,0.9200,0.9200,0.9200,0.9200,0.9200,,,3,,0,,1
2023-06-09,sz.000606,0.9200,0.9200,0.9200,0.9200,0.9200,,,3,,0,,1
2023-06-12,sz.000606,0.9200,0.9200,0.9200,0.9200,0.9200,,,3,,0,,1
2023-06-13,sz.000606,0.2100,0.2100,0.1800,0.2000,0.9200,113970253,22274797.9100,3,14.882500,1,-78.260900,0
2023-06-14,sz.000606,0.2000,0.2000,0.1900,0.1900,0.2000,26728959,5210154.2100,3,3.490300,1,-5.000000,0
2023-06-15,sz.000606,0.2000,0.2100,0.1900,0.2100,0.1900,46283724,9438250.2100,3,6.043800,1,10.526300,0
2023-06-16,sz.000606,0.2200,0.2300,0.2200,0.2300,0.2100,20604946,4630554.7600,3,2.690600,1,9.523800,0
2023-06-19,sz.000606,0.2500,0.2500,0.2400,0.2500,0.2300,11897389,2973495.2500,3,1.553600,1,8.695700,0
2023-06-20,sz.000606,0.2700,0.2800,0.2400,0.2500,0.2500,53259440,14019138.0000,3,6.954800,1,0.000000,0
2023-06-21,sz.000606,0.2600,0.2800,0.2500,0.2700,0.2500,31511469,8501762.7000,3,4.114800,1,8.000000,0
2023-06-26,sz.000606,0.2600,0.2700,0.2400,0.2500,0.2700,28039889,7204908.4500,3,3.661500,1,-7.407400,0
2023-06-27,sz.000606,0.2500,0.2700,0.2500,0.2700,0.2500,17253617,4418124.1300,3,2.253000,1,8.000000,0
2023-06-28,sz.000606,0.2700,0.2700,0.2400,0.2500,0.2700,31282310,7902937.5000,3,4.084900,1,-7.407400,0
2023-06-29,sz.000606,0.2400,0.2500,0.2300,0.2300,0.2500,36455217,8589627.9900,3,4.760400,1,-8.000000,0
2023-06-30,sz.000606,0.2300,0.2500,0.2200,0.2400,0.2300,34583387,8094153.1400,3,4.516000,1,4.347800,0
2023-07-03,sz.000606,0.2400,0.2500,0.2300,0.2400,0.2400,23489949,5598394.9100,3,3.067400,1,0.000000,0
2023-07-04,sz.000606,0.2400,0.2600,0.2300,0.2600,0.2400,29954276,7585983.8000,3,3.911500,1,8.333300,0
2023-07-05,sz.000606,0.2700,0.2900,0.2600,0.2800,0.2600,36783009,10038055.4000,3,4.803200,1,7.692300,0
