date,code,open,high,low,close,preclose,volume,amount,adjustflag,turn,tradestatus,pctChg,isST
2010-01-04,sz.000731,9.3300,9.5000,9.2600,9.3600,9.3000,10339584,97183633.1600,3,2.164752,1,0.645200,0
2010-01-05,sz.000731,9.3000,9.4300,9.2100,9.4100,9.3600,8232113,76978586.9500,3,1.723520,1,0.534200,0
2010-01-06,sz.000731,9.4200,9.6400,9.3800,9.4300,9.4100,12251768,116662900.3600,3,2.565097,1,0.212500,0
2010-01-07,sz.000731,9.4200,9.5000,9.0500,9.0800,9.4300,12657079,117243950.7400,3,2.649955,1,-3.711600,0
2010-01-08,sz.000731,9.0900,9.1300,8.9100,9.0500,9.0800,12599827,113396748.8700,3,2.637968,1,-0.330400,0
2010-01-11,sz.000731,9.0900,9.1600,8.9200,9.0500,9.0500,9995843,90113977.9400,3,2.092784,1,0.000000,0
2010-01-12,sz.000731,9.0500,9.4200,9.0000,9.4200,9.0500,16183289,149926130.2000,3,3.388222,1,4.088400,0
2010-01-13,sz.000731,9.3000,9.6900,9.2100,9.5700,9.4200,28375169,271187714.1100,3,5.940780,1,1.592400,0
2010-01-14,sz.000731,9.6000,9.7100,9.5100,9.6700,9.5700,19375796,186591521.7900,3,4.056622,1,1.044900,0
2010-01-15,sz.000731,9.6900,9.7400,9.5300,9.6800,9.6700,15469588,149046770.5200,3,3.238797,1,0.103400,0
2010-01-18,sz.000731,9.6800,9.8800,9.5700,9.8600,9.6800,19750892,192987826.6200,3,4.135154,1,1.859500,0
2010-01-19,sz.000731,9.8100,9.8800,9.6200,9.6800,9.8600,14938225,145048388.7000,3,3.127548,1,-1.825600,0
2010-01-20,sz.000731,9.6700,9.7800,9.2200,9.2600,9.6800,18059546,171347642.1100,3,3.781045,1,-4.338800,0
2010-01-21,sz.000731,9.2800,9.5500,9.2200,9.4800,9.2600,11395011,107143031.3300,3,2.385722,1,2.375800,0
2010-01-22,sz.000731,9.3500,9.4600,9.1400,9.3000,9.4800,10553400,98049150.7300,3,2.209517,1,-1.898700,0
2010-01-25,sz.000731,9.3000,9.3400,9.2000,9.2200,9.3000,5702629,52870558.2400,3,1.193934,1,-0.860200,0
2010-01-26,sz.000731,9.2900,9.3000,8.6900,8.7500,9.2200,11683343,104539739.4500,3,2.446088,1,-5.097600,0
2010-01-27,sz.000731,8.8000,8.8700,8.5800,8.6900,8.7500,6751470,58901440.9600,3,1.413525,1,-0.685700,0
2010-01-28,sz.000731,8.6800,8.8700,8.6600,8.8200,8.6900,4432442,38970018.6800,3,0.928000,1,1.496000,0
2010-01-29,sz.000731,8.8100,8.9500,8.7000,8.8500,8.8200,5630028,49885072.5700,3,1.178733,1,0.340100,0
2010-02-01,sz.000731,8.8800,8.9100,8.5800,8.9100,8.8500,7894402,68863679.3500,3,1.652815,1,0.678000,0
2010-02-02,sz.000731,8.9000,9.1200,8.8500,8.8900,8.9100,9416793,84756099.9400,3,1.971551,1,-0.224500,0
2010-02-03,sz.000731,8.7800,8.8700,8.2500,8.6500,8.8900,13995062,118968968.4700,3,2.930082,1,-2.699700,0
2010-02-04,sz.000731,8.5200,8.6400,8.4100,8.5000,8.6500,11246278,95732312.1800,3,2.354582,1,-1.734100,0
2010-02-05,sz.000731,8.3000,8.4400,8.2500,8.3700,8.5000,8054760,67076153.4100,3,1.686388,1,-1.529400,0
2010-02-08,sz.000731,8.3500,8.4000,8.2700,8.4000,8.3700,5014235,41828276.3800,3,1.049808,1,0.358400,0
2010-02-09,sz.000731,8.3800,8.4400,8.3300,8.4200,8.4000,4431175,37177663.6900,3,0.927735,1,0.238100,0
2010-02-10,sz.000731,8.4500,8.4700,8.3600,8.4500,8.4200,3715568,31259049.9400,3,0.777912,1,0.356300,0
2010-02-11,sz.000731,8.4400,8.4700,8.3900,8.3900,8.4500,4432517,37322768.3800,3,0.928016,1,-0.710100,0
2010-02-12,sz.000731,8.4100,8.5600,8.4000,8.5600,8.3900,5843311,49676880.6800,3,1.223387,1,2.026200,0
2010-02-22,sz.000731,8.5800,8.7500,8.5200,8.6500,8.5600,8449946,73175310.5000,3,1.769127,1,1.051400,0
2010-02-23,sz.000731,8.6800,8.8200,8.6200,8.7700,8.6500,8506000,74212090.4100,3,1.780863,1,1.387300,0
2010-02-24,sz.000731,8.7000,8.9300,8.6600,8.9100,8.7700,8843425,78291290.9300,3,1.851508,1,1.596400,0
2010-02-25,sz.000731,8.9200,9.0100,8.8800,8.9400,8.9100,9449743,84373350.3700,3,1.978450,1,0.336700,0
2010-02-26,sz.000731,8.9000,9.0900,8.8500,8.9700,8.9400,9056456,81346601.9900,3,1.896109,1,0.335600,0
2010-03-01,sz.000731,8.9700,9.2800,8.9100,9.1600,8.9700,15196269,139118488.7100,3,3.181574,1,2.118200,0
2010-03-02,sz.000731,9.1900,9.2100,9.0100,9.1400,9.1600,10627115,96585841.2300,3,2.224951,1,-0.218300,0
2010-03-03,sz.000731,9.0600,9.6000,9.0100,9.4800,9.1400,21559819,200017009.1700,3,4.513881,1,3.719900,0
2010-03-04,sz.000731,9.4100,9.4600,8.9200,8.9800,9.4800,14925805,137469861.0800,3,3.124948,1,-5.274300,0
2010-03-05,sz.000731,8.9800,8.9800,8.9800,8.9800,8.9800,0,0.0000,3,,0,0.000000,0
2010-03-08,sz.000731,9.0400,9.1800,8.9800,9.0800,8.9800,9605341,87048313.7500,3,2.011027,1,1.113600,0
2010-03-09,sz.000731,9.0300,9.1100,8.8700,8.9700,9.0800,7877800,70567804.7000,3,1.649339,1,-1.211500,0
2010-03-10,sz.000731,8.9600,9.0100,8.8000,8.8600,8.9700,5892036,52330549.1000,3,1.233589,1,-1.226300,0
2010-03-11,sz.000731,8.8400,8.9500,8.8000,8.8900,8.8600,4939847,43839453.8200,3,1.034233,1,0.338600,0
2010-03-12,sz.000731,8.8600,8.9400,8.7400,8.7500,8.8900,5268243,46616723.5200,3,1.102988,1,-1.574800,0
2010-03-15,sz.000731,8.7500,8.8100,8.5600,8.6300,8.7500,4203841,36292579.0100,3,0.880139,1,-1.371400,0
2010-03-16,sz.000731,8.6300,8.7400,8.6000,8.7400,8.6300,3478595,30116010.3500,3,0.728298,1,1.274600,0
2010-03-17,sz.000731,8.7600,8.9600,8.7100,8.9600,8.7400,6680615,59129144.4900,3,1.398690,1,2.517200,0
2010-03-18,sz.000731,8.9300,9.0100,8.8800,8.9200,8.9600,5514358,49342227.5700,3,1.154516,1,-0.446400,0
2010-03-19,sz.000731,8.9300,9.1000,8.9100,9.0800,8.9200,7911146,71459317.7000,3,1.656321,1,1.793700,0
2010-03-22,sz.000731,9.0800,9.1100,8.9800,9.0900,9.0800,9039285,81764554.8500,3,1.892514,1,0.110100,0
2010-03-23,sz.000731,9.0600,9.1700,8.9500,9.0300,9.0900,11472114,103863076.3500,3,2.401864,1,-0.660100,0
2010-03-24,sz.000731,9.0300,9.0600,8.9000,8.9900,9.0300,8649909,77376126.9100,3,1.810992,1,-0.443000,0
2010-03-25,sz.000731,8.9000,9.1800,8.8000,9.0600,8.9900,22187378,200910150.9400,3,4.440111,1,0.778600,0
2010-03-26,sz.000731,8.9700,9.1200,8.7000,9.0400,9.0600,15262501,136902109.6600,3,3.054313,1,-0.220800,0
2010-03-29,sz.000731,9.0300,9.0900,8.9800,9.0500,9.0400,9491038,85755945.1800,3,1.899335,1,0.110600,0
2010-03-30,sz.000731,9.0500,9.0700,8.9200,9.0100,9.0500,9215134,82873998.2600,3,1.844121,1,-0.442000,0
2010-03-31,sz.000731,8.9900,9.0400,8.9100,8.9300,9.0100,6972325,62495776.3500,3,1.395293,1,-0.887900,0
2010-04-01,sz.000731,8.8900,9.1500,8.8700,9.1000,8.9300,16195811,146649428.7100,3,3.241086,1,1.903700,0
2010-04-02,sz.000731,9.1500,9.1500,9.0200,9.0700,9.1000,12413151,112601739.2000,3,2.484104,1,-0.329700,0
2010-04-06,sz.000731,9.0500,9.2500,9.0500,9.2300,9.0700,20127042,184275067.8000,3,4.027799,1,1.764100,0
2010-04-07,sz.000731,9.2300,9.2800,9.1000,9.2000,9.2300,16109050,148163468.2000,3,3.223723,1,-0.325000,0
2010-04-08,sz.000731,9.1700,9.1900,9.0100,9.0600,9.2000,10529581,95750715.3300,3,2.107167,1,-1.521700,0
2010-04-09,sz.000731,9.0800,9.1600,9.0500,9.1200,9.0600,9297831,84686134.5900,3,1.860670,1,0.662300,0
2010-04-12,sz.000731,9.1600,9.2300,9.1000,9.2000,9.1200,16287763,149343738.0500,3,3.259487,1,0.877200,0
2010-04-13,sz.000731,9.2300,9.2500,8.8400,9.0000,9.2000,14426065,130490993.3000,3,2.886926,1,-2.173900,0
2010-04-14,sz.000731,9.0000,9.1800,8.8800,9.1500,9.0000,14221084,128283162.3800,3,2.845906,1,1.666700,0
2010-04-15,sz.000731,9.1400,9.3800,9.0700,9.2900,9.1500,25973931,240570809.1100,3,5.197871,1,1.530100,0
2010-04-16,sz.000731,9.2500,9.3200,9.0000,9.1500,9.2900,13218901,121689827.1700,3,2.645350,1,-1.507000,0
2010-04-19,sz.000731,9.0600,9.2200,8.6700,8.7000,9.1500,14384888,129308492.6300,3,2.878686,1,-4.918000,0
2010-04-20,sz.000731,8.6400,8.7900,8.5200,8.6700,8.6300,10145946,87865802.3600,3,2.030394,1,0.463500,0
2010-04-21,sz.000731,8.6700,8.8800,8.6600,8.8300,8.6700,8790490,77263075.7300,3,1.759142,1,1.845400,0
2010-04-22,sz.000731,8.8000,8.8400,8.5800,8.6300,8.8300,13461232,116816554.8100,3,2.693845,1,-2.265000,0
2010-04-23,sz.000731,8.6000,8.7500,8.5200,8.5400,8.6300,8257304,71177101.7500,3,1.652441,1,-1.042900,0
2010-04-26,sz.000731,8.5700,8.6400,8.4600,8.4800,8.5400,6906568,58832793.6500,3,1.382134,1,-0.702600,0
2010-04-27,sz.000731,8.4500,8.4500,7.9000,8.0700,8.4800,12974210,105274705.3500,3,2.596383,1,-4.834900,0
2010-04-28,sz.000731,8.0000,8.1400,7.9300,8.0400,8.0700,5393969,43356850.1400,3,1.079434,1,-0.371700,0
2010-04-29,sz.000731,8.0600,8.1400,7.8500,7.8500,8.0400,6662673,53329580.0300,3,1.333326,1,-2.363200,0
2010-04-30,sz.000731,7.8700,7.8800,7.4300,7.6200,7.8500,7350849,56063113.1900,3,1.471043,1,-2.929900,0
2010-05-04,sz.000731,7.5300,7.7500,7.4400,7.6300,7.6200,4500345,34261017.8300,3,0.900603,1,0.131200,0
2010-05-05,sz.000731,7.6000,7.8500,7.5500,7.8500,7.6300,5352033,41355977.4500,3,1.071042,1,2.883400,0
2010-05-06,sz.000731,7.8600,7.8800,7.5200,7.5300,7.8500,5099007,39476090.9400,3,1.020407,1,-4.076400,0
2010-05-07,sz.000731,7.4400,7.6800,7.3700,7.5700,7.5300,4171482,31537593.2300,3,0.834792,1,0.531200,0
2010-05-10,sz.000731,7.5500,7.7500,7.4000,7.7200,7.5700,4568507,34734021.6100,3,0.914244,1,1.981500,0
2010-05-11,sz.000731,7.8200,7.8800,7.4800,7.5000,7.7200,5585120,42897327.9500,3,1.117687,1,-2.849700,0
2010-05-12,sz.000731,7.4000,7.6000,7.4000,7.5500,7.5000,3906155,29304119.9300,3,0.781695,1,0.666700,0
2010-05-13,sz.000731,7.5400,7.6700,7.4600,7.6500,7.5500,4096148,31126771.2500,3,0.819716,1,1.324500,0
2010-05-14,sz.000731,7.6000,7.7400,7.5500,7.6700,7.6500,3878230,29741935.9800,3,0.776107,1,0.261400,0
2010-05-17,sz.000731,7.6000,7.6600,7.0000,7.0000,7.6700,5448657,39838010.2000,3,1.090378,1,-8.735300,0
2010-05-18,sz.000731,7.0100,7.1100,6.5800,6.8800,7.0000,6356118,43199154.7700,3,1.271978,1,-1.714300,0
2010-05-19,sz.000731,6.8100,6.9200,6.7000,6.7700,6.8800,4284489,29076940.0700,3,0.857407,1,-1.598800,0
2010-05-20,sz.000731,6.7300,6.8400,6.6100,6.6200,6.7700,3726023,25028880.9300,3,0.745647,1,-2.215700,0
2010-05-21,sz.000731,6.4500,6.6600,6.3800,6.6600,6.6200,5303536,34579565.1500,3,1.061337,1,0.604200,0
2010-05-24,sz.000731,6.6800,6.9400,6.6800,6.9100,6.6600,8464373,57965194.8700,3,1.693880,1,3.753800,0
2010-05-25,sz.000731,6.8400,6.8900,6.7000,6.7500,6.9100,5615489,38123047.3200,3,1.123765,1,-2.315500,0
2010-05-26,sz.000731,6.7800,6.8900,6.7500,6.8900,6.7500,5042473,34448814.0600,3,1.009093,1,2.074100,0
2010-05-27,sz.000731,6.8500,7.0800,6.5200,7.0000,6.8900,8592975,59688571.6900,3,1.719616,1,1.596500,0
2010-05-28,sz.000731,7.0700,7.2300,7.0200,7.0500,7.0000,8724297,61930687.9700,3,1.745896,1,0.714300,0
2010-05-31,sz.000731,7.0500,7.1000,6.7700,6.7800,7.0500,6557012,45605541.4300,3,1.312181,1,-3.829800,0
2010-06-01,sz.000731,6.7800,6.8100,6.4600,6.6000,6.7800,5177748,34302820.5000,3,1.036165,1,-2.654900,0
2010-06-02,sz.000731,6.5000,6.8000,6.4000,6.7500,6.6000,5333492,35377451.5800,3,1.067332,1,2.272700,0
2010-06-03,sz.000731,6.7600,6.7800,6.6600,6.7300,6.7500,4865365,32673636.4300,3,0.973651,1,-0.296300,0
2010-06-04,sz.000731,6.6200,6.7800,6.5000,6.7100,6.7300,3042917,20181378.2600,3,0.608945,1,-0.297200,0
2010-06-07,sz.000731,6.5500,6.6200,6.4800,6.5500,6.7100,2928578,19162538.7600,3,0.586063,1,-2.384500,0
2010-06-08,sz.000731,6.5400,6.8600,6.5000,6.8400,6.5500,4639091,30794066.9400,3,0.928369,1,4.427500,0
2010-06-09,sz.000731,6.7600,6.9300,6.7200,6.8800,6.8400,9868933,67273154.6600,3,1.974959,1,0.584795,0
2010-06-10,sz.000731,6.8500,6.8600,6.7400,6.7500,6.8800,4718130,32057111.2400,3,0.944186,1,-1.889500,0
2010-06-11,sz.000731,6.7600,6.8400,6.7200,6.7300,6.7500,3088568,20912127.0300,3,0.618080,1,-0.296300,0
2010-06-17,sz.000731,6.7600,6.8000,6.6600,6.6600,6.7300,3031486,20371558.3300,3,0.606657,1,-1.040100,0
2010-06-18,sz.000731,6.6300,6.7400,6.5000,6.5100,6.6600,4469848,29401636.0900,3,0.894500,1,-2.252300,0
2010-06-21,sz.000731,6.5000,6.6700,6.4400,6.6500,6.5100,3591132,23688195.7000,3,0.718653,1,2.150500,0
2010-06-22,sz.000731,6.6500,6.7300,6.6300,6.6700,6.6500,3703643,24740042.8800,3,0.741168,1,0.300800,0
2010-06-23,sz.000731,6.6500,6.6500,6.5100,6.5500,6.6700,2975844,19558302.3900,3,0.595522,1,-1.799100,0
2010-06-24,sz.000731,6.5400,6.6200,6.5000,6.5700,6.5500,2363044,15484216.7400,3,0.472889,1,0.305300,0
2010-06-25,sz.000731,6.5400,6.5500,6.3600,6.4000,6.5700,4366649,28091213.6200,3,0.873848,1,-2.587500,0
2010-06-28,sz.000731,6.4200,6.4400,6.2400,6.2700,6.4000,4096827,25928163.8000,3,0.819852,1,-2.031200,0
2010-06-29,sz.000731,6.2800,6.3500,5.9400,5.9500,6.2700,4724032,28793995.8800,3,0.945367,1,-5.103700,0
2010-06-30,sz.000731,5.8500,5.9300,5.7000,5.7000,5.9500,3823508,22139630.6700,3,0.765156,1,-4.201700,0
2010-07-01,sz.000731,5.6900,5.8100,5.6600,5.7000,5.7000,3353919,19256449.0400,3,0.671182,1,0.000000,0
2010-07-02,sz.000731,5.7000,5.7500,5.5700,5.7200,5.7000,3407371,19325019.6900,3,0.681879,1,0.350900,0
2010-07-05,sz.000731,5.7300,5.8200,5.6300,5.7900,5.7200,2715670,15532257.1600,3,0.543457,1,1.223800,0
2010-07-06,sz.000731,5.7600,6.0500,5.7500,5.9800,5.7900,7568261,44917643.6100,3,1.514551,1,3.281500,0
2010-07-07,sz.000731,5.9400,5.9900,5.8800,5.9700,5.9800,3237712,19199352.1600,3,0.647927,1,-0.167200,0
2010-07-08,sz.000731,6.0000,6.0200,5.8900,5.9600,5.9700,3261963,19392447.7800,3,0.652780,1,-0.167500,0
2010-07-09,sz.000731,5.9200,6.2700,5.9200,6.2400,5.9600,6698999,40724576.5300,3,1.340595,1,4.698000,0
2010-07-12,sz.000731,6.2000,6.2400,6.1000,6.1700,6.2400,10142847,62576543.5500,3,2.029774,1,-1.121800,0
2010-07-13,sz.000731,6.1200,6.1200,5.9100,6.0000,6.1700,3822391,22997142.0500,3,0.764932,1,-2.755300,0
2010-07-14,sz.000731,5.9500,6.0700,5.9500,6.0200,6.0000,4341239,26126776.2900,3,0.868763,1,0.333300,0
2010-07-15,sz.000731,6.0000,6.0500,5.7800,5.9300,6.0200,5376291,31775834.6500,3,1.075897,1,-1.495000,0
2010-07-16,sz.000731,5.8500,6.0300,5.7900,6.0200,5.9300,3895366,23036372.3000,3,0.779536,1,1.517709,0
2010-07-19,sz.000731,5.9200,6.1400,5.8600,6.0900,6.0200,8025371,48457468.3900,3,1.606027,1,1.162800,0
2010-07-20,sz.000731,6.0800,6.2300,6.0600,6.2100,6.0900,8672693,53455051.2500,3,1.735569,1,1.970400,0
2010-07-21,sz.000731,6.2000,6.2900,6.1600,6.2000,6.2100,8027132,49972109.9000,3,1.606380,1,-0.161000,0
2010-07-22,sz.000731,6.1800,6.3300,6.1600,6.3200,6.2000,8061760,50493355.8100,3,1.613309,1,1.935500,0
2010-07-23,sz.000731,6.2800,6.3200,6.2100,6.2600,6.3200,7397997,46293712.6200,3,1.480478,1,-0.949400,0
2010-07-26,sz.000731,6.2700,6.3800,6.2000,6.3500,6.2600,8085008,50987790.5100,3,1.617962,1,1.437700,0
2010-07-27,sz.000731,6.3100,6.4100,6.2800,6.3500,6.3500,8026473,50962543.6000,3,1.606248,1,0.000000,0
2010-07-28,sz.000731,6.3100,6.4900,6.2800,6.4900,6.3500,10381946,66772168.5000,3,2.077622,1,2.204700,0
2010-07-29,sz.000731,6.5000,6.8000,6.4500,6.7400,6.4900,17097768,112694278.6400,3,3.421584,1,3.852100,0
2010-07-30,sz.000731,6.6300,6.8500,6.6000,6.6600,6.7400,20027421,134455667.0000,3,4.007863,1,-1.186900,0
2010-08-02,sz.000731,6.6600,6.7600,6.6000,6.7300,6.6600,12722932,85175070.7700,3,2.546097,1,1.051100,0
2010-08-03,sz.000731,6.7300,6.7600,6.5200,6.5300,6.7300,11058520,73578536.8800,3,2.213017,1,-2.971800,0
2010-08-04,sz.000731,6.5200,6.5900,6.3600,6.5500,6.5300,7972487,51693421.2900,3,1.595444,1,0.306300,0
2010-08-05,sz.000731,6.5200,6.6700,6.4800,6.5700,6.5500,8608636,56826767.9300,3,1.722750,1,0.305300,0
2010-08-06,sz.000731,6.5900,6.8300,6.5500,6.7800,6.5700,15387604,103862150.9300,3,3.079348,1,3.196300,0
2010-08-09,sz.000731,6.8300,7.1000,6.8000,7.1000,6.7800,22021637,153967668.8000,3,4.406943,1,4.719800,0
2010-08-10,sz.000731,7.1200,7.1400,6.7000,6.7000,7.1000,15399227,106855652.4800,3,3.081674,1,-5.633800,0
2010-08-11,sz.000731,6.6800,6.8500,6.6600,6.8300,6.7000,8414890,56958578.1200,3,1.683977,1,1.940300,0
2010-08-12,sz.000731,6.7600,6.8200,6.6000,6.6300,6.8300,9009729,60327445.2800,3,1.803016,1,-2.928300,0
2010-08-13,sz.000731,6.6800,6.7800,6.6000,6.7500,6.6300,6551518,43816205.6000,3,1.311082,1,1.810000,0
2010-08-16,sz.000731,6.7400,6.9700,6.7000,6.9000,6.7500,9503441,65070839.3400,3,1.901817,1,2.222200,0
2010-08-17,sz.000731,6.9100,6.9300,6.7700,6.8600,6.9000,10292083,70450407.4600,3,2.059639,1,-0.579700,0
2010-08-18,sz.000731,6.9200,6.9700,6.8100,6.8800,6.8600,9020485,62059185.7400,3,1.805168,1,0.291500,0
2010-08-19,sz.000731,6.8500,6.9300,6.7500,6.8700,6.8800,10083657,69057480.3500,3,2.017929,1,-0.145300,0
2010-08-20,sz.000731,6.8300,7.0900,6.7600,7.0300,6.8700,21923670,152647320.7100,3,4.387338,1,2.329000,0
2010-08-23,sz.000731,7.0300,7.4000,7.0100,7.3000,7.0300,29635907,215530933.4700,3,5.930701,1,3.840700,0
2010-08-24,sz.000731,7.2800,7.4400,7.1500,7.2900,7.3000,22755773,166727502.8700,3,4.553857,1,-0.137000,0
2010-08-25,sz.000731,7.2600,7.6700,7.1600,7.5000,7.2900,40650341,301698988.0500,3,8.134896,1,2.880700,0
2010-08-26,sz.000731,7.4700,7.5400,7.2000,7.3400,7.5000,19052515,139955233.6400,3,3.812766,1,-2.133300,0
2010-08-27,sz.000731,7.3000,7.3300,7.1100,7.1400,7.3400,11282239,81052934.1800,3,2.257788,1,-2.724800,0
2010-08-30,sz.000731,7.2000,7.3800,7.1900,7.3000,7.1400,13025873,95128626.4900,3,2.606722,1,2.240900,0
2010-08-31,sz.000731,7.3000,7.6300,7.1800,7.5800,7.3000,22379279,166015340.8500,3,4.478514,1,3.835600,0
2010-09-01,sz.000731,7.5600,7.7600,7.2800,7.3800,7.5800,20803203,155576603.6600,3,4.163111,1,-2.638500,0
2010-09-02,sz.000731,7.4400,7.4900,7.3200,7.4000,7.3800,13648270,101032688.7900,3,2.731275,1,0.271000,0
2010-09-03,sz.000731,7.4000,7.4300,7.2200,7.3400,7.4000,14253268,103952258.1600,3,2.852346,1,-0.810800,0
2010-09-06,sz.000731,7.3800,7.5300,7.3400,7.4100,7.3400,13871545,103071845.6500,3,2.775956,1,0.953700,0
2010-09-07,sz.000731,7.4100,7.4800,7.2800,7.3800,7.4100,9774136,71897870.0400,3,1.955988,1,-0.404900,0
2010-09-08,sz.000731,7.3700,7.3700,7.2000,7.3200,7.3800,9756292,71080367.2900,3,1.952417,1,-0.813007,0
2010-09-09,sz.000731,7.3000,7.4900,7.2800,7.3700,7.3200,15569096,114967401.1900,3,3.115668,1,0.683100,0
2010-09-10,sz.000731,7.3800,7.5400,7.2400,7.5300,7.3700,22360135,166342540.1400,3,4.474683,1,2.171000,0
2010-09-13,sz.000731,7.5100,7.5700,7.4300,7.5000,7.5300,16463504,123598177.7500,3,3.294656,1,-0.398400,0
2010-09-14,sz.000731,7.5000,7.5800,7.3900,7.4400,7.5000,11348187,84753790.7300,3,2.270985,1,-0.800000,0
2010-09-15,sz.000731,7.4700,7.4800,7.2100,7.2300,7.4400,11724617,85554636.0600,3,2.346316,1,-2.822600,0
2010-09-16,sz.000731,7.2000,7.2700,6.7200,6.8800,7.2300,13363618,92549032.7100,3,2.674311,1,-4.840900,0
2010-09-17,sz.000731,6.8800,6.9200,6.7700,6.8200,6.8800,5000664,34196619.5700,3,1.000727,1,-0.872100,0
2010-09-20,sz.000731,6.8200,6.8800,6.7300,6.7400,6.8200,4326401,29401688.4700,3,0.865794,1,-1.173000,0
2010-09-21,sz.000731,6.7800,6.8600,6.7500,6.8000,6.7400,3854130,26230136.9400,3,0.771284,1,0.890200,0
2010-09-27,sz.000731,6.8400,6.9600,6.8300,6.9400,6.8000,4427607,30571683.6900,3,0.886047,1,2.058800,0
2010-09-28,sz.000731,6.9100,6.9700,6.7200,6.7900,6.9400,5208660,35700835.6400,3,1.042351,1,-2.161400,0
2010-09-29,sz.000731,6.8100,6.8200,6.6300,6.6800,6.7900,4299127,28875048.9600,3,0.860336,1,-1.620000,0
2010-09-30,sz.000731,6.6700,6.7500,6.6000,6.7500,6.6800,5129426,34290862.7200,3,1.026494,1,1.047900,0
2010-10-08,sz.000731,6.7800,6.9900,6.7800,6.9200,6.7500,8023964,55354313.5000,3,1.605746,1,2.518500,0
2010-10-11,sz.000731,6.9200,7.2000,6.9200,7.0800,6.9200,12536151,88955946.0100,3,2.508719,1,2.312100,0
2010-10-12,sz.000731,7.1000,7.1800,7.0500,7.1100,7.0800,10078189,71586168.8500,3,2.016835,1,0.423700,0
2010-10-13,sz.000731,7.1500,7.3000,7.1000,7.2400,7.1100,13388766,96348759.3100,3,2.679343,1,1.828400,0
2010-10-14,sz.000731,7.2800,7.3000,6.9100,6.9100,7.2400,12780004,90854462.5000,3,2.557519,1,-4.558000,0
2010-10-15,sz.000731,6.9000,7.0900,6.8800,7.0600,6.9100,9315935,65417092.0000,3,1.864293,1,2.170800,0
2010-10-18,sz.000731,7.0900,7.3400,6.9200,7.3100,7.0600,18387336,131879823.6200,3,3.679651,1,3.541100,0
2010-10-19,sz.000731,7.2800,7.4200,7.2200,7.4200,7.3100,15376576,112917777.6100,3,3.077141,1,1.504800,0
2010-10-20,sz.000731,7.2800,7.4700,7.2200,7.3400,7.4200,16094001,118286763.0500,3,3.220712,1,-1.078200,0
2010-10-21,sz.000731,7.3300,7.7400,7.2900,7.6000,7.3400,26703964,202481970.5700,3,5.343964,1,3.542200,0
2010-10-22,sz.000731,7.6100,7.6200,7.4400,7.5300,7.6000,14476897,108808648.1600,3,2.897099,1,-0.921100,0
2010-10-25,sz.000731,7.5800,7.6500,7.4000,7.6200,7.5300,17493577,131866792.8200,3,3.500793,1,1.195200,0
2010-10-26,sz.000731,7.6200,7.8800,7.5700,7.8500,7.6200,23528782,181816699.0400,3,4.708551,1,3.018400,0
2010-10-27,sz.000731,7.9000,7.9000,7.5700,7.5700,7.8500,18079459,139585245.5200,3,3.618039,1,-3.566900,0
2010-10-28,sz.000731,7.6000,7.6300,7.4300,7.6000,7.5700,11707660,88144013.1400,3,2.342922,1,0.396300,0
2010-10-29,sz.000731,7.5900,7.5900,7.4100,7.4400,7.6000,10039353,74962605.4700,3,2.009063,1,-2.105300,0
2010-11-01,sz.000731,7.5000,7.6200,7.4300,7.5500,7.4400,15074399,113551513.9000,3,3.016670,1,1.478500,0
2010-11-02,sz.000731,7.5500,7.5500,7.3700,7.3800,7.5500,16696178,124476932.5800,3,3.341218,1,-2.251700,0
2010-11-03,sz.000731,7.4000,7.5600,7.3800,7.4300,7.3800,13193781,98431870.7000,3,2.640323,1,0.677500,0
2010-11-04,sz.000731,7.4900,7.6200,7.3800,7.6000,7.4300,17268410,129559465.9700,3,3.455733,1,2.288000,0
2010-11-05,sz.000731,7.6100,7.9700,7.5200,7.8600,7.6000,32109165,248949407.0300,3,6.425646,1,3.421100,0
2010-11-08,sz.000731,7.8600,7.9400,7.7600,7.9000,7.8600,22079514,173180941.9800,3,4.418525,1,0.508900,0
2010-11-09,sz.000731,7.9000,8.0800,7.8100,7.8900,7.9000,20234104,160510852.9200,3,4.049224,1,-0.126600,0
2010-11-10,sz.000731,7.8800,8.1800,7.8200,8.1300,7.8900,24284372,194747630.9500,3,4.859758,1,3.041800,0
2010-11-11,sz.000731,8.0800,8.3600,7.9500,8.0000,8.1300,30164693,246754671.4500,3,6.036521,1,-1.599000,0
2010-11-12,sz.000731,7.9700,8.0000,7.3000,7.5000,8.0000,23217062,176783290.0200,3,4.646170,1,-6.250000,0
2010-11-15,sz.000731,7.5100,7.5900,7.3000,7.5900,7.5000,12001290,89402565.3800,3,2.401683,1,1.200000,0
2010-11-16,sz.000731,7.5400,7.7600,7.3000,7.6500,7.5900,25709795,193199528.8900,3,5.145012,1,0.790500,0
2010-11-17,sz.000731,7.4500,7.8000,7.3300,7.4300,7.6500,20288813,154580181.7800,3,4.060172,1,-2.875800,0
2010-11-18,sz.000731,7.4100,7.5400,7.2100,7.4400,7.4300,11222265,82811286.3700,3,2.245786,1,0.134600,0
2010-11-19,sz.000731,7.4400,7.7700,7.3100,7.5400,7.4400,12783999,95709173.0000,3,2.558318,1,1.344100,0
2010-11-22,sz.000731,7.4200,7.7300,7.4200,7.7000,7.5400,16437281,125397192.8800,3,3.289408,1,2.122000,0
2010-11-23,sz.000731,7.6500,7.7000,7.3600,7.4400,7.7000,8791694,65761759.5600,3,1.759383,1,-3.376600,0
2010-11-24,sz.000731,7.4000,7.6500,7.3800,7.6400,7.4400,9630806,72961383.0300,3,1.927305,1,2.688200,0
2010-11-25,sz.000731,7.7000,7.8600,7.6500,7.8400,7.6400,21902489,170363709.4000,3,4.383099,1,2.617800,0
2010-11-26,sz.000731,7.8700,8.0000,7.6500,7.8500,7.8400,21687405,169135577.4000,3,4.340057,1,0.127600,0
2010-11-29,sz.000731,7.8500,7.9900,7.5900,7.7600,7.8500,21988033,170051626.2700,3,4.400218,1,-1.146500,0
2010-11-30,sz.000731,7.6800,7.7400,7.2500,7.3900,7.7600,12631198,94287109.9300,3,2.527740,1,-4.768000,0
2010-12-01,sz.000731,7.3500,7.4100,7.2700,7.3500,7.3900,6311639,46342798.6900,3,1.263077,1,-0.541300,0
2010-12-02,sz.000731,7.4400,7.4700,7.3300,7.3500,7.3500,6983180,51582642.8100,3,1.397465,1,0.000000,0
2010-12-03,sz.000731,7.3600,7.3800,7.1100,7.1700,7.3500,8104914,58502366.3800,3,1.621945,1,-2.449000,0
2010-12-06,sz.000731,7.2000,7.2100,7.0100,7.0700,7.1700,6468508,45831921.1500,3,1.294470,1,-1.394700,0
2010-12-07,sz.000731,7.0500,7.1400,6.9400,7.1200,7.0700,4787928,33806705.3300,3,0.958154,1,0.707200,0
2010-12-08,sz.000731,7.1100,7.1600,7.0300,7.0400,7.1200,4268023,30281648.0700,3,0.854111,1,-1.123600,0
2010-12-09,sz.000731,7.0400,7.0500,6.9000,6.9000,7.0400,4672829,32612208.3200,3,0.935121,1,-1.988600,0
2010-12-10,sz.000731,6.8100,6.9500,6.7600,6.9100,6.9000,4265577,29307790.3400,3,0.853622,1,0.144900,0
2010-12-13,sz.000731,6.9500,7.1000,6.9500,7.0900,6.9100,5460936,38569389.8400,3,1.092836,1,2.604900,0
2010-12-14,sz.000731,7.1100,7.1300,7.0500,7.0900,7.0900,5849963,41443794.8700,3,1.170687,1,0.000000,0
2010-12-15,sz.000731,7.1000,7.1500,7.0600,7.1000,7.0900,7526096,53449230.3400,3,1.506113,1,0.141000,0
2010-12-16,sz.000731,7.0800,7.1600,7.0500,7.1000,7.1000,5607873,39851866.6100,3,1.122241,1,0.000000,0
2010-12-17,sz.000731,7.1300,7.1400,6.9900,7.0300,7.1000,4913870,34537890.1500,3,0.983358,1,-0.985900,0
2010-12-20,sz.000731,7.0300,7.0800,6.8000,6.8800,7.0300,6570416,45458063.1200,3,1.314864,1,-2.133700,0
2010-12-21,sz.000731,6.8800,6.9700,6.8500,6.9700,6.8800,3903487,27030491.3100,3,0.781161,1,1.308100,0
2010-12-22,sz.000731,6.9900,7.0800,6.9600,7.0000,6.9700,5656836,39749588.4900,3,1.132039,1,0.430400,0
2010-12-23,sz.000731,7.0000,7.0100,6.8000,6.8200,7.0000,5053884,34784402.1300,3,1.011377,1,-2.571400,0
2010-12-24,sz.000731,6.7800,6.8200,6.6700,6.6800,6.8200,3934288,26482537.3500,3,0.787325,1,-2.052800,0
2010-12-27,sz.000731,6.6900,6.7700,6.4900,6.5000,6.6800,3949895,26263634.7000,3,0.790448,1,-2.694600,0
2010-12-28,sz.000731,6.5100,6.5600,6.4200,6.4600,6.5000,3628592,23576135.1700,3,0.726149,1,-0.615400,0
2010-12-29,sz.000731,6.5000,6.5100,6.4000,6.5000,6.4600,2568619,16593415.5600,3,0.514029,1,0.619200,0
2010-12-30,sz.000731,6.5000,6.5100,6.3700,6.4300,6.5000,3002672,19328572.3900,3,0.600891,1,-1.076900,0
2010-12-31,sz.000731,6.4800,6.6000,6.4400,6.5600,6.4300,4268881,27771318.9700,3,0.854277,1,2.021800,0
2011-01-04,sz.000731,6.5800,6.6700,6.5200,6.6600,6.5600,4396957,29018995.6900,3,0.879907,1,1.524400,0
2011-01-05,sz.000731,6.6300,6.6800,6.5900,6.6100,6.6600,3086340,20445496.2700,3,0.617630,1,-0.750800,0
2011-01-06,sz.000731,6.6100,6.7300,6.5700,6.6900,6.6100,4903680,32641227.8100,3,0.981312,1,1.210300,0
2011-01-07,sz.000731,6.6800,6.7600,6.6300,6.6700,6.6900,3803220,25414125.9900,3,0.761090,1,-0.299000,0
2011-01-10,sz.000731,6.6200,6.7100,6.5200,6.5200,6.6700,3458578,22830469.2700,3,0.692122,1,-2.248900,0
2011-01-11,sz.000731,6.5100,6.5200,6.4100,6.4900,6.5200,2312507,14936898.1300,3,0.462773,1,-0.460100,0
2011-01-12,sz.000731,6.4900,6.5700,6.4700,6.5600,6.4900,2031697,13244948.9800,3,0.406578,1,1.078600,0
2011-01-13,sz.000731,6.5900,6.6500,6.5800,6.6000,6.5600,2786641,18440318.1000,3,0.557655,1,0.609800,0
2011-01-14,sz.000731,6.6000,6.6000,6.4300,6.4900,6.6000,2268439,14728063.9800,3,0.453954,1,-1.666700,0
2011-01-17,sz.000731,6.4400,6.4700,6.1800,6.1900,6.4900,3278774,20666495.1200,3,0.656140,1,-4.622500,0
2011-01-18,sz.000731,6.1900,6.2400,6.1600,6.1900,6.1900,1550611,9616581.9700,3,0.310304,1,0.000000,0
2011-01-19,sz.000731,6.2300,6.3400,6.2000,6.3200,6.1900,2143010,13455462.5600,3,0.428854,1,2.100200,0
2011-01-20,sz.000731,6.3200,6.3200,6.0900,6.0900,6.3200,2527065,15637060.4700,3,0.505710,1,-3.639200,0
2011-01-21,sz.000731,6.0600,6.2100,6.0500,6.1200,6.0900,2586567,15857271.0800,3,0.517617,1,0.492600,0
2011-01-24,sz.000731,6.1300,6.1800,6.0800,6.1200,6.1200,1947126,11934750.9400,3,0.389654,1,0.000000,0
2011-01-25,sz.000731,6.1300,6.1700,6.0700,6.1100,6.1200,1881338,11490929.8700,3,0.376488,1,-0.163400,0
2011-01-26,sz.000731,6.1300,6.1900,6.1200,6.1900,6.1100,1603398,9890809.4100,3,0.320868,1,1.309300,0
2011-01-27,sz.000731,6.1700,6.3400,6.1200,6.3400,6.1900,3439183,21608876.8900,3,0.688240,1,2.423300,0
2011-01-28,sz.000731,6.3200,6.3600,6.2500,6.3100,6.3400,2510058,15807525.9100,3,0.502306,1,-0.473200,0
2011-01-31,sz.000731,6.3000,6.4100,6.2700,6.3900,6.3100,2071225,13179823.4600,3,0.414488,1,1.267800,0
2011-02-01,sz.000731,6.4000,6.4300,6.3300,6.4000,6.3900,2125800,13571039.9700,3,0.425410,1,0.156500,0
2011-02-09,sz.000731,6.4000,6.6200,6.3500,6.5600,6.4000,6316848,41349316.5300,3,1.264111,1,2.500000,0
2011-02-10,sz.000731,6.5600,6.8200,6.5000,6.7800,6.5600,9008141,60718170.4800,3,1.802685,1,3.353700,0
2011-02-11,sz.000731,6.7900,6.8000,6.6500,6.7400,6.7800,5582579,37497690.0500,3,1.117171,1,-0.590000,0
2011-02-14,sz.000731,6.7500,6.8100,6.7200,6.8000,6.7400,6458959,43729399.5100,3,1.292550,1,0.890200,0
2011-02-15,sz.000731,6.8000,6.8700,6.7100,6.7200,6.8000,6628081,45155169.5200,3,1.326394,1,-1.176500,0
2011-02-16,sz.000731,6.7300,6.8200,6.6800,6.8200,6.7200,5715974,38554466.6700,3,1.143866,1,1.488100,0
2011-02-17,sz.000731,6.8500,7.0600,6.8400,6.9600,6.8200,10174261,70845982.9200,3,2.036046,1,2.052800,0
2011-02-18,sz.000731,6.9600,6.9800,6.7700,6.8700,6.9600,5151691,35329266.4700,3,1.030943,1,-1.293100,0
2011-02-21,sz.000731,6.8400,6.9800,6.8200,6.9800,6.8700,6212439,42921286.5500,3,1.243217,1,1.601200,0
2011-02-22,sz.000731,6.9500,6.9500,6.6700,6.6900,6.9800,11065803,74973535.5500,3,2.214459,1,-4.154700,0
2011-02-23,sz.000731,6.6600,6.7800,6.6600,6.7600,6.6900,6045926,40688242.3600,3,1.209895,1,1.046300,0
2011-02-24,sz.000731,6.7700,7.0400,6.7600,7.0100,6.7600,16423907,114061655.1200,3,3.286709,1,3.698200,0
2011-02-25,sz.000731,6.9700,6.9700,6.8200,6.9400,7.0100,6246898,43171516.7300,3,1.250113,1,-0.998600,0
2011-02-28,sz.000731,6.9700,7.0600,6.9000,7.0400,6.9400,8264666,57834213.9300,3,1.653903,1,1.440900,0
2011-03-01,sz.000731,7.0600,7.1400,7.0000,7.0200,7.0400,7856894,55468133.1800,3,1.572301,1,-0.284091,0
2011-03-02,sz.000731,7.0200,7.0300,6.8500,7.0200,7.0200,6777122,47047945.0900,3,1.356220,1,0.000000,0
2011-03-03,sz.000731,7.0300,7.0700,6.8900,6.9200,7.0200,5349540,37308889.5100,3,1.070536,1,-1.424500,0
2011-03-04,sz.000731,6.9000,6.9700,6.8900,6.9600,6.9200,6357663,44055575.9000,3,1.272279,1,0.578000,0
2011-03-07,sz.000731,6.9600,7.1300,6.9600,7.1300,6.9600,11985794,84527790.6500,3,2.398566,1,2.442500,0
2011-03-08,sz.000731,7.1100,7.1500,7.0300,7.0900,7.1300,6291669,44500937.1300,3,1.259072,1,-0.561000,0
2011-03-09,sz.000731,7.0900,7.1500,7.0400,7.1200,7.0900,7461829,52962476.7900,3,1.493242,1,0.423100,0
2011-03-10,sz.000731,7.1000,7.1000,6.9500,6.9900,7.1200,7145080,50040653.0100,3,1.429855,1,-1.825800,0
2011-03-11,sz.000731,6.9500,7.0100,6.8600,6.8900,6.9900,6239365,43380548.4900,3,1.248605,1,-1.430600,0
2011-03-14,sz.000731,6.8800,7.0700,6.8700,7.0600,6.8900,8415345,58993452.8600,3,1.684057,1,2.467300,0
2011-03-15,sz.000731,7.0500,7.0500,6.8200,6.9500,7.0600,7515417,52033222.8100,3,1.503965,1,-1.558100,0
2011-03-16,sz.000731,6.9400,7.2100,6.9100,7.2100,6.9500,16256858,115523783.8200,3,3.253280,1,3.741000,0
2011-03-17,sz.000731,7.1700,7.1900,7.0700,7.1000,7.2100,11016239,78502321.9600,3,2.204541,1,-1.525700,0
2011-03-18,sz.000731,7.1000,7.1000,7.1000,7.1000,7.1000,0,0.0000,3,,0,0.000000,0
2011-03-21,sz.000731,7.1300,7.1500,6.9600,7.0000,7.1000,6387545,44927464.9200,3,1.278259,1,-1.408500,0
2011-03-22,sz.000731,7.0300,7.1100,6.8800,7.0800,7.0000,6076675,42492400.0200,3,1.216048,1,1.142900,0
2011-03-23,sz.000731,7.0900,7.1400,7.0500,7.1000,7.0800,7483220,53135633.8200,3,1.497522,1,0.282500,0
2011-03-24,sz.000731,7.1000,7.5400,7.0600,7.3600,7.1000,31495258,231357419.5400,3,6.302748,1,3.662000,0
2011-03-25,sz.000731,7.3000,7.4700,7.2700,7.3600,7.3600,19967981,147430999.4400,3,3.995940,1,0.000000,0
2011-03-28,sz.000731,7.3600,7.5700,7.3200,7.4700,7.3600,17515940,130665876.7000,3,3.505244,1,1.494600,0
2011-03-29,sz.000731,7.4600,7.6900,7.3400,7.4800,7.4700,15639681,117247313.0200,3,3.129772,1,0.133900,0
2011-03-30,sz.000731,7.4600,7.6500,7.2800,7.5100,7.4800,16486224,123695966.1800,3,3.299180,1,0.401100,0
2011-03-31,sz.000731,7.4500,7.4500,7.1900,7.2000,7.5100,11604140,84723288.8300,3,2.310729,1,-4.127800,0
2011-04-01,sz.000731,7.1800,7.3100,7.0900,7.3100,7.2000,6879614,49601159.1500,3,1.369935,1,1.527800,0
2011-04-06,sz.000731,7.2600,7.3600,7.2200,7.3000,7.3100,6773697,49404139.0000,3,1.348844,1,-0.136800,0
2011-04-07,sz.000731,7.2700,7.5200,7.2700,7.4400,7.3000,10613363,78873673.7600,3,2.113436,1,1.917800,0
2011-04-08,sz.000731,7.4400,7.4400,7.3000,7.4300,7.4400,8203944,60532314.2400,3,1.633649,1,-0.134400,0
2011-04-11,sz.000731,7.4300,7.4400,7.2700,7.2800,7.4300,8430193,62029223.6800,3,1.678702,1,-2.018800,0
2011-04-12,sz.000731,7.2700,7.4000,7.2400,7.3500,7.2800,8123829,59516026.1300,3,1.617696,1,0.961500,0
2011-04-13,sz.000731,7.3200,7.3700,7.2100,7.3500,7.3500,6351423,46372365.4100,3,1.264757,1,0.000000,0
2011-04-14,sz.000731,7.3400,7.5400,7.3300,7.4200,7.3500,14460827,107744675.6500,3,2.879580,1,0.952400,0
2011-04-15,sz.000731,7.4200,7.6100,7.3300,7.5900,7.4200,20245708,151996836.9900,3,4.031522,1,2.291100,0
2011-04-18,sz.000731,7.6000,7.7800,7.5000,7.7000,7.5900,20412630,156656261.8100,3,4.064761,1,1.449300,0
2011-04-19,sz.000731,7.6200,8.0700,7.5700,7.8100,7.7000,38263785,300817867.1100,3,7.619456,1,1.428600,0
2011-04-20,sz.000731,7.7900,7.8400,7.6100,7.6800,7.8100,19792976,152533643.5900,3,3.941369,1,-1.664500,0
2011-04-21,sz.000731,7.7000,7.7400,7.6100,7.6700,7.6800,9988455,76540498.1500,3,1.988998,1,-0.130200,0
2011-04-22,sz.000731,7.6800,7.6900,7.4700,7.4900,7.6700,11259154,84880486.7000,3,2.242032,1,-2.346800,0
2011-04-25,sz.000731,7.4500,7.4600,7.1800,7.1900,7.4900,11271118,82065435.3800,3,2.244414,1,-4.005300,0
2011-04-26,sz.000731,7.1300,7.2200,7.0700,7.1800,7.1900,6328985,45178924.4100,3,1.260289,1,-0.139100,0
2011-04-27,sz.000731,7.1900,7.2500,6.9900,7.0400,7.1800,5539012,39348985.6100,3,1.102982,1,-1.949900,0
2011-04-28,sz.000731,7.0300,7.0900,6.7200,6.7600,7.0400,6037937,41734140.8000,3,1.202333,1,-3.977300,0
2011-04-29,sz.000731,6.8000,6.8900,6.7600,6.8900,6.7600,3118261,21285376.7200,3,0.620938,1,1.923100,0
2011-05-03,sz.000731,6.8400,7.0500,6.7400,7.0400,6.8900,5349629,36904070.5500,3,1.065270,1,2.177100,0
2011-05-04,sz.000731,6.9700,7.0200,6.7700,6.8900,7.0400,5285609,36377332.4700,3,1.052522,1,-2.130700,0
2011-05-05,sz.000731,6.8500,6.9800,6.8300,6.9500,6.8900,4893637,33754019.0400,3,0.974468,1,0.870800,0
2011-05-06,sz.000731,6.9000,6.9700,6.8300,6.9500,6.9500,3900416,26920234.1000,3,0.776689,1,0.000000,0
2011-05-09,sz.000731,6.9800,7.0400,6.9500,6.9900,6.9500,3566974,24902733.7100,3,0.710290,1,0.575500,0
2011-05-10,sz.000731,7.0100,7.1400,6.9500,7.1000,6.9900,5825812,41119776.1000,3,1.160092,1,1.573700,0
2011-05-11,sz.000731,7.0500,7.1400,6.9900,7.1000,7.1000,4641147,32849317.8500,3,0.924190,1,0.000000,0
2011-05-12,sz.000731,7.0800,7.4500,7.0000,7.1800,7.1000,14314871,104257291.3300,3,2.850516,1,1.126800,0
2011-05-13,sz.000731,7.1800,7.1800,7.1800,7.1800,7.1800,0,0.0000,3,,0,0.000000,0
2011-05-16,sz.000731,7.1300,7.2800,7.1200,7.2100,7.0800,8433574,60738827.7600,3,1.679375,1,1.836200,0
2011-05-17,sz.000731,7.1800,7.1800,6.9800,7.0400,7.2100,7117141,50391464.0300,3,1.417234,1,-2.357800,0
2011-05-18,sz.000731,7.0000,7.1600,6.9600,7.1200,7.0400,4023037,28482520.8500,3,0.801106,1,1.136400,0
2011-05-19,sz.000731,7.1200,7.2100,7.0500,7.1100,7.1200,4686543,33513193.2000,3,0.933230,1,-0.140400,0
2011-05-20,sz.000731,7.1000,7.1600,6.9800,7.1000,7.1100,3957767,27980317.4100,3,0.788109,1,-0.140600,0
2011-05-23,sz.000731,7.0600,7.0800,6.6100,6.6500,7.1000,6280601,43100677.7500,3,1.250654,1,-6.338000,0
2011-05-24,sz.000731,6.6800,6.7400,6.6200,6.6700,6.6500,3477490,23224562.3800,3,0.692472,1,0.300800,0
2011-05-25,sz.000731,6.7000,6.7600,6.6000,6.6200,6.6700,3203092,21344118.3200,3,0.637831,1,-0.749600,0
2011-05-26,sz.000731,6.6500,6.8200,6.6500,6.7500,6.6200,4692335,31593190.9400,3,0.934383,1,1.963700,0
2011-05-27,sz.000731,6.7400,6.7500,6.3600,6.4000,6.7500,5069795,33105837.4500,3,1.009547,1,-5.185200,0
2011-05-30,sz.000731,6.4000,6.4200,6.2300,6.2500,6.4000,3062067,19413627.0000,3,0.609748,1,-2.343800,0
2011-05-31,sz.000731,6.2500,6.4400,6.2500,6.4300,6.2500,2199757,13961917.3400,3,0.438037,1,2.880000,0
2011-06-01,sz.000731,6.4500,6.6000,6.3700,6.5200,6.4300,2647476,17168120.9700,3,0.527191,1,1.399700,0
2011-06-02,sz.000731,6.4600,6.4900,6.3300,6.4300,6.5200,2410659,15407474.9700,3,0.480034,1,-1.380400,0
2011-06-03,sz.000731,6.4300,6.5100,6.4200,6.4800,6.4300,1804207,11680707.7600,3,0.359271,1,0.777600,0
2011-06-07,sz.000731,6.4700,6.5900,6.4300,6.5500,6.4800,1920778,12547906.3800,3,0.382484,1,1.080200,0
2011-06-08,sz.000731,6.5400,6.5900,6.4400,6.5500,6.5500,2142626,13984462.2200,3,0.426660,1,0.000000,0
2011-06-09,sz.000731,6.5800,6.6500,6.4200,6.4600,6.5500,3650614,23857106.5400,3,0.726946,1,-1.374000,0
2011-06-10,sz.000731,6.4800,6.5200,6.3200,6.5100,6.4600,2300714,14778905.4300,3,0.458140,1,0.774000,0
2011-06-13,sz.000731,6.4800,6.5800,6.4400,6.5500,6.5100,1811578,11803528.5000,3,0.360739,1,0.614400,0
2011-06-14,sz.000731,6.5500,6.6300,6.5300,6.6000,6.5500,2675501,17629860.1300,3,0.532772,1,0.763400,0
2011-06-15,sz.000731,6.6000,6.6300,6.5300,6.5300,6.6000,2337009,15369098.5000,3,0.465368,1,-1.060600,0
2011-06-16,sz.000731,6.5000,6.5000,6.2900,6.2900,6.5300,3114433,19858542.8900,3,0.620176,1,-3.675300,0
2011-06-17,sz.000731,6.3400,6.3700,6.1700,6.2000,6.2900,2358489,14771772.4000,3,0.469645,1,-1.430800,0
2011-06-20,sz.000731,6.2000,6.2400,6.1100,6.1300,6.2000,1990977,12244444.3800,3,0.396463,1,-1.129000,0
2011-06-21,sz.000731,6.1500,6.2400,6.1200,6.2200,6.1300,2000254,12368928.7000,3,0.398310,1,1.468200,0
2011-06-22,sz.000731,6.2400,6.2400,6.1700,6.2000,6.2200,1172764,7276467.9400,3,0.233532,1,-0.321500,0
2011-06-23,sz.000731,6.2100,6.3000,6.1000,6.2800,6.2000,2859828,17767999.3400,3,0.569477,1,1.290300,0
2011-06-24,sz.000731,6.2400,6.4400,6.2300,6.4000,6.2800,4474660,28427609.5300,3,0.891038,1,1.910800,0
2011-06-27,sz.000731,6.4000,6.5100,6.3900,6.4900,6.4000,4106781,26471473.6000,3,0.817782,1,1.406200,0
2011-06-28,sz.000731,6.4800,6.5100,6.3900,6.4000,6.4900,4412887,28375942.2500,3,0.878737,1,-1.386700,0
2011-06-29,sz.000731,6.4300,6.5300,6.4000,6.4100,6.4000,6062695,39252876.8400,3,1.207263,1,0.156200,0
2011-06-30,sz.000731,6.4200,6.5000,6.3900,6.4700,6.4100,4353971,28076360.8400,3,0.867005,1,0.936000,0
2011-07-01,sz.000731,6.4700,6.5100,6.4400,6.4700,6.4700,3495240,22624463.3000,3,0.696006,1,0.000000,0
2011-07-04,sz.000731,6.4800,6.5700,6.4600,6.5600,6.4700,5561429,36343622.7700,3,1.107445,1,1.391000,0
2011-07-05,sz.000731,6.6000,6.6700,6.5600,6.5800,6.5600,5453453,36027354.2500,3,1.085944,1,0.304900,0
2011-07-06,sz.000731,6.6000,6.6200,6.4900,6.6000,6.5800,4558344,29840369.2800,3,0.907701,1,0.304000,0
2011-07-07,sz.000731,6.5800,6.6500,6.5600,6.5800,6.6000,5255594,34697608.2600,3,1.046545,1,-0.303000,0
2011-07-08,sz.000731,6.9500,7.2400,6.8800,7.2400,6.5800,34082590,244385493.3300,3,6.786854,1,10.030390,0
2011-07-11,sz.000731,7.3800,7.5000,7.2700,7.3200,7.2400,36769592,270985181.5200,3,7.321916,1,1.105000,0
2011-07-12,sz.000731,7.2400,7.3900,7.2300,7.3700,7.3200,20911359,153188389.6300,3,4.164071,1,0.683100,0
2011-07-13,sz.000731,7.3400,7.5000,7.3100,7.4000,7.3700,21957738,162551921.1400,3,4.372437,1,0.407100,0
2011-07-14,sz.000731,7.4000,7.4800,7.2800,7.3200,7.4000,17695950,130513837.1800,3,3.523788,1,-1.081100,0
2011-07-15,sz.000731,7.3300,7.4200,7.2200,7.3000,7.3200,15268172,111538746.2100,3,3.040346,1,-0.273200,0
2011-07-18,sz.000731,7.3000,7.4300,7.2800,7.3900,7.3000,11345231,83450359.8700,3,2.259172,1,1.232900,0
2011-07-19,sz.000731,7.3800,7.5800,7.3100,7.3500,7.3900,15580334,115935551.2400,3,3.102506,1,-0.541300,0
2011-07-20,sz.000731,7.3800,7.4200,7.1900,7.2900,7.3500,10016784,73045974.2600,3,1.994639,1,-0.816300,0
2011-07-21,sz.000731,7.2900,7.3200,7.0800,7.1100,7.2900,8531306,61144122.3000,3,1.698836,1,-2.469100,0
2011-07-22,sz.000731,7.1300,7.2100,7.1000,7.1100,7.1100,6799724,48672491.9600,3,1.354027,1,0.000000,0
2011-07-25,sz.000731,7.1100,7.1800,6.8900,6.9800,7.1100,10672051,75094232.5700,3,2.125122,1,-1.828400,0
2011-07-26,sz.000731,6.9800,7.1000,6.9400,7.1000,6.9800,4761634,33506919.5900,3,0.948182,1,1.719200,0
2011-07-27,sz.000731,7.0700,7.3000,7.0400,7.2500,7.1000,9213808,66224407.6100,3,1.834742,1,2.112700,0
2011-07-28,sz.000731,7.1700,7.4400,7.1500,7.3000,7.2500,13798653,101338272.4900,3,2.747721,1,0.689700,0
2011-07-29,sz.000731,7.3200,7.4200,7.2400,7.2800,7.3000,7695798,56282722.1100,3,1.532462,1,-0.274000,0
2011-08-01,sz.000731,7.2800,7.6300,7.2700,7.4900,7.2800,19884143,149189993.6800,3,3.959522,1,2.884600,0
2011-08-02,sz.000731,7.5800,7.5800,7.1300,7.2200,7.4900,14074788,102734498.3000,3,2.802708,1,-3.604800,0
2011-08-03,sz.000731,7.1500,7.2000,7.0100,7.1400,7.2200,6981045,49713890.6500,3,1.390133,1,-1.108000,0
2011-08-04,sz.000731,7.1400,7.2400,7.1300,7.1600,7.1400,4758961,34118596.5200,3,0.947650,1,0.280100,0
2011-08-05,sz.000731,6.8200,7.0400,6.8200,6.9500,7.1600,7184900,49941245.9400,3,1.430727,1,-2.933000,0
2011-08-08,sz.000731,6.9000,6.9500,6.3500,6.4700,6.9500,9388791,62098157.2200,3,1.869587,1,-6.906500,0
2011-08-09,sz.000731,6.2400,6.7600,6.1800,6.6700,6.4700,9263601,60542340.4400,3,1.844658,1,3.091200,0
2011-08-10,sz.000731,6.9000,6.9600,6.7700,6.7800,6.6700,9930498,68391395.5800,3,1.977457,1,1.649200,0
2011-08-11,sz.000731,6.6400,6.9200,6.5900,6.8700,6.7800,6334049,43296132.0900,3,1.261297,1,1.327400,0
2011-08-12,sz.000731,6.9500,6.9800,6.8100,6.9000,6.8700,7099630,48954024.9600,3,1.413747,1,0.436700,0
2011-08-15,sz.000731,6.9100,7.0400,6.8600,7.0200,6.9000,6219465,43288593.9100,3,1.238480,1,1.739100,0
2011-08-16,sz.000731,7.0000,7.0300,6.8500,6.9000,7.0200,5111611,35458455.1700,3,1.017873,1,-1.709400,0
2011-08-17,sz.000731,6.8600,6.9300,6.8100,6.9000,6.9000,4575541,31473021.8500,3,0.911126,1,0.000000,0
2011-08-18,sz.000731,6.8600,6.9900,6.8300,6.8900,6.9000,7899922,54635341.7800,3,1.573109,1,-0.144900,0
2011-08-19,sz.000731,6.7200,6.9700,6.6900,6.8800,6.8900,4934073,33353504.5300,3,0.982520,1,-0.145100,0
2011-08-22,sz.000731,6.8000,7.5700,6.8000,7.2100,6.8800,25566896,185804769.6700,3,5.091127,1,4.796500,0
2011-08-23,sz.000731,7.2100,7.3800,7.1100,7.3100,7.2100,16273706,118604907.6200,3,3.240577,1,1.387000,0
2011-08-24,sz.000731,7.3500,7.3800,7.2200,7.2700,7.3100,9974816,72943226.3300,3,1.986282,1,-0.547200,0
2011-08-25,sz.000731,7.3100,7.4000,7.2200,7.3500,7.2700,11856344,87082796.7800,3,2.360950,1,1.100400,0
2011-08-26,sz.000731,7.3500,7.5800,7.2700,7.3900,7.3500,18703926,139232578.4800,3,3.724506,1,0.544217,0
2011-08-29,sz.000731,7.3800,7.6500,7.3000,7.3500,7.3900,21359489,160052690.6700,3,4.253307,1,-0.541300,0
2011-08-30,sz.000731,7.3800,7.4100,7.2000,7.2200,7.3500,13067505,95414419.0100,3,2.602128,1,-1.768700,0
2011-08-31,sz.000731,7.2200,7.3100,7.1500,7.2200,7.2200,6029010,43596693.8300,3,1.200555,1,0.000000,0
2011-09-01,sz.000731,7.3000,7.3700,7.1000,7.1400,7.2200,8780920,63735360.6500,3,1.748541,1,-1.108000,0
2011-09-02,sz.000731,7.1400,7.2000,7.0600,7.1500,7.1400,7193289,51384302.1900,3,1.432397,1,0.140100,0
2011-09-05,sz.000731,7.0600,7.1200,6.8500,6.9800,7.1500,9105604,63578313.3000,3,1.813196,1,-2.377600,0
2011-09-06,sz.000731,6.9200,7.0700,6.8200,6.9900,6.9800,4040830,28009262.2200,3,0.804649,1,0.143300,0
2011-09-07,sz.000731,6.9800,7.3300,6.9800,7.2700,6.9900,14384032,103243390.5800,3,2.864287,1,4.005700,0
2011-09-08,sz.000731,7.2600,7.3700,7.1500,7.1600,7.2700,10080589,73335540.0700,3,2.007344,1,-1.513069,0
2011-09-09,sz.000731,7.1600,7.3500,7.1100,7.2900,7.1600,9100303,65807111.1200,3,1.812140,1,1.815600,0
2011-09-13,sz.000731,7.2100,7.4800,7.1600,7.4000,7.2900,19992806,147279951.6900,3,3.981160,1,1.508900,0
2011-09-14,sz.000731,7.3800,7.4700,7.2300,7.4500,7.4000,14010120,103343481.0400,3,2.789830,1,0.675700,0
2011-09-15,sz.000731,7.4500,7.4500,7.2500,7.2600,7.4500,10705341,78758626.3800,3,2.131751,1,-2.550300,0
2011-09-16,sz.000731,7.3000,7.6500,7.2600,7.5300,7.2600,30750567,231684547.4400,3,6.123349,1,3.719000,0
2011-09-19,sz.000731,7.5000,7.6600,7.3500,7.3700,7.5300,24455674,183862549.5300,3,4.869850,1,-2.124800,0
2011-09-20,sz.000731,7.3100,7.4200,7.1600,7.4200,7.3700,14834670,108021530.7600,3,2.954023,1,0.678400,0
2011-09-21,sz.000731,7.3900,7.6200,7.2200,7.5800,7.4200,23047383,172578824.6400,3,4.589417,1,2.156300,0
2011-09-22,sz.000731,7.4800,7.8400,7.4200,7.4600,7.5800,27777894,212464982.4300,3,5.531402,1,-1.583100,0
2011-09-23,sz.000731,7.2500,7.3900,7.1800,7.2800,7.4600,14945554,108518647.5200,3,2.976103,1,-2.412900,0
2011-09-26,sz.000731,7.2400,7.3400,7.0500,7.0900,7.2800,11267302,80807020.1000,3,2.243654,1,-2.609900,0
2011-09-27,sz.000731,7.1200,7.1700,6.9600,7.1100,7.0900,8674639,61483293.6500,3,1.727378,1,0.282100,0
2011-09-28,sz.000731,7.1500,7.1700,6.7600,6.8400,7.1100,8897919,62381034.7400,3,1.771839,1,-3.797500,0
2011-09-29,sz.000731,6.7500,6.8200,6.5500,6.5700,6.8400,8712336,57923070.2400,3,1.734884,1,-3.947400,0
2011-09-30,sz.000731,6.6000,6.6700,6.5000,6.6400,6.5700,3822731,25265921.0200,3,0.761219,1,1.065400,0
2011-10-10,sz.000731,6.7200,6.7400,6.6100,6.6700,6.6400,2738861,18292297.1200,3,0.545388,1,0.451800,0
2011-10-11,sz.000731,6.8300,6.9100,6.6500,6.7500,6.6700,6617291,44885230.6300,3,1.317699,1,1.199400,0
2011-10-12,sz.000731,6.9400,7.4300,6.8200,7.3500,6.7500,27322231,197774419.8100,3,5.440666,1,8.888900,0
2011-10-13,sz.000731,7.2200,7.5600,7.2100,7.5000,7.3500,23795851,176603142.1200,3,4.738459,1,2.040800,0
2011-10-14,sz.000731,7.4000,7.5900,7.3600,7.5200,7.5000,20725563,155295893.6000,3,4.127074,1,0.266700,0
2011-10-17,sz.000731,7.5000,7.5900,7.4200,7.5800,7.5200,15397763,115476228.2600,3,3.066151,1,0.797900,0
2011-10-18,sz.000731,7.5200,7.5300,7.2800,7.3700,7.5800,15963807,117983686.5700,3,3.178867,1,-2.770400,0
2011-10-19,sz.000731,7.4100,7.6900,7.3600,7.4800,7.3700,27099249,203792872.1500,3,5.396264,1,1.492500,0
2011-10-20,sz.000731,7.3800,7.4200,7.1100,7.1800,7.4800,15764682,114432263.4200,3,3.139216,1,-4.010700,0
2011-10-21,sz.000731,7.1900,7.3200,6.9600,7.0000,7.1800,13253608,94263878.9200,3,2.639186,1,-2.507000,0
2011-10-24,sz.000731,7.0500,7.7000,6.9500,7.7000,7.0000,27212497,202444763.4900,3,5.418815,1,10.000000,0
2011-10-25,sz.000731,7.7000,7.9700,7.6600,7.8600,7.7000,54476290,425791595.3800,3,10.847844,1,2.077900,0
2011-10-26,sz.000731,7.7600,8.0500,7.7300,7.8400,7.8600,37851416,297313797.0600,3,7.537339,1,-0.254500,0
2011-10-27,sz.000731,7.8100,8.0600,7.7500,7.9000,7.8400,28566273,225874452.3300,3,5.688392,1,0.765300,0
2011-10-28,sz.000731,7.9800,8.1800,7.8600,7.9800,7.9000,30575578,244099369.2400,3,6.088504,1,1.012700,0
2011-10-31,sz.000731,7.9500,8.1800,7.8200,8.0900,7.9800,32413342,259798508.3600,3,6.454457,1,1.378400,0
2011-11-01,sz.000731,7.9800,8.2600,7.8800,8.0000,8.0900,29227856,235481050.9600,3,5.820133,1,-1.112500,0
2011-11-02,sz.000731,7.8500,8.3500,7.7900,8.3100,8.0000,36879237,298634679.4000,3,7.343749,1,3.875000,0
2011-11-03,sz.000731,8.3500,8.3900,8.1600,8.1700,8.3100,31738996,262589410.5300,3,6.320175,1,-1.684700,0
2011-11-04,sz.000731,8.1900,8.3100,8.0400,8.1100,8.1700,24352259,198827716.9300,3,4.849257,1,-0.734400,0
2011-11-07,sz.000731,8.0800,8.2600,8.0100,8.1200,8.1100,14329862,116826949.5300,3,2.853500,1,0.123300,0
2011-11-08,sz.000731,8.1500,8.3700,8.0700,8.0700,8.1200,21769441,178910251.9600,3,4.334941,1,-0.615800,0
2011-11-09,sz.000731,8.0500,8.1500,7.8500,8.1500,8.0700,23287858,186521728.3200,3,4.637303,1,0.991300,0
2011-11-10,sz.000731,8.0000,8.0800,7.8700,7.8700,8.1500,15941896,127051615.2500,3,3.174504,1,-3.435600,0
2011-11-11,sz.000731,7.8800,8.0200,7.8400,7.9000,7.8700,11747363,93098052.6900,3,2.339248,1,0.381200,0
2011-11-14,sz.000731,8.0000,8.1500,7.9600,8.0700,7.9000,14200701,114654221.7300,3,2.827781,1,2.151900,0
2011-11-15,sz.000731,8.0700,8.1000,7.9400,7.9900,8.0700,11478125,91961289.5100,3,2.285635,1,-0.991300,0
2011-11-16,sz.000731,8.0200,8.2500,7.8100,7.8800,7.9900,24345636,196445036.3300,3,4.847938,1,-1.376700,0
2011-11-17,sz.000731,7.8900,7.9400,7.7500,7.7800,7.8800,12196633,95395481.8600,3,2.428711,1,-1.269000,0
2011-11-18,sz.000731,7.7500,7.8500,7.6600,7.7800,7.7800,11758978,91232003.9800,3,2.341561,1,0.000000,0
2011-11-21,sz.000731,7.8100,8.1000,7.7400,8.1000,7.7800,16039764,127219733.6500,3,3.193993,1,4.113100,0
2011-11-22,sz.000731,8.0400,8.2000,7.9500,8.1500,8.1000,17518370,141660794.5900,3,3.488427,1,0.617300,0
2011-11-23,sz.000731,8.1400,8.1400,7.8900,7.9000,8.1500,11474299,91831629.0000,3,2.284873,1,-3.067500,0
2011-11-24,sz.000731,7.8100,7.8700,7.5500,7.7300,7.9000,13159280,101549253.6100,3,2.620403,1,-2.151900,0
2011-11-25,sz.000731,7.7300,7.8400,7.5900,7.6500,7.7300,7657832,59118885.7700,3,1.524901,1,-1.034900,0
2011-11-28,sz.000731,7.6800,7.8300,7.6300,7.7300,7.6500,7517056,58147607.2000,3,1.496869,1,1.045800,0
2011-11-29,sz.000731,7.8200,7.9400,7.7100,7.9000,7.7300,9475760,74147600.2700,3,1.886905,1,2.199200,0
2011-11-30,sz.000731,7.8600,7.9000,7.2600,7.4200,7.9000,15843921,119540773.6000,3,3.154994,1,-6.075900,0
2011-12-01,sz.000731,7.6600,7.7900,7.5300,7.5500,7.4200,12791337,97867790.9900,3,2.547134,1,1.752000,0
2011-12-02,sz.000731,7.4900,7.4900,7.2500,7.3100,7.5500,8677768,63670354.7600,3,1.728001,1,-3.178800,0
2011-12-05,sz.000731,7.2800,7.3000,7.1000,7.1500,7.3100,6385818,45921227.9000,3,1.271606,1,-2.188800,0
2011-12-06,sz.000731,7.1200,7.2800,7.1100,7.2400,7.1500,4707434,33939255.2900,3,0.937390,1,1.258700,0
2011-12-07,sz.000731,7.2400,7.3100,7.1700,7.2700,7.2400,4208003,30507729.1800,3,0.837938,1,0.414400,0
2011-12-08,sz.000731,7.2700,7.3600,7.0700,7.2400,7.2700,7221544,52179247.3300,3,1.438023,1,-0.412700,0
2011-12-09,sz.000731,7.1700,7.3000,7.1200,7.2200,7.2400,4607468,33261826.8700,3,0.917483,1,-0.276200,0
2011-12-12,sz.000731,7.2300,7.3400,7.1900,7.2400,7.2200,5228920,38039530.6700,3,1.041233,1,0.277000,0
2011-12-13,sz.000731,7.1800,7.2300,6.7700,6.8300,7.2400,10886352,75537791.2000,3,2.167795,1,-5.663000,0
2011-12-14,sz.000731,6.7900,6.8900,6.6300,6.6600,6.8300,6312773,42641498.8400,3,1.257060,1,-2.489000,0
2011-12-15,sz.000731,6.6400,6.6700,6.3900,6.4600,6.6600,8441238,54931896.7400,3,1.680901,1,-3.003000,0
2011-12-16,sz.000731,6.5000,6.7300,6.4500,6.7000,6.4600,7337452,48372720.0900,3,1.461104,1,3.715200,0
2011-12-19,sz.000731,6.6200,6.6800,6.3800,6.6100,6.7000,6970885,45596485.8500,3,1.388110,1,-1.343300,0
2011-12-20,sz.000731,6.6000,6.7800,6.5500,6.6100,6.6100,6891486,46004910.2400,3,1.372299,1,0.000000,0
2011-12-21,sz.000731,6.6900,6.7300,6.4000,6.4000,6.6100,5072563,33388093.7500,3,1.010098,1,-3.177000,0
2011-12-22,sz.000731,6.3600,6.3600,6.0400,6.2500,6.4000,8350520,51901784.5500,3,1.662836,1,-2.343800,0
2011-12-23,sz.000731,6.2300,6.4200,6.2000,6.3600,6.2500,5282742,33471437.4200,3,1.051951,1,1.760000,0
2011-12-26,sz.000731,6.3600,6.4200,6.2900,6.3100,6.3600,3371170,21408689.1700,3,0.671300,1,-0.786200,0
2011-12-27,sz.000731,6.3100,6.3400,6.1100,6.1200,6.3100,3940869,24441612.4400,3,0.784744,1,-3.011100,0
2011-12-28,sz.000731,6.1100,6.2200,6.0100,6.2000,6.1200,4813087,29388235.7200,3,0.958428,1,1.307200,0
2011-12-29,sz.000731,6.1500,6.2700,6.1300,6.2100,6.2000,3543207,21991700.8300,3,0.705558,1,0.161300,0
2011-12-30,sz.000731,6.2600,6.3400,6.2400,6.3000,6.2100,3914436,24632470.4200,3,0.779480,1,1.449300,0
2012-01-04,sz.000731,6.3600,6.3800,6.1400,6.1600,6.3000,4961650,31190480.1400,3,0.988010,1,-2.222200,0
2012-01-05,sz.000731,6.0900,6.2300,6.0100,6.0500,6.1600,4954531,30168640.3800,3,0.986592,1,-1.785700,0
2012-01-06,sz.000731,6.0200,6.1000,5.7900,6.0500,6.0500,5784033,34418373.6000,3,1.151771,1,0.000000,0
2012-01-09,sz.000731,6.0000,6.3600,5.9800,6.3400,6.0500,7155784,44479239.1700,3,1.424927,1,4.793400,0
2012-01-10,sz.000731,6.3100,6.5900,6.2600,6.5400,6.3400,11634071,75279022.8100,3,2.316685,1,3.154600,0
2012-01-11,sz.000731,6.5200,6.5500,6.4200,6.4800,6.5400,7888454,51164355.3000,3,1.570823,1,-0.917400,0
2012-01-12,sz.000731,6.9000,7.1300,6.6600,6.6900,6.4800,19401898,132586273.3500,3,3.863487,1,3.240700,0
2012-01-13,sz.000731,6.8300,6.9400,6.6800,6.7600,6.6900,16282533,110713303.9000,3,3.242330,1,1.046300,0
2012-01-16,sz.000731,6.6800,6.8600,6.6000,6.6600,6.7600,9352201,63125818.8600,3,1.862298,1,-1.479300,0
2012-01-17,sz.000731,6.6500,7.0800,6.6300,7.0500,6.6600,14384454,99250580.6800,3,2.864367,1,5.855900,0
2012-01-18,sz.000731,7.0300,7.0500,6.7900,6.8400,7.0500,11814674,81971719.3100,3,2.352648,1,-2.978700,0
2012-01-19,sz.000731,6.8400,7.0100,6.8400,6.9500,6.8400,8250321,57266413.9300,3,1.642881,1,1.608200,0
2012-01-20,sz.000731,6.9500,7.0300,6.9100,6.9600,6.9500,8880716,61903111.1000,3,1.768411,1,0.143900,0
2012-01-30,sz.000731,7.0000,7.0200,6.7900,6.8000,6.9600,6693077,46151984.5900,3,1.332788,1,-2.298900,0
2012-01-31,sz.000731,6.8100,6.8500,6.6800,6.7900,6.8000,5684927,38356095.4000,3,1.132036,1,-0.147100,0
2012-02-01,sz.000731,6.7700,6.9500,6.7300,6.8000,6.7900,6901291,47312750.8700,3,1.374249,1,0.147300,0
2012-02-02,sz.000731,6.8200,6.9700,6.8100,6.9700,6.8000,8426891,58296117.1400,3,1.678041,1,2.500000,0
2012-02-03,sz.000731,6.9700,7.0800,6.9100,7.0800,6.9700,10816970,75863548.1200,3,2.153976,1,1.578200,0
2012-02-06,sz.000731,7.0900,7.1400,7.0000,7.1100,7.0800,9509349,67328167.6600,3,1.893590,1,0.423700,0
2012-02-07,sz.000731,7.0500,7.0600,6.8600,6.8900,7.1100,6901943,47889732.1800,3,1.374379,1,-3.094200,0
2012-02-08,sz.000731,6.9200,7.1300,6.8900,7.1100,6.8900,8153601,57376436.7300,3,1.623621,1,3.193000,0
2012-02-09,sz.000731,7.1100,7.1700,7.0600,7.0900,7.1100,8826207,62782895.1900,3,1.757557,1,-0.281300,0
2012-02-10,sz.000731,7.0900,7.2700,7.0600,7.1700,7.0900,10557167,75738947.1100,3,2.102242,1,1.128300,0
2012-02-13,sz.000731,7.1000,7.2300,7.0700,7.1500,7.1700,9132917,65346260.2600,3,1.818632,1,-0.278900,0
2012-02-14,sz.000731,7.1500,7.3200,7.1400,7.2300,7.1500,11828264,85752626.8400,3,2.355354,1,1.118900,0
2012-02-15,sz.000731,7.2300,7.3000,7.1700,7.2900,7.2300,8644358,62721013.5800,3,1.721345,1,0.829900,0
2012-02-16,sz.000731,7.2900,7.3700,7.1700,7.2200,7.2900,8831880,64179497.4200,3,1.758686,1,-0.960200,0
2012-02-17,sz.000731,7.2200,7.4000,7.1400,7.3200,7.2200,10046260,72986804.0700,3,2.000505,1,1.385000,0
2012-02-20,sz.000731,7.4100,7.5500,7.3200,7.3300,7.3200,12095894,89723110.5100,3,2.408647,1,0.136600,0
2012-02-21,sz.000731,7.3200,7.3900,7.2300,7.3900,7.3300,6356792,46510387.6600,3,1.265824,1,0.818600,0
2012-02-22,sz.000731,7.3600,7.5100,7.3300,7.4400,7.3900,10205594,75857491.1800,3,2.032233,1,0.676600,0
2012-02-23,sz.000731,7.4100,7.4900,7.3800,7.4400,7.4400,8645485,64241985.0700,3,1.721570,1,0.000000,0
2012-02-24,sz.000731,7.4400,7.6300,7.4200,7.5900,7.4400,11171363,84130825.6900,3,2.224546,1,2.016100,0
2012-02-27,sz.000731,7.6200,7.7600,7.5800,7.6300,7.5900,13937567,107101007.4100,3,2.775378,1,0.527000,0
2012-02-28,sz.000731,7.5900,7.5900,7.3700,7.4500,7.6300,16476803,122931789.1500,3,3.281015,1,-2.359100,0
2012-02-29,sz.000731,7.4300,7.5100,7.2800,7.3000,7.4500,12949678,95600412.8000,3,2.578661,1,-2.013400,0
2012-03-01,sz.000731,7.2900,7.4200,7.2900,7.3300,7.3000,8819282,64913098.8500,3,1.756178,1,0.411000,0
2012-03-02,sz.000731,7.3500,7.4700,7.3400,7.4700,7.3300,9349735,69441589.4800,3,1.861807,1,1.910000,0
2012-03-05,sz.000731,7.5100,7.6000,7.4700,7.5100,7.4700,13356605,100564907.3500,3,2.659692,1,0.535500,0
2012-03-06,sz.000731,7.5000,7.5100,7.3200,7.4100,7.5100,10146953,75088819.5000,3,2.020556,1,-1.331600,0
2012-03-07,sz.000731,7.3000,7.4300,7.2800,7.3000,7.4100,9050043,66459014.2500,3,1.802129,1,-1.484500,0
2012-03-08,sz.000731,7.3000,7.3000,7.3000,7.3000,7.3000,0,0.0000,3,,0,0.000000,0
2012-03-09,sz.000731,7.4300,7.7400,7.4200,7.6700,7.3000,22680615,172098175.6200,3,4.516376,1,5.068500,0
2012-03-12,sz.000731,7.7100,7.8900,7.6700,7.6800,7.6700,21446712,166503621.2600,3,4.270669,1,0.130400,0
2012-03-13,sz.000731,7.6800,7.8200,7.5900,7.7700,7.6800,13163592,101504010.5900,3,2.621257,1,1.171900,0
2012-03-14,sz.000731,7.7800,7.8200,7.2800,7.3700,7.7700,20646109,157141375.0900,3,4.111246,1,-5.148000,0
2012-03-15,sz.000731,7.3700,7.4500,7.2500,7.4000,7.3700,12165381,89514490.1800,3,2.422484,1,0.407100,0
2012-03-16,sz.000731,7.3900,7.7700,7.3800,7.7400,7.4000,19202341,146442765.8000,3,3.823749,1,4.594600,0
2012-03-19,sz.000731,7.7400,7.8900,7.6700,7.8900,7.7400,18919118,147714302.9900,3,3.767351,1,1.938000,0
2012-03-20,sz.000731,7.8500,7.8500,7.6200,7.6300,7.8900,12105249,93445041.2200,3,2.410510,1,-3.295300,0
2012-03-21,sz.000731,7.6100,8.0100,7.6100,8.0100,7.6300,26662276,210327543.8700,3,5.309241,1,4.980300,0
2012-03-22,sz.000731,8.0400,8.0500,7.8200,7.9200,8.0100,16958097,134171349.7200,3,3.376855,1,-1.123600,0
2012-03-23,sz.000731,7.9200,7.9200,7.9200,7.9200,7.9200,0,0.0000,3,,0,0.000000,0
2012-03-26,sz.000731,7.7200,7.7700,7.6000,7.7100,7.9200,10458596,80276234.3700,3,2.082613,1,-2.651500,0
2012-03-27,sz.000731,7.7600,7.9300,7.7200,7.7500,7.7100,11796583,92395412.6100,3,2.349046,1,0.518800,0
2012-03-28,sz.000731,7.7000,7.7500,7.2100,7.3000,7.7500,16980232,125933190.4500,3,3.381262,1,-5.806500,0
2012-03-29,sz.000731,7.2600,7.3300,7.1000,7.2000,7.3000,9329016,67463433.4200,3,1.857681,1,-1.369900,0
2012-03-30,sz.000731,7.2000,7.2900,6.8200,6.9900,7.2000,11338718,80097031.0400,3,2.257861,1,-2.916700,0
2012-04-05,sz.000731,6.9900,7.2200,6.9500,7.1900,6.9900,10483679,74297470.5000,3,2.087598,1,2.861200,0
2012-04-06,sz.000731,7.1800,7.4000,7.1400,7.3500,7.1900,10482733,76166503.7300,3,2.087410,1,2.225300,0
2012-04-09,sz.000731,7.2600,7.4800,7.2300,7.4000,7.3500,11586706,85327823.7200,3,2.307242,1,0.680300,0
2012-04-10,sz.000731,7.3300,7.5200,7.1200,7.5000,7.4000,9943357,72770915.8100,3,1.980005,1,1.351400,0
2012-04-11,sz.000731,7.4000,7.5300,7.3500,7.4600,7.5000,15186527,112751842.7800,3,3.024069,1,-0.533300,0
2012-04-12,sz.000731,7.4100,7.6400,7.3400,7.6000,7.4600,18383123,137962073.1000,3,3.660602,1,1.876700,0
2012-04-13,sz.000731,7.5900,7.7800,7.5500,7.7100,7.6000,17664091,135096263.7100,3,3.517422,1,1.447400,0
2012-04-16,sz.000731,7.6500,7.7600,7.6100,7.6800,7.7100,11647450,89530513.0900,3,2.319338,1,-0.389100,0
2012-04-17,sz.000731,7.6700,7.8100,7.6000,7.6200,7.6800,11136960,85672288.4200,3,2.217685,1,-0.781200,0
2012-04-18,sz.000731,7.5900,7.8900,7.5900,7.8600,7.6200,19430408,151463017.8400,3,3.869146,1,3.149600,0
2012-04-19,sz.000731,7.8300,7.9100,7.7700,7.8300,7.8600,10799198,84581404.6700,3,2.150427,1,-0.381700,0
2012-04-20,sz.000731,7.7900,7.8700,7.7100,7.8200,7.8300,13323120,103785468.2400,3,2.653011,1,-0.127700,0
2012-04-23,sz.000731,7.8100,7.8100,7.5100,7.6700,7.8200,14621100,112385028.2700,3,2.911476,1,-1.918200,0
2012-04-24,sz.000731,7.6000,7.8600,7.4000,7.7500,7.6700,17384221,132868100.2600,3,3.461692,1,1.043000,0
2012-04-25,sz.000731,7.7300,7.8500,7.6300,7.8000,7.7500,13406059,103991333.8300,3,2.669527,1,0.645200,0
2012-04-26,sz.000731,7.7800,7.8400,7.5400,7.5400,7.8000,16539382,126494342.4500,3,3.293461,1,-3.333300,0
2012-04-27,sz.000731,7.5100,7.5900,7.4000,7.5100,7.5400,8643437,64796012.7500,3,1.721154,1,-0.397900,0
2012-05-02,sz.000731,7.6200,8.0800,7.5600,7.9500,7.5100,26649196,209403574.2500,3,5.306612,1,5.858900,0
2012-05-03,sz.000731,7.8900,8.0800,7.8900,7.9600,7.9500,16634416,132877317.1700,3,3.312385,1,0.125800,0
2012-05-04,sz.000731,7.9900,8.1300,7.8900,8.0800,7.9600,16725609,133957046.9800,3,3.330544,1,1.507500,0
2012-05-07,sz.000731,8.0200,8.2000,8.0100,8.1600,8.0800,15958265,129291215.9800,3,3.177744,1,0.990100,0
2012-05-08,sz.000731,8.1500,8.1500,7.9600,8.0300,8.1600,14370922,115466897.8300,3,2.861659,1,-1.593100,0
2012-05-09,sz.000731,7.9800,8.0100,7.7700,7.8200,8.0300,13454549,105988201.8900,3,2.679183,1,-2.615200,0
2012-05-10,sz.000731,7.8300,7.9000,7.6800,7.8500,7.8200,10523453,82116186.3200,3,2.095518,1,0.383600,0
2012-05-11,sz.000731,7.8400,8.0200,7.7900,7.8000,7.8500,12514058,98778157.3100,3,2.491904,1,-0.636900,0
2012-05-14,sz.000731,7.8300,7.9000,7.6700,7.7100,7.8000,10357602,80562487.2400,3,2.062493,1,-1.153800,0
2012-05-15,sz.000731,7.6600,7.9800,7.6200,7.9600,7.7100,10358688,80654451.4100,3,2.062709,1,3.242500,0
2012-05-16,sz.000731,7.9000,8.0300,7.8500,7.8700,7.9600,11847141,93916127.0600,3,2.359102,1,-1.130700,0
2012-05-17,sz.000731,7.8100,8.0800,7.7200,8.0400,7.8700,15712172,124818602.0300,3,3.128740,1,2.160100,0
2012-05-18,sz.000731,7.7900,7.8200,7.4900,7.5300,7.8400,14600731,111977988.5200,3,2.907420,1,-3.954100,0
2012-05-21,sz.000731,7.5100,7.6600,7.4300,7.5800,7.5300,7967393,60187856.1800,3,1.586534,1,0.664000,0
2012-05-22,sz.000731,7.6300,7.6900,7.5100,7.6700,7.5800,9342573,71200392.2900,3,1.860372,1,1.187300,0
2012-05-23,sz.000731,7.6200,7.6900,7.4200,7.5600,7.6700,10646549,80243697.6300,3,2.120030,1,-1.434200,0
2012-05-24,sz.000731,7.5300,7.5700,7.3700,7.3900,7.5600,7724409,57642679.8700,3,1.538149,1,-2.248700,0
2012-05-25,sz.000731,7.4500,7.4800,7.3600,7.4200,7.3900,5541377,41115599.9800,3,1.103445,1,0.406000,0
2012-05-28,sz.000731,7.4300,7.5400,7.2900,7.5100,7.4200,6132714,45514448.7000,3,1.221197,1,1.212900,0
2012-05-29,sz.000731,7.5000,7.7400,7.4800,7.6800,7.5100,11047485,84373820.6500,3,2.199868,1,2.263600,0
2012-05-30,sz.000731,7.6300,7.7200,7.6000,7.6600,7.6800,6150688,47066310.8800,3,1.224777,1,-0.260400,0
2012-05-31,sz.000731,7.6200,7.7000,7.5600,7.6300,7.6600,5807438,44366418.1100,3,1.156426,1,-0.391600,0
2012-06-01,sz.000731,7.6300,7.6300,7.6300,7.6300,7.6300,0,0.0000,3,,0,0.000000,0
2012-06-04,sz.000731,7.4000,7.4700,7.1500,7.1700,7.6300,11037399,80813999.1600,3,2.197860,1,-6.028800,0
2012-06-05,sz.000731,7.2000,7.2500,7.1200,7.1400,7.1700,5639450,40471234.0200,3,1.122975,1,-0.418400,0
2012-06-06,sz.000731,7.1700,7.2100,7.0600,7.1200,7.1400,4413701,31486795.6500,3,0.878893,1,-0.280100,0
2012-06-07,sz.000731,7.2000,7.2400,7.0300,7.0600,7.1200,5022844,35879820.8100,3,1.000191,1,-0.842700,0
2012-06-08,sz.000731,7.1500,7.1600,7.0100,7.0500,7.0600,3982878,28192587.6700,3,0.793104,1,-0.141600,0
2012-06-11,sz.000731,7.0800,7.2000,7.0300,7.1700,7.0500,4235107,30159565.5700,3,0.843330,1,1.702100,0
2012-06-12,sz.000731,7.1300,7.1900,7.0400,7.1500,7.1700,3683053,26220822.7000,3,0.733400,1,-0.278900,0
2012-06-13,sz.000731,7.1500,7.2600,7.0000,7.2300,7.1500,4984261,35712757.5700,3,0.992508,1,1.118900,0
2012-06-14,sz.000731,7.1900,7.2500,7.0800,7.1200,7.2300,4953837,35569835.5000,3,0.986450,1,-1.521400,0
2012-06-15,sz.000731,7.1300,7.1800,7.0100,7.1200,7.1200,4434018,31480803.4200,3,0.882939,1,0.000000,0
2012-06-18,sz.000731,7.1500,7.2200,7.1300,7.1600,7.1200,3887812,27897331.3000,3,0.774174,1,0.561800,0
2012-06-19,sz.000731,7.1400,7.2000,7.0700,7.0900,7.1600,4573485,32480748.2700,3,0.910711,1,-0.977700,0
2012-06-20,sz.000731,7.1200,7.1400,7.0300,7.0600,7.0900,3045254,21557993.4300,3,0.606397,1,-0.423100,0
2012-06-21,sz.000731,7.0500,7.0800,6.8700,6.8900,7.0600,4697605,32588142.5400,3,0.935427,1,-2.407900,0
2012-06-25,sz.000731,6.9100,6.9100,6.6000,6.6600,6.8900,3623897,24565052.2700,3,0.721621,1,-3.338200,0
2012-06-26,sz.000731,6.6600,6.6800,6.5600,6.6300,6.6600,4766817,31521547.0200,3,0.949209,1,-0.450500,0
2012-06-27,sz.000731,6.6500,6.7000,6.6100,6.6200,6.6300,3069686,20433802.2100,3,0.611262,1,-0.150800,0
2012-06-28,sz.000731,6.6500,6.6900,6.5100,6.5200,6.6200,2512821,16649507.5700,3,0.500374,1,-1.510600,0
2012-06-29,sz.000731,6.5000,6.6700,6.4800,6.6700,6.5200,2860771,18842297.6000,3,0.569655,1,2.300600,0
2012-07-02,sz.000731,6.7000,6.8300,6.6800,6.7600,6.6700,3746977,25308417.5400,3,0.746121,1,1.349300,0
2012-07-03,sz.000731,6.7700,6.9000,6.7300,6.8100,6.7600,4481577,30560964.3600,3,0.892400,1,0.739600,0
2012-07-04,sz.000731,6.8000,6.9500,6.8000,6.8700,6.8100,4479866,30819389.5700,3,0.892059,1,0.881100,0
2012-07-05,sz.000731,6.8800,6.8800,6.6800,6.7000,6.8700,3828922,25830460.0800,3,0.762439,1,-2.474500,0
2012-07-06,sz.000731,6.7500,6.8000,6.5300,6.8000,6.7000,6143578,41070252.5100,3,1.223347,1,1.492500,0
2012-07-09,sz.000731,6.7500,6.8000,6.4900,6.5100,6.8000,4052750,26918047.9900,3,0.807009,1,-4.264700,0
2012-07-10,sz.000731,6.5100,6.6300,6.4000,6.6000,6.5100,2842574,18595563.4400,3,0.566031,1,1.382500,0
2012-07-11,sz.000731,6.6000,6.7400,6.5300,6.7300,6.6000,3436507,22876861.3800,3,0.684299,1,1.969700,0
2012-07-12,sz.000731,6.7100,6.8500,6.6400,6.7900,6.7300,4489846,30408765.8300,3,0.894046,1,0.891500,0
2012-07-13,sz.000731,6.7800,6.8500,6.7400,6.7500,6.7900,2832377,19197336.2200,3,0.564001,1,-0.589100,0
2012-07-16,sz.000731,6.7700,6.7700,6.5000,6.5700,6.7500,4897287,32353745.4100,3,0.975178,1,-2.666700,0
2012-07-17,sz.000731,6.5600,6.7000,6.5100,6.6900,6.5700,3156947,20932734.4100,3,0.628631,1,1.826500,0
2012-07-18,sz.000731,6.6800,6.7900,6.6200,6.7800,6.6900,4320506,29031854.5700,3,0.860326,1,1.345300,0
2012-07-19,sz.000731,6.7800,6.9200,6.7500,6.8300,6.7800,6781762,46442847.0000,3,1.350427,1,0.737500,0
2012-07-20,sz.000731,6.8200,6.9200,6.7800,6.8800,6.8300,4648747,31884103.6800,3,0.925687,1,0.732100,0
2012-07-23,sz.000731,6.8500,6.8500,6.7300,6.8400,6.8800,3353341,22750438.4000,3,0.667738,1,-0.581400,0
2012-07-24,sz.000731,6.8000,6.8800,6.7000,6.8200,6.8400,2862221,19474709.4200,3,0.569943,1,-0.292400,0
2012-07-25,sz.000731,6.8000,6.8600,6.7300,6.7700,6.8200,2545446,17325464.0600,3,0.506865,1,-0.733100,0
2012-07-26,sz.000731,6.8000,6.8400,6.6300,6.6400,6.7700,3057748,20630471.9400,3,0.608878,1,-1.920200,0
2012-07-27,sz.000731,6.6800,6.6900,6.5500,6.6100,6.6400,2915711,19311535.5600,3,0.580595,1,-0.451800,0
2012-07-30,sz.000731,6.6100,6.6700,6.4800,6.5200,6.6100,2112693,13868595.1700,3,0.420693,1,-1.361600,0
2012-07-31,sz.000731,6.5000,6.6100,6.4400,6.4900,6.5200,3165108,20716174.0300,3,0.630256,1,-0.460100,0
2012-08-01,sz.000731,6.4700,6.6300,6.4600,6.5900,6.4900,2788350,18297951.2300,3,0.555234,1,1.540800,0
2012-08-02,sz.000731,6.5700,6.5800,6.4000,6.4100,6.5900,2847022,18394551.6600,3,0.566917,1,-2.731400,0
2012-08-03,sz.000731,6.4300,6.6500,6.4300,6.6100,6.4100,4062712,26661652.0500,3,0.808993,1,3.120100,0
2012-08-06,sz.000731,6.6100,6.7800,6.5600,6.7500,6.6100,3491201,23350788.5900,3,0.695190,1,2.118000,0
2012-08-07,sz.000731,6.7500,6.8500,6.7100,6.7900,6.7500,3942840,26799382.8000,3,0.785123,1,0.592600,0
2012-08-08,sz.000731,6.7800,6.8700,6.6800,6.7800,6.7900,3709420,25033044.9800,3,0.738643,1,-0.147300,0
2012-08-09,sz.000731,6.7700,6.8800,6.7400,6.8300,6.7800,3889209,26527636.3400,3,0.774444,1,0.737500,0
2012-08-10,sz.000731,6.8400,6.9000,6.8000,6.8500,6.8300,3369697,23066494.9500,3,0.670995,1,0.292800,0
2012-08-13,sz.000731,6.8200,6.9000,6.7700,6.8200,6.8500,4264202,29168432.6200,3,0.849114,1,-0.438000,0
2012-08-14,sz.000731,6.7400,6.7600,6.4800,6.6800,6.8200,8578709,56632889.4100,3,1.708246,1,-2.052800,0
2012-08-15,sz.000731,6.6500,6.6700,6.5500,6.5800,6.6800,3300096,21791363.9500,3,0.657136,1,-1.497000,0
2012-08-16,sz.000731,6.5700,6.6300,6.5400,6.5400,6.5800,1962897,12912290.0300,3,0.390864,1,-0.607900,0
2012-08-17,sz.000731,6.5400,6.6500,6.5100,6.6000,6.5400,2449285,16141385.0600,3,0.487717,1,0.917400,0
2012-08-20,sz.000731,6.5600,6.6400,6.5000,6.6300,6.6000,2709444,17797883.1200,3,0.539521,1,0.454500,0
2012-08-21,sz.000731,6.6400,6.7500,6.5700,6.6900,6.6300,3983261,26643219.2100,3,0.793172,1,0.905000,0
2012-08-22,sz.000731,6.7000,6.7100,6.5800,6.6100,6.6900,3649046,24195288.3100,3,0.726621,1,-1.195800,0
2012-08-23,sz.000731,6.6200,6.6900,6.5700,6.6800,6.6100,2677075,17750345.6500,3,0.533076,1,1.059000,0
2012-08-24,sz.000731,6.6500,6.6500,6.4800,6.4900,6.6800,3425663,22449193.9000,3,0.682139,1,-2.844300,0
2012-08-27,sz.000731,6.4500,6.4600,6.1900,6.2000,6.4900,5557858,34987277.2300,3,1.106715,1,-4.468400,0
2012-08-28,sz.000731,6.2000,6.3100,6.1000,6.2400,6.2000,3420297,21254053.2100,3,0.681071,1,0.645200,0
2012-08-29,sz.000731,6.2400,6.2600,6.1600,6.1900,6.2400,1925079,11956604.0100,3,0.383334,1,-0.801300,0
2012-08-30,sz.000731,6.1900,6.2500,6.1000,6.1800,6.1900,2745695,16985311.5900,3,0.546740,1,-0.161555,0
2012-08-31,sz.000731,6.2000,6.3700,6.1300,6.2900,6.1800,2908182,18277801.5000,3,0.579095,1,1.779900,0
2012-09-03,sz.000731,6.2800,6.3600,6.2600,6.3300,6.2900,1937427,12255184.6100,3,0.385793,1,0.635900,0
2012-09-04,sz.000731,6.3300,6.3600,6.1500,6.1500,6.3300,2342861,14662369.9200,3,0.466525,1,-2.843600,0
2012-09-05,sz.000731,6.1300,6.3700,6.1300,6.2900,6.1500,3039595,19093060.0500,3,0.605263,1,2.276400,0
2012-09-06,sz.000731,6.2900,6.3600,6.2700,6.3300,6.2900,1996633,12618612.2700,3,0.397582,1,0.635900,0
2012-09-07,sz.000731,6.3600,6.6200,6.3600,6.5100,6.3300,5722887,37187855.8300,3,1.139577,1,2.843600,0
2012-09-10,sz.000731,6.5300,6.5400,6.4800,6.5300,6.5100,3513774,22886501.4800,3,0.699685,1,0.307200,0
2012-09-11,sz.000731,6.4900,6.4900,6.4200,6.4900,6.5300,3208191,20714513.8400,3,0.638835,1,-0.612600,0
2012-09-12,sz.000731,6.5100,6.5700,6.4700,6.5600,6.4900,3474642,22685635.9000,3,0.691892,1,1.078600,0
2012-09-13,sz.000731,6.5500,6.5600,6.4400,6.4400,6.5600,2741913,17866884.6300,3,0.545987,1,-1.829300,0
2012-09-14,sz.000731,6.5000,6.5700,6.4400,6.5400,6.4400,3086352,20113518.1000,3,0.614574,1,1.552800,0
2012-09-17,sz.000731,6.5200,6.5200,6.2700,6.2800,6.5400,2812417,17969813.2200,3,0.560026,1,-3.975500,0
2012-09-18,sz.000731,6.2900,6.3200,6.2300,6.2500,6.2800,1741961,10921584.6400,3,0.346870,1,-0.477700,0
2012-09-19,sz.000731,6.2500,6.3300,6.2400,6.3000,6.2500,1455351,9144312.0600,3,0.289799,1,0.800000,0
2012-09-20,sz.000731,6.3100,6.3100,6.1000,6.1300,6.3000,2900496,17935931.1600,3,0.577565,1,-2.698400,0
2012-09-21,sz.000731,6.1200,6.1800,6.1000,6.1200,6.1300,1498570,9195591.8600,3,0.298405,1,-0.163100,0
2012-09-24,sz.000731,6.1000,6.1700,6.0500,6.1100,6.1200,1349620,8255639.2200,3,0.268745,1,-0.163400,0
2012-09-25,sz.000731,6.1100,6.2900,6.1100,6.1800,6.1100,2256806,13972978.5600,3,0.449389,1,1.145700,0
2012-09-26,sz.000731,6.1700,6.2000,6.0200,6.0500,6.1800,1671255,10197254.8000,3,0.332791,1,-2.103600,0
2012-09-27,sz.000731,6.0500,6.2400,6.0500,6.2000,6.0500,2027921,12501826.2000,3,0.403812,1,2.479300,0
2012-09-28,sz.000731,6.1700,6.2800,6.1500,6.2800,6.2000,2519446,15693436.0100,3,0.501688,1,1.290300,0
2012-10-08,sz.000731,6.2800,6.3300,6.1900,6.2300,6.2800,1956232,12193052.2400,3,0.389537,1,-0.796200,0
2012-10-09,sz.000731,6.2300,6.3700,6.2200,6.3600,6.2300,3473402,21986389.1600,3,0.691645,1,2.086700,0
2012-10-10,sz.000731,6.3500,6.3800,6.2600,6.3700,6.3600,3119896,19779384.5500,3,0.621253,1,0.157200,0
2012-10-11,sz.000731,6.3700,6.3700,6.2200,6.2300,6.3700,3420009,21487221.9700,3,0.681013,1,-2.197800,0
2012-10-12,sz.000731,6.2500,6.3800,6.2400,6.3500,6.2300,4175025,26353160.7100,3,0.831357,1,1.926200,0
2012-10-15,sz.000731,6.3400,6.3400,6.2200,6.2700,6.3500,2039502,12769287.0800,3,0.406118,1,-1.259800,0
2012-10-16,sz.000731,6.2700,6.3400,6.2600,6.2800,6.2700,2123756,13391092.7800,3,0.422896,1,0.159500,0
2012-10-17,sz.000731,6.3100,6.3300,6.2300,6.2900,6.2800,1496436,9411485.3300,3,0.297980,1,0.159200,0
2012-10-18,sz.000731,6.2900,6.4400,6.2900,6.3800,6.2900,4018963,25608212.0200,3,0.800281,1,1.430800,0
2012-10-19,sz.000731,6.3900,6.3900,6.3200,6.3400,6.3800,2494519,15836920.6100,3,0.496724,1,-0.626959,0
2012-10-22,sz.000731,6.3300,6.3900,6.3000,6.3700,6.3400,1840994,11701617.1900,3,0.366590,1,0.473200,0
2012-10-23,sz.000731,6.3800,6.4000,6.3100,6.3200,6.3700,2308200,14660639.2000,3,0.459623,1,-0.784900,0
2012-10-24,sz.000731,6.3000,6.3600,6.2700,6.3000,6.3200,1797629,11357587.6900,3,0.357955,1,-0.316500,0
2012-10-25,sz.000731,6.3300,6.3700,6.2900,6.3100,6.3000,2626395,16640854.7000,3,0.522984,1,0.158700,0
2012-10-26,sz.000731,6.3100,6.3100,6.1200,6.1500,6.3100,3409758,21135676.6400,3,0.678972,1,-2.535700,0
2012-10-29,sz.000731,6.1400,6.1700,6.1200,6.1300,6.1500,1507664,9258257.9800,3,0.300215,1,-0.325200,0
2012-10-30,sz.000731,6.3000,6.7400,6.3000,6.7400,6.1300,25603928,171388045.0900,3,5.098414,1,9.951100,0
2012-10-31,sz.000731,6.7400,6.7400,6.5500,6.6600,6.7400,21895285,145427992.9400,3,4.359925,1,-1.186900,0
2012-11-01,sz.000731,6.6000,6.7200,6.5700,6.6800,6.6600,15435452,102883625.3100,3,3.073603,1,0.300300,0
2012-11-02,sz.000731,6.6900,6.8700,6.6300,6.8000,6.6800,14974840,101641126.7200,3,2.981883,1,1.796400,0
2012-11-05,sz.000731,6.7600,6.8300,6.6700,6.7900,6.8000,8190370,55205307.1400,3,1.630917,1,-0.147100,0
2012-11-06,sz.000731,6.8000,6.8000,6.6100,6.6800,6.7900,5970311,39869926.7300,3,1.188845,1,-1.620000,0
2012-11-07,sz.000731,6.6900,6.8800,6.6500,6.7100,6.6800,11547612,78390567.4600,3,2.299432,1,0.449100,0
2012-11-08,sz.000731,6.6500,6.7900,6.6200,6.6200,6.7100,7071887,47288369.1300,3,1.408198,1,-1.341300,0
2012-11-09,sz.000731,6.5600,6.6300,6.5000,6.5500,6.6200,5805734,38007308.7100,3,1.156074,1,-1.057400,0
2012-11-12,sz.000731,6.5500,6.6400,6.5400,6.6400,6.5500,3790113,24960116.8700,3,0.754711,1,1.374000,0
2012-11-13,sz.000731,6.6300,6.6400,6.5000,6.5500,6.6400,4465885,29263803.5300,3,0.889275,1,-1.355400,0
2012-11-14,sz.000731,6.5500,6.5600,6.4500,6.5500,6.5500,3263353,21223574.3900,3,0.649819,1,0.000000,0
2012-11-15,sz.000731,6.5000,6.6000,6.3300,6.3500,6.5500,4651854,30169723.2400,3,0.926306,1,-3.053400,0
2012-11-16,sz.000731,6.3300,6.3500,6.2000,6.2300,6.3500,4905973,30643480.6000,3,0.976908,1,-1.889800,0
2012-11-19,sz.000731,6.2400,6.3300,6.1800,6.3000,6.2300,2891585,18067685.3900,3,0.575790,1,1.123600,0
2012-11-20,sz.000731,6.3300,6.3500,6.2500,6.2800,6.3000,2989661,18853011.4100,3,0.595320,1,-0.317500,0
2012-11-21,sz.000731,6.2600,6.4600,6.2300,6.4200,6.2800,4496140,28541998.3000,3,0.895299,1,2.229300,0
2012-11-22,sz.000731,6.3800,6.4100,6.3100,6.3100,6.4200,2479789,15761875.9600,3,0.493791,1,-1.713400,0
2012-11-23,sz.000731,6.3200,6.3900,6.2500,6.3500,6.3100,3120651,19755837.7200,3,0.621403,1,0.633900,0
2012-11-26,sz.000731,6.3600,6.3600,6.2300,6.2300,6.3500,2746714,17267175.0400,3,0.546943,1,-1.889800,0
2012-11-27,sz.000731,6.2100,6.2300,6.0600,6.0800,6.2300,3527686,21593643.6500,3,0.702455,1,-2.407700,0
2012-11-28,sz.000731,6.0500,6.1300,6.0300,6.0600,6.0800,3275060,19902538.8800,3,0.652150,1,-0.328900,0
2012-11-29,sz.000731,6.0700,6.1200,5.9000,5.9200,6.0600,5059858,30336407.1100,3,1.007550,1,-2.310200,0
2012-11-30,sz.000731,5.9200,6.0400,5.9200,6.0200,5.9200,3068304,18367902.7100,3,0.610980,1,1.689200,0
2012-12-03,sz.000731,6.0100,6.0400,5.9500,5.9500,6.0200,2119526,12699127.5400,3,0.422053,1,-1.162800,0
2012-12-04,sz.000731,5.9200,6.0600,5.8100,6.0400,5.9500,2890829,17134129.4700,3,0.575640,1,1.512600,0
2012-12-05,sz.000731,6.0100,6.2700,5.9700,6.2200,6.0400,7859172,48603706.2600,3,1.564967,1,2.980100,0
2012-12-06,sz.000731,6.2200,6.2200,6.1400,6.1700,6.2200,3536449,21821935.8600,3,0.704200,1,-0.803900,0
2012-12-07,sz.000731,6.1800,6.3600,6.1200,6.3200,6.1700,7977831,50059917.8100,3,1.588595,1,2.431100,0
2012-12-10,sz.000731,6.3400,6.5600,6.3100,6.5300,6.3200,11769841,75754321.0400,3,2.343684,1,3.322800,0
2012-12-11,sz.000731,6.4800,6.7000,6.4600,6.6400,6.5300,14476834,95740392.9900,3,2.882717,1,1.684500,0
2012-12-12,sz.000731,6.6100,6.6400,6.4600,6.5600,6.6400,6217993,40684545.1200,3,1.238165,1,-1.204800,0
2012-12-13,sz.000731,6.5100,6.6100,6.4500,6.4700,6.5600,5819550,37914480.3800,3,1.158825,1,-1.372000,0
2012-12-14,sz.000731,6.4600,6.7500,6.4500,6.7100,6.4700,8505929,56610761.3600,3,1.693754,1,3.709400,0
2012-12-17,sz.000731,6.7400,6.8200,6.6900,6.7900,6.7100,8235648,55617771.4300,3,1.639933,1,1.192300,0
2012-12-18,sz.000731,6.8100,6.8600,6.6800,6.7000,6.7900,9203372,62411325.2000,3,1.832633,1,-1.325500,0
2012-12-19,sz.000731,6.6800,6.7200,6.6100,6.6700,6.7000,5598401,37306262.4800,3,1.114788,1,-0.447800,0
2012-12-20,sz.000731,6.6500,6.8200,6.6100,6.7900,6.6700,6872220,46209825.9600,3,1.368439,1,1.799100,0
2012-12-21,sz.000731,6.8200,6.8400,6.6600,6.7400,6.7900,6261437,42171727.5300,3,1.246816,1,-0.736400,0
2012-12-24,sz.000731,6.7000,6.7500,6.6700,6.7200,6.7400,3572828,24020304.2300,3,0.711444,1,-0.296700,0
2012-12-25,sz.000731,6.7000,6.9200,6.7000,6.8900,6.7200,8212887,56231339.3400,3,1.635401,1,2.529800,0
2012-12-26,sz.000731,6.9000,6.9400,6.8200,6.9400,6.8900,6114306,42032441.7800,3,1.217519,1,0.725700,0
2012-12-27,sz.000731,6.9400,6.9700,6.8500,6.9000,6.9400,8293948,57326984.0700,3,1.651543,1,-0.576400,0
2012-12-28,sz.000731,6.8900,7.0600,6.8400,7.0500,6.9000,10754920,74667176.5300,3,2.141587,1,2.173900,0
2012-12-31,sz.000731,7.0200,7.3100,7.0100,7.2500,7.0500,10156519,73066322.0400,3,2.022585,1,2.836900,0
2013-01-04,sz.000731,7.2800,7.5000,7.2000,7.2100,7.2500,11779711,86193246.2400,3,2.345829,1,-0.551700,0
2013-01-07,sz.000731,7.2000,7.3000,7.1400,7.2800,7.2100,5943567,43108811.1700,3,1.183611,1,0.970900,0
2013-01-08,sz.000731,7.2700,7.6200,7.2300,7.4500,7.2800,12877476,96383466.5600,3,2.564440,1,2.335200,0
2013-01-09,sz.000731,7.5000,7.5000,7.3100,7.3800,7.4500,7438047,55020024.5900,3,1.481224,1,-0.939600,0
2013-01-10,sz.000731,7.3500,7.4500,7.2700,7.3200,7.3800,6859950,50359956.2600,3,1.366101,1,-0.813000,0
2013-01-11,sz.000731,7.3500,7.3700,7.0600,7.0800,7.3200,8325069,59814712.4700,3,1.657867,1,-3.278700,0
2013-01-14,sz.000731,7.0400,7.5500,7.0400,7.5200,7.0800,11612727,85628591.0000,3,2.312576,1,6.214700,0
2013-01-15,sz.000731,7.5800,7.8000,7.5100,7.7200,7.5200,15639036,120441003.0500,3,3.114381,1,2.659600,0
2013-01-16,sz.000731,7.7000,7.9300,7.6600,7.7800,7.7200,13557220,105593795.9800,3,2.699805,1,0.777200,0
2013-01-17,sz.000731,7.7900,7.8300,7.6100,7.7500,7.7800,7094941,54807728.4600,3,1.412897,1,-0.385600,0
2013-01-18,sz.000731,7.7200,7.9700,7.7000,7.8800,7.7500,9737521,76416933.8300,3,1.939145,1,1.677400,0
2013-01-21,sz.000731,7.8900,7.9500,7.8000,7.8500,7.8800,6850517,53859620.4800,3,1.364222,1,-0.380700,0
2013-01-22,sz.000731,7.8400,7.9200,7.6100,7.7200,7.8500,8996328,70025281.9800,3,1.791542,1,-1.656100,0
2013-01-23,sz.000731,7.7200,7.9200,7.6600,7.9200,7.7200,10120192,79240766.8300,3,2.015350,1,2.590700,0
2013-01-24,sz.000731,8.0000,8.7100,8.0000,8.4000,7.9200,35465028,301042170.3400,3,7.062559,1,6.060600,0
2013-01-25,sz.000731,8.4800,8.8200,8.4000,8.6900,8.4000,28444133,245947294.1600,3,5.664408,1,3.452400,0
2013-01-28,sz.000731,8.7600,9.1500,8.7600,9.0000,8.6900,24134068,216706595.9300,3,4.806095,1,3.567300,0
2013-01-29,sz.000731,9.1300,9.2700,8.8700,9.1400,9.0000,21350212,193601543.7500,3,4.251714,1,1.555600,0
2013-01-30,sz.000731,9.1000,9.1100,8.9200,9.0900,9.1400,15632412,140771042.9200,3,3.113062,1,-0.547000,0
2013-01-31,sz.000731,9.0500,9.1200,8.7100,9.0500,9.0900,13212168,117713258.6600,3,2.631091,1,-0.440000,0
2013-02-01,sz.000731,9.0500,9.3500,8.9100,9.0300,9.0500,24915167,227269765.4600,3,4.961644,1,-0.221000,0
2013-02-04,sz.000731,8.9300,9.2700,8.8200,9.2000,9.0300,15786868,142810794.4200,3,3.143821,1,1.882600,0
2013-02-05,sz.000731,9.0700,9.1700,8.9000,9.1100,9.2000,11416833,103315606.4700,3,2.273565,1,-0.978300,0
2013-02-06,sz.000731,9.0300,9.1300,8.9300,9.0500,9.1100,7400976,66893910.0100,3,1.473842,1,-0.658600,0
2013-02-07,sz.000731,9.3000,9.4200,9.0800,9.3300,9.0500,16187765,149933853.9200,3,3.223656,1,3.093900,0
2013-02-08,sz.000731,9.3000,10.2500,9.2100,10.1100,9.3300,17702590,175645985.4200,3,3.525321,1,8.360100,0
2013-02-18,sz.000731,10.2900,10.2900,9.9700,10.1500,10.1100,14994214,151899452.1800,3,2.985970,1,0.395600,0
2013-02-19,sz.000731,10.0500,10.1000,9.4800,9.5900,10.1500,16445171,159949796.6100,3,3.274916,1,-5.517200,0
2013-02-20,sz.000731,9.9600,10.0300,9.6000,9.8900,9.5900,14998389,148090451.7000,3,2.986802,1,3.128300,0
2013-02-21,sz.000731,9.7400,9.8800,9.4100,9.7800,9.8900,14588732,141260224.7400,3,2.905222,1,-1.112200,0
2013-02-22,sz.000731,9.7500,9.8000,9.3800,9.4100,9.7800,10185905,98079676.2200,3,2.028437,1,-3.783200,0
2013-02-25,sz.000731,9.4900,9.6300,9.3900,9.5000,9.4100,10845556,102902079.0200,3,2.159800,1,0.956400,0
2013-02-26,sz.000731,9.4200,9.8500,9.3900,9.5800,9.5000,15699884,151633530.8200,3,3.126499,1,0.842100,0
2013-02-27,sz.000731,9.5500,9.7700,9.4100,9.7100,9.5800,12338798,118933220.0300,3,2.457167,1,1.357000,0
2013-02-28,sz.000731,9.7000,10.6800,9.6800,10.2800,9.7100,29216413,301438120.0100,3,5.818201,1,5.870200,0
2013-03-01,sz.000731,10.1800,10.5400,10.1300,10.4200,10.2800,16355000,169034365.4800,3,3.256959,1,1.361900,0
2013-03-04,sz.000731,10.3500,10.6400,10.1000,10.3000,10.4200,21406430,221151986.7700,3,4.262909,1,-1.151600,0
2013-03-05,sz.000731,10.2100,10.4100,9.9800,10.3400,10.3000,12007311,123376661.9400,3,2.391154,1,0.388300,0
2013-03-06,sz.000731,10.3500,11.1400,10.3400,10.9300,10.3400,26280823,282724628.4000,3,5.233603,1,5.706000,0
2013-03-07,sz.000731,10.8100,10.9100,10.2500,10.4500,10.9300,20479222,215279559.0900,3,4.078263,1,-4.391600,0
2013-03-08,sz.000731,10.4300,10.5500,10.1500,10.2800,10.4500,11820137,122272428.3100,3,2.353880,1,-1.626800,0
2013-03-11,sz.000731,10.2400,10.3700,10.0000,10.3300,10.2800,12281368,124719657.6300,3,2.445730,1,0.486400,0
2013-03-12,sz.000731,10.3300,10.7200,9.9900,10.4300,10.3300,22087200,228233538.5600,3,4.398478,1,0.968100,0
2013-03-13,sz.000731,10.2000,10.3400,9.9000,10.1300,10.4300,14841689,150458522.8400,3,2.955596,1,-2.876300,0
2013-03-14,sz.000731,10.0100,10.1700,9.6100,9.6700,10.1300,16926836,166444831.5600,3,3.370836,1,-4.541000,0
2013-03-15,sz.000731,9.6000,10.0700,9.5100,9.7400,9.6700,13343291,131052132.9200,3,2.657203,1,0.723900,0
2013-03-18,sz.000731,9.7300,9.9500,9.5300,9.8500,9.7400,7645327,75249464.0000,3,1.522502,1,1.129400,0
2013-03-19,sz.000731,9.8500,10.1200,9.6300,9.9700,9.8500,6237196,62066692.0000,3,1.242085,1,1.218300,0
2013-03-20,sz.000731,9.9100,10.9500,9.9100,10.6900,9.9700,26238874,278017280.0000,3,5.225249,1,7.221700,0
2013-03-21,sz.000731,10.7400,11.1700,10.6100,11.0000,10.6900,24758503,272406848.0000,3,4.930446,1,2.899900,0
2013-03-22,sz.000731,11.4500,11.9800,11.4500,11.6400,11.0000,39872769,465994656.0000,3,7.940324,1,5.818200,0
2013-03-25,sz.000731,11.6100,12.7600,11.5100,12.7300,11.6400,31611259,389702944.0000,3,6.295114,1,9.364300,0
2013-03-26,sz.000731,12.6000,12.9500,12.2300,12.6000,12.7300,27880284,348699648.0000,3,5.552122,1,-1.021200,0
2013-03-27,sz.000731,12.7300,13.3400,12.2500,12.5500,12.6000,33459744,431350720.0000,3,6.663224,1,-0.396800,0
2013-03-28,sz.000731,12.1300,12.1500,11.7000,11.8700,12.5500,20580760,246084528.0000,3,4.098484,1,-5.418300,0
2013-03-29,sz.000731,11.8700,12.3000,11.7100,12.0000,11.8700,16387562,197366688.0000,3,3.263444,1,1.095200,0
2013-04-01,sz.000731,11.9500,13.0500,11.9000,13.0000,12.0000,23118732,291573568.0000,3,4.603899,1,8.333300,0
2013-04-02,sz.000731,12.9900,13.3000,12.5000,12.5800,13.0000,19266835,246478656.0000,3,3.836827,1,-3.230800,0
2013-04-03,sz.000731,12.5000,12.5900,11.8300,11.9700,12.5800,16423074,197919984.0000,3,3.270516,1,-4.849000,0
2013-04-08,sz.000731,11.5900,12.7600,11.2100,12.6000,11.9700,16033405,193724400.0000,3,3.192917,1,5.263200,0
2013-04-09,sz.000731,12.6000,12.9700,12.3500,12.3800,12.6000,11803116,148087360.0000,3,2.350490,1,-1.746000,0
2013-04-10,sz.000731,12.3000,12.3900,11.7500,12.1200,12.3800,10903665,131393272.0000,3,2.171372,1,-2.100200,0
2013-04-11,sz.000731,12.1100,12.2100,11.8600,11.9500,12.1200,6804820,81731536.0000,3,1.355122,1,-1.402600,0
2013-04-12,sz.000731,11.9400,12.2200,11.7500,11.7900,11.9500,8786397,105086496.0000,3,1.749736,1,-1.338911,0
2013-04-15,sz.000731,11.8600,12.0400,11.3600,11.5600,11.7900,9298535,108863360.0000,3,1.851724,1,-1.950800,0
2013-04-16,sz.000731,11.3900,11.4000,10.7900,11.2900,11.5600,22376231,248218896.0000,3,4.456037,1,-2.335644,0
2013-04-17,sz.000731,11.2500,11.6800,11.1500,11.5800,11.2900,13806280,158451008.0000,3,2.749404,1,2.568600,0
2013-04-18,sz.000731,11.4900,12.5500,11.3900,12.3100,11.5800,23153831,279594368.0000,3,4.610889,1,6.304000,0
2013-04-19,sz.000731,12.2000,12.6100,12.1000,12.5900,12.3100,20624418,255733984.0000,3,4.107178,1,2.274571,0
2013-04-22,sz.000731,12.3700,12.5500,12.1800,12.4000,12.5900,15997522,197630832.0000,3,3.185771,1,-1.509100,0
2013-04-23,sz.000731,12.4000,12.4800,11.6400,11.7400,12.4000,16261001,193347088.0000,3,3.238240,1,-5.322600,0
2013-04-24,sz.000731,11.8000,12.9100,11.7300,12.9100,11.7400,23927476,298826304.0000,3,4.046837,1,9.965900,0
2013-04-25,sz.000731,13.1600,13.3300,11.9000,12.0000,12.9100,46604286,595630720.0000,3,7.882150,1,-7.048800,0
2013-04-26,sz.000731,11.9500,12.0500,11.4200,11.8800,12.0000,25601028,299658624.0000,3,4.329884,1,-0.999999,0
2013-05-02,sz.000731,11.4000,12.1400,11.3200,12.0200,11.8800,12326662,145972992.0000,3,2.084800,1,1.178500,0
2013-05-03,sz.000731,11.9400,12.4400,11.8800,11.9700,12.0200,16561959,201310480.0000,3,2.801112,1,-0.415975,0
2013-05-06,sz.000731,11.8500,12.0500,11.5500,11.9900,11.9700,16391284,193563488.0000,3,2.772246,1,0.167100,0
2013-05-07,sz.000731,11.9500,12.6000,11.8800,12.5500,11.9900,23221582,287983808.0000,3,3.927450,1,4.670600,0
2013-05-08,sz.000731,12.4500,12.6600,12.1900,12.6000,12.5500,18123143,225874304.0000,3,3.065154,1,0.398400,0
2013-05-09,sz.000731,12.6200,13.8600,12.6200,13.8600,12.6000,46794415,629544192.0000,3,7.914306,1,10.000000,0
2013-05-10,sz.000731,14.0000,14.1700,13.5000,13.8200,13.8600,31465457,436052480.0000,3,5.321731,1,-0.288600,0
2013-05-13,sz.000731,13.6500,14.1500,13.4500,13.9900,13.8200,23039032,319238176.0000,3,3.896575,1,1.230100,0
2013-05-14,sz.000731,13.8000,13.8400,12.9300,12.9900,13.9900,26529429,350620800.0000,3,4.486904,1,-7.148000,0
2013-05-15,sz.000731,13.0500,13.3400,13.0300,13.2900,12.9900,15588495,205747648.0000,3,2.636471,1,2.309500,0
2013-05-16,sz.000731,13.2200,13.3300,12.8000,12.9800,13.2900,20794540,270354656.0000,3,3.516966,1,-2.332600,0
2013-05-17,sz.000731,12.9000,13.3300,12.7800,13.0300,12.9800,15596997,204891088.0000,3,2.637909,1,0.385200,0
2013-05-20,sz.000731,13.0000,13.5900,12.9300,13.5700,13.0300,23187524,308540288.0000,3,3.921690,1,4.144300,0
2013-05-21,sz.000731,13.5800,13.5900,13.2000,13.4000,13.5700,16705905,222529440.0000,3,2.825458,1,-1.252764,0
2013-05-22,sz.000731,13.3400,13.6700,12.7800,12.8900,13.4000,21476204,281559872.0000,3,3.632255,1,-3.806000,0
2013-05-23,sz.000731,12.8800,13.0100,12.6100,12.7500,12.8900,14768960,188676272.0000,3,2.497864,1,-1.086100,0
2013-05-24,sz.000731,12.6800,12.8700,12.5600,12.8500,12.7500,10650578,135683520.0000,3,1.801325,1,0.784300,0
2013-05-27,sz.000731,12.9100,13.3500,12.9000,13.2000,12.8500,19555529,257557040.0000,3,3.307413,1,2.723700,0
2013-05-28,sz.000731,13.2200,13.2900,12.6000,12.8400,13.2000,17095766,219763648.0000,3,2.891395,1,-2.727300,0
2013-05-29,sz.000731,12.8600,13.0000,12.6000,12.9200,12.8400,14823770,190137360.0000,3,2.507134,1,0.623100,0
2013-05-30,sz.000731,12.9700,13.0600,12.6900,12.9500,12.9200,14129553,181394624.0000,3,2.389721,1,0.232200,0
2013-05-31,sz.000731,12.8800,13.0400,12.6800,12.7100,12.9500,11622596,149018944.0000,3,1.965721,1,-1.853280,0
2013-06-03,sz.000731,12.7200,12.8800,12.2000,12.2500,12.7100,14275791,179023232.0000,3,2.414454,1,-3.619200,0
2013-06-04,sz.000731,12.2500,12.3600,11.6600,11.7200,12.2500,15626082,186748304.0000,3,2.642828,1,-4.326500,0
2013-06-05,sz.000731,11.7500,12.0500,11.7000,11.7600,11.7200,9725998,115209856.0000,3,1.644951,1,0.341300,0
2013-06-06,sz.000731,11.7400,11.8200,11.1500,11.1900,11.7600,14134634,161254736.0000,3,2.390581,1,-4.846900,0
2013-06-07,sz.000731,11.1800,11.3400,10.7300,11.2600,10.9900,12993282,143494000.0000,3,2.197545,1,2.456800,0
2013-06-13,sz.000731,11.1500,11.1500,10.3100,10.7000,11.2600,11215779,119442272.0000,3,1.896917,1,-4.973400,0
2013-06-14,sz.000731,10.7200,11.0400,10.6100,10.9100,10.7000,7516503,81086336.0000,3,1.271261,1,1.962600,0
2013-06-17,sz.000731,11.0000,11.5500,10.9000,11.0800,10.9100,13454599,151195552.0000,3,2.275567,1,1.558200,0
2013-06-18,sz.000731,11.1200,11.3100,10.5500,10.8800,11.0800,9145149,99526232.0000,3,1.546713,1,-1.805100,0
2013-06-19,sz.000731,10.8500,10.8500,10.3300,10.5100,10.8800,11670906,122291368.0000,3,1.973892,1,-3.400700,0
2013-06-20,sz.000731,10.5100,10.6500,10.2200,10.2200,10.5100,8431762,87668968.0000,3,1.426058,1,-2.759300,0
2013-06-21,sz.000731,9.8500,10.0900,9.6400,9.8000,10.2200,11588650,114129512.0000,3,1.959980,1,-4.109600,0
2013-06-24,sz.000731,9.8800,9.8800,8.8200,8.8400,9.8000,20367380,185944576.0000,3,3.444721,1,-9.795900,0
2013-06-25,sz.000731,8.6300,8.7800,8.0600,8.7000,8.8400,25268143,214140976.0000,3,4.273583,1,-1.583700,0
2013-06-26,sz.000731,8.6900,9.0800,8.4100,9.0000,8.7000,21534589,187976736.0000,3,3.642130,1,3.448300,0
2013-06-27,sz.000731,9.0000,9.1100,8.5300,8.5500,9.0000,20357463,179898000.0000,3,3.443043,1,-5.000000,0
2013-06-28,sz.000731,8.5800,8.7100,8.1200,8.3100,8.5500,13978220,117200072.0000,3,2.364127,1,-2.807000,0
2013-07-01,sz.000731,8.2200,8.3900,7.9000,8.3100,8.3100,22845356,186292992.0000,3,3.863819,1,0.000000,0
2013-07-02,sz.000731,8.2900,8.7400,8.2400,8.5200,8.3100,25817599,219046176.0000,3,4.366512,1,2.527100,0
2013-07-03,sz.000731,8.4400,8.4500,8.1800,8.3000,8.5200,19926928,165462544.0000,3,3.370227,1,-2.582200,0
2013-07-04,sz.000731,8.2000,8.7800,8.0500,8.6000,8.3000,30938965,263916432.0000,3,5.232685,1,3.614500,0
2013-07-05,sz.000731,8.5500,9.0000,8.5200,8.7400,8.6000,28318202,249369504.0000,3,4.789438,1,1.627900,0
2013-07-08,sz.000731,8.5800,8.5800,8.0900,8.1000,8.7400,20842393,172614976.0000,3,3.525059,1,-7.322700,0
2013-07-09,sz.000731,8.0900,8.3000,7.7700,8.3000,8.1000,20450788,164230944.0000,3,3.458827,1,2.469100,0
2013-07-10,sz.000731,8.2300,8.5800,8.1900,8.5300,8.3000,17431698,146409600.0000,3,2.948211,1,2.771100,0
2013-07-11,sz.000731,8.5200,8.9900,8.4300,8.7100,8.5300,34567816,301139968.0000,3,5.846430,1,2.110200,0
2013-07-12,sz.000731,8.7000,8.8700,8.5500,8.8000,8.7100,29895325,260251376.0000,3,5.056175,1,1.033300,0
2013-07-15,sz.000731,8.9300,9.0600,8.7900,8.9800,8.8000,25765569,230284112.0000,3,4.357713,1,2.045500,0
2013-07-16,sz.000731,8.9900,9.0200,8.7700,8.9000,8.9800,20863225,184661184.0000,3,3.528583,1,-0.890900,0
2013-07-17,sz.000731,8.9300,8.9300,8.3900,8.3900,8.9000,25069146,217373824.0000,3,4.239927,1,-5.730300,0
2013-07-18,sz.000731,8.3400,8.3400,8.1000,8.1300,8.3900,19314204,158135648.0000,3,3.266598,1,-3.098900,0
2013-07-19,sz.000731,8.1500,8.2800,7.7800,7.8400,8.1300,19041644,153679648.0000,3,3.220500,1,-3.567000,0
2013-07-22,sz.000731,7.7400,8.4800,7.6000,8.4000,7.8400,30195777,241995760.0000,3,5.106990,1,7.142900,0
2013-07-23,sz.000731,8.2900,8.7000,8.2600,8.4800,8.4000,25377957,214963792.0000,3,4.292156,1,0.952400,0
2013-07-24,sz.000731,8.4600,8.6000,8.2300,8.5700,8.4800,21064322,177326608.0000,3,3.562594,1,1.061300,0
2013-07-25,sz.000731,9.0000,9.1800,8.5700,8.5900,8.5700,46116452,408095296.0000,3,7.799643,1,0.233400,0
2013-07-26,sz.000731,8.3900,8.4500,8.1500,8.3800,8.5900,20852321,173374560.0000,3,3.526738,1,-2.444700,0
2013-07-29,sz.000731,8.6000,8.7500,8.2800,8.3400,8.3800,21883606,186159344.0000,3,3.701159,1,-0.477300,0
2013-07-30,sz.000731,8.1600,8.3300,8.0100,8.1500,8.3400,14852995,121408232.0000,3,2.512077,1,-2.278200,0
2013-07-31,sz.000731,8.1500,8.4700,8.1500,8.1700,8.1500,13030620,108073568.0000,3,2.203860,1,0.245400,0
2013-08-01,sz.000731,8.2000,8.4600,8.2000,8.4100,8.1700,15214710,126740008.0000,3,2.573253,1,2.937600,0
2013-08-02,sz.000731,8.5100,8.5100,8.2500,8.2600,8.4100,18975080,158597136.0000,3,3.209242,1,-1.783600,0
2013-08-05,sz.000731,8.2000,8.4600,8.1700,8.4600,8.2600,15654417,130372888.0000,3,2.647621,1,2.421300,0
2013-08-06,sz.000731,8.4500,8.9500,8.3900,8.8300,8.4600,31989076,278976640.0000,3,5.410290,1,4.373500,0
2013-08-07,sz.000731,8.6800,8.8000,8.5300,8.6000,8.8300,24980477,215415808.0000,3,4.224930,1,-2.604800,0
2013-08-08,sz.000731,8.5800,8.8800,8.5800,8.6900,8.6000,24303219,212678432.0000,3,4.110386,1,1.046500,0
2013-08-09,sz.000731,8.6900,8.7500,8.4700,8.5800,8.6900,18848752,161833584.0000,3,3.187876,1,-1.265800,0
2013-08-12,sz.000731,8.6900,8.9500,8.6400,8.9200,8.5800,35191886,311036416.0000,3,5.951979,1,3.962700,0
2013-08-13,sz.000731,8.9500,9.4300,8.8000,9.2900,8.9200,40579912,370627392.0000,3,6.863252,1,4.148000,0
2013-08-14,sz.000731,9.3000,9.3100,9.1100,9.1500,9.2900,23627488,217212704.0000,3,3.996100,1,-1.507000,0
2013-08-15,sz.000731,9.1100,9.1400,8.8300,8.8600,9.1500,21783273,196151824.0000,3,3.684190,1,-3.169400,0
2013-08-16,sz.000731,8.7700,9.0600,8.4000,8.4700,8.8600,25256761,220870960.0000,3,4.271658,1,-4.401800,0
2013-08-19,sz.000731,8.2100,8.5500,8.1300,8.5100,8.4700,22617018,188198512.0000,3,3.825200,1,0.472300,0
2013-08-20,sz.000731,8.4000,8.5300,8.3200,8.3900,8.5100,16046916,134883744.0000,3,2.714004,1,-1.410100,0
2013-08-21,sz.000731,8.4000,8.5300,8.3300,8.4100,8.3900,11081715,93342144.0000,3,1.874243,1,0.238400,0
2013-08-22,sz.000731,8.4100,8.4900,8.3500,8.3500,8.4100,11167768,93956152.0000,3,1.888797,1,-0.713400,0
2013-08-23,sz.000731,8.3800,8.4200,8.0400,8.1900,8.3500,17692470,145447360.0000,3,2.992315,1,-1.916200,0
2013-08-26,sz.000731,8.2500,8.4400,8.1800,8.4200,8.1900,11677069,97646664.0000,3,1.974934,1,2.808300,0
2013-08-27,sz.000731,8.4300,8.4700,8.3700,8.4000,8.4200,13251558,111409248.0000,3,2.241227,1,-0.237500,0
2013-08-28,sz.000731,8.3800,8.3800,8.1700,8.2200,8.4000,17019567,140332320.0000,3,2.878507,1,-2.142900,0
2013-08-29,sz.000731,8.3700,8.3700,8.1300,8.2400,8.2200,10109982,83230664.0000,3,1.709894,1,0.243300,0
2013-08-30,sz.000731,8.2600,8.3000,8.1800,8.2100,8.2400,11660588,95998104.0000,3,1.972147,1,-0.364100,0
2013-09-02,sz.000731,8.2100,8.2600,8.0000,8.1200,8.2100,13415410,109076256.0000,3,2.268939,1,-1.096200,0
2013-09-03,sz.000731,8.1900,8.4200,8.1500,8.4200,8.1200,16907194,140601696.0000,3,2.859502,1,3.694600,0
2013-09-04,sz.000731,8.4400,8.4400,8.2800,8.2900,8.4200,10560716,88074704.0000,3,1.786126,1,-1.543900,0
2013-09-05,sz.000731,8.2900,8.3500,8.1900,8.2400,8.2900,10194312,84116760.0000,3,1.724157,1,-0.603100,0
2013-09-06,sz.000731,8.2500,8.2800,8.1500,8.1800,8.2400,12765755,104646832.0000,3,2.159063,1,-0.728200,0
2013-09-09,sz.000731,8.1800,8.3600,8.1600,8.3300,8.1800,14180834,117513304.0000,3,2.398394,1,1.833700,0
2013-09-10,sz.000731,8.3500,8.7900,8.3200,8.7100,8.3300,34555047,298057664.0000,3,5.844271,1,4.561800,0
2013-09-11,sz.000731,8.7500,8.8300,8.5700,8.7700,8.7100,25790045,224435430.0000,3,4.361852,1,0.688900,0
2013-09-12,sz.000731,8.7500,9.0700,8.6800,8.9000,8.7700,31145341,278339568.0000,3,5.267590,1,1.482300,0
2013-09-13,sz.000731,9.0300,9.0900,8.7600,8.7900,8.9000,21631656,192176726.0000,3,3.658547,1,-1.236000,0
2013-09-16,sz.000731,8.7200,8.7900,8.6000,8.7200,8.7900,13506566,117347509.0000,3,2.284356,1,-0.796400,0
2013-09-17,sz.000731,8.7300,9.0800,8.6200,8.8600,8.7200,25322715,225128754.0000,3,4.282813,1,1.605500,0
2013-09-18,sz.000731,8.8500,9.0800,8.7300,8.9000,8.8600,15806018,140937431.0000,3,2.673261,1,0.451500,0
2013-09-23,sz.000731,9.0600,9.0600,8.7900,9.0200,8.9000,20358385,181910665.0000,3,3.443199,1,1.348300,0
2013-09-24,sz.000731,9.1900,9.9200,9.1100,9.7000,9.0200,60111131,579786400.0000,3,10.166553,1,7.538800,0
2013-09-25,sz.000731,9.6000,9.8700,9.4800,9.7600,9.7000,34911763,338490432.0000,3,5.904602,1,0.618600,0
2013-09-26,sz.000731,9.7000,10.0800,9.5000,9.5100,9.7600,29985028,292928272.0000,3,5.071347,1,-2.561500,0
2013-09-27,sz.000731,9.4700,9.6300,9.1900,9.2800,9.5100,22707240,212437271.0000,3,3.840460,1,-2.418500,0
2013-09-30,sz.000731,9.2500,9.5000,9.0800,9.4500,9.2800,18364541,170400264.0000,3,3.105982,1,1.831900,0
2013-10-08,sz.000731,9.4000,9.6900,9.3800,9.6200,9.4500,17074422,163610482.0000,3,2.887785,1,1.798900,0
2013-10-09,sz.000731,9.5900,9.6500,9.3800,9.5400,9.6200,18506322,175824433.0000,3,3.129961,1,-0.831600,0
2013-10-10,sz.000731,9.6000,9.7600,9.4900,9.6100,9.5400,18773484,180655946.0000,3,3.175146,1,0.733800,0
2013-10-11,sz.000731,9.6800,9.7300,9.5200,9.6100,9.6100,14673706,141062165.0000,3,2.481754,1,0.000000,0
2013-10-14,sz.000731,9.6800,9.6800,9.2900,9.3700,9.6100,23035036,216704864.0000,3,3.895899,1,-2.497400,0
2013-10-15,sz.000731,9.3700,9.3800,9.0600,9.1800,9.3700,20658680,189785827.0000,3,3.493988,1,-2.027700,0
2013-10-16,sz.000731,9.1600,9.2900,9.0700,9.1900,9.1800,13054101,119902901.0000,3,2.207831,1,0.108900,0
2013-10-17,sz.000731,9.2400,9.6600,9.1200,9.4000,9.1900,23455562,220899775.0000,3,3.967023,1,2.285100,0
2013-10-18,sz.000731,9.4000,9.4200,9.1700,9.1900,9.4000,12129936,112273732.0000,3,2.051528,1,-2.234000,0
2013-10-21,sz.000731,9.2200,10.0500,9.2000,9.8700,9.1900,40358810,391421696.0000,3,6.825857,1,7.399300,0
2013-10-22,sz.000731,9.9300,10.6000,9.8900,10.0500,9.8700,57475742,587259696.0000,3,9.720832,1,1.823700,0
2013-10-23,sz.000731,10.2000,10.5900,9.8200,10.5100,10.0500,54385011,558828512.0000,3,9.198099,1,4.577100,0
2013-10-24,sz.000731,10.3400,10.3500,10.0300,10.0900,10.5100,26144960,266068298.0000,3,4.421879,1,-3.996200,0
2013-10-25,sz.000731,10.3200,10.5500,10.0900,10.1000,10.0900,34275748,354063072.0000,3,5.797033,1,0.099100,0
2013-10-28,sz.000731,10.1300,10.2200,9.6800,9.7900,10.1000,23426565,230545468.0000,3,3.962118,1,-3.069300,0
2013-10-29,sz.000731,9.6500,9.9000,8.9700,9.1500,9.7900,25505263,239146864.0000,3,4.313687,1,-6.537300,0
2013-10-30,sz.000731,9.1500,9.3500,9.0000,9.3100,9.1500,14924786,138133279.0000,3,2.524219,1,1.748600,0
2013-10-31,sz.000731,9.3100,9.5400,9.2900,9.3200,9.3100,14095555,132671309.0000,3,2.383971,1,0.107400,0
2013-11-01,sz.000731,9.2700,9.3400,8.9900,9.2700,9.3200,8893178,81443997.0000,3,1.504097,1,-0.536500,0
2013-11-04,sz.000731,9.2700,9.5000,9.1000,9.2000,9.2700,14966482,139420783.0000,3,2.531271,1,-0.755100,0
2013-11-05,sz.000731,9.1600,9.4200,9.0800,9.4000,9.2000,10761555,99867203.0000,3,1.820094,1,2.173900,0
2013-11-06,sz.000731,9.3900,10.0500,9.3300,9.7000,9.4000,28792699,278180384.0000,3,4.869689,1,3.191500,0
2013-11-07,sz.000731,9.6400,9.8500,9.5100,9.6300,9.7000,17528378,169321844.0000,3,2.964562,1,-0.721600,0
2013-11-08,sz.000731,9.6100,9.6700,9.2000,9.2500,9.6300,13918406,130373622.0000,3,2.354010,1,-3.946000,0
2013-11-11,sz.000731,9.1300,9.3200,9.1000,9.2100,9.2500,7468309,68684530.0000,3,1.263110,1,-0.432400,0
2013-11-12,sz.000731,9.2400,9.3500,9.1800,9.3100,9.2100,7447141,69066745.0000,3,1.259530,1,1.085800,0
2013-11-13,sz.000731,9.2600,9.3600,8.8900,8.8900,9.3100,12399920,113162641.0000,3,2.097190,1,-4.511300,0
2013-11-14,sz.000731,8.9000,8.9700,8.4000,8.7100,8.8900,17228474,148525735.0000,3,2.913840,1,-2.024700,0
2013-11-15,sz.000731,8.7000,9.0500,8.6200,8.8400,8.7100,11954027,106189997.0000,3,2.021776,1,1.492500,0
2013-11-18,sz.000731,8.8800,9.2000,8.8500,9.1400,8.8400,13974233,126656661.0000,3,2.363452,1,3.393700,0
2013-11-19,sz.000731,9.1900,9.3300,8.9500,9.2300,9.1400,12844046,117920137.0000,3,2.172304,1,0.984700,0
2013-11-20,sz.000731,9.2600,9.2600,9.0800,9.1500,9.2300,10709382,97934031.0000,3,1.811270,1,-0.866700,0
2013-11-21,sz.000731,9.1300,9.1300,8.8900,9.0600,9.1500,13812814,124233209.0000,3,2.336152,1,-0.983600,0
2013-11-22,sz.000731,9.1100,9.4500,9.0900,9.3300,9.0600,25409605,237040269.0000,3,4.297509,1,2.980100,0
2013-11-25,sz.000731,9.2100,9.3800,8.9900,9.0300,9.3300,18842933,173272355.0000,3,3.186892,1,-3.215400,0
2013-11-26,sz.000731,9.0400,9.1000,8.8600,8.9500,9.0300,10801682,96857433.0000,3,1.826881,1,-0.885900,0
2013-11-27,sz.000731,8.9800,9.1100,8.8800,9.0600,8.9500,9963816,89715917.0000,3,1.685173,1,1.229100,0
2013-11-28,sz.000731,9.1500,9.3300,9.0900,9.1700,9.0600,15441724,142595798.0000,3,2.611648,1,1.214100,0
2013-11-29,sz.000731,9.2000,9.2900,9.1500,9.1800,9.1700,10611334,97718410.0000,3,1.794687,1,0.109100,0
2013-12-02,sz.000731,8.9700,9.1200,8.6600,8.7700,9.1800,15875633,140967495.0000,3,2.685035,1,-4.466200,0
2013-12-03,sz.000731,8.8000,9.0400,8.7800,8.9700,8.7700,8339872,74496234.0000,3,1.410517,1,2.280500,0
2013-12-04,sz.000731,8.9700,9.1600,8.9100,9.1200,8.9700,12358725,112398801.0000,3,2.090222,1,1.672200,0
2013-12-05,sz.000731,9.1600,9.3000,9.1200,9.2400,9.1200,14062219,130028721.0000,3,2.378333,1,1.315800,0
2013-12-06,sz.000731,9.3000,9.4000,9.2000,9.3400,9.2400,18460368,171639638.0000,3,3.122189,1,1.082300,0
2013-12-09,sz.000731,9.3700,9.6400,9.3200,9.3800,9.3400,22657042,214072819.0000,3,3.831970,1,0.428300,0
2013-12-10,sz.000731,9.3900,9.4700,9.2800,9.3200,9.3800,11907570,111392043.0000,3,2.013919,1,-0.639700,0
2013-12-11,sz.000731,9.3000,9.4200,9.1800,9.3700,9.3200,14780539,137618346.0000,3,2.499822,1,0.536500,0
2013-12-12,sz.000731,9.3600,9.4400,9.2400,9.2600,9.3700,9005163,84046034.0000,3,1.523037,1,-1.174000,0
2013-12-13,sz.000731,9.1900,9.3900,9.1600,9.3300,9.2600,9369295,87153192.0000,3,1.584622,1,0.755900,0
2013-12-16,sz.000731,9.3900,9.5500,9.2800,9.2900,9.3300,16461589,155055005.0000,3,2.784137,1,-0.428700,0
2013-12-17,sz.000731,9.3300,9.4300,9.2200,9.3900,9.2900,11781115,110058617.0000,3,1.992532,1,1.076400,0
2013-12-18,sz.000731,9.3900,9.6100,9.3400,9.4600,9.3900,17377297,165117415.0000,3,2.939010,1,0.745500,0
2013-12-19,sz.000731,9.4900,9.7800,9.4400,9.4500,9.4600,19150000,183550054.0000,3,3.238826,1,-0.105700,0
2013-12-20,sz.000731,9.4500,9.7500,9.4000,9.6500,9.4500,29112691,280166064.0000,3,4.923809,1,2.116400,0
2013-12-23,sz.000731,9.6600,9.7200,9.3000,9.5100,9.6500,18261350,174003991.0000,3,3.088529,1,-1.450800,0
2013-12-24,sz.000731,9.4700,9.8000,9.4500,9.8000,9.5100,24668882,238992930.0000,3,4.172231,1,3.049400,0
2013-12-25,sz.000731,9.8500,9.9900,9.7200,9.9000,9.8000,23969451,236344212.0000,3,4.053936,1,1.020400,0
2013-12-26,sz.000731,9.8600,10.1700,9.7700,9.9800,9.9000,34434594,344444160.0000,3,5.823899,1,0.808100,0
2013-12-27,sz.000731,10.0200,10.5600,9.9300,10.4300,9.9800,48823662,505612496.0000,3,8.257512,1,4.509000,0
2013-12-30,sz.000731,10.4300,10.5400,10.1500,10.3700,10.4300,27685108,285042944.0000,3,4.682363,1,-0.575300,0
2013-12-31,sz.000731,10.2200,10.3700,9.8600,9.8900,10.3700,30905357,309500576.0000,3,5.226259,1,-4.628700,0
2014-01-02,sz.000731,9.8600,10.0900,9.7600,10.0000,9.8900,16555741,164797436.0000,3,2.799663,1,1.112200,0
2014-01-03,sz.000731,9.9800,10.0500,9.6500,9.7100,10.0000,18167772,178127124.0000,3,3.072266,1,-2.900000,0
2014-01-06,sz.000731,9.6400,9.6900,9.3700,9.3800,9.7100,17778365,168793362.0000,3,3.006415,1,-3.398600,0
2014-01-07,sz.000731,9.3000,9.4400,9.2300,9.3300,9.3800,11408451,106516238.0000,3,1.929229,1,-0.533000,0
2014-01-08,sz.000731,9.3400,9.5700,9.3400,9.4200,9.3300,13587665,128484749.0000,3,2.297746,1,0.964600,0
2014-01-09,sz.000731,9.4000,9.5400,9.3100,9.3100,9.4200,10385257,97891003.0000,3,1.756202,1,-1.167700,0
2014-01-10,sz.000731,9.2500,9.3000,8.9400,8.9700,9.3100,14303413,130650858.0000,3,2.418783,1,-3.652000,0
2014-01-13,sz.000731,8.9700,9.0700,8.6000,8.7100,8.9700,14041615,123669956.0000,3,2.374511,1,-2.898600,0
2014-01-14,sz.000731,8.7000,8.8900,8.6500,8.8800,8.7100,7366837,64720882.0000,3,1.245771,1,1.951800,0
2014-01-15,sz.000731,8.8600,9.0000,8.8300,8.9900,8.8800,7659200,68299635.0000,3,1.295211,1,1.238700,0
2014-01-16,sz.000731,8.9900,9.1100,8.8500,8.8700,8.9900,8866424,79734719.0000,3,1.499359,1,-1.334800,0
2014-01-17,sz.000731,8.8000,8.8500,8.6100,8.6500,8.8700,8008458,69522648.0000,3,1.354272,1,-2.480300,0
2014-01-20,sz.000731,8.6500,8.8400,8.6000,8.7100,8.6500,5817381,50771474.0000,3,0.983750,1,0.693600,0
2014-01-21,sz.000731,8.7100,8.8700,8.6800,8.7800,8.7100,5748428,50407591.0000,3,0.972089,1,0.803700,0
2014-01-22,sz.000731,8.7500,9.0800,8.7500,9.0700,8.7800,10489083,94255224.0000,3,1.773759,1,3.303000,0
2014-01-23,sz.000731,9.1000,9.1300,8.9400,9.0100,9.0700,9988135,90031037.0000,3,1.689046,1,-0.661500,0
2014-01-24,sz.000731,8.9600,9.0800,8.9600,9.0200,9.0100,8621911,77895691.0000,3,1.458011,1,0.111000,0
2014-01-27,sz.000731,9.0100,9.0200,8.8400,8.9000,9.0200,9862082,87944894.0000,3,1.667730,1,-1.330400,0
2014-01-28,sz.000731,8.9200,9.0600,8.8600,9.0500,8.9000,8655783,77762058.0000,3,1.463739,1,1.685400,0
2014-01-29,sz.000731,9.1400,9.1600,8.9700,9.0200,9.0500,9776619,88391376.0000,3,1.653278,1,-0.331500,0
2014-01-30,sz.000731,9.0000,9.0800,8.8800,8.9400,9.0200,6453097,57775643.0000,3,1.091253,1,-0.886900,0
2014-02-07,sz.000731,8.8800,9.0700,8.8200,9.0500,8.9400,8097042,72764714.0000,3,1.369252,1,1.230400,0
2014-02-10,sz.000731,9.0600,9.3500,9.0500,9.3500,9.0500,17382903,160649103.0000,3,2.939541,1,3.314900,0
2014-02-11,sz.000731,9.3000,9.5200,9.3000,9.3500,9.3500,15985191,150219866.0000,3,2.703180,1,0.000000,0
2014-02-12,sz.000731,9.3400,9.6000,9.3000,9.5500,9.3500,15751542,148839974.0000,3,2.663669,1,2.139000,0
2014-02-13,sz.000731,9.8000,9.8300,9.4000,9.4600,9.5500,20875021,200967619.0000,3,3.530076,1,-0.942400,0
2014-02-14,sz.000731,9.4800,9.6000,9.4100,9.6000,9.4600,12471809,118706985.0000,3,2.109049,1,1.479900,0
2014-02-17,sz.000731,9.6800,9.7800,9.5500,9.7100,9.6000,15508741,150000773.0000,3,2.622610,1,1.145800,0
2014-02-18,sz.000731,9.6800,9.6800,9.3800,9.4400,9.7100,19848517,188719554.0000,3,3.356489,1,-2.780600,0
2014-02-19,sz.000731,9.4000,9.5500,9.3300,9.5100,9.4400,16499921,156052904.0000,3,2.790224,1,0.741500,0
2014-02-20,sz.000731,9.5500,9.8900,9.4800,9.5100,9.5100,21751733,210342848.0000,3,3.678333,1,0.000000,0
2014-02-21,sz.000731,9.5700,9.6000,9.2600,9.3300,9.5100,12685007,118806824.0000,3,2.145102,1,-1.892700,0
2014-02-24,sz.000731,9.3300,9.4500,9.2100,9.3800,9.3300,10828711,101185716.0000,3,1.831192,1,0.535900,0
2014-02-25,sz.000731,9.3900,9.4500,8.7000,8.8500,9.3800,16496828,150970174.0000,3,2.789701,1,-5.650300,0
2014-02-26,sz.000731,8.8800,8.8900,8.6500,8.8000,8.8500,11098868,97002641.0000,3,1.876877,1,-0.565000,0
2014-02-27,sz.000731,8.8300,9.0000,8.6800,8.7000,8.8000,11477684,101529490.0000,3,1.940937,1,-1.136400,0
2014-02-28,sz.000731,8.6700,8.8300,8.6500,8.8200,8.7000,7073223,61749692.0000,3,1.196119,1,1.379300,0
2014-03-03,sz.000731,8.8100,9.1700,8.8000,9.1700,8.8200,14630812,132522386.0000,3,2.474147,1,3.968300,0
2014-03-04,sz.000731,9.1900,9.1900,8.9800,9.1100,9.1700,9680370,87811373.0000,3,1.637002,1,-0.654300,0
2014-03-05,sz.000731,9.0900,9.1800,8.9000,8.9700,9.1100,8287967,75232463.0000,3,1.401539,1,-1.536800,0
2014-03-06,sz.000731,8.9100,8.9500,8.7700,8.8800,8.9700,7771896,68883483.0000,3,1.314269,1,-1.003300,0
2014-03-07,sz.000731,8.8800,8.9800,8.8000,8.9600,8.8800,6396576,56869695.0000,3,1.081695,1,0.900900,0
2014-03-10,sz.000731,8.8800,8.9100,8.5000,8.5000,8.9600,10792252,93635929.0000,3,1.825027,1,-5.133900,0
2014-03-11,sz.000731,8.5300,8.5800,8.4000,8.5100,8.5000,6742477,57262274.0000,3,1.140188,1,0.117600,0
2014-03-12,sz.000731,8.4900,8.5700,8.3900,8.5100,8.5100,5329194,45178989.0000,3,0.901195,1,0.000000,0
2014-03-13,sz.000731,8.5100,8.5900,8.4600,8.5400,8.5100,7223669,61564766.0000,3,1.221561,1,0.352500,0
2014-03-14,sz.000731,8.5200,8.5200,8.3100,8.3400,8.5400,7346760,61708977.0000,3,1.242376,1,-2.341900,0
2014-03-17,sz.000731,8.3600,8.5000,8.3200,8.5000,8.3400,4622867,38986503.0000,3,0.781751,1,1.918500,0
2014-03-18,sz.000731,8.5000,8.5900,8.4800,8.5400,8.5000,6415136,54727509.0000,3,1.084833,1,0.470600,0
2014-03-19,sz.000731,8.4400,8.4400,8.0000,8.2500,8.5400,12963371,106967207.0000,3,2.192174,1,-3.395800,0
2014-03-20,sz.000731,8.1800,8.2600,8.0000,8.0100,8.2500,12959401,104982397.0000,3,2.191503,1,-2.909100,0
2014-03-21,sz.000731,7.9700,8.0600,7.6900,8.0600,8.0100,14910921,117759567.0000,3,2.521515,1,0.624200,0
2014-03-24,sz.000731,8.0300,8.1300,7.9000,8.0500,8.0600,9974570,80339006.0000,3,1.686752,1,-0.124100,0
2014-03-25,sz.000731,8.0800,8.1600,8.0100,8.0800,8.0500,8460623,68297893.0000,3,1.430736,1,0.372700,0
2014-03-26,sz.000731,8.1200,8.1200,7.9700,8.0000,8.0800,8598809,69037127.0000,3,1.454104,1,-0.990100,0
2014-03-27,sz.000731,8.0200,8.0900,7.9500,8.0000,8.0000,6733137,53982733.0000,3,1.138609,1,0.000000,0
2014-03-28,sz.000731,8.0000,8.0100,7.7800,7.7900,8.0000,7693164,60458765.0000,3,1.300955,1,-2.625000,0
2014-03-31,sz.000731,7.7800,7.9200,7.7400,7.8200,7.7900,4981446,39008618.0000,3,0.842389,1,0.385100,0
2014-04-01,sz.000731,7.8200,7.9500,7.7800,7.9500,7.8200,4947075,39140624.0000,3,0.836576,1,1.662400,0
2014-04-02,sz.000731,7.9600,8.0300,7.9200,8.0100,7.9500,5189104,41483938.0000,3,0.877505,1,0.754700,0
2014-04-03,sz.000731,8.0700,8.3200,8.0700,8.2000,8.0100,16083413,132126749.0000,3,2.719790,1,2.372000,0
2014-04-04,sz.000731,8.1900,8.2300,8.1300,8.1900,8.2000,5841605,47757737.0000,3,0.987846,1,-0.122000,0
2014-04-08,sz.000731,8.1500,8.2300,8.1100,8.2100,8.1900,8436196,68972839.0000,3,1.426605,1,0.244200,0
2014-04-09,sz.000731,8.2100,8.2300,8.1600,8.2000,8.2100,5603023,45907622.0000,3,0.947501,1,-0.121800,0
2014-04-10,sz.000731,8.2000,8.2100,8.0700,8.1200,8.2000,9781432,79455999.0000,3,1.654092,1,-0.975600,0
2014-04-11,sz.000731,8.0900,8.1300,8.0300,8.0400,8.1200,7106282,57339285.0000,3,1.201710,1,-0.985200,0
2014-04-14,sz.000731,8.0300,8.0700,7.9900,8.0500,8.0400,6011555,48213230.0000,3,1.016586,1,0.124400,0
2014-04-15,sz.000731,7.8600,7.8600,7.6300,7.6700,8.0500,23311067,179632859.0000,3,3.942024,1,-4.720500,0
2014-04-16,sz.000731,7.6700,7.7400,7.6300,7.6900,7.6700,7121984,54743937.0000,3,1.204365,1,0.260800,0
2014-04-17,sz.000731,7.7000,7.7300,7.6700,7.6700,7.6900,6897877,53039386.0000,3,1.166467,1,-0.260100,0
2014-04-18,sz.000731,7.6700,7.6700,7.4100,7.4400,7.6700,20693524,155332344.0000,3,3.499384,1,-2.998700,0
2014-04-21,sz.000731,7.4000,7.4300,7.3000,7.3200,7.4400,10303020,75785017.0000,3,1.742295,1,-1.612900,0
2014-04-22,sz.000731,7.3000,7.3800,7.2200,7.3600,7.3200,9355106,68297377.0000,3,1.581998,1,0.546400,0
2014-04-23,sz.000731,7.3600,7.4000,7.2600,7.3800,7.3600,8214290,60250560.0000,3,1.389080,1,0.271700,0
2014-04-24,sz.000731,7.3400,7.3900,7.2400,7.2400,7.3800,7342247,53484633.0000,3,1.241613,1,-1.897000,0
2014-04-25,sz.000731,7.2300,7.2600,6.8900,6.8900,7.2400,12304172,86649796.0000,3,2.080700,1,-4.834300,0
2014-04-28,sz.000731,6.8500,6.8500,6.3700,6.3900,6.8900,17897371,116733456.0000,3,3.026540,1,-7.256900,0
2014-04-29,sz.000731,6.3800,6.4000,6.2100,6.3200,6.3900,16760160,105354189.0000,3,2.834231,1,-1.095500,0
2014-04-30,sz.000731,6.3000,6.4000,6.2500,6.3200,6.3200,9028607,57275829.0000,3,1.526785,1,0.000000,0
2014-05-05,sz.000731,6.3300,6.4500,6.3200,6.4000,6.3200,10965890,70179705.0000,3,1.854390,1,1.265800,0
2014-05-06,sz.000731,6.4100,6.5800,6.4000,6.4900,6.4000,12101288,78779416.0000,3,2.046392,1,1.406200,0
2014-05-07,sz.000731,6.4400,6.5400,6.3800,6.4000,6.4900,8649829,55750019.0000,3,1.462732,1,-1.386700,0
2014-05-08,sz.000731,6.3700,6.4800,6.3100,6.3600,6.4000,8785319,56094853.0000,3,1.485644,1,-0.625000,0
2014-05-09,sz.000731,6.3700,6.3700,6.2100,6.2400,6.3600,7113771,44586642.0000,3,1.202976,1,-1.886800,0
2014-05-12,sz.000731,6.3100,6.4800,6.2700,6.4700,6.2400,12227406,77965773.0000,3,2.067719,1,3.685900,0
2014-05-13,sz.000731,6.6000,6.7700,6.5400,6.6000,6.4700,19934922,132403043.0000,3,3.371100,1,2.009300,0
2014-05-14,sz.000731,6.6300,6.6500,6.5300,6.5300,6.6000,7251462,47765242.0000,3,1.226260,1,-1.060600,0
2014-05-15,sz.000731,6.5000,6.5300,6.3500,6.3500,6.5300,7705329,49543190.0000,3,1.303012,1,-2.756500,0
2014-05-16,sz.000731,6.3100,6.3700,6.2500,6.3600,6.3500,7719883,48627728.0000,3,1.305473,1,0.157500,0
2014-05-19,sz.000731,6.3300,6.3500,6.2000,6.3000,6.3600,6819054,42755789.0000,3,1.153138,1,-0.943400,0
2014-05-20,sz.000731,6.4000,6.4000,6.3000,6.3400,6.3000,5707336,36150771.0000,3,0.965141,1,0.634900,0
2014-05-21,sz.000731,6.3400,6.4300,6.2300,6.4100,6.3400,7327877,46518136.0000,3,1.239183,1,1.104100,0
2014-05-22,sz.000731,6.4300,6.6200,6.3900,6.4300,6.4100,15533443,101247498.0000,3,2.626787,1,0.312000,0
2014-05-23,sz.000731,6.4400,6.4500,6.3400,6.4400,6.4300,5806159,37144476.0000,3,0.981852,1,0.155500,0
2014-05-26,sz.000731,6.4600,6.5500,6.4500,6.5300,6.4400,9801041,63793357.0000,3,1.657408,1,1.397500,0
2014-05-27,sz.000731,6.5300,6.5900,6.4900,6.5200,6.5300,7965727,51955858.0000,3,1.347046,1,-0.153100,0
2014-05-28,sz.000731,6.5000,6.5600,6.4300,6.5600,6.5200,9119890,59346328.0000,3,1.542221,1,0.613500,0
2014-05-29,sz.000731,6.5800,6.5800,6.4500,6.4500,6.5600,7642541,49759062.0000,3,1.292394,1,-1.676800,0
2014-05-30,sz.000731,6.4400,6.4600,6.3800,6.3900,6.4500,5922254,38034362.0000,3,1.001484,1,-0.930200,0
2014-06-03,sz.000731,6.4000,6.5000,6.3800,6.3800,6.3900,4667597,30059941.0000,3,0.789315,1,-0.156500,0
2014-06-04,sz.000731,6.3600,6.4400,6.3400,6.4000,6.3800,5599548,35787175.0000,3,0.946913,1,0.313500,0
2014-06-05,sz.000731,6.4100,6.4400,6.3600,6.4300,6.4000,5920722,37890619.0000,3,1.001225,1,0.468700,0
2014-06-06,sz.000731,6.3900,6.4100,6.3500,6.3700,6.3700,5131581,32716706.0000,3,0.867777,1,0.000000,0
2014-06-09,sz.000731,6.3700,6.4200,6.3400,6.3500,6.3700,4126023,26321773.0000,3,0.697732,1,-0.314000,0
2014-06-10,sz.000731,6.4200,6.6600,6.4200,6.6000,6.3500,22018055,144656930.0000,3,3.723369,1,3.937000,0
2014-06-11,sz.000731,6.5500,6.6000,6.5200,6.6000,6.6000,9306758,61138210.0000,3,1.573822,1,0.000000,0
2014-06-12,sz.000731,6.5900,6.5900,6.5000,6.5100,6.6000,7564906,49371205.0000,3,1.279265,1,-1.363600,0
2014-06-13,sz.000731,6.5000,6.5700,6.4600,6.5600,6.5100,7873121,51441166.0000,3,1.331386,1,0.768000,0
2014-06-16,sz.000731,6.5900,6.6100,6.5400,6.5800,6.5600,6922696,45469517.0000,3,1.170664,1,0.304900,0
2014-06-17,sz.000731,6.5800,6.5800,6.4900,6.5100,6.5800,6270591,40855692.0000,3,1.060390,1,-1.063800,0
2014-06-18,sz.000731,6.5000,6.5100,6.4100,6.4200,6.5100,7308150,47099929.0000,3,1.235847,1,-1.382500,0
2014-06-19,sz.000731,6.4300,6.4400,6.1600,6.2600,6.4200,9118896,57471689.0000,3,1.542053,1,-2.492200,0
2014-06-20,sz.000731,6.2400,6.3000,6.2200,6.3000,6.2600,3180154,19912519.0000,3,0.537781,1,0.639000,0
2014-06-23,sz.000731,6.3100,6.4100,6.3100,6.3500,6.3000,4211193,26797155.0000,3,0.712135,1,0.793600,0
2014-06-24,sz.000731,6.3500,6.4100,6.3200,6.3700,6.3500,4255826,27129410.0000,3,0.719683,1,0.315000,0
2014-06-25,sz.000731,6.3800,6.3800,6.3100,6.3300,6.3700,3410119,21570320.0000,3,0.576669,1,-0.627900,0
2014-06-26,sz.000731,6.3400,6.4100,6.3100,6.4000,6.3300,5584824,35607409.0000,3,0.944423,1,1.105800,0
2014-06-27,sz.000731,6.4000,6.5100,6.3600,6.4800,6.4000,8373746,53986362.0000,3,1.416045,1,1.250000,0
2014-06-30,sz.000731,6.4900,6.6200,6.4800,6.5500,6.4800,11420341,74825244.0000,3,1.931240,1,1.080200,0
2014-07-01,sz.000731,6.5700,6.5900,6.5000,6.5500,6.5500,7745761,50597644.0000,3,1.309849,1,0.000000,0
2014-07-02,sz.000731,6.5400,6.6200,6.5100,6.5700,6.5500,8335068,54724317.0000,3,1.409504,1,0.305300,0
2014-07-03,sz.000731,6.5700,6.9400,6.5500,6.8300,6.5700,28265881,191545023.0000,3,4.779909,1,3.957400,0
2014-07-04,sz.000731,6.7900,6.8200,6.7300,6.7800,6.8300,12796822,86548053.0000,3,2.164010,1,-0.732100,0
2014-07-07,sz.000731,6.7700,6.7900,6.6300,6.7100,6.7800,10080654,67622500.0000,3,1.704692,1,-1.032500,0
2014-07-08,sz.000731,6.6900,6.7900,6.6500,6.7400,6.7100,8936084,60051415.0000,3,1.511139,1,0.447100,0
2014-07-09,sz.000731,6.7200,6.7500,6.6400,6.6600,6.7400,10315059,68999486.0000,3,1.744331,1,-1.186900,0
2014-07-10,sz.000731,6.6500,6.9000,6.6000,6.8800,6.6600,16944088,114617156.0000,3,2.865335,1,3.303300,0
2014-07-11,sz.000731,6.8800,7.0800,6.8300,6.9300,6.8800,20045475,139946151.0000,3,3.389795,1,0.726700,0
2014-07-14,sz.000731,6.9100,7.0600,6.8500,7.0500,6.9300,14705411,102843793.0000,3,2.486763,1,1.731600,0
2014-07-15,sz.000731,6.8300,6.9000,6.6500,6.9000,7.0500,32873885,221547427.0000,3,5.559147,1,-2.127700,0
2014-07-16,sz.000731,6.8100,6.9600,6.7800,6.8700,6.9000,14375676,98961698.0000,3,2.431003,1,-0.434800,0
2014-07-17,sz.000731,6.8700,6.9000,6.7100,6.8900,6.8700,10087937,68596496.0000,3,1.705923,1,0.291100,0
2014-07-18,sz.000731,6.8400,6.9000,6.7900,6.8600,6.8900,7437831,50973228.0000,3,1.257776,1,-0.435400,0
2014-07-21,sz.000731,6.8500,6.8800,6.6900,6.8800,6.8600,8826149,59974486.0000,3,1.492548,1,0.291500,0
2014-07-22,sz.000731,6.8100,7.0000,6.8100,6.9400,6.8800,11678552,81198800.0000,3,1.974905,1,0.872100,0
2014-07-23,sz.000731,6.9400,7.1500,6.9200,7.0300,6.9400,14718679,103828525.0000,3,2.489006,1,1.296800,0
2014-07-24,sz.000731,7.0500,7.0900,6.8800,6.9900,7.0300,10610250,73972614.0000,3,1.794249,1,-0.569000,0
2014-07-25,sz.000731,6.9900,7.1200,6.9300,7.0700,6.9900,10777466,75838470.0000,3,1.822526,1,1.144500,0
2014-07-28,sz.000731,7.0300,7.1600,7.0300,7.1300,7.0700,12274946,87343139.0000,3,2.075758,1,0.848700,0
2014-07-29,sz.000731,7.1300,7.2400,7.0700,7.1900,7.1300,15924499,114095869.0000,3,2.692917,1,0.841500,0
2014-07-30,sz.000731,7.2100,7.4500,7.1700,7.3600,7.1900,26356586,193693019.0000,3,4.457038,1,2.364400,0
2014-07-31,sz.000731,7.3600,7.3800,7.2700,7.3800,7.3600,12917351,94472926.0000,3,2.184392,1,0.271700,0
2014-08-01,sz.000731,7.3400,7.3900,7.1300,7.1700,7.3800,14419139,105077208.0000,3,2.438352,1,-2.845500,0
2014-08-04,sz.000731,7.1700,7.2700,7.1400,7.2500,7.1700,12035335,86748239.0000,3,2.035239,1,1.115800,0
2014-08-05,sz.000731,7.2400,7.4200,7.2000,7.4000,7.2500,17287837,126791945.0000,3,2.923464,1,2.069000,0
2014-08-06,sz.000731,7.4000,7.6300,7.2700,7.5400,7.4000,19051274,141311132.0000,3,3.221671,1,1.891900,0
2014-08-07,sz.000731,7.5000,7.6300,7.3100,7.3200,7.5400,20388381,152052274.0000,3,3.447783,1,-2.917800,0
2014-08-08,sz.000731,7.3100,7.4000,7.2300,7.3000,7.3200,13291430,97036022.0000,3,2.247651,1,-0.273200,0
2014-08-11,sz.000731,7.3000,7.4000,7.2600,7.3300,7.3000,19926469,145885463.0000,3,3.369671,1,0.411000,0
2014-08-12,sz.000731,7.3000,7.3200,7.2400,7.2500,7.3300,14039541,102062516.0000,3,2.374160,1,-1.091400,0
2014-08-13,sz.000731,7.2200,7.3400,7.2200,7.2700,7.2500,17439541,126748688.0000,3,2.949118,1,0.275900,0
2014-08-14,sz.000731,7.2500,7.2800,7.1700,7.1800,7.2700,16445122,118930834.0000,3,2.780957,1,-1.238000,0
2014-08-15,sz.000731,7.1800,7.2500,7.1300,7.2100,7.1800,12232671,88128859.0000,3,2.068609,1,0.417800,0
2014-08-18,sz.000731,7.2300,7.3300,7.2100,7.3300,7.2100,15456967,112847410.0000,3,2.613855,1,1.664400,0
2014-08-19,sz.000731,7.3400,7.4300,7.2800,7.3800,7.3300,16725114,123175527.0000,3,2.828305,1,0.682100,0
2014-08-20,sz.000731,7.3800,7.4400,7.3200,7.3600,7.3800,16068041,118691937.0000,3,2.717190,1,-0.271000,0
2014-08-21,sz.000731,7.3200,7.3900,7.2100,7.3000,7.3600,13887140,101384365.0000,3,2.348389,1,-0.815200,0
2014-08-22,sz.000731,7.3000,7.3400,7.2400,7.3300,7.3000,10527534,76902354.0000,3,1.780261,1,0.411000,0
2014-08-25,sz.000731,7.4200,7.4500,7.3100,7.3200,7.3300,9666256,70995698.0000,3,1.634615,1,-0.136400,0
2014-08-26,sz.000731,7.2900,7.3100,7.0700,7.0900,7.3200,12526897,89820197.0000,3,2.118364,1,-3.142100,0
2014-08-27,sz.000731,7.1000,7.1500,7.0600,7.0700,7.0900,8752581,62154217.0000,3,1.480108,1,-0.282100,0
2014-08-28,sz.000731,7.0700,7.1400,6.9400,6.9800,7.0700,8466319,59495915.0000,3,1.431699,1,-1.273000,0
2014-08-29,sz.000731,6.9500,7.0500,6.9500,7.0300,6.9800,5816738,40737006.0000,3,0.983641,1,0.716300,0
2014-09-01,sz.000731,7.0500,7.1400,7.0000,7.1200,7.0300,5524135,39179698.0000,3,0.934160,1,1.280200,0
2014-09-02,sz.000731,7.1300,7.2400,7.1300,7.2000,7.1200,10277722,73822111.0000,3,1.738017,1,1.123600,0
2014-09-03,sz.000731,7.2100,7.2500,7.1800,7.2100,7.2000,11360817,81957575.0000,3,1.921174,1,0.138900,0
2014-09-04,sz.000731,7.2300,7.3000,7.1900,7.2700,7.2100,13054855,94610775.0000,3,2.207645,1,0.832200,0
2014-09-05,sz.000731,7.2700,7.3200,7.2200,7.3100,7.2700,13165561,95825204.0000,3,2.226366,1,0.550200,0
2014-09-09,sz.000731,7.3000,7.3600,7.2900,7.3400,7.3100,14824897,108616210.0000,3,2.506968,1,0.410400,0
2014-09-10,sz.000731,7.3300,7.3900,7.2600,7.3900,7.3400,16129008,118407023.0000,3,2.727500,1,0.681200,0
2014-09-11,sz.000731,7.4100,7.4700,7.3000,7.3400,7.3900,21405834,158235607.0000,3,3.619839,1,-0.676600,0
2014-09-12,sz.000731,7.3200,7.8000,7.3000,7.6600,7.3400,50325901,383480112.0000,3,8.510375,1,4.359700,0
2014-09-15,sz.000731,7.7100,7.9700,7.7100,7.8800,7.6600,36759000,287861344.0000,3,6.216141,1,2.872100,0
2014-09-16,sz.000731,7.8700,7.8700,7.5000,7.5300,7.8800,29382628,226400588.0000,3,4.968757,1,-4.441600,0
2014-09-17,sz.000731,7.5800,7.8600,7.5000,7.7900,7.5300,25737281,199104831.0000,3,4.352310,1,3.452900,0
2014-09-18,sz.000731,7.8900,8.1400,7.8000,7.9200,7.7900,33091343,263810087.0000,3,5.595921,1,1.668800,0
2014-09-19,sz.000731,7.9300,8.0800,7.8300,8.0800,7.9200,25141900,200110109.0000,3,4.251628,1,2.020200,0
2014-09-22,sz.000731,8.0100,8.4800,8.0100,8.2200,8.0800,43308759,358855280.0000,3,7.323739,1,1.732700,0
2014-09-23,sz.000731,8.2600,8.3600,8.1200,8.3100,8.2200,25075044,206598032.0000,3,4.240322,1,1.094900,0
2014-09-24,sz.000731,8.2400,8.5200,8.2000,8.3800,8.3100,31067045,260426938.0000,3,5.253601,1,0.842400,0
2014-09-25,sz.000731,8.3700,8.4400,8.2700,8.2900,8.3800,22330939,185975582.0000,3,3.776279,1,-1.074000,0
2014-09-26,sz.000731,8.2900,8.3500,8.1300,8.2200,8.2900,15395339,126771674.0000,3,2.603433,1,-0.844400,0
2014-09-29,sz.000731,8.2500,8.6800,8.1900,8.6000,8.2200,40404055,342062304.0000,3,6.832539,1,4.622900,0
2014-09-30,sz.000731,8.6500,8.6700,8.5000,8.6000,8.6000,18991314,163040952.0000,3,3.211531,1,0.000000,0
2014-10-08,sz.000731,8.6000,8.7500,8.5000,8.6600,8.6000,19327867,167005301.0000,3,3.268444,1,0.697700,0
2014-10-09,sz.000731,8.6900,9.4000,8.6900,9.0900,8.6600,36602539,333517760.0000,3,6.189682,1,4.965400,0
2014-10-10,sz.000731,9.1700,9.4500,9.0200,9.3000,9.0900,33908791,314998448.0000,3,5.734155,1,2.310200,0
2014-10-13,sz.000731,9.3000,9.3000,9.0100,9.1900,9.3000,22520059,205853442.0000,3,3.808261,1,-1.182800,0
2014-10-14,sz.000731,9.1500,9.2900,8.8500,9.0300,9.1900,22812641,206845446.0000,3,3.857738,1,-1.741000,0
2014-10-15,sz.000731,8.8800,8.9500,8.6000,8.7800,9.0300,29252954,256620943.0000,3,4.946829,1,-2.768500,0
2014-10-16,sz.000731,8.7100,8.8700,8.4700,8.4800,8.7800,21033329,183166685.0000,3,3.556847,1,-3.416900,0
2014-10-17,sz.000731,8.5100,8.7400,8.1800,8.6400,8.4800,25937623,219323539.0000,3,4.386189,1,1.886800,0
2014-10-20,sz.000731,8.6100,8.8500,8.5800,8.7500,8.6400,14225096,124299199.0000,3,2.405539,1,1.273100,0
2014-10-21,sz.000731,8.7000,8.8700,8.5100,8.5500,8.7500,13774181,119768544.0000,3,2.329287,1,-2.285700,0
2014-10-22,sz.000731,8.5200,8.6300,8.2700,8.3100,8.5500,12035090,101706141.0000,3,2.035197,1,-2.807000,0
2014-10-23,sz.000731,8.3200,8.3900,8.1000,8.2500,8.3100,14007446,115167854.0000,3,2.368733,1,-0.722000,0
2014-10-24,sz.000731,8.2400,8.3600,8.2100,8.2900,8.2500,8864017,73486193.0000,3,1.498952,1,0.484800,0
2014-10-27,sz.000731,8.2600,8.3500,8.1600,8.3300,8.2900,7639659,63119038.0000,3,1.291907,1,0.482500,0
2014-10-28,sz.000731,8.3400,8.4700,8.3000,8.4700,8.3300,16817295,141227470.0000,3,2.843893,1,1.680700,0
2014-10-29,sz.000731,8.4400,8.5200,8.3800,8.5100,8.4700,21790792,184085399.0000,3,3.684938,1,0.472300,0
2014-10-30,sz.000731,8.4600,8.6700,8.3800,8.5300,8.5100,20804753,178308116.0000,3,3.518193,1,0.235000,0
2014-10-31,sz.000731,8.5600,8.5800,8.1600,8.3300,8.5300,22712929,189342587.0000,3,3.840876,1,-2.344700,0
2014-11-03,sz.000731,8.3000,8.3400,8.1100,8.2900,8.3300,22458597,184269772.0000,3,3.797867,1,-0.480200,0
2014-11-04,sz.000731,8.2500,8.2900,8.1600,8.2700,8.2900,12009061,98772657.0000,3,2.030796,1,-0.241200,0
2014-11-05,sz.000731,8.3100,8.4600,8.3100,8.4100,8.2700,17807966,149447253.0000,3,3.011421,1,1.692900,0
2014-11-06,sz.000731,8.4100,8.4800,8.2200,8.3000,8.4100,13226464,109859374.0000,3,2.236665,1,-1.308000,0
2014-11-07,sz.000731,8.2900,8.3000,8.1700,8.1800,8.3000,16846046,138754829.0000,3,2.848755,1,-1.445800,0
2014-11-10,sz.000731,8.2200,8.3000,8.1200,8.3000,8.1800,12574348,103582659.0000,3,2.126389,1,1.467000,0
2014-11-11,sz.000731,8.3000,8.3300,7.7600,7.9100,8.3000,18743726,151503169.0000,3,3.169663,1,-4.698800,0
2014-11-12,sz.000731,7.8800,8.0700,7.8100,8.0300,7.9100,9311862,73891079.0000,3,1.574685,1,1.517100,0
2014-11-13,sz.000731,8.0300,8.0600,7.7900,7.9800,8.0300,11311681,89834841.0000,3,1.912865,1,-0.622700,0
2014-11-14,sz.000731,7.9100,8.0400,7.8500,7.9700,7.9800,6785437,53916061.0000,3,1.147453,1,-0.125300,0
2014-11-17,sz.000731,7.9500,8.1400,7.9400,8.1300,7.9700,11073486,89176781.0000,3,1.872585,1,2.007500,0
2014-11-18,sz.000731,8.1200,8.1800,8.0800,8.1200,8.1300,6962289,56571994.0000,3,1.177360,1,-0.123000,0
2014-11-19,sz.000731,8.1000,8.1600,8.0800,8.1300,8.1200,6866499,55817209.0000,3,1.161161,1,0.123200,0
2014-11-20,sz.000731,8.1000,8.2800,8.0600,8.2700,8.1300,11985681,98597057.0000,3,2.026842,1,1.722000,0
2014-11-21,sz.000731,8.2700,8.4200,8.2300,8.3800,8.2700,15814904,131835896.0000,3,2.674384,1,1.330100,0
2014-11-24,sz.000731,8.4700,8.5700,8.3600,8.4400,8.3800,19403173,164030979.0000,3,3.281179,1,0.716000,0
2014-11-25,sz.000731,8.4100,8.5000,8.3800,8.4300,8.4400,14550529,122490132.0000,3,2.460571,1,-0.118500,0
2014-11-26,sz.000731,8.4300,8.4700,8.3000,8.4400,8.4300,19391861,162527824.0000,3,3.279266,1,0.118600,0
2014-11-27,sz.000731,8.4600,8.6000,8.3800,8.5500,8.4400,24788897,210636785.0000,3,4.191933,1,1.303300,0
2014-11-28,sz.000731,8.5300,8.5900,8.4000,8.4400,8.5500,18573793,157499721.0000,3,3.140926,1,-1.286600,0
2014-12-01,sz.000731,8.4000,8.4100,8.1200,8.1600,8.4400,19573351,161080610.0000,3,3.309957,1,-3.317500,0
2014-12-02,sz.000731,8.1800,8.2700,8.0900,8.1700,8.1600,13811693,113242154.0000,3,2.335630,1,0.122600,0
2014-12-03,sz.000731,8.1800,8.4800,8.1700,8.3100,8.1700,21526866,179195068.0000,3,3.640307,1,1.713600,0
2014-12-04,sz.000731,8.3300,8.5200,8.3000,8.4900,8.3100,28381303,239328563.0000,3,4.799428,1,2.166100,0
2014-12-05,sz.000731,8.4900,8.5300,8.0400,8.1800,8.4900,28124689,232138690.0000,3,4.756033,1,-3.651300,0
2014-12-08,sz.000731,8.1700,8.3300,8.0800,8.2200,8.1800,19873383,163380501.0000,3,3.360694,1,0.489000,0
2014-12-09,sz.000731,8.2100,8.2300,7.7100,7.8000,8.2200,32248101,259011001.0000,3,5.453324,1,-5.109500,0
2014-12-10,sz.000731,7.7500,8.5700,7.7500,8.5500,7.8000,34260968,281994944.0000,3,5.793710,1,9.615400,0
2014-12-11,sz.000731,8.5500,8.9400,8.4400,8.7300,8.5500,38567818,336195760.0000,3,6.522021,1,2.105300,0
2014-12-12,sz.000731,8.7500,8.8600,8.6600,8.8200,8.7300,24166054,211788755.0000,3,4.086607,1,1.030900,0
2014-12-15,sz.000731,8.8400,8.8500,8.6800,8.8100,8.8200,16270390,142570502.0000,3,2.751409,1,-0.113400,0
2014-12-16,sz.000731,8.8400,8.9400,8.7800,8.8400,8.8100,19862584,176259762.0000,3,3.358868,1,0.340500,0
2014-12-17,sz.000731,8.8400,9.1800,8.6800,9.1000,8.8400,33389536,301414560.0000,3,5.646347,1,2.941200,0
2014-12-18,sz.000731,9.1000,9.2700,8.8900,8.9200,9.1000,23372467,212322393.0000,3,3.952407,1,-1.978000,0
2014-12-19,sz.000731,8.9100,8.9200,8.5100,8.5800,8.9200,19045781,165486779.0000,3,3.220742,1,-3.811700,0
2014-12-22,sz.000731,8.5700,8.8800,8.2000,8.3600,8.5800,19751599,167135562.0000,3,3.340100,1,-2.564100,0
2014-12-23,sz.000731,8.2300,8.4900,8.2000,8.2100,8.3600,10779623,90134903.0000,3,1.822891,1,-1.794300,0
2014-12-24,sz.000731,8.3000,9.0300,8.2500,9.0300,8.2100,32781752,288305296.0000,3,5.543567,1,9.987800,0
2014-12-25,sz.000731,9.0300,9.2600,8.8800,9.1700,9.0300,31457320,285739120.0000,3,5.319599,1,1.550400,0
2014-12-26,sz.000731,9.1700,9.2200,8.9800,9.1200,9.1700,21456152,195084963.0000,3,3.628348,1,-0.545300,0
2014-12-29,sz.000731,9.1500,9.3100,9.0300,9.1500,9.1200,21605387,198370347.0000,3,3.653585,1,0.328900,0
2014-12-30,sz.000731,9.2600,9.5400,8.8700,8.8900,9.1500,28458288,262748149.0000,3,4.812447,1,-2.841500,0
2014-12-31,sz.000731,8.9000,8.9900,8.6900,8.7900,8.8900,19566032,172264177.0000,3,3.308719,1,-1.124900,0
2015-01-05,sz.000731,8.8000,9.1500,8.7300,9.0100,8.7900,21144592,189594326.0000,3,3.575662,1,2.502800,0
2015-01-06,sz.000731,9.0100,9.0100,8.7500,8.9300,9.0100,17470412,154936756.0000,3,2.954339,1,-0.887900,0
2015-01-07,sz.000731,8.9100,9.0900,8.8000,9.0900,8.9300,21024988,188424057.0000,3,3.555436,1,1.791700,0
2015-01-08,sz.000731,9.1000,9.4800,9.0300,9.3100,9.0900,40033078,371999488.0000,3,6.769805,1,2.420200,0
2015-01-09,sz.000731,9.2600,9.4400,9.1200,9.2400,9.3100,22349630,207428880.0000,3,3.779440,1,-0.751900,0
2015-01-12,sz.000731,9.1800,9.1800,8.9100,8.9900,9.2400,12605350,113667397.0000,3,2.131631,1,-2.705600,0
2015-01-13,sz.000731,8.9300,9.1400,8.9200,9.1400,8.9900,10205646,91865744.0000,3,1.725829,1,1.668500,0
2015-01-14,sz.000731,9.1300,9.3900,9.0600,9.2400,9.1400,15575550,143689552.0000,3,2.633908,1,1.094100,0
2015-01-15,sz.000731,9.2000,9.3600,9.1500,9.2200,9.2400,15222879,141169017.0000,3,2.574269,1,-0.216400,0
2015-01-16,sz.000731,9.2800,9.5400,9.1000,9.3900,9.2200,24793333,232248281.0000,3,4.192683,1,1.843800,0
2015-01-19,sz.000731,9.1300,9.4000,8.4500,8.7500,9.3900,30924174,276872896.0000,3,5.229441,1,-6.815800,0
2015-01-20,sz.000731,8.8400,9.0300,8.7600,8.9600,8.7500,18495564,164952555.0000,3,3.127697,1,2.400000,0
2015-01-21,sz.000731,9.1500,9.2500,9.0300,9.1600,8.9600,16413740,150032419.0000,3,2.775650,1,2.232100,0
2015-01-22,sz.000731,9.1600,9.2200,9.0800,9.2100,9.1600,18585190,170308714.0000,3,3.142854,1,0.545900,0
2015-01-23,sz.000731,9.2300,9.3500,9.0000,9.0500,9.2100,18930801,173415737.0000,3,3.201298,1,-1.737200,0
2015-01-26,sz.000731,9.0300,9.2100,8.9700,9.1900,9.0500,19907954,180615004.0000,3,3.366540,1,1.547000,0
2015-01-27,sz.000731,9.2000,9.4500,9.1000,9.3500,9.1900,25073062,232729554.0000,3,4.239987,1,1.741000,0
2015-01-28,sz.000731,9.3200,9.5300,9.2000,9.4200,9.3500,25969069,243877423.0000,3,4.391506,1,0.748700,0
2015-01-29,sz.000731,9.3000,9.7200,9.3000,9.4400,9.4200,26997116,257676767.0000,3,4.565355,1,0.212300,0
2015-01-30,sz.000731,9.4700,9.6400,9.3700,9.4200,9.4400,21420659,203574133.0000,3,3.622346,1,-0.211900,0
2015-02-02,sz.000731,9.2000,9.4200,9.1200,9.2800,9.4200,15988361,148106166.0000,3,2.703716,1,-1.486200,0
2015-02-03,sz.000731,9.3000,9.4500,9.1400,9.3500,9.2800,16040628,149123094.0000,3,2.712555,1,0.754300,0
2015-02-04,sz.000731,9.3500,9.6900,9.3200,9.4600,9.3500,24668269,234621569.0000,3,4.171534,1,1.176500,0
2015-02-05,sz.000731,9.5000,9.5300,9.2100,9.2700,9.4600,16071928,150225140.0000,3,2.717848,1,-2.008500,0
2015-02-06,sz.000731,9.2200,9.2800,9.0000,9.0800,9.2700,16707048,151584630.0000,3,2.825250,1,-2.049600,0
2015-02-09,sz.000731,9.0200,9.1100,8.8700,9.0200,9.0800,7081148,63730077.0000,3,1.197459,1,-0.660800,0
2015-02-10,sz.000731,9.0200,9.1100,8.9500,9.0900,9.0200,5869969,53131430.0000,3,0.992643,1,0.776000,0
2015-02-11,sz.000731,9.0900,9.1700,9.0100,9.1400,9.0900,7623604,69440583.0000,3,1.289192,1,0.550100,0
2015-02-12,sz.000731,9.1400,9.1800,9.0800,9.1000,9.1400,7503115,68410606.0000,3,1.268816,1,-0.437600,0
2015-02-13,sz.000731,9.1100,9.4500,9.1100,9.2900,9.1000,18329905,170162205.0000,3,3.099684,1,2.087900,0
2015-02-16,sz.000731,9.2900,9.4500,9.2000,9.4200,9.2900,19109980,178887146.0000,3,3.231598,1,1.399400,0
2015-02-17,sz.000731,9.4200,9.5300,9.3800,9.4500,9.4200,16129082,152313393.0000,3,2.727513,1,0.318500,0
2015-02-25,sz.000731,9.5500,9.5700,9.3700,9.4600,9.4500,14510078,137308934.0000,3,2.453731,1,0.105800,0
2015-02-26,sz.000731,9.4500,9.8600,9.4100,9.8300,9.4600,25077014,243844085.0000,3,4.240655,1,3.911200,0
2015-02-27,sz.000731,9.8400,9.8400,9.6500,9.8000,9.8300,19343819,188626844.0000,3,3.271142,1,-0.305200,0
2015-03-02,sz.000731,10.4000,10.4900,9.9400,10.3400,9.8000,52694866,539862752.0000,3,8.910980,1,5.510200,0
2015-03-03,sz.000731,10.2100,10.2900,10.0600,10.1700,10.3400,25218561,256213510.0000,3,4.264592,1,-1.644100,0
2015-03-04,sz.000731,10.2900,10.4700,10.1000,10.2800,10.1700,30962530,317249328.0000,3,5.235927,1,1.081600,0
2015-03-05,sz.000731,10.2200,11.1100,10.1700,11.0000,10.2800,42470666,452005344.0000,3,7.182013,1,7.003900,0
2015-03-06,sz.000731,11.0000,11.2800,10.6600,11.0100,11.0000,30233629,330569808.0000,3,5.112666,1,0.090900,0
2015-03-09,sz.000731,11.0100,11.2000,10.7000,10.8300,11.0100,27644974,301696976.0000,3,4.674911,1,-1.634900,0
2015-03-10,sz.000731,10.8500,11.1900,10.7900,10.9600,10.8300,19120627,210250582.0000,3,3.233399,1,1.200400,0
2015-03-11,sz.000731,11.0000,11.0500,10.5400,10.7900,10.9600,26056279,279585472.0000,3,4.406254,1,-1.551100,0
2015-03-12,sz.000731,10.7900,10.9800,10.6200,10.7200,10.7900,16648946,179660631.0000,3,2.815425,1,-0.648700,0
2015-03-13,sz.000731,10.7500,10.9200,10.6200,10.7300,10.7200,13118408,140810098.0000,3,2.218392,1,0.093300,0
2015-03-16,sz.000731,10.8500,11.1700,10.7800,10.9900,10.7300,26325102,289582864.0000,3,4.451714,1,2.423100,0
2015-03-17,sz.000731,11.0400,11.5000,10.9100,11.3800,10.9900,39562127,442055648.0000,3,6.690164,1,3.548700,0
2015-03-18,sz.000731,11.3900,11.5700,11.2200,11.4000,11.3800,28567491,324370192.0000,3,4.830913,1,0.175700,0
2015-03-19,sz.000731,11.4500,11.5800,11.2700,11.3600,11.4000,21629784,246549691.0000,3,3.657710,1,-0.350900,0
2015-03-20,sz.000731,11.3800,11.4500,10.9900,11.1000,11.3600,33093667,369742528.0000,3,5.596314,1,-2.288700,0
2015-03-23,sz.000731,11.1000,11.2900,10.9300,11.2500,11.1000,37644520,418551152.0000,3,6.365887,1,1.351300,0
2015-03-24,sz.000731,11.2000,11.2000,10.7200,10.9600,11.2500,33737989,369585744.0000,3,5.705272,1,-2.577800,0
2015-03-25,sz.000731,10.9400,11.1000,10.7900,11.0100,10.9600,23953285,262455902.0000,3,4.050627,1,0.456200,0
2015-03-26,sz.000731,10.9300,11.3400,10.7300,11.2100,11.0100,33602532,371108720.0000,3,5.682365,1,1.816500,0
2015-03-27,sz.000731,11.2100,11.3900,11.1100,11.3400,11.2100,24381620,275301056.0000,3,4.123060,1,1.159700,0
2015-03-30,sz.000731,11.3400,12.1300,11.3400,11.9700,11.3400,44769924,529176464.0000,3,7.570830,1,5.555600,0
2015-03-31,sz.000731,11.9700,12.0700,11.6900,11.8800,11.9700,29217569,346353360.0000,3,4.940845,1,-0.751900,0
2015-04-01,sz.000731,11.8800,12.3800,11.8800,12.2800,11.8800,32662362,399721728.0000,3,5.523378,1,3.367000,0
2015-04-02,sz.000731,12.3400,12.4300,12.0200,12.2100,12.2800,36021253,438138112.0000,3,6.091384,1,-0.570000,0
2015-04-03,sz.000731,12.1800,12.5300,12.0800,12.1800,12.2100,30978790,379658992.0000,3,5.238677,1,-0.245700,0
2015-04-07,sz.000731,12.1800,12.3200,12.1000,12.2200,12.1800,31523424,384267168.0000,3,5.330777,1,0.328400,0
2015-04-08,sz.000731,12.2300,12.2900,11.6600,11.7800,12.2200,36451993,433092848.0000,3,6.164224,1,-3.600700,0
2015-04-09,sz.000731,11.7700,12.0800,11.5100,12.0500,11.7800,32601230,386850848.0000,3,5.513040,1,2.292000,0
2015-04-10,sz.000731,12.0500,12.7400,12.0500,12.4700,12.0500,33332069,416253888.0000,3,5.636629,1,3.485500,0
2015-04-13,sz.000731,12.5600,12.8500,12.2700,12.6700,12.4700,33735151,425054768.0000,3,5.704792,1,1.603800,0
2015-04-14,sz.000731,12.6700,12.9600,12.4000,12.5500,12.6700,28176539,356557712.0000,3,4.764801,1,-0.947100,0
2015-04-15,sz.000731,12.9900,13.7800,12.7600,13.0000,12.5500,52684634,695164864.0000,3,8.909249,1,3.585700,0
2015-04-16,sz.000731,12.8000,13.2500,12.3800,13.1100,13.0000,33766455,438244448.0000,3,5.710086,1,0.846200,0
2015-04-17,sz.000731,13.1500,13.2400,12.7900,13.0600,13.1100,31297223,407129264.0000,3,5.292525,1,-0.381400,0
2015-04-20,sz.000731,12.9800,12.9800,12.4000,12.4500,13.0600,34094003,431442240.0000,3,5.765476,1,-4.670800,0
2015-04-21,sz.000731,12.4500,12.8000,12.3100,12.7500,12.4500,20685531,260758496.0000,3,3.498032,1,2.409600,0
2015-04-22,sz.000731,12.8000,12.9200,12.6700,12.8000,12.7500,38172965,488186752.0000,3,6.455250,1,0.392200,0
2015-04-23,sz.000731,12.9700,13.3400,12.7800,13.1400,12.8000,45753141,599414880.0000,3,7.737097,1,2.656300,0
2015-04-24,sz.000731,12.8600,14.3100,12.8000,14.0500,13.1400,59147581,811501248.0000,3,10.002168,1,6.925400,0
2015-04-27,sz.000731,14.2500,15.0000,13.8100,14.4000,14.0500,61973662,892940768.0000,3,10.480073,1,2.491100,0
2015-04-28,sz.000731,14.6000,15.8400,14.0400,15.5400,14.4000,81932699,1223383696.0000,3,13.855251,1,7.916700,0
2015-04-29,sz.000731,15.0800,15.6300,14.7000,15.2300,15.5400,48853038,742777136.0000,3,8.261306,1,-1.994900,0
2015-04-30,sz.000731,15.2900,15.4000,14.7900,14.8500,15.2300,32485099,486245504.0000,3,5.493401,1,-2.495100,0
2015-05-04,sz.000731,14.5100,14.9000,14.1000,14.4200,14.8500,30463172,439811040.0000,3,5.151483,1,-2.895600,0
2015-05-05,sz.000731,14.4700,14.8600,14.0100,14.1700,14.4200,33527225,486453744.0000,3,5.669630,1,-1.733700,0
2015-05-06,sz.000731,14.0200,14.5500,13.6000,13.7300,14.1700,30357185,426555568.0000,3,5.133560,1,-3.105200,0
2015-05-07,sz.000731,13.7100,14.0400,13.4800,13.6000,13.7300,24487926,336466352.0000,3,4.141037,1,-0.946800,0
2015-05-08,sz.000731,13.9300,14.3100,13.7300,14.1500,13.6000,25063540,351729824.0000,3,4.238377,1,4.044100,0
2015-05-11,sz.000731,14.2600,14.5000,13.9800,14.4200,14.1500,40183011,572528160.0000,3,6.795159,1,1.908100,0
2015-05-12,sz.000731,14.3000,14.7600,14.2600,14.5400,14.4200,33419017,485518832.0000,3,5.651332,1,0.832200,0
2015-05-13,sz.000731,14.5500,14.5600,14.0300,14.1100,14.5400,33751266,480793536.0000,3,5.707517,1,-2.957400,0
2015-05-14,sz.000731,14.1300,14.1800,13.8000,13.8500,14.1100,28630530,398612640.0000,3,4.841574,1,-1.842700,0
2015-05-15,sz.000731,13.8100,14.5100,13.5000,14.3700,13.8500,34222061,480500704.0000,3,5.787131,1,3.754500,0
2015-05-18,sz.000731,14.4400,15.0000,14.3400,14.7000,14.3700,37981824,558386240.0000,3,6.422927,1,2.296500,0
2015-05-19,sz.000731,14.9800,15.0300,14.5500,14.8600,14.7000,30855723,455156192.0000,3,5.217865,1,1.088400,0
2015-05-20,sz.000731,14.7500,15.4300,14.6500,14.9900,14.8600,44987646,680631776.0000,3,7.607648,1,0.874800,0
2015-05-21,sz.000731,14.9900,15.3600,14.7500,15.3300,14.9900,37960106,569018448.0000,3,6.419254,1,2.268200,0
2015-05-22,sz.000731,15.6200,15.9400,15.3000,15.7800,15.3300,43303067,674990016.0000,3,7.322777,1,2.935400,0
2015-05-25,sz.000731,15.7800,16.3000,15.5200,16.1000,15.7800,44531754,716440160.0000,3,7.530554,1,2.027900,0
2015-05-26,sz.000731,16.3000,17.7100,15.8300,17.7100,16.1000,66815452,1129491056.0000,3,11.298845,1,10.000000,0
2015-05-27,sz.000731,17.7100,18.7400,17.7000,17.7400,17.7100,60772214,1101105264.0000,3,10.276902,1,0.169400,0
2015-05-28,sz.000731,17.7000,17.7100,15.9700,15.9700,17.7400,61553006,1033491600.0000,3,10.408938,1,-9.977400,0
2015-05-29,sz.000731,15.1000,15.8000,14.5100,15.2700,15.9700,52869471,803826992.0000,3,8.940506,1,-4.383200,0
2015-06-01,sz.000731,15.1400,16.6400,15.1000,16.0500,15.2700,50488330,803700768.0000,3,8.537843,1,5.108000,0
2015-06-02,sz.000731,16.2900,17.0500,16.1800,17.0400,16.0500,53061117,880674112.0000,3,8.972915,1,6.168200,0
2015-06-03,sz.000731,17.0600,17.2800,16.0100,16.6100,17.0400,45260475,753453792.0000,3,7.653785,1,-2.523500,0
2015-06-04,sz.000731,16.5800,16.5800,15.0100,16.1100,16.6100,35151115,558520144.0000,3,5.944239,1,-3.010200,0
2015-06-05,sz.000731,16.2500,16.8800,15.8900,16.4000,16.1100,46517413,764492160.0000,3,7.866340,1,1.800100,0
2015-06-08,sz.000731,16.8000,17.7000,16.7300,17.1800,16.4000,66872981,1151652944.0000,3,11.308574,1,4.756100,0
2015-06-09,sz.000731,17.2300,17.4000,16.4500,16.7900,17.1800,42653311,714944640.0000,3,7.212900,1,-2.270100,0
2015-06-10,sz.000731,16.6400,17.6800,16.5000,17.2800,16.7900,51756276,889604208.0000,3,8.752259,1,2.918400,0
2015-06-11,sz.000731,17.1900,18.3400,17.0200,18.2500,17.2800,57375770,1019927104.0000,3,9.702545,1,5.613400,0
2015-06-12,sz.000731,18.3500,19.7200,18.0100,18.9800,18.2500,63951662,1206209776.0000,3,10.814563,1,4.000000,0
2015-06-15,sz.000731,19.0700,19.0800,18.1900,18.2300,18.9800,43878511,815012224.0000,3,7.420087,1,-3.951500,0
2015-06-16,sz.000731,18.4000,20.0100,18.0000,19.4300,18.2300,77918541,1495578480.0000,3,13.176436,1,6.582600,0
2015-06-17,sz.000731,19.1900,19.6000,18.2200,19.3900,19.4300,47261461,894491984.0000,3,7.992162,1,-0.205900,0
2015-06-18,sz.000731,19.4400,20.3700,18.9000,18.9700,19.3900,54951500,1081528816.0000,3,9.292588,1,-2.166100,0
2015-06-19,sz.000731,18.4000,18.4000,17.0700,17.0700,18.9700,36322879,637167264.0000,3,6.142390,1,-10.015800,0
2015-06-23,sz.000731,16.5500,17.1800,15.3600,16.2900,17.0700,40118206,640844272.0000,3,6.784200,1,-4.569400,0
2015-06-24,sz.000731,16.4000,17.1000,16.2500,16.9900,16.2900,37794565,631610736.0000,3,6.391260,1,4.297100,0
2015-06-25,sz.000731,17.0900,17.2400,15.3000,15.6200,16.9900,36789394,608188272.0000,3,6.221280,1,-8.063600,0
2015-06-26,sz.000731,15.0000,15.0000,14.0600,14.0600,15.6200,29534073,424380368.0000,3,4.994367,1,-9.987200,0
2015-06-29,sz.000731,14.3600,14.5000,12.6500,12.6500,14.0600,41768157,546718528.0000,3,7.063216,1,-10.028500,0
2015-06-30,sz.000731,11.9800,13.4900,11.3900,13.3900,12.6500,58590726,718610432.0000,3,9.908848,1,5.849800,0
2015-07-01,sz.000731,12.9800,13.6700,12.0500,12.0500,13.3900,41240531,537425392.0000,3,6.974588,1,-10.007500,0
2015-07-02,sz.000731,12.0000,12.0000,10.8500,10.8500,12.0500,39708915,442994752.0000,3,6.715561,1,-9.958500,0
2015-07-03,sz.000731,9.8000,10.7000,9.7700,9.7700,10.8500,44753196,443267632.0000,3,7.568649,1,-9.953900,0
2015-07-06,sz.000731,10.7500,10.7500,8.7900,8.7900,9.7700,54079561,510503824.0000,3,9.145921,1,-10.030700,0
2015-07-07,sz.000731,8.0200,8.3000,7.9100,7.9100,8.7900,21937523,174687486.0000,3,3.710068,1,-10.011400,0
2015-07-08,sz.000731,7.1200,7.1200,7.1200,7.1200,7.9100,2338700,16651544.0000,3,0.395520,1,-9.987400,0
2015-07-09,sz.000731,6.4100,7.8300,6.4100,7.8300,7.1200,84192328,599528880.0000,3,14.238584,1,9.971900,0
2015-07-10,sz.000731,8.1100,8.6100,8.1000,8.6100,7.8300,51927340,439964880.0000,3,8.781938,1,9.961700,0
2015-07-13,sz.000731,9.1200,9.4700,8.8700,9.4700,8.6100,68375628,628508672.0000,3,11.563668,1,9.988400,0
2015-07-14,sz.000731,9.7000,10.3000,9.2700,9.6200,9.4700,92971296,912500048.0000,3,15.723281,1,1.583900,0
2015-07-15,sz.000731,9.2000,9.5300,8.6600,8.6600,9.6200,50521288,454372112.0000,3,8.544147,1,-9.979200,0
2015-07-16,sz.000731,8.0100,9.1600,7.8500,8.7300,8.6600,46844003,401468448.0000,3,7.922245,1,0.808300,0
2015-07-17,sz.000731,8.7500,9.6000,8.7500,9.6000,8.7300,50366361,464087696.0000,3,8.517946,1,9.965600,0
2015-07-20,sz.000731,9.6000,10.1900,9.4000,9.9500,9.6000,65825512,648267872.0000,3,11.132393,1,3.645800,0
2015-07-21,sz.000731,9.7000,10.3200,9.5000,10.0500,9.9500,51914689,519709312.0000,3,8.779798,1,1.005000,0
2015-07-22,sz.000731,10.1100,10.7600,9.6100,10.4800,10.0500,65727846,667155040.0000,3,11.115876,1,4.278600,0
2015-07-23,sz.000731,10.4300,11.1800,10.2400,10.9100,10.4800,68196205,727652720.0000,3,11.533324,1,4.103100,0
2015-07-24,sz.000731,10.9100,11.3500,10.3300,10.4900,10.9100,76249025,833065232.0000,3,12.895215,1,-3.849700,0
2015-07-27,sz.000731,10.1000,10.7000,9.4400,9.4400,10.4900,57113407,578618624.0000,3,9.659004,1,-10.009500,0
2015-07-28,sz.000731,8.7600,9.4800,8.5000,8.8800,9.4400,55240263,489901712.0000,3,9.342219,1,-5.932200,0
2015-07-29,sz.000731,9.0800,9.7700,8.6000,9.7200,8.8800,43856512,399611584.0000,3,7.417002,1,9.459500,0
2015-07-30,sz.000731,9.5700,10.1500,9.3000,9.4000,9.7200,50427522,493761408.0000,3,8.528289,1,-3.292200,0
2015-07-31,sz.000731,9.2900,9.7400,9.0000,9.3000,9.4000,34054400,319412864.0000,3,5.759271,1,-1.063800,0
2015-08-03,sz.000731,9.1000,9.3200,8.4300,8.5800,9.3000,34267095,301444272.0000,3,5.795242,1,-7.741900,0
2015-08-04,sz.000731,8.7500,9.4300,8.6500,9.3800,8.5800,37393543,335274128.0000,3,6.323986,1,9.324000,0
2015-08-05,sz.000731,9.3500,9.5700,9.0600,9.1500,9.3800,40710867,379796512.0000,3,6.885011,1,-2.452000,0
2015-08-06,sz.000731,8.8900,9.2900,8.8400,9.0800,9.1500,26364732,239734346.0000,3,4.458797,1,-0.765000,0
2015-08-07,sz.000731,9.1700,9.7200,9.1700,9.6500,9.0800,44971314,424835648.0000,3,7.605537,1,6.277500,0
2015-08-10,sz.000731,9.8000,10.4800,9.7500,10.3700,9.6500,51992391,525380000.0000,3,8.792939,1,7.461100,0
2015-08-11,sz.000731,10.3600,10.8800,10.2000,10.6200,10.3700,63692482,674888432.0000,3,10.771656,1,2.410800,0
2015-08-12,sz.000731,10.4000,10.7000,10.2300,10.3200,10.6200,44687040,467767808.0000,3,7.557460,1,-2.824900,0
2015-08-13,sz.000731,10.3700,10.9900,10.3000,10.9800,10.3200,47422731,502323264.0000,3,8.020120,1,6.395300,0
2015-08-14,sz.000731,11.0900,11.3200,10.8700,10.9500,10.9800,57224018,634024528.0000,3,9.677711,1,-0.273200,0
2015-08-17,sz.000731,11.0000,11.6000,10.8100,11.5000,10.9500,48224227,540940112.0000,3,8.155669,1,5.022800,0
2015-08-18,sz.000731,11.5000,11.5800,10.3500,10.3500,11.5000,63005734,684872064.0000,3,10.655513,1,-10.000000,0
2015-08-19,sz.000731,9.8000,10.6800,9.3300,10.4200,10.3500,46768467,466407824.0000,3,7.909471,1,0.676300,0
2015-08-20,sz.000731,10.1500,10.5400,9.6800,9.8100,10.4200,35962244,366441840.0000,3,6.081925,1,-5.854100,0
2015-08-21,sz.000731,9.6000,9.7900,8.9900,9.0200,9.8100,36142560,338062704.0000,3,6.112420,1,-8.053000,0
2015-08-24,sz.000731,8.4500,8.6800,8.1200,8.1200,9.0200,29647380,242275136.0000,3,5.013957,1,-9.977800,0
2015-08-25,sz.000731,7.3100,7.6400,7.3100,7.3100,8.1200,41948743,308548240.0000,3,7.094360,1,-9.975400,0
2015-08-26,sz.000731,7.4400,7.6500,6.7000,6.8600,7.3100,44423509,322727808.0000,3,7.512892,1,-6.155900,0
2015-08-27,sz.000731,7.1500,7.5500,6.9100,7.5500,6.8600,49358237,357207840.0000,3,8.347452,1,10.058300,0
2015-08-28,sz.000731,7.8700,8.3000,7.7000,8.1800,7.5500,50387803,403609376.0000,3,8.521572,1,8.344400,0
2015-08-31,sz.000731,8.0400,8.2100,7.8500,7.9300,8.1800,35685757,286068160.0000,3,6.035166,1,-3.056200,0
2015-09-01,sz.000731,7.7600,7.8300,7.1400,7.1800,7.9300,32736303,241047990.0000,3,5.536355,1,-9.457800,0
2015-09-02,sz.000731,6.7000,7.5100,6.6000,6.8200,7.1800,25981121,182075343.0000,3,4.393920,1,-5.013900,0
2015-09-07,sz.000731,7.0100,7.3500,7.0100,7.0800,6.8200,24565371,176415087.0000,3,4.154489,1,3.812300,0
2015-09-08,sz.000731,7.1900,7.7900,7.0700,7.7900,7.0800,53781140,411810016.0000,3,9.095452,1,10.028200,0
2015-09-09,sz.000731,8.0000,8.5700,7.9500,8.5700,7.7900,65125727,539059936.0000,3,11.014046,1,10.012800,0
2015-09-10,sz.000731,8.3400,8.5600,8.2000,8.2500,8.5700,35401508,295147552.0000,3,5.987094,1,-3.734000,0
2015-09-11,sz.000731,8.2100,8.6200,8.2100,8.5000,8.2500,30372899,256168644.0000,3,5.136657,1,3.030300,0
2015-09-14,sz.000731,8.7500,8.8100,7.6500,7.6700,8.5000,45209115,363853440.0000,3,7.645754,1,-9.764700,0
2015-09-15,sz.000731,7.4900,8.0000,7.3000,7.6000,7.6700,28835889,219897022.0000,3,4.876718,1,-0.912600,0
2015-09-16,sz.000731,7.6800,8.3600,7.4100,8.3600,7.6000,32871504,260688124.0000,3,5.559220,1,10.000000,0
2015-09-17,sz.000731,8.4700,9.1000,8.2800,8.3800,8.3600,52084148,451609072.0000,3,8.808457,1,0.239200,0
2015-09-18,sz.000731,8.5800,8.7700,8.3400,8.6900,8.3800,30117594,257843938.0000,3,5.093480,1,3.699300,0
2015-09-21,sz.000731,8.4900,8.9300,8.3800,8.8900,8.6900,35345735,307862496.0000,3,5.977661,1,2.301500,0
2015-09-22,sz.000731,9.0100,9.2000,8.7300,8.8000,8.8900,37539391,336942704.0000,3,6.348652,1,-1.012400,0
2015-09-23,sz.000731,8.6000,8.6900,8.3200,8.4200,8.8000,27790851,236565270.0000,3,4.699981,1,-4.318200,0
2015-09-24,sz.000731,8.6200,8.8800,8.4800,8.6100,8.4200,27021965,233825140.0000,3,4.569948,1,2.256500,0
2015-09-25,sz.000731,8.6000,8.8600,8.2100,8.3000,8.6100,24024539,204461819.0000,3,4.063024,1,-3.600500,0
2015-09-28,sz.000731,8.3500,8.5200,8.2600,8.4600,8.3000,21842152,183852964.0000,3,3.693939,1,1.927700,0
2015-09-29,sz.000731,8.2500,8.3400,8.0000,8.1300,8.4600,19605341,159919330.0000,3,3.315650,1,-3.900700,0
2015-09-30,sz.000731,8.2300,8.2600,7.9900,8.0800,8.1300,15043668,122111007.0000,3,2.544181,1,-0.615000,0
2015-10-08,sz.000731,8.4100,8.5300,8.3100,8.4300,8.0800,20043875,169280458.0000,3,3.389815,1,4.331700,0
2015-10-09,sz.000731,8.4000,8.6700,8.3500,8.5900,8.4300,25486752,217265054.0000,3,4.310313,1,1.898000,0
2015-10-12,sz.000731,8.6200,9.1000,8.5600,8.9600,8.5900,39494488,351148976.0000,3,6.679297,1,4.307300,0
2015-10-13,sz.000731,8.8700,9.0500,8.8000,9.0400,8.9600,32480293,289331344.0000,3,5.493059,1,0.892900,0
2015-10-14,sz.000731,8.9500,9.5000,8.9200,9.3900,9.0400,54036757,497881312.0000,3,9.138682,1,3.871700,0
2015-10-15,sz.000731,9.2100,9.5700,9.0900,9.5300,9.3900,57135983,535161632.0000,3,9.662822,1,1.490900,0
2015-10-16,sz.000731,9.5500,9.6400,9.2400,9.4900,9.5300,49257667,465176320.0000,3,8.330444,1,-0.419700,0
2015-10-19,sz.000731,9.4900,9.5900,9.3300,9.4000,9.4900,34433165,324892544.0000,3,5.823328,1,-0.948400,0
2015-10-20,sz.000731,9.4400,9.8100,9.2600,9.7800,9.4000,48253994,459018528.0000,3,8.160703,1,4.042600,0
2015-10-21,sz.000731,9.6400,9.7000,8.8000,8.8000,9.7800,53593127,492675632.0000,3,9.063655,1,-10.020400,0
2015-10-22,sz.000731,8.7000,9.1000,8.5700,9.0300,8.8000,34278621,304767216.0000,3,5.797191,1,2.613600,0
2015-10-23,sz.000731,9.1300,9.9300,8.9500,9.8000,9.0300,64978052,619739040.0000,3,10.989071,1,8.527100,0
2015-10-26,sz.000731,9.8000,9.9400,9.4400,9.6600,9.8000,43108376,416979568.0000,3,7.290477,1,-1.428600,0
2015-10-27,sz.000731,9.6800,9.8600,9.4200,9.8000,9.6600,45719847,443094192.0000,3,7.732128,1,1.449300,0
2015-10-28,sz.000731,9.7200,10.1500,9.4800,9.5800,9.8000,56141959,555981744.0000,3,9.494713,1,-2.244900,0
2015-10-29,sz.000731,9.6500,9.8300,9.5400,9.6400,9.5800,34112001,330863680.0000,3,5.769013,1,0.626300,0
2015-10-30,sz.000731,9.5800,9.5900,9.2400,9.3400,9.6400,30313360,285412512.0000,3,5.126587,1,-3.112000,0
2015-11-02,sz.000731,9.1100,9.3800,9.0600,9.0800,9.3400,18829669,173424839.0000,3,3.184469,1,-2.783700,0
2015-11-03,sz.000731,9.1200,9.2500,8.9500,9.1400,9.0800,19030120,173656549.0000,3,3.218369,1,0.660800,0
2015-11-04,sz.000731,9.1700,9.6800,9.1600,9.6500,9.1400,34546150,326325776.0000,3,5.842436,1,5.579900,0
2015-11-05,sz.000731,9.6000,9.8400,9.3900,9.6900,9.6500,47087538,454070720.0000,3,7.963432,1,0.414500,0
2015-11-06,sz.000731,9.7100,9.9000,9.6600,9.8300,9.6900,37800851,370380720.0000,3,6.392870,1,1.444800,0
2015-11-09,sz.000731,9.7000,10.1000,9.6700,9.9800,9.8300,43281600,428676912.0000,3,7.319773,1,1.525900,0
2015-11-10,sz.000731,9.8700,10.0600,9.7000,10.0000,9.9800,40375606,401093120.0000,3,6.828312,1,0.200400,0
2015-11-11,sz.000731,10.0000,10.2600,9.9000,10.1800,10.0000,39691575,401093264.0000,3,6.712629,1,1.800000,0
2015-11-12,sz.000731,10.1800,10.2200,9.9100,10.1100,10.1800,37189153,373846064.0000,3,6.289420,1,-0.687600,0
2015-11-13,sz.000731,9.9000,10.0600,9.7600,9.7800,10.1100,27335293,270133552.0000,3,4.622938,1,-3.264100,0
2015-11-16,sz.000731,9.5100,9.8800,9.5100,9.8700,9.7800,19602819,190147677.0000,3,3.315224,1,0.920200,0
2015-11-17,sz.000731,9.9700,10.1600,9.8800,9.9300,9.8700,36599659,366063264.0000,3,6.189725,1,0.607900,0
2015-11-18,sz.000731,9.9700,9.9700,9.6600,9.6800,9.9300,25132768,246631986.0000,3,4.250447,1,-2.517600,0
2015-11-19,sz.000731,10.0200,10.2700,9.9100,10.1800,9.6800,64223865,645681056.0000,3,10.861523,1,5.165300,0
2015-11-20,sz.000731,10.0700,10.3800,9.9800,10.3700,10.1800,52340834,532444592.0000,3,8.851868,1,1.866400,0
2015-11-23,sz.000731,10.3900,10.7600,10.3000,10.5500,10.3700,55479272,584095264.0000,3,9.382640,1,1.735800,0
2015-11-24,sz.000731,10.5800,10.6000,10.2100,10.4700,10.5500,27672498,287586496.0000,3,4.679966,1,-0.758300,0
2015-11-25,sz.000731,10.4300,10.8800,10.3800,10.8100,10.4700,43427799,464552368.0000,3,7.344498,1,3.247400,0
2015-11-26,sz.000731,10.9400,11.0000,10.3700,10.5200,10.8100,41543382,443109184.0000,3,7.025806,1,-2.682700,0
2015-11-27,sz.000731,10.3200,10.4500,9.4700,9.5700,10.5200,43066661,430674176.0000,3,7.283422,1,-9.030400,0
2015-11-30,sz.000731,9.5700,9.7200,8.9500,9.6400,9.5700,32371558,305224080.0000,3,5.474669,1,0.731500,0
2015-12-01,sz.000731,9.5900,9.8300,9.5100,9.7000,9.6400,21948750,212156707.0000,3,3.711967,1,0.622400,0
2015-12-02,sz.000731,9.6500,9.8000,9.1500,9.6300,9.7000,19481065,185964998.0000,3,3.294633,1,-0.721600,0
2015-12-03,sz.000731,9.5100,9.9800,9.5100,9.9700,9.6300,26604033,259743240.0000,3,4.499267,1,3.530600,0
2015-12-04,sz.000731,9.9100,10.0000,9.6800,9.8100,9.9700,22984810,226746326.0000,3,3.887185,1,-1.604800,0
2015-12-07,sz.000731,9.8900,9.9600,9.7800,9.9200,9.8100,20963650,206813331.0000,3,3.545367,1,1.121300,0
2015-12-08,sz.000731,9.8800,9.8800,9.4800,9.6600,9.9200,23283258,224859888.0000,3,3.937658,1,-2.621000,0
2015-12-09,sz.000731,9.6200,9.6800,9.4200,9.4900,9.6600,18242016,173762543.0000,3,3.085085,1,-1.759800,0
2015-12-10,sz.000731,9.4900,9.5900,9.3000,9.3000,9.4900,18522624,174803791.0000,3,3.132541,1,-2.002100,0
2015-12-11,sz.000731,9.3100,9.3100,9.0100,9.0900,9.3000,19992908,182027158.0000,3,3.381195,1,-2.258100,0
2015-12-14,sz.000731,9.0500,9.3500,8.9300,9.3500,9.0900,14434209,131886418.0000,3,2.441110,1,2.860300,0
2015-12-15,sz.000731,9.3500,9.4800,9.1900,9.3500,9.3500,14163494,132820859.0000,3,2.395326,1,0.000000,0
2015-12-16,sz.000731,9.3900,9.6100,9.3400,9.4300,9.3500,17735751,168271985.0000,3,2.999466,1,0.855600,0
2015-12-17,sz.000731,9.4700,9.6800,9.4400,9.6600,9.4300,22914492,219866313.0000,3,3.875293,1,2.439000,0
2015-12-18,sz.000731,9.6500,9.6600,9.4700,9.5100,9.6600,18226296,174194921.0000,3,3.082426,1,-1.552800,0
2015-12-21,sz.000731,9.5300,9.7900,9.4800,9.7200,9.5100,29602837,285706992.0000,3,5.006424,1,2.208200,0
2015-12-22,sz.000731,9.7300,10.0600,9.7000,9.9600,9.7200,31543356,312625248.0000,3,5.334604,1,2.469100,0
2015-12-23,sz.000731,9.9500,10.0300,9.7200,9.7500,9.9600,26520263,261488750.0000,3,4.485100,1,-2.108400,0
2015-12-24,sz.000731,9.7200,9.9000,9.5800,9.8800,9.7500,21500884,208983855.0000,3,3.636224,1,1.333300,0
2015-12-25,sz.000731,9.9000,10.0700,9.8600,10.0100,9.8800,23509151,234654760.0000,3,3.975861,1,1.315800,0
2015-12-28,sz.000731,10.0400,10.0500,9.6000,9.6000,10.0100,25332251,250071467.0000,3,4.284184,1,-4.095900,0
2015-12-29,sz.000731,9.5900,9.7300,9.4800,9.7200,9.6000,14799195,141887028.0000,3,2.502836,1,1.250000,0
2015-12-30,sz.000731,9.7500,9.9700,9.7000,9.9300,9.7200,22251389,219329680.0000,3,3.763149,1,2.160500,0
2015-12-31,sz.000731,9.9100,9.9700,9.6100,9.6400,9.9300,15740811,154576684.0000,3,2.661239,1,-2.920400,0
2016-01-04,sz.000731,9.6700,9.7200,8.6800,8.6900,9.6400,19584768,179787296.0000,3,3.311122,1,-9.854800,0
2016-01-05,sz.000731,8.3100,8.7400,8.0000,8.4400,8.6900,28007365,235815173.0000,3,4.735098,1,-2.876900,0
2016-01-06,sz.000731,8.4800,8.7400,8.4400,8.6800,8.4400,16843738,144584891.0000,3,2.847706,1,2.843600,0
2016-01-07,sz.000731,8.5200,8.5300,7.8100,7.8100,8.6800,5731000,46402506.0000,3,0.968918,1,-10.023000,0
2016-01-08,sz.000731,8.0100,8.0900,7.4000,7.9200,7.8100,21005119,165792350.0000,3,3.551255,1,1.408500,0
2016-01-11,sz.000731,7.7900,7.8500,7.1300,7.1300,7.9200,23494191,174967947.0000,3,3.972073,1,-9.974700,0
2016-01-12,sz.000731,7.2000,7.2700,7.0300,7.2100,7.1300,16366635,117376352.0000,3,2.767044,1,1.122000,0
2016-01-13,sz.000731,7.2600,7.4500,7.0500,7.0600,7.2100,16058719,116135671.0000,3,2.714986,1,-2.080400,0
2016-01-14,sz.000731,6.8900,7.3600,6.7100,7.3400,7.0600,15420071,109593918.0000,3,2.607013,1,3.966000,0
2016-01-15,sz.000731,7.2900,7.4300,7.0000,7.1100,7.3400,16152434,116927457.0000,3,2.730830,1,-3.133500,0
2016-01-18,sz.000731,6.9600,7.2900,6.9100,7.2100,7.1100,11708179,83479104.0000,3,1.979457,1,1.406500,0
2016-01-19,sz.000731,7.1800,7.5000,7.1400,7.4600,7.2100,15996454,117462193.0000,3,2.704459,1,3.467400,0
2016-01-20,sz.000731,7.4400,7.5800,7.2800,7.3300,7.4600,15350990,113768345.0000,3,2.595333,1,-1.742600,0
2016-01-21,sz.000731,7.2400,7.4100,6.9900,6.9900,7.3300,14220653,102721802.0000,3,2.404231,1,-4.638500,0
2016-01-22,sz.000731,7.1000,7.1800,6.9000,7.1400,6.9900,11264602,79527531.0000,3,1.904463,1,2.145900,0
2016-01-25,sz.000731,7.1800,7.3600,7.1100,7.2400,7.1400,8904451,64511805.0000,3,1.505442,1,1.400600,0
2016-01-26,sz.000731,7.1600,7.1900,6.6000,6.6900,7.2400,16857971,117279899.0000,3,2.850113,1,-7.596700,0
2016-01-27,sz.000731,6.7800,6.8200,6.3000,6.7200,6.6900,14765839,97323654.0000,3,2.496404,1,0.448400,0
2016-01-28,sz.000731,6.6700,6.7800,6.4100,6.4500,6.7200,10303859,68401128.0000,3,1.742034,1,-4.017900,0
2016-01-29,sz.000731,6.4500,6.8300,6.4300,6.7300,6.4500,11575760,77186267.0000,3,1.957070,1,4.341100,0
2016-02-01,sz.000731,6.7300,6.8300,6.6600,6.7700,6.7300,8795047,59221783.0000,3,1.486945,1,0.594400,0
2016-02-02,sz.000731,6.7300,7.2000,6.7300,7.1000,6.7700,17020188,119594084.0000,3,2.877538,1,4.874400,0
2016-02-03,sz.000731,6.9500,7.1500,6.9000,7.1300,7.1000,8571514,59943902.0000,3,1.449153,1,0.422500,0
2016-02-04,sz.000731,7.1600,7.2900,7.1200,7.2500,7.1300,12355087,89323250.0000,3,2.088827,1,1.683000,0
2016-02-05,sz.000731,7.2800,7.3500,7.0900,7.1500,7.2500,10552659,76356892.0000,3,1.784098,1,-1.379300,0
2016-02-15,sz.000731,6.9000,7.1500,6.8600,7.0900,7.1500,7531639,52690218.0000,3,1.273345,1,-0.839200,0
2016-02-16,sz.000731,7.1200,7.4100,7.1200,7.3700,7.0900,13012370,95286939.0000,3,2.199952,1,3.949200,0
2016-02-17,sz.000731,7.3500,7.5700,7.1900,7.4900,7.3700,21003266,154913826.0000,3,3.550942,1,1.628200,0
2016-02-18,sz.000731,7.4900,7.5900,7.3400,7.3900,7.4900,18055805,134527519.0000,3,3.052626,1,-1.335100,0
2016-02-19,sz.000731,7.3400,7.5400,7.3400,7.4800,7.3900,17242545,128815541.0000,3,2.915131,1,1.217900,0
2016-02-22,sz.000731,7.6000,7.8400,7.5200,7.8000,7.4800,20340732,156140915.0000,3,3.438930,1,4.278100,0
2016-02-23,sz.000731,7.8200,7.9300,7.5800,7.7900,7.8000,18077306,139750606.0000,3,3.056261,1,-0.128200,0
2016-02-24,sz.000731,7.7400,7.8600,7.6100,7.7900,7.7900,16107916,124663223.0000,3,2.723304,1,0.000000,0
2016-02-25,sz.000731,7.7700,7.7700,7.0100,7.0100,7.7900,22478806,166114837.0000,3,3.800406,1,-10.012800,0
2016-02-26,sz.000731,7.1000,7.3600,6.9200,7.2200,7.0100,15991977,114703191.0000,3,2.703702,1,2.995700,0
2016-02-29,sz.000731,7.2300,7.2900,6.6000,6.8600,7.2200,14803787,102052194.0000,3,2.502820,1,-4.986100,0
2016-03-01,sz.000731,6.8900,7.1200,6.8400,7.1100,6.8600,11050182,77135574.0000,3,1.868212,1,3.644300,0
2016-03-02,sz.000731,7.1000,7.5500,7.0800,7.5200,7.1100,16553003,121768726.0000,3,2.798553,1,5.766500,0
2016-03-03,sz.000731,7.7000,7.8500,7.5300,7.5700,7.5200,24972293,192030548.0000,3,4.221970,1,0.664900,0
2016-03-04,sz.000731,7.5200,7.7200,7.2000,7.4000,7.5700,18049015,135155630.0000,3,3.051478,1,-2.245700,0
2016-03-07,sz.000731,7.4200,7.7300,7.4200,7.7000,7.4000,17379546,132865406.0000,3,2.938293,1,4.054000,0
2016-03-08,sz.000731,7.6900,7.6900,7.3100,7.6000,7.7000,16265084,121710701.0000,3,2.749876,1,-1.298700,0
2016-03-09,sz.000731,7.4500,7.4800,7.3000,7.3500,7.6000,10737033,79309863.0000,3,1.815269,1,-3.289500,0
2016-03-10,sz.000731,7.3600,7.4600,7.2200,7.2800,7.3500,9027202,66253344.0000,3,1.526195,1,-0.952400,0
2016-03-11,sz.000731,7.1800,7.3000,7.0900,7.2200,7.2800,7601616,54742416.0000,3,1.285176,1,-0.824200,0
2016-03-14,sz.000731,7.3300,7.8000,7.3200,7.5300,7.2200,18356305,138858942.0000,3,3.103430,1,4.293600,0
2016-03-15,sz.000731,7.5000,7.5500,7.3800,7.4200,7.5300,9817686,73035481.0000,3,1.659839,1,-1.460800,0
2016-03-16,sz.000731,7.4700,7.5100,7.3100,7.4600,7.4200,9497422,70354922.0000,3,1.605693,1,0.539100,0
2016-03-17,sz.000731,7.4600,7.6900,7.4000,7.6000,7.4600,18060249,136676470.0000,3,3.053377,1,1.876700,0
2016-03-18,sz.000731,7.5900,7.8500,7.5700,7.7900,7.6000,29341674,227737270.0000,3,4.960685,1,2.500000,0
2016-03-21,sz.000731,7.8500,7.9400,7.7900,7.9400,7.7900,32059893,252304708.0000,3,5.420244,1,1.925500,0
2016-03-22,sz.000731,7.8800,8.0500,7.8000,7.8600,7.9400,23002062,181849723.0000,3,3.888871,1,-1.007600,0
2016-03-23,sz.000731,7.8200,7.9000,7.7700,7.8900,7.8600,16229822,127146696.0000,3,2.743914,1,0.381700,0
2016-03-24,sz.000731,7.8000,7.8200,7.6600,7.6800,7.8900,19765483,152825177.0000,3,3.341675,1,-2.661600,0
2016-03-25,sz.000731,7.6700,7.8200,7.6500,7.7700,7.6800,11899290,92159977.0000,3,2.011768,1,1.171900,0
2016-03-28,sz.000731,7.7900,7.9100,7.7400,7.7900,7.7700,20103625,157588494.0000,3,3.398843,1,0.257400,0
2016-03-29,sz.000731,7.7200,7.7800,7.5000,7.5700,7.7900,17036028,129635291.0000,3,2.880216,1,-2.824100,0
2016-03-30,sz.000731,7.6500,7.8400,7.6100,7.8300,7.5700,21992498,170913537.0000,3,3.718188,1,3.434600,0
2016-03-31,sz.000731,7.8400,7.9000,7.7800,7.8100,7.8300,17075645,133972417.0000,3,2.886914,1,-0.255400,0
2016-04-01,sz.000731,7.8000,7.8300,7.6000,7.7600,7.8100,17140435,132257571.0000,3,2.897868,1,-0.640200,0
2016-04-05,sz.000731,7.7500,7.9500,7.7100,7.9200,7.7600,21997198,172787976.0000,3,3.718982,1,2.061900,0
2016-04-06,sz.000731,7.9000,8.1800,7.8500,8.0800,7.9200,34672998,280017280.0000,3,5.862031,1,2.020200,0
2016-04-07,sz.000731,8.1400,8.1400,7.8200,7.8400,8.0800,22585654,179251968.0000,3,3.818470,1,-2.970300,0
2016-04-08,sz.000731,7.7500,7.8800,7.6600,7.7700,7.8400,13562461,105276235.0000,3,2.292953,1,-0.892900,0
2016-04-11,sz.000731,7.8000,7.9600,7.8000,7.9000,7.7700,16315165,128999970.0000,3,2.758343,1,1.673100,0
2016-04-12,sz.000731,7.8900,7.9600,7.8300,7.9300,7.9000,14251139,112599529.0000,3,2.409386,1,0.379700,0
2016-04-13,sz.000731,7.9700,8.1600,7.9700,8.0300,7.9300,27005772,218094220.0000,3,4.565763,1,1.261000,0
2016-04-14,sz.000731,8.0600,8.2400,8.0100,8.2000,8.0300,26801020,218373482.0000,3,4.531146,1,2.117100,0
2016-04-15,sz.000731,8.1100,8.1300,8.0000,8.0500,8.2000,23323481,188021870.0000,3,3.943212,1,-1.829300,0
2016-04-18,sz.000731,8.0000,8.0000,7.8300,7.8900,8.0500,12695810,100414941.0000,3,2.146432,1,-1.987600,0
2016-04-19,sz.000731,7.9200,8.0800,7.8500,8.0700,7.8900,15330081,122456939.0000,3,2.591798,1,2.281400,0
2016-04-20,sz.000731,8.0400,8.0800,7.4800,7.5800,8.0700,25321688,196644134.0000,3,4.281041,1,-6.071900,0
2016-04-21,sz.000731,7.5700,7.7200,7.5300,7.5800,7.5800,10113009,77142331.0000,3,1.709768,1,0.000000,0
2016-04-22,sz.000731,7.5500,7.6300,7.4900,7.5900,7.5800,8252079,62390491.0000,3,1.395147,1,0.131900,0
2016-04-25,sz.000731,7.5900,7.5900,7.3400,7.4600,7.5900,11148803,83103659.0000,3,1.884886,1,-1.712800,0
2016-04-26,sz.000731,7.4900,7.5700,7.4300,7.5500,7.4600,9126516,68535826.0000,3,1.542985,1,1.206400,0
2016-04-27,sz.000731,7.5300,7.6300,7.4800,7.5000,7.5500,10160267,76720804.0000,3,1.717758,1,-0.662300,0
2016-04-28,sz.000731,7.5200,7.5600,7.2300,7.4400,7.5000,10735628,79162415.0000,3,1.815032,1,-0.800000,0
2016-04-29,sz.000731,7.3800,7.5100,7.3200,7.4200,7.4400,6433062,47903163.0000,3,1.087613,1,-0.268800,0
2016-05-03,sz.000731,7.4600,7.6400,7.4100,7.6400,7.4200,9327451,70667514.0000,3,1.576957,1,2.965000,0
2016-05-04,sz.000731,7.6100,7.6900,7.5800,7.6200,7.6400,9221851,70454543.0000,3,1.559103,1,-0.261800,0
2016-05-05,sz.000731,7.6100,7.6800,7.5600,7.6600,7.6200,8096091,61760408.0000,3,1.368775,1,0.524900,0
2016-05-06,sz.000731,7.6500,7.6800,7.2900,7.2900,7.6600,14802403,110088748.0000,3,2.502586,1,-4.830300,0
2016-05-09,sz.000731,7.2700,7.2700,6.8800,6.9000,7.2900,16481149,115376980.0000,3,2.786405,1,-5.349800,0
2016-05-10,sz.000731,6.8900,7.0100,6.8900,6.9300,6.9000,6517156,45365644.0000,3,1.101831,1,0.434800,0
2016-05-11,sz.000731,6.9600,7.0300,6.8900,6.9300,6.9300,6319176,44061781.0000,3,1.068359,1,0.000000,0
2016-05-12,sz.000731,6.8800,6.9500,6.6800,6.9000,6.9300,6575722,44931735.0000,3,1.111732,1,-0.432900,0
2016-05-13,sz.000731,6.9100,6.9600,6.8300,6.8700,6.9000,4297995,29596214.0000,3,0.726646,1,-0.434800,0
2016-05-16,sz.000731,6.8800,6.9900,6.8400,6.9900,6.8700,4176963,28961701.0000,3,0.706183,1,1.746700,0
2016-05-17,sz.000731,7.0100,7.1000,6.9400,7.0200,6.9900,5238297,36730028.0000,3,0.885619,1,0.429200,0
2016-05-18,sz.000731,6.9500,6.9600,6.7500,6.8300,7.0200,5831775,39915113.0000,3,0.985956,1,-2.706600,0
2016-05-19,sz.000731,6.8400,6.9300,6.8200,6.8400,6.8300,3262044,22403543.0000,3,0.551501,1,0.146400,0
2016-05-20,sz.000731,6.8000,6.9200,6.7400,6.9100,6.8400,4006292,27493863.0000,3,0.677328,1,1.023400,0
2016-05-23,sz.000731,6.9000,7.0400,6.8900,7.0100,6.9100,4392831,30712116.0000,3,0.742679,1,1.447200,0
2016-05-24,sz.000731,7.0100,7.0600,6.9500,6.9500,7.0100,4662315,32606203.0000,3,0.788240,1,-0.855900,0
2016-05-25,sz.000731,6.9800,7.0400,6.9300,6.9500,6.9500,4123126,28803098.0000,3,0.697081,1,0.000000,0
2016-05-26,sz.000731,6.9600,7.0000,6.7900,6.9200,6.9500,4714986,32437304.0000,3,0.797145,1,-0.431700,0
2016-05-27,sz.000731,6.8800,6.9600,6.8700,6.9400,6.9200,3905538,27035743.0000,3,0.660294,1,0.289000,0
2016-05-30,sz.000731,6.9300,6.9400,6.8100,6.8500,6.9400,2948928,20275829.0000,3,0.498564,1,-1.296800,0
2016-05-31,sz.000731,6.8600,7.1000,6.8500,7.0900,6.8500,9127757,64208112.0000,3,1.543195,1,3.503700,0
2016-06-01,sz.000731,7.0900,7.1700,7.0600,7.1300,7.0900,9698574,68964799.0000,3,1.639701,1,0.564200,0
2016-06-02,sz.000731,7.1000,7.2300,7.0800,7.1800,7.1300,9150598,65541183.0000,3,1.547057,1,0.701300,0
2016-06-03,sz.000731,7.1600,7.2200,7.1200,7.1700,7.1800,7176062,51480444.0000,3,1.213229,1,-0.139300,0
2016-06-06,sz.000731,7.1700,7.2000,7.1200,7.1600,7.1700,5646193,40387327.0000,3,0.954580,1,-0.139500,0
2016-06-07,sz.000731,7.1600,7.1900,7.1100,7.1500,7.1600,4149695,29647048.0000,3,0.701573,1,-0.139700,0
2016-06-08,sz.000731,7.1700,7.1800,7.0900,7.1500,7.1500,4914921,35059209.0000,3,0.830947,1,0.000000,0
2016-06-13,sz.000731,7.1200,7.1200,6.8500,6.8500,7.1500,8254900,58038100.0000,3,1.395624,1,-4.195800,0
2016-06-14,sz.000731,6.8400,6.8800,6.8000,6.8500,6.8500,4238091,28999551.0000,3,0.716518,1,0.000000,0
2016-06-15,sz.000731,6.8300,7.0400,6.7600,7.0100,6.8500,5311742,36999255.0000,3,0.898036,1,2.335800,0
2016-06-16,sz.000731,7.0000,7.0400,6.9100,6.9200,7.0100,6061504,42264020.0000,3,1.024795,1,-1.283900,0
2016-06-17,sz.000731,6.9100,7.3000,6.9100,7.3000,6.9200,26640970,190740808.0000,3,4.504087,1,5.491300,0
2016-06-20,sz.000731,7.3000,7.3200,7.1000,7.1800,7.3000,13401074,96196339.0000,3,2.265668,1,-1.643800,0
2016-06-21,sz.000731,7.2800,7.2800,7.0200,7.0600,7.1800,12235204,87463605.0000,3,2.068559,1,-1.671300,0
2016-06-22,sz.000731,7.0500,7.1800,7.0200,7.1700,7.0600,8341504,59348782.0000,3,1.410266,1,1.558100,0
2016-06-23,sz.000731,7.1400,7.1600,7.0800,7.1200,7.1700,6050540,43050626.0000,3,1.022942,1,-0.697400,0
2016-06-24,sz.000731,7.1200,7.1500,6.8800,6.9900,7.1200,10127581,71252167.0000,3,1.712231,1,-1.825800,0
2016-06-27,sz.000731,6.9700,7.1800,6.9200,7.1500,6.9900,7589579,53991514.0000,3,1.283141,1,2.289000,0
2016-06-28,sz.000731,7.1300,7.2800,7.1100,7.2300,7.1500,13025524,94010769.0000,3,2.202176,1,1.118900,0
2016-06-29,sz.000731,7.2400,7.2800,7.1800,7.2000,7.2300,8738833,63106741.0000,3,1.477441,1,-0.414900,0
2016-06-30,sz.000731,7.2300,7.3000,7.1800,7.2300,7.2000,8964867,64882932.0000,3,1.515656,1,0.416700,0
2016-07-01,sz.000731,7.2300,7.2600,7.1600,7.1800,7.2300,8174917,58902296.0000,3,1.382102,1,-0.691600,0
2016-07-04,sz.000731,7.1400,7.3200,7.1100,7.3000,7.1800,12331821,89537959.0000,3,2.084894,1,1.671300,0
2016-07-05,sz.000731,7.2900,7.3800,7.2600,7.3400,7.3000,12345220,90526707.0000,3,2.087159,1,0.547900,0
2016-07-06,sz.000731,7.3300,7.4100,7.3100,7.3900,7.3400,14099848,103901949.0000,3,2.383807,1,0.681200,0
2016-07-07,sz.000731,7.3900,7.4200,7.3200,7.3800,7.3900,10634939,78342152.0000,3,1.798009,1,-0.135300,0
2016-07-08,sz.000731,7.3800,7.3900,7.3400,7.3700,7.3800,7344192,54125343.0000,3,1.241654,1,-0.135500,0
2016-07-11,sz.000731,7.3700,7.4300,7.3300,7.3500,7.3700,10877996,80332962.0000,3,1.839101,1,-0.271400,0
2016-07-12,sz.000731,7.3500,7.4800,7.2600,7.4700,7.3500,16903149,125004341.0000,3,2.857751,1,1.632700,0
2016-07-13,sz.000731,7.4500,7.5200,7.4300,7.4700,7.4700,11060834,82621606.0000,3,1.870013,1,0.000000,0
2016-07-14,sz.000731,7.4400,7.4900,7.4200,7.4600,7.4700,7335149,54691442.0000,3,1.240126,1,-0.133900,0
2016-07-15,sz.000731,7.4200,7.4300,7.3300,7.3600,7.4600,13723737,101070085.0000,3,2.320220,1,-1.340500,0
2016-07-18,sz.000731,7.3300,7.4200,7.2900,7.3800,7.3600,10867136,79929604.0000,3,1.837265,1,0.271700,0
2016-07-19,sz.000731,7.3900,7.5600,7.3600,7.5300,7.3800,14616455,109261278.0000,3,2.471148,1,2.032500,0
2016-07-20,sz.000731,7.5100,7.5400,7.4400,7.4600,7.5300,7365638,55105438.0000,3,1.245280,1,-0.929600,0
2016-07-21,sz.000731,7.4700,7.5200,7.4300,7.4400,7.4600,8007693,59782908.0000,3,1.353830,1,-0.268100,0
2016-07-22,sz.000731,7.4400,7.5100,7.3900,7.4000,7.4400,14076347,104730990.0000,3,2.379834,1,-0.537600,0
2016-07-25,sz.000731,7.3800,7.4300,7.2800,7.4200,7.4000,12637249,93066872.0000,3,2.136531,1,0.270300,0
2016-07-26,sz.000731,7.4000,7.4900,7.3800,7.4800,7.4200,8322381,61895578.0000,3,1.407033,1,0.808600,0
2016-07-27,sz.000731,7.4700,7.5000,7.0900,7.1700,7.4800,16521955,120298130.0000,3,2.793304,1,-4.144400,0
2016-07-28,sz.000731,7.1700,7.2200,7.1200,7.1800,7.1700,6790363,48645193.0000,3,1.148021,1,0.139500,0
2016-07-29,sz.000731,7.2000,7.2300,7.1400,7.1700,7.1800,5195062,37297820.0000,3,0.878309,1,-0.139300,0
2016-08-01,sz.000731,7.1700,7.1700,6.9000,6.9900,7.1700,9504415,66503042.0000,3,1.606875,1,-2.510500,0
2016-08-02,sz.000731,6.9900,7.0700,6.9800,7.0700,6.9900,4044281,28389695.0000,3,0.683751,1,1.144500,0
2016-08-03,sz.000731,7.0500,7.1400,7.0200,7.1400,7.0700,5150944,36473493.0000,3,0.870850,1,0.990100,0
2016-08-04,sz.000731,7.1400,7.3200,7.0400,7.3200,7.1400,9098102,65133572.0000,3,1.538181,1,2.521000,0
2016-08-05,sz.000731,7.2900,7.3900,7.2200,7.2600,7.3200,8604525,62753393.0000,3,1.454734,1,-0.819700,0
2016-08-08,sz.000731,7.2600,7.3600,7.1800,7.3200,7.2600,9832182,71502273.0000,3,1.662289,1,0.826400,0
2016-08-09,sz.000731,7.3000,7.3700,7.2700,7.3500,7.3200,8302141,60825627.0000,3,1.403611,1,0.409800,0
2016-08-10,sz.000731,7.3400,7.3900,7.3000,7.3100,7.3500,7800420,57335588.0000,3,1.318787,1,-0.544200,0
2016-08-11,sz.000731,7.2900,7.3300,7.2000,7.2000,7.3100,5385015,39032580.0000,3,0.910424,1,-1.504800,0
2016-08-12,sz.000731,7.2100,7.2600,7.1800,7.2500,7.2000,5062599,36568184.0000,3,0.855914,1,0.694400,0
2016-08-15,sz.000731,7.2500,7.4300,7.2400,7.3800,7.2500,10978090,80797117.0000,3,1.856024,1,1.793100,0
2016-08-16,sz.000731,7.3800,7.4700,7.3700,7.4200,7.3800,9047425,67116708.0000,3,1.529614,1,0.542000,0
2016-08-17,sz.000731,7.3700,7.4800,7.3700,7.4100,7.4200,10120109,75118370.0000,3,1.710968,1,-0.134800,0
2016-08-18,sz.000731,7.3900,7.6200,7.3500,7.4900,7.4100,22303686,167268240.0000,3,3.770799,1,1.079600,0
2016-08-19,sz.000731,7.4900,7.5300,7.4100,7.4200,7.4900,9898751,73716149.0000,3,1.673544,1,-0.934600,0
2016-08-22,sz.000731,7.4100,7.4400,7.3300,7.3300,7.4200,9076684,66870872.0000,3,1.534560,1,-1.212900,0
2016-08-23,sz.000731,7.3200,7.4900,7.3000,7.4200,7.3300,12218933,90701611.0000,3,2.065808,1,1.227800,0
2016-08-24,sz.000731,7.4300,7.4400,7.3300,7.4100,7.4200,9902459,73254353.0000,3,1.674171,1,-0.134800,0
2016-08-25,sz.000731,7.3700,7.4100,7.2700,7.3500,7.4100,8796835,64496153.0000,3,1.487247,1,-0.809700,0
2016-08-26,sz.000731,7.3500,7.4300,7.3400,7.3900,7.3500,7022907,51893158.0000,3,1.187336,1,0.544200,0
2016-08-29,sz.000731,7.3800,7.4900,7.3700,7.4300,7.3900,7630666,56803909.0000,3,1.290088,1,0.541300,0
2016-08-30,sz.000731,7.4400,7.4800,7.4100,7.4300,7.4300,7158578,53308465.0000,3,1.210273,1,0.000000,0
2016-08-31,sz.000731,7.4100,7.4500,7.3600,7.4300,7.4300,6791738,50266050.0000,3,1.148253,1,0.000000,0
2016-09-01,sz.000731,7.4200,7.5100,7.4200,7.4300,7.4300,7508810,55993293.0000,3,1.269486,1,0.000000,0
2016-09-02,sz.000731,7.4200,7.5400,7.3700,7.5100,7.4300,14375184,107336262.0000,3,2.430357,1,1.076700,0
2016-09-05,sz.000731,7.5000,7.5700,7.4600,7.4900,7.5100,10085398,75817152.0000,3,1.705100,1,-0.266318,0
2016-09-06,sz.000731,7.4900,7.5900,7.3900,7.5800,7.4900,13898904,104185770.0000,3,2.349835,1,1.201604,0
2016-09-07,sz.000731,7.5800,7.8200,7.5500,7.6200,7.5800,26236419,201924453.0000,3,4.435691,1,0.527704,0
2016-09-08,sz.000731,7.6000,7.7500,7.5700,7.7400,7.6200,15156582,116658060.0000,3,2.562465,1,1.574802,0
2016-09-09,sz.000731,7.7700,7.8000,7.6400,7.6500,7.7400,12889829,99119471.0000,3,2.179234,1,-1.162786,0
2016-09-12,sz.000731,7.5000,7.5500,7.4000,7.4100,7.6500,11240539,84023562.0000,3,1.900395,1,-3.137258,0
2016-09-13,sz.000731,7.4400,7.6000,7.4400,7.6000,7.4100,7943783,59649735.0000,3,1.343025,1,2.564103,0
2016-09-14,sz.000731,7.5200,7.9800,7.5200,7.8500,7.6000,37746454,296241008.0000,3,6.381649,1,3.289474,0
2016-09-19,sz.000731,7.8600,7.9400,7.7900,7.8800,7.8500,22086446,173418203.0000,3,3.734071,1,0.382168,0
2016-09-20,sz.000731,7.8600,8.0600,7.8200,7.8700,7.8800,22750318,180440609.0000,3,3.846309,1,-0.126907,0
2016-09-21,sz.000731,7.8800,8.0100,7.8300,7.9400,7.8700,20713567,164632103.0000,3,3.501964,1,0.889456,0
2016-09-22,sz.000731,7.9500,8.3600,7.9300,8.1700,7.9400,41010035,335197168.0000,3,6.933410,1,2.896726,0
2016-09-23,sz.000731,8.2400,8.2400,8.0600,8.1400,8.1700,22349140,181764847.0000,3,3.778484,1,-0.367194,0
2016-09-26,sz.000731,8.1000,8.3000,8.0500,8.0700,8.1400,31283942,255679672.0000,3,5.289057,1,-0.859959,0
2016-09-27,sz.000731,8.0700,8.1500,7.7300,8.0100,8.0700,31380078,247327578.0000,3,5.305310,1,-0.743488,0
2016-09-28,sz.000731,7.9600,8.0600,7.8400,7.9500,8.0100,17243468,136955920.0000,3,2.915287,1,-0.749069,0
2016-09-29,sz.000731,7.9500,8.0600,7.9000,7.9500,7.9500,17225275,137373368.0000,3,2.912211,1,0.000000,0
2016-09-30,sz.000731,7.9500,8.7500,7.9100,8.7500,7.9500,76265430,653739776.0000,3,12.893905,1,10.062900,0
2016-10-10,sz.000731,8.9500,9.5700,8.8700,9.4000,8.7500,110600923,1018640544.0000,3,18.698876,1,7.428567,0
2016-10-11,sz.000731,9.2000,9.8800,9.1200,9.5500,9.4000,98246701,928428432.0000,3,16.610194,1,1.595751,0
2016-10-12,sz.000731,9.3800,9.4400,9.1500,9.2700,9.5500,62358703,579305136.0000,3,10.542748,1,-2.931934,0
2016-10-13,sz.000731,9.2600,9.4800,9.2000,9.2000,9.2700,49677426,462529472.0000,3,8.398773,1,-0.755131,0
2016-10-14,sz.000731,9.1000,9.2600,9.0100,9.2200,9.2000,41207065,376926464.0000,3,6.966721,1,0.217396,0
2016-10-17,sz.000731,9.1600,9.3800,9.0500,9.2200,9.2200,44619222,410131808.0000,3,7.543601,1,0.000000,0
2016-10-18,sz.000731,9.1700,9.6600,9.0500,9.6100,9.2200,72495649,681791968.0000,3,12.256562,1,4.229928,0
2016-10-19,sz.000731,9.5900,9.6900,9.4100,9.4800,9.6100,48707716,463208912.0000,3,8.234827,1,-1.352759,0
2016-10-20,sz.000731,9.4200,9.5800,9.1700,9.2200,9.4800,42615561,398383200.0000,3,7.204850,1,-2.742609,0
2016-10-21,sz.000731,9.2200,9.3300,8.8000,9.0800,9.2200,36719072,333433968.0000,3,6.207953,1,-1.518442,0
2016-10-24,sz.000731,9.0700,9.2400,9.0000,9.1200,9.0800,27276742,249246369.0000,3,4.611575,1,0.440528,0
2016-10-25,sz.000731,9.0000,10.0300,9.0000,10.0300,9.1200,76983578,746459792.0000,3,13.015319,1,9.978068,0
2016-10-26,sz.000731,10.1700,10.4400,9.4300,9.5100,10.0300,90739912,891434544.0000,3,15.341050,1,-5.184442,0
2016-10-27,sz.000731,9.4000,9.7700,9.2500,9.6500,9.5100,48191868,459428464.0000,3,8.147615,1,1.472128,0
2016-10-28,sz.000731,9.5700,9.6200,9.1500,9.1900,9.6500,38605174,361513312.0000,3,6.526829,1,-4.766840,0
2016-10-31,sz.000731,9.0500,9.3500,9.0500,9.3400,9.1900,24496521,226064498.0000,3,4.141533,1,1.632215,0
2016-11-01,sz.000731,9.3000,10.2700,9.2300,10.2700,9.3400,42089308,420738480.0000,3,7.115879,1,9.957176,0
2016-11-02,sz.000731,10.7000,11.2600,10.4000,10.7000,10.2700,134424602,1448886160.0000,3,22.726654,1,4.186946,0
2016-11-03,sz.000731,10.7000,11.7700,10.6200,11.7700,10.7000,158607068,1836087552.0000,3,26.815091,1,10.000010,0
2016-11-04,sz.000731,11.7700,11.9500,10.9900,11.0000,11.7700,126955694,1444994720.0000,3,21.463914,1,-6.542060,0
2016-11-07,sz.000731,11.1000,11.5300,10.7200,11.2400,11.0000,96279175,1079299760.0000,3,16.277552,1,2.181816,0
2016-11-08,sz.000731,11.1000,11.3000,10.8800,11.0300,11.2400,60653328,671873408.0000,3,10.254426,1,-1.868328,0
2016-11-09,sz.000731,10.9200,11.4700,10.9000,11.2500,11.0300,79326475,892286704.0000,3,13.411424,1,1.994563,0
2016-11-10,sz.000731,11.2500,12.1700,11.0200,11.5100,11.2500,100269467,1158761088.0000,3,16.952176,1,2.311113,0
2016-11-11,sz.000731,11.4200,11.6700,11.0600,11.1900,11.5100,65551061,744888352.0000,3,11.082467,1,-2.780197,0
2016-11-14,sz.000731,11.2300,11.2400,10.6400,10.7700,11.1900,55547578,599321568.0000,3,9.391217,1,-3.753344,0
2016-11-15,sz.000731,10.7100,10.9300,10.6200,10.9200,10.7700,37269710,401446016.0000,3,6.301048,1,1.392754,0
2016-11-16,sz.000731,10.9000,11.0300,10.6700,10.6800,10.9200,27090751,291440160.0000,3,4.580130,1,-2.197800,0
2016-11-17,sz.000731,10.6800,10.8300,10.5400,10.7300,10.6800,23665528,253716697.0000,3,4.001040,1,0.468158,0
2016-11-18,sz.000731,10.7500,10.9000,10.5100,10.7600,10.7300,33372733,356909152.0000,3,5.642200,1,0.279596,0
2016-11-21,sz.000731,10.7200,11.1800,10.6000,11.1500,10.7600,47642028,517831616.0000,3,8.054656,1,3.624529,0
2016-11-22,sz.000731,11.1400,11.2900,10.9000,10.9200,11.1500,37498135,413357968.0000,3,6.339666,1,-2.062776,0
2016-11-23,sz.000731,10.9000,10.9400,10.4500,10.4900,10.9200,39072005,416793856.0000,3,6.605755,1,-3.937732,0
2016-11-24,sz.000731,10.4200,10.5600,9.8500,9.9100,10.4900,47933998,488432832.0000,3,8.104018,1,-5.529075,0
2016-11-25,sz.000731,9.8900,10.0500,9.5500,9.9800,9.9100,31635261,310000192.0000,3,5.348453,1,0.706354,0
2016-11-28,sz.000731,9.9400,10.0800,9.7600,9.7700,9.9800,23348035,231097337.0000,3,3.947363,1,-2.104199,0
2016-11-29,sz.000731,9.7600,9.9200,9.5100,9.5300,9.7700,24244222,235807046.0000,3,4.098878,1,-2.456507,0
2016-11-30,sz.000731,9.5100,9.5900,9.3500,9.5800,9.5300,19737702,187276808.0000,3,3.336978,1,0.524661,0
2016-12-01,sz.000731,9.6000,9.9300,9.5600,9.8800,9.5800,28461894,278380544.0000,3,4.811944,1,3.131526,0
2016-12-02,sz.000731,9.9000,9.9400,9.5400,9.5400,9.8800,18471500,179808993.0000,3,3.122906,1,-3.441297,0
2016-12-05,sz.000731,9.2500,9.5500,9.1200,9.2500,9.5400,21123651,196426419.0000,3,3.571295,1,-3.039832,0
2016-12-06,sz.000731,9.2900,9.5500,9.2700,9.5100,9.2500,17987446,169838318.0000,3,3.041069,1,2.810813,0
2016-12-07,sz.000731,9.5000,9.6900,9.3500,9.6100,9.5100,18108938,172849761.0000,3,3.061609,1,1.051519,0
2016-12-08,sz.000731,9.6100,9.8700,9.5300,9.7100,9.6100,20617368,200820073.0000,3,3.485700,1,1.040587,0
2016-12-09,sz.000731,9.6500,9.6900,9.5300,9.6500,9.7100,14757240,141632031.0000,3,2.494950,1,-0.617924,0
2016-12-12,sz.000731,9.5600,9.7800,8.7300,8.8400,9.6500,25245381,231508910.0000,3,4.268140,1,-8.393777,0
2016-12-13,sz.000731,8.8000,9.0000,8.7000,8.9200,8.8400,13499569,119546595.0000,3,2.282321,1,0.904976,0
2016-12-14,sz.000731,8.9300,9.8100,8.8200,9.8100,8.9200,47668577,457357104.0000,3,8.059144,1,9.977582,0
2016-12-15,sz.000731,9.8000,10.1600,9.6100,10.0700,9.8100,64201126,639088896.0000,3,10.854239,1,2.650349,0
2016-12-16,sz.000731,9.9500,10.2800,9.7700,10.0000,10.0700,45184913,453779760.0000,3,7.639241,1,-0.695131,0
2016-12-19,sz.000731,9.9100,10.1500,9.8700,10.1100,10.0000,32185370,322642480.0000,3,5.441458,1,1.099997,0
2016-12-20,sz.000731,10.0400,10.5200,9.9600,10.1000,10.1100,40993705,421107984.0000,3,6.930649,1,-0.098905,0
2016-12-21,sz.000731,10.0400,10.4000,9.9400,10.0800,10.1000,32353462,328193808.0000,3,5.469876,1,-0.198024,0
2016-12-22,sz.000731,10.1100,10.5000,9.9000,10.5000,10.0800,57294093,590013648.0000,3,9.686493,1,4.166667,0
2016-12-23,sz.000731,10.4400,10.5800,10.0100,10.0300,10.5000,40695160,415891904.0000,3,6.880175,1,-4.476193,0
2016-12-26,sz.000731,9.9600,9.9600,9.6200,9.9300,10.0300,24157201,236272855.0000,3,4.084166,1,-0.997003,0
2016-12-27,sz.000731,9.9300,10.8700,9.8800,10.3800,9.9300,54055844,563458304.0000,3,9.139015,1,4.531720,0
2016-12-28,sz.000731,10.2500,10.5000,10.1600,10.2900,10.3800,33852681,349268656.0000,3,5.723343,1,-0.867054,0
2016-12-29,sz.000731,10.3000,10.4000,10.0800,10.0900,10.2900,21496690,219926014.0000,3,3.634363,1,-1.943633,0
2016-12-30,sz.000731,10.0300,10.2400,9.9000,9.9800,10.0900,18010436,181106869.0000,3,3.044956,1,-1.090194,0
2017-01-03,sz.000731,10.1000,10.4000,10.0800,10.3100,9.9800,26303860,269585344.0000,3,4.447093,1,3.306622,0
2017-01-04,sz.000731,10.2500,10.6900,10.2500,10.6200,10.3100,50834966,535589024.0000,3,8.594474,1,3.006784,0
2017-01-05,sz.000731,10.6000,10.8500,10.4300,10.7500,10.6200,45475329,484373568.0000,3,7.688340,1,1.224107,0
2017-01-06,sz.000731,10.6900,11.1000,10.5400,10.5700,10.7500,53181436,575646544.0000,3,8.991182,1,-1.674422,0
2017-01-09,sz.000731,10.5500,10.9600,10.4500,10.8000,10.5700,40066325,428566016.0000,3,6.773861,1,2.175974,0
2017-01-10,sz.000731,10.7000,10.8900,10.4600,10.4800,10.8000,34647041,369263712.0000,3,5.857643,1,-2.962969,0
2017-01-11,sz.000731,10.4100,10.5700,10.2500,10.3200,10.4800,27415117,284806208.0000,3,4.634969,1,-1.526716,0
2017-01-12,sz.000731,10.3900,10.4500,9.8800,9.9500,10.3200,27927414,284978576.0000,3,4.721581,1,-3.585270,0
2017-01-13,sz.000731,10.0000,10.0000,9.4800,9.5000,9.9500,29742486,288633872.0000,3,5.028448,1,-4.522611,0
2017-01-16,sz.000731,9.2800,9.2900,8.5500,8.9100,9.5000,29424537,264093699.0000,3,4.974694,1,-6.210528,0
2017-01-17,sz.000731,8.8000,9.1500,8.7500,9.1100,8.9100,17678846,159076337.0000,3,2.988895,1,2.244667,0
2017-01-18,sz.000731,9.1500,9.2400,9.0000,9.1600,9.1100,12700381,115885485.0000,3,2.147205,1,0.548849,0
2017-01-19,sz.000731,9.0800,9.1700,8.9600,9.0000,9.1600,8567053,77864640.0000,3,1.448399,1,-1.746723,0
2017-01-20,sz.000731,8.9100,9.2200,8.9100,9.1400,9.0000,9251060,84337957.0000,3,1.564041,1,1.555559,0
2017-01-23,sz.000731,9.2800,9.3700,9.1800,9.2900,9.1400,11232260,104377132.0000,3,1.898995,1,1.641134,0
2017-01-24,sz.000731,9.3000,9.3500,9.1100,9.2500,9.2900,10165059,93451720.0000,3,1.718568,1,-0.430570,0
2017-01-25,sz.000731,9.2000,9.2600,9.0700,9.1000,9.2500,8494189,77797718.0000,3,1.436080,1,-1.621618,0
2017-01-26,sz.000731,8.9600,9.0500,8.9000,8.9900,9.1000,12620560,113336406.0000,3,2.133710,1,-1.208798,0
2017-02-03,sz.000731,8.9900,9.0900,8.9500,9.0000,8.9900,6132510,55316144.0000,3,1.036800,1,0.111237,0
2017-02-06,sz.000731,9.0500,9.1200,8.9400,9.1200,9.0000,8469788,76634121.0000,3,1.431955,1,1.333332,0
2017-02-07,sz.000731,9.1100,9.5800,9.0600,9.3600,9.1200,16973146,159294931.0000,3,2.869585,1,2.631577,0
2017-02-08,sz.000731,9.2800,9.4900,9.2000,9.4000,9.3600,12170214,113579140.0000,3,2.057572,1,0.427350,0
2017-02-09,sz.000731,9.4000,9.5500,9.4000,9.4400,9.4000,12572201,118966159.0000,3,2.125534,1,0.425532,0
2017-02-10,sz.000731,9.4500,9.5900,9.3300,9.4100,9.4400,15306562,144473045.0000,3,2.587822,1,-0.317794,0
2017-02-13,sz.000731,9.4200,9.5600,9.3900,9.5500,9.4100,15937134,151198886.0000,3,2.694430,1,1.487783,0
2017-02-14,sz.000731,9.5200,9.5300,9.3100,9.4100,9.5500,12749160,119895035.0000,3,2.155452,1,-1.465972,0
2017-02-15,sz.000731,9.4300,9.4500,9.2400,9.2500,9.4100,12640740,118117023.0000,3,2.137122,1,-1.700317,0
2017-02-16,sz.000731,9.2700,9.5100,9.1400,9.5000,9.2500,17548314,164179346.0000,3,2.966826,1,2.702703,0
2017-02-17,sz.000731,9.4600,9.5800,9.2900,9.3500,9.5000,16243600,153293086.0000,3,2.746243,1,-1.578943,0
2017-02-20,sz.000731,9.3400,9.4000,9.2400,9.3900,9.3500,9338494,87079360.0000,3,1.578824,1,0.427807,0
2017-02-21,sz.000731,9.4200,9.5300,9.3400,9.4600,9.3900,11084275,104435618.0000,3,1.873976,1,0.745471,0
2017-02-22,sz.000731,9.4400,9.6800,9.3700,9.6400,9.4600,22189982,211454889.0000,3,3.751575,1,1.902752,0
2017-02-23,sz.000731,9.7700,9.7700,9.4500,9.5100,9.6400,19393573,185681494.0000,3,3.278797,1,-1.348549,0
2017-02-24,sz.000731,9.5000,9.5100,9.3000,9.4300,9.5100,13442997,126247664.0000,3,2.272756,1,-0.841219,0
2017-02-27,sz.000731,9.3900,9.4700,9.2000,9.2500,9.4300,14005050,130753802.0000,3,2.367780,1,-1.908805,0
2017-02-28,sz.000731,9.2500,9.4000,9.2500,9.3500,9.2500,8590312,80174956.0000,3,1.452331,1,1.081085,0
2017-03-01,sz.000731,9.3600,9.4200,9.2500,9.2800,9.3500,11304376,105323500.0000,3,1.911188,1,-0.748670,0
2017-03-02,sz.000731,9.2900,9.3500,9.0900,9.0900,9.2800,13523256,124454927.0000,3,2.286325,1,-2.047409,0
2017-03-03,sz.000731,9.1200,9.1700,9.0000,9.0800,9.0900,11377067,103086285.0000,3,1.923477,1,-0.110014,0
2017-03-06,sz.000731,9.1000,9.1700,9.0200,9.1100,9.0800,10522248,95941557.0000,3,1.778956,1,0.330394,0
2017-03-07,sz.000731,9.1100,10.0200,9.1100,10.0200,9.1100,77154348,755837376.0000,3,13.044191,1,9.989032,0
2017-03-08,sz.000731,10.0000,10.0400,9.6500,9.7300,10.0200,58512077,575564512.0000,3,9.892413,1,-2.894221,0
2017-03-09,sz.000731,9.7400,10.0800,9.6500,10.0800,9.7300,51115936,505129136.0000,3,8.641976,1,3.597126,0
2017-03-10,sz.000731,9.9400,10.1600,9.8100,9.8700,10.0800,31406401,312826432.0000,3,5.309760,1,-2.083334,0
2017-03-13,sz.000731,9.7100,9.9800,9.6600,9.8500,9.8700,23573281,231505275.0000,3,3.985445,1,-0.202629,0
2017-03-14,sz.000731,9.8600,9.9500,9.7000,9.8700,9.8500,20714587,203450901.0000,3,3.502136,1,0.203041,0
2017-03-15,sz.000731,9.8100,10.2600,9.7500,10.0400,9.8700,37794509,379123104.0000,3,6.389773,1,1.722392,0
2017-03-16,sz.000731,9.9600,10.1400,9.9400,10.0000,10.0400,29324050,294564848.0000,3,4.957705,1,-0.398406,0
2017-03-17,sz.000731,10.1300,10.4400,9.9300,9.9800,10.0000,38901598,395985088.0000,3,6.576945,1,-0.200005,0
2017-03-20,sz.000731,9.8600,10.1900,9.8000,10.1300,9.9800,25838635,258453595.0000,3,4.368439,1,1.503012,0
2017-03-21,sz.000731,10.1400,10.3500,10.0200,10.2900,10.1300,29416888,299830736.0000,3,4.973401,1,1.579465,0
2017-03-22,sz.000731,10.2300,10.3200,10.0500,10.1000,10.2900,23562701,239628148.0000,3,3.983656,1,-1.846449,0
2017-03-23,sz.000731,10.1500,10.3400,9.9400,10.1500,10.1000,23561395,239182865.0000,3,3.983435,1,0.495042,0
2017-03-24,sz.000731,10.1700,10.1700,9.9600,10.0000,10.1500,16596504,166615363.0000,3,2.805908,1,-1.477829,0
2017-03-27,sz.000731,9.9800,10.4300,9.8500,10.2000,10.0000,34173750,349233776.0000,3,5.777625,1,1.999998,0
2017-03-28,sz.000731,10.0900,10.1700,9.9900,10.1000,10.2000,16953827,170533838.0000,3,2.866319,1,-0.980387,0
2017-03-29,sz.000731,10.0200,10.0800,9.7800,9.7800,10.1000,19660906,195682084.0000,3,3.323994,1,-3.168323,0
2017-03-30,sz.000731,9.7200,9.8500,9.2000,9.2500,9.7800,24569366,233641501.0000,3,4.153849,1,-5.419220,0
2017-03-31,sz.000731,9.1800,9.4200,9.1100,9.3300,9.2500,13296361,123402436.0000,3,2.247965,1,0.864864,0
2017-04-05,sz.000731,9.3000,9.4500,9.2200,9.4300,9.3300,13852213,129716206.0000,3,2.341941,1,1.071815,0
2017-04-06,sz.000731,9.4300,9.4400,9.3000,9.3000,9.4300,11904813,111474419.0000,3,2.012701,1,-1.378580,0
2017-04-07,sz.000731,9.3000,9.7500,9.3000,9.4900,9.3000,22100548,211008599.0000,3,3.736455,1,2.043006,0
2017-04-10,sz.000731,9.4000,9.7200,9.3500,9.4800,9.4900,13864497,132505047.0000,3,2.344018,1,-0.105376,0
2017-04-11,sz.000731,9.4300,9.5800,9.1000,9.3500,9.4800,17885335,166524028.0000,3,3.023805,1,-1.371299,0
2017-04-12,sz.000731,9.3000,9.3100,9.1200,9.2000,9.3500,8945490,82449873.0000,3,1.512380,1,-1.604284,0
2017-04-13,sz.000731,9.2100,9.3700,9.1500,9.3100,9.2000,10881415,100937916.0000,3,1.839679,1,1.195659,0
2017-04-14,sz.000731,9.3000,9.3300,9.2000,9.2000,9.3100,9509702,87961832.0000,3,1.607769,1,-1.181532,0
2017-04-17,sz.000731,9.2700,9.6200,9.2000,9.3700,9.2000,20930964,197073561.0000,3,3.538718,1,1.847827,0
2017-04-18,sz.000731,9.3700,9.4300,9.1000,9.1300,9.3700,14793753,136771805.0000,3,2.501123,1,-2.561364,0
2017-04-19,sz.000731,9.1000,9.2200,8.7000,8.8300,9.1300,15264458,136198732.0000,3,2.580704,1,-3.285873,0
2017-04-20,sz.000731,8.8500,8.9500,8.4000,8.5700,8.8300,15551314,134731081.0000,3,2.629201,1,-2.944510,0
2017-04-21,sz.000731,8.6100,8.6600,8.0500,8.1800,8.5700,19493395,160747579.0000,3,3.295674,1,-4.550752,0
2017-04-24,sz.000731,8.0900,8.1500,7.5100,7.5700,8.1800,14655548,114841949.0000,3,2.477758,1,-7.457214,0
2017-04-25,sz.000731,7.6000,7.7500,7.5900,7.6800,7.5700,9916000,76269665.0000,3,1.676460,1,1.453100,0
2017-04-26,sz.000731,7.6800,8.4500,7.6500,7.9900,7.6800,16363653,132513151.0000,3,2.766540,1,4.036458,0
2017-04-27,sz.000731,8.0000,8.2900,7.8100,8.1500,7.9900,13776901,111142204.0000,3,2.329208,1,2.002501,0
2017-04-28,sz.000731,8.0900,8.2300,8.0600,8.1600,8.1500,6910061,56260729.0000,3,1.168258,1,0.122702,0
2017-05-02,sz.000731,8.1600,8.2400,8.0100,8.0600,8.1600,8445426,68809848.0000,3,1.427836,1,-1.225483,0
2017-05-03,sz.000731,8.0900,8.1300,8.0000,8.0900,8.0600,6630612,53482531.0000,3,1.121012,1,0.372205,0
2017-05-04,sz.000731,8.0800,8.3500,8.0000,8.1500,8.0900,11284029,92575214.0000,3,1.907748,1,0.741650,0
2017-05-05,sz.000731,8.1400,8.2300,8.0300,8.0600,8.1500,7775439,63063814.0000,3,1.314564,1,-1.104285,0
2017-05-08,sz.000731,8.0400,8.2100,8.0000,8.0100,8.0600,8316533,67383204.0000,3,1.406044,1,-0.620350,0
2017-05-09,sz.000731,8.0100,8.0800,7.8500,7.9800,8.0100,8171914,64988048.0000,3,1.381594,1,-0.374534,0
2017-05-10,sz.000731,7.9900,8.1300,7.6100,7.6100,7.9800,12141071,95235776.0000,3,2.052644,1,-4.636590,0
2017-05-11,sz.000731,7.5500,7.6500,7.0000,7.4000,7.6100,14965248,109869105.0000,3,2.530117,1,-2.759527,0
2017-05-12,sz.000731,7.4100,7.5000,7.2300,7.3200,7.4000,9151323,67199900.0000,3,1.547179,1,-1.081080,0
2017-05-15,sz.000731,7.3800,7.6900,7.3500,7.4600,7.3200,9526191,71735824.0000,3,1.610557,1,1.912566,0
2017-05-16,sz.000731,7.4500,7.6800,7.3500,7.6600,7.4600,8982898,67760176.0000,3,1.518704,1,2.680963,0
2017-05-17,sz.000731,7.6600,7.8300,7.6200,7.6500,7.6600,9411646,72475574.0000,3,1.591191,1,-0.130545,0
2017-05-18,sz.000731,7.5800,7.8600,7.5200,7.7200,7.6500,12719659,98502008.0000,3,2.150464,1,0.915029,0
2017-05-19,sz.000731,7.7100,7.8500,7.5700,7.6100,7.7200,10275158,78993681.0000,3,1.737182,1,-1.424866,0
2017-05-22,sz.000731,7.7200,7.8600,7.4000,7.4500,7.6100,10548757,80812515.0000,3,1.783438,1,-2.102501,0
2017-05-23,sz.000731,7.3700,7.4700,7.0500,7.0800,7.4500,13523849,97644587.0000,3,2.286425,1,-4.966442,0
2017-05-24,sz.000731,7.0900,7.2200,6.9300,7.2100,7.0800,7930804,56174458.0000,3,1.340831,1,1.836160,0
2017-05-25,sz.000731,7.1800,7.3300,7.0700,7.2500,7.2100,8960417,64430636.0000,3,1.514903,1,0.554785,0
2017-05-26,sz.000731,7.2500,7.3400,7.2000,7.2600,7.2500,6937317,50510126.0000,3,1.172866,1,0.137934,0
2017-05-31,sz.000731,7.3600,7.3800,7.1800,7.1900,7.2600,6177776,45032189.0000,3,1.044453,1,-0.964190,0
2017-06-01,sz.000731,7.1600,7.2200,6.9000,6.9400,7.1900,8819900,62151423.0000,3,1.491147,1,-3.477051,0
2017-06-02,sz.000731,6.9500,7.1000,6.8600,7.0700,6.9400,6743877,47119001.0000,3,1.140162,1,1.873201,0
2017-06-05,sz.000731,7.1200,7.1800,7.0700,7.1200,7.0700,4906906,34952863.0000,3,0.829592,1,0.707210,0
2017-06-06,sz.000731,7.1000,7.1600,7.0800,7.1500,7.1200,4613534,32838389.0000,3,0.779993,1,0.421351,0
2017-06-07,sz.000731,7.1500,7.3400,7.1200,7.3100,7.1500,10468047,75860417.0000,3,1.769793,1,2.237760,0
2017-06-08,sz.000731,7.2600,7.4300,7.2600,7.3200,7.3100,10232432,75024691.0000,3,1.729958,1,0.136802,0
2017-06-09,sz.000731,7.3000,7.3200,7.2000,7.2800,7.3200,7332434,53297788.0000,3,1.239667,1,-0.546448,0
2017-06-12,sz.000731,7.2600,7.3800,7.2100,7.2300,7.2800,6414143,46707698.0000,3,1.084415,1,-0.686816,0
2017-06-13,sz.000731,7.2300,7.3300,7.2100,7.3300,7.2300,8668972,63224372.0000,3,1.465630,1,1.383125,0
2017-06-14,sz.000731,7.3100,7.3800,7.2700,7.3600,7.3300,8122267,59584980.0000,3,1.373201,1,0.409280,0
2017-06-15,sz.000731,7.3300,7.6500,7.3300,7.5600,7.3600,16299809,122430051.0000,3,2.755746,1,2.717389,0
2017-06-16,sz.000731,7.5000,7.5800,7.4200,7.4900,7.5600,9399825,70380823.0000,3,1.589193,1,-0.925928,0
2017-06-19,sz.000731,7.4800,7.5500,7.4400,7.5000,7.4900,8059369,60426122.0000,3,1.362567,1,0.133514,0
2017-06-20,sz.000731,7.4500,7.7800,7.4500,7.5400,7.5000,13838769,105210190.0000,3,2.339668,1,0.533333,0
2017-06-21,sz.000731,7.5100,7.6600,7.4300,7.5900,7.5400,12795753,96444969.0000,3,2.163329,1,0.663133,0
2017-06-22,sz.000731,7.5500,7.6000,7.3000,7.3200,7.5900,11697563,87249912.0000,3,1.977662,1,-3.557312,0
2017-06-23,sz.000731,7.3100,7.3700,7.1900,7.3300,7.3200,9617662,70011049.0000,3,1.626021,1,0.136609,0
2017-06-26,sz.000731,7.3700,7.4800,7.3200,7.4800,7.3300,9171903,67949660.0000,3,1.550659,1,2.046386,0
2017-06-27,sz.000731,7.5000,7.5300,7.4000,7.4600,7.4800,8301974,61967598.0000,3,1.403583,1,-0.267379,0
2017-06-28,sz.000731,7.4900,7.6200,7.4500,7.4900,7.4600,15372786,115837299.0000,3,2.599018,1,0.402141,0
2017-06-29,sz.000731,7.4600,7.5500,7.4600,7.5500,7.4900,10352162,77671419.0000,3,1.750200,1,0.801074,0
2017-06-30,sz.000731,7.5000,7.5400,7.4100,7.5000,7.5500,8403900,62890326.0000,3,1.420815,1,-0.662254,0
2017-07-03,sz.000731,7.5100,7.6500,7.4800,7.6000,7.5000,15494881,117151936.0000,3,2.619660,1,1.333332,0
2017-07-04,sz.000731,7.5300,7.5800,7.4500,7.5200,7.6000,15526071,116426082.0000,3,2.624934,1,-1.052631,0
2017-07-05,sz.000731,7.4600,7.6200,7.4500,7.6100,7.5200,17064657,128646725.0000,3,2.885056,1,1.196810,0
2017-07-06,sz.000731,7.5900,7.7200,7.5400,7.6800,7.6100,19536156,149171689.0000,3,3.302903,1,0.919838,0
2017-07-07,sz.000731,7.6600,7.8200,7.6200,7.8000,7.6800,20464963,157973972.0000,3,3.459933,1,1.562505,0
2017-07-10,sz.000731,7.8100,8.0100,7.7700,7.8400,7.8000,23115393,182096778.0000,3,3.908031,1,0.512820,0
2017-07-11,sz.000731,7.8400,8.0200,7.7600,7.8400,7.8400,21136304,166966211.0000,3,3.573434,1,0.000000,0
2017-07-12,sz.000731,7.8100,7.9700,7.5700,7.9600,7.8400,20012993,155410817.0000,3,3.383520,1,1.530611,0
2017-07-13,sz.000731,7.8800,8.2900,7.8600,8.1400,7.9600,30197797,244588048.0000,3,5.105426,1,2.261310,0
2017-07-14,sz.000731,8.1000,8.1600,7.9000,7.9600,8.1400,18117815,145655225.0000,3,3.063110,1,-2.211306,0
2017-07-17,sz.000731,8.0200,8.2700,7.6000,7.8900,7.9600,35724256,287324848.0000,3,6.039763,1,-0.879399,0
2017-07-18,sz.000731,7.7800,8.3100,7.7800,8.3100,7.8900,29243788,235287186.0000,3,4.944136,1,5.323201,0
2017-07-19,sz.000731,8.2200,8.4900,8.1800,8.4900,8.3100,36034488,300958448.0000,3,6.092213,1,2.166057,0
2017-07-20,sz.000731,8.4100,8.5800,8.3100,8.4000,8.4900,26019763,219305116.0000,3,4.399062,1,-1.060073,0
2017-07-21,sz.000731,8.4000,8.5200,8.3300,8.4900,8.4000,20523828,173075495.0000,3,3.469885,1,1.071430,0
2017-07-24,sz.000731,8.4500,8.6800,8.3900,8.6800,8.4900,24938339,213706871.0000,3,4.216230,1,2.237933,0
2017-07-25,sz.000731,8.6300,8.7100,8.3100,8.4400,8.6800,22221900,189681416.0000,3,3.756972,1,-2.764985,0
2017-07-26,sz.000731,8.4400,8.8400,8.3500,8.8000,8.4400,35672151,307899216.0000,3,6.030954,1,4.265410,0
2017-07-27,sz.000731,8.7500,9.0800,8.6300,8.7600,8.8000,40668200,360413712.0000,3,6.875617,1,-0.454545,0
2017-07-28,sz.000731,8.6100,9.0000,8.5300,8.9400,8.7600,28522497,249985596.0000,3,4.822190,1,2.054787,0
2017-07-31,sz.000731,8.8700,9.3500,8.8500,9.3000,8.9400,39236447,359124240.0000,3,6.633556,1,4.026853,0
2017-08-01,sz.000731,9.2300,9.5200,9.1000,9.4900,9.3000,38711000,359611392.0000,3,6.544721,1,2.043006,0
2017-08-02,sz.000731,9.4000,9.6700,9.1800,9.1900,9.4900,44757622,421475568.0000,3,7.567000,1,-3.161224,0
2017-08-03,sz.000731,9.1900,9.4800,8.9600,9.4000,9.1900,34178496,315340512.0000,3,5.778428,1,2.285093,0
2017-08-04,sz.000731,9.3600,9.4600,8.8700,8.8900,9.4000,32850447,301585536.0000,3,5.553900,1,-5.425524,0
2017-08-07,sz.000731,8.8800,9.0600,8.7200,9.0000,8.8900,19741002,176573152.0000,3,3.337536,1,1.237341,0
2017-08-08,sz.000731,9.0200,9.0200,8.8000,8.8400,9.0000,22696769,201480330.0000,3,3.837256,1,-1.777776,0
2017-08-09,sz.000731,8.8400,9.0100,8.7300,9.0100,8.8400,18837090,167484576.0000,3,3.184715,1,1.923078,0
2017-08-10,sz.000731,8.9800,9.0000,8.5700,8.7900,9.0100,20091659,176400809.0000,3,3.396820,1,-2.441734,0
2017-08-11,sz.000731,8.6600,8.7100,8.1100,8.1700,8.7900,26776552,225367268.0000,3,4.527009,1,-7.053468,0
2017-08-14,sz.000731,8.1800,8.3800,8.1100,8.3000,8.1700,13951863,115492046.0000,3,2.358788,1,1.591189,0
2017-08-15,sz.000731,8.3000,8.4600,8.2400,8.4500,8.3000,14380401,120435172.0000,3,2.431239,1,1.807224,0
2017-08-16,sz.000731,8.4500,8.4500,8.2400,8.3000,8.4500,12229926,101691711.0000,3,2.067667,1,-1.775144,0
2017-08-17,sz.000731,8.3600,8.5500,8.3600,8.4100,8.3000,13733313,115742485.0000,3,2.321839,1,1.325297,0
2017-08-18,sz.000731,8.3200,8.9000,8.1900,8.7900,8.4100,36504400,315550512.0000,3,6.171659,1,4.518432,0
2017-08-21,sz.000731,8.7900,9.0900,8.7300,8.9200,8.7900,28775069,257255882.0000,3,4.864891,1,1.478955,0
2017-08-22,sz.000731,8.9200,8.9700,8.7300,8.7800,8.9200,18075199,159723109.0000,3,3.055905,1,-1.569511,0
2017-08-23,sz.000731,8.8200,9.0800,8.7900,8.8100,8.7800,22879919,204235477.0000,3,3.868221,1,0.341693,0
2017-08-24,sz.000731,8.7000,8.8400,8.5700,8.6500,8.8100,16779192,145852375.0000,3,2.836794,1,-1.816127,0
2017-08-25,sz.000731,8.6600,8.8000,8.6000,8.7300,8.6500,15577502,135485648.0000,3,2.633629,1,0.924855,0
2017-08-28,sz.000731,8.7500,8.8400,8.6500,8.7500,8.7300,15647148,137127530.0000,3,2.645404,1,0.229100,0
2017-08-29,sz.000731,8.7100,8.9500,8.7000,8.9000,8.7500,18730040,165697582.0000,3,3.166616,1,1.714281,0
2017-08-30,sz.000731,8.9000,9.1300,8.8100,9.0700,8.9000,27704732,249667960.0000,3,4.683933,1,1.910113,0
2017-08-31,sz.000731,9.0400,9.1100,8.9300,9.0500,9.0700,14634528,131859409.0000,3,2.474204,1,-0.220502,0
2017-09-01,sz.000731,9.0300,9.2300,8.9500,9.0400,9.0500,19802212,179969714.0000,3,3.347884,1,-0.110500,0
2017-09-04,sz.000731,9.0200,9.0800,8.8300,8.8600,9.0400,17114803,152395154.0000,3,2.893534,1,-1.991154,0
2017-09-05,sz.000731,8.8800,8.9300,8.6400,8.7200,8.8600,13470034,117811571.0000,3,2.277327,1,-1.580129,0
2017-09-06,sz.000731,8.7200,8.8000,8.6300,8.7600,8.7200,11476797,100132047.0000,3,1.940338,1,0.458715,0
2017-09-07,sz.000731,8.7600,8.8100,8.5700,8.5900,8.7600,15833550,137052737.0000,3,2.676918,1,-1.940640,0
2017-09-08,sz.000731,8.5600,8.6700,8.5400,8.6600,8.5900,10110926,86989212.0000,3,1.709416,1,0.814898,0
2017-09-11,sz.000731,8.6300,8.7700,8.5600,8.7500,8.6600,10739289,93282511.0000,3,1.815651,1,1.039263,0
2017-09-12,sz.000731,8.7600,8.9700,8.7100,8.9000,8.7500,21921244,194584054.2000,3,3.706141,1,1.714281,0
2017-09-13,sz.000731,8.8700,9.0000,8.8200,8.8700,8.9000,11410330,101440422.0200,3,1.929101,1,-0.337076,0
2017-09-14,sz.000731,8.8700,9.2000,8.8200,9.1500,8.8700,40039442,363996013.8200,3,6.769316,1,3.156705,0
2017-09-15,sz.000731,9.1000,9.1500,8.8500,8.8800,9.1500,25292747,227307187.6100,3,4.276148,1,-2.950814,0
2017-09-18,sz.000731,8.8000,8.8200,8.6500,8.7500,8.8800,15356101,133759745.5400,3,2.596197,1,-1.463965,0
2017-09-19,sz.000731,8.7300,8.8600,8.7000,8.7500,8.7500,10835733,95168954.7200,3,1.831956,1,0.000000,0
2017-09-20,sz.000731,8.7200,8.8200,8.6500,8.7800,8.7500,10274385,89804843.1600,3,1.737051,1,0.342854,0
2017-09-21,sz.000731,8.7600,8.9700,8.7400,8.7900,8.7800,16508002,146621492.8000,3,2.790945,1,0.113898,0
2017-09-22,sz.000731,8.7900,8.8000,8.4900,8.4900,8.7900,17245712,147768109.9800,3,2.915667,1,-3.412972,0
2017-09-25,sz.000731,8.5000,8.5600,8.2000,8.3000,8.4900,11390992,95504229.1700,3,1.925832,1,-2.237922,0
2017-09-26,sz.000731,8.2800,8.4400,8.2600,8.3900,8.3000,5736214,47925691.9700,3,0.969800,1,1.084339,0
2017-09-27,sz.000731,8.4400,8.4500,8.3300,8.3600,8.3900,6220600,52163011.0000,3,1.051693,1,-0.357577,0
2017-09-28,sz.000731,8.3400,8.3700,8.2600,8.2800,8.3600,6996276,58030750.2700,3,1.182834,1,-0.956937,0
2017-09-29,sz.000731,8.3000,8.4500,8.2700,8.4200,8.2800,8860461,74087071.7400,3,1.498004,1,1.690825,0
2017-10-09,sz.000731,8.5000,8.5400,8.4300,8.5000,8.4200,8223791,69826302.9800,3,1.390365,1,0.950118,0
2017-10-10,sz.000731,8.5000,8.5700,8.4500,8.5500,8.5000,5820263,49590452.6200,3,0.984010,1,0.588237,0
2017-10-11,sz.000731,8.5500,8.5700,8.4700,8.5000,8.5500,5716801,48729645.5300,3,0.966518,1,-0.584798,0
2017-10-12,sz.000731,8.4900,8.4900,8.2400,8.3400,8.5000,9833664,82189860.6400,3,1.662540,1,-1.882351,0
2017-10-13,sz.000731,8.3400,8.4000,8.2800,8.3600,8.3400,5291315,44126512.2500,3,0.894582,1,0.239802,0
2017-10-16,sz.000731,8.3500,8.3800,8.1300,8.1300,8.3600,7552200,62245998.0000,3,1.276822,1,-2.751191,0
2017-10-17,sz.000731,8.1300,8.2000,8.0800,8.1300,8.1300,4989191,40595792.3800,3,0.843503,1,0.000000,0
2017-10-18,sz.000731,8.1600,8.1800,8.0500,8.0900,8.1300,6646753,53917103.2400,3,1.123741,1,-0.492005,0
2017-10-19,sz.000731,8.1100,8.2500,8.0700,8.1300,8.0900,8691026,70796083.2000,3,1.469359,1,0.494437,0
2017-10-20,sz.000731,8.1200,8.2400,8.0800,8.2200,8.1300,6264674,51179715.4300,3,1.059145,1,1.107013,0
2017-10-23,sz.000731,8.1900,8.2500,8.1900,8.2500,8.2200,4204570,34601127.9300,3,0.710851,1,0.364960,0
2017-10-24,sz.000731,8.2600,8.3700,8.1600,8.2100,8.2500,6492829,53655485.2900,3,1.097718,1,-0.484848,0
2017-10-25,sz.000731,8.2000,8.4000,8.1600,8.3500,8.2100,10272236,85246575.9700,3,1.736688,1,1.705242,0
2017-10-26,sz.000731,8.3400,8.3800,8.2300,8.3000,8.3500,9538171,79153908.4600,3,1.612582,1,-0.598805,0
2017-10-27,sz.000731,8.3000,8.3100,8.1000,8.1200,8.3000,7812582,64044901.2800,3,1.320843,1,-2.168678,0
2017-10-30,sz.000731,8.0800,8.1000,7.7100,7.7700,8.1200,11921387,93360002.9700,3,2.015503,1,-4.310344,0
2017-10-31,sz.000731,7.7700,7.8600,7.7400,7.8300,7.7700,5852864,45677013.6700,3,0.989521,1,0.772200,0
2017-11-01,sz.000731,7.8300,7.8700,7.7700,7.7900,7.8300,5150551,40248581.7600,3,0.870784,1,-0.510855,0
2017-11-02,sz.000731,7.7900,7.8100,7.6100,7.6500,7.7900,6370427,49052003.6900,3,1.077024,1,-1.797174,0
2017-11-03,sz.000731,7.6500,7.7600,7.5500,7.6600,7.6500,6735981,51675405.5400,3,1.138827,1,0.130716,0
2017-11-06,sz.000731,7.6500,7.8300,7.6300,7.8200,7.6600,5187933,40156354.8400,3,0.877104,1,2.088777,0
2017-11-07,sz.000731,7.8200,7.9000,7.7500,7.8800,7.8200,5585053,43679785.7300,3,0.944244,1,0.767263,0
2017-11-08,sz.000731,7.8600,7.9200,7.8000,7.8300,7.8800,5334347,41874997.0900,3,0.901858,1,-0.634520,0
2017-11-09,sz.000731,7.8100,7.8500,7.7800,7.8400,7.8300,4016578,31402884.1600,3,0.679067,1,0.127717,0
2017-11-10,sz.000731,7.8400,7.8400,7.7000,7.7200,7.8400,5793816,44866432.2100,3,0.979538,1,-1.530617,0
2017-11-13,sz.000731,7.6900,7.8600,7.6800,7.8600,7.7200,6345742,49424656.3900,3,1.072850,1,1.813476,0
2017-11-14,sz.000731,7.8600,7.8600,7.6600,7.7000,7.8600,6328326,49074266.2800,3,1.069906,1,-2.035628,0
2017-11-15,sz.000731,7.6900,7.7400,7.6000,7.6600,7.7000,6004015,46076944.7600,3,1.015076,1,-0.519480,0
2017-11-16,sz.000731,7.6800,7.6900,7.6100,7.6100,7.6600,3190275,24373049.1500,3,0.539368,1,-0.652738,0
2017-11-17,sz.000731,7.5600,7.6400,7.2800,7.3400,7.6100,8948721,66411321.1500,3,1.512926,1,-3.547963,0
2017-11-20,sz.000731,7.3100,7.3400,7.1600,7.3200,7.3400,5138239,37209574.0600,3,0.868702,1,-0.272479,0
2017-11-21,sz.000731,7.3100,7.4100,7.2000,7.3600,7.3200,4788924,35102721.7200,3,0.809645,1,0.546448,0
2017-11-22,sz.000731,7.3400,7.3900,7.2500,7.3500,7.3600,5601181,41096718.7200,3,0.946970,1,-0.135873,0
2017-11-23,sz.000731,7.3500,7.4200,7.2100,7.2100,7.3500,5496544,40333769.0800,3,0.929280,1,-1.904760,0
2017-11-24,sz.000731,7.2200,7.3600,7.2200,7.3500,7.2100,4324155,31482209.0300,3,0.731068,1,1.941746,0
2017-11-27,sz.000731,7.3000,7.5100,7.3000,7.4800,7.3500,6496753,48111610.4400,3,1.098381,1,1.768709,0
2017-11-28,sz.000731,7.4800,7.5400,7.4200,7.5300,7.4800,4367594,32726734.7000,3,0.738412,1,0.668452,0
2017-11-29,sz.000731,7.5300,7.6300,7.4400,7.5900,7.5300,5363328,40483340.6800,3,0.906757,1,0.796812,0
2017-11-30,sz.000731,7.6500,7.8000,7.6000,7.7000,7.5900,9780341,75723699.0900,3,1.653525,1,1.449271,0
2017-12-01,sz.000731,7.6700,7.8000,7.6100,7.6600,7.7000,5956185,45719637.7100,3,1.006989,1,-0.519480,0
2017-12-04,sz.000731,7.6700,7.8700,7.6300,7.7300,7.6600,8025402,62468386.7400,3,1.356824,1,0.913840,0
2017-12-05,sz.000731,7.7100,7.7100,7.4100,7.4400,7.7300,7880843,59478610.7100,3,1.332384,1,-3.751616,0
2017-12-06,sz.000731,7.4400,7.4600,7.2700,7.4600,7.4400,6122887,45170410.2200,3,1.035173,1,0.268817,0
2017-12-07,sz.000731,7.4700,7.5300,7.3700,7.5200,7.4600,5023170,37438170.3000,3,0.849248,1,0.804289,0
2017-12-08,sz.000731,7.5200,7.8300,7.4800,7.7200,7.5200,8501324,65411877.9700,3,1.437286,1,2.659572,0
2017-12-11,sz.000731,7.7500,7.8300,7.6600,7.8000,7.7200,7251853,56473843.6300,3,1.226043,1,1.036275,0
2017-12-12,sz.000731,7.8600,7.8600,7.7100,7.7200,7.8000,5947547,46197652.4600,3,1.005529,1,-1.025646,0
2017-12-13,sz.000731,7.7200,7.8300,7.7000,7.8000,7.7200,4795763,37307614.8800,3,0.810801,1,1.036275,0
2017-12-14,sz.000731,7.8200,7.8700,7.7400,7.7800,7.8000,7034266,54873644.4800,3,1.189256,1,-0.256410,0
2017-12-15,sz.000731,7.7700,7.7700,7.6000,7.6700,7.7800,7183431,55077066.7300,3,1.214475,1,-1.413883,0
2017-12-18,sz.000731,7.6700,7.7500,7.6200,7.7400,7.6700,5138721,39476853.7500,3,0.868784,1,0.912643,0
2017-12-19,sz.000731,7.7500,7.9700,7.7400,7.9400,7.7400,16900224,133199953.7200,3,2.857256,1,2.583983,0
2017-12-20,sz.000731,7.9100,8.1800,7.8700,8.0300,7.9400,22289366,179226767.9800,3,3.768378,1,1.133497,0
2017-12-21,sz.000731,7.9800,8.0900,7.9000,8.0400,8.0300,12635485,101179562.8000,3,2.136233,1,0.124536,0
2017-12-22,sz.000731,7.9700,8.3500,7.9700,8.2200,8.0400,21838106,178866902.1400,3,3.692085,1,2.238810,0
2017-12-25,sz.000731,8.2200,8.4500,8.0900,8.1000,8.2200,19051868,157063099.6600,3,3.221027,1,-1.459853,0
2017-12-26,sz.000731,8.0800,8.2100,7.9300,8.2100,8.1000,14432038,116579229.7200,3,2.439970,1,1.358020,0
2017-12-27,sz.000731,8.1600,8.2500,7.9700,7.9800,8.2100,15705623,127075544.6600,3,2.655290,1,-2.801462,0
2017-12-28,sz.000731,7.9000,8.0400,7.8300,8.0300,7.9800,9856707,78381628.3500,3,1.666436,1,0.626563,0
2017-12-29,sz.000731,8.0300,8.0300,7.8900,7.9800,8.0300,9124516,72484799.2700,3,1.542647,1,-0.622661,0
2018-01-02,sz.000731,8.0300,8.4200,7.9900,8.2800,7.9800,25308343,208563934.2300,3,4.278785,1,3.759395,0
2018-01-03,sz.000731,8.2500,8.2900,8.1700,8.2100,8.2800,16474466,135502846.8500,3,2.785275,1,-0.845407,0
2018-01-04,sz.000731,8.2100,8.3500,8.1800,8.2400,8.2100,16756659,138286368.5000,3,2.832984,1,0.365405,0
2018-01-05,sz.000731,8.1900,8.2500,8.0300,8.1000,8.2400,13677337,110958531.3200,3,2.312375,1,-1.699022,0
2018-01-08,sz.000731,8.1100,8.1700,8.0300,8.1400,8.1000,11721410,95016556.9300,3,1.981694,1,0.493827,0
2018-01-09,sz.000731,8.1100,8.1500,7.9100,7.9700,8.1400,13581144,108916219.7300,3,2.296112,1,-2.088459,0
2018-01-10,sz.000731,7.9500,8.0400,7.8700,7.9900,7.9700,10146047,80675720.2400,3,1.715353,1,0.250941,0
2018-01-11,sz.000731,7.9000,7.9700,7.8300,7.9100,7.9900,8741496,68951375.1200,3,1.477891,1,-1.001251,0
2018-01-12,sz.000731,7.9100,7.9300,7.6300,7.6600,7.9100,14348001,111204447.6100,3,2.425762,1,-3.160556,0
2018-01-15,sz.000731,7.6800,7.7400,7.5000,7.6800,7.6600,7993445,61018613.1700,3,1.351421,1,0.261096,0
2018-01-16,sz.000731,7.6800,7.7900,7.6400,7.7300,7.6800,7551944,58307394.8400,3,1.276778,1,0.651044,0
2018-01-17,sz.000731,7.7400,7.7600,7.5100,7.6700,7.7300,7696104,58451225.8200,3,1.301151,1,-0.776196,0
2018-01-18,sz.000731,7.6400,7.7400,7.6100,7.6900,7.6700,6030153,46336882.7200,3,1.019495,1,0.260756,0
2018-01-19,sz.000731,7.6400,7.7000,7.5600,7.5800,7.6900,7756301,59055790.5600,3,1.311328,1,-1.430431,0
2018-01-22,sz.000731,7.5000,7.6100,7.4200,7.5700,7.5800,6972305,52349216.6600,3,1.178781,1,-0.131923,0
2018-01-23,sz.000731,7.5700,7.6500,7.5600,7.6400,7.5700,5670820,43195355.1800,3,0.958744,1,0.924699,0
2018-01-24,sz.000731,7.6000,7.6600,7.5300,7.6500,7.6400,6106377,46327814.2400,3,1.032382,1,0.130893,0
2018-01-25,sz.000731,7.6800,7.8700,7.6200,7.7400,7.6500,11073086,85750511.2300,3,1.872084,1,1.176466,0
2018-01-26,sz.000731,7.7700,7.8300,7.6800,7.6900,7.7400,8076247,62521737.7000,3,1.365420,1,-0.645991,0
2018-01-29,sz.000731,7.7100,7.8000,7.6300,7.7800,7.6900,8417662,65089925.2900,3,1.423142,1,1.170353,0
2018-01-30,sz.000731,7.8100,7.9100,7.7400,7.9000,7.7800,12165746,95440221.7600,3,2.056816,1,1.542415,0
2018-01-31,sz.000731,7.9500,7.9600,7.5100,7.6200,7.9000,11123183,86127646.7800,3,1.880554,1,-3.544306,0
2018-02-01,sz.000731,7.5900,8.1800,7.5900,7.7800,7.6200,26119384,205105766.0500,3,4.415904,1,2.099742,0
2018-02-02,sz.000731,7.6400,7.6600,7.0000,7.6000,7.7800,20160413,147441302.9800,3,3.408444,1,-2.313629,0
2018-02-05,sz.000731,7.3800,7.7800,7.3300,7.7300,7.6000,11265095,85775435.7000,3,1.904547,1,1.710528,0
2018-02-06,sz.000731,7.5500,7.7200,7.3400,7.3400,7.7300,11808346,89039926.0300,3,1.996392,1,-5.045277,0
2018-02-07,sz.000731,7.4400,7.7300,7.4300,7.6100,7.3400,13884085,105622559.1600,3,2.347329,1,3.678474,0
2018-02-08,sz.000731,7.5500,7.6400,7.4400,7.4600,7.6100,9168116,68993335.4800,3,1.550018,1,-1.971092,0
2018-02-09,sz.000731,7.2400,7.4700,6.9800,7.0100,7.4600,12276488,88217422.8400,3,2.075539,1,-6.032169,0
2018-02-12,sz.000731,7.1000,7.2700,7.0500,7.2400,7.0100,6437727,46271887.0700,3,1.088402,1,3.281020,0
2018-02-13,sz.000731,7.2200,7.3700,7.2200,7.2700,7.2400,4867303,35524674.2700,3,0.822896,1,0.414367,0
2018-02-14,sz.000731,7.2100,7.3600,7.1800,7.3600,7.2700,4557273,33285153.7900,3,0.770481,1,1.237966,0
2018-02-22,sz.000731,7.3900,7.5400,7.3700,7.5000,7.3600,4586673,34277427.0500,3,0.775451,1,1.902172,0
2018-02-23,sz.000731,7.4600,7.6200,7.4500,7.5900,7.5000,4139184,31271554.6800,3,0.699796,1,1.200002,0
2018-02-26,sz.000731,7.5700,7.7100,7.5600,7.6900,7.5900,6461705,49504817.2000,3,1.092456,1,1.317522,0
2018-02-27,sz.000731,7.6800,7.7200,7.5600,7.5900,7.6900,9182000,69953828.7900,3,1.552366,1,-1.300389,0
2018-02-28,sz.000731,7.6000,7.6100,7.4700,7.5900,7.5900,5930102,44751052.0400,3,1.002580,1,0.000000,0
2018-03-01,sz.000731,7.5200,7.7300,7.4900,7.6600,7.5900,9134569,69619877.3200,3,1.544347,1,0.922262,0
2018-03-02,sz.000731,7.6200,7.7200,7.5100,7.5600,7.6600,6577226,50025656.9200,3,1.111986,1,-1.305482,0
2018-03-05,sz.000731,7.6000,7.6100,7.5200,7.5600,7.5600,3829701,28948203.1200,3,0.647473,1,0.000000,0
2018-03-06,sz.000731,7.5700,7.6700,7.5200,7.6700,7.5600,6567382,49921057.6300,3,1.110322,1,1.455028,0
2018-03-07,sz.000731,7.6500,7.6700,7.5600,7.5600,7.6700,4561795,34753160.6600,3,0.771245,1,-1.434161,0
2018-03-08,sz.000731,7.5400,7.5800,7.4600,7.5200,7.5600,5286568,39749109.5100,3,0.893780,1,-0.529100,0
2018-03-09,sz.000731,7.5200,7.6000,7.4900,7.5900,7.5200,5199499,39237779.2600,3,0.879059,1,0.930853,0
2018-03-12,sz.000731,7.6000,7.7400,7.5900,7.7200,7.5900,8324966,63830089.2700,3,1.407470,1,1.712775,0
2018-03-13,sz.000731,7.6800,7.7600,7.6300,7.7300,7.7200,7942786,61178165.4200,3,1.342856,1,0.129537,0
2018-03-14,sz.000731,7.7000,7.7700,7.6500,7.7300,7.7300,6400133,49299962.7900,3,1.082046,1,0.000000,0
2018-03-15,sz.000731,7.7300,7.9000,7.6500,7.9000,7.7300,14010853,109502170.9800,3,2.368761,1,2.199225,0
2018-03-16,sz.000731,7.9300,7.9500,7.7300,7.7700,7.9000,9182150,72073120.9100,3,1.552391,1,-1.645571,0
2018-03-19,sz.000731,7.7000,7.7700,7.7000,7.7300,7.7700,5624830,43467476.0200,3,0.950969,1,-0.514800,0
2018-03-20,sz.000731,7.6800,8.0100,7.6200,7.8900,7.7300,11165307,87784933.5300,3,1.887676,1,2.069856,0
2018-03-21,sz.000731,7.9000,8.2500,7.8500,7.9600,7.8900,18463270,149190560.1200,3,3.121515,1,0.887201,0
2018-03-22,sz.000731,7.9900,8.0300,7.8400,8.0100,7.9600,10096189,80177314.6300,3,1.706924,1,0.628143,0
2018-03-23,sz.000731,7.7500,7.9400,7.3000,7.5800,8.0100,11871237,91402689.2900,3,2.007025,1,-5.368293,0
2018-03-26,sz.000731,7.4500,7.6600,7.3300,7.6500,7.5800,5710806,42834929.6900,3,0.965504,1,0.923485,0
2018-03-27,sz.000731,7.6600,7.7500,7.6100,7.7200,7.6500,9108265,70061202.9300,3,1.539900,1,0.915029,0
2018-03-28,sz.000731,7.6200,7.6200,7.3800,7.3800,7.7200,9530100,71208025.7000,3,1.611218,1,-4.404141,0
2018-03-29,sz.000731,7.4400,7.4600,7.3800,7.4500,7.3800,5632394,41769347.1200,3,0.952247,1,0.948505,0
2018-03-30,sz.000731,7.4600,7.5000,7.4000,7.4400,7.4500,7644499,56886493.8900,3,1.292426,1,-0.134225,0
2018-04-02,sz.000731,7.4200,7.4600,7.3500,7.3700,7.4400,6935467,51254258.6700,3,1.172553,1,-0.940863,0
2018-04-03,sz.000731,7.3000,7.3100,7.2100,7.2500,7.3700,5687596,41262039.2000,3,0.961580,1,-1.628221,0
2018-04-04,sz.000731,7.3000,7.3300,7.2300,7.2500,7.2500,3766006,27444622.7100,3,0.636704,1,0.000000,0
2018-04-09,sz.000731,7.2500,7.4000,7.2200,7.3800,7.2500,5131239,37675201.8000,3,0.867519,1,1.793105,0
2018-04-10,sz.000731,7.3900,7.4000,7.3000,7.3500,7.3800,5826157,42762281.8700,3,0.985006,1,-0.406507,0
2018-04-11,sz.000731,7.3600,7.4600,7.3500,7.4400,7.3500,5270306,38993290.5200,3,0.891031,1,1.224492,0
2018-04-12,sz.000731,7.4400,7.4500,7.2800,7.2900,7.4400,4846627,35637538.1800,3,0.819401,1,-2.016130,0
2018-04-13,sz.000731,7.3000,7.3400,7.2400,7.2700,7.2900,3457459,25140200.3400,3,0.584539,1,-0.274348,0
2018-04-16,sz.000731,7.2700,7.3000,7.1700,7.2000,7.2700,4390472,31752388.0100,3,0.742280,1,-0.962863,0
2018-04-17,sz.000731,7.2000,7.2400,7.1100,7.1100,7.2000,3738771,26816854.2300,3,0.632100,1,-1.249996,0
2018-04-18,sz.000731,7.1500,7.2300,7.0400,7.2000,7.1100,4272960,30459922.4300,3,0.722413,1,1.265818,0
2018-04-19,sz.000731,7.2000,7.2400,7.1800,7.2000,7.2000,3556054,25649876.2600,3,0.601208,1,0.000000,0
2018-04-20,sz.000731,7.2100,7.2400,7.0800,7.1000,7.2000,4203990,30048929.2500,3,0.710753,1,-1.388888,0
2018-04-23,sz.000731,7.1000,7.1000,6.9800,7.0600,7.1000,4439800,31220958.9800,3,0.750620,1,-0.563380,0
2018-04-24,sz.000731,7.1300,7.2000,7.0600,7.2000,7.0600,3929212,28114048.4300,3,0.664297,1,1.983001,0
2018-04-25,sz.000731,7.1600,7.1800,7.1100,7.1300,7.2000,2928014,20882693.7700,3,0.495028,1,-0.972218,0
2018-04-26,sz.000731,7.1300,7.1300,7.0000,7.0000,7.1300,3727000,26253635.9900,3,0.630110,1,-1.823284,0
2018-04-27,sz.000731,7.0300,7.0700,6.9900,7.0400,7.0000,2322674,16342382.2100,3,0.392686,1,0.571428,0
2018-05-02,sz.000731,7.0600,7.1600,7.0400,7.0800,7.0400,2160589,15337977.0900,3,0.365283,1,0.568181,0
2018-05-03,sz.000731,7.0900,7.1500,7.0200,7.1400,7.0800,2398900,17019220.0000,3,0.405573,1,0.847457,0
2018-05-04,sz.000731,7.1300,7.1300,7.0600,7.0700,7.1400,2533335,17964197.8500,3,0.428301,1,-0.980388,0
2018-05-07,sz.000731,7.0700,7.1800,7.0700,7.1800,7.0700,3786504,27074617.3000,3,0.640170,1,1.555865,0
2018-05-08,sz.000731,7.1800,7.2000,7.1500,7.1700,7.1800,2878907,20652756.1100,3,0.486726,1,-0.139272,0
2018-05-09,sz.000731,7.1700,7.2400,7.1500,7.2100,7.1700,3608241,26025297.3700,3,0.610032,1,0.557879,0
2018-05-10,sz.000731,7.2600,7.3200,7.2200,7.2500,7.2100,4778393,34716905.2700,3,0.807865,1,0.554785,0
2018-05-11,sz.000731,7.2600,7.2800,7.1600,7.1600,7.2500,2888000,20752809.0000,3,0.488263,1,-1.241381,0
2018-05-14,sz.000731,7.1600,7.2100,7.1200,7.1500,7.1600,2656581,19031266.9100,3,0.449138,1,-0.139661,0
2018-05-15,sz.000731,7.1200,7.1800,7.0800,7.1400,7.1500,3622265,25779056.8200,3,0.612403,1,-0.139863,0
2018-05-16,sz.000731,7.1200,7.1700,7.0700,7.0800,7.1400,2695877,19202300.0800,3,0.455782,1,-0.840335,0
2018-05-17,sz.000731,7.1000,7.2600,7.0800,7.2300,7.0800,5516042,39740781.8400,3,0.932576,1,2.118645,0
2018-05-18,sz.000731,7.2400,7.4100,7.2000,7.3800,7.2300,10403609,76248843.6000,3,1.758898,1,2.074690,0
2018-05-21,sz.000731,7.4400,7.4400,7.3000,7.4000,7.3800,9203791,67822154.5800,3,1.556050,1,0.271002,0
2018-05-22,sz.000731,7.3200,7.4200,7.2800,7.3300,7.3200,8858182,65094481.6800,3,1.497619,1,0.136609,0
2018-05-23,sz.000731,7.3000,7.3100,7.1300,7.1800,7.3300,6496584,46888244.5500,3,1.098353,1,-2.046386,0
2018-05-24,sz.000731,7.1800,7.2100,7.1000,7.1300,7.1800,3636440,26050197.2000,3,0.614799,1,-0.696375,0
2018-05-25,sz.000731,7.1600,7.1600,7.0300,7.0500,7.1300,4403100,31242175.5400,3,0.744415,1,-1.122018,0
2018-05-28,sz.000731,7.0400,7.1100,6.9900,7.0600,7.0500,4545375,32075634.9600,3,0.768469,1,0.141841,0
2018-05-29,sz.000731,7.0300,7.1300,6.9800,7.0300,7.0600,6615512,46530212.8100,3,1.118459,1,-0.424925,0
2018-05-30,sz.000731,7.0000,7.0000,6.3600,6.4200,7.0300,14292699,95743553.2200,3,2.416412,1,-8.677099,0
2018-05-31,sz.000731,6.4200,6.5400,6.4000,6.4900,6.4200,5638618,36398452.6700,3,0.953300,1,1.090338,0
2018-06-01,sz.000731,6.4700,6.4900,6.2100,6.2600,6.4900,7150036,45290428.6600,3,1.208829,1,-3.543907,0
2018-06-04,sz.000731,6.2600,6.5000,6.2600,6.4800,6.2600,6788994,43275490.6400,3,1.147789,1,3.514374,0
2018-06-05,sz.000731,6.4700,6.5000,6.3800,6.5000,6.4800,5009474,32251389.5000,3,0.846933,1,0.308642,0
2018-06-06,sz.000731,6.4600,6.4900,6.3800,6.4100,6.5000,4262179,27382002.8900,3,0.720590,1,-1.384618,0
2018-06-07,sz.000731,6.4100,6.4300,6.1700,6.2000,6.4100,7693861,48443172.7700,3,1.300772,1,-3.276132,0
2018-06-08,sz.000731,6.1900,6.2100,5.8200,5.9300,6.2000,15568999,92454394.8100,3,2.632191,1,-4.354839,0
2018-06-11,sz.000731,5.9300,5.9600,5.8200,5.9000,5.9300,5248600,31025166.0000,3,0.887361,1,-0.505898,0
2018-06-12,sz.000731,5.9700,5.9700,5.8700,5.9400,5.9000,4481149,26558650.3000,3,0.757611,1,0.677965,0
2018-06-13,sz.000731,5.9000,5.9500,5.7100,5.7500,5.9400,6562900,38375878.9400,3,1.109564,1,-3.198654,0
2018-06-14,sz.000731,5.7600,5.8600,5.6200,5.6600,5.7500,7958672,45486753.4000,3,1.345542,1,-1.565220,0
2018-06-15,sz.000731,5.6400,5.6800,5.4000,5.5400,5.6600,11094050,61574328.0000,3,1.875629,1,-2.120139,0
2018-06-19,sz.000731,5.5200,5.5600,4.9900,5.0200,5.5400,10933763,57006510.2200,3,1.848530,1,-9.386282,0
2018-06-20,sz.000731,4.9100,5.0700,4.8400,5.0000,5.0200,12496118,62240363.2800,3,2.112671,1,-0.398406,0
2018-06-21,sz.000731,5.0000,5.0600,4.8000,4.8500,5.0000,8032323,39747652.7500,3,1.357994,1,-3.000002,0
2018-06-22,sz.000731,4.8100,5.0200,4.7500,4.9600,4.8500,6716722,33173319.6600,3,1.135571,1,2.268044,0
2018-06-25,sz.000731,5.0000,5.0900,4.9100,4.9600,4.9600,5390638,26903296.8800,3,0.911375,1,0.000000,0
2018-06-26,sz.000731,4.8500,5.0600,4.8500,5.0400,4.9600,5265789,26325997.3300,3,0.890267,1,1.612902,0
2018-06-27,sz.000731,5.0000,5.4200,5.0000,5.1500,5.0400,11703537,60896812.6500,3,1.978672,1,2.182542,0
2018-06-28,sz.000731,5.1200,5.2200,5.0700,5.1100,5.1500,6080505,31282304.1800,3,1.028008,1,-0.776698,0
2018-06-29,sz.000731,5.1100,5.2800,5.0600,5.2500,5.1100,7960778,41406421.7400,3,1.345898,1,2.739723,0
2018-07-02,sz.000731,5.2200,5.2500,5.0400,5.0800,5.2500,5846954,30046825.5300,3,0.988522,1,-3.238097,0
2018-07-03,sz.000731,5.0800,5.1900,5.0500,5.1800,5.0800,5501054,28199390.2400,3,0.930042,1,1.968502,0
2018-07-04,sz.000731,5.1500,5.1800,5.0600,5.1200,5.1800,4276888,21885704.1500,3,0.723077,1,-1.158300,0
2018-07-05,sz.000731,5.1000,5.1500,4.9900,5.0000,5.1200,3950876,20001268.2600,3,0.667960,1,-2.343748,0
2018-07-06,sz.000731,4.9900,5.1200,4.8500,5.0500,5.0000,4894978,24611443.6900,3,0.827575,1,1.000004,0
2018-07-09,sz.000731,5.0400,5.1700,5.0300,5.1600,5.0500,4831623,24786498.7000,3,0.816864,1,2.178211,0
2018-07-10,sz.000731,5.1800,5.2200,5.1200,5.1900,5.1600,4643702,24023134.8400,3,0.785093,1,0.581399,0
2018-07-11,sz.000731,5.1400,5.1400,4.9800,5.0400,5.1900,5209455,26341644.3700,3,0.880743,1,-2.890175,0
2018-07-12,sz.000731,5.0300,5.2200,5.0000,5.1900,5.0400,8154748,41905974.9500,3,1.378692,1,2.976192,0
2018-07-13,sz.000731,5.1800,5.1900,5.1100,5.1600,5.1900,5135836,26482766.9600,3,0.868296,1,-0.578039,0
2018-07-16,sz.000731,5.1400,5.2100,5.1400,5.1800,5.1600,4472977,23139886.7500,3,0.756229,1,0.387597,0
2018-07-17,sz.000731,5.1800,5.2300,5.1300,5.2100,5.1800,4064382,21044499.3300,3,0.687150,1,0.579155,0
2018-07-18,sz.000731,5.2300,5.3000,5.1800,5.2200,5.2100,8908698,46727031.1900,3,1.506160,1,0.191934,0
2018-07-19,sz.000731,5.2200,5.2400,5.1400,5.1600,5.2200,4213754,21791703.0900,3,0.712403,1,-1.149424,0
2018-07-20,sz.000731,5.1800,5.2700,5.1200,5.2700,5.1600,5093269,26545999.5100,3,0.861100,1,2.131786,0
2018-07-23,sz.000731,5.2900,5.3300,5.2000,5.3200,5.2700,5939537,31329565.7100,3,1.004175,1,0.948770,0
2018-07-24,sz.000731,5.3200,5.4600,5.2800,5.4000,5.3200,9751490,52604668.4800,3,1.648647,1,1.503758,0
2018-07-25,sz.000731,5.4000,5.4600,5.3600,5.4300,5.4000,6904403,37320911.5800,3,1.167301,1,0.555551,0
2018-07-26,sz.000731,5.4000,5.6500,5.3800,5.5200,5.4300,12732668,70142250.9600,3,2.152664,1,1.657461,0
2018-07-27,sz.000731,5.5000,5.8600,5.4800,5.7100,5.5200,20758916,118198301.7700,3,3.509631,1,3.442030,0
2018-07-30,sz.000731,5.6500,6.2800,5.5800,6.2000,5.7100,47625020,289253501.3300,3,8.051780,1,8.581432,0
2018-07-31,sz.000731,5.9800,6.1500,5.8500,6.0500,6.2000,28172822,168933009.3000,3,4.763071,1,-2.419349,0
2018-08-01,sz.000731,6.0600,6.0900,5.7500,5.8000,6.0500,18676109,110528860.1300,3,3.157498,1,-4.132231,0
2018-08-02,sz.000731,5.8100,5.8100,5.4600,5.7300,5.8000,22293415,125133094.0900,3,3.769063,1,-1.206899,0
2018-08-03,sz.000731,5.6700,5.7400,5.5700,5.5700,5.7300,10690814,60498683.1300,3,1.807455,1,-2.792318,0
2018-08-06,sz.000731,5.6200,6.1300,5.5900,5.9500,5.5700,35866152,216110309.1400,3,6.063753,1,6.822255,0
2018-08-07,sz.000731,5.9000,6.2000,5.8200,6.1700,5.9500,34825028,211318313.9600,3,5.887734,1,3.697484,0
2018-08-08,sz.000731,6.0900,6.1800,6.0000,6.0000,6.1700,20612896,125057945.9600,3,3.484944,1,-2.755269,0
2018-08-09,sz.000731,5.9500,6.1000,5.9400,6.0200,6.0000,14675395,88330393.5100,3,2.481113,1,0.333333,0
2018-08-10,sz.000731,6.0000,6.0400,5.8800,5.9100,6.0200,11112984,65820108.6800,3,1.878830,1,-1.827245,0
2018-08-13,sz.000731,5.8300,5.8600,5.7000,5.8400,5.9100,8543621,49472589.9700,3,1.444437,1,-1.184428,0
2018-08-14,sz.000731,5.9300,6.2400,5.9300,6.0400,5.8400,21167936,129347878.3800,3,3.578782,1,3.424654,0
2018-08-15,sz.000731,6.1300,6.2800,6.0300,6.0600,6.0400,17527396,107632432.9000,3,2.963290,1,0.331126,0
2018-08-16,sz.000731,6.0800,6.0800,5.6000,5.8000,6.0600,15361380,89230088.5700,3,2.597090,1,-4.290425,0
2018-08-17,sz.000731,5.8100,5.8800,5.6500,5.7200,5.8000,7866299,45116595.0700,3,1.329925,1,-1.379317,0
2018-08-20,sz.000731,5.7100,5.7600,5.5800,5.7600,5.7200,7227885,41042690.1300,3,1.221991,1,0.699308,0
2018-08-21,sz.000731,5.7700,5.9300,5.7700,5.8200,5.7600,7027325,41171331.7800,3,1.188083,1,1.041666,0
2018-08-22,sz.000731,5.8100,5.8200,5.7000,5.7000,5.8200,4723350,27077056.8100,3,0.798559,1,-2.061862,0
2018-08-23,sz.000731,5.6900,5.7700,5.6400,5.6900,5.7000,5651200,32213719.8600,3,0.955427,1,-0.175434,0
2018-08-24,sz.000731,5.7300,5.7300,5.6000,5.6600,5.6900,4231706,23962212.0200,3,0.715438,1,-0.527244,0
2018-08-27,sz.000731,5.6600,5.8400,5.6400,5.8100,5.6600,6572284,37807129.6800,3,1.111151,1,2.650178,0
2018-08-28,sz.000731,5.8100,5.8300,5.7300,5.7700,5.8100,4522300,26134415.0000,3,0.764568,1,-0.688468,0
2018-08-29,sz.000731,5.7800,5.7800,5.7100,5.7300,5.7700,2841658,16290604.1500,3,0.480428,1,-0.693240,0
2018-08-30,sz.000731,5.7300,5.7700,5.6400,5.6600,5.7300,3528802,20097062.6400,3,0.596601,1,-1.221643,0
2018-08-31,sz.000731,5.6800,5.7000,5.5300,5.5800,5.6600,3931421,21963945.9500,3,0.664670,1,-1.413426,0
2018-09-03,sz.000731,5.5500,5.6200,5.4200,5.5300,5.5800,3690847,20322620.9800,3,0.623997,1,-0.896052,0
2018-09-04,sz.000731,5.5000,5.6100,5.4800,5.5800,5.5300,3647707,20266556.9200,3,0.616704,1,0.904154,0
2018-09-05,sz.000731,5.5800,5.6600,5.5000,5.5200,5.5800,4586507,25608925.0600,3,0.775423,1,-1.075268,0
2018-09-06,sz.000731,5.5200,5.5800,5.4700,5.5000,5.5200,3147351,17398510.2700,3,0.532111,1,-0.362318,0
2018-09-07,sz.000731,5.4900,5.5600,5.4400,5.5200,5.5000,3120511,17197327.6100,3,0.527573,1,0.363636,0
2018-09-10,sz.000731,5.5000,5.5600,5.4700,5.4800,5.5200,3639451,20068695.8700,3,0.615308,1,-0.724637,0
2018-09-11,sz.000731,5.4800,5.5300,5.2700,5.3700,5.4800,4280121,22979416.9000,3,0.723624,1,-2.007302,0
2018-09-12,sz.000731,5.3400,5.3700,5.2700,5.3000,5.3700,3845151,20448941.1300,3,0.650085,1,-1.303532,0
2018-09-13,sz.000731,5.3600,5.4200,5.2500,5.3400,5.3000,8889805,47395983.4100,3,1.502965,1,0.754716,0
2018-09-14,sz.000731,5.3500,5.4000,5.3200,5.3200,5.3400,4337061,23214188.0300,3,0.733250,1,-0.374532,0
2018-09-17,sz.000731,5.2900,5.3100,5.2200,5.2400,5.3200,3639067,19097841.4100,3,0.615243,1,-1.503767,0
2018-09-18,sz.000731,5.2100,5.3300,5.2000,5.2800,5.2400,4156410,21926835.7000,3,0.702708,1,0.763367,0
2018-09-19,sz.000731,5.3100,5.5200,5.2800,5.4200,5.2800,6602441,35793348.8300,3,1.116249,1,2.651512,0
2018-09-20,sz.000731,5.4000,5.4400,5.3700,5.4000,5.4200,3861712,20836399.6800,3,0.652885,1,-0.369003,0
2018-09-21,sz.000731,5.4300,5.5100,5.4000,5.4600,5.4000,4615818,25216939.0600,3,0.780379,1,1.111110,0
2018-09-25,sz.000731,5.4700,5.4700,5.4100,5.4400,5.4600,3576357,19456980.2200,3,0.604641,1,-0.366300,0
2018-09-26,sz.000731,5.4400,5.4700,5.3900,5.4200,5.4400,4261202,23153335.8800,3,0.720425,1,-0.367647,0
2018-09-27,sz.000731,5.4200,5.4600,5.3800,5.4000,5.4200,4119241,22279121.8900,3,0.696424,1,-0.369003,0
2018-09-28,sz.000731,5.4000,5.6500,5.3800,5.5700,5.4000,10334808,57616722.4900,3,1.747267,1,3.148149,0
2018-10-08,sz.000731,5.4900,5.5700,5.4200,5.4200,5.5700,6173486,33895286.5600,3,1.043728,1,-2.693000,0
2018-10-09,sz.000731,5.4700,5.7500,5.4200,5.6600,5.4200,10894081,61105319.8400,3,1.841821,1,4.428040,0
2018-10-10,sz.000731,5.6700,5.9200,5.6300,5.7300,5.6600,12244661,70649347.9200,3,2.070158,1,1.236752,0
2018-10-11,sz.000731,5.5200,5.7500,5.4500,5.5600,5.7300,15237092,84752785.4200,3,2.576077,1,-2.966842,0
2018-10-12,sz.000731,5.5700,5.9400,5.5100,5.8800,5.5600,21177563,121636048.0200,3,3.580410,1,5.755399,0
2018-10-15,sz.000731,5.8500,5.9000,5.6300,5.7400,5.8800,15975131,92268077.2700,3,2.700854,1,-2.380958,0
2018-10-16,sz.000731,5.7500,5.7900,5.5900,5.6300,5.7400,10283900,58401503.0100,3,1.738660,1,-1.916370,0
2018-10-17,sz.000731,5.7200,5.7700,5.0700,5.1400,5.6300,25087546,131957496.4800,3,4.241456,1,-8.703380,0
2018-10-18,sz.000731,4.9100,5.0000,4.6500,4.6900,5.1400,12752116,62098285.5800,3,2.155952,1,-8.754861,0
2018-10-19,sz.000731,4.5600,4.9000,4.5400,4.8500,4.6900,7391263,35504869.6400,3,1.249613,1,3.411510,0
2018-10-22,sz.000731,4.9100,5.1600,4.8700,5.1000,4.8500,10982177,55554859.2700,3,1.856715,1,5.154639,0
2018-10-23,sz.000731,5.1100,5.1800,4.9500,5.0300,5.1000,10893775,54978304.2500,3,1.841769,1,-1.372543,0
2018-10-24,sz.000731,4.9800,5.1000,4.9600,5.0500,5.0300,5580372,28167164.9000,3,0.943452,1,0.397614,0
2018-10-25,sz.000731,4.9400,5.0200,4.8500,4.9900,5.0500,5225488,25850704.2500,3,0.883453,1,-1.188127,0
2018-10-26,sz.000731,5.0200,5.1100,5.0200,5.0800,4.9900,6149855,31235502.6600,3,1.039732,1,1.803610,0
2018-10-29,sz.000731,5.0300,5.1000,5.0100,5.0200,5.0800,4774212,24075972.9200,3,0.807158,1,-1.181101,0
2018-10-30,sz.000731,5.0000,5.1500,4.9700,5.0900,5.0200,5829836,29500968.7100,3,0.985628,1,1.394426,0
2018-10-31,sz.000731,5.1200,5.1900,5.0800,5.1500,5.0900,6418386,33042504.1500,3,1.085132,1,1.178781,0
2018-11-01,sz.000731,5.1300,5.2300,5.1300,5.1700,5.1500,6926868,35880414.0000,3,1.171099,1,0.388349,0
2018-11-02,sz.000731,5.2100,5.2900,5.1800,5.2700,5.1700,6814916,35728059.0000,3,1.152172,1,1.934234,0
2018-11-05,sz.000731,5.2700,5.3700,5.2400,5.3200,5.2700,6928273,36723658.0500,3,1.171337,1,0.948770,0
2018-11-06,sz.000731,5.3200,5.3200,5.2400,5.2800,5.3200,4577300,24111947.3500,3,0.773867,1,-0.751879,0
2018-11-07,sz.000731,5.2800,5.3400,5.2400,5.2500,5.2800,5283800,27924218.0000,3,0.893312,1,-0.568186,0
2018-11-08,sz.000731,5.2800,5.3200,5.2200,5.2700,5.2500,4785029,25225179.4400,3,0.808987,1,0.380952,0
2018-11-09,sz.000731,5.2400,5.2600,5.1800,5.1900,5.2700,3994736,20821663.9500,3,0.675375,1,-1.518025,0
2018-11-12,sz.000731,5.1800,5.3500,5.1800,5.3400,5.1900,7798114,41341056.6400,3,1.318397,1,2.890175,0
2018-11-13,sz.000731,5.3000,5.4700,5.2800,5.4700,5.3400,9046826,48875489.3400,3,1.529512,1,2.434450,0
2018-11-14,sz.000731,5.4700,5.5200,5.4200,5.4400,5.4700,7867175,42991545.5700,3,1.330073,1,-0.548441,0
2018-11-15,sz.000731,5.4500,5.6000,5.4400,5.5800,5.4400,8945533,49439960.5800,3,1.512387,1,2.573527,0
2018-11-16,sz.000731,5.5600,5.6700,5.5100,5.5700,5.5800,6703071,37477564.4700,3,1.133263,1,-0.179207,0
2018-11-19,sz.000731,5.5800,5.6700,5.5700,5.6300,5.5700,7349867,41300425.0100,3,1.242614,1,1.077198,0
2018-11-20,sz.000731,5.6100,5.6200,5.4100,5.4500,5.6300,7798880,42930806.9300,3,1.318527,1,-3.197163,0
2018-11-21,sz.000731,5.4300,5.5000,5.3700,5.4700,5.4500,7346282,39949973.4400,3,1.242008,1,0.366972,0
2018-11-22,sz.000731,5.4900,5.5600,5.4500,5.5000,5.4700,6313810,34704438.2300,3,1.067452,1,0.548450,0
2018-11-23,sz.000731,5.5200,5.5300,5.2100,5.2400,5.5000,8537811,45432293.1900,3,1.443455,1,-4.727277,0
2018-11-26,sz.000731,5.2900,5.3200,5.2300,5.2700,5.2400,3145100,16609916.0000,3,0.531730,1,0.572523,0
2018-11-27,sz.000731,5.2800,5.3600,5.2600,5.3200,5.2700,3175210,16859211.1000,3,0.536821,1,0.948770,0
2018-11-28,sz.000731,5.3300,5.3500,5.2100,5.3400,5.3200,4388697,23245316.6200,3,0.741980,1,0.375939,0
2018-11-29,sz.000731,5.3700,5.3800,5.1600,5.1700,5.3400,4924530,26011464.1000,3,0.832571,1,-3.183522,0
2018-11-30,sz.000731,5.1100,5.2100,5.1000,5.2000,5.1700,4754179,24548149.2800,3,0.803771,1,0.580266,0
2018-12-03,sz.000731,5.3000,5.4000,5.2700,5.3600,5.2000,6400922,34168829.4000,3,1.082179,1,3.076929,0
2018-12-04,sz.000731,5.3500,5.4900,5.3300,5.4500,5.3600,6386799,34717235.9600,3,1.079792,1,1.679098,0
2018-12-05,sz.000731,5.3600,5.5100,5.3500,5.4800,5.4500,6233726,33923296.9800,3,1.053912,1,0.550463,0
2018-12-06,sz.000731,5.4500,5.4800,5.3400,5.3700,5.4800,5032604,27179202.5000,3,0.850843,1,-2.007302,0
2018-12-07,sz.000731,5.3900,5.4200,5.3300,5.3600,5.3700,2416977,12958622.6400,3,0.408629,1,-0.186215,0
2018-12-10,sz.000731,5.3100,5.4800,5.2900,5.4600,5.3600,7471225,40338725.4600,3,1.263131,1,1.865670,0
2018-12-11,sz.000731,5.4100,5.4200,5.2700,5.3500,5.4600,7648159,40777310.8000,3,1.293045,1,-2.014654,0
2018-12-12,sz.000731,5.3500,5.3800,5.2400,5.2500,5.3500,5274974,27940816.4800,3,0.891820,1,-1.869157,0
2018-12-13,sz.000731,5.2600,5.3700,5.2400,5.3000,5.2500,4590985,24374094.3400,3,0.776180,1,0.952385,0
2018-12-14,sz.000731,5.2600,5.3400,5.2200,5.2300,5.3000,4875371,25703983.1200,3,0.824260,1,-1.320758,0
2018-12-17,sz.000731,5.1700,5.2600,5.1500,5.2100,5.2300,2886739,15039236.2900,3,0.488050,1,-0.382409,0
2018-12-18,sz.000731,5.2100,5.2700,5.1600,5.2400,5.2100,3418637,17805544.2000,3,0.577976,1,0.575811,0
2018-12-19,sz.000731,5.2300,5.2600,5.0700,5.1100,5.2400,5047200,25975696.2400,3,0.853311,1,-2.480909,0
2018-12-20,sz.000731,5.1500,5.1900,5.0800,5.1200,5.1100,3061024,15713614.6700,3,0.517516,1,0.195690,0
2018-12-21,sz.000731,5.1200,5.1900,5.1000,5.1900,5.1200,3316025,17077700.0000,3,0.560628,1,1.367191,0
2018-12-24,sz.000731,5.1900,5.1900,5.1200,5.1800,5.1900,3179408,16396820.0200,3,0.537530,1,-0.192683,0
2018-12-25,sz.000731,5.1300,5.1700,4.9700,5.0700,5.1800,4162826,20976691.8400,3,0.703793,1,-2.123545,0
2018-12-26,sz.000731,5.0700,5.1100,4.9900,5.0100,5.0700,2372519,11945810.7100,3,0.401113,1,-1.183431,0
2018-12-27,sz.000731,5.0800,5.1100,5.0000,5.0000,5.0100,3655657,18498704.3200,3,0.618048,1,-0.199605,0
2018-12-28,sz.000731,5.0100,5.0500,4.9600,5.0200,5.0000,2813900,14093152.3600,3,0.475735,1,0.400000,0
2019-01-02,sz.000731,5.0200,5.0500,4.9800,5.0100,5.0200,1954700,9783718.0000,3,0.330474,1,-0.199198,0
2019-01-03,sz.000731,5.0300,5.0600,5.0000,5.0100,5.0100,1923500,9683314.0000,3,0.325199,1,0.000000,0
2019-01-04,sz.000731,4.9900,5.1200,4.9600,5.1000,5.0100,3214772,16282407.0900,3,0.543509,1,1.796401,0
2019-01-07,sz.000731,5.1400,5.2000,5.1300,5.1700,5.1000,3221600,16653382.2000,3,0.544664,1,1.372552,0
2019-01-08,sz.000731,5.1800,5.2300,5.1400,5.1900,5.1700,2923803,15166541.5700,3,0.494316,1,0.386847,0
2019-01-09,sz.000731,5.1900,5.2900,5.1900,5.2000,5.1900,4113675,21589001.0000,3,0.695483,1,0.192673,0
2019-01-10,sz.000731,5.2300,5.2600,5.1700,5.1800,5.2000,2490958,13014520.3300,3,0.421137,1,-0.384615,0
2019-01-11,sz.000731,5.1900,5.2800,5.1900,5.2700,5.1800,3656952,19182411.0800,3,0.618267,1,1.737455,0
2019-01-14,sz.000731,5.2900,5.3100,5.2400,5.2800,5.2700,2363631,12439908.6400,3,0.399610,1,0.189758,0
2019-01-15,sz.000731,5.2900,5.3100,5.2200,5.3000,5.2800,3830615,20233140.5000,3,0.647627,1,0.378787,0
2019-01-16,sz.000731,5.3100,5.3100,5.2300,5.2600,5.3000,3202319,16846898.7000,3,0.541404,1,-0.754716,0
2019-01-17,sz.000731,5.2600,5.2800,5.1800,5.1800,5.2600,2853928,14916152.7200,3,0.482503,1,-1.520920,0
2019-01-18,sz.000731,5.2400,5.4100,5.1800,5.2900,5.1800,8881426,47294587.2500,3,1.501549,1,2.123555,0
2019-01-21,sz.000731,5.2300,5.8200,5.2300,5.5800,5.2900,16559048,91347334.0500,3,2.799575,1,5.482041,0
2019-01-22,sz.000731,5.5100,5.6500,5.4300,5.4500,5.5800,12617927,69498953.3100,3,2.133265,1,-2.329751,0
2019-01-23,sz.000731,5.4400,5.6000,5.4100,5.5700,5.4500,11230312,62281014.0400,3,1.898666,1,2.201842,0
2019-01-24,sz.000731,5.5500,5.5800,5.4400,5.5400,5.5700,9437556,51970969.3200,3,1.595572,1,-0.538603,0
2019-01-25,sz.000731,5.4900,5.5300,5.3600,5.4000,5.5400,8085615,44021371.0800,3,1.367004,1,-2.527073,0
2019-01-28,sz.000731,5.4400,5.4600,5.3800,5.4200,5.4000,4605661,24995965.2700,3,0.778662,1,0.370370,0
2019-01-29,sz.000731,5.4100,5.4600,5.2400,5.3700,5.4200,5988813,31957944.0300,3,1.012506,1,-0.922513,0
2019-01-30,sz.000731,5.3600,5.3600,5.2300,5.2900,5.3700,4911216,25944678.8400,3,0.830321,1,-1.489757,0
2019-01-31,sz.000731,5.3600,5.3700,5.2600,5.2900,5.2900,5271313,28019879.6400,3,0.891201,1,0.000000,0
2019-02-01,sz.000731,5.2900,5.4700,5.2900,5.4300,5.2900,7073900,38109548.0000,3,1.195957,1,2.646500,0
2019-02-11,sz.000731,5.4400,5.5900,5.4300,5.5600,5.4300,7378790,40722440.7300,3,1.247504,1,2.394109,0
2019-02-12,sz.000731,5.5500,5.6300,5.5200,5.5800,5.5600,7835990,43666589.1000,3,1.324801,1,0.359712,0
2019-02-13,sz.000731,5.5800,5.7100,5.5300,5.6600,5.5800,10370052,58254098.1200,3,1.753225,1,1.433690,0
2019-02-14,sz.000731,5.6300,5.7100,5.5900,5.6500,5.6600,7833465,44262164.2500,3,1.324374,1,-0.176674,0
2019-02-15,sz.000731,5.6500,5.6800,5.5400,5.5700,5.6500,8794853,49305259.8300,3,1.486912,1,-1.415928,0
2019-02-18,sz.000731,5.6300,5.7800,5.6000,5.7500,5.5700,9793827,55851738.9400,3,1.655805,1,3.231595,0
2019-02-19,sz.000731,5.7800,5.7900,5.6400,5.7200,5.7500,9843032,56301447.9400,3,1.664124,1,-0.521743,0
2019-02-20,sz.000731,5.7700,5.7800,5.6700,5.7400,5.7200,8553527,49068267.2500,3,1.446112,1,0.349650,0
2019-02-21,sz.000731,5.7500,5.7700,5.6300,5.6700,5.7400,10870013,62246211.3200,3,1.837752,1,-1.219507,0
2019-02-22,sz.000731,5.6800,5.7800,5.6300,5.7700,5.6700,10429127,59822703.4500,3,1.763213,1,1.763667,0
2019-02-25,sz.000731,5.8000,6.0600,5.7900,6.0400,5.7700,22433175,132747929.8000,3,3.792691,1,4.679376,0
2019-02-26,sz.000731,6.0100,6.2200,5.9000,6.0700,6.0400,19065960,115233409.5100,3,3.223409,1,0.496692,0
2019-02-27,sz.000731,6.0700,6.2000,6.0000,6.0400,6.0700,15224510,92767000.0100,3,2.573950,1,-0.494237,0
2019-02-28,sz.000731,6.0600,6.1700,6.0400,6.0700,6.0400,10914296,66512814.5000,3,1.845238,1,0.496692,0
2019-03-01,sz.000731,6.1200,6.1400,6.0200,6.1100,6.0700,8485220,51680108.3800,3,1.434564,1,0.658978,0
2019-03-04,sz.000731,6.1300,6.2400,6.1100,6.1800,6.1100,17450101,107652097.1800,3,2.950222,1,1.145658,0
2019-03-05,sz.000731,6.1500,6.2300,6.1300,6.2300,6.1800,13544458,83785366.1200,3,2.289910,1,0.809065,0
2019-03-06,sz.000731,6.2400,6.4900,6.2200,6.4000,6.2300,20473062,130109782.6300,3,3.461302,1,2.728733,0
2019-03-07,sz.000731,6.3800,6.8800,6.3800,6.8000,6.4000,28997474,193895282.5300,3,4.902492,1,6.250001,0
2019-03-08,sz.000731,6.6000,7.1800,6.6000,6.6900,6.8000,29521250,203415985.5800,3,4.991045,1,-1.617649,0
2019-03-11,sz.000731,6.8900,7.0500,6.7200,7.0200,6.6900,16849712,116395776.0900,3,2.848716,1,4.932734,0
2019-03-12,sz.000731,7.0800,7.1900,6.9000,6.9600,7.0200,22261602,156424499.5800,3,3.763684,1,-0.854700,0
2019-03-13,sz.000731,6.8900,7.0300,6.7900,6.7900,6.9600,15984860,110434060.4500,3,2.702499,1,-2.442530,0
2019-03-14,sz.000731,6.6900,6.9100,6.5800,6.7900,6.7900,13531008,91321271.7400,3,2.287636,1,0.000000,0
2019-03-15,sz.000731,6.8000,7.0200,6.8000,6.9500,6.7900,13359095,92467834.4400,3,2.258571,1,2.356404,0
2019-03-18,sz.000731,6.9900,6.9900,6.8500,6.9700,6.9500,10839489,75108454.6000,3,1.832591,1,0.287770,0
2019-03-19,sz.000731,6.9600,7.0500,6.9000,7.0500,6.9700,11637551,81359261.1400,3,1.967516,1,1.147782,0
2019-03-20,sz.000731,7.0800,7.2700,6.9900,7.1700,7.0500,15253472,108561240.8400,3,2.578846,1,1.702126,0
2019-03-21,sz.000731,7.1100,7.1800,7.0300,7.1100,7.1700,9768428,69503083.3500,3,1.651511,1,-0.836819,0
2019-03-22,sz.000731,7.1000,7.1000,6.9200,6.9800,7.1100,9531300,66625902.9900,3,1.611420,1,-1.828412,0
2019-03-25,sz.000731,6.8500,7.0200,6.7900,6.9600,6.9800,9089602,63284520.7600,3,1.536744,1,-0.286533,0
2019-03-26,sz.000731,7.0200,7.0400,6.6400,6.7000,6.9600,11011066,74982894.5100,3,1.861599,1,-3.735636,0
2019-03-27,sz.000731,6.8100,6.9900,6.7200,6.9100,6.7000,12304880,84306582.1900,3,2.080339,1,3.134329,0
2019-03-28,sz.000731,6.9100,6.9400,6.8200,6.8300,6.9100,8993992,61851609.1200,3,1.520580,1,-1.157741,0
2019-03-29,sz.000731,6.8000,7.0000,6.7300,6.9700,6.8300,10528423,72547264.5100,3,1.780000,1,2.049778,0
2019-04-01,sz.000731,7.0100,7.1900,6.9600,7.1600,6.9700,13227300,94485175.2600,3,2.236289,1,2.725969,0
2019-04-02,sz.000731,7.1600,7.2700,7.1100,7.1700,7.1600,13011601,93541724.0100,3,2.199822,1,0.139668,0
2019-04-03,sz.000731,7.1900,7.2100,7.0900,7.2000,7.1700,9473542,67891066.9000,3,1.601656,1,0.418406,0
2019-04-04,sz.000731,7.2000,7.4800,7.2000,7.2900,7.2000,18241747,133700565.2000,3,3.084062,1,1.250002,0
2019-04-08,sz.000731,7.5200,7.8200,7.4200,7.6000,7.2900,30541643,233170699.8400,3,5.163559,1,4.252400,0
2019-04-09,sz.000731,7.5600,7.5600,7.2400,7.3400,7.6000,17288791,126826853.7700,3,2.922950,1,-3.421050,0
2019-04-10,sz.000731,7.2800,7.4500,7.2200,7.3500,7.3400,9650939,70600547.3100,3,1.631647,1,0.136236,0
2019-04-11,sz.000731,7.3500,7.3500,7.1100,7.1500,7.3500,11551800,83451637.0000,3,1.953019,1,-2.721086,0
2019-04-12,sz.000731,7.1500,7.2800,7.1500,7.2300,7.1500,6323869,45651297.7300,3,1.069152,1,1.118880,0
2019-04-15,sz.000731,7.2800,7.3800,7.2100,7.2300,7.2300,8302315,60297704.1100,3,1.403641,1,0.000000,0
2019-04-16,sz.000731,7.2600,7.3200,7.0200,7.1800,7.2300,11332462,80751788.2400,3,1.915936,1,-0.691566,0
2019-04-17,sz.000731,7.1900,7.2500,7.1700,7.2000,7.1800,8448006,60973692.8600,3,1.428272,1,0.278551,0
2019-04-18,sz.000731,7.2000,7.2600,7.1100,7.1300,7.2000,7212002,51710847.2900,3,1.219306,1,-0.972218,0
2019-04-19,sz.000731,7.1500,7.1800,7.0500,7.1600,7.1300,6325266,45081294.5400,3,1.069389,1,0.420754,0
2019-04-22,sz.000731,7.1400,7.2100,7.0000,7.0100,7.1600,7895226,56205633.0000,3,1.334816,1,-2.094967,0
2019-04-23,sz.000731,7.0100,7.0500,6.7500,6.8400,7.0100,8422909,57922414.3400,3,1.424029,1,-2.425108,0
2019-04-24,sz.000731,6.8400,6.8700,6.6800,6.8600,6.8400,7515245,50938228.0100,3,1.270574,1,0.292397,0
2019-04-25,sz.000731,6.8300,6.9500,6.5800,6.6300,6.8600,7259200,49298981.2200,3,1.227285,1,-3.352770,0
2019-04-26,sz.000731,6.6200,6.7500,6.5900,6.6700,6.6300,4061353,26988084.5100,3,0.686637,1,0.603318,0
2019-04-29,sz.000731,6.5400,6.5400,6.0000,6.0000,6.6700,15526039,95140252.0300,3,2.624928,1,-10.044980,0
2019-04-30,sz.000731,6.0200,6.0500,5.9200,5.9900,6.0000,5607501,33674397.0100,3,0.948039,1,-0.166670,0
2019-05-06,sz.000731,5.9000,5.9000,5.4900,5.5800,5.9900,9543700,53995800.8400,3,1.613517,1,-6.844739,0
2019-05-07,sz.000731,5.5500,5.6900,5.5100,5.6500,5.5800,6486852,36396027.2000,3,1.096707,1,1.254483,0
2019-05-08,sz.000731,5.5300,5.7100,5.5100,5.6500,5.6500,5806900,32818466.0000,3,0.981750,1,0.000000,0
2019-05-09,sz.000731,5.6100,5.8500,5.6100,5.7200,5.6500,9287245,53272377.3700,3,1.570159,1,1.238933,0
2019-05-10,sz.000731,5.7000,5.8600,5.6900,5.8500,5.7200,7820799,45376163.6900,3,1.322233,1,2.272729,0
2019-05-13,sz.000731,5.8100,5.8900,5.7500,5.8700,5.8500,4698100,27344009.9900,3,0.794290,1,0.341880,0
2019-05-14,sz.000731,5.8000,5.8600,5.7800,5.8100,5.8700,3620700,21080720.0000,3,0.612138,1,-1.022146,0
2019-05-15,sz.000731,5.8300,6.1000,5.8300,6.1000,5.8100,7009200,41683005.0000,3,1.185019,1,4.991394,0
2019-05-16,sz.000731,6.0000,6.0700,5.9600,6.0400,6.1000,6176060,37119146.9300,3,1.044163,1,-0.983606,0
2019-05-17,sz.000731,6.0400,6.0400,5.8200,5.8400,6.0400,6609334,39201257.2700,3,1.117415,1,-3.311255,0
2019-05-20,sz.000731,5.8500,5.9500,5.6600,5.8100,5.8400,3306655,19054629.5700,3,0.559044,1,-0.513702,0
2019-05-21,sz.000731,5.8300,5.9600,5.8200,5.9200,5.8100,4160075,24524310.1100,3,0.703328,1,1.893290,0
2019-05-22,sz.000731,5.9400,5.9700,5.8200,5.8800,5.9200,3041999,17941870.9100,3,0.514299,1,-0.675675,0
2019-05-23,sz.000731,5.8300,5.8500,5.6800,5.7200,5.8800,3503900,20100793.0000,3,0.592391,1,-2.721094,0
2019-05-24,sz.000731,5.6400,5.7800,5.6400,5.7100,5.7200,2423417,13848652.8200,3,0.409718,1,-0.174821,0
2019-05-27,sz.000731,5.7600,5.8500,5.6800,5.8300,5.7100,3000587,17332615.3900,3,0.507298,1,2.101574,0
2019-05-28,sz.000731,5.8200,5.9100,5.7900,5.8600,5.8300,3374300,19820218.0000,3,0.570480,1,0.514583,0
2019-05-29,sz.000731,5.8600,5.8900,5.8100,5.8500,5.8600,2426100,14206582.0000,3,0.410171,1,-0.170652,0
2019-05-30,sz.000731,5.8200,6.0600,5.7900,6.0100,5.8500,6126039,36395914.5900,3,1.035706,1,2.735048,0
2019-05-31,sz.000731,6.0000,6.0500,5.8800,5.8900,6.0100,4200678,24976082.6400,3,0.710193,1,-1.996678,0
2019-06-03,sz.000731,5.9000,5.9700,5.8300,5.8900,5.8900,2916960,17196200.0000,3,0.493159,1,0.000000,0
2019-06-04,sz.000731,5.8800,5.9400,5.7800,5.8600,5.8900,2414910,14109792.4000,3,0.408280,1,-0.509333,0
2019-06-05,sz.000731,5.9200,5.9200,5.8400,5.8600,5.8600,1947101,11435934.6000,3,0.329189,1,0.000000,0
2019-06-06,sz.000731,5.8600,5.8600,5.7600,5.7900,5.8600,1939060,11231193.8300,3,0.327829,1,-1.194542,0
2019-06-10,sz.000731,5.7900,5.8700,5.7600,5.8500,5.7900,1950101,11362856.8300,3,0.329696,1,1.036268,0
2019-06-11,sz.000731,5.8300,5.9800,5.8300,5.9600,5.8500,5377470,31882985.6000,3,0.909148,1,1.880344,0
2019-06-12,sz.000731,5.9900,6.0000,5.9100,5.9300,5.9600,3211776,19090069.5600,3,0.543003,1,-0.503359,0
2019-06-13,sz.000731,5.8800,5.9800,5.8400,5.9700,5.9300,3143421,18600150.2000,3,0.531446,1,0.674536,0
2019-06-14,sz.000731,5.9800,5.9800,5.8200,5.8300,5.9700,3545783,20886722.0800,3,0.599472,1,-2.345057,0
2019-06-17,sz.000731,5.8300,5.9400,5.8200,5.9000,5.8300,2626200,15434062.3600,3,0.444002,1,1.200689,0
2019-06-18,sz.000731,5.9000,5.9600,5.8500,5.9500,5.9000,3595600,21325458.0000,3,0.607894,1,0.847453,0
2019-06-19,sz.000731,5.9400,5.9600,5.8000,5.8100,5.8000,5864265,34377104.8200,3,0.991449,1,0.172409,0
2019-06-20,sz.000731,5.8100,5.9200,5.7800,5.8900,5.8100,5104708,29861621.6900,3,0.863033,1,1.376935,0
2019-06-21,sz.000731,5.8900,6.0200,5.8900,6.0100,5.8900,5725793,34079369.3000,3,0.968038,1,2.037358,0
2019-06-24,sz.000731,6.0100,6.0200,5.9400,5.9900,6.0100,3770954,22506883.9000,3,0.637541,1,-0.332786,0
2019-06-25,sz.000731,5.9700,5.9900,5.8300,5.9100,5.9900,4904117,28820083.6400,3,0.829120,1,-1.335558,0
2019-06-26,sz.000731,5.9000,5.9200,5.8200,5.8900,5.9100,1921258,11317159.9500,3,0.324820,1,-0.338409,0
2019-06-27,sz.000731,5.8900,5.9400,5.8600,5.9100,5.8900,2035520,12025703.0000,3,0.344138,1,0.339558,0
2019-06-28,sz.000731,5.9300,5.9300,5.7800,5.8100,5.9100,2625803,15308274.4300,3,0.443934,1,-1.692046,0
2019-07-01,sz.000731,5.8700,5.9500,5.8700,5.9200,5.8100,3409619,20149256.5600,3,0.576451,1,1.893290,0
2019-07-02,sz.000731,5.9100,5.9700,5.8900,5.9500,5.9200,3473914,20658253.2800,3,0.587321,1,0.506752,0
2019-07-03,sz.000731,5.9400,5.9600,5.8400,5.8700,5.9500,3244914,19066863.0300,3,0.548605,1,-1.344537,0
2019-07-04,sz.000731,5.8800,5.8900,5.7500,5.7700,5.8700,4292181,24928597.7000,3,0.725663,1,-1.703576,0
2019-07-05,sz.000731,5.7900,5.8500,5.7500,5.8300,5.7700,2449270,14234542.5000,3,0.414089,1,1.039860,0
2019-07-08,sz.000731,5.8400,5.8400,5.6800,5.6800,5.8300,3108148,17790159.0900,3,0.525483,1,-2.572901,0
2019-07-09,sz.000731,5.6600,5.6900,5.5900,5.6200,5.6800,1877623,10574867.2600,3,0.317443,1,-1.056337,0
2019-07-10,sz.000731,5.6500,5.6700,5.6000,5.6100,5.6200,1621033,9120786.4000,3,0.274062,1,-0.177931,0
2019-07-11,sz.000731,5.6500,5.7100,5.5900,5.6100,5.6100,1907701,10775269.6100,3,0.322528,1,0.000000,0
2019-07-12,sz.000731,5.6000,6.1700,5.6000,6.1700,5.6100,22454971,138336606.0700,3,3.796376,1,9.982173,0
2019-07-15,sz.000731,6.0000,6.3000,5.8600,6.2300,6.1700,30793441,185735382.4000,3,5.206129,1,0.972446,0
2019-07-16,sz.000731,6.0500,6.4500,6.0300,6.3200,6.2300,28161255,175425571.5900,3,4.761116,1,1.444625,0
2019-07-17,sz.000731,6.3200,6.3700,6.1500,6.1900,6.3200,16314652,101573507.3900,3,2.758256,1,-2.056964,0
2019-07-18,sz.000731,6.1400,6.3400,6.0000,6.2500,6.1900,18648546,115353915.0700,3,3.152838,1,0.969304,0
2019-07-19,sz.000731,6.1800,6.3500,6.1200,6.1400,6.2500,13733791,85363266.1900,3,2.321920,1,-1.760002,0
2019-07-22,sz.000731,6.1800,6.1800,5.8100,5.8200,6.1400,14237683,85014997.8900,3,2.407111,1,-5.211721,0
2019-07-23,sz.000731,5.8500,6.0900,5.7600,6.0100,5.8200,13185462,78239047.7000,3,2.229216,1,3.264606,0
2019-07-24,sz.000731,5.9500,6.0900,5.9300,5.9800,6.0100,11155014,66914632.0100,3,1.885936,1,-0.499171,0
2019-07-25,sz.000731,5.9900,6.0300,5.8700,5.9400,5.9800,7219727,42817415.3600,3,1.220612,1,-0.668896,0
2019-07-26,sz.000731,5.9100,5.9500,5.8500,5.9400,5.9400,6082300,35898287.5000,3,1.028300,1,0.000000,0
2019-07-29,sz.000731,5.9300,5.9300,5.8400,5.8500,5.9400,5655500,33210939.0000,3,0.956154,1,-1.515154,0
2019-07-30,sz.000731,5.8600,5.9000,5.7700,5.8700,5.8500,6134756,35880172.0400,3,1.037200,1,0.341900,0
2019-07-31,sz.000731,5.8600,5.8600,5.7300,5.7900,5.8700,5225010,30254312.0400,3,0.883400,1,-1.362900,0
2019-08-01,sz.000731,5.7500,5.8500,5.7100,5.7900,5.7900,3879500,22453894.0000,3,0.655900,1,0.000000,0
2019-08-02,sz.000731,5.6400,5.7300,5.5800,5.6500,5.7900,7376778,41668141.0400,3,1.247200,1,-2.418000,0
2019-08-05,sz.000731,5.6200,5.7300,5.5900,5.6300,5.6500,4041518,22858754.9800,3,0.683300,1,-0.354000,0
2019-08-06,sz.000731,5.5000,5.5700,5.2400,5.3400,5.6300,7391658,39879031.3800,3,1.249700,1,-5.151000,0
2019-08-07,sz.000731,5.3700,5.4100,5.2800,5.2800,5.3400,3732797,19901753.3400,3,0.631100,1,-1.123600,0
2019-08-08,sz.000731,5.3300,5.4200,5.3000,5.3900,5.2800,3943500,21088360.0000,3,0.666700,1,2.083300,0
2019-08-09,sz.000731,5.4000,5.4200,5.2700,5.2800,5.3900,3715500,19843192.0000,3,0.628200,1,-2.040800,0
2019-08-12,sz.000731,5.2700,5.3300,5.2600,5.3300,5.2800,2196056,11622613.5600,3,0.371300,1,0.947000,0
2019-08-13,sz.000731,5.2800,5.3100,5.2500,5.3000,5.3300,2030753,10711596.3100,3,0.343300,1,-0.562800,0
2019-08-14,sz.000731,5.3500,5.3800,5.3200,5.3500,5.3000,3255690,17420984.7600,3,0.550400,1,0.943400,0
2019-08-15,sz.000731,5.2100,5.3400,5.1600,5.3300,5.3500,2926161,15368289.9400,3,0.494700,1,-0.373800,0
2019-08-16,sz.000731,5.3300,5.4100,5.3000,5.4000,5.3300,3414603,18295080.2500,3,0.577300,1,1.313300,0
2019-08-19,sz.000731,5.3900,5.5100,5.3900,5.4800,5.4000,4601042,25125297.1500,3,0.777900,1,1.481500,0
2019-08-20,sz.000731,5.4800,5.5300,5.4400,5.4700,5.4800,3644786,19984136.9700,3,0.616200,1,-0.182500,0
2019-08-21,sz.000731,5.4800,5.5600,5.4600,5.4700,5.4700,3403287,18768098.1100,3,0.575400,1,0.000000,0
2019-08-22,sz.000731,5.4800,5.5100,5.4000,5.4700,5.4700,2844800,15513303.0000,3,0.481000,1,0.000000,0
2019-08-23,sz.000731,5.4800,5.5100,5.4100,5.4300,5.4700,2837087,15469524.5400,3,0.479700,1,-0.731300,0
2019-08-26,sz.000731,5.3200,5.3600,5.2600,5.3200,5.4300,3157658,16814523.2100,3,0.533900,1,-2.025800,0
2019-08-27,sz.000731,5.3500,5.4500,5.3300,5.4500,5.3200,3769364,20396020.2200,3,0.637300,1,2.443600,0
2019-08-28,sz.000731,5.4500,5.4500,5.3900,5.3900,5.4500,2087500,11301689.0000,3,0.352900,1,-1.100900,0
2019-08-29,sz.000731,5.4000,5.4300,5.3400,5.3600,5.3900,2753410,14814411.4000,3,0.465500,1,-0.556600,0
2019-08-30,sz.000731,5.3900,5.4200,5.2500,5.2700,5.3600,4526854,24120730.4400,3,0.765300,1,-1.679100,0
2019-09-02,sz.000731,5.3100,5.3600,5.2300,5.3600,5.2700,3710906,19752926.9800,3,0.627400,1,1.707800,0
2019-09-03,sz.000731,5.3500,5.3600,5.3000,5.3400,5.3600,3372300,17958645.0000,3,0.570100,1,-0.373100,0
2019-09-04,sz.000731,5.3400,5.3700,5.3000,5.3700,5.3400,3695650,19733199.0000,3,0.624800,1,0.561800,0
2019-09-05,sz.000731,5.3700,5.5100,5.3700,5.4300,5.3700,7924904,43192689.3600,3,1.339800,1,1.117300,0
2019-09-06,sz.000731,5.4100,5.5100,5.4100,5.4900,5.4300,4717592,25782466.7300,3,0.797600,1,1.105000,0
2019-09-09,sz.000731,5.5200,5.5600,5.4900,5.5400,5.4900,5533135,30583427.7000,3,0.935500,1,0.910800,0
2019-09-10,sz.000731,5.5600,5.5600,5.5000,5.5600,5.5400,3929298,21749513.2300,3,0.664300,1,0.361000,0
2019-09-11,sz.000731,5.5600,5.5900,5.4900,5.5000,5.5600,4094080,22657661.2000,3,0.692200,1,-1.079100,0
2019-09-12,sz.000731,5.5000,5.5400,5.4900,5.5300,5.5000,3379801,18652662.5400,3,0.571400,1,0.545500,0
2019-09-16,sz.000731,5.6400,5.8900,5.5800,5.6200,5.5300,10917660,62250506.4200,3,1.845800,1,1.627500,0
2019-09-17,sz.000731,5.5900,5.6300,5.4300,5.4500,5.6200,6377510,35173936.4400,3,1.078200,1,-3.024900,0
2019-09-18,sz.000731,5.4400,5.5200,5.4300,5.4600,5.4500,3536199,19345710.5600,3,0.597900,1,0.183500,0
2019-09-19,sz.000731,5.4600,5.5400,5.4400,5.5000,5.4600,2652774,14527179.1800,3,0.448500,1,0.732600,0
2019-09-20,sz.000731,5.4900,5.5200,5.4500,5.4600,5.5000,2520500,13815082.0000,3,0.426100,1,-0.727300,0
2019-09-23,sz.000731,5.4500,5.4500,5.3200,5.3500,5.4600,3184182,17062057.2600,3,0.538300,1,-2.014700,0
2019-09-24,sz.000731,5.3200,5.3900,5.3200,5.3500,5.3500,1965257,10550080.8100,3,0.332300,1,0.000000,0
2019-09-25,sz.000731,5.3300,5.3700,5.2800,5.2900,5.3500,2430741,12898218.9000,3,0.411000,1,-1.121500,0
2019-09-26,sz.000731,5.3300,5.3300,5.2100,5.2100,5.2900,2784460,14612355.9000,3,0.470800,1,-1.512300,0
2019-09-27,sz.000731,5.2300,5.2900,5.2100,5.2600,5.2100,1675416,8810926.2400,3,0.283300,1,0.959700,0
2019-09-30,sz.000731,5.2700,5.2900,5.2200,5.2200,5.2600,1557000,8177071.0000,3,0.263200,1,-0.760500,0
2019-10-08,sz.000731,5.2000,5.2800,5.2000,5.2200,5.2200,1778720,9326801.8000,3,0.300700,1,0.000000,0
2019-10-09,sz.000731,5.2000,5.2900,5.2000,5.2900,5.2200,2639200,13882958.0000,3,0.446200,1,1.341000,0
2019-10-10,sz.000731,5.2900,5.3200,5.2600,5.3100,5.2900,2016700,10680250.0000,3,0.341000,1,0.378100,0
2019-10-11,sz.000731,5.2700,5.3600,5.2700,5.3500,5.3100,2384521,12708869.1200,3,0.403100,1,0.753300,0
2019-10-14,sz.000731,5.3600,5.4100,5.3600,5.3900,5.3500,3762001,20274864.7800,3,0.636000,1,0.747700,0
2019-10-15,sz.000731,5.3900,5.4200,5.3500,5.4000,5.3900,2928177,15768027.1300,3,0.495100,1,0.185500,0
2019-10-16,sz.000731,5.3900,5.4300,5.3300,5.3600,5.4000,2734757,14714328.9500,3,0.462400,1,-0.740700,0
2019-10-17,sz.000731,5.3600,5.3900,5.3000,5.3200,5.3600,1365900,7297195.0000,3,0.230900,1,-0.746300,0
2019-10-18,sz.000731,5.3400,5.3700,5.2500,5.2600,5.3200,2233200,11850168.0000,3,0.377600,1,-1.127800,0
2019-10-21,sz.000731,5.2600,5.3100,5.2400,5.2800,5.2600,1534601,8067867.2200,3,0.259400,1,0.380200,0
2019-10-22,sz.000731,5.3000,5.3000,5.2600,5.2900,5.2800,1293101,6820810.2900,3,0.218600,1,0.189400,0
2019-10-23,sz.000731,5.2900,5.2900,5.2200,5.2400,5.2900,1873100,9833172.0000,3,0.316700,1,-0.945200,0
2019-10-24,sz.000731,5.2500,5.2600,5.1900,5.2100,5.2400,1690700,8818870.0000,3,0.285800,1,-0.572500,0
2019-10-25,sz.000731,5.2400,5.2700,5.2000,5.2600,5.2100,1694845,8878620.2500,3,0.286500,1,0.959700,0
2019-10-28,sz.000731,5.2600,5.3100,5.2300,5.3000,5.2600,3070901,16213784.2900,3,0.519200,1,0.760500,0
2019-10-29,sz.000731,5.2900,5.3000,5.2200,5.2400,5.3000,2174450,11419248.5000,3,0.367600,1,-1.132100,0
2019-10-30,sz.000731,5.2500,5.2500,5.1500,5.1500,5.2400,2450700,12682818.0000,3,0.414300,1,-1.717600,0
2019-10-31,sz.000731,5.1000,5.1700,5.1000,5.1500,5.1500,1566387,8044109.3000,3,0.264800,1,0.000000,0
2019-11-01,sz.000731,5.0800,5.1800,5.0800,5.1700,5.1500,1458320,7509174.5800,3,0.246600,1,0.388300,0
2019-11-04,sz.000731,5.1700,5.2400,5.1500,5.1900,5.1700,1268901,6575291.3100,3,0.214500,1,0.386800,0
2019-11-05,sz.000731,5.1800,5.2100,5.1600,5.1900,5.1900,1657050,8593750.0000,3,0.280200,1,0.000000,0
2019-11-06,sz.000731,5.1600,5.1900,5.0800,5.1300,5.1900,1061337,5463874.3500,3,0.179400,1,-1.156100,0
2019-11-07,sz.000731,5.1100,5.1600,5.0900,5.1200,5.1300,1135210,5815377.9000,3,0.191900,1,-0.194900,0
2019-11-08,sz.000731,5.1300,5.1500,5.0800,5.1100,5.1200,1651774,8437101.5000,3,0.279300,1,-0.195300,0
2019-11-11,sz.000731,5.1100,5.1100,4.9300,4.9500,5.1100,3724300,18549298.0000,3,0.629700,1,-3.131100,0
2019-11-12,sz.000731,4.9800,4.9800,4.8500,4.9400,4.9500,2358298,11572140.3800,3,0.398700,1,-0.202000,0
2019-11-13,sz.000731,4.9400,4.9400,4.8900,4.9100,4.9400,1344406,6602830.8500,3,0.227300,1,-0.607300,0
2019-11-14,sz.000731,4.9100,4.9300,4.8700,4.9200,4.9100,1466369,7174916.9000,3,0.247900,1,0.203700,0
2019-11-15,sz.000731,4.9200,4.9500,4.8600,4.8700,4.9200,1339200,6567438.0000,3,0.226400,1,-1.016300,0
2019-11-18,sz.000731,4.8600,4.9700,4.8600,4.9600,4.8700,1884979,9269952.1600,3,0.318700,1,1.848100,0
2019-11-19,sz.000731,4.9300,5.0300,4.9300,5.0300,4.9600,3149610,15760461.0000,3,0.532500,1,1.411300,0
2019-11-20,sz.000731,5.0800,5.0800,4.9800,5.0300,5.0300,1729302,8670485.9900,3,0.292400,1,0.000000,0
2019-11-21,sz.000731,5.0200,5.0300,4.9800,5.0300,5.0300,1280660,6413534.4000,3,0.216500,1,0.000000,0
2019-11-22,sz.000731,5.0200,5.0800,4.9900,5.0400,5.0300,2947300,14856279.9800,3,0.498300,1,0.198800,0
2019-11-25,sz.000731,5.0600,5.0700,5.0000,5.0700,5.0400,1736145,8758709.0300,3,0.293500,1,0.595200,0
2019-11-26,sz.000731,5.0700,5.1100,5.0300,5.1100,5.0700,2057401,10464913.1000,3,0.347800,1,0.789000,0
2019-11-27,sz.000731,5.1100,5.1100,5.0500,5.1000,5.1100,1453578,7383558.6400,3,0.245800,1,-0.195700,0
2019-11-28,sz.000731,5.1500,5.1600,5.0700,5.0900,5.1000,1373442,7003580.7800,3,0.232200,1,-0.196100,0
2019-11-29,sz.000731,5.0900,5.1100,5.0500,5.1000,5.0900,1226300,6223279.0000,3,0.207300,1,0.196500,0
2019-12-02,sz.000731,5.0900,5.1200,5.0300,5.0600,5.1000,1384600,7018470.0000,3,0.234100,1,-0.784300,0
2019-12-03,sz.000731,5.0600,5.0900,5.0100,5.0800,5.0600,1627023,8205394.6100,3,0.275100,1,0.395300,0
2019-12-04,sz.000731,5.0900,5.0900,5.0400,5.0400,5.0800,1150783,5816959.3200,3,0.194600,1,-0.787400,0
2019-12-05,sz.000731,5.0800,5.0800,5.0400,5.0700,5.0400,1125199,5694274.9400,3,0.190200,1,0.595200,0
2019-12-06,sz.000731,5.0700,5.0800,5.0400,5.0600,5.0700,1058200,5347911.0000,3,0.178900,1,-0.197200,0
2019-12-09,sz.000731,5.0700,5.0800,5.0300,5.0700,5.0600,1195500,6049494.0000,3,0.202100,1,0.197600,0
2019-12-10,sz.000731,5.0600,5.2500,5.0300,5.1700,5.0700,3512464,17928519.0900,3,0.593800,1,1.972400,0
2019-12-11,sz.000731,5.1500,5.2100,5.1100,5.1500,5.1700,3510965,18153603.8300,3,0.593600,1,-0.386800,0
2019-12-12,sz.000731,5.1400,5.1600,5.0900,5.1000,5.1500,1781500,9130723.0000,3,0.301200,1,-0.970900,0
2019-12-13,sz.000731,5.1100,5.2100,5.1100,5.1900,5.1000,2854030,14775237.8200,3,0.482500,1,1.764700,0
2019-12-16,sz.000731,5.2000,5.2400,5.1800,5.2000,5.1900,2257797,11739668.4200,3,0.381700,1,0.192700,0
2019-12-17,sz.000731,5.2000,5.3000,5.1900,5.2600,5.2000,5337172,28017216.2900,3,0.902300,1,1.153900,0
2019-12-18,sz.000731,5.2600,5.2800,5.2000,5.2100,5.2600,3419066,17921257.1300,3,0.578000,1,-0.950600,0
2019-12-19,sz.000731,5.2000,5.2300,5.1700,5.2100,5.2100,3411822,17709275.1900,3,0.576800,1,0.000000,0
2019-12-20,sz.000731,5.2000,5.2300,5.1600,5.1600,5.2100,3846383,19936119.2800,3,0.650300,1,-0.959700,0
2019-12-23,sz.000731,5.1300,5.1800,5.0900,5.0900,5.1600,2720402,13956905.2400,3,0.459900,1,-1.356600,0
2019-12-24,sz.000731,5.1200,5.1400,5.1000,5.1200,5.0900,2771702,14177085.2400,3,0.468600,1,0.589400,0
2019-12-25,sz.000731,5.1200,5.1600,5.0900,5.1000,5.1200,4085900,20912438.0000,3,0.690800,1,-0.390600,0
2019-12-26,sz.000731,5.1000,5.1400,5.1000,5.1400,5.1000,2824667,14459157.3800,3,0.477600,1,0.784300,0
2019-12-27,sz.000731,5.1300,5.1800,5.1000,5.1200,5.1400,4117502,21208737.2200,3,0.696100,1,-0.389100,0
2019-12-30,sz.000731,5.1000,5.1700,5.0800,5.1700,5.1200,3627946,18618943.3500,3,0.613400,1,0.976600,0
2019-12-31,sz.000731,5.1700,5.2200,5.1500,5.2100,5.1700,4295799,22291375.8100,3,0.726300,1,0.773700,0
2020-01-02,sz.000731,5.2500,5.3000,5.2200,5.2500,5.2100,6818248,35882865.5700,3,1.152700,1,0.767800,0
2020-01-03,sz.000731,5.2800,5.3400,5.2000,5.3000,5.2500,16595812,87046909.1100,3,2.805800,1,0.952400,0
2020-01-06,sz.000731,5.2500,5.3400,5.2300,5.3200,5.3000,12518722,66302549.0000,3,2.116500,1,0.377400,0
2020-01-07,sz.000731,5.3000,5.3300,5.2800,5.3300,5.3200,7727710,40990378.2300,3,1.306500,1,0.188000,0
2020-01-08,sz.000731,5.3000,5.3100,5.2100,5.2400,5.3300,7118006,37455043.6600,3,1.203400,1,-1.688600,0
2020-01-09,sz.000731,5.2600,5.3200,5.2500,5.3100,5.2400,6109258,32324633.7200,3,1.032900,1,1.335900,0
2020-01-10,sz.000731,5.3100,5.3800,5.2700,5.3600,5.3100,8892564,47390921.5200,3,1.503400,1,0.941600,0
2020-01-13,sz.000731,5.3700,5.3900,5.3100,5.3400,5.3600,4671059,24920451.9000,3,0.789700,1,-0.373100,0
2020-01-14,sz.000731,5.3600,5.3600,5.2800,5.2900,5.3400,5636919,29952123.0800,3,0.953000,1,-0.936300,0
2020-01-15,sz.000731,5.2900,5.3000,5.2400,5.2800,5.2900,3404557,17910719.6800,3,0.575600,1,-0.189000,0
2020-01-16,sz.000731,5.2800,5.2800,5.2000,5.2300,5.2800,3767420,19695315.4000,3,0.636900,1,-0.947000,0
2020-01-17,sz.000731,5.3000,5.3100,5.0900,5.1100,5.2300,8375849,43505991.9300,3,1.416100,1,-2.294500,0
2020-01-20,sz.000731,5.1100,5.2100,5.0700,5.2000,5.1100,5421658,27871179.8300,3,0.916600,1,1.761200,0
2020-01-21,sz.000731,5.2100,5.3100,5.1300,5.1600,5.2000,4119985,21405239.9200,3,0.696600,1,-0.769200,0
2020-01-22,sz.000731,5.1400,5.1500,5.0500,5.1300,5.1600,2448623,12497514.6500,3,0.414000,1,-0.581400,0
2020-01-23,sz.000731,5.1000,5.1200,4.9800,4.9900,5.1300,6220963,31264465.6500,3,1.051800,1,-2.729100,0
2020-02-03,sz.000731,4.4900,4.5400,4.4900,4.4900,4.9900,6563100,29486729.0000,3,1.109600,1,-10.020000,0
2020-02-04,sz.000731,4.3000,4.4800,4.3000,4.4600,4.4900,6011203,26635481.0100,3,1.016300,1,-0.668100,0
2020-02-05,sz.000731,4.4600,4.5800,4.4600,4.5200,4.4600,5121604,23180042.4300,3,0.865900,1,1.345300,0
2020-02-06,sz.000731,4.5200,4.6800,4.4900,4.6200,4.5200,5884700,27077816.6100,3,0.994900,1,2.212400,0
2020-02-07,sz.000731,4.6200,4.7000,4.5300,4.6100,4.6200,6469427,29775169.3900,3,1.093800,1,-0.216400,0
2020-02-10,sz.000731,4.6000,4.7500,4.5700,4.7400,4.6100,7337134,34375253.4800,3,1.240500,1,2.819900,0
2020-02-11,sz.000731,4.7500,4.7500,4.6700,4.7400,4.7400,5585403,26304928.0700,3,0.944300,1,0.000000,0
2020-02-12,sz.000731,4.7100,4.7600,4.6900,4.7600,4.7400,4861501,22983722.7400,3,0.821900,1,0.422000,0
2020-02-13,sz.000731,4.7700,4.9600,4.7500,4.8100,4.7600,9834576,47781838.5100,3,1.662700,1,1.050400,0
2020-02-14,sz.000731,4.7900,4.9100,4.7100,4.8300,4.8100,7126662,34298691.9000,3,1.204900,1,0.415800,0
2020-02-17,sz.000731,4.8900,5.1000,4.8200,5.0100,4.8300,10576872,52789078.6000,3,1.788200,1,3.726700,0
2020-02-18,sz.000731,4.9900,5.0000,4.9000,4.9700,5.0100,8110200,40167905.0000,3,1.371200,1,-0.798400,0
2020-02-19,sz.000731,4.9500,4.9900,4.9000,4.9500,4.9700,7002570,34610235.7400,3,1.183900,1,-0.402400,0
2020-02-20,sz.000731,4.9500,4.9900,4.8900,4.9800,4.9500,7149255,35400578.3800,3,1.208700,1,0.606100,0
2020-02-21,sz.000731,4.9800,5.0200,4.9400,4.9900,4.9800,8245400,41025508.9500,3,1.394000,1,0.200800,0
2020-02-24,sz.000731,5.0000,5.0000,4.9100,4.9900,4.9900,7864104,38957375.2400,3,1.329600,1,0.000000,0
2020-02-25,sz.000731,4.8900,4.9700,4.8300,4.9100,4.9900,8944888,43827289.5100,3,1.512300,1,-1.603200,0
2020-02-26,sz.000731,4.9000,5.0100,4.9000,4.9800,4.9100,9834901,48879467.1000,3,1.662700,1,1.425700,0
2020-02-27,sz.000731,4.9700,4.9900,4.9200,4.9300,4.9800,5614569,27756574.9300,3,0.949200,1,-1.004000,0
2020-02-28,sz.000731,4.8000,4.8700,4.7200,4.7200,4.9300,8604001,41338137.8100,3,1.454600,1,-4.259600,0
2020-03-02,sz.000731,4.7500,4.8900,4.7500,4.8600,4.7200,5530163,26785991.1500,3,0.935000,1,2.966100,0
2020-03-03,sz.000731,4.8800,4.9400,4.8300,4.8500,4.8600,8844660,43159575.1400,3,1.495300,1,-0.205800,0
2020-03-04,sz.000731,4.8100,4.9100,4.8000,4.9100,4.8500,5665480,27591922.8400,3,0.957800,1,1.237100,0
2020-03-05,sz.000731,4.9300,5.0100,4.9300,5.0000,4.9100,12578590,62660666.8600,3,2.126600,1,1.833000,0
2020-03-06,sz.000731,4.9500,5.0700,4.9200,5.0100,5.0000,11805572,59139825.1200,3,1.995900,1,0.200000,0
2020-03-09,sz.000731,4.9400,5.3000,4.8600,5.0500,5.0100,20730900,104056565.7900,3,3.504900,1,0.798400,0
2020-03-10,sz.000731,5.0000,5.0500,4.8100,5.0300,5.0500,12563538,62154803.8500,3,2.124100,1,-0.396000,0
2020-03-11,sz.000731,5.0300,5.0500,4.9300,4.9500,5.0300,11778208,58776541.6800,3,1.991300,1,-1.590500,0
2020-03-12,sz.000731,4.8900,4.8900,4.7800,4.8000,4.9500,6985361,33768012.1900,3,1.181000,1,-3.030300,0
2020-03-13,sz.000731,4.5800,4.7300,4.5100,4.7100,4.8000,7547677,34977421.0700,3,1.276100,1,-1.875000,0
2020-03-16,sz.000731,4.7400,4.7700,4.5900,4.6400,4.7100,6204221,29116657.3900,3,1.048900,1,-1.486200,0
2020-03-17,sz.000731,4.6400,4.7100,4.5300,4.6400,4.6400,4294686,19848919.8700,3,0.726100,1,0.000000,0
2020-03-18,sz.000731,4.6800,4.7200,4.5800,4.5900,4.6400,3636467,16964058.6300,3,0.614800,1,-1.077600,0
2020-03-19,sz.000731,4.5700,4.6600,4.5200,4.6200,4.5900,6200607,28501069.6400,3,1.048300,1,0.653600,0
2020-03-20,sz.000731,4.6300,4.6700,4.5700,4.6600,4.6200,4664930,21593597.5700,3,0.788700,1,0.865800,0
2020-03-23,sz.000731,4.5900,4.6200,4.4500,4.4800,4.6600,4700326,21357878.8200,3,0.794700,1,-3.862700,0
2020-03-24,sz.000731,4.5300,4.5600,4.4800,4.5400,4.4800,3770804,17089509.1300,3,0.637500,1,1.339300,0
2020-03-25,sz.000731,4.6200,4.6300,4.5700,4.6100,4.5400,4946207,22740881.1400,3,0.836200,1,1.541900,0
2020-03-26,sz.000731,4.6100,4.6900,4.5800,4.6300,4.6100,4488328,20763711.7000,3,0.758800,1,0.433800,0
2020-03-27,sz.000731,4.6600,4.6800,4.6200,4.6200,4.6300,6006213,27941851.6300,3,1.015400,1,-0.216000,0
2020-03-30,sz.000731,4.6100,4.7400,4.5000,4.6800,4.6200,10341376,48021219.9700,3,1.748400,1,1.298700,0
2020-03-31,sz.000731,4.7200,4.8500,4.6600,4.8400,4.6800,13124862,62531172.7700,3,2.219000,1,3.418800,0
2020-04-01,sz.000731,4.7800,4.8600,4.6400,4.6600,4.8400,9105568,43155268.1500,3,1.539400,1,-3.719000,0
2020-04-02,sz.000731,4.6300,4.7700,4.5800,4.7300,4.6600,6541361,30704322.7500,3,1.105900,1,1.502100,0
2020-04-03,sz.000731,4.7100,4.8400,4.6600,4.7100,4.7300,9338901,44367277.7100,3,1.578900,1,-0.422800,0
2020-04-07,sz.000731,4.7700,5.1500,4.7400,4.9500,4.7100,19045748,93750742.1600,3,3.220000,1,5.095500,0
2020-04-08,sz.000731,4.9200,5.0400,4.8800,4.9200,4.9500,13590771,67224396.5000,3,2.297700,1,-0.606100,0
2020-04-09,sz.000731,4.9500,4.9700,4.8700,4.8700,4.9200,8041493,39428141.9100,3,1.359500,1,-1.016300,0
2020-04-10,sz.000731,4.9000,4.9000,4.7200,4.7300,4.8700,8965530,42931653.7000,3,1.515800,1,-2.874700,0
2020-04-13,sz.000731,4.7400,4.7900,4.7000,4.7400,4.7300,6028272,28616808.9400,3,1.019200,1,0.211400,0
2020-04-14,sz.000731,4.7100,4.7400,4.6700,4.7400,4.7400,7321600,34446003.0000,3,1.237800,1,0.000000,0
2020-04-15,sz.000731,4.7200,4.7200,4.6500,4.6500,4.7400,6524552,30518956.7800,3,1.103100,1,-1.898700,0
2020-04-16,sz.000731,4.6300,4.6800,4.6200,4.6400,4.6500,2821851,13108133.6400,3,0.477100,1,-0.215100,0
2020-04-17,sz.000731,4.6700,4.6700,4.6200,4.6300,4.6400,3253779,15120728.1000,3,0.550100,1,-0.215500,0
2020-04-20,sz.000731,4.6300,4.6800,4.6200,4.6700,4.6300,3270196,15212914.7400,3,0.552900,1,0.863900,0
2020-04-21,sz.000731,4.6400,4.6500,4.5900,4.6200,4.6700,3978454,18350426.4000,3,0.672600,1,-1.070700,0
2020-04-22,sz.000731,4.6300,4.7900,4.6100,4.7500,4.6200,9307319,43958287.6000,3,1.573600,1,2.813900,0
2020-04-23,sz.000731,4.7600,5.2300,4.7200,5.2300,4.7500,70917006,363706034.1700,3,11.989700,1,10.105300,0
2020-04-24,sz.000731,5.0600,5.0600,4.8200,4.8500,5.2300,50517328,248892364.6700,3,8.540800,1,-7.265800,0
2020-04-27,sz.000731,4.8500,5.3400,4.7800,5.3400,4.8500,41418793,217789810.4200,3,7.002500,1,10.103100,0
2020-04-28,sz.000731,5.3000,5.5200,5.0400,5.1800,5.3400,58773223,309934275.9400,3,9.936600,1,-2.996300,0
2020-04-29,sz.000731,5.0800,5.1800,4.9400,5.0300,5.1800,33617207,169838228.4400,3,5.683500,1,-2.895700,0
2020-04-30,sz.000731,5.0100,5.1100,4.9700,4.9900,5.0300,27002106,135855876.6100,3,4.565100,1,-0.795200,0
2020-05-06,sz.000731,4.9300,5.1100,4.8700,5.0300,4.9900,20648253,103629451.0300,3,3.490900,1,0.801600,0
2020-05-07,sz.000731,5.0500,5.1700,5.0000,5.0900,5.0300,22887289,116491236.5900,3,3.869500,1,1.192800,0
2020-05-08,sz.000731,5.0900,5.2700,5.0300,5.1900,5.0900,27574009,142895028.1300,3,4.661800,1,1.964600,0
2020-05-11,sz.000731,5.1700,5.2200,5.0300,5.0700,5.1900,17993726,91758654.4800,3,3.042100,1,-2.312100,0
2020-05-12,sz.000731,5.1100,5.2400,5.0500,5.1400,5.0700,16991057,87531906.8200,3,2.872600,1,1.380700,0
2020-05-13,sz.000731,5.2400,5.5300,5.1200,5.3900,5.1400,39819953,213741340.0600,3,6.732200,1,4.863800,0
2020-05-14,sz.000731,5.3000,5.3800,5.1500,5.1700,5.3900,29882614,157047842.1100,3,5.052100,1,-4.081600,0
2020-05-15,sz.000731,5.2400,5.2400,5.0700,5.0700,5.1700,19480129,99821841.7100,3,3.293400,1,-1.934200,0
2020-05-18,sz.000731,5.1000,5.4000,5.0400,5.1600,5.0700,19245137,99950117.4100,3,3.253700,1,1.775100,0
2020-05-19,sz.000731,5.1400,5.4500,5.1200,5.3800,5.1600,34444803,183197866.9700,3,5.823500,1,4.263600,0
2020-05-20,sz.000731,5.3000,5.3900,5.1900,5.2500,5.3800,24017208,126459742.8800,3,4.060500,1,-2.416400,0
2020-05-21,sz.000731,5.2500,5.3200,5.1400,5.2500,5.2500,15365257,80188823.2800,3,2.597700,1,0.000000,0
2020-05-22,sz.000731,5.1900,5.3500,5.1700,5.2300,5.2500,16864370,88669147.8300,3,2.851200,1,-0.381000,0
2020-05-25,sz.000731,5.1700,5.2000,5.0000,5.0400,5.2300,15692253,79546003.8000,3,2.653000,1,-3.632900,0
2020-05-26,sz.000731,5.0500,5.0900,5.0100,5.0800,5.0400,8870868,44877911.9200,3,1.499800,1,0.793700,0
2020-05-27,sz.000731,5.0800,5.0900,4.8900,4.9100,5.0800,14308710,71031171.5000,3,2.419100,1,-3.346500,0
2020-05-28,sz.000731,4.9100,4.9500,4.7800,4.8600,4.9100,9637988,46815959.8000,3,1.629500,1,-1.018300,0
2020-05-29,sz.000731,4.8200,4.8900,4.8100,4.8400,4.8600,6224435,30230854.7500,3,1.052300,1,-0.411500,0
2020-06-01,sz.000731,4.8600,4.9900,4.8600,4.9500,4.8400,9223642,45561232.3200,3,1.559400,1,2.272700,0
2020-06-02,sz.000731,4.9400,5.0400,4.9200,5.0200,4.9500,10333253,51512491.8200,3,1.747000,1,1.414100,0
2020-06-03,sz.000731,4.9900,5.1900,4.9700,5.0600,5.0200,16896389,85968746.6600,3,2.856600,1,0.796800,0
2020-06-04,sz.000731,5.0500,5.3800,5.0100,5.2900,5.0600,30328596,158609400.1900,3,5.127500,1,4.545500,0
2020-06-05,sz.000731,5.5100,5.8200,5.4200,5.4600,5.2900,68293202,389006191.2700,3,11.546100,1,3.213600,0
2020-06-08,sz.000731,5.3900,5.9700,5.3900,5.6300,5.4600,56047196,315022353.5500,3,9.475700,1,3.113600,0
2020-06-09,sz.000731,5.5500,5.6300,5.2900,5.3000,5.6300,37537496,201715824.8200,3,6.346300,1,-5.861500,0
2020-06-10,sz.000731,5.3500,5.6800,5.2300,5.4700,5.3000,41369556,227186278.7700,3,6.994200,1,3.207500,0
2020-06-11,sz.000731,5.4800,5.6200,5.3100,5.3700,5.4700,28381463,154411574.3900,3,4.798300,1,-1.828200,0
2020-06-12,sz.000731,5.2000,5.3700,5.2000,5.2900,5.3700,23193042,122218522.9200,3,3.921200,1,-1.489800,0
2020-06-15,sz.000731,5.3200,5.3900,5.1000,5.1000,5.2900,21609901,113351637.9700,3,3.653500,1,-3.591700,0
2020-06-16,sz.000731,5.1600,5.1900,5.1200,5.1400,5.1000,11824078,60832936.3500,3,1.999100,1,0.784300,0
2020-06-17,sz.000731,5.1200,5.1800,5.0700,5.1800,5.1400,11066623,56927895.2600,3,1.871000,1,0.778200,0
2020-06-18,sz.000731,5.1600,5.2500,5.1300,5.1600,5.1800,10613552,55040115.4400,3,1.794400,1,-0.386100,0
2020-06-19,sz.000731,5.1500,5.1900,5.0800,5.0900,5.1100,12031241,61663992.3300,3,2.034100,1,-0.391400,0
2020-06-22,sz.000731,5.1100,5.1300,5.0600,5.1000,5.0900,9336800,47492707.0000,3,1.578500,1,0.196500,0
2020-06-23,sz.000731,5.1000,5.1100,5.0700,5.0700,5.1000,6664372,33886179.9500,3,1.126700,1,-0.588200,0
2020-06-24,sz.000731,5.0800,5.1100,5.0300,5.0600,5.0700,6147456,31140551.8000,3,1.039300,1,-0.197200,0
2020-06-29,sz.000731,5.0400,5.1100,5.0400,5.1000,5.0600,5349427,27173876.8700,3,0.904400,1,0.790500,0
2020-06-30,sz.000731,5.1200,5.1700,5.0800,5.1700,5.1000,8873787,45452877.7100,3,1.500300,1,1.372600,0
2020-07-01,sz.000731,5.1800,5.2000,5.0900,5.1300,5.1700,9464010,48706605.2000,3,1.600000,1,-0.773700,0
2020-07-02,sz.000731,5.1200,5.2200,5.0900,5.1900,5.1300,12755793,65714090.2500,3,2.156600,1,1.169600,0
2020-07-03,sz.000731,5.1900,5.2400,5.1600,5.2300,5.1900,13638572,71024512.1000,3,2.305800,1,0.770700,0
2020-07-06,sz.000731,5.2700,5.4200,5.2300,5.3800,5.2300,21908154,116824681.1200,3,3.703900,1,2.868100,0
2020-07-07,sz.000731,5.3800,5.4400,5.3400,5.3700,5.3800,24494486,131839053.4100,3,4.141200,1,-0.185900,0
2020-07-08,sz.000731,5.3700,5.5100,5.3400,5.4900,5.3700,19659234,106803232.5200,3,3.323700,1,2.234600,0
2020-07-09,sz.000731,5.4700,5.5600,5.4300,5.5300,5.4900,21824784,120044226.9600,3,3.689800,1,0.728600,0
2020-07-10,sz.000731,5.5200,5.5200,5.3900,5.4000,5.5300,16885543,92089345.7800,3,2.854800,1,-2.350800,0
2020-07-13,sz.000731,5.4500,5.6000,5.4200,5.5600,5.4000,20026943,110796330.0200,3,3.385900,1,2.963000,0
2020-07-14,sz.000731,5.5900,5.6400,5.4200,5.5200,5.5600,16854182,93046004.5600,3,2.849500,1,-0.719400,0
2020-07-15,sz.000731,5.5800,5.6600,5.4300,5.4500,5.5200,19437478,107791236.7600,3,3.286200,1,-1.268100,0
2020-07-16,sz.000731,5.4500,5.5600,5.2500,5.2700,5.4500,17802660,96441156.0700,3,3.009800,1,-3.302700,0
2020-07-17,sz.000731,5.3000,5.3600,5.1700,5.2300,5.2700,10214749,53540717.2300,3,1.727000,1,-0.759000,0
2020-07-20,sz.000731,5.2700,5.5300,5.2400,5.4700,5.2300,15219862,82393021.8200,3,2.573200,1,4.588900,0
2020-07-21,sz.000731,5.5000,5.5500,5.4100,5.5200,5.4700,13008277,71460133.7800,3,2.199300,1,0.914100,0
2020-07-22,sz.000731,5.5400,5.7800,5.4700,5.6600,5.5200,30360010,170583996.4800,3,5.132900,1,2.536200,0
2020-07-23,sz.000731,5.6200,5.6500,5.4500,5.5200,5.6600,18142149,100258321.0400,3,3.067200,1,-2.473500,0
2020-07-24,sz.000731,5.5000,5.5300,5.2700,5.2900,5.5200,15977541,86082472.8300,3,2.701300,1,-4.166700,0
2020-07-27,sz.000731,5.2900,5.3400,5.2300,5.2700,5.2900,9247022,48699831.8400,3,1.563400,1,-0.378100,0
2020-07-28,sz.000731,5.2700,5.3900,5.2700,5.3500,5.2700,9542175,50832826.1800,3,1.613300,1,1.518000,0
2020-07-29,sz.000731,5.3100,5.4100,5.2300,5.4000,5.3500,9058574,48365780.8600,3,1.531500,1,0.934600,0
2020-07-30,sz.000731,5.3900,5.4800,5.3500,5.4200,5.4000,10819340,58792679.3300,3,1.829200,1,0.370400,0
2020-07-31,sz.000731,5.4200,5.4700,5.3500,5.4500,5.4200,12336026,66913542.8000,3,2.085600,1,0.553500,0
2020-08-03,sz.000731,5.5500,5.6800,5.5200,5.6500,5.4500,28335004,158610536.9400,3,4.790500,1,3.669700,0
2020-08-04,sz.000731,5.8100,5.9200,5.5800,5.6200,5.6500,38348791,220209792.3400,3,6.483500,1,-0.531000,0
2020-08-05,sz.000731,5.6700,5.9900,5.6500,5.8800,5.6200,45537032,265429953.3700,3,7.698800,1,4.626300,0
2020-08-06,sz.000731,5.9000,6.1000,5.7600,5.8600,5.8800,43620063,258542570.2100,3,7.374700,1,-0.340100,0
2020-08-07,sz.000731,5.8400,6.1000,5.7400,6.0800,5.8600,36928447,218397896.4400,3,6.243400,1,3.754300,0
2020-08-10,sz.000731,6.1800,6.4200,6.0100,6.0700,6.0800,51652270,320495869.6100,3,8.732700,1,-0.164500,0
2020-08-11,sz.000731,6.0300,6.0300,5.8100,5.8500,6.0700,32887849,193999436.8800,3,5.560200,1,-3.624400,0
2020-08-12,sz.000731,5.8600,6.0400,5.8300,5.9800,5.8500,26816066,159545309.8300,3,4.533700,1,2.222200,0
2020-08-13,sz.000731,6.0200,6.1300,5.8800,5.9900,5.9800,28853833,173516090.8100,3,4.878200,1,0.167200,0
2020-08-14,sz.000731,5.9800,6.0400,5.9100,5.9700,5.9900,17234012,102632985.1800,3,2.913700,1,-0.333900,0
2020-08-17,sz.000731,5.9500,6.1300,5.8700,6.0500,5.9700,27290431,164501190.8100,3,4.613900,1,1.340000,0
2020-08-18,sz.000731,6.0300,6.2100,6.0100,6.1100,6.0500,26747951,163457046.0500,3,4.522200,1,0.991700,0
2020-08-19,sz.000731,6.1200,6.1900,6.0100,6.1300,6.1100,25648941,156323862.2200,3,4.336400,1,0.327300,0
2020-08-20,sz.000731,6.0800,6.0800,5.8800,5.9000,6.1300,22604117,134989395.8700,3,3.821600,1,-3.752000,0
2020-08-21,sz.000731,5.9500,5.9600,5.8300,5.8700,5.9000,12947024,76420223.6700,3,2.188900,1,-0.508500,0
2020-08-24,sz.000731,5.9300,6.1200,5.8800,6.0200,5.8700,18803822,113221950.9800,3,3.179100,1,2.555400,0
2020-08-25,sz.000731,5.9600,5.9800,5.8300,5.8600,6.0200,18053142,106310333.3300,3,3.052200,1,-2.657800,0
2020-08-26,sz.000731,5.8700,5.8800,5.6300,5.6400,5.8600,14522513,83097582.9400,3,2.455300,1,-3.754300,0
2020-08-27,sz.000731,5.6100,5.6700,5.5600,5.6300,5.6400,9205295,51677595.0500,3,1.556300,1,-0.177300,0
2020-08-28,sz.000731,5.6400,5.6900,5.5900,5.6600,5.6300,8113716,45834047.8200,3,1.371800,1,0.532900,0
2020-08-31,sz.000731,5.6800,5.7600,5.6700,5.6700,5.6600,9127301,52224788.7200,3,1.543100,1,0.176700,0
2020-09-01,sz.000731,5.6700,5.6800,5.5500,5.6100,5.6700,9208363,51620669.1500,3,1.556800,1,-1.058200,0
2020-09-02,sz.000731,5.6100,5.6500,5.5600,5.6400,5.6100,8445351,47331051.6200,3,1.427800,1,0.534800,0
2020-09-03,sz.000731,5.6400,5.6700,5.5400,5.5600,5.6400,8478461,47477392.9400,3,1.433400,1,-1.418400,0
2020-09-04,sz.000731,5.4900,5.4900,5.3900,5.4800,5.5600,12018077,65305885.3200,3,2.031900,1,-1.438800,0
2020-09-07,sz.000731,5.4400,5.5100,5.3800,5.3800,5.4800,8192088,44514159.3600,3,1.385000,1,-1.824800,0
2020-09-08,sz.000731,5.3800,5.4900,5.3600,5.4700,5.3800,6745262,36630469.6700,3,1.140400,1,1.672900,0
2020-09-09,sz.000731,5.4300,5.5000,5.4000,5.4300,5.4700,7239957,39503077.9400,3,1.224000,1,-0.731300,0
2020-09-10,sz.000731,5.4500,5.4600,5.2500,5.2800,5.4300,11611451,62094320.8400,3,1.963100,1,-2.762400,0
2020-09-11,sz.000731,5.2700,5.3000,5.2200,5.2800,5.2800,5188133,27282775.7500,3,0.877100,1,0.000000,0
2020-09-14,sz.000731,5.2800,5.3400,5.2400,5.3000,5.2800,4923990,26036650.0400,3,0.832500,1,0.378800,0
2020-09-15,sz.000731,5.3000,5.3300,5.2500,5.3000,5.3000,3758500,19847416.0000,3,0.635400,1,0.000000,0
2020-09-16,sz.000731,5.3000,5.3900,5.3000,5.3300,5.3000,5968348,31860620.4000,3,1.009000,1,0.566000,0
2020-09-17,sz.000731,5.3200,5.3300,5.2000,5.2400,5.3300,5554000,29122549.0000,3,0.939000,1,-1.688600,0
2020-09-18,sz.000731,5.2200,5.3400,5.2200,5.3400,5.2400,4768475,25193886.0000,3,0.806200,1,1.908400,0
2020-09-21,sz.000731,5.3400,5.3400,5.2900,5.3300,5.3400,4336000,23050676.0000,3,0.733100,1,-0.187300,0
2020-09-22,sz.000731,5.2700,5.2900,5.2300,5.2600,5.3300,3982547,20943790.5800,3,0.673300,1,-1.313300,0
2020-09-23,sz.000731,5.2600,5.3000,5.2200,5.2400,5.2600,3424800,17947021.4100,3,0.579000,1,-0.380200,0
2020-09-24,sz.000731,5.2100,5.2200,5.0200,5.0600,5.2400,6551833,33550033.7600,3,1.107700,1,-3.435100,0
2020-09-25,sz.000731,5.0600,5.1000,4.9600,5.0000,5.0600,4380454,21946598.0900,3,0.740600,1,-1.185800,0
2020-09-28,sz.000731,5.0000,5.0300,4.9300,4.9400,5.0000,3337276,16595979.1500,3,0.564200,1,-1.200000,0
2020-09-29,sz.000731,4.9600,5.0000,4.9300,4.9700,4.9400,2278954,11336911.9200,3,0.385300,1,0.607300,0
2020-09-30,sz.000731,4.9700,4.9900,4.9100,4.9200,4.9700,2609004,12918095.6800,3,0.441100,1,-1.006000,0
2020-10-09,sz.000731,4.9900,5.0900,4.9800,5.0500,4.9200,4413900,22231073.3900,3,0.746200,1,2.642300,0
2020-10-12,sz.000731,5.0600,5.1800,5.0600,5.1500,5.0500,5065307,26007060.5800,3,0.856400,1,1.980200,0
2020-10-13,sz.000731,5.1600,5.2100,5.1300,5.1600,5.1500,4137354,21365979.8800,3,0.699500,1,0.194200,0
2020-10-14,sz.000731,5.1700,5.1700,5.0700,5.1000,5.1600,3906000,19937824.0000,3,0.660400,1,-1.162800,0
2020-10-15,sz.000731,5.0900,5.1100,5.0500,5.0700,5.1000,3310400,16828984.0000,3,0.559700,1,-0.588200,0
2020-10-16,sz.000731,5.0500,5.0900,5.0200,5.0700,5.0700,3244708,16421674.4000,3,0.548600,1,0.000000,0
2020-10-19,sz.000731,5.0700,5.3500,5.0500,5.2200,5.0700,8541987,44164416.2600,3,1.444200,1,2.958600,0
2020-10-20,sz.000731,5.1500,5.1700,5.0900,5.1300,5.2200,5335400,27392253.7800,3,0.902000,1,-1.724100,0
2020-10-21,sz.000731,5.1500,5.1600,5.1000,5.1200,5.1300,3069094,15696820.4000,3,0.518900,1,-0.194900,0
2020-10-22,sz.000731,5.1100,5.1500,5.0800,5.0900,5.1200,3254786,16622966.6000,3,0.550300,1,-0.585900,0
2020-10-23,sz.000731,5.0900,5.1100,5.0000,5.0300,5.0900,3871001,19566547.0000,3,0.654500,1,-1.178800,0
2020-10-26,sz.000731,5.0300,5.0600,5.0000,5.0400,5.0300,2489219,12527094.5200,3,0.420800,1,0.198800,0
2020-10-27,sz.000731,5.0300,5.0500,4.9600,5.0200,5.0400,2097001,10501725.9800,3,0.354500,1,-0.396800,0
2020-10-28,sz.000731,5.0200,5.0200,4.9500,4.9900,5.0200,3361936,16738549.5000,3,0.568400,1,-0.597600,0
2020-10-29,sz.000731,4.9600,5.0000,4.9300,4.9700,4.9900,2763900,13690217.0000,3,0.467300,1,-0.400800,0
2020-10-30,sz.000731,4.9900,5.0100,4.8600,4.8900,4.9700,3789026,18770488.1600,3,0.640600,1,-1.609700,0
2020-11-02,sz.000731,4.9000,4.9100,4.8000,4.8400,4.8900,3805386,18418903.6300,3,0.643400,1,-1.022500,0
2020-11-03,sz.000731,4.8400,5.0000,4.8200,4.9400,4.8400,3679852,18106356.6400,3,0.622100,1,2.066100,0
2020-11-04,sz.000731,4.9500,4.9900,4.9100,4.9500,4.9400,2261323,11184732.5900,3,0.382300,1,0.202400,0
2020-11-05,sz.000731,4.9800,5.0200,4.9200,4.9900,4.9500,4261346,21232634.6500,3,0.720400,1,0.808100,0
2020-11-06,sz.000731,4.9800,5.0700,4.9600,5.0000,4.9900,4651104,23322392.1200,3,0.786300,1,0.200400,0
2020-11-09,sz.000731,5.0100,5.0800,5.0100,5.0500,5.0000,5025950,25409216.5000,3,0.849700,1,1.000000,0
2020-11-10,sz.000731,5.0700,5.0900,5.0300,5.0400,5.0500,3739200,18901748.0000,3,0.632200,1,-0.198000,0
2020-11-11,sz.000731,5.0500,5.1400,5.0400,5.0900,5.0400,6433201,32772737.0900,3,1.087600,1,0.992100,0
2020-11-12,sz.000731,5.0900,5.1700,5.0700,5.1300,5.0900,7195947,36949906.5400,3,1.216600,1,0.785900,0
2020-11-13,sz.000731,5.1300,5.1300,5.0300,5.0700,5.1300,5795952,29431891.9300,3,0.979900,1,-1.169600,0
2020-11-16,sz.000731,5.1000,5.2300,5.0700,5.1900,5.0700,8328012,43058145.4100,3,1.408000,1,2.366900,0
2020-11-17,sz.000731,5.2100,5.2100,5.1200,5.1600,5.1900,6982697,36065077.6100,3,1.180500,1,-0.578000,0
2020-11-18,sz.000731,5.1800,5.2800,5.1500,5.2300,5.1600,9335437,48694614.9200,3,1.578300,1,1.356600,0
2020-11-19,sz.000731,5.2200,5.2600,5.1200,5.1500,5.2300,9141580,47359790.4700,3,1.545500,1,-1.529600,0
2020-11-20,sz.000731,5.1700,5.2600,5.1200,5.2000,5.1500,8323753,43209584.3600,3,1.407300,1,0.970900,0
2020-11-23,sz.000731,5.1900,5.3300,5.1500,5.2600,5.2000,11746240,61905528.0000,3,1.985900,1,1.153800,0
2020-11-24,sz.000731,5.3400,5.3800,5.2200,5.3500,5.2600,16596732,88108814.3800,3,2.805900,1,1.711000,0
2020-11-25,sz.000731,5.3500,5.4100,5.2700,5.2700,5.3500,13952400,74483787.9800,3,2.358900,1,-1.495300,0
2020-11-26,sz.000731,5.2400,5.2700,5.1600,5.1800,5.2700,8405500,43722728.5000,3,1.421100,1,-1.707800,0
2020-11-27,sz.000731,5.1600,5.2200,5.1300,5.1900,5.1800,6477500,33430022.0000,3,1.095100,1,0.193100,0
2020-11-30,sz.000731,5.2000,5.2700,5.1700,5.1700,5.1900,6611020,34517682.8100,3,1.117700,1,-0.385400,0
2020-12-01,sz.000731,5.1800,5.2000,5.1400,5.1700,5.1700,7393604,38201300.5600,3,1.250000,1,0.000000,0
2020-12-02,sz.000731,5.1600,5.1900,5.1400,5.1700,5.1700,4704326,24294719.1800,3,0.795300,1,0.000000,0
2020-12-03,sz.000731,5.1600,5.1800,5.1300,5.1600,5.1700,6042437,31138007.1700,3,1.021600,1,-0.193400,0
2020-12-04,sz.000731,5.1600,5.2000,5.1400,5.1700,5.1600,4005902,20694544.3000,3,0.677300,1,0.193800,0
2020-12-07,sz.000731,5.1800,5.1800,5.0800,5.1100,5.1700,7280317,37335976.4500,3,1.230900,1,-1.160500,0
2020-12-08,sz.000731,5.1100,5.1200,5.0400,5.0400,5.1100,4744351,24052308.0400,3,0.802100,1,-1.369900,0
2020-12-09,sz.000731,5.0400,5.0600,4.9900,5.0100,5.0400,4622601,23218410.0200,3,0.781500,1,-0.595200,0
2020-12-10,sz.000731,5.0100,5.0500,4.9800,5.0100,5.0100,3571922,17917520.0000,3,0.603900,1,0.000000,0
2020-12-11,sz.000731,5.0100,5.0200,4.9000,4.9400,5.0100,5072399,25109939.1000,3,0.857600,1,-1.397200,0
2020-12-14,sz.000731,4.9200,4.9800,4.9200,4.9600,4.9400,2144600,10626949.0000,3,0.362600,1,0.404900,0
2020-12-15,sz.000731,4.9500,4.9700,4.9100,4.9400,4.9600,2264984,11173574.2800,3,0.382900,1,-0.403200,0
2020-12-16,sz.000731,4.9300,4.9900,4.9200,4.9500,4.9400,2867500,14222049.0000,3,0.484800,1,0.202400,0
2020-12-17,sz.000731,4.9700,5.0100,4.9000,4.9900,4.9500,3887446,19285441.8600,3,0.657200,1,0.808100,0
2020-12-18,sz.000731,5.0000,5.0700,4.9900,5.0300,4.9900,5411628,27291365.2400,3,0.914900,1,0.801600,0
2020-12-21,sz.000731,5.0600,5.1500,5.0100,5.1400,5.0300,6894846,35079585.7200,3,1.165700,1,2.186900,0
2020-12-22,sz.000731,5.1100,5.1200,5.0200,5.0300,5.1400,7260400,36823702.0000,3,1.227500,1,-2.140100,0
2020-12-23,sz.000731,5.0300,5.1100,5.0000,5.0800,5.0300,6981946,35292542.3800,3,1.180400,1,0.994000,0
2020-12-24,sz.000731,5.0200,5.0600,4.9400,4.9500,5.0800,6102297,30514909.9800,3,1.031700,1,-2.559100,0
2020-12-25,sz.000731,4.9400,5.1700,4.8800,5.1500,4.9500,10748808,54520619.0200,3,1.817300,1,4.040400,0
2020-12-28,sz.000731,5.1200,5.1400,5.0300,5.0700,5.1500,8556031,43387892.6500,3,1.446500,1,-1.553400,0
2020-12-29,sz.000731,5.0300,5.0900,4.9800,4.9800,5.0700,5295801,26621671.0500,3,0.895300,1,-1.775100,0
2020-12-30,sz.000731,4.9400,5.1100,4.9400,5.0800,4.9800,8372177,42272255.8100,3,1.415500,1,2.008000,0
2020-12-31,sz.000731,5.0900,5.1300,5.0600,5.1000,5.0800,6610327,33640395.1200,3,1.117600,1,0.393700,0
2021-01-04,sz.000731,5.1000,5.1500,5.0800,5.1100,5.1000,6787888,34644296.1900,3,1.147600,1,0.196100,0
2021-01-05,sz.000731,5.1000,5.1100,5.0200,5.0400,5.1100,5667746,28644070.3800,3,0.958200,1,-1.369900,0
2021-01-06,sz.000731,5.0600,5.0800,4.9500,4.9700,5.0400,6122773,30589780.8100,3,1.035200,1,-1.388900,0
2021-01-07,sz.000731,4.9600,4.9700,4.8200,4.8500,4.9700,8339471,40785086.5800,3,1.409900,1,-2.414500,0
2021-01-08,sz.000731,4.8400,4.8500,4.7100,4.7900,4.8500,6010377,28652653.0600,3,1.016200,1,-1.237100,0
2021-01-11,sz.000731,4.7500,4.7800,4.6300,4.6500,4.7900,6064173,28499572.3800,3,1.025200,1,-2.922800,0
2021-01-12,sz.000731,4.6400,4.7000,4.6300,4.6500,4.6500,4199750,19551101.9500,3,0.710000,1,0.000000,0
2021-01-13,sz.000731,4.6500,4.7400,4.5800,4.7100,4.6500,6685328,31308581.9300,3,1.130300,1,1.290300,0
2021-01-14,sz.000731,4.7100,4.7800,4.6600,4.7600,4.7100,5417682,25629663.6200,3,0.915900,1,1.061600,0
2021-01-15,sz.000731,4.7500,4.9000,4.7400,4.8200,4.7600,5308254,25499915.4100,3,0.897400,1,1.260500,0
2021-01-18,sz.000731,4.7700,4.9100,4.7600,4.8500,4.8200,5058488,24580175.3200,3,0.855200,1,0.622400,0
2021-01-19,sz.000731,4.8300,4.8900,4.7900,4.8000,4.8500,5050476,24378962.1000,3,0.853900,1,-1.030900,0
2021-01-20,sz.000731,4.7900,4.7900,4.6800,4.7000,4.8000,6014878,28350190.8200,3,1.016900,1,-2.083300,0
2021-01-21,sz.000731,4.7200,4.7500,4.6800,4.7100,4.7000,3591140,16929220.2000,3,0.607100,1,0.212800,0
2021-01-22,sz.000731,4.7100,4.7200,4.6500,4.6500,4.7100,4075729,19060394.3000,3,0.689100,1,-1.273900,0
2021-01-25,sz.000731,4.6500,4.6800,4.6000,4.6100,4.6500,4396267,20302116.5400,3,0.743300,1,-0.860200,0
2021-01-26,sz.000731,4.6300,4.6700,4.6000,4.6100,4.6100,2666200,12326791.0000,3,0.450800,1,0.000000,0
2021-01-27,sz.000731,4.6100,4.6600,4.5900,4.6600,4.6100,2824336,13077351.4200,3,0.477500,1,1.084600,0
2021-01-28,sz.000731,4.6200,4.6800,4.5400,4.5800,4.6600,4041478,18680253.7000,3,0.683300,1,-1.716700,0
2021-01-29,sz.000731,4.5200,4.5700,4.2600,4.3300,4.5800,12886342,56380753.9400,3,2.178600,1,-5.458500,0
2021-02-01,sz.000731,4.3200,4.4000,4.3200,4.3500,4.3300,3518227,15331942.1900,3,0.594800,1,0.461900,0
2021-02-02,sz.000731,4.3500,4.3600,4.2800,4.3000,4.3500,3007896,12959830.8400,3,0.508500,1,-1.149400,0
2021-02-03,sz.000731,4.3200,4.3900,4.2800,4.3300,4.3000,4057634,17529497.5400,3,0.686000,1,0.697700,0
2021-02-04,sz.000731,4.3400,4.3400,4.1600,4.2200,4.3300,5418710,22982205.6000,3,0.916100,1,-2.540400,0
2021-02-05,sz.000731,4.2200,4.2700,4.1300,4.1600,4.2200,3457000,14524827.0000,3,0.584500,1,-1.421800,0
2021-02-08,sz.000731,4.1500,4.2400,4.1200,4.2200,4.1600,3741368,15691365.9200,3,0.632500,1,1.442300,0
2021-02-09,sz.000731,4.2100,4.2900,4.1900,4.2700,4.2200,3675182,15602505.9600,3,0.621300,1,1.184800,0
2021-02-10,sz.000731,4.2800,4.3000,4.2600,4.2800,4.2700,3715510,15906209.7000,3,0.628200,1,0.234200,0
2021-02-18,sz.000731,4.3200,4.4300,4.3200,4.4100,4.2800,6519356,28567953.5000,3,1.102200,1,3.037400,0
2021-02-19,sz.000731,4.3900,4.6000,4.3800,4.5700,4.4100,7343839,33202463.4800,3,1.241600,1,3.628100,0
2021-02-22,sz.000731,4.6300,4.8200,4.6000,4.6500,4.5700,13279952,62855271.0700,3,2.245200,1,1.750500,0
2021-02-23,sz.000731,4.6200,5.0600,4.6200,4.8200,4.6500,19305088,93405342.0100,3,3.263800,1,3.655900,0
2021-02-24,sz.000731,4.7900,4.8300,4.7000,4.7400,4.8200,9858904,46798108.9600,3,1.666800,1,-1.659800,0
2021-02-25,sz.000731,4.7800,4.7900,4.6400,4.6600,4.7400,7525153,35450240.2300,3,1.272200,1,-1.687800,0
2021-02-26,sz.000731,4.6000,4.7600,4.5800,4.6700,4.6600,5832665,27365190.1800,3,0.986100,1,0.214600,0
2021-03-01,sz.000731,4.6700,4.8700,4.6700,4.8300,4.6700,7799200,37314534.4200,3,1.318600,1,3.426100,0
2021-03-02,sz.000731,4.8300,4.8300,4.6900,4.7200,4.8300,6152800,29100550.0000,3,1.040200,1,-2.277400,0
2021-03-03,sz.000731,4.7100,4.8300,4.6900,4.8200,4.7200,7877328,37581470.5600,3,1.331800,1,2.118600,0
2021-03-04,sz.000731,4.7800,4.8500,4.7600,4.7900,4.8200,6502400,31191169.0000,3,1.099300,1,-0.622400,0
2021-03-05,sz.000731,4.7400,4.8200,4.7400,4.7900,4.7900,5198000,24848142.9800,3,0.878800,1,0.000000,0
2021-03-08,sz.000731,4.8000,4.8800,4.7300,4.7400,4.7900,5482900,26369449.0000,3,0.927000,1,-1.043800,0
2021-03-09,sz.000731,4.7400,4.7600,4.5700,4.6600,4.7400,5810372,27022594.9000,3,0.982300,1,-1.687800,0
2021-03-10,sz.000731,4.6700,4.6700,4.5600,4.5700,4.6600,3638627,16748255.6600,3,0.615200,1,-1.931300,0
2021-03-11,sz.000731,4.5600,4.9900,4.5500,4.7900,4.5700,11405212,54238392.1100,3,1.928200,1,4.814000,0
2021-03-12,sz.000731,4.7500,4.8000,4.6700,4.7500,4.7900,9060125,42792580.4300,3,1.531800,1,-0.835100,0
2021-03-15,sz.000731,4.7600,4.8400,4.7500,4.7900,4.7500,5724976,27459712.0400,3,0.967900,1,0.842100,0
2021-03-16,sz.000731,4.7900,4.8400,4.7600,4.8200,4.7900,4932430,23701335.6800,3,0.833900,1,0.626300,0
2021-03-17,sz.000731,4.8300,4.8300,4.7400,4.7900,4.8200,4026600,19259357.0000,3,0.680800,1,-0.622400,0
2021-03-18,sz.000731,4.8200,4.8800,4.7700,4.8300,4.7900,6318719,30441733.6300,3,1.068300,1,0.835100,0
2021-03-19,sz.000731,4.7700,4.8400,4.7500,4.7900,4.8300,5506527,26391137.8000,3,0.931000,1,-0.828200,0
2021-03-22,sz.000731,4.8300,4.8500,4.7800,4.8500,4.7900,4873010,23496511.0000,3,0.823900,1,1.252600,0
2021-03-23,sz.000731,4.8300,4.8700,4.7600,4.7800,4.8500,5116200,24583644.0000,3,0.865000,1,-1.443300,0
2021-03-24,sz.000731,4.7900,4.7900,4.6600,4.6800,4.7800,5309656,24977900.5200,3,0.897700,1,-2.092100,0
2021-03-25,sz.000731,4.6500,4.7300,4.6500,4.6700,4.6800,3212300,15093819.4400,3,0.543100,1,-0.213700,0
2021-03-26,sz.000731,4.6800,4.7400,4.6800,4.6900,4.6700,2838700,13373088.0000,3,0.479900,1,0.428300,0
2021-03-29,sz.000731,4.7000,4.7300,4.6800,4.7200,4.6900,2865006,13465681.0800,3,0.484400,1,0.639700,0
2021-03-30,sz.000731,4.7100,4.7100,4.6100,4.6400,4.7200,3502900,16278766.0000,3,0.592200,1,-1.694900,0
2021-03-31,sz.000731,4.6300,4.6900,4.6000,4.6900,4.6400,3129964,14557512.6800,3,0.529200,1,1.077600,0
2021-04-01,sz.000731,4.7200,4.8200,4.7200,4.8000,4.6900,7615745,36352733.0400,3,1.287600,1,2.345400,0
2021-04-02,sz.000731,4.7900,4.8100,4.7400,4.7700,4.8000,3688300,17609114.0000,3,0.623600,1,-0.625000,0
2021-04-06,sz.000731,4.7700,4.8000,4.7600,4.7900,4.7700,3008960,14380207.2000,3,0.508700,1,0.419300,0
2021-04-07,sz.000731,4.8200,4.8500,4.7700,4.8200,4.7900,6196120,29826763.1400,3,1.047600,1,0.626300,0
2021-04-08,sz.000731,4.8200,4.8200,4.7200,4.7500,4.8200,4497900,21480052.0000,3,0.760400,1,-1.452300,0
2021-04-09,sz.000731,4.8500,4.9500,4.8300,4.9100,4.7500,15129461,73986235.3200,3,2.557900,1,3.368400,0
2021-04-12,sz.000731,4.9000,5.0400,4.8800,4.9400,4.9100,12559210,62541439.9800,3,2.123300,1,0.611000,0
2021-04-13,sz.000731,4.9100,4.9600,4.8500,4.9100,4.9400,6824600,33442033.0000,3,1.153800,1,-0.607300,0
2021-04-14,sz.000731,4.9500,4.9600,4.8600,4.9200,4.9100,6023065,29578361.5600,3,1.018300,1,0.203700,0
2021-04-15,sz.000731,4.9200,4.9300,4.8700,4.9100,4.9200,4532111,22183443.0300,3,0.766200,1,-0.203300,0
2021-04-16,sz.000731,4.9100,5.0100,4.8900,5.0000,4.9100,7366233,36515145.2200,3,1.245400,1,1.833000,0
2021-04-19,sz.000731,5.0300,5.0300,4.9600,5.0000,5.0000,7465638,37280216.9900,3,1.262200,1,0.000000,0
2021-04-20,sz.000731,4.9900,5.0000,4.9400,4.9500,5.0000,4895601,24326940.5000,3,0.827700,1,-1.000000,0
2021-04-21,sz.000731,4.9300,4.9500,4.8700,4.8900,4.9500,3994311,19553417.9000,3,0.675300,1,-1.212100,0
2021-04-22,sz.000731,4.8800,4.9400,4.8600,4.8800,4.8900,4004321,19605534.7000,3,0.677000,1,-0.204500,0
2021-04-23,sz.000731,4.8800,4.8900,4.8200,4.8600,4.8800,3787300,18392790.0000,3,0.640300,1,-0.409800,0
2021-04-26,sz.000731,4.8600,4.9900,4.8600,4.9000,4.8600,8589125,42334795.6000,3,1.452100,1,0.823000,0
2021-04-27,sz.000731,4.9500,4.9500,4.7400,4.8100,4.9000,5781200,27832755.0000,3,0.977400,1,-1.836700,0
2021-04-28,sz.000731,4.8900,5.0600,4.8700,4.9800,4.8100,13305757,66192820.7500,3,2.249600,1,3.534300,0
2021-04-29,sz.000731,4.9500,5.0500,4.9500,5.0300,4.9800,10935035,54564698.5400,3,1.848700,1,1.004000,0
2021-04-30,sz.000731,5.1000,5.4300,5.0500,5.1700,5.0300,33748186,176776267.3100,3,5.705700,1,2.783300,0
2021-05-06,sz.000731,5.2900,5.5700,5.2900,5.5000,5.1700,45103531,245566922.8100,3,7.625500,1,6.383000,0
2021-05-07,sz.000731,5.6600,5.8400,5.4400,5.7300,5.5000,56370273,318569224.1600,3,9.530300,1,4.181800,0
2021-05-10,sz.000731,5.7800,6.1200,5.6200,5.6900,5.7300,59106981,344190116.1400,3,9.993000,1,-0.698100,0
2021-05-11,sz.000731,5.6100,5.7600,5.5000,5.6300,5.6900,34593756,194489720.2900,3,5.848600,1,-1.054500,0
2021-05-12,sz.000731,5.6200,5.6800,5.5100,5.6000,5.6300,24440764,136718380.9700,3,4.132100,1,-0.532900,0
2021-05-13,sz.000731,5.5600,5.7500,5.4700,5.5300,5.6000,24259203,135846549.5400,3,4.101400,1,-1.250000,0
2021-05-14,sz.000731,5.4900,5.5600,5.3500,5.4100,5.5300,20301194,109957455.6600,3,3.432200,1,-2.170000,0
2021-05-17,sz.000731,5.3600,5.3900,5.2500,5.3200,5.4100,12647825,67144256.2500,3,2.138300,1,-1.663600,0
2021-05-18,sz.000731,5.3300,5.3800,5.2800,5.3800,5.3200,12179006,64934627.5400,3,2.059100,1,1.127800,0
2021-05-19,sz.000731,5.3800,5.4100,5.2800,5.2800,5.3800,11042643,58807743.3300,3,1.866900,1,-1.858700,0
2021-05-20,sz.000731,5.2500,5.3100,5.1500,5.2600,5.2800,12383064,64566167.9200,3,2.093600,1,-0.378800,0
2021-05-21,sz.000731,5.2800,5.3400,5.2700,5.3100,5.2600,9562537,50675725.7300,3,1.616700,1,0.950600,0
2021-05-24,sz.000731,5.2800,5.3900,5.2500,5.2900,5.3100,9506902,50501750.5900,3,1.607300,1,-0.376600,0
2021-05-25,sz.000731,5.2700,5.3600,5.2700,5.3100,5.2900,13851362,73563347.0000,3,2.341800,1,0.378100,0
2021-05-26,sz.000731,5.3400,5.5400,5.3300,5.5100,5.3100,22536134,122963443.5600,3,3.810100,1,3.766500,0
2021-05-27,sz.000731,5.5100,5.6000,5.4500,5.5100,5.5100,15684114,86427880.7700,3,2.651700,1,0.000000,0
2021-05-28,sz.000731,5.5500,5.5800,5.3800,5.4300,5.5100,12932737,70542312.7600,3,2.186500,1,-1.451900,0
2021-05-31,sz.000731,5.4700,5.5000,5.3300,5.3800,5.4300,12225677,66312202.6100,3,2.066900,1,-0.920800,0
2021-06-01,sz.000731,5.3400,5.4600,5.2900,5.4500,5.3800,10931854,58906581.0900,3,1.848200,1,1.301100,0
2021-06-02,sz.000731,5.4800,5.5300,5.4200,5.4400,5.4500,10721692,58702141.1500,3,1.812700,1,-0.183500,0
2021-06-03,sz.000731,5.4900,5.8400,5.4700,5.7400,5.4400,33014104,187983531.3600,3,5.581600,1,5.514700,0
2021-06-04,sz.000731,5.6500,5.7200,5.5700,5.6400,5.7400,20006105,112603898.9500,3,3.382400,1,-1.742200,0
2021-06-07,sz.000731,5.6600,5.8300,5.6500,5.7700,5.6400,21374085,122757744.6200,3,3.613600,1,2.305000,0
2021-06-08,sz.000731,5.7600,5.9300,5.6900,5.7300,5.7700,22048899,127461928.2400,3,3.727700,1,-0.693200,0
2021-06-09,sz.000731,5.8100,6.0600,5.7600,5.9400,5.7300,33472001,198001210.7700,3,5.659000,1,3.664900,0
2021-06-10,sz.000731,5.9000,5.9500,5.8300,5.8800,5.9400,22952831,135029414.3300,3,3.880500,1,-1.010100,0
2021-06-11,sz.000731,5.8500,5.9700,5.7800,5.8100,5.8800,20361663,118989701.2200,3,3.442500,1,-1.190500,0
2021-06-15,sz.000731,5.8000,5.8300,5.6700,5.6900,5.8100,16391985,93859052.2000,3,2.771300,1,-2.065400,0
2021-06-16,sz.000731,5.7500,5.7700,5.5800,5.6200,5.6900,11927719,67419237.7400,3,2.016600,1,-1.230200,0
2021-06-17,sz.000731,5.6000,5.6500,5.5400,5.5600,5.6200,10305696,57517223.5500,3,1.742300,1,-1.067600,0
2021-06-18,sz.000731,5.5800,5.5900,5.4400,5.5200,5.5600,9006577,49659062.5600,3,1.522700,1,-0.719400,0
2021-06-21,sz.000731,5.5000,5.6100,5.4800,5.5200,5.5200,9417219,52130930.4400,3,1.592100,1,0.000000,0
2021-06-22,sz.000731,5.5100,5.6500,5.4900,5.5700,5.5200,11554504,64697779.2800,3,1.953500,1,0.905800,0
2021-06-23,sz.000731,5.5800,5.5900,5.4500,5.5700,5.5700,10833020,59785970.4000,3,1.831500,1,0.000000,0
2021-06-24,sz.000731,5.5900,5.6100,5.5000,5.5100,5.5700,6830676,37860121.6000,3,1.154800,1,-1.077200,0
2021-06-25,sz.000731,5.5200,5.6200,5.4200,5.5200,5.5100,12161236,67102003.5200,3,2.056100,1,0.181500,0
2021-06-28,sz.000731,5.5400,5.6000,5.5100,5.5600,5.5200,8946800,49751322.0300,3,1.512600,1,0.724600,0
2021-06-29,sz.000731,5.5400,5.5700,5.3700,5.3800,5.5600,10090184,55113195.8300,3,1.705900,1,-3.237400,0
2021-06-30,sz.000731,5.4000,5.5200,5.3900,5.5000,5.3800,7266750,39772304.7900,3,1.228600,1,2.230500,0
2021-07-01,sz.000731,5.5200,5.5500,5.3100,5.3100,5.5000,8221238,44488584.0800,3,1.389900,1,-3.454500,0
2021-07-02,sz.000731,5.3200,5.3800,5.2800,5.3500,5.3100,6337450,33816132.5000,3,1.071400,1,0.753300,0
2021-07-05,sz.000731,5.3500,5.3900,5.3000,5.3700,5.3500,7745611,41370978.3500,3,1.309500,1,0.373800,0
2021-07-06,sz.000731,5.3700,5.5100,5.3700,5.4700,5.3700,8998666,49012018.3400,3,1.521400,1,1.862200,0
2021-07-07,sz.000731,5.4300,5.5100,5.4100,5.5000,5.4700,7850372,42914037.4000,3,1.327200,1,0.548400,0
2021-07-08,sz.000731,5.4900,5.5000,5.4300,5.4400,5.5000,6235533,34054163.7200,3,1.054200,1,-1.090900,0
2021-07-09,sz.000731,5.4500,5.6700,5.3900,5.6500,5.4400,16326562,90734547.7200,3,2.760300,1,3.860300,0
2021-07-12,sz.000731,5.6800,5.8200,5.6800,5.7700,5.6500,21288637,122671971.9900,3,3.599200,1,2.123900,0
2021-07-13,sz.000731,6.3500,6.3500,5.9300,5.9600,5.7700,71244434,439500388.6000,3,12.045000,1,3.292900,0
2021-07-14,sz.000731,5.9800,6.1800,5.9800,6.0500,5.9600,38350739,232121598.7000,3,6.483800,1,1.510100,0
2021-07-15,sz.000731,5.9700,6.2700,5.9200,6.1300,6.0500,32125531,197302928.7300,3,5.431300,1,1.322300,0
2021-07-16,sz.000731,6.1500,6.6300,6.1100,6.4100,6.1300,49393389,317056018.8900,3,8.350800,1,4.567700,0
2021-07-19,sz.000731,6.5200,6.6000,6.3400,6.4100,6.4100,32524876,209695277.2700,3,5.498900,1,0.000000,0
2021-07-20,sz.000731,6.3800,6.3900,6.2400,6.3200,6.4100,20289358,128234773.4800,3,3.430200,1,-1.404100,0
2021-07-21,sz.000731,6.5000,6.5800,6.3800,6.4600,6.3200,19425207,125205009.9800,3,3.284100,1,2.215200,0
2021-07-22,sz.000731,6.4200,6.6800,6.4200,6.6300,6.4600,25252500,166012765.0000,3,4.269300,1,2.631600,0
2021-07-23,sz.000731,6.6200,6.9200,6.5800,6.6500,6.6300,27221433,183815577.8900,3,4.602200,1,0.301700,0
2021-07-26,sz.000731,6.6500,6.7400,6.4600,6.5900,6.6500,19464782,128535759.6300,3,3.290800,1,-0.902300,0
2021-07-27,sz.000731,6.5900,6.6700,6.2800,6.3000,6.5900,21457523,139166829.8500,3,3.627700,1,-4.400600,0
2021-07-28,sz.000731,6.3000,6.3400,5.9900,6.1300,6.3000,18832826,115738569.3600,3,3.184000,1,-2.698400,0
2021-07-29,sz.000731,6.2200,6.4100,6.2200,6.3400,6.1300,15741249,99537250.8500,3,2.661300,1,3.425800,0
2021-07-30,sz.000731,6.3400,6.4100,6.2300,6.3400,6.3400,14947063,94651731.1300,3,2.527000,1,0.000000,0
2021-08-02,sz.000731,6.2900,6.4500,6.2400,6.4300,6.3400,12239027,77996293.4800,3,2.069200,1,1.419600,0
2021-08-03,sz.000731,6.4700,6.4800,6.2900,6.3200,6.4300,10976100,69894034.0000,3,1.855700,1,-1.710700,0
2021-08-04,sz.000731,6.3200,6.4300,6.3000,6.4000,6.3200,9626005,61288222.8500,3,1.627400,1,1.265800,0
2021-08-05,sz.000731,6.3800,6.3900,6.1000,6.1500,6.4000,15600001,96593722.1900,3,2.637400,1,-3.906300,0
2021-08-06,sz.000731,6.1800,6.4300,6.1500,6.4100,6.1500,14824700,93675742.0000,3,2.506400,1,4.227600,0
2021-08-09,sz.000731,6.4200,6.6200,6.4000,6.5000,6.4100,13084502,85318762.8400,3,2.212100,1,1.404100,0
2021-08-10,sz.000731,6.5000,6.5900,6.4300,6.5200,6.5000,12696710,82637322.9500,3,2.146600,1,0.307700,0
2021-08-11,sz.000731,6.4800,6.5200,6.4300,6.5100,6.5200,9074051,58776156.8200,3,1.534100,1,-0.153400,0
2021-08-12,sz.000731,6.5100,6.7300,6.4400,6.6800,6.5100,17935075,118778538.7000,3,3.032200,1,2.611400,0
2021-08-13,sz.000731,6.6700,6.9000,6.6200,6.8900,6.6800,24745526,168734749.2900,3,4.183600,1,3.143700,0
2021-08-16,sz.000731,6.8500,6.9100,6.6300,6.6400,6.8900,18975939,127748793.5500,3,3.208200,1,-3.628400,0
2021-08-17,sz.000731,6.6200,6.7300,6.4200,6.4700,6.6400,13956979,91870957.0200,3,2.359700,1,-2.560200,0
2021-08-18,sz.000731,6.4600,6.6800,6.4400,6.5400,6.4700,11447144,75084534.8000,3,1.935300,1,1.081900,0
2021-08-19,sz.000731,6.5300,6.5500,6.3100,6.4200,6.5400,10547300,67411558.0000,3,1.783200,1,-1.834900,0
2021-08-20,sz.000731,6.3800,6.5700,6.2800,6.5700,6.4200,11899273,76730549.4700,3,2.011800,1,2.336400,0
2021-08-23,sz.000731,6.5800,6.8100,6.5500,6.8000,6.5700,14707700,98831704.0000,3,2.486600,1,3.500800,0
2021-08-24,sz.000731,6.8100,7.3500,6.7600,7.3000,6.8000,51066859,365266685.9300,3,8.633700,1,7.352900,0
2021-08-25,sz.000731,7.3900,7.5100,7.1400,7.3800,7.3000,36591576,268984640.8700,3,6.186400,1,1.095900,0
2021-08-26,sz.000731,7.4800,7.5400,7.2400,7.3800,7.3800,23065932,170151768.9200,3,3.899700,1,0.000000,0
2021-08-27,sz.000731,7.3800,7.6300,7.2600,7.5600,7.3800,30545325,228797837.2600,3,5.164200,1,2.439000,0
2021-08-30,sz.000731,7.6800,7.9800,7.6500,7.7700,7.5600,36522976,282742122.4100,3,6.174800,1,2.777800,0
2021-08-31,sz.000731,7.7700,7.8800,7.6200,7.8200,7.7700,29757806,231245378.5700,3,5.031000,1,0.643500,0
2021-09-01,sz.000731,7.8600,8.1000,7.4000,7.4700,7.8200,37852999,290809736.5000,3,6.399700,1,-4.475700,0
2021-09-02,sz.000731,7.5300,7.9500,7.5000,7.8500,7.4700,31158503,242711980.1300,3,5.267800,1,5.087000,0
2021-09-03,sz.000731,7.8900,7.9200,7.5600,7.6400,7.8500,22586075,174493714.2100,3,3.818500,1,-2.675200,0
2021-09-06,sz.000731,7.6200,7.6900,7.4100,7.5700,7.6400,18289531,137889930.7800,3,3.092100,1,-0.916200,0
2021-09-07,sz.000731,7.6400,7.8500,7.5700,7.7900,7.5700,20557327,158886711.3600,3,3.475500,1,2.906200,0
2021-09-08,sz.000731,7.8100,8.4400,7.8100,8.1700,7.7900,35625929,291012467.4400,3,6.023100,1,4.878000,0
2021-09-09,sz.000731,8.3300,8.9900,8.2600,8.6700,8.1700,82051469,719927325.2100,3,13.872100,1,6.120000,0
2021-09-10,sz.000731,8.9700,9.4200,8.7500,9.1400,8.6700,97421645,886142399.3400,3,16.470700,1,5.421000,0
2021-09-13,sz.000731,9.1100,10.0500,9.1000,10.0500,9.1400,73129649,710716500.2200,3,12.363800,1,9.956200,0
2021-09-14,sz.000731,11.0600,11.0600,10.2700,10.7400,10.0500,143931945,1556873674.3100,3,24.334000,1,6.865700,0
2021-09-15,sz.000731,10.7500,10.9400,10.1700,10.3800,10.7400,107669996,1124460065.6400,3,18.203400,1,-3.352000,0
2021-09-16,sz.000731,10.6000,11.4200,10.6000,11.4200,10.3800,143142475,1608531802.7300,3,24.200600,1,10.019300,0
2021-09-17,sz.000731,12.5600,12.5600,12.5600,12.5600,11.4200,19455660,244363089.6000,3,3.289300,1,9.982500,0
2021-09-22,sz.000731,12.9900,13.8200,12.5600,13.8200,12.5600,146731971,1955200126.6500,3,24.807400,1,10.031800,0
2021-09-23,sz.000731,14.0500,14.6800,13.4000,13.8200,13.8200,158749105,2236079965.2900,3,26.839100,1,0.000000,0
2021-09-24,sz.000731,14.1900,14.3400,12.4400,12.4400,13.8200,123321580,1581507671.5800,3,20.849500,1,-9.985500,0
2021-09-27,sz.000731,12.2600,12.5700,11.3200,11.6400,12.4400,113862323,1358091605.7200,3,19.250300,1,-6.430900,0
2021-09-28,sz.000731,11.9300,12.3900,11.5900,12.1500,11.6400,120070579,1438964628.7700,3,20.299900,1,4.381400,0
2021-09-29,sz.000731,11.5800,11.7800,10.9400,10.9400,12.1500,74052708,831423619.9400,3,12.519800,1,-9.958800,0
2021-09-30,sz.000731,10.5600,11.0300,10.3600,10.8500,10.9400,96541452,1034968746.4000,3,16.321900,1,-0.822700,0
2021-10-08,sz.000731,11.2600,11.5900,10.7600,11.1600,10.8500,96322146,1080156788.0600,3,16.284800,1,2.857100,0
2021-10-11,sz.000731,11.2200,11.4700,10.7000,11.2900,11.1600,79103132,881901342.7300,3,13.373700,1,1.164900,0
2021-10-12,sz.000731,11.0000,11.1400,10.1600,10.1600,11.2900,72879969,763147907.5900,3,12.321500,1,-10.008900,0
2021-10-13,sz.000731,9.6000,9.6000,9.1400,9.1400,10.1600,90218393,833483216.3000,3,15.402900,1,-10.039400,0
2021-10-14,sz.000731,8.9100,9.2300,8.7700,9.0700,9.1400,73154313,659509588.8800,3,12.489600,1,-0.765900,0
2021-10-15,sz.000731,9.2200,9.2500,8.6000,9.0000,9.0700,59667179,531956358.1000,3,10.186900,1,-0.771800,0
2021-10-18,sz.000731,9.0100,9.4300,8.9500,9.3500,9.0000,79052509,726567700.4300,3,13.496600,1,3.888900,0
2021-10-19,sz.000731,9.3300,10.1600,9.2100,9.9000,9.3500,111102759,1081571204.3600,3,18.968500,1,5.882400,0
2021-10-20,sz.000731,9.4000,10.6500,9.2800,10.4100,9.9000,100479790,1012406218.1200,3,17.154800,1,5.151500,0
2021-10-21,sz.000731,10.3800,11.4500,10.1900,11.4500,10.4100,92081969,1001823716.7400,3,15.721100,1,9.990400,0
2021-10-22,sz.000731,11.5300,12.1800,11.1900,11.2300,11.4500,130227614,1513457101.0900,3,22.233600,1,-1.921400,0
2021-10-25,sz.000731,11.4000,11.5100,10.5100,11.3700,11.2300,96240944,1067876913.6600,3,16.431100,1,1.246700,0
2021-10-26,sz.000731,11.3800,11.4700,10.6300,10.7200,11.3700,77302117,844674201.7700,3,13.197700,1,-5.716800,0
2021-10-27,sz.000731,10.7200,11.3000,10.6300,11.0600,10.7200,85741329,942717271.8100,3,14.638500,1,3.171600,0
2021-10-28,sz.000731,10.8300,10.9900,9.9500,9.9500,11.0600,67270325,694039520.6300,3,11.485000,1,-10.036200,0
2021-10-29,sz.000731,10.1500,10.4000,9.9000,10.0900,9.9500,53944361,548945413.5800,3,9.209900,1,1.407000,0
2021-11-01,sz.000731,10.2500,10.5100,9.9200,10.1200,10.0900,52965884,541941255.9300,3,9.042800,1,0.297300,0
2021-11-02,sz.000731,10.2400,10.2700,9.2000,9.3700,10.1200,59166405,567353372.8600,3,10.101400,1,-7.411100,0
2021-11-03,sz.000731,9.5400,9.5600,8.9300,9.1000,9.3700,38707144,351684382.9400,3,6.608400,1,-2.881500,0
2021-11-04,sz.000731,9.2400,9.2500,8.7600,8.8700,9.1000,49973471,445479216.6900,3,8.531900,1,-2.527500,0
2021-11-05,sz.000731,8.7200,8.7700,8.1800,8.2300,8.8700,57690618,484868774.8900,3,9.849500,1,-7.215300,0
2021-11-08,sz.000731,8.2900,8.2900,7.9900,8.1100,8.2300,47407194,385217849.9200,3,8.093800,1,-1.458100,0
2021-11-09,sz.000731,8.1100,8.4200,8.0300,8.4000,8.1100,65230799,536928004.2700,3,11.136800,1,3.575800,0
2021-11-10,sz.000731,8.3000,8.4000,8.0700,8.2900,8.4000,54443836,447622902.1000,3,9.295100,1,-1.309500,0
2021-11-11,sz.000731,8.2400,8.5600,8.2000,8.4300,8.2900,55136359,463438549.0300,3,9.413400,1,1.688800,0
2021-11-12,sz.000731,8.5400,8.9000,8.5000,8.6600,8.4300,74804817,650697735.0800,3,12.771300,1,2.728400,0
2021-11-15,sz.000731,8.3700,8.4700,7.9300,8.0600,8.6600,73428522,596520117.7500,3,12.536400,1,-6.928400,0
2021-11-16,sz.000731,8.0300,8.1500,7.8500,7.8600,8.0600,45172038,361856937.0200,3,7.712200,1,-2.481400,0
2021-11-17,sz.000731,7.8000,8.3100,7.7700,8.2200,7.8600,51877182,420526850.5000,3,8.856900,1,4.580200,0
2021-11-18,sz.000731,8.1400,8.3200,8.0900,8.1400,8.2200,33995486,278236531.5000,3,5.804000,1,-0.973200,0
2021-11-19,sz.000731,8.1600,8.3500,7.9800,8.3000,8.1400,45453116,373189999.4200,3,7.760200,1,1.965600,0
2021-11-22,sz.000731,8.3900,8.5000,8.2400,8.4200,8.3000,45514728,382182276.9200,3,7.770700,1,1.445800,0
2021-11-23,sz.000731,8.4600,8.5900,8.3300,8.3600,8.4200,39487732,333568146.7000,3,6.741700,1,-0.712600,0
2021-11-24,sz.000731,8.3800,8.5000,8.2400,8.3800,8.3600,39674015,331741281.6300,3,6.773500,1,0.239200,0
2021-11-25,sz.000731,8.4000,8.4200,8.2300,8.2900,8.3800,26731235,221944301.0700,3,4.563800,1,-1.074000,0
2021-11-26,sz.000731,8.2400,8.7700,8.2300,8.6600,8.2900,63126664,541434822.6800,3,10.777500,1,4.463200,0
2021-11-29,sz.000731,8.4300,8.4600,8.2800,8.3700,8.6600,43612146,364516114.7300,3,7.445900,1,-3.348700,0
2021-11-30,sz.000731,8.3900,8.8800,8.3600,8.7500,8.3700,59864446,517104305.3400,3,10.220600,1,4.540000,0
2021-12-01,sz.000731,8.6800,8.9000,8.5500,8.8700,8.7500,50189583,437158112.6600,3,8.568800,1,1.371400,0
2021-12-02,sz.000731,8.9000,9.1400,8.8100,8.8100,8.8700,55517873,496021546.2400,3,9.478500,1,-0.676400,0
2021-12-03,sz.000731,8.7400,8.8200,8.5600,8.7200,8.8100,35190275,304864798.4900,3,6.008000,1,-1.021600,0
2021-12-06,sz.000731,8.7000,8.8800,8.6300,8.7100,8.7200,32218689,282035413.7100,3,5.500700,1,-0.114700,0
2021-12-07,sz.000731,8.7100,8.7700,8.3800,8.5400,8.7100,31841913,272091822.3300,3,5.436300,1,-1.951800,0
2021-12-08,sz.000731,8.5600,8.6300,8.4600,8.5800,8.5400,19148882,163946473.6300,3,3.269300,1,0.468400,0
2021-12-09,sz.000731,8.5700,8.7100,8.4200,8.4600,8.5800,23043382,195666486.8500,3,3.934200,1,-1.398600,0
2021-12-10,sz.000731,8.4500,8.8500,8.3800,8.7500,8.4600,42661643,368769833.7000,3,7.283600,1,3.427900,0
2021-12-13,sz.000731,8.7900,9.5000,8.6800,9.3800,8.7500,73036471,665115123.1500,3,12.469400,1,7.200000,0
2021-12-14,sz.000731,9.3300,9.4000,9.0200,9.0400,9.3800,48030801,439239862.9200,3,8.200200,1,-3.624700,0
2021-12-15,sz.000731,8.9800,9.3000,8.9800,9.0600,9.0400,35704091,325989460.4100,3,6.095700,1,0.221200,0
2021-12-16,sz.000731,9.0600,9.1800,9.0100,9.1200,9.0600,24007901,218556218.1500,3,4.098800,1,0.662300,0
2021-12-17,sz.000731,9.1300,9.1600,8.8000,8.8300,9.1200,30964772,276435821.9600,3,5.286600,1,-3.179800,0
2021-12-20,sz.000731,8.7500,8.9000,8.4300,8.4500,8.8300,29183531,251581716.3900,3,4.982500,1,-4.303500,0
2021-12-21,sz.000731,8.4300,8.8500,8.3800,8.7500,8.4500,26374092,228311778.3600,3,4.502800,1,3.550300,0
2021-12-22,sz.000731,8.7500,9.1500,8.7100,8.9700,8.7500,36923495,331871549.8100,3,6.303900,1,2.514300,0
2021-12-23,sz.000731,8.9900,9.3700,8.9100,9.0500,8.9700,41920708,384738694.5200,3,7.157100,1,0.891900,0
2021-12-24,sz.000731,9.1300,9.1500,8.7100,8.7400,9.0500,30746400,272813231.7400,3,5.249300,1,-3.425400,0
2021-12-27,sz.000731,8.7500,9.0400,8.6000,8.9100,8.7400,28223209,248611433.0300,3,4.818500,1,1.945100,0
2021-12-28,sz.000731,8.8500,9.1600,8.8100,9.0700,8.9100,31086116,280460849.9000,3,5.307300,1,1.795700,0
2021-12-29,sz.000731,9.0800,9.3000,8.9200,9.1900,9.0700,42452950,390199761.1700,3,7.247900,1,1.323000,0
2021-12-30,sz.000731,9.5500,10.1100,9.4700,10.1100,9.1900,93104248,918445311.3800,3,15.895600,1,10.010900,0
2021-12-31,sz.000731,10.0900,10.6600,9.7100,10.3800,10.1100,110535063,1128813881.5600,3,18.871500,1,2.670600,0
2022-01-04,sz.000731,10.5300,10.6000,9.9500,10.3000,10.3800,70811350,724880288.2600,3,12.089500,1,-0.770700,0
2022-01-05,sz.000731,10.1800,10.2000,9.6000,9.7400,10.3000,62471834,615605290.7900,3,10.665800,1,-5.436900,0
2022-01-06,sz.000731,9.7400,9.9300,9.6900,9.8500,9.7400,38557869,378121290.5700,3,6.582900,1,1.129400,0
2022-01-07,sz.000731,9.8000,10.3000,9.6500,10.2000,9.8500,62788225,628041717.9000,3,10.719800,1,3.553300,0
2022-01-10,sz.000731,10.2000,10.2000,9.8300,10.0600,10.2000,34455608,345022191.5500,3,5.882600,1,-1.372500,0
2022-01-11,sz.000731,10.0000,10.3100,9.9400,10.1900,10.0600,41516207,422319714.2700,3,7.088000,1,1.292200,0
2022-01-12,sz.000731,10.2100,10.5600,10.0100,10.4400,10.1900,45013796,463189345.3400,3,7.685200,1,2.453400,0
2022-01-13,sz.000731,10.4400,10.6300,9.8500,9.8900,10.4400,47694740,484971145.7200,3,8.142900,1,-5.268200,0
2022-01-14,sz.000731,9.6000,9.8000,9.2800,9.2900,9.8900,52299977,496781351.7500,3,8.929100,1,-6.066700,0
2022-01-17,sz.000731,9.2000,9.3900,9.1100,9.3300,9.2900,27562153,255057417.6100,3,4.705700,1,0.430600,0
2022-01-18,sz.000731,9.2500,9.2600,8.8600,8.9300,9.3300,39186392,353377974.2800,3,6.690300,1,-4.287200,0
2022-01-19,sz.000731,9.2400,9.4300,9.1600,9.1900,8.9300,39571161,367346551.2400,3,6.755900,1,2.911500,0
2022-01-20,sz.000731,9.2100,9.2700,8.7100,8.7900,9.1900,35187003,314333620.8500,3,6.007400,1,-4.352600,0
2022-01-21,sz.000731,8.6500,8.7800,8.6000,8.6400,8.7900,17762894,153982002.1200,3,3.032600,1,-1.706500,0
2022-01-24,sz.000731,8.5700,8.7100,8.4100,8.6000,8.6400,17221362,147144886.4000,3,2.940200,1,-0.463000,0
2022-01-25,sz.000731,8.6000,8.7500,8.4700,8.6100,8.6000,22673941,195827365.3200,3,3.871100,1,0.116300,0
2022-01-26,sz.000731,8.5000,8.6600,8.4800,8.5600,8.6100,13530973,115936692.4800,3,2.310100,1,-0.580700,0
2022-01-27,sz.000731,8.5900,8.8500,8.5800,8.6900,8.5600,24285333,211598058.1000,3,4.146200,1,1.518700,0
2022-01-28,sz.000731,8.7100,8.7700,8.1300,8.7400,8.6900,27469241,234068845.2700,3,4.689800,1,0.575400,0
2022-02-07,sz.000731,8.8000,9.1500,8.8000,9.1400,8.7400,26735624,240893031.1100,3,4.564500,1,4.576700,0
2022-02-08,sz.000731,9.1000,9.2700,8.9600,9.2600,9.1400,25859471,236059064.2200,3,4.415000,1,1.312900,0
2022-02-09,sz.000731,9.3000,9.3500,9.1300,9.2700,9.2600,22814747,211002883.1400,3,3.895100,1,0.108000,0
2022-02-10,sz.000731,9.2700,9.5700,9.1900,9.5100,9.2700,33262242,312935994.6700,3,5.678800,1,2.589000,0
2022-02-11,sz.000731,9.4100,9.4300,9.1400,9.1700,9.5100,26106936,241495117.7800,3,4.457200,1,-3.575200,0
2022-02-14,sz.000731,9.1500,9.4400,9.0900,9.2200,9.1700,21910582,203821087.2600,3,3.740800,1,0.545300,0
2022-02-15,sz.000731,9.1700,9.2400,9.1100,9.2100,9.2200,14908049,136903555.7100,3,2.545200,1,-0.108500,0
2022-02-16,sz.000731,9.2500,9.4200,9.2100,9.3700,9.2100,20964102,195586778.5400,3,3.579200,1,1.737200,0
2022-02-17,sz.000731,9.3200,9.5900,9.3200,9.4600,9.3700,33646928,318784890.6700,3,5.744500,1,0.960500,0
2022-02-18,sz.000731,9.3500,9.5000,9.2300,9.4800,9.4600,21904730,206291206.7800,3,3.739800,1,0.211400,0
2022-02-21,sz.000731,9.5000,9.5700,9.3700,9.5600,9.4800,23529643,222458207.1900,3,4.017200,1,0.843900,0
2022-02-22,sz.000731,9.5800,9.9500,9.5300,9.7800,9.5600,49346032,481324183.2100,3,8.424800,1,2.301300,0
2022-02-23,sz.000731,9.7700,9.9300,9.6100,9.8400,9.7800,42218753,411869787.4800,3,7.208000,1,0.613500,0
2022-02-24,sz.000731,9.7100,10.1100,9.5400,9.7000,9.8400,57231831,564371267.4500,3,9.771100,1,-1.422800,0
2022-02-25,sz.000731,9.7000,9.8300,9.5300,9.6000,9.7000,39898590,385779789.4800,3,6.811800,1,-1.030900,0
2022-02-28,sz.000731,9.6800,9.8400,9.5600,9.8000,9.6000,36641290,356265792.0000,3,6.255700,1,2.083300,0
2022-03-01,sz.000731,9.7900,9.7900,9.5100,9.6200,9.8000,29563403,284806320.0000,3,5.047300,1,-1.836700,0
2022-03-02,sz.000731,9.6400,9.8500,9.6100,9.6800,9.6200,26075457,253094763.0000,3,4.451800,1,0.623700,0
2022-03-03,sz.000731,9.6900,10.3300,9.6700,10.1600,9.6800,68649248,685481648.0000,3,11.720400,1,4.958700,0
2022-03-04,sz.000731,10.0800,10.0800,9.6400,9.6700,10.1600,48615207,476948192.0000,3,8.300000,1,-4.822800,0
2022-03-07,sz.000731,9.7900,10.5800,9.7000,10.1900,9.6700,81934289,829476816.0000,3,13.988600,1,5.377500,0
2022-03-08,sz.000731,9.9900,10.0500,9.6000,9.7900,10.1900,54949871,540273792.0000,3,9.381500,1,-3.925400,0
2022-03-09,sz.000731,9.7900,9.8100,8.8100,8.9800,9.7900,61159724,549880624.0000,3,10.441700,1,-8.273700,0
2022-03-10,sz.000731,9.0700,9.1400,8.7600,9.0000,8.9800,35699781,321096928.0000,3,6.095000,1,0.222700,0
2022-03-11,sz.000731,8.8800,9.2800,8.5000,9.2100,9.0000,34453325,307801376.0000,3,5.882200,1,2.333300,0
2022-03-14,sz.000731,9.1700,9.4900,9.0200,9.0400,9.2100,31696195,294102224.0000,3,5.411500,1,-1.845800,0
2022-03-15,sz.000731,8.9000,9.0300,8.2800,8.3200,9.0400,32289969,280058832.0000,3,5.512800,1,-7.964600,0
2022-03-16,sz.000731,8.5300,8.5800,8.0100,8.5000,8.3200,27873546,232038603.0000,3,4.758800,1,2.163500,0
2022-03-17,sz.000731,8.5900,8.8200,8.5400,8.6000,8.5000,26820684,233226929.0000,3,4.579100,1,1.176500,0
2022-03-18,sz.000731,8.5900,8.7400,8.5400,8.6900,8.6000,15139276,131401643.3600,3,2.584700,1,1.046500,0
2022-03-21,sz.000731,8.7700,9.1700,8.7400,9.0500,8.6900,30450278,274275255.4200,3,5.198700,1,4.142700,0
2022-03-22,sz.000731,9.0100,9.1400,8.9500,9.0200,9.0500,17728411,160151272.7000,3,3.026800,1,-0.331500,0
2022-03-23,sz.000731,9.0700,9.1300,8.9400,9.0400,9.0200,15191012,137285790.4000,3,2.593500,1,0.221700,0
2022-03-24,sz.000731,9.0200,9.1000,8.8400,9.0100,9.0400,18754380,168380147.9800,3,3.201900,1,-0.331900,0
2022-03-25,sz.000731,8.9400,9.2100,8.9000,9.0600,9.0100,21593396,196571955.7400,3,3.686600,1,0.554900,0
2022-03-28,sz.000731,9.0000,9.0600,8.8000,8.9800,9.0600,18202668,162569056.4300,3,3.107700,1,-0.883000,0
2022-03-29,sz.000731,9.0200,9.8800,8.9200,9.8700,8.9800,83094478,793244994.7400,3,14.186600,1,9.910900,0
2022-03-30,sz.000731,9.5500,9.6600,9.4000,9.5800,9.8700,67946415,647060579.4300,3,11.600400,1,-2.938200,0
2022-03-31,sz.000731,9.5500,10.0600,9.5100,9.6600,9.5800,54959674,534224450.3400,3,9.383200,1,0.835100,0
2022-04-01,sz.000731,9.6700,9.8900,9.6000,9.6100,9.6600,40327234,392019010.0600,3,6.885000,1,-0.517600,0
2022-04-06,sz.000731,9.5000,9.8200,9.4600,9.7900,9.6100,35790370,347945568.4100,3,6.110500,1,1.873000,0
2022-04-07,sz.000731,9.7800,10.0700,9.5900,9.8500,9.7900,55484748,546822476.4300,3,9.472900,1,0.612900,0
2022-04-08,sz.000731,9.7500,10.5100,9.6500,10.1000,9.8500,99590964,1014267514.6600,3,17.003100,1,2.538100,0
2022-04-11,sz.000731,10.1000,10.6900,9.9800,10.4700,10.1000,94201659,975952642.1700,3,16.083000,1,3.663400,0
2022-04-12,sz.000731,10.3000,10.3000,9.7300,10.1600,10.4700,65884275,663978603.9000,3,11.248400,1,-2.960800,0
2022-04-13,sz.000731,10.0700,10.4700,9.9500,9.9700,10.1600,59751362,608411266.3900,3,10.201300,1,-1.870100,0
2022-04-14,sz.000731,9.8300,10.4000,9.6000,10.3100,9.9700,70627042,711356226.3900,3,12.058100,1,3.410200,0
2022-04-15,sz.000731,10.2300,10.5500,9.8600,9.9900,10.3100,64861062,665667758.5900,3,11.073700,1,-3.103800,0
2022-04-18,sz.000731,9.6800,10.1500,9.6500,9.8500,9.9900,40329967,399067417.9400,3,6.885500,1,-1.401400,0
2022-04-19,sz.000731,9.8300,10.3200,9.7600,10.3200,9.8500,55532300,566232734.9000,3,9.481000,1,4.771600,0
2022-04-20,sz.000731,10.2300,10.3500,9.9000,10.0300,10.3200,48495680,491131464.0500,3,8.279600,1,-2.810100,0
2022-04-21,sz.000731,10.0600,10.0600,9.0300,9.0300,10.0300,60880412,568870537.9100,3,10.394000,1,-9.970100,0
2022-04-22,sz.000731,8.7500,9.0000,8.5000,8.8100,9.0300,34821796,305241075.0000,3,5.945100,1,-2.436300,0
2022-04-25,sz.000731,8.6500,8.9800,8.4200,8.4800,8.8100,39957441,347617733.8600,3,6.821900,1,-3.745700,0
2022-04-26,sz.000731,8.6500,8.6900,7.7900,7.8900,8.4800,44572477,363768487.9100,3,7.609800,1,-6.957500,0
2022-04-27,sz.000731,7.7000,8.3200,7.6000,8.3100,7.8900,38965814,311705006.2400,3,6.652600,1,5.323200,0
2022-04-28,sz.000731,8.2400,8.5100,8.1300,8.2600,8.3100,33232068,275799944.3000,3,5.673700,1,-0.601700,0
2022-04-29,sz.000731,8.3600,8.6000,8.2500,8.4700,8.2600,30509991,256355175.7100,3,5.208900,1,2.542400,0
2022-05-05,sz.000731,8.6000,9.0200,8.5200,8.8700,8.4700,36285562,318347577.1900,3,6.195000,1,4.722600,0
2022-05-06,sz.000731,8.6300,9.0600,8.6000,8.8100,8.8700,36279341,322229855.4800,3,6.193900,1,-0.676400,0
2022-05-09,sz.000731,8.7800,9.0200,8.7400,8.9500,8.8100,21269763,189621146.5900,3,3.631400,1,1.589100,0
2022-05-10,sz.000731,8.7800,8.9300,8.5900,8.9300,8.9500,26320388,230622544.4400,3,4.493700,1,-0.223500,0
2022-05-11,sz.000731,8.8800,9.1200,8.7700,8.7800,8.9300,33956890,305103276.5800,3,5.797400,1,-1.679700,0
2022-05-12,sz.000731,8.8000,8.9000,8.6100,8.8000,8.7800,20588220,180423210.3400,3,3.515000,1,0.227800,0
2022-05-13,sz.000731,8.8000,9.0600,8.8000,8.9000,8.8000,27002682,240552822.5200,3,4.610100,1,1.136400,0
2022-05-16,sz.000731,9.0500,9.2700,9.0300,9.1900,8.9000,41353940,379193844.4700,3,7.060300,1,3.258400,0
2022-05-17,sz.000731,9.2000,9.2100,8.9400,9.1000,9.1900,26693436,241873251.9600,3,4.557300,1,-0.979300,0
2022-05-18,sz.000731,9.0300,9.1500,8.8600,8.8800,9.1000,26827885,240962296.4300,3,4.580300,1,-2.417600,0
2022-05-19,sz.000731,8.7200,8.8700,8.6600,8.8500,8.8800,18430623,162086715.9100,3,3.146600,1,-0.337800,0
2022-05-20,sz.000731,8.8600,9.0400,8.8300,9.0200,8.8500,23406677,209594916.0500,3,3.996200,1,1.920900,0
2022-05-23,sz.000731,9.0500,9.2300,9.0200,9.1900,9.0200,31520102,289030518.5900,3,5.381400,1,1.884700,0
2022-05-24,sz.000731,9.1700,9.2500,8.7200,8.7300,9.1900,32653775,292804379.8300,3,5.574900,1,-5.005400,0
2022-05-25,sz.000731,8.7300,8.8700,8.6500,8.8400,8.7300,16755000,147140888.0000,3,2.860600,1,1.260000,0
2022-05-26,sz.000731,8.8400,9.0000,8.5700,8.8800,8.8400,23270936,204314916.8500,3,3.973000,1,0.452500,0
2022-05-27,sz.000731,8.8700,9.2000,8.8600,9.0900,8.8800,39994915,363124663.7600,3,6.828300,1,2.364900,0
2022-05-30,sz.000731,9.1500,9.4300,8.9800,9.3500,9.0900,39093335,361386090.4200,3,6.674400,1,2.860300,0
2022-05-31,sz.000731,9.3100,9.4400,9.2400,9.3800,9.3500,32276456,301213967.8200,3,5.510500,1,0.320900,0
2022-06-01,sz.000731,9.3300,9.5800,9.2900,9.4000,9.3800,31399808,295550021.5600,3,5.360900,1,0.213200,0
2022-06-02,sz.000731,9.3400,9.3500,9.1500,9.1700,9.4000,32165750,295978177.2100,3,5.491600,1,-2.446800,0
2022-06-06,sz.000731,9.1900,9.5000,9.1700,9.5000,9.1700,37743876,353984443.0100,3,6.444000,1,3.598700,0
2022-06-07,sz.000731,9.5200,9.5200,9.3100,9.3900,9.5000,26801299,251795835.3800,3,4.575800,1,-1.157900,0
2022-06-08,sz.000731,9.4500,9.5500,9.1500,9.4900,9.3900,32823359,308739174.1300,3,5.603900,1,1.065000,0
2022-06-09,sz.000731,9.4700,9.8800,9.4100,9.7900,9.4900,67804598,658028834.5400,3,11.576200,1,3.161200,0
2022-06-10,sz.000731,9.6100,9.8800,9.5900,9.8000,9.7900,52963700,517620483.0500,3,9.042400,1,0.102100,0
2022-06-13,sz.000731,9.6800,10.2000,9.6300,9.9900,9.8000,60842530,607613161.3300,3,10.387600,1,1.938800,0
2022-06-14,sz.000731,9.8300,10.1900,9.8000,10.1200,9.9900,52142100,521754000.4100,3,8.902200,1,1.301300,0
2022-06-15,sz.000731,10.2600,10.3300,9.7900,9.8200,10.1200,49975691,499150239.0100,3,8.532300,1,-2.964400,0
2022-06-16,sz.000731,9.8000,9.8900,9.6000,9.6600,9.8200,29339240,285360661.7600,3,5.009100,1,-1.629300,0
2022-06-17,sz.000731,9.6100,9.7700,9.5000,9.7000,9.6600,26912964,259994940.1100,3,4.594800,1,0.414100,0
2022-06-20,sz.000731,9.6500,9.7000,9.3400,9.5000,9.7000,32025320,302924490.6800,3,5.467600,1,-2.061900,0
2022-06-21,sz.000731,9.4700,9.5400,9.1700,9.3200,9.5000,24629162,229979826.2400,3,4.204900,1,-1.894700,0
2022-06-22,sz.000731,9.3000,9.3500,9.0500,9.0600,9.3200,23179661,212995613.3000,3,3.957400,1,-2.789700,0
2022-06-23,sz.000731,9.0800,9.1800,8.8400,9.1800,9.0600,26008617,234232903.2900,3,4.440400,1,1.324500,0
2022-06-24,sz.000731,8.9800,9.1200,8.9500,9.0800,9.0100,19418275,175751099.0400,3,3.315300,1,0.776900,0
2022-06-27,sz.000731,9.1200,9.2300,9.0100,9.1800,9.0800,17744378,162553024.1300,3,3.029500,1,1.101300,0
2022-06-28,sz.000731,9.2200,9.3400,9.1800,9.2800,9.1800,22149731,205406653.4600,3,3.781600,1,1.089300,0
2022-06-29,sz.000731,9.2500,9.3100,9.0600,9.0800,9.2800,21490333,197368513.5900,3,3.669000,1,-2.155200,0
2022-06-30,sz.000731,9.1000,9.1900,9.0700,9.1000,9.0800,13545117,123652608.5100,3,2.312500,1,0.220300,0
2022-07-01,sz.000731,9.0600,9.3800,9.0200,9.3000,9.1000,24547332,227099884.0200,3,4.190900,1,2.197800,0
2022-07-04,sz.000731,9.4000,9.5500,9.3000,9.4800,9.3000,28318302,266525750.3100,3,4.834800,1,1.935500,0
2022-07-05,sz.000731,9.4000,9.8200,9.3300,9.8200,9.4800,49425939,477954319.2800,3,8.438400,1,3.586500,0
2022-07-06,sz.000731,9.7000,9.7200,9.2700,9.3800,9.8200,40445336,381770064.1100,3,6.905200,1,-4.480700,0
2022-07-07,sz.000731,9.2900,9.4600,9.2300,9.3300,9.3800,17472733,163701302.6500,3,2.983100,1,-0.533000,0
2022-07-08,sz.000731,9.3700,9.4600,9.2100,9.2400,9.3300,17382726,161979457.3800,3,2.967700,1,-0.964600,0
2022-07-11,sz.000731,9.1400,9.1400,8.9300,8.9800,9.2400,19313682,174053538.5400,3,3.297400,1,-2.813900,0
2022-07-12,sz.000731,8.9800,9.0600,8.9200,8.9400,8.9800,11249448,100981274.8800,3,1.920600,1,-0.445400,0
2022-07-13,sz.000731,8.9200,9.0000,8.8200,9.0000,8.9400,13149988,117122838.3400,3,2.245100,1,0.671100,0
2022-07-14,sz.000731,8.9800,9.0000,8.8600,8.9600,9.0000,11340807,101290907.8900,3,1.936200,1,-0.444400,0
2022-07-15,sz.000731,9.0500,9.2700,9.0000,9.1400,8.9600,28631364,262103912.2100,3,4.888200,1,2.008900,0
2022-07-18,sz.000731,9.1500,9.4200,9.1300,9.4100,9.1400,24433849,227629735.3600,3,4.171600,1,2.954000,0
2022-07-19,sz.000731,9.4200,9.6500,9.3800,9.5200,9.4100,30437385,291049612.3600,3,5.196500,1,1.169000,0
2022-07-20,sz.000731,9.5500,9.5900,9.4800,9.5200,9.5200,18405726,175260075.2800,3,3.142400,1,0.000000,0
2022-07-21,sz.000731,9.5200,9.5200,9.2900,9.3100,9.5200,19667045,185213399.4500,3,3.357700,1,-2.205900,0
2022-07-22,sz.000731,9.3700,9.4400,9.1700,9.3000,9.3100,14237170,132526107.4000,3,2.430700,1,-0.107400,0
2022-07-25,sz.000731,9.2900,9.4600,9.1900,9.2400,9.3000,12859426,119806892.1000,3,2.195500,1,-0.645200,0
2022-07-26,sz.000731,9.2500,9.5000,9.1400,9.4900,9.2400,18028241,169126365.4000,3,3.077900,1,2.705600,0
2022-07-27,sz.000731,9.4500,9.6700,9.4300,9.5200,9.4900,20022124,191384873.4400,3,3.418400,1,0.316100,0
2022-07-28,sz.000731,9.5900,9.6600,9.4400,9.4800,9.5200,17801721,169462411.7400,3,3.039300,1,-0.420200,0
2022-07-29,sz.000731,9.5000,9.5800,9.3700,9.3800,9.4800,14197893,134413994.6700,3,2.424000,1,-1.054900,0
2022-08-01,sz.000731,9.3900,9.6400,9.2800,9.6400,9.3800,21951929,208226618.5300,3,3.747800,1,2.771900,0
2022-08-02,sz.000731,9.5500,9.5500,8.9500,9.0200,9.6400,32466434,296417961.1700,3,5.543000,1,-6.431500,0
2022-08-03,sz.000731,9.0400,9.3600,9.0000,9.0400,9.0200,21694630,199328038.1300,3,3.703900,1,0.221700,0
2022-08-04,sz.000731,9.0800,9.3200,9.0200,9.2200,9.0400,16126578,147809662.2700,3,2.753300,1,1.991200,0
2022-08-05,sz.000731,9.2200,9.2800,9.0700,9.2400,9.2200,14173900,129961490.0000,3,2.419900,1,0.216900,0
2022-08-08,sz.000731,9.2300,9.7400,9.1700,9.7000,9.2400,44110866,423046002.2900,3,7.531000,1,4.978400,0
2022-08-09,sz.000731,9.7400,9.7800,9.6000,9.7000,9.7000,29637307,287544108.4800,3,5.059900,1,0.000000,0
2022-08-10,sz.000731,9.6600,9.9300,9.6300,9.7100,9.7000,25221393,246056889.1100,3,4.306000,1,0.103100,0
2022-08-11,sz.000731,9.8000,9.9200,9.7300,9.8500,9.7100,20916465,205649221.2800,3,3.571000,1,1.441800,0
2022-08-12,sz.000731,9.8400,10.1800,9.8100,9.9900,9.8500,34387612,344893479.1900,3,5.871000,1,1.421300,0
2022-08-15,sz.000731,10.0300,10.2600,10.0300,10.1000,9.9900,27713354,280701695.7600,3,4.731500,1,1.101100,0
2022-08-16,sz.000731,10.0100,10.1400,9.9100,10.0600,10.1000,25956447,259995416.6700,3,4.431500,1,-0.396000,0
2022-08-17,sz.000731,10.0600,10.3100,9.8400,9.8900,10.0600,22768239,226935917.1000,3,3.887200,1,-1.689900,0
2022-08-18,sz.000731,9.9100,9.9500,9.7600,9.8100,9.8900,15690220,154226625.4000,3,2.678800,1,-0.808900,0
2022-08-19,sz.000731,9.8600,9.9100,9.6800,9.7000,9.8100,17146825,167889996.7500,3,2.927500,1,-1.121300,0
2022-08-22,sz.000731,9.6700,10.5100,9.6500,10.4500,9.7000,46084552,469296322.8500,3,7.868000,1,7.732000,0
2022-08-23,sz.000731,10.3900,10.7100,10.2300,10.5800,10.4500,53523243,562271721.8700,3,9.138000,1,1.244000,0
2022-08-24,sz.000731,10.6900,11.2800,10.5500,10.7200,10.5800,71473371,780932371.8500,3,12.202600,1,1.323300,0
2022-08-25,sz.000731,10.8100,11.0400,10.4100,10.7300,10.7200,53711684,574639084.1200,3,9.170100,1,0.093300,0
2022-08-26,sz.000731,10.8700,11.2400,10.6900,10.8000,10.7300,56696136,620907890.5800,3,9.679700,1,0.652400,0
2022-08-29,sz.000731,10.7300,10.8100,10.3500,10.6900,10.8000,36766824,391281065.6900,3,6.277200,1,-1.018500,0
2022-08-30,sz.000731,10.6000,10.6800,10.1300,10.2200,10.6900,37075907,382263980.1000,3,6.329900,1,-4.396600,0
2022-08-31,sz.000731,10.2000,10.2200,9.4900,9.5100,10.2200,43584431,424121722.4100,3,7.441100,1,-6.947200,0
2022-09-01,sz.000731,9.6500,9.6500,9.4500,9.4900,9.5100,21012957,200663892.1600,3,3.587500,1,-0.210300,0
2022-09-02,sz.000731,9.5500,9.6300,9.3500,9.5600,9.4900,21129543,200837312.1800,3,3.607400,1,0.737600,0
2022-09-05,sz.000731,9.5700,10.0500,9.5700,9.9300,9.5600,32779176,323188353.9900,3,5.596400,1,3.870300,0
2022-09-06,sz.000731,9.9200,10.9200,9.8200,10.9200,9.9300,82103342,881811637.6600,3,14.017400,1,9.969800,0
2022-09-07,sz.000731,11.0800,11.5000,10.5800,10.6600,10.9200,101057569,1104344452.3200,3,17.253500,1,-2.381000,0
2022-09-08,sz.000731,10.7400,10.7700,10.3300,10.3600,10.6600,45838780,479785401.8600,3,7.826000,1,-2.814300,0
2022-09-09,sz.000731,10.4400,10.6200,10.2000,10.4200,10.3600,36210655,376159120.5800,3,6.182200,1,0.579200,0
2022-09-13,sz.000731,10.4300,10.5000,10.2500,10.2600,10.4200,40018258,413516482.7900,3,6.832300,1,-1.535500,0
2022-09-14,sz.000731,10.1000,10.2200,9.9400,10.1300,10.2600,34526190,348140906.4100,3,5.894600,1,-1.267100,0
2022-09-15,sz.000731,10.1000,10.2400,9.6600,9.8400,10.1300,35835890,354578811.3200,3,6.118200,1,-2.862800,0
2022-09-16,sz.000731,9.8900,9.9300,9.6800,9.7500,9.8400,25951845,254896818.6400,3,4.430700,1,-0.914600,0
2022-09-19,sz.000731,9.7300,10.0900,9.6000,10.0300,9.7500,37469835,372764664.9400,3,6.397200,1,2.871800,0
2022-09-20,sz.000731,10.0700,10.0800,9.8000,9.9000,10.0300,33061758,328883318.9700,3,5.644600,1,-1.296100,0
2022-09-21,sz.000731,9.8500,10.1600,9.7700,10.1000,9.9000,39879947,401107311.8900,3,6.808700,1,2.020200,0
2022-09-22,sz.000731,10.0000,10.1500,9.9400,10.1500,10.1000,33252804,334241881.8100,3,5.677200,1,0.495000,0
2022-09-23,sz.000731,10.0400,10.1600,9.6800,9.7700,10.1500,33624991,333093969.7400,3,5.740800,1,-3.743800,0
2022-09-26,sz.000731,9.6200,9.6500,9.0800,9.1000,9.7700,41897858,388521949.2800,3,7.153200,1,-6.857700,0
2022-09-27,sz.000731,9.1000,9.2400,8.8500,9.1600,9.1000,24887713,224488863.9300,3,4.249100,1,0.659300,0
2022-09-28,sz.000731,9.1500,9.2200,8.7100,8.7100,9.1600,25628078,228327205.0900,3,4.375500,1,-4.912700,0
2022-09-29,sz.000731,8.8300,8.9300,8.7400,8.7800,8.7100,18368979,162141221.0400,3,3.136100,1,0.803700,0
2022-09-30,sz.000731,8.7700,8.9400,8.7300,8.8200,8.7800,15862269,140453552.2100,3,2.708100,1,0.455600,0
2022-10-10,sz.000731,8.9000,8.9500,8.5600,8.6200,8.8200,18890722,166287832.3400,3,3.225200,1,-2.267600,0
2022-10-11,sz.000731,8.6200,8.8600,8.5800,8.8500,8.6200,15947639,139217674.9700,3,2.722700,1,2.668200,0
2022-10-12,sz.000731,8.7800,8.9900,8.5800,8.9800,8.8500,20576373,180356912.3800,3,3.513000,1,1.468900,0
2022-10-13,sz.000731,8.9100,8.9800,8.8200,8.9000,8.9800,18302767,162589504.8000,3,3.124800,1,-0.890900,0
2022-10-14,sz.000731,8.9700,9.1600,8.9300,9.1100,8.9000,20585393,186739111.3900,3,3.514500,1,2.359600,0
2022-10-17,sz.000731,9.0400,9.1400,8.9700,9.1100,9.1100,16073360,145626297.9700,3,2.744200,1,0.000000,0
2022-10-18,sz.000731,9.1400,9.1700,8.9800,9.0000,9.1100,18051029,163356593.4400,3,3.081800,1,-1.207500,0
2022-10-19,sz.000731,8.9300,9.0500,8.9000,8.9100,9.0000,11836024,105890396.8500,3,2.020800,1,-1.000000,0
2022-10-20,sz.000731,8.8500,8.8800,8.5800,8.6700,8.9100,17067992,148786059.5200,3,2.914000,1,-2.693600,0
2022-10-21,sz.000731,8.7000,8.7300,8.6000,8.6300,8.6700,9937203,86083829.8100,3,1.696600,1,-0.461400,0
2022-10-24,sz.000731,8.6000,8.8500,8.5800,8.7100,8.6300,14523368,126612256.9900,3,2.479600,1,0.927000,0
2022-10-25,sz.000731,8.2600,8.2600,7.8400,8.0100,8.7100,35581623,283414864.3400,3,6.074800,1,-8.036700,0
2022-10-26,sz.000731,8.0100,8.1700,7.9600,8.0700,8.0100,14799330,119548081.1200,3,2.526700,1,0.749100,0
2022-10-27,sz.000731,8.0900,8.1100,7.9400,7.9700,8.0700,12246063,98441398.3800,3,2.090800,1,-1.239200,0
2022-10-28,sz.000731,7.9400,7.9400,7.6900,7.6900,7.9700,14248229,110932162.0100,3,2.432600,1,-3.513200,0
2022-10-31,sz.000731,7.6800,7.8000,7.6000,7.7300,7.6900,8143579,62848061.5300,3,1.390300,1,0.520200,0
2022-11-01,sz.000731,7.7400,7.9800,7.7400,7.9800,7.7300,10944970,86064127.2700,3,1.868600,1,3.234200,0
2022-11-02,sz.000731,7.9400,8.0800,7.9000,8.0400,7.9800,11978888,95965857.8400,3,2.045100,1,0.751900,0
2022-11-03,sz.000731,7.9500,8.1300,7.9400,8.0600,8.0400,9784423,78915128.2200,3,1.670500,1,0.248800,0
2022-11-04,sz.000731,8.0600,8.2500,8.0000,8.2200,8.0600,15077717,123271334.3300,3,2.574200,1,1.985100,0
2022-11-07,sz.000731,8.2400,8.3600,8.2100,8.2700,8.2200,13135744,108636789.6100,3,2.242700,1,0.608300,0
2022-11-08,sz.000731,8.2300,8.2700,8.1900,8.2500,8.2700,8204103,67534259.5700,3,1.400700,1,-0.241800,0
2022-11-09,sz.000731,8.2500,8.2800,8.1900,8.2100,8.2500,8139739,66993179.8000,3,1.389700,1,-0.484800,0
2022-11-10,sz.000731,8.1800,8.2200,8.1100,8.1800,8.2100,9543402,77912269.7800,3,1.629300,1,-0.365400,0
2022-11-11,sz.000731,8.3700,8.3900,8.2200,8.2300,8.1800,12206850,101035082.5300,3,2.084100,1,0.611200,0
2022-11-14,sz.000731,8.2700,8.4000,8.1500,8.1900,8.2300,12927897,107040342.6300,3,2.207200,1,-0.486000,0
2022-11-15,sz.000731,8.1600,8.3400,8.1300,8.3400,8.1900,13023788,107393957.1400,3,2.223500,1,1.831500,0
2022-11-16,sz.000731,8.3400,8.4900,8.2700,8.4400,8.3400,16951448,142396112.4400,3,2.894100,1,1.199000,0
2022-11-17,sz.000731,8.3700,8.3700,8.2500,8.3300,8.4400,11534094,95610299.3200,3,1.969200,1,-1.303300,0
2022-11-18,sz.000731,8.3000,8.3200,8.1800,8.2000,8.3300,9318378,76918215.8800,3,1.590900,1,-1.560600,0
2022-11-21,sz.000731,8.1100,8.2900,7.9500,8.2800,8.2000,9583281,78179852.3100,3,1.636100,1,0.975600,0
2022-11-22,sz.000731,8.2700,8.3100,8.1300,8.1600,8.2800,7085460,58213461.4000,3,1.209700,1,-1.449300,0
2022-11-23,sz.000731,8.1900,8.3500,8.1600,8.3300,8.1600,11893729,98526613.7800,3,2.030600,1,2.083300,0
2022-11-24,sz.000731,8.4200,8.5300,8.2900,8.4300,8.3300,18614842,156517038.7400,3,3.178100,1,1.200500,0
2022-11-25,sz.000731,8.4000,8.4100,8.2800,8.3400,8.4300,8983303,75047940.6600,3,1.533700,1,-1.067600,0
2022-11-28,sz.000731,8.2700,8.2800,8.1300,8.2400,8.3400,10203991,83714955.1800,3,1.742100,1,-1.199000,0
2022-11-29,sz.000731,8.1700,8.3800,8.1700,8.3800,8.2400,11071611,92194795.4000,3,1.890200,1,1.699000,0
2022-11-30,sz.000731,8.3800,8.5100,8.3500,8.4200,8.3800,14197626,119812210.6200,3,2.423900,1,0.477300,0
2022-12-01,sz.000731,8.4500,8.5100,8.4200,8.4500,8.4200,10536200,89096112.0000,3,1.798800,1,0.356300,0
2022-12-02,sz.000731,8.4500,8.4800,8.3900,8.4600,8.4500,8177901,68954800.4200,3,1.396200,1,0.118300,0
2022-12-05,sz.000731,8.5200,8.6700,8.4700,8.6700,8.4600,16661829,142713258.6600,3,2.844700,1,2.482300,0
2022-12-06,sz.000731,8.6300,8.7200,8.5600,8.7100,8.6700,17788593,153529245.5200,3,3.037000,1,0.461400,0
2022-12-07,sz.000731,8.6600,8.7200,8.5700,8.6000,8.7100,13014001,112216128.2000,3,2.221900,1,-1.262900,0
2022-12-08,sz.000731,8.5500,8.7500,8.5200,8.6100,8.6000,14262856,123258207.4100,3,2.435100,1,0.116300,0
2022-12-09,sz.000731,8.5900,8.6200,8.5000,8.5700,8.6100,9576899,81911813.4800,3,1.635100,1,-0.464600,0
2022-12-12,sz.000731,8.5900,8.5900,8.4000,8.4100,8.5700,10776158,91057578.3400,3,1.839800,1,-1.867000,0
2022-12-13,sz.000731,8.4000,8.4800,8.3600,8.3900,8.4100,7345500,61824723.0000,3,1.254100,1,-0.237800,0
2022-12-14,sz.000731,8.3900,8.4300,8.3000,8.3300,8.3900,7368059,61490709.8800,3,1.257900,1,-0.715100,0
2022-12-15,sz.000731,8.3100,8.3400,8.2500,8.2900,8.3300,6043901,50042396.2800,3,1.031900,1,-0.480200,0
2022-12-16,sz.000731,8.2500,8.3500,8.2500,8.2800,8.2900,5741279,47622881.3300,3,0.980200,1,-0.120600,0
2022-12-19,sz.000731,8.2600,8.3500,8.0100,8.0300,8.2800,9571557,77593719.2800,3,1.634100,1,-3.019300,0
2022-12-20,sz.000731,8.0100,8.1300,7.9800,8.0700,8.0300,4788199,38609035.0400,3,0.817500,1,0.498100,0
2022-12-21,sz.000731,8.0600,8.2200,8.0300,8.1300,8.0700,5153201,41891797.7100,3,0.879800,1,0.743500,0
2022-12-22,sz.000731,8.1200,8.1700,7.8500,7.9000,8.1300,8428475,67275065.2800,3,1.439000,1,-2.829000,0
2022-12-23,sz.000731,7.8100,7.9300,7.7900,7.8800,7.9000,4195821,32965768.2000,3,0.716300,1,-0.253200,0
2022-12-26,sz.000731,7.9000,7.9900,7.8900,7.9800,7.8800,3943801,31384713.1600,3,0.673300,1,1.269000,0
2022-12-27,sz.000731,7.9800,8.1300,7.9500,8.1100,7.9800,5992119,48177587.7500,3,1.023000,1,1.629100,0
2022-12-28,sz.000731,8.0700,8.1000,7.9700,8.0000,8.1100,4703286,37712352.0500,3,0.803000,1,-1.356400,0
2022-12-29,sz.000731,7.9800,7.9900,7.9000,7.9000,8.0000,3894801,30914646.9600,3,0.665000,1,-1.250000,0
2022-12-30,sz.000731,7.9300,7.9700,7.9200,7.9300,7.9000,3092329,24547764.1400,3,0.528000,1,0.379700,0
2023-01-03,sz.000731,7.9300,8.0700,7.9100,8.0600,7.9300,4773540,38202619.5400,3,0.815000,1,1.639300,0
2023-01-04,sz.000731,8.0600,8.0800,8.0000,8.0600,8.0600,4489414,36119963.5600,3,0.766500,1,0.000000,0
2023-01-05,sz.000731,8.0900,8.1200,8.0300,8.1200,8.0600,5646564,45682238.3900,3,0.964000,1,0.744400,0
2023-01-06,sz.000731,8.1200,8.2400,8.1100,8.2400,8.1200,9316603,76326558.6100,3,1.590600,1,1.477800,0
2023-01-09,sz.000731,8.2400,8.2900,8.2000,8.2300,8.2400,7110900,58563211.9800,3,1.214000,1,-0.121400,0
2023-01-10,sz.000731,8.2000,8.2300,8.1400,8.1600,8.2300,5489032,44836118.9000,3,0.937100,1,-0.850500,0
2023-01-11,sz.000731,8.1800,8.2400,8.1400,8.1600,8.1600,5666531,46332651.6800,3,0.967400,1,0.000000,0
2023-01-12,sz.000731,8.1600,8.2000,8.1400,8.1600,8.1600,3865067,31531134.0500,3,0.659900,1,0.000000,0
2023-01-13,sz.000731,8.1500,8.2200,8.1500,8.1900,8.1600,3818034,31222757.1300,3,0.651800,1,0.367600,0
2023-01-16,sz.000731,8.2000,8.2800,8.1800,8.2600,8.1900,5737699,47313332.8300,3,0.979600,1,0.854700,0
2023-01-17,sz.000731,8.2800,8.2800,8.2100,8.2300,8.2600,3479329,28649909.6700,3,0.594000,1,-0.363200,0
2023-01-18,sz.000731,8.2300,8.3300,8.2200,8.3200,8.2300,7066154,58584722.2700,3,1.206400,1,1.093600,0
2023-01-19,sz.000731,8.2900,8.4000,8.2700,8.3900,8.3200,6919605,57841216.5000,3,1.181400,1,0.841300,0
2023-01-20,sz.000731,8.3900,8.4900,8.3900,8.4900,8.3900,8083625,68416546.6100,3,1.380100,1,1.191900,0
2023-01-30,sz.000731,8.5900,8.6000,8.5000,8.5200,8.4900,10915194,93172066.6600,3,1.863500,1,0.353400,0
2023-01-31,sz.000731,8.4900,8.6400,8.4700,8.6400,8.5200,10336021,88777529.9000,3,1.764700,1,1.408500,0
2023-02-01,sz.000731,8.6400,8.6800,8.6000,8.6700,8.6400,9500114,82158038.7300,3,1.621900,1,0.347200,0
2023-02-02,sz.000731,8.6700,8.6800,8.5500,8.6200,8.6700,8978637,77304482.3100,3,1.532900,1,-0.576700,0
2023-02-03,sz.000731,8.5900,8.6100,8.4500,8.5500,8.6200,11335467,96583356.6500,3,1.935300,1,-0.812100,0
2023-02-06,sz.000731,8.5700,8.5700,8.4800,8.5100,8.5500,6054600,51539227.0000,3,1.033700,1,-0.467800,0
2023-02-07,sz.000731,8.5200,8.5700,8.5000,8.5500,8.5100,5484502,46786314.0400,3,0.936400,1,0.470000,0
2023-02-08,sz.000731,8.5600,8.5900,8.5200,8.5200,8.5500,6786848,58072001.7000,3,1.158700,1,-0.350900,0
2023-02-09,sz.000731,8.5400,8.5900,8.4700,8.5800,8.5200,7023318,60090386.7600,3,1.199100,1,0.704200,0
2023-02-10,sz.000731,8.6000,8.6600,8.5600,8.6300,8.5800,10054646,86667079.8100,3,1.716600,1,0.582800,0
2023-02-13,sz.000731,8.6500,8.7300,8.6200,8.7200,8.6300,12194282,105948507.3000,3,2.081900,1,1.042900,0
2023-02-14,sz.000731,8.7900,8.8200,8.6500,8.7000,8.7200,10267089,89280052.8000,3,1.752900,1,-0.229400,0
2023-02-15,sz.000731,8.7300,8.7300,8.5900,8.6100,8.7000,9686085,83624251.0000,3,1.653700,1,-1.034500,0
2023-02-16,sz.000731,8.6400,8.6400,8.3500,8.3900,8.6100,12886346,109851384.8600,3,2.200100,1,-2.555200,0
2023-02-17,sz.000731,8.3900,8.5600,8.3900,8.4900,8.3900,10853207,92295530.8500,3,1.853000,1,1.191900,0
2023-02-20,sz.000731,8.4500,8.6400,8.4300,8.6300,8.4900,9565217,81819716.9700,3,1.633100,1,1.649000,0
2023-02-21,sz.000731,8.7900,8.8400,8.6700,8.7700,8.6300,20232684,177250632.7600,3,3.454300,1,1.622200,0
2023-02-22,sz.000731,8.7800,8.8400,8.7000,8.7800,8.7700,10927615,95963650.9800,3,1.865700,1,0.114000,0
2023-02-23,sz.000731,8.8000,8.8100,8.6800,8.7300,8.7800,7068560,61761455.4000,3,1.206800,1,-0.569500,0
2023-02-24,sz.000731,8.7300,8.7300,8.6400,8.7000,8.7300,6267366,54372237.5600,3,1.070000,1,-0.343600,0
2023-02-27,sz.000731,8.6700,8.8700,8.6300,8.8200,8.7000,14605670,128550465.0200,3,2.493600,1,1.379300,0
2023-02-28,sz.000731,8.8100,8.8200,8.6500,8.7500,8.8200,10305138,89817332.4800,3,1.759400,1,-0.793700,0
2023-03-01,sz.000731,8.7600,8.7800,8.6800,8.7400,8.7500,8213211,71576096.5900,3,1.402200,1,-0.114300,0
2023-03-02,sz.000731,8.7300,8.7700,8.7000,8.7100,8.7400,7103480,61985734.5100,3,1.212800,1,-0.343200,0
2023-03-03,sz.000731,8.7100,8.7300,8.6400,8.6800,8.7100,11966293,103723846.0100,3,2.043000,1,-0.344400,0
2023-03-06,sz.000731,8.7200,8.7500,8.6400,8.7100,8.6800,8486238,73758295.3200,3,1.448800,1,0.345600,0
2023-03-07,sz.000731,8.7000,8.7600,8.5600,8.5600,8.7100,11137200,96642515.4000,3,1.901400,1,-1.722200,0
2023-03-08,sz.000731,8.5300,8.6000,8.5000,8.5900,8.5600,5200074,44452170.3800,3,0.887800,1,0.350500,0
2023-03-09,sz.000731,8.5900,8.6100,8.5200,8.5200,8.5900,4915790,42034345.8000,3,0.839300,1,-0.814900,0
2023-03-10,sz.000731,8.5000,8.6800,8.4500,8.5400,8.5200,11855896,101661179.9200,3,2.024100,1,0.234700,0
2023-03-13,sz.000731,8.3900,8.4700,8.2700,8.3600,8.5400,11282723,94321185.5400,3,1.926300,1,-2.107700,0
2023-03-14,sz.000731,8.3800,8.3800,8.1200,8.1500,8.3600,9112842,74785395.3000,3,1.555800,1,-2.512000,0
2023-03-15,sz.000731,8.2300,8.3500,8.2000,8.2700,8.1500,7613097,63031742.5300,3,1.299800,1,1.472400,0
2023-03-16,sz.000731,8.2700,8.3100,8.1500,8.1700,8.2700,6116300,50224913.6600,3,1.044200,1,-1.209200,0
2023-03-17,sz.000731,8.2600,8.2600,8.1900,8.2300,8.1700,5846391,48112886.7300,3,0.998100,1,0.734400,0
2023-03-20,sz.000731,8.2200,8.2600,8.1600,8.1800,8.2300,5496991,45036367.4700,3,0.938500,1,-0.607500,0
2023-03-21,sz.000731,8.2200,8.2500,8.1800,8.2400,8.1800,4077400,33485440.0000,3,0.696100,1,0.733500,0
2023-03-22,sz.000731,8.2500,8.2900,8.2200,8.2700,8.2400,5548728,45832022.2800,3,0.947300,1,0.364100,0
2023-03-23,sz.000731,8.2500,8.2600,8.2000,8.2500,8.2700,4501700,37051815.0000,3,0.768600,1,-0.241800,0
2023-03-24,sz.000731,8.2500,8.2600,8.1800,8.1900,8.2500,5343113,43853601.5900,3,0.912200,1,-0.727300,0
2023-03-27,sz.000731,8.2000,8.2000,8.0700,8.1200,8.1900,5872743,47682752.2500,3,1.002600,1,-0.854700,0
2023-03-28,sz.000731,8.1600,8.1600,8.0800,8.1100,8.1200,4314879,35019404.8500,3,0.736700,1,-0.123200,0
2023-03-29,sz.000731,8.1000,8.1100,8.0000,8.0000,8.1100,5354600,43035001.0000,3,0.914200,1,-1.356400,0
2023-03-30,sz.000731,8.0000,8.0500,7.9200,8.0500,8.0000,5950563,47490357.7800,3,1.015900,1,0.625000,0
2023-03-31,sz.000731,8.1000,8.1000,8.0500,8.0600,8.0500,3844717,31031756.3900,3,0.656400,1,0.124200,0
2023-04-03,sz.000731,8.0600,8.1300,8.0600,8.1200,8.0600,3654938,29636595.5600,3,0.624000,1,0.744400,0
2023-04-04,sz.000731,8.1400,8.1400,8.0300,8.0500,8.1200,4735238,38172733.5200,3,0.808400,1,-0.862100,0
2023-04-06,sz.000731,8.0200,8.1000,7.9800,8.0900,8.0500,4514749,36262830.0400,3,0.770800,1,0.496900,0
2023-04-07,sz.000731,8.1000,8.1400,8.0700,8.1000,8.0900,4146629,33595887.6000,3,0.707900,1,0.123600,0
2023-04-10,sz.000731,8.1100,8.1100,8.0500,8.0700,8.1000,3298195,26637106.0900,3,0.563100,1,-0.370400,0
2023-04-11,sz.000731,8.0900,8.1200,8.0600,8.0900,8.0700,3429073,27723651.8400,3,0.585400,1,0.247800,0
2023-04-12,sz.000731,8.1100,8.1400,8.0800,8.1100,8.0900,3716128,30117207.2400,3,0.634500,1,0.247200,0
2023-04-13,sz.000731,8.1100,8.1900,8.0800,8.1900,8.1100,6057141,49216030.0400,3,1.034100,1,0.986400,0
2023-04-14,sz.000731,8.1900,8.2500,8.1400,8.2400,8.1900,5915992,48461618.4700,3,1.010000,1,0.610500,0
2023-04-17,sz.000731,8.2000,8.3100,8.2000,8.2800,8.2400,5818478,48073161.7100,3,0.993400,1,0.485400,0
2023-04-18,sz.000731,8.3100,8.3200,8.2400,8.2600,8.2800,5276035,43633877.7500,3,0.900800,1,-0.241500,0
2023-04-19,sz.000731,8.2800,8.3000,8.1600,8.1600,8.2600,4777035,39153615.3000,3,0.815600,1,-1.210700,0
2023-04-20,sz.000731,8.1700,8.2600,8.0700,8.2400,8.1600,6137136,50071607.9400,3,1.047800,1,0.980400,0
2023-04-21,sz.000731,8.2200,8.2700,8.1000,8.1000,8.2400,5352942,43740279.6600,3,0.913900,1,-1.699000,0
2023-04-24,sz.000731,8.1000,8.1300,7.8900,7.9600,8.1000,8179136,65471541.4200,3,1.396400,1,-1.728400,0
2023-04-25,sz.000731,8.1000,8.2400,8.0500,8.1100,7.9600,9816154,79757808.7000,3,1.675900,1,1.884400,0
2023-04-26,sz.000731,8.1200,8.2200,8.0300,8.1900,8.1100,5930893,48322933.5100,3,1.012600,1,0.986400,0
2023-04-27,sz.000731,8.1800,8.2100,8.1300,8.1800,8.1900,5259068,42984111.1600,3,0.897900,1,-0.122100,0
2023-04-28,sz.000731,8.1700,8.3000,8.1700,8.2700,8.1800,8365306,69105005.4000,3,1.428200,1,1.100200,0
2023-05-04,sz.000731,8.2700,8.4400,8.2500,8.4300,8.2700,10853748,91116916.4600,3,1.853000,1,1.934700,0
2023-05-05,sz.000731,8.3800,8.4400,8.3400,8.3800,8.4300,5779133,48469903.9800,3,0.986700,1,-0.593100,0
2023-05-08,sz.000731,8.3800,8.4600,8.3800,8.4100,8.3800,8982285,75662310.7000,3,1.533500,1,0.358000,0
2023-05-09,sz.000731,8.4100,8.5300,8.3900,8.4300,8.4100,12539227,106084570.1300,3,2.140800,1,0.237800,0
2023-05-10,sz.000731,8.4900,8.5300,8.4200,8.4500,8.4300,7746565,65487532.2200,3,1.322600,1,0.237200,0
2023-05-11,sz.000731,8.4500,8.4900,8.4300,8.4700,8.4500,6115699,51720692.6800,3,1.044100,1,0.236700,0
2023-05-12,sz.000731,8.4600,8.4800,8.3500,8.3500,8.4700,7995767,67056404.1200,3,1.365100,1,-1.416800,0
2023-05-15,sz.000731,8.3400,8.4200,8.2800,8.4100,8.3500,6018700,50338924.0000,3,1.027600,1,0.718600,0
2023-05-16,sz.000731,8.4200,8.4400,8.3600,8.3800,8.4100,4368846,36694446.2300,3,0.745900,1,-0.356700,0
2023-05-17,sz.000731,8.3600,8.3900,8.3300,8.3800,8.3800,3852109,32210990.9900,3,0.657700,1,0.000000,0
2023-05-18,sz.000731,8.3800,8.4200,8.3400,8.3700,8.3800,3330896,27890651.4100,3,0.568700,1,-0.119300,0
2023-05-19,sz.000731,8.3600,8.3800,8.2400,8.2400,8.3700,5422857,44958197.8500,3,0.925800,1,-1.553200,0
2023-05-22,sz.000731,8.3000,8.4600,8.2800,8.4600,8.2400,8493442,71470018.2000,3,1.450100,1,2.669900,0
2023-05-23,sz.000731,8.4300,8.4800,8.3800,8.4000,8.4600,4887000,41178684.6800,3,0.834400,1,-0.709200,0
2023-05-24,sz.000731,8.3800,8.4500,8.3300,8.3600,8.4000,3977312,33336444.1500,3,0.679000,1,-0.476200,0
2023-05-25,sz.000731,8.3600,8.3900,8.1800,8.2600,8.3600,6913741,57180814.6600,3,1.180400,1,-1.196200,0
2023-05-26,sz.000731,8.2500,8.3000,8.1900,8.2500,8.2600,3802241,31327489.0200,3,0.649200,1,-0.121100,0
2023-05-29,sz.000731,8.2700,8.2800,8.1400,8.1500,8.2500,5878041,48165079.6000,3,1.003600,1,-1.212100,0
2023-05-30,sz.000731,8.1400,8.1800,8.0600,8.1300,8.1500,5001300,40617269.0000,3,0.853900,1,-0.245400,0
2023-05-31,sz.000731,8.1400,8.1400,7.9500,7.9800,8.1300,8611300,68960722.0000,3,1.470200,1,-1.845000,0
2023-06-01,sz.000731,7.9800,8.0500,7.9400,8.0100,7.9800,4391059,35142702.8200,3,0.749700,1,0.375900,0
2023-06-02,sz.000731,8.0100,8.1600,8.0100,8.1400,8.0100,4960938,40159547.8900,3,0.847000,1,1.623000,0
2023-06-05,sz.000731,8.1100,8.1600,8.1000,8.1300,8.1400,4394863,35685977.0200,3,0.750300,1,-0.122900,0
2023-06-06,sz.000731,8.1000,8.1200,7.9800,7.9900,8.1300,4444428,35701855.4900,3,0.758800,1,-1.722000,0
2023-06-07,sz.000731,8.0100,8.0500,7.9700,8.0000,7.9900,3399600,27194727.0000,3,0.580400,1,0.125200,0
2023-06-08,sz.000731,8.0100,8.0600,7.9600,8.0200,8.0000,3462601,27749420.9700,3,0.591200,1,0.250000,0
2023-06-09,sz.000731,8.0500,8.0600,7.9800,8.0200,8.0200,3358800,26887070.0000,3,0.573400,1,0.000000,0
2023-06-12,sz.000731,8.0200,8.0600,7.9600,8.0300,8.0200,3201101,25623045.0200,3,0.546500,1,0.124700,0
2023-06-13,sz.000731,8.0100,8.0200,7.9700,7.9900,8.0300,3397072,27136311.2800,3,0.580000,1,-0.498100,0
2023-06-14,sz.000731,8.0100,8.0400,7.9700,8.0400,7.9900,4465601,35754532.5900,3,0.762400,1,0.625800,0
2023-06-15,sz.000731,8.0500,8.0600,8.0100,8.0500,8.0400,4096806,32912627.1000,3,0.699400,1,0.124400,0
2023-06-16,sz.000731,8.0700,8.1700,8.0700,8.1300,8.0500,5776073,46937305.3200,3,0.986100,1,0.993800,0
2023-06-19,sz.000731,8.1300,8.1400,8.0600,8.0800,8.1300,3873500,31318157.0000,3,0.661300,1,-0.615000,0
2023-06-20,sz.000731,8.0600,8.0800,7.9900,8.0000,8.0800,3864341,31020607.9600,3,0.659800,1,-0.990100,0
2023-06-21,sz.000731,7.9900,8.0400,7.9300,7.9300,8.0000,3785401,30218652.0000,3,0.646300,1,-0.875000,0
2023-06-26,sz.000731,7.8800,8.0000,7.8700,7.9000,7.9300,4621901,36605709.8100,3,0.789100,1,-0.378300,0
2023-06-27,sz.000731,7.8900,8.0300,7.8900,8.0100,7.9000,4233709,33883907.4700,3,0.722800,1,1.392400,0
2023-06-28,sz.000731,8.0200,8.1100,8.0000,8.0900,8.0100,5708949,46024514.3000,3,0.974700,1,0.998800,0
2023-06-29,sz.000731,8.1000,8.1300,8.0500,8.1100,8.0900,4288944,34765018.4000,3,0.732200,1,0.247200,0
2023-06-30,sz.000731,8.1300,8.1700,8.1100,8.1500,8.1100,4748051,38690883.7300,3,0.810600,1,0.493200,0
2023-07-03,sz.000731,8.1500,8.2200,8.1300,8.1600,8.1500,5047330,41241423.1000,3,0.861700,1,0.122700,0
2023-07-04,sz.000731,8.1600,8.2100,8.1300,8.1700,8.1600,4005186,32682115.2400,3,0.683800,1,0.122500,0
2023-07-05,sz.000731,8.1500,8.1700,8.1000,8.1500,8.1700,4655300,37908067.9200,3,0.794800,1,-0.244800,0
2023-07-06,sz.000731,8.1500,8.1700,8.1100,8.1400,8.1500,3367200,27403597.0000,3,0.574900,1,-0.122700,0
2023-07-07,sz.000731,8.1100,8.1700,8.0900,8.1500,8.1400,3666432,29807352.3600,3,0.626000,1,0.122900,0
2023-07-10,sz.000731,8.1900,8.3600,8.1700,8.3000,8.1500,8826391,72901842.5600,3,1.506900,1,1.840500,0
2023-07-11,sz.000731,8.2900,8.3100,8.2100,8.3000,8.3000,6124030,50638820.1900,3,1.045500,1,0.000000,0
2023-07-12,sz.000731,8.3500,8.4200,8.2800,8.3400,8.3000,9010066,75301863.9100,3,1.538300,1,0.481900,0
2023-07-13,sz.000731,8.3200,8.3800,8.2800,8.3300,8.3400,6555762,54594037.0400,3,1.119300,1,-0.119900,0
2023-07-14,sz.000731,8.1900,8.2300,8.1500,8.1700,8.1600,5940741,48659974.7800,3,1.014300,1,0.122500,0
2023-07-17,sz.000731,8.2000,8.2100,8.1500,8.2000,8.1700,5456119,44659076.4200,3,0.931500,1,0.367200,0
2023-07-18,sz.000731,8.2100,8.3600,8.2000,8.3300,8.2000,10655456,88340696.2800,3,1.819200,1,1.585400,0
2023-07-19,sz.000731,8.3000,8.3400,8.2600,8.3000,8.3300,5356626,44388418.0200,3,0.914500,1,-0.360100,0
2023-07-20,sz.000731,8.3000,8.4700,8.2900,8.3200,8.3000,13777441,115652572.0300,3,2.352200,1,0.241000,0
2023-07-21,sz.000731,8.3000,8.3500,8.2500,8.3100,8.3200,7730274,64197308.5400,3,1.319800,1,-0.120200,0
2023-07-24,sz.000731,8.2800,8.3000,8.2100,8.2300,8.3100,6966729,57440672.5000,3,1.189400,1,-0.962700,0
2023-07-25,sz.000731,8.2700,8.3700,8.2600,8.3200,8.2300,6210081,51582451.1100,3,1.060200,1,1.093600,0
2023-07-26,sz.000731,8.3800,8.5900,8.3700,8.4400,8.3200,23062866,195468721.3400,3,3.937500,1,1.442300,0
2023-07-27,sz.000731,8.3900,8.4700,8.3700,8.3800,8.4400,11268005,94869785.7700,3,1.923800,1,-0.710900,0
2023-07-28,sz.000731,8.3600,8.4400,8.3500,8.4100,8.3800,8571622,72007710.4800,3,1.463400,1,0.358000,0
2023-07-31,sz.000731,8.4500,8.4600,8.3800,8.4200,8.4100,8969200,75453041.9600,3,1.531300,1,0.118900,0
2023-08-01,sz.000731,8.4000,8.4300,8.3300,8.3500,8.4200,8355102,69870900.7400,3,1.426500,1,-0.831400,0
2023-08-02,sz.000731,8.3400,8.4000,8.3000,8.3300,8.3500,5671301,47246683.3200,3,0.968300,1,-0.239500,0
2023-08-03,sz.000731,8.3000,8.3200,8.2400,8.3100,8.3300,5021603,41570906.8600,3,0.857300,1,-0.240100,0
2023-08-04,sz.000731,8.3200,8.3600,8.2600,8.2800,8.3100,4977550,41328335.5000,3,0.849800,1,-0.361000,0
2023-08-07,sz.000731,8.2400,8.2500,8.1700,8.1900,8.2800,6571234,53838002.6200,3,1.121900,1,-1.087000,0
2023-08-08,sz.000731,8.2000,8.3200,8.1200,8.2700,8.1900,7582792,62285372.8000,3,1.294600,1,0.976800,0
2023-08-09,sz.000731,8.2200,8.2300,8.1500,8.1900,8.2700,4382500,35855053.0000,3,0.748200,1,-0.967400,0
2023-08-10,sz.000731,8.1900,8.3200,8.1600,8.2900,8.1900,5397722,44610749.0300,3,0.921500,1,1.221000,0
2023-08-11,sz.000731,8.2900,8.3000,8.1200,8.1300,8.2900,5730703,46904192.3700,3,0.978400,1,-1.930000,0
2023-08-14,sz.000731,8.1000,8.2200,8.0100,8.2000,8.1300,7165303,58072960.5300,3,1.223300,1,0.861000,0
2023-08-15,sz.000731,8.1800,8.2300,8.1200,8.1600,8.2000,4263784,34830965.9900,3,0.728000,1,-0.487800,0
2023-08-16,sz.000731,8.1300,8.1700,8.0900,8.1000,8.1600,3074902,24996763.2400,3,0.525000,1,-0.735300,0
2023-08-17,sz.000731,8.0600,8.1100,8.0000,8.1000,8.1000,5486600,44158113.0000,3,0.936700,1,0.000000,0
2023-08-18,sz.000731,8.0800,8.1400,8.0500,8.0600,8.1000,4952100,40105186.0000,3,0.845500,1,-0.493800,0
2023-08-21,sz.000731,8.0600,8.1100,8.0000,8.0200,8.0600,4980452,40083684.1200,3,0.850300,1,-0.496300,0
2023-08-22,sz.000731,7.8700,7.8800,7.3400,7.4700,8.0200,30390306,228638613.1300,3,5.188500,1,-6.857900,0
2023-08-23,sz.000731,7.5700,7.5800,7.3700,7.4100,7.4700,11481994,85489747.3300,3,1.960300,1,-0.803200,0
2023-08-24,sz.000731,7.4000,7.5000,7.3400,7.4400,7.4100,9441000,70145672.0000,3,1.611900,1,0.404900,0
2023-08-25,sz.000731,7.4000,7.5900,7.3800,7.4400,7.4400,9464500,70957526.0000,3,1.615900,1,0.000000,0
2023-08-28,sz.000731,7.7400,7.7800,7.5100,7.5300,7.4400,13104182,100342420.6200,3,2.237300,1,1.209700,0
2023-08-29,sz.000731,7.5600,7.6300,7.5100,7.6300,7.5300,7429499,56294408.3500,3,1.268400,1,1.328000,0
2023-08-30,sz.000731,7.6100,7.6500,7.5100,7.5400,7.6300,5754600,43544720.0000,3,0.982500,1,-1.179600,0
2023-08-31,sz.000731,7.5500,7.5600,7.4400,7.4500,7.5400,4823200,36065784.0000,3,0.823500,1,-1.193600,0
2023-09-01,sz.000731,7.5000,7.5800,7.4600,7.5600,7.4500,7226600,54450168.0000,3,1.233800,1,1.476500,0
2023-09-04,sz.000731,7.5800,7.7700,7.5700,7.7500,7.5600,9621687,74160027.4600,3,1.642700,1,2.513200,0
2023-09-05,sz.000731,7.7200,7.7300,7.6400,7.6600,7.7500,4837287,37089274.6800,3,0.825900,1,-1.161300,0
2023-09-06,sz.000731,7.6800,7.6800,7.5900,7.6700,7.6600,3358300,25630290.0000,3,0.573400,1,0.130500,0
2023-09-07,sz.000731,7.6600,7.6600,7.5200,7.5400,7.6700,4876100,36940937.0000,3,0.832500,1,-1.694900,0
2023-09-08,sz.000731,7.5400,7.5400,7.4600,7.4900,7.5400,3816100,28586089.0000,3,0.651500,1,-0.663100,0
2023-09-11,sz.000731,7.5200,7.6000,7.4900,7.5800,7.4900,4119891,31143304.7800,3,0.703400,1,1.201600,0
2023-09-12,sz.000731,7.5800,7.6200,7.5300,7.5900,7.5800,3052763,23148539.1900,3,0.521200,1,0.131900,0
2023-09-13,sz.000731,7.5900,7.6300,7.5100,7.5500,7.5900,3344464,25312074.5600,3,0.571000,1,-0.527000,0
2023-09-14,sz.000731,7.5300,7.5800,7.5000,7.5700,7.5500,3043300,22973780.0000,3,0.519600,1,0.264900,0
2023-09-15,sz.000731,7.5800,7.6000,7.5500,7.5800,7.5700,3006800,22770795.0000,3,0.513300,1,0.132100,0
2023-09-18,sz.000731,7.6500,7.7600,7.6100,7.7000,7.5800,9075536,69875441.1400,3,1.549500,1,1.583100,0
2023-09-19,sz.000731,7.7200,7.7200,7.6300,7.6500,7.7000,5533716,42406090.6300,3,0.944800,1,-0.649400,0
2023-09-20,sz.000731,7.6200,7.6500,7.5600,7.5700,7.6500,4376826,33268327.8800,3,0.747300,1,-1.045800,0
2023-09-21,sz.000731,7.5600,7.5600,7.4500,7.4700,7.5700,4727331,35433156.7500,3,0.807100,1,-1.321000,0
2023-09-22,sz.000731,7.4600,7.5800,7.4000,7.5800,7.4700,5791625,43399636.4600,3,0.988800,1,1.472600,0
2023-09-25,sz.000731,7.5400,7.5700,7.4900,7.5200,7.5800,3525103,26510683.5300,3,0.601800,1,-0.791600,0
2023-09-26,sz.000731,7.5000,7.5100,7.4100,7.4200,7.5200,3968600,29558498.0000,3,0.677600,1,-1.329800,0
2023-09-27,sz.000731,7.4300,7.4800,7.3700,7.4100,7.4200,4882500,36304717.2200,3,0.833600,1,-0.134800,0
2023-09-28,sz.000731,7.4500,7.4800,7.4200,7.4600,7.4100,3145829,23446553.3400,3,0.537100,1,0.674800,0
2023-10-09,sz.000731,7.4500,7.4600,7.3500,7.3800,7.4600,5897723,43535352.7300,3,1.006900,1,-1.072400,0
2023-10-10,sz.000731,7.3900,7.4800,7.3600,7.3700,7.3800,4365368,32306639.0200,3,0.745300,1,-0.135500,0
2023-10-11,sz.000731,7.3900,7.4000,7.3300,7.3500,7.3700,4816200,35472566.0000,3,0.822300,1,-0.271400,0
2023-10-12,sz.000731,7.3700,7.4400,7.3400,7.4200,7.3500,3905418,28900432.5600,3,0.666800,1,0.952400,0
2023-10-13,sz.000731,7.4000,7.4000,7.2700,7.2800,7.4200,5703700,41731592.0000,3,0.973800,1,-1.886800,0
2023-10-16,sz.000731,7.3000,7.3200,7.2700,7.3200,7.2800,3348078,24403892.3700,3,0.571600,1,0.549500,0
2023-10-17,sz.000731,7.3000,7.3400,7.2600,7.2900,7.3200,2907178,21191580.8400,3,0.496300,1,-0.409800,0
2023-10-18,sz.000731,7.2800,7.3000,7.1400,7.1500,7.2900,4910985,35292381.1000,3,0.838400,1,-1.920400,0
2023-10-19,sz.000731,7.1500,7.2200,7.1000,7.1300,7.1500,4136569,29609487.2200,3,0.706200,1,-0.279700,0
2023-10-20,sz.000731,7.1300,7.2100,7.1100,7.1300,7.1300,3228935,23085713.2000,3,0.551300,1,0.000000,0
2023-10-23,sz.000731,7.1300,7.1500,6.8900,6.9200,7.1300,5998656,41910001.1200,3,1.024100,1,-2.945300,0
2023-10-24,sz.000731,6.9500,7.1200,6.9400,7.1200,6.9200,5540600,39125005.0000,3,0.945900,1,2.890200,0
2023-10-25,sz.000731,7.1300,7.2200,7.1300,7.1600,7.1200,3937110,28252372.5000,3,0.672200,1,0.561800,0
2023-10-26,sz.000731,7.1400,7.1600,7.0500,7.1500,7.1600,3691210,26184431.4000,3,0.630200,1,-0.139700,0
2023-10-27,sz.000731,7.1200,7.2700,7.0900,7.2500,7.1500,4701300,33924666.0000,3,0.802600,1,1.398600,0
2023-10-30,sz.000731,7.2300,7.3500,7.2200,7.3400,7.2500,5333500,39008108.0000,3,0.910600,1,1.241400,0
2023-10-31,sz.000731,7.3000,7.3500,7.2800,7.3500,7.3400,5975261,43668565.3800,3,1.020200,1,0.136200,0
2023-11-01,sz.000731,7.3600,7.3900,7.3000,7.3800,7.3500,5422800,39901130.0000,3,0.945200,1,0.408200,0
2023-11-02,sz.000731,7.3700,7.4000,7.3100,7.3100,7.3800,4414477,32435307.9500,3,0.769400,1,-0.948500,0
2023-11-03,sz.000731,7.3400,7.3800,7.3300,7.3400,7.3100,3939100,28961231.0000,3,0.686600,1,0.410400,0
2023-11-06,sz.000731,7.3500,7.4000,7.3400,7.3800,7.3400,4177123,30796071.7100,3,0.728100,1,0.545000,0
2023-11-07,sz.000731,7.3700,7.4200,7.3400,7.3900,7.3800,4432100,32715755.0000,3,0.772500,1,0.135500,0
2023-11-08,sz.000731,7.3800,7.4000,7.3300,7.3600,7.3900,4048800,29788963.0000,3,0.705700,1,-0.406000,0
2023-11-09,sz.000731,7.3400,7.4000,7.3400,7.3600,7.3600,3639500,26832869.7200,3,0.634300,1,0.000000,0
2023-11-10,sz.000731,7.3600,7.4000,7.3300,7.3900,7.3600,3656766,26966881.8200,3,0.637400,1,0.407600,0
2023-11-13,sz.000731,7.3700,7.4100,7.3300,7.4000,7.3900,4747634,34975478.4300,3,0.827500,1,0.135300,0
2023-11-14,sz.000731,7.4000,7.4000,7.3200,7.3500,7.4000,4291635,31559542.2500,3,0.748000,1,-0.675700,0
2023-11-15,sz.000731,7.3800,7.4200,7.3500,7.3900,7.3500,5851928,43267290.9200,3,1.020000,1,0.544200,0
2023-11-16,sz.000731,7.3800,7.4000,7.3400,7.3400,7.3900,3600753,26500117.6100,3,0.627600,1,-0.676600,0
2023-11-17,sz.000731,7.3600,7.4000,7.3300,7.3900,7.3400,3568100,26328497.0000,3,0.621900,1,0.681200,0
2023-11-20,sz.000731,7.3900,7.4200,7.3500,7.4100,7.3900,3649900,26974622.0000,3,0.636200,1,0.270600,0
2023-11-21,sz.000731,7.4400,7.4600,7.3700,7.3900,7.4100,4441100,32985691.0000,3,0.774100,1,-0.269900,0
2023-11-22,sz.000731,7.4000,7.4100,7.3500,7.3600,7.3900,3417900,25228996.0000,3,0.595700,1,-0.406000,0
2023-11-23,sz.000731,7.3600,7.4400,7.3500,7.4300,7.3600,3125156,23130601.4000,3,0.544700,1,0.951100,0
2023-11-24,sz.000731,7.4200,7.4500,7.3900,7.4200,7.4300,4174700,30962124.0000,3,0.727600,1,-0.134600,0
2023-11-27,sz.000731,7.4100,7.4400,7.3600,7.3800,7.4200,3818100,28192341.0000,3,0.665500,1,-0.539100,0
2023-11-28,sz.000731,7.4000,7.4300,7.3300,7.4200,7.3800,4024998,29732024.2200,3,0.701500,1,0.542000,0
2023-11-29,sz.000731,7.4200,7.4300,7.3600,7.3800,7.4200,3139700,23195805.0000,3,0.547200,1,-0.539100,0
2023-11-30,sz.000731,7.4000,7.4100,7.2500,7.3000,7.3800,6180700,45149444.0000,3,1.077300,1,-1.084000,0
2023-12-01,sz.000731,7.2900,7.3400,7.2600,7.3100,7.3000,3569762,26030380.3600,3,0.622200,1,0.137000,0
2023-12-04,sz.000731,7.3100,7.3200,7.2600,7.2900,7.3100,3724700,27159542.0000,3,0.649200,1,-0.273600,0
2023-12-05,sz.000731,7.2800,7.3100,7.2000,7.2000,7.2900,3638400,26407641.0000,3,0.634200,1,-1.234600,0
2023-12-06,sz.000731,7.2000,7.5800,7.2000,7.3800,7.2000,13517739,99926037.3700,3,2.356100,1,2.500000,0
2023-12-07,sz.000731,7.4300,7.4500,7.2400,7.3100,7.3800,11080700,80840769.0000,3,1.931300,1,-0.948500,0
2023-12-08,sz.000731,7.3100,7.4300,7.2000,7.2300,7.3100,9620900,70221821.0000,3,1.676900,1,-1.094400,0
2023-12-11,sz.000731,7.1800,7.4200,7.0800,7.3800,7.2300,14695559,107792538.6700,3,2.561400,1,2.074700,0
2023-12-12,sz.000731,7.3200,7.5800,7.2900,7.5500,7.3800,17754892,132466519.9500,3,3.094600,1,2.303500,0
2023-12-13,sz.000731,7.5000,7.7400,7.4800,7.5800,7.5500,19044731,144578557.1300,3,3.319400,1,0.397400,0
2023-12-14,sz.000731,7.5800,7.6600,7.4700,7.5500,7.5800,14283369,108130611.3700,3,2.489500,1,-0.395800,0
2023-12-15,sz.000731,7.5200,7.6500,7.5000,7.5300,7.5500,8885536,67106637.3000,3,1.548700,1,-0.264900,0
2023-12-18,sz.000731,7.5000,7.5000,7.3000,7.3100,7.5300,9427437,69663174.5600,3,1.643200,1,-2.921600,0
2023-12-19,sz.000731,7.3300,7.3300,7.2200,7.3100,7.3100,6559826,47747316.9000,3,1.143300,1,0.000000,0
2023-12-20,sz.000731,7.3300,7.4100,7.2500,7.2500,7.3100,6100493,44722580.4400,3,1.063300,1,-0.820800,0
2023-12-21,sz.000731,7.3000,7.3400,7.1700,7.3300,7.2500,6744449,49074303.7900,3,1.175500,1,1.103400,0
2023-12-22,sz.000731,7.3500,7.3900,7.2600,7.3200,7.3300,5929346,43405029.0200,3,1.033500,1,-0.136400,0
2023-12-25,sz.000731,7.3100,7.3200,7.1700,7.2000,7.3200,5574874,40242115.5400,3,0.971700,1,-1.639300,0
2023-12-26,sz.000731,7.2100,7.4400,7.2000,7.3700,7.2000,13156101,96820404.3500,3,2.293100,1,2.361100,0
2023-12-27,sz.000731,7.3300,7.3300,7.1800,7.2700,7.3700,8491200,61495778.0000,3,1.480000,1,-1.356900,0
2023-12-28,sz.000731,7.2500,7.4000,7.2400,7.3900,7.2700,7838000,57569256.0000,3,1.366100,1,1.650600,0
2023-12-29,sz.000731,7.3600,7.4300,7.3500,7.4000,7.3900,7219000,53313315.0000,3,1.258200,1,0.135300,0
2024-01-02,sz.000731,7.3800,7.4900,7.3600,7.4600,7.4000,7338103,54673515.4000,3,1.279000,1,0.810800,0
2024-01-03,sz.000731,7.4300,7.6200,7.4300,7.5300,7.4600,10269674,77411875.8600,3,1.790000,1,0.938300,0
2024-01-04,sz.000731,7.5000,7.6000,7.4900,7.5300,7.5300,6118000,46088173.0000,3,1.066300,1,0.000000,0
2024-01-05,sz.000731,7.5400,7.5700,7.4200,7.4300,7.5300,6998999,52369206.4900,3,1.219900,1,-1.328000,0
2024-01-08,sz.000731,7.4100,7.4300,7.3000,7.3000,7.4300,4672420,34457724.8000,3,0.814400,1,-1.749700,0
2024-01-09,sz.000731,7.3300,7.4100,7.2700,7.3600,7.3000,4496900,33051925.0000,3,0.783800,1,0.821900,0
2024-01-10,sz.000731,7.3400,7.4100,7.2900,7.3300,7.3600,4196900,30860919.0000,3,0.731500,1,-0.407600,0
2024-01-11,sz.000731,7.3000,7.4000,7.2900,7.3500,7.3300,5131441,37650982.8900,3,0.894400,1,0.272900,0
2024-01-12,sz.000731,7.3500,7.4500,7.3300,7.3800,7.3500,5454500,40363588.0000,3,0.950700,1,0.408200,0
2024-01-15,sz.000731,7.3700,7.4100,7.3200,7.3500,7.3800,4095700,30172968.0000,3,0.713900,1,-0.406500,0
2024-01-16,sz.000731,7.3500,7.3700,7.2000,7.2800,7.3500,5581898,40585443.4300,3,0.972900,1,-0.952400,0
2024-01-17,sz.000731,7.2700,7.2800,7.1500,7.1700,7.2800,4935700,35642620.7500,3,0.860300,1,-1.511000,0
2024-01-18,sz.000731,7.1400,7.1500,6.8500,7.0000,7.1700,10163979,70668046.7800,3,1.771500,1,-2.371000,0
2024-01-19,sz.000731,7.0000,7.0300,6.9100,6.9300,7.0000,4094000,28531149.0000,3,0.713600,1,-1.000000,0
2024-01-22,sz.000731,6.9300,6.9300,6.5100,6.5600,6.9300,7418836,49810934.1400,3,1.293100,1,-5.339100,0
2024-01-23,sz.000731,6.5800,6.6300,6.4600,6.5900,6.5600,5243452,34394616.6900,3,0.913900,1,0.457300,0
2024-01-24,sz.000731,6.6200,6.7300,6.4700,6.7200,6.5900,5351600,35380245.0000,3,0.932800,1,1.972700,0
2024-01-25,sz.000731,6.7200,7.0000,6.7100,7.0000,6.7200,7299041,50373623.9800,3,1.272200,1,4.166700,0
2024-01-26,sz.000731,6.9900,7.1600,6.9700,7.0800,7.0000,6380400,45280009.0000,3,1.112100,1,1.142900,0
2024-01-29,sz.000731,7.1200,7.1500,6.9800,6.9900,7.0800,4913900,34581863.0000,3,0.856500,1,-1.271200,0
2024-01-30,sz.000731,6.9900,7.0700,6.8100,6.8500,6.9900,4882920,33927007.4000,3,0.851100,1,-2.002900,0
2024-01-31,sz.000731,6.8200,6.9200,6.6000,6.6500,6.8500,5806000,39099395.0000,3,1.012000,1,-2.919700,0
2024-02-01,sz.000731,6.6300,6.6700,6.4700,6.5600,6.6500,5811822,38175251.8600,3,1.013000,1,-1.353400,0
2024-02-02,sz.000731,6.5600,6.6100,6.1200,6.3000,6.5600,7555414,48205023.8600,3,1.316900,1,-3.963400,0
2024-02-05,sz.000731,6.2300,6.2700,5.7000,5.9200,6.3000,10780400,64150171.0000,3,1.879000,1,-6.031700,0
2024-02-06,sz.000731,5.8300,6.2400,5.6900,6.1700,5.9200,8702100,51958333.9300,3,1.516700,1,4.223000,0
2024-02-07,sz.000731,6.1700,6.3600,6.1000,6.2700,6.1700,7077374,44126353.7600,3,1.233600,1,1.620700,0
2024-02-08,sz.000731,6.2700,6.5800,6.2200,6.5400,6.2700,8009589,51511798.8500,3,1.396000,1,4.306200,0
2024-02-19,sz.000731,6.5700,6.7100,6.5500,6.6800,6.5400,7505064,49832121.5100,3,1.308100,1,2.140700,0
2024-02-20,sz.000731,6.6800,6.6900,6.6000,6.6700,6.6800,3989651,26528595.6700,3,0.695400,1,-0.149700,0
2024-02-21,sz.000731,6.6400,6.8600,6.6300,6.7400,6.6700,7136101,48394283.7900,3,1.243800,1,1.049500,0
2024-02-22,sz.000731,6.7400,6.7900,6.6900,6.7600,6.7400,5093600,34361895.0000,3,0.887800,1,0.296700,0
2024-02-23,sz.000731,6.7700,6.8200,6.7200,6.8000,6.7600,5254110,35576485.9000,3,0.915800,1,0.591700,0
2024-02-26,sz.000731,6.7900,6.8700,6.7700,6.8200,6.8000,5611214,38241838.4800,3,0.978000,1,0.294100,0
2024-02-27,sz.000731,6.7800,6.8600,6.7600,6.8600,6.8200,6276012,42809044.3000,3,1.093900,1,0.586500,0
2024-02-28,sz.000731,6.8700,6.9400,6.6600,6.6600,6.8600,10194200,69507833.0000,3,1.776800,1,-2.915500,0
2024-02-29,sz.000731,6.6500,6.9600,6.6300,6.9500,6.6600,11048960,75455109.3500,3,1.925800,1,4.354400,0
2024-03-01,sz.000731,6.9300,6.9800,6.8400,6.9000,6.9500,8446500,58159952.0000,3,1.472200,1,-0.719400,0
2024-03-04,sz.000731,6.9000,6.9100,6.7600,6.8600,6.9000,6251821,42703198.7800,3,1.089700,1,-0.579700,0
2024-03-05,sz.000731,6.8500,6.8500,6.7100,6.7400,6.8600,5682700,38376475.0000,3,0.990500,1,-1.749300,0
2024-03-06,sz.000731,6.7000,6.8300,6.7000,6.7600,6.7400,4047900,27388455.0000,3,0.705500,1,0.296700,0
2024-03-07,sz.000731,6.7500,6.8400,6.7400,6.7500,6.7600,6167700,41845385.0000,3,1.075000,1,-0.147900,0
2024-03-08,sz.000731,6.7500,6.7900,6.7100,6.7600,6.7500,3738800,25213634.0000,3,0.651700,1,0.148100,0
2024-03-11,sz.000731,6.7600,6.8600,6.7300,6.8600,6.7600,6446101,43843181.5300,3,1.123500,1,1.479300,0
2024-03-12,sz.000731,6.8700,6.8900,6.8100,6.8800,6.8600,5221007,35788957.0200,3,0.910000,1,0.291500,0
2024-03-13,sz.000731,6.8900,6.9000,6.8200,6.8500,6.8800,4483300,30721742.0000,3,0.781400,1,-0.436000,0
2024-03-14,sz.000731,6.8600,6.8800,6.7600,6.8000,6.8500,4091204,27898223.2800,3,0.713100,1,-0.729900,0
2024-03-15,sz.000731,6.8200,6.8900,6.7600,6.8700,6.8000,5071597,34667726.7100,3,0.884000,1,1.029400,0
2024-03-18,sz.000731,6.8700,6.9200,6.8500,6.9100,6.8700,8135522,55952107.3100,3,1.418000,1,0.582200,0
2024-03-19,sz.000731,6.9100,6.9300,6.8700,6.8700,6.9100,4905617,33812934.7900,3,0.855000,1,-0.578900,0
2024-03-20,sz.000731,6.8700,6.9100,6.8500,6.8900,6.8700,4167106,28692441.1600,3,0.726300,1,0.291100,0
2024-03-21,sz.000731,6.8800,6.9100,6.8300,6.8700,6.8900,6186002,42538782.7400,3,1.078200,1,-0.290300,0
2024-03-22,sz.000731,6.8700,6.8800,6.7400,6.7600,6.8700,6592516,44743559.9600,3,1.149000,1,-1.601200,0
2024-03-25,sz.000731,6.7400,6.8700,6.7300,6.7400,6.7600,5562218,37802995.9400,3,0.969500,1,-0.295900,0
2024-03-26,sz.000731,6.7400,6.7600,6.6300,6.7200,6.7400,4764400,31909987.0000,3,0.830400,1,-0.296700,0
2024-03-27,sz.000731,6.6900,6.7500,6.6200,6.6300,6.7200,4097080,27441452.0000,3,0.714100,1,-1.339300,0
2024-03-28,sz.000731,6.6300,6.7300,6.6200,6.6700,6.6300,4212153,28147892.1000,3,0.734200,1,0.603300,0
2024-03-29,sz.000731,6.6800,6.8200,6.6600,6.8100,6.6700,4604810,31075852.7000,3,0.802600,1,2.099000,0
2024-04-01,sz.000731,6.8400,6.9000,6.8100,6.8900,6.8100,5054175,34668457.0900,3,0.880900,1,1.174700,0
2024-04-02,sz.000731,6.9000,7.0600,6.8900,7.0200,6.8900,12822289,89667592.3600,3,2.234900,1,1.886800,0
2024-04-03,sz.000731,7.0200,7.1200,7.0000,7.0900,7.0200,9886634,69753753.3400,3,1.723200,1,0.997200,0
2024-04-08,sz.000731,7.0600,7.1700,7.0000,7.0200,7.0900,8909893,63134158.2100,3,1.553000,1,-0.987300,0
2024-04-09,sz.000731,7.0100,7.0800,6.9700,7.0500,7.0200,5328600,37445521.0000,3,0.928800,1,0.427400,0
2024-04-10,sz.000731,7.0700,7.0800,6.9500,6.9900,7.0500,4869923,34171043.7700,3,0.848800,1,-0.851100,0
2024-04-11,sz.000731,6.9700,7.0700,6.9500,7.0100,6.9900,4849611,34042254.0000,3,0.845300,1,0.286100,0
2024-04-12,sz.000731,7.0100,7.2200,6.9800,7.1300,7.0100,10007800,71097345.0000,3,1.744300,1,1.711800,0
2024-04-15,sz.000731,7.2300,7.3000,6.9200,7.0900,7.1300,16190025,114934333.3800,3,2.821900,1,-0.561000,0
2024-04-16,sz.000731,6.9000,7.0300,6.7300,6.7600,7.0900,13527344,92912742.1800,3,2.357800,1,-4.654400,0
2024-04-17,sz.000731,6.7800,6.9500,6.7800,6.9500,6.7600,8353400,57717243.0000,3,1.456000,1,2.810700,0
2024-04-18,sz.000731,6.9800,7.0500,6.9100,6.9500,6.9500,7693394,53734077.7200,3,1.340900,1,0.000000,0
2024-04-19,sz.000731,6.9400,7.2200,6.9000,7.1200,6.9500,13304946,94678096.0300,3,2.319000,1,2.446000,0
2024-04-22,sz.000731,7.0800,7.1700,7.0000,7.0400,7.1200,8889120,62774092.2600,3,1.549300,1,-1.123600,0
2024-04-23,sz.000731,7.0000,7.0300,6.8500,6.8800,7.0400,7023500,48506898.0000,3,1.224200,1,-2.272700,0
2024-04-24,sz.000731,6.9000,6.9500,6.8300,6.9200,6.8800,4966201,34237567.8900,3,0.865600,1,0.581400,0
2024-04-25,sz.000731,7.0200,7.1800,7.0200,7.0800,6.9200,11755952,83510388.2200,3,2.049000,1,2.312100,0
2024-04-26,sz.000731,7.0700,7.1000,7.0100,7.0800,7.0800,8073300,56932299.0000,3,1.407100,1,0.000000,0
2024-04-29,sz.000731,7.0800,7.1800,7.0300,7.1600,7.0800,10612520,75405266.0000,3,1.849700,1,1.129900,0
2024-04-30,sz.000731,7.0800,7.1700,7.0600,7.1000,7.1600,10635848,75617767.4000,3,1.853800,1,-0.838000,0
2024-05-06,sz.000731,7.1600,7.2900,7.1000,7.2700,7.1000,16581570,119660054.1000,3,2.890100,1,2.394400,0
2024-05-07,sz.000731,7.3000,7.4300,7.2500,7.4300,7.2700,16547735,121510461.5500,3,2.884200,1,2.200800,0
2024-05-08,sz.000731,7.3600,7.4400,7.2500,7.2700,7.4300,12737128,93360040.5200,3,2.220000,1,-2.153400,0
2024-05-09,sz.000731,7.2800,7.3400,7.2600,7.2900,7.2700,9212301,67223587.2800,3,1.605700,1,0.275100,0
2024-05-10,sz.000731,7.2900,7.3400,7.2300,7.2500,7.2900,6650500,48340219.0000,3,1.159200,1,-0.548700,0
2024-05-13,sz.000731,7.1900,7.2300,7.1300,7.2000,7.2500,6618060,47554549.8000,3,1.153500,1,-0.689700,0
2024-05-14,sz.000731,7.1800,7.2400,7.1500,7.1800,7.2000,4522101,32537309.1800,3,0.788200,1,-0.277800,0
2024-05-15,sz.000731,7.1600,7.2500,7.1400,7.1800,7.1800,5588182,40229756.9700,3,0.974000,1,0.000000,0
2024-05-16,sz.000731,7.2000,7.3600,7.1900,7.2200,7.1800,8573800,62324154.6000,3,1.494400,1,0.557100,0
2024-05-17,sz.000731,7.2100,7.2800,7.1500,7.2600,7.2200,6713300,48403103.0000,3,1.170100,1,0.554000,0
2024-05-20,sz.000731,7.2400,7.4000,7.2300,7.3900,7.2600,13694945,100389423.6100,3,2.387000,1,1.790600,0
2024-05-21,sz.000731,7.3700,7.3700,7.2700,7.3100,7.3900,7831859,57303116.1100,3,1.365100,1,-1.082500,0
2024-05-22,sz.000731,7.2900,7.3500,7.2500,7.2700,7.3100,5859802,42696376.5200,3,1.021300,1,-0.547200,0
2024-05-23,sz.000731,7.2300,7.2400,7.1000,7.1200,7.2700,6316983,45177128.1800,3,1.101000,1,-2.063300,0
2024-05-24,sz.000731,7.1200,7.2000,7.0900,7.1300,7.1200,4005766,28653883.1500,3,0.698200,1,0.140400,0
2024-05-27,sz.000731,7.1300,7.2000,7.1000,7.2000,7.1300,4181873,29910276.3700,3,0.728900,1,0.981800,0
2024-05-28,sz.000731,7.1900,7.2000,7.1100,7.1200,7.2000,4019260,28757029.2000,3,0.700500,1,-1.111100,0
2024-05-29,sz.000731,7.1100,7.1500,7.0800,7.0900,7.1200,3486600,24792381.0000,3,0.607700,1,-0.421300,0
2024-05-30,sz.000731,7.0700,7.2000,7.0300,7.0800,7.0900,5720100,40693764.0000,3,0.997000,1,-0.141000,0
2024-05-31,sz.000731,7.0500,7.1000,7.0100,7.0300,7.0800,5086600,35824082.0000,3,0.886600,1,-0.706200,0
2024-06-03,sz.000731,7.0600,7.0600,6.8200,6.8800,7.0300,6685081,46199098.6500,3,1.165200,1,-2.133700,0
2024-06-04,sz.000731,6.8800,6.9600,6.8000,6.9500,6.8800,3932577,27101961.0600,3,0.685400,1,1.017400,0
2024-06-05,sz.000731,6.9600,6.9600,6.8500,6.8700,6.9500,2654470,18306766.7000,3,0.462700,1,-1.151100,0
2024-06-06,sz.000731,6.8400,6.8800,6.7000,6.7500,6.8700,5226700,35330930.0000,3,0.911000,1,-1.746700,0
2024-06-07,sz.000731,6.8000,6.9500,6.8000,6.9300,6.7500,4519292,31119221.3400,3,0.787700,1,2.666700,0
2024-06-11,sz.000731,6.9200,6.9400,6.8200,6.8800,6.9300,3482044,23939594.8200,3,0.606900,1,-0.721500,0
2024-06-12,sz.000731,6.8700,6.9300,6.8400,6.9000,6.8800,2343600,16124129.0000,3,0.408500,1,0.290700,0
2024-06-13,sz.000731,6.8900,6.9000,6.8000,6.8100,6.9000,2845400,19422348.0000,3,0.495900,1,-1.304300,0
2024-06-14,sz.000731,6.8000,6.8400,6.7600,6.8200,6.8100,2453600,16681317.0000,3,0.427700,1,0.146800,0
2024-06-17,sz.000731,6.6600,6.8300,6.6600,6.8000,6.6500,6458843,43720728.7000,3,1.125700,1,2.255600,0
2024-06-18,sz.000731,6.8000,7.0700,6.7700,7.0600,6.8000,10603846,73998849.0100,3,1.848200,1,3.823500,0
2024-06-19,sz.000731,7.0600,7.0700,6.8300,6.8600,7.0600,7067753,49049375.7300,3,1.231900,1,-2.832900,0
2024-06-20,sz.000731,6.8500,6.8800,6.7800,6.8400,6.8600,4887202,33411886.6800,3,0.851800,1,-0.291500,0
2024-06-21,sz.000731,6.8400,6.8700,6.7700,6.8500,6.8400,2914200,19880843.0000,3,0.507900,1,0.146200,0
2024-06-24,sz.000731,6.8000,6.8000,6.5400,6.5400,6.8500,6028000,39909656.0900,3,1.050700,1,-4.525500,0
2024-06-25,sz.000731,6.5200,6.7400,6.5200,6.6400,6.5400,4549381,30350073.3600,3,0.792900,1,1.529100,0
2024-06-26,sz.000731,6.6300,6.7100,6.5800,6.7100,6.6400,2915225,19368138.2500,3,0.508100,1,1.054200,0
2024-06-27,sz.000731,6.7000,6.7500,6.5800,6.6000,6.7100,3214525,21396246.7500,3,0.560300,1,-1.639300,0
2024-06-28,sz.000731,6.6000,6.6900,6.5900,6.6300,6.6000,2795900,18589429.0000,3,0.487300,1,0.454500,0
2024-07-01,sz.000731,6.6200,6.7700,6.6000,6.7700,6.6300,3070831,20608289.1600,3,0.535200,1,2.111600,0
2024-07-02,sz.000731,6.7600,6.8000,6.7300,6.7700,6.7700,2516430,17039423.8000,3,0.438600,1,0.000000,0
2024-07-03,sz.000731,6.7700,6.8000,6.7400,6.7500,6.7700,1563501,10571798.7700,3,0.272500,1,-0.295400,0
2024-07-04,sz.000731,6.7700,6.7700,6.5900,6.5900,6.7500,3110600,20657887.0000,3,0.542200,1,-2.370400,0
2024-07-05,sz.000731,6.6200,6.6400,6.5500,6.6100,6.5900,2474200,16317394.0000,3,0.431200,1,0.303500,0
2024-07-08,sz.000731,6.6300,6.6400,6.5000,6.5100,6.6100,2509400,16396354.0000,3,0.437400,1,-1.512900,0
2024-07-09,sz.000731,6.5400,6.5900,6.3700,6.5800,6.5100,3780849,24525314.8100,3,0.659000,1,1.075300,0
2024-07-10,sz.000731,6.5800,6.6200,6.5400,6.5600,6.5800,1664300,10943284.0000,3,0.290100,1,-0.304000,0
2024-07-11,sz.000731,6.6500,6.7300,6.6300,6.6900,6.5600,4062200,27141301.0000,3,0.708000,1,1.981700,0
2024-07-12,sz.000731,6.6900,6.7200,6.6300,6.6700,6.6900,1966210,13132396.0000,3,0.342700,1,-0.299000,0
2024-07-15,sz.000731,6.6900,6.6900,6.5100,6.5300,6.6700,2538800,16641751.0000,3,0.442500,1,-2.099000,0
2024-07-16,sz.000731,6.5000,6.5500,6.4700,6.5300,6.5300,1855900,12065011.0000,3,0.323500,1,0.000000,0
2024-07-17,sz.000731,6.5000,6.5400,6.4500,6.4900,6.5300,1436400,9312244.0000,3,0.250400,1,-0.612600,0
2024-07-18,sz.000731,6.4600,6.4900,6.3500,6.4600,6.4900,2585820,16592971.1000,3,0.450700,1,-0.462200,0
2024-07-19,sz.000731,6.4900,6.5200,6.4200,6.4900,6.4600,1606400,10409933.0000,3,0.280000,1,0.464400,0
2024-07-22,sz.000731,6.5000,6.5200,6.4400,6.4900,6.4900,1522920,9880797.2000,3,0.265400,1,0.000000,0
2024-07-23,sz.000731,6.4700,6.5000,6.3800,6.3800,6.4900,1757300,11346715.0000,3,0.306300,1,-1.694900,0
2024-07-24,sz.000731,6.3800,6.3900,6.3000,6.3200,6.3800,2630000,16681871.0000,3,0.458400,1,-0.940400,0
2024-07-25,sz.000731,6.3100,6.3700,6.2500,6.2600,6.3200,2734401,17236043.3200,3,0.476600,1,-0.949400,0
2024-07-26,sz.000731,6.2800,6.3900,6.2700,6.3800,6.2600,1875134,11918988.5700,3,0.326800,1,1.916900,0
2024-07-29,sz.000731,6.3900,6.4000,6.3400,6.3600,6.3800,1415100,9003141.0000,3,0.246600,1,-0.313500,0
2024-07-30,sz.000731,6.3600,6.3800,6.3100,6.3700,6.3600,1170025,7425589.7500,3,0.203900,1,0.157200,0
2024-07-31,sz.000731,6.3700,6.5300,6.2900,6.5100,6.3700,3474440,22464118.1200,3,0.605600,1,2.197800,0
2024-08-01,sz.000731,6.5100,6.5600,6.4800,6.4900,6.5100,2507600,16347803.0000,3,0.437100,1,-0.307200,0
2024-08-02,sz.000731,6.4500,6.5300,6.4300,6.4600,6.4900,2248510,14585293.6000,3,0.391900,1,-0.462200,0
2024-08-05,sz.000731,6.4400,6.4600,6.3100,6.3200,6.4600,3821944,24380511.4400,3,0.666100,1,-2.167200,0
2024-08-06,sz.000731,6.3600,6.4100,6.3100,6.3700,6.3200,2457444,15624438.6000,3,0.428300,1,0.791100,0
2024-08-07,sz.000731,6.3500,6.3800,6.3100,6.3500,6.3700,1646802,10459581.7000,3,0.287000,1,-0.314000,0
2024-08-08,sz.000731,6.3600,6.4200,6.3300,6.4100,6.3500,1939118,12376147.0200,3,0.338000,1,0.944900,0
2024-08-09,sz.000731,6.4200,6.4600,6.3800,6.3800,6.4100,1820720,11687865.6000,3,0.317300,1,-0.468000,0
2024-08-12,sz.000731,6.3700,6.4200,6.3600,6.3700,6.3800,1522770,9728083.9000,3,0.265400,1,-0.156700,0
2024-08-13,sz.000731,6.3800,6.4100,6.3400,6.4100,6.3700,2062107,13175705.8000,3,0.359400,1,0.627900,0
2024-08-14,sz.000731,6.4200,6.4200,6.3500,6.3500,6.4100,1771958,11303159.3000,3,0.308800,1,-0.936000,0
2024-08-15,sz.000731,6.3400,6.4200,6.3200,6.3700,6.3500,2242258,14279934.6200,3,0.390800,1,0.315000,0
2024-08-16,sz.000731,6.3700,6.3800,6.3300,6.3400,6.3700,1370600,8713624.1900,3,0.238900,1,-0.471000,0
2024-08-19,sz.000731,6.3500,6.4000,6.3200,6.3500,6.3400,1528301,9729557.3700,3,0.266400,1,0.157700,0
2024-08-20,sz.000731,6.3700,6.3800,6.2800,6.3000,6.3500,2070091,13077697.2400,3,0.360800,1,-0.787400,0
2024-08-21,sz.000731,6.2800,6.3200,6.2600,6.2800,6.3000,1553757,9783269.1000,3,0.270800,1,-0.317500,0
2024-08-22,sz.000731,6.3000,6.3100,6.2500,6.2600,6.2800,1780058,11181001.5400,3,0.310300,1,-0.318500,0
2024-08-23,sz.000731,6.2600,6.3100,6.2300,6.2700,6.2600,1708519,10698837.1300,3,0.297800,1,0.159700,0
2024-08-26,sz.000731,6.2500,6.4400,6.2500,6.4300,6.2700,3759266,23966706.6200,3,0.655200,1,2.551800,0
2024-08-27,sz.000731,6.4400,6.5200,6.4100,6.4800,6.4300,6105276,39570183.4400,3,1.064100,1,0.777600,0
2024-08-28,sz.000731,6.4700,6.5700,6.4500,6.5100,6.4800,3806241,24844341.1400,3,0.663400,1,0.463000,0
2024-08-29,sz.000731,6.5200,6.5400,6.4600,6.5000,6.5100,3116800,20240092.0000,3,0.543200,1,-0.153600,0
2024-08-30,sz.000731,6.5200,6.5900,6.4500,6.5300,6.5000,4432000,28986395.0000,3,0.772500,1,0.461500,0
2024-09-02,sz.000731,6.4700,6.6400,6.4700,6.5800,6.5300,5430200,35793278.0000,3,0.946500,1,0.765700,0
2024-09-03,sz.000731,6.5800,6.6700,6.5400,6.6400,6.5800,3343190,22186471.6000,3,0.582700,1,0.911900,0
2024-09-04,sz.000731,6.6000,6.6600,6.5800,6.5900,6.6400,3303220,21860215.0000,3,0.575700,1,-0.753000,0
2024-09-05,sz.000731,6.6200,6.6400,6.5800,6.6200,6.5900,2060441,13617408.6000,3,0.359100,1,0.455200,0
2024-09-06,sz.000731,6.6400,6.6600,6.5800,6.6100,6.6200,2155000,14260674.0000,3,0.375600,1,-0.151100,0
2024-09-09,sz.000731,6.6100,6.6300,6.5600,6.5900,6.6100,2111300,13925094.0000,3,0.368000,1,-0.302600,0
2024-09-10,sz.000731,6.6100,6.6400,6.5400,6.6000,6.5900,2697400,17760527.0000,3,0.470100,1,0.151700,0
2024-09-11,sz.000731,6.6000,6.6200,6.5600,6.6000,6.6000,2120900,13989767.0000,3,0.369700,1,0.000000,0
2024-09-12,sz.000731,6.5900,6.6500,6.5700,6.6100,6.6000,1547550,10232622.5000,3,0.269700,1,0.151500,0
2024-09-13,sz.000731,6.6000,6.6400,6.5700,6.5700,6.6100,1628700,10749028.0000,3,0.283900,1,-0.605100,0
2024-09-18,sz.000731,6.5700,6.6000,6.4000,6.4600,6.5700,2286800,14808337.0000,3,0.398600,1,-1.674300,0
2024-09-19,sz.000731,6.5000,6.6100,6.4800,6.5800,6.4600,2600500,17033195.0000,3,0.453300,1,1.857600,0
2024-09-20,sz.000731,6.5800,6.6000,6.5100,6.5100,6.5800,2190100,14346401.0000,3,0.381700,1,-1.063800,0
2024-09-23,sz.000731,6.5000,6.5900,6.4800,6.5200,6.5100,1723560,11276502.5600,3,0.300400,1,0.153600,0
2024-09-24,sz.000731,6.5500,6.7300,6.5300,6.7200,6.5200,5197080,34575520.6000,3,0.905800,1,3.067500,0
2024-09-25,sz.000731,6.8000,6.9100,6.7800,6.8000,6.7200,6842482,46869434.0600,3,1.192600,1,1.190500,0
2024-09-26,sz.000731,6.7800,6.9400,6.7700,6.9400,6.8000,5374800,36934596.0000,3,0.936800,1,2.058800,0
2024-09-27,sz.000731,7.0400,7.1700,6.9900,7.1200,6.9400,11641681,82471987.4700,3,2.083200,1,2.593700,0
2024-09-30,sz.000731,7.3000,7.6500,7.1400,7.5500,7.1200,31241183,232138508.8100,3,5.590500,1,6.039300,0
2024-10-08,sz.000731,8.2500,8.3000,7.5600,7.8000,7.5500,39731189,315067683.7600,3,7.109700,1,3.311300,0
2024-10-09,sz.000731,7.6100,7.6400,7.2100,7.2300,7.8000,19652395,145846927.3100,3,3.516700,1,-7.307700,0
2024-10-10,sz.000731,7.3000,7.5000,7.2500,7.4100,7.2300,12707070,94120844.8500,3,2.273900,1,2.489600,0
2024-10-11,sz.000731,7.3900,7.5300,7.1700,7.2800,7.4100,10961229,80549473.7800,3,1.961500,1,-1.754400,0
2024-10-14,sz.000731,7.3100,7.4000,7.2400,7.3500,7.2800,8995156,65922360.8800,3,1.609600,1,0.961500,0
2024-10-15,sz.000731,7.3600,7.3800,7.2600,7.2800,7.3500,7176153,52586901.9600,3,1.284100,1,-0.952400,0
2024-10-16,sz.000731,7.2600,8.0000,7.2200,7.9400,7.2800,45019976,348322480.9900,3,8.056100,1,9.065900,0
2024-10-17,sz.000731,7.8800,7.8800,7.4000,7.4200,7.8400,34769314,261682571.2900,3,6.221800,1,-5.357100,0
2024-10-18,sz.000731,7.3100,7.4700,7.1700,7.3800,7.4200,24476939,178318100.3900,3,4.380000,1,-0.539100,0
2024-10-21,sz.000731,7.3800,7.4000,7.2500,7.2700,7.3800,17005300,124174090.9900,3,3.043000,1,-1.490500,0
2024-10-22,sz.000731,7.2200,7.3200,7.2200,7.2900,7.2700,10562495,76843969.7200,3,1.890100,1,0.275100,0
2024-10-23,sz.000731,7.2800,7.5000,7.2400,7.4500,7.2900,18956093,139268289.9800,3,3.392100,1,2.194800,0
2024-10-24,sz.000731,7.3600,7.3900,7.2800,7.2900,7.4500,9543861,69792098.5000,3,1.707800,1,-2.147700,0
2024-10-25,sz.000731,7.2700,7.4700,7.2700,7.3700,7.2900,10971023,80712403.3800,3,1.963200,1,1.097400,0
2024-10-28,sz.000731,7.3500,7.5700,7.3300,7.5600,7.3700,17344447,129801382.9000,3,3.103700,1,2.578000,0
2024-10-29,sz.000731,7.4700,7.5500,7.3900,7.4100,7.5600,16869690,125725001.6400,3,3.018800,1,-1.984100,0
2024-10-30,sz.000731,7.4100,7.4500,7.2400,7.3000,7.4100,12284594,90062848.1900,3,2.198300,1,-1.484500,0
2024-10-31,sz.000731,7.2900,7.3400,7.2500,7.3100,7.3000,11895174,86771757.5000,3,2.128600,1,0.137000,0
2024-11-01,sz.000731,7.3000,7.3400,7.1900,7.2000,7.3100,12936700,93710225.0000,3,2.315000,1,-1.504800,0
2024-11-04,sz.000731,7.1800,7.2200,7.1200,7.2200,7.2000,9469364,67911201.6900,3,1.694500,1,0.277800,0
2024-11-05,sz.000731,7.2100,7.4900,7.1900,7.3800,7.2200,17732135,130424838.7700,3,3.173100,1,2.216100,0
2024-11-06,sz.000731,7.3900,7.4300,7.3300,7.3800,7.3800,12885434,95033002.3200,3,2.305800,1,0.000000,0
2024-11-07,sz.000731,7.3900,7.5700,7.3600,7.5400,7.3800,17385139,130332805.9900,3,3.111000,1,2.168000,0
2024-11-08,sz.000731,7.6600,7.7000,7.4300,7.4900,7.5400,16164200,121736737.0000,3,2.892500,1,-0.663100,0
2024-11-11,sz.000731,7.4800,7.5300,7.4200,7.5000,7.4900,11308099,84527009.5300,3,2.023500,1,0.133500,0
2024-11-12,sz.000731,7.5000,7.6400,7.4700,7.5200,7.5000,17700540,133924605.6300,3,3.167400,1,0.266700,0
2024-11-13,sz.000731,7.5100,7.7400,7.4800,7.6700,7.5200,20222179,154673723.3800,3,3.618700,1,1.994700,0
2024-11-14,sz.000731,7.6900,7.8000,7.5400,7.5700,7.6700,18189927,139557740.1500,3,3.255000,1,-1.303800,0
2024-11-15,sz.000731,7.5700,7.7000,7.5000,7.5000,7.5700,12455400,94377810.0000,3,2.228800,1,-0.924700,0
