date,code,open,high,low,close,preclose,volume,amount,adjustflag,turn,tradestatus,pctChg,isST
2010-01-04,sz.000861,13.3100,13.4000,12.9500,13.0000,12.9400,6507759,85268682.8700,3,4.363562,1,0.463700,0
2010-01-05,sz.000861,12.9600,13.2000,12.9000,13.1800,13.0000,4358728,57104327.1000,3,2.922601,1,1.384600,0
2010-01-06,sz.000861,13.2000,13.2500,13.0100,13.0900,13.1800,4202014,55137623.0200,3,2.817521,1,-0.682900,0
2010-01-07,sz.000861,13.1200,13.4000,12.7000,12.8300,13.0900,5552594,72812585.5800,3,3.723108,1,-1.986200,0
2010-01-08,sz.000861,12.7800,13.1500,12.7000,13.1500,12.8300,4063618,52360032.5600,3,2.724724,1,2.494200,0
2010-01-11,sz.000861,13.3000,13.5300,13.1000,13.4500,13.1500,8268882,110203250.7000,3,5.544425,1,2.281400,0
2010-01-12,sz.000861,13.5000,13.6600,13.3800,13.5700,13.4500,6709512,90877980.3500,3,4.498841,1,0.892200,0
2010-01-13,sz.000861,13.3800,13.4500,13.0300,13.1200,13.5700,5253737,69375690.1600,3,3.522719,1,-3.316100,0
2010-01-14,sz.000861,13.1500,13.5500,13.1000,13.5400,13.1200,5201896,69501041.6300,3,3.487959,1,3.201200,0
2010-01-15,sz.000861,13.7500,14.6800,13.5500,14.3400,13.5400,11638325,163677392.1200,3,7.803693,1,5.908400,0
2010-01-18,sz.000861,14.3400,14.3400,14.3400,14.3400,14.3400,0,0.0000,3,,0,0.000000,0
2010-01-19,sz.000861,13.9800,15.4500,13.8900,15.1900,14.3400,20463265,301292781.3900,3,13.720964,1,5.927500,0
2010-01-20,sz.000861,15.3000,15.3000,14.3800,14.7000,15.1900,12354576,182642745.6300,3,8.283951,1,-3.225800,0
2010-01-21,sz.000861,14.6600,15.0000,14.5000,14.8500,14.7000,6939253,102596896.0400,3,4.652886,1,1.020400,0
2010-01-22,sz.000861,14.5000,14.6500,13.8800,14.1600,14.8500,6972253,99211750.4200,3,4.675013,1,-4.646500,0
2010-01-25,sz.000861,14.2000,14.6500,14.0500,14.3900,14.1600,4764301,68724895.7000,3,3.194544,1,1.624300,0
2010-01-26,sz.000861,14.3100,14.4800,13.5500,13.6600,14.3900,3522751,49118288.1100,3,2.362064,1,-5.073000,0
2010-01-27,sz.000861,13.7500,13.8900,13.3000,13.3100,13.6600,2708834,36682164.9300,3,1.816319,1,-2.562200,0
2010-01-28,sz.000861,13.3300,13.7800,13.2000,13.7800,13.3100,3243231,43933666.5300,3,2.174641,1,3.531200,0
2010-01-29,sz.000861,13.8000,14.1800,13.5500,13.7500,13.7800,2848021,39705419.6900,3,1.909646,1,-0.217700,0
2010-02-01,sz.000861,13.7200,14.0000,13.6500,13.8000,13.7500,2376978,32919164.7900,3,1.593804,1,0.363600,0
2010-02-02,sz.000861,13.8200,14.0500,13.3500,13.3900,13.8000,3192143,43407489.9100,3,2.140386,1,-2.971000,0
2010-02-03,sz.000861,13.4000,13.7000,12.8400,13.5600,13.3900,2951323,39180267.1900,3,1.978912,1,1.269600,0
2010-02-04,sz.000861,13.5700,14.2500,13.3100,13.9900,13.5600,4616291,64511922.8000,3,3.095301,1,3.171100,0
2010-02-05,sz.000861,13.7800,14.3400,13.6000,14.0300,13.9900,5394274,76010360.6900,3,3.616952,1,0.285900,0
2010-02-08,sz.000861,14.0300,14.0300,14.0300,14.0300,14.0300,0,0.0000,3,,0,0.000000,0
2010-02-09,sz.000861,14.1000,14.1300,13.2700,13.3500,14.0300,3887107,53030643.2100,3,2.606371,1,-4.846800,0
2010-02-10,sz.000861,13.3800,13.6300,13.3000,13.6000,13.3500,1620977,21838675.6400,3,1.086892,1,1.872700,0
2010-02-11,sz.000861,13.6900,13.9000,13.5000,13.5500,13.6000,1701453,23338939.7300,3,1.140853,1,-0.367600,0
2010-02-12,sz.000861,13.6900,13.8800,13.5600,13.8000,13.5500,1488959,20429442.7400,3,0.998372,1,1.845000,0
2010-02-22,sz.000861,13.8000,14.2700,13.6800,14.1700,13.8000,3940265,55579550.7200,3,2.642014,1,2.681200,0
2010-02-23,sz.000861,14.1000,14.4000,14.0500,14.3300,14.1700,4468603,63660824.4300,3,2.996274,1,1.129100,0
2010-02-24,sz.000861,14.2900,14.4500,14.2400,14.4000,14.3300,3655721,52481658.5000,3,2.451223,1,0.488500,0
2010-02-25,sz.000861,14.4900,14.4900,14.2100,14.3800,14.4000,4635558,66449643.5600,3,3.108220,1,-0.138900,0
2010-02-26,sz.000861,14.3800,14.6800,14.2500,14.3300,14.3800,3499189,50532871.4400,3,2.346265,1,-0.347700,0
2010-03-01,sz.000861,14.3000,14.4400,14.2000,14.2400,14.3300,5510915,78961867.8700,3,3.695161,1,-0.628100,0
2010-03-02,sz.000861,14.2600,14.7500,14.2600,14.7300,14.2400,6921915,100815698.6800,3,4.641261,1,3.441000,0
2010-03-03,sz.000861,14.7700,14.8800,14.5500,14.8700,14.7300,5633891,83009566.6800,3,3.777619,1,0.950400,0
2010-03-04,sz.000861,14.8900,14.9600,14.0900,14.2100,14.8700,5434068,79041103.2700,3,3.643634,1,-4.438500,0
2010-03-05,sz.000861,14.2700,14.4500,14.1200,14.3900,14.2100,2525131,36099157.2400,3,1.693143,1,1.266700,0
2010-03-08,sz.000861,14.5000,14.5000,14.2000,14.3000,14.3900,2088160,30001246.2300,3,1.400146,1,-0.625400,0
2010-03-09,sz.000861,14.3000,14.5600,14.1700,14.4100,14.3000,3215582,46252400.4300,3,2.156102,1,0.769200,0
2010-03-10,sz.000861,14.3900,14.4900,14.0500,14.1900,14.4100,2511745,35777940.8800,3,1.684167,1,-1.526700,0
2010-03-11,sz.000861,14.0800,14.2100,13.7600,13.8100,14.1900,2614823,36417390.9400,3,1.753283,1,-2.677900,0
2010-03-12,sz.000861,13.8000,13.9300,13.5000,13.5100,13.8100,2254659,30810208.9800,3,1.511787,1,-2.172300,0
2010-03-15,sz.000861,13.6600,13.6700,13.1100,13.2900,13.5100,2429701,32264965.7100,3,1.629155,1,-1.628400,0
2010-03-16,sz.000861,13.4100,13.4100,13.1600,13.2500,13.2900,2719084,35972966.0200,3,1.823192,1,-0.301000,0
2010-03-17,sz.000861,13.3500,13.6800,13.2700,13.6800,13.2500,2194438,29714880.5400,3,1.471408,1,3.245300,0
2010-03-18,sz.000861,13.6900,13.7800,13.5600,13.5900,13.6800,1742700,23815429.7400,3,1.168510,1,-0.657900,0
2010-03-19,sz.000861,13.5800,13.7900,13.5600,13.7300,13.5900,2278757,31096179.7900,3,1.527945,1,1.030200,0
2010-03-22,sz.000861,13.7400,13.9000,13.6800,13.7500,13.7300,3812390,52546495.8300,3,2.556272,1,0.145700,0
2010-03-23,sz.000861,13.7600,13.9000,13.6100,13.7300,13.7500,2316546,31835945.5300,3,1.553283,1,-0.145500,0
2010-03-24,sz.000861,13.7900,13.8400,13.5200,13.5600,13.7300,1771698,24070531.8500,3,1.187953,1,-1.238200,0
2010-03-25,sz.000861,13.5100,13.5600,13.2700,13.2700,13.5600,1871343,24954963.1800,3,1.254767,1,-2.138600,0
2010-03-26,sz.000861,13.2700,13.2700,13.2700,13.2700,13.2700,0,0.0000,3,,0,0.000000,0
2010-03-29,sz.000861,13.4200,13.8000,13.4200,13.5500,13.2700,2213199,30097239.1800,3,1.483987,1,2.110000,0
2010-03-30,sz.000861,13.5600,13.7600,13.4300,13.6100,13.5500,3602959,48981183.8700,3,2.415845,1,0.442800,0
2010-03-31,sz.000861,13.6100,13.8600,13.5700,13.7900,13.6100,2317195,31890110.4600,3,1.553718,1,1.322600,0
2010-04-01,sz.000861,13.8700,14.2200,13.8500,14.1900,13.7900,4337366,61291304.9800,3,2.908277,1,2.900700,0
2010-04-02,sz.000861,14.2000,14.5000,14.1000,14.4800,14.1900,4825823,69146259.3300,3,3.235796,1,2.043700,0
2010-04-06,sz.000861,14.4800,14.5800,14.2200,14.3800,14.4800,3379288,48516619.0700,3,2.265870,1,-0.690600,0
2010-04-07,sz.000861,14.3300,14.3300,13.9900,14.0500,14.3800,3886270,54763619.1400,3,2.605810,1,-2.294900,0
2010-04-08,sz.000861,14.0600,14.2200,13.7000,13.7900,14.0000,4178744,58326307.3300,3,2.801918,1,-1.500000,0
2010-04-09,sz.000861,13.8400,14.1800,13.7400,14.1800,13.7900,3044659,42436277.1300,3,2.041495,1,2.828100,0
2010-04-12,sz.000861,14.1600,14.4800,14.1200,14.4000,14.1800,4510948,64358139.8600,3,3.024667,1,1.551500,0
2010-04-13,sz.000861,14.4700,14.7300,13.8000,14.4500,14.4000,5624638,80555873.9400,3,3.771415,1,0.347200,0
2010-04-14,sz.000861,14.4400,14.7000,14.2800,14.5500,14.4500,5066291,73642075.9200,3,3.397034,1,0.692000,0
2010-04-15,sz.000861,14.5600,14.6000,14.1100,14.1900,14.5500,4095927,58635729.8000,3,2.746388,1,-2.474200,0
2010-04-16,sz.000861,14.1900,14.2700,13.9800,14.1400,14.1900,1728027,24389681.4900,3,1.158671,1,-0.352400,0
2010-04-19,sz.000861,14.1500,14.2800,13.5000,13.5000,14.1400,3816102,53022958.3100,3,2.558761,1,-4.526200,0
2010-04-20,sz.000861,13.5100,13.7500,13.2000,13.6000,13.5000,3305101,44615090.9000,3,2.216126,1,0.740700,0
2010-04-21,sz.000861,13.5600,13.8500,13.5600,13.8000,13.6000,2865716,39400187.9200,3,1.921511,1,1.470600,0
2010-04-22,sz.000861,13.8000,14.1000,13.5700,13.8000,13.8000,4281397,59228393.5300,3,2.870749,1,0.000000,0
2010-04-23,sz.000861,13.6800,14.0600,13.6800,13.8500,13.8000,3178179,44089742.5100,3,2.131023,1,0.362300,0
2010-04-26,sz.000861,13.8600,13.9800,13.6000,13.6700,13.8500,2687822,37053386.4300,3,1.802230,1,-1.299600,0
2010-04-27,sz.000861,13.6500,13.6700,12.6500,12.9400,13.6700,4233532,55208145.5000,3,2.838655,1,-5.340200,0
2010-04-28,sz.000861,12.8500,12.9700,12.6300,12.6400,12.9400,1925306,24551125.6200,3,1.290950,1,-2.318400,0
2010-04-29,sz.000861,12.8300,13.2100,12.7100,12.7800,12.6400,2530255,32780037.2800,3,1.696579,1,1.107600,0
2010-04-30,sz.000861,12.9000,13.2800,12.4800,13.2500,12.7800,3019177,38880128.8200,3,2.024409,1,3.677600,0
2010-05-04,sz.000861,13.0000,13.3100,12.8200,13.0300,13.2500,1691861,22141132.1500,3,1.134421,1,-1.660400,0
2010-05-05,sz.000861,12.9000,13.2700,12.6700,13.1800,13.0300,1459326,18987110.2500,3,0.978503,1,1.151200,0
2010-05-06,sz.000861,13.1000,13.2700,12.6600,12.7600,13.1800,1814351,23464591.2700,3,1.216553,1,-3.186600,0
2010-05-07,sz.000861,12.4700,12.4700,11.9000,11.9000,12.7600,2641694,32119125.5600,3,1.771300,1,-6.739800,0
2010-05-10,sz.000861,12.0000,12.0700,11.3000,11.6100,11.9000,1986266,23189122.2700,3,1.331825,1,-2.437000,0
2010-05-11,sz.000861,11.8800,12.0200,11.3800,11.4000,11.6100,1261100,14706226.5200,3,0.845589,1,-1.808800,0
2010-05-12,sz.000861,11.4900,11.4900,10.7600,10.9100,11.4000,1406703,15516065.2500,3,0.943218,1,-4.298200,0
2010-05-13,sz.000861,10.9100,11.3000,10.6200,11.2900,10.9100,1781566,19503790.5400,3,1.194570,1,3.483000,0
2010-05-14,sz.000861,11.1500,11.4100,11.0100,11.2900,11.2900,1341110,15095058.8500,3,0.899237,1,0.000000,0
2010-05-17,sz.000861,11.1700,11.1700,10.1600,10.1600,11.2900,2381968,25345720.3500,3,1.597150,1,-10.008900,0
2010-05-18,sz.000861,10.2500,10.3800,9.8200,10.2800,10.1600,1858957,18764655.4900,3,1.246462,1,1.181100,0
2010-05-19,sz.000861,10.1800,10.5500,10.0600,10.3700,10.2800,1561587,16098371.0300,3,1.047070,1,0.875500,0
2010-05-20,sz.000861,10.2600,10.5800,10.1500,10.3000,10.3700,1636209,17057855.2400,3,1.097106,1,-0.675000,0
2010-05-21,sz.000861,10.3000,10.3000,10.3000,10.3000,10.3000,0,0.0000,3,,0,0.000000,0
2010-05-24,sz.000861,10.8800,11.3300,10.7000,11.3300,10.3000,4508671,50279470.7400,3,3.023140,1,10.000000,0
2010-05-25,sz.000861,11.3100,11.4900,11.0900,11.2500,11.3300,2599544,29297151.7900,3,1.743038,1,-0.706100,0
2010-05-26,sz.000861,11.2500,12.3800,11.2500,11.9600,11.2500,6077794,72986713.2100,3,4.075263,1,6.311100,0
2010-05-27,sz.000861,11.9400,12.7500,11.8000,12.6600,11.9600,4927743,61131881.9600,3,3.304135,1,5.852800,0
2010-05-28,sz.000861,12.6600,13.1400,12.6500,12.9700,12.6600,7345332,95111729.5200,3,4.925169,1,2.448700,0
2010-05-31,sz.000861,13.0700,13.2100,12.3800,13.0100,12.9700,5029442,65000719.2600,3,3.372326,1,0.308400,0
2010-06-01,sz.000861,12.8800,12.8800,12.3000,12.5300,13.0100,3907460,49168103.0900,3,2.620018,1,-3.689500,0
2010-06-02,sz.000861,12.5300,12.6500,12.2000,12.5600,12.5300,2269007,28264551.1900,3,1.521407,1,0.239400,0
2010-06-03,sz.000861,12.5500,12.7300,12.4300,12.7300,12.5600,1748982,22052914.8800,3,1.172722,1,1.353500,0
2010-06-04,sz.000861,12.6600,12.8500,12.4400,12.8200,12.7300,1683218,21290324.2900,3,1.128626,1,0.707000,0
2010-06-07,sz.000861,12.4300,12.8800,12.3800,12.4100,12.8200,1599171,20105434.9400,3,1.072271,1,-3.198100,0
2010-06-08,sz.000861,12.3900,12.5500,12.2600,12.2800,12.4100,1784070,22036559.6000,3,1.196249,1,-1.047500,0
2010-06-09,sz.000861,12.4400,12.8700,12.3600,12.8000,12.2800,2336155,29527801.8500,3,1.566431,1,4.234531,0
2010-06-10,sz.000861,12.8500,12.8500,12.6200,12.6700,12.8000,1650842,20975837.9400,3,1.106917,1,-1.015600,0
2010-06-11,sz.000861,12.7200,12.7800,12.0000,12.1000,12.6700,3912313,47898681.9300,3,2.623272,1,-4.498800,0
2010-06-17,sz.000861,12.1800,12.4200,12.1300,12.1700,12.1000,1464262,17918333.3400,3,0.981812,1,0.578500,0
2010-06-18,sz.000861,12.2000,12.3300,11.6000,11.6700,12.1700,1784676,21298372.8200,3,1.196655,1,-4.108500,0
2010-06-21,sz.000861,11.7000,12.2500,11.5100,12.0000,11.6700,3742040,44438055.2600,3,2.509101,1,2.827800,0
2010-06-22,sz.000861,12.0000,12.3900,11.5000,12.1700,12.0000,4151841,50561789.5900,3,2.783879,1,1.416700,0
2010-06-23,sz.000861,12.0000,12.5800,11.8300,12.5000,12.1700,4323543,53353005.0600,3,2.899008,1,2.711600,0
2010-06-24,sz.000861,12.4500,12.6300,12.2800,12.4000,12.5000,2217448,27599405.5800,3,1.486836,1,-0.800000,0
2010-06-25,sz.000861,12.3000,12.6000,12.0100,12.5100,12.4000,2740989,33703113.4100,3,1.837879,1,0.887100,0
2010-06-28,sz.000861,12.4000,12.6000,12.1500,12.3600,12.5100,1591524,19729939.7100,3,1.067144,1,-1.199000,0
2010-06-29,sz.000861,12.3900,12.4200,11.4900,11.6100,12.3600,2057167,24405980.6200,3,1.379365,1,-6.068000,0
2010-06-30,sz.000861,11.3300,11.8400,11.3100,11.7000,11.6100,1518070,17608992.9300,3,1.017892,1,0.775200,0
2010-07-01,sz.000861,11.6400,12.0800,11.6400,11.8000,11.7000,1499877,17789741.3600,3,1.005693,1,0.854700,0
2010-07-02,sz.000861,11.8000,11.9600,11.1500,11.9000,11.8000,1863670,21695279.4100,3,1.249622,1,0.847500,0
2010-07-05,sz.000861,11.8600,12.3700,11.5500,12.2000,11.9000,2831812,34172205.0800,3,1.898778,1,2.521000,0
2010-07-06,sz.000861,12.2000,12.4100,12.0300,12.2800,12.2000,1853651,22704407.3400,3,1.242904,1,0.655700,0
2010-07-07,sz.000861,12.2800,12.7200,12.2000,12.7200,12.2800,3438427,43225199.7600,3,2.305523,1,3.583100,0
2010-07-08,sz.000861,12.8900,12.8900,12.4300,12.6400,12.7200,2769138,34978128.8700,3,1.856754,1,-0.628900,0
2010-07-09,sz.000861,12.6000,12.9200,12.4700,12.7500,12.6400,3731124,47500148.7300,3,2.501782,1,0.870300,0
2010-07-12,sz.000861,12.7800,12.9700,12.6200,12.7500,12.7500,3009705,38571501.7700,3,2.018058,1,0.000000,0
2010-07-13,sz.000861,12.6300,12.7500,12.4300,12.6300,12.7500,2056624,25824179.8400,3,1.379001,1,-0.941200,0
2010-07-14,sz.000861,12.6900,13.1600,12.6500,13.1000,12.6300,5457469,71028210.6300,3,3.659325,1,3.721300,0
2010-07-15,sz.000861,13.0000,13.4800,12.8700,13.1300,13.1000,6055478,79761956.7000,3,4.060300,1,0.229000,0
2010-07-16,sz.000861,13.0000,13.2700,12.7000,12.9600,13.1300,3768948,48965565.9100,3,2.527143,1,-1.294745,0
2010-07-19,sz.000861,12.9500,13.4600,12.9500,13.3600,12.9600,3852824,51139280.6800,3,2.583383,1,3.086400,0
2010-07-20,sz.000861,13.3700,13.9800,13.2800,13.7200,13.3600,7680320,105029218.3400,3,5.149784,1,2.694600,0
2010-07-21,sz.000861,13.7100,13.9300,13.5200,13.6000,13.7200,5884068,80768818.3500,3,3.945367,1,-0.874600,0
2010-07-22,sz.000861,13.7600,13.9100,13.6200,13.7800,13.6000,3442863,47474021.1500,3,2.308498,1,1.323500,0
2010-07-23,sz.000861,13.8100,13.8100,13.3500,13.4200,13.7800,3845773,52017864.7000,3,2.578656,1,-2.612500,0
2010-07-26,sz.000861,13.4800,13.6100,13.3500,13.5200,13.4200,3176484,42753927.4400,3,2.129886,1,0.745200,0
2010-07-27,sz.000861,13.5200,13.7700,13.3600,13.6000,13.5200,5078061,69006026.1400,3,3.404926,1,0.591700,0
2010-07-28,sz.000861,13.6000,13.8200,13.5500,13.8200,13.6000,4008516,55067940.5500,3,2.687778,1,1.617600,0
2010-07-29,sz.000861,13.8200,14.0200,13.5600,13.6300,13.8200,4273179,58853217.8600,3,2.865239,1,-1.374800,0
2010-07-30,sz.000861,13.6300,14.5500,13.5000,14.4200,13.6300,8483232,119563371.2300,3,5.688150,1,5.796000,0
2010-08-02,sz.000861,14.4000,14.6300,14.3000,14.5700,14.4200,6755183,97914966.4400,3,4.529464,1,1.040200,0
2010-08-03,sz.000861,14.5700,14.5900,14.1100,14.1600,14.5700,5004716,71605418.5400,3,3.355746,1,-2.814000,0
2010-08-04,sz.000861,14.0400,14.2200,13.8500,14.1600,14.1600,4618866,64731965.7400,3,3.097028,1,0.000000,0
2010-08-05,sz.000861,14.1600,14.8500,14.0000,14.4000,14.1600,6612713,95884437.6200,3,4.433936,1,1.694900,0
2010-08-06,sz.000861,14.4000,14.5900,14.1800,14.5300,14.4000,2966745,42777822.5300,3,1.989253,1,0.902800,0
2010-08-09,sz.000861,14.5500,14.7800,14.4800,14.5700,14.5300,3696154,54098159.9200,3,2.478334,1,0.275300,0
2010-08-10,sz.000861,14.5700,14.6200,13.7000,13.7800,14.5700,5281740,74467160.7100,3,3.541496,1,-5.422100,0
2010-08-11,sz.000861,13.7800,14.0000,13.5700,13.7000,13.7800,4307360,59241992.5700,3,2.888157,1,-0.580600,0
2010-08-12,sz.000861,13.6400,13.8000,13.4200,13.4500,13.7000,2772057,37676207.6600,3,1.858711,1,-1.824800,0
2010-08-13,sz.000861,13.4000,13.9000,13.3500,13.8500,13.4500,2334251,31786848.5100,3,1.565155,1,2.974000,0
2010-08-16,sz.000861,13.8500,13.8500,13.8500,13.8500,13.8500,0,0.0000,3,,0,0.000000,0
2010-08-17,sz.000861,14.1600,14.6000,14.0500,14.1100,13.8500,5426973,77819302.8700,3,3.638877,1,1.877300,0
2010-08-18,sz.000861,14.2800,14.8300,14.2400,14.7500,14.1100,9812682,143502394.2800,3,6.579569,1,4.535800,0
2010-08-19,sz.000861,14.7400,15.0000,14.6200,14.7700,14.7500,6390640,94819298.9500,3,4.285032,1,0.135600,0
2010-08-20,sz.000861,14.6800,15.1900,14.5500,15.0000,14.7700,9097787,135160999.8200,3,6.100220,1,1.557200,0
2010-08-23,sz.000861,14.9700,15.4500,14.7700,15.2400,15.0000,6215612,94277575.3200,3,4.167673,1,1.600000,0
2010-08-24,sz.000861,15.2400,15.3000,14.9700,15.1800,15.2400,3832517,58036434.9000,3,2.569767,1,-0.393700,0
2010-08-25,sz.000861,15.0500,15.3800,14.8500,14.8500,15.1800,4606351,69868523.0300,3,3.088636,1,-2.173900,0
2010-08-26,sz.000861,14.8000,15.2300,14.8000,15.1000,14.8500,4193573,63151140.1200,3,2.811861,1,1.683500,0
2010-08-27,sz.000861,15.0100,15.2800,14.9000,15.2800,15.1000,2615785,39554811.0600,3,1.753928,1,1.192100,0
2010-08-30,sz.000861,15.3800,15.8500,15.2200,15.8400,15.2800,5718345,89559598.8300,3,3.834247,1,3.664900,0
2010-08-31,sz.000861,15.8000,15.9600,15.4500,15.5900,15.8400,4454825,70346180.7900,3,2.987035,1,-1.578300,0
2010-09-01,sz.000861,15.6500,15.8800,15.0500,15.1100,15.5900,5055534,77495020.2000,3,3.389821,1,-3.078900,0
2010-09-02,sz.000861,15.1600,15.5800,15.0800,15.2500,15.1100,4306471,65817907.4800,3,2.887561,1,0.926500,0
2010-09-03,sz.000861,15.4600,15.5500,15.1000,15.2300,15.2500,2651818,40441671.4500,3,1.778089,1,-0.131100,0
2010-09-06,sz.000861,15.6100,16.7500,15.3200,16.7500,15.2300,11279599,183952894.4200,3,7.563161,1,9.980300,0
2010-09-07,sz.000861,16.6000,17.2900,16.2600,16.7900,16.7500,7368095,124106529.5900,3,4.940432,1,0.238800,0
2010-09-08,sz.000861,16.5700,17.7000,16.5000,17.3000,16.7900,5857843,100941394.7600,3,3.927782,1,3.037512,0
2010-09-09,sz.000861,17.1200,17.5000,16.8500,16.8900,17.3000,5279546,90296741.2700,3,3.540025,1,-2.369900,0
2010-09-10,sz.000861,16.8800,17.2000,16.5000,17.1500,16.8900,3739178,62905998.8600,3,2.507182,1,1.539400,0
2010-09-13,sz.000861,17.6000,18.1500,17.4800,18.0100,17.1500,7686636,137899406.7600,3,5.154019,1,5.014600,0
2010-09-14,sz.000861,17.8300,18.2900,17.7100,17.7900,18.0100,4180926,75211838.1700,3,2.803381,1,-1.221500,0
2010-09-15,sz.000861,17.8500,17.8500,17.0100,17.2000,17.7900,3433170,59750030.4800,3,2.301998,1,-3.316500,0
2010-09-16,sz.000861,17.1900,17.7400,16.3800,16.5800,17.2000,3634087,61443126.7300,3,2.436717,1,-3.604700,0
2010-09-17,sz.000861,16.5800,17.6500,16.5800,17.3100,16.5800,4120712,70732436.3000,3,2.763007,1,4.402900,0
2010-09-20,sz.000861,17.3100,17.6000,17.1100,17.1600,17.3100,1914014,33246052.2000,3,1.283379,1,-0.866600,0
2010-09-21,sz.000861,17.2100,17.2500,16.6300,17.0000,17.1600,1790698,30188309.2500,3,1.200693,1,-0.932400,0
2010-09-27,sz.000861,17.0000,17.4000,16.5500,17.1700,17.0000,2902642,49641736.2600,3,1.946270,1,1.000000,0
2010-09-28,sz.000861,17.0600,18.1500,17.0600,17.8400,17.1700,3781044,67433103.1300,3,2.535254,1,3.902200,0
2010-09-29,sz.000861,17.8300,17.9000,17.2200,17.2800,17.8400,2050957,36024527.8000,3,1.375201,1,-3.139000,0
2010-09-30,sz.000861,17.1000,18.2200,17.0000,18.1800,17.2800,3649891,64935613.7000,3,2.447313,1,5.208300,0
2010-10-08,sz.000861,18.1800,19.1000,18.0000,19.1000,18.1800,6119907,115591501.1500,3,4.103501,1,5.060500,0
2010-10-11,sz.000861,19.3900,19.3900,18.2100,18.4900,19.1000,4461238,83286948.8300,3,2.991335,1,-3.193700,0
2010-10-12,sz.000861,18.4900,18.8800,18.1800,18.3100,18.4900,4075174,75215570.0500,3,2.732473,1,-0.973500,0
2010-10-13,sz.000861,18.5000,18.6700,17.7500,18.1000,18.3100,4335407,78356178.6800,3,2.906963,1,-1.146900,0
2010-10-14,sz.000861,18.4000,18.4000,16.3900,16.6500,18.1000,8356579,143328579.7300,3,5.603227,1,-8.011000,0
2010-10-15,sz.000861,16.4100,17.1000,16.1900,16.3500,16.6500,5576231,92526207.8600,3,3.738957,1,-1.801800,0
2010-10-18,sz.000861,16.4000,16.8500,15.5000,16.6500,16.3500,3774017,61464906.0200,3,2.530542,1,1.834900,0
2010-10-19,sz.000861,16.6500,17.3500,16.5100,17.3000,16.6500,3320438,56844038.6000,3,2.226410,1,3.903900,0
2010-10-20,sz.000861,16.9800,18.6000,16.7100,18.0000,17.3000,5996470,107472220.7500,3,4.020734,1,4.046200,0
2010-10-21,sz.000861,17.9500,18.2800,17.6800,18.0800,18.0000,2630807,47334019.9200,3,1.764000,1,0.444400,0
2010-10-22,sz.000861,18.1500,18.1700,17.8000,17.8500,18.0800,2204843,39636322.1400,3,1.478384,1,-1.272100,0
2010-10-25,sz.000861,17.8000,18.6500,17.8000,18.4100,17.8500,3002730,55387426.4100,3,2.013381,1,3.137300,0
2010-10-26,sz.000861,18.4500,18.6000,17.8000,18.1800,18.4100,2573712,46767133.9100,3,1.725717,1,-1.249300,0
2010-10-27,sz.000861,18.3800,20.0000,17.8800,19.6500,18.1800,8741539,168152612.8400,3,5.861349,1,8.085800,0
2010-10-28,sz.000861,19.2900,21.5500,19.2000,20.7300,19.6500,10019508,205282227.9100,3,6.718249,1,5.496200,0
2010-10-29,sz.000861,20.7000,21.4300,20.3600,21.0800,20.7300,6344733,133792668.1100,3,4.254250,1,1.688400,0
2010-11-01,sz.000861,20.9600,21.5400,20.6200,21.5000,21.0800,5482736,115662462.7300,3,3.676267,1,1.992400,0
2010-11-02,sz.000861,21.4400,21.9800,20.8800,21.3000,21.5000,6122120,130038612.3600,3,4.104985,1,-0.930200,0
2010-11-03,sz.000861,21.2200,21.2700,19.8800,19.8800,21.3000,3762757,77066648.2600,3,2.522992,1,-6.666700,0
2010-11-04,sz.000861,20.0000,20.6000,19.7000,20.2500,19.8800,3943135,79665318.6900,3,2.643938,1,1.861200,0
2010-11-05,sz.000861,20.5000,20.9800,20.1700,20.6700,20.2500,4049554,83374709.7200,3,2.715294,1,2.074100,0
2010-11-08,sz.000861,20.9000,21.9200,20.5000,21.6900,20.6700,4805914,102718374.0200,3,3.222446,1,4.934700,0
2010-11-09,sz.000861,21.6800,22.3800,20.9000,21.5000,21.6900,4959960,106852123.6600,3,3.325737,1,-0.876000,0
2010-11-10,sz.000861,21.4400,21.8000,20.7800,21.5500,21.5000,3439024,72969822.5400,3,2.305924,1,0.232600,0
2010-11-11,sz.000861,21.3700,21.9800,21.0800,21.5200,21.5500,3282075,71373380.1300,3,2.200687,1,-0.139200,0
2010-11-12,sz.000861,21.1500,21.4100,19.8000,20.0400,21.5200,5096008,104174990.2000,3,3.416959,1,-6.877300,0
2010-11-15,sz.000861,20.0500,20.5000,19.0100,19.6100,20.0400,4124907,81194170.4000,3,2.765820,1,-2.145700,0
2010-11-16,sz.000861,19.5000,19.9800,18.6900,18.7200,19.6100,3121929,60444354.7200,3,2.093306,1,-4.538500,0
2010-11-17,sz.000861,18.6000,18.9800,18.0500,18.1500,18.7200,2022041,37491486.8000,3,1.355813,1,-3.044900,0
2010-11-18,sz.000861,18.2000,18.9000,18.2000,18.7700,18.1500,1555589,28917438.8700,3,1.043049,1,3.416000,0
2010-11-19,sz.000861,18.5200,20.1300,18.5200,20.1300,18.7700,2358541,45138390.4800,3,1.581442,1,7.245600,0
2010-11-22,sz.000861,19.7000,20.4500,19.4100,20.1300,20.1300,1881233,37681654.2400,3,1.261398,1,0.000000,0
2010-11-23,sz.000861,19.9200,20.1900,19.1000,20.1800,20.1300,3209763,62828056.1900,3,2.152200,1,0.248400,0
2010-11-24,sz.000861,20.0800,20.7000,19.7600,20.6600,20.1800,2667036,54298946.9300,3,1.788293,1,2.378600,0
2010-11-25,sz.000861,21.0000,21.1000,20.2700,20.3600,20.6600,2054283,42194992.6600,3,1.377431,1,-1.452100,0
2010-11-26,sz.000861,20.4900,20.8500,19.7000,20.0400,20.3600,2086887,41607050.5700,3,1.399293,1,-1.571700,0
2010-11-29,sz.000861,20.0400,20.0400,20.0400,20.0400,20.0400,0,0.0000,3,,0,0.000000,0
2010-11-30,sz.000861,20.1500,20.1500,18.2500,19.3600,20.0400,2991603,56870351.8100,3,2.005920,1,-3.393200,0
2010-12-01,sz.000861,19.2000,19.2000,18.7100,19.0800,19.3600,1262076,23983891.3900,3,0.846243,1,-1.446300,0
2010-12-02,sz.000861,19.3200,19.6100,19.0000,19.4200,19.0800,1906645,36949284.2500,3,1.278438,1,1.782000,0
2010-12-03,sz.000861,19.3200,19.3200,18.9600,18.9900,19.4200,884811,16893763.1100,3,0.593281,1,-2.214200,0
2010-12-06,sz.000861,18.9900,19.0400,18.3600,18.6000,18.9900,888963,16587772.1500,3,0.596065,1,-2.053700,0
2010-12-07,sz.000861,18.6000,18.9800,18.2000,18.9500,18.6000,967352,18021966.0700,3,0.648626,1,1.881700,0
2010-12-08,sz.000861,18.9300,19.5000,18.6200,19.4000,18.9500,2960058,56777550.6400,3,1.984769,1,2.374700,0
2010-12-09,sz.000861,19.3000,19.4800,18.8000,18.8100,19.4000,1132657,21662790.7200,3,0.759466,1,-3.041200,0
2010-12-10,sz.000861,18.6000,19.0000,18.6000,18.9500,18.8100,1014128,19115594.6600,3,0.679990,1,0.744300,0
2010-12-13,sz.000861,19.2700,19.4000,18.8500,19.1800,18.9500,3964780,75507316.8400,3,2.658452,1,1.213700,0
2010-12-14,sz.000861,19.2000,19.3500,18.8200,18.8700,19.1800,3290190,62508562.4600,3,2.206128,1,-1.616300,0
2010-12-15,sz.000861,18.8200,19.1000,18.4000,18.4200,18.8700,2614326,48851444.0200,3,1.752950,1,-2.384700,0
2010-12-16,sz.000861,18.4000,18.7300,18.2100,18.7300,18.4200,1864578,34338731.9400,3,1.250231,1,1.683000,0
2010-12-17,sz.000861,18.7000,18.7800,18.2900,18.3500,18.7300,1864643,34315586.9600,3,1.250275,1,-2.028800,0
2010-12-20,sz.000861,18.4100,18.4700,17.3600,17.6700,18.3500,3560285,63242484.6000,3,2.387231,1,-3.705700,0
2010-12-21,sz.000861,17.6700,18.2400,17.4100,18.1400,17.6700,2602121,46165279.6800,3,1.744766,1,2.659900,0
2010-12-22,sz.000861,18.1500,18.3300,17.7500,17.7900,18.1400,2303007,41743413.0300,3,1.544205,1,-1.929400,0
2010-12-23,sz.000861,17.8100,18.0400,17.6600,17.7000,17.7900,1126599,20094851.3000,3,0.755404,1,-0.505900,0
2010-12-24,sz.000861,17.7200,17.8000,17.3500,17.3800,17.7000,1065820,18707572.4800,3,0.714650,1,-1.807900,0
2010-12-27,sz.000861,17.6400,17.6900,16.6800,16.8000,17.3800,1439994,24652055.5400,3,0.965540,1,-3.337200,0
2010-12-28,sz.000861,16.7200,16.8500,16.0200,16.1500,16.8000,1131912,18446199.9600,3,0.758966,1,-3.869000,0
2010-12-29,sz.000861,16.0200,16.6000,16.0200,16.5200,16.1500,661585,10792186.0100,3,0.443604,1,2.291000,0
2010-12-30,sz.000861,16.5200,16.7900,16.0800,16.5000,16.5200,1345410,22093902.0900,3,0.902120,1,-0.121100,0
2010-12-31,sz.000861,16.5200,17.0800,16.4200,16.6000,16.5000,1726130,28980844.3900,3,1.157399,1,0.606100,0
2011-01-04,sz.000861,16.7500,18.0900,16.7500,18.0000,16.6000,2480638,43448969.5800,3,1.663310,1,8.433700,0
2011-01-05,sz.000861,17.8700,18.3900,17.5100,17.9200,18.0000,2278087,41301229.3200,3,1.527496,1,-0.444400,0
2011-01-06,sz.000861,17.8500,18.2000,17.6000,17.6000,17.9200,943520,16860604.5000,3,0.632646,1,-1.785700,0
2011-01-07,sz.000861,17.6000,18.1800,17.6000,18.0000,17.6000,1547445,27874280.7100,3,1.037588,1,2.272700,0
2011-01-10,sz.000861,17.8500,18.1800,16.9800,17.2300,18.0000,1974602,34733078.2300,3,1.324004,1,-4.277800,0
2011-01-11,sz.000861,17.2200,17.2200,16.4500,16.8600,17.2300,1022785,17193336.5000,3,0.685795,1,-2.147400,0
2011-01-12,sz.000861,16.8700,16.9900,16.5100,16.6800,16.8600,1592615,26479533.9800,3,1.067875,1,-1.067600,0
2011-01-13,sz.000861,16.7000,16.8300,16.5000,16.5400,16.6800,544419,9061064.1800,3,0.365042,1,-0.839300,0
2011-01-14,sz.000861,16.5100,16.6300,15.9500,15.9600,16.5400,1267154,20464357.2000,3,0.849648,1,-3.506700,0
2011-01-17,sz.000861,15.8100,16.0500,15.2000,15.4000,15.9600,826400,12925354.7800,3,0.554115,1,-3.508800,0
2011-01-18,sz.000861,15.4000,15.7500,15.2100,15.7000,15.4000,855131,13383986.6800,3,0.573380,1,1.948100,0
2011-01-19,sz.000861,15.7800,16.2400,15.4000,16.1800,15.7000,1285220,20304623.5700,3,0.861762,1,3.057300,0
2011-01-20,sz.000861,16.1800,16.4300,15.7000,15.8500,16.1800,1139788,18235987.0100,3,0.764247,1,-2.039600,0
2011-01-21,sz.000861,15.8500,16.1600,15.6000,15.8000,15.8500,1170978,18516893.3800,3,0.785160,1,-0.315500,0
2011-01-24,sz.000861,15.8000,15.8000,15.2100,15.3400,15.8000,1603480,24659376.1600,3,1.075160,1,-2.911400,0
2011-01-25,sz.000861,15.3500,15.4900,14.6900,14.8500,15.3400,1479140,22249531.2600,3,0.991788,1,-3.194300,0
2011-01-26,sz.000861,14.9600,15.1000,14.2700,14.5000,14.8500,3093063,45371607.2300,3,2.073951,1,-2.356900,0
2011-01-27,sz.000861,14.5000,15.0300,14.3800,15.0000,14.5000,1340256,19748536.2900,3,0.898664,1,3.448300,0
2011-01-28,sz.000861,14.9200,15.1300,14.7600,15.0400,15.0000,1446426,21551984.5100,3,0.969853,1,0.266700,0
2011-01-31,sz.000861,15.0900,15.2600,14.8500,15.2000,15.0400,905399,13649716.0600,3,0.607085,1,1.063800,0
2011-02-01,sz.000861,15.1400,15.2700,15.1000,15.2400,15.2000,798329,12139495.5600,3,0.535293,1,0.263200,0
2011-02-09,sz.000861,15.2000,15.6700,15.0000,15.3500,15.2400,1874937,28762808.3800,3,1.257177,1,0.721800,0
2011-02-10,sz.000861,15.3000,15.9300,15.2600,15.9100,15.3500,1878109,29592644.9000,3,1.259304,1,3.648200,0
2011-02-11,sz.000861,15.9000,16.5400,15.7500,16.4300,15.9100,2070804,33414299.1700,3,1.388509,1,3.268400,0
2011-02-14,sz.000861,16.3800,17.0600,16.2800,16.7500,16.4300,2283704,38452095.6400,3,1.531262,1,1.947700,0
2011-02-15,sz.000861,16.5500,16.9900,16.2000,16.3000,16.7500,1679223,27848974.4700,3,1.125947,1,-2.686600,0
2011-02-16,sz.000861,16.3000,16.5200,16.3000,16.4000,16.3000,1668972,27330726.2000,3,1.119074,1,0.613500,0
2011-02-17,sz.000861,16.5500,16.7000,16.3800,16.5000,16.4000,1617573,26683690.5800,3,1.084610,1,0.609800,0
2011-02-18,sz.000861,16.4200,16.8000,16.3900,16.6900,16.5000,2185341,36318900.8500,3,1.465308,1,1.151500,0
2011-02-21,sz.000861,16.5500,17.8400,16.5500,17.6000,16.6900,4621888,79971336.4600,3,3.099054,1,5.452400,0
2011-02-22,sz.000861,17.7000,17.8800,16.8600,17.1800,17.6000,3737733,65064066.3000,3,2.506213,1,-2.386400,0
2011-02-23,sz.000861,16.8800,17.2500,16.7000,17.2000,17.1800,1896121,32205220.7100,3,1.271381,1,0.116400,0
2011-02-24,sz.000861,16.9500,17.2500,16.8100,17.0900,17.2000,1380819,23481576.6100,3,0.925862,1,-0.639500,0
2011-02-25,sz.000861,17.1100,17.5200,16.9000,17.2700,17.0900,1714398,29640656.0700,3,1.149533,1,1.053200,0
2011-02-28,sz.000861,17.3000,17.5000,17.0300,17.3500,17.2700,1314888,22723293.5900,3,0.881655,1,0.463200,0
2011-03-01,sz.000861,17.4100,17.8700,17.3100,17.4600,17.3500,2346800,41341700.8700,3,1.573569,1,0.633998,0
2011-03-02,sz.000861,17.4700,17.8800,17.4500,17.8100,17.4600,2805264,49634278.2000,3,1.880977,1,2.004600,0
2011-03-03,sz.000861,17.8300,17.9000,16.8900,16.9000,17.8100,2214237,38286102.4500,3,1.484683,1,-5.109500,0
2011-03-04,sz.000861,16.9100,17.2700,16.8600,17.1300,16.9000,1367337,23275790.0500,3,0.916823,1,1.360900,0
2011-03-07,sz.000861,17.1300,17.3700,17.0500,17.2200,17.1300,1819589,31232005.2700,3,1.220065,1,0.525400,0
2011-03-08,sz.000861,17.2300,17.2300,16.6000,17.0000,17.2200,2310966,39001498.6400,3,1.549542,1,-1.277600,0
2011-03-09,sz.000861,16.9800,16.9800,16.6000,16.7100,17.0000,1724442,28786045.3000,3,1.156267,1,-1.705900,0
2011-03-10,sz.000861,16.7500,17.3200,16.6100,17.2000,16.7100,5492479,94039695.9100,3,3.682800,1,2.932400,0
2011-03-11,sz.000861,17.1600,17.6400,17.0600,17.3500,17.2000,3946024,68770517.0300,3,2.645876,1,0.872100,0
2011-03-14,sz.000861,17.1500,17.3600,16.8500,17.2300,17.3500,1235469,21102119.9600,3,0.828403,1,-0.691600,0
2011-03-15,sz.000861,17.0800,17.3000,16.4800,17.2600,17.2300,2150198,36264623.7000,3,1.441744,1,0.174100,0
2011-03-16,sz.000861,17.1500,18.2000,17.0000,18.0700,17.2600,5727903,102050911.4200,3,3.840656,1,4.692900,0
2011-03-17,sz.000861,18.0100,18.8800,17.8600,18.3000,18.0700,8464736,156588030.3900,3,5.675748,1,1.272800,0
2011-03-18,sz.000861,18.8000,19.0000,18.2600,18.4800,18.3000,6093258,113333492.6400,3,4.085632,1,0.983600,0
2011-03-21,sz.000861,18.6500,18.8300,18.0000,18.2000,18.4800,3728534,68613087.0700,3,2.500045,1,-1.515200,0
2011-03-22,sz.000861,18.0200,19.7000,17.5100,19.1400,18.2000,8838208,164909422.2700,3,5.926167,1,5.164800,0
2011-03-23,sz.000861,19.0000,20.7000,18.8100,19.9700,19.1400,16870542,334332840.4600,3,11.311983,1,4.336500,0
2011-03-24,sz.000861,19.8000,21.2000,19.7000,20.2600,19.9700,15698371,321276730.2800,3,10.526022,1,1.452200,0
2011-03-25,sz.000861,20.0000,20.7900,19.7700,20.5800,20.2600,10774707,218618920.5300,3,7.224623,1,1.579500,0
2011-03-28,sz.000861,20.4300,21.1500,20.2000,20.6200,20.5800,13567835,281009701.8700,3,9.097462,1,0.194400,0
2011-03-29,sz.000861,20.3500,20.6900,19.3500,19.4200,20.6200,11779088,233586864.2600,3,7.898077,1,-5.819600,0
2011-03-30,sz.000861,20.1400,20.9500,19.4800,19.5000,19.4200,11914368,238380403.0500,3,7.988785,1,0.411900,0
2011-03-31,sz.000861,19.6000,19.6000,18.5000,18.5500,19.5000,7739618,144923190.1100,3,5.189544,1,-4.871800,0
2011-04-01,sz.000861,20.4100,20.4100,20.0000,20.4100,18.5500,20850039,425335368.4900,3,13.980303,1,10.027000,0
2011-04-06,sz.000861,20.3800,21.5000,20.0200,21.0400,20.4100,30175676,629128988.6800,3,20.233300,1,3.086700,0
2011-04-07,sz.000861,20.8200,20.9300,20.2200,20.3000,21.0400,15310228,314165373.7000,3,10.265766,1,-3.517100,0
2011-04-08,sz.000861,20.4100,22.3300,20.3600,22.3300,20.3000,28947533,632082488.9900,3,19.409809,1,10.000000,0
2011-04-11,sz.000861,22.5000,23.2500,21.7100,22.4200,22.3300,29774292,669344055.6500,3,19.964165,1,0.403000,0
2011-04-12,sz.000861,22.1100,22.3300,21.2100,21.8000,22.4200,15855828,345705006.5400,3,10.631600,1,-2.765400,0
2011-04-13,sz.000861,21.6800,22.2000,20.8000,21.9700,21.8000,11019774,239042486.9200,3,7.388944,1,0.779800,0
2011-04-14,sz.000861,21.7500,22.6000,21.4800,22.1800,21.9700,13886156,308238297.8400,3,9.310902,1,0.955800,0
2011-04-15,sz.000861,21.8500,24.1100,21.4000,23.4700,22.1800,24319815,552658576.5400,3,16.306846,1,5.816100,0
2011-04-18,sz.000861,23.0600,24.4800,22.8200,23.4800,23.4700,18713517,441092251.5300,3,12.547729,1,0.042600,0
2011-04-19,sz.000861,23.0900,23.3800,22.2200,22.4500,23.4800,14430254,328163483.1500,3,9.675729,1,-4.386700,0
2011-04-20,sz.000861,22.3500,22.7000,21.5600,21.7000,22.4500,11329166,248982279.6900,3,7.596397,1,-3.340800,0
2011-04-21,sz.000861,21.8600,22.3400,21.4500,21.8100,21.7000,8509747,186932773.0500,3,5.705929,1,0.506900,0
2011-04-22,sz.000861,21.9200,23.2500,21.9100,22.3200,21.8100,14001988,317319264.7000,3,9.388569,1,2.338400,0
2011-04-25,sz.000861,22.0100,22.0100,20.6100,20.7800,22.3200,11599689,245146099.1700,3,7.777787,1,-6.899600,0
2011-04-26,sz.000861,20.5100,20.9800,20.0000,20.3700,20.7800,7732142,156870129.3700,3,5.184532,1,-1.973100,0
2011-04-27,sz.000861,20.3900,20.6400,19.0800,19.3300,20.3700,7843471,154671513.1800,3,5.259180,1,-5.105500,0
2011-04-28,sz.000861,19.5000,19.5800,18.9100,19.0200,19.3300,6806865,130575282.2600,3,4.564118,1,-1.603700,0
2011-04-29,sz.000861,19.1500,19.9300,19.0000,19.8500,19.0200,6869233,134769096.3800,3,4.605937,1,4.363800,0
2011-05-03,sz.000861,19.7000,20.4000,19.1800,20.1100,19.8500,6662163,132881947.9900,3,4.467093,1,1.309800,0
2011-05-04,sz.000861,19.9300,20.2300,19.4200,19.9800,20.1100,8140611,161768821.6300,3,5.458417,1,-0.646400,0
2011-05-05,sz.000861,19.6800,20.3000,19.4000,20.0300,19.9800,5669527,113281219.4800,3,3.801513,1,0.250300,0
2011-05-06,sz.000861,19.7000,20.6500,19.5600,20.1800,20.0300,6842339,138246430.2800,3,4.587904,1,0.748900,0
2011-05-09,sz.000861,20.2000,20.3000,19.7000,19.7600,20.1800,5048885,100806004.2400,3,3.385363,1,-2.081300,0
2011-05-10,sz.000861,19.7600,19.7600,19.7600,19.7600,19.7600,0,0.0000,3,,0,0.000000,0
2011-05-11,sz.000861,20.1000,20.4800,19.8800,20.0600,19.7600,6424660,130187232.5000,3,4.307843,1,1.518200,0
2011-05-12,sz.000861,19.7900,19.7900,18.8400,18.8400,20.0600,7923938,153376932.5500,3,5.313134,1,-6.081800,0
2011-05-13,sz.000861,18.7600,19.1000,18.4100,18.9800,18.8400,5478593,102591119.1000,3,3.673489,1,0.743100,0
2011-05-16,sz.000861,18.8300,19.0400,18.5000,18.6600,18.9800,2900625,54352074.1700,3,1.944918,1,-1.686000,0
2011-05-17,sz.000861,18.6000,19.4100,18.5100,19.2500,18.6600,5326557,101565768.9900,3,3.571546,1,3.161800,0
2011-05-18,sz.000861,19.1500,20.0700,19.0100,19.7500,19.2500,6185325,121821776.6100,3,4.147365,1,2.597400,0
2011-05-19,sz.000861,19.7500,19.7500,19.7500,19.7500,19.7500,0,0.0000,3,,0,0.000000,0
2011-05-20,sz.000861,19.7500,19.7500,19.7500,19.7500,19.7500,0,0.0000,3,,0,0.000000,0
2011-05-23,sz.000861,19.7500,19.7500,19.7500,19.7500,19.7500,0,0.0000,3,,0,0.000000,0
2011-05-24,sz.000861,19.7500,19.7500,19.7500,19.7500,19.7500,0,0.0000,3,,0,0.000000,0
2011-05-25,sz.000861,19.7500,19.7500,19.7500,19.7500,19.7500,0,0.0000,3,,0,0.000000,0
2011-05-26,sz.000861,19.7500,19.7500,19.7500,19.7500,19.7500,0,0.0000,3,,0,0.000000,0
2011-05-27,sz.000861,19.7500,19.7500,19.7500,19.7500,19.7500,0,0.0000,3,,0,0.000000,0
2011-05-30,sz.000861,19.7500,19.7500,19.7500,19.7500,19.7500,0,0.0000,3,,0,0.000000,0
2011-05-31,sz.000861,19.7500,19.7500,19.7500,19.7500,19.7500,0,0.0000,3,,0,0.000000,0
2011-06-01,sz.000861,19.7500,19.7500,19.7500,19.7500,19.7500,0,0.0000,3,,0,0.000000,0
2011-06-02,sz.000861,19.7500,19.7500,19.7500,19.7500,19.7500,0,0.0000,3,,0,0.000000,0
2011-06-03,sz.000861,19.7500,19.7500,19.7500,19.7500,19.7500,0,0.0000,3,,0,0.000000,0
2011-06-07,sz.000861,19.7500,19.7500,19.7500,19.7500,19.7500,0,0.0000,3,,0,0.000000,0
2011-06-08,sz.000861,19.7500,19.7500,19.7500,19.7500,19.7500,0,0.0000,3,,0,0.000000,0
2011-06-09,sz.000861,19.7500,19.7500,19.7500,19.7500,19.7500,0,0.0000,3,,0,0.000000,0
2011-06-10,sz.000861,19.7500,19.7500,19.7500,19.7500,19.7500,0,0.0000,3,,0,0.000000,0
2011-06-13,sz.000861,19.7500,19.7500,19.7500,19.7500,19.7500,0,0.0000,3,,0,0.000000,0
2011-06-14,sz.000861,19.7500,19.7500,19.7500,19.7500,19.7500,0,0.0000,3,,0,0.000000,0
2011-06-15,sz.000861,19.7500,19.7500,19.7500,19.7500,19.7500,0,0.0000,3,,0,0.000000,0
2011-06-16,sz.000861,19.7500,19.7500,19.7500,19.7500,19.7500,0,0.0000,3,,0,0.000000,0
2011-06-17,sz.000861,19.7500,19.7500,19.7500,19.7500,19.7500,0,0.0000,3,,0,0.000000,0
2011-06-20,sz.000861,19.7500,19.7500,19.7500,19.7500,19.7500,0,0.0000,3,,0,0.000000,0
2011-06-21,sz.000861,19.7500,19.7500,19.7500,19.7500,19.7500,0,0.0000,3,,0,0.000000,0
2011-06-22,sz.000861,17.7800,17.7800,17.7800,17.7800,19.7500,688800,12246864.0000,3,0.461852,1,-9.974700,0
2011-06-23,sz.000861,16.9100,17.4600,16.5700,17.3700,17.7800,12068863,205900002.6700,3,8.092376,1,-2.306000,0
2011-06-24,sz.000861,17.1500,18.1800,17.0100,17.5900,17.3700,9343342,164066458.5800,3,6.264868,1,1.266600,0
2011-06-27,sz.000861,17.4200,18.0900,17.3100,17.9400,17.5900,6698798,119723468.7800,3,4.491657,1,1.989800,0
2011-06-28,sz.000861,17.9400,18.4600,17.7800,17.9800,17.9400,4507366,81488391.1900,3,3.022265,1,0.223000,0
2011-06-29,sz.000861,17.9500,18.2000,17.5600,17.5700,17.9800,3055301,54660896.8800,3,2.048631,1,-2.280300,0
2011-06-30,sz.000861,17.5700,18.0800,17.5500,17.7800,17.5700,2745938,49008884.0000,3,1.841198,1,1.195200,0
2011-07-01,sz.000861,17.8100,18.5500,17.8100,18.3000,17.7500,5617260,102728373.3700,3,3.766468,1,3.098600,0
2011-07-04,sz.000861,18.5500,18.9700,18.2500,18.8000,18.3000,5137236,95979391.3500,3,3.444603,1,2.732200,0
2011-07-05,sz.000861,18.8500,19.9500,18.8300,19.5700,18.8000,6800431,132678286.7400,3,4.559804,1,4.095700,0
2011-07-06,sz.000861,19.5700,19.7500,19.1300,19.6000,19.5700,3840977,74678556.8100,3,2.575440,1,0.153300,0
2011-07-07,sz.000861,19.6000,19.7800,19.3000,19.4800,19.6000,3311644,64942987.0300,3,2.220513,1,-0.612200,0
2011-07-08,sz.000861,19.5800,20.4500,19.4000,20.0000,19.4800,4575140,91550882.0500,3,3.067709,1,2.669407,0
2011-07-11,sz.000861,19.8000,20.4900,19.6100,20.2000,20.0000,3265723,65536290.2500,3,2.189722,1,1.000000,0
2011-07-12,sz.000861,20.1400,20.4800,19.7400,19.7500,20.2000,2795244,55940737.5300,3,1.874258,1,-2.227700,0
2011-07-13,sz.000861,19.7100,20.2000,19.5800,20.1300,19.7500,2662080,53362804.3800,3,1.784970,1,1.924100,0
2011-07-14,sz.000861,20.1200,20.4000,19.8100,19.8900,20.1300,3692195,73999561.2800,3,2.475679,1,-1.192300,0
2011-07-15,sz.000861,19.9000,19.9000,19.2000,19.4800,19.8900,4132365,80492067.3600,3,2.770820,1,-2.061300,0
2011-07-18,sz.000861,19.4300,19.6400,19.3500,19.4700,19.4800,2109855,41136608.7500,3,1.414693,1,-0.051300,0
2011-07-19,sz.000861,19.4500,19.5500,18.8800,19.0500,19.4700,3437428,65791496.0700,3,2.304853,1,-2.157200,0
2011-07-20,sz.000861,19.1500,19.8300,19.0200,19.8200,19.0500,3453896,67147532.1500,3,2.315895,1,4.042000,0
2011-07-21,sz.000861,19.8800,20.3400,19.5600,19.9900,19.8200,5250953,104653879.9300,3,3.520853,1,0.857700,0
2011-07-22,sz.000861,20.0500,20.4600,19.7900,20.1000,19.9900,4495409,90568277.9000,3,3.014248,1,0.550300,0
2011-07-25,sz.000861,20.0000,20.1000,18.8900,19.0800,20.1000,4173633,81257907.8800,3,2.798491,1,-5.074600,0
2011-07-26,sz.000861,19.0000,19.3000,18.6500,19.3000,19.0800,3137032,59848585.8300,3,2.103433,1,1.153000,0
2011-07-27,sz.000861,19.3000,19.3000,19.3000,19.3000,19.3000,0,0.0000,3,,0,0.000000,0
2011-07-28,sz.000861,19.3000,19.3000,19.3000,19.3000,19.3000,0,0.0000,3,,0,0.000000,0
2011-07-29,sz.000861,19.3000,19.3000,19.3000,19.3000,19.3000,0,0.0000,3,,0,0.000000,0
2011-08-01,sz.000861,19.3000,19.3000,19.3000,19.3000,19.3000,0,0.0000,3,,0,0.000000,0
2011-08-02,sz.000861,19.3000,19.3000,19.3000,19.3000,19.3000,0,0.0000,3,,0,0.000000,0
2011-08-03,sz.000861,19.3000,19.3000,19.3000,19.3000,19.3000,0,0.0000,3,,0,0.000000,0
2011-08-04,sz.000861,19.3000,19.3000,19.3000,19.3000,19.3000,0,0.0000,3,,0,0.000000,0
2011-08-05,sz.000861,19.3000,19.3000,19.3000,19.3000,19.3000,0,0.0000,3,,0,0.000000,0
2011-08-08,sz.000861,19.3000,19.3000,19.3000,19.3000,19.3000,0,0.0000,3,,0,0.000000,0
2011-08-09,sz.000861,19.3000,19.3000,19.3000,19.3000,19.3000,0,0.0000,3,,0,0.000000,0
2011-08-10,sz.000861,19.3000,19.3000,19.3000,19.3000,19.3000,0,0.0000,3,,0,0.000000,0
2011-08-11,sz.000861,19.3000,19.3000,19.3000,19.3000,19.3000,0,0.0000,3,,0,0.000000,0
2011-08-12,sz.000861,19.3000,19.3000,19.3000,19.3000,19.3000,0,0.0000,3,,0,0.000000,0
2011-08-15,sz.000861,19.3000,19.3000,19.3000,19.3000,19.3000,0,0.0000,3,,0,0.000000,0
2011-08-16,sz.000861,19.3000,19.3000,19.3000,19.3000,19.3000,0,0.0000,3,,0,0.000000,0
2011-08-17,sz.000861,19.3000,19.3000,19.3000,19.3000,19.3000,0,0.0000,3,,0,0.000000,0
2011-08-18,sz.000861,19.3000,19.3000,19.3000,19.3000,19.3000,0,0.0000,3,,0,0.000000,0
2011-08-19,sz.000861,19.3000,19.3000,19.3000,19.3000,19.3000,0,0.0000,3,,0,0.000000,0
2011-08-22,sz.000861,19.3000,19.3000,19.3000,19.3000,19.3000,0,0.0000,3,,0,0.000000,0
2011-08-23,sz.000861,19.3000,19.3000,19.3000,19.3000,19.3000,0,0.0000,3,,0,0.000000,0
2011-08-24,sz.000861,19.3000,19.3000,19.3000,19.3000,19.3000,0,0.0000,3,,0,0.000000,0
2011-08-25,sz.000861,19.3000,19.3000,19.3000,19.3000,19.3000,0,0.0000,3,,0,0.000000,0
2011-08-26,sz.000861,19.3000,19.3000,19.3000,19.3000,19.3000,0,0.0000,3,,0,0.000000,0
2011-08-29,sz.000861,19.3000,19.3000,19.3000,19.3000,19.3000,0,0.0000,3,,0,0.000000,0
2011-08-30,sz.000861,19.3000,19.3000,19.3000,19.3000,19.3000,0,0.0000,3,,0,0.000000,0
2011-08-31,sz.000861,19.3000,19.3000,19.3000,19.3000,19.3000,0,0.0000,3,,0,0.000000,0
2011-09-01,sz.000861,19.3000,19.3000,19.3000,19.3000,19.3000,0,0.0000,3,,0,0.000000,0
2011-09-02,sz.000861,19.3000,19.3000,19.3000,19.3000,19.3000,0,0.0000,3,,0,0.000000,0
2011-09-05,sz.000861,19.3000,19.3000,19.3000,19.3000,19.3000,0,0.0000,3,,0,0.000000,0
2011-09-06,sz.000861,19.3000,19.3000,19.3000,19.3000,19.3000,0,0.0000,3,,0,0.000000,0
2011-09-07,sz.000861,19.3000,19.3000,19.3000,19.3000,19.3000,0,0.0000,3,,0,0.000000,0
2011-09-08,sz.000861,19.3000,19.3000,19.3000,19.3000,19.3000,0,0.0000,3,,0,0.000000,0
2011-09-09,sz.000861,19.3000,19.3000,19.3000,19.3000,19.3000,0,0.0000,3,,0,0.000000,0
2011-09-13,sz.000861,19.3000,19.3000,19.3000,19.3000,19.3000,0,0.0000,3,,0,0.000000,0
2011-09-14,sz.000861,19.3000,19.3000,19.3000,19.3000,19.3000,0,0.0000,3,,0,0.000000,0
2011-09-15,sz.000861,19.3000,19.3000,19.3000,19.3000,19.3000,0,0.0000,3,,0,0.000000,0
2011-09-16,sz.000861,19.3000,19.3000,19.3000,19.3000,19.3000,0,0.0000,3,,0,0.000000,0
2011-09-19,sz.000861,19.3000,19.3000,19.3000,19.3000,19.3000,0,0.0000,3,,0,0.000000,0
2011-09-20,sz.000861,19.3000,19.3000,19.3000,19.3000,19.3000,0,0.0000,3,,0,0.000000,0
2011-09-21,sz.000861,19.3000,19.3000,19.3000,19.3000,19.3000,0,0.0000,3,,0,0.000000,0
2011-09-22,sz.000861,20.6000,20.6400,17.6600,17.8500,19.3000,14488493,277745125.5100,3,9.714779,1,-7.513000,0
2011-09-23,sz.000861,16.9000,16.9800,16.0700,16.0700,17.8500,9722599,158863442.1500,3,6.519167,1,-9.972000,0
2011-09-26,sz.000861,15.6700,16.1200,15.1800,15.5100,16.0700,5046843,78773617.1900,3,3.383993,1,-3.484800,0
2011-09-27,sz.000861,15.6100,15.8500,15.2000,15.5000,15.5100,3564976,55296652.8900,3,2.390377,1,-0.064500,0
2011-09-28,sz.000861,15.5600,15.6500,14.2800,14.3000,15.5000,4496623,66963907.3000,3,3.015062,1,-7.741900,0
2011-09-29,sz.000861,14.2700,14.2700,13.4200,13.4700,14.3000,4919249,67348174.3100,3,3.298439,1,-5.804200,0
2011-09-30,sz.000861,13.5000,13.7500,13.2800,13.4700,13.4700,2575921,34721326.4300,3,1.727198,1,0.000000,0
2011-10-10,sz.000861,13.5900,13.7000,13.3200,13.7000,13.4700,2332650,31588410.4800,3,1.564081,1,1.707500,0
2011-10-11,sz.000861,14.0900,14.6200,13.8600,14.2100,13.7000,6333532,90171997.0800,3,4.246740,1,3.722600,0
2011-10-12,sz.000861,14.0100,14.7600,13.9000,14.5400,14.2100,4470594,64552090.3700,3,2.997609,1,2.322300,0
2011-10-13,sz.000861,14.4800,14.9500,14.3500,14.7400,14.5400,3406914,50219517.7400,3,2.284393,1,1.375500,0
2011-10-14,sz.000861,14.7500,14.8200,14.0100,14.5000,14.7400,3371593,48492260.1900,3,2.260710,1,-1.628200,0
2011-10-17,sz.000861,14.3600,14.7500,14.3100,14.3200,14.5000,1888376,27391037.4600,3,1.266188,1,-1.241400,0
2011-10-18,sz.000861,14.3200,14.3200,14.3200,14.3200,14.3200,0,0.0000,3,,0,0.000000,0
2011-10-19,sz.000861,13.9700,13.9700,13.0800,13.6800,14.3200,6461859,86879051.5100,3,4.332785,1,-4.469300,0
2011-10-20,sz.000861,13.4000,13.4800,13.0000,13.2100,13.6800,2143543,28390788.7900,3,1.437282,1,-3.435700,0
2011-10-21,sz.000861,13.0300,13.2200,12.7900,12.8100,13.2100,2685868,34821954.4900,3,1.800920,1,-3.028000,0
2011-10-24,sz.000861,12.8800,13.0900,12.5300,12.9200,12.8100,3024381,38959668.2900,3,2.027898,1,0.858700,0
2011-10-25,sz.000861,12.7100,13.7000,12.7100,13.4800,12.9200,4294150,57211923.8500,3,2.879300,1,4.334400,0
2011-10-26,sz.000861,13.4800,13.4800,13.4800,13.4800,13.4800,0,0.0000,3,,0,0.000000,0
2011-10-27,sz.000861,13.8700,14.5000,13.6600,14.1600,13.4800,7018043,98586353.8100,3,4.705716,1,5.044500,0
2011-10-28,sz.000861,14.3000,15.1900,14.1900,15.0200,14.1600,8066685,118685566.9800,3,5.408848,1,6.073400,0
2011-10-31,sz.000861,14.8800,15.4300,14.7100,15.2000,15.0200,5146035,77093513.4600,3,3.450503,1,1.198400,0
2011-11-01,sz.000861,14.9500,15.1800,14.7800,14.9700,15.2000,3857181,57658813.0200,3,2.586305,1,-1.513200,0
2011-11-02,sz.000861,14.7000,15.1500,14.6000,15.1400,14.9700,4190826,62412905.6700,3,2.810019,1,1.135600,0
2011-11-03,sz.000861,15.1500,15.5500,15.0300,15.3400,15.1400,3939081,60460697.7700,3,2.641220,1,1.321000,0
2011-11-04,sz.000861,15.3800,15.6700,15.2500,15.3700,15.3400,3328028,51302813.7400,3,2.231499,1,0.195600,0
2011-11-07,sz.000861,15.3000,15.3500,14.8700,14.9000,15.3700,2670543,40259070.1700,3,1.790644,1,-3.057900,0
2011-11-08,sz.000861,14.9100,15.7000,14.8500,15.3300,14.9000,4292549,66123315.9700,3,2.878226,1,2.885900,0
2011-11-09,sz.000861,15.4900,15.5900,14.9800,15.3000,15.3300,3788762,57401017.8100,3,2.540429,1,-0.195700,0
2011-11-10,sz.000861,15.0200,15.1500,14.8000,14.8200,15.3000,2599346,38840194.3100,3,1.742905,1,-3.137300,0
2011-11-11,sz.000861,14.8500,15.2700,14.8100,15.2000,14.8200,2397921,36209045.7700,3,1.607846,1,2.564100,0
2011-11-14,sz.000861,15.2000,15.2000,15.2000,15.2000,15.2000,0,0.0000,3,,0,0.000000,0
2011-11-15,sz.000861,15.5000,15.8900,15.3600,15.7600,15.2000,5755590,89995529.5100,3,3.859220,1,3.684200,0
2011-11-16,sz.000861,15.5500,15.7500,15.2300,15.2700,15.7600,2320191,35805959.9100,3,1.555727,1,-3.109100,0
2011-11-17,sz.000861,15.2600,15.7200,15.2600,15.5300,15.2700,3094452,48076074.6300,3,2.074882,1,1.702700,0
2011-11-18,sz.000861,15.3000,15.6600,15.0200,15.4900,15.5300,2188667,33675169.2900,3,1.467538,1,-0.257600,0
2011-11-21,sz.000861,15.2200,15.7500,15.1500,15.7500,15.4900,3540349,54927181.9500,3,2.373864,1,1.678500,0
2011-11-22,sz.000861,15.5900,16.3600,15.5100,16.2000,15.7500,4908815,78579339.1500,3,3.291443,1,2.857100,0
2011-11-23,sz.000861,16.2000,16.2500,15.8000,16.1500,16.2000,3593307,57808976.5300,3,2.409373,1,-0.308600,0
2011-11-24,sz.000861,16.0100,16.1400,15.5500,15.6400,16.1500,3377664,53559993.6700,3,2.264781,1,-3.157900,0
2011-11-25,sz.000861,15.6500,15.6500,15.4000,15.4400,15.6400,1796875,27812533.1500,3,1.204835,1,-1.278800,0
2011-11-28,sz.000861,15.5200,15.7700,15.3000,15.6900,15.4400,1203687,18681560.7400,3,0.807092,1,1.619200,0
2011-11-29,sz.000861,15.8600,16.0500,15.6900,15.9000,15.6900,1641597,26045724.0300,3,1.100718,1,1.338400,0
2011-11-30,sz.000861,16.0300,16.3500,15.3600,15.7300,15.9000,3719229,59396992.5800,3,2.493806,1,-1.069200,0
2011-12-01,sz.000861,16.2000,16.5600,15.9000,16.5200,15.7300,4084368,66515470.3100,3,2.738638,1,5.022300,0
2011-12-02,sz.000861,16.4000,16.8900,16.3100,16.4500,16.5200,4901575,81402661.8000,3,3.286589,1,-0.423700,0
2011-12-05,sz.000861,16.4100,16.5600,15.6500,15.6600,16.4500,3145324,50109246.8600,3,2.108993,1,-4.802400,0
2011-12-06,sz.000861,15.4500,16.2000,14.6700,15.9900,15.6600,2536675,39262687.3600,3,1.700883,1,2.107300,0
2011-12-07,sz.000861,15.8000,16.8000,15.7200,16.6200,15.9900,5561465,91492575.9800,3,3.729056,1,3.940000,0
2011-12-08,sz.000861,16.5000,16.9500,16.4800,16.6000,16.6200,4414598,73751636.6500,3,2.960062,1,-0.120300,0
2011-12-09,sz.000861,16.4800,16.7000,16.1000,16.2200,16.6000,2657764,43336884.4800,3,1.782076,1,-2.289200,0
2011-12-12,sz.000861,16.2700,16.5600,15.7600,15.7700,16.2200,1809401,28915360.4600,3,1.213234,1,-2.774400,0
2011-12-13,sz.000861,15.5700,15.7700,14.9500,15.4000,15.7700,2822944,43180775.4200,3,1.892832,1,-2.346200,0
2011-12-14,sz.000861,15.3000,15.5800,15.0200,15.2900,15.4000,1415087,21503239.2800,3,0.948840,1,-0.714300,0
2011-12-15,sz.000861,15.3000,15.3000,14.5100,14.6800,15.2900,1595654,23586118.3400,3,1.069913,1,-3.989500,0
2011-12-16,sz.000861,14.6800,15.2500,14.5000,15.2500,14.6800,1710211,25221000.3000,3,1.146725,1,3.882800,0
2011-12-19,sz.000861,15.2200,15.2200,14.8000,14.9600,15.2500,1771469,26481469.5300,3,1.187800,1,-1.901600,0
2011-12-20,sz.000861,14.9000,15.2300,14.9000,15.0500,14.9600,2293827,34720693.4100,3,1.538050,1,0.601600,0
2011-12-21,sz.000861,15.0500,15.0500,15.0500,15.0500,15.0500,0,0.0000,3,,0,0.000000,0
2011-12-22,sz.000861,14.5000,15.0000,13.7000,14.7800,15.0500,2216722,31832846.6100,3,1.486349,1,-1.794000,0
2011-12-23,sz.000861,14.4300,14.9200,14.2900,14.3100,14.7800,1335940,19488726.4400,3,0.895770,1,-3.180000,0
2011-12-26,sz.000861,14.5700,14.6400,14.1000,14.1600,14.3100,1403902,20067793.8100,3,0.941340,1,-1.048200,0
2011-12-27,sz.000861,14.1600,14.2900,13.4000,13.4400,14.1600,1500493,20591265.1100,3,1.006106,1,-5.084700,0
2011-12-28,sz.000861,13.1000,13.4400,12.7900,13.2300,13.4400,2108563,27471755.3200,3,1.413827,1,-1.562500,0
2011-12-29,sz.000861,13.1300,13.7800,13.1200,13.6000,13.2300,1438595,19469719.5200,3,0.964602,1,2.796700,0
2011-12-30,sz.000861,13.8300,13.8600,13.5300,13.8300,13.6000,1136227,15606341.8100,3,0.761859,1,1.691200,0
2012-01-04,sz.000861,13.9000,14.1600,13.6400,13.6400,13.8300,847235,11808828.8600,3,0.568085,1,-1.373800,0
2012-01-05,sz.000861,13.6400,14.0500,13.5800,13.6900,13.6400,1131455,15682722.2600,3,0.758660,1,0.366600,0
2012-01-06,sz.000861,13.5800,13.9500,13.5200,13.9200,13.6900,1202842,16466994.0700,3,0.806526,1,1.680100,0
2012-01-09,sz.000861,13.9400,14.5000,13.9300,14.4000,13.9200,1526812,21773788.5300,3,1.023753,1,3.448300,0
2012-01-10,sz.000861,14.3800,14.9700,14.3500,14.9000,14.4000,1995289,29454589.6700,3,1.337875,1,3.472200,0
2012-01-11,sz.000861,14.9000,15.2400,14.8100,15.1600,14.9000,2383734,35934987.8300,3,1.598334,1,1.745000,0
2012-01-12,sz.000861,15.0800,15.4500,15.0100,15.1000,15.1600,1457234,22136950.3900,3,0.977100,1,-0.395800,0
2012-01-13,sz.000861,15.2000,15.2000,14.4000,14.4200,15.1000,1336636,19704542.9800,3,0.896237,1,-4.503300,0
2012-01-16,sz.000861,14.4000,14.4000,13.7500,13.8000,14.4200,1133999,15917451.6700,3,0.760365,1,-4.299600,0
2012-01-17,sz.000861,13.8000,14.7200,13.7500,14.6800,13.8000,1704080,24406433.8700,3,1.142614,1,6.376800,0
2012-01-18,sz.000861,14.6500,15.2500,14.6000,14.7600,14.6800,1922118,28724389.3700,3,1.288813,1,0.545000,0
2012-01-19,sz.000861,14.7600,14.9500,14.5000,14.8000,14.7600,1128231,16685706.4700,3,0.756498,1,0.271000,0
2012-01-20,sz.000861,14.9700,15.0000,14.6500,14.8300,14.8000,831241,12330096.0100,3,0.557361,1,0.202700,0
2012-01-30,sz.000861,14.8600,15.0000,14.6100,14.6100,14.8300,740720,10948405.4400,3,0.496665,1,-1.483500,0
2012-01-31,sz.000861,14.6200,14.8900,14.5500,14.8500,14.6100,686400,10124077.9500,3,0.460243,1,1.642700,0
2012-02-01,sz.000861,14.8100,14.9500,14.4500,14.5500,14.8500,790274,11663081.4800,3,0.529892,1,-2.020200,0
2012-02-02,sz.000861,14.5500,14.6800,14.0000,14.4400,14.5500,2368296,33937222.8800,3,1.587982,1,-0.756000,0
2012-02-03,sz.000861,14.4600,14.7000,14.2200,14.6200,14.4400,2161818,31241565.7700,3,1.449535,1,1.246500,0
2012-02-06,sz.000861,14.6800,15.3700,14.5800,15.3700,14.6200,4450113,67325564.7000,3,2.983876,1,5.130000,0
2012-02-07,sz.000861,15.2500,15.3700,15.1000,15.3300,15.3700,2331298,35463630.7800,3,1.563175,1,-0.260200,0
2012-02-08,sz.000861,15.2200,15.6600,15.0600,15.5600,15.3300,2197038,33997896.8200,3,1.473151,1,1.500300,0
2012-02-09,sz.000861,15.5600,15.8500,15.4300,15.4800,15.5600,2412768,37852820.5700,3,1.617802,1,-0.514100,0
2012-02-10,sz.000861,15.4000,16.0500,15.3600,15.9900,15.4800,2887918,45768391.5000,3,1.936398,1,3.294600,0
2012-02-13,sz.000861,15.9000,16.1000,15.6900,15.8500,15.9900,2088187,33134046.1600,3,1.400165,1,-0.875500,0
2012-02-14,sz.000861,15.8300,15.9800,15.7200,15.8000,15.8500,1100306,17453721.8400,3,0.737774,1,-0.315500,0
2012-02-15,sz.000861,15.8000,16.1600,15.7800,16.0600,15.8000,1337092,21408668.6400,3,0.896543,1,1.645600,0
2012-02-16,sz.000861,16.0700,16.1600,15.7100,15.8100,16.0600,1743955,27732579.2500,3,1.169351,1,-1.556700,0
2012-02-17,sz.000861,15.8400,15.9100,15.5700,15.6400,15.8100,883993,13876446.7100,3,0.592732,1,-1.075300,0
2012-02-20,sz.000861,15.8000,16.2700,15.8000,16.0500,15.6400,2481038,40050379.0200,3,1.663578,1,2.621500,0
2012-02-21,sz.000861,16.0500,16.4200,15.9000,16.4000,16.0500,1775251,28720664.9200,3,1.190336,1,2.180700,0
2012-02-22,sz.000861,16.4400,16.8500,16.4000,16.6000,16.4000,2243720,37442090.1500,3,1.504452,1,1.219500,0
2012-02-23,sz.000861,16.6000,17.5000,16.6000,17.2500,16.6000,3992106,68471442.1700,3,2.676774,1,3.915700,0
2012-02-24,sz.000861,17.2500,17.6500,17.0700,17.4100,17.2500,2120218,36812101.4100,3,1.421642,1,0.927500,0
2012-02-27,sz.000861,17.3800,17.5500,17.1800,17.1800,17.4100,3008757,52105871.1800,3,2.017422,1,-1.321100,0
2012-02-28,sz.000861,17.0500,17.0500,16.7000,16.8000,17.1800,2800844,47279566.0900,3,1.878013,1,-2.211900,0
2012-02-29,sz.000861,16.9000,17.0400,16.7200,16.7500,16.8000,932932,15765871.4700,3,0.625547,1,-0.297600,0
2012-03-01,sz.000861,16.7100,17.2900,16.6500,17.1100,16.7500,1755381,29952106.6700,3,1.177013,1,2.149300,0
2012-03-02,sz.000861,17.1500,17.5000,17.1400,17.2100,17.1100,1593144,27451531.0600,3,1.068230,1,0.584500,0
2012-03-05,sz.000861,17.2600,17.2600,16.8000,16.8400,17.2100,1723408,29371739.8800,3,1.155574,1,-2.149900,0
2012-03-06,sz.000861,16.7900,16.8100,16.4400,16.6100,16.8400,2898077,48068032.3100,3,1.943209,1,-1.365800,0
2012-03-07,sz.000861,16.5900,17.6800,16.5000,17.5200,16.6100,4681584,80505224.8300,3,3.139081,1,5.478600,0
2012-03-08,sz.000861,17.6000,18.6200,17.5500,18.1200,17.5200,4601966,83579455.2200,3,3.085696,1,3.424700,0
2012-03-09,sz.000861,18.1500,18.4500,17.7600,18.1700,18.1200,2596811,46868466.4200,3,1.741206,1,0.275900,0
2012-03-12,sz.000861,18.1700,18.8900,18.0100,18.3800,18.1700,3306702,60862707.5700,3,2.217199,1,1.155800,0
2012-03-13,sz.000861,18.3800,18.8500,18.1800,18.8000,18.3800,2896886,53938870.5600,3,1.942411,1,2.285100,0
2012-03-14,sz.000861,18.9800,18.9800,17.8500,18.1300,18.8000,4611034,85181632.5700,3,3.091776,1,-3.563800,0
2012-03-15,sz.000861,18.0000,18.6500,17.9100,18.3800,18.1300,2460420,44993838.5700,3,1.649753,1,1.378900,0
2012-03-16,sz.000861,18.3200,18.5400,17.9500,18.4500,18.3800,2693114,49090994.9200,3,1.805778,1,0.380800,0
2012-03-19,sz.000861,18.4400,19.6400,18.3400,19.3400,18.4500,4479995,86140429.2900,3,3.003912,1,4.823800,0
2012-03-20,sz.000861,19.3300,19.5900,19.0500,19.2500,19.3400,2217772,42697131.1500,3,1.487054,1,-0.465400,0
2012-03-21,sz.000861,19.0500,19.3900,18.6600,19.2900,19.2500,2541613,48436344.7800,3,1.704194,1,0.207800,0
2012-03-22,sz.000861,19.0000,19.2900,18.7600,19.1000,19.2900,1418268,26907154.6600,3,0.950973,1,-0.985000,0
2012-03-23,sz.000861,19.0700,19.0700,18.2000,18.4500,19.1000,2183016,40322503.2600,3,1.463749,1,-3.403100,0
2012-03-26,sz.000861,18.3000,18.5600,18.1300,18.5200,18.4500,880863,16088813.4600,3,0.590633,1,0.379400,0
2012-03-27,sz.000861,18.5400,18.7700,18.0900,18.2000,18.5200,1413284,26002461.5100,3,0.947631,1,-1.727900,0
2012-03-28,sz.000861,18.0100,18.1500,17.7000,17.8800,18.2000,1449780,25861134.1500,3,0.972102,1,-1.758200,0
2012-03-29,sz.000861,17.8700,17.9000,17.2800,17.7400,17.8800,1004718,17673394.7900,3,0.673680,1,-0.783000,0
2012-03-30,sz.000861,17.6500,17.9800,17.5000,17.8600,17.7400,553371,9802575.5400,3,0.371045,1,0.676400,0
2012-04-05,sz.000861,17.8300,18.5600,17.7800,18.4300,17.8600,1323052,24233904.7800,3,0.887129,1,3.191500,0
2012-04-06,sz.000861,18.6200,19.2300,18.5100,18.9000,18.4300,2192372,41593270.9200,3,1.470022,1,2.550200,0
2012-04-09,sz.000861,18.9000,19.0200,18.5300,18.6900,18.9000,1623962,30461503.4500,3,1.088894,1,-1.111100,0
2012-04-10,sz.000861,18.8000,18.8900,18.2600,18.8700,18.6900,1860599,34481254.6400,3,1.247563,1,0.963100,0
2012-04-11,sz.000861,18.1000,18.3500,17.5000,17.8400,18.8700,2921214,52382879.7300,3,1.958723,1,-5.458400,0
2012-04-12,sz.000861,17.9400,18.1900,17.7000,17.8900,17.8400,2556525,45695572.8700,3,1.714193,1,0.280300,0
2012-04-13,sz.000861,17.8000,18.1000,17.7900,17.9300,17.8900,1448658,25937602.5800,3,0.971350,1,0.223600,0
2012-04-16,sz.000861,17.9100,17.9100,17.5200,17.6900,17.9300,1205089,21286245.4000,3,0.808032,1,-1.338500,0
2012-04-17,sz.000861,17.6600,17.7200,17.0500,17.1000,17.6900,1836747,31912346.9500,3,1.231570,1,-3.335200,0
2012-04-18,sz.000861,17.2400,17.8000,17.1400,17.7900,17.1000,1698999,29768776.4300,3,1.139207,1,4.035100,0
2012-04-19,sz.000861,17.8200,17.8700,17.6100,17.7500,17.7900,1158883,20558779.7800,3,0.777051,1,-0.224800,0
2012-04-20,sz.000861,17.6700,17.8300,17.6200,17.8000,17.7500,774087,13736147.5600,3,0.519038,1,0.281700,0
2012-04-23,sz.000861,17.8000,17.8000,17.2700,17.3500,17.8000,673703,11808241.0700,3,0.451729,1,-2.528100,0
2012-04-24,sz.000861,17.3700,17.6000,16.5900,16.9700,17.3500,1344186,22832413.0300,3,0.901299,1,-2.190200,0
2012-04-25,sz.000861,16.9900,16.9900,16.4800,16.8800,16.9700,2033744,33977104.3200,3,1.363660,1,-0.530300,0
2012-04-26,sz.000861,16.9000,18.1000,16.8800,17.3200,16.8800,2563627,45138749.4200,3,1.718955,1,2.606600,0
2012-04-27,sz.000861,17.3500,17.4500,16.8000,16.8300,17.3200,1609667,27445245.0300,3,1.079309,1,-2.829100,0
2012-05-02,sz.000861,17.0500,17.5300,17.0500,17.3700,16.8300,1280772,22199671.4500,3,0.858779,1,3.208600,0
2012-05-03,sz.000861,17.4200,17.9200,17.4200,17.8000,17.3700,2096407,37236079.3900,3,1.405676,1,2.475500,0
2012-05-04,sz.000861,17.8000,17.8000,17.8000,17.8000,17.8000,0,0.0000,3,,0,0.000000,0
2012-05-07,sz.000861,17.7900,17.7900,17.4200,17.7200,17.8000,1680378,29548079.3900,3,1.126722,1,-0.449400,0
2012-05-08,sz.000861,17.6700,17.7100,17.3900,17.5300,17.7200,1094171,19161175.6300,3,0.733660,1,-1.072200,0
2012-05-09,sz.000861,17.4300,17.7700,17.3100,17.4900,17.5300,924549,16253398.9500,3,0.619926,1,-0.228200,0
2012-05-10,sz.000861,17.5800,17.8400,17.3800,17.8200,17.4900,1159821,20464692.5600,3,0.777680,1,1.886800,0
2012-05-11,sz.000861,17.8200,17.9600,17.5000,17.5600,17.8200,981367,17388294.9300,3,0.658023,1,-1.459000,0
2012-05-14,sz.000861,17.7900,17.7900,17.0600,17.0900,17.4600,928452,16177651.3300,3,0.622543,1,-2.119100,0
2012-05-15,sz.000861,17.0000,17.0200,16.5800,16.7500,17.0900,1496732,25060749.4200,3,1.003584,1,-1.989500,0
2012-05-16,sz.000861,16.7500,16.8300,16.5100,16.5600,16.7500,804408,13438904.6900,3,0.539369,1,-1.134300,0
2012-05-17,sz.000861,16.5600,16.7700,16.4300,16.6700,16.5600,977484,16267211.9800,3,0.655420,1,0.664300,0
2012-05-18,sz.000861,16.4600,16.4600,15.9500,16.2100,16.6700,1664422,26827666.6100,3,1.116023,1,-2.759400,0
2012-05-21,sz.000861,16.1600,16.4900,16.0500,16.2000,16.2100,1191787,19381407.9200,3,0.596262,1,-0.061700,0
2012-05-22,sz.000861,16.4400,16.7500,16.1500,16.6800,16.2000,1886996,30833746.0500,3,0.944081,1,2.963000,0
2012-05-23,sz.000861,16.6000,16.6000,16.2000,16.4100,16.6800,1514083,24806141.2200,3,0.757509,1,-1.618700,0
2012-05-24,sz.000861,16.2000,16.4000,16.1500,16.1800,16.4100,1226348,19938977.2800,3,0.613553,1,-1.401600,0
2012-05-25,sz.000861,16.2300,16.6600,16.2100,16.2800,16.1800,1448859,23763149.8300,3,0.724877,1,0.618000,0
2012-05-28,sz.000861,16.5000,16.8700,16.2700,16.8500,16.2800,1874331,31048282.7100,3,0.937745,1,3.501200,0
2012-05-29,sz.000861,16.8700,17.6000,16.8700,17.2400,16.8500,2898616,50270159.1700,3,1.450204,1,2.314500,0
2012-05-30,sz.000861,17.2600,17.5600,17.1200,17.2800,17.2400,1330331,23021806.6900,3,0.665577,1,0.232000,0
2012-05-31,sz.000861,17.1000,17.4300,16.9600,17.1800,17.2800,1191144,20479021.8600,3,0.595940,1,-0.578700,0
2012-06-01,sz.000861,17.2900,17.3400,17.0300,17.1200,17.1800,731843,12570657.0500,3,0.366148,1,-0.349200,0
2012-06-04,sz.000861,16.9800,17.0000,16.4500,16.4900,17.1200,1046989,17544851.2600,3,0.523818,1,-3.679900,0
2012-06-05,sz.000861,16.5000,16.7800,16.4100,16.4900,16.4900,630502,10409494.2600,3,0.315446,1,0.000000,0
2012-06-06,sz.000861,16.5300,16.7400,16.2000,16.2200,16.4900,534036,8767363.6300,3,0.267183,1,-1.637400,0
2012-06-07,sz.000861,16.5000,16.5000,16.1200,16.2100,16.2200,588517,9584704.3500,3,0.294440,1,-0.061700,0
2012-06-08,sz.000861,16.4000,16.6500,16.2300,16.2300,16.2100,691461,11315689.7100,3,0.345944,1,0.123400,0
2012-06-11,sz.000861,16.2300,16.2300,16.2300,16.2300,16.2300,0,0.0000,3,,0,0.000000,0
2012-06-12,sz.000861,16.3500,17.0500,16.3400,16.9600,16.2300,1880091,31482036.1700,3,0.940627,1,4.497800,0
2012-06-13,sz.000861,16.9000,17.1500,16.8000,17.0700,16.9600,1415343,24079897.8400,3,0.708109,1,0.648600,0
2012-06-14,sz.000861,16.9500,17.1500,16.8000,16.8200,17.0700,990818,16760793.7300,3,0.495715,1,-1.464600,0
2012-06-15,sz.000861,16.8100,17.0500,16.5000,16.7700,16.8200,559410,9376551.3000,3,0.279878,1,-0.297300,0
2012-06-18,sz.000861,16.7700,17.0800,16.7000,16.9600,16.7700,918360,15576216.7500,3,0.459464,1,1.133000,0
2012-06-19,sz.000861,16.8600,17.0500,16.8000,17.0400,16.9600,838703,14232669.1600,3,0.419611,1,0.471700,0
2012-06-20,sz.000861,17.1000,17.1000,16.8500,16.9000,17.0400,845612,14342252.4500,3,0.423067,1,-0.821600,0
2012-06-21,sz.000861,16.8000,16.9700,16.7000,16.8900,16.9000,510741,8597138.4200,3,0.255528,1,-0.059200,0
2012-06-25,sz.000861,16.9000,16.9300,16.2600,16.2800,16.8900,568440,9390690.8000,3,0.284396,1,-3.611600,0
2012-06-26,sz.000861,16.2600,16.2600,15.9100,16.1900,16.2800,553643,8901068.0100,3,0.276993,1,-0.552800,0
2012-06-27,sz.000861,16.2500,16.2500,16.0000,16.0500,16.1900,972320,15618266.2900,3,0.486461,1,-0.864700,0
2012-06-28,sz.000861,16.1800,16.2400,15.2400,15.5000,16.0500,1057292,16457667.1700,3,0.528973,1,-3.426800,0
2012-06-29,sz.000861,15.4900,15.9300,15.0500,15.9000,15.5000,817399,12622042.6100,3,0.408952,1,2.580600,0
2012-07-02,sz.000861,15.9900,16.1400,15.7000,15.8000,15.9000,748089,11895179.8800,3,0.374276,1,-0.628900,0
2012-07-03,sz.000861,15.6600,16.0700,15.6600,15.9000,15.8000,778649,12411844.3100,3,0.389565,1,0.632900,0
2012-07-04,sz.000861,15.9500,16.4300,15.9000,16.0000,15.9000,799941,12893282.2800,3,0.400218,1,0.628900,0
2012-07-05,sz.000861,15.8000,15.9000,15.2100,15.2200,16.0000,1005453,15475005.0700,3,0.503037,1,-4.875000,0
2012-07-06,sz.000861,15.2800,15.8200,15.2800,15.7700,15.2200,977266,15209497.0700,3,0.488935,1,3.613700,0
2012-07-09,sz.000861,15.6900,16.0800,15.3300,15.4800,15.7700,667873,10539838.3200,3,0.334143,1,-1.838900,0
2012-07-10,sz.000861,15.3500,15.4600,15.1100,15.1700,15.4800,678054,10311346.1800,3,0.339237,1,-2.002600,0
2012-07-11,sz.000861,15.1300,15.4000,15.1300,15.3700,15.1700,496616,7575288.1300,3,0.248461,1,1.318400,0
2012-07-12,sz.000861,15.3700,15.6000,15.2000,15.4800,15.3700,1001854,15444459.0400,3,0.501237,1,0.715700,0
2012-07-13,sz.000861,15.4500,15.5300,14.0600,14.6500,15.4800,2369547,35124789.7600,3,1.185506,1,-5.361800,0
2012-07-16,sz.000861,14.6800,14.6800,13.9000,13.9700,14.6500,1908717,26837542.4300,3,0.954948,1,-4.641600,0
2012-07-17,sz.000861,14.0100,14.2100,13.9500,14.1300,13.9700,733527,10358089.2500,3,0.366990,1,1.145300,0
2012-07-18,sz.000861,14.2100,14.3000,13.9900,14.2600,14.1300,1096260,15504608.1400,3,0.548469,1,0.920000,0
2012-07-19,sz.000861,14.1000,14.6400,14.0900,14.3200,14.2600,825609,11927281.1800,3,0.413060,1,0.420800,0
2012-07-20,sz.000861,14.3300,14.6400,14.0000,14.4200,14.3200,1245281,18039747.5400,3,0.623025,1,0.698300,0
2012-07-23,sz.000861,14.2200,14.2900,14.0700,14.2400,14.4200,245346,3481884.1900,3,0.122749,1,-1.248300,0
2012-07-24,sz.000861,14.2000,14.2900,14.0800,14.1300,14.2400,734321,10411084.9700,3,0.367387,1,-0.772500,0
2012-07-25,sz.000861,14.1200,14.4100,14.0600,14.2000,14.1300,630499,8993240.9100,3,0.315444,1,0.495400,0
2012-07-26,sz.000861,14.3100,14.3300,14.0400,14.0600,14.2000,431124,6113308.2300,3,0.215695,1,-0.985900,0
2012-07-27,sz.000861,14.1000,14.1500,13.8300,13.8600,14.0600,394689,5505792.3600,3,0.197466,1,-1.422500,0
2012-07-30,sz.000861,13.9800,14.0000,13.8000,13.8100,13.8600,403294,5599663.0200,3,0.201772,1,-0.360800,0
2012-07-31,sz.000861,13.8000,13.9600,13.7600,13.8300,13.8100,375915,5213439.2100,3,0.188074,1,0.144800,0
2012-08-01,sz.000861,13.8200,14.1700,13.8200,14.0800,13.8300,598865,8423133.8300,3,0.299618,1,1.807700,0
2012-08-02,sz.000861,14.0600,14.0900,13.1300,13.6000,14.0800,525290,7223033.8400,3,0.262807,1,-3.409100,0
2012-08-03,sz.000861,13.6100,14.0800,13.4500,14.0500,13.6000,594462,8200993.9000,3,0.297415,1,3.308800,0
2012-08-06,sz.000861,14.0000,14.5000,13.9000,14.4200,14.0500,876285,12453287.3700,3,0.438413,1,2.633500,0
2012-08-07,sz.000861,14.3200,14.6800,14.3200,14.6200,14.4200,989659,14315268.5500,3,0.495135,1,1.387000,0
2012-08-08,sz.000861,14.5500,14.8800,14.5000,14.8200,14.6200,830521,12189932.6100,3,0.415517,1,1.368000,0
2012-08-09,sz.000861,14.7900,15.0100,14.6100,15.0000,14.8200,1098150,16306243.2200,3,0.549414,1,1.214600,0
2012-08-10,sz.000861,15.0100,15.2000,14.8600,15.1100,15.0000,1324524,19975701.9300,3,0.662671,1,0.733300,0
2012-08-13,sz.000861,15.1100,15.1100,14.4300,14.5700,15.1100,639338,9419051.1800,3,0.319867,1,-3.573800,0
2012-08-14,sz.000861,14.7000,14.7000,14.2800,14.6900,14.5700,1238842,17865491.0100,3,0.619804,1,0.823600,0
2012-08-15,sz.000861,14.5400,14.5600,14.3000,14.3500,14.6900,761050,10952939.3700,3,0.380760,1,-2.314500,0
2012-08-16,sz.000861,14.3000,14.5000,14.2000,14.4000,14.3500,586149,8434229.7300,3,0.293256,1,0.348400,0
2012-08-17,sz.000861,14.5000,15.1200,14.3900,14.5400,14.4000,1357129,20014657.2800,3,0.678984,1,0.972200,0
2012-08-20,sz.000861,14.4000,14.4000,13.8600,14.1100,14.5400,1299598,18281472.6800,3,0.650201,1,-2.957400,0
2012-08-21,sz.000861,14.1100,14.3300,13.9200,13.9900,14.1100,1273394,18011943.9200,3,0.637091,1,-0.850500,0
2012-08-22,sz.000861,14.0800,14.5500,13.9500,13.9900,13.9900,2412248,34144596.5900,3,1.206870,1,0.000000,0
2012-08-23,sz.000861,13.9500,14.2400,13.7500,13.9800,13.9900,1674824,23282908.3300,3,0.837930,1,-0.071500,0
2012-08-24,sz.000861,13.9000,14.1200,13.6600,13.6600,13.9800,1663227,23039469.0500,3,0.832128,1,-2.289000,0
2012-08-27,sz.000861,13.6000,13.6000,13.2900,13.5000,13.6600,1203910,16122675.0400,3,0.602327,1,-1.171300,0
2012-08-28,sz.000861,13.4800,13.6300,13.3200,13.5100,13.5000,916983,12329565.2900,3,0.458775,1,0.074100,0
2012-08-29,sz.000861,13.5100,13.7100,13.4000,13.4500,13.5100,568974,7699311.7400,3,0.284663,1,-0.444100,0
2012-08-30,sz.000861,13.5200,13.5200,13.1300,13.2600,13.4500,1179703,15633077.2400,3,0.590216,1,-1.412636,0
2012-08-31,sz.000861,13.2600,13.3000,12.8400,13.0300,13.2600,1304206,16962593.5200,3,0.652506,1,-1.734500,0
2012-09-03,sz.000861,12.9800,13.2400,12.9200,13.1900,13.0300,778109,10225862.9000,3,0.389295,1,1.227900,0
2012-09-04,sz.000861,13.3000,13.3100,13.0000,13.2500,13.1900,587866,7737315.2300,3,0.294115,1,0.454900,0
2012-09-05,sz.000861,13.2900,13.5000,13.1200,13.4900,13.2500,1142178,15287933.8500,3,0.571442,1,1.811300,0
2012-09-06,sz.000861,13.4500,13.7500,13.4000,13.5400,13.4900,702306,9514432.5100,3,0.351370,1,0.370600,0
2012-09-07,sz.000861,13.6100,14.1400,13.6000,13.9600,13.5400,2121967,29527059.8600,3,1.061639,1,3.101900,0
2012-09-10,sz.000861,14.0000,14.1800,13.8900,14.1100,13.9600,2884549,40573206.8200,3,1.443166,1,1.074500,0
2012-09-11,sz.000861,14.1200,14.3100,14.0000,14.2700,14.1100,2423989,34360193.8400,3,1.212744,1,1.133900,0
2012-09-12,sz.000861,14.4000,14.4500,14.0400,14.2000,14.2700,1353977,19197655.3500,3,0.677407,1,-0.490500,0
2012-09-13,sz.000861,14.3000,14.3000,13.9200,13.9200,14.2000,922919,12978307.4500,3,0.461745,1,-1.971800,0
2012-09-14,sz.000861,13.9800,14.1600,13.6200,13.6700,13.9200,1556488,21492164.7500,3,0.778725,1,-1.796000,0
2012-09-17,sz.000861,13.8400,13.9400,13.6400,13.6600,13.6700,1516258,20945189.6600,3,0.758598,1,-0.073200,0
2012-09-18,sz.000861,13.5000,13.9300,13.5000,13.6000,13.6600,900965,12393721.6100,3,0.450761,1,-0.439200,0
2012-09-19,sz.000861,13.5300,13.8000,13.5300,13.7700,13.6000,345052,4729829.4300,3,0.172633,1,1.250000,0
2012-09-20,sz.000861,13.7600,13.8700,13.4800,13.5000,13.7700,868468,11902299.8700,3,0.434502,1,-1.960800,0
2012-09-21,sz.000861,13.5600,13.5900,13.3500,13.3600,13.5000,486001,6533437.3900,3,0.243151,1,-1.037000,0
2012-09-24,sz.000861,13.3600,13.8500,13.2600,13.8200,13.3600,1326234,18115339.1400,3,0.663527,1,3.443100,0
2012-09-25,sz.000861,13.8300,14.1800,13.8200,14.0600,13.8200,2286815,32134481.5500,3,1.144114,1,1.736600,0
2012-09-26,sz.000861,13.9600,14.1800,13.8600,14.0700,14.0600,1124906,15719014.2000,3,0.562801,1,0.071100,0
2012-09-27,sz.000861,14.0700,14.4100,13.8800,14.3600,14.0700,1904519,27038194.5200,3,0.952848,1,2.061100,0
2012-09-28,sz.000861,14.2800,14.4000,14.1700,14.3200,14.3600,1448288,20672956.3300,3,0.724592,1,-0.278600,0
2012-10-08,sz.000861,14.2300,14.3200,13.9100,14.0400,14.3200,898646,12607699.4600,3,0.449601,1,-1.955300,0
2012-10-09,sz.000861,14.0400,14.5200,14.0200,14.5000,14.0400,1526087,22014151.3000,3,0.763515,1,3.276400,0
2012-10-10,sz.000861,14.6900,15.0900,14.6900,14.8800,14.5000,2593562,38571438.3400,3,1.297583,1,2.620700,0
2012-10-11,sz.000861,14.8100,15.0500,14.6000,14.6000,14.8800,1575174,23420477.1600,3,0.788074,1,-1.881700,0
2012-10-12,sz.000861,14.6000,14.8000,14.5200,14.6600,14.6000,838961,12283596.1500,3,0.419740,1,0.411000,0
2012-10-15,sz.000861,14.6600,14.8200,14.3000,14.7900,14.6600,846873,12285415.1900,3,0.423698,1,0.886800,0
2012-10-16,sz.000861,14.7900,14.8800,14.5100,14.6700,14.7900,753858,11057520.7200,3,0.377162,1,-0.811400,0
2012-10-17,sz.000861,14.6300,14.7000,14.4800,14.6900,14.6700,375960,5499217.5500,3,0.188096,1,0.136300,0
2012-10-18,sz.000861,14.6500,15.0800,14.6200,14.9700,14.6900,1479903,22106341.1400,3,0.740409,1,1.906100,0
2012-10-19,sz.000861,14.9600,15.1800,14.8100,14.8100,14.9700,868854,12982543.1600,3,0.434696,1,-1.068803,0
2012-10-22,sz.000861,14.7100,14.8800,14.5600,14.7900,14.8100,672992,9861282.9600,3,0.336704,1,-0.135000,0
2012-10-23,sz.000861,14.8500,14.8800,14.4000,14.4600,14.7900,805128,11763324.5400,3,0.402813,1,-2.231200,0
2012-10-24,sz.000861,14.6300,15.0000,14.4100,14.7100,14.4600,1458941,21320269.1200,3,0.729921,1,1.728900,0
2012-10-25,sz.000861,14.6200,14.7000,13.8200,13.8200,14.7100,2267662,32231935.2000,3,1.134532,1,-6.050300,0
2012-10-26,sz.000861,13.9900,14.2000,13.7200,13.8500,13.8200,1282790,17800909.4000,3,0.641791,1,0.217100,0
2012-10-29,sz.000861,13.8500,13.9000,13.6100,13.6500,13.8500,881648,12064637.0300,3,0.441096,1,-1.444000,0
2012-10-30,sz.000861,13.5900,13.9000,13.5900,13.8300,13.6500,626583,8611512.9700,3,0.313485,1,1.318700,0
2012-10-31,sz.000861,13.7700,13.8600,13.6600,13.8600,13.8300,713735,9826914.6700,3,0.357088,1,0.216900,0
2012-11-01,sz.000861,13.7600,14.4000,13.7600,14.3500,13.8600,1485372,21141457.4900,3,0.743145,1,3.535400,0
2012-11-02,sz.000861,14.3500,14.6800,14.3300,14.4400,14.3500,1073658,15542939.4700,3,0.537161,1,0.627200,0
2012-11-05,sz.000861,14.5900,14.5900,14.1800,14.3100,14.4400,493139,7056752.5700,3,0.246722,1,-0.900300,0
2012-11-06,sz.000861,14.3000,14.3000,13.9800,14.1400,14.3100,380874,5369972.3500,3,0.190555,1,-1.188000,0
2012-11-07,sz.000861,14.0600,14.2600,14.0100,14.1300,14.1400,486003,6868031.8200,3,0.243152,1,-0.070700,0
2012-11-08,sz.000861,14.0700,14.0700,13.8000,13.8000,14.1300,535391,7446644.2000,3,0.267861,1,-2.335500,0
2012-11-09,sz.000861,13.7000,13.9100,13.6700,13.8200,13.8000,473934,6533905.8300,3,0.237113,1,0.144900,0
2012-11-12,sz.000861,13.8800,13.9400,13.6100,13.8000,13.8200,383194,5296042.9800,3,0.191715,1,-0.144700,0
2012-11-13,sz.000861,13.8000,13.8100,13.2800,13.3300,13.8000,1031291,13905010.7500,3,0.515964,1,-3.405800,0
2012-11-14,sz.000861,13.3800,13.4600,13.1800,13.2600,13.3300,481510,6392945.6000,3,0.240904,1,-0.525100,0
2012-11-15,sz.000861,13.3400,13.3500,13.1600,13.2400,13.2600,481289,6361342.7700,3,0.240793,1,-0.150800,0
2012-11-16,sz.000861,13.2000,13.2000,13.0000,13.0800,13.2400,521510,6820315.0300,3,0.260916,1,-1.208500,0
2012-11-19,sz.000861,13.1400,13.1400,12.8600,13.0100,13.0800,534551,6956664.7000,3,0.267441,1,-0.535200,0
2012-11-20,sz.000861,13.1400,13.2500,12.9600,12.9800,13.0100,609441,8003279.6800,3,0.304909,1,-0.230600,0
2012-11-21,sz.000861,12.9800,13.3000,12.8700,13.2500,12.9800,548087,7177104.7700,3,0.274213,1,2.080100,0
2012-11-22,sz.000861,13.1800,13.1800,13.0400,13.1100,13.2500,551481,7224302.7000,3,0.275911,1,-1.056600,0
2012-11-23,sz.000861,13.1200,13.2600,13.1100,13.1500,13.1100,211241,2785150.7600,3,0.105686,1,0.305100,0
2012-11-26,sz.000861,13.1400,13.2500,12.8500,13.0000,13.1500,436215,5699291.9500,3,0.218242,1,-1.140700,0
2012-11-27,sz.000861,13.1000,13.1700,12.8600,13.0000,13.0000,692654,8989575.5900,3,0.346541,1,0.000000,0
2012-11-28,sz.000861,12.8800,12.9400,11.8500,12.2900,13.0000,1313602,16077115.3400,3,0.657207,1,-5.461500,0
2012-11-29,sz.000861,12.2900,12.4600,12.2900,12.3200,12.2900,364760,4516643.1000,3,0.182493,1,0.244100,0
2012-11-30,sz.000861,12.2800,12.5000,12.0200,12.2300,12.3200,299910,3681830.9500,3,0.150048,1,-0.730500,0
2012-12-03,sz.000861,12.2400,12.3000,11.6000,11.6000,12.2300,280458,3344328.9000,3,0.140316,1,-5.151300,0
2012-12-04,sz.000861,11.8600,11.9300,11.5100,11.8800,11.6000,413880,4847066.5800,3,0.207068,1,2.413800,0
2012-12-05,sz.000861,11.9000,12.4900,11.6600,12.3900,11.8800,813924,9989185.3400,3,0.407214,1,4.292900,0
2012-12-06,sz.000861,12.3000,12.4100,12.1000,12.2400,12.3900,457859,5604521.1100,3,0.229071,1,-1.210700,0
2012-12-07,sz.000861,12.1100,12.7100,12.1100,12.5200,12.2400,669714,8352566.7600,3,0.335064,1,2.287600,0
2012-12-10,sz.000861,12.6200,12.9700,12.5200,12.8100,12.5200,1449144,18355972.9000,3,0.725020,1,2.316300,0
2012-12-11,sz.000861,12.8100,12.8100,12.5100,12.6300,12.8100,637703,8085673.2800,3,0.319049,1,-1.405200,0
2012-12-12,sz.000861,12.6600,12.7000,12.2000,12.3600,12.6300,2206725,27241428.9700,3,1.104045,1,-2.137800,0
2012-12-13,sz.000861,12.3500,12.3500,12.0300,12.0700,12.3600,1419682,17259074.1300,3,0.710280,1,-2.346300,0
2012-12-14,sz.000861,12.0600,12.8800,12.0600,12.8000,12.0700,4346767,54111415.4200,3,2.174727,1,6.048100,0
2012-12-17,sz.000861,12.7200,13.2300,12.6200,13.0300,12.8000,6275603,81356387.9200,3,3.139741,1,1.796900,0
2012-12-18,sz.000861,13.0400,13.0600,12.6900,12.8200,13.0300,3912777,50502821.2600,3,1.957598,1,-1.611700,0
2012-12-19,sz.000861,12.8300,13.2000,12.7500,12.9900,12.8200,3426530,44585859.0800,3,1.714324,1,1.326100,0
2012-12-20,sz.000861,12.9700,13.3500,12.8000,13.2800,12.9900,4024919,53061729.9700,3,2.013704,1,2.232500,0
2012-12-21,sz.000861,13.2800,13.4800,13.1800,13.2700,13.2800,3507513,46684981.4000,3,1.754841,1,-0.075300,0
2012-12-24,sz.000861,13.1900,13.2600,12.9900,13.0900,13.2700,1733897,22786310.5900,3,0.867484,1,-1.356400,0
2012-12-25,sz.000861,13.0900,13.6000,12.8700,13.4600,13.0900,3786590,50611776.3300,3,1.894465,1,2.826600,0
2012-12-26,sz.000861,13.4600,13.8100,13.3300,13.4000,13.4600,7648125,103227553.3700,3,3.826426,1,-0.445800,0
2012-12-27,sz.000861,13.4800,13.4800,13.1600,13.2100,13.4000,3970470,52773567.1400,3,1.986462,1,-1.417900,0
2012-12-28,sz.000861,13.1700,13.4500,13.1400,13.3300,13.2100,4356416,57976443.4800,3,2.179554,1,0.908400,0
2012-12-31,sz.000861,13.3400,14.2000,13.3400,14.1000,13.3300,8157602,113245239.9900,3,4.081322,1,5.776400,0
2013-01-04,sz.000861,14.2700,14.4400,14.0200,14.1200,14.1000,5921511,84130319.9200,3,2.962586,1,0.141800,0
2013-01-07,sz.000861,14.1000,14.5400,13.7800,14.3300,14.1200,6910454,97287682.4800,3,3.457363,1,1.487300,0
2013-01-08,sz.000861,14.3000,14.4300,13.9000,14.2100,14.3300,4547565,64317703.3200,3,2.275188,1,-0.837400,0
2013-01-09,sz.000861,14.1800,14.3300,14.0200,14.1600,14.2100,4345913,61585305.6500,3,2.174300,1,-0.351900,0
2013-01-10,sz.000861,14.1600,14.4100,14.0100,14.2000,14.1600,4010707,56953941.2500,3,2.006593,1,0.282500,0
2013-01-11,sz.000861,14.2000,14.2900,13.7600,13.8100,14.2000,3543212,49426908.2500,3,1.772701,1,-2.746500,0
2013-01-14,sz.000861,13.7500,14.2000,13.7000,14.0000,13.8100,4598116,64448384.5300,3,2.300479,1,1.375800,0
2013-01-15,sz.000861,14.1800,14.4200,14.0600,14.3500,14.0000,4441950,63295494.6700,3,2.222348,1,2.500000,0
2013-01-16,sz.000861,14.3000,14.3100,13.8000,14.1400,14.3500,4023833,56537886.2500,3,2.013160,1,-1.463400,0
2013-01-17,sz.000861,14.1000,14.1000,13.8000,13.9700,14.1400,2550355,35497608.2900,3,1.275966,1,-1.202300,0
2013-01-18,sz.000861,14.0000,14.3600,13.8700,14.3600,13.9700,4244458,59868977.3600,3,2.123541,1,2.791700,0
2013-01-21,sz.000861,14.4200,14.7500,14.3600,14.4200,14.3600,5064031,73652003.8100,3,2.533581,1,0.417800,0
2013-01-22,sz.000861,14.4000,14.4000,14.0100,14.0500,14.4200,4279608,60622705.5400,3,2.141127,1,-2.565900,0
2013-01-23,sz.000861,14.0500,14.1000,13.7000,13.9400,14.0500,4623142,64185085.6400,3,2.313000,1,-0.782900,0
2013-01-24,sz.000861,13.8900,14.1000,13.4000,13.4000,13.9400,4818784,66035419.5300,3,2.410881,1,-3.873700,0
2013-01-25,sz.000861,13.4000,13.5100,13.0400,13.1400,13.4000,5103729,67147107.7100,3,2.553442,1,-1.940300,0
2013-01-28,sz.000861,13.1500,13.3800,13.0800,13.3800,13.1400,6582999,87044657.7700,3,3.293534,1,1.826500,0
2013-01-29,sz.000861,13.4000,13.5700,13.3400,13.4800,13.3800,5159790,69369412.5500,3,2.581490,1,0.747400,0
2013-01-30,sz.000861,13.5700,13.5900,13.2500,13.3700,13.4800,3770307,50386928.5200,3,1.886319,1,-0.816000,0
2013-01-31,sz.000861,13.3900,13.4800,13.1900,13.4000,13.3700,3562294,47402953.9400,3,1.782248,1,0.224400,0
2013-02-01,sz.000861,13.3600,13.5500,13.2000,13.4500,13.4000,3320382,44493262.6600,3,1.661217,1,0.373100,0
2013-02-04,sz.000861,13.5000,13.7200,13.3300,13.6700,13.4500,4257942,57502459.9700,3,2.130287,1,1.635700,0
2013-02-05,sz.000861,13.5900,13.8000,13.4000,13.7600,13.6700,3472915,47305158.3500,3,1.737531,1,0.658400,0
2013-02-06,sz.000861,13.7600,13.9200,13.7200,13.7800,13.7600,4405362,60852012.1300,3,2.204043,1,0.145300,0
2013-02-07,sz.000861,13.7400,13.8300,13.5800,13.7000,13.7800,2309123,31617666.7100,3,1.155275,1,-0.580600,0
2013-02-08,sz.000861,13.7300,14.0900,13.6900,13.9300,13.7000,3091204,43013624.5800,3,1.546557,1,1.678800,0
2013-02-18,sz.000861,14.0600,14.1500,13.9300,13.9800,13.9300,3743594,52478358.3900,3,1.872954,1,0.358900,0
2013-02-19,sz.000861,14.0000,14.0000,13.3600,13.4300,13.9800,4059963,55184520.0400,3,2.031236,1,-3.934200,0
2013-02-20,sz.000861,13.4500,13.6400,13.3800,13.6200,13.4300,2541659,34285202.7700,3,1.271615,1,1.414700,0
2013-02-21,sz.000861,13.5000,13.5000,13.2600,13.3500,13.6200,2698398,36064751.0800,3,1.350033,1,-1.982400,0
2013-02-22,sz.000861,13.3500,13.4300,13.2700,13.3300,13.3500,2385407,31808253.7000,3,1.193441,1,-0.149800,0
2013-02-25,sz.000861,13.3000,13.4500,13.2500,13.3500,13.3300,1337332,17858224.2500,3,0.669079,1,0.150000,0
2013-02-26,sz.000861,13.3000,13.3000,12.9000,12.9200,13.3500,3957864,51959265.3700,3,1.980155,1,-3.221000,0
2013-02-27,sz.000861,12.9700,13.0000,12.7100,12.8000,12.9200,3541393,45412926.9400,3,1.771791,1,-0.928800,0
2013-02-28,sz.000861,12.8400,13.1600,12.7600,13.1400,12.8000,2401355,31223611.9200,3,1.201420,1,2.656200,0
2013-03-01,sz.000861,13.1600,13.1600,12.8800,13.0000,13.1400,4072768,52797155.1900,3,2.037643,1,-1.065400,0
2013-03-04,sz.000861,12.8500,12.8500,11.8700,12.0800,13.0000,7470866,91340566.5300,3,3.737742,1,-7.076900,0
2013-03-05,sz.000861,12.0800,12.1900,11.9900,12.1900,12.0800,3552183,43018090.8200,3,1.777189,1,0.910600,0
2013-03-06,sz.000861,12.2500,12.3500,12.1000,12.3300,12.1900,3411248,41711681.0800,3,1.706678,1,1.148500,0
2013-03-07,sz.000861,12.3000,12.4900,12.2500,12.3600,12.3300,3205723,39622402.8400,3,1.603852,1,0.243300,0
2013-03-08,sz.000861,12.3600,12.4500,12.1700,12.2100,12.3600,2601110,31889269.8500,3,1.301359,1,-1.213600,0
2013-03-11,sz.000861,12.2500,12.6500,12.1400,12.5400,12.2100,3819227,47593980.1800,3,1.910794,1,2.702700,0
2013-03-12,sz.000861,12.4900,12.7700,12.3200,12.4500,12.5400,3320164,41673977.2600,3,1.661108,1,-0.717700,0
2013-03-13,sz.000861,12.4800,12.6400,12.3400,12.5100,12.4500,2096706,26188524.6600,3,1.049001,1,0.481900,0
2013-03-14,sz.000861,12.5200,12.6000,12.2900,12.3100,12.5100,1624664,20210885.4300,3,0.812834,1,-1.598700,0
2013-03-15,sz.000861,12.3100,12.5300,12.2000,12.3600,12.3100,1784928,22096232.2700,3,0.893016,1,0.406200,0
2013-03-18,sz.000861,12.3800,12.3800,12.2000,12.2700,12.3600,1360715,16681784.0000,3,0.680778,1,-0.728200,0
2013-03-19,sz.000861,12.3500,12.3500,11.8400,12.1300,12.2700,2722235,32828060.0000,3,1.361959,1,-1.141000,0
2013-03-20,sz.000861,12.0800,12.5100,12.0100,12.4900,12.1300,3774335,46460544.0000,3,1.888334,1,2.967800,0
2013-03-21,sz.000861,12.4900,12.5500,12.4000,12.4900,12.4900,3008562,37536760.0000,3,1.505211,1,0.000000,0
2013-03-22,sz.000861,12.5200,12.9500,12.5200,12.8500,12.4900,5472174,70112560.0000,3,2.737778,1,2.882300,0
2013-03-25,sz.000861,12.8700,13.4500,12.7100,13.2800,12.8500,6659784,87447128.0000,3,3.331950,1,3.346300,0
2013-03-26,sz.000861,13.1500,13.3000,12.9200,13.1900,13.2800,4534247,59628616.0000,3,2.268525,1,-0.677700,0
2013-03-27,sz.000861,13.1500,13.3300,13.0200,13.1300,13.1900,2843495,37405340.0000,3,1.422626,1,-0.454900,0
2013-03-28,sz.000861,13.0300,13.0300,12.5900,12.6200,13.1300,3501616,44701628.0000,3,1.751890,1,-3.884200,0
2013-03-29,sz.000861,12.6300,12.8500,12.4000,12.4400,12.6200,2041750,25696900.0000,3,1.021506,1,-1.426300,0
2013-04-01,sz.000861,12.3900,12.6300,12.3600,12.4700,12.4400,1445899,18087636.0000,3,0.723396,1,0.241200,0
2013-04-02,sz.000861,12.4700,12.5900,12.1600,12.1900,12.4700,2527461,31145746.0000,3,1.264512,1,-2.245400,0
2013-04-03,sz.000861,12.2000,12.2900,12.0200,12.1700,12.1900,1879666,22808442.0000,3,0.940414,1,-0.164100,0
2013-04-08,sz.000861,12.0000,12.3400,11.7600,12.3000,12.1700,1961217,23474988.0000,3,0.981215,1,1.068200,0
2013-04-09,sz.000861,12.2000,12.4300,12.2000,12.3400,12.3000,1465470,18087448.0000,3,0.733188,1,0.325200,0
2013-04-10,sz.000861,12.3500,12.3500,12.0900,12.1300,12.3400,2325579,28279312.0000,3,1.163508,1,-1.701800,0
2013-04-11,sz.000861,12.1500,12.2900,11.9700,12.0000,12.1300,1794522,21692548.0000,3,0.897816,1,-1.071700,0
2013-04-12,sz.000861,12.0000,12.0300,11.7500,11.8200,12.0000,2406319,28555816.0000,3,1.203903,1,-1.500003,0
2013-04-15,sz.000861,11.7600,11.8000,11.3500,11.4600,11.8200,3449539,39660128.0000,3,1.725836,1,-3.045700,0
2013-04-16,sz.000861,11.3600,11.7000,11.3300,11.6800,11.4600,1626430,18793300.0000,3,0.813718,1,1.919723,0
2013-04-17,sz.000861,11.6800,11.7500,11.5800,11.7100,11.6800,1103278,12855283.0000,3,0.551980,1,0.256800,0
2013-04-18,sz.000861,11.5300,11.8300,11.5300,11.6900,11.7100,1194539,14013673.0000,3,0.597639,1,-0.170800,0
2013-04-19,sz.000861,11.6900,12.0400,11.6900,11.9800,11.6900,2309408,27561838.0000,3,1.155418,1,2.480752,0
2013-04-22,sz.000861,11.8500,12.0100,11.8200,11.9400,11.9800,1163268,13867426.0000,3,0.581994,1,-0.333900,0
2013-04-23,sz.000861,11.9500,11.9700,11.4500,11.5100,11.9400,1682119,19555940.0000,3,0.841579,1,-3.601300,0
2013-04-24,sz.000861,11.5200,11.7000,11.4000,11.6000,11.5100,2051222,23725124.0000,3,1.026245,1,0.781900,0
2013-04-25,sz.000861,11.6000,11.6000,11.3600,11.4000,11.6000,1858557,21273246.0000,3,0.929853,1,-1.724100,0
2013-04-26,sz.000861,11.3000,11.3000,10.3100,10.3400,11.4000,5642200,59482296.0000,3,2.822844,1,-9.298241,0
2013-05-02,sz.000861,10.2700,10.2700,9.9600,10.0000,10.3400,3983883,40001556.0000,3,1.993173,1,-3.288200,0
2013-05-03,sz.000861,10.0800,10.4000,10.0600,10.2800,10.0000,2865533,29334166.0000,3,1.433652,1,2.799997,0
2013-05-06,sz.000861,10.3000,10.5900,10.2200,10.4700,10.2800,2707589,28170238.0000,3,1.354631,1,1.848300,0
2013-05-07,sz.000861,10.4800,10.9900,10.4700,10.7300,10.4700,4038862,43533408.0000,3,2.020679,1,2.483300,0
2013-05-08,sz.000861,10.7600,10.8600,10.6200,10.7800,10.7300,2170367,23320414.0000,3,1.085854,1,0.466000,0
2013-05-09,sz.000861,10.8000,10.9200,10.6700,10.8600,10.7800,2447292,26428824.0000,3,1.224402,1,0.742100,0
2013-05-10,sz.000861,10.8800,11.0400,10.8000,11.0400,10.8600,2920808,31943772.0000,3,1.461307,1,1.657500,0
2013-05-13,sz.000861,11.0400,11.0500,10.9000,10.9700,11.0400,1751403,19168408.0000,3,0.876243,1,-0.634100,0
2013-05-14,sz.000861,10.9300,10.9300,10.7000,10.7300,10.9700,1514869,16305577.0000,3,0.757903,1,-2.187800,0
2013-05-15,sz.000861,10.7200,10.8000,10.5500,10.6000,10.7300,2223920,23617344.0000,3,1.112647,1,-1.211600,0
2013-05-16,sz.000861,10.6200,11.6600,10.6000,11.6600,10.6000,9979958,113974088.0000,3,4.993064,1,10.000000,0
2013-05-17,sz.000861,11.6800,11.7600,11.4500,11.7300,11.6600,8771644,101992088.0000,3,4.388533,1,0.600300,0
2013-05-20,sz.000861,11.8600,12.4900,11.8600,12.3300,11.7300,9544370,117056112.0000,3,4.775135,1,5.115100,0
2013-05-21,sz.000861,12.2800,12.4200,12.2000,12.3600,12.3300,5498445,67764920.0000,3,2.750922,1,0.243307,0
2013-05-22,sz.000861,12.3400,12.4800,12.1800,12.4200,12.3600,4716084,58179408.0000,3,2.359500,1,0.485400,0
2013-05-23,sz.000861,12.3800,12.3800,12.0400,12.0700,12.4200,3799094,46242360.0000,3,1.900721,1,-2.818000,0
2013-05-24,sz.000861,12.0600,12.1800,11.9200,12.1400,12.0700,3031616,36584188.0000,3,1.516745,1,0.580000,0
2013-05-27,sz.000861,12.1500,12.5900,12.0100,12.5800,12.1400,4891920,60382264.0000,3,2.447472,1,3.624400,0
2013-05-28,sz.000861,12.4800,12.6700,12.2800,12.4100,12.5800,4135606,51385136.0000,3,2.069081,1,-1.351400,0
2013-05-29,sz.000861,12.5000,12.8800,12.3500,12.4500,12.4100,5043643,63467564.0000,3,2.523380,1,0.322300,0
2013-05-30,sz.000861,12.4600,12.4600,12.0900,12.2400,12.4500,3461476,42323064.0000,3,1.731808,1,-1.686700,0
2013-05-31,sz.000861,12.2500,12.2800,12.0500,12.1300,12.2400,2195510,26701974.0000,3,1.098434,1,-0.898690,0
2013-06-03,sz.000861,12.0500,12.3000,11.9000,12.0300,12.0200,2709849,32885932.0000,3,1.355762,1,0.083200,0
2013-06-04,sz.000861,12.1600,12.4200,12.0400,12.3100,12.0300,5031285,61674064.0000,3,2.517198,1,2.327500,0
2013-06-05,sz.000861,12.3000,12.4200,11.9700,12.2000,12.3100,2847964,34595524.0000,3,1.424862,1,-0.893600,0
2013-06-06,sz.000861,12.1700,12.1700,11.8100,11.8100,12.2000,2704680,32426400.0000,3,1.353176,1,-3.196700,0
2013-06-07,sz.000861,11.7900,11.8500,11.1800,11.1800,11.8100,3697990,42359404.0000,3,1.850138,1,-5.334500,0
2013-06-13,sz.000861,11.1300,11.1300,10.2800,10.7600,11.1800,2271121,24200786.0000,3,1.136262,1,-3.756700,0
2013-06-14,sz.000861,10.8800,10.9300,10.5800,10.8300,10.7600,1616232,17406408.0000,3,0.808616,1,0.650600,0
2013-06-17,sz.000861,10.8500,10.8500,10.4900,10.6300,10.8300,1629613,17283530.0000,3,0.815310,1,-1.846700,0
2013-06-18,sz.000861,10.6700,10.7700,10.6100,10.7000,10.6300,1212952,12983850.0000,3,0.606851,1,0.658500,0
2013-06-19,sz.000861,10.7000,10.7000,10.1800,10.4300,10.7000,1686373,17461276.0000,3,0.843708,1,-2.523400,0
2013-06-20,sz.000861,10.4000,10.6000,10.2400,10.2400,10.4300,1754147,18306748.0000,3,0.877616,1,-1.821700,0
2013-06-21,sz.000861,10.2000,10.5200,9.9600,10.4500,10.2400,1738856,17862284.0000,3,0.869965,1,2.050800,0
2013-06-24,sz.000861,10.3900,10.3900,9.4100,9.6300,10.4500,2004355,19888092.0000,3,1.002797,1,-7.846900,0
2013-06-25,sz.000861,9.4200,9.7200,8.7700,9.4900,9.6300,2385540,22148836.0000,3,1.193507,1,-1.453800,0
2013-06-26,sz.000861,9.4800,9.6300,9.2500,9.4500,9.4900,1331851,12523573.0000,3,0.666337,1,-0.421500,0
2013-06-27,sz.000861,9.5000,9.6100,9.1800,9.2100,9.4500,1916160,18070358.0000,3,0.958672,1,-2.539700,0
2013-06-28,sz.000861,9.1700,9.5100,8.7000,9.1900,9.2100,1480923,13732715.0000,3,0.740919,1,-0.217200,0
2013-07-01,sz.000861,9.1700,9.2700,8.9800,9.2100,9.1900,1379918,12553996.0000,3,0.690386,1,0.217600,0
2013-07-02,sz.000861,9.1700,9.4700,9.1200,9.4100,9.2100,1930278,17914634.0000,3,0.965480,1,2.171600,0
2013-07-03,sz.000861,9.3600,9.3600,9.0500,9.2000,9.4100,1582106,14502382.0000,3,0.791332,1,-2.231700,0
2013-07-04,sz.000861,9.1000,9.3900,9.0200,9.2600,9.2000,1731326,16030511.0000,3,0.865969,1,0.652200,0
2013-07-05,sz.000861,9.2800,9.4500,9.2300,9.3000,9.2600,1803272,16869640.0000,3,0.901955,1,0.432000,0
2013-07-08,sz.000861,9.1800,9.1800,8.8300,8.8300,9.3000,1761228,15822100.0000,3,0.880925,1,-5.053800,0
2013-07-09,sz.000861,8.8500,8.9600,8.7800,8.8100,8.8300,1357248,12014908.0000,3,0.678864,1,-0.226500,0
2013-07-10,sz.000861,8.8800,9.1500,8.8300,9.1300,8.8100,1431998,12876093.0000,3,0.716252,1,3.632200,0
2013-07-11,sz.000861,9.1000,9.6200,9.1000,9.3300,9.1300,3772318,35424984.0000,3,1.886825,1,2.190600,0
2013-07-12,sz.000861,9.3600,9.5500,9.2300,9.3400,9.3300,2371172,22279392.0000,3,1.186005,1,0.107200,0
2013-07-15,sz.000861,9.4000,9.5200,9.2700,9.4500,9.3400,2022315,19037614.0000,3,1.011515,1,1.177700,0
2013-07-16,sz.000861,9.4100,9.6100,9.4000,9.5500,9.4500,1983223,18872784.0000,3,0.991962,1,1.058200,0
2013-07-17,sz.000861,9.5100,9.5500,9.3300,9.3500,9.5500,2276308,21464332.0000,3,1.138556,1,-2.094200,0
2013-07-18,sz.000861,9.3100,9.3400,9.1300,9.2100,9.3500,1584513,14606923.0000,3,0.792536,1,-1.497300,0
2013-07-19,sz.000861,9.2000,9.5500,9.1400,9.1700,9.2100,2291323,21224964.0000,3,1.146066,1,-0.434300,0
2013-07-22,sz.000861,9.0900,9.2000,8.9000,9.1700,9.1700,1220944,11111072.0000,3,0.610688,1,0.000000,0
2013-07-23,sz.000861,9.1300,9.3800,9.1000,9.3300,9.1700,1874195,17426778.0000,3,0.937429,1,1.744800,0
2013-07-24,sz.000861,9.3300,9.3900,9.1800,9.3400,9.3300,1364894,12668265.0000,3,0.682688,1,0.107200,0
2013-07-25,sz.000861,9.3800,9.4700,9.1600,9.4000,9.3400,2159443,20133672.0000,3,1.080103,1,0.642400,0
2013-07-26,sz.000861,9.4000,9.4000,9.4000,9.4000,9.4000,0,0.0000,3,,0,0.000000,0
2013-07-29,sz.000861,9.4000,9.4000,9.4000,9.4000,9.4000,0,0.0000,3,,0,0.000000,0
2013-07-30,sz.000861,9.4000,9.4000,9.4000,9.4000,9.4000,0,0.0000,3,,0,0.000000,0
2013-07-31,sz.000861,9.4000,9.4000,9.4000,9.4000,9.4000,0,0.0000,3,,0,0.000000,0
2013-08-01,sz.000861,9.4000,9.4000,9.4000,9.4000,9.4000,0,0.0000,3,,0,0.000000,0
2013-08-02,sz.000861,9.4000,9.4000,9.4000,9.4000,9.4000,0,0.0000,3,,0,0.000000,0
2013-08-05,sz.000861,10.3300,10.3300,9.6000,9.7000,9.4000,6157630,60338096.0000,3,3.079903,1,3.191500,0
2013-08-06,sz.000861,9.5600,9.7000,9.4800,9.6300,9.7000,4276801,40876476.0000,3,2.139156,1,-0.721600,0
2013-08-07,sz.000861,9.5800,9.9000,9.5300,9.7900,9.6300,5202537,50678660.0000,3,2.602187,1,1.661500,0
2013-08-08,sz.000861,9.7100,10.2700,9.5800,10.1100,9.7900,7238722,72277312.0000,3,3.620640,1,3.268600,0
2013-08-09,sz.000861,10.0000,10.3500,9.8200,10.2800,10.1100,5593135,56608628.0000,3,2.797555,1,1.681500,0
2013-08-12,sz.000861,10.3000,10.6100,10.1200,10.3200,10.2800,8481223,88299752.0000,3,4.242110,1,0.389100,0
2013-08-13,sz.000861,10.2400,10.3200,10.1600,10.2400,10.3200,3422711,34963800.0000,3,1.711960,1,-0.775200,0
2013-08-14,sz.000861,10.2800,10.4400,9.9800,10.0200,10.2400,3439139,34975356.0000,3,1.720177,1,-2.148400,0
2013-08-15,sz.000861,9.9800,10.1900,9.9700,10.0100,10.0200,2620993,26448688.0000,3,1.310959,1,-0.099800,0
2013-08-16,sz.000861,9.9700,10.1300,9.8100,9.8100,10.0100,2623977,26062366.0000,3,1.312452,1,-1.998000,0
2013-08-19,sz.000861,9.7800,9.9000,9.7100,9.8600,9.8100,1339112,13155072.0000,3,0.669793,1,0.509700,0
2013-08-20,sz.000861,9.8600,9.9500,9.7800,9.8700,9.8600,1596105,15759975.0000,3,0.798334,1,0.101400,0
2013-08-21,sz.000861,9.8500,9.9700,9.8000,9.9300,9.8700,1325932,13121472.0000,3,0.663200,1,0.607900,0
2013-08-22,sz.000861,9.9300,9.9400,9.7900,9.7900,9.9300,2007149,19816776.0000,3,1.003929,1,-1.409900,0
2013-08-23,sz.000861,9.7900,9.9200,9.5800,9.6900,9.7900,1860076,18125876.0000,3,0.930367,1,-1.021500,0
2013-08-26,sz.000861,9.6900,9.9000,9.6200,9.8800,9.6900,2088551,20441006.0000,3,1.044644,1,1.960800,0
2013-08-27,sz.000861,9.9100,9.9400,9.8000,9.9000,9.8800,1682154,16603463.0000,3,0.841374,1,0.202400,0
2013-08-28,sz.000861,9.8800,9.8800,9.7000,9.7200,9.9000,1859198,18147356.0000,3,0.929927,1,-1.818200,0
2013-08-29,sz.000861,9.7100,9.9300,9.7100,9.8500,9.7200,1522701,14948364.0000,3,0.761619,1,1.337400,0
2013-08-30,sz.000861,9.8600,10.0800,9.8000,9.9900,9.8500,3269654,32567446.0000,3,1.635405,1,1.421300,0
2013-09-02,sz.000861,10.4800,10.9900,10.2100,10.4300,9.9900,7799637,82178784.0000,3,3.901196,1,4.404400,0
2013-09-03,sz.000861,10.4000,10.8500,10.2200,10.6600,10.4300,7095603,75266408.0000,3,3.549055,1,2.205200,0
2013-09-04,sz.000861,10.4900,10.6000,10.3100,10.3600,10.6600,3899207,40605972.0000,3,1.950292,1,-2.814300,0
2013-09-05,sz.000861,10.3800,10.6400,10.2100,10.2200,10.3600,3128170,32469750.0000,3,1.564638,1,-1.351400,0
2013-09-06,sz.000861,10.1200,10.3400,10.1100,10.3000,10.2200,1869530,19143628.0000,3,0.935095,1,0.782800,0
2013-09-09,sz.000861,10.3200,10.6800,10.2500,10.6000,10.3000,5552911,58408184.0000,3,2.777436,1,2.912600,0
2013-09-10,sz.000861,10.5500,10.6000,10.4100,10.5000,10.6000,3993456,41875744.0000,3,1.997433,1,-0.943400,0
2013-09-11,sz.000861,10.5200,11.4500,10.4000,11.2600,10.5000,12508609,138055927.0000,3,6.256514,1,7.238100,0
2013-09-12,sz.000861,11.1000,12.0000,10.9900,11.6400,11.2600,15267281,175098027.0000,3,7.636337,1,3.374800,0
2013-09-13,sz.000861,11.5000,11.7000,11.2000,11.3400,11.6400,5915576,67352750.0000,3,2.958833,1,-2.577300,0
2013-09-16,sz.000861,11.3000,11.4700,11.1500,11.2500,11.3400,3999978,45155540.0000,3,2.000696,1,-0.793700,0
2013-09-17,sz.000861,11.2500,11.3000,10.5000,10.6000,11.2500,5990305,65061786.0000,3,2.996211,1,-5.777800,0
2013-09-18,sz.000861,10.5400,10.7800,10.4700,10.7200,10.6000,2094568,22320616.0000,3,1.047654,1,1.132100,0
2013-09-23,sz.000861,10.7200,10.8500,10.6500,10.8200,10.7200,2819002,30337602.0000,3,1.409999,1,0.932800,0
2013-09-24,sz.000861,10.8800,10.8800,10.6000,10.7000,10.8200,2456731,26221694.0000,3,1.228799,1,-1.109100,0
2013-09-25,sz.000861,10.6800,11.2000,10.6000,11.1100,10.7000,5540470,60598708.0000,3,2.771214,1,3.831800,0
2013-09-26,sz.000861,11.1800,11.2000,10.7400,10.7400,11.1100,3344340,36523042.0000,3,1.672761,1,-3.330300,0
2013-09-27,sz.000861,10.7400,10.8700,10.2500,10.2900,10.7400,3742744,39065824.0000,3,1.872033,1,-4.189900,0
2013-09-30,sz.000861,10.3300,10.3900,10.1700,10.3100,10.2900,1555056,15991156.0000,3,0.777803,1,0.194400,0
2013-10-08,sz.000861,10.3100,10.6300,10.2200,10.5000,10.3100,1843260,19331982.0000,3,0.921956,1,1.842900,0
2013-10-09,sz.000861,10.5800,10.8200,10.4000,10.7300,10.5000,2702827,28759411.0000,3,1.351891,1,2.190500,0
2013-10-10,sz.000861,10.7500,11.0400,10.6500,10.8200,10.7300,3306119,35902596.0000,3,1.653644,1,0.838800,0
2013-10-11,sz.000861,10.8500,11.0200,10.8100,10.9300,10.8200,2294430,25102976.0000,3,1.147620,1,1.016600,0
2013-10-14,sz.000861,10.8800,11.1800,10.8800,11.1300,10.9300,2613986,28957695.0000,3,1.307455,1,1.829800,0
2013-10-15,sz.000861,11.0500,11.1300,10.8400,10.9100,11.1300,2122689,23193349.0000,3,1.061719,1,-1.976600,0
2013-10-16,sz.000861,10.9100,10.9100,10.3600,10.4200,10.9100,2438859,25783487.0000,3,1.219860,1,-4.491300,0
2013-10-17,sz.000861,10.4300,10.6400,10.4000,10.4600,10.4200,1680710,17677112.0000,3,0.840652,1,0.383900,0
2013-10-18,sz.000861,10.4600,10.5500,10.3800,10.5500,10.4600,1174137,12284254.0000,3,0.587276,1,0.860400,0
2013-10-21,sz.000861,10.6000,10.6800,10.4300,10.6800,10.5500,1755928,18544398.0000,3,0.878274,1,1.232200,0
2013-10-22,sz.000861,10.8100,11.0400,10.7600,10.8000,10.6800,2811629,30568501.0000,3,1.406311,1,1.123600,0
2013-10-23,sz.000861,10.8100,10.9200,10.4900,10.5300,10.8000,2001871,21412795.0000,3,1.001289,1,-2.500000,0
2013-10-24,sz.000861,10.5000,10.5300,10.3700,10.3700,10.5300,1438510,14986558.0000,3,0.719509,1,-1.519500,0
2013-10-25,sz.000861,10.3800,10.5400,10.2300,10.2700,10.3700,1083979,11213856.0000,3,0.542181,1,-0.964300,0
2013-10-28,sz.000861,10.2700,10.2700,9.7100,9.8000,10.2700,3066085,30219594.0000,3,1.533584,1,-4.576400,0
2013-10-29,sz.000861,9.7700,9.8700,9.1900,9.4700,9.8000,1742549,16565769.0000,3,0.871582,1,-3.367300,0
2013-10-30,sz.000861,9.4700,9.7400,9.0000,9.5100,9.4700,1800315,17050407.0000,3,0.900476,1,0.422400,0
2013-10-31,sz.000861,9.5200,9.5500,9.3300,9.4400,9.5100,1175443,11083066.0000,3,0.587929,1,-0.736100,0
2013-11-01,sz.000861,9.4300,9.4700,9.3500,9.4300,9.4400,874717,8230091.0000,3,0.437513,1,-0.105900,0
2013-11-04,sz.000861,9.4300,9.5700,9.4200,9.4700,9.4300,697026,6610887.0000,3,0.348636,1,0.424200,0
2013-11-05,sz.000861,9.4700,9.7000,9.4100,9.6700,9.4700,1622323,15517588.0000,3,0.811448,1,2.111900,0
2013-11-06,sz.000861,9.6300,9.6500,9.5300,9.6000,9.6700,1283918,12307994.0000,3,0.642186,1,-0.723900,0
2013-11-07,sz.000861,9.6700,9.7800,9.5600,9.7100,9.6000,1670084,16176139.0000,3,0.835337,1,1.145800,0
2013-11-08,sz.000861,9.6200,9.7400,9.5600,9.7300,9.7100,1252139,12108128.0000,3,0.626291,1,0.206000,0
2013-11-11,sz.000861,9.7000,9.7900,9.0100,9.7700,9.7300,1125769,10752501.0000,3,0.563083,1,0.411100,0
2013-11-12,sz.000861,9.7700,9.9700,9.7500,9.8500,9.7700,1164491,11463604.0000,3,0.582451,1,0.818800,0
2013-11-13,sz.000861,9.8600,10.3300,9.3500,10.2600,9.8500,5147459,52235201.0000,3,2.574639,1,4.162400,0
2013-11-14,sz.000861,10.2000,10.3400,10.0900,10.2400,10.2600,2112713,21586335.0000,3,1.056730,1,-0.194900,0
2013-11-15,sz.000861,10.1800,10.4100,10.1100,10.3700,10.2400,3119383,32180536.0000,3,1.560243,1,1.269500,0
2013-11-18,sz.000861,10.3900,10.9000,10.3800,10.4800,10.3700,2671771,28003154.0000,3,1.336357,1,1.060800,0
2013-11-19,sz.000861,10.4600,10.4800,10.2100,10.4300,10.4800,2410537,24921207.0000,3,1.205694,1,-0.477100,0
2013-11-20,sz.000861,10.4300,10.6800,10.2200,10.5900,10.4300,4848096,50687866.0000,3,2.424904,1,1.534000,0
2013-11-21,sz.000861,10.5500,10.6800,10.3100,10.6100,10.5900,3216026,33950898.0000,3,1.608581,1,0.188900,0
2013-11-22,sz.000861,10.5700,10.5800,10.4900,10.5500,10.6100,1352318,14238808.0000,3,0.676398,1,-0.565500,0
2013-11-25,sz.000861,10.5800,10.5900,10.4600,10.5000,10.5500,975696,10263440.0000,3,0.488020,1,-0.473900,0
2013-11-26,sz.000861,10.4900,10.6100,10.4100,10.4600,10.5000,1386699,14591474.0000,3,0.693594,1,-0.381000,0
2013-11-27,sz.000861,10.4600,10.5500,10.4300,10.4600,10.4600,1256361,13164600.0000,3,0.628402,1,0.000000,0
2013-11-28,sz.000861,10.4400,10.5800,10.4400,10.5000,10.4600,2282350,24046254.0000,3,1.141578,1,0.382400,0
2013-11-29,sz.000861,10.5000,10.5600,10.4800,10.5200,10.5000,1662958,17470458.0000,3,0.831773,1,0.190500,0
2013-12-02,sz.000861,10.4500,10.4800,9.8200,9.9500,10.5200,2380420,24211249.0000,3,1.190630,1,-5.418300,0
2013-12-03,sz.000861,9.9900,10.1500,9.8500,10.1000,9.9500,903861,9094177.0000,3,0.452090,1,1.507500,0
2013-12-04,sz.000861,10.0700,10.2700,10.0600,10.1500,10.1000,1297944,13227040.0000,3,0.649201,1,0.495000,0
2013-12-05,sz.000861,10.1600,10.1800,10.0400,10.0800,10.1500,962417,9728612.0000,3,0.481379,1,-0.689700,0
2013-12-06,sz.000861,10.0300,10.1200,10.0300,10.0500,10.0800,724391,7296173.0000,3,0.362323,1,-0.297600,0
2013-12-09,sz.000861,10.0400,10.1000,9.9100,9.9900,10.0500,1431350,14304118.0000,3,0.715928,1,-0.597000,0
2013-12-10,sz.000861,9.9900,10.1500,9.9000,10.1200,9.9900,1592722,15963878.0000,3,0.796642,1,1.301300,0
2013-12-11,sz.000861,10.3500,11.0700,10.3500,10.6100,10.1200,10458865,111491367.0000,3,5.231280,1,4.841900,0
2013-12-12,sz.000861,10.5400,10.8200,10.4900,10.5300,10.6100,5944720,63364338.0000,3,2.973410,1,-0.754000,0
2013-12-13,sz.000861,10.5000,11.2400,10.3900,11.2000,10.5300,12428248,136246961.0000,3,6.216319,1,6.362800,0
2013-12-16,sz.000861,11.2000,11.3000,10.8900,10.9600,11.2000,6955317,76918425.0000,3,3.478887,1,-2.142900,0
2013-12-17,sz.000861,10.9600,11.0700,10.5200,10.6900,10.9600,4066505,43683753.0000,3,2.033971,1,-2.463500,0
2013-12-18,sz.000861,10.6200,10.8100,10.5500,10.7600,10.6900,2282127,24385876.0000,3,1.141467,1,0.654800,0
2013-12-19,sz.000861,10.8300,10.8800,10.5500,10.5500,10.7600,1888540,20227388.0000,3,0.944604,1,-1.951700,0
2013-12-20,sz.000861,10.6600,10.6800,10.3600,10.4000,10.5500,1840129,19270586.0000,3,0.920390,1,-1.421800,0
2013-12-23,sz.000861,10.4200,10.9200,10.4000,10.8600,10.4000,3593244,38633363.0000,3,1.797257,1,4.423100,0
2013-12-24,sz.000861,11.0100,11.1700,10.6800,10.8100,10.8600,3644966,39835199.0000,3,1.823127,1,-0.460400,0
2013-12-25,sz.000861,10.7100,10.7900,10.4600,10.7700,10.8100,3172642,33663299.0000,3,1.586881,1,-0.370000,0
2013-12-26,sz.000861,10.7100,10.8000,10.4500,10.4500,10.7700,1771473,18741831.0000,3,0.886049,1,-2.971200,0
2013-12-27,sz.000861,10.4500,10.6400,10.4200,10.5700,10.4500,1410885,14869149.0000,3,0.705692,1,1.148300,0
2013-12-30,sz.000861,10.5800,10.8300,10.5100,10.7700,10.5700,2810430,30112613.0000,3,1.405711,1,1.892100,0
2013-12-31,sz.000861,10.7500,10.8500,10.6500,10.7600,10.7700,1952593,21030525.0000,3,0.976641,1,-0.092900,0
2014-01-02,sz.000861,10.8000,11.0300,10.5800,10.9300,10.7600,3732552,40669112.0000,3,1.866935,1,1.579900,0
2014-01-03,sz.000861,10.9300,11.1500,10.7200,10.8600,10.9300,2411127,26299106.0000,3,1.205989,1,-0.640400,0
2014-01-06,sz.000861,10.8400,10.8400,10.4600,10.5300,10.8600,2010819,21339675.0000,3,1.005765,1,-3.038700,0
2014-01-07,sz.000861,10.5000,10.6000,10.2000,10.2500,10.5300,1634883,17006324.0000,3,0.817730,1,-2.659100,0
2014-01-08,sz.000861,10.2000,10.2900,9.8200,9.9600,10.2500,2963413,29730853.0000,3,1.482230,1,-2.829300,0
2014-01-09,sz.000861,9.9500,10.1000,9.8500,9.9000,9.9600,1268801,12636373.0000,3,0.634625,1,-0.602400,0
2014-01-10,sz.000861,9.8500,9.9000,9.5300,9.5600,9.9000,1396895,13478768.0000,3,0.698694,1,-3.434300,0
2014-01-13,sz.000861,9.5400,9.6200,9.1000,9.2900,9.5600,2444615,22739046.0000,3,1.222739,1,-2.824300,0
2014-01-14,sz.000861,9.2900,9.7500,9.2000,9.7300,9.2900,1850464,17401856.0000,3,0.925559,1,4.736300,0
2014-01-15,sz.000861,9.7300,10.1400,9.5700,9.7100,9.7300,1794176,17558548.0000,3,0.897405,1,-0.205500,0
2014-01-16,sz.000861,9.8500,9.8500,9.6100,9.6800,9.7100,1001244,9693112.0000,3,0.500799,1,-0.309000,0
2014-01-17,sz.000861,9.6700,9.6700,9.1200,9.5800,9.6800,1514562,14276602.0000,3,0.757549,1,-1.033100,0
2014-01-20,sz.000861,9.5500,9.7100,9.3100,9.5800,9.5800,742364,7034656.0000,3,0.371313,1,0.000000,0
2014-01-21,sz.000861,9.5800,9.6800,9.5100,9.6000,9.5800,1062791,10194274.0000,3,0.531583,1,0.208800,0
2014-01-22,sz.000861,9.6700,9.9300,9.5300,9.9100,9.6000,1916257,18710587.0000,3,0.958467,1,3.229200,0
2014-01-23,sz.000861,9.9000,9.9300,9.7800,9.8700,9.9100,1339380,13189450.0000,3,0.669927,1,-0.403600,0
2014-01-24,sz.000861,9.8300,10.0700,9.8300,10.0700,9.8700,1927086,19244598.0000,3,0.963883,1,2.026300,0
2014-01-27,sz.000861,10.5500,10.5500,10.0900,10.1800,10.0700,2164789,22071721.0000,3,1.082777,1,1.092400,0
2014-01-28,sz.000861,10.2100,10.2400,9.9700,10.0700,10.1800,1105801,11100141.0000,3,0.553096,1,-1.080600,0
2014-01-29,sz.000861,10.0000,10.2900,9.9700,10.2400,10.0700,2308849,23442304.0000,3,1.154832,1,1.688200,0
2014-01-30,sz.000861,10.2500,10.4600,10.0100,10.3300,10.2400,3252534,33453648.0000,3,1.626842,1,0.878900,0
2014-02-07,sz.000861,10.3800,10.6900,10.3500,10.4900,10.3300,2825035,29642747.0000,3,1.413017,1,1.548900,0
2014-02-10,sz.000861,10.4500,10.8400,10.4400,10.6000,10.4900,4281168,45332894.0000,3,2.141340,1,1.048600,0
2014-02-11,sz.000861,10.7800,10.7800,10.3900,10.5800,10.6000,3889687,41181217.0000,3,1.945531,1,-0.188700,0
2014-02-12,sz.000861,10.6400,11.4900,10.6400,11.2200,10.5800,9227510,103179729.0000,3,4.615385,1,6.049100,0
2014-02-13,sz.000861,11.3000,11.3300,10.8600,10.9000,11.2200,7424256,82617530.0000,3,3.713439,1,-2.852000,0
2014-02-14,sz.000861,11.0100,11.5600,11.0100,11.5000,10.9000,10672560,121194058.0000,3,5.338165,1,5.504600,0
2014-02-17,sz.000861,11.5000,11.6900,11.2800,11.4700,11.5000,7713736,88109046.0000,3,3.858231,1,-0.260900,0
2014-02-18,sz.000861,11.4100,11.5900,11.2900,11.4900,11.4700,7134780,81497554.0000,3,3.568650,1,0.174400,0
2014-02-19,sz.000861,11.4600,11.8900,11.1900,11.2700,11.4900,7212339,81948371.0000,3,3.607444,1,-1.914700,0
2014-02-20,sz.000861,11.2300,11.4000,11.0100,11.1000,11.2700,4703696,52458204.0000,3,2.352679,1,-1.508400,0
2014-02-21,sz.000861,11.0100,11.2400,10.9300,11.1000,11.1000,3594051,39839691.0000,3,1.797660,1,0.000000,0
2014-02-24,sz.000861,11.0900,11.2000,10.7100,10.7300,11.1000,3926063,42695550.0000,3,1.963725,1,-3.333300,0
2014-02-25,sz.000861,10.6900,10.8600,9.6600,9.8000,10.7300,4510442,46767226.0000,3,2.256018,1,-8.667300,0
2014-02-26,sz.000861,9.7700,10.4100,9.7600,10.0300,9.8000,3361108,33506698.0000,3,1.681148,1,2.346900,0
2014-02-27,sz.000861,10.0600,10.3200,10.0300,10.2600,10.0300,4013864,40857483.0000,3,2.007641,1,2.293100,0
2014-02-28,sz.000861,10.2000,10.2000,9.9400,10.1200,10.2600,1744846,17555494.0000,3,0.872731,1,-1.364500,0
2014-03-03,sz.000861,10.0800,10.1100,9.9100,10.0000,10.1200,3587959,35921742.0000,3,1.794613,1,-1.185800,0
2014-03-04,sz.000861,10.0100,10.0800,9.6600,9.8600,10.0000,4825994,47226673.0000,3,2.413849,1,-1.400000,0
2014-03-05,sz.000861,9.9000,9.9600,9.8100,9.9100,9.8600,2641604,26127948.0000,3,1.321269,1,0.507100,0
2014-03-06,sz.000861,9.9000,10.1500,9.8500,10.1000,9.9100,2397238,24014168.0000,3,1.199042,1,1.917300,0
2014-03-07,sz.000861,10.1100,10.1500,9.9700,10.0000,10.1000,2193741,22060777.0000,3,1.097258,1,-0.990100,0
2014-03-10,sz.000861,10.0000,10.0500,9.5200,9.5700,10.0000,2056740,20029020.0000,3,1.028733,1,-4.300000,0
2014-03-11,sz.000861,9.5500,9.6900,9.4000,9.5200,9.5700,2098955,19966048.0000,3,1.049848,1,-0.522500,0
2014-03-12,sz.000861,9.4400,9.6500,9.4000,9.5700,9.5200,1417193,13513636.0000,3,0.708847,1,0.525200,0
2014-03-13,sz.000861,9.4900,9.8100,9.1100,9.7800,9.5700,2724220,25957439.0000,3,1.362591,1,2.194400,0
2014-03-14,sz.000861,9.7000,9.8700,9.6600,9.6900,9.7800,1543610,15038370.0000,3,0.772078,1,-0.920200,0
2014-03-17,sz.000861,9.6600,9.8700,9.6600,9.8500,9.6900,961442,9424001.0000,3,0.480891,1,1.651200,0
2014-03-18,sz.000861,9.8400,10.2100,9.8400,10.0000,9.8500,2881674,29048883.0000,3,1.441346,1,1.522800,0
2014-03-19,sz.000861,9.9600,10.0000,9.5300,9.8200,10.0000,2325835,22600379.0000,3,1.163328,1,-1.800000,0
2014-03-20,sz.000861,9.8800,9.9600,9.6200,9.6200,9.8200,1779993,17390930.0000,3,0.890311,1,-2.036700,0
2014-03-21,sz.000861,9.6200,9.8500,9.5500,9.8200,9.6200,2660533,25999412.0000,3,1.330736,1,2.079000,0
2014-03-24,sz.000861,9.8200,10.1400,9.7500,9.9700,9.8200,3182066,31562171.0000,3,1.591595,1,1.527500,0
2014-03-25,sz.000861,9.9800,10.0600,9.8700,9.9900,9.9700,2198819,21898576.0000,3,1.099798,1,0.200600,0
2014-03-26,sz.000861,9.9800,10.0100,9.8600,9.8900,9.9900,1197787,11875811.0000,3,0.599105,1,-1.001000,0
2014-03-27,sz.000861,9.8600,9.8900,9.7300,9.7400,9.8900,1377428,13479038.0000,3,0.688957,1,-1.516700,0
2014-03-28,sz.000861,9.7400,9.7400,9.5600,9.6000,9.7400,1321855,12738816.0000,3,0.661161,1,-1.437400,0
2014-03-31,sz.000861,9.6000,9.7200,9.5000,9.5300,9.6000,1351335,12949097.0000,3,0.675906,1,-0.729200,0
2014-04-01,sz.000861,9.6000,9.7500,9.5000,9.7500,9.5300,1229661,11860093.0000,3,0.615048,1,2.308500,0
2014-04-02,sz.000861,9.7500,9.9800,9.7000,9.8800,9.7500,2243875,22206577.0000,3,1.122334,1,1.333300,0
2014-04-03,sz.000861,9.9500,9.9500,9.7800,9.8500,9.8800,1725055,16959446.0000,3,0.862832,1,-0.303600,0
2014-04-04,sz.000861,9.9900,9.9900,9.8300,9.9000,9.8500,1743409,17281397.0000,3,0.872012,1,0.507600,0
2014-04-08,sz.000861,9.8500,9.9900,9.7900,9.9400,9.9000,2178671,21570567.0000,3,1.089720,1,0.404000,0
2014-04-09,sz.000861,9.9400,10.0300,9.8600,9.9800,9.9400,2050626,20401226.0000,3,1.025675,1,0.402400,0
2014-04-10,sz.000861,9.9900,10.0100,9.9400,9.9900,9.9800,1888816,18837244.0000,3,0.944742,1,0.100200,0
2014-04-11,sz.000861,9.9900,10.0500,9.6400,10.0000,9.9900,2458710,24421522.0000,3,1.229789,1,0.100100,0
2014-04-14,sz.000861,10.0300,10.0300,9.9100,10.0000,10.0000,1677212,16735065.0000,3,0.838902,1,0.000000,0
2014-04-15,sz.000861,9.9900,10.0400,9.9200,9.9300,10.0000,1533500,15259744.0000,3,0.767021,1,-0.700000,0
2014-04-16,sz.000861,9.8600,9.9600,9.8000,9.8200,9.9300,1397639,13766426.0000,3,0.699066,1,-1.107800,0
2014-04-17,sz.000861,9.8900,9.8900,9.7700,9.8100,9.8200,1338187,13131925.0000,3,0.669330,1,-0.101800,0
2014-04-18,sz.000861,9.8100,9.8500,9.7200,9.8300,9.8100,1483852,14563957.0000,3,0.742188,1,0.203900,0
2014-04-21,sz.000861,9.7700,10.2600,9.7000,9.7100,9.8300,1984657,19517606.0000,3,0.992679,1,-1.220800,0
2014-04-22,sz.000861,9.6200,9.7400,9.4800,9.5900,9.7100,1534626,14664353.0000,3,0.767584,1,-1.235800,0
2014-04-23,sz.000861,9.6000,9.6500,9.5200,9.6200,9.5900,881215,8445880.0000,3,0.440763,1,0.312800,0
2014-04-24,sz.000861,9.6500,9.6700,9.5800,9.6300,9.6200,753313,7254556.0000,3,0.376790,1,0.104000,0
2014-04-25,sz.000861,9.6700,9.6700,9.4000,9.4200,9.6300,2456761,23520557.0000,3,1.228814,1,-2.180700,0
2014-04-28,sz.000861,9.3500,9.3800,8.9000,8.9000,9.4200,2051025,18574967.0000,3,1.025875,1,-5.520200,0
2014-04-29,sz.000861,8.9100,9.0400,8.8500,8.9600,8.8600,1367360,12251414.0000,3,0.683922,1,1.128700,0
2014-04-30,sz.000861,9.0500,9.0900,8.9300,9.0400,8.9600,1181260,10642907.0000,3,0.590839,1,0.892900,0
2014-05-05,sz.000861,9.0400,9.2700,8.9900,9.1200,9.0400,1516887,13892460.0000,3,0.758711,1,0.885000,0
2014-05-06,sz.000861,9.2400,9.2900,9.1300,9.2000,9.1200,1142191,10527938.0000,3,0.571297,1,0.877200,0
2014-05-07,sz.000861,9.2800,9.2800,9.0400,9.0500,9.2000,796744,7273658.0000,3,0.398513,1,-1.630400,0
2014-05-08,sz.000861,9.0500,9.1600,8.9300,9.0000,9.0500,1336482,12089150.0000,3,0.668477,1,-0.552500,0
2014-05-09,sz.000861,8.9100,9.0100,8.8700,8.9500,9.0000,1117683,9983942.0000,3,0.559039,1,-0.555600,0
2014-05-12,sz.000861,9.0400,9.1500,8.9300,9.1000,8.9500,1547118,14061125.0000,3,0.773832,1,1.676000,0
2014-05-13,sz.000861,9.0900,9.1800,9.0500,9.0900,9.1000,1141721,10407250.0000,3,0.571062,1,-0.109900,0
2014-05-14,sz.000861,9.1300,9.1500,9.0200,9.0700,9.0900,718256,6517415.0000,3,0.359255,1,-0.220000,0
2014-05-15,sz.000861,9.0800,9.0800,8.8700,8.9200,9.0700,981679,8814619.0000,3,0.491013,1,-1.653800,0
2014-05-16,sz.000861,8.9200,8.9500,8.7900,8.8600,8.9200,862925,7633163.0000,3,0.431615,1,-0.672700,0
2014-05-19,sz.000861,8.8100,8.9100,8.6900,8.9100,8.8600,1147704,10054469.0000,3,0.574055,1,0.564300,0
2014-05-20,sz.000861,8.9000,9.1700,8.8200,8.9000,8.9100,833300,7520857.0000,3,0.416797,1,-0.112200,0
2014-05-21,sz.000861,8.9000,8.9800,8.7200,8.9500,8.9000,936064,8291922.0000,3,0.468197,1,0.561800,0
2014-05-22,sz.000861,8.9100,9.0600,8.9100,8.9600,8.9500,877493,7886305.0000,3,0.438902,1,0.111700,0
2014-05-23,sz.000861,8.9600,9.0400,8.9100,8.9900,8.9600,430867,3872721.0000,3,0.215510,1,0.334800,0
2014-05-26,sz.000861,9.0000,9.0700,8.9200,9.0700,8.9900,976195,8774743.0000,3,0.488270,1,0.889900,0
2014-05-27,sz.000861,9.1500,9.2700,9.0400,9.0800,9.0700,1539064,14110709.0000,3,0.769804,1,0.110300,0
2014-05-28,sz.000861,9.0800,9.1100,8.9500,9.1100,9.0800,1205217,10890624.0000,3,0.602821,1,0.330400,0
2014-05-29,sz.000861,9.0800,9.1300,9.0000,9.0000,9.1100,1177447,10664462.0000,3,0.588931,1,-1.207500,0
2014-05-30,sz.000861,8.9300,9.0600,8.9200,9.0100,9.0000,831010,7476699.0000,3,0.415652,1,0.111100,0
2014-06-03,sz.000861,9.0500,9.1400,8.8100,9.0400,9.0100,1796447,16153300.0000,3,0.898541,1,0.333000,0
2014-06-04,sz.000861,9.0900,9.1800,8.9500,9.1500,9.0400,1217963,11071211.0000,3,0.609197,1,1.216800,0
2014-06-05,sz.000861,9.1600,9.5400,9.0200,9.3500,9.1500,4115256,38202624.0000,3,2.058355,1,2.185800,0
2014-06-06,sz.000861,9.3500,9.5600,9.1800,9.5100,9.3500,3848694,36193430.0000,3,1.925027,1,1.711200,0
2014-06-09,sz.000861,9.5200,9.5400,9.4100,9.4300,9.5100,1691966,16044712.0000,3,0.846282,1,-0.841200,0
2014-06-10,sz.000861,9.4800,9.5300,9.3800,9.4500,9.4300,979499,9247606.0000,3,0.489923,1,0.212100,0
2014-06-11,sz.000861,9.4500,9.6700,9.3300,9.6500,9.4500,1874135,17796780.0000,3,0.937399,1,2.116400,0
2014-06-12,sz.000861,9.5900,9.7300,9.5300,9.6000,9.6500,1324370,12768981.0000,3,0.662419,1,-0.518100,0
2014-06-13,sz.000861,9.5800,9.6500,9.4600,9.5800,9.6000,1300550,12422455.0000,3,0.650505,1,-0.208300,0
2014-06-16,sz.000861,9.5900,9.6000,9.4200,9.5600,9.5800,1438129,13649505.0000,3,0.719319,1,-0.208800,0
2014-06-17,sz.000861,9.5800,9.6200,9.5100,9.5400,9.5600,1214348,11613704.0000,3,0.607389,1,-0.209200,0
2014-06-18,sz.000861,9.5800,9.5800,9.4100,9.4500,9.5400,1011197,9571692.0000,3,0.505777,1,-0.943400,0
2014-06-19,sz.000861,9.4800,9.5000,9.2500,9.3100,9.4500,1023047,9601313.0000,3,0.511704,1,-1.481500,0
2014-06-20,sz.000861,9.3200,9.3700,9.2800,9.3100,9.3100,685127,6380727.0000,3,0.342685,1,0.000000,0
2014-06-23,sz.000861,9.2900,9.7200,9.2900,9.5800,9.3100,1970981,18919356.0000,3,0.985839,1,2.900100,0
2014-06-24,sz.000861,9.6000,9.6800,9.5100,9.6300,9.5800,800511,7697295.0000,3,0.400397,1,0.521900,0
2014-06-25,sz.000861,9.6300,9.6300,9.3200,9.5000,9.6300,710473,6755488.0000,3,0.355362,1,-1.349900,0
2014-06-26,sz.000861,9.4500,9.6400,9.4200,9.5500,9.5000,760169,7278915.0000,3,0.380219,1,0.526300,0
2014-06-27,sz.000861,9.4800,9.6200,9.4800,9.5700,9.5500,915519,8760335.0000,3,0.457921,1,0.209400,0
2014-06-30,sz.000861,9.5700,9.6500,9.5500,9.5900,9.5700,1065002,10221035.0000,3,0.532689,1,0.209000,0
2014-07-01,sz.000861,10.1300,10.5500,10.1000,10.5500,9.5900,6599640,69254548.0000,3,3.300986,1,10.010400,0
2014-07-02,sz.000861,11.0000,11.0000,10.4600,10.6200,10.5500,14654106,156332805.0000,3,7.329642,1,0.663500,0
2014-07-03,sz.000861,10.5000,10.5400,10.3600,10.3900,10.6200,7276680,75926781.0000,3,3.639625,1,-2.165700,0
2014-07-04,sz.000861,10.4900,10.6200,10.4100,10.4800,10.3900,6004870,63166442.0000,3,3.003496,1,0.866200,0
2014-07-07,sz.000861,10.4700,10.4800,10.2400,10.3700,10.4800,3651437,37743576.0000,3,1.826363,1,-1.049600,0
2014-07-08,sz.000861,10.3600,10.6400,10.2100,10.5400,10.3700,3582533,37570107.0000,3,1.791899,1,1.639300,0
2014-07-09,sz.000861,10.5100,10.6600,10.2800,10.2800,10.5400,2652996,27773302.0000,3,1.326967,1,-2.466800,0
2014-07-10,sz.000861,10.2900,10.5200,10.2700,10.4700,10.2800,1927330,20086703.0000,3,0.964005,1,1.848300,0
2014-07-11,sz.000861,10.4200,10.6400,10.4100,10.4600,10.4700,2076767,21841029.0000,3,1.038750,1,-0.095500,0
2014-07-14,sz.000861,10.5100,10.5800,10.4200,10.5200,10.4600,2195339,23075093.0000,3,1.098057,1,0.573600,0
2014-07-15,sz.000861,10.5700,10.6300,10.4800,10.5400,10.5200,2374391,25041912.0000,3,1.187615,1,0.190100,0
2014-07-16,sz.000861,10.5700,10.5900,10.2600,10.3300,10.5400,2465478,25651291.0000,3,1.233175,1,-1.992400,0
2014-07-17,sz.000861,10.3200,10.3700,10.2300,10.2600,10.3300,1623930,16677658.0000,3,0.812252,1,-0.677600,0
2014-07-18,sz.000861,10.3000,10.4000,10.2200,10.2200,10.2600,2060838,21270293.0000,3,1.030783,1,-0.389900,0
2014-07-21,sz.000861,10.2400,10.3700,10.2000,10.3000,10.2200,1757798,18089476.0000,3,0.879210,1,0.782800,0
2014-07-22,sz.000861,10.3000,10.4200,10.2700,10.4200,10.3000,2127090,22031195.0000,3,1.063921,1,1.165000,0
2014-07-23,sz.000861,10.4200,10.4700,10.2000,10.2800,10.4200,2234516,23120941.0000,3,1.117653,1,-1.343600,0
2014-07-24,sz.000861,10.3700,10.6600,10.3500,10.5000,10.2800,5660874,59758013.0000,3,2.831437,1,2.140100,0
2014-07-25,sz.000861,10.5600,10.7500,10.4500,10.6700,10.5000,4412392,47011039.0000,3,2.206975,1,1.619000,0
2014-07-28,sz.000861,10.7600,10.9800,10.6700,10.7700,10.6700,4617440,49751372.0000,3,2.309536,1,0.937200,0
2014-07-29,sz.000861,10.7800,10.8000,10.6100,10.8000,10.7700,3429228,36825315.0000,3,1.715220,1,0.278500,0
2014-07-30,sz.000861,10.8200,10.9400,10.7100,10.8300,10.8000,3114196,33745749.0000,3,1.557648,1,0.277800,0
2014-07-31,sz.000861,10.8000,11.1000,10.7800,11.0100,10.8300,5096673,55890575.0000,3,2.549237,1,1.662100,0
2014-08-01,sz.000861,10.9800,11.1500,10.8300,10.8300,11.0100,3477881,38151447.0000,3,1.739555,1,-1.634900,0
2014-08-04,sz.000861,10.8600,11.0100,10.8200,10.9700,10.8300,3817942,41665292.0000,3,1.909645,1,1.292700,0
2014-08-05,sz.000861,10.9900,10.9900,10.8200,10.9000,10.9700,2601964,28301334.0000,3,1.301442,1,-0.638100,0
2014-08-06,sz.000861,10.8600,11.0200,10.8000,10.9500,10.9000,1960071,21392542.0000,3,0.980382,1,0.458700,0
2014-08-07,sz.000861,10.9000,11.0000,10.7700,10.7800,10.9500,2189814,23791716.0000,3,1.095294,1,-1.552500,0
2014-08-08,sz.000861,10.8000,10.8400,10.7300,10.7600,10.7800,1627700,17550860.0000,3,0.814138,1,-0.185500,0
2014-08-11,sz.000861,10.8000,11.0200,10.7600,10.9900,10.7600,3556778,38759714.0000,3,1.779017,1,2.137500,0
2014-08-12,sz.000861,11.0000,11.6200,10.9400,11.4800,10.9900,10358402,117187585.0000,3,5.181031,1,4.458600,0
2014-08-13,sz.000861,11.4500,11.6100,11.2900,11.5600,11.4800,5722271,65749374.0000,3,2.862146,1,0.696900,0
2014-08-14,sz.000861,11.5600,11.5900,11.3500,11.3500,11.5600,3116634,35759970.0000,3,1.558868,1,-1.816600,0
2014-08-15,sz.000861,11.4000,11.7300,11.3000,11.4500,11.3500,4307132,49845556.0000,3,2.154327,1,0.881100,0
2014-08-18,sz.000861,11.5100,11.7200,11.5000,11.6800,11.4500,3546503,41337747.0000,3,1.773878,1,2.008700,0
2014-08-19,sz.000861,11.6500,11.6600,11.5000,11.6400,11.6800,3306229,38259769.0000,3,1.653699,1,-0.342500,0
2014-08-20,sz.000861,11.6200,11.7700,11.5300,11.7000,11.6400,3438185,40136932.0000,3,1.719700,1,0.515500,0
2014-08-21,sz.000861,11.7700,11.7700,11.4800,11.6800,11.7000,3692172,42892417.0000,3,1.846738,1,-0.170900,0
2014-08-22,sz.000861,11.7200,11.8400,11.6500,11.8100,11.6800,3318608,38993450.0000,3,1.659890,1,1.113000,0
2014-08-25,sz.000861,11.8300,11.9500,11.5700,11.6500,11.8100,4060533,47554968.0000,3,2.030984,1,-1.354800,0
2014-08-26,sz.000861,11.6900,11.7500,11.3600,11.4800,11.6500,3707879,42745981.0000,3,1.854594,1,-1.459200,0
2014-08-27,sz.000861,11.4800,11.4900,11.2700,11.4000,11.4800,5239973,59595793.0000,3,2.620912,1,-0.696900,0
2014-08-28,sz.000861,11.4200,11.5800,11.3200,11.4500,11.4000,2900897,33199945.0000,3,1.450961,1,0.438600,0
2014-08-29,sz.000861,11.4300,11.6200,11.4300,11.5900,11.4500,2418398,27982024.0000,3,1.209626,1,1.222700,0
2014-09-01,sz.000861,11.6000,11.7200,11.5100,11.6700,11.5900,2899857,33683419.0000,3,1.450441,1,0.690200,0
2014-09-02,sz.000861,11.7200,11.8200,11.6100,11.7900,11.6700,4918797,57537932.0000,3,2.460267,1,1.028300,0
2014-09-03,sz.000861,11.8200,11.8400,11.7500,11.8000,11.7900,3979024,46899453.0000,3,1.990215,1,0.084800,0
2014-09-04,sz.000861,11.8100,12.1900,11.7700,12.0800,11.8000,6551586,79203076.0000,3,3.276950,1,2.372900,0
2014-09-05,sz.000861,12.2500,12.3200,12.0300,12.2200,12.0800,4212974,51220854.0000,3,2.107231,1,1.158900,0
2014-09-09,sz.000861,12.3400,12.7400,12.1700,12.6600,12.2200,7006119,87232761.0000,3,3.504297,1,3.600700,0
2014-09-10,sz.000861,12.5800,13.1400,12.5000,12.8000,12.6600,6702234,86183107.0000,3,3.352301,1,1.105800,0
2014-09-11,sz.000861,12.8100,13.0500,12.5100,12.7200,12.8000,5862794,74900618.0000,3,2.932433,1,-0.625000,0
2014-09-12,sz.000861,12.7200,12.9900,12.6500,12.9900,12.7200,4785685,61270241.0000,3,2.393688,1,2.122600,0
2014-09-15,sz.000861,13.0900,13.9100,13.0900,13.7400,12.9900,9857911,133136127.0000,3,4.930697,1,5.773700,0
2014-09-16,sz.000861,13.7500,14.0000,13.1500,13.1700,13.7400,10575598,144679328.0000,3,5.289667,1,-4.148500,0
2014-09-17,sz.000861,13.2500,13.7300,13.2500,13.5700,13.1700,6770878,91137182.0000,3,3.386635,1,3.037200,0
2014-09-18,sz.000861,13.2000,13.4700,13.2000,13.3300,13.5700,4343301,57904681.0000,3,2.172418,1,-1.768600,0
2014-09-19,sz.000861,13.5000,13.6700,13.3700,13.5000,13.3300,6963869,94095455.0000,3,3.483165,1,1.275300,0
2014-09-22,sz.000861,13.4800,13.4800,13.0100,13.1400,13.5000,5720888,75636620.0000,3,2.861455,1,-2.666700,0
2014-09-23,sz.000861,13.2500,13.2900,13.0000,13.1600,13.1400,5912454,77823114.0000,3,2.957271,1,0.152200,0
2014-09-24,sz.000861,6.5700,6.6800,6.4400,6.5700,6.5800,14944184,98028761.0000,3,3.737366,1,-0.152000,0
2014-09-25,sz.000861,6.5500,7.1400,6.5500,6.8900,6.5700,27815774,191772781.0000,3,6.956400,1,4.870600,0
2014-09-26,sz.000861,6.9000,6.9200,6.6800,6.7900,6.8900,12954424,87663218.0000,3,3.239750,1,-1.451400,0
2014-09-29,sz.000861,7.0700,7.1300,6.8900,6.9900,6.7900,23508928,164185706.0000,3,5.879308,1,2.945500,0
2014-09-30,sz.000861,7.0500,7.6900,7.0100,7.5900,6.9900,34063543,255481253.0000,3,8.518894,1,8.583700,0
2014-10-08,sz.000861,7.6300,7.9000,7.4600,7.9000,7.5900,28498745,218109018.0000,3,7.127203,1,4.084300,0
2014-10-09,sz.000861,7.9100,8.6400,7.7500,8.5400,7.9000,37371775,308166368.0000,3,9.346244,1,8.101300,0
2014-10-10,sz.000861,8.5400,9.3000,8.2700,8.9800,8.5400,40707217,363171216.0000,3,10.180400,1,5.152200,0
2014-10-13,sz.000861,8.9200,9.2800,8.7800,8.8300,8.9800,35362075,318068848.0000,3,8.843642,1,-1.670400,0
2014-10-14,sz.000861,8.8000,8.8300,8.3600,8.5000,8.8300,28241898,242228998.0000,3,7.062969,1,-3.737300,0
2014-10-15,sz.000861,8.5000,8.6300,8.3200,8.4700,8.5000,17322648,146588780.0000,3,4.332192,1,-0.352900,0
2014-10-16,sz.000861,8.4100,8.4600,8.1100,8.1600,8.4700,18043937,149961665.0000,3,4.512578,1,-3.660000,0
2014-10-17,sz.000861,8.1100,8.2700,7.7000,7.9200,8.1600,19296626,154387800.0000,3,4.825861,1,-2.941200,0
2014-10-20,sz.000861,7.9700,8.6400,7.8900,8.5700,7.9200,20057705,164775353.0000,3,5.016198,1,8.207100,0
2014-10-21,sz.000861,8.5000,8.8300,8.3500,8.3900,8.5700,20732588,178561105.0000,3,5.184978,1,-2.100300,0
2014-10-22,sz.000861,8.3700,8.5900,8.2500,8.5200,8.3900,14272881,119804923.0000,3,3.569481,1,1.549500,0
2014-10-23,sz.000861,8.4000,8.4700,8.1000,8.1100,8.5200,10538588,87049890.0000,3,2.635578,1,-4.812200,0
2014-10-24,sz.000861,7.9600,8.1000,7.8000,7.9200,8.1100,11321631,89884639.0000,3,2.831408,1,-2.342800,0
2014-10-27,sz.000861,7.9000,8.0700,7.8000,7.9300,7.9200,5311440,42164693.0000,3,1.328329,1,0.126300,0
2014-10-28,sz.000861,7.9700,8.4900,7.9700,8.4100,7.9300,13672108,113377417.0000,3,3.419235,1,6.053000,0
2014-10-29,sz.000861,8.5000,8.7500,8.4300,8.6100,8.4100,20894017,180068361.0000,3,5.225350,1,2.378100,0
2014-10-30,sz.000861,8.6200,8.8300,8.5000,8.6000,8.6100,17708741,153737790.0000,3,4.428749,1,-0.116100,0
2014-10-31,sz.000861,8.5800,8.6800,8.3500,8.4600,8.6000,13099193,111257297.0000,3,3.275955,1,-1.627900,0
2014-11-03,sz.000861,8.5000,8.5600,8.4000,8.4500,8.4600,9358510,79157469.0000,3,2.340454,1,-0.118200,0
2014-11-04,sz.000861,8.4500,8.4700,8.1600,8.2900,8.4500,11689865,96895995.0000,3,2.923499,1,-1.893500,0
2014-11-05,sz.000861,8.2700,8.3500,8.1200,8.2900,8.2900,6840226,56506033.0000,3,1.710661,1,0.000000,0
2014-11-06,sz.000861,8.3200,8.3400,8.1600,8.2300,8.2900,5521319,45384826.0000,3,1.380817,1,-0.723800,0
2014-11-07,sz.000861,8.2300,8.2400,8.0100,8.0400,8.2300,10800941,87670721.0000,3,2.701189,1,-2.308600,0
2014-11-10,sz.000861,8.0800,8.2000,8.0800,8.1700,8.0400,5878295,47862329.0000,3,1.470093,1,1.616900,0
2014-11-11,sz.000861,8.2000,8.2100,7.6200,7.7900,8.1700,12765462,100768158.0000,3,3.192493,1,-4.651200,0
2014-11-12,sz.000861,7.7900,8.0900,7.6600,7.9700,7.7900,6228333,49558896.0000,3,1.557633,1,2.310700,0
2014-11-13,sz.000861,8.0300,8.0900,7.7800,7.8100,7.9700,6459817,50942083.0000,3,1.615525,1,-2.007500,0
2014-11-14,sz.000861,7.7800,7.9500,7.7300,7.8800,7.8100,4509027,35411471.0000,3,1.127655,1,0.896300,0
2014-11-17,sz.000861,7.9300,8.0100,7.8100,7.9100,7.8800,3740057,29647678.0000,3,0.935345,1,0.380700,0
2014-11-18,sz.000861,7.9000,7.9400,7.8200,7.8800,7.9100,3697398,29128101.0000,3,0.924676,1,-0.379300,0
2014-11-19,sz.000861,7.8600,7.8800,7.6800,7.8000,7.8800,5706402,44402454.0000,3,1.427104,1,-1.015200,0
2014-11-20,sz.000861,7.8000,7.8600,7.7300,7.8400,7.8000,4190153,32658609.0000,3,1.047908,1,0.512800,0
2014-11-21,sz.000861,7.8600,8.4000,7.8000,8.3700,7.8400,20130869,165507488.0000,3,5.034495,1,6.760200,0
2014-11-24,sz.000861,8.6000,8.7600,8.3800,8.5600,8.3700,24680109,212045887.0000,3,6.172207,1,2.270000,0
2014-11-25,sz.000861,8.7000,9.1800,8.7000,8.9000,8.5600,28014962,249904176.0000,3,7.006215,1,3.972000,0
2014-11-26,sz.000861,8.9000,8.9000,8.7000,8.8300,8.9000,14760799,129596173.0000,3,3.691503,1,-0.786500,0
2014-11-27,sz.000861,8.8000,8.8000,8.4600,8.5500,8.8300,24289322,208233103.0000,3,6.074476,1,-3.171000,0
2014-11-28,sz.000861,8.5200,8.9200,8.3900,8.8400,8.5500,21742638,190268648.0000,3,2.595346,1,3.391800,0
2014-12-01,sz.000861,8.8400,9.0700,8.6400,8.6600,8.8400,16289359,144723421.0000,3,1.944406,1,-2.036200,0
2014-12-02,sz.000861,8.7700,9.0800,8.7300,8.8400,8.6600,21662825,192302206.0000,3,2.585819,1,2.078500,0
2014-12-03,sz.000861,8.9900,9.7200,8.8400,9.7200,8.8400,42427664,393664336.0000,3,5.064447,1,9.954800,0
2014-12-04,sz.000861,9.7400,10.4700,9.5900,10.3200,9.7200,37424793,377124048.0000,3,4.467272,1,6.172800,0
2014-12-05,sz.000861,10.3500,10.5900,9.6600,9.7600,10.3200,28801010,287207152.0000,3,3.437880,1,-5.426400,0
2014-12-08,sz.000861,9.7400,10.0500,9.2400,9.7000,9.7600,23009207,221500487.0000,3,2.746532,1,-0.614800,0
2014-12-09,sz.000861,9.7100,9.7100,8.7300,8.8100,9.7000,26431740,243881863.0000,3,3.155068,1,-9.175300,0
2014-12-10,sz.000861,8.8000,9.4300,8.7000,9.1800,8.8100,13963266,127771706.0000,3,1.666748,1,4.199800,0
2014-12-11,sz.000861,9.1900,9.5700,9.1000,9.3800,9.1800,10078232,94214719.0000,3,1.203005,1,2.178600,0
2014-12-12,sz.000861,9.3800,10.0200,9.3800,9.7000,9.3800,14452343,140924999.0000,3,1.725128,1,3.411500,0
2014-12-15,sz.000861,9.7000,10.0200,9.3700,9.9000,9.7000,15738523,154848320.0000,3,1.878655,1,2.061900,0
2014-12-16,sz.000861,9.8800,9.9900,9.5400,9.6400,9.9000,12304000,119058235.0000,3,1.468687,1,-2.626300,0
2014-12-17,sz.000861,9.7400,10.0000,9.3600,9.5700,9.6400,17901902,173805071.0000,3,2.136890,1,-0.726100,0
2014-12-18,sz.000861,9.7700,9.9400,9.1200,9.3400,9.5700,12716491,120665296.0000,3,1.517925,1,-2.403300,0
2014-12-19,sz.000861,9.3000,9.3000,8.8500,9.0000,9.3400,13752165,124156957.0000,3,1.641550,1,-3.640300,0
2014-12-22,sz.000861,9.0000,9.0700,8.1200,8.2000,9.0000,15665004,131873736.0000,3,1.869879,1,-8.888900,0
2014-12-23,sz.000861,8.1900,8.6800,8.1500,8.2300,8.2000,10411761,87332077.0000,3,1.242817,1,0.365900,0
2014-12-24,sz.000861,8.3500,8.4700,8.2000,8.3000,8.2300,10512848,87594275.0000,3,1.254883,1,0.850600,0
2014-12-25,sz.000861,8.3600,8.4400,8.2900,8.4100,8.3000,6120073,51168953.0000,3,0.730533,1,1.325300,0
2014-12-26,sz.000861,8.4400,8.5300,8.3800,8.5200,8.4100,6657179,56376945.0000,3,0.794645,1,1.308000,0
2014-12-29,sz.000861,8.5200,8.6500,8.0000,8.1300,8.5200,16104410,131524296.0000,3,1.922329,1,-4.577500,0
2014-12-30,sz.000861,8.1000,8.1200,7.7800,7.8200,8.1300,9581965,75360374.0000,3,1.143767,1,-3.813000,0
2014-12-31,sz.000861,7.8600,8.1000,7.7900,8.0300,7.8200,6677445,52683317.0000,3,0.797064,1,2.685400,0
2015-01-05,sz.000861,8.0500,8.0800,7.8300,8.0200,8.0300,9227701,73219689.0000,3,1.101480,1,-0.124500,0
2015-01-06,sz.000861,7.9100,8.1200,7.8300,8.0900,8.0200,8951743,71322773.0000,3,1.068539,1,0.872800,0
2015-01-07,sz.000861,8.1000,8.1900,7.9200,8.0600,8.0900,6937168,55931224.0000,3,0.828066,1,-0.370800,0
2015-01-08,sz.000861,8.0600,8.2500,7.9200,8.1300,8.0600,7724301,62204158.0000,3,0.922024,1,0.868500,0
2015-01-09,sz.000861,8.1000,8.2000,7.9800,7.9900,8.1300,6520301,52723717.0000,3,0.778306,1,-1.722000,0
2015-01-12,sz.000861,7.9000,7.9300,7.4900,7.5900,7.9900,9465482,72276981.0000,3,1.129863,1,-5.006300,0
2015-01-13,sz.000861,7.5900,7.7400,7.4800,7.6700,7.5900,6019257,45672014.0000,3,0.718498,1,1.054000,0
2015-01-14,sz.000861,7.6700,7.6700,7.4400,7.4600,7.6700,6482520,48745880.0000,3,0.773797,1,-2.737900,0
2015-01-15,sz.000861,7.4600,8.2100,7.4600,8.2100,7.4600,14123680,113773192.0000,3,1.685896,1,10.053600,0
2015-01-16,sz.000861,8.5000,8.7600,8.3000,8.5500,8.2100,30326886,257998706.0000,3,3.620018,1,4.141300,0
2015-01-19,sz.000861,8.4900,8.5700,8.0100,8.1800,8.5500,16583662,137724693.0000,3,1.979536,1,-4.327500,0
2015-01-20,sz.000861,8.2300,8.4300,8.1300,8.3800,8.1800,11712671,97312517.0000,3,1.398102,1,2.445000,0
2015-01-21,sz.000861,8.4000,8.9700,8.3500,8.7800,8.3800,20572010,179554936.0000,3,2.455612,1,4.773300,0
2015-01-22,sz.000861,8.7600,8.8500,8.5900,8.7900,8.7800,13790779,120438417.0000,3,1.646159,1,0.113900,0
2015-01-23,sz.000861,8.7400,9.1600,8.5300,8.9200,8.7900,18781913,166341632.0000,3,2.241934,1,1.479000,0
2015-01-26,sz.000861,8.9300,8.9700,8.7700,8.8700,8.9200,10689276,94664065.0000,3,1.275943,1,-0.560500,0
2015-01-27,sz.000861,8.8700,8.9100,8.5500,8.7500,8.8700,11387661,99366300.0000,3,1.359307,1,-1.352900,0
2015-01-28,sz.000861,8.7300,9.6300,8.6800,9.6300,8.7500,47792906,451846192.0000,3,5.704878,1,10.057100,0
2015-01-29,sz.000861,10.0000,10.4500,9.9000,10.1900,9.6300,53880806,546041952.0000,3,6.431570,1,5.815200,0
2015-01-30,sz.000861,10.1200,10.8800,10.0200,10.2700,10.1900,45734232,475047728.0000,3,5.459141,1,0.785100,0
2015-02-02,sz.000861,10.0200,10.7700,9.9900,10.7000,10.2700,38727385,403213184.0000,3,4.622758,1,4.186900,0
2015-02-03,sz.000861,10.5400,10.6100,10.1800,10.4800,10.7000,34006640,353452000.0000,3,4.059258,1,-2.056100,0
2015-02-04,sz.000861,10.4000,10.4700,10.0900,10.3100,10.4800,28659011,293928928.0000,3,3.420930,1,-1.622100,0
2015-02-05,sz.000861,10.2800,10.5200,10.1100,10.2800,10.3100,29159045,301048624.0000,3,3.480617,1,-0.291000,0
2015-02-06,sz.000861,10.1800,10.4700,9.4800,9.6500,10.2800,26129877,258952576.0000,3,3.119035,1,-6.128400,0
2015-02-09,sz.000861,9.6100,9.8500,9.2700,9.7600,9.6500,20347660,193495370.0000,3,2.428832,1,1.139900,0
2015-02-10,sz.000861,10.2000,10.4500,9.7400,10.0700,9.7600,27445533,276107536.0000,3,3.276081,1,3.176200,0
2015-02-11,sz.000861,9.8900,10.8800,9.8100,10.7900,10.0700,33650443,352722512.0000,3,4.016740,1,7.150000,0
2015-02-12,sz.000861,10.6700,10.8700,10.3800,10.4100,10.7900,23005519,244191531.0000,3,2.746091,1,-3.521800,0
2015-02-13,sz.000861,10.6000,11.4500,10.4700,11.4500,10.4100,38263073,424934048.0000,3,4.567334,1,9.990400,0
2015-02-16,sz.000861,11.7200,12.6000,11.6000,12.5300,11.4500,47211021,567537248.0000,3,5.635421,1,9.432300,0
2015-02-17,sz.000861,12.6000,12.6500,12.1300,12.3800,12.5300,26863065,330196048.0000,3,3.206554,1,-1.197100,0
2015-02-25,sz.000861,12.4200,12.4300,11.7500,11.8500,12.3800,17251953,206550433.0000,3,2.059308,1,-4.281100,0
2015-02-26,sz.000861,11.7900,12.1700,11.4500,12.0800,11.8500,21396353,251876879.0000,3,2.554011,1,1.940900,0
2015-02-27,sz.000861,11.8100,12.1600,11.6500,11.9100,12.0800,14780022,175663552.0000,3,1.764241,1,-1.407300,0
2015-03-02,sz.000861,12.0300,13.1000,11.5000,13.1000,11.9100,33079051,409589904.0000,3,3.948535,1,9.991600,0
2015-03-03,sz.000861,13.1100,13.7300,12.6600,12.8200,13.1000,33783709,446112048.0000,3,4.032648,1,-2.137400,0
2015-03-04,sz.000861,12.7500,13.1000,12.7000,12.8900,12.8200,13378555,172038158.0000,3,1.596953,1,0.546000,0
2015-03-05,sz.000861,12.8600,13.5200,12.7500,13.0100,12.8900,14962812,195550112.0000,3,1.786061,1,0.931000,0
2015-03-06,sz.000861,13.0400,13.0900,12.5000,12.6000,13.0100,11753197,149730511.0000,3,1.402940,1,-3.151400,0
2015-03-09,sz.000861,12.5100,12.6900,12.0000,12.4000,12.6000,14040682,172294524.0000,3,1.675989,1,-1.587300,0
2015-03-10,sz.000861,12.4400,13.0800,12.1900,12.4900,12.4000,18196802,230197633.0000,3,2.172091,1,0.725800,0
2015-03-11,sz.000861,12.6700,13.4900,12.6700,13.3000,12.4900,25600593,337556496.0000,3,3.055857,1,6.485200,0
2015-03-12,sz.000861,13.1500,13.2100,12.5100,12.9200,13.3000,17392164,224243057.0000,3,2.076044,1,-2.857100,0
2015-03-13,sz.000861,12.9900,13.0500,12.5000,12.8800,12.9200,15326492,194361942.0000,3,1.829472,1,-0.309600,0
2015-03-16,sz.000861,12.8100,14.1700,12.5000,14.1700,12.8800,33888004,459141168.0000,3,4.045097,1,10.015500,0
2015-03-17,sz.000861,14.2800,15.1600,13.8900,14.5000,14.1700,36606368,532398704.0000,3,4.369579,1,2.328900,0
2015-03-18,sz.000861,14.4000,14.9900,14.1300,14.7900,14.5000,24143581,353160976.0000,3,2.881938,1,2.000000,0
2015-03-19,sz.000861,15.0000,15.6800,14.7000,15.1400,14.7900,24375284,372203824.0000,3,2.909596,1,2.366500,0
2015-03-20,sz.000861,15.3000,16.3800,15.2500,16.0500,15.1400,25971187,408201136.0000,3,3.100093,1,6.010600,0
2015-03-23,sz.000861,16.0600,17.6600,15.8000,17.3800,16.0500,26823210,447465232.0000,3,3.201796,1,8.286600,0
2015-03-24,sz.000861,17.2900,17.3700,16.0000,17.0500,17.3800,25173729,424531536.0000,3,3.004903,1,-1.898700,0
2015-03-25,sz.000861,16.8400,16.9800,16.0000,16.0600,17.0500,40747746,668199808.0000,3,4.863921,1,-5.806500,0
2015-03-26,sz.000861,15.7000,16.2000,14.5000,15.1600,16.0600,47539752,729612160.0000,3,5.674660,1,-5.604000,0
2015-03-27,sz.000861,15.2400,16.1500,14.9000,16.1400,15.1600,38061555,597008464.0000,3,4.543280,1,6.464400,0
2015-03-30,sz.000861,16.3200,17.6000,16.2800,16.5700,16.1400,40964279,692338496.0000,3,4.889768,1,2.664200,0
2015-03-31,sz.000861,16.6200,17.1600,16.1500,16.6100,16.5700,29036914,483269376.0000,3,3.466039,1,0.241400,0
2015-04-01,sz.000861,16.4900,17.0000,16.1900,16.9100,16.6100,30765002,511862416.0000,3,3.672315,1,1.806100,0
2015-04-02,sz.000861,16.9500,18.5000,16.9500,18.3400,16.9100,39404009,697098608.0000,3,4.703524,1,8.456500,0
2015-04-03,sz.000861,18.0000,18.8000,17.8100,18.4200,18.3400,22764195,416171264.0000,3,2.717285,1,0.436200,0
2015-04-07,sz.000861,18.4300,18.7800,17.9000,18.0800,18.4200,24109882,437369872.0000,3,2.877915,1,-1.845800,0
2015-04-08,sz.000861,18.1100,18.2000,16.3000,17.0900,18.0800,32220973,555163488.0000,3,3.846109,1,-5.475700,0
2015-04-09,sz.000861,17.1000,17.2500,16.0200,17.0300,17.0900,20928057,347584912.0000,3,2.498112,1,-0.351100,0
2015-04-10,sz.000861,17.0500,18.7300,17.0500,18.5400,17.0300,44393298,805733456.0000,3,5.299079,1,8.866700,0
2015-04-13,sz.000861,18.5400,19.5000,17.7400,18.9600,18.5400,37689934,699078944.0000,3,4.498921,1,2.265400,0
2015-04-14,sz.000861,19.2000,19.2500,18.3300,18.5700,18.9600,28565236,535088896.0000,3,3.409736,1,-2.057000,0
2015-04-15,sz.000861,18.5000,18.5000,17.2500,17.5200,18.5700,22416749,398893360.0000,3,2.675812,1,-5.654300,0
2015-04-16,sz.000861,17.3100,19.1200,16.8000,18.5900,17.5200,30660761,562084160.0000,3,3.659872,1,6.107300,0
2015-04-17,sz.000861,19.4000,19.6000,17.6800,18.0300,18.5900,40292894,739808528.0000,3,4.809627,1,-3.012400,0
2015-04-20,sz.000861,17.9000,17.9000,16.4000,16.5700,18.0300,40185896,685882016.0000,3,4.796855,1,-8.097600,0
2015-04-21,sz.000861,16.6000,17.3000,16.5300,17.2000,16.5700,21650121,365663120.0000,3,2.584302,1,3.802100,0
2015-04-22,sz.000861,17.4000,17.7700,17.0000,17.4900,17.2000,25762651,451156304.0000,3,3.075201,1,1.686000,0
2015-04-23,sz.000861,17.5600,17.6900,17.0700,17.3300,17.4900,24304743,421378784.0000,3,2.901175,1,-0.914800,0
2015-04-24,sz.000861,17.1700,17.2700,16.6800,16.9300,17.3300,21230157,359131536.0000,3,2.534172,1,-2.308100,0
2015-04-27,sz.000861,17.0000,17.2800,16.6900,16.7900,16.9300,20049990,338824320.0000,3,2.393300,1,-0.826900,0
2015-04-28,sz.000861,16.8000,16.8800,15.5800,15.8000,16.7900,25625596,411246576.0000,3,3.058841,1,-5.896400,0
2015-04-29,sz.000861,15.9000,16.3700,15.8000,16.0800,15.8000,14393638,232844656.0000,3,1.718120,1,1.772200,0
2015-04-30,sz.000861,16.4700,17.2000,16.1300,17.0100,16.0800,24139589,401329888.0000,3,2.881462,1,5.783600,0
2015-05-04,sz.000861,17.2700,17.4200,16.5700,17.0100,17.0100,18602381,316546496.0000,3,2.220504,1,0.000000,0
2015-05-05,sz.000861,16.8800,16.9000,15.8000,15.8800,17.0100,21044465,341725040.0000,3,2.512007,1,-6.643200,0
2015-05-06,sz.000861,15.8000,16.1800,15.4800,15.5000,15.8800,10619951,168500807.0000,3,1.267668,1,-2.392900,0
2015-05-07,sz.000861,15.4000,15.8400,14.8700,15.4800,15.5000,12788981,195079028.0000,3,1.526578,1,-0.129000,0
2015-05-08,sz.000861,15.8000,16.6100,15.8000,16.6100,15.4800,16863399,273311456.0000,3,2.012927,1,7.299700,0
2015-05-11,sz.000861,17.0000,17.1600,16.4700,17.0800,16.6100,24590947,417250640.0000,3,2.935339,1,2.829600,0
2015-05-12,sz.000861,17.5500,18.0000,16.9000,17.2400,17.0800,25294548,438714432.0000,3,3.019325,1,0.936800,0
2015-05-13,sz.000861,17.2200,17.9100,16.8000,17.4400,17.2400,24659899,429149472.0000,3,2.943569,1,1.160100,0
2015-05-14,sz.000861,17.2000,17.4800,16.6100,16.7800,17.4400,30825066,521356928.0000,3,3.679484,1,-3.784400,0
2015-05-15,sz.000861,16.7700,16.7700,16.0100,16.0600,16.7800,19412521,314080992.0000,3,2.317207,1,-4.290800,0
2015-05-18,sz.000861,16.1000,16.3800,15.7700,15.9500,16.0600,18712034,299751024.0000,3,2.233593,1,-0.684900,0
2015-05-19,sz.000861,15.9400,16.4500,15.8100,16.3900,15.9500,17748399,286536352.0000,3,2.118567,1,2.758600,0
2015-05-20,sz.000861,16.4200,16.9800,16.1200,16.5800,16.3900,33932454,565351744.0000,3,4.050403,1,1.159200,0
2015-05-21,sz.000861,16.8000,17.3400,16.4500,17.2000,16.5800,34198170,582595664.0000,3,4.082120,1,3.739500,0
2015-05-22,sz.000861,17.6900,17.8500,16.7200,17.2300,17.2000,36986256,635520960.0000,3,4.414925,1,0.174400,0
2015-05-25,sz.000861,17.1600,18.9000,16.9500,18.5200,17.2300,58316638,1043385248.0000,3,6.961061,1,7.486900,0
2015-05-26,sz.000861,18.5500,19.0800,18.1600,18.9300,18.5200,50490968,942559568.0000,3,6.026937,1,2.213800,0
2015-05-27,sz.000861,18.9300,19.0600,18.0100,18.3200,18.9300,44758268,822645328.0000,3,5.342644,1,-3.222400,0
2015-05-28,sz.000861,18.1000,18.1000,16.4900,16.4900,18.3200,46626225,812638832.0000,3,5.565616,1,-9.989100,0
2015-05-29,sz.000861,16.4500,16.7600,15.3900,16.1000,16.4900,30696064,494700192.0000,3,3.664086,1,-2.365100,0
2015-06-01,sz.000861,16.1000,16.7500,16.1000,16.7400,16.1000,25969947,427182352.0000,3,3.099945,1,3.975200,0
2015-06-02,sz.000861,16.8200,17.4800,16.6000,17.4400,16.7400,29202105,498669568.0000,3,3.485757,1,4.181600,0
2015-06-03,sz.000861,17.5500,18.8000,17.2900,18.8000,17.4400,56836758,1034437760.0000,3,6.784413,1,7.798200,0
2015-06-04,sz.000861,19.0000,19.4900,17.0100,19.4800,18.8000,64013501,1208004544.0000,3,7.641076,1,3.617000,0
2015-06-05,sz.000861,19.9900,21.4300,19.5800,20.7900,19.4800,73008708,1514125616.0000,3,8.714804,1,6.724900,0
2015-06-08,sz.000861,21.3500,21.3700,19.8000,20.8100,20.7900,82959225,1709437184.0000,3,8.472186,1,0.096200,0
2015-06-09,sz.000861,21.2000,21.3400,19.8000,19.9800,20.8100,49359210,1010877104.0000,3,5.040795,1,-3.988500,0
2015-06-10,sz.000861,19.9800,20.0000,19.0000,19.5900,19.9800,65483917,1275694320.0000,3,6.687525,1,-1.951900,0
2015-06-11,sz.000861,20.7000,21.3400,20.3100,20.8900,19.5900,69937368,1460340384.0000,3,7.142333,1,6.636000,0
2015-06-12,sz.000861,21.0000,22.9800,20.6900,22.9800,20.8900,75164849,1651311248.0000,3,7.676188,1,10.004800,0
2015-06-15,sz.000861,25.2800,25.2800,25.2800,25.2800,22.9800,6430682,162567640.0000,3,0.656731,1,10.008700,0
2015-06-16,sz.000861,25.6000,27.7800,25.2800,27.7800,25.2500,134605792,3626350224.0000,3,13.746576,1,10.019800,0
2015-06-17,sz.000861,26.0200,27.8100,25.1200,27.2300,27.7800,76864990,2030915808.0000,3,7.849814,1,-1.979800,0
2015-06-18,sz.000861,27.2000,27.2000,24.5100,24.5500,27.2300,57466200,1487213248.0000,3,5.868718,1,-9.842100,0
2015-06-19,sz.000861,23.4400,24.4900,22.1000,22.1100,24.5500,51045895,1189805056.0000,3,5.213047,1,-9.938900,0
2015-06-23,sz.000861,22.5000,24.3200,21.0000,24.3200,22.1100,65883924,1508888240.0000,3,6.728376,1,9.995500,0
2015-06-24,sz.000861,25.5000,25.7800,23.8000,24.6900,24.3200,76212797,1899734656.0000,3,7.783209,1,1.521400,0
2015-06-25,sz.000861,24.6900,24.8900,22.4300,23.1600,24.6900,60282931,1438597600.0000,3,6.156376,1,-6.196800,0
2015-06-26,sz.000861,22.1100,22.5000,20.8400,20.8400,23.1600,41555772,884326064.0000,3,4.243871,1,-10.017300,0
2015-06-29,sz.000861,21.3700,22.5000,18.7600,20.1900,20.8400,70912022,1455061952.0000,3,7.241869,1,-3.119000,0
2015-06-30,sz.000861,19.6500,21.5500,18.2000,21.4900,20.1900,57339032,1153120368.0000,3,5.855731,1,6.438800,0
2015-07-01,sz.000861,21.0000,21.9900,19.3400,19.3400,21.4900,50991229,1064908592.0000,3,5.207464,1,-10.004700,0
2015-07-02,sz.000861,19.3900,19.6900,17.4100,17.4100,19.3400,39234742,711252432.0000,3,4.006836,1,-9.979300,0
2015-07-03,sz.000861,17.4100,17.4100,17.4100,17.4100,17.4100,0,0.0000,3,,0,0.000000,0
2015-07-06,sz.000861,17.4100,17.4100,17.4100,17.4100,17.4100,0,0.0000,3,,0,0.000000,0
2015-07-07,sz.000861,17.4100,17.4100,17.4100,17.4100,17.4100,0,0.0000,3,,0,0.000000,0
2015-07-08,sz.000861,17.4100,17.4100,17.4100,17.4100,17.4100,0,0.0000,3,,0,0.000000,0
2015-07-09,sz.000861,17.4100,17.4100,17.4100,17.4100,17.4100,0,0.0000,3,,0,0.000000,0
2015-07-10,sz.000861,17.4100,17.4100,17.4100,17.4100,17.4100,0,0.0000,3,,0,0.000000,0
2015-07-13,sz.000861,17.4100,17.4100,17.4100,17.4100,17.4100,0,0.0000,3,,0,0.000000,0
2015-07-14,sz.000861,17.4100,17.4100,17.4100,17.4100,17.4100,0,0.0000,3,,0,0.000000,0
2015-07-15,sz.000861,17.4100,17.4100,17.4100,17.4100,17.4100,0,0.0000,3,,0,0.000000,0
2015-07-16,sz.000861,17.4100,17.4100,17.4100,17.4100,17.4100,0,0.0000,3,,0,0.000000,0
2015-07-17,sz.000861,17.4100,17.4100,17.4100,17.4100,17.4100,0,0.0000,3,,0,0.000000,0
2015-07-20,sz.000861,17.4100,17.4100,17.4100,17.4100,17.4100,0,0.0000,3,,0,0.000000,0
2015-07-21,sz.000861,17.4100,17.4100,17.4100,17.4100,17.4100,0,0.0000,3,,0,0.000000,0
2015-07-22,sz.000861,17.4100,17.4100,17.4100,17.4100,17.4100,0,0.0000,3,,0,0.000000,0
2015-07-23,sz.000861,17.4100,17.4100,17.4100,17.4100,17.4100,0,0.0000,3,,0,0.000000,0
2015-07-24,sz.000861,17.4100,17.4100,17.4100,17.4100,17.4100,0,0.0000,3,,0,0.000000,0
2015-07-27,sz.000861,17.4100,17.4100,17.4100,17.4100,17.4100,0,0.0000,3,,0,0.000000,0
2015-07-28,sz.000861,17.4100,17.4100,17.4100,17.4100,17.4100,0,0.0000,3,,0,0.000000,0
2015-07-29,sz.000861,17.4100,17.4100,17.4100,17.4100,17.4100,0,0.0000,3,,0,0.000000,0
2015-07-30,sz.000861,17.4100,17.4100,17.4100,17.4100,17.4100,0,0.0000,3,,0,0.000000,0
2015-07-31,sz.000861,17.4100,17.4100,17.4100,17.4100,17.4100,0,0.0000,3,,0,0.000000,0
2015-08-03,sz.000861,17.4100,17.4100,17.4100,17.4100,17.4100,0,0.0000,3,,0,0.000000,0
2015-08-04,sz.000861,17.4100,17.4100,17.4100,17.4100,17.4100,0,0.0000,3,,0,0.000000,0
2015-08-05,sz.000861,17.4100,17.4100,17.4100,17.4100,17.4100,0,0.0000,3,,0,0.000000,0
2015-08-06,sz.000861,17.4100,17.4100,17.4100,17.4100,17.4100,0,0.0000,3,,0,0.000000,0
2015-08-07,sz.000861,17.4100,17.4100,17.4100,17.4100,17.4100,0,0.0000,3,,0,0.000000,0
2015-08-10,sz.000861,17.4100,17.4100,17.4100,17.4100,17.4100,0,0.0000,3,,0,0.000000,0
2015-08-11,sz.000861,17.4100,17.4100,17.4100,17.4100,17.4100,0,0.0000,3,,0,0.000000,0
2015-08-12,sz.000861,17.4100,17.4100,17.4100,17.4100,17.4100,0,0.0000,3,,0,0.000000,0
2015-08-13,sz.000861,17.4100,17.4100,17.4100,17.4100,17.4100,0,0.0000,3,,0,0.000000,0
2015-08-14,sz.000861,17.4100,17.4100,17.4100,17.4100,17.4100,0,0.0000,3,,0,0.000000,0
2015-08-17,sz.000861,19.1500,19.1500,17.6300,18.2300,17.4100,75961978,1406477888.0000,3,7.757594,1,4.709900,0
2015-08-18,sz.000861,18.2300,18.3600,16.4100,16.4100,18.2300,44617298,770104784.0000,3,4.556528,1,-9.983500,0
2015-08-19,sz.000861,15.3100,16.8800,14.8100,16.5200,16.4100,38037236,596985488.0000,3,3.884541,1,0.670300,0
2015-08-20,sz.000861,16.4600,18.1700,16.0100,17.4100,16.5200,50363607,874185168.0000,3,5.143368,1,5.387400,0
2015-08-21,sz.000861,16.7800,17.2000,15.6700,15.6800,17.4100,36997251,601551680.0000,3,3.778333,1,-9.936800,0
2015-08-24,sz.000861,14.6700,14.8600,14.1100,14.1100,15.6800,18764280,266738268.0000,3,1.916296,1,-10.012800,0
2015-08-25,sz.000861,12.7000,13.2500,12.7000,12.7000,14.1100,24422400,310872624.0000,3,2.494130,1,-9.992900,0
2015-08-26,sz.000861,12.9600,13.2900,11.5800,12.1200,12.7000,40073653,507918640.0000,3,4.092510,1,-4.566900,0
2015-08-27,sz.000861,12.4000,12.7700,11.6000,12.4300,12.1200,30045232,367163216.0000,3,3.068360,1,2.557800,0
2015-08-28,sz.000861,6.6500,7.0000,6.4000,6.9500,6.4400,70323609,468331536.0000,3,3.779883,1,7.919300,0
2015-08-31,sz.000861,6.8500,6.8500,6.2600,6.2600,6.9500,54477736,352941872.0000,3,2.928170,1,-9.928100,0
2015-09-01,sz.000861,6.0100,6.0100,5.6300,5.6300,6.2600,49171322,281440496.0000,3,2.642951,1,-10.063900,0
2015-09-02,sz.000861,5.1100,5.7700,5.1000,5.1400,5.6300,48120106,257563484.0000,3,2.586448,1,-8.703400,0
2015-09-07,sz.000861,5.3500,5.5900,5.2400,5.3200,5.1400,41727534,225684446.0000,3,2.242848,1,3.502000,0
2015-09-08,sz.000861,5.3200,5.8500,5.1900,5.8300,5.3200,41542270,228874559.0000,3,2.232890,1,9.586500,0
2015-09-09,sz.000861,5.8500,6.2600,5.8500,6.2100,5.8300,65121352,396648176.0000,3,3.500262,1,6.518000,0
2015-09-10,sz.000861,6.0000,6.1700,5.8700,5.9000,6.2100,44013358,266226063.0000,3,2.365711,1,-4.991900,0
2015-09-11,sz.000861,5.9000,6.3000,5.8800,6.1900,5.9000,49117013,298216544.0000,3,2.640032,1,4.915300,0
2015-09-14,sz.000861,6.2700,6.4200,5.5700,5.8300,6.1900,68786940,417003936.0000,3,3.697287,1,-5.815800,0
2015-09-15,sz.000861,5.6400,5.9300,5.2800,5.3700,5.8300,40906609,228687000.0000,3,2.198724,1,-7.890200,0
2015-09-16,sz.000861,5.5000,5.9100,5.4000,5.9100,5.3700,46863555,265523964.0000,3,2.518909,1,10.055900,0
2015-09-17,sz.000861,5.8500,6.1700,5.7200,5.8000,5.9100,59665267,354688736.0000,3,3.206999,1,-1.861200,0
2015-09-18,sz.000861,5.8900,5.9900,5.7400,5.8600,5.8000,29504161,173231656.0000,3,1.585844,1,1.034500,0
2015-09-21,sz.000861,5.7900,6.0900,5.7300,6.0900,5.8600,32929558,195915309.0000,3,1.769959,1,3.924900,0
2015-09-22,sz.000861,6.1000,6.2100,5.9800,6.0300,6.0900,37182965,226141186.0000,3,1.998579,1,-0.985200,0
2015-09-23,sz.000861,5.8500,6.0100,5.7700,5.8000,6.0300,32059966,187948149.0000,3,1.723218,1,-3.814300,0
2015-09-24,sz.000861,5.9500,6.0700,5.8500,6.0500,5.8000,38649962,231706310.0000,3,2.077429,1,4.310300,0
2015-09-25,sz.000861,5.9800,6.0300,5.6900,5.7300,6.0500,30387596,177507091.0000,3,1.633328,1,-5.289300,0
2015-09-28,sz.000861,5.7800,5.8400,5.6300,5.7600,5.7300,13965117,80207815.0000,3,0.750623,1,0.523600,0
2015-09-29,sz.000861,5.6000,5.6600,5.4800,5.5100,5.7600,21697716,120498071.0000,3,1.166249,1,-4.340300,0
2015-09-30,sz.000861,5.5600,5.6200,5.4000,5.4100,5.5100,19494871,106530448.0000,3,1.047846,1,-1.814900,0
2015-10-08,sz.000861,5.6900,5.7300,5.6000,5.6800,5.4100,28965917,164167400.0000,3,1.556913,1,4.990800,0
2015-10-09,sz.000861,5.6800,6.0300,5.6200,5.9600,5.6800,46417684,273620992.0000,3,2.494943,1,4.929600,0
2015-10-12,sz.000861,6.0000,6.3300,5.9400,6.2500,5.9600,65422539,402083184.0000,3,3.516451,1,4.865800,0
2015-10-13,sz.000861,6.1400,6.3700,6.1100,6.3000,6.2500,49054941,304033136.0000,3,2.636695,1,0.800000,0
2015-10-14,sz.000861,6.2600,6.7200,6.1500,6.3500,6.3000,65050600,418419056.0000,3,3.496459,1,0.793600,0
2015-10-15,sz.000861,6.2000,6.6000,6.1900,6.6000,6.3500,64030982,412934768.0000,3,3.441655,1,3.937000,0
2015-10-16,sz.000861,6.6600,6.7500,6.3800,6.6200,6.6000,68190617,448267200.0000,3,3.665235,1,0.303000,0
2015-10-19,sz.000861,6.6500,6.6700,6.3400,6.4300,6.6200,55230716,358384368.0000,3,2.968642,1,-2.870100,0
2015-10-20,sz.000861,6.4600,7.0700,6.4300,7.0700,6.4300,94423148,644605968.0000,3,5.075229,1,9.953300,0
2015-10-21,sz.000861,7.3000,7.5600,6.7800,7.0900,7.0700,198679998,1446363872.0000,3,10.679019,1,0.282900,0
2015-10-22,sz.000861,6.9600,7.8000,6.8200,7.5900,7.0900,134638931,974376336.0000,3,7.236821,1,7.052200,0
2015-10-23,sz.000861,7.5000,7.6700,7.3000,7.5100,7.5900,103615857,774124480.0000,3,5.569336,1,-1.054000,0
2015-10-26,sz.000861,7.6500,7.7300,7.1800,7.2600,7.5100,76933860,568724128.0000,3,4.135183,1,-3.328900,0
2015-10-27,sz.000861,7.1800,7.1900,6.7000,7.1300,7.2600,59293530,414697344.0000,3,3.187018,1,-1.790600,0
2015-10-28,sz.000861,7.0700,7.2000,6.7600,6.8700,7.1300,47304830,330657776.0000,3,2.542627,1,-3.646600,0
2015-10-29,sz.000861,6.9200,7.0200,6.7700,6.8800,6.8700,39723758,274186256.0000,3,2.135146,1,0.145600,0
2015-10-30,sz.000861,6.8800,6.9500,6.6000,6.8000,6.8800,37607033,255451274.0000,3,2.021372,1,-1.162800,0
2015-11-02,sz.000861,6.6900,7.0600,6.6000,6.8800,6.8000,37139183,255899690.0000,3,1.996225,1,1.176500,0
2015-11-03,sz.000861,6.8800,7.0100,6.8100,6.8800,6.8800,27255866,188365493.0000,3,1.464998,1,0.000000,0
2015-11-04,sz.000861,6.8900,7.2200,6.8500,7.2100,6.8800,50922334,360627152.0000,3,2.737067,1,4.796500,0
2015-11-05,sz.000861,7.2100,7.3800,7.0200,7.2000,7.2100,70674099,506252480.0000,3,3.798722,1,-0.138700,0
2015-11-06,sz.000861,7.1600,7.2900,7.1300,7.2700,7.2000,49168763,355795184.0000,3,2.642813,1,0.972200,0
2015-11-09,sz.000861,7.2000,7.2800,7.0300,7.1900,7.2700,56286017,403085040.0000,3,3.025365,1,-1.100400,0
2015-11-10,sz.000861,7.1500,7.4300,7.0900,7.2300,7.1900,60994804,440839376.0000,3,3.278461,1,0.556300,0
2015-11-11,sz.000861,7.2300,7.3700,7.1100,7.2700,7.2300,58471338,422855040.0000,3,3.142825,1,0.553200,0
2015-11-12,sz.000861,7.2500,7.2900,7.0500,7.2000,7.2700,49198332,352792896.0000,3,2.644403,1,-0.962900,0
2015-11-13,sz.000861,7.1200,7.2200,7.0300,7.0600,7.2000,38052850,270403200.0000,3,2.045335,1,-1.944400,0
2015-11-16,sz.000861,6.9000,7.0900,6.8500,7.0900,7.0600,37322930,260522323.0000,3,2.006102,1,0.424900,0
2015-11-17,sz.000861,7.1400,7.4400,7.1000,7.1700,7.0900,79997569,582874224.0000,3,4.299857,1,1.128300,0
2015-11-18,sz.000861,7.1800,7.4100,7.1000,7.2100,7.1700,62834664,455179280.0000,3,3.377353,1,0.557900,0
2015-11-19,sz.000861,7.2500,7.9300,7.2100,7.9300,7.2100,127186872,983239680.0000,3,6.836274,1,9.986100,0
2015-11-20,sz.000861,8.4000,8.7200,8.0900,8.7200,7.9300,195417339,1659692608.0000,3,10.503651,1,9.962200,0
2015-11-23,sz.000861,8.9900,9.0800,8.1800,8.2500,8.7200,177534119,1527900800.0000,3,9.542431,1,-5.389900,0
2015-11-24,sz.000861,8.1000,9.0800,8.0500,9.0800,8.2500,147383395,1271920944.0000,3,7.921834,1,10.060600,0
2015-11-25,sz.000861,9.2900,9.9500,8.9200,9.2000,9.0800,199836270,1875308656.0000,3,10.741168,1,1.321600,0
2015-11-26,sz.000861,9.0800,9.4200,8.8800,9.0200,9.2000,126321580,1149204608.0000,3,6.789765,1,-1.956500,0
2015-11-27,sz.000861,9.0200,9.3800,8.1300,8.2800,9.0200,106637193,938809872.0000,3,5.731604,1,-8.204000,0
2015-11-30,sz.000861,8.4100,8.9600,8.0000,8.9300,8.2800,110129215,943116112.0000,3,5.919296,1,7.850200,0
2015-12-01,sz.000861,8.9500,8.9700,8.4000,8.6400,8.9300,77101738,669724720.0000,3,4.144114,1,-3.247500,0
2015-12-02,sz.000861,8.5000,8.6000,8.0200,8.3500,8.6400,50132188,416105888.0000,3,2.694537,1,-3.356500,0
2015-12-03,sz.000861,8.3600,8.6500,8.3500,8.5200,8.3500,42605614,360563632.0000,3,2.289994,1,2.035900,0
2015-12-04,sz.000861,8.5000,8.6000,8.2900,8.3600,8.5200,47031865,395950544.0000,3,2.527899,1,-1.877900,0
2015-12-07,sz.000861,8.2900,8.9500,8.2900,8.7600,8.3600,69639414,604480880.0000,3,3.743024,1,4.784700,0
2015-12-08,sz.000861,8.5600,8.6500,8.3000,8.3300,8.7600,51477429,433851936.0000,3,2.766842,1,-4.908700,0
2015-12-09,sz.000861,8.2000,8.3600,8.0000,8.0700,8.3300,40541900,330084912.0000,3,2.179072,1,-3.121300,0
2015-12-10,sz.000861,8.0900,8.3700,8.0300,8.2500,8.0700,40541779,332178336.0000,3,2.179066,1,2.230500,0
2015-12-11,sz.000861,8.1500,8.1600,8.0000,8.0800,8.2500,24574433,198626336.0000,3,1.320842,1,-2.060600,0
2015-12-14,sz.000861,8.0100,8.3000,7.9400,8.3000,8.0800,30871059,252117219.0000,3,1.659278,1,2.722800,0
2015-12-15,sz.000861,8.3200,8.4900,8.2600,8.3200,8.3000,35021291,293010016.0000,3,1.882347,1,0.241000,0
2015-12-16,sz.000861,8.4100,8.6000,8.3100,8.3700,8.3200,31271295,264393318.0000,3,1.680790,1,0.601000,0
2015-12-17,sz.000861,8.4000,8.5800,8.3800,8.5100,8.3700,43222624,366240272.0000,3,2.323157,1,1.672600,0
2015-12-18,sz.000861,8.4700,8.5800,8.1700,8.2700,8.5100,43936592,366165680.0000,3,2.361532,1,-2.820200,0
2015-12-21,sz.000861,8.2100,8.2700,8.1600,8.2400,8.2700,28316250,232504858.0000,3,1.521960,1,-0.362800,0
2015-12-22,sz.000861,8.2600,8.4100,8.2300,8.3700,8.2400,30038388,250002991.0000,3,1.614523,1,1.577700,0
2015-12-23,sz.000861,8.3700,8.3700,8.0500,8.0900,8.3700,36760995,301596016.0000,3,1.975854,1,-3.345300,0
2015-12-24,sz.000861,8.1000,8.1800,8.0200,8.1600,8.0900,22003945,178441113.0000,3,1.182682,1,0.865300,0
2015-12-25,sz.000861,8.1700,8.2000,8.0800,8.1200,8.1600,17568791,142688261.0000,3,0.944299,1,-0.490200,0
2015-12-28,sz.000861,8.1500,8.1700,7.8500,7.8800,8.1200,35481390,284581872.0000,3,1.907077,1,-2.955700,0
2015-12-29,sz.000861,7.8000,7.9200,7.6800,7.8300,7.8800,22199149,172642967.0000,3,1.193174,1,-0.634500,0
2015-12-30,sz.000861,7.8200,7.9200,7.8100,7.8700,7.8300,18367413,144249655.0000,3,0.987224,1,0.510900,0
2015-12-31,sz.000861,7.9200,7.9200,7.7100,7.7300,7.8700,16698395,130040789.0000,3,0.897516,1,-1.778900,0
2016-01-04,sz.000861,7.7300,7.8000,6.9600,6.9700,7.7300,21296850,155125546.0000,3,1.144677,1,-9.831800,0
2016-01-05,sz.000861,6.5100,6.9600,6.3100,6.6200,6.9700,33433197,221804762.0000,3,1.796989,1,-5.021500,0
2016-01-06,sz.000861,6.7100,6.7800,6.5100,6.7700,6.6200,22421581,150215932.0000,3,1.205130,1,2.265900,0
2016-01-07,sz.000861,6.6000,6.6400,6.0900,6.0900,6.7700,7142959,45144114.0000,3,0.383924,1,-10.044300,0
2016-01-08,sz.000861,6.2300,6.4700,5.5000,6.1100,6.0900,28752647,175479918.0000,3,1.545416,1,0.328400,0
2016-01-11,sz.000861,6.0000,6.1000,5.5400,5.5500,6.1100,23738181,137995386.0000,3,1.275895,1,-9.165300,0
2016-01-12,sz.000861,5.5500,5.7200,5.3700,5.6000,5.5500,20033671,111868520.0000,3,1.076783,1,0.900900,0
2016-01-13,sz.000861,5.6900,5.7800,5.5000,5.5000,5.6000,19766316,111582440.0000,3,1.062413,1,-1.785700,0
2016-01-14,sz.000861,5.3500,5.7000,5.2600,5.6900,5.5000,18305606,101150233.0000,3,0.983901,1,3.454500,0
2016-01-15,sz.000861,5.6800,5.7200,5.3800,5.4300,5.6900,17845427,99003012.0000,3,0.959167,1,-4.569400,0
2016-01-18,sz.000861,5.3300,5.5500,5.3000,5.4900,5.4300,12451745,68141488.0000,3,0.669264,1,1.105000,0
2016-01-19,sz.000861,5.4900,5.7000,5.4600,5.7000,5.4900,17401306,97336350.0000,3,0.935297,1,3.825100,0
2016-01-20,sz.000861,5.7000,6.0100,5.6500,5.9600,5.7000,39365134,232001327.0000,3,2.115823,1,4.561400,0
2016-01-21,sz.000861,5.8600,5.9500,5.5500,5.5500,5.9600,26805947,155112001.0000,3,1.440783,1,-6.879200,0
2016-01-22,sz.000861,5.6100,5.7000,5.3800,5.5900,5.5500,17378518,96465402.0000,3,0.934072,1,0.720700,0
2016-01-25,sz.000861,5.6300,5.6900,5.5500,5.6000,5.5900,12228521,68825121.0000,3,0.657266,1,0.178900,0
2016-01-26,sz.000861,5.5600,5.5600,5.0400,5.0600,5.6000,19253335,102101185.0000,3,1.034841,1,-9.642900,0
2016-01-27,sz.000861,5.0600,5.1700,4.6400,4.8700,5.0600,23397325,113799356.0000,3,1.257574,1,-3.754900,0
2016-01-28,sz.000861,4.8500,4.8500,4.4600,4.4900,4.8700,14118551,66278059.0000,3,0.758853,1,-7.802900,0
2016-01-29,sz.000861,4.4900,4.7100,4.4900,4.6500,4.4900,13468891,62251464.0000,3,0.723935,1,3.563500,0
2016-02-01,sz.000861,4.6600,4.7000,4.4800,4.5900,4.6500,11445862,52898826.0000,3,0.615200,1,-1.290300,0
2016-02-02,sz.000861,4.6400,4.7800,4.5900,4.7600,4.5900,11457894,54087944.0000,3,0.615846,1,3.703700,0
2016-02-03,sz.000861,4.7800,4.9600,4.7000,4.8800,4.7600,18727699,91108460.0000,3,1.006588,1,2.521000,0
2016-02-04,sz.000861,4.9400,4.9900,4.8800,4.9400,4.8800,14891392,73385502.0000,3,0.800392,1,1.229500,0
2016-02-05,sz.000861,4.9500,5.0600,4.9300,4.9500,4.9400,11244639,55992534.0000,3,0.604384,1,0.202400,0
2016-02-15,sz.000861,4.7500,4.8700,4.6200,4.8500,4.9500,11944729,56972318.0000,3,0.642013,1,-2.020200,0
2016-02-16,sz.000861,4.8900,5.3400,4.8900,5.3400,4.8500,17142783,87999062.0000,3,0.921401,1,10.103100,0
2016-02-17,sz.000861,5.3900,5.6100,5.2800,5.4400,5.3400,36155885,196435937.0000,3,1.943330,1,1.872700,0
2016-02-18,sz.000861,5.6000,5.9800,5.5800,5.9800,5.4400,58667689,341260320.0000,3,3.153309,1,9.926500,0
2016-02-19,sz.000861,6.0300,6.0400,5.6900,5.8700,5.9800,63052194,367443424.0000,3,3.388970,1,-1.839500,0
2016-02-22,sz.000861,5.9000,5.9500,5.7800,5.9000,5.8700,33775756,198214270.0000,3,1.815401,1,0.511100,0
2016-02-23,sz.000861,5.8800,5.8900,5.5500,5.7200,5.9000,28837744,165214408.0000,3,1.549990,1,-3.050900,0
2016-02-24,sz.000861,5.6800,5.7500,5.5700,5.7300,5.7200,22906317,129588238.0000,3,1.231183,1,0.174800,0
2016-02-25,sz.000861,5.7300,5.7300,5.1600,5.1600,5.7300,30146701,162339061.0000,3,1.620344,1,-9.947600,0
2016-02-26,sz.000861,5.1600,5.2500,5.0000,5.1000,5.1600,18766793,96190948.0000,3,1.008690,1,-1.162800,0
2016-02-29,sz.000861,5.1000,5.2000,4.6600,4.8500,5.1000,20202113,98868854.0000,3,1.085836,1,-4.902000,0
2016-03-01,sz.000861,4.9500,5.1500,4.8600,5.1100,4.8500,20429251,102084454.0000,3,1.098045,1,5.360800,0
2016-03-02,sz.000861,5.1200,5.4500,5.0500,5.4000,5.1100,25675609,135740918.0000,3,1.380029,1,5.675100,0
2016-03-03,sz.000861,5.4000,5.9000,5.3600,5.5800,5.4000,45053036,251190931.0000,3,2.421540,1,3.333300,0
2016-03-04,sz.000861,5.5500,5.5500,5.1800,5.3100,5.5800,28193191,151803793.0000,3,1.515346,1,-4.838700,0
2016-03-07,sz.000861,5.3100,5.5300,5.3100,5.4100,5.3100,14799430,80329842.0000,3,0.795449,1,1.883200,0
2016-03-08,sz.000861,5.5600,5.6000,5.2300,5.5400,5.4100,30905271,168177858.0000,3,1.661116,1,2.403000,0
2016-03-09,sz.000861,5.4800,5.4800,5.2500,5.3300,5.5400,16107733,86281162.0000,3,0.865769,1,-3.790600,0
2016-03-10,sz.000861,5.3300,5.4200,5.1800,5.2100,5.3300,11316148,59949854.0000,3,0.608228,1,-2.251400,0
2016-03-11,sz.000861,5.1500,5.2300,5.1000,5.1700,5.2100,9287034,47885974.0000,3,0.499165,1,-0.767800,0
2016-03-14,sz.000861,5.2700,5.4300,5.2500,5.3100,5.1700,14911131,79772905.0000,3,0.801453,1,2.707900,0
2016-03-15,sz.000861,5.3200,5.3400,5.2200,5.2300,5.3100,11350233,59771633.0000,3,0.610060,1,-1.506600,0
2016-03-16,sz.000861,5.3000,5.3100,5.1400,5.1600,5.2300,10051324,52299816.0000,3,0.540245,1,-1.338400,0
2016-03-17,sz.000861,5.1900,5.3400,5.1600,5.3000,5.1600,17718774,93358804.0000,3,0.952360,1,2.713200,0
2016-03-18,sz.000861,5.3300,5.5500,5.3100,5.4900,5.3000,29430206,160572678.0000,3,1.581834,1,3.584900,0
2016-03-21,sz.000861,5.5800,5.6500,5.5200,5.6400,5.4900,29978956,167492402.0000,3,1.611328,1,2.732200,0
2016-03-22,sz.000861,5.6000,5.8700,5.5200,5.6800,5.6400,35047575,199809304.0000,3,1.883760,1,0.709200,0
2016-03-23,sz.000861,5.6400,5.7000,5.5500,5.6700,5.6800,23432658,131865141.0000,3,1.259474,1,-0.176100,0
2016-03-24,sz.000861,5.6200,5.6200,5.4500,5.4500,5.6700,21951642,121589917.0000,3,1.179871,1,-3.880100,0
2016-03-25,sz.000861,5.4600,5.5800,5.4400,5.5400,5.4500,14212291,78364802.0000,3,0.763891,1,1.651400,0
2016-03-28,sz.000861,5.6000,5.8400,5.5800,5.6500,5.5400,35408867,201963061.0000,3,1.903179,1,1.985600,0
2016-03-29,sz.000861,5.6000,5.6400,5.4200,5.4900,5.6500,17791829,98338676.0000,3,0.956287,1,-2.831900,0
2016-03-30,sz.000861,5.5300,5.7100,5.5300,5.6900,5.4900,21436842,120721464.0000,3,1.152201,1,3.643000,0
2016-03-31,sz.000861,5.6900,5.8200,5.6500,5.6900,5.6900,24298611,139359293.0000,3,1.306017,1,0.000000,0
2016-04-01,sz.000861,5.6900,5.6900,5.5000,5.6200,5.6900,16438023,91706046.0000,3,0.883521,1,-1.230200,0
2016-04-05,sz.000861,5.6100,5.8100,5.5700,5.7600,5.6200,26361993,150840518.0000,3,1.416921,1,2.491100,0
2016-04-06,sz.000861,5.7300,6.3400,5.7000,6.3400,5.7600,39925463,247764919.0000,3,2.145939,1,10.069400,0
2016-04-07,sz.000861,6.5000,6.7500,6.4500,6.4700,6.3400,112519671,740488416.0000,3,6.047780,1,2.050500,0
2016-04-08,sz.000861,6.3400,6.5000,6.1000,6.2000,6.4700,76964527,478814240.0000,3,4.136739,1,-4.173100,0
2016-04-11,sz.000861,6.2200,6.3800,6.1600,6.2200,6.2000,46406184,290537424.0000,3,2.494269,1,0.322600,0
2016-04-12,sz.000861,6.2000,6.3100,6.0200,6.1000,6.2200,30438551,185994761.0000,3,1.636031,1,-1.929300,0
2016-04-13,sz.000861,6.1500,6.2400,6.1100,6.1500,6.1000,30931503,191184416.0000,3,1.662526,1,0.819700,0
2016-04-14,sz.000861,6.2000,6.2400,6.0900,6.1800,6.1500,23003230,141437558.0000,3,1.236392,1,0.487800,0
2016-04-15,sz.000861,6.1700,6.2500,6.0700,6.2000,6.1800,31217101,192412788.0000,3,1.677877,1,0.323600,0
2016-04-18,sz.000861,6.1000,6.1400,6.0600,6.0800,6.2000,16154968,98294318.0000,3,0.868308,1,-1.935500,0
2016-04-19,sz.000861,6.1100,6.1300,6.0300,6.0800,6.0800,12790101,77642601.0000,3,0.687451,1,0.000000,0
2016-04-20,sz.000861,6.1000,6.1200,5.5400,5.6300,6.0800,35143872,203252082.0000,3,1.888935,1,-7.401300,0
2016-04-21,sz.000861,5.6400,5.8000,5.5700,5.6500,5.6300,18956463,107369949.0000,3,1.018884,1,0.355200,0
2016-04-22,sz.000861,5.6000,5.9100,5.6000,5.8400,5.6500,31775016,184392996.0000,3,1.707864,1,3.362800,0
2016-04-25,sz.000861,5.8000,5.8000,5.6400,5.7700,5.8400,13312683,76332033.0000,3,0.715539,1,-1.198600,0
2016-04-26,sz.000861,5.8000,5.8300,5.6600,5.7800,5.7700,10408828,59929163.0000,3,0.559460,1,0.173300,0
2016-04-27,sz.000861,5.7100,5.7900,5.6200,5.6500,5.7800,18464158,105148754.0000,3,0.992423,1,-2.249100,0
2016-04-28,sz.000861,5.6400,5.6400,5.2700,5.5000,5.6500,23458736,128599056.0000,3,1.260875,1,-2.654900,0
2016-04-29,sz.000861,5.4700,5.7500,5.3500,5.5700,5.5000,20238824,112676676.0000,3,1.087809,1,1.272700,0
2016-05-03,sz.000861,5.5800,5.7600,5.5100,5.7200,5.5700,17303981,98299129.0000,3,0.930066,1,2.693000,0
2016-05-04,sz.000861,5.7000,5.7500,5.6600,5.6900,5.7200,13376909,76276610.0000,3,0.718991,1,-0.524500,0
2016-05-05,sz.000861,5.7000,5.7400,5.6800,5.7300,5.6900,10207954,58318947.0000,3,0.548664,1,0.703000,0
2016-05-06,sz.000861,5.7300,5.7500,5.4600,5.4800,5.7300,18648884,104046158.0000,3,1.002352,1,-4.363000,0
2016-05-09,sz.000861,5.4200,5.4200,5.0300,5.1500,5.4800,19269585,100755276.0000,3,1.035714,1,-6.021900,0
2016-05-10,sz.000861,5.1500,5.1900,5.1000,5.1500,5.1500,7316443,37659207.0000,3,0.393249,1,0.000000,0
2016-05-11,sz.000861,5.1800,5.2100,5.1000,5.1100,5.1500,7243115,37308853.0000,3,0.389308,1,-0.776700,0
2016-05-12,sz.000861,5.0900,5.0900,4.8800,5.0500,5.1100,9810232,48981329.0000,3,0.527287,1,-1.174200,0
2016-05-13,sz.000861,5.0500,5.1300,5.0000,5.0300,5.0500,7087511,35856618.0000,3,0.380944,1,-0.396000,0
2016-05-16,sz.000861,5.0000,5.1000,4.9800,5.0900,5.0300,7971559,40272407.0000,3,0.428460,1,1.192800,0
2016-05-17,sz.000861,5.1200,5.1300,5.0400,5.0700,5.0900,6991794,35543529.0000,3,0.375799,1,-0.392900,0
2016-05-18,sz.000861,5.0600,5.0600,4.8700,4.9600,5.0700,10647227,53000439.0000,3,0.572274,1,-2.169600,0
2016-05-19,sz.000861,4.9500,5.0900,4.9500,5.0100,4.9600,9358456,47184277.0000,3,0.503004,1,1.008100,0
2016-05-20,sz.000861,4.9400,5.0400,4.9100,5.0300,5.0100,6594536,32921619.0000,3,0.354447,1,0.399200,0
2016-05-23,sz.000861,5.0300,5.1200,5.0200,5.0600,5.0300,10152106,51526386.0000,3,0.545662,1,0.596400,0
2016-05-24,sz.000861,5.0600,5.0700,4.9600,4.9900,5.0600,7778377,38905243.0000,3,0.418077,1,-1.383400,0
2016-05-25,sz.000861,5.0300,5.0900,4.9800,4.9900,4.9900,7188716,36118397.0000,3,0.386384,1,0.000000,0
2016-05-26,sz.000861,4.9900,5.0200,4.9000,5.0100,4.9900,7530840,37328517.0000,3,0.404772,1,0.400800,0
2016-05-27,sz.000861,5.0200,5.0400,4.9600,4.9900,5.0100,7421628,37159870.0000,3,0.398902,1,-0.399200,0
2016-05-30,sz.000861,4.9900,5.0100,4.9300,4.9700,4.9900,5046049,25075014.0000,3,0.271218,1,-0.400800,0
2016-05-31,sz.000861,4.9500,5.1900,4.9500,5.1700,4.9700,18218499,92863787.0000,3,0.979220,1,4.024200,0
2016-06-01,sz.000861,5.1700,5.2200,5.1400,5.1500,5.1700,13736027,71024755.0000,3,0.738293,1,-0.386800,0
2016-06-02,sz.000861,5.1400,5.2600,5.1200,5.2500,5.1500,15843085,82037208.0000,3,0.851544,1,1.941700,0
2016-06-03,sz.000861,5.2500,5.3100,5.2100,5.2500,5.2500,16758858,88099209.0000,3,0.900766,1,0.000000,0
2016-06-06,sz.000861,5.3900,5.4100,5.2300,5.2700,5.2500,16557384,87671438.0000,3,0.889937,1,0.381000,0
2016-06-07,sz.000861,5.2900,5.2900,5.1400,5.2400,5.2700,16096914,83512345.0000,3,0.865187,1,-0.569300,0
2016-06-08,sz.000861,5.1300,5.1600,5.0600,5.1200,5.2400,19358788,98967745.0000,3,1.040509,1,-2.290100,0
2016-06-13,sz.000861,5.0000,5.0900,4.9300,4.9300,5.1200,12734599,63862329.0000,3,0.684467,1,-3.710900,0
2016-06-14,sz.000861,4.9300,4.9800,4.9000,4.9400,4.9300,9202182,45427774.0000,3,0.494605,1,0.202800,0
2016-06-15,sz.000861,4.8900,5.0800,4.8700,5.0400,4.9400,13315272,66609918.0000,3,0.715678,1,2.024300,0
2016-06-16,sz.000861,5.0000,5.0400,4.9200,4.9500,5.0400,10866130,54204122.0000,3,0.584040,1,-1.785700,0
2016-06-17,sz.000861,4.9500,5.0200,4.9500,4.9800,4.9500,8598573,42826925.0000,3,0.462162,1,0.606100,0
2016-06-20,sz.000861,4.9900,5.0200,4.9000,4.9500,4.9800,7859010,38788881.0000,3,0.422411,1,-0.602400,0
2016-06-21,sz.000861,4.9800,5.0200,4.9200,4.9400,4.9500,8207896,40777757.0000,3,0.441163,1,-0.202000,0
2016-06-22,sz.000861,4.9500,5.1100,4.9400,5.0000,4.9400,10030244,50132863.0000,3,0.539112,1,1.214600,0
2016-06-23,sz.000861,5.0100,5.0300,4.9400,4.9600,5.0000,7780471,38599649.0000,3,0.418190,1,-0.800000,0
2016-06-24,sz.000861,4.9600,4.9800,4.7000,4.8700,4.9600,16949595,82666672.0000,3,0.911018,1,-1.814500,0
2016-06-27,sz.000861,4.8100,4.9100,4.8000,4.8900,4.8700,10571020,51594498.0000,3,0.568178,1,0.410700,0
2016-06-28,sz.000861,4.8900,4.9400,4.8500,4.9300,4.8900,13914620,68193197.0000,3,0.747892,1,0.818000,0
2016-06-29,sz.000861,4.9300,4.9900,4.9300,4.9700,4.9300,11137835,55262099.0000,3,0.598644,1,0.811400,0
2016-06-30,sz.000861,4.9800,5.0000,4.9200,4.9400,4.9700,9604825,47478060.0000,3,0.545328,1,-0.603600,0
2016-07-01,sz.000861,4.9300,5.0600,4.9300,5.0100,4.9400,17835253,89269845.0000,3,1.012622,1,1.417000,0
2016-07-04,sz.000861,4.9600,5.1000,4.9500,5.0900,5.0100,17404379,87944097.0000,3,0.988158,1,1.596800,0
2016-07-05,sz.000861,5.0700,5.2900,5.0500,5.1100,5.0900,21213402,108831137.0000,3,1.204421,1,0.392900,0
2016-07-06,sz.000861,5.1000,5.1300,5.0400,5.0800,5.1100,13994234,70977236.0000,3,0.794543,1,-0.587100,0
2016-07-07,sz.000861,5.0900,5.1100,5.0000,5.0500,5.0800,14041547,70947877.0000,3,0.797229,1,-0.590500,0
2016-07-08,sz.000861,5.0400,5.0400,5.0000,5.0200,5.0500,9461547,47473377.0000,3,0.537193,1,-0.594100,0
2016-07-11,sz.000861,5.0300,5.0600,4.9900,5.0000,5.0200,14571684,73220873.0000,3,0.827328,1,-0.398400,0
2016-07-12,sz.000861,5.0000,5.0600,4.9500,5.0600,5.0000,15677003,78470761.0000,3,0.890084,1,1.200000,0
2016-07-13,sz.000861,5.0600,5.2000,5.0500,5.1700,5.0600,26857334,137782868.0000,3,1.524863,1,2.173900,0
2016-07-14,sz.000861,5.1600,5.2300,5.1200,5.1500,5.1700,18030548,93175982.0000,3,1.023710,1,-0.386800,0
2016-07-15,sz.000861,5.1500,5.1700,5.0800,5.1000,5.1500,14852814,75965485.0000,3,0.843290,1,-0.970900,0
2016-07-18,sz.000861,5.0900,5.1000,5.0400,5.0600,5.1000,10222444,51712566.0000,3,0.580394,1,-0.784300,0
2016-07-19,sz.000861,5.0500,5.1200,5.0200,5.1100,5.0600,11111626,56287697.0000,3,0.630878,1,0.988100,0
2016-07-20,sz.000861,5.1100,5.1300,5.0600,5.0800,5.1100,8836048,44982689.0000,3,0.501679,1,-0.587100,0
2016-07-21,sz.000861,5.0800,5.1300,5.0600,5.0900,5.0800,13416607,68476646.0000,3,0.761747,1,0.196900,0
2016-07-22,sz.000861,5.1200,5.1400,5.0700,5.0900,5.0900,12631314,64404532.0000,3,0.717161,1,0.000000,0
2016-07-25,sz.000861,5.0800,5.1400,5.0400,5.0700,5.0900,15794226,80188027.0000,3,0.896740,1,-0.392900,0
2016-07-26,sz.000861,5.0600,5.1000,5.0500,5.0900,5.0700,13104467,66572668.0000,3,0.744025,1,0.394500,0
2016-07-27,sz.000861,5.1000,5.1300,4.7900,4.8400,5.0900,30354138,149649459.0000,3,1.723399,1,-4.911600,0
2016-07-28,sz.000861,4.8200,4.8800,4.7400,4.8000,4.8400,17801095,85469466.0000,3,1.010682,1,-0.826400,0
2016-07-29,sz.000861,4.8100,4.8300,4.7400,4.7800,4.8000,8200771,39134723.0000,3,0.465610,1,-0.416700,0
2016-08-01,sz.000861,4.7900,4.8000,4.7100,4.7200,4.7800,10340350,48935239.0000,3,0.587088,1,-1.255200,0
2016-08-02,sz.000861,4.7300,4.7600,4.7200,4.7600,4.7200,6218449,29492841.0000,3,0.353061,1,0.847500,0
2016-08-03,sz.000861,4.7300,4.7700,4.7200,4.7500,4.7600,7632237,36233156.0000,3,0.433331,1,-0.210100,0
2016-08-04,sz.000861,4.7600,4.8400,4.7200,4.8200,4.7500,10270679,49003561.0000,3,0.583132,1,1.473700,0
2016-08-05,sz.000861,4.7900,4.9800,4.7900,4.8000,4.8200,11232147,54318682.0000,3,0.637721,1,-0.414900,0
2016-08-08,sz.000861,4.8000,4.8500,4.7400,4.8100,4.8000,9175064,43993369.0000,3,0.520927,1,0.208300,0
2016-08-09,sz.000861,4.8100,4.8400,4.8000,4.8400,4.8100,8874839,42792270.0000,3,0.503882,1,0.623700,0
2016-08-10,sz.000861,4.8500,4.8500,4.8000,4.8000,4.8400,7789489,37551592.0000,3,0.442259,1,-0.826400,0
2016-08-11,sz.000861,4.7900,4.8000,4.7500,4.7600,4.8000,8742671,41659737.0000,3,0.496378,1,-0.833300,0
2016-08-12,sz.000861,4.7700,4.8400,4.7200,4.8100,4.7600,11413773,54607090.0000,3,0.648033,1,1.050400,0
2016-08-15,sz.000861,4.8200,5.2700,4.8200,5.1500,4.8100,67342844,344519760.0000,3,3.823486,1,7.068600,0
2016-08-16,sz.000861,5.0600,5.2900,5.0600,5.2500,5.1500,61194645,319169136.0000,3,3.474413,1,1.941700,0
2016-08-17,sz.000861,5.3100,5.3100,5.1200,5.1700,5.2500,32049083,166132842.0000,3,1.819632,1,-1.523800,0
2016-08-18,sz.000861,5.1900,5.6900,5.1500,5.6900,5.1700,50448079,277981008.0000,3,2.864261,1,10.058000,0
2016-08-19,sz.000861,5.8200,5.8200,5.4800,5.6200,5.6900,77606296,436336240.0000,3,4.406208,1,-1.230200,0
2016-08-22,sz.000861,5.5800,5.8700,5.4100,5.4600,5.6200,69959054,395661488.0000,3,3.972025,1,-2.847000,0
2016-08-23,sz.000861,5.4200,5.5400,5.3600,5.4100,5.4600,30235627,163877651.0000,3,1.716671,1,-0.915800,0
2016-08-24,sz.000861,5.4100,5.6300,5.3800,5.4300,5.4100,33817300,185791673.0000,3,1.920025,1,0.369700,0
2016-08-25,sz.000861,5.4200,5.5300,5.1200,5.3500,5.4300,42813481,226067880.0000,3,2.430796,1,-1.473300,0
2016-08-26,sz.000861,5.3200,5.4300,5.2200,5.2500,5.3500,27614880,147285909.0000,3,1.567874,1,-1.869200,0
2016-08-29,sz.000861,5.2400,5.3200,5.1800,5.3000,5.2500,16841037,88310127.0000,3,0.956174,1,0.952400,0
2016-08-30,sz.000861,5.2800,5.3100,5.2200,5.2500,5.3000,20594413,108278046.0000,3,1.169277,1,-0.943400,0
2016-08-31,sz.000861,5.2500,5.3400,5.2100,5.2600,5.2500,19766986,104289416.0000,3,1.122299,1,0.190500,0
2016-09-01,sz.000861,5.2800,5.2800,5.1600,5.1600,5.2600,16279865,84859171.0000,3,0.924312,1,-1.901100,0
2016-09-02,sz.000861,5.1600,5.1900,5.0800,5.1200,5.1600,14714222,75420848.0000,3,0.835421,1,-0.775200,0
2016-09-05,sz.000861,5.1400,5.2400,5.1400,5.2200,5.1200,15802529,82085550.0000,3,0.897211,1,1.953123,0
2016-09-06,sz.000861,5.2100,5.5500,5.1500,5.4300,5.2200,37635768,202608678.0000,3,2.136824,1,4.022989,0
2016-09-07,sz.000861,5.3600,5.5300,5.3200,5.4400,5.4300,30025296,162952039.0000,3,1.704729,1,0.184166,0
2016-09-08,sz.000861,5.3800,5.4900,5.3700,5.4000,5.4400,13750332,74504809.0000,3,0.780695,1,-0.735293,0
2016-09-09,sz.000861,5.4000,5.4500,5.3800,5.3900,5.4000,13625648,73807069.0000,3,0.773616,1,-0.185189,0
2016-09-12,sz.000861,5.2800,5.2800,5.1000,5.1800,5.3900,14821551,77121779.0000,3,0.841515,1,-3.896105,0
2016-09-13,sz.000861,5.2000,5.2400,5.1400,5.2000,5.1800,8978824,46551128.0000,3,0.509785,1,0.386100,0
2016-09-14,sz.000861,5.1500,5.2000,5.1200,5.1600,5.2000,11887429,61314078.0000,3,0.674926,1,-0.769230,0
2016-09-19,sz.000861,5.1500,5.3300,5.1500,5.3300,5.1600,14333668,75090000.0000,3,0.813814,1,3.294575,0
2016-09-20,sz.000861,5.3400,5.4600,5.2600,5.3100,5.3300,12384262,65914450.0000,3,0.703134,1,-0.375234,0
2016-09-21,sz.000861,5.3100,5.3300,5.2500,5.2500,5.3100,6188611,32620286.0000,3,0.351367,1,-1.129943,0
2016-09-22,sz.000861,5.2800,5.3200,5.2500,5.2700,5.2500,10666247,56366699.0000,3,0.605591,1,0.380952,0
2016-09-23,sz.000861,5.2800,5.3000,5.1000,5.1000,5.2700,15533739,80459440.0000,3,0.881950,1,-3.225808,0
2016-09-26,sz.000861,5.1300,5.1500,4.9200,4.9400,5.1000,18987402,95688584.0000,3,1.078037,1,-3.137252,0
2016-09-27,sz.000861,4.9400,5.0500,4.9300,5.0500,4.9400,12046922,60280778.0000,3,0.683981,1,2.226723,0
2016-09-28,sz.000861,5.2000,5.3300,5.1500,5.1700,5.0500,20666082,107678573.0000,3,1.173346,1,2.376235,0
2016-09-29,sz.000861,5.2000,5.2600,5.1200,5.1500,5.1700,11991333,62120113.0000,3,0.680825,1,-0.386847,0
2016-09-30,sz.000861,5.1400,5.2300,5.1200,5.1700,5.1500,11278205,58218276.0000,3,0.640336,1,0.388349,0
2016-10-10,sz.000861,5.2000,5.2400,5.1400,5.1900,5.1700,15090873,78082315.0000,3,0.856806,1,0.386847,0
2016-10-11,sz.000861,5.1800,5.2300,5.1700,5.2000,5.1900,13962292,72474814.0000,3,0.792729,1,0.192673,0
2016-10-12,sz.000861,5.1700,5.1800,5.1300,5.1400,5.2000,9963855,51301817.0000,3,0.565712,1,-1.153845,0
2016-10-13,sz.000861,5.1500,5.3400,5.1500,5.3000,5.1400,31824221,167965918.0000,3,1.806865,1,3.112847,0
2016-10-14,sz.000861,5.3700,5.4200,5.2300,5.2700,5.3000,20871824,110645492.0000,3,1.185027,1,-0.566042,0
2016-10-17,sz.000861,5.2300,5.2800,5.1300,5.1500,5.2700,18539027,96455072.0000,3,1.052580,1,-2.277038,0
2016-10-18,sz.000861,5.1800,5.2500,5.1400,5.2500,5.1500,10819390,56316404.0000,3,0.614286,1,1.941746,0
2016-10-19,sz.000861,5.2800,5.2800,5.1800,5.1900,5.2500,10468050,54567864.0000,3,0.594338,1,-1.142856,0
2016-10-20,sz.000861,5.1900,5.2600,5.1700,5.1900,5.1900,12061899,62791442.0000,3,0.684831,1,0.000000,0
2016-10-21,sz.000861,5.2000,5.2000,5.0900,5.1500,5.1900,13924551,71586808.0000,3,0.790586,1,-0.770712,0
2016-10-24,sz.000861,5.1400,5.2100,5.1100,5.1800,5.1500,11895281,61566885.0000,3,0.675371,1,0.582519,0
2016-10-25,sz.000861,5.1900,5.2400,5.1500,5.2000,5.1800,11694822,60710713.0000,3,0.663990,1,0.386100,0
2016-10-26,sz.000861,5.2000,5.2100,5.1700,5.1800,5.2000,9067692,47023623.0000,3,0.514831,1,-0.384615,0
2016-10-27,sz.000861,5.2000,5.2000,5.1500,5.1800,5.1800,6929536,35796922.0000,3,0.393434,1,0.000000,0
2016-10-28,sz.000861,5.1800,5.2000,5.1100,5.1100,5.1800,9581181,49374835.0000,3,0.543985,1,-1.351346,0
2016-10-31,sz.000861,5.1100,5.1100,5.0600,5.0800,5.1100,7809719,39677315.0000,3,0.443408,1,-0.587088,0
2016-11-01,sz.000861,5.0900,5.1500,5.0800,5.1300,5.0800,8534836,43591817.0000,3,0.484577,1,0.984256,0
2016-11-02,sz.000861,5.1200,5.1200,5.0500,5.0500,5.1300,10150304,51539835.0000,3,0.576298,1,-1.559453,0
2016-11-03,sz.000861,5.0500,5.0900,5.0300,5.0700,5.0500,15679418,79347587.0000,3,0.890221,1,0.396039,0
2016-11-04,sz.000861,5.0700,5.0800,5.0100,5.0200,5.0700,12735707,64182501.0000,3,0.723088,1,-0.986197,0
2016-11-07,sz.000861,5.0200,5.0500,5.0000,5.0300,5.0200,8894370,44662965.0000,3,0.504990,1,0.199208,0
2016-11-08,sz.000861,5.0400,5.0600,5.0200,5.0500,5.0300,9570269,48242137.0000,3,0.543366,1,0.397614,0
2016-11-09,sz.000861,5.0600,5.0800,4.9500,5.0000,5.0500,16058418,80375868.0000,3,0.911739,1,-0.990103,0
2016-11-10,sz.000861,5.0200,5.0600,5.0100,5.0500,5.0000,18917683,95241171.0000,3,1.074078,1,1.000004,0
2016-11-11,sz.000861,5.0900,5.2500,5.0900,5.1500,5.0500,32657335,168563581.0000,3,1.854167,1,1.980196,0
2016-11-14,sz.000861,5.1000,5.1400,5.0900,5.1300,5.1500,18526742,94777275.0000,3,1.051882,1,-0.388349,0
2016-11-15,sz.000861,5.1300,5.1500,5.1000,5.1500,5.1300,13667660,70133042.0000,3,0.776001,1,0.389863,0
2016-11-16,sz.000861,5.1800,5.1800,5.1200,5.1400,5.1500,11891683,61114784.0000,3,0.675167,1,-0.194179,0
2016-11-17,sz.000861,5.1400,5.1800,5.1100,5.1600,5.1400,16295397,83890911.0000,3,0.925194,1,0.389105,0
2016-11-18,sz.000861,5.1700,5.1700,5.1100,5.1200,5.1600,11395079,58562592.0000,3,0.646972,1,-0.775193,0
2016-11-21,sz.000861,5.1200,5.1600,5.1000,5.1500,5.1200,14780787,75904188.0000,3,0.839200,1,0.585942,0
2016-11-22,sz.000861,5.3100,5.4000,5.2000,5.2400,5.1500,42439940,223650813.0000,3,2.409588,1,1.747566,0
2016-11-23,sz.000861,5.1900,5.2400,5.1500,5.1700,5.2400,22849946,118474333.0000,3,1.297338,1,-1.335872,0
2016-11-24,sz.000861,5.1600,5.1700,5.1100,5.1200,5.1700,14767354,75858938.0000,3,0.838437,1,-0.967122,0
2016-11-25,sz.000861,5.1100,5.1500,5.0500,5.1200,5.1200,14984973,76326106.0000,3,0.850793,1,0.000000,0
2016-11-28,sz.000861,5.1300,5.1500,5.0900,5.1200,5.1200,13458288,68906830.0000,3,0.764113,1,0.000000,0
2016-11-29,sz.000861,5.1100,5.1200,5.0600,5.0900,5.1200,16894441,86015124.0000,3,0.959206,1,-0.585932,0
2016-11-30,sz.000861,5.0900,5.0900,5.0400,5.0600,5.0900,13768894,69701808.0000,3,0.781749,1,-0.589395,0
2016-12-01,sz.000861,5.0600,5.0900,5.0600,5.0800,5.0600,8366290,42420916.0000,3,0.475008,1,0.395257,0
2016-12-02,sz.000861,5.0800,5.0800,5.0000,5.0200,5.0800,12472120,62768489.0000,3,0.708122,1,-1.181101,0
2016-12-05,sz.000861,4.9900,5.0200,4.9600,5.0000,5.0200,7123189,35607038.0000,3,0.404429,1,-0.398406,0
2016-12-06,sz.000861,5.0000,5.0300,4.9900,5.0100,5.0000,5912880,29602524.0000,3,0.335712,1,0.200005,0
2016-12-07,sz.000861,5.0000,5.1700,4.9900,5.1200,5.0100,16233186,82597725.0000,3,0.921662,1,2.195602,0
2016-12-08,sz.000861,5.1200,5.2400,5.0900,5.1500,5.1200,35513966,183742084.0000,3,2.016356,1,0.585942,0
2016-12-09,sz.000861,5.1000,5.1600,5.0200,5.0800,5.1500,21327994,108441560.0000,3,1.210927,1,-1.359227,0
2016-12-12,sz.000861,5.0900,5.1000,4.8500,4.8700,5.0800,24616077,122153991.0000,3,1.397613,1,-4.133859,0
2016-12-13,sz.000861,4.8500,4.9000,4.8300,4.8800,4.8700,9065156,44163048.0000,3,0.514687,1,0.205344,0
2016-12-14,sz.000861,4.8900,4.9100,4.8200,4.8500,4.8800,11268254,54834391.0000,3,0.639771,1,-0.614758,0
2016-12-15,sz.000861,4.8500,4.9800,4.8300,4.9800,4.8500,18404229,90266376.0000,3,1.044926,1,2.680415,0
2016-12-16,sz.000861,4.9500,5.1300,4.9400,5.0100,4.9800,27474858,138468925.0000,3,1.559924,1,0.602414,0
2016-12-19,sz.000861,4.9700,4.9700,4.8700,4.8900,5.0100,19066673,93421647.0000,3,1.082537,1,-2.395217,0
2016-12-20,sz.000861,4.9000,4.9200,4.8600,4.9100,4.8900,9089576,44439709.0000,3,0.516073,1,0.408998,0
2016-12-21,sz.000861,4.9200,4.9500,4.9000,4.9400,4.9100,12060498,59398700.0000,3,0.684751,1,0.611002,0
2016-12-22,sz.000861,4.9300,5.0800,4.8600,5.0000,4.9400,24977944,124479795.0000,3,1.418155,1,1.214574,0
2016-12-23,sz.000861,5.0200,5.0200,4.9000,4.9200,5.0000,13116555,64719479.0000,3,0.744710,1,-1.599998,0
2016-12-26,sz.000861,4.8900,4.9300,4.8500,4.9100,4.9200,8988541,43872365.0000,3,0.510336,1,-0.203257,0
2016-12-27,sz.000861,4.9000,4.9300,4.8800,4.8900,4.9100,6678522,32756848.0000,3,0.379182,1,-0.407332,0
2016-12-28,sz.000861,4.8900,4.9100,4.8400,4.8600,4.8900,8092140,39372026.0000,3,0.459442,1,-0.613491,0
2016-12-29,sz.000861,4.8500,4.8700,4.8300,4.8500,4.8600,5973842,28999271.0000,3,0.339173,1,-0.205766,0
2016-12-30,sz.000861,4.8400,4.8700,4.8400,4.8500,4.8500,6114072,29646875.0000,3,0.347134,1,0.000000,0
2017-01-03,sz.000861,4.8500,4.8800,4.8400,4.8700,4.8500,10635707,51691952.0000,3,0.603856,1,0.412371,0
2017-01-04,sz.000861,4.8700,4.9300,4.8500,4.9200,4.8700,13610606,66591850.0000,3,0.772760,1,1.026698,0
2017-01-05,sz.000861,4.9100,4.9500,4.9000,4.9200,4.9200,12026255,59203672.0000,3,0.682806,1,0.000000,0
2017-01-06,sz.000861,4.9100,4.9100,4.8500,4.8600,4.9200,10827869,52785677.0000,3,0.614766,1,-1.219511,0
2017-01-09,sz.000861,4.8500,4.8900,4.8300,4.8700,4.8600,6494071,31550243.0000,3,0.368709,1,0.205756,0
2017-01-10,sz.000861,4.8700,4.8900,4.8600,4.8700,4.8700,7066960,34475706.0000,3,0.401236,1,0.000000,0
2017-01-11,sz.000861,4.8500,4.8800,4.8400,4.8500,4.8700,6527770,31685320.0000,3,0.370623,1,-0.410677,0
2017-01-12,sz.000861,4.8500,4.8700,4.7500,4.7800,4.8500,10579017,50887661.0000,3,0.600637,1,-1.443293,0
2017-01-13,sz.000861,4.7700,4.7800,4.6800,4.6900,4.7800,11191244,52841684.0000,3,0.635397,1,-1.882848,0
2017-01-16,sz.000861,4.7000,4.7000,4.4600,4.5600,4.6900,15013125,68558629.0000,3,0.852390,1,-2.771857,0
2017-01-17,sz.000861,4.5600,4.6200,4.5400,4.6100,4.5600,7558393,34692650.0000,3,0.429138,1,1.096495,0
2017-01-18,sz.000861,4.6100,4.6300,4.5800,4.5900,4.6100,4088472,18789187.0000,3,0.232128,1,-0.433839,0
2017-01-19,sz.000861,4.5900,4.6200,4.5600,4.5900,4.5900,4641187,21323270.0000,3,0.263509,1,0.000000,0
2017-01-20,sz.000861,4.5900,4.6500,4.5700,4.6400,4.5900,5156634,23853500.0000,3,0.292775,1,1.089318,0
2017-01-23,sz.000861,4.6400,4.6900,4.6300,4.6600,4.6400,4537920,21203263.0000,3,0.257646,1,0.431034,0
2017-01-24,sz.000861,4.6700,4.7400,4.6600,4.7200,4.6600,7638745,35991030.0000,3,0.433700,1,1.287552,0
2017-01-25,sz.000861,4.7100,4.7400,4.6700,4.7000,4.7200,3830431,18035051.0000,3,0.217478,1,-0.423728,0
2017-01-26,sz.000861,4.6900,4.7500,4.6900,4.7200,4.7000,3028856,14301554.0000,3,0.171967,1,0.425532,0
2017-02-03,sz.000861,4.7300,4.7400,4.7000,4.7100,4.7200,3572137,16863157.0000,3,0.202813,1,-0.211859,0
2017-02-06,sz.000861,4.7100,4.7200,4.6600,4.7000,4.7100,6117282,28662821.0000,3,0.347317,1,-0.212319,0
2017-02-07,sz.000861,4.7000,4.7000,4.6600,4.6900,4.7000,6232649,29153681.0000,3,0.353867,1,-0.212761,0
2017-02-08,sz.000861,4.6900,4.7000,4.6500,4.7000,4.6900,5598072,26142955.0000,3,0.317838,1,0.213214,0
2017-02-09,sz.000861,4.6900,4.7300,4.6800,4.7200,4.7000,6225589,29363388.0000,3,0.353466,1,0.425532,0
2017-02-10,sz.000861,4.7200,4.7500,4.7100,4.7300,4.7200,7464282,35357654.0000,3,0.423794,1,0.211869,0
2017-02-13,sz.000861,4.7300,4.7700,4.7200,4.7600,4.7300,6991691,33233731.0000,3,0.396962,1,0.634254,0
2017-02-14,sz.000861,4.7600,4.7700,4.7400,4.7600,4.7600,5900121,28031515.0000,3,0.334986,1,0.000000,0
2017-02-15,sz.000861,4.7700,4.7700,4.7000,4.7000,4.7600,6659537,31523635.0000,3,0.378103,1,-1.260513,0
2017-02-16,sz.000861,4.6800,4.7300,4.6800,4.7300,4.7000,5886547,27680708.0000,3,0.334216,1,0.638302,0
2017-02-17,sz.000861,4.7200,4.7500,4.7000,4.7000,4.7300,6835847,32257522.0000,3,0.388113,1,-0.634254,0
2017-02-20,sz.000861,4.7000,4.7500,4.6800,4.7500,4.7000,6727532,31729844.0000,3,0.381964,1,1.063834,0
2017-02-21,sz.000861,4.7600,4.8400,4.7600,4.8100,4.7500,14051549,67551049.0000,3,0.797793,1,1.263157,0
2017-02-22,sz.000861,4.8200,4.8200,4.7500,4.8100,4.8100,9724607,46590086.0000,3,0.552126,1,0.000000,0
2017-02-23,sz.000861,4.8000,4.8200,4.7400,4.7700,4.8100,9272623,44168634.0000,3,0.526464,1,-0.831600,0
2017-02-24,sz.000861,4.7500,4.8500,4.7400,4.8400,4.7700,14415791,69217441.0000,3,0.818474,1,1.467509,0
2017-02-27,sz.000861,4.8000,4.8200,4.7200,4.7500,4.8400,14030353,66808004.0000,3,0.796590,1,-1.859507,0
2017-02-28,sz.000861,4.7300,4.8500,4.7300,4.8000,4.7500,11844829,56575197.0000,3,0.672504,1,1.052636,0
2017-03-01,sz.000861,4.7900,4.8100,4.7500,4.7700,4.8000,9791186,46720470.0000,3,0.555906,1,-0.625004,0
2017-03-02,sz.000861,4.7700,4.7700,4.7200,4.7200,4.7700,7864946,37299779.0000,3,0.446542,1,-1.048222,0
2017-03-03,sz.000861,4.7000,4.7300,4.6600,4.6900,4.7200,9129875,42808993.0000,3,0.518360,1,-0.635588,0
2017-03-06,sz.000861,4.6900,4.7600,4.6900,4.7600,4.6900,8754164,41458592.0000,3,0.497028,1,1.492541,0
2017-03-07,sz.000861,4.7600,4.7900,4.7300,4.7800,4.7600,8668497,41325124.0000,3,0.492164,1,0.420168,0
2017-03-08,sz.000861,4.7800,4.7900,4.7300,4.7500,4.7800,7630593,36382717.0000,3,0.433236,1,-0.627619,0
2017-03-09,sz.000861,4.7500,4.7500,4.7000,4.7100,4.7500,6954708,32838583.0000,3,0.394862,1,-0.842105,0
2017-03-10,sz.000861,4.7100,4.7200,4.7000,4.7100,4.7100,4423041,20831473.0000,3,0.251123,1,0.000000,0
2017-03-13,sz.000861,4.7100,4.7200,4.6600,4.7200,4.7100,5277377,24763621.0000,3,0.299629,1,0.212309,0
2017-03-14,sz.000861,4.7300,4.7500,4.6900,4.7000,4.7200,5610949,26474301.0000,3,0.318568,1,-0.423728,0
2017-03-15,sz.000861,4.6900,4.7100,4.6800,4.6900,4.7000,4453410,20892418.0000,3,0.252848,1,-0.212761,0
2017-03-16,sz.000861,4.6900,4.7200,4.6900,4.7100,4.6900,7281805,34287281.0000,3,0.413433,1,0.426439,0
2017-03-17,sz.000861,4.7100,4.7300,4.6600,4.6800,4.7100,8402288,39563368.0000,3,0.477049,1,-0.636947,0
2017-03-20,sz.000861,4.6800,4.6800,4.6500,4.6800,4.6800,8158102,38038520.0000,3,0.463185,1,0.000000,0
2017-03-21,sz.000861,4.6700,4.6800,4.6300,4.6500,4.6800,7250139,33755109.0000,3,0.411635,1,-0.641020,0
2017-03-22,sz.000861,4.6300,4.6500,4.5900,4.6200,4.6500,7389858,34119836.0000,3,0.419567,1,-0.645166,0
2017-03-23,sz.000861,4.6200,4.6300,4.5400,4.6000,4.6200,8312063,38152535.0000,3,0.471927,1,-0.432900,0
2017-03-24,sz.000861,4.5900,4.6000,4.5500,4.6000,4.6000,7775945,35565852.0000,3,0.441488,1,0.000000,0
2017-03-27,sz.000861,4.6000,4.6300,4.5800,4.6000,4.6000,5624141,25880687.0000,3,0.319317,1,0.000000,0
2017-03-28,sz.000861,4.6000,4.6000,4.5600,4.5600,4.6000,7050217,32229741.0000,3,0.400284,1,-0.869564,0
2017-03-29,sz.000861,4.5700,4.5800,4.5100,4.5400,4.5600,8268458,37599875.0000,3,0.469451,1,-0.438596,0
2017-03-30,sz.000861,4.5400,4.5500,4.4700,4.4900,4.5400,10175071,45775589.0000,3,0.577701,1,-1.101326,0
2017-03-31,sz.000861,4.4900,4.5200,4.4800,4.5200,4.4900,6818467,30747074.0000,3,0.387126,1,0.668156,0
2017-04-05,sz.000861,4.5100,4.5700,4.5000,4.5700,4.5200,8491939,38562606.0000,3,0.482139,1,1.106199,0
2017-04-06,sz.000861,4.5700,4.5800,4.5400,4.5800,4.5700,7501992,34265340.0000,3,0.425934,1,0.218813,0
2017-04-07,sz.000861,4.5700,4.5800,4.5500,4.5700,4.5800,5370265,24490919.0000,3,0.304903,1,-0.218335,0
2017-04-10,sz.000861,4.5500,4.5600,4.5000,4.5200,4.5700,9411467,42580195.0000,3,0.534346,1,-1.094096,0
2017-04-11,sz.000861,4.5100,4.6800,4.4700,4.6400,4.5200,20762704,94793477.0000,3,1.178825,1,2.654865,0
2017-04-12,sz.000861,4.6500,4.8100,4.6400,4.7000,4.6400,36731231,174079777.0000,3,2.085455,1,1.293102,0
2017-04-13,sz.000861,4.7000,4.7000,4.5800,4.6700,4.7000,18676914,86552259.0000,3,1.060402,1,-0.638292,0
2017-04-14,sz.000861,4.6400,4.6700,4.5400,4.5600,4.6700,15911771,72970070.0000,3,0.903408,1,-2.355463,0
2017-04-17,sz.000861,4.5400,4.5400,4.4800,4.5100,4.5600,8768501,39492144.0000,3,0.497841,1,-1.096485,0
2017-04-18,sz.000861,4.5000,4.5200,4.4800,4.4900,4.5100,6482226,29153376.0000,3,0.368035,1,-0.443469,0
2017-04-19,sz.000861,4.4900,4.5000,4.3700,4.4000,4.4900,10442348,46080842.0000,3,0.592876,1,-2.004447,0
2017-04-20,sz.000861,4.4100,4.4300,4.3600,4.3800,4.4000,7342297,32240068.0000,3,0.416867,1,-0.454545,0
2017-04-21,sz.000861,4.4000,4.4100,4.3600,4.3700,4.3800,5704274,24988568.0000,3,0.323866,1,-0.228316,0
2017-04-24,sz.000861,4.3700,4.3800,4.1200,4.1400,4.3700,12027474,50644426.0000,3,0.682873,1,-5.263158,0
2017-04-25,sz.000861,4.1500,4.1800,4.1300,4.1500,4.1400,5481286,22764864.0000,3,0.311206,1,0.241551,0
2017-04-26,sz.000861,4.1600,4.1600,4.0000,4.1200,4.1500,7671780,31521661.0000,3,0.435574,1,-0.722897,0
2017-04-27,sz.000861,4.1000,4.1200,4.0100,4.0900,4.1200,8412962,34101918.0000,3,0.477655,1,-0.728149,0
2017-04-28,sz.000861,4.1000,4.1200,4.0700,4.1100,4.0900,4200509,17224905.0000,3,0.238488,1,0.488997,0
2017-05-02,sz.000861,4.1200,4.1200,4.0600,4.0800,4.1100,4334786,17686716.0000,3,0.246112,1,-0.729932,0
2017-05-03,sz.000861,4.0600,4.0800,4.0400,4.0500,4.0800,4899746,19863700.0000,3,0.278188,1,-0.735288,0
2017-05-04,sz.000861,4.0600,4.1000,4.0300,4.0800,4.0500,6227463,25331004.0000,3,0.353571,1,0.740734,0
2017-05-05,sz.000861,4.0800,4.0800,4.0100,4.0200,4.0800,4626203,18741209.0000,3,0.262658,1,-1.470587,0
2017-05-08,sz.000861,4.0200,4.0600,4.0100,4.0300,4.0200,5260268,21204193.0000,3,0.298657,1,0.248762,0
2017-05-09,sz.000861,4.0300,4.0500,4.0100,4.0500,4.0300,3313581,13357558.0000,3,0.188132,1,0.496277,0
2017-05-10,sz.000861,4.0600,4.0600,4.0000,4.0000,4.0500,4579778,18455540.0000,3,0.260022,1,-1.234573,0
2017-05-11,sz.000861,3.9700,3.9700,3.7800,3.8800,4.0000,11906360,46018450.0000,3,0.675996,1,-2.999997,0
2017-05-12,sz.000861,3.8700,3.8700,3.8200,3.8400,3.8800,5859305,22501915.0000,3,0.332668,1,-1.030933,0
2017-05-15,sz.000861,3.8300,3.8500,3.7900,3.8400,3.8400,6978508,26691894.0000,3,0.396212,1,0.000000,0
2017-05-16,sz.000861,3.8300,3.8700,3.7300,3.8700,3.8400,10036405,38112697.0000,3,0.569828,1,0.781249,0
2017-05-17,sz.000861,3.8600,3.8900,3.8300,3.8500,3.8700,6857838,26469980.0000,3,0.389361,1,-0.516795,0
2017-05-18,sz.000861,3.8100,3.8400,3.7800,3.8100,3.8500,4858699,18528381.0000,3,0.275858,1,-1.038960,0
2017-05-19,sz.000861,3.8200,3.8200,3.7800,3.8100,3.8100,4318493,16440863.0000,3,0.245187,1,0.000000,0
2017-05-22,sz.000861,3.8000,3.8100,3.7100,3.7200,3.8100,6541547,24605120.0000,3,0.371403,1,-2.362202,0
2017-05-23,sz.000861,3.7200,3.7200,3.5600,3.5700,3.7200,8485905,30907704.0000,3,0.481796,1,-4.032260,0
2017-05-24,sz.000861,3.5500,3.5800,3.4000,3.5800,3.5700,12358320,43249501.0000,3,0.701657,1,0.280112,0
2017-05-25,sz.000861,3.5800,3.6700,3.5500,3.6600,3.5800,10049824,36337537.0000,3,0.570590,1,2.234642,0
2017-05-26,sz.000861,3.6500,3.7100,3.6400,3.6500,3.6600,6945314,25514731.0000,3,0.394328,1,-0.273224,0
2017-05-31,sz.000861,3.6800,3.7100,3.6500,3.6500,3.6500,5885461,21653907.0000,3,0.334153,1,0.000000,0
2017-06-01,sz.000861,3.6500,3.6500,3.5500,3.6000,3.6500,6377003,22961884.0000,3,0.362061,1,-1.369868,0
2017-06-02,sz.000861,3.6000,3.6200,3.5300,3.6100,3.6000,6294265,22497547.0000,3,0.357364,1,0.277778,0
2017-06-05,sz.000861,3.6200,3.6400,3.5900,3.6200,3.6100,4963276,17958420.0000,3,0.281795,1,0.277008,0
2017-06-06,sz.000861,3.6200,3.7200,3.6000,3.6800,3.6200,7349848,26944886.0000,3,0.417296,1,1.657464,0
2017-06-07,sz.000861,3.6900,3.9800,3.6500,3.7900,3.6800,16715936,63279305.0000,3,0.892891,1,2.989127,0
2017-06-08,sz.000861,3.7600,3.7900,3.7300,3.7500,3.7900,11414042,42854320.0000,3,0.609687,1,-1.055408,0
2017-06-09,sz.000861,3.7100,3.7500,3.7000,3.7300,3.7500,9421594,35071573.0000,3,0.503260,1,-0.533333,0
2017-06-12,sz.000861,3.7100,3.7200,3.6200,3.6200,3.7300,7344779,26934686.0000,3,0.392325,1,-2.949065,0
2017-06-13,sz.000861,3.6100,3.6800,3.6100,3.6600,3.6200,4734184,17285614.0000,3,0.252879,1,1.104978,0
2017-06-14,sz.000861,3.6600,3.6800,3.6200,3.6600,3.6600,4986584,18182606.0000,3,0.266361,1,0.000000,0
2017-06-15,sz.000861,3.6400,3.7200,3.6300,3.7000,3.6600,6834334,25222017.0000,3,0.365060,1,1.092895,0
2017-06-16,sz.000861,3.7000,3.7300,3.6800,3.7100,3.7000,6237238,23110513.0000,3,0.333166,1,0.270270,0
2017-06-19,sz.000861,3.7200,3.7700,3.7100,3.7400,3.7100,5332650,19887563.0000,3,0.284846,1,0.808625,0
2017-06-20,sz.000861,3.7500,3.7700,3.7200,3.7300,3.7400,5033212,18850466.0000,3,0.268852,1,-0.267379,0
2017-06-21,sz.000861,3.7400,3.7600,3.7000,3.7300,3.7300,4475374,16695733.0000,3,0.239055,1,0.000000,0
2017-06-22,sz.000861,3.7300,3.7700,3.6600,3.6700,3.7300,6440260,24010009.0000,3,0.344010,1,-1.608578,0
2017-06-23,sz.000861,3.6700,3.6900,3.6100,3.6600,3.6700,5941635,21638025.0000,3,0.317376,1,-0.272479,0
2017-06-26,sz.000861,3.6600,3.7100,3.6300,3.6700,3.6600,4348044,15968680.0000,3,0.232253,1,0.273224,0
2017-06-27,sz.000861,3.6900,3.7200,3.6700,3.7100,3.6700,4942208,18290290.0000,3,0.263991,1,1.089917,0
2017-06-28,sz.000861,3.7000,3.7000,3.6700,3.6800,3.7100,2809076,10350146.0000,3,0.150048,1,-0.808625,0
2017-06-29,sz.000861,3.6800,3.7100,3.6700,3.7000,3.6800,4348729,16047732.0000,3,0.232290,1,0.543478,0
2017-06-30,sz.000861,3.7000,3.7000,3.6600,3.6700,3.7000,4310361,15828951.0000,3,0.230240,1,-0.810810,0
2017-07-03,sz.000861,3.6800,3.7000,3.6500,3.7000,3.6700,4182745,15414088.0000,3,0.223424,1,0.817438,0
2017-07-04,sz.000861,3.7000,3.7000,3.6800,3.6900,3.7000,2885302,10635715.0000,3,0.154120,1,-0.270270,0
2017-07-05,sz.000861,3.7100,3.8400,3.6900,3.7700,3.6900,10886102,40796833.0000,3,0.581487,1,2.168020,0
2017-07-06,sz.000861,3.7500,3.7600,3.7100,3.7500,3.7700,6577329,24558935.0000,3,0.351332,1,-0.530504,0
2017-07-07,sz.000861,3.7400,3.7700,3.7200,3.7700,3.7500,5267829,19738282.0000,3,0.281384,1,0.533333,0
2017-07-10,sz.000861,3.7700,3.7700,3.7200,3.7600,3.7700,5802775,21718176.0000,3,0.309958,1,-0.265252,0
2017-07-11,sz.000861,3.7500,3.7600,3.7100,3.7200,3.7500,4559990,17021916.0000,3,0.243574,1,-0.799999,0
2017-07-12,sz.000861,3.7200,3.7200,3.6600,3.6800,3.7200,5736630,21121312.0000,3,0.306425,1,-1.075268,0
2017-07-13,sz.000861,3.6800,3.7000,3.6600,3.6900,3.6800,4327378,15914072.0000,3,0.231149,1,0.271739,0
2017-07-14,sz.000861,3.6800,3.6900,3.6500,3.6600,3.6900,4361980,15962425.0000,3,0.232998,1,-0.813007,0
2017-07-17,sz.000861,3.6500,3.6500,3.4000,3.5400,3.6600,10430763,36712177.0000,3,0.557165,1,-3.278692,0
2017-07-18,sz.000861,3.5100,3.6100,3.5000,3.5900,3.5400,6091649,21495119.0000,3,0.325389,1,1.412428,0
2017-07-19,sz.000861,3.5800,3.6900,3.5500,3.6700,3.5900,8191741,29744249.0000,3,0.437566,1,2.228417,0
2017-07-20,sz.000861,3.6800,3.7800,3.6500,3.6900,3.6700,9973315,36977948.0000,3,0.532730,1,0.544959,0
2017-07-21,sz.000861,3.6800,3.7300,3.6700,3.6700,3.6900,4215530,15540603.0000,3,0.225175,1,-0.542005,0
2017-07-24,sz.000861,3.6600,3.7100,3.6500,3.6700,3.6700,4603334,16956308.0000,3,0.245890,1,0.000000,0
2017-07-25,sz.000861,3.6700,3.6900,3.6300,3.6500,3.6700,3724720,13623211.0000,3,0.198958,1,-0.544959,0
2017-07-26,sz.000861,3.6600,3.6600,3.6000,3.6100,3.6500,5062340,18356207.0000,3,0.270408,1,-1.095896,0
2017-07-27,sz.000861,3.6100,3.7700,3.6000,3.7000,3.6100,9721544,35936726.0000,3,0.519282,1,2.493079,0
2017-07-28,sz.000861,3.6800,3.8400,3.6800,3.8400,3.7000,23364655,88178128.0000,3,1.248036,1,3.783780,0
2017-07-31,sz.000861,3.8700,3.8800,3.7800,3.8200,3.8400,16010045,61151896.0000,3,0.855185,1,-0.520833,0
2017-08-01,sz.000861,3.8200,3.8300,3.7500,3.7800,3.8200,13804830,52195311.0000,3,0.737392,1,-1.047119,0
2017-08-02,sz.000861,3.7900,3.8000,3.7200,3.7500,3.7800,9596474,36028142.0000,3,0.512601,1,-0.793650,0
2017-08-03,sz.000861,3.7500,3.7800,3.7400,3.7600,3.7500,6480503,24329302.0000,3,0.346160,1,0.266666,0
2017-08-04,sz.000861,3.7500,3.8000,3.7300,3.7400,3.7600,9299078,34965119.0000,3,0.496715,1,-0.531914,0
2017-08-07,sz.000861,3.7400,3.7800,3.7200,3.7500,3.7400,5617540,21061061.0000,3,0.300064,1,0.267379,0
2017-08-08,sz.000861,3.7500,3.8100,3.7400,3.7800,3.7500,7645107,28912425.0000,3,0.408368,1,0.799999,0
2017-08-09,sz.000861,3.8000,3.8000,3.7300,3.7300,3.7800,7729062,29008150.0000,3,0.412852,1,-1.322750,0
2017-08-10,sz.000861,3.7300,3.7500,3.6900,3.7000,3.7300,7457734,27732684.0000,3,0.398359,1,-0.804289,0
2017-08-11,sz.000861,3.6800,3.6800,3.6200,3.6200,3.7000,8156214,29670083.0000,3,0.435669,1,-2.162167,0
2017-08-14,sz.000861,3.6200,3.6800,3.6200,3.6400,3.6200,4404503,16085240.0000,3,0.235269,1,0.552492,0
2017-08-15,sz.000861,3.6700,3.6700,3.6400,3.6600,3.6400,3636830,13275332.0000,3,0.194263,1,0.549450,0
2017-08-16,sz.000861,3.6500,3.7200,3.6300,3.6800,3.6600,6324430,23227447.0000,3,0.337823,1,0.546448,0
2017-08-17,sz.000861,3.6800,3.7200,3.6600,3.7100,3.6800,6362956,23515430.0000,3,0.339881,1,0.815217,0
2017-08-18,sz.000861,3.7000,3.7100,3.6700,3.7000,3.7100,4632173,17103077.0000,3,0.247430,1,-0.269541,0
2017-08-21,sz.000861,3.7000,3.7300,3.6900,3.7200,3.7000,4689111,17401154.0000,3,0.250471,1,0.540540,0
2017-08-22,sz.000861,3.7200,3.7200,3.6800,3.6900,3.7200,4409900,16299299.0000,3,0.235557,1,-0.806451,0
2017-08-23,sz.000861,3.6900,3.7000,3.6400,3.6600,3.6900,5641170,20652704.0000,3,0.301326,1,-0.813007,0
2017-08-24,sz.000861,3.6500,3.6900,3.6400,3.6600,3.6600,3551210,13002026.0000,3,0.189690,1,0.000000,0
2017-08-25,sz.000861,3.6500,3.7000,3.6500,3.7000,3.6600,3588796,13212413.0000,3,0.191697,1,1.092895,0
2017-08-28,sz.000861,3.7000,3.7500,3.6900,3.7300,3.7000,7968495,29670236.0000,3,0.425641,1,0.810810,0
2017-08-29,sz.000861,3.7300,3.7600,3.7100,3.7100,3.7300,6453638,24076701.0000,3,0.344725,1,-0.536192,0
2017-08-30,sz.000861,3.7000,3.7300,3.6900,3.7200,3.7100,5977284,22169974.0000,3,0.319280,1,0.269541,0
2017-08-31,sz.000861,3.7200,3.7600,3.7000,3.7200,3.7200,6313904,23511807.0000,3,0.337261,1,0.000000,0
2017-09-01,sz.000861,3.7200,3.7400,3.7100,3.7400,3.7200,6742668,25115622.0000,3,0.360163,1,0.537634,0
2017-09-04,sz.000861,3.7300,3.7600,3.7000,3.7500,3.7400,7284015,27162115.0000,3,0.389080,1,0.267379,0
2017-09-05,sz.000861,3.7400,3.7400,3.7100,3.7200,3.7500,5932610,22096625.0000,3,0.316894,1,-0.799999,0
2017-09-06,sz.000861,3.7100,3.7300,3.7000,3.7100,3.7200,5303681,19694983.0000,3,0.283299,1,-0.268817,0
2017-09-07,sz.000861,3.7200,3.8200,3.7100,3.7400,3.7100,16929342,63724474.0000,3,0.904290,1,0.808625,0
2017-09-08,sz.000861,3.7400,3.7900,3.7300,3.7600,3.7400,8150970,30615011.0000,3,0.435388,1,0.534759,0
2017-09-11,sz.000861,3.7400,3.8000,3.7400,3.7800,3.7600,6899976,26039734.0000,3,0.368566,1,0.531914,0
2017-09-12,sz.000861,3.7800,3.8000,3.7500,3.7700,3.7800,9640831,36470402.1800,3,0.514970,1,-0.264550,0
2017-09-13,sz.000861,3.7800,3.7900,3.7400,3.7700,3.7700,5772521,21697799.7500,3,0.308342,1,0.000000,0
2017-09-14,sz.000861,3.7500,3.7800,3.7500,3.7600,3.7700,5541332,20842736.4000,3,0.295993,1,-0.265252,0
2017-09-15,sz.000861,3.7600,3.8300,3.7600,3.8200,3.7600,14904039,56713263.3900,3,0.796107,1,1.595743,0
2017-09-18,sz.000861,3.8100,3.8300,3.7800,3.8100,3.8200,8498804,32247640.9200,3,0.453968,1,-0.261780,0
2017-09-19,sz.000861,3.8000,3.8800,3.7900,3.8800,3.8100,19420639,74820616.5900,3,1.037364,1,1.837275,0
2017-09-20,sz.000861,3.8600,3.9300,3.8500,3.8700,3.8800,16251522,63120461.1800,3,0.868084,1,-0.257738,0
2017-09-21,sz.000861,3.8700,3.9100,3.8200,3.8400,3.8700,10425031,40309707.3200,3,0.556859,1,-0.775193,0
2017-09-22,sz.000861,3.8200,3.8400,3.7600,3.7700,3.8400,10817338,40922348.0800,3,0.577814,1,-1.822915,0
2017-09-25,sz.000861,3.7600,3.7800,3.7000,3.7000,3.7700,8055871,30033889.9000,3,0.430309,1,-1.856762,0
2017-09-26,sz.000861,3.6900,3.7400,3.6800,3.7200,3.7000,5479497,20319893.7700,3,0.292690,1,0.540540,0
2017-09-27,sz.000861,3.7100,3.7300,3.7000,3.7200,3.7200,3477111,12932899.1100,3,0.185732,1,0.000000,0
2017-09-28,sz.000861,3.7200,3.7200,3.6800,3.6800,3.7200,4442020,16432658.6000,3,0.237273,1,-1.075268,0
2017-09-29,sz.000861,3.6700,3.7200,3.6700,3.7100,3.6800,3923892,14529569.0800,3,0.209597,1,0.815217,0
2017-10-09,sz.000861,3.7300,3.7600,3.6900,3.7300,3.7100,8880531,33003866.6500,3,0.474358,1,0.539083,0
2017-10-10,sz.000861,3.7200,3.8000,3.7100,3.8000,3.7300,8789716,33016942.2800,3,0.469507,1,1.876674,0
2017-10-11,sz.000861,3.7800,4.0000,3.7800,3.8300,3.8000,15386040,59317760.5200,3,0.821854,1,0.789473,0
2017-10-12,sz.000861,3.8100,3.8200,3.7600,3.7800,3.8300,6522402,24696052.3400,3,0.348398,1,-1.305482,0
2017-10-13,sz.000861,3.7700,3.8300,3.7600,3.8000,3.7800,5005300,18995872.6000,3,0.267361,1,0.529100,0
2017-10-16,sz.000861,3.8000,3.8500,3.7200,3.7300,3.8000,8844710,33365757.9000,3,0.472445,1,-1.842103,0
2017-10-17,sz.000861,3.7100,3.7900,3.7100,3.7400,3.7300,4903303,18368392.4900,3,0.261913,1,0.268096,0
2017-10-18,sz.000861,3.7200,3.7700,3.7000,3.7100,3.7400,6037160,22528809.0000,3,0.322478,1,-0.802138,0
2017-10-19,sz.000861,3.7100,3.7200,3.6400,3.6500,3.7100,6528527,23944494.0900,3,0.348725,1,-1.617249,0
2017-10-20,sz.000861,3.6300,3.6800,3.6300,3.6800,3.6500,2860449,10487775.7600,3,0.152792,1,0.821917,0
2017-10-23,sz.000861,3.6700,3.7100,3.6700,3.6900,3.6800,3685650,13620492.7000,3,0.196871,1,0.271739,0
2017-10-24,sz.000861,3.6800,3.7300,3.6600,3.7200,3.6900,4019330,14828750.9500,3,0.214695,1,0.813007,0
2017-10-25,sz.000861,3.7100,3.7500,3.6800,3.7000,3.7200,4705187,17438288.2400,3,0.251330,1,-0.537634,0
2017-10-26,sz.000861,3.6800,3.7000,3.6800,3.6800,3.7000,4458804,16438722.5200,3,0.238169,1,-0.540540,0
2017-10-27,sz.000861,3.6800,3.7000,3.6500,3.6700,3.6800,6486742,23841373.9400,3,0.346493,1,-0.271739,0
2017-10-30,sz.000861,3.6600,3.6700,3.5600,3.5800,3.6700,7119092,25654484.4400,3,0.380270,1,-2.452320,0
2017-10-31,sz.000861,3.5800,3.6000,3.5600,3.5900,3.5800,3954230,14159645.5000,3,0.211217,1,0.279329,0
2017-11-01,sz.000861,3.5900,3.6200,3.5800,3.5800,3.5900,3948470,14203068.6000,3,0.210910,1,-0.278551,0
2017-11-02,sz.000861,3.5900,3.5900,3.5600,3.5700,3.5800,3622882,12926329.1200,3,0.193518,1,-0.279329,0
2017-11-03,sz.000861,3.5700,3.5800,3.5000,3.5200,3.5700,5387450,19014532.1000,3,0.287774,1,-1.400559,0
2017-11-06,sz.000861,3.5300,3.5400,3.5100,3.5300,3.5200,3305150,11634008.1000,3,0.176546,1,0.284091,0
2017-11-07,sz.000861,3.5300,3.5800,3.5000,3.5800,3.5300,5795191,20536618.2000,3,0.309553,1,1.416429,0
2017-11-08,sz.000861,3.5800,3.6500,3.5500,3.5800,3.5800,6554210,23522497.9000,3,0.350096,1,0.000000,0
2017-11-09,sz.000861,3.5700,3.5800,3.5500,3.5600,3.5800,3688010,13138818.5000,3,0.196997,1,-0.558659,0
2017-11-10,sz.000861,3.5600,3.6000,3.5400,3.5400,3.5600,4170882,14838732.2800,3,0.222790,1,-0.561797,0
2017-11-13,sz.000861,3.5400,3.5600,3.5100,3.5100,3.5400,3626542,12781037.4200,3,0.193714,1,-0.847457,0
2017-11-14,sz.000861,3.5100,3.5400,3.5000,3.5000,3.5100,3714020,13043126.0000,3,0.198386,1,-0.284900,0
2017-11-15,sz.000861,3.5100,3.5200,3.4500,3.4600,3.5000,4047300,14089840.0000,3,0.216189,1,-1.142856,0
2017-11-16,sz.000861,3.4600,3.4800,3.4000,3.4500,3.4600,3597257,12425672.7300,3,0.192149,1,-0.289017,0
2017-11-17,sz.000861,3.4500,3.4600,3.3400,3.3600,3.4500,8027386,27176625.3700,3,0.428787,1,-2.608700,0
2017-11-20,sz.000861,3.3500,3.3600,3.2500,3.3100,3.3600,6469173,21232120.5000,3,0.345554,1,-1.488094,0
2017-11-21,sz.000861,3.3100,3.3300,3.2800,3.3300,3.3100,4617470,15269444.4000,3,0.246644,1,0.604229,0
2017-11-22,sz.000861,3.3200,3.3400,3.2100,3.2700,3.3300,7244385,23806001.6500,3,0.386962,1,-1.801800,0
2017-11-23,sz.000861,3.2600,3.2800,3.2100,3.2200,3.2700,5143071,16683389.7300,3,0.274720,1,-1.529050,0
2017-11-24,sz.000861,3.2400,3.3100,3.2200,3.3000,3.2200,5843964,19119890.1600,3,0.312158,1,2.484470,0
2017-11-27,sz.000861,3.2900,3.4200,3.2600,3.2700,3.3000,6079374,20155258.0200,3,0.324733,1,-0.909090,0
2017-11-28,sz.000861,3.2500,3.3100,3.2500,3.2800,3.2700,3578540,11741187.0000,3,0.191149,1,0.305810,0
2017-11-29,sz.000861,3.2700,3.2900,3.2400,3.2700,3.2800,3500657,11418532.5200,3,0.186989,1,-0.304878,0
2017-11-30,sz.000861,3.2700,3.3300,3.2400,3.2900,3.2700,5745994,18848744.8600,3,0.306925,1,0.611620,0
2017-12-01,sz.000861,3.2900,3.2900,3.2500,3.2600,3.2900,5244870,17135795.4000,3,0.280157,1,-0.911853,0
2017-12-04,sz.000861,3.2600,3.2600,3.2100,3.2100,3.2600,3640104,11761126.8400,3,0.194438,1,-1.533741,0
2017-12-05,sz.000861,3.2100,3.2200,3.0800,3.1000,3.2100,7180803,22643511.8500,3,0.383566,1,-3.426795,0
2017-12-06,sz.000861,3.1100,3.1100,3.0400,3.0900,3.1000,5640944,17315626.8200,3,0.301314,1,-0.322580,0
2017-12-07,sz.000861,3.0900,3.1000,3.0700,3.1000,3.0900,3543700,10926345.5000,3,0.189288,1,0.323624,0
2017-12-08,sz.000861,3.1000,3.1300,3.0800,3.1200,3.1000,3381950,10519158.5000,3,0.180648,1,0.645161,0
2017-12-11,sz.000861,3.1200,3.1500,3.1200,3.1500,3.1200,2502580,7845534.9000,3,0.133677,1,0.961545,0
2017-12-12,sz.000861,3.1400,3.1500,3.0800,3.0800,3.1500,3314796,10291488.6800,3,0.177061,1,-2.222228,0
2017-12-13,sz.000861,3.0800,3.1200,3.0700,3.1000,3.0800,3578721,11060307.2900,3,0.191159,1,0.649350,0
2017-12-14,sz.000861,3.0900,3.1200,3.0800,3.1100,3.1000,3407134,10554585.3200,3,0.181994,1,0.322580,0
2017-12-15,sz.000861,3.1100,3.1900,3.0900,3.1400,3.1100,6112894,19217230.9400,3,0.326523,1,0.964637,0
2017-12-18,sz.000861,3.1400,3.1400,3.0800,3.1100,3.1400,3895930,12109319.7000,3,0.208103,1,-0.955421,0
2017-12-19,sz.000861,3.1100,3.1300,3.1000,3.1100,3.1100,2660584,8277709.2400,3,0.142116,1,0.000000,0
2017-12-20,sz.000861,3.1100,3.1200,3.0700,3.0700,3.1100,2765530,8533293.1000,3,0.147722,1,-1.286173,0
2017-12-21,sz.000861,3.0700,3.0700,3.0100,3.0500,3.0700,4163151,12666824.8400,3,0.222377,1,-0.651465,0
2017-12-22,sz.000861,3.0500,3.0600,3.0000,3.0300,3.0500,3866420,11723730.9000,3,0.206527,1,-0.655737,0
2017-12-25,sz.000861,3.0300,3.0300,2.9500,2.9600,3.0300,6703900,19956029.5000,3,0.358092,1,-2.310229,0
2017-12-26,sz.000861,2.9400,2.9800,2.9300,2.9700,2.9600,4779167,14104996.4700,3,0.255282,1,0.337838,0
2017-12-27,sz.000861,2.9700,2.9800,2.9500,2.9600,2.9700,2615104,7750664.9900,3,0.139687,1,-0.336700,0
2017-12-28,sz.000861,2.9700,2.9900,2.9500,2.9800,2.9600,3180914,9457650.3800,3,0.169910,1,0.675675,0
2017-12-29,sz.000861,2.9800,3.0100,2.9700,3.0100,2.9800,2952511,8840830.3800,3,0.157710,1,1.006710,0
2018-01-02,sz.000861,3.0200,3.0400,3.0100,3.0400,3.0100,3196330,9682586.1000,3,0.170734,1,0.996677,0
2018-01-03,sz.000861,3.0400,3.0600,3.0200,3.0500,3.0400,3677914,11184697.3600,3,0.196458,1,0.328947,0
2018-01-04,sz.000861,3.0500,3.0900,3.0300,3.0800,3.0500,5377780,16490572.2800,3,0.287257,1,0.983606,0
2018-01-05,sz.000861,3.0700,3.2300,3.0600,3.1700,3.0800,19351555,61418448.0900,3,1.033673,1,2.922083,0
2018-01-08,sz.000861,3.1400,3.2000,3.1200,3.1800,3.1700,8198590,25926423.8000,3,0.437932,1,0.315457,0
2018-01-09,sz.000861,3.1700,3.3100,3.1600,3.2300,3.1800,15018492,48917811.3300,3,0.802220,1,1.572325,0
2018-01-10,sz.000861,3.2300,3.2500,3.1500,3.1700,3.2300,7734519,24647578.4700,3,0.413143,1,-1.857583,0
2018-01-11,sz.000861,3.1500,3.1900,3.1200,3.1800,3.1700,5825825,18360125.1900,3,0.311189,1,0.315457,0
2018-01-12,sz.000861,3.1800,3.3200,3.1500,3.2600,3.1800,14197831,46338852.5200,3,0.758384,1,2.515721,0
2018-01-15,sz.000861,3.2900,3.2900,3.1400,3.1700,3.2600,10728952,34282019.1600,3,0.573092,1,-2.760734,0
2018-01-16,sz.000861,3.1600,3.2400,3.1300,3.2000,3.1700,5670546,18030143.6300,3,0.302895,1,0.946371,0
2018-01-17,sz.000861,3.1900,3.1900,3.1200,3.1400,3.2000,6889923,21667834.2300,3,0.368029,1,-1.874998,0
2018-01-18,sz.000861,3.1300,3.1600,3.1200,3.1400,3.1400,3298690,10358704.1700,3,0.176201,1,0.000000,0
2018-01-19,sz.000861,3.1400,3.1600,3.1100,3.1100,3.1400,5520540,17283443.8000,3,0.294882,1,-0.955421,0
2018-01-22,sz.000861,3.1100,3.1400,3.0800,3.1300,3.1100,3778208,11745766.5200,3,0.201815,1,0.643094,0
2018-01-23,sz.000861,3.1300,3.1600,3.0900,3.1200,3.1300,3138201,9824990.9900,3,0.167629,1,-0.319496,0
2018-01-24,sz.000861,3.1200,3.1400,3.1000,3.1200,3.1200,5245174,16356521.5000,3,0.280173,1,0.000000,0
2018-01-25,sz.000861,3.1200,3.1500,3.1100,3.1300,3.1200,4119030,12878783.2000,3,0.220020,1,0.320520,0
2018-01-26,sz.000861,3.1300,3.1500,3.1100,3.1100,3.1300,4137260,12937973.0000,3,0.220994,1,-0.638985,0
2018-01-29,sz.000861,3.1100,3.1300,3.0600,3.0700,3.1100,5626260,17357593.9800,3,0.300529,1,-1.286173,0
2018-01-30,sz.000861,3.0600,3.0900,3.0500,3.0500,3.0700,3290970,10094941.7000,3,0.175789,1,-0.651465,0
2018-01-31,sz.000861,3.0500,3.0500,2.9800,2.9800,3.0500,5281106,15860193.1300,3,0.282093,1,-2.295080,0
2018-02-01,sz.000861,2.9900,3.0000,2.8200,2.8200,2.9800,9216518,26782489.2800,3,0.492305,1,-5.369131,0
2018-02-02,sz.000861,2.8200,2.8900,2.7600,2.8500,2.8200,5417183,15374717.5000,3,0.289361,1,1.063829,0
2018-02-05,sz.000861,2.8400,2.9000,2.8200,2.8900,2.8500,3637809,10442634.6800,3,0.194315,1,1.403516,0
2018-02-06,sz.000861,2.8600,2.8700,2.7700,2.7700,2.8900,5178054,14606957.4800,3,0.276588,1,-4.152253,0
2018-02-07,sz.000861,2.8100,2.8300,2.7600,2.8100,2.7700,4302155,12091707.8700,3,0.229802,1,1.444042,0
2018-02-08,sz.000861,2.8200,2.8700,2.8000,2.8500,2.8100,2529337,7186418.1800,3,0.135106,1,1.423486,0
2018-02-09,sz.000861,2.8100,2.8200,2.7300,2.7700,2.8500,5271874,14625671.0800,3,0.281600,1,-2.807015,0
2018-02-12,sz.000861,2.7900,2.8800,2.7700,2.8600,2.7700,4770730,13586121.9500,3,0.254831,1,3.249094,0
2018-02-13,sz.000861,2.8600,2.9000,2.8500,2.8600,2.8600,3423240,9828681.2000,3,0.182854,1,0.000000,0
2018-02-14,sz.000861,2.8500,2.8800,2.8500,2.8700,2.8600,1989240,5686849.5000,3,0.106256,1,0.349650,0
2018-02-22,sz.000861,2.8800,2.9100,2.8700,2.9100,2.8700,3383460,9775444.3000,3,0.180729,1,1.393735,0
2018-02-23,sz.000861,2.9100,2.9100,2.8800,2.9000,2.9100,2232290,6463204.3000,3,0.119239,1,-0.343642,0
2018-02-26,sz.000861,2.9200,2.9900,2.8900,2.9400,2.9000,4933638,14451948.7300,3,0.263533,1,1.379309,0
2018-02-27,sz.000861,2.9400,2.9500,2.9100,2.9200,2.9400,3142044,9209306.3400,3,0.167834,1,-0.680271,0
2018-02-28,sz.000861,2.9100,2.9700,2.9000,2.9200,2.9200,4169071,12201181.0300,3,0.222693,1,0.000000,0
2018-03-01,sz.000861,2.9100,2.9400,2.8900,2.9400,2.9200,4023290,11763396.9000,3,0.214906,1,0.684931,0
2018-03-02,sz.000861,2.9200,2.9300,2.8900,2.9100,2.9400,4070720,11838193.0000,3,0.217439,1,-1.020407,0
2018-03-05,sz.000861,2.9000,2.9100,2.8800,2.9000,2.9100,2922938,8467750.7000,3,0.156130,1,-0.343642,0
2018-03-06,sz.000861,2.8900,2.9700,2.8900,2.9700,2.9000,7304637,21484301.5100,3,0.390181,1,2.413791,0
2018-03-07,sz.000861,2.9600,2.9700,2.9400,2.9600,2.9700,3770027,11124967.9800,3,0.201378,1,-0.336700,0
2018-03-08,sz.000861,2.9600,2.9800,2.9400,2.9700,2.9600,3682100,10918438.8000,3,0.196681,1,0.337838,0
2018-03-09,sz.000861,2.9700,2.9800,2.9400,2.9800,2.9700,4083820,12107762.0000,3,0.218139,1,0.336700,0
2018-03-12,sz.000861,2.9800,3.0100,2.9700,3.0100,2.9800,4843500,14522680.5000,3,0.258717,1,1.006710,0
2018-03-13,sz.000861,3.0100,3.0200,2.9800,2.9800,3.0100,3771588,11293619.7600,3,0.201461,1,-0.996677,0
2018-03-14,sz.000861,2.9700,2.9700,2.9300,2.9300,2.9800,5355676,15760234.5200,3,0.286076,1,-1.677851,0
2018-03-15,sz.000861,2.9300,2.9400,2.9000,2.9400,2.9300,3559805,10408084.0300,3,0.190148,1,0.341297,0
2018-03-16,sz.000861,2.9400,2.9500,2.9100,2.9200,2.9400,2853070,8381160.8000,3,0.152398,1,-0.680271,0
2018-03-19,sz.000861,2.9100,3.2100,2.9100,3.1100,2.9200,27784554,86246847.7700,3,1.484123,1,6.506843,0
2018-03-20,sz.000861,3.0500,3.0900,3.0100,3.0500,3.1100,12334614,37538510.5500,3,0.658858,1,-1.929259,0
2018-03-21,sz.000861,3.0500,3.0600,3.0100,3.0100,3.0500,7859630,23861010.0000,3,0.419825,1,-1.311474,0
2018-03-22,sz.000861,3.0200,3.0500,3.0000,3.0400,3.0100,6442974,19492453.7400,3,0.344154,1,0.996677,0
2018-03-23,sz.000861,3.0000,3.0000,2.7500,2.8600,3.0400,11788994,34209537.8600,3,0.629714,1,-5.921055,0
2018-03-26,sz.000861,2.8000,2.8700,2.7700,2.8600,2.8600,5490786,15533863.9200,3,0.293292,1,0.000000,0
2018-03-27,sz.000861,2.8800,2.9300,2.8800,2.9100,2.8600,5169480,15030795.6000,3,0.276130,1,1.748258,0
2018-03-28,sz.000861,2.8900,2.9000,2.8700,2.8800,2.9100,3181297,9189488.7300,3,0.169930,1,-1.030927,0
2018-03-29,sz.000861,2.8800,2.9200,2.8700,2.9200,2.8800,4011020,11594470.0000,3,0.214250,1,1.388888,0
2018-03-30,sz.000861,2.9100,2.9200,2.8900,2.9100,2.9200,4090813,11867109.3300,3,0.218512,1,-0.342465,0
2018-04-02,sz.000861,2.9000,2.9200,2.8900,2.9000,2.9100,3377670,9816959.3000,3,0.180420,1,-0.343642,0
2018-04-03,sz.000861,2.8700,2.8800,2.8400,2.8600,2.9000,3930940,11233664.5000,3,0.209973,1,-1.379317,0
2018-04-04,sz.000861,2.8700,2.8900,2.8400,2.8500,2.8600,2974290,8523175.3000,3,0.158873,1,-0.349650,0
2018-04-09,sz.000861,2.8500,2.8500,2.7900,2.8300,2.8500,3809080,10743200.0000,3,0.203463,1,-0.701754,0
2018-04-10,sz.000861,2.8200,2.8500,2.8100,2.8400,2.8300,2920651,8261297.8200,3,0.156008,1,0.353357,0
2018-04-11,sz.000861,2.8500,2.8700,2.8400,2.8600,2.8400,2984484,8523429.0600,3,0.159417,1,0.704225,0
2018-04-12,sz.000861,2.8600,2.8900,2.8500,2.8600,2.8600,4057840,11638052.7000,3,0.216751,1,0.000000,0
2018-04-13,sz.000861,2.8500,2.8600,2.8300,2.8600,2.8600,2974130,8459049.5000,3,0.158864,1,0.000000,0
2018-04-16,sz.000861,2.8500,2.8600,2.8000,2.8100,2.8600,3707370,10482855.4000,3,0.198031,1,-1.748250,0
2018-04-17,sz.000861,2.8100,2.8300,2.7700,2.7800,2.8100,3197250,8947830.0000,3,0.170782,1,-1.067615,0
2018-04-18,sz.000861,2.8000,2.8100,2.7600,2.7900,2.7800,2934369,8160365.5600,3,0.156740,1,0.359712,0
2018-04-19,sz.000861,2.7800,2.8100,2.7800,2.8000,2.7900,2339273,6545226.6700,3,0.124953,1,0.358423,0
2018-04-20,sz.000861,2.7900,2.8000,2.7500,2.7600,2.8000,2770203,7688566.5400,3,0.147971,1,-1.428570,0
2018-04-23,sz.000861,2.7500,2.7700,2.7300,2.7600,2.7600,2565540,7050477.0000,3,0.137039,1,0.000000,0
2018-04-24,sz.000861,2.7600,2.8200,2.7600,2.8000,2.7600,3617121,10097534.9900,3,0.193210,1,1.449274,0
2018-04-25,sz.000861,2.7900,2.8400,2.7800,2.8300,2.8000,3982780,11233654.1000,3,0.212742,1,1.071428,0
2018-04-26,sz.000861,2.8300,2.8400,2.7700,2.7700,2.8300,3343660,9350228.4000,3,0.178603,1,-2.120139,0
2018-04-27,sz.000861,2.7600,2.7900,2.7500,2.7800,2.7700,3227350,8936536.4100,3,0.172390,1,0.361011,0
2018-05-02,sz.000861,2.7800,2.8000,2.7500,2.7700,2.7800,2363569,6553645.3600,3,0.126251,1,-0.359712,0
2018-05-03,sz.000861,2.7600,2.7900,2.7400,2.7900,2.7700,3338550,9234544.6000,3,0.178330,1,0.722021,0
2018-05-04,sz.000861,2.7800,2.7800,2.7000,2.7500,2.7900,8630355,23597904.4000,3,0.460994,1,-1.433690,0
2018-05-07,sz.000861,2.7400,2.8000,2.7400,2.7900,2.7500,5612039,15583199.0200,3,0.299769,1,1.454544,0
2018-05-08,sz.000861,2.7900,2.8000,2.7800,2.7900,2.7900,3307570,9225943.7000,3,0.176675,1,0.000000,0
2018-05-09,sz.000861,2.7900,2.8000,2.7800,2.7900,2.7900,2365900,6604290.7000,3,0.126375,1,0.000000,0
2018-05-10,sz.000861,2.7900,2.8400,2.7700,2.8200,2.7900,6755238,18899474.0000,3,0.360834,1,1.075268,0
2018-05-11,sz.000861,2.8100,2.8100,2.7800,2.7900,2.8200,4253748,11879308.4400,3,0.227216,1,-1.063829,0
2018-05-14,sz.000861,2.7800,2.8000,2.7700,2.7800,2.7900,2746016,7630332.1200,3,0.146680,1,-0.358423,0
2018-05-15,sz.000861,2.7700,2.7900,2.7600,2.7900,2.7800,3409110,9459289.1000,3,0.182099,1,0.359712,0
2018-05-16,sz.000861,2.7800,2.7900,2.7600,2.7700,2.7900,3378652,9361572.0000,3,0.180472,1,-0.716845,0
2018-05-17,sz.000861,2.7700,2.7800,2.7600,2.7700,2.7700,2495440,6908934.4000,3,0.133295,1,0.000000,0
2018-05-18,sz.000861,2.7600,2.8000,2.7600,2.7900,2.7700,3227880,8958826.0000,3,0.172418,1,0.722021,0
2018-05-21,sz.000861,2.8000,2.8500,2.7900,2.8300,2.7900,6369717,17989231.8400,3,0.340241,1,1.433690,0
2018-05-22,sz.000861,2.8400,2.8500,2.8000,2.8300,2.8300,3939896,11125544.2200,3,0.210451,1,0.000000,0
2018-05-23,sz.000861,2.8400,2.8400,2.7900,2.7900,2.8300,3348320,9400457.8000,3,0.178852,1,-1.413426,0
2018-05-24,sz.000861,2.8000,2.8100,2.7600,2.7800,2.7900,3969817,11020125.7200,3,0.212049,1,-0.358423,0
2018-05-25,sz.000861,2.7700,2.7800,2.7200,2.7300,2.7800,3721040,10216189.2000,3,0.198761,1,-1.798560,0
2018-05-28,sz.000861,2.7400,2.7400,2.7000,2.7200,2.7300,4357530,11855274.9000,3,0.232759,1,-0.366300,0
2018-05-29,sz.000861,2.7100,2.7400,2.7000,2.7100,2.7200,3231600,8770189.2000,3,0.172617,1,-0.367647,0
2018-05-30,sz.000861,2.7000,2.7000,2.6200,2.6200,2.7100,4720640,12531789.7000,3,0.252155,1,-3.321039,0
2018-05-31,sz.000861,2.6300,2.6600,2.6300,2.6600,2.6200,2167522,5735064.3700,3,0.115779,1,1.526725,0
2018-06-01,sz.000861,2.6400,2.6700,2.6200,2.6400,2.6600,3162308,8365064.7000,3,0.168916,1,-0.751879,0
2018-06-04,sz.000861,2.6400,2.6700,2.6200,2.6300,2.6400,3896830,10286587.0000,3,0.208151,1,-0.378787,0
2018-06-05,sz.000861,2.6300,2.6600,2.6200,2.6500,2.6300,2617600,6914523.3000,3,0.139820,1,0.760455,0
2018-06-06,sz.000861,2.6400,2.6600,2.6400,2.6500,2.6500,2357481,6241965.3500,3,0.125926,1,0.000000,0
2018-06-07,sz.000861,2.6600,2.6600,2.6100,2.6100,2.6500,4017900,10581750.0000,3,0.214618,1,-1.509441,0
2018-06-08,sz.000861,2.6200,2.6200,2.5200,2.5500,2.6100,7092320,18035298.2300,3,0.378839,1,-2.298849,0
2018-06-11,sz.000861,2.5400,2.5500,2.4900,2.5000,2.5500,5803150,14573557.5000,3,0.309978,1,-1.960783,0
2018-06-12,sz.000861,2.5000,2.5200,2.4700,2.5200,2.5000,7104638,17687732.4400,3,0.379497,1,0.799999,0
2018-06-13,sz.000861,2.5100,2.5400,2.4400,2.5000,2.5200,6592614,16329105.2000,3,0.352147,1,-0.793650,0
2018-06-14,sz.000861,2.4800,2.5700,2.4600,2.5200,2.5000,7527130,18828556.4200,3,0.402065,1,0.799999,0
2018-06-15,sz.000861,2.5000,2.5100,2.3800,2.4000,2.5200,6988713,17231912.9400,3,0.373305,1,-4.761900,0
2018-06-19,sz.000861,2.3800,2.3800,2.1600,2.3700,2.4000,12139290,27481853.8400,3,0.648425,1,-1.250009,0
2018-06-20,sz.000861,2.2700,2.5000,2.2100,2.5000,2.3700,15716570,36965075.8900,3,0.839507,1,5.485237,0
2018-06-21,sz.000861,2.5000,2.5000,2.3600,2.4700,2.5000,14933174,36213140.1700,3,0.797661,1,-1.199999,0
2018-06-22,sz.000861,2.4700,2.4700,2.3200,2.4700,2.4700,15538344,37251049.5600,3,0.829987,1,0.000000,0
2018-06-25,sz.000861,2.4200,2.4500,2.3700,2.4500,2.4700,7851360,18977967.2000,3,0.419383,1,-0.809716,0
2018-06-26,sz.000861,2.4000,2.4700,2.3300,2.4700,2.4500,11336720,27359816.9100,3,0.605555,1,0.816326,0
2018-06-27,sz.000861,2.5000,2.5000,2.3600,2.4500,2.4700,13503900,32612928.6000,3,0.721316,1,-0.809716,0
2018-06-28,sz.000861,2.4500,2.4500,2.3600,2.4300,2.4500,8404014,20231952.1600,3,0.448904,1,-0.816326,0
2018-06-29,sz.000861,2.3900,2.5200,2.3800,2.5100,2.4300,15135856,37132691.2000,3,0.808488,1,3.292178,0
2018-07-02,sz.000861,2.5000,2.5000,2.4700,2.4900,2.5100,8016224,19923052.2200,3,0.428190,1,-0.796812,0
2018-07-03,sz.000861,2.5800,2.5800,2.3900,2.4700,2.4900,15407134,37847175.8000,3,0.822978,1,-0.803212,0
2018-07-04,sz.000861,2.4300,2.4300,2.3900,2.4300,2.4700,6470211,15638000.4800,3,0.345609,1,-1.619432,0
2018-07-05,sz.000861,2.4200,2.4200,2.3500,2.3900,2.4300,8596300,20473432.8000,3,0.459175,1,-1.646089,0
2018-07-06,sz.000861,2.3700,2.4100,2.3200,2.4100,2.3900,9722520,23049979.4000,3,0.519332,1,0.836819,0
2018-07-09,sz.000861,2.3900,2.5000,2.3500,2.4300,2.4100,12041240,29043571.5000,3,0.643187,1,0.829875,0
2018-07-10,sz.000861,2.4100,2.4500,2.3800,2.4400,2.4300,8679510,20957275.0000,3,0.463619,1,0.411522,0
2018-07-11,sz.000861,2.4200,2.4200,2.3600,2.4100,2.4400,8775530,20933965.1000,3,0.468748,1,-1.229507,0
2018-07-12,sz.000861,2.3800,2.4400,2.3700,2.4300,2.4100,7346724,17790396.5400,3,0.392428,1,0.829875,0
2018-07-13,sz.000861,2.4200,2.4500,2.4000,2.4300,2.4300,7086707,17124450.8000,3,0.378539,1,0.000000,0
2018-07-16,sz.000861,2.4200,2.4300,2.4000,2.4000,2.4300,4057340,9774669.8000,3,0.216724,1,-1.234567,0
2018-07-17,sz.000861,2.4000,2.4200,2.3900,2.4100,2.4000,2490670,5980635.8000,3,0.133040,1,0.416666,0
2018-07-18,sz.000861,2.4000,2.4200,2.3800,2.4100,2.4100,5059970,12167818.3000,3,0.270280,1,0.000000,0
2018-07-19,sz.000861,2.4000,2.4100,2.3700,2.4100,2.4100,6066594,14516410.1200,3,0.324049,1,0.000000,0
2018-07-20,sz.000861,2.3900,2.4200,2.3800,2.4200,2.4100,5187144,12482033.7200,3,0.277073,1,0.414937,0
2018-07-23,sz.000861,2.4000,2.4600,2.4000,2.4400,2.4200,4647360,11283824.1000,3,0.248241,1,0.826446,0
2018-07-24,sz.000861,2.4300,2.4800,2.4300,2.4600,2.4400,7060950,17382528.8600,3,0.377163,1,0.819671,0
2018-07-25,sz.000861,2.4700,2.5200,2.4500,2.5100,2.4600,8815500,21908339.1400,3,0.470883,1,2.032518,0
2018-07-26,sz.000861,2.5000,2.6300,2.5000,2.5700,2.5100,17759618,45735811.3200,3,0.948637,1,2.390436,0
2018-07-27,sz.000861,2.5800,2.5800,2.5100,2.5600,2.5700,8092270,20544391.2000,3,0.432252,1,-0.389105,0
2018-07-30,sz.000861,2.5400,2.5700,2.5100,2.5700,2.5600,7797750,19807715.6000,3,0.416520,1,0.390625,0
2018-07-31,sz.000861,2.5400,2.5900,2.5400,2.5900,2.5700,7441673,19083041.3000,3,0.397500,1,0.778209,0
2018-08-01,sz.000861,2.5800,2.6000,2.5500,2.5900,2.5900,7424653,19109022.0800,3,0.396591,1,0.000000,0
2018-08-02,sz.000861,2.5700,2.5700,2.5000,2.5500,2.5900,7850070,19885903.9000,3,0.419314,1,-1.544400,0
2018-08-03,sz.000861,2.5200,2.5800,2.5100,2.5600,2.5500,5717230,14557986.5000,3,0.305388,1,0.392157,0
2018-08-06,sz.000861,2.5600,2.5600,2.5100,2.5200,2.5600,4426250,11212134.6000,3,0.219108,1,-1.562499,0
2018-08-07,sz.000861,2.5100,2.5600,2.5100,2.5600,2.5200,4289764,10897095.2400,3,0.212352,1,1.587300,0
2018-08-08,sz.000861,2.5500,2.8000,2.5500,2.6500,2.5600,28553262,77031046.5700,3,1.413444,1,3.515631,0
2018-08-09,sz.000861,2.6200,2.8100,2.6200,2.7200,2.6500,14420826,39179168.8600,3,0.713860,1,2.641507,0
2018-08-10,sz.000861,2.7000,2.7400,2.6600,2.7400,2.7200,10012080,27010101.4000,3,0.495618,1,0.735293,0
2018-08-13,sz.000861,2.8000,2.8200,2.7300,2.7500,2.7400,21321602,59338300.6700,3,1.055462,1,0.364963,0
2018-08-14,sz.000861,2.8000,2.8000,2.6800,2.6900,2.7500,10204353,27645651.7900,3,0.505136,1,-2.181816,0
2018-08-15,sz.000861,2.6800,2.6800,2.6200,2.6500,2.6900,5831080,15437748.2000,3,0.288650,1,-1.486987,0
2018-08-16,sz.000861,2.6300,2.6500,2.5900,2.6500,2.6500,5053414,13257546.4200,3,0.250154,1,0.000000,0
2018-08-17,sz.000861,2.6400,2.6500,2.6000,2.6300,2.6500,3763042,9883969.0600,3,0.186278,1,-0.754716,0
2018-08-20,sz.000861,2.6100,2.6300,2.5800,2.6300,2.6300,4654360,12145849.9200,3,0.230400,1,0.000000,0
2018-08-21,sz.000861,2.6100,2.6600,2.6100,2.6500,2.6300,3704638,9772034.8200,3,0.183387,1,0.760455,0
2018-08-22,sz.000861,2.6600,2.6600,2.6100,2.6400,2.6500,4849308,12743369.9200,3,0.240050,1,-0.377358,0
2018-08-23,sz.000861,2.6200,2.6400,2.6100,2.6200,2.6400,3613435,9475799.6000,3,0.178872,1,-0.757584,0
2018-08-24,sz.000861,2.6200,2.6400,2.6000,2.6200,2.6200,3101000,8133917.0000,3,0.153506,1,0.000000,0
2018-08-27,sz.000861,2.6200,2.6400,2.6100,2.6100,2.6200,5536663,14522415.0600,3,0.274076,1,-0.381679,0
2018-08-28,sz.000861,2.6100,2.6200,2.5800,2.5900,2.6100,3542600,9205793.0000,3,0.175366,1,-0.766283,0
2018-08-29,sz.000861,2.5900,2.6000,2.5700,2.5800,2.5900,2285339,5910331.1300,3,0.113129,1,-0.386100,0
2018-08-30,sz.000861,2.5800,2.6000,2.5400,2.5900,2.5800,5384618,13831802.4000,3,0.266549,1,0.387597,0
2018-08-31,sz.000861,2.5700,2.6200,2.5700,2.5900,2.5900,2645650,6848607.0000,3,0.130965,1,0.000000,0
2018-09-03,sz.000861,2.5800,2.6000,2.5600,2.5800,2.5900,2053610,5290862.7000,3,0.101658,1,-0.386100,0
2018-09-04,sz.000861,2.5800,2.6400,2.5700,2.6200,2.5800,3535279,9211059.3500,3,0.175003,1,1.550386,0
2018-09-05,sz.000861,2.6600,2.6600,2.6000,2.6200,2.6200,2902900,7626747.7000,3,0.143699,1,0.000000,0
2018-09-06,sz.000861,2.6300,2.6400,2.6000,2.6200,2.6200,2868400,7516833.2000,3,0.141992,1,0.000000,0
2018-09-07,sz.000861,2.6300,2.6400,2.6000,2.6200,2.6200,3010691,7888636.7200,3,0.149035,1,0.000000,0
2018-09-10,sz.000861,2.6400,2.7800,2.6000,2.6800,2.6200,19211512,51927378.6000,3,0.951008,1,2.290083,0
2018-09-11,sz.000861,2.6500,2.6800,2.6400,2.6500,2.6800,4614462,12248671.0000,3,0.228425,1,-1.119402,0
2018-09-12,sz.000861,2.6500,2.6500,2.6200,2.6200,2.6500,2632402,6915900.2400,3,0.130309,1,-1.132083,0
2018-09-13,sz.000861,2.6200,2.6400,2.6200,2.6300,2.6200,1713870,4501992.0000,3,0.084840,1,0.381688,0
2018-09-14,sz.000861,2.6300,2.6300,2.6100,2.6100,2.6300,1828769,4791869.7800,3,0.090528,1,-0.760465,0
2018-09-17,sz.000861,2.6200,2.6200,2.5700,2.5700,2.6100,1587744,4105113.5200,3,0.078597,1,-1.532566,0
2018-09-18,sz.000861,2.5400,2.5900,2.5400,2.5800,2.5700,1920030,4928827.5000,3,0.095045,1,0.389105,0
2018-09-19,sz.000861,2.5800,2.6100,2.5700,2.5900,2.5800,2073074,5374506.4000,3,0.102621,1,0.387597,0
2018-09-20,sz.000861,2.6000,2.6100,2.5800,2.5800,2.5900,2024560,5250948.8000,3,0.100220,1,-0.386100,0
2018-09-21,sz.000861,2.5800,2.6100,2.5700,2.6000,2.5800,1646296,4262017.3700,3,0.081495,1,0.775193,0
2018-09-25,sz.000861,2.5900,2.5900,2.5600,2.5800,2.6000,2465995,6351264.1500,3,0.122072,1,-0.769230,0
2018-09-26,sz.000861,2.5700,2.6000,2.5700,2.5800,2.5800,2038088,5259111.1600,3,0.100889,1,0.000000,0
2018-09-27,sz.000861,2.5800,2.5900,2.5600,2.5600,2.5800,1936732,4977539.7400,3,0.095872,1,-0.775193,0
2018-09-28,sz.000861,2.5600,2.5800,2.5500,2.5700,2.5600,1956068,5024192.6800,3,0.096829,1,0.390625,0
2018-10-08,sz.000861,2.5500,2.5600,2.5200,2.5200,2.5700,2417134,6135554.4200,3,0.119647,1,-1.945524,0
2018-10-09,sz.000861,2.5400,2.5500,2.5200,2.5400,2.5200,1998470,5075264.9000,3,0.098923,1,0.793650,0
2018-10-10,sz.000861,2.5500,2.5800,2.5300,2.5700,2.5400,1855060,4765233.6000,3,0.091824,1,1.181101,0
2018-10-11,sz.000861,2.5300,2.5500,2.4100,2.4700,2.5700,8980088,22284998.6000,3,0.444509,1,-3.891047,0
2018-10-12,sz.000861,2.4400,2.5400,2.4100,2.4700,2.4700,5440870,13496385.1000,3,0.269320,1,0.000000,0
2018-10-15,sz.000861,2.4800,2.5000,2.4500,2.4500,2.4700,2194759,5423926.4100,3,0.108639,1,-0.809716,0
2018-10-16,sz.000861,2.4300,2.4800,2.4200,2.4500,2.4500,3680914,9061839.3600,3,0.182203,1,0.000000,0
2018-10-17,sz.000861,2.4800,2.4800,2.4400,2.4600,2.4500,1082650,2657277.5000,3,0.053590,1,0.408163,0
2018-10-18,sz.000861,2.4300,2.4500,2.3700,2.4000,2.4600,2521300,6053362.1000,3,0.124803,1,-2.439022,0
2018-10-19,sz.000861,2.3100,2.4100,2.3100,2.4000,2.4000,1998195,4729036.1500,3,0.098909,1,0.000000,0
2018-10-22,sz.000861,2.3800,2.5000,2.3800,2.4600,2.4000,4596013,11291847.8200,3,0.227500,1,2.499997,0
2018-10-23,sz.000861,2.4700,2.4800,2.4300,2.4500,2.4600,2069900,5068709.4000,3,0.102459,1,-0.406504,0
2018-10-24,sz.000861,2.4100,2.4800,2.4100,2.4500,2.4500,1881654,4613142.2600,3,0.093141,1,0.000000,0
2018-10-25,sz.000861,2.4100,2.4500,2.2100,2.4300,2.4500,2963623,7124853.7700,3,0.146697,1,-0.816326,0
2018-10-26,sz.000861,2.4200,2.5100,2.4200,2.5000,2.4300,5990024,14913432.2000,3,0.296502,1,2.880656,0
2018-10-29,sz.000861,2.5000,2.5500,2.4800,2.4900,2.5000,3981255,10033299.9000,3,0.197070,1,-0.400000,0
2018-10-30,sz.000861,2.5000,2.5100,2.4700,2.5000,2.4900,1850900,4614539.0000,3,0.091618,1,0.401606,0
2018-10-31,sz.000861,2.5000,2.5200,2.4900,2.5100,2.5000,2450720,6141534.0000,3,0.121309,1,0.400000,0
2018-11-01,sz.000861,2.5000,2.5400,2.5000,2.5100,2.5100,2817760,7087554.9000,3,0.139477,1,0.000000,0
2018-11-02,sz.000861,2.5200,2.5500,2.5100,2.5400,2.5100,4222190,10677854.8000,3,0.208996,1,1.195218,0
2018-11-05,sz.000861,2.5400,2.5600,2.5200,2.5300,2.5400,2454200,6221742.3000,3,0.121481,1,-0.393700,0
2018-11-06,sz.000861,2.5100,2.5300,2.5000,2.5200,2.5300,2786290,7013301.6000,3,0.137920,1,-0.395257,0
2018-11-07,sz.000861,2.5300,2.5600,2.5100,2.5400,2.5200,4296310,10912868.9000,3,0.212665,1,0.793650,0
2018-11-08,sz.000861,2.5400,2.5800,2.5300,2.5500,2.5400,4513383,11521773.5500,3,0.223410,1,0.393700,0
2018-11-09,sz.000861,2.5300,2.5600,2.5200,2.5400,2.5500,3048444,7737344.8800,3,0.150896,1,-0.392157,0
2018-11-12,sz.000861,2.5300,2.6100,2.5300,2.6000,2.5400,6470952,16719110.1600,3,0.320308,1,2.362202,0
2018-11-13,sz.000861,2.5900,2.6800,2.5800,2.6700,2.6000,8145191,21629227.0600,3,0.403182,1,2.692314,0
2018-11-14,sz.000861,2.6800,2.7300,2.6400,2.6600,2.6700,7632198,20400443.4000,3,0.377789,1,-0.374532,0
2018-11-15,sz.000861,2.6800,2.7600,2.6600,2.7500,2.6600,10680763,28974136.8200,3,0.528691,1,3.383456,0
2018-11-16,sz.000861,2.7600,2.7700,2.7100,2.7300,2.7500,6473150,17708677.1000,3,0.320417,1,-0.727272,0
2018-11-19,sz.000861,2.7400,2.7500,2.7100,2.7200,2.7300,6728020,18343854.6000,3,0.333033,1,-0.366300,0
2018-11-20,sz.000861,2.7200,2.7200,2.6600,2.7000,2.7200,8150495,21941409.1500,3,0.403444,1,-0.735293,0
2018-11-21,sz.000861,2.6700,2.7100,2.6600,2.7100,2.7000,4310838,11583205.5100,3,0.213384,1,0.370370,0
2018-11-22,sz.000861,2.7100,2.7100,2.6800,2.7000,2.7100,2156140,5819167.3000,3,0.106728,1,-0.369003,0
2018-11-23,sz.000861,2.6900,2.7000,2.6200,2.6500,2.7000,4739300,12553177.0000,3,0.234592,1,-1.851850,0
2018-11-26,sz.000861,2.6300,2.6700,2.5900,2.6300,2.6500,2992160,7862562.8000,3,0.148110,1,-0.754716,0
2018-11-27,sz.000861,2.6400,2.6400,2.5900,2.6200,2.6300,2556070,6675147.2000,3,0.126524,1,-0.380237,0
2018-11-28,sz.000861,2.6200,2.6400,2.5900,2.6300,2.6200,1977482,5182326.6600,3,0.097884,1,0.381688,0
2018-11-29,sz.000861,2.6300,2.6500,2.5900,2.6100,2.6300,2941542,7695106.6800,3,0.145604,1,-0.760465,0
2018-11-30,sz.000861,2.5900,2.6100,2.5800,2.6100,2.6100,1945291,5046047.9900,3,0.096291,1,0.000000,0
2018-12-03,sz.000861,2.6400,2.6700,2.6200,2.6500,2.6100,3248800,8600790.4900,3,0.160814,1,1.532575,0
2018-12-04,sz.000861,2.6500,2.6600,2.6300,2.6600,2.6500,2571580,6819852.3000,3,0.127292,1,0.377358,0
2018-12-05,sz.000861,2.6500,2.6500,2.6200,2.6500,2.6600,3670400,9667913.0000,3,0.181683,1,-0.375939,0
2018-12-06,sz.000861,2.6500,2.6500,2.6100,2.6200,2.6500,2225338,5830058.8600,3,0.110153,1,-1.132083,0
2018-12-07,sz.000861,2.6200,2.6200,2.5900,2.5900,2.6200,2453100,6392010.5000,3,0.121427,1,-1.145037,0
2018-12-10,sz.000861,2.5700,2.6000,2.5400,2.5600,2.5900,3568440,9164413.8000,3,0.176636,1,-1.158300,0
2018-12-11,sz.000861,2.5800,2.5800,2.5500,2.5600,2.5600,1716381,4404509.1600,3,0.084960,1,0.000000,0
2018-12-12,sz.000861,2.5700,2.6100,2.5600,2.5900,2.5600,2788000,7220965.7000,3,0.138004,1,1.171874,0
2018-12-13,sz.000861,2.6000,2.6300,2.5900,2.6200,2.5900,4020300,10520488.1000,3,0.199002,1,1.158300,0
2018-12-14,sz.000861,2.6100,2.6200,2.5600,2.5600,2.6200,3199020,8318532.6000,3,0.158349,1,-2.290074,0
2018-12-17,sz.000861,2.5600,2.5800,2.5400,2.5600,2.5600,2253351,5771128.0600,3,0.111539,1,0.000000,0
2018-12-18,sz.000861,2.5500,2.5500,2.5000,2.5200,2.5600,2669648,6736861.1800,3,0.132146,1,-1.562499,0
2018-12-19,sz.000861,2.5500,2.5500,2.5000,2.5100,2.5200,1571860,3961504.4000,3,0.077806,1,-0.396825,0
2018-12-20,sz.000861,2.5100,2.5300,2.5000,2.5100,2.5100,2482044,6227772.8400,3,0.122860,1,0.000000,0
2018-12-21,sz.000861,2.5100,2.5100,2.4800,2.5000,2.5100,1845370,4595745.3000,3,0.091345,1,-0.398406,0
2018-12-24,sz.000861,2.5100,2.5100,2.4800,2.5000,2.5000,992322,2482226.5800,3,0.049119,1,0.000000,0
2018-12-25,sz.000861,2.5000,2.5000,2.4500,2.4800,2.5000,3068117,7580570.3000,3,0.151870,1,-0.799999,0
2018-12-26,sz.000861,2.4800,2.4900,2.4500,2.4700,2.4800,1731412,4275216.1300,3,0.085704,1,-0.403225,0
2018-12-27,sz.000861,2.4900,2.5000,2.4400,2.4400,2.4700,1829778,4521345.9600,3,0.090573,1,-1.214574,0
2018-12-28,sz.000861,2.4400,2.5100,2.4400,2.5100,2.4400,4143551,10246213.0300,3,0.205103,1,2.868850,0
2019-01-02,sz.000861,2.4800,2.5100,2.4800,2.4900,2.5100,2118980,5282762.2000,3,0.104888,1,-0.796812,0
2019-01-03,sz.000861,2.5100,2.5300,2.5000,2.5100,2.4900,2375580,5974908.2000,3,0.116163,1,0.803212,0
2019-01-04,sz.000861,2.5000,2.5500,2.4900,2.5300,2.5100,2610430,6602939.9000,3,0.127647,1,0.796812,0
2019-01-07,sz.000861,2.5400,2.5400,2.5000,2.5200,2.5300,7791170,19607319.9000,3,0.380980,1,-0.395257,0
2019-01-08,sz.000861,2.5200,2.5200,2.4900,2.5100,2.5200,4047910,10138539.0000,3,0.197939,1,-0.396825,0
2019-01-09,sz.000861,2.5000,2.5300,2.5000,2.5100,2.5100,3733030,9400475.8000,3,0.182541,1,0.000000,0
2019-01-10,sz.000861,2.5000,2.5200,2.4800,2.4800,2.5100,3590303,8981405.5000,3,0.175562,1,-1.195218,0
2019-01-11,sz.000861,2.4800,2.5100,2.4800,2.5000,2.4800,3382710,8441787.9000,3,0.165411,1,0.806451,0
2019-01-14,sz.000861,2.4900,2.5000,2.4700,2.4900,2.5000,2582030,6423579.6000,3,0.126259,1,-0.400000,0
2019-01-15,sz.000861,2.4900,2.5000,2.4600,2.4700,2.4900,6909890,17099488.0000,3,0.337887,1,-0.803212,0
2019-01-16,sz.000861,2.4700,2.6000,2.4700,2.5600,2.4700,12025391,30492095.8500,3,0.588030,1,3.643721,0
2019-01-17,sz.000861,2.5600,2.5600,2.5000,2.5100,2.5600,6588900,16661031.0000,3,0.322191,1,-1.953123,0
2019-01-18,sz.000861,2.5100,2.5300,2.5000,2.5100,2.5100,3210129,8077610.7900,3,0.156972,1,0.000000,0
2019-01-21,sz.000861,2.5100,2.5300,2.5100,2.5200,2.5100,2309100,5809781.0000,3,0.112913,1,0.398406,0
2019-01-22,sz.000861,2.5100,2.5300,2.4900,2.5000,2.5200,2561100,6427206.0000,3,0.125235,1,-0.793650,0
2019-01-23,sz.000861,2.5000,2.5100,2.4800,2.4800,2.5000,2027030,5054352.0000,3,0.099120,1,-0.799999,0
2019-01-24,sz.000861,2.4900,2.5000,2.4700,2.5000,2.4800,2183854,5433137.1800,3,0.106788,1,0.806451,0
2019-01-25,sz.000861,2.4900,2.5000,2.4700,2.4700,2.5000,2530160,6273527.2000,3,0.123722,1,-1.199999,0
2019-01-28,sz.000861,2.4700,2.4900,2.4500,2.4500,2.4700,2054793,5075902.2400,3,0.100477,1,-0.809716,0
2019-01-29,sz.000861,2.4700,2.5000,2.4200,2.4600,2.4500,4446154,10951069.7600,3,0.225060,1,0.408163,0
2019-01-30,sz.000861,2.4500,2.4700,2.4400,2.4500,2.4600,2812734,6910042.3000,3,0.142378,1,-0.406504,0
2019-01-31,sz.000861,2.4500,2.5000,2.4200,2.4700,2.4500,4771759,11733899.3200,3,0.241542,1,0.816326,0
2019-02-01,sz.000861,2.4600,2.5200,2.4600,2.5200,2.4700,4236937,10568805.6000,3,0.214469,1,2.024290,0
2019-02-11,sz.000861,2.5200,2.5600,2.4700,2.5400,2.5200,8649905,21783042.3000,3,0.437849,1,0.793650,0
2019-02-12,sz.000861,2.5300,2.5600,2.5200,2.5500,2.5400,5298630,13462135.9000,3,0.268211,1,0.393700,0
2019-02-13,sz.000861,2.5400,2.5900,2.5300,2.5800,2.5500,8473131,21675450.8800,3,0.428901,1,1.176469,0
2019-02-14,sz.000861,2.5800,2.5800,2.5400,2.5500,2.5800,4747254,12149260.7800,3,0.240301,1,-1.162790,0
2019-02-15,sz.000861,2.5500,2.5600,2.5300,2.5300,2.5500,3622950,9206901.0000,3,0.183390,1,-0.784313,0
2019-02-18,sz.000861,2.5300,2.6000,2.5300,2.5900,2.5300,7380033,18996793.1000,3,0.373570,1,2.371539,0
2019-02-19,sz.000861,2.6000,2.6400,2.5600,2.5900,2.5900,10798647,28095109.1700,3,0.546616,1,0.000000,0
2019-02-20,sz.000861,2.5900,2.6000,2.5700,2.6000,2.5900,5676336,14669554.9200,3,0.287330,1,0.386100,0
2019-02-21,sz.000861,2.6000,2.6200,2.5700,2.5700,2.6000,5876870,15248925.9000,3,0.297481,1,-1.153845,0
2019-02-22,sz.000861,2.5800,2.6200,2.5500,2.6100,2.5700,7236330,18741773.4800,3,0.366296,1,1.556419,0
2019-02-25,sz.000861,2.6300,2.7500,2.6200,2.7400,2.6100,22808955,61494374.7100,3,1.154566,1,4.980848,0
2019-02-26,sz.000861,2.8200,2.8500,2.7400,2.7900,2.7400,27289789,76177080.9700,3,1.381381,1,1.824816,0
2019-02-27,sz.000861,2.7900,3.0700,2.7800,3.0700,2.7900,100704868,304086658.6700,3,5.097577,1,10.035840,0
2019-02-28,sz.000861,3.1200,3.1200,2.9000,2.9300,3.0700,62078798,186032369.9700,3,3.142365,1,-4.560256,0
2019-03-01,sz.000861,2.9000,3.0300,2.8800,2.9500,2.9300,30622416,90045481.3600,3,1.550075,1,0.682593,0
2019-03-04,sz.000861,2.9700,3.0300,2.9300,2.9700,2.9500,37398862,111699413.2600,3,1.893092,1,0.677965,0
2019-03-05,sz.000861,2.9600,3.0300,2.9300,3.0200,2.9700,28797645,85733877.8100,3,1.457707,1,1.683500,0
2019-03-06,sz.000861,3.0200,3.1100,2.9700,3.1100,3.0200,43398005,131731560.3700,3,2.196763,1,2.980130,0
2019-03-07,sz.000861,3.1000,3.2800,3.0500,3.1900,3.1100,45400137,144162512.8600,3,2.298109,1,2.572353,0
2019-03-08,sz.000861,3.1000,3.1500,2.9300,2.9400,3.1900,36509444,111519102.8400,3,1.848071,1,-7.836991,0
2019-03-11,sz.000861,2.9500,3.0500,2.9300,3.0400,2.9400,19565065,58399753.9300,3,0.990364,1,3.401357,0
2019-03-12,sz.000861,3.0600,3.1000,2.9900,3.0500,3.0400,27054333,82739201.0300,3,1.369463,1,0.328947,0
2019-03-13,sz.000861,3.0500,3.0700,2.9800,2.9900,3.0500,19629967,59231030.6300,3,0.993649,1,-1.967211,0
2019-03-14,sz.000861,2.9900,3.0200,2.8800,2.9100,2.9900,19049370,55934691.3000,3,0.964260,1,-2.675583,0
2019-03-15,sz.000861,2.9100,2.9700,2.9100,2.9500,2.9100,11075340,32611406.0600,3,0.560622,1,1.374569,0
2019-03-18,sz.000861,2.9600,3.0200,2.9300,3.0200,2.9500,14418514,42961262.0400,3,0.729850,1,2.372879,0
2019-03-19,sz.000861,3.0300,3.0400,2.9800,3.0000,3.0200,11091611,33367157.8100,3,0.561446,1,-0.662251,0
2019-03-20,sz.000861,2.9900,3.0000,2.9300,2.9700,3.0000,15356047,45544220.8500,3,0.777307,1,-0.999999,0
2019-03-21,sz.000861,2.9800,3.0400,2.9700,3.0200,2.9700,18149409,54683667.6900,3,0.918705,1,1.683500,0
2019-03-22,sz.000861,3.0200,3.0500,2.9800,3.0500,3.0200,15040472,45437269.1900,3,0.761333,1,0.993376,0
2019-03-25,sz.000861,3.0000,3.1400,2.9800,3.0900,3.0500,26639052,81708209.3000,3,1.348442,1,1.311474,0
2019-03-26,sz.000861,3.0700,3.1000,2.9900,3.0000,3.0900,14460902,43749785.4000,3,0.731996,1,-2.912619,0
2019-03-27,sz.000861,3.0100,3.0300,2.9800,2.9900,3.0000,8191171,24538515.5200,3,0.414629,1,-0.333333,0
2019-03-28,sz.000861,2.9800,3.0300,2.9600,2.9900,2.9900,10776877,32180859.1000,3,0.545514,1,0.000000,0
2019-03-29,sz.000861,2.9800,3.2800,2.9700,3.1500,2.9900,44761498,140197463.5200,3,2.265781,1,5.351173,0
2019-04-01,sz.000861,3.1700,3.2400,3.1100,3.1900,3.1500,33282483,105904682.3200,3,1.684725,1,1.269840,0
2019-04-02,sz.000861,3.1800,3.3200,3.1800,3.2400,3.1900,37529046,122308873.7400,3,1.899676,1,1.567397,0
2019-04-03,sz.000861,3.2100,3.2900,3.2000,3.2800,3.2400,20462714,66508352.4500,3,1.035798,1,1.234567,0
2019-04-04,sz.000861,3.2700,3.3100,3.1700,3.2100,3.2800,22990240,74150538.0200,3,1.163739,1,-2.134144,0
2019-04-08,sz.000861,3.2400,3.2600,3.1300,3.1900,3.2100,16705503,53431801.5400,3,0.845613,1,-0.623052,0
2019-04-09,sz.000861,3.1800,3.2200,3.1400,3.1900,3.1900,16369875,52032616.6700,3,0.828624,1,0.000000,0
2019-04-10,sz.000861,3.1700,3.1800,3.1300,3.1400,3.1900,17697760,55747492.2200,3,0.895840,1,-1.567397,0
2019-04-11,sz.000861,3.1600,3.1600,3.0900,3.0900,3.1400,11432472,35663394.4000,3,0.578698,1,-1.592363,0
2019-04-12,sz.000861,3.0800,3.1100,3.0400,3.0600,3.0900,11398312,34980009.8000,3,0.576969,1,-0.970873,0
2019-04-15,sz.000861,3.1000,3.1000,3.0100,3.0200,3.0600,12394370,38047923.4000,3,0.627388,1,-1.307188,0
2019-04-16,sz.000861,3.0200,3.0500,2.9500,3.0400,3.0200,25375557,75493174.5300,3,1.284481,1,0.662251,0
2019-04-17,sz.000861,3.0200,3.0900,3.0000,3.0900,3.0400,20210652,61598265.8200,3,1.023039,1,1.644735,0
2019-04-18,sz.000861,3.0800,3.0800,3.0400,3.0600,3.0900,11072641,33838987.6400,3,0.560484,1,-0.970873,0
2019-04-19,sz.000861,3.0400,3.1000,3.0400,3.0800,3.0600,12117125,37244261.5300,3,0.613355,1,0.653594,0
2019-04-22,sz.000861,3.0900,3.0900,3.0200,3.0300,3.0800,8717611,26559153.7400,3,0.441275,1,-1.623375,0
2019-04-23,sz.000861,3.0300,3.0300,2.9700,2.9700,3.0300,12081685,36272702.9000,3,0.611561,1,-1.980196,0
2019-04-24,sz.000861,2.9900,3.0000,2.9500,2.9800,2.9700,9806386,29116896.5600,3,0.496388,1,0.336700,0
2019-04-25,sz.000861,2.9800,2.9800,2.8500,2.8500,2.9800,13043143,38039518.5300,3,0.660228,1,-4.362420,0
2019-04-26,sz.000861,2.8500,2.8500,2.7700,2.7800,2.8500,13518298,37763117.4400,3,0.684280,1,-2.456138,0
2019-04-29,sz.000861,2.7300,2.7400,2.5300,2.5900,2.7800,21404676,56010795.2900,3,1.083479,1,-6.834535,0
2019-04-30,sz.000861,2.5800,2.7100,2.5600,2.6700,2.5900,15997680,42231382.5700,3,0.809784,1,3.088809,0
2019-05-06,sz.000861,2.6000,2.6200,2.4800,2.5400,2.6700,15247929,39058721.5200,3,0.771832,1,-4.868918,0
2019-05-07,sz.000861,2.5500,2.5900,2.5200,2.5800,2.5400,10264837,26248551.5200,3,0.519594,1,1.574802,0
2019-05-08,sz.000861,2.5400,2.6200,2.5100,2.5900,2.5800,7366413,19007302.5300,3,0.372879,1,0.387597,0
2019-05-09,sz.000861,2.5800,2.6100,2.5600,2.5900,2.5900,5503742,14231734.5800,3,0.278593,1,0.000000,0
2019-05-10,sz.000861,2.5900,2.6500,2.5800,2.6400,2.5900,10210518,26767116.1300,3,0.516844,1,1.930509,0
2019-05-13,sz.000861,2.6100,2.6300,2.5800,2.6100,2.6400,4899567,12762204.8300,3,0.248010,1,-1.136371,0
2019-05-14,sz.000861,2.5800,2.6200,2.5700,2.6000,2.6100,4931250,12817956.5000,3,0.249614,1,-0.383141,0
2019-05-15,sz.000861,2.6100,2.6400,2.6000,2.6300,2.6000,5521960,14443790.0800,3,0.279515,1,1.153854,0
2019-05-16,sz.000861,2.6300,2.6600,2.6100,2.6500,2.6300,7097360,18709123.9000,3,0.359260,1,0.760455,0
2019-05-17,sz.000861,2.6500,2.6500,2.5600,2.5600,2.6500,10086842,26144143.4800,3,0.510584,1,-3.396232,0
2019-05-20,sz.000861,2.5700,2.6500,2.5100,2.6200,2.5600,10689673,27563968.5900,3,0.541099,1,2.343748,0
2019-05-21,sz.000861,2.6000,2.6400,2.5700,2.6300,2.6200,10278885,26855095.7900,3,0.520305,1,0.381688,0
2019-05-22,sz.000861,2.6300,2.6400,2.6100,2.6300,2.6300,6180684,16210980.3200,3,0.312859,1,0.000000,0
2019-05-23,sz.000861,2.6100,2.6400,2.5800,2.5900,2.6300,5282650,13712998.6000,3,0.267401,1,-1.520920,0
2019-05-24,sz.000861,2.5900,2.6100,2.5700,2.6000,2.5900,3645960,9446653.9000,3,0.184554,1,0.386100,0
2019-05-27,sz.000861,2.5800,2.6500,2.5800,2.6400,2.6000,5147571,13500684.5100,3,0.260564,1,1.538469,0
2019-05-28,sz.000861,2.6400,2.6500,2.6100,2.6400,2.6400,6166312,16226438.7400,3,0.312131,1,0.000000,0
2019-05-29,sz.000861,2.6300,2.6500,2.6200,2.6500,2.6400,4694187,12367983.0400,3,0.237614,1,0.378787,0
2019-05-30,sz.000861,2.6400,2.6500,2.6100,2.6400,2.6500,4448908,11701892.9200,3,0.225198,1,-0.377358,0
2019-05-31,sz.000861,2.6400,2.6800,2.6300,2.6700,2.6400,7645970,20379296.5500,3,0.387030,1,1.136363,0
2019-06-03,sz.000861,2.6600,2.7500,2.6600,2.6900,2.6700,8249670,22337821.5000,3,0.417589,1,0.749063,0
2019-06-04,sz.000861,2.6700,2.7000,2.5800,2.6600,2.6900,8771450,23133451.5000,3,0.444000,1,-1.115241,0
2019-06-05,sz.000861,2.6600,2.6800,2.6300,2.6400,2.6600,4123000,10946083.8000,3,0.208701,1,-0.751879,0
2019-06-06,sz.000861,2.6400,2.6400,2.5400,2.5900,2.6400,15339638,39678422.6400,3,0.776474,1,-1.893947,0
2019-06-10,sz.000861,2.5800,2.7700,2.5800,2.7600,2.5900,18845092,50263079.9400,3,0.953916,1,6.563710,0
2019-06-11,sz.000861,2.7000,2.9400,2.7000,2.8600,2.7600,30525959,87213473.9500,3,1.545188,1,3.623185,0
2019-06-12,sz.000861,3.1500,3.1500,3.1500,3.1500,2.8600,19907575,62708861.2500,3,1.007698,1,10.139870,0
2019-06-13,sz.000861,3.3200,3.4700,3.1000,3.3400,3.1500,155389778,515299394.6200,3,7.865647,1,6.031740,0
2019-06-14,sz.000861,3.0100,3.0100,3.0100,3.0100,3.3400,12795700,38515057.0000,3,0.647703,1,-9.880238,0
2019-06-17,sz.000861,2.7300,3.0100,2.7300,2.8700,3.0100,86058753,243318581.5900,3,4.356192,1,-4.651166,0
2019-06-18,sz.000861,2.7500,2.8300,2.7200,2.7300,2.8700,49518403,136492192.8300,3,2.506563,1,-4.878045,0
2019-06-19,sz.000861,2.7500,2.7900,2.7100,2.7700,2.7300,34660547,95089369.8300,3,1.754476,1,1.465200,0
2019-06-20,sz.000861,2.7600,3.0500,2.7100,2.9800,2.7700,58059401,166596665.7200,3,2.938898,1,7.581229,0
2019-06-21,sz.000861,2.9900,3.2800,2.9500,3.2400,2.9800,58725963,185046767.8300,3,2.972639,1,8.724832,0
2019-06-24,sz.000861,3.5300,3.5500,3.2700,3.4100,3.2400,79723101,274375988.0100,3,4.035489,1,5.246916,0
2019-06-25,sz.000861,3.1100,3.5700,3.1100,3.4100,3.4100,79950233,267508822.2300,3,4.046986,1,0.000000,0
2019-06-26,sz.000861,3.0700,3.1600,3.0700,3.0700,3.4100,54778863,168999034.4200,3,2.772841,1,-9.970678,0
2019-06-27,sz.000861,3.0300,3.1500,2.9700,3.1200,3.0700,48636728,148633001.8500,3,2.461934,1,1.628663,0
2019-06-28,sz.000861,3.1900,3.4100,2.8100,2.9400,3.1200,93664360,290387146.9600,3,4.741179,1,-5.769226,0
2019-07-01,sz.000861,2.8500,2.9900,2.8500,2.9700,2.9400,52228234,152974110.2800,3,2.643731,1,1.020407,0
2019-07-02,sz.000861,2.9400,3.0200,2.8900,2.9000,2.9700,38933012,114252626.7400,3,1.916526,1,-2.356900,0
2019-07-03,sz.000861,2.9200,2.9200,2.8100,2.8200,2.9000,32466420,92514865.2000,3,1.598200,1,-2.758626,0
2019-07-04,sz.000861,2.8200,2.8300,2.7200,2.7500,2.8200,33228723,91936707.5000,3,1.635725,1,-2.482267,0
2019-07-05,sz.000861,2.7600,2.7700,2.6800,2.7200,2.7500,23059371,62558048.6800,3,1.135126,1,-1.090908,0
2019-07-08,sz.000861,2.7300,2.7300,2.6200,2.6200,2.7200,23539937,62470491.2300,3,1.158783,1,-3.676476,0
2019-07-09,sz.000861,2.6200,2.6900,2.6000,2.6800,2.6200,15352975,40825215.1300,3,0.755769,1,2.290083,0
2019-07-10,sz.000861,2.6500,2.6800,2.6200,2.6300,2.6800,16235844,42912965.2800,3,0.799230,1,-1.865670,0
2019-07-11,sz.000861,2.6200,2.6800,2.6100,2.6300,2.6300,13671710,36194458.9800,3,0.673007,1,0.000000,0
2019-07-12,sz.000861,2.6200,2.6400,2.6000,2.6300,2.6300,9087500,23856047.9000,3,0.447343,1,0.000000,0
2019-07-15,sz.000861,2.6200,2.6300,2.5800,2.6100,2.6300,12854798,33436304.8200,3,0.632793,1,-0.760465,0
2019-07-16,sz.000861,2.6100,2.6200,2.5900,2.6100,2.6100,7660671,19884800.5400,3,0.377106,1,0.000000,0
2019-07-17,sz.000861,2.6000,2.6100,2.5800,2.6000,2.6100,6552723,17020384.8700,3,0.322566,1,-0.383141,0
2019-07-18,sz.000861,2.5900,2.6000,2.5600,2.5600,2.6000,10505230,26996076.8000,3,0.517133,1,-1.538460,0
2019-07-19,sz.000861,2.5700,2.6600,2.5700,2.6500,2.5600,16937844,44570886.6200,3,0.833786,1,3.515631,0
2019-07-22,sz.000861,2.6600,2.6600,2.5700,2.6000,2.6500,12568994,32830770.9000,3,0.618724,1,-1.886800,0
2019-07-23,sz.000861,2.6000,2.7200,2.5900,2.7000,2.5800,15516409,41267940.5700,3,0.763814,1,4.651167,0
2019-07-24,sz.000861,2.6900,2.7100,2.6600,2.7000,2.7000,11377903,30593570.0700,3,0.560091,1,0.000000,0
2019-07-25,sz.000861,2.7000,2.7500,2.6700,2.7100,2.7000,11893478,32162408.8700,3,0.585471,1,0.370370,0
2019-07-26,sz.000861,2.6900,2.7300,2.6800,2.6900,2.7100,6371840,17162356.2000,3,0.313700,1,-0.738000,0
2019-07-29,sz.000861,2.5100,2.6800,2.5100,2.6400,2.6900,29217315,75657986.1600,3,1.438259,1,-1.858734,0
2019-07-30,sz.000861,2.6200,2.6900,2.6100,2.6100,2.6400,9553460,25172474.6000,3,0.470300,1,-1.136400,0
2019-07-31,sz.000861,2.6100,2.6300,2.5800,2.5900,2.6100,6115647,15855921.2300,3,0.301100,1,-0.766300,0
2019-08-01,sz.000861,2.5800,2.6000,2.5700,2.5800,2.5900,4893289,12667358.4200,3,0.240900,1,-0.386100,0
2019-08-02,sz.000861,2.5500,2.6000,2.5500,2.5900,2.5800,5836131,15071456.5500,3,0.287300,1,0.387600,0
2019-08-05,sz.000861,2.5900,2.6000,2.5600,2.5600,2.5900,3743090,9649453.4000,3,0.184300,1,-1.158300,0
2019-08-06,sz.000861,2.5300,2.5800,2.4700,2.5500,2.5600,13589299,34269983.0200,3,0.669000,1,-0.390600,0
2019-08-07,sz.000861,2.5600,2.5700,2.5100,2.5200,2.5500,6640129,16838681.2900,3,0.326900,1,-1.176500,0
2019-08-08,sz.000861,2.5100,2.5300,2.4900,2.5100,2.5200,5057976,12693235.1600,3,0.249000,1,-0.396800,0
2019-08-09,sz.000861,2.5400,2.7000,2.5300,2.5800,2.5100,21568910,56248086.2900,3,1.061800,1,2.788800,0
2019-08-12,sz.000861,2.6000,2.6600,2.5600,2.6500,2.5800,13253074,34649696.2400,3,0.652400,1,2.713200,0
2019-08-13,sz.000861,2.6400,2.6800,2.6100,2.6300,2.6500,8060211,21324679.3500,3,0.396800,1,-0.754700,0
2019-08-14,sz.000861,2.6800,2.6800,2.6200,2.6300,2.6300,8053480,21299846.0800,3,0.396400,1,0.000000,0
2019-08-15,sz.000861,2.5900,2.6200,2.5700,2.6100,2.6300,4852544,12622130.6000,3,0.238900,1,-0.760500,0
2019-08-16,sz.000861,2.6000,2.6400,2.6000,2.6300,2.6100,6360724,16695506.3800,3,0.313100,1,0.766300,0
2019-08-19,sz.000861,2.6300,2.6600,2.6100,2.6500,2.6300,9953361,26223583.0200,3,0.490000,1,0.760500,0
2019-08-20,sz.000861,2.6600,2.6600,2.6300,2.6400,2.6500,9186334,24299138.1000,3,0.452200,1,-0.377400,0
2019-08-21,sz.000861,2.6300,2.6600,2.6200,2.6600,2.6400,8568770,22698968.6600,3,0.421800,1,0.757600,0
2019-08-22,sz.000861,2.6600,2.6600,2.6200,2.6200,2.6600,8869569,23353767.6800,3,0.436600,1,-1.503800,0
2019-08-23,sz.000861,2.6300,2.6400,2.6000,2.6300,2.6200,6578720,17253712.7000,3,0.323800,1,0.381700,0
2019-08-26,sz.000861,2.6000,2.6600,2.5800,2.6500,2.6300,7303037,19243271.8800,3,0.359500,1,0.760500,0
2019-08-27,sz.000861,2.6500,2.7000,2.6400,2.6800,2.6500,10561155,28167221.9300,3,0.519900,1,1.132100,0
2019-08-28,sz.000861,2.6700,2.8000,2.6700,2.7500,2.6800,18204355,50016337.9500,3,0.896100,1,2.611900,0
2019-08-29,sz.000861,2.7300,2.7500,2.7000,2.7500,2.7500,10201670,27766230.3000,3,0.502200,1,0.000000,0
2019-08-30,sz.000861,2.7400,2.7700,2.6700,2.6700,2.7500,7011990,18982776.3000,3,0.345200,1,-2.909100,0
2019-09-02,sz.000861,2.6700,2.7100,2.6600,2.7000,2.6700,5833496,15725182.5000,3,0.287200,1,1.123600,0
2019-09-03,sz.000861,2.7000,2.7200,2.6800,2.7000,2.7000,5232100,14133321.1000,3,0.257600,1,0.000000,0
2019-09-04,sz.000861,2.6900,2.7200,2.6900,2.7200,2.7000,5572631,15092376.5000,3,0.274300,1,0.740700,0
2019-09-05,sz.000861,2.7200,2.7600,2.7200,2.7400,2.7200,10799866,29626715.1600,3,0.531600,1,0.735300,0
2019-09-06,sz.000861,2.7500,2.7500,2.7200,2.7400,2.7400,6148613,16793498.5900,3,0.302700,1,0.000000,0
2019-09-09,sz.000861,2.7500,2.7700,2.7300,2.7600,2.7400,8833750,24277315.1000,3,0.434900,1,0.729900,0
2019-09-10,sz.000861,2.7600,2.7600,2.7200,2.7400,2.7600,7214824,19699480.0200,3,0.355200,1,-0.724600,0
2019-09-11,sz.000861,2.7500,2.8900,2.7500,2.8100,2.7400,23017830,65148821.7600,3,1.133100,1,2.554700,0
2019-09-12,sz.000861,2.8100,2.8400,2.7700,2.8100,2.8100,8678309,24335081.1200,3,0.427200,1,0.000000,0
2019-09-16,sz.000861,2.8200,2.8400,2.7900,2.8100,2.8100,7981675,22446785.7000,3,0.392900,1,0.000000,0
2019-09-17,sz.000861,2.8000,2.8100,2.6900,2.7200,2.8100,15781819,43151749.1300,3,0.776900,1,-3.202800,0
2019-09-18,sz.000861,2.7200,2.7400,2.7100,2.7400,2.7200,6234540,16997418.6000,3,0.306900,1,0.735300,0
2019-09-19,sz.000861,2.7500,2.7500,2.7000,2.7300,2.7400,6219155,16895037.4000,3,0.306100,1,-0.365000,0
2019-09-20,sz.000861,2.7300,2.7400,2.6900,2.7100,2.7300,9599360,26045348.2000,3,0.472500,1,-0.732600,0
2019-09-23,sz.000861,2.7200,2.7200,2.6600,2.6800,2.7100,6417171,17151577.5700,3,0.315900,1,-1.107000,0
2019-09-24,sz.000861,2.6900,2.6900,2.6600,2.6900,2.6800,7069800,18911776.2000,3,0.348000,1,0.373100,0
2019-09-25,sz.000861,2.6900,2.8100,2.6900,2.7600,2.6900,17022146,46832015.9900,3,0.837900,1,2.602200,0
2019-09-26,sz.000861,2.7700,2.9900,2.7300,2.9300,2.7600,38832613,110277810.6100,3,1.911600,1,6.159400,0
2019-09-27,sz.000861,2.9000,2.9500,2.8700,2.9100,2.9300,26225284,76418980.4400,3,1.291000,1,-0.682600,0
2019-09-30,sz.000861,2.9100,2.9800,2.8600,2.8700,2.9100,12658800,36889574.3000,3,0.623100,1,-1.374600,0
2019-10-08,sz.000861,2.8500,2.9500,2.8400,2.8800,2.8700,10674261,30857562.9000,3,0.525500,1,0.348400,0
2019-10-09,sz.000861,2.8600,2.8700,2.8300,2.8500,2.8800,8554403,24384287.0600,3,0.421100,1,-1.041700,0
2019-10-10,sz.000861,2.8500,2.8700,2.8000,2.8200,2.8500,8943100,25210530.1700,3,0.440200,1,-1.052600,0
2019-10-11,sz.000861,2.8300,2.8500,2.8200,2.8400,2.8200,6463777,18349286.0400,3,0.318200,1,0.709200,0
2019-10-14,sz.000861,2.8500,2.9500,2.8500,2.9100,2.8400,18744345,54483704.7600,3,0.922700,1,2.464800,0
2019-10-15,sz.000861,2.9100,2.9100,2.8400,2.8400,2.9100,6987400,20049462.0000,3,0.344000,1,-2.405500,0
2019-10-16,sz.000861,2.8500,2.8900,2.7500,2.7600,2.8400,10084150,28347406.1000,3,0.493200,1,-2.816900,0
2019-10-17,sz.000861,2.7700,2.7700,2.6700,2.6900,2.7600,12640801,34255959.6800,3,0.618200,1,-2.536200,0
2019-10-18,sz.000861,2.6700,2.7000,2.6000,2.6800,2.6900,15088028,39867148.4600,3,0.737900,1,-0.371700,0
2019-10-21,sz.000861,2.6600,2.6700,2.6300,2.6500,2.6800,6047820,15968073.7200,3,0.295800,1,-1.119400,0
2019-10-22,sz.000861,2.6400,2.6900,2.6300,2.6800,2.6500,6178946,16445529.5800,3,0.302200,1,1.132100,0
2019-10-23,sz.000861,2.6800,2.7200,2.6400,2.6600,2.6800,8163152,21838072.4000,3,0.399200,1,-0.746300,0
2019-10-24,sz.000861,2.6400,2.6800,2.6400,2.6800,2.6600,3665550,9783453.5000,3,0.179300,1,0.751900,0
2019-10-25,sz.000861,2.6700,2.7200,2.6600,2.7100,2.6800,3943331,10626311.8000,3,0.192800,1,1.119400,0
2019-10-28,sz.000861,2.6900,2.7500,2.6900,2.7400,2.7100,5634414,15340271.4200,3,0.275600,1,1.107000,0
2019-10-29,sz.000861,2.7300,2.7400,2.7000,2.7000,2.7400,4476410,12143212.6000,3,0.218900,1,-1.459900,0
2019-10-30,sz.000861,2.6900,2.7100,2.6300,2.6500,2.7000,6522650,17360536.5000,3,0.319000,1,-1.851800,0
2019-10-31,sz.000861,2.6300,2.6700,2.6300,2.6400,2.6500,3780380,10019402.9000,3,0.184900,1,-0.377400,0
2019-11-01,sz.000861,2.6500,2.6800,2.6500,2.6800,2.6400,3913178,10420554.3200,3,0.191400,1,1.515200,0
2019-11-04,sz.000861,2.6700,2.7200,2.6600,2.6700,2.6800,5452857,14669284.8500,3,0.266700,1,-0.373100,0
2019-11-05,sz.000861,2.6800,2.6900,2.6600,2.6800,2.6700,3816490,10218340.2000,3,0.186600,1,0.374500,0
2019-11-06,sz.000861,2.6800,2.6900,2.6300,2.6500,2.6800,4412351,11726129.4100,3,0.215800,1,-1.119400,0
2019-11-07,sz.000861,2.6500,2.6700,2.6400,2.6400,2.6500,2972813,7875998.7800,3,0.145400,1,-0.377400,0
2019-11-08,sz.000861,2.6500,2.6600,2.6400,2.6500,2.6400,2612040,6911530.6000,3,0.127700,1,0.378800,0
2019-11-11,sz.000861,2.6500,2.6500,2.6000,2.6000,2.6500,3707442,9723402.3400,3,0.181300,1,-1.886800,0
2019-11-12,sz.000861,2.6200,2.6200,2.5900,2.6100,2.6000,2820900,7336680.0000,3,0.138000,1,0.384600,0
2019-11-13,sz.000861,2.6000,2.6100,2.5800,2.5900,2.6100,2811310,7284737.8000,3,0.137500,1,-0.766300,0
2019-11-14,sz.000861,2.5900,2.6000,2.5700,2.5900,2.5900,2430620,6279303.1000,3,0.118900,1,0.000000,0
2019-11-15,sz.000861,2.5900,2.5900,2.5500,2.5900,2.5900,3829060,9839610.8000,3,0.187300,1,0.000000,0
2019-11-18,sz.000861,2.5900,2.6100,2.5600,2.6100,2.5900,3121388,8067664.5500,3,0.152700,1,0.772200,0
2019-11-19,sz.000861,2.6100,2.6500,2.6000,2.6400,2.6100,3809493,10014101.9200,3,0.186300,1,1.149400,0
2019-11-20,sz.000861,2.6400,2.6600,2.6300,2.6500,2.6400,5552705,14691789.9000,3,0.271600,1,0.378800,0
2019-11-21,sz.000861,2.6400,2.7000,2.6300,2.6900,2.6500,5061111,13537622.6700,3,0.247500,1,1.509400,0
2019-11-22,sz.000861,2.6900,2.7100,2.6500,2.6700,2.6900,5330160,14266082.1000,3,0.260700,1,-0.743500,0
2019-11-25,sz.000861,2.6700,2.7500,2.6500,2.7100,2.6700,5060340,13641400.0000,3,0.247500,1,1.498100,0
2019-11-26,sz.000861,2.7000,2.7200,2.6800,2.6800,2.7100,3358370,9045448.7000,3,0.164200,1,-1.107000,0
2019-11-27,sz.000861,2.6800,2.8000,2.6600,2.6900,2.6800,6993670,19010418.6000,3,0.342000,1,0.373100,0
2019-11-28,sz.000861,2.6700,2.6900,2.6300,2.6600,2.6900,4240393,11258706.6100,3,0.207400,1,-1.115200,0
2019-11-29,sz.000861,2.6400,2.6500,2.5900,2.6000,2.6600,4723027,12350572.0200,3,0.231000,1,-2.255600,0
2019-12-02,sz.000861,2.5800,2.5900,2.5300,2.5900,2.6000,8020181,20559671.8600,3,0.392200,1,-0.384600,0
2019-12-03,sz.000861,2.5800,2.6100,2.5400,2.6000,2.5900,4618625,11880981.8200,3,0.225900,1,0.386100,0
2019-12-04,sz.000861,2.5900,2.5900,2.5500,2.5600,2.6000,4433562,11363430.2200,3,0.216800,1,-1.538500,0
2019-12-05,sz.000861,2.5600,2.5900,2.5500,2.5800,2.5600,3870410,9954573.4000,3,0.189300,1,0.781200,0
2019-12-06,sz.000861,2.5800,2.5900,2.5500,2.5800,2.5800,5278130,13554954.7000,3,0.258100,1,0.000000,0
2019-12-09,sz.000861,2.5900,2.6300,2.5800,2.6000,2.5800,5038977,13094709.1600,3,0.246400,1,0.775200,0
2019-12-10,sz.000861,2.5900,2.6100,2.5700,2.5900,2.6000,4142557,10709055.7600,3,0.202600,1,-0.384600,0
2019-12-11,sz.000861,2.5900,2.5900,2.5700,2.5700,2.5900,2795250,7208138.5000,3,0.136700,1,-0.772200,0
2019-12-12,sz.000861,2.5800,2.5900,2.5600,2.5700,2.5700,3379500,8692125.0000,3,0.165300,1,0.000000,0
2019-12-13,sz.000861,2.5700,2.6100,2.5700,2.6000,2.5700,3625640,9379400.1000,3,0.177300,1,1.167300,0
2019-12-16,sz.000861,2.6000,2.6100,2.5800,2.6000,2.6000,4596246,11939044.0400,3,0.224800,1,0.000000,0
2019-12-17,sz.000861,2.6000,2.6600,2.5900,2.6300,2.6000,8932937,23465736.0600,3,0.436900,1,1.153900,0
2019-12-18,sz.000861,2.6300,2.6500,2.6200,2.6300,2.6300,5797781,15268810.4600,3,0.283500,1,0.000000,0
2019-12-19,sz.000861,2.6400,2.6700,2.6200,2.6500,2.6300,7272926,19209128.2400,3,0.355700,1,0.760500,0
2019-12-20,sz.000861,2.6400,2.6600,2.6100,2.6100,2.6500,7926344,20842766.2600,3,0.387600,1,-1.509400,0
2019-12-23,sz.000861,2.6100,2.6100,2.5200,2.5500,2.6100,24947426,63614238.2800,3,1.220100,1,-2.298800,0
2019-12-24,sz.000861,2.5400,2.5600,2.5200,2.5600,2.5500,7859371,19965880.2300,3,0.384400,1,0.392200,0
2019-12-25,sz.000861,2.5600,2.5600,2.5300,2.5300,2.5600,6579940,16704479.2000,3,0.321800,1,-1.171900,0
2019-12-26,sz.000861,2.5300,2.5500,2.5300,2.5400,2.5300,6897441,17500001.7300,3,0.337300,1,0.395300,0
2019-12-27,sz.000861,2.5400,2.5700,2.5000,2.5100,2.5400,44944181,113634347.8500,3,2.198000,1,-1.181100,0
2019-12-30,sz.000861,2.5000,2.5100,2.4300,2.4600,2.5100,29411003,72345370.2500,3,1.438300,1,-1.992000,0
2019-12-31,sz.000861,2.4600,2.4800,2.4400,2.4700,2.4600,9397575,23136422.1900,3,0.459600,1,0.406500,0
2020-01-02,sz.000861,2.4900,2.5300,2.4800,2.5200,2.4700,13218705,33167850.2800,3,0.646500,1,2.024300,0
2020-01-03,sz.000861,2.5200,2.5400,2.5000,2.5200,2.5200,8339244,21010611.8400,3,0.407800,1,0.000000,0
2020-01-06,sz.000861,2.5100,2.5400,2.5000,2.5300,2.5200,9867020,24870179.4000,3,0.482500,1,0.396800,0
2020-01-07,sz.000861,2.5300,2.5600,2.5200,2.5500,2.5300,10282850,26110946.4800,3,0.502900,1,0.790500,0
2020-01-08,sz.000861,2.5400,2.5600,2.5100,2.5200,2.5500,11228858,28473797.1600,3,0.549100,1,-1.176500,0
2020-01-09,sz.000861,2.5300,2.5500,2.5200,2.5400,2.5200,7716486,19601778.3800,3,0.377400,1,0.793700,0
2020-01-10,sz.000861,2.5400,2.5600,2.5300,2.5400,2.5400,8985232,22842095.1800,3,0.439400,1,0.000000,0
2020-01-13,sz.000861,2.5400,2.5400,2.5000,2.5300,2.5400,6765853,17025534.9500,3,0.330900,1,-0.393700,0
2020-01-14,sz.000861,2.5300,2.5400,2.5200,2.5300,2.5300,7179100,18155487.3000,3,0.351100,1,0.000000,0
2020-01-15,sz.000861,2.5200,2.5300,2.4700,2.4900,2.5300,10297190,25662494.2000,3,0.503600,1,-1.581000,0
2020-01-16,sz.000861,2.4800,2.4900,2.4400,2.4400,2.4900,11533540,28383071.4000,3,0.564000,1,-2.008000,0
2020-01-17,sz.000861,2.4500,2.4700,2.4400,2.4600,2.4400,6214503,15280870.2000,3,0.303900,1,0.819700,0
2020-01-20,sz.000861,2.4600,2.4700,2.4400,2.4500,2.4600,7924754,19407246.1700,3,0.387600,1,-0.406500,0
2020-01-21,sz.000861,2.4500,2.4500,2.4000,2.4100,2.4500,9439700,22867977.0000,3,0.461600,1,-1.632700,0
2020-01-22,sz.000861,2.4100,2.4700,2.3500,2.4300,2.4100,13602762,32616833.7900,3,0.665200,1,0.829900,0
2020-01-23,sz.000861,2.4200,2.4300,2.3500,2.3700,2.4300,8988532,21424087.7000,3,0.439600,1,-2.469100,0
2020-02-03,sz.000861,2.1300,2.1300,2.1300,2.1300,2.3700,2816100,5998293.0000,3,0.137700,1,-10.126600,0
2020-02-04,sz.000861,1.9200,2.0500,1.9200,1.9600,2.1300,27751585,54504944.8900,3,1.357200,1,-7.981200,0
2020-02-05,sz.000861,1.9500,2.0200,1.9500,2.0100,1.9600,14879928,29743207.7500,3,0.727700,1,2.551000,0
2020-02-06,sz.000861,2.0200,2.0400,1.9800,2.0300,2.0100,12387009,24891954.2800,3,0.605800,1,0.995000,0
2020-02-07,sz.000861,2.0300,2.0400,1.9900,2.0100,2.0300,12144079,24428287.2300,3,0.593900,1,-0.985200,0
2020-02-10,sz.000861,2.0000,2.0800,1.9800,2.0600,2.0100,13433625,27401095.7300,3,0.657000,1,2.487600,0
2020-02-11,sz.000861,2.0600,2.0900,2.0400,2.0600,2.0600,12024407,24913968.1400,3,0.588100,1,0.000000,0
2020-02-12,sz.000861,2.0600,2.1100,2.0600,2.1000,2.0600,11807843,24676651.6000,3,0.577500,1,1.941700,0
2020-02-13,sz.000861,2.0900,2.1200,2.0600,2.0700,2.1000,10123965,21116981.8000,3,0.495100,1,-1.428600,0
2020-02-14,sz.000861,2.0600,2.0900,2.0500,2.0600,2.0700,7419121,15356535.0900,3,0.362800,1,-0.483100,0
2020-02-17,sz.000861,2.0600,2.1200,2.0600,2.1200,2.0600,14343950,30208406.1900,3,0.701500,1,2.912600,0
2020-02-18,sz.000861,2.1200,2.1600,2.1000,2.1500,2.1200,14050184,29994695.7600,3,0.687100,1,1.415100,0
2020-02-19,sz.000861,2.1400,2.1800,2.1400,2.1600,2.1500,11727236,25345945.0000,3,0.573500,1,0.465100,0
2020-02-20,sz.000861,2.1600,2.2500,2.1500,2.2400,2.1600,17472502,38643187.6300,3,0.854500,1,3.703700,0
2020-02-21,sz.000861,2.2400,2.2400,2.2000,2.2000,2.2400,16222537,35961237.9500,3,0.793400,1,-1.785700,0
2020-02-24,sz.000861,2.2000,2.2000,2.1400,2.1700,2.2000,23273134,50342980.5400,3,1.138200,1,-1.363600,0
2020-02-25,sz.000861,2.1300,2.3600,2.0800,2.2600,2.1700,38519489,84599509.6700,3,1.883800,1,4.147500,0
2020-02-26,sz.000861,2.2000,2.3000,2.1700,2.2700,2.2600,29507571,66520626.7400,3,1.443100,1,0.442500,0
2020-02-27,sz.000861,2.2700,2.3000,2.2200,2.2600,2.2700,13446742,30268967.3600,3,0.657600,1,-0.440500,0
2020-02-28,sz.000861,2.1900,2.2400,2.1500,2.1600,2.2600,17366270,38056521.0000,3,0.849300,1,-4.424800,0
2020-03-02,sz.000861,2.1600,2.2700,2.1500,2.2500,2.1600,47013000,104794084.6300,3,2.299200,1,4.166700,0
2020-03-03,sz.000861,2.2700,2.3300,2.2300,2.2900,2.2500,42606681,96691556.8700,3,2.083700,1,1.777800,0
2020-03-04,sz.000861,2.2700,2.3900,2.2600,2.3900,2.2900,40812800,95505760.6400,3,1.996000,1,4.366800,0
2020-03-05,sz.000861,2.3900,2.4300,2.3700,2.4300,2.3900,29800885,71812052.0800,3,1.457400,1,1.673600,0
2020-03-06,sz.000861,2.4300,2.5400,2.3800,2.5300,2.4300,38447212,95326950.7500,3,1.880300,1,4.115200,0
2020-03-09,sz.000861,2.5500,2.6400,2.5200,2.5600,2.5300,48442860,125550391.0200,3,2.369100,1,1.185800,0
2020-03-10,sz.000861,2.5100,2.5600,2.3800,2.5100,2.5600,35093706,87117425.9200,3,1.716300,1,-1.953100,0
2020-03-11,sz.000861,2.5200,2.6300,2.5200,2.5800,2.5100,33807678,87577788.7600,3,1.653400,1,2.788800,0
2020-03-12,sz.000861,2.5800,2.6800,2.5700,2.6600,2.5800,37888989,99748131.3800,3,1.853000,1,3.100800,0
2020-03-13,sz.000861,2.5500,2.6600,2.4100,2.6400,2.6600,29930229,77598699.6400,3,1.463700,1,-0.751900,0
2020-03-16,sz.000861,2.6800,2.7300,2.5100,2.5100,2.6400,31527590,83007357.6600,3,1.541900,1,-4.924200,0
2020-03-17,sz.000861,2.5300,2.5800,2.4000,2.4800,2.5100,26375902,65228519.9000,3,1.289900,1,-1.195200,0
2020-03-18,sz.000861,2.4900,2.5400,2.3200,2.3200,2.4800,27271250,66469179.0400,3,1.333700,1,-6.451600,0
2020-03-19,sz.000861,2.3300,2.4500,2.3000,2.3400,2.3200,31419363,74386693.3400,3,1.536600,1,0.862100,0
2020-03-20,sz.000861,2.3600,2.4100,2.3200,2.3600,2.3400,15622630,36788638.6800,3,0.764000,1,0.854700,0
2020-03-23,sz.000861,2.3300,2.3300,2.1700,2.2000,2.3600,21768288,48872918.3200,3,1.064600,1,-6.779700,0
2020-03-24,sz.000861,2.2200,2.2500,2.1000,2.1800,2.2000,20719940,44994505.4000,3,1.013300,1,-0.909100,0
2020-03-25,sz.000861,2.2300,2.2600,2.1900,2.2500,2.1800,16792130,37367824.5000,3,0.821200,1,3.211000,0
2020-03-26,sz.000861,2.2500,2.3100,2.2300,2.2700,2.2500,17459870,39658152.7000,3,0.853900,1,0.888900,0
2020-03-27,sz.000861,2.3100,2.3800,2.3100,2.3400,2.2700,39581940,93006165.0000,3,1.935800,1,3.083700,0
2020-03-30,sz.000861,2.3300,2.3700,2.2800,2.3400,2.3400,12688640,29383843.8000,3,0.620500,1,0.000000,0
2020-03-31,sz.000861,2.3600,2.3800,2.3100,2.3400,2.3400,15502937,36226108.8100,3,0.758200,1,0.000000,0
2020-04-01,sz.000861,2.3300,2.3900,2.3200,2.3700,2.3400,18398600,43377409.1000,3,0.899800,1,1.282100,0
2020-04-02,sz.000861,2.3400,2.5400,2.3400,2.4900,2.3700,36509757,89715651.5600,3,1.785500,1,5.063300,0
2020-04-03,sz.000861,2.4900,2.5500,2.4200,2.4800,2.4900,36429070,90577879.0700,3,1.781600,1,-0.401600,0
2020-04-07,sz.000861,2.4900,2.5300,2.4200,2.4500,2.4800,34298950,84270132.0500,3,1.677400,1,-1.209700,0
2020-04-08,sz.000861,2.4600,2.4600,2.3800,2.4000,2.4500,16712834,40205620.8600,3,0.817300,1,-2.040800,0
2020-04-09,sz.000861,2.4100,2.4400,2.3800,2.4100,2.4000,15578384,37693382.5700,3,0.761900,1,0.416700,0
2020-04-10,sz.000861,2.4100,2.5400,2.3800,2.5200,2.4100,28879994,70940212.7300,3,1.412400,1,4.564300,0
2020-04-13,sz.000861,2.5300,2.5800,2.4400,2.4800,2.5200,22525075,56301093.9900,3,1.101600,1,-1.587300,0
2020-04-14,sz.000861,2.4600,2.5100,2.4600,2.5100,2.4800,14590133,36312951.4400,3,0.713500,1,1.209700,0
2020-04-15,sz.000861,2.4900,2.5100,2.4400,2.4400,2.5100,15557790,38356610.8300,3,0.760900,1,-2.788800,0
2020-04-16,sz.000861,2.4200,2.4700,2.3900,2.4600,2.4400,6842030,16675954.6000,3,0.334600,1,0.819700,0
2020-04-17,sz.000861,2.4500,2.5800,2.4400,2.5600,2.4600,35025093,88956842.3000,3,1.712900,1,4.065000,0
2020-04-20,sz.000861,2.6000,2.7500,2.5800,2.7400,2.5600,52442274,140257072.0500,3,2.564700,1,7.031300,0
2020-04-21,sz.000861,2.7200,2.8600,2.7000,2.7600,2.7400,41280138,114560668.5500,3,2.018800,1,0.729900,0
2020-04-22,sz.000861,2.7700,2.8100,2.7300,2.8000,2.7600,25322169,70238990.7900,3,1.238400,1,1.449300,0
2020-04-23,sz.000861,2.8000,2.9000,2.7800,2.8300,2.8000,33630188,96004403.6800,3,1.644700,1,1.071400,0
2020-04-24,sz.000861,2.8700,2.8700,2.7900,2.8200,2.8300,21602694,61117851.1200,3,1.056500,1,-0.353400,0
2020-04-27,sz.000861,2.8400,2.8600,2.7300,2.7300,2.8200,18151680,50403942.1100,3,0.887700,1,-3.191500,0
2020-04-28,sz.000861,2.7800,2.7900,2.6600,2.7400,2.7300,21353531,58317441.9500,3,1.044300,1,0.366300,0
2020-04-29,sz.000861,2.7100,2.8200,2.7100,2.7800,2.7400,14255767,39626582.0500,3,0.697200,1,1.459900,0
2020-04-30,sz.000861,2.7900,2.8500,2.7900,2.8000,2.7800,15830777,44597598.7900,3,0.774200,1,0.719400,0
2020-05-06,sz.000861,2.7900,2.8400,2.7700,2.8000,2.8000,14839320,41498598.7200,3,0.725700,1,0.000000,0
2020-05-07,sz.000861,2.8200,2.9100,2.8100,2.8500,2.8000,18903659,53860247.2200,3,0.924500,1,1.785700,0
2020-05-08,sz.000861,2.8500,2.8700,2.8000,2.8200,2.8500,16770760,47550532.2600,3,0.820200,1,-1.052600,0
2020-05-11,sz.000861,2.7400,2.9300,2.7300,2.9200,2.8200,21621083,62004109.6200,3,1.057400,1,3.546100,0
2020-05-12,sz.000861,2.9200,3.0500,2.9100,3.0400,2.9200,35763091,107478381.5500,3,1.749000,1,4.109600,0
2020-05-13,sz.000861,3.0300,3.0900,3.0000,3.0100,3.0400,25353593,76922624.7000,3,1.239900,1,-0.986800,0
2020-05-14,sz.000861,3.0300,3.0400,3.0100,3.0200,3.0100,17921894,54204726.2400,3,0.876500,1,0.332200,0
2020-05-15,sz.000861,3.0200,3.0500,2.9600,2.9800,3.0200,18537856,55519727.9200,3,0.906600,1,-1.324500,0
2020-05-18,sz.000861,3.0200,3.0400,2.9500,2.9800,2.9800,17390490,51814165.0200,3,0.850500,1,0.000000,0
2020-05-19,sz.000861,3.0000,3.0000,2.9000,2.9300,2.9800,13557790,39779605.9600,3,0.663000,1,-1.677900,0
2020-05-20,sz.000861,2.9300,3.0600,2.9300,3.0100,2.9300,30873064,92808543.0400,3,1.509800,1,2.730400,0
2020-05-21,sz.000861,3.0000,3.0800,2.9800,3.0300,3.0100,16158124,49030146.8400,3,0.790200,1,0.664500,0
2020-05-22,sz.000861,3.0100,3.0500,3.0000,3.0000,3.0300,11588470,35033974.6000,3,0.566700,1,-0.990100,0
2020-05-25,sz.000861,3.0200,3.0500,2.9000,2.9500,3.0000,25745175,76430777.8000,3,1.259100,1,-1.666700,0
2020-05-26,sz.000861,2.9300,3.0000,2.8800,2.9400,2.9500,18907654,55427687.6000,3,0.924700,1,-0.339000,0
2020-05-27,sz.000861,2.9800,3.0500,2.9500,3.0500,2.9400,22508287,67917534.7100,3,1.100800,1,3.741500,0
2020-05-28,sz.000861,3.0700,3.0900,2.9700,3.0600,3.0500,23319437,70945320.7600,3,1.140400,1,0.327900,0
2020-05-29,sz.000861,3.0400,3.0800,2.9500,3.0100,3.0600,43839809,131858979.4800,3,2.144000,1,-1.634000,0
2020-06-01,sz.000861,3.0100,3.0400,2.9900,3.0200,3.0100,22593451,68156993.6600,3,1.104900,1,0.332200,0
2020-06-02,sz.000861,3.0200,3.0300,2.9700,2.9800,3.0200,16354470,48963552.8100,3,0.799800,1,-1.324500,0
2020-06-03,sz.000861,2.9900,3.0700,2.9800,3.0500,2.9800,22663432,68889650.2900,3,1.108400,1,2.349000,0
2020-06-04,sz.000861,3.0400,3.2100,3.0300,3.2000,3.0500,37324101,118220400.1400,3,1.825300,1,4.918000,0
2020-06-05,sz.000861,3.2400,3.2800,3.1100,3.2000,3.2000,41655007,132639708.9800,3,2.037100,1,0.000000,0
2020-06-08,sz.000861,3.1900,3.2100,3.0900,3.1300,3.2000,24656231,77081326.1200,3,1.205800,1,-2.187500,0
2020-06-09,sz.000861,3.1500,3.2300,3.1200,3.2100,3.1300,32030581,102024733.5500,3,1.566500,1,2.555900,0
2020-06-10,sz.000861,3.2100,3.2600,3.1500,3.2200,3.2100,27242740,86820950.3000,3,1.332300,1,0.311500,0
2020-06-11,sz.000861,3.2300,3.4000,3.2300,3.3400,3.2200,89016739,294332992.5700,3,4.353400,1,3.726700,0
2020-06-12,sz.000861,3.2600,3.3100,3.2300,3.2600,3.3400,43395318,141954120.9000,3,2.122200,1,-2.395200,0
2020-06-15,sz.000861,3.2400,3.2400,3.1300,3.1700,3.2600,26466170,84147392.1000,3,1.294300,1,-2.760700,0
2020-06-16,sz.000861,3.1700,3.1800,3.0500,3.0800,3.1700,35223077,108784744.1100,3,1.722600,1,-2.839100,0
2020-06-17,sz.000861,3.0700,3.2500,3.0600,3.2400,3.0800,48314673,152215424.7400,3,2.362800,1,5.194800,0
2020-06-18,sz.000861,3.2000,3.3200,3.1600,3.1800,3.2400,35261251,113759293.2200,3,1.724400,1,-1.851800,0
2020-06-19,sz.000861,3.1800,3.2400,3.1400,3.1900,3.1800,23828504,75927514.5600,3,1.165300,1,0.314500,0
2020-06-22,sz.000861,3.1600,3.2900,3.1300,3.2500,3.1900,43711880,141526740.7300,3,2.103000,1,1.880900,0
2020-06-23,sz.000861,3.2900,3.3000,3.2100,3.2500,3.2500,31416998,101852978.5900,3,1.511500,1,0.000000,0
2020-06-24,sz.000861,3.3000,3.3500,3.1200,3.1200,3.2500,44566214,142872750.6400,3,2.144100,1,-4.000000,0
2020-06-29,sz.000861,3.0800,3.1400,2.8300,2.9400,3.1200,50018556,150263336.1100,3,2.406400,1,-5.769200,0
2020-06-30,sz.000861,2.9500,3.1800,2.9300,3.1800,2.9400,40933442,126318826.6400,3,1.969300,1,8.163300,0
2020-07-01,sz.000861,3.1800,3.2600,3.1100,3.1500,3.1800,34059483,107878407.4500,3,1.638600,1,-0.943400,0
2020-07-02,sz.000861,3.1600,3.2400,3.1300,3.1900,3.1500,31059795,99010745.7200,3,1.494300,1,1.269800,0
2020-07-03,sz.000861,3.2200,3.2600,3.1800,3.2500,3.1900,36788136,119071790.6100,3,1.769900,1,1.880900,0
2020-07-06,sz.000861,3.3300,3.4700,3.2900,3.4500,3.2500,50376723,170250387.9100,3,2.423700,1,6.153800,0
2020-07-07,sz.000861,3.5000,3.7600,3.4800,3.6100,3.4500,76266593,276523455.6600,3,3.669200,1,4.637700,0
2020-07-08,sz.000861,3.6000,3.8700,3.5500,3.6700,3.6100,86287858,318438506.6600,3,4.151400,1,1.662100,0
2020-07-09,sz.000861,3.6400,3.7000,3.5600,3.5900,3.6700,63044313,228097024.3100,3,3.033100,1,-2.179800,0
2020-07-10,sz.000861,3.6200,3.7500,3.5200,3.6200,3.5900,55680163,201150891.8400,3,2.678800,1,0.835700,0
2020-07-13,sz.000861,3.6600,3.6800,3.5900,3.6500,3.6200,46400648,169045233.6800,3,2.224200,1,0.828700,0
2020-07-14,sz.000861,3.6500,3.6900,3.5300,3.6100,3.6500,41514260,149476006.2200,3,1.990000,1,-1.095900,0
2020-07-15,sz.000861,3.6100,3.6500,3.4600,3.5500,3.6100,44859505,159652006.3300,3,2.150300,1,-1.662000,0
2020-07-16,sz.000861,3.5100,3.6800,3.4500,3.4900,3.5500,64502333,230214391.5900,3,3.091900,1,-1.690100,0
2020-07-17,sz.000861,3.5300,3.5300,3.3900,3.4300,3.4800,36472173,125970415.4200,3,1.748300,1,-1.436800,0
2020-07-20,sz.000861,3.4700,3.7600,3.4700,3.7200,3.4300,86080595,314002759.4000,3,4.126300,1,8.454800,0
2020-07-21,sz.000861,3.7300,3.8000,3.6300,3.7800,3.7200,67993982,254399211.9400,3,3.259300,1,1.612900,0
2020-07-22,sz.000861,3.7500,3.8700,3.7200,3.7800,3.7800,51979109,197756575.6200,3,2.491600,1,0.000000,0
2020-07-23,sz.000861,3.7500,3.8500,3.6800,3.8500,3.7800,64970798,246130293.4700,3,3.114400,1,1.851900,0
2020-07-24,sz.000861,3.8500,3.9300,3.6200,3.7800,3.8500,67881298,254821922.1800,3,3.253900,1,-1.818200,0
2020-07-27,sz.000861,3.7900,3.8100,3.6700,3.7900,3.7800,48141425,180436236.7700,3,2.307700,1,0.264600,0
2020-07-28,sz.000861,3.8000,4.1300,3.7800,4.0800,3.7900,121105026,478137336.2500,3,5.805100,1,7.651700,0
2020-07-29,sz.000861,3.8600,3.9600,3.7400,3.9000,4.0800,136124009,524751523.9600,3,6.525100,1,-4.411800,0
2020-07-30,sz.000861,3.9000,3.9000,3.7400,3.8400,3.9000,87738106,333833315.0400,3,4.205700,1,-1.538500,0
2020-07-31,sz.000861,3.7800,3.8500,3.7400,3.8400,3.8400,64321940,243793885.7200,3,3.083300,1,0.000000,0
2020-08-03,sz.000861,3.8000,3.9000,3.7900,3.8500,3.8400,67285082,257663647.1000,3,3.225300,1,0.260400,0
2020-08-04,sz.000861,3.8600,3.8600,3.7700,3.7900,3.8500,54251748,206634692.4000,3,2.600500,1,-1.558400,0
2020-08-05,sz.000861,3.7800,3.7800,3.7200,3.7400,3.7900,34554454,129565214.7700,3,1.656400,1,-1.319300,0
2020-08-06,sz.000861,3.7700,3.8900,3.7500,3.8700,3.7400,70248719,268170948.0400,3,3.367400,1,3.475900,0
2020-08-07,sz.000861,3.8700,3.9100,3.7700,3.8100,3.8700,51808123,198487750.2400,3,2.483400,1,-1.550400,0
2020-08-10,sz.000861,3.8000,3.8200,3.7300,3.7500,3.8100,41764187,157393714.4100,3,2.002000,1,-1.574800,0
2020-08-11,sz.000861,3.7300,3.7700,3.6500,3.6600,3.7500,30877174,114642003.9300,3,1.480100,1,-2.400000,0
2020-08-12,sz.000861,3.6800,3.7800,3.6100,3.7800,3.6600,45237446,166657192.0400,3,2.168400,1,3.278700,0
2020-08-13,sz.000861,3.7700,3.8100,3.7200,3.7900,3.7800,38278578,144380339.9300,3,1.834900,1,0.264600,0
2020-08-14,sz.000861,3.7800,3.7900,3.6900,3.7800,3.7900,33403695,125088042.0200,3,1.601200,1,-0.263900,0
2020-08-17,sz.000861,3.6900,3.7800,3.6600,3.7000,3.7800,54146787,201049918.6200,3,2.595500,1,-2.116400,0
2020-08-18,sz.000861,3.7100,3.8200,3.6400,3.6600,3.7000,61670619,230004510.6400,3,2.956200,1,-1.081100,0
2020-08-19,sz.000861,3.6300,3.6400,3.4500,3.5000,3.6600,54175670,191298446.2100,3,2.596900,1,-4.371600,0
2020-08-20,sz.000861,3.4600,3.5100,3.2500,3.3100,3.5000,58184678,194761126.0000,3,2.789100,1,-5.428600,0
2020-08-21,sz.000861,3.3300,3.5500,3.3300,3.5200,3.3100,70649637,244653513.6400,3,3.386600,1,6.344400,0
2020-08-24,sz.000861,3.5200,3.5700,3.4800,3.5200,3.5200,40211664,141592395.2800,3,1.927500,1,0.000000,0
2020-08-25,sz.000861,3.5300,3.5700,3.4800,3.5200,3.5200,32646184,114938225.1400,3,1.564900,1,0.000000,0
2020-08-26,sz.000861,3.5100,3.5900,3.4800,3.5400,3.5200,44289988,156617540.5800,3,2.123000,1,0.568200,0
2020-08-27,sz.000861,3.5600,3.5800,3.4800,3.5500,3.5400,37659413,133091973.6400,3,1.805200,1,0.282500,0
2020-08-28,sz.000861,3.5600,3.6800,3.5100,3.6800,3.5500,59894705,215756743.8400,3,2.871000,1,3.662000,0
2020-08-31,sz.000861,3.7000,3.7900,3.6800,3.7500,3.6800,62172264,232476940.2600,3,2.980200,1,1.902200,0
2020-09-01,sz.000861,3.7500,3.8200,3.6500,3.6700,3.7500,52691029,196118078.6500,3,2.525700,1,-2.133300,0
2020-09-02,sz.000861,3.6800,3.7200,3.5700,3.6500,3.6700,34777579,126345360.8500,3,1.667100,1,-0.545000,0
2020-09-03,sz.000861,3.6400,3.6800,3.5600,3.6100,3.6500,30460285,109977180.4700,3,1.460100,1,-1.095900,0
2020-09-04,sz.000861,3.5500,3.5800,3.5300,3.5500,3.6100,25928186,92199627.7700,3,1.242900,1,-1.662000,0
2020-09-07,sz.000861,3.5300,3.6100,3.4500,3.5400,3.5500,32217300,114005800.2600,3,1.544300,1,-0.281700,0
2020-09-08,sz.000861,3.5300,3.5600,3.4500,3.5200,3.5400,18354441,64313803.4200,3,0.879800,1,-0.565000,0
2020-09-09,sz.000861,3.5100,3.5100,3.3700,3.4200,3.5200,36715670,125418879.4000,3,1.760000,1,-2.840900,0
2020-09-10,sz.000861,3.4200,3.4500,3.3200,3.3900,3.4200,30975926,104430270.1100,3,1.484800,1,-0.877200,0
2020-09-11,sz.000861,3.3500,3.4600,3.3400,3.4600,3.3900,21174076,72003537.3900,3,1.015000,1,2.064900,0
2020-09-14,sz.000861,3.4600,3.6400,3.4600,3.5900,3.4600,53916300,192470594.8000,3,2.584500,1,3.757200,0
2020-09-15,sz.000861,3.6000,3.6000,3.4500,3.4800,3.5900,30650520,107219178.7500,3,1.469200,1,-3.064100,0
2020-09-16,sz.000861,3.5100,3.5300,3.4300,3.4800,3.4800,21713172,75383466.2900,3,1.040800,1,0.000000,0
2020-09-17,sz.000861,3.4600,3.5500,3.4200,3.5400,3.4800,24944600,87051071.9000,3,1.195700,1,1.724100,0
2020-09-18,sz.000861,3.5300,3.5400,3.4500,3.4900,3.5400,26891593,93567509.7700,3,1.289000,1,-1.412400,0
2020-09-21,sz.000861,3.4900,3.5000,3.3900,3.4200,3.4900,24514125,84252617.3000,3,1.175100,1,-2.005700,0
2020-09-22,sz.000861,3.3800,3.4000,3.3000,3.4000,3.4200,32761071,109956875.7400,3,1.570400,1,-0.584800,0
2020-09-23,sz.000861,3.3900,3.4300,3.3500,3.4000,3.4000,19428780,65503963.9300,3,0.931300,1,0.000000,0
2020-09-24,sz.000861,3.3900,3.4000,3.3300,3.3800,3.4000,18981024,63748253.0500,3,0.909900,1,-0.588200,0
2020-09-25,sz.000861,3.3900,3.3900,3.2800,3.3000,3.3800,24904676,82720244.4500,3,1.193800,1,-2.366900,0
2020-09-28,sz.000861,3.2800,3.3300,2.9700,2.9700,3.3000,63865192,201191274.2400,3,3.061400,1,-10.000000,0
2020-09-29,sz.000861,2.7600,2.9000,2.6700,2.6700,2.9700,106457062,288838791.7600,3,5.103000,1,-10.101000,0
2020-09-30,sz.000861,2.6300,2.7300,2.5000,2.6500,2.6700,51817340,137555970.2200,3,2.483900,1,-0.749100,0
2020-10-09,sz.000861,2.6700,2.8900,2.6500,2.8800,2.6500,56828980,159542596.9100,3,2.724100,1,8.679200,0
2020-10-12,sz.000861,2.8900,2.9200,2.8200,2.8900,2.8800,44029914,125958734.6700,3,2.031200,1,0.347200,0
2020-10-13,sz.000861,2.9300,2.9300,2.8000,2.8200,2.8900,28209022,80065879.5700,3,1.301300,1,-2.422100,0
2020-10-14,sz.000861,2.8300,2.8500,2.7500,2.7900,2.8200,28689811,80326692.3700,3,1.323500,1,-1.063800,0
2020-10-15,sz.000861,2.7800,2.7900,2.7000,2.7100,2.7900,19216060,52410977.5700,3,0.886500,1,-2.867400,0
2020-10-16,sz.000861,2.7300,2.7400,2.6500,2.6800,2.7100,22465445,60233939.9400,3,1.036400,1,-1.107000,0
2020-10-19,sz.000861,2.7000,2.7400,2.5800,2.6100,2.6800,33367344,87905115.8000,3,1.539300,1,-2.611900,0
2020-10-20,sz.000861,2.6100,2.7000,2.5800,2.6900,2.6100,26971590,70637436.3000,3,1.244300,1,3.065100,0
2020-10-21,sz.000861,2.6900,2.7000,2.6000,2.6000,2.6900,23287690,61234255.4000,3,1.074300,1,-3.345700,0
2020-10-22,sz.000861,2.6000,2.6500,2.5700,2.6200,2.6000,18379166,47958423.1600,3,0.847900,1,0.769200,0
2020-10-23,sz.000861,2.6200,2.6500,2.5200,2.5300,2.6200,27798606,71476544.4400,3,1.282400,1,-3.435100,0
2020-10-26,sz.000861,2.5500,2.5500,2.4600,2.4800,2.5300,32685984,81974811.6200,3,1.507900,1,-1.976300,0
2020-10-27,sz.000861,2.5000,2.5000,2.4000,2.4200,2.4800,42718115,104220172.6900,3,1.970700,1,-2.419400,0
2020-10-28,sz.000861,2.4400,2.4900,2.3900,2.4600,2.4200,31421218,76409038.5400,3,1.449500,1,1.652900,0
2020-10-29,sz.000861,2.4300,2.4500,2.4100,2.4200,2.4600,18383835,44602130.3300,3,0.848100,1,-1.626000,0
2020-10-30,sz.000861,2.4200,2.4300,2.3000,2.3200,2.4200,29556223,69746674.7700,3,1.363500,1,-4.132200,0
2020-11-02,sz.000861,2.3600,2.4700,2.3600,2.4100,2.3200,29956923,72214682.1400,3,1.382000,1,3.879300,0
2020-11-03,sz.000861,2.4200,2.6400,2.3900,2.5500,2.4100,50703971,128249369.7500,3,2.339100,1,5.809100,0
2020-11-04,sz.000861,2.5800,2.5800,2.4800,2.5000,2.5500,24894350,62638528.8400,3,1.148400,1,-1.960800,0
2020-11-05,sz.000861,2.5200,2.5800,2.5100,2.5600,2.5000,21397215,54395044.8700,3,0.987100,1,2.400000,0
2020-11-06,sz.000861,2.5700,2.5900,2.5200,2.5400,2.5600,19002182,48377407.9500,3,0.876600,1,-0.781300,0
2020-11-09,sz.000861,2.5500,2.6300,2.5400,2.6100,2.5400,23797365,61823394.8100,3,1.097800,1,2.755900,0
2020-11-10,sz.000861,2.6100,2.6600,2.5700,2.5900,2.6100,19170763,50185497.5600,3,0.884400,1,-0.766300,0
2020-11-11,sz.000861,2.6100,2.7400,2.5800,2.6700,2.5900,33236135,89032184.6700,3,1.533200,1,3.088800,0
2020-11-12,sz.000861,2.6700,2.7000,2.6200,2.6700,2.6700,22927511,61100172.3600,3,1.057700,1,0.000000,0
2020-11-13,sz.000861,2.6400,2.6800,2.5900,2.6200,2.6700,17943930,47049435.0000,3,0.827800,1,-1.872700,0
2020-11-16,sz.000861,2.6200,2.7400,2.6200,2.6700,2.6200,29810566,80007683.3800,3,1.375200,1,1.908400,0
2020-11-17,sz.000861,2.6600,2.7100,2.6300,2.6900,2.6700,29167211,78009781.6400,3,1.345500,1,0.749100,0
2020-11-18,sz.000861,2.6900,2.7200,2.6600,2.6800,2.6900,20283419,54450830.7500,3,0.935700,1,-0.371700,0
2020-11-19,sz.000861,2.6700,2.6800,2.6100,2.6400,2.6800,20509337,54278557.7100,3,0.946100,1,-1.492500,0
2020-11-20,sz.000861,2.6400,2.6800,2.6000,2.6500,2.6400,15979943,42117996.7300,3,0.737200,1,0.378800,0
2020-11-23,sz.000861,2.6600,2.6700,2.6100,2.6300,2.6500,18627891,49118933.2300,3,0.859300,1,-0.754700,0
2020-11-24,sz.000861,2.6400,2.6700,2.6200,2.6300,2.6300,16864576,44509920.7200,3,0.778000,1,0.000000,0
2020-11-25,sz.000861,2.6400,2.6400,2.5700,2.5700,2.6300,24367460,63385056.9700,3,1.124100,1,-2.281400,0
2020-11-26,sz.000861,2.5500,2.5700,2.5100,2.5400,2.5700,17530629,44500433.8000,3,0.808700,1,-1.167300,0
2020-11-27,sz.000861,2.5500,2.5700,2.5100,2.5400,2.5400,12649049,32022906.7200,3,0.583500,1,0.000000,0
2020-11-30,sz.000861,2.5500,2.6000,2.5100,2.5200,2.5400,23388328,59686359.8500,3,1.079000,1,-0.787400,0
2020-12-01,sz.000861,2.5200,2.5700,2.5000,2.5400,2.5200,19795427,50179537.8200,3,0.913200,1,0.793700,0
2020-12-02,sz.000861,2.5500,2.7900,2.5500,2.7900,2.5400,89300178,242086544.7500,3,4.119600,1,9.842500,0
2020-12-03,sz.000861,2.8700,2.8700,2.6900,2.7300,2.7900,85283087,235306626.6700,3,3.934300,1,-2.150500,0
2020-12-04,sz.000861,2.7300,2.7400,2.6400,2.6800,2.7300,44468230,118589606.5200,3,2.051400,1,-1.831500,0
2020-12-07,sz.000861,2.6800,2.6900,2.6400,2.6500,2.6800,28095271,74753846.6800,3,1.296100,1,-1.119400,0
2020-12-08,sz.000861,2.6500,2.9200,2.6400,2.9200,2.6500,65414240,182960223.8100,3,3.017700,1,10.188700,0
2020-12-09,sz.000861,2.9900,3.2100,2.9200,2.9400,2.9200,160437115,488248455.9000,3,7.401300,1,0.684900,0
2020-12-10,sz.000861,2.8200,2.9700,2.8100,2.8700,2.9400,81705913,235190471.3400,3,3.769300,1,-2.381000,0
2020-12-11,sz.000861,2.8200,3.0000,2.7600,2.9200,2.8700,76474424,219252063.5800,3,3.527900,1,1.742200,0
2020-12-14,sz.000861,2.8900,2.9900,2.8600,2.9300,2.9200,48659578,142685254.0000,3,2.244800,1,0.342500,0
2020-12-15,sz.000861,2.9300,2.9600,2.8700,2.8800,2.9300,35075031,101749926.6000,3,1.618100,1,-1.706500,0
2020-12-16,sz.000861,2.8800,2.9200,2.8300,2.8300,2.8800,31462824,90007503.4800,3,1.451400,1,-1.736100,0
2020-12-17,sz.000861,2.8500,2.9600,2.7700,2.9500,2.8300,53071528,153489968.5500,3,2.448300,1,4.240300,0
2020-12-18,sz.000861,2.9200,3.0100,2.8800,2.8900,2.9500,61967824,181351556.6500,3,2.858700,1,-2.033900,0
2020-12-21,sz.000861,2.8400,2.9300,2.8300,2.8800,2.8900,27137855,78231011.5000,3,1.251900,1,-0.346000,0
2020-12-22,sz.000861,2.8800,2.9300,2.8100,2.8100,2.8800,37318059,106430275.3900,3,1.721600,1,-2.430600,0
2020-12-23,sz.000861,2.8100,2.8700,2.8000,2.8600,2.8100,26140281,73985482.5600,3,1.205900,1,1.779400,0
2020-12-24,sz.000861,2.8100,2.8600,2.8000,2.8100,2.8600,19369659,54729419.6600,3,0.893600,1,-1.748300,0
2020-12-25,sz.000861,2.8100,2.9300,2.7800,2.8700,2.8100,28382058,81216809.2700,3,1.309300,1,2.135200,0
2020-12-28,sz.000861,2.8700,2.8900,2.8300,2.8400,2.8700,25579555,72852926.0300,3,1.180000,1,-1.045300,0
2020-12-29,sz.000861,2.8500,2.8500,2.7700,2.7700,2.8400,27086921,75651602.5700,3,1.249600,1,-2.464800,0
2020-12-30,sz.000861,2.8400,2.9000,2.7800,2.8500,2.7700,39982262,113691576.5500,3,1.844500,1,2.888100,0
2020-12-31,sz.000861,2.8700,2.9200,2.8500,2.9000,2.8500,34260004,98689209.3900,3,1.580500,1,1.754400,0
2021-01-04,sz.000861,2.9100,2.9700,2.8700,2.9400,2.9000,36585403,107147226.8000,3,1.687700,1,1.379300,0
2021-01-05,sz.000861,2.9600,2.9900,2.9200,2.9500,2.9400,31480931,92943986.8700,3,1.452200,1,0.340100,0
2021-01-06,sz.000861,2.9600,2.9800,2.8800,2.9000,2.9500,22976018,66745468.6200,3,1.059900,1,-1.694900,0
2021-01-07,sz.000861,2.9000,2.9000,2.7600,2.7600,2.9000,33526980,94503240.1100,3,1.546600,1,-4.827600,0
2021-01-08,sz.000861,2.7700,2.8300,2.7100,2.8100,2.7600,19515496,54310641.6600,3,0.900300,1,1.811600,0
2021-01-11,sz.000861,2.8100,2.8500,2.7800,2.7900,2.8100,14378420,40376884.0700,3,0.663300,1,-0.711700,0
2021-01-12,sz.000861,2.7900,2.8100,2.7400,2.7500,2.7900,17956417,49675936.8900,3,0.828300,1,-1.433700,0
2021-01-13,sz.000861,2.7500,2.7600,2.4800,2.4800,2.7500,63841427,160989507.3400,3,2.945100,1,-9.818200,0
2021-01-14,sz.000861,2.4000,2.4800,2.2400,2.4200,2.4800,53994609,127322697.6600,3,2.490800,1,-2.419400,0
2021-01-15,sz.000861,2.4200,2.5100,2.3200,2.4100,2.4200,34746617,83134785.6100,3,1.602900,1,-0.413200,0
2021-01-18,sz.000861,2.3700,2.4000,2.3200,2.3300,2.4100,31328118,73585897.6800,3,1.445200,1,-3.319500,0
2021-01-19,sz.000861,2.3300,2.4800,2.3000,2.4300,2.3300,38091524,90933379.1200,3,1.757200,1,4.291800,0
2021-01-20,sz.000861,2.4100,2.4300,2.3500,2.3900,2.4300,14561881,34686018.9700,3,0.671800,1,-1.646100,0
2021-01-21,sz.000861,2.3800,2.4000,2.3300,2.3400,2.3900,29008854,68397472.1600,3,1.338200,1,-2.092100,0
2021-01-22,sz.000861,2.3400,2.3400,2.2200,2.2200,2.3400,38346042,87045650.2000,3,1.768900,1,-5.128200,0
2021-01-25,sz.000861,2.2500,2.3200,2.2400,2.2900,2.2200,31323223,71600845.4500,3,1.445000,1,3.153200,0
2021-01-26,sz.000861,2.2900,2.5200,2.2200,2.4400,2.2900,54802086,131922027.9900,3,2.528100,1,6.550200,0
2021-01-27,sz.000861,2.4500,2.4900,2.3500,2.4700,2.4400,33333419,79948752.5700,3,1.537700,1,1.229500,0
2021-01-28,sz.000861,2.4700,2.5100,2.3700,2.4000,2.4700,50092176,121617039.5700,3,2.310800,1,-2.834000,0
2021-01-29,sz.000861,2.4000,2.4000,2.2600,2.3200,2.4000,41858068,96289224.2500,3,1.930900,1,-3.333300,0
2021-02-01,sz.000861,2.2900,2.3100,2.1300,2.1800,2.3200,37900644,83726174.4300,3,1.748400,1,-6.034500,0
2021-02-02,sz.000861,2.1800,2.2000,2.0700,2.0800,2.1800,42071712,89171802.1000,3,1.940800,1,-4.587200,0
2021-02-03,sz.000861,2.0800,2.1100,2.0300,2.0900,2.0800,18319427,38019382.1600,3,0.845100,1,0.480800,0
2021-02-04,sz.000861,2.0900,2.0900,1.9200,2.0000,2.0900,42497343,84621047.5300,3,1.960400,1,-4.306200,0
2021-02-05,sz.000861,2.0100,2.0800,1.9600,1.9900,2.0000,26068932,52279808.3100,3,1.202600,1,-0.500000,0
2021-02-08,sz.000861,1.9800,2.0700,1.9400,2.0300,1.9900,25952540,51774537.5000,3,1.197200,1,2.010100,0
2021-02-09,sz.000861,2.0100,2.0800,2.0000,2.0500,2.0300,20843171,42450849.6600,3,0.961500,1,0.985200,0
2021-02-10,sz.000861,2.0500,2.1900,2.0400,2.1900,2.0500,31666306,67260926.7600,3,1.460800,1,6.829300,0
2021-02-18,sz.000861,2.2100,2.2300,2.1600,2.2200,2.1900,30670373,67343933.2400,3,1.414800,1,1.369900,0
2021-02-19,sz.000861,2.2000,2.2900,2.1900,2.2600,2.2200,23198360,52042178.2000,3,1.070200,1,1.801800,0
2021-02-22,sz.000861,2.2500,2.3400,2.2500,2.2500,2.2600,38013344,87149067.4300,3,1.753600,1,-0.442500,0
2021-02-23,sz.000861,2.2500,2.2700,2.1600,2.1700,2.2500,31220127,68614300.3700,3,1.440200,1,-3.555600,0
2021-02-24,sz.000861,2.1800,2.2400,2.1400,2.2200,2.1700,29996700,65902549.8000,3,1.383800,1,2.304100,0
2021-02-25,sz.000861,2.2100,2.2900,2.1700,2.2600,2.2200,46547093,104028909.3100,3,2.147300,1,1.801800,0
2021-02-26,sz.000861,2.2100,2.2400,2.1900,2.2200,2.2600,29636719,65564195.8300,3,1.367200,1,-1.769900,0
2021-03-01,sz.000861,2.2000,2.2300,2.1900,2.2100,2.2200,25258970,55738570.7000,3,1.165200,1,-0.450500,0
2021-03-02,sz.000861,2.2300,2.2800,2.2000,2.2800,2.2100,38670612,86910980.0200,3,1.783900,1,3.167400,0
2021-03-03,sz.000861,2.2600,2.2800,2.2300,2.2600,2.2800,19590225,44077609.3200,3,0.903700,1,-0.877200,0
2021-03-04,sz.000861,2.2400,2.2900,2.2200,2.2300,2.2600,25586100,57677755.7000,3,1.180300,1,-1.327400,0
2021-03-05,sz.000861,2.2300,2.2700,2.2200,2.2600,2.2300,18542650,41704967.3000,3,0.855400,1,1.345300,0
2021-03-08,sz.000861,2.2500,2.2700,2.2200,2.2300,2.2600,19426270,43678651.3000,3,0.896100,1,-1.327400,0
2021-03-09,sz.000861,2.2100,2.2300,2.0800,2.1700,2.2300,26950330,58214243.1000,3,1.243200,1,-2.690600,0
2021-03-10,sz.000861,2.1700,2.1800,2.1100,2.1100,2.1700,15434587,33026457.9100,3,0.712000,1,-2.765000,0
2021-03-11,sz.000861,2.1200,2.1600,2.1000,2.1600,2.1100,15571756,33263276.1200,3,0.718300,1,2.369700,0
2021-03-12,sz.000861,2.1600,2.2100,2.1400,2.2000,2.1600,15774372,34402776.0600,3,0.727700,1,1.851900,0
2021-03-15,sz.000861,2.2000,2.2800,2.1600,2.2800,2.2000,38184305,84806592.6400,3,1.761500,1,3.636400,0
2021-03-16,sz.000861,2.2700,2.2900,2.2200,2.2600,2.2800,33141566,74746313.8000,3,1.528800,1,-0.877200,0
2021-03-17,sz.000861,2.2600,2.2900,2.2400,2.2600,2.2600,26676390,60372303.0000,3,1.230600,1,0.000000,0
2021-03-18,sz.000861,2.2700,2.2800,2.2300,2.2300,2.2600,19217562,43255412.2600,3,0.886500,1,-1.327400,0
2021-03-19,sz.000861,2.2300,2.2500,2.2000,2.2100,2.2300,16511900,36827315.1000,3,0.761700,1,-0.896900,0
2021-03-22,sz.000861,2.2200,2.2300,2.1700,2.2200,2.2100,23427170,51514173.0000,3,1.080700,1,0.452500,0
2021-03-23,sz.000861,2.2100,2.2200,2.1500,2.1600,2.2200,21168675,46022512.0900,3,0.976500,1,-2.702700,0
2021-03-24,sz.000861,2.1500,2.1800,2.1300,2.1600,2.1600,15851668,34166571.3000,3,0.731300,1,0.000000,0
2021-03-25,sz.000861,2.1600,2.1800,2.1500,2.1500,2.1600,15014500,32487549.0000,3,0.692600,1,-0.463000,0
2021-03-26,sz.000861,2.1500,2.1700,2.1300,2.1600,2.1500,18592750,39953649.0000,3,0.857700,1,0.465100,0
2021-03-29,sz.000861,2.1500,2.1900,2.1300,2.1400,2.1600,17055630,36683696.3000,3,0.786800,1,-0.925900,0
2021-03-30,sz.000861,2.1400,2.1500,2.1000,2.1100,2.1400,17433406,36752202.6000,3,0.804200,1,-1.401900,0
2021-03-31,sz.000861,2.1200,2.1700,2.0900,2.1700,2.1100,26348120,56223995.0200,3,1.215500,1,2.843600,0
2021-04-01,sz.000861,2.1500,2.1700,2.1200,2.1600,2.1700,16671388,35708189.6400,3,0.769100,1,-0.460800,0
2021-04-02,sz.000861,2.1600,2.1800,2.1300,2.1600,2.1600,13285376,28558293.0000,3,0.612900,1,0.000000,0
2021-04-06,sz.000861,2.1500,2.1800,2.1400,2.1700,2.1600,15520635,33576420.9400,3,0.716000,1,0.463000,0
2021-04-07,sz.000861,2.1700,2.2300,2.1600,2.1900,2.1700,27741565,60823054.3700,3,1.279700,1,0.921700,0
2021-04-08,sz.000861,2.1900,2.2300,2.1700,2.2000,2.1900,30399965,66848277.9000,3,1.402400,1,0.456600,0
2021-04-09,sz.000861,2.1900,2.2500,2.1700,2.2300,2.2000,40490022,89575565.4300,3,1.867800,1,1.363600,0
2021-04-12,sz.000861,2.2200,2.2300,2.1600,2.1800,2.2300,30302265,66591640.6500,3,1.397900,1,-2.242200,0
2021-04-13,sz.000861,2.1800,2.1800,2.1200,2.1400,2.1800,28896272,61868160.6400,3,1.333000,1,-1.834900,0
2021-04-14,sz.000861,2.1300,2.3000,2.1200,2.2400,2.1400,50931409,112826462.0800,3,2.349500,1,4.672900,0
2021-04-15,sz.000861,2.2300,2.3300,2.2100,2.2600,2.2400,54723121,124216986.3100,3,2.524400,1,0.892900,0
2021-04-16,sz.000861,2.2600,2.4500,2.2500,2.3600,2.2600,81019033,192109546.7600,3,3.737500,1,4.424800,0
2021-04-19,sz.000861,2.3400,2.3900,2.3000,2.3300,2.3600,50856600,119125490.2900,3,2.346100,1,-1.271200,0
2021-04-20,sz.000861,2.3400,2.3900,2.3100,2.3600,2.3300,40738759,95706822.6100,3,1.879300,1,1.287600,0
2021-04-21,sz.000861,2.3500,2.3800,2.3100,2.3500,2.3600,37014560,87085851.6200,3,1.707500,1,-0.423700,0
2021-04-22,sz.000861,2.3500,2.4200,2.3400,2.3800,2.3500,32006513,76234670.8500,3,1.476500,1,1.276600,0
2021-04-23,sz.000861,2.3800,2.3900,2.2600,2.2900,2.3800,38813939,89634814.0900,3,1.790500,1,-3.781500,0
2021-04-26,sz.000861,2.3200,2.3200,2.2600,2.2900,2.2900,28197020,64295985.7700,3,1.300800,1,0.000000,0
2021-04-27,sz.000861,2.2600,2.2800,2.1900,2.2500,2.2900,32011996,71284631.2100,3,1.476700,1,-1.746700,0
2021-04-28,sz.000861,2.2300,2.2300,2.1800,2.1900,2.2500,19181330,42309989.9000,3,0.884800,1,-2.666700,0
2021-04-29,sz.000861,2.2200,2.3100,2.1800,2.2900,2.1900,32966468,74529709.9600,3,1.520800,1,4.566200,0
2021-04-30,sz.000861,2.3000,2.3100,2.2000,2.2100,2.2900,22576070,50731340.9600,3,1.041500,1,-3.493400,0
2021-05-06,sz.000861,2.2200,2.2700,2.1800,2.2700,2.2100,27682856,61345190.8000,3,1.277000,1,2.714900,0
2021-05-07,sz.000861,2.2400,2.2600,2.1900,2.2100,2.2700,24608458,54509041.4100,3,1.135200,1,-2.643200,0
2021-05-10,sz.000861,2.2200,2.2300,2.1800,2.2200,2.2100,22593900,49713796.2000,3,1.042300,1,0.452500,0
2021-05-11,sz.000861,2.2000,2.2300,2.1800,2.2100,2.2200,24132931,53141082.0100,3,1.113300,1,-0.450500,0
2021-05-12,sz.000861,2.2100,2.2500,2.1900,2.2400,2.2100,18395241,40875327.8100,3,0.848600,1,1.357500,0
2021-05-13,sz.000861,2.2300,2.3500,2.2200,2.2500,2.2400,33177627,75580505.0500,3,1.530500,1,0.446400,0
2021-05-14,sz.000861,2.2500,2.2900,2.2500,2.2900,2.2500,30803600,69860924.8000,3,1.421000,1,1.777800,0
2021-05-17,sz.000861,2.2700,2.2800,2.2100,2.2200,2.2900,24952477,55704283.7700,3,1.151100,1,-3.056800,0
2021-05-18,sz.000861,2.2100,2.2600,2.2000,2.2300,2.2200,16687590,37278492.2400,3,0.769800,1,0.450500,0
2021-05-19,sz.000861,2.2300,2.2600,2.2100,2.2400,2.2300,22723262,50755667.3800,3,1.048200,1,0.448400,0
2021-05-20,sz.000861,2.2400,2.2400,2.2000,2.2100,2.2400,17533700,38912080.0000,3,0.808800,1,-1.339300,0
2021-05-21,sz.000861,2.2200,2.2200,2.1600,2.2000,2.2100,26227601,57564800.4800,3,1.209900,1,-0.452500,0
2021-05-24,sz.000861,2.1900,2.2200,2.1800,2.2100,2.2000,13787778,30379669.6000,3,0.636000,1,0.454500,0
2021-05-25,sz.000861,2.2100,2.2200,2.1900,2.2100,2.2100,16834460,37069887.5000,3,0.776600,1,0.000000,0
2021-05-26,sz.000861,2.2400,2.2900,2.2300,2.2300,2.2100,33230033,74801115.1400,3,1.532900,1,0.905000,0
2021-05-27,sz.000861,2.2200,2.2500,2.2200,2.2300,2.2300,16022738,35752737.6400,3,0.739100,1,0.000000,0
2021-05-28,sz.000861,2.2400,2.2500,2.1900,2.2400,2.2300,26358669,58471837.2000,3,1.215900,1,0.448400,0
2021-05-31,sz.000861,2.2400,2.2600,2.2100,2.2500,2.2400,21898216,49046699.6600,3,1.010200,1,0.446400,0
2021-06-01,sz.000861,2.2400,2.2700,2.2300,2.2300,2.2500,26874250,60246467.0000,3,1.239700,1,-0.888900,0
2021-06-02,sz.000861,2.2300,2.2600,2.2200,2.2400,2.2300,22229333,49889535.2900,3,1.025500,1,0.448400,0
2021-06-03,sz.000861,2.2400,2.2500,2.2000,2.2100,2.2400,26174740,58168575.2000,3,1.207500,1,-1.339300,0
2021-06-04,sz.000861,2.2100,2.2200,2.1800,2.1900,2.2100,19665910,43204391.8000,3,0.907200,1,-0.905000,0
2021-06-07,sz.000861,2.1800,2.2000,2.1500,2.1800,2.1900,29012219,62991951.5400,3,1.338400,1,-0.456600,0
2021-06-08,sz.000861,2.1700,2.1900,2.1500,2.1600,2.1800,18152539,39326355.4500,3,0.837400,1,-0.917400,0
2021-06-09,sz.000861,2.1600,2.1700,2.1400,2.1600,2.1600,17038480,36768384.6000,3,0.786000,1,0.000000,0
2021-06-10,sz.000861,2.1500,2.1700,2.1200,2.1200,2.1600,23078500,49439125.0000,3,1.064600,1,-1.851900,0
2021-06-11,sz.000861,2.1300,2.1500,2.1200,2.1200,2.1200,16518043,35264500.1600,3,0.762000,1,0.000000,0
2021-06-15,sz.000861,2.1200,2.1400,2.1000,2.1300,2.1200,19605940,41562271.9000,3,0.904400,1,0.471700,0
2021-06-16,sz.000861,2.1300,2.1300,2.0900,2.1000,2.1300,17957900,37874067.0000,3,0.828400,1,-1.408500,0
2021-06-17,sz.000861,2.0900,2.1000,2.0400,2.0400,2.1000,26105373,53887474.8800,3,1.204300,1,-2.857100,0
2021-06-18,sz.000861,2.0400,2.0500,2.0100,2.0500,2.0400,18875414,38285250.7600,3,0.870700,1,0.490200,0
2021-06-21,sz.000861,2.0300,2.0600,2.0300,2.0600,2.0500,11390366,23354409.8000,3,0.525400,1,0.487800,0
2021-06-22,sz.000861,2.0600,2.1000,2.0500,2.0800,2.0600,13668529,28401315.9600,3,0.630500,1,0.970900,0
2021-06-23,sz.000861,2.0800,2.0900,2.0600,2.0700,2.0800,9755482,20194290.9200,3,0.450000,1,-0.480800,0
2021-06-24,sz.000861,2.0600,2.0900,2.0500,2.0800,2.0700,12117588,25078875.6600,3,0.559000,1,0.483100,0
2021-06-25,sz.000861,2.0800,2.0900,2.0600,2.0700,2.0800,13160967,27280016.1800,3,0.607100,1,-0.480800,0
2021-06-28,sz.000861,2.0700,2.1200,2.0600,2.1000,2.0700,28137716,58936445.5800,3,1.298000,1,1.449300,0
2021-06-29,sz.000861,2.1100,2.1400,2.0900,2.1200,2.1000,22693020,48117870.5000,3,1.046800,1,0.952400,0
2021-06-30,sz.000861,2.1200,2.1500,2.0900,2.1200,2.1200,21789000,45977431.4000,3,1.005100,1,0.000000,0
2021-07-01,sz.000861,2.1100,2.1200,2.0900,2.0900,2.1200,12713530,26654673.7000,3,0.586500,1,-1.415100,0
2021-07-02,sz.000861,2.0900,2.1000,2.0400,2.0700,2.0900,18820349,38719866.5700,3,0.868200,1,-0.956900,0
2021-07-05,sz.000861,2.0600,2.1300,2.0600,2.0700,2.0700,17126596,35567672.2600,3,0.790100,1,0.000000,0
2021-07-06,sz.000861,2.0700,2.0800,2.0500,2.0600,2.0700,12136820,25025582.7000,3,0.559900,1,-0.483100,0
2021-07-07,sz.000861,2.0600,2.0700,2.0400,2.0500,2.0600,12926179,26540536.3500,3,0.596300,1,-0.485400,0
2021-07-08,sz.000861,2.0600,2.0800,2.0300,2.0400,2.0500,14588710,29924346.2500,3,0.673000,1,-0.487800,0
2021-07-09,sz.000861,2.0300,2.0800,2.0200,2.0700,2.0400,20220685,41413200.8900,3,0.932800,1,1.470600,0
2021-07-12,sz.000861,2.0900,2.1000,2.0500,2.0600,2.0700,20726590,42921414.5000,3,0.956100,1,-0.483100,0
2021-07-13,sz.000861,2.0500,2.0700,2.0500,2.0600,2.0600,15467735,31792769.7000,3,0.713500,1,0.000000,0
2021-07-14,sz.000861,2.0600,2.0700,2.0300,2.0400,2.0600,21610038,44264773.2700,3,0.996900,1,-0.970900,0
2021-07-15,sz.000861,2.0400,2.0500,2.0200,2.0300,2.0400,13351696,27064479.5700,3,0.615900,1,-0.490200,0
2021-07-16,sz.000861,2.0300,2.0700,2.0200,2.0500,2.0300,17444390,35798678.5900,3,0.804700,1,0.985200,0
2021-07-19,sz.000861,2.0500,2.0500,2.0100,2.0200,2.0500,21622764,43905650.0400,3,0.997500,1,-1.463400,0
2021-07-20,sz.000861,2.0100,2.0400,1.9800,2.0200,2.0200,21066360,42227299.8400,3,0.971800,1,0.000000,0
2021-07-21,sz.000861,2.0000,2.0300,1.9900,1.9900,2.0100,19969650,40050061.5000,3,0.921200,1,-0.995000,0
2021-07-22,sz.000861,1.9900,2.0000,1.9800,1.9900,1.9900,21690797,43081240.6200,3,1.000600,1,0.000000,0
2021-07-23,sz.000861,1.9900,1.9900,1.9500,1.9500,1.9900,28545571,56069249.2500,3,1.316800,1,-2.010100,0
2021-07-26,sz.000861,1.9400,1.9500,1.9000,1.9400,1.9500,28526629,54826456.0600,3,1.316000,1,-0.512800,0
2021-07-27,sz.000861,1.9300,1.9500,1.9000,1.9000,1.9400,19756214,37885153.1600,3,0.911400,1,-2.061900,0
2021-07-28,sz.000861,1.9100,1.9100,1.8300,1.8300,1.9000,22696293,42088956.7900,3,1.047000,1,-3.684200,0
2021-07-29,sz.000861,1.8400,1.8600,1.8200,1.8500,1.8300,17846159,32867492.4600,3,0.823300,1,1.092900,0
2021-07-30,sz.000861,1.8500,1.8700,1.8000,1.8600,1.8500,20760481,38036626.4200,3,0.957700,1,0.540500,0
2021-08-02,sz.000861,1.8500,1.9000,1.8400,1.8800,1.8600,13678516,25616994.1500,3,0.631000,1,1.075300,0
2021-08-03,sz.000861,1.8800,1.9100,1.8700,1.8800,1.8800,14917520,28239831.8000,3,0.688200,1,0.000000,0
2021-08-04,sz.000861,1.8700,1.9400,1.8700,1.9200,1.8800,29929845,57082885.9000,3,1.380700,1,2.127700,0
2021-08-05,sz.000861,1.9200,2.0000,1.9200,2.0000,1.9200,37802484,74002739.7600,3,1.743900,1,4.166700,0
2021-08-06,sz.000861,2.0200,2.1900,2.0000,2.1200,2.0000,90224232,189436063.5100,3,4.162100,1,6.000000,0
2021-08-09,sz.000861,2.1000,2.1000,2.0000,2.0100,2.1200,61221780,124426592.2000,3,2.824200,1,-5.188700,0
2021-08-10,sz.000861,2.0000,2.0600,1.9800,2.0200,2.0100,29488982,59593040.5400,3,1.360300,1,0.497500,0
2021-08-11,sz.000861,2.0300,2.0400,2.0000,2.0000,2.0200,23135669,46626286.3000,3,1.067300,1,-0.990100,0
2021-08-12,sz.000861,2.0000,2.0700,1.9800,2.0600,2.0000,41247043,83104362.8900,3,1.902800,1,3.000000,0
2021-08-13,sz.000861,2.0500,2.1000,2.0300,2.0600,2.0600,32486400,67179424.0000,3,1.498600,1,0.000000,0
2021-08-16,sz.000861,2.0500,2.0500,2.0200,2.0300,2.0600,20380649,41426844.4700,3,0.940200,1,-1.456300,0
2021-08-17,sz.000861,2.0300,2.0300,1.9600,1.9600,2.0300,27048935,53821943.6000,3,1.247800,1,-3.448300,0
2021-08-18,sz.000861,1.9600,2.0000,1.9500,1.9900,1.9600,12254066,24283054.9600,3,0.565300,1,1.530600,0
2021-08-19,sz.000861,1.9900,2.0200,1.9600,2.0100,1.9900,14287615,28511785.6400,3,0.659100,1,1.005000,0
2021-08-20,sz.000861,2.0100,2.0200,1.9900,2.0100,2.0100,15326000,30730363.0000,3,0.707000,1,0.000000,0
2021-08-23,sz.000861,2.0000,2.0300,2.0000,2.0300,2.0100,13329415,26912034.9000,3,0.614900,1,0.995000,0
2021-08-24,sz.000861,2.0300,2.0400,2.0100,2.0400,2.0300,13543600,27434394.6300,3,0.624800,1,0.492600,0
2021-08-25,sz.000861,2.0300,2.1000,2.0200,2.0900,2.0400,36672365,75945542.1600,3,1.691700,1,2.451000,0
2021-08-26,sz.000861,2.0800,2.1100,2.0700,2.1000,2.0900,33050238,68895817.1100,3,1.524600,1,0.478500,0
2021-08-27,sz.000861,2.1000,2.1200,2.0500,2.0800,2.1000,27863873,57737227.6800,3,1.285400,1,-0.952400,0
2021-08-30,sz.000861,2.0800,2.1100,2.0700,2.1100,2.0800,36900039,77351696.0700,3,1.702200,1,1.442300,0
2021-08-31,sz.000861,2.1000,2.1200,2.0700,2.0900,2.1100,19413990,40613843.5000,3,0.895600,1,-0.947900,0
2021-09-01,sz.000861,2.0900,2.1100,2.0700,2.1000,2.0900,24180230,50591952.7000,3,1.115500,1,0.478500,0
2021-09-02,sz.000861,2.0900,2.0900,2.0700,2.0800,2.1000,17894485,37219832.8000,3,0.825500,1,-0.952400,0
2021-09-03,sz.000861,2.0800,2.1500,2.0800,2.1400,2.0800,39990759,84728479.0100,3,1.844800,1,2.884600,0
2021-09-06,sz.000861,2.1400,2.1900,2.1300,2.1400,2.1400,38546278,83099802.1000,3,1.778200,1,0.000000,0
2021-09-07,sz.000861,2.1500,2.1800,2.1300,2.1700,2.1400,25623200,55253484.6000,3,1.182000,1,1.401900,0
2021-09-08,sz.000861,2.1700,2.2900,2.1600,2.2500,2.1700,59253799,132054292.6500,3,2.733400,1,3.686600,0
2021-09-09,sz.000861,2.2500,2.2500,2.2100,2.2500,2.2500,32236009,71933969.0700,3,1.487100,1,0.000000,0
2021-09-10,sz.000861,2.2400,2.2800,2.1900,2.1900,2.2500,37419622,83767960.8800,3,1.726200,1,-2.666700,0
2021-09-13,sz.000861,2.2100,2.3000,2.1900,2.2900,2.1900,53342058,120785792.6400,3,2.460700,1,4.566200,0
2021-09-14,sz.000861,2.2800,2.3200,2.2300,2.2300,2.2900,29869556,67687908.5400,3,1.377900,1,-2.620100,0
2021-09-15,sz.000861,2.2500,2.3000,2.2200,2.2600,2.2300,39095198,88280320.1600,3,1.803500,1,1.345300,0
2021-09-16,sz.000861,2.2500,2.2800,2.1800,2.1800,2.2600,31477141,69981892.9500,3,1.452100,1,-3.539800,0
2021-09-17,sz.000861,2.1900,2.2200,2.1200,2.1700,2.1800,22467820,48607747.4700,3,1.036500,1,-0.458700,0
2021-09-22,sz.000861,2.1600,2.1900,2.1300,2.1600,2.1700,24860523,53759164.3800,3,1.146800,1,-0.460800,0
2021-09-23,sz.000861,2.1700,2.2500,2.1600,2.2000,2.1600,33122752,72962240.1800,3,1.528000,1,1.851900,0
2021-09-24,sz.000861,2.2000,2.2200,2.1500,2.1700,2.2000,26872200,58621365.8000,3,1.239600,1,-1.363600,0
2021-09-27,sz.000861,2.1700,2.1900,2.0000,2.0900,2.1700,40645181,84962587.0200,3,1.875000,1,-3.686600,0
2021-09-28,sz.000861,2.0800,2.1200,2.0500,2.1100,2.0900,19121173,39885337.5600,3,0.882100,1,0.956900,0
2021-09-29,sz.000861,2.1200,2.1300,2.0400,2.0400,2.1100,25022686,51867306.3600,3,1.154300,1,-3.317500,0
2021-09-30,sz.000861,2.0500,2.0800,2.0300,2.0800,2.0400,18768650,38725206.0000,3,0.865800,1,1.960800,0
2021-10-08,sz.000861,2.0900,2.2000,2.0800,2.1800,2.0800,42143003,91215967.7600,3,1.944100,1,4.807700,0
2021-10-11,sz.000861,2.1900,2.2200,2.1500,2.2100,2.1800,33978760,74300152.4000,3,1.567500,1,1.376100,0
2021-10-12,sz.000861,2.1900,2.2200,2.1500,2.1900,2.2100,24278740,53041343.4000,3,1.120000,1,-0.905000,0
2021-10-13,sz.000861,2.1800,2.1900,2.1300,2.1600,2.1900,19395610,41784612.4000,3,0.894700,1,-1.369900,0
2021-10-14,sz.000861,2.1500,2.2000,2.1100,2.1500,2.1600,19244690,41315288.1000,3,0.887800,1,-0.463000,0
2021-10-15,sz.000861,2.1400,2.1500,2.1200,2.1300,2.1500,19697411,42055804.5300,3,0.908700,1,-0.930200,0
2021-10-18,sz.000861,2.1300,2.1800,2.1000,2.1800,2.1300,21655630,46488949.4000,3,0.999000,1,2.347400,0
2021-10-19,sz.000861,2.1700,2.1700,2.1100,2.1100,2.1800,24028036,51233848.4800,3,1.108400,1,-3.211000,0
2021-10-20,sz.000861,2.1100,2.1200,2.0900,2.1200,2.1100,24720341,52010885.1000,3,1.140400,1,0.473900,0
2021-10-21,sz.000861,2.1100,2.1100,2.0600,2.0800,2.1200,22910218,47633527.0600,3,1.056900,1,-1.886800,0
2021-10-22,sz.000861,2.0800,2.1000,2.0600,2.1000,2.0800,20108134,41759465.7400,3,0.927600,1,0.961500,0
2021-10-25,sz.000861,2.0800,2.1000,2.0600,2.1000,2.1000,15191620,31687741.2000,3,0.700800,1,0.000000,0
2021-10-26,sz.000861,2.0900,2.1100,2.0900,2.0900,2.1000,9949400,20844512.0800,3,0.459000,1,-0.476200,0
2021-10-27,sz.000861,2.1000,2.1000,2.0500,2.0900,2.0900,16118510,33396583.3000,3,0.743600,1,0.000000,0
2021-10-28,sz.000861,2.0700,2.0900,2.0300,2.0400,2.0900,17531440,36136662.5000,3,0.808700,1,-2.392300,0
2021-10-29,sz.000861,2.0300,2.0600,2.0100,2.0400,2.0400,14907202,30288046.0400,3,0.687700,1,0.000000,0
2021-11-01,sz.000861,2.0200,2.0600,2.0100,2.0300,2.0400,9674700,19707427.0000,3,0.446300,1,-0.490200,0
2021-11-02,sz.000861,2.0400,2.0500,1.9600,1.9800,2.0300,24029394,48020796.1200,3,1.108500,1,-2.463100,0
2021-11-03,sz.000861,1.9800,2.0000,1.9700,1.9800,1.9800,8351900,16585100.0000,3,0.385300,1,0.000000,0
2021-11-04,sz.000861,1.9900,2.0100,1.9700,1.9900,1.9800,10598518,21088020.1200,3,0.488900,1,0.505100,0
2021-11-05,sz.000861,2.0000,2.0000,1.9800,1.9900,1.9900,7695090,15285816.2000,3,0.355000,1,0.000000,0
2021-11-08,sz.000861,1.9800,1.9900,1.9600,1.9800,1.9900,10599711,20918871.2800,3,0.489000,1,-0.502500,0
2021-11-09,sz.000861,1.9700,1.9900,1.9700,1.9700,1.9800,6780790,13401908.3000,3,0.312800,1,-0.505100,0
2021-11-10,sz.000861,1.9700,1.9800,1.9600,1.9700,1.9700,8845382,17403679.7200,3,0.408000,1,0.000000,0
2021-11-11,sz.000861,1.9700,2.0600,1.9700,2.0500,1.9700,23923506,48566493.7800,3,1.103600,1,4.060900,0
2021-11-12,sz.000861,2.0600,2.1000,2.0500,2.0800,2.0500,16173978,33509520.9800,3,0.746100,1,1.463400,0
2021-11-15,sz.000861,2.0900,2.1500,2.0900,2.1400,2.0800,34120580,72538576.9400,3,1.574000,1,2.884600,0
2021-11-16,sz.000861,2.1400,2.2200,2.1400,2.1800,2.1400,32641475,71326678.3000,3,1.505800,1,1.869200,0
2021-11-17,sz.000861,2.1800,2.1800,2.1400,2.1700,2.1800,22189835,47957764.1000,3,1.023600,1,-0.458700,0
2021-11-18,sz.000861,2.1600,2.2100,2.1600,2.1800,2.1700,25139083,54836587.3700,3,1.159700,1,0.460800,0
2021-11-19,sz.000861,2.1700,2.4000,2.1700,2.4000,2.1800,86674677,202066123.1600,3,3.998400,1,10.091700,0
2021-11-22,sz.000861,2.4200,2.6100,2.3600,2.5400,2.4000,186533078,465321355.7700,3,8.604900,1,5.833300,0
2021-11-23,sz.000861,2.4600,2.6000,2.4500,2.5400,2.5400,153835095,392880496.0900,3,7.096500,1,0.000000,0
2021-11-24,sz.000861,2.5600,2.7700,2.5500,2.6100,2.5400,168193373,439919066.5400,3,7.758900,1,2.755900,0
2021-11-25,sz.000861,2.6000,2.6300,2.5500,2.6200,2.6100,64357367,166624131.0300,3,2.968900,1,0.383100,0
2021-11-26,sz.000861,2.6800,2.8800,2.4800,2.8800,2.6200,118237559,326088793.1800,3,5.454400,1,9.923700,0
2021-11-29,sz.000861,2.7800,2.9300,2.7500,2.8900,2.8800,139545609,398510330.2300,3,6.437300,1,0.347200,0
2021-11-30,sz.000861,2.8500,2.9500,2.8200,2.9100,2.8900,75692744,218666752.7400,3,3.491800,1,0.692000,0
2021-12-01,sz.000861,2.9200,3.0800,2.8900,3.0600,2.9100,96220514,285644608.2300,3,4.438700,1,5.154600,0
2021-12-02,sz.000861,3.0600,3.1100,2.9400,3.0400,3.0600,108695415,328872401.6800,3,5.014200,1,-0.653600,0
2021-12-03,sz.000861,3.0400,3.2700,3.0100,3.1700,3.0400,148768167,468543067.9600,3,6.862800,1,4.276300,0
2021-12-06,sz.000861,3.1600,3.4900,3.1600,3.4200,3.1700,177298065,599452454.5500,3,8.178900,1,7.886400,0
2021-12-07,sz.000861,3.4200,3.5400,3.2100,3.4000,3.4200,158209100,531957730.0800,3,7.298300,1,-0.584800,0
2021-12-08,sz.000861,3.4000,3.5100,3.2800,3.4300,3.4000,91272234,311206810.8000,3,4.210500,1,0.882400,0
2021-12-09,sz.000861,3.3400,3.3800,3.1900,3.2300,3.4300,128183453,419052011.9700,3,5.913200,1,-5.830900,0
2021-12-10,sz.000861,3.2100,3.3900,3.2000,3.3500,3.2300,94287862,313933785.1600,3,4.349600,1,3.715200,0
2021-12-13,sz.000861,3.3900,3.5300,3.2500,3.3100,3.3500,104736341,352345338.4700,3,4.831600,1,-1.194000,0
2021-12-14,sz.000861,3.3300,3.3600,3.2600,3.3000,3.3100,56979522,187852001.5700,3,2.628500,1,-0.302100,0
2021-12-15,sz.000861,3.3000,3.5200,3.2600,3.4800,3.3000,105497094,360080328.2700,3,4.866700,1,5.454500,0
2021-12-16,sz.000861,3.5000,3.5200,3.3000,3.3500,3.4800,91520310,307756556.8000,3,4.221900,1,-3.735600,0
2021-12-17,sz.000861,3.3500,3.3600,3.1100,3.2400,3.3500,110960514,355685184.8500,3,5.118700,1,-3.283600,0
2021-12-20,sz.000861,3.2100,3.3800,3.2100,3.2300,3.2400,56643955,185497649.7200,3,2.613000,1,-0.308600,0
2021-12-21,sz.000861,3.2800,3.4300,3.2400,3.3800,3.2300,76047920,253298998.0500,3,3.508100,1,4.644000,0
2021-12-22,sz.000861,3.3400,3.3900,3.2300,3.2600,3.3800,52931497,174264917.7400,3,2.441800,1,-3.550300,0
2021-12-23,sz.000861,3.2700,3.3700,3.2500,3.2700,3.2600,55519785,183273006.5500,3,2.561200,1,0.306700,0
2021-12-24,sz.000861,3.3100,3.3100,3.0800,3.1000,3.2700,64891833,205012706.6200,3,2.993500,1,-5.198800,0
2021-12-27,sz.000861,3.0900,3.1500,3.0100,3.1000,3.1000,57555963,177894556.9600,3,2.655100,1,0.000000,0
2021-12-28,sz.000861,3.1000,3.1300,3.0300,3.0500,3.1000,33773294,103809483.3800,3,1.558000,1,-1.612900,0
2021-12-29,sz.000861,3.0400,3.1400,3.0200,3.0900,3.0500,39107123,120346915.5000,3,1.804000,1,1.311500,0
2021-12-30,sz.000861,3.1000,3.1300,3.0400,3.0600,3.0900,30810660,94713320.0000,3,1.421300,1,-0.970900,0
2021-12-31,sz.000861,3.0500,3.3500,3.0400,3.2700,3.0600,88304342,284954616.9600,3,4.073500,1,6.862700,0
2022-01-04,sz.000861,3.2900,3.4600,3.2600,3.4000,3.2700,79281711,267315345.3700,3,3.657200,1,3.975500,0
2022-01-05,sz.000861,3.4100,3.4100,3.1700,3.1800,3.4000,52612548,171402945.3600,3,2.427000,1,-6.470600,0
2022-01-06,sz.000861,3.1800,3.3200,3.1800,3.2300,3.1800,34823230,113691174.7400,3,1.594100,1,1.572300,0
2022-01-07,sz.000861,3.2400,3.3000,3.1800,3.2300,3.2300,43431580,141177423.1000,3,1.988100,1,0.000000,0
2022-01-10,sz.000861,3.2700,3.4100,3.2400,3.3800,3.2300,69221633,231276058.9500,3,3.168700,1,4.644000,0
2022-01-11,sz.000861,3.4500,3.5000,3.1700,3.1800,3.3800,106275007,346347297.2300,3,4.864900,1,-5.917200,0
2022-01-12,sz.000861,3.1900,3.2500,3.1000,3.1100,3.1800,47917644,150817269.5200,3,2.193500,1,-2.201300,0
2022-01-13,sz.000861,3.1000,3.1300,3.0100,3.0800,3.1100,41805424,128671166.2500,3,1.913700,1,-0.964600,0
2022-01-14,sz.000861,3.0800,3.2300,3.0500,3.0600,3.0800,43383657,135190158.1200,3,1.986000,1,-0.649400,0
2022-01-17,sz.000861,3.0500,3.1000,2.9300,2.9400,3.0600,50585017,151748334.8300,3,2.315600,1,-3.921600,0
2022-01-18,sz.000861,2.9500,2.9600,2.8500,2.8700,2.9400,40908244,118734648.6000,3,1.872600,1,-2.381000,0
2022-01-19,sz.000861,2.8800,2.9000,2.7900,2.8200,2.8700,49223277,139080631.5300,3,2.253300,1,-1.742200,0
2022-01-20,sz.000861,2.8400,2.8500,2.7000,2.7400,2.8200,55009575,151981917.7000,3,2.518100,1,-2.836900,0
2022-01-21,sz.000861,2.7400,2.8600,2.7400,2.7600,2.7400,47677568,132486668.0100,3,2.182500,1,0.729900,0
2022-01-24,sz.000861,2.7500,2.7700,2.6700,2.7000,2.7600,36068396,97582385.8800,3,1.651100,1,-2.173900,0
2022-01-25,sz.000861,2.6800,2.7200,2.5700,2.6000,2.7000,43071685,113811181.7100,3,1.971700,1,-3.703700,0
2022-01-26,sz.000861,2.6000,2.7800,2.5600,2.7500,2.6000,68759848,184518244.8400,3,3.147600,1,5.769200,0
2022-01-27,sz.000861,2.7400,2.8700,2.7100,2.7100,2.7500,68434019,189905111.4300,3,3.132700,1,-1.454500,0
2022-01-28,sz.000861,2.7400,2.7700,2.6500,2.7400,2.7100,32786532,89065613.8600,3,1.500900,1,1.107000,0
2022-02-07,sz.000861,2.6600,2.7300,2.4900,2.7100,2.7400,64733006,170044137.4600,3,2.963300,1,-1.094900,0
2022-02-08,sz.000861,2.7300,2.8700,2.7100,2.8700,2.7100,79406020,223761837.9800,3,3.634900,1,5.904100,0
2022-02-09,sz.000861,2.8800,2.9800,2.8200,2.9600,2.8700,41978384,122939460.0700,3,1.921600,1,3.135900,0
2022-02-10,sz.000861,2.9900,2.9900,2.9100,2.9400,2.9600,26570665,78184440.0300,3,1.216300,1,-0.675700,0
2022-02-11,sz.000861,2.9500,3.0200,2.8900,2.9000,2.9400,35469378,104228535.4300,3,1.623700,1,-1.360500,0
2022-02-14,sz.000861,2.9000,3.0500,2.8800,2.8900,2.9000,55725554,164919881.0600,3,2.550900,1,-0.344800,0
2022-02-15,sz.000861,2.9200,2.9400,2.8200,2.8500,2.8900,60035602,171585691.3000,3,2.748200,1,-1.384100,0
2022-02-16,sz.000861,2.8700,3.1400,2.8700,3.1400,2.8500,90739002,276289613.5200,3,4.153700,1,10.175400,0
2022-02-17,sz.000861,3.1600,3.2000,3.0200,3.0700,3.1400,86442082,267221680.7200,3,3.957000,1,-2.229300,0
2022-02-18,sz.000861,3.0500,3.1800,3.0300,3.1500,3.0700,56327330,176156530.1000,3,2.578500,1,2.605900,0
2022-02-21,sz.000861,3.1500,3.1500,3.0600,3.1100,3.1500,40581460,125394722.2000,3,1.857700,1,-1.269800,0
2022-02-22,sz.000861,3.0900,3.2900,3.0700,3.1800,3.1100,68935282,219900537.0700,3,3.155600,1,2.250800,0
2022-02-23,sz.000861,3.1600,3.2700,3.1500,3.2500,3.1800,39865731,128177772.2800,3,1.824900,1,2.201300,0
2022-02-24,sz.000861,3.2900,3.4400,3.1900,3.2700,3.2500,106430588,353412096.9600,3,4.872000,1,0.615400,0
2022-02-25,sz.000861,3.3200,3.4200,3.2300,3.2700,3.2700,61726540,202930868.1300,3,2.825600,1,0.000000,0
2022-02-28,sz.000861,3.2700,3.2900,3.1800,3.2200,3.2700,38986829,125349894.0000,3,1.784700,1,-1.529100,0
2022-03-01,sz.000861,3.2400,3.2900,3.2100,3.2400,3.2200,31541468,102504325.0000,3,1.443900,1,0.621100,0
2022-03-02,sz.000861,3.2200,3.2600,3.1700,3.2100,3.2400,25920743,83139444.0000,3,1.186600,1,-0.925900,0
2022-03-03,sz.000861,3.2200,3.2600,3.1700,3.1900,3.2100,39944035,128244622.0000,3,1.828500,1,-0.623100,0
2022-03-04,sz.000861,3.2000,3.2000,3.1000,3.1100,3.1900,35068831,110071653.0000,3,1.605300,1,-2.507800,0
2022-03-07,sz.000861,3.1000,3.1500,2.9500,2.9700,3.1100,56243177,170483205.0000,3,2.574600,1,-4.501600,0
2022-03-08,sz.000861,2.9800,3.0100,2.8300,2.8900,2.9700,64434580,187216357.0000,3,2.949600,1,-2.693600,0
2022-03-09,sz.000861,2.8900,2.9600,2.7400,2.9600,2.8900,53800982,154064412.0000,3,2.462800,1,2.422100,0
2022-03-10,sz.000861,3.0400,3.2300,2.9800,3.1600,2.9600,66856340,208932636.0000,3,3.060400,1,6.756800,0
2022-03-11,sz.000861,3.1100,3.2200,3.0400,3.1900,3.1600,58586014,183990314.0000,3,2.681900,1,0.949400,0
2022-03-14,sz.000861,3.1800,3.2600,3.1500,3.1900,3.1900,55765213,178639744.0000,3,2.552700,1,0.000000,0
2022-03-15,sz.000861,3.2500,3.2800,3.0300,3.0500,3.1900,87116991,275985632.0000,3,3.987900,1,-4.388700,0
2022-03-16,sz.000861,3.0800,3.1800,2.9500,3.1400,3.0500,72176958,221175949.0000,3,3.304000,1,2.950800,0
2022-03-17,sz.000861,3.1600,3.2600,3.1400,3.1600,3.1400,60552500,193312469.0000,3,2.771900,1,0.636900,0
2022-03-18,sz.000861,3.1300,3.4800,3.1100,3.4800,3.1600,146821086,494274012.1000,3,6.721000,1,10.126600,0
2022-03-21,sz.000861,3.5000,3.6000,3.4000,3.5800,3.4800,143626617,503905713.5300,3,6.574700,1,2.873600,0
2022-03-22,sz.000861,3.5100,3.7800,3.4900,3.6400,3.5800,111269249,406441247.3400,3,5.093500,1,1.676000,0
2022-03-23,sz.000861,3.6400,3.7600,3.5800,3.7300,3.6400,90579167,333682406.5300,3,4.146400,1,2.472500,0
2022-03-24,sz.000861,3.7600,3.7800,3.6400,3.6400,3.7300,72357411,268004976.4000,3,3.312300,1,-2.412900,0
2022-03-25,sz.000861,3.6500,3.7700,3.6100,3.7400,3.6400,77790072,288768295.6900,3,3.561000,1,2.747300,0
2022-03-28,sz.000861,3.7000,3.7200,3.5800,3.6000,3.7400,69137050,251941942.7000,3,3.164900,1,-3.743300,0
2022-03-29,sz.000861,3.5800,3.6600,3.4500,3.5100,3.6000,63519972,224432307.6800,3,2.907700,1,-2.500000,0
2022-03-30,sz.000861,3.5300,3.6100,3.4800,3.5800,3.5100,39845410,141273751.1000,3,1.824000,1,1.994300,0
2022-03-31,sz.000861,3.5500,3.5900,3.4900,3.5000,3.5800,37060598,131057699.2400,3,1.696500,1,-2.234600,0
2022-04-01,sz.000861,3.5100,3.6900,3.5000,3.6700,3.5000,68236702,247099061.1800,3,3.123600,1,4.857100,0
2022-04-06,sz.000861,3.6800,3.7500,3.5700,3.6200,3.6700,53649864,194725607.3000,3,2.455900,1,-1.362400,0
2022-04-07,sz.000861,3.6200,3.6500,3.4500,3.5100,3.6200,52249441,185224585.2900,3,2.391700,1,-3.038700,0
2022-04-08,sz.000861,3.5200,3.5500,3.3800,3.4100,3.5100,44841154,154328392.0400,3,2.052600,1,-2.849000,0
2022-04-11,sz.000861,3.4100,3.4300,3.1700,3.2000,3.4100,54994592,180556332.7600,3,2.517400,1,-6.158400,0
2022-04-12,sz.000861,3.2400,3.3800,3.1800,3.3800,3.2000,50393715,166261661.4900,3,2.306800,1,5.625000,0
2022-04-13,sz.000861,3.3900,3.4100,3.2000,3.2200,3.3800,41309470,134712743.0000,3,1.891000,1,-4.733700,0
2022-04-14,sz.000861,3.2000,3.2400,3.0800,3.1400,3.2200,48618019,153244110.2100,3,2.225500,1,-2.484500,0
2022-04-15,sz.000861,3.1400,3.2200,3.1000,3.1200,3.1400,33035890,104056088.0000,3,1.512200,1,-0.636900,0
2022-04-18,sz.000861,3.1300,3.1300,3.0300,3.0500,3.1200,27371920,84111398.7600,3,1.253000,1,-2.243600,0
2022-04-19,sz.000861,3.0500,3.1000,3.0100,3.0800,3.0500,26090778,79969913.2800,3,1.194300,1,0.983600,0
2022-04-20,sz.000861,3.0800,3.1000,2.9500,2.9600,3.0800,38047738,114712638.9900,3,1.741600,1,-3.896100,0
2022-04-21,sz.000861,2.9600,2.9800,2.7400,2.7600,2.9600,62106238,175880024.2500,3,2.842900,1,-6.756800,0
2022-04-22,sz.000861,2.7800,2.8800,2.7200,2.8100,2.7600,36538115,101681979.4300,3,1.672500,1,1.811600,0
2022-04-25,sz.000861,2.7800,2.8000,2.6400,2.6500,2.8100,48378630,129915345.8000,3,2.214500,1,-5.694000,0
2022-04-26,sz.000861,2.6500,2.7000,2.4400,2.5000,2.6500,61281446,157378676.8900,3,2.805200,1,-5.660400,0
2022-04-27,sz.000861,2.4400,2.7500,2.3900,2.7300,2.5000,71775177,184364742.6800,3,3.285500,1,9.200000,0
2022-04-28,sz.000861,2.7300,2.9900,2.6600,2.9300,2.7300,79994239,227333098.4000,3,3.661800,1,7.326000,0
2022-04-29,sz.000861,2.9600,2.9700,2.8400,2.9400,2.9300,55390346,161218443.6200,3,2.535500,1,0.341300,0
2022-05-05,sz.000861,2.9500,3.0400,2.9200,3.0300,2.9400,46083611,138216727.4400,3,2.109500,1,3.061200,0
2022-05-06,sz.000861,2.9900,3.0300,2.9100,3.0200,3.0300,38708284,115320527.9600,3,1.771900,1,-0.330000,0
2022-05-09,sz.000861,3.0100,3.0900,2.9800,3.0700,3.0200,49949664,151430730.6200,3,2.286500,1,1.655600,0
2022-05-10,sz.000861,3.0000,3.1200,2.9800,3.0800,3.0700,49225874,150641687.5000,3,2.253300,1,0.325700,0
2022-05-11,sz.000861,3.0800,3.2200,3.0600,3.0700,3.0800,79220637,247663566.0400,3,3.626300,1,-0.324700,0
2022-05-12,sz.000861,3.0600,3.1200,2.9400,3.0800,3.0700,74307307,225492604.0100,3,3.401400,1,0.325700,0
2022-05-13,sz.000861,3.1500,3.3400,3.0600,3.3300,3.0800,140377042,450476035.2500,3,6.425800,1,8.116900,0
2022-05-16,sz.000861,3.3100,3.3100,3.0000,3.0000,3.3300,157651963,485471211.9700,3,7.216600,1,-9.909900,0
2022-05-17,sz.000861,2.9100,2.9800,2.7200,2.9200,3.0000,105411803,300055196.0100,3,4.825300,1,-2.666700,0
2022-05-18,sz.000861,2.9300,2.9900,2.8100,2.8300,2.9200,69562958,201153013.1200,3,3.184300,1,-3.082200,0
2022-05-19,sz.000861,2.7800,2.8500,2.7400,2.8000,2.8300,45867459,128406896.7100,3,2.099600,1,-1.060100,0
2022-05-20,sz.000861,2.8100,2.9200,2.8000,2.8300,2.8000,67066360,191004967.0600,3,3.070000,1,1.071400,0
2022-05-23,sz.000861,2.8200,2.9800,2.8200,2.9400,2.8300,110648352,321927745.3000,3,4.885800,1,3.886900,0
2022-05-24,sz.000861,3.0100,3.0500,2.8000,2.8100,2.9400,101209203,295077802.8100,3,4.469000,1,-4.421800,0
2022-05-25,sz.000861,2.8100,2.9800,2.7900,2.9500,2.8100,89639148,260886680.2600,3,3.958100,1,4.982200,0
2022-05-26,sz.000861,2.9700,3.1000,2.9100,3.1000,2.9500,81862093,246873715.1200,3,3.614700,1,5.084700,0
2022-05-27,sz.000861,3.1100,3.1100,2.9400,2.9600,3.1000,85808790,256903928.4400,3,3.789000,1,-4.516100,0
2022-05-30,sz.000861,2.9800,2.9900,2.8600,2.9000,2.9600,60222474,174912254.1600,3,2.659200,1,-2.027000,0
2022-05-31,sz.000861,2.9000,2.9100,2.7900,2.9100,2.9000,62191302,176989396.8100,3,2.746100,1,0.344800,0
2022-06-01,sz.000861,2.8700,2.9600,2.8300,2.8600,2.9100,49752114,143846118.2200,3,2.196900,1,-1.718200,0
2022-06-02,sz.000861,2.8300,2.8600,2.8000,2.8100,2.8600,40262581,113541313.9300,3,1.777800,1,-1.748300,0
2022-06-06,sz.000861,2.8200,3.0000,2.8000,2.9800,2.8100,81878947,239182710.1300,3,3.615500,1,6.049800,0
2022-06-07,sz.000861,2.9700,2.9900,2.9000,2.9000,2.9800,59745580,175366100.5800,3,2.638100,1,-2.684600,0
2022-06-08,sz.000861,2.9100,2.9700,2.8500,2.9600,2.9000,63987836,186768092.2900,3,2.825500,1,2.069000,0
2022-06-09,sz.000861,2.9700,3.0500,2.8800,2.8900,2.9600,81529833,242036706.3500,3,3.425700,1,-2.364900,0
2022-06-10,sz.000861,2.9100,2.9700,2.8600,2.9300,2.8900,59483623,173716591.3700,3,2.499400,1,1.384100,0
2022-06-13,sz.000861,2.9100,2.9400,2.8100,2.8800,2.9300,65105192,187158546.0400,3,2.735600,1,-1.706500,0
2022-06-14,sz.000861,2.8900,2.8900,2.7100,2.8200,2.8800,69155119,192983315.5400,3,2.905700,1,-2.083300,0
2022-06-15,sz.000861,2.8200,2.8600,2.7700,2.7700,2.8200,51323423,144239502.3500,3,2.156500,1,-1.773000,0
2022-06-16,sz.000861,2.7600,2.8100,2.7400,2.7500,2.7700,46003270,127497463.8300,3,1.933000,1,-0.722000,0
2022-06-17,sz.000861,2.7300,2.7500,2.6900,2.7100,2.7500,53190103,144258746.7300,3,2.234900,1,-1.454500,0
2022-06-20,sz.000861,2.7000,2.7300,2.6900,2.6900,2.7100,45174968,122236188.1000,3,1.898100,1,-0.738000,0
2022-06-21,sz.000861,2.6800,2.7100,2.6400,2.6600,2.6900,41263692,110268986.0200,3,1.733800,1,-1.115200,0
2022-06-22,sz.000861,2.6800,2.7800,2.6500,2.7400,2.6600,74960607,204995546.0000,3,3.149700,1,3.007500,0
2022-06-23,sz.000861,2.7400,2.7400,2.6800,2.7200,2.7400,43658324,118111388.7400,3,1.834400,1,-0.729900,0
2022-06-24,sz.000861,2.7100,2.8400,2.7000,2.8200,2.7200,68782464,192463241.6400,3,2.890100,1,3.676500,0
2022-06-27,sz.000861,2.8400,2.8600,2.7700,2.7900,2.8200,40844620,114217072.7400,3,1.716200,1,-1.063800,0
2022-06-28,sz.000861,2.7900,2.8100,2.7800,2.8100,2.7900,31926206,89261901.5800,3,1.341500,1,0.716800,0
2022-06-29,sz.000861,2.8100,2.8100,2.7100,2.7200,2.8100,40653703,111972743.4000,3,1.708200,1,-3.202800,0
2022-06-30,sz.000861,2.7500,2.7900,2.7200,2.7500,2.7200,42790017,118231524.8700,3,1.797900,1,1.102900,0
2022-07-01,sz.000861,2.7400,2.7700,2.7200,2.7300,2.7500,24121411,65896177.4000,3,1.013500,1,-0.727300,0
2022-07-04,sz.000861,2.7400,2.7400,2.6900,2.7100,2.7300,25171375,68374475.5500,3,1.057600,1,-0.732600,0
2022-07-05,sz.000861,2.7200,2.7300,2.6700,2.6900,2.7100,26398811,71105043.9800,3,1.109200,1,-0.738000,0
2022-07-06,sz.000861,2.7000,2.7000,2.6200,2.6500,2.6900,25776522,68345443.3000,3,1.083100,1,-1.487000,0
2022-07-07,sz.000861,2.6600,2.7700,2.6300,2.7400,2.6500,53797272,145580743.3200,3,2.260400,1,3.396200,0
2022-07-08,sz.000861,2.7300,2.7400,2.6800,2.7000,2.7400,26620068,71942549.4000,3,1.118500,1,-1.459900,0
2022-07-11,sz.000861,2.6900,2.6900,2.6500,2.6700,2.7000,17341801,46257664.6500,3,0.728700,1,-1.111100,0
2022-07-12,sz.000861,2.6500,2.6600,2.6000,2.6100,2.6700,25273600,66370061.0000,3,1.061900,1,-2.247200,0
2022-07-13,sz.000861,2.6100,2.6400,2.5900,2.6100,2.6100,22519638,58893051.7400,3,0.946200,1,0.000000,0
2022-07-14,sz.000861,2.6000,2.6700,2.5800,2.6300,2.6100,29697166,78185630.2900,3,1.247800,1,0.766300,0
2022-07-15,sz.000861,2.6300,2.6300,2.4800,2.5000,2.6300,52072500,131664235.0000,3,2.188000,1,-4.943000,0
2022-07-18,sz.000861,2.4800,2.6000,2.4700,2.5600,2.5000,34762708,88288129.8000,3,1.460600,1,2.400000,0
2022-07-19,sz.000861,2.5600,2.5800,2.5300,2.5700,2.5600,24744579,63289047.6700,3,1.039700,1,0.390600,0
2022-07-20,sz.000861,2.5700,2.6400,2.5600,2.6300,2.5700,34210965,89266805.4000,3,1.437500,1,2.334600,0
2022-07-21,sz.000861,2.6200,2.6200,2.5700,2.5900,2.6300,25374302,65757790.6200,3,1.066200,1,-1.520900,0
2022-07-22,sz.000861,2.5800,2.8400,2.5800,2.7300,2.5900,98575583,268071674.3300,3,4.141900,1,5.405400,0
2022-07-25,sz.000861,2.7100,2.7200,2.6200,2.6400,2.7300,55562343,147640503.2300,3,2.334600,1,-3.296700,0
2022-07-26,sz.000861,2.6200,2.7700,2.6100,2.7500,2.6400,55295068,149148993.9000,3,2.323400,1,4.166700,0
2022-07-27,sz.000861,2.7600,2.8000,2.7100,2.7600,2.7500,51811671,142956419.9500,3,2.177000,1,0.363600,0
2022-07-28,sz.000861,2.7800,2.8800,2.7500,2.7900,2.7600,62486523,176772107.6500,3,2.625500,1,1.087000,0
2022-07-29,sz.000861,2.8200,2.8500,2.6900,2.7000,2.7900,50695306,138668837.9600,3,2.130100,1,-3.225800,0
2022-08-01,sz.000861,2.7100,2.7700,2.6600,2.7300,2.7000,41378585,112478534.8600,3,1.738600,1,1.111100,0
2022-08-02,sz.000861,2.7100,2.7200,2.5500,2.5800,2.7300,52875748,137698739.0400,3,2.221700,1,-5.494500,0
2022-08-03,sz.000861,2.5800,2.6400,2.5400,2.5500,2.5800,31819660,82446783.3000,3,1.337000,1,-1.162800,0
2022-08-04,sz.000861,2.5600,2.5900,2.5300,2.5900,2.5500,29318560,74966108.4400,3,1.231900,1,1.568600,0
2022-08-05,sz.000861,2.5700,2.6100,2.5400,2.6000,2.5900,26859951,69268087.8900,3,1.128600,1,0.386100,0
2022-08-08,sz.000861,2.5700,2.6000,2.5700,2.5900,2.6000,18051406,46662428.7000,3,0.758500,1,-0.384600,0
2022-08-09,sz.000861,2.5800,2.6600,2.5800,2.6200,2.5900,23498254,61637723.4100,3,0.987300,1,1.158300,0
2022-08-10,sz.000861,2.6200,2.6300,2.5600,2.5900,2.6200,23879605,61610271.9500,3,1.003400,1,-1.145000,0
2022-08-11,sz.000861,2.5900,2.6300,2.5800,2.6200,2.5900,24572094,64051372.4200,3,1.032500,1,1.158300,0
2022-08-12,sz.000861,2.6200,2.6200,2.5900,2.6000,2.6200,21806541,56794246.3300,3,0.916300,1,-0.763400,0
2022-08-15,sz.000861,2.6000,2.6000,2.5500,2.5700,2.6000,25577659,65763059.4300,3,1.074700,1,-1.153800,0
2022-08-16,sz.000861,2.5900,2.6100,2.5700,2.5900,2.5700,26225528,67877986.3200,3,1.101900,1,0.778200,0
2022-08-17,sz.000861,2.6000,2.7400,2.5900,2.7000,2.5900,87879447,234713569.8100,3,3.692500,1,4.247100,0
2022-08-18,sz.000861,2.6900,2.7000,2.6200,2.6600,2.7000,47018812,124438723.5200,3,1.975600,1,-1.481500,0
2022-08-19,sz.000861,2.6300,2.6800,2.6200,2.6300,2.6600,31769884,84023293.9200,3,1.334900,1,-1.127800,0
2022-08-22,sz.000861,2.6400,2.6500,2.6100,2.6200,2.6300,23451785,61528717.9900,3,0.985400,1,-0.380200,0
2022-08-23,sz.000861,2.6100,2.6300,2.5900,2.6000,2.6200,27869998,72535037.4000,3,1.171000,1,-0.763400,0
2022-08-24,sz.000861,2.6000,2.6200,2.5200,2.5200,2.6000,34670896,88851822.2700,3,1.456800,1,-3.076900,0
2022-08-25,sz.000861,2.5200,2.5400,2.4800,2.5300,2.5200,28649290,72014436.0200,3,1.203800,1,0.396800,0
2022-08-26,sz.000861,2.5300,2.5300,2.4800,2.4900,2.5300,24912850,62371513.0200,3,1.046800,1,-1.581000,0
2022-08-29,sz.000861,2.4700,2.4900,2.4000,2.4800,2.4900,26341291,64811988.8100,3,1.106800,1,-0.401600,0
2022-08-30,sz.000861,2.4800,2.5300,2.4700,2.5000,2.4800,19763450,49383617.4000,3,0.830400,1,0.806500,0
2022-08-31,sz.000861,2.5000,2.5100,2.4500,2.4700,2.5000,20695130,51130417.8100,3,0.869600,1,-1.200000,0
2022-09-01,sz.000861,2.4500,2.4800,2.4200,2.4300,2.4700,24809900,60782874.0000,3,1.042500,1,-1.619400,0
2022-09-02,sz.000861,2.4300,2.4600,2.4300,2.4600,2.4300,11586206,28367555.4000,3,0.486800,1,1.234600,0
2022-09-05,sz.000861,2.4500,2.5100,2.4400,2.4800,2.4600,17664547,43573641.2900,3,0.742200,1,0.813000,0
2022-09-06,sz.000861,2.5200,2.5700,2.5200,2.5300,2.4800,28341468,71985199.9600,3,1.190800,1,2.016100,0
2022-09-07,sz.000861,2.5200,2.5200,2.4900,2.5000,2.5300,19891282,49764638.4900,3,0.835800,1,-1.185800,0
2022-09-08,sz.000861,2.5100,2.5100,2.4600,2.4700,2.5000,15352601,38047890.4600,3,0.645100,1,-1.200000,0
2022-09-09,sz.000861,2.4700,2.4900,2.4500,2.4900,2.4700,11296966,27921289.4800,3,0.474700,1,0.809700,0
2022-09-13,sz.000861,2.4900,2.5800,2.4800,2.5700,2.4900,50380488,128061210.5200,3,2.116900,1,3.212900,0
2022-09-14,sz.000861,2.5500,2.6200,2.5300,2.5700,2.5700,42047735,108782347.5900,3,1.766700,1,0.000000,0
2022-09-15,sz.000861,2.5700,2.6000,2.5000,2.5400,2.5700,30214054,76813781.3800,3,1.269500,1,-1.167300,0
2022-09-16,sz.000861,2.5600,2.5600,2.4100,2.4500,2.5400,43016948,105783238.2000,3,1.807500,1,-3.543300,0
2022-09-19,sz.000861,2.4200,2.4500,2.3200,2.3300,2.4500,30309923,71920314.8200,3,1.273600,1,-4.898000,0
2022-09-20,sz.000861,2.3800,2.4000,2.3500,2.3600,2.3300,14428116,34252188.1900,3,0.606200,1,1.287600,0
2022-09-21,sz.000861,2.3600,2.3900,2.3100,2.3800,2.3600,19208138,45234529.3400,3,0.807100,1,0.847500,0
2022-09-22,sz.000861,2.3700,2.4100,2.3300,2.3500,2.3800,16644600,39265438.0000,3,0.699400,1,-1.260500,0
2022-09-23,sz.000861,2.3300,2.3600,2.2900,2.3000,2.3500,24773734,57327308.7200,3,1.040900,1,-2.127700,0
2022-09-26,sz.000861,2.2800,2.2800,2.1800,2.2600,2.3000,41338799,91685187.1300,3,1.737000,1,-1.739100,0
2022-09-27,sz.000861,2.2300,2.2600,2.2000,2.2500,2.2600,24448521,54462019.9600,3,1.027300,1,-0.442500,0
2022-09-28,sz.000861,2.2400,2.2400,2.1500,2.1600,2.2500,21765944,47680618.8000,3,0.914600,1,-4.000000,0
2022-09-29,sz.000861,2.1800,2.2200,2.1100,2.2200,2.1600,28127495,60879670.8400,3,1.181900,1,2.777800,0
2022-09-30,sz.000861,2.2000,2.2600,2.1500,2.2000,2.2200,26752836,59179240.8000,3,1.124100,1,-0.900900,0
2022-10-10,sz.000861,2.2200,2.2200,2.1200,2.1800,2.2000,22256944,48347555.6600,3,0.935200,1,-0.909100,0
2022-10-11,sz.000861,2.1800,2.1800,2.1400,2.1700,2.1800,8546337,18478688.4900,3,0.359100,1,-0.458700,0
2022-10-12,sz.000861,2.1700,2.2000,2.1300,2.1900,2.1700,17444977,37866856.8600,3,0.733000,1,0.921700,0
2022-10-13,sz.000861,2.1800,2.2300,2.1600,2.1900,2.1900,28252731,62016570.2700,3,1.187100,1,0.000000,0
2022-10-14,sz.000861,2.2000,2.2500,2.1900,2.2400,2.1900,28053603,62597098.4600,3,1.178700,1,2.283100,0
2022-10-17,sz.000861,2.2200,2.2600,2.2000,2.2600,2.2400,19892584,44637280.0000,3,0.835800,1,0.892900,0
2022-10-18,sz.000861,2.2700,2.2700,2.2400,2.2500,2.2600,16509930,37187128.4000,3,0.693700,1,-0.442500,0
2022-10-19,sz.000861,2.2500,2.2700,2.2400,2.2400,2.2500,12005031,27055732.7500,3,0.504400,1,-0.444400,0
2022-10-20,sz.000861,2.2400,2.2500,2.2100,2.2100,2.2400,16030184,35664724.4400,3,0.673600,1,-1.339300,0
2022-10-21,sz.000861,2.2300,2.3000,2.2200,2.2600,2.2100,27922226,63203760.2200,3,1.173200,1,2.262400,0
2022-10-24,sz.000861,2.2500,2.2900,2.1900,2.2000,2.2600,24899398,55708352.4800,3,1.046200,1,-2.654900,0
2022-10-25,sz.000861,2.2100,2.2100,2.1200,2.1600,2.2000,22029199,47501455.0100,3,0.925600,1,-1.818200,0
2022-10-26,sz.000861,2.1600,2.2100,2.1500,2.2100,2.1600,19136453,41877731.8600,3,0.804100,1,2.314800,0
2022-10-27,sz.000861,2.2200,2.2500,2.1900,2.2400,2.2100,17896160,39830137.9000,3,0.752000,1,1.357500,0
2022-10-28,sz.000861,2.2200,2.2300,2.1300,2.1300,2.2400,18869832,40964185.4400,3,0.792900,1,-4.910700,0
2022-10-31,sz.000861,2.1400,2.2000,2.1300,2.1900,2.1300,15526554,33718950.2600,3,0.652400,1,2.816900,0
2022-11-01,sz.000861,2.2000,2.2300,2.1800,2.2300,2.1900,16660700,36706190.0800,3,0.700000,1,1.826500,0
2022-11-02,sz.000861,2.2300,2.2800,2.2200,2.2700,2.2300,23613978,53247903.9400,3,0.992200,1,1.793700,0
2022-11-03,sz.000861,2.2500,2.2600,2.2200,2.2400,2.2700,11464900,25686544.0000,3,0.481700,1,-1.321600,0
2022-11-04,sz.000861,2.2300,2.2700,2.2300,2.2600,2.2400,15898161,35860832.2400,3,0.668000,1,0.892900,0
2022-11-07,sz.000861,2.2700,2.2900,2.2500,2.2900,2.2600,20193145,46008570.0600,3,0.848500,1,1.327400,0
2022-11-08,sz.000861,2.2900,2.3100,2.2700,2.3000,2.2900,16099900,36833620.0000,3,0.676500,1,0.436700,0
2022-11-09,sz.000861,2.2900,2.3300,2.2800,2.3100,2.3000,16905383,38993818.8900,3,0.710300,1,0.434800,0
2022-11-10,sz.000861,2.3100,2.3600,2.2800,2.3500,2.3100,21265306,49494726.4200,3,0.893500,1,1.731600,0
2022-11-11,sz.000861,2.3700,2.4000,2.3500,2.3700,2.3500,30021417,71416266.2900,3,1.261400,1,0.851100,0
2022-11-14,sz.000861,2.3900,2.4000,2.3300,2.3400,2.3700,23890579,56480943.1800,3,1.003800,1,-1.265800,0
2022-11-15,sz.000861,2.3600,2.3900,2.3400,2.3800,2.3400,18125362,42973943.6400,3,0.761600,1,1.709400,0
2022-11-16,sz.000861,2.3700,2.4000,2.3600,2.4000,2.3800,18213572,43347588.7900,3,0.765300,1,0.840300,0
2022-11-17,sz.000861,2.3900,2.4300,2.3700,2.3900,2.4000,14655630,35117244.4000,3,0.615800,1,-0.416700,0
2022-11-18,sz.000861,2.4000,2.4500,2.3900,2.4000,2.3900,25139066,61046667.6200,3,1.056300,1,0.418400,0
2022-11-21,sz.000861,2.3800,2.4000,2.3500,2.3700,2.4000,18504700,43924075.0000,3,0.777500,1,-1.250000,0
2022-11-22,sz.000861,2.3700,2.3900,2.3200,2.3400,2.3700,14250035,33596324.1100,3,0.598800,1,-1.265800,0
2022-11-23,sz.000861,2.3400,2.3500,2.2900,2.3200,2.3400,15617600,36127657.0000,3,0.656200,1,-0.854700,0
2022-11-24,sz.000861,2.3300,2.3600,2.3100,2.3400,2.3200,16347381,38142226.9300,3,0.686900,1,0.862100,0
2022-11-25,sz.000861,2.3200,2.3600,2.3100,2.3400,2.3400,15555528,36291554.4200,3,0.653600,1,0.000000,0
2022-11-28,sz.000861,2.2700,2.3200,2.2500,2.3100,2.3400,16778333,38350590.7100,3,0.705000,1,-1.282100,0
2022-11-29,sz.000861,2.3300,2.4100,2.3300,2.4100,2.3100,30572011,72826950.9200,3,1.284600,1,4.329000,0
2022-11-30,sz.000861,2.4200,2.4200,2.3700,2.4000,2.4100,31607274,75554176.6600,3,1.328100,1,-0.414900,0
2022-12-01,sz.000861,2.5100,2.5900,2.3900,2.4100,2.4000,61441878,150341917.3900,3,2.581600,1,0.416700,0
2022-12-02,sz.000861,2.3900,2.4300,2.3600,2.4000,2.4100,31768680,75895906.0200,3,1.334800,1,-0.414900,0
2022-12-05,sz.000861,2.4000,2.4200,2.3800,2.4100,2.4000,25258949,60620225.7100,3,1.061300,1,0.416700,0
2022-12-06,sz.000861,2.4100,2.4300,2.3900,2.4100,2.4100,24608240,59273548.6000,3,1.034000,1,0.000000,0
2022-12-07,sz.000861,2.4000,2.4800,2.3900,2.4200,2.4100,36580890,89006439.2800,3,1.537000,1,0.414900,0
2022-12-08,sz.000861,2.4300,2.4400,2.3800,2.4100,2.4200,24995202,60212539.5600,3,1.050200,1,-0.413200,0
2022-12-09,sz.000861,2.4200,2.4200,2.3500,2.3700,2.4100,21133393,50265751.3500,3,0.888000,1,-1.659800,0
2022-12-12,sz.000861,2.3700,2.3700,2.2900,2.3000,2.3700,29860900,69246603.0000,3,1.254700,1,-2.953600,0
2022-12-13,sz.000861,2.2900,2.3500,2.2800,2.3500,2.3000,21542500,50209456.0100,3,0.905200,1,2.173900,0
2022-12-14,sz.000861,2.3600,2.3700,2.3100,2.3500,2.3500,18294167,42922554.6400,3,0.768700,1,0.000000,0
2022-12-15,sz.000861,2.3600,2.3700,2.3100,2.3200,2.3500,18075852,42166759.0300,3,0.759500,1,-1.276600,0
2022-12-16,sz.000861,2.3100,2.3400,2.2800,2.2900,2.3200,19982474,45986867.1200,3,0.839600,1,-1.293100,0
2022-12-19,sz.000861,2.3000,2.3100,2.2100,2.2200,2.2900,20940234,46912077.0600,3,0.879900,1,-3.056800,0
2022-12-20,sz.000861,2.2300,2.2300,2.1900,2.2100,2.2200,18516230,40912636.0000,3,0.781900,1,-0.450500,0
2022-12-21,sz.000861,2.2000,2.2300,2.1800,2.2000,2.2100,15732466,34691995.5400,3,0.664300,1,-0.452500,0
2022-12-22,sz.000861,2.2000,2.2500,2.1800,2.1900,2.2000,19023566,42020760.7200,3,0.803300,1,-0.454500,0
2022-12-23,sz.000861,2.2000,2.2000,2.1600,2.1800,2.1900,12845744,28001642.4800,3,0.542400,1,-0.456600,0
2022-12-26,sz.000861,2.1800,2.2000,2.1600,2.1900,2.1800,14600008,31818354.3600,3,0.616500,1,0.458700,0
2022-12-27,sz.000861,2.1900,2.2600,2.1800,2.2200,2.1900,25438851,56426076.8900,3,1.074200,1,1.369900,0
2022-12-28,sz.000861,2.2000,2.2100,2.1800,2.2000,2.2200,17536275,38545718.5500,3,0.740500,1,-0.900900,0
2022-12-29,sz.000861,2.2000,2.2600,2.1800,2.2300,2.2000,27115750,60500593.1400,3,1.145000,1,1.363600,0
2022-12-30,sz.000861,2.2500,2.2600,2.2200,2.2500,2.2300,20750160,46593262.0000,3,0.876200,1,0.896900,0
2023-01-03,sz.000861,2.2600,2.2700,2.2300,2.2700,2.2500,21661890,48752897.1000,3,0.914700,1,0.888900,0
2023-01-04,sz.000861,2.2700,2.3100,2.2600,2.3000,2.2700,27087719,62038414.3200,3,1.143800,1,1.321600,0
2023-01-05,sz.000861,2.3000,2.3000,2.2500,2.2700,2.3000,19385780,44009770.8000,3,0.818600,1,-1.304300,0
2023-01-06,sz.000861,2.2600,2.2600,2.2000,2.2100,2.2700,31234100,69447422.0000,3,1.318900,1,-2.643200,0
2023-01-09,sz.000861,2.2100,2.2300,2.2000,2.2100,2.2100,20246134,44726620.7000,3,0.854900,1,0.000000,0
2023-01-10,sz.000861,2.2100,2.2100,2.1700,2.1900,2.2100,17938078,39234070.0400,3,0.757500,1,-0.905000,0
2023-01-11,sz.000861,2.1800,2.2000,2.1700,2.1700,2.1900,15655602,34207895.3400,3,0.661100,1,-0.913200,0
2023-01-12,sz.000861,2.1800,2.1800,2.1500,2.1500,2.1700,15114300,32691963.0000,3,0.638200,1,-0.921700,0
2023-01-13,sz.000861,2.1600,2.2000,2.1500,2.1900,2.1500,12521080,27293529.6000,3,0.528700,1,1.860500,0
2023-01-16,sz.000861,2.1900,2.2200,2.1700,2.2000,2.1900,16673124,36638625.5200,3,0.704000,1,0.456600,0
2023-01-17,sz.000861,2.1700,2.1800,2.1000,2.1200,2.2000,54765841,116432330.1000,3,2.312600,1,-3.636400,0
2023-01-18,sz.000861,2.1200,2.1200,2.1000,2.1100,2.1200,15324938,32366347.1800,3,0.647100,1,-0.471700,0
2023-01-19,sz.000861,2.1100,2.1200,2.1000,2.1100,2.1100,15416660,32541609.5000,3,0.651000,1,0.000000,0
2023-01-20,sz.000861,2.1200,2.1600,2.1100,2.1500,2.1100,22762641,48572369.0200,3,0.961200,1,1.895700,0
2023-01-30,sz.000861,2.1700,2.3300,2.1700,2.2300,2.1500,68337156,153208949.2900,3,2.885600,1,3.720900,0
2023-01-31,sz.000861,2.2400,2.4300,2.2200,2.3500,2.2300,110524988,260083390.6700,3,4.667100,1,5.381200,0
2023-02-01,sz.000861,2.3400,2.3700,2.2900,2.3600,2.3500,56313103,130951386.0000,3,2.377900,1,0.425500,0
2023-02-02,sz.000861,2.3500,2.3600,2.3100,2.3200,2.3600,37286940,86675983.6000,3,1.574500,1,-1.694900,0
2023-02-03,sz.000861,2.3200,2.3200,2.2700,2.3100,2.3200,32448555,74416909.3400,3,1.370200,1,-0.431000,0
2023-02-06,sz.000861,2.3000,2.3200,2.2700,2.2900,2.3100,22217332,50798660.4300,3,0.938200,1,-0.865800,0
2023-02-07,sz.000861,2.2900,2.3000,2.2700,2.3000,2.2900,20063346,45850557.0000,3,0.847200,1,0.436700,0
2023-02-08,sz.000861,2.3100,2.3100,2.2700,2.2800,2.3000,15294520,34926763.6000,3,0.645800,1,-0.869600,0
2023-02-09,sz.000861,2.2700,2.3000,2.2600,2.2900,2.2800,20317240,46266040.8000,3,0.857900,1,0.438600,0
2023-02-10,sz.000861,2.2900,2.3500,2.2800,2.3000,2.2900,33740733,78113414.7600,3,1.424700,1,0.436700,0
2023-02-13,sz.000861,2.3200,2.3200,2.2800,2.2900,2.3000,23639170,54150687.7000,3,0.998200,1,-0.434800,0
2023-02-14,sz.000861,2.2900,2.3000,2.2700,2.2900,2.2900,17962940,40993395.2000,3,0.758500,1,0.000000,0
2023-02-15,sz.000861,2.2900,2.3000,2.2800,2.3000,2.2900,16262919,37205792.7600,3,0.686700,1,0.436700,0
2023-02-16,sz.000861,2.3000,2.3600,2.2700,2.2800,2.3000,45303440,105278351.5700,3,1.913000,1,-0.869600,0
2023-02-17,sz.000861,2.2900,2.3200,2.2600,2.2800,2.2800,29929004,68231247.2000,3,1.263800,1,0.000000,0
2023-02-20,sz.000861,2.2700,2.2800,2.2400,2.2700,2.2800,27915160,63084315.6000,3,1.178800,1,-0.438600,0
2023-02-21,sz.000861,2.2900,2.2900,2.2600,2.2700,2.2700,16560674,37699728.9800,3,0.699300,1,0.000000,0
2023-02-22,sz.000861,2.2600,2.2800,2.2500,2.2600,2.2700,14215050,32200717.0000,3,0.600200,1,-0.440500,0
2023-02-23,sz.000861,2.2700,2.2900,2.2500,2.2600,2.2600,18151039,41244373.1400,3,0.766400,1,0.000000,0
2023-02-24,sz.000861,2.2600,2.2800,2.2400,2.2700,2.2600,21837541,49408739.3600,3,0.922100,1,0.442500,0
2023-02-27,sz.000861,2.2600,2.2700,2.2300,2.2300,2.2700,18464863,41601231.1200,3,0.779700,1,-1.762100,0
2023-02-28,sz.000861,2.2300,2.2700,2.2200,2.2500,2.2300,19257807,43247523.5800,3,0.813200,1,0.896900,0
2023-03-01,sz.000861,2.2600,2.2800,2.2500,2.2600,2.2500,25093781,56818186.6300,3,1.059600,1,0.444400,0
2023-03-02,sz.000861,2.2900,2.3600,2.2700,2.2900,2.2600,55459180,128667057.5600,3,2.341800,1,1.327400,0
2023-03-03,sz.000861,2.3000,2.3100,2.2800,2.2900,2.2900,20622401,47234015.1900,3,0.870800,1,0.000000,0
2023-03-06,sz.000861,2.2900,2.3000,2.2700,2.2800,2.2900,17599100,40199094.5000,3,0.743100,1,-0.436700,0
2023-03-07,sz.000861,2.2900,2.3000,2.2300,2.2400,2.2800,21776962,49248062.2600,3,0.919600,1,-1.754400,0
2023-03-08,sz.000861,2.2300,2.2800,2.2300,2.2800,2.2400,14291900,32308893.2600,3,0.603500,1,1.785700,0
2023-03-09,sz.000861,2.2800,2.2900,2.2500,2.2700,2.2800,11971705,27167481.3000,3,0.505500,1,-0.438600,0
2023-03-10,sz.000861,2.2600,2.2700,2.2300,2.2300,2.2700,15563846,34925455.5000,3,0.657200,1,-1.762100,0
2023-03-13,sz.000861,2.2300,2.2600,2.2200,2.2400,2.2300,14825783,33144076.0900,3,0.626000,1,0.448400,0
2023-03-14,sz.000861,2.2400,2.2400,2.1900,2.2000,2.2400,16490889,36378073.9800,3,0.696300,1,-1.785700,0
2023-03-15,sz.000861,2.2000,2.2300,2.2000,2.2300,2.2000,9902498,21980867.8200,3,0.418100,1,1.363600,0
2023-03-16,sz.000861,2.2200,2.2200,2.1900,2.1900,2.2300,10836494,23920210.7400,3,0.457600,1,-1.793700,0
2023-03-17,sz.000861,2.2000,2.2200,2.1700,2.2000,2.1900,18667594,41060558.9900,3,0.788300,1,0.456600,0
2023-03-20,sz.000861,2.2000,2.2100,2.1700,2.1800,2.2000,13502830,29519228.1000,3,0.570200,1,-0.909100,0
2023-03-21,sz.000861,2.1800,2.1900,2.1700,2.1900,2.1800,10800537,23580715.6600,3,0.456100,1,0.458700,0
2023-03-22,sz.000861,2.1900,2.2000,2.1800,2.1800,2.1900,13804470,30181120.7000,3,0.582900,1,-0.456600,0
2023-03-23,sz.000861,2.1800,2.1900,2.1500,2.1700,2.1800,17099583,36987856.2800,3,0.722100,1,-0.458700,0
2023-03-24,sz.000861,2.1800,2.1900,2.1600,2.1800,2.1700,16937940,36883084.0600,3,0.715200,1,0.460800,0
2023-03-27,sz.000861,2.1700,2.2400,2.1600,2.2100,2.1800,31011231,68139696.0900,3,1.309500,1,1.376100,0
2023-03-28,sz.000861,2.2100,2.2300,2.1700,2.1800,2.2100,25561137,56319260.7200,3,1.079300,1,-1.357500,0
2023-03-29,sz.000861,2.1800,2.1800,2.1400,2.1500,2.1800,17871210,38578251.5000,3,0.754600,1,-1.376100,0
2023-03-30,sz.000861,2.1600,2.1600,2.1300,2.1400,2.1500,12300170,26347963.8000,3,0.519400,1,-0.465100,0
2023-03-31,sz.000861,2.1400,2.1700,2.1400,2.1700,2.1400,12726178,27466367.0000,3,0.537400,1,1.401900,0
2023-04-03,sz.000861,2.1600,2.1700,2.1500,2.1700,2.1700,13676545,29535538.8500,3,0.577500,1,0.000000,0
2023-04-04,sz.000861,2.1600,2.1700,2.1300,2.1300,2.1700,16546858,35465541.3500,3,0.698700,1,-1.843300,0
2023-04-06,sz.000861,2.1300,2.1400,2.1100,2.1100,2.1300,16348180,34683525.5900,3,0.690300,1,-0.939000,0
2023-04-07,sz.000861,2.1200,2.1400,2.1100,2.1300,2.1100,8977041,19078940.0300,3,0.379100,1,0.947900,0
2023-04-10,sz.000861,2.1400,2.1400,2.1000,2.1000,2.1300,18918200,40038182.0200,3,0.798800,1,-1.408500,0
2023-04-11,sz.000861,2.1100,2.1100,2.0800,2.0900,2.1000,16867684,35271487.5200,3,0.712300,1,-0.476200,0
2023-04-12,sz.000861,2.1000,2.1100,2.0900,2.1000,2.0900,9411348,19748137.3200,3,0.397400,1,0.478500,0
2023-04-13,sz.000861,2.1100,2.1600,2.1000,2.1300,2.1000,26052053,55582056.8200,3,1.100100,1,1.428600,0
2023-04-14,sz.000861,2.1300,2.1400,2.1000,2.1200,2.1300,15541355,32820654.4000,3,0.656300,1,-0.469500,0
2023-04-17,sz.000861,2.1200,2.1200,2.0900,2.1100,2.1200,11425146,24060834.4000,3,0.482400,1,-0.471700,0
2023-04-18,sz.000861,2.1100,2.1200,2.0900,2.1000,2.1100,12935539,27179358.4100,3,0.546200,1,-0.473900,0
2023-04-19,sz.000861,2.1100,2.1100,2.0700,2.0800,2.1000,15692400,32707579.1600,3,0.662600,1,-0.952400,0
2023-04-20,sz.000861,2.0800,2.0900,2.0600,2.0700,2.0800,17051667,35339138.8200,3,0.720000,1,-0.480800,0
2023-04-21,sz.000861,2.0700,2.0800,2.0400,2.0400,2.0700,21698885,44634184.8400,3,0.916300,1,-1.449300,0
2023-04-24,sz.000861,2.0400,2.0800,2.0200,2.0500,2.0400,16156170,33151792.0000,3,0.682200,1,0.490200,0
2023-04-25,sz.000861,2.0500,2.0600,1.9900,1.9900,2.0500,24866758,50223463.1000,3,1.050000,1,-2.926800,0
2023-04-26,sz.000861,1.9800,2.0100,1.9700,2.0000,1.9900,18587900,36989598.0000,3,0.784900,1,0.502500,0
2023-04-27,sz.000861,2.0000,2.0200,1.9900,2.0100,2.0000,9521878,19117927.3800,3,0.402100,1,0.500000,0
2023-04-28,sz.000861,2.0100,2.0700,1.9900,1.9900,2.0100,37971418,76908679.5600,3,1.603400,1,-0.995000,0
2023-05-04,sz.000861,1.9900,2.0100,1.9600,1.9900,1.9900,45224246,89810674.4200,3,1.909600,1,0.000000,0
2023-05-05,sz.000861,1.9700,1.9900,1.8400,1.9300,1.9900,62737253,119526135.5700,3,2.649200,1,-3.015100,0
2023-05-08,sz.000861,1.9300,2.0000,1.9100,1.9800,1.9300,42536283,83033884.5800,3,1.796100,1,2.590700,0
2023-05-09,sz.000861,1.9700,1.9800,1.9300,1.9700,1.9800,34333770,67105765.7000,3,1.449800,1,-0.505100,0
2023-05-10,sz.000861,1.9500,1.9500,1.9200,1.9300,1.9700,24537919,47358050.1700,3,1.036100,1,-2.030500,0
2023-05-11,sz.000861,1.9200,1.9400,1.8300,1.9200,1.9300,25783485,49238063.2900,3,1.088700,1,-0.518100,0
2023-05-12,sz.000861,1.9300,1.9900,1.9100,1.9500,1.9200,34055316,66443056.1700,3,1.438000,1,1.562500,0
2023-05-15,sz.000861,1.9500,1.9600,1.9300,1.9400,1.9500,15620756,30342522.0800,3,0.659600,1,-0.512800,0
2023-05-16,sz.000861,1.9400,2.0300,1.9200,1.9500,1.9400,45502150,89997036.5400,3,1.921400,1,0.515500,0
2023-05-17,sz.000861,1.9500,1.9900,1.9400,1.9700,1.9500,15532044,30527338.8600,3,0.655900,1,1.025600,0
2023-05-18,sz.000861,1.9900,2.0000,1.9700,1.9900,1.9700,19636162,39014397.5800,3,0.829200,1,1.015200,0
2023-05-19,sz.000861,1.9800,1.9900,1.9600,1.9900,1.9900,16191300,31964092.0000,3,0.683700,1,0.000000,0
2023-05-22,sz.000861,1.9900,2.1100,1.9800,2.0500,1.9900,73082539,150341499.1000,3,3.086000,1,3.015100,0
2023-05-23,sz.000861,2.0500,2.0700,2.0100,2.0200,2.0500,27615280,56052565.6000,3,1.166100,1,-1.463400,0
2023-05-24,sz.000861,2.0000,2.0100,1.9700,1.9700,2.0200,19342200,38374229.0000,3,0.816700,1,-2.475200,0
2023-05-25,sz.000861,1.9600,1.9800,1.9400,1.9500,1.9700,19518262,38167753.5400,3,0.824200,1,-1.015200,0
2023-05-26,sz.000861,1.9400,1.9500,1.9200,1.9400,1.9500,13908280,26917851.1000,3,0.587300,1,-0.512800,0
2023-05-29,sz.000861,1.9500,2.0000,1.9400,1.9900,1.9400,27071537,53525435.0200,3,1.143100,1,2.577300,0
2023-05-30,sz.000861,1.9900,2.0300,1.9700,2.0300,1.9900,19796457,39731257.1800,3,0.835900,1,2.010100,0
2023-05-31,sz.000861,2.0200,2.0700,2.0100,2.0500,2.0300,20259150,41421955.1000,3,0.855500,1,0.985200,0
2023-06-01,sz.000861,2.0600,2.0600,2.0000,2.0000,2.0500,18774853,37943781.4000,3,0.792800,1,-2.439000,0
2023-06-02,sz.000861,2.0500,2.0500,1.9900,2.0100,2.0000,14214307,28599354.5000,3,0.600200,1,0.500000,0
2023-06-05,sz.000861,2.0200,2.0200,1.9900,2.0100,2.0100,13583254,27230258.5000,3,0.573600,1,0.000000,0
2023-06-06,sz.000861,2.0100,2.0200,1.9600,1.9700,2.0100,22205234,44378350.0900,3,0.937600,1,-1.990000,0
2023-06-07,sz.000861,1.9700,1.9900,1.9600,1.9600,1.9700,9722488,19187884.2400,3,0.410500,1,-0.507600,0
2023-06-08,sz.000861,1.9600,1.9700,1.9300,1.9400,1.9600,11624210,22721061.7000,3,0.490800,1,-1.020400,0
2023-06-09,sz.000861,1.9500,1.9600,1.9400,1.9400,1.9400,9886182,19263924.4800,3,0.417500,1,0.000000,0
2023-06-12,sz.000861,1.9500,1.9500,1.9100,1.9200,1.9400,20182027,38907536.1100,3,0.852200,1,-1.030900,0
2023-06-13,sz.000861,1.9300,2.0000,1.9300,1.9600,1.9200,40038586,78548252.7200,3,1.690700,1,2.083300,0
2023-06-14,sz.000861,1.9600,1.9900,1.9400,1.9800,1.9600,24856892,48903308.3200,3,1.049600,1,1.020400,0
2023-06-15,sz.000861,1.9800,2.0500,1.9800,2.0500,1.9800,50135618,101246591.6400,3,2.117000,1,3.535400,0
2023-06-16,sz.000861,2.0500,2.0600,2.0100,2.0400,2.0500,23990775,48938187.2500,3,1.013000,1,-0.487800,0
2023-06-19,sz.000861,2.0200,2.0600,1.9800,2.0500,2.0400,33938994,68638650.9000,3,1.433100,1,0.490200,0
2023-06-20,sz.000861,2.0500,2.0600,2.0300,2.0300,2.0500,23033990,47063726.7000,3,0.972600,1,-0.975600,0
2023-06-21,sz.000861,2.0300,2.1000,2.0300,2.0900,2.0300,58703687,121913205.9400,3,2.478800,1,2.955700,0
2023-06-26,sz.000861,2.0700,2.1200,2.0600,2.0800,2.0900,32342780,67524185.3000,3,1.365700,1,-0.478500,0
2023-06-27,sz.000861,2.0800,2.1200,2.0500,2.1000,2.0800,31545257,65716047.2200,3,1.332000,1,0.961500,0
2023-06-28,sz.000861,2.1100,2.1100,2.0600,2.0600,2.1000,13585917,28165805.7400,3,0.573700,1,-1.904800,0
2023-06-29,sz.000861,2.0600,2.0700,2.0400,2.0400,2.0600,11326097,23193498.0300,3,0.478300,1,-0.970900,0
2023-06-30,sz.000861,2.0400,2.1600,2.0300,2.1400,2.0400,32730317,69197475.1100,3,1.371300,1,4.902000,0
2023-07-03,sz.000861,2.1200,2.1400,2.0500,2.0600,2.1400,25716300,53810753.0000,3,1.085900,1,-3.738300,0
2023-07-04,sz.000861,2.0600,2.0700,2.0400,2.0600,2.0600,12934227,26562389.7700,3,0.546200,1,0.000000,0
2023-07-05,sz.000861,2.0600,2.1000,2.0500,2.0600,2.0600,12212036,25344372.2800,3,0.515700,1,0.000000,0
2023-07-06,sz.000861,2.0700,2.0800,2.0500,2.0500,2.0600,8472960,17493845.0000,3,0.357800,1,-0.485400,0
2023-07-07,sz.000861,2.0500,2.1000,2.0400,2.0900,2.0500,13370480,27729418.6000,3,0.564600,1,1.951200,0
2023-07-10,sz.000861,2.0900,2.1200,2.0700,2.1200,2.0900,26873400,56343535.0300,3,1.134800,1,1.435400,0
2023-07-11,sz.000861,2.1200,2.1800,2.1000,2.1400,2.1200,38121141,81364637.7900,3,1.609700,1,0.943400,0
2023-07-12,sz.000861,2.1300,2.2400,2.1100,2.1200,2.1400,62802675,136490481.5200,3,2.651900,1,-0.934600,0
2023-07-13,sz.000861,2.1100,2.1100,2.0400,2.0600,2.1200,35864790,73948393.5000,3,1.514400,1,-2.830200,0
2023-07-14,sz.000861,2.0500,2.0600,2.0200,2.0300,2.0600,21685820,44228323.2000,3,0.915700,1,-1.456300,0
2023-07-17,sz.000861,2.0300,2.0600,2.0300,2.0500,2.0300,10007550,20528618.9000,3,0.422600,1,0.985200,0
2023-07-18,sz.000861,2.0700,2.1300,2.0400,2.1200,2.0500,36012847,75233112.2300,3,1.520700,1,3.414600,0
2023-07-19,sz.000861,2.1200,2.1700,2.1100,2.1500,2.1200,34739706,74567800.5200,3,1.466900,1,1.415100,0
2023-07-20,sz.000861,2.1600,2.1600,2.1000,2.1100,2.1500,21706095,45981781.3000,3,0.916600,1,-1.860500,0
2023-07-21,sz.000861,2.1200,2.1400,2.0900,2.1200,2.1100,25820404,54696495.6800,3,1.090300,1,0.473900,0
2023-07-24,sz.000861,2.1300,2.1300,2.0600,2.0700,2.1200,26068195,54316281.6500,3,1.100800,1,-2.358500,0
2023-07-25,sz.000861,2.0800,2.1700,2.0700,2.1200,2.0700,83032542,176695553.8400,3,3.506100,1,2.415500,0
2023-07-26,sz.000861,2.1800,2.2500,2.1200,2.1200,2.1200,123727734,266988170.8500,3,5.224600,1,0.000000,0
2023-07-27,sz.000861,2.1200,2.1500,2.0900,2.1000,2.1200,103408385,218169160.7800,3,4.366500,1,-0.943400,0
2023-07-28,sz.000861,2.1000,2.3100,2.0900,2.3100,2.1000,192407002,426928789.6200,3,8.124600,1,10.000000,0
2023-07-31,sz.000861,2.3500,2.5000,2.2600,2.4100,2.3100,352376457,833039299.8800,3,14.879500,1,4.329000,0
2023-08-01,sz.000861,2.3400,2.3600,2.2800,2.3100,2.4100,175238921,404608013.7800,3,7.399700,1,-4.149400,0
2023-08-02,sz.000861,2.2900,2.3400,2.2500,2.2600,2.3100,139135576,316669859.6000,3,5.875200,1,-2.164500,0
2023-08-03,sz.000861,2.2600,2.2900,2.2200,2.2800,2.2600,97261859,219640449.1600,3,4.107000,1,0.885000,0
2023-08-04,sz.000861,2.2800,2.3400,2.2200,2.2300,2.2800,123714562,281168214.1500,3,5.224000,1,-2.193000,0
2023-08-07,sz.000861,2.2100,2.2200,2.1400,2.1600,2.2300,91542338,198728812.0300,3,3.865500,1,-3.139000,0
2023-08-08,sz.000861,2.1600,2.1900,2.1300,2.1400,2.1600,54559580,117015556.3400,3,2.303800,1,-0.925900,0
2023-08-09,sz.000861,2.1300,2.1700,2.1100,2.1400,2.1400,48312780,103459859.2000,3,2.040100,1,0.000000,0
2023-08-10,sz.000861,2.1500,2.1500,2.1000,2.1200,2.1400,45748780,96834783.8000,3,1.931800,1,-0.934600,0
2023-08-11,sz.000861,2.1100,2.1200,2.0700,2.0700,2.1200,41926830,87738907.8000,3,1.770400,1,-2.358500,0
2023-08-14,sz.000861,2.0500,2.0900,2.0300,2.0900,2.0700,42816900,88236310.0000,3,1.808000,1,0.966200,0
2023-08-15,sz.000861,2.0900,2.1000,2.0600,2.0900,2.0900,29649000,61659480.0000,3,1.252000,1,0.000000,0
2023-08-16,sz.000861,2.0800,2.1300,2.0600,2.1000,2.0900,44934537,94309855.6900,3,1.897400,1,0.478500,0
2023-08-17,sz.000861,2.0900,2.1200,2.0900,2.1100,2.1000,39288390,82700266.1000,3,1.659000,1,0.476200,0
2023-08-18,sz.000861,2.1100,2.1300,2.0800,2.1200,2.1100,50930440,107101901.4000,3,2.150600,1,0.473900,0
2023-08-21,sz.000861,2.1000,2.1100,2.0500,2.0500,2.1200,36984000,76883479.0000,3,1.561700,1,-3.301900,0
2023-08-22,sz.000861,2.0600,2.1200,2.0500,2.1000,2.0500,36636451,76304973.8500,3,1.547000,1,2.439000,0
2023-08-23,sz.000861,2.0900,2.1000,2.0600,2.0800,2.1000,25406060,52774389.8000,3,1.072800,1,-0.952400,0
2023-08-24,sz.000861,2.0900,2.1500,2.0700,2.1400,2.0800,47390617,100316030.7400,3,2.001100,1,2.884600,0
2023-08-25,sz.000861,2.1300,2.1500,2.0900,2.1200,2.1400,46202520,97839024.3000,3,1.951000,1,-0.934600,0
2023-08-28,sz.000861,2.2100,2.2500,2.1200,2.1400,2.1200,57783393,125442869.3900,3,2.440000,1,0.943400,0
2023-08-29,sz.000861,2.1200,2.2000,2.1000,2.2000,2.1400,49878248,107555341.2900,3,2.106200,1,2.803700,0
2023-08-30,sz.000861,2.1700,2.1900,2.1400,2.1900,2.2000,47144654,102237716.1700,3,1.990700,1,-0.454500,0
2023-08-31,sz.000861,2.1700,2.1800,2.1600,2.1700,2.1900,18865707,40892765.1200,3,0.790400,1,-0.913200,0
2023-09-01,sz.000861,2.1700,2.2000,2.1600,2.1600,2.1700,21029140,45801006.9400,3,0.881100,1,-0.460800,0
2023-09-04,sz.000861,2.1600,2.1800,2.1400,2.1700,2.1600,21964149,47445030.7500,3,0.920200,1,0.463000,0
2023-09-05,sz.000861,2.1600,2.1600,2.1200,2.1300,2.1700,20878309,44591696.9300,3,0.874700,1,-1.843300,0
2023-09-06,sz.000861,2.1200,2.1500,2.1100,2.1500,2.1300,20015950,42633428.5900,3,0.838600,1,0.939000,0
2023-09-07,sz.000861,2.1400,2.1400,2.1000,2.1000,2.1500,13289930,28201075.7000,3,0.556800,1,-2.325600,0
2023-09-08,sz.000861,2.1000,2.1100,2.0600,2.0600,2.1000,20541595,42638578.6000,3,0.860600,1,-1.904800,0
2023-09-11,sz.000861,2.0700,2.0900,2.0500,2.0800,2.0600,16119730,33431617.1000,3,0.675400,1,0.970900,0
2023-09-12,sz.000861,2.0700,2.0900,2.0600,2.0600,2.0800,20151002,41749711.1400,3,0.844300,1,-0.961500,0
2023-09-13,sz.000861,2.0600,2.0700,2.0300,2.0400,2.0600,16196560,33197790.3000,3,0.678600,1,-0.970900,0
2023-09-14,sz.000861,2.0400,2.0600,1.9900,2.0000,2.0400,30487100,61493519.0000,3,1.277300,1,-1.960800,0
2023-09-15,sz.000861,2.0000,2.0400,1.9700,2.0100,2.0000,28315357,56858394.0600,3,1.186300,1,0.500000,0
2023-09-18,sz.000861,2.0000,2.0300,1.9800,2.0200,2.0100,20849307,41918240.2000,3,0.873500,1,0.497500,0
2023-09-19,sz.000861,2.0200,2.0400,2.0100,2.0100,2.0200,13336140,26972115.4000,3,0.558700,1,-0.495000,0
2023-09-20,sz.000861,2.0200,2.0300,1.9900,2.0000,2.0100,12069904,24198091.9600,3,0.505700,1,-0.497500,0
2023-09-21,sz.000861,2.0100,2.0100,1.9900,2.0000,2.0000,11651340,23272749.6000,3,0.488200,1,0.000000,0
2023-09-22,sz.000861,1.9900,2.0300,1.9800,2.0100,2.0000,18909677,37988012.7600,3,0.792300,1,0.500000,0
2023-09-25,sz.000861,2.0000,2.0800,1.9900,2.0700,2.0100,39445201,80579343.3900,3,1.652600,1,2.985100,0
2023-09-26,sz.000861,2.0600,2.1200,2.0500,2.1100,2.0700,37039634,77455500.9400,3,1.551900,1,1.932400,0
2023-09-27,sz.000861,2.1000,2.1200,2.0800,2.1000,2.1100,21977100,46119893.2000,3,0.920800,1,-0.473900,0
2023-09-28,sz.000861,2.1000,2.1600,2.1000,2.1400,2.1000,31620460,67530080.0000,3,1.324800,1,1.904800,0
2023-10-09,sz.000861,2.1300,2.1400,2.1000,2.1100,2.1400,24695330,52355005.6000,3,1.034700,1,-1.401900,0
2023-10-10,sz.000861,2.1000,2.1500,2.1000,2.1100,2.1100,20658900,43875876.5000,3,0.865500,1,0.000000,0
2023-10-11,sz.000861,2.1100,2.1400,2.0900,2.1000,2.1100,23788069,50102318.8600,3,0.996700,1,-0.473900,0
2023-10-12,sz.000861,2.1100,2.1200,2.0900,2.1000,2.1000,10573900,22192944.0000,3,0.443000,1,0.000000,0
2023-10-13,sz.000861,2.0900,2.0900,2.0500,2.0600,2.1000,18501237,38200087.5900,3,0.775100,1,-1.904800,0
2023-10-16,sz.000861,2.0600,2.0700,2.0200,2.0500,2.0600,12594200,25754589.0000,3,0.527700,1,-0.485400,0
2023-10-17,sz.000861,2.0400,2.0500,2.0200,2.0200,2.0500,11954796,24285550.8800,3,0.500900,1,-1.463400,0
2023-10-18,sz.000861,2.0200,2.0300,1.9800,2.0000,2.0200,15665720,31296697.8000,3,0.656300,1,-0.990100,0
2023-10-19,sz.000861,2.0000,2.0100,1.9600,1.9700,2.0000,20272400,40147750.4400,3,0.849400,1,-1.500000,0
2023-10-20,sz.000861,1.9700,1.9900,1.9500,1.9700,1.9700,15439898,30417065.6600,3,0.646900,1,0.000000,0
2023-10-23,sz.000861,1.9700,1.9900,1.9500,1.9700,1.9700,14986670,29564309.8000,3,0.627900,1,0.000000,0
2023-10-24,sz.000861,1.9800,2.0200,1.9700,2.0200,1.9700,19747440,39518341.3000,3,0.827400,1,2.538100,0
2023-10-25,sz.000861,2.0200,2.0400,2.0000,2.0100,2.0200,14956090,30230135.7000,3,0.626600,1,-0.495000,0
2023-10-26,sz.000861,2.0100,2.0100,1.9800,2.0000,2.0100,8986710,17896365.9000,3,0.376500,1,-0.497500,0
2023-10-27,sz.000861,1.9900,2.0200,1.9700,2.0100,2.0000,12217115,24456019.8600,3,0.511900,1,0.500000,0
2023-10-30,sz.000861,2.0000,2.0400,1.9900,2.0400,2.0100,12521429,25353646.3800,3,0.524600,1,1.492500,0
2023-10-31,sz.000861,2.0300,2.0400,2.0100,2.0300,2.0400,8858906,17923465.6200,3,0.371200,1,-0.490200,0
2023-11-01,sz.000861,2.0400,2.0400,2.0100,2.0400,2.0300,14207640,28757337.8000,3,0.595300,1,0.492600,0
2023-11-02,sz.000861,2.0300,2.0300,2.0000,2.0200,2.0400,13893840,27957775.4000,3,0.582100,1,-0.980400,0
2023-11-03,sz.000861,2.0200,2.0200,1.9900,2.0100,2.0200,13052314,26140648.0000,3,0.546900,1,-0.495000,0
2023-11-06,sz.000861,2.0100,2.0300,2.0000,2.0300,2.0100,23650837,47708843.0600,3,0.990900,1,0.995000,0
2023-11-07,sz.000861,2.0200,2.0300,2.0000,2.0100,2.0300,17311134,34813621.3400,3,0.725300,1,-0.985200,0
2023-11-08,sz.000861,2.0100,2.0300,2.0000,2.0200,2.0100,17150793,34609312.1300,3,0.718600,1,0.497500,0
2023-11-09,sz.000861,2.0200,2.0200,1.9800,1.9900,2.0200,23532820,46906262.6000,3,0.986000,1,-1.485100,0
2023-11-10,sz.000861,1.9900,1.9900,1.9600,1.9700,1.9900,14991403,29567215.8800,3,0.628100,1,-1.005000,0
2023-11-13,sz.000861,1.9700,1.9900,1.9500,1.9900,1.9700,22093298,43587949.4600,3,0.925600,1,1.015200,0
2023-11-14,sz.000861,1.9900,2.0000,1.9700,1.9900,1.9900,21990303,43681581.9700,3,0.921300,1,0.000000,0
2023-11-15,sz.000861,2.0000,2.0200,1.9800,2.0100,1.9900,31763840,63690602.5000,3,1.330800,1,1.005000,0
2023-11-16,sz.000861,2.0200,2.0200,1.9800,1.9900,2.0100,14459200,28852927.0000,3,0.605800,1,-0.995000,0
2023-11-17,sz.000861,1.9900,2.0100,1.9700,2.0000,1.9900,14632750,29112073.0000,3,0.613100,1,0.502500,0
2023-11-20,sz.000861,2.0000,2.0200,1.9800,2.0100,2.0000,29382660,58904214.2000,3,1.231000,1,0.500000,0
2023-11-21,sz.000861,2.0100,2.0800,2.0000,2.0500,2.0100,46845193,96070601.3000,3,1.962700,1,1.990000,0
2023-11-22,sz.000861,2.0500,2.0800,2.0400,2.0600,2.0500,28106897,57992281.7700,3,1.177600,1,0.487800,0
2023-11-23,sz.000861,2.0700,2.0700,2.0400,2.0500,2.0600,16963663,34751323.5200,3,0.710700,1,-0.485400,0
2023-11-24,sz.000861,2.0400,2.0700,2.0300,2.0400,2.0500,19889614,40759357.7000,3,0.833300,1,-0.487800,0
2023-11-27,sz.000861,2.0500,2.0500,2.0200,2.0400,2.0400,25154501,51094104.2200,3,1.053900,1,0.000000,0
2023-11-28,sz.000861,2.0400,2.0500,2.0200,2.0400,2.0400,16730145,34081184.7000,3,0.700900,1,0.000000,0
2023-11-29,sz.000861,2.0400,2.0900,2.0100,2.0600,2.0400,43597810,89238696.6000,3,1.826600,1,0.980400,0
2023-11-30,sz.000861,2.0600,2.0600,2.0300,2.0500,2.0600,31579762,64417104.6800,3,1.323100,1,-0.485400,0
2023-12-01,sz.000861,2.0500,2.0800,2.0400,2.0800,2.0500,25988603,53604350.2800,3,1.088800,1,1.463400,0
2023-12-04,sz.000861,2.0700,2.0900,2.0300,2.0500,2.0800,26961982,55395959.6200,3,1.129600,1,-1.442300,0
2023-12-05,sz.000861,2.0500,2.0700,2.0300,2.0400,2.0500,20420582,41875026.1000,3,0.855600,1,-0.487800,0
2023-12-06,sz.000861,2.0400,2.0600,2.0300,2.0400,2.0400,11876450,24272607.4000,3,0.497600,1,0.000000,0
2023-12-07,sz.000861,2.0500,2.0500,2.0300,2.0400,2.0400,11269969,22975430.0400,3,0.472200,1,0.000000,0
2023-12-08,sz.000861,2.0300,2.0500,1.9900,2.0000,2.0400,31757997,64111286.2100,3,1.330600,1,-1.960800,0
2023-12-11,sz.000861,2.0000,2.0900,1.9800,2.0800,2.0000,34428577,70424080.5900,3,1.442500,1,4.000000,0
2023-12-12,sz.000861,2.0700,2.0800,2.0500,2.0700,2.0800,19198064,39678204.7400,3,0.804300,1,-0.480800,0
2023-12-13,sz.000861,2.0600,2.1300,2.0600,2.1000,2.0700,38255234,80315729.7400,3,1.602800,1,1.449300,0
2023-12-14,sz.000861,2.1000,2.1800,2.0800,2.1000,2.1000,43938036,93707684.3600,3,1.840900,1,0.000000,0
2023-12-15,sz.000861,2.1000,2.1500,2.0900,2.1300,2.1000,41808380,88685838.3000,3,1.751700,1,1.428600,0
2023-12-18,sz.000861,2.1300,2.1700,2.0700,2.0900,2.1300,32535350,69055496.2100,3,1.363100,1,-1.877900,0
2023-12-19,sz.000861,2.0900,2.1200,2.0400,2.0600,2.0900,20505196,42540288.4800,3,0.859100,1,-1.435400,0
2023-12-20,sz.000861,2.0600,2.0800,2.0200,2.0400,2.0600,24405690,49827102.7000,3,1.022500,1,-0.970900,0
2023-12-21,sz.000861,2.0300,2.0400,2.0100,2.0400,2.0400,15950723,32327486.0000,3,0.668300,1,0.000000,0
2023-12-22,sz.000861,2.0300,2.0400,2.0000,2.0300,2.0400,26985250,54469413.0000,3,1.130600,1,-0.490200,0
2023-12-25,sz.000861,2.0200,2.0200,1.9900,1.9900,2.0300,14196666,28427365.0000,3,0.594800,1,-1.970400,0
2023-12-26,sz.000861,2.0000,2.0000,1.9800,1.9800,1.9900,9375500,18664647.0000,3,0.392800,1,-0.502500,0
2023-12-27,sz.000861,1.9800,1.9900,1.9700,1.9900,1.9800,11597169,22951152.6000,3,0.485900,1,0.505100,0
2023-12-28,sz.000861,1.9900,2.0200,1.9700,2.0100,1.9900,18687000,37326614.0000,3,0.782900,1,1.005000,0
2023-12-29,sz.000861,2.0000,2.0100,1.9800,2.0000,2.0100,22684100,45216633.0000,3,0.950400,1,-0.497500,0
2024-01-02,sz.000861,1.9900,2.0000,1.9700,2.0000,2.0000,20378060,40457756.2000,3,0.853800,1,0.000000,0
2024-01-03,sz.000861,2.0000,2.0100,1.9800,2.0100,2.0000,20388708,40752178.4200,3,0.854200,1,0.500000,0
2024-01-04,sz.000861,2.0100,2.0100,1.9900,2.0100,2.0100,12096380,24203331.7000,3,0.506800,1,0.000000,0
2024-01-05,sz.000861,2.0100,2.0200,1.9800,1.9900,2.0100,17372400,34681945.0000,3,0.727900,1,-0.995000,0
2024-01-08,sz.000861,1.9800,1.9900,1.9200,1.9500,1.9900,35842195,69713454.0500,3,1.501700,1,-2.010100,0
2024-01-09,sz.000861,1.9500,1.9700,1.9200,1.9500,1.9500,13306970,25864978.1000,3,0.557500,1,0.000000,0
2024-01-10,sz.000861,1.9400,1.9600,1.9200,1.9500,1.9500,11016363,21387502.5600,3,0.461600,1,0.000000,0
2024-01-11,sz.000861,1.9400,1.9900,1.9300,1.9800,1.9500,20477623,40219004.6500,3,0.858000,1,1.538500,0
2024-01-12,sz.000861,1.9700,2.0200,1.9700,2.0200,1.9800,28197242,56565950.4200,3,1.181400,1,2.020200,0
2024-01-15,sz.000861,2.0200,2.2200,2.0100,2.2200,2.0200,349438780,768638248.2800,3,14.640500,1,9.901000,0
2024-01-16,sz.000861,2.2200,2.2900,2.0900,2.2200,2.2200,321512083,709311538.8200,3,13.470400,1,0.000000,0
2024-01-17,sz.000861,2.1900,2.2200,2.0000,2.1100,2.2200,228342012,473536024.5200,3,9.566900,1,-4.955000,0
2024-01-18,sz.000861,2.1700,2.3200,2.1100,2.1500,2.1100,409941852,923596468.3500,3,17.175400,1,1.895700,0
2024-01-19,sz.000861,2.1000,2.1300,1.9400,1.9400,2.1500,296406061,588652354.1100,3,12.418600,1,-9.767400,0
2024-01-22,sz.000861,1.8300,1.8400,1.7500,1.7500,1.9400,92878595,163622842.5100,3,3.891300,1,-9.793800,0
2024-01-23,sz.000861,1.6600,1.7000,1.5800,1.6400,1.7500,258375128,413481000.7300,3,10.825200,1,-6.285700,0
2024-01-24,sz.000861,1.5800,1.6500,1.5700,1.6300,1.6400,156661039,251882278.0600,3,6.563700,1,-0.609800,0
2024-01-25,sz.000861,1.6200,1.6700,1.5900,1.6400,1.6300,136021900,222133076.9000,3,5.698900,1,0.613500,0
2024-01-26,sz.000861,1.6200,1.6800,1.6100,1.6500,1.6400,119449084,197334277.6800,3,5.004600,1,0.609800,0
2024-01-29,sz.000861,1.6500,1.6600,1.5600,1.6100,1.6500,113701001,181855337.5800,3,4.763700,1,-2.424200,0
2024-01-30,sz.000861,1.5800,1.6100,1.5400,1.6000,1.6100,97127844,153253738.6900,3,4.069400,1,-0.621100,0
2024-01-31,sz.000861,1.5700,1.6000,1.4500,1.6000,1.6000,129068936,195228044.1900,3,5.407600,1,0.000000,0
2024-02-01,sz.000861,1.5400,1.5400,1.4900,1.5300,1.6000,60040454,91096341.9800,3,2.515500,1,-4.375000,0
2024-02-02,sz.000861,1.5000,1.5200,1.3800,1.3900,1.5300,62456633,90831425.4300,3,2.616800,1,-9.150300,0
2024-02-05,sz.000861,1.3500,1.5300,1.2900,1.3800,1.3900,172032243,245071971.5900,3,7.207700,1,-0.719400,0
2024-02-06,sz.000861,1.3000,1.5000,1.2700,1.4600,1.3800,131730407,182601707.7900,3,5.519100,1,5.797100,0
2024-02-07,sz.000861,1.4400,1.4400,1.3200,1.3200,1.4600,83798402,116341517.1700,3,3.510900,1,-9.589000,0
2024-02-08,sz.000861,1.3000,1.4100,1.3000,1.4000,1.3200,81702300,111486826.0000,3,3.423100,1,6.060600,0
2024-02-19,sz.000861,1.3800,1.4400,1.3300,1.4200,1.4000,90634041,125378704.4500,3,3.797300,1,1.428600,0
2024-02-20,sz.000861,1.4000,1.4200,1.3700,1.4100,1.4200,55700266,77865959.3600,3,2.333700,1,-0.704200,0
2024-02-21,sz.000861,1.4000,1.5200,1.3900,1.4500,1.4100,111185697,162169004.9600,3,4.658400,1,2.836900,0
2024-02-22,sz.000861,1.4500,1.4800,1.4300,1.4800,1.4500,76370622,111704203.0600,3,3.199700,1,2.069000,0
2024-02-23,sz.000861,1.4800,1.5500,1.4700,1.5400,1.4800,96047106,144889601.2000,3,4.024100,1,4.054100,0
2024-02-26,sz.000861,1.5300,1.6000,1.5200,1.5600,1.5400,88982187,138352562.0800,3,3.728100,1,1.298700,0
2024-02-27,sz.000861,1.5500,1.5900,1.5400,1.5800,1.5600,56507950,88540880.7000,3,2.367500,1,1.282100,0
2024-02-28,sz.000861,1.5800,1.6200,1.4700,1.4700,1.5800,107573380,168097655.4000,3,4.507000,1,-6.962000,0
2024-02-29,sz.000861,1.4500,1.5100,1.4300,1.4900,1.4700,100939048,149577706.9800,3,4.229100,1,1.360500,0
2024-03-01,sz.000861,1.4900,1.5100,1.4400,1.4700,1.4900,82854192,122120600.0800,3,3.471400,1,-1.342300,0
2024-03-04,sz.000861,1.4700,1.4700,1.4200,1.4600,1.4700,58708144,85044506.4000,3,2.459700,1,-0.680300,0
2024-03-05,sz.000861,1.4500,1.4600,1.4100,1.4100,1.4600,48286218,68982500.3200,3,2.023100,1,-3.424700,0
2024-03-06,sz.000861,1.4100,1.4600,1.4100,1.4500,1.4100,46091551,66291744.8800,3,1.931100,1,2.836900,0
2024-03-07,sz.000861,1.4400,1.4900,1.4400,1.4600,1.4500,73084940,107159291.8000,3,3.062100,1,0.689700,0
2024-03-08,sz.000861,1.4700,1.4900,1.4500,1.4600,1.4600,42289783,62034512.1800,3,1.771800,1,0.000000,0
2024-03-11,sz.000861,1.4600,1.4800,1.4500,1.4800,1.4600,43653810,64113566.7400,3,1.829000,1,1.369900,0
2024-03-12,sz.000861,1.5200,1.6000,1.5200,1.5400,1.4800,95556135,147989059.7500,3,4.003500,1,4.054100,0
2024-03-13,sz.000861,1.5200,1.5400,1.5000,1.5100,1.5400,64713594,98024808.8000,3,2.711300,1,-1.948100,0
2024-03-14,sz.000861,1.5100,1.5300,1.4800,1.5000,1.5100,45012816,67652709.8400,3,1.885900,1,-0.662300,0
2024-03-15,sz.000861,1.4900,1.5400,1.4900,1.5300,1.5000,54658494,83053897.8400,3,2.290000,1,2.000000,0
2024-03-18,sz.000861,1.5200,1.5400,1.5100,1.5400,1.5300,50229440,76635238.2000,3,2.104500,1,0.653600,0
2024-03-19,sz.000861,1.5300,1.5400,1.5100,1.5100,1.5400,33962791,51718841.4100,3,1.422900,1,-1.948100,0
2024-03-20,sz.000861,1.5100,1.5500,1.5000,1.5400,1.5100,51667975,78922826.2500,3,2.164700,1,1.986800,0
2024-03-21,sz.000861,1.5400,1.5800,1.5300,1.5800,1.5400,80844986,125910442.2200,3,3.387200,1,2.597400,0
2024-03-22,sz.000861,1.5700,1.5800,1.5300,1.5500,1.5800,62085134,96201870.5800,3,2.601200,1,-1.898700,0
2024-03-25,sz.000861,1.5600,1.5700,1.5000,1.5000,1.5500,52919404,80838959.9200,3,2.217200,1,-3.225800,0
2024-03-26,sz.000861,1.5100,1.5200,1.4700,1.5000,1.5000,42025978,62831391.9200,3,1.760800,1,0.000000,0
2024-03-27,sz.000861,1.4900,1.5000,1.4300,1.4500,1.5000,49183500,71970153.0000,3,2.060600,1,-3.333300,0
2024-03-28,sz.000861,1.4400,1.4800,1.4300,1.4700,1.4500,41288759,60332396.6200,3,1.729900,1,1.379300,0
2024-03-29,sz.000861,1.4600,1.4700,1.4500,1.4700,1.4700,22114582,32274948.7200,3,0.926500,1,0.000000,0
2024-04-01,sz.000861,1.4700,1.5100,1.4600,1.5100,1.4700,42335614,63067002.4100,3,1.773700,1,2.721100,0
2024-04-02,sz.000861,1.5700,1.6600,1.5600,1.6200,1.5100,353663034,581950655.8100,3,14.817500,1,7.284800,0
2024-04-03,sz.000861,1.5400,1.5800,1.5200,1.5400,1.6200,231899962,357405943.8200,3,9.715900,1,-4.938300,0
2024-04-08,sz.000861,1.5500,1.6100,1.5400,1.5500,1.5400,142013608,222628968.1400,3,5.950000,1,0.649400,0
2024-04-09,sz.000861,1.5400,1.5600,1.5200,1.5600,1.5500,81347143,125465120.8500,3,3.408200,1,0.645200,0
2024-04-10,sz.000861,1.5500,1.5500,1.5000,1.5200,1.5600,85155009,129488003.3900,3,3.567800,1,-2.564100,0
2024-04-11,sz.000861,1.5000,1.5300,1.4900,1.5000,1.5200,57409351,86485415.2100,3,2.405300,1,-1.315800,0
2024-04-12,sz.000861,1.4900,1.5100,1.4700,1.4800,1.5000,43147305,64236844.4000,3,1.807700,1,-1.333300,0
2024-04-15,sz.000861,1.4600,1.4800,1.3300,1.3900,1.4800,94684910,131851498.8000,3,3.967000,1,-6.081100,0
2024-04-16,sz.000861,1.3700,1.3800,1.2900,1.3300,1.3900,79386131,105069851.5600,3,3.326100,1,-4.316500,0
2024-04-17,sz.000861,1.3300,1.3900,1.3300,1.3800,1.3300,58328459,79795858.0900,3,2.443800,1,3.759400,0
2024-04-18,sz.000861,1.3700,1.3800,1.3500,1.3500,1.3800,39167017,53233219.7400,3,1.641000,1,-2.173900,0
2024-04-19,sz.000861,1.3400,1.3600,1.3100,1.3400,1.3500,43403342,57839007.3300,3,1.818500,1,-0.740700,0
2024-04-22,sz.000861,1.3300,1.3400,1.3000,1.3300,1.3400,41666314,54830692.9500,3,1.745700,1,-0.746300,0
2024-04-23,sz.000861,1.3200,1.3500,1.3100,1.3300,1.3300,31772084,42159289.7800,3,1.331200,1,0.000000,0
2024-04-24,sz.000861,1.3300,1.3400,1.3100,1.3300,1.3300,26336126,34914388.8700,3,1.103400,1,0.000000,0
2024-04-25,sz.000861,1.3200,1.3500,1.3100,1.3300,1.3300,34354640,45898187.7000,3,1.439400,1,0.000000,0
2024-04-26,sz.000861,1.3200,1.3600,1.3200,1.3600,1.3300,51266020,68882307.8000,3,2.147900,1,2.255600,0
2024-04-29,sz.000861,1.3600,1.4700,1.3500,1.4500,1.3600,89294290,126561882.5000,3,3.741200,1,6.617600,0
2024-04-30,sz.000861,1.5000,1.5300,1.4600,1.4800,1.4500,86766868,129460082.8400,3,3.635300,1,2.069000,0
2024-05-06,sz.000861,1.5000,1.5200,1.4900,1.5100,1.4800,52782546,79453608.8700,3,2.211400,1,2.027000,0
2024-05-07,sz.000861,1.5200,1.5300,1.4900,1.5200,1.5100,40556379,61186238.5000,3,1.699200,1,0.662300,0
2024-05-08,sz.000861,1.5200,1.5200,1.4800,1.4800,1.5200,34489710,51531132.8000,3,1.445000,1,-2.631600,0
2024-05-09,sz.000861,1.4800,1.5200,1.4600,1.5100,1.4800,39635794,59631692.4400,3,1.660600,1,2.027000,0
2024-05-10,sz.000861,1.5100,1.6300,1.5100,1.5600,1.5100,105498764,164265551.6600,3,4.420100,1,3.311300,0
2024-05-13,sz.000861,1.5400,1.5700,1.5200,1.5300,1.5600,51251303,79088668.0800,3,2.147300,1,-1.923100,0
2024-05-14,sz.000861,1.5300,1.5600,1.5200,1.5400,1.5300,32104960,49506683.0000,3,1.345100,1,0.653600,0
2024-05-15,sz.000861,1.5400,1.6200,1.5300,1.5800,1.5400,76867954,121561335.0200,3,3.220500,1,2.597400,0
2024-05-16,sz.000861,1.5800,1.6600,1.5700,1.6200,1.5800,114902768,187205044.1600,3,4.814100,1,2.531600,0
2024-05-17,sz.000861,1.6200,1.6500,1.5900,1.6200,1.6200,98565249,159160794.0000,3,4.129600,1,0.000000,0
2024-05-20,sz.000861,1.6200,1.6300,1.5800,1.6000,1.6200,64185998,102638563.2200,3,2.689200,1,-1.234600,0
2024-05-21,sz.000861,1.5900,1.6000,1.5700,1.5800,1.6000,34566981,54715546.0800,3,1.448300,1,-1.250000,0
2024-05-22,sz.000861,1.5800,1.6100,1.5800,1.6100,1.5800,43396720,69293438.0000,3,1.818200,1,1.898700,0
2024-05-23,sz.000861,1.6000,1.6000,1.5400,1.5500,1.6100,46785180,73169878.0000,3,1.960200,1,-3.726700,0
2024-05-24,sz.000861,1.5400,1.5900,1.5300,1.5400,1.5500,45760350,71310866.5000,3,1.917200,1,-0.645200,0
2024-05-27,sz.000861,1.5300,1.5600,1.4700,1.5100,1.5400,42529164,63959557.5600,3,1.781900,1,-1.948100,0
2024-05-28,sz.000861,1.5100,1.5200,1.4700,1.4900,1.5100,27385000,41027297.0000,3,1.147400,1,-1.324500,0
2024-05-29,sz.000861,1.4900,1.5000,1.4300,1.4500,1.4900,42184700,61810769.0000,3,1.767400,1,-2.684600,0
2024-05-30,sz.000861,1.4400,1.4400,1.3800,1.4100,1.4500,55366097,77833915.0200,3,2.319700,1,-2.758600,0
2024-05-31,sz.000861,1.4100,1.4100,1.3900,1.4100,1.4100,20502161,28760613.0000,3,0.859000,1,0.000000,0
2024-06-03,sz.000861,1.4000,1.4000,1.3500,1.3600,1.4100,40061800,54818347.0000,3,1.678500,1,-3.546100,0
2024-06-04,sz.000861,1.3700,1.3700,1.3300,1.3400,1.3600,38735680,52070492.2000,3,1.622900,1,-1.470600,0
2024-06-05,sz.000861,1.3300,1.3700,1.3200,1.3400,1.3400,37365490,50407729.4000,3,1.565500,1,0.000000,0
2024-06-06,sz.000861,1.3400,1.3600,1.2100,1.2100,1.3400,84603120,105702462.4000,3,3.544600,1,-9.701500,0
2024-06-07,sz.000861,1.1900,1.2500,1.1200,1.2100,1.2100,166379801,195554060.5900,3,6.970800,1,0.000000,0
2024-06-11,sz.000861,1.2000,1.2100,1.1600,1.2100,1.2100,72571988,86018220.1200,3,3.040600,1,0.000000,0
2024-06-12,sz.000861,1.2000,1.2300,1.1900,1.2100,1.2100,54257136,65898173.0000,3,2.273200,1,0.000000,0
2024-06-13,sz.000861,1.2100,1.2300,1.1700,1.1900,1.2100,52251598,62287171.2400,3,2.189200,1,-1.652900,0
2024-06-14,sz.000861,1.1700,1.1900,1.1500,1.1800,1.1900,50823801,59367909.0600,3,2.129400,1,-0.840300,0
2024-06-17,sz.000861,1.1700,1.1700,1.0800,1.0800,1.1800,95264538,106602171.3600,3,3.991300,1,-8.474600,0
2024-06-18,sz.000861,1.0800,1.1900,1.0700,1.1900,1.0800,126841671,145418685.0900,3,5.314300,1,10.185200,0
2024-06-19,sz.000861,1.2400,1.2600,1.1400,1.1500,1.1900,167969732,199616482.2200,3,7.037500,1,-3.361300,0
2024-06-20,sz.000861,1.1400,1.2200,1.1000,1.1800,1.1500,138272392,160337081.0700,3,5.793200,1,2.608700,0
2024-06-21,sz.000861,1.1500,1.1700,1.1200,1.1300,1.1800,73816863,84330755.1300,3,3.092700,1,-4.237300,0
2024-06-24,sz.000861,1.1100,1.1200,1.0200,1.0500,1.1300,159634067,166348643.5100,3,6.688200,1,-7.079600,0
2024-06-25,sz.000861,1.0000,1.0400,0.9500,0.9900,1.0500,173418498,168883321.7000,3,7.265700,1,-5.714300,0
2024-06-26,sz.000861,0.9300,0.9400,0.8900,0.8900,0.9900,286331376,256591498.2400,3,11.996500,1,-10.101000,0
2024-06-27,sz.000861,0.8000,0.8300,0.8000,0.8000,0.8900,218585869,175842290.3700,3,9.158100,1,-10.112400,0
2024-06-28,sz.000861,0.7200,0.7800,0.7200,0.7200,0.8000,459731512,334787737.6600,3,19.261400,1,-10.000000,0
2024-07-01,sz.000861,0.7000,0.7700,0.6800,0.7400,0.7200,339914787,247541289.9100,3,14.241500,1,2.777800,0
2024-07-02,sz.000861,0.7300,0.8100,0.7100,0.8100,0.7400,268303646,210939375.2200,3,11.241200,1,9.459500,0
2024-07-03,sz.000861,0.8400,0.8900,0.8300,0.8900,0.8100,126205852,110372560.4000,3,5.287700,1,9.876500,0
2024-07-04,sz.000861,0.9300,0.9800,0.8200,0.9500,0.8900,530196826,492166685.0400,3,22.213700,1,6.741600,0
2024-07-05,sz.000861,0.9200,1.0000,0.9000,0.9500,0.9500,350521284,336931980.9600,3,14.685800,1,0.000000,0
2024-07-08,sz.000861,0.9200,0.9600,0.8600,0.8800,0.9500,260707505,236547294.8200,3,10.922900,1,-7.368400,0
2024-07-09,sz.000861,0.8600,0.8800,0.7900,0.7900,0.8800,303006026,245026531.3900,3,12.695100,1,-10.227300,0
2024-07-10,sz.000861,0.7200,0.8300,0.7100,0.7500,0.7900,349970707,265910324.3600,3,14.662800,1,-5.063300,0
2024-07-11,sz.000861,0.7900,0.8300,0.7600,0.8300,0.7500,198287493,159858980.6000,3,8.307700,1,10.666700,0
2024-07-12,sz.000861,0.9000,0.9100,0.8700,0.9100,0.8300,226241305,204368127.7100,3,9.478900,1,9.638600,0
2024-07-15,sz.000861,0.9300,0.9800,0.9000,0.9500,0.9100,388038574,368343323.3500,3,16.257700,1,4.395600,0
2024-07-16,sz.000861,0.9400,1.0300,0.9300,0.9500,0.9500,448928026,441176333.8400,3,18.808800,1,0.000000,0
2024-07-17,sz.000861,0.8600,0.9400,0.8600,0.8600,0.9500,468136779,410297735.6800,3,19.613600,1,-9.473700,0
2024-07-18,sz.000861,0.8600,0.8600,0.8600,0.8600,0.8600,,,3,,0,,0
2024-07-19,sz.000861,0.8600,0.8600,0.8600,0.8600,0.8600,,,3,,0,,0
2024-07-22,sz.000861,0.8600,0.8600,0.8600,0.8600,0.8600,,,3,,0,,0
2024-07-23,sz.000861,0.8600,0.8600,0.8600,0.8600,0.8600,,,3,,0,,0
2024-07-24,sz.000861,0.8600,0.8600,0.8600,0.8600,0.8600,,,3,,0,,0
2024-07-25,sz.000861,0.8600,0.8600,0.8600,0.8600,0.8600,,,3,,0,,0
2024-07-26,sz.000861,0.8600,0.8600,0.8600,0.8600,0.8600,,,3,,0,,0
2024-07-29,sz.000861,0.8600,0.8600,0.8600,0.8600,0.8600,,,3,,0,,0
2024-07-30,sz.000861,0.8600,0.8600,0.8600,0.8600,0.8600,,,3,,0,,0
2024-07-31,sz.000861,0.8600,0.8600,0.8600,0.8600,0.8600,,,3,,0,,0
2024-08-01,sz.000861,0.7700,0.7700,0.7700,0.7700,0.8600,81857100,63029967.0000,3,3.429600,1,-10.465100,0
2024-08-02,sz.000861,0.6900,0.6900,0.6900,0.6900,0.7700,17762800,12256332.0000,3,0.744200,1,-10.389600,0
2024-08-05,sz.000861,0.6200,0.6200,0.6200,0.6200,0.6900,14004000,8682480.0000,3,0.586700,1,-10.144900,0
2024-08-06,sz.000861,0.6200,0.6200,0.6200,0.6200,0.6200,,,3,,0,,0
2024-08-07,sz.000861,0.6200,0.6200,0.6200,0.6200,0.6200,,,3,,0,,0
2024-08-08,sz.000861,0.6200,0.6200,0.6200,0.6200,0.6200,,,3,,0,,0
2024-08-09,sz.000861,0.6200,0.6200,0.6200,0.6200,0.6200,,,3,,0,,0
2024-08-12,sz.000861,0.6200,0.6200,0.6200,0.6200,0.6200,,,3,,0,,0
2024-08-13,sz.000861,0.6200,0.6200,0.6200,0.6200,0.6200,,,3,,0,,0
2024-08-14,sz.000861,0.6200,0.6200,0.6200,0.6200,0.6200,,,3,,0,,0
2024-08-15,sz.000861,0.6200,0.6200,0.6200,0.6200,0.6200,,,3,,0,,0
2024-08-16,sz.000861,0.6200,0.6200,0.6200,0.6200,0.6200,,,3,,0,,0
2024-08-19,sz.000861,0.6200,0.6200,0.6200,0.6200,0.6200,,,3,,0,,0
2024-08-20,sz.000861,0.6200,0.6200,0.6200,0.6200,0.6200,,,3,,0,,0
2024-08-21,sz.000861,0.6200,0.6200,0.6200,0.6200,0.6200,,,3,,0,,0
2024-08-22,sz.000861,0.6200,0.6200,0.6200,0.6200,0.6200,,,3,,0,,0
2024-08-23,sz.000861,0.6200,0.6200,0.6200,0.6200,0.6200,,,3,,0,,0
2024-08-26,sz.000861,0.6200,0.6200,0.6200,0.6200,0.6200,,,3,,0,,0
2024-08-27,sz.000861,0.6200,0.6200,0.6200,0.6200,0.6200,,,3,,0,,0
2024-08-28,sz.000861,0.6200,0.6200,0.6200,0.6200,0.6200,,,3,,0,,0
2024-08-29,sz.000861,0.6200,0.6200,0.6200,0.6200,0.6200,,,3,,0,,0
2024-08-30,sz.000861,0.6200,0.6200,0.6200,0.6200,0.6200,,,3,,0,,0
2024-09-02,sz.000861,0.6200,0.6200,0.6200,0.6200,0.6200,,,3,,0,,0
2024-09-03,sz.000861,0.6200,0.6200,0.6200,0.6200,0.6200,,,3,,0,,0
2024-09-04,sz.000861,0.6200,0.6200,0.6200,0.6200,0.6200,,,3,,0,,0
2024-09-05,sz.000861,0.6200,0.6200,0.6200,0.6200,0.6200,,,3,,0,,0
2024-09-06,sz.000861,0.6200,0.6200,0.6200,0.6200,0.6200,,,3,,0,,0
2024-09-09,sz.000861,0.6200,0.6200,0.6200,0.6200,0.6200,,,3,,0,,0
2024-09-10,sz.000861,0.6200,0.6200,0.6200,0.6200,0.6200,,,3,,0,,0
2024-09-11,sz.000861,0.6200,0.6200,0.6200,0.6200,0.6200,,,3,,0,,0
2024-09-12,sz.000861,0.6200,0.6200,0.6200,0.6200,0.6200,,,3,,0,,0
2024-09-13,sz.000861,0.6200,0.6200,0.6200,0.6200,0.6200,,,3,,0,,0
