date,code,open,high,low,close,preclose,volume,amount,adjustflag,turn,tradestatus,pctChg,isST
2010-02-09,sz.002356,36.1500,36.1500,35.1100,35.2900,36.5000,3190153,113775241.7200,3,19.938456,1,-3.315066,0
2010-02-10,sz.002356,35.0000,36.2900,34.8100,35.6200,35.2900,1821159,64617933.2200,3,11.382244,1,0.935100,0
2010-02-11,sz.002356,35.2000,35.4200,34.8000,34.9200,35.6200,1213428,42488763.5900,3,7.583925,1,-1.965200,0
2010-02-12,sz.002356,34.9200,35.4900,34.9200,35.3900,34.9200,920770,32438322.3100,3,5.754812,1,1.345900,0
2010-02-22,sz.002356,35.3000,35.7800,34.9800,35.7000,35.3900,1020316,36138317.0500,3,6.376975,1,0.876000,0
2010-02-23,sz.002356,35.6200,35.8800,35.2000,35.6300,35.7000,717398,25514439.6400,3,4.483738,1,-0.196100,0
2010-02-24,sz.002356,35.5000,36.9900,35.2600,36.7600,35.6300,2645532,96412649.3400,3,16.534575,1,3.171500,0
2010-02-25,sz.002356,36.8800,38.5000,36.6200,37.8300,36.7600,3808342,143052219.7400,3,23.802138,1,2.910800,0
2010-02-26,sz.002356,37.7800,37.9600,37.1100,37.3500,37.8300,2236400,83774391.2900,3,13.977500,1,-1.268800,0
2010-03-01,sz.002356,37.5000,38.5500,37.5000,38.3900,37.3500,2514981,96048207.1800,3,15.718631,1,2.784500,0
2010-03-02,sz.002356,38.4500,38.4500,37.0500,37.3000,38.3900,2204340,82983208.2300,3,13.777125,1,-2.839300,0
2010-03-03,sz.002356,37.3600,38.1200,37.2000,38.1200,37.3000,1837872,69181331.3600,3,11.486700,1,2.198400,0
2010-03-04,sz.002356,37.9000,38.2300,37.0000,37.1200,38.1200,1308555,49115430.0800,3,8.178469,1,-2.623300,0
2010-03-05,sz.002356,37.3500,37.7600,37.0800,37.5700,37.1200,1106931,41486557.1100,3,6.918319,1,1.212300,0
2010-03-08,sz.002356,37.6900,41.2900,37.3600,41.2000,37.5700,4449344,176458185.5100,3,27.808400,1,9.662000,0
2010-03-09,sz.002356,40.0100,41.1500,40.0000,40.3700,41.2000,2578729,104558336.5900,3,16.117056,1,-2.014600,0
2010-03-10,sz.002356,40.3700,41.3000,39.3100,40.7800,40.3700,1855707,75038549.9400,3,11.598169,1,1.015600,0
2010-03-11,sz.002356,40.6000,42.7400,40.2000,42.5300,40.7800,2361206,98705165.7100,3,14.757538,1,4.291300,0
2010-03-12,sz.002356,42.2200,44.3600,41.5400,41.9000,42.5300,2458616,105715546.2200,3,15.366350,1,-1.481300,0
2010-03-15,sz.002356,41.6500,42.5000,40.4700,41.1500,41.9000,1201815,49284289.4800,3,7.511344,1,-1.790000,0
2010-03-16,sz.002356,41.1500,41.4500,39.6200,40.1400,41.1500,1267942,51039018.9400,3,7.924637,1,-2.454400,0
2010-03-17,sz.002356,40.1800,41.7100,40.0800,41.2700,40.1400,1045267,42999154.0000,3,6.532919,1,2.815100,0
2010-03-18,sz.002356,41.3700,41.9600,41.0900,41.8000,41.2700,758688,31511881.6500,3,4.741800,1,1.284200,0
2010-03-19,sz.002356,41.9400,42.3500,41.3000,41.8700,41.8000,649666,27096239.7200,3,4.060412,1,0.167500,0
2010-03-22,sz.002356,41.7000,42.6000,41.3500,41.5000,41.8700,1087117,45316943.4900,3,6.794481,1,-0.883700,0
2010-03-23,sz.002356,41.6500,43.2000,41.5200,43.0200,41.5000,1540238,65583334.0500,3,9.626487,1,3.662700,0
2010-03-24,sz.002356,42.9000,43.9800,42.4200,43.7100,43.0200,1544464,66750320.6700,3,9.652900,1,1.603900,0
2010-03-25,sz.002356,43.6900,44.9000,43.0400,43.1000,43.7100,1130859,49456432.6000,3,7.067869,1,-1.395600,0
2010-03-26,sz.002356,43.1200,44.2800,41.8500,43.8900,43.1000,1049014,45051569.9800,3,6.556337,1,1.832900,0
2010-03-29,sz.002356,42.5700,43.0800,41.6100,42.7000,43.8900,1824722,77214053.4900,3,11.404512,1,-2.711300,0
2010-03-30,sz.002356,42.3600,44.0900,42.0000,43.3700,42.7000,1660950,71660965.5200,3,10.380937,1,1.569100,0
2010-03-31,sz.002356,43.3400,45.8000,43.1000,45.1000,43.3700,2272767,101302059.8700,3,14.204794,1,3.988900,0
2010-04-01,sz.002356,45.0000,48.6900,44.6500,48.1100,45.1000,2525778,118357161.3400,3,15.786112,1,6.674100,0
2010-04-02,sz.002356,47.5700,48.1100,46.4500,46.6500,48.1100,1183618,55675371.5700,3,7.397613,1,-3.034700,0
2010-04-06,sz.002356,46.6400,48.0000,46.5600,47.4800,46.6500,910422,43051967.7800,3,5.690137,1,1.779200,0
2010-04-07,sz.002356,47.5000,49.5100,47.0000,48.0900,47.4800,1225132,59053886.5000,3,7.657075,1,1.284800,0
2010-04-08,sz.002356,47.8600,48.3800,46.4300,46.7400,48.0900,1626317,76603451.9100,3,10.164481,1,-2.807200,0
2010-04-09,sz.002356,46.8000,47.7500,46.5000,47.4500,46.7400,1176247,55490734.1400,3,7.351544,1,1.519000,0
2010-04-12,sz.002356,47.4900,48.7900,47.0000,48.6600,47.4500,1286275,61950530.4300,3,8.039219,1,2.550100,0
2010-04-13,sz.002356,48.6000,48.7900,43.8000,44.6000,48.6600,1735603,79508134.2800,3,10.847519,1,-8.343600,0
2010-04-14,sz.002356,44.4500,44.4800,42.7000,43.7100,44.6000,998193,43581752.9700,3,6.238706,1,-1.995500,0
2010-04-15,sz.002356,43.7700,44.9500,42.0000,42.2000,43.7100,1105165,47611842.1000,3,6.907281,1,-3.454600,0
2010-04-16,sz.002356,42.2100,43.9800,42.2100,43.4000,42.2000,777800,33666292.8900,3,4.861250,1,2.843600,0
2010-04-19,sz.002356,43.4000,44.1800,42.7300,43.8300,43.4000,845997,36900206.4800,3,5.287481,1,0.990800,0
2010-04-20,sz.002356,43.5600,44.4100,41.5500,43.8700,43.8300,628923,26984520.9300,3,3.930769,1,0.091300,0
2010-04-21,sz.002356,42.9000,45.2000,42.1800,45.1500,43.8700,1359454,60074445.2900,3,8.496588,1,2.917700,0
2010-04-22,sz.002356,44.5500,45.8700,44.1600,44.3000,45.1500,1105067,49518838.6400,3,6.906669,1,-1.882600,0
2010-04-23,sz.002356,44.0000,44.1800,41.7100,42.1800,44.3000,1165922,49858488.9700,3,7.287012,1,-4.785600,0
2010-04-26,sz.002356,42.1800,42.1800,42.1800,42.1800,42.1800,0,0.0000,3,,0,0.000000,0
2010-04-27,sz.002356,41.7500,41.7500,38.0000,39.2500,42.1800,1262693,50040447.7300,3,7.891831,1,-6.946400,0
2010-04-28,sz.002356,39.3100,41.3700,38.1000,40.9400,39.2500,1313745,52849042.0000,3,8.210906,1,4.305700,0
2010-04-29,sz.002356,40.9500,41.2000,39.3100,39.8000,40.9400,777102,31301565.9100,3,4.856888,1,-2.784600,0
2010-04-30,sz.002356,39.5000,39.8800,38.5500,38.6100,39.8000,483193,18770142.0300,3,3.019956,1,-2.989900,0
2010-05-04,sz.002356,38.3900,39.1000,37.8400,38.3600,38.6100,231530,8952077.8900,3,1.447063,1,-0.647500,0
2010-05-05,sz.002356,38.1200,40.8000,38.1100,40.5400,38.3600,614401,24622561.2800,3,3.840006,1,5.683000,0
2010-05-06,sz.002356,40.6000,40.6000,38.5000,39.0300,40.5400,492991,19582952.6800,3,3.081194,1,-3.724700,0
2010-05-07,sz.002356,38.5900,39.4200,38.1100,39.0900,39.0300,423944,16556518.1300,3,2.649650,1,0.153700,0
2010-05-10,sz.002356,38.0000,38.0000,35.2000,36.1000,39.0900,2870555,104565116.2000,3,14.352775,1,-7.649000,0
2010-05-11,sz.002356,36.4000,36.8000,34.9000,35.3300,36.1000,1000008,36103519.1100,3,5.000040,1,-2.133000,0
2010-05-12,sz.002356,35.0000,35.4900,32.8800,33.4800,35.3300,1057355,35977264.3400,3,5.286775,1,-5.236300,0
2010-05-13,sz.002356,33.9000,35.4800,33.0300,35.3000,33.4800,941672,32302917.5000,3,4.708360,1,5.436100,0
2010-05-14,sz.002356,34.2500,35.3000,34.2500,35.1900,35.3000,1060304,37055284.7500,3,5.301520,1,-0.311600,0
2010-05-17,sz.002356,34.3100,34.9800,33.2000,34.0000,35.1900,1710356,57772466.4800,3,8.551780,1,-3.381600,0
2010-05-18,sz.002356,33.8000,35.1200,33.3200,34.7600,34.0000,1496027,51628331.4800,3,7.480135,1,2.235300,0
2010-05-19,sz.002356,34.5200,36.1900,34.1900,35.9500,34.7600,1766388,62662906.5100,3,8.831940,1,3.423500,0
2010-05-20,sz.002356,35.5000,35.9900,34.3600,35.9000,35.9500,1736071,61421844.7200,3,8.680355,1,-0.139100,0
2010-05-21,sz.002356,34.7000,36.3400,34.5200,35.8000,35.9000,2611713,92771150.5500,3,13.058565,1,-0.278600,0
2010-05-24,sz.002356,35.8000,37.0600,35.6400,36.6400,35.8000,2322808,84514985.4200,3,11.614040,1,2.346400,0
2010-05-25,sz.002356,36.0100,36.4800,35.6100,35.8000,36.6400,1329219,47832134.7100,3,6.646095,1,-2.292600,0
2010-05-26,sz.002356,35.8100,36.3800,35.5300,35.6400,35.8000,596536,21395553.5200,3,2.982680,1,-0.446900,0
2010-05-27,sz.002356,35.7000,35.9900,34.5200,35.8000,35.6400,1298927,45814317.7300,3,6.494635,1,0.448900,0
2010-05-28,sz.002356,36.1800,36.3300,35.5800,35.8000,35.8000,1218279,43849349.1100,3,6.091395,1,0.000000,0
2010-05-31,sz.002356,35.6000,35.6000,33.9000,33.9000,35.8000,1092207,37959379.5900,3,5.461035,1,-5.307300,0
2010-06-01,sz.002356,33.4800,33.6300,31.5000,32.0300,33.9000,1474616,47860156.7700,3,7.373080,1,-5.516200,0
2010-06-02,sz.002356,31.8000,32.8500,31.7600,32.6200,32.0300,731870,23756474.3600,3,3.659350,1,1.842000,0
2010-06-03,sz.002356,32.7000,33.1200,32.1800,32.1800,32.6200,840931,27561918.7300,3,4.204655,1,-1.348900,0
2010-06-04,sz.002356,31.9500,33.4800,31.5500,33.4100,32.1800,940806,30868247.0800,3,4.704030,1,3.822200,0
2010-06-07,sz.002356,32.6500,34.5000,32.5500,34.3100,33.4100,1375569,46244014.6900,3,6.877845,1,2.693800,0
2010-06-08,sz.002356,34.1800,35.4900,34.1000,35.2500,34.3100,1337720,46631818.5400,3,6.688600,1,2.739700,0
2010-06-09,sz.002356,34.8700,34.8800,34.1000,34.5800,34.6000,1328002,45803590.4200,3,6.640010,1,-0.057794,0
2010-06-10,sz.002356,34.8000,35.8000,34.5100,35.3500,34.5800,1260162,44464443.1600,3,6.300810,1,2.226700,0
2010-06-11,sz.002356,35.4100,36.2400,35.4100,35.7600,35.3500,1937985,69522604.6700,3,9.689925,1,1.159800,0
2010-06-17,sz.002356,36.0100,36.3300,34.1100,34.1200,35.7600,932053,32808416.5300,3,4.660265,1,-4.586100,0
2010-06-18,sz.002356,34.0000,34.0000,31.8000,32.1800,34.1200,1009470,33052490.6300,3,5.047350,1,-5.685800,0
2010-06-21,sz.002356,31.9900,33.4000,31.6400,33.2100,32.1800,575681,18871874.5100,3,2.878405,1,3.200700,0
2010-06-22,sz.002356,33.2100,34.2000,33.0000,33.5600,33.2100,623622,21070962.5900,3,3.118110,1,1.053900,0
2010-06-23,sz.002356,33.5000,33.7900,32.5000,33.1200,33.5600,512857,17030157.0800,3,2.564285,1,-1.311100,0
2010-06-24,sz.002356,33.3500,35.6100,33.3500,34.7500,33.1200,1563896,54186264.4800,3,7.819480,1,4.921500,0
2010-06-25,sz.002356,34.6800,35.4800,34.1600,34.9500,34.7500,937143,32650151.1400,3,4.685715,1,0.575500,0
2010-06-28,sz.002356,34.6900,34.9000,33.0000,33.6000,34.9500,765696,25996298.3800,3,3.828480,1,-3.862700,0
2010-06-29,sz.002356,33.8600,33.8600,31.1100,31.2300,33.6000,783753,25090169.1300,3,3.918765,1,-7.053600,0
2010-06-30,sz.002356,30.8500,31.1900,30.6000,31.0500,31.2300,482138,14894650.7500,3,2.410690,1,-0.576400,0
2010-07-01,sz.002356,31.0300,31.4800,30.6100,30.6600,31.0500,380347,11786687.4800,3,1.901735,1,-1.256000,0
2010-07-02,sz.002356,30.1500,30.9700,28.4200,29.6000,30.6600,919650,27002143.4900,3,4.598250,1,-3.457300,0
2010-07-05,sz.002356,28.8000,29.4600,28.2800,29.2200,29.6000,712709,20552143.7900,3,3.563545,1,-1.283800,0
2010-07-06,sz.002356,30.1000,31.2900,29.8000,30.8300,29.2200,1007176,30854376.8900,3,5.035880,1,5.509900,0
2010-07-07,sz.002356,30.3600,31.2700,30.3500,31.1200,30.8300,794227,24527730.4100,3,3.971135,1,0.940600,0
2010-07-08,sz.002356,31.1200,31.3500,30.3800,30.9600,31.1200,567951,17537445.9600,3,2.839755,1,-0.514100,0
2010-07-09,sz.002356,30.9900,32.1400,30.6100,31.8600,30.9600,687271,21742518.0200,3,3.436355,1,2.907000,0
2010-07-12,sz.002356,31.9700,32.5000,31.6600,31.8400,31.8600,542197,17366032.8900,3,2.710985,1,-0.062800,0
2010-07-13,sz.002356,31.8400,31.8400,30.6100,31.0400,31.8400,639431,19906956.6300,3,3.197155,1,-2.512600,0
2010-07-14,sz.002356,29.8500,31.3500,29.5500,30.8500,31.0400,1378847,42060415.6500,3,6.894235,1,-0.612100,0
2010-07-15,sz.002356,30.5500,31.0900,29.9100,29.9200,30.8500,626050,19082715.7700,3,3.130250,1,-3.014600,0
2010-07-16,sz.002356,29.9100,30.1600,29.2000,29.8800,29.9200,417941,12439230.6300,3,2.089705,1,-0.133693,0
2010-07-19,sz.002356,29.4500,30.4700,29.4500,30.4000,29.8800,575723,17322549.4900,3,2.878615,1,1.740300,0
2010-07-20,sz.002356,30.4000,31.3800,30.0600,31.1400,30.4000,777127,23968208.4700,3,3.885635,1,2.434200,0
2010-07-21,sz.002356,31.1300,32.5000,30.8000,31.7000,31.1400,933474,29681056.2500,3,4.667370,1,1.798300,0
2010-07-22,sz.002356,32.3000,33.0000,31.9500,32.5600,31.7000,1363723,44326556.0100,3,6.818615,1,2.712900,0
2010-07-23,sz.002356,32.4000,32.4900,31.6100,32.0400,32.5600,827467,26468187.7300,3,4.137335,1,-1.597100,0
2010-07-26,sz.002356,32.0500,32.3500,31.7500,32.2700,32.0400,681155,21838862.8300,3,3.405775,1,0.717900,0
2010-07-27,sz.002356,32.4200,33.4200,32.0500,32.8300,32.2700,1031998,33992372.4800,3,5.159990,1,1.735400,0
2010-07-28,sz.002356,32.7800,33.1500,32.3000,32.9200,32.8300,1156006,38016512.4400,3,5.780030,1,0.274100,0
2010-07-29,sz.002356,32.9300,33.1800,32.5000,32.9400,32.9200,819499,26933573.0600,3,4.097495,1,0.060800,0
2010-07-30,sz.002356,33.0800,33.0800,32.5800,32.8500,32.9400,569286,18698860.9500,3,2.846430,1,-0.273200,0
2010-08-02,sz.002356,32.8500,32.8500,32.8500,32.8500,32.8500,0,0.0000,3,,0,0.000000,0
2010-08-03,sz.002356,33.4500,34.3200,32.8800,32.8800,32.8500,1350526,45402410.4100,3,6.752630,1,0.091300,0
2010-08-04,sz.002356,32.8000,32.8700,31.7800,32.3500,32.8800,1734794,55739692.9600,3,8.673970,1,-1.611900,0
2010-08-05,sz.002356,32.3800,32.6600,32.1000,32.4800,32.3500,1217545,39450761.6500,3,6.087725,1,0.401900,0
2010-08-06,sz.002356,32.2300,33.2900,31.9900,33.1500,32.4800,1185323,38578363.5900,3,5.926615,1,2.062800,0
2010-08-09,sz.002356,33.1500,34.1200,33.0800,34.0000,33.1500,1855048,62303921.8000,3,9.275240,1,2.564100,0
2010-08-10,sz.002356,33.9400,34.1400,32.9100,32.9100,34.0000,1512302,50868926.9600,3,7.561510,1,-3.205900,0
2010-08-11,sz.002356,33.1600,34.9500,32.9300,34.7000,32.9100,3224188,110454663.3600,3,16.120940,1,5.439100,0
2010-08-12,sz.002356,34.3000,34.9700,33.9900,34.1200,34.7000,1889031,65101750.0800,3,9.445155,1,-1.671500,0
2010-08-13,sz.002356,34.1300,34.8800,33.5000,34.5700,34.1200,1377622,47324472.0200,3,6.888110,1,1.318900,0
2010-08-16,sz.002356,34.5000,35.4200,34.2000,35.2100,34.5700,1558723,54347733.7700,3,7.793615,1,1.851300,0
2010-08-17,sz.002356,35.0500,35.6500,34.9000,35.3900,35.2100,1305193,45955017.6200,3,6.525965,1,0.511200,0
2010-08-18,sz.002356,35.4200,35.6800,34.6100,34.8200,35.3900,1250150,43874982.5000,3,6.250750,1,-1.610600,0
2010-08-19,sz.002356,34.8300,34.9600,34.0200,34.1400,34.8200,1259320,43369163.2900,3,6.296600,1,-1.952900,0
2010-08-20,sz.002356,33.7800,33.7800,32.7900,32.7900,34.1400,1974805,65304214.7500,3,9.874025,1,-3.954300,0
2010-08-23,sz.002356,32.5800,33.0700,32.4800,32.5700,32.7900,963701,31506410.9500,3,4.818505,1,-0.670900,0
2010-08-24,sz.002356,32.8000,33.2000,32.5300,33.1000,32.5700,684491,22559719.7600,3,3.422455,1,1.627300,0
2010-08-25,sz.002356,33.1000,33.1000,31.8800,31.8800,33.1000,812151,26331401.8100,3,4.060755,1,-3.685800,0
2010-08-26,sz.002356,31.8600,32.7500,31.7000,32.3500,31.8800,488965,15759824.0600,3,2.444825,1,1.474300,0
2010-08-27,sz.002356,32.1500,32.6700,31.8700,32.6700,32.3500,454220,14688366.6900,3,2.271100,1,0.989200,0
2010-08-30,sz.002356,32.7000,33.5000,32.7000,33.1400,32.6700,754180,24982991.9300,3,3.770900,1,1.438600,0
2010-08-31,sz.002356,33.1900,33.3300,32.8900,33.2200,33.1400,739100,24476253.3800,3,3.695500,1,0.241400,0
2010-09-01,sz.002356,33.2600,33.5000,32.0200,32.2700,33.2200,1055901,34694619.1300,3,5.279505,1,-2.859700,0
2010-09-02,sz.002356,32.4300,32.6900,31.8800,32.5700,32.2700,986265,31869856.8500,3,4.931325,1,0.929700,0
2010-09-03,sz.002356,33.8000,35.8300,33.8000,35.8300,32.5700,3684276,129993226.6600,3,18.421380,1,10.009200,0
2010-09-06,sz.002356,36.9300,37.2800,34.7500,34.9500,35.8300,4012548,143925593.8900,3,20.062740,1,-2.456000,0
2010-09-07,sz.002356,35.1000,35.2000,34.4000,34.7000,34.9500,1567854,54400865.6700,3,7.839270,1,-0.715300,0
2010-09-08,sz.002356,34.8000,35.3700,34.6100,35.1200,34.7000,1358155,47553876.4200,3,6.790775,1,1.210369,0
2010-09-09,sz.002356,35.1500,35.3000,33.9000,34.1300,35.1200,1640362,56658949.9600,3,8.201810,1,-2.818900,0
2010-09-10,sz.002356,34.1200,34.4700,33.3600,33.9800,34.1300,987306,33434489.0200,3,4.936530,1,-0.439500,0
2010-09-13,sz.002356,33.9300,34.8500,33.8000,34.6500,33.9800,901618,30951100.7600,3,4.508090,1,1.971700,0
2010-09-14,sz.002356,34.8000,34.8000,34.1200,34.3900,34.6500,691459,23825882.9600,3,3.457295,1,-0.750400,0
2010-09-15,sz.002356,34.2200,34.3900,33.1800,33.2000,34.3900,865077,29164201.6700,3,4.325385,1,-3.460300,0
2010-09-16,sz.002356,33.2000,33.5100,32.3000,32.6700,33.2000,862913,28237229.1500,3,4.314565,1,-1.596400,0
2010-09-17,sz.002356,32.6900,32.7900,31.9900,32.2500,32.6700,507266,16382313.2200,3,2.536330,1,-1.285600,0
2010-09-20,sz.002356,32.0200,32.5100,31.7200,32.0800,32.2500,366428,11765349.9500,3,1.832140,1,-0.527100,0
2010-09-21,sz.002356,32.1000,32.1000,31.8500,31.9200,32.0800,253797,8118063.6000,3,1.268985,1,-0.498800,0
2010-09-27,sz.002356,32.4000,32.8700,32.1400,32.6100,31.9200,479686,15570623.5300,3,2.398430,1,2.161700,0
2010-09-28,sz.002356,32.6300,32.6800,31.6000,31.8700,32.6100,700583,22549199.2600,3,3.502915,1,-2.269200,0
2010-09-29,sz.002356,31.7900,32.1000,31.1300,31.2200,31.8700,487116,15324799.1700,3,2.435580,1,-2.039500,0
2010-09-30,sz.002356,30.9500,31.3700,30.8000,31.3100,31.2200,425823,13266280.3700,3,2.129115,1,0.288300,0
2010-10-08,sz.002356,31.4000,32.1700,31.4000,31.9100,31.3100,512099,16311328.3200,3,2.560495,1,1.916300,0
2010-10-11,sz.002356,32.6500,34.3600,32.6500,34.0300,31.9100,2231525,74710292.6500,3,11.157625,1,6.643700,0
2010-10-12,sz.002356,33.7800,34.6500,33.4000,34.6200,34.0300,1440563,49074697.9200,3,7.202815,1,1.733800,0
2010-10-13,sz.002356,34.6000,34.6200,33.7000,33.9700,34.6200,1036565,35270726.5200,3,5.182825,1,-1.877500,0
2010-10-14,sz.002356,33.8200,34.3000,32.6800,33.0200,33.9700,936278,31143150.6800,3,4.681390,1,-2.796600,0
2010-10-15,sz.002356,33.0000,33.4800,32.0800,32.3000,33.0200,691341,22574421.9000,3,3.456705,1,-2.180500,0
2010-10-18,sz.002356,32.1800,32.1800,31.2100,31.9600,32.3000,632861,19974718.5200,3,3.164305,1,-1.052600,0
2010-10-19,sz.002356,31.9600,33.8500,31.9600,33.4500,31.9600,871341,28867711.0100,3,4.356705,1,4.662100,0
2010-10-20,sz.002356,32.8200,33.5000,32.8200,32.9400,33.4500,509106,16845056.5700,3,2.545530,1,-1.524700,0
2010-10-21,sz.002356,32.9000,33.1400,32.4500,32.6000,32.9400,419832,13719275.4900,3,2.099160,1,-1.032200,0
2010-10-22,sz.002356,32.5000,33.2500,32.1200,33.1700,32.6000,605961,19912663.7000,3,3.029805,1,1.748500,0
2010-10-25,sz.002356,33.2000,33.9800,32.9400,33.8500,33.1700,833614,28086578.8400,3,4.168070,1,2.050000,0
2010-10-26,sz.002356,33.5600,34.1200,33.2700,33.6600,33.8500,560315,18809005.1500,3,2.801575,1,-0.561300,0
2010-10-27,sz.002356,33.3800,33.3800,32.7000,33.1500,33.6600,931069,30717282.0100,3,4.655345,1,-1.515200,0
2010-10-28,sz.002356,32.9900,33.2100,32.2200,32.3900,33.1500,759110,24720463.0100,3,3.795550,1,-2.292600,0
2010-10-29,sz.002356,32.3500,32.9800,32.0100,32.8700,32.3900,592907,19341560.6900,3,2.964535,1,1.481900,0
2010-11-01,sz.002356,32.7900,33.8400,32.5900,33.7900,32.8700,1108549,36988994.4000,3,5.542745,1,2.798900,0
2010-11-02,sz.002356,33.8800,34.9600,33.4000,34.5400,33.7900,2188669,74971031.8400,3,10.943345,1,2.219600,0
2010-11-03,sz.002356,34.5000,34.5000,33.4500,33.4700,34.5400,939598,31854468.0000,3,4.697990,1,-3.097900,0
2010-11-04,sz.002356,33.3100,34.2900,33.1000,34.1900,33.4700,698897,23481878.1200,3,3.494485,1,2.151200,0
2010-11-05,sz.002356,34.2100,34.4500,33.8000,34.2500,34.1900,801131,27361801.2400,3,4.005655,1,0.175500,0
2010-11-08,sz.002356,34.2900,35.7100,34.2900,35.2900,34.2500,1429789,50249802.7300,3,7.148945,1,3.036500,0
2010-11-09,sz.002356,35.2200,35.4300,34.6600,35.0000,35.2900,791000,27704889.4300,3,3.955000,1,-0.821800,0
2010-11-10,sz.002356,35.0000,35.9100,34.8800,35.7000,35.0000,966795,34499933.8600,3,4.833975,1,2.000000,0
2010-11-11,sz.002356,35.4900,35.9100,34.8500,34.8500,35.7000,986217,35035612.7200,3,4.931085,1,-2.381000,0
2010-11-12,sz.002356,34.8500,35.2500,32.2300,32.6900,34.8500,990764,33628267.8800,3,4.953820,1,-6.198000,0
2010-11-15,sz.002356,33.0000,34.0000,32.9100,34.0000,32.6900,576115,19252437.5700,3,2.880575,1,4.007300,0
2010-11-16,sz.002356,34.0000,34.8200,33.4500,33.8000,34.0000,721415,24635095.0100,3,3.607075,1,-0.588200,0
2010-11-17,sz.002356,33.4800,33.8000,32.7000,32.9900,33.8000,475749,15853590.2600,3,2.378745,1,-2.396400,0
2010-11-18,sz.002356,33.0500,33.4700,32.8300,33.3800,32.9900,348703,11576092.6200,3,1.743515,1,1.182200,0
2010-11-19,sz.002356,33.5600,34.1100,33.1200,34.1000,33.3800,607643,20555769.7400,3,3.038215,1,2.157000,0
2010-11-22,sz.002356,34.0500,36.5000,34.0300,36.2100,34.1000,2621724,93400524.6800,3,13.108620,1,6.187700,0
2010-11-23,sz.002356,36.0000,36.0000,34.8100,35.6400,36.2100,1159463,40954490.8700,3,5.797315,1,-1.574200,0
2010-11-24,sz.002356,35.4800,39.1000,35.1800,38.6300,35.6400,2799571,104325924.9100,3,13.997855,1,8.389500,0
2010-11-25,sz.002356,38.0200,38.5900,37.1300,37.4900,38.6300,1690061,64015873.1800,3,8.450305,1,-2.951100,0
2010-11-26,sz.002356,37.9000,39.1200,37.3900,37.8700,37.4900,1699171,65089269.9300,3,8.495855,1,1.013600,0
2010-11-29,sz.002356,38.3900,38.3900,36.4500,37.0000,37.8700,3030253,111948250.0800,3,15.151265,1,-2.297300,0
2010-11-30,sz.002356,36.9800,36.9800,34.3000,35.4000,37.0000,2160884,77120530.4100,3,10.804420,1,-4.324300,0
2010-12-01,sz.002356,35.4100,35.6900,35.0200,35.3100,35.4000,1019828,35957159.6000,3,5.099140,1,-0.254200,0
2010-12-02,sz.002356,35.7000,36.0500,35.2800,35.2800,35.3100,1181374,42023937.4900,3,5.906870,1,-0.085000,0
2010-12-03,sz.002356,35.0100,35.2700,34.3700,34.8400,35.2800,968788,33689414.6600,3,4.843940,1,-1.247200,0
2010-12-06,sz.002356,35.1000,35.1000,33.9000,33.9900,34.8400,871032,29782934.3800,3,4.355160,1,-2.439700,0
2010-12-07,sz.002356,33.8800,34.6000,33.8000,34.6000,33.9900,687809,23563262.9100,3,3.439045,1,1.794600,0
2010-12-08,sz.002356,34.4300,34.6800,34.1700,34.3800,34.6000,589142,20266258.7900,3,2.945710,1,-0.635800,0
2010-12-09,sz.002356,34.1000,34.5000,34.0000,34.0500,34.3800,355691,12150457.2900,3,1.778455,1,-0.959900,0
2010-12-10,sz.002356,33.9800,34.5800,33.5000,34.3000,34.0500,458846,15679383.9300,3,2.294230,1,0.734200,0
2010-12-13,sz.002356,34.4000,35.6800,34.3900,35.5900,34.3000,1230248,43442024.2800,3,6.151240,1,3.760900,0
2010-12-14,sz.002356,35.4600,35.9100,35.3100,35.6800,35.5900,1132290,40373995.4800,3,5.661450,1,0.252900,0
2010-12-15,sz.002356,35.6000,35.8900,35.2700,35.4400,35.6800,714861,25384430.7300,3,3.574305,1,-0.672600,0
2010-12-16,sz.002356,35.1000,35.5000,35.1000,35.2900,35.4400,483304,17083453.2400,3,2.416520,1,-0.423300,0
2010-12-17,sz.002356,35.3000,35.8000,34.9800,35.7100,35.2900,657040,23218338.4400,3,3.285200,1,1.190100,0
2010-12-20,sz.002356,35.8000,35.8100,34.0000,34.7400,35.7100,817741,28630878.6800,3,4.088705,1,-2.716300,0
2010-12-21,sz.002356,34.7400,35.0000,34.4000,34.9500,34.7400,492092,17127248.5000,3,2.460460,1,0.604500,0
2010-12-22,sz.002356,34.9500,34.9500,34.3100,34.4800,34.9500,366363,12672149.8800,3,1.831815,1,-1.344800,0
2010-12-23,sz.002356,34.3800,34.6500,34.0600,34.1900,34.4800,325729,11187767.1000,3,1.628645,1,-0.841100,0
2010-12-24,sz.002356,33.8800,34.0800,33.2000,33.4000,34.1900,481408,16147104.8800,3,2.407040,1,-2.310600,0
2010-12-27,sz.002356,33.1100,33.7900,31.8000,31.9800,33.4000,569572,18736236.7000,3,2.847860,1,-4.251500,0
2010-12-28,sz.002356,32.0000,32.5000,30.8200,31.9800,31.9800,602000,19058332.5900,3,3.010000,1,0.000000,0
2010-12-29,sz.002356,31.8500,32.6700,31.7200,32.6700,31.9800,456664,14724618.8800,3,2.283320,1,2.157600,0
2010-12-30,sz.002356,32.4900,32.4900,32.0800,32.2100,32.6700,273592,8832683.6600,3,1.367960,1,-1.408000,0
2010-12-31,sz.002356,32.4200,32.6300,32.3100,32.5800,32.2100,270066,8777785.9400,3,1.350330,1,1.148700,0
2011-01-04,sz.002356,32.6500,33.0000,32.4000,33.0000,32.5800,745511,24343261.6900,3,3.727555,1,1.289100,0
2011-01-05,sz.002356,32.8400,32.8400,32.3000,32.4900,33.0000,492321,16005768.8500,3,2.461605,1,-1.545500,0
2011-01-06,sz.002356,32.9900,33.4800,32.6000,32.6000,32.4900,635366,21047466.0900,3,3.176830,1,0.338600,0
2011-01-07,sz.002356,32.5000,32.5800,31.8300,32.0000,32.6000,637586,20481727.2800,3,3.187930,1,-1.840500,0
2011-01-10,sz.002356,32.1100,32.1900,31.2000,31.3200,32.0000,355910,11299949.5600,3,1.779550,1,-2.125000,0
2011-01-11,sz.002356,31.4200,31.8600,30.9000,31.4300,31.3200,328704,10275264.0700,3,1.643520,1,0.351200,0
2011-01-12,sz.002356,31.4900,31.8000,31.2400,31.5500,31.4300,238439,7511011.1400,3,1.192195,1,0.381800,0
2011-01-13,sz.002356,31.4100,31.7200,31.4100,31.6200,31.5500,162067,5119556.6400,3,0.810335,1,0.221900,0
2011-01-14,sz.002356,31.6200,31.6200,30.3600,30.4900,31.6200,420131,12950387.7000,3,2.100655,1,-3.573700,0
2011-01-17,sz.002356,30.4900,30.4900,29.3000,29.7700,30.4900,357325,10608955.2000,3,1.786625,1,-2.361400,0
2011-01-18,sz.002356,29.4800,29.9500,29.4800,29.7200,29.7700,136528,4055995.1200,3,0.682640,1,-0.168000,0
2011-01-19,sz.002356,29.7800,30.1500,29.6000,30.0900,29.7200,175969,5266983.8000,3,0.879845,1,1.245000,0
2011-01-20,sz.002356,30.0900,30.3000,28.9100,28.9200,30.0900,302412,8962125.3900,3,1.512060,1,-3.888300,0
2011-01-21,sz.002356,28.7200,29.1700,28.6600,28.8600,28.9200,272270,7878040.5200,3,1.361350,1,-0.207500,0
2011-01-24,sz.002356,28.9300,28.9900,28.4700,28.4700,28.8600,251367,7216658.9200,3,1.256835,1,-1.351400,0
2011-01-25,sz.002356,28.4700,29.8000,28.1100,29.0600,28.4700,294228,8476395.2700,3,1.471140,1,2.072400,0
2011-01-26,sz.002356,29.0000,29.3500,28.8800,29.2000,29.0600,154491,4507524.4200,3,0.772455,1,0.481800,0
2011-01-27,sz.002356,29.1000,30.1000,28.6100,29.4100,29.2000,271984,7981748.2000,3,1.359920,1,0.719200,0
2011-01-28,sz.002356,29.4100,30.0000,29.3000,29.7500,29.4100,178623,5304877.8100,3,0.893115,1,1.156100,0
2011-01-31,sz.002356,29.9800,29.9800,29.5100,29.8000,29.7500,118538,3530420.3000,3,0.592690,1,0.168100,0
2011-02-01,sz.002356,29.8000,29.9000,29.6000,29.8000,29.8000,119173,3544629.4500,3,0.595865,1,0.000000,0
2011-02-09,sz.002356,29.0400,29.7900,29.0400,29.2400,29.8000,83067,2451678.4200,3,0.415335,1,-1.879200,0
2011-02-10,sz.002356,29.2400,29.9000,29.1500,29.8800,29.2400,135941,4034139.2500,3,0.679705,1,2.188800,0
2011-02-11,sz.002356,29.8800,30.8000,29.7800,30.6500,29.8800,350633,10672014.3100,3,1.753165,1,2.577000,0
2011-02-14,sz.002356,30.5800,31.3900,30.4000,31.0900,30.6500,393750,12092531.8500,3,1.968750,1,1.435600,0
2011-02-15,sz.002356,31.0500,31.1000,30.6800,30.9600,31.0900,411411,12704955.1300,3,2.057055,1,-0.418100,0
2011-02-16,sz.002356,30.9500,31.4900,30.7100,31.3000,30.9600,281747,8747304.1400,3,1.408735,1,1.098200,0
2011-02-17,sz.002356,31.3000,31.4400,30.8000,31.1400,31.3000,300591,9337848.6000,3,1.502955,1,-0.511200,0
2011-02-18,sz.002356,32.2500,32.7800,31.3700,31.3700,31.1400,1017585,32573719.4900,3,5.087925,1,0.738600,0
2011-02-21,sz.002356,31.2500,31.4800,30.7700,31.3800,31.3700,553079,17207291.3200,3,2.765395,1,0.031900,0
2011-02-22,sz.002356,31.2200,31.3300,30.3500,30.3500,31.3800,561891,17279841.9200,3,2.809455,1,-3.282300,0
2011-02-23,sz.002356,30.1800,31.0000,30.0100,30.8500,30.3500,413257,12634626.0000,3,2.066285,1,1.647400,0
2011-02-24,sz.002356,30.6800,31.3300,30.3100,31.3000,30.8500,355828,10989446.4400,3,1.779140,1,1.458700,0
2011-02-25,sz.002356,31.5000,31.5000,30.8100,31.0700,31.3000,288977,8960531.5200,3,1.444885,1,-0.734800,0
2011-02-28,sz.002356,31.0100,31.2000,30.4500,31.0300,31.0700,561074,17279078.7400,3,2.805370,1,-0.128700,0
2011-03-01,sz.002356,30.8000,31.4900,30.7200,31.2100,31.0300,551744,17132640.8600,3,2.758720,1,0.580079,0
2011-03-02,sz.002356,31.2000,31.2800,30.7100,31.2400,31.2100,365907,11334536.0000,3,1.829535,1,0.096100,0
2011-03-03,sz.002356,31.3300,31.7400,30.9500,31.3300,31.2400,641914,20204319.6400,3,3.209570,1,0.288100,0
2011-03-04,sz.002356,31.3000,32.1800,31.0300,31.9900,31.3300,1082753,34392048.1600,3,5.413765,1,2.106600,0
2011-03-07,sz.002356,32.1000,32.4500,31.7500,32.2000,31.9900,605135,19385336.5600,3,3.025675,1,0.656500,0
2011-03-08,sz.002356,32.5000,32.5000,31.8000,32.0700,32.2000,359078,11485586.0000,3,1.795390,1,-0.403700,0
2011-03-09,sz.002356,32.2800,32.2800,31.6800,31.8600,32.0700,364198,11622490.0600,3,1.820990,1,-0.654800,0
2011-03-10,sz.002356,32.0900,32.0900,31.2500,31.3200,31.8600,495481,15658229.9400,3,2.477405,1,-1.694900,0
2011-03-11,sz.002356,31.4700,31.7000,31.2100,31.2300,31.3200,264728,8295813.7400,3,1.323640,1,-0.287400,0
2011-03-14,sz.002356,31.1800,31.2600,30.7500,31.2100,31.2300,334821,10372035.4800,3,1.674105,1,-0.064000,0
2011-03-15,sz.002356,31.1800,31.1800,30.0300,30.3800,31.2100,401476,12245601.6800,3,2.007380,1,-2.659400,0
2011-03-16,sz.002356,30.4700,30.7700,30.3100,30.7200,30.3800,231305,7079964.8000,3,1.156525,1,1.119200,0
2011-03-17,sz.002356,30.4400,30.6400,30.2000,30.2800,30.7200,262100,7974507.7600,3,1.310500,1,-1.432300,0
2011-03-18,sz.002356,30.3900,30.6600,30.2800,30.4300,30.2800,211992,6459595.6000,3,1.059960,1,0.495400,0
2011-03-21,sz.002356,30.3000,30.5500,30.2700,30.4600,30.4300,165000,5013176.5000,3,0.825000,1,0.098600,0
2011-03-22,sz.002356,30.5000,30.7500,30.2500,30.7500,30.4600,279965,8533221.7700,3,1.399825,1,0.952100,0
2011-03-23,sz.002356,31.7500,31.7500,30.7600,31.1600,30.7500,618587,19402174.3200,3,3.092935,1,1.333300,0
2011-03-24,sz.002356,31.0500,31.1600,30.7400,30.7600,31.1600,267761,8255669.2100,3,1.338805,1,-1.283700,0
2011-03-25,sz.002356,30.8400,30.9500,30.6500,30.7900,30.7600,222372,6842985.8400,3,1.111860,1,0.097500,0
2011-03-28,sz.002356,30.8000,31.3500,30.8000,30.9000,30.7900,475548,14743345.9000,3,2.377740,1,0.357300,0
2011-03-29,sz.002356,30.4800,30.4800,29.2800,29.3300,30.9000,821387,24335774.0200,3,4.106935,1,-5.080900,0
2011-03-30,sz.002356,29.1100,29.4600,28.9500,28.9700,29.3300,293503,8537797.8800,3,1.467515,1,-1.227400,0
2011-03-31,sz.002356,28.8600,29.2200,28.6600,28.8300,28.9700,237069,6849305.7300,3,1.185345,1,-0.483300,0
2011-04-01,sz.002356,29.0000,29.1200,28.7700,29.1200,28.8300,146658,4246273.8600,3,0.733290,1,1.005900,0
2011-04-06,sz.002356,29.4500,29.4800,28.8400,29.0000,29.1200,398082,11542887.3000,3,1.990410,1,-0.412100,0
2011-04-07,sz.002356,29.2700,29.2800,28.9000,29.1000,29.0000,221687,6436614.9000,3,1.108435,1,0.344800,0
2011-04-08,sz.002356,29.1200,29.2800,29.0100,29.2100,29.1000,292760,8536692.8100,3,1.463800,1,0.378000,0
2011-04-11,sz.002356,29.2500,29.3400,29.0000,29.1400,29.2100,396789,11583559.5400,3,1.983945,1,-0.239600,0
2011-04-12,sz.002356,29.3000,29.3000,28.8500,28.8600,29.1400,248192,7208578.0100,3,1.240960,1,-0.960900,0
2011-04-13,sz.002356,28.8800,29.2300,28.7300,29.2000,28.8600,219939,6372694.3700,3,1.099695,1,1.178100,0
2011-04-14,sz.002356,29.1000,29.2000,29.0100,29.0600,29.2000,183490,5336247.5500,3,0.917450,1,-0.479500,0
2011-04-15,sz.002356,29.0800,29.1800,28.7300,29.1000,29.0600,256045,7393758.4200,3,1.280225,1,0.137600,0
2011-04-18,sz.002356,29.0900,29.1000,28.9300,29.0000,29.1000,186001,5390854.6100,3,0.930005,1,-0.343600,0
2011-04-19,sz.002356,29.0900,29.6100,29.0000,29.3000,29.0000,555910,16333552.2600,3,2.779550,1,1.034500,0
2011-04-20,sz.002356,29.2900,29.3800,28.9200,29.0900,29.3000,332037,9654829.0500,3,1.660185,1,-0.716700,0
2011-04-21,sz.002356,29.2500,29.2700,29.0000,29.0700,29.0900,322485,9371652.4100,3,1.612425,1,-0.068800,0
2011-04-22,sz.002356,29.0900,29.1900,28.9200,29.0000,29.0700,228068,6613689.3200,3,1.140340,1,-0.240800,0
2011-04-25,sz.002356,29.0000,29.0000,29.0000,29.0000,29.0000,0,0.0000,3,,0,0.000000,0
2011-04-26,sz.002356,28.1800,28.1800,26.5000,26.6000,29.0000,497211,13487687.7600,3,2.486055,1,-8.275900,0
2011-04-27,sz.002356,26.6000,26.9400,25.8200,25.9100,26.6000,454050,11949994.3200,3,2.270250,1,-2.594000,0
2011-04-28,sz.002356,26.0000,26.0100,25.5100,25.5600,25.9100,215458,5547812.4300,3,1.077290,1,-1.350800,0
2011-04-29,sz.002356,25.5500,25.9200,25.3600,25.9100,25.5600,149286,3831951.3100,3,0.746430,1,1.369300,0
2011-05-03,sz.002356,25.7100,26.0900,25.7100,26.0000,25.9100,88043,2281482.2200,3,0.440215,1,0.347400,0
2011-05-04,sz.002356,25.9000,26.0200,25.3000,25.4200,26.0000,151700,3902648.0000,3,0.758500,1,-2.230800,0
2011-05-05,sz.002356,25.3100,25.5300,25.2000,25.3600,25.4200,108101,2743088.2400,3,0.540505,1,-0.236000,0
2011-05-06,sz.002356,25.7000,26.9700,25.6600,25.9800,25.3600,265760,6947376.3200,3,1.328800,1,2.444800,0
2011-05-09,sz.002356,26.1700,26.1700,25.7700,25.8600,25.9800,160420,4150379.9000,3,0.802100,1,-0.461900,0
2011-05-10,sz.002356,25.8700,25.9900,25.6600,25.9100,25.8600,105891,2734338.2000,3,0.529455,1,0.193300,0
2011-05-11,sz.002356,25.9900,26.0700,25.7200,25.9800,25.9100,115507,2993652.1500,3,0.577535,1,0.270200,0
2011-05-12,sz.002356,25.9000,27.0500,24.8300,26.6000,25.9800,257830,6599643.8500,3,1.289150,1,2.386500,0
2011-05-13,sz.002356,25.8700,26.6600,25.6000,26.5000,26.6000,259917,6786953.2600,3,1.299585,1,-0.375900,0
2011-05-16,sz.002356,26.5000,26.5000,25.9500,26.3200,26.5000,239739,6287865.2500,3,1.198695,1,-0.679200,0
2011-05-17,sz.002356,26.3300,26.3300,25.7000,25.9200,26.3200,346600,8995469.0000,3,1.733000,1,-1.519800,0
2011-05-18,sz.002356,25.9100,26.1800,25.5000,26.0200,25.9200,99112,2579468.8800,3,0.495560,1,0.385800,0
2011-05-19,sz.002356,26.1300,26.1600,25.8000,25.8800,26.0200,71679,1855992.2500,3,0.358395,1,-0.538000,0
2011-05-20,sz.002356,25.9800,25.9800,25.2000,25.3500,25.8800,160441,4078798.4400,3,0.802205,1,-2.047900,0
2011-05-23,sz.002356,25.0700,25.1400,23.9800,23.9800,25.3500,229400,5608887.7400,3,1.147000,1,-5.404300,0
2011-05-24,sz.002356,23.8800,24.2900,23.2400,24.0000,23.9800,385111,9057772.6300,3,1.925555,1,0.083400,0
2011-05-25,sz.002356,24.0000,24.0600,23.2800,23.3200,24.0000,191650,4515974.4600,3,0.958250,1,-2.833300,0
2011-05-26,sz.002356,23.5900,23.8000,23.3000,23.3600,23.3200,124000,2911796.9500,3,0.620000,1,0.171500,0
2011-05-27,sz.002356,23.3700,23.3900,22.8800,22.9600,23.3600,111299,2564631.3900,3,0.556495,1,-1.712300,0
2011-05-30,sz.002356,22.9600,23.3500,22.8500,23.1400,22.9600,95186,2209474.0600,3,0.475930,1,0.784000,0
2011-05-31,sz.002356,23.3000,23.7900,23.2000,23.7100,23.1400,145615,3428022.1700,3,0.728075,1,2.463300,0
2011-06-01,sz.002356,23.6900,23.9200,23.3700,23.8000,23.7100,129679,3089236.6700,3,0.648395,1,0.379600,0
2011-06-02,sz.002356,24.5600,26.1800,24.3800,26.1800,23.8000,1058363,27481908.3900,3,5.291815,1,10.000000,0
2011-06-03,sz.002356,26.0000,26.6700,25.6200,26.3500,26.1800,1704634,44720111.4900,3,8.523170,1,0.649400,0
2011-06-07,sz.002356,25.7000,26.2700,25.3000,26.2200,26.3500,666563,17238364.4100,3,3.332815,1,-0.493400,0
2011-06-08,sz.002356,26.1100,26.1100,25.1800,25.5100,26.2200,658560,16820857.2400,3,3.292800,1,-2.707900,0
2011-06-09,sz.002356,25.6100,25.8100,24.6200,24.6200,25.5100,527288,13201881.1700,3,2.636440,1,-3.488800,0
2011-06-10,sz.002356,24.3000,24.5000,23.1000,24.0500,24.6200,431626,10299843.6800,3,2.158130,1,-2.315200,0
2011-06-13,sz.002356,23.8700,23.9800,23.3200,23.9100,24.0500,163884,3883138.8900,3,0.819420,1,-0.582100,0
2011-06-14,sz.002356,23.9100,24.4000,23.8000,24.2400,23.9100,249266,6016470.5100,3,1.246330,1,1.380200,0
2011-06-15,sz.002356,24.1700,24.1700,23.8000,23.8000,24.2400,213182,5105787.9000,3,1.065910,1,-1.815200,0
2011-06-16,sz.002356,23.5000,23.7000,23.0400,23.2000,23.8000,203095,4738460.4500,3,1.015475,1,-2.521000,0
2011-06-17,sz.002356,23.0500,23.2800,22.8300,22.8300,22.9000,146852,3390690.4000,3,0.734260,1,-0.305700,0
2011-06-20,sz.002356,23.0000,23.1500,22.0000,22.1400,22.8300,274123,6130549.8000,3,1.370615,1,-3.022300,0
2011-06-21,sz.002356,22.4200,22.4200,22.0600,22.3600,22.1400,198798,4423695.7200,3,0.993990,1,0.993700,0
2011-06-22,sz.002356,22.5600,22.8500,22.2800,22.6700,22.3600,286165,6486948.5900,3,1.430825,1,1.386400,0
2011-06-23,sz.002356,22.6700,23.3500,22.6500,23.3300,22.6700,314397,7242322.8000,3,1.571985,1,2.911300,0
2011-06-24,sz.002356,23.3300,23.8700,23.0000,23.7100,23.3300,356917,8409818.9500,3,1.784585,1,1.628800,0
2011-06-27,sz.002356,23.7100,24.0100,23.5000,23.8400,23.7100,317385,7527972.2600,3,1.586925,1,0.548300,0
2011-06-28,sz.002356,23.5100,23.9500,23.4800,23.7000,23.8400,212270,5015531.3600,3,1.061350,1,-0.587200,0
2011-06-29,sz.002356,23.7000,24.7900,23.6000,23.8500,23.7000,529887,12834917.1200,3,2.649435,1,0.632900,0
2011-06-30,sz.002356,23.9000,24.0600,23.6800,23.9800,23.8500,311378,7451602.1500,3,1.556890,1,0.545100,0
2011-07-01,sz.002356,23.8200,24.4000,23.8200,23.9300,23.9800,235550,5652546.4400,3,1.177750,1,-0.208500,0
2011-07-04,sz.002356,23.9800,24.4100,23.7800,24.3800,23.9300,359061,8696063.6200,3,1.795305,1,1.880500,0
2011-07-05,sz.002356,24.5000,24.9600,24.2100,24.8700,24.3800,522773,12822598.7000,3,2.613865,1,2.009800,0
2011-07-06,sz.002356,24.7900,24.8500,24.4100,24.7200,24.8700,320123,7881157.6400,3,1.600615,1,-0.603100,0
2011-07-07,sz.002356,24.4700,25.0900,24.4700,24.7100,24.7200,369761,9169583.4000,3,1.848805,1,-0.040500,0
2011-07-08,sz.002356,24.6000,25.7800,24.5400,25.7000,24.7100,932448,23633314.6900,3,4.662240,1,4.006482,0
2011-07-11,sz.002356,25.3500,26.0000,25.1800,25.9400,25.7000,553539,14153490.1600,3,2.767695,1,0.933900,0
2011-07-12,sz.002356,25.7900,25.8000,25.2700,25.3000,25.9400,413343,10505648.5400,3,2.066715,1,-2.467200,0
2011-07-13,sz.002356,25.2800,25.7000,25.1400,25.5200,25.3000,306973,7786289.5700,3,1.534865,1,0.869600,0
2011-07-14,sz.002356,25.5500,25.6500,25.3600,25.5700,25.5200,287597,7335091.3100,3,1.437985,1,0.195900,0
2011-07-15,sz.002356,25.5200,25.8000,25.5000,25.7400,25.5700,277861,7140839.4200,3,1.389305,1,0.664800,0
2011-07-18,sz.002356,25.7400,26.0000,25.3000,25.5500,25.7400,294699,7559667.2400,3,1.473495,1,-0.738200,0
2011-07-19,sz.002356,25.3600,25.6500,24.9000,25.6500,25.5500,404263,10186907.5300,3,2.021315,1,0.391400,0
2011-07-20,sz.002356,25.5000,25.9900,25.1000,25.9900,25.6500,446081,11426965.2900,3,2.230405,1,1.325500,0
2011-07-21,sz.002356,25.8500,25.9700,25.3400,25.8900,25.9900,412157,10591826.0800,3,2.060785,1,-0.384800,0
2011-07-22,sz.002356,25.6900,25.8900,25.5000,25.6700,25.8900,402147,10336546.5200,3,2.010735,1,-0.849700,0
2011-07-25,sz.002356,25.6000,25.8300,24.4000,24.4000,25.6700,377030,9515341.6200,3,1.885150,1,-4.947400,0
2011-07-26,sz.002356,24.4000,24.7900,24.0200,24.3400,24.4000,134009,3257471.6200,3,0.670045,1,-0.245900,0
2011-07-27,sz.002356,23.7500,24.6600,23.6700,24.5000,24.3400,177049,4315384.4300,3,0.885245,1,0.657400,0
2011-07-28,sz.002356,24.1500,24.4000,23.8700,24.2700,24.5000,168980,4084558.4500,3,0.844900,1,-0.938800,0
2011-07-29,sz.002356,24.2000,24.5600,24.0500,24.0600,24.2700,334993,8087300.1200,3,1.674965,1,-0.865300,0
2011-08-01,sz.002356,23.9000,24.8500,23.6900,24.6500,24.0600,439265,10651180.4900,3,2.196325,1,2.452200,0
2011-08-02,sz.002356,24.0600,24.2400,23.6700,24.2300,24.6500,256224,6138690.6300,3,1.281120,1,-1.703900,0
2011-08-03,sz.002356,24.0000,24.7800,23.9200,24.7000,24.2300,216810,5308332.2000,3,1.084050,1,1.939700,0
2011-08-04,sz.002356,24.7000,25.1500,24.4800,24.7000,24.7000,290638,7212186.2200,3,1.453190,1,0.000000,0
2011-08-05,sz.002356,24.0000,24.1100,23.5000,23.8200,24.7000,208511,4979505.7400,3,1.042555,1,-3.562800,0
2011-08-08,sz.002356,23.7500,23.7500,22.1100,22.5800,23.8200,282358,6443197.1200,3,1.411790,1,-5.205700,0
2011-08-09,sz.002356,22.0200,22.5600,20.8600,22.0000,22.5800,219169,4744251.1900,3,1.095845,1,-2.568600,0
2011-08-10,sz.002356,22.0000,22.6500,22.0000,22.2300,22.0000,167572,3752522.9200,3,0.837860,1,1.045500,0
2011-08-11,sz.002356,21.6500,22.6800,21.1200,22.6000,22.2300,205833,4594626.9400,3,1.029165,1,1.664400,0
2011-08-12,sz.002356,22.9000,23.5400,22.7700,23.0200,22.6000,204703,4708151.0400,3,1.023515,1,1.858400,0
2011-08-15,sz.002356,22.8800,23.4800,22.8800,23.4500,23.0200,218031,5060025.5000,3,1.090155,1,1.867900,0
2011-08-16,sz.002356,24.6100,25.4900,24.6000,24.6500,23.4500,1334388,33260869.1000,3,6.671940,1,5.117300,0
2011-08-17,sz.002356,24.3400,24.6500,24.0100,24.2700,24.6500,641709,15561927.3200,3,3.208545,1,-1.541600,0
2011-08-18,sz.002356,24.2600,24.6500,23.8000,23.8400,24.2700,460605,11125097.2000,3,2.303025,1,-1.771700,0
2011-08-19,sz.002356,23.6000,23.6000,22.8900,23.4700,23.8400,371841,8615030.9700,3,1.859205,1,-1.552000,0
2011-08-22,sz.002356,23.2900,23.9900,23.1200,23.8000,23.4700,243996,5804937.0400,3,1.219980,1,1.406100,0
2011-08-23,sz.002356,23.6500,24.1800,23.6500,24.1600,23.8000,303708,7277566.1300,3,1.518540,1,1.512600,0
2011-08-24,sz.002356,24.2800,24.4200,24.1300,24.4200,24.1600,408476,9922152.8100,3,2.042380,1,1.076200,0
2011-08-25,sz.002356,24.7700,24.7700,24.2400,24.6000,24.4200,342676,8385241.6200,3,1.713380,1,0.737100,0
2011-08-26,sz.002356,24.5000,24.9800,24.4100,24.8700,24.6000,440015,10883633.5500,3,2.200075,1,1.097563,0
2011-08-29,sz.002356,24.7000,24.8300,24.3000,24.7000,24.8700,282876,6942071.8600,3,1.414380,1,-0.683600,0
2011-08-30,sz.002356,24.7000,24.9600,24.5000,24.7800,24.7000,298020,7371997.3100,3,1.490100,1,0.323900,0
2011-08-31,sz.002356,24.0800,24.9000,24.0500,24.8800,24.7800,358100,8853444.2100,3,1.790500,1,0.403600,0
2011-09-01,sz.002356,25.2200,26.7000,25.2200,25.2800,24.8800,1949848,50338518.4600,3,9.749240,1,1.607700,0
2011-09-02,sz.002356,24.9100,25.0000,23.5000,24.1100,25.2800,817165,19818586.9800,3,4.085825,1,-4.628200,0
2011-09-05,sz.002356,23.6400,23.6500,22.7800,22.8300,24.1100,525881,12129540.0400,3,2.629405,1,-5.309000,0
2011-09-06,sz.002356,22.6000,22.9700,22.4200,22.4700,22.8300,231909,5245280.5800,3,1.159545,1,-1.576900,0
2011-09-07,sz.002356,22.5500,23.2300,22.4300,23.0000,22.4700,317844,7243298.8400,3,1.589220,1,2.358700,0
2011-09-08,sz.002356,23.0100,23.2300,22.8600,22.8700,23.0000,213754,4914555.8600,3,1.068770,1,-0.565214,0
2011-09-09,sz.002356,22.8600,23.1000,22.8000,22.9200,22.8700,173911,3989850.9200,3,0.869555,1,0.218600,0
2011-09-13,sz.002356,22.5000,22.8000,22.4000,22.5100,22.9200,199771,4503352.5300,3,0.998855,1,-1.788800,0
2011-09-14,sz.002356,22.5200,22.8800,22.3900,22.7600,22.5100,123830,2801714.3300,3,0.619150,1,1.110600,0
2011-09-15,sz.002356,22.5100,23.3000,22.5100,22.8300,22.7600,195813,4489630.8200,3,0.979065,1,0.307600,0
2011-09-16,sz.002356,22.8500,23.1000,22.8200,22.8500,22.8300,121850,2797931.1000,3,0.609250,1,0.087600,0
2011-09-19,sz.002356,23.0800,23.0800,22.2000,22.2000,22.8500,142800,3216614.0400,3,0.714000,1,-2.844600,0
2011-09-20,sz.002356,22.6000,23.2000,22.6000,23.0000,22.2000,413380,9463784.8400,3,2.066900,1,3.603600,0
2011-09-21,sz.002356,22.8000,23.5000,22.5000,23.3700,23.0000,492534,11394043.8300,3,2.462670,1,1.608700,0
2011-09-22,sz.002356,22.8900,23.2600,22.8000,22.8100,23.3700,256086,5885383.2600,3,1.280430,1,-2.396200,0
2011-09-23,sz.002356,22.8000,22.8000,22.3200,22.7300,22.8100,209642,4725737.9800,3,1.048210,1,-0.350700,0
2011-09-26,sz.002356,22.5000,22.8700,22.4900,22.7300,22.7300,152979,3465128.4000,3,0.764895,1,0.000000,0
2011-09-27,sz.002356,22.7500,22.9600,22.4000,22.8800,22.7300,130170,2956108.4000,3,0.650850,1,0.659900,0
2011-09-28,sz.002356,23.0000,23.0000,22.4200,22.4200,22.8800,80949,1827698.6200,3,0.404745,1,-2.010500,0
2011-09-29,sz.002356,22.3500,22.3500,21.1300,21.3800,22.4200,176001,3834797.9300,3,0.880005,1,-4.638700,0
2011-09-30,sz.002356,21.3800,21.6700,21.2000,21.5500,21.3800,141516,3019335.9200,3,0.707580,1,0.795100,0
2011-10-10,sz.002356,21.5600,21.7900,21.4200,21.5800,21.5500,114300,2470691.2700,3,0.571500,1,0.139200,0
2011-10-11,sz.002356,21.9500,22.2200,21.3600,21.7800,21.5800,119700,2611967.5500,3,0.598500,1,0.926800,0
2011-10-12,sz.002356,22.0100,22.3700,21.5400,22.3500,21.7800,252867,5556371.7500,3,1.264335,1,2.617100,0
2011-10-13,sz.002356,22.2500,23.0100,21.5000,22.8700,22.3500,364754,8270330.8600,3,1.823770,1,2.326600,0
2011-10-14,sz.002356,22.9500,23.0000,22.6400,22.8000,22.8700,132650,3026568.7000,3,0.663250,1,-0.306100,0
2011-10-17,sz.002356,22.6200,23.2900,22.6200,23.2400,22.8000,255086,5888975.5000,3,1.275430,1,1.929800,0
2011-10-18,sz.002356,23.3000,23.3000,22.8100,22.9800,23.2400,254267,5853807.0000,3,1.271335,1,-1.118800,0
2011-10-19,sz.002356,23.1900,23.3800,22.9700,23.2700,22.9800,209808,4863524.9100,3,1.049040,1,1.262000,0
2011-10-20,sz.002356,22.8500,23.2900,22.3600,22.9600,23.2700,302799,6902782.2900,3,1.513995,1,-1.332200,0
2011-10-21,sz.002356,23.2700,23.2900,22.4000,22.9600,22.9600,93837,2148817.1400,3,0.469185,1,0.000000,0
2011-10-24,sz.002356,22.9600,22.9600,22.9600,22.9600,22.9600,0,0.0000,3,,0,0.000000,0
2011-10-25,sz.002356,23.2700,23.3000,22.8000,23.2300,22.9600,355760,8251447.9400,3,1.778800,1,1.176000,0
2011-10-26,sz.002356,22.8500,23.5200,22.7200,23.4500,23.2300,489341,11383567.0800,3,2.446705,1,0.947100,0
2011-10-27,sz.002356,23.4800,23.9000,23.1000,23.1100,23.4500,354651,8326010.1000,3,1.773255,1,-1.449900,0
2011-10-28,sz.002356,23.2300,23.5000,23.0000,23.2600,23.1100,264395,6138005.5600,3,1.321975,1,0.649100,0
2011-10-31,sz.002356,23.3000,23.4500,23.0900,23.2000,23.2600,217851,5063669.4700,3,1.089255,1,-0.258000,0
2011-11-01,sz.002356,23.2000,23.5000,23.0000,23.4300,23.2000,320071,7475773.2600,3,1.600355,1,0.991400,0
2011-11-02,sz.002356,23.1300,24.7500,23.1000,24.6000,23.4300,1541334,37152172.5000,3,7.706670,1,4.993600,0
2011-11-03,sz.002356,24.5000,24.8800,24.1600,24.2900,24.6000,1120333,27426284.4600,3,5.601665,1,-1.260200,0
2011-11-04,sz.002356,24.4800,24.4800,24.1000,24.1900,24.2900,400888,9704553.7700,3,2.004440,1,-0.411700,0
2011-11-07,sz.002356,23.9100,24.2900,23.7000,23.7500,24.1900,506085,12088936.2500,3,2.530425,1,-1.818900,0
2011-11-08,sz.002356,23.8000,23.9900,23.5800,23.7200,23.7500,215422,5127515.0600,3,1.077110,1,-0.126300,0
2011-11-09,sz.002356,23.5800,24.2700,23.5800,24.2400,23.7200,380000,9068195.4800,3,1.900000,1,2.192200,0
2011-11-10,sz.002356,23.9600,24.3500,23.7900,23.8000,24.2400,312189,7512840.4000,3,1.560945,1,-1.815200,0
2011-11-11,sz.002356,23.8000,23.9900,23.5100,23.7000,23.8000,245733,5842141.9500,3,1.228665,1,-0.420200,0
2011-11-14,sz.002356,23.8000,24.3000,23.8000,24.2900,23.7000,303890,7342690.2700,3,1.519450,1,2.489500,0
2011-11-15,sz.002356,24.2300,24.3800,24.1400,24.3000,24.2900,335953,8156081.1400,3,1.679765,1,0.041200,0
2011-11-16,sz.002356,24.3800,24.6000,23.4500,23.7500,24.3000,518571,12478126.0900,3,2.592855,1,-2.263400,0
2011-11-17,sz.002356,23.7000,23.7800,23.2500,23.3000,23.7500,338559,7945400.3000,3,1.692795,1,-1.894700,0
2011-11-18,sz.002356,23.0900,23.2500,22.5600,22.6400,23.3000,264593,6063069.1800,3,1.322965,1,-2.832600,0
2011-11-21,sz.002356,22.5800,22.8700,22.3800,22.6000,22.6400,139665,3154125.4300,3,0.698325,1,-0.176700,0
2011-11-22,sz.002356,22.4800,22.8100,22.4800,22.7100,22.6000,88116,1995805.5600,3,0.440580,1,0.486700,0
2011-11-23,sz.002356,22.6500,22.8500,22.6100,22.7000,22.7100,107550,2446327.3700,3,0.537750,1,-0.044000,0
2011-11-24,sz.002356,22.1400,22.6400,22.1100,22.4300,22.7000,134019,2990693.7400,3,0.670095,1,-1.189400,0
2011-11-25,sz.002356,22.4200,22.5900,22.3000,22.3000,22.4300,99849,2236687.7000,3,0.499245,1,-0.579600,0
2011-11-28,sz.002356,22.4600,22.4600,22.0100,22.1300,22.3000,86370,1913233.7700,3,0.431850,1,-0.762300,0
2011-11-29,sz.002356,22.3000,22.7600,22.1600,22.7100,22.1300,170211,3840901.7700,3,0.851055,1,2.620900,0
2011-11-30,sz.002356,22.5500,22.7000,21.6200,22.1600,22.7100,134050,2974708.5000,3,0.670250,1,-2.421800,0
2011-12-01,sz.002356,22.8000,22.9600,22.5000,22.5000,22.1600,194460,4420917.5700,3,0.972300,1,1.534300,0
2011-12-02,sz.002356,22.0000,22.5000,22.0000,22.1800,22.5000,74340,1650559.6900,3,0.371700,1,-1.422200,0
2011-12-05,sz.002356,22.3200,22.3200,21.8200,21.8200,22.1800,110800,2438852.0200,3,0.554000,1,-1.623100,0
2011-12-06,sz.002356,21.6500,21.9000,21.3800,21.8700,21.8200,96410,2084689.7400,3,0.482050,1,0.229100,0
2011-12-07,sz.002356,21.9300,22.5500,21.5000,22.0800,21.8700,112500,2478967.9000,3,0.562500,1,0.960200,0
2011-12-08,sz.002356,22.2900,22.4500,21.5800,22.3100,22.0800,218655,4848295.3500,3,1.093275,1,1.041700,0
2011-12-09,sz.002356,22.2900,22.3500,22.1700,22.1900,22.3100,54399,1211515.5700,3,0.271995,1,-0.537900,0
2011-12-12,sz.002356,22.0200,22.2000,21.5100,21.8300,22.1900,109342,2384437.3200,3,0.546710,1,-1.622400,0
2011-12-13,sz.002356,21.5000,22.0000,21.3600,21.9400,21.8300,180954,3923248.8100,3,0.904770,1,0.503900,0
2011-12-14,sz.002356,21.9300,22.4500,21.4100,21.6600,21.9400,196728,4283116.9900,3,0.983640,1,-1.276200,0
2011-12-15,sz.002356,21.3000,21.5800,20.3100,20.3200,21.6600,184069,3806129.6300,3,0.920345,1,-6.186500,0
2011-12-16,sz.002356,20.3000,20.4200,19.0000,20.2900,20.3200,220537,4385995.3800,3,1.102685,1,-0.147600,0
2011-12-19,sz.002356,20.1200,20.1200,19.2900,19.9400,20.2900,83257,1644309.6800,3,0.416285,1,-1.725000,0
2011-12-20,sz.002356,19.6900,19.9900,19.6000,19.9300,19.9400,197217,3922233.9200,3,0.986085,1,-0.050200,0
2011-12-21,sz.002356,20.0700,20.0700,19.5000,19.5000,19.9300,84668,1682133.4800,3,0.423340,1,-2.157600,0
2011-12-22,sz.002356,19.4800,19.4800,18.2000,18.6300,19.5000,118260,2196471.0800,3,0.591300,1,-4.461500,0
2011-12-23,sz.002356,18.2800,18.8200,18.2200,18.5500,18.6300,102959,1915333.5600,3,0.514795,1,-0.429400,0
2011-12-26,sz.002356,18.6000,18.8200,18.2800,18.6000,18.5500,133500,2492851.5400,3,0.667500,1,0.269500,0
2011-12-27,sz.002356,18.9300,18.9400,18.1100,18.1700,18.6000,190499,3537311.1200,3,0.952495,1,-2.311800,0
2011-12-28,sz.002356,17.6600,17.9000,17.0200,17.3500,18.1700,98100,1713435.2800,3,0.490500,1,-4.512900,0
2011-12-29,sz.002356,17.3800,18.0000,17.3800,17.5800,17.3500,48702,859291.2300,3,0.243510,1,1.325600,0
2011-12-30,sz.002356,17.8700,18.0000,17.6300,17.8800,17.5800,128589,2300746.6900,3,0.642945,1,1.706500,0
2012-01-04,sz.002356,18.0000,18.1800,17.5800,17.6100,17.8800,81492,1456408.6800,3,0.407460,1,-1.510100,0
2012-01-05,sz.002356,17.5500,17.6100,16.6800,16.9500,17.6100,110040,1891775.0000,3,0.550200,1,-3.747900,0
2012-01-06,sz.002356,16.6200,16.8800,16.4600,16.8000,16.9500,50630,844317.7000,3,0.253150,1,-0.885000,0
2012-01-09,sz.002356,16.8500,17.4000,16.3000,17.3000,16.8000,167409,2842226.6800,3,0.837045,1,2.976200,0
2012-01-10,sz.002356,17.1800,18.2200,17.1800,18.0100,17.3000,228928,4065869.0800,3,1.144640,1,4.104000,0
2012-01-11,sz.002356,17.9500,18.5900,17.8800,18.1200,18.0100,195579,3578526.3200,3,0.977895,1,0.610800,0
2012-01-12,sz.002356,18.1900,18.1900,17.8100,17.9700,18.1200,114788,2067467.7600,3,0.573940,1,-0.827800,0
2012-01-13,sz.002356,17.8000,17.8400,17.0600,17.3400,17.9700,129159,2264215.7500,3,0.645795,1,-3.505800,0
2012-01-16,sz.002356,17.2200,17.2300,16.6000,16.6000,17.3400,93400,1567976.0000,3,0.467000,1,-4.267600,0
2012-01-17,sz.002356,17.2000,17.7800,16.6500,17.3600,16.6000,97135,1665732.8300,3,0.485675,1,4.578300,0
2012-01-18,sz.002356,17.4500,17.9000,17.0100,17.4700,17.3600,126240,2197079.9500,3,0.631200,1,0.633600,0
2012-01-19,sz.002356,17.5000,17.8800,17.1000,17.4300,17.4700,94322,1654071.4600,3,0.471610,1,-0.229000,0
2012-01-20,sz.002356,17.3000,17.7900,17.2200,17.6600,17.4300,85555,1500673.2500,3,0.427775,1,1.319600,0
2012-01-30,sz.002356,17.6700,17.8800,17.5000,17.5000,17.6600,91537,1621673.1300,3,0.457685,1,-0.906000,0
2012-01-31,sz.002356,17.2100,17.5000,17.2100,17.3200,17.5000,55025,954821.5000,3,0.275125,1,-1.028600,0
2012-02-01,sz.002356,17.2600,17.8000,17.2600,17.5500,17.3200,122722,2155331.2600,3,0.613610,1,1.327900,0
2012-02-02,sz.002356,17.4800,18.5500,17.3100,18.3900,17.5500,602148,10903943.5100,3,3.010740,1,4.786300,0
2012-02-03,sz.002356,18.4000,18.4800,18.0000,18.3700,18.3900,444228,8077284.4200,3,2.221140,1,-0.108800,0
2012-02-06,sz.002356,18.3700,18.9800,18.3300,18.6800,18.3700,495519,9254328.9600,3,2.477595,1,1.687500,0
2012-02-07,sz.002356,19.0000,19.0000,18.3500,18.5100,18.6800,258092,4768592.2400,3,1.290460,1,-0.910100,0
2012-02-08,sz.002356,18.5900,18.9200,18.2100,18.7200,18.5100,498046,9328600.2200,3,2.490230,1,1.134500,0
2012-02-09,sz.002356,18.9100,18.9600,18.6100,18.8000,18.7200,524330,9872472.4100,3,2.621650,1,0.427400,0
2012-02-10,sz.002356,18.8600,19.1500,18.6200,19.0500,18.8000,306939,5800044.0000,3,1.534695,1,1.329800,0
2012-02-13,sz.002356,19.0000,19.1400,18.8500,19.0400,19.0500,509697,9686742.0400,3,2.548485,1,-0.052500,0
2012-02-14,sz.002356,18.9900,19.0900,18.8400,19.0000,19.0400,289781,5487122.2600,3,1.448905,1,-0.210100,0
2012-02-15,sz.002356,18.9500,19.1500,18.9000,19.1400,19.0000,474960,9051234.8400,3,2.374800,1,0.736800,0
2012-02-16,sz.002356,19.2400,19.2700,18.9500,19.1100,19.1400,396990,7585855.7300,3,1.984950,1,-0.156700,0
2012-02-17,sz.002356,19.0900,19.2500,18.9500,19.0900,19.1100,202595,3867534.9700,3,1.012975,1,-0.104700,0
2012-02-20,sz.002356,19.2300,19.3800,19.0900,19.3000,19.0900,517744,9926795.0600,3,2.588720,1,1.100100,0
2012-02-21,sz.002356,19.4800,19.4900,19.1200,19.3600,19.3000,319389,6160925.9600,3,1.596945,1,0.310900,0
2012-02-22,sz.002356,19.2100,19.9600,19.2100,19.6800,19.3600,483355,9460305.0900,3,2.416775,1,1.652900,0
2012-02-23,sz.002356,19.7800,19.9000,19.5200,19.7700,19.6800,376642,7415915.2500,3,1.883210,1,0.457300,0
2012-02-24,sz.002356,19.6700,19.9900,19.6500,19.9300,19.7700,380927,7553050.3700,3,1.904635,1,0.809300,0
2012-02-27,sz.002356,19.9300,20.2000,19.7700,19.9000,19.9300,563939,11267844.4200,3,2.819695,1,-0.150500,0
2012-02-28,sz.002356,19.7400,20.2100,19.3200,20.1600,19.9000,639417,12674241.2200,3,3.197085,1,1.306500,0
2012-02-29,sz.002356,20.1500,20.1500,19.7000,19.9800,20.1600,238258,4734256.4600,3,1.191290,1,-0.892900,0
2012-03-01,sz.002356,20.0100,20.0100,19.7200,20.0000,19.9800,197108,3922300.4900,3,0.985540,1,0.100100,0
2012-03-02,sz.002356,20.0500,21.2600,19.9000,21.1700,20.0000,1034677,21413888.5000,3,5.173385,1,5.850000,0
2012-03-05,sz.002356,21.1000,21.1000,20.4200,20.5200,21.1700,1334711,27435672.1000,3,6.673555,1,-3.070400,0
2012-03-06,sz.002356,20.4000,20.4000,19.7100,19.8200,20.5200,423807,8469933.5500,3,2.119035,1,-3.411300,0
2012-03-07,sz.002356,19.3800,19.9200,19.3800,19.7700,19.8200,238639,4701850.8700,3,1.193195,1,-0.252300,0
2012-03-08,sz.002356,19.7700,19.7700,19.7700,19.7700,19.7700,0,0.0000,3,,0,0.000000,0
2012-03-09,sz.002356,20.0000,20.6200,19.9000,20.1400,19.7700,296499,5967609.4400,3,1.482495,1,1.871500,0
2012-03-12,sz.002356,20.1400,20.3500,19.9500,20.1500,20.1400,287684,5780883.1600,3,1.438420,1,0.049700,0
2012-03-13,sz.002356,20.2500,20.2500,19.9000,20.1600,20.1500,281634,5656186.3200,3,1.408170,1,0.049600,0
2012-03-14,sz.002356,20.2000,20.4000,19.5200,20.1400,20.1600,915081,18416856.5300,3,4.575405,1,-0.099200,0
2012-03-15,sz.002356,20.0400,20.8000,19.2100,19.8200,20.1400,566374,11277681.3900,3,2.831870,1,-1.588900,0
2012-03-16,sz.002356,20.2900,20.3200,19.5700,20.1400,19.8200,404456,8073277.3700,3,2.022280,1,1.614500,0
2012-03-19,sz.002356,20.3000,20.3000,19.8300,20.2600,20.1400,519049,10457003.6700,3,2.595245,1,0.595800,0
2012-03-20,sz.002356,20.1600,20.3900,19.7200,19.9000,20.2600,503154,10184831.8800,3,2.515770,1,-1.776900,0
2012-03-21,sz.002356,19.6900,19.9300,19.2000,19.4600,19.9000,477258,9330396.5700,3,2.386290,1,-2.211100,0
2012-03-22,sz.002356,19.3100,19.5800,19.3000,19.5000,19.4600,287493,5589063.1300,3,1.437465,1,0.205500,0
2012-03-23,sz.002356,19.5500,19.8900,19.2500,19.3800,19.5000,191948,3739844.4300,3,0.959740,1,-0.615400,0
2012-03-26,sz.002356,19.6800,19.6800,18.8100,18.8100,19.3800,286723,5490557.4900,3,1.433615,1,-2.941200,0
2012-03-27,sz.002356,18.6200,18.9000,18.3200,18.4100,18.8100,264662,4934564.1400,3,1.323310,1,-2.126500,0
2012-03-28,sz.002356,18.3200,18.4400,17.2100,17.2700,18.4100,323426,5705233.3500,3,1.617130,1,-6.192300,0
2012-03-29,sz.002356,16.9800,18.7800,16.8600,17.9800,17.2700,466130,8172998.5800,3,2.330650,1,4.111200,0
2012-03-30,sz.002356,18.5900,18.5900,17.1200,17.4200,17.9800,383311,6834905.6200,3,1.916555,1,-3.114600,0
2012-04-05,sz.002356,17.5000,18.3600,17.2000,18.2800,17.4200,404474,7209350.2200,3,2.022370,1,4.936900,0
2012-04-06,sz.002356,18.7200,18.7200,18.0300,18.3500,18.2800,522849,9670164.3700,3,2.614245,1,0.382900,0
2012-04-09,sz.002356,17.9200,18.5500,17.8100,18.4700,18.3500,447379,8136487.4500,3,2.236895,1,0.654000,0
2012-04-10,sz.002356,19.1900,19.1900,18.4200,18.5700,18.4700,922713,17309870.8600,3,4.613565,1,0.541400,0
2012-04-11,sz.002356,18.4300,18.6500,17.8000,18.6400,18.5700,600180,10923599.5600,3,3.000900,1,0.377000,0
2012-04-12,sz.002356,18.6500,18.9100,18.3000,18.7400,18.6400,649617,12071187.5400,3,3.248085,1,0.536500,0
2012-04-13,sz.002356,18.6000,18.6500,18.4000,18.5700,18.7400,454071,8414496.2300,3,2.270355,1,-0.907200,0
2012-04-16,sz.002356,18.4300,18.4300,18.1000,18.3300,18.5700,219128,3999782.8800,3,1.095640,1,-1.292400,0
2012-04-17,sz.002356,18.6000,18.6000,17.9800,18.3600,18.3300,413838,7541599.1900,3,2.069190,1,0.163700,0
2012-04-18,sz.002356,18.3800,18.6700,18.0300,18.5600,18.3600,456086,8431472.7500,3,2.280430,1,1.089300,0
2012-04-19,sz.002356,18.6000,18.6000,18.2400,18.5500,18.5600,277940,5133561.9100,3,1.389700,1,-0.053900,0
2012-04-20,sz.002356,18.6500,18.7900,18.3600,18.6000,18.5500,341728,6350091.2600,3,1.708640,1,0.269500,0
2012-04-23,sz.002356,18.6000,18.6000,18.6000,18.6000,18.6000,0,0.0000,3,,0,0.000000,0
2012-04-24,sz.002356,18.2800,18.2800,16.9900,17.7000,18.6000,459779,8170890.4300,3,2.298895,1,-4.838700,0
2012-04-25,sz.002356,17.6300,17.9000,17.5500,17.7900,17.7000,120006,2123420.0000,3,0.600030,1,0.508500,0
2012-04-26,sz.002356,17.9100,18.1500,17.7000,17.7800,17.7900,129199,2311876.5500,3,0.645995,1,-0.056200,0
2012-04-27,sz.002356,17.9000,17.9000,17.7000,17.7100,17.7800,82449,1466796.3000,3,0.412245,1,-0.393700,0
2012-05-02,sz.002356,18.0800,18.4200,17.8000,18.0500,17.7100,245136,4439694.6800,3,1.225680,1,1.919800,0
2012-05-03,sz.002356,17.8500,18.3900,17.8500,17.9800,18.0500,122267,2209500.8300,3,0.611335,1,-0.387800,0
2012-05-04,sz.002356,18.0100,18.2000,18.0100,18.1700,17.9800,148835,2695069.1500,3,0.744175,1,1.056700,0
2012-05-07,sz.002356,18.0300,18.2500,18.0300,18.1900,18.1700,196519,3569484.5300,3,0.982595,1,0.110100,0
2012-05-08,sz.002356,18.2400,19.1800,18.0600,18.9000,18.1900,857154,16087185.5100,3,4.285770,1,3.903200,0
2012-05-09,sz.002356,18.6100,18.7800,18.1800,18.3300,18.9000,431928,7938886.0300,3,2.159640,1,-3.015900,0
2012-05-10,sz.002356,18.3000,18.4600,18.3000,18.3600,18.3300,119488,2194248.5200,3,0.597440,1,0.163700,0
2012-05-11,sz.002356,18.2200,19.0900,18.2200,18.9900,18.3600,758302,14272077.6400,3,3.791510,1,3.431400,0
2012-05-14,sz.002356,19.2000,19.9400,18.9000,18.9500,18.9900,918610,17775116.1900,3,4.593050,1,-0.210600,0
2012-05-15,sz.002356,18.7300,18.7800,18.3500,18.5800,18.9500,336181,6192374.8500,3,1.680905,1,-1.952500,0
2012-05-16,sz.002356,18.4100,18.6000,18.1300,18.1900,18.5800,221494,4061809.0000,3,1.107470,1,-2.099000,0
2012-05-17,sz.002356,18.6500,20.0100,18.6500,19.1200,18.1900,1444847,28278133.3100,3,7.224235,1,5.112700,0
2012-05-18,sz.002356,18.4400,18.4400,17.5500,17.8800,19.1200,1092039,19711222.8800,3,5.460195,1,-6.485400,0
2012-05-21,sz.002356,17.6000,18.0100,17.6000,17.8500,17.8800,202603,3598035.9800,3,1.013015,1,-0.167800,0
2012-05-22,sz.002356,18.0000,18.0000,17.8100,17.9300,17.8500,137977,2467110.6100,3,0.689885,1,0.448200,0
2012-05-23,sz.002356,17.9200,17.9400,17.6600,17.8000,17.9300,119964,2135450.6000,3,0.599820,1,-0.725000,0
2012-05-24,sz.002356,17.7000,17.8800,17.6200,17.7900,17.8000,187639,3337915.0800,3,0.938195,1,-0.056200,0
2012-05-25,sz.002356,17.8000,17.8600,17.6800,17.7900,17.7900,132616,2356820.3200,3,0.663080,1,0.000000,0
2012-05-28,sz.002356,17.5900,17.8200,17.3100,17.8200,17.7900,148620,2614966.5400,3,0.743100,1,0.168600,0
2012-05-29,sz.002356,17.8900,18.1700,17.7400,18.1500,17.8200,243020,4380609.6100,3,1.215100,1,1.851900,0
2012-05-30,sz.002356,18.5000,19.1400,18.2300,18.4900,18.1500,700733,13101901.9600,3,3.503665,1,1.873300,0
2012-05-31,sz.002356,18.0100,18.3600,18.0100,18.2800,18.4900,222235,4044034.9100,3,1.111175,1,-1.135700,0
2012-06-01,sz.002356,18.1700,18.3300,18.1000,18.2100,18.2800,166076,3022098.5000,3,0.830380,1,-0.382900,0
2012-06-04,sz.002356,18.2400,18.2400,17.8000,17.9600,18.2100,220310,3962798.3600,3,1.101550,1,-1.372900,0
2012-06-05,sz.002356,18.3800,18.3900,17.6900,17.8600,17.9600,250401,4514355.0800,3,1.252005,1,-0.556800,0
2012-06-06,sz.002356,17.9900,17.9900,17.7300,17.8300,17.8600,127799,2274670.9500,3,0.638995,1,-0.168000,0
2012-06-07,sz.002356,18.1900,18.1900,17.6900,17.8000,17.8300,189549,3388459.2500,3,0.947745,1,-0.168300,0
2012-06-08,sz.002356,17.9400,17.9400,17.6000,17.7300,17.8000,121809,2159839.3000,3,0.609045,1,-0.393300,0
2012-06-11,sz.002356,17.8300,18.1300,17.4400,18.1200,17.7300,249930,4444669.2100,3,1.249650,1,2.199700,0
2012-06-12,sz.002356,18.1600,18.1600,17.7300,17.9200,18.1200,230591,4127435.9100,3,1.152955,1,-1.103800,0
2012-06-13,sz.002356,17.9000,18.1800,17.5600,17.9400,17.9200,204769,3686320.5900,3,1.023845,1,0.111600,0
2012-06-14,sz.002356,17.9400,18.1600,17.9400,18.0000,17.9400,197887,3570291.2400,3,0.989435,1,0.334400,0
2012-06-15,sz.002356,18.0600,18.2300,17.9000,18.1600,18.0000,286129,5181198.7000,3,1.430645,1,0.888900,0
2012-06-18,sz.002356,18.2700,18.2800,18.1200,18.2400,18.1600,248394,4520907.9300,3,1.241970,1,0.440500,0
2012-06-19,sz.002356,18.2400,18.3500,18.1600,18.1800,18.2400,316781,5781001.2900,3,1.583905,1,-0.328900,0
2012-06-20,sz.002356,18.1800,18.3300,17.7800,17.8700,17.9800,401874,7277735.6300,3,2.009370,1,-0.611800,0
2012-06-21,sz.002356,17.7700,17.8800,17.5600,17.7700,17.8700,260448,4612279.0800,3,1.302240,1,-0.559600,0
2012-06-25,sz.002356,17.9700,17.9800,17.4800,17.6900,17.7700,322521,5711059.5200,3,1.612605,1,-0.450200,0
2012-06-26,sz.002356,17.4000,17.6800,17.3900,17.5000,17.6900,80169,1400699.8100,3,0.400845,1,-1.074100,0
2012-06-27,sz.002356,17.6700,17.8000,17.5200,17.6100,17.5000,154223,2725801.8000,3,0.771115,1,0.628600,0
2012-06-28,sz.002356,17.6000,17.6800,17.4000,17.4000,17.6100,116664,2044110.4400,3,0.583320,1,-1.192500,0
2012-06-29,sz.002356,17.7300,17.7600,17.4000,17.6100,17.4000,205705,3631364.8200,3,1.028525,1,1.206900,0
2012-07-02,sz.002356,17.5500,17.7300,17.4600,17.6000,17.6100,156202,2747229.1400,3,0.781010,1,-0.056800,0
2012-07-03,sz.002356,17.6200,17.8000,17.5000,17.6100,17.6000,278800,4928573.4600,3,1.394000,1,0.056800,0
2012-07-04,sz.002356,17.6000,17.7500,17.6000,17.6500,17.6100,144446,2554704.0300,3,0.722230,1,0.227100,0
2012-07-05,sz.002356,17.6900,17.6900,17.0700,17.2500,17.6500,177200,3058563.1100,3,0.886000,1,-2.266300,0
2012-07-06,sz.002356,17.6000,17.6000,17.1000,17.4400,17.2500,140286,2433962.3600,3,0.701430,1,1.101400,0
2012-07-09,sz.002356,17.3000,17.8800,17.1600,17.7200,17.4400,485186,8508308.2200,3,2.425930,1,1.605500,0
2012-07-10,sz.002356,17.7200,18.2800,17.5400,18.1800,17.7200,1165045,20888157.1600,3,5.825225,1,2.595900,0
2012-07-11,sz.002356,17.9700,18.0900,17.7400,17.9600,18.1800,394372,7044702.9400,3,1.971860,1,-1.210100,0
2012-07-12,sz.002356,17.9000,18.0400,17.7000,18.0300,17.9600,481270,8591021.4400,3,2.406350,1,0.389800,0
2012-07-13,sz.002356,18.2600,19.0900,18.1600,18.1800,18.0300,1382892,25727530.9700,3,6.914460,1,0.831900,0
2012-07-16,sz.002356,17.6800,17.9800,16.4000,16.5500,18.1800,708614,12070119.5400,3,3.543070,1,-8.965900,0
2012-07-17,sz.002356,16.3200,16.5300,16.0800,16.3100,16.5500,247661,4029950.9000,3,1.238305,1,-1.450200,0
2012-07-18,sz.002356,16.3100,16.4000,16.1100,16.3500,16.3100,182000,2957048.0400,3,0.910000,1,0.245200,0
2012-07-19,sz.002356,16.2500,16.5300,16.1600,16.4000,16.3500,281466,4608427.4800,3,1.407330,1,0.305800,0
2012-07-20,sz.002356,16.2000,16.4900,16.2000,16.2200,16.4000,142091,2315489.2000,3,0.710455,1,-1.097600,0
2012-07-23,sz.002356,16.1500,16.2300,15.9000,16.2300,16.2200,214768,3450680.3800,3,1.073840,1,0.061700,0
2012-07-24,sz.002356,16.2700,16.4700,16.0700,16.3700,16.2300,200810,3267513.5200,3,1.004050,1,0.862600,0
2012-07-25,sz.002356,16.1500,16.4800,16.1500,16.2300,16.3700,152500,2494557.2100,3,0.762500,1,-0.855200,0
2012-07-26,sz.002356,16.2100,16.3700,16.1500,16.2300,16.2300,77681,1262627.7800,3,0.388405,1,0.000000,0
2012-07-27,sz.002356,16.2900,16.2900,16.0000,16.0000,16.2300,118010,1902450.9000,3,0.590050,1,-1.417100,0
2012-07-30,sz.002356,16.0200,16.2000,15.1300,15.7000,16.0000,139809,2220728.1400,3,0.699045,1,-1.875000,0
2012-07-31,sz.002356,15.7200,15.7200,15.4100,15.4800,15.7000,82505,1278086.9000,3,0.412525,1,-1.401300,0
2012-08-01,sz.002356,15.5400,15.7800,15.5000,15.5400,15.4800,58399,912753.4400,3,0.291995,1,0.387600,0
2012-08-02,sz.002356,15.5100,15.6500,15.4200,15.4300,15.5400,87518,1359828.2600,3,0.437590,1,-0.707900,0
2012-08-03,sz.002356,15.4200,15.7000,15.3000,15.6800,15.4300,69600,1081338.6500,3,0.348000,1,1.620200,0
2012-08-06,sz.002356,15.6500,15.9000,15.4600,15.8600,15.6800,102086,1609821.8800,3,0.510430,1,1.148000,0
2012-08-07,sz.002356,15.9700,16.2800,15.8600,16.2200,15.8600,190638,3056793.9100,3,0.953190,1,2.269900,0
2012-08-08,sz.002356,16.2800,16.3700,16.0800,16.3300,16.2200,204591,3322482.6200,3,1.022955,1,0.678200,0
2012-08-09,sz.002356,16.3600,16.3700,16.1600,16.3500,16.3300,131502,2142802.3800,3,0.657510,1,0.122500,0
2012-08-10,sz.002356,16.3500,16.4700,16.0000,16.4400,16.3500,246218,4000699.4500,3,1.231090,1,0.550500,0
2012-08-13,sz.002356,16.4700,16.4700,16.1800,16.1800,16.4400,93557,1524065.4600,3,0.467785,1,-1.581500,0
2012-08-14,sz.002356,16.1900,16.5800,16.0000,16.5800,16.1800,422443,6919196.5700,3,2.112215,1,2.472200,0
2012-08-15,sz.002356,16.5000,16.6600,16.3200,16.6500,16.5800,316611,5236065.8200,3,1.583055,1,0.422200,0
2012-08-16,sz.002356,16.6000,17.1400,16.4100,17.0600,16.6500,802380,13577934.4200,3,4.011900,1,2.462500,0
2012-08-17,sz.002356,16.9500,17.4800,16.9300,17.4400,17.0600,932332,16150253.7100,3,4.661660,1,2.227400,0
2012-08-20,sz.002356,17.6000,17.6000,16.4000,16.6500,17.4400,886050,14917370.7800,3,4.430250,1,-4.529800,0
2012-08-21,sz.002356,16.8800,16.8800,15.8000,16.4400,16.6500,466340,7640842.0800,3,2.331700,1,-1.261300,0
2012-08-22,sz.002356,16.4100,16.8700,16.2900,16.8700,16.4400,527192,8766802.6600,3,2.635960,1,2.615600,0
2012-08-23,sz.002356,16.5000,17.1700,16.5000,17.0900,16.8700,480493,8133916.2900,3,2.402465,1,1.304100,0
2012-08-24,sz.002356,16.9600,17.1700,16.8200,17.0900,17.0900,322195,5480225.4400,3,1.610975,1,0.000000,0
2012-08-27,sz.002356,16.9500,17.0600,16.8200,17.0000,17.0900,244259,4132987.9700,3,1.221295,1,-0.526600,0
2012-08-28,sz.002356,17.0000,17.0400,16.8300,16.9800,17.0000,105065,1780802.4900,3,0.525325,1,-0.117600,0
2012-08-29,sz.002356,16.9800,17.1700,16.7400,17.0900,16.9800,491274,8377527.4800,3,2.456370,1,0.647800,0
2012-08-30,sz.002356,17.1800,17.4800,16.8000,17.1600,17.0900,644038,11025994.3400,3,3.220190,1,0.409594,0
2012-08-31,sz.002356,17.0800,17.3000,17.0800,17.2700,17.1600,314165,5409568.1000,3,1.570825,1,0.641000,0
2012-09-03,sz.002356,17.2900,17.7300,16.9500,17.6000,17.2700,865966,15137453.9800,3,4.329830,1,1.910800,0
2012-09-04,sz.002356,17.6700,17.7400,17.2100,17.5000,17.6000,743358,13029371.1800,3,3.716790,1,-0.568200,0
2012-09-05,sz.002356,17.4900,17.5500,17.4100,17.4200,17.5000,193728,3388507.4800,3,0.968640,1,-0.457100,0
2012-09-06,sz.002356,17.4000,17.5700,17.3200,17.4700,17.4200,206111,3588712.0700,3,1.030555,1,0.287000,0
2012-09-07,sz.002356,17.2100,18.2500,17.2100,17.9700,17.4700,1114983,19812702.2400,3,5.574915,1,2.862000,0
2012-09-10,sz.002356,17.9400,18.0400,17.3600,17.6500,17.9700,1356961,24091570.5000,3,6.784805,1,-1.780700,0
2012-09-11,sz.002356,17.6300,17.7700,17.4300,17.7500,17.6500,615678,10856956.7000,3,3.078390,1,0.566600,0
2012-09-12,sz.002356,17.8000,17.9700,17.1800,17.3600,17.7500,880890,15475842.5200,3,4.404450,1,-2.197200,0
2012-09-13,sz.002356,17.4000,17.5800,17.2500,17.4000,17.3600,422400,7348401.1800,3,2.112000,1,0.230400,0
2012-09-14,sz.002356,17.5500,17.7700,17.3600,17.7600,17.4000,524397,9224099.8200,3,2.621985,1,2.069000,0
2012-09-17,sz.002356,17.6600,17.7900,17.6100,17.6400,17.7600,333598,5892254.6800,3,1.667990,1,-0.675700,0
2012-09-18,sz.002356,17.7700,17.7700,17.4100,17.6000,17.6400,269919,4737565.5700,3,1.349595,1,-0.226800,0
2012-09-19,sz.002356,17.5200,17.7700,17.5200,17.7400,17.6000,253680,4478511.3900,3,1.268400,1,0.795500,0
2012-09-20,sz.002356,17.7100,17.7100,17.3000,17.5400,17.7400,232285,4057085.1600,3,1.161425,1,-1.127400,0
2012-09-21,sz.002356,17.5800,17.7000,17.2700,17.6300,17.5400,328620,5784295.9700,3,1.643100,1,0.513100,0
2012-09-24,sz.002356,17.5100,17.8700,17.3900,17.8200,17.6300,830398,14687161.7600,3,4.151990,1,1.077700,0
2012-09-25,sz.002356,17.8200,18.2700,17.7500,18.2400,17.8200,1608086,29020645.4700,3,8.040430,1,2.356900,0
2012-09-26,sz.002356,18.2000,18.4500,17.6500,17.6900,18.2400,1175427,21190643.4600,3,5.877135,1,-3.015400,0
2012-09-27,sz.002356,17.6800,17.9900,17.0000,17.9000,17.6900,962984,16983203.6100,3,4.814920,1,1.187100,0
2012-09-28,sz.002356,17.8000,18.1100,17.6300,17.9000,17.9000,871764,15629108.4000,3,4.358820,1,0.000000,0
2012-10-08,sz.002356,17.9900,18.0600,17.5100,17.9500,17.9000,289239,5166664.6900,3,1.446195,1,0.279300,0
2012-10-09,sz.002356,18.0000,18.3800,17.7600,18.0900,17.9500,580826,10503231.9600,3,2.904130,1,0.779900,0
2012-10-10,sz.002356,18.0100,18.2700,17.9400,18.2300,18.0900,493851,8977134.4800,3,2.469255,1,0.773900,0
2012-10-11,sz.002356,18.2700,18.2700,17.7200,18.0300,18.2300,285637,5141188.0000,3,1.428185,1,-1.097100,0
2012-10-12,sz.002356,18.0400,18.3700,18.0000,18.3000,18.0300,547160,9965909.4300,3,2.735800,1,1.497500,0
2012-10-15,sz.002356,18.2800,18.3000,18.0800,18.2800,18.3000,294253,5344555.2900,3,1.471265,1,-0.109300,0
2012-10-16,sz.002356,18.2800,18.3200,18.1000,18.2800,18.2800,326210,5944010.1000,3,1.631050,1,0.000000,0
2012-10-17,sz.002356,18.3800,18.6800,18.1500,18.6400,18.2800,597184,11029021.6200,3,2.985920,1,1.969400,0
2012-10-18,sz.002356,18.5600,18.8700,18.5600,18.8700,18.6400,440288,8260051.7600,3,2.201440,1,1.233900,0
2012-10-19,sz.002356,18.8200,19.1900,18.7000,19.1700,18.8700,617141,11724381.8600,3,3.085705,1,1.589821,0
2012-10-22,sz.002356,19.1900,19.2400,18.8100,18.8800,19.1700,895773,16982522.5100,3,4.478865,1,-1.512800,0
2012-10-23,sz.002356,18.9500,18.9900,18.6200,18.6500,18.8800,408373,7640002.8600,3,2.041865,1,-1.218200,0
2012-10-24,sz.002356,18.6900,18.6900,18.4200,18.6100,18.6500,191360,3558449.5500,3,0.956800,1,-0.214500,0
2012-10-25,sz.002356,18.6300,18.9600,18.6100,18.8300,18.6100,496750,9345786.7800,3,2.483750,1,1.182200,0
2012-10-26,sz.002356,18.7800,19.2700,18.7400,19.1900,18.8300,699965,13282638.2200,3,3.499825,1,1.911800,0
2012-10-29,sz.002356,19.1900,19.9500,19.0100,19.6900,19.1900,761661,14816968.5900,3,3.808305,1,2.605500,0
2012-10-30,sz.002356,19.5100,19.8900,19.4000,19.5900,19.6900,580792,11393224.2900,3,2.903960,1,-0.507900,0
2012-10-31,sz.002356,19.6500,20.5300,19.6500,20.3700,19.5900,1232070,24915772.9800,3,6.160350,1,3.981600,0
2012-11-01,sz.002356,20.2000,21.8800,19.8300,20.3700,20.3700,1800079,36764580.7400,3,9.000395,1,0.000000,0
2012-11-02,sz.002356,19.9800,20.2700,19.6500,19.7300,20.3700,885767,17664326.1000,3,4.428835,1,-3.141900,0
2012-11-05,sz.002356,19.3200,19.9700,19.2800,19.8300,19.7300,645131,12745839.0400,3,3.225655,1,0.506800,0
2012-11-06,sz.002356,19.8900,20.4400,19.6800,20.3800,19.8300,1151153,23239336.3900,3,5.755765,1,2.773600,0
2012-11-07,sz.002356,20.1700,20.4900,20.1700,20.3800,20.3800,661473,13419189.3800,3,3.307365,1,0.000000,0
2012-11-08,sz.002356,20.3800,20.3900,19.5100,19.5300,20.3800,1446484,28500835.0600,3,7.232420,1,-4.170800,0
2012-11-09,sz.002356,19.5300,19.7500,19.2000,19.5600,19.5300,403028,7853708.5000,3,2.015140,1,0.153600,0
2012-11-12,sz.002356,19.4300,20.1000,19.2400,20.0200,19.5600,738096,14671712.2600,3,3.690480,1,2.351700,0
2012-11-13,sz.002356,19.9100,20.2900,19.9100,20.0200,20.0200,741638,14878888.3100,3,3.708190,1,0.000000,0
2012-11-14,sz.002356,19.9900,20.6000,19.9900,20.6000,20.0200,1273424,26043910.0100,3,6.367120,1,2.897100,0
2012-11-15,sz.002356,20.5800,20.6800,20.4300,20.5000,20.6000,667349,13699134.2700,3,3.336745,1,-0.485400,0
2012-11-16,sz.002356,20.3100,20.9000,20.3100,20.8600,20.5000,1545363,31949164.8300,3,7.726815,1,1.756100,0
2012-11-19,sz.002356,20.8000,20.9700,20.4300,20.8400,20.8600,753914,15697414.2900,3,3.769570,1,-0.095900,0
2012-11-20,sz.002356,20.6100,20.9500,20.5600,20.8600,20.8400,1052208,21792399.7700,3,5.261040,1,0.096000,0
2012-11-21,sz.002356,20.8000,21.5000,20.7000,21.1200,20.8600,737311,15527674.8200,3,3.686555,1,1.246400,0
2012-11-22,sz.002356,21.1100,21.1700,20.7700,20.9800,21.1200,336163,7035914.1700,3,1.680815,1,-0.662900,0
2012-11-23,sz.002356,20.9000,22.1600,20.8800,21.8000,20.9800,1480748,31725336.5200,3,7.403740,1,3.908500,0
2012-11-26,sz.002356,21.6000,21.7000,21.3800,21.5200,21.8000,454617,9781670.9000,3,2.273085,1,-1.284400,0
2012-11-27,sz.002356,21.4800,21.4900,21.1800,21.1800,21.5200,354824,7558789.2500,3,1.774120,1,-1.579900,0
2012-11-28,sz.002356,21.0600,21.1500,19.2500,19.6900,21.1800,665067,13235605.9600,3,3.325335,1,-7.034900,0
2012-11-29,sz.002356,19.5500,19.9900,19.3500,19.5800,19.6900,522986,10291749.0600,3,2.614930,1,-0.558700,0
2012-11-30,sz.002356,19.5000,19.7600,19.4300,19.7200,19.5800,475476,9337613.7700,3,2.377380,1,0.715000,0
2012-12-03,sz.002356,19.5600,19.7700,19.4600,19.4600,19.7200,282132,5533923.0600,3,1.410660,1,-1.318500,0
2012-12-04,sz.002356,19.3600,19.6800,18.1100,19.4900,19.4600,856078,16208855.9500,3,4.280390,1,0.154200,0
2012-12-05,sz.002356,19.7600,20.2500,19.4100,20.1300,19.4900,1056411,21028746.5300,3,5.282055,1,3.283700,0
2012-12-06,sz.002356,20.2000,20.2000,19.8000,19.8700,20.1300,340493,6772678.5300,3,1.702465,1,-1.291600,0
2012-12-07,sz.002356,19.8500,20.5000,19.7900,20.4200,19.8700,848929,17114196.9000,3,4.244645,1,2.768000,0
2012-12-10,sz.002356,20.4700,20.5200,20.2800,20.4600,20.4200,393888,8042992.2700,3,1.969440,1,0.195900,0
2012-12-11,sz.002356,20.4900,20.5300,20.0900,20.3000,20.4600,502346,10183994.6200,3,2.511730,1,-0.782000,0
2012-12-12,sz.002356,20.3200,20.3700,20.0500,20.0900,20.3000,316300,6387913.8500,3,1.581500,1,-1.034500,0
2012-12-13,sz.002356,20.0900,20.1400,19.7500,19.8000,20.0900,516895,10307098.4600,3,2.584475,1,-1.443500,0
2012-12-14,sz.002356,19.7000,20.9800,19.2100,20.8500,19.8000,1578990,32469979.6300,3,7.894950,1,5.303000,0
2012-12-17,sz.002356,21.0000,21.4500,20.5200,20.7300,20.8500,626478,13049894.0800,3,3.132390,1,-0.575500,0
2012-12-18,sz.002356,20.7300,20.9000,20.5100,20.7900,20.7300,490171,10139720.4300,3,2.450855,1,0.289400,0
2012-12-19,sz.002356,20.7900,20.9200,20.6500,20.8500,20.7900,286102,5951250.5800,3,1.430510,1,0.288600,0
2012-12-20,sz.002356,20.8500,21.3000,20.7200,20.9100,20.8500,534190,11186698.0600,3,2.670950,1,0.287800,0
2012-12-21,sz.002356,20.9400,21.5800,20.8400,21.5000,20.9100,748403,15873745.7200,3,3.742015,1,2.821600,0
2012-12-24,sz.002356,20.5800,21.6000,20.5800,21.2500,21.5000,417631,8862839.1700,3,2.088155,1,-1.162800,0
2012-12-25,sz.002356,21.0100,21.5800,21.0100,21.5700,21.2500,620941,13211189.0700,3,3.104705,1,1.505900,0
2012-12-26,sz.002356,21.5500,21.9900,21.2600,21.8700,21.5700,784182,16966738.9500,3,3.920910,1,1.390800,0
2012-12-27,sz.002356,22.0000,22.0000,21.5800,21.5900,21.8700,580585,12563957.1000,3,2.902925,1,-1.280300,0
2012-12-28,sz.002356,21.5900,22.1300,21.5900,22.0000,21.5900,776161,17036460.5800,3,3.880805,1,1.899000,0
2012-12-31,sz.002356,22.6000,24.2000,22.6000,24.2000,22.0000,2631953,62965372.2600,3,13.159765,1,10.000000,0
2013-01-04,sz.002356,24.2000,24.2000,24.2000,24.2000,24.2000,0,0.0000,3,,0,0.000000,0
2013-01-07,sz.002356,24.2000,24.2000,24.2000,24.2000,24.2000,0,0.0000,3,,0,0.000000,0
2013-01-08,sz.002356,24.2000,24.2000,24.2000,24.2000,24.2000,0,0.0000,3,,0,0.000000,0
2013-01-09,sz.002356,24.2000,24.2000,24.2000,24.2000,24.2000,0,0.0000,3,,0,0.000000,0
2013-01-10,sz.002356,24.2000,24.2000,24.2000,24.2000,24.2000,0,0.0000,3,,0,0.000000,0
2013-01-11,sz.002356,24.2000,24.2000,24.2000,24.2000,24.2000,0,0.0000,3,,0,0.000000,0
2013-01-14,sz.002356,24.2000,24.2000,24.2000,24.2000,24.2000,0,0.0000,3,,0,0.000000,0
2013-01-15,sz.002356,24.2000,24.2000,24.2000,24.2000,24.2000,0,0.0000,3,,0,0.000000,0
2013-01-16,sz.002356,24.2000,24.4700,23.0000,24.1800,24.2000,1893459,44508526.1200,3,9.467295,1,-0.082600,0
2013-01-17,sz.002356,23.7900,24.8200,23.5800,24.3500,24.1800,1180963,28713253.5800,3,5.904815,1,0.703100,0
2013-01-18,sz.002356,24.6000,26.2100,24.2100,25.4900,24.3500,1228214,30975501.2400,3,6.141070,1,4.681700,0
2013-01-21,sz.002356,25.0000,25.5300,25.0000,25.3400,25.4900,576460,14585956.0200,3,2.882300,1,-0.588500,0
2013-01-22,sz.002356,25.3300,25.3600,24.8000,24.9100,25.3400,471007,11759209.5900,3,2.355035,1,-1.696900,0
2013-01-23,sz.002356,24.7600,25.3700,24.7600,25.3600,24.9100,229311,5742657.0000,3,1.146555,1,1.806500,0
2013-01-24,sz.002356,25.3600,27.3000,25.2000,25.7100,25.3600,1364846,35537651.0000,3,6.824230,1,1.380100,0
2013-01-25,sz.002356,25.5700,26.2800,25.0000,25.1100,25.7100,420846,10629449.0100,3,2.104230,1,-2.333700,0
2013-01-28,sz.002356,24.8000,25.4100,24.6100,25.1300,25.1100,242432,6074659.9600,3,1.212160,1,0.079600,0
2013-01-29,sz.002356,25.1300,25.1300,24.4000,24.5000,25.1300,505199,12427534.9500,3,2.525995,1,-2.507000,0
2013-01-30,sz.002356,24.5000,24.7700,24.3500,24.7600,24.5000,271821,6699525.8500,3,1.359105,1,1.061200,0
2013-01-31,sz.002356,24.7600,25.0100,24.0100,25.0000,24.7600,689182,17076238.0700,3,3.445910,1,0.969300,0
2013-02-01,sz.002356,24.9200,26.9800,24.9200,25.9500,25.0000,1157506,29593037.7500,3,5.787530,1,3.800000,0
2013-02-04,sz.002356,25.5600,26.6500,25.3800,26.0300,25.9500,1229578,31769055.6400,3,6.147890,1,0.308300,0
2013-02-05,sz.002356,25.9700,26.1700,25.5300,25.9600,26.0300,504600,13083081.9300,3,2.523000,1,-0.268900,0
2013-02-06,sz.002356,25.9500,26.4300,25.6100,26.0400,25.9600,705203,18380495.3600,3,3.526015,1,0.308200,0
2013-02-07,sz.002356,26.0400,26.0900,25.8000,26.0500,26.0400,311072,8074963.6000,3,1.555360,1,0.038400,0
2013-02-08,sz.002356,25.6600,25.9500,25.0200,25.0500,26.0500,660123,16638944.3300,3,3.300615,1,-3.838800,0
2013-02-18,sz.002356,25.0400,25.0400,24.1000,24.4800,25.0500,759594,18566533.2900,3,0.949492,1,-2.275400,0
2013-02-19,sz.002356,24.3000,24.5800,24.1600,24.5100,24.4800,390250,9501355.2600,3,0.487812,1,0.122500,0
2013-02-20,sz.002356,24.2500,25.3000,24.2400,25.0100,24.5100,615965,15309418.0600,3,0.769956,1,2.040000,0
2013-02-21,sz.002356,24.9000,24.9000,24.2800,24.5400,25.0100,201786,4952734.5500,3,0.252233,1,-1.879200,0
2013-02-22,sz.002356,24.5500,24.5900,24.1000,24.1600,24.5400,235910,5725850.2300,3,0.294888,1,-1.548500,0
2013-02-25,sz.002356,24.1800,24.3500,24.0600,24.1900,24.1600,143307,3466508.2900,3,0.179134,1,0.124200,0
2013-02-26,sz.002356,24.1400,24.8000,24.0100,24.7800,24.1900,672257,16427800.9100,3,0.840321,1,2.439000,0
2013-02-27,sz.002356,24.5100,25.6700,24.1500,24.1600,24.7800,660801,16516874.1900,3,0.826001,1,-2.502000,0
2013-02-28,sz.002356,24.0000,24.2000,22.9500,23.4200,24.1600,599055,13940698.0400,3,0.748819,1,-3.062900,0
2013-03-01,sz.002356,23.4800,23.5500,23.0200,23.4900,23.4200,299777,7002980.9100,3,0.374721,1,0.298900,0
2013-03-04,sz.002356,23.1500,23.6000,22.1300,22.2000,23.4900,450300,10211175.0100,3,0.562875,1,-5.491700,0
2013-03-05,sz.002356,22.4400,22.5700,21.9100,22.0700,22.2000,649105,14365315.3500,3,0.811381,1,-0.585600,0
2013-03-06,sz.002356,22.3500,22.8200,22.0000,22.7100,22.0700,1035885,23236098.1900,3,1.294856,1,2.899900,0
2013-03-07,sz.002356,22.5000,22.8100,22.4000,22.4000,22.7100,333167,7527774.9300,3,0.416459,1,-1.365000,0
2013-03-08,sz.002356,22.3800,23.4600,22.3800,23.1300,22.4000,487502,11117428.5100,3,0.609378,1,3.258900,0
2013-03-11,sz.002356,23.0000,23.1200,22.8000,22.9800,23.1300,273624,6265510.9600,3,0.342030,1,-0.648500,0
2013-03-12,sz.002356,23.0200,23.0200,22.3100,22.7500,22.9800,436276,9859291.6400,3,0.545345,1,-1.000900,0
2013-03-13,sz.002356,22.8500,22.8500,22.1100,22.6200,22.7500,184573,4126388.8400,3,0.230716,1,-0.571400,0
2013-03-14,sz.002356,22.9900,23.3800,22.4000,22.6300,22.6200,266336,6039551.9300,3,0.332920,1,0.044200,0
2013-03-15,sz.002356,23.1800,23.5600,22.5000,23.4900,22.6300,793910,18257956.9800,3,0.992388,1,3.800300,0
2013-03-18,sz.002356,22.9800,22.9800,22.7200,22.7500,23.4900,339200,7742191.0000,3,0.424000,1,-3.150300,0
2013-03-19,sz.002356,22.7500,22.9900,22.2800,22.4900,22.7500,304366,6834363.0000,3,0.380458,1,-1.142900,0
2013-03-20,sz.002356,22.4000,22.7800,22.3000,22.5000,22.4900,368344,8276891.0000,3,0.460430,1,0.044500,0
2013-03-21,sz.002356,22.5200,22.9700,22.4100,22.7100,22.5000,559032,12673914.0000,3,0.698790,1,0.933300,0
2013-03-22,sz.002356,22.7100,23.1900,22.4000,22.7800,22.7100,496650,11278505.0000,3,0.620812,1,0.308200,0
2013-03-25,sz.002356,22.7800,22.7900,22.3500,22.5000,22.7800,303579,6819736.0000,3,0.379474,1,-1.229200,0
2013-03-26,sz.002356,22.4000,22.6800,22.1900,22.3800,22.5000,271134,6066642.0000,3,0.338917,1,-0.533300,0
2013-03-27,sz.002356,22.7100,22.7100,21.9000,22.0500,22.3800,512740,11373509.0000,3,0.640925,1,-1.474500,0
2013-03-28,sz.002356,21.9300,21.9300,19.8500,20.9200,22.0500,420241,8873522.0000,3,0.525301,1,-5.124700,0
2013-03-29,sz.002356,20.8500,20.8900,20.0500,20.6000,20.9200,374849,7656519.0000,3,0.468561,1,-1.529600,0
2013-04-01,sz.002356,20.6000,21.2500,20.6000,21.0600,20.6000,254245,5331269.0000,3,0.317806,1,2.233000,0
2013-04-02,sz.002356,21.0600,21.2000,20.8100,20.9200,21.0600,222818,4662130.0000,3,0.278523,1,-0.664800,0
2013-04-03,sz.002356,21.1000,21.1000,20.9000,21.0200,20.9200,182617,3828355.0000,3,0.228271,1,0.478000,0
2013-04-08,sz.002356,20.6000,21.2400,20.6000,21.2000,21.0200,281411,5920556.0000,3,0.351764,1,0.856300,0
2013-04-09,sz.002356,21.0200,21.2400,20.8500,20.8800,21.2000,268051,5612382.0000,3,0.335064,1,-1.509400,0
2013-04-10,sz.002356,20.8500,20.9700,20.3000,20.4400,20.8800,249199,5134694.0000,3,0.311499,1,-2.107300,0
2013-04-11,sz.002356,20.4600,20.6500,20.0200,20.1200,20.4400,169003,3423326.0000,3,0.211254,1,-1.565600,0
2013-04-12,sz.002356,20.1900,21.0000,20.0700,20.4500,20.1200,485899,9979115.0000,3,0.607374,1,1.640159,0
2013-04-15,sz.002356,20.4400,20.5900,20.2200,20.5200,20.4500,92936,1896435.0000,3,0.116170,1,0.342300,0
2013-04-16,sz.002356,20.2200,20.5500,20.2200,20.5400,20.5200,75048,1536307.0000,3,0.093810,1,0.097468,0
2013-04-17,sz.002356,20.6000,20.7100,20.2600,20.5200,20.5400,149499,3050722.0000,3,0.186874,1,-0.097400,0
2013-04-18,sz.002356,20.4600,20.8500,20.0000,20.8200,20.5200,668954,13615710.0000,3,0.836192,1,1.462000,0
2013-04-19,sz.002356,20.7600,21.1000,20.5500,21.0700,20.8200,683254,14249130.0000,3,0.854067,1,1.200769,0
2013-04-22,sz.002356,20.8100,20.8200,20.5500,20.7900,21.0700,480490,9948573.0000,3,0.600612,1,-1.328900,0
2013-04-23,sz.002356,20.6600,20.8900,20.2200,20.7800,20.7900,344175,7077781.0000,3,0.430219,1,-0.048100,0
2013-04-24,sz.002356,20.7800,20.7800,20.3000,20.6500,20.7800,440398,9014851.0000,3,0.550497,1,-0.625600,0
2013-04-25,sz.002356,20.4200,20.5600,19.9300,20.0000,20.6500,1077977,21679696.0000,3,1.347471,1,-3.147700,0
2013-04-26,sz.002356,19.9800,20.1000,18.6000,19.4700,20.0000,912490,17510000.0000,3,1.140613,1,-2.650003,0
2013-05-02,sz.002356,19.1000,19.1000,18.6200,18.9100,19.4700,579784,10920935.0000,3,0.724730,1,-2.876200,0
2013-05-03,sz.002356,18.9900,19.9600,18.7100,19.2700,18.9100,1059474,20434464.0000,3,1.324342,1,1.903758,0
2013-05-06,sz.002356,19.0500,19.3000,18.8000,19.1100,19.2700,1025682,19448012.0000,3,1.282102,1,-0.830300,0
2013-05-07,sz.002356,19.1000,19.3800,19.0300,19.1800,19.1100,970650,18592742.0000,3,1.213313,1,0.366300,0
2013-05-08,sz.002356,19.2900,19.2900,18.9500,19.2000,19.1800,645891,12345543.0000,3,0.807364,1,0.104300,0
2013-05-09,sz.002356,19.2400,19.2400,18.9100,19.1000,19.2000,780264,14849522.0000,3,0.975330,1,-0.520800,0
2013-05-10,sz.002356,19.0900,19.1400,18.8100,19.0300,19.1000,401950,7633975.0000,3,0.502437,1,-0.366500,0
2013-05-13,sz.002356,19.0700,19.5500,19.0500,19.5000,19.0300,937161,18097572.0000,3,1.171451,1,2.469800,0
2013-05-14,sz.002356,19.4800,19.4800,19.1200,19.2000,19.5000,462598,8909310.0000,3,0.578247,1,-1.538500,0
2013-05-15,sz.002356,19.2100,19.7400,19.2000,19.6800,19.2000,809221,15785635.0000,3,1.011526,1,2.500000,0
2013-05-16,sz.002356,19.5200,19.9800,19.5200,19.8500,19.6800,931513,18462724.0000,3,1.164391,1,0.863800,0
2013-05-17,sz.002356,19.8800,20.8000,19.7200,20.5600,19.8500,1296437,26382848.0000,3,1.620546,1,3.576800,0
2013-05-20,sz.002356,20.6500,20.9700,20.3100,20.7400,20.5600,966628,19959712.0000,3,1.208285,1,0.875500,0
2013-05-21,sz.002356,20.7700,20.9400,20.5000,20.8200,20.7400,771654,15982238.0000,3,0.964567,1,0.385728,0
2013-05-22,sz.002356,20.8000,21.8000,20.7800,20.8100,20.8200,974746,20608970.0000,3,1.218433,1,-0.048000,0
2013-05-23,sz.002356,20.8100,20.9800,20.3100,20.4700,20.8100,640700,13228854.0000,3,0.800875,1,-1.633800,0
2013-05-24,sz.002356,20.3500,21.1800,20.3500,20.9000,20.4700,583534,12157737.0000,3,0.729418,1,2.100600,0
2013-05-27,sz.002356,20.9000,21.1600,20.7800,21.1200,20.9000,614124,12946996.0000,3,0.767655,1,1.052600,0
2013-05-28,sz.002356,21.2100,21.7800,20.8600,20.9900,21.1200,727897,15420055.0000,3,0.909871,1,-0.615500,0
2013-05-29,sz.002356,20.9000,21.6900,20.9000,21.2500,20.9900,747659,15909420.0000,3,0.934574,1,1.238700,0
2013-05-30,sz.002356,21.2500,21.3100,21.0300,21.0700,21.2500,425569,8985182.0000,3,0.531961,1,-0.847100,0
2013-05-31,sz.002356,21.0100,21.5800,20.9500,21.1500,21.0700,633863,13445735.0000,3,0.792329,1,0.379686,0
2013-06-03,sz.002356,21.1600,21.3200,20.9500,21.0000,21.1500,328944,6952116.0000,3,0.411180,1,-0.709200,0
2013-06-04,sz.002356,20.8600,20.9000,20.3900,20.4600,21.0000,624078,12787007.0000,3,0.780097,1,-2.571400,0
2013-06-05,sz.002356,20.4300,20.4600,20.1700,20.3300,20.2100,225343,4568492.0000,3,0.281679,1,0.593800,0
2013-06-06,sz.002356,20.3000,20.3000,20.0500,20.1300,20.3300,244298,4925910.0000,3,0.305373,1,-0.983800,0
2013-06-07,sz.002356,20.1300,20.2000,19.5800,19.6800,20.1300,312201,6183230.0000,3,0.390251,1,-2.235500,0
2013-06-13,sz.002356,19.8500,19.8500,19.0100,19.1900,19.6800,199636,3833088.0000,3,0.249545,1,-2.489800,0
2013-06-14,sz.002356,19.1000,19.5400,19.1000,19.4700,19.1900,220937,4274712.0000,3,0.276171,1,1.459100,0
2013-06-17,sz.002356,19.5100,20.2500,19.2500,20.1700,19.4700,586951,11735450.0000,3,0.733689,1,3.595300,0
2013-06-18,sz.002356,20.0000,20.3600,19.7400,20.1300,20.1700,414035,8287851.0000,3,0.517544,1,-0.198300,0
2013-06-19,sz.002356,20.1300,20.2900,19.8000,20.2100,20.1300,398003,8023676.0000,3,0.497504,1,0.397400,0
2013-06-20,sz.002356,20.2900,20.2900,19.5800,19.6300,20.2100,282098,5627480.0000,3,0.352623,1,-2.869900,0
2013-06-21,sz.002356,19.5100,20.2900,17.6800,19.6400,19.6300,318339,6076017.0000,3,0.397924,1,0.050900,0
2013-06-24,sz.002356,19.5700,19.5700,18.3900,18.9900,19.6400,276582,5241220.0000,3,0.345728,1,-3.309600,0
2013-06-25,sz.002356,18.9900,19.0800,17.6400,18.5100,18.9900,301130,5531380.0000,3,0.376413,1,-2.527600,0
2013-06-26,sz.002356,18.5100,20.3600,18.0500,20.2500,18.5100,341586,6439220.0000,3,0.426982,1,9.400300,0
2013-06-27,sz.002356,19.8000,19.8000,19.3000,19.4000,20.2500,535477,10497182.0000,3,0.669346,1,-4.197500,0
2013-06-28,sz.002356,19.3900,19.4400,19.0100,19.0500,19.4000,188498,3618464.0000,3,0.235623,1,-1.804100,0
2013-07-01,sz.002356,19.0100,19.2400,18.0000,19.1200,19.0500,183398,3462113.0000,3,0.229247,1,0.367500,0
2013-07-02,sz.002356,19.0800,19.5300,18.3000,18.8300,19.1200,249735,4756988.0000,3,0.312169,1,-1.516700,0
2013-07-03,sz.002356,18.8500,19.4500,18.6300,19.2000,18.8300,378068,7208613.0000,3,0.472585,1,1.964900,0
2013-07-04,sz.002356,19.0000,19.3200,18.6100,19.1700,19.2000,288428,5499430.0000,3,0.360535,1,-0.156300,0
2013-07-05,sz.002356,18.9000,19.2000,18.7800,18.9900,19.1700,276501,5235449.0000,3,0.345626,1,-0.939000,0
2013-07-08,sz.002356,18.6300,18.9500,18.3000,18.5500,18.9900,258217,4791291.0000,3,0.322771,1,-2.317000,0
2013-07-09,sz.002356,18.6000,18.7200,18.3500,18.5600,18.5500,157300,2902414.0000,3,0.196625,1,0.053900,0
2013-07-10,sz.002356,18.5600,18.8800,18.3500,18.7900,18.5600,248557,4640395.0000,3,0.310696,1,1.239200,0
2013-07-11,sz.002356,18.8700,19.9800,18.6100,19.8800,18.7900,818921,15912263.0000,3,1.023651,1,5.801000,0
2013-07-12,sz.002356,19.7800,20.0000,19.4600,19.9200,19.8800,758676,14938536.0000,3,0.948345,1,0.201200,0
2013-07-15,sz.002356,19.7000,20.1800,19.7000,20.1400,19.9200,707148,14067634.0000,3,0.883935,1,1.104400,0
2013-07-16,sz.002356,20.0900,20.6600,19.9500,20.4400,20.1400,811219,16411684.0000,3,1.014024,1,1.489600,0
2013-07-17,sz.002356,20.4200,20.4200,19.8300,19.8400,20.4400,571285,11432596.0000,3,0.714106,1,-2.935400,0
2013-07-18,sz.002356,19.7300,20.1800,19.6000,20.1100,19.8400,396405,7914961.0000,3,0.495506,1,1.360900,0
2013-07-19,sz.002356,20.3000,20.4800,19.7600,19.7600,20.1100,819601,16529673.0000,3,1.024501,1,-1.740400,0
2013-07-22,sz.002356,19.6000,19.8600,19.5800,19.8200,19.7600,277734,5485941.0000,3,0.347168,1,0.303600,0
2013-07-23,sz.002356,19.7000,20.0700,19.6400,20.0300,19.8200,594353,11801822.0000,3,0.742941,1,1.059500,0
2013-07-24,sz.002356,20.0000,20.1000,19.7300,20.0400,20.0300,399172,7952140.0000,3,0.498965,1,0.049900,0
2013-07-25,sz.002356,20.0900,20.1000,19.6100,19.8400,20.0400,293426,5819687.0000,3,0.366783,1,-0.998000,0
2013-07-26,sz.002356,19.7000,19.9500,19.3200,19.8300,19.8400,356446,6989569.0000,3,0.445557,1,-0.050400,0
2013-07-29,sz.002356,19.6000,19.9200,19.5200,19.6700,19.8300,230722,4554640.0000,3,0.288403,1,-0.806900,0
2013-07-30,sz.002356,19.7000,20.1400,19.5000,20.0400,19.6700,366565,7290018.0000,3,0.458206,1,1.881000,0
2013-07-31,sz.002356,20.1000,20.2000,19.8900,20.0200,20.0400,362964,7274633.0000,3,0.453705,1,-0.099800,0
2013-08-01,sz.002356,20.0000,20.6200,19.6200,20.5000,20.0200,856404,17324130.0000,3,1.070505,1,2.397600,0
2013-08-02,sz.002356,20.5300,20.6600,20.2000,20.3300,20.5000,483202,9856381.0000,3,0.604002,1,-0.829300,0
2013-08-05,sz.002356,20.2200,20.8600,20.2200,20.8600,20.3300,920554,19073564.0000,3,1.150692,1,2.607000,0
2013-08-06,sz.002356,20.9700,20.9700,20.5500,20.8200,20.8600,581218,12051045.0000,3,0.726522,1,-0.191800,0
2013-08-07,sz.002356,20.8300,20.9600,20.0700,20.1100,20.8200,813727,16581194.0000,3,1.017159,1,-3.410200,0
2013-08-08,sz.002356,20.0000,20.7800,19.8500,20.2600,20.1100,443798,9057201.0000,3,0.554747,1,0.745900,0
2013-08-09,sz.002356,20.3000,20.5600,20.1700,20.4600,20.2600,315750,6435553.0000,3,0.394687,1,0.987200,0
2013-08-12,sz.002356,20.4700,20.7000,20.3400,20.6300,20.4600,579369,11906562.0000,3,0.724211,1,0.830900,0
2013-08-13,sz.002356,20.6600,20.7900,20.5100,20.6500,20.6300,395554,8147224.0000,3,0.494442,1,0.096900,0
2013-08-14,sz.002356,20.6400,21.4700,20.5800,20.7400,20.6500,1282073,26853056.0000,3,1.602591,1,0.435800,0
2013-08-15,sz.002356,20.6200,22.3800,20.6000,21.6600,20.7400,1148297,24536676.0000,3,1.435371,1,4.435900,0
2013-08-16,sz.002356,21.4800,21.8500,20.9800,21.0000,21.6600,1305431,27840368.0000,3,1.631789,1,-3.047100,0
2013-08-19,sz.002356,20.9000,21.9700,20.9000,21.6100,21.0000,1055391,22693916.0000,3,1.319239,1,2.904800,0
2013-08-20,sz.002356,21.6100,23.7700,21.6100,23.6400,21.6100,3017027,68874400.0000,3,3.771284,1,9.393800,0
2013-08-21,sz.002356,23.3800,23.3800,22.8000,23.2400,23.6400,1812068,41783328.0000,3,2.265085,1,-1.692000,0
2013-08-22,sz.002356,22.8800,23.3300,22.6300,22.8700,23.2400,1032297,23636744.0000,3,1.290371,1,-1.592100,0
2013-08-23,sz.002356,22.8500,23.0800,22.2000,22.4800,22.8700,813320,18346496.0000,3,1.016650,1,-1.705300,0
2013-08-26,sz.002356,22.4000,22.7700,22.4000,22.7500,22.4800,390666,8835801.0000,3,0.488333,1,1.201100,0
2013-08-27,sz.002356,22.7600,22.7700,22.3900,22.6700,22.7500,391600,8817934.0000,3,0.489500,1,-0.351600,0
2013-08-28,sz.002356,22.5900,22.6700,22.2200,22.3000,22.6700,555598,12438097.0000,3,0.694497,1,-1.632100,0
2013-08-29,sz.002356,22.3000,22.5100,22.0500,22.0500,22.3000,410811,9184492.0000,3,0.513514,1,-1.121100,0
2013-08-30,sz.002356,22.1500,22.2100,21.2100,21.3200,22.0500,732702,15842934.0000,3,0.915877,1,-3.310700,0
2013-09-02,sz.002356,21.2200,21.7300,21.2100,21.6500,21.3200,220988,4771151.0000,3,0.276235,1,1.547800,0
2013-09-03,sz.002356,21.5400,21.8000,21.3500,21.7100,21.6500,189294,4089306.0000,3,0.236617,1,0.277100,0
2013-09-04,sz.002356,22.1000,22.1000,21.5500,21.8800,21.7100,318218,6973671.0000,3,0.397772,1,0.783000,0
2013-09-05,sz.002356,21.7200,21.7200,21.4000,21.7000,21.8800,263248,5676902.0000,3,0.329060,1,-0.822700,0
2013-09-06,sz.002356,21.6900,21.7800,21.3500,21.6900,21.7000,451838,9717832.0000,3,0.564798,1,-0.046100,0
2013-09-09,sz.002356,21.7000,22.4100,21.5100,22.3600,21.6900,789357,17458828.0000,3,0.986696,1,3.089000,0
2013-09-10,sz.002356,22.5900,23.3200,22.1400,22.3000,22.3600,1100505,25092830.0000,3,1.375631,1,-0.268300,0
2013-09-11,sz.002356,22.1600,22.5800,22.1600,22.3000,22.3000,426285,9518052.0000,3,0.532856,1,0.000000,0
2013-09-12,sz.002356,22.0000,22.4000,21.7000,21.7400,22.3000,304305,6703385.0000,3,0.380381,1,-2.511200,0
2013-09-13,sz.002356,21.7800,21.9800,21.3300,21.6600,21.7400,365043,7867076.0000,3,0.456304,1,-0.368000,0
2013-09-16,sz.002356,21.4300,21.8200,21.4000,21.7000,21.6600,189451,4089068.0000,3,0.236814,1,0.184700,0
2013-09-17,sz.002356,21.7600,21.7700,21.3800,21.3900,21.7000,193350,4165024.0000,3,0.241688,1,-1.428600,0
2013-09-18,sz.002356,21.3900,21.6000,21.3300,21.4400,21.3900,105208,2257598.0000,3,0.131510,1,0.233800,0
2013-09-23,sz.002356,21.4400,21.7000,21.4400,21.6300,21.4400,229278,4945147.0000,3,0.286598,1,0.886200,0
2013-09-24,sz.002356,21.6700,22.3400,21.3900,22.2200,21.6300,481803,10602224.0000,3,0.602254,1,2.727700,0
2013-09-25,sz.002356,22.1800,22.1900,21.8000,21.9000,22.2200,284452,6250525.0000,3,0.355565,1,-1.440100,0
2013-09-26,sz.002356,21.9700,21.9700,21.4200,21.4700,21.9000,188869,4086018.0000,3,0.236086,1,-1.963500,0
2013-09-27,sz.002356,21.4400,21.7900,21.4400,21.6700,21.4700,118080,2547616.0000,3,0.147600,1,0.931500,0
2013-09-30,sz.002356,21.6000,21.9000,21.5700,21.8300,21.6700,106557,2319008.0000,3,0.133196,1,0.738300,0
2013-10-08,sz.002356,21.8300,21.8300,21.8300,21.8300,21.8300,0,0.0000,3,,0,0.000000,0
2013-10-09,sz.002356,21.8300,21.8300,21.8300,21.8300,21.8300,0,0.0000,3,,0,0.000000,0
2013-10-10,sz.002356,21.8300,21.8300,21.8300,21.8300,21.8300,0,0.0000,3,,0,0.000000,0
2013-10-11,sz.002356,21.8300,21.8300,21.8300,21.8300,21.8300,0,0.0000,3,,0,0.000000,0
2013-10-14,sz.002356,21.8300,21.8300,21.8300,21.8300,21.8300,0,0.0000,3,,0,0.000000,0
2013-10-15,sz.002356,21.8300,21.8300,21.8300,21.8300,21.8300,0,0.0000,3,,0,0.000000,0
2013-10-16,sz.002356,21.8300,21.8300,21.8300,21.8300,21.8300,0,0.0000,3,,0,0.000000,0
2013-10-17,sz.002356,21.8300,21.8300,21.8300,21.8300,21.8300,0,0.0000,3,,0,0.000000,0
2013-10-18,sz.002356,21.8300,21.8300,21.8300,21.8300,21.8300,0,0.0000,3,,0,0.000000,0
2013-10-21,sz.002356,21.8300,21.8300,21.8300,21.8300,21.8300,0,0.0000,3,,0,0.000000,0
2013-10-22,sz.002356,21.8300,21.8300,21.8300,21.8300,21.8300,0,0.0000,3,,0,0.000000,0
2013-10-23,sz.002356,21.8300,21.8300,21.8300,21.8300,21.8300,0,0.0000,3,,0,0.000000,0
2013-10-24,sz.002356,21.8300,21.8300,21.8300,21.8300,21.8300,0,0.0000,3,,0,0.000000,0
2013-10-25,sz.002356,21.8300,21.8300,21.8300,21.8300,21.8300,0,0.0000,3,,0,0.000000,0
2013-10-28,sz.002356,21.8300,21.8300,21.8300,21.8300,21.8300,0,0.0000,3,,0,0.000000,0
2013-10-29,sz.002356,21.8300,21.8300,21.8300,21.8300,21.8300,0,0.0000,3,,0,0.000000,0
2013-10-30,sz.002356,21.8300,21.8300,21.8300,21.8300,21.8300,0,0.0000,3,,0,0.000000,0
2013-10-31,sz.002356,21.8300,21.8300,21.8300,21.8300,21.8300,0,0.0000,3,,0,0.000000,0
2013-11-01,sz.002356,21.8300,21.8300,21.8300,21.8300,21.8300,0,0.0000,3,,0,0.000000,0
2013-11-04,sz.002356,21.8300,21.8300,21.8300,21.8300,21.8300,0,0.0000,3,,0,0.000000,0
2013-11-05,sz.002356,21.8300,21.8300,21.8300,21.8300,21.8300,0,0.0000,3,,0,0.000000,0
2013-11-06,sz.002356,21.8300,21.8300,21.8300,21.8300,21.8300,0,0.0000,3,,0,0.000000,0
2013-11-07,sz.002356,21.8300,21.8300,21.8300,21.8300,21.8300,0,0.0000,3,,0,0.000000,0
2013-11-08,sz.002356,21.8300,21.8300,21.8300,21.8300,21.8300,0,0.0000,3,,0,0.000000,0
2013-11-11,sz.002356,21.8300,21.8300,21.8300,21.8300,21.8300,0,0.0000,3,,0,0.000000,0
2013-11-12,sz.002356,21.8300,21.8300,21.8300,21.8300,21.8300,0,0.0000,3,,0,0.000000,0
2013-11-13,sz.002356,21.8300,21.8300,21.8300,21.8300,21.8300,0,0.0000,3,,0,0.000000,0
2013-11-14,sz.002356,21.8300,21.8300,21.8300,21.8300,21.8300,0,0.0000,3,,0,0.000000,0
2013-11-15,sz.002356,21.8300,21.8300,21.8300,21.8300,21.8300,0,0.0000,3,,0,0.000000,0
2013-11-18,sz.002356,21.8300,21.8300,21.8300,21.8300,21.8300,0,0.0000,3,,0,0.000000,0
2013-11-19,sz.002356,21.8300,21.8300,21.8300,21.8300,21.8300,0,0.0000,3,,0,0.000000,0
2013-11-20,sz.002356,21.8300,21.8300,21.8300,21.8300,21.8300,0,0.0000,3,,0,0.000000,0
2013-11-21,sz.002356,21.8300,21.8300,21.8300,21.8300,21.8300,0,0.0000,3,,0,0.000000,0
2013-11-22,sz.002356,21.8300,21.8300,21.8300,21.8300,21.8300,0,0.0000,3,,0,0.000000,0
2013-11-25,sz.002356,21.8300,21.8300,21.8300,21.8300,21.8300,0,0.0000,3,,0,0.000000,0
2013-11-26,sz.002356,21.8300,21.8300,21.8300,21.8300,21.8300,0,0.0000,3,,0,0.000000,0
2013-11-27,sz.002356,21.8300,21.8300,21.8300,21.8300,21.8300,0,0.0000,3,,0,0.000000,0
2013-11-28,sz.002356,21.8300,21.8300,21.8300,21.8300,21.8300,0,0.0000,3,,0,0.000000,0
2013-11-29,sz.002356,21.8300,21.8300,21.8300,21.8300,21.8300,0,0.0000,3,,0,0.000000,0
2013-12-02,sz.002356,21.8300,21.8300,21.8300,21.8300,21.8300,0,0.0000,3,,0,0.000000,0
2013-12-03,sz.002356,21.8300,21.8300,21.8300,21.8300,21.8300,0,0.0000,3,,0,0.000000,0
2013-12-04,sz.002356,21.8300,21.8300,21.8300,21.8300,21.8300,0,0.0000,3,,0,0.000000,0
2013-12-05,sz.002356,21.8300,21.8300,21.8300,21.8300,21.8300,0,0.0000,3,,0,0.000000,0
2013-12-06,sz.002356,21.8300,21.8300,21.8300,21.8300,21.8300,0,0.0000,3,,0,0.000000,0
2013-12-09,sz.002356,21.8300,21.8300,21.8300,21.8300,21.8300,0,0.0000,3,,0,0.000000,0
2013-12-10,sz.002356,21.8300,21.8300,21.8300,21.8300,21.8300,0,0.0000,3,,0,0.000000,0
2013-12-11,sz.002356,21.8300,21.8300,21.8300,21.8300,21.8300,0,0.0000,3,,0,0.000000,0
2013-12-12,sz.002356,21.8300,21.8300,21.8300,21.8300,21.8300,0,0.0000,3,,0,0.000000,0
2013-12-13,sz.002356,21.8300,21.8300,21.8300,21.8300,21.8300,0,0.0000,3,,0,0.000000,0
2013-12-16,sz.002356,21.8300,21.8300,21.8300,21.8300,21.8300,0,0.0000,3,,0,0.000000,0
2013-12-17,sz.002356,21.8300,21.8300,21.8300,21.8300,21.8300,0,0.0000,3,,0,0.000000,0
2013-12-18,sz.002356,21.8300,21.8300,21.8300,21.8300,21.8300,0,0.0000,3,,0,0.000000,0
2013-12-19,sz.002356,21.8300,21.8300,21.8300,21.8300,21.8300,0,0.0000,3,,0,0.000000,0
2013-12-20,sz.002356,21.8300,21.8300,21.8300,21.8300,21.8300,0,0.0000,3,,0,0.000000,0
2013-12-23,sz.002356,21.8300,21.8300,21.8300,21.8300,21.8300,0,0.0000,3,,0,0.000000,0
2013-12-24,sz.002356,21.8300,21.8300,21.8300,21.8300,21.8300,0,0.0000,3,,0,0.000000,0
2013-12-25,sz.002356,21.8300,21.8300,21.8300,21.8300,21.8300,0,0.0000,3,,0,0.000000,0
2013-12-26,sz.002356,21.8300,21.8300,21.8300,21.8300,21.8300,0,0.0000,3,,0,0.000000,0
2013-12-27,sz.002356,21.8300,21.8300,21.8300,21.8300,21.8300,0,0.0000,3,,0,0.000000,0
2013-12-30,sz.002356,21.8300,21.8300,21.8300,21.8300,21.8300,0,0.0000,3,,0,0.000000,0
2013-12-31,sz.002356,21.8300,21.8300,21.8300,21.8300,21.8300,0,0.0000,3,,0,0.000000,0
2014-01-02,sz.002356,21.8300,21.8300,21.8300,21.8300,21.8300,0,0.0000,3,,0,0.000000,0
2014-01-03,sz.002356,21.8300,21.8300,21.8300,21.8300,21.8300,0,0.0000,3,,0,0.000000,0
2014-01-06,sz.002356,21.8300,21.8300,21.8300,21.8300,21.8300,0,0.0000,3,,0,0.000000,0
2014-01-07,sz.002356,21.8300,21.8300,21.8300,21.8300,21.8300,0,0.0000,3,,0,0.000000,0
2014-01-08,sz.002356,21.8300,21.8300,21.8300,21.8300,21.8300,0,0.0000,3,,0,0.000000,0
2014-01-09,sz.002356,21.8300,21.8300,21.8300,21.8300,21.8300,0,0.0000,3,,0,0.000000,0
2014-01-10,sz.002356,21.8300,21.8300,21.8300,21.8300,21.8300,0,0.0000,3,,0,0.000000,0
2014-01-13,sz.002356,24.0100,24.0100,24.0100,24.0100,21.8300,86242,2070670.0000,3,0.107803,1,9.986300,0
2014-01-14,sz.002356,26.4100,26.4100,26.3100,26.4100,24.0100,2609852,68925372.0000,3,3.262315,1,9.995800,0
2014-01-15,sz.002356,27.1700,27.7700,25.8000,26.7400,26.4100,5232474,139717771.0000,3,6.540593,1,1.249500,0
2014-01-16,sz.002356,26.5000,26.6500,25.5000,25.9600,26.7400,2892144,75233281.0000,3,3.615180,1,-2.917000,0
2014-01-17,sz.002356,26.0000,26.3600,25.2000,26.1000,25.9600,2342100,60269762.0000,3,2.927625,1,0.539300,0
2014-01-20,sz.002356,25.6300,26.1700,24.5000,24.8600,26.1000,1440331,36711395.0000,3,1.800414,1,-4.751000,0
2014-01-21,sz.002356,24.6000,25.6000,24.4000,25.4000,24.8600,1512717,37713714.0000,3,1.890896,1,2.172200,0
2014-01-22,sz.002356,25.1900,25.9900,24.8000,25.1900,25.4000,1817398,46086956.0000,3,2.271748,1,-0.826800,0
2014-01-23,sz.002356,25.2000,26.0900,25.0200,25.7600,25.1900,1657689,42418517.0000,3,2.072111,1,2.262800,0
2014-01-24,sz.002356,25.4000,26.0600,25.3900,25.5500,25.7600,1424886,36534033.0000,3,1.781107,1,-0.815200,0
2014-01-27,sz.002356,25.4000,26.3900,24.6200,26.3400,25.5500,1807087,46198177.0000,3,2.258859,1,3.092000,0
2014-01-28,sz.002356,26.0200,26.2600,25.4800,25.5300,26.3400,828555,21334199.0000,3,1.035694,1,-3.075200,0
2014-01-29,sz.002356,25.2000,25.8600,25.1500,25.5600,25.5300,478831,12224521.0000,3,0.598539,1,0.117500,0
2014-01-30,sz.002356,25.7800,26.1700,25.5100,26.0500,25.5600,829148,21470063.0000,3,1.036435,1,1.917100,0
2014-02-07,sz.002356,26.6500,28.6600,26.6400,28.6600,26.0500,1410449,39927889.0000,3,1.763061,1,10.019200,0
2014-02-10,sz.002356,31.5000,31.5000,29.7500,30.9500,28.6600,4010988,122626269.0000,3,5.013735,1,7.990200,0
2014-02-11,sz.002356,30.4700,33.7700,30.4000,33.0000,30.9500,3034108,98662985.0000,3,3.792635,1,6.623600,0
2014-02-12,sz.002356,32.5800,34.0700,31.6800,32.3600,33.0000,2110709,69322979.0000,3,2.638386,1,-1.939400,0
2014-02-13,sz.002356,31.9000,33.8100,31.5400,32.8000,32.3600,1654621,54430098.0000,3,2.068276,1,1.359700,0
2014-02-14,sz.002356,32.8000,33.6000,31.6100,32.8100,32.8000,1154773,37671996.0000,3,1.443466,1,0.030500,0
2014-02-17,sz.002356,32.8900,33.9600,32.2000,33.4500,32.8100,1050661,34949457.0000,3,1.313326,1,1.950600,0
2014-02-18,sz.002356,33.0800,33.5300,32.3600,32.6400,33.4500,922521,30334080.0000,3,1.153151,1,-2.421500,0
2014-02-19,sz.002356,32.6400,32.6400,31.7000,32.1300,32.6400,995941,31887603.0000,3,1.244926,1,-1.562500,0
2014-02-20,sz.002356,32.2600,32.3500,30.2500,30.3100,32.1300,1006558,31147301.0000,3,1.258198,1,-5.664500,0
2014-02-21,sz.002356,30.0900,31.6000,29.6600,31.5000,30.3100,692830,21156343.0000,3,0.866038,1,3.926100,0
2014-02-24,sz.002356,31.9200,32.4400,30.8200,32.1700,31.5000,862162,27265908.0000,3,1.077703,1,2.127000,0
2014-02-25,sz.002356,32.0100,32.4700,30.1000,30.3300,32.1700,653728,20581230.0000,3,0.817160,1,-5.719600,0
2014-02-26,sz.002356,30.0700,30.5800,28.7100,30.1200,30.3300,439199,13039608.0000,3,0.548999,1,-0.692400,0
2014-02-27,sz.002356,30.1800,30.9900,29.3100,29.3300,30.1200,556628,16718543.0000,3,0.695785,1,-2.622800,0
2014-02-28,sz.002356,29.2200,30.3000,28.7100,30.3000,29.3300,511051,15078141.0000,3,0.638814,1,3.307200,0
2014-03-03,sz.002356,30.0000,31.5900,29.8500,31.5500,30.3000,595977,18291920.0000,3,0.744971,1,4.125400,0
2014-03-04,sz.002356,31.2400,32.0000,31.1200,31.6700,31.5500,498017,15704099.0000,3,0.622521,1,0.380300,0
2014-03-05,sz.002356,31.6700,32.3000,31.1700,31.3000,31.6700,240458,7583240.0000,3,0.300572,1,-1.168300,0
2014-03-06,sz.002356,31.6800,32.8500,31.6000,31.9000,31.3000,579448,18719127.0000,3,0.724310,1,1.916900,0
2014-03-07,sz.002356,31.6900,31.6900,30.2000,30.3500,31.9000,605142,18494246.0000,3,0.756427,1,-4.858900,0
2014-03-10,sz.002356,29.9000,30.2000,29.1200,29.8100,30.3500,331011,9828078.0000,3,0.413764,1,-1.779200,0
2014-03-11,sz.002356,30.1900,30.3400,29.5100,29.8900,29.8100,232556,6995670.0000,3,0.290695,1,0.268400,0
2014-03-12,sz.002356,29.8800,30.4400,29.2100,29.9000,29.8900,245478,7303954.0000,3,0.306847,1,0.033500,0
2014-03-13,sz.002356,29.5000,29.9700,29.3000,29.7100,29.9000,289664,8584585.0000,3,0.362080,1,-0.635500,0
2014-03-14,sz.002356,29.6800,29.9900,29.5700,29.6400,29.7100,176013,5234982.0000,3,0.220016,1,-0.235600,0
2014-03-17,sz.002356,29.9700,30.2900,29.5700,30.1200,29.6400,270729,8118205.0000,3,0.338411,1,1.619400,0
2014-03-18,sz.002356,30.2000,30.9600,30.1200,30.3600,30.1200,356978,10913818.0000,3,0.446223,1,0.796800,0
2014-03-19,sz.002356,30.4900,30.4900,29.5800,29.7500,30.3600,319250,9506403.0000,3,0.399063,1,-2.009200,0
2014-03-20,sz.002356,29.6000,29.8800,28.2200,28.5900,29.7500,304865,8934628.0000,3,0.381081,1,-3.899200,0
2014-03-21,sz.002356,28.3000,28.8300,26.3000,27.7100,28.5900,721863,19800657.0000,3,0.902329,1,-3.078000,0
2014-03-24,sz.002356,27.7100,28.4000,27.5000,28.4000,27.7100,329124,9273419.0000,3,0.411405,1,2.490100,0
2014-03-25,sz.002356,28.1700,29.3000,28.1700,29.0000,28.4000,244898,7065116.0000,3,0.306122,1,2.112700,0
2014-03-26,sz.002356,29.1000,29.4500,28.5600,28.9500,29.0000,246967,7137625.0000,3,0.308709,1,-0.172400,0
2014-03-27,sz.002356,28.9600,29.5500,28.7100,28.7200,28.9500,343056,10011137.0000,3,0.428820,1,-0.794500,0
2014-03-28,sz.002356,28.7200,29.0900,27.6100,29.0200,28.7200,415769,11807579.0000,3,0.519711,1,1.044600,0
2014-03-31,sz.002356,28.9000,29.6000,28.0100,28.3900,29.0200,244915,7008613.0000,3,0.306144,1,-2.170900,0
2014-04-01,sz.002356,28.6400,28.7600,28.1500,28.6500,28.3900,79845,2273642.0000,3,0.099806,1,0.915800,0
2014-04-02,sz.002356,28.7900,29.4500,28.7300,28.7500,28.6500,204149,5939004.0000,3,0.255186,1,0.349000,0
2014-04-03,sz.002356,28.7500,29.3200,28.4100,29.2800,28.7500,245219,7096245.0000,3,0.306524,1,1.843500,0
2014-04-04,sz.002356,29.2800,29.6800,28.7800,29.0000,29.2800,477490,14001068.0000,3,0.596862,1,-0.956300,0
2014-04-08,sz.002356,29.0000,29.1600,28.7200,28.8900,29.0000,194605,5632521.0000,3,0.243256,1,-0.379300,0
2014-04-09,sz.002356,28.8000,29.1500,28.0700,28.7000,28.8900,342305,9834351.0000,3,0.427881,1,-0.657700,0
2014-04-10,sz.002356,28.7600,30.5900,28.5400,30.5500,28.7000,944566,28383149.0000,3,1.180708,1,6.446000,0
2014-04-11,sz.002356,30.5300,30.5300,29.8000,29.8500,30.5500,322284,9646951.0000,3,0.402855,1,-2.291300,0
2014-04-14,sz.002356,30.1500,30.5000,29.8800,30.1800,29.8500,596282,17969540.0000,3,0.745352,1,1.105500,0
2014-04-15,sz.002356,29.8700,30.0900,29.6000,29.6200,30.1800,327926,9776391.0000,3,0.409907,1,-1.855500,0
2014-04-16,sz.002356,29.6000,29.8500,29.4600,29.6900,29.6200,226827,6719841.0000,3,0.283534,1,0.236300,0
2014-04-17,sz.002356,29.4900,30.0800,29.1600,29.9500,29.6900,400238,11837341.0000,3,0.500297,1,0.875700,0
2014-04-18,sz.002356,29.7900,30.4800,29.2600,30.2700,29.9500,376122,11342116.0000,3,0.470152,1,1.068400,0
2014-04-21,sz.002356,30.0100,30.3200,29.7400,30.0700,30.2700,262848,7918930.0000,3,0.328560,1,-0.660700,0
2014-04-22,sz.002356,29.8200,30.3500,29.0300,29.6100,30.0700,248003,7355024.0000,3,0.310004,1,-1.529800,0
2014-04-23,sz.002356,29.3300,29.8200,29.0200,29.7000,29.6100,200829,5922748.0000,3,0.251036,1,0.304000,0
2014-04-24,sz.002356,29.7000,30.2000,29.3000,29.7700,29.7000,155724,4629940.0000,3,0.194655,1,0.235700,0
2014-04-25,sz.002356,29.7700,30.0000,29.4100,29.8000,29.7700,231401,6892692.0000,3,0.289251,1,0.100800,0
2014-04-28,sz.002356,30.0200,30.0200,29.0600,29.7400,29.8000,268018,7851522.0000,3,0.335023,1,-0.201300,0
2014-04-29,sz.002356,29.4800,29.8600,29.3500,29.8400,29.7400,138256,4105518.0000,3,0.172820,1,0.336200,0
2014-04-30,sz.002356,29.6000,31.0000,29.6000,30.5400,29.8400,765736,23388743.0000,3,0.957170,1,2.345800,0
2014-05-05,sz.002356,30.3500,31.4700,30.0100,30.4500,30.5400,652105,19983079.0000,3,0.815131,1,-0.294700,0
2014-05-06,sz.002356,30.4400,30.9700,29.6800,30.9500,30.4500,509287,15323443.0000,3,0.636609,1,1.642000,0
2014-05-07,sz.002356,30.8200,30.8900,30.0800,30.3600,30.9500,263600,8028559.0000,3,0.329500,1,-1.906300,0
2014-05-08,sz.002356,30.2900,30.7900,29.9000,30.0600,30.3600,307369,9308039.0000,3,0.384211,1,-0.988100,0
2014-05-09,sz.002356,30.2200,30.5500,29.8000,30.3800,30.0600,180403,5441672.0000,3,0.225504,1,1.064500,0
2014-05-12,sz.002356,30.6400,30.9400,30.2300,30.9100,30.3800,385816,11809328.0000,3,0.482270,1,1.744600,0
2014-05-13,sz.002356,30.9200,30.9200,30.4000,30.4500,30.9100,344180,10527267.0000,3,0.430225,1,-1.488200,0
2014-05-14,sz.002356,30.1300,30.5500,30.1300,30.3500,30.4500,170895,5168904.0000,3,0.213619,1,-0.328400,0
2014-05-15,sz.002356,30.2800,30.6800,30.1800,30.2000,30.3500,167120,5074217.0000,3,0.208900,1,-0.494200,0
2014-05-16,sz.002356,30.0800,30.3000,28.4000,29.3800,30.2000,687391,19879587.0000,3,0.859239,1,-2.715200,0
2014-05-19,sz.002356,28.9200,29.4400,27.9100,28.0100,29.3800,442100,12565391.0000,3,0.552625,1,-4.663000,0
2014-05-20,sz.002356,28.1100,28.3600,27.9000,28.3600,28.0100,245305,6894174.0000,3,0.306631,1,1.249600,0
2014-05-21,sz.002356,28.0900,29.1300,28.0000,29.1300,28.3600,313780,8954489.0000,3,0.392225,1,2.715100,0
2014-05-22,sz.002356,29.1700,29.3900,28.8300,29.3600,29.1300,137524,4003543.0000,3,0.171905,1,0.789600,0
2014-05-23,sz.002356,29.1100,29.5000,29.0300,29.4900,29.3600,85769,2513547.0000,3,0.107211,1,0.442800,0
2014-05-26,sz.002356,29.6200,29.7900,29.3000,29.5800,29.4900,83354,2460057.0000,3,0.104192,1,0.305200,0
2014-05-27,sz.002356,29.3300,29.6000,28.9500,29.0100,29.5800,109868,3212646.0000,3,0.137335,1,-1.927000,0
2014-05-28,sz.002356,28.9100,29.3000,28.9100,29.2100,29.0100,88098,2560807.0000,3,0.110122,1,0.689400,0
2014-05-29,sz.002356,29.0000,29.2800,28.7800,28.9900,28.9600,118750,3433768.0000,3,0.148438,1,0.103600,0
2014-05-30,sz.002356,28.8000,29.0500,28.8000,29.0300,28.9900,172842,4995689.0000,3,0.216052,1,0.138000,0
2014-06-03,sz.002356,28.7500,29.3500,28.7500,29.0700,29.0300,149884,4369545.0000,3,0.187355,1,0.137800,0
2014-06-04,sz.002356,29.0000,29.0600,28.7100,28.8500,29.0700,109254,3157001.0000,3,0.136568,1,-0.756800,0
2014-06-05,sz.002356,28.8500,28.8500,28.8500,28.8500,28.8500,0,0.0000,3,,0,0.000000,0
2014-06-06,sz.002356,28.8500,28.8500,28.8500,28.8500,28.8500,0,0.0000,3,,0,0.000000,0
2014-06-09,sz.002356,28.8500,28.8500,28.8500,28.8500,28.8500,0,0.0000,3,,0,0.000000,0
2014-06-10,sz.002356,28.8500,28.8500,28.8500,28.8500,28.8500,0,0.0000,3,,0,0.000000,0
2014-06-11,sz.002356,28.8500,28.8500,28.8500,28.8500,28.8500,0,0.0000,3,,0,0.000000,0
2014-06-12,sz.002356,28.8500,28.8500,28.8500,28.8500,28.8500,0,0.0000,3,,0,0.000000,0
2014-06-13,sz.002356,28.8500,28.8500,28.8500,28.8500,28.8500,0,0.0000,3,,0,0.000000,0
2014-06-16,sz.002356,30.3900,31.1900,29.8000,30.4200,28.8500,461126,14032823.0000,3,0.576407,1,5.441900,0
2014-06-17,sz.002356,30.2200,30.9600,30.1200,30.2200,30.4200,341650,10401478.0000,3,0.427063,1,-0.657500,0
2014-06-18,sz.002356,30.1600,30.3300,29.8100,30.0200,30.2200,667846,20108792.0000,3,0.834808,1,-0.661800,0
2014-06-19,sz.002356,30.1700,30.2300,28.2000,28.8000,30.0200,451036,13338119.0000,3,0.563795,1,-4.064000,0
2014-06-20,sz.002356,28.5500,29.4700,28.5000,29.4300,28.8000,253956,7314745.0000,3,0.317445,1,2.187500,0
2014-06-23,sz.002356,29.6000,30.1900,29.6000,30.0000,29.4300,281189,8444965.0000,3,0.351486,1,1.936800,0
2014-06-24,sz.002356,30.4100,30.4100,29.8100,30.1100,30.0000,132704,3987638.0000,3,0.165880,1,0.366700,0
2014-06-25,sz.002356,30.0100,30.3700,30.0100,30.2300,30.1100,180484,5442718.0000,3,0.225605,1,0.398500,0
2014-06-26,sz.002356,30.2000,30.6700,30.0300,30.6700,30.2300,378541,11535567.0000,3,0.473176,1,1.455500,0
2014-06-27,sz.002356,30.6700,30.8100,30.0600,30.3500,30.6700,259599,7884749.0000,3,0.324499,1,-1.043400,0
2014-06-30,sz.002356,30.3500,30.6700,30.2100,30.4200,30.3500,227242,6929025.0000,3,0.284052,1,0.230600,0
2014-07-01,sz.002356,30.4200,30.8200,30.3600,30.5900,30.4200,350681,10699752.0000,3,0.438351,1,0.558800,0
2014-07-02,sz.002356,30.7600,30.7600,30.2100,30.6400,30.5900,173182,5284447.0000,3,0.216477,1,0.163400,0
2014-07-03,sz.002356,30.3500,30.8400,30.3500,30.7900,30.6400,406842,12474509.0000,3,0.508552,1,0.489600,0
2014-07-04,sz.002356,30.8900,30.9000,30.6100,30.7800,30.7900,107113,3293137.0000,3,0.133891,1,-0.032500,0
2014-07-07,sz.002356,30.9300,31.7200,30.5100,31.4900,30.7800,449438,14111010.0000,3,0.561797,1,2.306700,0
2014-07-08,sz.002356,31.4900,31.9900,31.2300,31.3200,31.4900,224800,7081776.0000,3,0.281000,1,-0.539900,0
2014-07-09,sz.002356,31.1200,31.2000,30.0500,30.3900,31.3200,243641,7470908.0000,3,0.304551,1,-2.969300,0
2014-07-10,sz.002356,30.6800,30.9800,30.2000,30.4500,30.3900,136116,4160675.0000,3,0.170145,1,0.197400,0
2014-07-11,sz.002356,30.6800,30.7900,30.4500,30.6800,30.4500,96951,2966830.0000,3,0.121189,1,0.755300,0
2014-07-14,sz.002356,30.3600,30.7500,30.3600,30.7200,30.6800,117045,3580982.0000,3,0.146306,1,0.130400,0
2014-07-15,sz.002356,30.5500,30.9800,30.3400,30.6000,30.7200,162291,4984949.0000,3,0.202864,1,-0.390600,0
2014-07-16,sz.002356,30.6000,30.8500,30.3400,30.6700,30.6000,147859,4518419.0000,3,0.184824,1,0.228800,0
2014-07-17,sz.002356,30.6100,30.8700,30.6000,30.7800,30.6700,168884,5190492.0000,3,0.211105,1,0.358700,0
2014-07-18,sz.002356,30.7800,31.3200,30.7800,31.1600,30.7800,258823,8042404.0000,3,0.323529,1,1.234600,0
2014-07-21,sz.002356,31.0000,31.5800,30.8000,31.2200,31.1600,165619,5156882.0000,3,0.207024,1,0.192600,0
2014-07-22,sz.002356,31.2300,31.4800,30.8900,31.4300,31.2200,162703,5101987.0000,3,0.203379,1,0.672600,0
2014-07-23,sz.002356,31.1600,31.3500,30.5000,31.0400,31.4300,161159,5004986.0000,3,0.201449,1,-1.240900,0
2014-07-24,sz.002356,31.0400,31.3700,30.5000,30.7600,31.0400,169372,5234997.0000,3,0.211715,1,-0.902100,0
2014-07-25,sz.002356,30.5200,31.0000,30.1100,30.7000,30.7600,156699,4784415.0000,3,0.195874,1,-0.195100,0
2014-07-28,sz.002356,30.7000,31.0300,30.5000,30.8500,30.7000,224827,6923850.0000,3,0.281034,1,0.488600,0
2014-07-29,sz.002356,30.8700,30.9400,30.6000,30.9400,30.8500,202429,6226447.0000,3,0.253036,1,0.291700,0
2014-07-30,sz.002356,30.9300,31.3800,30.7200,31.0100,30.9400,155857,4834309.0000,3,0.194821,1,0.226200,0
2014-07-31,sz.002356,31.1500,31.4700,31.0800,31.3500,31.0100,263710,8252398.0000,3,0.329637,1,1.096400,0
2014-08-01,sz.002356,31.5000,34.0000,31.5000,33.5600,31.3500,1145069,38422743.0000,3,1.431336,1,7.049400,0
2014-08-04,sz.002356,33.5800,33.9900,32.0100,33.5800,33.5600,653215,21735755.0000,3,0.816519,1,0.059600,0
2014-08-05,sz.002356,33.5400,33.9800,33.1000,33.2100,33.5800,304237,10136879.0000,3,0.380296,1,-1.101900,0
2014-08-06,sz.002356,33.5900,33.7800,32.3800,32.8500,33.2100,330802,10888069.0000,3,0.413502,1,-1.084000,0
2014-08-07,sz.002356,32.8300,32.9500,32.3800,32.7200,32.8500,554088,18085111.0000,3,0.692610,1,-0.395700,0
2014-08-08,sz.002356,32.8000,32.8000,31.6300,32.2500,32.7200,595487,19217215.0000,3,0.744359,1,-1.436400,0
2014-08-11,sz.002356,32.0500,32.6500,31.8100,32.4600,32.2500,321596,10398402.0000,3,0.401995,1,0.651200,0
2014-08-12,sz.002356,32.4900,32.7700,31.7100,32.4600,32.4600,218501,7075593.0000,3,0.273126,1,0.000000,0
2014-08-13,sz.002356,32.1100,32.3900,31.6200,32.1700,32.4600,266334,8536789.0000,3,0.332918,1,-0.893400,0
2014-08-14,sz.002356,32.2800,32.6500,31.9000,32.6000,32.1700,275986,8882000.0000,3,0.344983,1,1.336700,0
2014-08-15,sz.002356,32.6900,33.5000,32.0100,33.1300,32.6000,515727,17031228.0000,3,0.644659,1,1.625800,0
2014-08-18,sz.002356,33.3000,34.0000,33.0500,33.7000,33.1300,475669,15965691.0000,3,0.594586,1,1.720500,0
2014-08-19,sz.002356,33.6600,33.7800,33.2100,33.3800,33.7000,275448,9213401.0000,3,0.344310,1,-0.949600,0
2014-08-20,sz.002356,33.3800,33.4900,32.8900,33.0400,33.3800,311332,10302028.0000,3,0.389165,1,-1.018600,0
2014-08-21,sz.002356,32.8200,33.3400,32.7300,33.3300,33.0400,171171,5660165.0000,3,0.213964,1,0.877700,0
2014-08-22,sz.002356,33.2000,33.5000,32.8300,33.4400,33.3300,228390,7582202.0000,3,0.285488,1,0.330000,0
2014-08-25,sz.002356,33.4500,35.8500,33.2200,34.8100,33.4400,650662,22698004.0000,3,0.813328,1,4.096900,0
2014-08-26,sz.002356,34.5600,35.9900,33.0000,35.7900,34.8100,1113728,38866977.0000,3,1.392160,1,2.815300,0
2014-08-27,sz.002356,35.4900,36.1800,35.0000,36.1500,35.7900,916070,32813326.0000,3,1.145087,1,1.005900,0
2014-08-28,sz.002356,36.1200,36.3000,35.6000,35.7200,36.1500,444065,15908792.0000,3,0.555081,1,-1.189500,0
2014-08-29,sz.002356,35.8900,37.5800,34.8000,37.4300,35.7200,1271541,46647135.0000,3,1.589426,1,4.787200,0
2014-09-01,sz.002356,37.1600,38.1600,35.6000,38.1500,37.4300,1038200,38665210.0000,3,1.297750,1,1.923600,0
2014-09-02,sz.002356,37.9000,40.1000,37.9000,39.8400,38.1500,1184435,46887885.0000,3,1.480544,1,4.429900,0
2014-09-03,sz.002356,39.8500,43.8200,39.4000,43.8200,39.8400,1376587,58907690.0000,3,1.720734,1,9.990000,0
2014-09-04,sz.002356,45.0000,47.2100,42.7100,43.3900,43.8200,2114540,93478859.0000,3,2.643175,1,-0.981300,0
2014-09-05,sz.002356,43.7200,43.7200,41.8800,42.5100,43.3900,1285367,54672754.0000,3,1.606709,1,-2.028100,0
2014-09-09,sz.002356,42.3900,42.9900,41.2500,42.3000,42.5100,1047044,44210446.0000,3,1.308805,1,-0.494000,0
2014-09-10,sz.002356,42.1900,43.5900,41.3500,42.2700,42.3000,893197,37951842.0000,3,1.116496,1,-0.070900,0
2014-09-11,sz.002356,42.2600,42.5000,41.7100,42.3000,42.2700,472822,19926020.0000,3,0.591028,1,0.071000,0
2014-09-12,sz.002356,42.3700,43.3000,42.0500,42.7000,42.3000,601431,25790228.0000,3,0.751789,1,0.945600,0
2014-09-15,sz.002356,42.7000,42.7000,42.0100,42.3500,42.7000,468825,19793500.0000,3,0.586031,1,-0.819700,0
2014-09-16,sz.002356,42.4000,42.7200,40.7000,40.7000,42.3500,560942,23261086.0000,3,0.701178,1,-3.896100,0
2014-09-17,sz.002356,40.5800,42.7000,40.5800,42.4200,40.7000,573037,24001005.0000,3,0.716296,1,4.226000,0
2014-09-18,sz.002356,42.4200,42.4200,42.4200,42.4200,42.4200,0,0.0000,3,,0,0.000000,0
2014-09-19,sz.002356,42.4200,42.4200,42.4200,42.4200,42.4200,0,0.0000,3,,0,0.000000,0
2014-09-22,sz.002356,42.4200,42.4200,42.4200,42.4200,42.4200,0,0.0000,3,,0,0.000000,0
2014-09-23,sz.002356,42.4200,42.4200,42.4200,42.4200,42.4200,0,0.0000,3,,0,0.000000,0
2014-09-24,sz.002356,42.4200,42.4200,42.4200,42.4200,42.4200,0,0.0000,3,,0,0.000000,0
2014-09-25,sz.002356,42.4200,42.4200,42.4200,42.4200,42.4200,0,0.0000,3,,0,0.000000,0
2014-09-26,sz.002356,42.4200,42.4200,42.4200,42.4200,42.4200,0,0.0000,3,,0,0.000000,0
2014-09-29,sz.002356,42.4200,42.4200,42.4200,42.4200,42.4200,0,0.0000,3,,0,0.000000,0
2014-09-30,sz.002356,42.4200,42.4200,42.4200,42.4200,42.4200,0,0.0000,3,,0,0.000000,0
2014-10-08,sz.002356,42.4200,42.4200,42.4200,42.4200,42.4200,0,0.0000,3,,0,0.000000,0
2014-10-09,sz.002356,42.4200,42.4200,42.4200,42.4200,42.4200,0,0.0000,3,,0,0.000000,0
2014-10-10,sz.002356,42.4200,42.4200,42.4200,42.4200,42.4200,0,0.0000,3,,0,0.000000,0
2014-10-13,sz.002356,42.4200,42.4200,42.4200,42.4200,42.4200,0,0.0000,3,,0,0.000000,0
2014-10-14,sz.002356,42.4200,42.4200,42.4200,42.4200,42.4200,0,0.0000,3,,0,0.000000,0
2014-10-15,sz.002356,42.4200,42.4200,42.4200,42.4200,42.4200,0,0.0000,3,,0,0.000000,0
2014-10-16,sz.002356,42.4200,42.4200,42.4200,42.4200,42.4200,0,0.0000,3,,0,0.000000,0
2014-10-17,sz.002356,42.4200,42.4200,42.4200,42.4200,42.4200,0,0.0000,3,,0,0.000000,0
2014-10-20,sz.002356,42.4200,42.4200,42.4200,42.4200,42.4200,0,0.0000,3,,0,0.000000,0
2014-10-21,sz.002356,42.4200,42.4200,42.4200,42.4200,42.4200,0,0.0000,3,,0,0.000000,0
2014-10-22,sz.002356,42.4200,42.4200,42.4200,42.4200,42.4200,0,0.0000,3,,0,0.000000,0
2014-10-23,sz.002356,42.4200,42.4200,42.4200,42.4200,42.4200,0,0.0000,3,,0,0.000000,0
2014-10-24,sz.002356,42.4200,42.4200,42.4200,42.4200,42.4200,0,0.0000,3,,0,0.000000,0
2014-10-27,sz.002356,42.4200,42.4200,42.4200,42.4200,42.4200,0,0.0000,3,,0,0.000000,0
2014-10-28,sz.002356,42.4200,42.4200,42.4200,42.4200,42.4200,0,0.0000,3,,0,0.000000,0
2014-10-29,sz.002356,42.4200,42.4200,42.4200,42.4200,42.4200,0,0.0000,3,,0,0.000000,0
2014-10-30,sz.002356,42.4200,42.4200,42.4200,42.4200,42.4200,0,0.0000,3,,0,0.000000,0
2014-10-31,sz.002356,42.4200,42.4200,42.4200,42.4200,42.4200,0,0.0000,3,,0,0.000000,0
2014-11-03,sz.002356,42.4200,42.4200,42.4200,42.4200,42.4200,0,0.0000,3,,0,0.000000,0
2014-11-04,sz.002356,42.4200,42.4200,42.4200,42.4200,42.4200,0,0.0000,3,,0,0.000000,0
2014-11-05,sz.002356,42.4200,42.4200,42.4200,42.4200,42.4200,0,0.0000,3,,0,0.000000,0
2014-11-06,sz.002356,42.4200,42.4200,42.4200,42.4200,42.4200,0,0.0000,3,,0,0.000000,0
2014-11-07,sz.002356,42.4200,42.4200,42.4200,42.4200,42.4200,0,0.0000,3,,0,0.000000,0
2014-11-10,sz.002356,42.4200,42.4200,42.4200,42.4200,42.4200,0,0.0000,3,,0,0.000000,0
2014-11-11,sz.002356,42.4200,42.4200,42.4200,42.4200,42.4200,0,0.0000,3,,0,0.000000,0
2014-11-12,sz.002356,42.4200,42.4200,42.4200,42.4200,42.4200,0,0.0000,3,,0,0.000000,0
2014-11-13,sz.002356,42.4200,42.4200,42.4200,42.4200,42.4200,0,0.0000,3,,0,0.000000,0
2014-11-14,sz.002356,42.4200,42.4200,42.4200,42.4200,42.4200,0,0.0000,3,,0,0.000000,0
2014-11-17,sz.002356,42.4200,42.4200,42.4200,42.4200,42.4200,0,0.0000,3,,0,0.000000,0
2014-11-18,sz.002356,42.4200,42.4200,42.4200,42.4200,42.4200,0,0.0000,3,,0,0.000000,0
2014-11-19,sz.002356,42.4200,42.4200,42.4200,42.4200,42.4200,0,0.0000,3,,0,0.000000,0
2014-11-20,sz.002356,42.4200,42.4200,42.4200,42.4200,42.4200,0,0.0000,3,,0,0.000000,0
2014-11-21,sz.002356,42.4200,42.4200,42.4200,42.4200,42.4200,0,0.0000,3,,0,0.000000,0
2014-11-24,sz.002356,42.4200,42.4200,42.4200,42.4200,42.4200,0,0.0000,3,,0,0.000000,0
2014-11-25,sz.002356,42.4200,42.4200,42.4200,42.4200,42.4200,0,0.0000,3,,0,0.000000,0
2014-11-26,sz.002356,42.4200,42.4200,42.4200,42.4200,42.4200,0,0.0000,3,,0,0.000000,0
2014-11-27,sz.002356,42.4200,42.4200,42.4200,42.4200,42.4200,0,0.0000,3,,0,0.000000,0
2014-11-28,sz.002356,42.4200,42.4200,42.4200,42.4200,42.4200,0,0.0000,3,,0,0.000000,0
2014-12-01,sz.002356,42.4200,42.4200,42.4200,42.4200,42.4200,0,0.0000,3,,0,0.000000,0
2014-12-02,sz.002356,42.4200,42.4200,42.4200,42.4200,42.4200,0,0.0000,3,,0,0.000000,0
2014-12-03,sz.002356,42.4200,42.4200,42.4200,42.4200,42.4200,0,0.0000,3,,0,0.000000,0
2014-12-04,sz.002356,42.4200,42.4200,42.4200,42.4200,42.4200,0,0.0000,3,,0,0.000000,0
2014-12-05,sz.002356,42.4200,42.4200,42.4200,42.4200,42.4200,0,0.0000,3,,0,0.000000,0
2014-12-08,sz.002356,42.4200,42.4200,42.4200,42.4200,42.4200,0,0.0000,3,,0,0.000000,0
2014-12-09,sz.002356,42.4200,42.4200,42.4200,42.4200,42.4200,0,0.0000,3,,0,0.000000,0
2014-12-10,sz.002356,42.4200,42.4200,42.4200,42.4200,42.4200,0,0.0000,3,,0,0.000000,0
2014-12-11,sz.002356,42.4200,42.4200,42.4200,42.4200,42.4200,0,0.0000,3,,0,0.000000,0
2014-12-12,sz.002356,42.4200,42.4200,42.4200,42.4200,42.4200,0,0.0000,3,,0,0.000000,0
2014-12-15,sz.002356,42.4200,42.4200,42.4200,42.4200,42.4200,0,0.0000,3,,0,0.000000,0
2014-12-16,sz.002356,42.4200,42.4200,42.4200,42.4200,42.4200,0,0.0000,3,,0,0.000000,0
2014-12-17,sz.002356,42.4200,42.4200,42.4200,42.4200,42.4200,0,0.0000,3,,0,0.000000,0
2014-12-18,sz.002356,42.4200,42.4200,42.4200,42.4200,42.4200,0,0.0000,3,,0,0.000000,0
2014-12-19,sz.002356,42.4200,42.4200,42.4200,42.4200,42.4200,0,0.0000,3,,0,0.000000,0
2014-12-22,sz.002356,46.6600,46.6600,38.1800,42.7800,42.4200,1799417,74534330.0000,3,2.249271,1,0.848700,0
2014-12-23,sz.002356,38.5100,42.8100,38.5000,41.8800,42.7800,1237828,49692379.0000,3,1.547285,1,-2.103800,0
2014-12-24,sz.002356,41.8000,41.8000,39.3200,40.3600,41.8800,438467,17581699.0000,3,0.548084,1,-3.629400,0
2014-12-25,sz.002356,40.3500,40.3500,38.2600,39.1400,40.3600,480377,18711599.0000,3,0.600471,1,-3.022800,0
2014-12-26,sz.002356,38.4200,39.4900,37.3900,39.4800,39.1400,721505,27541735.0000,3,0.901881,1,0.868700,0
2014-12-29,sz.002356,39.0000,39.0000,37.0200,38.3500,39.4800,563040,21217568.0000,3,0.703800,1,-2.862200,0
2014-12-30,sz.002356,37.8900,37.9300,36.8100,37.2000,38.3500,247310,9184186.0000,3,0.309138,1,-2.998700,0
2014-12-31,sz.002356,37.2000,38.3800,36.6000,38.1800,37.2000,351043,13293421.0000,3,0.438804,1,2.634400,0
2015-01-05,sz.002356,38.5000,38.5000,37.4300,37.8500,38.1800,132256,5006965.0000,3,0.165320,1,-0.864300,0
2015-01-06,sz.002356,37.8300,38.0800,36.8000,37.9000,37.8500,288875,10891430.0000,3,0.361094,1,0.132100,0
2015-01-07,sz.002356,37.9300,39.1000,37.9100,38.1000,37.9000,198711,7615276.0000,3,0.248389,1,0.527700,0
2015-01-08,sz.002356,38.7200,38.8000,37.5300,38.2000,38.1000,239979,9157020.0000,3,0.299974,1,0.262500,0
2015-01-09,sz.002356,38.3800,38.7700,37.8300,38.0300,38.2000,223100,8574306.0000,3,0.278875,1,-0.445000,0
2015-01-12,sz.002356,38.0600,38.0600,37.0000,37.7100,38.0300,248044,9317974.0000,3,0.310055,1,-0.841400,0
2015-01-13,sz.002356,37.7000,37.8800,37.0300,37.8600,37.7100,193882,7267806.0000,3,0.242353,1,0.397800,0
2015-01-14,sz.002356,37.6700,38.2000,37.4600,38.0000,37.8600,132300,4988793.0000,3,0.165375,1,0.369800,0
2015-01-15,sz.002356,37.9400,39.6400,37.5400,38.2500,38.0000,807295,31135936.0000,3,1.009119,1,0.657900,0
2015-01-16,sz.002356,38.0000,40.5800,38.0000,40.5400,38.2500,642637,25416216.0000,3,0.803296,1,5.986900,0
2015-01-19,sz.002356,40.3000,43.1800,40.3000,42.5700,40.5400,935867,39296083.0000,3,1.169834,1,5.007400,0
2015-01-20,sz.002356,42.5400,44.1500,42.5300,43.9500,42.5700,650151,28301195.0000,3,0.812689,1,3.241700,0
2015-01-21,sz.002356,43.9900,44.9800,42.9100,44.8800,43.9500,704953,31061022.0000,3,0.881191,1,2.116000,0
2015-01-22,sz.002356,44.4500,45.8600,43.5000,45.1000,44.8800,452450,20405309.0000,3,0.565562,1,0.490200,0
2015-01-23,sz.002356,44.3400,45.4900,43.0300,43.6600,45.1000,659511,29226524.0000,3,0.824389,1,-3.192900,0
2015-01-26,sz.002356,43.6400,43.9900,41.9400,43.1800,43.6600,720059,30858291.0000,3,0.900074,1,-1.099400,0
2015-01-27,sz.002356,42.9900,43.5500,42.4000,43.2400,43.1800,230477,9904307.0000,3,0.288096,1,0.139000,0
2015-01-28,sz.002356,43.1500,45.4500,42.8000,43.6100,43.2400,447165,19631643.0000,3,0.558956,1,0.855700,0
2015-01-29,sz.002356,42.5000,44.0000,42.4400,43.2400,43.6100,134414,5827790.0000,3,0.168017,1,-0.848400,0
2015-01-30,sz.002356,43.2400,43.4600,42.0100,42.3800,43.2400,201523,8604074.0000,3,0.251904,1,-1.988900,0
2015-02-02,sz.002356,42.3800,42.3800,42.3800,42.3800,42.3800,0,0.0000,3,,0,0.000000,0
2015-02-03,sz.002356,42.3800,42.3800,42.3800,42.3800,42.3800,0,0.0000,3,,0,0.000000,0
2015-02-04,sz.002356,42.4200,42.4200,41.1500,41.5900,42.3800,285432,11972039.0000,3,0.356790,1,-1.864100,0
2015-02-05,sz.002356,41.5500,41.5900,39.6800,39.8200,41.5900,225601,9127042.0000,3,0.282001,1,-4.255800,0
2015-02-06,sz.002356,39.9900,40.8600,38.8100,38.9000,39.8200,201166,7971266.0000,3,0.251458,1,-2.310400,0
2015-02-09,sz.002356,39.0000,39.6600,38.0000,38.4600,38.9000,162316,6257765.0000,3,0.202895,1,-1.131100,0
2015-02-10,sz.002356,38.5800,38.5800,37.7700,38.1800,38.4600,205180,7811008.0000,3,0.256475,1,-0.728000,0
2015-02-11,sz.002356,38.3000,39.9900,38.0800,39.9900,38.1800,343306,13482334.0000,3,0.429133,1,4.740700,0
2015-02-12,sz.002356,40.0000,43.9000,39.0000,42.0000,39.9900,2973454,120471246.0000,3,3.716817,1,5.026300,0
2015-02-13,sz.002356,41.9000,42.2000,41.0600,41.9100,42.0000,786668,32650036.0000,3,0.983335,1,-0.214300,0
2015-02-16,sz.002356,41.7300,41.7400,40.5100,40.8600,41.9100,2237145,91340781.0000,3,2.796431,1,-2.505400,0
2015-02-17,sz.002356,41.2400,41.4500,40.6600,40.8000,40.8600,299694,12292709.0000,3,0.374617,1,-0.146800,0
2015-02-25,sz.002356,40.9600,41.2000,40.1300,41.1100,40.8000,243873,9914363.0000,3,0.304841,1,0.759800,0
2015-02-26,sz.002356,41.0000,41.2000,40.0000,40.9100,41.1100,275003,11150961.0000,3,0.343754,1,-0.486500,0
2015-02-27,sz.002356,41.0000,41.0000,40.0600,40.5400,40.9100,244249,9881366.0000,3,0.305311,1,-0.904400,0
2015-03-02,sz.002356,40.5600,44.5500,40.5600,44.5500,40.5400,1016602,43800540.0000,3,1.270753,1,9.891500,0
2015-03-03,sz.002356,44.5000,44.5500,43.0600,43.5400,44.5500,436250,19009938.0000,3,0.545312,1,-2.267100,0
2015-03-04,sz.002356,43.0000,43.6700,42.7700,43.5600,43.5400,388739,16812709.0000,3,0.485924,1,0.045900,0
2015-03-05,sz.002356,43.5800,43.5900,42.9800,43.4600,43.5600,237542,10283317.0000,3,0.296928,1,-0.229600,0
2015-03-06,sz.002356,43.8600,43.9000,42.9000,43.0400,43.4600,233956,10099929.0000,3,0.292445,1,-0.966400,0
2015-03-09,sz.002356,42.6500,43.5000,42.0800,43.4200,43.0400,266918,11442540.0000,3,0.333648,1,0.882900,0
2015-03-10,sz.002356,43.0400,45.5000,43.0400,44.8700,43.4200,541169,24126437.0000,3,0.676461,1,3.339500,0
2015-03-11,sz.002356,44.7000,45.5000,44.5000,45.1300,44.8700,316256,14207796.0000,3,0.395320,1,0.579500,0
2015-03-12,sz.002356,45.3000,47.2100,44.7000,45.3200,45.1300,450545,20792245.0000,3,0.563181,1,0.421000,0
2015-03-13,sz.002356,45.3200,45.3200,45.3200,45.3200,45.3200,0,0.0000,3,,0,0.000000,0
2015-03-16,sz.002356,45.3200,45.3200,45.3200,45.3200,45.3200,0,0.0000,3,,0,0.000000,0
2015-03-17,sz.002356,45.3200,45.3200,45.3200,45.3200,45.3200,0,0.0000,3,,0,0.000000,0
2015-03-18,sz.002356,45.3200,45.3200,45.3200,45.3200,45.3200,0,0.0000,3,,0,0.000000,0
2015-03-19,sz.002356,45.3200,45.3200,45.3200,45.3200,45.3200,0,0.0000,3,,0,0.000000,0
2015-03-20,sz.002356,45.3200,45.3200,45.3200,45.3200,45.3200,0,0.0000,3,,0,0.000000,0
2015-03-23,sz.002356,45.3200,45.3200,45.3200,45.3200,45.3200,0,0.0000,3,,0,0.000000,0
2015-03-24,sz.002356,44.9000,49.8500,43.0100,49.8500,45.3200,2063368,94925589.0000,3,2.579210,1,9.995600,0
2015-03-25,sz.002356,49.8500,54.8000,48.8000,53.0100,49.8500,1785871,92893839.0000,3,2.232339,1,6.339000,0
2015-03-26,sz.002356,52.3700,55.0000,50.1000,53.1500,53.0100,1139345,59544135.0000,3,1.424181,1,0.264100,0
2015-03-27,sz.002356,52.6000,53.4800,51.0000,52.5000,53.1500,576556,30151143.0000,3,0.720695,1,-1.223000,0
2015-03-30,sz.002356,57.7500,57.7500,57.7500,57.7500,52.5000,892505,51542163.0000,3,1.115631,1,10.000000,0
2015-03-31,sz.002356,60.0000,63.5300,59.0000,63.5300,57.7500,11220729,700866560.0000,3,14.025911,1,10.008700,0
2015-04-01,sz.002356,64.9000,69.8800,64.2500,69.8800,63.5300,3867932,262947577.0000,3,4.834915,1,9.995300,0
2015-04-02,sz.002356,76.8700,76.8700,76.8100,76.8700,69.8800,2450130,188341376.0000,3,3.062663,1,10.002900,0
2015-04-03,sz.002356,84.0000,84.5600,80.0200,84.5600,76.8700,6072894,508057824.0000,3,7.591117,1,10.003900,0
2015-04-07,sz.002356,88.3700,93.0200,79.9900,90.7800,84.5600,9805463,832643520.0000,3,12.256829,1,7.355700,0
2015-04-08,sz.002356,86.9000,98.9500,86.9000,95.9000,90.7800,7308502,670577744.0000,3,9.135628,1,5.640000,0
2015-04-09,sz.002356,93.5000,95.5000,86.3100,90.5500,95.9000,5641392,514903424.0000,3,7.051740,1,-5.578700,0
2015-04-10,sz.002356,88.0000,99.6100,87.8900,99.6100,90.5500,5295503,513587440.0000,3,6.619379,1,10.005500,0
2015-04-13,sz.002356,99.9500,109.5700,99.6100,109.5700,99.6100,3689426,391995088.0000,3,4.611783,1,9.999000,0
2015-04-14,sz.002356,114.0000,120.5300,106.9900,109.3000,109.5700,5757813,671146432.0000,3,7.197266,1,-0.246400,0
2015-04-15,sz.002356,105.0000,107.9900,98.3700,98.3700,109.3000,3935403,396027344.0000,3,4.919254,1,-10.000000,0
2015-04-16,sz.002356,89.2000,101.9900,88.5300,91.4000,98.3700,4855652,455088496.0000,3,6.069565,1,-7.085500,0
2015-04-17,sz.002356,91.8700,98.5000,90.0000,92.0900,91.4000,3491491,326275584.0000,3,4.364364,1,0.754900,0
2015-04-20,sz.002356,89.0000,92.3500,82.8800,82.8800,92.0900,3966183,342184848.0000,3,4.957729,1,-10.001100,0
2015-04-21,sz.002356,80.2000,91.1700,80.0200,91.1700,82.8800,4680826,412571552.0000,3,5.851033,1,10.002400,0
2015-04-22,sz.002356,91.2100,100.2900,91.2000,99.4000,91.1700,4493408,432298384.0000,3,5.616760,1,9.027100,0
2015-04-23,sz.002356,95.5000,98.5000,91.8100,93.9700,99.4000,4605248,432266928.0000,3,5.756560,1,-5.462800,0
2015-04-24,sz.002356,92.0000,97.7000,87.6500,94.8000,93.9700,4058417,374488080.0000,3,5.073021,1,0.883300,0
2015-04-27,sz.002356,94.0000,94.5000,88.1000,88.9100,94.8000,3874476,352005584.0000,3,4.843095,1,-6.213100,0
2015-04-28,sz.002356,90.0000,90.0000,80.9800,82.6300,88.9100,3450466,289465568.0000,3,4.313083,1,-7.063300,0
2015-04-29,sz.002356,84.0000,90.5000,83.1600,89.3900,82.6300,3714588,325083200.0000,3,4.643235,1,8.181100,0
2015-04-30,sz.002356,92.0000,94.6000,89.5000,89.8900,89.3900,3855817,353582208.0000,3,4.819771,1,0.559300,0
2015-05-04,sz.002356,88.0800,88.3300,83.0000,85.5300,89.8900,1957800,167717295.0000,3,2.447250,1,-4.850400,0
2015-05-05,sz.002356,86.9900,90.0000,85.2500,87.5000,85.5300,2300723,201889384.0000,3,2.875904,1,2.303300,0
2015-05-06,sz.002356,88.1400,90.6200,84.4900,86.9000,87.5000,2942983,259694807.0000,3,3.678729,1,-0.685700,0
2015-05-07,sz.002356,28.0000,29.6000,26.0300,26.0300,28.9200,7470191,203327718.0000,3,3.112580,1,-9.993100,0
2015-05-08,sz.002356,26.1000,28.6300,25.3300,28.6300,26.0300,11376191,309932192.0000,3,4.740080,1,9.988500,0
2015-05-11,sz.002356,30.0100,30.5000,28.9000,29.7000,28.6300,12845281,382690752.0000,3,5.352200,1,3.737300,0
2015-05-12,sz.002356,29.4500,32.6700,28.4300,32.6700,29.7000,13502953,413166016.0000,3,5.626230,1,10.000000,0
2015-05-13,sz.002356,33.1000,35.6000,31.6600,33.5700,32.6700,18771000,639423328.0000,3,7.821250,1,2.754800,0
2015-05-14,sz.002356,33.0000,35.5000,32.3000,33.7100,33.5700,11045452,378492848.0000,3,4.602272,1,0.417000,0
2015-05-15,sz.002356,33.7700,34.3000,30.3400,31.8900,33.7100,12395307,395695072.0000,3,5.164711,1,-5.399000,0
2015-05-18,sz.002356,31.7400,35.0800,31.1000,35.0800,31.8900,11292803,388527920.0000,3,4.705335,1,10.003100,0
2015-05-19,sz.002356,35.0800,35.0800,35.0800,35.0800,35.0800,0,0.0000,3,,0,0.000000,0
2015-05-20,sz.002356,35.0800,35.0800,35.0800,35.0800,35.0800,0,0.0000,3,,0,0.000000,0
2015-05-21,sz.002356,35.0800,35.0800,35.0800,35.0800,35.0800,0,0.0000,3,,0,0.000000,0
2015-05-22,sz.002356,35.0800,35.0800,35.0800,35.0800,35.0800,0,0.0000,3,,0,0.000000,0
2015-05-25,sz.002356,35.0800,35.0800,35.0800,35.0800,35.0800,0,0.0000,3,,0,0.000000,0
2015-05-26,sz.002356,35.0800,35.0800,35.0800,35.0800,35.0800,0,0.0000,3,,0,0.000000,0
2015-05-27,sz.002356,35.0800,35.0800,35.0800,35.0800,35.0800,0,0.0000,3,,0,0.000000,0
2015-05-28,sz.002356,35.0800,35.0800,35.0800,35.0800,35.0800,0,0.0000,3,,0,0.000000,0
2015-05-29,sz.002356,35.0800,35.0800,35.0800,35.0800,35.0800,0,0.0000,3,,0,0.000000,0
2015-06-01,sz.002356,35.0800,35.0800,35.0800,35.0800,35.0800,0,0.0000,3,,0,0.000000,0
2015-06-02,sz.002356,35.0800,35.0800,35.0800,35.0800,35.0800,0,0.0000,3,,0,0.000000,0
2015-06-03,sz.002356,35.0800,35.0800,35.0800,35.0800,35.0800,0,0.0000,3,,0,0.000000,0
2015-06-04,sz.002356,35.0800,35.0800,35.0800,35.0800,35.0800,0,0.0000,3,,0,0.000000,0
2015-06-05,sz.002356,35.0800,35.0800,35.0800,35.0800,35.0800,0,0.0000,3,,0,0.000000,0
2015-06-08,sz.002356,38.5900,38.5900,38.5900,38.5900,35.0800,147972,5710239.0000,3,0.061655,1,10.005700,0
2015-06-09,sz.002356,42.0000,42.4500,39.8000,42.4500,38.5900,8632592,361502080.0000,3,3.596913,1,10.002600,0
2015-06-10,sz.002356,42.0000,46.0000,40.1500,43.8200,42.4500,19457030,862609728.0000,3,8.107096,1,3.227300,0
2015-06-11,sz.002356,42.1500,44.6700,41.1900,43.3100,43.8200,13734837,584125120.0000,3,5.722849,1,-1.163800,0
2015-06-12,sz.002356,43.5000,47.0000,43.5000,45.7000,43.3100,13391086,611797104.0000,3,5.579619,1,5.518400,0
2015-06-15,sz.002356,44.0100,45.1100,41.4000,41.8300,45.7000,10903746,469174656.0000,3,4.543228,1,-8.468300,0
2015-06-16,sz.002356,41.0000,41.0000,37.6500,37.6500,41.8300,8017859,308467296.0000,3,3.340775,1,-9.992800,0
2015-06-17,sz.002356,37.3100,39.5000,35.1200,39.4500,37.6500,7926276,296351392.0000,3,3.302615,1,4.780900,0
2015-06-18,sz.002356,38.9100,38.9900,35.5500,35.7100,39.4500,5284645,198367501.0000,3,2.201935,1,-9.480400,0
2015-06-19,sz.002356,34.7000,35.3000,32.1400,32.1400,35.7100,4692942,156655666.0000,3,1.955392,1,-9.997200,0
2015-06-23,sz.002356,31.9000,32.8900,28.9300,32.2000,32.1400,5953769,182321950.0000,3,2.480737,1,0.186700,0
2015-06-24,sz.002356,31.0000,33.4200,30.5600,32.2900,32.2000,6615448,212897037.0000,3,2.756437,1,0.279500,0
2015-06-25,sz.002356,32.0000,32.0000,29.0600,29.0600,32.2900,7627783,229102069.0000,3,3.178243,1,-10.003100,0
2015-06-26,sz.002356,27.1500,27.1600,26.1500,26.1500,29.0600,3938150,103775139.0000,3,1.640896,1,-10.013800,0
2015-06-29,sz.002356,26.3000,26.5500,23.5400,23.5400,26.1500,5937212,142932553.0000,3,2.473838,1,-9.980900,0
2015-06-30,sz.002356,22.2000,24.6900,21.1900,24.4300,23.5400,7735667,176588378.0000,3,3.223195,1,3.780800,0
2015-07-01,sz.002356,23.9100,24.6800,21.9900,21.9900,24.4300,6942012,163180451.0000,3,2.892505,1,-9.987700,0
2015-07-02,sz.002356,20.9900,21.3000,19.7900,19.7900,21.9900,5136747,103351057.0000,3,2.140311,1,-10.004500,0
2015-07-03,sz.002356,20.4100,21.7700,20.3500,21.7700,19.7900,12789450,271917216.0000,3,5.328938,1,10.005000,0
2015-07-06,sz.002356,23.9500,23.9500,22.9000,23.9500,21.7700,14604760,349289504.0000,3,6.085317,1,10.013800,0
2015-07-07,sz.002356,23.9500,23.9500,23.9500,23.9500,23.9500,0,0.0000,3,,0,0.000000,0
2015-07-08,sz.002356,23.9500,23.9500,23.9500,23.9500,23.9500,0,0.0000,3,,0,0.000000,0
2015-07-09,sz.002356,23.9500,23.9500,23.9500,23.9500,23.9500,0,0.0000,3,,0,0.000000,0
2015-07-10,sz.002356,23.9500,23.9500,23.9500,23.9500,23.9500,0,0.0000,3,,0,0.000000,0
2015-07-13,sz.002356,23.9500,23.9500,23.9500,23.9500,23.9500,0,0.0000,3,,0,0.000000,0
2015-07-14,sz.002356,26.3500,26.3500,26.3500,26.3500,23.9500,146718,3866019.0000,3,0.061132,1,10.020900,0
2015-07-15,sz.002356,28.0000,28.0000,23.7200,23.7200,26.3500,12440111,316141408.0000,3,5.183380,1,-9.981000,0
2015-07-16,sz.002356,21.7800,24.9900,21.3500,23.1000,23.7200,11516657,264638676.0000,3,4.798607,1,-2.613800,0
2015-07-17,sz.002356,23.3000,24.9700,22.8000,24.5800,23.1000,9647699,232527068.0000,3,4.019875,1,6.406900,0
2015-07-20,sz.002356,24.9000,26.7600,24.5000,26.2500,24.5800,10421079,268503776.0000,3,4.342116,1,6.794100,0
2015-07-21,sz.002356,25.7500,27.0000,24.7600,26.1400,26.2500,9108913,239626601.0000,3,3.795380,1,-0.419000,0
2015-07-22,sz.002356,26.1000,26.5700,25.1800,25.9800,26.1400,7333873,189893816.0000,3,3.055780,1,-0.612100,0
2015-07-23,sz.002356,25.9800,26.9600,25.0400,26.7600,25.9800,9199409,242565638.0000,3,3.833087,1,3.002300,0
2015-07-24,sz.002356,27.2200,28.3500,25.8900,26.4500,26.7600,10014295,274361264.0000,3,4.172623,1,-1.158400,0
2015-07-27,sz.002356,25.5000,26.3800,23.8100,23.8100,26.4500,6106498,153798730.0000,3,2.544374,1,-9.981100,0
2015-07-28,sz.002356,21.7000,23.7900,21.4300,21.6700,23.8100,5926111,130179477.0000,3,2.469213,1,-8.987800,0
2015-07-29,sz.002356,22.2200,22.9100,20.8000,22.9100,21.6700,4397283,96576145.0000,3,1.832201,1,5.722200,0
2015-07-30,sz.002356,23.0000,23.3900,21.0000,21.2500,22.9100,4970846,113505989.0000,3,2.071186,1,-7.245700,0
2015-07-31,sz.002356,21.0200,21.3000,19.9100,20.3000,21.2500,3880424,80361612.0000,3,1.616843,1,-4.470600,0
2015-08-03,sz.002356,20.6000,20.6300,18.2700,18.2800,20.3000,3571871,69130700.0000,3,1.488280,1,-9.950700,0
2015-08-04,sz.002356,18.2800,20.1100,18.2800,20.1100,18.2800,4682192,91301409.0000,3,1.950913,1,10.010900,0
2015-08-05,sz.002356,20.1700,21.3900,20.1700,20.5100,20.1100,6204415,129276739.0000,3,2.585173,1,1.989100,0
2015-08-06,sz.002356,20.2000,20.8500,19.7000,20.7400,20.5100,3545376,72462305.0000,3,1.477240,1,1.121400,0
2015-08-07,sz.002356,20.7600,22.8000,20.7600,22.1600,20.7400,6018987,131969459.0000,3,2.507911,1,6.846700,0
2015-08-10,sz.002356,22.2000,24.2000,22.2000,23.9300,22.1600,6640100,154252173.0000,3,2.766708,1,7.987400,0
2015-08-11,sz.002356,23.6000,24.8100,23.0200,24.1500,23.9300,8874252,210747927.0000,3,3.697605,1,0.919300,0
2015-08-12,sz.002356,23.5000,24.4300,23.0600,23.0700,24.1500,4548723,107561342.0000,3,1.895301,1,-4.472000,0
2015-08-13,sz.002356,23.0000,23.4900,22.5000,23.4400,23.0700,3851782,88929901.0000,3,1.604909,1,1.603800,0
2015-08-14,sz.002356,23.6700,25.7300,23.1500,25.1300,23.4400,7199207,173925130.0000,3,2.999670,1,7.209900,0
2015-08-17,sz.002356,25.5900,25.5900,24.1600,24.8000,25.1300,7014188,174040094.0000,3,2.922578,1,-1.313200,0
2015-08-18,sz.002356,24.8200,24.8300,22.3200,22.3200,24.8000,5019601,118797048.0000,3,2.091500,1,-10.000000,0
2015-08-19,sz.002356,21.7000,23.2300,20.2200,22.9200,22.3200,4353590,93806716.0000,3,1.813996,1,2.688200,0
2015-08-20,sz.002356,22.5300,22.8000,21.3900,21.5500,22.9200,2538049,56246383.0000,3,1.057520,1,-5.977300,0
2015-08-21,sz.002356,21.0000,21.5300,19.9900,20.1300,21.5500,2727236,56513295.0000,3,1.136348,1,-6.589300,0
2015-08-24,sz.002356,19.4000,19.4000,18.1200,18.1200,20.1300,2787516,51137313.0000,3,1.161465,1,-9.985100,0
2015-08-25,sz.002356,16.3600,17.4500,16.3100,16.3100,18.1200,2115460,34919429.0000,3,0.881442,1,-9.989000,0
2015-08-26,sz.002356,16.4400,16.8000,14.7000,15.6700,16.3100,4212005,66405395.0000,3,1.755002,1,-3.924000,0
2015-08-27,sz.002356,15.9900,17.2400,15.4600,17.2400,15.6700,4077516,66524298.0000,3,1.698965,1,10.019100,0
2015-08-28,sz.002356,17.7700,18.7500,17.5000,18.6900,17.2400,4721109,86022484.0000,3,1.967129,1,8.410700,0
2015-08-31,sz.002356,18.7000,18.7000,17.4100,17.4500,18.6900,3440898,61431440.0000,3,1.433707,1,-6.634600,0
2015-09-01,sz.002356,17.1000,17.2000,15.7100,15.8600,17.4500,3038751,49065788.0000,3,1.266146,1,-9.111800,0
2015-09-02,sz.002356,15.8600,16.8000,14.7600,15.9900,15.8600,3453536,54324897.0000,3,1.438973,1,0.819700,0
2015-09-07,sz.002356,16.0000,17.2000,16.0000,16.5600,15.9900,2910934,48409407.0000,3,1.212889,1,3.564700,0
2015-09-08,sz.002356,16.5000,17.9900,16.0100,17.9500,16.5600,2801788,47679042.0000,3,1.167412,1,8.393700,0
2015-09-09,sz.002356,18.0200,18.7700,17.6000,18.4400,17.9500,4652157,85257293.0000,3,1.938399,1,2.729800,0
2015-09-10,sz.002356,18.0000,18.3100,17.5400,17.6900,18.4400,3130925,56425020.0000,3,1.304552,1,-4.067200,0
2015-09-11,sz.002356,17.6100,18.2500,17.3100,17.7400,17.6900,2290444,40645567.0000,3,0.954352,1,0.282600,0
2015-09-14,sz.002356,18.0000,18.1200,15.9700,15.9800,17.7400,4719135,77903931.0000,3,1.966306,1,-9.921100,0
2015-09-15,sz.002356,15.4000,16.1000,14.5300,15.9700,15.9800,2952200,44766147.0000,3,1.230083,1,-0.062600,0
2015-09-16,sz.002356,15.5000,17.5700,15.5000,17.5700,15.9700,4211936,70076901.0000,3,1.754973,1,10.018800,0
2015-09-17,sz.002356,17.7000,17.8900,16.6000,17.0000,17.5700,5253813,91266212.0000,3,2.189089,1,-3.244200,0
2015-09-18,sz.002356,17.1900,17.4800,16.3000,17.0600,17.0000,3329973,55871686.0000,3,1.387489,1,0.352900,0
2015-09-21,sz.002356,16.8500,17.6500,16.5100,17.6000,17.0600,3740271,64563929.0000,3,1.558446,1,3.165300,0
2015-09-22,sz.002356,17.4800,17.8000,17.1800,17.4000,17.6000,3393270,59435662.0000,3,1.413863,1,-1.136400,0
2015-09-23,sz.002356,17.0100,17.5900,16.6600,17.3900,17.4000,3181166,54336444.0000,3,1.325486,1,-0.057500,0
2015-09-24,sz.002356,17.4400,17.8000,17.0200,17.5900,17.3900,4865188,85394828.0000,3,2.027162,1,1.150100,0
2015-09-25,sz.002356,17.6000,17.7400,16.6000,16.7300,17.5900,3409368,58535940.0000,3,1.420570,1,-4.889100,0
2015-09-28,sz.002356,16.9000,17.1700,16.5000,17.1200,16.7300,2499130,42179631.0000,3,1.041304,1,2.331100,0
2015-09-29,sz.002356,17.1000,18.8300,17.1000,18.8300,17.1200,4366854,80836642.0000,3,1.819522,1,9.988300,0
2015-09-30,sz.002356,20.0000,20.7100,19.7700,20.7100,18.8300,14408076,296071344.0000,3,6.003365,1,9.984100,0
2015-10-08,sz.002356,21.3000,22.7800,20.5000,22.7800,20.7100,13243616,284317952.0000,3,5.518173,1,9.995200,0
2015-10-09,sz.002356,23.0200,24.8000,22.2000,23.5000,22.7800,14618131,340242064.0000,3,6.090888,1,3.160700,0
2015-10-12,sz.002356,23.1000,24.8800,23.0100,23.9200,23.5000,14659071,348659232.0000,3,6.107946,1,1.787200,0
2015-10-13,sz.002356,23.5700,24.7500,23.3200,24.1500,23.9200,12211309,295259280.0000,3,5.088045,1,0.961500,0
2015-10-14,sz.002356,24.1400,26.5700,23.5300,26.5700,24.1500,19564632,496145136.0000,3,8.151930,1,10.020700,0
2015-10-15,sz.002356,26.0000,27.5400,25.1000,26.9000,26.5700,16440613,435536640.0000,3,6.850255,1,1.242000,0
2015-10-16,sz.002356,26.9000,27.1000,26.0000,26.7300,26.9000,12204532,324125472.0000,3,5.085222,1,-0.632000,0
2015-10-19,sz.002356,26.1500,26.5800,25.6000,25.8700,26.7300,9743376,253559271.0000,3,4.059740,1,-3.217400,0
2015-10-20,sz.002356,26.2800,27.9900,26.2300,27.2400,25.8700,13980688,381694112.0000,3,5.825287,1,5.295700,0
2015-10-21,sz.002356,26.9800,27.0000,24.5200,24.5200,27.2400,11416335,294845008.0000,3,4.756806,1,-9.985300,0
2015-10-22,sz.002356,24.0000,25.8000,23.6000,25.4500,24.5200,8779429,216680747.0000,3,3.658095,1,3.792800,0
2015-10-23,sz.002356,25.3000,26.7000,24.5500,26.4400,25.4500,10387248,268195202.0000,3,4.328020,1,3.890000,0
2015-10-26,sz.002356,26.5800,26.6500,25.5000,26.0800,26.4400,7422278,193675042.0000,3,3.092616,1,-1.361600,0
2015-10-27,sz.002356,26.0100,26.0100,24.1500,25.7100,26.0800,6203744,157126953.0000,3,2.584893,1,-1.418700,0
2015-10-28,sz.002356,25.9900,27.2500,25.0200,25.4200,25.7100,8434246,222426638.0000,3,3.514269,1,-1.128000,0
2015-10-29,sz.002356,25.5900,25.8400,24.5000,25.3700,25.4200,5384230,135152941.0000,3,2.243429,1,-0.196700,0
2015-10-30,sz.002356,25.3700,27.2000,24.5000,25.9200,25.3700,8683922,227137087.0000,3,3.618301,1,2.167900,0
2015-11-02,sz.002356,25.0200,27.2000,24.5000,25.5900,25.9200,8505983,220938571.0000,3,3.544160,1,-1.273100,0
2015-11-03,sz.002356,26.9400,28.1500,26.0000,28.1500,25.5900,17441468,487217920.0000,3,7.267278,1,10.003900,0
2015-11-04,sz.002356,28.9800,30.1500,28.3000,29.6900,28.1500,21521702,629291248.0000,3,8.967376,1,5.470700,0
2015-11-05,sz.002356,29.0800,31.3000,28.9300,29.0900,29.6900,15348360,455156016.0000,3,6.395150,1,-2.020900,0
2015-11-06,sz.002356,28.6900,29.8800,28.6600,29.3300,29.0900,9521055,278904144.0000,3,3.967106,1,0.825000,0
2015-11-09,sz.002356,29.0000,30.9900,28.0700,30.4900,29.3300,12887991,385944128.0000,3,5.369996,1,3.955000,0
2015-11-10,sz.002356,30.5000,32.4900,30.0300,30.8100,30.4900,10453051,326917200.0000,3,4.355438,1,1.049500,0
2015-11-11,sz.002356,30.1500,31.0000,30.0000,30.5200,30.8100,7752827,235215464.0000,3,3.230345,1,-0.941200,0
2015-11-12,sz.002356,30.6800,31.1100,29.3000,29.9300,30.5200,7567061,226862643.0000,3,3.152942,1,-1.933200,0
2015-11-13,sz.002356,29.3100,32.8900,29.1100,31.4000,29.9300,12929067,401882592.0000,3,5.387111,1,4.911500,0
2015-11-16,sz.002356,30.5900,33.8800,30.2000,33.4300,31.4000,10861292,352506240.0000,3,4.525538,1,6.465000,0
2015-11-17,sz.002356,33.4300,35.0000,31.6400,31.8900,33.4300,12402630,409176144.0000,3,5.167762,1,-4.606600,0
2015-11-18,sz.002356,31.7000,32.2500,30.0000,30.1400,31.8900,6540531,205241301.0000,3,2.725221,1,-5.487600,0
2015-11-19,sz.002356,30.1000,31.5000,30.0000,31.1400,30.1400,5263337,160773896.0000,3,2.193057,1,3.317900,0
2015-11-20,sz.002356,31.3000,31.6300,30.4000,31.0600,31.1400,6087714,188800986.0000,3,2.536547,1,-0.256900,0
2015-11-23,sz.002356,32.8800,32.8800,31.0000,31.4700,31.0600,7165287,227716880.0000,3,2.985536,1,1.320000,0
2015-11-24,sz.002356,31.2200,31.8500,30.6000,31.8000,31.4700,6040912,188775241.0000,3,2.517047,1,1.048600,0
2015-11-25,sz.002356,32.2100,32.6500,31.1000,31.5500,31.8000,7116828,225795570.0000,3,2.965345,1,-0.786200,0
2015-11-26,sz.002356,31.3000,31.9000,30.2200,30.5000,31.5500,8586458,263933305.0000,3,3.577691,1,-3.328000,0
2015-11-27,sz.002356,30.0100,30.8000,27.4500,27.4900,30.5000,6355618,186010266.0000,3,2.648174,1,-9.868900,0
2015-11-30,sz.002356,27.0100,27.9500,25.0000,27.2500,27.4900,6796608,179930791.0000,3,2.831920,1,-0.873000,0
2015-12-01,sz.002356,26.9900,27.3000,25.7000,26.1900,27.2500,4481619,119045619.0000,3,1.867341,1,-3.889900,0
2015-12-02,sz.002356,26.4500,27.3000,26.1100,26.8800,26.1900,4378935,117301106.0000,3,1.824556,1,2.634600,0
2015-12-03,sz.002356,26.8700,27.3700,26.7000,27.2500,26.8800,3446064,93361450.0000,3,1.435860,1,1.376500,0
2015-12-04,sz.002356,27.3500,27.9200,27.1200,27.3800,27.2500,4089872,112694623.0000,3,1.704113,1,0.477100,0
2015-12-07,sz.002356,27.1800,27.6700,26.8500,27.1900,27.3800,3511521,95323693.0000,3,1.463134,1,-0.693900,0
2015-12-08,sz.002356,26.8000,27.1900,26.0000,26.0000,27.1900,3390700,89559688.0000,3,1.412792,1,-4.376600,0
2015-12-09,sz.002356,25.8000,26.2700,25.5800,25.7700,26.0000,2723260,70202173.0000,3,1.134692,1,-0.884600,0
2015-12-10,sz.002356,25.8600,28.3100,25.8600,27.8800,25.7700,6365164,171607914.0000,3,2.652152,1,8.187800,0
2015-12-11,sz.002356,28.8000,29.5800,26.9300,26.9800,27.8800,7115688,202627297.0000,3,2.964870,1,-3.228100,0
2015-12-14,sz.002356,26.5300,27.3000,25.7100,26.9700,26.9800,4173013,109699616.0000,3,1.738755,1,-0.037100,0
2015-12-15,sz.002356,26.9600,27.7100,26.9000,27.3000,26.9700,3260554,89176939.0000,3,1.358564,1,1.223600,0
2015-12-16,sz.002356,27.5000,27.7700,27.0200,27.4000,27.3000,3526601,96400561.0000,3,1.469417,1,0.366300,0
2015-12-17,sz.002356,27.7000,29.0700,27.3800,28.6400,27.4000,6635407,187942212.0000,3,2.764753,1,4.525500,0
2015-12-18,sz.002356,28.8800,29.4800,28.6400,28.7700,28.6400,5974870,173317211.0000,3,2.489529,1,0.453900,0
2015-12-21,sz.002356,28.7800,29.2500,28.3000,28.6800,28.7700,3460903,99145892.0000,3,1.442043,1,-0.312800,0
2015-12-22,sz.002356,28.9900,29.1500,28.2300,28.5700,28.6800,3634123,103956378.0000,3,1.514218,1,-0.383500,0
2015-12-23,sz.002356,28.8000,28.8000,27.9500,28.0100,28.5700,3128713,88394259.0000,3,1.303630,1,-1.960100,0
2015-12-24,sz.002356,27.5000,27.8000,26.5600,27.6300,28.0100,2964849,80895677.0000,3,1.235354,1,-1.356700,0
2015-12-25,sz.002356,27.6300,27.9500,27.4100,27.5400,27.6300,1886989,52071188.0000,3,0.786245,1,-0.325700,0
2015-12-28,sz.002356,27.5700,28.4800,27.5700,27.8000,27.5400,4022316,112909605.0000,3,1.675965,1,0.944100,0
2015-12-29,sz.002356,27.8000,29.1900,27.0100,29.1700,27.8000,4588828,128532416.0000,3,1.912012,1,4.928100,0
2015-12-30,sz.002356,29.2900,29.8400,28.8000,29.3900,29.1700,6101219,178775936.0000,3,2.542175,1,0.754200,0
2015-12-31,sz.002356,29.4600,29.4600,28.0000,28.0100,29.3900,4062532,116500271.0000,3,1.692722,1,-4.695500,0
2016-01-04,sz.002356,27.2600,27.6100,25.2200,25.2300,28.0100,2997609,79273568.0000,3,1.249004,1,-9.925000,0
2016-01-05,sz.002356,23.6000,25.8000,23.0000,25.5000,25.2300,4632598,112280580.0000,3,1.930249,1,1.070200,0
2016-01-06,sz.002356,25.5400,25.8500,24.8600,25.5000,25.5000,3551655,89567578.0000,3,1.479856,1,0.000000,0
2016-01-07,sz.002356,25.0000,25.0000,22.9500,22.9600,25.5000,995900,23664623.0000,3,0.414958,1,-9.960800,0
2016-01-08,sz.002356,23.5500,24.5300,21.2100,24.1500,22.9600,4202791,98153815.0000,3,1.751163,1,5.182900,0
2016-01-11,sz.002356,23.0000,24.0000,22.2000,23.0000,24.1500,3405272,77998578.0000,3,1.418863,1,-4.761900,0
2016-01-12,sz.002356,23.2000,23.5000,22.5000,23.1100,23.0000,2278579,52380258.0000,3,0.949408,1,0.478300,0
2016-01-13,sz.002356,23.1100,23.5500,21.5100,22.0200,23.1100,1900710,43495904.0000,3,0.791962,1,-4.716600,0
2016-01-14,sz.002356,21.3800,22.7800,21.0100,22.5000,22.0200,3009356,65777740.0000,3,1.253898,1,2.179800,0
2016-01-15,sz.002356,22.5500,22.5500,21.2000,22.1800,22.5000,2515650,55197730.0000,3,1.048188,1,-1.422200,0
2016-01-18,sz.002356,20.9100,22.4000,20.9100,22.0700,22.1800,2714399,59843168.0000,3,1.131000,1,-0.495900,0
2016-01-19,sz.002356,22.0000,22.7200,21.5800,22.5800,22.0700,2811652,62688901.0000,3,1.171522,1,2.310800,0
2016-01-20,sz.002356,22.4000,22.7900,22.0100,22.3600,22.5800,2374429,53028175.0000,3,0.989345,1,-0.974300,0
2016-01-21,sz.002356,21.7000,22.5000,21.5000,22.0100,22.3600,2395330,52581856.0000,3,0.998054,1,-1.565300,0
2016-01-22,sz.002356,22.1000,22.2200,21.4000,22.2000,22.0100,2136817,46809158.0000,3,0.890340,1,0.863200,0
2016-01-25,sz.002356,22.4200,22.8700,22.1900,22.7900,22.2000,3041696,68788543.0000,3,1.267373,1,2.657700,0
2016-01-26,sz.002356,22.3400,22.6900,20.5500,22.0000,22.7900,3253905,70524836.0000,3,1.355794,1,-3.466400,0
2016-01-27,sz.002356,22.0000,22.1000,20.6400,22.0300,22.0000,3034939,65127057.0000,3,1.264558,1,0.136400,0
2016-01-28,sz.002356,22.0300,22.0300,22.0300,22.0300,22.0300,0,0.0000,3,,0,0.000000,0
2016-01-29,sz.002356,22.0300,22.0300,22.0300,22.0300,22.0300,0,0.0000,3,,0,0.000000,0
2016-02-01,sz.002356,22.0300,22.0300,22.0300,22.0300,22.0300,0,0.0000,3,,0,0.000000,0
2016-02-02,sz.002356,22.0300,22.0300,22.0300,22.0300,22.0300,0,0.0000,3,,0,0.000000,0
2016-02-03,sz.002356,22.0300,22.0300,22.0300,22.0300,22.0300,0,0.0000,3,,0,0.000000,0
2016-02-04,sz.002356,22.0300,22.0300,22.0300,22.0300,22.0300,0,0.0000,3,,0,0.000000,0
2016-02-05,sz.002356,22.0300,22.0300,22.0300,22.0300,22.0300,0,0.0000,3,,0,0.000000,0
2016-02-15,sz.002356,22.0300,22.0300,22.0300,22.0300,22.0300,0,0.0000,3,,0,0.000000,0
2016-02-16,sz.002356,22.0300,22.0300,22.0300,22.0300,22.0300,0,0.0000,3,,0,0.000000,0
2016-02-17,sz.002356,22.0300,22.0300,22.0300,22.0300,22.0300,0,0.0000,3,,0,0.000000,0
2016-02-18,sz.002356,22.0300,22.0300,22.0300,22.0300,22.0300,0,0.0000,3,,0,0.000000,0
2016-02-19,sz.002356,22.0300,22.0300,22.0300,22.0300,22.0300,0,0.0000,3,,0,0.000000,0
2016-02-22,sz.002356,22.0300,22.0300,22.0300,22.0300,22.0300,0,0.0000,3,,0,0.000000,0
2016-02-23,sz.002356,22.0300,22.0300,22.0300,22.0300,22.0300,0,0.0000,3,,0,0.000000,0
2016-02-24,sz.002356,22.0300,22.0300,22.0300,22.0300,22.0300,0,0.0000,3,,0,0.000000,0
2016-02-25,sz.002356,22.0300,22.0300,22.0300,22.0300,22.0300,0,0.0000,3,,0,0.000000,0
2016-02-26,sz.002356,22.0300,22.0300,22.0300,22.0300,22.0300,0,0.0000,3,,0,0.000000,0
2016-02-29,sz.002356,22.0300,22.0300,22.0300,22.0300,22.0300,0,0.0000,3,,0,0.000000,0
2016-03-01,sz.002356,22.0300,22.0300,22.0300,22.0300,22.0300,0,0.0000,3,,0,0.000000,0
2016-03-02,sz.002356,22.0300,22.0300,22.0300,22.0300,22.0300,0,0.0000,3,,0,0.000000,0
2016-03-03,sz.002356,24.2300,24.2300,23.5000,24.2300,22.0300,4963633,119811535.0000,3,2.068180,1,9.986400,0
2016-03-04,sz.002356,23.8400,26.5300,23.5100,24.9500,24.2300,11267783,281805648.0000,3,4.694910,1,2.971500,0
2016-03-07,sz.002356,24.9800,25.0000,23.5800,24.3000,24.9500,4969241,120986266.0000,3,2.070517,1,-2.605200,0
2016-03-08,sz.002356,24.2500,24.2700,21.9000,23.0100,24.3000,4449893,101210930.0000,3,1.854122,1,-5.308600,0
2016-03-09,sz.002356,22.0100,22.5700,21.8700,22.2900,23.0100,2931889,64984356.0000,3,1.221620,1,-3.129100,0
2016-03-10,sz.002356,22.3800,22.4000,21.6600,22.2200,22.2900,2217113,48805424.0000,3,0.923797,1,-0.314000,0
2016-03-11,sz.002356,21.8600,22.0700,21.5100,22.0100,22.2200,1163713,25408732.0000,3,0.484880,1,-0.945100,0
2016-03-14,sz.002356,22.2000,23.0000,22.0000,22.7800,22.0100,3748029,84517187.0000,3,1.561679,1,3.498400,0
2016-03-15,sz.002356,22.4300,22.4300,21.8500,22.0400,22.7800,2627986,58059882.0000,3,1.094994,1,-3.248500,0
2016-03-16,sz.002356,22.1000,22.2000,21.7000,22.0300,22.0400,1876350,41160156.0000,3,0.781813,1,-0.045400,0
2016-03-17,sz.002356,22.0200,22.6400,21.9000,22.4500,22.0300,3773673,84157948.0000,3,1.572364,1,1.906500,0
2016-03-18,sz.002356,22.4400,23.3900,22.3400,23.2500,22.4500,5209745,119649273.0000,3,2.170727,1,3.563500,0
2016-03-21,sz.002356,23.6600,23.7800,23.0500,23.6000,23.2500,5006313,117198078.0000,3,2.085964,1,1.505400,0
2016-03-22,sz.002356,23.6200,25.2000,23.3000,24.1200,23.6000,6041678,147029117.0000,3,2.517366,1,2.203400,0
2016-03-23,sz.002356,23.5000,24.4800,23.5000,24.4700,24.1200,4361956,105158055.0000,3,1.817482,1,1.451100,0
2016-03-24,sz.002356,24.0800,24.4000,23.5400,23.5400,24.4700,4010611,96056403.0000,3,1.671088,1,-3.800600,0
2016-03-25,sz.002356,23.3400,23.7900,23.3300,23.5100,23.5400,2307999,54222871.0000,3,0.961666,1,-0.127400,0
2016-03-28,sz.002356,23.6300,24.1600,23.4000,23.4700,23.5100,2448800,58345167.0000,3,1.020333,1,-0.170100,0
2016-03-29,sz.002356,23.5100,23.6800,22.8800,22.9800,23.4700,1872394,43365018.0000,3,0.780164,1,-2.087800,0
2016-03-30,sz.002356,23.1200,23.9900,23.1100,23.9000,22.9800,2752587,64989399.0000,3,1.146911,1,4.003500,0
2016-03-31,sz.002356,23.9100,24.4800,23.9100,24.0600,23.9000,3140333,76078877.0000,3,1.308472,1,0.669500,0
2016-04-01,sz.002356,24.0000,24.5800,23.4200,24.4100,24.0600,2970039,70728100.0000,3,1.237516,1,1.454700,0
2016-04-05,sz.002356,24.4500,25.6200,24.4500,25.3800,24.4100,5037721,126352196.0000,3,2.099050,1,3.973800,0
2016-04-06,sz.002356,24.9200,25.3900,24.7000,25.1800,25.3800,3521043,88138955.0000,3,1.467101,1,-0.788000,0
2016-04-07,sz.002356,25.2000,25.3900,24.0900,24.1600,25.1800,2995611,73781725.0000,3,1.248171,1,-4.050800,0
2016-04-08,sz.002356,23.8500,24.0900,23.5800,23.8600,24.1600,2264014,53895257.0000,3,0.943339,1,-1.241700,0
2016-04-11,sz.002356,24.0000,24.8000,24.0000,24.3400,23.8600,2354815,57637825.0000,3,0.981173,1,2.011700,0
2016-04-12,sz.002356,24.3000,24.6000,23.7500,23.9200,24.3400,1935394,46375369.0000,3,0.806414,1,-1.725600,0
2016-04-13,sz.002356,24.0000,26.3100,23.9900,26.3100,23.9200,8058854,202428143.0000,3,3.357856,1,9.991600,0
2016-04-14,sz.002356,27.0500,27.0900,25.7800,26.0000,26.3100,10601232,281246864.0000,3,4.417180,1,-1.178300,0
2016-04-15,sz.002356,26.2600,26.2600,25.5000,26.1800,26.0000,4753050,122236178.0000,3,1.980437,1,0.692300,0
2016-04-18,sz.002356,26.0000,26.0000,25.2300,25.8500,26.1800,3218959,82297436.0000,3,1.341233,1,-1.260500,0
2016-04-19,sz.002356,25.6000,26.4600,25.6000,26.3100,25.8500,5415973,142118316.0000,3,2.256655,1,1.779500,0
2016-04-20,sz.002356,26.2900,26.3100,23.9300,24.3000,26.3100,5887483,146646161.0000,3,2.453118,1,-7.639700,0
2016-04-21,sz.002356,24.2000,25.1600,23.9000,23.9600,24.3000,3878518,94839621.0000,3,1.616049,1,-1.399200,0
2016-04-22,sz.002356,23.9000,24.2500,23.1600,23.9900,23.9600,1890019,45073324.0000,3,0.787508,1,0.125200,0
2016-04-25,sz.002356,23.9800,23.9900,23.2000,23.3500,23.9900,1759557,41268702.0000,3,0.733149,1,-2.667800,0
2016-04-26,sz.002356,23.3100,23.5800,23.1000,23.5600,23.3500,2142242,50038442.0000,3,0.892601,1,0.899400,0
2016-04-27,sz.002356,23.8000,24.1000,23.4200,23.7400,23.5600,2176375,51856731.0000,3,0.906823,1,0.764000,0
2016-04-28,sz.002356,23.8900,23.9300,23.1700,23.8500,23.7400,2439229,57553100.0000,3,1.016345,1,0.463400,0
2016-04-29,sz.002356,23.8300,23.9400,23.2600,23.3200,23.8500,2634771,61979674.0000,3,1.097821,1,-2.222200,0
2016-05-03,sz.002356,23.4000,23.8500,22.8000,23.8300,23.3200,3263920,76940797.0000,3,1.359967,1,2.187000,0
2016-05-04,sz.002356,23.8300,25.6500,23.8300,24.9100,23.8300,6476064,161095517.0000,3,2.698360,1,4.532100,0
2016-05-05,sz.002356,24.8600,24.8600,24.3000,24.5900,24.9100,3225609,79190425.0000,3,1.344004,1,-1.284600,0
2016-05-06,sz.002356,24.8000,25.0900,24.2200,24.3500,24.5900,5525525,136535430.0000,3,2.302302,1,-0.976000,0
2016-05-09,sz.002356,24.2500,24.2500,22.0700,22.3400,24.3500,3955135,89889955.0000,3,1.647973,1,-8.254600,0
2016-05-10,sz.002356,22.0200,22.4000,22.0000,22.1000,22.3400,1749005,38867558.0000,3,0.728752,1,-1.074300,0
2016-05-11,sz.002356,22.4300,22.4300,21.8000,22.0800,22.1000,1646832,36340804.0000,3,0.686180,1,-0.090500,0
2016-05-12,sz.002356,21.8000,23.1500,21.1600,23.1400,22.0800,2839253,62551108.0000,3,1.183022,1,4.800700,0
2016-05-13,sz.002356,22.6700,23.1500,22.2200,22.3700,23.1400,1925883,43860891.0000,3,0.802451,1,-3.327600,0
2016-05-16,sz.002356,22.3000,22.8200,22.0000,22.7300,22.3700,1611425,36227817.0000,3,0.671427,1,1.609300,0
2016-05-17,sz.002356,22.8900,22.8900,22.3600,22.4800,22.7300,1304892,29453614.0000,3,0.543705,1,-1.099900,0
2016-05-18,sz.002356,22.1700,22.2800,21.5600,22.1400,22.4800,2086669,45684837.0000,3,0.869445,1,-1.512500,0
2016-05-19,sz.002356,22.0000,23.5600,22.0000,22.4800,22.1400,2654146,60051250.0000,3,1.105894,1,1.535700,0
2016-05-20,sz.002356,22.3400,22.4000,21.8500,22.4000,22.4800,1916727,42403623.0000,3,0.798636,1,-0.355900,0
2016-05-23,sz.002356,22.5000,22.6000,22.3000,22.4800,22.4000,1555896,34957837.0000,3,0.648290,1,0.357100,0
2016-05-24,sz.002356,22.7700,23.4900,22.5800,22.5800,22.4800,2934828,67573011.0000,3,1.222845,1,0.444800,0
2016-05-25,sz.002356,22.6400,22.9500,22.1800,22.3200,22.5800,1790719,40367464.0000,3,0.746133,1,-1.151500,0
2016-05-26,sz.002356,22.3200,22.3900,21.7000,22.2500,22.3200,1562292,34366366.0000,3,0.650955,1,-0.313600,0
2016-05-27,sz.002356,22.2500,22.4700,22.0100,22.1200,22.2500,1148228,25496992.0000,3,0.478428,1,-0.584300,0
2016-05-30,sz.002356,22.1000,22.3000,21.9000,22.0500,22.1200,902809,19931274.0000,3,0.376170,1,-0.316500,0
2016-05-31,sz.002356,22.0700,22.8500,22.0500,22.7800,22.0500,2789912,62925996.0000,3,1.162463,1,3.310700,0
2016-06-01,sz.002356,22.7700,23.1800,22.7000,22.7800,22.7800,2312492,53002472.0000,3,0.963538,1,0.000000,0
2016-06-02,sz.002356,22.6300,23.4100,22.5600,23.4100,22.7800,3107037,71669753.0000,3,1.294599,1,2.765600,0
2016-06-03,sz.002356,23.4000,24.0000,23.1800,23.6800,23.3400,4238100,99983753.0000,3,1.765875,1,1.456700,0
2016-06-06,sz.002356,23.8000,24.1500,23.4100,23.8200,23.6800,3640878,86894844.0000,3,1.517033,1,0.591200,0
2016-06-07,sz.002356,23.8500,24.4800,23.5500,24.1700,23.8200,3313071,79450251.0000,3,1.380446,1,1.469400,0
2016-06-08,sz.002356,24.0700,24.7900,23.8500,24.4800,24.1700,3762084,91660676.0000,3,1.567535,1,1.282600,0
2016-06-13,sz.002356,24.1800,24.2300,22.5000,22.6000,24.4800,2906540,68821255.0000,3,1.211058,1,-7.679700,0
2016-06-14,sz.002356,22.6000,23.3500,22.0000,22.9400,22.6000,2125590,48527483.0000,3,0.885663,1,1.504400,0
2016-06-15,sz.002356,22.5700,24.2000,22.4000,24.2000,22.9400,3608426,85526515.0000,3,1.503511,1,5.492600,0
2016-06-16,sz.002356,24.2500,24.5000,23.8800,24.1100,24.2000,3411410,82487126.0000,3,1.421421,1,-0.371900,0
2016-06-17,sz.002356,23.9600,24.4000,23.5600,23.7000,24.1100,2571009,61650857.0000,3,1.071254,1,-1.700500,0
2016-06-20,sz.002356,23.4600,24.2000,23.1800,23.7600,23.7000,3255341,77143178.0000,3,1.356392,1,0.253200,0
2016-06-21,sz.002356,23.8000,24.1900,23.2800,23.4500,23.7600,3675938,87392566.0000,3,1.531641,1,-1.304700,0
2016-06-22,sz.002356,23.2100,23.7600,23.2000,23.7100,23.4500,1541813,36211190.0000,3,0.642422,1,1.108700,0
2016-06-23,sz.002356,23.5800,24.9000,23.4800,24.5000,23.7100,5442103,132846225.0000,3,2.267543,1,3.331900,0
2016-06-24,sz.002356,24.0300,24.3900,23.2200,23.9300,24.5000,4180616,100147985.0000,3,1.741923,1,-2.326500,0
2016-06-27,sz.002356,23.8000,24.2600,23.5800,24.1400,23.9300,2564119,61724547.0000,3,1.068383,1,0.877600,0
2016-06-28,sz.002356,24.1100,24.5800,23.7400,24.3900,24.1400,3668749,89185229.0000,3,1.528645,1,1.035600,0
2016-06-29,sz.002356,24.4100,25.3700,24.3000,25.0500,24.3900,6296731,156588501.0000,3,2.623638,1,2.706000,0
2016-06-30,sz.002356,24.9800,25.7400,24.6200,25.3400,25.0500,4883570,123311223.0000,3,2.034821,1,1.157700,0
2016-07-01,sz.002356,25.3400,25.6500,25.0200,25.1600,25.3400,2848405,72081519.0000,3,1.186835,1,-0.710300,0
2016-07-04,sz.002356,24.9500,27.6800,24.8300,27.6800,25.1600,7807484,205216169.0000,3,3.253118,1,10.015900,0
2016-07-05,sz.002356,27.6800,28.2300,26.7600,26.8900,27.6800,11033045,303764112.0000,3,4.597102,1,-2.854000,0
2016-07-06,sz.002356,26.9000,26.9900,26.0200,26.6000,26.8900,4774209,126342601.0000,3,1.989254,1,-1.078500,0
2016-07-07,sz.002356,26.4000,26.5700,25.8900,26.1800,26.6000,3291862,86144512.0000,3,1.371609,1,-1.578900,0
2016-07-08,sz.002356,26.0000,27.2700,25.9900,27.0000,26.1800,4098849,109306855.0000,3,1.707854,1,3.132200,0
2016-07-11,sz.002356,26.9800,27.0000,26.0200,26.2000,27.0000,3829953,100893760.0000,3,1.595814,1,-2.963000,0
2016-07-12,sz.002356,26.3500,26.4600,25.1200,25.8900,26.2000,2725184,70128412.0000,3,1.135493,1,-1.183200,0
2016-07-13,sz.002356,25.8900,26.2800,25.8000,26.1200,25.8900,2330753,60720067.0000,3,0.971147,1,0.888400,0
2016-07-14,sz.002356,26.1500,26.5800,25.8600,26.5600,26.1200,2244146,58807396.0000,3,0.935061,1,1.684500,0
2016-07-15,sz.002356,26.4800,26.4800,25.8700,25.9000,26.5600,1564097,40949816.0000,3,0.651707,1,-2.484900,0
2016-07-18,sz.002356,25.8000,25.9000,25.5300,25.6200,25.9000,1405800,36019059.0000,3,0.585750,1,-1.081100,0
2016-07-19,sz.002356,25.6000,26.0100,25.5200,25.8700,25.6200,1396920,35989234.0000,3,0.582050,1,0.975800,0
2016-07-20,sz.002356,26.1300,26.1800,25.5800,25.5900,25.8700,1518787,39197856.0000,3,0.632828,1,-1.082300,0
2016-07-21,sz.002356,25.5600,25.7300,25.3100,25.6900,25.5900,1262249,32301273.0000,3,0.525937,1,0.390800,0
2016-07-22,sz.002356,25.6900,25.6900,25.0000,25.1000,25.6900,1390714,35219451.0000,3,0.579464,1,-2.296600,0
2016-07-25,sz.002356,25.1000,25.4800,25.1000,25.1900,25.1000,1189400,30106255.0000,3,0.495583,1,0.358600,0
2016-07-26,sz.002356,25.1000,25.6300,25.1000,25.5900,25.1900,1189316,30270147.0000,3,0.495548,1,1.587900,0
2016-07-27,sz.002356,25.6200,25.8500,23.3000,23.9000,25.5900,2850136,69930183.0000,3,1.187557,1,-6.604100,0
2016-07-28,sz.002356,23.8700,24.1600,22.8000,23.4200,23.9000,1404549,33220042.0000,3,0.585229,1,-2.008400,0
2016-07-29,sz.002356,23.2000,23.6500,23.0000,23.3500,23.4200,909331,21166745.0000,3,0.378888,1,-0.298900,0
2016-08-01,sz.002356,23.3400,24.6500,22.9900,24.1500,23.3500,2744824,66018377.0000,3,1.143677,1,3.426100,0
2016-08-02,sz.002356,23.9600,24.5700,23.8000,24.1200,24.1500,1469723,35790632.0000,3,0.612385,1,-0.124200,0
2016-08-03,sz.002356,24.0000,24.3800,23.9100,24.2300,24.1200,764067,18480246.0000,3,0.318361,1,0.456000,0
2016-08-04,sz.002356,24.2300,24.4600,23.9000,24.1900,24.2300,718580,17291078.0000,3,0.299408,1,-0.165100,0
2016-08-05,sz.002356,24.1000,24.3800,23.7000,23.7100,24.1900,633450,15251730.0000,3,0.263937,1,-1.984300,0
2016-08-08,sz.002356,23.4200,24.1500,23.2400,24.0700,23.7100,1414719,33404818.0000,3,0.589466,1,1.518300,0
2016-08-09,sz.002356,24.0200,24.3600,23.9500,24.2600,24.0700,1018285,24667924.0000,3,0.424285,1,0.789400,0
2016-08-10,sz.002356,24.1500,24.4200,23.9800,24.1300,24.2600,760978,18413672.0000,3,0.317074,1,-0.535900,0
2016-08-11,sz.002356,24.0000,24.1600,23.5000,23.5200,24.1300,814250,19349205.0000,3,0.339271,1,-2.528000,0
2016-08-12,sz.002356,23.5000,24.2400,23.4200,24.0900,23.5200,1275600,30407769.0000,3,0.531500,1,2.423500,0
2016-08-15,sz.002356,24.0500,24.8600,23.8200,24.4700,24.0900,1948794,47416770.0000,3,0.811997,1,1.577400,0
2016-08-16,sz.002356,24.4800,24.9800,24.4000,24.7000,24.4700,1878955,46570086.0000,3,0.782898,1,0.939900,0
2016-08-17,sz.002356,24.7900,25.9500,24.6100,25.9200,24.7000,3555169,90438557.0000,3,1.481320,1,4.939300,0
2016-08-18,sz.002356,25.8500,26.8800,25.6100,25.8200,25.9200,6322864,165862119.0000,3,2.634527,1,-0.385800,0
2016-08-19,sz.002356,25.3900,25.7100,24.9600,25.2300,25.8200,3336633,84040875.0000,3,1.390264,1,-2.285100,0
2016-08-22,sz.002356,25.2800,25.7200,25.0200,25.5500,25.2300,2577488,65766073.0000,3,1.073953,1,1.268300,0
2016-08-23,sz.002356,25.5600,25.6500,25.1000,25.1500,25.5500,1390269,35264628.0000,3,0.579279,1,-1.565600,0
2016-08-24,sz.002356,25.1800,25.4700,25.0500,25.4300,25.1500,1384880,35046233.0000,3,0.577033,1,1.113300,0
2016-08-25,sz.002356,25.2000,25.4500,24.9100,25.2800,25.4300,1034882,26041078.0000,3,0.431201,1,-0.589900,0
2016-08-26,sz.002356,25.5000,25.6900,25.1000,25.4600,25.2800,1317586,33553972.0000,3,0.548994,1,0.712000,0
2016-08-29,sz.002356,25.5000,25.8900,25.1600,25.4800,25.4600,1534019,39285282.0000,3,0.639175,1,0.078600,0
2016-08-30,sz.002356,25.6200,25.7900,25.2100,25.2900,25.4800,1240885,31607448.0000,3,0.517035,1,-0.745700,0
2016-08-31,sz.002356,25.3500,25.5600,25.1100,25.5400,25.2900,1471320,37354063.0000,3,0.613050,1,0.988500,0
2016-09-01,sz.002356,25.4500,25.4500,24.5100,24.5500,25.5400,2488062,62047346.0000,3,1.036693,1,-3.876300,0
2016-09-02,sz.002356,24.6300,24.6300,23.9000,24.0500,24.5500,2249019,54209073.0000,3,0.937091,1,-2.036700,0
2016-09-05,sz.002356,23.9000,24.2900,23.4100,23.5800,24.0500,2647254,62832459.0000,3,1.103023,1,-1.954259,0
2016-09-06,sz.002356,23.6600,24.2200,23.2200,24.1000,23.5800,2328830,55209856.0000,3,0.970346,1,2.205261,0
2016-09-07,sz.002356,23.9500,24.2000,23.8100,23.8500,24.1000,1778878,42586998.0000,3,0.741199,1,-1.037344,0
2016-09-08,sz.002356,23.8500,24.4100,23.7100,24.0000,23.8500,1989109,47779563.0000,3,0.828795,1,0.628929,0
2016-09-09,sz.002356,24.0100,24.1900,23.7500,23.8900,24.0000,1477158,35420966.0000,3,0.615483,1,-0.458336,0
2016-09-12,sz.002356,23.5000,23.5000,23.0900,23.2200,23.8900,1436639,33379411.0000,3,0.598600,1,-2.804521,0
2016-09-13,sz.002356,23.2800,23.7100,23.0300,23.6700,23.2200,1469830,34434710.0000,3,0.612429,1,1.937988,0
2016-09-14,sz.002356,23.3700,23.6400,23.0000,23.2500,23.6700,879148,20552097.0000,3,0.366312,1,-1.774398,0
2016-09-19,sz.002356,23.2500,23.9900,23.2500,23.4700,23.2500,1397928,33018396.0000,3,0.582470,1,0.946234,0
2016-09-20,sz.002356,23.7900,23.7900,23.4000,23.5300,23.4700,634670,14925692.0000,3,0.264446,1,0.255651,0
2016-09-21,sz.002356,23.5300,23.7000,23.5100,23.6000,23.5300,1033597,24396003.0000,3,0.430665,1,0.297491,0
2016-09-22,sz.002356,23.6500,23.8100,23.5500,23.5800,23.6000,840170,19915783.0000,3,0.350071,1,-0.084748,0
2016-09-23,sz.002356,23.5300,23.6900,23.5100,23.5600,23.5800,827600,19518241.0000,3,0.344833,1,-0.084820,0
2016-09-26,sz.002356,23.6300,23.9800,23.3000,23.3000,23.5600,1491673,35294156.0000,3,0.621530,1,-1.103566,0
2016-09-27,sz.002356,23.3400,23.5700,23.0700,23.4300,23.3000,731601,17105390.0000,3,0.304834,1,0.557944,0
2016-09-28,sz.002356,23.5000,24.0800,23.2100,23.8200,23.4300,1378730,32730346.0000,3,0.574471,1,1.664530,0
2016-09-29,sz.002356,23.8500,23.9500,23.7200,23.8200,23.8200,804350,19174076.0000,3,0.335146,1,0.000000,0
2016-09-30,sz.002356,23.8100,23.9300,23.7100,23.8100,23.8200,721878,17218202.0000,3,0.300783,1,-0.041982,0
2016-10-10,sz.002356,23.8000,24.6500,23.8000,24.6000,23.8100,2033564,49468419.0000,3,0.847318,1,3.317938,0
2016-10-11,sz.002356,24.6000,24.8200,24.4000,24.4500,24.6000,1422074,35044524.0000,3,0.592531,1,-0.609755,0
2016-10-12,sz.002356,24.4500,24.7500,24.2500,24.4800,24.4500,1360897,33469929.0000,3,0.567040,1,0.122694,0
2016-10-13,sz.002356,24.3800,24.8500,24.3800,24.5000,24.4800,1311875,32340229.0000,3,0.546615,1,0.081701,0
2016-10-14,sz.002356,24.4600,24.6000,24.2800,24.5100,24.5000,735329,17956193.0000,3,0.306387,1,0.040817,0
2016-10-17,sz.002356,24.5100,24.7000,24.2100,24.2500,24.5100,1003977,24393189.0000,3,0.418324,1,-1.060792,0
2016-10-18,sz.002356,24.1800,24.5000,24.1800,24.4600,24.2500,968990,23618216.0000,3,0.403746,1,0.865976,0
2016-10-19,sz.002356,24.5000,24.6200,24.2600,24.3200,24.4600,756341,18462291.0000,3,0.315142,1,-0.572361,0
2016-10-20,sz.002356,24.4800,24.6400,24.2100,24.6000,24.3200,1388691,34038427.0000,3,0.578621,1,1.151319,0
2016-10-21,sz.002356,24.6000,25.1500,24.5000,25.0400,24.6000,1963163,48845618.0000,3,0.817985,1,1.788620,0
2016-10-24,sz.002356,25.3000,25.4500,24.9600,25.0300,25.0400,1778844,44750586.0000,3,0.741185,1,-0.039937,0
2016-10-25,sz.002356,25.0300,25.2000,24.7000,24.8800,25.0300,1143460,28419181.0000,3,0.476442,1,-0.599287,0
2016-10-26,sz.002356,24.9500,24.9600,24.3200,24.3800,24.8800,1181773,29045117.0000,3,0.492405,1,-2.009646,0
2016-10-27,sz.002356,24.3800,24.7000,24.0800,24.6300,24.3800,990907,24222688.0000,3,0.412878,1,1.025431,0
2016-10-28,sz.002356,24.8500,24.8500,24.3000,24.3000,24.6300,948413,23267656.0000,3,0.395172,1,-1.339829,0
2016-10-31,sz.002356,24.1400,24.8400,24.0000,24.8200,24.3000,1566676,38418107.0000,3,0.652782,1,2.139920,0
2016-11-01,sz.002356,24.8200,24.9800,24.5700,24.7900,24.8200,1376150,34040521.0000,3,0.573396,1,-0.120865,0
2016-11-02,sz.002356,24.6200,25.2200,24.6100,25.1000,24.7900,2663872,66602935.0000,3,1.109947,1,1.250502,0
2016-11-03,sz.002356,24.9100,25.2000,24.8500,24.8700,25.1000,1420688,35549951.0000,3,0.591953,1,-0.916333,0
2016-11-04,sz.002356,25.0000,25.2000,24.6500,24.7700,24.8700,1869761,46713551.0000,3,0.779067,1,-0.402092,0
2016-11-07,sz.002356,24.7300,24.8100,24.1700,24.1800,24.7700,1695810,41334454.0000,3,0.706588,1,-2.381914,0
2016-11-08,sz.002356,24.1700,24.5100,24.1700,24.2800,24.1800,1096944,26664155.0000,3,0.457060,1,0.413567,0
2016-11-09,sz.002356,24.2300,24.5000,23.6000,24.2300,24.2800,1581727,38287020.0000,3,0.659053,1,-0.205935,0
2016-11-10,sz.002356,24.5100,24.9700,24.3300,24.8200,24.2300,1685296,41593970.0000,3,0.702207,1,2.434999,0
2016-11-11,sz.002356,24.8200,25.0000,24.6800,24.8700,24.8200,1310930,32521507.0000,3,0.546221,1,0.201455,0
2016-11-14,sz.002356,25.1200,25.5000,24.6600,24.8500,24.8700,2870635,71991632.0000,3,1.196098,1,-0.080420,0
2016-11-15,sz.002356,24.9100,25.4100,24.7400,25.2300,24.8500,1990380,49858716.0000,3,0.829325,1,1.529172,0
2016-11-16,sz.002356,25.3000,26.4700,25.1100,25.9000,25.2300,6081972,157933712.0000,3,2.534155,1,2.655569,0
2016-11-17,sz.002356,25.6000,25.7000,25.2300,25.2900,25.9000,2196840,55740654.0000,3,0.915350,1,-2.355207,0
2016-11-18,sz.002356,25.2800,25.4700,24.8800,24.9800,25.2900,1522503,38172150.0000,3,0.634376,1,-1.225786,0
2016-11-21,sz.002356,24.9700,25.1100,24.7100,24.9800,24.9800,1464686,36447174.0000,3,0.610286,1,0.000000,0
2016-11-22,sz.002356,24.8700,25.1600,24.8700,25.0700,24.9800,1333623,33344266.0000,3,0.555676,1,0.360289,0
2016-11-23,sz.002356,25.1000,25.6800,24.9500,25.3500,25.0700,2639037,66747217.0000,3,1.099599,1,1.116875,0
2016-11-24,sz.002356,24.9900,25.6200,24.9900,25.5800,25.3500,2694446,68356849.0000,3,1.122686,1,0.907296,0
2016-11-25,sz.002356,25.5800,25.7300,24.7400,25.4800,25.5800,2034316,51549718.0000,3,0.847632,1,-0.390932,0
2016-11-28,sz.002356,25.3500,25.6000,25.2200,25.4900,25.4800,1916136,48645727.0000,3,0.798390,1,0.039247,0
2016-11-29,sz.002356,25.4900,25.4900,24.9000,24.9400,25.4900,1890346,47447508.0000,3,0.787644,1,-2.157706,0
2016-11-30,sz.002356,24.8600,25.1400,24.6900,24.8100,24.9400,1190252,29662155.0000,3,0.495938,1,-0.521255,0
2016-12-01,sz.002356,24.8100,25.0000,24.6800,24.9100,24.8100,1400373,34736029.0000,3,0.583489,1,0.403065,0
2016-12-02,sz.002356,24.9100,24.9100,23.8800,24.1100,24.9100,1493108,36221017.0000,3,0.622128,1,-3.211559,0
2016-12-05,sz.002356,24.0100,24.4000,23.7600,23.8400,24.1100,1407051,33694707.0000,3,0.586271,1,-1.119869,0
2016-12-06,sz.002356,23.8200,24.2400,23.8200,23.9400,23.8400,735132,17676243.0000,3,0.306305,1,0.419465,0
2016-12-07,sz.002356,24.0200,24.1800,23.7800,24.1400,23.9400,783609,18805494.0000,3,0.326504,1,0.835417,0
2016-12-08,sz.002356,24.1400,24.3600,23.9300,24.1900,24.1400,1216909,29367119.0000,3,0.507045,1,0.207130,0
2016-12-09,sz.002356,24.2000,24.2600,24.0600,24.2300,24.1900,784518,18970540.0000,3,0.326883,1,0.165353,0
2016-12-12,sz.002356,24.2500,24.9500,22.8000,22.8800,24.2300,1479316,34853020.0000,3,0.616382,1,-5.571607,0
2016-12-13,sz.002356,22.7900,23.6000,22.4000,23.5400,22.8800,1640815,38059381.0000,3,0.683673,1,2.884623,0
2016-12-14,sz.002356,23.4300,23.5000,23.1100,23.5000,23.5400,1120684,26150730.0000,3,0.466952,1,-0.169927,0
2016-12-15,sz.002356,23.2300,23.6700,23.2100,23.4900,23.5000,833399,19491941.0000,3,0.347250,1,-0.042554,0
2016-12-16,sz.002356,23.4800,23.7200,23.2400,23.4800,23.4900,661033,15479778.0000,3,0.275430,1,-0.042572,0
2016-12-19,sz.002356,23.5800,23.5800,23.1500,23.4600,23.4800,704247,16416390.0000,3,0.293436,1,-0.085181,0
2016-12-20,sz.002356,23.4600,23.6600,23.2800,23.4000,23.4600,1039260,24413089.0000,3,0.433025,1,-0.255752,0
2016-12-21,sz.002356,23.3800,24.2800,23.3800,24.0100,23.4000,1940230,46607528.0000,3,0.808429,1,2.606840,0
2016-12-22,sz.002356,23.8900,24.5200,23.7200,23.9400,24.0100,1300616,31436778.0000,3,0.541923,1,-0.291544,0
2016-12-23,sz.002356,23.7500,24.2600,23.3900,23.4600,23.9400,604657,14336820.0000,3,0.251940,1,-2.005018,0
2016-12-26,sz.002356,23.4600,23.5700,23.0200,23.4800,23.4600,634009,14777833.0000,3,0.264170,1,0.085253,0
2016-12-27,sz.002356,23.3200,23.7500,23.3200,23.5300,23.4800,464670,10948854.0000,3,0.193612,1,0.212952,0
2016-12-28,sz.002356,23.3900,23.8100,23.3000,23.5800,23.5300,497057,11729171.0000,3,0.207107,1,0.212491,0
2016-12-29,sz.002356,23.6000,23.9000,23.3600,23.9000,23.5800,748963,17735422.0000,3,0.312068,1,1.357081,0
2016-12-30,sz.002356,24.0200,24.3800,23.8900,24.2000,23.9000,1094911,26460171.0000,3,0.456213,1,1.255235,0
2017-01-03,sz.002356,24.0000,24.2000,23.7200,23.7600,24.2000,1090163,26106204.0000,3,0.454235,1,-1.818184,0
2017-01-04,sz.002356,23.7600,25.0000,23.4100,24.9800,23.7600,2838346,69615391.0000,3,1.182644,1,5.134677,0
2017-01-05,sz.002356,24.9800,26.3000,24.8800,26.0600,24.9800,5753065,148138227.0000,3,2.397110,1,4.323459,0
2017-01-06,sz.002356,25.9000,26.2800,25.7000,26.0500,26.0600,2479104,64279011.0000,3,1.032960,1,-0.038374,0
2017-01-09,sz.002356,26.0000,26.7500,25.9000,26.6500,26.0500,3346460,88979121.0000,3,1.394358,1,2.303264,0
2017-01-10,sz.002356,26.6500,27.2000,26.2900,26.7000,26.6500,5038035,135016003.0000,3,2.099181,1,0.187622,0
2017-01-11,sz.002356,26.4800,26.6700,26.0000,26.4900,26.7000,2612295,68786550.0000,3,1.088456,1,-0.786520,0
2017-01-12,sz.002356,26.4500,26.7700,25.9300,26.3200,26.4900,2227483,58445069.0000,3,0.928118,1,-0.641752,0
2017-01-13,sz.002356,26.3000,27.1100,26.1600,26.8900,26.3200,5888897,157918409.0000,3,2.453707,1,2.165653,0
2017-01-16,sz.002356,26.8000,27.0000,25.1000,26.3600,26.8900,5516621,144409961.0000,3,2.298592,1,-1.970989,0
2017-01-17,sz.002356,26.1000,26.1000,24.9700,26.0500,26.3600,2583958,65767027.0000,3,1.076649,1,-1.176029,0
2017-01-18,sz.002356,25.9200,25.9800,25.3600,25.7800,26.0500,1626189,41734150.0000,3,0.677579,1,-1.036463,0
2017-01-19,sz.002356,25.7800,26.0100,25.5100,25.9700,25.7800,1659475,42937647.0000,3,0.691448,1,0.737000,0
2017-01-20,sz.002356,26.0000,26.1500,25.5700,25.8000,25.9700,2245575,58209360.0000,3,0.935656,1,-0.654602,0
2017-01-23,sz.002356,25.7700,25.9900,25.4600,25.9500,25.8000,1502654,38672920.0000,3,0.626106,1,0.581401,0
2017-01-24,sz.002356,25.4000,25.8800,25.4000,25.7600,25.9500,1194771,30711815.0000,3,0.497821,1,-0.732179,0
2017-01-25,sz.002356,25.7500,26.8000,25.7100,26.0300,25.7600,3340621,87244909.0000,3,1.391925,1,1.048138,0
2017-01-26,sz.002356,25.8900,26.2000,25.5400,26.1900,26.0300,2406801,62435090.0000,3,1.002834,1,0.614675,0
2017-02-03,sz.002356,26.1000,26.1500,25.6200,25.6700,26.1900,845668,21854979.0000,3,0.352362,1,-1.985492,0
2017-02-06,sz.002356,25.8500,26.1500,25.5000,26.1000,25.6700,1823613,47032950.0000,3,0.759839,1,1.675108,0
2017-02-07,sz.002356,26.0300,26.3900,26.0000,26.3400,26.1000,2892880,75757371.0000,3,1.205367,1,0.919539,0
2017-02-08,sz.002356,26.3800,26.3800,25.7300,26.0800,26.3400,1215494,31560321.0000,3,0.506456,1,-0.987093,0
2017-02-09,sz.002356,26.1000,26.6600,25.8300,26.6600,26.0800,1869406,49194614.0000,3,0.778919,1,2.223926,0
2017-02-10,sz.002356,26.7600,27.1700,26.3000,26.3300,26.6600,1959269,52323864.0000,3,0.816362,1,-1.237809,0
2017-02-13,sz.002356,26.2400,26.2400,25.6500,25.9100,26.3300,1489696,38493171.0000,3,0.620707,1,-1.595139,0
2017-02-14,sz.002356,25.9600,26.0800,25.6400,25.6400,25.9100,1147291,29662126.0000,3,0.478038,1,-1.042070,0
2017-02-15,sz.002356,25.6100,25.6700,25.2300,25.3900,25.6400,1226477,31206949.0000,3,0.511032,1,-0.975039,0
2017-02-16,sz.002356,25.5500,25.7400,25.2800,25.4500,25.3900,670028,17104772.0000,3,0.279178,1,0.236319,0
2017-02-17,sz.002356,25.4500,25.7100,25.3000,25.6000,25.4500,672413,17165393.0000,3,0.280172,1,0.589389,0
2017-02-20,sz.002356,25.5000,25.6000,25.1600,25.5100,25.6000,702034,17805535.0000,3,0.292514,1,-0.351563,0
2017-02-21,sz.002356,25.5600,25.8800,25.4500,25.8600,25.5100,840634,21618147.0000,3,0.350264,1,1.372012,0
2017-02-22,sz.002356,25.9100,25.9100,25.3000,25.4000,25.8600,1023790,26123728.0000,3,0.426579,1,-1.778813,0
2017-02-23,sz.002356,25.3500,26.0800,25.2500,26.0800,25.4000,1216727,31308592.0000,3,0.506970,1,2.677167,0
2017-02-24,sz.002356,26.1800,26.1800,25.7200,25.9400,26.0800,815698,21129311.0000,3,0.339874,1,-0.536807,0
2017-02-27,sz.002356,25.9300,26.2600,25.5100,25.9700,25.9400,1260804,32811607.0000,3,0.525335,1,0.115647,0
2017-02-28,sz.002356,26.0200,26.4000,25.8100,25.9600,25.9700,1340549,35093771.0000,3,0.558562,1,-0.038507,0
2017-03-01,sz.002356,25.9600,26.4500,25.8100,26.1000,25.9600,1453736,38049945.0000,3,0.605723,1,0.539296,0
2017-03-02,sz.002356,26.1000,26.3600,25.4000,25.4500,26.1000,2355938,60482877.0000,3,0.981641,1,-2.490420,0
2017-03-03,sz.002356,25.4100,26.0200,25.3000,25.8800,25.4500,1250024,32124292.0000,3,0.520843,1,1.689581,0
2017-03-06,sz.002356,25.9000,26.4500,25.7000,26.2900,25.8800,1546557,40317610.0000,3,0.644399,1,1.584242,0
2017-03-07,sz.002356,26.2800,26.4600,25.9800,26.2900,26.2900,1093048,28631146.0000,3,0.455437,1,0.000000,0
2017-03-08,sz.002356,26.3900,26.8500,26.1900,26.3600,26.2900,1711694,45379869.0000,3,0.713206,1,0.266260,0
2017-03-09,sz.002356,26.3600,26.4600,25.7600,25.9300,26.3600,1284480,33390762.0000,3,0.535200,1,-1.631261,0
2017-03-10,sz.002356,25.8000,26.0600,25.5600,25.9300,25.9300,969978,25094093.0000,3,0.404158,1,0.000000,0
2017-03-13,sz.002356,25.9600,26.3000,25.6300,26.1000,25.9300,1557523,40531963.0000,3,0.648968,1,0.655612,0
2017-03-14,sz.002356,26.1900,26.3400,25.7600,25.8800,26.1000,756532,19657774.0000,3,0.315222,1,-0.842916,0
2017-03-15,sz.002356,25.6900,26.4000,25.5700,26.3100,25.8800,2662938,68835922.0000,3,1.109557,1,1.661516,0
2017-03-16,sz.002356,26.3100,26.5000,26.1500,26.4900,26.3100,1966708,51808230.0000,3,0.819462,1,0.684152,0
2017-03-17,sz.002356,26.5000,26.6500,26.1000,26.1400,26.4900,1545503,40737976.0000,3,0.643960,1,-1.321255,0
2017-03-20,sz.002356,26.1000,26.1000,25.6600,26.0200,26.1400,954598,24706616.0000,3,0.397749,1,-0.459062,0
2017-03-21,sz.002356,26.0400,26.5000,25.8000,26.5000,26.0200,1762075,46306546.0000,3,0.734198,1,1.844733,0
2017-03-22,sz.002356,26.4300,27.1600,26.2300,27.0000,26.5000,3703289,99555304.0000,3,1.543037,1,1.886792,0
2017-03-23,sz.002356,26.9200,27.1900,26.4400,26.9900,27.0000,2718968,73070916.0000,3,1.132903,1,-0.037038,0
2017-03-24,sz.002356,27.1000,27.6000,26.6600,27.5400,26.9900,3468986,94470799.0000,3,1.445411,1,2.037796,0
2017-03-27,sz.002356,27.4500,27.8700,26.7000,26.7200,27.5400,3055090,82969386.0000,3,1.272954,1,-2.977493,0
2017-03-28,sz.002356,26.7000,26.9600,26.4000,26.9300,26.7200,1672515,44726080.0000,3,0.696881,1,0.785932,0
2017-03-29,sz.002356,26.9000,27.0000,25.8100,25.9400,26.9300,2036594,54124964.0000,3,0.848581,1,-3.676197,0
2017-03-30,sz.002356,25.9500,26.0500,25.0200,25.5000,25.9400,2701265,68897923.0000,3,1.125527,1,-1.696224,0
2017-03-31,sz.002356,25.3300,25.9500,25.2600,25.6700,25.5000,958918,24440394.0000,3,0.399549,1,0.666667,0
2017-04-05,sz.002356,25.6800,25.9800,25.5100,25.8500,25.6700,1095012,28221535.0000,3,0.456255,1,0.701209,0
2017-04-06,sz.002356,25.7400,26.4100,25.7400,25.8600,25.8500,1620241,42235239.0000,3,0.675100,1,0.038686,0
2017-04-07,sz.002356,25.8100,25.9700,25.7500,25.8500,25.8600,1037420,26821366.0000,3,0.432258,1,-0.038671,0
2017-04-10,sz.002356,25.8500,26.0000,25.3900,25.4800,25.8500,1489606,38059900.0000,3,0.620669,1,-1.431338,0
2017-04-11,sz.002356,25.1900,25.6000,25.1900,25.5000,25.4800,1097828,27921144.0000,3,0.457428,1,0.078495,0
2017-04-12,sz.002356,25.5100,25.9300,25.3600,25.5200,25.5000,787271,20176163.0000,3,0.328030,1,0.078433,0
2017-04-13,sz.002356,25.6000,25.7000,25.3600,25.6400,25.5200,602576,15393804.0000,3,0.251073,1,0.470215,0
2017-04-14,sz.002356,25.5900,25.6100,25.1600,25.3300,25.6400,966781,24463614.0000,3,0.402825,1,-1.209046,0
2017-04-17,sz.002356,25.3000,26.0000,25.0200,25.6500,25.3300,2130993,54733803.0000,3,0.887914,1,1.263323,0
2017-04-18,sz.002356,25.3400,25.4900,25.0000,25.3600,25.6500,1577075,39668113.0000,3,0.657115,1,-1.130600,0
2017-04-19,sz.002356,25.1600,25.3000,23.7300,24.8000,25.3600,2792075,68996383.0000,3,1.163365,1,-2.208207,0
2017-04-20,sz.002356,24.7000,25.0600,24.6000,24.9600,24.8000,1206468,30029472.0000,3,0.502695,1,0.645161,0
2017-04-21,sz.002356,24.9500,25.4800,24.9100,25.4800,24.9600,975841,24561239.0000,3,0.406600,1,2.083335,0
2017-04-24,sz.002356,25.5000,25.5000,24.5000,25.2300,25.4800,1574050,39326694.0000,3,0.655854,1,-0.981162,0
2017-04-25,sz.002356,25.1900,25.4000,24.8500,25.4000,25.2300,721571,18235446.0000,3,0.300655,1,0.673801,0
2017-04-26,sz.002356,25.3800,25.4800,25.2200,25.4500,25.4000,408274,10363120.0000,3,0.170114,1,0.196855,0
2017-04-27,sz.002356,25.4800,25.5000,24.9300,25.4500,25.4500,838057,21148881.0000,3,0.349190,1,0.000000,0
2017-04-28,sz.002356,25.3100,26.6600,25.3100,26.2900,25.4500,1814222,47017592.0000,3,0.755926,1,3.300590,0
2017-05-02,sz.002356,26.0600,26.4500,26.0600,26.4300,26.2900,1299210,34099014.0000,3,0.541338,1,0.532520,0
2017-05-03,sz.002356,26.4200,26.5800,26.2000,26.5000,26.4300,721788,19055671.0000,3,0.300745,1,0.264849,0
2017-05-04,sz.002356,26.3400,26.7500,26.0600,26.4000,26.5000,568969,14998993.0000,3,0.237070,1,-0.377360,0
2017-05-05,sz.002356,26.4500,26.5500,26.0700,26.3900,26.4000,655130,17213230.0000,3,0.272971,1,-0.037880,0
2017-05-08,sz.002356,26.4700,26.4700,26.0100,26.3600,26.3900,1016822,26631652.0000,3,0.423676,1,-0.113675,0
2017-05-09,sz.002356,26.3400,26.4900,25.9000,26.3000,26.3600,1323230,34646769.0000,3,0.551346,1,-0.227623,0
2017-05-10,sz.002356,26.2100,26.4800,25.9500,26.2700,26.3000,1682610,44105471.0000,3,0.701087,1,-0.114064,0
2017-05-11,sz.002356,26.4400,26.4400,25.3500,26.1400,26.2700,1771767,45879749.0000,3,0.738236,1,-0.494865,0
2017-05-12,sz.002356,26.1000,26.1500,25.5000,26.0800,26.1400,1844056,47639766.0000,3,0.768357,1,-0.229531,0
2017-05-15,sz.002356,25.8500,26.5000,25.6000,25.9600,26.0800,1400283,36526503.0000,3,0.583451,1,-0.460126,0
2017-05-16,sz.002356,25.6000,26.2100,25.2500,26.1900,25.9600,1708744,44154071.0000,3,0.711977,1,0.885984,0
2017-05-17,sz.002356,26.2500,26.6800,25.9100,26.3900,26.1900,2750996,72366554.0000,3,1.146248,1,0.763646,0
2017-05-18,sz.002356,26.4800,26.4800,26.0900,26.3000,26.3900,2368082,62292635.0000,3,0.986701,1,-0.341039,0
2017-05-19,sz.002356,26.3100,26.3200,25.8500,26.1800,26.3000,955811,24928873.0000,3,0.398255,1,-0.456270,0
2017-05-22,sz.002356,26.0000,26.1700,25.9000,26.1500,26.1800,598104,15553469.0000,3,0.249210,1,-0.114594,0
2017-05-23,sz.002356,25.8600,26.7800,25.3100,25.9400,26.1500,1658254,43402442.0000,3,0.690939,1,-0.803056,0
2017-05-24,sz.002356,25.5300,25.9700,24.9600,25.9700,25.9400,1059158,27003972.0000,3,0.441316,1,0.115647,0
2017-05-25,sz.002356,25.8000,26.3000,25.3300,25.9200,25.9700,1742479,45053556.0000,3,0.726033,1,-0.192527,0
2017-05-26,sz.002356,25.8800,25.8800,25.5400,25.8500,25.9200,968364,24893006.0000,3,0.403485,1,-0.270060,0
2017-05-31,sz.002356,25.7600,25.7600,25.1000,25.2100,25.8500,1501046,38156596.0000,3,0.625436,1,-2.475827,0
2017-06-01,sz.002356,25.1800,25.3500,24.5300,25.1000,25.2100,1851991,46384127.0000,3,0.771663,1,-0.436330,0
2017-06-02,sz.002356,25.1200,25.6500,24.7500,25.6300,25.1000,1329646,33475883.0000,3,0.554019,1,2.111549,0
2017-06-05,sz.002356,25.6300,25.8000,25.2600,25.3900,25.6300,1564900,40161948.0000,3,0.652042,1,-0.936402,0
2017-06-06,sz.002356,25.5000,25.5000,25.2000,25.3800,25.3900,1195500,30295960.0000,3,0.498125,1,-0.039386,0
2017-06-07,sz.002356,25.5000,25.5000,25.2100,25.4300,25.3800,1338492,33963120.0000,3,0.557705,1,0.197010,0
2017-06-08,sz.002356,25.5400,25.5500,25.2600,25.4800,25.4300,912500,23174498.0000,3,0.380208,1,0.196615,0
2017-06-09,sz.002356,25.4800,25.4900,25.1800,25.3000,25.4800,647000,16371697.0000,3,0.269583,1,-0.706438,0
2017-06-12,sz.002356,25.4000,25.4000,24.8500,24.9900,25.3000,1093140,27360659.0000,3,0.455475,1,-1.225294,0
2017-06-13,sz.002356,24.9900,25.4500,24.7000,25.4100,24.9900,1452000,36760243.0000,3,0.605000,1,1.680673,0
2017-06-14,sz.002356,25.4100,25.4100,25.4100,25.4100,25.4100,0,0.0000,3,,0,0.000000,0
2017-06-15,sz.002356,25.4100,25.4100,25.4100,25.4100,25.4100,0,0.0000,3,,0,0.000000,0
2017-06-16,sz.002356,25.4100,25.4100,25.4100,25.4100,25.4100,0,0.0000,3,,0,0.000000,0
2017-06-19,sz.002356,25.4100,25.4100,25.4100,25.4100,25.4100,0,0.0000,3,,0,0.000000,0
2017-06-20,sz.002356,25.4100,25.4100,25.4100,25.4100,25.4100,0,0.0000,3,,0,0.000000,0
2017-06-21,sz.002356,25.4100,25.4100,25.4100,25.4100,25.4100,0,0.0000,3,,0,0.000000,0
2017-06-22,sz.002356,25.4100,25.4100,25.4100,25.4100,25.4100,0,0.0000,3,,0,0.000000,0
2017-06-23,sz.002356,25.4100,25.4100,25.4100,25.4100,25.4100,0,0.0000,3,,0,0.000000,0
2017-06-26,sz.002356,25.4100,25.4100,25.4100,25.4100,25.4100,0,0.0000,3,,0,0.000000,0
2017-06-27,sz.002356,25.4100,25.4100,25.4100,25.4100,25.4100,0,0.0000,3,,0,0.000000,0
2017-06-28,sz.002356,25.4100,25.4100,25.4100,25.4100,25.4100,0,0.0000,3,,0,0.000000,0
2017-06-29,sz.002356,25.4100,25.4100,25.4100,25.4100,25.4100,0,0.0000,3,,0,0.000000,0
2017-06-30,sz.002356,25.4100,25.4100,25.4100,25.4100,25.4100,0,0.0000,3,,0,0.000000,0
2017-07-03,sz.002356,25.4100,25.4100,25.4100,25.4100,25.4100,0,0.0000,3,,0,0.000000,0
2017-07-04,sz.002356,25.4100,25.4100,25.4100,25.4100,25.4100,0,0.0000,3,,0,0.000000,0
2017-07-05,sz.002356,25.4100,25.4100,25.4100,25.4100,25.4100,0,0.0000,3,,0,0.000000,0
2017-07-06,sz.002356,25.4100,25.4100,25.4100,25.4100,25.4100,0,0.0000,3,,0,0.000000,0
2017-07-07,sz.002356,25.4100,25.4100,25.4100,25.4100,25.4100,0,0.0000,3,,0,0.000000,0
2017-07-10,sz.002356,25.4100,25.4100,25.4100,25.4100,25.4100,0,0.0000,3,,0,0.000000,0
2017-07-11,sz.002356,25.4100,25.4100,25.4100,25.4100,25.4100,0,0.0000,3,,0,0.000000,0
2017-07-12,sz.002356,25.4100,25.4100,25.4100,25.4100,25.4100,0,0.0000,3,,0,0.000000,0
2017-07-13,sz.002356,25.4100,25.4100,25.4100,25.4100,25.4100,0,0.0000,3,,0,0.000000,0
2017-07-14,sz.002356,25.4100,25.4100,25.4100,25.4100,25.4100,0,0.0000,3,,0,0.000000,0
2017-07-17,sz.002356,25.3100,25.3100,25.3100,25.3100,25.3100,0,0.0000,3,,0,0.000000,0
2017-07-18,sz.002356,25.3100,25.3100,25.3100,25.3100,25.3100,0,0.0000,3,,0,0.000000,0
2017-07-19,sz.002356,25.3100,25.3100,25.3100,25.3100,25.3100,0,0.0000,3,,0,0.000000,0
2017-07-20,sz.002356,25.3100,25.3100,25.3100,25.3100,25.3100,0,0.0000,3,,0,0.000000,0
2017-07-21,sz.002356,25.3100,25.3100,25.3100,25.3100,25.3100,0,0.0000,3,,0,0.000000,0
2017-07-24,sz.002356,25.3100,25.3100,25.3100,25.3100,25.3100,0,0.0000,3,,0,0.000000,0
2017-07-25,sz.002356,25.3100,25.3100,25.3100,25.3100,25.3100,0,0.0000,3,,0,0.000000,0
2017-07-26,sz.002356,25.3100,25.3100,25.3100,25.3100,25.3100,0,0.0000,3,,0,0.000000,0
2017-07-27,sz.002356,25.3100,25.3100,25.3100,25.3100,25.3100,0,0.0000,3,,0,0.000000,0
2017-07-28,sz.002356,25.3100,25.3100,25.3100,25.3100,25.3100,0,0.0000,3,,0,0.000000,0
2017-07-31,sz.002356,25.3100,25.3100,25.3100,25.3100,25.3100,0,0.0000,3,,0,0.000000,0
2017-08-01,sz.002356,25.3100,25.3100,25.3100,25.3100,25.3100,0,0.0000,3,,0,0.000000,0
2017-08-02,sz.002356,25.3100,25.3100,25.3100,25.3100,25.3100,0,0.0000,3,,0,0.000000,0
2017-08-03,sz.002356,25.3100,25.3100,25.3100,25.3100,25.3100,0,0.0000,3,,0,0.000000,0
2017-08-04,sz.002356,25.3100,25.3100,25.3100,25.3100,25.3100,0,0.0000,3,,0,0.000000,0
2017-08-07,sz.002356,25.3100,25.3100,25.3100,25.3100,25.3100,0,0.0000,3,,0,0.000000,0
2017-08-08,sz.002356,25.3100,25.3100,25.3100,25.3100,25.3100,0,0.0000,3,,0,0.000000,0
2017-08-09,sz.002356,25.3100,25.3100,25.3100,25.3100,25.3100,0,0.0000,3,,0,0.000000,0
2017-08-10,sz.002356,25.3100,25.3100,25.3100,25.3100,25.3100,0,0.0000,3,,0,0.000000,0
2017-08-11,sz.002356,25.3100,25.3100,25.3100,25.3100,25.3100,0,0.0000,3,,0,0.000000,0
2017-08-14,sz.002356,25.3100,25.3100,25.3100,25.3100,25.3100,0,0.0000,3,,0,0.000000,0
2017-08-15,sz.002356,25.3100,25.3100,25.3100,25.3100,25.3100,0,0.0000,3,,0,0.000000,0
2017-08-16,sz.002356,25.3100,25.3100,25.3100,25.3100,25.3100,0,0.0000,3,,0,0.000000,0
2017-08-17,sz.002356,25.3100,25.3100,25.3100,25.3100,25.3100,0,0.0000,3,,0,0.000000,0
2017-08-18,sz.002356,25.3100,25.3100,25.3100,25.3100,25.3100,0,0.0000,3,,0,0.000000,0
2017-08-21,sz.002356,25.3100,25.3100,25.3100,25.3100,25.3100,0,0.0000,3,,0,0.000000,0
2017-08-22,sz.002356,25.3100,25.3100,25.3100,25.3100,25.3100,0,0.0000,3,,0,0.000000,0
2017-08-23,sz.002356,25.3100,25.3100,25.3100,25.3100,25.3100,0,0.0000,3,,0,0.000000,0
2017-08-24,sz.002356,25.3100,25.3100,25.3100,25.3100,25.3100,0,0.0000,3,,0,0.000000,0
2017-08-25,sz.002356,25.3100,25.3100,25.3100,25.3100,25.3100,0,0.0000,3,,0,0.000000,0
2017-08-28,sz.002356,25.3100,25.3100,25.3100,25.3100,25.3100,0,0.0000,3,,0,0.000000,0
2017-08-29,sz.002356,25.3100,25.3100,25.3100,25.3100,25.3100,0,0.0000,3,,0,0.000000,0
2017-08-30,sz.002356,25.3100,25.3100,25.3100,25.3100,25.3100,0,0.0000,3,,0,0.000000,0
2017-08-31,sz.002356,25.3100,25.3100,25.3100,25.3100,25.3100,0,0.0000,3,,0,0.000000,0
2017-09-01,sz.002356,25.3100,25.3100,25.3100,25.3100,25.3100,0,0.0000,3,,0,0.000000,0
2017-09-04,sz.002356,25.3100,25.3100,25.3100,25.3100,25.3100,0,0.0000,3,,0,0.000000,0
2017-09-05,sz.002356,25.3100,25.3100,25.3100,25.3100,25.3100,0,0.0000,3,,0,0.000000,0
2017-09-06,sz.002356,25.3100,25.3100,25.3100,25.3100,25.3100,0,0.0000,3,,0,0.000000,0
2017-09-07,sz.002356,25.3100,25.3100,25.3100,25.3100,25.3100,0,0.0000,3,,0,0.000000,0
2017-09-08,sz.002356,25.3100,25.3100,25.3100,25.3100,25.3100,0,0.0000,3,,0,0.000000,0
2017-09-11,sz.002356,25.3100,25.3100,25.3100,25.3100,25.3100,0,0.0000,3,,0,0.000000,0
2017-09-12,sz.002356,25.3100,25.3100,25.3100,25.3100,25.3100,0,0.0000,3,,0,0.000000,0
2017-09-13,sz.002356,25.3100,25.3100,25.3100,25.3100,25.3100,0,0.0000,3,,0,0.000000,0
2017-09-14,sz.002356,25.3100,25.3100,25.3100,25.3100,25.3100,0,0.0000,3,,0,0.000000,0
2017-09-15,sz.002356,25.3100,25.3100,25.3100,25.3100,25.3100,0,0.0000,3,,0,0.000000,0
2017-09-18,sz.002356,25.3100,25.3100,25.3100,25.3100,25.3100,0,0.0000,3,,0,0.000000,0
2017-09-19,sz.002356,25.3100,25.3100,25.3100,25.3100,25.3100,0,0.0000,3,,0,0.000000,0
2017-09-20,sz.002356,25.3100,25.3100,25.3100,25.3100,25.3100,0,0.0000,3,,0,0.000000,0
2017-09-21,sz.002356,25.3100,25.3100,25.3100,25.3100,25.3100,0,0.0000,3,,0,0.000000,0
2017-09-22,sz.002356,25.3100,25.3100,25.3100,25.3100,25.3100,0,0.0000,3,,0,0.000000,0
2017-09-25,sz.002356,25.3100,25.3100,25.3100,25.3100,25.3100,0,0.0000,3,,0,0.000000,0
2017-09-26,sz.002356,25.3100,25.3100,25.3100,25.3100,25.3100,0,0.0000,3,,0,0.000000,0
2017-09-27,sz.002356,25.3100,25.3100,25.3100,25.3100,25.3100,0,0.0000,3,,0,0.000000,0
2017-09-28,sz.002356,25.3100,25.3100,25.3100,25.3100,25.3100,0,0.0000,3,,0,0.000000,0
2017-09-29,sz.002356,25.3100,25.3100,25.3100,25.3100,25.3100,0,0.0000,3,,0,0.000000,0
2017-10-09,sz.002356,25.3100,25.3100,25.3100,25.3100,25.3100,0,0.0000,3,,0,0.000000,0
2017-10-10,sz.002356,25.3100,25.3100,25.3100,25.3100,25.3100,0,0.0000,3,,0,0.000000,0
2017-10-11,sz.002356,25.3100,25.3100,25.3100,25.3100,25.3100,0,0.0000,3,,0,0.000000,0
2017-10-12,sz.002356,25.3100,25.3100,25.3100,25.3100,25.3100,0,0.0000,3,,0,0.000000,0
2017-10-13,sz.002356,25.3100,25.3100,25.3100,25.3100,25.3100,0,0.0000,3,,0,0.000000,0
2017-10-16,sz.002356,25.3100,25.3100,25.3100,25.3100,25.3100,0,0.0000,3,,0,0.000000,0
2017-10-17,sz.002356,25.3100,25.3100,25.3100,25.3100,25.3100,0,0.0000,3,,0,0.000000,0
2017-10-18,sz.002356,25.3100,25.3100,25.3100,25.3100,25.3100,0,0.0000,3,,0,0.000000,0
2017-10-19,sz.002356,25.3100,25.3100,25.3100,25.3100,25.3100,0,0.0000,3,,0,0.000000,0
2017-10-20,sz.002356,25.3100,25.3100,25.3100,25.3100,25.3100,0,0.0000,3,,0,0.000000,0
2017-10-23,sz.002356,25.3100,25.3100,25.3100,25.3100,25.3100,0,0.0000,3,,0,0.000000,0
2017-10-24,sz.002356,25.3100,25.3100,25.3100,25.3100,25.3100,0,0.0000,3,,0,0.000000,0
2017-10-25,sz.002356,25.3100,25.3100,25.3100,25.3100,25.3100,0,0.0000,3,,0,0.000000,0
2017-10-26,sz.002356,25.3100,25.3100,25.3100,25.3100,25.3100,0,0.0000,3,,0,0.000000,0
2017-10-27,sz.002356,26.0000,27.7600,25.3500,27.4000,25.3100,5058583,135933210.5200,3,1.784220,1,8.257607,0
2017-10-30,sz.002356,26.8900,27.3600,26.1100,27.3600,27.4000,2791418,74503451.8800,3,0.984565,1,-0.145982,0
2017-10-31,sz.002356,27.2900,27.2900,26.5500,26.6000,27.3600,1484313,39701956.1500,3,0.523534,1,-2.777779,0
2017-11-01,sz.002356,26.6300,27.3300,26.6300,27.3300,26.6000,1764231,47551006.5400,3,0.622264,1,2.744359,0
2017-11-02,sz.002356,27.3500,27.7000,26.8400,27.0400,27.3300,1216395,33194671.1300,3,0.429036,1,-1.061101,0
2017-11-03,sz.002356,27.1500,27.1500,26.5200,26.8400,27.0400,1687286,45135177.1600,3,0.595125,1,-0.739648,0
2017-11-06,sz.002356,26.8000,26.9600,26.5000,26.8400,26.8400,1340723,35830640.0900,3,0.472888,1,0.000000,0
2017-11-07,sz.002356,26.8000,26.8400,26.4000,26.8400,26.8400,2421880,64630424.1800,3,0.854225,1,0.000000,0
2017-11-08,sz.002356,26.8200,26.8200,26.5200,26.5800,26.8400,1307100,34829641.0000,3,0.461029,1,-0.968704,0
2017-11-09,sz.002356,26.5400,26.7400,26.3300,26.5400,26.5800,1133373,30073022.8300,3,0.399754,1,-0.150485,0
2017-11-10,sz.002356,26.3500,27.5700,26.1200,27.3600,26.5400,3164635,84651409.8800,3,1.116203,1,3.089675,0
2017-11-13,sz.002356,27.2000,27.3800,24.6200,27.1000,27.3600,4349972,115461141.5200,3,1.534284,1,-0.950293,0
2017-11-14,sz.002356,26.2000,26.7900,25.6000,26.7000,27.1000,3144310,82820102.7700,3,1.109034,1,-1.476013,0
2017-11-15,sz.002356,26.6900,26.6900,24.0300,24.0300,26.7000,5794176,144260748.4600,3,2.043672,1,-10.000000,0
2017-11-16,sz.002356,21.6300,24.7000,21.6300,24.4600,24.0300,10221704,234517356.9000,3,3.605311,1,1.789423,0
2017-11-17,sz.002356,23.6800,25.0000,23.5000,24.7700,24.4600,4469503,108244019.9500,3,1.576444,1,1.267381,0
2017-11-20,sz.002356,24.5200,25.7900,24.0800,25.1800,24.7700,1660847,41748851.7700,3,0.585800,1,1.655228,0
2017-11-21,sz.002356,25.0300,26.2400,25.0000,26.1900,25.1800,1688334,43433474.4400,3,0.595495,1,4.011121,0
2017-11-22,sz.002356,26.1900,26.4900,25.9600,26.4000,26.1900,937063,24577593.9900,3,0.330513,1,0.801829,0
2017-11-23,sz.002356,26.4000,26.5700,25.6800,26.3000,26.4000,1862700,48724515.0000,3,0.656995,1,-0.378789,0
2017-11-24,sz.002356,26.2300,26.8000,26.0000,26.5400,26.3000,3258421,86349773.7100,3,1.149282,1,0.912554,0
2017-11-27,sz.002356,26.3100,27.6000,26.3100,26.9400,26.5400,1785999,48365369.4000,3,0.629942,1,1.507158,0
2017-11-28,sz.002356,26.9600,27.3700,26.6600,27.1300,26.9400,1678492,45339331.4500,3,0.592023,1,0.705266,0
2017-11-29,sz.002356,27.1300,27.2000,26.0700,27.1100,27.1300,1588300,42830702.1700,3,0.560211,1,-0.073714,0
2017-11-30,sz.002356,26.8400,27.0000,26.4000,26.6100,27.1100,1132500,30112889.0000,3,0.399446,1,-1.844338,0
2017-12-01,sz.002356,26.6100,26.7000,25.5300,25.9900,26.6100,1824786,47343661.4300,3,0.643623,1,-2.329954,0
2017-12-04,sz.002356,25.7400,26.1900,25.5200,26.1000,25.9900,6591060,171026775.4500,3,2.324742,1,0.423242,0
2017-12-05,sz.002356,26.0100,26.3200,25.7500,26.0000,26.1000,5469000,142450012.5500,3,1.928978,1,-0.383143,0
2017-12-06,sz.002356,25.9900,26.2900,25.7600,26.2100,26.0000,4594555,119538976.8700,3,1.620552,1,0.807689,0
2017-12-07,sz.002356,26.2500,26.8800,26.2000,26.4700,26.2100,1421124,37690915.8400,3,0.501247,1,0.991989,0
2017-12-08,sz.002356,26.4500,26.7700,26.3100,26.3500,26.4700,867721,22985163.3700,3,0.306055,1,-0.453339,0
2017-12-11,sz.002356,26.3500,26.4600,26.0000,26.1400,26.3500,642000,16780638.2200,3,0.226441,1,-0.796968,0
2017-12-12,sz.002356,26.1800,26.2500,25.6600,26.1400,26.1400,905952,23505969.2800,3,0.319540,1,0.000000,0
2017-12-13,sz.002356,26.1700,27.3200,25.8200,27.3200,26.1400,2168773,58269777.7300,3,0.764951,1,4.514156,0
2017-12-14,sz.002356,27.3000,27.8600,27.0300,27.1000,27.3200,1890877,51700337.1000,3,0.666934,1,-0.805268,0
2017-12-15,sz.002356,27.1200,27.3300,26.8900,27.2500,27.1000,1355803,36759961.1800,3,0.478207,1,0.553504,0
2017-12-18,sz.002356,27.3100,27.5900,27.0700,27.4700,27.2500,1485200,40686550.0000,3,0.523847,1,0.807337,0
2017-12-19,sz.002356,27.4700,27.5200,26.7300,27.0000,27.4700,1236600,33376866.0000,3,0.436163,1,-1.710955,0
2017-12-20,sz.002356,27.0100,27.0100,26.4000,26.4400,27.0000,1029997,27404081.7400,3,0.363292,1,-2.074072,0
2017-12-21,sz.002356,26.2700,26.4200,25.9100,25.9500,26.4400,1132901,29504464.6100,3,0.399587,1,-1.853252,0
2017-12-22,sz.002356,25.9400,26.2300,25.8000,25.9700,25.9500,822561,21341269.7300,3,0.290127,1,0.077066,0
2017-12-25,sz.002356,25.8400,26.0900,25.5000,25.6700,25.9700,1096900,28212990.0000,3,0.386889,1,-1.155176,0
2017-12-26,sz.002356,25.5000,26.0000,25.3800,25.6800,25.6700,1425500,36547075.0000,3,0.502790,1,0.038957,0
2017-12-27,sz.002356,25.5300,25.8000,25.3100,25.7100,25.6800,2053600,52549713.0000,3,0.724328,1,0.116818,0
2017-12-28,sz.002356,25.7000,25.7000,25.3100,25.5000,25.7100,1454600,37031400.7800,3,0.513054,1,-0.816799,0
2017-12-29,sz.002356,25.5000,26.4300,25.4900,26.3900,25.5000,1337013,34737213.3400,3,0.471580,1,3.490194,0
2018-01-02,sz.002356,26.1300,27.1400,26.0600,26.9900,26.3900,2536374,67589922.5800,3,0.894608,1,2.273590,0
2018-01-03,sz.002356,27.0000,27.1800,26.6100,27.1500,26.9900,2275851,61166811.9700,3,0.802718,1,0.592812,0
2018-01-04,sz.002356,29.0000,29.3500,27.7000,28.5700,27.1500,6295250,178540029.4500,3,2.220406,1,5.230203,0
2018-01-05,sz.002356,28.2800,28.9000,28.1400,28.6500,28.5700,4177156,119233367.7900,3,1.473330,1,0.280014,0
2018-01-08,sz.002356,28.6700,31.5200,28.2400,31.1200,28.6500,7288037,217468966.0600,3,2.570573,1,8.621296,0
2018-01-09,sz.002356,31.0000,31.4800,29.9800,30.3600,31.1200,4932954,150936265.5100,3,1.739909,1,-2.442160,0
2018-01-10,sz.002356,30.3600,30.8800,29.5000,29.9400,30.3600,3929914,117624919.6700,3,1.386125,1,-1.383399,0
2018-01-11,sz.002356,29.8100,30.3700,29.3600,30.0200,29.9400,2936585,87772842.4300,3,1.035767,1,0.267201,0
2018-01-12,sz.002356,30.0200,30.2000,29.4500,30.0700,30.0200,1902112,56761880.0000,3,0.670896,1,0.166553,0
2018-01-15,sz.002356,30.0000,31.2800,29.5600,30.5000,30.0700,3466101,105179450.1100,3,1.222533,1,1.429998,0
2018-01-16,sz.002356,30.4800,30.8000,29.8100,30.5700,30.5000,2058779,62655747.1300,3,0.726155,1,0.229507,0
2018-01-17,sz.002356,30.5700,30.5700,29.5000,30.1400,30.5700,1973871,59298348.5500,3,0.696207,1,-1.406609,0
2018-01-18,sz.002356,30.1000,30.6500,29.8000,30.1500,30.1400,1933446,58491493.0300,3,0.681948,1,0.033179,0
2018-01-19,sz.002356,30.0600,31.4900,29.4000,31.1400,30.1500,3377933,103642236.7200,3,1.191435,1,3.283581,0
2018-01-22,sz.002356,31.0500,34.0000,30.9600,31.9800,31.1400,2847772,92017570.8700,3,1.004441,1,2.697496,0
2018-01-23,sz.002356,32.1000,32.8800,31.1800,31.9900,31.9800,3345504,107587962.2800,3,1.179997,1,0.031270,0
2018-01-24,sz.002356,31.9900,32.3000,31.0100,31.6000,31.9900,2564858,80777988.6700,3,0.904654,1,-1.219129,0
2018-01-25,sz.002356,31.4100,31.8600,30.6000,31.0500,31.6000,2911924,90301172.0900,3,1.027069,1,-1.740510,0
2018-01-26,sz.002356,31.1400,32.2000,30.6500,31.7300,31.0500,3126489,98840290.3500,3,1.102748,1,2.190017,0
2018-01-29,sz.002356,31.8000,32.1600,30.6000,30.7800,31.7300,1755605,54968557.0000,3,0.619222,1,-2.994008,0
2018-01-30,sz.002356,30.7000,30.9500,29.9800,29.9800,30.7800,1488620,45168750.4000,3,0.525053,1,-2.599094,0
2018-01-31,sz.002356,29.9800,29.9800,28.0000,28.6700,29.9800,2024800,58515178.9700,3,0.714170,1,-4.369578,0
2018-02-01,sz.002356,28.3000,28.8700,25.8000,26.0200,28.6700,3793707,101989847.3100,3,1.338083,1,-9.243110,0
2018-02-02,sz.002356,25.8000,25.9700,24.2300,25.8500,26.0200,4882075,123114923.9100,3,1.721963,1,-0.653344,0
2018-02-05,sz.002356,25.0500,26.3000,25.0000,26.0000,25.8500,1317800,33874021.9800,3,0.464803,1,0.580269,0
2018-02-06,sz.002356,25.6900,25.8400,24.8000,24.9900,26.0000,1310800,33044445.9600,3,0.462334,1,-3.884616,0
2018-02-07,sz.002356,25.5200,25.8500,25.0000,25.7500,24.9900,1644057,41886002.0600,3,0.579878,1,3.041218,0
2018-02-08,sz.002356,25.4800,27.5000,25.4600,27.1000,25.7500,1204442,31754302.0800,3,0.424820,1,5.242720,0
2018-02-09,sz.002356,26.5000,26.9600,25.5500,26.0000,27.1000,1539838,40193989.8400,3,0.543118,1,-4.059042,0
2018-02-12,sz.002356,26.0300,26.8100,26.0000,26.6000,26.0000,1278497,33886665.3200,3,0.450940,1,2.307694,0
2018-02-13,sz.002356,26.6100,26.7000,26.2500,26.2600,26.6000,869715,23002061.3000,3,0.306758,1,-1.278196,0
2018-02-14,sz.002356,26.2400,27.1000,25.9000,26.8200,26.2600,850100,22661396.4000,3,0.299840,1,2.132519,0
2018-02-22,sz.002356,26.9000,27.0500,26.6500,26.8500,26.8200,789900,21174187.0000,3,0.278607,1,0.111859,0
2018-02-23,sz.002356,26.8500,26.8500,26.0000,26.2900,26.8500,879400,23191863.0000,3,0.310174,1,-2.085659,0
2018-02-26,sz.002356,26.0300,26.5300,26.0100,26.1500,26.2900,890954,23409876.0400,3,0.314250,1,-0.532527,0
2018-02-27,sz.002356,26.1400,26.3200,25.5000,25.7000,26.1500,979978,25347239.3100,3,0.345649,1,-1.720837,0
2018-02-28,sz.002356,25.8200,25.8200,24.9000,25.1000,25.7000,1415300,35449131.0000,3,0.499192,1,-2.334632,0
2018-03-01,sz.002356,25.2500,25.3900,24.9100,25.3200,25.1000,882500,22238611.0000,3,0.311268,1,0.876491,0
2018-03-02,sz.002356,25.4400,26.5600,25.3000,26.5600,25.3200,2424400,63744488.0000,3,0.855113,1,4.897314,0
2018-03-05,sz.002356,26.8200,28.4900,26.8200,28.4800,26.5600,3837678,105504461.4400,3,1.353593,1,7.228916,0
2018-03-06,sz.002356,28.7700,28.7700,27.8100,28.4600,28.4800,2888950,81769837.2400,3,1.018965,1,-0.070226,0
2018-03-07,sz.002356,28.1900,28.7600,27.9000,28.7600,28.4600,2432153,68966262.8400,3,0.857848,1,1.054115,0
2018-03-08,sz.002356,28.7600,29.2600,28.1300,28.2200,28.7600,1963826,56329634.8400,3,0.692664,1,-1.877611,0
2018-03-09,sz.002356,28.2200,28.4500,27.8800,28.4100,28.2200,1744214,49257184.3200,3,0.615204,1,0.673283,0
2018-03-12,sz.002356,28.3300,28.9800,28.2500,28.9200,28.4100,2011603,57917520.7100,3,0.709515,1,1.795143,0
2018-03-13,sz.002356,28.9200,28.9200,28.1900,28.8000,28.9200,1528528,43794039.6400,3,0.539129,1,-0.414941,0
2018-03-14,sz.002356,28.7500,29.1600,28.5100,29.1600,28.8000,1545468,44703425.1700,3,0.545104,1,1.250002,0
2018-03-15,sz.002356,28.9700,30.5000,28.8000,29.3100,29.1600,2478343,73655388.6100,3,0.874140,1,0.514402,0
2018-03-16,sz.002356,29.1500,29.2500,28.0000,28.8000,29.3100,1649015,47329743.5900,3,0.581626,1,-1.740021,0
2018-03-19,sz.002356,28.5900,28.9900,28.2000,28.6000,28.8000,1016128,29080683.1200,3,0.358400,1,-0.694441,0
2018-03-20,sz.002356,28.4500,29.2500,28.3300,28.4000,28.6000,1104928,31755602.1600,3,0.389721,1,-0.699303,0
2018-03-21,sz.002356,28.1700,30.4000,28.1700,29.3000,28.4000,2695928,79096835.8900,3,0.950884,1,3.169013,0
2018-03-22,sz.002356,29.0900,29.4900,28.6700,28.7400,29.3000,1289792,37557659.0200,3,0.454924,1,-1.911261,0
2018-03-23,sz.002356,28.1000,30.3000,27.7700,28.2800,28.7400,2341937,67861559.3100,3,0.826028,1,-1.600554,0
2018-03-26,sz.002356,28.2800,29.1000,27.0100,29.0000,28.2800,1481854,41795912.8000,3,0.522667,1,2.545966,0
2018-03-27,sz.002356,29.0000,30.3700,28.7700,30.3000,29.0000,3028314,89984559.4400,3,1.068121,1,4.482756,0
2018-03-28,sz.002356,29.7000,30.6700,29.6900,30.3200,30.3000,1565411,47214593.6100,3,0.552138,1,0.066008,0
2018-03-29,sz.002356,30.5100,30.8000,29.7000,30.0500,30.3200,1382614,41664669.6700,3,0.487664,1,-0.890503,0
2018-03-30,sz.002356,30.4000,30.4000,29.6200,29.9900,30.0500,1085704,32437596.9200,3,0.382940,1,-0.199665,0
2018-04-02,sz.002356,29.9600,30.3500,29.7700,30.1500,29.9900,1048104,31415539.7900,3,0.369678,1,0.533511,0
2018-04-03,sz.002356,30.0000,30.0000,29.3200,29.7000,30.1500,966491,28671762.2300,3,0.340892,1,-1.492534,0
2018-04-04,sz.002356,29.7500,29.9200,28.1500,28.5100,29.7000,2602300,75949983.9400,3,0.917861,1,-4.006736,0
2018-04-09,sz.002356,28.4500,28.4500,27.6500,28.0200,28.5100,1704831,47605709.6800,3,0.601313,1,-1.718694,0
2018-04-10,sz.002356,28.1600,28.7500,27.9800,28.6800,28.0200,740100,21022799.0000,3,0.261042,1,2.355460,0
2018-04-11,sz.002356,28.6800,29.3700,28.1000,28.1600,28.6800,1313100,37633110.0000,3,0.463145,1,-1.813112,0
2018-04-12,sz.002356,28.1000,28.4000,27.5000,27.9200,28.1600,927001,25986301.1200,3,0.326964,1,-0.852272,0
2018-04-13,sz.002356,27.9000,28.3800,27.7000,27.9000,27.9200,643103,17968472.1000,3,0.226830,1,-0.071635,0
2018-04-16,sz.002356,28.0000,28.0500,27.5000,27.8800,27.9000,756702,21029364.7000,3,0.266897,1,-0.071686,0
2018-04-17,sz.002356,27.8900,27.9600,26.8400,27.0000,27.8800,1426200,38886913.0300,3,0.503037,1,-3.156381,0
2018-04-18,sz.002356,27.5500,27.5500,26.5800,26.8700,27.0000,674150,18115941.5000,3,0.237780,1,-0.481478,0
2018-04-19,sz.002356,26.8600,27.2500,26.6200,27.1900,26.8700,863294,23215042.1200,3,0.304494,1,1.190918,0
2018-04-20,sz.002356,27.1800,27.1800,26.2700,26.4000,27.1900,1111600,29507924.1500,3,0.392074,1,-2.905483,0
2018-04-23,sz.002356,26.4000,26.8000,26.0000,26.3500,26.4000,802637,21044729.9500,3,0.283099,1,-0.189391,0
2018-04-24,sz.002356,26.1500,26.6500,26.1500,26.5100,26.3500,606924,16066456.5000,3,0.214069,1,0.607210,0
2018-04-25,sz.002356,26.2000,27.1100,26.2000,26.8000,26.5100,601700,16106626.0000,3,0.212226,1,1.093923,0
2018-04-26,sz.002356,26.8000,26.8000,26.0000,26.0200,26.8000,987922,25837169.6600,3,0.348451,1,-2.910443,0
2018-04-27,sz.002356,26.8900,26.8900,25.8000,26.4000,26.0200,1007300,26505526.0000,3,0.366915,1,1.460412,0
2018-05-02,sz.002356,26.6500,26.6500,26.1500,26.3700,26.4000,550200,14517914.0000,3,0.200413,1,-0.113632,0
2018-05-03,sz.002356,26.3700,26.7900,26.2100,26.7600,26.3700,436400,11583014.0000,3,0.158961,1,1.478951,0
2018-05-04,sz.002356,26.8000,26.8000,26.2000,26.3300,26.7600,598100,15817382.0000,3,0.217861,1,-1.606877,0
2018-05-07,sz.002356,26.3300,26.4700,26.1800,26.4000,26.3300,939000,24738360.0000,3,0.342036,1,0.265855,0
2018-05-08,sz.002356,26.4500,26.4500,26.0300,26.2800,26.4000,779200,20418252.0000,3,0.283828,1,-0.454541,0
2018-05-09,sz.002356,26.3800,26.7000,26.2500,26.6500,26.2800,736500,19472312.0000,3,0.268274,1,1.407911,0
2018-05-10,sz.002356,26.7200,27.4800,26.5300,27.4100,26.6500,1327636,35978069.7400,3,0.483599,1,2.851783,0
2018-05-11,sz.002356,27.3500,27.4500,26.9000,26.9000,27.4100,998311,27069668.7000,3,0.363640,1,-1.860636,0
2018-05-14,sz.002356,26.9100,27.1200,26.4000,26.5500,26.9000,426693,11452076.5800,3,0.155425,1,-1.301117,0
2018-05-15,sz.002356,26.7400,27.2800,26.6000,27.0200,26.5500,844669,22832819.2000,3,0.307675,1,1.770249,0
2018-05-16,sz.002356,26.9800,27.2000,26.7100,26.8600,27.0200,588222,15865673.2400,3,0.214263,1,-0.592153,0
2018-05-17,sz.002356,26.6900,26.9600,26.3000,26.3000,26.8600,513783,13635953.5800,3,0.187148,1,-2.084890,0
2018-05-18,sz.002356,26.3000,26.7000,26.3000,26.5000,26.3000,421500,11174233.0000,3,0.153534,1,0.760459,0
2018-05-21,sz.002356,26.5500,26.8200,26.5100,26.7100,26.5000,525214,14015559.8000,3,0.191312,1,0.792449,0
2018-05-22,sz.002356,26.8000,26.8900,26.6300,26.7600,26.7100,503501,13482511.6500,3,0.183403,1,0.187200,0
2018-05-23,sz.002356,26.8800,26.8900,26.3000,26.3000,26.7600,535200,14167369.0000,3,0.194950,1,-1.718987,0
2018-05-24,sz.002356,26.2800,26.4400,26.1000,26.3300,26.3000,394969,10382748.6600,3,0.143870,1,0.114071,0
2018-05-25,sz.002356,26.4000,26.4300,26.0800,26.3000,26.3300,953769,24944241.3500,3,0.347416,1,-0.113941,0
2018-05-28,sz.002356,26.3000,26.5600,26.1400,26.3700,26.3000,630912,16649561.2400,3,0.229813,1,0.266166,0
2018-05-29,sz.002356,26.2300,26.5300,26.2300,26.3200,26.3700,387800,10239048.9900,3,0.141258,1,-0.189614,0
2018-05-30,sz.002356,26.2500,26.3700,26.0000,26.1000,26.3200,708910,18520765.2000,3,0.258224,1,-0.835864,0
2018-05-31,sz.002356,26.1000,26.4600,26.0300,26.4100,26.1000,790400,20807971.0000,3,0.287908,1,1.187737,0
2018-06-01,sz.002356,26.8000,26.8000,26.0700,26.1100,26.4100,1221800,31927274.0000,3,0.445048,1,-1.135931,0
2018-06-04,sz.002356,26.1100,26.3700,24.9900,25.0000,26.1100,2727683,69839014.7100,3,0.993574,1,-4.251247,0
2018-06-05,sz.002356,25.0000,25.2100,24.4400,25.0200,25.0000,616100,15304446.5800,3,0.224418,1,0.080002,0
2018-06-06,sz.002356,25.2500,25.3500,24.7500,24.9000,25.0200,517319,12948694.7700,3,0.188436,1,-0.479620,0
2018-06-07,sz.002356,24.7000,25.1700,24.6800,24.7800,24.9000,330500,8238449.0000,3,0.120386,1,-0.481923,0
2018-06-08,sz.002356,24.6000,24.9400,24.2000,24.2000,24.7800,931300,22810781.8100,3,0.339231,1,-2.340597,0
2018-06-11,sz.002356,24.2000,24.4400,22.5000,22.5000,24.2000,1160883,26830871.2500,3,0.422858,1,-7.024796,0
2018-06-12,sz.002356,22.3000,22.6700,20.2500,20.2500,22.5000,3419300,70599099.0000,3,1.245499,1,-10.000000,0
2018-06-13,sz.002356,19.5000,19.8800,18.2300,18.8400,20.2500,3422372,64132393.9000,3,1.246618,1,-6.962963,0
2018-06-14,sz.002356,18.3900,20.7200,18.0900,20.7200,18.8400,6041881,120188944.5000,3,2.200789,1,9.978764,0
2018-06-15,sz.002356,20.7200,20.7200,19.1700,19.8000,20.7200,2575743,51249008.4600,3,0.938229,1,-4.440155,0
2018-06-19,sz.002356,19.5000,19.8300,18.3200,18.9500,19.8000,2091268,39914328.5600,3,0.761756,1,-4.292922,0
2018-06-20,sz.002356,19.1300,19.1500,18.2700,19.0000,18.9500,2364368,44203607.9300,3,0.861234,1,0.263848,0
2018-06-21,sz.002356,18.7500,18.8300,17.1000,17.1000,19.0000,2300751,40696749.2600,3,0.838062,1,-9.999998,0
2018-06-22,sz.002356,15.3900,15.3900,15.3900,15.3900,17.1000,472700,7274853.0000,3,0.172184,1,-10.000000,0
2018-06-25,sz.002356,13.8500,13.8500,13.8500,13.8500,15.3900,280000,3878000.0000,3,0.101992,1,-10.006500,0
2018-06-26,sz.002356,12.4700,12.4700,12.4700,12.4700,13.8500,322500,4021575.0000,3,0.117472,1,-9.963899,0
2018-06-27,sz.002356,11.7100,12.4700,11.5200,11.6000,12.4700,10411666,122629680.9900,3,3.792508,1,-6.976743,0
2018-06-28,sz.002356,11.5900,11.8900,11.5900,11.7000,11.6000,7842043,91872141.9600,3,2.856508,1,0.862064,0
2018-06-29,sz.002356,11.6900,12.2000,11.6200,12.0900,11.7000,6424574,76567588.1200,3,2.340187,1,3.333337,0
2018-07-02,sz.002356,12.3200,13.3000,12.3200,13.3000,12.0900,2955865,38708179.8000,3,1.076690,1,10.008270,0
2018-07-03,sz.002356,14.0000,14.6300,13.6300,14.6300,13.3000,11444050,162942948.3100,3,4.168560,1,9.999999,0
2018-07-04,sz.002356,14.3000,16.0900,13.8500,16.0900,14.6300,15742874,236726446.7600,3,5.734431,1,9.979495,0
2018-07-05,sz.002356,15.6000,17.7000,15.0300,17.7000,16.0900,15647750,264355465.8300,3,5.699781,1,10.006220,0
2018-07-06,sz.002356,19.0000,19.4700,18.4000,19.4700,17.7000,7911907,152688858.0500,3,2.881957,1,9.999991,0
2018-07-09,sz.002356,18.9000,21.4200,18.4000,19.7200,19.4700,23504983,469795642.3300,3,8.561822,1,1.284027,0
2018-07-10,sz.002356,18.8800,21.6900,18.6000,21.6900,19.7200,19859788,404783728.1400,3,7.030169,1,9.989864,0
2018-07-11,sz.002356,21.5000,23.2100,20.4000,20.7100,21.6900,23279066,502020252.6600,3,8.240559,1,-4.518218,0
2018-07-12,sz.002356,19.6600,20.4900,19.5000,19.8500,20.7100,15429908,306522868.4700,3,5.462035,1,-4.152577,0
2018-07-13,sz.002356,20.0900,20.7700,19.3700,19.4000,19.8500,12275324,245905642.1500,3,4.345343,1,-2.267006,0
2018-07-16,sz.002356,17.4800,18.6600,17.4600,17.9700,19.4000,12093617,215658100.4600,3,4.281021,1,-7.371136,0
2018-07-17,sz.002356,10.6100,11.5600,10.5000,11.5600,10.5100,25440619,282468780.4400,3,5.297487,1,9.990486,0
2018-07-18,sz.002356,11.5500,12.7200,11.3500,12.7200,11.5600,27529259,336227725.1600,3,5.732403,1,10.034600,0
2018-07-19,sz.002356,13.0000,13.9900,12.7300,13.9900,12.7200,16306479,221324118.8600,3,3.395490,1,9.984273,0
2018-07-20,sz.002356,14.5700,15.3900,13.0000,13.0200,13.9900,38336957,533509673.5200,3,7.982885,1,-6.933519,0
2018-07-23,sz.002356,12.6800,13.4500,12.3100,12.3800,13.0200,23995096,305239373.4900,3,4.996486,1,-4.915517,0
2018-07-24,sz.002356,12.0600,12.4000,11.7900,12.1100,12.3800,21415065,257552493.5500,3,4.459248,1,-2.180941,0
2018-07-25,sz.002356,12.0000,12.3100,11.4700,11.7800,12.1100,19613021,231833352.1000,3,4.084009,1,-2.725020,0
2018-07-26,sz.002356,11.6900,12.3700,11.5600,11.8200,11.7800,18624336,221922967.3800,3,3.878136,1,0.339558,0
2018-07-27,sz.002356,11.6800,11.7000,10.9100,11.2400,11.8200,15370316,173420270.6800,3,3.200553,1,-4.906937,0
2018-07-30,sz.002356,11.1000,11.2000,10.5100,10.8900,11.2400,12486710,134693784.3900,3,2.600101,1,-3.113874,0
2018-07-31,sz.002356,10.7900,11.3800,10.6800,11.1900,10.8900,14641811,161705600.0800,3,3.048857,1,2.754814,0
2018-08-01,sz.002356,11.1500,11.1500,10.3500,10.4400,11.1900,10804323,116116229.6600,3,2.249779,1,-6.702414,0
2018-08-02,sz.002356,10.5400,10.9300,9.9500,10.3500,10.4400,10809803,113513018.3500,3,2.250920,1,-0.862061,0
2018-08-03,sz.002356,10.3900,10.5100,9.6000,9.7600,10.3500,10281364,103306080.6000,3,2.140883,1,-5.700484,0
2018-08-06,sz.002356,9.9200,10.0500,9.3100,9.3900,9.7600,8226615,78654446.8500,3,1.713024,1,-3.790982,0
2018-08-07,sz.002356,9.4700,9.6200,9.1100,9.6000,9.3900,9382991,88259398.8100,3,1.953815,1,2.236422,0
2018-08-08,sz.002356,9.7500,9.8800,8.9500,9.1100,9.6000,9874210,91540954.0600,3,2.056102,1,-5.104174,0
2018-08-09,sz.002356,10.0200,10.0200,10.0200,10.0200,9.1100,4339310,43479886.2000,3,0.903572,1,9.989032,0
2018-08-10,sz.002356,11.0200,11.0200,11.0200,11.0200,10.0200,1087900,11988658.0000,3,0.226533,1,9.980040,0
2018-08-13,sz.002356,12.1000,12.1200,11.3600,12.1200,11.0200,24886272,295377817.9100,3,5.182055,1,9.981845,0
2018-08-14,sz.002356,12.3100,13.1000,11.5500,11.6300,12.1200,35629556,440758712.3300,3,7.419124,1,-4.042902,0
2018-08-15,sz.002356,11.0600,11.3800,10.6000,11.1100,11.6300,24081965,264928578.8500,3,5.014575,1,-4.471199,0
2018-08-16,sz.002356,10.8500,12.2200,10.5200,12.2200,11.1100,29075853,335912383.6400,3,6.054450,1,9.991005,0
2018-08-17,sz.002356,12.1700,13.0800,11.6800,12.5000,12.2200,32697117,409696988.5300,3,6.808504,1,2.291323,0
2018-08-20,sz.002356,11.8500,12.3800,11.3600,11.4600,12.5000,18959710,223021588.8700,3,3.947971,1,-8.320000,0
2018-08-21,sz.002356,11.7000,12.6100,11.5400,12.6100,11.4600,22266777,274257702.4400,3,4.636599,1,10.034900,0
2018-08-22,sz.002356,12.9000,13.6300,12.3700,12.8100,12.6100,34674456,450808818.4700,3,7.220244,1,1.586049,0
2018-08-23,sz.002356,12.6100,13.5000,12.0300,13.0100,12.8100,24691387,311479159.0700,3,5.141475,1,1.561279,0
2018-08-24,sz.002356,12.7000,13.4000,12.5200,12.5300,13.0100,21127725,271937163.5700,3,4.399415,1,-3.689473,0
2018-08-27,sz.002356,12.3800,13.5500,12.3800,12.9300,12.5300,21770406,283889498.9500,3,4.533240,1,3.192343,0
2018-08-28,sz.002356,12.7500,12.9900,12.4600,12.5500,12.9300,17097119,216247749.5500,3,3.560124,1,-2.938903,0
2018-08-29,sz.002356,12.5500,12.5500,11.6300,12.0000,12.5500,17753968,212527854.8500,3,3.696899,1,-4.382472,0
2018-08-30,sz.002356,11.6500,11.8900,10.9800,11.0200,12.0000,16933199,192214261.0000,3,3.525991,1,-8.166662,0
2018-08-31,sz.002356,11.0900,11.4100,10.8600,10.8800,11.0200,11357717,125747878.8100,3,2.365011,1,-1.270420,0
2018-09-03,sz.002356,10.8900,11.1200,10.4500,11.1200,10.8800,12006110,128926943.8600,3,2.500026,1,2.205880,0
2018-09-04,sz.002356,11.1000,11.3000,10.8500,10.9600,11.1200,12104409,133310968.3700,3,2.520495,1,-1.438848,0
2018-09-05,sz.002356,10.9300,11.2900,10.6000,10.7700,10.9600,13893330,152215240.1000,3,2.893001,1,-1.733573,0
2018-09-06,sz.002356,10.6000,10.8200,10.2000,10.3000,10.7700,14081338,147082666.6400,3,2.932150,1,-4.363976,0
2018-09-07,sz.002356,10.3000,10.6300,10.2000,10.2800,10.3000,9211152,95516542.6200,3,1.918033,1,-0.194179,0
2018-09-10,sz.002356,10.2800,10.4200,10.0000,10.2000,10.2800,7524611,76997850.1000,3,1.566846,1,-0.778209,0
2018-09-11,sz.002356,10.2600,11.2200,10.1000,11.2200,10.2000,16422682,175709566.5700,3,3.419687,1,10.000000,0
2018-09-12,sz.002356,11.3600,11.4400,10.6000,10.6800,11.2200,19826705,219107779.7200,3,4.128504,1,-4.812834,0
2018-09-13,sz.002356,10.7000,10.9500,10.3800,10.7500,10.6800,11847212,126709129.3400,3,2.466939,1,0.655428,0
2018-09-14,sz.002356,10.4700,10.6100,10.1800,10.2100,10.7500,10601572,109907088.4600,3,2.207560,1,-5.023255,0
2018-09-17,sz.002356,10.1000,10.1000,9.7100,9.8800,10.2100,7839512,77640256.3000,3,1.632417,1,-3.232124,0
2018-09-18,sz.002356,9.7900,10.1800,9.7900,9.9600,9.8800,6533460,64999291.7000,3,1.360459,1,0.809716,0
2018-09-19,sz.002356,9.9600,10.7500,9.9100,10.2400,9.9600,11748170,121643558.5000,3,2.446315,1,2.811242,0
2018-09-20,sz.002356,10.0400,10.2400,9.9600,9.9800,10.2400,7526342,75777436.0600,3,1.567206,1,-2.539065,0
2018-09-21,sz.002356,10.1000,10.2700,9.9500,10.0400,9.9800,6030350,60658668.5000,3,1.255697,1,0.601207,0
2018-09-25,sz.002356,10.1000,10.1000,9.8400,9.9900,10.0400,4710916,46914963.5000,3,0.980952,1,-0.498010,0
2018-09-26,sz.002356,9.9900,10.4500,9.7600,10.0900,9.9900,11067035,111307650.4700,3,2.304483,1,1.001005,0
2018-09-27,sz.002356,10.0200,10.0200,9.3700,9.3800,10.0900,9443455,91725974.2900,3,1.966406,1,-7.036670,0
2018-09-28,sz.002356,9.4600,9.5500,9.2000,9.3500,9.3800,4899791,45731320.7600,3,1.020281,1,-0.319827,0
2018-10-08,sz.002356,9.2200,9.2200,8.9700,8.9800,9.3500,4872131,44123589.5300,3,1.014521,1,-3.957228,0
2018-10-09,sz.002356,8.9600,9.1100,8.9200,9.0700,8.9800,3519700,31775737.9000,3,0.732905,1,1.002229,0
2018-10-10,sz.002356,9.0600,9.2000,8.9900,9.2000,9.0700,4953524,45243491.3000,3,1.031470,1,1.433298,0
2018-10-11,sz.002356,8.9500,8.9500,8.2800,8.2800,9.2000,6101250,51677852.5000,3,1.270460,1,-10.000000,0
2018-10-12,sz.002356,8.0000,8.2800,7.4600,7.8900,8.2800,7909173,61661139.7200,3,1.646923,1,-4.710144,0
2018-10-15,sz.002356,8.6800,8.6800,8.6800,8.6800,7.8900,2159975,18748583.0000,3,0.449770,1,10.012680,0
2018-10-16,sz.002356,9.5500,9.5500,9.5500,9.5500,8.6800,7045978,67289089.9000,3,1.467180,1,10.023040,0
2018-10-17,sz.002356,10.0900,10.5100,9.7100,10.5100,9.5500,33756952,346392041.7700,3,7.029192,1,10.052360,0
2018-10-18,sz.002356,10.7300,10.9900,9.4600,9.5000,10.5100,29724923,306445134.5900,3,6.189605,1,-9.609898,0
2018-10-19,sz.002356,9.2500,10.4500,9.2500,9.8400,9.5000,31282439,312595154.5500,3,6.513926,1,3.578949,0
2018-10-22,sz.002356,9.6900,10.8000,9.6900,10.2600,9.8400,35533122,360904584.5800,3,7.399043,1,4.268293,0
2018-10-23,sz.002356,9.9500,10.4800,9.7000,10.1600,10.2600,31566990,317172251.4500,3,6.573178,1,-0.974663,0
2018-10-24,sz.002356,9.8500,9.9500,9.7100,9.8900,10.1600,16271471,159843647.7000,3,3.388200,1,-2.657475,0
2018-10-25,sz.002356,9.4000,9.4200,8.9000,8.9000,9.8900,19198008,172601583.3400,3,3.997591,1,-10.010120,0
2018-10-26,sz.002356,8.8500,8.9700,8.5800,8.6500,8.9000,13050841,114048744.2400,3,2.717570,1,-2.808989,0
2018-10-29,sz.002356,8.7000,8.7000,8.0500,8.2300,8.6500,10215100,84548303.1000,3,2.127085,1,-4.855492,0
2018-10-30,sz.002356,8.2300,8.7000,8.0900,8.5600,8.2300,12690565,106562662.2900,3,2.642550,1,4.009731,0
2018-10-31,sz.002356,8.3500,8.5900,8.2900,8.4700,8.5600,9761555,82376420.3000,3,2.032644,1,-1.051404,0
2018-11-01,sz.002356,8.5700,8.6800,8.4000,8.5900,8.4700,10775150,92054038.2600,3,2.243704,1,1.416764,0
2018-11-02,sz.002356,9.0900,9.1200,8.6700,8.7000,8.5900,13166638,115574831.6700,3,2.741682,1,1.280555,0
2018-11-05,sz.002356,8.5500,9.4800,8.5500,9.1700,8.7000,19321653,174103749.6700,3,4.023338,1,5.402302,0
2018-11-06,sz.002356,9.0500,9.9800,8.9200,9.7600,9.1700,26016563,246747348.6300,3,5.417415,1,6.434026,0
2018-11-07,sz.002356,9.5000,9.6500,9.2000,9.4200,9.7600,18214591,170640883.5700,3,3.792815,1,-3.483608,0
2018-11-08,sz.002356,9.4100,9.4700,9.0700,9.1300,9.4200,12423240,114603701.9500,3,2.586885,1,-3.078556,0
2018-11-09,sz.002356,9.1800,9.4900,9.0600,9.2900,9.1300,13849871,128919503.6700,3,2.883951,1,1.752463,0
2018-11-12,sz.002356,9.1500,9.6500,9.0800,9.4900,9.2900,15251489,143155593.2900,3,3.175810,1,2.152850,0
2018-11-13,sz.002356,9.8100,10.2000,9.5200,9.7500,9.4900,27543443,270463895.5800,3,5.735357,1,2.739728,0
2018-11-14,sz.002356,9.8600,10.7300,9.6100,10.7300,9.7500,27032283,274046942.8900,3,5.628918,1,10.051280,0
2018-11-15,sz.002356,10.2800,11.4400,10.2000,10.6500,10.7300,41074812,447947976.3600,3,8.552987,1,-0.745572,0
2018-11-16,sz.002356,10.3500,10.9900,10.3500,10.9500,10.6500,28763114,309308311.8400,3,5.989328,1,2.816903,0
2018-11-19,sz.002356,10.7700,10.7800,10.0000,10.2600,10.9500,20801767,216668336.4100,3,4.331541,1,-6.301366,0
2018-11-20,sz.002356,10.0100,10.0300,9.5100,9.6300,10.2600,15870444,154412603.6800,3,3.304694,1,-6.140352,0
2018-11-21,sz.002356,9.4500,9.8600,9.3000,9.7600,9.6300,10140436,98361455.2500,3,2.111538,1,1.349949,0
2018-11-22,sz.002356,9.8200,10.0800,9.6500,9.7100,9.7600,9686191,95575887.8000,3,2.016950,1,-0.512297,0
2018-11-23,sz.002356,9.6500,9.8300,8.8200,8.9200,9.7100,12112946,111710881.6000,3,2.522272,1,-8.135942,0
2018-11-26,sz.002356,8.9300,9.1000,8.5600,8.8700,8.9200,7342600,65089688.5000,3,1.528946,1,-0.560540,0
2018-11-27,sz.002356,8.9200,9.1100,8.8800,9.0500,8.8700,6037638,54258595.5400,3,1.257214,1,2.029316,0
2018-11-28,sz.002356,9.0000,9.1800,8.8000,9.1000,9.0500,6354078,57236618.0800,3,1.323106,1,0.552488,0
2018-11-29,sz.002356,9.0900,9.4700,8.9500,9.1000,9.1000,10662044,97975759.7900,3,2.220152,1,0.000000,0
2018-11-30,sz.002356,9.0000,9.0800,8.5800,9.0500,9.1000,8285618,73246461.5200,3,1.725310,1,-0.549453,0
2018-12-03,sz.002356,9.3000,9.3800,9.0900,9.2100,9.0500,10016245,92574085.1000,3,2.085677,1,1.767954,0
2018-12-04,sz.002356,9.2700,9.2800,9.0900,9.2000,9.2100,6477208,59464407.9200,3,1.348746,1,-0.108580,0
2018-12-05,sz.002356,8.9100,9.0400,8.8000,8.8900,9.2000,7205252,64234483.0400,3,1.500346,1,-3.369559,0
2018-12-06,sz.002356,9.0400,9.2800,8.9200,8.9400,8.8900,8738935,79595564.0500,3,1.819704,1,0.562421,0
2018-12-07,sz.002356,8.6500,8.8800,8.6000,8.7000,8.9400,5870470,51219970.5300,3,1.222405,1,-2.684561,0
2018-12-10,sz.002356,8.3700,8.3700,7.9100,8.1500,8.7000,10814600,87635560.1600,3,2.251919,1,-6.321841,0
2018-12-11,sz.002356,8.0900,8.2800,8.0900,8.2300,8.1500,6270229,51359879.6100,3,1.305647,1,0.981594,0
2018-12-12,sz.002356,8.2100,8.2100,8.0000,8.1200,8.2300,4920060,39966628.8000,3,1.024502,1,-1.336569,0
2018-12-13,sz.002356,8.1200,8.2000,8.0300,8.1500,8.1200,4820768,39230889.7200,3,1.003826,1,0.369455,0
2018-12-14,sz.002356,8.1800,8.1800,7.8000,7.8900,8.1500,6029133,48129314.7600,3,1.255443,1,-3.190181,0
2018-12-17,sz.002356,7.8900,8.4300,7.7400,8.2200,7.8900,8704839,70323630.6800,3,1.812604,1,4.182515,0
2018-12-18,sz.002356,8.1500,8.1900,8.0100,8.1200,8.2200,5250854,42482262.1800,3,1.093383,1,-1.216550,0
2018-12-19,sz.002356,8.0300,8.0800,7.8100,7.8800,8.1200,4962520,39310624.1800,3,1.033343,1,-2.955662,0
2018-12-20,sz.002356,7.8000,7.9500,7.8000,7.9000,7.8800,3813258,30050529.4500,3,0.794033,1,0.253807,0
2018-12-21,sz.002356,7.8500,7.8700,7.7800,7.8300,7.9000,3344936,26127335.2900,3,0.696514,1,-0.886078,0
2018-12-24,sz.002356,7.8200,8.2900,7.7500,8.0400,7.8300,7325568,58804935.2300,3,1.525399,1,2.681993,0
2018-12-25,sz.002356,7.9700,7.9700,7.6500,7.8300,8.0400,5879667,45611641.4400,3,1.224320,1,-2.611941,0
2018-12-26,sz.002356,7.7800,7.9000,7.7700,7.8500,7.8300,4209813,32950536.0000,3,0.876607,1,0.255428,0
2018-12-27,sz.002356,7.9400,7.9900,7.7100,7.7100,7.8500,5053828,39629144.7200,3,1.052356,1,-1.783438,0
2018-12-28,sz.002356,7.6800,7.7600,7.1700,7.3600,7.7100,13595781,100032723.0600,3,2.831042,1,-4.539558,0
2019-01-02,sz.002356,7.2800,7.3600,7.1900,7.3000,7.3600,5063039,36762618.0400,3,1.054274,1,-0.815217,0
2019-01-03,sz.002356,7.1600,7.2300,6.9000,6.9100,7.3000,6806611,47977739.8900,3,1.417337,1,-5.342471,0
2019-01-04,sz.002356,6.8000,7.1100,6.5100,7.0600,6.9100,9193358,63287530.1900,3,1.914328,1,2.170768,0
2019-01-07,sz.002356,7.7700,7.7700,7.7700,7.7700,7.0600,2032131,15789657.8700,3,0.423150,1,10.056660,0
2019-01-08,sz.002356,8.5500,8.5500,8.0000,8.0100,7.7700,28894796,241003453.4200,3,6.016748,1,3.088806,0
2019-01-09,sz.002356,7.7300,7.9700,7.5600,7.8700,8.0100,20098345,155612774.1300,3,4.185068,1,-1.747819,0
2019-01-10,sz.002356,7.7600,7.8400,7.4300,7.4800,7.8700,12053666,92002556.5700,3,2.509929,1,-4.955526,0
2019-01-11,sz.002356,7.3100,7.4300,7.2300,7.3100,7.4800,9145869,66768354.9200,3,1.904440,1,-2.272728,0
2019-01-14,sz.002356,7.3500,7.3500,7.1500,7.1700,7.3100,5932034,42799621.4500,3,1.235224,1,-1.915183,0
2019-01-15,sz.002356,7.1700,7.2500,7.1300,7.2500,7.1700,5106292,36769831.2900,3,1.063281,1,1.115759,0
2019-01-16,sz.002356,7.2500,7.2800,7.1400,7.1800,7.2500,4310520,31039100.9000,3,0.897577,1,-0.965520,0
2019-01-17,sz.002356,7.1500,7.1800,6.9800,7.0000,7.1800,6091977,42954640.1100,3,1.268529,1,-2.506962,0
2019-01-18,sz.002356,6.9600,7.0900,6.9600,7.0500,7.0000,4256903,29925753.8600,3,0.886413,1,0.714288,0
2019-01-21,sz.002356,7.0900,7.1100,6.9400,7.0700,7.0500,3943958,27742964.9000,3,0.821248,1,0.283688,0
2019-01-22,sz.002356,7.0400,7.0600,6.8100,6.9000,7.0700,6704503,46325551.4800,3,1.396075,1,-2.404527,0
2019-01-23,sz.002356,6.8000,6.9600,6.7800,6.9200,6.9000,4193992,28916533.2000,3,0.873313,1,0.289855,0
2019-01-24,sz.002356,6.9000,6.9300,6.8100,6.8200,6.9200,3523601,24152711.7200,3,0.733718,1,-1.445085,0
2019-01-25,sz.002356,6.8700,6.8700,6.6600,6.6800,6.8200,4258330,28734077.5100,3,0.886710,1,-2.052791,0
2019-01-28,sz.002356,6.6800,6.6800,6.4200,6.4500,6.6800,5348865,34854717.8100,3,1.113791,1,-3.443114,0
2019-01-29,sz.002356,6.4600,7.1000,6.4000,7.1000,6.4500,14433194,101596370.0000,3,3.005416,1,10.077520,0
2019-01-30,sz.002356,7.0900,7.1100,6.5000,6.5600,7.1000,17137727,116743866.6500,3,3.568580,1,-7.605633,0
2019-01-31,sz.002356,6.1500,6.1500,5.9000,5.9000,6.5600,4074400,24217921.5600,3,0.848410,1,-10.060970,0
2019-02-01,sz.002356,5.4100,6.1700,5.4100,5.9300,5.9000,11345461,64582340.7800,3,2.362459,1,0.508470,0
2019-02-11,sz.002356,5.8000,6.2500,5.8000,6.1000,5.9300,8934364,53799511.8700,3,1.860398,1,2.866780,0
2019-02-12,sz.002356,6.1000,6.4800,6.0100,6.3500,6.1000,11813316,73187760.6500,3,2.459881,1,4.098361,0
2019-02-13,sz.002356,6.2700,6.4700,6.1600,6.2900,6.3500,10016876,62923829.1100,3,2.085809,1,-0.944881,0
2019-02-14,sz.002356,6.2600,6.4600,6.2000,6.3700,6.2900,10820905,68845088.4600,3,2.253231,1,1.271859,0
2019-02-15,sz.002356,6.3400,6.5500,6.3100,6.4200,6.3700,9693553,62296957.3800,3,2.018483,1,0.784932,0
2019-02-18,sz.002356,6.4200,6.4200,6.4200,6.4200,6.4200,0,0.0000,3,,0,0.000000,0
2019-02-19,sz.002356,6.4200,6.4200,6.4200,6.4200,6.4200,0,0.0000,3,,0,0.000000,0
2019-02-20,sz.002356,6.4200,6.4200,6.4200,6.4200,6.4200,0,0.0000,3,,0,0.000000,0
2019-02-21,sz.002356,6.4200,6.4200,6.4200,6.4200,6.4200,0,0.0000,3,,0,0.000000,0
2019-02-22,sz.002356,6.4200,6.4200,6.4200,6.4200,6.4200,0,0.0000,3,,0,0.000000,0
2019-02-25,sz.002356,6.4200,6.4200,6.4200,6.4200,6.4200,0,0.0000,3,,0,0.000000,0
2019-02-26,sz.002356,6.4200,6.4200,6.4200,6.4200,6.4200,0,0.0000,3,,0,0.000000,0
2019-02-27,sz.002356,6.4200,6.4200,6.4200,6.4200,6.4200,0,0.0000,3,,0,0.000000,0
2019-02-28,sz.002356,6.4200,6.4200,6.4200,6.4200,6.4200,0,0.0000,3,,0,0.000000,0
2019-03-01,sz.002356,6.4200,6.4200,6.4200,6.4200,6.4200,0,0.0000,3,,0,0.000000,0
2019-03-04,sz.002356,7.0600,7.0600,7.0600,7.0600,6.4200,814130,5747757.8000,3,0.169526,1,9.968844,0
2019-03-05,sz.002356,7.7700,7.7700,7.7700,7.7700,7.0600,283640,2203882.8000,3,0.059062,1,10.056660,0
2019-03-06,sz.002356,8.5500,8.5500,8.5500,8.5500,7.7700,351527,3005555.8500,3,0.073198,1,10.038610,0
2019-03-07,sz.002356,9.4100,9.4100,9.4100,9.4100,8.5500,290211,2730885.5100,3,0.060430,1,10.058480,0
2019-03-08,sz.002356,10.3500,10.3500,10.3500,10.3500,9.4100,1272250,13167787.5000,3,0.264920,1,9.989379,0
2019-03-11,sz.002356,11.3900,11.3900,11.3900,11.3900,10.3500,471652,5372116.2800,3,0.098212,1,10.048310,0
2019-03-12,sz.002356,12.5300,12.5300,12.5300,12.5300,11.3900,557123,6980751.1900,3,0.116009,1,10.008770,0
2019-03-13,sz.002356,13.7800,13.7800,13.7800,13.7800,12.5300,628123,8655534.9400,3,0.130794,1,9.976058,0
2019-03-14,sz.002356,15.1600,15.1600,15.1600,15.1600,13.7800,20768984,314857797.4400,3,4.324715,1,10.014510,0
2019-03-15,sz.002356,16.3700,16.6800,16.0000,16.6800,15.1600,91352003,1505781650.7900,3,19.022180,1,10.026390,0
2019-03-18,sz.002356,16.0000,17.5500,15.6100,17.1500,16.6800,67822590,1130129782.7100,3,14.122663,1,2.817742,0
2019-03-19,sz.002356,17.1000,18.8700,16.5800,17.6900,17.1500,83179404,1510409196.1500,3,17.320404,1,3.148694,0
2019-03-20,sz.002356,17.9900,19.4600,17.7000,19.4600,17.6900,67297783,1257273263.1400,3,14.013382,1,10.005640,0
2019-03-21,sz.002356,20.9800,21.4100,17.9800,18.4800,19.4600,70065684,1433109244.7400,3,14.589741,1,-5.035969,0
2019-03-22,sz.002356,19.0500,19.4400,18.0100,18.2900,18.4800,58085117,1093315309.7200,3,12.095034,1,-1.028131,0
2019-03-25,sz.002356,16.7200,17.7300,16.7200,16.9500,18.2900,42449662,728140394.4600,3,8.839271,1,-7.326408,0
2019-03-26,sz.002356,17.2900,18.1800,16.9500,16.9500,16.9500,37753255,662638696.5200,3,7.861341,1,0.000000,0
2019-03-27,sz.002356,16.3000,18.1300,15.6600,17.5700,16.9500,49482459,824387447.8800,3,10.303707,1,3.657811,0
2019-03-28,sz.002356,17.2400,18.5000,16.4000,16.6000,17.5700,42653071,751662112.8700,3,8.881627,1,-5.520771,0
2019-03-29,sz.002356,15.7100,16.4900,15.2300,15.9900,16.6000,38468213,610914066.6700,3,8.010216,1,-3.674702,0
2019-04-01,sz.002356,15.7600,16.8600,15.7600,16.6300,15.9900,32381368,529596183.3200,3,6.742755,1,4.002498,0
2019-04-02,sz.002356,16.5000,17.8000,14.9700,14.9700,16.6300,33108459,546356171.9200,3,6.894157,1,-9.981955,0
2019-04-03,sz.002356,13.4700,13.4700,13.4700,13.4700,14.9700,2292800,30884016.0000,3,0.477429,1,-10.020040,0
2019-04-04,sz.002356,12.1200,12.1200,12.1200,12.1200,13.4700,1523400,18463608.0000,3,0.317217,1,-10.022270,0
2019-04-08,sz.002356,10.9100,13.3300,10.9100,13.3300,12.1200,101362575,1198501797.6100,3,21.106676,1,9.983499,0
2019-04-09,sz.002356,12.0000,13.1800,12.0000,12.0300,13.3300,89746939,1104621390.6100,3,18.687958,1,-9.752439,0
2019-04-10,sz.002356,11.5500,11.7100,11.0300,11.2300,12.0300,46184013,524349995.9700,3,9.616873,1,-6.650043,0
2019-04-11,sz.002356,11.2300,11.8800,11.2200,11.3300,11.2300,39820454,459948394.1200,3,8.291792,1,0.890475,0
2019-04-12,sz.002356,11.3100,11.7500,11.0100,11.5300,11.3300,32374976,368319966.4400,3,6.741424,1,1.765223,0
2019-04-15,sz.002356,11.5400,11.6600,11.1000,11.1800,11.5300,26979473,306032872.5700,3,5.617922,1,-3.035554,0
2019-04-16,sz.002356,11.0000,11.1500,10.5000,11.1300,11.1800,29584261,319755286.9300,3,6.160315,1,-0.447229,0
2019-04-17,sz.002356,11.1300,11.8700,11.1300,11.6000,11.1300,43523714,502640417.8900,3,9.062920,1,4.222824,0
2019-04-18,sz.002356,11.5000,11.5600,11.1000,11.1200,11.6000,27577252,309881831.8300,3,5.742397,1,-4.137935,0
2019-04-19,sz.002356,10.8900,11.4800,10.8900,11.2800,11.1200,24207448,273804408.5700,3,5.040704,1,1.438848,0
2019-04-22,sz.002356,11.4700,11.6700,11.1600,11.1800,11.2800,23345803,266340525.7700,3,4.861284,1,-0.886520,0
2019-04-23,sz.002356,11.1600,11.2000,10.6500,10.7200,11.1800,19718868,213954915.0600,3,4.106050,1,-4.114491,0
2019-04-24,sz.002356,10.9200,10.9700,10.5600,10.8200,10.7200,15794245,170609977.6200,3,3.288827,1,0.932831,0
2019-04-25,sz.002356,10.7900,10.9500,9.7600,9.9800,10.8200,27345618,281715577.3800,3,5.694164,1,-7.763403,0
2019-04-26,sz.002356,9.7600,10.1800,9.7600,9.7800,9.9800,18189820,181619183.3600,3,3.787657,1,-2.004006,0
2019-04-29,sz.002356,9.9500,10.0500,8.8000,8.8000,9.7800,24201898,220115780.2300,3,5.039549,1,-10.020440,0
2019-04-30,sz.002356,8.8000,8.8000,8.8000,8.8000,8.8000,0,0.0000,3,,0,0.000000,0
2019-05-06,sz.002356,8.3600,8.3600,8.3600,8.3600,8.8000,276000,2307360.0000,3,0.057471,1,-5.000006,1
2019-05-07,sz.002356,7.9400,7.9400,7.9400,7.9400,8.3600,142400,1130656.0000,3,0.029652,1,-5.023919,1
2019-05-08,sz.002356,7.5400,7.5400,7.5400,7.5400,7.9400,190700,1437878.0000,3,0.039709,1,-5.037785,1
2019-05-09,sz.002356,7.1600,7.1600,7.1600,7.1600,7.5400,191100,1368276.0000,3,0.039793,1,-5.039790,1
2019-05-10,sz.002356,6.8000,6.8000,6.8000,6.8000,7.1600,562000,3821600.0000,3,0.117025,1,-5.027928,1
2019-05-13,sz.002356,6.4600,6.4600,6.4600,6.4600,6.8000,172700,1115642.0000,3,0.035961,1,-5.000002,1
2019-05-14,sz.002356,6.1400,6.1400,6.1400,6.1400,6.4600,183500,1126690.0000,3,0.038210,1,-4.953563,1
2019-05-15,sz.002356,5.8300,5.8300,5.8300,5.8300,6.1400,245900,1433597.0000,3,0.051204,1,-5.048859,1
2019-05-16,sz.002356,5.5400,5.5400,5.5400,5.5400,5.8300,535100,2964454.0000,3,0.111424,1,-4.974270,1
2019-05-17,sz.002356,5.2600,5.4000,5.2600,5.2600,5.5400,28758658,151372341.4800,3,5.988400,1,-5.054147,1
2019-05-20,sz.002356,5.0000,5.0000,5.0000,5.0000,5.2600,1135400,5677000.0000,3,0.236424,1,-4.942970,1
2019-05-21,sz.002356,4.7500,4.7500,4.7500,4.7500,5.0000,484100,2299475.0000,3,0.100804,1,-5.000000,1
2019-05-22,sz.002356,4.5100,4.5100,4.5100,4.5100,4.7500,317800,1433278.0000,3,0.066175,1,-5.052627,1
2019-05-23,sz.002356,4.2800,4.2800,4.2800,4.2800,4.5100,555600,2377968.0000,3,0.115692,1,-5.099778,1
2019-05-24,sz.002356,4.0700,4.0700,4.0700,4.0700,4.2800,338300,1376881.0000,3,0.070444,1,-4.906543,1
2019-05-27,sz.002356,3.8700,3.8700,3.8700,3.8700,4.0700,510000,1973700.0000,3,0.106197,1,-4.914012,1
2019-05-28,sz.002356,3.6800,3.6800,3.6800,3.6800,3.8700,490500,1805040.0000,3,0.102137,1,-4.909556,1
2019-05-29,sz.002356,3.5000,3.5000,3.5000,3.5000,3.6800,318000,1113000.0000,3,0.066217,1,-4.891306,1
2019-05-30,sz.002356,3.3300,3.3300,3.3300,3.3300,3.5000,296700,988011.0000,3,0.061782,1,-4.857145,1
2019-05-31,sz.002356,3.1600,3.5000,3.1600,3.4000,3.3300,53548397,176702889.9500,3,11.150355,1,2.102107,1
2019-06-03,sz.002356,3.2300,3.2300,3.2300,3.2300,3.4000,2465100,7962273.0000,3,0.513306,1,-5.000002,1
2019-06-04,sz.002356,3.0700,3.0700,3.0700,3.0700,3.2300,812500,2494375.0000,3,0.169186,1,-4.953563,1
2019-06-05,sz.002356,2.9200,2.9200,2.9200,2.9200,3.0700,1890600,5520552.0000,3,0.393679,1,-4.885989,1
2019-06-06,sz.002356,2.7700,2.7700,2.7700,2.7700,2.9200,591200,1637624.0000,3,0.123105,1,-5.136990,1
2019-06-10,sz.002356,2.6300,2.6300,2.6300,2.6300,2.7700,505500,1329465.0000,3,0.105260,1,-5.054147,1
2019-06-11,sz.002356,2.5000,2.7100,2.5000,2.5100,2.6300,41894306,106587069.3300,3,8.723629,1,-4.562742,1
2019-06-12,sz.002356,2.4000,2.5800,2.4000,2.5500,2.5100,25500032,64064688.7900,3,5.309858,1,1.593624,1
2019-06-13,sz.002356,2.5100,2.6800,2.5000,2.6800,2.5500,19681297,52040452.7300,3,4.098226,1,5.098044,1
2019-06-14,sz.002356,2.7700,2.8100,2.6100,2.7200,2.6800,34390899,94880173.7900,3,7.161199,1,1.492536,1
2019-06-17,sz.002356,2.5800,2.6300,2.5800,2.5800,2.7200,5840700,15089197.0000,3,1.216206,1,-5.147063,1
2019-06-18,sz.002356,2.4500,2.4500,2.4500,2.4500,2.5800,1608000,3939600.0000,3,0.334833,1,-5.038755,1
2019-06-19,sz.002356,2.4100,2.5100,2.3400,2.3500,2.4500,24306606,58629218.0500,3,5.061352,1,-4.081638,1
2019-06-20,sz.002356,2.3600,2.3600,2.2300,2.2500,2.3500,22960942,51538435.7100,3,4.781145,1,-4.255315,1
2019-06-21,sz.002356,2.3600,2.3600,2.3300,2.3600,2.2500,14779196,34836121.7600,3,3.077464,1,4.888885,1
2019-06-24,sz.002356,2.3900,2.4100,2.3200,2.3300,2.3600,15700886,36926892.3200,3,3.269387,1,-1.271185,1
2019-06-25,sz.002356,2.3300,2.4400,2.2800,2.4200,2.3300,14848016,35239529.2800,3,3.091795,1,3.862668,1
2019-06-26,sz.002356,2.4000,2.5400,2.3600,2.5400,2.4200,15978100,39872080.5000,3,3.327111,1,4.958673,1
2019-06-27,sz.002356,2.5600,2.6700,2.5400,2.6200,2.5400,18728245,48943374.8400,3,3.899773,1,3.149603,1
2019-06-28,sz.002356,2.5600,2.7500,2.5400,2.7500,2.6200,28319958,76774181.6000,3,5.897050,1,4.961837,1
2019-07-01,sz.002356,2.7500,2.8900,2.7100,2.8900,2.7500,13110066,37305146.4200,3,2.729902,1,5.090913,1
2019-07-02,sz.002356,3.0200,3.0300,2.9400,3.0300,2.8900,5482680,16569961.9000,3,1.141656,1,4.844286,1
2019-07-03,sz.002356,3.1800,3.1800,2.8800,2.8800,3.0300,40673125,121187818.9000,3,8.469344,1,-4.950490,1
2019-07-04,sz.002356,2.8300,3.0200,2.8300,3.0200,2.8800,25369258,75280026.5900,3,5.282627,1,4.861106,1
2019-07-05,sz.002356,3.1000,3.1700,3.0200,3.1700,3.0200,27289321,85128324.5900,3,5.682441,1,4.966890,1
2019-07-08,sz.002356,3.0100,3.0100,3.0100,3.0100,3.1700,4358900,13120289.0000,3,0.907651,1,-5.047321,1
2019-07-09,sz.002356,2.8600,2.8600,2.8600,2.8600,3.0100,2250500,6436430.0000,3,0.468620,1,-4.983392,1
2019-07-10,sz.002356,2.7200,3.0000,2.7200,2.9300,2.8600,23093311,65752582.0300,3,4.808708,1,2.447559,1
2019-07-11,sz.002356,2.8000,2.9200,2.8000,2.8300,2.9300,17065380,48668492.6000,3,3.553515,1,-3.412974,1
2019-07-12,sz.002356,2.8000,2.8300,2.6900,2.7100,2.8300,15480906,42260614.6000,3,3.223581,1,-4.240279,1
2019-07-15,sz.002356,2.7100,2.7100,2.5700,2.6000,2.7100,15177620,39361952.9500,3,3.160428,1,-4.059045,1
2019-07-16,sz.002356,2.6000,2.7200,2.5700,2.6500,2.6000,11353690,30155029.3000,3,2.364173,1,1.923084,1
2019-07-17,sz.002356,2.5900,2.6400,2.5200,2.5400,2.6500,14115160,36139201.4000,3,2.939192,1,-4.150949,1
2019-07-18,sz.002356,2.5100,2.5600,2.4100,2.4700,2.5400,10793500,26702749.2000,3,2.247525,1,-2.755903,1
2019-07-19,sz.002356,2.4700,2.5100,2.4600,2.4700,2.4700,7807850,19380342.7000,3,1.625825,1,0.000000,1
2019-07-22,sz.002356,2.4600,2.4600,2.3500,2.3500,2.4700,8768200,20742053.0000,3,1.825798,1,-4.858305,1
2019-07-23,sz.002356,2.3300,2.3600,2.2600,2.3500,2.3500,7150210,16581851.2000,3,1.488884,1,0.000000,1
2019-07-24,sz.002356,2.3500,2.4700,2.3500,2.4700,2.3500,9638481,23633823.8700,3,2.007016,1,5.106389,1
2019-07-25,sz.002356,2.5200,2.5900,2.4800,2.5900,2.4700,18810396,48011027.9400,3,3.916879,1,4.858295,1
2019-07-26,sz.002356,2.6200,2.7000,2.5200,2.5200,2.5900,15173930,39296307.2000,3,3.159700,1,-2.702700,1
2019-07-29,sz.002356,2.5200,2.5400,2.4200,2.4300,2.5200,9504046,23445948.1600,3,1.979023,1,-3.571425,1
2019-07-30,sz.002356,2.4300,2.4800,2.4200,2.4400,2.4300,6415600,15685847.2000,3,1.335900,1,0.411500,1
2019-07-31,sz.002356,2.4400,2.4500,2.3500,2.4500,2.4400,6336910,15208946.4000,3,1.319500,1,0.409800,1
2019-08-01,sz.002356,2.4000,2.5400,2.4000,2.4800,2.4500,7544320,18757617.5000,3,1.570900,1,1.224500,1
2019-08-02,sz.002356,2.3900,2.4500,2.3600,2.3700,2.4800,9195394,21948571.8400,3,1.914800,1,-4.435500,1
2019-08-05,sz.002356,2.2500,2.3200,2.2500,2.2800,2.3700,8384810,19117484.8000,3,1.746000,1,-3.797500,1
2019-08-06,sz.002356,2.2300,2.2300,2.1700,2.1700,2.2800,10580630,23044311.1000,3,2.203200,1,-4.824600,1
2019-08-07,sz.002356,2.1700,2.2700,2.1500,2.2300,2.1700,9266527,20539340.6100,3,1.929600,1,2.765000,1
2019-08-08,sz.002356,2.1900,2.2700,2.1900,2.2200,2.2300,6076375,13552655.4500,3,1.265300,1,-0.448400,1
2019-08-09,sz.002356,2.2400,2.2600,2.1500,2.1700,2.2200,6515600,14375136.0000,3,1.356700,1,-2.252300,1
2019-08-12,sz.002356,2.1300,2.1700,2.1300,2.1700,2.1700,4586100,9866320.6000,3,0.955000,1,0.000000,1
2019-08-13,sz.002356,2.1700,2.1700,2.1000,2.1300,2.1700,5481910,11681216.1000,3,1.141500,1,-1.843300,1
2019-08-14,sz.002356,2.1600,2.2400,2.1400,2.1600,2.1300,7439470,16293412.3000,3,1.549100,1,1.408400,1
2019-08-15,sz.002356,2.1000,2.1400,2.0500,2.1200,2.1600,7499320,15584842.0000,3,1.561600,1,-1.851900,1
2019-08-16,sz.002356,2.1100,2.2000,2.1100,2.1300,2.1200,6846370,14696102.2000,3,1.425600,1,0.471700,1
2019-08-19,sz.002356,2.1700,2.1900,2.1400,2.1800,2.1300,6351837,13729532.8200,3,1.322600,1,2.347400,1
2019-08-20,sz.002356,2.1800,2.2300,2.1600,2.2000,2.1800,7026052,15437108.3600,3,1.463000,1,0.917400,1
2019-08-21,sz.002356,2.1900,2.2000,2.1400,2.1400,2.2000,5664500,12255790.6000,3,1.179500,1,-2.727300,1
2019-08-22,sz.002356,2.1700,2.2500,2.1500,2.2500,2.1400,11511692,25582335.9000,3,2.397100,1,5.140200,1
2019-08-23,sz.002356,2.3000,2.3600,2.2700,2.3600,2.2500,7215940,16936136.8000,3,1.502600,1,4.888900,1
2019-08-26,sz.002356,2.2400,2.3600,2.2400,2.2800,2.3600,12589150,28833661.8000,3,2.621400,1,-3.389800,1
2019-08-27,sz.002356,2.2700,2.3900,2.2300,2.3000,2.2800,9212730,21375964.9000,3,1.918400,1,0.877200,1
2019-08-28,sz.002356,2.2700,2.3700,2.2600,2.3100,2.3000,8208122,19047679.5200,3,1.709200,1,0.434800,1
2019-08-29,sz.002356,2.3000,2.3400,2.2500,2.2600,2.3100,8080930,18532837.8000,3,1.682700,1,-2.164500,1
2019-08-30,sz.002356,2.2800,2.3000,2.1600,2.1900,2.2600,7730590,17169038.8000,3,1.609700,1,-3.097300,1
2019-09-02,sz.002356,2.2000,2.3000,2.1900,2.2500,2.1900,6834232,15424152.3800,3,1.423100,1,2.739700,1
2019-09-03,sz.002356,2.2500,2.3100,2.2200,2.2600,2.2500,6569560,14880082.0000,3,1.368000,1,0.444400,1
2019-09-04,sz.002356,2.2400,2.2700,2.2200,2.2400,2.2600,5274755,11786880.1000,3,1.098400,1,-0.885000,1
2019-09-05,sz.002356,2.2400,2.2600,2.2300,2.2400,2.2400,7255275,16306820.0000,3,1.510800,1,0.000000,1
2019-09-06,sz.002356,2.2400,2.2600,2.1800,2.2100,2.2400,7797219,17178663.5100,3,1.623600,1,-1.339300,1
2019-09-09,sz.002356,2.2500,2.2500,2.2000,2.2300,2.2100,7040804,15651918.3800,3,1.466100,1,0.905000,1
2019-09-10,sz.002356,2.2300,2.2400,2.1900,2.2200,2.2300,5969030,13220725.7800,3,1.242900,1,-0.448400,1
2019-09-11,sz.002356,2.2200,2.3200,2.2100,2.2900,2.2200,13880809,31714560.8600,3,2.890400,1,3.153200,1
2019-09-12,sz.002356,2.2800,2.3100,2.2500,2.2900,2.2900,5692840,12939309.7000,3,1.185400,1,0.000000,1
2019-09-16,sz.002356,2.3400,2.4000,2.3400,2.4000,2.2900,3668250,8771936.5000,3,0.763800,1,4.803500,1
2019-09-17,sz.002356,2.5200,2.5200,2.2800,2.3400,2.4000,22742301,55191773.1200,3,4.735600,1,-2.500000,1
2019-09-18,sz.002356,2.3000,2.4200,2.2900,2.3600,2.3400,15191885,36001704.8500,3,3.163400,1,0.854700,1
2019-09-19,sz.002356,2.3500,2.3700,2.2600,2.3200,2.3600,9681292,22345183.4200,3,2.015900,1,-1.694900,1
2019-09-20,sz.002356,2.3100,2.3400,2.2800,2.3100,2.3200,6642470,15335821.6500,3,1.383200,1,-0.431000,1
2019-09-23,sz.002356,2.2800,2.3000,2.2200,2.2400,2.3100,8432950,18922365.5400,3,1.756000,1,-3.030300,1
2019-09-24,sz.002356,2.2200,2.2600,2.2200,2.2400,2.2400,5585510,12507361.3000,3,1.163100,1,0.000000,1
2019-09-25,sz.002356,2.2300,2.2300,2.1500,2.1700,2.2400,6566200,14332330.0000,3,1.367300,1,-3.125000,1
2019-09-26,sz.002356,2.1700,2.1900,2.1100,2.1200,2.1700,5976310,12789042.4000,3,1.244400,1,-2.304200,1
2019-09-27,sz.002356,2.1200,2.1700,2.1000,2.1700,2.1200,4215840,9038883.3000,3,0.877900,1,2.358500,1
2019-09-30,sz.002356,2.1600,2.1900,2.1500,2.1700,2.1700,3020175,6542560.2500,3,0.628900,1,0.000000,1
2019-10-08,sz.002356,2.1700,2.1800,2.1500,2.1600,2.1700,2665170,5746992.5000,3,0.555000,1,-0.460800,1
2019-10-09,sz.002356,2.1200,2.1400,2.0700,2.1200,2.1600,3718660,7827870.8100,3,0.774300,1,-1.851900,1
2019-10-10,sz.002356,2.1200,2.1500,2.1000,2.1400,2.1200,4082627,8695701.1600,3,0.850100,1,0.943400,1
2019-10-11,sz.002356,2.1400,2.1400,2.1100,2.1200,2.1400,3390595,7197202.4000,3,0.706000,1,-0.934600,1
2019-10-14,sz.002356,2.1400,2.1600,2.1300,2.1600,2.1200,4209488,9014729.8200,3,0.876500,1,1.886800,1
2019-10-15,sz.002356,2.1400,2.1400,2.0800,2.1000,2.1600,4487570,9429762.1000,3,0.934400,1,-2.777800,1
2019-10-16,sz.002356,2.1000,2.1100,2.0300,2.0500,2.1000,5316140,10987075.5000,3,1.107000,1,-2.381000,1
2019-10-17,sz.002356,2.0200,2.0500,1.9500,1.9500,2.0500,16373041,32390176.2700,3,3.409300,1,-4.878000,1
2019-10-18,sz.002356,1.9500,1.9500,1.8600,1.8800,1.9500,11751039,22189907.9400,3,2.446900,1,-3.589700,1
2019-10-21,sz.002356,1.9000,1.9100,1.8500,1.8800,1.8800,7002550,13117598.0000,3,1.458100,1,0.000000,1
2019-10-22,sz.002356,1.8800,1.8800,1.8100,1.8400,1.8800,6734310,12400592.4000,3,1.402300,1,-2.127700,1
2019-10-23,sz.002356,1.8400,1.8400,1.8100,1.8200,1.8400,3933155,7152285.5500,3,0.819000,1,-1.087000,1
2019-10-24,sz.002356,1.8300,1.8300,1.7600,1.7800,1.8200,6535175,11713813.7500,3,1.360800,1,-2.197800,1
2019-10-25,sz.002356,1.7700,1.7800,1.7300,1.7500,1.7800,7153595,12545534.2500,3,1.489600,1,-1.685400,1
2019-10-28,sz.002356,1.7500,1.8200,1.7200,1.8000,1.7500,8396338,14967253.4200,3,1.748400,1,2.857100,1
2019-10-29,sz.002356,1.8000,1.8900,1.7800,1.8400,1.8000,10555913,19678459.8700,3,2.198100,1,2.222200,1
2019-10-30,sz.002356,1.8300,1.8300,1.7500,1.7500,1.8400,6932695,12258167.1000,3,1.443600,1,-4.891300,1
2019-10-31,sz.002356,1.7000,1.7300,1.6600,1.6600,1.7500,9590200,16029308.0000,3,1.997000,1,-5.142900,1
2019-11-01,sz.002356,1.6000,1.6600,1.5800,1.6200,1.6600,6374404,10243087.1500,3,1.327300,1,-2.409600,1
2019-11-04,sz.002356,1.6100,1.6400,1.6000,1.6100,1.6200,4966010,8040639.0000,3,1.034100,1,-0.617300,1
2019-11-05,sz.002356,1.6100,1.6900,1.6100,1.6300,1.6100,4930016,8152005.8600,3,1.026600,1,1.242200,1
2019-11-06,sz.002356,1.6200,1.6600,1.6100,1.6500,1.6300,5249620,8597924.6000,3,1.093100,1,1.227000,1
2019-11-07,sz.002356,1.6400,1.6500,1.6100,1.6100,1.6500,4325436,7024405.9600,3,0.900700,1,-2.424200,1
2019-11-08,sz.002356,1.6200,1.6700,1.6200,1.6400,1.6100,6028446,9909295.6800,3,1.255300,1,1.863400,1
2019-11-11,sz.002356,1.6400,1.6500,1.5700,1.5800,1.6400,5724550,9208781.0000,3,1.192000,1,-3.658500,1
2019-11-12,sz.002356,1.5800,1.5800,1.5300,1.5500,1.5800,5317259,8218005.2500,3,1.107200,1,-1.898700,1
2019-11-13,sz.002356,1.5500,1.5800,1.5200,1.5500,1.5500,5176290,8014907.4000,3,1.077900,1,0.000000,1
2019-11-14,sz.002356,1.5500,1.6300,1.5400,1.6300,1.5500,8938175,14210150.6300,3,1.861200,1,5.161300,1
2019-11-15,sz.002356,1.6100,1.7000,1.5900,1.6300,1.6300,10556348,17496934.6200,3,2.198100,1,0.000000,1
2019-11-18,sz.002356,1.6300,1.6300,1.5500,1.6000,1.6300,6708369,10643484.5100,3,1.396900,1,-1.840500,1
2019-11-19,sz.002356,1.6200,1.6800,1.6000,1.6800,1.6000,6768994,11159390.5600,3,1.409500,1,5.000000,1
2019-11-20,sz.002356,1.6700,1.7600,1.6600,1.7100,1.6800,10441583,18039035.8300,3,2.174200,1,1.785700,1
2019-11-21,sz.002356,1.7100,1.7300,1.6700,1.6900,1.7100,6329604,10737389.2200,3,1.318000,1,-1.169600,1
2019-11-22,sz.002356,1.6700,1.7700,1.6700,1.7200,1.6900,7904600,13717439.0000,3,1.646000,1,1.775100,1
2019-11-25,sz.002356,1.7400,1.8000,1.7000,1.7700,1.7200,6447410,11221184.6000,3,1.342500,1,2.907000,1
2019-11-26,sz.002356,1.7800,1.8600,1.7700,1.8600,1.7700,7717391,14181570.2600,3,1.607000,1,5.084700,1
2019-11-27,sz.002356,1.9200,1.9500,1.8000,1.9000,1.8600,8119320,15666224.0000,3,1.690700,1,2.150500,1
2019-11-28,sz.002356,1.8600,2.0000,1.8200,2.0000,1.9000,20191978,39365670.0300,3,4.204600,1,5.263200,1
2019-11-29,sz.002356,2.0600,2.1000,1.9800,2.1000,2.0000,25554414,52587460.0200,3,5.321200,1,5.000000,1
2019-12-02,sz.002356,2.0700,2.1300,2.0000,2.0300,2.1000,22213280,45865197.5000,3,4.625500,1,-3.333300,1
2019-12-03,sz.002356,2.0000,2.1300,1.9900,2.1300,2.0300,15636020,32703218.0000,3,3.255900,1,4.926100,1
2019-12-04,sz.002356,2.1800,2.2400,2.1800,2.2200,2.1300,22242032,49572962.7800,3,4.631400,1,4.225300,1
2019-12-05,sz.002356,2.1600,2.2500,2.1100,2.1100,2.2200,22305639,47866754.3600,3,4.644700,1,-4.955000,1
2019-12-06,sz.002356,2.0600,2.1100,2.0200,2.0500,2.1100,13534435,27852611.6000,3,2.818300,1,-2.843600,1
2019-12-09,sz.002356,2.0600,2.1500,2.0500,2.1500,2.0500,17816340,37583068.7000,3,3.709900,1,4.878100,1
2019-12-10,sz.002356,2.1300,2.1800,2.1000,2.1200,2.1500,12191750,25992664.9000,3,2.538700,1,-1.395400,1
2019-12-11,sz.002356,2.0800,2.0900,2.0100,2.0700,2.1200,12871494,26321353.7400,3,2.680200,1,-2.358500,1
2019-12-12,sz.002356,2.0800,2.1200,2.0500,2.0600,2.0700,9901640,20573710.8000,3,2.061800,1,-0.483100,1
2019-12-13,sz.002356,2.0700,2.1600,2.0200,2.1000,2.0600,15821145,33365757.5500,3,3.294400,1,1.941700,1
2019-12-16,sz.002356,2.1100,2.1600,2.0600,2.1000,2.1000,12352478,25972486.5200,3,2.572200,1,0.000000,1
2019-12-17,sz.002356,2.1100,2.1100,2.0600,2.0900,2.1000,10728594,22301294.2400,3,2.234000,1,-0.476200,1
2019-12-18,sz.002356,2.0900,2.0900,2.0500,2.0700,2.0900,8459938,17478424.2800,3,1.761600,1,-0.956900,1
2019-12-19,sz.002356,2.0700,2.1500,2.0600,2.1300,2.0700,16334625,34523526.3000,3,3.401400,1,2.898600,1
2019-12-20,sz.002356,2.1500,2.2400,2.1400,2.2400,2.1300,18342883,40788896.9200,3,3.819500,1,5.164300,1
2019-12-23,sz.002356,2.3200,2.3500,2.3000,2.3500,2.2400,9099830,21258799.5000,3,1.894900,1,4.910700,1
2019-12-24,sz.002356,2.4700,2.4700,2.4700,2.4700,2.3500,939500,2320565.0000,3,0.195600,1,5.106400,1
2019-12-25,sz.002356,2.5900,2.5900,2.3500,2.4000,2.4700,34626580,86042280.2200,3,7.210300,1,-2.834000,1
2019-12-26,sz.002356,2.3500,2.4100,2.2800,2.3800,2.4000,18886534,44094051.5000,3,3.932700,1,-0.833300,1
2019-12-27,sz.002356,2.3600,2.4700,2.3100,2.3100,2.3800,10576225,25041449.5100,3,2.202300,1,-2.941200,1
2019-12-30,sz.002356,2.2500,2.2600,2.1900,2.1900,2.3100,10996100,24216279.0000,3,2.289700,1,-5.194800,1
2019-12-31,sz.002356,2.1500,2.2500,2.1400,2.2000,2.1900,6863340,15048512.2000,3,1.429100,1,0.456600,1
2020-01-02,sz.002356,2.1800,2.2300,2.1800,2.2100,2.2000,7001235,15430167.6500,3,1.457900,1,0.454500,1
2020-01-03,sz.002356,2.2000,2.3200,2.1800,2.3200,2.2100,14037055,32206969.9000,3,2.922900,1,4.977400,1
2020-01-06,sz.002356,2.3500,2.3900,2.2200,2.2700,2.3200,16672384,38070490.9300,3,3.471700,1,-2.155200,1
2020-01-07,sz.002356,2.2500,2.3800,2.2400,2.3800,2.2700,17785428,41723671.5700,3,3.703500,1,4.845800,1
2020-01-08,sz.002356,2.3600,2.4900,2.3200,2.4000,2.3800,20887418,50313085.7500,3,4.349400,1,0.840300,1
2020-01-09,sz.002356,2.4100,2.5200,2.4000,2.5200,2.4000,18141968,45553798.3800,3,3.777700,1,5.000000,1
2020-01-10,sz.002356,2.5100,2.6500,2.4700,2.6500,2.5200,32362556,84051390.2500,3,6.738800,1,5.158700,1
2020-01-13,sz.002356,2.6400,2.6400,2.5200,2.5200,2.6500,21775902,55192431.7400,3,4.534400,1,-4.905700,1
2020-01-14,sz.002356,2.4400,2.5000,2.3900,2.3900,2.5200,15712690,37869924.1000,3,3.271800,1,-5.158700,1
2020-01-15,sz.002356,2.3800,2.5000,2.2900,2.4500,2.3900,16933530,41164874.3700,3,3.526100,1,2.510500,1
2020-01-16,sz.002356,2.4300,2.4300,2.3300,2.3300,2.4500,12546400,29627138.0000,3,2.612500,1,-4.898000,1
2020-01-17,sz.002356,2.2900,2.3300,2.2100,2.2200,2.3300,13206537,29620502.2400,3,2.750000,1,-4.721000,1
2020-01-20,sz.002356,2.2000,2.2700,2.2000,2.2400,2.2200,6736780,15025499.9000,3,1.402800,1,0.900900,1
2020-01-21,sz.002356,2.2200,2.2400,2.1300,2.1300,2.2400,11657430,25220916.4500,3,2.427400,1,-4.910700,1
2020-01-22,sz.002356,2.1000,2.1000,2.0200,2.0500,2.1300,12746308,26053505.9600,3,2.654200,1,-3.755900,1
2020-01-23,sz.002356,1.9500,2.0100,1.9500,1.9500,2.0500,10854700,21305468.0000,3,2.260300,1,-4.878000,1
2020-02-03,sz.002356,1.8500,1.8500,1.8500,1.8500,1.9500,460300,851555.0000,3,0.095800,1,-5.128200,1
2020-02-04,sz.002356,1.7600,1.7600,1.7600,1.7600,1.8500,1322600,2327776.0000,3,0.275400,1,-4.864900,1
2020-02-05,sz.002356,1.6700,1.8300,1.6700,1.7700,1.7600,15205864,26676060.2500,3,3.166300,1,0.568200,1
2020-02-06,sz.002356,1.7600,1.7800,1.6900,1.7200,1.7700,10929723,18868217.9400,3,2.275900,1,-2.824900,1
2020-02-07,sz.002356,1.7000,1.8100,1.7000,1.8100,1.7200,13335894,23462231.1800,3,2.776900,1,5.232600,1
2020-02-10,sz.002356,1.8300,1.9000,1.8100,1.9000,1.8100,7774338,14594167.2000,3,1.618800,1,4.972400,1
2020-02-11,sz.002356,1.9500,2.0000,1.8700,1.9100,1.9000,14134730,27278045.7000,3,2.943300,1,0.526300,1
2020-02-12,sz.002356,1.8900,1.9600,1.8700,1.9200,1.9100,7888326,15120600.0200,3,1.642600,1,0.523600,1
2020-02-13,sz.002356,1.9100,1.9400,1.8300,1.8400,1.9200,10162718,19061968.3800,3,2.116200,1,-4.166700,1
2020-02-14,sz.002356,1.8100,1.8600,1.8000,1.8200,1.8400,4780964,8729095.2000,3,0.995500,1,-1.087000,1
2020-02-17,sz.002356,1.8200,1.8700,1.8200,1.8700,1.8200,4933330,9149047.0000,3,1.027300,1,2.747200,1
2020-02-18,sz.002356,1.9100,1.9500,1.8800,1.9100,1.8700,7600904,14566759.7800,3,1.582700,1,2.139000,1
2020-02-19,sz.002356,1.9200,1.9400,1.8700,1.8900,1.9100,4908160,9351061.0000,3,1.022000,1,-1.047100,1
2020-02-20,sz.002356,1.8900,1.9200,1.8700,1.9200,1.8900,11089996,20933539.7000,3,2.309300,1,1.587300,1
2020-02-21,sz.002356,1.9000,1.9200,1.8900,1.9100,1.9200,8569720,16333658.5000,3,1.784500,1,-0.520800,1
2020-02-24,sz.002356,1.9100,1.9400,1.8700,1.8900,1.9100,6381700,12050941.3000,3,1.328900,1,-1.047100,1
2020-02-25,sz.002356,1.8500,1.9000,1.8000,1.8800,1.8900,9748616,17941080.7200,3,2.029900,1,-0.529100,1
2020-02-26,sz.002356,1.8500,1.8900,1.8200,1.8600,1.8800,7275690,13530082.5000,3,1.515000,1,-1.063800,1
2020-02-27,sz.002356,1.8400,1.9500,1.8300,1.9500,1.8600,11781550,22377909.3400,3,2.453300,1,4.838700,1
2020-02-28,sz.002356,1.9100,1.9800,1.8600,1.8900,1.9500,11705150,22494030.4000,3,2.437400,1,-3.076900,1
2020-03-02,sz.002356,1.8200,1.9700,1.8200,1.9100,1.8900,7321905,13974888.8500,3,1.524600,1,1.058200,1
2020-03-03,sz.002356,1.9100,1.9300,1.8900,1.9000,1.9100,5846906,11137612.1500,3,1.217500,1,-0.523600,1
2020-03-04,sz.002356,1.8700,1.9000,1.8500,1.8800,1.9000,5469351,10280007.3700,3,1.138900,1,-1.052600,1
2020-03-05,sz.002356,1.8800,1.9300,1.8800,1.9200,1.8800,7578468,14469916.8400,3,1.578100,1,2.127700,1
2020-03-06,sz.002356,1.8900,1.9300,1.8800,1.9200,1.9200,6594321,12577158.0000,3,1.373100,1,0.000000,1
2020-03-09,sz.002356,1.8900,1.9000,1.8600,1.8700,1.9200,6298995,11835413.6500,3,1.311600,1,-2.604200,1
2020-03-10,sz.002356,1.8000,1.8900,1.8000,1.8700,1.8700,7352321,13645645.3100,3,1.531000,1,0.000000,1
2020-03-11,sz.002356,1.8700,1.9200,1.8700,1.8800,1.8700,4567800,8637889.0000,3,0.951200,1,0.534800,1
2020-03-12,sz.002356,1.8600,1.8700,1.8000,1.8000,1.8800,7021726,12791804.0000,3,1.462100,1,-4.255300,1
2020-03-13,sz.002356,1.7100,1.8400,1.7100,1.7900,1.8000,7804730,13597246.9500,3,1.625200,1,-0.555600,1
2020-03-16,sz.002356,1.8000,1.8200,1.7100,1.7200,1.7900,5333639,9413172.4200,3,1.110600,1,-3.910600,1
2020-03-17,sz.002356,1.6900,1.7400,1.6300,1.6900,1.7200,4205219,7054379.4700,3,0.875700,1,-1.744200,1
2020-03-18,sz.002356,1.7100,1.7200,1.6600,1.6700,1.6900,3260371,5525007.3100,3,0.678900,1,-1.183400,1
2020-03-19,sz.002356,1.6500,1.6800,1.6200,1.6500,1.6700,3625813,5980300.4500,3,0.755000,1,-1.197600,1
2020-03-20,sz.002356,1.6700,1.6800,1.6400,1.6600,1.6500,2740290,4548754.6000,3,0.570600,1,0.606100,1
2020-03-23,sz.002356,1.6500,1.6500,1.5900,1.6000,1.6600,3485270,5638857.4000,3,0.725700,1,-3.614500,1
2020-03-24,sz.002356,1.6100,1.6800,1.6100,1.6800,1.6000,5732884,9585201.0200,3,1.193800,1,5.000000,1
2020-03-25,sz.002356,1.7100,1.7600,1.7100,1.7600,1.6800,6242185,10901472.5800,3,1.299800,1,4.761900,1
2020-03-26,sz.002356,1.8300,1.8500,1.7600,1.7600,1.7600,9905731,17963359.8900,3,2.062700,1,0.000000,1
2020-03-27,sz.002356,1.7200,1.8300,1.6800,1.7700,1.7600,6117748,10709510.6000,3,1.273900,1,0.568200,1
2020-03-30,sz.002356,1.7400,1.7400,1.6900,1.7200,1.7700,3367520,5750164.8000,3,0.701200,1,-2.824900,1
2020-03-31,sz.002356,1.7200,1.7500,1.6800,1.6800,1.7200,3023168,5181126.4400,3,0.629500,1,-2.325600,1
2020-04-01,sz.002356,1.6900,1.7000,1.6600,1.6700,1.6800,2669088,4467968.0800,3,0.555800,1,-0.595200,1
2020-04-02,sz.002356,1.6500,1.6900,1.6400,1.6900,1.6700,3602198,6002557.6000,3,0.750100,1,1.197600,1
2020-04-03,sz.002356,1.6800,1.6800,1.6200,1.6200,1.6900,5082765,8359426.6500,3,1.058400,1,-4.142000,1
2020-04-07,sz.002356,1.6200,1.6600,1.6200,1.6500,1.6200,4220117,6922788.5300,3,0.878800,1,1.851800,1
2020-04-08,sz.002356,1.6500,1.6600,1.6200,1.6300,1.6500,3588391,5864129.3300,3,0.747200,1,-1.212100,1
2020-04-09,sz.002356,1.6300,1.6500,1.6300,1.6400,1.6300,4642410,7622875.3000,3,0.966700,1,0.613500,1
2020-04-10,sz.002356,1.6300,1.6300,1.6000,1.6100,1.6400,4031141,6508504.6000,3,0.839400,1,-1.829300,1
2020-04-13,sz.002356,1.6000,1.6000,1.5700,1.5700,1.6100,3190400,5030733.0000,3,0.664300,1,-2.484500,1
2020-04-14,sz.002356,1.5800,1.6500,1.5800,1.6500,1.5700,4453160,7300818.1000,3,0.927300,1,5.095500,1
2020-04-15,sz.002356,1.5700,1.6300,1.5700,1.5900,1.6500,9702234,15398375.4000,3,2.020300,1,-3.636400,1
2020-04-16,sz.002356,1.5600,1.6100,1.5500,1.6100,1.5900,4366661,6940311.8400,3,0.909300,1,1.257900,1
2020-04-17,sz.002356,1.6100,1.6100,1.5800,1.5900,1.6100,2735720,4361952.1000,3,0.569700,1,-1.242200,1
2020-04-20,sz.002356,1.5900,1.6000,1.5700,1.5800,1.5900,2306268,3636352.1600,3,0.480200,1,-0.628900,1
2020-04-21,sz.002356,1.5800,1.5800,1.5400,1.5600,1.5800,3346840,5199503.0000,3,0.696900,1,-1.265800,1
2020-04-22,sz.002356,1.5400,1.5900,1.5400,1.5600,1.5600,2459600,3843214.0000,3,0.512200,1,0.000000,1
2020-04-23,sz.002356,1.5600,1.5900,1.5500,1.5500,1.5600,2621839,4090670.8500,3,0.545900,1,-0.641000,1
2020-04-24,sz.002356,1.5600,1.5800,1.5100,1.5300,1.5500,4069506,6282728.5300,3,0.847400,1,-1.290300,1
2020-04-27,sz.002356,1.5400,1.5600,1.5000,1.5200,1.5300,3154111,4780178.2100,3,0.656800,1,-0.653600,1
2020-04-28,sz.002356,1.4600,1.5300,1.4400,1.4400,1.5200,3007200,4349144.5000,3,0.626200,1,-5.263200,1
2020-04-29,sz.002356,1.3700,1.4000,1.3700,1.3700,1.4400,1723800,2364453.0000,3,0.358900,1,-4.861100,1
2020-04-30,sz.002356,1.3000,1.4400,1.3000,1.3700,1.3700,13061259,17311574.2000,3,2.719700,1,0.000000,1
2020-05-06,sz.002356,1.3100,1.3200,1.3000,1.3000,1.3700,12436769,16240424.0100,3,2.589700,1,-5.109500,1
2020-05-07,sz.002356,1.2900,1.3300,1.2600,1.2900,1.3000,8549598,11079826.5600,3,1.780300,1,-0.769200,1
2020-05-08,sz.002356,1.2900,1.3100,1.2700,1.2800,1.2900,5902968,7600295.6400,3,1.229200,1,-0.775200,1
2020-05-11,sz.002356,1.2800,1.2900,1.2200,1.2200,1.2800,9498380,11682061.4000,3,1.977800,1,-4.687500,1
2020-05-12,sz.002356,1.1900,1.2100,1.1600,1.1600,1.2200,10260750,11979151.6600,3,2.136600,1,-4.918000,1
2020-05-13,sz.002356,1.1400,1.2100,1.1000,1.1900,1.1600,12330588,14043867.8700,3,2.567600,1,2.586200,1
2020-05-14,sz.002356,1.1500,1.2200,1.1300,1.1700,1.1900,8365105,9822903.8500,3,1.741900,1,-1.680700,1
2020-05-15,sz.002356,1.1700,1.1900,1.1200,1.1400,1.1700,5939395,6854138.5500,3,1.236800,1,-2.564100,1
2020-05-18,sz.002356,1.1300,1.1500,1.0800,1.0800,1.1400,9296957,10291077.6000,3,1.935900,1,-5.263200,1
2020-05-19,sz.002356,1.0700,1.1000,1.0300,1.0400,1.0800,9147505,9732290.8700,3,1.904800,1,-3.703700,1
2020-05-20,sz.002356,1.0400,1.0900,0.9900,1.0900,1.0400,15986650,16856509.8900,3,3.328900,1,4.807700,1
2020-05-21,sz.002356,1.0700,1.1400,1.0500,1.1400,1.0900,13574748,15173496.1900,3,2.826700,1,4.587200,1
2020-05-22,sz.002356,1.1300,1.2000,1.1100,1.1200,1.1400,16939900,19810239.1900,3,3.527400,1,-1.754400,1
2020-05-25,sz.002356,1.0600,1.1400,1.0600,1.0800,1.1200,10844844,11738778.1500,3,2.258200,1,-3.571400,1
2020-05-26,sz.002356,1.0600,1.1200,1.0600,1.0900,1.0800,9485378,10381869.7000,3,1.975100,1,0.925900,1
2020-05-27,sz.002356,1.0800,1.1400,1.0800,1.1400,1.0900,15787463,17696231.2200,3,3.287400,1,4.587200,1
2020-05-28,sz.002356,1.1500,1.1800,1.0800,1.0800,1.1400,12175120,13688456.0000,3,2.535200,1,-5.263200,1
2020-05-29,sz.002356,1.1000,1.1300,1.1000,1.1300,1.0800,3530360,3970022.8000,3,0.735100,1,4.629600,1
2020-06-01,sz.002356,1.1900,1.1900,1.1900,1.1900,1.1300,1511745,1798976.5500,3,0.314800,1,5.309700,1
2020-06-02,sz.002356,1.2500,1.2500,1.1700,1.2100,1.1900,17327710,20974809.6000,3,3.608100,1,1.680700,1
2020-06-03,sz.002356,1.1900,1.2700,1.1900,1.2700,1.2100,9764234,12189600.8600,3,2.033200,1,4.958700,1
2020-06-04,sz.002356,1.3200,1.3300,1.2900,1.3300,1.2700,11327328,14999403.8200,3,2.358700,1,4.724400,1
2020-06-05,sz.002356,1.4000,1.4000,1.3800,1.4000,1.3300,7692560,10760892.0000,3,1.601800,1,5.263200,1
2020-06-08,sz.002356,1.4700,1.4700,1.4700,1.4700,1.4000,1172470,1723530.9000,3,0.244100,1,5.000000,1
2020-06-09,sz.002356,1.5400,1.5400,1.5400,1.5400,1.4700,864971,1332055.3400,3,0.180100,1,4.761900,1
2020-06-10,sz.002356,1.6200,1.6200,1.6200,1.6200,1.5400,1219636,1975810.3200,3,0.254000,1,5.194800,1
2020-06-11,sz.002356,1.7000,1.7000,1.5400,1.5800,1.6200,29209207,46309545.9800,3,6.082200,1,-2.469100,1
2020-06-12,sz.002356,1.5000,1.5400,1.5000,1.5000,1.5800,16554742,24899803.9000,3,3.447200,1,-5.063300,1
2020-06-15,sz.002356,1.4300,1.4300,1.4300,1.4300,1.5000,755400,1080222.0000,3,0.157300,1,-4.666700,1
2020-06-16,sz.002356,1.3600,1.5000,1.3600,1.4400,1.4300,25682879,36750811.0100,3,5.347900,1,0.699300,1
2020-06-17,sz.002356,1.3700,1.4500,1.3700,1.4100,1.4400,12240221,17039961.0000,3,2.548800,1,-2.083300,1
2020-06-18,sz.002356,1.4100,1.4800,1.4100,1.4800,1.4100,5130316,7527119.4800,3,1.068300,1,4.964500,1
2020-06-19,sz.002356,1.5300,1.5300,1.4400,1.4600,1.4800,10902887,16165833.5300,3,2.270300,1,-1.351400,1
2020-06-22,sz.002356,1.4500,1.4900,1.4300,1.4700,1.4600,5020480,7369754.0000,3,1.045400,1,0.684900,1
2020-06-23,sz.002356,1.4600,1.5000,1.4400,1.4700,1.4700,3211250,4737784.5000,3,0.668700,1,0.000000,1
2020-06-24,sz.002356,1.4300,1.4800,1.4300,1.4600,1.4700,3871442,5639005.7400,3,0.806100,1,-0.680300,1
2020-06-29,sz.002356,1.4400,1.4700,1.3900,1.4600,1.4600,3819404,5470248.1400,3,0.795300,1,0.000000,1
2020-06-30,sz.002356,1.4500,1.4600,1.3900,1.4000,1.4600,6307700,8905111.4000,3,1.313400,1,-4.109600,1
2020-07-01,sz.002356,1.4000,1.4000,1.3300,1.3300,1.4000,6660390,8960048.5000,3,1.386900,1,-5.000000,1
2020-07-02,sz.002356,1.3300,1.3600,1.2700,1.3500,1.3300,6649677,8629566.5700,3,1.384700,1,1.503800,1
2020-07-03,sz.002356,1.3200,1.3600,1.3100,1.3300,1.3500,4800770,6406297.6000,3,0.999700,1,-1.481500,1
2020-07-06,sz.002356,1.3200,1.4000,1.3200,1.3900,1.3300,7589894,10423419.9100,3,1.580400,1,4.511300,1
2020-07-07,sz.002356,1.3900,1.4000,1.3400,1.3700,1.3900,5298425,7218287.0500,3,1.103300,1,-1.438800,1
2020-07-08,sz.002356,1.3700,1.3700,1.3300,1.3500,1.3700,6303520,8476806.7000,3,1.312600,1,-1.459900,1
2020-07-09,sz.002356,1.3500,1.3700,1.3400,1.3500,1.3500,5700331,7707950.2500,3,1.187000,1,0.000000,1
2020-07-10,sz.002356,1.3400,1.3600,1.3300,1.3400,1.3500,5018177,6761647.1800,3,1.044900,1,-0.740700,1
2020-07-13,sz.002356,1.3500,1.3700,1.3400,1.3500,1.3400,4544912,6152849.8000,3,0.946400,1,0.746300,1
2020-07-14,sz.002356,1.3500,1.4200,1.3400,1.4200,1.3500,9945384,14023122.1800,3,2.070900,1,5.185200,1
2020-07-15,sz.002356,1.4400,1.4900,1.4400,1.4900,1.4200,13027885,19135749.9400,3,2.712800,1,4.929600,1
2020-07-16,sz.002356,1.5500,1.5600,1.4200,1.4200,1.4900,12430360,18561357.8000,3,2.588400,1,-4.698000,1
2020-07-17,sz.002356,1.3500,1.4200,1.3500,1.3500,1.4200,7903080,10749596.0000,3,1.645700,1,-4.929600,1
2020-07-20,sz.002356,1.3500,1.3600,1.2800,1.3200,1.3500,5540516,7272013.6800,3,1.153700,1,-2.222200,1
2020-07-21,sz.002356,1.3200,1.3800,1.3100,1.3400,1.3200,3499600,4722466.4000,3,0.728700,1,1.515200,1
2020-07-22,sz.002356,1.3200,1.3500,1.3100,1.3200,1.3400,3669850,4874305.0000,3,0.764200,1,-1.492500,1
2020-07-23,sz.002356,1.3300,1.3800,1.3100,1.3500,1.3200,4246890,5735637.4000,3,0.884300,1,2.272700,1
2020-07-24,sz.002356,1.3400,1.3500,1.3000,1.3200,1.3500,3370900,4471526.0000,3,0.701900,1,-2.222200,1
2020-07-27,sz.002356,1.3200,1.3400,1.2600,1.2800,1.3200,3274161,4202345.1800,3,0.681800,1,-3.030300,1
2020-07-28,sz.002356,1.2800,1.3100,1.2700,1.3000,1.2800,3463690,4463669.1000,3,0.721200,1,1.562500,1
2020-07-29,sz.002356,1.2900,1.3000,1.2600,1.3000,1.3000,4087772,5272745.4500,3,0.851200,1,0.000000,1
2020-07-30,sz.002356,1.3100,1.3200,1.2800,1.3100,1.3000,3732662,4860818.7000,3,0.777300,1,0.769200,1
2020-07-31,sz.002356,1.3000,1.3300,1.2900,1.3200,1.3100,4567662,5980839.1000,3,0.951100,1,0.763400,1
2020-08-03,sz.002356,1.3200,1.3900,1.3200,1.3900,1.3200,5696046,7873701.0400,3,1.186100,1,5.303000,1
2020-08-04,sz.002356,1.4000,1.4600,1.3700,1.4400,1.3900,12345233,17466491.5200,3,2.570600,1,3.597100,1
2020-08-05,sz.002356,1.4100,1.4300,1.3700,1.4100,1.4400,7013052,9817669.8200,3,1.460300,1,-2.083300,1
2020-08-06,sz.002356,1.4200,1.4800,1.3800,1.4800,1.4100,13860440,20130590.1000,3,2.886200,1,4.964500,1
2020-08-07,sz.002356,1.4500,1.5100,1.4100,1.4100,1.4800,10440440,15138513.6000,3,2.174000,1,-4.729700,1
2020-08-10,sz.002356,1.3500,1.4100,1.3400,1.3700,1.4100,5561800,7624137.3000,3,1.158100,1,-2.836900,1
2020-08-11,sz.002356,1.3700,1.4000,1.3500,1.3600,1.3700,4189401,5757771.3700,3,0.872400,1,-0.729900,1
2020-08-12,sz.002356,1.3500,1.3900,1.3300,1.3900,1.3600,4606296,6223423.6600,3,0.959200,1,2.205900,1
2020-08-13,sz.002356,1.3800,1.4000,1.3600,1.3800,1.3900,3925860,5418770.8000,3,0.817500,1,-0.719400,1
2020-08-14,sz.002356,1.3900,1.3900,1.3300,1.3700,1.3800,6243865,8448369.4900,3,1.300200,1,-0.724600,1
2020-08-17,sz.002356,1.3600,1.4000,1.3400,1.3900,1.3700,6889167,9468404.2300,3,1.434500,1,1.459900,1
2020-08-18,sz.002356,1.3800,1.4400,1.3700,1.4300,1.3900,6035051,8424268.1800,3,1.256700,1,2.877700,1
2020-08-19,sz.002356,1.4100,1.4200,1.3800,1.3900,1.4300,4588200,6424219.0000,3,0.955400,1,-2.797200,1
2020-08-20,sz.002356,1.3900,1.4600,1.3700,1.4200,1.3900,6605280,9430680.0000,3,1.375400,1,2.158300,1
2020-08-21,sz.002356,1.4100,1.4500,1.3800,1.3900,1.4200,5008290,7050893.2000,3,1.042900,1,-2.112700,1
2020-08-24,sz.002356,1.3800,1.4200,1.3600,1.4100,1.3900,4709150,6523530.5000,3,0.980600,1,1.438800,1
2020-08-25,sz.002356,1.4000,1.4200,1.3400,1.3600,1.4100,7712116,10571207.1400,3,1.605900,1,-3.546100,1
2020-08-26,sz.002356,1.3500,1.3800,1.3400,1.3600,1.3600,4120286,5589557.2000,3,0.858000,1,0.000000,1
2020-08-27,sz.002356,1.3500,1.3600,1.3200,1.3500,1.3600,3911320,5248210.0000,3,0.814500,1,-0.735300,1
2020-08-28,sz.002356,1.3500,1.3600,1.3300,1.3400,1.3500,2571880,3450429.2000,3,0.535500,1,-0.740700,1
2020-08-31,sz.002356,1.3300,1.3700,1.3300,1.3700,1.3400,4998666,6800485.0600,3,0.949400,1,2.238800,1
2020-09-01,sz.002356,1.3700,1.3800,1.3300,1.3500,1.3700,5041885,6791896.9000,3,0.957600,1,-1.459900,1
2020-09-02,sz.002356,1.3400,1.3700,1.3300,1.3600,1.3500,5088711,6851775.2900,3,0.966500,1,0.740700,1
2020-09-03,sz.002356,1.3600,1.3600,1.3300,1.3400,1.3600,4254025,5715795.2500,3,0.808000,1,-1.470600,1
2020-09-04,sz.002356,1.3400,1.3600,1.3200,1.3500,1.3400,3650245,4897667.8500,3,0.693300,1,0.746300,1
2020-09-07,sz.002356,1.3400,1.3600,1.3300,1.3500,1.3500,8810500,11818048.0000,3,1.673400,1,0.000000,1
2020-09-08,sz.002356,1.3500,1.3500,1.3200,1.3500,1.3500,3820890,5103788.4000,3,0.725700,1,0.000000,1
2020-09-09,sz.002356,1.3300,1.3500,1.3200,1.3300,1.3500,5562270,7420394.4000,3,1.056500,1,-1.481500,1
2020-09-10,sz.002356,1.3400,1.3400,1.2600,1.2700,1.3300,5736770,7436078.9000,3,1.089600,1,-4.511300,1
2020-09-11,sz.002356,1.2600,1.2700,1.2100,1.2500,1.2700,3643570,4487060.4000,3,0.692000,1,-1.574800,1
2020-09-14,sz.002356,1.2500,1.3100,1.2400,1.3000,1.2500,4717975,6075691.5500,3,0.896100,1,4.000000,1
2020-09-15,sz.002356,1.3000,1.3100,1.2700,1.3000,1.3000,4446615,5724174.6000,3,0.844600,1,0.000000,1
2020-09-16,sz.002356,1.3000,1.3000,1.2800,1.2900,1.3000,1657910,2140113.8000,3,0.314900,1,-0.769200,1
2020-09-17,sz.002356,1.2800,1.2900,1.2600,1.2700,1.2900,2041300,2593036.0000,3,0.387700,1,-1.550400,1
2020-09-18,sz.002356,1.2700,1.2900,1.2600,1.2800,1.2700,1516020,1933277.1000,3,0.287900,1,0.787400,1
2020-09-21,sz.002356,1.2900,1.3200,1.2600,1.2700,1.2800,3049510,3940931.0000,3,0.579200,1,-0.781300,1
2020-09-22,sz.002356,1.2700,1.2700,1.2400,1.2600,1.2700,2037740,2562172.4000,3,0.387000,1,-0.787400,1
2020-09-23,sz.002356,1.2500,1.2700,1.2400,1.2500,1.2600,1410500,1765940.0000,3,0.267900,1,-0.793700,1
2020-09-24,sz.002356,1.2400,1.2500,1.2100,1.2300,1.2500,2344470,2881646.7000,3,0.445300,1,-1.600000,1
2020-09-25,sz.002356,1.2300,1.2500,1.2200,1.2400,1.2300,1675400,2069029.0000,3,0.318200,1,0.813000,1
2020-09-28,sz.002356,1.2300,1.2500,1.2100,1.2200,1.2400,1220100,1497370.0000,3,0.231700,1,-1.612900,1
2020-09-29,sz.002356,1.2300,1.2400,1.2100,1.2100,1.2200,1611400,1963730.0000,3,0.306100,1,-0.819700,1
2020-09-30,sz.002356,1.2100,1.2100,1.1700,1.1800,1.2100,2566910,3032395.8000,3,0.487500,1,-2.479300,1
2020-10-09,sz.002356,1.1900,1.2400,1.1900,1.2400,1.1800,3461720,4267315.0000,3,0.657500,1,5.084700,1
2020-10-12,sz.002356,1.2400,1.2800,1.2400,1.2700,1.2400,3885180,4883694.0000,3,0.737900,1,2.419400,1
2020-10-13,sz.002356,1.2600,1.2600,1.2100,1.2400,1.2700,5227251,6421363.2200,3,0.992800,1,-2.362200,1
2020-10-14,sz.002356,1.2300,1.2300,1.2000,1.2100,1.2400,2829910,3433927.1000,3,0.537500,1,-2.419400,1
2020-10-15,sz.002356,1.1900,1.2100,1.1800,1.2000,1.2100,2429915,2901508.8500,3,0.461500,1,-0.826400,1
2020-10-16,sz.002356,1.2000,1.2000,1.1800,1.1900,1.2000,1757150,2096683.5000,3,0.333700,1,-0.833300,1
2020-10-19,sz.002356,1.2000,1.2400,1.1900,1.2200,1.1900,2882981,3518958.6100,3,0.547600,1,2.521000,1
2020-10-20,sz.002356,1.2100,1.2200,1.1900,1.2100,1.2200,2607200,3137359.0000,3,0.495200,1,-0.819700,1
2020-10-21,sz.002356,1.2000,1.2100,1.1800,1.2000,1.2100,1795300,2143105.0000,3,0.341000,1,-0.826400,1
2020-10-22,sz.002356,1.2000,1.2000,1.1800,1.2000,1.2000,1551120,1847887.6000,3,0.294600,1,0.000000,1
2020-10-23,sz.002356,1.1900,1.2100,1.1800,1.2000,1.2000,1744747,2087167.9600,3,0.331400,1,0.000000,1
2020-10-26,sz.002356,1.1900,1.1900,1.1700,1.1700,1.2000,2151240,2532853.0000,3,0.408600,1,-2.500000,1
2020-10-27,sz.002356,1.1800,1.1900,1.1700,1.1800,1.1700,1737878,2052317.2600,3,0.330100,1,0.854700,1
2020-10-28,sz.002356,1.1800,1.1800,1.1300,1.1800,1.1800,4295440,4956936.4000,3,0.815800,1,0.000000,1
2020-10-29,sz.002356,1.1600,1.1800,1.1500,1.1600,1.1800,2127504,2485652.6000,3,0.404100,1,-1.694900,1
2020-10-30,sz.002356,1.1600,1.2200,1.1600,1.2000,1.1600,8105877,9739149.0600,3,1.539600,1,3.448300,1
2020-11-02,sz.002356,1.1800,1.2000,1.1500,1.1600,1.2000,4329255,5081413.7500,3,0.822300,1,-3.333300,1
2020-11-03,sz.002356,1.1300,1.1700,1.1200,1.1600,1.1600,3269870,3765678.3600,3,0.621100,1,0.000000,1
2020-11-04,sz.002356,1.1500,1.1900,1.1500,1.1700,1.1600,1816430,2126437.8000,3,0.345000,1,0.862100,1
2020-11-05,sz.002356,1.1700,1.1800,1.1500,1.1700,1.1700,3045325,3530797.5000,3,0.578400,1,0.000000,1
2020-11-06,sz.002356,1.1600,1.1700,1.1400,1.1500,1.1700,2393550,2747823.0000,3,0.454600,1,-1.709400,1
2020-11-09,sz.002356,1.1400,1.1500,1.1200,1.1500,1.1500,6741030,7645517.1000,3,1.280300,1,0.000000,1
2020-11-10,sz.002356,1.1400,1.1400,1.1200,1.1300,1.1500,3271840,3698669.8000,3,0.621400,1,-1.739100,1
2020-11-11,sz.002356,1.1300,1.1300,1.0900,1.1000,1.1300,3886380,4292616.0000,3,0.738200,1,-2.654900,1
2020-11-12,sz.002356,1.1000,1.1300,1.0900,1.1200,1.1000,3802097,4243749.4400,3,0.722100,1,1.818200,1
2020-11-13,sz.002356,1.1200,1.1200,1.1000,1.1100,1.1200,2136395,2375247.4500,3,0.405800,1,-0.892900,1
2020-11-16,sz.002356,1.1100,1.1500,1.1000,1.1300,1.1100,3778285,4249853.4000,3,0.717600,1,1.801800,1
2020-11-17,sz.002356,1.1300,1.1400,1.1100,1.1200,1.1300,2574000,2875024.5000,3,0.488900,1,-0.885000,1
2020-11-18,sz.002356,1.1300,1.1400,1.1200,1.1300,1.1200,2004650,2263175.0000,3,0.380700,1,0.892900,1
2020-11-19,sz.002356,1.1300,1.1300,1.1100,1.1200,1.1300,1524750,1712589.0000,3,0.289600,1,-0.885000,1
2020-11-20,sz.002356,1.1200,1.1400,1.1100,1.1400,1.1200,3276992,3682312.1600,3,0.622400,1,1.785700,1
2020-11-23,sz.002356,1.1500,1.2000,1.1400,1.2000,1.1400,11858692,14153705.4000,3,2.252400,1,5.263200,1
2020-11-24,sz.002356,1.2600,1.2600,1.2200,1.2600,1.2000,5564165,6997465.2000,3,1.056800,1,5.000000,1
2020-11-25,sz.002356,1.3200,1.3200,1.3200,1.3200,1.2600,1662800,2194896.0000,3,0.315800,1,4.761900,1
2020-11-26,sz.002356,1.3200,1.3200,1.2500,1.2500,1.3200,16450526,20887389.1800,3,3.124500,1,-5.303000,1
2020-11-27,sz.002356,1.2400,1.2800,1.2100,1.2400,1.2500,6495431,8076319.0100,3,1.233700,1,-0.800000,1
2020-11-30,sz.002356,1.2400,1.2400,1.1900,1.1900,1.2400,5138360,6199688.4000,3,0.975900,1,-4.032300,1
2020-12-01,sz.002356,1.2000,1.2500,1.1900,1.2400,1.1900,4094604,5029100.5000,3,0.777700,1,4.201700,1
2020-12-02,sz.002356,1.2400,1.2800,1.1900,1.2400,1.2400,4790524,5893094.6000,3,0.909900,1,0.000000,1
2020-12-03,sz.002356,1.2300,1.2500,1.2100,1.2200,1.2400,2293539,2818861.9700,3,0.435600,1,-1.612900,1
2020-12-04,sz.002356,1.2300,1.2400,1.2100,1.2400,1.2200,2519127,3096229.6900,3,0.478500,1,1.639300,1
2020-12-07,sz.002356,1.2300,1.2300,1.1900,1.2200,1.2400,3640360,4406470.0000,3,0.691400,1,-1.612900,1
2020-12-08,sz.002356,1.2200,1.2300,1.1900,1.2000,1.2200,2699100,3261899.0000,3,0.512600,1,-1.639300,1
2020-12-09,sz.002356,1.2000,1.2600,1.1900,1.2600,1.2000,4462253,5564533.8200,3,0.847500,1,5.000000,1
2020-12-10,sz.002356,1.2900,1.3100,1.2200,1.2200,1.2600,8233080,10400539.2000,3,1.563700,1,-3.174600,1
2020-12-11,sz.002356,1.2000,1.2400,1.1800,1.2100,1.2200,4240800,5105559.0000,3,0.805500,1,-0.819700,1
2020-12-14,sz.002356,1.2100,1.2200,1.1600,1.2100,1.2100,3217050,3818630.5300,3,0.611000,1,0.000000,1
2020-12-15,sz.002356,1.2300,1.2500,1.1700,1.1800,1.2100,3897217,4661013.6100,3,0.740200,1,-2.479300,1
2020-12-16,sz.002356,1.1800,1.1800,1.1200,1.1300,1.1800,5952825,6734557.0000,3,1.130600,1,-4.237300,1
2020-12-17,sz.002356,1.1200,1.1400,1.0900,1.1300,1.1300,2127740,2385108.2000,3,0.404100,1,0.000000,1
2020-12-18,sz.002356,1.1400,1.1500,1.1200,1.1400,1.1300,1418200,1612551.0000,3,0.269400,1,0.885000,1
2020-12-21,sz.002356,1.1200,1.1300,1.1000,1.1100,1.1400,3168382,3533106.0200,3,0.601800,1,-2.631600,1
2020-12-22,sz.002356,1.1200,1.1200,1.0500,1.0500,1.1100,5474300,5877559.0000,3,1.039800,1,-5.405400,1
2020-12-23,sz.002356,1.0300,1.0700,1.0000,1.0500,1.0500,10536290,10743419.8300,3,2.001200,1,0.000000,1
2020-12-24,sz.002356,1.0300,1.0900,1.0300,1.0700,1.0500,5263910,5619358.3000,3,0.999800,1,1.904800,1
2020-12-25,sz.002356,1.0700,1.0900,1.0300,1.0600,1.0700,2775360,2930224.5000,3,0.527100,1,-0.934600,1
2020-12-28,sz.002356,1.0600,1.0600,1.0400,1.0600,1.0600,2275430,2389323.5000,3,0.432200,1,0.000000,1
2020-12-29,sz.002356,1.0600,1.0600,1.0400,1.0500,1.0600,1677450,1761455.0000,3,0.318600,1,-0.943400,1
2020-12-30,sz.002356,1.0400,1.0900,1.0400,1.0700,1.0500,3104480,3318075.8000,3,0.589600,1,1.904800,1
2020-12-31,sz.002356,1.0700,1.0700,1.0400,1.0600,1.0700,2192050,2314528.6000,3,0.416300,1,-0.934600,1
2021-01-04,sz.002356,1.1100,1.1100,1.0900,1.1100,1.0600,5572380,6166453.8000,3,1.058400,1,4.717000,1
2021-01-05,sz.002356,1.1300,1.1700,1.1100,1.1500,1.1100,7756696,8891712.7000,3,1.473300,1,3.603600,1
2021-01-06,sz.002356,1.1100,1.1400,1.0900,1.1000,1.1500,5077740,5605805.4000,3,0.964400,1,-4.347800,1
2021-01-07,sz.002356,1.1000,1.1400,1.0800,1.1100,1.1000,4615423,5138639.0900,3,0.876600,1,0.909100,1
2021-01-08,sz.002356,1.1000,1.1000,1.0600,1.0700,1.1100,2944222,3161039.4400,3,0.559200,1,-3.603600,1
2021-01-11,sz.002356,1.0600,1.0800,1.0300,1.0300,1.0700,2378446,2477296.6100,3,0.451700,1,-3.738300,1
2021-01-12,sz.002356,1.0200,1.0300,1.0000,1.0100,1.0300,3239266,3291389.6600,3,0.615200,1,-1.941700,1
2021-01-13,sz.002356,1.0000,1.0200,0.9600,0.9600,1.0100,8319381,8057705.3800,3,1.580100,1,-4.950500,1
2021-01-14,sz.002356,0.9600,0.9600,0.9100,0.9100,0.9600,10308835,9443733.8500,3,1.958000,1,-5.208300,1
2021-01-15,sz.002356,0.9100,0.9100,0.8800,0.8900,0.9100,11221329,10021546.6200,3,2.131300,1,-2.197800,1
2021-01-18,sz.002356,0.8800,0.9300,0.8600,0.9300,0.8900,9039880,8289773.9000,3,1.717000,1,4.494400,1
2021-01-19,sz.002356,0.9500,0.9800,0.9300,0.9800,0.9300,6919693,6697298.2400,3,1.314300,1,5.376300,1
2021-01-20,sz.002356,1.0000,1.0300,0.9500,0.9800,0.9800,9246953,9136943.3100,3,1.756300,1,0.000000,1
2021-01-21,sz.002356,0.9600,0.9700,0.9300,0.9600,0.9800,5571890,5268606.1800,3,1.058300,1,-2.040800,1
2021-01-22,sz.002356,0.9500,0.9900,0.9400,0.9600,0.9600,3339262,3220509.4200,3,0.634200,1,0.000000,1
2021-01-25,sz.002356,0.9600,1.0100,0.9200,0.9800,0.9600,7158202,6974474.5800,3,1.359600,1,2.083300,1
2021-01-26,sz.002356,0.9500,1.0000,0.9500,0.9900,0.9800,4460075,4390259.0500,3,0.847100,1,1.020400,1
2021-01-27,sz.002356,0.9800,1.0300,0.9500,1.0000,0.9900,5786410,5733231.5300,3,1.099000,1,1.010100,1
2021-01-28,sz.002356,0.9900,1.0500,0.9700,1.0500,1.0000,10478164,10872718.1700,3,1.990200,1,5.000000,1
2021-01-29,sz.002356,1.0700,1.1000,1.0600,1.1000,1.0500,7456737,8159866.7000,3,1.416300,1,4.761900,1
2021-02-01,sz.002356,1.0500,1.1300,1.0500,1.1300,1.1000,12195896,13163529.4000,3,2.316400,1,2.727300,1
2021-02-02,sz.002356,1.1400,1.1500,1.0900,1.1100,1.1300,3720133,4147256.8000,3,0.706600,1,-1.769900,1
2021-02-03,sz.002356,1.1000,1.1200,1.0800,1.1100,1.1100,2434275,2699915.5500,3,0.462300,1,0.000000,1
2021-02-04,sz.002356,1.1700,1.1700,1.1500,1.1600,1.1100,8044915,9385796.4100,3,1.528000,1,4.504500,1
2021-02-05,sz.002356,1.1400,1.1600,1.1000,1.1000,1.1600,5658170,6323800.6500,3,1.074700,1,-5.172400,1
2021-02-08,sz.002356,1.0800,1.0800,1.0500,1.0500,1.1000,3082200,3246772.0000,3,0.585400,1,-4.545500,1
2021-02-09,sz.002356,1.0200,1.0800,1.0200,1.0300,1.0500,4301826,4469234.2200,3,0.817100,1,-1.904800,1
2021-02-10,sz.002356,1.0300,1.0500,1.0100,1.0500,1.0300,2515471,2597351.1300,3,0.477800,1,1.941700,1
2021-02-18,sz.002356,1.0700,1.1000,1.0700,1.1000,1.0500,2772826,3016883.6200,3,0.526700,1,4.761900,1
2021-02-19,sz.002356,1.1100,1.1600,1.1000,1.1500,1.1000,4173860,4750000.2000,3,0.792800,1,4.545500,1
2021-02-22,sz.002356,1.1800,1.2100,1.1700,1.2100,1.1500,2267540,2731467.2000,3,0.430700,1,5.217400,1
2021-02-23,sz.002356,1.2600,1.2700,1.2300,1.2700,1.2100,4628827,5869830.4100,3,0.879200,1,4.958700,1
2021-02-24,sz.002356,1.3300,1.3300,1.2400,1.3100,1.2700,9790170,12617805.2000,3,1.859500,1,3.149600,1
2021-02-25,sz.002356,1.3100,1.3200,1.2400,1.2400,1.3100,5914925,7560028.6000,3,1.123400,1,-5.343500,1
2021-02-26,sz.002356,1.2200,1.3000,1.1900,1.3000,1.2400,7306660,9253885.3000,3,1.387800,1,4.838700,1
2021-03-01,sz.002356,1.3300,1.3700,1.2900,1.3700,1.3000,9427297,12654019.8300,3,1.790600,1,5.384600,1
2021-03-02,sz.002356,1.3700,1.4400,1.3400,1.4400,1.3700,10114700,14377699.3000,3,1.921100,1,5.109500,1
2021-03-03,sz.002356,1.5000,1.5100,1.4300,1.5100,1.4400,9039697,13502802.7800,3,1.716900,1,4.861100,1
2021-03-04,sz.002356,1.5500,1.5900,1.5300,1.5900,1.5100,11276984,17825409.9600,3,2.141900,1,5.298000,1
2021-03-05,sz.002356,1.6500,1.6700,1.6400,1.6700,1.5900,4952110,8253770.8500,3,0.940600,1,5.031400,1
2021-03-08,sz.002356,1.7000,1.7500,1.6700,1.7500,1.6700,7485075,13011185.0000,3,1.421700,1,4.790400,1
2021-03-09,sz.002356,1.7900,1.8400,1.7500,1.8400,1.7500,6775521,12386715.1400,3,1.286900,1,5.142900,1
2021-03-10,sz.002356,1.9200,1.9300,1.9200,1.9300,1.8400,5494244,10593455.9200,3,1.043500,1,4.891300,1
2021-03-11,sz.002356,2.0300,2.0300,1.8300,1.8300,1.9300,9710100,18670067.1300,3,1.844300,1,-5.181300,1
2021-03-12,sz.002356,1.7400,1.7400,1.7400,1.7400,1.8300,815700,1419318.0000,3,0.154900,1,-4.918000,1
2021-03-15,sz.002356,1.6500,1.8300,1.6500,1.8200,1.7400,29822023,50467522.3600,3,5.664200,1,4.597700,1
2021-03-16,sz.002356,1.7300,1.7300,1.7300,1.7300,1.8200,2919000,5049870.0000,3,0.554400,1,-4.945100,1
2021-03-17,sz.002356,1.6500,1.6900,1.6400,1.6500,1.7300,22400514,36930784.7900,3,4.254600,1,-4.624300,1
2021-03-18,sz.002356,1.6100,1.7300,1.6000,1.7000,1.6500,16709241,27713909.4600,3,3.173600,1,3.030300,1
2021-03-19,sz.002356,1.6500,1.6600,1.6200,1.6200,1.7000,14613571,23732242.1300,3,2.775600,1,-4.705900,1
2021-03-22,sz.002356,1.6000,1.6000,1.5400,1.5400,1.6200,18388390,28408914.9000,3,3.492600,1,-4.938300,1
2021-03-23,sz.002356,1.5200,1.6200,1.5000,1.5700,1.5400,19710306,30840293.5800,3,3.743600,1,1.948100,1
2021-03-24,sz.002356,1.5300,1.6500,1.5200,1.6500,1.5700,13526786,21875540.3200,3,2.569200,1,5.095500,1
2021-03-25,sz.002356,1.7000,1.7300,1.6900,1.7300,1.6500,5915491,10158580.4300,3,1.123500,1,4.848500,1
2021-03-26,sz.002356,1.7600,1.7800,1.6400,1.6400,1.7300,19942941,33272269.2400,3,3.787800,1,-5.202300,1
2021-03-29,sz.002356,1.5900,1.6000,1.5600,1.5600,1.6400,10571800,16612059.0000,3,2.007900,1,-4.878000,1
2021-03-30,sz.002356,1.5200,1.6000,1.5100,1.5800,1.5600,7914903,12404806.7100,3,1.503300,1,1.282100,1
2021-03-31,sz.002356,1.5600,1.6500,1.5600,1.5800,1.5800,8078918,13034890.1900,3,1.534500,1,0.000000,1
2021-04-01,sz.002356,1.5200,1.5400,1.5000,1.5200,1.5800,8522473,12878785.0000,3,1.618700,1,-3.797500,1
2021-04-02,sz.002356,1.5000,1.5900,1.4700,1.5500,1.5200,9620140,14608773.8300,3,1.827200,1,1.973700,1
2021-04-06,sz.002356,1.5500,1.6300,1.5100,1.6200,1.5500,13298480,21410955.5800,3,2.525800,1,4.516100,1
2021-04-07,sz.002356,1.5900,1.6800,1.5500,1.6500,1.6200,10525205,16985988.6500,3,1.999100,1,1.851900,1
2021-04-08,sz.002356,1.7000,1.7000,1.6000,1.6100,1.6500,8371400,13716758.2700,3,1.590000,1,-2.424200,1
2021-04-09,sz.002356,1.5700,1.6400,1.5400,1.5900,1.6100,4808481,7641531.4700,3,0.913300,1,-1.242200,1
2021-04-12,sz.002356,1.5800,1.6500,1.5500,1.6000,1.5900,8088120,13042927.5000,3,1.536200,1,0.628900,1
2021-04-13,sz.002356,1.6000,1.6100,1.5500,1.5500,1.6000,8659410,13688541.8000,3,1.644700,1,-3.125000,1
2021-04-14,sz.002356,1.5700,1.5800,1.5200,1.5400,1.5500,5478325,8438760.5000,3,1.040500,1,-0.645200,1
2021-04-15,sz.002356,1.5100,1.5200,1.4600,1.5000,1.5400,5630000,8409429.0000,3,1.069300,1,-2.597400,1
2021-04-16,sz.002356,1.5000,1.5800,1.4900,1.5500,1.5000,13967386,21679733.2400,3,2.652900,1,3.333300,1
2021-04-19,sz.002356,1.5100,1.5600,1.4800,1.5500,1.5500,9500546,14448468.3400,3,1.804500,1,0.000000,1
2021-04-20,sz.002356,1.5400,1.5600,1.5200,1.5200,1.5500,3748000,5764609.2400,3,0.711900,1,-1.935500,1
2021-04-21,sz.002356,1.5100,1.5300,1.4600,1.5000,1.5200,4786594,7202610.6400,3,0.909100,1,-1.315800,1
2021-04-22,sz.002356,1.4800,1.5200,1.4800,1.5000,1.5000,3189100,4774109.0000,3,0.605700,1,0.000000,1
2021-04-23,sz.002356,1.5100,1.5800,1.4900,1.5400,1.5000,10253685,15870928.9000,3,1.947500,1,2.666700,1
2021-04-26,sz.002356,1.5300,1.5700,1.5100,1.5500,1.5400,7986811,12302142.8700,3,1.517000,1,0.649400,1
2021-04-27,sz.002356,1.5400,1.5500,1.5100,1.5400,1.5500,5550349,8469010.4200,3,1.054200,1,-0.645200,1
2021-04-28,sz.002356,1.5900,1.6200,1.5900,1.6200,1.5400,10980037,17761886.6800,3,2.085500,1,5.194800,1
2021-04-29,sz.002356,1.6100,1.7000,1.5500,1.7000,1.6200,18210867,30414669.9500,3,3.458800,1,4.938300,1
2021-04-30,sz.002356,1.7300,1.7900,1.7200,1.7900,1.7000,6515047,11597488.1100,3,1.237400,1,5.294100,1
2021-05-06,sz.002356,1.8800,1.8800,1.8300,1.8800,1.7900,14975890,28064712.2000,3,2.844400,1,5.027900,1
2021-05-07,sz.002356,1.9400,1.9700,1.9400,1.9700,1.8800,20580827,40484725.5200,3,3.909000,1,4.787200,1
2021-05-10,sz.002356,2.0000,2.0700,1.8700,1.8700,1.9700,17968801,34913242.8700,3,3.412900,1,-5.076100,1
2021-05-11,sz.002356,1.8100,1.9600,1.8100,1.9600,1.8700,23534487,45511616.0700,3,4.470000,1,4.812800,1
2021-05-12,sz.002356,1.9900,1.9900,1.8600,1.8600,1.9600,25785850,49124760.5700,3,4.897600,1,-5.102000,1
2021-05-13,sz.002356,1.8700,1.9500,1.8600,1.9500,1.8600,14913360,28825330.7000,3,2.832500,1,4.838700,1
2021-05-14,sz.002356,2.0500,2.0500,2.0500,2.0500,1.9500,5933690,12164064.5000,3,1.127000,1,5.128200,1
2021-05-17,sz.002356,2.1500,2.1500,1.9500,2.1500,2.0500,18619068,38161904.6000,3,3.536400,1,4.878000,1
2021-05-18,sz.002356,2.0800,2.2600,2.0800,2.2600,2.1500,5973758,13251814.3800,3,1.134600,1,5.116300,1
2021-05-19,sz.002356,2.3700,2.3700,2.2000,2.2300,2.2600,21780074,50445479.0800,3,4.136800,1,-1.327400,1
2021-05-20,sz.002356,2.2900,2.3300,2.1300,2.1400,2.2300,16961630,37521843.2000,3,3.221600,1,-4.035900,1
2021-05-21,sz.002356,2.0900,2.2100,2.0300,2.0300,2.1400,17664220,36654459.4000,3,3.355000,1,-5.140200,1
2021-05-24,sz.002356,2.0100,2.0500,1.9300,1.9900,2.0300,11967280,23601254.4000,3,2.273000,1,-1.970400,1
2021-05-25,sz.002356,2.0000,2.0600,1.9200,2.0200,1.9900,18162845,36115312.0000,3,3.449700,1,1.507500,1
2021-05-26,sz.002356,2.0100,2.0100,1.9200,1.9300,2.0200,11208870,21731489.8000,3,2.128900,1,-4.455400,1
2021-05-27,sz.002356,1.9300,2.0200,1.9200,1.9500,1.9300,9739980,19077896.4000,3,1.849900,1,1.036300,1
2021-05-28,sz.002356,1.9400,1.9600,1.8900,1.9300,1.9500,8988320,17202119.2000,3,1.707200,1,-1.025600,1
2021-05-31,sz.002356,1.9900,2.0000,1.9300,1.9700,1.9300,9102980,17834534.6000,3,1.729000,1,2.072500,1
2021-06-01,sz.002356,1.9600,2.0200,1.9600,1.9900,1.9700,8422285,16726687.4000,3,1.599700,1,1.015200,1
2021-06-02,sz.002356,1.9800,1.9900,1.9600,1.9700,1.9900,4730141,9334320.7700,3,0.898400,1,-1.005000,1
2021-06-03,sz.002356,1.9700,2.0700,1.9600,2.0700,1.9700,5356901,10990296.2000,3,1.017500,1,5.076100,1
2021-06-04,sz.002356,2.1300,2.1700,2.0800,2.1700,2.0700,5021390,10829032.9000,3,0.953700,1,4.830900,1
2021-06-07,sz.002356,2.2700,2.2800,2.1700,2.2800,2.1700,20937971,47122274.1500,3,3.976800,1,5.069100,1
2021-06-08,sz.002356,2.2800,2.3800,2.2300,2.3100,2.2800,13527601,31028769.4800,3,2.569300,1,1.315800,1
2021-06-09,sz.002356,2.3600,2.3800,2.2700,2.3200,2.3100,7749452,17964880.4200,3,1.471900,1,0.432900,1
2021-06-10,sz.002356,2.2900,2.3600,2.2600,2.2800,2.3200,8773990,20192185.9000,3,1.666500,1,-1.724100,1
2021-06-11,sz.002356,2.3100,2.3900,2.2300,2.3900,2.2800,10962331,25580064.9800,3,2.082100,1,4.824600,1
2021-06-15,sz.002356,2.4700,2.4900,2.2800,2.4300,2.3900,13317072,32030223.6400,3,2.529400,1,1.673600,1
2021-06-16,sz.002356,2.4200,2.5500,2.3800,2.5500,2.4300,8762911,21759962.9800,3,1.664400,1,4.938300,1
2021-06-17,sz.002356,2.6300,2.6800,2.6100,2.6800,2.5500,11654783,31159448.2400,3,2.213600,1,5.098000,1
2021-06-18,sz.002356,2.7800,2.8100,2.5600,2.8000,2.6800,14794073,40100526.2800,3,2.809900,1,4.477600,1
2021-06-21,sz.002356,2.8000,2.9400,2.7300,2.9400,2.8000,11975610,34599340.8000,3,2.274600,1,5.000000,1
2021-06-22,sz.002356,2.9400,3.0900,2.9400,3.0900,2.9400,7350196,22333008.8100,3,1.396000,1,5.102000,1
2021-06-23,sz.002356,3.2300,3.2400,3.2300,3.2400,3.0900,2216280,7172496.2000,3,0.420900,1,4.854400,1
2021-06-24,sz.002356,3.4000,3.4000,3.4000,3.4000,3.2400,775300,2636020.0000,3,0.147300,1,4.938300,1
2021-06-25,sz.002356,3.5700,3.5700,3.2300,3.2300,3.4000,37028313,125156658.7600,3,7.032900,1,-5.000000,1
2021-06-28,sz.002356,3.0700,3.1800,3.0700,3.0700,3.2300,16963428,52365357.0600,3,3.221900,1,-4.953600,1
2021-06-29,sz.002356,2.9400,3.2200,2.9200,3.2200,3.0700,17859835,55137938.1500,3,3.392200,1,4.886000,1
2021-06-30,sz.002356,3.1900,3.3800,3.1200,3.3800,3.2200,14809040,49478648.2000,3,2.812700,1,4.968900,1
2021-07-01,sz.002356,3.4200,3.5500,3.3800,3.5500,3.3800,16075272,56764258.5000,3,3.053200,1,5.029600,1
2021-07-02,sz.002356,3.6500,3.7300,3.3700,3.5100,3.5500,23556955,83836750.3700,3,4.474200,1,-1.126800,1
2021-07-05,sz.002356,3.4500,3.6500,3.3500,3.4900,3.5100,16019407,55957313.5900,3,3.042600,1,-0.569800,1
2021-07-06,sz.002356,3.3900,3.5700,3.3700,3.4000,3.4900,10982644,37811472.7800,3,2.086000,1,-2.578800,1
2021-07-07,sz.002356,3.3800,3.4500,3.2700,3.3000,3.4000,9303940,31163189.6000,3,1.767100,1,-2.941200,1
2021-07-08,sz.002356,3.2400,3.4700,3.2400,3.4700,3.3000,6883270,23407413.9000,3,1.307400,1,5.151500,1
2021-07-09,sz.002356,3.6000,3.6400,3.5300,3.6400,3.4700,16430077,59637412.0400,3,3.120600,1,4.899100,1
2021-07-12,sz.002356,3.8200,3.8200,3.8200,3.8200,3.6400,1712850,6543087.0000,3,0.325300,1,4.945100,1
2021-07-13,sz.002356,4.0100,4.0100,4.0100,4.0100,3.8200,1108570,4445365.7000,3,0.210600,1,4.973800,1
2021-07-14,sz.002356,4.2100,4.2100,3.8500,4.2100,4.0100,18555795,76556587.2500,3,3.524400,1,4.987500,1
2021-07-15,sz.002356,4.0100,4.4200,4.0100,4.4200,4.2100,15213046,66278834.3100,3,2.889500,1,4.988100,1
2021-07-16,sz.002356,4.4600,4.6400,4.2400,4.3100,4.4200,19326510,86199747.8000,3,3.670700,1,-2.488700,1
2021-07-19,sz.002356,4.5300,4.5300,4.5300,4.5300,4.3100,1515420,6864852.6000,3,0.287800,1,5.104400,1
2021-07-20,sz.002356,4.7600,4.7600,4.7600,4.7600,4.5300,423370,2015241.2000,3,0.080400,1,5.077300,1
2021-07-21,sz.002356,5.0000,5.0000,4.9500,5.0000,4.7600,10895960,54470202.0000,3,2.069500,1,5.042000,1
2021-07-22,sz.002356,5.2500,5.2500,5.2500,5.2500,5.0000,3195458,16776154.5000,3,0.606900,1,5.000000,1
2021-07-23,sz.002356,5.5100,5.5100,5.5100,5.5100,5.2500,2188892,12060794.9200,3,0.415700,1,4.952400,1
2021-07-26,sz.002356,5.7900,5.7900,5.2300,5.7900,5.5100,39148782,219760532.1200,3,7.435700,1,5.081700,1
2021-07-27,sz.002356,5.6100,6.0800,5.6100,6.0800,5.7900,11536441,68379291.4800,3,2.191200,1,5.008600,1
2021-07-28,sz.002356,6.3800,6.3800,6.0600,6.3800,6.0800,26416700,167765394.1200,3,5.017400,1,4.934200,1
2021-07-29,sz.002356,6.3800,6.3800,6.3800,6.3800,6.3800,0,0.0000,3,,0,0.000000,1
2021-07-30,sz.002356,6.3800,6.3800,6.3800,6.3800,6.3800,0,0.0000,3,,0,0.000000,1
2021-08-02,sz.002356,6.3800,6.3800,6.3800,6.3800,6.3800,0,0.0000,3,,0,0.000000,1
2021-08-03,sz.002356,6.3800,6.3800,6.3800,6.3800,6.3800,0,0.0000,3,,0,0.000000,1
2021-08-04,sz.002356,6.3800,6.3800,6.3800,6.3800,6.3800,0,0.0000,3,,0,0.000000,1
2021-08-05,sz.002356,6.0600,6.0600,6.0600,6.0600,6.3800,8245000,49964700.0000,3,1.566000,1,-5.015700,1
2021-08-06,sz.002356,5.7600,5.7600,5.7600,5.7600,6.0600,6659000,38355840.0000,3,1.264800,1,-4.950500,1
2021-08-09,sz.002356,5.5300,6.0500,5.5300,6.0500,5.7600,17205187,98592879.1700,3,3.267800,1,5.034700,1
2021-08-10,sz.002356,6.3500,6.3500,6.2200,6.3500,6.0500,7917810,50271922.5000,3,1.503900,1,4.958700,1
2021-08-11,sz.002356,6.5000,6.6700,6.3000,6.6300,6.3500,29631443,194876966.7600,3,5.628000,1,4.409400,1
2021-08-12,sz.002356,6.3900,6.6700,6.3000,6.3000,6.6300,17670340,112709317.0600,3,3.356200,1,-4.977400,1
2021-08-13,sz.002356,6.1000,6.5600,6.0000,6.4100,6.3000,16568495,102707005.9200,3,3.146900,1,1.746000,1
2021-08-16,sz.002356,6.4000,6.5500,6.2000,6.3000,6.4100,10185600,64416107.9700,3,1.934600,1,-1.716100,1
2021-08-17,sz.002356,6.2100,6.2700,5.9900,5.9900,6.3000,11869930,71518028.2000,3,2.254500,1,-4.920600,1
2021-08-18,sz.002356,5.8100,5.9100,5.6900,5.7000,5.9900,11137235,63936312.7000,3,2.115300,1,-4.841400,1
2021-08-19,sz.002356,5.6800,5.9900,5.4200,5.9900,5.7000,21211520,118297953.2000,3,4.028800,1,5.087700,1
2021-08-20,sz.002356,6.2700,6.2900,6.0000,6.1600,5.9900,20936545,129872169.7000,3,3.976500,1,2.838100,1
2021-08-23,sz.002356,6.1600,6.3400,5.8800,5.9700,6.1600,14784048,89700072.5000,3,2.808000,1,-3.084400,1
2021-08-24,sz.002356,5.8100,6.2000,5.6700,5.8300,5.9700,16097190,92825212.1800,3,3.057400,1,-2.345100,1
2021-08-25,sz.002356,5.7500,5.9900,5.6800,5.7800,5.8300,8778110,51232253.0000,3,1.667300,1,-0.857600,1
2021-08-26,sz.002356,5.7300,5.9400,5.6100,5.7200,5.7800,8532280,49311378.3200,3,1.620600,1,-1.038100,1
2021-08-27,sz.002356,5.7400,5.9200,5.6200,5.7300,5.7200,7414079,42896470.8300,3,1.408200,1,0.174800,1
2021-08-30,sz.002356,5.7400,5.8500,5.4400,5.4400,5.7300,9278689,51077231.9100,3,1.762300,1,-5.061100,1
2021-08-31,sz.002356,5.1800,5.3900,5.1700,5.1700,5.4400,9663128,50151156.7600,3,1.834200,1,-4.963200,1
2021-09-01,sz.002356,5.0700,5.4300,4.9100,5.4300,5.1700,13815938,70855991.7400,3,2.622500,1,5.029000,1
2021-09-02,sz.002356,5.4400,5.7000,5.3600,5.7000,5.4300,12047036,67527663.2400,3,2.286700,1,4.972400,1
2021-09-03,sz.002356,5.8000,5.9900,5.7500,5.9900,5.7000,11412525,67784303.6000,3,2.166300,1,5.087700,1
2021-09-06,sz.002356,5.9900,6.2900,5.7100,6.0200,5.9900,12186828,73979617.8800,3,2.313200,1,0.500800,1
2021-09-07,sz.002356,6.0200,6.1200,5.8200,6.0000,6.0200,6196670,36995195.8000,3,1.176200,1,-0.332200,1
2021-09-08,sz.002356,5.9400,6.2800,5.9100,6.2100,6.0000,7242285,44382683.4000,3,1.374700,1,3.500000,1
2021-09-09,sz.002356,5.9500,6.4500,5.9500,6.2800,6.2100,6290500,39367586.2000,3,1.194000,1,1.127200,1
2021-09-10,sz.002356,6.5800,6.5900,6.4100,6.5900,6.2800,10190440,66533693.3000,3,1.934300,1,4.936300,1
2021-09-13,sz.002356,6.7800,6.9200,6.7200,6.9200,6.5900,7126480,49184100.7000,3,1.352700,1,5.007600,1
2021-09-14,sz.002356,7.1400,7.2700,6.5700,6.5700,6.9200,16708342,114393209.7000,3,3.171500,1,-5.057800,1
2021-09-15,sz.002356,6.4700,6.5000,6.2400,6.3800,6.5700,13198628,83381929.7000,3,2.505300,1,-2.891900,1
2021-09-16,sz.002356,6.3300,6.4400,6.0800,6.1600,6.3800,6292877,39335036.8200,3,1.194500,1,-3.448300,1
2021-09-17,sz.002356,6.1600,6.2600,5.8500,5.8500,6.1600,7674000,46058847.0000,3,1.456600,1,-5.032500,1
2021-09-22,sz.002356,5.7100,6.1400,5.7100,6.1400,5.8500,8672007,52515502.6700,3,1.646100,1,4.957300,1
2021-09-23,sz.002356,6.1400,6.3300,6.0100,6.0700,6.1400,7610050,46732152.3000,3,1.444500,1,-1.140100,1
2021-09-24,sz.002356,6.0600,6.3200,6.0100,6.1700,6.0700,4496270,27691376.1000,3,0.853500,1,1.647400,1
2021-09-27,sz.002356,6.1600,6.1600,5.8600,5.8600,6.1700,5836800,34507404.7000,3,1.107900,1,-5.024300,1
2021-09-28,sz.002356,5.6800,6.0400,5.5900,5.7400,5.8600,4264690,24555471.7000,3,0.809500,1,-2.047800,1
2021-09-29,sz.002356,5.6400,5.7600,5.4500,5.5700,5.7400,5860380,32820960.3000,3,1.112400,1,-2.961700,1
2021-09-30,sz.002356,5.6100,5.7900,5.3000,5.6300,5.5700,4699500,26091489.0000,3,0.892000,1,1.077200,1
2021-10-08,sz.002356,5.7000,5.9100,5.6400,5.9100,5.6300,6309217,36880991.6000,3,1.197600,1,4.973400,1
2021-10-11,sz.002356,5.9100,6.2100,5.9100,6.2100,5.9100,7313280,44541834.6000,3,1.388200,1,5.076100,1
2021-10-12,sz.002356,6.2800,6.4400,6.1000,6.1900,6.2100,6524257,41058524.5200,3,1.238400,1,-0.322100,1
2021-10-13,sz.002356,6.1200,6.1900,5.8800,5.8800,6.1900,7715120,45948314.0000,3,1.464400,1,-5.008100,1
2021-10-14,sz.002356,5.8800,5.9500,5.6300,5.9500,5.8800,5977185,34583190.2000,3,1.134600,1,1.190500,1
2021-10-15,sz.002356,5.9500,5.9600,5.6500,5.6500,5.9500,5445900,30866005.0000,3,1.033700,1,-5.042000,1
2021-10-18,sz.002356,5.3700,5.4800,5.3700,5.3700,5.6500,10893100,58530818.0000,3,2.067700,1,-4.955800,1
2021-10-19,sz.002356,5.1000,5.1900,5.1000,5.1000,5.3700,6501000,33187164.0000,3,1.234000,1,-5.027900,1
2021-10-20,sz.002356,5.1000,5.3400,4.8500,4.8500,5.1000,26813990,134185235.3500,3,5.089700,1,-4.902000,1
2021-10-21,sz.002356,4.6600,4.7400,4.6100,4.6100,4.8500,13926670,64362203.2000,3,2.643500,1,-4.948500,1
2021-10-22,sz.002356,4.3800,4.5700,4.3800,4.3800,4.6100,24454225,107834964.5000,3,4.641800,1,-4.989200,1
2021-10-25,sz.002356,4.3100,4.4200,4.1600,4.1600,4.3800,20455902,86150733.9400,3,3.882800,1,-5.022800,1
2021-10-26,sz.002356,4.0100,4.1400,3.9500,3.9600,4.1600,31530852,125481412.3200,3,5.985000,1,-4.807700,1
2021-10-27,sz.002356,4.0000,4.1600,3.9800,4.1600,3.9600,11877740,48423403.4000,3,2.254600,1,5.050500,1
2021-10-28,sz.002356,4.3700,4.3700,4.3700,4.3700,4.1600,1451150,6341525.5000,3,0.275500,1,5.048100,1
2021-10-29,sz.002356,4.5900,4.5900,4.1500,4.1500,4.3700,42873856,183074904.5500,3,8.138100,1,-5.034300,1
2021-11-01,sz.002356,4.0100,4.0900,3.9400,3.9400,4.1500,10950500,43326940.0000,3,2.078600,1,-5.060200,1
2021-11-02,sz.002356,3.7400,3.9800,3.7400,3.7700,3.9400,28298821,107282931.3700,3,5.371600,1,-4.314700,1
2021-11-03,sz.002356,3.7600,3.9600,3.6100,3.9600,3.7700,23224684,88450682.6400,3,4.408400,1,5.039800,1
2021-11-04,sz.002356,3.9000,4.1500,3.8200,3.9600,3.9600,22738004,90501864.1400,3,4.316000,1,0.000000,1
2021-11-05,sz.002356,3.9100,4.0300,3.8300,3.8400,3.9600,13236690,51674883.5000,3,2.512500,1,-3.030300,1
2021-11-08,sz.002356,3.9000,4.0300,3.8400,4.0300,3.8400,24401957,98047944.5900,3,4.631900,1,4.947900,1
2021-11-09,sz.002356,3.9400,4.2300,3.9100,4.2300,4.0300,25014180,102629931.7500,3,4.748100,1,4.962800,1
2021-11-10,sz.002356,4.2100,4.4400,4.2000,4.4400,4.2300,17407410,75848084.6000,3,3.304200,1,4.964500,1
2021-11-11,sz.002356,4.5200,4.6300,4.2200,4.2900,4.4400,31442935,137651511.5000,3,5.968400,1,-3.378400,1
2021-11-12,sz.002356,4.2800,4.4800,4.2300,4.3300,4.2900,19298220,83843837.3000,3,3.663100,1,0.932400,1
2021-11-15,sz.002356,4.3300,4.3300,4.1100,4.1100,4.3300,16496000,68428608.0000,3,3.131200,1,-5.080800,1
2021-11-16,sz.002356,3.9400,4.1000,3.9000,3.9000,4.1100,22201145,87186420.8000,3,4.214100,1,-5.109500,1
2021-11-17,sz.002356,3.9200,4.0500,3.8400,3.9600,3.9000,15050700,59489869.2000,3,2.856900,1,1.538500,1
2021-11-18,sz.002356,3.8900,4.0100,3.8700,3.9100,3.9600,12654372,49786334.1000,3,2.402000,1,-1.262600,1
2021-11-19,sz.002356,3.9300,3.9400,3.8200,3.8400,3.9100,11626670,45002337.1000,3,2.206900,1,-1.790300,1
2021-11-22,sz.002356,3.7500,4.0300,3.7400,4.0300,3.8400,13539445,52780989.9500,3,2.570000,1,4.947900,1
2021-11-23,sz.002356,4.1500,4.1900,3.9600,3.9800,4.0300,18548970,75626657.1000,3,3.520900,1,-1.240700,1
2021-11-24,sz.002356,3.8900,3.9900,3.8900,3.9300,3.9800,10706420,42038722.2000,3,2.032200,1,-1.256300,1
2021-11-25,sz.002356,3.9200,4.1100,3.8900,4.0200,3.9300,14761615,59010219.0500,3,2.802000,1,2.290100,1
2021-11-26,sz.002356,3.9800,4.1500,3.9800,4.1100,4.0200,12203890,49658861.7000,3,2.316500,1,2.238800,1
2021-11-29,sz.002356,4.0200,4.3200,4.0200,4.3200,4.1100,15869445,67218674.1000,3,3.012300,1,5.109500,1
2021-11-30,sz.002356,4.5400,4.5400,4.5400,4.5400,4.3200,4851390,22025310.6000,3,0.920900,1,5.092600,1
2021-12-01,sz.002356,4.7700,4.7700,4.6100,4.7700,4.5400,27887885,132724327.8500,3,5.293600,1,5.066100,1
2021-12-02,sz.002356,5.0100,5.0100,4.9200,5.0100,4.7700,9633435,48217004.0500,3,1.828600,1,5.031400,1
2021-12-03,sz.002356,5.2600,5.2600,5.2600,5.2600,5.0100,883870,4649156.2000,3,0.167800,1,4.990000,1
2021-12-06,sz.002356,5.3900,5.5200,5.2800,5.5200,5.2600,19597970,106466859.4000,3,3.720000,1,4.943000,1
2021-12-07,sz.002356,5.8000,5.8000,5.7500,5.8000,5.5200,6256380,36276862.0000,3,1.187600,1,5.072500,1
2021-12-08,sz.002356,6.0900,6.0900,5.5100,5.5100,5.8000,36868360,209806334.5000,3,6.998200,1,-5.000000,1
2021-12-09,sz.002356,5.2800,5.3800,5.2300,5.2300,5.5100,13002020,68263653.6000,3,2.468000,1,-5.081700,1
2021-12-10,sz.002356,5.0600,5.3800,4.9800,5.0400,5.2300,30920612,158221475.9000,3,5.869200,1,-3.632900,1
2021-12-13,sz.002356,5.0400,5.1500,4.7900,4.8000,5.0400,26830380,130959691.2000,3,5.092800,1,-4.761900,1
2021-12-14,sz.002356,4.8800,5.0400,4.7500,5.0400,4.8000,8618670,42575924.6000,3,1.636000,1,5.000000,1
2021-12-15,sz.002356,5.2100,5.2100,4.7900,4.7900,5.0400,27992285,137739636.8500,3,5.313400,1,-4.960300,1
2021-12-16,sz.002356,4.6700,4.9700,4.5500,4.9100,4.7900,22565807,106669214.6900,3,4.283300,1,2.505200,1
2021-12-17,sz.002356,4.8900,5.1600,4.8200,5.1600,4.9100,24379947,124397862.9900,3,4.627700,1,5.091600,1
2021-12-20,sz.002356,5.2200,5.4200,5.0800,5.3200,5.1600,23972577,126401273.0500,3,4.550400,1,3.100800,1
2021-12-21,sz.002356,5.2500,5.5000,5.1400,5.2800,5.3200,16616200,87974117.1000,3,3.154000,1,-0.751900,1
2021-12-22,sz.002356,5.2000,5.3300,5.0200,5.0200,5.2800,16111347,82017440.7500,3,3.058200,1,-4.924200,1
2021-12-23,sz.002356,5.0200,5.1300,4.8000,4.9800,5.0200,12119402,60366089.2700,3,2.300500,1,-0.796800,1
2021-12-24,sz.002356,4.9200,5.0000,4.7300,4.8100,4.9800,13082418,62965915.1000,3,2.483200,1,-3.413700,1
2021-12-27,sz.002356,4.8100,5.0500,4.8000,5.0500,4.8100,14000040,70505786.8000,3,2.657400,1,4.989600,1
2021-12-28,sz.002356,5.0000,5.1100,4.8800,4.9800,5.0500,12728906,63565774.5600,3,2.416100,1,-1.386100,1
2021-12-29,sz.002356,4.9900,5.2000,4.8300,4.9200,4.9800,12141320,60387850.7000,3,2.304600,1,-1.204800,1
2021-12-30,sz.002356,5.1700,5.1700,4.9200,5.1700,4.9200,14034120,72489697.6000,3,2.663900,1,5.081300,1
2021-12-31,sz.002356,5.1700,5.1700,5.1700,5.1700,5.1700,,,3,,0,,1
2022-01-04,sz.002356,5.3800,5.4300,5.1700,5.2300,5.1700,26402499,140841148.9600,3,2.013500,1,1.160500,1
2022-01-05,sz.002356,5.1200,5.1200,4.9700,4.9700,5.2300,8704300,43429328.0000,3,0.663800,1,-4.971300,1
2022-01-06,sz.002356,4.7200,4.7200,4.7200,4.7200,4.9700,2607000,12305040.0000,3,0.198800,1,-5.030200,1
2022-01-07,sz.002356,4.4800,4.9200,4.4800,4.8300,4.7200,16594675,77940650.4200,3,1.265600,1,2.330500,1
2022-01-10,sz.002356,4.7000,4.8200,4.5900,4.5900,4.8300,13119220,60786021.8000,3,1.000500,1,-4.968900,1
2022-01-11,sz.002356,4.6000,4.6700,4.3600,4.3600,4.5900,12713136,56137907.0600,3,0.969500,1,-5.010900,1
2022-01-12,sz.002356,4.3100,4.5000,4.1600,4.3200,4.3600,11967610,51423714.8000,3,0.912700,1,-0.917400,1
2022-01-13,sz.002356,4.3200,4.3200,4.2000,4.2400,4.3200,7379480,31308391.2500,3,0.562800,1,-1.851900,1
2022-01-14,sz.002356,4.2300,4.4000,4.1800,4.2100,4.2400,7951240,33891502.2000,3,0.606400,1,-0.707500,1
2022-01-17,sz.002356,4.1700,4.1900,4.0000,4.0000,4.2100,11122050,44927084.5500,3,0.848200,1,-4.988100,1
2022-01-18,sz.002356,4.0500,4.2000,3.9000,4.2000,4.0000,12698240,51694061.8000,3,0.968400,1,5.000000,1
2022-01-19,sz.002356,4.1800,4.3000,4.0900,4.1100,4.2000,9490091,39560376.6000,3,0.723700,1,-2.142900,1
2022-01-20,sz.002356,4.1200,4.1300,3.9300,3.9600,4.1100,7271907,29131974.7200,3,0.554600,1,-3.649600,1
2022-01-21,sz.002356,3.9100,4.1200,3.9000,4.0600,3.9600,6418260,25568695.9000,3,0.489500,1,2.525300,1
2022-01-24,sz.002356,3.8600,4.1700,3.8600,4.1000,4.0600,10648762,42306300.6200,3,0.812100,1,0.985200,1
2022-01-25,sz.002356,4.0400,4.1500,3.9200,3.9500,4.1000,5930330,23879051.0000,3,0.452300,1,-3.658500,1
2022-01-26,sz.002356,3.9500,4.0600,3.9100,4.0000,3.9500,3390200,13567877.0000,3,0.258500,1,1.265800,1
2022-01-27,sz.002356,4.1100,4.1100,3.8100,3.8500,4.0000,5750100,22649121.0000,3,0.438500,1,-3.750000,1
2022-01-28,sz.002356,3.7400,3.9200,3.7400,3.7700,3.8500,7783400,29666602.0000,3,0.593600,1,-2.077900,1
2022-02-07,sz.002356,3.9400,3.9600,3.8100,3.9600,3.7700,6169990,24260930.0000,3,0.470500,1,5.039800,1
2022-02-08,sz.002356,3.9600,4.1600,3.9300,4.1600,3.9600,8832225,36160382.1500,3,0.673600,1,5.050500,1
2022-02-09,sz.002356,4.3200,4.3700,4.1800,4.3700,4.1600,5970872,26007383.9400,3,0.455400,1,5.048100,1
2022-02-10,sz.002356,4.5500,4.5900,4.2700,4.4000,4.3700,15809462,70800332.1200,3,1.205700,1,0.686500,1
2022-02-11,sz.002356,4.3500,4.5200,4.2700,4.3600,4.4000,8880421,38684641.2800,3,0.677200,1,-0.909100,1
2022-02-14,sz.002356,4.3000,4.3500,4.1800,4.2100,4.3600,6025740,25502024.4300,3,0.459500,1,-3.440400,1
2022-02-15,sz.002356,4.1800,4.4200,4.1300,4.4200,4.2100,12439130,54477333.4000,3,0.948600,1,4.988100,1
2022-02-16,sz.002356,4.4000,4.4000,4.2500,4.2700,4.4200,8376193,36073556.7500,3,0.638800,1,-3.393700,1
2022-02-17,sz.002356,4.3400,4.4000,4.2500,4.3000,4.2700,4918500,21194354.1800,3,0.375100,1,0.702600,1
2022-02-18,sz.002356,4.2500,4.3400,4.2500,4.2800,4.3000,2622802,11240456.3000,3,0.200000,1,-0.465100,1
2022-02-21,sz.002356,4.3000,4.3000,4.1700,4.1900,4.2800,4738074,19897938.3800,3,0.361300,1,-2.102800,1
2022-02-22,sz.002356,4.1800,4.1800,3.9900,4.0200,4.1900,6559673,26507323.1900,3,0.500300,1,-4.057300,1
2022-02-23,sz.002356,4.0200,4.2200,3.9500,4.2200,4.0200,6564183,27264792.3000,3,0.500600,1,4.975100,1
2022-02-24,sz.002356,4.2500,4.2900,4.0100,4.0800,4.2200,8412202,34753573.0800,3,0.641500,1,-3.317500,1
2022-02-25,sz.002356,4.0500,4.2600,4.0500,4.1400,4.0800,6726154,28009912.1400,3,0.513000,1,1.470600,1
2022-02-28,sz.002356,4.1400,4.1400,3.9900,4.0700,4.1400,7501484,30318663.0000,3,0.572100,1,-1.690800,1
2022-03-01,sz.002356,4.0400,4.1400,4.0200,4.0800,4.0700,4306010,17557391.0000,3,0.328400,1,0.245700,1
2022-03-02,sz.002356,4.1000,4.1000,4.0300,4.0600,4.0800,6059403,24585207.0000,3,0.462100,1,-0.490200,1
2022-03-03,sz.002356,4.0500,4.1100,4.0500,4.0500,4.0600,4217150,17155021.0000,3,0.321600,1,-0.246300,1
2022-03-04,sz.002356,4.0500,4.0600,3.9500,3.9900,4.0500,6015925,24051974.0000,3,0.458800,1,-1.481500,1
2022-03-07,sz.002356,3.9900,4.0800,3.9100,3.9500,3.9900,4855918,19352988.0000,3,0.370300,1,-1.002500,1
2022-03-08,sz.002356,3.9200,3.9600,3.8800,3.8900,3.9500,4546851,17799837.0000,3,0.346800,1,-1.519000,1
2022-03-09,sz.002356,3.8800,4.0800,3.8400,3.9800,3.8900,8055310,32065022.0000,3,0.614300,1,2.313600,1
2022-03-10,sz.002356,3.9700,4.0700,3.9100,4.0300,3.9800,8267270,32870969.0000,3,0.630500,1,1.256300,1
2022-03-11,sz.002356,4.0700,4.1200,3.9800,4.0600,4.0300,5265507,21255987.0000,3,0.401600,1,0.744400,1
2022-03-14,sz.002356,4.0300,4.0700,3.9800,4.0100,4.0600,4604625,18524719.0000,3,0.351200,1,-1.231500,1
2022-03-15,sz.002356,3.9900,4.0300,3.9500,3.9500,4.0100,4137276,16465858.0000,3,0.315500,1,-1.496300,1
2022-03-16,sz.002356,3.9500,4.0200,3.9200,4.0000,3.9500,3697413,14683793.0000,3,0.282000,1,1.265800,1
2022-03-17,sz.002356,4.0000,4.0400,3.9700,3.9900,4.0000,4155387,16625172.0000,3,0.316900,1,-0.250000,1
2022-03-18,sz.002356,3.9900,4.0100,3.9600,4.0000,3.9900,3157320,12595862.2000,3,0.240800,1,0.250600,1
2022-03-21,sz.002356,3.9700,4.0100,3.9600,3.9800,4.0000,3153951,12565377.9200,3,0.240500,1,-0.500000,1
2022-03-22,sz.002356,3.9700,3.9900,3.9300,3.9400,3.9800,3695690,14615970.5600,3,0.281800,1,-1.005000,1
2022-03-23,sz.002356,3.9400,4.0400,3.9000,3.9600,3.9400,5224710,20743215.4000,3,0.398500,1,0.507600,1
2022-03-24,sz.002356,3.9400,4.1600,3.9300,4.1600,3.9600,16216176,67084455.1600,3,1.236700,1,5.050500,1
2022-03-25,sz.002356,4.0800,4.1600,4.0100,4.0200,4.1600,10454102,42753248.6800,3,0.797300,1,-3.365400,1
2022-03-28,sz.002356,4.0600,4.2200,4.0200,4.1700,4.0200,10478602,43656825.0800,3,0.799100,1,3.731300,1
2022-03-29,sz.002356,4.1500,4.3700,4.1200,4.2600,4.1700,9754040,41511270.9800,3,0.743900,1,2.158300,1
2022-03-30,sz.002356,4.2900,4.4700,4.2200,4.4400,4.2600,12590841,55744611.5500,3,0.960200,1,4.225400,1
2022-03-31,sz.002356,4.4200,4.4500,4.2500,4.2700,4.4400,12229038,53176494.6600,3,0.932600,1,-3.828800,1
2022-04-01,sz.002356,4.3400,4.4800,4.3000,4.4800,4.2700,13757237,61312941.7400,3,1.049200,1,4.918000,1
2022-04-06,sz.002356,4.3900,4.7000,4.3800,4.6800,4.4800,11965391,55094170.5200,3,0.912500,1,4.464300,1
2022-04-07,sz.002356,4.7800,4.9100,4.6100,4.9100,4.6800,13403411,65486289.1700,3,1.022200,1,4.914500,1
2022-04-08,sz.002356,4.9700,5.1400,4.6600,4.6600,4.9100,22904900,111593458.8000,3,1.746800,1,-5.091600,1
2022-04-11,sz.002356,4.5600,4.8800,4.5200,4.6900,4.6600,15134484,71239016.4500,3,1.154200,1,0.643800,1
2022-04-12,sz.002356,4.7000,4.8800,4.6900,4.7100,4.6900,10282802,49126263.6000,3,0.784200,1,0.426400,1
2022-04-13,sz.002356,4.7400,4.7500,4.4700,4.5000,4.7100,11707409,53486440.8000,3,0.892800,1,-4.458600,1
2022-04-14,sz.002356,4.4900,4.5900,4.3700,4.4300,4.5000,7856172,35010475.2700,3,0.599100,1,-1.555600,1
2022-04-15,sz.002356,4.3500,4.6200,4.3500,4.6100,4.4300,6528352,29437031.3600,3,0.497900,1,4.063200,1
2022-04-18,sz.002356,4.6000,4.8400,4.5900,4.8300,4.6100,10062660,47951761.9000,3,0.767400,1,4.772200,1
2022-04-19,sz.002356,4.8300,5.0500,4.8300,4.9800,4.8300,11592901,57745127.8800,3,0.884100,1,3.105600,1
2022-04-20,sz.002356,4.9800,5.1800,4.9100,5.1100,4.9800,14118105,71841952.9600,3,1.076700,1,2.610400,1
2022-04-21,sz.002356,5.0900,5.1900,5.0000,5.0100,5.1100,11223125,56745050.8700,3,0.855900,1,-1.956900,1
2022-04-22,sz.002356,5.0200,5.1100,4.7800,5.0300,5.0100,11864000,58781166.5000,3,0.904800,1,0.399200,1
2022-04-25,sz.002356,5.0300,5.0900,4.8400,4.8700,5.0300,8501232,42041602.4700,3,0.648300,1,-3.180900,1
2022-04-26,sz.002356,4.8000,4.9600,4.6300,4.7700,4.8700,9603395,45568260.8500,3,0.732400,1,-2.053400,1
2022-04-27,sz.002356,4.7200,4.8200,4.6300,4.8100,4.7700,5734730,27196339.2000,3,0.437300,1,0.838600,1
2022-04-28,sz.002356,4.8500,5.0500,4.8400,5.0500,4.8100,9522921,47035271.2100,3,0.726200,1,4.989600,1
2022-04-29,sz.002356,5.3000,5.3000,5.1800,5.3000,5.0500,13188941,69397629.3600,3,1.005800,1,4.950500,1
2022-05-05,sz.002356,5.4900,5.5000,5.1200,5.2000,5.3000,13307964,70330400.3700,3,1.014900,1,-1.886800,1
2022-05-06,sz.002356,4.9800,5.0700,4.9400,4.9400,5.2000,8600370,42846063.3000,3,0.655900,1,-5.000000,1
2022-05-09,sz.002356,4.7400,5.0900,4.7400,5.0500,4.9400,7879906,38792594.1200,3,0.600900,1,2.226700,1
2022-05-10,sz.002356,5.1000,5.1500,4.9600,5.0200,5.0500,4483637,22626329.1600,3,0.341900,1,-0.594100,1
2022-05-11,sz.002356,4.9800,5.0600,4.8100,4.8200,5.0200,8130480,40174419.6000,3,0.620100,1,-3.984100,1
2022-05-12,sz.002356,4.8000,5.0600,4.8000,5.0600,4.8200,8182392,40782766.0000,3,0.624000,1,4.979300,1
2022-05-13,sz.002356,5.1400,5.2100,5.0000,5.0200,5.0600,7572800,38523070.4000,3,0.577500,1,-0.790500,1
2022-05-16,sz.002356,5.0000,5.2400,4.9800,5.1700,5.0200,6390562,33016926.1200,3,0.487400,1,2.988000,1
2022-05-17,sz.002356,5.1600,5.3400,5.1600,5.2900,5.1700,6229800,32866918.0000,3,0.475100,1,2.321100,1
2022-05-18,sz.002356,5.2600,5.3500,5.1600,5.2100,5.2900,6622840,34817434.4000,3,0.505100,1,-1.512300,1
2022-05-19,sz.002356,4.9500,5.0800,4.9500,4.9500,5.2100,17731500,88315644.6000,3,1.352300,1,-4.990400,1
2022-05-20,sz.002356,4.9600,5.1700,4.9500,5.0800,4.9500,9024814,45666788.8000,3,0.688300,1,2.626300,1
2022-05-23,sz.002356,5.1100,5.2400,5.0600,5.1700,5.0800,7025030,36249997.4000,3,0.535700,1,1.771700,1
2022-05-24,sz.002356,5.1400,5.2200,4.9500,4.9600,5.1700,9040000,45586500.0000,3,0.689400,1,-4.061900,1
2022-05-25,sz.002356,4.9800,5.1800,4.9800,5.1400,4.9600,6871899,35132742.8700,3,0.524100,1,3.629000,1
2022-05-26,sz.002356,5.1600,5.2100,5.0600,5.0900,5.1400,6579320,33639177.0000,3,0.501800,1,-0.972800,1
2022-05-27,sz.002356,5.0900,5.1600,5.0600,5.1200,5.0900,6282990,32020078.1000,3,0.479200,1,0.589400,1
2022-05-30,sz.002356,5.1400,5.2900,5.1400,5.2800,5.1200,6440772,33590788.4000,3,0.491200,1,3.125000,1
2022-05-31,sz.002356,5.3000,5.3500,5.1500,5.3100,5.2800,7090215,37497597.6500,3,0.540700,1,0.568200,1
2022-06-01,sz.002356,5.2500,5.3600,5.2500,5.3600,5.3100,4732900,25173799.5000,3,0.360900,1,0.941600,1
2022-06-02,sz.002356,5.3600,5.5000,5.2400,5.2800,5.3600,8831855,47528515.4500,3,0.673500,1,-1.492500,1
2022-06-06,sz.002356,5.1500,5.2700,5.0900,5.2200,5.2800,7790130,40313801.7000,3,0.594100,1,-1.136400,1
2022-06-07,sz.002356,5.2100,5.2700,5.1700,5.2400,5.2200,4137880,21653854.4000,3,0.315600,1,0.383100,1
2022-06-08,sz.002356,5.2400,5.2800,5.1700,5.1900,5.2400,4208700,21919371.0000,3,0.321000,1,-0.954200,1
2022-06-09,sz.002356,5.1900,5.2500,5.1300,5.2000,5.1900,3740950,19491458.0000,3,0.285300,1,0.192700,1
2022-06-10,sz.002356,5.2000,5.3900,5.1800,5.3300,5.2000,4920840,26120658.4000,3,0.375300,1,2.500000,1
2022-06-13,sz.002356,5.2500,5.3700,5.2400,5.3300,5.3300,3321310,17635976.4000,3,0.253300,1,0.000000,1
2022-06-14,sz.002356,5.3200,5.3300,5.2100,5.2800,5.3300,4158300,21927965.0000,3,0.317100,1,-0.938100,1
2022-06-15,sz.002356,5.2900,5.4500,5.2700,5.3400,5.2800,4602820,24572018.0000,3,0.351000,1,1.136400,1
2022-06-16,sz.002356,5.3400,5.3700,5.1800,5.2400,5.3400,6441400,34011768.0000,3,0.491200,1,-1.872700,1
2022-06-17,sz.002356,5.2400,5.4100,5.1300,5.2900,5.2400,6533886,34410853.2800,3,0.498300,1,0.954200,1
2022-06-20,sz.002356,5.1800,5.2200,5.0300,5.1200,5.2900,11903611,60683134.4900,3,0.907800,1,-3.213600,1
2022-06-21,sz.002356,5.1500,5.1500,4.9900,5.0100,5.1200,5056930,25514790.5000,3,0.385700,1,-2.148400,1
2022-06-22,sz.002356,5.0200,5.1400,5.0200,5.0200,5.0100,5051580,25640667.3600,3,0.385200,1,0.199600,1
2022-06-23,sz.002356,5.0800,5.1300,5.0400,5.1100,5.0200,4437315,22524182.2500,3,0.338400,1,1.792800,1
2022-06-24,sz.002356,5.1100,5.2200,5.1100,5.2100,5.1100,4016419,20798457.6900,3,0.306300,1,1.956900,1
2022-06-27,sz.002356,5.1800,5.2500,5.1800,5.2200,5.2100,2992400,15617147.9500,3,0.228200,1,0.191900,1
2022-06-28,sz.002356,5.2300,5.3300,5.2100,5.3000,5.2200,4846536,25621725.0400,3,0.369600,1,1.532600,1
2022-06-29,sz.002356,5.2900,5.3500,5.2500,5.3000,5.3000,3196805,16885799.0000,3,0.243800,1,0.000000,1
2022-06-30,sz.002356,5.3100,5.4400,5.3100,5.3500,5.3000,7474316,40162393.9400,3,0.570000,1,0.943400,1
2022-07-01,sz.002356,5.3100,5.3500,5.1300,5.2800,5.3500,7521405,39442878.2000,3,0.573600,1,-1.308400,1
2022-07-04,sz.002356,5.2800,5.2800,5.2800,5.2800,5.2800,,,3,,0,,1
2022-07-05,sz.002356,5.8100,5.8100,5.8100,5.8100,5.2800,2980652,17317588.1200,3,0.227300,1,10.037900,0
2022-07-06,sz.002356,6.3900,6.3900,5.8200,6.0200,5.8100,59998110,367220294.2000,3,4.575600,1,3.614500,0
2022-07-07,sz.002356,6.0000,6.2800,5.6600,5.9900,6.0200,29139246,173184208.2000,3,2.222200,1,-0.498300,0
2022-07-08,sz.002356,5.9900,6.1000,5.8700,5.9300,5.9900,15671302,93383483.0400,3,1.195100,1,-1.001700,0
2022-07-11,sz.002356,6.0000,6.1600,5.9700,6.1200,5.9300,17089500,103430662.0000,3,1.303300,1,3.204000,0
2022-07-12,sz.002356,6.0200,6.0800,5.8600,5.8700,6.1200,13724720,81825318.0000,3,1.046700,1,-4.085000,0
2022-07-13,sz.002356,5.8500,5.9300,5.7600,5.8700,5.8700,8313800,48553783.0000,3,0.634000,1,0.000000,0
2022-07-14,sz.002356,5.9300,5.9500,5.7600,5.7600,5.8700,7961870,46385090.4000,3,0.607200,1,-1.873900,0
2022-07-15,sz.002356,5.7500,5.7500,5.5200,5.5200,5.7600,11117450,62117822.0000,3,0.847800,1,-4.166700,0
2022-07-18,sz.002356,5.5200,5.7300,5.5200,5.6000,5.5200,7783650,43730515.1000,3,0.593600,1,1.449300,0
2022-07-19,sz.002356,5.6100,5.6500,5.5800,5.6200,5.6000,4054380,22754647.1000,3,0.309200,1,0.357100,0
2022-07-20,sz.002356,5.6700,5.6800,5.5300,5.5700,5.6200,6552570,36579744.0000,3,0.499700,1,-0.889700,0
2022-07-21,sz.002356,5.5400,5.7500,5.5100,5.6200,5.5700,6995960,39467236.0000,3,0.533500,1,0.897700,0
2022-07-22,sz.002356,5.6100,5.6500,5.5200,5.5800,5.6200,4182600,23373415.0000,3,0.319000,1,-0.711700,0
2022-07-25,sz.002356,5.5800,5.6100,5.3700,5.4700,5.5800,7256010,39742200.4000,3,0.553400,1,-1.971300,0
2022-07-26,sz.002356,5.4700,5.5100,5.4200,5.4500,5.4700,4161570,22689098.6000,3,0.317400,1,-0.365600,0
2022-07-27,sz.002356,5.4800,5.4900,5.4000,5.4200,5.4500,3331873,18128602.4900,3,0.254100,1,-0.550500,0
2022-07-28,sz.002356,5.4000,5.7700,5.4000,5.4600,5.4200,10675300,59352919.0000,3,0.814100,1,0.738000,0
2022-07-29,sz.002356,5.4600,5.5100,5.4100,5.4800,5.4600,4545008,24790110.8400,3,0.346600,1,0.366300,0
2022-08-01,sz.002356,5.4800,5.6600,5.4200,5.6400,5.4800,9671561,54070180.2000,3,0.737600,1,2.919700,0
2022-08-02,sz.002356,5.6000,5.7200,5.4800,5.5700,5.6400,10151900,56741964.9000,3,0.774200,1,-1.241100,0
2022-08-03,sz.002356,5.5200,5.6000,5.3500,5.3700,5.5700,9124700,49772902.9500,3,0.695900,1,-3.590700,0
2022-08-04,sz.002356,5.3700,5.4600,5.2400,5.3000,5.3700,5403110,28801433.7000,3,0.412100,1,-1.303500,0
2022-08-05,sz.002356,5.3200,5.3200,5.2200,5.3100,5.3000,4144411,21822676.9700,3,0.316100,1,0.188700,0
2022-08-08,sz.002356,5.3400,5.4400,5.2300,5.3500,5.3100,4141900,22186524.0000,3,0.315900,1,0.753300,0
2022-08-09,sz.002356,5.3100,5.4800,5.3000,5.4100,5.3500,3124990,16904997.3000,3,0.238300,1,1.121500,0
2022-08-10,sz.002356,5.4100,5.4500,5.3600,5.3800,5.4100,2495900,13428315.0000,3,0.190300,1,-0.554500,0
2022-08-11,sz.002356,5.4300,5.4400,5.3200,5.3300,5.3800,3359900,18020089.0000,3,0.256200,1,-0.929400,0
2022-08-12,sz.002356,5.3300,5.3600,5.2500,5.2900,5.3300,5147490,27251895.3000,3,0.392600,1,-0.750500,0
2022-08-15,sz.002356,5.3000,5.3000,5.2100,5.2500,5.2900,4040900,21183639.0000,3,0.308200,1,-0.756100,0
2022-08-16,sz.002356,5.2300,5.3200,5.2100,5.2400,5.2500,3926100,20588096.0000,3,0.299400,1,-0.190500,0
2022-08-17,sz.002356,5.2700,5.2700,5.1300,5.1400,5.2400,4864439,25200517.6600,3,0.371000,1,-1.908400,0
2022-08-18,sz.002356,5.1400,5.2300,5.1000,5.1700,5.1400,6401415,33055376.6500,3,0.488200,1,0.583700,0
2022-08-19,sz.002356,5.1800,5.3900,5.1500,5.3200,5.1700,11654160,61752211.6000,3,0.888800,1,2.901400,0
2022-08-22,sz.002356,5.3500,5.5500,5.2900,5.5100,5.3200,11437400,62155390.0000,3,0.872200,1,3.571400,0
2022-08-23,sz.002356,5.5300,5.5800,5.4200,5.4800,5.5100,8804651,48297078.0300,3,0.671500,1,-0.544500,0
2022-08-24,sz.002356,5.4700,5.6500,5.4300,5.5600,5.4800,10408267,57906513.1900,3,0.793800,1,1.459900,0
2022-08-25,sz.002356,5.5800,5.9800,5.5800,5.8000,5.5600,16614047,96033613.8800,3,1.267000,1,4.316500,0
2022-08-26,sz.002356,5.7500,6.1300,5.6500,6.0800,5.8000,21480145,128426659.5900,3,1.638100,1,4.827600,0
2022-08-29,sz.002356,6.1100,6.1800,5.9000,5.9800,6.0800,14226728,85748956.0400,3,1.085600,1,-1.644700,0
2022-08-30,sz.002356,5.9600,6.0400,5.8800,5.9400,5.9800,10775500,64043193.2000,3,0.822200,1,-0.668900,0
2022-08-31,sz.002356,6.0100,6.0100,5.7500,5.7600,5.9400,10023167,58319193.6000,3,0.764800,1,-3.030300,0
2022-09-01,sz.002356,5.7700,5.8800,5.5600,5.8100,5.7600,10939853,62301993.8400,3,0.834800,1,0.868100,0
2022-09-02,sz.002356,5.8500,5.9200,5.7400,5.7600,5.8100,5691860,32960655.4000,3,0.434300,1,-0.860600,0
2022-09-05,sz.002356,5.7700,6.2800,5.7500,6.1700,5.7600,17850100,108111048.7000,3,1.362100,1,7.118100,0
2022-09-06,sz.002356,6.2000,6.3300,6.1100,6.1400,6.1700,12304160,76101945.3000,3,0.938900,1,-0.486200,0
2022-09-07,sz.002356,6.1600,6.1600,6.0500,6.1000,6.1400,8156832,49779439.5000,3,0.622400,1,-0.651500,0
2022-09-08,sz.002356,6.1500,6.1600,6.0300,6.0600,6.1000,6284090,38136171.6000,3,0.479500,1,-0.655700,0
2022-09-09,sz.002356,6.0800,6.0900,5.9500,6.0000,6.0600,5631840,33788854.8000,3,0.429700,1,-0.990100,0
2022-09-13,sz.002356,5.9900,6.4100,5.9900,6.2800,6.0000,17106917,107043529.8400,3,1.305400,1,4.666700,0
2022-09-14,sz.002356,6.2800,6.2800,6.1000,6.1800,6.2800,8189977,50444076.0900,3,0.624900,1,-1.592400,0
2022-09-15,sz.002356,6.1800,6.2600,6.0700,6.1000,6.1800,7970400,48886667.0000,3,0.608200,1,-1.294500,0
2022-09-16,sz.002356,6.1400,6.1400,5.9500,5.9700,6.1000,6377770,38405024.9000,3,0.486700,1,-2.131100,0
2022-09-19,sz.002356,5.9800,6.0300,5.8500,5.9300,5.9700,5345000,31683588.0000,3,0.407900,1,-0.670000,0
2022-09-20,sz.002356,5.9300,6.0100,5.8700,5.8900,5.9300,4458800,26303405.0000,3,0.340200,1,-0.674500,0
2022-09-21,sz.002356,5.9000,6.0900,5.8100,6.0300,5.8900,6884840,41184506.8500,3,0.525400,1,2.376900,0
2022-09-22,sz.002356,6.0300,6.2300,6.0200,6.0900,6.0300,8512580,52097613.8000,3,0.649600,1,0.995000,0
2022-09-23,sz.002356,6.0900,6.1500,5.9600,5.9600,6.0900,6103300,36767284.0000,3,0.465700,1,-2.134600,0
2022-09-26,sz.002356,5.9600,6.1000,5.9100,6.0400,5.9600,4742780,28606525.7000,3,0.361900,1,1.342300,0
2022-09-27,sz.002356,6.0000,6.2200,6.0000,6.1600,6.0400,7152500,43834287.0000,3,0.545800,1,1.986800,0
2022-09-28,sz.002356,6.1200,6.4500,6.1000,6.1400,6.1600,11484320,71513636.0000,3,0.876300,1,-0.324700,0
2022-09-29,sz.002356,6.0900,6.3000,6.0800,6.1500,6.1400,7285420,45075445.0000,3,0.555900,1,0.162900,0
2022-09-30,sz.002356,6.1100,6.1800,6.0100,6.0500,6.1500,6026540,36581132.4000,3,0.459900,1,-1.626000,0
2022-10-10,sz.002356,6.0500,6.1600,6.0000,6.0700,6.0500,6432570,39147849.6000,3,0.490800,1,0.330600,0
2022-10-11,sz.002356,6.0700,6.1100,5.8000,5.9300,6.0700,8159700,48439153.0000,3,0.622600,1,-2.306400,0
2022-10-12,sz.002356,6.0000,6.0300,5.8600,6.0300,5.9300,5320800,31597946.0000,3,0.406000,1,1.686300,0
2022-10-13,sz.002356,5.9600,6.0900,5.9600,6.0700,6.0300,4321404,26110229.9600,3,0.329700,1,0.663300,0
2022-10-14,sz.002356,6.0700,6.1400,6.0300,6.0900,6.0700,5922345,36074721.1500,3,0.451900,1,0.329500,0
2022-10-17,sz.002356,6.1300,6.1400,5.9800,6.0400,6.0900,4939600,29804077.0000,3,0.376900,1,-0.821000,0
2022-10-18,sz.002356,6.0400,6.0800,5.9600,5.9700,6.0400,5432122,32640463.9800,3,0.414500,1,-1.158900,0
2022-10-19,sz.002356,5.9300,6.0900,5.9100,6.0000,5.9700,5104410,30603249.2000,3,0.389500,1,0.502500,0
2022-10-20,sz.002356,5.9900,6.0300,5.8500,5.8600,6.0000,5365300,31783049.0000,3,0.409400,1,-2.333300,0
2022-10-21,sz.002356,5.9600,5.9800,5.8500,5.8500,5.8600,3171600,18731643.0000,3,0.242000,1,-0.170600,0
2022-10-24,sz.002356,5.8900,5.8900,5.6300,5.6800,5.8500,6327301,36393370.3300,3,0.482800,1,-2.906000,0
2022-10-25,sz.002356,5.6800,5.7400,5.4900,5.6700,5.6800,6916180,38766482.9000,3,0.527700,1,-0.176100,0
2022-10-26,sz.002356,5.6700,5.7500,5.6000,5.6000,5.6700,4105170,23165237.0000,3,0.313200,1,-1.234600,0
2022-10-27,sz.002356,5.6000,5.6700,5.5300,5.5700,5.6000,3125280,17440610.2000,3,0.238500,1,-0.535700,0
2022-10-28,sz.002356,5.6200,5.7800,5.4200,5.4500,5.5700,5887970,32677521.5000,3,0.449300,1,-2.154400,0
2022-10-31,sz.002356,5.4400,5.4400,5.2500,5.3100,5.4500,5593600,29873033.0000,3,0.426800,1,-2.568800,0
2022-11-01,sz.002356,5.3700,5.5100,5.2900,5.3900,5.3100,5124220,27724911.2000,3,0.391000,1,1.506600,0
2022-11-02,sz.002356,5.4500,5.7300,5.2700,5.6700,5.3900,9757047,53757041.1000,3,0.744500,1,5.194800,0
2022-11-03,sz.002356,5.6100,5.6900,5.5700,5.5800,5.6700,4813500,27026563.0000,3,0.367300,1,-1.587300,0
2022-11-04,sz.002356,5.5800,5.6700,5.5700,5.6100,5.5800,3687530,20729721.8000,3,0.281400,1,0.537600,0
2022-11-07,sz.002356,5.6300,5.9100,5.5900,5.7600,5.6100,9670967,55858795.3500,3,0.738000,1,2.673800,0
2022-11-08,sz.002356,5.7600,5.7600,5.5900,5.6200,5.7600,4848412,27428461.3200,3,0.370000,1,-2.430600,0
2022-11-09,sz.002356,5.6100,5.6800,5.5100,5.5300,5.6200,3395200,18930593.0000,3,0.259100,1,-1.601400,0
2022-11-10,sz.002356,5.5300,5.7400,5.4500,5.6900,5.5300,7431310,41786044.9000,3,0.567100,1,2.893300,0
2022-11-11,sz.002356,5.7400,5.8200,5.5800,5.6800,5.6900,7066700,40541995.0000,3,0.539200,1,-0.175700,0
2022-11-14,sz.002356,5.7500,5.7500,5.5300,5.5600,5.6800,6986813,39109504.3500,3,0.533100,1,-2.112700,0
2022-11-15,sz.002356,5.5900,5.6400,5.5000,5.5600,5.5600,5533205,30627256.7000,3,0.422200,1,0.000000,0
2022-11-16,sz.002356,5.5800,5.7600,5.5300,5.6300,5.5600,10582941,59791004.8300,3,0.807500,1,1.259000,0
2022-11-17,sz.002356,5.6000,5.7900,5.6000,5.6700,5.6300,5746600,32783215.9600,3,0.438500,1,0.710500,0
2022-11-18,sz.002356,5.6700,5.6900,5.5800,5.5900,5.6700,3369150,18919527.6000,3,0.257100,1,-1.410900,0
2022-11-21,sz.002356,5.5700,5.5700,5.4800,5.5100,5.5900,4333841,23852194.5000,3,0.330700,1,-1.431100,0
2022-11-22,sz.002356,5.5600,5.5900,5.4300,5.4500,5.5100,4360400,23950297.0000,3,0.332700,1,-1.088900,0
2022-11-23,sz.002356,5.4600,5.5100,5.3500,5.3900,5.4500,4550600,24597381.0000,3,0.347200,1,-1.100900,0
2022-11-24,sz.002356,5.4400,5.4700,5.3400,5.4000,5.3900,3864600,20845435.0000,3,0.294900,1,0.185500,0
2022-11-25,sz.002356,5.4000,5.4000,5.3200,5.3300,5.4000,3145600,16811815.0000,3,0.240000,1,-1.296300,0
2022-11-28,sz.002356,5.3100,5.3900,5.2700,5.3900,5.3300,2715170,14515243.7000,3,0.207200,1,1.125700,0
2022-11-29,sz.002356,5.4500,5.4700,5.3700,5.3900,5.3900,3460700,18733019.3000,3,0.264100,1,0.000000,0
2022-11-30,sz.002356,5.3900,5.4200,5.3400,5.3400,5.3900,2669860,14356371.2000,3,0.203700,1,-0.927600,0
2022-12-01,sz.002356,5.4100,5.4300,5.3500,5.3500,5.3400,2729500,14681382.0000,3,0.208300,1,0.187300,0
2022-12-02,sz.002356,5.3600,5.3800,5.3100,5.3700,5.3500,3412380,18245279.8000,3,0.260400,1,0.373800,0
2022-12-05,sz.002356,5.3700,5.5200,5.3700,5.4000,5.3700,4402325,23894523.2000,3,0.335900,1,0.558700,0
2022-12-06,sz.002356,5.4100,5.7400,5.3500,5.6400,5.4000,13156721,73192562.8100,3,1.003900,1,4.444400,0
2022-12-07,sz.002356,5.6000,5.6800,5.5500,5.5600,5.6400,6206670,34649378.6000,3,0.473600,1,-1.418400,0
2022-12-08,sz.002356,5.5700,5.6500,5.5400,5.6400,5.5600,7328445,41022593.0000,3,0.559200,1,1.438800,0
2022-12-09,sz.002356,5.6400,5.8600,5.5900,5.8400,5.6400,13884840,80042796.4000,3,1.059500,1,3.546100,0
2022-12-12,sz.002356,5.8000,5.8200,5.4900,5.5500,5.8400,12382700,69637139.0000,3,0.944900,1,-4.965800,0
2022-12-13,sz.002356,5.5300,5.6500,5.4700,5.5000,5.5500,6140040,34067489.6000,3,0.468500,1,-0.900900,0
2022-12-14,sz.002356,5.4600,5.6400,5.4200,5.5200,5.5000,5964040,32975655.8000,3,0.455100,1,0.363600,0
2022-12-15,sz.002356,5.5600,5.5900,5.4000,5.4400,5.5200,4938400,26991574.0000,3,0.376800,1,-1.449300,0
2022-12-16,sz.002356,5.4900,5.4900,5.3600,5.3900,5.4400,3243940,17501364.6000,3,0.247500,1,-0.919100,0
2022-12-19,sz.002356,5.4700,5.5200,5.3600,5.4000,5.3900,4309480,23330015.8000,3,0.328800,1,0.185500,0
2022-12-20,sz.002356,5.6900,5.9400,5.4200,5.7500,5.4000,24606840,142283676.8000,3,1.877600,1,6.481500,0
2022-12-21,sz.002356,5.7500,5.8900,5.6300,5.8000,5.7500,13156930,76094754.5000,3,1.004000,1,0.869600,0
2022-12-22,sz.002356,5.8000,5.8300,5.5500,5.5600,5.8000,7083700,40130996.0000,3,0.540500,1,-4.137900,0
2022-12-23,sz.002356,5.5200,5.6600,5.4600,5.4900,5.5600,5680301,31391623.5100,3,0.433400,1,-1.259000,0
2022-12-26,sz.002356,5.4900,5.5300,5.4400,5.5300,5.4900,3621900,19846362.7000,3,0.276400,1,0.728600,0
2022-12-27,sz.002356,5.5300,5.5500,5.4600,5.5200,5.5300,3344470,18398119.4000,3,0.255200,1,-0.180800,0
2022-12-28,sz.002356,5.5100,5.5800,5.4500,5.4800,5.5200,4109600,22607355.0000,3,0.313600,1,-0.724600,0
2022-12-29,sz.002356,5.4700,5.7700,5.4600,5.6500,5.4800,8519840,47828440.6000,3,0.650100,1,3.102200,0
2022-12-30,sz.002356,5.6500,5.8600,5.6300,5.8400,5.6500,10136401,58640856.7500,3,0.773500,1,3.362800,0
2023-01-03,sz.002356,5.8400,6.0000,5.8300,5.8700,5.8400,7617400,44783435.0000,3,0.581300,1,0.513700,0
2023-01-04,sz.002356,5.8700,5.8900,5.7500,5.8300,5.8700,4017700,23424566.0000,3,0.306600,1,-0.681400,0
2023-01-05,sz.002356,6.0000,6.1000,5.7000,5.7400,5.8300,10295300,59890221.5400,3,0.785600,1,-1.543700,0
2023-01-06,sz.002356,5.7300,5.8400,5.6600,5.7100,5.7400,5419740,31037025.8000,3,0.413600,1,-0.522600,0
2023-01-09,sz.002356,5.7200,5.8400,5.7100,5.7400,5.7100,4252019,24502390.0600,3,0.324500,1,0.525400,0
2023-01-10,sz.002356,5.7500,5.7800,5.6400,5.6500,5.7400,4704900,26735022.0000,3,0.359000,1,-1.567900,0
2023-01-11,sz.002356,5.6400,5.6900,5.6000,5.6300,5.6500,2970400,16751427.0000,3,0.226700,1,-0.354000,0
2023-01-12,sz.002356,5.6300,5.6400,5.5700,5.5700,5.6300,3450100,19314893.0000,3,0.263300,1,-1.065700,0
2023-01-13,sz.002356,5.5700,5.7300,5.5500,5.7000,5.5700,4427600,25068355.0000,3,0.337900,1,2.333900,0
2023-01-16,sz.002356,5.7300,5.7300,5.5700,5.6100,5.7000,5078800,28568159.0000,3,0.387500,1,-1.578900,0
2023-01-17,sz.002356,5.5900,5.6300,5.5400,5.5600,5.6100,3240500,18030872.0000,3,0.247300,1,-0.891300,0
2023-01-18,sz.002356,5.6000,5.6000,5.5500,5.5700,5.5600,2263200,12610083.0000,3,0.172700,1,0.179900,0
2023-01-19,sz.002356,5.5500,5.6600,5.5500,5.6200,5.5700,3204440,17955574.0000,3,0.244500,1,0.897700,0
2023-01-20,sz.002356,5.6400,5.7000,5.5900,5.6800,5.6200,3408180,19254934.0000,3,0.260100,1,1.067600,0
2023-01-30,sz.002356,5.7000,5.7800,5.6600,5.6700,5.6800,4182800,23915069.8100,3,0.319200,1,-0.176100,0
2023-01-31,sz.002356,5.6700,5.6900,5.6200,5.6800,5.6700,2498010,14134014.6000,3,0.190600,1,0.176400,0
2023-02-01,sz.002356,5.7000,5.7100,5.5800,5.6300,5.6800,4765890,26783653.4000,3,0.363700,1,-0.880300,0
2023-02-02,sz.002356,5.6400,5.6500,5.5400,5.6000,5.6300,4931300,27507246.0000,3,0.376300,1,-0.532900,0
2023-02-03,sz.002356,5.5800,5.6500,5.5400,5.6300,5.6000,4368100,24440698.0000,3,0.333300,1,0.535700,0
2023-02-06,sz.002356,5.6300,5.6500,5.5600,5.5700,5.6300,2945900,16432068.0000,3,0.224800,1,-1.065700,0
2023-02-07,sz.002356,5.6000,5.7400,5.5600,5.7300,5.5700,7643500,43535691.0000,3,0.583200,1,2.872500,0
2023-02-08,sz.002356,5.7500,5.7800,5.6800,5.7100,5.7300,3824570,21861276.0000,3,0.291800,1,-0.349000,0
2023-02-09,sz.002356,5.6900,5.7300,5.6300,5.6300,5.7100,5078800,28730524.9000,3,0.387500,1,-1.401100,0
2023-02-10,sz.002356,5.6300,5.7300,5.6300,5.7200,5.6300,4495180,25591508.8000,3,0.343000,1,1.598600,0
2023-02-13,sz.002356,5.7200,5.7500,5.6700,5.6900,5.7200,2751800,15691461.7000,3,0.210000,1,-0.524500,0
2023-02-14,sz.002356,5.7100,5.8300,5.6600,5.7600,5.6900,6008985,34445126.7500,3,0.458500,1,1.230200,0
2023-02-15,sz.002356,5.7700,5.7700,5.6700,5.6900,5.7600,4040880,23038623.4000,3,0.308300,1,-1.215300,0
2023-02-16,sz.002356,5.6800,5.8400,5.6200,5.6500,5.6900,6863080,39275323.7000,3,0.523700,1,-0.703000,0
2023-02-17,sz.002356,5.6700,5.7200,5.6200,5.6600,5.6500,4515905,25565234.8500,3,0.344600,1,0.177000,0
2023-02-20,sz.002356,5.6500,5.7700,5.6200,5.6900,5.6600,4825925,27569908.7500,3,0.368200,1,0.530000,0
2023-02-21,sz.002356,5.6900,5.7000,5.6400,5.6600,5.6900,3226100,18272298.0000,3,0.246200,1,-0.527200,0
2023-02-22,sz.002356,5.6300,5.7200,5.6200,5.6800,5.6600,3113400,17645239.3000,3,0.237600,1,0.353400,0
2023-02-23,sz.002356,5.7000,5.7000,5.5700,5.6200,5.6800,4356000,24511594.0000,3,0.332400,1,-1.056300,0
2023-02-24,sz.002356,5.6700,5.6800,5.5900,5.6700,5.6200,2129700,12009434.0000,3,0.162500,1,0.889700,0
2023-02-27,sz.002356,5.6700,5.6700,5.5900,5.6100,5.6700,2134900,12006723.0000,3,0.162900,1,-1.058200,0
2023-02-28,sz.002356,5.6200,5.6500,5.6000,5.6300,5.6100,1549200,8709116.0000,3,0.118200,1,0.356500,0
2023-03-01,sz.002356,5.6300,5.6400,5.5800,5.5900,5.6300,2435310,13643843.9000,3,0.185800,1,-0.710500,0
2023-03-02,sz.002356,5.6100,5.6200,5.5600,5.5600,5.5900,2693500,15034882.0000,3,0.205500,1,-0.536700,0
2023-03-03,sz.002356,5.5600,5.6000,5.5600,5.5800,5.5600,2767100,15452862.0000,3,0.211100,1,0.359700,0
2023-03-06,sz.002356,5.5900,5.6000,5.5500,5.5700,5.5800,2151600,11983822.0000,3,0.164200,1,-0.179200,0
2023-03-07,sz.002356,5.6000,5.6000,5.5200,5.5300,5.5700,3102100,17213595.0000,3,0.236700,1,-0.718100,0
2023-03-08,sz.002356,5.5300,5.5900,5.4500,5.5900,5.5300,2901650,16059852.8000,3,0.221400,1,1.085000,0
2023-03-09,sz.002356,5.6200,5.6200,5.5500,5.5600,5.5900,1534800,8554930.0000,3,0.117100,1,-0.536700,0
2023-03-10,sz.002356,5.5200,5.5500,5.4200,5.4200,5.5600,5621370,30646730.5000,3,0.428900,1,-2.518000,0
2023-03-13,sz.002356,5.4300,5.4700,5.3700,5.4600,5.4200,2828700,15316311.0000,3,0.215800,1,0.738000,0
2023-03-14,sz.002356,5.4700,5.5000,5.3400,5.3700,5.4600,4958600,26792482.0000,3,0.378400,1,-1.648400,0
2023-03-15,sz.002356,5.3700,5.4400,5.3700,5.4000,5.3700,1508200,8150318.0000,3,0.115100,1,0.558700,0
2023-03-16,sz.002356,5.4000,5.4000,5.3300,5.3300,5.4000,2469870,13219586.1000,3,0.188500,1,-1.296300,0
2023-03-17,sz.002356,5.3500,5.3800,5.2700,5.2800,5.3300,3788153,20163782.0200,3,0.289100,1,-0.938100,0
2023-03-20,sz.002356,5.2900,5.3100,5.1800,5.2500,5.2800,2967270,15516997.4000,3,0.226400,1,-0.568200,0
2023-03-21,sz.002356,5.2400,5.3900,5.2400,5.3700,5.2500,2658900,14206440.0000,3,0.202900,1,2.285700,0
2023-03-22,sz.002356,5.3700,5.4400,5.3000,5.3200,5.3700,3792800,20352013.0000,3,0.289400,1,-0.931100,0
2023-03-23,sz.002356,5.3100,5.3900,5.3100,5.3400,5.3200,2450437,13087783.9500,3,0.187000,1,0.375900,0
2023-03-24,sz.002356,5.3400,5.3900,5.3300,5.3700,5.3400,2142645,11487815.1500,3,0.163500,1,0.561800,0
2023-03-27,sz.002356,5.3500,5.6000,5.3300,5.5400,5.3700,7784840,42674643.2000,3,0.594000,1,3.165700,0
2023-03-28,sz.002356,5.5500,5.6300,5.4900,5.5100,5.5400,4202060,23318568.6000,3,0.320600,1,-0.541500,0
2023-03-29,sz.002356,5.5400,5.5700,5.4400,5.5100,5.5100,3367200,18498742.6000,3,0.256900,1,0.000000,0
2023-03-30,sz.002356,5.5100,5.5900,5.4200,5.4200,5.5100,2638050,14417832.0000,3,0.201300,1,-1.633400,0
2023-03-31,sz.002356,5.4600,5.5100,5.4100,5.4500,5.4200,2090670,11395175.4000,3,0.159500,1,0.553500,0
2023-04-03,sz.002356,5.4400,5.4700,5.3600,5.4300,5.4500,2855470,15434492.4000,3,0.217900,1,-0.367000,0
2023-04-04,sz.002356,5.4500,5.4500,5.2900,5.3500,5.4300,3953647,21139291.3800,3,0.301700,1,-1.473300,0
2023-04-06,sz.002356,5.3700,5.3700,5.3000,5.3200,5.3500,2106760,11216628.1000,3,0.160800,1,-0.560700,0
2023-04-07,sz.002356,5.4000,5.4000,5.3000,5.3400,5.3200,2154870,11509248.4000,3,0.164400,1,0.375900,0
2023-04-10,sz.002356,5.3000,5.3500,5.2200,5.2400,5.3400,3794600,19970186.0000,3,0.289600,1,-1.872700,0
2023-04-11,sz.002356,5.2700,5.3400,5.2000,5.3100,5.2400,3428087,18060927.7200,3,0.261600,1,1.335900,0
2023-04-12,sz.002356,5.3300,5.3500,5.2300,5.2500,5.3100,2775900,14616720.0000,3,0.211800,1,-1.129900,0
2023-04-13,sz.002356,5.2000,5.2400,5.2000,5.2100,5.2500,2563170,13372174.4000,3,0.195600,1,-0.761900,0
2023-04-14,sz.002356,5.2600,5.2600,5.1800,5.2100,5.2100,2229020,11627594.4000,3,0.170100,1,0.000000,0
2023-04-17,sz.002356,5.2500,5.2500,5.1700,5.1900,5.2100,3413150,17736119.0000,3,0.260400,1,-0.383900,0
2023-04-18,sz.002356,5.2000,5.2600,5.1300,5.2100,5.1900,3698570,19151699.6000,3,0.282200,1,0.385400,0
2023-04-19,sz.002356,5.1800,5.2500,5.1700,5.1800,5.2100,2295716,11936049.8800,3,0.175200,1,-0.575800,0
2023-04-20,sz.002356,5.2000,5.2000,5.0300,5.0900,5.1800,5153929,26222354.5000,3,0.393300,1,-1.737500,0
2023-04-21,sz.002356,5.0900,5.1300,4.9500,4.9800,5.0900,3911900,19653270.0000,3,0.298500,1,-2.161100,0
2023-04-24,sz.002356,4.9200,5.0500,4.8400,5.0100,4.9800,3519205,17446664.1500,3,0.268500,1,0.602400,0
2023-04-25,sz.002356,5.0000,5.0500,4.8700,4.9500,5.0100,3575105,17667412.7500,3,0.272800,1,-1.197600,0
2023-04-26,sz.002356,4.9600,5.0200,4.9100,4.9700,4.9500,2051000,10182358.0000,3,0.156500,1,0.404000,0
2023-04-27,sz.002356,4.9800,4.9800,4.8800,4.8900,4.9700,2569900,12643493.0000,3,0.196100,1,-1.609700,0
2023-04-28,sz.002356,4.8800,5.0700,4.8600,5.0500,4.8900,4525605,22559218.2000,3,0.345400,1,3.272000,0
2023-05-04,sz.002356,5.0100,5.1900,5.0100,5.1400,5.0500,3252110,16617665.0000,3,0.248200,1,1.782200,0
2023-05-05,sz.002356,5.1000,5.1600,5.0400,5.1000,5.1400,2661300,13549818.0000,3,0.203100,1,-0.778200,0
2023-05-08,sz.002356,5.1000,5.1400,5.0000,5.0600,5.1000,2417198,12241673.8600,3,0.184500,1,-0.784300,0
2023-05-09,sz.002356,5.0500,5.0900,4.9500,4.9600,5.0600,3684200,18416154.0000,3,0.281200,1,-1.976300,0
2023-05-10,sz.002356,5.0500,5.0500,4.7400,4.7800,4.9600,8281380,40071783.4000,3,0.632000,1,-3.629000,0
2023-05-11,sz.002356,4.7900,4.8300,4.6700,4.7000,4.7800,6153205,29152956.5500,3,0.469600,1,-1.673600,0
2023-05-12,sz.002356,4.7100,4.8600,4.6600,4.7600,4.7000,4920080,23401973.6000,3,0.375500,1,1.276600,0
2023-05-15,sz.002356,4.7600,4.8000,4.6800,4.7600,4.7600,3717200,17602158.0000,3,0.283700,1,0.000000,0
2023-05-16,sz.002356,4.7400,4.7800,4.6800,4.7000,4.7600,2164340,10193386.2000,3,0.165200,1,-1.260500,0
2023-05-17,sz.002356,4.6800,4.7200,4.5900,4.6000,4.7000,5343110,24728807.9000,3,0.407700,1,-2.127700,0
2023-05-18,sz.002356,4.6000,4.6500,4.4900,4.6200,4.6000,5835620,26692393.8000,3,0.445300,1,0.434800,0
2023-05-19,sz.002356,4.6200,4.7700,4.5800,4.7200,4.6200,3253300,15261922.0000,3,0.248300,1,2.164500,0
2023-05-22,sz.002356,4.7500,4.7800,4.6700,4.7000,4.7200,2398430,11287150.5800,3,0.183000,1,-0.423700,0
2023-05-23,sz.002356,4.7000,4.7000,4.6100,4.6200,4.7000,1836500,8557664.0000,3,0.140100,1,-1.702100,0
2023-05-24,sz.002356,4.6200,4.6500,4.5300,4.5800,4.6200,6967910,31917607.5400,3,0.531700,1,-0.865800,0
2023-05-25,sz.002356,4.5800,4.6000,4.4700,4.5100,4.5800,2776600,12571643.0000,3,0.211900,1,-1.528400,0
2023-05-26,sz.002356,4.5000,4.5100,4.4000,4.4500,4.5100,3535766,15700262.9800,3,0.269800,1,-1.330400,0
2023-05-29,sz.002356,4.4800,4.5300,4.4400,4.4600,4.4500,3276300,14695241.0000,3,0.250000,1,0.224700,0
2023-05-30,sz.002356,4.5000,4.5000,4.3900,4.4300,4.4600,2574326,11403130.1200,3,0.196500,1,-0.672600,0
2023-05-31,sz.002356,4.4100,4.4200,4.3300,4.3400,4.4300,2810150,12258664.5000,3,0.214500,1,-2.031600,0
2023-06-01,sz.002356,4.3000,4.6000,4.3000,4.4500,4.3400,5189192,23253853.0000,3,0.396000,1,2.534600,0
2023-06-02,sz.002356,4.4800,4.4800,4.3900,4.4000,4.4500,2535100,11234025.0000,3,0.193500,1,-1.123600,0
2023-06-05,sz.002356,4.4100,4.4300,4.3700,4.4000,4.4000,1752600,7707016.0000,3,0.133700,1,0.000000,0
2023-06-06,sz.002356,4.4200,4.4300,4.3300,4.3400,4.4000,2510900,10996679.0000,3,0.191600,1,-1.363600,0
2023-06-07,sz.002356,4.3400,4.3600,4.1900,4.2300,4.3400,5236595,22291273.2000,3,0.399600,1,-2.534600,0
2023-06-08,sz.002356,4.2100,4.2500,4.1500,4.1600,4.2300,4481100,18789399.0000,3,0.342000,1,-1.654800,0
2023-06-09,sz.002356,4.2000,4.2600,4.1700,4.2000,4.1600,4109550,17270761.8000,3,0.313600,1,0.961500,0
2023-06-12,sz.002356,4.2500,4.2500,4.1200,4.1400,4.2000,4599370,19087304.5000,3,0.351000,1,-1.428600,0
2023-06-13,sz.002356,4.1600,4.1900,3.9900,4.0100,4.1400,9070490,36824718.8000,3,0.692200,1,-3.140100,0
2023-06-14,sz.002356,4.0100,4.1200,3.9700,4.0600,4.0100,9380909,37962809.6000,3,0.715900,1,1.246900,0
2023-06-15,sz.002356,4.0500,4.0500,3.9700,4.0200,4.0600,5713921,22882195.2200,3,0.436000,1,-0.985200,0
2023-06-16,sz.002356,4.0300,4.1400,4.0100,4.0500,4.0200,6087650,24768562.0000,3,0.464600,1,0.746300,0
2023-06-19,sz.002356,4.0200,4.0500,3.8800,3.9100,4.0500,9733940,38366278.3000,3,0.742800,1,-3.456800,0
2023-06-20,sz.002356,3.9100,3.9500,3.8200,3.8400,3.9100,8096125,31227763.7000,3,0.617800,1,-1.790300,0
2023-06-21,sz.002356,3.8300,3.8800,3.7600,3.7700,3.8400,6634470,25301287.4000,3,0.506300,1,-1.822900,0
2023-06-26,sz.002356,3.7600,3.8000,3.6900,3.7000,3.7700,7737419,28889370.4000,3,0.590500,1,-1.856800,0
2023-06-27,sz.002356,3.7500,3.9300,3.7300,3.8400,3.7000,10511700,40323945.0000,3,0.802200,1,3.783800,0
2023-06-28,sz.002356,3.8800,3.8800,3.7500,3.8300,3.8400,5520400,21019674.0000,3,0.421300,1,-0.260400,0
2023-06-29,sz.002356,3.8200,4.0300,3.7700,3.9600,3.8300,7396100,29098228.0000,3,0.564400,1,3.394300,0
2023-06-30,sz.002356,3.9500,4.3600,3.9400,4.3600,3.9600,8736150,36721165.0000,3,0.666800,1,10.101000,0
2023-07-03,sz.002356,4.7500,4.8000,4.4000,4.8000,4.3600,27614130,126999222.6300,3,2.107300,1,10.091700,0
2023-07-04,sz.002356,5.0400,5.2800,4.8800,5.2800,4.8000,36507919,189991090.2200,3,2.786000,1,10.000000,0
2023-07-05,sz.002356,5.3500,5.8100,5.2800,5.8100,5.2800,26270474,149311275.4400,3,2.004800,1,10.037900,0
2023-07-06,sz.002356,6.1000,6.2500,5.2800,5.4000,5.8100,70684798,400051836.9000,3,5.394200,1,-7.056800,0
2023-07-07,sz.002356,5.4100,5.5400,5.1500,5.3800,5.4000,45748000,246450117.8200,3,3.491200,1,-0.370400,0
2023-07-10,sz.002356,5.1700,5.4000,5.0800,5.2300,5.3800,27017215,140623999.2400,3,2.061800,1,-2.788100,0
2023-07-11,sz.002356,5.1500,5.3700,5.0500,5.3200,5.2300,23076532,121585957.4300,3,1.761000,1,1.720800,0
2023-07-12,sz.002356,5.2600,5.3900,5.2400,5.3200,5.3200,15295357,81122101.3900,3,1.167200,1,0.000000,0
2023-07-13,sz.002356,5.2600,5.5000,5.2000,5.3000,5.3200,18692277,99552555.4100,3,1.426500,1,-0.375900,0
2023-07-14,sz.002356,5.3000,5.3700,5.2000,5.2600,5.3000,13268610,69752371.6000,3,1.012600,1,-0.754700,0
2023-07-17,sz.002356,5.2000,5.2900,5.1500,5.2500,5.2600,11457900,59920265.0000,3,0.874400,1,-0.190100,0
2023-07-18,sz.002356,5.2300,5.2800,5.1600,5.2700,5.2500,8153750,42627972.9000,3,0.622200,1,0.381000,0
2023-07-19,sz.002356,5.2600,5.5000,5.2600,5.4300,5.2700,27125742,146895534.5100,3,2.070000,1,3.036100,0
2023-07-20,sz.002356,5.4600,5.5800,5.3200,5.3600,5.4300,22331900,120363584.0000,3,1.704200,1,-1.289100,0
2023-07-21,sz.002356,5.3000,5.4000,5.2400,5.2500,5.3600,13366557,70806672.8200,3,1.020000,1,-2.052200,0
2023-07-24,sz.002356,5.2400,5.3000,5.1600,5.1800,5.2500,13103400,68422904.0000,3,1.000000,1,-1.333300,0
2023-07-25,sz.002356,5.2000,5.3100,5.1600,5.2500,5.1800,11236600,58607192.2000,3,0.857500,1,1.351400,0
2023-07-26,sz.002356,5.2300,5.3000,5.1700,5.2300,5.2500,7689960,40077877.6000,3,0.586800,1,-0.381000,0
2023-07-27,sz.002356,5.1600,5.3300,5.1200,5.1500,5.2300,9183830,47897934.0000,3,0.700800,1,-1.529600,0
2023-07-28,sz.002356,5.1600,5.2500,5.1100,5.1900,5.1500,8650700,44819731.0000,3,0.660200,1,0.776700,0
2023-07-31,sz.002356,5.1700,5.3300,5.1700,5.3200,5.1900,11740370,62026878.4000,3,0.895900,1,2.504800,0
2023-08-01,sz.002356,5.2900,5.3000,5.1600,5.1800,5.3200,8143160,42485736.6000,3,0.621400,1,-2.631600,0
2023-08-02,sz.002356,5.1600,5.7000,5.1600,5.7000,5.1800,18167873,98090691.3700,3,1.386400,1,10.038600,0
2023-08-03,sz.002356,6.2000,6.2700,5.8500,5.9100,5.7000,65812600,400391724.4700,3,5.022300,1,3.684200,0
2023-08-04,sz.002356,5.8400,5.9800,5.5500,5.6200,5.9100,47103678,269128097.1400,3,3.594600,1,-4.906900,0
2023-08-07,sz.002356,5.5200,5.5800,5.4000,5.5400,5.6200,21025676,115617362.2900,3,1.604500,1,-1.423500,0
2023-08-08,sz.002356,5.4800,5.6200,5.4300,5.4900,5.5400,12316780,67569108.8400,3,0.939900,1,-0.902500,0
2023-08-09,sz.002356,5.4500,6.0400,5.3900,6.0400,5.4900,39705952,233100918.5300,3,3.030100,1,10.018200,0
2023-08-10,sz.002356,6.3300,6.4000,5.8500,5.9600,6.0400,57916614,351573877.6200,3,4.419800,1,-1.324500,0
2023-08-11,sz.002356,5.9900,6.1300,5.7700,5.7800,5.9600,32379340,190770292.2000,3,2.471000,1,-3.020100,0
2023-08-14,sz.002356,5.6800,5.8800,5.6400,5.8100,5.7800,22302659,128434764.8100,3,1.702000,1,0.519000,0
2023-08-15,sz.002356,5.7700,6.2200,5.7500,5.8700,5.8100,32586362,194093725.0600,3,2.486800,1,1.032700,0
2023-08-16,sz.002356,5.7400,5.8100,5.6200,5.6500,5.8700,22275000,127062472.0000,3,1.699900,1,-3.747900,0
2023-08-17,sz.002356,5.6100,5.7500,5.5800,5.7400,5.6500,14982790,85146942.3600,3,1.143400,1,1.592900,0
2023-08-18,sz.002356,5.7400,5.7700,5.5600,5.5800,5.7400,10484800,58928367.0000,3,0.800100,1,-2.787500,0
2023-08-21,sz.002356,5.6300,5.6500,5.4700,5.4900,5.5800,10341180,57427396.3300,3,0.789200,1,-1.612900,0
2023-08-22,sz.002356,5.5500,5.5500,5.2900,5.3800,5.4900,17558800,94643183.0000,3,1.340000,1,-2.003600,0
2023-08-23,sz.002356,5.3900,5.4300,5.1600,5.1700,5.3800,13591943,71290256.6100,3,1.037200,1,-3.903300,0
2023-08-24,sz.002356,5.1800,5.2900,5.1800,5.2400,5.1700,8724400,45732798.0000,3,0.665800,1,1.354000,0
2023-08-25,sz.002356,5.2100,5.3100,5.0800,5.1100,5.2400,7974500,41352613.0000,3,0.608600,1,-2.480900,0
2023-08-28,sz.002356,5.6000,5.6000,5.0100,5.0600,5.1100,13377758,69791110.7200,3,1.020900,1,-0.978500,0
2023-08-29,sz.002356,5.1000,5.2600,5.0000,5.2400,5.0600,9348640,48225030.1000,3,0.713600,1,3.557300,0
2023-08-30,sz.002356,5.1800,5.2700,5.0800,5.1200,5.2400,8166600,41904354.0000,3,0.623300,1,-2.290100,0
2023-08-31,sz.002356,5.1600,5.1600,4.9300,4.9300,5.1200,10283600,51373179.0000,3,0.784900,1,-3.710900,0
2023-09-01,sz.002356,4.9400,5.1100,4.9300,5.1000,4.9300,8496336,42862153.3100,3,0.648500,1,3.448300,0
2023-09-04,sz.002356,5.1300,5.2400,5.0800,5.1900,5.1000,8871003,45731127.2500,3,0.677100,1,1.764700,0
2023-09-05,sz.002356,5.2100,5.2200,5.0600,5.1500,5.1900,8301700,42530878.0000,3,0.633600,1,-0.770700,0
2023-09-06,sz.002356,5.1700,5.2000,5.0500,5.1000,5.1500,7500183,38296493.5000,3,0.572500,1,-0.970900,0
2023-09-07,sz.002356,5.0700,5.1200,4.9900,5.0100,5.1000,7648120,38467083.0000,3,0.583800,1,-1.764700,0
2023-09-08,sz.002356,4.9500,5.0700,4.9500,5.0100,5.0100,4793430,23937603.7000,3,0.365900,1,0.000000,0
2023-09-11,sz.002356,5.0700,5.0700,4.9400,5.0300,5.0100,4613300,23072960.0000,3,0.352100,1,0.399200,0
2023-09-12,sz.002356,5.0600,5.0700,4.9500,4.9700,5.0300,4399570,21906914.3000,3,0.335800,1,-1.192800,0
2023-09-13,sz.002356,4.9900,5.0100,4.8900,4.9300,4.9700,4998084,24684476.7200,3,0.381500,1,-0.804800,0
2023-09-14,sz.002356,4.9500,4.9600,4.8600,4.8900,4.9300,5626370,27524279.0000,3,0.429400,1,-0.811400,0
2023-09-15,sz.002356,4.8700,5.0200,4.8700,4.9600,4.8900,7021870,34796474.8000,3,0.536000,1,1.431500,0
2023-09-18,sz.002356,4.9600,5.1800,4.8900,5.0900,4.9600,11080200,55806522.0000,3,0.845700,1,2.621000,0
2023-09-19,sz.002356,5.0600,5.1600,4.9800,5.0100,5.0900,11929208,60140871.1600,3,0.910500,1,-1.571700,0
2023-09-20,sz.002356,4.9500,5.0200,4.8300,4.9000,5.0100,10164885,50091884.6500,3,0.775900,1,-2.195600,0
2023-09-21,sz.002356,4.9100,4.9300,4.8300,4.8700,4.9000,8395000,40961023.0000,3,0.640800,1,-0.612200,0
2023-09-22,sz.002356,4.9000,4.9400,4.8300,4.8600,4.8700,7430850,36318572.8000,3,0.567200,1,-0.205300,0
2023-09-25,sz.002356,4.8900,4.8900,4.7300,4.7400,4.8600,9034800,43106383.0000,3,0.689600,1,-2.469100,0
2023-09-26,sz.002356,4.7100,4.7600,4.6600,4.6900,4.7400,7686300,36145964.0000,3,0.586700,1,-1.054900,0
2023-09-27,sz.002356,4.6900,4.7400,4.3600,4.5200,4.6900,22689100,102685931.3000,3,1.731800,1,-3.624700,0
2023-09-28,sz.002356,4.5100,4.7600,4.5100,4.7400,4.5200,13555534,63099425.0400,3,1.034700,1,4.867300,0
2023-10-09,sz.002356,4.7400,4.7800,4.5700,4.5900,4.7400,8588340,39709249.0000,3,0.655500,1,-3.164600,0
2023-10-10,sz.002356,4.5400,4.6300,4.5100,4.5200,4.5900,7733934,35123362.6800,3,0.590300,1,-1.525100,0
2023-10-11,sz.002356,4.5500,4.7900,4.5100,4.6600,4.5200,15013870,69747696.2000,3,1.146000,1,3.097300,0
2023-10-12,sz.002356,4.6500,4.8700,4.6500,4.8500,4.6600,9134760,43789217.8000,3,0.697200,1,4.077300,0
2023-10-13,sz.002356,4.8500,4.8600,4.6500,4.6800,4.8500,9827190,46225661.4000,3,0.750100,1,-3.505200,0
2023-10-16,sz.002356,4.6800,4.7700,4.6500,4.7200,4.6800,7087400,33383603.0000,3,0.541000,1,0.854700,0
2023-10-17,sz.002356,4.7200,4.7700,4.6600,4.7400,4.7200,6006220,28242934.5000,3,0.458400,1,0.423700,0
2023-10-18,sz.002356,4.7400,4.7400,4.6100,4.6100,4.7400,5566158,25835410.3800,3,0.424800,1,-2.742600,0
2023-10-19,sz.002356,4.6100,4.6500,4.5500,4.5900,4.6100,5850400,26947009.0000,3,0.446500,1,-0.433800,0
2023-10-20,sz.002356,4.5900,4.6300,4.5200,4.5500,4.5900,3831520,17525156.2000,3,0.292400,1,-0.871500,0
2023-10-23,sz.002356,4.5400,4.6000,4.4500,4.4900,4.5500,4738958,21388894.4200,3,0.361700,1,-1.318700,0
2023-10-24,sz.002356,4.4900,4.6800,4.4600,4.6600,4.4900,6614290,30515652.7000,3,0.504800,1,3.786200,0
2023-10-25,sz.002356,4.7100,4.8100,4.6100,4.7100,4.6600,8317314,39308351.3800,3,0.634800,1,1.073000,0
2023-10-26,sz.002356,4.6800,4.6900,4.5800,4.6000,4.7100,6847110,31605368.6000,3,0.522600,1,-2.335500,0
2023-10-27,sz.002356,4.6000,4.7900,4.5700,4.7700,4.6000,8590900,40584106.0000,3,0.655700,1,3.695700,0
2023-10-30,sz.002356,4.7700,4.7900,4.6700,4.6800,4.7700,7267402,34184563.4200,3,0.554700,1,-1.886800,0
2023-10-31,sz.002356,4.6800,4.7900,4.6700,4.7000,4.6800,5842500,27559921.0000,3,0.445900,1,0.427400,0
2023-11-01,sz.002356,4.7500,5.1700,4.7200,5.1700,4.7000,20385060,101233605.3000,3,1.555900,1,10.000000,0
2023-11-02,sz.002356,5.4900,5.4900,5.0400,5.2600,5.1700,43709160,232365287.4500,3,3.336200,1,1.740800,0
2023-11-03,sz.002356,5.3000,5.3400,5.1000,5.1300,5.2600,23198369,119537657.6300,3,1.770700,1,-2.471500,0
2023-11-06,sz.002356,5.1300,5.3300,5.1300,5.2300,5.1300,16028900,84175036.5000,3,1.223400,1,1.949300,0
2023-11-07,sz.002356,5.2200,5.2200,5.0900,5.1800,5.2300,10681250,54983555.0000,3,0.815300,1,-0.956000,0
2023-11-08,sz.002356,5.1400,5.2600,5.1200,5.1500,5.1800,9009600,46491653.0000,3,0.687700,1,-0.579200,0
2023-11-09,sz.002356,5.1800,5.2000,5.0400,5.0800,5.1500,9435780,48040372.0000,3,0.720200,1,-1.359200,0
2023-11-10,sz.002356,5.0500,5.1500,5.0200,5.0900,5.0800,6723900,34196129.0000,3,0.513200,1,0.196900,0
2023-11-13,sz.002356,5.1300,5.2000,5.0700,5.1800,5.0900,8662600,44508254.0000,3,0.661200,1,1.768200,0
2023-11-14,sz.002356,5.1800,5.2800,5.1400,5.1900,5.1800,10037480,52350433.2000,3,0.766100,1,0.193100,0
2023-11-15,sz.002356,5.2500,5.2500,5.1400,5.1600,5.1900,7471370,38673995.6000,3,0.570300,1,-0.578000,0
2023-11-16,sz.002356,5.1600,5.1700,5.0900,5.1200,5.1600,5295934,27185719.1000,3,0.404200,1,-0.775200,0
2023-11-17,sz.002356,5.1300,5.2600,5.0700,5.1500,5.1200,8213700,42301617.0000,3,0.626900,1,0.585900,0
2023-11-20,sz.002356,5.2400,5.6700,5.1700,5.6700,5.1500,20938500,113074553.0000,3,1.598200,1,10.097100,0
2023-11-21,sz.002356,5.9000,5.9600,5.6700,5.7800,5.6700,52531028,304114827.7600,3,4.009500,1,1.940000,0
2023-11-22,sz.002356,5.7200,6.1500,5.6600,5.9200,5.7800,46035817,269763191.9100,3,3.513800,1,2.422100,0
2023-11-23,sz.002356,5.8900,5.9300,5.7500,5.8700,5.9200,29427818,171702295.8300,3,2.246100,1,-0.844600,0
2023-11-24,sz.002356,5.9200,6.1500,5.8000,5.8900,5.8700,29562587,176422335.9600,3,2.256400,1,0.340700,0
2023-11-27,sz.002356,5.8500,6.0300,5.7800,5.9300,5.8900,22058549,130511686.8900,3,1.683700,1,0.679100,0
2023-11-28,sz.002356,5.9000,5.9400,5.7300,5.7800,5.9300,24534476,142701989.6000,3,1.872600,1,-2.529500,0
2023-11-29,sz.002356,5.7700,5.8600,5.7000,5.7600,5.7800,16365169,94394253.0800,3,1.249100,1,-0.346000,0
2023-11-30,sz.002356,5.7500,5.8900,5.7400,5.8600,5.7600,16030690,93341925.2000,3,1.223600,1,1.736100,0
2023-12-01,sz.002356,5.9100,5.9700,5.7700,5.8300,5.8600,16640900,97284028.0000,3,1.270200,1,-0.511900,0
2023-12-04,sz.002356,5.8300,5.8500,5.7400,5.8000,5.8300,11380968,65955497.7600,3,0.868700,1,-0.514600,0
2023-12-05,sz.002356,5.8200,5.8200,5.7000,5.7100,5.8000,8951100,51405481.0000,3,0.683200,1,-1.551700,0
2023-12-06,sz.002356,5.7100,5.7900,5.6700,5.7600,5.7100,11567100,66240480.0000,3,0.882900,1,0.875700,0
2023-12-07,sz.002356,5.7500,5.7800,5.6000,5.6700,5.7600,10408080,58987075.6000,3,0.794400,1,-1.562500,0
2023-12-08,sz.002356,5.6300,5.7100,5.4600,5.4800,5.6700,15238900,84760631.0000,3,1.163100,1,-3.351000,0
2023-12-11,sz.002356,5.4100,5.4700,5.3900,5.4200,5.4800,12247208,66433045.4400,3,0.934800,1,-1.094900,0
2023-12-12,sz.002356,5.4900,5.5500,5.4200,5.4800,5.4200,9159210,50295135.3000,3,0.699100,1,1.107000,0
2023-12-13,sz.002356,5.4700,5.5100,5.3000,5.3200,5.4800,10626480,57159790.8000,3,0.811100,1,-2.919700,0
2023-12-14,sz.002356,5.4100,5.4700,5.3200,5.4000,5.3200,12373200,66761110.0000,3,0.944400,1,1.503800,0
2023-12-15,sz.002356,5.4000,5.4500,5.3200,5.4100,5.4000,7159800,38659658.0000,3,0.546500,1,0.185200,0
2023-12-18,sz.002356,5.4100,5.4400,5.1200,5.1900,5.4100,18873400,99279566.0000,3,1.440600,1,-4.066500,0
2023-12-19,sz.002356,5.2500,5.2500,5.1400,5.1900,5.1900,9188800,47645791.0000,3,0.701400,1,0.000000,0
2023-12-20,sz.002356,5.1600,5.2300,4.9400,5.0100,5.1900,15441700,78087140.0000,3,1.178600,1,-3.468200,0
2023-12-21,sz.002356,5.0200,5.1300,4.9500,5.1100,5.0100,10225210,51569404.3000,3,0.780500,1,1.996000,0
2023-12-22,sz.002356,5.1200,5.3000,5.0600,5.0700,5.1100,12662770,65325110.5000,3,0.966500,1,-0.782800,0
2023-12-25,sz.002356,5.0700,5.0700,4.9200,4.9500,5.0700,10149400,50440994.0000,3,0.774700,1,-2.366900,0
2023-12-26,sz.002356,5.0000,5.0000,4.7500,4.7700,4.9500,10224400,49425397.0000,3,0.780400,1,-3.636400,0
2023-12-27,sz.002356,4.7900,4.8900,4.7600,4.8400,4.7700,9388770,45162448.3000,3,0.716600,1,1.467500,0
2023-12-28,sz.002356,4.8000,4.8900,4.8000,4.8300,4.8400,6545200,31749084.0000,3,0.499600,1,-0.206600,0
2023-12-29,sz.002356,4.8000,5.0800,4.7800,5.0100,4.8300,15379340,76100845.5000,3,1.173900,1,3.726700,0
2024-01-02,sz.002356,5.0200,5.0600,4.8800,4.9300,5.0100,8478100,41905990.0000,3,0.647100,1,-1.596800,0
2024-01-03,sz.002356,4.9500,4.9600,4.7900,4.8400,4.9300,7550470,36690534.8000,3,0.576300,1,-1.825600,0
2024-01-04,sz.002356,4.8400,4.9100,4.7800,4.9000,4.8400,8191500,39661065.0000,3,0.625200,1,1.239700,0
2024-01-05,sz.002356,4.9100,4.9300,4.7600,4.8100,4.9000,6563900,31638295.0000,3,0.501000,1,-1.836700,0
2024-01-08,sz.002356,4.8100,4.8400,4.7300,4.7400,4.8100,5977630,28586571.0000,3,0.456300,1,-1.455300,0
2024-01-09,sz.002356,4.8100,4.8500,4.7300,4.7800,4.7400,6764900,32420784.0000,3,0.516300,1,0.843900,0
2024-01-10,sz.002356,4.8000,4.8800,4.7500,4.8700,4.7800,6891070,33302447.5000,3,0.526000,1,1.882800,0
2024-01-11,sz.002356,4.8800,5.3600,4.8800,5.3600,4.8700,31168645,164148503.2000,3,2.379000,1,10.061600,0
2024-01-12,sz.002356,5.2900,5.3800,5.0500,5.0800,5.3600,38657251,201148941.5500,3,2.950600,1,-5.223900,0
2024-01-15,sz.002356,5.1800,5.5900,5.1500,5.5900,5.0800,14430560,79226564.4000,3,1.101400,1,10.039400,0
2024-01-16,sz.002356,6.0100,6.0200,5.3200,5.4300,5.5900,66526658,376142004.4800,3,5.077800,1,-2.862300,0
2024-01-17,sz.002356,5.3800,5.4300,5.1500,5.1600,5.4300,35166980,185035920.4000,3,2.684200,1,-4.972400,0
2024-01-18,sz.002356,5.2200,5.3000,4.9100,5.0800,5.1600,27847428,140276448.2800,3,2.125500,1,-1.550400,0
2024-01-19,sz.002356,5.0700,5.1800,5.0100,5.0400,5.0800,17417340,88792551.7000,3,1.329400,1,-0.787400,0
2024-01-22,sz.002356,5.0000,5.0400,4.5700,4.6600,5.0400,19296840,93156125.7000,3,1.472900,1,-7.539700,0
2024-01-23,sz.002356,4.6000,4.7800,4.5600,4.6900,4.6600,12245400,57036597.0000,3,0.934700,1,0.643800,0
2024-01-24,sz.002356,4.6700,4.8500,4.5900,4.7800,4.6900,12782060,60615942.8000,3,0.975600,1,1.919000,0
2024-01-25,sz.002356,4.7800,4.9700,4.6900,4.9000,4.7800,13376964,64686783.6000,3,1.021000,1,2.510500,0
2024-01-26,sz.002356,4.9300,4.9400,4.7800,4.8100,4.9000,8942900,43558535.0000,3,0.682600,1,-1.836700,0
2024-01-29,sz.002356,4.8100,4.8500,4.6900,4.7000,4.8100,8796150,41850840.0000,3,0.671400,1,-2.286900,0
2024-01-30,sz.002356,4.7000,4.7000,4.5000,4.5200,4.7000,8104260,37349289.6000,3,0.618600,1,-3.829800,0
2024-01-31,sz.002356,4.5900,4.5900,4.2000,4.2400,4.5200,11005608,48100521.8800,3,0.840000,1,-6.194700,0
2024-02-01,sz.002356,4.2400,4.2500,4.0300,4.1300,4.2400,10704460,44210492.0000,3,0.817000,1,-2.594300,0
2024-02-02,sz.002356,4.1300,4.2000,3.8600,4.0200,4.1300,12660370,51130651.2000,3,0.966300,1,-2.663400,0
2024-02-05,sz.002356,4.4100,4.4200,4.0500,4.0900,4.0200,31856750,136454988.5200,3,2.431500,1,1.741300,0
2024-02-06,sz.002356,3.8500,4.1600,3.6800,4.0500,4.0900,27821130,106587564.9000,3,2.123500,1,-0.978000,0
2024-02-07,sz.002356,4.0000,4.0800,3.8800,3.9100,4.0500,14334800,56879147.3000,3,1.094100,1,-3.456800,0
2024-02-08,sz.002356,3.9600,4.1100,3.8700,4.0800,3.9100,12682007,50622018.5400,3,0.968000,1,4.347800,0
2024-02-19,sz.002356,4.0900,4.2900,4.0900,4.2500,4.0800,8951928,37895714.0600,3,0.683300,1,4.166700,0
2024-02-20,sz.002356,4.2500,4.2800,4.1600,4.2500,4.2500,6321145,26734029.8500,3,0.482500,1,0.000000,0
2024-02-21,sz.002356,4.2500,4.5000,4.1800,4.3300,4.2500,8919588,39024780.3500,3,0.680800,1,1.882400,0
2024-02-22,sz.002356,4.3500,4.4200,4.3000,4.3800,4.3300,5578100,24337279.0000,3,0.425800,1,1.154700,0
2024-02-23,sz.002356,4.3900,4.4500,4.3200,4.4500,4.3800,7243500,31702719.0000,3,0.552900,1,1.598200,0
2024-02-26,sz.002356,4.5800,4.5800,4.3800,4.4300,4.4500,8153900,36393265.0000,3,0.622400,1,-0.449400,0
2024-02-27,sz.002356,4.4300,4.5300,4.3800,4.5200,4.4300,5862499,26208594.5500,3,0.447500,1,2.031600,0
2024-02-28,sz.002356,4.5500,4.6300,4.3200,4.3300,4.5200,13821480,62017174.6000,3,1.055000,1,-4.203500,0
2024-02-29,sz.002356,4.3300,4.6100,4.2000,4.5200,4.3300,13292548,59292251.1100,3,1.014600,1,4.388000,0
2024-03-01,sz.002356,4.6200,4.7500,4.5500,4.5800,4.5200,13666670,63053330.5600,3,1.043100,1,1.327400,0
2024-03-04,sz.002356,4.5300,4.5700,4.3400,4.3700,4.5800,12718744,56032899.8800,3,0.970800,1,-4.585200,0
2024-03-05,sz.002356,4.3800,4.4200,4.2300,4.3000,4.3700,9702900,41927661.7800,3,0.740600,1,-1.601800,0
2024-03-06,sz.002356,4.3900,4.4700,4.2600,4.3300,4.3000,8515762,37087963.8400,3,0.650000,1,0.697700,0
2024-03-07,sz.002356,4.3100,4.4100,4.2800,4.3000,4.3300,7122912,30858416.8000,3,0.543700,1,-0.692800,0
2024-03-08,sz.002356,4.2900,4.4400,4.2000,4.3300,4.3000,9246400,39730480.0000,3,0.705800,1,0.697700,0
2024-03-11,sz.002356,4.3400,4.3400,4.2800,4.3200,4.3300,5431112,23390528.5800,3,0.414500,1,-0.230900,0
2024-03-12,sz.002356,4.3300,4.4100,4.3000,4.3600,4.3200,10023260,43490507.9000,3,0.765000,1,0.925900,0
2024-03-13,sz.002356,4.3400,4.3700,4.2400,4.2800,4.3600,7710810,33083880.2000,3,0.588500,1,-1.834900,0
2024-03-14,sz.002356,4.3000,4.7100,4.2800,4.7100,4.2800,33834162,157089742.8000,3,2.582500,1,10.046700,0
2024-03-15,sz.002356,4.7800,4.8600,4.6100,4.6800,4.7100,39843626,187717552.0000,3,3.041100,1,-0.636900,0
2024-03-18,sz.002356,4.5900,4.6700,4.5700,4.6300,4.6800,18487270,85254627.4000,3,1.411100,1,-1.068400,0
2024-03-19,sz.002356,4.5900,4.7300,4.5000,4.6000,4.6300,23083210,106022514.6000,3,1.761900,1,-0.647900,0
2024-03-20,sz.002356,4.6000,4.6200,4.5500,4.6000,4.6000,9485200,43424153.0000,3,0.724000,1,0.000000,0
2024-03-21,sz.002356,4.6000,4.6300,4.5400,4.5700,4.6000,10997290,50299038.9000,3,0.839400,1,-0.652200,0
2024-03-22,sz.002356,4.5900,4.5900,4.4100,4.4200,4.5700,11584750,51662276.5000,3,0.884200,1,-3.282300,0
2024-03-25,sz.002356,4.4200,4.4600,4.3100,4.3100,4.4200,10085143,44123694.4800,3,0.769800,1,-2.488700,0
2024-03-26,sz.002356,4.3200,4.3200,4.2000,4.2400,4.3100,9888924,42056724.7600,3,0.754800,1,-1.624100,0
2024-03-27,sz.002356,4.2500,4.6000,4.2200,4.3600,4.2400,16798481,74197619.3700,3,1.282200,1,2.830200,0
2024-03-28,sz.002356,4.2900,4.3800,4.1500,4.3700,4.3600,10959144,47192005.1400,3,0.836500,1,0.229400,0
2024-03-29,sz.002356,4.3500,4.3500,4.2600,4.3000,4.3700,6731700,28924006.0000,3,0.513400,1,-1.601800,0
2024-04-01,sz.002356,4.3000,4.3300,4.2600,4.3100,4.3000,8179321,35056648.3900,3,0.623800,1,0.232600,0
2024-04-02,sz.002356,4.3300,4.4600,4.2700,4.4400,4.3100,13593941,59545786.1000,3,1.036700,1,3.016200,0
2024-04-03,sz.002356,4.4000,4.5200,4.3700,4.4400,4.4400,10787070,48079764.0000,3,0.822700,1,0.000000,0
2024-04-08,sz.002356,4.3800,4.3900,4.2300,4.2300,4.4400,9565900,41151449.0000,3,0.729500,1,-4.729700,0
2024-04-09,sz.002356,4.2300,4.2800,4.1500,4.2100,4.2300,7272000,30591517.0000,3,0.554600,1,-0.472800,0
2024-04-10,sz.002356,4.1900,4.2000,4.0800,4.1100,4.2100,7033800,29034085.0000,3,0.536400,1,-2.375300,0
2024-04-11,sz.002356,4.0800,4.1700,4.0300,4.1100,4.1100,5703970,23404835.5000,3,0.435000,1,0.000000,0
2024-04-12,sz.002356,4.1100,4.1600,4.0700,4.1000,4.1100,4860469,19984733.0100,3,0.370700,1,-0.243300,0
2024-04-15,sz.002356,4.0900,4.0900,3.8100,3.8900,4.1000,13578915,53019560.3600,3,1.035600,1,-5.122000,0
2024-04-16,sz.002356,3.8800,3.8900,3.5000,3.5000,3.8900,19270006,69055967.8200,3,1.469600,1,-10.025700,0
2024-04-17,sz.002356,3.3700,3.7000,3.3700,3.6200,3.5000,10063639,36258150.0600,3,0.767500,1,3.428600,0
2024-04-18,sz.002356,3.6200,3.9000,3.6200,3.7700,3.6200,13601756,51540746.0600,3,1.037300,1,4.143600,0
2024-04-19,sz.002356,3.7700,3.7800,3.6500,3.6600,3.7700,7808100,28839306.0000,3,0.595500,1,-2.917800,0
2024-04-22,sz.002356,3.6000,3.6800,3.5700,3.6500,3.6600,5035750,18294032.5000,3,0.384000,1,-0.273200,0
2024-04-23,sz.002356,3.6900,3.7200,3.6300,3.6700,3.6500,5155120,18897019.5000,3,0.393100,1,0.547900,0
2024-04-24,sz.002356,3.6800,3.7400,3.6300,3.7100,3.6700,5925570,21843464.9000,3,0.451900,1,1.089900,0
2024-04-25,sz.002356,3.7100,3.9200,3.6900,3.8200,3.7100,9722500,37282950.0000,3,0.741500,1,2.965000,0
2024-04-26,sz.002356,3.8200,3.8800,3.7000,3.8500,3.8200,8877105,33752434.1500,3,0.677000,1,0.785300,0
2024-04-29,sz.002356,3.8400,3.9000,3.7500,3.8400,3.8500,7497980,28851760.6000,3,0.571800,1,-0.259700,0
2024-04-30,sz.002356,3.8500,3.8800,3.7800,3.8400,3.8400,5312644,20312754.5200,3,0.405200,1,0.000000,0
2024-05-06,sz.002356,3.8500,3.8600,3.8200,3.8400,3.8400,5591169,21441680.5600,3,0.426400,1,0.000000,0
2024-05-07,sz.002356,3.8500,4.0200,3.8200,3.9100,3.8400,10083829,39410330.1000,3,0.769000,1,1.822900,0
2024-05-08,sz.002356,3.9100,3.9300,3.7400,3.7700,3.9100,6618984,25197939.8200,3,0.504800,1,-3.580600,0
2024-05-09,sz.002356,3.7900,3.8500,3.7200,3.7400,3.7700,5518750,20865230.5000,3,0.420900,1,-0.795800,0
2024-05-10,sz.002356,3.7400,3.7500,3.6000,3.7000,3.7400,5172250,19005010.5000,3,0.394500,1,-1.069500,0
2024-05-13,sz.002356,3.7000,3.7000,3.6100,3.6200,3.7000,3472960,12620361.2000,3,0.264900,1,-2.162200,0
2024-05-14,sz.002356,3.6100,3.6700,3.5900,3.6100,3.6200,4447879,16129669.9000,3,0.339200,1,-0.276200,0
2024-05-15,sz.002356,3.6100,3.6400,3.5400,3.5600,3.6100,4755950,17022731.5000,3,0.362700,1,-1.385000,0
2024-05-16,sz.002356,3.5800,3.6500,3.5500,3.5600,3.5600,5653650,20313629.5000,3,0.431200,1,0.000000,0
2024-05-17,sz.002356,3.5700,3.6300,3.5000,3.6200,3.5600,5673970,20251529.8000,3,0.432700,1,1.685400,0
2024-05-20,sz.002356,3.6100,3.6600,3.5400,3.6000,3.6200,6583400,23660683.0000,3,0.502100,1,-0.552500,0
2024-05-21,sz.002356,3.5800,3.5900,3.5300,3.5300,3.6000,3870570,13764123.2000,3,0.295200,1,-1.944400,0
2024-05-22,sz.002356,3.5600,3.5600,3.4600,3.4900,3.5300,5599700,19584675.0000,3,0.427000,1,-1.133100,0
2024-05-23,sz.002356,3.4900,3.4900,3.2400,3.3000,3.4900,15582400,52241245.0000,3,1.188400,1,-5.444100,0
2024-05-24,sz.002356,3.3000,3.3500,3.2400,3.2800,3.3000,10228320,33602793.1000,3,0.780000,1,-0.606100,0
2024-05-27,sz.002356,3.3200,3.3400,3.1700,3.2500,3.2800,7162020,23101404.4000,3,0.546200,1,-0.914600,0
2024-05-28,sz.002356,3.2500,3.3300,3.1900,3.2100,3.2500,8027132,26085603.4000,3,0.612200,1,-1.230800,0
2024-05-29,sz.002356,3.2200,3.2500,3.0700,3.1100,3.2100,11772200,36837453.5000,3,0.897800,1,-3.115300,0
2024-05-30,sz.002356,3.1100,3.1100,2.9900,3.0100,3.1100,12535420,37953818.3000,3,0.956000,1,-3.215400,0
2024-05-31,sz.002356,3.0900,3.3100,3.0700,3.3100,3.0100,19727029,64190020.9100,3,1.504400,1,9.966800,0
2024-06-03,sz.002356,3.4000,3.4800,3.2000,3.3100,3.3100,36963748,123959528.8200,3,2.819000,1,0.000000,0
2024-06-04,sz.002356,3.1900,3.2900,3.0900,3.1500,3.3100,23155160,73482874.9000,3,1.765900,1,-4.833800,0
2024-06-05,sz.002356,3.1200,3.1500,3.0400,3.0900,3.1500,11271650,35023673.0000,3,0.859600,1,-1.904800,0
2024-06-06,sz.002356,3.1600,3.4000,3.1600,3.4000,3.0900,20869853,70252743.5000,3,1.591600,1,10.032400,0
2024-06-07,sz.002356,3.4300,3.7400,3.4000,3.7400,3.4000,24910284,91048298.3500,3,1.899700,1,10.000000,0
2024-06-11,sz.002356,3.9600,4.1100,3.6400,3.6700,3.7400,69909495,274727932.5800,3,5.331500,1,-1.871700,0
2024-06-12,sz.002356,3.3000,3.9800,3.3000,3.8100,3.6700,62029189,216415065.6400,3,4.730500,1,3.814700,0
2024-06-13,sz.002356,3.6500,3.6500,3.4300,3.4400,3.8100,42303080,149003749.8000,3,3.226200,1,-9.711300,0
2024-06-14,sz.002356,3.4000,3.5900,3.3200,3.4700,3.4400,22230600,77181146.0000,3,1.695400,1,0.872100,0
2024-06-17,sz.002356,3.4300,3.5900,3.3700,3.4400,3.4700,20162500,70034509.0000,3,1.537600,1,-0.864600,0
2024-06-18,sz.002356,3.4500,3.4800,3.3700,3.4200,3.4400,15817436,53999367.6800,3,1.206300,1,-0.581400,0
2024-06-19,sz.002356,3.4100,3.4300,3.3100,3.3400,3.4200,14708036,49253915.6000,3,1.121700,1,-2.339200,0
2024-06-20,sz.002356,3.3400,3.3600,3.1900,3.2000,3.3400,12262660,39555742.0000,3,0.935200,1,-4.191600,0
2024-06-21,sz.002356,3.1700,3.2600,3.1600,3.2100,3.2000,7904300,25409116.0000,3,0.602800,1,0.312500,0
2024-06-24,sz.002356,3.1900,3.2000,3.0700,3.0800,3.2100,9835886,30612232.1800,3,0.750100,1,-4.049800,0
2024-06-25,sz.002356,3.0900,3.2200,3.0700,3.1500,3.0800,10019900,31592780.0000,3,0.764100,1,2.272700,0
2024-06-26,sz.002356,3.1500,3.2100,3.0900,3.2100,3.1500,8034200,25288235.0000,3,0.612700,1,1.904800,0
2024-06-27,sz.002356,3.1800,3.2400,3.1000,3.1200,3.2100,7323200,23188243.0000,3,0.558500,1,-2.803700,0
2024-06-28,sz.002356,3.1000,3.1600,3.0700,3.0800,3.1200,6858400,21357755.0000,3,0.523000,1,-1.282100,0
2024-07-01,sz.002356,3.0700,3.1300,3.0500,3.1000,3.0800,4490900,13857413.0000,3,0.342500,1,0.649400,0
2024-07-02,sz.002356,3.1000,3.1700,3.0600,3.1400,3.1000,6484600,20352186.0000,3,0.494500,1,1.290300,0
2024-07-03,sz.002356,3.1900,3.3800,3.1500,3.2300,3.1400,15611400,51306993.0000,3,1.190600,1,2.866200,0
2024-07-04,sz.002356,3.1800,3.1900,3.0500,3.0900,3.2300,9641400,29946464.0000,3,0.735300,1,-4.334400,0
2024-07-05,sz.002356,3.0800,3.1200,3.0200,3.0900,3.0900,4585600,14094756.0000,3,0.349700,1,0.000000,0
2024-07-08,sz.002356,3.0700,3.0900,2.9900,3.0000,3.0900,6116480,18477601.0000,3,0.466500,1,-2.912600,0
2024-07-09,sz.002356,3.0000,3.0400,2.8800,3.0200,3.0000,7051190,20921832.1000,3,0.537700,1,0.666700,0
2024-07-10,sz.002356,2.9900,3.0100,2.8900,2.9100,3.0200,4551156,13401367.4000,3,0.347100,1,-3.642400,0
2024-07-11,sz.002356,2.9600,3.1400,2.9500,3.0400,2.9100,11554696,35286984.8400,3,0.881200,1,4.467400,0
2024-07-12,sz.002356,3.0400,3.3200,3.0400,3.0800,3.0400,12405800,39370138.0000,3,0.946100,1,1.315800,0
2024-07-15,sz.002356,3.0800,3.1800,3.0600,3.1100,3.0800,7440700,23196162.0000,3,0.567400,1,0.974000,0
2024-07-16,sz.002356,3.0800,3.1000,3.0200,3.0300,3.1100,4882100,14873939.0000,3,0.372300,1,-2.572300,0
2024-07-17,sz.002356,3.0300,3.1200,3.0300,3.0800,3.0300,4970210,15294685.3500,3,0.379000,1,1.650200,0
2024-07-18,sz.002356,3.0900,3.1000,3.0300,3.0600,3.0800,3620420,11052818.0000,3,0.276100,1,-0.649400,0
2024-07-19,sz.002356,3.0600,3.1100,3.0400,3.0600,3.0600,3207800,9843109.0000,3,0.244600,1,0.000000,0
2024-07-22,sz.002356,3.0600,3.1200,3.0200,3.0700,3.0600,4488200,13780263.0000,3,0.342300,1,0.326800,0
2024-07-23,sz.002356,3.0600,3.1100,3.0000,3.0100,3.0700,5706370,17415288.6000,3,0.435200,1,-1.954400,0
2024-07-24,sz.002356,3.0000,3.0600,2.9800,3.0100,3.0100,3477040,10485322.4000,3,0.265200,1,0.000000,0
2024-07-25,sz.002356,3.0100,3.0400,2.9800,3.0000,3.0100,3917200,11778964.0000,3,0.298700,1,-0.332200,0
2024-07-26,sz.002356,3.0000,3.0400,2.9700,2.9900,3.0000,6190770,18584061.7000,3,0.472100,1,-0.333300,0
2024-07-29,sz.002356,3.0100,3.0900,2.9700,3.0600,2.9900,6776580,20580327.9000,3,0.516800,1,2.341100,0
2024-07-30,sz.002356,3.0400,3.0700,2.9700,3.0300,3.0600,6762510,20351823.2000,3,0.515700,1,-0.980400,0
2024-07-31,sz.002356,3.0200,3.0800,3.0000,3.0800,3.0300,7641720,23336119.4000,3,0.582800,1,1.650200,0
2024-08-01,sz.002356,3.0900,3.1100,3.0600,3.0600,3.0800,5071610,15622946.4000,3,0.386800,1,-0.649400,0
2024-08-02,sz.002356,3.0600,3.1100,3.0300,3.0600,3.0600,5903370,18190559.5000,3,0.450200,1,0.000000,0
2024-08-05,sz.002356,3.0700,3.1000,2.9900,2.9900,3.0600,6776340,20591093.6000,3,0.516800,1,-2.287600,0
2024-08-06,sz.002356,3.0000,3.0500,2.9900,3.0300,2.9900,4955480,14946975.2000,3,0.377900,1,1.337800,0
2024-08-07,sz.002356,3.0400,3.0500,3.0000,3.0000,3.0300,3051810,9204559.0000,3,0.232700,1,-0.990100,0
2024-08-08,sz.002356,3.0000,3.0200,2.9700,3.0000,3.0000,3201400,9602141.0000,3,0.244100,1,0.000000,0
2024-08-09,sz.002356,2.9900,3.0200,2.9300,2.9300,3.0000,7544200,22399656.0000,3,0.575300,1,-2.333300,0
2024-08-12,sz.002356,2.9200,2.9300,2.8700,2.8700,2.9300,5856410,16913488.9000,3,0.446600,1,-2.047800,0
2024-08-13,sz.002356,2.8600,2.8800,2.8300,2.8500,2.8700,3555000,10119883.0000,3,0.271100,1,-0.696900,0
2024-08-14,sz.002356,2.8400,2.8900,2.8300,2.8500,2.8500,2687100,7671597.0000,3,0.204900,1,0.000000,0
2024-08-15,sz.002356,2.9000,3.1400,2.9000,3.1400,2.8500,18773842,58244641.2000,3,1.431700,1,10.175400,0
2024-08-16,sz.002356,3.2100,3.2600,3.0400,3.0700,3.1400,25583510,80422567.9000,3,1.951100,1,-2.229300,0
2024-08-19,sz.002356,3.0700,3.1200,2.9900,3.0800,3.0700,16379390,50058012.8000,3,1.249100,1,0.325700,0
2024-08-20,sz.002356,3.0700,3.3200,3.0000,3.1700,3.0800,29097032,91771581.9200,3,2.219000,1,2.922100,0
2024-08-21,sz.002356,3.1700,3.1700,2.9800,3.0300,3.1700,16940980,51413741.6000,3,1.292000,1,-4.416400,0
2024-08-22,sz.002356,3.0300,3.0500,2.9300,2.9600,3.0300,10790580,32047969.8000,3,0.822900,1,-2.310200,0
2024-08-23,sz.002356,2.9500,2.9800,2.8600,2.8900,2.9600,8547600,24832453.0000,3,0.651900,1,-2.364900,0
2024-08-26,sz.002356,2.8600,2.9100,2.8400,2.8500,2.8900,8512600,24442236.0000,3,0.649200,1,-1.384100,0
2024-08-27,sz.002356,2.8600,3.0300,2.7500,2.9400,2.8500,16810620,48354168.2000,3,1.282000,1,3.157900,0
2024-08-28,sz.002356,2.9200,3.1000,2.8600,3.0300,2.9400,16384583,49188485.0700,3,1.249500,1,3.061200,0
2024-08-29,sz.002356,3.0000,3.0000,2.9100,2.9300,3.0300,10698700,31450467.0000,3,0.815900,1,-3.300300,0
2024-08-30,sz.002356,2.9000,2.9900,2.8900,2.9300,2.9300,10658190,31466019.1000,3,0.812800,1,0.000000,0
2024-09-02,sz.002356,2.9300,2.9900,2.8800,2.9000,2.9300,7087000,20758826.0000,3,0.540500,1,-1.023900,0
2024-09-03,sz.002356,2.9000,2.9200,2.8300,2.8600,2.9000,9665285,27644407.3000,3,0.737100,1,-1.379300,0
2024-09-04,sz.002356,2.8500,2.8600,2.7900,2.8100,2.8600,6463880,18177015.2000,3,0.493000,1,-1.748300,0
2024-09-05,sz.002356,2.8000,2.8400,2.8000,2.8100,2.8100,4589860,12939708.6000,3,0.350000,1,0.000000,0
2024-09-06,sz.002356,2.8300,2.8300,2.7300,2.7500,2.8100,8629340,23888296.4000,3,0.658100,1,-2.135200,0
2024-09-09,sz.002356,2.7200,2.7300,2.6700,2.7000,2.7500,6048390,16289595.2000,3,0.461300,1,-1.818200,0
2024-09-10,sz.002356,2.7000,2.7800,2.7000,2.7400,2.7000,4316900,11805501.0000,3,0.329200,1,1.481500,0
2024-09-11,sz.002356,2.7100,2.7300,2.6800,2.7000,2.7400,2613400,7073918.0000,3,0.199300,1,-1.459900,0
2024-09-12,sz.002356,2.7100,2.7400,2.7000,2.7200,2.7000,3810100,10373145.0000,3,0.290600,1,0.740700,0
2024-09-13,sz.002356,2.7300,2.7400,2.6500,2.6600,2.7200,4126014,11043117.1000,3,0.314700,1,-2.205900,0
2024-09-18,sz.002356,2.6600,2.6800,2.6000,2.6400,2.6600,3655140,9611188.0000,3,0.278800,1,-0.751900,0
2024-09-19,sz.002356,2.9000,2.9000,2.7700,2.8000,2.6400,23190195,66056917.0200,3,1.768600,1,6.060600,0
2024-09-20,sz.002356,2.6700,2.7500,2.6700,2.7100,2.8000,14889961,40295916.4700,3,1.135600,1,-3.214300,0
2024-09-23,sz.002356,2.7000,2.8500,2.6800,2.7600,2.7100,13956666,38569526.5500,3,1.064400,1,1.845000,0
2024-09-24,sz.002356,2.7900,2.8400,2.7600,2.8300,2.7600,11312590,31720202.2000,3,0.862700,1,2.536200,0
2024-09-25,sz.002356,2.8500,2.9300,2.8300,2.8500,2.8300,11872550,34187797.0000,3,0.905400,1,0.706700,0
2024-09-26,sz.002356,2.8400,2.9100,2.8300,2.9100,2.8500,9135340,26313937.4000,3,0.696700,1,2.105300,0
2024-09-27,sz.002356,2.9500,3.1100,2.9300,3.0700,2.9100,15073500,45487686.2000,3,1.149500,1,5.498300,0
2024-09-30,sz.002356,3.1500,3.3800,3.1500,3.3700,3.0700,32636913,107739498.3900,3,2.489000,1,9.772000,0
2024-10-08,sz.002356,3.7000,3.7100,3.1900,3.4200,3.3700,42231500,146060228.1800,3,3.220700,1,1.483700,0
2024-10-09,sz.002356,3.2700,3.3100,3.0800,3.0800,3.4200,23623430,74520979.4400,3,1.801600,1,-9.941500,0
2024-10-10,sz.002356,3.0500,3.1600,2.9500,2.9800,3.0800,23943150,72874185.0000,3,1.826000,1,-3.246800,0
2024-10-11,sz.002356,3.0300,3.0800,2.9000,2.9500,2.9800,16427673,49139191.9200,3,1.252800,1,-1.006700,0
2024-10-14,sz.002356,2.9500,3.0100,2.8900,2.9900,2.9500,11128360,32889827.8000,3,0.848700,1,1.355900,0
2024-10-15,sz.002356,2.9900,3.0700,2.9500,2.9800,2.9900,13220570,39925623.5700,3,1.008200,1,-0.334400,0
2024-10-16,sz.002356,2.9600,3.0200,2.9200,2.9800,2.9800,8959320,26642987.1000,3,0.683300,1,0.000000,0
2024-10-17,sz.002356,3.0200,3.0600,2.9500,3.0100,2.9800,13571415,40650623.1000,3,1.035000,1,1.006700,0
2024-10-18,sz.002356,3.0000,3.2500,2.9800,3.1600,3.0100,44045295,135332941.8300,3,3.359000,1,4.983400,0
2024-10-21,sz.002356,3.1200,3.3800,3.0500,3.2900,3.1600,62946622,203234441.4600,3,4.800500,1,4.113900,0
2024-10-22,sz.002356,3.2100,3.2400,3.1200,3.1700,3.2900,37864469,119926190.8400,3,2.887700,1,-3.647400,0
2024-10-23,sz.002356,3.1700,3.3500,3.1000,3.2000,3.1700,45256151,145783900.8100,3,3.451400,1,0.946400,0
2024-10-24,sz.002356,3.1700,3.2600,3.1200,3.1500,3.2000,19834851,62888101.6500,3,1.512700,1,-1.562500,0
2024-10-25,sz.002356,3.2800,3.3800,3.2100,3.3100,3.1500,61890710,204617507.8100,3,4.720000,1,5.079400,0
2024-10-28,sz.002356,3.3100,3.3800,3.2900,3.3500,3.3100,36058489,120078361.5800,3,2.749900,1,1.208500,0
2024-10-29,sz.002356,3.3400,3.3600,3.1900,3.2000,3.3500,28953919,93930773.9400,3,2.208100,1,-4.477600,0
2024-10-30,sz.002356,3.1700,3.2600,3.1500,3.2100,3.2000,17260693,55490057.2600,3,1.316300,1,0.312500,0
2024-10-31,sz.002356,3.2000,3.5300,3.1900,3.4300,3.2100,67640473,230328067.5300,3,5.158500,1,6.853600,0
2024-11-01,sz.002356,3.4000,3.4300,3.2000,3.2200,3.4300,47253200,155029814.9500,3,3.603700,1,-6.122400,0
2024-11-04,sz.002356,3.2600,3.4000,3.1900,3.3400,3.2200,35291300,116697927.0000,3,2.691400,1,3.726700,0
2024-11-05,sz.002356,3.3200,3.4600,3.3200,3.4500,3.3400,34596960,118086914.8000,3,2.638500,1,3.293400,0
2024-11-06,sz.002356,3.4800,3.5100,3.3800,3.4600,3.4500,31414020,108338042.4300,3,2.395700,1,0.289900,0
2024-11-07,sz.002356,3.4600,3.5900,3.4300,3.5500,3.4600,30903790,108953717.4000,3,2.356800,1,2.601200,0
2024-11-08,sz.002356,3.5900,3.6300,3.5400,3.5800,3.5500,29336400,105092842.2000,3,2.237300,1,0.845100,0
2024-11-11,sz.002356,3.5700,3.5800,3.4800,3.5400,3.5800,24167590,85042724.3000,3,1.843100,1,-1.117300,0
2024-11-12,sz.002356,3.5200,3.5600,3.4100,3.4500,3.5400,24821240,86316240.7000,3,1.892900,1,-2.542400,0
2024-11-13,sz.002356,3.4200,3.4800,3.3400,3.4100,3.4500,17805100,60607335.0000,3,1.357900,1,-1.159400,0
2024-11-14,sz.002356,3.4300,3.4700,3.2800,3.2900,3.4100,17115320,57170820.6000,3,1.305300,1,-3.519100,0
2024-11-15,sz.002356,3.2800,3.6200,3.2800,3.6200,3.2900,63783790,224927639.8000,3,4.864300,1,10.030400,0
