date,code,open,high,low,close,preclose,volume,amount,adjustflag,turn,tradestatus,pctChg,isST
2010-09-08,sz.002470,24.9800,29.9000,24.4000,27.8000,15.0000,68265456,1826531863.0500,3,85.331820,1,85.333330,0
2010-09-09,sz.002470,26.4900,27.6500,25.1000,25.3300,27.8000,37045753,971510369.9100,3,46.307191,1,-8.884900,0
2010-09-10,sz.002470,25.8800,26.6300,25.5100,25.7800,25.3300,24192747,629842339.5000,3,30.240934,1,1.776500,0
2010-09-13,sz.002470,24.6800,24.9600,23.3100,23.8800,25.7800,18914520,452717105.4900,3,23.643150,1,-7.370100,0
2010-09-14,sz.002470,23.8500,24.3600,23.3000,23.6000,23.8800,12389120,295004608.5700,3,15.486400,1,-1.172500,0
2010-09-15,sz.002470,23.3600,23.4500,21.5000,21.9300,23.6000,15765395,355704356.7600,3,19.706744,1,-7.076300,0
2010-09-16,sz.002470,22.1000,23.0400,22.1000,22.5900,21.9300,10933820,246525482.3800,3,13.667275,1,3.009600,0
2010-09-17,sz.002470,22.5800,22.5800,21.4700,21.5400,22.5900,7581458,164575679.6400,3,9.476822,1,-4.648100,0
2010-09-20,sz.002470,21.3000,21.6800,20.5000,20.5800,21.5400,7463056,155336007.2400,3,9.328820,1,-4.456800,0
2010-09-21,sz.002470,20.6000,20.6900,19.5100,19.7100,20.5800,7754931,154367307.0100,3,9.693664,1,-4.227400,0
2010-09-27,sz.002470,19.7100,20.3900,19.7100,19.9800,19.7100,5225986,104965586.8500,3,6.532483,1,1.369900,0
2010-09-28,sz.002470,19.9800,19.9800,19.3000,19.3400,19.9800,6332488,123156212.4300,3,7.915610,1,-3.203200,0
2010-09-29,sz.002470,19.2800,19.2800,18.3900,19.0900,19.3400,7745947,145459810.6500,3,9.682434,1,-1.292700,0
2010-09-30,sz.002470,19.1000,19.7000,18.8200,19.6800,19.0900,5927218,114796520.4600,3,7.409022,1,3.090600,0
2010-10-08,sz.002470,20.1300,20.2300,19.7100,19.9300,19.6800,5686328,113689239.8600,3,7.107910,1,1.270300,0
2010-10-11,sz.002470,19.9500,21.7500,19.9400,21.2500,19.9300,10087619,212775639.2600,3,12.609524,1,6.623200,0
2010-10-12,sz.002470,21.0500,21.0500,20.6700,20.9200,21.2500,5460107,113795050.6400,3,6.825134,1,-1.552900,0
2010-10-13,sz.002470,20.9500,21.0800,20.1300,20.2500,20.9200,6499320,132187759.6300,3,8.124150,1,-3.202700,0
2010-10-14,sz.002470,20.3200,20.5500,19.8300,19.8600,20.2500,4866302,98248449.1800,3,6.082878,1,-1.925900,0
2010-10-15,sz.002470,19.9100,19.9600,19.3100,19.4400,19.8600,5005452,97766233.0700,3,6.256815,1,-2.114800,0
2010-10-18,sz.002470,19.6600,20.5700,18.7900,20.4500,19.4400,8172003,160061093.2700,3,10.215004,1,5.195500,0
2010-10-19,sz.002470,20.1500,20.9800,20.0800,20.6300,20.4500,6738333,138923779.1400,3,8.422916,1,0.880200,0
2010-10-20,sz.002470,20.0500,20.6000,19.8100,20.1500,20.6300,5688742,115219063.5700,3,7.110927,1,-2.326700,0
2010-10-21,sz.002470,20.2500,20.6400,20.1500,20.4600,20.1500,4649626,95030965.1100,3,5.812032,1,1.538500,0
2010-10-22,sz.002470,20.5200,20.9900,20.5200,20.7000,20.4600,5452772,113208778.0800,3,6.815965,1,1.173000,0
2010-10-25,sz.002470,20.8500,20.9700,20.5000,20.7600,20.7000,6127224,126915749.3600,3,7.659030,1,0.289900,0
2010-10-26,sz.002470,20.7000,20.7900,20.1700,20.3800,20.7600,5704303,116298350.1900,3,7.130379,1,-1.830400,0
2010-10-27,sz.002470,20.3900,20.7900,20.1200,20.3400,20.3800,4713320,96525217.4400,3,5.891650,1,-0.196300,0
2010-10-28,sz.002470,20.3400,20.3400,20.3400,20.3400,20.3400,0,0.0000,3,,0,0.000000,0
2010-10-29,sz.002470,20.5000,21.4800,20.3000,21.2700,20.3400,8193508,172178310.5700,3,10.241885,1,4.572300,0
2010-11-01,sz.002470,21.4000,21.4700,21.1000,21.4000,21.2700,7440503,158634782.4400,3,9.300629,1,0.611200,0
2010-11-02,sz.002470,21.4000,21.9800,21.1900,21.3000,21.4000,7860519,170255485.2700,3,9.825649,1,-0.467300,0
2010-11-03,sz.002470,21.2800,21.2900,20.5200,20.5500,21.3000,5114231,106471945.3500,3,6.392789,1,-3.521100,0
2010-11-04,sz.002470,20.5000,20.9300,20.4600,20.7600,20.5500,3293479,68279916.0700,3,4.116849,1,1.021900,0
2010-11-05,sz.002470,20.8500,20.9400,20.6200,20.9200,20.7600,4751199,98745932.4000,3,5.938999,1,0.770700,0
2010-11-08,sz.002470,20.9900,21.5800,20.9000,21.5800,20.9200,6323006,134723013.5000,3,7.903758,1,3.154900,0
2010-11-09,sz.002470,21.6000,21.9500,21.4800,21.7500,21.5800,7359181,159694270.2200,3,9.198976,1,0.787800,0
2010-11-10,sz.002470,21.7700,23.7000,21.5300,22.8200,21.7500,12127170,273561502.5700,3,15.158963,1,4.919500,0
2010-11-11,sz.002470,22.6000,23.1500,22.1800,22.3200,22.8200,8544087,194413658.6800,3,10.680109,1,-2.191100,0
2010-11-12,sz.002470,22.1000,22.1800,20.3100,20.3800,22.3200,8423775,179591851.2100,3,10.529719,1,-8.691800,0
2010-11-15,sz.002470,20.4000,21.1200,20.3100,21.0800,20.3800,4173446,86528360.2000,3,5.216807,1,3.434700,0
2010-11-16,sz.002470,21.1700,21.7300,20.5900,21.2700,21.0800,6010095,128107798.4600,3,7.512619,1,0.901300,0
2010-11-17,sz.002470,20.8000,21.2300,20.3000,20.4200,21.2700,3788246,78382094.2700,3,4.735308,1,-3.996200,0
2010-11-18,sz.002470,20.5200,20.8700,20.3300,20.6400,20.4200,2145099,44126197.7000,3,2.681374,1,1.077400,0
2010-11-19,sz.002470,20.8000,20.9900,20.5100,20.9900,20.6400,3223443,66974766.3700,3,4.029304,1,1.695700,0
2010-11-22,sz.002470,20.8900,21.9100,20.6500,21.7200,20.9900,6896556,148779867.4500,3,8.620695,1,3.477800,0
2010-11-23,sz.002470,21.6900,21.6900,20.7100,21.5000,21.7200,4144795,87949921.6100,3,5.180994,1,-1.012900,0
2010-11-24,sz.002470,21.2500,21.8800,21.0800,21.8700,21.5000,5031344,108945827.4200,3,6.289180,1,1.720900,0
2010-11-25,sz.002470,21.9500,22.1700,21.5900,21.7900,21.8700,4240873,92615827.8600,3,5.301091,1,-0.365800,0
2010-11-26,sz.002470,21.7800,21.7800,21.2700,21.4200,21.7900,3286225,70606331.1900,3,4.107781,1,-1.698000,0
2010-11-29,sz.002470,21.3300,21.4300,21.0100,21.3500,21.4200,2958219,62713881.3100,3,3.697774,1,-0.326800,0
2010-11-30,sz.002470,21.3300,21.5600,20.2500,20.6000,21.3500,4058443,84499535.2600,3,5.073054,1,-3.512900,0
2010-12-01,sz.002470,20.5700,20.5700,20.3100,20.4300,20.6000,1909752,39030785.5300,3,2.387190,1,-0.825200,0
2010-12-02,sz.002470,20.7000,21.4200,20.5100,21.0500,20.4300,4136417,86930608.1600,3,5.170521,1,3.034800,0
2010-12-03,sz.002470,21.0200,21.9800,20.7700,21.8400,21.0500,10040233,217252862.4000,3,12.550291,1,3.753000,0
2010-12-06,sz.002470,21.9900,21.9900,20.6100,20.8100,21.8400,6185977,131390458.1700,3,7.732471,1,-4.716100,0
2010-12-07,sz.002470,20.5100,20.7600,19.7000,20.5900,20.8100,4032651,82020432.0800,3,5.040814,1,-1.057200,0
2010-12-08,sz.002470,20.5800,20.5800,19.7800,19.9000,20.5900,11772725,234842549.8700,3,11.772737,1,-3.351100,0
2010-12-09,sz.002470,19.8000,19.8000,19.1100,19.1300,19.9000,5971159,115510340.5000,3,5.971165,1,-3.869300,0
2010-12-10,sz.002470,19.0200,19.4300,18.8000,19.3100,19.1300,3169080,60813321.8600,3,3.169083,1,0.940900,0
2010-12-13,sz.002470,19.4100,19.9000,19.4100,19.8300,19.3100,4513175,88820201.9400,3,4.513180,1,2.692900,0
2010-12-14,sz.002470,19.8300,20.0000,19.7300,20.0000,19.8300,3880809,77139207.0700,3,3.880813,1,0.857300,0
2010-12-15,sz.002470,20.0000,20.4000,19.8000,19.9200,20.0000,5695888,114789691.6200,3,5.695894,1,-0.400000,0
2010-12-16,sz.002470,19.9200,20.1400,19.8100,19.9800,19.9200,3372664,67458769.3900,3,3.372667,1,0.301200,0
2010-12-17,sz.002470,19.9000,20.1700,19.9000,20.1200,19.9800,3037420,60938529.2800,3,3.037423,1,0.700700,0
2010-12-20,sz.002470,20.3500,20.6700,19.8300,20.4000,20.1200,6934102,140939152.2800,3,6.934109,1,1.391700,0
2010-12-21,sz.002470,20.4900,20.4900,20.0100,20.3500,20.4000,3863061,78296794.7000,3,3.863065,1,-0.245100,0
2010-12-22,sz.002470,20.3300,20.6500,20.1000,20.3800,20.3500,4583292,93398099.0000,3,4.583297,1,0.147400,0
2010-12-23,sz.002470,20.3400,20.6400,20.0400,20.3000,20.3800,5227948,106335854.8300,3,5.227953,1,-0.392500,0
2010-12-24,sz.002470,20.2000,20.3000,19.4900,19.5000,20.3000,4042671,79938509.9700,3,4.042675,1,-3.940900,0
2010-12-27,sz.002470,19.6500,19.7500,18.9000,18.9300,19.5000,3045794,59079397.8300,3,3.045797,1,-2.923100,0
2010-12-28,sz.002470,18.8000,19.1200,18.6200,18.9000,18.9300,2741019,51609056.1700,3,2.741022,1,-0.158500,0
2010-12-29,sz.002470,18.8200,19.2600,18.7500,19.2400,18.9000,1943043,36952337.8400,3,1.943045,1,1.798900,0
2010-12-30,sz.002470,19.2500,19.2800,18.8800,18.9900,19.2400,1685690,32066356.2500,3,1.685692,1,-1.299400,0
2010-12-31,sz.002470,19.0800,19.2400,19.0100,19.2400,18.9900,1568646,29998334.8700,3,1.568648,1,1.316500,0
2011-01-04,sz.002470,19.3800,19.4400,19.1800,19.4000,19.2400,2059943,39772015.8400,3,2.059945,1,0.831600,0
2011-01-05,sz.002470,19.3600,19.3600,19.1800,19.2000,19.4000,2083633,40084338.1900,3,2.083635,1,-1.030900,0
2011-01-06,sz.002470,19.2300,19.2500,18.8500,18.8900,19.2000,2436360,46186501.5000,3,2.436362,1,-1.614600,0
2011-01-07,sz.002470,18.8100,19.1800,18.8100,19.0500,18.8900,1728275,32853075.5600,3,1.728277,1,0.847000,0
2011-01-10,sz.002470,19.0500,19.1700,18.8500,18.8900,19.0500,1896694,36018669.8000,3,1.896696,1,-0.839900,0
2011-01-11,sz.002470,18.8200,18.9400,18.5100,18.5800,18.8900,1656615,30914169.0500,3,1.656617,1,-1.641100,0
2011-01-12,sz.002470,18.5900,18.8200,18.5300,18.7200,18.5800,1399507,26111000.3700,3,1.399508,1,0.753500,0
2011-01-13,sz.002470,18.7300,18.8600,18.6600,18.7300,18.7200,1058136,19837180.0600,3,1.058137,1,0.053400,0
2011-01-14,sz.002470,18.7200,18.7200,18.2700,18.2800,18.7300,1687621,31162009.9700,3,1.687623,1,-2.402600,0
2011-01-17,sz.002470,18.0200,18.1200,16.7000,16.8900,18.2800,2519438,43509870.5400,3,2.519441,1,-7.603900,0
2011-01-18,sz.002470,16.8500,16.8500,16.4200,16.7200,16.8900,1411819,23534820.6200,3,1.411820,1,-1.006500,0
2011-01-19,sz.002470,16.7200,17.0800,16.7100,16.9800,16.7200,1803624,30470608.6200,3,1.803626,1,1.555000,0
2011-01-20,sz.002470,17.0700,17.6400,16.9800,17.0600,16.9800,2946241,51012228.8900,3,2.946244,1,0.471100,0
2011-01-21,sz.002470,17.0800,17.3900,17.0200,17.2100,17.0600,1298086,22306045.9900,3,1.298087,1,0.879200,0
2011-01-24,sz.002470,17.1900,17.2300,16.6000,16.7500,17.2100,1136765,19183115.8100,3,1.136766,1,-2.672900,0
2011-01-25,sz.002470,16.5300,16.7200,16.4800,16.7200,16.7500,826925,13706129.3900,3,0.826926,1,-0.179100,0
2011-01-26,sz.002470,16.7200,17.1100,16.7200,17.1100,16.7200,950666,16150739.8600,3,0.950667,1,2.332500,0
2011-01-27,sz.002470,17.0000,17.3400,16.8300,17.2400,17.1100,1507815,25897874.0300,3,1.507817,1,0.759800,0
2011-01-28,sz.002470,17.1800,17.3200,17.0800,17.2500,17.2400,1064825,18329641.0400,3,1.064826,1,0.058000,0
2011-01-31,sz.002470,17.2500,17.6400,17.1600,17.5100,17.2500,1391196,24322477.5800,3,1.391197,1,1.507200,0
2011-02-01,sz.002470,17.6000,17.7000,17.2900,17.3800,17.5100,858422,14944448.0900,3,0.858423,1,-0.742400,0
2011-02-09,sz.002470,17.3700,17.9800,17.2500,17.6700,17.3800,1764096,31306825.3700,3,1.764098,1,1.668600,0
2011-02-10,sz.002470,17.6700,18.3000,17.6700,18.2500,17.6700,2679781,48643119.9700,3,2.679784,1,3.282400,0
2011-02-11,sz.002470,18.2400,18.4300,18.1000,18.1600,18.2500,2308599,42050627.6900,3,2.308601,1,-0.493200,0
2011-02-14,sz.002470,18.1600,18.4400,18.1400,18.3600,18.1600,2397332,43805318.1800,3,2.397334,1,1.101300,0
2011-02-15,sz.002470,18.4000,18.4500,18.0000,18.0300,18.3600,2665407,48738816.6700,3,2.665410,1,-1.797400,0
2011-02-16,sz.002470,18.0300,18.2800,17.9200,18.2800,18.0300,2422292,43845300.5100,3,2.422294,1,1.386600,0
2011-02-17,sz.002470,18.3500,18.4000,18.1100,18.3500,18.2800,2401090,43821918.8500,3,2.401092,1,0.382900,0
2011-02-18,sz.002470,18.3000,18.5100,18.1600,18.4500,18.3500,2624261,48240149.8400,3,2.624264,1,0.545000,0
2011-02-21,sz.002470,18.4000,18.9500,18.1900,18.9000,18.4500,3329039,62152278.1200,3,3.329042,1,2.439000,0
2011-02-22,sz.002470,18.9000,18.9800,18.1800,18.1800,18.9000,3319809,61220727.3400,3,3.319812,1,-3.809500,0
2011-02-23,sz.002470,18.1700,18.3600,18.1000,18.2500,18.1800,1658433,30222299.0200,3,1.658435,1,0.385000,0
2011-02-24,sz.002470,18.2500,18.7400,18.1800,18.5200,18.2500,2199807,40708656.0600,3,2.199809,1,1.479500,0
2011-02-25,sz.002470,18.5200,18.5900,18.2200,18.5100,18.5200,1510863,27785651.1500,3,1.510865,1,-0.054000,0
2011-02-28,sz.002470,18.6400,18.7500,18.4000,18.7000,18.5100,2208447,41176167.6300,3,2.208449,1,1.026500,0
2011-03-01,sz.002470,18.7100,19.3800,18.7100,19.2400,18.7000,4812577,91832290.4100,3,4.812582,1,2.887695,0
2011-03-02,sz.002470,19.1900,19.1900,18.8500,19.1700,19.2400,2433713,46262824.3100,3,2.433715,1,-0.363800,0
2011-03-03,sz.002470,19.2500,19.3000,18.6500,18.6800,19.1700,2486584,47114987.0800,3,2.486586,1,-2.556100,0
2011-03-04,sz.002470,18.6800,19.1600,18.6800,19.0500,18.6800,2123022,40224614.3000,3,2.123024,1,1.980700,0
2011-03-07,sz.002470,19.0700,19.5900,18.0000,19.4500,19.0500,4313429,83361778.7600,3,4.313433,1,2.099700,0
2011-03-08,sz.002470,19.5000,19.5000,19.1500,19.2500,19.4500,2181910,42090530.0800,3,2.181912,1,-1.028300,0
2011-03-09,sz.002470,19.2500,19.4400,19.2000,19.3400,19.2500,1959784,37831343.9200,3,1.959786,1,0.467500,0
2011-03-10,sz.002470,19.3000,19.3800,18.9600,18.9600,19.3400,2372299,45289180.4700,3,2.372301,1,-1.964800,0
2011-03-11,sz.002470,18.8900,19.0600,18.7200,18.7200,18.9600,2179784,41127599.3800,3,2.179786,1,-1.265800,0
2011-03-14,sz.002470,18.6500,18.7800,18.3500,18.7300,18.7200,2473227,45858959.8800,3,2.473229,1,0.053400,0
2011-03-15,sz.002470,18.6500,18.7000,18.0000,18.6200,18.7300,3068091,56068089.7200,3,3.068094,1,-0.587300,0
2011-03-16,sz.002470,18.6200,18.9600,18.4100,18.9400,18.6200,2545281,47671468.8400,3,2.545284,1,1.718600,0
2011-03-17,sz.002470,18.8300,18.8300,18.4000,18.5400,18.9400,1599984,29790373.7000,3,1.599986,1,-2.111900,0
2011-03-18,sz.002470,18.5400,18.7300,18.5400,18.6000,18.5400,1102948,20555576.8900,3,1.102949,1,0.323600,0
2011-03-21,sz.002470,18.6200,18.8500,18.5000,18.8500,18.6000,1740719,32494842.6500,3,1.740721,1,1.344100,0
2011-03-22,sz.002470,18.8000,18.8000,18.3000,18.5500,18.8500,1869126,34548013.1600,3,1.869128,1,-1.591500,0
2011-03-23,sz.002470,18.4600,18.4900,18.1400,18.4400,18.5500,1670837,30567407.0800,3,1.670839,1,-0.593000,0
2011-03-24,sz.002470,18.3900,18.4500,18.1500,18.2100,18.4400,1800418,32871197.1700,3,1.800420,1,-1.247300,0
2011-03-25,sz.002470,18.2100,18.9500,18.1300,18.8200,18.2100,3519413,65376532.5400,3,3.519417,1,3.349800,0
2011-03-28,sz.002470,18.7800,18.9400,18.6100,18.8200,18.8200,2255927,42378273.4000,3,2.255929,1,0.000000,0
2011-03-29,sz.002470,18.8000,18.9200,18.4100,18.6900,18.8200,1640261,30740844.3400,3,1.640263,1,-0.690800,0
2011-03-30,sz.002470,18.6900,18.6900,18.2800,18.6000,18.6900,1221332,22593568.3700,3,1.221333,1,-0.481500,0
2011-03-31,sz.002470,18.6000,18.6200,18.2800,18.3000,18.6000,877754,16120073.1200,3,0.877755,1,-1.612900,0
2011-04-01,sz.002470,18.3100,18.7000,18.2800,18.7000,18.3000,1248257,23126991.0700,3,1.248258,1,2.185800,0
2011-04-06,sz.002470,18.7000,18.8000,18.4600,18.5200,18.7000,1067693,19889990.7500,3,1.067694,1,-0.962600,0
2011-04-07,sz.002470,18.5900,18.6800,18.3000,18.5900,18.5200,1196825,22114501.0700,3,1.196826,1,0.378000,0
2011-04-08,sz.002470,18.4800,18.7000,18.4000,18.6500,18.5900,1647678,30532302.3200,3,1.647680,1,0.322800,0
2011-04-11,sz.002470,18.6500,18.7000,18.3400,18.3600,18.6500,1482986,27438683.3300,3,1.482987,1,-1.555000,0
2011-04-12,sz.002470,18.3600,18.3600,18.3600,18.3600,18.3600,0,0.0000,3,,0,0.000000,0
2011-04-13,sz.002470,18.3000,18.3200,17.7300,17.9300,18.3600,2359362,42235144.6100,3,2.359364,1,-2.342000,0
2011-04-14,sz.002470,17.9300,18.0000,17.7500,17.9300,17.9300,1541139,27559515.6500,3,1.541141,1,0.000000,0
2011-04-15,sz.002470,17.8700,17.9200,17.4700,17.8900,17.9300,1855498,32859503.5700,3,1.855500,1,-0.223100,0
2011-04-18,sz.002470,17.7800,17.9500,17.7200,17.9000,17.8900,1181684,21106083.5100,3,1.181685,1,0.055900,0
2011-04-19,sz.002470,17.8000,18.4700,17.7800,18.3800,17.9000,3451820,63031219.2800,3,3.451823,1,2.681600,0
2011-04-20,sz.002470,18.3800,18.4300,18.1400,18.3400,18.3800,2106482,38509640.8800,3,2.106484,1,-0.217600,0
2011-04-21,sz.002470,18.6100,18.9200,18.4400,18.7800,18.3400,3493287,65497747.8400,3,3.493290,1,2.399100,0
2011-04-22,sz.002470,18.8800,18.8800,18.4000,18.6700,18.7800,2003293,37240842.1800,3,2.003295,1,-0.585700,0
2011-04-25,sz.002470,18.6700,18.7000,17.8400,17.9000,18.6700,1476530,26848203.3500,3,1.476531,1,-4.124300,0
2011-04-26,sz.002470,18.0000,18.2600,17.9600,18.1700,17.9000,1068064,19344958.4300,3,1.068065,1,1.508400,0
2011-04-27,sz.002470,18.3200,18.3200,17.5800,17.7700,18.1700,1307307,23383420.5700,3,1.307308,1,-2.201400,0
2011-04-28,sz.002470,17.8000,17.9500,17.2700,17.6600,17.7700,1070056,18909470.4400,3,1.070057,1,-0.619000,0
2011-04-29,sz.002470,17.6000,17.8500,17.4200,17.8000,17.6600,641094,11330847.1100,3,0.641095,1,0.792800,0
2011-05-03,sz.002470,17.8000,17.9800,17.7200,17.9300,17.8000,940877,16777490.0100,3,0.940878,1,0.730300,0
2011-05-04,sz.002470,17.8700,17.9700,17.5000,17.5900,17.9300,961741,17069797.2900,3,0.961742,1,-1.896300,0
2011-05-05,sz.002470,17.8900,17.9600,17.6100,17.9300,17.5900,1513033,26960536.1500,3,1.513035,1,1.932900,0
2011-05-06,sz.002470,17.7400,18.3400,17.6500,18.2400,17.9300,1668914,30256459.8800,3,1.668916,1,1.728900,0
2011-05-09,sz.002470,18.1500,18.4500,18.0900,18.3800,18.2400,1476676,27000572.7600,3,1.476677,1,0.767500,0
2011-05-10,sz.002470,18.5800,18.5800,18.2800,18.3900,18.3800,1356114,24951897.0100,3,1.356115,1,0.054400,0
2011-05-11,sz.002470,18.3200,18.4900,18.1700,18.3700,18.3900,1128551,20705298.9900,3,1.128552,1,-0.108800,0
2011-05-12,sz.002470,18.2000,18.5300,18.1000,18.1400,18.3700,1332591,24444875.6200,3,1.332592,1,-1.252000,0
2011-05-13,sz.002470,18.2300,18.4500,17.7100,18.4300,18.1400,1612697,29159985.1400,3,1.612699,1,1.598700,0
2011-05-16,sz.002470,18.4200,18.8800,18.3000,18.7700,18.4300,4241778,79457535.1800,3,4.241782,1,1.844800,0
2011-05-17,sz.002470,18.7700,20.2500,18.7000,19.7700,18.7700,9533378,187592786.7600,3,9.533388,1,5.327700,0
2011-05-18,sz.002470,19.7700,19.9800,19.3800,19.7800,19.7700,5277663,103698282.4200,3,5.277668,1,0.050600,0
2011-05-19,sz.002470,19.8100,20.0800,19.7500,19.8800,19.7800,4121783,81983007.7000,3,4.121787,1,0.505600,0
2011-05-20,sz.002470,19.8300,20.0800,19.6200,19.8400,19.8800,4054912,80593285.7200,3,4.054916,1,-0.201200,0
2011-05-23,sz.002470,19.8400,19.9000,19.1000,19.4500,19.8400,4049116,78559879.2800,3,4.049120,1,-1.965700,0
2011-05-24,sz.002470,19.4500,19.7100,19.1700,19.6100,19.4500,3401290,66245992.0000,3,3.401293,1,0.822600,0
2011-05-25,sz.002470,19.5500,19.5500,18.7800,18.8000,19.6100,3652451,69499027.4200,3,3.652455,1,-4.130500,0
2011-05-26,sz.002470,18.8200,19.1000,18.5600,18.8400,18.8000,2724859,51299148.5800,3,2.724862,1,0.212800,0
2011-05-27,sz.002470,18.6200,18.8400,16.9800,17.2100,18.8400,3759829,66664396.0700,3,3.759833,1,-8.651800,0
2011-05-30,sz.002470,17.2000,17.2000,16.7000,16.8300,17.2100,1615682,27321743.9200,3,1.615684,1,-2.208000,0
2011-05-31,sz.002470,16.9100,17.4600,16.7000,17.4000,16.7300,1532135,26195624.5400,3,1.532137,1,4.004800,0
2011-06-01,sz.002470,17.3700,17.5800,17.2300,17.4400,17.4000,1368001,23867553.0500,3,1.368002,1,0.229900,0
2011-06-02,sz.002470,17.2500,17.2500,16.8000,17.0500,17.4400,1292828,22029378.3600,3,1.292829,1,-2.236200,0
2011-06-03,sz.002470,17.0100,17.4000,17.0100,17.2800,17.0500,1605458,27675039.4400,3,1.605460,1,1.349000,0
2011-06-07,sz.002470,17.1700,17.4300,17.0700,17.3700,17.2800,1073203,18556641.7900,3,1.073204,1,0.520800,0
2011-06-08,sz.002470,17.3700,17.4600,16.8000,17.3500,17.3700,1572922,26939557.3700,3,1.572924,1,-0.115100,0
2011-06-09,sz.002470,17.3500,17.4800,17.1000,17.2900,17.3500,1724203,29907929.0900,3,1.724205,1,-0.345800,0
2011-06-10,sz.002470,17.2000,17.3500,16.9000,17.1700,17.2900,1068394,18310888.0700,3,1.068395,1,-0.694000,0
2011-06-13,sz.002470,17.0000,17.0700,16.7300,17.0000,17.1700,1189896,20078855.6900,3,1.189897,1,-0.990100,0
2011-06-14,sz.002470,16.9200,17.1700,16.8200,17.1000,17.0000,1098185,18778560.4700,3,1.098186,1,0.588200,0
2011-06-15,sz.002470,17.1600,17.5300,17.0800,17.1800,17.1000,1375039,23746642.0700,3,1.375040,1,0.467800,0
2011-06-16,sz.002470,17.1100,17.1300,16.7800,16.8000,17.1800,1012008,17166995.0100,3,1.012009,1,-2.211900,0
2011-06-17,sz.002470,16.8500,16.9500,16.5800,16.6000,16.8000,1028522,17226557.2500,3,1.028523,1,-1.190500,0
2011-06-20,sz.002470,16.6000,16.6000,16.6000,16.6000,16.6000,0,0.0000,3,,0,0.000000,0
2011-06-21,sz.002470,16.4800,16.6800,15.9900,16.2200,16.6000,1552290,25292377.9000,3,1.552292,1,-2.289200,0
2011-06-22,sz.002470,16.3800,16.4100,16.1200,16.2500,16.2200,670553,10884114.0800,3,0.670554,1,0.185000,0
2011-06-23,sz.002470,16.1300,16.5000,15.9900,16.4500,16.2500,1265846,20627800.9500,3,1.265847,1,1.230800,0
2011-06-24,sz.002470,16.3200,16.9700,16.3200,16.8700,16.4500,2175264,36412069.2000,3,2.175266,1,2.553200,0
2011-06-27,sz.002470,16.8600,17.2600,16.8000,17.1500,16.8700,2174423,37110689.3000,3,2.174425,1,1.659800,0
2011-06-28,sz.002470,17.1400,17.4500,16.9000,17.0600,17.1500,1479084,25359011.8200,3,1.479085,1,-0.524800,0
2011-06-29,sz.002470,17.1000,17.1500,16.8000,16.8200,17.0600,1131612,19197535.4100,3,1.131613,1,-1.406800,0
2011-06-30,sz.002470,16.8900,17.2500,16.8600,17.1200,16.8200,1174966,20088276.7800,3,1.174967,1,1.783600,0
2011-07-01,sz.002470,17.1100,17.4800,17.1100,17.1900,17.1200,1992044,34409192.3800,3,1.992045,1,0.408900,0
2011-07-04,sz.002470,17.3000,17.6300,17.1900,17.5700,17.1900,2440331,42634378.0400,3,2.440332,1,2.210600,0
2011-07-05,sz.002470,17.6000,17.7700,17.4200,17.7200,17.5700,2452118,43056068.6800,3,2.452119,1,0.853700,0
2011-07-06,sz.002470,17.7100,17.7100,17.3800,17.5200,17.7200,1184118,20691925.0600,3,1.184119,1,-1.128700,0
2011-07-07,sz.002470,17.5000,17.7200,17.4000,17.5000,17.5200,2064740,36228027.9900,3,2.064741,1,-0.114200,0
2011-07-08,sz.002470,17.4100,17.5700,17.2100,17.3200,17.5000,1776719,30820941.4500,3,1.776720,1,-1.028573,0
2011-07-11,sz.002470,17.2000,17.5200,17.1100,17.5000,17.3200,1101041,19129184.0900,3,1.101042,1,1.039300,0
2011-07-12,sz.002470,17.3300,18.0300,17.3300,17.7900,17.5000,4056095,72125611.8200,3,4.056097,1,1.657100,0
2011-07-13,sz.002470,17.6900,18.1000,17.6100,18.0200,17.7900,2639089,47443661.9000,3,2.639090,1,1.292900,0
2011-07-14,sz.002470,18.0900,18.1500,17.8900,18.1300,18.0200,1816974,32698015.1500,3,1.816975,1,0.610400,0
2011-07-15,sz.002470,18.0200,18.3500,18.0200,18.1800,18.1300,1791688,32613201.0800,3,1.791689,1,0.275800,0
2011-07-18,sz.002470,18.1500,18.4800,18.1400,18.2300,18.1800,2223385,40687011.1600,3,2.223386,1,0.275000,0
2011-07-19,sz.002470,18.1300,18.1800,17.8300,17.9000,18.2300,1584773,28431180.8200,3,1.584774,1,-1.810200,0
2011-07-20,sz.002470,17.9600,18.1500,17.9000,18.1100,17.9000,1452123,26134440.6600,3,1.452124,1,1.173200,0
2011-07-21,sz.002470,18.1500,18.2000,17.9200,18.0000,18.1100,1331968,23988458.9400,3,1.331969,1,-0.607400,0
2011-07-22,sz.002470,18.0000,18.0500,17.7900,17.9100,18.0000,1255595,22514494.3200,3,1.255596,1,-0.500000,0
2011-07-25,sz.002470,17.8500,17.8500,16.8800,16.9900,17.9100,1835264,31767567.0600,3,1.835265,1,-5.136800,0
2011-07-26,sz.002470,16.9000,17.0900,16.8000,16.9700,16.9900,923011,15621004.3800,3,0.923011,1,-0.117700,0
2011-07-27,sz.002470,17.0700,17.6400,17.0600,17.6000,16.9700,1999536,34853198.5700,3,1.999537,1,3.712400,0
2011-07-28,sz.002470,17.4000,17.5100,17.2800,17.4300,17.6000,996880,17344055.0200,3,0.996880,1,-0.965900,0
2011-07-29,sz.002470,17.3800,17.5000,17.0800,17.1200,17.4300,848875,14614779.3600,3,0.848875,1,-1.778500,0
2011-08-01,sz.002470,17.1100,17.5200,17.0700,17.3400,17.1200,806085,13998941.3000,3,0.806085,1,1.285000,0
2011-08-02,sz.002470,17.3000,17.4500,16.9600,17.4500,17.3400,892375,15322301.4100,3,0.892375,1,0.634400,0
2011-08-03,sz.002470,16.9900,17.5600,16.9900,17.5000,17.4500,956100,16626883.7200,3,0.956100,1,0.286500,0
2011-08-04,sz.002470,17.4000,17.6100,17.3500,17.3500,17.5000,811528,14195331.7200,3,0.811528,1,-0.857100,0
2011-08-05,sz.002470,16.9000,17.1500,16.7500,16.8800,17.3500,1215254,20578271.6700,3,1.215255,1,-2.708900,0
2011-08-08,sz.002470,16.8000,16.8000,15.7400,16.1900,16.8800,1576936,25716781.2000,3,1.576937,1,-4.087700,0
2011-08-09,sz.002470,15.8000,16.3000,15.6700,16.0700,16.1900,1173261,18794522.3400,3,1.173262,1,-0.741200,0
2011-08-10,sz.002470,16.3000,16.5400,16.0800,16.1700,16.0700,1133377,18495761.0900,3,1.133378,1,0.622300,0
2011-08-11,sz.002470,15.8700,16.5700,15.7500,16.5300,16.1700,1280416,20916536.4400,3,1.280417,1,2.226300,0
2011-08-12,sz.002470,16.7000,16.9500,16.5700,16.7600,16.5300,1334210,22436418.9100,3,1.334211,1,1.391400,0
2011-08-15,sz.002470,16.8400,16.9300,16.6900,16.9000,16.7600,985075,16575281.1600,3,0.985075,1,0.835300,0
2011-08-16,sz.002470,16.9100,17.1700,16.7800,16.9000,16.9000,1160082,19706666.0300,3,1.160083,1,0.000000,0
2011-08-17,sz.002470,17.5200,18.5000,17.5200,17.8400,16.9000,5921742,106639052.8300,3,5.921745,1,5.562100,0
2011-08-18,sz.002470,17.4800,18.7500,17.4800,18.6000,17.8400,7906340,144433406.2200,3,7.906344,1,4.260100,0
2011-08-19,sz.002470,18.3500,18.9500,18.1100,18.5000,18.6000,6647271,123565889.5400,3,6.647274,1,-0.537600,0
2011-08-22,sz.002470,18.4000,18.6800,18.1700,18.3400,18.5000,2336765,42848804.4500,3,2.336766,1,-0.864900,0
2011-08-23,sz.002470,18.9000,19.2300,18.2800,18.5300,18.3400,5459670,101782128.6700,3,5.459673,1,1.036000,0
2011-08-24,sz.002470,18.4000,18.5000,18.1300,18.2100,18.5300,4637151,84806532.5200,3,4.637153,1,-1.726900,0
2011-08-25,sz.002470,18.4500,19.5000,18.2900,18.9300,18.2100,8556089,162142464.3100,3,8.556093,1,3.953900,0
2011-08-26,sz.002470,18.7000,19.7000,18.7000,19.3300,18.9300,8379020,161757267.4200,3,8.379024,1,2.113046,0
2011-08-29,sz.002470,19.1900,19.3300,18.7700,18.7700,19.3300,5633374,107194521.3400,3,5.633377,1,-2.897100,0
2011-08-30,sz.002470,18.8000,18.9900,18.1800,18.2100,18.7700,4725641,87694170.2700,3,4.725643,1,-2.983500,0
2011-08-31,sz.002470,18.1100,18.5400,17.7700,17.9300,18.2100,3555426,64343700.8400,3,3.555428,1,-1.537600,0
2011-09-01,sz.002470,18.1800,18.2500,17.6800,17.7000,17.9300,2974407,53429330.6500,3,2.974408,1,-1.282800,0
2011-09-02,sz.002470,17.8000,18.1600,17.6100,18.1200,17.7000,2743144,49175786.2300,3,2.743145,1,2.372900,0
2011-09-05,sz.002470,18.0100,19.1700,18.0100,18.4100,18.1200,10662846,197323270.2800,3,10.662851,1,1.600400,0
2011-09-06,sz.002470,18.2000,18.2000,17.0100,17.7100,18.4100,4706410,83141181.8500,3,4.706412,1,-3.802300,0
2011-09-07,sz.002470,17.7000,19.4800,17.6900,19.4800,17.7100,22430113,428609855.8700,3,22.430124,1,9.994400,0
2011-09-08,sz.002470,19.4900,19.9500,18.9300,19.1500,19.4800,19063763,370239748.8500,3,7.625507,1,-1.694045,0
2011-09-09,sz.002470,18.8100,19.3000,18.8000,18.9200,19.1500,7829601,149366807.5300,3,3.131841,1,-1.201000,0
2011-09-13,sz.002470,18.5100,19.8800,18.5000,19.2500,18.9200,11309813,218210155.8500,3,4.523926,1,1.744200,0
2011-09-14,sz.002470,19.2500,19.4900,18.8600,19.4300,19.2500,9292617,178390655.8900,3,3.717048,1,0.935100,0
2011-09-15,sz.002470,19.4200,19.5900,18.7300,18.8000,19.4300,9289816,177395275.1900,3,3.715927,1,-3.242400,0
2011-09-16,sz.002470,18.8500,19.3800,18.7000,18.9400,18.8000,6401576,122084044.8100,3,2.560631,1,0.744700,0
2011-09-19,sz.002470,18.7100,18.7400,17.7700,17.8000,18.9400,7341210,133229431.7000,3,2.936485,1,-6.019000,0
2011-09-20,sz.002470,17.7600,18.3000,17.0700,18.1600,17.8000,10798602,190314495.1100,3,4.319442,1,2.022500,0
2011-09-21,sz.002470,17.9000,18.2500,17.3100,18.1000,18.1600,9731586,173673619.4200,3,3.892635,1,-0.330400,0
2011-09-22,sz.002470,17.9900,19.4500,17.8100,18.1000,18.1000,16020938,298627585.7900,3,6.408376,1,0.000000,0
2011-09-23,sz.002470,17.5000,18.0100,17.3000,17.6300,18.1000,7288299,128304696.5100,3,2.915320,1,-2.596700,0
2011-09-26,sz.002470,17.4600,17.8000,17.2900,17.3500,17.6300,4056256,71216949.4200,3,1.622503,1,-1.588200,0
2011-09-27,sz.002470,17.5800,17.7600,17.3200,17.5200,17.3500,4688493,82396811.2800,3,1.875398,1,0.979800,0
2011-09-28,sz.002470,17.6800,17.7100,16.4300,16.5000,17.5200,7872232,133664587.9300,3,3.148893,1,-5.821900,0
2011-09-29,sz.002470,16.5000,16.5000,15.9900,16.1100,16.5000,3363034,54529347.0800,3,1.345214,1,-2.363600,0
2011-09-30,sz.002470,16.2700,16.5400,16.0400,16.3700,16.1100,2996612,48835599.1600,3,1.198645,1,1.613900,0
2011-10-10,sz.002470,16.4600,16.6000,16.1500,16.3200,16.3700,2149377,35171418.2200,3,0.859751,1,-0.305400,0
2011-10-11,sz.002470,16.7200,17.0000,16.2100,16.4600,16.3200,3648341,60783076.4200,3,1.459337,1,0.857800,0
2011-10-12,sz.002470,16.3000,17.1600,15.8800,17.0000,16.4600,4550729,76224309.3700,3,1.820292,1,3.280700,0
2011-10-13,sz.002470,17.0000,17.2600,16.8400,17.0600,17.0000,2955768,50408118.0200,3,1.182307,1,0.352900,0
2011-10-14,sz.002470,17.1300,17.4900,16.9000,17.1100,17.0600,3794139,65247700.2300,3,1.517656,1,0.293100,0
2011-10-17,sz.002470,17.1100,17.5000,17.0100,17.3100,17.1100,3379378,58459391.6900,3,1.351751,1,1.168900,0
2011-10-18,sz.002470,17.1600,17.3200,16.4000,16.4300,17.3100,3985060,66957665.7900,3,1.594024,1,-5.083800,0
2011-10-19,sz.002470,16.5100,16.8500,16.4100,16.5600,16.4300,2017958,33608169.3300,3,0.807183,1,0.791200,0
2011-10-20,sz.002470,16.7800,16.9100,16.3000,16.3000,16.5600,2369856,39101911.2200,3,0.947943,1,-1.570000,0
2011-10-21,sz.002470,16.1400,16.3800,15.8100,16.3000,16.3000,2087000,33673194.0000,3,0.834800,1,0.000000,0
2011-10-24,sz.002470,16.4000,16.6900,15.8700,16.6000,16.3000,2565325,42021121.4900,3,1.026130,1,1.840500,0
2011-10-25,sz.002470,16.5600,16.9500,16.2500,16.8300,16.6000,3526934,58806342.6500,3,1.410774,1,1.385500,0
2011-10-26,sz.002470,16.6400,17.0600,16.5700,16.8000,16.8300,3769717,63376122.7100,3,1.507887,1,-0.178300,0
2011-10-27,sz.002470,16.8200,17.0800,16.7000,16.7800,16.8000,2907002,48985275.3800,3,1.162801,1,-0.119000,0
2011-10-28,sz.002470,16.9500,17.1600,16.7700,17.1600,16.7800,4478334,75933881.1300,3,1.791334,1,2.264600,0
2011-10-31,sz.002470,17.1500,17.1500,16.8100,16.9600,17.1600,3215175,54544817.9700,3,1.286070,1,-1.165500,0
2011-11-01,sz.002470,16.7000,17.0600,16.6800,16.8300,16.9600,3234810,54505690.5100,3,1.293924,1,-0.766500,0
2011-11-02,sz.002470,16.5000,17.0600,16.4000,16.9600,16.8300,4516136,75405824.3800,3,1.806455,1,0.772400,0
2011-11-03,sz.002470,16.9600,16.9600,16.9600,16.9600,16.9600,0,0.0000,3,,0,0.000000,0
2011-11-04,sz.002470,17.0200,17.6300,16.9500,17.4600,16.9600,9302314,160609694.9400,3,3.720926,1,2.948100,0
2011-11-07,sz.002470,17.3000,17.6000,17.2000,17.3800,17.4600,3407252,59428970.7400,3,1.362901,1,-0.458200,0
2011-11-08,sz.002470,17.3800,17.8000,17.2800,17.2900,17.3800,3654510,64218461.0000,3,1.461804,1,-0.517800,0
2011-11-09,sz.002470,17.3600,17.4400,16.9100,17.2800,17.2900,3800121,65153065.1600,3,1.520049,1,-0.057800,0
2011-11-10,sz.002470,17.0500,17.1500,16.7700,16.8500,17.2800,3337902,56533098.8100,3,1.335161,1,-2.488400,0
2011-11-11,sz.002470,16.8900,16.9900,16.7200,16.8000,16.8500,1820479,30705173.4500,3,0.728192,1,-0.296700,0
2011-11-14,sz.002470,17.0000,17.3400,16.9100,17.2400,16.8000,2682196,46061867.8100,3,1.072879,1,2.619000,0
2011-11-15,sz.002470,17.2400,17.4600,17.1500,17.2900,17.2400,2159063,37285520.1900,3,0.863625,1,0.290000,0
2011-11-16,sz.002470,17.3900,17.3900,16.6900,16.7500,17.2900,2914813,49728919.2800,3,1.165925,1,-3.123200,0
2011-11-17,sz.002470,16.7700,16.9600,16.6000,16.7800,16.7500,2297516,38564503.3000,3,0.919007,1,0.179100,0
2011-11-18,sz.002470,16.6000,16.6800,16.2500,16.3600,16.7800,1871383,30796012.2400,3,0.748553,1,-2.503000,0
2011-11-21,sz.002470,16.4000,16.5400,16.3200,16.5200,16.3600,1084522,17805745.5100,3,0.433809,1,0.978000,0
2011-11-22,sz.002470,16.3000,16.7500,16.1700,16.7000,16.5200,1713195,28226096.6100,3,0.685278,1,1.089600,0
2011-11-23,sz.002470,16.6300,16.7100,16.4200,16.5300,16.7000,1118006,18526991.0700,3,0.447202,1,-1.018000,0
2011-11-24,sz.002470,16.3500,17.0500,16.2500,17.0100,16.5300,4173474,70010344.6000,3,1.669390,1,2.903800,0
2011-11-25,sz.002470,17.1800,17.2000,16.7900,16.9500,17.0100,3255536,55311895.5100,3,1.302215,1,-0.352700,0
2011-11-28,sz.002470,16.9900,17.3400,16.9500,17.0500,16.9500,4075188,69780356.4700,3,1.630076,1,0.590000,0
2011-11-29,sz.002470,17.2700,17.3500,17.0600,17.1700,17.0500,4482603,77057191.1900,3,1.793042,1,0.703800,0
2011-11-30,sz.002470,17.1700,17.2200,16.2000,16.4500,17.1700,3446873,57344974.3200,3,1.378749,1,-4.193400,0
2011-12-01,sz.002470,16.8400,17.0500,16.5600,16.6800,16.4500,2748489,46139221.4400,3,1.099396,1,1.398200,0
2011-12-02,sz.002470,16.5400,16.6800,16.3100,16.3800,16.6800,1390375,22839748.3300,3,0.556150,1,-1.798600,0
2011-12-05,sz.002470,16.4000,16.4500,15.9100,15.9400,16.3800,1366440,21983111.5600,3,0.546576,1,-2.686200,0
2011-12-06,sz.002470,15.8500,16.2100,15.8500,16.1500,15.9400,735449,11826197.5900,3,0.294180,1,1.317400,0
2011-12-07,sz.002470,16.1500,16.2500,16.0300,16.2000,16.1500,790001,12766564.6100,3,0.316000,1,0.309600,0
2011-12-08,sz.002470,16.2000,16.3500,15.9200,16.0500,16.2000,1198074,19293641.7400,3,0.479230,1,-0.925900,0
2011-12-09,sz.002470,15.9800,16.1900,15.9100,16.1000,16.0500,804291,12908110.4100,3,0.321716,1,0.311500,0
2011-12-12,sz.002470,16.1500,16.2500,15.9500,16.0200,16.1000,735630,11832854.2500,3,0.294252,1,-0.496900,0
2011-12-13,sz.002470,15.9900,15.9900,14.8100,15.0000,16.0200,2421239,36809790.7000,3,0.968496,1,-6.367000,0
2011-12-14,sz.002470,15.0500,15.1900,14.4900,14.6400,15.0000,1043810,15475039.0400,3,0.417524,1,-2.400000,0
2011-12-15,sz.002470,14.5100,14.6500,13.8800,13.9800,14.6400,1782111,25246839.3200,3,0.712845,1,-4.508200,0
2011-12-16,sz.002470,14.0700,14.4000,14.0200,14.3500,13.9800,1195971,16956170.6400,3,0.478388,1,2.646600,0
2011-12-19,sz.002470,14.3300,14.3300,13.9500,14.1700,14.3500,1304272,18390017.0300,3,0.521709,1,-1.254400,0
2011-12-20,sz.002470,14.1500,14.4800,14.0900,14.2300,14.1700,1345921,19208204.4100,3,0.538369,1,0.423400,0
2011-12-21,sz.002470,14.3000,14.5000,13.9500,13.9600,14.2300,1535405,22005503.1600,3,0.614162,1,-1.897400,0
2011-12-22,sz.002470,13.9000,13.9000,13.1700,13.4800,13.9600,1434167,19307872.7300,3,0.573667,1,-3.438400,0
2011-12-23,sz.002470,13.5100,13.6900,13.3000,13.6400,13.4800,922950,12492006.1600,3,0.369180,1,1.186900,0
2011-12-26,sz.002470,13.5500,13.6900,13.4500,13.5600,13.6400,857453,11640382.3500,3,0.342981,1,-0.586500,0
2011-12-27,sz.002470,13.6800,13.6900,12.8700,12.8700,13.5600,1495873,19641387.9800,3,0.598349,1,-5.088500,0
2011-12-28,sz.002470,12.7800,12.7800,12.0600,12.6400,12.8700,2258825,27985929.4400,3,0.903530,1,-1.787100,0
2011-12-29,sz.002470,12.4000,12.7700,12.3900,12.5900,12.6400,1224140,15471130.2300,3,0.489656,1,-0.395600,0
2011-12-30,sz.002470,12.6000,12.8400,12.6000,12.8300,12.5900,931116,11892337.3500,3,0.372446,1,1.906300,0
2012-01-04,sz.002470,12.9500,13.2000,12.8600,12.8600,12.8300,1821511,23731172.4500,3,0.728605,1,0.233800,0
2012-01-05,sz.002470,12.9500,12.9500,12.2100,12.3400,12.8600,966985,12170654.0600,3,0.386794,1,-4.043500,0
2012-01-06,sz.002470,12.3000,12.6400,12.1500,12.6200,12.3400,1123992,13976128.3900,3,0.449597,1,2.269000,0
2012-01-09,sz.002470,12.6200,13.3000,12.5200,13.1800,12.6200,1525803,19709898.3900,3,0.610321,1,4.437400,0
2012-01-10,sz.002470,13.1800,13.7300,13.1500,13.6500,13.1800,2127650,28695319.4900,3,0.851060,1,3.566000,0
2012-01-11,sz.002470,13.6500,13.8400,13.4300,13.6400,13.6500,1750712,23934595.4700,3,0.700285,1,-0.073300,0
2012-01-12,sz.002470,13.6200,13.8300,13.5200,13.6200,13.6400,1323822,18170875.2400,3,0.529529,1,-0.146600,0
2012-01-13,sz.002470,13.6300,13.7700,13.0000,13.2200,13.6200,1233681,16412077.0200,3,0.493472,1,-2.936900,0
2012-01-16,sz.002470,13.2100,13.2200,12.5500,12.5500,13.2200,1066637,13704268.0900,3,0.426655,1,-5.068100,0
2012-01-17,sz.002470,12.5500,13.5900,12.5000,13.4600,12.5500,1358379,17682732.4500,3,0.543352,1,7.251000,0
2012-01-18,sz.002470,13.4700,13.7400,13.2000,13.2700,13.4600,1431700,19268621.7800,3,0.572680,1,-1.411600,0
2012-01-19,sz.002470,13.1800,13.6700,13.0800,13.6300,13.2700,1473216,19933878.2400,3,0.589287,1,2.712900,0
2012-01-20,sz.002470,13.6300,13.8100,13.6000,13.7100,13.6300,1268836,17440964.6300,3,0.507535,1,0.586900,0
2012-01-30,sz.002470,13.7900,13.8500,13.5000,13.5000,13.7100,821119,11194695.8900,3,0.328448,1,-1.531700,0
2012-01-31,sz.002470,13.5200,13.7400,13.4600,13.7400,13.5000,994028,13477258.6200,3,0.397611,1,1.777800,0
2012-02-01,sz.002470,13.6800,13.8500,13.5000,13.5500,13.7400,1065912,14572625.5000,3,0.426365,1,-1.382800,0
2012-02-02,sz.002470,13.7900,13.8200,13.6100,13.8000,13.5500,1215985,16695555.6600,3,0.486394,1,1.845000,0
2012-02-03,sz.002470,13.8100,14.4700,13.7800,14.3900,13.8000,3584319,50993930.4200,3,1.433728,1,4.275400,0
2012-02-06,sz.002470,14.4500,14.5000,14.0800,14.3400,14.3900,2493562,35605349.2200,3,0.997425,1,-0.347500,0
2012-02-07,sz.002470,14.2100,14.2800,13.8800,14.0900,14.3400,1817615,25516556.5700,3,0.727046,1,-1.743400,0
2012-02-08,sz.002470,14.0100,14.4400,14.0000,14.3600,14.0900,1940158,27647543.1100,3,0.776063,1,1.916300,0
2012-02-09,sz.002470,14.3500,14.5300,14.2600,14.3800,14.3600,2196796,31631194.7600,3,0.878719,1,0.139300,0
2012-02-10,sz.002470,14.3000,14.4800,14.2300,14.3900,14.3800,1233077,17661395.9000,3,0.493231,1,0.069500,0
2012-02-13,sz.002470,14.3200,14.5400,14.1500,14.4400,14.3900,1619899,23281167.8100,3,0.647960,1,0.347500,0
2012-02-14,sz.002470,14.4000,14.6900,14.3700,14.4700,14.4400,1995744,29016675.3000,3,0.798298,1,0.207800,0
2012-02-15,sz.002470,14.4100,14.6300,14.2800,14.6100,14.4700,2177342,31521659.1500,3,0.870937,1,0.967500,0
2012-02-16,sz.002470,14.5500,14.7100,14.3800,14.4900,14.6100,1679282,24476040.0400,3,0.671713,1,-0.821400,0
2012-02-17,sz.002470,14.5000,14.6300,14.3900,14.4900,14.4900,1282400,18616649.1400,3,0.512960,1,0.000000,0
2012-02-20,sz.002470,14.6300,14.7700,14.5000,14.5200,14.4900,1266795,18522521.9500,3,0.506718,1,0.207000,0
2012-02-21,sz.002470,14.4500,14.5900,14.2600,14.5800,14.5200,1278739,18435272.6100,3,0.511496,1,0.413200,0
2012-02-22,sz.002470,14.5800,14.9700,14.5800,14.8800,14.5800,2222862,32964550.6500,3,0.889145,1,2.057600,0
2012-02-23,sz.002470,14.9400,15.0800,14.7200,14.9700,14.8800,2362068,35315625.6500,3,0.944827,1,0.604800,0
2012-02-24,sz.002470,14.9800,15.0800,14.8300,15.0200,14.9700,2010426,30079794.9100,3,0.804171,1,0.334000,0
2012-02-27,sz.002470,15.1000,15.1700,14.9400,15.0100,15.0200,2618946,39415187.4800,3,1.047579,1,-0.066600,0
2012-02-28,sz.002470,14.9600,14.9900,14.6500,14.7600,15.0100,2227188,32984625.0500,3,0.890875,1,-1.665600,0
2012-02-29,sz.002470,14.7800,14.8600,14.6100,14.7000,14.7600,1022287,15051799.4600,3,0.408915,1,-0.406500,0
2012-03-01,sz.002470,14.6500,14.7600,14.6000,14.6600,14.7000,993149,14593400.4800,3,0.397260,1,-0.272100,0
2012-03-02,sz.002470,14.7300,14.9700,14.7000,14.9700,14.6600,1998203,29647060.5800,3,0.799281,1,2.114600,0
2012-03-05,sz.002470,15.0000,15.0800,14.8000,14.8800,14.9700,2015800,30101060.6500,3,0.806320,1,-0.601200,0
2012-03-06,sz.002470,14.9000,15.0200,14.3900,14.4000,14.8800,2558889,37635823.1600,3,1.023556,1,-3.225800,0
2012-03-07,sz.002470,14.3500,14.4200,14.2200,14.2400,14.4000,1707605,24416537.1700,3,0.683042,1,-1.111100,0
2012-03-08,sz.002470,14.3100,14.5700,14.3100,14.3800,14.2400,1449877,20924683.5600,3,0.579951,1,0.983100,0
2012-03-09,sz.002470,14.4400,14.8500,14.4200,14.8500,14.3800,3107005,45432530.1700,3,1.242802,1,3.268400,0
2012-03-12,sz.002470,14.9000,15.1600,14.7000,15.0500,14.8500,3834850,57295339.8700,3,1.533940,1,1.346800,0
2012-03-13,sz.002470,15.0200,15.4300,14.8000,15.3600,15.0500,5010674,75827334.7200,3,2.004270,1,2.059800,0
2012-03-14,sz.002470,15.3900,15.4600,14.4000,14.4300,15.3600,5277330,79634215.6300,3,2.110932,1,-6.054700,0
2012-03-15,sz.002470,14.3800,14.7900,14.2100,14.5200,14.4300,2661381,38665777.4500,3,1.064553,1,0.623700,0
2012-03-16,sz.002470,14.6700,15.3900,14.6700,15.1800,14.5200,4170165,63082995.9200,3,1.668066,1,4.545500,0
2012-03-19,sz.002470,15.1900,15.5600,15.0900,15.4100,15.1800,3303552,50800621.4100,3,1.321421,1,1.515200,0
2012-03-20,sz.002470,15.4200,15.4500,14.8000,14.8100,15.4100,2563770,38552436.9300,3,1.025508,1,-3.893600,0
2012-03-21,sz.002470,14.9600,15.2500,14.6800,15.1300,14.8100,2362239,35452460.0400,3,0.944896,1,2.160700,0
2012-03-22,sz.002470,15.2800,15.2800,14.8600,14.9400,15.1300,1468964,22097308.8300,3,0.587586,1,-1.255800,0
2012-03-23,sz.002470,14.9400,15.0000,14.4000,14.4800,14.9400,1851111,27279623.8800,3,0.740445,1,-3.079000,0
2012-03-26,sz.002470,14.6200,14.8700,14.5000,14.7900,14.4800,2569504,37885204.6900,3,1.027802,1,2.140900,0
2012-03-27,sz.002470,14.8000,15.0000,14.4900,14.5100,14.7900,1197951,17633804.3900,3,0.479180,1,-1.893200,0
2012-03-28,sz.002470,14.4100,14.5500,13.6200,13.6400,14.5100,1938124,27042436.3000,3,0.775250,1,-5.995900,0
2012-03-29,sz.002470,13.6400,13.9200,13.3500,13.5600,13.6400,1316606,18011575.7600,3,0.526643,1,-0.586500,0
2012-03-30,sz.002470,13.5600,13.5600,13.5600,13.5600,13.5600,0,0.0000,3,,0,0.000000,0
2012-04-05,sz.002470,13.5200,14.0000,13.3600,13.9300,13.5600,1169373,16071170.1900,3,0.467749,1,2.728600,0
2012-04-06,sz.002470,13.9300,14.1200,13.8300,14.0000,13.9300,822193,11490789.5900,3,0.328877,1,0.502500,0
2012-04-09,sz.002470,14.1400,14.1400,13.4000,13.5800,14.0000,923219,12772113.8400,3,0.369288,1,-3.000000,0
2012-04-10,sz.002470,13.5600,13.6900,13.1700,13.6800,13.5800,812693,10928537.7200,3,0.325077,1,0.736400,0
2012-04-11,sz.002470,13.6800,14.0800,13.5600,13.9600,13.6800,1222922,17003260.1300,3,0.489169,1,2.046800,0
2012-04-12,sz.002470,13.9800,14.2300,13.9000,14.2000,13.9600,1149608,16182935.7200,3,0.459843,1,1.719200,0
2012-04-13,sz.002470,14.2500,14.7800,14.2000,14.6800,14.2000,1930063,28047140.0900,3,0.772025,1,3.380300,0
2012-04-16,sz.002470,14.5100,14.9700,14.5000,14.6300,14.6800,1541657,22760546.8000,3,0.616663,1,-0.340600,0
2012-04-17,sz.002470,14.6600,14.9300,14.5100,14.7000,14.6300,1860162,27452021.0000,3,0.744065,1,0.478500,0
2012-04-18,sz.002470,14.7700,15.0300,14.5000,15.0000,14.7000,2964739,44006704.1400,3,1.185896,1,2.040800,0
2012-04-19,sz.002470,14.9600,15.0100,14.8100,14.8800,15.0000,1058196,15748179.0500,3,0.423278,1,-0.800000,0
2012-04-20,sz.002470,14.8800,15.0700,14.8200,14.9400,14.8800,1476102,22045263.9100,3,0.590441,1,0.403200,0
2012-04-23,sz.002470,14.9000,14.9600,14.5700,14.5800,14.9400,1155886,16988608.5300,3,0.462354,1,-2.409600,0
2012-04-24,sz.002470,14.5400,14.7300,14.2000,14.4600,14.5800,1876590,27244171.0100,3,0.750636,1,-0.823000,0
2012-04-25,sz.002470,14.4500,14.6900,14.3300,14.6000,14.4600,1749307,25471915.7200,3,0.699723,1,0.968200,0
2012-04-26,sz.002470,14.5800,15.2700,14.5800,15.1300,14.6000,2842493,42532680.4600,3,1.136997,1,3.630100,0
2012-04-27,sz.002470,15.1500,15.3000,15.0000,15.1200,15.1300,1627087,24574585.7300,3,0.650835,1,-0.066100,0
2012-05-02,sz.002470,15.3000,15.4000,14.9500,15.2000,15.1200,4188169,63428385.9200,3,1.675268,1,0.529100,0
2012-05-03,sz.002470,15.1800,15.7100,15.1200,15.6400,15.2000,4527409,70390704.1600,3,1.810964,1,2.894700,0
2012-05-04,sz.002470,15.6200,15.9700,15.5000,15.8500,15.6400,6714917,105944699.6700,3,2.685967,1,1.342700,0
2012-05-07,sz.002470,15.7800,16.0300,15.5000,16.0000,15.8500,6415580,100662102.6800,3,2.566233,1,0.946400,0
2012-05-08,sz.002470,15.9100,15.9400,15.5000,15.5800,16.0000,4514518,70613587.6100,3,1.805808,1,-2.625000,0
2012-05-09,sz.002470,15.3500,15.6800,15.3000,15.4000,15.5800,4120567,63631504.2000,3,1.648227,1,-1.155300,0
2012-05-10,sz.002470,15.3400,15.4500,15.0900,15.2100,15.4000,1758044,26806239.3600,3,0.703218,1,-1.233800,0
2012-05-11,sz.002470,15.2000,15.8600,15.2000,15.8000,15.2100,3524467,55214259.2500,3,1.409787,1,3.879000,0
2012-05-14,sz.002470,15.8700,15.9100,15.3500,15.5000,15.8000,3465945,53787710.3100,3,1.386378,1,-1.898700,0
2012-05-15,sz.002470,15.3400,15.3400,14.8300,14.9000,15.5000,2988687,44808906.6600,3,1.195475,1,-3.871000,0
2012-05-16,sz.002470,14.9000,15.0700,14.7700,14.7800,14.9000,2056535,30671036.7300,3,0.822614,1,-0.805400,0
2012-05-17,sz.002470,14.7300,14.9500,14.7300,14.9200,14.7800,2080047,30910082.4800,3,0.832019,1,0.947200,0
2012-05-18,sz.002470,14.7100,14.8000,14.3900,14.6200,14.9200,2074189,30194174.3600,3,0.829676,1,-2.010700,0
2012-05-21,sz.002470,14.5700,14.7500,14.3600,14.6200,14.6200,960125,13994114.5900,3,0.384050,1,0.000000,0
2012-05-22,sz.002470,14.6600,15.1000,14.6600,14.9900,14.6200,1791128,26694005.6200,3,0.716451,1,2.530800,0
2012-05-23,sz.002470,14.9000,15.1000,14.6900,15.0300,14.9900,1847578,27507688.2600,3,0.739031,1,0.266800,0
2012-05-24,sz.002470,14.8800,14.9900,14.7100,14.8000,15.0300,1052268,15635694.4100,3,0.420907,1,-1.530300,0
2012-05-25,sz.002470,14.8200,14.9400,14.7100,14.7200,14.8000,910204,13494733.2400,3,0.364082,1,-0.540500,0
2012-05-28,sz.002470,14.7100,14.8500,14.2800,14.8500,14.7200,1428613,20756895.8800,3,0.571445,1,0.883200,0
2012-05-29,sz.002470,14.8500,15.1100,14.7500,15.0500,14.8500,1634026,24463440.1300,3,0.653611,1,1.346800,0
2012-05-30,sz.002470,14.9200,14.9500,14.7000,14.8100,14.9000,1411569,20903555.9100,3,0.564628,1,-0.604000,0
2012-05-31,sz.002470,14.7300,14.9300,14.6900,14.8700,14.8100,1165529,17303890.2200,3,0.466212,1,0.405100,0
2012-06-01,sz.002470,14.8500,15.1200,14.7800,14.9300,14.8700,1787782,26786516.8000,3,0.715113,1,0.403500,0
2012-06-04,sz.002470,14.6000,14.7600,14.2600,14.2900,14.9300,1536214,22282754.7400,3,0.614486,1,-4.286700,0
2012-06-05,sz.002470,14.3100,14.4100,14.1100,14.1300,14.2900,1131000,16100409.2700,3,0.452400,1,-1.119700,0
2012-06-06,sz.002470,14.3000,14.3100,14.0600,14.1400,14.1300,511423,7252553.6700,3,0.204569,1,0.070800,0
2012-06-07,sz.002470,14.2500,14.4000,13.8900,13.9000,14.1400,1206544,16985919.9500,3,0.482618,1,-1.697300,0
2012-06-08,sz.002470,14.0000,14.1000,13.7800,13.9000,13.9000,847637,11784830.3100,3,0.339055,1,0.000000,0
2012-06-11,sz.002470,13.9000,14.2200,13.8600,14.1300,13.9000,664064,9327505.6000,3,0.265626,1,1.654700,0
2012-06-12,sz.002470,14.0500,14.0700,13.8500,13.9600,14.1300,545704,7612835.6000,3,0.218282,1,-1.203100,0
2012-06-13,sz.002470,13.9600,14.2200,13.9600,14.2200,13.9600,929987,13152579.8300,3,0.371995,1,1.862500,0
2012-06-14,sz.002470,14.2200,14.2200,14.2200,14.2200,14.2200,0,0.0000,3,,0,0.000000,0
2012-06-15,sz.002470,14.1800,14.3600,14.0700,14.3600,14.2200,1174907,16673432.0400,3,0.469963,1,0.984500,0
2012-06-18,sz.002470,14.4000,14.4700,14.3100,14.4100,14.3600,1157950,16679067.6500,3,0.463180,1,0.348200,0
2012-06-19,sz.002470,14.4000,14.4000,14.1800,14.2600,14.4100,849969,12140111.3400,3,0.339988,1,-1.040900,0
2012-06-20,sz.002470,14.2600,14.4200,14.2400,14.3300,14.2600,638841,9160274.5900,3,0.255536,1,0.490900,0
2012-06-21,sz.002470,14.2900,14.3900,13.9800,14.0500,14.3300,947116,13368975.4500,3,0.378846,1,-1.953900,0
2012-06-25,sz.002470,14.0000,14.1000,13.5800,13.5800,14.0500,1112541,15382604.6500,3,0.445016,1,-3.345200,0
2012-06-26,sz.002470,13.5100,13.6200,13.2500,13.3500,13.5800,1068854,14280416.5800,3,0.427542,1,-1.693700,0
2012-06-27,sz.002470,13.4400,13.4500,13.2500,13.3400,13.3500,1217156,16249975.1700,3,0.486862,1,-0.074900,0
2012-06-28,sz.002470,13.3400,13.4100,13.0200,13.0900,13.3400,933065,12353300.7700,3,0.373226,1,-1.874100,0
2012-06-29,sz.002470,13.0600,13.3800,13.0300,13.2400,13.0900,1413582,18631618.9500,3,0.565433,1,1.145900,0
2012-07-02,sz.002470,13.3300,13.6500,13.2500,13.5000,13.2400,1457020,19563426.3400,3,0.582808,1,1.963700,0
2012-07-03,sz.002470,13.5000,13.8200,13.4300,13.5700,13.5000,1665694,22759228.6100,3,0.666278,1,0.518500,0
2012-07-04,sz.002470,13.6500,13.7000,13.5000,13.5600,13.5700,705848,9600012.9300,3,0.282339,1,-0.073700,0
2012-07-05,sz.002470,13.4900,13.5900,13.1800,13.3400,13.5600,1043381,13935282.3600,3,0.417352,1,-1.622400,0
2012-07-06,sz.002470,13.4000,13.8900,13.2800,13.8200,13.3400,1614103,21831229.2300,3,0.645641,1,3.598200,0
2012-07-09,sz.002470,13.7400,13.8200,13.5100,13.5300,13.8200,1093358,14982384.8300,3,0.437343,1,-2.098400,0
2012-07-10,sz.002470,13.4300,13.7600,13.4100,13.4700,13.5300,1077330,14600971.5200,3,0.430932,1,-0.443500,0
2012-07-11,sz.002470,13.5000,13.7800,13.5000,13.7800,13.4700,1566115,21406528.3300,3,0.626446,1,2.301400,0
2012-07-12,sz.002470,13.7800,14.3000,13.6900,14.1300,13.7800,2250822,31630008.1000,3,0.900329,1,2.539900,0
2012-07-13,sz.002470,14.0300,14.3500,14.0000,14.1800,14.1300,1478613,20980372.1500,3,0.591445,1,0.353900,0
2012-07-16,sz.002470,14.1800,14.3300,13.7200,13.7500,14.1800,2225979,31345741.4000,3,0.890392,1,-3.032400,0
2012-07-17,sz.002470,13.7300,14.3000,13.6000,14.3000,13.7500,1558872,21896551.8200,3,0.623549,1,4.000000,0
2012-07-18,sz.002470,14.3000,14.6600,14.2000,14.6600,14.3000,3361634,48625737.6700,3,1.344654,1,2.517500,0
2012-07-19,sz.002470,14.5300,14.7900,14.5300,14.7500,14.6600,2711136,39883725.8500,3,1.084454,1,0.613900,0
2012-07-20,sz.002470,14.6100,14.6800,14.4100,14.5700,14.7500,1746538,25308869.1400,3,0.698615,1,-1.220300,0
2012-07-23,sz.002470,14.4500,14.4500,14.1900,14.2800,14.5700,1173151,16761074.4700,3,0.469260,1,-1.990400,0
2012-07-24,sz.002470,14.5500,15.0000,14.5500,14.6300,14.2800,3052980,45055299.5300,3,1.221192,1,2.451000,0
2012-07-25,sz.002470,14.5000,14.6200,14.3800,14.5200,14.6300,1248802,18080725.4400,3,0.499521,1,-0.751900,0
2012-07-26,sz.002470,14.5100,14.6300,14.5000,14.6000,14.5200,1161571,16921800.8100,3,0.464628,1,0.551000,0
2012-07-27,sz.002470,14.6700,14.6900,14.4500,14.6000,14.6000,1066225,15496538.1800,3,0.426490,1,0.000000,0
2012-07-30,sz.002470,14.6100,14.9400,14.5500,14.7800,14.6000,2287371,33823973.7900,3,0.914948,1,1.232900,0
2012-07-31,sz.002470,14.7300,14.8800,14.2200,14.3000,14.7800,2061296,29923499.5800,3,0.824518,1,-3.247600,0
2012-08-01,sz.002470,14.2200,14.6000,14.2200,14.5200,14.3000,1636137,23690109.8100,3,0.654455,1,1.538500,0
2012-08-02,sz.002470,14.5200,14.5200,14.1500,14.1600,14.5200,834648,11949028.8300,3,0.333859,1,-2.479300,0
2012-08-03,sz.002470,14.3700,14.4500,14.0500,14.4500,14.1600,994483,14191868.2400,3,0.397793,1,2.048000,0
2012-08-06,sz.002470,14.4200,15.2000,14.3200,15.1900,14.4500,4058793,60784055.3900,3,1.623517,1,5.121100,0
2012-08-07,sz.002470,15.2000,15.2600,14.9600,15.0700,15.1900,1872387,28196287.3300,3,0.748955,1,-0.790000,0
2012-08-08,sz.002470,15.0300,15.2200,14.9000,14.9800,15.0700,1876142,28219293.1700,3,0.750457,1,-0.597200,0
2012-08-09,sz.002470,14.9800,15.1900,14.8200,15.1200,14.9800,1430978,21519742.9100,3,0.572391,1,0.934600,0
2012-08-10,sz.002470,15.1200,15.2600,15.0400,15.1000,15.1200,1112727,16854443.0800,3,0.445091,1,-0.132300,0
2012-08-13,sz.002470,15.0500,15.3900,14.9000,14.9700,15.1000,2173673,32979313.3300,3,0.869469,1,-0.860900,0
2012-08-14,sz.002470,14.9700,15.8000,14.8500,15.6900,14.9700,5280869,80974291.1100,3,2.112348,1,4.809600,0
2012-08-15,sz.002470,15.4800,15.6900,15.3600,15.3700,15.6900,2311235,35832394.1300,3,0.924494,1,-2.039500,0
2012-08-16,sz.002470,15.3000,15.7300,15.3000,15.7000,15.3700,2577892,40266719.4400,3,1.031157,1,2.147000,0
2012-08-17,sz.002470,15.7000,16.2900,15.6300,16.0600,15.7000,6103336,97956425.8000,3,2.441334,1,2.293000,0
2012-08-20,sz.002470,15.9000,16.1600,15.7300,16.0700,16.0600,2031305,32313066.2500,3,0.812522,1,0.062300,0
2012-08-21,sz.002470,16.0600,16.2100,15.8500,16.0300,16.0700,2814146,44951760.5100,3,1.125658,1,-0.248900,0
2012-08-22,sz.002470,15.9300,16.1200,15.7300,15.8500,16.0300,2171439,34428499.9500,3,0.868576,1,-1.122900,0
2012-08-23,sz.002470,15.7800,16.1100,15.7500,16.0500,15.8500,3059615,48595294.6100,3,1.223846,1,1.261800,0
2012-08-24,sz.002470,15.9400,15.9500,15.3000,15.3600,16.0500,2460407,38471418.4300,3,0.984163,1,-4.299100,0
2012-08-27,sz.002470,15.3500,15.6000,15.2100,15.3900,15.3600,1635952,25194505.3100,3,0.654381,1,0.195300,0
2012-08-28,sz.002470,15.3500,15.6600,15.0700,15.4900,15.3900,1624424,24956548.3600,3,0.649770,1,0.649800,0
2012-08-29,sz.002470,15.4000,15.7700,15.2100,15.4600,15.4900,1252440,19516065.7000,3,0.500976,1,-0.193700,0
2012-08-30,sz.002470,15.5000,15.6300,14.9500,15.3900,15.4600,1221646,18755365.6100,3,0.488658,1,-0.452779,0
2012-08-31,sz.002470,15.4000,15.4100,15.1600,15.2600,15.3900,1774897,27057789.5800,3,0.709959,1,-0.844700,0
2012-09-03,sz.002470,15.1100,15.4800,15.1100,15.2500,15.2600,1531880,23453478.2600,3,0.612752,1,-0.065500,0
2012-09-04,sz.002470,15.3700,15.3900,14.8900,15.0300,15.2500,1898302,28615778.0500,3,0.759321,1,-1.442600,0
2012-09-05,sz.002470,15.0000,15.1300,14.8300,15.1000,15.0300,1637445,24553050.5000,3,0.654978,1,0.465700,0
2012-09-06,sz.002470,15.1000,15.2400,15.0400,15.2200,15.1000,1507604,22825749.3500,3,0.603042,1,0.794700,0
2012-09-07,sz.002470,15.3500,16.0000,15.3400,15.5500,15.2200,3909662,61317086.1200,3,1.563865,1,2.168200,0
2012-09-10,sz.002470,15.6000,16.0000,15.5100,15.9100,15.5500,1997462,31579787.3200,3,0.798985,1,2.315100,0
2012-09-11,sz.002470,15.8500,15.8600,15.6500,15.7800,15.9100,2155284,33887171.4200,3,0.862114,1,-0.817100,0
2012-09-12,sz.002470,15.8200,15.9900,15.6800,15.9900,15.7800,1906993,30245752.1000,3,0.762797,1,1.330800,0
2012-09-13,sz.002470,15.9900,15.9900,15.5900,15.6100,15.9900,1213005,19129463.5200,3,0.485202,1,-2.376500,0
2012-09-14,sz.002470,15.7200,15.7800,15.2500,15.4300,15.6100,1207594,18688953.5600,3,0.483038,1,-1.153100,0
2012-09-17,sz.002470,15.5300,15.5500,14.9700,15.0100,15.4300,1268677,19174019.1600,3,0.507471,1,-2.722000,0
2012-09-18,sz.002470,15.0000,15.1400,14.8800,14.9900,15.0100,479954,7204750.3900,3,0.191982,1,-0.133200,0
2012-09-19,sz.002470,15.1400,15.1900,15.0000,15.0500,14.9900,467982,7053058.1200,3,0.187193,1,0.400300,0
2012-09-20,sz.002470,15.0900,15.3200,14.9300,15.0000,15.0500,1922950,29181714.1500,3,0.769180,1,-0.332200,0
2012-09-21,sz.002470,14.9800,15.1300,14.7600,14.7700,15.0000,1225734,18319353.4800,3,0.490294,1,-1.533300,0
2012-09-24,sz.002470,14.6600,14.6800,14.3500,14.6100,14.7700,705484,10261134.6900,3,0.282194,1,-1.083300,0
2012-09-25,sz.002470,14.6000,14.7800,14.4600,14.5800,14.6100,737264,10774154.3500,3,0.294906,1,-0.205300,0
2012-09-26,sz.002470,14.5000,14.7300,14.1100,14.3200,14.5800,714035,10239938.7700,3,0.285614,1,-1.783300,0
2012-09-27,sz.002470,14.3100,14.9800,14.2900,14.7400,14.3200,1178332,17205680.3200,3,0.471333,1,2.933000,0
2012-09-28,sz.002470,14.6200,14.9500,14.6000,14.9300,14.7400,431184,6411519.7700,3,0.172474,1,1.289000,0
2012-10-08,sz.002470,14.9400,15.0800,14.7900,14.8600,14.9300,325330,4859871.1000,3,0.130132,1,-0.468900,0
2012-10-09,sz.002470,14.9200,15.3400,14.9200,15.3300,14.8600,1090418,16589967.2900,3,0.436167,1,3.162900,0
2012-10-10,sz.002470,15.2300,15.3800,15.1000,15.3000,15.3300,1063957,16201871.3800,3,0.425583,1,-0.195700,0
2012-10-11,sz.002470,15.1800,15.2700,15.1300,15.1600,15.3000,595278,9044092.9500,3,0.238111,1,-0.915000,0
2012-10-12,sz.002470,15.1300,15.3400,15.0800,15.2700,15.1600,777684,11851286.3700,3,0.311074,1,0.725600,0
2012-10-15,sz.002470,15.2900,15.5000,15.1600,15.3900,15.2700,780996,11958225.6200,3,0.312398,1,0.785900,0
2012-10-16,sz.002470,15.5000,15.5000,14.7800,14.8000,15.3900,3735076,56061704.9600,3,1.494030,1,-3.833700,0
2012-10-17,sz.002470,14.7200,15.0000,14.6400,14.8900,14.8000,1323196,19537032.8800,3,0.529278,1,0.608100,0
2012-10-18,sz.002470,14.8000,14.9900,14.7400,14.9300,14.8900,1647526,24503143.2300,3,0.659010,1,0.268600,0
2012-10-19,sz.002470,14.9000,14.9700,14.8300,14.9000,14.9300,850753,12673269.5500,3,0.340301,1,-0.200942,0
2012-10-22,sz.002470,14.8300,14.8400,14.5600,14.7600,14.9000,1239497,18194025.0900,3,0.495799,1,-0.939600,0
2012-10-23,sz.002470,14.7200,14.7600,14.5500,14.5700,14.7600,754277,11048267.9700,3,0.301711,1,-1.287300,0
2012-10-24,sz.002470,14.4000,14.6000,14.4000,14.5700,14.5700,881514,12769791.1300,3,0.352606,1,0.000000,0
2012-10-25,sz.002470,14.5400,14.6600,14.4800,14.4800,14.5700,548054,7987693.9400,3,0.219222,1,-0.617700,0
2012-10-26,sz.002470,14.4200,14.5100,14.1600,14.2900,14.4800,727806,10439717.7100,3,0.291122,1,-1.312200,0
2012-10-29,sz.002470,14.2300,14.4500,14.2200,14.2900,14.2900,565920,8100050.1600,3,0.226368,1,0.000000,0
2012-10-30,sz.002470,14.3500,14.6100,14.3500,14.4600,14.2900,625634,9067417.3600,3,0.250254,1,1.189600,0
2012-10-31,sz.002470,14.4500,14.6800,14.3200,14.6600,14.4600,717197,10463443.3200,3,0.286879,1,1.383100,0
2012-11-01,sz.002470,14.5400,14.8100,14.5200,14.7100,14.6600,1033127,15229786.0700,3,0.413251,1,0.341100,0
2012-11-02,sz.002470,14.7100,14.7900,14.6000,14.7900,14.7100,727494,10705168.4900,3,0.290998,1,0.543800,0
2012-11-05,sz.002470,14.7600,14.9500,14.6800,14.7800,14.7900,811878,12025041.7900,3,0.324751,1,-0.067600,0
2012-11-06,sz.002470,14.7800,14.8400,14.4500,14.7900,14.7800,825599,12078858.0100,3,0.330240,1,0.067700,0
2012-11-07,sz.002470,14.8000,14.9800,14.6100,14.9500,14.7900,836258,12404957.6000,3,0.334503,1,1.081800,0
2012-11-08,sz.002470,14.8200,14.9500,14.6700,14.7600,14.9500,1121311,16593006.2000,3,0.448524,1,-1.270900,0
2012-11-09,sz.002470,14.8000,14.8000,14.4000,14.6000,14.7600,1452496,21226269.2500,3,0.580998,1,-1.084000,0
2012-11-12,sz.002470,14.7500,14.7500,14.3000,14.5000,14.6000,744750,10751283.8400,3,0.297900,1,-0.684900,0
2012-11-13,sz.002470,14.3800,14.4000,14.0600,14.2100,14.5000,717416,10206847.7500,3,0.286966,1,-2.000000,0
2012-11-14,sz.002470,14.2600,14.2600,14.0300,14.2400,14.2100,683568,9683814.8100,3,0.273427,1,0.211100,0
2012-11-15,sz.002470,14.2200,14.2200,13.9600,13.9600,14.2400,445720,6289342.2700,3,0.178288,1,-1.966300,0
2012-11-16,sz.002470,13.9400,14.0600,13.8100,13.9000,13.9600,771904,10748924.4700,3,0.308762,1,-0.429800,0
2012-11-19,sz.002470,14.3800,14.3800,13.4700,13.7500,13.9000,1362695,18683345.7500,3,0.545078,1,-1.079100,0
2012-11-20,sz.002470,13.8300,13.8300,13.4900,13.5700,13.7500,882098,11978086.6400,3,0.352839,1,-1.309100,0
2012-11-21,sz.002470,13.5700,13.7200,13.3800,13.7000,13.5700,830342,11258590.7400,3,0.332137,1,0.958000,0
2012-11-22,sz.002470,13.7700,13.7700,13.4100,13.4600,13.7000,629028,8514857.7200,3,0.251611,1,-1.751800,0
2012-11-23,sz.002470,13.3300,13.5600,13.3300,13.5000,13.4600,653303,8809924.6700,3,0.261321,1,0.297200,0
2012-11-26,sz.002470,13.5000,13.5300,13.3400,13.4800,13.5000,431343,5787919.1900,3,0.172537,1,-0.148100,0
2012-11-27,sz.002470,13.4500,13.4500,12.9500,13.0000,13.4800,778181,10157621.1000,3,0.311272,1,-3.560800,0
2012-11-28,sz.002470,12.9000,12.9500,12.5000,12.6600,13.0000,712411,9007660.9100,3,0.284964,1,-2.615400,0
2012-11-29,sz.002470,12.6900,12.7200,12.1500,12.2400,12.6600,747921,9281156.6600,3,0.299168,1,-3.317500,0
2012-11-30,sz.002470,12.1300,12.5200,12.1300,12.4800,12.2400,557573,6942388.0300,3,0.223029,1,1.960800,0
2012-12-03,sz.002470,12.4800,12.5300,12.2000,12.2500,12.4800,537538,6659857.8000,3,0.215015,1,-1.842900,0
2012-12-04,sz.002470,12.1700,12.4300,12.1200,12.4000,12.2500,314524,3850179.0000,3,0.125810,1,1.224500,0
2012-12-05,sz.002470,12.4000,13.0000,12.3900,12.8200,12.4000,1382642,17714045.5200,3,0.553057,1,3.387100,0
2012-12-06,sz.002470,12.7800,12.9000,12.6800,12.8000,12.8200,1884842,24107574.4300,3,0.753937,1,-0.156000,0
2012-12-07,sz.002470,12.8500,13.0100,12.8000,13.0000,12.8000,2693144,34781375.9300,3,1.077258,1,1.562500,0
2012-12-10,sz.002470,13.1500,13.7600,13.0600,13.7100,13.0000,4996361,66663453.6600,3,1.998544,1,5.461500,0
2012-12-11,sz.002470,13.7100,13.7200,13.4500,13.4700,13.7100,2964395,40243052.5600,3,1.185758,1,-1.750500,0
2012-12-12,sz.002470,13.5500,13.6300,13.3000,13.3800,13.4700,2528696,33922866.0000,3,1.011478,1,-0.668200,0
2012-12-13,sz.002470,13.4000,13.5600,13.2800,13.3300,13.3800,1587011,21366030.1100,3,0.634804,1,-0.373700,0
2012-12-14,sz.002470,13.3000,13.9500,13.2300,13.8600,13.3300,3116940,42767062.1100,3,1.246776,1,3.976000,0
2012-12-17,sz.002470,13.7500,13.9500,13.6700,13.7900,13.8600,2364048,32617987.6400,3,0.945619,1,-0.505100,0
2012-12-18,sz.002470,13.7900,14.0300,13.5600,13.6300,13.7900,2487656,34403363.3700,3,0.995062,1,-1.160300,0
2012-12-19,sz.002470,13.6200,13.9800,13.5600,13.9000,13.6300,2369528,32754640.7600,3,0.947811,1,1.980900,0
2012-12-20,sz.002470,13.8800,14.3300,13.8200,14.3100,13.9000,2978079,41964590.7700,3,1.191232,1,2.949600,0
2012-12-21,sz.002470,14.3800,14.3800,14.1200,14.2000,14.3100,1717269,24403714.7500,3,0.686908,1,-0.768700,0
2012-12-24,sz.002470,14.2000,14.2700,14.1200,14.1700,14.2000,933362,13257836.2000,3,0.373345,1,-0.211300,0
2012-12-25,sz.002470,14.1400,14.5500,14.1300,14.4200,14.1700,1670177,24031218.8400,3,0.668071,1,1.764300,0
2012-12-26,sz.002470,14.4200,14.5500,14.2000,14.5500,14.4200,1809408,26090053.7700,3,0.723763,1,0.901500,0
2012-12-27,sz.002470,14.5000,14.6200,14.2100,14.5000,14.5500,1894011,27228673.0000,3,0.757604,1,-0.343600,0
2012-12-28,sz.002470,14.5000,14.5000,14.2100,14.3700,14.5000,3693188,52766259.2000,3,1.477275,1,-0.896600,0
2012-12-31,sz.002470,14.3500,14.5300,14.3000,14.4700,14.3700,1942314,27989980.1800,3,0.776926,1,0.695900,0
2013-01-04,sz.002470,14.6000,14.6900,14.4700,14.5600,14.4700,1797274,26175931.0400,3,0.718910,1,0.622000,0
2013-01-07,sz.002470,14.5600,14.6000,14.4100,14.5300,14.5600,1664746,24159224.5300,3,0.665898,1,-0.206000,0
2013-01-08,sz.002470,14.5000,14.5900,14.3600,14.5200,14.5300,1937082,27995920.1600,3,0.774833,1,-0.068800,0
2013-01-09,sz.002470,14.5200,14.8600,14.5000,14.7600,14.5200,2867587,42234449.4300,3,1.147035,1,1.652900,0
2013-01-10,sz.002470,14.7100,14.7500,14.4000,14.5700,14.7600,1842529,26911022.9400,3,0.737012,1,-1.287300,0
2013-01-11,sz.002470,14.5200,14.5900,14.0600,14.1200,14.5700,2407022,34407761.3600,3,0.962809,1,-3.088500,0
2013-01-14,sz.002470,14.0400,15.4500,14.0400,15.1300,14.1200,4576175,67732421.4900,3,1.830470,1,7.153000,0
2013-01-15,sz.002470,15.1000,15.8800,15.0300,15.8300,15.1300,4656675,72102521.7100,3,1.862670,1,4.626600,0
2013-01-16,sz.002470,15.8000,15.9000,15.2600,15.7500,15.8300,4228131,65965383.2900,3,1.691252,1,-0.505400,0
2013-01-17,sz.002470,15.9500,16.3500,15.4700,15.5800,15.7500,4605422,73202440.8400,3,1.842169,1,-1.079400,0
2013-01-18,sz.002470,15.7000,16.0800,15.6200,15.8600,15.5800,2689756,42648086.6400,3,1.075902,1,1.797200,0
2013-01-21,sz.002470,16.3500,16.9800,16.1600,16.2500,15.8600,5006653,82436380.6500,3,2.002661,1,2.459000,0
2013-01-22,sz.002470,16.2600,16.4400,15.5900,15.9100,16.2500,3601349,57584267.1300,3,1.440540,1,-2.092300,0
2013-01-23,sz.002470,15.6500,15.8000,15.4800,15.7000,15.9100,3159345,49319290.0200,3,1.263738,1,-1.319900,0
2013-01-24,sz.002470,15.7000,16.0000,15.1700,15.2300,15.7000,2889894,45128145.1300,3,1.155958,1,-2.993600,0
2013-01-25,sz.002470,15.3500,15.4900,15.1600,15.4000,15.2300,1819249,27882984.9600,3,0.727700,1,1.116200,0
2013-01-28,sz.002470,15.4000,16.1600,15.3600,16.1200,15.4000,3648016,58253847.2200,3,1.459206,1,4.675300,0
2013-01-29,sz.002470,16.1600,16.4900,16.1300,16.3400,16.1200,3893860,63551463.4500,3,1.557544,1,1.364800,0
2013-01-30,sz.002470,16.3400,16.9700,16.2000,16.6100,16.3400,4153731,69147307.8400,3,1.661492,1,1.652400,0
2013-01-31,sz.002470,16.6100,16.7600,16.2900,16.5000,16.6100,2140157,35291379.0000,3,0.856063,1,-0.662300,0
2013-02-01,sz.002470,16.5100,16.8100,16.2000,16.4200,16.5000,4022843,66028792.8600,3,1.609137,1,-0.484800,0
2013-02-04,sz.002470,16.4000,16.5600,16.0800,16.2900,16.4200,2432818,39491764.9100,3,0.973127,1,-0.791700,0
2013-02-05,sz.002470,16.2600,16.7900,16.2000,16.6500,16.2900,2363174,39107220.4000,3,0.945270,1,2.209900,0
2013-02-06,sz.002470,16.6600,17.2000,16.6000,17.0000,16.6500,2434747,41380242.1300,3,0.973899,1,2.102100,0
2013-02-07,sz.002470,17.0000,17.0500,16.6500,16.6900,17.0000,2803192,46919515.9200,3,1.121277,1,-1.823500,0
2013-02-08,sz.002470,16.6900,17.3800,16.5100,17.3200,16.6900,2908946,49763841.3700,3,1.163578,1,3.774700,0
2013-02-18,sz.002470,17.4300,17.5900,17.2100,17.4200,17.3200,2513227,43692912.0700,3,1.005291,1,0.577400,0
2013-02-19,sz.002470,17.3500,17.4500,17.1600,17.2500,17.4200,2822975,48775197.1000,3,1.129190,1,-0.975900,0
2013-02-20,sz.002470,17.2500,17.9300,17.2300,17.7500,17.2500,3394967,59992798.7800,3,1.357987,1,2.898600,0
2013-02-21,sz.002470,17.6800,17.8500,17.2600,17.2900,17.7500,2225136,38999902.8700,3,0.890054,1,-2.591500,0
2013-02-22,sz.002470,17.2900,17.4000,17.1400,17.2700,17.2900,1755948,30326096.9900,3,0.702379,1,-0.115700,0
2013-02-25,sz.002470,17.3100,17.9200,17.3000,17.8800,17.2700,2185975,38738707.9800,3,0.874390,1,3.532100,0
2013-02-26,sz.002470,17.8000,17.8000,17.1000,17.1400,17.8800,1837299,32139732.6900,3,0.734920,1,-4.138700,0
2013-02-27,sz.002470,17.1500,17.5000,16.5000,16.5400,17.1400,2864119,48406530.3200,3,1.145648,1,-3.500600,0
2013-02-28,sz.002470,16.6500,16.9900,16.6100,16.9400,16.5400,1525742,25716773.9600,3,0.610297,1,2.418400,0
2013-03-01,sz.002470,16.9000,17.3800,16.8200,17.2500,16.9400,1978072,34010225.5200,3,0.791229,1,1.830000,0
2013-03-04,sz.002470,17.3200,17.6800,16.9000,17.3500,17.2500,3004994,51731207.3200,3,1.201998,1,0.579700,0
2013-03-05,sz.002470,17.2500,17.4300,17.0000,17.3700,17.3500,1755746,30214004.2700,3,0.702298,1,0.115300,0
2013-03-06,sz.002470,17.3800,17.8800,17.2500,17.7500,17.3700,2658951,46628281.4300,3,1.063580,1,2.187700,0
2013-03-07,sz.002470,17.8000,17.8000,17.2000,17.2600,17.7500,2299075,40127894.6600,3,0.919630,1,-2.760600,0
2013-03-08,sz.002470,17.2100,17.3600,16.7000,16.8600,17.2600,2290771,38908923.8700,3,0.916308,1,-2.317500,0
2013-03-11,sz.002470,16.8300,16.9800,16.6400,16.7500,16.8600,904962,15218050.9500,3,0.361985,1,-0.652400,0
2013-03-12,sz.002470,16.7000,16.7900,15.9000,16.1300,16.7500,2729024,44492186.5100,3,1.091610,1,-3.701500,0
2013-03-13,sz.002470,16.1500,16.2900,15.7700,16.0600,16.1300,1443723,23032116.3300,3,0.577489,1,-0.434000,0
2013-03-14,sz.002470,16.1000,16.3300,15.9500,16.0300,16.0600,1039253,16783254.9000,3,0.415701,1,-0.186800,0
2013-03-15,sz.002470,16.0800,16.8500,15.7800,16.3600,16.0300,2436517,39824994.2900,3,0.974607,1,2.058600,0
2013-03-18,sz.002470,16.2500,16.7100,16.0600,16.4000,16.3600,876859,14460180.0000,3,0.350744,1,0.244500,0
2013-03-19,sz.002470,16.3000,16.6000,16.0000,16.2600,16.4000,1103992,17928948.0000,3,0.441597,1,-0.853700,0
2013-03-20,sz.002470,16.1700,16.9400,16.1700,16.8400,16.2600,1167901,19439524.0000,3,0.467160,1,3.567000,0
2013-03-21,sz.002470,16.9600,17.1500,16.8000,17.0900,16.8400,1338853,22760100.0000,3,0.535541,1,1.484600,0
2013-03-22,sz.002470,17.0800,17.5700,17.0200,17.2700,17.0900,1921687,33357724.0000,3,0.768675,1,1.053200,0
2013-03-25,sz.002470,17.4200,17.4800,16.9700,17.0100,17.2700,1147250,19676144.0000,3,0.458900,1,-1.505500,0
2013-03-26,sz.002470,16.8000,16.8000,16.2000,16.5000,17.0100,1868467,30675312.0000,3,0.747387,1,-2.998200,0
2013-03-27,sz.002470,16.4100,16.8000,16.4100,16.7600,16.5000,1002457,16663654.0000,3,0.400983,1,1.575800,0
2013-03-28,sz.002470,16.7500,16.7500,16.3500,16.4000,16.7600,892210,14698839.0000,3,0.356884,1,-2.148000,0
2013-03-29,sz.002470,16.3800,16.6000,16.2600,16.3400,16.4000,1511049,24764342.0000,3,0.604420,1,-0.365900,0
2013-04-01,sz.002470,16.3000,16.5400,15.9900,16.5100,16.3400,1813908,29423936.0000,3,0.725563,1,1.040400,0
2013-04-02,sz.002470,16.5900,16.6600,16.2000,16.5000,16.5100,1090772,17965400.0000,3,0.436309,1,-0.060600,0
2013-04-03,sz.002470,16.4000,17.0500,16.2100,16.7800,16.5000,1877973,31346496.0000,3,0.751189,1,1.697000,0
2013-04-08,sz.002470,16.5900,16.7200,16.2000,16.6600,16.7800,1425790,23463396.0000,3,0.570316,1,-0.715100,0
2013-04-09,sz.002470,16.5700,17.1300,16.5700,16.9600,16.6600,1012504,17182200.0000,3,0.405002,1,1.800700,0
2013-04-10,sz.002470,17.0500,17.3600,16.8500,16.9700,16.9600,1232430,21115908.0000,3,0.492972,1,0.059000,0
2013-04-11,sz.002470,17.0000,17.2200,16.5800,16.6100,16.9700,1359390,23007544.0000,3,0.543756,1,-2.121400,0
2013-04-12,sz.002470,16.5800,16.7400,16.3500,16.3500,16.6100,526037,8706716.0000,3,0.210415,1,-1.565323,0
2013-04-15,sz.002470,16.3000,16.3000,15.5800,15.8700,16.3500,1325682,21055096.0000,3,0.530273,1,-2.935800,0
2013-04-16,sz.002470,15.8000,16.1500,15.7700,15.9800,15.8700,775804,12366541.0000,3,0.310322,1,0.693129,0
2013-04-17,sz.002470,15.9300,16.4000,15.9300,16.1900,15.9800,872485,14131496.0000,3,0.348994,1,1.314100,0
2013-04-18,sz.002470,16.1900,16.3000,16.0200,16.1800,16.1900,782436,12651801.0000,3,0.312974,1,-0.061800,0
2013-04-19,sz.002470,16.1800,16.5500,16.1300,16.5300,16.1800,1532457,25127742.0000,3,0.612983,1,2.163167,0
2013-04-22,sz.002470,16.4800,16.6500,16.3200,16.6000,16.5300,927042,15283043.0000,3,0.370817,1,0.423500,0
2013-04-23,sz.002470,16.7000,16.7100,15.8000,15.8000,16.6000,1501388,24131018.0000,3,0.600555,1,-4.819300,0
2013-04-24,sz.002470,15.9500,16.1500,15.8000,15.9800,15.8000,1476181,23592420.0000,3,0.590472,1,1.139200,0
2013-04-25,sz.002470,15.9800,17.0000,15.9500,16.5900,15.9800,3073411,51124200.0000,3,1.229364,1,3.817300,0
2013-04-26,sz.002470,16.5200,16.8900,16.4400,16.5500,16.5900,1183922,19688812.0000,3,0.473569,1,-0.241115,0
2013-05-02,sz.002470,16.5900,17.1100,16.5500,17.1100,16.5500,1800884,30203402.0000,3,0.720354,1,3.383700,0
2013-05-03,sz.002470,17.2000,17.3000,17.0200,17.0900,17.1100,2779947,47651068.0000,3,1.111979,1,-0.116893,0
2013-05-06,sz.002470,17.0800,17.3800,17.0800,17.1700,17.0900,1962445,33847832.0000,3,0.784978,1,0.468100,0
2013-05-07,sz.002470,17.1500,17.5400,17.0600,17.3000,17.1700,2122618,36761616.0000,3,0.849047,1,0.757100,0
2013-05-08,sz.002470,17.3000,17.5300,17.0600,17.3100,17.3000,1466716,25287136.0000,3,0.586686,1,0.057800,0
2013-05-09,sz.002470,17.1600,17.3400,16.9700,17.0600,17.3100,3171252,54025712.0000,3,1.268501,1,-1.444300,0
2013-05-10,sz.002470,17.0000,17.4600,16.9800,17.3000,17.0600,2669849,46210372.0000,3,1.067940,1,1.406800,0
2013-05-13,sz.002470,17.4200,17.8900,17.2500,17.7000,17.3000,4021571,70981472.0000,3,1.608628,1,2.312100,0
2013-05-14,sz.002470,17.6100,17.9300,17.4600,17.9200,17.7000,2946543,52188392.0000,3,1.178617,1,1.242900,0
2013-05-15,sz.002470,17.9000,18.1700,17.6600,18.1500,17.9200,2519586,45198580.0000,3,1.007834,1,1.283500,0
2013-05-16,sz.002470,18.0000,18.2100,17.5000,17.6600,18.1500,3037139,54401232.0000,3,1.214856,1,-2.699700,0
2013-05-17,sz.002470,17.6000,17.8300,17.5500,17.7700,17.6600,2134089,37764400.0000,3,0.853636,1,0.622900,0
2013-05-20,sz.002470,17.8800,18.6000,17.4500,18.4200,17.7700,4021764,72226320.0000,3,1.608706,1,3.657900,0
2013-05-21,sz.002470,18.3900,18.4500,18.1400,18.3800,18.4200,2085110,38168152.0000,3,0.834044,1,-0.217160,0
2013-05-22,sz.002470,18.3500,18.3500,17.8200,17.8400,18.3800,2295828,41350436.0000,3,0.918331,1,-2.938000,0
2013-05-23,sz.002470,17.8200,17.9700,17.4500,17.6200,17.8400,1988527,35179856.0000,3,0.795411,1,-1.233200,0
2013-05-24,sz.002470,17.6000,17.8000,17.4600,17.6500,17.6200,2618269,46162596.0000,3,1.047308,1,0.170300,0
2013-05-27,sz.002470,17.6700,18.0300,17.6600,17.8800,17.6500,2329432,41569752.0000,3,0.931773,1,1.303100,0
2013-05-28,sz.002470,17.8900,17.9800,17.4200,17.4600,17.8800,2154624,37843104.0000,3,0.861850,1,-2.349000,0
2013-05-29,sz.002470,17.4700,17.8200,17.4000,17.7900,17.4600,2759770,48729744.0000,3,1.103908,1,1.890000,0
2013-05-30,sz.002470,17.5200,17.7600,17.3200,17.3500,17.6400,2203943,38509728.0000,3,0.881577,1,-1.644000,0
2013-05-31,sz.002470,17.4000,17.7800,17.3100,17.6700,17.3500,2583264,45496908.0000,3,1.033306,1,1.844379,0
2013-06-03,sz.002470,17.6500,17.9000,17.0900,17.1500,17.6700,2665600,46530296.0000,3,1.066240,1,-2.942800,0
2013-06-04,sz.002470,17.1000,17.1000,16.5300,16.7200,17.1500,2126830,35665432.0000,3,0.850732,1,-2.507300,0
2013-06-05,sz.002470,16.7000,16.8100,16.3000,16.4900,16.7200,1411260,23366126.0000,3,0.564504,1,-1.375600,0
2013-06-06,sz.002470,16.3600,16.5900,16.2500,16.2900,16.4900,1135821,18639600.0000,3,0.454328,1,-1.212900,0
2013-06-07,sz.002470,16.3500,16.5400,15.9700,16.4900,16.2900,2031045,33138578.0000,3,0.812418,1,1.227700,0
2013-06-13,sz.002470,16.2900,16.3000,15.6000,16.1600,16.4900,869761,13943804.0000,3,0.347904,1,-2.001200,0
2013-06-14,sz.002470,16.2200,16.5300,16.1800,16.4700,16.1600,750068,12295469.0000,3,0.300027,1,1.918300,0
2013-06-17,sz.002470,16.5000,16.6200,16.2000,16.5700,16.4700,1171146,19324008.0000,3,0.468458,1,0.607200,0
2013-06-18,sz.002470,16.5800,16.8200,16.3300,16.8000,16.5700,1369059,22831052.0000,3,0.547624,1,1.388100,0
2013-06-19,sz.002470,16.6000,16.7000,16.3000,16.6000,16.8000,1011768,16633859.0000,3,0.404707,1,-1.190500,0
2013-06-20,sz.002470,16.4500,16.6500,15.9000,16.0000,16.6000,881806,14412364.0000,3,0.352722,1,-3.614500,0
2013-06-21,sz.002470,15.8500,16.2400,15.6800,16.1500,16.0000,909000,14448852.0000,3,0.363600,1,0.937500,0
2013-06-24,sz.002470,16.3800,16.3800,14.7100,14.7300,16.1500,1895938,29256920.0000,3,0.758375,1,-8.792600,0
2013-06-25,sz.002470,14.7300,15.1000,13.6800,14.9500,14.7300,1476691,21457640.0000,3,0.590676,1,1.493600,0
2013-06-26,sz.002470,14.9500,15.3900,14.8500,15.2600,14.9500,812929,12325431.0000,3,0.325172,1,2.073600,0
2013-06-27,sz.002470,15.2700,15.4500,14.7000,14.7300,15.2600,951835,14340206.0000,3,0.380734,1,-3.473100,0
2013-06-28,sz.002470,14.7200,14.7600,14.0100,14.0800,14.7300,2378993,34025288.0000,3,0.951597,1,-4.412800,0
2013-07-01,sz.002470,14.0900,14.3000,13.4000,13.8100,14.0800,4700430,64355896.0000,3,1.880172,1,-1.917600,0
2013-07-02,sz.002470,13.7400,14.2400,13.7000,14.2300,13.8100,1981279,27805932.0000,3,0.792512,1,3.041300,0
2013-07-03,sz.002470,14.1800,14.2200,13.8100,14.1700,14.2300,1582701,22262738.0000,3,0.633080,1,-0.421600,0
2013-07-04,sz.002470,14.0900,14.4300,13.9400,14.3300,14.1700,1344849,19152744.0000,3,0.537940,1,1.129100,0
2013-07-05,sz.002470,14.2300,14.6200,14.2300,14.3200,14.3300,1242302,17935308.0000,3,0.496921,1,-0.069800,0
2013-07-08,sz.002470,14.1800,14.1800,13.6300,13.6300,14.3200,1749452,24176044.0000,3,0.699781,1,-4.818400,0
2013-07-09,sz.002470,13.5900,13.8700,13.4800,13.7300,13.6300,488087,6705540.0000,3,0.195235,1,0.733700,0
2013-07-10,sz.002470,13.7800,14.3200,13.7300,14.2000,13.7300,884349,12420843.0000,3,0.353740,1,3.423200,0
2013-07-11,sz.002470,14.2100,15.0400,14.2100,14.6900,14.2000,1764671,25868628.0000,3,0.705868,1,3.450700,0
2013-07-12,sz.002470,14.7100,15.1400,14.5800,14.6900,14.6900,1365989,20299812.0000,3,0.546396,1,0.000000,0
2013-07-15,sz.002470,14.5100,14.9800,14.4800,14.5800,14.6900,2694243,39480760.0000,3,1.077697,1,-0.748800,0
2013-07-16,sz.002470,14.7800,14.8500,14.5500,14.7500,14.5800,2650021,38828148.0000,3,1.060008,1,1.166000,0
2013-07-17,sz.002470,14.7500,14.7500,14.4500,14.5500,14.7500,1753608,25579084.0000,3,0.701443,1,-1.355900,0
2013-07-18,sz.002470,14.4400,14.5700,14.2000,14.4500,14.5500,1532712,22018418.0000,3,0.613085,1,-0.687300,0
2013-07-19,sz.002470,14.4000,14.5700,13.8700,13.8900,14.4500,2089734,29609154.0000,3,0.835894,1,-3.875400,0
2013-07-22,sz.002470,13.9200,14.1500,13.7600,14.0100,13.8900,1959956,27248864.0000,3,0.783982,1,0.863900,0
2013-07-23,sz.002470,14.0600,14.5100,13.8900,14.4600,14.0100,1915795,27440260.0000,3,0.766318,1,3.212000,0
2013-07-24,sz.002470,14.4300,14.6500,14.1500,14.5000,14.4600,2445150,35103128.0000,3,0.978060,1,0.276600,0
2013-07-25,sz.002470,14.4200,14.7500,14.3900,14.5800,14.5000,2010477,29330608.0000,3,0.804191,1,0.551700,0
2013-07-26,sz.002470,14.4300,14.9000,14.4100,14.8000,14.5800,2427950,35693992.0000,3,0.971180,1,1.508900,0
2013-07-29,sz.002470,14.7300,15.0000,14.5900,14.9100,14.8000,1875515,27901332.0000,3,0.750206,1,0.743200,0
2013-07-30,sz.002470,14.7600,15.1000,14.7600,14.8200,14.9100,2328857,34781056.0000,3,0.931543,1,-0.603600,0
2013-07-31,sz.002470,14.8900,15.0000,14.6200,14.9200,14.8200,1270359,18828868.0000,3,0.508144,1,0.674800,0
2013-08-01,sz.002470,14.7200,15.1400,14.7200,15.1100,14.9200,3325400,49969916.0000,3,1.330160,1,1.273500,0
2013-08-02,sz.002470,15.1200,15.1800,14.9100,15.0700,15.1100,2701551,40640228.0000,3,1.080620,1,-0.264700,0
2013-08-05,sz.002470,15.0200,15.6700,15.0200,15.5800,15.0700,2884425,44529300.0000,3,1.153770,1,3.384200,0
2013-08-06,sz.002470,15.6400,16.1000,15.5100,15.8000,15.5800,3239939,51218520.0000,3,1.295976,1,1.412100,0
2013-08-07,sz.002470,15.7200,15.9500,15.5100,15.6000,15.8000,2345486,36838452.0000,3,0.938194,1,-1.265800,0
2013-08-08,sz.002470,15.7000,15.7200,15.3900,15.5800,15.6000,1793380,27846796.0000,3,0.717352,1,-0.128200,0
2013-08-09,sz.002470,15.6300,16.0300,15.6000,15.9400,15.5800,2941750,46672020.0000,3,1.176700,1,2.310700,0
2013-08-12,sz.002470,15.9400,16.4800,15.7800,16.2900,15.9400,2514514,40672440.0000,3,1.005806,1,2.195700,0
2013-08-13,sz.002470,16.3000,16.5400,16.1400,16.4300,16.2900,1435494,23491014.0000,3,0.574198,1,0.859400,0
2013-08-14,sz.002470,16.3500,16.3900,15.9200,15.9600,16.4300,2118190,34170032.0000,3,0.847276,1,-2.860600,0
2013-08-15,sz.002470,15.9700,16.0900,15.6200,15.6600,15.9600,1530381,24178306.0000,3,0.612152,1,-1.879700,0
2013-08-16,sz.002470,15.4400,16.1000,15.4400,15.6200,15.6600,1021349,16149097.0000,3,0.408540,1,-0.255400,0
2013-08-19,sz.002470,15.5000,16.2900,15.4100,16.2000,15.6200,1709782,27390400.0000,3,0.683913,1,3.713200,0
2013-08-20,sz.002470,16.1800,16.3100,15.9800,16.0600,16.2000,1185592,19161316.0000,3,0.474237,1,-0.864200,0
2013-08-21,sz.002470,16.0500,16.3800,15.8800,16.3800,16.0600,1649301,26756290.0000,3,0.659720,1,1.992500,0
2013-08-22,sz.002470,16.3600,16.8000,16.2600,16.6000,16.3800,1921481,31936000.0000,3,0.768592,1,1.343100,0
2013-08-23,sz.002470,16.6100,16.8400,16.3000,16.5700,16.6000,2564651,42669440.0000,3,1.025860,1,-0.180700,0
2013-08-26,sz.002470,16.5500,16.9800,16.4000,16.8800,16.5700,1879385,31652460.0000,3,0.751754,1,1.870900,0
2013-08-27,sz.002470,16.8800,17.0700,16.5500,16.7000,16.8800,1760197,29552990.0000,3,0.704079,1,-1.066400,0
2013-08-28,sz.002470,16.7100,16.7100,16.3900,16.4000,16.7000,1603259,26478916.0000,3,0.641304,1,-1.796400,0
2013-08-29,sz.002470,16.4100,16.5000,16.1500,16.2500,16.4000,1027491,16715420.0000,3,0.410996,1,-0.914600,0
2013-08-30,sz.002470,16.2500,16.4300,15.8800,15.9000,16.2500,1456195,23518246.0000,3,0.582478,1,-2.153800,0
2013-09-02,sz.002470,15.9000,16.5200,15.8500,16.4300,15.9000,1400424,22778744.0000,3,0.560170,1,3.333300,0
2013-09-03,sz.002470,16.4800,17.0600,16.3600,16.7900,16.4300,3887408,65381720.0000,3,1.554963,1,2.191100,0
2013-09-04,sz.002470,16.7900,17.1000,16.7500,16.8900,16.7900,3387459,57340648.0000,3,1.354984,1,0.595600,0
2013-09-05,sz.002470,16.9700,16.9700,16.3100,16.3700,16.8900,3376605,55621460.0000,3,1.350642,1,-3.078700,0
2013-09-06,sz.002470,16.3200,17.5000,16.2100,17.2000,16.3700,6388045,108591544.0000,3,2.555218,1,5.070300,0
2013-09-09,sz.002470,17.1900,17.2700,16.9000,17.1000,17.2000,3045262,51979184.0000,3,0.513934,1,-0.581400,0
2013-09-10,sz.002470,17.0100,17.1700,16.8200,16.9200,17.1000,1624953,27523032.0000,3,0.274235,1,-1.052600,0
2013-09-11,sz.002470,16.9300,16.9400,16.2800,16.6400,16.9200,3054464,50607570.0000,3,0.515487,1,-1.654800,0
2013-09-12,sz.002470,16.5500,16.7000,16.3900,16.6800,16.6400,1495846,24751432.0000,3,0.252446,1,0.240400,0
2013-09-13,sz.002470,16.6800,16.6800,16.4000,16.6000,16.6800,1308873,21626188.0000,3,0.220892,1,-0.479600,0
2013-09-16,sz.002470,16.6000,16.8200,16.6000,16.7700,16.6000,1818315,30415797.0000,3,0.306868,1,1.024100,0
2013-09-17,sz.002470,16.7700,16.8800,15.9600,16.0000,16.7700,2838461,45982457.0000,3,0.479033,1,-4.591500,0
2013-09-18,sz.002470,16.0000,16.1800,15.8200,15.9500,16.0000,1176621,18745949.0000,3,0.198572,1,-0.312500,0
2013-09-23,sz.002470,16.0000,16.2800,15.8300,16.1700,15.9500,2252822,36215830.0000,3,0.380197,1,1.379300,0
2013-09-24,sz.002470,16.0900,16.4600,15.8600,16.4600,16.1700,2824240,45700700.0000,3,0.476633,1,1.793400,0
2013-09-25,sz.002470,16.3700,16.6700,16.2500,16.2600,16.4600,2405570,39555321.0000,3,0.405976,1,-1.215100,0
2013-09-26,sz.002470,16.2700,16.8700,16.2700,16.5500,16.2600,1955815,32539037.0000,3,0.330073,1,1.783500,0
2013-09-27,sz.002470,16.5900,16.7900,16.5000,16.7800,16.5500,1522904,25383706.0000,3,0.257013,1,1.389700,0
2013-09-30,sz.002470,16.9700,17.0600,16.6500,16.9300,16.7800,1649558,27844349.0000,3,0.278388,1,0.893900,0
2013-10-08,sz.002470,16.9100,17.6700,16.7200,17.4000,16.9300,4248557,73665479.0000,3,0.717008,1,2.776100,0
2013-10-09,sz.002470,17.3000,17.4900,17.1800,17.4500,17.4000,1527977,26448530.0000,3,0.257869,1,0.287400,0
2013-10-10,sz.002470,17.4400,17.7400,17.1500,17.6800,17.4500,2707624,47413086.0000,3,0.456952,1,1.318100,0
2013-10-11,sz.002470,17.7500,17.8500,17.4700,17.7000,17.6800,1876704,33147993.0000,3,0.316722,1,0.113100,0
2013-10-14,sz.002470,17.5900,17.5900,17.2600,17.3400,17.7000,2902754,50345649.0000,3,0.489883,1,-2.033900,0
2013-10-15,sz.002470,17.2400,17.4200,16.8200,17.3800,17.3400,3021169,51411753.0000,3,0.509868,1,0.230700,0
2013-10-16,sz.002470,17.2500,17.9000,16.8300,17.7300,17.3800,4072257,70549368.0000,3,0.687254,1,2.013800,0
2013-10-17,sz.002470,17.6800,17.9800,17.4500,17.8900,17.7300,3253659,57875319.0000,3,0.549104,1,0.902400,0
2013-10-18,sz.002470,17.7100,17.8900,16.9500,17.1500,17.8900,3291025,57165798.0000,3,0.555410,1,-4.136400,0
2013-10-21,sz.002470,17.1000,17.6800,17.0000,17.5900,17.1500,2767715,48016859.0000,3,0.467093,1,2.565600,0
2013-10-22,sz.002470,17.4500,17.5800,17.1200,17.2100,17.5900,1507430,26063400.0000,3,0.254401,1,-2.160300,0
2013-10-23,sz.002470,17.4000,17.6000,16.6600,16.6900,17.2100,1868881,31804193.0000,3,0.315402,1,-3.021500,0
2013-10-24,sz.002470,16.6400,16.9700,16.5800,16.8300,16.6900,1096908,18440913.0000,3,0.185120,1,0.838800,0
2013-10-25,sz.002470,16.7800,17.1400,16.5200,16.5600,16.8300,1123335,18955833.0000,3,0.189580,1,-1.604300,0
2013-10-28,sz.002470,16.5500,16.8200,16.5200,16.7900,16.5600,475668,7948066.0000,3,0.080276,1,1.388900,0
2013-10-29,sz.002470,16.8600,17.7400,16.8500,17.3400,16.7900,3981307,69239984.0000,3,0.671905,1,3.275800,0
2013-10-30,sz.002470,17.3900,17.7200,17.2500,17.5600,17.3400,2406266,42203264.0000,3,0.406093,1,1.268700,0
2013-10-31,sz.002470,17.5600,18.0900,17.2800,17.6300,17.5600,3039666,54051308.0000,3,0.512989,1,0.398600,0
2013-11-01,sz.002470,17.4800,17.8900,17.3600,17.8700,17.6300,2890093,51145503.0000,3,0.487746,1,1.361300,0
2013-11-04,sz.002470,17.9900,18.6400,17.9900,18.3300,17.8700,5272897,96852947.0000,3,0.889880,1,2.574100,0
2013-11-05,sz.002470,18.3800,18.3800,17.4100,17.8300,18.3300,5308320,93863243.0000,3,0.895859,1,-2.727800,0
2013-11-06,sz.002470,17.8000,18.0000,17.5000,17.6300,17.8300,3214481,57109690.0000,3,0.542492,1,-1.121700,0
2013-11-07,sz.002470,17.5000,17.6700,16.9600,17.1400,17.6300,2050403,35362865.0000,3,0.346036,1,-2.779400,0
2013-11-08,sz.002470,17.1300,17.2800,16.8300,17.0000,17.1400,1417609,24118382.0000,3,0.239243,1,-0.816800,0
2013-11-11,sz.002470,17.0000,17.4800,16.8600,17.4100,17.0000,2340208,40353936.0000,3,0.394945,1,2.411800,0
2013-11-12,sz.002470,17.4200,17.5800,17.3300,17.5500,17.4100,1747840,30539893.0000,3,0.294974,1,0.804100,0
2013-11-13,sz.002470,17.5000,17.6700,17.3000,17.3000,17.5500,1505984,26373994.0000,3,0.254157,1,-1.424500,0
2013-11-14,sz.002470,17.3800,17.6500,16.9300,17.4900,17.3000,3116803,54371774.0000,3,0.526007,1,1.098300,0
2013-11-15,sz.002470,17.4900,18.0200,17.4900,17.7300,17.4900,3614350,64567385.0000,3,0.609976,1,1.372200,0
2013-11-18,sz.002470,17.7100,18.6100,17.7100,18.5800,17.7300,5893510,108172014.0000,3,0.994618,1,4.794100,0
2013-11-19,sz.002470,18.4000,18.5000,18.0000,18.0000,18.5800,5596342,102261512.0000,3,0.944467,1,-3.121600,0
2013-11-20,sz.002470,18.1000,18.4500,17.9900,18.4500,18.0000,3469505,63178776.0000,3,0.585531,1,2.500000,0
2013-11-21,sz.002470,18.3500,19.3900,18.3500,19.1900,18.4500,8565729,163510819.0000,3,1.445595,1,4.010800,0
2013-11-22,sz.002470,19.5000,21.1100,19.5000,21.1100,19.1900,14681657,307193984.0000,3,2.477750,1,10.005200,0
2013-11-25,sz.002470,21.0000,21.5000,20.3300,20.4900,21.1100,17619199,369400560.0000,3,2.973504,1,-2.937000,0
2013-11-26,sz.002470,20.1000,21.5800,20.0500,21.0800,20.4900,13576292,283078576.0000,3,2.291203,1,2.879500,0
2013-11-27,sz.002470,20.7500,21.1500,20.3000,20.4800,21.0800,9844297,203603031.0000,3,1.661373,1,-2.846300,0
2013-11-28,sz.002470,20.6200,21.8000,20.6200,21.2500,20.4800,14292823,304044432.0000,3,2.412128,1,3.759800,0
2013-11-29,sz.002470,21.0000,21.7300,20.8800,21.3000,21.2500,10147644,215540926.0000,3,1.712567,1,0.235300,0
2013-12-02,sz.002470,20.6000,21.6400,19.5100,20.1000,21.3000,8448927,173851710.0000,3,1.425883,1,-5.633800,0
2013-12-03,sz.002470,20.0100,21.6800,19.5200,21.3000,20.1000,10378555,214009721.0000,3,1.751537,1,5.970100,0
2013-12-04,sz.002470,21.2000,23.3900,21.0100,22.2700,21.3000,17991516,401861632.0000,3,3.036338,1,4.554000,0
2013-12-05,sz.002470,22.0000,22.8400,21.8600,22.0300,22.2700,8455078,189094179.0000,3,1.426921,1,-1.077700,0
2013-12-06,sz.002470,21.8600,22.1900,21.2500,21.8300,22.0300,10138310,218461465.0000,3,1.710992,1,-0.907900,0
2013-12-09,sz.002470,21.8600,22.4500,21.4000,21.8400,21.8300,10188874,223593115.0000,3,1.719525,1,0.045800,0
2013-12-10,sz.002470,21.8900,22.7400,21.5600,22.5600,21.8400,10536875,234254906.0000,3,1.778255,1,3.296700,0
2013-12-11,sz.002470,22.4800,22.7000,21.6800,22.1900,22.5600,7995109,177234300.0000,3,1.349294,1,-1.640100,0
2013-12-12,sz.002470,22.1200,22.3500,21.2900,21.2900,22.1900,10838747,234602245.0000,3,1.829201,1,-4.055900,0
2013-12-13,sz.002470,21.0000,21.5300,20.8800,21.3600,21.2900,4940386,105324698.0000,3,0.833764,1,0.328800,0
2013-12-16,sz.002470,21.5500,21.9500,20.2000,20.3200,21.3600,10167221,213675162.0000,3,1.715871,1,-4.868900,0
2013-12-17,sz.002470,20.3200,20.6200,20.0400,20.2000,20.3200,5534052,112420230.0000,3,0.933954,1,-0.590600,0
2013-12-18,sz.002470,20.2000,20.5400,20.0000,20.0700,20.2000,3266603,66080820.0000,3,0.551288,1,-0.643600,0
2013-12-19,sz.002470,20.2100,20.8000,19.8200,19.9100,20.0700,4335606,87455971.0000,3,0.731698,1,-0.797200,0
2013-12-20,sz.002470,19.9300,20.3100,19.8200,20.2500,19.9100,4451630,89456888.0000,3,0.751279,1,1.707700,0
2013-12-23,sz.002470,20.2600,20.6600,20.1000,20.4700,20.2500,3799762,77606650.0000,3,0.641267,1,1.086400,0
2013-12-24,sz.002470,20.4800,20.9000,20.2000,20.7700,20.4700,5801852,119123358.0000,3,0.979149,1,1.465600,0
2013-12-25,sz.002470,20.6000,21.2600,20.4400,20.9800,20.7700,6470647,135312619.0000,3,1.092019,1,1.011100,0
2013-12-26,sz.002470,20.9000,21.1300,20.4100,20.4200,20.9800,3458907,71966885.0000,3,0.583742,1,-2.669200,0
2013-12-27,sz.002470,20.3500,20.5600,20.1000,20.4800,20.4200,4075317,82924909.0000,3,0.687771,1,0.293800,0
2013-12-30,sz.002470,20.7500,21.0700,20.5000,20.9600,20.4800,2941132,61180512.0000,3,0.496360,1,2.343800,0
2013-12-31,sz.002470,20.9700,21.7600,20.7600,21.3000,20.9600,5902101,127048402.0000,3,0.996068,1,1.622100,0
2014-01-02,sz.002470,21.3400,21.7400,21.2000,21.6600,21.3000,5260267,113367535.0000,3,0.887749,1,1.690100,0
2014-01-03,sz.002470,21.6000,21.7300,21.1400,21.3300,21.6600,3837744,81967369.0000,3,0.647677,1,-1.523500,0
2014-01-06,sz.002470,21.1900,21.3600,20.3000,20.3100,21.3300,3562023,73517205.0000,3,0.601145,1,-4.782000,0
2014-01-07,sz.002470,20.3300,20.7500,20.1100,20.4400,20.3100,2515395,51461971.0000,3,0.424511,1,0.640100,0
2014-01-08,sz.002470,20.5300,20.9500,20.0000,20.9500,20.4400,6268570,128707711.0000,3,1.057915,1,2.495100,0
2014-01-09,sz.002470,20.9300,21.6000,20.5500,21.3000,20.9500,5619245,119606783.0000,3,0.948332,1,1.670600,0
2014-01-10,sz.002470,21.1200,21.5900,21.0200,21.5600,21.3000,3765019,80636917.0000,3,0.635403,1,1.220700,0
2014-01-13,sz.002470,21.4900,21.9600,21.1800,21.9400,21.5600,3141793,67750452.0000,3,0.530225,1,1.762500,0
2014-01-14,sz.002470,21.9000,22.0400,21.0000,21.8200,21.9400,2619903,56684795.0000,3,0.442148,1,-0.546900,0
2014-01-15,sz.002470,21.8200,22.0600,21.4200,21.6000,21.8200,3136796,68306166.0000,3,0.529381,1,-1.008200,0
2014-01-16,sz.002470,21.6000,22.1900,21.4800,22.1900,21.6000,3843685,84374424.0000,3,0.648679,1,2.731500,0
2014-01-17,sz.002470,22.2000,23.0900,22.0000,22.8500,22.1900,7326244,165950028.0000,3,1.236413,1,2.974300,0
2014-01-20,sz.002470,22.8400,23.3500,21.4900,21.5300,22.8500,6028001,133487398.0000,3,1.017315,1,-5.776800,0
2014-01-21,sz.002470,21.5200,22.1000,21.0500,21.8000,21.5300,4120409,89748417.0000,3,0.695381,1,1.254100,0
2014-01-22,sz.002470,22.3900,22.4100,21.3500,21.5600,21.8000,5290331,115772570.0000,3,0.892823,1,-1.100900,0
2014-01-23,sz.002470,21.5800,21.6800,21.1100,21.5800,21.5600,6233702,132536222.0000,3,1.052031,1,0.092800,0
2014-01-24,sz.002470,21.4000,22.0700,21.2600,21.9100,21.5800,4514344,98331845.0000,3,0.761863,1,1.529200,0
2014-01-27,sz.002470,22.0000,22.6100,21.7700,22.4800,21.9100,4617049,103034891.0000,3,0.779196,1,2.601600,0
2014-01-28,sz.002470,22.4800,22.6000,21.5100,21.5900,22.4800,4502621,98966937.0000,3,0.759885,1,-3.959100,0
2014-01-29,sz.002470,21.5900,22.1800,21.5600,21.9900,21.5900,2048278,44768342.0000,3,0.345678,1,1.852700,0
2014-01-30,sz.002470,21.9600,22.0000,21.5700,21.7300,21.9900,1516689,32965259.0000,3,0.255964,1,-1.182400,0
2014-02-07,sz.002470,21.4700,22.3600,21.3400,22.1900,21.7300,2490441,54396160.0000,3,0.420299,1,2.116900,0
2014-02-10,sz.002470,22.1200,22.8500,22.1200,22.6800,22.1900,4745230,107238341.0000,3,0.800829,1,2.208200,0
2014-02-11,sz.002470,22.7000,22.8700,22.1000,22.3000,22.6800,4124085,92384379.0000,3,0.696001,1,-1.675500,0
2014-02-12,sz.002470,22.3000,24.5300,22.1300,24.5300,22.3000,11632900,280406608.0000,3,1.963226,1,10.000000,0
2014-02-13,sz.002470,24.3900,24.5200,23.5600,23.8500,24.5300,6328988,151883429.0000,3,1.068112,1,-2.772100,0
2014-02-14,sz.002470,24.0100,24.2000,23.4500,23.9400,23.8500,5407323,128315403.0000,3,0.912567,1,0.377400,0
2014-02-17,sz.002470,24.0500,24.5600,23.5800,24.3800,23.9400,7023314,169089150.0000,3,1.185289,1,1.837900,0
2014-02-18,sz.002470,24.2100,24.9500,23.7000,24.7100,24.3800,5890393,143769193.0000,3,0.994092,1,1.353600,0
2014-02-19,sz.002470,24.6800,24.6800,23.9000,23.9800,24.7100,3447286,83085052.0000,3,0.581781,1,-2.954300,0
2014-02-20,sz.002470,23.9800,24.0000,22.8800,23.3200,23.9800,2833746,66249763.0000,3,0.478237,1,-2.752300,0
2014-02-21,sz.002470,23.3900,23.3900,22.4100,22.5900,23.3200,3674676,83759029.0000,3,0.620157,1,-3.130400,0
2014-02-24,sz.002470,22.5000,22.5000,21.7700,21.9000,22.5900,6062699,133235835.0000,3,1.023171,1,-3.054400,0
2014-02-25,sz.002470,22.2000,22.3000,19.9000,20.4000,21.9000,11399681,239802949.0000,3,1.923867,1,-6.849300,0
2014-02-26,sz.002470,20.3800,20.7700,19.8800,20.5000,20.4000,4730445,96828175.0000,3,0.798333,1,0.490200,0
2014-02-27,sz.002470,20.5800,21.3300,20.4000,20.5100,20.5000,6336625,133312021.0000,3,1.069400,1,0.048800,0
2014-02-28,sz.002470,20.5100,21.0500,20.0700,21.0000,20.5100,2772096,57086550.0000,3,0.467833,1,2.389100,0
2014-03-03,sz.002470,21.0000,21.6700,20.8500,21.5300,21.0000,3482231,74538427.0000,3,0.587679,1,2.523800,0
2014-03-04,sz.002470,21.4800,21.4800,21.0200,21.1700,21.5300,3224586,68327071.0000,3,0.544197,1,-1.672100,0
2014-03-05,sz.002470,21.2200,21.4000,20.9000,20.9100,21.1700,2509482,53020266.0000,3,0.423513,1,-1.228200,0
2014-03-06,sz.002470,20.8000,20.9100,20.2200,20.8600,20.9100,2748404,56450988.0000,3,0.463834,1,-0.239100,0
2014-03-07,sz.002470,20.8700,21.5200,20.8700,21.2700,20.8600,3122663,66547951.0000,3,0.526996,1,1.965500,0
2014-03-10,sz.002470,21.3000,21.5600,20.5300,20.7200,21.2700,3762562,79949835.0000,3,0.634989,1,-2.585800,0
2014-03-11,sz.002470,20.5300,21.1600,20.5000,20.7000,20.7200,1679386,34847404.0000,3,0.283422,1,-0.096500,0
2014-03-12,sz.002470,20.7200,21.1800,19.9900,21.0800,20.7000,2316345,47702733.0000,3,0.390918,1,1.835700,0
2014-03-13,sz.002470,21.0500,21.4900,20.8200,21.1700,21.0800,1805420,38422494.0000,3,0.304692,1,0.426900,0
2014-03-14,sz.002470,21.0000,21.3400,20.8800,21.0100,21.1700,840349,17706205.0000,3,0.141821,1,-0.755800,0
2014-03-17,sz.002470,21.1100,21.7300,21.0200,21.6200,21.0100,1769909,38006868.0000,3,0.298699,1,2.903400,0
2014-03-18,sz.002470,21.8000,22.4700,21.6700,21.7200,21.6200,2488751,54971891.0000,3,0.420014,1,0.462500,0
2014-03-19,sz.002470,21.5300,21.7200,21.1700,21.1800,21.7200,1888455,40386296.0000,3,0.318705,1,-2.486200,0
2014-03-20,sz.002470,21.1800,21.3300,20.6500,20.6600,21.1800,2175617,45586266.0000,3,0.367168,1,-2.455100,0
2014-03-21,sz.002470,20.3600,20.9000,20.0600,20.7500,20.6600,1831160,37442032.0000,3,0.309036,1,0.435600,0
2014-03-24,sz.002470,20.7200,20.8800,20.5900,20.7100,20.7500,932236,19311241.0000,3,0.157329,1,-0.192800,0
2014-03-25,sz.002470,20.6100,21.2000,20.3000,21.1600,20.7100,2889212,60569416.0000,3,0.487598,1,2.172900,0
2014-03-26,sz.002470,21.2000,21.2800,20.3800,20.5000,21.1600,2269422,46935188.0000,3,0.382999,1,-3.119100,0
2014-03-27,sz.002470,20.5200,20.5800,19.4200,19.5000,20.5000,3929311,78583359.0000,3,0.663130,1,-4.878000,0
2014-03-28,sz.002470,19.6000,20.0000,19.4900,19.4900,19.5000,2368318,46650625.0000,3,0.399689,1,-0.051300,0
2014-03-31,sz.002470,19.5800,19.7000,18.9000,19.0800,19.4900,1396339,26743318.0000,3,0.235653,1,-2.103600,0
2014-04-01,sz.002470,19.1400,19.9800,19.0300,19.8000,19.0800,1500635,29345293.0000,3,0.253255,1,3.773600,0
2014-04-02,sz.002470,19.8800,20.0000,19.4500,19.5600,19.8000,1061509,20873958.0000,3,0.179146,1,-1.212100,0
2014-04-03,sz.002470,19.7400,19.7500,19.4500,19.5400,19.5600,1112199,21779644.0000,3,0.187700,1,-0.102200,0
2014-04-04,sz.002470,19.6100,20.1300,19.6100,20.1000,19.5400,1887332,37681493.0000,3,0.318516,1,2.865900,0
2014-04-08,sz.002470,20.1000,20.3000,19.8000,20.2500,20.1000,1039585,20877304.0000,3,0.175446,1,0.746300,0
2014-04-09,sz.002470,20.1700,20.3900,20.0000,20.1000,20.2500,1148741,23230893.0000,3,0.193867,1,-0.740700,0
2014-04-10,sz.002470,20.1000,20.2700,19.7800,20.0000,20.1000,1647897,32871425.0000,3,0.278107,1,-0.497500,0
2014-04-11,sz.002470,20.0100,20.3700,19.7500,20.2100,20.0000,2088971,42037595.0000,3,0.352545,1,1.050000,0
2014-04-14,sz.002470,20.2000,20.3700,19.9900,20.3000,20.2100,904689,18271882.0000,3,0.152680,1,0.445300,0
2014-04-15,sz.002470,20.2100,20.5000,20.0100,20.0700,20.3000,979988,19816979.0000,3,0.165388,1,-1.133000,0
2014-04-16,sz.002470,20.0500,20.0500,19.6400,20.0300,20.0700,1269012,25204150.0000,3,0.214165,1,-0.199300,0
2014-04-17,sz.002470,20.0400,20.1600,19.9100,20.1000,20.0300,1260333,25254429.0000,3,0.212700,1,0.349500,0
2014-04-18,sz.002470,20.0000,20.1800,19.8200,20.0800,20.1000,799635,16029724.0000,3,0.134950,1,-0.099500,0
2014-04-21,sz.002470,19.9000,20.0600,19.4000,19.4100,20.0800,1483671,29226246.0000,3,0.250392,1,-3.336700,0
2014-04-22,sz.002470,19.3600,19.5700,19.2100,19.3500,19.4100,1346071,26019046.0000,3,0.227170,1,-0.309100,0
2014-04-23,sz.002470,19.3500,19.5500,19.0400,19.1800,19.3500,1339475,25726927.0000,3,0.226056,1,-0.878600,0
2014-04-24,sz.002470,19.1700,19.7900,19.0900,19.6000,19.1800,1197852,23427113.0000,3,0.202155,1,2.189800,0
2014-04-25,sz.002470,19.6200,19.6500,19.1000,19.2000,19.6000,1118822,21590861.0000,3,0.188818,1,-2.040800,0
2014-04-28,sz.002470,19.1400,19.2000,17.9100,18.0600,19.2000,3207746,59002788.0000,3,0.541355,1,-5.937500,0
2014-04-29,sz.002470,18.0800,19.1700,18.0800,19.1600,18.0600,1896335,35513990.0000,3,0.320035,1,6.090800,0
2014-04-30,sz.002470,19.1800,19.4400,19.0200,19.4000,19.1600,625642,12047068.0000,3,0.105586,1,1.252600,0
2014-05-05,sz.002470,19.4000,19.4000,19.4000,19.4000,19.4000,0,0.0000,3,,0,0.000000,0
2014-05-06,sz.002470,19.4000,19.4000,19.4000,19.4000,19.4000,0,0.0000,3,,0,0.000000,0
2014-05-07,sz.002470,19.4000,19.4000,19.4000,19.4000,19.4000,0,0.0000,3,,0,0.000000,0
2014-05-08,sz.002470,19.4000,19.4000,19.4000,19.4000,19.4000,0,0.0000,3,,0,0.000000,0
2014-05-09,sz.002470,19.4000,19.4000,19.4000,19.4000,19.4000,0,0.0000,3,,0,0.000000,0
2014-05-12,sz.002470,19.4000,19.4000,19.4000,19.4000,19.4000,0,0.0000,3,,0,0.000000,0
2014-05-13,sz.002470,19.4000,19.4000,19.4000,19.4000,19.4000,0,0.0000,3,,0,0.000000,0
2014-05-14,sz.002470,19.2000,19.2000,18.2000,18.6300,19.4000,7433629,137514047.0000,3,1.254536,1,-3.969100,0
2014-05-15,sz.002470,18.5200,20.4400,18.4500,19.5000,18.6300,4055984,79231390.0000,3,0.684508,1,4.669900,0
2014-05-16,sz.002470,19.5000,19.7900,18.7500,19.0900,19.5000,2862686,54762647.0000,3,0.483121,1,-2.102600,0
2014-05-19,sz.002470,19.0500,19.0500,18.4800,18.5100,19.0900,3011057,56196281.0000,3,0.508161,1,-3.038200,0
2014-05-20,sz.002470,18.7400,18.8600,18.6300,18.6600,18.5100,1340968,25150584.0000,3,0.226308,1,0.810400,0
2014-05-21,sz.002470,18.7500,19.2100,18.5800,19.0700,18.6600,1336159,25315894.0000,3,0.225497,1,2.197200,0
2014-05-22,sz.002470,19.0900,19.3500,18.7800,18.8100,19.0700,1538630,29332787.0000,3,0.259667,1,-1.363400,0
2014-05-23,sz.002470,18.8500,18.8600,18.4100,18.5900,18.8100,1540500,28571388.0000,3,0.259982,1,-1.169600,0
2014-05-26,sz.002470,18.6300,18.9800,18.4600,18.9800,18.5900,1661477,31003368.0000,3,0.280399,1,2.097900,0
2014-05-27,sz.002470,18.9800,19.1500,18.7000,18.9100,18.9800,1752559,33165326.0000,3,0.295771,1,-0.368800,0
2014-05-28,sz.002470,18.9100,18.9400,18.4600,18.8500,18.9100,2340164,43650863.0000,3,0.394938,1,-0.317300,0
2014-05-29,sz.002470,18.8100,18.8800,18.5800,18.7000,18.8500,1901610,35517504.0000,3,0.320925,1,-0.795800,0
2014-05-30,sz.002470,18.7800,18.8300,18.5000,18.5700,18.7000,2078769,38715927.0000,3,0.350823,1,-0.695200,0
2014-06-03,sz.002470,18.6100,19.0000,18.5900,18.8800,18.5700,1841548,34823876.0000,3,0.310789,1,1.669400,0
2014-06-04,sz.002470,18.8300,19.0600,18.8100,19.0500,18.8800,1736582,32858058.0000,3,0.293074,1,0.900400,0
2014-06-05,sz.002470,19.0600,19.5800,18.8700,19.4100,19.0500,2294559,44394435.0000,3,0.387241,1,1.889800,0
2014-06-06,sz.002470,19.3900,19.6500,19.2500,19.2500,19.4100,1890007,36763273.0000,3,0.318967,1,-0.824300,0
2014-06-09,sz.002470,19.2300,19.3500,19.0900,19.1000,19.2500,1947518,37376782.0000,3,0.328673,1,-0.779200,0
2014-06-10,sz.002470,19.1000,19.4500,19.0500,19.4200,19.1000,1333077,25767091.0000,3,0.224977,1,1.675400,0
2014-06-11,sz.002470,19.4200,19.6400,19.3200,19.5100,19.4200,978034,19054835.0000,3,0.165058,1,0.463400,0
2014-06-12,sz.002470,19.5100,19.5100,19.1300,19.2600,19.5100,1561409,30190609.0000,3,0.263511,1,-1.281400,0
2014-06-13,sz.002470,19.4800,19.4800,18.9100,19.1000,19.1100,2952116,56501258.0000,3,0.498214,1,-0.052300,0
2014-06-16,sz.002470,19.0300,19.2800,18.9600,19.1700,19.1000,2228977,42647035.0000,3,0.376173,1,0.366500,0
2014-06-17,sz.002470,19.1000,19.1600,18.7600,18.7600,19.1700,1208985,22863938.0000,3,0.204034,1,-2.138800,0
2014-06-18,sz.002470,18.7500,18.9300,18.7100,18.8200,18.7600,900110,16926535.0000,3,0.151907,1,0.319800,0
2014-06-19,sz.002470,18.8500,19.0300,18.2200,18.4000,18.8200,837093,15615141.0000,3,0.141272,1,-2.231700,0
2014-06-20,sz.002470,18.3900,18.5800,18.0200,18.3700,18.4000,1216670,22205055.0000,3,0.205331,1,-0.163000,0
2014-06-23,sz.002470,18.3300,18.5000,18.0000,18.1600,18.3700,1815571,32961382.0000,3,0.306405,1,-1.143200,0
2014-06-24,sz.002470,18.1800,18.4500,18.1300,18.4100,18.1600,1101246,20167315.0000,3,0.185852,1,1.376700,0
2014-06-25,sz.002470,18.4200,18.6100,18.1200,18.5700,18.4100,1563422,28795909.0000,3,0.263851,1,0.869100,0
2014-06-26,sz.002470,18.4600,18.8800,18.3800,18.6900,18.5700,2208319,41017788.0000,3,0.372687,1,0.646200,0
2014-06-27,sz.002470,18.7000,18.9600,18.4100,18.8000,18.6900,3089356,57697661.0000,3,0.521375,1,0.588500,0
2014-06-30,sz.002470,18.8300,19.2400,18.7000,19.1900,18.8000,2452770,46722332.0000,3,0.413942,1,2.074500,0
2014-07-01,sz.002470,19.2000,19.2600,19.0000,19.1300,19.1900,1452639,27819654.0000,3,0.245155,1,-0.312700,0
2014-07-02,sz.002470,19.2800,19.2800,18.6700,18.9900,19.1300,1909856,36109588.0000,3,0.322317,1,-0.731800,0
2014-07-03,sz.002470,19.0000,19.3700,18.9100,19.2700,18.9900,1742536,33538688.0000,3,0.294079,1,1.474500,0
2014-07-04,sz.002470,19.2500,19.4400,19.1000,19.1900,19.2700,1049213,20157823.0000,3,0.177070,1,-0.415200,0
2014-07-07,sz.002470,19.1900,19.1900,18.7500,18.8000,19.1900,1795167,33916755.0000,3,0.302961,1,-2.032300,0
2014-07-08,sz.002470,18.7900,19.0400,18.5900,18.6500,18.8000,1963595,36727229.0000,3,0.331386,1,-0.797900,0
2014-07-09,sz.002470,18.6400,18.7700,18.3500,18.3500,18.6500,2768148,51381194.0000,3,0.467166,1,-1.608600,0
2014-07-10,sz.002470,18.3400,18.3900,18.1100,18.2000,18.3500,1968760,35876445.0000,3,0.332258,1,-0.817400,0
2014-07-11,sz.002470,18.0600,18.4700,18.0600,18.2100,18.2000,1911935,34939231.0000,3,0.322668,1,0.054900,0
2014-07-14,sz.002470,18.4700,18.5300,18.2000,18.5000,18.2100,1654532,30409186.0000,3,0.279227,1,1.592500,0
2014-07-15,sz.002470,18.5000,18.5600,18.3000,18.4700,18.5000,2014882,37103981.0000,3,0.340042,1,-0.162200,0
2014-07-16,sz.002470,18.4200,18.4900,18.3000,18.3400,18.4700,1542547,28327977.0000,3,0.260328,1,-0.703800,0
2014-07-17,sz.002470,18.3400,18.3400,18.0500,18.2000,18.3400,1619852,29405023.0000,3,0.273374,1,-0.763400,0
2014-07-18,sz.002470,18.2000,18.2500,18.0300,18.1300,18.2000,1447303,26266137.0000,3,0.244254,1,-0.384600,0
2014-07-21,sz.002470,18.1100,18.2600,18.0300,18.2600,18.1300,952191,17310351.0000,3,0.160696,1,0.717000,0
2014-07-22,sz.002470,18.2700,18.5400,18.2100,18.5000,18.2600,2039249,37587197.0000,3,0.344154,1,1.314300,0
2014-07-23,sz.002470,18.5000,18.6600,18.4000,18.6100,18.5000,2804052,52014064.0000,3,0.473226,1,0.594600,0
2014-07-24,sz.002470,18.6600,18.9800,18.4900,18.8500,18.6100,3462308,64949426.0000,3,0.584316,1,1.289600,0
2014-07-25,sz.002470,18.9900,19.3200,18.8500,19.2100,18.8500,2451742,46729262.0000,3,0.413768,1,1.909800,0
2014-07-28,sz.002470,19.2800,19.3900,19.0400,19.3500,19.2100,3497300,67435860.0000,3,0.590222,1,0.728800,0
2014-07-29,sz.002470,19.3400,19.7000,19.2100,19.5400,19.3500,3141362,61304607.0000,3,0.530152,1,0.981900,0
2014-07-30,sz.002470,19.5000,19.6900,19.3400,19.4500,19.5400,2571479,50127522.0000,3,0.433976,1,-0.460600,0
2014-07-31,sz.002470,19.5000,20.3500,19.1000,20.1300,19.4500,4339429,86933465.0000,3,0.732344,1,3.496100,0
2014-08-01,sz.002470,20.0200,21.0000,19.9600,20.4100,20.1300,5378477,111298827.0000,3,0.907699,1,1.391000,0
2014-08-04,sz.002470,20.4000,20.6000,20.2000,20.5500,20.4100,2339243,47726117.0000,3,0.394782,1,0.685900,0
2014-08-05,sz.002470,20.5700,20.8300,20.2500,20.7000,20.5500,2390593,49012921.0000,3,0.403448,1,0.729900,0
2014-08-06,sz.002470,20.6900,20.7900,20.5000,20.6500,20.7000,2418893,49929542.0000,3,0.408224,1,-0.241600,0
2014-08-07,sz.002470,20.6500,20.7000,20.1100,20.1300,20.6500,3638693,73728931.0000,3,0.614084,1,-2.518200,0
2014-08-08,sz.002470,20.1200,20.3900,20.1100,20.3000,20.1300,1806184,36603335.0000,3,0.304821,1,0.844500,0
2014-08-11,sz.002470,20.3200,21.6800,20.3200,21.3100,20.3000,5959454,126245834.0000,3,1.005747,1,4.975400,0
2014-08-12,sz.002470,21.3500,21.4200,21.1000,21.3500,21.3100,2529115,53771002.0000,3,0.426826,1,0.187700,0
2014-08-13,sz.002470,21.5400,21.6800,21.0000,21.2600,21.3500,3187939,67816989.0000,3,0.538012,1,-0.421500,0
2014-08-14,sz.002470,21.2600,21.2600,20.8200,20.8700,21.2600,2397619,50272436.0000,3,0.404634,1,-1.834400,0
2014-08-15,sz.002470,20.9200,21.1900,20.7900,21.1200,20.8700,1884100,39684982.0000,3,0.317970,1,1.197900,0
2014-08-18,sz.002470,21.2900,21.3900,20.8800,21.0000,21.1200,3175922,66936245.0000,3,0.535984,1,-0.568200,0
2014-08-19,sz.002470,21.0200,21.2500,20.5700,20.7900,21.0000,2669357,55523212.0000,3,0.450494,1,-1.000000,0
2014-08-20,sz.002470,20.7600,20.9100,20.5800,20.6700,20.7900,2465506,51199348.0000,3,0.416091,1,-0.577200,0
2014-08-21,sz.002470,20.6700,20.7900,20.0100,20.2700,20.6700,3762888,76188620.0000,3,0.635044,1,-1.935200,0
2014-08-22,sz.002470,20.2700,20.4800,20.2500,20.4600,20.2700,1840376,37476386.0000,3,0.310591,1,0.937300,0
2014-08-25,sz.002470,20.4900,20.4900,20.1500,20.3400,20.4600,1471233,29878970.0000,3,0.248293,1,-0.586500,0
2014-08-26,sz.002470,20.2700,20.8000,20.2600,20.4000,20.3400,2751111,56360420.0000,3,0.464291,1,0.295000,0
2014-08-27,sz.002470,20.4500,20.7500,20.3900,20.6100,20.4000,1638941,33740030.0000,3,0.276596,1,1.029400,0
2014-08-28,sz.002470,20.6600,20.6600,20.0700,20.1600,20.6100,1872259,37910061.0000,3,0.315972,1,-2.183400,0
2014-08-29,sz.002470,20.1800,20.3700,20.1400,20.3700,20.1600,800484,16242507.0000,3,0.135094,1,1.041700,0
2014-09-01,sz.002470,20.4000,20.6700,20.3700,20.5400,20.3700,1554099,31938759.0000,3,0.262277,1,0.834600,0
2014-09-02,sz.002470,20.5800,20.9400,20.5200,20.8500,20.5400,2348521,48645652.0000,3,0.396348,1,1.509200,0
2014-09-03,sz.002470,20.9500,21.0800,20.6400,20.8800,20.8500,2318580,48480960.0000,3,0.391295,1,0.143900,0
2014-09-04,sz.002470,20.8900,21.0200,20.6700,20.9800,20.8800,2281640,47597710.0000,3,0.385061,1,0.478900,0
2014-09-05,sz.002470,20.9800,21.2000,20.8900,20.9700,20.9800,2638528,55388738.0000,3,0.445291,1,-0.047700,0
2014-09-09,sz.002470,20.9800,21.2300,20.9600,21.1100,20.9700,2114965,44678335.0000,3,0.356932,1,0.667600,0
2014-09-10,sz.002470,21.1300,21.8300,21.0500,21.6500,21.1100,4261362,92041199.0000,3,0.719169,1,2.558000,0
2014-09-11,sz.002470,21.5500,21.7500,20.9300,21.2300,21.6500,4360742,93290928.0000,3,0.735941,1,-1.940000,0
2014-09-12,sz.002470,21.2400,21.5000,20.9800,21.3700,21.2300,2196654,46481093.0000,3,0.370718,1,0.659500,0
2014-09-15,sz.002470,21.2300,21.7700,21.1200,21.7300,21.3700,2862754,61271027.0000,3,0.483133,1,1.684600,0
2014-09-16,sz.002470,21.6600,22.4000,21.3000,21.3500,21.7300,7593077,167704496.0000,3,1.281445,1,-1.748700,0
2014-09-17,sz.002470,21.2500,21.4900,20.8000,21.1400,21.3500,3699688,78080449.0000,3,0.624378,1,-0.983600,0
2014-09-18,sz.002470,21.1000,21.2600,20.6900,21.0000,21.1400,2651788,55576485.0000,3,0.447529,1,-0.662200,0
2014-09-19,sz.002470,21.0000,22.1000,20.9000,21.9800,21.0000,3630547,78792021.0000,3,0.612709,1,4.666700,0
2014-09-22,sz.002470,22.0000,23.0000,22.0000,22.6400,21.9800,8123420,183804126.0000,3,1.370949,1,3.002700,0
2014-09-23,sz.002470,22.6100,24.2500,22.4800,23.8100,22.6400,10510804,249254701.0000,3,1.773856,1,5.167800,0
2014-09-24,sz.002470,23.9500,24.3500,23.5300,23.6000,23.8100,7115628,170450496.0000,3,1.200869,1,-0.882000,0
2014-09-25,sz.002470,23.6700,25.7000,23.6700,25.6500,23.6000,11305129,279299744.0000,3,1.907910,1,8.686400,0
2014-09-26,sz.002470,25.3900,25.6200,24.7100,25.6200,25.6500,5611400,141116293.0000,3,0.947008,1,-0.117000,0
2014-09-29,sz.002470,25.4000,25.6000,24.7500,24.8500,25.6200,6624672,165358021.0000,3,1.118013,1,-3.005500,0
2014-09-30,sz.002470,24.9500,25.6800,24.8000,24.8800,24.8500,6909265,174315203.0000,3,1.166042,1,0.120700,0
2014-10-08,sz.002470,24.8500,24.9900,24.1100,24.7600,24.8800,5866972,143383949.0000,3,0.990139,1,-0.482300,0
2014-10-09,sz.002470,24.7600,25.1600,24.4700,25.1300,24.7600,5156563,127460513.0000,3,0.870247,1,1.494300,0
2014-10-10,sz.002470,24.8000,25.1700,24.4800,24.9800,25.1300,5169767,128952196.0000,3,0.872476,1,-0.596900,0
2014-10-13,sz.002470,24.6800,24.9100,24.0200,24.6800,24.9800,3828569,92972108.0000,3,0.646128,1,-1.201000,0
2014-10-14,sz.002470,25.1400,25.1500,24.2200,24.7900,24.6800,3993530,98905740.0000,3,0.673968,1,0.445700,0
2014-10-15,sz.002470,24.4400,25.6800,24.4400,25.6000,24.7900,5532835,139000880.0000,3,0.933749,1,3.267400,0
2014-10-16,sz.002470,25.3900,26.1700,24.6100,24.7000,25.6000,4972006,125445107.0000,3,0.839100,1,-3.515600,0
2014-10-17,sz.002470,24.3000,25.1000,24.0000,24.7400,24.7000,2774089,67969709.0000,3,0.468169,1,0.161900,0
2014-10-20,sz.002470,25.1100,26.8800,25.0000,25.5000,24.7400,7506509,192816589.0000,3,1.266836,1,3.071900,0
2014-10-21,sz.002470,25.7000,27.1500,25.7000,26.9000,25.5000,11517896,306337920.0000,3,1.943817,1,5.490200,0
2014-10-22,sz.002470,26.6400,27.0800,26.0000,26.1600,26.9000,6773268,179243978.0000,3,1.143090,1,-2.750900,0
2014-10-23,sz.002470,26.3400,26.5000,25.0800,25.4000,26.1600,5031097,128451116.0000,3,0.849073,1,-2.905200,0
2014-10-24,sz.002470,25.3900,25.8000,24.8500,24.8600,25.4000,3132173,79180818.0000,3,0.528601,1,-2.126000,0
2014-10-27,sz.002470,25.0100,25.3800,24.5100,25.2800,24.8600,3418049,85053381.0000,3,0.576847,1,1.689500,0
2014-10-28,sz.002470,25.1100,26.6900,25.1100,26.5100,25.2800,7331314,192112634.0000,3,1.237269,1,4.865500,0
2014-10-29,sz.002470,26.5700,26.9000,26.1600,26.6400,26.5100,5079551,134309578.0000,3,0.857250,1,0.490400,0
2014-10-30,sz.002470,26.7500,27.5600,26.6400,27.0000,26.6400,6255370,169172857.0000,3,1.055687,1,1.351400,0
2014-10-31,sz.002470,27.0000,27.0000,25.7200,26.8000,27.0000,6724833,177383117.0000,3,1.134916,1,-0.740700,0
2014-11-03,sz.002470,26.6500,26.9000,26.4600,26.7000,26.8000,3784867,100831299.0000,3,0.638753,1,-0.373100,0
2014-11-04,sz.002470,26.5300,26.8300,26.0200,26.6000,26.7000,5611218,148970334.0000,3,0.946977,1,-0.374500,0
2014-11-05,sz.002470,26.6400,26.9400,26.2900,26.5900,26.6000,3241125,86225599.0000,3,0.546988,1,-0.037600,0
2014-11-06,sz.002470,26.8000,26.8000,26.0200,26.1900,26.5900,3994802,105261596.0000,3,0.674183,1,-1.504300,0
2014-11-07,sz.002470,26.3600,26.7000,25.7700,25.9800,26.1900,4026609,105327644.0000,3,0.679551,1,-0.801800,0
2014-11-10,sz.002470,25.9800,26.2600,25.4600,26.2400,25.9800,3843312,99368845.0000,3,0.648616,1,1.000800,0
2014-11-11,sz.002470,26.2000,26.2000,25.4300,25.5900,26.2400,4132270,105874698.0000,3,0.697382,1,-2.477100,0
2014-11-12,sz.002470,25.5200,26.7900,25.5200,26.7300,25.5900,4744105,124705529.0000,3,0.800639,1,4.454900,0
2014-11-13,sz.002470,26.7200,28.2000,26.4000,26.4700,26.7300,10050114,274086176.0000,3,1.696107,1,-0.972700,0
2014-11-14,sz.002470,26.4000,26.9400,25.6000,25.8400,26.4700,5054533,132601928.0000,3,0.853028,1,-2.380000,0
2014-11-17,sz.002470,25.8000,27.1000,25.8000,26.6000,25.8400,2909562,77085287.0000,3,0.491032,1,2.941200,0
2014-11-18,sz.002470,26.5700,27.9700,26.5700,27.7500,26.6000,6713872,184517150.0000,3,1.133066,1,4.323300,0
2014-11-19,sz.002470,28.0000,28.9300,27.5000,28.7000,27.7500,7745004,219559931.0000,3,1.307085,1,3.423400,0
2014-11-20,sz.002470,28.5000,29.7000,28.5000,29.0000,28.7000,6914274,201933457.0000,3,1.166887,1,1.045300,0
2014-11-21,sz.002470,28.9000,28.9800,28.2100,28.5700,29.0000,6509054,186198134.0000,3,1.098500,1,-1.482800,0
2014-11-24,sz.002470,28.8200,28.8500,27.8000,28.5000,28.5700,7613684,214775251.0000,3,1.284923,1,-0.245000,0
2014-11-25,sz.002470,28.3500,29.5000,28.0100,29.5000,28.5000,5158072,148588276.0000,3,0.870502,1,3.508800,0
2014-11-26,sz.002470,29.4700,30.1200,28.8600,29.8200,29.5000,4739094,140253152.0000,3,0.799793,1,1.084700,0
2014-11-27,sz.002470,29.8000,30.2800,29.2800,29.5000,29.8200,6004714,177689713.0000,3,1.013385,1,-1.073100,0
2014-11-28,sz.002470,29.5500,29.6000,28.5500,28.8500,29.5000,6225443,179695405.0000,3,1.050637,1,-2.203400,0
2014-12-01,sz.002470,28.8500,28.8500,27.5700,28.0300,28.8500,7120772,199165127.0000,3,1.201737,1,-2.842300,0
2014-12-02,sz.002470,28.1000,28.2800,27.7400,28.0600,28.0300,6140421,171335069.0000,3,1.036288,1,0.107000,0
2014-12-03,sz.002470,28.1500,29.6400,28.1500,29.5900,28.0600,8047641,232542165.0000,3,1.358160,1,5.452600,0
2014-12-04,sz.002470,29.9000,30.7800,29.1500,30.0000,29.5900,10447459,313456224.0000,3,1.763165,1,1.385600,0
2014-12-05,sz.002470,29.9000,29.9000,28.0000,28.5000,30.0000,11549438,330640304.0000,3,1.949141,1,-5.000000,0
2014-12-08,sz.002470,28.3100,28.8800,27.7700,28.2700,28.5000,7767835,217675436.0000,3,1.310939,1,-0.807000,0
2014-12-09,sz.002470,28.3000,29.0000,27.0800,27.4500,28.2700,11171654,309371648.0000,3,1.885384,1,-2.900600,0
2014-12-10,sz.002470,27.6100,28.8000,27.1000,28.8000,27.4500,7868020,219615163.0000,3,1.327846,1,4.918000,0
2014-12-11,sz.002470,28.3600,29.0000,28.3300,28.6300,28.8000,6725857,192737274.0000,3,1.135089,1,-0.590300,0
2014-12-12,sz.002470,28.9400,30.0000,28.9400,29.5400,28.6300,6599754,193575711.0000,3,1.113807,1,3.178500,0
2014-12-15,sz.002470,29.5100,30.5300,29.2100,30.3900,29.5400,7621900,229387076.0000,3,1.286310,1,2.877400,0
2014-12-16,sz.002470,30.2000,30.7500,29.8300,30.1700,30.3900,5488238,166150165.0000,3,0.926222,1,-0.723900,0
2014-12-17,sz.002470,30.4000,30.4900,28.4800,29.0000,30.1700,10287833,299470464.0000,3,1.736226,1,-3.878000,0
2014-12-18,sz.002470,28.8500,29.1500,28.5100,29.1400,29.0000,4234388,122731519.0000,3,0.714616,1,0.482800,0
2014-12-19,sz.002470,29.3000,29.3700,27.7000,28.9500,29.1400,5832564,165744993.0000,3,0.984333,1,-0.652000,0
2014-12-22,sz.002470,29.1000,29.2900,27.7000,28.4800,28.9500,3519243,99153741.0000,3,0.593925,1,-1.623500,0
2014-12-23,sz.002470,28.4800,28.4800,27.3300,27.9000,28.4800,4588811,127632607.0000,3,0.774431,1,-2.036500,0
2014-12-24,sz.002470,27.9400,28.4400,27.3100,28.2900,27.9000,6081503,169713538.0000,3,1.026345,1,1.397900,0
2014-12-25,sz.002470,28.4500,28.4500,27.8100,28.3000,28.2900,4156063,116770243.0000,3,0.701398,1,0.035300,0
2014-12-26,sz.002470,28.0400,28.3500,27.7300,27.9900,28.3000,4953320,138740925.0000,3,0.835947,1,-1.095400,0
2014-12-29,sz.002470,27.8000,27.9900,26.1800,26.8800,27.9900,10141027,271728320.0000,3,1.711450,1,-3.965700,0
2014-12-30,sz.002470,26.5500,27.0500,25.7600,26.3600,26.8800,6803478,178649135.0000,3,1.148189,1,-1.934500,0
2014-12-31,sz.002470,26.1600,27.3000,26.0300,26.9000,26.3600,5048746,134718079.0000,3,0.852052,1,2.048600,0
2015-01-05,sz.002470,26.9000,26.9800,25.9000,26.5000,26.9000,5448559,144446607.0000,3,0.919526,1,-1.487000,0
2015-01-06,sz.002470,26.4000,27.3500,26.2600,27.2900,26.5000,7603474,204331499.0000,3,1.283200,1,2.981100,0
2015-01-07,sz.002470,27.1500,27.1500,26.6000,27.0000,27.2900,3604295,96957087.0000,3,0.608279,1,-1.062700,0
2015-01-08,sz.002470,27.0900,28.1200,27.0100,27.6600,27.0000,6820959,189804680.0000,3,1.151139,1,2.444400,0
2015-01-09,sz.002470,27.6000,28.1800,27.2200,27.6500,27.6600,4132019,115401213.0000,3,0.697340,1,-0.036200,0
2015-01-12,sz.002470,27.3300,28.3800,27.2800,28.0100,27.6500,5127171,143587279.0000,3,0.865287,1,1.302000,0
2015-01-13,sz.002470,27.5200,28.4700,27.5200,28.2300,28.0100,3209171,90389116.0000,3,0.541596,1,0.785400,0
2015-01-14,sz.002470,28.2600,29.3100,28.0300,28.8800,28.2300,6108781,176583120.0000,3,1.030948,1,2.302500,0
2015-01-15,sz.002470,28.7100,29.3100,28.5700,28.9200,28.8800,3930620,113794014.0000,3,0.663351,1,0.138500,0
2015-01-16,sz.002470,28.9000,29.8800,28.6800,29.6000,28.9200,4472769,130793087.0000,3,0.754847,1,2.351300,0
2015-01-19,sz.002470,29.0000,30.2500,28.6000,29.0000,29.6000,5812899,172311433.0000,3,0.981014,1,-2.027000,0
2015-01-20,sz.002470,28.7500,30.0000,28.6300,29.9500,29.0000,5336443,155991222.0000,3,0.900605,1,3.275900,0
2015-01-21,sz.002470,29.9500,30.0000,29.5000,29.6700,29.9500,4149408,123471882.0000,3,0.700275,1,-0.934900,0
2015-01-22,sz.002470,29.9400,29.9500,29.0100,29.4600,29.6700,4781142,141022802.0000,3,0.806889,1,-0.707800,0
2015-01-23,sz.002470,29.4800,29.9000,29.0800,29.3800,29.4600,3959866,117240647.0000,3,0.668287,1,-0.271600,0
2015-01-26,sz.002470,29.4600,32.3200,29.1000,32.3200,29.3800,9507298,294585664.0000,3,1.604499,1,10.006800,0
2015-01-27,sz.002470,32.3200,34.5600,31.5500,33.6900,32.3200,9454806,310491056.0000,3,1.595640,1,4.238900,0
2015-01-28,sz.002470,33.6900,34.8700,33.0300,34.2000,33.6900,8157519,279698672.0000,3,1.376704,1,1.513800,0
2015-01-29,sz.002470,33.5200,33.9800,32.7200,33.3000,34.2000,4716534,156667935.0000,3,0.795986,1,-2.631600,0
2015-01-30,sz.002470,33.3600,34.8200,32.9000,32.9000,33.3000,6931132,234934336.0000,3,1.169732,1,-1.201200,0
2015-02-02,sz.002470,33.0000,33.4800,31.6600,32.0000,32.9000,5636530,180773806.0000,3,0.951249,1,-2.735600,0
2015-02-03,sz.002470,32.1700,33.1000,31.3600,32.8500,32.0000,6226607,201166002.0000,3,1.050833,1,2.656200,0
2015-02-04,sz.002470,32.5500,34.0000,32.3200,32.4800,32.8500,5126242,170295127.0000,3,0.865130,1,-1.126300,0
2015-02-05,sz.002470,32.5600,33.5800,31.8000,32.7900,32.4800,5567326,182272422.0000,3,0.939570,1,0.954400,0
2015-02-06,sz.002470,32.8200,32.8800,31.8000,31.8400,32.7900,2885692,93203797.0000,3,0.487004,1,-2.897200,0
2015-02-09,sz.002470,31.6600,32.6400,31.6000,31.8200,31.8400,1861797,59903557.0000,3,0.314206,1,-0.062800,0
2015-02-10,sz.002470,31.9700,34.4800,31.9700,34.0000,31.8200,4842134,161678799.0000,3,0.817183,1,6.851000,0
2015-02-11,sz.002470,33.7400,35.3500,33.6500,34.7500,34.0000,4115183,143065818.0000,3,0.694499,1,2.205900,0
2015-02-12,sz.002470,34.8500,35.2700,33.8000,34.0700,34.7500,2151344,73738754.0000,3,0.363072,1,-1.956800,0
2015-02-13,sz.002470,34.5000,34.7500,34.0400,34.3600,34.0700,2089896,71979262.0000,3,0.352701,1,0.851200,0
2015-02-16,sz.002470,34.3600,35.0000,34.0000,34.6800,34.3600,2107278,72684507.0000,3,0.355635,1,0.931300,0
2015-02-17,sz.002470,35.0500,35.6400,34.3000,35.1500,34.6800,2056218,72070812.0000,3,0.347018,1,1.355300,0
2015-02-25,sz.002470,35.2500,35.6000,33.4100,34.0000,35.1500,4265682,146965853.0000,3,0.719898,1,-3.271700,0
2015-02-26,sz.002470,33.9000,34.5900,33.5500,34.5400,34.0000,2247320,76425662.0000,3,0.379269,1,1.588200,0
2015-02-27,sz.002470,34.4000,34.6500,33.6500,34.4300,34.5400,3923072,133772032.0000,3,0.662077,1,-0.318500,0
2015-03-02,sz.002470,34.4000,34.4000,33.5700,34.1700,34.4300,3994612,135506193.0000,3,0.674151,1,-0.755200,0
2015-03-03,sz.002470,33.9000,35.0000,33.7000,33.8700,34.1700,4659034,159860462.0000,3,0.786282,1,-0.878000,0
2015-03-04,sz.002470,33.8700,37.2600,33.7000,37.2600,33.8700,9647366,346513584.0000,3,1.628138,1,10.008900,0
2015-03-05,sz.002470,37.9000,38.5800,36.0800,37.0000,37.2600,6443439,239071895.0000,3,1.087427,1,-0.697800,0
2015-03-06,sz.002470,37.0700,37.3500,35.9500,36.8300,37.0000,3893726,142602512.0000,3,0.657125,1,-0.459500,0
2015-03-09,sz.002470,36.1200,38.5000,35.6200,37.9200,36.8300,5362174,200379376.0000,3,0.904947,1,2.959500,0
2015-03-10,sz.002470,37.7500,38.1000,37.1200,37.5600,37.9200,2593426,97507392.0000,3,0.437679,1,-0.949400,0
2015-03-11,sz.002470,37.9000,37.9000,36.0100,36.8400,37.5600,4141915,152417600.0000,3,0.699010,1,-1.916900,0
2015-03-12,sz.002470,36.8400,37.4400,36.2500,37.0300,36.8400,2999195,110636296.0000,3,0.506159,1,0.515700,0
2015-03-13,sz.002470,36.6000,36.9800,35.8700,36.4000,37.0300,4374349,158497852.0000,3,0.738237,1,-1.701300,0
2015-03-16,sz.002470,36.3500,38.8900,35.9500,38.2600,36.4000,11422253,424554640.0000,3,1.927676,1,5.109900,0
2015-03-17,sz.002470,38.4000,38.5200,37.2700,37.6200,38.2600,6469981,244658902.0000,3,1.091906,1,-1.672800,0
2015-03-18,sz.002470,37.6200,38.5000,37.3500,38.3200,37.6200,5751954,218505043.0000,3,0.970728,1,1.860700,0
2015-03-19,sz.002470,38.3200,38.9000,37.8000,38.0700,38.3200,3917039,149720001.0000,3,0.661059,1,-0.652400,0
2015-03-20,sz.002470,38.0100,38.3300,37.2100,37.5900,38.0700,5713940,214501689.0000,3,0.964313,1,-1.260800,0
2015-03-23,sz.002470,37.5500,38.0000,37.3200,37.8000,37.5900,5622849,211904194.0000,3,0.948940,1,0.558700,0
2015-03-24,sz.002470,37.8000,39.5000,36.9100,38.8400,37.8000,9154246,348495648.0000,3,1.544916,1,2.751300,0
2015-03-25,sz.002470,38.8000,39.3800,37.4800,38.9800,38.8400,9860129,377851808.0000,3,1.664044,1,0.360500,0
2015-03-26,sz.002470,38.6200,38.6200,37.3700,37.4800,38.9800,6335111,239050855.0000,3,1.069145,1,-3.848100,0
2015-03-27,sz.002470,37.4800,37.7700,36.1300,36.7900,37.4800,6766437,248706378.0000,3,1.141938,1,-1.841000,0
2015-03-30,sz.002470,36.8300,37.2800,36.4600,37.1600,36.7900,6260012,230726237.0000,3,1.056471,1,1.005700,0
2015-03-31,sz.002470,37.1600,37.4500,36.5000,36.8000,37.1600,6218426,230312512.0000,3,1.049453,1,-0.968800,0
2015-04-01,sz.002470,36.8100,38.6000,36.8100,38.3600,36.8000,8176597,309510960.0000,3,1.379923,1,4.239100,0
2015-04-02,sz.002470,38.8500,39.9900,38.8500,39.6000,38.3600,10085549,396737456.0000,3,1.702087,1,3.232500,0
2015-04-03,sz.002470,39.4000,41.3300,39.1000,40.6200,39.6000,8189848,330901728.0000,3,1.382160,1,2.575800,0
2015-04-07,sz.002470,40.6000,40.8000,39.8000,40.4000,40.6200,7303273,293011392.0000,3,1.232537,1,-0.541600,0
2015-04-08,sz.002470,40.4000,40.4900,39.1200,39.6900,40.4000,5735327,227886820.0000,3,0.967922,1,-1.757400,0
2015-04-09,sz.002470,39.6400,39.6400,37.9600,38.7000,39.6900,7418254,286885360.0000,3,1.251941,1,-2.494300,0
2015-04-10,sz.002470,38.7100,40.1200,38.7000,40.1000,38.7000,5894471,232491966.0000,3,0.994780,1,3.617600,0
2015-04-13,sz.002470,40.2900,44.0100,39.6000,43.1300,40.1000,10684409,448582016.0000,3,1.803154,1,7.556100,0
2015-04-14,sz.002470,43.5000,45.1400,43.1700,45.1000,43.1300,13970120,619016416.0000,3,2.357667,1,4.567600,0
2015-04-15,sz.002470,45.2500,46.1900,42.6500,44.0100,45.1000,9893867,440401904.0000,3,1.669738,1,-2.416900,0
2015-04-16,sz.002470,43.9900,46.3600,43.1500,46.0000,44.0100,14469918,654434880.0000,3,2.442015,1,4.521700,0
2015-04-17,sz.002470,46.5000,46.8000,43.9000,44.1800,46.0000,13600189,609269712.0000,3,2.295236,1,-3.956500,0
2015-04-20,sz.002470,43.9000,43.9400,41.6000,41.6000,44.1800,10610022,452423424.0000,3,1.790600,1,-5.839800,0
2015-04-21,sz.002470,41.6000,43.2000,41.5900,42.9900,41.6000,6273823,266912258.0000,3,1.058802,1,3.341400,0
2015-04-22,sz.002470,43.3100,44.8600,43.2800,43.8700,42.9900,7860127,344779040.0000,3,1.326514,1,2.047000,0
2015-04-23,sz.002470,43.9600,44.1500,42.4800,42.8600,43.8700,9079863,390519936.0000,3,1.532363,1,-2.302300,0
2015-04-24,sz.002470,42.3800,43.3800,41.8800,43.0900,42.8600,6668410,283446000.0000,3,1.125394,1,0.536600,0
2015-04-27,sz.002470,43.1000,44.4600,42.8600,43.1800,43.0900,8175063,356903472.0000,3,1.379664,1,0.208900,0
2015-04-28,sz.002470,43.1000,43.4500,41.1000,41.4100,43.1800,8747221,366800672.0000,3,1.476225,1,-4.099100,0
2015-04-29,sz.002470,41.4200,42.7500,41.3500,42.1800,41.4100,4529751,191512031.0000,3,0.764463,1,1.859500,0
2015-04-30,sz.002470,42.1700,43.9000,42.1100,43.0100,42.1800,7432622,321498560.0000,3,1.254366,1,1.967800,0
2015-05-04,sz.002470,43.5000,43.5600,42.4000,42.7600,43.0100,4238189,181669451.0000,3,0.715258,1,-0.581300,0
2015-05-05,sz.002470,42.3800,42.9900,41.1400,41.3000,42.7600,3984502,166940354.0000,3,0.672444,1,-3.414400,0
2015-05-06,sz.002470,42.0000,42.6600,39.7600,39.9800,41.3000,5528368,229062034.0000,3,0.932995,1,-3.196100,0
2015-05-07,sz.002470,40.0900,40.7400,39.4900,39.8500,39.9800,4149908,165894082.0000,3,0.700359,1,-0.325200,0
2015-05-08,sz.002470,40.7000,41.5000,40.1800,41.5000,39.8500,6214179,253865028.0000,3,1.048736,1,4.140500,0
2015-05-11,sz.002470,41.0800,42.5700,41.0000,42.3800,41.5000,8161429,341742352.0000,3,1.377363,1,2.120500,0
2015-05-12,sz.002470,42.6900,45.5000,41.7000,45.0200,42.3800,10650806,461385296.0000,3,1.797483,1,6.229400,0
2015-05-13,sz.002470,44.5100,46.2000,43.5200,44.6500,45.0200,11043759,495074512.0000,3,1.863800,1,-0.821900,0
2015-05-14,sz.002470,45.0000,47.4500,44.6500,47.2500,44.6500,17087966,789863616.0000,3,2.883850,1,5.823100,0
2015-05-15,sz.002470,47.9500,48.2500,46.2100,47.0600,47.2500,13818771,654974400.0000,3,2.332125,1,-0.402100,0
2015-05-18,sz.002470,46.3100,51.7000,46.2100,51.0400,47.0600,12722985,620111088.0000,3,2.147194,1,8.457300,0
2015-05-19,sz.002470,51.0300,51.0300,48.8000,50.0300,51.0400,13836238,689832768.0000,3,2.335072,1,-1.978800,0
2015-05-20,sz.002470,50.0400,53.8300,50.0300,52.9500,50.0300,13864219,723053008.0000,3,2.339795,1,5.836500,0
2015-05-21,sz.002470,54.3700,58.2500,54.3700,58.2500,52.9500,19554980,1112833728.0000,3,3.300196,1,10.009400,0
2015-05-22,sz.002470,29.5100,30.9800,28.2000,28.9800,29.0500,58448943,1714923424.0000,3,4.932067,1,-0.241000,0
2015-05-25,sz.002470,28.0000,29.5000,27.6000,28.8700,28.9800,35643901,1022381568.0000,3,3.007721,1,-0.379600,0
2015-05-26,sz.002470,29.0000,30.5000,28.6000,30.1800,28.8700,40815506,1208521552.0000,3,3.444114,1,4.537600,0
2015-05-27,sz.002470,31.0600,32.8800,31.0000,31.0900,30.1800,45891311,1454706512.0000,3,3.872423,1,3.015200,0
2015-05-28,sz.002470,31.0800,31.0800,27.9800,27.9800,31.0900,38302143,1139621104.0000,3,3.232030,1,-10.003200,0
2015-05-29,sz.002470,27.6500,28.9700,25.9000,28.5100,27.9800,28920250,808713408.0000,3,2.440363,1,1.894200,0
2015-06-01,sz.002470,28.5200,29.7300,28.4200,29.3000,28.5100,24784742,720800304.0000,3,2.091398,1,2.771000,0
2015-06-02,sz.002470,29.3500,29.8900,28.5000,29.4900,29.3000,27856617,809939712.0000,3,2.350611,1,0.648500,0
2015-06-03,sz.002470,29.5100,29.8400,28.3800,28.7600,29.4900,24040495,695183456.0000,3,2.028597,1,-2.475400,0
2015-06-04,sz.002470,28.7600,28.9000,25.8800,28.0100,28.7600,23917478,655393568.0000,3,2.018216,1,-2.607800,0
2015-06-05,sz.002470,28.1800,28.9400,27.5000,28.3800,28.0100,23848683,674803344.0000,3,2.012411,1,1.321000,0
2015-06-08,sz.002470,28.3800,28.3800,27.0100,27.4100,28.3800,20429719,561080960.0000,3,1.723911,1,-3.417900,0
2015-06-09,sz.002470,27.3000,27.8800,27.0000,27.5000,27.4100,16848527,461936656.0000,3,1.421721,1,0.328300,0
2015-06-10,sz.002470,27.3900,28.5500,27.0600,28.2200,27.5000,24404417,681036320.0000,3,2.059305,1,2.618200,0
2015-06-11,sz.002470,28.1800,28.8000,27.9200,28.7200,28.2200,24019922,680681168.0000,3,2.026861,1,1.771800,0
2015-06-12,sz.002470,28.8400,29.1400,28.3500,28.4700,28.7200,20942075,599820560.0000,3,1.767144,1,-0.870500,0
2015-06-15,sz.002470,28.5000,28.6000,26.8000,27.1100,28.4700,21240913,584734064.0000,3,1.792361,1,-4.777000,0
2015-06-16,sz.002470,26.5000,27.1100,25.0000,25.5500,27.1100,20624940,540112448.0000,3,1.740384,1,-5.754300,0
2015-06-17,sz.002470,25.5400,26.6200,24.5000,26.0600,25.5500,20201901,516683904.0000,3,1.704687,1,1.996100,0
2015-06-18,sz.002470,26.5600,27.3900,25.4800,25.5000,26.0600,22981755,613288576.0000,3,1.939258,1,-2.148900,0
2015-06-19,sz.002470,25.4600,26.0700,23.8000,24.0900,25.5000,19363293,480599040.0000,3,1.633923,1,-5.529400,0
2015-06-23,sz.002470,24.0800,24.7700,22.5700,24.5500,24.0900,19104080,458837488.0000,3,1.612050,1,1.909500,0
2015-06-24,sz.002470,24.8000,25.2400,24.2000,24.9100,24.5500,16439188,407869888.0000,3,1.387180,1,1.466400,0
2015-06-25,sz.002470,25.0500,25.2000,23.5800,24.2000,24.9100,14605113,358024256.0000,3,1.232416,1,-2.850300,0
2015-06-26,sz.002470,23.7700,23.7700,21.7800,21.7800,24.2000,22412236,503209088.0000,3,1.891200,1,-10.000000,0
2015-06-29,sz.002470,22.8700,22.8700,19.6000,19.8100,21.7800,24739773,518128048.0000,3,2.087604,1,-9.045000,0
2015-06-30,sz.002470,19.8000,21.7900,17.8300,21.7100,19.8100,27352346,539457888.0000,3,2.308059,1,9.591100,0
2015-07-01,sz.002470,21.4000,22.3800,19.9900,20.1000,21.7100,22596650,485962544.0000,3,1.906762,1,-7.415900,0
2015-07-02,sz.002470,20.2000,20.8500,18.7800,20.3000,20.1000,24352201,490132912.0000,3,2.054899,1,0.995000,0
2015-07-03,sz.002470,20.3000,20.3000,20.3000,20.3000,20.3000,0,0.0000,3,,0,0.000000,0
2015-07-06,sz.002470,20.3000,20.3000,20.3000,20.3000,20.3000,0,0.0000,3,,0,0.000000,0
2015-07-07,sz.002470,20.3000,20.3000,20.3000,20.3000,20.3000,0,0.0000,3,,0,0.000000,0
2015-07-08,sz.002470,20.3000,20.3000,20.3000,20.3000,20.3000,0,0.0000,3,,0,0.000000,0
2015-07-09,sz.002470,20.3000,20.3000,20.3000,20.3000,20.3000,0,0.0000,3,,0,0.000000,0
2015-07-10,sz.002470,20.3000,20.3000,20.3000,20.3000,20.3000,0,0.0000,3,,0,0.000000,0
2015-07-13,sz.002470,20.3000,20.3000,20.3000,20.3000,20.3000,0,0.0000,3,,0,0.000000,0
2015-07-14,sz.002470,20.3000,20.3000,20.3000,20.3000,20.3000,0,0.0000,3,,0,0.000000,0
2015-07-15,sz.002470,20.3000,20.3000,20.3000,20.3000,20.3000,0,0.0000,3,,0,0.000000,0
2015-07-16,sz.002470,20.3000,20.3000,20.3000,20.3000,20.3000,0,0.0000,3,,0,0.000000,0
2015-07-17,sz.002470,20.3000,20.3000,20.3000,20.3000,20.3000,0,0.0000,3,,0,0.000000,0
2015-07-20,sz.002470,22.3300,22.3300,22.3300,22.3300,20.3000,1294427,28904554.0000,3,0.109227,1,10.000000,0
2015-07-21,sz.002470,24.5600,24.5600,23.5600,24.5500,22.3300,49035024,1192079584.0000,3,4.137697,1,9.941800,0
2015-07-22,sz.002470,25.1200,25.1200,23.8000,24.5700,24.5500,35462318,869005728.0000,3,2.992399,1,0.081500,0
2015-07-23,sz.002470,24.7500,26.9900,24.6000,26.2700,24.5700,36097035,938449168.0000,3,3.045958,1,6.919000,0
2015-07-24,sz.002470,26.5500,26.6700,24.9800,25.2900,26.2700,32165365,830247520.0000,3,2.714194,1,-3.730500,0
2015-07-27,sz.002470,24.9100,25.8300,22.7600,22.7600,25.2900,25712522,632573184.0000,3,2.169687,1,-10.004000,0
2015-07-28,sz.002470,22.2900,24.1000,21.0000,23.6900,22.7600,29424564,668859808.0000,3,2.482918,1,4.086100,0
2015-07-29,sz.002470,24.0000,24.8300,23.4700,24.8000,23.6900,16249996,391606640.0000,3,1.371215,1,4.685500,0
2015-07-30,sz.002470,25.0700,25.7300,24.0100,24.0600,24.8000,20616440,519095360.0000,3,1.739667,1,-2.983900,0
2015-07-31,sz.002470,24.0700,24.4700,23.5700,24.3600,24.0600,17026460,410119776.0000,3,1.436735,1,1.246900,0
2015-08-03,sz.002470,24.0100,25.6000,23.9300,25.5800,24.3600,19388587,480264496.0000,3,1.636057,1,5.008200,0
2015-08-04,sz.002470,25.5800,26.5100,24.7000,26.1000,25.5800,27763290,714491856.0000,3,2.342736,1,2.032800,0
2015-08-05,sz.002470,26.1200,26.1200,24.8000,24.9300,26.1000,19061899,484288672.0000,3,1.608490,1,-4.482800,0
2015-08-06,sz.002470,24.4000,24.9900,24.1500,24.5000,24.9300,11195880,274884016.0000,3,0.944736,1,-1.724800,0
2015-08-07,sz.002470,24.8600,25.1500,24.5000,24.9600,24.5000,13569980,336878368.0000,3,1.145069,1,1.877500,0
2015-08-10,sz.002470,24.9200,26.1000,24.9200,25.9200,24.9600,24028926,616054688.0000,3,2.027621,1,3.846200,0
2015-08-11,sz.002470,25.8500,25.8500,25.0500,25.2600,25.9200,21851594,555486704.0000,3,1.843892,1,-2.546300,0
2015-08-12,sz.002470,25.0000,25.1200,24.3100,24.4600,25.2600,14114670,348545504.0000,3,1.191031,1,-3.167100,0
2015-08-13,sz.002470,24.4600,24.9000,23.5000,24.6300,24.4600,18620117,450570688.0000,3,1.571212,1,0.695000,0
2015-08-14,sz.002470,24.7600,24.8000,24.1100,24.1900,24.6300,13978089,340712352.0000,3,1.179506,1,-1.786400,0
2015-08-17,sz.002470,24.0100,24.1900,23.5500,23.8800,24.1900,10117404,240930997.0000,3,0.853732,1,-1.281500,0
2015-08-18,sz.002470,24.1300,24.5300,21.4900,21.7500,23.8800,15623654,364942576.0000,3,1.318363,1,-8.919600,0
2015-08-19,sz.002470,21.1500,22.3900,20.4800,22.2600,21.7500,13281430,288200752.0000,3,1.120720,1,2.344800,0
2015-08-20,sz.002470,21.9600,22.2500,21.2700,21.3100,22.2600,8944821,195297159.0000,3,0.754786,1,-4.267700,0
2015-08-21,sz.002470,21.0900,21.2600,19.2500,19.3000,21.3100,16211901,326006784.0000,3,1.368001,1,-9.432200,0
2015-08-24,sz.002470,18.4000,18.4600,17.3700,17.3700,19.3000,19910529,348118720.0000,3,1.680100,1,-10.000000,0
2015-08-25,sz.002470,16.0000,16.6300,15.6300,15.6300,17.3700,27797047,440579264.0000,3,2.345584,1,-10.017300,0
2015-08-26,sz.002470,16.1000,16.5900,15.1000,16.0100,15.6300,17674072,282362768.0000,3,1.491382,1,2.431200,0
2015-08-27,sz.002470,16.3000,16.8200,16.1700,16.8100,16.0100,11194345,185244275.0000,3,0.944607,1,4.996900,0
2015-08-28,sz.002470,17.2000,18.2200,17.1500,18.0000,16.8100,13123134,231901257.0000,3,1.107363,1,7.079100,0
2015-08-31,sz.002470,18.1000,18.1000,16.7000,17.8900,18.0000,12630531,220119251.0000,3,1.065796,1,-0.611100,0
2015-09-01,sz.002470,17.4100,18.1800,16.4500,18.1700,17.8900,14876244,261551564.0000,3,1.255294,1,1.565100,0
2015-09-02,sz.002470,17.2600,19.0500,16.8700,18.7800,18.1700,24342909,449512944.0000,3,2.054115,1,3.357200,0
2015-09-07,sz.002470,18.3000,19.3500,17.0100,17.4600,18.7800,20547880,372062736.0000,3,1.733881,1,-7.028800,0
2015-09-08,sz.002470,17.0000,17.8500,16.0000,17.7000,17.4600,10217272,174043905.0000,3,0.862159,1,1.374600,0
2015-09-09,sz.002470,17.6800,18.5500,17.5000,18.4900,17.7000,12713213,231301314.0000,3,1.072773,1,4.463300,0
2015-09-10,sz.002470,18.0800,18.4900,17.9000,18.0000,18.4900,5532198,100841754.0000,3,0.466821,1,-2.650100,0
2015-09-11,sz.002470,18.0000,18.2000,17.5800,17.8500,18.0000,4447780,79518675.0000,3,0.375315,1,-0.833300,0
2015-09-14,sz.002470,18.0300,18.0300,16.7200,17.1900,17.8500,10765621,185161135.0000,3,0.908430,1,-3.697500,0
2015-09-15,sz.002470,16.8400,17.1200,16.1500,16.3000,17.1900,4829073,79815976.0000,3,0.407489,1,-5.177400,0
2015-09-16,sz.002470,16.3000,17.7900,16.1300,17.5100,16.3000,6305142,106369022.0000,3,0.532044,1,7.423300,0
2015-09-17,sz.002470,17.5000,17.7900,16.9300,16.9300,17.5100,6474194,112917766.0000,3,0.546309,1,-3.312400,0
2015-09-18,sz.002470,16.9500,17.4900,16.9500,17.0600,16.9300,4007438,68910566.0000,3,0.338158,1,0.767900,0
2015-09-21,sz.002470,16.9000,17.8000,16.8000,17.5800,17.0600,6921669,121322830.0000,3,0.584068,1,3.048100,0
2015-09-22,sz.002470,17.6500,17.9300,17.4200,17.5100,17.5800,4547726,80188534.0000,3,0.383748,1,-0.398200,0
2015-09-23,sz.002470,17.1100,17.4100,17.0200,17.2000,17.5100,3807688,65544537.0000,3,0.321302,1,-1.770400,0
2015-09-24,sz.002470,17.1600,17.8900,17.0900,17.7700,17.2000,6860401,120658791.0000,3,0.578898,1,3.314000,0
2015-09-25,sz.002470,17.5800,17.7500,16.8500,17.1100,17.7700,5306381,91945754.0000,3,0.447766,1,-3.714100,0
2015-09-28,sz.002470,17.1200,17.7000,17.0800,17.4200,17.1100,5084634,88662426.0000,3,0.429054,1,1.811800,0
2015-09-29,sz.002470,17.3300,17.7500,16.8400,17.5500,17.4200,5396650,93612668.0000,3,0.455383,1,0.746300,0
2015-09-30,sz.002470,17.5000,17.9200,17.4300,17.7900,17.5500,5330356,94651792.0000,3,0.449789,1,1.367500,0
2015-10-08,sz.002470,18.3100,18.8500,17.6100,18.1300,17.7900,14678746,269064928.0000,3,1.238629,1,1.911200,0
2015-10-09,sz.002470,18.1200,19.2000,17.8600,18.8300,18.1300,10426857,194271814.0000,3,0.879844,1,3.861000,0
2015-10-12,sz.002470,19.2500,20.7100,19.2500,20.3900,18.8300,17093320,343442976.0000,3,1.442377,1,8.284600,0
2015-10-13,sz.002470,20.3800,21.0200,19.9800,20.5500,20.3900,10240063,211298129.0000,3,0.864082,1,0.784700,0
2015-10-14,sz.002470,21.1000,21.4100,20.1600,20.3000,20.5500,13132791,272653376.0000,3,1.108178,1,-1.216500,0
2015-10-15,sz.002470,20.2100,20.8300,19.6100,20.7100,20.3000,19430744,392607888.0000,3,1.639615,1,2.019700,0
2015-10-16,sz.002470,20.7100,20.9600,20.2500,20.7500,20.7100,11316865,233404075.0000,3,0.954945,1,0.193100,0
2015-10-19,sz.002470,20.8000,20.8000,19.8800,20.1400,20.7500,15369012,310340208.0000,3,1.296875,1,-2.939800,0
2015-10-20,sz.002470,20.4500,21.3700,20.3000,21.3000,20.1400,19221183,399093200.0000,3,1.621931,1,5.759700,0
2015-10-21,sz.002470,21.3100,21.4000,19.5200,20.0000,21.3000,16722611,344653776.0000,3,1.411096,1,-6.103300,0
2015-10-22,sz.002470,20.1300,20.9700,20.0500,20.9000,20.0000,12634782,259780976.0000,3,1.066154,1,4.500000,0
2015-10-23,sz.002470,20.9700,21.8300,20.5000,21.8000,20.9000,19188341,406066320.0000,3,1.619160,1,4.306200,0
2015-10-26,sz.002470,22.2800,22.9900,21.5000,22.3900,21.8000,26137757,581705632.0000,3,2.205569,1,2.706400,0
2015-10-27,sz.002470,22.0000,22.1000,21.2100,21.9000,22.3900,14258961,310005040.0000,3,1.203207,1,-2.188500,0
2015-10-28,sz.002470,21.7000,22.2200,21.0100,21.2100,21.9000,13161324,286466800.0000,3,1.110585,1,-3.150700,0
2015-10-29,sz.002470,21.2000,21.6000,20.8000,21.1800,21.2100,8117773,172092985.0000,3,0.684998,1,-0.141400,0
2015-10-30,sz.002470,21.2400,21.6200,20.7100,21.0300,21.1800,7308578,154976570.0000,3,0.616716,1,-0.708200,0
2015-11-02,sz.002470,20.7400,22.2700,20.6000,21.3200,21.0300,10644320,230749990.0000,3,0.898194,1,1.379000,0
2015-11-03,sz.002470,21.6000,22.2100,21.4100,21.7200,21.3200,12330858,270389120.0000,3,1.040508,1,1.876200,0
2015-11-04,sz.002470,21.7300,22.3500,21.4800,22.3400,21.7200,16810528,369484592.0000,3,1.418514,1,2.854500,0
2015-11-05,sz.002470,22.4300,22.4300,21.5000,21.7400,22.3400,18681250,409731792.0000,3,1.576370,1,-2.685800,0
2015-11-06,sz.002470,21.6200,22.0000,21.5000,21.8600,21.7400,18396533,399524272.0000,3,1.552345,1,0.552000,0
2015-11-09,sz.002470,21.6300,22.2200,21.5000,21.8500,21.8600,17226562,377103808.0000,3,1.453620,1,-0.045700,0
2015-11-10,sz.002470,22.1100,22.5500,21.8300,21.8800,21.8500,20783043,460369920.0000,3,1.753725,1,0.137300,0
2015-11-11,sz.002470,21.7000,21.7000,21.0200,21.3700,21.8800,24560334,523504848.0000,3,2.072462,1,-2.330900,0
2015-11-12,sz.002470,21.3700,21.4500,20.9200,21.1300,21.3700,13796095,291172448.0000,3,1.164149,1,-1.123100,0
2015-11-13,sz.002470,20.9000,21.3500,20.6800,21.2500,21.1300,11959216,251572134.0000,3,1.009148,1,0.567900,0
2015-11-16,sz.002470,20.9000,21.2400,20.7500,21.1500,21.2500,8042847,168854521.0000,3,0.678675,1,-0.470600,0
2015-11-17,sz.002470,21.3000,22.5000,21.2500,22.5000,21.1500,39884415,874724176.0000,3,3.365546,1,6.383000,0
2015-11-18,sz.002470,22.4000,22.4400,21.5500,21.8000,22.5000,20963998,460335408.0000,3,1.768994,1,-3.111100,0
2015-11-19,sz.002470,21.6600,22.0300,21.5500,21.9400,21.8000,14084273,306785904.0000,3,1.188466,1,0.642200,0
2015-11-20,sz.002470,21.9400,21.9400,21.3000,21.4200,21.9400,18288695,394354544.0000,3,1.543246,1,-2.370100,0
2015-11-23,sz.002470,21.2800,21.7400,20.8900,21.3300,21.4200,11568982,246248363.0000,3,0.976219,1,-0.420200,0
2015-11-24,sz.002470,21.2000,21.2000,20.6700,20.8200,21.3300,19736129,410563152.0000,3,1.464185,1,-2.391000,0
2015-11-25,sz.002470,20.9600,21.1800,20.8000,21.1300,20.8200,15068558,316626752.0000,3,1.117907,1,1.489000,0
2015-11-26,sz.002470,21.2700,21.5000,20.6000,20.7000,21.1300,19956552,417993184.0000,3,1.480538,1,-2.035000,0
2015-11-27,sz.002470,20.5100,20.6900,19.2300,19.3000,20.7000,15269270,307107376.0000,3,1.132797,1,-6.763300,0
2015-11-30,sz.002470,19.3100,19.4900,17.8000,18.7000,19.3000,18557568,347211520.0000,3,1.376750,1,-3.108800,0
2015-12-01,sz.002470,18.7900,19.0200,18.4000,18.8800,18.7000,13644311,255411619.0000,3,1.012245,1,0.962600,0
2015-12-02,sz.002470,19.0100,19.4700,18.8000,19.3900,18.8800,13265508,254508901.0000,3,0.984142,1,2.701300,0
2015-12-03,sz.002470,19.3600,19.7000,19.1400,19.6900,19.3900,10944639,213591693.0000,3,0.811962,1,1.547200,0
2015-12-04,sz.002470,19.6000,20.2100,19.3000,19.9500,19.6900,14449281,285921376.0000,3,1.071964,1,1.320500,0
2015-12-07,sz.002470,19.7600,20.0400,19.5200,19.8600,19.9500,10639233,210595661.0000,3,0.789304,1,-0.451100,0
2015-12-08,sz.002470,19.7300,19.7400,18.9000,18.9500,19.8600,9609190,184900731.0000,3,0.712887,1,-4.582100,0
2015-12-09,sz.002470,18.8000,19.5000,18.7100,19.3400,18.9500,8993116,172245214.0000,3,0.667182,1,2.058000,0
2015-12-10,sz.002470,19.2000,19.4900,19.1000,19.1500,19.3400,5606139,108335018.0000,3,0.415909,1,-0.982400,0
2015-12-11,sz.002470,19.1900,19.4500,18.8800,19.3200,19.1500,7726442,148488576.0000,3,0.573210,1,0.887700,0
2015-12-14,sz.002470,19.0800,19.6800,18.9200,19.6400,19.3200,10986645,211640538.0000,3,0.815078,1,1.656300,0
2015-12-15,sz.002470,19.6300,19.9800,19.5500,19.7500,19.6400,7126682,141187101.0000,3,0.528715,1,0.560100,0
2015-12-16,sz.002470,19.7800,19.9700,19.6700,19.8200,19.7500,6120612,121203346.0000,3,0.454076,1,0.354400,0
2015-12-17,sz.002470,19.9400,20.8000,19.9400,20.6100,19.8200,15290941,313363728.0000,3,1.134405,1,3.985900,0
2015-12-18,sz.002470,20.6700,20.6700,20.1500,20.4600,20.6100,10066979,205409820.0000,3,0.746850,1,-0.727800,0
2015-12-21,sz.002470,20.3200,21.1400,20.3200,21.0200,20.4600,15849844,331961120.0000,3,1.175869,1,2.737100,0
2015-12-22,sz.002470,21.1000,21.4300,20.8500,21.2900,21.0200,10442505,220660656.0000,3,0.774709,1,1.284500,0
2015-12-23,sz.002470,21.3900,21.5600,20.6600,20.7000,21.2900,14654606,307360720.0000,3,1.087197,1,-2.771300,0
2015-12-24,sz.002470,20.7000,20.7900,20.2000,20.7300,20.7000,9139150,187472831.0000,3,0.678016,1,0.144900,0
2015-12-25,sz.002470,20.7600,20.8900,20.5000,20.7200,20.7300,7952869,164894555.0000,3,0.590008,1,-0.048200,0
2015-12-28,sz.002470,20.8100,20.8600,20.0000,20.0000,20.7200,8820241,180125832.0000,3,0.654357,1,-3.474900,0
2015-12-29,sz.002470,19.9900,20.2500,19.9100,20.1300,20.0000,5155147,103271411.0000,3,0.382450,1,0.650000,0
2015-12-30,sz.002470,20.1800,20.2900,20.0100,20.2600,20.1300,4735753,95529614.0000,3,0.351336,1,0.645800,0
2015-12-31,sz.002470,20.2800,20.6000,20.2600,20.3400,20.2600,8384716,171568136.0000,3,0.620011,1,0.394900,0
2016-01-04,sz.002470,20.3400,20.3400,18.3100,18.3200,20.3400,7763690,149506941.0000,3,0.574089,1,-9.931200,0
2016-01-05,sz.002470,18.0000,19.0800,17.8000,18.9100,18.3200,12118665,225066898.0000,3,0.896119,1,3.220500,0
2016-01-06,sz.002470,18.9100,19.3700,18.9000,19.2900,18.9100,6661773,127436023.0000,3,0.492607,1,2.009500,0
2016-01-07,sz.002470,18.8900,19.0900,17.5000,17.7600,19.2900,1769267,32339874.0000,3,0.130829,1,-7.931600,0
2016-01-08,sz.002470,18.2800,18.9500,17.5100,18.4000,17.7600,8424576,154331870.0000,3,0.622959,1,3.603600,0
2016-01-11,sz.002470,18.0000,18.1400,16.5600,16.6600,18.4000,9637836,168451532.0000,3,0.712674,1,-9.456500,0
2016-01-12,sz.002470,16.8500,17.2500,16.3400,17.0500,16.6600,6757118,114434124.0000,3,0.499658,1,2.340900,0
2016-01-13,sz.002470,17.2200,17.3400,16.5000,16.5000,17.0500,4044828,68496706.0000,3,0.299096,1,-3.225800,0
2016-01-14,sz.002470,16.2000,16.9200,15.9800,16.8200,16.5000,6959859,114755992.0000,3,0.514649,1,1.939400,0
2016-01-15,sz.002470,16.7700,17.4900,16.6800,17.1000,16.8200,10740628,183049144.0000,3,0.794220,1,1.664700,0
2016-01-18,sz.002470,16.6900,17.5100,16.6900,17.2200,17.1000,7879786,135480561.0000,3,0.582674,1,0.701700,0
2016-01-19,sz.002470,17.7500,18.1800,17.1500,17.9500,17.2200,11151415,198163422.0000,3,0.824596,1,4.239300,0
2016-01-20,sz.002470,17.8000,18.4300,17.6300,17.9200,17.9500,9839044,177432096.0000,3,0.727552,1,-0.167100,0
2016-01-21,sz.002470,17.7700,17.9500,16.8800,16.9000,17.9200,8796066,154156141.0000,3,0.650429,1,-5.692000,0
2016-01-22,sz.002470,17.0300,17.2000,16.5000,16.8100,16.9000,8058791,135587908.0000,3,0.595910,1,-0.532500,0
2016-01-25,sz.002470,17.0900,17.3200,16.4500,16.6100,16.8100,7427907,124573261.0000,3,0.549259,1,-1.189800,0
2016-01-26,sz.002470,16.3800,16.4700,15.1300,15.2400,16.6100,9627949,153322229.0000,3,0.711942,1,-8.248000,0
2016-01-27,sz.002470,15.2800,15.3200,13.9900,14.8000,15.2400,11880470,173068923.0000,3,0.878506,1,-2.887100,0
2016-01-28,sz.002470,14.9000,15.1300,14.2000,14.3200,14.8000,9456275,139631483.0000,3,0.699248,1,-3.243200,0
2016-01-29,sz.002470,14.5000,15.2000,14.3200,14.9300,14.3200,12112722,180000855.0000,3,0.895680,1,4.259800,0
2016-02-01,sz.002470,14.9500,15.2600,14.9300,15.1200,14.9300,7494897,113247643.0000,3,0.554213,1,1.272600,0
2016-02-02,sz.002470,14.9000,15.5600,14.9000,15.4800,15.1200,12329242,189424392.0000,3,0.911691,1,2.381000,0
2016-02-03,sz.002470,15.2600,15.3600,14.9600,15.2100,15.4800,7605060,115193285.0000,3,0.562359,1,-1.744200,0
2016-02-04,sz.002470,15.3600,15.7800,15.3300,15.5300,15.2100,9120745,142057658.0000,3,0.674437,1,2.103900,0
2016-02-05,sz.002470,15.7000,16.4100,15.6000,16.2800,15.5300,9836177,158597190.0000,3,0.727340,1,4.829400,0
2016-02-15,sz.002470,15.7800,16.0500,15.6000,15.9400,16.2800,7569522,120132579.0000,3,0.559731,1,-2.088500,0
2016-02-16,sz.002470,15.9800,16.4800,15.9800,16.3700,15.9400,6393612,104205248.0000,3,0.472778,1,2.697600,0
2016-02-17,sz.002470,16.3600,16.4500,16.1900,16.3700,16.3700,4959897,81005007.0000,3,0.366762,1,0.000000,0
2016-02-18,sz.002470,16.5300,16.5800,16.2200,16.3400,16.3700,6153349,100845961.0000,3,0.455012,1,-0.183300,0
2016-02-19,sz.002470,16.2900,16.3600,15.9600,16.1000,16.3400,5689063,91863364.0000,3,0.420680,1,-1.468800,0
2016-02-22,sz.002470,16.3500,16.4500,16.1600,16.3600,16.1000,7193603,117542263.0000,3,0.531934,1,1.614900,0
2016-02-23,sz.002470,16.4200,16.6000,16.0000,16.4300,16.3600,7460069,122007043.0000,3,0.551638,1,0.427900,0
2016-02-24,sz.002470,16.2900,16.3200,15.5000,15.8900,16.4300,10651195,169620667.0000,3,0.787607,1,-3.286700,0
2016-02-25,sz.002470,15.9200,15.9500,14.3100,14.4000,15.8900,11882312,180662562.0000,3,0.878642,1,-9.377000,0
2016-02-26,sz.002470,14.5000,14.8800,14.4200,14.6700,14.4000,7052394,103397438.0000,3,0.521492,1,1.875000,0
2016-02-29,sz.002470,14.6700,14.6900,13.6400,13.8800,14.6700,7913532,110306669.0000,3,0.585169,1,-5.385100,0
2016-03-01,sz.002470,13.9500,14.3500,13.7000,14.1400,13.8800,8027606,112526934.0000,3,0.593604,1,1.873200,0
2016-03-02,sz.002470,14.2700,14.7800,14.1500,14.7700,14.1400,9203351,133134254.0000,3,0.680545,1,4.455400,0
2016-03-03,sz.002470,14.7800,15.2300,14.7000,14.9600,14.7700,10186098,152938664.0000,3,0.753215,1,1.286400,0
2016-03-04,sz.002470,14.9800,15.1000,14.2000,14.4500,14.9600,8087130,118221340.0000,3,0.598006,1,-3.409100,0
2016-03-07,sz.002470,14.6800,14.9500,14.6000,14.7000,14.4500,4380602,64621201.0000,3,0.323925,1,1.730100,0
2016-03-08,sz.002470,14.7600,14.8000,14.1800,14.6900,14.7000,6165662,88883038.0000,3,0.455922,1,-0.068000,0
2016-03-09,sz.002470,14.4000,14.6000,14.1800,14.4000,14.6900,3833622,55236618.0000,3,0.283479,1,-1.974100,0
2016-03-10,sz.002470,14.4000,14.7000,14.2700,14.4500,14.4000,4765044,69269240.0000,3,0.352353,1,0.347200,0
2016-03-11,sz.002470,14.3800,14.9000,14.3100,14.7600,14.4500,5847434,85744607.0000,3,0.432391,1,2.145300,0
2016-03-14,sz.002470,14.9600,15.2600,14.8000,15.0700,14.7600,7760976,117281129.0000,3,0.573888,1,2.100300,0
2016-03-15,sz.002470,15.1100,15.2500,14.8300,14.9300,15.0700,4227684,63474867.0000,3,0.312618,1,-0.929000,0
2016-03-16,sz.002470,14.9700,15.0900,14.6500,14.8900,14.9300,4353154,64743901.0000,3,0.321896,1,-0.267900,0
2016-03-17,sz.002470,14.9700,15.2000,14.8800,15.1900,14.8900,7902057,119479480.0000,3,0.584321,1,2.014800,0
2016-03-18,sz.002470,15.2100,15.7300,15.2100,15.5100,15.1900,10030970,155456749.0000,3,0.741744,1,2.106700,0
2016-03-21,sz.002470,15.8000,16.0000,15.5000,15.7000,15.5100,13278526,208444358.0000,3,0.981886,1,1.225000,0
2016-03-22,sz.002470,15.5900,15.6700,15.4800,15.5500,15.7000,7592694,118416209.0000,3,0.561445,1,-0.955400,0
2016-03-23,sz.002470,15.5000,15.6300,15.3000,15.5700,15.5500,7776426,120429693.0000,3,0.575031,1,0.128600,0
2016-03-24,sz.002470,15.5600,15.5600,15.2000,15.3200,15.5700,9852386,150981035.0000,3,0.728538,1,-1.605700,0
2016-03-25,sz.002470,15.3600,15.6900,15.3300,15.5900,15.3200,8050840,125139713.0000,3,0.594458,1,1.762400,0
2016-03-28,sz.002470,15.5900,15.5900,15.5900,15.5900,15.5900,0,0.0000,3,,0,0.000000,0
2016-03-29,sz.002470,15.5900,15.5900,15.5900,15.5900,15.5900,0,0.0000,3,,0,0.000000,0
2016-03-30,sz.002470,15.5900,15.5900,15.5900,15.5900,15.5900,0,0.0000,3,,0,0.000000,0
2016-03-31,sz.002470,15.5900,15.5900,15.5900,15.5900,15.5900,0,0.0000,3,,0,0.000000,0
2016-04-01,sz.002470,15.5900,15.5900,15.5900,15.5900,15.5900,0,0.0000,3,,0,0.000000,0
2016-04-05,sz.002470,15.5900,15.5900,15.5900,15.5900,15.5900,0,0.0000,3,,0,0.000000,0
2016-04-06,sz.002470,15.5900,15.5900,15.5900,15.5900,15.5900,0,0.0000,3,,0,0.000000,0
2016-04-07,sz.002470,15.5900,15.5900,15.5900,15.5900,15.5900,0,0.0000,3,,0,0.000000,0
2016-04-08,sz.002470,17.1400,17.1500,16.0500,16.2000,15.5900,37995291,629596880.0000,3,2.805497,1,3.912800,0
2016-04-11,sz.002470,16.5800,16.7300,16.2100,16.5000,16.2000,20755039,343139472.0000,3,1.532511,1,1.851800,0
2016-04-12,sz.002470,16.3500,16.4500,15.9000,16.1600,16.5000,18891132,303880464.0000,3,1.394884,1,-2.060600,0
2016-04-13,sz.002470,16.1800,16.5400,16.1700,16.3500,16.1600,13416687,220263765.0000,3,0.990661,1,1.175700,0
2016-04-14,sz.002470,16.5000,16.5400,16.2800,16.4200,16.3500,10734883,176113162.0000,3,0.792642,1,0.428100,0
2016-04-15,sz.002470,16.4000,16.7400,16.3700,16.5500,16.4200,10723250,177673185.0000,3,0.791783,1,0.791700,0
2016-04-18,sz.002470,16.5400,16.5400,16.1000,16.2300,16.5500,7592448,123119377.0000,3,0.560611,1,-1.933500,0
2016-04-19,sz.002470,16.2800,16.3500,16.0100,16.2400,16.2300,8039208,129706280.0000,3,0.593599,1,0.061600,0
2016-04-20,sz.002470,16.2800,16.3100,15.3600,15.5500,16.2400,13103818,206543406.0000,3,0.967560,1,-4.248800,0
2016-04-21,sz.002470,15.4100,15.6900,15.2900,15.3700,15.5500,9774649,151467293.0000,3,0.721741,1,-1.157600,0
2016-04-22,sz.002470,15.1600,15.5800,15.1500,15.5700,15.3700,6056080,93278463.0000,3,0.447169,1,1.301200,0
2016-04-25,sz.002470,15.5000,15.7000,15.3300,15.5900,15.5700,5439354,84421001.0000,3,0.401631,1,0.128500,0
2016-04-26,sz.002470,15.5900,15.7000,15.4700,15.6200,15.5900,5178115,80655063.0000,3,0.382342,1,0.192400,0
2016-04-27,sz.002470,15.6800,16.2400,15.6100,16.0000,15.6200,11699947,187169152.0000,3,0.863901,1,2.432800,0
2016-04-28,sz.002470,16.0000,16.1000,15.7300,16.0700,16.0000,7101109,112919209.0000,3,0.524332,1,0.437500,0
2016-04-29,sz.002470,15.9600,16.2000,15.8000,15.9200,16.0700,7339250,117716202.0000,3,0.541916,1,-0.933400,0
2016-05-03,sz.002470,15.8000,16.4600,15.8000,16.4400,15.9200,11299970,183161374.0000,3,0.834367,1,3.266300,0
2016-05-04,sz.002470,16.3600,16.4500,16.2100,16.2800,16.4400,7547054,123087174.0000,3,0.557259,1,-0.973200,0
2016-05-05,sz.002470,16.2800,16.3500,16.2000,16.3300,16.2800,5182684,84373772.0000,3,0.382711,1,0.307100,0
2016-05-06,sz.002470,16.7400,16.8700,16.1500,16.3200,16.3300,17704763,292452464.0000,3,1.307393,1,-0.061200,0
2016-05-09,sz.002470,16.1500,16.1700,15.6000,15.6500,16.3200,11769632,185662713.0000,3,0.869118,1,-4.105400,0
2016-05-10,sz.002470,15.7000,15.7500,15.3000,15.5800,15.6500,8106509,125713412.0000,3,0.598618,1,-0.447300,0
2016-05-11,sz.002470,15.6500,16.1500,15.4000,15.9200,15.5800,11766790,186743432.0000,3,0.868908,1,2.182300,0
2016-05-12,sz.002470,7.7600,7.9700,7.6000,7.7700,7.9100,13272712,103827400.0000,3,0.490056,1,-1.769900,0
2016-05-13,sz.002470,7.8000,8.0800,7.7700,7.8500,7.7700,14928427,118426968.0000,3,0.551188,1,1.029600,0
2016-05-16,sz.002470,7.7700,7.8400,7.5900,7.7900,7.8500,13724979,106088269.0000,3,0.506755,1,-0.764300,0
2016-05-17,sz.002470,7.8100,7.9500,7.7600,7.8500,7.7900,12450973,97601028.0000,3,0.459716,1,0.770200,0
2016-05-18,sz.002470,7.7900,7.8300,7.5200,7.5700,7.8500,12126010,92645305.0000,3,0.447717,1,-3.566900,0
2016-05-19,sz.002470,7.5600,7.6500,7.5200,7.5300,7.5700,8798081,66744133.0000,3,0.324843,1,-0.528400,0
2016-05-20,sz.002470,7.5000,7.5500,7.4100,7.5400,7.5300,6510161,48755782.0000,3,0.240369,1,0.132800,0
2016-05-23,sz.002470,7.5200,7.6100,7.5200,7.5600,7.5400,9151585,69231684.0000,3,0.337895,1,0.265300,0
2016-05-24,sz.002470,7.5700,7.6000,7.3900,7.4200,7.5600,8301648,62251451.0000,3,0.306514,1,-1.851900,0
2016-05-25,sz.002470,7.4700,7.5500,7.3600,7.4000,7.4200,9512795,70783912.0000,3,0.351232,1,-0.269500,0
2016-05-26,sz.002470,7.3800,7.4500,7.2100,7.3500,7.4000,10517481,76852708.0000,3,0.388327,1,-0.675700,0
2016-05-27,sz.002470,7.3400,7.3500,7.2500,7.2900,7.3500,7674545,55994970.0000,3,0.283360,1,-0.816300,0
2016-05-30,sz.002470,7.2200,7.4200,7.2000,7.4100,7.2900,8690546,63702189.0000,3,0.320873,1,1.646100,0
2016-05-31,sz.002470,7.4500,7.6300,7.4500,7.6200,7.4100,16452469,124686155.0000,3,0.607459,1,2.834000,0
2016-06-01,sz.002470,7.6700,7.6700,7.5200,7.5600,7.6200,13328789,100984807.0000,3,0.492126,1,-0.787400,0
2016-06-02,sz.002470,7.5400,7.5700,7.4500,7.5200,7.5600,8840517,66416851.0000,3,0.326410,1,-0.529100,0
2016-06-03,sz.002470,7.5500,8.0300,7.5200,8.0000,7.5200,39063229,304641984.0000,3,1.442295,1,6.383000,0
2016-06-06,sz.002470,7.9300,8.2800,7.9100,8.1600,8.0000,37540600,306895808.0000,3,1.386077,1,2.000000,0
2016-06-07,sz.002470,8.1500,8.3800,8.0100,8.1000,8.1600,25855175,211976080.0000,3,0.954627,1,-0.735300,0
2016-06-08,sz.002470,8.1300,8.2100,7.9900,8.0500,8.1000,17351126,139685140.0000,3,0.640639,1,-0.617300,0
2016-06-13,sz.002470,7.9400,7.9500,7.6300,7.6300,8.0500,19807046,154970798.0000,3,0.731317,1,-5.217400,0
2016-06-14,sz.002470,7.5300,7.6700,7.2900,7.4500,7.6300,25440894,190341770.0000,3,0.939330,1,-2.359100,0
2016-06-15,sz.002470,7.2900,7.7000,7.2800,7.6100,7.4500,19489977,147454124.0000,3,0.719610,1,2.147700,0
2016-06-16,sz.002470,7.5900,7.7400,7.5000,7.5200,7.6100,15901614,120985665.0000,3,0.587121,1,-1.182700,0
2016-06-17,sz.002470,7.5800,7.9200,7.5400,7.8000,7.5200,18196932,141174405.0000,3,0.671868,1,3.723400,0
2016-06-20,sz.002470,7.7800,8.1800,7.7100,8.0600,7.8000,26671319,213930287.0000,3,0.984760,1,3.333300,0
2016-06-21,sz.002470,8.1100,8.3400,7.9800,8.0100,8.0600,26101732,212787873.0000,3,0.963730,1,-0.620300,0
2016-06-22,sz.002470,8.0100,8.1200,7.8800,8.1000,8.0100,14893881,119416442.0000,3,0.549913,1,1.123600,0
2016-06-23,sz.002470,8.1500,8.1800,7.9900,8.0600,8.1000,13603651,109701364.0000,3,0.502275,1,-0.493800,0
2016-06-24,sz.002470,8.0900,8.1500,7.7700,7.9600,8.0600,14736070,117947837.0000,3,0.544086,1,-1.240700,0
2016-06-27,sz.002470,7.8900,8.1000,7.8500,8.0900,7.9600,16647251,133385498.0000,3,0.614651,1,1.633200,0
2016-06-28,sz.002470,8.0800,8.0800,7.8900,8.0600,8.0900,17834164,142777525.0000,3,0.658474,1,-0.370800,0
2016-06-29,sz.002470,8.0900,8.2300,8.0100,8.1500,8.0600,21383687,173732200.0000,3,0.789530,1,1.116600,0
2016-06-30,sz.002470,8.1500,8.1500,8.0000,8.0500,8.1500,13521485,109077906.0000,3,0.499124,1,-1.227000,0
2016-07-01,sz.002470,8.0900,8.1100,8.0100,8.0300,8.0500,12800038,103040498.0000,3,0.472493,1,-0.248500,0
2016-07-04,sz.002470,8.0200,8.2100,7.9100,8.1900,8.0300,22028247,179473154.0000,3,0.813137,1,1.992500,0
2016-07-05,sz.002470,8.2000,8.2900,8.1200,8.2800,8.1900,29340001,241346902.0000,3,1.083039,1,1.098900,0
2016-07-06,sz.002470,8.2100,8.2600,8.1500,8.2000,8.2800,11057815,90625032.0000,3,0.408181,1,-0.966200,0
2016-07-07,sz.002470,8.1800,8.2400,8.0800,8.1500,8.2000,13309625,108540163.0000,3,0.491303,1,-0.609800,0
2016-07-08,sz.002470,8.1500,8.1800,8.0800,8.1500,8.1500,9522888,77460880.0000,3,0.351522,1,0.000000,0
2016-07-11,sz.002470,8.1800,8.1900,8.0700,8.0900,8.1500,11053200,89958588.0000,3,0.408011,1,-0.736200,0
2016-07-12,sz.002470,8.0600,8.2700,8.0400,8.2500,8.0900,19182796,156765366.0000,3,0.708102,1,1.977700,0
2016-07-13,sz.002470,8.3000,8.7500,8.3000,8.6800,8.2500,67557517,584260384.0000,3,2.493776,1,5.212100,0
2016-07-14,sz.002470,8.6100,8.6500,8.4600,8.5700,8.6800,22429153,191174347.0000,3,0.827936,1,-1.267300,0
2016-07-15,sz.002470,8.5000,8.8100,8.5000,8.7200,8.5700,30270214,262727142.0000,3,1.117376,1,1.750300,0
2016-07-18,sz.002470,8.7200,8.8500,8.5900,8.6400,8.7200,21711897,188230062.0000,3,0.801460,1,-0.917400,0
2016-07-19,sz.002470,8.6100,8.6700,8.3800,8.4900,8.6400,18127797,153890275.0000,3,0.669158,1,-1.736100,0
2016-07-20,sz.002470,8.5000,8.5500,8.4500,8.5100,8.4900,11821440,100504611.0000,3,0.436369,1,0.235600,0
2016-07-21,sz.002470,8.4900,8.6500,8.4900,8.5400,8.5100,13585536,116658709.0000,3,0.501488,1,0.352500,0
2016-07-22,sz.002470,8.5800,8.5900,8.3500,8.3600,8.5400,13363728,112595541.0000,3,0.493300,1,-2.107700,0
2016-07-25,sz.002470,8.2800,8.5400,8.2500,8.4600,8.3600,13763501,116170918.0000,3,0.508057,1,1.196200,0
2016-07-26,sz.002470,8.4200,8.6500,8.4100,8.6500,8.4600,12753718,109175158.0000,3,0.470783,1,2.245900,0
2016-07-27,sz.002470,8.6800,8.7100,8.2000,8.3000,8.6500,18513946,156038616.0000,3,0.683412,1,-4.046200,0
2016-07-28,sz.002470,8.3100,8.5700,8.2800,8.4700,8.3000,13528045,114014202.0000,3,0.499366,1,2.048200,0
2016-07-29,sz.002470,8.3900,8.6500,8.3800,8.6000,8.4700,13902669,119381176.0000,3,0.513195,1,1.534800,0
2016-08-01,sz.002470,8.6100,8.6300,8.3300,8.5700,8.6000,12833146,108460469.0000,3,0.473715,1,-0.348800,0
2016-08-02,sz.002470,8.6200,8.6800,8.5000,8.6400,8.5700,11089961,95383419.0000,3,0.409368,1,0.816800,0
2016-08-03,sz.002470,8.5700,8.6000,8.4700,8.5800,8.6400,8841602,75474419.0000,3,0.326373,1,-0.694400,0
2016-08-04,sz.002470,8.5700,8.5900,8.2800,8.3800,8.5800,23191591,194098017.0000,3,0.856080,1,-2.331000,0
2016-08-05,sz.002470,8.3900,8.3900,8.1900,8.2400,8.3800,18359090,151594225.0000,3,0.677696,1,-1.670600,0
2016-08-08,sz.002470,8.2400,8.2700,8.1100,8.2600,8.2400,17011094,139143702.0000,3,0.627937,1,0.242700,0
2016-08-09,sz.002470,8.2600,8.3400,8.2200,8.2800,8.2600,16344460,135329920.0000,3,0.603329,1,0.242100,0
2016-08-10,sz.002470,8.3000,8.3100,8.1800,8.2200,8.2800,12655818,104251599.0000,3,0.467169,1,-0.724600,0
2016-08-11,sz.002470,8.2100,8.2200,8.0900,8.1500,8.2200,13177845,107451881.0000,3,0.486439,1,-0.851600,0
2016-08-12,sz.002470,8.1400,8.3000,8.1000,8.2800,8.1500,13542367,110772469.0000,3,0.499895,1,1.595100,0
2016-08-15,sz.002470,8.2400,8.5200,8.2400,8.4500,8.2800,23101857,194077382.0000,3,0.852768,1,2.053100,0
2016-08-16,sz.002470,8.5000,8.5800,8.4300,8.5100,8.4500,19614733,166719353.0000,3,0.723908,1,0.710100,0
2016-08-17,sz.002470,8.6000,8.7000,8.5300,8.5800,8.5100,30485118,262510114.0000,3,1.125094,1,0.822600,0
2016-08-18,sz.002470,8.6000,8.6200,8.4900,8.5100,8.5800,21865811,186443131.0000,3,0.806987,1,-0.815800,0
2016-08-19,sz.002470,8.5100,8.5600,8.4400,8.5400,8.5100,13258165,112869115.0000,3,0.489310,1,0.352500,0
2016-08-22,sz.002470,8.5200,8.5800,8.4400,8.4600,8.5400,11995170,101813964.0000,3,0.442698,1,-0.936800,0
2016-08-23,sz.002470,8.4600,8.5500,8.4500,8.4800,8.4600,9145872,77797517.0000,3,0.337540,1,0.236400,0
2016-08-24,sz.002470,8.5000,8.6600,8.4800,8.5300,8.4800,17099526,146760109.0000,3,0.631078,1,0.589600,0
2016-08-25,sz.002470,8.4500,8.4700,8.2500,8.3700,8.5300,19929444,166232666.0000,3,0.735520,1,-1.875700,0
2016-08-26,sz.002470,8.3900,8.4400,8.3200,8.3600,8.3700,9575256,80257239.0000,3,0.353385,1,-0.119500,0
2016-08-29,sz.002470,8.4000,8.4300,8.3500,8.4200,8.3600,13618398,114336920.0000,3,0.502593,1,0.717700,0
2016-08-30,sz.002470,8.4100,8.4700,8.3400,8.3600,8.4200,9448488,79343042.0000,3,0.348701,1,-0.712600,0
2016-08-31,sz.002470,8.3800,8.4300,8.3300,8.3700,8.3600,11210454,93809461.0000,3,0.413714,1,0.119600,0
2016-09-01,sz.002470,8.3800,8.4000,8.3000,8.3100,8.3700,11796496,98376496.0000,3,0.435342,1,-0.716800,0
2016-09-02,sz.002470,8.3100,8.3300,8.2000,8.2500,8.3100,9867277,81532004.0000,3,0.364145,1,-0.722000,0
2016-09-05,sz.002470,8.2700,8.3100,8.2300,8.2600,8.2500,7220742,59764804.0000,3,0.266472,1,0.121215,0
2016-09-06,sz.002470,8.2500,8.3900,8.2100,8.3800,8.2600,10599755,87875949.0000,3,0.391167,1,1.452783,0
2016-09-07,sz.002470,8.3600,8.4200,8.2700,8.3000,8.3800,17007181,142259748.0000,3,0.627621,1,-0.954653,0
2016-09-08,sz.002470,8.3200,8.3300,8.2600,8.3000,8.3000,9017155,74727922.0000,3,0.332761,1,0.000000,0
2016-09-09,sz.002470,8.3000,8.3400,8.2100,8.2100,8.3000,9494325,78592435.0000,3,0.350362,1,-1.084339,0
2016-09-12,sz.002470,8.1300,8.1400,7.9900,8.0400,8.2100,18386307,148362128.0000,3,0.678497,1,-2.070647,0
2016-09-13,sz.002470,8.0700,8.1200,8.0000,8.0300,8.0400,9095572,73172735.0000,3,0.335646,1,-0.124381,0
2016-09-14,sz.002470,8.0500,8.0700,7.9500,7.9800,8.0300,9693203,77628073.0000,3,0.357697,1,-0.622661,0
2016-09-19,sz.002470,7.9900,8.0400,7.9800,8.0400,7.9800,5171392,41491204.0000,3,0.190832,1,0.751879,0
2016-09-20,sz.002470,8.0400,8.0800,8.0100,8.0500,8.0400,7359509,59217610.0000,3,0.271570,1,0.124381,0
2016-09-21,sz.002470,8.0500,8.0700,8.0200,8.0400,8.0500,6519935,52447715.0000,3,0.240582,1,-0.124226,0
2016-09-22,sz.002470,8.0900,8.1000,8.0400,8.0700,8.0400,10919811,88126542.0000,3,0.402923,1,0.373131,0
2016-09-23,sz.002470,8.0600,8.0800,8.0100,8.0200,8.0700,6711635,53949197.0000,3,0.247645,1,-0.619569,0
2016-09-26,sz.002470,8.0000,8.0000,7.7400,7.7400,8.0200,20911662,163733190.0000,3,0.771584,1,-3.491280,0
2016-09-27,sz.002470,7.7300,7.8000,7.7000,7.7800,7.7400,10553103,81776754.0000,3,0.389372,1,0.516802,0
2016-09-28,sz.002470,7.8300,7.8300,7.7100,7.7400,7.7800,7973563,61683121.0000,3,0.294196,1,-0.514144,0
2016-09-29,sz.002470,7.7400,7.8300,7.7200,7.7400,7.7400,9486540,73728196.0000,3,0.350019,1,0.000000,0
2016-09-30,sz.002470,7.7400,7.9500,7.7300,7.8900,7.7400,10095474,79280889.0000,3,0.372487,1,1.937986,0
2016-10-10,sz.002470,7.9000,8.1300,7.9000,8.0700,7.8900,12582805,101559468.0000,3,0.464260,1,2.281367,0
2016-10-11,sz.002470,8.0900,8.1800,8.0600,8.1700,8.0700,14299883,116465766.0000,3,0.527614,1,1.239162,0
2016-10-12,sz.002470,8.1600,8.1600,8.0800,8.1100,8.1700,9167170,74463066.0000,3,0.338236,1,-0.734399,0
2016-10-13,sz.002470,8.1300,8.1300,7.9400,7.9500,8.1100,21175509,169333483.0000,3,0.781300,1,-1.972871,0
2016-10-14,sz.002470,7.9400,8.0000,7.8600,7.9600,7.9500,13710490,108702213.0000,3,0.505868,1,0.125789,0
2016-10-17,sz.002470,7.8200,7.9100,7.6100,7.6200,7.9600,47922028,369579136.0000,3,1.768151,1,-4.271358,0
2016-10-18,sz.002470,7.6200,7.6900,7.5800,7.6900,7.6200,22340446,170615216.0000,3,0.824282,1,0.918637,0
2016-10-19,sz.002470,7.6900,7.7000,7.6000,7.6300,7.6900,21233562,162207747.0000,3,0.783442,1,-0.780233,0
2016-10-20,sz.002470,7.6500,7.6600,7.6000,7.6200,7.6300,14658706,111725205.0000,3,0.540854,1,-0.131065,0
2016-10-21,sz.002470,7.6400,7.7100,7.6000,7.6700,7.6200,19690708,150571587.0000,3,0.726516,1,0.656170,0
2016-10-24,sz.002470,7.6700,7.7400,7.6400,7.7200,7.6700,20715775,159579634.0000,3,0.764338,1,0.651887,0
2016-10-25,sz.002470,7.7100,7.7900,7.6800,7.7600,7.7200,17282816,133632642.0000,3,0.637674,1,0.518140,0
2016-10-26,sz.002470,7.7000,7.7400,7.6300,7.6400,7.7600,22868380,175163367.0000,3,0.843761,1,-1.546396,0
2016-10-27,sz.002470,7.6400,7.6700,7.5900,7.6200,7.6400,16079069,122614156.0000,3,0.593260,1,-0.261780,0
2016-10-28,sz.002470,7.6000,7.6300,7.5200,7.5300,7.6200,21651328,163715620.0000,3,0.798856,1,-1.181098,0
2016-10-31,sz.002470,7.5000,7.5800,7.4800,7.5700,7.5300,12934557,97394362.0000,3,0.477239,1,0.531208,0
2016-11-01,sz.002470,7.5700,7.6500,7.5600,7.6400,7.5700,16059557,122263607.0000,3,0.592540,1,0.924699,0
2016-11-02,sz.002470,7.6200,7.6600,7.5100,7.5500,7.6400,14409970,109399314.0000,3,0.531661,1,-1.178006,0
2016-11-03,sz.002470,7.5200,7.5700,7.4800,7.5500,7.5500,16330113,122941480.0000,3,0.602417,1,0.000000,0
2016-11-04,sz.002470,7.5500,7.5500,7.4800,7.5000,7.5500,11269100,84610054.0000,3,0.415700,1,-0.662254,0
2016-11-07,sz.002470,7.5100,7.5200,7.4400,7.4600,7.5000,14976073,111779877.0000,3,0.552434,1,-0.533333,0
2016-11-08,sz.002470,7.4700,7.5200,7.4600,7.5100,7.4600,11162344,83568884.0000,3,0.411748,1,0.670244,0
2016-11-09,sz.002470,7.5100,7.5100,7.3600,7.3900,7.5100,15691090,116422501.0000,3,0.578766,1,-1.597874,0
2016-11-10,sz.002470,7.4300,7.5100,7.4000,7.4800,7.3900,16534117,123502808.0000,3,0.609824,1,1.217864,0
2016-11-11,sz.002470,7.4700,7.6600,7.4500,7.6400,7.4800,26444233,200593069.0000,3,0.975305,1,2.139035,0
2016-11-14,sz.002470,7.5800,7.6700,7.5800,7.6500,7.6400,18627283,142213385.0000,3,0.686971,1,0.130893,0
2016-11-15,sz.002470,7.6700,7.6800,7.6300,7.6600,7.6500,11743766,89872569.0000,3,0.433057,1,0.130716,0
2016-11-16,sz.002470,7.6800,7.7300,7.6500,7.6800,7.6600,16298303,125505529.0000,3,0.600982,1,0.261096,0
2016-11-17,sz.002470,7.6900,7.6900,7.5900,7.6100,7.6800,9942934,75734391.0000,3,0.366630,1,-0.911454,0
2016-11-18,sz.002470,7.6300,7.6300,7.5100,7.5200,7.6100,11633900,87970637.0000,3,0.428982,1,-1.182656,0
2016-11-21,sz.002470,7.5100,7.5900,7.4800,7.5600,7.5200,9489846,71720181.0000,3,0.349923,1,0.531914,0
2016-11-22,sz.002470,7.5700,7.7300,7.5700,7.7200,7.5600,23145462,177980503.0000,3,0.853452,1,2.116400,0
2016-11-23,sz.002470,7.7200,7.8000,7.7200,7.7300,7.7200,21623262,167838235.0000,3,0.797323,1,0.129537,0
2016-11-24,sz.002470,7.7400,7.9600,7.7200,7.9200,7.7300,44855164,353670304.0000,3,1.653963,1,2.457957,0
2016-11-25,sz.002470,7.9600,7.9800,7.7200,7.8800,7.9200,29188286,229095870.0000,3,1.076272,1,-0.505050,0
2016-11-28,sz.002470,7.9000,7.9800,7.8800,7.9200,7.8800,22225436,176166059.0000,3,0.819528,1,0.507614,0
2016-11-29,sz.002470,7.9200,7.9400,7.7700,7.8000,7.9200,20101885,158082367.0000,3,0.741225,1,-1.515150,0
2016-11-30,sz.002470,7.7800,7.8700,7.7500,7.8300,7.8000,13280535,103635575.0000,3,0.489699,1,0.384612,0
2016-12-01,sz.002470,7.8100,7.8600,7.7600,7.8500,7.8300,10528407,82321905.0000,3,0.388218,1,0.255428,0
2016-12-02,sz.002470,7.8900,7.8900,7.6900,7.7000,7.8500,11672219,90640198.0000,3,0.430395,1,-1.910829,0
2016-12-05,sz.002470,7.6300,7.8000,7.6000,7.7100,7.7000,11163930,86410569.0000,3,0.411652,1,0.129873,0
2016-12-06,sz.002470,7.7400,7.8000,7.7100,7.7500,7.7100,8801091,68314287.0000,3,0.324526,1,0.518806,0
2016-12-07,sz.002470,7.7800,7.7900,7.7200,7.7900,7.7500,7947813,61588712.0000,3,0.293063,1,0.516128,0
2016-12-08,sz.002470,7.8100,7.8600,7.7600,7.7900,7.7900,9625516,75201572.0000,3,0.354926,1,0.000000,0
2016-12-09,sz.002470,7.8100,8.0400,7.7800,7.9800,7.7900,36219424,288129024.0000,3,1.335534,1,2.439025,0
2016-12-12,sz.002470,8.0300,8.0900,7.7600,7.7900,7.9800,32085018,253566766.0000,3,1.183084,1,-2.380953,0
2016-12-13,sz.002470,7.7900,8.1600,7.7600,8.1100,7.7900,49315402,394889344.0000,3,1.818427,1,4.107827,0
2016-12-14,sz.002470,8.0600,8.5700,8.0400,8.4500,8.1100,88442418,738871248.0000,3,3.261174,1,4.192357,0
2016-12-15,sz.002470,8.3300,8.4200,8.2500,8.3600,8.4500,44125600,367248576.0000,3,1.626425,1,-1.065091,0
2016-12-16,sz.002470,8.3400,8.3800,8.2100,8.2900,8.3600,39860895,330715744.0000,3,1.469004,1,-0.837317,0
2016-12-19,sz.002470,8.3200,8.5200,8.3200,8.3700,8.2900,46059330,387662224.0000,3,1.697173,1,0.965017,0
2016-12-20,sz.002470,8.3000,8.3200,8.1400,8.1600,8.3700,28139759,230810404.0000,3,1.036779,1,-2.508961,0
2016-12-21,sz.002470,8.2100,8.3200,8.1300,8.1900,8.1600,24058435,197418784.0000,3,0.886346,1,0.367644,0
2016-12-22,sz.002470,8.1900,8.4100,8.1100,8.3700,8.1900,33803144,280405040.0000,3,1.245252,1,2.197806,0
2016-12-23,sz.002470,8.3400,8.4400,8.2100,8.2700,8.3700,24735026,206101306.0000,3,0.911110,1,-1.194736,0
2016-12-26,sz.002470,8.2100,8.2600,8.0600,8.2200,8.2700,18685323,152482343.0000,3,0.688254,1,-0.604597,0
2016-12-27,sz.002470,8.2100,8.2500,8.1400,8.1400,8.2200,11701143,95767123.0000,3,0.430977,1,-0.973235,0
2016-12-28,sz.002470,8.1400,8.1800,8.0100,8.1000,8.1400,20611912,166905485.0000,3,0.759126,1,-0.491400,0
2016-12-29,sz.002470,8.0800,8.1600,8.0300,8.0600,8.1000,15510153,125678226.0000,3,0.571203,1,-0.493827,0
2016-12-30,sz.002470,8.0500,8.1000,7.8900,7.9000,8.0600,18306498,145889525.0000,3,0.674163,1,-1.985116,0
2017-01-03,sz.002470,7.9100,8.0100,7.8600,7.8900,7.9000,18116200,143707540.0000,3,0.667221,1,-0.126585,0
2017-01-04,sz.002470,7.9100,8.0700,7.8900,8.0600,7.8900,23905850,190670091.0000,3,0.880414,1,2.154633,0
2017-01-05,sz.002470,8.0500,8.0500,7.9500,7.9700,8.0600,14679648,117246437.0000,3,0.540550,1,-1.116633,0
2017-01-06,sz.002470,7.9600,7.9900,7.8600,7.8900,7.9700,16404596,129863966.0000,3,0.604036,1,-1.003763,0
2017-01-09,sz.002470,7.8800,7.9900,7.8600,7.9300,7.8900,14563635,115206333.0000,3,0.536229,1,0.506970,0
2017-01-10,sz.002470,7.9400,7.9900,7.8600,7.9100,7.9300,12797310,101363835.0000,3,0.471129,1,-0.252207,0
2017-01-11,sz.002470,7.9200,7.9300,7.7800,7.8100,7.9100,13570461,106518552.0000,3,0.499566,1,-1.264221,0
2017-01-12,sz.002470,7.8000,7.8100,7.5100,7.5400,7.8100,25252283,192604334.0000,3,0.929593,1,-3.457106,0
2017-01-13,sz.002470,7.5300,7.5800,7.5100,7.5300,7.5400,10032628,75687631.0000,3,0.369310,1,-0.132623,0
2017-01-16,sz.002470,7.5500,7.5600,6.9400,7.3100,7.5300,16660467,122218380.0000,3,0.613266,1,-2.921650,0
2017-01-17,sz.002470,7.3000,7.3900,7.2500,7.3300,7.3100,9169830,67157748.0000,3,0.337522,1,0.273597,0
2017-01-18,sz.002470,7.3700,7.3700,7.3100,7.3500,7.3300,4283091,31431243.0000,3,0.157644,1,0.272851,0
2017-01-19,sz.002470,7.3600,7.3600,7.2700,7.3300,7.3500,5942512,43420124.0000,3,0.218710,1,-0.272109,0
2017-01-20,sz.002470,7.3100,7.4300,7.3000,7.3900,7.3300,6173717,45625678.0000,3,0.227216,1,0.818553,0
2017-01-23,sz.002470,7.3900,7.5400,7.3800,7.4500,7.3900,8968978,66981894.0000,3,0.330091,1,0.811907,0
2017-01-24,sz.002470,7.4700,7.5200,7.4300,7.5000,7.4500,11099556,83042003.0000,3,0.408502,1,0.671144,0
2017-01-25,sz.002470,7.4600,7.5100,7.4300,7.4800,7.5000,4480373,33457038.0000,3,0.164885,1,-0.266666,0
2017-01-26,sz.002470,7.4600,7.5600,7.4300,7.4700,7.4800,7089767,53135327.0000,3,0.260914,1,-0.133693,0
2017-02-03,sz.002470,7.4700,7.4900,7.3800,7.4200,7.4700,5745862,42653873.0000,3,0.211449,1,-0.669340,0
2017-02-06,sz.002470,7.4300,7.5600,7.4300,7.5200,7.4200,14361326,107501874.0000,3,0.528493,1,1.347708,0
2017-02-07,sz.002470,7.5200,7.5300,7.4400,7.4900,7.5200,9214651,68955943.0000,3,0.339094,1,-0.398939,0
2017-02-08,sz.002470,7.4900,7.5000,7.3700,7.4600,7.4900,16408036,121699604.0000,3,0.603799,1,-0.400531,0
2017-02-09,sz.002470,7.4600,7.4700,7.4100,7.4600,7.4600,16035222,119381893.0000,3,0.590079,1,0.000000,0
2017-02-10,sz.002470,7.4600,7.5200,7.4400,7.5000,7.4600,16835660,125652974.0000,3,0.619514,1,0.536192,0
2017-02-13,sz.002470,7.4900,7.5600,7.4700,7.5600,7.5000,22036009,165717047.0000,3,0.810870,1,0.799999,0
2017-02-14,sz.002470,7.5700,7.5900,7.4900,7.5300,7.5600,13728646,103296488.0000,3,0.505164,1,-0.396822,0
2017-02-15,sz.002470,7.5400,7.7000,7.5100,7.6400,7.5300,28917872,220655281.0000,3,1.064072,1,1.460819,0
2017-02-16,sz.002470,7.6200,7.6900,7.5900,7.6400,7.6400,15094151,115117145.0000,3,0.555403,1,0.000000,0
2017-02-17,sz.002470,7.6400,7.6500,7.5700,7.5900,7.6400,11697541,88893941.0000,3,0.430417,1,-0.654447,0
2017-02-20,sz.002470,7.5900,7.7900,7.5900,7.7600,7.5900,19007423,146479105.0000,3,0.699381,1,2.239790,0
2017-02-21,sz.002470,7.7700,7.8300,7.7000,7.8300,7.7600,17423658,135488017.0000,3,0.641107,1,0.902058,0
2017-02-22,sz.002470,7.8300,7.9700,7.7700,7.8900,7.8300,23299552,183764956.0000,3,0.857311,1,0.766283,0
2017-02-23,sz.002470,7.8500,7.9600,7.8100,7.9400,7.8900,19455245,153193538.0000,3,0.715859,1,0.633716,0
2017-02-24,sz.002470,7.9300,8.0400,7.8400,7.9500,7.9400,16600204,131540746.0000,3,0.610807,1,0.125942,0
2017-02-27,sz.002470,7.9400,7.9400,7.7000,7.7400,7.9500,18160753,141837114.0000,3,0.668228,1,-2.641510,0
2017-02-28,sz.002470,7.7100,7.7600,7.5200,7.7100,7.7400,30301276,231070896.0000,3,1.114941,1,-0.387593,0
2017-03-01,sz.002470,7.6600,7.7300,7.6100,7.6300,7.7100,17667050,135500206.0000,3,0.650062,1,-1.037612,0
2017-03-02,sz.002470,7.6700,7.6800,7.5500,7.5700,7.6300,14530012,110410710.0000,3,0.534634,1,-0.786369,0
2017-03-03,sz.002470,7.5300,7.6200,7.5100,7.5900,7.5700,11727822,88736226.0000,3,0.431527,1,0.264201,0
2017-03-06,sz.002470,7.6000,7.6300,7.5500,7.6200,7.5900,12480959,94798087.0000,3,0.459239,1,0.395253,0
2017-03-07,sz.002470,7.6300,7.6600,7.5600,7.6100,7.6200,12239663,93068283.0000,3,0.450361,1,-0.131230,0
2017-03-08,sz.002470,7.6000,7.6300,7.5500,7.5600,7.6100,9247528,70156773.0000,3,0.340231,1,-0.657033,0
2017-03-09,sz.002470,7.5700,7.5900,7.4200,7.4600,7.5600,15069167,112671053.0000,3,0.554418,1,-1.322750,0
2017-03-10,sz.002470,7.4500,7.4600,7.4000,7.4500,7.4600,9966178,74060404.0000,3,0.366671,1,-0.134051,0
2017-03-13,sz.002470,7.4100,7.4800,7.3900,7.4600,7.4500,8121435,60457849.0000,3,0.298770,1,0.134231,0
2017-03-14,sz.002470,7.4600,7.5700,7.4600,7.5300,7.4600,14170852,106821149.0000,3,0.521306,1,0.938340,0
2017-03-15,sz.002470,7.5000,7.5700,7.4500,7.5000,7.5300,8944020,67035462.0000,3,0.328989,1,-0.398409,0
2017-03-16,sz.002470,7.5000,7.5400,7.4900,7.5300,7.5000,13336510,100132230.0000,3,0.490549,1,0.400003,0
2017-03-17,sz.002470,7.5400,7.5500,7.4300,7.4500,7.5300,11763834,88236698.0000,3,0.432701,1,-1.062422,0
2017-03-20,sz.002470,7.4400,7.4600,7.3600,7.4200,7.4500,14846387,109912469.0000,3,0.546084,1,-0.402681,0
2017-03-21,sz.002470,7.4300,7.4300,7.3500,7.3700,7.4200,13403595,98810638.0000,3,0.493015,1,-0.673857,0
2017-03-22,sz.002470,7.3500,7.3700,7.2800,7.2900,7.3700,16136530,117935107.0000,3,0.593538,1,-1.085481,0
2017-03-23,sz.002470,7.2900,7.3900,7.2700,7.3100,7.2900,12028869,88247401.0000,3,0.442443,1,0.274348,0
2017-03-24,sz.002470,7.3200,7.4000,7.3000,7.4000,7.3100,10254334,75388210.0000,3,0.377164,1,1.231192,0
2017-03-27,sz.002470,7.3600,7.4300,7.3100,7.3200,7.4000,13847657,102059310.0000,3,0.509321,1,-1.081080,0
2017-03-28,sz.002470,7.3500,7.3800,7.3200,7.3400,7.3200,10508116,77295361.0000,3,0.386477,1,0.273224,0
2017-03-29,sz.002470,7.3300,7.3600,7.2200,7.2600,7.3400,11628998,84521464.0000,3,0.427702,1,-1.089917,0
2017-03-30,sz.002470,7.2500,7.2500,7.1000,7.1800,7.2600,19435399,138815634.0000,3,0.714813,1,-1.101934,0
2017-03-31,sz.002470,7.1700,7.2400,7.1400,7.2200,7.1800,10102455,72627220.0000,3,0.371557,1,0.557103,0
2017-04-05,sz.002470,7.2000,7.3100,7.1700,7.3000,7.2200,15424944,112064962.0000,3,0.567313,1,1.108039,0
2017-04-06,sz.002470,7.2800,7.3600,7.2600,7.3600,7.3000,8359122,61137795.0000,3,0.307439,1,0.821917,0
2017-04-07,sz.002470,7.3600,7.4100,7.2900,7.3800,7.3600,15058370,110710532.0000,3,0.553830,1,0.271739,0
2017-04-10,sz.002470,7.4000,7.4000,7.3200,7.3600,7.3800,12234898,89947397.0000,3,0.449986,1,-0.271002,0
2017-04-11,sz.002470,7.3600,7.3800,7.3100,7.3600,7.3600,8457590,62060301.0000,3,0.311061,1,0.000000,0
2017-04-12,sz.002470,7.3700,7.4000,7.3000,7.3100,7.3600,12391099,91105826.0000,3,0.455731,1,-0.679350,0
2017-04-13,sz.002470,7.3100,7.3900,7.3000,7.3600,7.3100,8883633,65226057.0000,3,0.326730,1,0.683997,0
2017-04-14,sz.002470,7.3400,7.3800,7.3000,7.3600,7.3600,10326820,75794306.0000,3,0.379809,1,0.000000,0
2017-04-17,sz.002470,7.3200,7.4300,7.3100,7.3800,7.3600,13171307,97331590.0000,3,0.484426,1,0.271739,0
2017-04-18,sz.002470,7.4000,7.4500,7.3500,7.3700,7.3800,8710801,64421933.0000,3,0.320374,1,-0.135504,0
2017-04-19,sz.002470,7.3500,7.3700,7.1000,7.3200,7.3700,14286003,103654990.0000,3,0.525424,1,-0.678422,0
2017-04-20,sz.002470,7.3200,7.3400,7.1800,7.2300,7.3200,8147750,58949316.0000,3,0.299665,1,-1.229510,0
2017-04-21,sz.002470,7.2400,7.4600,7.2200,7.4300,7.2300,12816745,94233065.0000,3,0.471386,1,2.766249,0
2017-04-24,sz.002470,7.4600,7.4600,7.3400,7.4400,7.4300,9771122,72277492.0000,3,0.359371,1,0.134593,0
2017-04-25,sz.002470,7.4300,7.5100,7.3700,7.5000,7.4400,14523159,107942952.0000,3,0.534146,1,0.806451,0
2017-04-26,sz.002470,7.5000,7.5500,7.4600,7.4900,7.5000,10594456,79694219.0000,3,0.389653,1,-0.133336,0
2017-04-27,sz.002470,7.4900,7.4900,7.2900,7.3500,7.4900,12090218,89109612.0000,3,0.444665,1,-1.869157,0
2017-04-28,sz.002470,7.3400,7.4800,7.3200,7.4100,7.3500,5818535,43140953.0000,3,0.213999,1,0.816326,0
2017-05-02,sz.002470,7.3900,7.4500,7.2400,7.2400,7.4100,9668131,70770441.0000,3,0.355583,1,-2.294198,0
2017-05-03,sz.002470,7.2300,7.2700,7.1500,7.1800,7.2400,7754198,55804183.0000,3,0.285191,1,-0.828729,0
2017-05-04,sz.002470,7.1800,7.2600,7.1600,7.2300,7.1800,4313165,31154062.0000,3,0.158634,1,0.696381,0
2017-05-05,sz.002470,7.2300,7.2400,7.1200,7.1400,7.2300,5323888,38173766.0000,3,0.195807,1,-1.244815,0
2017-05-08,sz.002470,7.1300,7.1900,7.0900,7.1000,7.1400,4678856,33378576.0000,3,0.172083,1,-0.560223,0
2017-05-09,sz.002470,7.1000,7.1200,6.9900,7.0600,7.1000,6445912,45384765.0000,3,0.237074,1,-0.563380,0
2017-05-10,sz.002470,7.0600,7.1100,6.8600,6.8700,7.0600,9242359,64562911.0000,3,0.339924,1,-2.691219,0
2017-05-11,sz.002470,6.8000,6.8800,6.6600,6.8500,6.8700,14157649,95579325.0000,3,0.520703,1,-0.291121,0
2017-05-12,sz.002470,6.8100,6.9000,6.7400,6.8600,6.8500,6029624,41122935.0000,3,0.221763,1,0.145989,0
2017-05-15,sz.002470,6.8600,6.9000,6.8000,6.8900,6.8600,6649515,45461815.0000,3,0.244562,1,0.437314,0
2017-05-16,sz.002470,6.8800,7.0500,6.8200,7.0500,6.8900,8144790,56594367.0000,3,0.299557,1,2.322211,0
2017-05-17,sz.002470,7.0000,7.1600,7.0000,7.0600,7.0500,8659266,61344093.0000,3,0.318478,1,0.141841,0
2017-05-18,sz.002470,7.0300,7.1100,7.0000,7.0900,7.0600,6551805,46345147.0000,3,0.240968,1,0.424932,0
2017-05-19,sz.002470,7.0800,7.1100,7.0400,7.0800,7.0900,8222286,58161244.0000,3,0.302407,1,-0.141047,0
2017-05-22,sz.002470,7.0500,7.1200,6.9300,6.9600,7.0800,4213111,29625352.0000,3,0.154954,1,-1.694914,0
2017-05-23,sz.002470,6.9600,7.0300,6.7400,6.8500,6.9600,9296963,64427619.0000,3,0.341932,1,-1.580462,0
2017-05-24,sz.002470,6.8300,6.9100,6.7600,6.8800,6.8500,4563038,31268943.0000,3,0.167824,1,0.437959,0
2017-05-25,sz.002470,6.8200,7.0400,6.8200,6.9900,6.8800,9733997,67739046.0000,3,0.358006,1,1.598832,0
2017-05-26,sz.002470,6.9500,7.0500,6.9300,6.9400,6.9900,5324473,37161229.0000,3,0.195828,1,-0.715303,0
2017-05-31,sz.002470,7.0100,7.0700,6.9000,6.9100,6.9400,7015862,48985332.0000,3,0.258036,1,-0.432280,0
2017-06-01,sz.002470,6.9100,7.0300,6.9100,6.9700,6.9100,7241546,50607767.0000,3,0.266336,1,0.868306,0
2017-06-02,sz.002470,6.9700,7.0800,6.9200,7.0600,6.9700,7052310,49407474.0000,3,0.259375,1,1.291250,0
2017-06-05,sz.002470,7.0700,7.0800,7.0100,7.0500,7.0600,6272318,44249889.0000,3,0.230688,1,-0.141640,0
2017-06-06,sz.002470,7.0300,7.0900,7.0100,7.0800,7.0500,4868886,34315945.0000,3,0.179070,1,0.425528,0
2017-06-07,sz.002470,7.0900,7.1800,7.0800,7.1500,7.0800,7100834,50659151.0000,3,0.261158,1,0.988703,0
2017-06-08,sz.002470,7.1600,7.3400,7.1600,7.3100,7.1500,14142833,102803069.0000,3,0.520151,1,2.237760,0
2017-06-09,sz.002470,7.3200,7.3300,7.2300,7.3000,7.3100,5987966,43588840.0000,3,0.220228,1,-0.136795,0
2017-06-12,sz.002470,7.2800,7.3400,7.2300,7.2700,7.3000,5429185,39606973.0000,3,0.199677,1,-0.410962,0
2017-06-13,sz.002470,7.2700,7.3200,7.2500,7.2800,7.2700,6608219,48160660.0000,3,0.243040,1,0.137555,0
2017-06-14,sz.002470,7.2400,7.3200,7.2200,7.3100,7.2800,7260857,52961847.0000,3,0.267043,1,0.412084,0
2017-06-15,sz.002470,7.3000,7.3600,7.2600,7.3400,7.3100,8638767,63183586.0000,3,0.317720,1,0.410400,0
2017-06-16,sz.002470,7.3500,7.3600,7.2600,7.2900,7.3400,5779131,42223231.0000,3,0.212547,1,-0.681202,0
2017-06-19,sz.002470,7.2900,7.3700,7.2300,7.3300,7.2900,7171925,52386059.0000,3,0.263772,1,0.548696,0
2017-06-20,sz.002470,7.3300,7.4100,7.3000,7.4000,7.3300,12437538,91818048.0000,3,0.457433,1,0.954982,0
2017-06-21,sz.002470,7.4400,7.4500,7.3800,7.4200,7.4000,6867897,50861372.0000,3,0.252591,1,0.270270,0
2017-06-22,sz.002470,7.4200,7.5000,7.3900,7.4000,7.4200,7961795,59377518.0000,3,0.292822,1,-0.269541,0
2017-06-23,sz.002470,7.3700,7.4600,7.3300,7.4300,7.4000,8694547,64146103.0000,3,0.319772,1,0.405402,0
2017-06-26,sz.002470,7.4700,7.5500,7.4400,7.5100,7.4300,17663629,132613771.0000,3,0.649641,1,1.076721,0
2017-06-27,sz.002470,7.5100,7.5900,7.4800,7.4900,7.5100,10191827,76609960.0000,3,0.374839,1,-0.266318,0
2017-06-28,sz.002470,7.4900,7.4900,7.3300,7.3500,7.4900,8432224,62395132.0000,3,0.310124,1,-1.869157,0
2017-06-29,sz.002470,7.3700,7.4500,7.3200,7.4400,7.3500,7690775,56922909.0000,3,0.282855,1,1.224492,0
2017-06-30,sz.002470,7.4000,7.5300,7.3800,7.5300,7.4400,10758965,80695289.0000,3,0.417238,1,1.209679,0
2017-07-03,sz.002470,7.5400,7.5600,7.5000,7.5300,7.5300,6598920,49652289.0000,3,0.255910,1,0.000000,0
2017-07-04,sz.002470,7.5200,7.5400,7.4400,7.4400,7.5300,9553540,71553087.0000,3,0.370491,1,-1.195221,0
2017-07-05,sz.002470,7.4300,7.4700,7.3800,7.4700,7.4400,6446297,47844323.0000,3,0.249991,1,0.403222,0
2017-07-06,sz.002470,7.4500,7.5000,7.3600,7.3700,7.4700,12418294,92256727.0000,3,0.481588,1,-1.338687,0
2017-07-07,sz.002470,7.3500,7.4600,7.3400,7.4600,7.3700,7173026,53173050.0000,3,0.278174,1,1.221169,0
2017-07-10,sz.002470,7.4100,7.5500,7.4100,7.5100,7.4600,8174667,61395904.0000,3,0.317018,1,0.670244,0
2017-07-11,sz.002470,7.5100,7.5900,7.4800,7.5300,7.5100,9923354,75062482.0000,3,0.384833,1,0.266311,0
2017-07-12,sz.002470,7.5100,7.5200,7.3800,7.5100,7.5300,6341896,47444710.0000,3,0.245942,1,-0.265604,0
2017-07-13,sz.002470,7.5200,7.7200,7.4800,7.6500,7.5100,13565167,103657769.0000,3,0.526065,1,1.864179,0
2017-07-14,sz.002470,7.6500,7.6700,7.5300,7.6100,7.6500,8596314,65259866.0000,3,0.333370,1,-0.522875,0
2017-07-17,sz.002470,7.5500,7.5600,7.3700,7.4000,7.5100,13363977,99661513.0000,3,0.518262,1,-1.464715,0
2017-07-18,sz.002470,7.4000,7.6700,7.3500,7.6500,7.4000,13863579,104605333.0000,3,0.537637,1,3.378378,0
2017-07-19,sz.002470,7.6000,7.8200,7.5800,7.7600,7.6500,25236914,195844672.0000,3,0.978701,1,1.437910,0
2017-07-20,sz.002470,7.7000,7.8300,7.7000,7.8200,7.7600,13727161,107021273.0000,3,0.532245,1,0.773195,0
2017-07-21,sz.002470,7.8500,8.0800,7.7600,8.0000,7.8200,26872426,214091148.0000,3,1.041705,1,2.301788,0
2017-07-24,sz.002470,8.0400,8.1100,7.8600,7.9200,8.0000,21018617,166753302.0000,3,0.814697,1,-0.999999,0
2017-07-25,sz.002470,7.9000,8.0400,7.8700,7.9900,7.9200,16854128,134481062.0000,3,0.653130,1,0.883834,0
2017-07-26,sz.002470,7.9500,7.9800,7.8100,7.8800,7.9900,12581235,98999041.0000,3,0.487547,1,-1.376717,0
2017-07-27,sz.002470,7.8500,8.2600,7.8200,8.0600,7.8800,31338261,253189638.0000,3,1.214417,1,2.284268,0
2017-07-28,sz.002470,8.0700,8.1500,7.9100,7.9700,8.0600,14794331,118657979.0000,3,0.573309,1,-1.116633,0
2017-07-31,sz.002470,7.9100,8.2100,7.9100,8.1500,7.9700,13168069,106954603.0000,3,0.510288,1,2.258467,0
2017-08-01,sz.002470,8.1200,8.2100,7.9200,8.0800,8.1500,17528419,141726474.0000,3,0.679260,1,-0.858892,0
2017-08-02,sz.002470,8.0800,8.1200,7.8500,8.0000,8.0800,18527466,148064044.0000,3,0.717975,1,-0.990098,0
2017-08-03,sz.002470,7.9900,8.0600,7.9200,7.9700,8.0000,13182494,105443759.0000,3,0.510847,1,-0.375003,0
2017-08-04,sz.002470,7.9700,8.1000,7.7900,7.8800,7.9700,17076163,136207310.0000,3,0.661734,1,-1.129231,0
2017-08-07,sz.002470,7.8100,8.0000,7.8100,7.9800,7.8800,11541811,91209983.0000,3,0.447267,1,1.269034,0
2017-08-08,sz.002470,7.9700,8.1000,7.9500,8.0400,7.9800,8008922,64477587.0000,3,0.310361,1,0.751879,0
2017-08-09,sz.002470,8.0400,8.1000,7.9700,8.0000,8.0400,6372515,51150653.0000,3,0.246947,1,-0.497512,0
2017-08-10,sz.002470,8.0000,8.1100,7.8900,7.9900,8.0000,17047245,135984400.0000,3,0.660613,1,-0.125003,0
2017-08-11,sz.002470,7.9200,7.9600,7.8000,7.8500,7.9900,10317039,81163017.0000,3,0.399805,1,-1.752189,0
2017-08-14,sz.002470,7.8700,8.0900,7.8300,8.0900,7.8500,10810128,86325407.0000,3,0.418913,1,3.057328,0
2017-08-15,sz.002470,8.0900,8.1100,7.9000,8.0300,8.0900,12587595,100712238.0000,3,0.487793,1,-0.741661,0
2017-08-16,sz.002470,8.0000,8.0000,7.8900,7.9200,8.0300,9024288,71516855.0000,3,0.349708,1,-1.369859,0
2017-08-17,sz.002470,7.9500,7.9500,7.8600,7.8900,7.9200,7263367,57362683.0000,3,0.281469,1,-0.378790,0
2017-08-18,sz.002470,7.8800,8.0100,7.8400,7.9700,7.8900,8152637,64568148.0000,3,0.315930,1,1.013941,0
2017-08-21,sz.002470,7.9700,8.0900,7.9200,8.0800,7.9700,11779738,94505178.0000,3,0.456487,1,1.380177,0
2017-08-22,sz.002470,8.0300,8.1200,7.9600,8.1000,8.0800,10926169,88225955.0000,3,0.423410,1,0.247530,0
2017-08-23,sz.002470,8.1000,8.1100,8.0200,8.0600,8.1000,5079859,40947309.0000,3,0.196854,1,-0.493827,0
2017-08-24,sz.002470,8.0800,8.2300,8.0800,8.1900,8.0600,15100341,123464752.0000,3,0.585167,1,1.612893,0
2017-08-25,sz.002470,8.1500,8.2300,8.1000,8.1700,8.1900,8662042,70713172.0000,3,0.335671,1,-0.244194,0
2017-08-28,sz.002470,8.1900,8.3100,8.1900,8.2000,8.1700,11482079,94522715.0000,3,0.444952,1,0.367194,0
2017-08-29,sz.002470,8.2300,8.2300,8.0200,8.0800,8.2000,12013833,97235022.0000,3,0.465507,1,-1.463413,0
2017-08-30,sz.002470,8.1000,8.1700,8.0500,8.1600,8.0800,6016832,48865897.0000,3,0.233120,1,0.990098,0
2017-08-31,sz.002470,8.1500,8.2000,8.1200,8.1700,8.1600,5083705,41530934.0000,3,0.196951,1,0.122552,0
2017-09-01,sz.002470,8.1700,8.2000,8.1000,8.1800,8.1700,5480300,44734697.0000,3,0.212287,1,0.122402,0
2017-09-04,sz.002470,8.1600,8.2700,8.1400,8.2400,8.1800,8714493,71678914.0000,3,0.337569,1,0.733490,0
2017-09-05,sz.002470,8.2500,8.2700,8.0400,8.1200,8.2400,12676343,102895993.0000,3,0.491037,1,-1.456309,0
2017-09-06,sz.002470,8.0600,8.1400,8.0000,8.0400,8.1200,13789648,111158882.0000,3,0.534136,1,-0.985221,0
2017-09-07,sz.002470,8.0300,8.0900,8.0100,8.0600,8.0400,8710928,70239564.0000,3,0.337396,1,0.248762,0
2017-09-08,sz.002470,8.0600,8.1000,7.9900,8.0200,8.0600,6467300,51999830.0000,3,0.250482,1,-0.496277,0
2017-09-11,sz.002470,8.0000,8.1600,7.9900,8.1200,8.0200,6193710,50164146.0000,3,0.239876,1,1.246876,0
2017-09-12,sz.002470,8.1400,8.1900,8.0000,8.1000,8.1200,12006400,97425088.5900,3,0.464994,1,-0.246299,0
2017-09-13,sz.002470,8.1000,8.2200,8.0800,8.2200,8.1000,10993294,90001055.0900,3,0.425739,1,1.481480,0
2017-09-14,sz.002470,8.2300,8.2800,8.1900,8.2000,8.2200,7897401,65004738.5200,3,0.305759,1,-0.243315,0
2017-09-15,sz.002470,8.2000,8.2500,8.1400,8.1800,8.2000,4660154,38198343.5200,3,0.180394,1,-0.243896,0
2017-09-18,sz.002470,8.1600,8.2200,8.1400,8.2100,8.1800,5559188,45509375.9100,3,0.215136,1,0.366745,0
2017-09-19,sz.002470,8.2000,8.2000,8.0600,8.1800,8.2100,8569858,69666472.3400,3,0.331497,1,-0.365405,0
2017-09-20,sz.002470,8.1400,8.1600,8.0400,8.0800,8.1800,6973509,56335421.4200,3,0.269747,1,-1.222499,0
2017-09-21,sz.002470,8.1000,8.1000,7.9800,7.9800,8.0800,6954302,55740639.3200,3,0.269004,1,-1.237622,0
2017-09-22,sz.002470,7.9500,8.0000,7.7300,7.8700,7.9800,10808630,84658231.0000,3,0.418096,1,-1.378448,0
2017-09-25,sz.002470,7.8800,7.9000,7.7100,7.8000,7.8700,9745682,75738956.5600,3,0.376979,1,-0.889450,0
2017-09-26,sz.002470,7.7900,8.0300,7.7900,8.0200,7.8000,10033823,79663268.1100,3,0.388125,1,2.820516,0
2017-09-27,sz.002470,8.0200,8.0500,7.9500,7.9800,8.0200,5272097,42146340.8000,3,0.203934,1,-0.498758,0
2017-09-28,sz.002470,7.9800,8.0600,7.9500,8.0300,7.9800,4435260,35597633.6300,3,0.171482,1,0.626563,0
2017-09-29,sz.002470,8.0600,8.0800,8.0100,8.0500,8.0300,4263247,34353845.0900,3,0.164832,1,0.249072,0
2017-10-09,sz.002470,8.1000,8.2300,8.0800,8.2100,8.0500,10237058,83914982.7400,3,0.395800,1,1.987576,0
2017-10-10,sz.002470,8.2200,8.2500,8.1600,8.2500,8.2100,5603410,46065795.9400,3,0.216647,1,0.487210,0
2017-10-11,sz.002470,8.2400,8.3900,8.2200,8.3900,8.2500,14283861,118872380.7600,3,0.552263,1,1.696974,0
2017-10-12,sz.002470,8.3700,8.5300,8.3200,8.4900,8.3900,12746099,107880278.8600,3,0.492808,1,1.191888,0
2017-10-13,sz.002470,8.4900,8.5500,8.4300,8.4500,8.4900,6777300,57488009.0000,3,0.262034,1,-0.471142,0
2017-10-16,sz.002470,8.4500,8.6600,8.4300,8.6300,8.4500,15102557,130083902.5600,3,0.583917,1,2.130181,0
2017-10-17,sz.002470,8.6500,8.6800,8.5200,8.6200,8.6300,6919466,59469663.8200,3,0.267530,1,-0.115877,0
2017-10-18,sz.002470,8.6300,8.6500,8.5200,8.6100,8.6200,9826040,84538854.2100,3,0.379909,1,-0.116012,0
2017-10-19,sz.002470,8.5400,9.1700,8.5300,9.0200,8.6100,23450858,208888637.5800,3,0.906691,1,4.761914,0
2017-10-20,sz.002470,8.9600,9.1200,8.8100,9.0300,9.0200,11218031,100821660.9400,3,0.433728,1,0.110857,0
2017-10-23,sz.002470,8.9800,9.0800,8.9300,9.0500,9.0300,7982508,71892464.4600,3,0.308631,1,0.221489,0
2017-10-24,sz.002470,9.0000,9.2800,8.8100,9.1500,9.0500,16172823,147401577.3900,3,0.625297,1,1.104966,0
2017-10-25,sz.002470,9.1500,9.1500,9.1500,9.1500,9.1500,0,0.0000,3,,0,0.000000,0
2017-10-26,sz.002470,9.1500,9.1500,9.1500,9.1500,9.1500,0,0.0000,3,,0,0.000000,0
2017-10-27,sz.002470,9.1500,9.1500,9.1500,9.1500,9.1500,0,0.0000,3,,0,0.000000,0
2017-10-30,sz.002470,9.1500,9.1500,9.1500,9.1500,9.1500,0,0.0000,3,,0,0.000000,0
2017-10-31,sz.002470,9.1500,9.1500,9.1500,9.1500,9.1500,0,0.0000,3,,0,0.000000,0
2017-11-01,sz.002470,9.1500,9.1500,9.1500,9.1500,9.1500,0,0.0000,3,,0,0.000000,0
2017-11-02,sz.002470,9.1500,9.1500,9.1500,9.1500,9.1500,0,0.0000,3,,0,0.000000,0
2017-11-03,sz.002470,9.1500,9.1500,9.1500,9.1500,9.1500,0,0.0000,3,,0,0.000000,0
2017-11-06,sz.002470,9.1500,9.1500,9.1500,9.1500,9.1500,0,0.0000,3,,0,0.000000,0
2017-11-07,sz.002470,9.1500,9.1500,9.1500,9.1500,9.1500,0,0.0000,3,,0,0.000000,0
2017-11-08,sz.002470,9.1500,9.1500,9.1500,9.1500,9.1500,0,0.0000,3,,0,0.000000,0
2017-11-09,sz.002470,9.1500,9.1500,9.1500,9.1500,9.1500,0,0.0000,3,,0,0.000000,0
2017-11-10,sz.002470,9.1500,9.1500,9.1500,9.1500,9.1500,0,0.0000,3,,0,0.000000,0
2017-11-13,sz.002470,9.1500,9.1500,9.1500,9.1500,9.1500,0,0.0000,3,,0,0.000000,0
2017-11-14,sz.002470,9.1500,9.1500,9.1500,9.1500,9.1500,0,0.0000,3,,0,0.000000,0
2017-11-15,sz.002470,9.1500,9.1500,9.1500,9.1500,9.1500,0,0.0000,3,,0,0.000000,0
2017-11-16,sz.002470,9.1500,9.1500,9.1500,9.1500,9.1500,0,0.0000,3,,0,0.000000,0
2017-11-17,sz.002470,9.1500,9.1500,9.1500,9.1500,9.1500,0,0.0000,3,,0,0.000000,0
2017-11-20,sz.002470,9.1500,9.1500,9.1500,9.1500,9.1500,0,0.0000,3,,0,0.000000,0
2017-11-21,sz.002470,9.1500,9.1500,9.1500,9.1500,9.1500,0,0.0000,3,,0,0.000000,0
2017-11-22,sz.002470,9.1500,9.1500,9.1500,9.1500,9.1500,0,0.0000,3,,0,0.000000,0
2017-11-23,sz.002470,9.1500,9.1500,9.1500,9.1500,9.1500,0,0.0000,3,,0,0.000000,0
2017-11-24,sz.002470,9.1500,9.1500,9.1500,9.1500,9.1500,0,0.0000,3,,0,0.000000,0
2017-11-27,sz.002470,9.1500,9.1500,9.1500,9.1500,9.1500,0,0.0000,3,,0,0.000000,0
2017-11-28,sz.002470,9.1500,9.1500,9.1500,9.1500,9.1500,0,0.0000,3,,0,0.000000,0
2017-11-29,sz.002470,9.1500,9.1500,9.1500,9.1500,9.1500,0,0.0000,3,,0,0.000000,0
2017-11-30,sz.002470,9.1500,9.1500,9.1500,9.1500,9.1500,0,0.0000,3,,0,0.000000,0
2017-12-01,sz.002470,9.1500,9.1500,9.1500,9.1500,9.1500,0,0.0000,3,,0,0.000000,0
2017-12-04,sz.002470,9.1500,9.1500,9.1500,9.1500,9.1500,0,0.0000,3,,0,0.000000,0
2017-12-05,sz.002470,9.1500,9.1500,9.1500,9.1500,9.1500,0,0.0000,3,,0,0.000000,0
2017-12-06,sz.002470,9.1500,9.1500,9.1500,9.1500,9.1500,0,0.0000,3,,0,0.000000,0
2017-12-07,sz.002470,9.1500,9.1500,9.1500,9.1500,9.1500,0,0.0000,3,,0,0.000000,0
2017-12-08,sz.002470,9.1500,9.1500,9.1500,9.1500,9.1500,0,0.0000,3,,0,0.000000,0
2017-12-11,sz.002470,9.1500,9.1500,9.1500,9.1500,9.1500,0,0.0000,3,,0,0.000000,0
2017-12-12,sz.002470,9.1500,9.1500,9.1500,9.1500,9.1500,0,0.0000,3,,0,0.000000,0
2017-12-13,sz.002470,9.1500,9.1500,9.1500,9.1500,9.1500,0,0.0000,3,,0,0.000000,0
2017-12-14,sz.002470,9.1500,9.1500,9.1500,9.1500,9.1500,0,0.0000,3,,0,0.000000,0
2017-12-15,sz.002470,9.1500,9.1500,9.1500,9.1500,9.1500,0,0.0000,3,,0,0.000000,0
2017-12-18,sz.002470,9.1500,9.1500,9.1500,9.1500,9.1500,0,0.0000,3,,0,0.000000,0
2017-12-19,sz.002470,9.1500,9.1500,9.1500,9.1500,9.1500,0,0.0000,3,,0,0.000000,0
2017-12-20,sz.002470,9.1500,9.1500,9.1500,9.1500,9.1500,0,0.0000,3,,0,0.000000,0
2017-12-21,sz.002470,9.1500,9.1500,9.1500,9.1500,9.1500,0,0.0000,3,,0,0.000000,0
2017-12-22,sz.002470,9.1500,9.1500,9.1500,9.1500,9.1500,0,0.0000,3,,0,0.000000,0
2017-12-25,sz.002470,9.1500,9.1500,9.1500,9.1500,9.1500,0,0.0000,3,,0,0.000000,0
2017-12-26,sz.002470,9.1500,9.1500,9.1500,9.1500,9.1500,0,0.0000,3,,0,0.000000,0
2017-12-27,sz.002470,9.1500,9.1500,9.1500,9.1500,9.1500,0,0.0000,3,,0,0.000000,0
2017-12-28,sz.002470,9.1500,9.1500,9.1500,9.1500,9.1500,0,0.0000,3,,0,0.000000,0
2017-12-29,sz.002470,9.1500,9.1500,9.1500,9.1500,9.1500,0,0.0000,3,,0,0.000000,0
2018-01-02,sz.002470,9.1500,9.1500,9.1500,9.1500,9.1500,0,0.0000,3,,0,0.000000,0
2018-01-03,sz.002470,9.1500,9.1500,9.1500,9.1500,9.1500,0,0.0000,3,,0,0.000000,0
2018-01-04,sz.002470,9.1500,9.1500,9.1500,9.1500,9.1500,0,0.0000,3,,0,0.000000,0
2018-01-05,sz.002470,9.1500,9.1500,9.1500,9.1500,9.1500,0,0.0000,3,,0,0.000000,0
2018-01-08,sz.002470,9.1500,9.1500,9.1500,9.1500,9.1500,0,0.0000,3,,0,0.000000,0
2018-01-09,sz.002470,9.1500,9.1500,9.1500,9.1500,9.1500,0,0.0000,3,,0,0.000000,0
2018-01-10,sz.002470,9.1500,9.1500,9.1500,9.1500,9.1500,0,0.0000,3,,0,0.000000,0
2018-01-11,sz.002470,9.1500,9.1500,9.1500,9.1500,9.1500,0,0.0000,3,,0,0.000000,0
2018-01-12,sz.002470,9.1500,9.1500,9.1500,9.1500,9.1500,0,0.0000,3,,0,0.000000,0
2018-01-15,sz.002470,9.1500,9.1500,9.1500,9.1500,9.1500,0,0.0000,3,,0,0.000000,0
2018-01-16,sz.002470,9.1500,9.1500,9.1500,9.1500,9.1500,0,0.0000,3,,0,0.000000,0
2018-01-17,sz.002470,9.1500,9.1500,9.1500,9.1500,9.1500,0,0.0000,3,,0,0.000000,0
2018-01-18,sz.002470,9.1500,9.1500,9.1500,9.1500,9.1500,0,0.0000,3,,0,0.000000,0
2018-01-19,sz.002470,9.1500,9.1500,9.1500,9.1500,9.1500,0,0.0000,3,,0,0.000000,0
2018-01-22,sz.002470,9.1500,9.1500,9.1500,9.1500,9.1500,0,0.0000,3,,0,0.000000,0
2018-01-23,sz.002470,9.1500,9.1500,9.1500,9.1500,9.1500,0,0.0000,3,,0,0.000000,0
2018-01-24,sz.002470,9.1500,9.1500,9.1500,9.1500,9.1500,0,0.0000,3,,0,0.000000,0
2018-01-25,sz.002470,9.1500,9.1500,9.1500,9.1500,9.1500,0,0.0000,3,,0,0.000000,0
2018-01-26,sz.002470,9.1500,9.1500,9.1500,9.1500,9.1500,0,0.0000,3,,0,0.000000,0
2018-01-29,sz.002470,9.1500,9.1500,9.1500,9.1500,9.1500,0,0.0000,3,,0,0.000000,0
2018-01-30,sz.002470,9.1500,9.1500,9.1500,9.1500,9.1500,0,0.0000,3,,0,0.000000,0
2018-01-31,sz.002470,9.1500,9.1500,9.1500,9.1500,9.1500,0,0.0000,3,,0,0.000000,0
2018-02-01,sz.002470,9.1500,9.1500,9.1500,9.1500,9.1500,0,0.0000,3,,0,0.000000,0
2018-02-02,sz.002470,9.1500,9.1500,9.1500,9.1500,9.1500,0,0.0000,3,,0,0.000000,0
2018-02-05,sz.002470,9.1500,9.1500,9.1500,9.1500,9.1500,0,0.0000,3,,0,0.000000,0
2018-02-06,sz.002470,9.1500,9.1500,9.1500,9.1500,9.1500,0,0.0000,3,,0,0.000000,0
2018-02-07,sz.002470,9.1500,9.1500,9.1500,9.1500,9.1500,0,0.0000,3,,0,0.000000,0
2018-02-08,sz.002470,9.1500,9.1500,9.1500,9.1500,9.1500,0,0.0000,3,,0,0.000000,0
2018-02-09,sz.002470,8.2400,8.2400,8.2400,8.2400,9.1500,1694600,13963504.0000,3,0.065519,1,-9.945354,0
2018-02-12,sz.002470,7.4200,8.2000,7.4200,8.2000,8.2400,41198804,313779615.4300,3,1.592888,1,-0.485436,0
2018-02-13,sz.002470,7.9300,8.0000,7.3800,7.4000,8.2000,20839559,158171241.4000,3,0.805729,1,-9.756094,0
2018-02-14,sz.002470,7.4800,7.6800,7.3600,7.6500,7.4000,10866732,81865915.1700,3,0.420145,1,3.378378,0
2018-02-22,sz.002470,7.6200,7.7200,7.4500,7.6700,7.6500,11877499,90153240.3600,3,0.459225,1,0.261438,0
2018-02-23,sz.002470,7.6400,7.7200,7.4800,7.5500,7.6700,12254483,92994541.7500,3,0.473801,1,-1.564536,0
2018-02-26,sz.002470,7.5700,8.0500,7.5500,7.9100,7.5500,13786421,106990890.7400,3,0.533031,1,4.768207,0
2018-02-27,sz.002470,7.9000,8.1400,7.7700,8.1000,7.9100,10406585,82833646.6200,3,0.402355,1,2.402030,0
2018-02-28,sz.002470,8.1100,8.9100,8.1100,8.4800,8.1000,36528020,315615496.9300,3,1.412299,1,4.691348,0
2018-03-01,sz.002470,8.5000,8.8600,8.3000,8.7100,8.4800,21701977,187634065.4800,3,0.839073,1,2.712270,0
2018-03-02,sz.002470,8.6000,8.7200,8.4500,8.5000,8.7100,12056898,103359929.9300,3,0.466161,1,-2.411022,0
2018-03-05,sz.002470,8.4800,8.6900,8.4500,8.5500,8.5000,9519973,81336521.0200,3,0.368075,1,0.588237,0
2018-03-06,sz.002470,8.5000,8.5500,8.3100,8.4600,8.5500,10158667,85494556.9000,3,0.392769,1,-1.052633,0
2018-03-07,sz.002470,8.4800,8.6900,8.4500,8.4800,8.4600,8063462,68994767.1400,3,0.311761,1,0.236401,0
2018-03-08,sz.002470,8.4700,8.6500,8.4700,8.5000,8.4800,5916991,50705496.5400,3,0.228771,1,0.235854,0
2018-03-09,sz.002470,8.5700,8.8700,8.5700,8.7500,8.5000,11371587,99376718.3500,3,0.439665,1,2.941176,0
2018-03-12,sz.002470,8.7600,9.1300,8.7100,9.0000,8.7500,15084935,135950040.2000,3,0.583236,1,2.857143,0
2018-03-13,sz.002470,9.0000,9.1900,8.8700,8.9100,9.0000,14018248,126680631.8700,3,0.541994,1,-1.000002,0
2018-03-14,sz.002470,8.9700,9.1000,8.7000,8.7100,8.9100,11089805,98348862.3900,3,0.428770,1,-2.244667,0
2018-03-15,sz.002470,8.8600,9.0700,8.4300,8.4700,8.7100,13673878,117978683.2600,3,0.528679,1,-2.755451,0
2018-03-16,sz.002470,8.5500,8.6300,8.3600,8.4100,8.4700,14532891,122866923.3700,3,0.561892,1,-0.708387,0
2018-03-19,sz.002470,8.4800,8.6200,8.2600,8.3000,8.4100,14462608,122075540.0700,3,0.559174,1,-1.307963,0
2018-03-20,sz.002470,8.3600,8.6000,8.2100,8.5200,8.3000,10898298,91626411.8200,3,0.421366,1,2.650605,0
2018-03-21,sz.002470,8.5200,8.7900,8.4700,8.4800,8.5200,15425550,133737927.2100,3,0.596405,1,-0.469494,0
2018-03-22,sz.002470,8.5500,8.8400,8.4300,8.6300,8.4800,10531301,91199187.0700,3,0.407176,1,1.768875,0
2018-03-23,sz.002470,8.4200,8.9200,8.3100,8.4800,8.6300,18242366,158031372.7700,3,0.705313,1,-1.738129,0
2018-03-26,sz.002470,8.2000,8.6600,7.9200,8.6300,8.4800,11982322,99731108.6100,3,0.463278,1,1.768875,0
2018-03-27,sz.002470,8.7000,8.8000,8.4900,8.5400,8.6300,18352404,158343967.2500,3,0.709567,1,-1.042875,0
2018-03-28,sz.002470,8.4900,8.4900,8.0800,8.3200,8.5400,19082304,158258668.6100,3,0.737788,1,-2.576116,0
2018-03-29,sz.002470,8.2800,8.4900,8.2200,8.4600,8.3200,8084924,67515564.9200,3,0.312591,1,1.682696,0
2018-03-30,sz.002470,8.5200,8.7300,8.4700,8.6500,8.4600,11285067,97456393.6500,3,0.436320,1,2.245858,0
2018-04-02,sz.002470,8.8000,9.0400,8.6000,8.8400,8.6500,13743239,121617275.9800,3,0.531361,1,2.196538,0
2018-04-03,sz.002470,8.8200,9.1800,8.7500,9.1300,8.8400,17990168,162303315.6700,3,0.695562,1,3.280542,0
2018-04-04,sz.002470,9.2000,9.2700,8.8000,8.9600,9.1300,14645011,132093319.7100,3,0.566227,1,-1.861994,0
2018-04-09,sz.002470,8.9300,9.1600,8.8900,8.9600,8.9600,11240795,101329445.0800,3,0.434608,1,0.000000,0
2018-04-10,sz.002470,9.0200,9.1100,8.8900,9.0800,8.9600,9478748,85458106.5200,3,0.366481,1,1.339284,0
2018-04-11,sz.002470,9.0200,9.6900,9.0100,9.6300,9.0800,31324350,295399885.6800,3,1.211108,1,6.057271,0
2018-04-12,sz.002470,9.6300,9.7500,9.4400,9.4600,9.6300,22065636,210889141.4700,3,0.853134,1,-1.765317,0
2018-04-13,sz.002470,9.6300,9.6700,9.3000,9.3800,9.4600,11085397,104317486.1400,3,0.428600,1,-0.845665,0
2018-04-16,sz.002470,9.3800,9.4600,9.2000,9.2900,9.3800,15807430,147024250.3100,3,0.611170,1,-0.959490,0
2018-04-17,sz.002470,9.2700,9.3400,8.9000,8.9600,9.2900,18413695,168287993.9300,3,0.712114,1,-3.552206,0
2018-04-18,sz.002470,8.9800,9.1100,8.8000,9.0400,8.9600,14888448,133871387.6100,3,0.575782,1,0.892856,0
2018-04-19,sz.002470,9.0400,9.0400,8.6500,8.7100,9.0400,16084615,141778629.9300,3,0.622042,1,-3.650442,0
2018-04-20,sz.002470,8.6500,8.8600,8.6300,8.7600,8.7100,13903164,121664711.1700,3,0.537678,1,0.574055,0
2018-04-23,sz.002470,8.7000,8.7700,8.2500,8.4300,8.7600,15810418,133961033.2700,3,0.611438,1,-3.767122,0
2018-04-24,sz.002470,8.4600,8.6800,8.3600,8.6500,8.4300,9399421,80537609.0700,3,0.363505,1,2.609719,0
2018-04-25,sz.002470,8.6000,8.8800,8.5800,8.7200,8.6500,8854964,77452971.1500,3,0.342449,1,0.809256,0
2018-04-26,sz.002470,8.7500,8.7700,8.3400,8.3400,8.7200,5638768,47895449.6400,3,0.218069,1,-4.357800,0
2018-04-27,sz.002470,8.3500,8.7700,8.3500,8.6600,8.3400,16654972,143942766.6100,3,0.644099,1,3.836927,0
2018-05-02,sz.002470,8.6800,9.1700,8.6800,8.9400,8.6600,15708736,140886053.2600,3,0.607505,1,3.233253,0
2018-05-03,sz.002470,9.0400,9.0400,8.8000,8.9100,8.9400,9416746,84122164.9200,3,0.364175,1,-0.335568,0
2018-05-04,sz.002470,8.9100,9.1000,8.7700,8.9000,8.9100,7935842,70839546.3800,3,0.306903,1,-0.112236,0
2018-05-07,sz.002470,8.9500,9.2900,8.7900,9.2700,8.9000,12828267,116744077.9400,3,0.496109,1,4.157313,0
2018-05-08,sz.002470,9.2000,9.2900,9.1200,9.2000,9.2700,6949558,63893111.9400,3,0.268761,1,-0.755131,0
2018-05-09,sz.002470,9.2000,9.2500,9.0800,9.2100,9.2000,4710552,43245424.7200,3,0.182172,1,0.108698,0
2018-05-10,sz.002470,9.1900,9.3600,9.0400,9.2000,9.2100,8034283,73917094.5400,3,0.310710,1,-0.108580,0
2018-05-11,sz.002470,9.2400,9.2900,8.9900,9.0100,9.2000,6286449,57192897.4100,3,0.243116,1,-2.065213,0
2018-05-14,sz.002470,9.0100,9.4200,8.9300,9.4100,9.0100,14257646,132431133.9500,3,0.551387,1,4.439507,0
2018-05-15,sz.002470,9.4000,9.5200,9.2200,9.3700,9.4100,12183278,114094940.5400,3,0.471165,1,-0.425079,0
2018-05-16,sz.002470,9.3400,9.3400,8.9200,8.9500,9.3700,15917338,144277032.1300,3,0.615572,1,-4.482391,0
2018-05-17,sz.002470,8.9100,8.9800,8.7100,8.7800,8.9500,12887597,113231060.9500,3,0.498403,1,-1.899442,0
2018-05-18,sz.002470,8.8000,8.9600,8.7500,8.8800,8.7800,10303158,91560317.0700,3,0.398455,1,1.138957,0
2018-05-21,sz.002470,8.9300,8.9300,8.7300,8.8800,8.8800,11612672,102526489.0500,3,0.449098,1,0.000000,0
2018-05-22,sz.002470,8.9000,8.9200,8.6500,8.7800,8.8800,10391341,90973914.5000,3,0.401865,1,-1.126130,0
2018-05-23,sz.002470,8.8000,8.9000,8.7200,8.8000,8.7800,10362051,91444890.0200,3,0.400732,1,0.227796,0
2018-05-24,sz.002470,8.8300,8.8300,8.3600,8.4100,8.8000,19688332,167724521.4700,3,0.761408,1,-4.431822,0
2018-05-25,sz.002470,8.4100,8.5000,8.1300,8.1400,8.4100,13956590,115430043.8300,3,0.539744,1,-3.210458,0
2018-05-28,sz.002470,8.0400,8.2900,8.0400,8.1500,8.1400,8883449,72593757.2200,3,0.343550,1,0.122841,0
2018-05-29,sz.002470,8.2000,8.2500,8.1100,8.1800,8.1500,5320310,43594296.3200,3,0.205753,1,0.368107,0
2018-05-30,sz.002470,8.1000,8.1400,7.9200,8.0200,8.1800,8355343,67039832.3200,3,0.323127,1,-1.955988,0
2018-05-31,sz.002470,8.0800,8.3300,8.0400,8.3100,8.0200,10113215,82765194.9100,3,0.391109,1,3.615959,0
2018-06-01,sz.002470,8.2900,8.3300,8.1200,8.1900,8.3100,6522782,53594064.1500,3,0.252256,1,-1.444053,0
2018-06-04,sz.002470,8.2800,8.2800,8.1200,8.2000,8.1900,4744914,38906708.6900,3,0.183500,1,0.122103,0
2018-06-05,sz.002470,8.2000,8.3200,8.1500,8.3100,8.2000,4610017,38061229.9000,3,0.178284,1,1.341471,0
2018-06-06,sz.002470,8.2900,8.4100,8.2700,8.2900,8.3100,4874582,40581347.3600,3,0.188515,1,-0.240679,0
2018-06-07,sz.002470,8.3300,8.3800,8.1300,8.1400,8.2900,4970475,40926347.7700,3,0.192224,1,-1.809404,0
2018-06-08,sz.002470,8.1500,8.2200,7.9700,8.1000,8.1400,6501792,52381816.6700,3,0.251444,1,-0.491400,0
2018-06-11,sz.002470,8.0200,8.0700,7.6900,7.7700,8.1000,8489283,66808899.8000,3,0.328307,1,-4.074079,0
2018-06-12,sz.002470,7.7700,8.1500,7.7700,8.1100,7.7700,8807717,70394684.5200,3,0.340622,1,4.375800,0
2018-06-13,sz.002470,8.1500,8.2500,8.0700,8.1700,8.1100,8571875,70151029.4500,3,0.331501,1,0.739833,0
2018-06-14,sz.002470,8.1200,8.1200,7.3500,7.4700,8.1700,26817231,204825181.7500,3,1.037105,1,-8.567935,0
2018-06-15,sz.002470,7.4700,7.4700,7.4700,7.4700,7.4700,0,0.0000,3,,0,0.000000,0
2018-06-19,sz.002470,7.3900,7.3900,7.3900,7.3900,7.3900,0,0.0000,3,,0,0.000000,0
2018-06-20,sz.002470,7.3900,7.3900,7.3900,7.3900,7.3900,0,0.0000,3,,0,0.000000,0
2018-06-21,sz.002470,7.3900,7.3900,7.3900,7.3900,7.3900,0,0.0000,3,,0,0.000000,0
2018-06-22,sz.002470,7.3900,7.3900,7.3900,7.3900,7.3900,0,0.0000,3,,0,0.000000,0
2018-06-25,sz.002470,7.0800,8.0500,6.6500,7.3000,7.3900,27783001,196864701.7800,3,1.074454,1,-1.217858,0
2018-06-26,sz.002470,7.1800,7.3900,7.0500,7.0900,7.3000,14486074,104209466.9900,3,0.560221,1,-2.876713,0
2018-06-27,sz.002470,7.1000,7.1500,7.0000,7.0000,7.0900,6899065,48867684.7800,3,0.266808,1,-1.269396,0
2018-06-28,sz.002470,6.9600,7.0600,6.6800,6.7400,7.0000,8758030,60199548.7000,3,0.338700,1,-3.714289,0
2018-06-29,sz.002470,6.7000,6.9300,6.6800,6.8800,6.7400,8729430,59704121.2600,3,0.337594,1,2.077157,0
2018-07-02,sz.002470,6.8800,7.0000,6.7700,6.8100,6.8800,6053692,41797242.4600,3,0.234115,1,-1.017444,0
2018-07-03,sz.002470,6.7800,6.9000,6.4500,6.7400,6.8100,15222604,101127689.9700,3,0.588705,1,-1.027903,0
2018-07-04,sz.002470,6.7500,6.7600,6.6200,6.7300,6.7400,7611911,50826398.3100,3,0.294376,1,-0.148364,0
2018-07-05,sz.002470,6.7300,6.7300,6.1600,6.1700,6.7300,13454632,85612690.6000,3,0.520332,1,-8.320950,0
2018-07-06,sz.002470,6.2000,6.4400,6.1300,6.3700,6.1700,10148415,63892952.0700,3,0.392470,1,3.241488,0
2018-07-09,sz.002470,6.3800,6.6100,6.3700,6.4600,6.3700,11873707,76919571.2500,3,0.459193,1,1.412875,0
2018-07-10,sz.002470,6.5100,6.6900,6.4500,6.6400,6.4600,8443842,55542685.3300,3,0.326549,1,2.786375,0
2018-07-11,sz.002470,6.4600,6.6500,6.4000,6.5900,6.6400,6406949,41854379.4600,3,0.247776,1,-0.753008,0
2018-07-12,sz.002470,6.4900,6.9900,6.4900,6.8700,6.5900,10634564,72753318.2400,3,0.411271,1,4.248858,0
2018-07-13,sz.002470,6.8700,6.9600,6.8000,6.8800,6.8700,5855054,40400595.0300,3,0.226433,1,0.145564,0
2018-07-16,sz.002470,6.8600,7.0000,6.8300,6.9400,6.8800,4381340,30307347.1600,3,0.169440,1,0.872092,0
2018-07-17,sz.002470,6.9300,6.9500,6.7100,6.7900,6.9400,7126616,48568286.9700,3,0.275608,1,-2.161385,0
2018-07-18,sz.002470,6.7700,7.4700,6.7700,7.4700,6.7900,20350430,148266588.0700,3,0.787014,1,10.014720,0
2018-07-19,sz.002470,7.3500,7.4200,7.0200,7.0900,7.4700,20265735,145184048.2400,3,0.783738,1,-5.087010,0
2018-07-20,sz.002470,7.1100,7.1800,6.9400,7.1400,7.0900,12670005,89928285.7400,3,0.489988,1,0.705215,0
2018-07-23,sz.002470,7.1700,7.2700,7.0700,7.2000,7.1400,9715251,69551309.0700,3,0.375719,1,0.840335,0
2018-07-24,sz.002470,7.2000,7.3000,7.1600,7.1900,7.2000,11984112,86424687.7200,3,0.463463,1,-0.138885,0
2018-07-25,sz.002470,7.2200,7.2500,7.0900,7.1200,7.1900,7309482,52313935.2700,3,0.282680,1,-0.973577,0
2018-07-26,sz.002470,7.0900,7.1600,7.0000,7.0400,7.1200,6583568,46460431.1600,3,0.254607,1,-1.123595,0
2018-07-27,sz.002470,7.0300,7.1500,7.0200,7.0400,7.0400,5946499,42046125.0600,3,0.229969,1,0.000000,0
2018-07-30,sz.002470,7.0100,7.0700,6.9400,6.9700,7.0400,5448897,38027163.1600,3,0.210726,1,-0.994321,0
2018-07-31,sz.002470,7.0200,7.0800,6.9400,7.0300,6.9700,5234972,36743255.0700,3,0.202452,1,0.860838,0
2018-08-01,sz.002470,7.0400,7.0600,6.7000,6.7500,7.0300,8318189,57281439.5300,3,0.321690,1,-3.982933,0
2018-08-02,sz.002470,6.7600,6.7700,6.3500,6.5400,6.7500,7316766,47895588.4100,3,0.282962,1,-3.111112,0
2018-08-03,sz.002470,6.5300,6.8000,6.4800,6.6800,6.5400,10009514,66918789.7500,3,0.387099,1,2.140671,0
2018-08-06,sz.002470,6.5400,6.7400,6.2600,6.3100,6.6800,9699031,62701097.4500,3,0.375091,1,-5.538921,0
2018-08-07,sz.002470,6.3500,6.9200,6.3500,6.8500,6.3100,15406009,103902308.6000,3,0.595798,1,8.557844,0
2018-08-08,sz.002470,6.9000,6.9700,6.7800,6.8500,6.8500,11136996,76436910.7500,3,0.430702,1,0.000000,0
2018-08-09,sz.002470,6.8300,7.0600,6.6100,7.0600,6.8500,13105578,90278157.7600,3,0.506833,1,3.065694,0
2018-08-10,sz.002470,6.9900,7.1800,6.9300,7.0600,7.0600,13112776,92785668.0500,3,0.507111,1,0.000000,0
2018-08-13,sz.002470,6.9500,7.0500,6.8600,6.9400,7.0600,7580329,52474054.5300,3,0.293155,1,-1.699715,0
2018-08-14,sz.002470,6.9600,7.0100,6.8700,6.9500,6.9400,8397012,58221155.4600,3,0.324738,1,0.144089,0
2018-08-15,sz.002470,6.9600,7.0300,6.7800,6.8000,6.9500,5492725,38006057.8000,3,0.212421,1,-2.158268,0
2018-08-16,sz.002470,6.7200,6.9600,6.6200,6.8000,6.8000,7182974,49177302.9800,3,0.277788,1,0.000000,0
2018-08-17,sz.002470,6.8100,7.1600,6.5600,6.6300,6.8000,11539412,78744265.6200,3,0.446265,1,-2.500001,0
2018-08-20,sz.002470,6.6100,6.9400,6.5100,6.9300,6.6300,10681415,72065017.9900,3,0.413083,1,4.524882,0
2018-08-21,sz.002470,6.9200,7.0100,6.8100,6.9900,6.9300,8642325,59796593.7500,3,0.334225,1,0.865800,0
2018-08-22,sz.002470,6.9500,6.9600,6.8100,6.9000,6.9900,6399497,44039077.0400,3,0.247488,1,-1.287549,0
2018-08-23,sz.002470,6.7900,6.9200,6.6000,6.7600,6.9000,11477499,76674430.9700,3,0.421072,1,-2.028983,0
2018-08-24,sz.002470,6.7000,6.7000,6.5000,6.5900,6.7600,9515846,62570863.6500,3,0.349106,1,-2.514794,0
2018-08-27,sz.002470,6.5600,6.8400,6.5400,6.7500,6.5900,8111751,54255081.1500,3,0.297594,1,2.427919,0
2018-08-28,sz.002470,6.7900,6.8400,6.7200,6.7700,6.7500,4302178,29149950.2500,3,0.157833,1,0.296296,0
2018-08-29,sz.002470,6.7700,6.8300,6.6600,6.7200,6.7700,2948267,19807619.7000,3,0.108162,1,-0.738555,0
2018-08-30,sz.002470,6.7100,6.7300,6.5100,6.5300,6.7200,6157085,40512598.6200,3,0.225884,1,-2.827375,0
2018-08-31,sz.002470,6.5600,6.7000,6.3400,6.6600,6.5300,10744776,69778586.2800,3,0.394191,1,1.990806,0
2018-09-03,sz.002470,6.6000,6.6400,6.1300,6.4200,6.6600,14084610,89319341.5000,3,0.516719,1,-3.603600,0
2018-09-04,sz.002470,6.4000,6.4200,6.1900,6.3600,6.4200,11829011,74462490.0000,3,0.433968,1,-0.934579,0
2018-09-05,sz.002470,6.3300,6.3500,6.1700,6.1800,6.3600,8315052,51841693.4800,3,0.305052,1,-2.830193,0
2018-09-06,sz.002470,6.1800,6.2400,6.0600,6.0700,6.1800,5775848,35391673.8400,3,0.211897,1,-1.779930,0
2018-09-07,sz.002470,6.1000,6.1600,5.9200,5.9400,6.0700,7655157,46067752.7700,3,0.280843,1,-2.141682,0
2018-09-10,sz.002470,5.9100,5.9400,5.8000,5.8400,5.9400,4999904,29244512.9600,3,0.183430,1,-1.683500,0
2018-09-11,sz.002470,5.8100,6.2000,5.8100,6.1100,5.8400,8971022,53825656.2800,3,0.329118,1,4.623287,0
2018-09-12,sz.002470,6.0500,6.1700,6.0100,6.1100,6.1100,7087203,43282866.8900,3,0.260007,1,0.000000,0
2018-09-13,sz.002470,6.1100,6.5700,6.1100,6.4700,6.1100,13094160,83049460.1000,3,0.480382,1,5.891974,0
2018-09-14,sz.002470,6.4600,6.5400,6.3700,6.4900,6.4700,7874568,50965743.2500,3,0.288892,1,0.309119,0
2018-09-17,sz.002470,6.4700,6.5300,6.2200,6.2900,6.4900,6691409,42732689.8300,3,0.245486,1,-3.081661,0
2018-09-18,sz.002470,6.4000,6.4600,6.2800,6.3300,6.2900,7949100,50560899.2600,3,0.291627,1,0.635930,0
2018-09-19,sz.002470,6.3300,6.5300,6.3300,6.5000,6.3300,6464761,41776894.0700,3,0.237171,1,2.685625,0
2018-09-20,sz.002470,6.6000,6.6200,6.2800,6.3400,6.5000,7393987,47470348.5000,3,0.271262,1,-2.461536,0
2018-09-21,sz.002470,6.3500,6.6000,6.3400,6.5800,6.3400,9604162,62512258.1000,3,0.352346,1,3.785486,0
2018-09-25,sz.002470,6.5500,6.5500,6.4400,6.4800,6.5800,4134308,26782616.9100,3,0.151674,1,-1.519755,0
2018-09-26,sz.002470,6.5100,6.5900,6.4200,6.5300,6.4800,4663484,30379275.6600,3,0.171088,1,0.771608,0
2018-09-27,sz.002470,6.5200,6.6100,6.4400,6.5400,6.5300,6352626,41612079.5600,3,0.233057,1,0.153136,0
2018-09-28,sz.002470,6.5400,6.7900,6.4800,6.7600,6.5400,10654040,70687224.4400,3,0.390862,1,3.363919,0
2018-10-08,sz.002470,6.6600,6.7600,6.5700,6.5800,6.7600,5287416,35130419.9000,3,0.193978,1,-2.662726,0
2018-10-09,sz.002470,6.5800,6.6300,6.3600,6.4100,6.5800,5870591,37906308.7600,3,0.215373,1,-2.583588,0
2018-10-10,sz.002470,6.4800,6.4900,6.3800,6.4500,6.4100,2495865,16090356.7600,3,0.091565,1,0.624024,0
2018-10-11,sz.002470,6.2000,6.4000,5.8200,6.1000,6.4500,7046018,43163379.6400,3,0.258496,1,-5.426355,0
2018-10-12,sz.002470,6.1000,6.1500,5.8900,6.0300,6.1000,6451996,38919355.2100,3,0.236703,1,-1.147536,0
2018-10-15,sz.002470,6.1200,6.1200,5.7500,5.8900,6.0300,7114130,42021699.0700,3,0.260994,1,-2.321730,0
2018-10-16,sz.002470,5.8700,5.9300,5.6200,5.6800,5.8900,4946240,28481735.3800,3,0.181462,1,-3.565366,0
2018-10-17,sz.002470,5.7500,5.8100,5.5200,5.6500,5.6800,4528590,25614373.2200,3,0.166139,1,-0.528164,0
2018-10-18,sz.002470,5.5700,5.6400,5.3100,5.5000,5.6500,9432235,51376531.2700,3,0.346038,1,-2.654869,0
2018-10-19,sz.002470,5.3600,5.6000,5.3600,5.5800,5.5000,6096568,33572913.5000,3,0.223663,1,1.454544,0
2018-10-22,sz.002470,5.6800,5.9000,5.5800,5.7200,5.5800,10572514,60894402.1900,3,0.387871,1,2.508958,0
2018-10-23,sz.002470,5.7300,5.8900,5.5700,5.6400,5.7200,7069485,40548559.8800,3,0.259357,1,-1.398600,0
2018-10-24,sz.002470,5.5900,5.7100,5.5500,5.6100,5.6400,7905807,44555589.5500,3,0.290039,1,-0.531910,0
2018-10-25,sz.002470,5.4600,5.6700,5.4000,5.6200,5.6100,5528030,30435098.4200,3,0.202806,1,0.178249,0
2018-10-26,sz.002470,5.6400,5.7800,5.5600,5.5900,5.6200,4273853,24275857.9900,3,0.156794,1,-0.533803,0
2018-10-29,sz.002470,5.5800,5.6500,5.5100,5.5900,5.5900,2860100,16033780.0000,3,0.104928,1,0.000000,0
2018-10-30,sz.002470,5.5400,5.6800,5.4200,5.6100,5.5900,4360985,24309556.6700,3,0.159990,1,0.357781,0
2018-10-31,sz.002470,5.6300,5.7200,5.6100,5.6600,5.6100,5090403,28822870.9600,3,0.186750,1,0.891260,0
2018-11-01,sz.002470,5.7000,5.8200,5.5900,5.7200,5.6600,7280589,41842940.3700,3,0.267101,1,1.060070,0
2018-11-02,sz.002470,5.7800,5.9900,5.7800,5.9700,5.7200,8695812,51404383.7600,3,0.319021,1,4.370629,0
2018-11-05,sz.002470,5.9400,6.0800,5.9000,6.0000,5.9700,4843068,29013486.8200,3,0.177677,1,0.502516,0
2018-11-06,sz.002470,6.0300,6.0900,5.9400,6.0600,6.0000,3965976,23841019.7800,3,0.145499,1,0.999999,0
2018-11-07,sz.002470,6.0500,6.1000,5.9900,6.0200,6.0600,3432082,20749700.3800,3,0.125912,1,-0.660065,0
2018-11-08,sz.002470,6.0800,6.1000,6.0100,6.0200,6.0200,2799477,16951985.0500,3,0.102704,1,0.000000,0
2018-11-09,sz.002470,6.0500,6.1000,5.9900,6.0400,6.0200,2660470,16134042.8000,3,0.097604,1,0.332226,0
2018-11-12,sz.002470,6.0700,6.1700,6.0700,6.1600,6.0400,3741196,22944126.5800,3,0.137252,1,1.986753,0
2018-11-13,sz.002470,6.1000,6.3200,6.0900,6.3000,6.1600,4817902,29981363.1100,3,0.176753,1,2.272733,0
2018-11-14,sz.002470,6.3200,6.3200,6.0800,6.1500,6.3000,5689671,35290589.3900,3,0.208736,1,-2.380954,0
2018-11-15,sz.002470,6.1900,6.2500,6.1100,6.2300,6.1500,5124582,31649894.5800,3,0.188004,1,1.300812,0
2018-11-16,sz.002470,6.2300,6.6200,6.2100,6.4700,6.2300,12082233,77900275.4800,3,0.443258,1,3.852324,0
2018-11-19,sz.002470,6.5700,6.6100,6.3700,6.4800,6.4700,8461383,54808263.5100,3,0.310421,1,0.154563,0
2018-11-20,sz.002470,6.4800,6.6000,6.3600,6.3800,6.4800,7564502,48742392.2300,3,0.277517,1,-1.543208,0
2018-11-21,sz.002470,6.3500,6.4500,6.2100,6.3300,6.3800,5736752,36332799.6100,3,0.210463,1,-0.783702,0
2018-11-22,sz.002470,6.2300,6.4500,6.2300,6.3800,6.3300,4138067,26330876.5200,3,0.151812,1,0.789892,0
2018-11-23,sz.002470,6.3800,6.4100,6.1700,6.1700,6.3800,5202271,32503155.0800,3,0.190855,1,-3.291537,0
2018-11-26,sz.002470,6.1700,6.2400,5.5500,5.8000,6.1700,14166627,82416240.1400,3,0.519728,1,-5.996757,0
2018-11-27,sz.002470,5.8600,5.9600,5.8100,5.9500,5.8000,12233845,72075379.6400,3,0.448820,1,2.586200,0
2018-11-28,sz.002470,5.9800,6.1000,5.9300,6.0100,5.9500,8182710,49120968.1800,3,0.300197,1,1.008410,0
2018-11-29,sz.002470,6.0400,6.1700,6.0100,6.0400,6.0100,7946897,48370315.4700,3,0.291546,1,0.499164,0
2018-11-30,sz.002470,6.0600,6.1300,5.8000,6.0200,6.0400,7374154,44179886.5400,3,0.270534,1,-0.331126,0
2018-12-03,sz.002470,6.1100,6.4400,6.1100,6.3500,6.0200,9009833,56929553.4000,3,0.330542,1,5.481726,0
2018-12-04,sz.002470,6.3600,6.3900,6.2200,6.2700,6.3500,7244671,45541669.1900,3,0.265784,1,-1.259841,0
2018-12-05,sz.002470,6.2000,6.4900,6.1500,6.3800,6.2700,13669539,87127978.1500,3,0.501491,1,1.754388,0
2018-12-06,sz.002470,6.3600,6.3600,6.1500,6.1500,6.3800,7837382,48653790.6500,3,0.287528,1,-3.605016,0
2018-12-07,sz.002470,6.3000,6.3000,6.1400,6.2200,6.1500,6157978,38211273.5700,3,0.225916,1,1.138206,0
2018-12-10,sz.002470,6.1800,6.2400,5.9000,5.9700,6.2200,11934212,71958388.4400,3,0.437828,1,-4.019293,0
2018-12-11,sz.002470,6.0200,6.3800,6.0100,6.3200,5.9700,15994670,99678313.0500,3,0.586793,1,5.862653,0
2018-12-12,sz.002470,6.3800,6.4500,6.3000,6.3700,6.3200,11720121,74537732.2600,3,0.429973,1,0.791135,0
2018-12-13,sz.002470,6.4700,6.4700,6.2200,6.2700,6.3700,13595594,85473162.6000,3,0.498778,1,-1.569857,0
2018-12-14,sz.002470,6.3000,6.3000,6.0800,6.0800,6.2700,16748300,103086248.3800,3,0.614441,1,-3.030304,0
2018-12-17,sz.002470,6.0400,6.1800,6.0400,6.1400,6.0800,6969004,42542159.5500,3,0.255670,1,0.986841,0
2018-12-18,sz.002470,6.1000,6.1200,5.9600,6.0400,6.1400,5452822,32876054.2000,3,0.200046,1,-1.628663,0
2018-12-19,sz.002470,6.0400,6.0700,5.9600,5.9800,6.0400,3894312,23415280.2300,3,0.142870,1,-0.993376,0
2018-12-20,sz.002470,5.9400,6.0600,5.8500,5.9400,5.9800,5281286,31423251.4700,3,0.193753,1,-0.668896,0
2018-12-21,sz.002470,5.9100,6.0300,5.9000,6.0000,5.9400,5343524,31797755.7600,3,0.196037,1,1.010100,0
2018-12-24,sz.002470,6.0200,6.3100,5.9600,6.3000,6.0000,9944242,61979789.7100,3,0.364822,1,5.000003,0
2018-12-25,sz.002470,6.2500,6.3600,6.1700,6.2900,6.3000,6498864,40683891.1300,3,0.238422,1,-0.158734,0
2018-12-26,sz.002470,6.3000,6.4400,6.2800,6.2800,6.2900,5181180,32943692.8000,3,0.190081,1,-0.158979,0
2018-12-27,sz.002470,6.3500,6.4100,6.2900,6.3200,6.2800,5992180,38025996.9100,3,0.219834,1,0.636942,0
2018-12-28,sz.002470,6.2800,6.3600,6.2600,6.3200,6.3200,5141922,32452230.9200,3,0.188641,1,0.000000,0
2019-01-02,sz.002470,6.3500,6.4100,6.2700,6.3500,6.3200,4612912,29307774.1200,3,0.169233,1,0.474679,0
2019-01-03,sz.002470,6.3400,6.4300,6.2100,6.2700,6.3500,6468536,40886107.1900,3,0.237310,1,-1.259841,0
2019-01-04,sz.002470,6.2200,6.5500,6.2100,6.4200,6.2700,6857156,43822162.1300,3,0.251567,1,2.392346,0
2019-01-07,sz.002470,6.3900,6.6000,6.3900,6.5800,6.4200,7339376,47950269.8600,3,0.269258,1,2.492209,0
2019-01-08,sz.002470,6.5700,6.8500,6.5500,6.8000,6.5800,9768611,65646186.2300,3,0.358379,1,3.343469,0
2019-01-09,sz.002470,6.8000,7.0200,6.7500,6.8500,6.8000,11271442,77590527.5400,3,0.413513,1,0.735290,0
2019-01-10,sz.002470,6.7800,6.8800,6.6600,6.7800,6.8500,9124119,61531013.8700,3,0.334734,1,-1.021893,0
2019-01-11,sz.002470,6.7800,6.8800,6.7100,6.8000,6.7800,7185358,48940995.3700,3,0.263608,1,0.294985,0
2019-01-14,sz.002470,6.8200,6.9500,6.7000,6.8700,6.8000,6455963,44239983.1400,3,0.236848,1,1.029407,0
2019-01-15,sz.002470,6.8100,7.1000,6.7800,7.0700,6.8700,8684924,60838575.6000,3,0.318622,1,2.911212,0
2019-01-16,sz.002470,7.1000,7.1700,6.9600,7.0100,7.0700,6194217,43711735.3500,3,0.227246,1,-0.848656,0
2019-01-17,sz.002470,7.0600,7.0800,6.9300,6.9900,7.0100,4187678,29236705.0900,3,0.153632,1,-0.285313,0
2019-01-18,sz.002470,7.0000,7.0300,6.8700,6.9900,6.9900,6687561,46556576.1300,3,0.245345,1,0.000000,0
2019-01-21,sz.002470,6.9800,7.0400,6.9000,6.9200,6.9900,5565548,38674586.5900,3,0.204182,1,-1.001426,0
2019-01-22,sz.002470,6.9500,7.0200,6.8300,6.8500,6.9200,6056126,41765837.1300,3,0.222180,1,-1.011563,0
2019-01-23,sz.002470,6.8800,6.9200,6.7600,6.8600,6.8500,5444083,37221566.5800,3,0.199726,1,0.145989,0
2019-01-24,sz.002470,6.8700,6.9700,6.7700,6.8400,6.8600,5929053,40576223.9700,3,0.217518,1,-0.291545,0
2019-01-25,sz.002470,6.8700,6.9200,6.7600,6.7900,6.8400,5415639,36987363.4000,3,0.198682,1,-0.730997,0
2019-01-28,sz.002470,6.7900,7.0400,6.7900,6.9000,6.7900,5492161,38114835.1100,3,0.201490,1,1.620031,0
2019-01-29,sz.002470,6.9500,6.9500,6.6900,6.8500,6.9000,6317037,42953049.2800,3,0.231752,1,-0.724640,0
2019-01-30,sz.002470,6.8000,6.9400,6.7000,6.8900,6.8500,4570630,31378803.0800,3,0.167682,1,0.583941,0
2019-01-31,sz.002470,6.8900,6.9100,6.7100,6.7800,6.8900,7847887,53311596.8500,3,0.287914,1,-1.596512,0
2019-02-01,sz.002470,6.8400,7.2000,6.8000,7.2000,6.7800,9846283,69427198.3600,3,0.361228,1,6.194685,0
2019-02-11,sz.002470,7.3000,7.3300,7.1500,7.2500,7.2000,8614125,62470662.6000,3,0.316024,1,0.694447,0
2019-02-12,sz.002470,7.2800,7.3200,6.7700,7.0300,7.2500,22634429,159256802.1500,3,0.830384,1,-3.034480,0
2019-02-13,sz.002470,6.9800,7.3500,6.8700,7.3000,7.0300,15807836,112651772.9600,3,0.579938,1,3.840682,0
2019-02-14,sz.002470,7.2900,7.3000,7.1800,7.2000,7.3000,7270339,52544846.3400,3,0.266725,1,-1.369868,0
2019-02-15,sz.002470,7.2000,7.2800,7.0800,7.0900,7.2000,5778042,41460661.5300,3,0.211978,1,-1.527773,0
2019-02-18,sz.002470,7.1100,7.3300,7.1100,7.3300,7.0900,10247150,74340098.4500,3,0.375935,1,3.385046,0
2019-02-19,sz.002470,7.3400,7.5600,7.2400,7.3000,7.3300,10106194,74503198.0300,3,0.370764,1,-0.409273,0
2019-02-20,sz.002470,7.4300,7.4600,7.2400,7.3600,7.3000,7095994,52075322.9000,3,0.260329,1,0.821917,0
2019-02-21,sz.002470,7.3400,7.4700,7.1900,7.3800,7.3600,9841252,72331369.6500,3,0.361044,1,0.271739,0
2019-02-22,sz.002470,7.3000,7.6200,7.3000,7.6100,7.3800,10511268,79003725.7000,3,0.385625,1,3.116531,0
2019-02-25,sz.002470,7.6100,7.9900,7.5800,7.9300,7.6100,13560274,106512218.2000,3,0.497483,1,4.204989,0
2019-02-26,sz.002470,8.0100,8.2100,7.9400,8.0000,7.9300,15143348,121870602.8700,3,0.555561,1,0.882726,0
2019-02-27,sz.002470,7.9900,8.1400,7.7700,7.8200,8.0000,8844523,70167415.1700,3,0.324477,1,-2.249998,0
2019-02-28,sz.002470,7.8200,7.9100,7.6700,7.7400,7.8200,12441956,96459545.5000,3,0.456455,1,-1.023023,0
2019-03-01,sz.002470,7.7500,7.8700,7.6200,7.8500,7.7400,8176373,63317113.9400,3,0.299965,1,1.421190,0
2019-03-04,sz.002470,7.8500,8.0400,7.7500,7.7900,7.8500,13702503,108396001.1400,3,0.502701,1,-0.764331,0
2019-03-05,sz.002470,7.8300,7.9800,7.7600,7.9800,7.7900,10547500,83107606.6900,3,0.386954,1,2.439025,0
2019-03-06,sz.002470,8.0500,8.0700,7.7000,7.8800,7.9800,17786146,139281992.3800,3,0.652516,1,-1.253132,0
2019-03-07,sz.002470,7.8000,7.9500,7.6900,7.8600,7.8800,16783080,131787885.2400,3,0.615717,1,-0.253807,0
2019-03-08,sz.002470,7.9000,8.0700,7.6800,7.6800,7.8600,17450158,136873499.6700,3,0.640190,1,-2.290080,0
2019-03-11,sz.002470,7.6500,7.9200,7.6500,7.9100,7.6800,10665462,83404769.2800,3,0.391281,1,2.994792,0
2019-03-12,sz.002470,7.9900,8.0400,7.8700,7.9100,7.9100,11774524,93671394.6300,3,0.431969,1,0.000000,0
2019-03-13,sz.002470,7.9100,7.9800,7.7100,7.7500,7.9100,10580556,82938584.3800,3,0.388166,1,-2.022754,0
2019-03-14,sz.002470,7.7100,7.8300,7.6300,7.7400,7.7500,7746491,60037772.2900,3,0.284194,1,-0.129035,0
2019-03-15,sz.002470,7.7200,8.0500,7.7000,8.0200,7.7400,10609222,83868473.1400,3,0.389218,1,3.617580,0
2019-03-18,sz.002470,7.9900,8.1800,7.9100,8.1700,8.0200,10784531,87033269.6200,3,0.395650,1,1.870319,0
2019-03-19,sz.002470,8.2500,8.2800,7.9600,7.9900,8.1700,7838511,63326743.9700,3,0.287570,1,-2.203186,0
2019-03-20,sz.002470,8.0100,8.0800,7.8200,7.9000,7.9900,7277676,57745910.6000,3,0.266994,1,-1.126404,0
2019-03-21,sz.002470,7.9600,7.9800,7.7800,7.9300,7.9000,8794586,69556100.5000,3,0.322645,1,0.379744,0
2019-03-22,sz.002470,7.9300,8.0900,7.8600,8.0800,7.9300,7709439,61557028.7400,3,0.282834,1,1.891552,0
2019-03-25,sz.002470,7.9800,8.2000,7.8500,7.8700,8.0800,11018274,88526573.3400,3,0.404225,1,-2.599010,0
2019-03-26,sz.002470,7.5100,7.9800,7.0800,7.7700,7.8700,43345982,323494241.8400,3,1.590224,1,-1.270647,0
2019-03-27,sz.002470,7.6000,7.6000,7.2200,7.3100,7.7700,21959199,161446789.1800,3,0.805612,1,-5.920207,0
2019-03-28,sz.002470,7.3100,7.3300,7.1000,7.2000,7.3100,9748169,70110864.7200,3,0.357629,1,-1.504790,0
2019-03-29,sz.002470,7.2000,7.5200,7.1800,7.4200,7.2000,11993474,88686776.2600,3,0.440002,1,3.055559,0
2019-04-01,sz.002470,7.4600,7.6900,7.4200,7.5400,7.4200,16062232,121593560.5400,3,0.589271,1,1.617249,0
2019-04-02,sz.002470,7.6000,7.7200,7.5000,7.5500,7.5400,10941600,83258156.4600,3,0.401412,1,0.132629,0
2019-04-03,sz.002470,7.5800,7.6200,7.5000,7.6000,7.5500,9530118,72158375.2300,3,0.349629,1,0.662248,0
2019-04-04,sz.002470,7.6500,7.6600,7.5400,7.6000,7.6000,10311301,78384049.6500,3,0.378288,1,0.000000,0
2019-04-08,sz.002470,7.7000,7.9700,7.5900,7.6400,7.6000,28580754,222246022.1200,3,1.048536,1,0.526315,0
2019-04-09,sz.002470,7.6000,7.6000,7.2600,7.3400,7.6400,21188763,155866411.6600,3,0.777347,1,-3.926698,0
2019-04-10,sz.002470,7.3500,7.3800,7.1600,7.3000,7.3400,15700381,113919064.0300,3,0.575996,1,-0.544959,0
2019-04-11,sz.002470,7.2800,7.3400,7.0100,7.0700,7.3000,17463510,124759159.9000,3,0.640680,1,-3.150685,0
2019-04-12,sz.002470,7.0600,7.1200,7.0000,7.0700,7.0700,9370927,66207476.2900,3,0.343789,1,0.000000,0
2019-04-15,sz.002470,7.1200,7.1500,7.0100,7.0300,7.0700,11358598,80523420.2700,3,0.416710,1,-0.565770,0
2019-04-16,sz.002470,7.0400,7.1300,6.8700,7.1200,7.0300,12127115,84841513.0000,3,0.444905,1,1.280223,0
2019-04-17,sz.002470,7.1200,7.1800,7.0800,7.1500,7.1200,9354876,66694180.3800,3,0.343200,1,0.421351,0
2019-04-18,sz.002470,7.1500,7.1600,7.0900,7.1100,7.1500,5232916,37274087.5300,3,0.191979,1,-0.559440,0
2019-04-19,sz.002470,7.0700,7.1600,7.0300,7.1300,7.1100,8337088,59192560.2100,3,0.305861,1,0.281294,0
2019-04-22,sz.002470,7.1400,7.1500,6.9000,6.9600,7.1300,11824825,82900933.9600,3,0.433815,1,-2.384293,0
2019-04-23,sz.002470,6.9500,6.9500,6.7300,6.7400,6.9600,11414007,77871480.4900,3,0.418743,1,-3.160923,0
2019-04-24,sz.002470,6.7500,6.9000,6.6500,6.8800,6.7400,9989746,67639726.4400,3,0.366492,1,2.077157,0
2019-04-25,sz.002470,6.8500,6.9300,6.6800,6.7000,6.8800,8426432,57453345.6800,3,0.309139,1,-2.616283,0
2019-04-26,sz.002470,6.7200,6.7600,6.5500,6.5600,6.7000,11182865,74046427.1600,3,0.410263,1,-2.089550,0
2019-04-29,sz.002470,6.5500,6.5600,6.2000,6.4400,6.5600,12886854,82254802.7000,3,0.472777,1,-1.829267,0
2019-04-30,sz.002470,5.9900,6.1900,5.8000,5.8000,6.4400,37889604,222554931.3600,3,1.394213,1,-9.937886,0
2019-05-06,sz.002470,5.2200,5.2200,5.2200,5.2200,5.8000,9241700,48241674.0000,3,0.340064,1,-10.000010,0
2019-05-07,sz.002470,4.7000,4.8500,4.7000,4.7000,5.2200,146522054,690635339.9000,3,5.391529,1,-9.961685,0
2019-05-08,sz.002470,4.5200,4.5900,4.3200,4.4500,4.7000,129074757,571989367.2000,3,4.749526,1,-5.319149,0
2019-05-09,sz.002470,4.3900,4.5600,4.3400,4.4100,4.4500,73589528,328196829.6500,3,2.707852,1,-0.898876,0
2019-05-10,sz.002470,4.4600,4.5400,4.3600,4.5100,4.4100,75898926,340126605.8200,3,2.792831,1,2.267582,0
2019-05-13,sz.002470,4.4200,4.4600,4.3300,4.3600,4.5100,48867054,214705196.7300,3,1.798147,1,-3.325944,0
2019-05-14,sz.002470,4.2800,4.4200,4.2100,4.3600,4.3600,43680826,189880175.0700,3,1.607311,1,0.000000,0
2019-05-15,sz.002470,4.3700,4.5600,4.3700,4.5000,4.3600,57031906,255485140.1700,3,2.098586,1,3.211006,0
2019-05-16,sz.002470,4.4700,4.5000,4.4400,4.4900,4.5000,39932030,178519938.1900,3,1.469367,1,-0.222227,0
2019-05-17,sz.002470,4.5100,4.5200,4.2900,4.3000,4.4900,41723869,183466841.6600,3,1.535301,1,-4.231617,0
2019-05-20,sz.002470,4.2100,4.2400,3.9800,4.1100,4.3000,56931940,232132019.1500,3,2.094908,1,-4.418606,0
2019-05-21,sz.002470,4.1100,4.3600,4.1100,4.3000,4.1100,45991646,196604126.9600,3,1.692341,1,4.622872,0
2019-05-22,sz.002470,4.2900,4.3200,4.1400,4.1700,4.3000,34521943,145686836.3200,3,1.270294,1,-3.023258,0
2019-05-23,sz.002470,4.1500,4.2600,4.0900,4.1300,4.1700,34251998,142652612.9200,3,1.260361,1,-0.959232,0
2019-05-24,sz.002470,4.1600,4.1800,4.0300,4.0800,4.1300,25497763,104353848.8100,3,0.938234,1,-1.210658,0
2019-05-27,sz.002470,4.0800,4.2100,4.0700,4.2000,4.0800,35655841,147874089.0400,3,1.312018,1,2.941174,0
2019-05-28,sz.002470,4.1800,4.2400,4.1200,4.1500,4.2000,26435786,110568197.0000,3,0.972750,1,-1.190469,0
2019-05-29,sz.002470,4.1100,4.1800,4.0900,4.1500,4.1500,19595362,81200776.8200,3,0.721045,1,0.000000,0
2019-05-30,sz.002470,4.1100,4.2100,4.0700,4.1400,4.1500,26919922,111265402.1100,3,0.990565,1,-0.240969,0
2019-05-31,sz.002470,4.1400,4.1700,4.0700,4.1100,4.1400,24812680,102197022.1400,3,0.913025,1,-0.724631,0
2019-06-03,sz.002470,4.0800,4.1000,3.9400,3.9700,4.1100,31941598,127727751.0500,3,1.175346,1,-3.406328,0
2019-06-04,sz.002470,3.8900,4.1000,3.8600,4.0200,3.9700,35055108,139858792.3200,3,1.289913,1,1.259445,0
2019-06-05,sz.002470,4.0800,4.0900,3.9100,3.9500,4.0200,24363800,96926885.0200,3,0.896508,1,-1.741292,0
2019-06-06,sz.002470,3.9200,3.9500,3.8100,3.8200,3.9500,21517613,83048222.1900,3,0.791777,1,-3.291142,0
2019-06-10,sz.002470,3.8000,3.8800,3.8000,3.8200,3.8200,16811636,64510755.7600,3,0.618613,1,0.000000,0
2019-06-11,sz.002470,3.8200,3.9700,3.8100,3.9600,3.8200,30815005,120076479.1100,3,1.133891,1,3.664924,0
2019-06-12,sz.002470,3.9400,4.0100,3.9100,3.9100,3.9600,26850580,106006288.6000,3,0.988013,1,-1.262625,0
2019-06-13,sz.002470,3.9300,3.9700,3.8700,3.9500,3.9100,20131133,79008499.1300,3,0.740759,1,1.023017,0
2019-06-14,sz.002470,3.9600,4.1400,3.9400,3.9900,3.9500,46141421,186396058.8000,3,1.697852,1,1.012657,0
2019-06-17,sz.002470,3.9700,3.9700,3.8800,3.9300,3.9900,22575118,88491765.3000,3,0.830690,1,-1.503758,0
2019-06-18,sz.002470,3.9200,3.9300,3.8700,3.8900,3.9300,14659751,57089326.8400,3,0.539431,1,-1.017811,0
2019-06-19,sz.002470,3.9600,3.9900,3.9300,3.9400,3.8900,22956983,90836307.9600,3,0.844741,1,1.285346,0
2019-06-20,sz.002470,3.9300,4.0300,3.8900,3.9900,3.9400,23385035,92830088.7200,3,0.860492,1,1.269034,0
2019-06-21,sz.002470,4.0300,4.0700,3.9900,4.0200,3.9900,32930415,132873981.7100,3,1.211731,1,0.751879,0
2019-06-24,sz.002470,4.0400,4.0500,3.9300,3.9900,4.0200,33901199,134788671.7100,3,1.247453,1,-0.746268,0
2019-06-25,sz.002470,3.9800,3.9900,3.8600,3.8800,3.9900,36307473,141566310.4200,3,1.335995,1,-2.756890,0
2019-06-26,sz.002470,3.8600,3.9000,3.8200,3.8300,3.8800,35958311,138362730.3500,3,1.323147,1,-1.288665,0
2019-06-27,sz.002470,3.8400,3.8700,3.7500,3.7900,3.8300,58299038,221787421.4200,3,2.145213,1,-1.044385,0
2019-06-28,sz.002470,3.7800,3.7800,3.6100,3.6400,3.7900,54707282,200879671.4900,3,2.013048,1,-3.957780,0
2019-07-01,sz.002470,3.6600,3.7200,3.6300,3.7100,3.6400,57112541,210532687.6300,3,2.101554,1,1.923075,0
2019-07-02,sz.002470,3.7100,3.7200,3.6500,3.6700,3.7100,48204115,177564967.2300,3,1.773753,1,-1.078166,0
2019-07-03,sz.002470,3.6900,3.6900,3.6200,3.6600,3.6700,38503773,140185881.7500,3,1.416812,1,-0.272479,0
2019-07-04,sz.002470,3.6500,3.6800,3.6100,3.6300,3.6600,27765679,100989184.8100,3,1.021686,1,-0.819671,0
2019-07-05,sz.002470,3.6300,3.6300,3.5700,3.6000,3.6300,27626164,99401068.9000,3,1.016552,1,-0.826452,0
2019-07-08,sz.002470,3.5800,3.5800,3.3500,3.4100,3.6000,46628325,160372846.3700,3,1.715769,1,-5.277773,0
2019-07-09,sz.002470,3.4000,3.6000,3.3900,3.5400,3.4100,46390390,162750162.0800,3,1.707014,1,3.812313,0
2019-07-10,sz.002470,3.5400,3.5400,3.4300,3.4400,3.5400,32056212,111456040.7600,3,1.179563,1,-2.824856,0
2019-07-11,sz.002470,3.4500,3.4800,3.3800,3.4000,3.4400,27775152,95257911.7500,3,1.022034,1,-1.162790,0
2019-07-12,sz.002470,3.3900,3.5800,3.3900,3.5000,3.4000,53849622,188323364.1500,3,1.981489,1,2.941174,0
2019-07-15,sz.002470,3.4700,3.5900,3.3600,3.5000,3.5000,64259655,222888797.9400,3,2.364544,1,0.000000,0
2019-07-16,sz.002470,3.5000,3.5800,3.4700,3.5100,3.5000,54595762,192283208.7900,3,2.008944,1,0.285714,0
2019-07-17,sz.002470,3.5100,3.5900,3.4900,3.5200,3.5100,62564071,221489587.3800,3,2.302152,1,0.284900,0
2019-07-18,sz.002470,3.5100,3.5100,3.4000,3.4000,3.5200,48587283,166999104.8200,3,1.787852,1,-3.409088,0
2019-07-19,sz.002470,3.4200,3.4500,3.3800,3.3900,3.4000,36754976,125318376.7200,3,1.352462,1,-0.294117,0
2019-07-22,sz.002470,3.3900,3.4100,3.1800,3.2100,3.3900,46990332,152630185.1200,3,1.729090,1,-5.309736,0
2019-07-23,sz.002470,3.2100,3.2600,3.2000,3.2400,3.2100,27980888,90461923.1200,3,1.029605,1,0.934579,0
2019-07-24,sz.002470,3.2500,3.3100,3.2400,3.2800,3.2400,30731519,100591854.7300,3,1.130819,1,1.234567,0
2019-07-25,sz.002470,3.2800,3.2900,3.2400,3.2600,3.2800,24015223,78400616.4100,3,0.883681,1,-0.609756,0
2019-07-26,sz.002470,3.2400,3.2500,3.2100,3.2300,3.2600,24775600,79919603.0000,3,0.911700,1,-0.920200,0
2019-07-29,sz.002470,3.2300,3.2400,3.1800,3.1900,3.2300,19804900,63522272.0000,3,0.728755,1,-1.238389,0
2019-07-30,sz.002470,3.1800,3.2600,3.1800,3.2600,3.1900,29977192,96895246.1600,3,1.103100,1,2.194400,0
2019-07-31,sz.002470,3.2400,3.2400,3.2100,3.2200,3.2600,18438000,59450612.0000,3,0.678500,1,-1.227000,0
2019-08-01,sz.002470,3.2100,3.2600,3.1900,3.2400,3.2200,20743687,67081974.1600,3,0.767200,1,0.621100,0
2019-08-02,sz.002470,3.2000,3.2000,3.1400,3.1600,3.2400,30386835,96069333.6100,3,1.123900,1,-2.469100,0
2019-08-05,sz.002470,3.1500,3.1800,3.1100,3.1200,3.1600,21646870,67956023.4000,3,0.800600,1,-1.265800,0
2019-08-06,sz.002470,3.0300,3.0800,2.9200,2.9900,3.1200,40747010,121829429.0000,3,1.507000,1,-4.166700,0
2019-08-07,sz.002470,3.0200,3.0200,2.9600,2.9600,2.9900,21656460,64732068.8000,3,0.801000,1,-1.003300,0
2019-08-08,sz.002470,2.9700,3.0100,2.9700,3.0000,2.9600,18801500,56317421.8000,3,0.695400,1,1.351400,0
2019-08-09,sz.002470,3.0200,3.0300,2.9400,2.9400,3.0000,23124160,68994950.2000,3,0.855300,1,-2.000000,0
2019-08-12,sz.002470,2.9500,2.9800,2.9300,2.9800,2.9400,20029300,59239293.0000,3,0.740800,1,1.360500,0
2019-08-13,sz.002470,2.9600,2.9700,2.9400,2.9600,2.9800,16273374,48081223.0000,3,0.601900,1,-0.671100,0
2019-08-14,sz.002470,2.9900,3.0200,2.9600,2.9900,2.9600,21387874,63922625.9000,3,0.791000,1,1.013500,0
2019-08-15,sz.002470,2.9300,2.9800,2.8800,2.9800,2.9900,28981115,84867687.2500,3,1.071900,1,-0.334400,0
2019-08-16,sz.002470,2.9600,3.0000,2.9500,2.9800,2.9800,24356577,72662126.6900,3,0.900800,1,0.000000,0
2019-08-19,sz.002470,3.0000,3.0800,2.9900,3.0800,2.9800,33797244,102625070.0300,3,1.250000,1,3.355700,0
2019-08-20,sz.002470,3.0700,3.1000,3.0400,3.0600,3.0800,27252500,83740180.0000,3,1.007900,1,-0.649400,0
2019-08-21,sz.002470,3.0500,3.0900,3.0400,3.0800,3.0600,17990636,55258021.5200,3,0.665400,1,0.653600,0
2019-08-22,sz.002470,3.0900,3.3500,3.0700,3.2800,3.0800,76464816,246453258.5200,3,2.828100,1,6.493500,0
2019-08-23,sz.002470,3.2600,3.2800,3.1800,3.2300,3.2800,48811663,157687255.9500,3,1.805300,1,-1.524400,0
2019-08-26,sz.002470,3.1500,3.2000,3.1100,3.1900,3.2300,29487969,93241162.5400,3,1.090600,1,-1.238400,0
2019-08-27,sz.002470,3.2000,3.3700,3.2000,3.3500,3.1900,53738565,176741323.5500,3,1.987500,1,5.015700,0
2019-08-28,sz.002470,3.3500,3.4000,3.2900,3.3100,3.3500,46827700,156217046.2800,3,1.731900,1,-1.194000,0
2019-08-29,sz.002470,3.3000,3.3700,3.2800,3.2900,3.3100,27593200,91280912.0000,3,1.020500,1,-0.604200,0
2019-08-30,sz.002470,3.3100,3.3200,3.1700,3.1800,3.2900,38118990,123228468.2000,3,1.409800,1,-3.343500,0
2019-09-02,sz.002470,3.1800,3.2900,3.1600,3.2900,3.1800,34321034,111365182.7800,3,1.269400,1,3.459100,0
2019-09-03,sz.002470,3.2900,3.3100,3.2000,3.2300,3.2900,37731988,121897929.5600,3,1.395500,1,-1.823700,0
2019-09-04,sz.002470,3.2200,3.2800,3.1900,3.2600,3.2300,31134581,100464140.9900,3,1.151500,1,0.928800,0
2019-09-05,sz.002470,3.2700,3.4700,3.2500,3.3200,3.2600,70158197,236012128.0100,3,2.594800,1,1.840500,0
2019-09-06,sz.002470,3.3400,3.3600,3.2600,3.3000,3.3200,37792475,124822066.0900,3,1.397800,1,-0.602400,0
2019-09-09,sz.002470,3.3500,3.4100,3.2700,3.3900,3.3000,53181474,177931405.1600,3,1.966900,1,2.727300,0
2019-09-10,sz.002470,3.3900,3.5300,3.3700,3.4900,3.3900,73483577,255466908.8500,3,2.717800,1,2.949800,0
2019-09-11,sz.002470,3.5100,3.6800,3.4600,3.5600,3.4900,72903701,259860939.0400,3,2.696400,1,2.005700,0
2019-09-12,sz.002470,3.5800,3.6100,3.5100,3.5700,3.5600,47955533,170606666.6000,3,1.773700,1,0.280900,0
2019-09-16,sz.002470,3.5700,3.5900,3.4900,3.5300,3.5700,58406570,206057453.3300,3,2.160200,1,-1.120400,0
2019-09-17,sz.002470,3.4200,3.4800,3.3000,3.3300,3.5300,76430176,256913135.2900,3,2.826800,1,-5.665700,0
2019-09-18,sz.002470,3.3000,3.3300,3.2400,3.2600,3.3300,43642276,142868247.6200,3,1.614100,1,-2.102100,0
2019-09-19,sz.002470,3.2500,3.2800,3.2100,3.2600,3.2600,35060777,113696417.4100,3,1.296700,1,0.000000,0
2019-09-20,sz.002470,3.2600,3.2700,3.2200,3.2400,3.2600,23399143,75996781.8900,3,0.865400,1,-0.613500,0
2019-09-23,sz.002470,3.2400,3.2400,3.1300,3.1600,3.2400,32719783,103319356.1800,3,1.210200,1,-2.469100,0
2019-09-24,sz.002470,3.1500,3.1900,3.1300,3.1400,3.1600,26959265,85270408.0500,3,0.997100,1,-0.632900,0
2019-09-25,sz.002470,3.1000,3.1100,2.9900,3.0300,3.1400,42886931,130739221.6700,3,1.586200,1,-3.503200,0
2019-09-26,sz.002470,3.0500,3.0600,2.9900,3.0100,3.0300,28291900,85201370.4700,3,1.046400,1,-0.660100,0
2019-09-27,sz.002470,2.9900,3.0600,2.9900,3.0200,3.0100,19150083,58003885.5700,3,0.708300,1,0.332200,0
2019-09-30,sz.002470,3.0300,3.0500,2.9900,3.0100,3.0200,15409495,46414662.3400,3,0.569900,1,-0.331100,0
2019-10-08,sz.002470,2.9800,3.0100,2.9600,2.9600,3.0100,21660981,64618346.7600,3,0.801100,1,-1.661100,0
2019-10-09,sz.002470,2.9300,3.0000,2.9200,2.9900,2.9600,21441192,63704828.3400,3,0.793000,1,1.013500,0
2019-10-10,sz.002470,3.0100,3.0300,2.9700,3.0100,2.9900,29339557,88012107.4200,3,1.085100,1,0.668900,0
2019-10-11,sz.002470,3.0100,3.0100,2.9600,3.0100,3.0100,30336677,90503130.5400,3,1.122000,1,0.000000,0
2019-10-14,sz.002470,3.0300,3.0700,3.0100,3.0500,3.0100,37703801,114650721.6800,3,1.394500,1,1.328900,0
2019-10-15,sz.002470,3.0400,3.0500,3.0100,3.0200,3.0500,17668083,53507336.4900,3,0.653500,1,-0.983600,0
2019-10-16,sz.002470,3.0200,3.0400,3.0000,3.0000,3.0200,13751383,41535935.4900,3,0.508600,1,-0.662300,0
2019-10-17,sz.002470,2.9900,3.0200,2.9900,3.0100,3.0000,11729700,35272890.0000,3,0.433800,1,0.333300,0
2019-10-18,sz.002470,3.0100,3.0100,2.9300,2.9600,3.0100,21303535,63284562.9000,3,0.787900,1,-1.661100,0
2019-10-21,sz.002470,2.9600,2.9700,2.9300,2.9600,2.9600,14135624,41785929.1300,3,0.522800,1,0.000000,0
2019-10-22,sz.002470,2.9700,2.9900,2.9600,2.9800,2.9600,14630052,43486425.6300,3,0.541100,1,0.675700,0
2019-10-23,sz.002470,2.9700,2.9900,2.9400,2.9500,2.9800,12612400,37362590.8900,3,0.466500,1,-1.006700,0
2019-10-24,sz.002470,2.9500,2.9700,2.9200,2.9500,2.9500,16754009,49238859.0800,3,0.619700,1,0.000000,0
2019-10-25,sz.002470,2.9400,2.9900,2.9100,2.9800,2.9500,20978953,61762241.2900,3,0.775900,1,1.016900,0
2019-10-28,sz.002470,2.9600,3.1100,2.9500,3.0700,2.9800,49414815,149928000.8000,3,1.742100,1,3.020100,0
2019-10-29,sz.002470,3.0500,3.0600,2.9800,2.9800,3.0700,31072550,93703196.5200,3,1.095400,1,-2.931600,0
2019-10-30,sz.002470,2.9600,2.9800,2.9300,2.9400,2.9800,18578848,54765193.2000,3,0.655000,1,-1.342300,0
2019-10-31,sz.002470,2.9500,2.9600,2.9100,2.9100,2.9400,15956707,46754799.2100,3,0.562500,1,-1.020400,0
2019-11-01,sz.002470,2.9100,2.9400,2.8900,2.9300,2.9100,15790232,46047274.7200,3,0.556700,1,0.687300,0
2019-11-04,sz.002470,2.9400,2.9400,2.9000,2.9100,2.9300,18474804,53951614.7200,3,0.651300,1,-0.682600,0
2019-11-05,sz.002470,2.9100,2.9200,2.8500,2.9100,2.9100,23264472,67268247.5400,3,0.820200,1,0.000000,0
2019-11-06,sz.002470,2.8900,2.9000,2.8500,2.8700,2.9100,15873653,45653244.5600,3,0.559600,1,-1.374600,0
2019-11-07,sz.002470,2.8600,2.8800,2.8400,2.8600,2.8700,14741722,42180173.7600,3,0.519700,1,-0.348400,0
2019-11-08,sz.002470,2.8700,2.8900,2.8500,2.8600,2.8600,12178700,34914938.4000,3,0.429300,1,0.000000,0
2019-11-11,sz.002470,2.8500,2.8600,2.6900,2.7000,2.8600,44445112,121728818.4300,3,1.566900,1,-5.594400,0
2019-11-12,sz.002470,2.7100,2.7100,2.6300,2.6800,2.7000,25362620,67508833.2400,3,0.894100,1,-0.740700,0
2019-11-13,sz.002470,2.6800,2.6800,2.6300,2.6400,2.6800,16647600,44092862.8000,3,0.586900,1,-1.492500,0
2019-11-14,sz.002470,2.6300,2.6400,2.6000,2.6200,2.6400,19777082,51861868.0200,3,0.697200,1,-0.757600,0
2019-11-15,sz.002470,2.6200,2.6200,2.5400,2.5500,2.6200,27180561,69978443.1600,3,0.958200,1,-2.671800,0
2019-11-18,sz.002470,2.5300,2.5600,2.4900,2.5400,2.5500,25419103,64304636.0900,3,0.896100,1,-0.392200,0
2019-11-19,sz.002470,2.5400,2.6100,2.5300,2.6000,2.5400,34131900,88197067.0000,3,1.203300,1,2.362200,0
2019-11-20,sz.002470,2.6000,2.6100,2.5500,2.5500,2.6000,25307415,65181477.5500,3,0.892200,1,-1.923100,0
2019-11-21,sz.002470,2.5500,2.6200,2.5400,2.5700,2.5500,22855444,58931554.9600,3,0.805700,1,0.784300,0
2019-11-22,sz.002470,2.5800,2.6200,2.5400,2.5600,2.5700,29891433,77085369.3800,3,1.053800,1,-0.389100,0
2019-11-25,sz.002470,2.5700,2.6400,2.5500,2.6300,2.5600,36221507,94369410.2300,3,1.277000,1,2.734400,0
2019-11-26,sz.002470,2.6000,2.6100,2.5600,2.5800,2.6300,31256405,80924916.9400,3,1.101900,1,-1.901100,0
2019-11-27,sz.002470,2.5700,2.5800,2.5100,2.5200,2.5800,34989149,88631215.5200,3,1.233500,1,-2.325600,0
2019-11-28,sz.002470,2.5100,2.5400,2.4900,2.5100,2.5200,29227065,73234708.5000,3,1.030400,1,-0.396800,0
2019-11-29,sz.002470,2.5000,2.5100,2.4500,2.4900,2.5100,33714817,83597440.3400,3,1.188600,1,-0.796800,0
2019-12-02,sz.002470,2.4700,2.4900,2.4400,2.4700,2.4900,28057565,69264497.9100,3,0.989100,1,-0.803200,0
2019-12-03,sz.002470,2.4500,2.5100,2.4400,2.5100,2.4700,30231151,74739747.4100,3,1.065800,1,1.619400,0
2019-12-04,sz.002470,2.4900,2.5900,2.4800,2.5400,2.5100,44041931,111947034.0500,3,1.552700,1,1.195200,0
2019-12-05,sz.002470,2.5400,2.5400,2.5000,2.5200,2.5400,30980602,78071082.0200,3,1.092200,1,-0.787400,0
2019-12-06,sz.002470,2.5200,2.5200,2.4700,2.5100,2.5200,30077817,75056917.3300,3,1.060400,1,-0.396800,0
2019-12-09,sz.002470,2.5100,2.5300,2.4800,2.5100,2.5100,37321406,93351005.0000,3,1.315700,1,0.000000,0
2019-12-10,sz.002470,2.5100,2.5100,2.4800,2.5000,2.5100,31624724,78844676.7600,3,1.114900,1,-0.398400,0
2019-12-11,sz.002470,2.5000,2.5200,2.4800,2.5000,2.5000,37803033,94598924.6000,3,1.332700,1,0.000000,0
2019-12-12,sz.002470,2.5000,2.5000,2.4400,2.4500,2.5000,45643446,112653524.7000,3,1.609100,1,-2.000000,0
2019-12-13,sz.002470,2.4600,2.4800,2.4400,2.4700,2.4500,40002362,98332031.7900,3,1.410200,1,0.816300,0
2019-12-16,sz.002470,2.4900,2.5600,2.4600,2.5500,2.4700,95614662,241372929.8300,3,3.370800,1,3.238900,0
2019-12-17,sz.002470,2.5500,2.6500,2.5400,2.6200,2.5500,108452277,280862378.8300,3,3.823400,1,2.745100,0
2019-12-18,sz.002470,2.6600,2.7000,2.6200,2.6300,2.6200,93042458,246284835.8600,3,3.280100,1,0.381700,0
2019-12-19,sz.002470,2.6400,2.7200,2.6100,2.6900,2.6300,84639479,226823682.0200,3,2.983900,1,2.281400,0
2019-12-20,sz.002470,2.6900,2.7400,2.6400,2.6500,2.6900,61385398,164735260.5800,3,2.164100,1,-1.487000,0
2019-12-23,sz.002470,2.6400,2.6600,2.5700,2.5700,2.6500,72768280,190234342.8800,3,2.565400,1,-3.018900,0
2019-12-24,sz.002470,2.5800,2.6200,2.5600,2.6100,2.5700,43517345,112651769.1300,3,1.534200,1,1.556400,0
2019-12-25,sz.002470,2.6000,2.6200,2.5600,2.5800,2.6100,45664748,118337442.3600,3,1.609900,1,-1.149400,0
2019-12-26,sz.002470,2.5700,2.6100,2.5600,2.6100,2.5800,43853996,113331755.0200,3,1.546000,1,1.162800,0
2019-12-27,sz.002470,2.6000,2.6300,2.5900,2.6100,2.6100,50762197,132591540.3200,3,1.789600,1,0.000000,0
2019-12-30,sz.002470,2.6100,2.6500,2.5700,2.6500,2.6100,48612036,127093244.8000,3,1.713800,1,1.532600,0
2019-12-31,sz.002470,2.6400,2.6800,2.6300,2.6600,2.6500,44457115,117912956.6000,3,1.567300,1,0.377400,0
2020-01-02,sz.002470,2.6700,2.7200,2.6700,2.7100,2.6600,59999342,161820071.8800,3,2.115200,1,1.879700,0
2020-01-03,sz.002470,2.7200,2.8300,2.7000,2.8100,2.7100,100034915,277255763.8300,3,3.526600,1,3.690000,0
2020-01-06,sz.002470,2.7900,3.0900,2.7700,2.9700,2.8100,206170567,610458649.0800,3,7.268300,1,5.694000,0
2020-01-07,sz.002470,2.9300,3.0900,2.9000,3.0500,2.9700,140778688,421043455.5700,3,4.963000,1,2.693600,0
2020-01-08,sz.002470,3.0100,3.0300,2.9100,2.9200,3.0500,103324630,306247361.0400,3,3.642600,1,-4.262300,0
2020-01-09,sz.002470,2.9600,2.9900,2.9200,2.9400,2.9200,59943373,176538084.1100,3,2.113200,1,0.684900,0
2020-01-10,sz.002470,2.9500,2.9500,2.8500,2.8700,2.9400,61913512,178295357.4700,3,2.182700,1,-2.381000,0
2020-01-13,sz.002470,2.8500,2.9200,2.8100,2.9200,2.8700,57378985,163938154.3600,3,2.022800,1,1.742200,0
2020-01-14,sz.002470,2.9100,3.0300,2.8900,2.9400,2.9200,71159764,210946969.2400,3,2.508700,1,0.684900,0
2020-01-15,sz.002470,2.9300,2.9300,2.8700,2.8900,2.9400,43191179,124941796.3100,3,1.522700,1,-1.700700,0
2020-01-16,sz.002470,2.8800,2.8800,2.8100,2.8100,2.8900,50210728,142578344.4200,3,1.770100,1,-2.768200,0
2020-01-17,sz.002470,2.8100,2.8600,2.7900,2.8200,2.8100,33040651,93289542.4600,3,1.164800,1,0.355900,0
2020-01-20,sz.002470,2.8000,2.8200,2.7500,2.8100,2.8200,38702427,107677285.1000,3,1.364400,1,-0.354600,0
2020-01-21,sz.002470,2.7300,2.7600,2.6700,2.6800,2.8100,66198569,179734619.3700,3,2.333800,1,-4.626300,0
2020-01-22,sz.002470,2.6700,2.6800,2.6100,2.6600,2.6800,35956189,95056652.2500,3,1.267600,1,-0.746300,0
2020-01-23,sz.002470,2.6400,2.6400,2.5200,2.5600,2.6600,53846042,138916346.0300,3,1.898300,1,-3.759400,0
2020-02-03,sz.002470,2.3000,2.3500,2.3000,2.3000,2.5600,46534900,107260770.0500,3,1.640500,1,-10.156200,0
2020-02-04,sz.002470,2.1800,2.3200,2.1800,2.3100,2.3000,50759251,115837803.3500,3,1.789500,1,0.434800,0
2020-02-05,sz.002470,2.3100,2.4100,2.2900,2.3500,2.3100,48041231,113234260.8600,3,1.693600,1,1.731600,0
2020-02-06,sz.002470,2.3800,2.4700,2.3300,2.4400,2.3500,59816589,145379252.9300,3,2.108800,1,3.829800,0
2020-02-07,sz.002470,2.4300,2.4800,2.3900,2.4400,2.4400,48932623,118903868.5800,3,1.725100,1,0.000000,0
2020-02-10,sz.002470,2.4100,2.6000,2.4000,2.5800,2.4400,74427616,187697321.2900,3,2.623900,1,5.737700,0
2020-02-11,sz.002470,2.5800,2.5900,2.5100,2.5200,2.5800,57881052,146785250.6900,3,2.040500,1,-2.325600,0
2020-02-12,sz.002470,2.5000,2.5800,2.4900,2.5500,2.5200,40624974,103388349.1800,3,1.432200,1,1.190500,0
2020-02-13,sz.002470,2.5500,2.6700,2.5400,2.6000,2.5500,79698589,209010418.8900,3,2.809700,1,1.960800,0
2020-02-14,sz.002470,2.5800,2.6500,2.5300,2.6000,2.6000,57975403,149797508.2300,3,2.043900,1,0.000000,0
2020-02-17,sz.002470,2.6200,2.7400,2.6200,2.7300,2.6000,79954999,216430193.8600,3,2.818700,1,5.000000,0
2020-02-18,sz.002470,2.7200,2.7200,2.6700,2.7100,2.7300,60810872,163908494.4700,3,2.143800,1,-0.732600,0
2020-02-19,sz.002470,2.7200,2.7500,2.6700,2.6900,2.7100,51562100,139574270.2000,3,1.817800,1,-0.738000,0
2020-02-20,sz.002470,2.6900,2.7200,2.6300,2.7100,2.6900,60925954,163334673.5300,3,2.147900,1,0.743500,0
2020-02-21,sz.002470,2.6900,2.7200,2.6700,2.6900,2.7100,53643794,144371284.1500,3,1.891200,1,-0.738000,0
2020-02-24,sz.002470,2.6700,2.7200,2.6200,2.6900,2.6900,64000268,170780100.8600,3,2.256300,1,0.000000,0
2020-02-25,sz.002470,2.6400,2.6600,2.5500,2.6300,2.6900,66742415,174230231.8300,3,2.352900,1,-2.230500,0
2020-02-26,sz.002470,2.6100,2.7700,2.5900,2.6800,2.6300,98206368,266447980.7500,3,3.462200,1,1.901100,0
2020-02-27,sz.002470,2.7200,2.7400,2.6400,2.6700,2.6800,56932920,152642311.0000,3,2.007100,1,-0.373100,0
2020-02-28,sz.002470,2.6000,2.6200,2.4800,2.4900,2.6700,78349512,199925640.6500,3,2.762100,1,-6.741600,0
2020-03-02,sz.002470,2.4900,2.5900,2.4900,2.5700,2.4900,50451291,129087511.0800,3,1.778600,1,3.212800,0
2020-03-03,sz.002470,2.6000,2.6500,2.5700,2.5900,2.5700,54177072,141290519.1100,3,1.910000,1,0.778200,0
2020-03-04,sz.002470,2.6000,2.6800,2.5700,2.6800,2.5900,55925036,146453097.8000,3,1.971600,1,3.474900,0
2020-03-05,sz.002470,2.7000,2.8200,2.6700,2.7900,2.6800,114144041,315670653.0600,3,4.024000,1,4.104500,0
2020-03-06,sz.002470,2.8000,2.9000,2.7700,2.8200,2.7900,96966941,275418067.3100,3,3.418500,1,1.075300,0
2020-03-09,sz.002470,2.7800,2.9200,2.7300,2.8300,2.8200,103224727,293277734.3100,3,3.639100,1,0.354600,0
2020-03-10,sz.002470,2.7500,2.8600,2.6800,2.8500,2.8300,90540885,251021989.5300,3,3.191900,1,0.706700,0
2020-03-11,sz.002470,2.8500,2.9900,2.7900,2.9400,2.8500,134737406,390899429.4400,3,4.750000,1,3.157900,0
2020-03-12,sz.002470,2.8800,2.9200,2.7800,2.8000,2.9400,89064855,253546944.4200,3,3.139900,1,-4.761900,0
2020-03-13,sz.002470,2.6500,2.7900,2.5500,2.7600,2.8000,80659587,217765294.5400,3,2.843600,1,-1.428600,0
2020-03-16,sz.002470,2.8100,2.8200,2.6200,2.6400,2.7600,64263598,175288997.4800,3,2.265500,1,-4.347800,0
2020-03-17,sz.002470,2.6300,2.6800,2.5200,2.6000,2.6400,57375557,148574360.6100,3,2.022700,1,-1.515200,0
2020-03-18,sz.002470,2.6200,2.6400,2.5000,2.5000,2.6000,58361468,150017642.5600,3,2.057500,1,-3.846200,0
2020-03-19,sz.002470,2.5000,2.5400,2.4200,2.5100,2.5000,45535983,112992331.1900,3,1.605300,1,0.400000,0
2020-03-20,sz.002470,2.5200,2.5500,2.5000,2.5500,2.5100,28868799,72914882.8500,3,1.017700,1,1.593600,0
2020-03-23,sz.002470,2.5000,2.5200,2.4400,2.4500,2.5500,41346928,102567721.8500,3,1.457600,1,-3.921600,0
2020-03-24,sz.002470,2.4800,2.5000,2.4300,2.4800,2.4500,28113851,69533062.8700,3,0.991100,1,1.224500,0
2020-03-25,sz.002470,2.5100,2.6000,2.5100,2.5500,2.4800,37655547,95832274.5100,3,1.327500,1,2.822600,0
2020-03-26,sz.002470,2.5400,2.6600,2.5200,2.6200,2.5500,58854116,153797722.5300,3,2.074800,1,2.745100,0
2020-03-27,sz.002470,2.6300,2.8800,2.6300,2.7500,2.6200,111666037,307389418.2200,3,3.936700,1,4.961800,0
2020-03-30,sz.002470,2.7200,2.8700,2.6900,2.8300,2.7500,99358438,278440905.9500,3,3.502800,1,2.909100,0
2020-03-31,sz.002470,2.8100,2.9800,2.7600,2.9000,2.8300,143657029,412642293.4600,3,5.064500,1,2.473500,0
2020-04-01,sz.002470,2.8600,2.8700,2.7100,2.7200,2.9000,107610194,299445313.5700,3,3.793700,1,-6.206900,0
2020-04-02,sz.002470,2.7200,2.7900,2.6900,2.7600,2.7200,64843745,177549238.1600,3,2.286000,1,1.470600,0
2020-04-03,sz.002470,2.7300,3.0400,2.7100,2.9300,2.7600,239604023,704693840.6400,3,8.447000,1,6.159400,0
2020-04-07,sz.002470,2.9400,3.2200,2.9400,3.2200,2.9300,319002176,993204193.2800,3,11.246100,1,9.897600,0
2020-04-08,sz.002470,3.2000,3.3800,3.0600,3.0800,3.2200,336352704,1075912894.9000,3,11.857800,1,-4.347800,0
2020-04-09,sz.002470,3.2300,3.3200,3.0900,3.1400,3.0800,198830275,630397987.0100,3,7.009600,1,1.948100,0
2020-04-10,sz.002470,3.0800,3.0900,2.9300,2.9400,3.1400,161498283,485049897.6300,3,5.693500,1,-6.369400,0
2020-04-13,sz.002470,2.9200,3.0900,2.8500,3.0000,2.9400,121042115,362390879.1200,3,4.267200,1,2.040800,0
2020-04-14,sz.002470,2.9800,3.0500,2.9200,2.9900,3.0000,84128816,251438144.5200,3,2.965900,1,-0.333300,0
2020-04-15,sz.002470,2.9700,3.0300,2.8200,2.8600,2.9900,140043484,407418776.9000,3,4.937100,1,-4.347800,0
2020-04-16,sz.002470,2.8200,2.8400,2.7300,2.7600,2.8600,88422072,245322110.6100,3,3.117200,1,-3.496500,0
2020-04-17,sz.002470,2.7800,2.7900,2.7100,2.7400,2.7600,63962174,175909934.4400,3,2.254900,1,-0.724600,0
2020-04-20,sz.002470,2.7400,2.8300,2.7100,2.7900,2.7400,65405408,181978784.1700,3,2.305800,1,1.824800,0
2020-04-21,sz.002470,2.7800,2.7800,2.7100,2.7500,2.7900,45723742,125172443.1400,3,1.611900,1,-1.433700,0
2020-04-22,sz.002470,2.7300,2.9000,2.7200,2.8800,2.7500,100331250,285807855.0300,3,3.537100,1,4.727300,0
2020-04-23,sz.002470,2.8900,3.0200,2.8600,2.9400,2.8800,147568195,433975127.5500,3,5.202400,1,2.083300,0
2020-04-24,sz.002470,2.9000,2.9200,2.7800,2.8000,2.9400,92290423,262541804.2300,3,3.253600,1,-4.761900,0
2020-04-27,sz.002470,2.7900,2.9300,2.7300,2.8700,2.8000,95801091,271447811.5700,3,3.377400,1,2.500000,0
2020-04-28,sz.002470,2.8400,2.8600,2.5900,2.7100,2.8700,91734647,250917708.4500,3,3.234000,1,-5.574900,0
2020-04-29,sz.002470,2.6800,2.7700,2.6700,2.6900,2.7100,43920677,119068704.1300,3,1.548400,1,-0.738000,0
2020-04-30,sz.002470,2.6200,2.6900,2.6200,2.6800,2.6900,65923534,175411592.1600,3,2.324100,1,-0.371700,0
2020-05-06,sz.002470,2.6500,2.7300,2.6400,2.7200,2.6800,42851719,115632689.1200,3,1.510700,1,1.492500,0
2020-05-07,sz.002470,2.7000,2.8000,2.7000,2.7400,2.7200,53472516,147079582.1000,3,1.885100,1,0.735300,0
2020-05-08,sz.002470,2.7400,2.7600,2.7100,2.7300,2.7400,36297371,99240505.2200,3,1.279600,1,-0.365000,0
2020-05-11,sz.002470,2.7200,2.7300,2.6600,2.6800,2.7300,44591832,120038201.4900,3,1.572000,1,-1.831500,0
2020-05-12,sz.002470,2.6400,2.6500,2.4100,2.5100,2.6800,111862850,280062136.2400,3,3.943600,1,-6.343300,0
2020-05-13,sz.002470,2.4800,2.5200,2.4500,2.5100,2.5100,43217487,107398382.8200,3,1.523600,1,0.000000,0
2020-05-14,sz.002470,2.4900,2.4900,2.4400,2.4400,2.5100,43519864,107154530.0800,3,1.534200,1,-2.788800,0
2020-05-15,sz.002470,2.4500,2.5000,2.4500,2.4500,2.4400,29785541,73534593.4600,3,1.050100,1,0.409800,0
2020-05-18,sz.002470,2.4600,2.5100,2.4200,2.4900,2.4500,36429301,90228967.0900,3,1.284300,1,1.632700,0
2020-05-19,sz.002470,2.5000,2.5200,2.4600,2.4800,2.4900,26522495,65735350.7500,3,0.935000,1,-0.401600,0
2020-05-20,sz.002470,2.4900,2.4900,2.4200,2.4300,2.4800,30855979,75174693.7800,3,1.087800,1,-2.016100,0
2020-05-21,sz.002470,2.4400,2.4400,2.3100,2.3400,2.4300,56328089,132588854.3400,3,1.985800,1,-3.703700,0
2020-05-22,sz.002470,2.3300,2.3500,2.2900,2.3000,2.3400,29918706,69278787.8800,3,1.054800,1,-1.709400,0
2020-05-25,sz.002470,2.2800,2.3100,2.2700,2.2800,2.3000,18522400,42403495.1700,3,0.653000,1,-0.869600,0
2020-05-26,sz.002470,2.2900,2.3400,2.2900,2.3300,2.2800,22142687,51387281.6500,3,0.780600,1,2.193000,0
2020-05-27,sz.002470,2.3300,2.3900,2.3200,2.3500,2.3300,28999781,68387175.3500,3,1.022400,1,0.858400,0
2020-05-28,sz.002470,2.3600,2.4000,2.3200,2.3500,2.3500,20755415,48943858.1000,3,0.731700,1,0.000000,0
2020-05-29,sz.002470,2.3400,2.3700,2.3200,2.3400,2.3500,17726520,41544883.7800,3,0.624900,1,-0.425500,0
2020-06-01,sz.002470,2.3400,2.4000,2.3400,2.4000,2.3400,31447912,74789620.4400,3,1.108700,1,2.564100,0
2020-06-02,sz.002470,2.4000,2.4200,2.3800,2.4100,2.4000,26549066,63838808.4000,3,0.936000,1,0.416700,0
2020-06-03,sz.002470,2.4000,2.4100,2.3700,2.3800,2.4100,29155836,69715073.7200,3,1.027900,1,-1.244800,0
2020-06-04,sz.002470,2.3900,2.4700,2.3700,2.4400,2.3800,43822851,105895048.1600,3,1.544900,1,2.521000,0
2020-06-05,sz.002470,2.4200,2.4400,2.4000,2.4000,2.4400,24352518,58826661.2000,3,0.858500,1,-1.639300,0
2020-06-08,sz.002470,2.4100,2.4200,2.3700,2.3800,2.4000,18322100,43907732.9600,3,0.645900,1,-0.833300,0
2020-06-09,sz.002470,2.3800,2.4000,2.3600,2.3800,2.3800,18262098,43489449.5200,3,0.643800,1,0.000000,0
2020-06-10,sz.002470,2.3800,2.3900,2.3600,2.3700,2.3800,14885210,35374347.7000,3,0.524800,1,-0.420200,0
2020-06-11,sz.002470,2.3800,2.3800,2.3300,2.3500,2.3700,23471306,55408488.1000,3,0.827500,1,-0.843900,0
2020-06-12,sz.002470,2.3100,2.3500,2.2900,2.3400,2.3500,17691700,41075479.0000,3,0.623700,1,-0.425500,0
2020-06-15,sz.002470,2.3300,2.3700,2.3200,2.3400,2.3400,18229838,42852245.9200,3,0.642700,1,0.000000,0
2020-06-16,sz.002470,2.3500,2.3700,2.3400,2.3500,2.3400,18685420,43947149.2400,3,0.658700,1,0.427400,0
2020-06-17,sz.002470,2.3500,2.3600,2.3100,2.3400,2.3500,25502612,59513928.4400,3,0.899100,1,-0.425500,0
2020-06-18,sz.002470,2.3400,2.3700,2.3100,2.3500,2.3400,22900053,53617348.9600,3,0.807300,1,0.427400,0
2020-06-19,sz.002470,2.3500,2.3600,2.3400,2.3600,2.3500,18671573,43950089.5500,3,0.658200,1,0.425500,0
2020-06-22,sz.002470,2.3600,2.3600,2.3200,2.3300,2.3600,27655239,64608865.8700,3,0.975000,1,-1.271200,0
2020-06-23,sz.002470,2.3200,2.3300,2.2900,2.3000,2.3300,26448383,60895199.0700,3,0.932400,1,-1.287600,0
2020-06-24,sz.002470,2.2900,2.2900,2.2500,2.2500,2.3000,31192200,70566574.0000,3,1.099600,1,-2.173900,0
2020-06-29,sz.002470,2.2400,2.2700,2.2000,2.2700,2.2500,26016285,58113949.5400,3,0.917200,1,0.888900,0
2020-06-30,sz.002470,2.2700,2.2700,2.2700,2.2700,2.2700,0,0.0000,3,,0,0.000000,0
2020-07-01,sz.002470,2.1600,2.1600,2.1600,2.1600,2.2700,1409600,3044736.0000,3,0.049700,1,-4.845800,1
2020-07-02,sz.002470,2.0500,2.0500,2.0500,2.0500,2.1600,1376100,2821005.0000,3,0.048500,1,-5.092600,1
2020-07-03,sz.002470,1.9500,1.9500,1.9500,1.9500,2.0500,4420800,8620560.0000,3,0.155900,1,-4.878000,1
2020-07-06,sz.002470,1.8500,1.8500,1.8500,1.8500,1.9500,12333800,22817530.0000,3,0.434800,1,-5.128200,1
2020-07-07,sz.002470,1.7600,1.8200,1.7600,1.7600,1.8500,261957400,462923590.4600,3,9.235000,1,-4.864900,1
2020-07-08,sz.002470,1.7200,1.7600,1.7200,1.7400,1.7600,94230072,163748606.4700,3,3.322000,1,-1.136400,1
2020-07-09,sz.002470,1.7400,1.7800,1.7400,1.7700,1.7400,74168271,130941563.9600,3,2.614700,1,1.724100,1
2020-07-10,sz.002470,1.7700,1.7700,1.7400,1.7500,1.7700,60032256,105360520.0000,3,2.116400,1,-1.129900,1
2020-07-13,sz.002470,1.7500,1.7700,1.7500,1.7700,1.7500,61867963,108876750.8800,3,2.181100,1,1.142900,1
2020-07-14,sz.002470,1.7600,1.7700,1.7300,1.7500,1.7700,63415229,110612176.1700,3,2.235600,1,-1.129900,1
2020-07-15,sz.002470,1.7500,1.7500,1.6700,1.6800,1.7500,77332347,131522455.0200,3,2.726300,1,-4.000000,1
2020-07-16,sz.002470,1.6800,1.7200,1.6500,1.6600,1.6800,51618044,86721723.0400,3,1.819700,1,-1.190500,1
2020-07-17,sz.002470,1.6600,1.6800,1.5800,1.5800,1.6600,87500526,141330830.9000,3,3.084700,1,-4.819300,1
2020-07-20,sz.002470,1.5800,1.5900,1.5000,1.5300,1.5800,83427103,127289227.2200,3,2.941100,1,-3.164600,1
2020-07-21,sz.002470,1.5200,1.5500,1.4900,1.5200,1.5300,60953009,92526018.5000,3,2.148800,1,-0.653600,1
2020-07-22,sz.002470,1.5200,1.5200,1.5000,1.5100,1.5200,37811300,57108474.5000,3,1.333000,1,-0.657900,1
2020-07-23,sz.002470,1.5100,1.5900,1.5100,1.5900,1.5100,48807148,76790145.5000,3,1.720600,1,5.298000,1
2020-07-24,sz.002470,1.6300,1.6600,1.6000,1.6200,1.5900,108268094,176442900.0100,3,3.816900,1,1.886800,1
2020-07-27,sz.002470,1.6200,1.6200,1.5400,1.5700,1.6200,53162170,83431374.1600,3,1.874200,1,-3.086400,1
2020-07-28,sz.002470,1.5600,1.6200,1.5600,1.5900,1.5700,38624178,61319950.2400,3,1.361700,1,1.273900,1
2020-07-29,sz.002470,1.5700,1.5900,1.5300,1.5800,1.5900,42638334,66633015.5200,3,1.503200,1,-0.628900,1
2020-07-30,sz.002470,1.5700,1.5900,1.5600,1.5600,1.5800,28137800,44126662.0000,3,0.992000,1,-1.265800,1
2020-07-31,sz.002470,1.5600,1.5800,1.5400,1.5600,1.5600,32305600,50317485.0000,3,1.138900,1,0.000000,1
2020-08-03,sz.002470,1.5600,1.5900,1.5500,1.5800,1.5600,49743048,78082506.8800,3,1.753600,1,1.282100,1
2020-08-04,sz.002470,1.5800,1.5900,1.5400,1.5600,1.5800,39595192,61865640.6000,3,1.395900,1,-1.265800,1
2020-08-05,sz.002470,1.5500,1.5800,1.5400,1.5800,1.5600,41219045,64446639.6500,3,1.453100,1,1.282100,1
2020-08-06,sz.002470,1.5700,1.6500,1.5600,1.6200,1.5800,75615870,121687541.3500,3,2.665800,1,2.531600,1
2020-08-07,sz.002470,1.6100,1.6300,1.5700,1.5900,1.6200,51729677,82550120.9200,3,1.823700,1,-1.851900,1
2020-08-10,sz.002470,1.5800,1.6000,1.5600,1.5700,1.5900,38772012,61113891.8400,3,1.366900,1,-1.257900,1
2020-08-11,sz.002470,1.5700,1.5800,1.5500,1.5500,1.5700,30667400,48030172.0000,3,1.081100,1,-1.273900,1
2020-08-12,sz.002470,1.5600,1.5800,1.5400,1.5600,1.5500,31905576,49695711.5200,3,1.124800,1,0.645200,1
2020-08-13,sz.002470,1.5700,1.6300,1.5500,1.5900,1.5600,51656912,82193979.9600,3,1.821100,1,1.923100,1
2020-08-14,sz.002470,1.5900,1.6100,1.5700,1.5900,1.5900,32575252,51614480.1600,3,1.148400,1,0.000000,1
2020-08-17,sz.002470,1.5800,1.6000,1.5700,1.5900,1.5900,37633326,59744178.1900,3,1.326700,1,0.000000,1
2020-08-18,sz.002470,1.5900,1.6300,1.5800,1.6100,1.5900,46436420,74634595.0800,3,1.637100,1,1.257900,1
2020-08-19,sz.002470,1.6000,1.6300,1.5900,1.6100,1.6100,47265795,76345454.9500,3,1.666300,1,0.000000,1
2020-08-20,sz.002470,1.6100,1.6900,1.6000,1.6900,1.6100,59398934,98758900.8400,3,2.094100,1,4.968900,1
2020-08-21,sz.002470,1.7100,1.7400,1.6500,1.6600,1.6900,88311952,149119349.4400,3,3.113300,1,-1.775100,1
2020-08-24,sz.002470,1.6500,1.6600,1.6200,1.6400,1.6600,42768260,70141374.5400,3,1.507800,1,-1.204800,1
2020-08-25,sz.002470,1.6400,1.7100,1.6400,1.6600,1.6400,48713800,81709034.0000,3,1.717400,1,1.219500,1
2020-08-26,sz.002470,1.6600,1.6600,1.6200,1.6300,1.6600,36656104,60009804.5200,3,1.292300,1,-1.807200,1
2020-08-27,sz.002470,1.6300,1.6600,1.6200,1.6400,1.6300,28523962,46772227.0600,3,1.005600,1,0.613500,1
2020-08-28,sz.002470,1.6400,1.7100,1.6400,1.6900,1.6400,52883795,88713657.7500,3,1.864400,1,3.048800,1
2020-08-31,sz.002470,1.6800,1.6900,1.6600,1.6600,1.6900,33277704,55773389.6400,3,1.173200,1,-1.775100,1
2020-09-01,sz.002470,1.6600,1.7100,1.6500,1.7000,1.6600,35226407,59359360.8000,3,1.241900,1,2.409600,1
2020-09-02,sz.002470,1.7000,1.7300,1.6800,1.6900,1.7000,33644376,57083968.6800,3,1.186100,1,-0.588200,1
2020-09-03,sz.002470,1.6900,1.7000,1.6600,1.6700,1.6900,26559700,44524949.0000,3,0.936300,1,-1.183400,1
2020-09-04,sz.002470,1.6500,1.6900,1.6400,1.6900,1.6700,27225500,45339897.0000,3,0.959800,1,1.197600,1
2020-09-07,sz.002470,1.6800,1.7100,1.6700,1.6700,1.6900,28600004,48131453.6800,3,1.008300,1,-1.183400,1
2020-09-08,sz.002470,1.6700,1.7000,1.6600,1.6900,1.6700,29749207,49996405.6800,3,1.048800,1,1.197600,1
2020-09-09,sz.002470,1.6800,1.6900,1.6700,1.6700,1.6900,31257359,52456849.0000,3,1.101900,1,-1.183400,1
2020-09-10,sz.002470,1.6700,1.6800,1.5900,1.5900,1.6700,59644500,96723294.0000,3,2.102700,1,-4.790400,1
2020-09-11,sz.002470,1.5500,1.5900,1.5400,1.5900,1.5900,25376095,39726583.2000,3,0.894600,1,0.000000,1
2020-09-14,sz.002470,1.5800,1.6100,1.5800,1.5900,1.5900,15398300,24542158.0000,3,0.542900,1,0.000000,1
2020-09-15,sz.002470,1.5100,1.5300,1.5100,1.5100,1.5900,53186422,80394847.2200,3,1.875000,1,-5.031400,1
2020-09-16,sz.002470,1.4800,1.5500,1.4800,1.5100,1.5100,39246858,59189662.7000,3,1.383600,1,0.000000,1
2020-09-17,sz.002470,1.4900,1.5200,1.4800,1.5100,1.5100,29052710,43463911.9000,3,1.024200,1,0.000000,1
2020-09-18,sz.002470,1.5000,1.5200,1.4900,1.5000,1.5100,23367095,35162311.6700,3,0.823800,1,-0.662300,1
2020-09-21,sz.002470,1.5300,1.5800,1.5200,1.5800,1.5000,30512539,47626344.2800,3,1.075700,1,5.333300,1
2020-09-22,sz.002470,1.5800,1.5900,1.5200,1.5300,1.5800,49552800,76860925.3900,3,1.746900,1,-3.164600,1
2020-09-23,sz.002470,1.5200,1.5500,1.5100,1.5300,1.5300,22777600,34763259.0000,3,0.803000,1,0.000000,1
2020-09-24,sz.002470,1.5200,1.5200,1.4900,1.5000,1.5300,20813845,31246583.5000,3,0.733800,1,-1.960800,1
2020-09-25,sz.002470,1.5000,1.5100,1.4800,1.5000,1.5000,13034700,19498970.0000,3,0.459500,1,0.000000,1
2020-09-28,sz.002470,1.5000,1.5100,1.4900,1.5000,1.5000,14410608,21600991.9200,3,0.508000,1,0.000000,1
2020-09-29,sz.002470,1.5000,1.5100,1.4800,1.4900,1.5000,13186200,19742044.0000,3,0.464900,1,-0.666700,1
2020-09-30,sz.002470,1.5000,1.5500,1.4900,1.5300,1.4900,28985100,44223789.0000,3,1.021800,1,2.684600,1
2020-10-09,sz.002470,1.5500,1.5900,1.5500,1.5700,1.5300,28354100,44423809.0000,3,0.999600,1,2.614400,1
2020-10-12,sz.002470,1.5600,1.5800,1.5500,1.5800,1.5700,20669528,32402408.6800,3,0.728700,1,0.636900,1
2020-10-13,sz.002470,1.5800,1.5800,1.5500,1.5600,1.5800,16846600,26323688.0000,3,0.593900,1,-1.265800,1
2020-10-14,sz.002470,1.5600,1.5700,1.5200,1.5300,1.5600,22425010,34479324.3000,3,0.790600,1,-1.923100,1
2020-10-15,sz.002470,1.4600,1.4800,1.4500,1.4500,1.5300,46039045,67078425.2500,3,1.623100,1,-5.228800,1
2020-10-16,sz.002470,1.4500,1.4600,1.4400,1.4600,1.4500,22880492,33164764.1700,3,0.806600,1,0.689700,1
2020-10-19,sz.002470,1.4500,1.4600,1.4400,1.4500,1.4600,18345631,26594056.9100,3,0.646800,1,-0.684900,1
2020-10-20,sz.002470,1.4400,1.4600,1.4400,1.4600,1.4500,10671504,15483765.8000,3,0.376200,1,0.689700,1
2020-10-21,sz.002470,1.4500,1.4600,1.4400,1.4500,1.4600,11091400,16062268.0000,3,0.391000,1,-0.684900,1
2020-10-22,sz.002470,1.4500,1.4500,1.3900,1.4000,1.4500,27363177,38669808.8000,3,0.964700,1,-3.448300,1
2020-10-23,sz.002470,1.4000,1.4300,1.3900,1.4000,1.4000,18249840,25637769.0000,3,0.643400,1,0.000000,1
2020-10-26,sz.002470,1.3700,1.3700,1.3300,1.3600,1.4000,32032344,43257007.0000,3,1.129300,1,-2.857100,1
2020-10-27,sz.002470,1.3400,1.3600,1.3400,1.3500,1.3600,13561000,18323523.0000,3,0.478100,1,-0.735300,1
2020-10-28,sz.002470,1.3500,1.3700,1.3400,1.3600,1.3500,18454624,25059589.0600,3,0.650600,1,0.740700,1
2020-10-29,sz.002470,1.3500,1.3600,1.3400,1.3400,1.3600,14472200,19521318.0000,3,0.510200,1,-1.470600,1
2020-10-30,sz.002470,1.3400,1.4000,1.3400,1.3500,1.3400,30950240,42506165.4000,3,1.091100,1,0.746300,1
2020-11-02,sz.002470,1.3800,1.3800,1.3300,1.3500,1.3500,21153579,28476986.8600,3,0.745700,1,0.000000,1
2020-11-03,sz.002470,1.3400,1.3500,1.2800,1.2900,1.3500,54017555,70147994.0400,3,1.904300,1,-4.444400,1
2020-11-04,sz.002470,1.2900,1.3000,1.2400,1.2700,1.2900,35875373,45563756.7000,3,1.264800,1,-1.550400,1
2020-11-05,sz.002470,1.2700,1.2900,1.2500,1.2800,1.2700,25377564,32197016.2800,3,0.894700,1,0.787400,1
2020-11-06,sz.002470,1.2800,1.2800,1.2500,1.2600,1.2800,24567481,30942479.8700,3,0.866100,1,-1.562500,1
2020-11-09,sz.002470,1.2600,1.2700,1.2200,1.2400,1.2600,41521766,51531743.0600,3,1.463800,1,-1.587300,1
2020-11-10,sz.002470,1.2300,1.2800,1.2200,1.2400,1.2400,39065800,48734743.1200,3,1.377200,1,0.000000,1
2020-11-11,sz.002470,1.2300,1.2400,1.2200,1.2300,1.2400,21781757,26809342.1100,3,0.767900,1,-0.806500,1
2020-11-12,sz.002470,1.2300,1.2900,1.2300,1.2900,1.2300,55200068,70060357.7700,3,1.946000,1,4.878000,1
2020-11-13,sz.002470,1.2700,1.3300,1.2700,1.3100,1.2900,51715479,67136030.4800,3,1.823200,1,1.550400,1
2020-11-16,sz.002470,1.3000,1.3400,1.2900,1.3000,1.3100,34187200,44903156.0000,3,1.205200,1,-0.763400,1
2020-11-17,sz.002470,1.2800,1.2900,1.2500,1.2800,1.3000,29108050,36993624.0000,3,1.026200,1,-1.538500,1
2020-11-18,sz.002470,1.2800,1.3100,1.2700,1.3000,1.2800,16878360,21796647.0400,3,0.595000,1,1.562500,1
2020-11-19,sz.002470,1.3000,1.3000,1.2700,1.2800,1.3000,13918246,17878881.8800,3,0.490700,1,-1.538500,1
2020-11-20,sz.002470,1.2900,1.3400,1.2800,1.3400,1.2800,46596982,62118520.3200,3,1.642700,1,4.687500,1
2020-11-23,sz.002470,1.3200,1.3500,1.3100,1.3300,1.3400,35731104,47579519.3200,3,1.259700,1,-0.746300,1
2020-11-24,sz.002470,1.3300,1.3900,1.3200,1.3600,1.3300,32862678,44836997.0400,3,1.158500,1,2.255600,1
2020-11-25,sz.002470,1.3500,1.3800,1.3400,1.3400,1.3600,17929790,24225044.9400,3,0.632100,1,-1.470600,1
2020-11-26,sz.002470,1.3400,1.3600,1.3300,1.3400,1.3400,14135904,18997912.3600,3,0.498300,1,0.000000,1
2020-11-27,sz.002470,1.3500,1.3600,1.3100,1.3300,1.3400,17979588,23954966.1600,3,0.633900,1,-0.746300,1
2020-11-30,sz.002470,1.3300,1.3900,1.3200,1.3700,1.3300,24950300,33912247.0000,3,0.879600,1,3.007500,1
2020-12-01,sz.002470,1.3600,1.4000,1.3500,1.3700,1.3700,30024512,41365694.3200,3,1.058500,1,0.000000,1
2020-12-02,sz.002470,1.3600,1.3700,1.3400,1.3600,1.3700,20883359,28306006.6500,3,0.736200,1,-0.729900,1
2020-12-03,sz.002470,1.3400,1.3600,1.3300,1.3500,1.3600,15613212,21052835.1600,3,0.550400,1,-0.735300,1
2020-12-04,sz.002470,1.3700,1.3900,1.3400,1.3800,1.3500,29516304,40321657.4800,3,1.040600,1,2.222200,1
2020-12-07,sz.002470,1.3700,1.3800,1.3500,1.3500,1.3800,12887304,17541110.4000,3,0.454300,1,-2.173900,1
2020-12-08,sz.002470,1.3500,1.3800,1.3400,1.3700,1.3500,14901400,20334949.0000,3,0.525300,1,1.481500,1
2020-12-09,sz.002470,1.3500,1.3600,1.3000,1.3000,1.3700,47658282,62436275.4800,3,1.680100,1,-5.109500,1
2020-12-10,sz.002470,1.2700,1.2800,1.2400,1.2400,1.3000,48592400,60389226.0000,3,1.713100,1,-4.615400,1
2020-12-11,sz.002470,1.1800,1.2100,1.1800,1.1800,1.2400,112323522,132912661.9600,3,3.959900,1,-4.838700,1
2020-12-14,sz.002470,1.2100,1.2400,1.1700,1.1900,1.1800,118052800,143391542.9600,3,4.161800,1,0.847500,1
2020-12-15,sz.002470,1.1900,1.1900,1.1300,1.1300,1.1900,96975645,110467830.8500,3,3.418800,1,-5.042000,1
2020-12-16,sz.002470,1.1100,1.1300,1.0700,1.0700,1.1300,71463272,77149702.7600,3,2.519400,1,-5.309700,1
2020-12-17,sz.002470,1.0200,1.0700,1.0200,1.0500,1.0700,83069851,85396154.8200,3,2.928500,1,-1.869200,1
2020-12-18,sz.002470,1.0300,1.1000,1.0300,1.1000,1.0500,82683755,88767755.6000,3,2.914900,1,4.761900,1
2020-12-21,sz.002470,1.0900,1.1200,1.0600,1.0800,1.1000,54908630,60016914.7200,3,1.935700,1,-1.818200,1
2020-12-22,sz.002470,1.0600,1.0700,1.0300,1.0500,1.0800,42738501,44990474.0400,3,1.506700,1,-2.777800,1
2020-12-23,sz.002470,1.0400,1.0600,1.0200,1.0300,1.0500,38832100,40208610.0000,3,1.369000,1,-1.904800,1
2020-12-24,sz.002470,1.0500,1.0800,1.0500,1.0800,1.0300,34804355,37403840.4000,3,1.227000,1,4.854400,1
2020-12-25,sz.002470,1.1300,1.1300,1.1300,1.1300,1.0800,6334600,7158098.0000,3,0.223300,1,4.629600,1
2020-12-28,sz.002470,1.1900,1.1900,1.1900,1.1900,1.1300,3712700,4418113.0000,3,0.130900,1,5.309700,1
2020-12-29,sz.002470,1.2500,1.2500,1.2500,1.2500,1.1900,2607600,3259500.0000,3,0.091900,1,5.042000,1
2020-12-30,sz.002470,1.3100,1.3100,1.2300,1.2900,1.2500,177485666,228929248.6000,3,6.257100,1,3.200000,1
2020-12-31,sz.002470,1.2600,1.3000,1.2300,1.2800,1.2900,66724740,84748899.3500,3,2.352300,1,-0.775200,1
2021-01-04,sz.002470,1.2900,1.3400,1.2600,1.3000,1.2800,65696465,85811267.2000,3,2.316100,1,1.562500,1
2021-01-05,sz.002470,1.2800,1.3000,1.2400,1.2400,1.3000,60567688,76200257.1200,3,2.135300,1,-4.615400,1
2021-01-06,sz.002470,1.2300,1.2500,1.2000,1.2300,1.2400,35168762,43033213.6800,3,1.239800,1,-0.806500,1
2021-01-07,sz.002470,1.2100,1.2200,1.1700,1.1700,1.2300,43660572,51816381.2400,3,1.539200,1,-4.878000,1
2021-01-08,sz.002470,1.1600,1.2300,1.1600,1.2300,1.1700,54302621,66399856.8300,3,1.914400,1,5.128200,1
2021-01-11,sz.002470,1.2300,1.2700,1.1800,1.1900,1.2300,41330300,50203978.0000,3,1.457100,1,-3.252000,1
2021-01-12,sz.002470,1.1700,1.2500,1.1700,1.1900,1.1900,35578220,42984305.0400,3,1.254300,1,0.000000,1
2021-01-13,sz.002470,1.1800,1.2000,1.1400,1.1800,1.1900,40241781,46896965.7900,3,1.418700,1,-0.840300,1
2021-01-14,sz.002470,1.1800,1.1900,1.1500,1.1900,1.1800,30037000,35072000.0000,3,1.058900,1,0.847500,1
2021-01-15,sz.002470,1.1800,1.2100,1.1700,1.1900,1.1900,24205586,28781674.4500,3,0.853300,1,0.000000,1
2021-01-18,sz.002470,1.1800,1.2400,1.1800,1.2200,1.1900,37447132,45183071.7200,3,1.320200,1,2.521000,1
2021-01-19,sz.002470,1.2100,1.2300,1.2000,1.2100,1.2200,21838800,26507859.0000,3,0.769900,1,-0.819700,1
2021-01-20,sz.002470,1.2100,1.2200,1.1900,1.2100,1.2100,21690200,26095217.0000,3,0.764700,1,0.000000,1
2021-01-21,sz.002470,1.2000,1.2200,1.1900,1.1900,1.2100,18367800,22060521.0000,3,0.647500,1,-1.652900,1
2021-01-22,sz.002470,1.1900,1.1900,1.1400,1.1600,1.1900,34436000,39964089.0000,3,1.214000,1,-2.521000,1
2021-01-25,sz.002470,1.1400,1.1600,1.1400,1.1500,1.1600,15703500,18017938.0000,3,0.553600,1,-0.862100,1
2021-01-26,sz.002470,1.1400,1.2000,1.1400,1.1800,1.1500,21711804,25460099.5600,3,0.765400,1,2.608700,1
2021-01-27,sz.002470,1.1700,1.1700,1.1400,1.1400,1.1800,16915700,19488293.0000,3,0.596300,1,-3.389800,1
2021-01-28,sz.002470,1.1500,1.1600,1.1300,1.1300,1.1400,18419000,21084528.0000,3,0.649300,1,-0.877200,1
2021-01-29,sz.002470,1.1300,1.1400,1.0800,1.1000,1.1300,28435882,31449060.1600,3,1.002500,1,-2.654900,1
2021-02-01,sz.002470,1.1600,1.1600,1.1600,1.1600,1.1000,9625620,11165719.2000,3,0.339300,1,5.454500,1
2021-02-02,sz.002470,1.2200,1.2200,1.2000,1.2200,1.1600,23813610,29035525.2000,3,0.839500,1,5.172400,1
2021-02-03,sz.002470,1.2800,1.2800,1.2300,1.2400,1.2200,63106908,79237695.9200,3,2.224800,1,1.639300,1
2021-02-04,sz.002470,1.2300,1.2400,1.1900,1.2000,1.2400,31023100,37534131.0000,3,1.093700,1,-3.225800,1
2021-02-05,sz.002470,1.2100,1.2600,1.2100,1.2600,1.2000,41980711,52688287.4800,3,1.480000,1,5.000000,1
2021-02-08,sz.002470,1.2500,1.3100,1.2100,1.2800,1.2600,65409011,82980067.4200,3,2.305900,1,1.587300,1
2021-02-09,sz.002470,1.2900,1.3400,1.2800,1.3300,1.2800,54904867,72079217.8300,3,1.935600,1,3.906300,1
2021-02-10,sz.002470,1.3300,1.3500,1.3000,1.3100,1.3300,27552290,36433017.9700,3,0.971300,1,-1.503800,1
2021-02-18,sz.002470,1.3300,1.3800,1.3100,1.3800,1.3100,44793620,60323715.9600,3,1.579200,1,5.343500,1
2021-02-19,sz.002470,1.3900,1.4500,1.3600,1.4500,1.3800,56780402,80651912.8200,3,2.001700,1,5.072500,1
2021-02-22,sz.002470,1.4400,1.4900,1.4200,1.4500,1.4500,54879190,79763050.4200,3,1.934700,1,0.000000,1
2021-02-23,sz.002470,1.4000,1.4200,1.3800,1.3800,1.4500,55994400,77939087.0000,3,1.974000,1,-4.827600,1
2021-02-24,sz.002470,1.3600,1.4200,1.3500,1.3800,1.3800,37962533,52589219.6800,3,1.338300,1,0.000000,1
2021-02-25,sz.002470,1.3900,1.4300,1.3700,1.3900,1.3800,32898533,45982166.5400,3,1.159800,1,0.724600,1
2021-02-26,sz.002470,1.3700,1.3800,1.3400,1.3700,1.3900,28359400,38644188.0000,3,0.999800,1,-1.438800,1
2021-03-01,sz.002470,1.3700,1.3900,1.3600,1.3800,1.3700,22531000,30981801.0000,3,0.794300,1,0.729900,1
2021-03-02,sz.002470,1.3800,1.4500,1.3600,1.4500,1.3800,46486057,65685532.6600,3,1.638800,1,5.072500,1
2021-03-03,sz.002470,1.4400,1.5200,1.4300,1.4900,1.4500,54706036,80968270.7600,3,1.928600,1,2.758600,1
2021-03-04,sz.002470,1.4900,1.4900,1.4200,1.4200,1.4900,65679104,94951042.8400,3,2.315500,1,-4.698000,1
2021-03-05,sz.002470,1.4200,1.4800,1.3900,1.4000,1.4200,51119340,72569339.2000,3,1.802200,1,-1.408500,1
2021-03-08,sz.002470,1.3800,1.4100,1.3700,1.3700,1.4000,35427200,48926013.0000,3,1.249000,1,-2.142900,1
2021-03-09,sz.002470,1.3700,1.3900,1.3100,1.3300,1.3700,39273600,52524591.0000,3,1.384600,1,-2.919700,1
2021-03-10,sz.002470,1.3300,1.4000,1.3100,1.3800,1.3300,38526633,52303833.5500,3,1.358200,1,3.759400,1
2021-03-11,sz.002470,1.3900,1.4200,1.3500,1.3700,1.3800,32246640,44511156.8000,3,1.136800,1,-0.724600,1
2021-03-12,sz.002470,1.3700,1.4000,1.3500,1.3800,1.3700,22086700,30389212.0000,3,0.778600,1,0.729900,1
2021-03-15,sz.002470,1.3700,1.3900,1.3600,1.3800,1.3800,17928804,24637476.4800,3,0.632100,1,0.000000,1
2021-03-16,sz.002470,1.3700,1.4300,1.3700,1.3900,1.3800,25482100,35484611.0000,3,0.898300,1,0.724600,1
2021-03-17,sz.002470,1.3800,1.3900,1.3700,1.3800,1.3900,19097500,26339221.0000,3,0.673300,1,-0.719400,1
2021-03-18,sz.002470,1.3700,1.3900,1.3400,1.3600,1.3800,24044204,32821979.4400,3,0.847700,1,-1.449300,1
2021-03-19,sz.002470,1.3900,1.4300,1.3800,1.4300,1.3600,67862668,96431369.7800,3,2.392400,1,5.147100,1
2021-03-22,sz.002470,1.4500,1.4700,1.4200,1.4400,1.4300,52730728,76262909.1000,3,1.859000,1,0.699300,1
2021-03-23,sz.002470,1.4400,1.5000,1.4100,1.4700,1.4400,48990840,71495261.5800,3,1.727100,1,2.083300,1
2021-03-24,sz.002470,1.4700,1.5300,1.4600,1.5000,1.4700,46322200,69270358.0000,3,1.633000,1,2.040800,1
2021-03-25,sz.002470,1.5100,1.5400,1.4400,1.4500,1.5000,54904557,82105135.9300,3,1.935600,1,-3.333300,1
2021-03-26,sz.002470,1.4300,1.4800,1.4300,1.4800,1.4500,26942297,39353056.1100,3,0.949800,1,2.069000,1
2021-03-29,sz.002470,1.4900,1.5500,1.4800,1.5500,1.4800,48812307,74986352.8500,3,1.720800,1,4.729700,1
2021-03-30,sz.002470,1.6000,1.6300,1.5700,1.6300,1.5500,26981527,43503494.6700,3,0.951200,1,5.161300,1
2021-03-31,sz.002470,1.7100,1.7100,1.5500,1.6000,1.6300,107193000,174931504.0000,3,3.779000,1,-1.840500,1
2021-04-01,sz.002470,1.6500,1.6800,1.6200,1.6800,1.6000,46058227,76455049.3600,3,1.623700,1,5.000000,1
2021-04-02,sz.002470,1.7000,1.7500,1.6500,1.6500,1.6800,91495642,154737227.5000,3,3.225600,1,-1.785700,1
2021-04-06,sz.002470,1.6400,1.6500,1.5800,1.5900,1.6500,53889521,86338227.1900,3,1.899800,1,-3.636400,1
2021-04-07,sz.002470,1.5700,1.6000,1.5300,1.5600,1.5900,55078000,85775472.0000,3,1.941700,1,-1.886800,1
2021-04-08,sz.002470,1.5600,1.6100,1.5400,1.5700,1.5600,36548000,57552927.0000,3,1.288500,1,0.641000,1
2021-04-09,sz.002470,1.5600,1.6200,1.5400,1.6100,1.5700,38356640,60439297.0000,3,1.352200,1,2.547800,1
2021-04-12,sz.002470,1.6000,1.6200,1.5500,1.5600,1.6100,34084647,53918675.2500,3,1.201600,1,-3.105600,1
2021-04-13,sz.002470,1.5500,1.5700,1.5300,1.5400,1.5600,25509940,39449578.2000,3,0.899300,1,-1.282100,1
2021-04-14,sz.002470,1.5400,1.5700,1.5000,1.5600,1.5400,32988440,50457765.6000,3,1.163000,1,1.298700,1
2021-04-15,sz.002470,1.6000,1.6400,1.5600,1.6300,1.5600,69145200,111988028.0000,3,2.437600,1,4.487200,1
2021-04-16,sz.002470,1.6000,1.6100,1.5500,1.5900,1.6300,57933400,91725671.0000,3,2.042400,1,-2.454000,1
2021-04-19,sz.002470,1.5800,1.6100,1.5700,1.5900,1.5900,31640304,50148450.3200,3,1.115400,1,0.000000,1
2021-04-20,sz.002470,1.5800,1.6100,1.5700,1.5800,1.5900,23667100,37504782.0000,3,0.834400,1,-0.628900,1
2021-04-21,sz.002470,1.5700,1.5800,1.5300,1.5500,1.5800,28295700,43834260.0000,3,0.997500,1,-1.898700,1
2021-04-22,sz.002470,1.5500,1.5700,1.5400,1.5400,1.5500,18657200,28929820.0000,3,0.657700,1,-0.645200,1
2021-04-23,sz.002470,1.5300,1.5400,1.5000,1.5200,1.5400,30031935,45572995.2000,3,1.058700,1,-1.298700,1
2021-04-26,sz.002470,1.5300,1.6000,1.5300,1.5500,1.5200,28825500,45081172.0000,3,1.016200,1,1.973700,1
2021-04-27,sz.002470,1.5700,1.5900,1.5300,1.5400,1.5500,24221400,37615686.0000,3,0.853900,1,-0.645200,1
2021-04-28,sz.002470,1.5400,1.5500,1.5000,1.5100,1.5400,18025000,27402078.0000,3,0.635500,1,-1.948100,1
2021-04-29,sz.002470,1.5000,1.5500,1.4600,1.4600,1.5100,38659400,57901475.0000,3,1.362900,1,-3.311300,1
2021-04-30,sz.002470,1.5100,1.5300,1.5100,1.5300,1.4600,33634204,51375754.1200,3,1.161200,1,4.794500,1
2021-05-06,sz.002470,1.5600,1.5900,1.5300,1.5700,1.5300,37619030,58558153.8000,3,1.298800,1,2.614400,1
2021-05-07,sz.002470,1.6300,1.6300,1.5700,1.5800,1.5700,34244800,54608305.0000,3,1.182300,1,0.636900,1
2021-05-10,sz.002470,1.5700,1.6100,1.5600,1.5900,1.5800,25439123,40423213.5700,3,0.878300,1,0.632900,1
2021-05-11,sz.002470,1.5800,1.5900,1.5500,1.5600,1.5900,27537480,43032196.0000,3,0.950700,1,-1.886800,1
2021-05-12,sz.002470,1.6100,1.6400,1.5800,1.6400,1.5600,56573644,91953079.7000,3,1.953200,1,5.128200,1
2021-05-13,sz.002470,1.6700,1.6800,1.6200,1.6500,1.6400,55946477,92295003.2800,3,1.931600,1,0.609800,1
2021-05-14,sz.002470,1.6300,1.6600,1.6100,1.6400,1.6500,36321312,59396689.4800,3,1.254000,1,-0.606100,1
2021-05-17,sz.002470,1.6200,1.6300,1.5600,1.5600,1.6400,40704477,63834660.8900,3,1.405300,1,-4.878000,1
2021-05-18,sz.002470,1.5400,1.5700,1.5300,1.5400,1.5600,23020104,35600603.1600,3,0.794800,1,-1.282100,1
2021-05-19,sz.002470,1.5400,1.5800,1.5300,1.5500,1.5400,21490000,33378495.0000,3,0.742000,1,0.649400,1
2021-05-20,sz.002470,1.5500,1.6300,1.5300,1.6100,1.5500,39815400,62845910.0000,3,1.374700,1,3.871000,1
2021-05-21,sz.002470,1.5800,1.5800,1.5300,1.5300,1.6100,32917200,50711466.0000,3,1.136500,1,-4.968900,1
2021-05-24,sz.002470,1.4500,1.4500,1.4500,1.4500,1.5300,7069800,10251210.0000,3,0.244100,1,-5.228800,1
2021-05-25,sz.002470,1.3800,1.4400,1.3800,1.4000,1.4500,73647206,102770888.0500,3,2.542700,1,-3.448300,1
2021-05-26,sz.002470,1.3900,1.4200,1.3800,1.4100,1.4000,31821247,44694877.9000,3,1.098600,1,0.714300,1
2021-05-27,sz.002470,1.4100,1.4300,1.4000,1.4000,1.4100,25995604,36782203.6000,3,0.897500,1,-0.709200,1
2021-05-28,sz.002470,1.3900,1.4000,1.3500,1.4000,1.4000,38560872,53036620.0300,3,1.331300,1,0.000000,1
2021-05-31,sz.002470,1.3900,1.4600,1.3900,1.4200,1.4000,36988600,52611718.0000,3,1.277100,1,1.428600,1
2021-06-01,sz.002470,1.4100,1.4400,1.4000,1.4100,1.4200,23513300,33372380.0000,3,0.811800,1,-0.704200,1
2021-06-02,sz.002470,1.4000,1.4100,1.3700,1.3900,1.4100,32108700,44744440.0000,3,1.108600,1,-1.418400,1
2021-06-03,sz.002470,1.4600,1.4600,1.4600,1.4600,1.3900,6061700,8850082.0000,3,0.209300,1,5.036000,1
2021-06-04,sz.002470,1.4900,1.5300,1.4700,1.5300,1.4600,42752915,64618960.7900,3,1.476100,1,4.794500,1
2021-06-07,sz.002470,1.6000,1.6100,1.5600,1.5800,1.5300,95175302,151963178.1800,3,3.286000,1,3.268000,1
2021-06-08,sz.002470,1.5600,1.6100,1.5300,1.6000,1.5800,56898156,89540847.2400,3,1.964400,1,1.265800,1
2021-06-09,sz.002470,1.5900,1.6300,1.5700,1.5900,1.6000,48239364,77368006.6000,3,1.665500,1,-0.625000,1
2021-06-10,sz.002470,1.6000,1.6100,1.5600,1.5800,1.5900,39331704,62249247.6400,3,1.358000,1,-0.628900,1
2021-06-11,sz.002470,1.5800,1.6600,1.5700,1.6300,1.5800,55927300,90908554.0000,3,1.930900,1,3.164600,1
2021-06-15,sz.002470,1.6100,1.6200,1.5800,1.6000,1.6300,41300800,65985440.0000,3,1.425900,1,-1.840500,1
2021-06-16,sz.002470,1.5900,1.6400,1.5900,1.6000,1.6000,30092100,48396913.0000,3,1.038900,1,0.000000,1
2021-06-17,sz.002470,1.6000,1.6300,1.5900,1.6200,1.6000,29121699,46827516.3900,3,1.005400,1,1.250000,1
2021-06-18,sz.002470,1.6200,1.6900,1.6100,1.6700,1.6200,52947800,87733347.0000,3,1.828100,1,3.086400,1
2021-06-21,sz.002470,1.6700,1.7500,1.6500,1.7500,1.6700,62921377,108720097.7500,3,2.172400,1,4.790400,1
2021-06-22,sz.002470,1.7700,1.8000,1.7000,1.7200,1.7500,75474980,131111093.2100,3,2.605800,1,-1.714300,1
2021-06-23,sz.002470,1.7200,1.8100,1.7200,1.8100,1.7200,38556467,69054695.2700,3,1.331200,1,5.232600,1
2021-06-24,sz.002470,1.8800,1.9000,1.8300,1.8500,1.8100,103794080,194618328.1300,3,3.583600,1,2.209900,1
2021-06-25,sz.002470,1.8200,1.9200,1.8000,1.8900,1.8500,66324438,123626970.7700,3,2.289900,1,2.162200,1
2021-06-28,sz.002470,1.8700,1.9500,1.8200,1.8400,1.8900,64733361,122054119.9100,3,2.235000,1,-2.645500,1
2021-06-29,sz.002470,1.8200,1.8600,1.7700,1.8200,1.8400,42485004,77341369.2000,3,1.466800,1,-1.087000,1
2021-06-30,sz.002470,1.8200,1.8800,1.8200,1.8400,1.8200,30712104,56499283.3600,3,1.060400,1,1.098900,1
2021-07-01,sz.002470,1.8300,1.8700,1.8100,1.8200,1.8400,28187209,51704456.4700,3,0.973200,1,-1.087000,1
2021-07-02,sz.002470,1.8500,1.8600,1.8100,1.8500,1.8200,30187245,55248572.9000,3,1.042200,1,1.648400,1
2021-07-05,sz.002470,1.8600,1.9400,1.8400,1.9400,1.8500,52113145,98951034.5000,3,1.799200,1,4.864900,1
2021-07-06,sz.002470,1.9100,1.9200,1.8800,1.8900,1.9400,44949059,85354929.0600,3,1.551900,1,-2.577300,1
2021-07-07,sz.002470,1.8400,1.8400,1.8000,1.8000,1.8900,65543070,118803880.7000,3,2.262900,1,-4.761900,1
2021-07-08,sz.002470,1.7800,1.8300,1.7700,1.8000,1.8000,32427333,58515636.7300,3,1.119600,1,0.000000,1
2021-07-09,sz.002470,1.8200,1.8800,1.8100,1.8700,1.8000,37003200,68234090.9600,3,1.277600,1,3.888900,1
2021-07-12,sz.002470,1.8900,1.9200,1.8600,1.8600,1.8700,33657504,63354658.5200,3,1.162000,1,-0.534800,1
2021-07-13,sz.002470,1.8300,1.8300,1.7800,1.8200,1.8600,43690249,78943626.7000,3,1.508400,1,-2.150500,1
2021-07-14,sz.002470,1.8300,1.8600,1.8000,1.8500,1.8200,34226545,62774603.9000,3,1.181700,1,1.648400,1
2021-07-15,sz.002470,1.8200,1.8300,1.8000,1.8200,1.8500,28527025,51837872.5000,3,0.984900,1,-1.621600,1
2021-07-16,sz.002470,1.8200,1.8700,1.8000,1.8500,1.8200,28126046,51860441.2600,3,0.971100,1,1.648400,1
2021-07-19,sz.002470,1.8700,1.9000,1.8500,1.8600,1.8500,36572179,68580138.7300,3,1.262700,1,0.540500,1
2021-07-20,sz.002470,1.8300,1.8300,1.8000,1.8300,1.8600,29128467,52987627.7200,3,1.005700,1,-1.612900,1
2021-07-21,sz.002470,1.8400,1.8600,1.8300,1.8400,1.8300,21754353,40064129.0500,3,0.751100,1,0.546400,1
2021-07-22,sz.002470,1.8400,1.8400,1.8200,1.8300,1.8400,25629300,46903745.0000,3,0.884900,1,-0.543500,1
2021-07-23,sz.002470,1.8300,1.8800,1.8000,1.8500,1.8300,42943700,78918407.0000,3,1.482700,1,1.092900,1
2021-07-26,sz.002470,1.8400,1.8800,1.8200,1.8400,1.8500,34126200,63069030.0000,3,1.178200,1,-0.540500,1
2021-07-27,sz.002470,1.8500,1.8700,1.8100,1.8200,1.8400,34171700,62834304.0000,3,1.179800,1,-1.087000,1
2021-07-28,sz.002470,1.8000,1.8000,1.7300,1.7300,1.8200,46841700,81606877.0000,3,1.617200,1,-4.945100,1
2021-07-29,sz.002470,1.7000,1.7700,1.6800,1.7500,1.7300,29274640,50987208.6000,3,1.010700,1,1.156100,1
2021-07-30,sz.002470,1.7400,1.7900,1.7100,1.7800,1.7500,24411900,42536340.0000,3,0.842800,1,1.714300,1
2021-08-02,sz.002470,1.7800,1.8000,1.7700,1.7800,1.7800,21321100,38143154.0000,3,0.736100,1,0.000000,1
2021-08-03,sz.002470,1.7900,1.8200,1.7600,1.7600,1.7800,25419900,45441539.0000,3,0.877600,1,-1.123600,1
2021-08-04,sz.002470,1.7500,1.7900,1.7400,1.7800,1.7600,17238034,30416344.5000,3,0.595200,1,1.136400,1
2021-08-05,sz.002470,1.7700,1.7800,1.7500,1.7600,1.7800,17187200,30299905.0000,3,0.593400,1,-1.123600,1
2021-08-06,sz.002470,1.7700,1.8500,1.7600,1.8300,1.7600,46186894,84162987.9200,3,1.594600,1,3.977300,1
2021-08-09,sz.002470,1.8200,1.8900,1.8200,1.8600,1.8300,37416100,69207369.0000,3,1.291800,1,1.639300,1
2021-08-10,sz.002470,1.8700,1.9500,1.8500,1.9400,1.8600,63737500,122544883.0000,3,2.200600,1,4.301100,1
2021-08-11,sz.002470,1.8700,1.8900,1.8400,1.8400,1.9400,61573510,114245221.5200,3,2.125900,1,-5.154600,1
2021-08-12,sz.002470,1.8400,1.9200,1.8400,1.8900,1.8400,51039104,95946716.4400,3,1.762200,1,2.717400,1
2021-08-13,sz.002470,1.9200,1.9800,1.9100,1.9800,1.8900,85697366,168768383.6800,3,2.958800,1,4.761900,1
2021-08-16,sz.002470,2.0800,2.0800,2.0800,2.0800,1.9800,2664700,5542576.0000,3,0.092000,1,5.050500,1
2021-08-17,sz.002470,2.1800,2.1800,2.0900,2.1800,2.0800,67878766,147724843.8800,3,2.343600,1,4.807700,1
2021-08-18,sz.002470,2.1500,2.2900,2.0800,2.2700,2.1800,172506021,381909964.4700,3,5.955900,1,4.128400,1
2021-08-19,sz.002470,2.2100,2.3300,2.2100,2.2200,2.2700,104532251,235101476.0400,3,3.609000,1,-2.202600,1
2021-08-20,sz.002470,2.2700,2.3300,2.2600,2.3300,2.2200,76735279,178143394.9900,3,2.649300,1,4.955000,1
2021-08-23,sz.002470,2.4500,2.4500,2.3300,2.4500,2.3300,100693995,246211428.4100,3,3.476500,1,5.150200,1
2021-08-24,sz.002470,2.5400,2.5700,2.4900,2.5700,2.4500,49090772,124968662.4800,3,1.694900,1,4.898000,1
2021-08-25,sz.002470,2.7000,2.7000,2.7000,2.7000,2.5700,12730220,34371594.0000,3,0.439500,1,5.058400,1
2021-08-26,sz.002470,2.8000,2.8400,2.7300,2.8400,2.7000,93620203,263560056.5200,3,3.232300,1,5.185200,1
2021-08-27,sz.002470,2.9800,2.9800,2.9800,2.9800,2.8400,16937806,50474661.8800,3,0.584800,1,4.929600,1
2021-08-30,sz.002470,3.1300,3.1300,3.1300,3.1300,2.9800,11376500,35608445.0000,3,0.379900,1,5.033600,1
2021-08-31,sz.002470,3.2900,3.2900,3.2900,3.2900,3.1300,6978708,22959949.3200,3,0.233000,1,5.111800,1
2021-09-01,sz.002470,3.4500,3.4500,3.1300,3.1300,3.2900,282172672,918470139.8200,3,9.422100,1,-4.863200,1
2021-09-02,sz.002470,3.2700,3.2900,3.0600,3.2900,3.1300,155430007,505434791.4100,3,5.190000,1,5.111800,1
2021-09-03,sz.002470,3.4400,3.4500,3.1800,3.3500,3.2900,216613145,731380032.5300,3,7.233000,1,1.823700,1
2021-09-06,sz.002470,3.2500,3.3000,3.1800,3.1800,3.3500,126156044,403432139.9200,3,4.212500,1,-5.074600,1
2021-09-07,sz.002470,3.2600,3.3400,3.1700,3.3400,3.1800,130394448,433152922.1100,3,4.354000,1,5.031400,1
2021-09-08,sz.002470,3.3400,3.4300,3.2300,3.3300,3.3400,119710279,396723774.6400,3,3.997300,1,-0.299400,1
2021-09-09,sz.002470,3.2700,3.3300,3.1600,3.2000,3.3300,103551162,332313704.0800,3,3.457700,1,-3.903900,1
2021-09-10,sz.002470,3.1700,3.2400,3.0500,3.1800,3.2000,99280458,309146418.3800,3,3.315100,1,-0.625000,1
2021-09-13,sz.002470,3.2000,3.3400,3.1400,3.3200,3.1800,119911182,393151936.5900,3,4.004000,1,4.402500,1
2021-09-14,sz.002470,3.2600,3.2700,3.1500,3.1600,3.3200,115684203,367424955.4200,3,3.862800,1,-4.819300,1
2021-09-15,sz.002470,3.0000,3.0600,3.0000,3.0000,3.1600,88042100,265062727.5200,3,2.939800,1,-5.063300,1
2021-09-16,sz.002470,3.0100,3.1500,2.9600,3.0400,3.0000,91467271,280765762.2100,3,3.054200,1,1.333300,1
2021-09-17,sz.002470,3.0200,3.0300,2.8900,2.9000,3.0400,89932394,263383694.6000,3,3.002900,1,-4.605300,1
2021-09-22,sz.002470,2.8700,3.0500,2.8400,3.0500,2.9000,78554378,233203973.0800,3,2.623000,1,5.172400,1
2021-09-23,sz.002470,3.0600,3.1800,3.0500,3.0700,3.0500,71832762,222861345.7200,3,2.398600,1,0.655700,1
2021-09-24,sz.002470,3.0300,3.0600,2.9400,2.9800,3.0700,53261100,159000416.0000,3,1.778500,1,-2.931600,1
2021-09-27,sz.002470,3.1300,3.1300,3.0500,3.1300,2.9800,118502464,369469384.5600,3,3.956900,1,5.033600,1
2021-09-28,sz.002470,2.9700,3.0700,2.9700,2.9700,3.1300,92879772,277440122.5000,3,3.101400,1,-5.111800,1
2021-09-29,sz.002470,2.9600,3.0200,2.8900,2.9500,2.9700,44242281,131405061.1900,3,1.477300,1,-0.673400,1
2021-09-30,sz.002470,2.9500,3.0800,2.9400,3.0200,2.9500,38249650,115217983.3100,3,1.277200,1,2.372900,1
2021-10-08,sz.002470,3.0600,3.1000,3.0100,3.0400,3.0200,36531000,111300442.0000,3,1.219800,1,0.662300,1
2021-10-11,sz.002470,2.9700,3.1400,2.9700,3.0400,3.0400,45191777,138093901.4600,3,1.509000,1,0.000000,1
2021-10-12,sz.002470,3.0100,3.0700,2.9100,2.9500,3.0400,46990177,139285968.0700,3,1.569100,1,-2.960500,1
2021-10-13,sz.002470,2.8400,2.9100,2.8000,2.8100,2.9500,67204800,189551362.0000,3,2.244000,1,-4.745800,1
2021-10-14,sz.002470,2.8200,2.8300,2.6700,2.7100,2.8100,57160900,155066007.0000,3,1.908700,1,-3.558700,1
2021-10-15,sz.002470,2.5800,2.6300,2.5700,2.5700,2.7100,46534200,120051601.0000,3,1.553800,1,-5.166100,1
2021-10-18,sz.002470,2.5500,2.6800,2.5500,2.6400,2.5700,54272540,141999089.5400,3,1.812200,1,2.723700,1
2021-10-19,sz.002470,2.6200,2.6300,2.5100,2.5100,2.6400,70015800,177887494.2300,3,2.337900,1,-4.924200,1
2021-10-20,sz.002470,2.4700,2.4900,2.3800,2.3800,2.5100,80710004,193371869.5600,3,2.695000,1,-5.179300,1
2021-10-21,sz.002470,2.3600,2.4600,2.3200,2.4000,2.3800,60358400,145186121.0000,3,2.015400,1,0.840300,1
2021-10-22,sz.002470,2.4000,2.5200,2.3500,2.5200,2.4000,53265468,132281196.3600,3,1.778600,1,5.000000,1
2021-10-25,sz.002470,2.5600,2.6500,2.5100,2.6000,2.5200,83693468,217260793.2600,3,2.794600,1,3.174600,1
2021-10-26,sz.002470,2.5700,2.6300,2.5000,2.5000,2.6000,50341700,128135723.0000,3,1.681000,1,-3.846200,1
2021-10-27,sz.002470,2.5200,2.6300,2.5000,2.6300,2.5000,61864000,160478314.0000,3,2.065700,1,5.200000,1
2021-10-28,sz.002470,2.6300,2.6400,2.5300,2.5400,2.6300,50791200,130961009.0000,3,1.696000,1,-3.422100,1
2021-10-29,sz.002470,2.5100,2.5900,2.5100,2.5300,2.5400,34774000,88417682.0000,3,1.161100,1,-0.393700,1
2021-11-01,sz.002470,2.5000,2.5000,2.4000,2.4200,2.5300,48613500,118595907.0000,3,1.623300,1,-4.347800,1
2021-11-02,sz.002470,2.4200,2.4600,2.3000,2.3000,2.4200,70469300,165489687.0000,3,2.353100,1,-4.958700,1
2021-11-03,sz.002470,2.2600,2.3400,2.2000,2.3300,2.3000,44908394,102321937.1400,3,1.499500,1,1.304300,1
2021-11-04,sz.002470,2.3100,2.3900,2.2900,2.3000,2.3300,35001194,81597150.1400,3,1.168700,1,-1.287600,1
2021-11-05,sz.002470,2.2800,2.4200,2.2700,2.4200,2.3000,49579312,115712323.8400,3,1.655500,1,5.217400,1
2021-11-08,sz.002470,2.4200,2.5200,2.3600,2.4700,2.4200,52783612,129220575.5600,3,1.762500,1,2.066100,1
2021-11-09,sz.002470,2.4600,2.5800,2.4200,2.5100,2.4700,55081655,138177753.8500,3,1.839200,1,1.619400,1
2021-11-10,sz.002470,2.4700,2.5600,2.4600,2.5400,2.5100,43900200,110349775.0000,3,1.465900,1,1.195200,1
2021-11-11,sz.002470,2.4100,2.4100,2.4100,2.4100,2.5400,10537000,25394170.0000,3,0.351800,1,-5.118100,1
2021-11-12,sz.002470,2.2900,2.2900,2.2900,2.2900,2.4100,6427900,14719891.0000,3,0.214600,1,-4.979300,1
2021-11-15,sz.002470,2.2100,2.3900,2.2100,2.2600,2.2900,94087096,215644262.1600,3,3.141700,1,-1.310000,1
2021-11-16,sz.002470,2.2100,2.2900,2.1900,2.2500,2.2600,61991100,138610599.0000,3,2.070000,1,-0.442500,1
2021-11-17,sz.002470,2.2400,2.3300,2.2300,2.2800,2.2500,47955900,109315275.0000,3,1.601300,1,1.333300,1
2021-11-18,sz.002470,2.2800,2.2800,2.2300,2.2300,2.2800,39392100,88659652.0000,3,1.315300,1,-2.193000,1
2021-11-19,sz.002470,2.2200,2.2700,2.1900,2.2600,2.2300,48269800,107703517.0000,3,1.611800,1,1.345300,1
2021-11-22,sz.002470,2.2100,2.2400,2.1700,2.1900,2.2600,52393178,115190863.9400,3,1.749500,1,-3.097300,1
2021-11-23,sz.002470,2.1900,2.3000,2.1900,2.3000,2.1900,62676268,141788097.3800,3,2.092800,1,5.022800,1
2021-11-24,sz.002470,2.2900,2.3300,2.2500,2.2600,2.3000,47023914,107286624.6400,3,1.570200,1,-1.739100,1
2021-11-25,sz.002470,2.2500,2.3400,2.2100,2.2900,2.2600,39168215,89249315.2000,3,1.307900,1,1.327400,1
2021-11-26,sz.002470,2.3200,2.4000,2.3000,2.4000,2.2900,28871556,68225335.6000,3,0.964100,1,4.803500,1
2021-11-29,sz.002470,2.3400,2.5200,2.3300,2.5000,2.4000,96584713,237940817.3800,3,3.225100,1,4.166700,1
2021-11-30,sz.002470,2.4700,2.5600,2.4600,2.4700,2.5000,52856109,131854254.3200,3,1.764900,1,-1.200000,1
2021-12-01,sz.002470,2.4500,2.5900,2.4400,2.5900,2.4700,67083500,169661208.7500,3,2.240000,1,4.858300,1
2021-12-02,sz.002470,2.6500,2.7200,2.6000,2.7200,2.5900,78806600,212906377.0000,3,2.631400,1,5.019300,1
2021-12-03,sz.002470,2.7800,2.8300,2.6600,2.7300,2.7200,86381567,236962299.1500,3,2.884400,1,0.367600,1
2021-12-06,sz.002470,2.7300,2.8700,2.7100,2.8700,2.7300,76271008,216029279.8000,3,2.546800,1,5.128200,1
2021-12-07,sz.002470,3.0100,3.0100,3.0100,3.0100,2.8700,8513108,25624455.0800,3,0.284300,1,4.878000,1
2021-12-08,sz.002470,3.1100,3.1100,2.8600,2.8600,3.0100,125796431,372915138.6400,3,4.200500,1,-4.983400,1
2021-12-09,sz.002470,2.8300,2.8900,2.7200,2.7500,2.8600,78521381,216489375.3700,3,2.621900,1,-3.846200,1
2021-12-10,sz.002470,2.7200,2.8900,2.7000,2.8900,2.7500,70317300,197765402.0000,3,2.348000,1,5.090900,1
2021-12-13,sz.002470,2.9400,3.0300,2.8100,2.9300,2.8900,85659936,250408790.8400,3,2.860300,1,1.384100,1
2021-12-14,sz.002470,2.8900,3.0100,2.8400,2.9400,2.9300,55184800,161372092.0000,3,1.842700,1,0.341300,1
2021-12-15,sz.002470,2.9100,3.0100,2.9000,2.9400,2.9400,44808724,132581542.9600,3,1.496200,1,0.000000,1
2021-12-16,sz.002470,2.9200,2.9500,2.7900,2.8000,2.9400,73711526,210035462.0200,3,2.461300,1,-4.761900,1
2021-12-17,sz.002470,2.7900,2.8400,2.7400,2.8000,2.8000,44477100,124201187.0000,3,1.485100,1,0.000000,1
2021-12-20,sz.002470,2.7600,2.8200,2.6600,2.6600,2.8000,54944962,149413739.4800,3,1.834700,1,-5.000000,1
2021-12-21,sz.002470,2.6400,2.7700,2.6200,2.7100,2.6600,34956754,94773838.7200,3,1.167200,1,1.879700,1
2021-12-22,sz.002470,2.6900,2.8500,2.6600,2.8100,2.7100,51794300,142816054.0000,3,1.729500,1,3.690000,1
2021-12-23,sz.002470,2.7800,2.8300,2.7200,2.7300,2.8100,36482827,100995209.4400,3,1.218200,1,-2.847000,1
2021-12-24,sz.002470,2.7300,2.7600,2.6600,2.6800,2.7300,29852105,80424065.9900,3,0.996800,1,-1.831500,1
2021-12-27,sz.002470,2.6700,2.8100,2.6200,2.8100,2.6800,46448869,128692218.3000,3,1.551000,1,4.850700,1
2021-12-28,sz.002470,2.8100,2.8100,2.8100,2.8100,2.8100,,,3,,0,,1
2021-12-29,sz.002470,2.9500,2.9500,2.9500,2.9500,2.8100,1260100,3717295.0000,3,0.042100,1,4.982200,1
2021-12-30,sz.002470,3.1000,3.1000,3.1000,3.1000,2.9500,2965014,9191543.4000,3,0.099000,1,5.084700,1
2021-12-31,sz.002470,3.1000,3.1000,3.0000,3.0100,3.1000,102393606,312480821.1800,3,3.419000,1,-2.903200,1
2022-01-04,sz.002470,3.0100,3.1600,2.9800,3.1600,3.0100,62604587,194271997.9500,3,2.090400,1,4.983400,1
2022-01-05,sz.002470,3.1800,3.2600,3.0700,3.1000,3.1600,90220344,285612530.8000,3,3.012600,1,-1.898700,1
2022-01-06,sz.002470,3.0700,3.0900,2.9600,3.0100,3.1000,53175339,160437097.1600,3,1.775600,1,-2.903200,1
2022-01-07,sz.002470,2.9400,3.1000,2.9100,2.9500,3.0100,65363953,196337869.0500,3,2.182600,1,-1.993400,1
2022-01-10,sz.002470,2.9000,3.0200,2.9000,2.9600,2.9500,35751200,105935820.0000,3,1.193800,1,0.339000,1
2022-01-11,sz.002470,2.8900,2.9500,2.8500,2.8900,2.9600,48852600,141291368.0000,3,1.631200,1,-2.364900,1
2022-01-12,sz.002470,2.9000,2.9300,2.8800,2.9000,2.8900,21474800,62306245.0000,3,0.717100,1,0.346000,1
2022-01-13,sz.002470,2.9100,2.9200,2.8300,2.8400,2.9000,29128065,83409874.9500,3,0.972600,1,-2.069000,1
2022-01-14,sz.002470,2.8600,2.8800,2.8200,2.8300,2.8400,32394884,92285056.6000,3,1.081700,1,-0.352100,1
2022-01-17,sz.002470,2.8300,2.8400,2.6900,2.7000,2.8300,46893500,128155681.0000,3,1.565800,1,-4.593600,1
2022-01-18,sz.002470,2.8400,2.8400,2.6500,2.6700,2.7000,65802600,180510717.0000,3,2.197200,1,-1.111100,1
2022-01-19,sz.002470,2.6700,2.7900,2.6000,2.7400,2.6700,46274700,125645316.0000,3,1.545200,1,2.621700,1
2022-01-20,sz.002470,2.7700,2.7900,2.6400,2.6500,2.7400,49095200,133161364.2900,3,1.639300,1,-3.284700,1
2022-01-21,sz.002470,2.5200,2.6000,2.5200,2.5200,2.6500,45272200,115161037.0000,3,1.511700,1,-4.905700,1
2022-01-24,sz.002470,2.3900,2.4200,2.3900,2.3900,2.5200,41159700,98456796.0000,3,1.374400,1,-5.158700,1
2022-01-25,sz.002470,2.3900,2.4200,2.2700,2.2700,2.3900,47433504,110271898.1200,3,1.583900,1,-5.020900,1
2022-01-26,sz.002470,2.2600,2.3800,2.2600,2.2900,2.2700,38446900,89102851.0000,3,1.283800,1,0.881100,1
2022-01-27,sz.002470,2.3000,2.3800,2.2600,2.3700,2.2900,45718704,106991464.3600,3,1.526600,1,3.493400,1
2022-01-28,sz.002470,2.4500,2.4900,2.4100,2.4900,2.3700,15320800,37795748.0000,3,0.511600,1,5.063300,1
2022-02-07,sz.002470,2.5500,2.6100,2.5400,2.6100,2.4900,18704500,48431610.0000,3,0.624600,1,4.819300,1
2022-02-08,sz.002470,2.7400,2.7400,2.6400,2.7200,2.6100,74352369,202559845.9900,3,2.482700,1,4.214600,1
2022-02-09,sz.002470,2.7200,2.7800,2.6400,2.7400,2.7200,41928069,113700723.0600,3,1.400000,1,0.735300,1
2022-02-10,sz.002470,2.7300,2.8300,2.6700,2.6800,2.7400,38654200,106041329.0000,3,1.290700,1,-2.189800,1
2022-02-11,sz.002470,2.6700,2.7400,2.6500,2.6900,2.6800,25569400,68962691.0000,3,0.853800,1,0.373100,1
2022-02-14,sz.002470,2.6600,2.8200,2.6500,2.7900,2.6900,42292600,116087971.0000,3,1.412200,1,3.717500,1
2022-02-15,sz.002470,2.7600,2.7800,2.6700,2.7100,2.7900,35444250,96538177.5000,3,1.183500,1,-2.867400,1
2022-02-16,sz.002470,2.7000,2.7700,2.6800,2.7400,2.7100,16311900,44702397.0000,3,0.544700,1,1.107000,1
2022-02-17,sz.002470,2.7100,2.8300,2.7100,2.7600,2.7400,28303600,78579513.0000,3,0.945100,1,0.729900,1
2022-02-18,sz.002470,2.7900,2.8200,2.7400,2.7600,2.7600,28344844,78740564.4400,3,0.946500,1,0.000000,1
2022-02-21,sz.002470,2.7500,2.7800,2.7300,2.7600,2.7600,21140150,58273012.5000,3,0.705900,1,0.000000,1
2022-02-22,sz.002470,2.7400,2.7500,2.7100,2.7200,2.7600,20768514,56673133.9400,3,0.693500,1,-1.449300,1
2022-02-23,sz.002470,2.7500,2.7800,2.7200,2.7500,2.7200,20465800,56273063.0000,3,0.683400,1,1.102900,1
2022-02-24,sz.002470,2.7400,2.7700,2.6200,2.6600,2.7500,43900600,118770663.0000,3,1.465900,1,-3.272700,1
2022-02-25,sz.002470,2.6800,2.7900,2.6800,2.7800,2.6600,64352398,178494767.9200,3,2.148800,1,4.511300,1
2022-02-28,sz.002470,2.7600,2.8000,2.7500,2.7700,2.7800,35455795,98321049.0000,3,1.183900,1,-0.359700,1
2022-03-01,sz.002470,2.7800,2.8100,2.7500,2.7500,2.7700,25848900,71538608.0000,3,0.863100,1,-0.722000,1
2022-03-02,sz.002470,2.7700,2.8000,2.6800,2.7300,2.7500,30881900,84667417.0000,3,1.031200,1,-0.727300,1
2022-03-03,sz.002470,2.7200,2.7400,2.6800,2.6800,2.7300,28515600,76980499.0000,3,0.952200,1,-1.831500,1
2022-03-04,sz.002470,2.6900,2.7800,2.6900,2.7700,2.6800,28046700,76340984.0000,3,0.936500,1,3.358200,1
2022-03-07,sz.002470,2.8200,2.8200,2.7500,2.7500,2.7700,27881600,77412835.0000,3,0.931000,1,-0.722000,1
2022-03-08,sz.002470,2.7500,2.7800,2.6700,2.7300,2.7500,29116800,79381578.0000,3,0.972200,1,-0.727300,1
2022-03-09,sz.002470,2.7000,2.7400,2.6000,2.6800,2.7300,35805910,95751748.0000,3,1.195600,1,-1.831500,1
2022-03-10,sz.002470,2.7100,2.7500,2.6800,2.7100,2.6800,20154400,54642609.0000,3,0.673000,1,1.119400,1
2022-03-11,sz.002470,2.7100,2.7900,2.6700,2.7500,2.7100,28754362,78611068.0000,3,0.960100,1,1.476000,1
2022-03-14,sz.002470,2.7500,2.7700,2.7100,2.7200,2.7500,19678000,53826191.0000,3,0.657100,1,-1.090900,1
2022-03-15,sz.002470,2.7100,2.7100,2.6000,2.6200,2.7200,34179200,90619318.0000,3,1.141300,1,-3.676500,1
2022-03-16,sz.002470,2.6600,2.6600,2.5300,2.6400,2.6200,35821865,93195345.0000,3,1.196100,1,0.763400,1
2022-03-17,sz.002470,2.6500,2.6900,2.6200,2.6600,2.6400,25065060,66557038.0000,3,0.837000,1,0.757600,1
2022-03-18,sz.002470,2.6600,2.7000,2.6400,2.6900,2.6600,26786500,71587650.0000,3,0.894400,1,1.127800,1
2022-03-21,sz.002470,2.7200,2.8200,2.6900,2.8200,2.6900,55699829,154706263.8800,3,1.859900,1,4.832700,1
2022-03-22,sz.002470,2.7700,2.9300,2.7700,2.8100,2.8200,51204434,145531440.0800,3,1.709800,1,-0.354600,1
2022-03-23,sz.002470,2.7900,2.8600,2.7900,2.8200,2.8100,27561586,77809597.7600,3,0.920300,1,0.355900,1
2022-03-24,sz.002470,2.8300,2.8500,2.7900,2.7900,2.8200,33357200,93841512.0000,3,1.113800,1,-1.063800,1
2022-03-25,sz.002470,2.7600,2.7800,2.7000,2.7000,2.7900,36843400,100858578.0000,3,1.230200,1,-3.225800,1
2022-03-28,sz.002470,2.6800,2.6900,2.6300,2.6500,2.7000,32493100,86289318.0000,3,1.085000,1,-1.851900,1
2022-03-29,sz.002470,2.6600,2.7600,2.6600,2.7200,2.6500,33987972,92063705.9500,3,1.134900,1,2.641500,1
2022-03-30,sz.002470,2.7000,2.7100,2.6500,2.6600,2.7200,26677503,71448126.9800,3,0.890800,1,-2.205900,1
2022-03-31,sz.002470,2.7000,2.7300,2.6700,2.6800,2.6600,24437500,65906167.0000,3,0.816000,1,0.751900,1
2022-04-01,sz.002470,2.6600,2.6900,2.6500,2.6800,2.6800,19580660,52376378.2000,3,0.653800,1,0.000000,1
2022-04-06,sz.002470,2.6700,2.6800,2.6300,2.6500,2.6800,24915600,66078131.0000,3,0.832000,1,-1.119400,1
2022-04-07,sz.002470,2.6400,2.7000,2.6300,2.6600,2.6500,22996879,61274775.5600,3,0.767900,1,0.377400,1
2022-04-08,sz.002470,2.6600,2.7900,2.6600,2.7700,2.6600,63538224,174923601.3200,3,2.121600,1,4.135300,1
2022-04-11,sz.002470,2.7300,2.7600,2.6900,2.7200,2.7700,45413480,123566322.8000,3,1.516400,1,-1.805100,1
2022-04-12,sz.002470,2.7100,2.7600,2.7000,2.7400,2.7200,23789700,65005092.0000,3,0.794400,1,0.735300,1
2022-04-13,sz.002470,2.7300,2.7800,2.7100,2.7600,2.7400,27435280,75397600.6000,3,0.916100,1,0.729900,1
2022-04-14,sz.002470,2.7600,2.8900,2.7400,2.8500,2.7600,49207700,139394904.0000,3,1.643100,1,3.260900,1
2022-04-15,sz.002470,2.8400,2.8900,2.7800,2.8000,2.8500,42015100,119445086.0000,3,1.402900,1,-1.754400,1
2022-04-18,sz.002470,2.8100,2.9400,2.7600,2.9400,2.8000,38821600,111321625.0000,3,1.296300,1,5.000000,1
2022-04-19,sz.002470,3.0900,3.0900,3.0900,3.0900,2.9400,2868900,8864901.0000,3,0.095800,1,5.102000,1
2022-04-20,sz.002470,3.2400,3.2400,3.0500,3.1700,3.0900,139125696,441475321.8200,3,4.645600,1,2.589000,1
2022-04-21,sz.002470,3.2400,3.3100,3.1700,3.1900,3.1700,98424913,319021435.8800,3,3.286500,1,0.630900,1
2022-04-22,sz.002470,3.1200,3.1500,3.0300,3.0300,3.1900,71435336,218853994.0800,3,2.385300,1,-5.015700,1
2022-04-25,sz.002470,3.0000,3.1700,2.9400,2.9500,3.0300,83943800,256118261.0000,3,2.803000,1,-2.640300,1
2022-04-26,sz.002470,3.0900,3.1000,3.0200,3.1000,2.9500,29195073,90243878.5700,3,0.974900,1,5.084700,1
2022-04-27,sz.002470,3.1000,3.1000,2.9500,2.9500,3.1000,57452900,170866057.0000,3,1.918400,1,-4.838700,1
2022-04-28,sz.002470,2.8800,2.9300,2.8000,2.8000,2.9500,51074600,144410536.8000,3,1.705400,1,-5.084700,1
2022-04-29,sz.002470,2.8500,2.8800,2.6600,2.7900,2.8000,65063874,178922168.5800,3,2.172600,1,-0.357100,1
2022-05-05,sz.002470,2.6700,2.7300,2.6500,2.6500,2.7900,59198400,157972595.0000,3,1.883700,1,-5.017900,1
2022-05-06,sz.002470,2.6100,2.7200,2.6100,2.7000,2.6500,39876576,106655386.1600,3,1.268900,1,1.886800,1
2022-05-09,sz.002470,2.7200,2.7500,2.6800,2.7000,2.7000,31289800,84811563.0000,3,0.995700,1,0.000000,1
2022-05-10,sz.002470,2.6800,2.7000,2.5700,2.5800,2.7000,63229602,165202597.3200,3,2.012000,1,-4.444400,1
2022-05-11,sz.002470,2.5800,2.5800,2.4600,2.5400,2.5800,47231300,119140002.0000,3,1.502900,1,-1.550400,1
2022-05-12,sz.002470,2.5300,2.5500,2.4100,2.4100,2.5400,64255336,157620350.7200,3,2.044600,1,-5.118100,1
2022-05-13,sz.002470,2.3700,2.4600,2.2900,2.3100,2.4100,86156200,202539645.0000,3,2.741500,1,-4.149400,1
2022-05-16,sz.002470,2.3100,2.4300,2.3100,2.4300,2.3100,59368223,141352167.1100,3,1.889100,1,5.194800,1
2022-05-17,sz.002470,2.4300,2.4600,2.3900,2.4100,2.4300,36636736,88532553.4000,3,1.165800,1,-0.823000,1
2022-05-18,sz.002470,2.3900,2.4400,2.3600,2.3900,2.4100,24129700,57847647.0000,3,0.767800,1,-0.829900,1
2022-05-19,sz.002470,2.3600,2.4500,2.3400,2.4100,2.3900,26326000,63492661.0000,3,0.837700,1,0.836800,1
2022-05-20,sz.002470,2.4100,2.5000,2.4100,2.4700,2.4100,36001700,88106759.0000,3,1.145600,1,2.489600,1
2022-05-23,sz.002470,2.4500,2.5400,2.4400,2.5100,2.4700,34542100,86020980.0000,3,1.099100,1,1.619400,1
2022-05-24,sz.002470,2.4900,2.5000,2.3800,2.3800,2.5100,53869200,130119382.0000,3,1.714100,1,-5.179300,1
2022-05-25,sz.002470,2.3600,2.4000,2.3200,2.3900,2.3800,25090975,59490569.2500,3,0.798400,1,0.420200,1
2022-05-26,sz.002470,2.3800,2.4300,2.3700,2.3700,2.3900,27451600,65548674.0000,3,0.873500,1,-0.836800,1
2022-05-27,sz.002470,2.3700,2.3900,2.3000,2.3400,2.3700,38494600,90092124.0000,3,1.224900,1,-1.265800,1
2022-05-30,sz.002470,2.3400,2.3500,2.3000,2.3200,2.3400,20762000,48249132.0000,3,0.660700,1,-0.854700,1
2022-05-31,sz.002470,2.3200,2.3600,2.3100,2.3300,2.3200,21795600,50936587.0000,3,0.693500,1,0.431000,1
2022-06-01,sz.002470,2.3300,2.4100,2.3200,2.3900,2.3300,28152800,66754698.0000,3,0.895800,1,2.575100,1
2022-06-02,sz.002470,2.3800,2.3900,2.3300,2.3600,2.3900,20961400,49460744.0000,3,0.667000,1,-1.255200,1
2022-06-06,sz.002470,2.3500,2.3600,2.3200,2.3400,2.3600,22510700,52652201.0000,3,0.716300,1,-0.847500,1
2022-06-07,sz.002470,2.3400,2.3800,2.3200,2.3500,2.3400,23474104,55117973.4000,3,0.747000,1,0.427400,1
2022-06-08,sz.002470,2.3400,2.3700,2.2400,2.3100,2.3500,36471800,84252998.0000,3,1.160500,1,-1.702100,1
2022-06-09,sz.002470,2.3400,2.4300,2.3400,2.4100,2.3100,50800208,122124755.4000,3,1.616500,1,4.329000,1
2022-06-10,sz.002470,2.3600,2.3800,2.3200,2.3600,2.4100,32349610,76050243.5000,3,1.029400,1,-2.074700,1
2022-06-13,sz.002470,2.3600,2.3900,2.3400,2.3600,2.3600,30741100,72735530.0000,3,0.978200,1,0.000000,1
2022-06-14,sz.002470,2.3600,2.3600,2.3000,2.3300,2.3600,27800800,64750318.0000,3,0.884600,1,-1.271200,1
2022-06-15,sz.002470,2.3300,2.3400,2.3000,2.3100,2.3300,27224300,63087438.0000,3,0.866300,1,-0.858400,1
2022-06-16,sz.002470,2.3100,2.3300,2.2800,2.2900,2.3100,23963200,55040630.0000,3,0.762500,1,-0.865800,1
2022-06-17,sz.002470,2.2800,2.3100,2.2400,2.2600,2.2900,32581100,74159035.0000,3,1.036700,1,-1.310000,1
2022-06-20,sz.002470,2.2800,2.2800,2.2300,2.2300,2.2600,23181400,52061542.0000,3,0.737600,1,-1.327400,1
2022-06-21,sz.002470,2.2400,2.3000,2.2400,2.2700,2.2300,24010400,54573783.0000,3,0.764000,1,1.793700,1
2022-06-22,sz.002470,2.2700,2.2700,2.2400,2.2500,2.2700,14271900,32113010.0000,3,0.454100,1,-0.881100,1
2022-06-23,sz.002470,2.2400,2.2500,2.1600,2.2200,2.2500,34294114,75394581.7200,3,1.091300,1,-1.333300,1
2022-06-24,sz.002470,2.2200,2.2200,2.1800,2.1900,2.2200,19348200,42403622.0000,3,0.615700,1,-1.351400,1
2022-06-27,sz.002470,2.1900,2.2000,2.1300,2.1500,2.1900,28355000,60910453.0000,3,0.902300,1,-1.826500,1
2022-06-28,sz.002470,2.1400,2.2000,2.1300,2.1600,2.1500,21791100,47292823.0000,3,0.693400,1,0.465100,1
2022-06-29,sz.002470,2.1600,2.1700,2.1000,2.1100,2.1600,26740200,56671361.0000,3,0.850900,1,-2.314800,1
2022-06-30,sz.002470,2.1100,2.1500,2.1000,2.1000,2.1100,22620100,47869445.0000,3,0.719800,1,-0.473900,1
2022-07-01,sz.002470,2.1700,2.2100,2.1700,2.2100,2.1000,24484008,54041012.6800,3,0.779100,1,5.238100,1
2022-07-04,sz.002470,2.2700,2.3200,2.2400,2.3200,2.2100,34831342,80026855.8800,3,1.108300,1,4.977400,1
2022-07-05,sz.002470,2.3800,2.4400,2.3400,2.3900,2.3200,76843834,183541856.5800,3,2.445200,1,3.017200,1
2022-07-06,sz.002470,2.4000,2.4300,2.3300,2.3300,2.3900,36823300,87156099.1000,3,1.171700,1,-2.510500,1
2022-07-07,sz.002470,2.3300,2.4200,2.3100,2.3800,2.3300,38853355,92221825.7000,3,1.236300,1,2.145900,1
2022-07-08,sz.002470,2.3800,2.3800,2.3100,2.3200,2.3800,24532670,57270397.4000,3,0.780600,1,-2.521000,1
2022-07-11,sz.002470,2.3000,2.3000,2.2400,2.2600,2.3200,21355600,48415767.0000,3,0.679500,1,-2.586200,1
2022-07-12,sz.002470,2.2800,2.3500,2.2800,2.2800,2.2600,20267708,46830955.4800,3,0.644900,1,0.885000,1
2022-07-13,sz.002470,2.2800,2.3300,2.2700,2.3100,2.2800,15453104,35684051.2400,3,0.491700,1,1.315800,1
2022-07-14,sz.002470,2.3200,2.3400,2.2900,2.3100,2.3100,15221500,35134803.0000,3,0.484400,1,0.000000,1
2022-07-15,sz.002470,2.3700,2.4200,2.3100,2.3200,2.3100,25766900,60700696.9600,3,0.819900,1,0.432900,1
2022-07-18,sz.002470,2.3000,2.3100,2.2600,2.2900,2.3200,17645000,40315096.0000,3,0.561500,1,-1.293100,1
2022-07-19,sz.002470,2.2800,2.3100,2.2600,2.2800,2.2900,20436600,46593209.0000,3,0.650300,1,-0.436700,1
2022-07-20,sz.002470,2.2700,2.3700,2.2600,2.3300,2.2800,28268900,65619598.0000,3,0.899500,1,2.193000,1
2022-07-21,sz.002470,2.3200,2.3200,2.2800,2.2900,2.3300,21844700,50163416.0000,3,0.695100,1,-1.716700,1
2022-07-22,sz.002470,2.2900,2.3000,2.2700,2.2800,2.2900,15046770,34405672.6000,3,0.478800,1,-0.436700,1
2022-07-25,sz.002470,2.2900,2.3100,2.2600,2.2800,2.2800,15050000,34358591.0000,3,0.478900,1,0.000000,1
2022-07-26,sz.002470,2.2800,2.3400,2.2600,2.3000,2.2800,19977000,45852170.0000,3,0.635700,1,0.877200,1
2022-07-27,sz.002470,2.3000,2.3400,2.2800,2.3100,2.3000,17732476,40923566.0400,3,0.564300,1,0.434800,1
2022-07-28,sz.002470,2.3300,2.3400,2.2900,2.2900,2.3100,18797147,43330939.4400,3,0.598100,1,-0.865800,1
2022-07-29,sz.002470,2.3000,2.3000,2.2600,2.2700,2.2900,15351000,34968011.0000,3,0.488500,1,-0.873400,1
2022-08-01,sz.002470,2.2700,2.2800,2.2200,2.2300,2.2700,17822100,39871761.0000,3,0.567100,1,-1.762100,1
2022-08-02,sz.002470,2.2200,2.2200,2.1300,2.1400,2.2300,29906900,64415386.0000,3,0.951600,1,-4.035900,1
2022-08-03,sz.002470,2.1400,2.1900,2.1400,2.1600,2.1400,20954500,45434954.0000,3,0.666800,1,0.934600,1
2022-08-04,sz.002470,2.1800,2.2000,2.1600,2.1900,2.1600,13260300,28863982.0000,3,0.421900,1,1.388900,1
2022-08-05,sz.002470,2.1900,2.2200,2.1700,2.2100,2.1900,12070200,26503620.0000,3,0.384100,1,0.913200,1
2022-08-08,sz.002470,2.2000,2.2300,2.2000,2.2100,2.2100,12087300,26748738.0000,3,0.384600,1,0.000000,1
2022-08-09,sz.002470,2.2100,2.2200,2.2000,2.2100,2.2100,9722500,21451921.0000,3,0.309400,1,0.000000,1
2022-08-10,sz.002470,2.3200,2.3200,2.3200,2.3200,2.2100,5903000,13694960.0000,3,0.187800,1,4.977400,1
2022-08-11,sz.002470,2.4400,2.4400,2.3300,2.3400,2.3200,67248155,160923860.8000,3,2.139900,1,0.862100,1
2022-08-12,sz.002470,2.3100,2.4000,2.3000,2.3600,2.3400,35999371,84798235.0100,3,1.145500,1,0.854700,1
2022-08-15,sz.002470,2.3800,2.4300,2.3500,2.4300,2.3600,39187355,94026985.0000,3,1.247000,1,2.966100,1
2022-08-16,sz.002470,2.4200,2.4700,2.3700,2.3800,2.4300,31895400,76824559.0000,3,1.014900,1,-2.057600,1
2022-08-17,sz.002470,2.3900,2.4000,2.3500,2.3500,2.3800,26139100,61844983.0000,3,0.831800,1,-1.260500,1
2022-08-18,sz.002470,2.3500,2.3800,2.3300,2.3300,2.3500,18533300,43523216.0000,3,0.589700,1,-0.851100,1
2022-08-19,sz.002470,2.3200,2.3900,2.3200,2.3600,2.3300,23938004,56453790.4400,3,0.761700,1,1.287600,1
2022-08-22,sz.002470,2.3600,2.4000,2.3400,2.3900,2.3600,25333300,60107212.0000,3,0.806100,1,1.271200,1
2022-08-23,sz.002470,2.3700,2.3800,2.3500,2.3700,2.3900,21395900,50587591.0000,3,0.680800,1,-0.836800,1
2022-08-24,sz.002470,2.3700,2.4200,2.3400,2.3500,2.3700,31035500,73737371.0000,3,0.987600,1,-0.843900,1
2022-08-25,sz.002470,2.3200,2.3700,2.3000,2.3100,2.3500,26278500,61201185.0000,3,0.836200,1,-1.702100,1
2022-08-26,sz.002470,2.3800,2.4300,2.3500,2.3600,2.3100,33687600,80209427.0000,3,1.077800,1,2.164500,1
2022-08-29,sz.002470,2.3200,2.3500,2.3000,2.3300,2.3600,21480400,49931951.0000,3,0.687300,1,-1.271200,1
2022-08-30,sz.002470,2.3100,2.3500,2.3100,2.3300,2.3300,14594469,33973852.5700,3,0.467000,1,0.000000,1
2022-08-31,sz.002470,2.3900,2.4100,2.3000,2.3100,2.3300,29446900,69033577.0000,3,0.942200,1,-0.858400,1
2022-09-01,sz.002470,2.3300,2.3300,2.2900,2.3000,2.3100,16125600,37321883.0000,3,0.515900,1,-0.432900,1
2022-09-02,sz.002470,2.3100,2.3200,2.2600,2.3000,2.3000,17463600,39934285.0000,3,0.558800,1,0.000000,1
2022-09-05,sz.002470,2.2900,2.3000,2.2800,2.2900,2.3000,10223700,23398626.0000,3,0.327100,1,-0.434800,1
2022-09-06,sz.002470,2.2900,2.3600,2.2800,2.3400,2.2900,25510500,59303589.0000,3,0.816200,1,2.183400,1
2022-09-07,sz.002470,2.3300,2.3300,2.3000,2.3100,2.3400,15576900,36043851.0000,3,0.498400,1,-1.282100,1
2022-09-08,sz.002470,2.3100,2.3200,2.2700,2.2700,2.3100,16455000,37583772.0000,3,0.526500,1,-1.731600,1
2022-09-09,sz.002470,2.2700,2.2900,2.2600,2.2800,2.2700,13278800,30208182.0000,3,0.424900,1,0.440500,1
2022-09-13,sz.002470,2.2800,2.2800,2.2600,2.2700,2.2800,12609900,28634808.0000,3,0.403500,1,-0.438600,1
2022-09-14,sz.002470,2.2500,2.2500,2.2200,2.2400,2.2700,19108800,42743265.0000,3,0.611400,1,-1.321600,1
2022-09-15,sz.002470,2.2400,2.2600,2.1900,2.2100,2.2400,20488600,45492544.0000,3,0.655500,1,-1.339300,1
2022-09-16,sz.002470,2.2000,2.2100,2.1600,2.1700,2.2100,15286800,33377085.0000,3,0.489100,1,-1.810000,1
2022-09-19,sz.002470,2.1700,2.1700,2.1300,2.1600,2.1700,16183300,34803414.0000,3,0.517800,1,-0.460800,1
2022-09-20,sz.002470,2.1700,2.1800,2.1400,2.1600,2.1600,12896100,27809793.0000,3,0.412600,1,0.000000,1
2022-09-21,sz.002470,2.1600,2.1700,2.1200,2.1600,2.1600,16370000,34981661.0000,3,0.523800,1,0.000000,1
2022-09-22,sz.002470,2.1400,2.1600,2.1300,2.1600,2.1600,8624600,18541630.0000,3,0.275900,1,0.000000,1
2022-09-23,sz.002470,2.1600,2.2000,2.1500,2.1700,2.1600,19280204,41978503.7200,3,0.616900,1,0.463000,1
2022-09-26,sz.002470,2.1600,2.1600,2.1100,2.1200,2.1700,15466800,33034432.0000,3,0.494900,1,-2.304100,1
2022-09-27,sz.002470,2.1200,2.1400,2.0300,2.1300,2.1200,14703302,30884378.2200,3,0.470400,1,0.471700,1
2022-09-28,sz.002470,2.1200,2.1300,2.0700,2.0700,2.1300,13076700,27448177.0000,3,0.418400,1,-2.816900,1
2022-09-29,sz.002470,2.0900,2.1000,2.0400,2.0500,2.0700,13280100,27392943.0000,3,0.424900,1,-0.966200,1
2022-09-30,sz.002470,2.0400,2.1500,2.0200,2.1500,2.0500,26038300,54848143.0000,3,0.833100,1,4.878000,1
2022-10-10,sz.002470,2.1500,2.1500,2.0900,2.0900,2.1500,15224100,32275933.0000,3,0.487100,1,-2.790700,1
2022-10-11,sz.002470,2.0700,2.1900,2.0700,2.1900,2.0900,21051500,45433829.0000,3,0.673500,1,4.784700,1
2022-10-12,sz.002470,2.1800,2.2300,2.1600,2.2000,2.1900,24451300,53662238.0000,3,0.782300,1,0.456600,1
2022-10-13,sz.002470,2.1800,2.2800,2.1700,2.2300,2.2000,20654500,45666943.0000,3,0.660800,1,1.363600,1
2022-10-14,sz.002470,2.2200,2.2700,2.2000,2.2200,2.2300,18434700,41179586.0000,3,0.589800,1,-0.448400,1
2022-10-17,sz.002470,2.1900,2.2300,2.1800,2.2100,2.2200,13743500,30200510.0000,3,0.439700,1,-0.450500,1
2022-10-18,sz.002470,2.2100,2.2300,2.1800,2.1900,2.2100,14172300,31195929.0000,3,0.453400,1,-0.905000,1
2022-10-19,sz.002470,2.1900,2.2100,2.1800,2.1900,2.1900,9436600,20689173.0000,3,0.301900,1,0.000000,1
2022-10-20,sz.002470,2.1900,2.1900,2.1500,2.1600,2.1900,16802400,36429717.0000,3,0.537600,1,-1.369900,1
2022-10-21,sz.002470,2.1800,2.1900,2.1600,2.1600,2.1600,12135054,26342637.6400,3,0.388300,1,0.000000,1
2022-10-24,sz.002470,2.1600,2.1700,2.1000,2.1100,2.1600,17484700,37252888.0000,3,0.559400,1,-2.314800,1
2022-10-25,sz.002470,2.1000,2.1300,2.0600,2.1000,2.1100,16934700,35515973.0000,3,0.541800,1,-0.473900,1
2022-10-26,sz.002470,2.1100,2.1400,2.0900,2.1200,2.1000,13344000,28301168.0000,3,0.426900,1,0.952400,1
2022-10-27,sz.002470,2.1100,2.1500,2.1100,2.1400,2.1200,14102700,30019908.0000,3,0.451200,1,0.943400,1
2022-10-28,sz.002470,2.0300,2.0700,2.0300,2.0300,2.1400,37149000,75805602.0000,3,1.188600,1,-5.140200,1
2022-10-31,sz.002470,2.0100,2.0500,2.0000,2.0200,2.0300,16155554,32759186.6200,3,0.516900,1,-0.492600,1
2022-11-01,sz.002470,2.0200,2.0500,2.0000,2.0400,2.0200,16953179,34307864.2900,3,0.542400,1,0.990100,1
2022-11-02,sz.002470,2.0400,2.1200,2.0300,2.0400,2.0400,37039408,76413624.3200,3,1.185100,1,0.000000,1
2022-11-03,sz.002470,2.0300,2.0800,2.0200,2.0500,2.0400,17868688,36556277.1600,3,0.571700,1,0.490200,1
2022-11-04,sz.002470,2.0400,2.0800,2.0400,2.0700,2.0500,23380666,48173415.7800,3,0.748100,1,0.975600,1
2022-11-07,sz.002470,2.0600,2.0900,2.0300,2.0500,2.0700,35462100,72924354.9000,3,1.134600,1,-0.966200,1
2022-11-08,sz.002470,2.0600,2.1500,2.0500,2.1300,2.0500,45787864,96148028.4000,3,1.465000,1,3.902400,1
2022-11-09,sz.002470,2.1200,2.1300,2.0700,2.1000,2.1300,42701900,89660594.0000,3,1.366300,1,-1.408500,1
2022-11-10,sz.002470,2.1000,2.1600,2.0800,2.1300,2.1000,30159773,63963201.4900,3,0.965000,1,1.428600,1
2022-11-11,sz.002470,2.1600,2.1700,2.0700,2.0900,2.1300,55775873,117607827.7600,3,1.784600,1,-1.877900,1
2022-11-14,sz.002470,2.0700,2.0900,2.0500,2.0700,2.0900,27616100,57205395.0000,3,0.883600,1,-0.956900,1
2022-11-15,sz.002470,2.0700,2.0900,2.0500,2.0800,2.0700,21649900,44969153.0000,3,0.692700,1,0.483100,1
2022-11-16,sz.002470,2.0800,2.1100,2.0600,2.0800,2.0800,26187300,54541097.0000,3,0.837900,1,0.000000,1
2022-11-17,sz.002470,2.0800,2.0900,2.0500,2.0600,2.0800,26103566,53839364.9600,3,0.835200,1,-0.961500,1
2022-11-18,sz.002470,2.0700,2.1100,2.0600,2.0800,2.0600,30367300,63272484.0000,3,0.971600,1,0.970900,1
2022-11-21,sz.002470,2.0700,2.0700,2.0300,2.0500,2.0800,27852323,57040150.1500,3,0.891100,1,-1.442300,1
2022-11-22,sz.002470,2.0500,2.0700,2.0400,2.0500,2.0500,20346650,41818786.5000,3,0.651000,1,0.000000,1
2022-11-23,sz.002470,2.0400,2.0500,2.0100,2.0300,2.0500,25890650,52485581.5000,3,0.828400,1,-0.975600,1
2022-11-24,sz.002470,2.0300,2.0700,2.0200,2.0500,2.0300,24288350,49635978.5000,3,0.777100,1,0.985200,1
2022-11-25,sz.002470,2.0500,2.0600,2.0300,2.0500,2.0500,15645600,31983967.0000,3,0.500600,1,0.000000,1
2022-11-28,sz.002470,2.0400,2.0600,2.0200,2.0600,2.0500,21726650,44368299.5000,3,0.695100,1,0.487800,1
2022-11-29,sz.002470,2.0600,2.1200,2.0500,2.0900,2.0600,30464600,63684339.0000,3,0.974700,1,1.456300,1
2022-11-30,sz.002470,2.0900,2.1500,2.0800,2.1400,2.0900,44928300,95135735.0000,3,1.437500,1,2.392300,1
2022-12-01,sz.002470,2.1300,2.1400,2.1000,2.1100,2.1400,33988600,71877457.0000,3,1.087500,1,-1.401900,1
2022-12-02,sz.002470,2.1000,2.1300,2.1000,2.1200,2.1100,20189100,42683884.0000,3,0.646000,1,0.473900,1
2022-12-05,sz.002470,2.1400,2.1500,2.1200,2.1300,2.1200,22441900,47801019.0000,3,0.718000,1,0.471700,1
2022-12-06,sz.002470,2.1200,2.2400,2.1100,2.2400,2.1300,57924100,128217127.0000,3,1.853300,1,5.164300,1
2022-12-07,sz.002470,2.2600,2.2900,2.2000,2.2100,2.2400,60167000,134830390.0000,3,1.925100,1,-1.339300,1
2022-12-08,sz.002470,2.2000,2.3200,2.1800,2.2500,2.2100,60064100,135156125.0000,3,1.921800,1,1.810000,1
2022-12-09,sz.002470,2.2300,2.2600,2.1900,2.1900,2.2500,32854100,72776614.0000,3,1.051200,1,-2.666700,1
2022-12-12,sz.002470,2.1900,2.2000,2.1400,2.1400,2.1900,25721400,55555299.0000,3,0.823000,1,-2.283100,1
2022-12-13,sz.002470,2.1400,2.2000,2.1400,2.1700,2.1400,23583500,51326699.0000,3,0.754600,1,1.401900,1
2022-12-14,sz.002470,2.1700,2.1700,2.1400,2.1500,2.1700,16287800,35095297.0000,3,0.521100,1,-0.921700,1
2022-12-15,sz.002470,2.1500,2.1900,2.1500,2.1700,2.1500,17414775,37740454.0000,3,0.557200,1,0.930200,1
2022-12-16,sz.002470,2.1600,2.1700,2.1400,2.1500,2.1700,15978100,34445048.0000,3,0.511200,1,-0.921700,1
2022-12-19,sz.002470,2.1400,2.1500,2.0800,2.0900,2.1500,20447400,43196351.0000,3,0.654200,1,-2.790700,1
2022-12-20,sz.002470,2.0800,2.1100,2.0700,2.0900,2.0900,12617900,26339971.0000,3,0.403700,1,0.000000,1
2022-12-21,sz.002470,2.1000,2.1300,2.0900,2.1000,2.0900,11262000,23712793.0000,3,0.360300,1,0.478500,1
2022-12-22,sz.002470,2.1000,2.1200,2.0500,2.0700,2.1000,16748600,34791153.0000,3,0.535900,1,-1.428600,1
2022-12-23,sz.002470,2.0600,2.1400,2.0600,2.1000,2.0700,20770175,43760607.5000,3,0.664500,1,1.449300,1
2022-12-26,sz.002470,2.1000,2.1200,2.0900,2.1200,2.1000,11212800,23600484.0000,3,0.358800,1,0.952400,1
2022-12-27,sz.002470,2.1100,2.1200,2.0800,2.1100,2.1200,10045600,21086973.0000,3,0.321400,1,-0.471700,1
2022-12-28,sz.002470,2.0900,2.1000,2.0700,2.0800,2.1100,10119900,21094178.0000,3,0.323800,1,-1.421800,1
2022-12-29,sz.002470,2.0800,2.0900,2.0500,2.0500,2.0800,13567000,28076160.0000,3,0.434100,1,-1.442300,1
2022-12-30,sz.002470,2.0600,2.0800,2.0600,2.0700,2.0500,7977500,16519427.0000,3,0.255200,1,0.975600,1
2023-01-03,sz.002470,2.0300,2.0800,2.0300,2.0700,2.0700,16842100,34697420.0000,3,0.538900,1,0.000000,1
2023-01-04,sz.002470,2.0700,2.0800,2.0600,2.0800,2.0700,9131600,18940463.0000,3,0.292200,1,0.483100,1
2023-01-05,sz.002470,2.0900,2.1300,2.0800,2.0900,2.0800,16489300,34661516.0000,3,0.527600,1,0.480800,1
2023-01-06,sz.002470,2.0900,2.0900,2.0600,2.0700,2.0900,13837200,28723913.0000,3,0.442700,1,-0.956900,1
2023-01-09,sz.002470,2.0700,2.0800,2.0500,2.0600,2.0700,15218400,31387247.0000,3,0.486900,1,-0.483100,1
2023-01-10,sz.002470,2.0600,2.0700,2.0500,2.0500,2.0600,9082300,18702645.0000,3,0.290600,1,-0.485400,1
2023-01-11,sz.002470,2.0500,2.0700,2.0500,2.0500,2.0500,8396800,17281635.0000,3,0.268700,1,0.000000,1
2023-01-12,sz.002470,2.0500,2.0600,2.0400,2.0400,2.0500,10132800,20729840.0000,3,0.324200,1,-0.487800,1
2023-01-13,sz.002470,2.0500,2.0600,2.0400,2.0600,2.0400,8013200,16437940.0000,3,0.256400,1,0.980400,1
2023-01-16,sz.002470,2.0500,2.0700,2.0500,2.0600,2.0600,11208800,23075371.0000,3,0.358600,1,0.000000,1
2023-01-17,sz.002470,2.0600,2.0900,2.0500,2.0600,2.0600,13763800,28424280.0000,3,0.440400,1,0.000000,1
2023-01-18,sz.002470,2.0600,2.0800,2.0500,2.0500,2.0600,12813500,26400924.0000,3,0.410000,1,-0.485400,1
2023-01-19,sz.002470,2.0600,2.0700,2.0500,2.0600,2.0500,9166400,18850356.0000,3,0.293300,1,0.487800,1
2023-01-20,sz.002470,2.0600,2.0800,2.0600,2.0700,2.0600,11174278,23114232.6800,3,0.357500,1,0.485400,1
2023-01-30,sz.002470,2.0800,2.0900,2.0700,2.0800,2.0700,17946200,37317134.0000,3,0.574200,1,0.483100,1
2023-01-31,sz.002470,2.0600,2.0900,2.0600,2.0800,2.0800,16359700,33877645.0000,3,0.523400,1,0.000000,1
2023-02-01,sz.002470,2.0800,2.1300,2.0700,2.1100,2.0800,25347300,53152517.0000,3,0.811000,1,1.442300,1
2023-02-02,sz.002470,2.1000,2.1200,2.0800,2.0800,2.1100,21105400,44235635.0000,3,0.675300,1,-1.421800,1
2023-02-03,sz.002470,2.0900,2.1000,2.0800,2.1000,2.0800,10790000,22552412.0000,3,0.345200,1,0.961500,1
2023-02-06,sz.002470,2.0900,2.1000,2.0700,2.0800,2.1000,12724400,26515987.0000,3,0.407100,1,-0.952400,1
2023-02-07,sz.002470,2.0800,2.0900,2.0600,2.0700,2.0800,11587200,24006407.0000,3,0.370700,1,-0.480800,1
2023-02-08,sz.002470,2.0700,2.0800,2.0600,2.0600,2.0700,12139400,25093873.0000,3,0.388400,1,-0.483100,1
2023-02-09,sz.002470,2.0600,2.0700,2.0500,2.0700,2.0600,8545667,17635950.0200,3,0.273400,1,0.485400,1
2023-02-10,sz.002470,2.0600,2.0700,2.0500,2.0600,2.0700,15143000,31175426.0000,3,0.484500,1,-0.483100,1
2023-02-13,sz.002470,2.0600,2.0700,2.0500,2.0600,2.0600,11713800,24131595.0000,3,0.374800,1,0.000000,1
2023-02-14,sz.002470,2.0700,2.0700,2.0500,2.0600,2.0600,12851802,26466487.1200,3,0.411200,1,0.000000,1
2023-02-15,sz.002470,2.0600,2.0600,2.0400,2.0500,2.0600,14977200,30705597.0000,3,0.479200,1,-0.485400,1
2023-02-16,sz.002470,2.0400,2.0600,2.0200,2.0300,2.0500,22790787,46469511.3500,3,0.729200,1,-0.975600,1
2023-02-17,sz.002470,2.0300,2.0400,2.0200,2.0300,2.0300,12515687,25407649.6100,3,0.400400,1,0.000000,1
2023-02-20,sz.002470,2.0300,2.0300,2.0100,2.0100,2.0300,16991200,34306544.0000,3,0.543600,1,-0.985200,1
2023-02-21,sz.002470,2.0200,2.0700,2.0100,2.0500,2.0100,19512200,39919980.0000,3,0.624300,1,1.990000,1
2023-02-22,sz.002470,2.0400,2.0500,2.0300,2.0400,2.0500,9726900,19777393.0000,3,0.311200,1,-0.487800,1
2023-02-23,sz.002470,2.0300,2.0400,2.0100,2.0200,2.0400,11993700,24257640.0000,3,0.383700,1,-0.980400,1
2023-02-24,sz.002470,2.0200,2.0300,2.0100,2.0200,2.0200,7819200,15782896.0000,3,0.250200,1,0.000000,1
2023-02-27,sz.002470,2.0200,2.0300,2.0000,2.0100,2.0200,13360668,26834148.6800,3,0.427500,1,-0.495000,1
2023-02-28,sz.002470,2.0100,2.0400,2.0100,2.0100,2.0100,14845104,29984006.0800,3,0.475000,1,0.000000,1
2023-03-01,sz.002470,2.0200,2.0300,2.0100,2.0200,2.0100,12529650,25320084.0000,3,0.400900,1,0.497500,1
2023-03-02,sz.002470,2.0200,2.0300,2.0200,2.0200,2.0200,9445231,19099106.6200,3,0.302200,1,0.000000,1
2023-03-03,sz.002470,2.1200,2.1200,2.1000,2.1200,2.0200,24968532,52908881.8400,3,0.798900,1,4.950500,1
2023-03-06,sz.002470,2.1400,2.1400,2.0700,2.0900,2.1200,52157000,109640505.0000,3,1.668800,1,-1.415100,1
2023-03-07,sz.002470,2.0900,2.1000,2.0500,2.0500,2.0900,29072940,60308065.6000,3,0.930200,1,-1.913900,1
2023-03-08,sz.002470,2.0500,2.0900,2.0400,2.0700,2.0500,25294540,52250750.0000,3,0.809300,1,0.975600,1
2023-03-09,sz.002470,2.0700,2.0800,2.0500,2.0600,2.0700,14761100,30420817.0000,3,0.472300,1,-0.483100,1
2023-03-10,sz.002470,2.0500,2.0600,2.0300,2.0400,2.0600,16431500,33574871.0000,3,0.525700,1,-0.970900,1
2023-03-13,sz.002470,2.0300,2.0500,2.0200,2.0300,2.0400,15862400,32218375.0000,3,0.507500,1,-0.490200,1
2023-03-14,sz.002470,2.0300,2.0400,2.0000,2.0100,2.0300,17964700,36242820.0000,3,0.574800,1,-0.985200,1
2023-03-15,sz.002470,2.0200,2.0500,2.0100,2.0300,2.0100,14932100,30320359.0000,3,0.477800,1,0.995000,1
2023-03-16,sz.002470,2.0300,2.0800,2.0200,2.0400,2.0300,27785800,56925646.0000,3,0.889000,1,0.492600,1
2023-03-17,sz.002470,2.0400,2.0600,2.0300,2.0500,2.0400,17087200,34878017.0000,3,0.546700,1,0.490200,1
2023-03-20,sz.002470,2.0400,2.0400,2.0100,2.0200,2.0500,16163700,32738652.0000,3,0.517200,1,-1.463400,1
2023-03-21,sz.002470,2.0200,2.0300,2.0200,2.0300,2.0200,11041300,22346907.0000,3,0.353300,1,0.495000,1
2023-03-22,sz.002470,2.0300,2.0300,2.0200,2.0200,2.0300,11785500,23824888.0000,3,0.377100,1,-0.492600,1
2023-03-23,sz.002470,2.0200,2.0500,2.0100,2.0400,2.0200,18925300,38420059.0000,3,0.605500,1,0.990100,1
2023-03-24,sz.002470,2.0200,2.0300,2.0200,2.0200,2.0400,12647700,25570423.0000,3,0.404700,1,-0.980400,1
2023-03-27,sz.002470,2.0200,2.0200,2.0000,2.0100,2.0200,19716104,39579687.0000,3,0.630800,1,-0.495000,1
2023-03-28,sz.002470,2.0100,2.0100,1.9600,1.9600,2.0100,34257500,67864428.0000,3,1.096100,1,-2.487600,1
2023-03-29,sz.002470,1.9500,1.9600,1.8600,1.8700,1.9600,52649604,99347986.4800,3,1.684500,1,-4.591800,1
2023-03-30,sz.002470,1.8500,1.8900,1.8300,1.8500,1.8700,27289100,50696026.0000,3,0.873100,1,-1.069500,1
2023-03-31,sz.002470,1.8500,1.8800,1.8400,1.8700,1.8500,15940400,29674409.0000,3,0.510000,1,1.081100,1
2023-04-03,sz.002470,1.8900,1.9400,1.8800,1.9100,1.8700,22972904,43798357.5600,3,0.735000,1,2.139000,1
2023-04-04,sz.002470,1.9000,1.9100,1.8700,1.8900,1.9100,21520904,40535898.5200,3,0.688600,1,-1.047100,1
2023-04-06,sz.002470,1.8800,1.8800,1.8500,1.8600,1.8900,17846100,33233663.0000,3,0.571000,1,-1.587300,1
2023-04-07,sz.002470,1.8600,1.8800,1.8500,1.8700,1.8600,9962000,18631906.0000,3,0.318700,1,0.537600,1
2023-04-10,sz.002470,1.8700,1.8800,1.8300,1.8400,1.8700,19877400,36727237.0000,3,0.636000,1,-1.604300,1
2023-04-11,sz.002470,1.8400,1.8400,1.7500,1.7600,1.8400,44567800,78964098.0000,3,1.426000,1,-4.347800,1
2023-04-12,sz.002470,1.7400,1.7900,1.7400,1.7600,1.7600,20997300,36981778.0000,3,0.671800,1,0.000000,1
2023-04-13,sz.002470,1.7500,1.7800,1.7400,1.7600,1.7600,20442532,35988285.0000,3,0.654100,1,0.000000,1
2023-04-14,sz.002470,1.7700,1.8000,1.7600,1.7800,1.7600,17652600,31363023.0000,3,0.564800,1,1.136400,1
2023-04-17,sz.002470,1.7700,1.8000,1.7600,1.7900,1.7800,14189700,25318312.0000,3,0.454000,1,0.561800,1
2023-04-18,sz.002470,1.7800,1.7900,1.7200,1.7600,1.7900,23447000,41309907.0000,3,0.750200,1,-1.676000,1
2023-04-19,sz.002470,1.7500,1.7500,1.7200,1.7400,1.7600,17170100,29863485.0000,3,0.549400,1,-1.136400,1
2023-04-20,sz.002470,1.7400,1.7400,1.6500,1.6600,1.7400,46199728,77539948.6800,3,1.478200,1,-4.597700,1
2023-04-21,sz.002470,1.6500,1.7000,1.6400,1.6600,1.6600,22762300,38042861.0000,3,0.728300,1,0.000000,1
2023-04-24,sz.002470,1.6600,1.6900,1.5900,1.6900,1.6600,30959810,50425905.2000,3,0.990600,1,1.807200,1
2023-04-25,sz.002470,1.7400,1.7700,1.7300,1.7700,1.6900,45957235,81184788.6000,3,1.452200,1,4.733700,1
2023-04-26,sz.002470,1.7300,1.7600,1.7100,1.7500,1.7700,33233635,57596533.9000,3,1.050100,1,-1.129900,1
2023-04-27,sz.002470,1.7500,1.8400,1.7300,1.8200,1.7500,35919686,64704025.5000,3,1.135000,1,4.000000,1
2023-04-28,sz.002470,1.8200,1.8500,1.8000,1.8200,1.8200,25166232,45904642.9200,3,0.795200,1,0.000000,1
2023-05-04,sz.002470,1.7800,1.7800,1.7400,1.7400,1.8200,33484400,58802323.0000,3,1.058100,1,-4.395600,1
2023-05-05,sz.002470,1.7300,1.7600,1.7100,1.7400,1.7400,21918600,37887841.0000,3,0.692600,1,0.000000,1
2023-05-08,sz.002470,1.7400,1.7500,1.7000,1.7100,1.7400,18265100,31442696.0000,3,0.577100,1,-1.724100,1
2023-05-09,sz.002470,1.7000,1.8000,1.6600,1.8000,1.7100,50162762,88291471.4900,3,1.585100,1,5.263200,1
2023-05-10,sz.002470,1.7700,1.8300,1.7600,1.7800,1.8000,28597532,51198435.6400,3,0.903600,1,-1.111100,1
2023-05-11,sz.002470,1.7900,1.8600,1.7900,1.8300,1.7800,29067234,53103108.1400,3,0.918500,1,2.809000,1
2023-05-12,sz.002470,1.8300,1.8500,1.7900,1.8000,1.8300,19910332,36081081.6000,3,0.629100,1,-1.639300,1
2023-05-15,sz.002470,1.7900,1.8200,1.7800,1.8200,1.8000,14885100,26807891.0000,3,0.470300,1,1.111100,1
2023-05-16,sz.002470,1.8100,1.8600,1.8000,1.8100,1.8200,18763000,34337206.0000,3,0.592900,1,-0.549500,1
2023-05-17,sz.002470,1.8000,1.8200,1.7900,1.8100,1.8100,11069000,20010775.0000,3,0.349800,1,0.000000,1
2023-05-18,sz.002470,1.8000,1.8100,1.7700,1.7800,1.8100,14038500,25132469.0000,3,0.443600,1,-1.657500,1
2023-05-19,sz.002470,1.7800,1.7800,1.7400,1.7400,1.7800,12847300,22525082.0000,3,0.406000,1,-2.247200,1
2023-05-22,sz.002470,1.7400,1.7700,1.7300,1.7600,1.7400,8655000,15207251.0000,3,0.273500,1,1.149400,1
2023-05-23,sz.002470,1.7600,1.7800,1.7500,1.7700,1.7600,10025000,17720294.0000,3,0.316800,1,0.568200,1
2023-05-24,sz.002470,1.7600,1.7700,1.7400,1.7500,1.7700,12480500,21869901.0000,3,0.394400,1,-1.129900,1
2023-05-25,sz.002470,1.7400,1.7500,1.7000,1.7100,1.7500,17170800,29508032.0000,3,0.542600,1,-2.285700,1
2023-05-26,sz.002470,1.7000,1.7100,1.6700,1.6900,1.7100,13539080,22876031.1600,3,0.427800,1,-1.169600,1
2023-05-29,sz.002470,1.6800,1.7100,1.6700,1.6800,1.6900,14189935,23877357.1500,3,0.448400,1,-0.591700,1
2023-05-30,sz.002470,1.6700,1.7100,1.6500,1.7000,1.6800,12522135,21073430.7500,3,0.395700,1,1.190500,1
2023-05-31,sz.002470,1.7000,1.7600,1.6800,1.7300,1.7000,15864500,27476563.0000,3,0.501300,1,1.764700,1
2023-06-01,sz.002470,1.7100,1.7300,1.7000,1.7000,1.7300,14670500,25139927.0000,3,0.463600,1,-1.734100,1
2023-06-02,sz.002470,1.7000,1.7300,1.7000,1.7200,1.7000,9941300,17069248.0000,3,0.314100,1,1.176500,1
2023-06-05,sz.002470,1.7200,1.7300,1.7000,1.7200,1.7200,9968200,17121826.0000,3,0.315000,1,0.000000,1
2023-06-06,sz.002470,1.7300,1.8100,1.7200,1.8000,1.7200,54076013,97022782.7800,3,1.708700,1,4.651200,1
2023-06-07,sz.002470,1.7600,1.7700,1.7200,1.7500,1.8000,33492554,58519794.5000,3,1.058300,1,-2.777800,1
2023-06-08,sz.002470,1.7500,1.7600,1.7300,1.7500,1.7500,11669506,20320772.4400,3,0.368700,1,0.000000,1
2023-06-09,sz.002470,1.7400,1.7900,1.7300,1.7700,1.7500,16675300,29425616.0000,3,0.526900,1,1.142900,1
2023-06-12,sz.002470,1.7700,1.8000,1.7600,1.7900,1.7700,14789276,26298947.5200,3,0.467300,1,1.129900,1
2023-06-13,sz.002470,1.8700,1.8800,1.8100,1.8200,1.7900,35673900,65760808.0000,3,1.127200,1,1.676000,1
2023-06-14,sz.002470,1.8600,1.9100,1.8300,1.9100,1.8200,63421512,120226743.8800,3,2.004000,1,4.945100,1
2023-06-15,sz.002470,1.8900,1.9400,1.8700,1.9200,1.9100,40087608,76195619.2000,3,1.266700,1,0.523600,1
2023-06-16,sz.002470,1.9100,1.9900,1.9100,1.9400,1.9200,32775500,63916744.9600,3,1.035700,1,1.041700,1
2023-06-19,sz.002470,1.9400,2.0300,1.9300,2.0100,1.9400,38224200,75853328.0000,3,1.207800,1,3.608200,1
2023-06-20,sz.002470,2.0000,2.0000,1.9600,1.9700,2.0100,27820900,54971035.0000,3,0.879100,1,-1.990000,1
2023-06-21,sz.002470,1.9600,1.9900,1.9300,1.9400,1.9700,23832352,46504495.8800,3,0.753100,1,-1.522800,1
2023-06-26,sz.002470,1.9200,1.9600,1.9100,1.9400,1.9400,19006383,36839089.3600,3,0.600600,1,0.000000,1
2023-06-27,sz.002470,1.9400,1.9900,1.9300,1.9700,1.9400,15194690,29826324.5000,3,0.480100,1,1.546400,1
2023-06-28,sz.002470,1.9700,1.9800,1.9200,1.9300,1.9700,16716800,32399691.0000,3,0.528200,1,-2.030500,1
2023-06-29,sz.002470,1.9200,1.9300,1.8900,1.9200,1.9300,16035400,30621220.0000,3,0.506700,1,-0.518100,1
2023-06-30,sz.002470,2.0200,2.0200,2.0100,2.0200,1.9200,27775955,56102595.1000,3,0.871500,1,5.208300,1
2023-07-03,sz.002470,2.0300,2.1100,2.0200,2.1000,2.0200,55581055,114505418.7500,3,1.756300,1,3.960400,1
2023-07-04,sz.002470,2.0900,2.1400,2.0700,2.1200,2.1000,37309400,78668708.0000,3,1.178900,1,0.952400,1
2023-07-05,sz.002470,2.1100,2.2000,2.0900,2.1800,2.1200,38781176,83600192.5400,3,1.225400,1,2.830200,1
2023-07-06,sz.002470,2.1700,2.1900,2.1400,2.1700,2.1800,27463900,59410740.0000,3,0.867800,1,-0.458700,1
2023-07-07,sz.002470,2.1600,2.2200,2.1500,2.1800,2.1700,27182400,59484198.0000,3,0.858900,1,0.460800,1
2023-07-10,sz.002470,2.1600,2.1900,2.1300,2.1300,2.1800,22549843,48649886.0200,3,0.712500,1,-2.293600,1
2023-07-11,sz.002470,2.1200,2.1600,2.1100,2.1400,2.1300,16046900,34172453.0000,3,0.507100,1,0.469500,1
2023-07-12,sz.002470,2.1300,2.1500,2.1100,2.1300,2.1400,22698700,48290705.0000,3,0.717200,1,-0.467300,1
2023-07-13,sz.002470,2.1400,2.2300,2.1300,2.2100,2.1300,37661683,82069646.4500,3,1.190000,1,3.755900,1
2023-07-14,sz.002470,2.2000,2.2400,2.1900,2.2100,2.2100,27938443,61790324.6000,3,0.882800,1,0.000000,1
2023-07-17,sz.002470,2.1600,2.2100,2.1400,2.1900,2.2100,43362383,94223774.1100,3,1.370200,1,-0.905000,1
2023-07-18,sz.002470,2.1900,2.2200,2.0800,2.0800,2.1900,59784600,127320471.0000,3,1.889100,1,-5.022800,1
2023-07-19,sz.002470,2.0800,2.1300,2.0700,2.1100,2.0800,32511400,68487108.0000,3,1.027300,1,1.442300,1
2023-07-20,sz.002470,2.1100,2.1800,2.1000,2.1500,2.1100,28809333,61741011.6200,3,0.910300,1,1.895700,1
2023-07-21,sz.002470,2.1500,2.1500,2.1500,2.1500,2.1500,,,3,,0,,1
2023-07-24,sz.002470,2.2700,2.3700,2.2000,2.3700,2.1500,139981421,321656131.1500,3,4.423200,1,10.232600,0
2023-07-25,sz.002470,2.3700,2.5800,2.3300,2.4100,2.3700,190541737,467670459.4600,3,6.020800,1,1.687800,0
2023-07-26,sz.002470,2.4000,2.6500,2.3300,2.5700,2.4100,229949177,576734349.0700,3,7.266000,1,6.639000,0
2023-07-27,sz.002470,2.4600,2.5000,2.3800,2.3800,2.5700,147505864,358750417.2400,3,4.661000,1,-7.393000,0
2023-07-28,sz.002470,2.3800,2.4600,2.3300,2.3800,2.3800,75107387,179182631.8000,3,2.373300,1,0.000000,0
2023-07-31,sz.002470,2.3800,2.3900,2.3200,2.3700,2.3800,69740387,164032279.5800,3,2.203700,1,-0.420200,0
2023-08-01,sz.002470,2.3600,2.3800,2.3200,2.3500,2.3700,50956687,119525828.7100,3,1.610200,1,-0.843900,0
2023-08-02,sz.002470,2.3500,2.4200,2.3400,2.3500,2.3500,52489700,124213434.0000,3,1.658600,1,0.000000,0
2023-08-03,sz.002470,2.3500,2.3600,2.2800,2.3400,2.3500,50357100,116975065.0000,3,1.591200,1,-0.425500,0
2023-08-04,sz.002470,2.3400,2.3600,2.3000,2.3100,2.3400,44130326,102743662.0600,3,1.394400,1,-1.282100,0
2023-08-07,sz.002470,2.3000,2.3300,2.2800,2.3000,2.3100,30090200,69200867.0000,3,0.950800,1,-0.432900,0
2023-08-08,sz.002470,2.3000,2.3100,2.2500,2.2600,2.3000,32503100,73838962.0000,3,1.027000,1,-1.739100,0
2023-08-09,sz.002470,2.2500,2.3100,2.2300,2.2700,2.2600,29430200,66898741.0000,3,0.929900,1,0.442500,0
2023-08-10,sz.002470,2.2600,2.3100,2.2400,2.3000,2.2700,28828865,65514945.1200,3,0.910900,1,1.321600,0
2023-08-11,sz.002470,2.2900,2.3000,2.2200,2.2300,2.3000,37527700,84459718.0000,3,1.185800,1,-3.043500,0
2023-08-14,sz.002470,2.2100,2.2700,2.2000,2.2300,2.2300,21670833,48493432.9200,3,0.684800,1,0.000000,0
2023-08-15,sz.002470,2.2400,2.3200,2.2300,2.2700,2.2300,37615760,85717376.2000,3,1.188600,1,1.793700,0
2023-08-16,sz.002470,2.2800,2.3100,2.2600,2.2700,2.2700,23775800,54145683.0000,3,0.751300,1,0.000000,0
2023-08-17,sz.002470,2.2700,2.2700,2.2200,2.2400,2.2700,24712700,55290598.0000,3,0.780900,1,-1.321600,0
2023-08-18,sz.002470,2.2400,2.2900,2.2300,2.2400,2.2400,22476600,50725295.0000,3,0.710200,1,0.000000,0
2023-08-21,sz.002470,2.2400,2.2500,2.1900,2.2100,2.2400,18338200,40708913.0000,3,0.579500,1,-1.339300,0
2023-08-22,sz.002470,2.2000,2.2300,2.1700,2.2000,2.2100,23770800,52330090.0000,3,0.751100,1,-0.452500,0
2023-08-23,sz.002470,2.2100,2.2700,2.2000,2.2400,2.2000,33972400,75861183.0000,3,1.073500,1,1.818200,0
2023-08-24,sz.002470,2.2500,2.2500,2.1800,2.1900,2.2400,26596900,58561743.0000,3,0.840400,1,-2.232100,0
2023-08-25,sz.002470,2.1900,2.2200,2.1600,2.2000,2.1900,20070900,43989075.0000,3,0.634200,1,0.456600,0
2023-08-28,sz.002470,2.2700,2.3200,2.2200,2.2400,2.2000,51673208,117123880.9200,3,1.632800,1,1.818200,0
2023-08-29,sz.002470,2.2300,2.2300,2.1800,2.2300,2.2400,32127400,70944136.0000,3,1.015200,1,-0.446400,0
2023-08-30,sz.002470,2.2000,2.2100,2.1500,2.1500,2.2300,47043000,102161927.0000,3,1.486500,1,-3.587400,0
2023-08-31,sz.002470,2.1400,2.1800,2.1100,2.1200,2.1500,33616700,71903378.0000,3,1.054700,1,-1.395300,0
2023-09-01,sz.002470,2.1200,2.1300,2.0700,2.0900,2.1200,31075276,65062403.8400,3,0.975000,1,-1.415100,0
2023-09-04,sz.002470,2.1000,2.1700,2.0900,2.1600,2.0900,42463300,90596558.0000,3,1.332300,1,3.349300,0
2023-09-05,sz.002470,2.1500,2.1600,2.1100,2.1200,2.1600,23359700,49675487.0000,3,0.732900,1,-1.851900,0
2023-09-06,sz.002470,2.1000,2.1400,2.0800,2.1200,2.1200,19931585,42179261.2000,3,0.625300,1,0.000000,0
2023-09-07,sz.002470,2.1300,2.1400,2.0900,2.0900,2.1200,21101800,44397456.0000,3,0.662100,1,-1.415100,0
2023-09-08,sz.002470,2.1000,2.1000,2.0600,2.0700,2.0900,16619600,34461831.0000,3,0.521400,1,-0.956900,0
2023-09-11,sz.002470,2.0700,2.0700,2.0300,2.0400,2.0700,24099300,49335526.0000,3,0.756100,1,-1.449300,0
2023-09-12,sz.002470,2.0400,2.1100,2.0400,2.0900,2.0400,29787100,61843660.0000,3,0.934600,1,2.451000,0
2023-09-13,sz.002470,2.0800,2.0900,2.0200,2.0400,2.0900,23948700,49048630.0000,3,0.751400,1,-2.392300,0
2023-09-14,sz.002470,2.0300,2.0600,2.0100,2.0200,2.0400,17795620,36071686.2000,3,0.558300,1,-0.980400,0
2023-09-15,sz.002470,2.0300,2.0400,2.0000,2.0100,2.0200,18376700,37054601.0000,3,0.576600,1,-0.495000,0
2023-09-18,sz.002470,2.0000,2.0000,1.9400,1.9600,2.0100,46812640,92103834.8000,3,1.468700,1,-2.487600,0
2023-09-19,sz.002470,1.9600,1.9800,1.9300,1.9400,1.9600,38073500,74229024.0000,3,1.194500,1,-1.020400,0
2023-09-20,sz.002470,1.9300,1.9500,1.9200,1.9300,1.9400,31713400,61315362.0000,3,0.995000,1,-0.515500,0
2023-09-21,sz.002470,1.9300,1.9400,1.8900,1.9200,1.9300,39956100,76272750.0000,3,1.253600,1,-0.518100,0
2023-09-22,sz.002470,1.9200,1.9500,1.9000,1.9400,1.9200,27779400,53577429.0000,3,0.871600,1,1.041700,0
2023-09-25,sz.002470,1.9400,1.9500,1.9100,1.9200,1.9400,17892900,34508542.0000,3,0.561400,1,-1.030900,0
2023-09-26,sz.002470,1.9200,1.9200,1.8800,1.8800,1.9200,19430100,36883024.0000,3,0.609600,1,-2.083300,0
2023-09-27,sz.002470,1.8900,1.9100,1.8800,1.8800,1.8800,17294300,32714512.0000,3,0.542600,1,0.000000,0
2023-09-28,sz.002470,1.8800,1.9300,1.8700,1.9100,1.8800,20376479,38697092.5200,3,0.639300,1,1.595700,0
2023-10-09,sz.002470,1.9000,1.9100,1.8700,1.8700,1.9100,17364700,32818956.0000,3,0.544800,1,-2.094200,0
2023-10-10,sz.002470,1.8800,2.0200,1.8700,1.9200,1.8700,63928765,124869122.1500,3,2.005700,1,2.673800,0
2023-10-11,sz.002470,1.9100,1.9200,1.8400,1.8500,1.9200,44271700,82516576.0000,3,1.389000,1,-3.645800,0
2023-10-12,sz.002470,1.8500,1.8700,1.8400,1.8600,1.8500,17196500,31956674.0000,3,0.539500,1,0.540500,0
2023-10-13,sz.002470,1.8600,1.8700,1.8400,1.8500,1.8600,14425900,26730020.0000,3,0.452600,1,-0.537600,0
2023-10-16,sz.002470,1.8500,1.9000,1.8300,1.8800,1.8500,26968500,50243143.0000,3,0.846100,1,1.621600,0
2023-10-17,sz.002470,1.8700,1.8800,1.8300,1.8300,1.8800,23502100,43290278.0000,3,0.737400,1,-2.659600,0
2023-10-18,sz.002470,1.8300,1.8400,1.8000,1.8000,1.8300,17495802,31695511.6000,3,0.548900,1,-1.639300,0
2023-10-19,sz.002470,1.8000,1.8300,1.7700,1.7800,1.8000,21168500,38023261.0000,3,0.664200,1,-1.111100,0
2023-10-20,sz.002470,1.7700,1.8100,1.7500,1.7900,1.7800,23986700,42788477.0000,3,0.752600,1,0.561800,0
2023-10-23,sz.002470,1.7900,1.8000,1.7300,1.7400,1.7900,18188700,31963078.0000,3,0.570700,1,-2.793300,0
2023-10-24,sz.002470,1.7300,1.8000,1.7300,1.7900,1.7400,30079600,53446152.0000,3,0.943700,1,2.873600,0
2023-10-25,sz.002470,1.8000,1.8500,1.7900,1.8200,1.7900,24874004,45552054.3600,3,0.780400,1,1.676000,0
2023-10-26,sz.002470,1.8100,1.8200,1.7900,1.8000,1.8200,14464200,26079931.0000,3,0.453800,1,-1.098900,0
2023-10-27,sz.002470,1.8000,1.8400,1.8000,1.8300,1.8000,18145104,33174619.2000,3,0.569300,1,1.666700,0
2023-10-30,sz.002470,1.8300,1.8700,1.8200,1.8600,1.8300,17546922,32514336.9600,3,0.550500,1,1.639300,0
2023-10-31,sz.002470,1.8400,1.8600,1.8200,1.8200,1.8600,22864000,41991146.0000,3,0.717300,1,-2.150500,0
2023-11-01,sz.002470,1.8300,1.8400,1.7900,1.8000,1.8200,27389408,49678404.4400,3,0.859300,1,-1.098900,0
2023-11-02,sz.002470,1.8000,1.8100,1.7600,1.7600,1.8000,29634300,52642298.0000,3,0.929800,1,-2.222200,0
2023-11-03,sz.002470,1.7600,1.7900,1.7600,1.7600,1.7600,29378600,52090501.0000,3,0.921700,1,0.000000,0
2023-11-06,sz.002470,1.7700,1.8100,1.7600,1.8100,1.7600,48018400,85689087.0000,3,1.506600,1,2.840900,0
2023-11-07,sz.002470,1.8000,1.8000,1.7600,1.7800,1.8100,43968000,78230599.0000,3,1.379500,1,-1.657500,0
2023-11-08,sz.002470,1.7800,1.7800,1.7600,1.7700,1.7800,25867920,45761231.2000,3,0.811600,1,-0.561800,0
2023-11-09,sz.002470,1.7700,1.7700,1.7400,1.7400,1.7700,31943339,56040004.8600,3,1.002200,1,-1.694900,0
2023-11-10,sz.002470,1.7400,1.7400,1.7000,1.7300,1.7400,31091504,53641893.7500,3,0.975500,1,-0.574700,0
2023-11-13,sz.002470,1.7300,1.7500,1.7300,1.7500,1.7300,22916500,39959218.0000,3,0.719000,1,1.156100,0
2023-11-14,sz.002470,1.7400,1.7500,1.7300,1.7300,1.7500,24520561,42553562.5300,3,0.769300,1,-1.142900,0
2023-11-15,sz.002470,1.7400,1.7500,1.7300,1.7400,1.7300,20494600,35709989.0000,3,0.643000,1,0.578000,0
2023-11-16,sz.002470,1.7400,1.7400,1.7200,1.7300,1.7400,28296500,49016784.0000,3,0.887800,1,-0.574700,0
2023-11-17,sz.002470,1.7300,1.7300,1.7100,1.7100,1.7300,27819300,47750409.0000,3,0.872800,1,-1.156100,0
2023-11-20,sz.002470,1.7400,1.8800,1.7400,1.8800,1.7100,64641420,119138733.6000,3,2.028100,1,9.941500,0
2023-11-21,sz.002470,1.9700,1.9800,1.8800,1.8800,1.8800,185943700,356088204.0400,3,5.833900,1,0.000000,0
2023-11-22,sz.002470,1.8700,1.8800,1.8200,1.8400,1.8800,92633000,171382716.0000,3,2.906300,1,-2.127700,0
2023-11-23,sz.002470,1.8500,1.8500,1.8000,1.8300,1.8400,58934265,107127763.3000,3,1.849000,1,-0.543500,0
2023-11-24,sz.002470,1.8200,1.8400,1.7900,1.8100,1.8300,62256300,112937924.0000,3,1.953300,1,-1.092900,0
2023-11-27,sz.002470,1.8000,1.8700,1.7800,1.8300,1.8100,74985000,136688852.0000,3,2.352600,1,1.105000,0
2023-11-28,sz.002470,1.8200,1.8300,1.7900,1.8000,1.8300,45933565,82780740.0000,3,1.441100,1,-1.639300,0
2023-11-29,sz.002470,1.8000,1.8300,1.7700,1.8000,1.8000,54222316,97514989.0300,3,1.701200,1,0.000000,0
2023-11-30,sz.002470,1.8000,1.8100,1.7800,1.7900,1.8000,27027800,48367126.0000,3,0.848000,1,-0.555600,0
2023-12-01,sz.002470,1.7800,1.8000,1.7700,1.7900,1.7900,26525600,47460107.0000,3,0.832200,1,0.000000,0
2023-12-04,sz.002470,1.8000,1.8400,1.8000,1.8200,1.7900,43897514,79829047.3400,3,1.377300,1,1.676000,0
2023-12-05,sz.002470,1.8100,1.8400,1.7800,1.7800,1.8200,39308600,71052370.0000,3,1.233300,1,-2.197800,0
2023-12-06,sz.002470,1.7700,1.7900,1.7600,1.7800,1.7800,23270300,41399679.0000,3,0.730100,1,0.000000,0
2023-12-07,sz.002470,1.7800,1.7800,1.7500,1.7600,1.7800,28180200,49649792.0000,3,0.884100,1,-1.123600,0
2023-12-08,sz.002470,1.7500,1.7700,1.7400,1.7400,1.7600,23098800,40449085.0000,3,0.724700,1,-1.136400,0
2023-12-11,sz.002470,1.7400,1.7800,1.7200,1.7700,1.7400,37941432,66477771.6400,3,1.190400,1,1.724100,0
2023-12-12,sz.002470,1.7700,1.8200,1.7600,1.8000,1.7700,34362000,61414198.0000,3,1.078100,1,1.694900,0
2023-12-13,sz.002470,1.8000,1.8300,1.7800,1.7900,1.8000,34251032,61748233.9200,3,1.074600,1,-0.555600,0
2023-12-14,sz.002470,1.7900,1.8000,1.7700,1.7800,1.7900,24276500,43339166.0000,3,0.761700,1,-0.558700,0
2023-12-15,sz.002470,1.7900,1.8100,1.7700,1.7900,1.7800,23899500,42780491.0000,3,0.749800,1,0.561800,0
2023-12-18,sz.002470,1.7800,1.7900,1.7300,1.7300,1.7900,37345300,65531951.0000,3,1.171700,1,-3.352000,0
2023-12-19,sz.002470,1.7300,1.7500,1.7200,1.7400,1.7300,19284100,33483079.0000,3,0.605000,1,0.578000,0
2023-12-20,sz.002470,1.7400,1.7500,1.7100,1.7100,1.7400,25350000,43843843.0000,3,0.795300,1,-1.724100,0
2023-12-21,sz.002470,1.7200,1.7300,1.6900,1.7200,1.7100,31365900,53601193.0000,3,0.984100,1,0.584800,0
2023-12-22,sz.002470,1.7100,1.7200,1.6900,1.7000,1.7200,26231900,44579296.0000,3,0.823000,1,-1.162800,0
2023-12-25,sz.002470,1.6900,1.7000,1.6600,1.6700,1.7000,21099600,35367833.0000,3,0.662000,1,-1.764700,0
2023-12-26,sz.002470,1.6700,1.7500,1.6600,1.7100,1.6700,43127100,73801404.0000,3,1.353100,1,2.395200,0
2023-12-27,sz.002470,1.7000,1.7100,1.6700,1.7000,1.7100,25892600,43707013.0000,3,0.812400,1,-0.584800,0
2023-12-28,sz.002470,1.6900,1.7500,1.6800,1.7400,1.7000,36553665,62997386.4500,3,1.146900,1,2.352900,0
2023-12-29,sz.002470,1.7400,1.7700,1.7300,1.7400,1.7400,22355800,39034721.0000,3,0.701400,1,0.000000,0
2024-01-02,sz.002470,1.7500,1.8200,1.7400,1.7700,1.7400,40514100,72341060.0000,3,1.271100,1,1.724100,0
2024-01-03,sz.002470,1.7600,1.8300,1.7600,1.8100,1.7700,44189200,79500327.0000,3,1.386400,1,2.259900,0
2024-01-04,sz.002470,1.8000,1.8100,1.7700,1.7800,1.8100,28235300,50518761.0000,3,0.885900,1,-1.657500,0
2024-01-05,sz.002470,1.7800,1.8000,1.7300,1.7400,1.7800,28904300,50901441.0000,3,0.906900,1,-2.247200,0
2024-01-08,sz.002470,1.7400,1.7400,1.6900,1.7000,1.7400,27035800,46355519.0000,3,0.848200,1,-2.298900,0
2024-01-09,sz.002470,1.7200,1.7300,1.6800,1.6900,1.7000,21805800,37144151.0000,3,0.684100,1,-0.588200,0
2024-01-10,sz.002470,1.6900,1.7200,1.6700,1.7000,1.6900,23010825,39055051.5000,3,0.722000,1,0.591700,0
2024-01-11,sz.002470,1.7000,1.7300,1.6800,1.7200,1.7000,23657830,40377857.6000,3,0.742300,1,1.176500,0
2024-01-12,sz.002470,1.7200,1.7700,1.7200,1.7300,1.7200,33912830,59019051.6000,3,1.064000,1,0.581400,0
2024-01-15,sz.002470,1.7200,1.7300,1.7000,1.7100,1.7300,21234800,36378003.0000,3,0.666200,1,-1.156100,0
2024-01-16,sz.002470,1.7100,1.7200,1.6700,1.6900,1.7100,31563900,53365560.0000,3,0.990300,1,-1.169600,0
2024-01-17,sz.002470,1.6900,1.6900,1.6600,1.6600,1.6900,23378400,39102345.0000,3,0.733500,1,-1.775100,0
2024-01-18,sz.002470,1.6600,1.6700,1.6100,1.6500,1.6600,31626100,51724970.0000,3,0.992300,1,-0.602400,0
2024-01-19,sz.002470,1.6500,1.6700,1.6300,1.6400,1.6500,17036800,28114628.0000,3,0.534500,1,-0.606100,0
2024-01-22,sz.002470,1.6500,1.6600,1.5500,1.5600,1.6400,32230800,51554950.0000,3,1.011200,1,-4.878000,0
2024-01-23,sz.002470,1.5600,1.5900,1.5300,1.5700,1.5600,25486526,39844156.8200,3,0.799600,1,0.641000,0
2024-01-24,sz.002470,1.5800,1.6200,1.5600,1.6100,1.5700,30697687,48771492.4600,3,0.963100,1,2.547800,0
2024-01-25,sz.002470,1.6100,1.6600,1.6000,1.6400,1.6100,25766800,42006306.0000,3,0.808400,1,1.863400,0
2024-01-26,sz.002470,1.6400,1.6800,1.6400,1.6600,1.6400,29697700,49322568.0000,3,0.931800,1,1.219500,0
2024-01-29,sz.002470,1.6500,1.6700,1.5900,1.5900,1.6600,28445100,46151097.0000,3,0.892500,1,-4.216900,0
2024-01-30,sz.002470,1.5900,1.6100,1.5600,1.5600,1.5900,21435200,34009289.0000,3,0.672500,1,-1.886800,0
2024-01-31,sz.002470,1.5400,1.5500,1.4500,1.4600,1.5600,46097800,69183713.0000,3,1.446300,1,-6.410300,0
2024-02-01,sz.002470,1.4500,1.4800,1.4300,1.4400,1.4600,28305200,41058278.0000,3,0.888100,1,-1.369900,0
2024-02-02,sz.002470,1.4500,1.4700,1.3200,1.4000,1.4400,50193500,69604489.0000,3,1.574800,1,-2.777800,0
2024-02-05,sz.002470,1.4000,1.4000,1.2800,1.3000,1.4000,51631053,68579471.8900,3,1.619900,1,-7.142900,0
2024-02-06,sz.002470,1.2800,1.3700,1.2200,1.3300,1.3000,42858300,55566883.0000,3,1.344700,1,2.307700,0
2024-02-07,sz.002470,1.3300,1.3500,1.2800,1.2800,1.3300,34225500,44970995.0000,3,1.073800,1,-3.759400,0
2024-02-08,sz.002470,1.2800,1.4100,1.2700,1.3900,1.2800,48270000,65208369.0000,3,1.514500,1,8.593800,0
2024-02-19,sz.002470,1.4200,1.4500,1.4000,1.4300,1.3900,31153283,44369361.8600,3,0.977400,1,2.877700,0
2024-02-20,sz.002470,1.4300,1.4300,1.4000,1.4200,1.4300,17540400,24827937.0000,3,0.550300,1,-0.699300,0
2024-02-21,sz.002470,1.4200,1.4700,1.4100,1.4400,1.4200,33725200,48779628.0000,3,1.058100,1,1.408500,0
2024-02-22,sz.002470,1.4400,1.4600,1.4300,1.4500,1.4400,29412900,42491906.0000,3,0.922800,1,0.694400,0
2024-02-23,sz.002470,1.4500,1.4700,1.4400,1.4600,1.4500,33084600,48116791.0000,3,1.038000,1,0.689700,0
2024-02-26,sz.002470,1.4600,1.5400,1.4500,1.5100,1.4600,48372000,72071435.0000,3,1.517700,1,3.424700,0
2024-02-27,sz.002470,1.5000,1.5200,1.4900,1.5200,1.5100,28645700,43161938.0000,3,0.898700,1,0.662300,0
2024-02-28,sz.002470,1.5200,1.5900,1.4600,1.4600,1.5200,57448500,87912638.0000,3,1.802400,1,-3.947400,0
2024-02-29,sz.002470,1.4500,1.5100,1.4400,1.5000,1.4600,34157000,50462239.0000,3,1.071700,1,2.739700,0
2024-03-01,sz.002470,1.5000,1.5200,1.4800,1.4900,1.5000,23055700,34456489.0000,3,0.723400,1,-0.666700,0
2024-03-04,sz.002470,1.4900,1.5000,1.4600,1.4700,1.4900,23874000,35165969.0000,3,0.749000,1,-1.342300,0
2024-03-05,sz.002470,1.4700,1.4700,1.4300,1.4300,1.4700,26689300,38570044.0000,3,0.837400,1,-2.721100,0
2024-03-06,sz.002470,1.4300,1.4600,1.4200,1.4500,1.4300,21661400,31297471.0000,3,0.679600,1,1.398600,0
2024-03-07,sz.002470,1.4400,1.4900,1.4400,1.4500,1.4500,28550200,41824345.0000,3,0.895800,1,0.000000,0
2024-03-08,sz.002470,1.4600,1.4700,1.4400,1.4600,1.4500,13934700,20249901.0000,3,0.437200,1,0.689700,0
2024-03-11,sz.002470,1.4600,1.4800,1.4500,1.4800,1.4600,24502800,35877796.0000,3,0.768800,1,1.369900,0
2024-03-12,sz.002470,1.4800,1.4900,1.4600,1.4800,1.4800,24800400,36642802.0000,3,0.778100,1,0.000000,0
2024-03-13,sz.002470,1.4900,1.5200,1.4700,1.5000,1.4800,33501830,50029284.4000,3,1.051100,1,1.351400,0
2024-03-14,sz.002470,1.4900,1.5100,1.4600,1.4800,1.5000,30105800,44741978.0000,3,0.944600,1,-1.333300,0
2024-03-15,sz.002470,1.4800,1.6300,1.4700,1.6300,1.4800,69066005,109858455.1500,3,2.166900,1,10.135100,0
2024-03-18,sz.002470,1.6300,1.6600,1.5700,1.6000,1.6300,99878099,160202230.9100,3,3.133600,1,-1.840500,0
2024-03-19,sz.002470,1.6100,1.6200,1.5700,1.5800,1.6000,43612900,69254588.0000,3,1.368300,1,-1.250000,0
2024-03-20,sz.002470,1.5700,1.6100,1.5600,1.5800,1.5800,35415200,56064187.0000,3,1.111100,1,0.000000,0
2024-03-21,sz.002470,1.5800,1.5900,1.5600,1.5700,1.5800,26926640,42423269.2000,3,0.844800,1,-0.632900,0
2024-03-22,sz.002470,1.5700,1.5800,1.5400,1.5400,1.5700,32303000,50252652.0000,3,1.013500,1,-1.910800,0
2024-03-25,sz.002470,1.5400,1.6900,1.5300,1.5800,1.5400,74701200,120358130.0000,3,2.343700,1,2.597400,0
2024-03-26,sz.002470,1.5800,1.5900,1.5400,1.5700,1.5800,41697142,65063195.5200,3,1.308200,1,-0.632900,0
2024-03-27,sz.002470,1.5600,1.5700,1.5000,1.5000,1.5700,28227490,43168786.7000,3,0.885600,1,-4.458600,0
2024-03-28,sz.002470,1.5000,1.5400,1.5000,1.5200,1.5000,24522000,37258991.0000,3,0.769400,1,1.333300,0
2024-03-29,sz.002470,1.5200,1.5400,1.5100,1.5300,1.5200,13899100,21201840.0000,3,0.436100,1,0.657900,0
2024-04-01,sz.002470,1.5400,1.6100,1.5400,1.5600,1.5300,26228400,41048608.0000,3,0.822900,1,1.960800,0
2024-04-02,sz.002470,1.5500,1.6800,1.5500,1.6200,1.5600,68196719,110491967.7800,3,2.139600,1,3.846200,0
2024-04-03,sz.002470,1.6000,1.6400,1.5800,1.6300,1.6200,45649000,73110290.0000,3,1.432200,1,0.617300,0
2024-04-08,sz.002470,1.6200,1.6300,1.5600,1.5700,1.6300,28903100,45972438.0000,3,0.906800,1,-3.681000,0
2024-04-09,sz.002470,1.5700,1.5900,1.5700,1.5900,1.5700,16237100,25671392.0000,3,0.509400,1,1.273900,0
2024-04-10,sz.002470,1.5900,1.5900,1.5300,1.5400,1.5900,25408304,39427580.2000,3,0.797200,1,-3.144700,0
2024-04-11,sz.002470,1.5400,1.5600,1.5200,1.5300,1.5400,21010300,32377063.0000,3,0.659200,1,-0.649400,0
2024-04-12,sz.002470,1.5200,1.5400,1.4900,1.5000,1.5300,23289000,35035234.0000,3,0.730700,1,-1.960800,0
2024-04-15,sz.002470,1.4900,1.5100,1.3500,1.4300,1.5000,46963841,66993961.2200,3,1.473500,1,-4.666700,0
2024-04-16,sz.002470,1.4200,1.4200,1.3100,1.3200,1.4300,48920000,66386491.0000,3,1.534800,1,-7.692300,0
2024-04-17,sz.002470,1.3400,1.4300,1.3400,1.3700,1.3200,28681900,39414747.0000,3,0.899900,1,3.787900,0
2024-04-18,sz.002470,1.3700,1.3900,1.3600,1.3700,1.3700,17365300,23821644.0000,3,0.544800,1,0.000000,0
2024-04-19,sz.002470,1.3700,1.4100,1.3600,1.3900,1.3700,22119507,30654202.7300,3,0.694000,1,1.459900,0
2024-04-22,sz.002470,1.3900,1.4000,1.3500,1.3600,1.3900,18628800,25506893.0000,3,0.584500,1,-2.158300,0
2024-04-23,sz.002470,1.3600,1.3700,1.3400,1.3500,1.3600,13670100,18542019.0000,3,0.428900,1,-0.735300,0
2024-04-24,sz.002470,1.3500,1.3600,1.3300,1.3500,1.3500,14884808,20040823.7600,3,0.467000,1,0.000000,0
2024-04-25,sz.002470,1.3400,1.3700,1.3400,1.3500,1.3500,16721200,22629578.0000,3,0.524600,1,0.000000,0
2024-04-26,sz.002470,1.3400,1.3700,1.3400,1.3700,1.3500,18485700,25096404.0000,3,0.580000,1,1.481500,0
2024-04-29,sz.002470,1.3600,1.4100,1.3500,1.4100,1.3700,31416700,43702834.0000,3,0.985700,1,2.919700,0
2024-04-30,sz.002470,1.4800,1.5200,1.4500,1.4800,1.4100,58093776,85762656.7200,3,1.768800,1,4.964500,0
2024-05-06,sz.002470,1.4800,1.5200,1.4800,1.5100,1.4800,45346402,67996297.0000,3,1.380100,1,2.027000,0
2024-05-07,sz.002470,1.5300,1.5600,1.5200,1.5400,1.5100,47065319,72357665.0700,3,1.432400,1,1.986800,0
2024-05-08,sz.002470,1.5300,1.5600,1.5000,1.5100,1.5400,31743504,48510186.1200,3,0.966100,1,-1.948100,0
2024-05-09,sz.002470,1.5100,1.5400,1.5000,1.5100,1.5100,23754730,36061084.0000,3,0.723000,1,0.000000,0
2024-05-10,sz.002470,1.5100,1.5200,1.4700,1.4800,1.5100,25845600,38394237.0000,3,0.786600,1,-1.986800,0
2024-05-13,sz.002470,1.4700,1.5000,1.4500,1.4800,1.4800,25862500,38093249.0000,3,0.787100,1,0.000000,0
2024-05-14,sz.002470,1.4800,1.5000,1.4700,1.4800,1.4800,16305300,24181118.0000,3,0.496200,1,0.000000,0
2024-05-15,sz.002470,1.4900,1.6100,1.4700,1.5500,1.4800,57570800,88569597.0000,3,1.752100,1,4.729700,0
2024-05-16,sz.002470,1.6800,1.7100,1.6700,1.7100,1.5500,120923647,206320471.3700,3,3.680200,1,10.322600,0
2024-05-17,sz.002470,1.6500,1.7100,1.6100,1.6200,1.7100,142159127,233794821.7300,3,4.326500,1,-5.263200,0
2024-05-20,sz.002470,1.6200,1.6500,1.6000,1.6300,1.6200,60317980,98236443.4000,3,1.835700,1,0.617300,0
2024-05-21,sz.002470,1.6300,1.7000,1.6000,1.6100,1.6300,55912500,91453626.0000,3,1.701700,1,-1.227000,0
2024-05-22,sz.002470,1.6100,1.6200,1.5700,1.5900,1.6100,44372200,70794161.0000,3,1.350400,1,-1.242200,0
2024-05-23,sz.002470,1.5800,1.5900,1.5300,1.5300,1.5900,42951604,66527578.2400,3,1.307200,1,-3.773600,0
2024-05-24,sz.002470,1.5400,1.5500,1.5200,1.5300,1.5300,26019500,39997546.0000,3,0.791900,1,0.000000,0
2024-05-27,sz.002470,1.5300,1.5500,1.4900,1.5200,1.5300,27623687,41689842.6000,3,0.840700,1,-0.653600,0
2024-05-28,sz.002470,1.5200,1.5400,1.4900,1.5000,1.5200,25478500,38534340.0000,3,0.775400,1,-1.315800,0
2024-05-29,sz.002470,1.5600,1.5800,1.5100,1.5200,1.5000,37077100,57022520.0000,3,1.128400,1,1.333300,0
2024-05-30,sz.002470,1.5100,1.5400,1.5000,1.5100,1.5200,19481400,29594332.0000,3,0.592900,1,-0.657900,0
2024-05-31,sz.002470,1.5100,1.5200,1.5000,1.5000,1.5100,13245100,19954770.0000,3,0.403100,1,-0.662300,0
2024-06-03,sz.002470,1.5000,1.5100,1.4400,1.4600,1.5000,29254088,42699888.4800,3,0.890300,1,-2.666700,0
2024-06-04,sz.002470,1.4600,1.4600,1.4200,1.4500,1.4600,19974500,28768048.0000,3,0.607900,1,-0.684900,0
2024-06-05,sz.002470,1.4500,1.4800,1.4300,1.4400,1.4500,17911398,25987661.1000,3,0.545100,1,-0.689700,0
2024-06-06,sz.002470,1.4400,1.4600,1.3700,1.3800,1.4400,36711404,51510066.5200,3,1.117300,1,-4.166700,0
2024-06-07,sz.002470,1.4000,1.4800,1.3900,1.4600,1.3800,33590300,48059714.0000,3,1.022300,1,5.797100,0
2024-06-11,sz.002470,1.4600,1.4600,1.4300,1.4400,1.4600,14429100,20778366.0000,3,0.439100,1,-1.369900,0
2024-06-12,sz.002470,1.4300,1.4600,1.4300,1.4400,1.4400,12788600,18478100.0000,3,0.389200,1,0.000000,0
2024-06-13,sz.002470,1.4400,1.4500,1.3900,1.4000,1.4400,18975600,26872295.0000,3,0.577500,1,-2.777800,0
2024-06-14,sz.002470,1.4000,1.4300,1.3900,1.4100,1.4000,10997700,15519952.0000,3,0.334700,1,0.714300,0
2024-06-17,sz.002470,1.4100,1.4300,1.3900,1.4000,1.4100,14371000,20175102.0000,3,0.437400,1,-0.709200,0
2024-06-18,sz.002470,1.4000,1.4200,1.3900,1.4100,1.4000,12161704,17117195.6000,3,0.370100,1,0.714300,0
2024-06-19,sz.002470,1.4100,1.4200,1.4000,1.4000,1.4100,8234900,11563120.0000,3,0.250600,1,-0.709200,0
2024-06-20,sz.002470,1.4000,1.4100,1.3700,1.3700,1.4000,14230400,19727936.0000,3,0.433100,1,-2.142900,0
2024-06-21,sz.002470,1.3700,1.3900,1.3600,1.3600,1.3700,13634300,18699874.0000,3,0.415000,1,-0.729900,0
2024-06-24,sz.002470,1.3700,1.3800,1.3100,1.3300,1.3600,23391598,31207373.3800,3,0.711900,1,-2.205900,0
2024-06-25,sz.002470,1.3400,1.3600,1.3300,1.3500,1.3300,13503988,18189741.9200,3,0.411000,1,1.503800,0
2024-06-26,sz.002470,1.3400,1.3600,1.2900,1.3500,1.3500,33781900,44557489.0000,3,1.028100,1,0.000000,0
2024-06-27,sz.002470,1.3400,1.3700,1.3100,1.3400,1.3500,18898600,25271562.0000,3,0.575200,1,-0.740700,0
2024-06-28,sz.002470,1.3300,1.3600,1.3300,1.3400,1.3400,14607800,19654149.0000,3,0.444600,1,0.000000,0
2024-07-01,sz.002470,1.3400,1.3900,1.3300,1.3700,1.3400,21842000,29744093.0000,3,0.664700,1,2.238800,0
2024-07-02,sz.002470,1.3700,1.4000,1.3600,1.3900,1.3700,13842420,19139841.6000,3,0.421300,1,1.459900,0
2024-07-03,sz.002470,1.3900,1.4500,1.3800,1.4200,1.3900,24619599,34953487.5900,3,0.749300,1,2.158300,0
2024-07-04,sz.002470,1.4200,1.4300,1.3500,1.3600,1.4200,25684000,35472252.0000,3,0.781700,1,-4.225400,0
2024-07-05,sz.002470,1.3500,1.3800,1.3300,1.3700,1.3600,15387395,20970862.1500,3,0.468300,1,0.735300,0
2024-07-08,sz.002470,1.3700,1.3800,1.3500,1.3500,1.3700,11867300,16137354.0000,3,0.361200,1,-1.459900,0
2024-07-09,sz.002470,1.4700,1.4900,1.3900,1.4100,1.3500,55704802,80041697.7800,3,1.695300,1,4.444400,0
2024-07-10,sz.002470,1.4000,1.4200,1.3800,1.3900,1.4100,31283900,43707889.0000,3,0.952100,1,-1.418400,0
2024-07-11,sz.002470,1.4100,1.4200,1.4000,1.4100,1.3900,20668288,29177507.0800,3,0.629000,1,1.438800,0
2024-07-12,sz.002470,1.4100,1.4600,1.4100,1.4300,1.4100,25885949,37193758.0700,3,0.787800,1,1.418400,0
2024-07-15,sz.002470,1.4300,1.4400,1.4200,1.4300,1.4300,17437100,24928630.0000,3,0.530700,1,0.000000,0
2024-07-16,sz.002470,1.4300,1.4400,1.4100,1.4200,1.4300,16170200,23028429.0000,3,0.492100,1,-0.699300,0
2024-07-17,sz.002470,1.4100,1.4200,1.3800,1.4000,1.4200,17014300,23794339.0000,3,0.517800,1,-1.408500,0
2024-07-18,sz.002470,1.3900,1.4000,1.3700,1.3900,1.4000,14739238,20383519.7000,3,0.448600,1,-0.714300,0
2024-07-19,sz.002470,1.3900,1.4100,1.3700,1.4000,1.3900,15949800,22152337.0000,3,0.485400,1,0.719400,0
2024-07-22,sz.002470,1.3900,1.4100,1.3800,1.3900,1.4000,12403300,17239866.0000,3,0.377500,1,-0.714300,0
2024-07-23,sz.002470,1.3900,1.4100,1.3700,1.3700,1.3900,15858793,22015752.3400,3,0.482700,1,-1.438800,0
2024-07-24,sz.002470,1.3700,1.3800,1.3300,1.3500,1.3700,19354407,26178821.3800,3,0.589000,1,-1.459900,0
2024-07-25,sz.002470,1.3400,1.3800,1.3400,1.3600,1.3500,11495800,15605316.0000,3,0.349900,1,0.740700,0
2024-07-26,sz.002470,1.3600,1.3800,1.3500,1.3800,1.3600,10115100,13871205.0000,3,0.307800,1,1.470600,0
2024-07-29,sz.002470,1.3600,1.3800,1.3500,1.3700,1.3800,10153100,13847842.0000,3,0.309000,1,-0.724600,0
2024-07-30,sz.002470,1.3600,1.3800,1.3500,1.3800,1.3700,17246100,23566682.0000,3,0.524900,1,0.729900,0
2024-07-31,sz.002470,1.3800,1.4100,1.3700,1.4100,1.3800,19431500,27143670.0000,3,0.591400,1,2.173900,0
2024-08-01,sz.002470,1.4000,1.4300,1.4000,1.4200,1.4100,25487700,36030845.0000,3,0.775700,1,0.709200,0
2024-08-02,sz.002470,1.4100,1.4300,1.4000,1.4200,1.4200,18934500,26826602.0000,3,0.576300,1,0.000000,0
2024-08-05,sz.002470,1.4100,1.4600,1.4000,1.4100,1.4200,27749900,39559084.0000,3,0.844600,1,-0.704200,0
2024-08-06,sz.002470,1.4200,1.4300,1.4000,1.4100,1.4100,13540500,19121587.0000,3,0.412100,1,0.000000,0
2024-08-07,sz.002470,1.4100,1.4200,1.4000,1.4100,1.4100,12816463,18085745.8300,3,0.390100,1,0.000000,0
2024-08-08,sz.002470,1.4100,1.4300,1.4000,1.4300,1.4100,16494900,23364514.0000,3,0.502000,1,1.418400,0
2024-08-09,sz.002470,1.4300,1.4600,1.4200,1.4400,1.4300,27562700,39719233.0000,3,0.838900,1,0.699300,0
2024-08-12,sz.002470,1.4500,1.4500,1.4200,1.4200,1.4400,16665800,23938970.0000,3,0.507200,1,-1.388900,0
2024-08-13,sz.002470,1.4100,1.4300,1.4000,1.4300,1.4200,12450377,17652066.3400,3,0.378900,1,0.704200,0
2024-08-14,sz.002470,1.4200,1.4400,1.4100,1.4100,1.4300,10129500,14376782.0000,3,0.308300,1,-1.398600,0
2024-08-15,sz.002470,1.4100,1.4400,1.4000,1.4200,1.4100,16557478,23515593.7500,3,0.503900,1,0.709200,0
2024-08-16,sz.002470,1.4300,1.4300,1.4000,1.4100,1.4200,14259600,20195145.0000,3,0.434000,1,-0.704200,0
2024-08-19,sz.002470,1.4100,1.4200,1.4000,1.4100,1.4100,11076700,15603783.0000,3,0.337100,1,0.000000,0
2024-08-20,sz.002470,1.4000,1.4200,1.3800,1.3900,1.4100,12871400,17931163.0000,3,0.391700,1,-1.418400,0
2024-08-21,sz.002470,1.3900,1.4000,1.3800,1.4000,1.3900,6761700,9412150.0000,3,0.205800,1,0.719400,0
2024-08-22,sz.002470,1.4000,1.4100,1.3700,1.3800,1.4000,10194800,14160103.0000,3,0.310300,1,-1.428600,0
2024-08-23,sz.002470,1.3800,1.3800,1.3600,1.3700,1.3800,11010200,15071668.0000,3,0.335100,1,-0.724600,0
2024-08-26,sz.002470,1.3700,1.4100,1.3700,1.4100,1.3700,13786409,19263763.4200,3,0.419600,1,2.919700,0
2024-08-27,sz.002470,1.4100,1.4200,1.3900,1.4000,1.4100,14699500,20641392.0000,3,0.447400,1,-0.709200,0
2024-08-28,sz.002470,1.4000,1.4400,1.3900,1.4100,1.4000,20643000,29283686.0000,3,0.628300,1,0.714300,0
2024-08-29,sz.002470,1.4100,1.4200,1.4000,1.4100,1.4100,13806300,19462977.0000,3,0.420200,1,0.000000,0
2024-08-30,sz.002470,1.4100,1.4400,1.4100,1.4300,1.4100,20368100,29058296.0000,3,0.619900,1,1.418400,0
2024-09-02,sz.002470,1.4200,1.4400,1.4100,1.4200,1.4300,16204700,23086625.0000,3,0.493200,1,-0.699300,0
2024-09-03,sz.002470,1.4200,1.4300,1.4100,1.4200,1.4200,10963900,15562178.0000,3,0.333700,1,0.000000,0
2024-09-04,sz.002470,1.4100,1.4200,1.3900,1.3900,1.4200,14113600,19737491.0000,3,0.429500,1,-2.112700,0
2024-09-05,sz.002470,1.3900,1.4100,1.3800,1.4000,1.3900,9523400,13309895.0000,3,0.289800,1,0.719400,0
2024-09-06,sz.002470,1.4000,1.4100,1.3700,1.3900,1.4000,11431363,15868554.5700,3,0.347900,1,-0.714300,0
2024-09-09,sz.002470,1.3800,1.4000,1.3700,1.3800,1.3900,11065363,15314744.5700,3,0.336800,1,-0.719400,0
2024-09-10,sz.002470,1.3800,1.3900,1.3100,1.3400,1.3800,42670002,57202659.7400,3,1.298600,1,-2.898600,0
2024-09-11,sz.002470,1.3300,1.3400,1.3100,1.3200,1.3400,23303446,30815587.1800,3,0.709200,1,-1.492500,0
2024-09-12,sz.002470,1.3100,1.3400,1.3100,1.3200,1.3200,10739100,14235640.0000,3,0.326800,1,0.000000,0
2024-09-13,sz.002470,1.3200,1.3300,1.3100,1.3200,1.3200,16386800,21628408.0000,3,0.498700,1,0.000000,0
2024-09-18,sz.002470,1.3200,1.3300,1.2900,1.3100,1.3200,19986300,26266107.0000,3,0.608300,1,-0.757600,0
2024-09-19,sz.002470,1.3200,1.3500,1.3100,1.3400,1.3100,20194204,26983768.3600,3,0.614600,1,2.290100,0
2024-09-20,sz.002470,1.3400,1.3500,1.3200,1.3300,1.3400,12551200,16709997.0000,3,0.382000,1,-0.746300,0
2024-09-23,sz.002470,1.3300,1.3400,1.3200,1.3300,1.3300,15989900,21233629.0000,3,0.486600,1,0.000000,0
2024-09-24,sz.002470,1.3300,1.3800,1.3300,1.3800,1.3300,36259588,49209325.8000,3,1.103500,1,3.759400,0
2024-09-25,sz.002470,1.3900,1.4500,1.3800,1.4100,1.3800,50983388,72386192.8400,3,1.551700,1,2.173900,0
2024-09-26,sz.002470,1.4000,1.4700,1.4000,1.4600,1.4100,60098800,86336879.0000,3,1.829100,1,3.546100,0
2024-09-27,sz.002470,1.4900,1.5400,1.4700,1.5200,1.4600,85844292,128669553.0800,3,2.612600,1,4.109600,0
2024-09-30,sz.002470,1.5900,1.6700,1.5400,1.6600,1.5200,140442345,225642212.3200,3,4.274300,1,9.210500,0
2024-10-08,sz.002470,1.8300,1.8300,1.6600,1.7200,1.6600,169914100,295838301.9600,3,5.171200,1,3.614500,0
2024-10-09,sz.002470,1.7100,1.7100,1.5500,1.5500,1.7200,111216465,179304779.2200,3,3.384800,1,-9.883700,0
2024-10-10,sz.002470,1.5700,1.6100,1.5400,1.5700,1.5500,73446563,116012680.6500,3,2.235300,1,1.290300,0
2024-10-11,sz.002470,1.5600,1.5800,1.5300,1.5400,1.5700,61830804,95937140.2000,3,1.881800,1,-1.910800,0
2024-10-14,sz.002470,1.5600,1.5900,1.5400,1.5600,1.5400,54534773,85202000.8800,3,1.659700,1,1.298700,0
2024-10-15,sz.002470,1.5600,1.5700,1.5200,1.5200,1.5600,44467146,68963193.8400,3,1.353300,1,-2.564100,0
2024-10-16,sz.002470,1.5100,1.5500,1.4900,1.5300,1.5200,45323900,69159402.0000,3,1.379400,1,0.657900,0
2024-10-17,sz.002470,1.5400,1.5500,1.4800,1.4800,1.5300,44862100,67890051.0000,3,1.365400,1,-3.268000,0
2024-10-18,sz.002470,1.4700,1.5300,1.4700,1.5100,1.4800,57705308,86255490.8400,3,1.756200,1,2.027000,0
2024-10-21,sz.002470,1.5000,1.5300,1.4900,1.5000,1.5100,57915040,87310583.0000,3,1.762600,1,-0.662300,0
2024-10-22,sz.002470,1.5000,1.5300,1.4900,1.5300,1.5000,57567460,87445926.6000,3,1.752000,1,2.000000,0
2024-10-23,sz.002470,1.5200,1.6200,1.5200,1.6100,1.5300,107240060,169150305.6000,3,3.263800,1,5.228800,0
2024-10-24,sz.002470,1.6000,1.6300,1.5600,1.6200,1.6100,91590143,145582070.2300,3,2.787500,1,0.621100,0
2024-10-25,sz.002470,1.6200,1.6600,1.6100,1.6400,1.6200,86070900,140303262.0000,3,2.619500,1,1.234600,0
2024-10-28,sz.002470,1.6400,1.7500,1.6400,1.7400,1.6400,126744845,215463602.9100,3,3.857400,1,6.097600,0
2024-10-29,sz.002470,1.7500,1.7700,1.6500,1.6600,1.7400,119071620,200970591.6000,3,3.623900,1,-4.597700,0
2024-10-30,sz.002470,1.6500,1.7300,1.6400,1.7300,1.6600,107665254,183071492.7200,3,3.276700,1,4.216900,0
2024-10-31,sz.002470,1.7200,1.8100,1.7100,1.7900,1.7300,132845443,236371008.6800,3,4.043100,1,3.468200,0
2024-11-01,sz.002470,1.7900,1.9300,1.7500,1.7700,1.7900,196499968,360462006.0400,3,5.980400,1,-1.117300,0
2024-11-04,sz.002470,1.7700,1.8000,1.7400,1.7900,1.7700,93683600,165903509.0000,3,2.851200,1,1.129900,0
2024-11-05,sz.002470,1.7800,1.9200,1.7700,1.8900,1.7900,157245088,293515075.4400,3,4.785700,1,5.586600,0
2024-11-06,sz.002470,1.8900,2.0800,1.8900,2.0300,1.8900,313915032,637011993.9600,3,9.553800,1,7.407400,0
2024-11-07,sz.002470,2.0100,2.1700,1.9400,2.0900,2.0300,295262550,612591111.6200,3,8.986200,1,2.955700,0
2024-11-08,sz.002470,2.1200,2.1400,2.0300,2.0400,2.0900,197932938,408585736.1400,3,6.024000,1,-2.392300,0
2024-11-11,sz.002470,2.0200,2.1300,2.0200,2.0700,2.0400,152820524,316260166.2400,3,4.651000,1,1.470600,0
2024-11-12,sz.002470,2.0700,2.0800,1.9600,1.9900,2.0700,155556720,313818171.5200,3,4.734300,1,-3.864700,0
2024-11-13,sz.002470,1.9800,2.0000,1.9200,1.9600,1.9900,104414612,204059349.2800,3,3.177800,1,-1.507500,0
2024-11-14,sz.002470,1.9500,1.9500,1.8700,1.8800,1.9600,97456403,185678777.9100,3,2.966000,1,-4.081600,0
2024-11-15,sz.002470,1.8600,1.9000,1.8100,1.8100,1.8800,81299200,150972740.0000,3,2.474300,1,-3.723400,0
