date,code,open,high,low,close,preclose,volume,amount,adjustflag,turn,tradestatus,pctChg,isST
2011-11-22,sz.002632,28.8000,29.3400,27.5000,28.7600,23.0000,18923210,540541888.1900,3,88.633302,1,25.043480,0
2011-11-23,sz.002632,28.0100,28.4300,27.5000,28.2800,28.7600,9802459,274309954.3700,3,45.913157,1,-1.669000,0
2011-11-24,sz.002632,27.0100,27.3500,26.1800,27.0000,28.2800,7509403,202159926.9700,3,35.172848,1,-4.526200,0
2011-11-25,sz.002632,26.7500,27.8200,26.1800,26.1800,27.0000,5890041,159029697.6000,3,27.588014,1,-3.037000,0
2011-11-28,sz.002632,26.3000,27.9500,26.3000,27.5000,26.1800,6899146,187560757.1400,3,32.314501,1,5.042000,0
2011-11-29,sz.002632,27.4500,27.5400,26.9000,27.2500,27.5000,4038839,109883041.7900,3,18.917279,1,-0.909100,0
2011-11-30,sz.002632,27.0200,27.2000,24.5300,24.9000,27.2500,5530049,141739020.0100,3,25.901869,1,-8.623900,0
2011-12-01,sz.002632,25.6300,26.4500,25.3100,25.3700,24.9000,4352380,112375168.5100,3,20.385855,1,1.887600,0
2011-12-02,sz.002632,25.0500,26.3400,24.5700,25.6700,25.3700,4359693,111864920.6800,3,20.420108,1,1.182500,0
2011-12-05,sz.002632,25.5900,25.6000,24.6300,24.8100,25.6700,2602392,65093788.9600,3,12.189190,1,-3.350200,0
2011-12-06,sz.002632,25.9800,27.2900,25.8000,27.2900,24.8100,4657811,125060098.0600,3,21.816445,1,9.996000,0
2011-12-07,sz.002632,27.9800,28.9200,27.5600,28.5900,27.2900,12270354,346120796.0200,3,57.472384,1,4.763600,0
2011-12-08,sz.002632,27.9000,29.2900,27.7000,28.4200,28.5900,9228198,261970795.6200,3,43.223410,1,-0.594600,0
2011-12-09,sz.002632,28.1500,28.4800,27.5500,28.2500,28.4200,5779780,161772383.1600,3,27.071569,1,-0.598200,0
2011-12-12,sz.002632,27.8900,28.2500,27.3300,27.6600,28.2500,4931687,136744357.5600,3,23.099237,1,-2.088500,0
2011-12-13,sz.002632,27.3600,28.5600,27.2000,28.0900,27.6600,6749049,188423839.8200,3,31.611471,1,1.554600,0
2011-12-14,sz.002632,27.7100,27.8700,25.4800,25.8800,28.0900,6060698,160016242.1600,3,28.387344,1,-7.867600,0
2011-12-15,sz.002632,25.6100,26.5600,25.2000,25.4900,25.8800,3875736,100267665.6400,3,18.153330,1,-1.507000,0
2011-12-16,sz.002632,25.6000,26.5000,24.8900,26.3300,25.4900,4300052,110708731.7100,3,20.140759,1,3.295400,0
2011-12-19,sz.002632,25.9000,26.9800,25.3500,26.8300,26.3300,3954420,102830907.3600,3,18.521874,1,1.899000,0
2011-12-20,sz.002632,26.4400,27.2000,25.4100,25.8900,26.8300,4656978,122281710.1500,3,21.812543,1,-3.503500,0
2011-12-21,sz.002632,26.0100,28.4800,25.6200,28.4800,25.8900,10014178,275672705.7000,3,46.904815,1,10.003900,0
2011-12-22,sz.002632,27.9200,28.9500,26.5000,27.3800,28.4800,11279701,312759982.5200,3,52.832323,1,-3.862400,0
2011-12-23,sz.002632,26.8000,28.7000,26.5800,27.5800,27.3800,7652933,210774311.3700,3,35.845119,1,0.730500,0
2011-12-26,sz.002632,26.8500,27.2000,25.8900,25.9100,27.5800,6129759,162741367.9800,3,28.710815,1,-6.055100,0
2011-12-27,sz.002632,25.4700,25.8800,23.3200,23.3200,25.9100,4997500,124380314.5100,3,23.407494,1,-9.996100,0
2011-12-28,sz.002632,22.4800,22.4800,21.0200,21.7000,23.3200,4899632,106043384.7700,3,22.949096,1,-6.946800,0
2011-12-29,sz.002632,21.4800,22.2000,21.3100,21.4000,21.7000,2916252,63478912.8900,3,13.659260,1,-1.382500,0
2011-12-30,sz.002632,21.6600,22.1800,21.5000,21.8200,21.4000,3244006,70690672.2000,3,15.194407,1,1.962600,0
2012-01-04,sz.002632,21.9500,22.5600,21.2000,21.2000,21.8200,3836311,84438065.2000,3,17.968670,1,-2.841400,0
2012-01-05,sz.002632,20.5500,20.6000,19.0800,19.0800,21.2000,4775310,92767974.7100,3,22.366792,1,-10.000000,0
2012-01-06,sz.002632,18.6400,19.4800,18.4000,19.3400,19.0800,3174156,59842222.9100,3,14.867241,1,1.362700,0
2012-01-09,sz.002632,19.1000,20.2000,18.6600,20.0700,19.3400,3945562,77019054.8200,3,18.480384,1,3.774600,0
2012-01-10,sz.002632,19.8700,21.4200,19.7500,21.1900,20.0700,5278866,108333717.4000,3,24.725368,1,5.580500,0
2012-01-11,sz.002632,21.1000,21.4800,20.6800,20.9100,21.1900,3687909,77466641.8900,3,17.273578,1,-1.321400,0
2012-01-12,sz.002632,20.9000,21.4600,20.7500,20.8400,20.9100,3093412,65152190.5600,3,14.489049,1,-0.334800,0
2012-01-13,sz.002632,20.7000,20.8700,18.9100,18.9100,20.8400,3998015,78541092.5700,3,18.726066,1,-9.261000,0
2012-01-16,sz.002632,18.2100,18.6000,17.5200,17.5200,18.9100,2339225,42464691.9400,3,10.956557,1,-7.350600,0
2012-01-17,sz.002632,17.6800,18.9100,17.6300,18.9000,17.5200,2517776,46084248.2700,3,11.792862,1,7.876700,0
2012-01-18,sz.002632,18.9000,19.1900,17.6100,17.8200,18.9000,2537994,47044842.4900,3,11.887560,1,-5.714300,0
2012-01-19,sz.002632,17.5600,18.8000,17.5500,18.3600,17.8200,1964673,35870419.5900,3,9.202215,1,3.030300,0
2012-01-20,sz.002632,18.3600,19.1900,18.3600,18.8000,18.3600,1942849,36661913.7900,3,9.099995,1,2.396500,0
2012-01-30,sz.002632,19.0000,19.8000,18.8100,19.2100,18.8000,2623583,50602168.1800,3,12.288445,1,2.180900,0
2012-01-31,sz.002632,19.0600,19.2000,18.6200,19.0500,19.2100,1631782,30824532.3300,3,7.643007,1,-0.832900,0
2012-02-01,sz.002632,19.0300,19.5900,18.8300,19.2300,19.0500,2270009,43700106.4000,3,10.632361,1,0.944900,0
2012-02-02,sz.002632,19.2500,19.5500,19.0900,19.5300,19.2300,2263694,43742127.8800,3,10.602782,1,1.560100,0
2012-02-03,sz.002632,20.1100,21.1000,20.1100,20.5700,19.5300,5780518,118718698.9500,3,27.075026,1,5.325100,0
2012-02-06,sz.002632,20.3100,20.7400,20.1600,20.5400,20.5700,2914958,59504342.4300,3,13.653199,1,-0.145800,0
2012-02-07,sz.002632,20.3000,20.4500,19.6000,19.7300,20.5400,2446652,48738125.3600,3,11.459728,1,-3.943500,0
2012-02-08,sz.002632,19.5100,20.4800,19.5100,20.4700,19.7300,2599582,52182885.4100,3,12.176028,1,3.750600,0
2012-02-09,sz.002632,20.3800,20.7900,20.2600,20.4700,20.4700,2887163,59319509.3200,3,13.523012,1,0.000000,0
2012-02-10,sz.002632,20.4000,21.2700,20.2800,21.0500,20.4700,3778109,78962400.9400,3,17.696061,1,2.833400,0
2012-02-13,sz.002632,20.8000,21.8100,20.6600,21.5000,21.0500,3204376,68752219.3600,3,15.008787,1,2.137800,0
2012-02-14,sz.002632,21.4000,21.4800,20.9800,21.2700,21.5000,1862519,39458606.5000,3,8.723742,1,-1.069800,0
2012-02-15,sz.002632,21.3700,21.6400,20.8600,21.6300,21.2700,2770137,58983770.4000,3,12.974881,1,1.692500,0
2012-02-16,sz.002632,21.4000,21.6600,21.1000,21.2500,21.6300,1946894,41507637.1000,3,9.118941,1,-1.756800,0
2012-02-17,sz.002632,21.3100,21.5100,21.0000,21.2000,21.2500,1629359,34625596.0800,3,7.631658,1,-0.235300,0
2012-02-20,sz.002632,21.4000,21.5700,21.1200,21.1900,21.2000,1698704,36103759.2500,3,7.956459,1,-0.047200,0
2012-02-21,sz.002632,21.0200,21.5900,20.9200,21.5800,21.1900,2132168,45442652.0500,3,9.986735,1,1.840500,0
2012-02-22,sz.002632,21.5100,22.4800,21.5100,22.3300,21.5800,3947484,87069948.4600,3,14.801215,1,3.475400,0
2012-02-23,sz.002632,22.1100,22.9800,21.9400,22.6200,22.3300,3598981,80678998.3000,3,13.494492,1,1.298700,0
2012-02-24,sz.002632,22.6100,22.8800,22.3500,22.7500,22.6200,2446623,55481801.0800,3,9.173690,1,0.574700,0
2012-02-27,sz.002632,22.7500,23.0400,22.4100,22.6200,22.7500,2960667,67265977.8700,3,11.101114,1,-0.571400,0
2012-02-28,sz.002632,22.4900,22.5000,21.7500,22.1600,22.6200,2908679,64351075.0200,3,10.906183,1,-2.033600,0
2012-02-29,sz.002632,22.2000,22.2000,21.3800,21.4900,22.1600,2597774,56629650.6500,3,9.740435,1,-3.023500,0
2012-03-01,sz.002632,21.5000,21.7900,21.3200,21.4900,21.4900,2315086,49904762.5100,3,8.680487,1,0.000000,0
2012-03-02,sz.002632,22.4400,23.6400,22.2700,23.6400,21.4900,3930834,90647540.7000,3,14.738785,1,10.004700,0
2012-03-05,sz.002632,24.4800,24.6000,23.8100,24.1300,23.6400,9484521,229519739.8500,3,35.562508,1,2.072800,0
2012-03-06,sz.002632,23.8900,23.9400,23.1500,23.7800,24.1300,4895411,115064596.8900,3,18.355497,1,-1.450500,0
2012-03-07,sz.002632,23.3500,24.1700,23.2800,23.7300,23.7800,3759550,89259725.7600,3,14.096550,1,-0.210300,0
2012-03-08,sz.002632,23.7100,23.9500,23.2000,23.5000,23.7300,3193735,75076269.1200,3,11.975009,1,-0.969200,0
2012-03-09,sz.002632,23.5600,23.8700,23.2300,23.8400,23.5000,3011154,71161402.4300,3,11.290416,1,1.446800,0
2012-03-12,sz.002632,23.8300,24.1800,23.7100,24.0000,23.8400,2747790,65672964.1400,3,10.302925,1,0.671100,0
2012-03-13,sz.002632,24.0000,24.0800,23.5600,24.0000,24.0000,2451479,58393343.1100,3,9.191897,1,0.000000,0
2012-03-14,sz.002632,24.0000,24.5900,22.4000,22.7400,24.0000,4813388,114372356.8600,3,18.047949,1,-5.250000,0
2012-03-15,sz.002632,22.5900,22.9500,22.0000,22.3400,22.7400,2698950,60430150.1900,3,10.119798,1,-1.759000,0
2012-03-16,sz.002632,22.6100,23.3400,22.2000,23.2600,22.3400,2811048,64445483.3400,3,10.540112,1,4.118200,0
2012-03-19,sz.002632,23.2000,23.8600,22.9000,23.6700,23.2600,2230706,52200355.0100,3,8.364102,1,1.762700,0
2012-03-20,sz.002632,23.4500,23.4800,22.5900,22.7600,23.6700,2027855,46721549.5300,3,7.603506,1,-3.844500,0
2012-03-21,sz.002632,22.9400,23.1500,21.9700,22.8900,22.7600,2183402,49253464.3600,3,8.186734,1,0.571200,0
2012-03-22,sz.002632,22.6600,22.8800,22.5000,22.6100,22.8900,1129051,25619200.6800,3,4.233412,1,-1.223200,0
2012-03-23,sz.002632,22.3300,23.0500,22.1700,22.3600,22.6100,1647076,37138974.1200,3,6.175763,1,-1.105700,0
2012-03-26,sz.002632,22.1000,22.5400,22.0100,22.3600,22.3600,1261897,28132457.4100,3,4.731522,1,0.000000,0
2012-03-27,sz.002632,22.6700,22.7600,22.4200,22.4800,22.3600,1238786,27961952.5100,3,4.644867,1,0.536700,0
2012-03-28,sz.002632,22.3600,22.5500,20.5000,20.5500,22.4800,2414909,51176307.6100,3,9.054777,1,-8.585400,0
2012-03-29,sz.002632,20.2400,20.8600,19.8000,20.1800,20.5500,1629272,33037637.7400,3,6.109006,1,-1.800500,0
2012-03-30,sz.002632,18.9600,19.4000,18.1600,18.3900,20.1800,3724388,69517985.8400,3,13.964709,1,-8.870200,0
2012-04-05,sz.002632,18.7100,19.2000,18.3900,18.9600,18.3900,2204098,41558700.0900,3,8.264334,1,3.099500,0
2012-04-06,sz.002632,18.9500,19.2800,18.8600,19.1100,18.9600,1621653,30886470.6500,3,6.080439,1,0.791100,0
2012-04-09,sz.002632,19.0100,19.0200,18.6000,18.7700,19.1100,1217809,22860650.8000,3,4.566213,1,-1.779200,0
2012-04-10,sz.002632,18.7000,18.9900,18.0500,18.9600,18.7700,1651389,30581009.9700,3,6.191935,1,1.012300,0
2012-04-11,sz.002632,18.6500,19.1000,18.5200,19.1000,18.9600,1330407,25046618.8600,3,4.988403,1,0.738400,0
2012-04-12,sz.002632,19.1800,19.5800,19.1200,19.5700,19.1000,2322079,44979151.0400,3,8.706708,1,2.460700,0
2012-04-13,sz.002632,19.4500,19.8400,19.4500,19.5400,19.5700,1830449,35904142.1400,3,6.863326,1,-0.153300,0
2012-04-16,sz.002632,19.3000,19.4400,19.1300,19.3200,19.5400,1189393,22896799.0100,3,4.459666,1,-1.125900,0
2012-04-17,sz.002632,19.2800,19.6000,19.1600,19.6000,19.3200,1472845,28537032.3300,3,5.522478,1,1.449300,0
2012-04-18,sz.002632,19.5000,19.5000,18.8400,19.4100,19.6000,3140730,60264378.2900,3,11.776265,1,-0.969400,0
2012-04-19,sz.002632,19.2700,19.4800,19.1700,19.2700,19.4100,1566245,30269964.3500,3,5.872685,1,-0.721300,0
2012-04-20,sz.002632,19.2700,19.2700,19.2700,19.2700,19.2700,0,0.0000,3,,0,0.000000,0
2012-04-23,sz.002632,19.3900,19.4800,18.2100,18.3800,19.2700,2096549,39416245.9400,3,7.861076,1,-4.618600,0
2012-04-24,sz.002632,18.2000,18.9900,18.1500,18.8800,18.3800,1536726,28462817.9100,3,5.762002,1,2.720300,0
2012-04-25,sz.002632,18.9000,19.1400,18.7600,18.9400,18.8800,1132988,21515835.0700,3,4.248174,1,0.317800,0
2012-04-26,sz.002632,18.9000,19.1700,18.5600,18.6300,18.9400,935474,17496991.4300,3,3.507589,1,-1.636700,0
2012-04-27,sz.002632,18.5600,18.7900,18.5100,18.7300,18.6300,476415,8891752.8000,3,1.786333,1,0.536800,0
2012-05-02,sz.002632,18.9200,18.9200,18.4100,18.6900,18.5300,1012655,18841229.9000,3,3.796982,1,0.863500,0
2012-05-03,sz.002632,18.5500,18.8900,18.3100,18.8100,18.6900,1598530,29749696.8300,3,5.993738,1,0.642100,0
2012-05-04,sz.002632,18.7400,19.5000,18.6400,19.3700,18.8100,1802872,34460713.9600,3,6.759925,1,2.977100,0
2012-05-07,sz.002632,19.1700,19.4300,19.0800,19.4200,19.3700,1511179,29090898.3400,3,5.666213,1,0.258100,0
2012-05-08,sz.002632,19.4000,19.7200,19.1900,19.4800,19.4200,1505507,29311632.4700,3,5.644946,1,0.309000,0
2012-05-09,sz.002632,19.4000,19.4200,19.1300,19.1600,19.4800,920160,17719298.2500,3,3.450169,1,-1.642700,0
2012-05-10,sz.002632,19.1000,19.4300,19.0200,19.2500,19.1600,787980,15166701.6300,3,2.954556,1,0.469700,0
2012-05-11,sz.002632,19.1800,19.7600,19.1500,19.4100,19.2500,1308900,25555463.0500,3,4.907762,1,0.831200,0
2012-05-14,sz.002632,19.5100,19.5800,19.1800,19.2800,19.4100,912736,17683224.4400,3,3.422332,1,-0.669800,0
2012-05-15,sz.002632,19.0500,19.0500,18.5600,18.7000,19.2800,1015469,18981944.9600,3,3.807533,1,-3.008300,0
2012-05-16,sz.002632,18.7000,18.8200,18.5000,18.6200,18.7000,637144,11892099.8400,3,2.388991,1,-0.427800,0
2012-05-17,sz.002632,18.6800,19.0700,18.4100,18.9900,18.6200,898120,16904680.9500,3,3.367529,1,1.987100,0
2012-05-18,sz.002632,18.8200,18.8200,18.4500,18.5100,18.9900,823422,15307141.4500,3,3.087447,1,-2.527600,0
2012-05-21,sz.002632,18.5300,18.7200,18.1200,18.2000,18.5100,778132,14291591.9700,3,2.917630,1,-1.674800,0
2012-05-22,sz.002632,18.3000,18.4500,18.2200,18.4100,18.2000,518349,9505763.8200,3,1.943566,1,1.153800,0
2012-05-23,sz.002632,18.3500,18.4600,17.7900,18.3100,18.4100,1028898,18648476.4300,3,3.857885,1,-0.543200,0
2012-05-24,sz.002632,18.2100,18.4800,18.1200,18.2100,18.3100,547427,10021480.9600,3,2.052595,1,-0.546100,0
2012-05-25,sz.002632,18.2300,18.2400,17.6300,17.6800,18.2100,626209,11191515.1200,3,2.347990,1,-2.910500,0
2012-05-28,sz.002632,17.5000,17.6600,17.0100,17.5700,17.6800,700137,12149655.4200,3,2.625186,1,-0.622200,0
2012-05-29,sz.002632,17.6200,17.9900,17.3500,17.8600,17.5700,707920,12599483.2700,3,2.654368,1,1.650500,0
2012-05-30,sz.002632,17.7900,18.1700,17.7900,17.9200,17.8600,609118,10937147.3100,3,2.283907,1,0.335900,0
2012-05-31,sz.002632,17.8100,18.3000,17.6900,18.1400,17.9200,970961,17430537.2400,3,3.640649,1,1.227700,0
2012-06-01,sz.002632,18.0800,18.3600,17.8800,18.0200,18.1400,549810,9936580.9200,3,2.061530,1,-0.661500,0
2012-06-04,sz.002632,17.8000,17.8000,17.2300,17.2600,18.0200,661600,11553635.9600,3,2.480690,1,-4.217500,0
2012-06-05,sz.002632,17.4000,17.5300,17.0500,17.4200,17.2600,611506,10568754.5200,3,2.292861,1,0.927000,0
2012-06-06,sz.002632,17.4200,18.4800,17.2900,18.3500,17.4200,2328447,41926402.5400,3,8.730585,1,5.338700,0
2012-06-07,sz.002632,18.2900,18.3300,17.8700,17.9400,18.3500,2202667,39786358.2300,3,8.258969,1,-2.234300,0
2012-06-08,sz.002632,18.1000,18.1000,17.5000,17.5700,17.9400,986997,17518375.9700,3,3.700776,1,-2.062400,0
2012-06-11,sz.002632,17.5700,18.0600,17.4800,18.0000,17.5700,692216,12341925.6300,3,2.595486,1,2.447400,0
2012-06-12,sz.002632,17.9000,18.3000,17.5200,18.1900,18.0000,1238963,22086616.0300,3,4.645531,1,1.055600,0
2012-06-13,sz.002632,18.0400,18.3700,17.9800,18.3000,18.1900,1208731,21971578.6500,3,4.532175,1,0.604700,0
2012-06-14,sz.002632,18.2600,18.3700,18.0400,18.2500,18.3000,948412,17289292.6000,3,3.556100,1,-0.273200,0
2012-06-15,sz.002632,18.2700,18.4500,18.0000,18.3800,18.2500,942868,17227398.8800,3,3.535313,1,0.712300,0
2012-06-18,sz.002632,18.4000,18.6500,18.2500,18.5000,18.3800,1115622,20685819.3000,3,4.183060,1,0.652900,0
2012-06-19,sz.002632,18.4300,18.4700,18.1600,18.2000,18.5000,994205,18186780.3600,3,3.727803,1,-1.621600,0
2012-06-20,sz.002632,18.1900,18.5500,18.1900,18.3200,18.2000,684872,12557444.7800,3,2.567949,1,0.659300,0
2012-06-21,sz.002632,18.3000,18.5900,18.0000,18.0500,18.3200,1079762,19813694.4600,3,4.048601,1,-1.473800,0
2012-06-25,sz.002632,18.0500,18.0500,18.0500,18.0500,18.0500,0,0.0000,3,,0,0.000000,0
2012-06-26,sz.002632,17.4000,18.0700,16.8000,17.8700,18.0500,1230660,21294030.5000,3,4.614398,1,-0.997200,0
2012-06-27,sz.002632,17.5800,18.5900,17.5100,17.5500,17.8700,877919,15715588.0500,3,3.291785,1,-1.790700,0
2012-06-28,sz.002632,17.5600,17.6600,17.0500,17.0500,17.5500,655672,11345227.3900,3,2.458463,1,-2.849000,0
2012-06-29,sz.002632,16.9600,17.3200,16.8400,17.2600,17.0500,639309,10895596.6200,3,2.397109,1,1.231700,0
2012-07-02,sz.002632,16.8500,16.8800,16.0600,16.2200,17.2600,2371557,38601720.1300,3,8.892227,1,-6.025500,0
2012-07-03,sz.002632,16.1300,16.5600,15.8900,16.2300,16.2200,1643412,26525754.5100,3,6.162025,1,0.061700,0
2012-07-04,sz.002632,16.3000,16.3300,16.1000,16.1200,16.2300,984062,15954165.1600,3,3.689771,1,-0.677800,0
2012-07-05,sz.002632,15.9900,15.9900,15.3200,15.3200,16.1200,1098272,17039602.2400,3,4.118005,1,-4.962800,0
2012-07-06,sz.002632,15.4000,15.6600,15.2300,15.5800,15.3200,843341,13054096.6700,3,3.162133,1,1.697100,0
2012-07-09,sz.002632,15.3700,15.5800,15.1500,15.1600,15.5800,642935,9879733.0000,3,2.410705,1,-2.695800,0
2012-07-10,sz.002632,15.0600,15.2100,14.7100,14.7500,15.1600,706070,10500074.0500,3,2.647432,1,-2.704500,0
2012-07-11,sz.002632,14.7300,15.3900,14.5700,15.2700,14.7500,1031094,15448514.3100,3,3.866119,1,3.525400,0
2012-07-12,sz.002632,15.1500,15.6700,15.0400,15.3200,15.2700,1004853,15349222.3800,3,3.767728,1,0.327400,0
2012-07-13,sz.002632,15.2300,15.3200,14.8500,14.8700,15.3200,640790,9636317.7800,3,2.402662,1,-2.937300,0
2012-07-16,sz.002632,14.8700,14.8700,13.7200,13.7800,14.8700,1011405,14247845.7100,3,3.792295,1,-7.330200,0
2012-07-17,sz.002632,13.7800,14.0300,13.7600,13.9300,13.7800,422247,5857748.4400,3,1.583228,1,1.088500,0
2012-07-18,sz.002632,13.9000,13.9700,13.6100,13.9200,13.9300,406059,5603285.7800,3,1.522531,1,-0.071800,0
2012-07-19,sz.002632,13.9300,14.5200,13.9300,14.2300,13.9200,989417,14078322.9400,3,3.709850,1,2.227000,0
2012-07-20,sz.002632,14.2700,14.2700,14.0300,14.1400,14.2300,463018,6545718.3800,3,1.736100,1,-0.632500,0
2012-07-23,sz.002632,13.9800,14.0900,13.7100,13.9500,14.1400,364599,5077150.8200,3,1.367075,1,-1.343700,0
2012-07-24,sz.002632,13.8100,14.3300,13.7800,14.1700,13.9500,432701,6116464.8100,3,1.622426,1,1.577100,0
2012-07-25,sz.002632,14.0500,14.4300,14.0500,14.1900,14.1700,589391,8411356.1800,3,2.209940,1,0.141100,0
2012-07-26,sz.002632,14.1900,14.2800,14.0700,14.1500,14.1900,445424,6308412.2300,3,1.670131,1,-0.281900,0
2012-07-27,sz.002632,14.1700,14.2400,14.0700,14.1200,14.1500,223089,3152978.7000,3,0.836479,1,-0.212000,0
2012-07-30,sz.002632,14.2200,14.4000,13.6300,13.6800,14.1200,506440,7047334.1500,3,1.898913,1,-3.116100,0
2012-07-31,sz.002632,13.6000,13.6300,13.0900,13.1500,13.6800,593726,7853174.7000,3,2.226194,1,-3.874300,0
2012-08-01,sz.002632,13.1900,13.6800,13.1900,13.5000,13.1500,612756,8219416.7300,3,2.297548,1,2.661600,0
2012-08-02,sz.002632,13.5000,13.7900,13.1800,13.4000,13.5000,823442,11097032.8700,3,3.087522,1,-0.740700,0
2012-08-03,sz.002632,13.4000,13.9600,13.2800,13.6300,13.4000,781596,10644075.7700,3,2.930619,1,1.716400,0
2012-08-06,sz.002632,13.6300,14.1000,13.4600,14.0200,13.6300,1007990,13900592.6700,3,3.779490,1,2.861300,0
2012-08-07,sz.002632,13.9900,14.2500,13.9000,14.1300,14.0200,726033,10202097.3100,3,2.722283,1,0.784600,0
2012-08-08,sz.002632,14.1300,14.4500,14.0700,14.3200,14.1300,1287466,18421331.1500,3,4.827394,1,1.344700,0
2012-08-09,sz.002632,14.2000,14.6500,14.1600,14.6100,14.3200,1176034,17013655.4000,3,4.409576,1,2.025100,0
2012-08-10,sz.002632,14.5500,14.7100,14.5200,14.6100,14.6100,896581,13105969.7700,3,3.361759,1,0.000000,0
2012-08-13,sz.002632,14.6100,14.6100,14.3000,14.3000,14.6100,649728,9372349.9800,3,2.436175,1,-2.121800,0
2012-08-14,sz.002632,14.3600,14.4500,13.9800,14.4300,14.3000,563388,8011224.2200,3,2.112441,1,0.909100,0
2012-08-15,sz.002632,14.4000,14.4000,14.1100,14.1500,14.4300,438576,6258873.9800,3,1.644454,1,-1.940400,0
2012-08-16,sz.002632,14.2600,14.2600,13.8500,13.9600,14.1500,387046,5434287.3000,3,1.451241,1,-1.342800,0
2012-08-17,sz.002632,13.9800,14.0600,13.7200,14.0200,13.9600,325200,4523798.5000,3,1.219348,1,0.429800,0
2012-08-20,sz.002632,13.8900,14.1000,13.7300,14.0700,14.0200,525476,7296592.6600,3,1.970289,1,0.356600,0
2012-08-21,sz.002632,14.0000,14.7400,14.0000,14.4600,14.0700,1316397,18983475.6900,3,4.935872,1,2.771900,0
2012-08-22,sz.002632,14.5000,14.5100,14.2800,14.3000,14.4600,908288,13026936.4600,3,3.405654,1,-1.106500,0
2012-08-23,sz.002632,14.2200,14.7700,14.2200,14.7500,14.3000,1630316,23765256.3600,3,6.112921,1,3.146900,0
2012-08-24,sz.002632,14.6200,15.3800,14.5300,14.9600,14.7500,2775528,41689757.3600,3,10.406929,1,1.423700,0
2012-08-27,sz.002632,14.7800,15.3200,14.4000,15.1500,14.9600,2003790,29856346.9600,3,7.513273,1,1.270100,0
2012-08-28,sz.002632,15.1000,15.1600,14.7200,15.1000,15.1500,998482,14987187.8700,3,3.743840,1,-0.330000,0
2012-08-29,sz.002632,15.0400,16.4800,14.8400,15.4500,15.1000,2432357,37851405.6600,3,9.120199,1,2.317900,0
2012-08-30,sz.002632,15.2900,15.6800,14.9800,15.0200,15.4500,2125542,32426479.5100,3,7.969786,1,-2.783167,0
2012-08-31,sz.002632,15.0900,15.5900,14.9600,15.5500,15.0200,1176426,17944014.3900,3,4.411046,1,3.528600,0
2012-09-03,sz.002632,15.4000,15.8300,15.2900,15.6800,15.5500,1388036,21638078.3400,3,5.204484,1,0.836000,0
2012-09-04,sz.002632,15.6800,16.2800,15.6700,16.1400,15.6800,2591823,41679924.4700,3,9.718121,1,2.933700,0
2012-09-05,sz.002632,16.1400,16.2500,15.8100,16.2200,16.1400,1115381,17901907.7400,3,4.182156,1,0.495700,0
2012-09-06,sz.002632,16.1900,16.4100,16.0100,16.2000,16.2200,919379,14838539.6600,3,3.447240,1,-0.123300,0
2012-09-07,sz.002632,16.2500,16.7900,16.1500,16.4800,16.2000,2147314,35207427.2200,3,8.051421,1,1.728400,0
2012-09-10,sz.002632,16.4200,16.5500,16.2400,16.3100,16.4800,1820305,29783825.5500,3,6.825291,1,-1.031600,0
2012-09-11,sz.002632,16.3400,16.4000,15.9000,16.1500,16.3100,1219386,19569288.6600,3,4.572126,1,-0.981000,0
2012-09-12,sz.002632,16.2000,16.3600,16.0900,16.3500,16.1500,1177627,19126062.3200,3,4.415549,1,1.238400,0
2012-09-13,sz.002632,16.1600,16.7900,15.9400,16.0500,16.3500,1705291,27905331.3800,3,6.394042,1,-1.834900,0
2012-09-14,sz.002632,15.9600,16.0200,15.5100,15.5800,16.0500,1338249,21023779.5500,3,5.017807,1,-2.928300,0
2012-09-17,sz.002632,15.6900,15.6900,15.1500,15.1700,15.5800,802838,12269267.2900,3,3.010266,1,-2.631600,0
2012-09-18,sz.002632,15.0600,15.2300,15.0000,15.2200,15.1700,471682,7134470.2400,3,1.768586,1,0.329600,0
2012-09-19,sz.002632,15.2400,15.3600,15.2000,15.2400,15.2200,623510,9520599.2900,3,2.337870,1,0.131400,0
2012-09-20,sz.002632,15.2900,16.1500,14.9000,15.1900,15.2400,1075356,16573939.8700,3,4.032081,1,-0.328100,0
2012-09-21,sz.002632,15.0000,15.2300,14.9100,15.0100,15.1900,528113,7955945.8200,3,1.980176,1,-1.185000,0
2012-09-24,sz.002632,15.0100,15.0100,14.3500,14.7500,15.0100,574060,8397616.5500,3,2.152456,1,-1.732200,0
2012-09-25,sz.002632,14.7500,14.8500,14.2600,14.2700,14.7500,393740,5723819.1000,3,1.476340,1,-3.254200,0
2012-09-26,sz.002632,14.2500,14.3300,13.9000,14.1100,14.2700,524760,7386809.4900,3,1.967604,1,-1.121200,0
2012-09-27,sz.002632,14.0000,14.5600,14.0000,14.5100,14.1100,702898,10113337.9000,3,2.635538,1,2.834900,0
2012-09-28,sz.002632,14.4500,14.7000,14.3200,14.6900,14.5100,441284,6414555.4900,3,1.654608,1,1.240500,0
2012-10-08,sz.002632,14.7000,14.8000,14.5900,14.7700,14.6900,370404,5453317.9400,3,1.388841,1,0.544600,0
2012-10-09,sz.002632,14.7700,15.2800,14.7700,15.1000,14.7700,378652,5702957.7500,3,1.419768,1,2.234300,0
2012-10-10,sz.002632,15.1000,15.2700,15.0200,15.1500,15.1000,383888,5817000.6200,3,1.439400,1,0.331100,0
2012-10-11,sz.002632,15.1400,15.2300,14.8800,14.8800,15.1500,704017,10595070.8700,3,2.639734,1,-1.782200,0
2012-10-12,sz.002632,14.9600,15.1300,14.8000,14.8300,14.8800,364905,5444770.2000,3,1.368223,1,-0.336000,0
2012-10-15,sz.002632,14.7000,14.8600,14.5000,14.6000,14.8300,219600,3220648.3000,3,0.823397,1,-1.550900,0
2012-10-16,sz.002632,14.5900,14.7600,14.5600,14.6500,14.6000,156066,2291354.9200,3,0.585174,1,0.342500,0
2012-10-17,sz.002632,14.6800,14.6800,14.3000,14.5000,14.6500,231281,3339763.3100,3,0.867195,1,-1.023900,0
2012-10-18,sz.002632,14.4000,14.8300,14.4000,14.7500,14.5000,265709,3915960.9200,3,0.996284,1,1.724100,0
2012-10-19,sz.002632,14.8700,15.2400,14.6800,15.1500,14.7500,725236,10910282.0300,3,2.719295,1,2.711862,0
2012-10-22,sz.002632,15.0000,15.2900,14.8600,15.2500,15.1500,326769,4946614.1000,3,1.225231,1,0.660100,0
2012-10-23,sz.002632,15.3000,15.3000,14.8500,14.8500,15.2500,327293,4916998.3400,3,1.227195,1,-2.623000,0
2012-10-24,sz.002632,14.6100,14.9400,14.6100,14.7300,14.8500,169000,2499919.0000,3,0.633671,1,-0.808100,0
2012-10-25,sz.002632,14.6400,14.8100,14.4000,14.5200,14.7300,218502,3193803.1500,3,0.819280,1,-1.425700,0
2012-10-26,sz.002632,14.3800,14.5100,14.0300,14.0700,14.5200,216951,3092547.8200,3,0.813465,1,-3.099200,0
2012-10-29,sz.002632,14.0700,14.0700,13.4000,13.5400,14.0700,533666,7227725.8800,3,2.000997,1,-3.766900,0
2012-10-30,sz.002632,13.6000,13.6300,13.4300,13.5200,13.5400,236606,3197521.5000,3,0.887162,1,-0.147700,0
2012-10-31,sz.002632,13.4300,13.5200,13.2300,13.4700,13.5200,332333,4442618.1200,3,1.246093,1,-0.369800,0
2012-11-01,sz.002632,13.4800,13.7800,13.4500,13.7200,13.4700,652628,8916618.6600,3,2.447049,1,1.856000,0
2012-11-02,sz.002632,13.7100,14.0000,13.7000,13.8400,13.7200,365707,5068002.4600,3,1.371230,1,0.874600,0
2012-11-05,sz.002632,13.8100,13.8300,13.4800,13.7400,13.8400,245886,3359406.2000,3,0.921957,1,-0.722500,0
2012-11-06,sz.002632,13.6800,13.7500,13.5000,13.7000,13.7400,284459,3873746.9600,3,1.066588,1,-0.291100,0
2012-11-07,sz.002632,13.8700,13.9500,13.4100,13.9300,13.7000,297931,4100508.9500,3,1.117102,1,1.678800,0
2012-11-08,sz.002632,13.8800,13.8800,13.6100,13.6300,13.9300,248704,3403582.6400,3,0.932523,1,-2.153600,0
2012-11-09,sz.002632,13.8000,13.8200,13.5400,13.7700,13.6300,222665,3055030.9300,3,0.834889,1,1.027100,0
2012-11-12,sz.002632,13.8300,13.9800,13.7100,13.9700,13.7700,324397,4509454.8400,3,1.216337,1,1.452400,0
2012-11-13,sz.002632,13.8100,13.9600,13.5500,13.5500,13.9700,189420,2601030.0000,3,0.710236,1,-3.006400,0
2012-11-14,sz.002632,13.4200,13.7900,13.3900,13.5600,13.5500,199789,2709567.5100,3,0.749115,1,0.073800,0
2012-11-15,sz.002632,13.1700,13.4600,13.1500,13.1500,13.5600,197980,2632597.2000,3,0.742332,1,-3.023600,0
2012-11-16,sz.002632,13.0200,13.1900,13.0200,13.1100,13.1500,121129,1586913.8500,3,0.454177,1,-0.304200,0
2012-11-19,sz.002632,13.0500,13.2300,13.0400,13.1500,13.1100,163411,2149035.4200,3,0.612715,1,0.305100,0
2012-11-20,sz.002632,13.1800,13.5000,13.0700,13.4900,13.1500,451130,6017989.1000,3,1.691526,1,2.585600,0
2012-11-21,sz.002632,13.3700,14.4900,13.1800,13.8900,13.4900,1143656,15884650.4500,3,4.288174,1,2.965200,0
2012-11-22,sz.002632,13.5200,14.0400,13.4600,13.7700,13.8900,619870,8497539.9200,3,1.598633,1,-0.863900,0
2012-11-23,sz.002632,13.6800,13.8600,13.5000,13.5100,13.7700,401390,5490534.1200,3,1.035177,1,-1.888200,0
2012-11-26,sz.002632,13.4700,13.4700,13.2300,13.2800,13.5100,318358,4244191.3600,3,0.821039,1,-1.702400,0
2012-11-27,sz.002632,13.2800,13.2800,12.1200,12.1700,13.2800,459843,5824713.1800,3,1.185926,1,-8.358400,0
2012-11-28,sz.002632,12.2000,12.2900,11.7000,11.8500,12.1700,341128,4062667.3600,3,0.879763,1,-2.629400,0
2012-11-29,sz.002632,11.8500,11.8900,11.6100,11.6100,11.8500,225683,2656476.9900,3,0.582032,1,-2.025300,0
2012-11-30,sz.002632,11.4900,11.8600,11.4900,11.7700,11.6100,278842,3259018.0400,3,0.719128,1,1.378100,0
2012-12-03,sz.002632,10.9900,11.8900,10.9900,11.3600,11.7700,148570,1729533.3100,3,0.383159,1,-3.483400,0
2012-12-04,sz.002632,11.3400,11.6400,11.0500,11.5900,11.3600,142015,1621650.4400,3,0.366254,1,2.024600,0
2012-12-05,sz.002632,11.5100,12.1100,11.5100,11.9300,11.5900,381529,4537093.0100,3,0.983956,1,2.933600,0
2012-12-06,sz.002632,12.0900,12.1000,11.6100,11.7500,11.9300,289694,3408092.2800,3,0.747115,1,-1.508800,0
2012-12-07,sz.002632,11.7100,12.0800,11.5200,12.0800,11.7500,492095,5851449.7100,3,1.269104,1,2.808500,0
2012-12-10,sz.002632,12.1000,12.4100,12.0100,12.3300,12.0800,595149,7264456.0100,3,1.534878,1,2.069500,0
2012-12-11,sz.002632,12.4300,12.5800,12.1500,12.2000,12.3300,370538,4548925.4200,3,0.955611,1,-1.054300,0
2012-12-12,sz.002632,12.1500,12.2400,11.9700,12.0500,12.2000,265701,3204692.2200,3,0.685238,1,-1.229500,0
2012-12-13,sz.002632,12.0500,12.3200,11.8300,11.8400,12.0500,667376,8026633.4300,3,1.721150,1,-1.742700,0
2012-12-14,sz.002632,11.8500,12.3900,11.6600,12.2800,11.8400,836097,10165737.9500,3,2.156279,1,3.716200,0
2012-12-17,sz.002632,12.3000,12.4700,12.1900,12.3800,12.2800,720812,8881070.4100,3,1.858961,1,0.814300,0
2012-12-18,sz.002632,12.3500,12.6900,12.2000,12.4300,12.3800,797772,9930426.8200,3,2.057439,1,0.403900,0
2012-12-19,sz.002632,12.4900,12.7800,12.4100,12.6500,12.4300,710706,8972130.1900,3,1.832897,1,1.769900,0
2012-12-20,sz.002632,12.6400,12.6600,12.4600,12.5600,12.6500,762959,9565542.9100,3,1.967657,1,-0.711500,0
2012-12-21,sz.002632,12.6100,13.0800,12.4100,12.7500,12.5600,2004520,25610921.8300,3,5.169620,1,1.512700,0
2012-12-24,sz.002632,12.7600,13.1500,12.7600,13.0400,12.7500,1351484,17565252.7700,3,3.485452,1,2.274500,0
2012-12-25,sz.002632,12.8100,13.6000,12.8100,13.5500,13.0400,2198997,29414886.6000,3,5.671172,1,3.911000,0
2012-12-26,sz.002632,13.5000,14.4800,13.3600,14.4000,13.5500,2462681,34691436.3300,3,6.351208,1,6.273100,0
2012-12-27,sz.002632,14.5100,14.7000,13.9000,14.6500,14.4000,2259819,32322291.0000,3,5.828031,1,1.736100,0
2012-12-28,sz.002632,14.5000,15.6500,14.1100,15.6300,14.6500,2392889,35934039.4100,3,6.171216,1,6.689400,0
2012-12-31,sz.002632,15.4100,17.1000,15.2000,17.0000,15.6300,3423661,54806221.5800,3,8.829558,1,8.765200,0
2013-01-04,sz.002632,16.8000,16.9500,16.0700,16.3000,17.0000,2180748,35835079.9100,3,5.624108,1,-4.117600,0
2013-01-07,sz.002632,15.7800,16.1400,15.7800,16.0000,16.3000,2029975,32281110.8900,3,5.235268,1,-1.840500,0
2013-01-08,sz.002632,16.0000,16.0000,15.4600,15.7100,16.0000,2654629,41423892.2900,3,6.846239,1,-1.812500,0
2013-01-09,sz.002632,15.5500,15.6300,15.3600,15.4400,15.7100,2244097,34740922.4300,3,5.787484,1,-1.718700,0
2013-01-10,sz.002632,15.4600,15.5900,15.2800,15.4300,15.4400,1653071,25494439.8300,3,4.263239,1,-0.064800,0
2013-01-11,sz.002632,15.4500,15.5800,14.9300,15.0200,15.4300,1902671,29263967.6200,3,4.906953,1,-2.657200,0
2013-01-14,sz.002632,14.9500,15.5800,14.8100,15.5100,15.0200,3132103,47737562.5700,3,8.077635,1,3.262300,0
2013-01-15,sz.002632,15.5100,15.7200,15.3500,15.5300,15.5100,2947428,45803653.5600,3,7.601362,1,0.128900,0
2013-01-16,sz.002632,15.5100,15.5100,14.9800,15.2600,15.5300,1501388,22859093.1600,3,3.872052,1,-1.738600,0
2013-01-17,sz.002632,15.2000,15.4500,15.0300,15.1100,15.2600,1066700,16230672.2100,3,2.750999,1,-0.983000,0
2013-01-18,sz.002632,15.2800,15.2900,14.9000,15.1800,15.1100,1590486,24013497.7800,3,4.101834,1,0.463300,0
2013-01-21,sz.002632,15.2500,15.6900,15.1300,15.6800,15.1800,2472293,38202303.1700,3,6.375997,1,3.293800,0
2013-01-22,sz.002632,15.6900,15.6900,14.9000,14.9800,15.6800,1772330,27170629.5500,3,4.570806,1,-4.464300,0
2013-01-23,sz.002632,14.8400,14.8400,14.3500,14.6200,14.9800,1654226,24017790.6600,3,4.266218,1,-2.403200,0
2013-01-24,sz.002632,14.6800,14.7500,14.2400,14.3000,14.6200,1590856,23089815.0300,3,4.102788,1,-2.188800,0
2013-01-25,sz.002632,14.3000,14.4500,14.1800,14.3600,14.3000,520561,7464427.1900,3,1.342517,1,0.419600,0
2013-01-28,sz.002632,14.3900,14.7300,14.3900,14.6600,14.3600,926021,13505380.1500,3,2.388191,1,2.089100,0
2013-01-29,sz.002632,14.6100,14.8100,14.6000,14.6400,14.6600,854603,12555400.5000,3,2.204005,1,-0.136400,0
2013-01-30,sz.002632,14.6400,14.7000,14.5000,14.7000,14.6400,664157,9690295.7300,3,1.712848,1,0.409800,0
2013-01-31,sz.002632,14.6100,14.7500,14.4300,14.4500,14.7000,598797,8678622.7800,3,1.544286,1,-1.700700,0
2013-02-01,sz.002632,14.3300,14.6500,14.3300,14.5400,14.4500,530615,7686946.7400,3,1.368446,1,0.622800,0
2013-02-04,sz.002632,14.5400,15.2500,14.5200,15.0100,14.5400,1809076,26920570.1700,3,4.665573,1,3.232500,0
2013-02-05,sz.002632,14.8000,14.9400,14.3300,14.8000,15.0100,1125225,16606569.0100,3,2.901934,1,-1.399100,0
2013-02-06,sz.002632,14.7800,14.9900,14.6000,14.9100,14.8000,620989,9240557.6900,3,1.601519,1,0.743200,0
2013-02-07,sz.002632,14.8000,14.9900,14.7900,14.8800,14.9100,555126,8252598.0400,3,1.431660,1,-0.201200,0
2013-02-08,sz.002632,14.8100,15.1700,14.8000,15.1100,14.8800,771834,11598505.4200,3,1.990545,1,1.545700,0
2013-02-18,sz.002632,15.1000,15.4700,15.1000,15.4100,15.1100,1115919,17017549.2600,3,2.877934,1,1.985400,0
2013-02-19,sz.002632,15.4200,15.4200,14.8500,14.8800,15.4100,893982,13428752.9900,3,2.305563,1,-3.439300,0
2013-02-20,sz.002632,14.9000,15.1500,14.9000,15.0600,14.8800,582736,8740785.2800,3,1.502865,1,1.209700,0
2013-02-21,sz.002632,15.0300,15.0300,14.4000,14.4400,15.0600,1049259,15321429.4500,3,2.706019,1,-4.116900,0
2013-02-22,sz.002632,14.4700,14.6700,14.4600,14.5400,14.4400,540423,7866978.6600,3,1.393741,1,0.692500,0
2013-02-25,sz.002632,14.7900,14.7900,14.4900,14.6400,14.5400,480933,7018827.0200,3,1.240317,1,0.687800,0
2013-02-26,sz.002632,14.5000,14.8800,14.4400,14.6100,14.6400,1068678,15661125.2600,3,2.756101,1,-0.204900,0
2013-02-27,sz.002632,14.4600,14.7400,14.3800,14.3800,14.6100,639196,9259627.7600,3,1.648475,1,-1.574300,0
2013-02-28,sz.002632,14.4000,14.6700,14.1900,14.6500,14.3800,765819,11108627.5200,3,1.975033,1,1.877600,0
2013-03-01,sz.002632,14.6800,15.1600,14.6800,15.1000,14.6500,1425555,21325046.8600,3,3.676480,1,3.071700,0
2013-03-04,sz.002632,15.0000,15.3600,14.6100,14.7000,15.1000,1612788,24309770.9000,3,4.159350,1,-2.649000,0
2013-03-05,sz.002632,14.7000,15.1800,14.4500,15.1100,14.7000,1032153,15428857.2900,3,2.661903,1,2.789100,0
2013-03-06,sz.002632,15.2300,15.4700,15.1000,15.3600,15.1100,1371624,21014619.6000,3,3.537393,1,1.654500,0
2013-03-07,sz.002632,15.2300,15.5800,14.9400,15.1900,15.3600,1151512,17584925.0300,3,2.969728,1,-1.106800,0
2013-03-08,sz.002632,15.1600,15.3500,15.0300,15.1800,15.1900,743012,11315925.5500,3,1.916214,1,-0.065800,0
2013-03-11,sz.002632,15.1500,15.3900,14.9700,15.3800,15.1800,698013,10667502.9400,3,1.800162,1,1.317500,0
2013-03-12,sz.002632,15.3100,15.4200,14.1800,14.6800,15.3800,1022236,15163232.9800,3,2.636328,1,-4.551400,0
2013-03-13,sz.002632,14.4000,14.6600,13.9600,13.9600,14.6800,1036830,14700217.9900,3,2.673965,1,-4.904600,0
2013-03-14,sz.002632,13.9000,14.0100,13.8200,13.9600,13.9600,512527,7139971.3500,3,1.321798,1,0.000000,0
2013-03-15,sz.002632,13.9600,14.3200,13.8200,14.0500,13.9600,520629,7301917.0600,3,1.342692,1,0.644700,0
2013-03-18,sz.002632,14.0500,14.0800,13.8900,13.9900,14.0500,454649,6350587.5000,3,1.172531,1,-0.427000,0
2013-03-19,sz.002632,14.0000,14.1200,13.7000,14.0600,13.9900,533291,7460013.0000,3,1.375348,1,0.500400,0
2013-03-20,sz.002632,14.0800,14.4500,14.0100,14.4000,14.0600,615502,8825602.0000,3,1.587368,1,2.418200,0
2013-03-21,sz.002632,14.4100,15.2000,14.4000,14.8200,14.4000,798340,11855848.0000,3,2.058904,1,2.916700,0
2013-03-22,sz.002632,14.9000,15.2100,14.8100,15.0700,14.8200,830255,12482388.0000,3,2.141212,1,1.686900,0
2013-03-25,sz.002632,15.2700,15.2800,14.6600,14.8400,15.0700,368708,5469154.0000,3,0.950891,1,-1.526200,0
2013-03-26,sz.002632,14.7900,15.0400,14.5100,14.9200,14.8400,534472,7882118.0000,3,1.378393,1,0.539100,0
2013-03-27,sz.002632,14.9900,15.1800,14.8200,14.8500,14.9200,273101,4069803.0000,3,0.704322,1,-0.469200,0
2013-03-28,sz.002632,14.7800,14.9500,13.9100,14.0700,14.8500,691206,9865871.0000,3,1.782607,1,-5.252500,0
2013-03-29,sz.002632,13.9300,13.9300,13.2300,13.5900,14.0700,943115,12765397.0000,3,2.432276,1,-3.411500,0
2013-04-01,sz.002632,13.3300,13.6800,13.3300,13.4600,13.5900,271200,3664948.0000,3,0.699420,1,-0.956600,0
2013-04-02,sz.002632,13.4600,13.6300,12.9400,13.1500,13.4600,667527,8823091.0000,3,1.721540,1,-2.303100,0
2013-04-03,sz.002632,13.0200,13.2700,13.0200,13.2300,13.1500,277502,3656016.0000,3,0.715672,1,0.608400,0
2013-04-08,sz.002632,13.2400,13.3800,12.8200,13.3800,13.2300,309739,4038248.0000,3,0.798811,1,1.133800,0
2013-04-09,sz.002632,13.3700,13.6300,13.0100,13.6200,13.3800,288406,3866360.0000,3,0.743794,1,1.793700,0
2013-04-10,sz.002632,13.5900,13.5900,13.3000,13.4300,13.6200,214107,2875737.0000,3,0.552178,1,-1.395000,0
2013-04-11,sz.002632,13.3600,13.5800,13.3000,13.3300,13.4300,167048,2242840.0000,3,0.430814,1,-0.744600,0
2013-04-12,sz.002632,13.4400,13.4400,13.1500,13.3300,13.3300,127000,1679926.0000,3,0.327531,1,0.000000,0
2013-04-15,sz.002632,13.1800,13.2000,12.9000,13.1600,13.3300,153317,1997205.0000,3,0.395402,1,-1.275300,0
2013-04-16,sz.002632,13.0100,13.8700,13.0100,13.5200,13.1600,290888,3875001.0000,3,0.750195,1,2.735567,0
2013-04-17,sz.002632,13.5300,13.7000,13.3900,13.7000,13.5200,399860,5434723.0000,3,1.031231,1,1.331400,0
2013-04-18,sz.002632,13.6500,13.8800,13.5200,13.7200,13.7000,179020,2451494.0000,3,0.461689,1,0.146000,0
2013-04-19,sz.002632,13.6400,13.9500,13.6000,13.7500,13.7200,539718,7472613.0000,3,1.391923,1,0.218657,0
2013-04-22,sz.002632,13.8000,13.8000,13.3000,13.6100,13.7500,417121,5632850.0000,3,1.075747,1,-1.018200,0
2013-04-23,sz.002632,13.5000,13.6000,13.2900,13.3300,13.6100,528107,7065592.0000,3,1.361978,1,-2.057300,0
2013-04-24,sz.002632,13.3300,13.7000,13.3000,13.5100,13.3300,306564,4129190.0000,3,0.790623,1,1.350300,0
2013-04-25,sz.002632,13.5100,13.6700,13.3800,13.4300,13.5100,402727,5437107.0000,3,1.038625,1,-0.592200,0
2013-04-26,sz.002632,13.4000,13.4000,12.9000,12.9000,13.4300,659209,8603349.0000,3,1.700088,1,-3.946394,0
2013-05-02,sz.002632,12.6800,13.3900,12.6600,13.0300,12.9000,366423,4777666.0000,3,0.944998,1,1.007800,0
2013-05-03,sz.002632,13.0300,13.2000,12.9200,13.1500,13.0300,197893,2601089.5000,3,0.510362,1,0.920951,0
2013-05-06,sz.002632,13.0400,13.7900,13.0400,13.4600,13.1500,339002,4557920.0000,3,0.874280,1,2.357400,0
2013-05-07,sz.002632,13.4300,13.7200,13.4300,13.5500,13.4600,491471,6685460.0000,3,1.267495,1,0.668600,0
2013-05-08,sz.002632,13.5600,13.6700,13.3400,13.6400,13.5500,607984,8201339.0000,3,1.567979,1,0.664200,0
2013-05-09,sz.002632,13.6500,13.6800,13.4600,13.6600,13.6400,680448,9225640.0000,3,1.754863,1,0.146600,0
2013-05-10,sz.002632,13.6600,14.3800,13.5600,14.2600,13.6600,1503391,21086946.0000,3,3.877217,1,4.392400,0
2013-05-13,sz.002632,14.1300,14.3400,13.9000,14.0000,14.2600,855116,12052379.0000,3,2.205328,1,-1.823300,0
2013-05-14,sz.002632,14.0700,14.0800,13.7600,14.0000,14.0000,601984,8347092.0000,3,1.552505,1,0.000000,0
2013-05-15,sz.002632,13.8500,14.1000,13.8000,14.0600,14.0000,351596,4915938.0000,3,0.906760,1,0.428600,0
2013-05-16,sz.002632,14.0800,14.2800,13.9400,14.1100,14.0600,662643,9378502.0000,3,1.708944,1,0.355600,0
2013-05-17,sz.002632,14.0800,14.4900,13.9900,14.4300,14.1100,946161,13529455.0000,3,2.440132,1,2.267900,0
2013-05-20,sz.002632,14.4300,14.7100,14.3200,14.6000,14.4300,972988,14089500.0000,3,2.509318,1,1.178100,0
2013-05-21,sz.002632,14.6400,14.6400,14.4000,14.6100,14.6000,894050,12990930.0000,3,2.305738,1,0.068488,0
2013-05-22,sz.002632,14.5300,14.7400,14.2100,14.3000,14.6100,536968,7769312.0000,3,1.384830,1,-2.121800,0
2013-05-23,sz.002632,14.2700,15.1300,14.2100,14.7200,14.3000,1526930,22455256.0000,3,3.937924,1,2.937100,0
2013-05-24,sz.002632,14.6800,14.8500,14.5600,14.8300,14.7200,792732,11659359.0000,3,2.044441,1,0.747300,0
2013-05-27,sz.002632,14.8800,15.1200,14.7200,15.1000,14.8300,1050350,15728449.0000,3,2.708833,1,1.820600,0
2013-05-28,sz.002632,15.0900,15.1000,14.7100,15.0400,15.1000,964142,14394987.0000,3,2.486504,1,-0.397400,0
2013-05-29,sz.002632,15.0300,15.1300,14.8500,15.0600,15.0400,601083,9023102.0000,3,1.550182,1,0.133000,0
2013-05-30,sz.002632,14.9600,15.7000,14.9600,15.4900,15.0600,1406248,21653740.0000,3,3.626687,1,2.855200,0
2013-05-31,sz.002632,15.5100,15.5900,15.2600,15.2600,15.4900,811439,12510458.0000,3,2.092686,1,-1.484826,0
2013-06-03,sz.002632,15.3100,15.3500,14.9500,14.9900,15.2600,604276,9127789.0000,3,1.558417,1,-1.769300,0
2013-06-04,sz.002632,14.9400,14.9400,14.3100,14.3800,14.9900,577944,8424012.0000,3,1.490507,1,-4.069400,0
2013-06-05,sz.002632,14.3600,14.8500,14.3600,14.4900,14.3800,318504,4643986.0000,3,0.821416,1,0.765000,0
2013-06-06,sz.002632,14.3200,14.5500,14.2200,14.2500,14.4900,236199,3388968.0000,3,0.609153,1,-1.656300,0
2013-06-07,sz.002632,14.2500,14.4300,13.8900,13.9700,14.2500,247813,3501433.0000,3,0.639105,1,-1.964900,0
2013-06-13,sz.002632,13.8800,13.8800,13.3000,13.6200,13.9700,292326,3956780.0000,3,0.753903,1,-2.505400,0
2013-06-14,sz.002632,13.6700,13.8600,13.6000,13.8100,13.6200,219591,3023108.0000,3,0.566321,1,1.395000,0
2013-06-17,sz.002632,13.7700,14.0500,13.7600,13.9100,13.8100,295805,4110145.0000,3,0.762876,1,0.724100,0
2013-06-18,sz.002632,13.8500,14.0700,13.8400,13.9300,13.9100,226639,3155467.0000,3,0.584498,1,0.143800,0
2013-06-19,sz.002632,14.0500,14.0700,13.5300,14.0100,13.9300,323196,4486292.0000,3,0.833516,1,0.574300,0
2013-06-20,sz.002632,10.6200,10.7200,10.1800,10.1800,10.6600,338729,3564045.0000,3,0.671981,1,-4.502800,0
2013-06-21,sz.002632,10.1700,10.2900,9.9000,10.0400,10.1800,321050,3215963.0000,3,0.636909,1,-1.375200,0
2013-06-24,sz.002632,9.6400,10.1600,9.3000,9.4800,10.0400,259481,2515207.0000,3,0.514767,1,-5.577700,0
2013-06-25,sz.002632,9.4200,9.5900,8.5300,9.5500,9.4800,509926,4602197.0000,3,1.011607,1,0.738400,0
2013-06-26,sz.002632,9.5700,9.6300,9.2500,9.5600,9.5500,250036,2368207.0000,3,0.496029,1,0.104700,0
2013-06-27,sz.002632,9.6100,9.8600,9.4000,9.4600,9.5600,417477,4027421.0000,3,0.828204,1,-1.046000,0
2013-06-28,sz.002632,9.5100,9.6900,9.1700,9.2600,9.4600,312038,2944914.0000,3,0.619031,1,-2.114200,0
2013-07-01,sz.002632,9.2000,9.4000,9.0600,9.3900,9.2600,164883,1532448.0000,3,0.327100,1,1.403900,0
2013-07-02,sz.002632,9.4200,9.4700,9.2500,9.3900,9.3900,276556,2589058.0000,3,0.548641,1,0.000000,0
2013-07-03,sz.002632,9.4000,9.4400,9.2000,9.3400,9.3900,224519,2088368.0000,3,0.445408,1,-0.532500,0
2013-07-04,sz.002632,9.4200,9.6500,9.2000,9.6400,9.3400,588804,5599867.0000,3,1.168088,1,3.212000,0
2013-07-05,sz.002632,9.6000,9.7900,9.3600,9.4700,9.6400,409041,3903293.0000,3,0.811469,1,-1.763500,0
2013-07-08,sz.002632,9.4300,9.4300,9.0100,9.0100,9.4700,326924,2978368.0000,3,0.648562,1,-4.857400,0
2013-07-09,sz.002632,8.9800,9.1300,8.9000,9.0100,9.0100,167591,1511098.0000,3,0.332472,1,0.000000,0
2013-07-10,sz.002632,8.8600,9.2000,8.8500,9.1900,9.0100,315264,2857771.0000,3,0.625431,1,1.997800,0
2013-07-11,sz.002632,9.1200,9.5500,9.1200,9.4000,9.1900,426207,3982778.0000,3,0.845523,1,2.285100,0
2013-07-12,sz.002632,9.3600,10.3300,9.3000,9.7000,9.4000,1483689,14484789.0000,3,2.943389,1,3.191500,0
2013-07-15,sz.002632,9.7800,9.9300,9.6500,9.8000,9.7000,981794,9594600.0000,3,1.947714,1,1.030900,0
2013-07-16,sz.002632,9.8500,9.8800,9.7000,9.8200,9.8000,541363,5309652.0000,3,1.073973,1,0.204100,0
2013-07-17,sz.002632,9.7200,9.8500,9.5100,9.5200,9.8200,517275,4996854.0000,3,1.026187,1,-3.055000,0
2013-07-18,sz.002632,9.6000,9.7800,9.4300,9.6400,9.5200,366224,3507089.0000,3,0.726527,1,1.260500,0
2013-07-19,sz.002632,9.6600,9.7200,9.2300,9.2800,9.6400,340150,3236725.0000,3,0.674800,1,-3.734400,0
2013-07-22,sz.002632,9.1800,9.5800,9.1400,9.5200,9.2800,537143,5058621.0000,3,1.065601,1,2.586200,0
2013-07-23,sz.002632,9.4900,9.8400,9.4900,9.8400,9.5200,918081,8908545.0000,3,1.821318,1,3.361300,0
2013-07-24,sz.002632,9.8300,9.8800,9.6000,9.8400,9.8400,714343,6965305.0000,3,1.417136,1,0.000000,0
2013-07-25,sz.002632,9.8000,9.8300,9.6000,9.6700,9.8400,445575,4325465.0000,3,0.883946,1,-1.727600,0
2013-07-26,sz.002632,9.7600,9.9000,9.5300,9.7500,9.6700,740296,7191015.0000,3,1.468623,1,0.827300,0
2013-07-29,sz.002632,9.7000,10.2000,9.6700,10.0700,9.7500,1575565,15682332.0000,3,3.125656,1,3.282100,0
2013-07-30,sz.002632,10.0200,10.1900,9.8600,10.0000,10.0700,1114529,11136517.0000,3,2.211038,1,-0.695100,0
2013-07-31,sz.002632,9.9400,10.9800,9.9400,10.5000,10.0000,2279565,23989656.0000,3,4.522273,1,5.000000,0
2013-08-01,sz.002632,10.3800,10.9000,10.2600,10.8300,10.5000,2312149,24723072.0000,3,4.586915,1,3.142900,0
2013-08-02,sz.002632,10.7600,11.3600,10.7000,11.3600,10.8300,3017829,33585264.0000,3,5.986865,1,4.893800,0
2013-08-05,sz.002632,11.2000,11.6100,11.1200,11.2900,11.3600,1974230,22434912.0000,3,3.916540,1,-0.616200,0
2013-08-06,sz.002632,11.2900,11.4900,11.0900,11.4200,11.2900,2323903,26385940.0000,3,4.610233,1,1.151500,0
2013-08-07,sz.002632,11.3500,11.3800,10.9500,11.0000,11.4200,1606755,17888208.0000,3,3.187532,1,-3.677800,0
2013-08-08,sz.002632,10.8800,11.4300,10.6400,11.4300,11.0000,1546345,17325384.0000,3,3.067688,1,3.909100,0
2013-08-09,sz.002632,11.5400,11.5400,11.0000,11.3000,11.4300,1289236,14519243.0000,3,2.557627,1,-1.137400,0
2013-08-12,sz.002632,11.3000,11.4300,11.0100,11.1800,11.3000,1163334,12995510.0000,3,2.307859,1,-1.061900,0
2013-08-13,sz.002632,11.2300,11.2300,10.9700,11.1200,11.1800,792632,8764483.0000,3,1.572449,1,-0.536700,0
2013-08-14,sz.002632,11.1200,11.1700,10.9400,10.9800,11.1200,840914,9305368.0000,3,1.668232,1,-1.259000,0
2013-08-15,sz.002632,10.9200,11.1200,10.8000,10.8800,10.9800,663410,7275224.0000,3,1.316094,1,-0.910700,0
2013-08-16,sz.002632,10.7300,10.9900,10.3900,10.4200,10.8800,961859,10295604.0000,3,1.908166,1,-4.227900,0
2013-08-19,sz.002632,10.3700,10.7900,10.3500,10.7900,10.4200,1027981,10843679.0000,3,2.039341,1,3.550900,0
2013-08-20,sz.002632,10.6700,10.8600,10.5500,10.6900,10.7900,564666,6050047.0000,3,1.120202,1,-0.926800,0
2013-08-21,sz.002632,10.7200,11.7600,10.6100,11.7600,10.6900,8663771,101161056.0000,3,17.187464,1,10.009400,0
2013-08-22,sz.002632,11.7300,12.8900,11.4100,12.3900,11.7600,9589977,114232336.0000,3,19.024901,1,5.357100,0
2013-08-23,sz.002632,12.0000,12.1900,11.6100,11.8800,12.3900,5332715,63720400.0000,3,10.579209,1,-4.116200,0
2013-08-26,sz.002632,11.8500,12.4100,11.7100,12.3400,11.8800,5342108,64713032.0000,3,10.597844,1,3.872100,0
2013-08-27,sz.002632,12.5700,12.7000,12.0200,12.3000,12.3400,5377582,66725260.0000,3,10.668218,1,-0.324100,0
2013-08-28,sz.002632,12.3900,12.3900,11.8500,11.9400,12.3000,3795726,45753652.0000,3,7.530082,1,-2.926800,0
2013-08-29,sz.002632,11.9200,12.1600,11.7200,11.9900,11.9400,1922495,22978148.0000,3,3.813907,1,0.418800,0
2013-08-30,sz.002632,11.9000,11.9000,11.0800,11.2800,11.9900,2581406,29820108.0000,3,5.121075,1,-5.921600,0
2013-09-02,sz.002632,11.2800,11.5800,11.1100,11.5700,11.2800,1253228,14243163.0000,3,2.486194,1,2.570900,0
2013-09-03,sz.002632,11.5600,11.7800,11.3100,11.6900,11.5700,1315687,15244302.0000,3,2.610102,1,1.037200,0
2013-09-04,sz.002632,11.8500,11.8500,11.4800,11.5600,11.6900,974065,11285364.0000,3,1.932381,1,-1.112100,0
2013-09-05,sz.002632,11.5600,11.8800,11.4000,11.5800,11.5600,1018981,11865001.0000,3,2.021487,1,0.173000,0
2013-09-06,sz.002632,11.5900,11.6100,11.3000,11.5000,11.5800,1506607,17170604.0000,3,2.988855,1,-0.690800,0
2013-09-09,sz.002632,11.6800,11.6800,11.5000,11.5900,11.5000,1116711,12943996.0000,3,2.215367,1,0.782600,0
2013-09-10,sz.002632,11.5900,11.6000,11.3700,11.6000,11.5900,1350825,15497531.0000,3,2.679810,1,0.086300,0
2013-09-11,sz.002632,11.6000,11.6000,10.9000,11.0200,11.6000,1875918,20976974.0000,3,3.721506,1,-5.000000,0
2013-09-12,sz.002632,11.0100,11.1100,10.7700,10.8100,11.0200,1328157,14463503.0000,3,2.634840,1,-1.905600,0
2013-09-13,sz.002632,10.8100,11.1900,10.6600,11.1400,10.8100,1288924,14113285.0000,3,2.557008,1,3.052700,0
2013-09-16,sz.002632,11.1700,11.3000,11.0200,11.0900,11.1400,900077,10041104.0000,3,1.785601,1,-0.448800,0
2013-09-17,sz.002632,11.0800,11.1800,10.8500,11.0400,11.0900,526107,5796526.0000,3,1.043708,1,-0.450900,0
2013-09-18,sz.002632,11.0800,11.1500,10.8700,11.1000,11.0400,769290,8453270.0000,3,1.526142,1,0.543500,0
2013-09-23,sz.002632,11.1000,11.3500,11.0000,11.2700,11.1000,1410086,15842444.0000,3,2.797373,1,1.531500,0
2013-09-24,sz.002632,11.2200,11.3300,11.0500,11.1300,11.2700,804832,8981356.0000,3,1.596651,1,-1.242200,0
2013-09-25,sz.002632,11.1100,11.1100,10.7000,10.7300,11.1300,1870359,20329228.0000,3,3.710478,1,-3.593900,0
2013-09-26,sz.002632,10.7700,10.8600,10.6500,10.7300,10.7300,671952,7227358.0000,3,1.333040,1,0.000000,0
2013-09-27,sz.002632,10.7400,10.7700,10.3500,10.6000,10.7300,2084348,21893714.0000,3,4.134996,1,-1.211600,0
2013-09-30,sz.002632,10.5600,10.6300,10.3000,10.4500,10.6000,1053381,10987555.0000,3,2.089731,1,-1.415100,0
2013-10-08,sz.002632,10.4500,10.7100,10.3800,10.6700,10.4500,903076,9528459.0000,3,1.791551,1,2.105300,0
2013-10-09,sz.002632,10.6700,10.7400,10.5900,10.7300,10.6700,687407,7342815.0000,3,1.363700,1,0.562300,0
2013-10-10,sz.002632,10.7300,10.9100,10.6900,10.7400,10.7300,986808,10664466.0000,3,1.957661,1,0.093200,0
2013-10-11,sz.002632,10.8600,10.9300,10.7400,10.9300,10.7400,946620,10288589.0000,3,1.877935,1,1.769100,0
2013-10-14,sz.002632,10.9900,10.9900,10.7700,10.9300,10.9300,1381496,14989777.0000,3,2.740656,1,0.000000,0
2013-10-15,sz.002632,10.8800,10.9300,10.7200,10.7700,10.9300,827242,8941669.0000,3,1.641109,1,-1.463900,0
2013-10-16,sz.002632,10.8200,10.8300,10.0400,10.2300,10.7700,1465092,15363820.0000,3,2.906496,1,-5.013900,0
2013-10-17,sz.002632,10.2500,10.4300,10.1800,10.2000,10.2300,950130,9766322.0000,3,1.884898,1,-0.293300,0
2013-10-18,sz.002632,10.2400,10.5900,10.2300,10.3100,10.2000,524410,5426033.0000,3,1.040341,1,1.078400,0
2013-10-21,sz.002632,10.4400,10.5700,10.3500,10.5700,10.3100,1009107,10559268.0000,3,2.001899,1,2.521800,0
2013-10-22,sz.002632,10.5700,10.7600,10.4800,10.5100,10.5700,1009371,10684904.0000,3,2.002422,1,-0.567600,0
2013-10-23,sz.002632,10.4700,10.5700,10.3000,10.3500,10.5100,768823,8039116.0000,3,1.525215,1,-1.522400,0
2013-10-24,sz.002632,10.2800,10.4900,10.2500,10.3500,10.3500,440191,4556210.0000,3,0.873265,1,0.000000,0
2013-10-25,sz.002632,10.3100,10.4400,9.7800,9.9300,10.3500,1197261,11982956.0000,3,2.375164,1,-4.058000,0
2013-10-28,sz.002632,9.9900,10.0100,9.8000,9.8600,9.9300,568404,5606899.0000,3,1.127618,1,-0.704900,0
2013-10-29,sz.002632,9.8600,9.9400,9.0200,9.3100,9.8600,1239663,11719303.0000,3,2.459283,1,-5.578100,0
2013-10-30,sz.002632,9.3300,9.5300,9.2600,9.5000,9.3100,531175,4997058.0000,3,1.053762,1,2.040800,0
2013-10-31,sz.002632,9.5000,9.5200,9.3300,9.4700,9.5000,403944,3803995.0000,3,0.801357,1,-0.315800,0
2013-11-01,sz.002632,9.4500,9.8700,9.3300,9.7000,9.4700,889436,8625018.0000,3,1.764491,1,2.428700,0
2013-11-04,sz.002632,9.6100,9.8400,9.5900,9.7400,9.7000,390565,3773255.0000,3,0.774815,1,0.412400,0
2013-11-05,sz.002632,9.7000,9.8100,9.5600,9.8000,9.7400,528182,5124266.0000,3,1.047824,1,0.616000,0
2013-11-06,sz.002632,9.8500,9.8700,9.7100,9.7500,9.8000,450936,4411149.0000,3,0.894581,1,-0.510200,0
2013-11-07,sz.002632,9.7300,9.8400,9.6200,9.8300,9.7500,538250,5252799.0000,3,1.067797,1,0.820500,0
2013-11-08,sz.002632,9.8400,9.8400,9.6500,9.7300,9.8300,518121,5038998.0000,3,1.027865,1,-1.017300,0
2013-11-11,sz.002632,10.0000,10.3500,9.9200,10.2300,9.7300,2290432,23250293.0000,3,4.543832,1,5.138700,0
2013-11-12,sz.002632,10.0600,10.2200,9.9300,10.1200,10.2300,1243943,12514928.0000,3,2.467774,1,-1.075300,0
2013-11-13,sz.002632,10.0900,10.0900,9.8900,9.8900,10.1200,638890,6375011.0000,3,1.267450,1,-2.272700,0
2013-11-14,sz.002632,9.8500,10.2000,9.8000,10.1200,9.8900,679183,6822579.0000,3,1.347385,1,2.325600,0
2013-11-15,sz.002632,10.1200,10.4900,10.0100,10.3300,10.1200,1343506,13923947.0000,3,2.665290,1,2.075100,0
2013-11-18,sz.002632,10.5000,10.5900,10.3300,10.5500,10.3300,1425131,14944982.0000,3,2.827220,1,2.129700,0
2013-11-19,sz.002632,10.5500,10.6300,10.3300,10.6000,10.5500,863157,9053393.0000,3,1.712358,1,0.473900,0
2013-11-20,sz.002632,10.5400,10.6700,10.4800,10.6200,10.6000,909647,9601186.0000,3,1.804587,1,0.188700,0
2013-11-21,sz.002632,10.5800,10.7700,10.5500,10.7000,10.6200,1529614,16368585.0000,3,3.034497,1,0.753300,0
2013-11-22,sz.002632,10.7200,10.7700,10.4600,10.4800,10.7000,922703,9737445.0000,3,1.830488,1,-2.056100,0
2013-11-25,sz.002632,10.4500,10.6900,10.4000,10.5600,10.4800,863709,9130947.0000,3,1.713453,1,0.763400,0
2013-11-26,sz.002632,10.5000,11.0900,10.5000,10.9800,10.5600,3225545,35005602.0000,3,6.398939,1,3.977300,0
2013-11-27,sz.002632,10.8900,11.3800,10.8300,11.2900,10.9800,3004554,33292974.0000,3,5.960530,1,2.823300,0
2013-11-28,sz.002632,11.2600,11.2700,11.0000,11.1900,11.2900,1972321,21974128.0000,3,3.912753,1,-0.885700,0
2013-11-29,sz.002632,11.1600,11.5700,11.0600,11.3200,11.1900,2301355,26166273.0000,3,4.565501,1,1.161800,0
2013-12-02,sz.002632,10.8300,11.1200,10.4500,10.8600,11.3200,2617793,28452222.0000,3,5.193261,1,-4.063600,0
2013-12-03,sz.002632,10.8000,11.4900,10.7000,11.3500,10.8600,2455575,27479493.0000,3,4.871448,1,4.512000,0
2013-12-04,sz.002632,11.2500,11.5700,11.2500,11.5200,11.3500,2948170,33646083.0000,3,5.848673,1,1.497800,0
2013-12-05,sz.002632,11.5200,11.5900,11.2700,11.4500,11.5200,1820881,20816782.0000,3,3.612322,1,-0.607600,0
2013-12-06,sz.002632,11.4000,11.5500,11.2800,11.3100,11.4500,1241328,14124861.0000,3,2.462586,1,-1.222700,0
2013-12-09,sz.002632,11.3100,11.5300,11.2300,11.5100,11.3100,1619408,18420072.0000,3,3.212633,1,1.768300,0
2013-12-10,sz.002632,11.5100,11.8000,11.3000,11.5900,11.5100,1916681,22069203.0000,3,3.802373,1,0.695000,0
2013-12-11,sz.002632,11.5000,11.5500,11.3100,11.3200,11.5900,1051338,11994061.0000,3,2.085678,1,-2.329600,0
2013-12-12,sz.002632,11.3200,11.6100,11.3100,11.5400,11.3200,1752694,20118578.0000,3,3.477050,1,1.943500,0
2013-12-13,sz.002632,11.4800,11.8100,11.4200,11.6900,11.5400,1983408,23194529.0000,3,3.934748,1,1.299800,0
2013-12-16,sz.002632,11.6500,11.7300,11.2700,11.4400,11.6900,1503114,17283176.0000,3,2.981925,1,-2.138600,0
2013-12-17,sz.002632,11.3600,11.4800,11.2200,11.3000,11.4400,1313187,14888282.0000,3,2.605142,1,-1.223800,0
2013-12-18,sz.002632,11.3000,11.4100,11.1600,11.3300,11.3000,953226,10761814.0000,3,1.891040,1,0.265500,0
2013-12-19,sz.002632,11.2800,11.3500,10.7500,10.7500,11.3300,1450999,16160899.0000,3,2.878538,1,-5.119200,0
2013-12-20,sz.002632,11.0500,11.8300,11.0500,11.8300,10.7500,6522019,76772027.0000,3,12.938589,1,10.046500,0
2013-12-23,sz.002632,11.7000,12.8800,11.5400,12.5500,11.8300,13389955,164287639.0000,3,26.563418,1,6.086200,0
2013-12-24,sz.002632,12.4000,12.4000,11.9400,12.3300,12.5500,6805356,82496754.0000,3,13.500681,1,-1.753000,0
2013-12-25,sz.002632,12.1300,13.5600,11.9700,13.5600,12.3300,10662828,134987440.0000,3,21.153257,1,9.975700,0
2013-12-26,sz.002632,13.1500,14.0200,13.0700,13.3500,13.5600,11786943,159554886.0000,3,23.383312,1,-1.548700,0
2013-12-27,sz.002632,13.1900,13.8000,13.0800,13.2600,13.3500,7293561,98349503.0000,3,14.469198,1,-0.674200,0
2013-12-30,sz.002632,13.4000,13.7900,12.8200,13.0100,13.2600,6720601,88904457.0000,3,13.332542,1,-1.885400,0
2013-12-31,sz.002632,13.0600,13.1300,12.5200,12.7000,13.0100,4699648,59793931.0000,3,9.323311,1,-2.382800,0
2014-01-02,sz.002632,12.7000,13.0400,12.4800,12.8400,12.7000,4348767,55899259.0000,3,8.627222,1,1.102400,0
2014-01-03,sz.002632,12.8400,13.6000,12.6600,13.3500,12.8400,6594999,86764114.0000,3,13.083369,1,3.972000,0
2014-01-06,sz.002632,13.2500,13.2500,12.5100,12.6000,13.3500,3474137,44680067.0000,3,6.892103,1,-5.618000,0
2014-01-07,sz.002632,12.4100,12.8000,12.2800,12.8000,12.6000,3030433,37921951.0000,3,6.011869,1,1.587300,0
2014-01-08,sz.002632,12.7700,13.2000,12.6500,12.7700,12.8000,3182142,41023029.0000,3,6.312834,1,-0.234400,0
2014-01-09,sz.002632,12.6000,12.8200,12.0000,12.1200,12.7700,2547586,31682181.0000,3,5.053982,1,-5.090100,0
2014-01-10,sz.002632,12.1800,12.1800,11.5600,11.5800,12.1200,3232285,38177512.0000,3,6.412310,1,-4.455400,0
2014-01-13,sz.002632,11.6000,11.9500,11.3200,11.8700,11.5800,2460397,28640020.0000,3,4.881014,1,2.504300,0
2014-01-14,sz.002632,11.7400,12.0500,11.6300,12.0100,11.8700,2521233,29878570.0000,3,5.001702,1,1.179400,0
2014-01-15,sz.002632,11.8100,12.1300,11.8100,11.9300,12.0100,2214310,26507453.0000,3,4.392819,1,-0.666100,0
2014-01-16,sz.002632,11.9000,12.3600,11.8600,12.3600,11.9300,3245165,39644365.0000,3,6.437861,1,3.604400,0
2014-01-17,sz.002632,12.4100,12.4600,12.1200,12.1800,12.3600,1762213,21637077.0000,3,3.495934,1,-1.456300,0
2014-01-20,sz.002632,12.0800,12.1800,11.6800,11.8600,12.1800,1967543,23376643.0000,3,3.903274,1,-2.627300,0
2014-01-21,sz.002632,11.8600,12.1800,11.8000,12.1200,11.8600,1490243,17853711.0000,3,2.956391,1,2.192200,0
2014-01-22,sz.002632,12.1400,12.4000,12.0200,12.3100,12.1200,2082926,25583450.0000,3,4.132175,1,1.567700,0
2014-01-23,sz.002632,12.2700,12.5500,12.1800,12.4100,12.3100,2452575,30386875.0000,3,4.865496,1,0.812300,0
2014-01-24,sz.002632,12.3800,12.9000,12.3300,12.7300,12.4100,3149658,39872269.0000,3,6.248392,1,2.578600,0
2014-01-27,sz.002632,12.6400,12.8500,12.4800,12.4800,12.7300,2030987,25649653.0000,3,4.029137,1,-1.963900,0
2014-01-28,sz.002632,12.4800,12.6600,12.0800,12.3000,12.4800,1429560,17617627.0000,3,2.836007,1,-1.442300,0
2014-01-29,sz.002632,12.2600,12.6600,12.2100,12.5500,12.3000,1274073,15921439.0000,3,2.527546,1,2.032500,0
2014-01-30,sz.002632,12.5600,13.7300,12.4900,13.1300,12.5500,3803632,50312473.0000,3,7.545766,1,4.621500,0
2014-02-07,sz.002632,12.9300,13.6300,12.7900,13.5100,13.1300,3713854,49833168.0000,3,7.367662,1,2.894100,0
2014-02-10,sz.002632,13.4800,13.9400,13.2100,13.8000,13.5100,4880028,66361719.0000,3,9.681155,1,2.146600,0
2014-02-11,sz.002632,13.7400,13.7500,13.3200,13.6000,13.8000,3249833,44041910.0000,3,6.447122,1,-1.449300,0
2014-02-12,sz.002632,13.5700,13.8800,13.3100,13.8000,13.6000,3113089,42481752.0000,3,6.175845,1,1.470600,0
2014-02-13,sz.002632,13.7500,13.7500,13.1300,13.1700,13.8000,3021194,40499875.0000,3,5.993541,1,-4.565200,0
2014-02-14,sz.002632,13.0500,13.3500,13.0100,13.3000,13.1700,1727282,22789047.0000,3,3.426637,1,0.987100,0
2014-02-17,sz.002632,13.3200,14.3800,13.3100,14.2700,13.3000,5737789,80131176.0000,3,11.382808,1,7.293200,0
2014-02-18,sz.002632,14.4600,14.4700,13.9400,14.1800,14.2700,3867136,54693937.0000,3,7.671747,1,-0.630700,0
2014-02-19,sz.002632,14.1100,15.0000,14.0200,14.4000,14.1800,5400034,78739362.0000,3,10.712759,1,1.551500,0
2014-02-20,sz.002632,14.2900,14.2900,13.3800,13.5800,14.4000,3632526,50187744.0000,3,7.206320,1,-5.694400,0
2014-02-21,sz.002632,13.5200,13.6900,13.0500,13.4700,13.5800,1937272,25963677.0000,3,3.843222,1,-0.810000,0
2014-02-24,sz.002632,13.3500,13.7800,13.3300,13.7100,13.4700,1551270,21107963.0000,3,3.077459,1,1.781700,0
2014-02-25,sz.002632,13.7100,13.9500,12.8200,12.9400,13.7100,2330840,31403896.0000,3,4.623994,1,-5.616300,0
2014-02-26,sz.002632,12.9100,12.9600,12.3600,12.8600,12.9400,1464650,18546244.0000,3,2.905619,1,-0.618200,0
2014-02-27,sz.002632,12.8300,13.3300,12.5000,12.6300,12.8600,1407954,18170201.0000,3,2.793144,1,-1.788500,0
2014-02-28,sz.002632,12.5700,12.8400,12.2000,12.7200,12.6300,1079611,13585721.0000,3,2.141767,1,0.712600,0
2014-03-03,sz.002632,12.7700,13.4900,12.7300,13.1600,12.7200,1741678,22879417.0000,3,3.455196,1,3.459100,0
2014-03-04,sz.002632,13.1000,13.3000,12.9500,13.1300,13.1600,1368058,17969466.0000,3,2.713997,1,-0.228000,0
2014-03-05,sz.002632,13.1300,13.4000,13.0200,13.1000,13.1300,857640,11300498.0000,3,1.701413,1,-0.228500,0
2014-03-06,sz.002632,13.0300,13.1400,12.7000,12.9300,13.1000,1126945,14501727.0000,3,2.235669,1,-1.297700,0
2014-03-07,sz.002632,12.8800,13.1900,12.7000,12.7300,12.9300,1011553,13075174.0000,3,2.006751,1,-1.546800,0
2014-03-10,sz.002632,12.7200,12.7200,12.0000,12.0800,12.7300,1575248,19438797.0000,3,3.125027,1,-5.106000,0
2014-03-11,sz.002632,12.1000,12.1900,11.8500,12.0700,12.0800,1404318,16823113.0000,3,2.785931,1,-0.082800,0
2014-03-12,sz.002632,12.0700,12.1500,11.8400,12.0700,12.0700,874921,10487140.0000,3,1.735696,1,0.000000,0
2014-03-13,sz.002632,12.1800,12.3200,12.0600,12.3100,12.0700,884636,10796628.0000,3,1.754969,1,1.988400,0
2014-03-14,sz.002632,12.2800,12.2900,12.0100,12.1000,12.3100,608295,7409554.0000,3,1.206755,1,-1.705900,0
2014-03-17,sz.002632,12.1000,12.4900,12.0100,12.4700,12.1000,910286,11203537.0000,3,1.805854,1,3.057900,0
2014-03-18,sz.002632,12.4700,12.6400,12.4200,12.5100,12.4700,744541,9332283.0000,3,1.477044,1,0.320800,0
2014-03-19,sz.002632,12.4900,12.8000,12.3500,12.7900,12.5100,1065136,13425926.0000,3,2.113051,1,2.238200,0
2014-03-20,sz.002632,12.8400,12.8400,12.3600,12.3600,12.7900,947468,11971906.0000,3,1.879617,1,-3.362000,0
2014-03-21,sz.002632,12.3400,12.7500,12.0500,12.6500,12.3600,650675,8092012.0000,3,1.290830,1,2.346300,0
2014-03-24,sz.002632,12.6600,12.8500,12.5900,12.7200,12.6500,877439,11160354.0000,3,1.740691,1,0.553400,0
2014-03-25,sz.002632,12.6900,12.9300,12.5500,12.8400,12.7200,827565,10578063.0000,3,1.641750,1,0.943400,0
2014-03-26,sz.002632,12.8600,12.9300,12.6600,12.7400,12.8400,681776,8719194.0000,3,1.352529,1,-0.778800,0
2014-03-27,sz.002632,12.9000,14.0100,12.9000,13.4100,12.7400,5089445,69499862.0000,3,10.096603,1,5.259000,0
2014-03-28,sz.002632,13.1300,13.4100,12.8000,12.8200,13.4100,2887660,37916669.0000,3,5.728632,1,-4.399700,0
2014-03-31,sz.002632,12.6100,12.6500,11.9400,11.9500,12.8200,1839751,22357734.0000,3,3.649756,1,-6.786300,0
2014-04-01,sz.002632,11.8500,12.2400,11.8200,12.1900,11.9500,808821,9782125.0000,3,1.604565,1,2.008400,0
2014-04-02,sz.002632,12.1900,12.3300,12.0800,12.0800,12.1900,689097,8402337.0000,3,1.367053,1,-0.902400,0
2014-04-03,sz.002632,12.1000,12.2800,12.0000,12.1800,12.0800,641443,7795232.0000,3,1.272515,1,0.827800,0
2014-04-04,sz.002632,12.0200,12.3400,12.0000,12.3400,12.1800,524576,6413917.0000,3,1.040671,1,1.313600,0
2014-04-08,sz.002632,12.3200,12.9800,12.2200,12.9800,12.3400,1247180,15732787.0000,3,2.474195,1,5.186400,0
2014-04-09,sz.002632,13.4700,13.4700,12.9400,13.2200,12.9800,2265171,29753861.0000,3,4.493718,1,1.849000,0
2014-04-10,sz.002632,13.3500,13.5000,13.1000,13.1600,13.2200,1756270,23282195.0000,3,3.484144,1,-0.453900,0
2014-04-11,sz.002632,13.0100,13.1500,12.9100,13.0500,13.1600,1070138,13904822.0000,3,2.122974,1,-0.835900,0
2014-04-14,sz.002632,13.0500,13.2100,12.9100,13.2000,13.0500,947303,12388404.0000,3,1.879290,1,1.149400,0
2014-04-15,sz.002632,13.1900,13.3400,12.9700,13.0300,13.2000,939012,12294611.0000,3,1.862842,1,-1.287900,0
2014-04-16,sz.002632,12.9500,13.4900,12.8500,13.4200,13.0300,2070861,27536199.0000,3,4.108240,1,2.993100,0
2014-04-17,sz.002632,13.5100,13.5200,13.2600,13.2800,13.4200,1195246,16006547.0000,3,2.371167,1,-1.043200,0
2014-04-18,sz.002632,13.2100,13.4800,13.0500,13.3600,13.2800,1045443,13882705.0000,3,2.073983,1,0.602400,0
2014-04-21,sz.002632,13.2700,13.6800,13.1500,13.3000,13.3600,2102513,28341295.0000,3,4.171032,1,-0.449100,0
2014-04-22,sz.002632,13.2000,13.3000,12.7000,13.0500,13.3000,1362302,17670034.0000,3,2.702578,1,-1.879700,0
2014-04-23,sz.002632,12.9700,13.1100,12.7500,13.0500,13.0500,827534,10713616.0000,3,1.641688,1,0.000000,0
2014-04-24,sz.002632,13.0500,13.9000,12.9500,13.6700,13.0500,3775561,51299983.0000,3,7.490078,1,4.751000,0
2014-04-25,sz.002632,13.5000,13.9800,13.4000,13.8000,13.6700,4551600,62348158.0000,3,9.029609,1,0.951000,0
2014-04-28,sz.002632,13.6000,13.7900,12.4200,12.4900,13.8000,3102578,40281177.0000,3,6.154993,1,-9.492800,0
2014-04-29,sz.002632,12.1600,12.7000,12.1600,12.6300,12.4900,1419334,17611266.0000,3,2.815720,1,1.120900,0
2014-04-30,sz.002632,12.5600,12.9900,12.5400,12.8900,12.6300,1048831,13417418.0000,3,2.080704,1,2.058600,0
2014-05-05,sz.002632,12.8300,13.0200,12.3400,12.9700,12.8900,1265457,15978181.0000,3,2.510454,1,0.620600,0
2014-05-06,sz.002632,12.8500,14.2700,12.8400,14.2700,12.9700,7915490,111801231.0000,3,15.703001,1,10.023100,0
2014-05-07,sz.002632,14.5800,15.0100,14.4200,14.9100,14.2700,14224913,209855782.0000,3,28.219834,1,4.484900,0
2014-05-08,sz.002632,14.7000,15.3600,14.3700,15.0100,14.9100,9727032,144931484.0000,3,19.296795,1,0.670700,0
2014-05-09,sz.002632,14.8800,15.5600,14.5700,15.0100,15.0100,8481600,127481266.0000,3,16.826068,1,0.000000,0
2014-05-12,sz.002632,15.0800,15.5800,14.7500,15.3000,15.0100,8413996,127571479.0000,3,16.691953,1,1.932000,0
2014-05-13,sz.002632,15.0300,15.2000,14.6500,15.1800,15.3000,5975093,89331544.0000,3,11.853579,1,-0.784300,0
2014-05-14,sz.002632,15.1300,15.4600,14.7000,14.9200,15.1800,5627021,84279642.0000,3,11.163063,1,-1.712800,0
2014-05-15,sz.002632,14.8500,15.3200,14.6200,14.7000,14.9200,6206365,92939598.0000,3,12.312384,1,-1.474500,0
2014-05-16,sz.002632,14.4000,14.4000,13.4200,13.8000,14.7000,6624257,92403004.0000,3,13.141411,1,-6.122400,0
2014-05-19,sz.002632,13.7500,13.7600,13.4500,13.6500,13.8000,2861080,38871427.0000,3,5.675901,1,-1.087000,0
2014-05-20,sz.002632,13.7800,14.0300,13.5000,13.7600,13.6500,3474199,48052149.0000,3,6.892226,1,0.805900,0
2014-05-21,sz.002632,13.6500,14.0300,13.3100,14.0000,13.7600,2840645,39010637.0000,3,5.635362,1,1.744200,0
2014-05-22,sz.002632,13.9100,14.1600,13.8200,13.8900,14.0000,2832680,39569218.0000,3,5.619561,1,-0.785700,0
2014-05-23,sz.002632,13.7100,14.1700,13.7000,14.0700,13.8900,2445080,34256235.0000,3,4.850627,1,1.295900,0
2014-05-26,sz.002632,14.1000,14.4600,14.0000,14.3900,14.0700,2914663,41598310.0000,3,5.782201,1,2.274300,0
2014-05-27,sz.002632,14.3000,14.8400,14.2800,14.6900,14.3900,3763050,55028276.0000,3,7.465258,1,2.084800,0
2014-05-28,sz.002632,14.5800,14.7900,14.3300,14.6700,14.6900,2600429,37853857.0000,3,5.158814,1,-0.136100,0
2014-05-29,sz.002632,14.6500,14.8500,14.0000,14.1100,14.6700,2820175,40649559.0000,3,5.594753,1,-3.817300,0
2014-05-30,sz.002632,14.1200,14.1900,13.7000,14.1300,14.1100,1892017,26433647.0000,3,3.753443,1,0.141700,0
2014-06-03,sz.002632,14.1000,14.1700,13.8600,13.8800,14.1300,1183575,16577773.0000,3,2.348014,1,-1.769300,0
2014-06-04,sz.002632,13.8800,13.9200,13.4000,13.5900,13.8800,2106302,28578428.0000,3,4.178549,1,-2.089300,0
2014-06-05,sz.002632,13.5900,13.8500,13.5100,13.7700,13.5900,1104908,15137492.0000,3,2.191952,1,1.324500,0
2014-06-06,sz.002632,13.7100,13.9100,13.7000,13.8500,13.7700,1156266,15966656.0000,3,2.293837,1,0.581000,0
2014-06-09,sz.002632,13.8600,13.9400,13.7200,13.7400,13.8500,1067506,14749659.0000,3,2.117752,1,-0.794200,0
2014-06-10,sz.002632,13.7000,14.0900,13.5100,14.0400,13.7400,1655291,22860948.0000,3,3.283819,1,2.183400,0
2014-06-11,sz.002632,14.0000,14.4100,13.9100,14.2600,14.0400,1966642,28000074.0000,3,3.901487,1,1.567000,0
2014-06-12,sz.002632,14.2800,14.2800,14.0900,14.1300,14.2600,1364717,19342207.0000,3,2.707369,1,-0.911600,0
2014-06-13,sz.002632,14.1300,14.6200,14.1000,14.5500,14.1300,2514486,36258960.0000,3,4.988317,1,2.972400,0
2014-06-16,sz.002632,14.5000,14.7800,14.3300,14.7800,14.5500,3350827,48979169.0000,3,6.647477,1,1.580800,0
2014-06-17,sz.002632,14.7000,14.8300,14.5800,14.6100,14.7800,2137513,31403147.0000,3,4.240466,1,-1.150200,0
2014-06-18,sz.002632,14.6000,14.6000,14.2700,14.4800,14.6100,1783498,25698010.0000,3,3.538160,1,-0.889800,0
2014-06-19,sz.002632,14.4800,14.7900,14.0400,14.2200,14.4800,2541023,36828287.0000,3,5.040962,1,-1.795600,0
2014-06-20,sz.002632,14.1300,15.2900,13.7700,15.0800,14.2200,5235933,77515564.0000,3,10.387210,1,6.047800,0
2014-06-23,sz.002632,15.0800,15.2600,14.8500,15.1200,15.0800,3595304,54158313.0000,3,7.132478,1,0.265300,0
2014-06-24,sz.002632,15.0500,15.0800,14.7900,15.0500,15.1200,2677055,39955403.0000,3,5.310827,1,-0.463000,0
2014-06-25,sz.002632,15.1200,15.3500,14.6100,14.7800,15.0500,3764042,56319137.0000,3,7.467226,1,-1.794000,0
2014-06-26,sz.002632,14.6600,15.5800,14.6600,15.4000,14.7800,4853059,73836628.0000,3,9.627653,1,4.194900,0
2014-06-27,sz.002632,15.3100,15.5300,15.1300,15.4100,15.4000,3795874,58151659.0000,3,7.530375,1,0.064900,0
2014-06-30,sz.002632,15.3300,15.4000,15.1000,15.2000,15.4100,2633497,40160828.0000,3,5.224415,1,-1.362800,0
2014-07-01,sz.002632,15.0800,16.1900,15.0800,15.5500,15.2000,4431960,69501829.0000,3,8.792263,1,2.302600,0
2014-07-02,sz.002632,15.5500,15.9900,15.2600,15.9900,15.5500,4117235,64655998.0000,3,8.167902,1,2.829600,0
2014-07-03,sz.002632,15.9700,16.1600,15.7200,15.8200,15.9900,2850701,45210357.0000,3,5.655311,1,-1.063200,0
2014-07-04,sz.002632,15.8200,15.8500,15.5200,15.8000,15.8200,2255214,35323695.0000,3,4.473965,1,-0.126400,0
2014-07-07,sz.002632,15.7900,16.0000,15.5800,15.9900,15.7500,2498979,39500600.0000,3,4.957554,1,1.523800,0
2014-07-08,sz.002632,16.0000,16.1100,15.5800,15.7700,15.9900,2591766,40904012.0000,3,5.141628,1,-1.375900,0
2014-07-09,sz.002632,15.7700,15.8000,15.2000,15.3500,15.7700,3246959,50278064.0000,3,6.441420,1,-2.663300,0
2014-07-10,sz.002632,15.2900,15.4900,15.1800,15.2600,15.3500,1586394,24343741.0000,3,3.147139,1,-0.586300,0
2014-07-11,sz.002632,15.2600,15.5800,15.2000,15.4400,15.2600,1930465,29834317.0000,3,3.829718,1,1.179600,0
2014-07-14,sz.002632,15.3800,15.7600,15.2500,15.7600,15.4400,1980632,30748034.0000,3,3.929241,1,2.072500,0
2014-07-15,sz.002632,15.7200,15.7200,14.8600,14.9600,15.7600,3324789,50680483.0000,3,6.595822,1,-5.076100,0
2014-07-16,sz.002632,14.9300,15.0800,14.6800,14.7600,14.9600,1569663,23340992.0000,3,3.113947,1,-1.336900,0
2014-07-17,sz.002632,14.8300,15.0000,14.6900,14.9200,14.7600,1123345,16641062.0000,3,2.228528,1,1.084000,0
2014-07-18,sz.002632,14.9000,15.7900,14.9000,15.5800,14.9200,3710945,57468173.0000,3,7.361891,1,4.423600,0
2014-07-21,sz.002632,15.7700,15.7700,15.1800,15.4000,15.5800,1658004,25449841.0000,3,3.289201,1,-1.155300,0
2014-07-22,sz.002632,15.3300,16.3900,15.2700,16.3700,15.4000,6294221,101363766.0000,3,12.486676,1,6.298700,0
2014-07-23,sz.002632,16.5300,16.7300,15.8800,16.0700,16.3700,5029679,81944870.0000,3,9.978037,1,-1.832600,0
2014-07-24,sz.002632,15.9200,16.1600,15.5000,15.6300,16.0700,2519068,39683179.0000,3,4.997407,1,-2.738000,0
2014-07-25,sz.002632,15.6300,15.7900,15.3300,15.4800,15.6300,2100141,32659983.0000,3,4.166326,1,-0.959700,0
2014-07-28,sz.002632,15.5300,15.8200,15.4000,15.8200,15.4800,2513055,39154381.0000,3,4.985478,1,2.196400,0
2014-07-29,sz.002632,15.7900,15.9100,15.6000,15.7600,15.8200,2667279,41996746.0000,3,5.291433,1,-0.379300,0
2014-07-30,sz.002632,15.7000,15.7600,15.4300,15.5900,15.7600,2307082,35902684.0000,3,4.576863,1,-1.078700,0
2014-07-31,sz.002632,15.6300,15.9800,15.5500,15.7800,15.5900,2937704,46501790.0000,3,5.827911,1,1.218700,0
2014-08-01,sz.002632,15.6600,15.7800,15.1300,15.1700,15.7800,2946719,45589234.0000,3,5.845795,1,-3.865700,0
2014-08-04,sz.002632,15.1700,15.5000,15.1000,15.4300,15.1700,1544208,23718751.0000,3,3.063449,1,1.713900,0
2014-08-05,sz.002632,15.4700,15.4900,15.2000,15.4600,15.4300,1740557,26703969.0000,3,3.452972,1,0.194400,0
2014-08-06,sz.002632,15.4000,15.9100,15.2900,15.8300,15.4600,3492375,54831204.0000,3,6.928284,1,2.393300,0
2014-08-07,sz.002632,15.7700,15.8900,15.4000,15.4200,15.8300,2486912,38863393.0000,3,4.933615,1,-2.590000,0
2014-08-08,sz.002632,15.4000,15.5000,15.2500,15.4000,15.4200,2118257,32546393.0000,3,4.202266,1,-0.129700,0
2014-08-11,sz.002632,15.4100,15.6700,15.3600,15.6400,15.4000,1885679,29309081.0000,3,3.740870,1,1.558400,0
2014-08-12,sz.002632,15.6100,15.8400,15.5300,15.7900,15.6400,2356438,36985647.0000,3,4.674777,1,0.959100,0
2014-08-13,sz.002632,15.7900,16.1500,15.6000,16.1500,15.7900,3986354,63513733.0000,3,7.908256,1,2.279900,0
2014-08-14,sz.002632,16.0400,16.1900,15.8800,15.9000,16.1500,2633531,42180862.0000,3,5.224482,1,-1.548000,0
2014-08-15,sz.002632,15.8300,16.3600,15.8300,16.2600,15.9000,2941088,47703027.0000,3,5.834624,1,2.264200,0
2014-08-18,sz.002632,16.3000,16.4300,16.1500,16.3800,16.2600,2246709,36602399.0000,3,4.457093,1,0.738000,0
2014-08-19,sz.002632,16.4400,16.4600,16.0000,16.2000,16.3800,2519979,40756916.0000,3,4.999214,1,-1.098900,0
2014-08-20,sz.002632,16.2000,16.3500,15.9500,16.0500,16.2000,1810799,29169220.0000,3,3.592321,1,-0.925900,0
2014-08-21,sz.002632,16.0000,16.3400,15.9600,16.2000,16.0500,2319757,37469640.0000,3,4.602008,1,0.934600,0
2014-08-22,sz.002632,16.2000,16.2000,15.9000,16.0700,16.2000,2529643,40471488.0000,3,5.018386,1,-0.802500,0
2014-08-25,sz.002632,16.0700,16.0700,15.6800,15.8000,16.0700,1766434,27961025.0000,3,3.504308,1,-1.680100,0
2014-08-26,sz.002632,15.7500,15.9500,15.5800,15.6700,15.8000,1693877,26693295.0000,3,3.360367,1,-0.822800,0
2014-08-27,sz.002632,15.6500,15.9200,15.6100,15.7600,15.6700,1133502,17867826.0000,3,2.248677,1,0.574300,0
2014-08-28,sz.002632,15.7600,15.9200,15.5600,15.5900,15.7600,1017943,16036337.0000,3,2.019428,1,-1.078700,0
2014-08-29,sz.002632,15.5200,15.7800,15.5100,15.7500,15.5900,662338,10375708.0000,3,1.313967,1,1.026300,0
2014-09-01,sz.002632,15.7900,16.2700,15.7500,16.1700,15.7500,2664102,42866736.0000,3,5.285130,1,2.666700,0
2014-09-02,sz.002632,16.2700,16.3400,16.1000,16.2600,16.1700,2042094,33091523.0000,3,4.051171,1,0.556600,0
2014-09-03,sz.002632,16.2400,16.7000,16.2200,16.3700,16.2600,3213146,52824197.0000,3,6.374341,1,0.676500,0
2014-09-04,sz.002632,16.4000,16.7600,16.2000,16.6700,16.3700,4033093,66728872.0000,3,8.000978,1,1.832600,0
2014-09-05,sz.002632,16.6600,16.6900,16.3800,16.5000,16.6700,2288879,37799212.0000,3,4.540751,1,-1.019800,0
2014-09-09,sz.002632,16.5200,16.9900,16.2100,16.8400,16.5000,2776864,45869807.0000,3,5.508831,1,2.060600,0
2014-09-10,sz.002632,16.8000,17.0400,16.6300,16.8100,16.8400,2230059,37549891.0000,3,4.424062,1,-0.178200,0
2014-09-11,sz.002632,16.9000,17.2000,16.7700,16.9900,16.8100,3227427,54801495.0000,3,6.402672,1,1.070800,0
2014-09-12,sz.002632,17.0100,17.1000,16.7000,16.9900,16.9900,1927097,32533909.0000,3,3.823036,1,0.000000,0
2014-09-15,sz.002632,16.9800,17.2400,16.9000,17.0900,16.9900,2136586,36497869.0000,3,4.238627,1,0.588600,0
2014-09-16,sz.002632,17.1000,17.3400,16.3600,16.4200,17.0900,2960680,50194162.0000,3,5.873491,1,-3.920400,0
2014-09-17,sz.002632,16.4400,16.8600,16.3700,16.8500,16.4200,2321545,38762970.0000,3,4.605555,1,2.618800,0
2014-09-18,sz.002632,16.8300,17.1400,16.6800,17.0700,16.8500,1536470,25950791.0000,3,3.048098,1,1.305600,0
2014-09-19,sz.002632,17.1000,18.3000,17.0200,17.7100,17.0700,3820762,67415792.0000,3,7.579749,1,3.749300,0
2014-09-22,sz.002632,17.6000,18.2200,17.4300,17.9900,17.7100,3522213,62850001.0000,3,6.987478,1,1.581000,0
2014-09-23,sz.002632,18.0100,18.7000,17.8300,17.9800,17.9900,4106036,74786653.0000,3,8.145685,1,-0.055600,0
2014-09-24,sz.002632,17.9800,18.4600,17.7100,18.2700,17.9800,2562181,46338386.0000,3,5.082936,1,1.612900,0
2014-09-25,sz.002632,18.2800,18.8000,18.0000,18.8000,18.2700,3270947,60149556.0000,3,6.489009,1,2.900900,0
2014-09-26,sz.002632,18.7500,19.0900,18.5000,18.5200,18.8000,2285370,42797888.0000,3,4.533790,1,-1.489400,0
2014-09-29,sz.002632,18.5200,18.8100,18.3000,18.4800,18.5200,2225805,41064353.0000,3,4.415623,1,-0.216000,0
2014-09-30,sz.002632,18.3500,18.8500,18.3100,18.6400,18.4800,2155269,40203531.0000,3,4.275691,1,0.865800,0
2014-10-08,sz.002632,18.6900,19.0200,18.3200,18.9900,18.6400,1650774,30696886.0000,3,3.274858,1,1.877700,0
2014-10-09,sz.002632,18.9800,19.0000,18.2900,18.4800,18.9900,1893717,35166216.0000,3,3.756816,1,-2.685600,0
2014-10-10,sz.002632,18.4100,18.6600,18.3100,18.4900,18.4800,946421,17458023.0000,3,1.877540,1,0.054100,0
2014-10-13,sz.002632,18.4000,19.8000,17.8800,19.3100,18.4900,3540174,66513480.0000,3,7.023110,1,4.434800,0
2014-10-14,sz.002632,19.2500,20.4200,19.2500,19.8400,19.3100,2706079,53980309.0000,3,5.368405,1,2.744700,0
2014-10-15,sz.002632,19.7200,20.5000,19.7200,19.8900,19.8400,2035603,40785239.0000,3,4.038294,1,0.252000,0
2014-10-16,sz.002632,19.9800,20.3800,18.7500,18.9500,19.8900,3044839,59764380.0000,3,6.040448,1,-4.726000,0
2014-10-17,sz.002632,18.9000,19.0700,17.5400,18.4400,18.9500,2471800,45491590.0000,3,4.903635,1,-2.691300,0
2014-10-20,sz.002632,18.4400,18.8000,18.1500,18.7000,18.4400,896795,16619239.0000,3,1.779090,1,1.410000,0
2014-10-21,sz.002632,18.6400,19.4800,18.6000,18.8100,18.7000,1572752,29945961.0000,3,3.120075,1,0.588200,0
2014-10-22,sz.002632,18.7800,19.2200,18.0000,18.1800,18.8100,1368347,25594682.0000,3,2.714570,1,-3.349300,0
2014-10-23,sz.002632,18.2000,18.3000,17.3000,17.4900,18.1800,1495225,26592101.0000,3,2.966275,1,-3.795400,0
2014-10-24,sz.002632,17.4800,17.9700,17.4800,17.8000,17.4900,858311,15251714.0000,3,1.702745,1,1.772400,0
2014-10-27,sz.002632,17.8100,19.0500,17.6000,18.8300,17.8000,1295367,23862769.0000,3,2.569790,1,5.786500,0
2014-10-28,sz.002632,18.6800,20.5500,18.6800,20.4200,18.8300,5365519,106818168.0000,3,10.644287,1,8.444000,0
2014-10-29,sz.002632,20.4200,20.4200,20.4200,20.4200,20.4200,0,0.0000,3,,0,0.000000,0
2014-10-30,sz.002632,20.4200,20.4200,20.4200,20.4200,20.4200,0,0.0000,3,,0,0.000000,0
2014-10-31,sz.002632,20.4200,20.4200,20.4200,20.4200,20.4200,0,0.0000,3,,0,0.000000,0
2014-11-03,sz.002632,20.4200,20.4200,20.4200,20.4200,20.4200,0,0.0000,3,,0,0.000000,0
2014-11-04,sz.002632,20.4200,20.4200,20.4200,20.4200,20.4200,0,0.0000,3,,0,0.000000,0
2014-11-05,sz.002632,21.0000,22.4600,20.4000,20.5600,20.4200,6815114,144407231.0000,3,13.520040,1,0.685600,0
2014-11-06,sz.002632,20.4000,20.4000,19.5500,20.1000,20.5600,3968241,79033776.0000,3,7.872323,1,-2.237300,0
2014-11-07,sz.002632,19.9800,20.1000,19.1900,19.3000,20.1000,3019570,59432348.0000,3,5.990319,1,-3.980100,0
2014-11-10,sz.002632,19.3600,19.7200,19.1300,19.7100,19.3000,1934704,37647990.0000,3,3.838127,1,2.124400,0
2014-11-11,sz.002632,19.7000,19.7000,18.3300,18.4000,19.7100,2623832,49580285.0000,3,5.205241,1,-6.646400,0
2014-11-12,sz.002632,18.4100,18.9400,18.4100,18.7100,18.4000,1288796,24070058.0000,3,2.556754,1,1.684800,0
2014-11-13,sz.002632,18.8000,18.8600,17.8000,18.1400,18.7100,1582789,28804543.0000,3,3.139987,1,-3.046500,0
2014-11-14,sz.002632,18.1400,18.8000,17.7000,18.6200,18.1400,1442781,26571854.0000,3,2.862235,1,2.646100,0
2014-11-17,sz.002632,18.5200,19.0200,18.2200,18.9600,18.6200,1251417,23470977.0000,3,2.482601,1,1.826000,0
2014-11-18,sz.002632,18.8600,19.1200,18.7000,18.9000,18.9600,901933,17022905.0000,3,1.789283,1,-0.316500,0
2014-11-19,sz.002632,18.9000,19.3800,18.6800,19.3700,18.9000,2004872,38274235.0000,3,3.977329,1,2.486800,0
2014-11-20,sz.002632,19.3700,19.6600,19.0100,19.3200,19.3700,1711651,33182578.0000,3,3.395628,1,-0.258100,0
2014-11-21,sz.002632,19.2600,19.9000,19.2000,19.3400,19.3200,2263420,44300549.0000,3,4.490245,1,0.103500,0
2014-11-24,sz.002632,19.7100,19.7300,19.0000,19.3100,19.3400,1904158,36788715.0000,3,2.278151,1,-0.155100,0
2014-11-25,sz.002632,19.3300,20.3500,19.3000,20.2600,19.3100,3403212,68253997.0000,3,4.071631,1,4.919700,0
2014-11-26,sz.002632,20.0800,20.7900,19.8500,20.6800,20.2600,3062956,62384410.0000,3,3.664546,1,2.073100,0
2014-11-27,sz.002632,20.6800,21.2000,20.2500,20.3900,20.6800,2381528,49360363.0000,3,2.849280,1,-1.402300,0
2014-11-28,sz.002632,20.8100,21.2900,20.5100,21.0900,20.3900,3074448,64687690.0000,3,3.678295,1,3.433100,0
2014-12-01,sz.002632,21.0900,21.5900,20.8000,20.9200,21.0900,2612269,55247456.0000,3,3.125341,1,-0.806100,0
2014-12-02,sz.002632,20.9000,21.2100,20.6000,20.8600,20.9200,2356261,49145816.0000,3,2.819050,1,-0.286800,0
2014-12-03,sz.002632,20.6600,20.9500,19.9400,20.2600,20.8600,2400667,48681222.0000,3,2.872178,1,-2.876300,0
2014-12-04,sz.002632,20.3100,20.8500,20.2500,20.3000,20.2600,1613940,33023196.0000,3,1.930931,1,0.197400,0
2014-12-05,sz.002632,20.3000,20.3000,18.9600,19.2000,20.3000,2333766,45468760.0000,3,2.792137,1,-5.418700,0
2014-12-08,sz.002632,19.1900,19.7800,19.1000,19.3600,19.2000,1384499,26930587.0000,3,1.656426,1,0.833300,0
2014-12-09,sz.002632,19.2000,19.4000,17.4200,17.4200,19.3600,3435421,62427016.0000,3,4.110166,1,-10.020700,0
2014-12-10,sz.002632,17.2800,17.8600,17.0500,17.8500,17.4200,2547774,44385360.0000,3,3.048178,1,2.468400,0
2014-12-11,sz.002632,17.8000,18.0100,17.5000,18.0100,17.8500,1476149,26162033.0000,3,1.766077,1,0.896400,0
2014-12-12,sz.002632,18.0200,18.4000,17.7100,18.2100,18.0100,1407022,25440620.0000,3,1.683373,1,1.110500,0
2014-12-15,sz.002632,18.2200,18.9900,18.0800,18.9400,18.2100,1922134,35695517.0000,3,2.299657,1,4.008800,0
2014-12-16,sz.002632,19.1000,19.5800,18.9000,18.9000,18.9400,2357824,45069098.0000,3,2.820920,1,-0.211200,0
2014-12-17,sz.002632,18.9000,18.9900,18.2100,18.2700,18.9000,2028150,37574255.0000,3,2.426496,1,-3.333300,0
2014-12-18,sz.002632,18.3500,18.5800,18.3000,18.3900,18.2700,886052,16307713.0000,3,1.060080,1,0.656800,0
2014-12-19,sz.002632,18.2400,18.4200,17.5100,18.1000,18.3900,1776023,31703450.0000,3,2.124849,1,-1.576900,0
2014-12-22,sz.002632,17.9100,17.9100,16.3000,17.0000,18.1000,1547759,26317870.0000,3,1.851752,1,-6.077400,0
2014-12-23,sz.002632,16.8800,17.6200,16.8000,17.0700,17.0000,984091,16912289.0000,3,1.177375,1,0.411800,0
2014-12-24,sz.002632,17.1100,17.7000,17.1100,17.6500,17.0700,1515767,26414874.0000,3,1.813476,1,3.397800,0
2014-12-25,sz.002632,17.6000,18.1500,17.4800,18.0800,17.6500,1469997,26208329.0000,3,1.758717,1,2.436300,0
2014-12-26,sz.002632,17.9900,18.7200,17.6000,18.4300,18.0800,2474959,44948692.0000,3,2.961062,1,1.935800,0
2014-12-29,sz.002632,18.7900,18.8200,17.5000,17.5500,18.4300,4603678,83933945.0000,3,5.507879,1,-4.774800,0
2014-12-30,sz.002632,17.1800,17.4000,16.6000,16.6600,17.5500,2008690,33625437.0000,3,2.403214,1,-5.071200,0
2014-12-31,sz.002632,16.5100,16.8900,16.4100,16.7500,16.6600,904888,15147304.0000,3,1.082616,1,0.540200,0
2015-01-05,sz.002632,16.8200,17.1900,16.6400,16.9100,16.7500,1045772,17673081.0000,3,1.251170,1,0.955200,0
2015-01-06,sz.002632,16.8800,17.2000,16.6400,17.2000,16.9100,1113927,18851720.0000,3,1.332712,1,1.715000,0
2015-01-07,sz.002632,17.3000,17.3000,16.6000,16.7000,17.2000,1440923,24194396.0000,3,1.723932,1,-2.907000,0
2015-01-08,sz.002632,16.7000,16.7500,16.3000,16.5400,16.7000,1362790,22502099.0000,3,1.630453,1,-0.958100,0
2015-01-09,sz.002632,16.5400,16.7200,16.0000,16.4800,16.5400,1367034,22664513.0000,3,1.635531,1,-0.362800,0
2015-01-12,sz.002632,16.5300,16.9800,16.4000,16.9800,16.4800,1624789,27129401.0000,3,1.943911,1,3.034000,0
2015-01-13,sz.002632,18.5900,18.6800,18.0500,18.6800,16.9800,4335771,80037107.0000,3,5.187353,1,10.011800,0
2015-01-14,sz.002632,19.2800,19.5400,18.7200,19.1200,18.6800,9003179,172461823.0000,3,10.771479,1,2.355500,0
2015-01-15,sz.002632,18.8000,19.5800,18.6000,19.0000,19.1200,5216164,100076571.0000,3,6.240662,1,-0.627600,0
2015-01-16,sz.002632,18.7100,19.3400,18.7100,19.2300,19.0000,4077075,77461011.0000,3,4.877847,1,1.210500,0
2015-01-19,sz.002632,18.8900,19.9900,18.6000,19.2300,19.2300,5222789,101719350.0000,3,6.248589,1,0.000000,0
2015-01-20,sz.002632,19.1500,19.8800,19.1500,19.8200,19.2300,4657877,90935631.0000,3,5.572723,1,3.068100,0
2015-01-21,sz.002632,19.9700,19.9800,19.4900,19.6900,19.8200,4282536,84200223.0000,3,5.123662,1,-0.655900,0
2015-01-22,sz.002632,19.5800,19.9500,19.5800,19.7400,19.6900,2828324,55927159.0000,3,3.383831,1,0.253900,0
2015-01-23,sz.002632,19.6800,19.8400,19.1100,19.1300,19.7400,2857563,55280675.0000,3,3.418812,1,-3.090200,0
2015-01-26,sz.002632,18.9000,19.5100,18.8600,19.5100,19.1300,2071619,39915496.0000,3,2.478502,1,1.986400,0
2015-01-27,sz.002632,19.5100,19.7900,19.3100,19.7400,19.5100,2315365,45278511.0000,3,2.770122,1,1.178900,0
2015-01-28,sz.002632,19.6000,19.7100,19.2500,19.3300,19.7400,1592082,31051136.0000,3,1.904780,1,-2.077000,0
2015-01-29,sz.002632,19.2000,19.2800,19.0000,19.1700,19.3300,1071988,20487674.0000,3,1.282535,1,-0.827700,0
2015-01-30,sz.002632,19.1700,19.2800,19.0000,19.1000,19.1700,865212,16552535.0000,3,1.035147,1,-0.365200,0
2015-02-02,sz.002632,18.9000,19.3500,18.9000,19.1500,19.1000,896453,17218457.0000,3,1.072524,1,0.261800,0
2015-02-03,sz.002632,19.1000,19.5000,19.1000,19.3800,19.1500,1576695,30461509.0000,3,1.886371,1,1.201000,0
2015-02-04,sz.002632,19.4200,19.4900,19.2400,19.4200,19.3800,1215235,23493778.0000,3,1.453917,1,0.206400,0
2015-02-05,sz.002632,19.5900,19.6300,19.2700,19.4300,19.4200,2033891,39621316.0000,3,2.433364,1,0.051500,0
2015-02-06,sz.002632,19.3000,19.6000,18.7300,18.7800,19.4300,1403575,26725923.0000,3,1.679249,1,-3.345300,0
2015-02-09,sz.002632,18.7800,18.8900,18.6100,18.7000,18.7800,623630,11683387.0000,3,0.746116,1,-0.426000,0
2015-02-10,sz.002632,18.6000,18.7100,18.5100,18.6300,18.7000,668836,12439097.0000,3,0.800201,1,-0.374300,0
2015-02-11,sz.002632,18.6500,19.0500,18.5500,18.9500,18.6300,707945,13306509.0000,3,0.846991,1,1.717700,0
2015-02-12,sz.002632,19.1600,19.2000,18.8600,19.1800,18.9500,997085,19006630.0000,3,1.192921,1,1.213700,0
2015-02-13,sz.002632,19.3000,19.6900,19.2100,19.5700,19.1800,1961844,38249302.0000,3,2.347167,1,2.033400,0
2015-02-16,sz.002632,19.5700,20.1900,19.5700,19.9700,19.5700,2613478,52135588.0000,3,3.126787,1,2.043900,0
2015-02-17,sz.002632,20.0100,20.1600,19.8000,19.8700,19.9700,1507987,30004681.0000,3,1.804168,1,-0.500700,0
2015-02-25,sz.002632,19.8000,19.9900,19.4500,19.4900,19.8700,1161877,22965404.0000,3,1.390079,1,-1.912400,0
2015-02-26,sz.002632,19.5000,21.3300,19.5000,20.6000,19.4900,3781823,77904770.0000,3,4.524605,1,5.695200,0
2015-02-27,sz.002632,20.5200,20.9800,20.3800,20.8400,20.6000,2301801,47603926.0000,3,2.753894,1,1.165000,0
2015-03-02,sz.002632,20.8800,21.2300,20.3200,21.0300,20.8400,2171847,45272192.0000,3,2.598416,1,0.911700,0
2015-03-03,sz.002632,20.9000,22.3500,20.9000,21.4700,21.0300,4319799,93997770.0000,3,5.168244,1,2.092200,0
2015-03-04,sz.002632,21.4000,21.8800,21.2000,21.4600,21.4700,1611530,34553684.0000,3,1.928048,1,-0.046600,0
2015-03-05,sz.002632,21.4600,21.8600,20.8500,21.2300,21.4600,2295841,48693239.0000,3,2.746763,1,-1.071800,0
2015-03-06,sz.002632,21.0100,21.4100,20.8900,20.9800,21.2300,2348815,49607796.0000,3,2.810142,1,-1.177600,0
2015-03-09,sz.002632,20.8500,21.2900,20.4600,21.2300,20.9800,2441993,50852256.0000,3,2.921621,1,1.191600,0
2015-03-10,sz.002632,21.1800,21.8500,21.0100,21.8200,21.2300,3050311,65912176.0000,3,3.649418,1,2.779100,0
2015-03-11,sz.002632,21.8200,23.8600,21.7600,22.8700,21.8200,3728031,84907421.0000,3,4.460248,1,4.812100,0
2015-03-12,sz.002632,22.6000,23.0800,21.9000,22.8700,22.8700,2757497,62028194.0000,3,3.299093,1,0.000000,0
2015-03-13,sz.002632,23.9000,24.9500,23.0700,23.4600,22.8700,5244232,124612439.0000,3,6.274243,1,2.579800,0
2015-03-16,sz.002632,23.5000,25.0000,23.4700,24.7000,23.4600,4933292,120758306.0000,3,5.902232,1,5.285600,0
2015-03-17,sz.002632,25.1000,25.3500,24.0800,24.3800,24.7000,6184611,152319413.0000,3,7.399320,1,-1.295600,0
2015-03-18,sz.002632,24.4000,25.7700,24.3900,25.5000,24.3800,5795154,145628559.0000,3,6.933371,1,4.593900,0
2015-03-19,sz.002632,25.6200,25.7600,25.0000,25.3900,25.5000,3234736,81725976.0000,3,3.870065,1,-0.431400,0
2015-03-20,sz.002632,25.4300,25.4300,24.9400,25.2500,25.3900,2881079,72453762.0000,3,3.446947,1,-0.551400,0
2015-03-23,sz.002632,25.2000,27.1900,25.1600,26.8000,25.2500,7085160,187324364.0000,3,8.476745,1,6.138600,0
2015-03-24,sz.002632,26.8300,29.4800,26.3000,29.4800,26.8000,8094265,227848257.0000,3,9.684046,1,10.000000,0
2015-03-25,sz.002632,30.0000,32.1300,28.8800,31.7700,29.4800,6483785,202824298.0000,3,7.757255,1,7.768000,0
2015-03-26,sz.002632,31.0300,32.1500,28.6000,29.7100,31.7700,5399208,163145736.0000,3,6.459658,1,-6.484100,0
2015-03-27,sz.002632,29.9900,30.9800,29.6000,30.2800,29.7100,2639073,80033785.0000,3,3.157409,1,1.918600,0
2015-03-30,sz.002632,30.8800,31.0000,29.0900,29.5300,30.2800,3746155,112041517.0000,3,4.481931,1,-2.476900,0
2015-03-31,sz.002632,29.5000,30.4000,29.0200,30.2000,29.5300,3610173,107360767.0000,3,4.319241,1,2.268900,0
2015-04-01,sz.002632,31.9900,33.2100,31.3800,32.3600,30.2000,9426379,306993152.0000,3,11.277799,1,7.152300,0
2015-04-02,sz.002632,32.3700,35.6000,32.3700,35.6000,32.3600,7470098,260791694.0000,3,8.937288,1,10.012400,0
2015-04-03,sz.002632,35.8000,39.1600,35.6000,39.1600,35.6000,6399804,243110201.0000,3,7.656779,1,10.000000,0
2015-04-07,sz.002632,41.2500,42.2800,38.5300,42.0000,39.1600,9357866,374422912.0000,3,11.195829,1,7.252300,0
2015-04-08,sz.002632,40.6300,40.9900,38.8000,39.4000,42.0000,6882413,273976592.0000,3,8.234177,1,-6.190500,0
2015-04-09,sz.002632,38.7100,41.0800,35.8500,40.6700,39.4000,9153565,354228928.0000,3,7.019989,1,3.223300,0
2015-04-10,sz.002632,41.7100,44.7400,40.7000,44.7400,40.6700,7758088,335580176.0000,3,5.949779,1,10.007400,0
2015-04-13,sz.002632,47.8700,49.2100,46.7000,49.2100,44.7400,10863130,523674992.0000,3,8.331076,1,9.991100,0
2015-04-14,sz.002632,49.2100,49.2100,44.8900,45.7700,49.2100,8177317,382598976.0000,3,6.271291,1,-6.990400,0
2015-04-15,sz.002632,44.6600,44.6600,41.1900,41.1900,45.7700,7346704,308454880.0000,3,5.634283,1,-10.006600,0
2015-04-16,sz.002632,38.3200,41.9500,37.1300,39.7300,41.1900,6512789,257413058.0000,3,4.994743,1,-3.544500,0
2015-04-17,sz.002632,19.9500,20.6300,18.5600,19.0300,19.8400,11381976,221141291.0000,3,4.364493,1,-4.082700,0
2015-04-20,sz.002632,18.5000,18.5000,17.5500,17.5600,19.0300,14257266,256760555.0000,3,5.467042,1,-7.724700,0
2015-04-21,sz.002632,17.4400,19.3200,17.4000,19.3200,17.5600,11265577,208602966.0000,3,4.319859,1,10.022800,0
2015-04-22,sz.002632,19.9000,21.2000,19.8400,20.3200,19.3200,16853427,343997264.0000,3,6.462557,1,5.176000,0
2015-04-23,sz.002632,20.0000,20.6700,19.4400,20.2400,20.3200,9592621,192804541.0000,3,3.678353,1,-0.393700,0
2015-04-24,sz.002632,19.8800,21.4000,19.5800,21.1000,20.2400,13504964,279341616.0000,3,5.178567,1,4.249000,0
2015-04-27,sz.002632,21.2800,21.6800,19.9500,20.3500,21.1000,12415529,255348479.0000,3,4.760816,1,-3.554500,0
2015-04-28,sz.002632,20.1500,20.8000,19.8900,20.1000,20.3500,8497871,170884938.0000,3,3.258564,1,-1.228500,0
2015-04-29,sz.002632,20.2000,20.5000,20.0200,20.3800,20.1000,5353121,108604484.0000,3,2.052689,1,1.393000,0
2015-04-30,sz.002632,20.4800,20.5300,19.3800,19.4700,20.3800,8890508,174546325.0000,3,3.409123,1,-4.465200,0
2015-05-04,sz.002632,19.7000,19.8400,18.8100,19.6700,19.4700,5641314,110231994.0000,3,2.163199,1,1.027200,0
2015-05-05,sz.002632,19.5900,19.6300,18.7000,18.7700,19.6700,5234772,99956835.0000,3,2.007308,1,-4.575500,0
2015-05-06,sz.002632,18.7600,19.0000,17.3800,17.9000,18.7700,5380500,99860837.0000,3,2.063188,1,-4.635100,0
2015-05-07,sz.002632,17.9700,18.0100,16.8100,16.8400,17.9000,6082594,104595936.0000,3,2.332410,1,-5.921800,0
2015-05-08,sz.002632,17.0400,18.5200,17.0400,18.5200,16.8400,6047097,107693212.0000,3,2.318799,1,9.976200,0
2015-05-11,sz.002632,19.0000,19.9000,19.0000,19.6000,18.5200,7463216,145919855.0000,3,2.861819,1,5.831500,0
2015-05-12,sz.002632,19.8000,20.0000,19.1000,19.6500,19.6000,6360044,124352294.0000,3,2.438800,1,0.255100,0
2015-05-13,sz.002632,19.6600,21.0000,19.1300,20.7100,19.6500,11088726,225973702.0000,3,4.252044,1,5.394400,0
2015-05-14,sz.002632,20.7600,22.2800,20.6000,22.0200,20.7100,12810686,275366208.0000,3,4.912341,1,6.325500,0
2015-05-15,sz.002632,21.8000,22.8000,21.1300,21.1500,22.0200,11095112,242287091.0000,3,4.254493,1,-3.951000,0
2015-05-18,sz.002632,21.1600,22.1000,21.1600,21.4300,21.1500,7873355,170047713.0000,3,3.019089,1,1.323900,0
2015-05-19,sz.002632,21.4300,22.0000,21.0100,21.7100,21.4300,6998335,150557599.0000,3,2.683557,1,1.306600,0
2015-05-20,sz.002632,21.8000,23.8800,21.6000,23.2600,21.7100,14052752,323111504.0000,3,5.388620,1,7.139600,0
2015-05-21,sz.002632,23.2500,25.5900,22.8000,25.5900,23.2600,11672924,284703328.0000,3,4.476059,1,10.017200,0
2015-05-22,sz.002632,26.4000,28.0800,24.7000,27.3500,25.5900,14682368,385256544.0000,3,5.630050,1,6.877700,0
2015-05-25,sz.002632,26.8000,29.2600,25.0000,27.9500,27.3500,13650974,376899776.0000,3,5.234555,1,2.193800,0
2015-05-26,sz.002632,27.9500,29.0200,27.3000,28.5000,27.9500,12120621,343018320.0000,3,4.647731,1,1.967800,0
2015-05-27,sz.002632,28.6800,28.6800,27.5000,27.8200,28.5000,8524487,237815840.0000,3,3.268770,1,-2.386000,0
2015-05-28,sz.002632,27.8000,27.8200,25.0400,25.0400,27.8200,11973917,318122624.0000,3,4.591477,1,-9.992800,0
2015-05-29,sz.002632,24.5000,26.2500,22.5500,25.2000,25.0400,9774850,241532811.0000,3,3.748230,1,0.639000,0
2015-06-01,sz.002632,25.1700,26.5000,25.1700,26.1900,25.2000,6909551,180352968.0000,3,2.649512,1,3.928600,0
2015-06-02,sz.002632,26.1900,28.3900,26.1900,28.0100,26.1900,8937585,246898608.0000,3,3.427175,1,6.949200,0
2015-06-03,sz.002632,28.0100,30.5500,28.0100,29.5100,28.0100,11097693,324061904.0000,3,4.255483,1,5.355200,0
2015-06-04,sz.002632,29.7000,30.3800,26.8000,29.4000,29.5100,10355251,295702352.0000,3,3.970789,1,-0.372800,0
2015-06-05,sz.002632,29.8000,31.2800,28.4000,30.4300,29.4000,13036564,394348992.0000,3,4.998956,1,3.503400,0
2015-06-08,sz.002632,30.2000,30.2200,29.0000,29.5000,30.4300,8334617,246751725.0000,3,3.195963,1,-3.056200,0
2015-06-09,sz.002632,29.3000,29.3000,28.5000,28.5200,29.5000,5353625,153739891.0000,3,2.052882,1,-3.322000,0
2015-06-10,sz.002632,28.5200,30.8400,28.0000,29.7000,28.5200,7390185,219988715.0000,3,2.833815,1,4.137400,0
2015-06-11,sz.002632,29.2900,30.8300,29.2900,30.5000,29.7000,7095386,215305483.0000,3,2.720772,1,2.693600,0
2015-06-12,sz.002632,30.5100,32.5000,30.5100,31.7800,30.5000,9164471,290268448.0000,3,3.514176,1,4.196700,0
2015-06-15,sz.002632,32.0600,34.9600,32.0200,34.8800,31.7800,11843555,405051792.0000,3,4.541489,1,9.754600,0
2015-06-16,sz.002632,34.9000,34.9000,32.2000,32.3900,34.8800,7961105,266645849.0000,3,3.052738,1,-7.138800,0
2015-06-17,sz.002632,32.2000,34.9500,29.6000,34.2500,32.3900,9471817,308791888.0000,3,3.632030,1,5.742500,0
2015-06-18,sz.002632,34.4000,35.6600,33.0500,33.5900,34.2500,7729087,265625642.0000,3,2.963769,1,-1.927000,0
2015-06-19,sz.002632,31.5600,33.2900,30.2300,30.5000,33.5900,5729237,178551322.0000,3,2.196913,1,-9.199200,0
2015-06-23,sz.002632,30.5000,31.2000,27.4500,28.5000,30.5000,6509386,185420344.0000,3,2.496067,1,-6.557400,0
2015-06-24,sz.002632,28.9900,29.9900,28.0000,29.0500,28.5000,5397859,156826781.0000,3,2.069844,1,1.929800,0
2015-06-25,sz.002632,29.0500,29.6800,26.2000,26.7000,29.0500,5458615,152818920.0000,3,2.093142,1,-8.089500,0
2015-06-26,sz.002632,25.2000,25.7000,24.0300,24.0300,26.7000,5653395,138239082.0000,3,2.167831,1,-10.000000,0
2015-06-29,sz.002632,24.5300,25.1700,21.6300,22.5000,24.0300,9015337,201648794.0000,3,3.456990,1,-6.367000,0
2015-06-30,sz.002632,22.5000,22.5000,22.5000,22.5000,22.5000,0,0.0000,3,,0,0.000000,0
2015-07-01,sz.002632,22.5000,22.5000,22.5000,22.5000,22.5000,0,0.0000,3,,0,0.000000,0
2015-07-02,sz.002632,22.5000,22.5000,22.5000,22.5000,22.5000,0,0.0000,3,,0,0.000000,0
2015-07-03,sz.002632,22.5000,22.5000,22.5000,22.5000,22.5000,0,0.0000,3,,0,0.000000,0
2015-07-06,sz.002632,22.5000,22.5000,22.5000,22.5000,22.5000,0,0.0000,3,,0,0.000000,0
2015-07-07,sz.002632,22.5000,22.5000,22.5000,22.5000,22.5000,0,0.0000,3,,0,0.000000,0
2015-07-08,sz.002632,22.5000,22.5000,22.5000,22.5000,22.5000,0,0.0000,3,,0,0.000000,0
2015-07-09,sz.002632,22.5000,22.5000,22.5000,22.5000,22.5000,0,0.0000,3,,0,0.000000,0
2015-07-10,sz.002632,22.5000,22.5000,22.5000,22.5000,22.5000,0,0.0000,3,,0,0.000000,0
2015-07-13,sz.002632,22.5000,22.5000,22.5000,22.5000,22.5000,0,0.0000,3,,0,0.000000,0
2015-07-14,sz.002632,24.7500,24.7500,23.8000,24.7500,22.5000,8237768,203656343.0000,3,3.158826,1,10.000000,0
2015-07-15,sz.002632,25.0000,25.0000,22.2800,22.2800,24.7500,8438795,193942019.0000,3,3.235911,1,-9.979800,0
2015-07-16,sz.002632,21.0000,21.8300,20.0500,20.0500,22.2800,11798612,242851406.0000,3,4.524255,1,-10.009000,0
2015-07-17,sz.002632,20.0500,21.6400,20.0500,21.3000,20.0500,10169517,210751086.0000,3,3.899568,1,6.234400,0
2015-07-20,sz.002632,21.3100,22.3500,20.9800,21.6800,21.3000,8252360,178678276.0000,3,3.164421,1,1.784000,0
2015-07-21,sz.002632,21.2500,23.6500,20.6100,23.6500,21.6800,10046700,225544748.0000,3,3.852473,1,9.086700,0
2015-07-22,sz.002632,23.6500,24.0100,22.8000,23.2800,23.6500,8273009,193020927.0000,3,3.172339,1,-1.564500,0
2015-07-23,sz.002632,23.0100,24.5000,22.9800,24.0400,23.2800,7610388,180394441.0000,3,2.918253,1,3.264600,0
2015-07-24,sz.002632,23.9300,24.5900,22.0400,22.8000,24.0400,7342664,174370184.0000,3,2.815592,1,-5.158100,0
2015-07-27,sz.002632,21.9000,23.3000,20.5200,20.5200,22.8000,6050909,132146505.0000,3,2.320261,1,-10.000000,0
2015-07-28,sz.002632,18.8200,20.3900,18.4700,18.5000,20.5200,7151097,134935399.0000,3,2.742135,1,-9.844100,0
2015-07-29,sz.002632,19.5000,19.6000,16.9000,19.2300,18.5000,7773530,142456710.0000,3,2.980811,1,3.945900,0
2015-07-30,sz.002632,19.2000,19.2300,17.8500,18.0700,19.2300,5432972,102178578.0000,3,2.083309,1,-6.032200,0
2015-07-31,sz.002632,17.4500,18.0000,16.6100,17.0000,18.0700,4753140,82496322.0000,3,1.822623,1,-5.921400,0
2015-08-03,sz.002632,17.0500,18.2800,16.7000,17.4700,17.0000,7054284,123041885.0000,3,2.705011,1,2.764700,0
2015-08-04,sz.002632,17.4700,18.9200,17.4700,18.8300,17.4700,6635980,121626817.0000,3,2.544610,1,7.784800,0
2015-08-05,sz.002632,19.0000,19.3000,18.0000,18.2800,18.8300,6592968,123514825.0000,3,2.528117,1,-2.920900,0
2015-08-06,sz.002632,17.8000,20.1100,17.3800,20.1100,18.2800,10104554,193930941.0000,3,3.874657,1,10.010900,0
2015-08-07,sz.002632,20.1000,20.6000,19.5100,20.3500,20.1100,11219301,226445787.0000,3,4.302114,1,1.193400,0
2015-08-10,sz.002632,20.5500,21.7500,19.9900,21.2400,20.3500,10588322,219747043.0000,3,4.060161,1,4.373500,0
2015-08-11,sz.002632,20.9800,21.2500,20.2800,20.6100,21.2400,9569934,198906156.0000,3,3.669654,1,-2.966100,0
2015-08-12,sz.002632,20.3000,20.4800,19.3000,19.3000,20.6100,8618226,171543542.0000,3,3.304715,1,-6.356100,0
2015-08-13,sz.002632,19.3300,20.2000,19.3200,20.1700,19.3000,6048893,119733049.0000,3,2.319488,1,4.507800,0
2015-08-14,sz.002632,20.1600,20.4000,19.8000,19.8400,20.1700,7287497,146009235.0000,3,2.794438,1,-1.636100,0
2015-08-17,sz.002632,19.8500,19.9200,19.1500,19.5200,19.8400,5694697,110754186.0000,3,2.183669,1,-1.612900,0
2015-08-18,sz.002632,19.7400,21.1800,19.5500,20.2000,19.5200,16333664,330331456.0000,3,6.263250,1,3.483600,0
2015-08-19,sz.002632,19.5000,20.8000,18.1800,20.2200,20.2000,12481548,240274409.0000,3,4.786131,1,0.099000,0
2015-08-20,sz.002632,19.6200,19.8000,18.5000,18.5200,20.2200,8155297,156925202.0000,3,3.127202,1,-8.407500,0
2015-08-21,sz.002632,17.6900,18.3100,16.7900,16.7900,18.5200,6025698,106654654.0000,3,2.310593,1,-9.341300,0
2015-08-24,sz.002632,16.0000,16.0000,15.1100,15.1100,16.7900,4751072,72484619.0000,3,1.821830,1,-10.006000,0
2015-08-25,sz.002632,13.6000,13.9300,13.6000,13.6000,15.1100,3928598,53548198.0000,3,1.506447,1,-9.993400,0
2015-08-26,sz.002632,13.6600,14.0500,12.2400,12.2400,13.6000,8911823,116550564.0000,3,3.417297,1,-10.000000,0
2015-08-27,sz.002632,12.7400,12.9500,11.4000,12.6000,12.2400,6664476,81385867.0000,3,2.555537,1,2.941200,0
2015-08-28,sz.002632,13.1700,13.8300,12.7600,13.6500,12.6000,7093113,93433424.0000,3,2.719901,1,8.333300,0
2015-08-31,sz.002632,14.0000,14.8100,13.7000,14.1300,13.6500,9083105,127494893.0000,3,3.482976,1,3.516500,0
2015-09-01,sz.002632,13.8800,13.9500,12.7200,13.5600,14.1300,7749033,102112504.0000,3,2.971417,1,-4.034000,0
2015-09-02,sz.002632,12.3100,13.8000,12.3000,12.8100,13.5600,6066026,78817405.0000,3,2.326057,1,-5.531000,0
2015-09-07,sz.002632,13.0800,13.5300,12.9200,13.0500,12.8100,5623247,74385214.0000,3,2.156271,1,1.873500,0
2015-09-08,sz.002632,13.0500,13.7500,12.5100,13.6000,13.0500,5259926,68862576.0000,3,2.016953,1,4.214600,0
2015-09-09,sz.002632,13.7000,14.3400,13.5100,14.2200,13.6000,9097423,127588257.0000,3,3.488466,1,4.558800,0
2015-09-10,sz.002632,13.9000,14.1300,13.5100,13.6800,14.2200,4671340,64913471.0000,3,1.791256,1,-3.797500,0
2015-09-11,sz.002632,13.6600,13.9300,13.4000,13.8200,13.6800,4490570,61335785.0000,3,1.721938,1,1.023400,0
2015-09-14,sz.002632,13.8000,13.9500,12.4400,12.4400,13.8200,4294900,55884744.0000,3,1.646907,1,-9.985500,0
2015-09-15,sz.002632,11.8800,11.8800,11.2000,11.2000,12.4400,6338107,72357190.0000,3,2.430389,1,-9.967800,0
2015-09-16,sz.002632,11.2500,12.3200,10.8400,12.2100,11.2000,6955917,80367871.0000,3,2.667292,1,9.017900,0
2015-09-17,sz.002632,12.4300,12.8400,12.0200,12.0200,12.2100,7729688,96018380.0000,3,2.963999,1,-1.556100,0
2015-09-18,sz.002632,12.0400,12.3400,11.8200,12.1500,12.0200,4147120,49896634.0000,3,1.590240,1,1.081500,0
2015-09-21,sz.002632,12.0000,12.6700,11.8300,12.6200,12.1500,5348912,66095345.0000,3,2.051075,1,3.868300,0
2015-09-22,sz.002632,12.6400,13.4800,12.6000,13.1900,12.6200,8044006,104210916.0000,3,3.084527,1,4.516600,0
2015-09-23,sz.002632,12.8400,14.1000,12.7100,13.9300,13.1900,9345849,123790708.0000,3,3.583727,1,5.610300,0
2015-09-24,sz.002632,13.8000,14.5000,13.5600,14.2100,13.9300,11081682,156540864.0000,3,4.249343,1,2.010000,0
2015-09-25,sz.002632,13.9000,14.3900,13.0300,13.3700,14.2100,6926078,95197718.0000,3,2.655850,1,-5.911300,0
2015-09-28,sz.002632,13.3700,13.9000,13.1500,13.7600,13.3700,3386169,45862064.0000,3,1.298449,1,2.917000,0
2015-09-29,sz.002632,13.4100,13.6100,13.1700,13.1900,13.7600,3810302,50838126.0000,3,1.461085,1,-4.142400,0
2015-09-30,sz.002632,13.3500,13.5000,13.1200,13.3000,13.1900,2072922,27537173.0000,3,0.794875,1,0.834000,0
2015-10-08,sz.002632,13.8500,14.0500,13.5300,13.9700,13.3000,5088980,70653300.0000,3,1.951403,1,5.037600,0
2015-10-09,sz.002632,13.9800,14.7000,13.8800,14.3900,13.9700,7540856,108238290.0000,3,2.891591,1,3.006400,0
2015-10-12,sz.002632,14.6500,15.8300,14.5000,15.5600,14.3900,10877744,166966263.0000,3,4.171142,1,8.130600,0
2015-10-13,sz.002632,15.2000,15.5500,15.0800,15.4900,15.5600,7908842,121272566.0000,3,3.032697,1,-0.449900,0
2015-10-14,sz.002632,15.3400,16.0800,15.3400,15.5300,15.4900,8570130,134554320.0000,3,3.286272,1,0.258200,0
2015-10-15,sz.002632,15.4500,16.4000,15.1800,16.3000,15.5300,7729292,123981312.0000,3,2.963848,1,4.958100,0
2015-10-16,sz.002632,16.5100,17.3700,15.9100,17.2100,16.3000,10370255,172773881.0000,3,3.976542,1,5.582800,0
2015-10-19,sz.002632,17.4800,17.4800,16.6500,16.8100,17.2100,8458444,143525350.0000,3,3.243446,1,-2.324200,0
2015-10-20,sz.002632,16.8100,16.8100,16.8100,16.8100,16.8100,0,0.0000,3,,0,0.000000,0
2015-10-21,sz.002632,16.8100,16.8100,16.8100,16.8100,16.8100,0,0.0000,3,,0,0.000000,0
2015-10-22,sz.002632,16.8100,16.8100,16.8100,16.8100,16.8100,0,0.0000,3,,0,0.000000,0
2015-10-23,sz.002632,16.8100,16.8100,16.8100,16.8100,16.8100,0,0.0000,3,,0,0.000000,0
2015-10-26,sz.002632,16.8100,16.8100,16.8100,16.8100,16.8100,0,0.0000,3,,0,0.000000,0
2015-10-27,sz.002632,16.8100,16.8100,16.8100,16.8100,16.8100,0,0.0000,3,,0,0.000000,0
2015-10-28,sz.002632,16.8100,16.8100,16.8100,16.8100,16.8100,0,0.0000,3,,0,0.000000,0
2015-10-29,sz.002632,16.8100,16.8100,16.8100,16.8100,16.8100,0,0.0000,3,,0,0.000000,0
2015-10-30,sz.002632,16.8100,16.8100,16.8100,16.8100,16.8100,0,0.0000,3,,0,0.000000,0
2015-11-02,sz.002632,16.8100,16.8100,16.8100,16.8100,16.8100,0,0.0000,3,,0,0.000000,0
2015-11-03,sz.002632,16.8100,16.8100,16.8100,16.8100,16.8100,0,0.0000,3,,0,0.000000,0
2015-11-04,sz.002632,16.8100,16.8100,16.8100,16.8100,16.8100,0,0.0000,3,,0,0.000000,0
2015-11-05,sz.002632,16.8100,16.8100,16.8100,16.8100,16.8100,0,0.0000,3,,0,0.000000,0
2015-11-06,sz.002632,16.8100,16.8100,16.8100,16.8100,16.8100,0,0.0000,3,,0,0.000000,0
2015-11-09,sz.002632,16.8100,16.8100,16.8100,16.8100,16.8100,0,0.0000,3,,0,0.000000,0
2015-11-10,sz.002632,18.4900,18.4900,17.3200,18.1100,16.8100,18115078,323955312.0000,3,6.946345,1,7.733500,0
2015-11-11,sz.002632,17.7400,18.0000,17.3600,17.8400,18.1100,9052081,159685376.0000,3,3.471080,1,-1.490900,0
2015-11-12,sz.002632,17.8300,17.8900,17.4100,17.5400,17.8400,7138677,125462190.0000,3,2.737372,1,-1.681600,0
2015-11-13,sz.002632,17.4000,18.2900,17.1200,17.7800,17.5400,7967433,142075066.0000,3,3.055164,1,1.368300,0
2015-11-16,sz.002632,17.3300,18.1000,17.1600,17.9200,17.7800,5514000,98051907.0000,3,2.114379,1,0.787400,0
2015-11-17,sz.002632,18.1900,19.5200,17.9200,18.8000,17.9200,11112774,206710095.0000,3,4.261266,1,4.910700,0
2015-11-18,sz.002632,18.7100,19.5100,18.0600,18.1800,18.8000,6668179,125423150.0000,3,2.556957,1,-3.297900,0
2015-11-19,sz.002632,18.0500,18.4300,18.0000,18.4000,18.1800,5450325,99171545.0000,3,2.089963,1,1.210100,0
2015-11-20,sz.002632,18.9800,19.4600,18.3500,19.4600,18.4000,7543413,142139731.0000,3,2.892571,1,5.760900,0
2015-11-23,sz.002632,19.2300,21.1000,19.0000,20.4000,19.4600,10552891,215583951.0000,3,4.046575,1,4.830400,0
2015-11-24,sz.002632,20.3700,21.0000,19.8000,20.4900,20.4000,7627412,155222217.0000,3,2.924781,1,0.441200,0
2015-11-25,sz.002632,22.5400,22.5400,22.1000,22.5400,20.4900,11295319,254186120.0000,3,4.331264,1,10.004900,0
2015-11-26,sz.002632,23.8900,24.7900,23.5000,23.5600,22.5400,28070007,680456960.0000,3,10.763628,1,4.525300,0
2015-11-27,sz.002632,22.5000,24.7700,22.2000,23.3000,23.5600,23106631,543175776.0000,3,8.860389,1,-1.103600,0
2015-11-30,sz.002632,23.1100,25.6300,22.4900,25.6300,23.3000,19738883,470761744.0000,3,7.569004,1,10.000000,0
2015-12-01,sz.002632,25.5800,26.6500,23.0700,24.6100,25.6300,22039649,545305664.0000,3,8.451247,1,-3.979700,0
2015-12-02,sz.002632,23.8800,24.0000,22.1500,23.0600,24.6100,8695289,199890839.0000,3,3.334265,1,-6.298300,0
2015-12-03,sz.002632,23.3200,24.2000,22.8800,23.5400,23.0600,10580998,249312004.0000,3,4.057353,1,2.081500,0
2015-12-04,sz.002632,23.5600,23.8800,22.5100,23.1500,23.5400,9920730,230421211.0000,3,3.804169,1,-1.656800,0
2015-12-07,sz.002632,23.2500,24.1500,22.5000,23.6900,23.1500,9916811,230781179.0000,3,3.802666,1,2.332600,0
2015-12-08,sz.002632,23.3000,23.3300,22.5600,22.6000,23.6900,7015971,160623059.0000,3,2.690320,1,-4.601100,0
2015-12-09,sz.002632,22.5000,22.9200,21.7300,22.0000,22.6000,7964503,178781867.0000,3,3.054041,1,-2.654900,0
2015-12-10,sz.002632,22.1500,24.0800,21.9200,23.3000,22.0000,13093109,300569904.0000,3,5.020638,1,5.909100,0
2015-12-11,sz.002632,23.3400,24.9700,23.3200,24.4000,23.3000,13433841,324327744.0000,3,5.151294,1,4.721000,0
2015-12-14,sz.002632,24.5000,24.9900,22.3100,23.0800,24.4000,12414626,289531360.0000,3,4.760469,1,-5.409800,0
2015-12-15,sz.002632,23.1000,24.1800,22.5000,24.0900,23.0800,11093502,260623946.0000,3,4.253876,1,4.376100,0
2015-12-16,sz.002632,25.7000,26.5000,25.6000,26.5000,24.0900,8286038,218089873.0000,3,3.177335,1,10.004200,0
2015-12-17,sz.002632,27.0000,29.1000,26.8000,28.0000,26.5000,28549426,797100560.0000,3,10.947464,1,5.660400,0
2015-12-18,sz.002632,27.4100,29.8800,27.1700,28.5200,28.0000,24593200,702091344.0000,3,9.430423,1,1.857100,0
2015-12-21,sz.002632,27.7900,27.8000,26.9700,27.3000,28.5200,12537330,343248224.0000,3,4.807521,1,-4.277700,0
2015-12-22,sz.002632,27.3100,27.5900,26.6000,27.2700,27.3000,9907792,267853626.0000,3,3.799208,1,-0.109900,0
2015-12-23,sz.002632,27.2700,27.2700,25.6100,25.9100,27.2700,11403086,300312992.0000,3,4.372588,1,-4.987200,0
2015-12-24,sz.002632,26.2500,27.0000,26.1100,26.4300,25.9100,8107835,215085906.0000,3,3.109002,1,2.006900,0
2015-12-25,sz.002632,26.1200,26.8900,25.8000,26.8500,26.4300,8868394,235316752.0000,3,3.400644,1,1.589100,0
2015-12-28,sz.002632,26.7000,27.8700,26.1900,26.3100,26.8500,10978307,296301056.0000,3,4.209704,1,-2.011200,0
2015-12-29,sz.002632,26.3800,27.3700,25.8800,27.0200,26.3100,8255977,220910340.0000,3,3.165808,1,2.698600,0
2015-12-30,sz.002632,26.8400,28.2000,26.6100,27.8600,27.0200,12605470,345714896.0000,3,4.833650,1,3.108800,0
2015-12-31,sz.002632,27.5600,27.8000,26.3000,26.3300,27.8600,9950854,268053793.0000,3,3.817275,1,-5.491700,0
2016-01-04,sz.002632,26.3700,26.7000,23.7000,23.7000,26.3300,6769697,166145413.0000,3,2.596943,1,-9.988600,0
2016-01-05,sz.002632,21.3300,23.5800,21.3300,21.6700,23.7000,9984968,221373904.0000,3,3.830362,1,-8.565400,0
2016-01-06,sz.002632,22.1500,22.3000,20.8300,21.9700,21.6700,7888332,171131870.0000,3,3.026065,1,1.384400,0
2016-01-07,sz.002632,21.3300,21.3300,19.7700,19.7700,21.9700,1660973,33792039.0000,3,0.637171,1,-10.013600,0
2016-01-08,sz.002632,19.9600,20.5000,17.8100,18.8800,19.7700,8083750,155932307.0000,3,3.101030,1,-4.501800,0
2016-01-11,sz.002632,18.0500,18.4900,16.9900,16.9900,18.8800,6591629,116454690.0000,3,2.528633,1,-10.010600,0
2016-01-12,sz.002632,16.9500,17.5500,15.9300,17.1400,16.9900,6723001,113426531.0000,3,2.579029,1,0.882900,0
2016-01-13,sz.002632,17.2400,17.6800,16.3000,16.4000,17.1400,6233895,107224932.0000,3,2.391402,1,-4.317400,0
2016-01-14,sz.002632,15.8000,17.8500,15.6000,17.7800,16.4000,7241612,123261804.0000,3,2.777975,1,8.414600,0
2016-01-15,sz.002632,17.7800,18.3200,17.3000,17.9200,17.7800,9369148,167599394.0000,3,3.594125,1,0.787400,0
2016-01-18,sz.002632,17.4500,19.7100,17.3400,19.5800,17.9200,9632782,180816158.0000,3,3.695259,1,9.263400,0
2016-01-19,sz.002632,19.1500,20.1500,18.8900,20.0700,19.5800,10312398,201184670.0000,3,3.955968,1,2.502600,0
2016-01-20,sz.002632,19.5000,20.3400,19.0100,19.2900,20.0700,7935877,156651225.0000,3,3.044304,1,-3.886400,0
2016-01-21,sz.002632,19.0500,20.0900,18.0000,18.3000,19.2900,8656155,168712238.0000,3,3.320612,1,-5.132200,0
2016-01-22,sz.002632,18.7100,20.1000,18.3800,20.0800,18.3000,9938020,190494233.0000,3,3.812352,1,9.726800,0
2016-01-25,sz.002632,20.4500,21.9300,20.2000,21.4200,20.0800,12939785,271635136.0000,3,4.963868,1,6.673300,0
2016-01-26,sz.002632,20.9900,21.3800,19.2800,19.2800,21.4200,9750477,198415881.0000,3,3.740408,1,-9.990700,0
2016-01-27,sz.002632,19.0000,20.2500,17.3500,19.9900,19.2800,10306022,192695738.0000,3,3.953522,1,3.682600,0
2016-01-28,sz.002632,19.4400,19.8800,18.0000,18.1400,19.9900,7822299,148628759.0000,3,3.000734,1,-9.254600,0
2016-01-29,sz.002632,17.8500,19.3000,17.3500,18.9000,18.1400,6324178,117391095.0000,3,2.426036,1,4.189600,0
2016-02-01,sz.002632,18.5500,19.8700,18.5200,19.2000,18.9000,7280315,140155916.0000,3,2.792822,1,1.587300,0
2016-02-02,sz.002632,19.1800,20.5000,18.9900,20.0000,19.2000,7423068,147598651.0000,3,2.847584,1,4.166700,0
2016-02-03,sz.002632,19.5000,20.2000,19.2600,19.9400,20.0000,6056479,118990886.0000,3,2.323343,1,-0.300000,0
2016-02-04,sz.002632,20.1900,20.4500,19.9100,20.1500,19.9400,6806030,137312768.0000,3,2.610880,1,1.053200,0
2016-02-05,sz.002632,20.1700,20.3800,19.0900,19.2400,20.1500,5195164,102269372.0000,3,1.992932,1,-4.516100,0
2016-02-15,sz.002632,18.2600,19.8300,18.0200,19.5800,19.2400,4449748,85473635.0000,3,1.706980,1,1.767200,0
2016-02-16,sz.002632,19.5000,20.6000,19.5000,20.3800,19.5800,5997860,121467941.0000,3,2.300856,1,4.085800,0
2016-02-17,sz.002632,20.2700,21.7000,20.0500,21.4300,20.3800,10194901,212984229.0000,3,3.910895,1,5.152100,0
2016-02-18,sz.002632,21.1800,21.4200,20.7100,20.7400,21.4300,8112160,170994025.0000,3,3.111929,1,-3.219800,0
2016-02-19,sz.002632,20.7500,22.6200,20.7500,21.9700,20.7400,11427485,248905226.0000,3,4.383730,1,5.930600,0
2016-02-22,sz.002632,22.2600,24.1700,21.8100,24.1700,21.9700,12109971,276422288.0000,3,4.645540,1,10.013700,0
2016-02-23,sz.002632,24.3000,25.2900,23.3000,24.1100,24.1700,19928024,486041728.0000,3,7.644646,1,-0.248200,0
2016-02-24,sz.002632,24.1000,24.1000,22.5000,22.9300,24.1100,13198705,307110768.0000,3,5.063193,1,-4.894200,0
2016-02-25,sz.002632,23.0000,23.7000,20.6400,20.7900,22.9300,13929480,310685200.0000,3,5.343527,1,-9.332700,0
2016-02-26,sz.002632,21.9600,22.2800,20.8000,21.6900,20.7900,13110534,283881600.0000,3,5.029369,1,4.329000,0
2016-02-29,sz.002632,21.0100,21.2700,19.5200,19.5200,21.6900,10433203,206133733.0000,3,4.002311,1,-10.004600,0
2016-03-01,sz.002632,19.5800,20.9900,18.0200,20.3700,19.5200,9961749,195258874.0000,3,3.821455,1,4.354500,0
2016-03-02,sz.002632,20.0000,21.6000,20.0000,21.5100,20.3700,10427698,218094443.0000,3,4.000199,1,5.596500,0
2016-03-03,sz.002632,21.5000,23.5900,21.3000,22.4300,21.5100,13935590,311894304.0000,3,5.345871,1,4.277100,0
2016-03-04,sz.002632,22.1100,23.3000,20.7700,21.7400,22.4300,15118828,338103856.0000,3,5.799776,1,-3.076200,0
2016-03-07,sz.002632,22.0000,23.2000,21.6500,22.9900,21.7400,13476427,304827760.0000,3,5.169730,1,5.749800,0
2016-03-08,sz.002632,22.7000,24.8000,20.8000,24.2900,22.9900,19532899,452831424.0000,3,7.493071,1,5.654600,0
2016-03-09,sz.002632,23.4000,24.2600,22.9600,22.9800,24.2900,11735866,276177168.0000,3,4.502029,1,-5.393200,0
2016-03-10,sz.002632,23.0000,23.5800,21.8700,21.8700,22.9800,8568904,193018475.0000,3,3.287141,1,-4.830300,0
2016-03-11,sz.002632,21.2900,21.8000,21.1100,21.3400,21.8700,7497927,160673104.0000,3,2.876301,1,-2.423400,0
2016-03-14,sz.002632,21.9500,23.2000,21.7000,22.9400,21.3400,10196535,231187375.0000,3,3.911522,1,7.497700,0
2016-03-15,sz.002632,22.9200,23.8000,22.6100,22.6200,22.9400,10975660,253974135.0000,3,4.210404,1,-1.394900,0
2016-03-16,sz.002632,22.9800,23.1800,21.8000,22.3600,22.6200,9336554,210774464.0000,3,3.581622,1,-1.149400,0
2016-03-17,sz.002632,22.4800,24.3000,22.4800,24.2600,22.3600,16379050,384724064.0000,3,6.283214,1,8.497300,0
2016-03-18,sz.002632,24.2100,25.4900,23.9000,24.9600,24.2600,20253714,501531344.0000,3,7.769584,1,2.885400,0
2016-03-21,sz.002632,25.1000,25.6000,24.2800,25.2800,24.9600,17210972,429983792.0000,3,6.602350,1,1.282100,0
2016-03-22,sz.002632,24.6100,25.1900,24.4000,24.7100,25.2800,11306302,281418640.0000,3,4.337242,1,-2.254800,0
2016-03-23,sz.002632,24.1300,24.6400,23.8500,24.4100,24.7100,13607047,329145616.0000,3,5.219838,1,-1.214100,0
2016-03-24,sz.002632,24.0300,25.3100,23.8000,24.4500,24.4100,15288647,378029664.0000,3,5.864921,1,0.163900,0
2016-03-25,sz.002632,24.2600,25.7900,24.2000,25.7000,24.4500,17425457,440951008.0000,3,6.684629,1,5.112500,0
2016-03-28,sz.002632,26.0400,26.4900,24.8500,24.8600,25.7000,14430127,368586288.0000,3,5.535582,1,-3.268500,0
2016-03-29,sz.002632,24.6000,24.9000,23.7000,24.0000,24.8600,9504626,229556704.0000,3,3.646096,1,-3.459400,0
2016-03-30,sz.002632,24.3100,25.1400,24.0200,25.1400,24.0000,9371698,230557689.0000,3,3.595104,1,4.750000,0
2016-03-31,sz.002632,25.2500,25.4500,24.6000,24.6700,25.1400,9506622,237970995.0000,3,3.646862,1,-1.869500,0
2016-04-01,sz.002632,24.6900,24.6900,23.8700,24.1800,24.6700,7083894,170805890.0000,3,2.717473,1,-1.986200,0
2016-04-05,sz.002632,24.0100,25.1400,24.0100,25.0600,24.1800,7531721,186038626.0000,3,2.889265,1,3.639400,0
2016-04-06,sz.002632,25.2000,25.6000,24.5200,25.2500,25.0600,9576082,240372947.0000,3,3.673508,1,0.758200,0
2016-04-07,sz.002632,25.1500,25.2000,24.2100,24.2200,25.2500,7807221,192127648.0000,3,2.994950,1,-4.079200,0
2016-04-08,sz.002632,23.9000,23.9300,23.0000,23.4400,24.2200,6935560,163063423.0000,3,2.660570,1,-3.220500,0
2016-04-11,sz.002632,23.5500,24.1900,23.5300,23.6500,23.4400,5108239,121910042.0000,3,1.959586,1,0.895900,0
2016-04-12,sz.002632,23.6800,23.8000,22.9000,23.1200,23.6500,4981074,115668177.0000,3,1.910804,1,-2.241000,0
2016-04-13,sz.002632,23.3200,24.0200,23.3000,23.5900,23.1200,6624799,157169822.0000,3,2.541358,1,2.032900,0
2016-04-14,sz.002632,23.6100,23.9800,23.5500,23.9000,23.5900,4925874,117139027.0000,3,1.889628,1,1.314100,0
2016-04-15,sz.002632,23.9400,24.4700,23.7400,24.3000,23.9000,7375843,177959404.0000,3,2.829468,1,1.673600,0
2016-04-18,sz.002632,24.5000,24.5000,23.7400,23.8100,24.3000,5146640,123458334.0000,3,1.974317,1,-2.016500,0
2016-04-19,sz.002632,23.9800,24.1600,23.2600,23.4600,23.8100,4519657,106443060.0000,3,1.733798,1,-1.470000,0
2016-04-20,sz.002632,23.5000,23.6500,21.4000,21.4000,23.4600,7510225,167684285.0000,3,2.881019,1,-8.780900,0
2016-04-21,sz.002632,21.2000,21.5600,20.3900,20.4500,21.4000,4963517,104809545.0000,3,1.904069,1,-4.439200,0
2016-04-22,sz.002632,20.4600,21.9900,20.4500,21.9900,20.4500,7318794,157072392.0000,3,2.807583,1,7.530600,0
2016-04-25,sz.002632,22.4500,24.1000,22.1200,23.9000,21.9900,12318543,286256704.0000,3,4.725551,1,8.685800,0
2016-04-26,sz.002632,23.7600,24.3000,23.3200,23.9400,23.9000,8393736,199612331.0000,3,3.219945,1,0.167400,0
2016-04-27,sz.002632,23.3000,23.6600,22.8800,23.2000,23.9400,8638031,200939109.0000,3,3.313659,1,-3.091100,0
2016-04-28,sz.002632,23.0000,23.2400,21.9800,22.6000,23.2000,5243684,118393745.0000,3,2.011544,1,-2.586200,0
2016-04-29,sz.002632,22.2200,24.1700,22.2200,23.7600,22.6000,8177396,193520323.0000,3,3.136954,1,5.132700,0
2016-05-03,sz.002632,23.4800,24.8000,23.0000,24.6700,23.7600,12429159,299007024.0000,3,4.767985,1,3.830000,0
2016-05-04,sz.002632,24.3700,24.5100,23.9000,23.9700,24.6700,10402114,252118343.0000,3,3.990384,1,-2.837500,0
2016-05-05,sz.002632,23.8500,24.6800,23.8000,24.3900,23.9700,8344524,203684108.0000,3,3.201066,1,1.752200,0
2016-05-06,sz.002632,24.3200,24.7800,22.9100,23.0200,24.3900,9515576,226346146.0000,3,3.650297,1,-5.617100,0
2016-05-09,sz.002632,22.7000,22.7000,21.7800,22.0200,23.0200,5297809,117287149.0000,3,2.032307,1,-4.344000,0
2016-05-10,sz.002632,22.2200,22.4800,21.8700,22.0700,22.0200,3109451,68871086.0000,3,1.192825,1,0.227100,0
2016-05-11,sz.002632,22.3000,22.4600,21.2500,21.4500,22.0700,4772335,103729207.0000,3,1.830729,1,-2.809200,0
2016-05-12,sz.002632,20.9700,21.9300,20.6200,21.8600,21.4500,4090087,87534076.0000,3,1.569010,1,1.911400,0
2016-05-13,sz.002632,21.8700,22.1500,21.3000,21.6000,21.8600,3277970,71319597.0000,3,1.257471,1,-1.189400,0
2016-05-16,sz.002632,21.8900,22.3400,21.5100,22.3400,21.6000,3652391,80597581.0000,3,1.401104,1,3.425900,0
2016-05-17,sz.002632,22.3200,22.4400,21.8000,21.9700,22.3400,3731320,82277452.0000,3,1.431382,1,-1.656200,0
2016-05-18,sz.002632,21.5100,21.7900,20.5000,20.7500,21.9700,4222119,88842181.0000,3,1.619659,1,-5.553000,0
2016-05-19,sz.002632,20.7600,21.4500,20.7600,21.0500,20.7500,3639984,76796121.0000,3,1.390711,1,1.445800,0
2016-05-20,sz.002632,20.5300,21.2800,20.5200,21.2700,21.0500,3418119,71456848.0000,3,1.305944,1,1.045100,0
2016-05-23,sz.002632,21.3100,21.6100,21.2200,21.4100,21.2700,4215333,90314841.0000,3,1.610532,1,0.658200,0
2016-05-24,sz.002632,21.5400,21.5400,21.2800,21.4400,21.4100,2958764,63386437.0000,3,1.130441,1,0.140100,0
2016-05-25,sz.002632,21.5700,21.8000,21.2400,21.5900,21.4400,3507723,75625982.0000,3,1.340179,1,0.699600,0
2016-05-26,sz.002632,21.4600,21.5300,20.6800,21.3100,21.5900,3584713,75482348.0000,3,1.369594,1,-1.296900,0
2016-05-27,sz.002632,10.6300,11.1900,10.3100,10.7300,10.6300,9138990,99694817.0000,3,1.745845,1,0.940700,0
2016-05-30,sz.002632,10.5400,11.0200,10.3500,10.6900,10.7300,7257996,77799916.0000,3,1.386514,1,-0.372800,0
2016-05-31,sz.002632,10.8000,11.2300,10.7000,11.2000,10.6900,12877341,141724955.0000,3,2.459992,1,4.770800,0
2016-06-01,sz.002632,11.2200,11.8000,11.1000,11.4400,11.2000,15278321,175104248.0000,3,2.918657,1,2.142900,0
2016-06-02,sz.002632,11.2800,11.8800,11.2800,11.8100,11.4400,16461139,190460663.0000,3,3.144614,1,3.234300,0
2016-06-03,sz.002632,11.8100,12.0800,11.5900,11.6100,11.8100,15654997,183912858.0000,3,2.990615,1,-1.693500,0
2016-06-06,sz.002632,11.6400,11.9500,11.5800,11.6800,11.6100,11649062,136669057.0000,3,2.225351,1,0.602900,0
2016-06-07,sz.002632,11.6500,11.6500,11.3700,11.5100,11.6800,8188359,94232408.0000,3,1.564244,1,-1.455500,0
2016-06-08,sz.002632,11.4100,11.5900,11.1800,11.4500,11.5100,9938073,113242899.0000,3,1.898496,1,-0.521300,0
2016-06-13,sz.002632,11.1800,11.3600,10.4100,10.4100,11.4500,10315199,113351727.0000,3,1.970539,1,-9.083000,0
2016-06-14,sz.002632,10.3500,10.6100,10.3000,10.4700,10.4100,6394234,66840491.0000,3,1.221507,1,0.576400,0
2016-06-15,sz.002632,10.3000,11.5200,10.2500,11.5200,10.4700,14898357,168266827.0000,3,2.846072,1,10.028700,0
2016-06-16,sz.002632,11.9800,12.4000,11.6900,12.1000,11.5200,40442443,486478960.0000,3,7.725825,1,5.034700,0
2016-06-17,sz.002632,12.1000,12.9600,12.0500,12.5600,12.1000,38611340,482164400.0000,3,7.376025,1,3.801700,0
2016-06-20,sz.002632,12.3200,12.6200,12.1500,12.5500,12.5600,21957540,271647680.0000,3,4.194606,1,-0.079600,0
2016-06-21,sz.002632,12.6300,12.7400,11.8000,11.9800,12.5500,20969721,256940002.0000,3,4.003491,1,-4.541800,0
2016-06-22,sz.002632,11.9800,11.9800,11.9800,11.9800,11.9800,0,0.0000,3,,0,0.000000,0
2016-06-23,sz.002632,11.9800,11.9800,11.9800,11.9800,11.9800,0,0.0000,3,,0,0.000000,0
2016-06-24,sz.002632,11.9800,11.9800,11.9800,11.9800,11.9800,0,0.0000,3,,0,0.000000,0
2016-06-27,sz.002632,11.9800,11.9800,11.9800,11.9800,11.9800,0,0.0000,3,,0,0.000000,0
2016-06-28,sz.002632,11.9800,11.9800,11.9800,11.9800,11.9800,0,0.0000,3,,0,0.000000,0
2016-06-29,sz.002632,11.9800,11.9800,11.9800,11.9800,11.9800,0,0.0000,3,,0,0.000000,0
2016-06-30,sz.002632,11.9800,11.9800,11.9800,11.9800,11.9800,0,0.0000,3,,0,0.000000,0
2016-07-01,sz.002632,11.9800,11.9800,11.9800,11.9800,11.9800,0,0.0000,3,,0,0.000000,0
2016-07-04,sz.002632,11.9800,11.9800,11.9800,11.9800,11.9800,0,0.0000,3,,0,0.000000,0
2016-07-05,sz.002632,11.9800,11.9800,11.9800,11.9800,11.9800,0,0.0000,3,,0,0.000000,0
2016-07-06,sz.002632,11.9800,11.9800,11.9800,11.9800,11.9800,0,0.0000,3,,0,0.000000,0
2016-07-07,sz.002632,11.9800,11.9800,11.9800,11.9800,11.9800,0,0.0000,3,,0,0.000000,0
2016-07-08,sz.002632,11.9800,11.9800,11.9800,11.9800,11.9800,0,0.0000,3,,0,0.000000,0
2016-07-11,sz.002632,11.9800,11.9800,11.9800,11.9800,11.9800,0,0.0000,3,,0,0.000000,0
2016-07-12,sz.002632,11.9800,11.9800,11.9800,11.9800,11.9800,0,0.0000,3,,0,0.000000,0
2016-07-13,sz.002632,11.9800,11.9800,11.9800,11.9800,11.9800,0,0.0000,3,,0,0.000000,0
2016-07-14,sz.002632,11.9800,11.9800,11.9800,11.9800,11.9800,0,0.0000,3,,0,0.000000,0
2016-07-15,sz.002632,11.9800,11.9800,11.9800,11.9800,11.9800,0,0.0000,3,,0,0.000000,0
2016-07-18,sz.002632,11.9800,11.9800,11.9800,11.9800,11.9800,0,0.0000,3,,0,0.000000,0
2016-07-19,sz.002632,11.9800,11.9800,11.9800,11.9800,11.9800,0,0.0000,3,,0,0.000000,0
2016-07-20,sz.002632,11.9800,11.9800,11.9800,11.9800,11.9800,0,0.0000,3,,0,0.000000,0
2016-07-21,sz.002632,11.9800,11.9800,11.9800,11.9800,11.9800,0,0.0000,3,,0,0.000000,0
2016-07-22,sz.002632,11.9800,11.9800,11.9800,11.9800,11.9800,0,0.0000,3,,0,0.000000,0
2016-07-25,sz.002632,11.9800,11.9800,11.9800,11.9800,11.9800,0,0.0000,3,,0,0.000000,0
2016-07-26,sz.002632,11.9800,11.9800,11.9800,11.9800,11.9800,0,0.0000,3,,0,0.000000,0
2016-07-27,sz.002632,11.9800,11.9800,11.9800,11.9800,11.9800,0,0.0000,3,,0,0.000000,0
2016-07-28,sz.002632,11.9800,11.9800,11.9800,11.9800,11.9800,0,0.0000,3,,0,0.000000,0
2016-07-29,sz.002632,11.9800,11.9800,11.9800,11.9800,11.9800,0,0.0000,3,,0,0.000000,0
2016-08-01,sz.002632,11.9800,11.9800,11.9800,11.9800,11.9800,0,0.0000,3,,0,0.000000,0
2016-08-02,sz.002632,11.9800,11.9800,11.9800,11.9800,11.9800,0,0.0000,3,,0,0.000000,0
2016-08-03,sz.002632,11.9800,11.9800,11.9800,11.9800,11.9800,0,0.0000,3,,0,0.000000,0
2016-08-04,sz.002632,11.9800,11.9800,11.9800,11.9800,11.9800,0,0.0000,3,,0,0.000000,0
2016-08-05,sz.002632,11.9800,11.9800,11.9800,11.9800,11.9800,0,0.0000,3,,0,0.000000,0
2016-08-08,sz.002632,11.9800,11.9800,11.9800,11.9800,11.9800,0,0.0000,3,,0,0.000000,0
2016-08-09,sz.002632,11.9800,11.9800,11.9800,11.9800,11.9800,0,0.0000,3,,0,0.000000,0
2016-08-10,sz.002632,11.9800,11.9800,11.9800,11.9800,11.9800,0,0.0000,3,,0,0.000000,0
2016-08-11,sz.002632,11.9800,11.9800,11.9800,11.9800,11.9800,0,0.0000,3,,0,0.000000,0
2016-08-12,sz.002632,11.9800,11.9800,11.9800,11.9800,11.9800,0,0.0000,3,,0,0.000000,0
2016-08-15,sz.002632,11.9800,11.9800,11.9800,11.9800,11.9800,0,0.0000,3,,0,0.000000,0
2016-08-16,sz.002632,11.9800,11.9800,11.9800,11.9800,11.9800,0,0.0000,3,,0,0.000000,0
2016-08-17,sz.002632,11.9800,11.9800,11.9800,11.9800,11.9800,0,0.0000,3,,0,0.000000,0
2016-08-18,sz.002632,11.9800,11.9800,11.9800,11.9800,11.9800,0,0.0000,3,,0,0.000000,0
2016-08-19,sz.002632,11.9800,11.9800,11.9800,11.9800,11.9800,0,0.0000,3,,0,0.000000,0
2016-08-22,sz.002632,11.9800,11.9800,11.9800,11.9800,11.9800,0,0.0000,3,,0,0.000000,0
2016-08-23,sz.002632,11.9800,11.9800,11.9800,11.9800,11.9800,0,0.0000,3,,0,0.000000,0
2016-08-24,sz.002632,11.9800,11.9800,11.9800,11.9800,11.9800,0,0.0000,3,,0,0.000000,0
2016-08-25,sz.002632,11.9800,11.9800,11.9800,11.9800,11.9800,0,0.0000,3,,0,0.000000,0
2016-08-26,sz.002632,11.9800,11.9800,11.9800,11.9800,11.9800,0,0.0000,3,,0,0.000000,0
2016-08-29,sz.002632,11.9800,11.9800,11.9800,11.9800,11.9800,0,0.0000,3,,0,0.000000,0
2016-08-30,sz.002632,11.9800,11.9800,11.9800,11.9800,11.9800,0,0.0000,3,,0,0.000000,0
2016-08-31,sz.002632,11.9800,11.9800,11.9800,11.9800,11.9800,0,0.0000,3,,0,0.000000,0
2016-09-01,sz.002632,11.9800,11.9800,11.9800,11.9800,11.9800,0,0.0000,3,,0,0.000000,0
2016-09-02,sz.002632,11.9800,11.9800,11.9800,11.9800,11.9800,0,0.0000,3,,0,0.000000,0
2016-09-05,sz.002632,11.9800,11.9800,11.9800,11.9800,11.9800,0,0.0000,3,,0,0.000000,0
2016-09-06,sz.002632,11.9800,11.9800,11.9800,11.9800,11.9800,0,0.0000,3,,0,0.000000,0
2016-09-07,sz.002632,11.9800,11.9800,11.9800,11.9800,11.9800,0,0.0000,3,,0,0.000000,0
2016-09-08,sz.002632,11.9800,11.9800,11.9800,11.9800,11.9800,0,0.0000,3,,0,0.000000,0
2016-09-09,sz.002632,11.9800,11.9800,11.9800,11.9800,11.9800,0,0.0000,3,,0,0.000000,0
2016-09-12,sz.002632,11.9800,11.9800,11.9800,11.9800,11.9800,0,0.0000,3,,0,0.000000,0
2016-09-13,sz.002632,11.9800,11.9800,11.9800,11.9800,11.9800,0,0.0000,3,,0,0.000000,0
2016-09-14,sz.002632,11.9800,11.9800,11.9800,11.9800,11.9800,0,0.0000,3,,0,0.000000,0
2016-09-19,sz.002632,11.9800,11.9800,11.9800,11.9800,11.9800,0,0.0000,3,,0,0.000000,0
2016-09-20,sz.002632,11.9800,11.9800,11.9800,11.9800,11.9800,0,0.0000,3,,0,0.000000,0
2016-09-21,sz.002632,11.9800,11.9800,11.9800,11.9800,11.9800,0,0.0000,3,,0,0.000000,0
2016-09-22,sz.002632,11.9800,11.9800,11.9800,11.9800,11.9800,0,0.0000,3,,0,0.000000,0
2016-09-23,sz.002632,11.9800,11.9800,11.9800,11.9800,11.9800,0,0.0000,3,,0,0.000000,0
2016-09-26,sz.002632,11.9800,11.9800,11.9800,11.9800,11.9800,0,0.0000,3,,0,0.000000,0
2016-09-27,sz.002632,11.9800,11.9800,11.9800,11.9800,11.9800,0,0.0000,3,,0,0.000000,0
2016-09-28,sz.002632,11.9800,11.9800,11.9800,11.9800,11.9800,0,0.0000,3,,0,0.000000,0
2016-09-29,sz.002632,11.9800,11.9800,11.9800,11.9800,11.9800,0,0.0000,3,,0,0.000000,0
2016-09-30,sz.002632,11.9800,11.9800,11.9800,11.9800,11.9800,0,0.0000,3,,0,0.000000,0
2016-10-10,sz.002632,11.9800,11.9800,11.9800,11.9800,11.9800,0,0.0000,3,,0,0.000000,0
2016-10-11,sz.002632,11.9800,11.9800,11.9800,11.9800,11.9800,0,0.0000,3,,0,0.000000,0
2016-10-12,sz.002632,11.9800,11.9800,11.9800,11.9800,11.9800,0,0.0000,3,,0,0.000000,0
2016-10-13,sz.002632,11.9800,11.9800,11.9800,11.9800,11.9800,0,0.0000,3,,0,0.000000,0
2016-10-14,sz.002632,11.9800,11.9800,11.9800,11.9800,11.9800,0,0.0000,3,,0,0.000000,0
2016-10-17,sz.002632,11.9800,11.9800,11.9800,11.9800,11.9800,0,0.0000,3,,0,0.000000,0
2016-10-18,sz.002632,11.9800,11.9800,11.9800,11.9800,11.9800,0,0.0000,3,,0,0.000000,0
2016-10-19,sz.002632,11.9800,11.9800,11.9800,11.9800,11.9800,0,0.0000,3,,0,0.000000,0
2016-10-20,sz.002632,11.9800,11.9800,11.9800,11.9800,11.9800,0,0.0000,3,,0,0.000000,0
2016-10-21,sz.002632,11.9800,11.9800,11.9800,11.9800,11.9800,0,0.0000,3,,0,0.000000,0
2016-10-24,sz.002632,11.9800,11.9800,11.9800,11.9800,11.9800,0,0.0000,3,,0,0.000000,0
2016-10-25,sz.002632,11.9800,11.9800,11.9800,11.9800,11.9800,0,0.0000,3,,0,0.000000,0
2016-10-26,sz.002632,11.9800,11.9800,11.9800,11.9800,11.9800,0,0.0000,3,,0,0.000000,0
2016-10-27,sz.002632,11.9800,11.9800,11.9800,11.9800,11.9800,0,0.0000,3,,0,0.000000,0
2016-10-28,sz.002632,11.9800,11.9800,11.9800,11.9800,11.9800,0,0.0000,3,,0,0.000000,0
2016-10-31,sz.002632,11.9800,11.9800,11.9800,11.9800,11.9800,0,0.0000,3,,0,0.000000,0
2016-11-01,sz.002632,11.9800,11.9800,11.9800,11.9800,11.9800,0,0.0000,3,,0,0.000000,0
2016-11-02,sz.002632,11.9800,11.9800,11.9800,11.9800,11.9800,0,0.0000,3,,0,0.000000,0
2016-11-03,sz.002632,11.9800,11.9800,11.9800,11.9800,11.9800,0,0.0000,3,,0,0.000000,0
2016-11-04,sz.002632,11.9800,11.9800,11.9800,11.9800,11.9800,0,0.0000,3,,0,0.000000,0
2016-11-07,sz.002632,11.9800,11.9800,11.9800,11.9800,11.9800,0,0.0000,3,,0,0.000000,0
2016-11-08,sz.002632,11.9800,11.9800,11.9800,11.9800,11.9800,0,0.0000,3,,0,0.000000,0
2016-11-09,sz.002632,12.2800,13.1800,12.2000,13.1800,11.9800,43853342,568409440.0000,3,7.924126,1,10.016700,0
2016-11-10,sz.002632,13.4900,14.3700,13.3100,13.8000,13.1800,55390602,762453968.0000,3,10.008864,1,4.704096,0
2016-11-11,sz.002632,13.7100,13.8000,13.2000,13.2600,13.8000,34888821,465076208.0000,3,6.304273,1,-3.913043,0
2016-11-14,sz.002632,13.2100,13.2200,12.4500,12.8900,13.2600,25301154,323464400.0000,3,4.571819,1,-2.790346,0
2016-11-15,sz.002632,12.8900,12.9900,12.6200,12.8500,12.8900,16440002,210341793.0000,3,2.970644,1,-0.310318,0
2016-11-16,sz.002632,12.8400,12.9700,12.6500,12.7700,12.8500,15142581,194208246.0000,3,2.736205,1,-0.622568,0
2016-11-17,sz.002632,12.7600,12.8000,12.5000,12.6200,12.7700,10911348,137718046.0000,3,1.971638,1,-1.174632,0
2016-11-18,sz.002632,12.6600,12.6800,12.3000,12.3500,12.6200,13441245,167058492.0000,3,2.428780,1,-2.139457,0
2016-11-21,sz.002632,12.3000,12.5700,12.2500,12.4000,12.3500,7964230,98693910.0000,3,1.439105,1,0.404852,0
2016-11-22,sz.002632,12.3800,12.5200,12.2300,12.3400,12.4000,10735102,132318400.0000,3,1.939791,1,-0.483867,0
2016-11-23,sz.002632,12.4000,12.4300,11.9000,11.9600,12.3400,14816721,179648176.0000,3,2.677323,1,-3.079417,0
2016-11-24,sz.002632,12.0000,12.0400,11.5800,11.7500,11.9600,12864166,151296166.0000,3,2.324504,1,-1.755853,0
2016-11-25,sz.002632,11.7500,11.9500,11.6000,11.9000,11.7500,9526433,112611079.0000,3,1.721389,1,1.276592,0
2016-11-28,sz.002632,11.9500,12.1700,11.8100,11.9100,11.9000,8325552,99720236.0000,3,1.504394,1,0.084036,0
2016-11-29,sz.002632,11.8800,12.1000,11.6000,11.6400,11.9100,7344972,87075203.0000,3,1.327208,1,-2.266998,0
2016-11-30,sz.002632,11.6900,11.7200,11.1500,11.2300,11.6400,10343940,117587833.0000,3,1.869109,1,-3.522344,0
2016-12-01,sz.002632,11.2000,11.2900,11.0100,11.1400,11.2300,8275240,92143428.0000,3,1.495303,1,-0.801418,0
2016-12-02,sz.002632,11.2000,11.2900,11.0600,11.1200,11.1400,5610282,62673215.0000,3,1.013756,1,-0.179537,0
2016-12-05,sz.002632,10.9800,11.1000,10.7200,10.8000,11.1200,6838206,74427865.0000,3,1.235637,1,-2.877695,0
2016-12-06,sz.002632,10.9000,10.9700,10.8200,10.9700,10.8000,4676870,50992301.0000,3,0.845092,1,1.574075,0
2016-12-07,sz.002632,11.0100,11.7400,11.0000,11.6000,10.9700,14954962,170816335.0000,3,2.702303,1,5.742936,0
2016-12-08,sz.002632,11.6000,11.7700,11.4000,11.4600,11.6000,8120629,93730809.0000,3,1.467366,1,-1.206899,0
2016-12-09,sz.002632,11.4000,11.5900,11.1500,11.2100,11.4600,6394343,72439923.0000,3,1.155433,1,-2.181501,0
2016-12-12,sz.002632,11.2000,11.3500,10.3100,10.4700,11.2100,7512794,81455594.0000,3,1.357532,1,-6.601247,0
2016-12-13,sz.002632,10.4000,10.6000,10.3300,10.5300,10.4700,4674516,48986335.0000,3,0.844667,1,0.573061,0
2016-12-14,sz.002632,10.5800,10.6900,10.3600,10.4600,10.5300,5225356,55191597.0000,3,0.944201,1,-0.664764,0
2016-12-15,sz.002632,10.4000,10.6300,10.3500,10.5300,10.4600,4738011,49816860.0000,3,0.856140,1,0.669213,0
2016-12-16,sz.002632,10.5200,10.6800,10.4500,10.5000,10.5300,4601759,48510845.0000,3,0.831520,1,-0.284898,0
2016-12-19,sz.002632,10.5100,10.5500,10.2700,10.3700,10.5000,4303400,44598322.0000,3,0.777607,1,-1.238096,0
2016-12-20,sz.002632,10.3900,10.4500,10.2400,10.4500,10.3700,3273700,33905981.0000,3,0.591545,1,0.771455,0
2016-12-21,sz.002632,10.4800,10.5500,10.4000,10.4800,10.4500,3682646,38532422.0000,3,0.665440,1,0.287079,0
2016-12-22,sz.002632,10.5000,10.6200,10.4200,10.5300,10.4800,4107333,43176341.0000,3,0.742179,1,0.477101,0
2016-12-23,sz.002632,10.6700,11.2200,10.6100,10.8300,10.5300,10948961,120097335.0000,3,1.978434,1,2.849005,0
2016-12-26,sz.002632,10.6100,11.1400,10.5300,11.0800,10.8300,9222223,100918042.0000,3,1.666419,1,2.308403,0
2016-12-27,sz.002632,11.0800,11.1100,10.8500,10.8800,11.0800,5237723,57342086.0000,3,0.946436,1,-1.805053,0
2016-12-28,sz.002632,10.8900,10.9700,10.6700,10.7200,10.8800,4143374,44490360.0000,3,0.748691,1,-1.470587,0
2016-12-29,sz.002632,10.7500,10.7900,10.5500,10.5500,10.7200,3118044,33157599.0000,3,0.563418,1,-1.585822,0
2016-12-30,sz.002632,10.5500,10.6900,10.4200,10.5500,10.5500,3712043,39089152.0000,3,0.670752,1,0.000000,0
2017-01-03,sz.002632,10.5600,11.0300,10.5600,11.0000,10.5500,8997619,97619570.0000,3,1.625834,1,4.265401,0
2017-01-04,sz.002632,10.9500,11.3900,10.9000,11.1800,11.0000,10832859,121512362.0000,3,1.957455,1,1.636366,0
2017-01-05,sz.002632,11.1500,11.2900,11.0300,11.0800,11.1800,6420950,71530512.0000,3,1.160240,1,-0.894458,0
2017-01-06,sz.002632,11.0200,11.4300,11.0200,11.3200,11.0800,10561392,119107109.0000,3,1.908402,1,2.166063,0
2017-01-09,sz.002632,11.2500,11.4200,11.2100,11.3000,11.3200,5238039,59317217.0000,3,0.946493,1,-0.176674,0
2017-01-10,sz.002632,11.2000,11.4700,11.1000,11.2800,11.3000,5616210,63545838.0000,3,1.014827,1,-0.176995,0
2017-01-11,sz.002632,11.2700,11.3700,11.0600,11.0700,11.2800,4126999,46142402.0000,3,0.745732,1,-1.861702,0
2017-01-12,sz.002632,11.0400,11.2500,11.0400,11.1100,11.0700,5172588,57501101.0000,3,0.934666,1,0.361337,0
2017-01-13,sz.002632,11.1100,11.1500,10.5400,10.7000,11.1100,4386096,47706338.0000,3,0.792550,1,-3.690368,0
2017-01-16,sz.002632,10.6100,10.6800,9.6300,10.1400,10.7000,6049786,61653126.0000,3,1.093173,1,-5.233640,0
2017-01-17,sz.002632,10.1000,10.1200,9.5600,10.0700,10.1400,5529116,54703315.0000,3,0.999090,1,-0.690342,0
2017-01-18,sz.002632,10.0800,10.1200,9.9000,9.9300,10.0700,3523740,35241548.0000,3,0.636726,1,-1.390262,0
2017-01-19,sz.002632,9.8000,10.1600,9.8000,10.0100,9.9300,2507852,25079482.0000,3,0.453159,1,0.805639,0
2017-01-20,sz.002632,9.9200,10.1700,9.9000,10.1100,10.0100,2495830,25222381.0000,3,0.450987,1,0.998995,0
2017-01-23,sz.002632,10.0900,10.3500,10.0800,10.1500,10.1100,2275884,23238767.0000,3,0.411243,1,0.395647,0
2017-01-24,sz.002632,10.1900,10.2900,10.1100,10.1500,10.1500,1714774,17486033.0000,3,0.309853,1,0.000000,0
2017-01-25,sz.002632,10.1200,10.2100,10.0800,10.1800,10.1500,1343380,13646207.0000,3,0.242743,1,0.295573,0
2017-01-26,sz.002632,10.1800,10.3400,10.1500,10.3100,10.1800,1605322,16434836.0000,3,0.290075,1,1.277015,0
2017-02-03,sz.002632,10.4100,10.4400,10.1900,10.2000,10.3100,1700302,17456743.0000,3,0.307238,1,-1.066931,0
2017-02-06,sz.002632,10.2100,10.3500,10.1000,10.2700,10.2000,1998998,20442596.0000,3,0.361211,1,0.686281,0
2017-02-07,sz.002632,10.2700,10.3100,10.1500,10.2600,10.2700,2717192,27787885.0000,3,0.490986,1,-0.097373,0
2017-02-08,sz.002632,10.2600,11.2900,10.1900,11.2900,10.2600,7798416,84758266.0000,3,1.409143,1,10.038980,0
2017-02-09,sz.002632,11.5700,12.0000,11.3000,11.8600,11.2900,32495435,382293376.0000,3,5.871797,1,5.048713,0
2017-02-10,sz.002632,11.7200,11.7200,11.3400,11.3400,11.8600,16027398,184415290.0000,3,2.896088,1,-4.384481,0
2017-02-13,sz.002632,11.3300,11.6400,11.3300,11.5500,11.3400,9804835,112721096.0000,3,1.771695,1,1.851852,0
2017-02-14,sz.002632,11.4500,11.5500,11.3200,11.5400,11.5500,7924717,90470934.0000,3,1.431965,1,-0.086582,0
2017-02-15,sz.002632,11.6000,11.6200,11.3300,11.3600,11.5400,8050385,92286643.0000,3,1.454673,1,-1.559795,0
2017-02-16,sz.002632,11.3500,11.4400,11.1000,11.3000,11.3600,6858210,77119155.0000,3,1.239252,1,-0.528164,0
2017-02-17,sz.002632,11.2300,11.3500,10.9300,11.0300,11.3000,6730752,74785909.0000,3,1.216220,1,-2.389385,0
2017-02-20,sz.002632,11.0000,11.2800,10.8300,11.1800,11.0300,6835119,75682912.0000,3,1.235079,1,1.359933,0
2017-02-21,sz.002632,11.1100,11.3200,11.0100,11.1900,11.1800,6612950,74002061.0000,3,1.194934,1,0.089439,0
2017-02-22,sz.002632,11.1600,11.3000,11.0600,11.1300,11.1900,4947264,55162698.0000,3,0.893951,1,-0.536188,0
2017-02-23,sz.002632,11.1400,11.2700,11.0800,11.2700,11.1300,5025392,56156183.0000,3,0.908069,1,1.257865,0
2017-02-24,sz.002632,11.3300,11.3300,11.1500,11.2000,11.2700,4590108,51526548.0000,3,0.829414,1,-0.621124,0
2017-02-27,sz.002632,11.2000,11.3000,11.0700,11.2800,11.2000,5712389,64038195.0000,3,1.032206,1,0.714285,0
2017-02-28,sz.002632,11.2300,11.2700,11.0200,11.0700,11.2800,6590426,73011104.0000,3,1.190864,1,-1.861702,0
2017-03-01,sz.002632,11.1000,11.1300,11.0000,11.0800,11.0700,3811216,42178653.0000,3,0.688672,1,0.090336,0
2017-03-02,sz.002632,11.0700,11.1200,10.8500,10.8500,11.0800,5313660,58194402.0000,3,0.960157,1,-2.075808,0
2017-03-03,sz.002632,10.8200,10.9400,10.6800,10.8700,10.8500,4869007,52440238.0000,3,0.879810,1,0.184327,0
2017-03-06,sz.002632,10.9000,11.6000,10.9000,11.5700,10.8700,17350533,197532068.0000,3,3.135173,1,6.439741,0
2017-03-07,sz.002632,11.5000,11.5100,11.3500,11.4100,11.5700,9808923,112005546.0000,3,1.772434,1,-1.382885,0
2017-03-08,sz.002632,11.3500,11.4400,11.2000,11.2800,11.4100,6312904,71181412.0000,3,1.140717,1,-1.139352,0
2017-03-09,sz.002632,11.3100,11.3200,11.0200,11.0600,11.2800,5668885,62914977.0000,3,1.024345,1,-1.950348,0
2017-03-10,sz.002632,11.0600,11.1700,10.9800,11.0800,11.0600,4325941,47874376.0000,3,0.781681,1,0.180827,0
2017-03-13,sz.002632,11.0600,11.1600,10.9600,11.1200,11.0800,4303181,47709069.0000,3,0.777568,1,0.361011,0
2017-03-14,sz.002632,11.2000,11.2000,10.8600,10.9100,11.1200,5359451,59032444.0000,3,0.968432,1,-1.888489,0
2017-03-15,sz.002632,10.8400,11.0500,10.7500,10.7700,10.9100,5256229,57109279.0000,3,0.949780,1,-1.283221,0
2017-03-16,sz.002632,10.9200,11.0400,10.8400,10.9500,10.7700,5481334,59884943.0000,3,0.990455,1,1.671303,0
2017-03-17,sz.002632,10.8600,10.9900,10.7900,10.8000,10.9500,4758107,51779990.0000,3,0.859771,1,-1.369860,0
2017-03-20,sz.002632,10.8100,10.8700,10.5700,10.6000,10.8000,5745241,61335172.0000,3,1.038142,1,-1.851850,0
2017-03-21,sz.002632,10.6000,10.7300,10.5000,10.5900,10.6000,5325661,56431036.0000,3,0.962326,1,-0.094342,0
2017-03-22,sz.002632,10.5900,10.5900,10.3600,10.4300,10.5900,5014048,52340154.0000,3,0.906019,1,-1.510858,0
2017-03-23,sz.002632,10.4200,10.4900,10.2300,10.2800,10.4300,5238200,54115718.0000,3,0.946522,1,-1.438165,0
2017-03-24,sz.002632,10.3000,10.4400,10.3000,10.3300,10.2800,4595702,47568283.0000,3,0.830425,1,0.486383,0
2017-03-27,sz.002632,10.3400,10.5200,10.3300,10.3400,10.3300,5104479,53188199.0000,3,0.922359,1,0.096808,0
2017-03-28,sz.002632,10.3100,10.3400,10.1500,10.1700,10.3400,4852508,49570593.0000,3,0.876829,1,-1.644101,0
2017-03-29,sz.002632,10.1600,10.2700,10.0800,10.2100,10.1700,3533142,36008480.0000,3,0.638425,1,0.393313,0
2017-03-30,sz.002632,10.2000,10.2600,9.9500,10.0400,10.2100,5417656,54451828.0000,3,0.978949,1,-1.665035,0
2017-03-31,sz.002632,10.0100,10.0900,9.9500,10.0600,10.0400,3122779,31231975.0000,3,0.564274,1,0.199208,0
2017-04-05,sz.002632,10.0200,10.5200,9.9700,10.3400,10.0600,6616791,67773487.0000,3,1.195628,1,2.783297,0
2017-04-06,sz.002632,10.3400,10.3400,10.3400,10.3400,10.3400,0,0.0000,3,,0,0.000000,0
2017-04-07,sz.002632,10.3400,10.3400,10.3400,10.3400,10.3400,0,0.0000,3,,0,0.000000,0
2017-04-10,sz.002632,10.3400,10.3400,10.3400,10.3400,10.3400,0,0.0000,3,,0,0.000000,0
2017-04-11,sz.002632,10.3400,10.3400,10.3400,10.3400,10.3400,0,0.0000,3,,0,0.000000,0
2017-04-12,sz.002632,10.3400,10.3400,10.3400,10.3400,10.3400,0,0.0000,3,,0,0.000000,0
2017-04-13,sz.002632,10.3400,10.3400,10.3400,10.3400,10.3400,0,0.0000,3,,0,0.000000,0
2017-04-14,sz.002632,10.6000,10.9500,10.3300,10.3900,10.3400,11842431,125862637.0000,3,2.139881,1,0.483561,0
2017-04-17,sz.002632,10.3200,10.3500,9.3500,9.7000,10.3900,7284065,71133642.0000,3,1.316202,1,-6.641006,0
2017-04-18,sz.002632,9.6300,9.7800,9.4000,9.4900,9.7000,4047589,38879999.0000,3,0.731383,1,-2.164949,0
2017-04-19,sz.002632,9.4400,9.4500,9.0300,9.1600,9.4900,4712826,43345631.0000,3,0.851589,1,-3.477344,0
2017-04-20,sz.002632,9.2000,9.2900,9.0000,9.0900,9.1600,3330872,30391826.0000,3,0.601875,1,-0.764189,0
2017-04-21,sz.002632,9.1000,9.1900,9.0200,9.0800,9.0900,1953744,17787772.0000,3,0.353034,1,-0.110014,0
2017-04-24,sz.002632,9.0600,9.1500,8.7000,8.8000,9.0800,2851300,25499588.0000,3,0.515219,1,-3.083698,0
2017-04-25,sz.002632,8.8800,8.9600,8.7900,8.8600,8.8000,2161506,19188257.0000,3,0.390576,1,0.681812,0
2017-04-26,sz.002632,8.8600,9.0300,8.8600,9.0000,8.8600,1998496,17944032.0000,3,0.361120,1,1.580139,0
2017-04-27,sz.002632,8.9900,9.0900,8.7300,9.0600,9.0000,3000943,26861400.0000,3,0.542259,1,0.666671,0
2017-04-28,sz.002632,9.1300,9.1300,9.0200,9.0800,9.0600,1790276,16214731.0000,3,0.323496,1,0.220745,0
2017-05-02,sz.002632,9.0500,9.1300,8.9900,9.1200,9.0800,2157008,19536254.0000,3,0.389763,1,0.440528,0
2017-05-03,sz.002632,9.1200,9.1600,9.0000,9.0400,9.1200,2035082,18461668.0000,3,0.367731,1,-0.877192,0
2017-05-04,sz.002632,9.0600,9.1300,8.9500,9.0300,9.0400,2025792,18350107.0000,3,0.366053,1,-0.110622,0
2017-05-05,sz.002632,9.0300,9.0700,8.9500,8.9600,9.0300,1761240,15867539.0000,3,0.318249,1,-0.775191,0
2017-05-08,sz.002632,8.9000,9.0500,8.8200,8.9400,8.9600,1982785,17720350.0000,3,0.358281,1,-0.223219,0
2017-05-09,sz.002632,8.6200,9.0000,8.6200,8.9700,8.9400,1624800,14456453.0000,3,0.293595,1,0.335578,0
2017-05-10,sz.002632,8.9900,9.1000,8.8200,8.8200,8.9700,1850002,16604179.0000,3,0.334288,1,-1.672247,0
2017-05-11,sz.002632,8.7800,8.7800,8.4000,8.5700,8.7900,2724296,23311741.0000,3,0.492270,1,-2.502847,0
2017-05-12,sz.002632,8.5700,8.6800,8.4300,8.4600,8.5700,1707920,14557081.0000,3,0.308614,1,-1.283543,0
2017-05-15,sz.002632,8.4700,8.5900,8.4000,8.4600,8.4600,1399500,11844916.0000,3,0.252884,1,0.000000,0
2017-05-16,sz.002632,8.4600,8.7000,8.3000,8.6900,8.4600,3414983,28938543.0000,3,0.617074,1,2.718671,0
2017-05-17,sz.002632,8.7000,8.7600,8.6300,8.6700,8.6900,2340700,20326563.0000,3,0.422955,1,-0.230144,0
2017-05-18,sz.002632,8.6300,8.6800,8.4800,8.5000,8.6700,2473200,21147731.0000,3,0.446898,1,-1.960785,0
2017-05-19,sz.002632,8.5000,8.5400,8.4200,8.4400,8.5000,1481900,12533373.0000,3,0.267773,1,-0.705887,0
2017-05-22,sz.002632,8.4600,8.4900,8.0500,8.1000,8.4400,2905376,24010956.0000,3,0.524990,1,-4.028427,0
2017-05-23,sz.002632,8.1400,8.1500,7.7700,7.8300,8.1000,4036341,32018009.0000,3,0.729351,1,-3.333339,0
2017-05-24,sz.002632,7.8100,7.8300,7.5000,7.7800,7.8300,2596416,19949087.0000,3,0.469162,1,-0.638566,0
2017-05-25,sz.002632,7.8000,7.8300,7.5100,7.7800,7.7800,3248646,25067466.0000,3,0.587018,1,0.000000,0
2017-05-26,sz.002632,7.8200,7.8500,7.7600,7.8200,7.7800,1737022,13564671.0000,3,0.313873,1,0.514138,0
2017-05-31,sz.002632,7.9500,8.1500,7.8500,7.8700,7.8200,3410909,27270371.0000,3,0.616338,1,0.639382,0
2017-06-01,sz.002632,7.8800,7.9500,7.5100,7.5200,7.8700,2496279,19192160.0000,3,0.451068,1,-4.447267,0
2017-06-02,sz.002632,7.5200,7.6500,7.3000,7.6100,7.5200,2574539,19223255.0000,3,0.465209,1,1.196810,0
2017-06-05,sz.002632,7.6100,7.7500,7.5700,7.7200,7.6100,1913786,14727322.0000,3,0.345814,1,1.445462,0
2017-06-06,sz.002632,7.7900,7.7900,7.6600,7.7600,7.7200,1788602,13824170.0000,3,0.323193,1,0.518140,0
2017-06-07,sz.002632,7.7700,7.9600,7.7200,7.9500,7.7600,3233602,25544588.0000,3,0.584299,1,2.448448,0
2017-06-08,sz.002632,7.9600,7.9900,7.8100,7.8600,7.9500,2095800,16572005.0000,3,0.378703,1,-1.132071,0
2017-06-09,sz.002632,7.8500,7.9200,7.7300,7.9100,7.8600,1989824,15540669.0000,3,0.359553,1,0.636129,0
2017-06-12,sz.002632,7.9000,7.9000,7.6100,7.6100,7.9100,2826751,21808623.0000,3,0.510783,1,-3.792664,0
2017-06-13,sz.002632,7.6100,7.8300,7.6000,7.7900,7.6100,1942719,15038398.0000,3,0.351042,1,2.365307,0
2017-06-14,sz.002632,7.8100,7.9400,7.7600,7.8800,7.7900,3005604,23591127.0000,3,0.543101,1,1.155329,0
2017-06-15,sz.002632,7.9000,8.1200,7.8300,8.0200,7.8800,4079671,32588435.0000,3,0.737180,1,1.776654,0
2017-06-16,sz.002632,8.1300,8.1300,7.9000,7.9600,8.0200,3070500,24406429.0000,3,0.554827,1,-0.748135,0
2017-06-19,sz.002632,7.9600,8.0800,7.9600,8.0500,7.9600,2216782,17776810.0000,3,0.400564,1,1.130655,0
2017-06-20,sz.002632,8.0300,8.3100,8.0100,8.1700,8.0500,4304082,35098048.0000,3,0.777731,1,1.490682,0
2017-06-21,sz.002632,8.1900,8.2700,8.0000,8.2100,8.1700,3414857,27808801.0000,3,0.617051,1,0.489596,0
2017-06-22,sz.002632,8.2000,8.2600,7.9800,8.0000,8.2100,3384700,27463634.0000,3,0.611602,1,-2.557857,0
2017-06-23,sz.002632,7.9000,7.9900,7.6500,7.9000,8.0000,3425960,26877998.0000,3,0.619057,1,-1.249999,0
2017-06-26,sz.002632,7.9000,7.9900,7.8100,7.9900,7.9000,2543582,20138138.0000,3,0.459615,1,1.139236,0
2017-06-27,sz.002632,8.0000,8.0900,7.9400,7.9900,7.9900,2090377,16733482.0000,3,0.377723,1,0.000000,0
2017-06-28,sz.002632,7.9400,7.9900,7.8200,7.8400,7.9900,2511280,19795106.0000,3,0.453778,1,-1.877342,0
2017-06-29,sz.002632,7.8400,7.9300,7.8300,7.8400,7.8400,2042100,16082349.0000,3,0.368999,1,0.000000,0
2017-06-30,sz.002632,7.8200,7.9300,7.7200,7.9200,7.8400,1874780,14762850.0000,3,0.338164,1,1.020407,0
2017-07-03,sz.002632,7.8900,8.0200,7.8200,8.0000,7.9200,2398602,19046475.0000,3,0.432648,1,1.010100,0
2017-07-04,sz.002632,8.0000,8.1300,7.9500,8.0100,8.0000,3308709,26587723.0000,3,0.596809,1,0.125003,0
2017-07-05,sz.002632,8.0100,8.1500,7.9400,8.1500,8.0100,4826083,38937192.0000,3,0.870506,1,1.747808,0
2017-07-06,sz.002632,8.1200,8.2900,8.0900,8.2900,8.1500,7472828,61355268.0000,3,1.347913,1,1.717796,0
2017-07-07,sz.002632,8.2200,8.3600,8.1600,8.3000,8.2900,5163427,42575327.0000,3,0.931354,1,0.120630,0
2017-07-10,sz.002632,8.3400,8.3500,8.1600,8.1800,8.3000,5552538,45740116.0000,3,1.001540,1,-1.445782,0
2017-07-11,sz.002632,8.1700,8.2900,8.1100,8.2000,8.1800,5156212,42408713.0000,3,0.930053,1,0.244493,0
2017-07-12,sz.002632,8.2200,8.2500,7.9300,8.1000,8.2000,4224930,34080061.0000,3,0.762073,1,-1.219505,0
2017-07-13,sz.002632,8.2700,8.8300,8.2700,8.5100,8.1000,14404874,123311159.0000,3,2.598282,1,5.061726,0
2017-07-14,sz.002632,8.5300,8.5900,8.3600,8.4600,8.5100,6184838,52240094.0000,3,1.115591,1,-0.587546,0
2017-07-17,sz.002632,8.3900,8.4600,7.6100,7.8500,8.4600,7032124,56220726.0000,3,1.268421,1,-7.210403,0
2017-07-18,sz.002632,7.8500,7.9500,7.7000,7.9400,7.8500,3775861,29539506.0000,3,0.681072,1,1.146499,0
2017-07-19,sz.002632,7.9600,8.0000,7.8000,7.9800,7.9400,4079277,32244795.0000,3,0.735800,1,0.503778,0
2017-07-20,sz.002632,7.9800,8.7800,7.9700,8.7800,7.9800,9224409,78806099.0000,3,1.663854,1,10.025060,0
2017-07-21,sz.002632,9.0300,9.3100,8.8000,8.8600,8.7800,25147947,226685456.0000,3,4.536066,1,0.911161,0
2017-07-24,sz.002632,8.9000,8.9800,8.7100,8.8700,8.8600,12315158,108677536.0000,3,2.221349,1,0.112869,0
2017-07-25,sz.002632,8.8000,9.0500,8.7500,8.8900,8.8700,10969527,97420166.0000,3,1.978630,1,0.225484,0
2017-07-26,sz.002632,8.8100,9.2600,8.7000,9.1400,8.8900,13318845,119096439.0000,3,2.402389,1,2.812148,0
2017-07-27,sz.002632,9.0000,9.4700,8.9800,9.4300,9.1400,19157548,177650320.0000,3,3.455546,1,3.172866,0
2017-07-28,sz.002632,9.5000,9.6800,9.3000,9.3200,9.4300,16392043,155304592.0000,3,2.956718,1,-1.166496,0
2017-07-31,sz.002632,9.3300,9.4800,9.1000,9.3800,9.3200,10908530,101053782.0000,3,1.967628,1,0.643781,0
2017-08-01,sz.002632,9.4200,9.4800,9.2000,9.2300,9.3800,8367077,77810326.0000,3,1.509213,1,-1.599153,0
2017-08-02,sz.002632,9.2500,9.2700,8.9100,8.9300,9.2300,9144740,83016379.0000,3,1.649484,1,-3.250263,0
2017-08-03,sz.002632,8.8000,9.1400,8.7800,9.0700,8.9300,6015101,54398290.0000,3,1.084975,1,1.567742,0
2017-08-04,sz.002632,9.1000,9.1500,8.8300,8.8400,9.0700,4802963,43225338.0000,3,0.866335,1,-2.535827,0
2017-08-07,sz.002632,8.8000,9.7200,8.8000,9.6400,8.8400,21772789,207849590.0000,3,3.927271,1,9.049775,0
2017-08-08,sz.002632,9.6900,9.6900,9.3100,9.6200,9.6400,15813100,149572466.0000,3,2.852291,1,-0.207474,0
2017-08-09,sz.002632,9.5300,9.5400,9.3500,9.3700,9.6200,9645082,90735102.0000,3,1.739733,1,-2.598753,0
2017-08-10,sz.002632,9.3800,9.4700,9.1100,9.1600,9.3700,8618808,79749413.0000,3,1.554619,1,-2.241196,0
2017-08-11,sz.002632,9.1000,9.3900,9.0600,9.1700,9.1600,8641200,79943356.0000,3,1.558658,1,0.109173,0
2017-08-14,sz.002632,9.1900,9.4300,9.1500,9.3500,9.1700,8151306,76245523.0000,3,1.470293,1,1.962926,0
2017-08-15,sz.002632,9.3300,9.5600,9.2600,9.3800,9.3500,6799576,63728742.0000,3,1.226475,1,0.320853,0
2017-08-16,sz.002632,9.3500,9.5000,9.3000,9.3600,9.3800,9166854,86209960.0000,3,1.653473,1,-0.213225,0
2017-08-17,sz.002632,9.4000,9.5600,9.2500,9.5400,9.3600,9541575,89892531.0000,3,1.721063,1,1.923080,0
2017-08-18,sz.002632,9.4700,9.4800,9.2700,9.2900,9.5400,7190872,67280908.0000,3,1.297055,1,-2.620545,0
2017-08-21,sz.002632,9.3000,9.3500,9.0700,9.1700,9.2900,7081022,64785942.0000,3,1.277241,1,-1.291710,0
2017-08-22,sz.002632,9.1700,9.2200,9.0400,9.2200,9.1700,4743104,43361863.0000,3,0.855538,1,0.545258,0
2017-08-23,sz.002632,9.2500,9.2700,9.0500,9.0600,9.2200,3815800,34771571.0000,3,0.688276,1,-1.735356,0
2017-08-24,sz.002632,8.9800,9.0800,8.5500,8.7900,9.0600,7643852,67521590.0000,3,1.378761,1,-2.980137,0
2017-08-25,sz.002632,8.7900,8.9200,8.7300,8.8900,8.7900,3437950,30422895.0000,3,0.620121,1,1.137661,0
2017-08-28,sz.002632,8.9100,9.1600,8.9100,8.9700,8.8900,5020016,45291693.0000,3,0.905486,1,0.899887,0
2017-08-29,sz.002632,8.9500,9.0500,8.8400,8.8700,8.9700,3379600,30126989.0000,3,0.609596,1,-1.114831,0
2017-08-30,sz.002632,8.9200,9.0400,8.8800,8.9300,8.8700,2887208,25839688.0000,3,0.520781,1,0.676442,0
2017-08-31,sz.002632,8.9200,9.0100,8.9000,9.0000,8.9300,3535403,31755486.0000,3,0.637699,1,0.783871,0
2017-09-01,sz.002632,9.0900,9.1500,9.0200,9.0600,9.0000,5199874,47222680.0000,3,0.937928,1,0.666671,0
2017-09-04,sz.002632,9.0700,9.3700,9.0500,9.3600,9.0600,9124135,84561781.0000,3,1.645768,1,3.311250,0
2017-09-05,sz.002632,9.3800,9.3900,9.2100,9.2900,9.3600,4502035,41807274.0000,3,0.812055,1,-0.747860,0
2017-09-06,sz.002632,9.2500,9.5700,9.2100,9.5400,9.2900,11083299,104808355.0000,3,1.999152,1,2.691066,0
2017-09-07,sz.002632,9.5500,9.5600,9.3400,9.3600,9.5400,8571441,80723382.0000,3,1.546075,1,-1.886796,0
2017-09-08,sz.002632,9.3600,9.5400,9.2600,9.3700,9.3600,6113681,57432439.0000,3,1.102756,1,0.106840,0
2017-09-11,sz.002632,9.7000,10.3000,9.6600,9.7900,9.3700,22990346,226480653.0000,3,4.146888,1,4.482391,0
2017-09-12,sz.002632,9.7900,10.7700,9.7900,10.4200,9.7900,44599388,469766791.1500,3,8.044623,1,6.435139,0
2017-09-13,sz.002632,10.5000,10.9500,10.3600,10.7700,10.4200,52016876,556132565.2300,3,9.382554,1,3.358929,0
2017-09-14,sz.002632,10.5200,10.8300,10.2800,10.4000,10.7700,31846944,333252880.7200,3,5.744398,1,-3.435477,0
2017-09-15,sz.002632,10.5000,10.5000,10.1000,10.1800,10.4000,17994205,184423765.2600,3,3.245708,1,-2.115378,0
2017-09-18,sz.002632,10.1300,10.3500,10.0100,10.3000,10.1800,13176850,134979631.8700,3,2.376777,1,1.178781,0
2017-09-19,sz.002632,10.2400,10.3100,9.9700,9.9800,10.3000,16406239,165575925.4000,3,2.959278,1,-3.106802,0
2017-09-20,sz.002632,10.0000,10.1400,9.7800,10.1000,9.9800,15071010,149906417.4400,3,2.718436,1,1.202413,0
2017-09-21,sz.002632,10.0000,10.0900,9.8000,9.8000,10.1000,11619602,115373925.7000,3,2.095888,1,-2.970299,0
2017-09-22,sz.002632,9.8200,10.0600,9.7400,9.9000,9.8000,8618532,85551410.3100,3,1.554569,1,1.020402,0
2017-09-25,sz.002632,9.9300,10.1900,9.8200,10.0400,9.9000,11841825,118996877.8800,3,2.135971,1,1.414145,0
2017-09-26,sz.002632,9.9600,10.1600,9.8900,10.1600,10.0400,9221714,92594925.3400,3,1.663368,1,1.195218,0
2017-09-27,sz.002632,10.0900,10.3500,10.0800,10.2100,10.1600,11732825,120043729.7200,3,2.116311,1,0.492128,0
2017-09-28,sz.002632,10.1700,10.2400,9.9700,9.9800,10.2100,9344073,94285150.8800,3,1.685439,1,-2.252698,0
2017-09-29,sz.002632,10.0000,10.1600,9.9500,10.1000,9.9800,6963714,70048927.7800,3,1.256081,1,1.202413,0
2017-10-09,sz.002632,10.1100,10.4900,10.0200,10.4500,10.1000,17116611,175447503.0800,3,3.087412,1,3.465341,0
2017-10-10,sz.002632,10.3900,10.5400,10.3000,10.4000,10.4500,13289216,138198399.3200,3,2.397045,1,-0.478471,0
2017-10-11,sz.002632,10.4000,10.4300,10.1400,10.1600,10.4000,9202828,94135944.8800,3,1.659962,1,-2.307690,0
2017-10-12,sz.002632,10.0900,10.1400,9.7600,9.9100,10.1600,10757500,107066661.8800,3,1.940386,1,-2.460630,0
2017-10-13,sz.002632,9.8400,10.0100,9.8400,9.9700,9.9100,4186335,41675626.2500,3,0.755111,1,0.605453,0
2017-10-16,sz.002632,9.9400,9.9400,9.5400,9.6100,9.9700,9034689,87964827.3800,3,1.629634,1,-3.610839,0
2017-10-17,sz.002632,9.6100,9.7000,9.5100,9.5800,9.6100,4023367,38684757.3700,3,0.725716,1,-0.312172,0
2017-10-18,sz.002632,9.6100,9.7000,9.2500,9.3200,9.5800,6151402,58211426.9300,3,1.109560,1,-2.713990,0
2017-10-19,sz.002632,9.2600,9.3500,9.0300,9.2300,9.3200,6014619,55226037.6500,3,1.084888,1,-0.965667,0
2017-10-20,sz.002632,9.1600,9.3900,9.1300,9.3600,9.2300,3007100,27969748.0000,3,0.542406,1,1.408452,0
2017-10-23,sz.002632,9.3500,9.4300,9.3100,9.3800,9.3600,3366300,31533664.0000,3,0.607197,1,0.213680,0
2017-10-24,sz.002632,9.3700,9.4000,9.1100,9.2300,9.3800,4029004,37137320.4800,3,0.726732,1,-1.599153,0
2017-10-25,sz.002632,9.2100,9.3100,9.2000,9.3000,9.2300,2368804,21965888.0400,3,0.427273,1,0.758404,0
2017-10-26,sz.002632,9.3000,9.4300,9.2500,9.4300,9.3000,3462608,32361070.3000,3,0.624569,1,1.397851,0
2017-10-27,sz.002632,9.3900,9.5800,9.3400,9.3800,9.4300,4671000,44204407.0000,3,0.842532,1,-0.530225,0
2017-10-30,sz.002632,9.3600,9.4100,8.9100,8.9600,9.3800,5766606,52444290.7000,3,1.040153,1,-4.477612,0
2017-10-31,sz.002632,8.9600,9.0600,8.9300,9.0200,8.9600,2664602,23972146.9800,3,0.480628,1,0.669647,0
2017-11-01,sz.002632,9.0300,9.1600,9.0000,9.0400,9.0200,2864500,26024717.0000,3,0.516685,1,0.221724,0
2017-11-02,sz.002632,9.0100,9.0100,8.6900,8.7000,9.0400,5342757,46976515.7900,3,0.963701,1,-3.761064,0
2017-11-03,sz.002632,8.7100,8.7900,8.6400,8.6800,8.7000,3051714,26585304.9600,3,0.550453,1,-0.229879,0
2017-11-06,sz.002632,8.6600,8.7400,8.5600,8.6700,8.6800,3475245,30081111.2300,3,0.626848,1,-0.115210,0
2017-11-07,sz.002632,8.6600,8.7200,8.6000,8.6700,8.6700,2961606,25612685.7000,3,0.534200,1,0.000000,0
2017-11-08,sz.002632,8.7200,8.8700,8.6900,8.7600,8.6700,3978100,35024418.9200,3,0.717551,1,1.038064,0
2017-11-09,sz.002632,8.7600,8.8500,8.7200,8.8200,8.7600,2633913,23086929.0700,3,0.475093,1,0.684925,0
2017-11-10,sz.002632,8.8500,8.8700,8.7300,8.8100,8.8200,2939864,25796487.2000,3,0.530279,1,-0.113370,0
2017-11-13,sz.002632,8.7600,8.8500,8.4200,8.5900,8.8100,5639586,48413610.7400,3,1.017241,1,-2.497165,0
2017-11-14,sz.002632,8.5700,8.6600,8.4500,8.4800,8.5900,4147000,35345182.4300,3,0.748016,1,-1.280566,0
2017-11-15,sz.002632,8.4800,8.5500,8.3500,8.3700,8.4800,3575084,30266404.7100,3,0.644856,1,-1.297166,0
2017-11-16,sz.002632,8.3800,8.5200,8.3800,8.4100,8.3700,2200563,18626995.9600,3,0.396927,1,0.477897,0
2017-11-17,sz.002632,8.4200,8.4900,7.9600,8.0600,8.4100,5024457,41319047.3400,3,0.906287,1,-4.161705,0
2017-11-20,sz.002632,8.0600,8.1800,7.8300,8.1500,8.0600,2581970,20795320.9000,3,0.465723,1,1.116615,0
2017-11-21,sz.002632,8.1500,8.1800,8.0200,8.0800,8.1500,3031504,24529679.4800,3,0.546808,1,-0.858892,0
2017-11-22,sz.002632,8.1100,8.1500,8.0200,8.0500,8.0800,1799800,14533689.9400,3,0.324639,1,-0.371284,0
2017-11-23,sz.002632,8.0600,8.0800,7.8900,7.9000,8.0500,3071574,24493290.5600,3,0.554036,1,-1.863355,0
2017-11-24,sz.002632,7.8800,7.9700,7.7600,7.8000,7.9000,2677722,20960631.6200,3,0.482995,1,-1.265822,0
2017-11-27,sz.002632,7.7800,7.8700,7.7400,7.8000,7.8000,1961480,15322766.5200,3,0.353802,1,0.000000,0
2017-11-28,sz.002632,7.8200,7.9300,7.7600,7.9200,7.8000,1787748,14040051.5600,3,0.322465,1,1.538460,0
2017-11-29,sz.002632,7.9000,8.1300,7.8200,8.1000,7.9200,3207840,25565275.2400,3,0.578615,1,2.272731,0
2017-11-30,sz.002632,8.1000,8.1700,8.0000,8.0400,8.1000,1770708,14298364.4800,3,0.319392,1,-0.740746,0
2017-12-01,sz.002632,8.0200,8.1400,7.9800,8.0700,8.0400,1643587,13258295.3500,3,0.296462,1,0.373131,0
2017-12-04,sz.002632,8.0600,8.0600,7.9300,7.9400,8.0700,1843100,14768875.0000,3,0.332450,1,-1.610900,0
2017-12-05,sz.002632,7.9500,8.0400,7.7100,7.7700,7.9400,2397039,18805232.7100,3,0.432366,1,-2.141059,0
2017-12-06,sz.002632,7.7700,7.8900,7.7400,7.8900,7.7700,1874617,14651175.6800,3,0.338134,1,1.544400,0
2017-12-07,sz.002632,7.9400,7.9700,7.8500,7.9200,7.8900,1491100,11786308.0000,3,0.268957,1,0.380231,0
2017-12-08,sz.002632,7.9300,8.0300,7.9000,7.9700,7.9200,1676700,13392177.0000,3,0.302435,1,0.631309,0
2017-12-11,sz.002632,7.9700,8.0500,7.9300,8.0500,7.9700,1826600,14635329.0000,3,0.329473,1,1.003769,0
2017-12-12,sz.002632,8.1100,8.1100,7.9600,7.9800,8.0500,1735600,13952399.0000,3,0.313059,1,-0.869567,0
2017-12-13,sz.002632,7.9200,8.0200,7.9200,7.9800,7.9800,1427100,11367007.0000,3,0.257413,1,0.000000,0
2017-12-14,sz.002632,7.9300,8.3100,7.9300,8.3100,7.9800,4633418,37731185.9800,3,0.835754,1,4.135344,0
2017-12-15,sz.002632,8.3600,8.6700,8.3200,8.4400,8.3100,11302615,95956031.4700,3,2.038711,1,1.564370,0
2017-12-18,sz.002632,8.2800,8.3900,8.2100,8.3500,8.4400,4039446,33519754.8400,3,0.728616,1,-1.066341,0
2017-12-19,sz.002632,8.3000,8.4300,8.2100,8.2800,8.3500,3563704,29594493.3600,3,0.642804,1,-0.838331,0
2017-12-20,sz.002632,8.2300,8.3400,8.2100,8.2300,8.2800,2172400,17944501.0000,3,0.391847,1,-0.603867,0
2017-12-21,sz.002632,8.1900,8.2400,8.0300,8.1500,8.2300,2482400,20209518.0000,3,0.447763,1,-0.972053,0
2017-12-22,sz.002632,8.2000,8.2000,8.0100,8.0300,8.1500,2115200,17116733.0000,3,0.381530,1,-1.472391,0
2017-12-25,sz.002632,8.0000,8.0400,7.7500,7.8000,8.0300,3503979,27477503.6200,3,0.632031,1,-2.864253,0
2017-12-26,sz.002632,7.9300,7.9400,7.8100,7.9000,7.8000,1549840,12178673.4000,3,0.279553,1,1.282050,0
2017-12-27,sz.002632,7.8900,7.9900,7.8200,7.8800,7.9000,2025740,16030599.4000,3,0.365393,1,-0.253164,0
2017-12-28,sz.002632,7.9000,7.9900,7.8200,7.9100,7.8800,2601857,20598747.5900,3,0.469310,1,0.380707,0
2017-12-29,sz.002632,7.8700,8.1500,7.8500,8.1000,7.9100,2422514,19418384.3000,3,0.436961,1,2.402030,0
2018-01-02,sz.002632,8.1100,8.2300,8.0100,8.1600,8.1000,2465541,20063895.7200,3,0.444722,1,0.740734,0
2018-01-03,sz.002632,8.1300,8.1900,8.1100,8.1800,8.1600,2633102,21471825.2700,3,0.474946,1,0.245104,0
2018-01-04,sz.002632,8.1800,8.1900,8.1100,8.1300,8.1800,2336500,19028898.0000,3,0.421447,1,-0.611249,0
2018-01-05,sz.002632,8.1100,8.1500,8.0400,8.0800,8.1300,2330102,18834394.1000,3,0.420293,1,-0.615008,0
2018-01-08,sz.002632,8.0400,8.1000,7.9800,8.0000,8.0800,2023700,16212057.0000,3,0.365025,1,-0.990098,0
2018-01-09,sz.002632,8.0100,8.0700,7.9600,8.0300,8.0000,2076602,16633873.0200,3,0.374567,1,0.374997,0
2018-01-10,sz.002632,8.0100,8.3300,7.9100,8.3300,8.0300,7244444,59127775.0300,3,1.306718,1,3.735993,0
2018-01-11,sz.002632,8.3000,9.0600,8.1800,8.5800,8.3300,16818659,144982688.8800,3,3.033669,1,3.001201,0
2018-01-12,sz.002632,8.3600,8.4400,8.2800,8.3100,8.5800,7641704,63840413.4800,3,1.378374,1,-3.146847,0
2018-01-15,sz.002632,8.3100,8.3100,7.9300,7.9700,8.3100,5944000,47911379.0000,3,1.072150,1,-4.091464,0
2018-01-16,sz.002632,7.9700,8.0400,7.9100,8.0100,7.9700,2956664,23588653.2400,3,0.533309,1,0.501888,0
2018-01-17,sz.002632,7.9400,8.0800,7.9100,8.0000,8.0100,2446900,19578694.0000,3,0.441360,1,-0.124847,0
2018-01-18,sz.002632,8.0000,8.2500,8.0000,8.0900,8.0000,3565164,29043251.6400,3,0.643067,1,1.125002,0
2018-01-19,sz.002632,8.1000,8.1300,8.0300,8.0500,8.0900,1967100,15873063.0000,3,0.354816,1,-0.494437,0
2018-01-22,sz.002632,8.0800,8.1800,7.9300,8.1600,8.0500,2711600,21931504.0000,3,0.489105,1,1.366455,0
2018-01-23,sz.002632,8.1500,8.2700,8.1000,8.2400,8.1600,3459850,28400895.5000,3,0.624071,1,0.980391,0
2018-01-24,sz.002632,8.2300,8.3200,8.1600,8.2700,8.2400,2700744,22206497.4800,3,0.487147,1,0.364086,0
2018-01-25,sz.002632,8.2700,8.2800,8.0700,8.0800,8.2700,3195518,26155153.3800,3,0.576392,1,-2.297467,0
2018-01-26,sz.002632,8.1400,8.2200,8.1000,8.1800,8.0800,3131722,25620771.1800,3,0.564885,1,1.237628,0
2018-01-29,sz.002632,8.1200,8.2200,8.0100,8.0300,8.1800,3116200,25197564.0000,3,0.562085,1,-1.833748,0
2018-01-30,sz.002632,8.0600,8.0700,7.9800,8.0200,8.0300,1471706,11792016.3400,3,0.265459,1,-0.124524,0
2018-01-31,sz.002632,8.5000,8.5500,8.1100,8.1500,8.0200,6460876,53225213.5900,3,1.165382,1,1.620937,0
2018-02-01,sz.002632,8.0500,8.1900,7.9900,7.9900,8.1500,4585300,37082370.4600,3,0.827074,1,-1.963188,0
2018-02-02,sz.002632,7.9300,7.9300,7.1900,7.6600,7.9900,4346000,33007404.0000,3,0.783911,1,-4.130162,0
2018-02-05,sz.002632,7.6000,7.7400,7.4800,7.6200,7.6600,1762918,13459910.7200,3,0.317987,1,-0.522193,0
2018-02-06,sz.002632,7.5100,7.5700,7.1300,7.1500,7.6200,3119272,23024565.8400,3,0.562639,1,-6.167976,0
2018-02-07,sz.002632,7.2300,7.4600,7.1400,7.3700,7.1500,3325972,24336017.4800,3,0.599923,1,3.076920,0
2018-02-08,sz.002632,7.4200,7.4900,7.3600,7.4600,7.3700,1101537,8190864.9100,3,0.198690,1,1.221169,0
2018-02-09,sz.002632,7.3200,7.4400,7.1700,7.3400,7.4600,2346120,17259833.1200,3,0.423182,1,-1.608578,0
2018-02-12,sz.002632,7.4000,7.5600,7.3800,7.5300,7.3400,1250551,9405102.0300,3,0.225568,1,2.588557,0
2018-02-13,sz.002632,7.5900,7.6600,7.5400,7.5900,7.5300,1184929,9009605.5600,3,0.213732,1,0.796812,0
2018-02-14,sz.002632,7.6000,7.7000,7.5100,7.6500,7.5900,849852,6470263.3000,3,0.153292,1,0.790513,0
2018-02-22,sz.002632,7.7200,7.7700,7.6500,7.6800,7.6500,1122000,8639450.0000,3,0.202381,1,0.392153,0
2018-02-23,sz.002632,7.6500,7.6500,7.5100,7.6100,7.6800,1219920,9264672.6000,3,0.220043,1,-0.911454,0
2018-02-26,sz.002632,7.6500,7.7500,7.6500,7.7400,7.6100,1948179,15009078.2400,3,0.351403,1,1.708274,0
2018-02-27,sz.002632,7.9500,8.2600,7.9200,7.9300,7.7400,4341200,34844410.0000,3,0.783045,1,2.454781,0
2018-02-28,sz.002632,7.8700,8.1400,7.8500,8.0500,7.9300,3565901,28663405.5500,3,0.643200,1,1.513245,0
2018-03-01,sz.002632,8.0200,8.1500,7.9600,8.1300,8.0500,2926600,23617335.6300,3,0.527886,1,0.993788,0
2018-03-02,sz.002632,8.1000,8.2400,8.0100,8.0600,8.1300,3314100,26859566.0000,3,0.597781,1,-0.861005,0
2018-03-05,sz.002632,8.0800,8.2000,8.0600,8.1700,8.0600,2156845,17514754.9500,3,0.389041,1,1.364760,0
2018-03-06,sz.002632,8.1600,8.3500,8.1500,8.1800,8.1700,2476627,20334279.6000,3,0.446722,1,0.122402,0
2018-03-07,sz.002632,8.1700,8.1700,8.0300,8.0600,8.1800,2155541,17445521.9200,3,0.388806,1,-1.466991,0
2018-03-08,sz.002632,8.0500,8.0900,8.0000,8.0400,8.0600,1583097,12714125.8800,3,0.285551,1,-0.248145,0
2018-03-09,sz.002632,8.0800,8.3100,8.0800,8.2500,8.0400,4666966,38384069.8700,3,0.841805,1,2.611941,0
2018-03-12,sz.002632,8.2800,8.3800,8.1600,8.2800,8.2500,4962600,41115168.2500,3,0.895130,1,0.363633,0
2018-03-13,sz.002632,8.3000,8.3200,8.1600,8.1900,8.2800,3013220,24765237.8000,3,0.543510,1,-1.086958,0
2018-03-14,sz.002632,8.1300,8.4900,8.1300,8.4500,8.1900,5262820,43815396.2000,3,0.949282,1,3.174606,0
2018-03-15,sz.002632,8.2800,8.3300,8.1000,8.1700,8.4500,5248460,42991763.1400,3,0.946692,1,-3.313606,0
2018-03-16,sz.002632,8.2400,8.2800,8.1000,8.1200,8.1700,1819838,14848129.0800,3,0.328254,1,-0.611997,0
2018-03-19,sz.002632,8.1100,8.2000,8.1000,8.1100,8.1200,2122972,17288326.3100,3,0.382931,1,-0.123156,0
2018-03-20,sz.002632,8.0600,8.0800,7.8900,7.9800,8.1100,2958648,23596960.1000,3,0.533667,1,-1.602955,0
2018-03-21,sz.002632,7.9900,8.1400,7.9300,7.9300,7.9800,2039339,16417113.5900,3,0.367846,1,-0.626569,0
2018-03-22,sz.002632,7.9500,8.1400,7.9200,7.9700,7.9300,1346347,10761637.0600,3,0.242848,1,0.504413,0
2018-03-23,sz.002632,7.6700,7.8300,7.4000,7.4400,7.9700,3950998,30006571.9000,3,0.712662,1,-6.649934,0
2018-03-26,sz.002632,7.2500,7.5400,7.1800,7.5200,7.4400,2521462,18562757.8400,3,0.454809,1,1.075268,0
2018-03-27,sz.002632,7.5800,7.8500,7.5800,7.7500,7.5200,2440489,18854047.5700,3,0.440204,1,3.058511,0
2018-03-28,sz.002632,7.7200,7.7900,7.6600,7.6700,7.7500,1790771,13845503.5700,3,0.323011,1,-1.032257,0
2018-03-29,sz.002632,8.4400,8.4400,8.1900,8.4400,7.6700,27592895,231945556.9900,3,4.977074,1,10.039110,0
2018-03-30,sz.002632,8.3600,8.6400,8.2800,8.5300,8.4400,21496198,181543114.6300,3,3.877381,1,1.066353,0
2018-04-02,sz.002632,8.4200,9.0500,8.4000,8.8500,8.5300,19975136,175257814.8900,3,3.603019,1,3.751473,0
2018-04-03,sz.002632,8.6500,9.0500,8.6500,8.8400,8.8500,12128690,107493244.7500,3,2.187715,1,-0.112997,0
2018-04-04,sz.002632,8.8000,9.0800,8.7700,8.9600,8.8400,9184252,82222270.9000,3,1.656611,1,1.357465,0
2018-04-09,sz.002632,8.9600,9.2400,8.8300,8.9600,8.9600,7219497,65157826.6100,3,1.302218,1,0.000000,0
2018-04-10,sz.002632,9.0200,9.0200,8.7400,8.9500,8.9600,5309856,46977304.4100,3,0.957766,1,-0.111610,0
2018-04-11,sz.002632,8.9500,9.0700,8.7300,8.8000,8.9500,9114247,80917322.5300,3,1.643984,1,-1.675973,0
2018-04-12,sz.002632,8.8100,9.5500,8.8000,9.3000,8.8000,16498150,152593204.3700,3,2.975857,1,5.681818,0
2018-04-13,sz.002632,9.3000,9.3600,8.9000,9.1200,9.3000,9181019,83518472.0500,3,1.656028,1,-1.935487,0
2018-04-16,sz.002632,9.0100,9.4800,8.8900,9.4400,9.1200,8827931,80847255.6400,3,1.592340,1,3.508769,0
2018-04-17,sz.002632,9.4000,9.5000,9.2200,9.3900,9.4400,8861398,82796562.4900,3,1.598376,1,-0.529653,0
2018-04-18,sz.002632,9.3600,9.4700,9.0900,9.3300,9.3900,7529082,70089306.0000,3,1.358060,1,-0.638982,0
2018-04-19,sz.002632,9.3300,9.3600,9.0700,9.1700,9.3300,5445039,50149090.9500,3,0.982150,1,-1.714897,0
2018-04-20,sz.002632,9.1500,9.3300,9.1000,9.2000,9.1700,3815774,35101443.3800,3,0.688271,1,0.327151,0
2018-04-23,sz.002632,9.2100,9.2500,8.7500,8.9000,9.2000,4990800,44719516.5000,3,0.900216,1,-3.260872,0
2018-04-24,sz.002632,8.8900,9.2400,8.8900,9.1900,8.9000,5252262,47993031.5400,3,0.947378,1,3.258427,0
2018-04-25,sz.002632,9.1000,9.3800,9.0800,9.2000,9.1900,5236200,48582974.5000,3,0.944481,1,0.108816,0
2018-04-26,sz.002632,9.2100,9.3500,9.1600,9.2300,9.2000,3866004,35879206.6600,3,0.697331,1,0.326084,0
2018-04-27,sz.002632,9.4500,9.4900,9.0100,9.1000,9.2300,4875953,44730277.2700,3,0.879501,1,-1.408442,0
2018-05-02,sz.002632,9.0500,9.2100,8.8800,9.0400,9.1000,5842478,52700183.1600,3,1.053838,1,-0.659345,0
2018-05-03,sz.002632,9.0400,9.0900,8.8900,9.0600,9.0400,2843800,25588297.0000,3,0.512951,1,0.221244,0
2018-05-04,sz.002632,9.0300,9.1000,8.9000,9.0500,9.0600,2792355,25115402.7000,3,0.503672,1,-0.110378,0
2018-05-07,sz.002632,8.9800,9.7100,8.9800,9.6900,9.0500,10320782,96945477.0100,3,1.861613,1,7.071816,0
2018-05-08,sz.002632,9.7200,9.8700,9.6300,9.7400,9.6900,9501228,92788442.8700,3,1.713786,1,0.515998,0
2018-05-09,sz.002632,9.7500,9.8000,9.5500,9.7300,9.7400,3683244,35500080.4700,3,0.664366,1,-0.102672,0
2018-05-10,sz.002632,9.7300,9.8300,9.6100,9.7300,9.7300,4036234,39331869.3600,3,0.728036,1,0.000000,0
2018-05-11,sz.002632,9.6600,9.7300,9.5000,9.5700,9.7300,3590500,34412776.6600,3,0.647637,1,-1.644397,0
2018-05-14,sz.002632,9.7000,10.5300,9.5700,10.4200,9.5700,27071788,280561941.3100,3,4.883079,1,8.881927,0
2018-05-15,sz.002632,10.3200,10.5700,10.1500,10.3500,10.4200,16612227,172570829.0100,3,2.996434,1,-0.671782,0
2018-05-16,sz.002632,10.3200,10.6400,10.2500,10.4300,10.3500,12930646,134708674.5900,3,2.332368,1,0.772946,0
2018-05-17,sz.002632,10.4400,10.9400,10.3100,10.5400,10.4300,17995219,191641702.1400,3,3.245891,1,1.054647,0
2018-05-18,sz.002632,10.4000,10.9100,10.3900,10.5800,10.5400,14974761,160648233.1500,3,2.701075,1,0.379506,0
2018-05-21,sz.002632,10.7400,11.2900,10.6300,11.2600,10.5800,15228199,166882767.3200,3,2.746789,1,6.427224,0
2018-05-22,sz.002632,11.2500,11.2900,10.9600,11.1300,11.2600,11059522,122843163.0100,3,1.994863,1,-1.154530,0
2018-05-23,sz.002632,11.0500,11.3900,11.0000,11.0400,11.1300,7711715,86155310.2500,3,1.391002,1,-0.808627,0
2018-05-24,sz.002632,11.1500,11.1900,10.7100,10.8800,11.0400,10520203,114414286.9600,3,1.897584,1,-1.449274,0
2018-05-25,sz.002632,10.8500,10.9600,10.5300,10.7800,10.8800,7412880,79663160.9100,3,1.337100,1,-0.919121,0
2018-05-28,sz.002632,10.8200,10.9500,10.5500,10.6500,10.7800,7023482,75393437.1600,3,1.266862,1,-1.205938,0
2018-05-29,sz.002632,10.7400,10.8000,10.3000,10.4500,10.6500,8032001,84388660.2700,3,1.448774,1,-1.877933,0
2018-05-30,sz.002632,10.2200,10.4500,9.4100,9.4100,10.4500,15570009,151996549.1600,3,2.808443,1,-9.952153,0
2018-05-31,sz.002632,9.5400,9.9600,9.4000,9.8100,9.4100,10235648,98987143.6100,3,1.846257,1,4.250803,0
2018-06-01,sz.002632,9.8300,9.9100,9.4400,9.5800,9.8100,4925930,47734144.4000,3,0.888516,1,-2.344551,0
2018-06-04,sz.002632,9.6900,9.7500,9.2000,9.4200,9.5300,6862242,65180193.3300,3,1.237778,1,-1.154246,0
2018-06-05,sz.002632,9.5400,10.0800,9.5200,10.0200,9.4200,8196548,81159744.4400,3,1.478454,1,6.369431,0
2018-06-06,sz.002632,9.8600,9.9300,9.6200,9.7200,10.0200,9240962,90390377.2300,3,1.666840,1,-2.994014,0
2018-06-07,sz.002632,9.7000,9.8300,9.5000,9.7200,9.7200,4832711,46614969.2500,3,0.871701,1,0.000000,0
2018-06-08,sz.002632,9.7900,9.7900,9.2700,9.5000,9.7200,6735675,63668707.7100,3,1.214949,1,-2.263377,0
2018-06-11,sz.002632,9.4000,9.4700,9.0600,9.2400,9.5000,5368774,49782669.3600,3,0.968394,1,-2.736845,0
2018-06-12,sz.002632,9.2700,9.4700,9.0100,9.4500,9.2400,5663332,52384777.0000,3,1.021525,1,2.272728,0
2018-06-13,sz.002632,9.3300,9.4200,8.9600,9.2800,9.4500,5568147,51113322.4900,3,1.004356,1,-1.798943,0
2018-06-14,sz.002632,9.1300,9.1800,8.9600,9.0900,9.2800,5228197,47312798.0200,3,0.943037,1,-2.047409,0
2018-06-15,sz.002632,9.1500,9.5000,9.0000,9.3900,9.0900,11212394,103730339.7800,3,2.022438,1,3.300332,0
2018-06-19,sz.002632,9.1500,9.3300,8.4500,8.9600,9.3900,10656112,94467798.1700,3,1.922098,1,-4.579343,0
2018-06-20,sz.002632,8.7500,9.0800,8.6100,8.9800,8.9600,6236529,55422919.3800,3,1.124915,1,0.223209,0
2018-06-21,sz.002632,8.9100,8.9700,8.5800,8.6100,8.9800,4996339,43634978.8600,3,0.901216,1,-4.120266,0
2018-06-22,sz.002632,8.4500,8.8300,8.3500,8.6400,8.6100,3840830,33105603.3300,3,0.692790,1,0.348440,0
2018-06-25,sz.002632,8.7900,9.1500,8.7200,8.9000,8.6400,5242243,46781983.5300,3,0.933103,1,3.009251,0
2018-06-26,sz.002632,8.6500,9.0800,8.6200,8.8400,8.9000,5818621,51609184.4300,3,1.035697,1,-0.674151,0
2018-06-27,sz.002632,8.8400,8.9300,8.5600,8.7600,8.8400,3884313,34050493.9000,3,0.691396,1,-0.904976,0
2018-06-28,sz.002632,8.7900,8.8200,8.5100,8.6300,8.7600,3894571,33792489.8600,3,0.693222,1,-1.484020,0
2018-06-29,sz.002632,8.6300,9.0700,8.5000,8.9800,8.6300,7983567,70661209.5500,3,1.421051,1,4.055614,0
2018-07-02,sz.002632,8.9400,9.2200,8.8300,8.9600,8.9800,5967782,53763073.9200,3,1.062247,1,-0.222712,0
2018-07-03,sz.002632,9.0200,9.1500,8.8000,9.1200,8.9600,5574114,50203932.6400,3,0.992175,1,1.785712,0
2018-07-04,sz.002632,9.1400,9.1600,8.6800,8.8900,9.1200,4897605,43833918.4600,3,0.871759,1,-2.521925,0
2018-07-05,sz.002632,8.8000,8.9000,8.6200,8.6400,8.8900,3198250,27911530.7600,3,0.569279,1,-2.812148,0
2018-07-06,sz.002632,8.6400,8.8400,7.7800,8.0500,8.6400,12417009,102151087.9500,3,2.210190,1,-6.828705,0
2018-07-09,sz.002632,7.9500,8.0700,7.6400,7.9400,8.0500,11208834,87865832.8500,3,1.995138,1,-1.366461,0
2018-07-10,sz.002632,7.9000,7.9600,7.8300,7.9600,7.9400,7799381,61533281.8000,3,1.388266,1,0.251889,0
2018-07-11,sz.002632,7.7600,7.8800,7.3800,7.4500,7.9600,10064964,76513441.5500,3,1.791533,1,-6.407038,0
2018-07-12,sz.002632,7.4500,7.7400,7.4500,7.5700,7.4500,17789703,135179620.5500,3,3.166513,1,1.610743,0
2018-07-13,sz.002632,7.6200,7.9400,7.5000,7.9000,7.5700,12432426,96232144.4300,3,2.212934,1,4.359312,0
2018-07-16,sz.002632,7.8500,7.9700,7.6900,7.8800,7.9000,7572488,59255727.0100,3,1.347880,1,-0.253164,0
2018-07-17,sz.002632,7.8200,8.1100,7.7600,8.0800,7.8800,9246008,73801601.7000,3,1.645761,1,2.538069,0
2018-07-18,sz.002632,8.0700,8.1800,7.8900,7.9000,8.0800,7431027,59368146.8600,3,1.322700,1,-2.227721,0
2018-07-19,sz.002632,7.9100,7.9600,7.7800,7.8200,7.9000,4940674,38875176.9900,3,0.879425,1,-1.012657,0
2018-07-20,sz.002632,7.8200,7.9600,7.7500,7.9300,7.8200,4037145,31775584.1600,3,0.718599,1,1.406645,0
2018-07-23,sz.002632,7.9300,8.0500,7.8200,8.0000,7.9300,5541100,44059812.7100,3,0.986299,1,0.882726,0
2018-07-24,sz.002632,7.9700,8.0800,7.9200,8.0200,8.0000,7984267,63965634.4500,3,1.421175,1,0.250006,0
2018-07-25,sz.002632,8.0000,8.0700,7.8100,7.8500,8.0200,5763695,45804669.0300,3,1.025920,1,-2.119708,0
2018-07-26,sz.002632,7.8500,7.9500,7.8100,7.8600,7.8500,4715295,37135554.5300,3,0.839308,1,0.127391,0
2018-07-27,sz.002632,7.8500,7.8700,7.5600,7.6900,7.8600,7255737,55582988.5300,3,1.291499,1,-2.162851,0
2018-07-30,sz.002632,7.6900,7.8200,7.6000,7.6300,7.6900,4456222,34324723.6400,3,0.793194,1,-0.780233,0
2018-07-31,sz.002632,7.7100,7.7100,7.5500,7.6200,7.6300,3266622,24878011.6400,3,0.581449,1,-0.131065,0
2018-08-01,sz.002632,7.6700,7.7500,7.4700,7.4800,7.6200,4745500,36178003.9000,3,0.844685,1,-1.837269,0
2018-08-02,sz.002632,7.4000,7.5300,7.1400,7.2600,7.4800,5821811,42273159.3100,3,1.036265,1,-2.941174,0
2018-08-03,sz.002632,7.3600,7.3600,7.1700,7.1800,7.2600,3280900,23711825.0000,3,0.583990,1,-1.101934,0
2018-08-06,sz.002632,7.1600,7.2400,6.9200,6.9900,7.1800,4361213,30818629.5300,3,0.776283,1,-2.646240,0
2018-08-07,sz.002632,7.0200,7.1800,6.7800,7.1700,6.9900,8354618,58763252.2200,3,1.487097,1,2.575112,0
2018-08-08,sz.002632,7.3500,7.8900,7.3200,7.8900,7.1700,25560111,198991336.0200,3,4.610410,1,10.041840,0
2018-08-09,sz.002632,8.0600,8.1500,7.7500,7.9300,7.8900,24870580,197977452.4400,3,4.486036,1,0.506970,0
2018-08-10,sz.002632,7.8200,8.1100,7.7600,7.9900,7.9300,13051387,103336839.4700,3,2.354146,1,0.756620,0
2018-08-13,sz.002632,7.8500,8.1600,7.7800,8.1300,7.9900,11771459,93680402.6200,3,2.123279,1,1.752195,0
2018-08-14,sz.002632,8.0800,8.1200,7.8900,7.9400,8.1300,7282109,58169164.5500,3,1.313512,1,-2.337024,0
2018-08-15,sz.002632,7.9400,7.9600,7.6800,7.8000,7.9400,5645307,44000363.1100,3,1.018273,1,-1.763223,0
2018-08-16,sz.002632,7.6000,7.7400,7.4600,7.5900,7.8000,6389114,48670951.2100,3,1.152438,1,-2.692308,0
2018-08-17,sz.002632,7.6500,7.7700,7.4200,7.4500,7.5900,4561000,34705226.0000,3,0.822691,1,-1.844537,0
2018-08-20,sz.002632,7.4700,7.6300,7.2100,7.6300,7.4500,4664840,34832577.0000,3,0.841421,1,2.416111,0
2018-08-21,sz.002632,7.6500,7.7600,7.5300,7.6900,7.6300,4792300,36656848.7200,3,0.864412,1,0.786369,0
2018-08-22,sz.002632,7.6200,7.6400,7.4000,7.4100,7.6900,4116100,30892078.0000,3,0.742442,1,-3.641095,0
2018-08-23,sz.002632,7.4500,7.6300,7.3600,7.5600,7.4100,3358200,25272090.0000,3,0.605736,1,2.024293,0
2018-08-24,sz.002632,7.5300,7.5800,7.4600,7.4600,7.5600,2641100,19858354.0000,3,0.476389,1,-1.322750,0
2018-08-27,sz.002632,7.4700,7.9600,7.4600,7.8200,7.4600,6443200,49899172.1200,3,1.162193,1,4.825739,0
2018-08-28,sz.002632,7.8200,7.9000,7.7300,7.8300,7.8200,4130319,32217683.0500,3,0.745007,1,0.127874,0
2018-08-29,sz.002632,7.7600,7.8300,7.7100,7.7500,7.8300,2829118,21945966.4000,3,0.510303,1,-1.021710,0
2018-08-30,sz.002632,7.7800,7.8100,7.5600,7.5700,7.7500,3690652,28227297.0000,3,0.665702,1,-2.322578,0
2018-08-31,sz.002632,7.5400,7.5900,7.4000,7.4700,7.5700,2989291,22389769.2900,3,0.539194,1,-1.321009,0
2018-09-03,sz.002632,7.4700,7.5000,7.2500,7.4700,7.4700,3377091,24933305.3900,3,0.609143,1,0.000000,0
2018-09-04,sz.002632,7.4300,7.6500,7.4300,7.6000,7.4700,3174911,23976969.1000,3,0.572675,1,1.740296,0
2018-09-05,sz.002632,7.5500,7.7000,7.4800,7.5300,7.6000,3206720,24290917.2000,3,0.578413,1,-0.921049,0
2018-09-06,sz.002632,7.4700,7.5800,7.4100,7.4500,7.5300,2062200,15416968.3900,3,0.371970,1,-1.062422,0
2018-09-07,sz.002632,7.4500,7.6100,7.4000,7.6000,7.4500,2900400,21811130.0000,3,0.523160,1,2.013424,0
2018-09-10,sz.002632,7.5700,7.5900,7.3500,7.3600,7.6000,2690561,19993177.3500,3,0.485310,1,-3.157892,0
2018-09-11,sz.002632,7.3200,7.4300,7.3000,7.3800,7.3600,2056479,15151075.2300,3,0.370938,1,0.271739,0
2018-09-12,sz.002632,7.3500,7.4700,7.3100,7.3700,7.3800,1567480,11579963.9300,3,0.282734,1,-0.135504,0
2018-09-13,sz.002632,7.4500,7.5600,7.3600,7.4900,7.3700,2087380,15552969.6100,3,0.376512,1,1.628221,0
2018-09-14,sz.002632,7.5200,7.5300,7.3600,7.3900,7.4900,2248462,16767569.1800,3,0.405567,1,-1.335112,0
2018-09-17,sz.002632,7.3100,7.3800,7.1200,7.2000,7.3900,3124300,22602986.3800,3,0.563546,1,-2.571043,0
2018-09-18,sz.002632,7.1800,7.3900,7.1300,7.3400,7.2000,2372122,17256738.4800,3,0.427872,1,1.944449,0
2018-09-19,sz.002632,7.3400,7.5000,7.2800,7.4200,7.3400,3176004,23560394.2400,3,0.572872,1,1.089917,0
2018-09-20,sz.002632,7.4100,7.5500,7.3800,7.4100,7.4200,2299622,17158492.9000,3,0.414795,1,-0.134774,0
2018-09-21,sz.002632,7.4100,7.6700,7.3600,7.6600,7.4100,4739000,35626465.0000,3,0.854798,1,3.373819,0
2018-09-25,sz.002632,7.6000,7.6800,7.5000,7.5400,7.6600,4088268,31014867.7200,3,0.737422,1,-1.566578,0
2018-09-26,sz.002632,7.5900,7.6400,7.5000,7.5300,7.5400,4893768,37012204.0000,3,0.882714,1,-0.132623,0
2018-09-27,sz.002632,7.5500,7.5700,7.3100,7.3100,7.5300,4269508,31718414.1600,3,0.770113,1,-2.921650,0
2018-09-28,sz.002632,7.3200,7.4100,7.2500,7.3000,7.3100,4051200,29641877.0000,3,0.730736,1,-0.136795,0
2018-10-08,sz.002632,7.1500,7.2600,6.9000,6.9200,7.3000,4679908,33110565.6400,3,0.844139,1,-5.205481,0
2018-10-09,sz.002632,6.9200,7.0300,6.7300,6.7800,6.9200,5437115,37211602.1100,3,0.980721,1,-2.023119,0
2018-10-10,sz.002632,6.8200,6.8900,6.7400,6.7900,6.7800,3587608,24421810.1600,3,0.647115,1,0.147489,0
2018-10-11,sz.002632,6.5500,6.5600,6.1100,6.1400,6.7900,8418790,52823893.5400,3,1.518541,1,-9.572903,0
2018-10-12,sz.002632,6.1000,6.2000,5.8200,6.1500,6.1400,4966315,29977701.3800,3,0.895800,1,0.162870,0
2018-10-15,sz.002632,6.1900,6.4300,6.0700,6.1800,6.1500,3709053,23094285.4300,3,0.669021,1,0.487801,0
2018-10-16,sz.002632,6.1100,6.2700,6.1100,6.1700,6.1800,3768157,23275377.4900,3,0.679682,1,-0.161808,0
2018-10-17,sz.002632,6.2500,6.3800,6.0600,6.2900,6.1700,3971900,24692143.0000,3,0.716432,1,1.944893,0
2018-10-18,sz.002632,6.2700,6.2900,6.1200,6.2100,6.2900,3004270,18641869.0500,3,0.541896,1,-1.271859,0
2018-10-19,sz.002632,6.0100,6.5100,6.0100,6.5100,6.2100,5399376,34220394.0600,3,0.973913,1,4.830921,0
2018-10-22,sz.002632,6.5800,6.8800,6.5800,6.7800,6.5100,9527258,64376336.4200,3,1.718481,1,4.147465,0
2018-10-23,sz.002632,6.8000,6.8000,6.6200,6.6800,6.7800,5194928,34769502.2900,3,0.937036,1,-1.474932,0
2018-10-24,sz.002632,6.6200,6.7600,6.5200,6.6700,6.6800,6541717,43513276.3300,3,1.179963,1,-0.149697,0
2018-10-25,sz.002632,6.4900,6.6800,6.4000,6.6500,6.6700,5320900,34734387.0000,3,0.959758,1,-0.299850,0
2018-10-26,sz.002632,6.6900,6.7500,6.4900,6.5800,6.6500,3379002,22300170.2200,3,0.609488,1,-1.052634,0
2018-10-29,sz.002632,6.5100,6.6100,6.4700,6.5000,6.5800,2032400,13262811.0000,3,0.366595,1,-1.215804,0
2018-10-30,sz.002632,6.5100,6.6300,6.3700,6.5700,6.5000,3228100,20988002.1600,3,0.582269,1,1.076926,0
2018-10-31,sz.002632,6.5700,6.6900,6.5700,6.6400,6.5700,4661000,31007627.0800,3,0.840729,1,1.065444,0
2018-11-01,sz.002632,6.6800,6.8500,6.6400,6.7200,6.6400,5859267,39479445.8800,3,1.056866,1,1.204818,0
2018-11-02,sz.002632,6.8100,7.1700,6.7300,7.0900,6.7200,8372374,58204042.0300,3,1.510169,1,5.505958,0
2018-11-05,sz.002632,7.0200,7.1000,6.9000,6.9900,7.0900,4580200,32087130.0800,3,0.826154,1,-1.410443,0
2018-11-06,sz.002632,6.9500,7.0100,6.8700,6.9000,6.9900,2951384,20463024.6400,3,0.532356,1,-1.287549,0
2018-11-07,sz.002632,6.9200,6.9900,6.8500,6.8900,6.9000,3051964,21146943.5000,3,0.550499,1,-0.144931,0
2018-11-08,sz.002632,6.9400,6.9600,6.7300,6.7700,6.8900,3094296,21206066.0800,3,0.558134,1,-1.741653,0
2018-11-09,sz.002632,6.7700,6.8100,6.7300,6.7500,6.7700,2213098,14982485.4600,3,0.399188,1,-0.295421,0
2018-11-12,sz.002632,6.7200,6.9700,6.6700,6.9500,6.7500,5784216,39528302.6600,3,1.043329,1,2.962960,0
2018-11-13,sz.002632,6.8300,7.0600,6.8100,6.9900,6.9500,5183180,36053404.7400,3,0.934917,1,0.575539,0
2018-11-14,sz.002632,6.9900,7.0800,6.9200,6.9400,6.9900,4065553,28417704.0600,3,0.733325,1,-0.715303,0
2018-11-15,sz.002632,6.8900,7.0700,6.8900,7.0400,6.9400,5312571,37171126.1300,3,0.958256,1,1.440921,0
2018-11-16,sz.002632,7.0800,7.2400,7.0300,7.1000,7.0400,5714964,40756998.3600,3,1.030838,1,0.852272,0
2018-11-19,sz.002632,7.1600,7.3300,7.1100,7.2700,7.1000,5802810,41936264.9400,3,1.046683,1,2.394367,0
2018-11-20,sz.002632,7.1500,7.2200,6.9900,7.0500,7.2700,4413200,31403789.0000,3,0.796032,1,-3.026132,0
2018-11-21,sz.002632,6.9500,7.0600,6.8900,7.0300,7.0500,2580500,18074289.0000,3,0.465458,1,-0.283688,0
2018-11-22,sz.002632,7.0800,7.2000,7.0000,7.1800,7.0300,3291100,23333831.0000,3,0.593633,1,2.133707,0
2018-11-23,sz.002632,7.1200,7.1700,6.8500,6.8500,7.1800,4686880,32602488.2000,3,0.845397,1,-4.596099,0
2018-11-26,sz.002632,6.8200,6.8900,6.7000,6.8200,6.8500,1979100,13486393.0000,3,0.356981,1,-0.437952,0
2018-11-27,sz.002632,6.8300,6.9000,6.7300,6.8600,6.8200,2400300,16365107.0000,3,0.432955,1,0.586510,0
2018-11-28,sz.002632,6.8300,7.2200,6.8100,7.2200,6.8600,6634500,46956320.0000,3,1.196699,1,5.247808,0
2018-11-29,sz.002632,7.2200,7.5500,7.1400,7.1400,7.2200,12447257,91306056.1100,3,2.245176,1,-1.108032,0
2018-11-30,sz.002632,7.2200,7.3400,7.1000,7.2700,7.1400,5854524,42332541.3600,3,1.056011,1,1.820730,0
2018-12-03,sz.002632,7.4900,7.5100,7.3100,7.3500,7.2700,7239015,53661718.0700,3,1.305739,1,1.100412,0
2018-12-04,sz.002632,7.3600,7.4700,7.3500,7.3900,7.3500,3085843,22845932.9900,3,0.556610,1,0.544217,0
2018-12-05,sz.002632,7.2300,7.4700,7.2000,7.3800,7.3900,4442737,32703977.8100,3,0.801360,1,-0.135315,0
2018-12-06,sz.002632,7.3300,7.7400,7.3100,7.5900,7.3800,11268655,85630692.7900,3,2.032586,1,2.845529,0
2018-12-07,sz.002632,7.6700,7.6700,7.4000,7.4500,7.5900,5519071,41357548.1800,3,0.995503,1,-1.844537,0
2018-12-10,sz.002632,7.4200,7.6300,7.3400,7.5000,7.4500,6206315,46499047.4500,3,1.119465,1,0.671144,0
2018-12-11,sz.002632,7.5100,7.5700,7.3900,7.5000,7.5000,3095504,23054309.6400,3,0.558352,1,0.000000,0
2018-12-12,sz.002632,7.4200,7.5400,7.4200,7.4800,7.5000,2410300,18024152.0000,3,0.434758,1,-0.266666,0
2018-12-13,sz.002632,7.5300,7.6300,7.4600,7.5400,7.4800,3548000,26813823.0000,3,0.639971,1,0.802138,0
2018-12-14,sz.002632,7.5300,7.5600,7.3200,7.3400,7.5400,3470415,25769600.9800,3,0.625977,1,-2.652517,0
2018-12-17,sz.002632,7.3600,7.4300,7.2500,7.4200,7.3400,2598890,19098949.8700,3,0.468775,1,1.089917,0
2018-12-18,sz.002632,7.3400,7.4500,7.1100,7.3000,7.4200,3284053,23843821.6600,3,0.592362,1,-1.617249,0
2018-12-19,sz.002632,7.4000,7.4200,7.1300,7.1700,7.3000,2525469,18401240.8200,3,0.455532,1,-1.780823,0
2018-12-20,sz.002632,7.2000,7.3200,7.1400,7.2300,7.1700,2108148,15264541.7000,3,0.380258,1,0.836819,0
2018-12-21,sz.002632,7.2600,7.3300,7.1600,7.1900,7.2300,2268244,16406161.8800,3,0.409135,1,-0.553250,0
2018-12-24,sz.002632,7.2100,7.2300,7.1400,7.2300,7.1900,2146015,15421749.4100,3,0.387088,1,0.556328,0
2018-12-25,sz.002632,7.1600,7.2000,6.9300,7.1400,7.2300,3644201,25708330.6000,3,0.657323,1,-1.244815,0
2018-12-26,sz.002632,7.1500,7.2300,7.0700,7.0900,7.1400,1669094,11914568.1600,3,0.301063,1,-0.700276,0
2018-12-27,sz.002632,7.2000,7.2500,6.8800,6.9200,7.0900,2453700,17350816.0000,3,0.442587,1,-2.397744,0
2018-12-28,sz.002632,6.9000,7.0000,6.9000,6.9300,6.9200,1975302,13741924.9400,3,0.356295,1,0.144505,0
2019-01-02,sz.002632,6.9000,7.0000,6.8700,6.9000,6.9300,1676281,11601393.7600,3,0.302359,1,-0.432897,0
2019-01-03,sz.002632,6.9000,6.9800,6.8100,6.9000,6.9000,1210500,8375949.0000,3,0.218344,1,0.000000,0
2019-01-04,sz.002632,6.8500,7.2000,6.8000,7.0600,6.9000,3225067,22562403.3700,3,0.581722,1,2.318838,0
2019-01-07,sz.002632,7.0800,7.1500,7.0200,7.1100,7.0600,2995757,21233524.2700,3,0.540360,1,0.708218,0
2019-01-08,sz.002632,7.1100,7.1700,7.0800,7.1300,7.1100,1477700,10530274.0000,3,0.266540,1,0.281294,0
2019-01-09,sz.002632,7.1300,7.3300,7.0800,7.1900,7.1300,3832833,27759283.1700,3,0.691348,1,0.841514,0
2019-01-10,sz.002632,7.1900,7.2800,7.1100,7.1400,7.1900,2258028,16161347.0600,3,0.407292,1,-0.695413,0
2019-01-11,sz.002632,7.1700,7.2500,7.1000,7.2000,7.1400,2135836,15321812.4600,3,0.385252,1,0.840335,0
2019-01-14,sz.002632,7.2100,7.2500,7.1100,7.1400,7.2000,2176283,15602336.4300,3,0.392547,1,-0.833333,0
2019-01-15,sz.002632,7.1800,7.2200,7.1100,7.2000,7.1400,2881619,20659436.1300,3,0.519773,1,0.840335,0
2019-01-16,sz.002632,7.2100,7.2100,7.0800,7.1200,7.2000,2609365,18610562.1600,3,0.470665,1,-1.111110,0
2019-01-17,sz.002632,7.1000,7.1300,6.9300,6.9300,7.1200,2358205,16542967.0300,3,0.425362,1,-2.668540,0
2019-01-18,sz.002632,6.9800,7.0600,6.9300,7.0200,6.9300,1828972,12793427.4000,3,0.329901,1,1.298704,0
2019-01-21,sz.002632,7.0000,7.0900,6.9600,7.0900,7.0200,2638925,18604568.5000,3,0.475997,1,0.997154,0
2019-01-22,sz.002632,7.0600,7.1000,6.9000,6.9300,7.0900,2108943,14706665.1800,3,0.380401,1,-2.256704,0
2019-01-23,sz.002632,6.9600,7.0400,6.8700,7.0400,6.9300,1871600,13074024.0000,3,0.337590,1,1.587304,0
2019-01-24,sz.002632,7.0500,7.1100,6.9300,7.0600,7.0400,2677422,18807859.6200,3,0.468286,1,0.284091,0
2019-01-25,sz.002632,7.0500,7.3300,6.9400,7.1400,7.0600,4796313,34237230.8700,3,0.838883,1,1.133143,0
2019-01-28,sz.002632,7.1800,7.2000,7.0500,7.1700,7.1400,2815816,19987499.1900,3,0.492491,1,0.420171,0
2019-01-29,sz.002632,7.1400,7.1400,6.8500,6.9800,7.1700,2522014,17637815.5800,3,0.441104,1,-2.649931,0
2019-01-30,sz.002632,7.0000,7.0600,6.9000,6.9500,6.9800,1701776,11891288.2300,3,0.297643,1,-0.429802,0
2019-01-31,sz.002632,6.9600,7.0300,6.8100,6.8500,6.9500,2282743,15762609.9400,3,0.399256,1,-1.438848,0
2019-02-01,sz.002632,6.8500,7.0000,6.8500,6.9900,6.8500,1898124,13197212.7600,3,0.331985,1,2.043794,0
2019-02-11,sz.002632,7.0000,7.4600,7.0000,7.4600,6.9900,7884613,57424033.9000,3,1.379032,1,6.723896,0
2019-02-12,sz.002632,7.3600,7.6400,7.3200,7.5800,7.4600,6335394,47479452.3600,3,1.108071,1,1.608578,0
2019-02-13,sz.002632,7.5500,7.7300,7.4800,7.5600,7.5800,6182232,47013477.1000,3,1.081283,1,-0.263852,0
2019-02-14,sz.002632,7.7400,8.0600,7.5500,8.0200,7.5600,13575299,106475158.0700,3,2.374342,1,6.084663,0
2019-02-15,sz.002632,7.8300,8.0300,7.7200,7.8600,8.0200,11969716,94303501.8700,3,2.093523,1,-1.995016,0
2019-02-18,sz.002632,7.8900,8.0700,7.8000,8.0200,7.8600,9226419,73424333.1100,3,1.613716,1,2.035628,0
2019-02-19,sz.002632,8.0800,8.2300,7.9300,8.0900,8.0200,10422202,83986194.5000,3,1.822861,1,0.872814,0
2019-02-20,sz.002632,8.1000,8.9000,7.8700,8.5000,8.0900,14481179,120441400.0200,3,2.532782,1,5.067983,0
2019-02-21,sz.002632,8.5500,8.6700,8.2200,8.2900,8.5000,13597767,114425709.5100,3,2.378272,1,-2.470589,0
2019-02-22,sz.002632,8.2000,8.4200,8.1700,8.3800,8.2900,7044942,58449684.7800,3,1.232172,1,1.085647,0
2019-02-25,sz.002632,8.4600,8.9300,8.3500,8.7600,8.3800,15260461,131467550.6500,3,2.669080,1,4.534607,0
2019-02-26,sz.002632,8.7000,8.7500,8.4100,8.5000,8.7600,9909032,85099166.8800,3,1.733106,1,-2.968039,0
2019-02-27,sz.002632,8.6500,8.8100,8.4100,8.4700,8.5000,9731389,83986587.2100,3,1.702036,1,-0.352938,0
2019-02-28,sz.002632,8.4600,8.5500,8.3600,8.4200,8.4700,4923588,41564572.6800,3,0.861144,1,-0.590321,0
2019-03-01,sz.002632,8.5000,8.6200,8.4000,8.5000,8.4200,5173546,44109456.4200,3,0.904862,1,0.950118,0
2019-03-04,sz.002632,8.5200,8.8300,8.5000,8.6300,8.5000,12751630,110474148.9000,3,2.230281,1,1.529413,0
2019-03-05,sz.002632,8.5700,8.8500,8.5200,8.8300,8.6300,8672722,75606989.5600,3,1.516874,1,2.317495,0
2019-03-06,sz.002632,8.9300,8.9700,8.6600,8.8700,8.8300,10293900,90595376.0000,3,1.800420,1,0.453001,0
2019-03-07,sz.002632,8.8800,9.3800,8.6800,9.1700,8.8700,14234943,127841802.9400,3,2.489715,1,3.382189,0
2019-03-08,sz.002632,9.0600,9.1900,8.7300,8.7400,9.1700,10699600,95895081.9300,3,1.871378,1,-4.689207,0
2019-03-11,sz.002632,8.7400,8.9400,8.7400,8.9400,8.7400,8038895,71270727.1100,3,1.406016,1,2.288327,0
2019-03-12,sz.002632,9.0600,9.0600,8.8000,8.9300,8.9400,10586268,94566318.3200,3,1.851556,1,-0.111849,0
2019-03-13,sz.002632,8.9500,8.9800,8.7000,8.8800,8.9300,7715800,68188010.8600,3,1.349506,1,-0.559913,0
2019-03-14,sz.002632,8.8800,9.2200,8.7200,8.9800,8.8800,10788840,97303141.0200,3,1.886986,1,1.126120,0
2019-03-15,sz.002632,8.9100,9.3600,8.9100,9.1400,8.9800,10660220,97641359.6000,3,1.864490,1,1.781746,0
2019-03-18,sz.002632,9.2100,9.2700,8.9300,9.1600,9.1400,9388482,84967307.2800,3,1.642061,1,0.218813,0
2019-03-19,sz.002632,9.1000,9.1600,8.9800,9.0800,9.1600,5205487,47148467.2700,3,0.910448,1,-0.873362,0
2019-03-20,sz.002632,9.0500,9.0500,8.7000,8.8600,9.0800,7595424,67263933.6400,3,1.328452,1,-2.422910,0
2019-03-21,sz.002632,8.8700,8.9300,8.7900,8.8500,8.8600,7489087,66290936.2800,3,1.309854,1,-0.112859,0
2019-03-22,sz.002632,8.8700,8.9700,8.7900,8.9300,8.8500,5687387,50518790.4900,3,0.994733,1,0.903954,0
2019-03-25,sz.002632,8.8200,9.0200,8.7800,8.8600,8.9300,5611012,50034275.6800,3,0.981375,1,-0.783882,0
2019-03-26,sz.002632,8.9100,8.9400,8.3300,8.4900,8.8600,7320900,63218919.9900,3,1.280438,1,-4.176071,0
2019-03-27,sz.002632,8.5500,8.5500,8.2700,8.4000,8.4900,5777391,48431722.9100,3,1.010475,1,-1.060073,0
2019-03-28,sz.002632,8.4000,8.4600,8.2800,8.4000,8.4000,4447521,37343685.2000,3,0.777879,1,0.000000,0
2019-03-29,sz.002632,8.4400,8.6600,8.4400,8.6600,8.4000,6833167,58603975.6800,3,1.195132,1,3.095241,0
2019-04-01,sz.002632,8.7700,8.9800,8.6800,8.9400,8.6600,8918600,79012346.2800,3,1.559878,1,3.233253,0
2019-04-02,sz.002632,9.1700,9.5200,9.0800,9.1600,8.9400,14924040,138403989.1400,3,2.610239,1,2.460853,0
2019-04-03,sz.002632,9.1200,9.3200,9.0600,9.2200,9.1600,8091983,74279773.6000,3,1.415301,1,0.655026,0
2019-04-04,sz.002632,9.1600,9.4600,9.1100,9.1600,9.2200,11535285,106579465.0000,3,2.017541,1,-0.650764,0
2019-04-08,sz.002632,9.2100,9.3200,8.8700,9.0400,9.1600,11117625,101170134.0000,3,1.944491,1,-1.310043,0
2019-04-09,sz.002632,9.0500,9.0900,8.8800,8.9000,9.0400,7909592,70879658.9000,3,1.383401,1,-1.548676,0
2019-04-10,sz.002632,8.9200,9.0200,8.8800,8.9400,8.9000,5454522,48762431.6300,3,0.954005,1,0.449438,0
2019-04-11,sz.002632,8.9200,8.9900,8.4200,8.4700,8.9400,11322771,97863943.3800,3,1.980372,1,-5.257263,0
2019-04-12,sz.002632,8.4800,8.5500,8.4200,8.5000,8.4700,4683613,39708300.9900,3,0.819172,1,0.354188,0
2019-04-15,sz.002632,8.5900,8.7300,8.4800,8.4800,8.5000,5690700,48983235.8800,3,0.995313,1,-0.235299,0
2019-04-16,sz.002632,8.4300,8.6400,8.3500,8.6400,8.4800,5382642,45826228.8800,3,0.941433,1,1.886802,0
2019-04-17,sz.002632,8.6500,8.7200,8.5600,8.6500,8.6400,4918501,42507058.1400,3,0.860254,1,0.115732,0
2019-04-18,sz.002632,8.6500,8.6900,8.5100,8.5500,8.6500,3618507,31116321.3900,3,0.632883,1,-1.156063,0
2019-04-19,sz.002632,8.5600,8.6200,8.4400,8.6200,8.5500,3904012,33321443.3400,3,0.682818,1,0.818710,0
2019-04-22,sz.002632,8.6200,8.6500,8.5200,8.5300,8.6200,3743610,32145061.5000,3,0.654764,1,-1.044085,0
2019-04-23,sz.002632,8.4000,8.4900,8.0400,8.1000,8.5300,11944712,97958615.2000,3,2.089150,1,-5.041024,0
2019-04-24,sz.002632,8.0900,8.2100,8.0700,8.1900,8.1000,3905301,31751344.1800,3,0.683044,1,1.111101,0
2019-04-25,sz.002632,8.1500,8.1800,7.8300,7.8400,8.1900,7222900,58085395.8400,3,1.263297,1,-4.273498,0
2019-04-26,sz.002632,7.8600,7.9500,7.6400,7.7400,7.8400,7747145,60191335.8500,3,1.354989,1,-1.275515,0
2019-04-29,sz.002632,7.7600,7.8600,7.6200,7.8000,7.7400,4737616,36692863.3900,3,0.828617,1,0.775199,0
2019-04-30,sz.002632,7.8600,7.9100,7.6400,7.7200,7.8000,7048783,54912793.4100,3,1.232844,1,-1.025646,0
2019-05-06,sz.002632,7.4000,7.4100,6.9500,6.9800,7.7200,11455806,81156110.1800,3,2.003640,1,-9.585489,0
2019-05-07,sz.002632,6.9900,7.0700,6.8700,6.9600,6.9800,6194738,43061059.3400,3,1.083470,1,-0.286533,0
2019-05-08,sz.002632,6.8400,6.9900,6.7300,6.9700,6.9600,5166700,35635426.3200,3,0.903664,1,0.143675,0
2019-05-09,sz.002632,6.9200,6.9400,6.8400,6.8800,6.9700,3378828,23272965.1200,3,0.590963,1,-1.291244,0
2019-05-10,sz.002632,6.9100,7.1900,6.8400,7.1500,6.8800,7704059,54169142.6300,3,1.347453,1,3.924418,0
2019-05-13,sz.002632,7.0600,7.1500,7.0100,7.0900,7.1500,3693582,26162131.5000,3,0.646014,1,-0.839160,0
2019-05-14,sz.002632,7.0200,7.1100,6.9700,7.0200,7.0900,3864203,27222395.0000,3,0.675856,1,-0.987309,0
2019-05-15,sz.002632,7.0600,7.2000,7.0600,7.1900,7.0200,4481733,32064453.9600,3,0.783863,1,2.421654,0
2019-05-16,sz.002632,7.1900,7.2900,7.1300,7.2200,7.1900,5228404,37674090.6000,3,0.914457,1,0.417243,0
2019-05-17,sz.002632,7.2900,7.2900,6.8800,6.9600,7.2200,4856704,34289494.6800,3,0.849446,1,-3.601105,0
2019-05-20,sz.002632,6.9000,7.1400,6.8300,7.0000,6.9600,4772800,33158849.0000,3,0.834771,1,0.574712,0
2019-05-21,sz.002632,7.0000,7.1400,6.9400,7.1200,7.0000,4342600,30716460.0000,3,0.759528,1,1.714284,0
2019-05-22,sz.002632,7.1600,7.1600,7.0600,7.1000,7.1200,3090700,21968340.0000,3,0.540569,1,-0.280899,0
2019-05-23,sz.002632,7.0300,7.1300,6.9700,7.0300,7.1000,3900400,27467274.0000,3,0.682186,1,-0.985911,0
2019-05-24,sz.002632,6.9900,7.0700,6.9600,7.0400,7.0300,1995524,14023004.9000,3,0.349020,1,0.142244,0
2019-05-27,sz.002632,7.0800,7.2400,7.0100,7.2300,7.0400,3684611,26360542.8100,3,0.644445,1,2.698864,0
2019-05-28,sz.002632,7.2200,7.2700,7.1600,7.2000,7.2300,3066300,22141650.0000,3,0.536301,1,-0.414941,0
2019-05-29,sz.002632,7.1900,7.2500,7.1500,7.1900,7.2000,2038770,14691955.2900,3,0.356584,1,-0.138885,0
2019-05-30,sz.002632,7.1900,7.3000,7.1100,7.2200,7.1900,3345984,24102984.3900,3,0.585218,1,0.417243,0
2019-05-31,sz.002632,7.2300,7.2700,7.1500,7.1700,7.2200,1986100,14310153.0000,3,0.347372,1,-0.692517,0
2019-06-03,sz.002632,7.1100,7.2200,7.0500,7.0700,7.1700,2451100,17427941.0000,3,0.428701,1,-1.394699,0
2019-06-04,sz.002632,7.1000,7.1000,6.9600,6.9700,7.0700,2819379,19740862.9300,3,0.493114,1,-1.414433,0
2019-06-05,sz.002632,7.1000,7.1200,7.0500,7.0800,6.9700,2640088,18711361.1500,3,0.461756,1,1.578194,0
2019-06-06,sz.002632,7.0100,7.1000,6.9300,6.9700,7.0800,2445630,17129080.5000,3,0.427745,1,-1.553674,0
2019-06-10,sz.002632,7.0000,7.1000,6.9200,7.0900,6.9700,1979477,13961902.3900,3,0.346214,1,1.721670,0
2019-06-11,sz.002632,7.1000,7.3900,7.0500,7.3500,7.0900,3891001,28267768.1400,3,0.680543,1,3.667133,0
2019-06-12,sz.002632,7.3000,7.3500,7.2700,7.3200,7.3500,2831800,20678616.0000,3,0.495287,1,-0.408160,0
2019-06-13,sz.002632,7.0300,7.0300,6.8500,6.9800,6.9700,2609000,18130460.0000,3,0.456318,1,0.143475,0
2019-06-14,sz.002632,6.9500,7.0100,6.8000,6.8500,6.9800,2718400,18726190.0000,3,0.475453,1,-1.862466,0
2019-06-17,sz.002632,6.8100,6.8800,6.7000,6.8300,6.8500,2135900,14564372.4600,3,0.373572,1,-0.291971,0
2019-06-18,sz.002632,6.8800,6.8800,6.7600,6.7800,6.8300,1526904,10376931.0400,3,0.267058,1,-0.732060,0
2019-06-19,sz.002632,6.8800,6.9400,6.8300,6.8400,6.7800,2490583,17165574.8900,3,0.435607,1,0.884955,0
2019-06-20,sz.002632,6.8200,6.9700,6.8100,6.9200,6.8400,3100219,21367000.0500,3,0.542233,1,1.169590,0
2019-06-21,sz.002632,6.9400,7.0400,6.9400,7.0100,6.9200,4158204,29128016.2800,3,0.727277,1,1.300580,0
2019-06-24,sz.002632,7.0100,7.0400,6.9300,6.9700,7.0100,2349290,16382252.0400,3,0.410895,1,-0.570620,0
2019-06-25,sz.002632,6.9500,6.9700,6.8100,6.8900,6.9700,2594169,17873821.3400,3,0.453724,1,-1.147775,0
2019-06-26,sz.002632,6.8600,6.9500,6.8500,6.8900,6.8900,1837304,12651935.4000,3,0.321348,1,0.000000,0
2019-06-27,sz.002632,6.9000,7.0200,6.8600,6.9700,6.8900,3608300,25095989.0000,3,0.631098,1,1.161102,0
2019-06-28,sz.002632,7.0000,7.0000,6.8500,6.9000,6.9700,2727504,18805794.4400,3,0.477045,1,-1.004300,0
2019-07-01,sz.002632,6.9700,7.0900,6.9600,7.0600,6.9000,6391241,44863760.8200,3,1.117839,1,2.318838,0
2019-07-02,sz.002632,7.0600,7.2200,7.0400,7.1100,7.0600,5871200,41871522.0000,3,1.026883,1,0.708218,0
2019-07-03,sz.002632,7.1100,7.1300,7.0300,7.0500,7.1100,1968900,13893576.0000,3,0.344364,1,-0.843881,0
2019-07-04,sz.002632,7.0700,7.0900,6.9500,6.9900,7.0500,2152300,15089099.0000,3,0.376441,1,-0.851070,0
2019-07-05,sz.002632,7.0100,7.0300,6.9400,7.0200,6.9900,1922124,13419337.2400,3,0.336183,1,0.429188,0
2019-07-08,sz.002632,7.0000,7.0000,6.7800,6.7800,7.0200,3262800,22346866.2100,3,0.570669,1,-3.418800,0
2019-07-09,sz.002632,6.7800,6.8400,6.7500,6.8300,6.7800,1367100,9297371.6900,3,0.239108,1,0.737459,0
2019-07-10,sz.002632,6.8200,6.8700,6.7600,6.7900,6.8300,1119979,7643348.7800,3,0.195886,1,-0.585651,0
2019-07-11,sz.002632,6.8500,6.8800,6.7600,6.7800,6.7900,1457366,9944776.8200,3,0.254896,1,-0.147272,0
2019-07-12,sz.002632,6.7700,6.9400,6.7700,6.8200,6.7800,1579000,10806789.0000,3,0.276170,1,0.589970,0
2019-07-15,sz.002632,6.8200,6.8900,6.7400,6.8800,6.8200,2704815,18466712.1500,3,0.473077,1,0.879765,0
2019-07-16,sz.002632,6.8800,6.9000,6.8400,6.8900,6.8800,1501215,10314870.2000,3,0.262565,1,0.145345,0
2019-07-17,sz.002632,6.8500,6.9000,6.8300,6.8700,6.8900,2007979,13785765.1500,3,0.351199,1,-0.290276,0
2019-07-18,sz.002632,6.8200,6.8500,6.7100,6.7600,6.8700,1995100,13520265.0000,3,0.348946,1,-1.601160,0
2019-07-19,sz.002632,6.7800,6.8700,6.7500,6.7500,6.7600,1479700,10052554.0000,3,0.258802,1,-0.147932,0
2019-07-22,sz.002632,6.7600,6.8100,6.4600,6.4700,6.7500,3154002,20718999.9400,3,0.551640,1,-4.148151,0
2019-07-23,sz.002632,6.4800,6.5400,6.4800,6.5200,6.4700,1290000,8393208.0000,3,0.225623,1,0.772801,0
2019-07-24,sz.002632,6.5400,7.1700,6.5200,6.8000,6.5200,11754504,82326749.1800,3,2.055882,1,4.294482,0
2019-07-25,sz.002632,6.7100,6.7900,6.6100,6.7600,6.8000,5611723,37628305.9100,3,0.981500,1,-0.588235,0
2019-07-26,sz.002632,6.6800,6.7000,6.5800,6.6500,6.7600,3814100,25306894.0000,3,0.667100,1,-1.627200,0
2019-07-29,sz.002632,6.6700,6.7000,6.5800,6.6200,6.6500,3465200,22904578.0000,3,0.606069,1,-0.451131,0
2019-07-30,sz.002632,6.6300,6.6600,6.5900,6.6500,6.6200,3030885,20098412.7000,3,0.530100,1,0.453200,0
2019-07-31,sz.002632,6.6400,6.6400,6.5200,6.5200,6.6500,2405131,15830755.1200,3,0.420700,1,-1.954900,0
2019-08-01,sz.002632,6.5200,6.6200,6.5200,6.5700,6.5200,1928100,12675999.0000,3,0.337200,1,0.766900,0
2019-08-02,sz.002632,6.4900,6.5400,6.3400,6.4200,6.5700,3493842,22492032.0400,3,0.611100,1,-2.283100,0
2019-08-05,sz.002632,6.4000,6.4600,6.3500,6.3700,6.4200,2551301,16289104.3700,3,0.446200,1,-0.778800,0
2019-08-06,sz.002632,6.2000,6.2000,5.8400,5.9300,6.3700,7414000,44467942.0000,3,1.296700,1,-6.907400,0
2019-08-07,sz.002632,5.9400,6.0200,5.9100,5.9200,5.9300,2975100,17706125.0000,3,0.520300,1,-0.168600,0
2019-08-08,sz.002632,5.9700,6.0100,5.9200,5.9600,5.9200,2240300,13360531.0000,3,0.391800,1,0.675700,0
2019-08-09,sz.002632,6.0000,6.0300,5.8500,5.8600,5.9600,2151800,12815203.0000,3,0.376400,1,-1.677900,0
2019-08-12,sz.002632,5.8400,6.0200,5.8400,5.9700,5.8600,2054973,12235717.8000,3,0.359400,1,1.877100,0
2019-08-13,sz.002632,5.9500,5.9800,5.9000,5.9300,5.9700,1555700,9220858.0000,3,0.272100,1,-0.670000,0
2019-08-14,sz.002632,5.9900,6.0700,5.9300,5.9700,5.9300,2318404,13888001.8400,3,0.405500,1,0.674500,0
2019-08-15,sz.002632,5.8500,5.9600,5.7600,5.9500,5.9700,2036300,11952953.0000,3,0.356200,1,-0.335000,0
2019-08-16,sz.002632,5.9200,6.0600,5.9200,5.9600,5.9500,1967900,11798155.0000,3,0.344200,1,0.168100,0
2019-08-19,sz.002632,6.0900,6.1300,6.0100,6.1200,5.9600,2620504,15926848.0700,3,0.458300,1,2.684600,0
2019-08-20,sz.002632,6.1100,6.2200,6.0800,6.1100,6.1200,3687444,22657600.1500,3,0.644900,1,-0.163400,0
2019-08-21,sz.002632,6.1200,6.1300,6.0600,6.0800,6.1100,2748500,16735172.0000,3,0.480700,1,-0.491000,0
2019-08-22,sz.002632,6.1200,6.1200,6.0500,6.1000,6.0800,1532200,9319591.0000,3,0.268000,1,0.328900,0
2019-08-23,sz.002632,6.0000,6.0500,5.9200,5.9400,6.1000,6067032,36281919.8300,3,1.061100,1,-2.622900,0
2019-08-26,sz.002632,5.8100,5.9200,5.8000,5.8700,5.9400,3238500,19011454.0000,3,0.566400,1,-1.178500,0
2019-08-27,sz.002632,5.9000,6.0600,5.9000,6.0600,5.8700,3671094,21986571.0100,3,0.642100,1,3.236800,0
2019-08-28,sz.002632,6.1000,6.1000,5.9700,5.9900,6.0600,2946233,17673186.6700,3,0.515300,1,-1.155100,0
2019-08-29,sz.002632,6.0400,6.0400,5.9700,6.0000,5.9900,2959233,17746054.0100,3,0.517600,1,0.166900,0
2019-08-30,sz.002632,6.0500,6.0500,5.8200,5.8600,6.0000,4486465,26521270.2500,3,0.784700,1,-2.333300,0
2019-09-02,sz.002632,5.8600,6.0100,5.8300,5.9800,5.8600,3602709,21436019.9100,3,0.630100,1,2.047800,0
2019-09-03,sz.002632,6.0200,6.1200,5.9800,6.0700,5.9800,4917065,29808642.6000,3,0.860000,1,1.505000,0
2019-09-04,sz.002632,6.0400,6.1000,6.0300,6.0900,6.0700,4314320,26198245.2000,3,0.747400,1,0.329500,0
2019-09-05,sz.002632,6.1200,6.2800,6.0900,6.1400,6.0900,7568165,46884180.4000,3,1.311000,1,0.821000,0
2019-09-06,sz.002632,6.1400,6.2100,6.1200,6.1800,6.1400,3849872,23733390.8700,3,0.666900,1,0.651500,0
2019-09-09,sz.002632,6.2600,6.3400,6.2000,6.3300,6.1800,5641018,35360211.6900,3,0.977200,1,2.427200,0
2019-09-10,sz.002632,6.3300,6.4700,6.3000,6.3600,6.3300,4446002,28314757.9400,3,0.770200,1,0.473900,0
2019-09-11,sz.002632,6.3800,6.4200,6.3100,6.3100,6.3600,3978133,25321483.2100,3,0.689100,1,-0.786200,0
2019-09-12,sz.002632,6.3200,6.4500,6.3200,6.4100,6.3100,3491700,22320083.0000,3,0.604900,1,1.584800,0
2019-09-16,sz.002632,6.4200,6.4500,6.3700,6.3900,6.4100,3905000,25004262.0000,3,0.676500,1,-0.312000,0
2019-09-17,sz.002632,6.3700,6.3800,6.1600,6.2000,6.3900,5424400,33876841.0000,3,0.939700,1,-2.973400,0
2019-09-18,sz.002632,6.2300,6.3000,6.1700,6.2100,6.2000,2447602,15266374.4000,3,0.424000,1,0.161300,0
2019-09-19,sz.002632,6.2400,6.3100,6.2100,6.3000,6.2100,2382800,14907473.0000,3,0.412800,1,1.449300,0
2019-09-20,sz.002632,6.3100,6.3300,6.2100,6.2700,6.3000,3575469,22369095.6100,3,0.619400,1,-0.476200,0
2019-09-23,sz.002632,6.2400,6.3000,6.1200,6.1800,6.2700,2974702,18328455.3200,3,0.515300,1,-1.435400,0
2019-09-24,sz.002632,6.1700,6.2300,6.1200,6.1400,6.1800,2972200,18362934.0000,3,0.514900,1,-0.647200,0
2019-09-25,sz.002632,6.1300,6.1400,6.0100,6.0500,6.1400,3448500,20907991.0000,3,0.597400,1,-1.465800,0
2019-09-26,sz.002632,6.0600,6.0700,5.8800,5.8800,6.0500,3752493,22353070.7700,3,0.650000,1,-2.809900,0
2019-09-27,sz.002632,5.9000,6.4700,5.8700,6.0800,5.8800,7265897,44536577.6500,3,1.258700,1,3.401400,0
2019-09-30,sz.002632,6.0000,6.0500,5.8800,5.8900,6.0800,5242880,31135501.2000,3,0.908200,1,-3.125000,0
2019-10-08,sz.002632,5.8900,5.9700,5.8600,5.9200,5.8900,2437424,14436427.6400,3,0.422200,1,0.509300,0
2019-10-09,sz.002632,5.9000,5.9900,5.8400,5.9900,5.9200,2137400,12653870.0000,3,0.370300,1,1.182400,0
2019-10-10,sz.002632,5.9800,6.0700,5.9800,6.0500,5.9900,2489104,15012890.1800,3,0.431200,1,1.001700,0
2019-10-11,sz.002632,6.0500,6.1300,6.0400,6.0700,6.0500,2628708,15984792.3600,3,0.455400,1,0.330600,0
2019-10-14,sz.002632,6.1200,6.1700,6.1000,6.1400,6.0700,2893480,17772159.8000,3,0.501200,1,1.153200,0
2019-10-15,sz.002632,6.1500,6.1500,6.0300,6.0500,6.1400,2053731,12445230.6800,3,0.355800,1,-1.465800,0
2019-10-16,sz.002632,6.0500,6.0800,5.9800,5.9800,6.0500,2227724,13405414.6000,3,0.385900,1,-1.157000,0
2019-10-17,sz.002632,5.9800,6.0300,5.9700,5.9900,5.9800,1131604,6785741.9600,3,0.196000,1,0.167200,0
2019-10-18,sz.002632,5.9900,6.0100,5.8900,5.9000,5.9900,2228550,13243474.0000,3,0.386000,1,-1.502500,0
2019-10-21,sz.002632,5.9000,5.9200,5.8100,5.8600,5.9000,1807700,10578823.0000,3,0.313100,1,-0.678000,0
2019-10-22,sz.002632,5.8800,5.9500,5.8500,5.9500,5.8600,1435600,8471015.0000,3,0.248700,1,1.535800,0
2019-10-23,sz.002632,5.9300,5.9700,5.9000,5.9700,5.9500,1471300,8733385.0000,3,0.254900,1,0.336100,0
2019-10-24,sz.002632,6.0700,6.4300,6.0700,6.2700,5.9700,14270480,89299749.4000,3,2.472000,1,5.025100,0
2019-10-25,sz.002632,6.2700,6.3300,6.1500,6.2200,6.2700,7228151,44898994.8100,3,1.252100,1,-0.797500,0
2019-10-28,sz.002632,6.2300,6.3600,6.1900,6.3400,6.2200,6909810,43451119.6000,3,1.197000,1,1.929300,0
2019-10-29,sz.002632,6.2900,6.3500,6.2100,6.2100,6.3400,4710485,29538064.6300,3,0.816000,1,-2.050500,0
2019-10-30,sz.002632,6.2100,6.2900,6.1600,6.2700,6.2100,4035669,25125579.1800,3,0.699100,1,0.966200,0
2019-10-31,sz.002632,6.2700,6.2900,6.1100,6.1200,6.2700,3562200,22032483.0000,3,0.617100,1,-2.392300,0
2019-11-01,sz.002632,6.1300,6.4100,6.1300,6.3500,6.1200,7044884,44455720.0000,3,1.220400,1,3.758200,0
2019-11-04,sz.002632,6.3400,6.4100,6.2800,6.3900,6.3500,5185016,32915885.9800,3,0.898200,1,0.629900,0
2019-11-05,sz.002632,6.3800,6.3800,6.2900,6.3000,6.3900,4443802,28128253.7000,3,0.769800,1,-1.408400,0
2019-11-06,sz.002632,6.2800,6.3500,6.1600,6.2100,6.3000,3911202,24415359.6400,3,0.677500,1,-1.428600,0
2019-11-07,sz.002632,6.1900,6.4600,6.1900,6.4000,6.2100,6312812,40059776.7400,3,1.093600,1,3.059600,0
2019-11-08,sz.002632,6.4200,6.4500,6.3000,6.3400,6.4000,4180152,26629387.8200,3,0.724100,1,-0.937500,0
2019-11-11,sz.002632,6.2800,6.2800,6.1000,6.1800,6.3400,4439700,27514286.0000,3,0.769100,1,-2.523700,0
2019-11-12,sz.002632,6.1800,6.2800,6.1200,6.2700,6.1800,3206736,19909513.6400,3,0.555500,1,1.456300,0
2019-11-13,sz.002632,6.2400,6.2500,6.0600,6.1400,6.2700,3418484,21032496.4400,3,0.592200,1,-2.073400,0
2019-11-14,sz.002632,6.1000,6.2100,6.0900,6.1700,6.1400,2692000,16571295.0000,3,0.466300,1,0.488600,0
2019-11-15,sz.002632,6.1700,6.2200,6.0700,6.0900,6.1700,2171648,13345816.3200,3,0.376200,1,-1.296600,0
2019-11-18,sz.002632,6.0300,6.1300,5.9700,6.1100,6.0900,2537815,15406788.5600,3,0.439600,1,0.328400,0
2019-11-19,sz.002632,6.0900,6.2500,6.0900,6.2400,6.1100,2640206,16338950.3000,3,0.457400,1,2.127700,0
2019-11-20,sz.002632,6.2400,6.3200,6.1500,6.2600,6.2400,3307254,20720572.7900,3,0.572900,1,0.320500,0
2019-11-21,sz.002632,6.2300,6.2600,6.1500,6.2100,6.2600,2690400,16635346.3300,3,0.466100,1,-0.798700,0
2019-11-22,sz.002632,6.1900,6.2800,6.1200,6.1700,6.2100,3002200,18633197.0000,3,0.520100,1,-0.644100,0
2019-11-25,sz.002632,6.1500,6.3700,6.1200,6.3600,6.1700,5984003,37524333.9400,3,1.036600,1,3.079400,0
2019-11-26,sz.002632,6.3700,6.3900,6.2600,6.2700,6.3600,4005236,25219764.8000,3,0.693800,1,-1.415100,0
2019-11-27,sz.002632,6.2800,6.4500,6.2400,6.3900,6.2700,6112087,38873339.2300,3,1.058800,1,1.913900,0
2019-11-28,sz.002632,6.3600,6.3900,6.2300,6.3100,6.3900,5803695,36580263.6200,3,1.005400,1,-1.252000,0
2019-11-29,sz.002632,6.2800,6.3200,6.2200,6.3000,6.3100,3769987,23606768.1200,3,0.653100,1,-0.158500,0
2019-12-02,sz.002632,6.3400,6.4400,6.2800,6.4300,6.3000,6758995,43060162.5100,3,1.170800,1,2.063500,0
2019-12-03,sz.002632,6.3600,6.7900,6.3400,6.6600,6.4300,16899522,111527246.5700,3,2.927500,1,3.577000,0
2019-12-04,sz.002632,6.6200,6.7400,6.5300,6.6100,6.6600,10635562,70435008.9300,3,1.842400,1,-0.750700,0
2019-12-05,sz.002632,6.6100,6.7300,6.5700,6.6900,6.6100,10198234,67642969.9100,3,1.766600,1,1.210300,0
2019-12-06,sz.002632,6.6800,6.7200,6.6000,6.7100,6.6900,7085010,47218256.1000,3,1.227300,1,0.299000,0
2019-12-09,sz.002632,6.7100,6.9300,6.6700,6.8600,6.7100,11285247,77029822.2200,3,1.954900,1,2.235500,0
2019-12-10,sz.002632,6.8600,7.0900,6.7600,7.0900,6.8600,13149234,91565952.9400,3,2.277800,1,3.352800,0
2019-12-11,sz.002632,7.0300,7.1400,6.9800,7.0000,7.0900,10698081,75229764.4800,3,1.853200,1,-1.269400,0
2019-12-12,sz.002632,7.0000,7.1300,6.9400,7.0400,7.0000,8685036,61325350.4800,3,1.504500,1,0.571400,0
2019-12-13,sz.002632,7.0600,7.2900,7.0400,7.2800,7.0400,13573265,97275997.7300,3,2.351300,1,3.409100,0
2019-12-16,sz.002632,7.3500,7.4800,7.1900,7.4000,7.2800,11217437,82033635.3400,3,1.943200,1,1.648400,0
2019-12-17,sz.002632,7.3900,8.0500,7.3200,7.7600,7.4000,16742784,128715702.3500,3,2.900300,1,4.864900,0
2019-12-18,sz.002632,7.7300,7.8000,7.6100,7.7200,7.7600,9508157,73093795.4800,3,1.647100,1,-0.515500,0
2019-12-19,sz.002632,7.6900,7.9500,7.6200,7.9000,7.7200,9607087,74875725.0000,3,1.664200,1,2.331600,0
2019-12-20,sz.002632,7.8800,7.9600,7.5900,7.5900,7.9000,8836591,68460860.7400,3,1.530700,1,-3.924000,0
2019-12-23,sz.002632,7.5600,7.6800,7.4700,7.4900,7.5900,7871238,59509924.9000,3,1.363500,1,-1.317500,0
2019-12-24,sz.002632,7.5200,7.6000,7.3500,7.5700,7.4900,8542676,63761568.9400,3,1.479800,1,1.068100,0
2019-12-25,sz.002632,7.5500,7.6300,7.4500,7.5300,7.5700,5206395,39159443.0300,3,0.901900,1,-0.528400,0
2019-12-26,sz.002632,7.5200,7.5200,7.3000,7.4800,7.5300,7308876,54273422.2000,3,1.266100,1,-0.664000,0
2019-12-27,sz.002632,7.4900,7.5500,7.3100,7.3200,7.4800,6219315,46050634.2600,3,1.077400,1,-2.139000,0
2019-12-30,sz.002632,7.2800,7.4600,7.2800,7.4200,7.3200,5623378,41625012.3200,3,0.974100,1,1.366100,0
2019-12-31,sz.002632,7.4100,7.5200,7.3400,7.3900,7.4200,4500678,33347471.4600,3,0.779600,1,-0.404300,0
2020-01-02,sz.002632,7.4200,7.5800,7.4200,7.5200,7.3900,6362287,47788903.1200,3,1.102100,1,1.759100,0
2020-01-03,sz.002632,7.5300,7.5500,7.1700,7.2900,7.5200,12664674,92960022.9500,3,2.193900,1,-3.058500,0
2020-01-06,sz.002632,7.2400,7.3400,7.1100,7.2600,7.2900,11821307,85774582.8200,3,2.047800,1,-0.411500,0
2020-01-07,sz.002632,7.2700,7.8500,7.2700,7.7900,7.2600,18571381,141385583.0400,3,3.217100,1,7.300300,0
2020-01-08,sz.002632,7.7200,7.8600,7.5800,7.6200,7.7900,14047873,108311707.7400,3,2.433500,1,-2.182300,0
2020-01-09,sz.002632,7.7100,7.7700,7.5300,7.6600,7.6200,9802300,74855437.9000,3,1.698000,1,0.524900,0
2020-01-10,sz.002632,7.7000,7.7000,7.5200,7.5500,7.6600,6899200,52367641.0000,3,1.195100,1,-1.436000,0
2020-01-13,sz.002632,7.5700,7.6300,7.3900,7.4900,7.5500,9808365,73198745.2000,3,1.699100,1,-0.794700,0
2020-01-14,sz.002632,7.5200,7.5500,7.3600,7.4000,7.4900,10213920,75927514.6600,3,1.769300,1,-1.201600,0
2020-01-15,sz.002632,7.4000,7.4700,7.1900,7.3600,7.4000,7849573,57351953.2200,3,1.359800,1,-0.540500,0
2020-01-16,sz.002632,7.3800,7.6500,7.3300,7.3600,7.3600,10199583,76306741.1300,3,1.766900,1,0.000000,0
2020-01-17,sz.002632,7.3700,7.4500,7.2600,7.2900,7.3600,6994489,51383430.1400,3,1.211600,1,-0.951100,0
2020-01-20,sz.002632,7.2800,7.3100,7.1100,7.2700,7.2900,9405935,67698034.4800,3,1.629400,1,-0.274300,0
2020-01-21,sz.002632,7.2700,7.3000,7.1300,7.1800,7.2700,5880031,42215722.8100,3,1.018600,1,-1.238000,0
2020-01-22,sz.002632,7.1200,7.2500,7.0000,7.1800,7.1800,6349807,45265988.4500,3,1.100000,1,0.000000,0
2020-01-23,sz.002632,7.1600,7.2900,6.9100,7.0000,7.1800,8978750,63775766.5000,3,1.555400,1,-2.507000,0
2020-02-03,sz.002632,6.3000,6.3000,6.3000,6.3000,7.0000,1949500,12281850.0000,3,0.337700,1,-10.000000,0
2020-02-04,sz.002632,5.9800,6.2800,5.9800,6.1400,6.3000,11359932,69729077.7700,3,1.967900,1,-2.539700,0
2020-02-05,sz.002632,6.1900,6.3900,6.1900,6.2500,6.1400,8360694,52562024.7000,3,1.448300,1,1.791500,0
2020-02-06,sz.002632,6.3000,6.5200,6.1700,6.4900,6.2500,10282351,65452424.8100,3,1.781200,1,3.840000,0
2020-02-07,sz.002632,6.4800,6.5000,6.3300,6.4700,6.4900,6429200,41244626.0000,3,1.113700,1,-0.308200,0
2020-02-10,sz.002632,6.4400,6.6300,6.4400,6.5800,6.4700,6583600,43097688.0000,3,1.140500,1,1.700200,0
2020-02-11,sz.002632,6.5600,6.6000,6.4800,6.5000,6.5800,6549400,42801978.0000,3,1.134500,1,-1.215800,0
2020-02-12,sz.002632,6.5500,6.7800,6.5000,6.7400,6.5000,10705404,71549627.6000,3,1.854500,1,3.692300,0
2020-02-13,sz.002632,6.7100,6.7300,6.5700,6.5900,6.7400,7439600,49444625.0000,3,1.288700,1,-2.225500,0
2020-02-14,sz.002632,6.6300,6.9000,6.5600,6.7800,6.5900,12858125,86767528.4600,3,2.227400,1,2.883200,0
2020-02-17,sz.002632,6.8200,6.9700,6.7400,6.9300,6.7800,10240042,70394597.7200,3,1.773900,1,2.212400,0
2020-02-18,sz.002632,6.9000,7.1600,6.8800,7.1100,6.9300,9526230,67251631.4700,3,1.650200,1,2.597400,0
2020-02-19,sz.002632,7.0900,7.1400,6.9600,6.9800,7.1100,11923889,83792962.6700,3,2.065500,1,-1.828400,0
2020-02-20,sz.002632,7.0400,7.4900,7.0400,7.3900,6.9800,22288284,163320543.4400,3,3.861000,1,5.873900,0
2020-02-21,sz.002632,7.3900,7.9100,7.3600,7.8200,7.3900,28464337,219164446.3900,3,4.930800,1,5.818700,0
2020-02-24,sz.002632,7.7400,8.6000,7.7400,8.4800,7.8200,31294096,260353687.9100,3,5.421000,1,8.439900,0
2020-02-25,sz.002632,8.2200,8.5000,8.0600,8.4200,8.4800,23173659,193411453.8600,3,4.014300,1,-0.707500,0
2020-02-26,sz.002632,8.2300,8.6000,7.9300,8.1000,8.4200,21145459,172863290.1100,3,3.663000,1,-3.800500,0
2020-02-27,sz.002632,8.0500,8.1800,7.7800,7.9600,8.1000,15013540,119471314.8000,3,2.600800,1,-1.728400,0
2020-02-28,sz.002632,7.7400,7.8400,7.4800,7.6400,7.9600,14649371,111999859.7800,3,2.537700,1,-4.020100,0
2020-03-02,sz.002632,7.7800,8.0600,7.7000,7.9900,7.6400,15225160,120148294.6200,3,2.637400,1,4.581200,0
2020-03-03,sz.002632,8.2700,8.7900,8.2700,8.3500,7.9900,45920447,396320580.1700,3,7.954700,1,4.505600,0
2020-03-04,sz.002632,8.2000,8.6600,8.0500,8.5700,8.3500,27670533,230514935.0500,3,4.793300,1,2.634700,0
2020-03-05,sz.002632,8.6900,8.7800,8.4100,8.6000,8.5700,23164106,198301143.8000,3,4.012700,1,0.350100,0
2020-03-06,sz.002632,8.4700,8.7600,8.3200,8.5300,8.6000,13658504,116240252.6400,3,2.366000,1,-0.814000,0
2020-03-09,sz.002632,8.4700,8.7800,8.1400,8.2100,8.5300,17806176,150750840.3500,3,3.084500,1,-3.751500,0
2020-03-10,sz.002632,8.1300,8.6000,7.8500,8.3800,8.2100,16945748,138942025.2400,3,2.935500,1,2.070600,0
2020-03-11,sz.002632,8.5300,8.6900,8.1700,8.2500,8.3800,16459476,138455229.1300,3,2.851200,1,-1.551300,0
2020-03-12,sz.002632,8.0300,8.1000,7.7200,7.8900,8.2500,13008300,103223251.0000,3,2.253400,1,-4.363600,0
2020-03-13,sz.002632,7.3800,7.8300,7.3800,7.5600,7.8900,13309800,100668859.4800,3,2.305600,1,-4.182500,0
2020-03-16,sz.002632,7.6800,7.8300,7.2900,7.2900,7.5600,12283400,93055512.0000,3,2.127800,1,-3.571400,0
2020-03-17,sz.002632,7.2600,7.4600,6.9500,7.3400,7.2900,11944201,86337423.2700,3,2.069100,1,0.685900,0
2020-03-18,sz.002632,7.3400,7.4900,7.1400,7.2400,7.3400,10135564,74571593.0800,3,1.755800,1,-1.362400,0
2020-03-19,sz.002632,7.1600,7.3900,7.0000,7.3000,7.2400,8446800,60719461.0000,3,1.463200,1,0.828700,0
2020-03-20,sz.002632,7.3900,7.4600,7.2700,7.4400,7.3000,6941204,51214079.2800,3,1.202400,1,1.917800,0
2020-03-23,sz.002632,7.2400,7.6100,7.2300,7.3600,7.4400,9500600,70837720.0000,3,1.645800,1,-1.075300,0
2020-03-24,sz.002632,7.5500,7.8900,7.4000,7.8700,7.3600,14006376,106424759.4800,3,2.426300,1,6.929300,0
2020-03-25,sz.002632,8.0400,8.0400,7.8000,7.8900,7.8700,11742966,92684112.1000,3,2.034200,1,0.254100,0
2020-03-26,sz.002632,7.8800,7.8800,7.6500,7.7500,7.8900,10169514,78761178.8400,3,1.761600,1,-1.774400,0
2020-03-27,sz.002632,7.8100,7.9000,7.6000,7.8000,7.7500,8887300,68755923.0000,3,1.539500,1,0.645200,0
2020-03-30,sz.002632,7.6000,7.6400,7.3100,7.6300,7.8000,11857942,88184857.7000,3,2.054100,1,-2.179500,0
2020-03-31,sz.002632,7.5600,7.7300,7.5600,7.6400,7.6300,6263001,47812183.6100,3,1.084900,1,0.131100,0
2020-04-01,sz.002632,7.5800,7.6700,7.3500,7.4900,7.6400,5255397,39538237.1700,3,0.910400,1,-1.963400,0
2020-04-02,sz.002632,7.3600,7.6400,7.2100,7.6000,7.4900,6006900,44702755.0000,3,1.040600,1,1.468600,0
2020-04-03,sz.002632,7.6500,7.6700,7.4200,7.5400,7.6000,5501864,41452459.6400,3,0.953100,1,-0.789500,0
2020-04-07,sz.002632,7.6400,7.7700,7.6300,7.7400,7.5400,7171176,55294046.0800,3,1.242200,1,2.652500,0
2020-04-08,sz.002632,7.7000,7.8100,7.6200,7.7400,7.7400,5904887,45575042.3600,3,1.022900,1,0.000000,0
2020-04-09,sz.002632,7.7900,7.9500,7.7300,7.8300,7.7400,8873672,69533071.9200,3,1.537200,1,1.162800,0
2020-04-10,sz.002632,7.8100,8.0100,7.6700,7.9200,7.8300,12730800,100318562.0000,3,2.205300,1,1.149400,0
2020-04-13,sz.002632,7.9300,8.0500,7.8000,7.9700,7.9200,8347300,66077667.0000,3,1.446000,1,0.631300,0
2020-04-14,sz.002632,7.9500,8.1000,7.8600,8.1000,7.9700,8865034,70694506.0500,3,1.535700,1,1.631100,0
2020-04-15,sz.002632,8.0600,8.1900,7.8800,8.0600,8.1000,10866200,87575733.3600,3,1.882300,1,-0.493800,0
2020-04-16,sz.002632,8.0600,8.0600,7.8100,7.8100,8.0600,6818400,53741829.0000,3,1.181100,1,-3.101700,0
2020-04-17,sz.002632,7.8800,8.1000,7.8000,8.0600,7.8100,12391852,98932074.6200,3,2.146600,1,3.201000,0
2020-04-20,sz.002632,8.0400,8.2900,7.9900,8.2700,8.0600,12463211,101696934.0400,3,2.159000,1,2.605500,0
2020-04-21,sz.002632,8.2100,8.4200,8.0800,8.2100,8.2700,9691500,79475624.0000,3,1.678800,1,-0.725500,0
2020-04-22,sz.002632,8.1600,8.2800,8.0800,8.2700,8.2100,7247512,59440357.9600,3,1.255500,1,0.730800,0
2020-04-23,sz.002632,8.2800,8.4200,8.1500,8.4100,8.2700,9741160,80574568.0000,3,1.687400,1,1.692900,0
2020-04-24,sz.002632,8.5000,8.5100,7.7100,7.7500,8.4100,15053752,121168166.1500,3,2.607700,1,-7.847800,0
2020-04-27,sz.002632,7.8000,7.9000,7.7200,7.8200,7.7500,5464200,42653069.0000,3,0.946600,1,0.903200,0
2020-04-28,sz.002632,7.8200,8.0400,7.4300,7.9900,7.8200,7300900,56344518.0000,3,1.264700,1,2.173900,0
2020-04-29,sz.002632,7.9700,8.1900,7.8700,8.1200,7.9900,5775840,46774766.8000,3,1.000500,1,1.627000,0
2020-04-30,sz.002632,8.1300,8.5000,8.0100,8.4700,8.1200,10462608,86459129.4300,3,1.812400,1,4.310400,0
2020-05-06,sz.002632,8.3600,8.6400,8.3600,8.5800,8.4700,10024840,85530746.6800,3,1.736600,1,1.298700,0
2020-05-07,sz.002632,8.5900,8.6800,8.4400,8.5100,8.5800,8752870,74751444.7400,3,1.516200,1,-0.815800,0
2020-05-08,sz.002632,8.5800,8.8100,8.4700,8.7200,8.5100,12404626,107441356.5600,3,2.148800,1,2.467700,0
2020-05-11,sz.002632,8.6800,8.7700,8.3200,8.4000,8.7200,13597208,115230068.2000,3,2.355400,1,-3.669700,0
2020-05-12,sz.002632,8.4000,8.4000,8.1400,8.2000,8.4000,9684200,79528943.0000,3,1.677600,1,-2.381000,0
2020-05-13,sz.002632,8.1700,8.2500,8.0900,8.1900,8.2000,5866000,47983484.0000,3,1.016200,1,-0.122000,0
2020-05-14,sz.002632,8.1900,8.2100,8.0600,8.1500,8.1900,6020486,48912821.8200,3,1.042900,1,-0.488400,0
2020-05-15,sz.002632,8.1500,8.1800,8.0800,8.1500,8.1500,5057304,41082030.3200,3,0.876100,1,0.000000,0
2020-05-18,sz.002632,8.1900,8.2000,8.0500,8.1700,8.1500,5927035,48313345.9700,3,1.026700,1,0.245400,0
2020-05-19,sz.002632,8.2200,8.2300,8.1000,8.1200,8.1700,4544882,37003695.2000,3,0.787300,1,-0.612000,0
2020-05-20,sz.002632,8.0900,8.1200,7.9000,7.9700,8.1200,6689422,53341690.9600,3,1.158800,1,-1.847300,0
2020-05-21,sz.002632,7.9600,8.0100,7.8600,7.9600,7.9700,5010418,39711770.9200,3,0.867900,1,-0.125500,0
2020-05-22,sz.002632,7.9300,7.9800,7.8100,7.9400,7.9600,3451082,27195400.8000,3,0.597800,1,-0.251300,0
2020-05-25,sz.002632,7.9500,8.1500,7.8800,8.0600,7.9400,4683900,37654595.7000,3,0.811400,1,1.511300,0
2020-05-26,sz.002632,8.0600,8.1400,8.0300,8.1100,8.0600,3366300,27186071.0000,3,0.583100,1,0.620300,0
2020-05-27,sz.002632,8.0700,8.0800,7.8700,8.0000,8.1100,5919800,47000186.3700,3,1.025500,1,-1.356300,0
2020-05-28,sz.002632,7.9400,7.9800,7.6700,7.9400,8.0000,6530800,50935121.0000,3,1.131300,1,-0.750000,0
2020-05-29,sz.002632,7.9400,7.9800,7.7400,7.9600,7.9400,6736800,52890176.0000,3,1.167000,1,0.251900,0
2020-06-01,sz.002632,7.9000,8.1800,7.8800,8.1700,7.9600,5910165,47820321.9000,3,1.023800,1,2.638200,0
2020-06-02,sz.002632,8.1600,8.4400,8.1100,8.3600,8.1700,9487744,78421743.9200,3,1.643500,1,2.325600,0
2020-06-03,sz.002632,8.3600,9.0000,8.3200,8.9100,8.3600,21801505,190138640.0200,3,3.776600,1,6.579000,0
2020-06-04,sz.002632,8.9600,9.3900,8.9000,9.3800,8.9100,27832786,255747180.6600,3,4.821400,1,5.275000,0
2020-06-05,sz.002632,9.3600,9.4200,9.1700,9.2700,9.3800,15139185,140491043.9900,3,2.622500,1,-1.172700,0
2020-06-08,sz.002632,9.3000,9.3800,8.3400,8.3800,9.2700,40117363,348259282.4600,3,6.949400,1,-9.600900,0
2020-06-09,sz.002632,8.2500,8.2800,8.0500,8.1800,8.3800,15491500,126183635.0000,3,2.683600,1,-2.386600,0
2020-06-10,sz.002632,8.2000,8.4900,8.1000,8.4300,8.1800,9781000,81857550.0000,3,1.694300,1,3.056200,0
2020-06-11,sz.002632,8.4000,8.6400,8.3500,8.5200,8.4300,8497300,72297405.0000,3,1.472000,1,1.067600,0
2020-06-12,sz.002632,8.3600,8.7900,8.3000,8.6900,8.5200,13105569,113088636.9200,3,2.270200,1,1.995300,0
2020-06-15,sz.002632,8.6900,8.9700,8.6900,8.8300,8.6900,9213243,81419854.3900,3,1.596000,1,1.611100,0
2020-06-16,sz.002632,8.8200,9.1000,8.7100,9.0000,8.8300,9914868,88558973.6700,3,1.717500,1,1.925300,0
2020-06-17,sz.002632,8.9500,9.1300,8.7300,8.9600,8.9700,11339739,100766911.1000,3,1.964400,1,-0.111500,0
2020-06-18,sz.002632,8.9500,8.9500,8.6900,8.7700,8.9600,6496187,57244407.7500,3,1.125300,1,-2.120500,0
2020-06-19,sz.002632,8.7700,8.8600,8.5800,8.5900,8.7700,7841600,67941826.0000,3,1.358400,1,-2.052500,0
2020-06-22,sz.002632,8.6000,8.6700,8.4700,8.5600,8.5900,7354300,62793173.4200,3,1.274000,1,-0.349200,0
2020-06-23,sz.002632,8.5300,8.6800,8.5000,8.6200,8.5600,5268908,45338942.1600,3,0.912700,1,0.700900,0
2020-06-24,sz.002632,8.6200,8.7000,8.5000,8.6400,8.6200,3792620,32516145.0000,3,0.657000,1,0.232000,0
2020-06-29,sz.002632,8.5900,8.5900,8.3800,8.4500,8.6400,6266800,53062620.0000,3,1.085600,1,-2.199100,0
2020-06-30,sz.002632,8.4600,8.5700,8.4100,8.4700,8.4500,6517200,55299725.0000,3,1.129000,1,0.236700,0
2020-07-01,sz.002632,8.5000,8.5300,8.4100,8.4800,8.4700,4284500,36265803.4000,3,0.742200,1,0.118100,0
2020-07-02,sz.002632,8.5100,8.7200,8.2600,8.6900,8.4800,13056680,110586636.6000,3,2.261800,1,2.476400,0
2020-07-03,sz.002632,8.6900,8.9700,8.6300,8.8300,8.6900,12492600,110230197.0000,3,2.164100,1,1.611100,0
2020-07-06,sz.002632,8.8000,9.1500,8.7600,9.0800,8.8300,16443341,147137315.8000,3,2.848400,1,2.831300,0
2020-07-07,sz.002632,9.1200,9.2900,8.9200,9.0900,9.0800,14976490,136666505.3300,3,2.594300,1,0.110100,0
2020-07-08,sz.002632,9.1300,9.1800,8.9800,9.1500,9.0900,13076204,118391633.1600,3,2.265200,1,0.660100,0
2020-07-09,sz.002632,9.1600,9.8300,9.1000,9.8000,9.1500,19900565,190316363.8900,3,3.447300,1,7.103800,0
2020-07-10,sz.002632,9.8000,9.8100,9.4300,9.4900,9.8000,13137051,126403664.4200,3,2.275700,1,-3.163300,0
2020-07-13,sz.002632,9.4800,9.9100,9.4700,9.8700,9.4900,15103052,147294284.1600,3,2.616300,1,4.004200,0
2020-07-14,sz.002632,9.8800,10.1800,9.5500,9.8800,9.8700,14614400,143694705.0000,3,2.531600,1,0.101300,0
2020-07-15,sz.002632,9.8700,9.9200,9.5000,9.7100,9.8800,10566754,102133451.2000,3,1.830500,1,-1.720600,0
2020-07-16,sz.002632,9.6800,9.6800,9.0000,9.0900,9.7100,10289292,96355664.7600,3,1.782400,1,-6.385200,0
2020-07-17,sz.002632,9.0900,9.4300,8.9600,9.4100,9.0900,7927408,72716609.2000,3,1.373200,1,3.520300,0
2020-07-20,sz.002632,9.4200,9.7500,9.4200,9.7300,9.4100,9915912,95569551.4000,3,1.717700,1,3.400600,0
2020-07-21,sz.002632,9.8800,9.9000,9.6500,9.7800,9.7300,8145500,79612404.0000,3,1.411000,1,0.513900,0
2020-07-22,sz.002632,9.8800,10.0300,9.7300,9.9200,9.7800,12542582,123817179.1600,3,2.172700,1,1.431500,0
2020-07-23,sz.002632,9.8700,9.8700,9.4200,9.7500,9.9200,9582888,92425322.6800,3,1.660000,1,-1.713700,0
2020-07-24,sz.002632,9.7200,9.8600,9.2000,9.3700,9.7500,9099888,85877056.3600,3,1.576400,1,-3.897400,0
2020-07-27,sz.002632,9.3500,9.4000,9.0300,9.2000,9.3700,6713333,61740972.1700,3,1.162900,1,-1.814300,0
2020-07-28,sz.002632,9.1100,9.4200,9.1100,9.3700,9.2000,5463890,50646915.0600,3,0.946500,1,1.847800,0
2020-07-29,sz.002632,9.2700,9.8700,9.2500,9.8600,9.3700,13806599,133362811.3000,3,2.391700,1,5.229500,0
2020-07-30,sz.002632,9.9400,10.4400,9.8700,10.2600,9.8600,20992907,213601312.0300,3,3.636600,1,4.056800,0
2020-07-31,sz.002632,10.2600,10.2600,9.6500,9.7900,10.2600,29718856,292263926.7000,3,5.148100,1,-4.580900,0
2020-08-03,sz.002632,9.8800,9.8800,9.6700,9.8200,9.7900,18033761,176074902.5400,3,3.124000,1,0.306400,0
2020-08-04,sz.002632,9.8000,9.8700,9.6000,9.6300,9.8200,10480510,101695689.7800,3,1.815500,1,-1.934800,0
2020-08-05,sz.002632,9.6500,9.7600,9.4400,9.7500,9.6300,9407100,90626348.2000,3,1.629600,1,1.246100,0
2020-08-06,sz.002632,9.7500,9.7600,9.4300,9.5700,9.7500,8897865,85081392.2900,3,1.541400,1,-1.846200,0
2020-08-07,sz.002632,9.5500,9.5500,9.1600,9.2600,9.5700,9073646,84724051.1200,3,1.571800,1,-3.239300,0
2020-08-10,sz.002632,9.2500,9.4400,9.2400,9.3300,9.2600,5041004,47027945.2000,3,0.873200,1,0.755900,0
2020-08-11,sz.002632,9.3500,9.3900,9.1300,9.1300,9.3300,5999600,55392232.9200,3,1.039300,1,-2.143600,0
2020-08-12,sz.002632,9.1100,9.2000,8.9600,9.2000,9.1300,5992330,54202701.9600,3,1.038000,1,0.766700,0
2020-08-13,sz.002632,9.1900,9.3300,9.1500,9.2400,9.2000,4071108,37653063.6800,3,0.705200,1,0.434800,0
2020-08-14,sz.002632,9.3000,9.3000,9.0600,9.2400,9.2400,4002974,36733264.3600,3,0.693400,1,0.000000,0
2020-08-17,sz.002632,9.2300,9.4000,9.2200,9.3600,9.2400,8961152,83579846.0400,3,1.552300,1,1.298700,0
2020-08-18,sz.002632,9.3600,9.4200,9.3100,9.3600,9.3600,5508208,51553661.5600,3,0.954200,1,0.000000,0
2020-08-19,sz.002632,9.3500,9.3500,9.0400,9.1000,9.3600,9273387,84623712.9700,3,1.606400,1,-2.777800,0
2020-08-20,sz.002632,9.0100,9.0500,8.8900,8.9300,9.1000,4736252,42489758.9200,3,0.820500,1,-1.868100,0
2020-08-21,sz.002632,8.9600,9.0400,8.8100,8.9200,8.9300,4762482,42438375.9400,3,0.825000,1,-0.112000,0
2020-08-24,sz.002632,8.8900,9.1200,8.8800,9.1000,8.9200,3761424,33963663.9200,3,0.651600,1,2.017900,0
2020-08-25,sz.002632,9.1000,9.1700,9.0100,9.0400,9.1000,4294200,39023443.0000,3,0.744300,1,-0.659300,0
2020-08-26,sz.002632,8.9500,9.0000,8.6300,8.8200,9.0400,8588000,75406017.0000,3,1.488600,1,-2.433600,0
2020-08-27,sz.002632,8.8200,8.9200,8.6100,8.8100,8.8200,4619363,40466603.7700,3,0.800700,1,-0.113400,0
2020-08-28,sz.002632,8.7400,8.8600,8.6800,8.8300,8.8100,4813820,42211705.0000,3,0.834400,1,0.227000,0
2020-08-31,sz.002632,8.8300,8.9000,8.7600,8.7900,8.8300,3865004,34145495.3600,3,0.669900,1,-0.453000,0
2020-09-01,sz.002632,8.7600,8.8000,8.6600,8.8000,8.7900,2765052,24128281.4800,3,0.479300,1,0.113800,0
2020-09-02,sz.002632,8.8000,8.9900,8.7700,8.9100,8.8000,4497400,40001305.0000,3,0.779600,1,1.250000,0
2020-09-03,sz.002632,8.9000,8.9700,8.7500,8.7800,8.9100,2863500,25232433.0000,3,0.496300,1,-1.459000,0
2020-09-04,sz.002632,8.6700,8.9600,8.6200,8.8600,8.7800,2704700,23782251.9600,3,0.460800,1,0.911200,0
2020-09-07,sz.002632,8.9100,9.0500,8.8000,8.8900,8.8600,5519500,49457241.0000,3,0.940400,1,0.338600,0
2020-09-08,sz.002632,8.8900,9.0800,8.8600,9.0200,8.8900,4883512,44022648.5600,3,0.832100,1,1.462300,0
2020-09-09,sz.002632,8.9700,9.0500,8.7900,8.7900,9.0200,4424404,39313633.5200,3,0.753800,1,-2.549900,0
2020-09-10,sz.002632,8.8100,8.8900,8.2500,8.4100,8.7900,7568358,64199053.9800,3,1.289500,1,-4.323100,0
2020-09-11,sz.002632,8.3800,8.4800,8.1600,8.4300,8.4100,4554100,37874583.9600,3,0.775900,1,0.237800,0
2020-09-14,sz.002632,8.4300,8.4600,8.2300,8.3500,8.4300,4194075,35029774.0000,3,0.714600,1,-0.949000,0
2020-09-15,sz.002632,8.3500,8.4200,8.2400,8.4100,8.3500,3440379,28592118.5700,3,0.586200,1,0.718600,0
2020-09-16,sz.002632,8.3800,8.4100,8.2500,8.3300,8.4100,2872200,23868228.0000,3,0.489400,1,-0.951200,0
2020-09-17,sz.002632,8.3100,8.3800,8.2400,8.3300,8.3300,2243600,18656119.0000,3,0.382300,1,0.000000,0
2020-09-18,sz.002632,8.3000,8.3700,8.2300,8.3600,8.3300,3207184,26657391.2000,3,0.546400,1,0.360100,0
2020-09-21,sz.002632,8.3700,8.4500,8.0000,8.3200,8.3600,3208364,26716420.2000,3,0.546600,1,-0.478500,0
2020-09-22,sz.002632,8.2500,8.2800,7.9900,8.1600,8.3200,5884064,47756823.0800,3,1.002500,1,-1.923100,0
2020-09-23,sz.002632,8.1200,8.1600,8.0100,8.1500,8.1600,3097300,25107215.0000,3,0.527700,1,-0.122500,0
2020-09-24,sz.002632,8.1000,8.1000,7.8500,7.9500,8.1500,4385300,34843769.0000,3,0.747200,1,-2.454000,0
2020-09-25,sz.002632,7.9500,7.9600,7.7700,7.8700,7.9500,2733900,21457579.5800,3,0.465800,1,-1.006300,0
2020-09-28,sz.002632,7.7100,7.7600,7.5500,7.6400,7.7400,2692851,20657276.7000,3,0.458800,1,-1.292000,0
2020-09-29,sz.002632,7.6400,7.7400,7.5900,7.6500,7.6400,2585704,19833181.6000,3,0.440600,1,0.130900,0
2020-09-30,sz.002632,7.6700,7.7000,7.5600,7.6500,7.6500,1560000,11893231.0000,3,0.265800,1,0.000000,0
2020-10-09,sz.002632,7.7000,7.8000,7.7000,7.7200,7.6500,3966400,30698214.0000,3,0.675800,1,0.915000,0
2020-10-12,sz.002632,7.7600,7.8900,7.7200,7.8800,7.7200,6684887,52363611.0800,3,1.139000,1,2.072500,0
2020-10-13,sz.002632,7.8900,7.8900,7.7300,7.7800,7.8800,6057640,47202558.2000,3,1.032100,1,-1.269000,0
2020-10-14,sz.002632,7.7900,7.7900,7.5800,7.6100,7.7800,5052287,38676627.9400,3,0.860800,1,-2.185100,0
2020-10-15,sz.002632,7.6300,7.7000,7.5200,7.6300,7.6100,4068500,30933281.0000,3,0.693200,1,0.262800,0
2020-10-16,sz.002632,7.6500,7.7000,7.5300,7.5500,7.6300,2962834,22508114.8400,3,0.504800,1,-1.048500,0
2020-10-19,sz.002632,7.5800,7.6400,7.4700,7.4800,7.5500,3587500,26988674.0000,3,0.611200,1,-0.927200,0
2020-10-20,sz.002632,7.5200,7.5500,7.4500,7.5300,7.4800,4763200,35652668.0000,3,0.811600,1,0.668400,0
2020-10-21,sz.002632,7.5300,7.5400,7.3400,7.4100,7.5300,5319000,39435514.0000,3,0.906300,1,-1.593600,0
2020-10-22,sz.002632,7.4000,7.4400,7.3000,7.4100,7.4100,3065200,22602024.0000,3,0.522300,1,0.000000,0
2020-10-23,sz.002632,7.4200,7.4400,7.1800,7.2200,7.4100,3993804,29184335.6400,3,0.680500,1,-2.564100,0
2020-10-26,sz.002632,7.2200,7.3500,7.0700,7.3100,7.2200,4288500,31048259.0000,3,0.730700,1,1.246500,0
2020-10-27,sz.002632,7.2800,7.4600,7.2500,7.3800,7.3100,3690200,27277084.9600,3,0.628700,1,0.957600,0
2020-10-28,sz.002632,7.3800,7.5300,7.2600,7.5100,7.3800,4332664,32154653.6800,3,0.738200,1,1.761500,0
2020-10-29,sz.002632,7.3700,7.5200,7.3700,7.4400,7.5100,3842700,28624748.0000,3,0.654700,1,-0.932100,0
2020-10-30,sz.002632,7.4800,7.5000,7.2100,7.2500,7.4400,4405100,32368750.0000,3,0.750500,1,-2.553800,0
2020-11-02,sz.002632,7.2200,7.4500,7.1600,7.4100,7.2500,4136400,30369983.0000,3,0.704800,1,2.206900,0
2020-11-03,sz.002632,7.4600,7.5200,7.4200,7.4800,7.4100,3355900,25064072.0000,3,0.571800,1,0.944700,0
2020-11-04,sz.002632,7.4400,7.5000,7.3400,7.3900,7.4800,2612704,19360151.3600,3,0.445200,1,-1.203200,0
2020-11-05,sz.002632,7.4000,7.6700,7.4000,7.6500,7.3900,6055608,45919161.4800,3,1.031800,1,3.518300,0
2020-11-06,sz.002632,7.6600,7.8400,7.6000,7.6500,7.6500,6485104,49967671.8000,3,1.104900,1,0.000000,0
2020-11-09,sz.002632,7.6900,7.8500,7.6200,7.7700,7.6500,6077400,47220385.0000,3,1.035500,1,1.568600,0
2020-11-10,sz.002632,7.8000,7.8700,7.6700,7.7300,7.7700,3905604,30331198.2400,3,0.665400,1,-0.514800,0
2020-11-11,sz.002632,7.6700,7.7700,7.6400,7.6900,7.7300,2914200,22441853.0000,3,0.496500,1,-0.517500,0
2020-11-12,sz.002632,7.7400,7.7400,7.6200,7.6500,7.6900,2246500,17206232.0000,3,0.382800,1,-0.520200,0
2020-11-13,sz.002632,7.6200,7.6600,7.5300,7.6600,7.6500,1888740,14347677.4000,3,0.321800,1,0.130700,0
2020-11-16,sz.002632,7.6600,7.8300,7.6300,7.8200,7.6600,3465200,26951226.0000,3,0.590400,1,2.088800,0
2020-11-17,sz.002632,7.8400,7.8400,7.7200,7.7800,7.8200,2570400,19969188.0000,3,0.437900,1,-0.511500,0
2020-11-18,sz.002632,7.7400,7.8300,7.7200,7.7700,7.7800,2442300,18990685.0000,3,0.416100,1,-0.128500,0
2020-11-19,sz.002632,7.7800,7.8300,7.6900,7.8200,7.7700,2475500,19245864.0000,3,0.421800,1,0.643500,0
2020-11-20,sz.002632,7.7900,7.8200,7.7200,7.8000,7.8200,2380200,18512569.0000,3,0.405500,1,-0.255800,0
2020-11-23,sz.002632,7.8300,7.8300,7.7100,7.8200,7.8000,3123000,24317777.0000,3,0.532100,1,0.256400,0
2020-11-24,sz.002632,7.8200,7.8200,7.7200,7.7500,7.8200,2952300,22901624.9600,3,0.503000,1,-0.895100,0
2020-11-25,sz.002632,7.7600,7.8000,7.5600,7.5700,7.7500,3363200,25913039.1200,3,0.573000,1,-2.322600,0
2020-11-26,sz.002632,7.5300,7.5700,7.4200,7.4500,7.5700,3244688,24281913.3600,3,0.552800,1,-1.585200,0
2020-11-27,sz.002632,7.4700,7.4900,7.3200,7.3900,7.4500,3022600,22352849.4000,3,0.515000,1,-0.805400,0
2020-11-30,sz.002632,7.4100,7.5000,7.3600,7.4500,7.3900,2854400,21224137.0000,3,0.486300,1,0.811900,0
2020-12-01,sz.002632,7.4300,7.5800,7.3900,7.5600,7.4500,2673105,20082306.4500,3,0.455400,1,1.476500,0
2020-12-02,sz.002632,7.5300,7.7800,7.5100,7.7500,7.5600,4686350,35979921.0000,3,0.798500,1,2.513200,0
2020-12-03,sz.002632,7.7700,7.7800,7.6500,7.6800,7.7500,3299300,25410189.0000,3,0.562100,1,-0.903200,0
2020-12-04,sz.002632,7.6400,7.7000,7.6200,7.6600,7.6800,2331900,17837798.0000,3,0.397300,1,-0.260400,0
2020-12-07,sz.002632,7.6600,7.7100,7.4900,7.5000,7.6600,2893000,21933756.0000,3,0.492900,1,-2.088800,0
2020-12-08,sz.002632,7.4700,7.5300,7.4500,7.4700,7.5000,1921794,14385545.2400,3,0.327400,1,-0.400000,0
2020-12-09,sz.002632,7.5000,7.5100,7.2700,7.2700,7.4700,2791400,20658410.0000,3,0.475600,1,-2.677400,0
2020-12-10,sz.002632,7.2600,7.3600,7.2400,7.2600,7.2700,2003496,14617827.8800,3,0.341400,1,-0.137600,0
2020-12-11,sz.002632,7.2600,7.3300,7.0500,7.1100,7.2600,3564282,25368471.0200,3,0.607300,1,-2.066100,0
2020-12-14,sz.002632,7.1000,7.1700,7.0500,7.1300,7.1100,1518450,10809075.0000,3,0.258700,1,0.281300,0
2020-12-15,sz.002632,7.1000,7.1900,7.1000,7.1300,7.1300,1242263,8875509.8900,3,0.211700,1,0.000000,0
2020-12-16,sz.002632,7.2700,7.8400,7.2400,7.5500,7.1300,18476974,141844178.7100,3,3.148100,1,5.890600,0
2020-12-17,sz.002632,7.3500,7.4700,7.1600,7.4200,7.5500,11627992,84947301.2700,3,1.981200,1,-1.721900,0
2020-12-18,sz.002632,7.3900,7.7500,7.3600,7.5800,7.4200,8464527,64100695.4300,3,1.442200,1,2.156300,0
2020-12-21,sz.002632,7.5900,8.0000,7.5200,7.9600,7.5800,13650207,106609164.6200,3,2.325700,1,5.013200,0
2020-12-22,sz.002632,7.8800,8.1200,7.8100,7.8700,7.9600,13478069,107346534.6300,3,2.296400,1,-1.130700,0
2020-12-23,sz.002632,7.8500,8.0100,7.7900,7.8700,7.8700,8830550,69643819.9600,3,1.504600,1,0.000000,0
2020-12-24,sz.002632,7.8900,7.9500,7.6000,7.7100,7.8700,8130473,62580620.2600,3,1.385300,1,-2.033000,0
2020-12-25,sz.002632,7.6700,7.8100,7.5600,7.7900,7.7100,6914940,53149426.8000,3,1.178200,1,1.037600,0
2020-12-28,sz.002632,7.7300,7.7400,7.3300,7.3300,7.7900,9319901,69487501.3700,3,1.587900,1,-5.905000,0
2020-12-29,sz.002632,7.2900,7.4300,7.2300,7.2500,7.3300,4714383,34448518.8900,3,0.803200,1,-1.091400,0
2020-12-30,sz.002632,7.2300,7.4200,7.2300,7.3600,7.2500,3819952,28040281.3200,3,0.650800,1,1.517200,0
2020-12-31,sz.002632,7.3900,7.4700,7.3100,7.4200,7.3600,3364504,24947830.7600,3,0.573200,1,0.815200,0
2021-01-04,sz.002632,7.3700,7.9800,7.3700,7.9300,7.4200,11636641,90446561.9100,3,1.982700,1,6.873300,0
2021-01-05,sz.002632,7.8700,7.9500,7.8000,7.8500,7.9300,7020250,55229196.7000,3,1.196100,1,-1.008800,0
2021-01-06,sz.002632,7.8100,7.9400,7.5900,7.6600,7.8500,6480900,49857450.0000,3,1.104200,1,-2.420400,0
2021-01-07,sz.002632,7.6900,7.6900,7.3900,7.4300,7.6600,5858952,44024787.8400,3,0.998300,1,-3.002600,0
2021-01-08,sz.002632,7.4400,7.5400,7.3100,7.3800,7.4300,5170920,38332563.6000,3,0.881000,1,-0.672900,0
2021-01-11,sz.002632,7.3800,7.4100,7.0600,7.1200,7.3800,9731373,70227916.8400,3,1.658000,1,-3.523000,0
2021-01-12,sz.002632,7.1500,7.1800,6.8500,6.9100,7.1200,10138750,70711040.8000,3,1.727400,1,-2.949400,0
2021-01-13,sz.002632,6.8700,6.8900,6.4500,6.5400,6.9100,10822860,71191060.6100,3,1.844000,1,-5.354600,0
2021-01-14,sz.002632,6.5600,6.6500,6.5000,6.6000,6.5400,6168030,40561884.0000,3,1.050900,1,0.917400,0
2021-01-15,sz.002632,6.6000,6.7000,6.5400,6.7000,6.6000,4598979,30453697.8300,3,0.783600,1,1.515200,0
2021-01-18,sz.002632,6.6600,6.7800,6.6200,6.6800,6.7000,4973186,33282970.7900,3,0.847300,1,-0.298500,0
2021-01-19,sz.002632,6.7400,6.8400,6.6000,6.7500,6.6800,4853800,32750990.0000,3,0.827000,1,1.047900,0
2021-01-20,sz.002632,6.7700,6.7700,6.6500,6.7200,6.7500,2783200,18667471.1000,3,0.474200,1,-0.444400,0
2021-01-21,sz.002632,6.7500,6.7500,6.6200,6.6700,6.7200,4749390,31704906.5000,3,0.809200,1,-0.744000,0
2021-01-22,sz.002632,6.6700,6.6800,6.4800,6.5200,6.6700,5637800,36938394.0000,3,0.960600,1,-2.248900,0
2021-01-25,sz.002632,6.5200,6.5300,6.1800,6.2400,6.5200,8837644,55528548.8800,3,1.505800,1,-4.294500,0
2021-01-26,sz.002632,6.1800,6.4500,6.1400,6.2800,6.2400,4501500,28265277.0000,3,0.767000,1,0.641000,0
2021-01-27,sz.002632,6.2600,6.3100,6.2100,6.2400,6.2800,2336300,14608380.0000,3,0.398100,1,-0.636900,0
2021-01-28,sz.002632,6.1800,6.4000,6.1600,6.3100,6.2400,3431500,21595457.0000,3,0.584700,1,1.121800,0
2021-01-29,sz.002632,6.3800,6.3800,6.1700,6.2200,6.3100,3383300,21058074.0000,3,0.576400,1,-1.426300,0
2021-02-01,sz.002632,6.2100,6.2800,6.1500,6.2200,6.2200,2475000,15358450.0000,3,0.421700,1,0.000000,0
2021-02-02,sz.002632,6.2200,6.2400,6.1400,6.1600,6.2200,3049400,18834961.0000,3,0.519600,1,-0.964600,0
2021-02-03,sz.002632,6.1700,6.2100,5.9800,5.9800,6.1600,4613690,28034633.6000,3,0.786100,1,-2.922100,0
2021-02-04,sz.002632,5.9800,6.0400,5.7800,5.8900,5.9800,4702891,27704280.9300,3,0.801300,1,-1.505000,0
2021-02-05,sz.002632,5.9000,6.0000,5.8200,5.8200,5.8900,2694900,15902446.0000,3,0.459200,1,-1.188500,0
2021-02-08,sz.002632,5.8500,6.0600,5.8000,6.0100,5.8200,3242151,19265388.9800,3,0.552400,1,3.264600,0
2021-02-09,sz.002632,6.0100,6.1200,5.9800,6.1000,6.0100,2148467,13034461.4100,3,0.366100,1,1.497500,0
2021-02-10,sz.002632,6.0900,6.1500,6.0800,6.1100,6.1000,1983160,12117726.6000,3,0.337900,1,0.163900,0
2021-02-18,sz.002632,6.1300,6.2500,6.1300,6.2100,6.1100,3199000,19878943.0000,3,0.545000,1,1.636700,0
2021-02-19,sz.002632,6.2300,6.4000,6.2100,6.4000,6.2100,4056800,25706917.0000,3,0.691200,1,3.059600,0
2021-02-22,sz.002632,6.4300,6.5600,6.4100,6.4300,6.4000,5365550,34782550.0000,3,0.914200,1,0.468800,0
2021-02-23,sz.002632,6.4200,6.4600,6.3200,6.3800,6.4300,3496400,22337381.0000,3,0.595700,1,-0.777600,0
2021-02-24,sz.002632,6.3800,6.4600,6.3200,6.4200,6.3800,2924080,18676470.4000,3,0.498200,1,0.627000,0
2021-02-25,sz.002632,6.4500,6.4500,6.2400,6.2700,6.4200,3269900,20734343.0000,3,0.557100,1,-2.336400,0
2021-02-26,sz.002632,6.2300,6.3600,6.1800,6.2800,6.2700,2373700,14944494.0000,3,0.404400,1,0.159500,0
2021-03-01,sz.002632,6.2800,6.4200,6.2500,6.3900,6.2800,3504400,22352898.0000,3,0.597100,1,1.751600,0
2021-03-02,sz.002632,6.4300,6.4500,6.3000,6.3500,6.3900,3243200,20588887.0000,3,0.552600,1,-0.626000,0
2021-03-03,sz.002632,6.3600,6.4200,6.3400,6.3900,6.3500,2787000,17787219.0000,3,0.474900,1,0.629900,0
2021-03-04,sz.002632,6.3000,6.4900,6.3000,6.4100,6.3900,3941640,25302916.6000,3,0.671600,1,0.313000,0
2021-03-05,sz.002632,6.4000,6.4700,6.3700,6.4600,6.4100,3003200,19285440.0000,3,0.511700,1,0.780000,0
2021-03-08,sz.002632,6.5200,6.6000,6.4500,6.5800,6.4600,6029500,39381805.0000,3,1.027300,1,1.857600,0
2021-03-09,sz.002632,6.6600,7.2400,6.6200,6.8600,6.5800,19538765,135984548.0500,3,3.329000,1,4.255300,0
2021-03-10,sz.002632,6.6400,6.7000,6.4000,6.5700,6.8600,12292000,80527942.5800,3,2.094300,1,-4.227400,0
2021-03-11,sz.002632,6.4000,6.6200,6.3800,6.6000,6.5700,6409700,41853625.0000,3,1.092100,1,0.456600,0
2021-03-12,sz.002632,6.5700,6.5800,6.4200,6.5000,6.6000,4125900,26734361.0000,3,0.703000,1,-1.515200,0
2021-03-15,sz.002632,6.4900,6.5300,6.4500,6.5100,6.5000,3446800,22391163.0000,3,0.587300,1,0.153800,0
2021-03-16,sz.002632,6.4900,6.5400,6.4500,6.5300,6.5100,3019000,19615974.0000,3,0.514400,1,0.307200,0
2021-03-17,sz.002632,6.5400,6.8500,6.5000,6.7100,6.5300,6616300,44036202.0000,3,1.127300,1,2.756500,0
2021-03-18,sz.002632,6.6600,6.7200,6.5500,6.6500,6.7100,3333400,22195200.0000,3,0.567900,1,-0.894200,0
2021-03-19,sz.002632,6.6300,6.7100,6.5500,6.6300,6.6500,3022900,20096985.0000,3,0.515000,1,-0.300800,0
2021-03-22,sz.002632,6.6300,6.7800,6.6200,6.7500,6.6300,3566400,23910004.0000,3,0.607600,1,1.810000,0
2021-03-23,sz.002632,6.7500,6.7600,6.6300,6.6700,6.7500,3166900,21138029.8400,3,0.539600,1,-1.185200,0
2021-03-24,sz.002632,6.6700,6.7000,6.6100,6.6400,6.6700,2313400,15369363.0000,3,0.394200,1,-0.449800,0
2021-03-25,sz.002632,6.6400,6.6500,6.4600,6.5500,6.6400,2896600,18959090.0000,3,0.493500,1,-1.355400,0
2021-03-26,sz.002632,6.4400,6.4500,6.2400,6.3200,6.5500,6992665,44059534.8500,3,1.190800,1,-3.511500,0
2021-03-29,sz.002632,6.3100,6.3500,6.2200,6.2300,6.3200,4609260,28894740.0000,3,0.784900,1,-1.424100,0
2021-03-30,sz.002632,6.2300,6.2600,6.1900,6.2200,6.2300,2529000,15707194.0000,3,0.430700,1,-0.160500,0
2021-03-31,sz.002632,6.1900,6.2800,6.1700,6.2200,6.2200,2368500,14748148.0000,3,0.403300,1,0.000000,0
2021-04-01,sz.002632,6.2300,6.2400,6.1900,6.2200,6.2200,1700100,10559721.0000,3,0.289500,1,0.000000,0
2021-04-02,sz.002632,6.2200,6.2500,6.1700,6.2300,6.2200,2545245,15814047.6000,3,0.433400,1,0.160800,0
2021-04-06,sz.002632,6.2300,6.3200,6.2300,6.3100,6.2300,2817180,17705419.0000,3,0.479800,1,1.284100,0
2021-04-07,sz.002632,6.3100,6.3100,6.2500,6.2800,6.3100,2236204,14016059.0800,3,0.380800,1,-0.475400,0
2021-04-08,sz.002632,6.2600,6.2800,6.1800,6.1800,6.2800,2811300,17449380.9600,3,0.478800,1,-1.592400,0
2021-04-09,sz.002632,6.1800,6.1800,6.0600,6.0900,6.1800,3408487,20790903.9600,3,0.580500,1,-1.456300,0
2021-04-12,sz.002632,6.1000,6.1100,5.9900,6.0100,6.0900,2839600,17125840.0000,3,0.483600,1,-1.313600,0
2021-04-13,sz.002632,6.0200,6.1500,5.9800,6.1100,6.0100,2265500,13671749.0000,3,0.385800,1,1.663900,0
2021-04-14,sz.002632,6.1100,6.1400,6.0600,6.1200,6.1100,1645900,10034824.0000,3,0.280300,1,0.163700,0
2021-04-15,sz.002632,6.1200,6.1700,6.0800,6.1400,6.1200,1713100,10486170.0000,3,0.291700,1,0.326800,0
2021-04-16,sz.002632,6.1700,6.2600,6.1200,6.2100,6.1400,3132300,19392665.0000,3,0.533400,1,1.140100,0
2021-04-19,sz.002632,6.2100,6.2900,6.2000,6.2900,6.2100,2862400,17933810.0000,3,0.487500,1,1.288200,0
2021-04-20,sz.002632,6.2800,6.3100,6.2300,6.2900,6.2900,2216600,13898258.0000,3,0.377500,1,0.000000,0
2021-04-21,sz.002632,6.2800,6.5200,6.2500,6.4000,6.2900,8862593,56949949.1800,3,1.509300,1,1.748800,0
2021-04-22,sz.002632,6.3300,6.5400,6.2700,6.4700,6.4000,6753504,43218115.1600,3,1.150100,1,1.093800,0
2021-04-23,sz.002632,6.4900,6.4900,6.2500,6.3100,6.4700,4279004,27160215.0800,3,0.728700,1,-2.473000,0
2021-04-26,sz.002632,6.3100,6.3700,6.2600,6.2600,6.3100,2560204,16162848.2400,3,0.436000,1,-0.792400,0
2021-04-27,sz.002632,6.2600,6.2800,6.0800,6.1400,6.2600,3444704,21187235.6000,3,0.586600,1,-1.916900,0
2021-04-28,sz.002632,6.1500,6.2300,6.1100,6.1800,6.1400,1860000,11499814.0000,3,0.316800,1,0.651500,0
2021-04-29,sz.002632,6.2000,6.2500,6.1500,6.2300,6.1800,2110600,13086441.0000,3,0.359400,1,0.809100,0
2021-04-30,sz.002632,6.2400,6.2500,6.0900,6.1300,6.2300,2856200,17565934.0000,3,0.486400,1,-1.605100,0
2021-05-06,sz.002632,6.1000,6.1900,6.1000,6.1600,6.1300,1367000,8417145.0000,3,0.232800,1,0.489400,0
2021-05-07,sz.002632,6.2000,6.2000,6.1200,6.1300,6.1600,2117700,13034281.0000,3,0.360600,1,-0.487000,0
2021-05-10,sz.002632,6.1500,6.2400,6.1200,6.2200,6.1300,2851800,17629331.0000,3,0.485600,1,1.468200,0
2021-05-11,sz.002632,6.2000,6.2700,6.1400,6.2500,6.2200,2205500,13686958.0000,3,0.375600,1,0.482300,0
2021-05-12,sz.002632,6.2200,6.3400,6.2100,6.3300,6.2500,2733200,17159790.0000,3,0.465500,1,1.280000,0
2021-05-13,sz.002632,6.2900,6.3400,6.2400,6.2400,6.3300,2663800,16722429.0000,3,0.453600,1,-1.421800,0
2021-05-14,sz.002632,6.2400,6.4200,6.2400,6.4000,6.2400,4327508,27465458.7200,3,0.737000,1,2.564100,0
2021-05-17,sz.002632,6.3900,6.4400,6.3000,6.3200,6.4000,4230551,26923921.8300,3,0.720400,1,-1.250000,0
2021-05-18,sz.002632,6.3200,6.4100,6.2900,6.4100,6.3200,2271400,14448444.0000,3,0.386800,1,1.424100,0
2021-05-19,sz.002632,6.4100,6.6200,6.3800,6.4600,6.4100,6159300,40059325.6000,3,1.048900,1,0.780000,0
2021-05-20,sz.002632,6.3700,6.4700,6.2900,6.3800,6.4600,3564700,22785425.0000,3,0.607100,1,-1.238400,0
2021-05-21,sz.002632,6.3500,6.4800,6.3500,6.4300,6.3800,2330080,14979790.0000,3,0.396800,1,0.783700,0
2021-05-24,sz.002632,6.4100,6.5700,6.4000,6.5300,6.4300,3679300,23981514.2000,3,0.626600,1,1.555200,0
2021-05-25,sz.002632,6.5300,6.6200,6.4700,6.5100,6.5300,3506500,22859011.0000,3,0.597100,1,-0.306300,0
2021-05-26,sz.002632,6.5100,6.5300,6.4100,6.4900,6.5100,2933857,18997142.9500,3,0.499600,1,-0.307200,0
2021-05-27,sz.002632,6.4300,6.4900,6.4100,6.4400,6.4900,3330900,21454870.0000,3,0.567200,1,-0.770400,0
2021-05-28,sz.002632,6.4100,6.4700,6.3900,6.4000,6.4400,2570300,16506254.0000,3,0.437700,1,-0.621100,0
2021-05-31,sz.002632,6.4000,6.5700,6.3900,6.5500,6.4000,4222300,27485364.0000,3,0.719000,1,2.343800,0
2021-06-01,sz.002632,6.4600,6.9000,6.4600,6.8600,6.5500,11623997,78038681.5200,3,1.979500,1,4.732800,0
2021-06-02,sz.002632,6.8800,7.0600,6.8000,6.9300,6.8600,16592064,115267768.2800,3,2.825600,1,1.020400,0
2021-06-03,sz.002632,6.8900,6.9100,6.7000,6.7200,6.9300,9998564,67760695.0000,3,1.702700,1,-3.030300,0
2021-06-04,sz.002632,6.7100,6.9300,6.5900,6.8300,6.7200,7684708,52103409.6400,3,1.308700,1,1.636900,0
2021-06-07,sz.002632,6.8000,7.0400,6.6100,6.9000,6.8300,7251364,49844113.9600,3,1.234900,1,1.024900,0
2021-06-08,sz.002632,6.9400,6.9600,6.7600,6.7700,6.9000,4305546,29383670.9200,3,0.733200,1,-1.884100,0
2021-06-09,sz.002632,6.7500,6.8400,6.7000,6.8000,6.7700,3981500,26916862.0000,3,0.678000,1,0.443100,0
2021-06-10,sz.002632,6.7600,6.8600,6.7500,6.7900,6.8000,3812100,25925708.0000,3,0.649200,1,-0.147100,0
2021-06-11,sz.002632,6.7900,6.8400,6.6300,6.6400,6.7900,3812200,25587111.6000,3,0.649200,1,-2.209100,0
2021-06-15,sz.002632,6.6400,6.7500,6.5800,6.6800,6.6400,3010300,20010101.7600,3,0.512600,1,0.602400,0
2021-06-16,sz.002632,6.6600,6.6800,6.5300,6.5600,6.6800,2778200,18297284.0000,3,0.473100,1,-1.796400,0
2021-06-17,sz.002632,6.5600,6.6000,6.4900,6.5500,6.5600,2581000,16884462.0000,3,0.439500,1,-0.152400,0
2021-06-18,sz.002632,6.5600,6.7500,6.5000,6.7200,6.5500,3504100,23307255.0000,3,0.596700,1,2.595400,0
2021-06-21,sz.002632,6.7100,6.9200,6.6500,6.9000,6.7200,6677453,45794575.2200,3,1.137100,1,2.678600,0
2021-06-22,sz.002632,6.8800,6.9500,6.8100,6.8600,6.9000,4140808,28402936.8000,3,0.705200,1,-0.579700,0
2021-06-23,sz.002632,6.8600,6.9000,6.8000,6.8600,6.8600,3382000,23168294.0000,3,0.575900,1,0.000000,0
2021-06-24,sz.002632,6.8800,7.0400,6.8500,7.0400,6.8600,8063500,56113864.0000,3,1.373200,1,2.623900,0
2021-06-25,sz.002632,7.0300,7.0300,6.8100,6.8800,7.0400,5885236,40471671.2400,3,1.002200,1,-2.272700,0
2021-06-28,sz.002632,6.8700,6.8700,6.7900,6.8400,6.8800,2914700,19906943.0000,3,0.496400,1,-0.581400,0
2021-06-29,sz.002632,6.8500,6.8700,6.7100,6.7400,6.8400,2911908,19706182.3200,3,0.495900,1,-1.462000,0
2021-06-30,sz.002632,6.7300,6.8800,6.7200,6.8100,6.7400,3329300,22607299.0000,3,0.567000,1,1.038600,0
2021-07-01,sz.002632,6.8000,6.8000,6.6000,6.6100,6.8100,3861300,25724864.0000,3,0.657600,1,-2.936900,0
2021-07-02,sz.002632,6.6100,6.6500,6.5800,6.6100,6.6100,2569900,16991848.0000,3,0.437600,1,0.000000,0
2021-07-05,sz.002632,6.6300,6.7500,6.5900,6.7500,6.6100,2904400,19399743.0000,3,0.494600,1,2.118000,0
2021-07-06,sz.002632,6.7500,6.8100,6.6500,6.7400,6.7500,2782604,18735470.8800,3,0.473900,1,-0.148100,0
2021-07-07,sz.002632,6.7400,7.0100,6.6600,6.9700,6.7400,8474636,58219324.9600,3,1.443200,1,3.412500,0
2021-07-08,sz.002632,6.9300,7.0300,6.8800,7.0000,6.9700,6907252,48051713.8400,3,1.176300,1,0.430400,0
2021-07-09,sz.002632,7.0800,7.0900,6.7800,6.9900,7.0000,6935400,48112463.0000,3,1.181100,1,-0.142900,0
2021-07-12,sz.002632,7.0600,7.3000,6.9700,7.0000,6.9900,8373076,59255949.5200,3,1.425900,1,0.143100,0
2021-07-13,sz.002632,7.0600,7.3400,6.9800,7.2000,7.0000,18918283,135494579.2000,3,3.221700,1,2.857100,0
2021-07-14,sz.002632,7.2000,7.4200,7.1500,7.2500,7.2000,18600059,135419756.8700,3,3.167500,1,0.694400,0
2021-07-15,sz.002632,7.2300,7.2600,6.9000,7.1100,7.2500,13124460,92523314.8400,3,2.235000,1,-1.931000,0
2021-07-16,sz.002632,7.1100,7.4000,7.0300,7.2800,7.1100,14912008,107844798.8000,3,2.539500,1,2.391000,0
2021-07-19,sz.002632,7.2200,7.6000,7.1600,7.3400,7.2800,19667154,146106776.3400,3,3.349200,1,0.824200,0
2021-07-20,sz.002632,7.3900,7.6500,7.2700,7.5100,7.3400,13632551,101302773.9900,3,2.321600,1,2.316100,0
2021-07-21,sz.002632,7.4700,7.5300,7.3800,7.4500,7.5100,10706851,79884815.9300,3,1.823300,1,-0.798900,0
2021-07-22,sz.002632,7.4300,7.6500,7.4000,7.6300,7.4500,15268736,115391296.3900,3,2.600200,1,2.416100,0
2021-07-23,sz.002632,7.6600,7.7200,7.4100,7.5700,7.6300,13355424,101246780.1200,3,2.274400,1,-0.786400,0
2021-07-26,sz.002632,7.5200,7.5700,7.2500,7.3900,7.5700,10211800,75825403.0000,3,1.739000,1,-2.377800,0
2021-07-27,sz.002632,7.4500,7.5000,7.0300,7.1000,7.3900,11317712,82841687.8400,3,1.927400,1,-3.924200,0
2021-07-28,sz.002632,7.0900,7.1400,6.6800,6.7600,7.1000,12231853,83911186.9400,3,2.083000,1,-4.788700,0
2021-07-29,sz.002632,6.8600,7.1300,6.8200,7.0800,6.7600,9040100,63306213.0000,3,1.539500,1,4.733700,0
2021-07-30,sz.002632,7.0800,7.2300,7.0100,7.1800,7.0800,7441200,53081774.0000,3,1.267200,1,1.412400,0
2021-08-02,sz.002632,7.1800,7.3200,7.0600,7.2800,7.1800,6416300,46336526.0000,3,1.092700,1,1.392800,0
2021-08-03,sz.002632,7.2500,7.3200,7.0500,7.1000,7.2800,7109900,51066948.0000,3,1.210800,1,-2.472500,0
2021-08-04,sz.002632,7.1000,7.3900,7.0700,7.3900,7.1000,8467900,61617149.0000,3,1.442000,1,4.084500,0
2021-08-05,sz.002632,7.4700,7.7400,7.3900,7.5000,7.3900,18163778,136991642.2900,3,3.093200,1,1.488500,0
2021-08-06,sz.002632,7.6800,8.2500,7.6000,8.0000,7.5000,42955074,344178951.6800,3,7.315100,1,6.666700,0
2021-08-09,sz.002632,7.9500,8.4000,7.5000,8.2000,8.0000,47920626,378281277.2000,3,8.160700,1,2.500000,0
2021-08-10,sz.002632,8.1600,8.2500,7.9200,7.9900,8.2000,24174145,194945007.2100,3,4.116800,1,-2.561000,0
2021-08-11,sz.002632,7.9900,8.0800,7.8500,8.0000,7.9900,15919185,126831503.5000,3,2.711000,1,0.125200,0
2021-08-12,sz.002632,7.9400,8.6600,7.9400,8.6300,8.0000,29680085,249130469.4300,3,5.054400,1,7.875000,0
2021-08-13,sz.002632,8.5000,8.9600,8.4200,8.6900,8.6300,29344758,257140353.5800,3,4.997300,1,0.695200,0
2021-08-16,sz.002632,8.6000,8.7200,8.0800,8.1200,8.6900,27567945,228057562.4000,3,4.694700,1,-6.559300,0
2021-08-17,sz.002632,8.1200,8.2000,7.7500,7.7900,8.1200,15345761,121972122.3600,3,2.613300,1,-4.064000,0
2021-08-18,sz.002632,7.7600,7.9000,7.7400,7.8500,7.7900,9413820,73619921.0000,3,1.603100,1,0.770200,0
2021-08-19,sz.002632,7.8400,8.0600,7.7200,7.9400,7.8500,11947300,94206170.0000,3,2.034600,1,1.146500,0
2021-08-20,sz.002632,7.9300,8.1000,7.7500,8.0200,7.9400,9520700,75871036.0000,3,1.621300,1,1.007600,0
2021-08-23,sz.002632,8.0100,8.0900,7.8600,7.9900,8.0200,11458600,91387369.1800,3,1.951400,1,-0.374100,0
2021-08-24,sz.002632,7.8400,7.8800,7.5600,7.6100,7.9900,20341054,156263021.8600,3,3.457300,1,-4.755900,0
2021-08-25,sz.002632,7.6100,7.7200,7.4400,7.7100,7.6100,14120982,106850786.1400,3,2.400100,1,1.314100,0
2021-08-26,sz.002632,7.6500,7.7300,7.4900,7.5000,7.7100,9433582,71499204.7200,3,1.603400,1,-2.723700,0
2021-08-27,sz.002632,7.4800,7.4800,7.1400,7.3900,7.5000,21628514,157924138.9400,3,3.676100,1,-1.466700,0
2021-08-30,sz.002632,7.3200,7.4400,7.2300,7.2700,7.3900,10230300,75051990.0000,3,1.738800,1,-1.623800,0
2021-08-31,sz.002632,7.2700,7.3000,7.1000,7.1200,7.2700,9213600,65947278.0000,3,1.566000,1,-2.063300,0
2021-09-01,sz.002632,7.1200,7.2500,6.9000,6.9600,7.1200,11304017,79639964.6400,3,1.921300,1,-2.247200,0
2021-09-02,sz.002632,6.9500,7.1000,6.8900,7.0500,6.9600,7893917,55415819.1700,3,1.341700,1,1.293100,0
2021-09-03,sz.002632,7.0500,7.1600,6.9500,6.9800,7.0500,9633100,67738431.0000,3,1.637300,1,-0.992900,0
2021-09-06,sz.002632,6.9900,7.0500,6.8900,7.0500,6.9800,9108376,63514748.4400,3,1.548100,1,1.002900,0
2021-09-07,sz.002632,7.1000,7.1600,6.9900,7.1300,7.0500,8755325,62189419.4200,3,1.488100,1,1.134800,0
2021-09-08,sz.002632,7.1500,7.3300,7.1100,7.3300,7.1300,11926900,86270168.7800,3,2.027200,1,2.805000,0
2021-09-09,sz.002632,7.3300,7.3300,7.1600,7.2100,7.3300,8429744,61015486.8000,3,1.432800,1,-1.637100,0
2021-09-10,sz.002632,7.2200,7.2500,6.9900,7.0000,7.2100,10710204,76057163.2400,3,1.820400,1,-2.912600,0
2021-09-13,sz.002632,7.0200,7.1900,6.9200,7.1400,7.0000,8674159,61458663.7900,3,1.474300,1,2.000000,0
2021-09-14,sz.002632,7.3000,7.8500,7.2600,7.8500,7.1400,18912044,145525007.2000,3,3.214400,1,9.944000,0
2021-09-15,sz.002632,7.9900,8.1900,7.7400,8.0600,7.8500,49509481,396855723.7700,3,8.415000,1,2.675200,0
2021-09-16,sz.002632,8.0000,8.1500,7.8400,7.9300,8.0600,25277035,201952337.3200,3,4.296300,1,-1.612900,0
2021-09-17,sz.002632,7.8500,8.0700,7.7700,7.9700,7.9300,18919004,149907934.0300,3,3.215600,1,0.504400,0
2021-09-22,sz.002632,8.1100,8.4500,8.0000,8.3500,7.9700,31224876,258745271.4000,3,5.307200,1,4.767900,0
2021-09-23,sz.002632,8.2800,8.3900,8.0800,8.2500,8.3500,18823340,154479443.1000,3,3.199300,1,-1.197600,0
2021-09-24,sz.002632,8.2600,8.2600,7.9400,8.0100,8.2500,14767392,118511973.6800,3,2.510000,1,-2.909100,0
2021-09-27,sz.002632,8.0100,8.0900,7.5900,7.6900,8.0100,12105795,94368292.6900,3,2.057600,1,-3.995000,0
2021-09-28,sz.002632,7.7500,7.7500,7.5300,7.6700,7.6900,6149900,46879931.5900,3,1.045300,1,-0.260100,0
2021-09-29,sz.002632,7.5800,7.6200,7.2200,7.2700,7.6700,7678707,57073557.0400,3,1.305100,1,-5.215100,0
2021-09-30,sz.002632,7.3600,7.5500,7.3200,7.4800,7.2700,4974100,37149095.0000,3,0.845400,1,2.888600,0
2021-10-08,sz.002632,7.6300,7.7900,7.5100,7.6600,7.4800,6171866,47450901.9000,3,1.049000,1,2.406400,0
2021-10-11,sz.002632,7.6900,7.7100,7.5400,7.7000,7.6600,5212964,39737859.1000,3,0.886000,1,0.522200,0
2021-10-12,sz.002632,7.6700,7.6700,7.2000,7.3300,7.7000,6067487,44977509.1000,3,1.031300,1,-4.805200,0
2021-10-13,sz.002632,7.3400,7.3500,7.1300,7.2500,7.3300,4240600,30607646.3300,3,0.720800,1,-1.091400,0
2021-10-14,sz.002632,7.2700,7.4400,7.1700,7.3300,7.2500,4052767,29645321.7700,3,0.688800,1,1.103400,0
2021-10-15,sz.002632,7.3300,7.3800,7.2100,7.2900,7.3300,3342056,24359332.2200,3,0.568000,1,-0.545700,0
2021-10-18,sz.002632,7.3500,7.4000,7.2200,7.3900,7.2900,2901834,21231979.5400,3,0.493200,1,1.371700,0
2021-10-19,sz.002632,7.4000,7.4700,7.3100,7.3400,7.3900,3496164,25782905.9600,3,0.594200,1,-0.676600,0
2021-10-20,sz.002632,7.3400,7.3700,7.2100,7.2600,7.3400,3926900,28601216.0000,3,0.667400,1,-1.089900,0
2021-10-21,sz.002632,7.2300,7.2600,7.0000,7.0600,7.2600,8268342,58847007.7200,3,1.405300,1,-2.754800,0
2021-10-22,sz.002632,7.0600,7.2300,7.0400,7.0500,7.0600,3770700,26801549.0000,3,0.640900,1,-0.141600,0
2021-10-25,sz.002632,7.0600,7.1800,7.0200,7.1300,7.0500,4333100,30805639.0000,3,0.736500,1,1.134800,0
2021-10-26,sz.002632,7.1500,7.2300,7.0700,7.1200,7.1300,4711300,33605268.0000,3,0.800800,1,-0.140300,0
2021-10-27,sz.002632,7.1200,7.1700,6.6200,6.7100,7.1200,11183081,76033514.0900,3,1.900800,1,-5.758400,0
2021-10-28,sz.002632,6.7000,6.8400,6.5500,6.6300,6.7100,6783586,45114703.3200,3,1.153000,1,-1.192300,0
2021-10-29,sz.002632,6.6000,6.8600,6.5800,6.7700,6.6300,5383053,36292110.3700,3,0.914900,1,2.111600,0
2021-11-01,sz.002632,6.7800,7.1300,6.7700,7.0900,6.7700,5296238,36856345.5200,3,0.900200,1,4.726700,0
2021-11-02,sz.002632,7.0800,7.0900,6.8300,6.9100,7.0900,4692600,32582777.0000,3,0.797600,1,-2.538800,0
2021-11-03,sz.002632,6.9100,6.9900,6.8300,6.8900,6.9100,2684700,18501707.0000,3,0.456300,1,-0.289400,0
2021-11-04,sz.002632,6.8600,7.0100,6.8600,6.9800,6.8900,3091939,21508700.4400,3,0.525500,1,1.306200,0
2021-11-05,sz.002632,6.9700,7.0800,6.9300,6.9600,6.9800,3971700,27803298.0000,3,0.675100,1,-0.286500,0
2021-11-08,sz.002632,6.9100,7.0500,6.9100,7.0000,6.9600,3007900,20995916.0000,3,0.511200,1,0.574700,0
2021-11-09,sz.002632,7.0100,7.0500,6.9100,6.9200,7.0000,4176168,29023194.5300,3,0.709800,1,-1.142900,0
2021-11-10,sz.002632,6.9700,7.1000,6.8900,7.0900,6.9200,6432769,45054466.5400,3,1.093400,1,2.456600,0
2021-11-11,sz.002632,7.0400,7.2200,7.0100,7.1400,7.0900,6368511,45335725.6300,3,1.082400,1,0.705200,0
2021-11-12,sz.002632,7.1400,7.4400,7.1200,7.3700,7.1400,8184904,59893101.1600,3,1.391200,1,3.221300,0
2021-11-15,sz.002632,7.4500,7.5500,7.3100,7.5300,7.3700,7403398,55184243.9800,3,1.258300,1,2.171000,0
2021-11-16,sz.002632,7.5800,8.0000,7.4500,7.6500,7.5300,19329847,148567150.0200,3,3.285400,1,1.593600,0
2021-11-17,sz.002632,7.5300,7.6300,7.4400,7.5900,7.6500,10183168,76784207.0000,3,1.730800,1,-0.784300,0
2021-11-18,sz.002632,7.5200,7.6600,7.4300,7.4500,7.5900,7308258,54826603.4000,3,1.242200,1,-1.844500,0
2021-11-19,sz.002632,7.4500,7.7000,7.4000,7.6700,7.4500,10066839,76618711.8400,3,1.711000,1,2.953000,0
2021-11-22,sz.002632,7.8500,7.8500,7.6100,7.7500,7.6700,8543936,65997619.2300,3,1.452200,1,1.043000,0
2021-11-23,sz.002632,7.7500,7.8900,7.6900,7.7600,7.7500,7885229,61419842.7500,3,1.340200,1,0.129000,0
2021-11-24,sz.002632,7.6800,7.8000,7.6500,7.6700,7.7600,6240616,48208275.9600,3,1.060700,1,-1.159800,0
2021-11-25,sz.002632,7.6700,7.7300,7.5500,7.5700,7.6700,5263720,40062733.0000,3,0.894700,1,-1.303800,0
2021-11-26,sz.002632,7.5000,7.6200,7.4000,7.5400,7.5700,4525220,34010423.0000,3,0.769100,1,-0.396300,0
2021-11-29,sz.002632,7.4000,7.5400,7.3600,7.4800,7.5400,4061599,30288070.1000,3,0.690300,1,-0.795800,0
2021-11-30,sz.002632,7.5000,7.7200,7.5000,7.6100,7.4800,5815919,44434597.4000,3,0.988500,1,1.738000,0
2021-12-01,sz.002632,7.6400,7.7700,7.5400,7.7600,7.6100,6045600,46484873.0000,3,1.027600,1,1.971100,0
2021-12-02,sz.002632,7.7700,8.5400,7.6800,8.1600,7.7600,41943336,348535133.5800,3,7.129000,1,5.154600,0
2021-12-03,sz.002632,7.9200,8.0600,7.7600,7.8300,8.1600,27206813,214051122.8000,3,4.624300,1,-4.044100,0
2021-12-06,sz.002632,7.8500,8.3500,7.6600,7.7100,7.8300,12674200,99580161.5600,3,2.154200,1,-1.532600,0
2021-12-07,sz.002632,7.7100,7.7400,7.4000,7.4200,7.7100,11184341,84102775.2400,3,1.901000,1,-3.761300,0
2021-12-08,sz.002632,7.4400,7.6900,7.3800,7.5500,7.4200,7207732,54272296.9200,3,1.225100,1,1.752000,0
2021-12-09,sz.002632,7.5500,7.5700,7.4300,7.5300,7.5500,7044050,52791846.5000,3,1.197300,1,-0.264900,0
2021-12-10,sz.002632,7.4400,7.7400,7.4400,7.7000,7.5300,9596500,73028028.0400,3,1.631100,1,2.257600,0
2021-12-13,sz.002632,7.7400,7.9200,7.6100,7.9000,7.7000,15640100,122149375.0000,3,2.658300,1,2.597400,0
2021-12-14,sz.002632,7.8500,7.9200,7.7300,7.8300,7.9000,10333204,81033044.2800,3,1.756300,1,-0.886100,0
2021-12-15,sz.002632,7.8700,7.9400,7.7700,7.8700,7.8300,8589700,67537591.0000,3,1.460000,1,0.510900,0
2021-12-16,sz.002632,7.8300,8.0700,7.8300,8.0100,7.8700,11978100,95489006.0700,3,2.035900,1,1.778900,0
2021-12-17,sz.002632,8.0000,8.0700,7.8600,7.9700,8.0100,9232106,73509390.8200,3,1.569200,1,-0.499400,0
2021-12-20,sz.002632,7.9100,7.9600,7.7300,7.8000,7.9700,7546691,59269141.6200,3,1.282700,1,-2.133000,0
2021-12-21,sz.002632,7.8300,8.0400,7.7700,8.0400,7.8000,11942304,94496285.4800,3,2.029800,1,3.076900,0
2021-12-22,sz.002632,8.0400,8.3100,7.9100,8.1200,8.0400,18003134,145987529.1600,3,3.059900,1,0.995000,0
2021-12-23,sz.002632,8.1400,8.1400,7.9300,8.0500,8.1200,12717908,102038183.3200,3,2.161600,1,-0.862100,0
2021-12-24,sz.002632,8.0800,8.0800,7.7400,7.7600,8.0500,10398204,81665938.0000,3,1.767300,1,-3.602500,0
2021-12-27,sz.002632,7.7100,7.7700,7.5400,7.5800,7.7600,7460200,56849057.0000,3,1.268000,1,-2.319600,0
2021-12-28,sz.002632,7.6200,7.9600,7.5900,7.8900,7.5800,9153404,71259758.3600,3,1.555800,1,4.089700,0
2021-12-29,sz.002632,7.8600,7.9500,7.8100,7.8500,7.8900,5769350,45471650.0000,3,0.980600,1,-0.507000,0
2021-12-30,sz.002632,7.8000,8.1800,7.8000,8.0200,7.8500,11067601,88758224.6500,3,1.881100,1,2.165600,0
2021-12-31,sz.002632,8.0500,8.0900,7.9200,7.9800,8.0200,6836350,54571646.0000,3,1.162000,1,-0.498800,0
2022-01-04,sz.002632,8.0000,8.1500,7.9800,8.1200,7.9800,9423835,76286961.2300,3,1.601700,1,1.754400,0
2022-01-05,sz.002632,8.1200,8.1800,7.9100,8.0400,8.1200,9440471,75703915.7800,3,1.604600,1,-0.985200,0
2022-01-06,sz.002632,8.0300,8.1200,7.9400,8.0500,8.0400,7108654,57049153.6200,3,1.208200,1,0.124400,0
2022-01-07,sz.002632,8.0400,8.0900,7.7000,7.7000,8.0500,9477117,74456034.9000,3,1.610800,1,-4.347800,0
2022-01-10,sz.002632,7.6800,7.9700,7.6100,7.8500,7.7000,7591300,59507546.0000,3,1.290300,1,1.948100,0
2022-01-11,sz.002632,7.8800,7.9800,7.7800,7.8100,7.8500,6080688,47979396.2800,3,1.033500,1,-0.509600,0
2022-01-12,sz.002632,7.8300,8.0400,7.8100,7.9900,7.8100,6379408,50835510.1200,3,1.084300,1,2.304700,0
2022-01-13,sz.002632,8.0000,8.0000,7.7600,7.7700,7.9900,6102800,48023095.0000,3,1.037300,1,-2.753400,0
2022-01-14,sz.002632,7.7700,7.8500,7.6500,7.6900,7.7700,5103400,39467274.0000,3,0.867400,1,-1.029600,0
2022-01-17,sz.002632,7.6600,8.1500,7.6600,8.0700,7.6900,13395931,106941334.4300,3,2.276900,1,4.941500,0
2022-01-18,sz.002632,8.1800,8.1800,7.9300,7.9400,8.0700,7856500,62975215.0000,3,1.335300,1,-1.610900,0
2022-01-19,sz.002632,7.9100,8.0400,7.8000,7.9000,7.9400,7793936,61475981.4200,3,1.324700,1,-0.503800,0
2022-01-20,sz.002632,7.9800,7.9800,7.1300,7.2300,7.9000,18310272,135693018.1200,3,3.112100,1,-8.481000,0
2022-01-21,sz.002632,7.2000,7.3300,7.0600,7.1700,7.2300,5561687,39830461.0500,3,0.945300,1,-0.829900,0
2022-01-24,sz.002632,7.0000,7.0600,6.8600,6.9600,7.1700,6315900,43951684.0000,3,1.073500,1,-2.928900,0
2022-01-25,sz.002632,6.9300,7.0000,6.6400,6.6800,6.9600,4941204,33477538.9200,3,0.839800,1,-4.023000,0
2022-01-26,sz.002632,6.6800,6.7800,6.5900,6.6700,6.6800,4320754,28893079.4800,3,0.734400,1,-0.149700,0
2022-01-27,sz.002632,6.6700,6.7100,6.4300,6.4600,6.6700,6361276,41668204.0800,3,1.081200,1,-3.148400,0
2022-01-28,sz.002632,6.4700,6.6600,6.4400,6.6000,6.4600,4696519,30853521.2600,3,0.798300,1,2.167200,0
2022-02-07,sz.002632,6.7500,6.7600,6.6100,6.7400,6.6000,2888900,19354817.0000,3,0.491000,1,2.121200,0
2022-02-08,sz.002632,6.7300,6.8300,6.6500,6.8100,6.7400,2425754,16404074.6600,3,0.412300,1,1.038600,0
2022-02-09,sz.002632,6.8300,6.9200,6.7600,6.9000,6.8100,3935531,27030767.4300,3,0.668900,1,1.321600,0
2022-02-10,sz.002632,6.8800,6.9100,6.7300,6.7800,6.9000,3698700,25119707.9600,3,0.628700,1,-1.739100,0
2022-02-11,sz.002632,6.7700,6.7700,6.6000,6.6200,6.7800,3286800,21914149.0000,3,0.558600,1,-2.359900,0
2022-02-14,sz.002632,6.6100,6.7300,6.5200,6.6900,6.6200,2386300,15919934.0000,3,0.405600,1,1.057400,0
2022-02-15,sz.002632,6.7200,6.7200,6.6200,6.6600,6.6900,2141964,14275702.2400,3,0.364100,1,-0.448400,0
2022-02-16,sz.002632,6.6800,6.7700,6.6800,6.7400,6.6600,2547000,17147464.0000,3,0.432900,1,1.201200,0
2022-02-17,sz.002632,6.7400,6.8200,6.6700,6.7000,6.7400,3192700,21478175.4200,3,0.542700,1,-0.593500,0
2022-02-18,sz.002632,6.6500,6.7600,6.6300,6.7400,6.7000,1986500,13298086.8400,3,0.337600,1,0.597000,0
2022-02-21,sz.002632,6.7400,6.8300,6.6700,6.8300,6.7400,2741604,18609521.2400,3,0.466000,1,1.335300,0
2022-02-22,sz.002632,6.7900,6.8200,6.6600,6.7300,6.8300,2586604,17374757.7200,3,0.439600,1,-1.464100,0
2022-02-23,sz.002632,6.7700,6.8500,6.7100,6.8400,6.7300,3606404,24535006.2800,3,0.613000,1,1.634500,0
2022-02-24,sz.002632,6.7800,6.8700,6.5200,6.6000,6.8400,5878900,39277998.0000,3,0.999200,1,-3.508800,0
2022-02-25,sz.002632,6.6000,6.7400,6.6000,6.6400,6.6000,3010600,20086447.9600,3,0.511700,1,0.606100,0
2022-02-28,sz.002632,6.6500,6.6700,6.4900,6.5800,6.6400,3310700,21702474.0000,3,0.562700,1,-0.903600,0
2022-03-01,sz.002632,6.5800,6.6800,6.5600,6.6300,6.5800,2355300,15610747.0000,3,0.400300,1,0.759900,0
2022-03-02,sz.002632,6.6300,6.6900,6.5700,6.6700,6.6300,2022292,13447647.0000,3,0.343700,1,0.603300,0
2022-03-03,sz.002632,6.6900,6.6900,6.5800,6.6300,6.6700,3013728,19969525.0000,3,0.512200,1,-0.599700,0
2022-03-04,sz.002632,6.6300,6.6300,6.5300,6.5600,6.6300,3239400,21289560.0000,3,0.550600,1,-1.055800,0
2022-03-07,sz.002632,6.5500,6.5600,6.4200,6.4600,6.5600,3021308,19556327.0000,3,0.513500,1,-1.524400,0
2022-03-08,sz.002632,6.4600,6.5000,6.2000,6.2400,6.4600,3364656,21265020.0000,3,0.571900,1,-3.405600,0
2022-03-09,sz.002632,6.2400,6.3000,5.9000,6.1200,6.2400,4048900,24662064.0000,3,0.688200,1,-1.923100,0
2022-03-10,sz.002632,6.2400,6.3200,6.2000,6.2100,6.1200,2802300,17498264.0000,3,0.476300,1,1.470600,0
2022-03-11,sz.002632,6.1200,6.2900,6.0600,6.2700,6.2100,2051600,12628992.0000,3,0.348700,1,0.966200,0
2022-03-14,sz.002632,6.2700,6.3400,6.1600,6.1800,6.2700,2525800,15705293.0000,3,0.429300,1,-1.435400,0
2022-03-15,sz.002632,6.0900,6.1300,5.9100,5.9200,6.1800,3808100,22902850.0000,3,0.647300,1,-4.207100,0
2022-03-16,sz.002632,6.0800,6.2200,5.9400,6.2100,5.9200,3867118,23555681.0000,3,0.657300,1,4.898600,0
2022-03-17,sz.002632,6.2300,6.3000,6.1800,6.2200,6.2100,3441300,21492660.0000,3,0.584900,1,0.161000,0
2022-03-18,sz.002632,6.2200,6.2800,6.1700,6.2700,6.2200,2000607,12501198.5400,3,0.340000,1,0.803900,0
2022-03-21,sz.002632,6.2600,6.3400,6.2500,6.3200,6.2700,2298700,14472678.0000,3,0.390700,1,0.797400,0
2022-03-22,sz.002632,6.3100,6.4500,6.2800,6.3900,6.3200,2864700,18225242.0000,3,0.486900,1,1.107600,0
2022-03-23,sz.002632,6.4000,6.4800,6.3400,6.3900,6.3900,2273200,14495183.0000,3,0.386400,1,0.000000,0
2022-03-24,sz.002632,6.3400,6.3600,6.3000,6.3300,6.3900,2050400,12963371.0000,3,0.348500,1,-0.939000,0
2022-03-25,sz.002632,6.3200,6.4400,6.3100,6.3700,6.3300,2234300,14252563.0000,3,0.379800,1,0.631900,0
2022-03-28,sz.002632,6.3900,6.3900,6.2500,6.3000,6.3700,1683800,10624994.0000,3,0.286200,1,-1.098900,0
2022-03-29,sz.002632,6.3300,6.3400,6.2100,6.2500,6.3000,1245500,7800547.0000,3,0.211700,1,-0.793700,0
2022-03-30,sz.002632,6.2800,6.3000,6.2100,6.2900,6.2500,1187600,7443783.0000,3,0.201900,1,0.640000,0
2022-03-31,sz.002632,6.2900,6.3500,6.2600,6.2800,6.2900,1308700,8243658.0000,3,0.222400,1,-0.159000,0
2022-04-01,sz.002632,6.2800,6.2800,6.1800,6.2200,6.2800,1514100,9402183.0000,3,0.257300,1,-0.955400,0
2022-04-06,sz.002632,6.2200,6.3300,6.1800,6.3100,6.2200,1562743,9816626.9000,3,0.265600,1,1.446900,0
2022-04-07,sz.002632,6.2900,6.3100,6.1400,6.1600,6.3100,1606300,9969801.0000,3,0.273000,1,-2.377200,0
2022-04-08,sz.002632,6.2200,6.2200,6.0300,6.1000,6.1600,1586100,9668931.0000,3,0.269600,1,-0.974000,0
2022-04-11,sz.002632,6.1000,6.1100,5.9600,6.0000,6.1000,1889300,11375681.0000,3,0.321100,1,-1.639300,0
2022-04-12,sz.002632,6.0200,6.1400,5.9600,6.1300,6.0000,1427300,8640295.0000,3,0.242600,1,2.166700,0
2022-04-13,sz.002632,6.0800,6.1500,6.0100,6.0200,6.1300,1121700,6796055.0000,3,0.190700,1,-1.794500,0
2022-04-14,sz.002632,6.0300,6.1200,6.0300,6.0900,6.0200,1293300,7867596.0000,3,0.219800,1,1.162800,0
2022-04-15,sz.002632,6.0600,6.0900,6.0200,6.0600,6.0900,1121100,6784891.0000,3,0.190500,1,-0.492600,0
2022-04-18,sz.002632,6.0800,6.0800,5.9900,6.0500,6.0600,1083000,6532642.0000,3,0.184100,1,-0.165000,0
2022-04-19,sz.002632,6.0500,6.1300,6.0200,6.1100,6.0500,1227600,7476410.0000,3,0.208700,1,0.991700,0
2022-04-20,sz.002632,6.0800,6.3300,6.0700,6.3000,6.1100,3213400,19880092.0000,3,0.546200,1,3.109700,0
2022-04-21,sz.002632,6.2700,6.4700,6.1800,6.2300,6.3000,6410300,40380648.0000,3,1.089500,1,-1.111100,0
2022-04-22,sz.002632,6.1800,6.2400,6.0900,6.0900,6.2300,2816300,17295201.0000,3,0.478700,1,-2.247200,0
2022-04-25,sz.002632,6.0500,6.0600,5.5200,5.5600,6.0900,5261886,30223011.2000,3,0.894300,1,-8.702800,0
2022-04-26,sz.002632,5.5600,5.6000,5.1000,5.1400,5.5600,6105600,32599193.4800,3,1.037700,1,-7.554000,0
2022-04-27,sz.002632,5.0000,5.2800,4.9200,5.2800,5.1400,3583077,18296375.8400,3,0.609000,1,2.723700,0
2022-04-28,sz.002632,5.2600,5.2600,4.9200,5.0300,5.2800,3415777,17316515.0800,3,0.580600,1,-4.734800,0
2022-04-29,sz.002632,5.0600,5.2700,5.0600,5.2400,5.0300,2781594,14467873.1200,3,0.472800,1,4.175000,0
2022-05-05,sz.002632,5.2500,5.3700,5.2400,5.3100,5.2400,2440454,12971482.7400,3,0.414800,1,1.335900,0
2022-05-06,sz.002632,5.2500,5.2900,5.1600,5.2600,5.3100,1742700,9127500.0000,3,0.296200,1,-0.941600,0
2022-05-09,sz.002632,5.2400,5.3900,5.2300,5.3000,5.2600,1185400,6305921.0000,3,0.201500,1,0.760500,0
2022-05-10,sz.002632,5.2500,5.4300,5.2000,5.3800,5.3000,1972551,10569808.3600,3,0.335300,1,1.509400,0
2022-05-11,sz.002632,5.3800,5.5200,5.3700,5.3800,5.3800,3092800,16859882.0000,3,0.525700,1,0.000000,0
2022-05-12,sz.002632,5.3600,5.4400,5.2800,5.3700,5.3800,1702753,9130907.9000,3,0.289400,1,-0.185900,0
2022-05-13,sz.002632,5.3700,5.4300,5.3300,5.4100,5.3700,1943504,10458373.5600,3,0.330300,1,0.744900,0
2022-05-16,sz.002632,5.4300,5.5400,5.4100,5.4800,5.4100,2110200,11557374.0000,3,0.358700,1,1.293900,0
2022-05-17,sz.002632,5.4800,5.5000,5.4100,5.4300,5.4800,1474000,8020335.0000,3,0.250500,1,-0.912400,0
2022-05-18,sz.002632,5.4100,5.5100,5.4100,5.5000,5.4300,1688700,9267954.0000,3,0.287000,1,1.289100,0
2022-05-19,sz.002632,5.4400,5.5500,5.4100,5.5200,5.5000,2284100,12577426.0000,3,0.388200,1,0.363600,0
2022-05-20,sz.002632,5.5400,5.5900,5.4700,5.5800,5.5200,2010484,11157226.3600,3,0.341700,1,1.087000,0
2022-05-23,sz.002632,5.6300,6.0200,5.5700,5.9000,5.5800,6147600,35780598.0000,3,1.044900,1,5.734800,0
2022-05-24,sz.002632,6.2000,6.2000,5.5800,5.6000,5.9000,7220700,42365357.0000,3,1.227300,1,-5.084700,0
2022-05-25,sz.002632,5.4900,5.7000,5.4900,5.6800,5.6000,3227300,18139491.0000,3,0.548500,1,1.428600,0
2022-05-26,sz.002632,5.6600,5.7600,5.5600,5.7300,5.6800,2144400,12199760.0000,3,0.364500,1,0.880300,0
2022-05-27,sz.002632,5.7000,5.8800,5.6700,5.8400,5.6800,3721500,21606475.0000,3,0.632500,1,2.816900,0
2022-05-30,sz.002632,5.9600,6.0100,5.7400,5.9900,5.8400,3961619,23388193.2400,3,0.673300,1,2.568500,0
2022-05-31,sz.002632,5.9900,6.0200,5.9000,5.9700,5.9900,2262800,13520353.0000,3,0.384600,1,-0.333900,0
2022-06-01,sz.002632,5.9600,6.0200,5.9300,5.9800,5.9700,1724800,10311198.0000,3,0.293200,1,0.167500,0
2022-06-02,sz.002632,5.9800,6.0700,5.9100,6.0600,5.9800,2404400,14464610.0000,3,0.408700,1,1.337800,0
2022-06-06,sz.002632,6.0900,6.1100,6.0400,6.0800,6.0600,2151900,13076066.0000,3,0.365800,1,0.330000,0
2022-06-07,sz.002632,6.0500,6.0900,5.9900,6.0500,6.0800,2130300,12855006.0000,3,0.362100,1,-0.493400,0
2022-06-08,sz.002632,6.0600,6.0900,5.8800,6.0200,6.0500,2213400,13291441.0000,3,0.376200,1,-0.495900,0
2022-06-09,sz.002632,6.0000,6.0500,5.9000,5.9300,6.0200,2181300,12989514.0000,3,0.370700,1,-1.495000,0
2022-06-10,sz.002632,5.9100,6.0400,5.8600,6.0000,5.9300,1546100,9270704.0000,3,0.262800,1,1.180400,0
2022-06-13,sz.002632,5.9700,6.2300,5.9700,6.0500,6.0000,2336800,14172311.0000,3,0.397200,1,0.833300,0
2022-06-14,sz.002632,6.0000,6.1000,5.9000,6.0900,6.0500,2207200,13236791.0000,3,0.375200,1,0.661200,0
2022-06-15,sz.002632,6.1400,6.1800,6.0800,6.0800,6.0900,2436600,14878694.0400,3,0.414100,1,-0.164200,0
2022-06-16,sz.002632,6.0800,6.1400,6.0300,6.0800,6.0800,1745744,10619582.0800,3,0.296700,1,0.000000,0
2022-06-17,sz.002632,6.0600,6.1300,6.0100,6.0700,6.0800,1442500,8774949.0000,3,0.245200,1,-0.164500,0
2022-06-20,sz.002632,6.0000,6.1300,6.0000,6.0900,6.0700,1988318,12086595.0800,3,0.337900,1,0.329500,0
2022-06-21,sz.002632,6.0700,6.1400,6.0000,6.1300,6.0900,2703200,16468904.0000,3,0.459500,1,0.656800,0
2022-06-22,sz.002632,6.0600,6.1800,6.0300,6.0900,6.1300,2150700,13111177.0000,3,0.365500,1,-0.652500,0
2022-06-23,sz.002632,6.1300,6.7000,6.0400,6.7000,6.0900,24225697,159091278.5200,3,4.117600,1,10.016400,0
2022-06-24,sz.002632,7.1600,7.3700,6.9000,7.3700,6.7000,38609214,277303558.9300,3,6.562300,1,10.000000,0
2022-06-27,sz.002632,7.6900,7.8000,6.9800,7.0500,7.3700,47540537,345417282.8400,3,8.080300,1,-4.341900,0
2022-06-28,sz.002632,6.8300,7.1200,6.7300,7.1200,7.0500,27765295,192282781.1000,3,4.719200,1,0.992900,0
2022-06-29,sz.002632,6.9200,7.0200,6.5700,6.6000,7.1200,19938775,135027815.2000,3,3.388900,1,-7.303400,0
2022-06-30,sz.002632,6.5300,6.6700,6.4800,6.5500,6.6000,10819500,70917161.0000,3,1.839000,1,-0.757600,0
2022-07-01,sz.002632,6.5400,6.5500,6.3900,6.4200,6.5500,7231999,46565734.9800,3,1.229200,1,-1.984700,0
2022-07-04,sz.002632,6.4000,6.5800,6.2700,6.5200,6.4200,8051219,51696170.6000,3,1.368400,1,1.557600,0
2022-07-05,sz.002632,6.4900,6.4900,6.2900,6.3700,6.5200,6059392,38576770.0400,3,1.029900,1,-2.300600,0
2022-07-06,sz.002632,6.3200,6.3700,6.1700,6.2100,6.3700,6231379,38975918.2200,3,1.059100,1,-2.511800,0
2022-07-07,sz.002632,6.2100,6.3000,6.2100,6.2700,6.2100,3851000,24092358.0000,3,0.654500,1,0.966200,0
2022-07-08,sz.002632,6.3000,6.4700,6.2800,6.3600,6.2700,4723000,30152596.0000,3,0.802800,1,1.435400,0
2022-07-11,sz.002632,6.3700,6.6000,6.2700,6.6000,6.3600,8606280,55914487.0000,3,1.462800,1,3.773600,0
2022-07-12,sz.002632,6.6000,6.6200,6.4400,6.4800,6.6000,6275853,40885600.4400,3,1.066700,1,-1.818200,0
2022-07-13,sz.002632,6.5000,6.5600,6.4100,6.4800,6.4800,4038104,26077517.8000,3,0.686300,1,0.000000,0
2022-07-14,sz.002632,6.4800,6.5000,6.4000,6.4200,6.4800,3478806,22376567.1600,3,0.591300,1,-0.925900,0
2022-07-15,sz.002632,6.4500,6.4800,6.3100,6.3100,6.4200,3372652,21482971.7600,3,0.573200,1,-1.713400,0
2022-07-18,sz.002632,6.3200,6.5800,6.3200,6.5800,6.3100,6238241,40711832.4700,3,1.060300,1,4.278900,0
2022-07-19,sz.002632,6.5500,6.7600,6.5000,6.6900,6.5800,6183900,41266132.0000,3,1.051100,1,1.671700,0
2022-07-20,sz.002632,6.6800,6.7500,6.5900,6.7100,6.6900,5592745,37258323.5200,3,0.950600,1,0.299000,0
2022-07-21,sz.002632,6.6700,6.8000,6.6400,6.6800,6.7100,4373704,29386365.8800,3,0.743400,1,-0.447100,0
2022-07-22,sz.002632,6.6700,6.7300,6.5300,6.6400,6.6800,4751800,31472447.0000,3,0.807600,1,-0.598800,0
2022-07-25,sz.002632,6.5600,6.7300,6.5600,6.7300,6.6400,4409800,29504742.0000,3,0.749500,1,1.355400,0
2022-07-26,sz.002632,6.7200,6.9800,6.6000,6.8800,6.7300,8720853,59496010.7000,3,1.482300,1,2.228800,0
2022-07-27,sz.002632,6.8400,6.9500,6.7700,6.7900,6.8800,5182704,35369963.1600,3,0.880900,1,-1.308100,0
2022-07-28,sz.002632,6.7900,6.8500,6.7300,6.7900,6.7900,3676976,24972782.7600,3,0.625000,1,0.000000,0
2022-07-29,sz.002632,6.7700,6.8800,6.7700,6.7900,6.7900,4400600,30085492.0000,3,0.748000,1,0.000000,0
2022-08-01,sz.002632,6.7700,7.0600,6.7200,7.0600,6.7900,6461320,44885588.7200,3,1.098200,1,3.976400,0
2022-08-02,sz.002632,6.9900,6.9900,6.5400,6.6300,7.0600,7308500,49001048.0000,3,1.242200,1,-6.090700,0
2022-08-03,sz.002632,6.6600,6.9300,6.5800,6.5900,6.6300,5365217,36314651.2000,3,0.911900,1,-0.603300,0
2022-08-04,sz.002632,6.6500,6.7700,6.5600,6.6600,6.5900,3175400,21077356.1600,3,0.539700,1,1.062200,0
2022-08-05,sz.002632,6.6700,6.6900,6.5400,6.6300,6.6600,3897599,25703413.2500,3,0.662500,1,-0.450500,0
2022-08-08,sz.002632,6.6200,6.8300,6.6100,6.8000,6.6300,4365300,29483744.6000,3,0.742000,1,2.564100,0
2022-08-09,sz.002632,6.8200,7.0500,6.7300,6.9000,6.8000,6668637,45917665.3600,3,1.133400,1,1.470600,0
2022-08-10,sz.002632,6.9000,6.9500,6.8200,6.9200,6.9000,5319166,36584248.7400,3,0.904100,1,0.289900,0
2022-08-11,sz.002632,6.8600,7.1200,6.8600,6.9800,6.9200,7342800,51538891.0000,3,1.248000,1,0.867100,0
2022-08-12,sz.002632,7.0500,7.1600,6.9600,7.1000,6.9800,7850604,55736553.5200,3,1.334300,1,1.719200,0
2022-08-15,sz.002632,7.1700,7.1700,6.9400,7.0500,7.1000,4575500,32392077.0000,3,0.777700,1,-0.704200,0
2022-08-16,sz.002632,7.0500,7.1000,7.0100,7.0900,7.0500,4172859,29463245.7700,3,0.709200,1,0.567400,0
2022-08-17,sz.002632,7.1200,7.1700,6.9800,7.0700,7.0900,4781400,33807211.0000,3,0.812700,1,-0.282100,0
2022-08-18,sz.002632,7.0800,7.7800,6.9700,7.7800,7.0700,23839208,180610037.1200,3,4.051900,1,10.042400,0
2022-08-19,sz.002632,7.9300,8.5600,7.4300,8.5600,7.7800,62705368,506260074.5300,3,10.657800,1,10.025700,0
2022-08-22,sz.002632,8.3000,9.3900,8.1100,8.4000,8.5600,91728560,797205783.3300,3,15.590800,1,-1.869200,0
2022-08-23,sz.002632,8.2000,8.8600,7.8300,8.6800,8.4000,72516356,601208220.9800,3,12.325400,1,3.333300,0
2022-08-24,sz.002632,8.3800,9.5500,8.2100,9.5500,8.6800,107445520,971160961.6000,3,18.262200,1,10.023000,0
2022-08-25,sz.002632,9.3900,9.9500,8.6000,8.6000,9.5500,108256602,1012515483.5600,3,18.400000,1,-9.947600,0
2022-08-26,sz.002632,7.9100,8.1600,7.7400,7.7400,8.6000,66091947,517559100.0600,3,11.231800,1,-10.000000,0
2022-08-29,sz.002632,7.3000,7.3800,7.0600,7.1300,7.7400,45186290,326006831.8900,3,7.679000,1,-7.881100,0
2022-08-30,sz.002632,7.1300,7.2200,6.9100,6.9700,7.1300,30010739,211770726.8800,3,5.100100,1,-2.244000,0
2022-08-31,sz.002632,6.9100,6.9500,6.4900,6.5300,6.9700,30273731,202384434.9600,3,5.144800,1,-6.312800,0
2022-09-01,sz.002632,6.5500,6.6500,6.3900,6.4300,6.5300,20333304,132342481.0800,3,3.455500,1,-1.531400,0
2022-09-02,sz.002632,6.4400,6.6600,6.4100,6.5900,6.4300,16943512,110740462.3200,3,2.879400,1,2.488300,0
2022-09-05,sz.002632,6.5700,6.7200,6.5100,6.6900,6.5900,14558968,96852631.4400,3,2.474200,1,1.517500,0
2022-09-06,sz.002632,6.6900,6.7500,6.5500,6.7300,6.6900,14781200,98452537.0000,3,2.511900,1,0.597900,0
2022-09-07,sz.002632,6.7100,6.7600,6.6400,6.7400,6.7300,12806500,85889624.0000,3,2.176400,1,0.148600,0
2022-09-08,sz.002632,6.7500,6.9300,6.7100,6.7500,6.7400,19353200,132012076.0000,3,3.288900,1,0.148400,0
2022-09-09,sz.002632,6.7000,6.7000,6.5600,6.5900,6.7500,12052564,79602280.8400,3,2.048200,1,-2.370400,0
2022-09-13,sz.002632,6.5800,6.8500,6.5700,6.6900,6.5900,11346300,75905180.0000,3,1.928200,1,1.517500,0
2022-09-14,sz.002632,6.6300,6.6300,6.4600,6.5900,6.6900,9390800,61558349.4400,3,1.595900,1,-1.494800,0
2022-09-15,sz.002632,6.6300,6.6400,6.2700,6.3800,6.5900,11081700,71111602.0000,3,1.883200,1,-3.186600,0
2022-09-16,sz.002632,6.3700,6.4100,6.2400,6.2400,6.3800,7257600,46014885.0000,3,1.233400,1,-2.194400,0
2022-09-19,sz.002632,6.2100,6.2900,6.1500,6.2800,6.2400,5944900,37041416.0000,3,1.010300,1,0.641000,0
2022-09-20,sz.002632,6.2900,6.4400,6.2800,6.4000,6.2800,4729500,30169163.0000,3,0.803700,1,1.910800,0
2022-09-21,sz.002632,6.4200,6.4400,6.2900,6.4100,6.4000,5127400,32705785.0000,3,0.871400,1,0.156300,0
2022-09-22,sz.002632,6.4500,6.4800,6.3300,6.4500,6.4100,5223358,33588254.8800,3,0.887700,1,0.624000,0
2022-09-23,sz.002632,6.5200,6.5200,6.2000,6.2200,6.4500,6034900,38062955.0800,3,1.025600,1,-3.565900,0
2022-09-26,sz.002632,6.2200,6.2600,6.0300,6.0300,6.2200,5684300,34766549.0000,3,0.966000,1,-3.054700,0
2022-09-27,sz.002632,6.0400,6.2200,6.0400,6.2200,6.0300,6572400,40515872.9200,3,1.116900,1,3.150900,0
2022-09-28,sz.002632,6.2600,6.2600,5.9700,5.9700,6.2200,5491800,33306267.0000,3,0.933300,1,-4.019300,0
2022-09-29,sz.002632,6.0100,6.0500,5.8700,5.9100,5.9700,4767708,28309737.4400,3,0.810200,1,-1.005000,0
2022-09-30,sz.002632,5.9100,5.9200,5.7900,5.8200,5.9100,4464897,26084877.3900,3,0.758800,1,-1.522800,0
2022-10-10,sz.002632,5.8800,5.8800,5.6400,5.6800,5.8200,4025200,23113035.0000,3,0.684000,1,-2.405500,0
2022-10-11,sz.002632,5.6700,5.7600,5.5900,5.7500,5.6800,4030308,22946791.9200,3,0.684900,1,1.232400,0
2022-10-12,sz.002632,5.7800,5.9000,5.6600,5.9000,5.7500,4336400,25073044.0000,3,0.736900,1,2.608700,0
2022-10-13,sz.002632,5.9000,6.0300,5.8100,5.9600,5.9000,5379800,32065539.0000,3,0.914300,1,1.016900,0
2022-10-14,sz.002632,5.9900,6.0900,5.9900,6.0500,5.9600,4146800,25108909.0000,3,0.704700,1,1.510100,0
2022-10-17,sz.002632,6.0000,6.1300,5.9900,6.1200,6.0500,4226492,25701995.4400,3,0.718300,1,1.157000,0
2022-10-18,sz.002632,6.1300,6.1800,6.1000,6.1200,6.1200,4932892,30297687.8800,3,0.838300,1,0.000000,0
2022-10-19,sz.002632,6.1300,6.3000,6.1000,6.2000,6.1200,7310900,45542680.0000,3,1.242400,1,1.307200,0
2022-10-20,sz.002632,6.1400,6.2900,6.1000,6.2100,6.2000,5192800,32185142.0000,3,0.882500,1,0.161300,0
2022-10-21,sz.002632,6.2100,6.2800,6.1700,6.2200,6.2100,3100900,19314129.0000,3,0.527000,1,0.161000,0
2022-10-24,sz.002632,6.2200,6.4500,6.2100,6.2400,6.2200,8170800,51572998.0000,3,1.388600,1,0.321500,0
2022-10-25,sz.002632,6.2500,6.4300,6.1200,6.4000,6.2400,8594479,54296973.2200,3,1.460600,1,2.564100,0
2022-10-26,sz.002632,6.4000,6.4600,6.3000,6.4400,6.4000,7819100,49925856.0000,3,1.328800,1,0.625000,0
2022-10-27,sz.002632,6.4800,6.4800,6.2900,6.3300,6.4400,7010179,44734101.6000,3,1.191300,1,-1.708100,0
2022-10-28,sz.002632,6.3200,6.3800,6.0800,6.0900,6.3300,8598409,53499118.9000,3,1.461200,1,-3.791500,0
2022-10-31,sz.002632,6.0700,6.3000,6.0600,6.2100,6.0900,4813664,29820860.0000,3,0.818000,1,1.970400,0
2022-11-01,sz.002632,6.2900,6.3600,6.1800,6.3500,6.2100,5968064,37528061.7600,3,1.014200,1,2.254400,0
2022-11-02,sz.002632,6.5600,6.7100,6.4800,6.5300,6.3500,16414923,108078080.4500,3,2.789600,1,2.834600,0
2022-11-03,sz.002632,6.5400,6.5900,6.3800,6.4600,6.5300,9089000,58778243.0000,3,1.544600,1,-1.072000,0
2022-11-04,sz.002632,6.4900,6.6400,6.4600,6.6100,6.4600,8047100,52733582.0000,3,1.367500,1,2.322000,0
2022-11-07,sz.002632,6.6200,6.8800,6.5900,6.7700,6.6100,11390313,76498780.7500,3,1.935700,1,2.420600,0
2022-11-08,sz.002632,6.7900,7.1500,6.7800,6.8600,6.7700,22712347,157375680.4800,3,3.859800,1,1.329400,0
2022-11-09,sz.002632,6.7900,6.8900,6.7400,6.7800,6.8600,9977500,67791068.0000,3,1.695600,1,-1.166200,0
2022-11-10,sz.002632,6.8400,6.9600,6.7600,6.8900,6.7800,12722291,87478980.3500,3,2.162000,1,1.622400,0
2022-11-11,sz.002632,6.9700,7.0100,6.7700,6.7900,6.8900,12537300,85865281.0000,3,2.130600,1,-1.451400,0
2022-11-14,sz.002632,6.7900,6.7900,6.6000,6.6900,6.7900,7837200,52389585.0000,3,1.331900,1,-1.472800,0
2022-11-15,sz.002632,6.6500,6.7700,6.6400,6.7500,6.6900,6586600,44378447.0000,3,1.119300,1,0.896900,0
2022-11-16,sz.002632,6.7900,7.0000,6.7000,7.0000,6.7500,15237806,104576335.7500,3,2.589500,1,3.703700,0
2022-11-17,sz.002632,7.2000,7.7000,7.1100,7.7000,7.0000,15428387,116091657.8100,3,2.621900,1,10.000000,0
2022-11-18,sz.002632,8.0000,8.1500,7.2900,7.3000,7.7000,55088351,425627467.1100,3,9.361800,1,-5.194800,0
2022-11-21,sz.002632,7.1700,7.2500,6.9900,7.0900,7.3000,26388662,186344610.0200,3,4.484500,1,-2.876700,0
2022-11-22,sz.002632,7.0600,7.0800,6.7500,6.7900,7.0900,20073600,138415374.0000,3,3.411300,1,-4.231300,0
2022-11-23,sz.002632,6.8200,6.8600,6.5600,6.6700,6.7900,13292566,88812328.9400,3,2.259000,1,-1.767300,0
2022-11-24,sz.002632,6.7100,6.9900,6.6800,6.8800,6.6700,16234585,110729570.4300,3,2.758900,1,3.148400,0
2022-11-25,sz.002632,6.8500,6.8600,6.6300,6.6300,6.8800,11837940,79382305.0000,3,2.011800,1,-3.633700,0
2022-11-28,sz.002632,6.4500,6.7200,6.4300,6.7000,6.6300,8626988,57429705.4400,3,1.466100,1,1.055800,0
2022-11-29,sz.002632,6.6900,6.8400,6.6800,6.8100,6.7000,7968132,53859849.6400,3,1.354100,1,1.641800,0
2022-11-30,sz.002632,6.8900,7.0100,6.8000,6.9100,6.8100,11550492,79833660.5600,3,1.962900,1,1.468400,0
2022-12-01,sz.002632,6.9000,6.9900,6.8600,6.9200,6.9100,7221200,49882581.9400,3,1.227200,1,0.144700,0
2022-12-02,sz.002632,6.9400,7.0700,6.9000,7.0300,6.9200,10121700,70931742.0000,3,1.720100,1,1.589600,0
2022-12-05,sz.002632,7.0400,7.1100,6.9800,7.0400,7.0300,8123200,57084506.0000,3,1.380500,1,0.142200,0
2022-12-06,sz.002632,6.9900,7.1300,6.9300,7.0900,7.0400,8849870,62214787.4000,3,1.504000,1,0.710200,0
2022-12-07,sz.002632,7.0900,7.1900,7.0500,7.0900,7.0900,6700900,47655937.0000,3,1.138800,1,0.000000,0
2022-12-08,sz.002632,7.0700,7.1300,6.9900,6.9900,7.0900,6606000,46561695.0000,3,1.122600,1,-1.410400,0
2022-12-09,sz.002632,7.0500,7.0800,6.9600,6.9600,6.9900,5327400,37255010.0000,3,0.905300,1,-0.429200,0
2022-12-12,sz.002632,6.9100,7.0000,6.8600,6.9200,6.9600,6161800,42709300.0000,3,1.047100,1,-0.574700,0
2022-12-13,sz.002632,6.9200,7.0200,6.8900,6.9100,6.9200,4507695,31330592.2500,3,0.766000,1,-0.144500,0
2022-12-14,sz.002632,6.8700,6.9300,6.7800,6.8200,6.9100,5461700,37387767.0000,3,0.928200,1,-1.302500,0
2022-12-15,sz.002632,6.8700,6.9000,6.7700,6.8600,6.8200,3823300,26196290.0000,3,0.649700,1,0.586500,0
2022-12-16,sz.002632,6.8800,6.8900,6.6600,6.7100,6.8600,4830500,32532793.0000,3,0.820900,1,-2.186600,0
2022-12-19,sz.002632,6.7100,6.7500,6.5700,6.6000,6.7100,4515400,29895755.0000,3,0.767400,1,-1.639300,0
2022-12-20,sz.002632,6.5500,6.6500,6.4900,6.6000,6.6000,3062100,20146474.0000,3,0.520400,1,0.000000,0
2022-12-21,sz.002632,6.6200,6.6200,6.4600,6.5100,6.6000,3400800,22180621.0000,3,0.577900,1,-1.363600,0
2022-12-22,sz.002632,6.5300,6.5800,6.4000,6.4200,6.5100,3962500,25700155.0000,3,0.673400,1,-1.382500,0
2022-12-23,sz.002632,6.4100,6.4800,6.3500,6.4000,6.4200,4060400,26006210.0000,3,0.690000,1,-0.311500,0
2022-12-26,sz.002632,6.4000,6.5200,6.3700,6.5100,6.4000,2801760,18188604.0000,3,0.476100,1,1.718800,0
2022-12-27,sz.002632,6.5300,6.5800,6.4900,6.5400,6.5100,3196300,20880913.0000,3,0.543200,1,0.460800,0
2022-12-28,sz.002632,6.5100,6.5500,6.4100,6.4600,6.5400,3285200,21222078.0000,3,0.558300,1,-1.223200,0
2022-12-29,sz.002632,6.4800,6.4900,6.3100,6.3200,6.4600,3195100,20390774.0000,3,0.543000,1,-2.167200,0
2022-12-30,sz.002632,6.3400,6.4100,6.2700,6.3800,6.3200,3297600,20940838.0000,3,0.560400,1,0.949400,0
2023-01-03,sz.002632,6.4100,6.5700,6.3500,6.5600,6.3800,4062200,26328307.0000,3,0.690300,1,2.821300,0
2023-01-04,sz.002632,6.6000,6.6400,6.5500,6.6100,6.5600,4798000,31637304.0000,3,0.815400,1,0.762200,0
2023-01-05,sz.002632,6.5700,6.7000,6.5700,6.6900,6.6100,4187600,27805650.0000,3,0.711600,1,1.210300,0
2023-01-06,sz.002632,6.6500,6.8400,6.6400,6.7500,6.6900,4857100,32876916.0000,3,0.825400,1,0.896900,0
2023-01-09,sz.002632,6.7600,6.8900,6.7600,6.8200,6.7500,3666071,24995880.9300,3,0.623000,1,1.037000,0
2023-01-10,sz.002632,6.8200,7.0000,6.7400,6.9600,6.8200,8613500,59485881.0000,3,1.463800,1,2.052800,0
2023-01-11,sz.002632,7.5500,7.6000,7.0600,7.0900,6.9600,39579188,287329435.3200,3,6.726100,1,1.867800,0
2023-01-12,sz.002632,7.1000,7.2900,6.9800,7.1000,7.0900,23246400,166093987.0000,3,3.950500,1,0.141000,0
2023-01-13,sz.002632,7.2100,7.3800,7.1600,7.1800,7.1000,17096395,124354007.9500,3,2.905400,1,1.126800,0
2023-01-16,sz.002632,7.2500,7.3400,7.1600,7.3300,7.1800,13551100,98395349.0000,3,2.302900,1,2.089100,0
2023-01-17,sz.002632,7.2900,7.4000,7.2500,7.3700,7.3300,9812868,71960745.8000,3,1.667600,1,0.545700,0
2023-01-18,sz.002632,7.4300,7.4300,7.2500,7.2800,7.3700,7609000,55439556.0000,3,1.293100,1,-1.221200,0
2023-01-19,sz.002632,7.2800,7.3900,7.1700,7.3300,7.2800,8755300,63871700.0000,3,1.487900,1,0.686800,0
2023-01-20,sz.002632,7.2700,7.3900,7.2700,7.3700,7.3300,6995500,51386363.0000,3,1.188800,1,0.545700,0
2023-01-30,sz.002632,7.3800,7.5900,7.3800,7.5700,7.3700,9361800,70434673.0000,3,1.591000,1,2.713700,0
2023-01-31,sz.002632,7.5800,7.5900,7.4300,7.5600,7.5700,6950500,52184858.0000,3,1.181200,1,-0.132100,0
2023-02-01,sz.002632,7.5600,7.6700,7.5000,7.6500,7.5600,6869800,52245789.0000,3,1.167500,1,1.190500,0
2023-02-02,sz.002632,7.6500,7.7400,7.5600,7.6500,7.6500,7069944,54151351.1600,3,1.201500,1,0.000000,0
2023-02-03,sz.002632,7.6600,7.7100,7.5200,7.6000,7.6500,6752800,51264720.5600,3,1.147600,1,-0.653600,0
2023-02-06,sz.002632,7.5500,7.7100,7.5100,7.5400,7.6000,6008068,45610425.4000,3,1.021000,1,-0.789500,0
2023-02-07,sz.002632,7.5700,7.6700,7.5000,7.6600,7.5400,7162572,54349681.7200,3,1.217200,1,1.591500,0
2023-02-08,sz.002632,7.6800,8.1800,7.6300,7.8000,7.6600,20439769,160883471.3700,3,3.473600,1,1.827700,0
2023-02-09,sz.002632,7.7500,8.0700,7.7100,7.9300,7.8000,20765000,164334023.0000,3,3.528800,1,1.666700,0
2023-02-10,sz.002632,7.8300,8.2500,7.8300,8.1000,7.9300,21428200,172804137.0000,3,3.641500,1,2.143800,0
2023-02-13,sz.002632,8.0700,8.1000,7.8900,7.9700,8.1000,18177500,144550304.0000,3,3.089100,1,-1.604900,0
2023-02-14,sz.002632,7.9600,8.2500,7.8600,8.0500,7.9700,19423136,156032193.8000,3,3.300800,1,1.003800,0
2023-02-15,sz.002632,7.9800,8.2000,7.9500,8.1300,8.0500,15472900,125412008.0000,3,2.629500,1,0.993800,0
2023-02-16,sz.002632,8.0800,8.1400,7.7100,7.7900,8.1300,17576028,139414725.3600,3,2.986900,1,-4.182000,0
2023-02-17,sz.002632,7.7800,8.0300,7.7800,7.9300,7.7900,13724147,108992060.3000,3,2.332300,1,1.797200,0
2023-02-20,sz.002632,7.9800,8.0600,7.8000,8.0200,7.9300,9261528,73464480.0800,3,1.573900,1,1.134900,0
2023-02-21,sz.002632,8.0100,8.0200,7.8800,7.9100,8.0200,6640536,52725399.2000,3,1.128500,1,-1.371600,0
2023-02-22,sz.002632,7.9000,8.0100,7.8100,7.9900,7.9100,6539600,51963967.0000,3,1.111300,1,1.011400,0
2023-02-23,sz.002632,7.9900,7.9900,7.8300,7.8700,7.9900,6144000,48444178.0000,3,1.044100,1,-1.501900,0
2023-02-24,sz.002632,7.8800,7.9200,7.7400,7.8300,7.8700,5002444,39156301.1300,3,0.850100,1,-0.508300,0
2023-02-27,sz.002632,7.8400,7.8400,7.6200,7.7100,7.8300,6547800,50484685.0000,3,1.112700,1,-1.532600,0
2023-02-28,sz.002632,7.7200,7.8200,7.6600,7.7300,7.7100,5373668,41496110.5600,3,0.913200,1,0.259400,0
2023-03-01,sz.002632,7.7500,7.8500,7.6900,7.8500,7.7300,5248400,40981979.0000,3,0.891900,1,1.552400,0
2023-03-02,sz.002632,7.8800,7.8800,7.6700,7.7000,7.8500,6122600,47383797.0000,3,1.040500,1,-1.910800,0
2023-03-03,sz.002632,7.7300,7.7600,7.6500,7.7100,7.7000,4033600,31124879.0000,3,0.685500,1,0.129900,0
2023-03-06,sz.002632,7.7100,7.7300,7.5500,7.6200,7.7100,5202400,39628552.0000,3,0.884100,1,-1.167300,0
2023-03-07,sz.002632,7.6200,7.7000,7.4600,7.4700,7.6200,4867000,36782305.0000,3,0.827100,1,-1.968500,0
2023-03-08,sz.002632,7.4800,7.6300,7.4300,7.6200,7.4700,4923200,37126395.0000,3,0.836700,1,2.008000,0
2023-03-09,sz.002632,7.6000,7.7400,7.5200,7.6700,7.6200,4034300,30763676.0000,3,0.685600,1,0.656200,0
2023-03-10,sz.002632,7.6000,7.6500,7.4800,7.5400,7.6700,4806400,36234863.0000,3,0.816800,1,-1.694900,0
2023-03-13,sz.002632,7.4800,7.5500,7.3700,7.5200,7.5400,3475220,25920927.0000,3,0.590600,1,-0.265300,0
2023-03-14,sz.002632,7.4600,7.5000,7.2800,7.3000,7.5200,5355300,39378911.0000,3,0.910100,1,-2.925500,0
2023-03-15,sz.002632,7.3200,7.5700,7.3200,7.4500,7.3000,5977300,44734063.0000,3,1.015800,1,2.054800,0
2023-03-16,sz.002632,7.4300,7.4800,7.3000,7.3200,7.4500,3573600,26420238.0000,3,0.607300,1,-1.745000,0
2023-03-17,sz.002632,7.3900,7.5100,7.3500,7.4200,7.3200,3488600,25915071.0000,3,0.592900,1,1.366100,0
2023-03-20,sz.002632,7.4000,7.5300,7.3900,7.4400,7.4200,6023100,44903538.0000,3,1.023600,1,0.269500,0
2023-03-21,sz.002632,7.4300,7.6400,7.0500,7.6400,7.4400,5645900,42594101.0000,3,0.959500,1,2.688200,0
2023-03-22,sz.002632,7.6300,7.7200,7.5900,7.6600,7.6400,4364100,33402124.0000,3,0.741600,1,0.261800,0
2023-03-23,sz.002632,7.6700,7.7100,7.6000,7.6800,7.6600,4260500,32653071.0000,3,0.724000,1,0.261100,0
2023-03-24,sz.002632,7.6800,7.7400,7.6100,7.7300,7.6800,4867500,37402136.0000,3,0.827200,1,0.651000,0
2023-03-27,sz.002632,7.7300,7.7400,7.5300,7.6200,7.7300,4797500,36529477.0000,3,0.815300,1,-1.423000,0
2023-03-28,sz.002632,7.6300,7.6400,7.5100,7.5200,7.6200,4039700,30552683.0000,3,0.686500,1,-1.312300,0
2023-03-29,sz.002632,7.5600,7.5900,7.4100,7.5400,7.5200,5070000,38026047.0000,3,0.861600,1,0.266000,0
2023-03-30,sz.002632,7.4900,7.5800,7.3100,7.3500,7.5400,5077700,37392640.0000,3,0.862900,1,-2.519900,0
2023-03-31,sz.002632,7.3800,7.4700,7.3500,7.4400,7.3500,3555700,26393900.0000,3,0.604300,1,1.224500,0
2023-04-03,sz.002632,7.5400,7.5400,7.3800,7.4100,7.4400,4686300,34862668.0000,3,0.796400,1,-0.403200,0
2023-04-04,sz.002632,7.4100,7.4800,7.2900,7.3400,7.4100,6683400,49146724.0000,3,1.135800,1,-0.944700,0
2023-04-06,sz.002632,7.3200,7.3500,7.2200,7.3100,7.3400,5075300,36918532.0000,3,0.862500,1,-0.408700,0
2023-04-07,sz.002632,7.3000,7.4800,7.3000,7.3800,7.3100,6764504,50030000.6000,3,1.149600,1,0.957600,0
2023-04-10,sz.002632,7.3500,7.4300,7.1700,7.2200,7.3800,7803200,56583850.0000,3,1.326100,1,-2.168000,0
2023-04-11,sz.002632,7.2400,7.2800,7.0900,7.2600,7.2200,4248000,30649484.0000,3,0.721900,1,0.554000,0
2023-04-12,sz.002632,7.2600,7.2800,7.1700,7.2200,7.2600,4229200,30504948.0000,3,0.718700,1,-0.551000,0
2023-04-13,sz.002632,7.2300,7.2600,7.1000,7.1200,7.2200,5078700,36376152.0000,3,0.863100,1,-1.385000,0
2023-04-14,sz.002632,7.1700,7.2200,7.1000,7.1800,7.1200,3635200,26022153.0000,3,0.617800,1,0.842700,0
2023-04-17,sz.002632,7.1600,7.2500,7.1000,7.2300,7.1800,6388800,45918123.0000,3,1.085700,1,0.696400,0
2023-04-18,sz.002632,7.2200,7.2500,7.0300,7.0800,7.2300,5539000,39299920.0000,3,0.941300,1,-2.074700,0
2023-04-19,sz.002632,7.0300,7.1400,7.0300,7.0700,7.0800,4051600,28754798.0000,3,0.688500,1,-0.141200,0
2023-04-20,sz.002632,7.0100,7.0600,6.9000,6.9800,7.0700,4378900,30570650.0000,3,0.744200,1,-1.273000,0
2023-04-21,sz.002632,6.9800,7.0500,6.8100,6.8200,6.9800,4378900,30184120.0000,3,0.744200,1,-2.292300,0
2023-04-24,sz.002632,6.8300,7.0500,6.7900,6.9500,6.8200,4159804,28772778.4800,3,0.706900,1,1.906200,0
2023-04-25,sz.002632,6.7700,6.9500,6.4400,6.5100,6.9500,18178200,119713129.4500,3,3.089200,1,-6.330900,0
2023-04-26,sz.002632,6.5100,6.7400,6.4400,6.6500,6.5100,10302400,68049381.0000,3,1.750800,1,2.150500,0
2023-04-27,sz.002632,6.6800,6.8700,6.6300,6.7400,6.6500,8003800,54179095.0000,3,1.360200,1,1.353400,0
2023-04-28,sz.002632,6.7500,6.9200,6.7400,6.9000,6.7400,7030400,48252420.9800,3,1.194800,1,2.373900,0
2023-05-04,sz.002632,6.8500,6.9500,6.8400,6.9400,6.9000,7308080,50404514.4000,3,1.241900,1,0.579700,0
2023-05-05,sz.002632,6.9000,6.9500,6.7900,6.8200,6.9400,7142300,48870932.0000,3,1.213800,1,-1.729100,0
2023-05-08,sz.002632,6.8200,6.9700,6.8200,6.9100,6.8200,6244500,43165830.0000,3,1.061200,1,1.319600,0
2023-05-09,sz.002632,6.9200,6.9200,6.7400,6.7700,6.9100,6647191,45217857.7600,3,1.129600,1,-2.026000,0
2023-05-10,sz.002632,6.7500,6.8600,6.7100,6.8500,6.7700,4879100,33206188.0000,3,0.829200,1,1.181700,0
2023-05-11,sz.002632,6.9000,6.9200,6.8200,6.9100,6.8500,3531840,24323006.6000,3,0.600200,1,0.875900,0
2023-05-12,sz.002632,6.8800,6.9300,6.7900,6.8100,6.9100,3609100,24723046.0000,3,0.613300,1,-1.447200,0
2023-05-15,sz.002632,6.8100,6.9900,6.7600,6.9800,6.8100,5694800,39394203.0000,3,0.967800,1,2.496300,0
2023-05-16,sz.002632,6.9800,7.2000,6.9200,7.0000,6.9800,8953000,62997210.7900,3,1.521500,1,0.286500,0
2023-05-17,sz.002632,7.0000,7.1300,6.8900,7.1100,7.0000,7862220,55209306.8000,3,1.336100,1,1.571400,0
2023-05-18,sz.002632,7.2100,7.2200,7.0900,7.1800,7.1100,6146522,43956028.5200,3,1.044500,1,0.984500,0
2023-05-19,sz.002632,7.1500,7.3000,7.1400,7.2800,7.1800,5093955,36902019.4000,3,0.865700,1,1.392800,0
2023-05-22,sz.002632,7.2700,7.2700,7.1300,7.1900,7.2800,5861800,42109776.0000,3,0.996200,1,-1.236300,0
2023-05-23,sz.002632,7.1900,7.2000,7.1100,7.1100,7.1900,4194300,30008425.0000,3,0.712800,1,-1.112700,0
2023-05-24,sz.002632,7.1000,7.2100,7.0900,7.1400,7.1100,6419413,45959745.8200,3,1.090900,1,0.421900,0
2023-05-25,sz.002632,6.6700,6.7300,6.5200,6.7000,6.6900,6185013,41213855.7100,3,1.051100,1,0.149500,0
2023-05-26,sz.002632,6.7300,6.7500,6.6000,6.7400,6.7000,4054100,27168763.0000,3,0.689000,1,0.597000,0
2023-05-29,sz.002632,6.7400,6.8100,6.6300,6.6700,6.7400,3714800,24849179.0000,3,0.631300,1,-1.038600,0
2023-05-30,sz.002632,6.6800,6.7600,6.6100,6.6900,6.6700,2904100,19356626.0000,3,0.493500,1,0.299900,0
2023-05-31,sz.002632,6.7200,7.0000,6.6100,6.8900,6.6900,13030258,89034168.1300,3,2.214400,1,2.989500,0
2023-06-01,sz.002632,7.1500,7.3500,6.8900,7.1700,6.8900,31277793,222905064.8800,3,5.315400,1,4.063900,0
2023-06-02,sz.002632,7.8900,7.8900,7.2300,7.3000,7.1700,57609125,438956682.8000,3,9.790200,1,1.813100,0
2023-06-05,sz.002632,7.1100,7.4700,7.0900,7.2400,7.3000,39249825,286109634.7600,3,6.670200,1,-0.821900,0
2023-06-06,sz.002632,7.1300,7.1900,6.7700,6.7700,7.2400,29802340,205733203.0000,3,5.064700,1,-6.491700,0
2023-06-07,sz.002632,6.7500,6.8300,6.6700,6.7200,6.7700,14759418,99517249.4200,3,2.508200,1,-0.738600,0
2023-06-08,sz.002632,6.7200,6.7700,6.5600,6.6000,6.7200,12664300,83999378.0000,3,2.152200,1,-1.785700,0
2023-06-09,sz.002632,6.6000,6.7400,6.5900,6.7200,6.6000,10866000,72442521.0000,3,1.846600,1,1.818200,0
2023-06-12,sz.002632,6.7000,6.9800,6.6600,6.8200,6.7200,11816700,80950199.0000,3,2.008100,1,1.488100,0
2023-06-13,sz.002632,6.8300,7.1300,6.8200,6.9700,6.8200,13783800,96114661.0000,3,2.342400,1,2.199400,0
2023-06-14,sz.002632,6.9000,7.0200,6.8600,6.9300,6.9700,8133400,56448132.0000,3,1.382200,1,-0.573900,0
2023-06-15,sz.002632,6.9000,6.9900,6.8700,6.9800,6.9300,7510940,52071939.4000,3,1.276400,1,0.721500,0
2023-06-16,sz.002632,6.9500,7.0200,6.9300,6.9800,6.9800,6277400,43761019.0000,3,1.066800,1,0.000000,0
2023-06-19,sz.002632,6.9800,7.0300,6.9000,6.9300,6.9800,6324500,43998118.0000,3,1.074800,1,-0.716300,0
2023-06-20,sz.002632,6.9200,7.0100,6.8900,6.9200,6.9300,4879300,33858107.0000,3,0.829200,1,-0.144300,0
2023-06-21,sz.002632,6.9200,6.9600,6.8200,6.8400,6.9200,5042800,34692095.0000,3,0.857000,1,-1.156100,0
2023-06-26,sz.002632,6.8300,6.8700,6.7200,6.7500,6.8400,4787000,32492152.9600,3,0.813500,1,-1.315800,0
2023-06-27,sz.002632,6.7500,6.9600,6.7300,6.9200,6.7500,4709800,32468898.0000,3,0.800400,1,2.518500,0
2023-06-28,sz.002632,6.9300,6.9300,6.6900,6.8700,6.9200,5234200,35645125.0000,3,0.889500,1,-0.722500,0
2023-06-29,sz.002632,6.8500,7.0200,6.8100,6.9900,6.8700,7486900,52193318.0000,3,1.272300,1,1.746700,0
2023-06-30,sz.002632,7.0000,7.3900,6.9800,7.2800,6.9900,16712101,120827137.1200,3,2.877400,1,4.148800,0
2023-07-03,sz.002632,7.2700,7.5100,7.2500,7.3300,7.2800,12106607,89437994.6500,3,2.057400,1,0.686800,0
2023-07-04,sz.002632,7.3600,7.5200,7.3300,7.4500,7.3300,8570600,63807256.0000,3,1.456500,1,1.637100,0
2023-07-05,sz.002632,7.4300,7.4900,7.3300,7.3400,7.4500,7262300,53651280.0000,3,1.234200,1,-1.476500,0
2023-07-06,sz.002632,7.3100,7.4800,7.3100,7.4100,7.3400,5843550,43294559.0000,3,0.993100,1,0.953700,0
2023-07-07,sz.002632,7.4100,7.5400,7.3700,7.4200,7.4100,7123200,53138078.5000,3,1.210500,1,0.135000,0
2023-07-10,sz.002632,7.4200,7.4800,7.3000,7.3200,7.4200,5028700,36966139.0000,3,0.854600,1,-1.347700,0
2023-07-11,sz.002632,7.3700,7.4600,7.2900,7.4300,7.3200,4035400,29837038.0000,3,0.685800,1,1.502700,0
2023-07-12,sz.002632,7.4500,7.4700,7.2900,7.3200,7.4300,8043200,59283354.0000,3,1.366900,1,-1.480500,0
2023-07-13,sz.002632,7.3800,7.3800,7.2300,7.3000,7.3200,5471500,39970522.0000,3,0.929800,1,-0.273200,0
2023-07-14,sz.002632,7.3400,7.3400,7.2100,7.2800,7.3000,4916400,35764183.0000,3,0.835500,1,-0.274000,0
2023-07-17,sz.002632,7.2400,7.3100,7.1700,7.2400,7.2800,4201900,30413438.0000,3,0.714100,1,-0.549500,0
2023-07-18,sz.002632,7.2700,7.3300,7.1700,7.2700,7.2400,4485000,32563229.0000,3,0.762200,1,0.414400,0
2023-07-19,sz.002632,7.2500,7.3300,7.2200,7.2600,7.2700,3890000,28252523.0000,3,0.661100,1,-0.137600,0
2023-07-20,sz.002632,7.2600,7.2900,7.0800,7.1100,7.2600,5630900,40334216.0000,3,0.956900,1,-2.066100,0
2023-07-21,sz.002632,7.1600,7.1600,7.0200,7.0500,7.1100,3882900,27446307.0000,3,0.659900,1,-0.843900,0
2023-07-24,sz.002632,7.0600,7.0900,6.9600,6.9900,7.0500,3766200,26395582.0000,3,0.640000,1,-0.851100,0
2023-07-25,sz.002632,7.0800,7.2000,7.0100,7.2000,6.9900,4517400,32159539.0000,3,0.767700,1,3.004300,0
2023-07-26,sz.002632,7.1900,7.1900,6.9500,6.9800,7.2000,6094500,42751756.0000,3,1.035700,1,-3.055600,0
2023-07-27,sz.002632,6.9700,7.1300,6.9100,6.9500,6.9800,11137100,77863616.0000,3,1.892700,1,-0.429800,0
2023-07-28,sz.002632,6.9400,7.0300,6.8200,7.0100,6.9500,6062700,42097418.0000,3,1.030300,1,0.863300,0
2023-07-31,sz.002632,7.0200,7.1200,7.0200,7.0700,7.0100,6197000,43790554.0000,3,1.053100,1,0.855900,0
2023-08-01,sz.002632,7.0700,7.5800,6.9900,7.3500,7.0700,18961400,138366108.0000,3,3.222300,1,3.960400,0
2023-08-02,sz.002632,7.3000,7.4800,7.1200,7.1500,7.3500,18989100,137930081.0000,3,3.227000,1,-2.721100,0
2023-08-03,sz.002632,7.0700,7.0800,6.9100,6.9600,7.1500,11789000,82236271.0000,3,2.003400,1,-2.657300,0
2023-08-04,sz.002632,6.9500,7.0200,6.8900,6.9300,6.9600,8641900,59854429.0000,3,1.468600,1,-0.431000,0
2023-08-07,sz.002632,6.9300,6.9500,6.8400,6.8700,6.9300,4774700,32879997.0000,3,0.811400,1,-0.865800,0
2023-08-08,sz.002632,6.8700,6.8800,6.7900,6.8800,6.8700,3920200,26816392.0000,3,0.666200,1,0.145600,0
2023-08-09,sz.002632,6.8500,6.8500,6.7400,6.7600,6.8800,4119900,27928307.0000,3,0.700100,1,-1.744200,0
2023-08-10,sz.002632,6.7700,6.8100,6.7400,6.7900,6.7600,2321500,15732745.0000,3,0.394500,1,0.443800,0
2023-08-11,sz.002632,6.8000,6.8000,6.6600,6.6700,6.7900,3957831,26625430.0100,3,0.672600,1,-1.767300,0
2023-08-14,sz.002632,6.6600,6.7500,6.6100,6.7500,6.6700,3540672,23663529.0800,3,0.601700,1,1.199400,0
2023-08-15,sz.002632,6.7500,6.7500,6.6700,6.7100,6.7500,2481700,16634379.0000,3,0.421700,1,-0.592600,0
2023-08-16,sz.002632,6.7100,6.7100,6.5900,6.6000,6.7100,2695000,17907960.0000,3,0.458000,1,-1.639300,0
2023-08-17,sz.002632,6.6000,6.7400,6.5400,6.7300,6.6000,3155100,21050697.0000,3,0.536200,1,1.969700,0
2023-08-18,sz.002632,6.7000,6.7800,6.6800,6.6800,6.7300,3001400,20218282.0000,3,0.510100,1,-0.742900,0
2023-08-21,sz.002632,6.6800,6.7900,6.6400,6.6500,6.6800,3129700,21003853.0000,3,0.531900,1,-0.449100,0
2023-08-22,sz.002632,6.7500,6.7900,6.5300,6.6800,6.6500,5255000,34843916.0000,3,0.904800,1,0.451100,0
2023-08-23,sz.002632,6.6800,6.7000,6.5800,6.5900,6.6800,3083900,20451618.0000,3,0.531000,1,-1.347300,0
2023-08-24,sz.002632,6.6500,6.6600,6.5100,6.5600,6.5900,2900600,19080198.0000,3,0.499400,1,-0.455200,0
2023-08-25,sz.002632,6.5200,6.6500,6.4300,6.4800,6.5600,4182100,27324105.0000,3,0.720100,1,-1.219500,0
2023-08-28,sz.002632,6.7600,6.8000,6.5700,6.5900,6.4800,6961770,46730017.3000,3,1.198700,1,1.697500,0
2023-08-29,sz.002632,6.5900,6.8900,6.5800,6.8500,6.5900,6401500,43440275.0000,3,1.102200,1,3.945400,0
2023-08-30,sz.002632,6.8900,6.9800,6.8500,6.9300,6.8500,5872200,40641214.0000,3,1.011100,1,1.167900,0
2023-08-31,sz.002632,6.9200,6.9300,6.8300,6.9100,6.9300,3543500,24422049.0000,3,0.610100,1,-0.288600,0
2023-09-01,sz.002632,6.8900,6.9400,6.8400,6.9100,6.9100,3030400,20840695.0000,3,0.521800,1,0.000000,0
2023-09-04,sz.002632,6.9300,7.0300,6.8800,7.0100,6.9100,4724200,32916847.0000,3,0.813400,1,1.447200,0
2023-09-05,sz.002632,6.9900,7.0400,6.9500,7.0000,7.0100,3626304,25364564.8400,3,0.624400,1,-0.142700,0
2023-09-06,sz.002632,6.9800,7.1200,6.9800,7.0900,7.0000,5881004,41647049.1600,3,1.012600,1,1.285700,0
2023-09-07,sz.002632,7.0900,7.1500,7.0100,7.0100,7.0900,5747300,40564034.0000,3,0.989500,1,-1.128300,0
2023-09-08,sz.002632,7.0100,7.0800,6.9600,7.0500,7.0100,4198400,29529598.0000,3,0.722900,1,0.570600,0
2023-09-11,sz.002632,6.9700,7.1900,6.9700,7.1200,7.0500,6776800,48190100.6000,3,1.166800,1,0.992900,0
2023-09-12,sz.002632,7.1100,7.1800,7.0000,7.1100,7.1200,6746200,47776441.0000,3,1.161500,1,-0.140400,0
2023-09-13,sz.002632,7.0500,7.0900,6.9400,7.0100,7.1100,5386855,37716737.3500,3,0.927500,1,-1.406500,0
2023-09-14,sz.002632,7.0000,7.0200,6.9000,6.9300,7.0100,3021400,21011732.0000,3,0.520200,1,-1.141200,0
2023-09-15,sz.002632,6.9600,6.9900,6.8900,6.9400,6.9300,2525900,17514562.0000,3,0.434900,1,0.144300,0
2023-09-18,sz.002632,6.9100,7.0500,6.8500,7.0100,6.9400,4211000,29489507.0000,3,0.725000,1,1.008600,0
2023-09-19,sz.002632,7.0200,7.0400,6.8600,6.8900,7.0100,3403500,23495284.0000,3,0.586000,1,-1.711800,0
2023-09-20,sz.002632,6.8400,6.9100,6.8000,6.8100,6.8900,2888300,19782915.0000,3,0.497300,1,-1.161100,0
2023-09-21,sz.002632,6.7700,6.8700,6.7500,6.7900,6.8100,2161900,14702538.0000,3,0.372200,1,-0.293700,0
2023-09-22,sz.002632,6.7600,6.9100,6.7300,6.9000,6.7900,4065500,27777107.0000,3,0.700000,1,1.620000,0
2023-09-25,sz.002632,6.9100,6.9300,6.7800,6.8200,6.9000,4387600,30021891.0000,3,0.755400,1,-1.159400,0
2023-09-26,sz.002632,6.8200,6.8500,6.7100,6.7400,6.8200,3148800,21261634.0000,3,0.542100,1,-1.173000,0
2023-09-27,sz.002632,6.7900,6.8300,6.6800,6.7700,6.7400,4032900,27342884.0000,3,0.694400,1,0.445100,0
2023-09-28,sz.002632,6.8000,6.9800,6.7700,6.9600,6.7700,4649600,32136771.0000,3,0.800600,1,2.806500,0
2023-10-09,sz.002632,6.9400,7.0000,6.8800,6.9700,6.9600,5998831,41640257.1400,3,1.032900,1,0.143700,0
2023-10-10,sz.002632,6.9600,7.0000,6.8900,6.9900,6.9700,4141824,28840856.2800,3,0.713100,1,0.286900,0
2023-10-11,sz.002632,6.9700,7.2800,6.8900,7.1400,6.9900,14908800,106402397.0000,3,2.566900,1,2.145900,0
2023-10-12,sz.002632,7.1400,7.2200,7.0500,7.2100,7.1400,12047400,86401620.0000,3,2.074300,1,0.980400,0
2023-10-13,sz.002632,7.1400,7.2800,7.1300,7.1700,7.2100,10784025,77754441.2500,3,1.856800,1,-0.554800,0
2023-10-16,sz.002632,7.1700,7.2600,7.0800,7.1300,7.1700,8251807,58866626.7700,3,1.420800,1,-0.557900,0
2023-10-17,sz.002632,7.1800,7.1800,7.0600,7.0900,7.1300,4087600,29036970.9300,3,0.703800,1,-0.561000,0
2023-10-18,sz.002632,7.0900,7.1000,6.9400,6.9400,7.0900,4977431,34813365.5900,3,0.857000,1,-2.115700,0
2023-10-19,sz.002632,6.9000,7.0300,6.8400,6.8600,6.9400,4657501,32243572.9600,3,0.801900,1,-1.152700,0
2023-10-20,sz.002632,6.8700,6.9000,6.7500,6.7700,6.8600,4785200,32536752.0000,3,0.823900,1,-1.312000,0
2023-10-23,sz.002632,6.7000,6.7600,6.4400,6.4900,6.7700,7191100,47229024.0000,3,1.238100,1,-4.135900,0
2023-10-24,sz.002632,6.5300,6.8300,6.5300,6.7700,6.4900,7122500,47743587.0000,3,1.226300,1,4.314300,0
2023-10-25,sz.002632,6.8200,6.9600,6.7900,6.9300,6.7700,5054200,34822344.0000,3,0.870200,1,2.363400,0
2023-10-26,sz.002632,6.8900,6.9400,6.7500,6.9300,6.9300,5418200,37039189.0000,3,0.932900,1,0.000000,0
2023-10-27,sz.002632,6.9000,7.0900,6.8000,7.0400,6.9300,6756500,47141636.0000,3,1.163300,1,1.587300,0
2023-10-30,sz.002632,6.9800,7.1700,6.9800,7.1300,7.0400,11585900,82551970.0000,3,1.994800,1,1.278400,0
2023-10-31,sz.002632,7.1300,7.2100,7.0500,7.1100,7.1300,7575300,54011171.0000,3,1.304300,1,-0.280500,0
2023-11-01,sz.002632,7.1000,7.1800,7.0300,7.1500,7.1100,5818304,41513640.6400,3,1.001800,1,0.562600,0
2023-11-02,sz.002632,7.1300,7.1900,7.0500,7.0700,7.1500,5320400,37836308.0000,3,0.916000,1,-1.118900,0
2023-11-03,sz.002632,7.0800,7.1900,7.0500,7.1100,7.0700,5024900,35866818.0000,3,0.865200,1,0.565800,0
2023-11-06,sz.002632,7.1900,7.2100,7.1000,7.2000,7.1100,6306900,45235266.0000,3,1.085900,1,1.265800,0
2023-11-07,sz.002632,7.1900,7.3400,7.1500,7.3200,7.2000,7799300,56814572.0000,3,1.342900,1,1.666700,0
2023-11-08,sz.002632,7.3100,7.3300,7.1800,7.2200,7.3200,6125200,44352716.0000,3,1.054600,1,-1.366100,0
2023-11-09,sz.002632,7.2100,7.2400,7.1200,7.1700,7.2200,4675660,33496114.0000,3,0.805000,1,-0.692500,0
2023-11-10,sz.002632,7.1000,7.2100,7.1000,7.1900,7.1700,4786400,34326392.0000,3,0.824100,1,0.278900,0
2023-11-13,sz.002632,7.1900,7.3400,7.1800,7.3100,7.1900,6529200,47462151.0000,3,1.124200,1,1.669000,0
2023-11-14,sz.002632,7.2700,7.3200,7.2200,7.3000,7.3100,5065900,36843154.0000,3,0.872200,1,-0.136800,0
2023-11-15,sz.002632,7.3100,7.3800,7.2700,7.3300,7.3000,4633000,33979192.0000,3,0.797700,1,0.411000,0
2023-11-16,sz.002632,7.3100,7.3800,7.2500,7.2900,7.3300,5009118,36595083.6200,3,0.862500,1,-0.545700,0
2023-11-17,sz.002632,7.3000,7.3900,7.2300,7.3700,7.2900,5390500,39545859.0000,3,0.928100,1,1.097400,0
2023-11-20,sz.002632,7.3700,7.4700,7.3100,7.4400,7.3700,6128500,45383137.0000,3,1.055200,1,0.949800,0
2023-11-21,sz.002632,7.4200,7.9800,7.4200,7.5800,7.4400,23989400,184250797.0000,3,4.130400,1,1.881700,0
2023-11-22,sz.002632,7.5200,7.5700,7.3500,7.3800,7.5800,16721560,124719217.0000,3,2.879100,1,-2.638500,0
2023-11-23,sz.002632,7.4100,7.5800,7.3300,7.5300,7.3800,10323800,77237361.0000,3,1.777500,1,2.032500,0
2023-11-24,sz.002632,7.5100,7.5300,7.3200,7.3800,7.5300,8578000,63386648.0000,3,1.476900,1,-1.992000,0
2023-11-27,sz.002632,7.4600,7.8600,7.3500,7.7400,7.3800,21827431,167786064.7200,3,3.758200,1,4.878000,0
2023-11-28,sz.002632,7.6500,7.8300,7.5900,7.7000,7.7400,17288374,133195661.3500,3,2.976600,1,-0.516800,0
2023-11-29,sz.002632,7.7000,7.8800,7.6500,7.7400,7.7000,13105000,101382164.0000,3,2.256400,1,0.519500,0
2023-11-30,sz.002632,7.6900,7.6900,7.5100,7.6000,7.7400,11293800,85669345.0000,3,1.944500,1,-1.808800,0
2023-12-01,sz.002632,7.5900,7.6500,7.5200,7.5900,7.6000,7968100,60433063.0000,3,1.371900,1,-0.131600,0
2023-12-04,sz.002632,7.5700,7.7600,7.5200,7.7500,7.5900,10569000,81207693.7100,3,1.819700,1,2.108000,0
2023-12-05,sz.002632,7.7200,7.7200,7.5100,7.5300,7.7500,10277331,78073734.3600,3,1.769500,1,-2.838700,0
2023-12-06,sz.002632,7.5200,7.6300,7.4700,7.5100,7.5300,8870974,66969899.8800,3,1.527400,1,-0.265600,0
2023-12-07,sz.002632,7.5000,7.5500,7.3800,7.4100,7.5100,8012300,59523818.0000,3,1.379500,1,-1.331600,0
2023-12-08,sz.002632,7.3900,7.4900,7.2700,7.2900,7.4100,7539300,55481674.0000,3,1.298100,1,-1.619400,0
2023-12-11,sz.002632,7.2500,7.4700,7.2100,7.4200,7.2900,7025024,51839422.0800,3,1.209500,1,1.783300,0
2023-12-12,sz.002632,7.4300,7.4900,7.3700,7.4700,7.4200,5251205,39057418.8500,3,0.904100,1,0.673900,0
2023-12-13,sz.002632,7.5100,7.5700,7.4100,7.4300,7.4700,4994600,37362999.0000,3,0.860000,1,-0.535500,0
2023-12-14,sz.002632,7.4400,7.5800,7.4300,7.4500,7.4300,5377600,40358271.6900,3,0.925900,1,0.269200,0
2023-12-15,sz.002632,7.4500,7.5500,7.4200,7.4500,7.4500,4559231,34081005.8800,3,0.785000,1,0.000000,0
2023-12-18,sz.002632,7.4500,7.4500,7.3000,7.3300,7.4500,4293131,31578707.9200,3,0.739200,1,-1.610700,0
2023-12-19,sz.002632,7.3200,7.4200,7.2700,7.4000,7.3300,3466700,25490445.0000,3,0.596900,1,0.955000,0
2023-12-20,sz.002632,7.4200,7.9700,7.4000,7.5600,7.4000,18162858,138885669.1500,3,3.127200,1,2.162200,0
2023-12-21,sz.002632,7.5000,7.6500,7.3300,7.6300,7.5600,15288000,114508334.0000,3,2.632200,1,0.925900,0
2023-12-22,sz.002632,7.6200,7.7400,7.4800,7.5300,7.6300,11935463,90676449.4400,3,2.055000,1,-1.310600,0
2023-12-25,sz.002632,7.5000,7.8500,7.3600,7.8100,7.5300,22943734,176681229.3800,3,3.950400,1,3.718500,0
2023-12-26,sz.002632,7.7000,8.5900,7.6500,8.5900,7.8100,61840148,512644360.2000,3,10.647400,1,9.987200,0
2023-12-27,sz.002632,8.5000,9.2500,8.1600,8.6700,8.5900,89396643,767687683.7300,3,15.392000,1,0.931300,0
2023-12-28,sz.002632,8.4000,9.4400,8.3800,8.9800,8.6700,88399887,785286354.3900,3,15.220400,1,3.575500,0
2023-12-29,sz.002632,8.7200,9.8800,8.5500,9.8800,8.9800,88670047,824705940.9300,3,15.266900,1,10.022300,0
2024-01-02,sz.002632,10.2500,10.8700,10.0000,10.8700,9.8800,94461944,999408811.8400,3,16.264100,1,10.020200,0
2024-01-03,sz.002632,10.8800,11.6700,9.8700,10.3200,10.8700,142819445,1545549731.3500,3,24.590100,1,-5.059800,0
2024-01-04,sz.002632,10.0100,10.2000,9.2900,9.2900,10.3200,103709438,988411760.7000,3,17.856300,1,-9.980600,0
2024-01-05,sz.002632,8.9500,9.1600,8.3600,8.3700,9.2900,86225249,746949486.2400,3,14.845900,1,-9.903100,0
2024-01-08,sz.002632,8.3500,8.5800,8.3200,8.4800,8.3700,54108097,457682761.3500,3,9.316100,1,1.314200,0
2024-01-09,sz.002632,8.3500,8.6100,8.0800,8.6100,8.4800,66225642,554206310.3200,3,11.402500,1,1.533000,0
2024-01-10,sz.002632,8.4200,8.4200,8.0400,8.0400,8.6100,45176270,371795614.5000,3,7.778300,1,-6.620200,0
2024-01-11,sz.002632,8.0100,8.2900,7.9500,8.2600,8.0400,38997003,318639697.2300,3,6.714400,1,2.736300,0
2024-01-12,sz.002632,8.1800,8.2900,7.9700,8.0200,8.2600,35250504,284623346.0800,3,6.069300,1,-2.905600,0
2024-01-15,sz.002632,8.0100,8.1000,7.9300,8.0500,8.0200,21407100,171959566.0000,3,3.685800,1,0.374100,0
2024-01-16,sz.002632,8.0100,8.0700,7.7800,7.9700,8.0500,29734600,234964637.0000,3,5.119600,1,-0.993800,0
2024-01-17,sz.002632,7.9400,7.9400,7.6500,7.6800,7.9700,21851900,170503764.0000,3,3.762400,1,-3.638600,0
2024-01-18,sz.002632,7.6500,7.7300,7.3600,7.5600,7.6800,31449500,235284027.0000,3,5.414900,1,-1.562500,0
2024-01-19,sz.002632,7.4900,7.6300,7.4500,7.4700,7.5600,18715300,140571733.0000,3,3.222300,1,-1.190500,0
2024-01-22,sz.002632,7.4200,7.4900,6.9100,6.9500,7.4700,24806900,178468732.0000,3,4.271200,1,-6.961200,0
2024-01-23,sz.002632,6.9600,7.0100,6.8000,6.9100,6.9500,19237200,132534062.0000,3,3.312200,1,-0.575500,0
2024-01-24,sz.002632,6.9000,6.9700,6.6000,6.9100,6.9100,22753800,154699707.0000,3,3.917700,1,0.000000,0
2024-01-25,sz.002632,6.8200,7.1100,6.8200,7.0900,6.9100,20910276,146336644.3200,3,3.600300,1,2.604900,0
2024-01-26,sz.002632,7.0900,7.3000,7.0300,7.0900,7.0900,22027336,157308005.5200,3,3.792600,1,0.000000,0
2024-01-29,sz.002632,7.0800,7.1300,6.7500,6.7800,7.0900,18054300,124283550.9600,3,3.108500,1,-4.372400,0
2024-01-30,sz.002632,6.7200,6.8000,6.5100,6.5600,6.7800,11931200,79301319.0000,3,2.054300,1,-3.244800,0
2024-01-31,sz.002632,6.5100,6.5600,6.1300,6.1700,6.5600,14700200,92975896.0000,3,2.531000,1,-5.945100,0
2024-02-01,sz.002632,6.1600,6.2300,6.0100,6.0900,6.1700,13534348,82915406.2400,3,2.330300,1,-1.296600,0
2024-02-02,sz.002632,6.1300,6.2300,5.6700,5.8600,6.0900,16340340,97397100.0000,3,2.813400,1,-3.776700,0
2024-02-05,sz.002632,5.7700,5.7800,5.2700,5.2700,5.8600,18564140,99638929.8000,3,3.196300,1,-10.068300,0
2024-02-06,sz.002632,4.9200,5.4600,4.8000,5.2700,5.2700,27211800,138212650.0000,3,4.685200,1,0.000000,0
2024-02-07,sz.002632,5.3700,5.3700,4.9700,5.0500,5.2700,25145400,130168715.9900,3,4.329400,1,-4.174600,0
2024-02-08,sz.002632,5.1600,5.5200,5.0500,5.5100,5.0500,26573230,140725622.6000,3,4.575300,1,9.108900,0
2024-02-19,sz.002632,5.6100,5.8100,5.5500,5.7600,5.5100,24425628,139204737.7800,3,4.205500,1,4.537200,0
2024-02-20,sz.002632,5.7300,5.9100,5.6100,5.8600,5.7600,15796378,91327217.0600,3,2.719800,1,1.736100,0
2024-02-21,sz.002632,5.8000,6.1200,5.7400,5.9100,5.8600,18808520,112590042.2000,3,3.238400,1,0.853200,0
2024-02-22,sz.002632,5.9200,6.1300,5.8800,6.1300,5.9100,16190033,97698085.4400,3,2.787500,1,3.722500,0
2024-02-23,sz.002632,6.1300,6.4300,6.0800,6.4000,6.1300,21691331,135021505.6500,3,3.734700,1,4.404600,0
2024-02-26,sz.002632,6.4000,6.6100,6.2900,6.4600,6.4000,21014433,135430845.8500,3,3.618200,1,0.937500,0
2024-02-27,sz.002632,6.4600,6.6600,6.3800,6.6600,6.4600,13962200,91449933.0000,3,2.404000,1,3.096000,0
2024-02-28,sz.002632,6.6600,6.7700,6.0900,6.0900,6.6600,27735000,179070486.0000,3,4.775300,1,-8.558600,0
2024-02-29,sz.002632,6.0300,6.3800,6.0100,6.3700,6.0900,15912390,99643202.7000,3,2.739700,1,4.597700,0
2024-03-01,sz.002632,6.4200,6.6700,6.4000,6.6100,6.3700,20770990,136190545.6000,3,3.576300,1,3.767700,0
2024-03-04,sz.002632,6.8800,7.2700,6.4600,7.2700,6.6100,39739871,273739155.9800,3,6.842300,1,9.984900,0
2024-03-05,sz.002632,7.9000,8.0000,7.7200,8.0000,7.2700,27691504,219788341.0000,3,4.767800,1,10.041300,0
2024-03-06,sz.002632,8.7500,8.8000,8.2100,8.2500,8.0000,123269392,1057384566.8000,3,21.224100,1,3.125000,0
2024-03-07,sz.002632,8.0100,8.1900,7.4300,7.4600,8.2500,90539779,703204235.9400,3,15.588800,1,-9.575800,0
2024-03-08,sz.002632,7.4300,8.2100,7.4300,8.2100,7.4600,43081456,341504878.2000,3,7.417600,1,10.053600,0
2024-03-11,sz.002632,8.3000,9.0300,8.2700,9.0300,8.2100,92971221,805714116.2100,3,16.007400,1,9.987800,0
2024-03-12,sz.002632,9.2100,9.8600,8.7500,8.8700,9.0300,120900853,1119024155.6100,3,20.816300,1,-1.771900,0
2024-03-13,sz.002632,8.8700,9.1600,8.6000,8.7200,8.8700,75628190,670291981.4300,3,13.021400,1,-1.691100,0
2024-03-14,sz.002632,8.5100,8.6600,8.1800,8.3600,8.7200,61127352,511559030.8800,3,10.524700,1,-4.128400,0
2024-03-15,sz.002632,8.3300,8.9800,8.3000,8.7900,8.3600,75938481,657638801.3100,3,13.074800,1,5.143500,0
2024-03-18,sz.002632,8.7800,9.6700,8.6100,9.3500,8.7900,94422697,856861457.6100,3,16.257400,1,6.370900,0
2024-03-19,sz.002632,9.1100,9.5500,9.0300,9.0600,9.3500,74686988,691051279.8400,3,12.859300,1,-3.101600,0
2024-03-20,sz.002632,8.8800,9.2600,8.8100,9.1100,9.0600,62614014,565071075.9000,3,10.780600,1,0.551900,0
2024-03-21,sz.002632,8.9200,9.0300,8.7700,8.7800,9.1100,50752546,449146691.9400,3,8.738400,1,-3.622400,0
2024-03-22,sz.002632,8.8500,8.8800,8.5000,8.5400,8.7800,39018633,335863917.9500,3,6.718100,1,-2.733500,0
2024-03-25,sz.002632,8.5000,8.8800,8.1900,8.2000,8.5400,36001658,305550974.5200,3,6.198600,1,-3.981300,0
2024-03-26,sz.002632,8.1300,8.2500,7.9000,8.0700,8.2000,30596530,246651791.6200,3,5.268000,1,-1.585400,0
2024-03-27,sz.002632,8.0800,8.2400,7.9000,7.9100,8.0700,26954100,216970344.0000,3,4.640900,1,-1.982700,0
2024-03-28,sz.002632,7.8500,8.5200,7.8500,8.3300,7.9100,50237172,415345195.8000,3,8.649700,1,5.309700,0
2024-03-29,sz.002632,8.2100,8.7800,8.1800,8.6600,8.3300,53617616,452124999.5000,3,9.231700,1,3.961600,0
2024-04-01,sz.002632,8.7000,8.8800,8.5500,8.7600,8.6600,51909764,451130698.9200,3,8.937600,1,1.154700,0
2024-04-02,sz.002632,8.6400,8.8500,8.4700,8.6400,8.7600,38428264,332362112.2800,3,6.616400,1,-1.369900,0
2024-04-03,sz.002632,8.6400,8.6900,8.3700,8.4600,8.6400,30078300,255941296.0000,3,5.178800,1,-2.083300,0
2024-04-08,sz.002632,8.3500,8.4200,8.1000,8.1000,8.4600,28113570,231200212.2000,3,4.840500,1,-4.255300,0
2024-04-09,sz.002632,8.0600,8.3800,8.0600,8.3600,8.1000,20882946,172398807.7200,3,3.595500,1,3.209900,0
2024-04-10,sz.002632,8.2500,8.2900,7.8200,7.9300,8.3600,24229247,193649462.6800,3,4.171700,1,-5.143500,0
2024-04-11,sz.002632,7.8200,8.0400,7.7300,7.8500,7.9300,16458229,130685056.2600,3,2.833700,1,-1.008800,0
2024-04-12,sz.002632,7.9100,7.9900,7.6800,7.7200,7.8500,15828604,123114662.8000,3,2.725300,1,-1.656100,0
2024-04-15,sz.002632,7.3500,7.4500,6.9500,6.9500,7.7200,29009860,205865594.8000,3,4.994800,1,-9.974100,0
2024-04-16,sz.002632,6.6200,6.8400,6.3000,6.3200,6.9500,30600700,197655598.0000,3,5.268700,1,-9.064700,0
2024-04-17,sz.002632,6.6400,6.9500,6.6300,6.9500,6.3200,7787400,53592265.0000,3,1.340800,1,9.968400,0
2024-04-18,sz.002632,7.1600,7.1900,6.7800,7.0500,6.9500,37831300,265271737.0000,3,6.513700,1,1.438800,0
2024-04-19,sz.002632,6.9800,7.0600,6.8200,6.9500,7.0500,19549000,135390996.0000,3,3.365900,1,-1.418400,0
2024-04-22,sz.002632,6.8500,6.9200,6.6600,6.7900,6.9500,13377100,90846094.0000,3,2.303200,1,-2.302200,0
2024-04-23,sz.002632,6.8000,6.9000,6.7200,6.7500,6.7900,11268760,76734391.4000,3,1.940200,1,-0.589100,0
2024-04-24,sz.002632,6.7900,6.9600,6.7200,6.9600,6.7500,13293120,91337571.6000,3,2.288800,1,3.111100,0
2024-04-25,sz.002632,6.9800,7.1200,6.9000,6.9900,6.9600,13527510,95064894.8000,3,2.329100,1,0.431000,0
2024-04-26,sz.002632,6.9400,7.2200,6.9400,7.1700,6.9900,16862900,120073852.0000,3,2.903400,1,2.575100,0
2024-04-29,sz.002632,7.1500,7.3900,7.1000,7.3600,7.1700,16701300,121909405.0000,3,2.875600,1,2.649900,0
2024-04-30,sz.002632,7.6400,7.7200,7.3900,7.4500,7.3600,26261314,196700043.1600,3,4.521600,1,1.222800,0
2024-05-06,sz.002632,7.5900,7.9000,7.5500,7.8000,7.4500,24638360,189624521.4000,3,4.242100,1,4.698000,0
2024-05-07,sz.002632,7.7500,7.8900,7.7100,7.8400,7.8000,19061700,148701022.0000,3,3.282000,1,0.512800,0
2024-05-08,sz.002632,7.8400,7.8600,7.6600,7.6900,7.8400,12409300,95908908.0000,3,2.136600,1,-1.913300,0
2024-05-09,sz.002632,7.6700,7.8500,7.6700,7.7900,7.6900,12405400,96758783.0000,3,2.135900,1,1.300400,0
2024-05-10,sz.002632,7.8000,7.8400,7.6200,7.6600,7.7900,11229376,86332809.9200,3,1.933400,1,-1.668800,0
2024-05-13,sz.002632,7.5300,7.5700,7.3200,7.3400,7.6600,13240500,98179692.0000,3,2.279700,1,-4.177500,0
2024-05-14,sz.002632,7.3800,7.5900,7.3700,7.4200,7.3400,9613100,71665855.0000,3,1.655100,1,1.089900,0
2024-05-15,sz.002632,7.4300,7.4700,7.3300,7.3600,7.4200,7636200,56401974.0000,3,1.314800,1,-0.808600,0
2024-05-16,sz.002632,7.4200,7.4900,7.3200,7.3500,7.3600,7918646,58694713.8800,3,1.363400,1,-0.135900,0
2024-05-17,sz.002632,7.3300,7.5600,7.3100,7.5500,7.3500,12060177,90142178.5000,3,2.076500,1,2.721100,0
2024-05-20,sz.002632,7.5300,7.6400,7.5200,7.5700,7.5500,10927200,82712195.0000,3,1.881400,1,0.264900,0
2024-05-21,sz.002632,7.5400,7.7100,7.5400,7.5900,7.5700,19377100,147714450.0000,3,3.336300,1,0.264200,0
2024-05-22,sz.002632,7.5100,7.7000,7.4500,7.6700,7.5900,17187645,130840417.2900,3,2.959300,1,1.054000,0
2024-05-23,sz.002632,7.6800,8.0600,7.5700,7.9000,7.6700,45526100,355985853.2300,3,7.838500,1,2.998700,0
2024-05-24,sz.002632,7.8000,7.8800,7.5500,7.5800,7.9000,31634104,242736100.0600,3,5.446600,1,-4.050600,0
2024-05-27,sz.002632,7.5500,8.0100,7.2500,8.0000,7.5800,37389393,289922550.8700,3,6.437600,1,5.540900,0
2024-05-28,sz.002632,7.9000,8.1400,7.8000,7.8800,8.0000,38882293,308712105.9800,3,6.694600,1,-1.500000,0
2024-05-29,sz.002632,7.7200,8.5800,7.6800,8.4000,7.8800,59445522,483110998.6800,3,10.235100,1,6.599000,0
2024-05-30,sz.002632,8.0000,8.0000,7.7300,7.8200,8.1000,41544450,326403353.9000,3,7.153000,1,-3.456800,0
2024-05-31,sz.002632,7.8100,8.3600,7.7800,7.9500,7.8200,52183957,421745315.6300,3,8.984800,1,1.662400,0
2024-06-03,sz.002632,7.8000,7.9300,7.3900,7.5500,7.9500,41139700,314678484.1000,3,7.083300,1,-5.031400,0
2024-06-04,sz.002632,7.4000,7.4500,7.0100,7.1800,7.5500,31207598,223436668.1200,3,5.373200,1,-4.900700,0
2024-06-05,sz.002632,7.1200,7.1300,6.8500,7.0100,7.1800,20845647,145960796.1100,3,3.589100,1,-2.367700,0
2024-06-06,sz.002632,7.0700,7.1500,6.6000,6.6400,7.0100,24290239,165500411.2900,3,4.182200,1,-5.278200,0
2024-06-07,sz.002632,6.7500,7.0000,6.7500,6.8600,6.6400,21054420,144780820.4000,3,3.625100,1,3.313300,0
2024-06-11,sz.002632,6.8500,6.9600,6.6000,6.9300,6.8600,14385000,97849774.0000,3,2.476800,1,1.020400,0
2024-06-12,sz.002632,7.0700,7.1600,7.0100,7.0600,6.9300,19493700,138217843.0000,3,3.356400,1,1.875900,0
2024-06-13,sz.002632,7.0500,7.7700,7.0300,7.7700,7.0600,18605300,141207623.0000,3,3.203400,1,10.056700,0
2024-06-14,sz.002632,7.9500,8.3100,7.8300,7.9100,7.7700,78084986,625592276.2000,3,13.444400,1,1.801800,0
2024-06-17,sz.002632,7.9000,8.1500,7.7700,8.1200,7.9100,54840171,437567588.4700,3,9.442200,1,2.654900,0
2024-06-18,sz.002632,8.0300,8.0900,7.9300,8.0200,8.1200,35027368,279587523.2400,3,6.030900,1,-1.231500,0
2024-06-19,sz.002632,8.0200,8.1200,7.8700,8.0800,8.0200,36465800,292288488.0000,3,6.278500,1,0.748100,0
2024-06-20,sz.002632,8.0700,8.0800,7.7500,7.7700,8.0800,28727400,226564166.0000,3,4.946200,1,-3.836600,0
2024-06-21,sz.002632,7.7600,7.9000,7.5800,7.8600,7.7700,21950200,170916743.0000,3,3.779300,1,1.158300,0
2024-06-24,sz.002632,7.7700,8.2000,7.7200,8.1500,7.8600,48492068,389146569.3600,3,8.349200,1,3.689600,0
2024-06-25,sz.002632,8.0400,8.3500,7.8800,8.0000,8.1500,50133520,405827886.6000,3,8.631800,1,-1.840500,0
2024-06-26,sz.002632,7.8500,8.4000,7.6200,8.4000,8.0000,58299549,474807397.1100,3,10.037800,1,5.000000,0
2024-06-27,sz.002632,8.2600,8.3300,7.9300,7.9800,8.4000,43475800,354635386.6700,3,7.485500,1,-5.000000,0
2024-06-28,sz.002632,7.8900,8.2700,7.8000,8.0600,7.9800,38492768,312159071.4000,3,6.627500,1,1.002500,0
2024-07-01,sz.002632,8.0300,8.1800,7.7800,8.1800,8.0600,35010368,279344811.8000,3,6.028000,1,1.488800,0
2024-07-02,sz.002632,8.1300,8.4000,8.0500,8.3600,8.1800,52102898,430020201.1600,3,8.970900,1,2.200500,0
2024-07-03,sz.002632,8.2100,8.2200,7.9100,7.9500,8.3600,31857253,257426932.0800,3,5.485100,1,-4.904300,0
2024-07-04,sz.002632,7.8800,8.0400,7.8100,7.8200,7.9500,18621300,147693533.0000,3,3.206100,1,-1.635200,0
2024-07-05,sz.002632,7.6500,7.6700,7.0400,7.1800,7.8200,37222646,268080642.5200,3,6.408900,1,-8.184100,0
2024-07-08,sz.002632,7.1100,7.2400,7.0400,7.0600,7.1800,18061653,128630252.6500,3,3.109800,1,-1.671300,0
2024-07-09,sz.002632,7.0600,7.4500,6.9300,7.4300,7.0600,27392700,198674238.0000,3,4.716400,1,5.240800,0
2024-07-10,sz.002632,7.4300,7.5100,7.3400,7.3900,7.4300,19196598,142370060.1400,3,3.305200,1,-0.538400,0
2024-07-11,sz.002632,7.5600,7.6800,7.4300,7.6400,7.3900,23920353,181348625.2700,3,4.118500,1,3.382900,0
2024-07-12,sz.002632,7.6200,7.7300,7.4300,7.6000,7.6400,20378000,154008565.0000,3,3.508600,1,-0.523600,0
2024-07-15,sz.002632,7.5400,7.5900,7.2600,7.3000,7.6000,17955800,132227822.0000,3,3.091600,1,-3.947400,0
2024-07-16,sz.002632,7.3100,7.4100,7.1700,7.3400,7.3000,13836300,100730101.0000,3,2.382300,1,0.547900,0
2024-07-17,sz.002632,7.2700,7.3100,7.0000,7.0400,7.3400,16213400,115510589.0000,3,2.791600,1,-4.087200,0
2024-07-18,sz.002632,6.8400,6.9600,6.7000,6.9100,7.0400,18483100,126183378.0000,3,3.182400,1,-1.846600,0
2024-07-19,sz.002632,6.8600,6.9900,6.8200,6.8700,6.9100,10920320,75591129.2000,3,1.880200,1,-0.578900,0
2024-07-22,sz.002632,6.8300,6.9200,6.8100,6.9100,6.8700,8125600,55856450.0000,3,1.399000,1,0.582200,0
2024-07-23,sz.002632,6.9200,6.9300,6.7100,6.7200,6.9100,9530400,64964064.0000,3,1.640900,1,-2.749600,0
2024-07-24,sz.002632,6.6600,6.7900,6.6200,6.6300,6.7200,8359600,55982539.0000,3,1.439300,1,-1.339300,0
2024-07-25,sz.002632,6.6200,6.7000,6.4600,6.5800,6.6300,10337820,67925709.6000,3,1.779900,1,-0.754100,0
2024-07-26,sz.002632,6.5900,6.7200,6.5900,6.7000,6.5800,8848500,59087314.0000,3,1.523500,1,1.823700,0
2024-07-29,sz.002632,6.7700,6.8000,6.6600,6.7200,6.7000,7685300,51634533.0000,3,1.323200,1,0.298500,0
2024-07-30,sz.002632,6.7200,6.7300,6.6100,6.6700,6.7200,8024800,53524084.0000,3,1.381700,1,-0.744000,0
2024-07-31,sz.002632,6.6600,6.9400,6.6500,6.9200,6.6700,14515100,99286961.8000,3,2.499200,1,3.748100,0
2024-08-01,sz.002632,6.9400,7.0500,6.9300,6.9900,6.9200,12777300,89314238.0000,3,2.199900,1,1.011600,0
2024-08-02,sz.002632,6.9400,6.9500,6.7400,6.7500,6.9900,14410100,98491611.0000,3,2.481100,1,-3.433500,0
2024-08-05,sz.002632,6.7200,6.7800,6.5000,6.5100,6.7500,13549600,89850855.0000,3,2.332900,1,-3.555600,0
2024-08-06,sz.002632,6.5900,6.6600,6.5100,6.6400,6.5100,7450200,49172539.0000,3,1.282700,1,1.996900,0
2024-08-07,sz.002632,6.6500,6.7400,6.6100,6.7000,6.6400,6387140,42721455.8000,3,1.099700,1,0.903600,0
2024-08-08,sz.002632,6.6800,6.7100,6.5100,6.6300,6.7000,7941400,52471371.0000,3,1.367300,1,-1.044800,0
2024-08-09,sz.002632,6.6600,6.7400,6.6500,6.6600,6.6300,6872600,45979834.0000,3,1.183300,1,0.452500,0
2024-08-12,sz.002632,6.6500,6.6800,6.5500,6.5800,6.6600,5172100,34118268.0000,3,0.890500,1,-1.201200,0
2024-08-13,sz.002632,6.5800,6.7200,6.5500,6.6900,6.5800,5792500,38577530.0000,3,0.997300,1,1.671700,0
2024-08-14,sz.002632,6.6900,6.8400,6.6600,6.8000,6.6900,11777800,79682226.0000,3,2.027900,1,1.644200,0
2024-08-15,sz.002632,6.7000,6.9300,6.6600,6.8700,6.8000,13047300,89149683.0000,3,2.246400,1,1.029400,0
2024-08-16,sz.002632,6.8900,7.1000,6.8800,6.9900,6.8700,19573604,137175461.0000,3,3.370100,1,1.746700,0
2024-08-19,sz.002632,6.9300,6.9700,6.7400,6.7700,6.9900,12844300,87749529.0000,3,2.211500,1,-3.147400,0
2024-08-20,sz.002632,6.8200,6.8900,6.7500,6.7800,6.7700,10179035,69230320.6000,3,1.752600,1,0.147700,0
2024-08-21,sz.002632,6.7800,6.8500,6.6900,6.7800,6.7800,8441500,57201183.0000,3,1.453400,1,0.000000,0
2024-08-22,sz.002632,6.7600,6.8000,6.5300,6.5700,6.7800,10547400,69932068.0000,3,1.816000,1,-3.097300,0
2024-08-23,sz.002632,6.5100,6.7700,6.3600,6.6800,6.5700,12655500,82874370.0000,3,2.179000,1,1.674300,0
2024-08-26,sz.002632,6.6800,7.3500,6.6800,7.3500,6.6800,32678504,235811473.4000,3,5.626500,1,10.029900,0
2024-08-27,sz.002632,7.4000,7.6500,7.2700,7.3200,7.3500,64033397,475083542.2800,3,11.025000,1,-0.408200,0
2024-08-28,sz.002632,7.3200,7.5000,7.2600,7.4100,7.3200,36171124,266790853.9000,3,6.227800,1,1.229500,0
2024-08-29,sz.002632,7.4500,8.0800,7.4500,7.7100,7.4100,66839808,516351620.2800,3,11.508200,1,4.048600,0
2024-08-30,sz.002632,7.6900,7.9500,7.6900,7.7300,7.7100,61934908,483817669.6400,3,10.663700,1,0.259400,0
2024-09-02,sz.002632,7.8200,7.8200,7.5300,7.5400,7.7300,32204200,245912886.0000,3,5.544800,1,-2.458000,0
2024-09-03,sz.002632,7.4800,7.6300,7.4100,7.6300,7.5400,24863000,187662166.0000,3,4.280800,1,1.193600,0
2024-09-04,sz.002632,7.6100,7.8000,7.3700,7.7600,7.6300,40992900,312983825.0000,3,7.058000,1,1.703800,0
2024-09-05,sz.002632,7.6600,7.6800,7.4800,7.6000,7.7600,24876400,187947503.6000,3,4.283100,1,-2.061900,0
2024-09-06,sz.002632,7.5500,7.5600,7.3200,7.3500,7.6000,20489700,151781068.0000,3,3.527800,1,-3.289500,0
2024-09-09,sz.002632,7.3000,7.3800,7.1600,7.2100,7.3500,14016440,101457766.2000,3,2.413300,1,-1.904800,0
2024-09-10,sz.002632,7.2400,7.2800,6.9500,7.1500,7.2100,19783000,139823383.0000,3,3.406200,1,-0.832200,0
2024-09-11,sz.002632,7.1500,7.1800,6.9900,7.0500,7.1500,11258600,79343982.0000,3,1.938500,1,-1.398600,0
2024-09-12,sz.002632,7.0500,7.1100,6.8800,6.9100,7.0500,13012500,90994177.0000,3,2.240400,1,-1.985800,0
2024-09-13,sz.002632,6.9000,6.9400,6.7100,6.7200,6.9100,10853400,73716421.0000,3,1.868700,1,-2.749600,0
2024-09-18,sz.002632,6.7500,6.8000,6.6000,6.7600,6.7200,12217454,81913943.4400,3,2.103600,1,0.595200,0
2024-09-19,sz.002632,6.7600,6.8100,6.6000,6.7800,6.6300,15499560,104380278.0000,3,2.668700,1,2.262400,0
2024-09-20,sz.002632,6.7600,6.8800,6.7200,6.8400,6.7800,14742404,100124908.1600,3,2.538300,1,0.885000,0
2024-09-23,sz.002632,6.8400,6.9000,6.7600,6.7700,6.8400,11669700,79521907.0000,3,2.009200,1,-1.023400,0
2024-09-24,sz.002632,6.7700,7.0700,6.7700,7.0700,6.7700,22560696,156316276.2600,3,3.884400,1,4.431300,0
2024-09-25,sz.002632,7.1000,7.2300,6.9900,7.0200,7.0700,25670059,182514656.1400,3,4.419800,1,-0.707200,0
2024-09-26,sz.002632,7.0000,7.1800,6.9500,7.1800,7.0200,17584500,124536911.0000,3,3.027600,1,2.279200,0
2024-09-27,sz.002632,7.2400,7.7100,7.2100,7.5300,7.1800,33119290,245483106.0000,3,5.702400,1,4.874700,0
2024-09-30,sz.002632,7.7600,8.2600,7.5900,8.2200,7.5300,51235559,407554951.9300,3,8.821500,1,9.163300,0
2024-10-08,sz.002632,9.0300,9.0400,8.0200,8.7600,8.2200,60731239,522702932.8100,3,10.456500,1,6.569300,0
2024-10-09,sz.002632,8.4200,8.4600,7.8900,7.9000,8.7600,39504966,323687224.7400,3,6.801800,1,-9.817400,0
2024-10-10,sz.002632,7.9900,8.1600,7.7300,7.9200,7.9000,24588402,196297286.8600,3,4.233500,1,0.253200,0
2024-10-11,sz.002632,7.8500,7.8900,7.4100,7.5100,7.9200,21248800,161973215.1000,3,3.658500,1,-5.176800,0
2024-10-14,sz.002632,7.5300,7.8700,7.5300,7.8700,7.5100,21883300,169466713.0000,3,3.767800,1,4.793600,0
2024-10-15,sz.002632,7.9100,8.0100,7.7700,7.8200,7.8700,20260200,159963671.0000,3,3.488300,1,-0.635300,0
2024-10-16,sz.002632,7.7100,7.8800,7.6600,7.8000,7.8200,12710000,98978581.0000,3,2.188400,1,-0.255800,0
2024-10-17,sz.002632,7.7900,7.9400,7.7300,7.7700,7.8000,15789754,123833857.9000,3,2.718600,1,-0.384600,0
2024-10-18,sz.002632,7.7200,8.1000,7.7200,7.9500,7.7700,26365540,208896644.3200,3,4.539500,1,2.316600,0
2024-10-21,sz.002632,7.9700,8.2700,7.9700,8.2600,7.9500,28262704,230276450.6000,3,4.866200,1,3.899400,0
2024-10-22,sz.002632,8.3400,8.3600,8.1100,8.1900,8.2600,22394702,183592825.3200,3,3.855800,1,-0.847500,0
2024-10-23,sz.002632,8.1500,8.3500,8.0900,8.1900,8.1900,20009700,164710094.0000,3,3.445200,1,0.000000,0
2024-10-24,sz.002632,8.1900,8.5900,8.0700,8.3400,8.1900,27140200,225126464.0000,3,4.672900,1,1.831500,0
2024-10-25,sz.002632,8.3800,8.5100,8.2700,8.4800,8.3400,26559000,223835429.0000,3,4.572800,1,1.678700,0
2024-10-28,sz.002632,8.4600,8.5800,8.4000,8.5000,8.4800,24076200,204203825.0000,3,4.145400,1,0.235800,0
2024-10-29,sz.002632,8.4800,8.5800,8.3000,8.3200,8.5000,24397600,205530505.0000,3,4.200700,1,-2.117600,0
2024-10-30,sz.002632,8.2800,8.6500,8.2600,8.5200,8.3200,25101049,212842852.4400,3,4.321800,1,2.403800,0
2024-10-31,sz.002632,8.5400,8.7600,8.3800,8.6600,8.5200,28183345,242949775.4500,3,4.852500,1,1.643200,0
2024-11-01,sz.002632,8.6000,8.8300,8.1900,8.2300,8.6600,28650600,241781751.0000,3,4.933000,1,-4.965400,0
2024-11-04,sz.002632,8.1900,8.5300,8.1900,8.5300,8.2300,17097788,143643409.8400,3,2.943800,1,3.645200,0
2024-11-05,sz.002632,8.4800,8.7100,8.4500,8.6500,8.5300,21467300,184572403.0000,3,3.696200,1,1.406800,0
2024-11-06,sz.002632,8.6300,8.7700,8.5000,8.5700,8.6500,21093321,182237086.6200,3,3.631800,1,-0.924900,0
2024-11-07,sz.002632,8.5000,8.6200,8.4000,8.6100,8.5700,17636600,150710308.0000,3,3.036600,1,0.466700,0
2024-11-08,sz.002632,8.6900,8.7900,8.5200,8.6500,8.6100,22835300,197848075.0000,3,3.931700,1,0.464600,0
2024-11-11,sz.002632,8.6400,9.0700,8.6400,9.0000,8.6500,29008520,258438961.8800,3,4.994600,1,4.046200,0
2024-11-12,sz.002632,9.0000,9.1300,8.6500,8.7600,9.0000,24274900,215697555.0000,3,4.179600,1,-2.666700,0
2024-11-13,sz.002632,8.7100,8.7600,8.4300,8.7300,8.7600,16342600,140702053.0000,3,2.813800,1,-0.342500,0
2024-11-14,sz.002632,8.7400,8.8200,8.3400,8.3800,8.7300,15217700,129989586.0000,3,2.620100,1,-4.009200,0
2024-11-15,sz.002632,8.3500,8.5700,8.2200,8.2300,8.3800,15330400,128976392.0000,3,2.639500,1,-1.790000,0
