date,code,open,high,low,close,preclose,volume,amount,adjustflag,turn,tradestatus,pctChg,isST
2010-01-04,sh.600223,12.4100,12.4800,11.8100,11.8100,12.4300,9247253,109996842.0000,3,3.020467,1,-4.987900,1
2010-01-05,sh.600223,11.6500,11.6500,11.2200,11.2300,11.8100,10335203,116462405.0000,3,3.375829,1,-4.911100,1
2010-01-06,sh.600223,11.0800,11.3000,10.8300,11.0900,11.2300,6450348,71532903.0000,3,2.106903,1,-1.246700,1
2010-01-07,sh.600223,11.1400,11.2500,10.8700,11.1100,11.0900,4448254,49338863.0000,3,1.452951,1,0.180300,1
2010-01-08,sh.600223,11.1200,11.2600,11.0100,11.2000,11.1100,3067258,34168489.0000,3,1.001871,1,0.810100,1
2010-01-11,sh.600223,11.2100,11.2500,10.6400,10.6400,11.2000,7692057,82649315.0000,3,2.330389,1,-5.000000,1
2010-01-12,sh.600223,10.4100,10.8500,10.4000,10.7500,10.6400,3728880,39797729.0000,3,1.129703,1,1.033800,1
2010-01-13,sh.600223,10.4800,10.4800,10.2100,10.2100,10.7500,7762628,79859275.0000,3,2.351769,1,-5.023300,1
2010-01-14,sh.600223,10.1800,10.4600,10.1600,10.3800,10.2100,4138433,42577078.0000,3,1.253781,1,1.665000,1
2010-01-15,sh.600223,10.3200,10.9000,10.3100,10.7900,10.3800,5377316,57675345.0000,3,1.629114,1,3.949900,1
2010-01-18,sh.600223,10.8000,10.8800,10.5700,10.8000,10.7900,4458651,47675435.0000,3,1.350795,1,0.092700,1
2010-01-19,sh.600223,10.7700,10.8200,10.4000,10.5700,10.8000,3659973,38797441.0000,3,1.108827,1,-2.129600,1
2010-01-20,sh.600223,10.5700,10.5700,10.5700,10.5700,10.5700,0,0.0000,3,,0,0.000000,1
2010-01-21,sh.600223,10.3400,10.4100,10.1500,10.3700,10.5700,3605812,36948272.0000,3,1.092418,1,-1.892100,1
2010-01-22,sh.600223,10.2900,10.2900,9.8500,9.8800,10.3700,4503452,44929381.0000,3,1.364368,1,-4.725200,1
2010-01-25,sh.600223,9.9000,10.1400,9.8500,9.9700,9.8800,2694085,26910260.0000,3,0.816201,1,0.910900,1
2010-01-26,sh.600223,9.9800,10.0700,9.4700,9.4700,9.9700,4293200,41217585.0000,3,1.300670,1,-5.015000,1
2010-01-27,sh.600223,9.3900,9.6800,9.1000,9.4200,9.4700,4695393,43913967.0000,3,1.422518,1,-0.528000,1
2010-01-28,sh.600223,9.4200,9.7800,9.3500,9.5700,9.4200,4296459,41169882.0000,3,1.301657,1,1.592400,1
2010-01-29,sh.600223,9.5700,9.7000,9.3600,9.5800,9.5700,3899619,37077276.0000,3,1.181430,1,0.104500,1
2010-02-01,sh.600223,9.5800,9.9700,9.5600,9.8900,9.5800,5987442,58599287.0000,3,1.813958,1,3.235900,1
2010-02-02,sh.600223,9.7500,9.9700,9.6500,9.7000,9.8900,2759619,27094040.0000,3,0.836055,1,-1.921100,1
2010-02-03,sh.600223,9.6800,10.1500,9.5100,10.0800,9.7000,4639361,45969457.0000,3,1.405543,1,3.917500,1
2010-02-04,sh.600223,10.0000,10.1300,9.9200,10.0000,10.0800,2884119,28922402.0000,3,0.873774,1,-0.793700,1
2010-02-05,sh.600223,9.8800,9.8800,9.5900,9.6000,10.0000,2666471,25908186.0000,3,0.807835,1,-4.000000,1
2010-02-08,sh.600223,9.6500,9.6500,9.2000,9.3300,9.6000,2369528,22194563.0000,3,0.717873,1,-2.812500,1
2010-02-09,sh.600223,9.3500,9.4500,9.2700,9.4200,9.3300,1376202,12891740.0000,3,0.416935,1,0.964600,1
2010-02-10,sh.600223,9.4800,9.6900,9.3900,9.6600,9.4200,1964436,18687469.0000,3,0.595146,1,2.547800,1
2010-02-11,sh.600223,9.6800,9.8400,9.5600,9.7900,9.6600,1587295,15508054.0000,3,0.480888,1,1.345800,1
2010-02-12,sh.600223,9.7700,10.2800,9.7700,10.2700,9.7900,7795135,79789136.0000,3,2.361617,1,4.903000,1
2010-02-22,sh.600223,10.1000,10.4500,10.0000,10.1600,10.2700,3722968,38251833.0000,3,1.098430,1,-1.071100,1
2010-02-23,sh.600223,10.1600,10.2100,9.9700,10.1400,10.1600,2184094,22034557.0000,3,0.644398,1,-0.196900,1
2010-02-24,sh.600223,10.1400,10.4000,10.0500,10.3400,10.1400,2661935,27264804.0000,3,0.785381,1,1.972400,1
2010-02-25,sh.600223,10.3700,10.6700,10.3700,10.6400,10.3400,3618867,38278722.0000,3,1.067716,1,2.901400,1
2010-02-26,sh.600223,10.6900,10.9600,10.4800,10.9100,10.6400,5363722,57294980.0000,3,1.582520,1,2.537600,1
2010-03-01,sh.600223,10.9000,10.9000,10.4600,10.8100,10.9100,7544822,80535105.0000,3,2.226035,1,-0.916600,1
2010-03-02,sh.600223,10.7900,10.7900,10.5000,10.5300,10.8100,4488396,47567099.0000,3,1.324263,1,-2.590200,1
2010-03-03,sh.600223,10.5500,10.7000,10.4800,10.5700,10.5300,3700056,39132319.0000,3,1.091670,1,0.379900,1
2010-03-04,sh.600223,10.5900,11.0400,10.5900,10.7300,10.5700,7261173,78708207.0000,3,2.142347,1,1.513700,1
2010-03-05,sh.600223,11.0000,11.0400,10.7400,10.9500,10.7300,7047129,76757674.0000,3,2.079195,1,2.050300,1
2010-03-08,sh.600223,10.8500,11.0600,10.7500,11.0400,10.9500,6696930,73186814.0000,3,1.975872,1,0.821900,1
2010-03-09,sh.600223,10.9800,11.3800,10.8000,11.1100,11.0400,7024562,78324020.0000,3,2.072537,1,0.634100,1
2010-03-10,sh.600223,11.1100,11.1100,11.1100,11.1100,11.1100,0,0.0000,3,,0,0.000000,1
2010-03-11,sh.600223,11.1100,11.9800,11.0000,11.1700,11.1100,15211080,174107801.0000,3,4.487899,1,0.540100,0
2010-03-12,sh.600223,10.9900,11.1700,10.5500,10.6000,11.1700,9110192,97877863.0000,3,2.687884,1,-5.103000,0
2010-03-15,sh.600223,10.5200,10.5800,10.1500,10.2400,10.6000,4441971,45700442.0000,3,1.310565,1,-3.396200,0
2010-03-16,sh.600223,10.1500,10.3800,10.1500,10.2400,10.2400,2279466,23359396.0000,3,0.672537,1,0.000000,0
2010-03-17,sh.600223,10.2600,10.5000,10.2000,10.4700,10.2400,3118124,32325502.0000,3,0.919976,1,2.246100,0
2010-03-18,sh.600223,10.4600,10.9500,10.4100,10.7100,10.4700,6717471,71888290.0000,3,1.981932,1,2.292300,0
2010-03-19,sh.600223,10.8100,11.7200,10.8000,11.1500,10.7100,14433540,161672990.0000,3,4.258492,1,4.108300,0
2010-03-22,sh.600223,11.2000,11.2800,11.0000,11.1400,11.1500,5269584,58470108.0000,3,1.554746,1,-0.089700,0
2010-03-23,sh.600223,11.0800,11.1800,10.9000,11.0900,11.1400,5085624,56100103.0000,3,1.500470,1,-0.448800,0
2010-03-24,sh.600223,11.1000,11.1800,10.9000,10.9500,11.0900,3401841,37388875.0000,3,1.003684,1,-1.262400,0
2010-03-25,sh.600223,10.8900,10.8900,10.5300,10.7600,10.9500,4386158,46856493.0000,3,1.294098,1,-1.735200,0
2010-03-26,sh.600223,10.7000,10.9700,10.5700,10.7600,10.7600,3563925,38372617.0000,3,1.051506,1,0.000000,0
2010-03-29,sh.600223,10.7500,11.5000,10.7000,11.3700,10.7600,10904724,122093477.0000,3,3.217345,1,5.669100,0
2010-03-30,sh.600223,11.3100,11.6300,11.3100,11.5800,11.3700,8065336,92411290.0000,3,2.379608,1,1.847000,0
2010-03-31,sh.600223,11.6000,11.6200,11.3700,11.4700,11.5800,4360939,50271932.0000,3,1.286658,1,-0.949900,0
2010-04-01,sh.600223,11.5700,12.0800,11.4500,12.0500,11.4700,9624849,114464456.0000,3,2.839729,1,5.056700,0
2010-04-02,sh.600223,12.0300,12.3000,11.9000,12.0600,12.0500,5642634,68124223.0000,3,1.664811,1,0.083000,0
2010-04-06,sh.600223,12.1000,12.2800,11.6400,11.6900,12.0600,8191485,97811200.0000,3,2.416827,1,-3.068000,0
2010-04-07,sh.600223,11.5800,11.7300,11.3900,11.5200,11.6900,6639985,76288330.0000,3,1.959071,1,-1.454200,0
2010-04-08,sh.600223,11.5100,11.7000,10.9500,11.1500,11.5200,9894201,112085862.0000,3,2.919199,1,-3.211800,0
2010-04-09,sh.600223,11.1600,11.2300,10.7900,10.9600,11.1500,12810717,140060076.0000,3,3.779692,1,-1.704000,0
2010-04-12,sh.600223,10.9500,10.9600,10.2900,10.5400,10.9600,15286538,162030135.0000,3,4.510162,1,-3.832100,0
2010-04-13,sh.600223,10.5200,10.7400,10.3700,10.7200,10.5400,6133424,64924673.0000,3,1.809614,1,1.707800,0
2010-04-14,sh.600223,10.6800,10.6900,10.3500,10.4400,10.7200,10803315,112578512.0000,3,3.187426,1,-2.611900,0
2010-04-15,sh.600223,10.4500,10.4500,9.9300,10.1500,10.4400,11010202,110935727.0000,3,3.248466,1,-2.777800,0
2010-04-16,sh.600223,10.1500,10.1500,10.1500,10.1500,10.1500,0,0.0000,3,,0,0.000000,0
2010-04-19,sh.600223,9.9000,9.9000,9.2300,9.2400,10.1500,8814581,83637468.0000,3,2.600667,1,-8.965500,0
2010-04-20,sh.600223,9.2000,9.2100,8.6700,8.8800,9.2400,5825299,51672422.0000,3,1.718705,1,-3.896100,0
2010-04-21,sh.600223,8.8900,9.1300,8.8400,9.0300,8.8800,5742611,51692890.0000,3,1.694308,1,1.689200,0
2010-04-22,sh.600223,9.0900,9.0900,8.7500,8.9300,9.0300,4929324,43869180.0000,3,1.454355,1,-1.107400,0
2010-04-23,sh.600223,8.9300,9.0400,8.8100,8.9400,8.9300,3353543,29961823.0000,3,0.989434,1,0.112000,0
2010-04-26,sh.600223,8.9100,8.9300,8.6200,8.6200,8.9400,3960846,34680072.0000,3,1.168614,1,-3.579400,0
2010-04-27,sh.600223,8.5800,8.5800,8.3500,8.5200,8.6200,5061658,42835075.0000,3,1.493399,1,-1.160100,0
2010-04-28,sh.600223,8.4600,8.6600,8.3600,8.6500,8.5200,2058782,17639632.0000,3,0.607426,1,1.525800,0
2010-04-29,sh.600223,8.7500,8.9600,8.6000,8.6400,8.6500,3448575,30211728.0000,3,1.017473,1,-0.115600,0
2010-04-30,sh.600223,8.6700,8.6900,8.4800,8.5800,8.6400,1694563,14480222.0000,3,0.499966,1,-0.694400,0
2010-05-04,sh.600223,8.4400,8.4500,8.0300,8.1100,8.5800,3425045,28306503.0000,3,1.010530,1,-5.477900,0
2010-05-05,sh.600223,8.0100,8.3500,7.7800,8.2300,8.1100,4392433,35435618.0000,3,1.295950,1,1.479700,0
2010-05-06,sh.600223,8.1300,8.1700,7.6500,7.6700,8.2300,3038863,24113055.0000,3,0.896590,1,-6.804400,0
2010-05-07,sh.600223,7.5600,7.7400,7.3600,7.3700,7.6700,3135006,23698470.0000,3,0.924957,1,-3.911300,0
2010-05-10,sh.600223,7.4200,7.6400,7.3800,7.5500,7.3700,4085794,30685616.0000,3,1.205479,1,2.442300,0
2010-05-11,sh.600223,7.6900,7.7000,7.1000,7.3100,7.5500,3739566,27772027.0000,3,1.103327,1,-3.178800,0
2010-05-12,sh.600223,7.2900,7.5200,7.2000,7.4500,7.3100,6100007,44852733.0000,3,1.799755,1,1.915200,0
2010-05-13,sh.600223,7.4400,7.5000,7.1500,7.4900,7.4500,4561758,33573837.0000,3,1.345908,1,0.536900,0
2010-05-14,sh.600223,7.6500,7.8700,7.5000,7.6500,7.4900,12558026,96419561.0000,3,3.705138,1,2.136200,0
2010-05-17,sh.600223,7.3500,7.3900,6.9100,7.0200,7.6500,7110301,50773838.0000,3,2.097833,1,-8.235300,0
2010-05-18,sh.600223,7.0000,7.5800,6.8300,7.5600,7.0200,13716969,100624091.0000,3,4.047074,1,7.692300,0
2010-05-19,sh.600223,7.4100,7.5100,7.1400,7.3800,7.5600,10391780,75988603.0000,3,3.066006,1,-2.381000,0
2010-05-20,sh.600223,7.3000,7.4600,7.0400,7.0600,7.3800,5469719,39670328.0000,3,1.613794,1,-4.336000,0
2010-05-21,sh.600223,6.8400,7.5500,6.8100,7.4800,7.0600,9665327,70381763.0000,3,2.851672,1,5.949000,0
2010-05-24,sh.600223,7.6100,7.9900,7.6000,7.7200,7.4800,15269791,118771890.0000,3,4.505221,1,3.208600,0
2010-05-25,sh.600223,7.5800,7.5900,7.3600,7.4700,7.7200,8259635,61572127.0000,3,2.436935,1,-3.238300,0
2010-05-26,sh.600223,7.3300,7.6200,7.2200,7.6100,7.4700,7678339,56926519.0000,3,2.265428,1,1.874200,0
2010-05-27,sh.600223,7.4600,7.6700,7.3300,7.5800,7.6100,6329872,47665331.0000,3,1.867574,1,-0.394200,0
2010-05-28,sh.600223,7.6400,7.7000,7.4100,7.5400,7.5800,6071043,45576730.0000,3,1.791209,1,-0.527700,0
2010-05-31,sh.600223,7.4800,7.6300,7.1400,7.1700,7.5400,5303686,39389737.0000,3,1.564807,1,-4.907200,0
2010-06-01,sh.600223,7.0600,7.1700,6.8000,6.8600,7.1700,4385807,30516669.0000,3,1.293995,1,-4.323600,0
2010-06-02,sh.600223,6.9000,7.1700,6.8300,7.1600,6.8600,4310170,30160811.0000,3,1.271679,1,4.373200,0
2010-06-03,sh.600223,7.1800,7.2100,6.9400,6.9500,7.1600,4715924,33469186.0000,3,1.391393,1,-2.933000,0
2010-06-04,sh.600223,6.9000,7.1600,6.8500,7.1000,6.9500,2775128,19492603.0000,3,0.818778,1,2.158300,0
2010-06-07,sh.600223,6.9100,7.2300,6.8300,7.1500,7.1000,3766232,26711500.0000,3,1.111194,1,0.704200,0
2010-06-08,sh.600223,7.1600,7.2000,7.0600,7.1300,7.1500,2871014,20484384.0000,3,0.847068,1,-0.279700,0
2010-06-09,sh.600223,7.1500,7.5100,7.0500,7.4300,7.1300,6428519,46969910.0000,3,1.896679,1,4.207570,0
2010-06-10,sh.600223,7.3500,7.5500,7.3000,7.3800,7.4300,4055832,30091064.0000,3,1.196638,1,-0.672900,0
2010-06-11,sh.600223,7.4600,7.5000,7.3200,7.3300,7.3800,2871282,21236410.0000,3,0.847147,1,-0.677500,0
2010-06-17,sh.600223,7.3800,7.5700,7.3500,7.4100,7.3300,4014887,29886396.0000,3,1.184558,1,1.091400,0
2010-06-18,sh.600223,7.3800,7.7500,7.3200,7.4200,7.4100,7067239,53453002.0000,3,2.085128,1,0.135000,0
2010-06-21,sh.600223,7.4000,7.8500,7.3500,7.8100,7.4200,7729026,59390356.0000,3,2.280383,1,5.256100,0
2010-06-22,sh.600223,7.7600,7.8200,7.6800,7.7700,7.8100,4139224,32078342.0000,3,1.221243,1,-0.512200,0
2010-06-23,sh.600223,7.7000,7.8200,7.5100,7.6700,7.7700,3342795,25632446.0000,3,0.986263,1,-1.287000,0
2010-06-24,sh.600223,7.6800,7.7400,7.5000,7.5600,7.6700,2406394,18277676.0000,3,0.709986,1,-1.434200,0
2010-06-25,sh.600223,7.5400,7.5400,7.2500,7.3900,7.5600,3019183,22317442.0000,3,0.890784,1,-2.248700,0
2010-06-28,sh.600223,7.4600,7.5500,7.2700,7.3100,7.3900,4061960,30076129.0000,3,1.198446,1,-1.082500,0
2010-06-29,sh.600223,7.3600,7.3700,6.8600,6.9200,7.3100,3559210,25046239.0000,3,1.050114,1,-5.335200,0
2010-06-30,sh.600223,6.8200,6.9100,6.4900,6.6400,6.9200,4696963,31326920.0000,3,1.385799,1,-4.046200,0
2010-07-01,sh.600223,6.6300,6.8100,6.5500,6.5800,6.6400,2293761,15315725.0000,3,0.676755,1,-0.903600,0
2010-07-02,sh.600223,6.5800,7.1200,6.4600,6.7500,6.5800,3041066,20371470.0000,3,0.897240,1,2.583600,0
2010-07-05,sh.600223,6.6800,6.7900,6.5100,6.6900,6.7500,1885310,12577676.0000,3,0.556245,1,-0.888900,0
2010-07-06,sh.600223,6.6200,6.8400,6.6200,6.8000,6.6900,2859517,19322756.0000,3,0.843676,1,1.644200,0
2010-07-07,sh.600223,6.7600,7.0900,6.7600,7.0400,6.8000,4605846,32101368.0000,3,1.358915,1,3.529400,0
2010-07-08,sh.600223,7.0900,7.3700,7.0200,7.2600,7.0400,7944533,57672483.0000,3,2.343966,1,3.125000,0
2010-07-09,sh.600223,7.2900,7.6000,7.1500,7.5000,7.2600,6028726,44749759.0000,3,1.778724,1,3.305800,0
2010-07-12,sh.600223,7.5800,8.0200,7.5000,7.9400,7.5000,19316734,152372920.0000,3,5.699237,1,5.866700,0
2010-07-13,sh.600223,7.7300,7.9600,7.5600,7.8800,7.9400,8325913,64569149.0000,3,2.456489,1,-0.755700,0
2010-07-14,sh.600223,7.8300,8.0500,7.7300,7.8300,7.8800,6125887,48354406.0000,3,1.807390,1,-0.634500,0
2010-07-15,sh.600223,7.7500,8.2700,7.6200,8.0700,7.8300,11746134,94256673.0000,3,3.465596,1,3.065100,0
2010-07-16,sh.600223,8.0000,8.0800,7.7100,8.0300,8.0700,4769106,37900089.0000,3,1.407084,1,-0.495663,0
2010-07-19,sh.600223,7.8300,8.2500,7.8300,8.1100,8.0300,9397755,75804277.0000,3,2.772727,1,0.996300,0
2010-07-20,sh.600223,8.1000,8.2800,8.0100,8.1600,8.1100,9816425,79667271.0000,3,2.896252,1,0.616500,0
2010-07-21,sh.600223,8.1000,8.1600,7.7900,7.9400,8.1600,11556343,91401548.0000,3,3.409600,1,-2.696100,0
2010-07-22,sh.600223,7.8700,8.4400,7.8200,8.4000,7.9400,12985402,106187585.0000,3,3.831232,1,5.793500,0
2010-07-23,sh.600223,8.3500,8.6500,8.2500,8.4700,8.4000,15459955,131345803.0000,3,4.561327,1,0.833300,0
2010-07-26,sh.600223,8.3800,8.7500,8.3700,8.6100,8.4700,7263698,62450009.0000,3,2.143092,1,1.652900,0
2010-07-27,sh.600223,8.6100,8.7500,8.4500,8.5300,8.6100,4147636,35716095.0000,3,1.223724,1,-0.929200,0
2010-07-28,sh.600223,8.4700,8.8700,8.3900,8.8000,8.5300,8781385,76296424.0000,3,2.590872,1,3.165300,0
2010-07-29,sh.600223,8.8000,9.0000,8.7000,8.9700,8.8000,5476370,48525957.0000,3,1.615756,1,1.931800,0
2010-07-30,sh.600223,8.8900,8.9500,8.7700,8.8400,8.9700,3642510,32170543.0000,3,1.074691,1,-1.449300,0
2010-08-02,sh.600223,8.8300,9.2100,8.7900,9.1700,8.8400,4534399,40857138.0000,3,1.337836,1,3.733000,0
2010-08-03,sh.600223,9.1500,9.2200,8.8200,8.8300,9.1700,6347710,57067704.0000,3,1.872837,1,-3.707700,0
2010-08-04,sh.600223,8.8000,8.9500,8.4700,8.8000,8.8300,6315202,54650671.0000,3,1.863246,1,-0.339800,0
2010-08-05,sh.600223,8.7600,8.7600,8.4300,8.5500,8.8000,8489376,72495744.0000,3,2.504718,1,-2.840900,0
2010-08-06,sh.600223,8.5500,8.8200,8.4000,8.7800,8.5500,7077471,61424083.0000,3,2.088147,1,2.690100,0
2010-08-09,sh.600223,8.7000,9.2200,8.6100,9.1000,8.7800,11049455,99207519.0000,3,3.260047,1,3.644600,0
2010-08-10,sh.600223,9.1100,9.2500,8.6100,8.6200,9.1000,9840976,88402423.0000,3,2.903496,1,-5.274700,0
2010-08-11,sh.600223,8.6000,8.9800,8.5900,8.6800,8.6200,7885741,68735530.0000,3,2.326620,1,0.696100,0
2010-08-12,sh.600223,8.5800,9.1100,8.5200,8.8300,8.6800,11550886,102681670.0000,3,3.407990,1,1.728100,0
2010-08-13,sh.600223,8.8300,9.0300,8.6400,8.9700,8.8300,3912548,34679874.0000,3,1.154364,1,1.585500,0
2010-08-16,sh.600223,8.9000,9.2000,8.8800,9.1300,8.9700,7014530,63732279.0000,3,2.069577,1,1.783700,0
2010-08-17,sh.600223,9.2100,9.5500,9.0600,9.3500,9.1300,8524256,79188372.0000,3,2.515009,1,2.409600,0
2010-08-18,sh.600223,9.3600,9.4500,9.1800,9.2300,9.3500,6673061,61810690.0000,3,1.968829,1,-1.283400,0
2010-08-19,sh.600223,9.2900,9.3600,9.0700,9.1800,9.2300,5388803,49548658.0000,3,1.589920,1,-0.541700,0
2010-08-20,sh.600223,9.0900,9.1800,8.7200,8.7900,9.1800,6446270,57075555.0000,3,1.901917,1,-4.248400,0
2010-08-23,sh.600223,8.8600,8.8600,8.5000,8.6100,8.7900,4219035,36301491.0000,3,1.244790,1,-2.047800,0
2010-08-24,sh.600223,8.5900,8.7800,8.4700,8.6700,8.6100,2716026,23491285.0000,3,0.801340,1,0.696900,0
2010-08-25,sh.600223,8.6500,8.6500,8.1000,8.2100,8.6700,6666393,55165398.0000,3,1.966862,1,-5.305700,0
2010-08-26,sh.600223,8.1900,8.3800,8.1500,8.2100,8.2100,2763154,22796128.0000,3,0.815245,1,0.000000,0
2010-08-27,sh.600223,8.2100,8.2900,8.1600,8.2400,8.2100,1386100,11403712.0000,3,0.408957,1,0.365400,0
2010-08-30,sh.600223,8.2700,8.4400,8.2600,8.3500,8.2400,3467734,28900079.0000,3,1.023125,1,1.335000,0
2010-08-31,sh.600223,8.3900,8.4600,8.1800,8.3300,8.3500,3556904,29495441.0000,3,1.049434,1,-0.239500,0
2010-09-01,sh.600223,8.3300,8.3700,7.8500,7.9000,8.3300,6333710,51010550.0000,3,1.868707,1,-5.162100,0
2010-09-02,sh.600223,8.0000,8.0300,7.7900,7.8000,7.9000,8913262,70137447.0000,3,2.629782,1,-1.265800,0
2010-09-03,sh.600223,7.8400,7.8600,7.6000,7.8200,7.8000,11892463,92121469.0000,3,3.508769,1,0.256400,0
2010-09-06,sh.600223,7.8200,8.1400,7.7900,8.1400,7.8200,9853595,78583941.0000,3,2.907219,1,4.092100,0
2010-09-07,sh.600223,8.1400,8.2900,8.0500,8.2400,8.1400,5797061,47494266.0000,3,1.710373,1,1.228500,0
2010-09-08,sh.600223,8.1800,8.1900,7.9000,8.0900,8.2400,6528049,52266353.0000,3,1.926045,1,-1.820384,0
2010-09-09,sh.600223,8.0900,8.0900,7.5900,7.6600,8.0900,11040281,85714625.0000,3,3.257340,1,-5.315200,0
2010-09-10,sh.600223,7.6200,7.6600,7.3200,7.5400,7.6600,7565070,56546498.0000,3,2.232009,1,-1.566600,0
2010-09-13,sh.600223,7.5600,7.8400,7.4700,7.7300,7.5400,6069042,46697623.0000,3,1.790619,1,2.519900,0
2010-09-14,sh.600223,7.7400,7.7500,7.4900,7.6000,7.7300,6484636,49112171.0000,3,1.913236,1,-1.681800,0
2010-09-15,sh.600223,7.5800,7.5900,7.4000,7.4500,7.6000,5644377,42254962.0000,3,1.665325,1,-1.973700,0
2010-09-16,sh.600223,7.4500,7.5400,7.3200,7.5200,7.4500,4327015,32132803.0000,3,1.276649,1,0.939600,0
2010-09-17,sh.600223,7.5000,7.5800,7.4200,7.5500,7.5200,2666310,20043360.0000,3,0.786672,1,0.398900,0
2010-09-20,sh.600223,7.5700,7.6500,7.4300,7.5000,7.5500,2706701,20428535.0000,3,0.798589,1,-0.662300,0
2010-09-21,sh.600223,7.5000,7.5500,7.4500,7.4900,7.5000,1657390,12415632.0000,3,0.488999,1,-0.133300,0
2010-09-27,sh.600223,7.5000,7.7000,7.3900,7.6300,7.4900,4551464,34322170.0000,3,1.342870,1,1.869200,0
2010-09-28,sh.600223,7.5800,7.6600,7.5000,7.6100,7.6300,3425792,25988669.0000,3,1.010751,1,-0.262100,0
2010-09-29,sh.600223,7.6100,7.8500,7.5000,7.5500,7.6100,6963580,53601280.0000,3,2.054545,1,-0.788400,0
2010-09-30,sh.600223,7.4700,7.9600,7.2000,7.7900,7.5500,10893495,84711116.0000,3,3.214032,1,3.178800,0
2010-10-08,sh.600223,7.7500,7.9200,7.6200,7.8400,7.7900,5465859,42670679.0000,3,1.612655,1,0.641800,0
2010-10-11,sh.600223,7.8500,8.1400,7.7800,8.0000,7.8400,8592537,68437305.0000,3,2.535154,1,2.040800,0
2010-10-12,sh.600223,7.9800,8.2400,7.9100,8.2100,8.0000,9658475,78362378.0000,3,2.849650,1,2.625000,0
2010-10-13,sh.600223,8.2100,8.9400,8.1500,8.7200,8.2100,14449610,124609862.0000,3,4.263234,1,6.211900,0
2010-10-14,sh.600223,8.6000,9.0500,8.5800,8.6000,8.7200,9593911,84475110.0000,3,2.830601,1,-1.376100,0
2010-10-15,sh.600223,8.5800,8.8800,8.4600,8.8100,8.6000,7336490,64066707.0000,3,2.164569,1,2.441900,0
2010-10-18,sh.600223,8.7900,9.2100,8.6500,9.0300,8.8100,11434076,102956969.0000,3,3.373526,1,2.497200,0
2010-10-19,sh.600223,8.9000,9.0000,8.7200,8.8500,9.0300,5515403,48740983.0000,3,1.627272,1,-1.993400,0
2010-10-20,sh.600223,8.5800,8.5900,7.9700,8.2200,8.8500,13580012,111488734.0000,3,4.006666,1,-7.118600,0
2010-10-21,sh.600223,8.1400,8.2600,7.9000,8.0000,8.2200,8733441,70132168.0000,3,2.576727,1,-2.676400,0
2010-10-22,sh.600223,8.0000,8.0800,7.9800,7.9900,8.0000,5405893,43331852.0000,3,1.594962,1,-0.125000,0
2010-10-25,sh.600223,8.0100,8.1900,7.8000,8.1300,7.9900,10193853,81937482.0000,3,3.007609,1,1.752200,0
2010-10-26,sh.600223,8.1300,8.5200,8.0800,8.3700,8.1300,11068606,92367460.0000,3,3.265697,1,2.952000,0
2010-10-27,sh.600223,8.3700,8.9400,8.2500,8.4500,8.3700,12550080,108589191.0000,3,3.702794,1,0.955800,0
2010-10-28,sh.600223,8.4400,8.8400,8.4000,8.6100,8.4500,8840682,76276979.0000,3,2.608367,1,1.893500,0
2010-10-29,sh.600223,8.7000,8.7800,8.3500,8.4400,8.6100,5425727,45936690.0000,3,1.600814,1,-1.974400,0
2010-11-01,sh.600223,8.4600,8.4600,8.1000,8.3000,8.4400,6885411,56821276.0000,3,2.031482,1,-1.658800,0
2010-11-02,sh.600223,8.3000,8.3700,8.1200,8.2900,8.3000,8936627,73671028.0000,3,2.636675,1,-0.120500,0
2010-11-03,sh.600223,8.2700,8.3900,8.0800,8.2400,8.2900,6611828,54404222.0000,3,1.950763,1,-0.603100,0
2010-11-04,sh.600223,8.1800,8.5000,8.1300,8.3400,8.2400,6484240,53948085.0000,3,1.913119,1,1.213600,0
2010-11-05,sh.600223,8.4100,8.4800,8.3000,8.3700,8.3400,5969648,50134753.0000,3,1.761293,1,0.359700,0
2010-11-08,sh.600223,8.4100,8.8100,8.4100,8.8000,8.3700,11570550,99916109.0000,3,3.413792,1,5.137400,0
2010-11-09,sh.600223,8.7800,8.9400,8.5900,8.6400,8.8000,9047928,79259978.0000,3,2.669514,1,-1.818200,0
2010-11-10,sh.600223,8.6300,8.6300,8.2500,8.3600,8.6400,8872481,73940538.0000,3,2.617749,1,-3.240700,0
2010-11-11,sh.600223,8.2900,8.4000,8.2000,8.2800,8.3600,12508412,103569233.0000,3,3.690500,1,-0.956900,0
2010-11-12,sh.600223,8.2600,8.2600,7.4900,7.5800,8.2800,9525268,75104724.0000,3,2.810349,1,-8.454100,0
2010-11-15,sh.600223,7.6800,7.6800,7.3500,7.5000,7.5800,6274948,46960923.0000,3,1.851370,1,-1.055400,0
2010-11-16,sh.600223,7.5200,7.5200,7.2000,7.3500,7.5000,6071409,44749911.0000,3,1.791317,1,-2.000000,0
2010-11-17,sh.600223,7.2700,7.3400,6.9800,7.1700,7.3500,6046188,43492033.0000,3,1.783876,1,-2.449000,0
2010-11-18,sh.600223,7.2000,7.5100,7.2000,7.4500,7.1700,8320577,61199222.0000,3,2.454915,1,3.905200,0
2010-11-19,sh.600223,7.4500,7.4600,7.2000,7.4200,7.4500,5482846,40281393.0000,3,1.617667,1,-0.402700,0
2010-11-22,sh.600223,7.3800,7.4800,7.2500,7.4000,7.4200,4565540,33507998.0000,3,1.347023,1,-0.269500,0
2010-11-23,sh.600223,7.3500,7.3800,7.0500,7.2000,7.4000,5132144,36988973.0000,3,1.514195,1,-2.702700,0
2010-11-24,sh.600223,7.1500,7.3000,7.1500,7.2800,7.2000,2361522,17100413.0000,3,0.696747,1,1.111100,0
2010-11-25,sh.600223,7.2600,7.5800,7.2600,7.5000,7.2800,4901924,36359380.0000,3,1.446271,1,3.022000,0
2010-11-26,sh.600223,7.4500,7.4500,7.2600,7.3700,7.5000,3100455,22743556.0000,3,0.914763,1,-1.733300,0
2010-11-29,sh.600223,7.3700,7.3700,7.1700,7.2600,7.3700,3623129,26209828.0000,3,1.068973,1,-1.492500,0
2010-11-30,sh.600223,7.2400,7.3200,6.9700,7.1100,7.2600,3917371,27942256.0000,3,1.155787,1,-2.066100,0
2010-12-01,sh.600223,7.1000,7.2800,6.9900,7.2000,7.1100,4149302,29462160.0000,3,1.224216,1,1.265800,0
2010-12-02,sh.600223,7.2100,7.3300,7.1800,7.2300,7.2000,3139175,22706568.0000,3,0.926187,1,0.416700,0
2010-12-03,sh.600223,7.2000,7.3300,7.1500,7.2500,7.2300,3043322,22052713.0000,3,0.897906,1,0.276600,0
2010-12-06,sh.600223,7.2500,7.3100,7.0300,7.1800,7.2500,3392086,24380534.0000,3,1.000806,1,-0.965500,0
2010-12-07,sh.600223,7.1800,7.2700,7.0300,7.2100,7.1800,2158260,15457781.0000,3,0.636776,1,0.417800,0
2010-12-08,sh.600223,7.2000,7.2500,7.0000,7.0600,7.2100,4774908,33803212.0000,3,1.408796,1,-2.080400,0
2010-12-09,sh.600223,7.0600,7.0600,7.0600,7.0600,7.0600,0,0.0000,3,,0,0.000000,0
2010-12-10,sh.600223,6.9800,6.9800,6.8000,6.9100,7.0600,3067821,21087598.0000,3,0.905134,1,-2.124600,0
2010-12-13,sh.600223,6.9800,7.1400,6.9300,7.1200,6.9100,3152401,22153363.0000,3,0.930089,1,3.039100,0
2010-12-14,sh.600223,7.0800,7.2000,7.0600,7.1700,7.1200,3612883,25768448.0000,3,1.065950,1,0.702200,0
2010-12-15,sh.600223,7.1600,7.2200,7.0000,7.1200,7.1700,5027362,35647011.0000,3,1.483280,1,-0.697400,0
2010-12-16,sh.600223,7.0900,7.3200,7.0800,7.2000,7.1200,4907869,35453515.0000,3,1.448025,1,1.123600,0
2010-12-17,sh.600223,7.1900,7.2800,7.1500,7.2400,7.2000,1653120,11935582.0000,3,0.487739,1,0.555600,0
2010-12-20,sh.600223,7.2700,7.3000,7.0000,7.1100,7.2400,2616638,18655033.0000,3,0.772017,1,-1.795600,0
2010-12-21,sh.600223,7.1100,7.8200,7.0900,7.8200,7.1100,25284560,195524606.0000,3,7.459993,1,9.985900,0
2010-12-22,sh.600223,7.7400,8.1200,7.5200,7.8900,7.8200,23645856,187063234.0000,3,6.976507,1,0.895100,0
2010-12-23,sh.600223,7.8500,8.0000,7.6700,7.7100,7.8900,9652248,75613758.0000,3,2.847813,1,-2.281400,0
2010-12-24,sh.600223,7.6200,8.2800,7.5100,8.1000,7.7100,17029655,136243934.0000,3,5.024454,1,5.058400,0
2010-12-27,sh.600223,8.0400,8.1000,7.5200,7.5900,8.1000,11088429,87352104.0000,3,3.271546,1,-6.296300,0
2010-12-28,sh.600223,7.5100,7.7300,7.2400,7.3800,7.5900,5620333,42152567.0000,3,1.658231,1,-2.766800,0
2010-12-29,sh.600223,7.4300,7.6000,7.2800,7.5600,7.3800,4120892,30729978.0000,3,1.215834,1,2.439000,0
2010-12-30,sh.600223,7.4500,7.5600,7.2200,7.3600,7.5600,4555883,33610834.0000,3,1.344174,1,-2.645500,0
2010-12-31,sh.600223,7.3700,7.4900,7.3000,7.4400,7.3600,3076637,22729310.0000,3,0.907735,1,1.087000,0
2011-01-04,sh.600223,7.4600,8.0100,7.3800,8.0000,7.4400,11348909,89042639.0000,3,3.348398,1,7.526900,0
2011-01-05,sh.600223,7.9000,8.1000,7.7900,7.9900,8.0000,8682697,68961527.0000,3,2.561755,1,-0.125000,0
2011-01-06,sh.600223,7.9900,8.3800,7.8500,8.3500,7.9900,13393255,110002752.0000,3,3.951565,1,4.505600,0
2011-01-07,sh.600223,8.3500,8.7000,8.2500,8.3100,8.3500,18967334,161416104.0000,3,5.596149,1,-0.479000,0
2011-01-10,sh.600223,8.4000,8.6400,8.1800,8.2500,8.3100,12558603,106132481.0000,3,3.705308,1,-0.722000,0
2011-01-11,sh.600223,8.1500,8.7500,8.0100,8.7200,8.2500,14419514,123854346.0000,3,4.254354,1,5.697000,0
2011-01-12,sh.600223,8.7000,8.9300,8.5500,8.8000,8.7200,10767633,94717335.0000,3,3.176898,1,0.917400,0
2011-01-13,sh.600223,8.7200,8.8500,8.4800,8.5800,8.8000,4531558,39134060.0000,3,1.336997,1,-2.500000,0
2011-01-14,sh.600223,8.4800,8.6900,8.4500,8.5800,8.5800,4476916,38405713.0000,3,1.320876,1,0.000000,0
2011-01-17,sh.600223,8.5600,8.5600,7.7200,7.8500,8.5800,7968682,64012745.0000,3,2.351091,1,-8.508200,0
2011-01-18,sh.600223,7.8000,8.0600,7.7500,8.0100,7.8500,4889632,38984400.0000,3,1.442644,1,2.038200,0
2011-01-19,sh.600223,7.9200,8.1900,7.8200,8.1500,8.0100,5323347,42607838.0000,3,1.570608,1,1.747800,0
2011-01-20,sh.600223,8.1000,8.1400,7.7700,7.8700,8.1500,4209087,33411996.0000,3,1.241855,1,-3.435600,0
2011-01-21,sh.600223,7.8800,8.4200,7.8700,8.1400,7.8700,4455804,36250512.0000,3,1.314647,1,3.430700,0
2011-01-24,sh.600223,8.1300,8.5000,7.9300,8.3800,8.1400,7493595,62004048.0000,3,2.210921,1,2.948400,0
2011-01-25,sh.600223,8.3800,8.5600,8.2200,8.3900,8.3800,4658226,39139554.0000,3,1.374370,1,0.119300,0
2011-01-26,sh.600223,8.3900,8.5900,8.2500,8.4800,8.3900,4754077,40169280.0000,3,1.402650,1,1.072700,0
2011-01-27,sh.600223,8.1000,8.4500,7.7800,8.2300,8.4800,9430837,76854034.0000,3,2.782488,1,-2.948100,0
2011-01-28,sh.600223,8.4000,8.4500,7.9500,8.0700,8.2300,7104152,57723326.0000,3,2.096019,1,-1.944100,0
2011-01-31,sh.600223,8.0800,8.0800,7.7700,7.8200,8.0700,8103751,63446903.0000,3,2.390942,1,-3.097900,0
2011-02-01,sh.600223,7.8200,7.9100,7.6000,7.6900,7.8200,5736130,44215616.0000,3,1.692396,1,-1.662400,0
2011-02-09,sh.600223,7.6400,7.6400,7.3100,7.3400,7.6900,7866447,58381440.0000,3,2.320928,1,-4.551400,0
2011-02-10,sh.600223,7.3600,7.4800,7.3100,7.4700,7.3400,6248115,46248424.0000,3,1.843453,1,1.771100,0
2011-02-11,sh.600223,7.4500,7.6800,7.3800,7.6100,7.4700,13715418,102982378.0000,3,4.046617,1,1.874200,0
2011-02-14,sh.600223,7.6100,7.6100,7.6100,7.6100,7.6100,0,0.0000,3,,0,0.000000,0
2011-02-15,sh.600223,7.7500,7.8400,7.6000,7.6800,7.6100,13220124,101565165.0000,3,3.900484,1,0.919800,0
2011-02-16,sh.600223,7.6300,7.7200,7.5400,7.6400,7.6800,10445404,79523314.0000,3,3.081827,1,-0.520800,0
2011-02-17,sh.600223,7.6200,7.6500,7.3800,7.5100,7.6400,11361458,85173351.0000,3,3.352101,1,-1.701600,0
2011-02-18,sh.600223,7.4600,7.6100,7.4500,7.5800,7.5100,6991916,52796513.0000,3,2.062905,1,0.932100,0
2011-02-21,sh.600223,7.5400,8.1200,7.4500,8.0300,7.5800,24259915,190653999.0000,3,7.157680,1,5.936700,0
2011-02-22,sh.600223,7.9800,8.3600,7.7800,8.2400,8.0300,33206417,269562371.0000,3,9.797269,1,2.615200,0
2011-02-23,sh.600223,8.1800,8.6200,8.1100,8.5300,8.2400,33809170,284000995.0000,3,9.975106,1,3.519400,0
2011-02-24,sh.600223,8.5900,8.6000,8.4100,8.5100,8.5300,17840523,151915150.0000,3,5.263693,1,-0.234500,0
2011-02-25,sh.600223,8.5200,8.7500,8.4300,8.6600,8.5100,29763460,256345880.0000,3,8.781454,1,1.762600,0
2011-02-28,sh.600223,8.6900,8.8000,8.5200,8.7500,8.6600,24955641,216788576.0000,3,7.362948,1,1.039300,0
2011-03-01,sh.600223,8.6900,8.7500,8.4500,8.6500,8.7500,16247672,140558983.0000,3,4.793736,1,-1.142861,0
2011-03-02,sh.600223,8.6900,8.9800,8.5000,8.8800,8.6500,35659077,314163699.0000,3,10.520905,1,2.659000,0
2011-03-03,sh.600223,9.0000,9.0000,8.7700,8.8600,8.8800,22469060,199483736.0000,3,6.629304,1,-0.225200,0
2011-03-04,sh.600223,8.8200,8.9500,8.6500,8.9000,8.8600,22977157,202919011.0000,3,6.779213,1,0.451500,0
2011-03-07,sh.600223,8.9500,9.2400,8.7700,9.1800,8.9000,38062034,342097092.0000,3,11.229877,1,3.146100,0
2011-03-08,sh.600223,9.1200,9.1200,8.7800,8.9000,9.1800,26740468,238595686.0000,3,7.889546,1,-3.050100,0
2011-03-09,sh.600223,8.8900,8.8900,8.6100,8.7200,8.9000,15876836,138115342.0000,3,4.684324,1,-2.022500,0
2011-03-10,sh.600223,8.7300,8.8300,8.6200,8.7300,8.7200,12272286,106957387.0000,3,3.620833,1,0.114700,0
2011-03-11,sh.600223,8.7000,8.7200,8.4500,8.5200,8.7300,10798981,92620814.0000,3,3.186147,1,-2.405500,0
2011-03-14,sh.600223,8.4900,8.6800,8.4700,8.5900,8.5200,7157898,61141961.0000,3,2.111876,1,0.821600,0
2011-03-15,sh.600223,8.5300,8.6100,8.2400,8.4200,8.5900,10635255,89192817.0000,3,3.137841,1,-1.979000,0
2011-03-16,sh.600223,8.4000,8.5800,8.2300,8.5100,8.4200,10497473,88771225.0000,3,3.097189,1,1.068900,0
2011-03-17,sh.600223,8.3800,8.4300,8.2500,8.3500,8.5100,7844805,65453361.0000,3,2.314542,1,-1.880100,0
2011-03-18,sh.600223,8.3000,8.5700,8.3000,8.4800,8.3500,9726425,82136271.0000,3,2.869698,1,1.556900,0
2011-03-21,sh.600223,8.4700,8.5800,8.4300,8.4900,8.4800,6801762,57797513.0000,3,2.006802,1,0.117900,0
2011-03-22,sh.600223,8.5300,8.5600,8.3800,8.4500,8.4900,5110456,43123822.0000,3,1.507796,1,-0.471100,0
2011-03-23,sh.600223,8.4500,9.0300,8.3800,8.8600,8.4500,20125977,177474681.0000,3,5.937997,1,4.852100,0
2011-03-24,sh.600223,8.8600,8.9500,8.7200,8.8500,8.8600,11081236,97901276.0000,3,3.269424,1,-0.112900,0
2011-03-25,sh.600223,8.8000,9.0700,8.7700,8.9400,8.8500,12997146,116568842.0000,3,3.834697,1,1.016900,0
2011-03-28,sh.600223,9.0000,9.3800,9.0000,9.0700,8.9400,17150927,157434552.0000,3,5.060234,1,1.454100,0
2011-03-29,sh.600223,9.0700,9.3500,8.8800,9.0900,9.0700,14943575,136416788.0000,3,4.408974,1,0.220500,0
2011-03-30,sh.600223,9.0000,9.0500,8.5900,8.7900,9.0900,11380562,99592114.0000,3,3.357737,1,-3.300300,0
2011-03-31,sh.600223,8.7800,8.7800,8.4500,8.4700,8.7900,5446911,46775751.0000,3,1.607064,1,-3.640500,0
2011-04-01,sh.600223,8.4700,8.7300,8.4400,8.6900,8.4700,3988233,34304989.0000,3,1.176694,1,2.597400,0
2011-04-06,sh.600223,8.6500,9.1000,8.6000,8.9400,8.6900,10162725,90620480.0000,3,2.998425,1,2.876900,0
2011-04-07,sh.600223,8.9100,9.2000,8.8500,8.9900,8.9400,9209372,83344495.0000,3,2.717146,1,0.559300,0
2011-04-08,sh.600223,8.9500,9.2000,8.8800,9.1400,8.9900,9560064,86705984.0000,3,2.820615,1,1.668500,0
2011-04-11,sh.600223,9.1300,9.2400,8.8000,8.8100,9.1400,9514861,85912930.0000,3,2.807278,1,-3.610500,0
2011-04-12,sh.600223,8.7900,9.1100,8.7200,8.9500,8.8100,7392212,65783347.0000,3,2.181009,1,1.589100,0
2011-04-13,sh.600223,8.8500,9.2700,8.8500,9.2000,8.9500,15303751,139816334.0000,3,4.515241,1,2.793300,0
2011-04-14,sh.600223,9.1900,9.2100,8.9000,8.9800,9.2000,9759531,87650276.0000,3,2.879466,1,-2.391300,0
2011-04-15,sh.600223,8.9000,9.1500,8.8400,9.0900,8.9800,7715557,69349199.0000,3,2.276409,1,1.224900,0
2011-04-18,sh.600223,9.0400,9.5800,9.0000,9.4500,9.0900,22375276,208938713.0000,3,6.601633,1,3.960400,0
2011-04-19,sh.600223,9.3000,9.7500,9.2100,9.4800,9.4500,18328826,174133026.0000,3,5.407763,1,0.317500,0
2011-04-20,sh.600223,9.4700,9.6500,9.1600,9.2200,9.4800,13014922,122004130.0000,3,3.839941,1,-2.742600,0
2011-04-21,sh.600223,9.2400,9.5100,9.2200,9.3900,9.2200,8589974,80368542.0000,3,2.534398,1,1.843800,0
2011-04-22,sh.600223,9.4200,9.4200,9.0300,9.1300,9.3900,8701425,79563398.0000,3,2.567281,1,-2.768900,0
2011-04-25,sh.600223,9.0500,9.0800,8.7100,8.7200,9.1300,7096437,62665635.0000,3,2.093743,1,-4.490700,0
2011-04-26,sh.600223,8.7500,8.8100,8.6000,8.7400,8.7200,4055403,35377776.0000,3,1.196512,1,0.229400,0
2011-04-27,sh.600223,8.7400,8.7400,8.7400,8.7400,8.7400,0,0.0000,3,,0,0.000000,0
2011-04-28,sh.600223,8.5000,8.5900,7.9800,8.0000,8.7400,6632377,54757175.0000,3,1.956826,1,-8.466800,0
2011-04-29,sh.600223,7.9900,8.1700,7.9600,8.1400,8.0000,3039272,24572474.0000,3,0.896711,1,1.750000,0
2011-05-03,sh.600223,8.1400,8.1800,8.0000,8.1500,8.1400,3559345,28751090.0000,3,1.050154,1,0.122900,0
2011-05-04,sh.600223,8.1100,8.1200,7.7300,7.9000,8.1500,6318649,49783648.0000,3,1.864263,1,-3.067500,0
2011-05-05,sh.600223,7.9000,8.0500,7.7900,8.0200,7.9000,4494330,35600926.0000,3,1.326014,1,1.519000,0
2011-05-06,sh.600223,7.9100,8.0400,7.8700,7.9300,8.0200,3702740,29430764.0000,3,1.092462,1,-1.122200,0
2011-05-09,sh.600223,7.9100,8.2700,7.8900,8.1800,7.9300,6978712,56383905.0000,3,2.059009,1,3.152600,0
2011-05-10,sh.600223,8.1600,8.3600,8.0800,8.3300,8.1800,6982374,57511060.0000,3,2.060090,1,1.833700,0
2011-05-11,sh.600223,8.5000,8.5000,8.2400,8.4800,8.3300,5509637,46351484.0000,3,1.625571,1,1.800700,0
2011-05-12,sh.600223,8.3800,9.0300,8.3100,8.7600,8.4800,18346204,159284649.0000,3,5.412890,1,3.301900,0
2011-05-13,sh.600223,8.6100,8.7900,8.3300,8.5600,8.7600,12610736,107564630.0000,3,3.720690,1,-2.283100,0
2011-05-16,sh.600223,8.4800,8.5700,8.2500,8.3300,8.5600,6024728,50427934.0000,3,1.777544,1,-2.686900,0
2011-05-17,sh.600223,8.3300,8.4400,8.0800,8.3000,8.3300,4628877,38127544.0000,3,1.365710,1,-0.360100,0
2011-05-18,sh.600223,8.3000,8.3900,8.1900,8.3200,8.3000,2658033,22114362.0000,3,0.784230,1,0.241000,0
2011-05-19,sh.600223,8.3900,8.3900,8.0300,8.0700,8.3200,4618120,37636177.0000,3,1.362537,1,-3.004800,0
2011-05-20,sh.600223,8.0800,8.0900,7.8300,7.9200,8.0700,5043642,40047761.0000,3,1.488083,1,-1.858700,0
2011-05-23,sh.600223,7.9100,8.0400,7.7200,7.7300,7.9200,3360401,26336744.0000,3,0.991458,1,-2.399000,0
2011-05-24,sh.600223,7.7200,7.8000,7.4400,7.6000,7.7300,4850099,36572088.0000,3,1.430980,1,-1.681800,0
2011-05-25,sh.600223,7.6000,7.6000,7.2600,7.3200,7.6000,4676400,34665918.0000,3,1.379732,1,-3.684200,0
2011-05-26,sh.600223,7.3900,7.7600,7.2000,7.7300,7.3200,11789686,88558273.0000,3,3.478446,1,5.601100,0
2011-05-27,sh.600223,7.6200,7.8900,7.5000,7.5100,7.7300,9611808,74110604.0000,3,2.835882,1,-2.846100,0
2011-05-30,sh.600223,7.4000,7.6100,7.2600,7.4900,7.5100,4077465,30222717.0000,3,1.203021,1,-0.266300,0
2011-05-31,sh.600223,7.4500,7.6300,7.3500,7.5800,7.4900,2950599,22236097.0000,3,0.870549,1,1.201600,0
2011-06-01,sh.600223,7.5600,7.7300,7.4500,7.7100,7.5800,6946321,52947284.0000,3,2.049452,1,1.715000,0
2011-06-02,sh.600223,7.6000,7.9300,7.6000,7.8900,7.7100,9222649,71706346.0000,3,2.721064,1,2.334600,0
2011-06-03,sh.600223,7.9000,8.1700,7.7300,8.0800,7.8900,8852366,70837642.0000,3,2.611815,1,2.408100,0
2011-06-07,sh.600223,8.0200,8.2100,8.0100,8.1400,8.0800,17068516,139160978.0000,3,5.035919,1,0.742600,0
2011-06-08,sh.600223,8.0800,8.1800,7.9500,8.0900,8.1400,6506486,52517775.0000,3,1.919683,1,-0.614300,0
2011-06-09,sh.600223,8.0300,8.5200,7.9400,8.4800,8.0900,34595730,285164169.0000,3,10.207174,1,4.820800,0
2011-06-10,sh.600223,8.4200,8.4900,8.2700,8.4500,8.4800,22824496,191236239.0000,3,6.734172,1,-0.353800,0
2011-06-13,sh.600223,8.4700,8.4700,8.1900,8.3600,8.4500,13180149,110045640.0000,3,3.888690,1,-1.065100,0
2011-06-14,sh.600223,8.3000,8.5500,8.2100,8.4800,8.3600,31594373,265710593.0000,3,9.321649,1,1.435400,0
2011-06-15,sh.600223,8.3800,8.4700,8.0000,8.0600,8.4800,21146799,174697114.0000,3,6.239182,1,-4.952800,0
2011-06-16,sh.600223,7.8800,8.1800,7.7800,7.9000,8.0600,13430705,107612204.0000,3,3.962614,1,-1.985100,0
2011-06-17,sh.600223,7.8100,8.1100,7.7500,7.8800,7.9000,11321911,89925331.0000,3,3.340433,1,-0.253200,0
2011-06-20,sh.600223,7.8900,7.9500,7.6100,7.8200,7.8800,5550660,43380640.0000,3,1.637675,1,-0.761400,0
2011-06-21,sh.600223,7.8600,8.0200,7.8400,7.9600,7.8200,9755613,77566798.0000,3,2.878310,1,1.790300,0
2011-06-22,sh.600223,8.0000,8.0400,7.7000,7.8600,7.9600,8625439,67798708.0000,3,2.544862,1,-1.256300,0
2011-06-23,sh.600223,7.8200,7.9700,7.7100,7.9000,7.8600,7046585,55449832.0000,3,2.079035,1,0.508900,0
2011-06-24,sh.600223,7.9000,8.1400,7.8300,8.0800,7.9000,11924422,95301893.0000,3,3.518199,1,2.278500,0
2011-06-27,sh.600223,8.0800,8.1800,8.0000,8.1500,8.0800,9523247,77232720.0000,3,2.809752,1,0.866300,0
2011-06-28,sh.600223,8.2500,8.2500,8.0200,8.0900,8.1500,6579171,53206133.0000,3,1.941128,1,-0.736200,0
2011-06-29,sh.600223,8.0900,8.0900,8.0900,8.0900,8.0900,0,0.0000,3,,0,0.000000,0
2011-06-30,sh.600223,7.9900,8.2200,7.8600,8.2000,8.0900,10332681,83310690.0000,3,3.048569,1,1.359700,0
2011-07-01,sh.600223,8.1600,8.3900,8.1500,8.1900,8.2000,8473757,70039506.0000,3,2.500109,1,-0.122000,0
2011-07-04,sh.600223,8.1900,8.3500,8.1800,8.2700,8.1900,6829084,56423306.0000,3,2.014863,1,0.976800,0
2011-07-05,sh.600223,8.2600,8.4400,8.2500,8.3300,8.2700,6745497,56292231.0000,3,1.990201,1,0.725500,0
2011-07-06,sh.600223,8.3400,8.5600,8.3000,8.4500,8.3300,11118627,93740276.0000,3,3.280456,1,1.440600,0
2011-07-07,sh.600223,8.4800,8.4800,8.2200,8.2700,8.4500,8948441,74813569.0000,3,2.640161,1,-2.130200,0
2011-07-08,sh.600223,8.2700,8.3400,8.1600,8.2200,8.2700,4894804,40337789.0000,3,1.444170,1,-0.604597,0
2011-07-11,sh.600223,8.2600,8.2700,8.1400,8.2300,8.2200,3467121,28431958.0000,3,1.022944,1,0.121700,0
2011-07-12,sh.600223,8.2000,8.2000,7.8200,7.9100,8.2300,6113954,48862515.0000,3,1.803870,1,-3.888200,0
2011-07-13,sh.600223,7.9100,8.0400,7.9100,8.0000,7.9100,3678142,29387735.0000,3,1.085204,1,1.137800,0
2011-07-14,sh.600223,8.0300,8.0800,7.9100,7.9900,8.0000,3380849,27032773.0000,3,0.997491,1,-0.125000,0
2011-07-15,sh.600223,7.9500,7.9500,7.6800,7.7600,7.9900,8837661,68473540.0000,3,2.607476,1,-2.878600,0
2011-07-18,sh.600223,7.7300,7.8300,7.6600,7.8200,7.7600,5908370,45809689.0000,3,1.743214,1,0.773200,0
2011-07-19,sh.600223,7.7700,7.9400,7.7500,7.9000,7.8200,5176000,40754391.0000,3,1.527134,1,1.023000,0
2011-07-20,sh.600223,7.9500,7.9700,7.7800,7.8700,7.9000,3450996,27082638.0000,3,1.018187,1,-0.379700,0
2011-07-21,sh.600223,7.8700,7.8900,7.7500,7.8500,7.8700,3512613,27493238.0000,3,1.036366,1,-0.254100,0
2011-07-22,sh.600223,7.8500,7.9100,7.7000,7.7800,7.8500,3746102,29262507.0000,3,1.105255,1,-0.891700,0
2011-07-25,sh.600223,7.7000,7.7500,7.2900,7.3800,7.7800,5069498,37698597.0000,3,1.495712,1,-5.141400,0
2011-07-26,sh.600223,7.3700,7.4500,7.3200,7.3900,7.3800,2136328,15776558.0000,3,0.630305,1,0.135500,0
2011-07-27,sh.600223,7.3900,7.5300,7.3400,7.5200,7.3900,2495531,18668471.0000,3,0.736285,1,1.759100,0
2011-07-28,sh.600223,7.4600,7.4700,7.3000,7.3900,7.5200,2819520,20768804.0000,3,0.831875,1,-1.728700,0
2011-07-29,sh.600223,7.4000,7.5000,7.3200,7.4800,7.3900,2205973,16412087.0000,3,0.650853,1,1.217900,0
2011-08-01,sh.600223,7.4700,7.5300,7.3900,7.5000,7.4800,1687240,12613545.0000,3,0.497806,1,0.267400,0
2011-08-02,sh.600223,7.4600,7.4700,7.3300,7.4000,7.5000,1678871,12404090.0000,3,0.495337,1,-1.333300,0
2011-08-03,sh.600223,7.3500,7.6900,7.3400,7.5800,7.4000,3987910,30166784.0000,3,1.176599,1,2.432400,0
2011-08-04,sh.600223,7.5800,7.7100,7.5600,7.5800,7.5800,2762918,21105255.0000,3,0.815175,1,0.000000,0
2011-08-05,sh.600223,7.4000,7.6400,7.2000,7.6100,7.5800,2966351,22180555.0000,3,0.875196,1,0.395800,0
2011-08-08,sh.600223,7.4900,7.5500,7.2900,7.3600,7.6100,4962715,36951636.0000,3,1.464207,1,-3.285200,0
2011-08-09,sh.600223,7.2200,7.8000,6.9500,7.6800,7.3600,10243570,76972016.0000,3,3.022278,1,4.347800,0
2011-08-10,sh.600223,7.7200,8.1400,7.6800,7.9500,7.6800,12200385,97095942.0000,3,3.599619,1,3.515600,0
2011-08-11,sh.600223,7.8300,8.2100,7.7300,8.0700,7.9500,7876452,63524342.0000,3,2.323880,1,1.509400,0
2011-08-12,sh.600223,8.0800,8.1300,8.0000,8.0400,8.0700,3856073,31019620.0000,3,1.137701,1,-0.371700,0
2011-08-15,sh.600223,8.0400,8.0700,7.9400,8.0400,8.0400,3677268,29439686.0000,3,1.084946,1,0.000000,0
2011-08-16,sh.600223,8.0400,8.0400,7.8700,7.9000,8.0400,4156455,32958388.0000,3,1.226326,1,-1.741300,0
2011-08-17,sh.600223,7.8200,7.9200,7.7300,7.7800,7.9000,3517746,27484071.0000,3,1.037881,1,-1.519000,0
2011-08-18,sh.600223,7.8200,7.8500,7.4600,7.4800,7.7800,3294001,25064286.0000,3,0.971867,1,-3.856000,0
2011-08-19,sh.600223,7.3800,7.6500,7.3100,7.6300,7.4800,2141098,16095239.0000,3,0.631713,1,2.005300,0
2011-08-22,sh.600223,7.5900,7.6600,7.4700,7.4800,7.6300,1218280,9183089.0000,3,0.359443,1,-1.965900,0
2011-08-23,sh.600223,7.5100,7.7500,7.5000,7.6800,7.4800,2208122,16838115.0000,3,0.651487,1,2.673800,0
2011-08-24,sh.600223,7.6500,7.7500,7.5800,7.6200,7.6800,1836622,14077778.0000,3,0.541880,1,-0.781200,0
2011-08-25,sh.600223,7.6300,7.7700,7.4700,7.7500,7.6200,3124646,23911808.0000,3,0.921900,1,1.706000,0
2011-08-26,sh.600223,7.6900,7.7800,7.6700,7.7500,7.7500,1898758,14680530.0000,3,0.560212,1,0.000000,0
2011-08-29,sh.600223,7.7500,8.0500,7.6600,8.0000,7.7500,11764667,93435483.0000,3,3.471064,1,3.225800,0
2011-08-30,sh.600223,7.9900,8.1400,7.9200,8.0300,8.0000,7450580,59919837.0000,3,2.198230,1,0.375000,0
2011-08-31,sh.600223,7.9400,8.1500,7.8600,8.1000,8.0300,5871827,47231519.0000,3,1.732432,1,0.871700,0
2011-09-01,sh.600223,8.1300,8.1300,7.8600,7.8900,8.1000,2659598,21259385.0000,3,0.784692,1,-2.592600,0
2011-09-02,sh.600223,7.9200,7.9500,7.6000,7.7200,7.8900,2000999,15462451.0000,3,0.590378,1,-2.154600,0
2011-09-05,sh.600223,7.7000,7.7000,7.4200,7.4600,7.7200,1792456,13489556.0000,3,0.528849,1,-3.367900,0
2011-09-06,sh.600223,7.4100,7.5300,7.4100,7.4800,7.4600,756233,5655645.0000,3,0.223120,1,0.268100,0
2011-09-07,sh.600223,7.5900,7.6600,7.4900,7.6500,7.4800,1213485,9188794.0000,3,0.358028,1,2.272700,0
2011-09-08,sh.600223,7.6500,7.6700,7.4400,7.4700,7.6500,1245168,9386386.0000,3,0.367376,1,-2.352945,0
2011-09-09,sh.600223,7.4700,7.6000,7.4300,7.4800,7.4700,822182,6168920.0000,3,0.242578,1,0.133900,0
2011-09-13,sh.600223,7.4500,7.5800,7.1400,7.5000,7.4800,2374425,17409527.0000,3,0.700554,1,0.267400,0
2011-09-14,sh.600223,7.5000,7.7100,7.4500,7.5900,7.5000,1841983,13967012.0000,3,0.543461,1,1.200000,0
2011-09-15,sh.600223,7.5900,7.6500,7.5400,7.5600,7.5900,999002,7577876.0000,3,0.294747,1,-0.395300,0
2011-09-16,sh.600223,7.5600,7.6500,7.5300,7.5700,7.5600,1138613,8633660.0000,3,0.335938,1,0.132300,0
2011-09-19,sh.600223,7.5200,7.6800,7.2000,7.4400,7.5700,3508899,26090149.0000,3,1.035271,1,-1.717300,0
2011-09-20,sh.600223,7.4200,7.4700,7.3000,7.4200,7.4400,1319247,9717806.0000,3,0.389233,1,-0.268800,0
2011-09-21,sh.600223,7.3700,7.5800,7.3200,7.5600,7.4200,1634489,12251844.0000,3,0.482242,1,1.886800,0
2011-09-22,sh.600223,7.4900,7.5000,7.1800,7.1900,7.5600,3531738,25820032.0000,3,1.042009,1,-4.894200,0
2011-09-23,sh.600223,7.1000,7.2400,6.9600,7.0900,7.1900,2719905,19192135.0000,3,0.802485,1,-1.390800,0
2011-09-26,sh.600223,7.0800,7.1800,6.9800,7.0000,7.0900,971499,6853115.0000,3,0.286632,1,-1.269400,0
2011-09-27,sh.600223,7.0800,7.0900,6.8300,6.8800,7.0000,2164243,14987918.0000,3,0.638541,1,-1.714300,0
2011-09-28,sh.600223,6.8800,6.9400,6.6700,6.7100,6.8800,1072396,7286084.0000,3,0.316401,1,-2.470900,0
2011-09-29,sh.600223,6.7000,6.7000,6.4100,6.5700,6.7100,1497181,9874669.0000,3,0.441730,1,-2.086400,0
2011-09-30,sh.600223,6.5200,6.6700,6.5200,6.6200,6.5700,1612932,10654145.0000,3,0.475882,1,0.761000,0
2011-10-10,sh.600223,6.6300,6.7000,6.4200,6.4600,6.6200,2964493,19476160.0000,3,0.874648,1,-2.416900,0
2011-10-11,sh.600223,6.6200,6.7000,5.9000,6.0400,6.4600,5592844,35076719.0000,3,1.650121,1,-6.501500,0
2011-10-12,sh.600223,6.0100,6.2500,5.8800,6.1500,6.0400,5389607,32655043.0000,3,1.590157,1,1.821200,0
2011-10-13,sh.600223,6.1500,6.2200,6.1000,6.1600,6.1500,3538624,21806453.0000,3,1.044041,1,0.162600,0
2011-10-14,sh.600223,6.1900,6.2400,6.0000,6.0500,6.1600,2891252,17592450.0000,3,0.853039,1,-1.785700,0
2011-10-17,sh.600223,6.0600,6.0900,5.9900,6.0600,6.0500,3559942,21486606.0000,3,1.050330,1,0.165300,0
2011-10-18,sh.600223,6.0200,6.0600,5.7500,5.7600,6.0600,3119199,18377655.0000,3,0.920293,1,-4.950500,0
2011-10-19,sh.600223,5.7500,5.7900,5.5700,5.6200,5.7600,3015135,16996504.0000,3,0.889590,1,-2.430600,0
2011-10-20,sh.600223,5.6000,5.7200,5.4200,5.4500,5.6200,3079653,17025842.0000,3,0.908625,1,-3.024900,0
2011-10-21,sh.600223,5.3900,5.4900,5.3400,5.3900,5.4500,2830963,15313905.0000,3,0.835251,1,-1.100900,0
2011-10-24,sh.600223,5.4400,5.5300,5.2000,5.4000,5.3900,3733353,20147830.0000,3,1.101494,1,0.185500,0
2011-10-25,sh.600223,5.4100,5.6200,5.3300,5.5800,5.4000,3884432,21398952.0000,3,1.146068,1,3.333300,0
2011-10-26,sh.600223,5.5200,5.7400,5.3500,5.6800,5.5800,6045571,34169457.0000,3,1.783694,1,1.792100,0
2011-10-27,sh.600223,5.6900,5.8000,5.6500,5.6900,5.6800,3286291,18800703.0000,3,0.969592,1,0.176100,0
2011-10-28,sh.600223,5.7500,6.0100,5.7200,5.8500,5.6900,4729470,27842569.0000,3,1.395390,1,2.812000,0
2011-10-31,sh.600223,5.8300,5.9200,5.7600,5.8400,5.8500,2704683,15776323.0000,3,0.797994,1,-0.170900,0
2011-11-01,sh.600223,5.8000,5.8400,5.7000,5.7500,5.8400,3099851,17843504.0000,3,0.914584,1,-1.541100,0
2011-11-02,sh.600223,5.6600,5.8800,5.6300,5.8500,5.7500,4350714,24966427.0000,3,1.283641,1,1.739100,0
2011-11-03,sh.600223,5.8700,5.9600,5.8200,5.8900,5.8500,3956817,23343983.0000,3,1.167425,1,0.683800,0
2011-11-04,sh.600223,5.9100,5.9700,5.8600,5.9400,5.8900,2754653,16297504.0000,3,0.812737,1,0.848900,0
2011-11-07,sh.600223,5.9500,5.9800,5.8200,5.8200,5.9400,1770657,10462322.0000,3,0.522417,1,-2.020200,0
2011-11-08,sh.600223,5.8500,5.8500,5.6000,5.6500,5.8200,3902575,22288036.0000,3,1.151421,1,-2.921000,0
2011-11-09,sh.600223,5.6600,5.7500,5.5000,5.7500,5.6500,3691823,20822452.0000,3,1.089241,1,1.769900,0
2011-11-10,sh.600223,5.6700,5.7000,5.4800,5.5200,5.7500,2863736,16082437.0000,3,0.844921,1,-4.000000,0
2011-11-11,sh.600223,5.5300,5.5800,5.4600,5.5000,5.5200,6407162,35276377.0000,3,1.890378,1,-0.362300,0
2011-11-14,sh.600223,5.5400,5.6800,5.5200,5.6800,5.5000,5393167,30235571.0000,3,1.591208,1,3.272700,0
2011-11-15,sh.600223,5.6600,5.6600,5.5400,5.6600,5.6800,4658179,26096663.0000,3,1.374356,1,-0.352100,0
2011-11-16,sh.600223,5.6700,5.6800,5.4900,5.5400,5.6600,5617684,31320472.0000,3,1.657450,1,-2.120100,0
2011-11-17,sh.600223,5.5600,5.5700,5.4400,5.4600,5.5400,4895519,26881192.0000,3,1.444381,1,-1.444000,0
2011-11-18,sh.600223,5.4400,5.4400,5.1000,5.1800,5.4600,5571935,29298157.0000,3,1.643952,1,-5.128200,0
2011-11-21,sh.600223,5.2100,5.2100,4.9900,5.0500,5.1800,5936238,29920613.0000,3,1.751436,1,-2.509700,0
2011-11-22,sh.600223,5.0300,5.0600,4.9600,5.0400,5.0500,2703741,13575908.0000,3,0.797716,1,-0.198000,0
2011-11-23,sh.600223,5.0600,5.0700,4.9600,4.9600,5.0400,2436012,12185762.0000,3,0.718724,1,-1.587300,0
2011-11-24,sh.600223,4.9300,5.0700,4.8500,4.9800,4.9600,4967246,24589593.0000,3,1.465543,1,0.403200,0
2011-11-25,sh.600223,4.9700,4.9800,4.8100,4.8600,4.9800,5750536,28046599.0000,3,1.696646,1,-2.409600,0
2011-11-28,sh.600223,4.8700,4.9400,4.7600,4.8000,4.8600,3405910,16424100.0000,3,1.004885,1,-1.234600,0
2011-11-29,sh.600223,4.8100,4.8800,4.7600,4.8500,4.8000,3766200,18188392.0000,3,1.111185,1,1.041700,0
2011-11-30,sh.600223,4.8700,4.8700,4.5900,4.6300,4.8500,4992326,23545433.0000,3,1.472943,1,-4.536100,0
2011-12-01,sh.600223,4.8800,4.9600,4.7200,4.8300,4.6300,11787323,57489587.0000,3,3.477749,1,4.319700,0
2011-12-02,sh.600223,4.7600,4.7900,4.6600,4.6900,4.8300,4928960,23242693.0000,3,1.454247,1,-2.898600,0
2011-12-05,sh.600223,4.6900,4.7200,4.5500,4.5800,4.6900,4231357,19419681.0000,3,1.248426,1,-2.345400,0
2011-12-06,sh.600223,4.5300,4.6100,4.4800,4.5500,4.5800,5975808,27125863.0000,3,1.763111,1,-0.655000,0
2011-12-07,sh.600223,4.5600,4.5600,4.4600,4.5000,4.5500,3619405,16334114.0000,3,1.067874,1,-1.098900,0
2011-12-08,sh.600223,4.5000,4.6000,4.3300,4.5600,4.5000,7701088,34627415.0000,3,2.272140,1,1.333300,0
2011-12-09,sh.600223,4.5300,4.8800,4.5000,4.7100,4.5600,15998538,75539261.0000,3,4.720232,1,3.289500,0
2011-12-12,sh.600223,4.6900,4.7700,4.6100,4.6300,4.7100,4962778,23234617.0000,3,1.464225,1,-1.698500,0
2011-12-13,sh.600223,4.6000,4.6500,4.4200,4.4500,4.6300,4057146,18395955.0000,3,1.197026,1,-3.887700,0
2011-12-14,sh.600223,4.4000,4.5400,4.3000,4.4600,4.4500,3373685,15060396.0000,3,0.995377,1,0.224700,0
2011-12-15,sh.600223,4.3700,4.6300,4.3700,4.4500,4.4600,3720546,16899882.0000,3,1.097715,1,-0.224200,0
2011-12-16,sh.600223,4.4100,4.6100,4.3700,4.6000,4.4500,4193434,18890132.0000,3,1.237237,1,3.370800,0
2011-12-19,sh.600223,4.5500,4.5900,4.4100,4.5300,4.6000,3496140,15760876.0000,3,1.031506,1,-1.521700,0
2011-12-20,sh.600223,4.4900,4.7500,4.4900,4.6700,4.5300,7300907,34190505.0000,3,2.154070,1,3.090500,0
2011-12-21,sh.600223,4.6800,4.7400,4.5700,4.5900,4.6700,3136285,14597514.0000,3,0.925334,1,-1.713100,0
2011-12-22,sh.600223,4.5200,4.5700,4.2700,4.5000,4.5900,3900995,17247297.0000,3,1.150955,1,-1.960800,0
2011-12-23,sh.600223,4.4500,4.7000,4.4300,4.5800,4.5000,4926913,22622373.0000,3,1.453643,1,1.777800,0
2011-12-26,sh.600223,4.5700,4.6800,4.5100,4.6100,4.5800,2032110,9345669.0000,3,0.599557,1,0.655000,0
2011-12-27,sh.600223,4.5900,4.6200,4.4900,4.5600,4.6100,1843001,8370956.0000,3,0.543762,1,-1.084600,0
2011-12-28,sh.600223,4.5500,4.5800,4.4400,4.5600,4.5600,1994725,8982848.0000,3,0.588527,1,0.000000,0
2011-12-29,sh.600223,4.5500,4.5900,4.5000,4.5600,4.5600,1218374,5530139.0000,3,0.359471,1,0.000000,0
2011-12-30,sh.600223,4.5700,4.7800,4.5600,4.6700,4.5600,6087806,28614232.0000,3,1.796155,1,2.412300,0
2012-01-04,sh.600223,4.7300,4.7800,4.5600,4.6000,4.6700,2726085,12797287.0000,3,0.804308,1,-1.498900,0
2012-01-05,sh.600223,4.5100,4.6100,4.3700,4.4400,4.6000,3402418,15237336.0000,3,1.003854,1,-3.478300,0
2012-01-06,sh.600223,4.4500,4.4900,4.3200,4.4500,4.4400,1238874,5452663.0000,3,0.158885,1,0.225200,0
2012-01-09,sh.600223,4.4100,4.6300,4.3900,4.6100,4.4500,3446023,15506459.0000,3,0.441951,1,3.595500,0
2012-01-10,sh.600223,4.5900,4.8100,4.5400,4.7600,4.6100,5216287,24591820.0000,3,0.668986,1,3.253800,0
2012-01-11,sh.600223,4.7500,4.8700,4.6500,4.8200,4.7600,4716939,22380563.0000,3,0.604945,1,1.260500,0
2012-01-12,sh.600223,4.7800,5.0200,4.7800,4.8600,4.8200,5461466,26704741.0000,3,0.700430,1,0.829900,0
2012-01-13,sh.600223,4.8300,4.8700,4.7200,4.7800,4.8600,2233977,10676484.0000,3,0.286506,1,-1.646100,0
2012-01-16,sh.600223,4.7100,4.7800,4.6700,4.7300,4.7800,1266127,5965241.0000,3,0.162380,1,-1.046000,0
2012-01-17,sh.600223,4.7400,4.9300,4.7100,4.9100,4.7300,2853339,13843697.0000,3,0.365939,1,3.805500,0
2012-01-18,sh.600223,4.9100,4.9500,4.7500,4.8100,4.9100,4556873,22054171.0000,3,0.584417,1,-2.036700,0
2012-01-19,sh.600223,4.7800,4.9300,4.7600,4.8800,4.8100,2149941,10435788.0000,3,0.275729,1,1.455300,0
2012-01-20,sh.600223,4.8400,4.9700,4.8200,4.9300,4.8800,3432377,16877403.0000,3,0.440201,1,1.024600,0
2012-01-30,sh.600223,4.9300,4.9400,4.8100,4.8300,4.9300,3279555,15984804.0000,3,0.420601,1,-2.028400,0
2012-01-31,sh.600223,4.8000,4.8500,4.7400,4.8000,4.8300,1666478,7960632.0000,3,0.213725,1,-0.621100,0
2012-02-01,sh.600223,4.7900,4.8300,4.6800,4.7200,4.8000,2603479,12358827.0000,3,0.333895,1,-1.666700,0
2012-02-02,sh.600223,4.6900,4.8400,4.6700,4.7900,4.7200,2597218,12346347.0000,3,0.333092,1,1.483100,0
2012-02-03,sh.600223,4.7800,4.8400,4.7400,4.8100,4.7900,3346651,16035161.0000,3,0.429206,1,0.417500,0
2012-02-06,sh.600223,4.8000,4.8200,4.7300,4.7600,4.8100,3026388,14458209.0000,3,0.388133,1,-1.039500,0
2012-02-07,sh.600223,4.7800,4.7800,4.5800,4.6300,4.7600,2708196,12570017.0000,3,0.347325,1,-2.731100,0
2012-02-08,sh.600223,4.6300,4.7900,4.5400,4.7500,4.6300,5922402,27717735.0000,3,0.759545,1,2.591800,0
2012-02-09,sh.600223,4.7500,4.9400,4.7400,4.9100,4.7500,7951965,38665268.0000,3,1.019835,1,3.368400,0
2012-02-10,sh.600223,4.9100,5.2400,4.9100,5.0700,4.9100,20671652,105413088.0000,3,2.651128,1,3.258700,0
2012-02-13,sh.600223,4.9500,4.9700,4.8000,4.9100,5.0700,6921760,33806692.0000,3,0.887712,1,-3.155800,0
2012-02-14,sh.600223,4.8800,4.9900,4.8100,4.9500,4.9100,4176713,20464012.0000,3,0.535661,1,0.814700,0
2012-02-15,sh.600223,4.9200,5.2400,4.8700,5.1900,4.9500,10406680,53031809.0000,3,1.334651,1,4.848500,0
2012-02-16,sh.600223,5.1900,5.4400,5.1300,5.4200,5.1900,16794915,89363268.0000,3,2.153939,1,4.431600,0
2012-02-17,sh.600223,5.4000,5.4500,5.2400,5.4100,5.4200,8602560,46060298.0000,3,1.103274,1,-0.184500,0
2012-02-20,sh.600223,5.4900,5.6200,5.3500,5.4100,5.4100,12143973,66507235.0000,3,1.557458,1,0.000000,0
2012-02-21,sh.600223,5.3600,5.6600,5.3200,5.6400,5.4100,10278611,56588963.0000,3,1.318226,1,4.251400,0
2012-02-22,sh.600223,5.6100,5.8800,5.6100,5.6600,5.6400,15977003,91866285.0000,3,1.596155,1,0.354600,0
2012-02-23,sh.600223,5.6700,5.8800,5.5000,5.7300,5.6600,19390270,111671725.0000,3,1.937152,1,1.236700,0
2012-02-24,sh.600223,5.7300,6.3000,5.7300,6.3000,5.7300,28805869,176698347.0000,3,2.877801,1,9.947600,0
2012-02-27,sh.600223,6.4000,6.5800,6.2500,6.3200,6.3000,16650927,107061417.0000,3,1.663482,1,0.317500,0
2012-02-28,sh.600223,6.3400,6.4700,6.1600,6.4000,6.3200,9872323,62034302.0000,3,0.986278,1,1.265800,0
2012-02-29,sh.600223,6.2500,6.3500,6.1000,6.1500,6.4000,10244556,63466672.0000,3,1.023465,1,-3.906200,0
2012-03-01,sh.600223,6.0400,6.4000,6.0400,6.3300,6.1500,8402759,52489589.0000,3,0.839463,1,2.926800,0
2012-03-02,sh.600223,6.2800,6.9000,6.2600,6.7100,6.3300,9855640,64854587.0000,3,0.984611,1,6.003200,0
2012-03-05,sh.600223,6.7100,6.8500,6.5800,6.6300,6.7100,8494440,56775321.0000,3,0.848623,1,-1.192300,0
2012-03-06,sh.600223,6.5800,6.7200,6.4000,6.5300,6.6300,6297118,41132647.0000,3,0.629103,1,-1.508300,0
2012-03-07,sh.600223,6.4900,6.6600,6.3600,6.6100,6.5300,4160018,27141981.0000,3,0.415599,1,1.225100,0
2012-03-08,sh.600223,6.5600,6.7600,6.5600,6.6400,6.6100,6613432,43916076.0000,3,0.660704,1,0.453900,0
2012-03-09,sh.600223,6.6600,6.7000,6.5300,6.6100,6.6400,4962616,32844688.0000,3,0.495782,1,-0.451800,0
2012-03-12,sh.600223,6.5200,6.6500,6.4100,6.4600,6.6100,3887269,25224529.0000,3,0.388351,1,-2.269300,0
2012-03-13,sh.600223,6.4600,6.5400,6.3500,6.5000,6.4600,4473866,28839983.0000,3,0.446954,1,0.619200,0
2012-03-14,sh.600223,6.5500,6.6600,6.1900,6.2100,6.5000,7089115,45811055.0000,3,0.708226,1,-4.461500,0
2012-03-15,sh.600223,6.1200,6.2100,5.6000,5.9400,6.2100,8902346,52242335.0000,3,0.889374,1,-4.347800,0
2012-03-16,sh.600223,5.8400,6.1300,5.7900,5.8900,5.9400,10220194,60607407.0000,3,1.021031,1,-0.841800,0
2012-03-19,sh.600223,5.8900,6.0400,5.8500,5.9700,5.8900,3641213,21615277.0000,3,0.363769,1,1.358200,0
2012-03-20,sh.600223,5.9300,6.1300,5.9100,5.9700,5.9700,6387872,38388187.0000,3,0.638169,1,0.000000,0
2012-03-21,sh.600223,5.9400,6.0700,5.6200,5.7500,5.9700,8400994,48955318.0000,3,0.839287,1,-3.685100,0
2012-03-22,sh.600223,5.7000,6.0300,5.6500,6.0000,5.7500,7950864,46823003.0000,3,0.794318,1,4.347800,0
2012-03-23,sh.600223,5.9300,6.0300,5.8000,5.8500,6.0000,3408982,20142852.0000,3,0.340569,1,-2.500000,0
2012-03-26,sh.600223,5.7900,5.8900,5.7500,5.8900,5.8500,3056777,17820246.0000,3,0.305382,1,0.683800,0
2012-03-27,sh.600223,5.7500,5.8100,5.3400,5.4100,5.8900,17150223,95045509.0000,3,1.713364,1,-8.149400,0
2012-03-28,sh.600223,5.3600,5.4000,5.1700,5.3100,5.4100,10114604,53535033.0000,3,1.010482,1,-1.848400,0
2012-03-29,sh.600223,5.2200,5.7000,5.1600,5.5100,5.3100,15304742,83730705.0000,3,1.528994,1,3.766500,0
2012-03-30,sh.600223,5.5000,5.7000,5.4200,5.6000,5.5100,5479006,30603708.0000,3,0.547371,1,1.633400,0
2012-04-05,sh.600223,5.5800,5.8100,5.4800,5.8000,5.6000,5318389,30143699.0000,3,0.531325,1,3.571400,0
2012-04-06,sh.600223,5.7700,6.1000,5.7200,6.0400,5.8000,6833656,40893885.0000,3,0.682705,1,4.137900,0
2012-04-09,sh.600223,5.9800,6.0600,5.7200,5.8600,6.0400,3592593,21123140.0000,3,0.358912,1,-2.980100,0
2012-04-10,sh.600223,5.7800,6.0500,5.5400,5.9700,5.8600,3872600,22222217.0000,3,0.386885,1,1.877100,0
2012-04-11,sh.600223,5.8100,6.1800,5.7800,5.9900,5.9700,5313686,32186158.0000,3,0.530855,1,0.335000,0
2012-04-12,sh.600223,6.0300,6.1500,5.8500,6.0600,5.9900,3739470,22481093.0000,3,0.373585,1,1.168600,0
2012-04-13,sh.600223,6.0900,6.1000,6.0000,6.0400,6.0600,3176240,19214581.0000,3,0.317317,1,-0.330000,0
2012-04-16,sh.600223,5.9600,6.0900,5.8000,6.0200,6.0400,3268730,19534093.0000,3,0.326557,1,-0.331100,0
2012-04-17,sh.600223,5.9300,6.0100,5.7500,5.8000,6.0200,2173112,12694772.0000,3,0.217101,1,-3.654500,0
2012-04-18,sh.600223,5.8100,5.9800,5.6200,5.9200,5.8000,8120970,46917232.0000,3,0.811312,1,2.069000,0
2012-04-19,sh.600223,5.9200,5.9200,5.9200,5.9200,5.9200,0,0.0000,3,,0,0.000000,0
2012-04-20,sh.600223,5.8200,6.1500,5.7300,6.0100,5.9200,6529562,38732366.0000,3,0.652325,1,1.520300,0
2012-04-23,sh.600223,5.9900,6.0500,5.8100,5.8200,6.0100,2511978,14867577.0000,3,0.250955,1,-3.161400,0
2012-04-24,sh.600223,5.7500,5.9500,5.5800,5.8400,5.8200,3441399,19840523.0000,3,0.343807,1,0.343600,0
2012-04-25,sh.600223,5.8400,6.3400,5.8200,6.3300,5.8400,10780087,66125215.0000,3,1.076966,1,8.390400,0
2012-04-26,sh.600223,6.3000,6.4500,6.2900,6.3400,6.3300,8387801,53443082.0000,3,0.837969,1,0.158000,0
2012-04-27,sh.600223,6.3100,6.4200,6.2000,6.2500,6.3400,3605927,22760766.0000,3,0.360244,1,-1.419600,0
2012-05-02,sh.600223,6.2700,6.4400,6.1800,6.3700,6.2500,2665131,16897514.0000,3,0.266255,1,1.920000,0
2012-05-03,sh.600223,6.3600,6.4900,6.0800,6.2100,6.3700,3935229,24501006.0000,3,0.393142,1,-2.511800,0
2012-05-04,sh.600223,6.1800,6.2100,6.0600,6.1200,6.2100,6311124,38636043.0000,3,0.630502,1,-1.449300,0
2012-05-07,sh.600223,6.0800,6.1900,6.0200,6.1700,6.1200,3188932,19494321.0000,3,0.318585,1,0.817000,0
2012-05-08,sh.600223,6.1600,6.3800,6.0800,6.3100,6.1700,3094822,19383603.0000,3,0.309183,1,2.269000,0
2012-05-09,sh.600223,6.2500,6.3600,6.1700,6.2700,6.3100,3725426,23337989.0000,3,0.372182,1,-0.633900,0
2012-05-10,sh.600223,6.2000,6.5000,6.1900,6.3600,6.2700,4084751,25976861.0000,3,0.408080,1,1.435400,0
2012-05-11,sh.600223,6.3500,6.3900,6.1800,6.2000,6.3600,1948902,12262432.0000,3,0.194702,1,-2.515700,0
2012-05-14,sh.600223,6.2800,6.5900,6.2500,6.5000,6.2000,7253965,46996123.0000,3,0.724695,1,4.838700,0
2012-05-15,sh.600223,6.4300,6.6300,6.4100,6.5600,6.5000,3900243,25456119.0000,3,0.389647,1,0.923100,0
2012-05-16,sh.600223,6.5700,6.6200,6.4100,6.4300,6.5600,2270759,14765022.0000,3,0.226856,1,-1.981700,0
2012-05-17,sh.600223,6.4600,6.5000,6.3400,6.4400,6.4300,2611380,16759260.0000,3,0.260885,1,0.155500,0
2012-05-18,sh.600223,6.4000,6.5100,6.2700,6.3500,6.4400,3109173,19899675.0000,3,0.310617,1,-1.397500,0
2012-05-21,sh.600223,6.3700,6.4400,6.2300,6.3000,6.3500,1944246,12289591.0000,3,0.194237,1,-0.787400,0
2012-05-22,sh.600223,6.3000,6.5300,6.2800,6.4900,6.3000,2496583,16012293.0000,3,0.249417,1,3.015900,0
2012-05-23,sh.600223,6.4500,6.7000,6.4100,6.5500,6.4900,3538206,23242141.0000,3,0.353478,1,0.924500,0
2012-05-24,sh.600223,6.5400,6.6500,6.4500,6.4800,6.5500,1746316,11406994.0000,3,0.174463,1,-1.068700,0
2012-05-25,sh.600223,6.4500,6.7200,6.4200,6.5000,6.4800,4812645,31556592.0000,3,0.480799,1,0.308600,0
2012-05-28,sh.600223,6.4000,6.7300,6.3100,6.6600,6.5000,4232325,27849161.0000,3,0.422823,1,2.461500,0
2012-05-29,sh.600223,6.6600,6.8100,6.5700,6.6500,6.6600,7580403,50834351.0000,3,0.757307,1,-0.150200,0
2012-05-30,sh.600223,6.6800,7.1900,6.6800,6.8800,6.6500,11443775,79029663.0000,3,1.143271,1,3.458600,0
2012-05-31,sh.600223,6.8700,7.0800,6.8300,6.9500,6.8800,7120528,49541682.0000,3,0.711364,1,1.017400,0
2012-06-01,sh.600223,6.8200,7.0300,6.7300,6.7700,6.9500,3722359,25465449.0000,3,0.371876,1,-2.589900,0
2012-06-04,sh.600223,6.7100,6.7500,6.4300,6.5800,6.7700,4148482,27215744.0000,3,0.414447,1,-2.806500,0
2012-06-05,sh.600223,6.5800,6.6500,6.5000,6.5400,6.5800,2041289,13407308.0000,3,0.203931,1,-0.607900,0
2012-06-06,sh.600223,6.5100,6.5900,6.1800,6.3700,6.5400,3757035,23899247.0000,3,0.375340,1,-2.599400,0
2012-06-07,sh.600223,6.3700,6.6400,6.3500,6.3700,6.3700,3284391,21241104.0000,3,0.328121,1,0.000000,0
2012-06-08,sh.600223,6.3700,6.3700,6.3700,6.3700,6.3700,0,0.0000,3,,0,0.000000,0
2012-06-11,sh.600223,6.3600,6.6000,6.2700,6.5700,6.3700,5730828,37049586.0000,3,0.572529,1,3.139700,0
2012-06-12,sh.600223,6.5000,6.7300,6.4600,6.5800,6.5700,5068031,33437536.0000,3,0.506313,1,0.152200,0
2012-06-13,sh.600223,6.6000,6.6900,6.4900,6.6300,6.5800,4676083,30757995.0000,3,0.467156,1,0.759900,0
2012-06-14,sh.600223,6.6300,6.7100,6.5500,6.6300,6.6300,2396832,15871802.0000,3,0.239451,1,0.000000,0
2012-06-15,sh.600223,6.6000,6.6200,6.1500,6.2800,6.6300,6195351,39095163.0000,3,0.618936,1,-5.279000,0
2012-06-18,sh.600223,6.2800,6.3000,6.0200,6.1200,6.2800,6298511,38670022.0000,3,0.629242,1,-2.547800,0
2012-06-19,sh.600223,6.0900,6.2400,5.8900,5.9700,6.1200,5162111,31089868.0000,3,0.515712,1,-2.451000,0
2012-06-20,sh.600223,5.9700,5.9800,5.8200,5.8600,5.9700,3800446,22333197.0000,3,0.379677,1,-1.842500,0
2012-06-21,sh.600223,5.8500,5.9300,5.7800,5.8700,5.8600,3366942,19679951.0000,3,0.336369,1,0.170600,0
2012-06-25,sh.600223,5.8100,5.8700,5.4500,5.4600,5.8700,2376245,13410048.0000,3,0.237395,1,-6.984700,0
2012-06-26,sh.600223,5.4600,5.5500,5.4100,5.5200,5.4600,2358875,12939676.0000,3,0.235659,1,1.098900,0
2012-06-27,sh.600223,5.4900,5.6000,5.3200,5.4400,5.5200,2933060,15998579.0000,3,0.293022,1,-1.449300,0
2012-06-28,sh.600223,5.4400,5.4500,5.1900,5.2600,5.4400,3732840,19795979.0000,3,0.372923,1,-3.308800,0
2012-06-29,sh.600223,5.2200,5.3200,5.1000,5.2400,5.2600,4125720,21595652.0000,3,0.412173,1,-0.380200,0
2012-07-02,sh.600223,5.2700,5.4000,5.2500,5.3100,5.2400,3246923,17297960.0000,3,0.324378,1,1.335900,0
2012-07-03,sh.600223,5.3500,5.5200,5.2800,5.3800,5.3100,7223050,39109316.0000,3,0.721606,1,1.318300,0
2012-07-04,sh.600223,5.3900,5.3900,5.0500,5.0800,5.3800,7967693,41427384.0000,3,0.795999,1,-5.576200,0
2012-07-05,sh.600223,5.0200,5.1600,4.9400,5.0400,5.0800,4416797,22261524.0000,3,0.441253,1,-0.787400,0
2012-07-06,sh.600223,5.1100,5.2500,5.0400,5.2400,5.0400,7581799,39090673.0000,3,0.757447,1,3.968300,0
2012-07-09,sh.600223,5.1500,5.4700,5.1200,5.3900,5.2400,7382931,39593240.0000,3,0.737579,1,2.862600,0
2012-07-10,sh.600223,5.3600,5.4400,5.2700,5.3400,5.3900,3664000,19632702.0000,3,0.366046,1,-0.927600,0
2012-07-11,sh.600223,5.2900,5.4300,5.2900,5.3600,5.3400,1470022,7866749.0000,3,0.146860,1,0.374500,0
2012-07-12,sh.600223,5.3500,5.4400,5.3100,5.4400,5.3600,2043786,11043563.0000,3,0.204181,1,1.492500,0
2012-07-13,sh.600223,5.4400,5.4400,5.2400,5.3600,5.4400,2076570,11099753.0000,3,0.207456,1,-1.470600,0
2012-07-16,sh.600223,5.3100,5.3100,4.8200,4.8200,5.3600,5495629,27440544.0000,3,0.549031,1,-10.074600,0
2012-07-17,sh.600223,4.8200,4.9200,4.7200,4.8500,4.8200,4523777,21816785.0000,3,0.451940,1,0.622400,0
2012-07-18,sh.600223,4.8500,4.8800,4.3700,4.5500,4.8500,9638443,43570844.0000,3,0.962912,1,-6.185600,0
2012-07-19,sh.600223,4.4900,4.6700,4.4600,4.5900,4.5500,6856489,31421753.0000,3,0.684986,1,0.879100,0
2012-07-20,sh.600223,4.5500,4.6400,4.5200,4.6100,4.5900,3573777,16419235.0000,3,0.357032,1,0.435700,0
2012-07-23,sh.600223,4.5900,4.5900,4.4500,4.5100,4.6100,1573700,7088226.0000,3,0.157218,1,-2.169200,0
2012-07-24,sh.600223,4.5100,4.6200,4.4700,4.5600,4.5100,2415177,11018247.0000,3,0.241284,1,1.108600,0
2012-07-25,sh.600223,4.5600,4.5600,4.4500,4.4800,4.5600,3622432,16227800.0000,3,0.361893,1,-1.754400,0
2012-07-26,sh.600223,4.4900,4.4900,4.3200,4.3400,4.4800,4485406,19625228.0000,3,0.448107,1,-3.125000,0
2012-07-27,sh.600223,4.3800,4.3800,4.2800,4.3100,4.3400,3121774,13496100.0000,3,0.311876,1,-0.691200,0
2012-07-30,sh.600223,4.3200,4.3200,4.1000,4.1100,4.3100,3781614,15824742.0000,3,0.377796,1,-4.640400,0
2012-07-31,sh.600223,4.1100,4.2200,4.0800,4.1300,4.1100,1851366,7671581.0000,3,0.184958,1,0.486600,0
2012-08-01,sh.600223,4.1500,4.2500,4.0400,4.1100,4.1300,7258060,30044609.0000,3,0.725104,1,-0.484300,0
2012-08-02,sh.600223,4.1200,4.1200,3.9000,3.9900,4.1100,7664403,30605694.0000,3,0.765699,1,-2.919700,0
2012-08-03,sh.600223,3.9800,4.0200,3.8900,3.9700,3.9900,5929987,23404002.0000,3,0.592425,1,-0.501300,0
2012-08-06,sh.600223,3.9500,4.0600,3.9200,4.0600,3.9700,7098012,28295685.0000,3,0.709115,1,2.267000,0
2012-08-07,sh.600223,4.0400,4.1600,4.0300,4.1500,4.0600,10315745,42348252.0000,3,1.030577,1,2.216700,0
2012-08-08,sh.600223,4.1400,4.1500,4.0900,4.1300,4.1500,9047454,37238119.0000,3,0.903870,1,-0.481900,0
2012-08-09,sh.600223,4.1500,4.3100,4.1300,4.2900,4.1300,11870123,50012222.0000,3,1.185864,1,3.874100,0
2012-08-10,sh.600223,4.2500,4.2800,4.1500,4.1900,4.2900,6960360,29309069.0000,3,0.695363,1,-2.331000,0
2012-08-13,sh.600223,4.1900,4.1900,3.9900,4.0100,4.1900,9150139,37073423.0000,3,0.914129,1,-4.295900,0
2012-08-14,sh.600223,4.0000,4.1000,4.0000,4.0800,4.0100,5262366,21302579.0000,3,0.525728,1,1.745600,0
2012-08-15,sh.600223,4.0600,4.0800,4.0300,4.0600,4.0800,2833700,11501045.0000,3,0.283096,1,-0.490200,0
2012-08-16,sh.600223,4.0600,4.1100,4.0200,4.0900,4.0600,1971883,8020824.0000,3,0.196998,1,0.738900,0
2012-08-17,sh.600223,4.1100,4.1100,4.0100,4.0800,4.0900,4822980,19556720.0000,3,0.481832,1,-0.244500,0
2012-08-20,sh.600223,4.0700,4.0700,3.9900,4.0600,4.0800,2261604,9113409.0000,3,0.225942,1,-0.490200,0
2012-08-21,sh.600223,4.0800,4.1300,4.0400,4.0900,4.0600,3344143,13680460.0000,3,0.334091,1,0.738900,0
2012-08-22,sh.600223,4.1000,4.1100,4.0000,4.0400,4.0900,4162398,16808483.0000,3,0.415837,1,-1.222500,0
2012-08-23,sh.600223,4.0500,4.0800,4.0000,4.0500,4.0400,2516084,10158557.0000,3,0.251365,1,0.247500,0
2012-08-24,sh.600223,4.0300,4.0500,3.9400,3.9500,4.0500,3900389,15516647.0000,3,0.389662,1,-2.469100,0
2012-08-27,sh.600223,3.9000,3.9000,3.7500,3.8300,3.9500,4970697,18975696.0000,3,0.496589,1,-3.038000,0
2012-08-28,sh.600223,3.8200,3.8700,3.7400,3.8000,3.8300,3902034,14815492.0000,3,0.389826,1,-0.783300,0
2012-08-29,sh.600223,3.8100,3.8200,3.7500,3.7900,3.8000,2937432,11111679.0000,3,0.293459,1,-0.263200,0
2012-08-30,sh.600223,3.7900,3.7900,3.6200,3.7300,3.7900,6373573,23596841.0000,3,0.636741,1,-1.583112,0
2012-08-31,sh.600223,3.7300,3.7400,3.6200,3.7000,3.7300,3545242,13031248.0000,3,0.354181,1,-0.804300,0
2012-09-03,sh.600223,3.6800,3.8400,3.6500,3.8200,3.7000,4769182,18079051.0000,3,0.476457,1,3.243200,0
2012-09-04,sh.600223,3.8300,3.8300,3.7100,3.7200,3.8200,3136071,11828230.0000,3,0.313304,1,-2.617800,0
2012-09-05,sh.600223,3.7200,3.8000,3.7000,3.7600,3.7200,2791516,10497293.0000,3,0.278882,1,1.075300,0
2012-09-06,sh.600223,3.7500,3.8900,3.7500,3.8800,3.7600,3641150,13996888.0000,3,0.363763,1,3.191500,0
2012-09-07,sh.600223,3.9100,4.1300,3.8700,4.0400,3.8800,13322263,53501699.0000,3,1.330938,1,4.123700,0
2012-09-10,sh.600223,4.0100,4.0700,3.9700,3.9900,4.0400,7549498,30268027.0000,3,0.754220,1,-1.237600,0
2012-09-11,sh.600223,4.0000,4.0500,3.9700,4.0100,3.9900,4898530,19613231.0000,3,0.489379,1,0.501300,0
2012-09-12,sh.600223,4.0300,4.0500,3.9000,4.0000,4.0100,8117791,32202995.0000,3,0.810994,1,-0.249400,0
2012-09-13,sh.600223,3.9800,4.0000,3.8900,3.9000,4.0000,7011493,27587917.0000,3,0.700471,1,-2.500000,0
2012-09-14,sh.600223,3.9300,3.9500,3.8100,3.9000,3.9000,7350766,28542006.0000,3,0.734366,1,0.000000,0
2012-09-17,sh.600223,3.9000,3.9000,3.7500,3.7600,3.9000,5384829,20454322.0000,3,0.537962,1,-3.589700,0
2012-09-18,sh.600223,3.7700,3.8000,3.7400,3.7800,3.7600,3717848,14000581.0000,3,0.371425,1,0.531900,0
2012-09-19,sh.600223,3.7600,3.7900,3.7300,3.7800,3.7800,2103243,7931850.0000,3,0.210121,1,0.000000,0
2012-09-20,sh.600223,3.7800,3.8000,3.6300,3.6500,3.7800,5165547,19141735.0000,3,0.516055,1,-3.439200,0
2012-09-21,sh.600223,3.6500,3.6500,3.5600,3.5900,3.6500,4927610,17740335.0000,3,0.492284,1,-1.643800,0
2012-09-24,sh.600223,3.5600,3.6000,3.4900,3.5700,3.5900,5232408,18532371.0000,3,0.522735,1,-0.557100,0
2012-09-25,sh.600223,3.5500,3.5700,3.5200,3.5500,3.5700,2406546,8536552.0000,3,0.240422,1,-0.560200,0
2012-09-26,sh.600223,3.5600,3.5700,3.4500,3.4900,3.5500,2983686,10440243.0000,3,0.298080,1,-1.690100,0
2012-09-27,sh.600223,3.4800,3.5900,3.4500,3.5200,3.4900,4850428,17141408.0000,3,0.484574,1,0.859600,0
2012-09-28,sh.600223,3.5200,3.6300,3.5100,3.6100,3.5200,5874057,21013803.0000,3,0.586838,1,2.556800,0
2012-10-08,sh.600223,3.6100,3.6200,3.5300,3.5700,3.6100,3181948,11346349.0000,3,0.317887,1,-1.108000,0
2012-10-09,sh.600223,3.5700,3.7400,3.5700,3.7300,3.5700,7534379,27614442.0000,3,0.752709,1,4.481800,0
2012-10-10,sh.600223,3.7100,3.8100,3.6600,3.8000,3.7300,7762052,29128080.0000,3,0.775455,1,1.876700,0
2012-10-11,sh.600223,3.7900,3.7900,3.6900,3.7200,3.8000,4150697,15532296.0000,3,0.414668,1,-2.105300,0
2012-10-12,sh.600223,3.7500,3.9300,3.7200,3.7700,3.7200,6129797,23350870.0000,3,0.612387,1,1.344100,0
2012-10-15,sh.600223,3.7900,3.8100,3.6800,3.7300,3.7700,2885128,10745113.0000,3,0.288234,1,-1.061000,0
2012-10-16,sh.600223,3.7100,3.8300,3.7000,3.7900,3.7300,7690883,29068624.0000,3,0.768345,1,1.608600,0
2012-10-17,sh.600223,3.7900,3.8300,3.7500,3.8100,3.7900,4597182,17441217.0000,3,0.459274,1,0.527700,0
2012-10-18,sh.600223,3.8000,4.1900,3.8000,4.0500,3.8100,20163755,81395745.0000,3,2.014426,1,6.299200,0
2012-10-19,sh.600223,4.0000,4.1300,3.9700,4.0800,4.0500,13821532,56200237.0000,3,1.380817,1,0.740734,0
2012-10-22,sh.600223,4.0100,4.2200,3.9900,4.1500,4.0800,11466656,47182319.0000,3,1.145557,1,1.715700,0
2012-10-23,sh.600223,4.1600,4.2800,4.0800,4.1600,4.1500,13240826,55554341.0000,3,1.322802,1,0.241000,0
2012-10-24,sh.600223,4.1500,4.1800,4.0600,4.1100,4.1600,6308897,25875960.0000,3,0.630280,1,-1.201900,0
2012-10-25,sh.600223,4.1100,4.1900,4.0700,4.0900,4.1100,6742969,27736663.0000,3,0.673645,1,-0.486600,0
2012-10-26,sh.600223,4.0900,4.1300,3.9700,3.9700,4.0900,6377198,25691335.0000,3,0.637103,1,-2.934000,0
2012-10-29,sh.600223,3.9500,4.0200,3.9300,3.9600,3.9700,2910340,11562993.0000,3,0.290753,1,-0.251900,0
2012-10-30,sh.600223,3.9500,4.1000,3.9400,4.0100,3.9600,6129067,24619249.0000,3,0.612314,1,1.262600,0
2012-10-31,sh.600223,4.0100,4.0200,3.9300,3.9800,4.0100,4463100,17735685.0000,3,0.445878,1,-0.748100,0
2012-11-01,sh.600223,3.9800,4.3800,3.9600,4.3800,3.9800,13807344,58202690.0000,3,1.379399,1,10.050300,0
2012-11-02,sh.600223,4.4800,4.6400,4.3300,4.5500,4.3800,38460928,173066339.0000,3,3.842373,1,3.881300,0
2012-11-05,sh.600223,4.4600,4.5600,4.3700,4.5200,4.5500,16757024,74773963.0000,3,1.674082,1,-0.659300,0
2012-11-06,sh.600223,4.4800,4.4800,4.2800,4.3900,4.5200,12767218,55781689.0000,3,1.275487,1,-2.876100,0
2012-11-07,sh.600223,4.3400,4.4100,4.3100,4.3200,4.3900,6632657,28844555.0000,3,0.662624,1,-1.594500,0
2012-11-08,sh.600223,4.2500,4.4200,4.1300,4.1600,4.3200,10272687,43939154.0000,3,1.026275,1,-3.703700,0
2012-11-09,sh.600223,4.1200,4.2300,4.0800,4.1800,4.1600,5429930,22593708.0000,3,0.542468,1,0.480800,0
2012-11-12,sh.600223,4.1800,4.4300,4.1400,4.4100,4.1800,9707750,41583892.0000,3,0.969836,1,5.502400,0
2012-11-13,sh.600223,4.3900,4.3900,4.1200,4.1400,4.4100,7170183,30429756.0000,3,0.716325,1,-6.122400,0
2012-11-14,sh.600223,4.1500,4.1800,4.0400,4.1200,4.1400,3772965,15476706.0000,3,0.376932,1,-0.483100,0
2012-11-15,sh.600223,4.0800,4.2200,4.0000,4.0100,4.1200,5046183,20798278.0000,3,0.504130,1,-2.669900,0
2012-11-16,sh.600223,3.9700,4.1300,3.9500,4.1000,4.0100,4478691,18161439.0000,3,0.447436,1,2.244400,0
2012-11-19,sh.600223,4.1700,4.2000,4.0400,4.1600,4.1000,4926645,20273236.0000,3,0.492188,1,1.463400,0
2012-11-20,sh.600223,4.2000,4.2900,4.1000,4.2300,4.1600,8728190,36635363.0000,3,0.871975,1,1.682700,0
2012-11-21,sh.600223,4.2500,4.6500,4.1800,4.6500,4.2300,22440258,99152723.0000,3,2.241856,1,9.929100,0
2012-11-22,sh.600223,4.5300,4.5800,4.4500,4.4600,4.6500,16355641,73891858.0000,3,1.633982,1,-4.086000,0
2012-11-23,sh.600223,4.4500,4.7400,4.4500,4.5300,4.4600,16425978,75812359.0000,3,1.641009,1,1.569500,0
2012-11-26,sh.600223,4.4800,4.5600,4.4200,4.5200,4.5300,8643208,38814865.0000,3,0.863485,1,-0.220800,0
2012-11-27,sh.600223,4.4100,4.4900,4.3600,4.3900,4.5200,7309105,32283071.0000,3,0.730204,1,-2.876100,0
2012-11-28,sh.600223,4.3600,4.4000,4.1500,4.1900,4.3900,8940526,38003676.0000,3,0.893188,1,-4.555800,0
2012-11-29,sh.600223,4.1700,4.2800,4.1400,4.1900,4.1900,6512316,27560173.0000,3,0.650602,1,0.000000,0
2012-11-30,sh.600223,4.2500,4.6100,4.1500,4.6100,4.1900,26724148,121143288.0000,3,2.669830,1,10.023900,0
2012-12-03,sh.600223,4.5300,4.9500,4.5000,4.7900,4.6100,35973937,169941711.0000,3,3.593915,1,3.904600,0
2012-12-04,sh.600223,4.6600,5.0400,4.5800,4.9200,4.7900,21563739,103704247.0000,3,2.154289,1,2.714000,0
2012-12-05,sh.600223,4.8900,5.3000,4.8700,5.1000,4.9200,24336131,123227584.0000,3,2.431260,1,3.658500,0
2012-12-06,sh.600223,5.0500,5.1400,4.9300,5.0500,5.1000,15588279,78358956.0000,3,1.557320,1,-0.980400,0
2012-12-07,sh.600223,5.0200,5.1900,4.9200,5.0900,5.0500,19038276,96191883.0000,3,1.901986,1,0.792100,0
2012-12-10,sh.600223,5.0400,5.2300,4.9400,5.2000,5.0900,20131703,102231274.0000,3,2.011223,1,2.161100,0
2012-12-11,sh.600223,5.1400,5.1800,5.0300,5.0600,5.2000,12503777,63735212.0000,3,1.249169,1,-2.692300,0
2012-12-12,sh.600223,5.0700,5.1500,4.9700,5.0900,5.0600,10636565,53826658.0000,3,1.062628,1,0.592900,0
2012-12-13,sh.600223,5.0700,5.3400,5.0100,5.3200,5.0900,22868173,118904708.0000,3,2.284606,1,4.518700,0
2012-12-14,sh.600223,5.2500,5.6600,5.2300,5.5300,5.3200,33875300,185777749.0000,3,3.384254,1,3.947400,0
2012-12-17,sh.600223,5.4700,5.5800,5.3200,5.4000,5.5300,16570200,89814068.0000,3,1.655418,1,-2.350800,0
2012-12-18,sh.600223,5.3500,5.5500,5.2300,5.3500,5.4000,18670957,100642307.0000,3,1.865290,1,-0.925900,0
2012-12-19,sh.600223,5.3400,5.4400,5.2700,5.3300,5.3500,7181330,38433662.0000,3,0.717439,1,-0.373800,0
2012-12-20,sh.600223,5.3200,5.3600,5.1600,5.3000,5.3300,8007932,42179939.0000,3,0.800019,1,-0.562900,0
2012-12-21,sh.600223,5.3000,5.4500,5.1300,5.2800,5.3000,11261275,59750325.0000,3,1.125038,1,-0.377400,0
2012-12-24,sh.600223,5.2300,5.3500,5.1700,5.2800,5.2800,5544323,29166024.0000,3,0.553896,1,0.000000,0
2012-12-25,sh.600223,5.2700,5.5500,5.2200,5.5000,5.2800,19656453,107399585.0000,3,1.963744,1,4.166700,0
2012-12-26,sh.600223,5.4700,5.6000,5.2200,5.3700,5.5000,16015499,86328899.0000,3,1.600001,1,-2.363600,0
2012-12-27,sh.600223,5.3600,5.3700,5.2100,5.2300,5.3700,9454064,49666115.0000,3,0.944492,1,-2.607100,0
2012-12-28,sh.600223,5.2400,5.5000,5.1800,5.4600,5.2300,11795144,63068342.0000,3,1.178374,1,4.397700,0
2012-12-31,sh.600223,5.4200,5.8900,5.4100,5.6700,5.4600,20322844,115646210.0000,3,2.030319,1,3.846200,0
2013-01-04,sh.600223,5.7300,5.8700,5.6000,5.7400,5.6700,13561890,77846955.0000,3,1.354877,1,1.234600,0
2013-01-07,sh.600223,5.9700,5.9800,5.6700,5.8300,5.7400,11081614,64127956.0000,3,1.107090,1,1.567900,0
2013-01-08,sh.600223,5.8000,5.8300,5.5800,5.7700,5.8300,14198295,80713939.0000,3,1.418456,1,-1.029200,0
2013-01-09,sh.600223,5.7300,5.8100,5.6600,5.7000,5.7700,5622904,32224015.0000,3,0.561747,1,-1.213200,0
2013-01-10,sh.600223,5.6700,5.8400,5.6000,5.7400,5.7000,8690827,49997741.0000,3,0.868242,1,0.701800,0
2013-01-11,sh.600223,5.7000,5.7400,5.3600,5.3900,5.7400,9400858,52106515.0000,3,0.939177,1,-6.097600,0
2013-01-14,sh.600223,5.3500,5.5800,5.3200,5.5300,5.3900,8228845,45108268.0000,3,0.822089,1,2.597400,0
2013-01-15,sh.600223,5.5200,5.5800,5.4200,5.4900,5.5300,7587442,41601513.0000,3,0.758010,1,-0.723300,0
2013-01-16,sh.600223,5.4800,5.4800,5.2600,5.3700,5.4900,7150473,38310611.0000,3,0.714356,1,-2.185800,0
2013-01-17,sh.600223,5.3300,5.4600,5.3000,5.4500,5.3700,5791160,31196011.0000,3,0.578556,1,1.489800,0
2013-01-18,sh.600223,5.4200,5.6000,5.3500,5.5900,5.4500,9974842,54983681.0000,3,0.996520,1,2.568800,0
2013-01-21,sh.600223,5.6300,5.6700,5.4800,5.5300,5.5900,7458012,41405660.0000,3,0.745080,1,-1.073300,0
2013-01-22,sh.600223,5.5100,5.5100,5.2400,5.3000,5.5300,7112784,38107295.0000,3,0.710591,1,-4.159100,0
2013-01-23,sh.600223,5.2800,5.3500,5.0700,5.2200,5.3000,6161667,32034784.0000,3,0.615571,1,-1.509400,0
2013-01-24,sh.600223,5.2400,5.3100,5.0400,5.1200,5.2200,5798885,29974739.0000,3,0.579328,1,-1.915700,0
2013-01-25,sh.600223,5.0900,5.1300,4.8800,4.9100,5.1200,8930308,44325226.0000,3,0.892167,1,-4.101600,0
2013-01-28,sh.600223,4.8900,5.0800,4.8800,5.0600,4.9100,11938511,59293571.0000,3,1.192697,1,3.055000,0
2013-01-29,sh.600223,5.0500,5.2200,5.0200,5.0800,5.0600,10244385,52268534.0000,3,1.023448,1,0.395300,0
2013-01-30,sh.600223,5.0600,5.2400,5.0000,5.2200,5.0800,13074263,66887656.0000,3,1.306162,1,2.755900,0
2013-01-31,sh.600223,5.1700,5.1800,4.8200,4.8800,5.2200,13944263,69489109.0000,3,1.393078,1,-6.513400,0
2013-02-01,sh.600223,4.8800,4.9300,4.8400,4.8900,4.8800,7530032,36791799.0000,3,0.752275,1,0.204900,0
2013-02-04,sh.600223,4.9000,4.9800,4.7500,4.8400,4.8900,8196372,39536030.0000,3,0.818845,1,-1.022500,0
2013-02-05,sh.600223,4.8000,5.1100,4.7700,5.0300,4.8400,11015799,54697596.0000,3,1.100515,1,3.925600,0
2013-02-06,sh.600223,5.0100,5.0500,4.8500,4.9400,5.0300,9086613,44925182.0000,3,0.907783,1,-1.789300,0
2013-02-07,sh.600223,4.9500,4.9900,4.9000,4.9200,4.9400,5947237,29370412.0000,3,0.594149,1,-0.404900,0
2013-02-08,sh.600223,4.9500,5.0600,4.9000,5.0000,4.9200,6317219,31487297.0000,3,0.631111,1,1.626000,0
2013-02-18,sh.600223,5.0100,5.1200,4.9800,5.0800,5.0000,7832680,39669275.0000,3,0.782511,1,1.600000,0
2013-02-19,sh.600223,5.0600,5.0800,4.7900,4.8000,5.0800,9665947,47235570.0000,3,0.965660,1,-5.511800,0
2013-02-20,sh.600223,4.8000,4.8600,4.7400,4.8300,4.8000,8412337,40261243.0000,3,0.840420,1,0.625000,0
2013-02-21,sh.600223,4.7600,4.8300,4.7000,4.7600,4.8300,5643186,26829021.0000,3,0.563773,1,-1.449300,0
2013-02-22,sh.600223,4.7600,4.8800,4.7500,4.7900,4.7600,3864804,18571969.0000,3,0.386107,1,0.630300,0
2013-02-25,sh.600223,4.7900,4.8500,4.7800,4.8100,4.7900,3599168,17299628.0000,3,0.359569,1,0.417500,0
2013-02-26,sh.600223,4.8000,4.8300,4.6400,4.6700,4.8100,4295808,20347615.0000,3,0.429165,1,-2.910600,0
2013-02-27,sh.600223,4.7000,4.9100,4.6700,4.7600,4.6700,9347533,44804788.0000,3,0.933849,1,1.927200,0
2013-02-28,sh.600223,4.7600,4.9300,4.6800,4.9200,4.7600,12419716,60291491.0000,3,1.240771,1,3.361300,0
2013-03-01,sh.600223,4.9300,4.9500,4.8100,4.8800,4.9200,5444985,26481004.0000,3,0.543972,1,-0.813000,0
2013-03-04,sh.600223,4.5000,4.5700,4.3900,4.3900,4.8800,14259005,63157803.0000,3,1.424522,1,-10.041000,0
2013-03-05,sh.600223,4.3200,4.4100,4.2600,4.4000,4.3900,9269917,40360609.0000,3,0.926095,1,0.227800,0
2013-03-06,sh.600223,4.4100,4.5500,4.3800,4.4300,4.4000,8314459,36910327.0000,3,0.830642,1,0.681800,0
2013-03-07,sh.600223,4.4400,4.4900,4.4000,4.4500,4.4300,4892705,21709001.0000,3,0.488797,1,0.451500,0
2013-03-08,sh.600223,4.4300,4.4600,4.3200,4.3400,4.4500,4022158,17637718.0000,3,0.401827,1,-2.471900,0
2013-03-11,sh.600223,4.3600,4.4400,4.3300,4.3900,4.3400,2571241,11315954.0000,3,0.256875,1,1.152100,0
2013-03-12,sh.600223,4.4000,4.4600,4.2700,4.3200,4.3900,3603796,15724394.0000,3,0.360031,1,-1.594500,0
2013-03-13,sh.600223,4.3200,4.3200,4.2000,4.2600,4.3200,2939844,12483013.0000,3,0.293700,1,-1.388900,0
2013-03-14,sh.600223,4.2600,4.2800,4.1900,4.2200,4.2600,2202553,9318131.0000,3,0.220042,1,-0.939000,0
2013-03-15,sh.600223,4.2300,4.2300,4.0600,4.1000,4.2200,5227830,21616427.0000,3,0.522277,1,-2.843600,0
2013-03-18,sh.600223,4.1100,4.1900,4.0800,4.1200,4.1000,3529681,14591803.0000,3,0.352627,1,0.487800,0
2013-03-19,sh.600223,4.1200,4.2900,4.1200,4.2800,4.1200,5598740,23664628.0000,3,0.559333,1,3.883500,0
2013-03-20,sh.600223,4.2600,4.4000,4.2400,4.3800,4.2800,6861012,29730508.0000,3,0.685438,1,2.336400,0
2013-03-21,sh.600223,4.3500,4.4500,4.3400,4.3700,4.3800,4499611,19759244.0000,3,0.449526,1,-0.228300,0
2013-03-22,sh.600223,4.3600,4.4300,4.3400,4.3900,4.3700,3011409,13219534.0000,3,0.300850,1,0.457700,0
2013-03-25,sh.600223,4.3700,4.4000,4.3200,4.3500,4.3900,3091987,13455032.0000,3,0.308900,1,-0.911200,0
2013-03-26,sh.600223,4.3400,4.4300,4.3100,4.3600,4.3500,3831647,16730751.0000,3,0.382794,1,0.229900,0
2013-03-27,sh.600223,4.3600,4.4100,4.3200,4.3700,4.3600,2826336,12349210.0000,3,0.282360,1,0.229400,0
2013-03-28,sh.600223,4.3700,4.3700,4.1400,4.1400,4.3700,4642703,19466492.0000,3,0.463821,1,-5.263200,0
2013-03-29,sh.600223,4.1400,4.2000,4.1200,4.1800,4.1400,3871763,16124198.0000,3,0.386802,1,0.966200,0
2013-04-01,sh.600223,4.1700,4.3100,4.1500,4.1900,4.1800,8637297,36536476.0000,3,0.862894,1,0.239200,0
2013-04-02,sh.600223,4.1600,4.2800,4.1400,4.2300,4.1900,7766929,32721268.0000,3,0.775942,1,0.954700,0
2013-04-03,sh.600223,4.2300,4.2600,4.1200,4.1500,4.2300,4581026,19164682.0000,3,0.457660,1,-1.891300,0
2013-04-08,sh.600223,4.0000,4.1100,3.9800,4.0800,4.1500,4293794,17354138.0000,3,0.428964,1,-1.686800,0
2013-04-09,sh.600223,4.1000,4.1600,4.0000,4.1400,4.0800,4903950,20152224.0000,3,0.489921,1,1.470600,0
2013-04-10,sh.600223,4.1400,4.2200,4.1300,4.2200,4.1400,5694386,23772828.0000,3,0.568888,1,1.932400,0
2013-04-11,sh.600223,4.2400,4.2800,4.1400,4.1500,4.2200,6498409,27375476.0000,3,0.649212,1,-1.658800,0
2013-04-12,sh.600223,4.1400,4.2300,4.1200,4.1500,4.1500,4109459,17106990.0000,3,0.410548,1,0.000000,0
2013-04-15,sh.600223,4.1500,4.2200,4.0600,4.1500,4.1500,4447755,18407414.0000,3,0.444345,1,0.000000,0
2013-04-16,sh.600223,4.1100,4.3500,4.0900,4.3300,4.1500,13282008,56604120.0000,3,1.326916,1,4.337345,0
2013-04-17,sh.600223,4.3300,4.4000,4.2800,4.3700,4.3300,9491161,41207712.0000,3,0.948198,1,0.923800,0
2013-04-18,sh.600223,4.3500,4.4000,4.2600,4.3200,4.3700,5728914,24822222.0000,3,0.572337,1,-1.144200,0
2013-04-19,sh.600223,4.3200,4.4400,4.3100,4.4000,4.3200,9212560,40424872.0000,3,0.920365,1,1.851850,0
2013-04-22,sh.600223,4.3600,4.4600,4.3400,4.4200,4.4000,7981871,35164848.0000,3,0.797415,1,0.454500,0
2013-04-23,sh.600223,4.3900,4.4100,4.1600,4.2100,4.4200,6615429,28160614.0000,3,0.660903,1,-4.751100,0
2013-04-24,sh.600223,4.2300,4.3600,4.1200,4.2600,4.2100,9320205,39627120.0000,3,0.931119,1,1.187700,0
2013-04-25,sh.600223,4.2400,4.3100,4.2100,4.2300,4.2600,3603326,15337632.0000,3,0.359984,1,-0.704200,0
2013-04-26,sh.600223,4.2000,4.2500,4.1100,4.1300,4.2300,3286327,13723090.0000,3,0.328315,1,-2.364064,0
2013-05-02,sh.600223,4.0900,4.1900,4.0800,4.1600,4.1300,2275927,9447979.0000,3,0.227373,1,0.726400,0
2013-05-03,sh.600223,4.1900,4.3000,4.1700,4.2700,4.1600,5477387,23307360.0000,3,0.547209,1,2.644234,0
2013-05-06,sh.600223,4.2800,4.3300,4.2400,4.2800,4.2700,3698586,15850471.0000,3,0.369501,1,0.234200,0
2013-05-07,sh.600223,4.2700,4.3600,4.2600,4.3100,4.2800,4790048,20599432.0000,3,0.478542,1,0.700900,0
2013-05-08,sh.600223,4.3300,4.3600,4.2600,4.3100,4.3100,3598279,15476903.0000,3,0.359480,1,0.000000,0
2013-05-09,sh.600223,4.2900,4.3200,4.1500,4.1900,4.3100,5290587,22280280.0000,3,0.528547,1,-2.784200,0
2013-05-10,sh.600223,4.1800,4.2700,4.1400,4.2500,4.1900,5142001,21606532.0000,3,0.513703,1,1.432000,0
2013-05-13,sh.600223,4.2500,4.2600,4.2000,4.2500,4.2500,2599267,10993602.0000,3,0.259675,1,0.000000,0
2013-05-14,sh.600223,4.2700,4.2700,4.1800,4.1900,4.2500,3046584,12859226.0000,3,0.304364,1,-1.411800,0
2013-05-15,sh.600223,4.2000,4.2500,4.1600,4.2200,4.1900,3129111,13160292.0000,3,0.312608,1,0.716000,0
2013-05-16,sh.600223,4.2600,4.4100,4.2100,4.4100,4.2200,10719184,46553792.0000,3,1.070882,1,4.502400,0
2013-05-17,sh.600223,4.4300,4.7500,4.4100,4.6000,4.4100,21040540,95798736.0000,3,2.102019,1,4.308400,0
2013-05-20,sh.600223,4.5900,4.6600,4.5000,4.6400,4.6000,15950776,73147976.0000,3,1.593535,1,0.869600,0
2013-05-21,sh.600223,4.6300,4.8400,4.5400,4.7900,4.6400,22273314,104856544.0000,3,2.225177,1,3.232761,0
2013-05-22,sh.600223,4.7600,5.2700,4.7100,5.1300,4.7900,33539043,169543696.0000,3,3.350661,1,7.098100,0
2013-05-23,sh.600223,5.0700,5.2000,5.0100,5.0400,5.1300,18958171,96530568.0000,3,1.893984,1,-1.754400,0
2013-05-24,sh.600223,5.0000,5.0800,4.9500,5.0500,5.0400,10833147,54235288.0000,3,1.082267,1,0.198400,0
2013-05-27,sh.600223,4.9900,5.0400,4.8800,4.9900,5.0500,10698869,52956976.0000,3,1.068852,1,-1.188100,0
2013-05-28,sh.600223,4.9900,5.2000,4.9200,5.1700,4.9900,16484002,83990528.0000,3,1.646806,1,3.607200,0
2013-05-29,sh.600223,5.1400,5.2300,5.0800,5.1100,5.1700,9221674,47352720.0000,3,0.921276,1,-1.160500,0
2013-05-30,sh.600223,5.0900,5.1100,5.0000,5.0900,5.1100,8897722,45106632.0000,3,0.888912,1,-0.391400,0
2013-05-31,sh.600223,5.1100,5.1100,4.9500,4.9600,5.0900,6934392,34900360.0000,3,0.692769,1,-2.554030,0
2013-06-03,sh.600223,4.9500,5.0700,4.9300,4.9600,4.9600,4234628,21177634.0000,3,0.423053,1,0.000000,0
2013-06-04,sh.600223,4.9500,4.9900,4.7700,4.8500,4.9600,5711805,27806738.0000,3,0.570628,1,-2.217700,0
2013-06-05,sh.600223,4.8700,4.8800,4.7400,4.8800,4.8500,2883513,13925936.0000,3,0.288072,1,0.618600,0
2013-06-06,sh.600223,4.8600,4.9200,4.7800,4.8200,4.8800,4103564,19900344.0000,3,0.409960,1,-1.229500,0
2013-06-07,sh.600223,4.8200,4.8800,4.6400,4.7000,4.8200,4180753,19963852.0000,3,0.417671,1,-2.489600,0
2013-06-13,sh.600223,4.5900,4.6000,4.3500,4.4200,4.7000,4126757,18484928.0000,3,0.412277,1,-5.957400,0
2013-06-14,sh.600223,4.4200,4.4800,4.3500,4.4700,4.4200,5872433,25916012.0000,3,0.586675,1,1.131200,0
2013-06-17,sh.600223,4.4700,4.4700,4.3000,4.3700,4.4700,6906133,30118964.0000,3,0.689945,1,-2.237100,0
2013-06-18,sh.600223,4.3700,4.4500,4.3400,4.4200,4.3700,3884363,17061808.0000,3,0.388061,1,1.144200,0
2013-06-19,sh.600223,4.4000,4.4000,4.2000,4.3300,4.4200,3782039,16285813.0000,3,0.377838,1,-2.036200,0
2013-06-20,sh.600223,4.2900,4.3300,4.0000,4.0600,4.3300,5542823,23023232.0000,3,0.553746,1,-6.235600,0
2013-06-21,sh.600223,3.9900,4.1900,3.9500,4.1300,4.0600,4042431,16603715.0000,3,0.403852,1,1.724100,0
2013-06-24,sh.600223,4.0900,4.1200,3.7200,3.7300,4.1300,9170075,35324588.0000,3,0.916121,1,-9.685200,0
2013-06-25,sh.600223,3.7200,3.7900,3.4000,3.6700,3.7300,5632707,20398532.0000,3,0.562726,1,-1.608600,0
2013-06-26,sh.600223,3.6700,3.7900,3.6200,3.7300,3.6700,4613551,17038828.0000,3,0.460909,1,1.634900,0
2013-06-27,sh.600223,3.8400,3.9700,3.7000,3.7500,3.7300,7448574,28830224.0000,3,0.744137,1,0.536200,0
2013-06-28,sh.600223,3.7300,4.0700,3.6600,3.9300,3.7500,14313657,56384432.0000,3,1.429981,1,4.800000,0
2013-07-01,sh.600223,3.8300,3.9500,3.8100,3.9000,3.9300,4577895,17733456.0000,3,0.457347,1,-0.763400,0
2013-07-02,sh.600223,3.8900,3.9500,3.8300,3.9300,3.9000,4939057,19288572.0000,3,0.493428,1,0.769200,0
2013-07-03,sh.600223,3.9000,3.9000,3.7700,3.8600,3.9300,2784503,10660506.0000,3,0.278181,1,-1.781200,0
2013-07-04,sh.600223,3.8400,4.0100,3.7800,4.0000,3.8600,7907571,31173112.0000,3,0.789992,1,3.626900,0
2013-07-05,sh.600223,4.0400,4.2800,4.0300,4.0600,4.0000,8038490,33211816.0000,3,0.803072,1,1.500000,0
2013-07-08,sh.600223,3.9900,4.0500,3.8500,3.8600,4.0600,5413852,21277472.0000,3,0.540862,1,-4.926100,0
2013-07-09,sh.600223,3.8200,3.9200,3.7400,3.8200,3.8600,2708653,10305178.0000,3,0.270603,1,-1.036300,0
2013-07-10,sh.600223,3.8400,3.9900,3.8200,3.9800,3.8200,3092730,12118712.0000,3,0.308974,1,4.188500,0
2013-07-11,sh.600223,4.0300,4.2900,4.0000,4.2400,3.9800,10636003,44512688.0000,3,1.062572,1,6.532700,0
2013-07-12,sh.600223,4.2300,4.2800,4.0900,4.1000,4.2400,7779090,32370618.0000,3,0.777157,1,-3.301900,0
2013-07-15,sh.600223,4.1100,4.2300,4.0900,4.1700,4.1000,4171999,17348852.0000,3,0.416796,1,1.707300,0
2013-07-16,sh.600223,4.1800,4.2100,4.0600,4.1800,4.1700,3451832,14275634.0000,3,0.344849,1,0.239800,0
2013-07-17,sh.600223,4.1500,4.2700,4.0400,4.1600,4.1800,7079044,29418534.0000,3,0.707220,1,-0.478500,0
2013-07-18,sh.600223,4.1300,4.1500,4.0400,4.0600,4.1600,3859493,15749510.0000,3,0.385576,1,-2.403800,0
2013-07-19,sh.600223,4.0300,4.1000,3.7500,3.7900,4.0600,8571585,33342136.0000,3,0.856330,1,-6.650200,0
2013-07-22,sh.600223,3.7800,3.8500,3.7200,3.8300,3.7900,3631984,13835295.0000,3,0.362847,1,1.055400,0
2013-07-23,sh.600223,3.8300,3.9800,3.8300,3.9100,3.8300,4804433,18817980.0000,3,0.479979,1,2.088800,0
2013-07-24,sh.600223,3.9200,3.9600,3.8100,3.8800,3.9100,4370457,16949576.0000,3,0.436623,1,-0.767300,0
2013-07-25,sh.600223,3.8600,3.9400,3.8100,3.8300,3.8800,3700651,14322593.0000,3,0.369707,1,-1.288700,0
2013-07-26,sh.600223,3.8300,3.8700,3.7700,3.8100,3.8300,2934317,11204331.0000,3,0.293148,1,-0.522200,0
2013-07-29,sh.600223,3.7800,3.7800,3.6900,3.7100,3.8100,3005420,11200043.0000,3,0.300251,1,-2.624700,0
2013-07-30,sh.600223,3.7300,3.8100,3.5800,3.7400,3.7100,4116468,15276790.0000,3,0.411249,1,0.808600,0
2013-07-31,sh.600223,3.8900,3.9500,3.8200,3.8200,3.7400,5515746,21361728.0000,3,0.551041,1,2.139000,0
2013-08-01,sh.600223,3.8200,3.9400,3.8000,3.9300,3.8200,4055222,15774802.0000,3,0.405130,1,2.879600,0
2013-08-02,sh.600223,4.1300,4.1500,3.9500,3.9800,3.9300,6764992,27282610.0000,3,0.675845,1,1.272300,0
2013-08-05,sh.600223,3.9100,3.9800,3.8900,3.9700,3.9800,3867252,15217937.0000,3,0.386351,1,-0.251300,0
2013-08-06,sh.600223,3.9800,3.9800,3.8600,3.9400,3.9700,3865698,15168351.0000,3,0.386196,1,-0.755700,0
2013-08-07,sh.600223,3.9500,4.1200,3.9500,4.0000,3.9400,6382745,25792264.0000,3,0.637657,1,1.522800,0
2013-08-08,sh.600223,4.0000,4.0200,3.9400,3.9900,4.0000,3049099,12141408.0000,3,0.304615,1,-0.250000,0
2013-08-09,sh.600223,3.9900,4.0200,3.9300,4.0000,3.9900,3168525,12627903.0000,3,0.316546,1,0.250600,0
2013-08-12,sh.600223,4.0000,4.1100,3.9700,4.0900,4.0000,5686240,23166580.0000,3,0.568074,1,2.250000,0
2013-08-13,sh.600223,4.1000,4.1500,4.0800,4.1200,4.0900,3735605,15411459.0000,3,0.373199,1,0.733500,0
2013-08-14,sh.600223,4.1800,4.4000,4.1000,4.1500,4.1200,11451212,48677744.0000,3,1.144014,1,0.728200,0
2013-08-15,sh.600223,4.1400,4.1800,4.0500,4.0600,4.1500,4363284,17944914.0000,3,0.435906,1,-2.168700,0
2013-08-16,sh.600223,4.0600,4.2100,4.0000,4.0200,4.0600,7768858,31720086.0000,3,0.776135,1,-0.985200,0
2013-08-19,sh.600223,3.9700,4.1000,3.9700,4.0800,4.0200,4175522,16892640.0000,3,0.417148,1,1.492500,0
2013-08-20,sh.600223,4.0900,4.1600,4.0500,4.0900,4.0800,4420757,18107822.0000,3,0.441648,1,0.245100,0
2013-08-21,sh.600223,4.1100,4.1300,4.0200,4.1200,4.0900,3611948,14716352.0000,3,0.360846,1,0.733500,0
2013-08-22,sh.600223,4.1000,4.2100,4.0800,4.1700,4.1200,6938689,28868276.0000,3,0.693198,1,1.213600,0
2013-08-23,sh.600223,4.1600,4.2200,4.1000,4.1900,4.1700,6420894,26648530.0000,3,0.641468,1,0.479600,0
2013-08-26,sh.600223,4.1900,4.3700,4.1800,4.3400,4.1900,8872952,38134956.0000,3,0.886437,1,3.580000,0
2013-08-27,sh.600223,4.3200,4.4600,4.2500,4.2900,4.3400,12043677,52327192.0000,3,1.203203,1,-1.152100,0
2013-08-28,sh.600223,4.2900,4.3200,4.1700,4.1900,4.2900,8912520,37785712.0000,3,0.890390,1,-2.331000,0
2013-08-29,sh.600223,4.2700,4.3200,4.1800,4.2700,4.1900,9739273,41401172.0000,3,0.972985,1,1.909300,0
2013-08-30,sh.600223,4.2800,4.3800,4.2300,4.2900,4.2700,9184107,39546304.0000,3,0.917523,1,0.468400,0
2013-09-02,sh.600223,4.2600,4.4400,4.2100,4.3800,4.2900,7595872,32824348.0000,3,0.758853,1,2.097900,0
2013-09-03,sh.600223,4.3500,4.4700,4.3300,4.4600,4.3800,9800408,43209160.0000,3,0.979093,1,1.826500,0
2013-09-04,sh.600223,4.4600,4.4800,4.3700,4.3800,4.4600,5031464,22154176.0000,3,0.502660,1,-1.793700,0
2013-09-05,sh.600223,4.3800,4.4500,4.3000,4.3200,4.3800,3950003,17232450.0000,3,0.394618,1,-1.369900,0
2013-09-06,sh.600223,4.3200,4.3700,4.2600,4.3400,4.3200,3418700,14738541.0000,3,0.341539,1,0.463000,0
2013-09-09,sh.600223,4.3600,4.4800,4.3300,4.4200,4.3400,5412910,23949376.0000,3,0.540768,1,1.843300,0
2013-09-10,sh.600223,4.4100,4.4600,4.3600,4.4200,4.4200,6256575,27555040.0000,3,0.625052,1,0.000000,0
2013-09-11,sh.600223,4.4200,4.6000,4.3900,4.5800,4.4200,11209833,50349745.0000,3,1.119899,1,3.619900,0
2013-09-12,sh.600223,4.5900,4.6000,4.4700,4.5100,4.5800,8433338,38186146.0000,3,0.842518,1,-1.528400,0
2013-09-13,sh.600223,4.5000,4.5700,4.4600,4.5500,4.5100,4707147,21280512.0000,3,0.470259,1,0.886900,0
2013-09-16,sh.600223,4.5600,4.6000,4.4500,4.5300,4.5500,5576422,25191128.0000,3,0.557103,1,-0.439600,0
2013-09-17,sh.600223,4.5400,4.6000,4.3500,4.4300,4.5300,6925219,30880028.0000,3,0.691852,1,-2.207500,0
2013-09-18,sh.600223,4.4300,4.4400,4.3000,4.3800,4.4300,3491060,15221186.0000,3,0.348768,1,-1.128700,0
2013-09-23,sh.600223,4.4200,4.6200,4.3800,4.5400,4.3800,7723552,34939245.0000,3,0.771608,1,3.653000,0
2013-09-24,sh.600223,4.9700,4.9900,4.8600,4.9900,4.5400,26365600,131447538.0000,3,2.634010,1,9.911900,0
2013-09-25,sh.600223,4.9900,4.9900,4.6500,4.6800,4.9900,25882639,123267940.0000,3,2.585761,1,-6.212400,0
2013-09-26,sh.600223,4.6500,4.6500,4.4200,4.4700,4.6800,10335427,46819638.0000,3,1.032543,1,-4.487200,0
2013-09-27,sh.600223,4.4400,4.5100,4.3600,4.4200,4.4700,5127655,22657892.0000,3,0.512270,1,-1.118600,0
2013-09-30,sh.600223,4.4200,4.4600,4.3800,4.4200,4.4200,4227445,18653453.0000,3,0.422336,1,0.000000,0
2013-10-08,sh.600223,4.4100,4.4900,4.3300,4.4400,4.4200,6488882,28764566.0000,3,0.648261,1,0.452500,0
2013-10-09,sh.600223,4.4200,4.5100,4.3400,4.4900,4.4400,8707001,38517466.0000,3,0.869858,1,1.126100,0
2013-10-10,sh.600223,4.4600,4.4700,4.3800,4.4100,4.4900,6828322,30217801.0000,3,0.682172,1,-1.781700,0
2013-10-11,sh.600223,4.4500,4.5700,4.4000,4.5500,4.4100,7821480,35047301.0000,3,0.781392,1,3.174600,0
2013-10-14,sh.600223,4.5100,4.5400,4.4500,4.4800,4.5500,6030369,27122311.0000,3,0.602454,1,-1.538500,0
2013-10-15,sh.600223,4.4900,4.6100,4.4700,4.5300,4.4800,7148181,32514646.0000,3,0.714127,1,1.116100,0
2013-10-16,sh.600223,4.5200,4.5500,4.2000,4.2200,4.5300,9652437,41761274.0000,3,0.964310,1,-6.843300,0
2013-10-17,sh.600223,4.2300,4.2700,4.2100,4.2400,4.2200,4807112,20361799.0000,3,0.480246,1,0.473900,0
2013-10-18,sh.600223,4.2400,4.3200,4.1700,4.3100,4.2400,6903751,29279667.0000,3,0.689707,1,1.650900,0
2013-10-21,sh.600223,4.2900,4.4100,4.2000,4.3900,4.3100,7365875,31606814.0000,3,0.735875,1,1.856100,0
2013-10-22,sh.600223,4.3500,4.4100,4.3000,4.3600,4.3900,4742101,20627009.0000,3,0.473752,1,-0.683400,0
2013-10-23,sh.600223,4.3500,4.4400,4.1900,4.2500,4.3600,5171066,22282316.0000,3,0.516607,1,-2.522900,0
2013-10-24,sh.600223,4.2200,4.2800,4.2000,4.2500,4.2500,2030087,8631557.0000,3,0.202812,1,0.000000,0
2013-10-25,sh.600223,4.2500,4.2700,4.1200,4.1500,4.2500,2816667,11796615.0000,3,0.281394,1,-2.352900,0
2013-10-28,sh.600223,4.1700,4.3000,4.1500,4.1800,4.1500,2385214,10013693.0000,3,0.238291,1,0.722900,0
2013-10-29,sh.600223,4.2000,4.2600,3.9800,4.0600,4.1800,4736392,19505737.0000,3,0.473181,1,-2.870800,0
2013-10-30,sh.600223,4.1000,4.1800,4.0200,4.1500,4.0600,2507440,10257166.0000,3,0.250502,1,2.216700,0
2013-10-31,sh.600223,4.1800,4.2800,4.1000,4.1400,4.1500,3481223,14550597.0000,3,0.347786,1,-0.241000,0
2013-11-01,sh.600223,4.1200,4.4300,4.0800,4.2100,4.1400,8346384,35181346.0000,3,0.833831,1,1.690800,0
2013-11-04,sh.600223,4.2300,4.3500,4.2200,4.2300,4.2100,4499041,19273964.0000,3,0.449469,1,0.475100,0
2013-11-05,sh.600223,4.2100,4.3000,4.1800,4.2700,4.2300,2792982,11869017.0000,3,0.279028,1,0.945600,0
2013-11-06,sh.600223,4.2600,4.2800,4.0600,4.1100,4.2700,6238002,25925541.0000,3,0.623197,1,-3.747100,0
2013-11-07,sh.600223,4.1000,4.1300,4.0700,4.0900,4.1100,1972106,8084214.0000,3,0.197020,1,-0.486600,0
2013-11-08,sh.600223,4.1000,4.1000,4.0200,4.0300,4.0900,1942236,7875063.0000,3,0.194036,1,-1.467000,0
2013-11-11,sh.600223,4.0300,4.0600,3.9500,4.0200,4.0300,1720745,6888446.0000,3,0.171908,1,-0.248100,0
2013-11-12,sh.600223,4.0200,4.1000,4.0200,4.0800,4.0200,2322962,9420003.0000,3,0.232072,1,1.492500,0
2013-11-13,sh.600223,4.0800,4.0800,4.0000,4.0100,4.0800,1770475,7143482.0000,3,0.176876,1,-1.715700,0
2013-11-14,sh.600223,4.0200,4.0500,3.9500,4.0300,4.0100,2048484,8232899.0000,3,0.204650,1,0.498800,0
2013-11-15,sh.600223,4.0500,4.1800,4.0400,4.1100,4.0300,3961697,16340143.0000,3,0.395787,1,1.985100,0
2013-11-18,sh.600223,4.1200,4.2000,4.0900,4.1900,4.1100,2918494,12149473.0000,3,0.291567,1,1.946500,0
2013-11-19,sh.600223,4.2000,4.2500,4.1600,4.2200,4.1900,3862340,16266110.0000,3,0.385860,1,0.716000,0
2013-11-20,sh.600223,4.2300,4.2700,4.2000,4.2500,4.2200,2467981,10466243.0000,3,0.246559,1,0.710900,0
2013-11-21,sh.600223,4.2400,4.2400,4.0000,4.1000,4.2500,8529535,34929184.0000,3,0.852129,1,-3.529400,0
2013-11-22,sh.600223,4.0700,4.1400,4.0600,4.0900,4.1000,2309727,9431794.0000,3,0.230749,1,-0.243900,0
2013-11-25,sh.600223,4.0700,4.3400,4.0500,4.1200,4.0900,3836291,15920850.0000,3,0.383258,1,0.733500,0
2013-11-26,sh.600223,4.1300,4.1500,4.0500,4.1400,4.1200,2761907,11315521.0000,3,0.275924,1,0.485400,0
2013-11-27,sh.600223,4.1000,4.2300,4.1000,4.1700,4.1400,3738936,15584050.0000,3,0.373532,1,0.724600,0
2013-11-28,sh.600223,4.1800,4.2300,4.1600,4.1900,4.1700,3139121,13173883.0000,3,0.313609,1,0.479600,0
2013-11-29,sh.600223,4.1700,4.2000,4.1400,4.1500,4.1900,3136762,13056246.0000,3,0.313373,1,-0.954700,0
2013-12-02,sh.600223,4.1000,4.1100,3.9800,4.0100,4.1500,4953163,19980343.0000,3,0.494837,1,-3.373500,0
2013-12-03,sh.600223,3.9900,4.1200,3.9800,4.1000,4.0100,2655239,10826217.0000,3,0.265267,1,2.244400,0
2013-12-04,sh.600223,4.1000,4.1900,4.0800,4.1500,4.1000,3373973,14010092.0000,3,0.337071,1,1.219500,0
2013-12-05,sh.600223,4.1700,4.2000,4.1400,4.1700,4.1500,2098890,8740386.0000,3,0.209686,1,0.481900,0
2013-12-06,sh.600223,4.1600,4.2500,4.1400,4.2400,4.1700,4126393,17353315.0000,3,0.412240,1,1.678700,0
2013-12-09,sh.600223,4.2200,4.2300,4.1500,4.2200,4.2400,4761362,19911139.0000,3,0.475676,1,-0.471700,0
2013-12-10,sh.600223,4.2000,4.2100,4.1500,4.1900,4.2200,2918636,12188721.0000,3,0.291581,1,-0.710900,0
2013-12-11,sh.600223,4.1700,4.1900,4.1300,4.1500,4.1900,2270650,9420909.0000,3,0.226845,1,-0.954700,0
2013-12-12,sh.600223,4.1500,4.1700,4.1200,4.1300,4.1500,999611,4147708.0000,3,0.099864,1,-0.481900,0
2013-12-13,sh.600223,4.1200,4.1700,4.1100,4.1300,4.1300,1433895,5945577.0000,3,0.143251,1,0.000000,0
2013-12-16,sh.600223,4.1800,4.2000,4.1000,4.1800,4.1300,3238324,13476675.0000,3,0.323519,1,1.210700,0
2013-12-17,sh.600223,4.1600,4.1800,4.0600,4.0800,4.1800,1750764,7217039.0000,3,0.174907,1,-2.392300,0
2013-12-18,sh.600223,4.0800,4.1100,4.0500,4.0700,4.0800,1210008,4934816.0000,3,0.120884,1,-0.245100,0
2013-12-19,sh.600223,4.0800,4.1000,4.0200,4.0200,4.0700,1432657,5802196.0000,3,0.143127,1,-1.228500,0
2013-12-20,sh.600223,4.0100,4.0600,3.9400,3.9700,4.0200,1502537,5986503.0000,3,0.150108,1,-1.243800,0
2013-12-23,sh.600223,3.9700,3.9800,3.8300,3.8700,3.9700,2160648,8400529.0000,3,0.215856,1,-2.518900,0
2013-12-24,sh.600223,3.8800,3.9800,3.8700,3.9000,3.8700,2360791,9244522.0000,3,0.235851,1,0.775200,0
2013-12-25,sh.600223,3.9000,3.9400,3.8600,3.9000,3.9000,1767851,6882301.0000,3,0.176614,1,0.000000,0
2013-12-26,sh.600223,3.8900,3.9000,3.7500,3.7900,3.9000,3180776,12170538.0000,3,0.317770,1,-2.820500,0
2013-12-27,sh.600223,3.8200,3.8400,3.7600,3.8300,3.7900,1738118,6632682.0000,3,0.173644,1,1.055400,0
2013-12-30,sh.600223,3.8400,3.8500,3.7500,3.7900,3.8300,3473589,13145466.0000,3,0.347023,1,-1.044400,0
2013-12-31,sh.600223,3.7700,3.8900,3.7100,3.8700,3.7900,2951815,11321123.0000,3,0.294896,1,2.110800,0
2014-01-02,sh.600223,3.8500,3.9100,3.8200,3.9000,3.8700,1847356,7160328.0000,3,0.184557,1,0.775200,0
2014-01-03,sh.600223,3.9000,3.9000,3.8000,3.8100,3.9000,1824616,7003527.0000,3,0.182285,1,-2.307700,0
2014-01-06,sh.600223,3.8100,3.8100,3.6600,3.6600,3.8100,1879804,6968252.0000,3,0.187799,1,-3.937000,0
2014-01-07,sh.600223,3.6600,3.7000,3.6200,3.6800,3.6600,955184,3499571.0000,3,0.095426,1,0.546400,0
2014-01-08,sh.600223,3.6900,3.6900,3.5300,3.5600,3.6800,2645871,9556320.0000,3,0.264331,1,-3.260900,0
2014-01-09,sh.600223,3.5900,3.6100,3.5300,3.5400,3.5600,1215343,4340005.0000,3,0.121417,1,-0.561800,0
2014-01-10,sh.600223,3.5600,3.5600,3.4500,3.4900,3.5400,1743757,6097722.0000,3,0.174207,1,-1.412400,0
2014-01-13,sh.600223,3.4900,3.5100,3.4200,3.4600,3.4900,1543147,5334745.0000,3,0.154165,1,-0.859600,0
2014-01-14,sh.600223,3.4400,3.5400,3.4300,3.5300,3.4600,1719135,6017247.0000,3,0.171747,1,2.023100,0
2014-01-15,sh.600223,3.5300,3.5400,3.4800,3.4900,3.5300,1514489,5310199.0000,3,0.151302,1,-1.133100,0
2014-01-16,sh.600223,3.5200,3.5900,3.4700,3.5500,3.4900,1342588,4740889.0000,3,0.134129,1,1.719200,0
2014-01-17,sh.600223,3.5500,3.5500,3.4700,3.4800,3.5500,1347299,4710781.0000,3,0.134600,1,-1.971800,0
2014-01-20,sh.600223,3.4900,3.5100,3.4400,3.4500,3.4800,1178343,4087510.0000,3,0.117720,1,-0.862100,0
2014-01-21,sh.600223,3.4500,3.5200,3.4400,3.4900,3.4500,927977,3242588.0000,3,0.092708,1,1.159400,0
2014-01-22,sh.600223,3.5000,3.7800,3.5000,3.7600,3.4900,7058303,26106181.0000,3,0.705148,1,7.736400,0
2014-01-23,sh.600223,3.7400,3.7600,3.6400,3.6900,3.7600,3081455,11379116.0000,3,0.307848,1,-1.861700,0
2014-01-24,sh.600223,3.6700,3.8200,3.6500,3.7200,3.6900,3483769,13080731.0000,3,0.348040,1,0.813000,0
2014-01-27,sh.600223,3.7000,3.8500,3.6700,3.7700,3.7200,3212655,12128172.0000,3,0.320955,1,1.344100,0
2014-01-28,sh.600223,3.7700,3.7900,3.6500,3.6900,3.7700,2443278,9049913.0000,3,0.244092,1,-2.122000,0
2014-01-29,sh.600223,3.6800,3.7500,3.6800,3.7100,3.6900,1449937,5380012.0000,3,0.144853,1,0.542000,0
2014-01-30,sh.600223,3.7200,3.8000,3.6400,3.6600,3.7100,1333931,4925493.0000,3,0.133264,1,-1.347700,0
2014-02-07,sh.600223,3.6500,3.6700,3.5800,3.6600,3.6600,1715572,6220573.0000,3,0.171391,1,0.000000,0
2014-02-10,sh.600223,3.6500,3.7500,3.6400,3.7400,3.6600,3418875,12669489.0000,3,0.341557,1,2.185800,0
2014-02-11,sh.600223,3.7500,3.8000,3.7100,3.7700,3.7400,3265157,12265222.0000,3,0.326200,1,0.802100,0
2014-02-12,sh.600223,3.7900,3.8100,3.7400,3.7800,3.7700,3351071,12660572.0000,3,0.334783,1,0.265300,0
2014-02-13,sh.600223,3.8100,3.8200,3.6900,3.7100,3.7800,3685499,13835802.0000,3,0.368193,1,-1.851900,0
2014-02-14,sh.600223,3.6800,3.7700,3.6800,3.7600,3.7100,2301558,8568471.0000,3,0.229933,1,1.347700,0
2014-02-17,sh.600223,3.7800,3.8000,3.7200,3.7700,3.7600,3488376,13122451.0000,3,0.348500,1,0.266000,0
2014-02-18,sh.600223,3.7800,3.8300,3.7600,3.8000,3.7700,4242890,16118930.0000,3,0.423879,1,0.795800,0
2014-02-19,sh.600223,3.8000,3.9200,3.7800,3.8700,3.8000,4128804,15910968.0000,3,0.412481,1,1.842100,0
2014-02-20,sh.600223,3.8800,3.9200,3.8200,3.8500,3.8700,4321672,16698602.0000,3,0.431749,1,-0.516800,0
2014-02-21,sh.600223,3.8600,3.8700,3.7500,3.7700,3.8500,2669146,10140505.0000,3,0.266656,1,-2.077900,0
2014-02-24,sh.600223,3.7100,3.7200,3.4100,3.4400,3.7700,12178158,42385435.0000,3,1.216638,1,-8.753300,0
2014-02-25,sh.600223,3.4400,3.4900,3.3300,3.3500,3.4400,6797308,23214075.0000,3,0.679073,1,-2.616300,0
2014-02-26,sh.600223,3.3500,3.4300,3.3000,3.4200,3.3500,3470802,11703103.0000,3,0.346745,1,2.089600,0
2014-02-27,sh.600223,3.4300,3.4300,3.3600,3.3700,3.4200,2603277,8830661.0000,3,0.260076,1,-1.462000,0
2014-02-28,sh.600223,3.3700,3.4200,3.3600,3.3900,3.3700,2516954,8529339.0000,3,0.251452,1,0.593500,0
2014-03-03,sh.600223,3.4000,3.4200,3.3700,3.4100,3.3900,3729761,12666867.0000,3,0.372615,1,0.590000,0
2014-03-04,sh.600223,3.4100,3.4500,3.4000,3.4400,3.4100,3586318,12271336.0000,3,0.358285,1,0.879800,0
2014-03-05,sh.600223,3.4400,3.4500,3.3800,3.3800,3.4400,2564834,8717694.0000,3,0.256235,1,-1.744200,0
2014-03-06,sh.600223,3.3900,3.5500,3.3500,3.5000,3.3800,7417751,25753163.0000,3,0.741058,1,3.550300,0
2014-03-07,sh.600223,3.4900,3.5000,3.4200,3.4400,3.5000,2785198,9603261.0000,3,0.278250,1,-1.714300,0
2014-03-10,sh.600223,3.4200,3.4200,3.2900,3.2900,3.4400,2924769,9762432.0000,3,0.292194,1,-4.360500,0
2014-03-11,sh.600223,3.2700,3.3600,3.2700,3.3400,3.2900,2066471,6889160.0000,3,0.206447,1,1.519800,0
2014-03-12,sh.600223,3.3300,3.4900,3.3100,3.4100,3.3400,3659814,12480289.0000,3,0.365627,1,2.095800,0
2014-03-13,sh.600223,3.4400,3.4600,3.4000,3.4300,3.4100,3315337,11361733.0000,3,0.331213,1,0.586500,0
2014-03-14,sh.600223,3.4000,3.4600,3.3600,3.4500,3.4300,3320243,11308347.0000,3,0.331703,1,0.583100,0
2014-03-17,sh.600223,3.4500,3.5100,3.4400,3.4700,3.4500,3775695,13091187.0000,3,0.377204,1,0.579700,0
2014-03-18,sh.600223,3.4700,3.4700,3.3800,3.4200,3.4700,4133721,14091995.0000,3,0.412972,1,-1.440900,0
2014-03-19,sh.600223,3.3800,3.4500,3.3400,3.4400,3.4200,3886405,13125232.0000,3,0.388265,1,0.584800,0
2014-03-20,sh.600223,3.4300,3.5700,3.4100,3.4300,3.4400,6396087,22322219.0000,3,0.638990,1,-0.290700,0
2014-03-21,sh.600223,3.4300,3.6000,3.4000,3.5900,3.4300,10537205,37234306.0000,3,1.052701,1,4.664700,0
2014-03-24,sh.600223,3.5400,3.7500,3.5200,3.7000,3.5900,10183719,37021450.0000,3,1.017387,1,3.064100,0
2014-03-25,sh.600223,3.6600,3.8200,3.6000,3.7100,3.7000,10479097,39222616.0000,3,1.046896,1,0.270300,0
2014-03-26,sh.600223,3.7000,3.7200,3.6300,3.6600,3.7100,4869753,17788955.0000,3,0.486504,1,-1.347700,0
2014-03-27,sh.600223,3.6200,3.8000,3.6100,3.6900,3.6600,10142894,37921113.0000,3,1.013309,1,0.819700,0
2014-03-28,sh.600223,3.6500,3.8500,3.6200,3.7900,3.6900,10406128,39040184.0000,3,1.039606,1,2.710000,0
2014-03-31,sh.600223,3.8000,3.8100,3.6500,3.7200,3.7900,6137080,22820529.0000,3,0.613115,1,-1.847000,0
2014-04-01,sh.600223,3.6800,3.7100,3.6300,3.7000,3.7200,6617601,24289817.0000,3,0.661120,1,-0.537600,0
2014-04-02,sh.600223,3.6800,3.9400,3.6800,3.9100,3.7000,18456666,71030687.0000,3,1.843882,1,5.675700,0
2014-04-03,sh.600223,3.9900,4.0200,3.8000,3.8100,3.9100,15967137,62023469.0000,3,1.595170,1,-2.557500,0
2014-04-04,sh.600223,3.7400,3.8000,3.7000,3.7900,3.8100,6599296,24692009.0000,3,0.659291,1,-0.524900,0
2014-04-08,sh.600223,3.7500,3.8400,3.7200,3.7900,3.7900,6321384,23963941.0000,3,0.631527,1,0.000000,0
2014-04-09,sh.600223,3.7900,3.7900,3.7200,3.7300,3.7900,6589619,24670053.0000,3,0.658325,1,-1.583100,0
2014-04-10,sh.600223,3.7300,3.7500,3.6600,3.7000,3.7300,6886184,25399511.0000,3,0.687952,1,-0.804300,0
2014-04-11,sh.600223,3.6800,3.7000,3.6500,3.6800,3.7000,3965202,14540104.0000,3,0.396137,1,-0.540500,0
2014-04-14,sh.600223,3.6900,3.7100,3.6500,3.7000,3.6800,5661675,20844714.0000,3,0.565620,1,0.543500,0
2014-04-15,sh.600223,3.6900,3.6900,3.5600,3.6100,3.7000,7843485,28324802.0000,3,0.783590,1,-2.432400,0
2014-04-16,sh.600223,3.5900,3.6600,3.5700,3.5800,3.6100,7084023,25484386.0000,3,0.707717,1,-0.831000,0
2014-04-17,sh.600223,3.5800,3.5900,3.5000,3.5200,3.5800,9010351,31841188.0000,3,0.900164,1,-1.676000,0
2014-04-18,sh.600223,3.5200,3.5900,3.4500,3.5600,3.5200,10383794,36431467.0000,3,1.037375,1,1.136400,0
2014-04-21,sh.600223,3.5800,3.5900,3.4800,3.4800,3.5600,10899125,38716425.0000,3,1.088858,1,-2.247200,0
2014-04-22,sh.600223,3.5100,3.5300,3.4600,3.5200,3.4800,7871266,27572983.0000,3,0.786365,1,1.149400,0
2014-04-23,sh.600223,3.5300,3.5600,3.4700,3.5200,3.5200,5486017,19312615.0000,3,0.548071,1,0.000000,0
2014-04-24,sh.600223,3.5000,3.5700,3.4600,3.5000,3.5200,8059611,28311091.0000,3,0.805182,1,-0.568200,0
2014-04-25,sh.600223,3.4900,3.5200,3.3900,3.4200,3.5000,5324372,18353993.0000,3,0.531922,1,-2.285700,0
2014-04-28,sh.600223,3.4000,3.4100,3.2900,3.3100,3.4200,5532943,18398171.0000,3,0.552759,1,-3.216400,0
2014-04-29,sh.600223,3.3400,3.3500,3.2800,3.3400,3.3100,3674945,12178192.0000,3,0.367139,1,0.906300,0
2014-04-30,sh.600223,3.3300,3.3600,3.3100,3.3500,3.3400,2822748,9415870.0000,3,0.282002,1,0.299400,0
2014-05-05,sh.600223,3.3500,3.3500,3.2400,3.2900,3.3500,5829190,19070099.0000,3,0.582355,1,-1.791000,0
2014-05-06,sh.600223,3.2900,3.3100,3.2100,3.2400,3.2900,8760559,28542869.0000,3,0.875209,1,-1.519800,0
2014-05-07,sh.600223,3.2300,3.2400,3.2100,3.2100,3.2400,2840707,9160402.0000,3,0.283796,1,-0.925900,0
2014-05-08,sh.600223,3.2200,3.2800,3.2100,3.2400,3.2100,4557644,14814982.0000,3,0.455324,1,0.934600,0
2014-05-09,sh.600223,3.2300,3.2400,3.1900,3.2300,3.2400,2538562,8165874.0000,3,0.253611,1,-0.308600,0
2014-05-12,sh.600223,3.2500,3.3100,3.2100,3.3000,3.2300,5097087,16691569.0000,3,0.509216,1,2.167200,0
2014-05-13,sh.600223,3.2700,3.3300,3.2700,3.3000,3.3000,4290738,14150179.0000,3,0.428659,1,0.000000,0
2014-05-14,sh.600223,3.3200,3.3700,3.3000,3.3100,3.3000,3766114,12514130.0000,3,0.376247,1,0.303000,0
2014-05-15,sh.600223,3.2900,3.3000,3.2200,3.2400,3.3100,2601117,8471231.0000,3,0.259860,1,-2.114800,0
2014-05-16,sh.600223,3.2200,3.2700,3.2100,3.2600,3.2400,1943521,6286927.0000,3,0.194164,1,0.617300,0
2014-05-19,sh.600223,3.2500,3.3100,3.2100,3.2900,3.2600,5030988,16333600.0000,3,0.502612,1,0.920200,0
2014-05-20,sh.600223,3.3100,3.3100,3.2300,3.2600,3.2900,3201700,10482073.0000,3,0.319860,1,-0.911900,0
2014-05-21,sh.600223,3.2600,3.2700,3.2100,3.2600,3.2600,1897615,6155635.0000,3,0.189578,1,0.000000,0
2014-05-22,sh.600223,3.2500,3.3000,3.2400,3.2600,3.2600,2484707,8115438.0000,3,0.248230,1,0.000000,0
2014-05-23,sh.600223,3.2600,3.3300,3.2600,3.3100,3.2600,5853568,19302180.0000,3,0.584791,1,1.533700,0
2014-05-26,sh.600223,3.3400,3.3800,3.3100,3.3400,3.3100,4901951,16334411.0000,3,0.489721,1,0.906300,0
2014-05-27,sh.600223,3.3300,3.3700,3.3100,3.3500,3.3400,5080188,16966962.0000,3,0.507528,1,0.299400,0
2014-05-28,sh.600223,3.3400,3.4000,3.3200,3.3900,3.3500,3893089,13119074.0000,3,0.388932,1,1.194000,0
2014-05-29,sh.600223,3.3600,3.4100,3.3400,3.4000,3.3900,4600682,15544402.0000,3,0.459623,1,0.295000,0
2014-05-30,sh.600223,3.3700,3.4000,3.3400,3.3800,3.4000,4263256,14353408.0000,3,0.425913,1,-0.588200,0
2014-06-03,sh.600223,3.3500,3.4300,3.3500,3.3700,3.3800,4330290,14704548.0000,3,0.432610,1,-0.295900,0
2014-06-04,sh.600223,3.3800,3.3900,3.3200,3.3300,3.3700,3235507,10820652.0000,3,0.323238,1,-1.186900,0
2014-06-05,sh.600223,3.3200,3.3900,3.3200,3.3800,3.3300,3189999,10728235.0000,3,0.318691,1,1.501500,0
2014-06-06,sh.600223,3.3900,3.4100,3.3400,3.4100,3.3800,3935071,13311047.0000,3,0.393127,1,0.887600,0
2014-06-09,sh.600223,3.3700,3.5000,3.3700,3.4800,3.4100,6149761,21191686.0000,3,0.614381,1,2.052800,0
2014-06-10,sh.600223,3.4900,3.5000,3.4300,3.4700,3.4800,2681286,9285996.0000,3,0.267869,1,-0.287400,0
2014-06-11,sh.600223,3.4500,3.5300,3.4000,3.5100,3.4700,4886360,16952425.0000,3,0.488163,1,1.152700,0
2014-06-12,sh.600223,3.4800,3.5000,3.4500,3.4700,3.5100,2545785,8836808.0000,3,0.254332,1,-1.139600,0
2014-06-13,sh.600223,3.4600,3.5400,3.4400,3.5400,3.4700,5631192,19705509.0000,3,0.562575,1,2.017300,0
2014-06-16,sh.600223,3.5100,3.5600,3.4800,3.5500,3.5400,3792719,13354714.0000,3,0.378905,1,0.282500,0
2014-06-17,sh.600223,3.5400,3.5400,3.4800,3.5000,3.5500,2670662,9360254.0000,3,0.266808,1,-1.408400,0
2014-06-18,sh.600223,3.5100,3.5100,3.4200,3.4400,3.5000,2617700,9063263.0000,3,0.261517,1,-1.714300,0
2014-06-19,sh.600223,3.4300,3.4500,3.3000,3.3900,3.4400,3571419,12095857.0000,3,0.356797,1,-1.453500,0
2014-06-20,sh.600223,3.3900,3.4000,3.3500,3.3900,3.3900,1066905,3607014.0000,3,0.106587,1,0.000000,0
2014-06-23,sh.600223,3.4000,3.4400,3.3400,3.4200,3.3900,4154864,14076947.0000,3,0.415085,1,0.885000,0
2014-06-24,sh.600223,3.4100,3.4500,3.3800,3.4200,3.4200,2450917,8375068.0000,3,0.244855,1,0.000000,0
2014-06-25,sh.600223,3.4100,3.4500,3.3800,3.4300,3.4200,2170557,7415198.0000,3,0.216846,1,0.292400,0
2014-06-26,sh.600223,3.4300,3.5100,3.4100,3.4800,3.4300,2821504,9799108.0000,3,0.281878,1,1.457700,0
2014-06-27,sh.600223,3.4700,3.5000,3.4600,3.4800,3.4800,3164136,11024154.0000,3,0.316108,1,0.000000,0
2014-06-30,sh.600223,3.4800,3.5400,3.4600,3.4800,3.4800,3005113,10500849.0000,3,0.300221,1,0.000000,0
2014-07-01,sh.600223,3.4600,3.4800,3.4400,3.4700,3.4800,3060927,10597948.0000,3,0.305797,1,-0.287400,0
2014-07-02,sh.600223,3.4700,3.7300,3.4400,3.6600,3.4700,16221599,58550318.0000,3,1.620591,1,5.475500,0
2014-07-03,sh.600223,3.6300,3.7200,3.5800,3.6600,3.6600,12505202,45815097.0000,3,1.249311,1,0.000000,0
2014-07-04,sh.600223,3.6200,3.7000,3.5900,3.5900,3.6600,5083480,18445632.0000,3,0.507856,1,-1.912600,0
2014-07-07,sh.600223,3.5900,3.6400,3.5800,3.6000,3.5900,2862519,10318256.0000,3,0.285975,1,0.278600,0
2014-07-08,sh.600223,3.6700,3.6800,3.5800,3.6000,3.6000,4610631,16687459.0000,3,0.460617,1,0.000000,0
2014-07-09,sh.600223,3.5700,3.6100,3.4900,3.5400,3.6000,5901054,20947104.0000,3,0.589535,1,-1.666700,0
2014-07-10,sh.600223,3.5700,3.6500,3.5200,3.6100,3.5400,7445763,26765577.0000,3,0.743856,1,1.977400,0
2014-07-11,sh.600223,3.5800,3.6500,3.5700,3.6100,3.6100,4669663,16898050.0000,3,0.466515,1,0.000000,0
2014-07-14,sh.600223,3.6000,3.6700,3.5900,3.6400,3.6100,4384265,15911430.0000,3,0.438003,1,0.831000,0
2014-07-15,sh.600223,3.6400,3.6400,3.5900,3.6200,3.6400,3106741,11219348.0000,3,0.310374,1,-0.549500,0
2014-07-16,sh.600223,3.6100,3.6700,3.5900,3.5900,3.6200,4464349,16210700.0000,3,0.446003,1,-0.828700,0
2014-07-17,sh.600223,3.6000,3.6700,3.5900,3.6300,3.5900,4530010,16481021.0000,3,0.452563,1,1.114200,0
2014-07-18,sh.600223,3.5900,3.7000,3.5700,3.6800,3.6300,7959323,29197801.0000,3,0.795163,1,1.377400,0
2014-07-21,sh.600223,3.6900,3.8000,3.6500,3.6700,3.6800,10636427,39613319.0000,3,1.062614,1,-0.271700,0
2014-07-22,sh.600223,3.6500,3.7300,3.6400,3.6900,3.6700,5274101,19489651.0000,3,0.526900,1,0.545000,0
2014-07-23,sh.600223,3.6800,3.7200,3.6600,3.6600,3.6900,4606773,17016610.0000,3,0.460232,1,-0.813000,0
2014-07-24,sh.600223,3.6700,3.8000,3.6500,3.7500,3.6600,11817276,44080366.0000,3,1.180585,1,2.459000,0
2014-07-25,sh.600223,3.7800,3.7800,3.6700,3.7200,3.7500,8086618,30076471.0000,3,0.807880,1,-0.800000,0
2014-07-28,sh.600223,3.7100,3.9600,3.7100,3.9500,3.7200,21683931,83164805.0000,3,2.166296,1,6.182800,0
2014-07-29,sh.600223,3.9200,4.0800,3.8800,3.9500,3.9500,25800290,102511618.0000,3,2.577534,1,0.000000,0
2014-07-30,sh.600223,3.9500,4.0300,3.9400,4.0200,3.9500,23401832,93184349.0000,3,2.337920,1,1.772200,0
2014-07-31,sh.600223,4.0200,4.4200,4.0000,4.1700,4.0200,38289345,160832906.0000,3,3.825232,1,3.731300,0
2014-08-01,sh.600223,4.1700,4.2700,4.0600,4.0900,4.1700,19655621,81405186.0000,3,1.963661,1,-1.918500,0
2014-08-04,sh.600223,4.1100,4.1500,4.0000,4.1000,4.0900,12214655,49716930.0000,3,1.220284,1,0.244500,0
2014-08-05,sh.600223,4.1000,4.1900,4.0400,4.1800,4.1000,15154234,61788144.0000,3,1.513958,1,1.951200,0
2014-08-06,sh.600223,4.1000,4.2000,4.0400,4.1100,4.1800,18168446,74600879.0000,3,1.815088,1,-1.674600,0
2014-08-07,sh.600223,4.0800,4.1500,4.0500,4.1000,4.1100,15788324,64718271.0000,3,1.577306,1,-0.243300,0
2014-08-08,sh.600223,4.0800,4.1600,4.0600,4.1300,4.1000,36702991,150315968.0000,3,3.666750,1,0.731700,0
2014-08-11,sh.600223,4.1200,4.2300,4.1100,4.2100,4.1300,34782909,145140017.0000,3,3.474927,1,1.937000,0
2014-08-12,sh.600223,4.2100,4.2200,4.1500,4.2000,4.2100,7868555,32901164.0000,3,0.786095,1,-0.237500,0
2014-08-13,sh.600223,4.2000,4.4400,4.1500,4.4000,4.2000,42859492,182344347.0000,3,4.281804,1,4.761900,0
2014-08-14,sh.600223,4.2500,4.3300,4.1800,4.1900,4.4000,34405506,145934226.0000,3,3.437223,1,-4.772700,0
2014-08-15,sh.600223,4.1800,4.1900,4.0600,4.1400,4.1900,11704259,48239988.0000,3,1.169294,1,-1.193300,0
2014-08-18,sh.600223,4.1500,4.1600,4.1100,4.1400,4.1400,8383519,34618216.0000,3,0.837541,1,0.000000,0
2014-08-19,sh.600223,4.1200,4.1700,4.1100,4.1300,4.1400,9144048,37818362.0000,3,0.913521,1,-0.241500,0
2014-08-20,sh.600223,4.1300,4.1800,4.1100,4.1700,4.1300,9355083,38716886.0000,3,0.934604,1,0.968500,0
2014-08-21,sh.600223,4.1500,4.1600,4.0700,4.1100,4.1700,5946909,24459381.0000,3,0.594116,1,-1.438800,0
2014-08-22,sh.600223,4.1100,4.1100,4.0300,4.0700,4.1100,11697774,47493018.0000,3,1.168646,1,-0.973200,0
2014-08-25,sh.600223,4.0700,4.0700,4.0100,4.0300,4.0700,5195053,20965005.0000,3,0.519003,1,-0.982800,0
2014-08-26,sh.600223,4.0200,4.0400,3.9100,3.9200,4.0300,6438406,25613129.0000,3,0.643218,1,-2.729500,0
2014-08-27,sh.600223,3.9300,3.9500,3.8800,3.9300,3.9200,4480167,17584732.0000,3,0.447583,1,0.255100,0
2014-08-28,sh.600223,3.9300,3.9900,3.9100,3.9400,3.9300,3307028,13088001.0000,3,0.330383,1,0.254500,0
2014-08-29,sh.600223,3.9300,3.9800,3.9200,3.9800,3.9400,2738929,10844998.0000,3,0.273628,1,1.015200,0
2014-09-01,sh.600223,3.9900,4.0300,3.9600,4.0200,3.9800,3662853,14651683.0000,3,0.365931,1,1.005000,0
2014-09-02,sh.600223,4.0400,4.0500,4.0100,4.0500,4.0200,5501344,22220985.0000,3,0.549602,1,0.746300,0
2014-09-03,sh.600223,4.0500,4.0900,4.0500,4.0800,4.0500,5763141,23471865.0000,3,0.575757,1,0.740700,0
2014-09-04,sh.600223,4.0900,4.1300,4.0800,4.1000,4.0800,6849409,28129089.0000,3,0.684279,1,0.490200,0
2014-09-05,sh.600223,4.1200,4.1300,4.0700,4.1000,4.1000,5264314,21517010.0000,3,0.525922,1,0.000000,0
2014-09-09,sh.600223,4.0900,4.1300,4.0800,4.1200,4.1000,6020367,24709426.0000,3,0.601454,1,0.487800,0
2014-09-10,sh.600223,4.1200,4.1200,4.0800,4.1100,4.1200,4731265,19388588.0000,3,0.472669,1,-0.242700,0
2014-09-11,sh.600223,4.1000,4.1800,4.0800,4.1100,4.1100,8782687,36330105.0000,3,0.877419,1,0.000000,0
2014-09-12,sh.600223,4.1100,4.2000,4.1100,4.2000,4.1100,10963181,45720144.0000,3,1.095258,1,2.189800,0
2014-09-15,sh.600223,4.2400,4.2900,4.2100,4.2700,4.2000,12850895,54588033.0000,3,1.283847,1,1.666700,0
2014-09-16,sh.600223,4.2700,4.3400,4.1800,4.1900,4.2700,15549532,66430418.0000,3,1.553449,1,-1.873500,0
2014-09-17,sh.600223,4.2000,4.3800,4.1800,4.3700,4.1900,20568975,88534261.0000,3,2.054908,1,4.295900,0
2014-09-18,sh.600223,4.3600,4.4700,4.0000,4.3500,4.3700,17460560,76367403.0000,3,1.744367,1,-0.457700,0
2014-09-19,sh.600223,4.3300,4.3600,4.2100,4.2800,4.3500,11606149,49541204.0000,3,1.159493,1,-1.609200,0
2014-09-22,sh.600223,4.2800,4.4100,4.2300,4.3100,4.2800,12242356,52981151.0000,3,1.223052,1,0.700900,0
2014-09-23,sh.600223,4.3300,4.4000,4.2800,4.3300,4.3100,8874729,38459525.0000,3,0.886615,1,0.464000,0
2014-09-24,sh.600223,4.3100,4.3700,4.2600,4.3400,4.3300,12246228,52784973.0000,3,1.223439,1,0.231000,0
2014-09-25,sh.600223,4.3400,4.3700,4.2700,4.2800,4.3400,9376100,40621498.0000,3,0.936703,1,-1.382500,0
2014-09-26,sh.600223,4.2600,4.3200,4.2500,4.2900,4.2800,5417884,23208910.0000,3,0.541264,1,0.233600,0
2014-09-29,sh.600223,4.3000,4.3500,4.2900,4.3100,4.2900,8002066,34589812.0000,3,0.799433,1,0.466200,0
2014-09-30,sh.600223,4.3100,4.4300,4.3100,4.3500,4.3100,12230951,53375054.0000,3,1.221912,1,0.928100,0
2014-10-08,sh.600223,4.4600,4.4900,4.3600,4.4100,4.3500,13001198,57430351.0000,3,1.298863,1,1.379300,0
2014-10-09,sh.600223,4.3900,4.8000,4.3800,4.7200,4.4100,31535503,145126104.0000,3,3.150501,1,7.029500,0
2014-10-10,sh.600223,4.6700,4.8300,4.6200,4.7500,4.7200,22650088,106887091.0000,3,2.262818,1,0.635600,0
2014-10-13,sh.600223,4.7100,4.8500,4.5900,4.8000,4.7500,13777102,65197931.0000,3,1.376378,1,1.052600,0
2014-10-14,sh.600223,4.7400,4.8400,4.6600,4.7100,4.8000,10532352,50000285.0000,3,1.052217,1,-1.875000,0
2014-10-15,sh.600223,4.6900,5.0600,4.6700,4.9200,4.7100,22450706,109860889.0000,3,2.242899,1,4.458600,0
2014-10-16,sh.600223,4.9400,4.9400,4.7500,4.7600,4.9200,12694818,61340928.0000,3,1.268254,1,-3.252000,0
2014-10-17,sh.600223,4.7600,4.7600,4.5500,4.6100,4.7600,9344401,43334377.0000,3,0.933536,1,-3.151300,0
2014-10-20,sh.600223,4.6100,4.6800,4.5600,4.6800,4.6100,7045239,32546276.0000,3,0.703843,1,1.518400,0
2014-10-21,sh.600223,4.6800,4.8900,4.6400,4.8300,4.6800,19797363,94374154.0000,3,1.977822,1,3.205100,0
2014-10-22,sh.600223,4.8000,5.2500,4.8000,5.1200,4.8300,42254053,215218774.0000,3,4.221319,1,6.004100,0
2014-10-23,sh.600223,5.0800,5.1600,5.0200,5.1300,5.1200,16810350,85842958.0000,3,1.679409,1,0.195300,0
2014-10-24,sh.600223,5.1200,5.1300,4.9700,5.0500,5.1300,15750090,79465313.0000,3,1.573486,1,-1.559500,0
2014-10-27,sh.600223,5.0500,5.4500,4.8200,4.9300,5.0500,14135170,70103692.0000,3,1.412150,1,-2.376200,0
2014-10-28,sh.600223,4.9200,5.4000,4.9200,5.2000,4.9300,52648001,275965872.0000,3,5.259709,1,5.476700,0
2014-10-29,sh.600223,5.2100,5.2600,5.1200,5.2100,5.2000,31255105,162346746.0000,3,3.122488,1,0.192300,0
2014-10-30,sh.600223,5.1600,5.4200,5.1600,5.1900,5.2100,32765439,173472924.0000,3,3.273375,1,-0.383900,0
2014-10-31,sh.600223,5.1900,5.3400,5.0500,5.2900,5.1900,23469326,122262633.0000,3,2.344663,1,1.926800,0
2014-11-03,sh.600223,5.3300,5.3700,5.2500,5.3400,5.2900,27086551,144004687.0000,3,2.706036,1,0.945200,0
2014-11-04,sh.600223,5.3500,5.3600,5.1500,5.1900,5.3400,18384405,96410664.0000,3,1.836663,1,-2.809000,0
2014-11-05,sh.600223,5.2000,5.2800,5.1400,5.2400,5.1900,10577217,55180406.0000,3,1.056699,1,0.963400,0
2014-11-06,sh.600223,5.2500,5.2600,5.0600,5.1000,5.2400,16736166,85852528.0000,3,1.671998,1,-2.671800,0
2014-11-07,sh.600223,5.1100,5.1300,5.0400,5.1200,5.1000,11667949,59270821.0000,3,1.165667,1,0.392200,0
2014-11-10,sh.600223,5.1200,5.2500,5.0000,5.1700,5.1200,16888490,86964456.0000,3,1.687216,1,0.976600,0
2014-11-11,sh.600223,5.1700,5.2600,4.8600,4.9700,5.1700,13859363,69798475.0000,3,1.384596,1,-3.868500,0
2014-11-12,sh.600223,4.9100,5.1200,4.8800,5.0500,4.9700,13858873,69657935.0000,3,1.384547,1,1.609700,0
2014-11-13,sh.600223,5.0600,5.1100,4.9600,5.0700,5.0500,7807922,39285059.0000,3,0.780037,1,0.396000,0
2014-11-14,sh.600223,5.0800,5.0800,4.9500,5.0200,5.0700,7117312,35672255.0000,3,0.711043,1,-0.986200,0
2014-11-17,sh.600223,5.0400,5.1000,5.0100,5.0300,5.0200,7660142,38732781.0000,3,0.765273,1,0.199200,0
2014-11-18,sh.600223,5.0300,5.0400,4.9700,5.0100,5.0300,5552130,27783242.0000,3,0.554676,1,-0.397600,0
2014-11-19,sh.600223,5.0200,5.5100,4.9700,5.5100,5.0100,56480544,303395552.0000,3,5.642592,1,9.980000,0
2014-11-20,sh.600223,5.4500,5.6100,5.4000,5.5100,5.5100,49288244,270627280.0000,3,4.924058,1,0.000000,0
2014-11-21,sh.600223,5.4800,5.5600,5.3000,5.3400,5.5100,34260565,185250415.0000,3,3.422743,1,-3.085300,0
2014-11-24,sh.600223,5.4500,5.7500,5.4300,5.5800,5.3400,41324424,230704155.0000,3,4.128446,1,4.494400,0
2014-11-25,sh.600223,5.5800,5.6500,5.5000,5.6300,5.5800,24283973,135189415.0000,3,2.426049,1,0.896100,0
2014-11-26,sh.600223,5.5900,5.6300,5.5200,5.5400,5.6300,12632091,70334869.0000,3,1.261987,1,-1.598600,0
2014-11-27,sh.600223,5.5300,5.5900,5.4400,5.5500,5.5400,14594616,80243282.0000,3,1.458050,1,0.180500,0
2014-11-28,sh.600223,5.5600,5.6800,5.4700,5.6000,5.5500,19658573,109893720.0000,3,1.963956,1,0.900900,0
2014-12-01,sh.600223,5.6100,5.8500,5.5100,5.6400,5.6000,23652572,134931250.0000,3,2.362970,1,0.714300,0
2014-12-02,sh.600223,5.6100,5.7400,5.5500,5.6600,5.6400,14147316,79879379.0000,3,1.413363,1,0.354600,0
2014-12-03,sh.600223,5.6600,5.8800,5.4900,5.6000,5.6600,26216388,148873099.0000,3,2.619104,1,-1.060100,0
2014-12-04,sh.600223,5.6000,5.6600,5.5300,5.6600,5.6000,15296244,85568971.0000,3,1.528145,1,1.071400,0
2014-12-05,sh.600223,5.6700,5.6800,5.1000,5.3300,5.6600,22139323,119074677.0000,3,2.211791,1,-5.830400,0
2014-12-08,sh.600223,5.2800,5.4900,5.0500,5.3800,5.3300,12130900,64867768.0000,3,1.211917,1,0.938100,0
2014-12-09,sh.600223,5.3000,5.6300,5.0800,5.1500,5.3800,19066620,103059195.0000,3,1.904818,1,-4.275100,0
2014-12-10,sh.600223,5.1500,5.2700,5.1000,5.2400,5.1500,10424575,54013281.0000,3,1.041449,1,1.747600,0
2014-12-11,sh.600223,5.2300,5.7600,5.1800,5.7600,5.2400,36448560,204060196.0000,3,3.641331,1,9.923700,0
2014-12-12,sh.600223,5.7400,5.8700,5.7000,5.7700,5.7600,23398399,135355656.0000,3,2.337577,1,0.173600,0
2014-12-15,sh.600223,5.8300,6.0300,5.7400,5.9300,5.7700,20156336,118853997.0000,3,2.013684,1,2.773000,0
2014-12-16,sh.600223,5.9000,6.5200,5.9000,6.5200,5.9300,87765125,556439520.0000,3,8.768025,1,9.949400,0
2014-12-17,sh.600223,6.3600,6.9600,6.3100,6.9300,6.5200,82019002,539666480.0000,3,8.193968,1,6.288300,0
2014-12-18,sh.600223,6.8000,6.9000,6.6500,6.7900,6.9300,56438441,380387312.0000,3,5.638386,1,-2.020200,0
2014-12-19,sh.600223,6.8800,6.8800,6.6200,6.7800,6.7900,35701106,239953799.0000,3,3.566658,1,-0.147300,0
2014-12-22,sh.600223,6.7500,7.3100,6.6400,7.0800,6.7800,74924346,518949824.0000,3,7.485189,1,4.424800,0
2014-12-23,sh.600223,6.9500,7.3100,6.7600,6.9100,7.0800,88320570,623705728.0000,3,8.823516,1,-2.401100,0
2014-12-24,sh.600223,6.8700,7.5100,6.7600,7.3400,6.9100,86231816,609907696.0000,3,8.614842,1,6.222900,0
2014-12-25,sh.600223,7.2000,7.3000,6.9800,7.1700,7.3400,81125581,579127904.0000,3,8.104713,1,-2.316100,0
2014-12-26,sh.600223,6.9000,7.5500,6.7500,7.4200,7.1700,88258018,629794288.0000,3,8.817267,1,3.486800,0
2014-12-29,sh.600223,7.2500,7.4200,7.0100,7.1100,7.4200,68785251,495034816.0000,3,6.871873,1,-4.177900,0
2014-12-30,sh.600223,7.1000,7.1500,6.4600,6.8000,7.1100,49966451,335118720.0000,3,4.991813,1,-4.360100,0
2014-12-31,sh.600223,6.7000,6.8100,6.4500,6.6200,6.8000,34760745,228899293.0000,3,3.472713,1,-2.647100,0
2015-01-05,sh.600223,6.6200,7.1900,6.5000,6.9200,6.6200,44072666,303898544.0000,3,4.403004,1,4.531700,0
2015-01-06,sh.600223,6.8500,6.8500,6.6000,6.7100,6.9200,16892745,113520214.0000,3,1.687641,1,-3.034700,0
2015-01-07,sh.600223,6.7400,6.8500,6.7000,6.7700,6.7100,12876614,87255919.0000,3,1.286416,1,0.894200,0
2015-01-08,sh.600223,6.7700,6.9400,6.6000,6.6600,6.7700,13781165,93747279.0000,3,1.376784,1,-1.624800,0
2015-01-09,sh.600223,6.6000,6.6400,6.3300,6.3600,6.6600,20266892,130968325.0000,3,2.024729,1,-4.504500,0
2015-01-12,sh.600223,6.3000,6.3500,5.9800,6.0100,6.3600,15422650,93693184.0000,3,1.540774,1,-5.503100,0
2015-01-13,sh.600223,5.9900,6.1000,5.9700,6.0500,6.0100,8227601,49629444.0000,3,0.821964,1,0.665600,0
2015-01-14,sh.600223,6.0700,6.1500,5.9900,6.0700,6.0500,7439853,45172615.0000,3,0.743266,1,0.330600,0
2015-01-15,sh.600223,6.0600,6.2300,6.0400,6.2200,6.0700,10572393,65143661.0000,3,1.056217,1,2.471200,0
2015-01-16,sh.600223,6.2300,6.2900,6.0800,6.1400,6.2200,12323748,75846147.0000,3,1.231183,1,-1.286200,0
2015-01-19,sh.600223,5.9800,5.9800,5.5300,5.5300,6.1400,20543137,117283684.0000,3,2.052327,1,-9.934800,0
2015-01-20,sh.600223,5.5300,5.8100,5.5300,5.7400,5.5300,14022088,79507248.0000,3,1.400853,1,3.797500,0
2015-01-21,sh.600223,5.8300,6.0000,5.7100,5.9800,5.7400,14106078,83277122.0000,3,1.409244,1,4.181200,0
2015-01-22,sh.600223,5.9700,6.1600,5.9500,6.0600,5.9800,10372546,62877083.0000,3,1.036252,1,1.337800,0
2015-01-23,sh.600223,6.0600,6.1600,5.9700,6.0700,6.0600,11450741,69418489.0000,3,1.143967,1,0.165000,0
2015-01-26,sh.600223,6.0600,6.3000,5.8800,6.2000,6.0700,10919266,66946805.0000,3,1.090871,1,2.141700,0
2015-01-27,sh.600223,6.1700,6.2200,5.9600,6.0900,6.2000,13486613,81945103.0000,3,1.347357,1,-1.774200,0
2015-01-28,sh.600223,6.0800,6.0900,5.9900,6.0500,6.0900,6075134,36652005.0000,3,0.606926,1,-0.656800,0
2015-01-29,sh.600223,6.0000,6.0900,5.9600,6.0600,6.0500,6879121,41381873.0000,3,0.687247,1,0.165300,0
2015-01-30,sh.600223,6.0100,6.2700,6.0000,6.1800,6.0600,13583205,83591563.0000,3,1.357007,1,1.980200,0
2015-02-02,sh.600223,6.0600,6.1700,6.0000,6.0700,6.1800,7818963,47558804.0000,3,0.781140,1,-1.779900,0
2015-02-03,sh.600223,6.0600,6.2100,6.0200,6.2000,6.0700,9611084,58917582.0000,3,0.960179,1,2.141700,0
2015-02-04,sh.600223,6.2000,6.4200,6.1700,6.3800,6.2000,21726529,137412904.0000,3,2.170552,1,2.903200,0
2015-02-05,sh.600223,6.5900,6.6500,6.2000,6.2100,6.3800,20450974,131491751.0000,3,2.043120,1,-2.664600,0
2015-02-06,sh.600223,6.1700,6.2600,5.8800,5.9400,6.2100,12601660,76009446.0000,3,1.258947,1,-4.347800,0
2015-02-09,sh.600223,5.9000,5.9100,5.7300,5.8500,5.9400,8337236,48456850.0000,3,0.832917,1,-1.515200,0
2015-02-10,sh.600223,5.8500,6.0600,5.7900,6.0000,5.8500,6375618,38168138.0000,3,0.636945,1,2.564100,0
2015-02-11,sh.600223,6.0200,6.0600,5.9500,6.0100,6.0000,4410520,26475712.0000,3,0.440625,1,0.166700,0
2015-02-12,sh.600223,6.0000,6.0300,5.9000,5.9400,6.0100,4562125,27172052.0000,3,0.455771,1,-1.164700,0
2015-02-13,sh.600223,5.9800,6.1400,5.9600,6.0900,5.9400,8084800,49089385.0000,3,0.807698,1,2.525300,0
2015-02-16,sh.600223,6.0700,6.1500,6.0500,6.1400,6.0900,6893679,42035436.0000,3,0.688701,1,0.821000,0
2015-02-17,sh.600223,6.1500,6.3200,6.1200,6.2500,6.1400,8906311,55675454.0000,3,0.889770,1,1.791500,0
2015-02-25,sh.600223,6.2500,6.2800,6.1200,6.1700,6.2500,5510740,34223936.0000,3,0.550541,1,-1.280000,0
2015-02-26,sh.600223,6.1300,6.2800,6.1200,6.2600,6.1700,7928242,49301849.0000,3,0.792057,1,1.458700,0
2015-02-27,sh.600223,6.2300,6.2900,6.1900,6.2600,6.2600,7083837,44210660.0000,3,0.707699,1,0.000000,0
2015-03-02,sh.600223,6.4000,6.4600,6.2800,6.3200,6.2600,12527156,79390399.0000,3,1.251504,1,0.958500,0
2015-03-03,sh.600223,6.3900,6.6800,6.3900,6.4800,6.3200,20477092,133711531.0000,3,2.045729,1,2.531600,0
2015-03-04,sh.600223,6.5000,6.8400,6.5000,6.8200,6.4800,18393197,122896922.0000,3,1.837541,1,5.246900,0
2015-03-05,sh.600223,6.8200,6.8200,6.5800,6.6500,6.8200,12580537,83928257.0000,3,1.256837,1,-2.492700,0
2015-03-06,sh.600223,6.6400,6.8900,6.6000,6.6700,6.6500,11862453,79675843.0000,3,1.185098,1,0.300800,0
2015-03-09,sh.600223,6.6900,6.7200,6.5000,6.6300,6.6700,7198380,47355872.0000,3,0.719142,1,-0.599700,0
2015-03-10,sh.600223,6.6300,6.6400,6.5600,6.5600,6.6300,7553970,49743805.0000,3,0.754666,1,-1.055800,0
2015-03-11,sh.600223,6.5600,6.6900,6.5400,6.6200,6.5600,8257599,54478624.0000,3,0.824961,1,0.914600,0
2015-03-12,sh.600223,6.6400,6.8000,6.5700,6.7600,6.6200,13340135,89363979.0000,3,1.332723,1,2.114800,0
2015-03-13,sh.600223,6.7900,6.8400,6.6600,6.7700,6.7600,11558574,78027583.0000,3,1.154740,1,0.147900,0
2015-03-16,sh.600223,6.7700,6.9700,6.7200,6.9300,6.7700,14284061,98304920.0000,3,1.427025,1,2.363400,0
2015-03-17,sh.600223,6.9200,7.0000,6.8600,6.9700,6.9300,15704766,109057247.0000,3,1.568958,1,0.577200,0
2015-03-18,sh.600223,6.9800,7.0700,6.8800,7.0400,6.9700,19031725,132712833.0000,3,1.901332,1,1.004300,0
2015-03-19,sh.600223,7.0800,7.3500,7.0000,7.1900,7.0400,20594661,148014504.0000,3,2.057474,1,2.130700,0
2015-03-20,sh.600223,7.1700,7.2500,7.1000,7.2100,7.1900,16442618,117898351.0000,3,1.642672,1,0.278200,0
2015-03-23,sh.600223,7.3300,7.9300,7.3300,7.9300,7.2100,38008151,292085696.0000,3,3.797139,1,9.986100,0
2015-03-24,sh.600223,7.9400,7.9600,7.5000,7.8100,7.9300,31083962,241441294.0000,3,3.105390,1,-1.513200,0
2015-03-25,sh.600223,7.8000,7.8400,7.6600,7.7700,7.8100,16272080,126158354.0000,3,1.625634,1,-0.512200,0
2015-03-26,sh.600223,7.7800,7.9100,7.6100,7.8500,7.7700,16699170,129795149.0000,3,1.668302,1,1.029600,0
2015-03-27,sh.600223,7.8800,8.2000,7.8800,8.0300,7.8500,22625433,182144771.0000,3,2.260355,1,2.293000,0
2015-03-30,sh.600223,8.0300,8.3200,7.6000,8.1000,8.0300,35845855,286621392.0000,3,3.581119,1,0.871700,0
2015-03-31,sh.600223,8.2000,8.3200,7.7800,7.8400,8.1000,26232269,210848827.0000,3,2.620690,1,-3.209900,0
2015-04-01,sh.600223,7.8100,7.9200,7.7100,7.8500,7.8400,15358382,119968353.0000,3,1.534353,1,0.127500,0
2015-04-02,sh.600223,7.8400,7.9700,7.8000,7.9600,7.8500,14923271,117556914.0000,3,1.490884,1,1.401300,0
2015-04-03,sh.600223,7.8800,8.0500,7.7800,8.0400,7.9600,17060081,136009296.0000,3,1.704358,1,1.005000,0
2015-04-07,sh.600223,8.0500,8.2500,8.0000,8.1800,8.0400,20509272,167256963.0000,3,2.048944,1,1.741300,0
2015-04-08,sh.600223,8.2200,8.2600,7.9300,8.1100,8.1800,16842134,136762054.0000,3,1.682585,1,-0.855800,0
2015-04-09,sh.600223,8.1500,8.1800,7.8200,8.0700,8.1100,17920361,143034983.0000,3,1.790303,1,-0.493200,0
2015-04-10,sh.600223,8.0300,8.4300,7.8900,8.4200,8.0700,28919028,238562980.0000,3,2.889106,1,4.337100,0
2015-04-13,sh.600223,8.4600,8.6100,8.3100,8.4200,8.4200,30609895,258260810.0000,3,3.058029,1,0.000000,0
2015-04-14,sh.600223,8.4100,8.5200,8.3000,8.3700,8.4200,20501227,172134916.0000,3,2.048140,1,-0.593800,0
2015-04-15,sh.600223,8.3700,8.5700,8.2000,8.2500,8.3700,24981649,210006918.0000,3,2.495749,1,-1.433700,0
2015-04-16,sh.600223,8.1000,8.3300,7.9700,8.1900,8.2500,15979159,130526374.0000,3,1.596371,1,-0.727300,0
2015-04-17,sh.600223,8.2500,8.5900,8.2500,8.3800,8.1900,25001813,211080906.0000,3,2.497763,1,2.319900,0
2015-04-20,sh.600223,8.8800,9.2200,8.8800,9.2200,8.3800,54890523,504752288.0000,3,5.483744,1,10.023900,0
2015-04-21,sh.600223,9.2200,10.0700,8.9500,9.9100,9.2200,66492255,628955312.0000,3,6.642795,1,7.483700,0
2015-04-22,sh.600223,9.7100,10.2200,9.5900,10.1000,9.9100,43976560,436546272.0000,3,4.393403,1,1.917300,0
2015-04-23,sh.600223,10.1000,10.6000,9.9500,10.0700,10.1000,53057721,542537920.0000,3,5.300641,1,-0.297000,0
2015-04-24,sh.600223,9.8000,10.3900,9.5300,9.6400,10.0700,50808993,501503664.0000,3,5.075986,1,-4.270100,0
2015-04-27,sh.600223,9.8000,10.0500,9.5000,9.5400,9.6400,33811636,330190192.0000,3,3.377894,1,-1.037300,0
2015-04-28,sh.600223,9.5900,9.6700,8.8300,9.1400,9.5400,39679375,365968624.0000,3,3.964100,1,-4.192900,0
2015-04-29,sh.600223,9.2400,9.7600,9.0000,9.7400,9.1400,26065541,247452975.0000,3,2.604033,1,6.564500,0
2015-04-30,sh.600223,9.7700,10.0000,9.5000,9.7400,9.7400,27795368,271736928.0000,3,2.776849,1,0.000000,0
2015-05-04,sh.600223,9.7500,9.8500,9.3800,9.5200,9.7400,16687593,158783023.0000,3,1.667146,1,-2.258700,0
2015-05-05,sh.600223,9.5700,9.5800,9.0500,9.1600,9.5200,15180884,141463273.0000,3,1.516620,1,-3.781500,0
2015-05-06,sh.600223,9.1400,9.3500,8.7100,8.9300,9.1600,14193768,129058412.0000,3,1.418004,1,-2.510900,0
2015-05-07,sh.600223,8.9300,8.9500,8.4800,8.6100,8.9300,14315766,124101345.0000,3,1.430192,1,-3.583400,0
2015-05-08,sh.600223,8.7000,8.8700,8.3900,8.8000,8.6100,12530678,108720652.0000,3,1.251856,1,2.206700,0
2015-05-11,sh.600223,9.0000,9.2300,8.8500,9.2000,8.8000,16622796,149849733.0000,3,1.660672,1,4.545500,0
2015-05-12,sh.600223,9.1600,9.5000,9.0400,9.3800,9.2000,14991017,139028041.0000,3,1.497652,1,1.956500,0
2015-05-13,sh.600223,9.3900,9.6000,9.0800,9.5100,9.3800,20989488,193882813.0000,3,2.096919,1,1.385900,0
2015-05-14,sh.600223,9.4500,9.5300,9.1200,9.1700,9.5100,19917878,184439146.0000,3,1.989862,1,-3.575200,0
2015-05-15,sh.600223,9.1800,9.1900,8.8600,8.9000,9.1700,11384901,101910414.0000,3,1.137389,1,-2.944400,0
2015-05-18,sh.600223,8.8200,9.1200,8.6800,8.9800,8.9000,14460690,128538232.0000,3,1.444671,1,0.898900,0
2015-05-19,sh.600223,8.9800,9.3300,8.9000,9.1600,8.9800,12943211,118473895.0000,3,1.293069,1,2.004500,0
2015-05-20,sh.600223,9.1900,9.5500,9.1300,9.2200,9.1600,18285522,171444784.0000,3,1.826784,1,0.655000,0
2015-05-21,sh.600223,9.2300,9.4700,9.0600,9.4300,9.2200,17163239,159297197.0000,3,1.714664,1,2.277700,0
2015-05-22,sh.600223,9.4900,10.3700,9.4800,10.3700,9.4300,36415423,365238240.0000,3,3.638021,1,9.968200,0
2015-05-25,sh.600223,10.5800,11.4100,10.5800,11.1800,10.3700,55015860,607648400.0000,3,5.496266,1,7.811000,0
2015-05-26,sh.600223,11.1800,11.8000,10.8000,11.4200,11.1800,42906179,481072368.0000,3,4.286469,1,2.146700,0
2015-05-27,sh.600223,11.5100,12.5600,11.1300,12.5600,11.4200,58893132,695200992.0000,3,5.883618,1,9.982500,0
2015-05-28,sh.600223,12.2800,12.9900,11.3300,11.4100,12.5600,45010538,550260992.0000,3,4.496701,1,-9.156100,0
2015-05-29,sh.600223,11.3800,11.8500,10.7800,11.6700,11.4100,43396667,496902672.0000,3,4.335470,1,2.278700,0
2015-06-01,sh.600223,11.8100,12.3500,11.7700,12.1400,11.6700,27398004,328929152.0000,3,2.737151,1,4.027400,0
2015-06-02,sh.600223,12.1000,12.7900,11.9800,12.6400,12.1400,30617499,380015296.0000,3,3.058789,1,4.118600,0
2015-06-03,sh.600223,12.6400,12.9700,11.8000,12.0600,12.6400,30164636,371432352.0000,3,3.013546,1,-4.588600,0
2015-06-04,sh.600223,12.1400,12.5200,10.8800,12.2900,12.0600,24422333,292886800.0000,3,2.439872,1,1.907100,0
2015-06-05,sh.600223,12.4400,12.6500,11.9200,12.2200,12.2900,39738168,485941440.0000,3,3.969974,1,-0.569600,0
2015-06-08,sh.600223,12.3000,12.3800,11.8500,12.1100,12.2200,34531763,418626464.0000,3,3.449837,1,-0.900200,0
2015-06-09,sh.600223,12.2500,12.7700,12.1100,12.4800,12.1100,35453229,440860144.0000,3,3.541894,1,3.055300,0
2015-06-10,sh.600223,12.5000,13.7300,12.2900,13.7300,12.4800,37963016,504070416.0000,3,3.792630,1,10.016000,0
2015-06-11,sh.600223,14.1500,14.3100,13.2000,13.9000,13.7300,45060103,623932480.0000,3,4.501653,1,1.238200,0
2015-06-12,sh.600223,13.8700,14.9000,13.6900,14.3400,13.9000,34838185,500919648.0000,3,3.480449,1,3.165500,0
2015-06-15,sh.600223,14.3000,14.9500,13.7600,14.2000,14.3400,30463990,438406768.0000,3,3.043453,1,-0.976300,0
2015-06-16,sh.600223,13.9600,13.9700,12.9000,13.1800,14.2000,29693205,401685968.0000,3,2.966449,1,-7.183100,0
2015-06-17,sh.600223,13.1400,13.5500,12.2300,13.3500,13.1800,26300667,341116976.0000,3,2.627523,1,1.289800,0
2015-06-18,sh.600223,13.3000,13.8800,13.0200,13.0700,13.3500,26945623,361311024.0000,3,2.691956,1,-2.097400,0
2015-06-19,sh.600223,12.6000,12.9800,11.7600,11.7600,13.0700,21639212,265560857.0000,3,2.161829,1,-10.022900,0
2015-06-23,sh.600223,11.7600,11.7700,10.5800,11.5400,11.7600,27988901,310189232.0000,3,2.796183,1,-1.870800,0
2015-06-24,sh.600223,11.5000,12.1000,11.3800,11.9500,11.5400,24063924,282790816.0000,3,2.404065,1,3.552900,0
2015-06-25,sh.600223,11.9800,13.1500,11.8000,12.6200,11.9500,52164861,667163872.0000,3,5.211441,1,5.606700,0
2015-06-26,sh.600223,11.5000,12.0000,11.3600,11.3600,12.6200,35086276,405129088.0000,3,3.505235,1,-9.984200,0
2015-06-29,sh.600223,11.7100,11.8000,10.2200,10.2200,11.3600,30366841,328613792.0000,3,3.033747,1,-10.035200,0
2015-06-30,sh.600223,9.9200,10.9800,9.2000,10.6400,10.2200,36289028,361658480.0000,3,3.625393,1,4.109600,0
2015-07-01,sh.600223,10.4000,10.8800,9.5800,9.5800,10.6400,27502696,284563168.0000,3,2.747610,1,-9.962400,0
2015-07-02,sh.600223,9.5700,9.6300,8.6200,8.6200,9.5800,26448312,235748836.0000,3,2.642273,1,-10.020900,0
2015-07-03,sh.600223,7.7600,8.3600,7.7600,7.7600,8.6200,31661237,248673906.0000,3,3.163062,1,-9.976800,0
2015-07-06,sh.600223,8.5300,8.5300,6.9800,6.9800,7.7600,33764963,250999297.0000,3,3.373231,1,-10.051500,0
2015-07-07,sh.600223,6.5100,6.5100,6.2800,6.2800,6.9800,16623900,104823336.0000,3,1.660782,1,-10.028700,0
2015-07-08,sh.600223,5.6500,5.6500,5.6500,5.6500,6.2800,2349300,13273545.0000,3,0.234703,1,-10.031800,0
2015-07-09,sh.600223,5.0900,6.2200,5.0900,6.2200,5.6500,65495737,368304832.0000,3,6.543240,1,10.088500,0
2015-07-10,sh.600223,6.4300,6.8400,6.3500,6.8400,6.2200,12993284,86523417.0000,3,1.298072,1,9.967900,0
2015-07-13,sh.600223,7.5000,7.5200,7.0300,7.5200,6.8400,27466393,205183262.0000,3,2.743983,1,9.941500,0
2015-07-14,sh.600223,7.8300,8.2100,7.5000,7.8100,7.5200,50248572,396900304.0000,3,5.019998,1,3.856400,0
2015-07-15,sh.600223,7.4500,7.6500,7.0300,7.0300,7.8100,26066485,187394728.0000,3,2.604128,1,-9.987200,0
2015-07-16,sh.600223,6.4100,7.6700,6.3800,7.1200,7.0300,26574672,188670053.0000,3,2.654897,1,1.280200,0
2015-07-17,sh.600223,7.3000,7.7600,7.0800,7.6800,7.1200,22031041,164569883.0000,3,2.200974,1,7.865200,0
2015-07-20,sh.600223,7.8000,8.1600,7.6500,7.8800,7.6800,21227718,168414246.0000,3,2.120719,1,2.604200,0
2015-07-21,sh.600223,7.7200,8.1500,7.6500,8.0900,7.8800,19795074,158865535.0000,3,1.977593,1,2.665000,0
2015-07-22,sh.600223,8.0800,8.1300,7.7600,8.0000,8.0900,19281058,153738610.0000,3,1.926241,1,-1.112500,0
2015-07-23,sh.600223,8.0000,8.8000,8.0000,8.8000,8.0000,31965435,271253312.0000,3,3.193452,1,10.000000,0
2015-07-24,sh.600223,9.1900,9.5500,8.7300,8.8900,8.8000,47890439,441547728.0000,3,4.784413,1,1.022700,0
2015-07-27,sh.600223,8.9000,9.4100,8.0000,8.0000,8.8900,39969699,355049280.0000,3,3.993105,1,-10.011300,0
2015-07-28,sh.600223,7.5000,8.4500,7.2200,8.1800,8.0000,41675392,327310192.0000,3,4.163509,1,2.250000,0
2015-07-29,sh.600223,8.4000,8.8000,7.7600,8.7500,8.1800,29331636,241280199.0000,3,2.930327,1,6.968200,0
2015-07-30,sh.600223,8.5800,9.0500,8.3500,8.5000,8.7500,30985082,269651376.0000,3,3.095512,1,-2.857100,0
2015-07-31,sh.600223,8.2000,8.4800,7.7600,7.9900,8.5000,24558268,200386429.0000,3,2.453452,1,-6.000000,0
2015-08-03,sh.600223,7.8000,7.9700,7.1900,7.2000,7.9900,24957354,184422712.0000,3,2.493322,1,-9.887400,0
2015-08-04,sh.600223,7.2000,7.8600,7.1900,7.8400,7.2000,20264923,152091901.0000,3,2.024533,1,8.888900,0
2015-08-05,sh.600223,7.8100,8.0000,7.5000,7.8000,7.8400,19032737,148864318.0000,3,1.901433,1,-0.510200,0
2015-08-06,sh.600223,7.5000,7.9000,7.4000,7.6100,7.8000,12035232,92230600.0000,3,1.202359,1,-2.435900,0
2015-08-07,sh.600223,7.6500,8.3600,7.6500,8.2600,7.6100,27649040,222222592.0000,3,2.762230,1,8.541400,0
2015-08-10,sh.600223,8.4000,8.8800,8.2800,8.7400,8.2600,28972850,249551776.0000,3,2.894483,1,5.811100,0
2015-08-11,sh.600223,8.7200,8.8900,8.5000,8.6300,8.7400,22275684,193857930.0000,3,2.225414,1,-1.258600,0
2015-08-12,sh.600223,8.5000,8.7700,8.3600,8.4900,8.6300,18545717,159192014.0000,3,1.852778,1,-1.622300,0
2015-08-13,sh.600223,8.4000,8.8700,8.3700,8.8200,8.4900,23740887,206422380.0000,3,2.371793,1,3.886900,0
2015-08-14,sh.600223,8.9500,9.4500,8.8800,8.9800,8.8200,29102087,267179228.0000,3,2.907394,1,1.814100,0
2015-08-17,sh.600223,9.1200,9.8000,8.8300,9.6200,8.9800,37014736,348794240.0000,3,3.697894,1,7.127000,0
2015-08-18,sh.600223,9.5100,9.6300,8.6600,8.6600,9.6200,35140058,318822000.0000,3,3.510608,1,-9.979200,0
2015-08-19,sh.600223,8.2800,8.8800,7.7900,8.7900,8.6600,29174344,242170946.0000,3,2.914613,1,1.501200,0
2015-08-20,sh.600223,8.5500,8.7200,8.1200,8.1400,8.7900,19510788,165424730.0000,3,1.949192,1,-7.394800,0
2015-08-21,sh.600223,7.9100,8.2000,7.3400,7.4900,8.1400,22211765,171470456.0000,3,2.219028,1,-7.985300,0
2015-08-24,sh.600223,6.9900,7.1000,6.7400,6.7400,7.4900,16077843,109083693.0000,3,1.606229,1,-10.013400,0
2015-08-25,sh.600223,6.0700,6.5700,6.0700,6.0700,6.7400,18966251,116769991.0000,3,1.894791,1,-9.940600,0
2015-08-26,sh.600223,6.1000,6.2900,5.4700,5.5200,6.0700,24300315,145061891.0000,3,2.427682,1,-9.061000,0
2015-08-27,sh.600223,5.7200,5.8400,5.2300,5.8000,5.5200,19774451,111074714.0000,3,1.975533,1,5.072500,0
2015-08-28,sh.600223,6.0100,6.3300,5.8500,6.3100,5.8000,19495148,118768408.0000,3,1.947629,1,8.793100,0
2015-08-31,sh.600223,6.3000,6.3100,5.7200,5.9500,6.3100,21075364,127032051.0000,3,2.105498,1,-5.705200,0
2015-09-01,sh.600223,6.0300,6.1400,5.3600,5.3600,5.9500,19622532,111620626.0000,3,1.960356,1,-9.916000,0
2015-09-02,sh.600223,5.1000,5.5700,4.9600,5.0200,5.3600,19994485,103938510.0000,3,1.997515,1,-6.343300,0
2015-09-07,sh.600223,5.1700,5.3700,5.1500,5.1800,5.0200,14267578,74810902.0000,3,1.425378,1,3.187200,0
2015-09-08,sh.600223,5.2800,5.7000,5.2000,5.7000,5.1800,24949068,136414952.0000,3,2.492494,1,10.038600,0
2015-09-09,sh.600223,5.7600,6.0800,5.7600,5.9800,5.7000,28048951,166688557.0000,3,2.802183,1,4.912300,0
2015-09-10,sh.600223,5.9400,6.3200,5.8100,5.9400,5.9800,20627353,125114497.0000,3,2.060741,1,-0.668900,0
2015-09-11,sh.600223,6.0000,6.1300,5.9100,6.1200,5.9400,18094324,109430796.0000,3,1.807683,1,3.030300,0
2015-09-14,sh.600223,6.3500,6.4900,5.5100,5.5100,6.1200,29642563,177650726.0000,3,2.961390,1,-9.967300,0
2015-09-15,sh.600223,5.3000,5.4900,5.0300,5.1800,5.5100,20578907,108347338.0000,3,2.055901,1,-5.989100,0
2015-09-16,sh.600223,5.2300,5.7000,5.1500,5.7000,5.1800,18307065,98669631.0000,3,1.828936,1,10.038600,0
2015-09-17,sh.600223,5.7000,5.8800,5.5000,5.5400,5.7000,23099173,131871646.0000,3,2.307683,1,-2.807000,0
2015-09-18,sh.600223,5.6100,5.8900,5.4700,5.6400,5.5400,17375542,98274976.0000,3,1.735874,1,1.805100,0
2015-09-21,sh.600223,5.5100,5.8800,5.5000,5.8600,5.6400,15592956,89732059.0000,3,1.557788,1,3.900700,0
2015-09-22,sh.600223,5.8500,6.0600,5.7000,5.9100,5.8600,19487091,114533747.0000,3,1.946825,1,0.853200,0
2015-09-23,sh.600223,5.7900,5.9000,5.6000,5.6800,5.9100,12718096,73078519.0000,3,1.270580,1,-3.891700,0
2015-09-24,sh.600223,5.7400,5.9400,5.7000,5.8700,5.6800,14157035,82469528.0000,3,1.414334,1,3.345100,0
2015-09-25,sh.600223,5.8200,5.8900,5.5000,5.6000,5.8700,14019592,79263414.0000,3,1.400603,1,-4.599700,0
2015-09-28,sh.600223,5.6500,5.7400,5.4000,5.7200,5.6000,13684138,76663153.0000,3,1.367090,1,2.142900,0
2015-09-29,sh.600223,5.6000,5.9500,5.5000,5.8100,5.7200,22517591,128758402.0000,3,2.249582,1,1.573400,0
2015-09-30,sh.600223,5.7900,5.8500,5.6400,5.7400,5.8100,11245165,64738893.0000,3,1.123429,1,-1.204800,0
2015-10-08,sh.600223,5.9300,6.0700,5.7800,6.0000,5.7400,25100706,148139782.0000,3,2.507643,1,4.529600,0
2015-10-09,sh.600223,5.9700,6.1100,5.8900,6.0800,6.0000,24147891,144900436.0000,3,2.412454,1,1.333300,0
2015-10-12,sh.600223,6.1300,6.6900,6.0500,6.6600,6.0800,41041703,261897469.0000,3,4.100201,1,9.539500,0
2015-10-13,sh.600223,6.5000,6.8300,6.4800,6.7300,6.6600,29700980,197566557.0000,3,2.967226,1,1.051100,0
2015-10-14,sh.600223,6.6500,6.6500,6.4200,6.4700,6.7300,20436141,133113849.0000,3,2.041638,1,-3.863300,0
2015-10-15,sh.600223,6.4100,7.0200,6.3200,6.9600,6.4700,35600545,240279654.0000,3,3.556612,1,7.573400,0
2015-10-16,sh.600223,7.0200,7.4000,6.8200,6.9900,6.9600,42183387,298960048.0000,3,4.214259,1,0.431000,0
2015-10-19,sh.600223,6.9900,7.4000,6.9500,7.1100,6.9900,28742998,206842810.0000,3,2.871520,1,1.716700,0
2015-10-20,sh.600223,7.0600,7.5000,6.8100,7.1800,7.1100,28535656,201870536.0000,3,2.850806,1,0.984500,0
2015-10-21,sh.600223,7.1500,7.3800,6.4600,6.5200,7.1800,33579902,233816625.0000,3,3.354743,1,-9.192200,0
2015-10-22,sh.600223,6.5200,6.8400,6.5000,6.8100,6.5200,19136810,127854088.0000,3,1.911830,1,4.447900,0
2015-10-23,sh.600223,6.8600,7.1600,6.8300,7.1300,6.8100,20148173,141527116.0000,3,2.012869,1,4.699000,0
2015-10-26,sh.600223,7.3800,7.4000,7.0000,7.1000,7.1300,24289412,174817921.0000,3,2.426592,1,-0.420800,0
2015-10-27,sh.600223,7.0800,7.8100,6.9600,7.8100,7.1000,32857808,240850921.0000,3,3.282603,1,10.000000,0
2015-10-28,sh.600223,7.5900,7.7900,7.2900,7.3400,7.8100,23324546,176226799.0000,3,2.330199,1,-6.017900,0
2015-10-29,sh.600223,7.4800,7.7300,7.2200,7.4000,7.3400,20850108,155774663.0000,3,2.082994,1,0.817400,0
2015-10-30,sh.600223,7.3400,7.5100,7.1600,7.2300,7.4000,12793317,93994475.0000,3,1.278095,1,-2.297300,0
2015-11-02,sh.600223,7.0900,7.4300,6.9500,7.1300,7.2300,14207082,102380106.0000,3,1.419334,1,-1.383100,0
2015-11-03,sh.600223,7.1000,7.3000,7.0700,7.1400,7.1300,8090976,57981848.0000,3,0.808315,1,0.140200,0
2015-11-04,sh.600223,7.1400,7.4800,7.1400,7.4600,7.1400,15253764,112503907.0000,3,1.523901,1,4.481800,0
2015-11-05,sh.600223,7.5000,7.9500,7.4300,7.6800,7.4600,31211046,241194323.0000,3,3.118086,1,2.949100,0
2015-11-06,sh.600223,7.7000,7.8400,7.6000,7.7200,7.6800,20485565,158201902.0000,3,2.046575,1,0.520800,0
2015-11-09,sh.600223,7.7000,8.1000,7.6600,7.8400,7.7200,35432375,277222544.0000,3,3.539811,1,1.554400,0
2015-11-10,sh.600223,7.7700,7.7800,7.5100,7.6800,7.8400,26309074,201753700.0000,3,2.628363,1,-2.040800,0
2015-11-11,sh.600223,7.6300,7.8000,7.6300,7.7800,7.6800,21945018,169291766.0000,3,2.192380,1,1.302100,0
2015-11-12,sh.600223,7.7900,8.0300,7.6900,7.8300,7.7800,23451880,183628290.0000,3,2.342920,1,0.642700,0
2015-11-13,sh.600223,7.7000,7.8200,7.5500,7.6100,7.8300,18860811,145137006.0000,3,1.884257,1,-2.809700,0
2015-11-16,sh.600223,7.4800,7.8700,7.4200,7.7800,7.6100,17652196,135213355.0000,3,1.763513,1,2.233900,0
2015-11-17,sh.600223,7.8800,8.2100,7.8100,7.9400,7.7800,28060342,225049848.0000,3,2.803321,1,2.056600,0
2015-11-18,sh.600223,7.9900,8.3500,7.8900,7.9500,7.9400,26432067,214357545.0000,3,2.640651,1,0.125900,0
2015-11-19,sh.600223,7.8800,8.0200,7.7200,8.0100,7.9500,14357819,113234949.0000,3,1.434393,1,0.754700,0
2015-11-20,sh.600223,8.0000,8.2900,7.9800,8.1000,8.0100,16482017,134210692.0000,3,1.646608,1,1.123600,0
2015-11-23,sh.600223,8.1200,8.5100,8.0300,8.1300,8.1000,25367252,209338386.0000,3,2.534272,1,0.370400,0
2015-11-24,sh.600223,8.1300,8.2400,8.0000,8.1600,8.1300,15848939,128503608.0000,3,1.583361,1,0.369000,0
2015-11-25,sh.600223,8.1400,8.2600,8.0500,8.2100,8.1600,20054397,163802182.0000,3,2.003500,1,0.612700,0
2015-11-26,sh.600223,8.3500,8.6700,8.1700,8.4100,8.2100,25529853,215227228.0000,3,2.550516,1,2.436100,0
2015-11-27,sh.600223,8.3700,8.5400,7.6000,7.8500,8.4100,28668243,235396254.0000,3,2.864052,1,-6.658700,0
2015-11-30,sh.600223,7.8500,8.1000,7.3900,7.9800,7.8500,17548895,137247587.0000,3,1.753192,1,1.656100,0
2015-12-01,sh.600223,7.9600,8.6000,7.8000,8.3500,7.9800,25607867,211715402.0000,3,2.558310,1,4.636600,0
2015-12-02,sh.600223,8.2900,8.7300,8.2200,8.6300,8.3500,34455309,294169376.0000,3,3.442199,1,3.353300,0
2015-12-03,sh.600223,8.9500,8.9500,8.4200,8.6000,8.6300,24743450,214041032.0000,3,2.471952,1,-0.347600,0
2015-12-04,sh.600223,8.4700,8.5900,8.2200,8.2900,8.6000,19442660,162492523.0000,3,1.942386,1,-3.604700,0
2015-12-07,sh.600223,8.2800,8.3800,8.1300,8.3500,8.2900,13006349,107438064.0000,3,1.299377,1,0.723800,0
2015-12-08,sh.600223,8.3000,8.3000,7.8300,7.8500,8.3500,13800916,110885077.0000,3,1.378757,1,-5.988000,0
2015-12-09,sh.600223,7.9000,7.9700,7.6500,7.7000,7.8500,12930679,101029652.0000,3,1.291817,1,-1.910800,0
2015-12-10,sh.600223,7.7700,7.8300,7.5000,7.6300,7.7000,13103605,99960697.0000,3,1.309093,1,-0.909100,0
2015-12-11,sh.600223,7.6600,7.6800,7.4900,7.6800,7.6300,9508935,72040150.0000,3,0.949974,1,0.655300,0
2015-12-14,sh.600223,7.5800,7.8500,7.5500,7.8400,7.6800,8667153,66851241.0000,3,0.865877,1,2.083300,0
2015-12-15,sh.600223,7.8100,8.0400,7.7400,7.8800,7.8400,11772178,92598514.0000,3,1.176079,1,0.510200,0
2015-12-16,sh.600223,7.8900,7.9100,7.6900,7.8100,7.8800,11749646,91587033.0000,3,1.173828,1,-0.888300,0
2015-12-17,sh.600223,7.8100,8.1000,7.7900,7.9900,7.8100,20558608,163160968.0000,3,2.053873,1,2.304700,0
2015-12-18,sh.600223,7.9100,8.2000,7.8700,7.9600,7.9900,21719793,174255125.0000,3,2.169879,1,-0.375500,0
2015-12-21,sh.600223,8.0000,8.2600,7.9600,8.1800,7.9600,28226554,229318774.0000,3,2.819926,1,2.763800,0
2015-12-22,sh.600223,8.1900,8.6400,8.1400,8.4300,8.1800,28389591,236053375.0000,3,2.836214,1,3.056200,0
2015-12-23,sh.600223,8.4200,8.8200,8.3800,8.5700,8.4300,36877627,317578256.0000,3,3.684196,1,1.660700,0
2015-12-24,sh.600223,8.6000,8.7700,8.5000,8.5600,8.5700,19681073,169614402.0000,3,1.966204,1,-0.116700,0
2015-12-25,sh.600223,8.5800,8.9600,8.5100,8.8900,8.5600,28447180,251167645.0000,3,2.841967,1,3.855100,0
2015-12-28,sh.600223,8.7800,9.0900,8.7000,8.8700,8.8900,24310694,216547734.0000,3,2.428718,1,-0.225000,0
2015-12-29,sh.600223,8.8600,9.0400,8.5700,8.7200,8.8700,22408665,196946535.0000,3,2.238699,1,-1.691100,0
2015-12-30,sh.600223,8.8100,8.9900,8.7400,8.8800,8.7200,15248128,135237896.0000,3,1.523338,1,1.834900,0
2015-12-31,sh.600223,8.8100,9.3000,8.8100,9.1900,8.8800,28493596,260657619.0000,3,2.846604,1,3.491000,0
2016-01-04,sh.600223,9.1500,9.2900,8.3600,8.4600,9.1900,19052996,169447128.0000,3,1.903457,1,-7.943400,0
2016-01-05,sh.600223,8.1700,8.9600,8.1400,8.7500,8.4600,28815052,248595509.0000,3,2.878719,1,3.427900,0
2016-01-06,sh.600223,8.6300,8.8600,8.5000,8.8400,8.7500,25902840,225723721.0000,3,2.587779,1,1.028600,0
2016-01-07,sh.600223,8.7400,8.7400,7.9600,7.9600,8.8400,5967776,48883187.0000,3,0.596200,1,-9.954800,0
2016-01-08,sh.600223,7.9500,8.1700,7.3300,7.6300,7.9600,28895406,223228927.0000,3,2.886746,1,-4.145700,0
2016-01-11,sh.600223,7.4000,7.6500,6.8700,6.8700,7.6300,33566693,239846294.0000,3,3.353423,1,-9.960700,0
2016-01-12,sh.600223,6.6500,6.7700,6.1800,6.3200,6.8700,37064575,233100290.0000,3,3.702873,1,-8.005800,0
2016-01-13,sh.600223,6.3000,6.5800,5.9400,5.9700,6.3200,20050621,125911076.0000,3,2.003123,1,-5.538000,0
2016-01-14,sh.600223,5.6500,6.3100,5.6500,6.2100,5.9700,16176614,96904561.0000,3,1.616097,1,4.020100,0
2016-01-15,sh.600223,6.1500,6.2400,5.6800,5.8900,6.2100,13600494,81471061.0000,3,1.358734,1,-5.153000,0
2016-01-18,sh.600223,5.8100,6.2400,5.7700,6.1300,5.8900,12054266,72812323.0000,3,1.204261,1,4.074700,0
2016-01-19,sh.600223,6.1000,6.3900,6.0500,6.3700,6.1300,10678392,66828143.0000,3,1.066807,1,3.915200,0
2016-01-20,sh.600223,6.3000,6.4600,6.2300,6.2700,6.3700,12741437,80686303.0000,3,1.272912,1,-1.569900,0
2016-01-21,sh.600223,6.2100,6.4600,5.9000,5.9600,6.2700,10363638,64938251.0000,3,1.035362,1,-4.944200,0
2016-01-22,sh.600223,6.0900,6.2800,5.8000,6.2400,5.9600,10231771,62232790.0000,3,1.022188,1,4.698000,0
2016-01-25,sh.600223,6.2300,6.4300,6.2000,6.3100,6.2400,7294881,46137237.0000,3,0.728783,1,1.121800,0
2016-01-26,sh.600223,6.1800,6.2500,5.6800,5.6800,6.3100,23471300,136472032.0000,3,2.344860,1,-9.984200,0
2016-01-27,sh.600223,5.6000,5.6700,5.1100,5.2900,5.6800,17997616,95182596.0000,3,1.798021,1,-6.866200,0
2016-01-28,sh.600223,5.2700,5.2800,4.7600,4.7800,5.2900,14976440,74930897.0000,3,1.496196,1,-9.640800,0
2016-01-29,sh.600223,4.8100,5.0600,4.6700,5.0500,4.7800,14962869,73344469.0000,3,1.494840,1,5.648500,0
2016-02-01,sh.600223,5.0500,5.0500,4.6200,4.8500,5.0500,12256423,59612559.0000,3,1.224457,1,-3.960400,0
2016-02-02,sh.600223,4.8500,5.1700,4.8200,5.0900,4.8500,11868755,59930966.0000,3,1.185728,1,4.948500,0
2016-02-03,sh.600223,5.1100,5.2800,5.0000,5.1500,5.0900,15525167,80103070.0000,3,1.551015,1,1.178800,0
2016-02-04,sh.600223,5.1700,5.2400,5.0500,5.1900,5.1500,14428447,74569417.0000,3,1.441449,1,0.776700,0
2016-02-05,sh.600223,5.2100,5.2500,5.1100,5.1300,5.1900,9056617,46948535.0000,3,0.904786,1,-1.156100,0
2016-02-15,sh.600223,4.8800,5.0900,4.8100,5.0800,5.1300,5788172,28740412.0000,3,0.578257,1,-0.974700,0
2016-02-16,sh.600223,5.1400,5.4100,5.0900,5.3200,5.0800,15708225,83308414.0000,3,1.569303,1,4.724400,0
2016-02-17,sh.600223,5.3000,5.4400,5.2600,5.3900,5.3200,11839855,63451012.0000,3,1.182841,1,1.315800,0
2016-02-18,sh.600223,5.4500,5.5100,5.3300,5.4800,5.3900,21088796,114396996.0000,3,2.106840,1,1.669800,0
2016-02-19,sh.600223,5.4300,5.6000,5.4100,5.5400,5.4800,14750433,81336821.0000,3,1.473617,1,1.094900,0
2016-02-22,sh.600223,5.6500,5.7500,5.5400,5.6800,5.5400,13703611,77342158.0000,3,1.369036,1,2.527100,0
2016-02-23,sh.600223,5.7100,5.7900,5.5600,5.7800,5.6800,15971275,90694649.0000,3,1.595583,1,1.760600,0
2016-02-24,sh.600223,5.7500,5.9400,5.6700,5.8500,5.7800,11311712,65739932.0000,3,1.130077,1,1.211100,0
2016-02-25,sh.600223,5.8800,6.0200,5.2700,5.3700,5.8500,23643315,133806479.0000,3,2.362045,1,-8.205100,0
2016-02-26,sh.600223,5.4200,5.7700,5.2100,5.6900,5.3700,17700954,96450629.0000,3,1.768384,1,5.959000,0
2016-02-29,sh.600223,5.5200,5.6800,5.1200,5.3300,5.6900,19978659,106635096.0000,3,1.995934,1,-6.326900,0
2016-03-01,sh.600223,5.3500,5.7900,5.2700,5.7600,5.3300,19557080,109046567.0000,3,1.953817,1,8.067500,0
2016-03-02,sh.600223,5.6200,6.2900,5.6200,6.1200,5.7600,27036939,162787099.0000,3,2.701079,1,6.250000,0
2016-03-03,sh.600223,6.1600,6.3300,6.0400,6.0500,6.1200,23663017,146532886.0000,3,2.364013,1,-1.143800,0
2016-03-04,sh.600223,6.0500,6.1400,5.5700,5.8400,6.0500,14906468,87968357.0000,3,1.489205,1,-3.471100,0
2016-03-07,sh.600223,5.9100,6.0600,5.8800,5.9500,5.8400,8769438,52500006.0000,3,0.876096,1,1.883600,0
2016-03-08,sh.600223,5.9300,5.9300,5.5300,5.8600,5.9500,7801040,44747316.0000,3,0.779350,1,-1.512600,0
2016-03-09,sh.600223,5.6700,5.7700,5.5900,5.6300,5.8600,4976436,28263504.0000,3,0.497162,1,-3.924900,0
2016-03-10,sh.600223,5.6900,5.7200,5.5000,5.5400,5.6300,5178882,29208237.0000,3,0.517387,1,-1.598600,0
2016-03-11,sh.600223,5.5000,5.5500,5.2900,5.5300,5.5400,4803475,26043770.0000,3,0.479883,1,-0.180500,0
2016-03-14,sh.600223,5.5600,5.9100,5.5400,5.7400,5.5300,7052707,40717976.0000,3,0.704589,1,3.797500,0
2016-03-15,sh.600223,5.7100,5.8000,5.6000,5.6600,5.7400,4928792,28013282.0000,3,0.492403,1,-1.393700,0
2016-03-16,sh.600223,5.7000,5.7200,5.5000,5.5500,5.6600,3999745,22360844.0000,3,0.399588,1,-1.943500,0
2016-03-17,sh.600223,5.5800,5.7500,5.5500,5.7000,5.5500,5426875,30768248.0000,3,0.542163,1,2.702700,0
2016-03-18,sh.600223,5.6800,6.0300,5.6800,5.9300,5.7000,10953578,64340645.0000,3,1.094299,1,4.035100,0
2016-03-21,sh.600223,5.9700,6.2100,5.9200,6.1400,5.9300,12413123,75461737.0000,3,1.240112,1,3.541300,0
2016-03-22,sh.600223,6.0900,6.1600,5.9800,6.0700,6.1400,8210568,49789276.0000,3,0.820263,1,-1.140100,0
2016-03-23,sh.600223,6.0600,6.1200,5.9800,6.0400,6.0700,6032395,36469415.0000,3,0.602656,1,-0.494200,0
2016-03-24,sh.600223,6.0500,6.1300,5.8400,5.9100,6.0400,8525834,51221624.0000,3,0.851759,1,-2.152300,0
2016-03-25,sh.600223,5.8500,5.9900,5.8300,5.9300,5.9100,5851336,34513386.0000,3,0.584568,1,0.338400,0
2016-03-28,sh.600223,5.9500,6.1300,5.9100,6.0500,5.9300,11501463,69193871.0000,3,1.149034,1,2.023600,0
2016-03-29,sh.600223,6.0100,6.0800,5.8600,5.9500,6.0500,5403337,32192722.0000,3,0.539811,1,-1.652900,0
2016-03-30,sh.600223,6.0400,6.1300,5.9500,6.1100,5.9500,10462566,63419650.0000,3,1.045245,1,2.689100,0
2016-03-31,sh.600223,6.1100,6.1500,5.9900,6.0500,6.1100,9844909,59484390.0000,3,0.983539,1,-0.982000,0
2016-04-01,sh.600223,6.0500,6.0900,5.9400,6.0600,6.0500,5857159,35253273.0000,3,0.585149,1,0.165300,0
2016-04-05,sh.600223,6.0400,6.2500,6.0000,6.2400,6.0600,19605053,119994759.0000,3,1.958609,1,2.970300,0
2016-04-06,sh.600223,6.2200,6.2900,6.0700,6.1400,6.2400,14608650,90120545.0000,3,1.459452,1,-1.602600,0
2016-04-07,sh.600223,6.1300,6.1800,6.0900,6.1300,6.1400,12405673,76126411.0000,3,1.239368,1,-0.162900,0
2016-04-08,sh.600223,6.0700,6.1100,5.9100,6.0000,6.1300,9675300,57809235.0000,3,0.966594,1,-2.120700,0
2016-04-11,sh.600223,6.0600,6.1000,6.0000,6.0700,6.0000,15217829,92233606.0000,3,1.520311,1,1.166700,0
2016-04-12,sh.600223,6.0600,6.0700,5.6900,5.8600,6.0700,19944413,116315192.0000,3,1.992513,1,-3.459600,0
2016-04-13,sh.600223,5.8500,5.9800,5.8100,5.9000,5.8600,16136251,95745573.0000,3,1.612065,1,0.682600,0
2016-04-14,sh.600223,5.9100,6.0700,5.9100,6.0200,5.9000,12865232,76895524.0000,3,1.285279,1,2.033900,0
2016-04-15,sh.600223,6.0100,6.0600,5.9100,5.9700,6.0200,9467945,56407451.0000,3,0.945879,1,-0.830600,0
2016-04-18,sh.600223,5.9400,5.9600,5.7800,5.8500,5.9700,8584356,50254212.0000,3,0.857605,1,-2.010000,0
2016-04-19,sh.600223,5.8700,5.9000,5.8200,5.8800,5.8500,3955286,23187697.0000,3,0.395146,1,0.512800,0
2016-04-20,sh.600223,5.9000,5.9000,5.3800,5.5000,5.8800,11291849,62977101.0000,3,1.128093,1,-6.462600,0
2016-04-21,sh.600223,5.5200,5.5700,5.4000,5.4500,5.5000,5571003,30642054.0000,3,0.556562,1,-0.909100,0
2016-04-22,sh.600223,5.3300,5.5200,5.3300,5.4500,5.4500,7542881,40905378.0000,3,0.753559,1,0.000000,0
2016-04-25,sh.600223,5.4300,5.4400,5.2100,5.4000,5.4500,6544248,34977934.0000,3,0.653792,1,-0.917400,0
2016-04-26,sh.600223,5.4000,5.4600,5.3600,5.4500,5.4000,5019329,27158398.0000,3,0.501447,1,0.925900,0
2016-04-27,sh.600223,5.4500,5.6100,5.4100,5.4900,5.4500,6078925,33576695.0000,3,0.607305,1,0.733900,0
2016-04-28,sh.600223,5.4900,5.5500,5.3500,5.4500,5.4900,4161486,22630600.0000,3,0.415746,1,-0.728600,0
2016-04-29,sh.600223,5.4000,5.4900,5.3900,5.4300,5.4500,3374006,18392945.0000,3,0.337074,1,-0.367000,0
2016-05-03,sh.600223,5.4300,5.6100,5.4200,5.5800,5.4300,6013749,33413069.0000,3,0.600793,1,2.762400,0
2016-05-04,sh.600223,5.5700,5.7200,5.5300,5.6500,5.5800,7749309,43829999.0000,3,0.774181,1,1.254500,0
2016-05-05,sh.600223,5.6200,5.6800,5.5800,5.6600,5.6500,3790065,21374507.0000,3,0.378640,1,0.177000,0
2016-05-06,sh.600223,5.6700,5.7200,5.3700,5.3800,5.6600,7068460,38855476.0000,3,0.706162,1,-4.947000,0
2016-05-09,sh.600223,5.3500,5.3800,5.0900,5.1700,5.3800,7877220,40815294.0000,3,0.786960,1,-3.903300,0
2016-05-10,sh.600223,5.1500,5.2100,5.1200,5.1600,5.1700,4908324,25367323.0000,3,0.490358,1,-0.193400,0
2016-05-11,sh.600223,5.1900,5.2400,5.0800,5.1200,5.1600,4504195,23163055.0000,3,0.449984,1,-0.775200,0
2016-05-12,sh.600223,5.0300,5.0700,4.9700,5.0500,5.1200,3907594,19613544.0000,3,0.390382,1,-1.367200,0
2016-05-13,sh.600223,5.0300,5.1000,4.9800,5.0200,5.0500,2942110,14851858.0000,3,0.293926,1,-0.594100,0
2016-05-16,sh.600223,5.0100,5.0900,4.9800,5.0800,5.0200,4737229,23846547.0000,3,0.473265,1,1.195200,0
2016-05-17,sh.600223,5.1000,5.1000,5.0300,5.0400,5.0800,3455260,17487302.0000,3,0.345192,1,-0.787400,0
2016-05-18,sh.600223,5.0400,5.0400,4.8600,4.9000,5.0400,5364116,26395361.0000,3,0.535893,1,-2.777800,0
2016-05-19,sh.600223,4.8900,4.9700,4.8900,4.9000,4.9000,4052208,19991498.0000,3,0.404829,1,0.000000,0
2016-05-20,sh.600223,4.8900,4.9600,4.8300,4.9500,4.9000,3451947,16976242.0000,3,0.344861,1,1.020400,0
2016-05-23,sh.600223,4.9600,5.0600,4.9500,5.0100,4.9500,5056403,25290671.0000,3,0.505151,1,1.212100,0
2016-05-24,sh.600223,5.0200,5.0200,4.9000,4.9400,5.0100,3485600,17214929.0000,3,0.348223,1,-1.397200,0
2016-05-25,sh.600223,4.9900,5.0500,4.9300,4.9500,4.9400,4543911,22661672.0000,3,0.453952,1,0.202400,0
2016-05-26,sh.600223,4.9400,4.9900,4.7700,4.9300,4.9500,5056697,24568592.0000,3,0.505181,1,-0.404000,0
2016-05-27,sh.600223,4.9000,4.9500,4.8600,4.9200,4.9300,2779867,13635176.0000,3,0.277718,1,-0.202800,0
2016-05-30,sh.600223,4.9200,4.9200,4.8100,4.8700,4.9200,4340771,21121703.0000,3,0.433657,1,-1.016300,0
2016-05-31,sh.600223,4.8800,5.0700,4.8300,5.0600,4.8700,8861033,44291801.0000,3,0.885246,1,3.901400,0
2016-06-01,sh.600223,5.0500,5.1900,5.0500,5.1500,5.0600,10637749,54573780.0000,3,1.062746,1,1.778700,0
2016-06-02,sh.600223,5.1500,5.2100,5.1000,5.1800,5.1500,7037459,36314979.0000,3,0.703065,1,0.582500,0
2016-06-03,sh.600223,5.1800,5.2500,5.1500,5.2300,5.1800,5700856,29711555.0000,3,0.569534,1,0.965300,0
2016-06-06,sh.600223,5.2200,5.2800,5.1400,5.1500,5.2300,4535452,23580437.0000,3,0.453107,1,-1.529600,0
2016-06-07,sh.600223,5.1700,5.2100,5.0600,5.1400,5.1500,5946117,30515528.0000,3,0.594037,1,-0.194200,0
2016-06-08,sh.600223,5.1200,5.1500,5.0400,5.1300,5.1400,5153449,26192316.0000,3,0.514847,1,-0.194500,0
2016-06-13,sh.600223,5.0600,5.1000,4.9100,4.9200,5.1300,6795714,34243870.0000,3,0.678914,1,-4.093600,0
2016-06-14,sh.600223,4.9400,4.9600,4.8500,4.9100,4.9200,3614512,17685056.0000,3,0.361102,1,-0.203300,0
2016-06-15,sh.600223,4.8700,5.0600,4.8400,5.0300,4.9100,4856066,24299177.0000,3,0.485137,1,2.444000,0
2016-06-16,sh.600223,5.0500,5.0500,4.9300,4.9600,5.0300,4024876,20066932.0000,3,0.402098,1,-1.391700,0
2016-06-17,sh.600223,4.9600,5.0800,4.9600,5.0100,4.9600,5624141,28285927.0000,3,0.561870,1,1.008100,0
2016-06-20,sh.600223,5.0000,5.0100,4.9100,4.9800,5.0100,2793030,13874650.0000,3,0.279033,1,-0.598800,0
2016-06-21,sh.600223,5.0000,5.0600,4.8600,4.9400,4.9800,6592041,32742634.0000,3,0.658567,1,-0.803200,0
2016-06-22,sh.600223,4.9200,5.0100,4.8900,4.9900,4.9400,5553649,27534646.0000,3,0.554828,1,1.012100,0
2016-06-23,sh.600223,4.9700,4.9900,4.9200,4.9700,4.9900,4093004,20277117.0000,3,0.408905,1,-0.400800,0
2016-06-24,sh.600223,4.9700,5.0200,4.8200,4.8800,4.9700,5583458,27491889.0000,3,0.557806,1,-1.810900,0
2016-06-27,sh.600223,4.8400,4.9500,4.8300,4.9500,4.8800,5063052,24925071.0000,3,0.505816,1,1.434400,0
2016-06-28,sh.600223,4.9300,5.0700,4.9200,5.0500,4.9500,6821337,34042047.0000,3,0.681474,1,2.020200,0
2016-06-29,sh.600223,5.0500,5.2600,5.0000,5.1800,5.0500,10691510,54764721.0000,3,1.068117,1,2.574300,0
2016-06-30,sh.600223,5.1400,5.2400,5.0300,5.1000,5.1800,10953921,55896305.0000,3,1.094333,1,-1.544400,0
2016-07-01,sh.600223,5.0900,5.1400,5.0500,5.1000,5.1000,5732401,29218710.0000,3,0.572686,1,0.000000,0
2016-07-04,sh.600223,5.0500,5.2300,5.0400,5.1800,5.1000,12246910,63223282.0000,3,1.223507,1,1.568600,0
2016-07-05,sh.600223,5.1900,5.2800,5.1700,5.2700,5.1800,9445237,49389724.0000,3,0.943610,1,1.737500,0
2016-07-06,sh.600223,5.3100,5.3100,5.2200,5.2500,5.2700,5070370,26630436.0000,3,0.506547,1,-0.379500,0
2016-07-07,sh.600223,5.2700,5.2700,5.1800,5.2500,5.2500,6341329,33229558.0000,3,0.633520,1,0.000000,0
2016-07-08,sh.600223,5.2300,5.3200,5.2300,5.2500,5.2500,6260192,32985014.0000,3,0.625414,1,0.000000,0
2016-07-11,sh.600223,5.2600,5.3900,5.2200,5.2400,5.2500,8971596,47763853.0000,3,0.896292,1,-0.190500,0
2016-07-12,sh.600223,5.2700,5.3200,5.1600,5.3100,5.2400,6636850,34898347.0000,3,0.663043,1,1.335900,0
2016-07-13,sh.600223,5.3100,5.3700,5.2900,5.3700,5.3100,8419391,44984923.0000,3,0.841125,1,1.129900,0
2016-07-14,sh.600223,5.3400,5.4100,5.3200,5.3900,5.3700,6283006,33804694.0000,3,0.627693,1,0.372400,0
2016-07-15,sh.600223,5.3900,5.4100,5.3200,5.3400,5.3900,5706198,30676803.0000,3,0.570068,1,-0.927600,0
2016-07-18,sh.600223,5.3500,5.3700,5.2800,5.3400,5.3400,4594337,24496929.0000,3,0.458989,1,0.000000,0
2016-07-19,sh.600223,5.3000,5.3400,5.2400,5.3400,5.3400,4269612,22646427.0000,3,0.426548,1,0.000000,0
2016-07-20,sh.600223,5.3400,5.3700,5.2800,5.3500,5.3400,6042902,32271088.0000,3,0.603706,1,0.187300,0
2016-07-21,sh.600223,5.3500,5.4000,5.3100,5.3900,5.3500,6235206,33528205.0000,3,0.622918,1,0.747700,0
2016-07-22,sh.600223,5.3600,5.4000,5.3300,5.3400,5.3900,3929013,21042698.0000,3,0.392521,1,-0.927600,0
2016-07-25,sh.600223,5.3000,5.3600,5.2800,5.3200,5.3400,3164999,16825960.0000,3,0.316194,1,-0.374500,0
2016-07-26,sh.600223,5.3200,5.6000,5.3100,5.4800,5.3200,12000837,65617666.0000,3,1.198923,1,3.007500,0
2016-07-27,sh.600223,5.4500,5.5800,5.1300,5.2400,5.4800,11953688,63570057.0000,3,1.194213,1,-4.379600,0
2016-07-28,sh.600223,5.2200,5.2500,5.1000,5.1900,5.2400,7516849,38953356.0000,3,0.750958,1,-0.954200,0
2016-07-29,sh.600223,5.1700,5.2000,5.1000,5.1500,5.1900,4170266,21479749.0000,3,0.416623,1,-0.770700,0
2016-08-01,sh.600223,5.1500,5.1500,4.9000,4.9800,5.1500,6934367,34536842.0000,3,0.692766,1,-3.301000,0
2016-08-02,sh.600223,4.9800,5.0300,4.9400,5.0300,4.9800,5175458,25810457.0000,3,0.517045,1,1.004000,0
2016-08-03,sh.600223,5.0200,5.2500,4.9900,5.2000,5.0300,13189626,67946311.0000,3,1.317687,1,3.379700,0
2016-08-04,sh.600223,5.1700,5.3900,5.1700,5.3700,5.2000,14683393,78045994.0000,3,1.466919,1,3.269200,0
2016-08-05,sh.600223,5.3900,5.4200,5.2900,5.3700,5.3700,11763577,62800338.0000,3,1.175220,1,0.000000,0
2016-08-08,sh.600223,5.3300,5.4500,5.2800,5.3900,5.3700,14601295,78454457.0000,3,1.458717,1,0.372400,0
2016-08-09,sh.600223,5.3600,5.3900,5.2900,5.3600,5.3900,9273463,49473116.0000,3,0.926449,1,-0.556600,0
2016-08-10,sh.600223,5.3700,5.3900,5.2900,5.3600,5.3600,7584752,40460155.0000,3,0.757742,1,0.000000,0
2016-08-11,sh.600223,5.3500,5.3700,5.1900,5.2700,5.3600,7601698,40002078.0000,3,0.759435,1,-1.679100,0
2016-08-12,sh.600223,5.2300,5.5500,5.2100,5.4800,5.2700,19083647,102811623.0000,3,1.906519,1,3.984800,0
2016-08-15,sh.600223,5.4800,5.4800,5.4800,5.4800,5.4800,0,0.0000,3,,0,0.000000,0
2016-08-16,sh.600223,5.4800,5.4800,5.4800,5.4800,5.4800,0,0.0000,3,,0,0.000000,0
2016-08-17,sh.600223,5.4800,5.4800,5.4800,5.4800,5.4800,0,0.0000,3,,0,0.000000,0
2016-08-18,sh.600223,5.4800,5.4800,5.4800,5.4800,5.4800,0,0.0000,3,,0,0.000000,0
2016-08-19,sh.600223,5.4800,5.4800,5.4800,5.4800,5.4800,0,0.0000,3,,0,0.000000,0
2016-08-22,sh.600223,5.4800,5.4800,5.4800,5.4800,5.4800,0,0.0000,3,,0,0.000000,0
2016-08-23,sh.600223,5.4800,5.4800,5.4800,5.4800,5.4800,0,0.0000,3,,0,0.000000,0
2016-08-24,sh.600223,5.4800,5.4800,5.4800,5.4800,5.4800,0,0.0000,3,,0,0.000000,0
2016-08-25,sh.600223,5.5400,5.6800,5.3400,5.4400,5.4800,34838542,192821243.0000,3,3.480485,1,-0.729900,0
2016-08-26,sh.600223,5.4000,5.4900,5.2600,5.3100,5.4400,24311365,129870465.0000,3,2.428785,1,-2.389700,0
2016-08-29,sh.600223,5.3400,5.4000,5.3000,5.3300,5.3100,13423821,71808530.0000,3,1.341084,1,0.376600,0
2016-08-30,sh.600223,5.3300,5.3700,5.3100,5.3500,5.3300,8622952,46014716.0000,3,0.861461,1,0.375200,0
2016-08-31,sh.600223,5.3600,5.4300,5.3200,5.3900,5.3500,11930483,64207869.0000,3,1.191895,1,0.747700,0
2016-09-01,sh.600223,5.3800,5.4100,5.2800,5.2900,5.3900,10755903,57347124.0000,3,1.074550,1,-1.855300,0
2016-09-02,sh.600223,5.3000,5.3400,5.2700,5.3100,5.2900,6685327,35534356.0000,3,0.667886,1,0.378100,0
2016-09-05,sh.600223,5.3300,5.4200,5.3000,5.4000,5.3100,9455627,50801091.0000,3,0.944648,1,1.694918,0
2016-09-06,sh.600223,5.3800,5.4200,5.2900,5.4200,5.4000,8452810,45471596.0000,3,0.844464,1,0.370370,0
2016-09-07,sh.600223,5.4200,5.4600,5.4000,5.4100,5.4200,8340456,45325422.0000,3,0.833239,1,-0.184506,0
2016-09-08,sh.600223,5.4000,5.5100,5.3800,5.4700,5.4100,7827084,42834873.0000,3,0.781951,1,1.109056,0
2016-09-09,sh.600223,5.4700,5.4700,5.3300,5.3400,5.4700,7703001,41642587.0000,3,0.769555,1,-2.376593,0
2016-09-12,sh.600223,5.2700,5.3200,5.1900,5.2100,5.3400,6829947,35852011.0000,3,0.682334,1,-2.434459,0
2016-09-13,sh.600223,5.2200,5.3300,5.2200,5.3200,5.2100,5416049,28598684.0000,3,0.541081,1,2.111327,0
2016-09-14,sh.600223,5.3000,5.5300,5.2700,5.4500,5.3200,10609038,57661524.0000,3,1.059878,1,2.443602,0
2016-09-19,sh.600223,5.4000,5.5100,5.3900,5.4700,5.4500,8622609,47001160.0000,3,0.861427,1,0.366972,0
2016-09-20,sh.600223,5.4800,5.6500,5.4400,5.5900,5.4700,16001438,88664172.0000,3,1.598596,1,2.193791,0
2016-09-21,sh.600223,5.5300,5.7200,5.5300,5.6000,5.5900,16622406,93821650.0000,3,1.660633,1,0.178886,0
2016-09-22,sh.600223,5.5900,5.8700,5.5800,5.7700,5.6000,20258559,116420939.0000,3,2.023897,1,3.035716,0
2016-09-23,sh.600223,5.7700,5.7700,5.5900,5.6700,5.7700,12137395,68669256.0000,3,1.212566,1,-1.733101,0
2016-09-26,sh.600223,5.6500,5.8000,5.5800,5.6600,5.6700,13560584,77015692.0000,3,1.354747,1,-0.176371,0
2016-09-27,sh.600223,5.6500,6.0700,5.5400,5.9200,5.6600,32200675,188734249.0000,3,3.216953,1,4.593644,0
2016-09-28,sh.600223,5.9000,5.9000,5.6500,5.8000,5.9200,16136481,93256607.0000,3,1.612088,1,-2.027025,0
2016-09-29,sh.600223,5.7600,5.7900,5.6700,5.7300,5.8000,12821463,73329048.0000,3,1.280906,1,-1.206899,0
2016-09-30,sh.600223,5.6900,5.7400,5.6300,5.6900,5.7300,9405474,53479065.0000,3,0.939638,1,-0.698080,0
2016-10-10,sh.600223,5.6200,5.6800,5.4300,5.4800,5.6900,20811227,114158186.0000,3,2.079110,1,-3.690686,0
2016-10-11,sh.600223,5.4800,5.6000,5.4600,5.5800,5.4800,17461029,96191060.0000,3,1.744414,1,1.824816,0
2016-10-12,sh.600223,5.5500,5.5600,5.4900,5.5300,5.5800,10028396,55338565.0000,3,1.001870,1,-0.896052,0
2016-10-13,sh.600223,5.5300,5.6400,5.5200,5.6200,5.5300,12645139,70604238.0000,3,1.263291,1,1.627480,0
2016-10-14,sh.600223,5.6100,5.6300,5.5300,5.5600,5.6200,9638814,53722193.0000,3,0.962949,1,-1.067615,0
2016-10-17,sh.600223,5.5400,5.6300,5.4600,5.5100,5.5600,9004701,50154557.0000,3,0.899599,1,-0.899276,0
2016-10-18,sh.600223,5.4800,5.6000,5.4600,5.5900,5.5100,7682356,42578757.0000,3,0.767493,1,1.451904,0
2016-10-19,sh.600223,5.5800,5.6300,5.5600,5.5900,5.5900,6725625,37612056.0000,3,0.671912,1,0.000000,0
2016-10-20,sh.600223,5.5900,5.6100,5.5400,5.5700,5.5900,6127161,34137122.0000,3,0.612124,1,-0.357781,0
2016-10-21,sh.600223,5.5800,5.5900,5.5100,5.5400,5.5700,6679842,37078154.0000,3,0.667338,1,-0.538603,0
2016-10-24,sh.600223,5.5200,5.6600,5.5200,5.6200,5.5400,11360318,63556668.0000,3,1.134933,1,1.444042,0
2016-10-25,sh.600223,5.6000,5.6400,5.5600,5.6400,5.6200,6099650,34173944.0000,3,0.609375,1,0.355872,0
2016-10-26,sh.600223,5.6400,5.8000,5.6000,5.7300,5.6400,14361421,81681009.0000,3,1.434753,1,1.595747,0
2016-10-27,sh.600223,5.7200,5.7200,5.6100,5.6700,5.7300,6643093,37664740.0000,3,0.663667,1,-1.047119,0
2016-10-28,sh.600223,5.6700,5.8000,5.6600,5.7000,5.6700,11420932,65477067.0000,3,1.140989,1,0.529096,0
2016-10-31,sh.600223,5.7400,5.8600,5.7000,5.8200,5.7000,14262728,82556658.0000,3,1.424894,1,2.105270,0
2016-11-01,sh.600223,5.8400,5.8400,5.7400,5.7800,5.8200,12592467,72819210.0000,3,1.258029,1,-0.687284,0
2016-11-02,sh.600223,5.7500,5.7700,5.6600,5.6700,5.7800,8082356,46075687.0000,3,0.807454,1,-1.903116,0
2016-11-03,sh.600223,5.6300,5.7200,5.6300,5.6700,5.6700,10184257,57809863.0000,3,1.017441,1,0.000000,0
2016-11-04,sh.600223,5.6500,5.6900,5.6400,5.6600,5.6700,10810848,61260702.0000,3,1.080039,1,-0.176371,0
2016-11-07,sh.600223,5.6800,5.7300,5.6500,5.7200,5.6600,8955356,50959839.0000,3,0.894670,1,1.060070,0
2016-11-08,sh.600223,5.7200,5.9000,5.7200,5.8900,5.7200,19641922,114483149.0000,3,1.962293,1,2.972029,0
2016-11-09,sh.600223,5.8500,6.0700,5.8200,5.9700,5.8900,21458292,127655140.0000,3,2.143754,1,1.358233,0
2016-11-10,sh.600223,6.0000,6.0500,5.9200,5.9400,5.9700,13742672,81993766.0000,3,1.372938,1,-0.502508,0
2016-11-11,sh.600223,5.9500,6.1000,5.9200,5.9400,5.9400,12331276,73664082.0000,3,1.231935,1,0.000000,0
2016-11-14,sh.600223,5.9200,6.0100,5.9100,6.0000,5.9400,10276179,61329563.0000,3,1.026624,1,1.010100,0
2016-11-15,sh.600223,6.0200,6.0300,5.9700,6.0200,6.0000,8035022,48129233.0000,3,0.802725,1,0.333333,0
2016-11-16,sh.600223,6.0200,6.0900,5.9600,5.9800,6.0200,10377203,62241317.0000,3,1.036717,1,-0.664451,0
2016-11-17,sh.600223,5.9800,5.9800,5.8700,5.9300,5.9800,6305210,37372789.0000,3,0.629911,1,-0.836124,0
2016-11-18,sh.600223,5.9300,6.0000,5.9000,5.9700,5.9300,7271709,43310282.0000,3,0.726468,1,0.674536,0
2016-11-21,sh.600223,5.9600,6.0000,5.9000,5.9500,5.9700,7755267,46155180.0000,3,0.774777,1,-0.335008,0
2016-11-22,sh.600223,5.9300,5.9800,5.8900,5.9800,5.9500,10346962,61311210.0000,3,1.033696,1,0.504205,0
2016-11-23,sh.600223,5.9800,6.1500,5.9200,5.9600,5.9800,14072938,84550229.0000,3,1.405933,1,-0.334448,0
2016-11-24,sh.600223,5.9300,5.9600,5.8000,5.8900,5.9600,8137746,47863102.0000,3,0.812988,1,-1.174500,0
2016-11-25,sh.600223,5.9100,5.9300,5.7900,5.8800,5.8900,7687231,44987909.0000,3,0.767980,1,-0.169775,0
2016-11-28,sh.600223,5.8800,5.9600,5.8300,5.9000,5.8800,12210573,72037286.0000,3,1.219876,1,0.340136,0
2016-11-29,sh.600223,5.8900,6.0100,5.8500,5.9300,5.9000,14633208,87049658.0000,3,1.461906,1,0.508470,0
2016-11-30,sh.600223,5.9200,5.9400,5.7800,5.8700,5.9300,9220303,53974945.0000,3,0.921139,1,-1.011804,0
2016-12-01,sh.600223,5.8600,5.9400,5.8500,5.9000,5.8700,7639244,45062815.0000,3,0.763186,1,0.511077,0
2016-12-02,sh.600223,5.8700,5.9400,5.6800,5.6900,5.9000,8368327,48510043.0000,3,0.836023,1,-3.559323,0
2016-12-05,sh.600223,5.6600,5.8200,5.6200,5.7100,5.6900,6711188,38572346.0000,3,0.670470,1,0.351494,0
2016-12-06,sh.600223,5.7300,5.7400,5.6700,5.7100,5.7100,3797349,21648598.0000,3,0.379368,1,0.000000,0
2016-12-07,sh.600223,5.7200,5.7700,5.6700,5.7700,5.7100,3722720,21323664.0000,3,0.371912,1,1.050787,0
2016-12-08,sh.600223,5.7700,5.8000,5.7400,5.7700,5.7700,3592800,20746289.0000,3,0.358933,1,0.000000,0
2016-12-09,sh.600223,5.7700,5.7900,5.6400,5.7200,5.7700,4497157,25646559.0000,3,0.449281,1,-0.866554,0
2016-12-12,sh.600223,5.7000,5.7000,5.3500,5.4300,5.7200,6068406,33614490.0000,3,0.606254,1,-5.069930,0
2016-12-13,sh.600223,5.4500,5.5000,5.2900,5.4500,5.4300,7474884,40052357.0000,3,0.746766,1,0.368324,0
2016-12-14,sh.600223,5.4200,5.4600,5.3200,5.3800,5.4500,6351772,34216495.0000,3,0.634563,1,-1.284398,0
2016-12-15,sh.600223,5.3800,5.4600,5.3300,5.4500,5.3800,4939425,26747969.0000,3,0.493465,1,1.301110,0
2016-12-16,sh.600223,5.4300,5.5200,5.3800,5.4800,5.4500,4485789,24470937.0000,3,0.448145,1,0.550463,0
2016-12-19,sh.600223,5.4900,5.5200,5.4300,5.5000,5.4800,3649494,19971895.0000,3,0.364596,1,0.364963,0
2016-12-20,sh.600223,5.4500,5.5400,5.4300,5.4900,5.5000,3723241,20411183.0000,3,0.371964,1,-0.181822,0
2016-12-21,sh.600223,5.7000,5.8500,5.5000,5.5900,5.4900,12039371,67921391.0000,3,1.202773,1,1.821501,0
2016-12-22,sh.600223,5.5400,5.6400,5.5200,5.5800,5.5900,5351736,29878768.0000,3,0.534656,1,-0.178895,0
2016-12-23,sh.600223,5.5800,5.5800,5.4700,5.4900,5.5800,4957662,27359609.0000,3,0.495287,1,-1.612906,0
2016-12-26,sh.600223,5.4400,5.4600,5.3300,5.4200,5.4900,6099220,32808654.0000,3,0.609332,1,-1.275040,0
2016-12-27,sh.600223,5.4100,5.4500,5.3700,5.4300,5.4200,3547144,19231566.0000,3,0.354371,1,0.184497,0
2016-12-28,sh.600223,5.4000,5.4800,5.4000,5.4400,5.4300,3661996,19932459.0000,3,0.365845,1,0.184166,0
2016-12-29,sh.600223,5.4400,5.5000,5.3900,5.4500,5.4400,3709871,20220180.0000,3,0.370628,1,0.183819,0
2016-12-30,sh.600223,5.4500,5.4900,5.4100,5.4400,5.4500,5441422,29644836.0000,3,0.543616,1,-0.183482,0
2017-01-03,sh.600223,5.4400,5.5400,5.4300,5.5300,5.4400,6916183,37937528.0000,3,0.690949,1,1.654414,0
2017-01-04,sh.600223,5.5500,5.7200,5.5100,5.6600,5.5300,10063201,56798258.0000,3,1.005347,1,2.350807,0
2017-01-05,sh.600223,5.6500,5.6900,5.6100,5.6500,5.6600,4351607,24604026.0000,3,0.434740,1,-0.176674,0
2017-01-06,sh.600223,5.6100,5.6700,5.5500,5.6000,5.6500,4806384,26968707.0000,3,0.480174,1,-0.884959,0
2017-01-09,sh.600223,5.5700,5.9600,5.5600,5.7700,5.6000,18341670,106152042.0000,3,1.832393,1,3.035716,0
2017-01-10,sh.600223,5.7600,5.8300,5.6400,5.7900,5.7700,11146288,63731930.0000,3,1.113551,1,0.346620,0
2017-01-11,sh.600223,5.7400,5.8000,5.6600,5.7700,5.7900,7085103,40609407.0000,3,0.707825,1,-0.345423,0
2017-01-12,sh.600223,5.7700,5.7700,5.6100,5.6400,5.7700,5152987,29267588.0000,3,0.514800,1,-2.253035,0
2017-01-13,sh.600223,5.6400,5.6900,5.5800,5.6000,5.6400,4677290,26359965.0000,3,0.467277,1,-0.709219,0
2017-01-16,sh.600223,5.5700,5.5700,5.2000,5.3400,5.6000,6770253,36721960.0000,3,0.676371,1,-4.642853,0
2017-01-17,sh.600223,5.3300,5.4000,5.0700,5.3300,5.3400,10366652,54359083.0000,3,1.035663,1,-0.187270,0
2017-01-18,sh.600223,5.2800,5.3400,5.2500,5.2600,5.3300,4810945,25415101.0000,3,0.480629,1,-1.313315,0
2017-01-19,sh.600223,5.2800,5.2800,5.1700,5.1900,5.2600,3746528,19554356.0000,3,0.374290,1,-1.330802,0
2017-01-20,sh.600223,5.2000,5.3400,5.1800,5.3100,5.1900,4201410,22170270.0000,3,0.419735,1,2.312136,0
2017-01-23,sh.600223,5.3300,5.4000,5.2700,5.3600,5.3100,6713431,35854998.0000,3,0.670694,1,0.941623,0
2017-01-24,sh.600223,5.3500,5.4000,5.3400,5.3800,5.3600,4815404,25878779.0000,3,0.481075,1,0.373134,0
2017-01-25,sh.600223,5.3700,5.4000,5.3500,5.3900,5.3800,3775637,20272731.0000,3,0.377199,1,0.185869,0
2017-01-26,sh.600223,5.3900,5.4700,5.3800,5.4000,5.3900,2544111,13767795.0000,3,0.254165,1,0.185533,0
2017-02-03,sh.600223,5.3700,5.4400,5.3200,5.3500,5.4000,2679527,14357516.0000,3,0.267694,1,-0.925929,0
2017-02-06,sh.600223,5.3500,5.4100,5.3500,5.4000,5.3500,2921213,15727797.0000,3,0.291839,1,0.934583,0
2017-02-07,sh.600223,5.4000,5.4200,5.3400,5.4100,5.4000,4235819,22798812.0000,3,0.423172,1,0.185181,0
2017-02-08,sh.600223,5.4000,5.4100,5.3200,5.4100,5.4100,7958070,42597943.0000,3,0.795037,1,0.000000,0
2017-02-09,sh.600223,5.3800,5.4900,5.3700,5.4700,5.4100,7594080,41298438.0000,3,0.758674,1,1.109056,0
2017-02-10,sh.600223,5.4500,5.5000,5.4400,5.4700,5.4700,6859400,37534658.0000,3,0.685277,1,0.000000,0
2017-02-13,sh.600223,5.4600,5.5800,5.4600,5.5100,5.4700,5302599,29185907.0000,3,0.529747,1,0.731270,0
2017-02-14,sh.600223,5.5300,5.5300,5.4500,5.4800,5.5100,4540190,24867319.0000,3,0.453580,1,-0.544468,0
2017-02-15,sh.600223,5.5000,5.5300,5.4400,5.4900,5.4800,7524749,41357841.0000,3,0.751747,1,0.182477,0
2017-02-16,sh.600223,5.4900,5.6900,5.4500,5.5900,5.4900,10280534,57359686.0000,3,1.027059,1,1.821501,0
2017-02-17,sh.600223,5.6000,5.6200,5.5300,5.5500,5.5900,4990023,27802856.0000,3,0.498520,1,-0.715563,0
2017-02-20,sh.600223,5.5800,5.7200,5.5700,5.6900,5.5500,7620624,43034770.0000,3,0.761325,1,2.522520,0
2017-02-21,sh.600223,5.6800,5.7100,5.6100,5.6900,5.6900,8176908,46288854.0000,3,0.816900,1,0.000000,0
2017-02-22,sh.600223,5.6600,5.7400,5.6400,5.7100,5.6900,6198989,35267545.0000,3,0.619299,1,0.351494,0
2017-02-23,sh.600223,5.7100,5.7200,5.6400,5.6800,5.7100,6537068,37143934.0000,3,0.653075,1,-0.525398,0
2017-02-24,sh.600223,5.6500,5.6700,5.5800,5.6500,5.6800,8635281,48524676.0000,3,0.862693,1,-0.528164,0
2017-02-27,sh.600223,5.6500,5.7000,5.6200,5.6400,5.6500,4825200,27326883.0000,3,0.482053,1,-0.176995,0
2017-02-28,sh.600223,5.6400,5.6700,5.6000,5.6400,5.6400,4011253,22599550.0000,3,0.400737,1,0.000000,0
2017-03-01,sh.600223,5.6200,5.7600,5.6100,5.7200,5.6400,7420543,42244220.0000,3,0.741337,1,1.418438,0
2017-03-02,sh.600223,5.6800,5.7400,5.6600,5.6800,5.7200,5970616,34017734.0000,3,0.596484,1,-0.699300,0
2017-03-03,sh.600223,5.6500,5.6800,5.6000,5.6300,5.6800,3061893,17247998.0000,3,0.305893,1,-0.880277,0
2017-03-06,sh.600223,5.6500,5.7200,5.6200,5.7100,5.6300,5059731,28779821.0000,3,0.505484,1,1.420958,0
2017-03-07,sh.600223,5.7100,5.8000,5.6600,5.7700,5.7100,8610131,49249755.0000,3,0.860180,1,1.050787,0
2017-03-08,sh.600223,5.7600,5.7600,5.6300,5.6500,5.7700,6680890,37928216.0000,3,0.667443,1,-2.079721,0
2017-03-09,sh.600223,5.6500,5.7700,5.6100,5.7600,5.6500,9068298,51609114.0000,3,0.905953,1,1.946905,0
2017-03-10,sh.600223,5.7500,5.7600,5.6600,5.6900,5.7600,5510822,31373498.0000,3,0.550549,1,-1.215281,0
2017-03-13,sh.600223,5.6900,5.7300,5.6400,5.7200,5.6900,7602532,43220893.0000,3,0.759518,1,0.527236,0
2017-03-14,sh.600223,5.7500,5.7900,5.7000,5.7400,5.7200,6252575,35926630.0000,3,0.624653,1,0.349650,0
2017-03-15,sh.600223,5.7400,5.7500,5.6700,5.7100,5.7400,5155041,29380931.0000,3,0.515006,1,-0.522643,0
2017-03-16,sh.600223,5.7300,5.9100,5.7100,5.8200,5.7100,11571143,67326381.0000,3,1.155995,1,1.926447,0
2017-03-17,sh.600223,5.8500,5.8600,5.7400,5.7500,5.8200,8195099,47465223.0000,3,0.818717,1,-1.202752,0
2017-03-20,sh.600223,5.7500,5.7600,5.6300,5.6900,5.7500,6347061,36177380.0000,3,0.634092,1,-1.043477,0
2017-03-21,sh.600223,5.6700,5.7900,5.6500,5.7600,5.6900,6423843,36592698.0000,3,0.641763,1,1.230232,0
2017-03-22,sh.600223,5.9500,5.9900,5.6900,5.7700,5.7600,20225708,118011085.0000,3,2.020615,1,0.173607,0
2017-03-23,sh.600223,5.7100,5.7600,5.5700,5.6800,5.7700,17259494,97611313.0000,3,1.724280,1,-1.559795,0
2017-03-24,sh.600223,5.6600,5.6700,5.5500,5.5900,5.6800,6859870,38430617.0000,3,0.685324,1,-1.584501,0
2017-03-27,sh.600223,5.6100,5.6200,5.4900,5.5600,5.5900,9401739,52092397.0000,3,0.939265,1,-0.536676,0
2017-03-28,sh.600223,5.5300,5.5400,5.4500,5.4700,5.5600,6098554,33478267.0000,3,0.609266,1,-1.618708,0
2017-03-29,sh.600223,5.4600,5.4900,5.3900,5.4700,5.4700,7253318,39532003.0000,3,0.724630,1,0.000000,0
2017-03-30,sh.600223,5.4500,5.4500,5.2900,5.3000,5.4700,7939659,42528231.0000,3,0.793198,1,-3.107854,0
2017-03-31,sh.600223,5.3300,5.3700,5.2900,5.3200,5.3000,5642487,30049060.0000,3,0.563703,1,0.377358,0
2017-04-05,sh.600223,5.3500,5.5000,5.3500,5.4700,5.3200,10541600,57205928.0000,3,1.053141,1,2.819542,0
2017-04-06,sh.600223,5.4700,5.4800,5.4200,5.4500,5.4700,5955785,32401138.0000,3,0.595003,1,-0.365630,0
2017-04-07,sh.600223,5.4500,5.4700,5.4000,5.4400,5.4500,5103744,27725115.0000,3,0.509881,1,-0.183482,0
2017-04-10,sh.600223,5.4200,5.4900,5.3300,5.4300,5.4400,8048158,43583446.0000,3,0.804037,1,-0.183828,0
2017-04-11,sh.600223,5.4200,5.5400,5.4100,5.5300,5.4300,8570288,47051888.0000,3,0.856200,1,1.841628,0
2017-04-12,sh.600223,5.5300,5.6200,5.5100,5.5500,5.5300,8485042,47261266.0000,3,0.847684,1,0.361663,0
2017-04-13,sh.600223,5.5200,5.6500,5.5200,5.6100,5.5500,6407602,35866811.0000,3,0.640141,1,1.081080,0
2017-04-14,sh.600223,5.5800,5.6300,5.5000,5.5200,5.6100,8053476,44911817.0000,3,0.804569,1,-1.604281,0
2017-04-17,sh.600223,5.5200,5.5300,5.3400,5.3800,5.5200,7345461,39808223.0000,3,0.733836,1,-2.536229,0
2017-04-18,sh.600223,5.4000,5.4100,5.2600,5.2600,5.3800,6288973,33637076.0000,3,0.628289,1,-2.230481,0
2017-04-19,sh.600223,5.2700,5.2700,5.0900,5.1500,5.2600,5409714,27839647.0000,3,0.540448,1,-2.091257,0
2017-04-20,sh.600223,5.1300,5.2200,5.0600,5.1300,5.1500,3851552,19797822.0000,3,0.384783,1,-0.388349,0
2017-04-21,sh.600223,5.1400,5.1800,5.0900,5.1300,5.1300,2222907,11421190.0000,3,0.222076,1,0.000000,0
2017-04-24,sh.600223,5.1400,5.1400,4.9000,4.9200,5.1300,5217543,25987667.0000,3,0.521250,1,-4.093568,0
2017-04-25,sh.600223,4.9400,4.9700,4.8600,4.9200,4.9200,3587278,17666820.0000,3,0.358381,1,0.000000,0
2017-04-26,sh.600223,4.9200,4.9700,4.9000,4.9300,4.9200,2827337,13970303.0000,3,0.282460,1,0.203247,0
2017-04-27,sh.600223,4.9300,4.9800,4.7800,4.9500,4.9300,4690242,22884554.0000,3,0.468571,1,0.405679,0
2017-04-28,sh.600223,4.9200,5.0000,4.9100,4.9800,4.9500,3198851,15875992.0000,3,0.319576,1,0.606065,0
2017-05-02,sh.600223,4.9800,5.0400,4.9500,5.0100,4.9800,2713461,13579992.0000,3,0.271084,1,0.602414,0
2017-05-03,sh.600223,5.0000,5.0400,4.9200,4.9300,5.0100,3006582,14942877.0000,3,0.300367,1,-1.596814,0
2017-05-04,sh.600223,4.9500,5.0000,4.8800,4.9700,4.9300,3409778,16860519.0000,3,0.340648,1,0.811358,0
2017-05-05,sh.600223,4.9600,5.0300,4.8700,4.8900,4.9700,2622919,12907595.0000,3,0.262038,1,-1.609656,0
2017-05-08,sh.600223,4.8600,4.8900,4.7600,4.8100,4.8900,4408765,21196834.0000,3,0.440450,1,-1.635990,0
2017-05-09,sh.600223,4.8000,4.8400,4.7600,4.8200,4.8100,2821263,13538908.0000,3,0.281853,1,0.207905,0
2017-05-10,sh.600223,4.8400,4.8400,4.6100,4.6700,4.8200,4150365,19669172.0000,3,0.414635,1,-3.112035,0
2017-05-11,sh.600223,4.5300,4.6200,4.3100,4.5400,4.6700,7503146,33856207.0000,3,0.749589,1,-2.783728,0
2017-05-12,sh.600223,4.5500,4.5500,4.4600,4.5400,4.5400,3617188,16302930.0000,3,0.361369,1,0.000000,0
2017-05-15,sh.600223,4.5400,4.6300,4.5000,4.5500,4.5400,2653021,12048494.0000,3,0.265046,1,0.220269,0
2017-05-16,sh.600223,4.5600,4.6700,4.4600,4.6500,4.5500,4044132,18486179.0000,3,0.404022,1,2.197800,0
2017-05-17,sh.600223,4.6400,4.7000,4.6100,4.6300,4.6500,3289107,15301755.0000,3,0.328593,1,-0.430107,0
2017-05-18,sh.600223,4.5800,4.6700,4.5500,4.5900,4.6300,3082214,14240469.0000,3,0.307923,1,-0.863930,0
2017-05-19,sh.600223,4.6000,4.6300,4.5600,4.5800,4.5900,2317918,10636121.0000,3,0.231568,1,-0.217870,0
2017-05-22,sh.600223,4.5800,4.6000,4.4500,4.4700,4.5800,3538849,16013216.0000,3,0.353543,1,-2.401750,0
2017-05-23,sh.600223,4.4800,4.5400,4.3600,4.3900,4.4700,3699062,16353043.0000,3,0.369548,1,-1.789708,0
2017-05-24,sh.600223,4.4000,4.4100,4.3000,4.3900,4.3900,2743174,11948215.0000,3,0.274052,1,0.000000,0
2017-05-25,sh.600223,4.4000,4.5000,4.3700,4.4800,4.3900,3368671,14987889.0000,3,0.336541,1,2.050117,0
2017-05-26,sh.600223,4.4800,4.5900,4.4600,4.5800,4.4800,3885983,17564048.0000,3,0.388223,1,2.232141,0
2017-05-31,sh.600223,4.5900,4.6700,4.5500,4.5700,4.5800,7832969,35969744.0000,3,0.782539,1,-0.218335,0
2017-06-01,sh.600223,4.5600,4.5600,4.4200,4.4400,4.5700,5458038,24364455.0000,3,0.545276,1,-2.844641,0
2017-06-02,sh.600223,4.4100,4.6000,4.3600,4.5600,4.4400,5445161,24618600.0000,3,0.543990,1,2.702700,0
2017-06-05,sh.600223,4.5800,4.6100,4.5100,4.5500,4.5600,4961119,22600455.0000,3,0.495632,1,-0.219293,0
2017-06-06,sh.600223,4.5400,4.6200,4.5000,4.6100,4.5500,3876129,17707447.0000,3,0.387238,1,1.318680,0
2017-06-07,sh.600223,4.6100,4.6700,4.5400,4.6600,4.6100,5423498,25113266.0000,3,0.541825,1,1.084592,0
2017-06-08,sh.600223,4.6600,4.6800,4.6200,4.6400,4.6600,2374192,11049383.0000,3,0.237190,1,-0.429184,0
2017-06-09,sh.600223,4.6600,4.6600,4.6000,4.6400,4.6400,2850797,13194099.0000,3,0.284804,1,0.000000,0
2017-06-12,sh.600223,4.6300,4.6500,4.5500,4.5600,4.6400,2894634,13335108.0000,3,0.289183,1,-1.724136,0
2017-06-13,sh.600223,4.5600,4.6300,4.5400,4.6100,4.5600,1799192,8258624.0000,3,0.179745,1,1.096495,0
2017-06-14,sh.600223,4.6100,4.6400,4.5900,4.6200,4.6100,1834753,8464622.0000,3,0.183298,1,0.216914,0
2017-06-15,sh.600223,4.6100,4.6900,4.6000,4.6500,4.6200,4340838,20193201.0000,3,0.433664,1,0.649355,0
2017-06-16,sh.600223,4.6800,4.6800,4.6200,4.6400,4.6500,1930849,8974010.0000,3,0.192898,1,-0.215059,0
2017-06-19,sh.600223,4.6100,4.6700,4.6100,4.6500,4.6400,2492025,11593351.0000,3,0.248962,1,0.215522,0
2017-06-20,sh.600223,4.6700,4.6900,4.6400,4.6600,4.6500,3112607,14514361.0000,3,0.310960,1,0.215048,0
2017-06-21,sh.600223,4.6600,4.6800,4.6100,4.6600,4.6600,2338519,10866593.0000,3,0.233626,1,0.000000,0
2017-06-22,sh.600223,4.6300,4.6700,4.5800,4.5900,4.6600,3356801,15573536.0000,3,0.335355,1,-1.502139,0
2017-06-23,sh.600223,4.5900,4.5900,4.4700,4.5200,4.5900,5450410,24595286.0000,3,0.544514,1,-1.525058,0
2017-06-26,sh.600223,4.5200,4.6200,4.5000,4.6100,4.5200,4403313,20105337.0000,3,0.439905,1,1.991154,0
2017-06-27,sh.600223,4.6100,4.6600,4.5900,4.6400,4.6100,3330869,15411838.0000,3,0.332765,1,0.650753,0
2017-06-28,sh.600223,4.6300,4.6500,4.5900,4.6200,4.6400,3006485,13893634.0000,3,0.300358,1,-0.431034,0
2017-06-29,sh.600223,4.6100,4.6400,4.6100,4.6300,4.6200,2422999,11216077.0000,3,0.242066,1,0.216455,0
2017-06-30,sh.600223,4.6200,4.6600,4.5900,4.6600,4.6300,2951109,13654396.0000,3,0.294826,1,0.647942,0
2017-07-03,sh.600223,4.6600,4.6900,4.6100,4.6900,4.6600,3202535,14893532.0000,3,0.319944,1,0.643781,0
2017-07-04,sh.600223,4.6700,4.6800,4.6000,4.6300,4.6900,4163558,19269328.0000,3,0.415953,1,-1.279316,0
2017-07-05,sh.600223,4.6300,4.6600,4.6000,4.6500,4.6300,2373950,10994592.0000,3,0.237165,1,0.431965,0
2017-07-06,sh.600223,4.6600,4.6600,4.6200,4.6400,4.6500,2457236,11401850.0000,3,0.245486,1,-0.215059,0
2017-07-07,sh.600223,4.6400,4.6500,4.6100,4.6300,4.6400,3236718,14980838.0000,3,0.323359,1,-0.215512,0
2017-07-10,sh.600223,4.6300,4.7200,4.6200,4.6600,4.6300,4858868,22730115.0000,3,0.485417,1,0.647942,0
2017-07-11,sh.600223,4.6800,4.6800,4.6200,4.6300,4.6600,3080307,14314318.0000,3,0.307733,1,-0.643771,0
2017-07-12,sh.600223,4.6500,4.6500,4.5000,4.5700,4.6300,4339783,19785936.0000,3,0.433559,1,-1.295895,0
2017-07-13,sh.600223,4.5500,4.5900,4.5200,4.5800,4.5700,4929973,22418574.0000,3,0.492521,1,0.218813,0
2017-07-14,sh.600223,4.5600,4.5600,4.5200,4.5400,4.5800,2710892,12299409.0000,3,0.270827,1,-0.873362,0
2017-07-17,sh.600223,4.5400,4.5400,4.2800,4.2900,4.5400,5487489,24053602.0000,3,0.548218,1,-5.506608,0
2017-07-18,sh.600223,4.2400,4.4300,4.2400,4.4200,4.2900,3618922,15703571.0000,3,0.361542,1,3.030306,0
2017-07-19,sh.600223,4.3700,4.4700,4.3700,4.4500,4.4200,3551701,15737139.0000,3,0.354827,1,0.678727,0
2017-07-20,sh.600223,4.4500,4.5200,4.4300,4.4900,4.4500,3610169,16147043.0000,3,0.360668,1,0.898876,0
2017-07-21,sh.600223,4.4700,4.5000,4.4200,4.4700,4.4900,4053576,18107630.0000,3,0.404966,1,-0.445434,0
2017-07-24,sh.600223,4.4600,4.5200,4.4300,4.5000,4.4700,3522518,15821171.0000,3,0.351911,1,0.671146,0
2017-07-25,sh.600223,4.5300,4.5400,4.4700,4.5000,4.5000,2552785,11463654.0000,3,0.255032,1,0.000000,0
2017-07-26,sh.600223,4.5000,4.5200,4.4500,4.5100,4.5000,3304837,14838897.0000,3,0.330164,1,0.222227,0
2017-07-27,sh.600223,4.5100,4.5700,4.4900,4.5700,4.5100,3971432,18024163.0000,3,0.396759,1,1.330376,0
2017-07-28,sh.600223,4.5700,4.6100,4.5300,4.5800,4.5700,3574315,16345875.0000,3,0.357086,1,0.218813,0
2017-07-31,sh.600223,4.5800,4.6400,4.5600,4.6300,4.5800,3042936,14022174.0000,3,0.303999,1,1.091707,0
2017-08-01,sh.600223,4.6300,4.6400,4.5900,4.6200,4.6300,3202215,14783576.0000,3,0.319912,1,-0.215988,0
2017-08-02,sh.600223,4.6000,4.6300,4.5800,4.5900,4.6200,2684221,12330115.0000,3,0.268163,1,-0.649345,0
2017-08-03,sh.600223,4.5800,4.6200,4.5700,4.6100,4.5900,2710515,12474251.0000,3,0.270789,1,0.435729,0
2017-08-04,sh.600223,4.6100,4.6400,4.5800,4.5800,4.6100,3154513,14524855.0000,3,0.315146,1,-0.650764,0
2017-08-07,sh.600223,4.5600,4.6200,4.5600,4.6100,4.5800,2732051,12550237.0000,3,0.272941,1,0.655026,0
2017-08-08,sh.600223,4.6100,4.6300,4.5400,4.5600,4.6100,6630319,30352557.0000,3,0.662391,1,-1.084603,0
2017-08-09,sh.600223,4.5700,4.5800,4.5300,4.5600,4.5600,2629322,11996843.0000,3,0.262678,1,0.000000,0
2017-08-10,sh.600223,4.5700,4.6000,4.5100,4.5400,4.5600,3282100,14934860.0000,3,0.327893,1,-0.438596,0
2017-08-11,sh.600223,4.5400,4.5500,4.4200,4.4600,4.5400,3472125,15563411.0000,3,0.346877,1,-1.762113,0
2017-08-14,sh.600223,4.4500,4.5200,4.4500,4.5000,4.4600,2293798,10300454.0000,3,0.229158,1,0.896860,0
2017-08-15,sh.600223,4.4900,4.5300,4.4800,4.5200,4.5000,2432891,10959707.0000,3,0.243054,1,0.444444,0
2017-08-16,sh.600223,4.5000,4.5400,4.5000,4.5200,4.5200,1989707,8990425.0000,3,0.198778,1,0.000000,0
2017-08-17,sh.600223,4.5200,4.5600,4.5000,4.5600,4.5200,2795193,12697604.0000,3,0.279249,1,0.884955,0
2017-08-18,sh.600223,4.5600,4.6000,4.5300,4.5800,4.5600,3411973,15610577.0000,3,0.340867,1,0.438596,0
2017-08-21,sh.600223,4.6000,4.6100,4.5600,4.6000,4.5800,3494943,16049464.0000,3,0.349156,1,0.436681,0
2017-08-22,sh.600223,4.5800,4.6400,4.5800,4.6300,4.6000,6565594,30303383.0000,3,0.655924,1,0.652178,0
2017-08-23,sh.600223,4.6100,4.6500,4.5900,4.6400,4.6300,6848067,31661027.0000,3,0.684144,1,0.215977,0
2017-08-24,sh.600223,4.6400,4.6500,4.5800,4.6100,4.6400,3176740,14656181.0000,3,0.317367,1,-0.646546,0
2017-08-25,sh.600223,4.5900,4.6800,4.5800,4.6500,4.6100,6238605,28982345.0000,3,0.623257,1,0.867678,0
2017-08-28,sh.600223,4.6600,4.6900,4.6500,4.6900,4.6500,4451078,20794116.0000,3,0.444677,1,0.860214,0
2017-08-29,sh.600223,4.6800,4.7000,4.6500,4.6600,4.6900,4042000,18873011.0000,3,0.403809,1,-0.639663,0
2017-08-30,sh.600223,4.6800,4.6900,4.6500,4.6700,4.6600,2733045,12764581.0000,3,0.273040,1,0.214597,0
2017-08-31,sh.600223,4.6800,4.6900,4.6600,4.6700,4.6700,3235520,15115894.0000,3,0.323239,1,0.000000,0
2017-09-01,sh.600223,4.6800,4.7400,4.6700,4.6900,4.6700,4254036,19982037.0000,3,0.424992,1,0.428265,0
2017-09-04,sh.600223,4.6900,4.7200,4.6700,4.7100,4.6900,4556131,21407680.0000,3,0.455172,1,0.426439,0
2017-09-05,sh.600223,4.7100,4.7900,4.6900,4.7800,4.7100,5731194,27272553.0000,3,0.572565,1,1.486203,0
2017-09-06,sh.600223,4.7600,4.8100,4.7300,4.7300,4.7800,4866700,23148450.0000,3,0.486199,1,-1.046029,0
2017-09-07,sh.600223,4.7400,4.8000,4.7000,4.7000,4.7300,6611143,31407803.0000,3,0.660475,1,-0.634254,0
2017-09-08,sh.600223,4.6700,4.7300,4.6700,4.7100,4.7000,4178997,19649952.0000,3,0.417496,1,0.212771,0
2017-09-11,sh.600223,4.7100,4.7200,4.6800,4.7000,4.7100,3184606,14971460.0000,3,0.318153,1,-0.212319,0
2017-09-12,sh.600223,4.7000,4.7200,4.6700,4.6900,4.7000,5118474,23991225.0000,3,0.511352,1,-0.212761,0
2017-09-13,sh.600223,4.6800,4.7100,4.6700,4.7100,4.6900,3167613,14847937.0000,3,0.316455,1,0.426439,0
2017-09-14,sh.600223,4.6900,4.7600,4.6800,4.7100,4.7100,4651338,21949448.0000,3,0.464684,1,0.000000,0
2017-09-15,sh.600223,4.7000,5.1800,4.7000,4.9500,4.7100,26797701,133598259.0000,3,2.677179,1,5.095537,0
2017-09-18,sh.600223,4.8900,4.9700,4.8300,4.9200,4.9500,11120031,54240137.0000,3,1.110928,1,-0.606055,0
2017-09-19,sh.600223,4.9000,5.2200,4.8600,5.0200,4.9200,22897271,115757047.0000,3,2.287513,1,2.032518,0
2017-09-20,sh.600223,4.9800,5.0500,4.9100,5.0500,5.0200,11432797,56972699.0000,3,1.142174,1,0.597614,0
2017-09-21,sh.600223,5.0300,5.0300,4.8900,4.9000,5.0500,7327759,36276361.0000,3,0.732067,1,-2.970299,0
2017-09-22,sh.600223,4.8600,4.9300,4.8500,4.8700,4.9000,4594338,22450868.0000,3,0.458989,1,-0.612249,0
2017-09-25,sh.600223,4.8300,4.8800,4.6500,4.7000,4.8700,6035637,28617323.0000,3,0.602980,1,-3.490761,0
2017-09-26,sh.600223,4.6700,4.7300,4.6500,4.7000,4.7000,2825160,13228972.0000,3,0.282243,1,0.000000,0
2017-09-27,sh.600223,4.7300,4.7300,4.6700,4.7000,4.7000,4564968,21455256.0000,3,0.456055,1,0.000000,0
2017-09-28,sh.600223,4.7000,4.7100,4.5600,4.5900,4.7000,7144400,33060260.0000,3,0.713749,1,-2.340418,0
2017-09-29,sh.600223,4.6200,4.6200,4.5700,4.5900,4.5900,3022769,13890850.0000,3,0.301985,1,0.000000,0
2017-10-09,sh.600223,4.6500,4.7200,4.6300,4.6600,4.5900,5862852,27377613.0000,3,0.585718,1,1.525048,0
2017-10-10,sh.600223,4.6600,4.7000,4.6500,4.6900,4.6600,4409563,20609814.0000,3,0.440530,1,0.643781,0
2017-10-11,sh.600223,4.6800,4.7200,4.6700,4.6900,4.6900,3243902,15227667.0000,3,0.324076,1,0.000000,0
2017-10-12,sh.600223,4.6900,4.7700,4.6700,4.7100,4.6900,5921976,27892435.0000,3,0.591625,1,0.426439,0
2017-10-13,sh.600223,4.6900,4.7500,4.6900,4.7300,4.7100,4851776,22890780.0000,3,0.484708,1,0.424628,0
2017-10-16,sh.600223,4.7000,4.7300,4.5800,4.6000,4.7300,4750100,22020274.0000,3,0.474551,1,-2.748417,0
2017-10-17,sh.600223,4.5800,4.6400,4.5800,4.6000,4.6000,1554391,7158840.0000,3,0.155289,1,0.000000,0
2017-10-18,sh.600223,4.6100,4.6300,4.5300,4.5500,4.6000,2515100,11523716.0000,3,0.251267,1,-1.086950,0
2017-10-19,sh.600223,4.5600,4.5600,4.4200,4.4500,4.5500,3086910,13829022.0000,3,0.308392,1,-2.197810,0
2017-10-20,sh.600223,4.4600,4.5300,4.4400,4.5200,4.4500,1529195,6872837.0000,3,0.152772,1,1.573038,0
2017-10-23,sh.600223,4.5200,4.5800,4.5000,4.5600,4.5200,1900700,8643591.0000,3,0.189886,1,0.884955,0
2017-10-24,sh.600223,4.5600,4.6000,4.4900,4.5400,4.5600,2764300,12565808.0000,3,0.276163,1,-0.438596,0
2017-10-25,sh.600223,4.5200,4.5800,4.5100,4.5500,4.5400,2229940,10127785.0000,3,0.222778,1,0.220269,0
2017-10-26,sh.600223,4.5200,4.5600,4.5100,4.5500,4.5500,1711900,7774097.0000,3,0.171024,1,0.000000,0
2017-10-27,sh.600223,4.5500,4.5900,4.5400,4.5500,4.5500,2701400,12310373.0000,3,0.269879,1,0.000000,0
2017-10-30,sh.600223,4.5400,4.5400,4.4000,4.4800,4.5500,3419262,15248055.0000,3,0.341596,1,-1.538465,0
2017-10-31,sh.600223,4.4500,4.5200,4.4300,4.5000,4.4800,2392701,10714475.0000,3,0.239039,1,0.446428,0
2017-11-01,sh.600223,4.5000,4.5200,4.4500,4.4600,4.5000,2171069,9727682.0000,3,0.216897,1,-0.888888,0
2017-11-02,sh.600223,4.4600,4.4700,4.3400,4.3800,4.4600,2806591,12302093.0000,3,0.280388,1,-1.793720,0
2017-11-03,sh.600223,4.3800,4.3800,4.2800,4.3200,4.3800,3181863,13754848.0000,3,0.317879,1,-1.369862,0
2017-11-06,sh.600223,4.3200,4.3400,4.2500,4.3300,4.3200,2863544,12292113.0000,3,0.286077,1,0.231476,0
2017-11-07,sh.600223,4.3300,4.3600,4.3000,4.3500,4.3300,2596286,11247371.0000,3,0.259378,1,0.461893,0
2017-11-08,sh.600223,4.3400,4.3900,4.3300,4.3600,4.3500,2686698,11722342.0000,3,0.268410,1,0.229890,0
2017-11-09,sh.600223,4.3800,4.3800,4.3000,4.3500,4.3600,3637350,15759221.0000,3,0.363383,1,-0.229363,0
2017-11-10,sh.600223,4.3500,4.3500,4.3100,4.3300,4.3500,2393388,10372280.0000,3,0.239107,1,-0.459770,0
2017-11-13,sh.600223,4.3100,4.3400,4.3000,4.3200,4.3300,2168625,9372820.0000,3,0.216653,1,-0.230941,0
2017-11-14,sh.600223,4.3300,4.3300,4.2700,4.3000,4.3200,1941650,8332905.0000,3,0.193977,1,-0.462962,0
2017-11-15,sh.600223,4.3100,4.3100,4.2400,4.2900,4.3000,2170900,9285042.0000,3,0.216880,1,-0.232564,0
2017-11-16,sh.600223,4.2900,4.3200,4.2600,4.2900,4.2900,1413500,6056237.0000,3,0.141213,1,0.000000,0
2017-11-17,sh.600223,4.2800,4.2900,4.0500,4.0800,4.2900,4537138,18876663.0000,3,0.453275,1,-4.895106,0
2017-11-20,sh.600223,4.0500,4.0500,3.9600,4.0200,4.0800,3556768,14222782.0000,3,0.355333,1,-1.470587,0
2017-11-21,sh.600223,4.0200,4.1500,4.0100,4.0900,4.0200,2790960,11388464.0000,3,0.278826,1,1.741298,0
2017-11-22,sh.600223,4.0900,4.1100,3.9600,4.0400,4.0900,2616525,10632490.0000,3,0.261399,1,-1.222499,0
2017-11-23,sh.600223,4.0500,4.0500,3.9500,3.9700,4.0400,2373984,9483035.0000,3,0.237169,1,-1.732672,0
2017-11-24,sh.600223,3.9900,4.0100,3.9600,3.9900,3.9700,1498500,5977629.0000,3,0.149705,1,0.503778,0
2017-11-27,sh.600223,4.0100,4.0100,3.9000,3.9600,3.9900,3145614,12389120.0000,3,0.314257,1,-0.751879,0
2017-11-28,sh.600223,3.9500,4.0000,3.9400,4.0000,3.9600,1925643,7642550.0000,3,0.192378,1,1.010100,0
2017-11-29,sh.600223,3.9900,4.0600,3.9600,4.0600,4.0000,2895860,11637138.0000,3,0.289306,1,1.499999,0
2017-11-30,sh.600223,4.0500,4.0600,4.0000,4.0300,4.0600,2645204,10638979.0000,3,0.264265,1,-0.738910,0
2017-12-01,sh.600223,4.0000,4.0500,4.0000,4.0300,4.0300,2732100,11011120.0000,3,0.272946,1,0.000000,0
2017-12-04,sh.600223,4.0300,4.0400,3.9700,3.9900,4.0300,2172068,8697061.0000,3,0.216997,1,-0.992561,0
2017-12-05,sh.600223,4.0100,4.0100,3.8500,3.9200,3.9900,3050806,11967211.0000,3,0.304786,1,-1.754384,0
2017-12-06,sh.600223,3.9200,3.9200,3.8000,3.8600,3.9200,4128846,15907480.0000,3,0.412485,1,-1.530617,0
2017-12-07,sh.600223,3.8700,3.9000,3.8200,3.8800,3.8600,2978503,11489450.0000,3,0.297562,1,0.518140,0
2017-12-08,sh.600223,3.8500,3.9400,3.8500,3.8600,3.8800,8593409,33358770.0000,3,0.858510,1,-0.515470,0
2017-12-11,sh.600223,3.8800,3.8800,3.8300,3.8600,3.8600,6667289,25669294.0000,3,0.666084,1,0.000000,0
2017-12-12,sh.600223,3.8600,3.8600,3.7700,3.8100,3.8600,8055225,30739064.0000,3,0.804744,1,-1.295336,0
2017-12-13,sh.600223,3.8000,3.8300,3.7800,3.8200,3.8100,2384871,9084051.0000,3,0.238256,1,0.262467,0
2017-12-14,sh.600223,3.8400,3.8400,3.7800,3.8100,3.8200,3406118,12948625.0000,3,0.340282,1,-0.261780,0
2017-12-15,sh.600223,3.8000,3.8300,3.7900,3.8200,3.8100,3949971,15046732.0000,3,0.394615,1,0.262467,0
2017-12-18,sh.600223,3.8200,4.2000,3.7900,4.1100,3.8200,12240059,47737392.0000,3,1.222822,1,7.591628,0
2017-12-19,sh.600223,3.9800,4.1600,3.9500,4.0500,4.1100,19411919,78506503.0000,3,1.939315,1,-1.459853,0
2017-12-20,sh.600223,4.0500,4.0500,3.8800,3.8900,4.0500,10160619,40240823.0000,3,1.015079,1,-3.950619,0
2017-12-21,sh.600223,3.9000,3.9000,3.8000,3.8700,3.8900,6292952,24255140.0000,3,0.628687,1,-0.514144,0
2017-12-22,sh.600223,3.8600,3.8600,3.8000,3.8300,3.8700,5923300,22665965.0000,3,0.591757,1,-1.033591,0
2017-12-25,sh.600223,3.8300,3.8900,3.8000,3.8500,3.8300,6069963,23401021.0000,3,0.606409,1,0.522193,0
2017-12-26,sh.600223,3.8500,3.8800,3.8200,3.8600,3.8500,3407651,13132371.0000,3,0.340436,1,0.259740,0
2017-12-27,sh.600223,3.8600,3.8600,3.8200,3.8300,3.8600,4598400,17674570.0000,3,0.459395,1,-0.777201,0
2017-12-28,sh.600223,3.8400,3.8600,3.8200,3.8500,3.8300,3253213,12498224.0000,3,0.325007,1,0.522193,0
2017-12-29,sh.600223,3.8500,3.8700,3.8400,3.8700,3.8500,3022383,11655558.0000,3,0.301946,1,0.519480,0
2018-01-02,sh.600223,3.8800,3.9700,3.8700,3.9400,3.8700,6210922,24450852.0000,3,0.620492,1,1.808790,0
2018-01-03,sh.600223,3.9300,3.9700,3.9100,3.9600,3.9400,5995894,23661056.0000,3,0.599010,1,0.507614,0
2018-01-04,sh.600223,3.9500,4.0400,3.9100,3.9800,3.9600,5618881,22336851.0000,3,0.561345,1,0.505050,0
2018-01-05,sh.600223,3.9700,4.2000,3.9700,4.1200,3.9800,17169095,70464624.0000,3,1.715249,1,3.517585,0
2018-01-08,sh.600223,4.1200,4.2500,4.0900,4.1400,4.1200,15367817,64014186.0000,3,1.535296,1,0.485436,0
2018-01-09,sh.600223,4.1400,4.3200,4.1200,4.2500,4.1400,13178579,55875715.0000,3,1.316583,1,2.657008,0
2018-01-10,sh.600223,4.2200,4.3100,4.1000,4.1500,4.2500,10210008,42807482.0000,3,1.020013,1,-2.352939,0
2018-01-11,sh.600223,4.1400,4.2500,4.1000,4.2000,4.1500,7834887,32614070.0000,3,0.782731,1,1.204812,0
2018-01-12,sh.600223,4.1700,4.5500,4.1700,4.3300,4.2000,21678891,95167459.0000,3,2.165793,1,3.095241,0
2018-01-15,sh.600223,4.3200,4.3400,4.1500,4.1800,4.3300,11250101,47614873.0000,3,1.123922,1,-3.464206,0
2018-01-16,sh.600223,4.1800,4.3900,4.1700,4.3700,4.1800,12175462,52071374.0000,3,1.216369,1,4.545456,0
2018-01-17,sh.600223,4.3900,4.3900,4.1800,4.2200,4.3700,11678932,49872713.0000,3,1.166764,1,-3.432497,0
2018-01-18,sh.600223,4.1800,4.2700,4.1700,4.2200,4.2200,6182845,26047993.0000,3,0.617687,1,0.000000,0
2018-01-19,sh.600223,4.2000,4.3100,4.2000,4.2400,4.2200,7511214,31924692.0000,3,0.750395,1,0.473933,0
2018-01-22,sh.600223,4.2500,4.2700,4.2200,4.2400,4.2400,5092048,21595710.0000,3,0.508712,1,0.000000,0
2018-01-23,sh.600223,4.2600,4.3400,4.2500,4.2900,4.2400,7323452,31425375.0000,3,0.731637,1,1.179250,0
2018-01-24,sh.600223,4.2900,4.3100,4.2100,4.2800,4.2900,6202421,26455775.0000,3,0.619642,1,-0.233095,0
2018-01-25,sh.600223,4.2700,4.2700,4.1900,4.2200,4.2800,11113797,46867761.0000,3,1.110305,1,-1.401879,0
2018-01-26,sh.600223,4.2100,4.2800,4.1800,4.2500,4.2200,4817578,20426551.0000,3,0.481292,1,0.710905,0
2018-01-29,sh.600223,4.2600,4.2700,4.1800,4.2100,4.2500,4139718,17448619.0000,3,0.413571,1,-0.941176,0
2018-01-30,sh.600223,4.2100,4.2300,4.1600,4.2300,4.2100,4077600,17181564.0000,3,0.407366,1,0.475059,0
2018-01-31,sh.600223,4.1900,4.1900,4.0300,4.0700,4.2300,6376700,26155576.0000,3,0.637053,1,-3.782502,0
2018-02-01,sh.600223,4.0600,4.1000,3.8400,3.8800,4.0700,6815100,26888778.0000,3,0.680851,1,-4.668306,0
2018-02-02,sh.600223,3.8800,3.9300,3.8100,3.8900,3.8800,5716000,22080538.0000,3,0.571047,1,0.257732,0
2018-02-05,sh.600223,3.8500,3.9100,3.8200,3.8600,3.8900,4523923,17483527.0000,3,0.451955,1,-0.771214,0
2018-02-06,sh.600223,3.8200,3.8200,3.5800,3.6300,3.8600,7947340,29529494.0000,3,0.793965,1,-5.958544,0
2018-02-07,sh.600223,3.6600,3.7200,3.5800,3.6200,3.6300,5282481,19222276.0000,3,0.527737,1,-0.275488,0
2018-02-08,sh.600223,3.6500,3.6800,3.6000,3.6300,3.6200,3263475,11854728.0000,3,0.326032,1,0.276249,0
2018-02-09,sh.600223,3.5900,3.6400,3.4100,3.5700,3.6300,6317860,22350267.0000,3,0.631175,1,-1.652897,0
2018-02-12,sh.600223,3.5700,3.6300,3.5300,3.5800,3.5700,5399538,19407993.0000,3,0.539432,1,0.280112,0
2018-02-13,sh.600223,3.6000,3.6300,3.4700,3.5200,3.5800,6489049,23104883.0000,3,0.648277,1,-1.675976,0
2018-02-14,sh.600223,3.5300,3.5300,3.4200,3.5000,3.5200,4344700,15087484.0000,3,0.434050,1,-0.568181,0
2018-02-22,sh.600223,3.5100,3.5700,3.4800,3.5500,3.5000,3609092,12731158.0000,3,0.360560,1,1.428570,0
2018-02-23,sh.600223,3.5400,3.6200,3.5400,3.5900,3.5500,4323813,15515692.0000,3,0.431963,1,1.126760,0
2018-02-26,sh.600223,3.6000,3.6500,3.5800,3.6400,3.5900,4048402,14639579.0000,3,0.404449,1,1.392763,0
2018-02-27,sh.600223,3.6500,3.6500,3.6100,3.6300,3.6400,2403975,8729149.0000,3,0.240165,1,-0.274725,0
2018-02-28,sh.600223,3.5900,3.6600,3.5600,3.6400,3.6300,3349515,12104480.0000,3,0.334628,1,0.275482,0
2018-03-01,sh.600223,3.6100,3.6600,3.5900,3.6600,3.6400,4613582,16790264.0000,3,0.460912,1,0.549450,0
2018-03-02,sh.600223,3.6600,3.7000,3.6300,3.6800,3.6600,4306222,15829950.0000,3,0.430206,1,0.546448,0
2018-03-05,sh.600223,3.6900,3.7100,3.6500,3.6800,3.6800,2705851,9946746.0000,3,0.270323,1,0.000000,0
2018-03-06,sh.600223,3.6900,3.7300,3.6500,3.7200,3.6800,5532550,20346300.0000,3,0.552720,1,1.086955,0
2018-03-07,sh.600223,3.7100,3.7300,3.6600,3.6900,3.7200,3693000,13637050.0000,3,0.368943,1,-0.806451,0
2018-03-08,sh.600223,3.6700,3.7200,3.6600,3.7100,3.6900,3157238,11661202.0000,3,0.315418,1,0.542005,0
2018-03-09,sh.600223,3.7100,3.7300,3.6800,3.7200,3.7100,5227605,19350600.0000,3,0.522255,1,0.269541,0
2018-03-12,sh.600223,3.7200,3.7600,3.7200,3.7500,3.7200,4284707,16025578.0000,3,0.428056,1,0.806451,0
2018-03-13,sh.600223,3.7500,3.7800,3.7300,3.7500,3.7500,3557480,13372338.0000,3,0.355404,1,0.000000,0
2018-03-14,sh.600223,3.7400,3.7600,3.7000,3.7400,3.7500,3172590,11847780.0000,3,0.316952,1,-0.266666,0
2018-03-15,sh.600223,3.7200,3.7400,3.6800,3.7000,3.7400,2522253,9348873.0000,3,0.251981,1,-1.069518,0
2018-03-16,sh.600223,3.6900,3.7300,3.6800,3.7000,3.7000,1947434,7230788.0000,3,0.194555,1,0.000000,0
2018-03-19,sh.600223,3.7000,3.7300,3.6700,3.7100,3.7000,2055834,7608605.0000,3,0.205385,1,0.270270,0
2018-03-20,sh.600223,3.6800,3.7500,3.6700,3.7300,3.7100,2893460,10746679.0000,3,0.289066,1,0.539083,0
2018-03-21,sh.600223,3.7400,3.8600,3.7100,3.7800,3.7300,6562112,24907267.0000,3,0.655577,1,1.340481,0
2018-03-22,sh.600223,3.7600,3.8100,3.7100,3.7600,3.7800,3902202,14643664.0000,3,0.389843,1,-0.529100,0
2018-03-23,sh.600223,3.7000,3.7300,3.5000,3.5400,3.7600,7792600,28181970.0000,3,0.778506,1,-5.851065,0
2018-03-26,sh.600223,3.5400,3.6000,3.4800,3.5700,3.5400,4141700,14574412.0000,3,0.413769,1,0.847457,0
2018-03-27,sh.600223,3.5800,3.6900,3.5800,3.6400,3.5700,3717981,13513875.0000,3,0.371439,1,1.960789,0
2018-03-28,sh.600223,3.6200,3.6600,3.6100,3.6400,3.6400,2661507,9677025.0000,3,0.265893,1,0.000000,0
2018-03-29,sh.600223,3.6400,3.7200,3.6200,3.7000,3.6400,4405007,16193282.0000,3,0.440075,1,1.648350,0
2018-03-30,sh.600223,3.6900,3.7200,3.6600,3.7000,3.7000,3887907,14330638.0000,3,0.388415,1,0.000000,0
2018-04-02,sh.600223,3.6900,3.7200,3.6500,3.6800,3.7000,3184945,11729603.0000,3,0.318186,1,-0.540540,0
2018-04-03,sh.600223,3.5600,3.6400,3.5500,3.6300,3.6800,3107062,11179579.0000,3,0.310406,1,-1.358694,0
2018-04-04,sh.600223,3.6300,3.6700,3.6000,3.6100,3.6300,2409200,8739765.0000,3,0.240687,1,-0.550970,0
2018-04-09,sh.600223,3.6100,3.6500,3.5700,3.6100,3.6100,2454905,8853718.0000,3,0.245253,1,0.000000,0
2018-04-10,sh.600223,3.6200,3.6500,3.5800,3.6300,3.6100,3645721,13164156.0000,3,0.364220,1,0.554023,0
2018-04-11,sh.600223,3.6300,3.6600,3.6100,3.6400,3.6300,3095320,11251191.0000,3,0.309233,1,0.275482,0
2018-04-12,sh.600223,3.6200,3.6300,3.5900,3.6200,3.6400,1768765,6389625.0000,3,0.176705,1,-0.549457,0
2018-04-13,sh.600223,3.6200,3.6300,3.6000,3.6200,3.6200,2243689,8110267.0000,3,0.224152,1,0.000000,0
2018-04-16,sh.600223,3.6300,3.6300,3.5500,3.5700,3.6200,2308373,8271798.0000,3,0.230614,1,-1.381214,0
2018-04-17,sh.600223,3.5700,3.5800,3.5200,3.5300,3.5700,3456771,12285234.0000,3,0.345343,1,-1.120447,0
2018-04-18,sh.600223,3.5500,3.5600,3.5000,3.5500,3.5300,2765380,9770391.0000,3,0.276271,1,0.566572,0
2018-04-19,sh.600223,3.5500,3.5600,3.5300,3.5400,3.5500,1577508,5598521.0000,3,0.157598,1,-0.281690,0
2018-04-20,sh.600223,3.5500,3.5500,3.4800,3.5000,3.5400,3387700,11892331.0000,3,0.338442,1,-1.129943,0
2018-04-23,sh.600223,3.5200,3.5200,3.3300,3.4300,3.5000,2713507,9356600.0000,3,0.271088,1,-1.999998,0
2018-04-24,sh.600223,3.4300,3.5200,3.4300,3.5100,3.4300,2579400,9005652.0000,3,0.257691,1,2.332359,0
2018-04-25,sh.600223,3.5000,3.5100,3.4700,3.4900,3.5100,2388925,8325113.0000,3,0.238661,1,-0.569800,0
2018-04-26,sh.600223,3.4900,3.4900,3.4300,3.4500,3.4900,1834840,6337424.0000,3,0.183307,1,-1.146131,0
2018-04-27,sh.600223,3.4500,3.4700,3.4200,3.4400,3.4500,2015151,6933553.0000,3,0.201320,1,-0.289855,0
2018-05-02,sh.600223,3.4600,3.4600,3.4100,3.4400,3.4400,1455501,4993992.0000,3,0.145409,1,0.000000,0
2018-05-03,sh.600223,3.4400,3.4500,3.4000,3.4500,3.4400,2039848,6993951.0000,3,0.203788,1,0.290697,0
2018-05-04,sh.600223,3.4400,3.4700,3.4300,3.4600,3.4500,2745835,9469098.0000,3,0.274318,1,0.289855,0
2018-05-07,sh.600223,3.4600,3.5000,3.4300,3.5000,3.4600,2369092,8230185.0000,3,0.236680,1,1.156068,0
2018-05-08,sh.600223,3.5000,3.5000,3.4700,3.4900,3.5000,2477921,8651451.0000,3,0.247552,1,-0.285714,0
2018-05-09,sh.600223,3.4900,3.5100,3.4600,3.4900,3.4900,2674952,9344640.0000,3,0.267237,1,0.000000,0
2018-05-10,sh.600223,3.5000,3.5200,3.4800,3.5100,3.4900,2232237,7817371.0000,3,0.223008,1,0.573065,0
2018-05-11,sh.600223,3.5100,3.5400,3.4800,3.5000,3.5100,1916701,6733014.0000,3,0.191485,1,-0.284900,0
2018-05-14,sh.600223,3.5100,3.5300,3.4700,3.4700,3.5000,1745700,6090729.0000,3,0.174401,1,-0.857142,0
2018-05-15,sh.600223,3.4700,3.4900,3.4400,3.4800,3.4700,1643200,5689550.0000,3,0.164161,1,0.288184,0
2018-05-16,sh.600223,3.4800,3.4900,3.4500,3.4600,3.4800,1435500,4983709.0000,3,0.143411,1,-0.574712,0
2018-05-17,sh.600223,3.4600,3.4800,3.4400,3.4500,3.4600,1788173,6171901.0000,3,0.178644,1,-0.289017,0
2018-05-18,sh.600223,3.4600,3.4900,3.4400,3.4800,3.4500,1984701,6869690.0000,3,0.198278,1,0.869564,0
2018-05-21,sh.600223,3.5000,3.5300,3.4800,3.5100,3.4800,2217902,7777116.0000,3,0.221576,1,0.862068,0
2018-05-22,sh.600223,3.5000,3.5300,3.5000,3.5100,3.5100,1975505,6936440.0000,3,0.197359,1,0.000000,0
2018-05-23,sh.600223,3.5200,3.6000,3.4600,3.5800,3.5100,8253088,29127944.0000,3,0.824511,1,1.994300,0
2018-05-24,sh.600223,3.5500,3.7400,3.4700,3.6200,3.5800,21236310,77036743.0000,3,2.121577,1,1.117317,0
2018-05-25,sh.600223,3.5600,3.5900,3.5000,3.5200,3.6200,8339750,29454696.0000,3,0.833168,1,-2.762429,0
2018-05-28,sh.600223,3.5200,3.5200,3.4300,3.4300,3.5200,4650855,16063243.0000,3,0.464636,1,-2.556816,0
2018-05-29,sh.600223,3.4300,3.4500,3.3900,3.4000,3.4300,3466700,11831461.0000,3,0.346335,1,-0.874635,0
2018-05-30,sh.600223,3.3400,3.3800,3.2300,3.2600,3.4000,5169500,17067080.0000,3,0.516450,1,-4.117650,0
2018-05-31,sh.600223,3.2900,3.3200,3.2600,3.3200,3.2600,2141406,7051359.0000,3,0.213934,1,1.840489,0
2018-06-01,sh.600223,3.3100,3.3300,3.2500,3.2800,3.3200,2528614,8322880.0000,3,0.252617,1,-1.204818,0
2018-06-04,sh.600223,3.2700,3.3100,3.2600,3.2900,3.2800,2250122,7381368.0000,3,0.224795,1,0.304878,0
2018-06-05,sh.600223,3.2800,3.3100,3.2500,3.3000,3.2900,3436601,11257542.0000,3,0.343328,1,0.303951,0
2018-06-06,sh.600223,3.3000,3.3000,3.2600,3.2800,3.3000,2204402,7222787.0000,3,0.220227,1,-0.606060,0
2018-06-07,sh.600223,3.2900,3.3300,3.2700,3.3300,3.2800,4269700,14081457.0000,3,0.426557,1,1.524389,0
2018-06-08,sh.600223,3.3400,3.3500,3.2500,3.3300,3.3300,5182600,17125712.0000,3,0.517759,1,0.000000,0
2018-06-11,sh.600223,3.3000,3.3600,3.2800,3.3500,3.3300,4904925,16279763.0000,3,0.490018,1,0.600600,0
2018-06-12,sh.600223,3.3500,3.3700,3.3400,3.3500,3.3500,3667947,12294855.0000,3,0.366440,1,0.000000,0
2018-06-13,sh.600223,3.3600,3.3700,3.3000,3.3600,3.3500,3989182,13324366.0000,3,0.398532,1,0.298507,0
2018-06-14,sh.600223,3.3600,3.3600,3.3200,3.3500,3.3600,2927625,9802264.0000,3,0.292479,1,-0.297619,0
2018-06-15,sh.600223,3.3500,3.4000,3.2300,3.3900,3.3500,8793721,29407594.0000,3,0.878522,1,1.194036,0
2018-06-19,sh.600223,3.3200,3.3400,3.0500,3.0500,3.3900,7839200,24898440.0000,3,0.783162,1,-10.029500,0
2018-06-20,sh.600223,3.0300,3.0800,2.9800,3.0400,3.0500,4991900,15151662.0000,3,0.498707,1,-0.327869,0
2018-06-21,sh.600223,3.0400,3.0500,2.8500,2.8900,3.0400,8902450,26485080.0000,3,0.889384,1,-4.934206,0
2018-06-22,sh.600223,2.8600,2.9200,2.8300,2.9000,2.8900,4649600,13400642.0000,3,0.464510,1,0.346020,0
2018-06-25,sh.600223,2.9400,2.9400,2.8100,2.8500,2.9000,3294335,9538286.0000,3,0.329115,1,-1.724144,0
2018-06-26,sh.600223,2.8000,2.8600,2.7800,2.8400,2.8500,3280654,9290112.0000,3,0.327748,1,-0.350877,0
2018-06-27,sh.600223,2.8500,2.8700,2.8100,2.8200,2.8400,2848800,8091110.0000,3,0.284605,1,-0.704225,0
2018-06-28,sh.600223,2.8200,2.8400,2.7600,2.7800,2.8200,3915330,10975500.0000,3,0.391154,1,-1.418438,0
2018-06-29,sh.600223,2.7800,2.8300,2.7100,2.8300,2.7800,4834935,13467954.0000,3,0.483026,1,1.798560,0
2018-07-02,sh.600223,2.8200,2.8200,2.7000,2.7400,2.8300,3974127,10980653.0000,3,0.397028,1,-3.180209,0
2018-07-03,sh.600223,2.7400,2.7700,2.6900,2.7600,2.7400,2877900,7884596.0000,3,0.287512,1,0.729926,0
2018-07-04,sh.600223,2.7500,2.7600,2.7200,2.7400,2.7600,1681884,4608923.0000,3,0.168026,1,-0.724637,0
2018-07-05,sh.600223,2.7400,2.7500,2.5900,2.6100,2.7400,3561147,9504821.0000,3,0.355770,1,-4.744530,0
2018-07-06,sh.600223,2.6100,2.6400,2.5400,2.6200,2.6100,4232589,10994549.0000,3,0.422850,1,0.383141,0
2018-07-09,sh.600223,2.6000,2.6700,2.6000,2.6600,2.6200,2772717,7342578.0000,3,0.277004,1,1.526725,0
2018-07-10,sh.600223,2.6700,2.7100,2.6500,2.7000,2.6600,3295905,8833515.0000,3,0.329272,1,1.503758,0
2018-07-11,sh.600223,2.6800,2.6900,2.5800,2.6300,2.7000,3028284,7948750.0000,3,0.302536,1,-2.592590,0
2018-07-12,sh.600223,2.6000,2.7100,2.6000,2.7000,2.6300,3575694,9577679.0000,3,0.357224,1,2.661594,0
2018-07-13,sh.600223,2.7100,2.7400,2.7000,2.7300,2.7000,3534709,9610079.0000,3,0.353129,1,1.111110,0
2018-07-16,sh.600223,2.7300,2.7400,2.6900,2.7100,2.7300,2935778,7956951.0000,3,0.293294,1,-0.732600,0
2018-07-17,sh.600223,2.7100,2.7200,2.6900,2.7100,2.7100,2657643,7186463.0000,3,0.265507,1,0.000000,0
2018-07-18,sh.600223,2.7200,2.7500,2.7100,2.7200,2.7100,2849946,7790557.0000,3,0.284719,1,0.369003,0
2018-07-19,sh.600223,2.7200,2.7400,2.6900,2.7100,2.7200,1487600,4039551.0000,3,0.148616,1,-0.367647,0
2018-07-20,sh.600223,2.7200,2.7700,2.6700,2.7300,2.7100,3278082,8933542.0000,3,0.327491,1,0.738007,0
2018-07-23,sh.600223,2.7300,2.7700,2.7200,2.7700,2.7300,2449182,6736077.0000,3,0.244681,1,1.465200,0
2018-07-24,sh.600223,2.7600,2.8600,2.7500,2.8400,2.7700,5276300,14880311.0000,3,0.527120,1,2.527073,0
2018-07-25,sh.600223,2.8400,2.8600,2.8100,2.8500,2.8400,3641893,10319064.0000,3,0.363837,1,0.352112,0
2018-07-26,sh.600223,2.8600,2.9500,2.8400,2.9500,2.8500,7616832,22219999.0000,3,0.760947,1,3.508777,0
2018-07-27,sh.600223,2.9300,2.9500,2.9000,2.9300,2.9500,4087205,11948919.0000,3,0.408325,1,-0.677965,0
2018-07-30,sh.600223,2.9200,2.9400,2.8900,2.9200,2.9300,4091291,11931005.0000,3,0.408733,1,-0.341297,0
2018-07-31,sh.600223,2.9200,2.9700,2.9100,2.9400,2.9200,3285400,9663016.0000,3,0.328222,1,0.684931,0
2018-08-01,sh.600223,2.9100,2.9300,2.8500,2.8700,2.9400,4686191,13530328.0000,3,0.468166,1,-2.380958,0
2018-08-02,sh.600223,2.8700,2.8700,2.7200,2.7900,2.8700,4109801,11498641.0000,3,0.410583,1,-2.787454,0
2018-08-03,sh.600223,2.8000,2.8200,2.7500,2.8000,2.7900,1471400,4114039.0000,3,0.146998,1,0.358423,0
2018-08-06,sh.600223,2.8000,2.8300,2.7100,2.7500,2.8000,1886291,5242117.0000,3,0.188447,1,-1.785713,0
2018-08-07,sh.600223,2.7300,2.8400,2.7300,2.8300,2.7500,1832494,5117564.0000,3,0.183072,1,2.909088,0
2018-08-08,sh.600223,2.8200,2.8500,2.8000,2.8300,2.8300,1918855,5432647.0000,3,0.191700,1,0.000000,0
2018-08-09,sh.600223,2.8200,2.8800,2.8100,2.8800,2.8300,2512237,7188138.0000,3,0.250981,1,1.766791,0
2018-08-10,sh.600223,2.8800,2.9100,2.8500,2.9000,2.8800,3954649,11388237.0000,3,0.395082,1,0.694444,0
2018-08-13,sh.600223,2.8500,2.8800,2.8100,2.8700,2.9000,2138437,6083387.0000,3,0.213637,1,-1.034490,0
2018-08-14,sh.600223,2.8500,2.8700,2.8300,2.8700,2.8700,1431569,4090470.0000,3,0.143018,1,0.000000,0
2018-08-15,sh.600223,2.8800,2.8800,2.8100,2.8200,2.8700,1237900,3509089.0000,3,0.123670,1,-1.742159,0
2018-08-16,sh.600223,2.8100,2.8300,2.7700,2.8000,2.8200,1851022,5176633.0000,3,0.184923,1,-0.709219,0
2018-08-17,sh.600223,2.8200,2.8200,2.7100,2.7900,2.8000,2242169,6217372.0000,3,0.224000,1,-0.357142,0
2018-08-20,sh.600223,2.7600,2.8100,2.7400,2.8000,2.7900,1597594,4443781.0000,3,0.159605,1,0.358423,0
2018-08-21,sh.600223,2.7800,2.8400,2.7700,2.8200,2.8000,1412846,3978330.0000,3,0.141148,1,0.714285,0
2018-08-22,sh.600223,2.7900,2.8200,2.7800,2.8000,2.8200,903401,2523014.0000,3,0.090253,1,-0.709219,0
2018-08-23,sh.600223,2.8000,2.8200,2.7700,2.8200,2.8000,1257746,3524227.0000,3,0.125653,1,0.714285,0
2018-08-24,sh.600223,2.8100,2.8300,2.7800,2.8300,2.8200,1703051,4785602.0000,3,0.170140,1,0.354610,0
2018-08-27,sh.600223,2.8300,2.8600,2.8100,2.8500,2.8300,2491025,7067452.0000,3,0.248862,1,0.706713,0
2018-08-28,sh.600223,2.8500,2.8500,2.8300,2.8300,2.8500,1472500,4179361.0000,3,0.147108,1,-0.701754,0
2018-08-29,sh.600223,2.8200,2.8700,2.8100,2.8400,2.8300,2728067,7755805.0000,3,0.272543,1,0.353357,0
2018-08-30,sh.600223,2.8300,2.8500,2.8000,2.8200,2.8400,1521021,4311616.0000,3,0.151955,1,-0.704225,0
2018-08-31,sh.600223,2.8200,2.8300,2.7700,2.8200,2.8200,1929332,5399120.0000,3,0.192747,1,0.000000,0
2018-09-03,sh.600223,2.8100,2.8200,2.7600,2.7900,2.8200,1497200,4164879.0000,3,0.149575,1,-1.063829,0
2018-09-04,sh.600223,2.7700,2.8300,2.5500,2.8200,2.7900,1116596,3137575.0000,3,0.111552,1,1.075268,0
2018-09-05,sh.600223,2.7700,2.8400,2.7700,2.8100,2.8200,1212500,3399274.0000,3,0.121133,1,-0.354610,0
2018-09-06,sh.600223,2.8000,2.8000,2.7300,2.7900,2.8100,2017300,5590651.0000,3,0.201535,1,-0.711743,0
2018-09-07,sh.600223,2.8000,2.8200,2.7700,2.8100,2.7900,1654500,4631815.0000,3,0.165290,1,0.716845,0
2018-09-10,sh.600223,2.8000,2.8200,2.7400,2.8000,2.8100,2025100,5633373.0000,3,0.202314,1,-0.355872,0
2018-09-11,sh.600223,2.8000,2.8000,2.7500,2.7600,2.8000,1044402,2891678.0000,3,0.104339,1,-1.428570,0
2018-09-12,sh.600223,2.7400,2.7700,2.7300,2.7500,2.7600,1067700,2933661.0000,3,0.106667,1,-0.362318,0
2018-09-13,sh.600223,2.7400,2.7800,2.7400,2.7600,2.7500,1065000,2936697.0000,3,0.106397,1,0.363636,0
2018-09-14,sh.600223,2.7800,2.7800,2.7200,2.7400,2.7600,1929700,5312138.0000,3,0.192783,1,-0.724637,0
2018-09-17,sh.600223,2.7500,2.7500,2.6600,2.7300,2.7400,2742200,7407597.0000,3,0.273955,1,-0.364963,0
2018-09-18,sh.600223,2.7200,2.7500,2.6900,2.7400,2.7300,2185403,5946808.0000,3,0.218329,1,0.366300,0
2018-09-19,sh.600223,2.7500,2.8300,2.7200,2.7800,2.7400,3710661,10326464.0000,3,0.370707,1,1.459853,0
2018-09-20,sh.600223,2.7900,2.8200,2.7500,2.7600,2.7800,2137432,5926913.0000,3,0.213536,1,-0.719424,0
2018-09-21,sh.600223,2.8300,2.8300,2.7700,2.8100,2.7600,3427761,9641623.0000,3,0.342445,1,1.811592,0
2018-09-25,sh.600223,2.7600,2.7800,2.7400,2.7800,2.8100,3413872,9412899.0000,3,0.341057,1,-1.067615,0
2018-09-26,sh.600223,2.7700,2.7900,2.7500,2.7700,2.7800,1741700,4823212.0000,3,0.174002,1,-0.359712,0
2018-09-27,sh.600223,2.7600,2.7700,2.7300,2.7500,2.7700,2148147,5897091.0000,3,0.214607,1,-0.722021,0
2018-09-28,sh.600223,2.7500,2.7800,2.7300,2.7800,2.7500,1821001,5014105.0000,3,0.181924,1,1.090908,0
2018-10-08,sh.600223,2.7700,2.7700,2.7200,2.7200,2.7800,2637348,7236880.0000,3,0.263480,1,-2.158271,0
2018-10-09,sh.600223,2.7200,2.7500,2.7200,2.7400,2.7200,1209926,3307868.0000,3,0.120876,1,0.735293,0
2018-10-10,sh.600223,2.7500,2.7700,2.7400,2.7400,2.7400,1270000,3493345.0000,3,0.126877,1,0.000000,0
2018-10-11,sh.600223,2.7000,2.7000,2.5600,2.6800,2.7400,9455017,25008501.0000,3,0.944587,1,-2.189779,0
2018-10-12,sh.600223,2.6400,2.7700,2.6000,2.7400,2.6800,8992557,24065700.0000,3,0.898386,1,2.238804,0
2018-10-15,sh.600223,2.7000,2.7400,2.6600,2.7000,2.7400,1307230,3519753.0000,3,0.130597,1,-1.459853,0
2018-10-16,sh.600223,2.6900,2.6900,2.6300,2.6800,2.7000,2934609,7797885.0000,3,0.293177,1,-0.740740,0
2018-10-17,sh.600223,2.6900,2.7000,2.6000,2.6800,2.6800,2001058,5306724.0000,3,0.199912,1,0.000000,0
2018-10-18,sh.600223,2.6500,2.7100,2.5400,2.6900,2.6800,5956900,15762652.0000,3,0.595114,1,0.373134,0
2018-10-19,sh.600223,2.6700,2.6700,2.6200,2.6700,2.6900,2171342,5745828.0000,3,0.216924,1,-0.743494,0
2018-10-22,sh.600223,2.7000,2.7800,2.6800,2.7700,2.6700,2699706,7403670.0000,3,0.269710,1,3.745315,0
2018-10-23,sh.600223,2.7700,2.7700,2.7200,2.7400,2.7700,1667600,4564807.0000,3,0.166599,1,-1.083032,0
2018-10-24,sh.600223,2.7300,2.8000,2.7200,2.7900,2.7400,1706277,4720999.0000,3,0.170463,1,1.824816,0
2018-10-25,sh.600223,2.7500,2.8100,2.7000,2.7900,2.7900,1860500,5151483.0000,3,0.185870,1,0.000000,0
2018-10-26,sh.600223,2.8100,3.0300,2.8000,2.9000,2.7900,6321935,18321606.0000,3,0.631582,1,3.942657,0
2018-10-29,sh.600223,2.8600,2.8800,2.8400,2.8500,2.9000,2553338,7296485.0000,3,0.255087,1,-1.724144,0
2018-10-30,sh.600223,2.8200,2.8900,2.8200,2.8800,2.8500,2487435,7127330.0000,3,0.248503,1,1.052639,0
2018-10-31,sh.600223,2.9000,2.9000,2.8700,2.8900,2.8800,2329500,6721410.0000,3,0.232725,1,0.347222,0
2018-11-01,sh.600223,2.8900,2.9100,2.8700,2.8900,2.8900,1739600,5025884.0000,3,0.173792,1,0.000000,0
2018-11-02,sh.600223,2.8900,2.9200,2.8900,2.9200,2.8900,2215850,6444853.0000,3,0.221371,1,1.038061,0
2018-11-05,sh.600223,2.9000,2.9300,2.9000,2.9300,2.9200,1685585,4915894.0000,3,0.168395,1,0.342465,0
2018-11-06,sh.600223,2.9300,2.9400,2.9000,2.9200,2.9300,1772981,5171635.0000,3,0.177127,1,-0.341297,0
2018-11-07,sh.600223,2.9300,2.9300,2.9100,2.9300,2.9200,1743700,5094778.0000,3,0.174201,1,0.342465,0
2018-11-08,sh.600223,2.9300,2.9400,2.9000,2.9300,2.9300,1668300,4870744.0000,3,0.166669,1,0.000000,0
2018-11-09,sh.600223,2.9200,2.9300,2.8500,2.9200,2.9300,2642600,7695398.0000,3,0.264004,1,-0.341297,0
2018-11-12,sh.600223,2.9100,2.9700,2.8900,2.9700,2.9200,3948511,11653368.0000,3,0.394469,1,1.712327,0
2018-11-13,sh.600223,2.9400,3.1100,2.9300,3.0500,2.9700,7621526,23133526.0000,3,0.761416,1,2.693600,0
2018-11-14,sh.600223,3.0400,3.1500,3.0400,3.0600,3.0500,4337599,13399683.0000,3,0.433340,1,0.327869,0
2018-11-15,sh.600223,3.1300,3.1300,3.0500,3.0700,3.0600,3108600,9565495.0000,3,0.310559,1,0.326797,0
2018-11-16,sh.600223,3.1400,3.1600,3.0900,3.1500,3.0700,4657877,14565631.0000,3,0.465337,1,2.605869,0
2018-11-19,sh.600223,3.1700,3.2700,3.1700,3.2100,3.1500,4936535,15865618.0000,3,0.493176,1,1.904760,0
2018-11-20,sh.600223,3.2100,3.3000,3.1500,3.1800,3.2100,5229751,16800446.0000,3,0.522469,1,-0.934579,0
2018-11-21,sh.600223,3.1500,3.2300,3.1400,3.2200,3.1800,2163600,6927048.0000,3,0.216151,1,1.257860,0
2018-11-22,sh.600223,3.2400,3.3000,3.2300,3.2900,3.2200,3660400,11981987.0000,3,0.365686,1,2.173911,0
2018-11-23,sh.600223,3.2900,3.2900,3.1400,3.1600,3.2900,6068510,19319612.0000,3,0.606264,1,-3.951364,0
2018-11-26,sh.600223,3.1700,3.2200,3.1300,3.1700,3.1600,2441982,7735047.0000,3,0.243962,1,0.316455,0
2018-11-27,sh.600223,3.1900,3.2200,3.1500,3.2100,3.1700,1954800,6231824.0000,3,0.195291,1,1.261828,0
2018-11-28,sh.600223,3.2100,3.2400,3.1500,3.2300,3.2100,1978700,6317139.0000,3,0.197679,1,0.623052,0
2018-11-29,sh.600223,3.2400,3.2800,3.1800,3.2200,3.2300,2385400,7712825.0000,3,0.238309,1,-0.309597,0
2018-11-30,sh.600223,3.2200,3.2500,3.1700,3.2500,3.2200,2214235,7095605.0000,3,0.221209,1,0.931676,0
2018-12-03,sh.600223,3.3300,3.3600,3.2700,3.3300,3.2500,5234627,17348394.0000,3,0.522956,1,2.461536,0
2018-12-04,sh.600223,3.3300,3.6200,3.3300,3.5800,3.3300,17084475,60086562.0000,3,1.706795,1,7.507507,0
2018-12-05,sh.600223,3.6700,3.9300,3.6100,3.6200,3.5800,21523495,80670570.0000,3,2.150268,1,1.117317,0
2018-12-06,sh.600223,3.5600,3.6400,3.4200,3.5300,3.6200,12165044,42536267.0000,3,1.215328,1,-2.486186,0
2018-12-07,sh.600223,3.5000,3.5000,3.3800,3.3900,3.5300,6579829,22623052.0000,3,0.657347,1,-3.966002,0
2018-12-10,sh.600223,3.3600,3.4400,3.3000,3.3400,3.3900,3307500,11112447.0000,3,0.330430,1,-1.474932,0
2018-12-11,sh.600223,3.3500,3.3500,3.2400,3.2700,3.3400,5968353,19509071.0000,3,0.596258,1,-2.095806,0
2018-12-12,sh.600223,3.2900,3.2900,3.2100,3.2400,3.2700,2897678,9425104.0000,3,0.289488,1,-0.917430,0
2018-12-13,sh.600223,3.2700,3.2800,3.2300,3.2600,3.2400,2678700,8727975.0000,3,0.267611,1,0.617283,0
2018-12-14,sh.600223,3.2500,3.2800,3.2000,3.2600,3.2600,2302760,7457872.0000,3,0.230053,1,0.000000,0
2018-12-17,sh.600223,3.2300,3.2400,3.1700,3.2100,3.2600,2622825,8374649.0000,3,0.262029,1,-1.533741,0
2018-12-18,sh.600223,3.1800,3.2000,3.0900,3.1700,3.2100,4037583,12670712.0000,3,0.403368,1,-1.246105,0
2018-12-19,sh.600223,3.4200,3.4900,3.3000,3.4900,3.1700,19979921,69491333.0000,3,1.996060,1,10.094640,0
2018-12-20,sh.600223,3.5500,3.8000,3.4900,3.6100,3.4900,36939568,135158273.0000,3,3.690385,1,3.438392,0
2018-12-21,sh.600223,3.4600,3.6500,3.2900,3.3800,3.6100,25949213,88252925.0000,3,2.592412,1,-6.371185,0
2018-12-24,sh.600223,3.3600,3.3600,3.2000,3.2000,3.3800,17385221,56454466.0000,3,1.736841,1,-5.325446,0
2018-12-25,sh.600223,3.1600,3.2800,3.1200,3.2200,3.2000,12089318,38793282.0000,3,1.207763,1,0.624999,0
2018-12-26,sh.600223,3.1900,3.2300,3.1100,3.1500,3.2200,8376326,26493644.0000,3,0.836823,1,-2.173911,0
2018-12-27,sh.600223,3.2200,3.2400,3.0700,3.0900,3.1500,7305099,22962264.0000,3,0.729803,1,-1.904768,0
2018-12-28,sh.600223,3.0900,3.1400,3.0500,3.0800,3.0900,5000700,15433053.0000,3,0.499586,1,-0.323624,0
2019-01-02,sh.600223,3.0700,3.0800,2.9900,2.9900,3.0800,4692621,14160746.0000,3,0.468808,1,-2.922075,0
2019-01-03,sh.600223,3.0000,3.0400,2.9400,3.0400,2.9900,5995792,17945249.0000,3,0.598999,1,1.672239,0
2019-01-04,sh.600223,2.9900,3.0900,2.9700,3.0800,3.0400,6069321,18470163.0000,3,0.606345,1,1.315788,0
2019-01-07,sh.600223,3.1000,3.1400,3.0800,3.1000,3.0800,5756621,17888762.0000,3,0.575105,1,0.649350,0
2019-01-08,sh.600223,3.1000,3.1400,3.0800,3.1300,3.1000,5183713,16130742.0000,3,0.517870,1,0.967749,0
2019-01-09,sh.600223,3.1000,3.1800,3.1000,3.1100,3.1300,5805809,18258315.0000,3,0.580019,1,-0.638985,0
2019-01-10,sh.600223,3.1100,3.1400,3.1000,3.1000,3.1100,3481625,10852605.0000,3,0.347826,1,-0.321543,0
2019-01-11,sh.600223,3.1200,3.1300,3.0800,3.1100,3.1000,2624813,8132562.0000,3,0.262227,1,0.322580,0
2019-01-14,sh.600223,3.1200,3.1400,3.0800,3.1100,3.1100,2163538,6717213.0000,3,0.216145,1,0.000000,0
2019-01-15,sh.600223,3.1000,3.1300,3.0700,3.1200,3.1100,3096550,9612137.0000,3,0.309356,1,0.321543,0
2019-01-16,sh.600223,3.1200,3.1300,3.0800,3.1100,3.1200,2003988,6216611.0000,3,0.200205,1,-0.320512,0
2019-01-17,sh.600223,3.1200,3.1200,2.9700,3.1000,3.1100,12413600,37682017.0000,3,1.240160,1,-0.321543,0
2019-01-18,sh.600223,3.0600,3.0700,3.0200,3.0500,3.1000,4987862,15190499.0000,3,0.498304,1,-1.612902,0
2019-01-21,sh.600223,3.0600,3.0700,3.0300,3.0600,3.0500,2941375,8978237.0000,3,0.293853,1,0.327869,0
2019-01-22,sh.600223,3.0700,3.0900,3.0400,3.0600,3.0600,2259400,6927339.0000,3,0.225722,1,0.000000,0
2019-01-23,sh.600223,3.0600,3.0700,3.0200,3.0600,3.0600,2385500,7275729.0000,3,0.238319,1,0.000000,0
2019-01-24,sh.600223,3.0400,3.0700,3.0400,3.0600,3.0600,2517059,7690699.0000,3,0.251462,1,0.000000,0
2019-01-25,sh.600223,3.0600,3.0800,3.0400,3.0500,3.0600,1909500,5846665.0000,3,0.190765,1,-0.326797,0
2019-01-28,sh.600223,3.0500,3.0800,3.0300,3.0600,3.0500,2105234,6437567.0000,3,0.210320,1,0.327869,0
2019-01-29,sh.600223,3.0700,3.0800,2.9700,3.0600,3.0600,3148133,9525057.0000,3,0.314509,1,0.000000,0
2019-01-30,sh.600223,3.0500,3.0700,3.0200,3.0500,3.0600,2653500,8072269.0000,3,0.265093,1,-0.326797,0
2019-01-31,sh.600223,3.0200,3.0800,3.0100,3.0600,3.0500,4976592,15134084.0000,3,0.497178,1,0.327869,0
2019-02-01,sh.600223,3.0600,3.0800,3.0400,3.0800,3.0600,1965528,6017535.0000,3,0.196363,1,0.653594,0
2019-02-11,sh.600223,3.0800,3.1400,3.0700,3.1300,3.0800,3985063,12375846.0000,3,0.398121,1,1.623383,0
2019-02-12,sh.600223,3.1300,3.1600,3.1100,3.1500,3.1300,3396777,10666031.0000,3,0.339349,1,0.638977,0
2019-02-13,sh.600223,3.1400,3.1900,3.1300,3.1900,3.1500,4534565,14366137.0000,3,0.453018,1,1.269840,0
2019-02-14,sh.600223,3.1700,3.2800,3.1700,3.2200,3.1900,5397303,17444043.0000,3,0.539208,1,0.940438,0
2019-02-15,sh.600223,3.2300,3.2700,3.1600,3.2300,3.2200,5632128,18092228.0000,3,0.562668,1,0.310559,0
2019-02-18,sh.600223,3.2300,3.2900,3.1900,3.2800,3.2300,8759504,28512186.0000,3,0.875103,1,1.547986,0
2019-02-19,sh.600223,3.2800,3.3300,3.2400,3.2900,3.2800,7081183,23274492.0000,3,0.707434,1,0.304878,0
2019-02-20,sh.600223,3.3000,3.3100,3.2500,3.2900,3.2900,6475845,21220458.0000,3,0.646958,1,0.000000,0
2019-02-21,sh.600223,3.2700,3.3100,3.2600,3.2900,3.2900,7445132,24457542.0000,3,0.743793,1,0.000000,0
2019-02-22,sh.600223,3.2900,3.3400,3.2700,3.3400,3.2900,6775385,22351240.0000,3,0.676883,1,1.519755,0
2019-02-25,sh.600223,3.3800,3.4700,3.3400,3.4600,3.3400,11901128,40507540.0000,3,1.188962,1,3.592818,0
2019-02-26,sh.600223,3.4800,3.5900,3.4700,3.5100,3.4600,12756949,44930169.0000,3,1.274461,1,1.445085,0
2019-02-27,sh.600223,3.5100,3.5500,3.4500,3.4900,3.5100,10684626,37573939.0000,3,1.067429,1,-0.569800,0
2019-02-28,sh.600223,3.5000,3.5700,3.4800,3.5100,3.4900,5651850,19923461.0000,3,0.564638,1,0.573065,0
2019-03-01,sh.600223,3.5300,3.5500,3.4600,3.5100,3.5100,4266105,14926079.0000,3,0.426198,1,0.000000,0
2019-03-04,sh.600223,3.5100,3.6000,3.5100,3.5500,3.5100,9328481,33206904.0000,3,0.931946,1,1.139600,0
2019-03-05,sh.600223,3.5200,3.6200,3.5200,3.6100,3.5500,8424289,30062615.0000,3,0.841614,1,1.690139,0
2019-03-06,sh.600223,3.6000,3.7400,3.5800,3.7100,3.6100,10166903,37173687.0000,3,1.015707,1,2.770087,0
2019-03-07,sh.600223,3.7200,3.7800,3.6500,3.7400,3.7100,9732418,36202108.0000,3,0.972301,1,0.808625,0
2019-03-08,sh.600223,3.7100,3.7100,3.5300,3.6500,3.7400,13421376,48564129.0000,3,1.340840,1,-2.406415,0
2019-03-11,sh.600223,3.6500,3.7600,3.6400,3.7600,3.6500,9829954,36475002.0000,3,0.982045,1,3.013695,0
2019-03-12,sh.600223,3.7900,3.8100,3.7200,3.8000,3.7600,12064242,45448345.0000,3,1.205258,1,1.063829,0
2019-03-13,sh.600223,3.8200,4.0600,3.8000,3.8100,3.8000,15363277,59872000.0000,3,1.534842,1,0.263158,0
2019-03-14,sh.600223,3.8400,3.9200,3.6400,3.7100,3.8100,10148396,38199129.0000,3,1.013858,1,-2.624670,0
2019-03-15,sh.600223,3.7400,3.8400,3.7000,3.7500,3.7100,6670656,25102258.0000,3,0.666421,1,1.078166,0
2019-03-18,sh.600223,3.7700,3.8300,3.7600,3.8300,3.7500,6888064,26181902.0000,3,0.688140,1,2.133331,0
2019-03-19,sh.600223,3.8600,3.9600,3.8400,3.8800,3.8300,7847653,30541759.0000,3,0.784006,1,1.305488,0
2019-03-20,sh.600223,3.8800,3.9200,3.8100,3.9000,3.8800,6410968,24821395.0000,3,0.640477,1,0.515463,0
2019-03-21,sh.600223,3.9000,3.9500,3.8900,3.9400,3.9000,7166975,28102391.0000,3,0.716004,1,1.025640,0
2019-03-22,sh.600223,3.9300,3.9700,3.8700,3.9600,3.9400,6836474,26864092.0000,3,0.682986,1,0.507614,0
2019-03-25,sh.600223,3.9000,4.0900,3.8700,4.0200,3.9600,9371628,37638360.0000,3,0.936257,1,1.515150,0
2019-03-26,sh.600223,4.0500,4.0600,3.8800,3.9100,4.0200,7184512,28521167.0000,3,0.717756,1,-2.736316,0
2019-03-27,sh.600223,3.9400,3.9600,3.8100,3.9500,3.9100,6436501,25210946.0000,3,0.643028,1,1.023017,0
2019-03-28,sh.600223,3.9600,3.9700,3.8200,3.8300,3.9500,4952700,19252705.0000,3,0.494791,1,-3.037978,0
2019-03-29,sh.600223,3.8000,3.9100,3.7300,3.9100,3.8300,7009725,26983888.0000,3,0.700295,1,2.088777,0
2019-04-01,sh.600223,3.9300,4.0400,3.9300,4.0000,3.9100,6171687,24696548.0000,3,0.616572,1,2.301788,0
2019-04-02,sh.600223,4.0800,4.0900,4.0200,4.0500,4.0000,6932793,28104279.0000,3,0.692609,1,1.250005,0
2019-04-03,sh.600223,4.0100,4.0900,4.0100,4.0700,4.0500,7006782,28424050.0000,3,0.700001,1,0.493827,0
2019-04-04,sh.600223,4.1000,4.2500,4.0800,4.1400,4.0700,7802129,32406922.0000,3,0.779458,1,1.719894,0
2019-04-08,sh.600223,4.1800,4.2600,4.1000,4.1600,4.1400,8167509,34136634.0000,3,0.815961,1,0.483091,0
2019-04-09,sh.600223,4.1300,4.2200,4.1300,4.1800,4.1600,5606638,23376054.0000,3,0.560122,1,0.480769,0
2019-04-10,sh.600223,4.1200,4.1900,4.1200,4.1900,4.1800,5940715,24753804.0000,3,0.593497,1,0.239240,0
2019-04-11,sh.600223,4.1800,4.2400,4.1400,4.1700,4.1900,5262813,21973755.0000,3,0.525772,1,-0.477326,0
2019-04-12,sh.600223,4.1300,4.1700,4.0300,4.1000,4.1700,6381880,26101041.0000,3,0.637571,1,-1.678661,0
2019-04-15,sh.600223,4.1800,4.2000,4.0800,4.0800,4.1000,5714313,23766525.0000,3,0.570879,1,-0.487804,0
2019-04-16,sh.600223,4.0900,4.3400,4.0300,4.2300,4.0800,8772852,36722320.0000,3,0.876437,1,3.676473,0
2019-04-17,sh.600223,4.2300,4.2600,4.1500,4.2200,4.2300,7273397,30524018.0000,3,0.726636,1,-0.236412,0
2019-04-18,sh.600223,4.1700,4.2600,4.1500,4.1700,4.2200,4982623,20855023.0000,3,0.497780,1,-1.184827,0
2019-04-19,sh.600223,4.2000,4.2000,4.1000,4.1800,4.1700,3918389,16242974.0000,3,0.391460,1,0.239802,0
2019-04-22,sh.600223,4.1900,4.1900,4.0600,4.1100,4.1800,5180054,21364810.0000,3,0.517504,1,-1.674634,0
2019-04-23,sh.600223,4.0700,4.1500,4.0000,4.0700,4.1100,6775893,27584909.0000,3,0.676934,1,-0.973235,0
2019-04-24,sh.600223,4.0900,4.1000,3.9800,4.0600,4.0700,5052600,20391894.0000,3,0.504771,1,-0.245706,0
2019-04-25,sh.600223,4.0700,4.1400,3.9000,3.9000,4.0600,7884425,31856033.0000,3,0.787680,1,-3.940883,0
2019-04-26,sh.600223,3.8800,3.9500,3.8200,3.8900,3.9000,5697934,22106098.0000,3,0.569242,1,-0.256410,0
2019-04-29,sh.600223,3.8700,3.9600,3.8000,3.8600,3.8900,7933291,30845742.0000,3,0.792562,1,-0.771214,0
2019-04-30,sh.600223,3.8500,3.9700,3.8300,3.9300,3.8600,4263215,16721986.0000,3,0.425909,1,1.813476,0
2019-05-06,sh.600223,3.8600,3.8800,3.7500,3.8000,3.9300,7377280,28090610.0000,3,0.737015,1,-3.307891,0
2019-05-07,sh.600223,3.8500,3.8500,3.7100,3.7900,3.8000,5106302,19268111.0000,3,0.510136,1,-0.263158,0
2019-05-08,sh.600223,3.7400,3.8200,3.6500,3.8200,3.7900,6078035,22554836.0000,3,0.607216,1,0.791556,0
2019-05-09,sh.600223,3.7500,3.7500,3.6500,3.7100,3.8200,4726734,17440821.0000,3,0.472216,1,-2.879578,0
2019-05-10,sh.600223,3.6900,3.8000,3.6700,3.7600,3.7100,4443935,16625201.0000,3,0.443964,1,1.347708,0
2019-05-13,sh.600223,3.7000,3.7800,3.6500,3.7000,3.7600,3536757,13093173.0000,3,0.353334,1,-1.595743,0
2019-05-14,sh.600223,3.6900,3.7300,3.6500,3.7000,3.7000,3792447,13972667.0000,3,0.378878,1,0.000000,0
2019-05-15,sh.600223,3.7200,3.7500,3.6700,3.7200,3.7000,4518321,16748214.0000,3,0.451395,1,0.540540,0
2019-05-16,sh.600223,3.7200,3.7800,3.6900,3.7800,3.7200,4288262,15997085.0000,3,0.428411,1,1.612902,0
2019-05-17,sh.600223,3.7800,3.7900,3.6600,3.7000,3.7800,3594417,13397924.0000,3,0.359094,1,-2.116400,0
2019-05-20,sh.600223,3.7100,3.7100,3.5300,3.6000,3.7000,3676000,13157050.0000,3,0.367245,1,-2.702707,0
2019-05-21,sh.600223,3.5900,3.6700,3.5600,3.6400,3.6000,2114427,7656442.0000,3,0.211238,1,1.111117,0
2019-05-22,sh.600223,3.6300,3.6600,3.6100,3.6600,3.6400,1881200,6853934.0000,3,0.187938,1,0.549450,0
2019-05-23,sh.600223,3.6300,3.6600,3.5700,3.6100,3.6600,1992678,7195488.0000,3,0.199075,1,-1.366125,0
2019-05-24,sh.600223,3.6000,3.6500,3.6000,3.6200,3.6100,2779585,10082773.0000,3,0.277690,1,0.277008,0
2019-05-27,sh.600223,3.6100,3.6900,3.5200,3.6800,3.5700,3658091,13253693.0000,3,0.365455,1,3.081236,0
2019-05-28,sh.600223,3.7000,3.7700,3.6800,3.7400,3.6800,3505187,13027033.0000,3,0.350180,1,1.630433,0
2019-05-29,sh.600223,3.7400,3.7400,3.7000,3.7300,3.7400,1233356,4586991.0000,3,0.123216,1,-0.267379,0
2019-05-30,sh.600223,3.7400,3.7700,3.6900,3.7500,3.7300,2142300,7970512.0000,3,0.214023,1,0.536192,0
2019-05-31,sh.600223,3.7400,3.7700,3.6900,3.7600,3.7500,2021900,7559950.0000,3,0.201994,1,0.266666,0
2019-06-03,sh.600223,3.7600,3.7900,3.7000,3.7600,3.7600,2055415,7697431.0000,3,0.205343,1,0.000000,0
2019-06-04,sh.600223,3.7300,3.7700,3.6800,3.7200,3.7600,2273525,8457582.0000,3,0.227133,1,-1.063829,0
2019-06-05,sh.600223,3.7900,3.8500,3.7200,3.7500,3.7200,2222249,8371700.0000,3,0.222010,1,0.806451,0
2019-06-06,sh.600223,3.7300,3.7300,3.6500,3.7100,3.7500,1944825,7180355.0000,3,0.194294,1,-1.066666,0
2019-06-10,sh.600223,3.7200,3.7400,3.6900,3.7200,3.7100,2094437,7777939.0000,3,0.209241,1,0.269541,0
2019-06-11,sh.600223,3.7400,3.8200,3.7400,3.8000,3.7200,2484201,9403038.0000,3,0.248180,1,2.150536,0
2019-06-12,sh.600223,3.8200,3.8200,3.7500,3.7900,3.8000,3439900,13017611.0000,3,0.343657,1,-0.263158,0
2019-06-13,sh.600223,3.8200,3.8200,3.7700,3.8100,3.7900,2216088,8411352.0000,3,0.221394,1,0.527704,0
2019-06-14,sh.600223,3.8200,3.8300,3.7800,3.8100,3.8100,2510125,9533130.0000,3,0.250770,1,0.000000,0
2019-06-17,sh.600223,3.8100,3.8600,3.7800,3.8400,3.8100,2225331,8498633.0000,3,0.222318,1,0.787401,0
2019-06-18,sh.600223,3.8200,3.8300,3.7900,3.8300,3.8400,1328600,5065652.0000,3,0.132732,1,-0.260416,0
2019-06-19,sh.600223,3.8800,3.9300,3.8200,3.8700,3.8300,3891462,15056151.0000,3,0.388770,1,1.044385,0
2019-06-20,sh.600223,3.8500,3.9100,3.8100,3.9100,3.8700,2943438,11389817.0000,3,0.294059,1,1.033597,0
2019-06-21,sh.600223,3.9200,3.9800,3.9000,3.9600,3.9100,3658243,14471298.0000,3,0.365471,1,1.278771,0
2019-06-24,sh.600223,3.9800,4.0100,3.9600,3.9900,3.9600,3918427,15637026.0000,3,0.391464,1,0.757575,0
2019-06-25,sh.600223,3.9800,4.0200,3.9500,4.0000,3.9900,3090599,12334046.0000,3,0.308761,1,0.250626,0
2019-06-26,sh.600223,4.0000,4.0700,3.9800,4.0400,4.0000,3033839,12210913.0000,3,0.303091,1,0.999999,0
2019-06-27,sh.600223,4.0200,4.0900,4.0200,4.0700,4.0400,3132155,12746257.0000,3,0.312913,1,0.742579,0
2019-06-28,sh.600223,4.0800,4.1100,4.0300,4.0500,4.0700,3822390,15545156.0000,3,0.381869,1,-0.491400,0
2019-07-01,sh.600223,4.1000,4.1400,4.0600,4.0900,4.0500,3781716,15439684.0000,3,0.377806,1,0.987653,0
2019-07-02,sh.600223,4.0800,4.0900,4.0000,4.0700,4.0900,4765644,19285952.0000,3,0.476104,1,-0.488997,0
2019-07-03,sh.600223,4.0900,4.1100,4.0300,4.0700,4.0700,3407757,13878262.0000,3,0.340446,1,0.000000,0
2019-07-04,sh.600223,4.0700,4.0900,4.0500,4.0800,4.0700,2472101,10057467.0000,3,0.246971,1,0.245694,0
2019-07-05,sh.600223,4.0800,4.1200,4.0700,4.1200,4.0800,3142186,12864798.0000,3,0.313915,1,0.980391,0
2019-07-08,sh.600223,4.1200,4.1200,3.9100,3.9100,4.1200,5071747,20193097.0000,3,0.506684,1,-5.097083,0
2019-07-09,sh.600223,3.9300,3.9700,3.8900,3.9300,3.9100,2703920,10619037.0000,3,0.270131,1,0.511509,0
2019-07-10,sh.600223,3.9400,3.9800,3.9100,3.9400,3.9300,2953541,11651612.0000,3,0.295068,1,0.254453,0
2019-07-11,sh.600223,3.9500,3.9900,3.9400,3.9600,3.9400,1507574,5977281.0000,3,0.150612,1,0.507614,0
2019-07-12,sh.600223,3.9700,4.0100,3.8900,4.0100,3.9600,3233906,12739572.0000,3,0.323078,1,1.262631,0
2019-07-15,sh.600223,4.0000,4.0000,3.9200,3.9600,4.0100,3503353,13859607.0000,3,0.349997,1,-1.246887,0
2019-07-16,sh.600223,3.9300,3.9700,3.9300,3.9700,3.9600,1957282,7737516.0000,3,0.195539,1,0.252525,0
2019-07-17,sh.600223,3.9600,3.9900,3.9300,3.9900,3.9700,2407029,9549947.0000,3,0.240470,1,0.503778,0
2019-07-18,sh.600223,3.9700,3.9900,3.9300,3.9800,3.9900,3265538,12936091.0000,3,0.326238,1,-0.250626,0
2019-07-19,sh.600223,3.9800,3.9900,3.9400,3.9600,3.9800,2688850,10636063.0000,3,0.268625,1,-0.502512,0
2019-07-22,sh.600223,3.9500,3.9600,3.7600,3.8100,3.9600,2298200,8827100.0000,3,0.229598,1,-3.787881,0
2019-07-23,sh.600223,3.8300,3.8300,3.7600,3.7700,3.8100,1800000,6803819.0000,3,0.179826,1,-1.049868,0
2019-07-24,sh.600223,3.7900,3.8000,3.7400,3.7700,3.7700,2457600,9275414.0000,3,0.245522,1,0.000000,0
2019-07-25,sh.600223,3.7800,3.7900,3.7000,3.7600,3.7700,2040862,7623107.0000,3,0.203889,1,-0.265252,0
2019-07-26,sh.600223,3.7200,3.7700,3.7100,3.7700,3.7600,2390017,8953072.0000,3,0.238800,1,0.266000,0
2019-07-29,sh.600223,3.7600,3.7600,3.7000,3.7200,3.7700,1356370,5058259.0000,3,0.135506,1,-1.326259,0
2019-07-30,sh.600223,3.7300,3.7500,3.7000,3.7500,3.7200,1088555,4072382.0000,3,0.108800,1,0.806500,0
2019-07-31,sh.600223,3.7200,3.8000,3.7100,3.7900,3.7500,2480945,9314146.0000,3,0.247900,1,1.066700,0
2019-08-01,sh.600223,3.7600,3.7700,3.6800,3.7000,3.7900,2384000,8877010.0000,3,0.238200,1,-2.374700,0
2019-08-02,sh.600223,3.6600,3.7000,3.5700,3.6300,3.7000,2850200,10299896.0000,3,0.284700,1,-1.891900,0
2019-08-05,sh.600223,3.6200,3.6400,3.4900,3.5100,3.6300,2844700,10087210.0000,3,0.284200,1,-3.305800,0
2019-08-06,sh.600223,3.4000,3.4900,3.2600,3.3800,3.5100,4377623,14593002.0000,3,0.437300,1,-3.703700,0
2019-08-07,sh.600223,3.3800,3.4400,3.2600,3.3300,3.3800,2588801,8592822.0000,3,0.258600,1,-1.479300,0
2019-08-08,sh.600223,3.3000,3.3600,3.3000,3.3300,3.3300,1303301,4346069.0000,3,0.130200,1,0.000000,0
2019-08-09,sh.600223,3.3400,3.3600,3.2800,3.3300,3.3300,1112501,3699824.0000,3,0.111100,1,0.000000,0
2019-08-12,sh.600223,3.3300,3.3500,3.2800,3.3500,3.3300,1072814,3575158.0000,3,0.107200,1,0.600600,0
2019-08-13,sh.600223,3.3300,3.3500,3.3100,3.3500,3.3500,981300,3276175.0000,3,0.098000,1,0.000000,0
2019-08-14,sh.600223,3.3800,3.3800,3.3500,3.3700,3.3500,1254501,4224310.0000,3,0.125300,1,0.597000,0
2019-08-15,sh.600223,3.3500,3.3900,3.2700,3.3900,3.3700,1611700,5391204.0000,3,0.161000,1,0.593500,0
2019-08-16,sh.600223,3.3800,3.3900,3.3500,3.3800,3.3900,2422626,8165133.0000,3,0.242000,1,-0.295000,0
2019-08-19,sh.600223,3.4000,3.4200,3.3500,3.4000,3.3800,6370003,21557866.0000,3,0.636400,1,0.591700,0
2019-08-20,sh.600223,3.3900,3.4100,3.3500,3.3700,3.4000,2941962,9935393.0000,3,0.293900,1,-0.882400,0
2019-08-21,sh.600223,3.3600,3.3700,3.3400,3.3600,3.3700,1698788,5699622.0000,3,0.169700,1,-0.296700,0
2019-08-22,sh.600223,3.3600,3.3600,3.3100,3.3300,3.3600,1896200,6320373.0000,3,0.189400,1,-0.892900,0
2019-08-23,sh.600223,3.3400,3.3500,3.3100,3.3400,3.3300,1685725,5611955.0000,3,0.168400,1,0.300300,0
2019-08-26,sh.600223,3.2900,3.3400,3.2600,3.3400,3.3400,2991029,9846747.0000,3,0.298800,1,0.000000,0
2019-08-27,sh.600223,3.3500,3.4100,3.3400,3.3800,3.3400,2578221,8720628.0000,3,0.257600,1,1.197600,0
2019-08-28,sh.600223,3.3800,3.5300,3.3600,3.4400,3.3800,4162142,14385552.0000,3,0.415800,1,1.775100,0
2019-08-29,sh.600223,3.4400,3.4600,3.3800,3.4300,3.4400,3144423,10727259.0000,3,0.314100,1,-0.290700,0
2019-08-30,sh.600223,3.4300,3.4400,3.3700,3.4000,3.4300,2849122,9699077.0000,3,0.284600,1,-0.874600,0
2019-09-02,sh.600223,3.3700,3.4400,3.3700,3.4200,3.4000,2794336,9513913.0000,3,0.279200,1,0.588200,0
2019-09-03,sh.600223,3.4100,3.4400,3.3700,3.4400,3.4200,2733510,9307684.0000,3,0.273100,1,0.584800,0
2019-09-04,sh.600223,3.4000,3.4500,3.3900,3.4400,3.4400,2326196,7952149.0000,3,0.232400,1,0.000000,0
2019-09-05,sh.600223,3.4400,3.5100,3.4400,3.4500,3.4400,3175070,11035077.0000,3,0.317200,1,0.290700,0
2019-09-06,sh.600223,3.4700,3.4800,3.4400,3.4600,3.4500,1518343,5259568.0000,3,0.151700,1,0.289900,0
2019-09-09,sh.600223,3.4900,3.5200,3.4600,3.5100,3.4600,2789637,9727094.0000,3,0.278700,1,1.445100,0
2019-09-10,sh.600223,3.5000,3.5100,3.4500,3.4900,3.5100,2612363,9079926.0000,3,0.261000,1,-0.569800,0
2019-09-11,sh.600223,3.5000,3.5000,3.4600,3.4800,3.4900,1858968,6465284.0000,3,0.185700,1,-0.286500,0
2019-09-12,sh.600223,3.4900,3.5300,3.4700,3.5300,3.4800,2350499,8224832.0000,3,0.234800,1,1.436800,0
2019-09-16,sh.600223,3.5500,3.5500,3.4400,3.5100,3.5300,2271436,7969805.0000,3,0.226900,1,-0.566600,0
2019-09-17,sh.600223,3.4800,3.5100,3.4100,3.4500,3.5100,2592185,8934102.0000,3,0.259000,1,-1.709400,0
2019-09-18,sh.600223,3.4300,3.4800,3.4200,3.4600,3.4500,1759100,6089882.0000,3,0.175700,1,0.289900,0
2019-09-19,sh.600223,3.4700,3.4700,3.4200,3.4600,3.4600,1049300,3610763.0000,3,0.104800,1,0.000000,0
2019-09-20,sh.600223,3.4600,3.4600,3.4200,3.4500,3.4600,2152300,7398397.0000,3,0.215000,1,-0.289000,0
2019-09-23,sh.600223,3.4500,3.4500,3.3300,3.4100,3.4500,4350803,14698374.0000,3,0.434700,1,-1.159400,0
2019-09-24,sh.600223,3.4100,3.4500,3.3700,3.4300,3.4100,2309254,7906047.0000,3,0.230700,1,0.586500,0
2019-09-25,sh.600223,3.4300,3.4400,3.3400,3.4400,3.4300,3950000,13376499.0000,3,0.394600,1,0.291500,0
2019-09-26,sh.600223,3.4300,3.4400,3.3300,3.4400,3.4400,4764425,16087643.0000,3,0.476000,1,0.000000,0
2019-09-27,sh.600223,3.4100,3.5500,3.3800,3.5100,3.4400,6805350,23506298.0000,3,0.679900,1,2.034900,0
2019-09-30,sh.600223,3.5000,3.7700,3.5000,3.6300,3.5100,6588061,23789097.0000,3,0.658200,1,3.418800,0
2019-10-08,sh.600223,3.8000,3.9400,3.7300,3.8000,3.6300,9630037,36737398.0000,3,0.962100,1,4.683200,0
2019-10-09,sh.600223,3.7200,3.8600,3.7200,3.8200,3.8000,4731692,18004869.0000,3,0.472700,1,0.526300,0
2019-10-10,sh.600223,3.8500,3.8500,3.7300,3.8300,3.8200,7414614,28125521.0000,3,0.740700,1,0.261800,0
2019-10-11,sh.600223,3.8100,3.8600,3.7800,3.8500,3.8300,8000297,30574157.0000,3,0.799300,1,0.522200,0
2019-10-14,sh.600223,3.8600,3.9300,3.8600,3.8800,3.8500,4450528,17326275.0000,3,0.444600,1,0.779200,0
2019-10-15,sh.600223,3.9100,3.9200,3.8700,3.9100,3.8800,3742531,14603250.0000,3,0.373900,1,0.773200,0
2019-10-16,sh.600223,3.9100,4.3000,3.9100,4.1700,3.9100,15357252,63257822.0000,3,1.534200,1,6.649600,0
2019-10-17,sh.600223,4.1000,4.1500,4.0400,4.1300,4.1700,7944602,32535507.0000,3,0.793700,1,-0.959200,0
2019-10-18,sh.600223,4.3100,4.5400,4.3100,4.5400,4.1300,13270024,59854494.0000,3,1.325700,1,9.927400,0
2019-10-21,sh.600223,4.9900,4.9900,4.9900,4.9900,4.5400,5199734,25946673.0000,3,0.519500,1,9.911900,0
2019-10-22,sh.600223,5.4900,5.4900,5.4900,5.4900,4.9900,2716943,14916017.0000,3,0.271400,1,10.020000,0
2019-10-23,sh.600223,6.0400,6.0400,6.0400,6.0400,5.4900,2144330,12951753.0000,3,0.214200,1,10.018200,0
2019-10-24,sh.600223,6.6400,6.6400,6.6400,6.6400,6.0400,3239997,21513580.0000,3,0.323700,1,9.933800,0
2019-10-25,sh.600223,7.3000,7.3000,7.3000,7.3000,6.6400,78411931,572407096.0000,3,7.833600,1,9.939800,0
2019-10-28,sh.600223,7.3000,8.0300,7.0800,7.9400,7.3000,176316000,1338819399.0000,3,17.614500,1,8.767100,0
2019-10-29,sh.600223,7.3700,7.4700,7.1500,7.1500,7.9400,28525300,207837273.0000,3,2.849800,1,-9.949600,0
2019-10-30,sh.600223,6.4400,6.9500,6.4400,6.6200,7.1500,123507405,806881013.0000,3,12.338800,1,-7.412600,0
2019-10-31,sh.600223,6.3000,6.5500,5.9600,5.9600,6.6200,89766943,553740670.0000,3,8.968000,1,-9.969800,0
2019-11-01,sh.600223,6.0700,6.1500,5.7900,6.1500,5.9600,82677195,493955443.0000,3,8.259700,1,3.187900,0
2019-11-04,sh.600223,6.0900,6.3400,5.9700,6.2000,6.1500,94258138,579319946.0000,3,9.416700,1,0.813000,0
2019-11-05,sh.600223,6.1000,6.5000,5.9000,6.3700,6.2000,100078483,623329066.0000,3,9.998200,1,2.741900,0
2019-11-06,sh.600223,6.2300,7.0100,6.2200,6.4400,6.3700,134970587,893035985.0000,3,13.484000,1,1.098900,0
2019-11-07,sh.600223,6.1900,6.3400,5.9200,5.9800,6.4400,105278454,640891420.0000,3,10.517700,1,-7.142900,0
2019-11-08,sh.600223,5.9600,6.1400,5.8100,5.9900,5.9800,73588832,441679766.0000,3,7.351800,1,0.167200,0
2019-11-11,sh.600223,5.7100,5.7100,5.3900,5.3900,5.9900,66369554,361226825.0000,3,6.630500,1,-10.016700,0
2019-11-12,sh.600223,5.2600,5.4800,5.1700,5.4100,5.3900,55310635,296007031.0000,3,5.525700,1,0.371100,0
2019-11-13,sh.600223,5.3800,5.6300,5.3100,5.5500,5.4100,59789678,328414749.0000,3,5.973200,1,2.587800,0
2019-11-14,sh.600223,5.5300,5.6200,5.4300,5.4800,5.5500,51396646,283606431.0000,3,5.134700,1,-1.261300,0
2019-11-15,sh.600223,5.4200,5.9900,5.4200,5.6600,5.4800,88267657,501832816.0000,3,8.818200,1,3.284700,0
2019-11-18,sh.600223,5.5700,6.0000,5.2100,5.9100,5.6600,80265629,456624547.0000,3,8.018800,1,4.417000,0
2019-11-19,sh.600223,5.8200,6.0800,5.7900,5.8700,5.9100,67966419,402341114.0000,3,6.790100,1,-0.676800,0
2019-11-20,sh.600223,5.7800,6.0200,5.5400,5.6000,5.8700,71221075,413793813.0000,3,7.115200,1,-4.599700,0
2019-11-21,sh.600223,5.6100,6.1600,5.5600,6.1600,5.6000,54908881,330666370.0000,3,5.485600,1,10.000000,0
2019-11-22,sh.600223,6.4000,6.7800,5.9100,6.3400,6.1600,141645974,897177127.0000,3,14.150900,1,2.922100,0
2019-11-25,sh.600223,6.0600,6.2700,5.7100,5.7100,6.3400,77791664,459761758.0000,3,7.771600,1,-9.936900,0
2019-11-26,sh.600223,5.6400,5.8500,5.4000,5.5900,5.7100,48817935,276001541.0000,3,4.877100,1,-2.101600,0
2019-11-27,sh.600223,5.5100,5.6800,5.4600,5.5100,5.5900,46244113,257096371.0000,3,4.619900,1,-1.431100,0
2019-11-28,sh.600223,5.5000,5.6400,5.3600,5.5300,5.5100,43770953,240322390.0000,3,4.372900,1,0.363000,0
2019-11-29,sh.600223,5.4900,5.5400,5.3400,5.3800,5.5300,33966178,184392965.0000,3,3.393300,1,-2.712500,0
2019-12-02,sh.600223,5.3800,5.4300,5.2200,5.2300,5.3800,32319188,171492533.0000,3,3.228800,1,-2.788100,0
2019-12-03,sh.600223,5.2200,5.3300,5.1900,5.2800,5.2300,26257871,138013108.0000,3,2.623200,1,0.956000,0
2019-12-04,sh.600223,5.2400,5.4700,5.1800,5.3900,5.2800,36863479,196948451.0000,3,3.682800,1,2.083300,0
2019-12-05,sh.600223,5.3800,5.4500,5.2900,5.4000,5.3900,32945611,177144904.0000,3,3.291400,1,0.185500,0
2019-12-06,sh.600223,5.4100,5.6400,5.3200,5.5500,5.4000,51115108,280388288.0000,3,5.106600,1,2.777800,0
2019-12-09,sh.600223,5.5600,5.8500,5.4800,5.7500,5.5500,59339547,335156264.0000,3,5.928200,1,3.603600,0
2019-12-10,sh.600223,5.6800,5.7900,5.6300,5.6900,5.7500,41840956,238151937.0000,3,4.180000,1,-1.043500,0
2019-12-11,sh.600223,5.7200,6.0800,5.5700,5.9100,5.6900,69365939,403140226.0000,3,6.929900,1,3.866400,0
2019-12-12,sh.600223,5.8900,6.0300,5.7000,5.7400,5.9100,55909479,329315413.0000,3,5.585500,1,-2.876500,0
2019-12-13,sh.600223,5.7700,5.9400,5.6000,5.7400,5.7400,44002587,253595078.0000,3,4.396000,1,0.000000,0
2019-12-16,sh.600223,5.7200,5.9600,5.6800,5.8700,5.7400,41554144,242553467.0000,3,4.151400,1,2.264800,0
2019-12-17,sh.600223,5.8500,6.1200,5.8500,5.9000,5.8700,64832114,387487157.0000,3,6.476900,1,0.511100,0
2019-12-18,sh.600223,5.9500,6.3900,5.8300,6.2400,5.9000,83958532,510431478.0000,3,8.387700,1,5.762700,0
2019-12-19,sh.600223,6.1700,6.2200,6.0000,6.0700,6.2400,59517323,362763187.0000,3,5.946000,1,-2.724400,0
2019-12-20,sh.600223,6.6800,6.6800,6.6800,6.6800,6.0700,9457483,63175986.0000,3,0.944800,1,10.049400,0
2019-12-23,sh.600223,7.0000,7.3500,6.7100,6.7200,6.6800,144713069,1020477190.0000,3,14.457300,1,0.598800,0
2019-12-24,sh.600223,6.5100,6.6600,6.1000,6.3400,6.7200,82709447,526861164.0000,3,8.262900,1,-5.654800,0
2019-12-25,sh.600223,6.2300,6.3800,6.1400,6.2100,6.3400,49614948,309758417.0000,3,4.956700,1,-2.050500,0
2019-12-26,sh.600223,6.2400,6.8300,6.2000,6.8300,6.2100,110302201,737169480.0000,3,11.019600,1,9.983900,0
2019-12-27,sh.600223,6.8200,7.4800,6.7700,6.9600,6.8300,119356266,848655258.0000,3,11.924100,1,1.903400,0
2019-12-30,sh.600223,7.2000,7.6600,7.2000,7.6600,6.9600,50432211,380374940.0000,3,5.038300,1,10.057500,0
2019-12-31,sh.600223,8.2400,8.4300,8.1400,8.4300,7.6600,35001028,292627300.0000,3,3.496700,1,10.052200,0
2020-01-02,sh.600223,9.2700,9.2700,9.2700,9.2700,8.4300,2275260,21091660.0000,3,0.227300,1,9.964400,0
2020-01-03,sh.600223,10.2000,10.2000,8.7700,9.5600,9.2700,161575863,1565613815.0000,3,16.142000,1,3.128400,0
2020-01-06,sh.600223,9.0800,10.5200,8.6000,10.5200,9.5600,146073089,1355173529.0000,3,14.593200,1,10.041800,0
2020-01-07,sh.600223,10.6600,11.5700,10.3000,10.3700,10.5200,160311993,1805436354.0000,3,16.015700,1,-1.425900,0
2020-01-08,sh.600223,9.7000,10.1300,9.3300,9.3300,10.3700,140018015,1350256916.0000,3,13.988300,1,-10.028900,0
2020-01-09,sh.600223,9.5000,9.7500,9.1600,9.5900,9.3300,103759206,986239617.0000,3,10.365900,1,2.786700,0
2020-01-10,sh.600223,9.6600,10.4700,9.2100,9.8800,9.5900,110841753,1090692928.0000,3,11.073500,1,3.024000,0
2020-01-13,sh.600223,9.8600,10.8700,9.8600,10.8700,9.8800,111991412,1179109848.0000,3,11.188300,1,10.020200,0
2020-01-14,sh.600223,10.7000,11.6900,10.2300,10.4500,10.8700,127123114,1398359923.0000,3,12.700000,1,-3.863800,0
2020-01-15,sh.600223,10.3500,10.5800,9.8600,10.1200,10.4500,71220663,724984997.0000,3,7.115200,1,-3.157900,0
2020-01-16,sh.600223,10.1500,10.8000,9.9500,10.6800,10.1200,73618202,767612076.0000,3,7.354700,1,5.533600,0
2020-01-17,sh.600223,10.7800,11.4300,10.4000,10.6300,10.6800,94297161,1032036793.0000,3,9.420600,1,-0.468200,0
2020-01-20,sh.600223,10.2600,10.6700,9.9500,10.4800,10.6300,64337615,664516113.0000,3,6.427500,1,-1.411100,0
2020-01-21,sh.600223,10.5400,11.1300,10.3700,10.7600,10.4800,61347464,660074077.0000,3,6.128800,1,2.671800,0
2020-01-22,sh.600223,10.4000,11.6500,10.3200,11.2400,10.7600,84684290,945710428.0000,3,8.460200,1,4.461000,0
2020-01-23,sh.600223,11.2000,11.2000,10.1200,10.1200,11.2400,77946590,821843761.0000,3,7.787100,1,-9.964400,0
2020-02-03,sh.600223,9.1100,9.1100,9.1100,9.1100,10.1200,1217200,11088692.0000,3,0.121600,1,-9.980200,0
2020-02-04,sh.600223,8.2000,9.0900,8.2000,8.5900,9.1100,78643723,667246312.0000,3,7.856800,1,-5.708000,0
2020-02-05,sh.600223,8.4500,9.1800,8.4200,8.8500,8.5900,61832533,545937568.0000,3,6.177300,1,3.026800,0
2020-02-06,sh.600223,8.8600,9.7200,8.6700,9.7000,8.8500,77641828,707072086.0000,3,7.756700,1,9.604500,0
2020-02-07,sh.600223,9.4500,9.7500,9.0700,9.2400,9.7000,64145289,600869962.0000,3,6.408300,1,-4.742300,0
2020-02-10,sh.600223,9.3700,9.5300,9.1900,9.3100,9.2400,39099020,365264904.0000,3,3.906100,1,0.757600,0
2020-02-11,sh.600223,9.2100,9.3200,8.6700,9.0000,9.3100,45493958,406321825.0000,3,4.545000,1,-3.329800,0
2020-02-12,sh.600223,9.0100,9.2300,8.8000,9.1600,9.0000,37934907,343581734.0000,3,3.789800,1,1.777800,0
2020-02-13,sh.600223,9.0800,9.3000,8.8000,8.8000,9.1600,40020401,361011365.0000,3,3.998200,1,-3.930100,0
2020-02-14,sh.600223,8.9500,8.9500,8.5300,8.6900,8.8000,35528770,311266010.0000,3,3.549400,1,-1.250000,0
2020-02-17,sh.600223,8.7300,9.0600,8.6500,9.0400,8.6900,43674721,388621274.0000,3,4.363200,1,4.027600,0
2020-02-18,sh.600223,9.1000,9.2700,8.8900,9.0100,9.0400,42315456,383340247.0000,3,4.227500,1,-0.331900,0
2020-02-19,sh.600223,9.0000,9.3800,8.8900,9.1900,9.0100,55346698,505292536.0000,3,5.529300,1,1.997800,0
2020-02-20,sh.600223,9.0900,9.1600,8.7300,8.9800,9.1900,43940834,393609099.0000,3,4.389800,1,-2.285100,0
2020-02-21,sh.600223,8.9600,9.1600,8.8000,8.9900,8.9800,46435163,415569139.0000,3,4.639000,1,0.111400,0
2020-02-24,sh.600223,8.8900,9.2500,8.7500,9.1100,8.9900,50498993,455977203.0000,3,5.045000,1,1.334800,0
2020-02-25,sh.600223,8.9000,8.9700,8.2000,8.3800,9.1100,76967552,654237316.0000,3,7.689300,1,-8.013200,0
2020-02-26,sh.600223,8.3000,8.5300,8.0900,8.1300,8.3800,44036479,364373816.0000,3,4.399400,1,-2.983300,0
2020-02-27,sh.600223,8.0700,8.1900,7.9300,7.9800,8.1300,33362278,269269281.0000,3,3.333000,1,-1.845000,0
2020-02-28,sh.600223,7.6900,8.1700,7.6900,7.7100,7.9800,33978659,268466542.0000,3,3.394600,1,-3.383500,0
2020-03-02,sh.600223,7.5900,7.9500,7.5900,7.8800,7.7100,22728887,178452577.0000,3,2.270700,1,2.204900,0
2020-03-03,sh.600223,7.9700,8.3600,7.9000,8.1500,7.8800,38220094,311189486.0000,3,3.818300,1,3.426400,0
2020-03-04,sh.600223,8.0500,8.9700,8.0500,8.9700,8.1500,62119471,537566737.0000,3,6.205900,1,10.061400,0
2020-03-05,sh.600223,9.1000,9.8600,9.0600,9.5400,8.9700,107393072,1019788806.0000,3,10.728900,1,6.354500,0
2020-03-06,sh.600223,9.1100,9.2500,8.8500,8.9100,9.5400,68636282,620246348.0000,3,6.857000,1,-6.603800,0
2020-03-09,sh.600223,8.5900,8.5900,8.1300,8.1400,8.9100,51728295,434796656.0000,3,5.167800,1,-8.642000,0
2020-03-10,sh.600223,7.9000,8.3800,7.9000,8.3500,8.1400,33283793,272229169.0000,3,3.325200,1,2.579900,0
2020-03-11,sh.600223,8.4700,8.4800,7.9500,8.0000,8.3500,31401568,256547111.0000,3,3.137100,1,-4.191600,0
2020-03-12,sh.600223,7.8000,7.9100,7.6100,7.6600,8.0000,24134704,187062722.0000,3,2.411100,1,-4.250000,0
2020-03-13,sh.600223,7.0000,7.5100,7.0000,7.3300,7.6600,26325246,190956817.0000,3,2.630000,1,-4.308100,0
2020-03-16,sh.600223,7.5100,7.5700,6.8200,6.8400,7.3300,28221149,202722069.0000,3,2.819400,1,-6.684900,0
2020-03-17,sh.600223,6.8200,7.1400,6.4000,7.0200,6.8400,30788211,210611127.0000,3,3.075800,1,2.631600,0
2020-03-18,sh.600223,7.1600,7.2800,6.8300,6.8300,7.0200,24767876,175141611.0000,3,2.474400,1,-2.706600,0
2020-03-19,sh.600223,6.8300,6.9600,6.6400,6.9000,6.8300,19701053,134055577.0000,3,1.968200,1,1.024900,0
2020-03-20,sh.600223,7.0300,7.0700,6.7200,6.9600,6.9000,20735253,142876035.0000,3,2.071500,1,0.869600,0
2020-03-23,sh.600223,6.7000,6.7400,6.3500,6.3800,6.9600,20308079,133467862.0000,3,2.028800,1,-8.333300,0
2020-03-24,sh.600223,6.5500,6.6800,6.3200,6.5900,6.3800,18594147,121125265.0000,3,1.857600,1,3.291500,0
2020-03-25,sh.600223,6.7600,7.2500,6.7000,7.2500,6.5900,39082618,274360854.0000,3,3.904500,1,10.015200,0
2020-03-26,sh.600223,7.1800,7.1800,6.8000,6.8400,7.2500,31570980,219978199.0000,3,3.154000,1,-5.655200,0
2020-03-27,sh.600223,7.0200,7.5200,6.9800,7.2500,6.8400,63617748,470249317.0000,3,6.355600,1,5.994100,0
2020-03-30,sh.600223,6.9800,7.0500,6.6400,6.9400,7.2500,45078162,310080962.0000,3,4.503500,1,-4.275900,0
2020-03-31,sh.600223,7.0500,7.0500,6.7000,6.7000,6.9400,27343395,186996764.0000,3,2.731700,1,-3.458200,0
2020-04-01,sh.600223,6.6100,6.8400,6.6100,6.7100,6.7000,16517716,111496237.0000,3,1.650200,1,0.149300,0
2020-04-02,sh.600223,6.6300,6.8700,6.6000,6.8600,6.7100,17998739,121297030.0000,3,1.798100,1,2.235500,0
2020-04-03,sh.600223,6.8200,6.9300,6.7100,6.7800,6.8600,14739844,100283362.0000,3,1.472600,1,-1.166200,0
2020-04-07,sh.600223,6.9100,7.2000,6.8500,7.1200,6.7800,28733128,202549183.0000,3,2.870500,1,5.014700,0
2020-04-08,sh.600223,7.0900,7.5200,7.0300,7.2900,7.1200,35151317,256760742.0000,3,3.511700,1,2.387600,0
2020-04-09,sh.600223,7.3000,7.4400,7.0700,7.2100,7.2900,28089535,204009000.0000,3,2.806200,1,-1.097400,0
2020-04-10,sh.600223,7.2300,7.3900,6.9500,7.0200,7.2100,24743140,176575324.0000,3,2.471900,1,-2.635200,0
2020-04-13,sh.600223,6.9100,6.9400,6.7200,6.7600,7.0200,15570566,106078033.0000,3,1.555600,1,-3.703700,0
2020-04-14,sh.600223,6.8000,6.8600,6.7500,6.8500,6.7600,14233654,96881227.0000,3,1.422000,1,1.331400,0
2020-04-15,sh.600223,6.8400,6.8600,6.6800,6.6900,6.8500,15103005,102068396.0000,3,1.508800,1,-2.335800,0
2020-04-16,sh.600223,6.6500,6.7800,6.5700,6.7400,6.6900,12112401,81018206.0000,3,1.210100,1,0.747400,0
2020-04-17,sh.600223,6.7800,6.8600,6.6700,6.6800,6.7400,13660900,92403726.0000,3,1.364800,1,-0.890200,0
2020-04-20,sh.600223,6.6500,6.8500,6.5900,6.7700,6.6800,15574156,104388141.0000,3,1.555900,1,1.347300,0
2020-04-21,sh.600223,6.7600,6.7600,6.5200,6.5700,6.7700,14678629,96830737.0000,3,1.466400,1,-2.954200,0
2020-04-22,sh.600223,6.4800,6.9800,6.4500,6.8400,6.5700,26720473,180899292.0000,3,2.669500,1,4.109600,0
2020-04-23,sh.600223,6.8400,7.3800,6.7600,7.1000,6.8400,43253569,305439965.0000,3,4.321200,1,3.801200,0
2020-04-24,sh.600223,7.1100,7.3300,6.9100,7.0500,7.1000,27119564,192008692.0000,3,2.709300,1,-0.704200,0
2020-04-27,sh.600223,7.0100,7.3100,7.0100,7.0900,7.0500,20824039,149109869.0000,3,2.080400,1,0.567400,0
2020-04-28,sh.600223,6.9900,7.2700,6.6000,7.1800,7.0900,28161297,197256195.0000,3,2.813400,1,1.269400,0
2020-04-29,sh.600223,7.1500,7.2500,6.9400,6.9900,7.1800,19782000,140939668.0000,3,1.976300,1,-2.646200,0
2020-04-30,sh.600223,7.1600,7.2500,7.0200,7.1500,6.9900,24169611,172677596.0000,3,2.414600,1,2.289000,0
2020-05-06,sh.600223,7.0800,7.2600,7.0700,7.2100,7.1500,19946950,142827920.0000,3,1.992800,1,0.839200,0
2020-05-07,sh.600223,7.2100,7.9300,7.1400,7.9300,7.2100,52484526,392486026.0000,3,5.243400,1,9.986100,0
2020-05-08,sh.600223,7.9500,8.4900,7.8800,8.0800,7.9300,60469877,489045991.0000,3,6.041100,1,1.891600,0
2020-05-11,sh.600223,8.0000,8.2500,7.7800,8.1100,8.0800,49125400,393131538.0000,3,4.907800,1,0.371300,0
2020-05-12,sh.600223,8.0900,8.4800,7.9900,8.3300,8.1100,48321583,400508237.0000,3,4.827500,1,2.712700,0
2020-05-13,sh.600223,8.2300,8.8500,8.2300,8.5500,8.3300,50686489,434194763.0000,3,5.063700,1,2.641100,0
2020-05-14,sh.600223,8.4000,8.5800,8.1900,8.4500,8.5500,42066031,352450278.0000,3,4.202500,1,-1.169600,0
2020-05-15,sh.600223,8.4400,8.8000,8.4000,8.4600,8.4500,37053183,316726056.0000,3,3.701700,1,0.118300,0
2020-05-18,sh.600223,8.3500,8.4500,7.9800,8.0600,8.4600,32054200,262456751.0000,3,3.202300,1,-4.728100,0
2020-05-19,sh.600223,8.1500,8.2400,7.9500,8.1600,8.0600,24037258,195179046.0000,3,2.401400,1,1.240700,0
2020-05-20,sh.600223,8.1500,8.1700,7.7800,7.8100,8.1600,26627195,211680855.0000,3,2.660100,1,-4.289200,0
2020-05-21,sh.600223,7.9000,7.9600,7.5900,7.6300,7.8100,18754829,145706941.0000,3,1.873700,1,-2.304700,0
2020-05-22,sh.600223,7.6300,7.6800,7.2800,7.3400,7.6300,15350812,114507082.0000,3,1.533600,1,-3.800800,0
2020-05-25,sh.600223,7.8000,7.9400,7.3500,7.4400,7.3400,15977529,119776702.0000,3,1.596200,1,1.362400,0
2020-05-26,sh.600223,7.4400,7.9600,7.3900,7.8900,7.4400,25526272,198419839.0000,3,2.550200,1,6.048400,0
2020-05-27,sh.600223,7.7900,8.0600,7.7000,7.7200,7.8900,20199600,158919664.0000,3,2.018000,1,-2.154600,0
2020-05-28,sh.600223,7.7200,8.3500,7.6300,8.2700,7.7200,43862739,355620076.0000,3,4.382000,1,7.124400,0
2020-05-29,sh.600223,8.2500,8.4800,8.1200,8.2800,8.2700,32603129,269837686.0000,3,3.257200,1,0.120900,0
2020-06-01,sh.600223,8.3000,8.5400,8.2400,8.3900,8.2800,36507567,305662276.0000,3,3.647200,1,1.328500,0
2020-06-02,sh.600223,8.3500,8.3600,8.0300,8.0700,8.3900,29630535,242227422.0000,3,2.960200,1,-3.814100,0
2020-06-03,sh.600223,8.0800,8.1600,7.9300,8.0800,8.0700,18737516,151116159.0000,3,1.871900,1,0.123900,0
2020-06-04,sh.600223,8.1000,8.3900,8.0500,8.2700,8.0800,26059000,215533692.0000,3,2.603400,1,2.351500,0
2020-06-05,sh.600223,8.2900,8.3200,7.8500,7.8600,8.2700,31831461,255496004.0000,3,3.180100,1,-4.957700,0
2020-06-08,sh.600223,7.9500,8.0000,7.8000,7.9300,7.8600,14985712,118238026.0000,3,1.497100,1,0.890600,0
2020-06-09,sh.600223,7.9300,7.9800,7.8200,7.8900,7.9300,10555300,83177751.0000,3,1.054500,1,-0.504400,0
2020-06-10,sh.600223,7.9300,8.0100,7.8500,7.8600,7.8900,10011533,79254074.0000,3,1.000200,1,-0.380200,0
2020-06-11,sh.600223,7.8800,7.8800,7.6400,7.7100,7.8600,17314844,133811287.0000,3,1.729800,1,-1.908400,0
2020-06-12,sh.600223,7.5200,7.8100,7.5200,7.6200,7.7100,13708042,104820271.0000,3,1.369500,1,-1.167300,0
2020-06-15,sh.600223,7.6700,7.7300,7.5500,7.5800,7.6200,10382831,79325167.0000,3,1.037300,1,-0.524900,0
2020-06-16,sh.600223,7.6700,8.1800,7.6400,8.0800,7.5800,31513875,250297264.0000,3,3.148300,1,6.596300,0
2020-06-17,sh.600223,8.0200,8.3200,7.9800,8.2000,8.0800,33681061,274886583.0000,3,3.364800,1,1.485100,0
2020-06-18,sh.600223,8.2000,8.2700,8.0300,8.1000,8.2000,18923398,154249185.0000,3,1.890500,1,-1.219500,0
2020-06-19,sh.600223,8.0900,8.1900,8.0500,8.0900,8.1000,14708758,119168398.0000,3,1.469500,1,-0.123500,0
2020-06-22,sh.600223,8.1300,8.3200,8.0600,8.1500,8.0900,19242319,157596601.0000,3,1.922400,1,0.741600,0
2020-06-23,sh.600223,8.2000,8.6000,8.1300,8.1800,8.1500,28852691,240382148.0000,3,2.882500,1,0.368100,0
2020-06-24,sh.600223,8.2000,9.0000,8.0700,8.7400,8.1800,74657245,641802398.0000,3,7.458500,1,6.846000,0
2020-06-29,sh.600223,8.8800,9.5900,8.8000,9.1800,8.7400,72227884,663100702.0000,3,7.215800,1,5.034300,0
2020-06-30,sh.600223,9.3300,9.8500,9.0300,9.6000,9.1800,56703902,538040702.0000,3,5.664900,1,4.575200,0
2020-07-01,sh.600223,9.6000,9.6600,9.2400,9.3600,9.6000,45373787,425519554.0000,3,4.533000,1,-2.500000,0
2020-07-02,sh.600223,9.5000,10.1500,9.4000,9.8700,9.3600,63799793,620569768.0000,3,6.373800,1,5.448700,0
2020-07-03,sh.600223,9.9500,10.8600,9.9500,10.8600,9.8700,87701774,938731207.0000,3,8.761700,1,10.030400,0
2020-07-06,sh.600223,11.0000,11.7000,10.8600,11.3800,10.8600,89752144,1013534561.0000,3,8.966500,1,4.788200,0
2020-07-07,sh.600223,11.0600,12.4500,10.9000,12.1200,11.3800,82951999,967338260.0000,3,8.287200,1,6.502600,0
2020-07-08,sh.600223,12.2900,12.8400,11.9000,12.3400,12.1200,59341886,730775995.0000,3,5.928400,1,1.815200,0
2020-07-09,sh.600223,12.3700,13.5700,12.2500,13.5700,12.3400,67697186,889396023.0000,3,6.763200,1,9.967600,0
2020-07-10,sh.600223,13.9900,14.2800,12.8700,13.4900,13.5700,71615187,959997855.0000,3,7.154600,1,-0.589500,0
2020-07-13,sh.600223,13.6000,14.1500,12.9300,13.8400,13.3800,47494394,643602853.0000,3,4.744800,1,3.438000,0
2020-07-14,sh.600223,13.6000,13.8000,12.4800,12.6600,13.8400,56259744,732909984.0000,3,5.620500,1,-8.526000,0
2020-07-15,sh.600223,12.8500,12.9900,12.0300,12.0900,12.6600,57520172,724253931.0000,3,5.746500,1,-4.502400,0
2020-07-16,sh.600223,12.0300,12.7300,11.7400,11.8200,12.0900,49297146,603233989.0000,3,4.924900,1,-2.233300,0
2020-07-17,sh.600223,12.1100,12.4100,11.6000,11.9200,11.8200,39223115,471665418.0000,3,3.918500,1,0.846000,0
2020-07-20,sh.600223,12.0900,12.8700,12.0100,12.7200,11.9200,43754155,549439341.0000,3,4.371200,1,6.711400,0
2020-07-21,sh.600223,12.6200,12.7500,12.0800,12.4000,12.7200,37717654,465780391.8500,3,3.768100,1,-2.515700,0
2020-07-22,sh.600223,12.3000,13.5000,12.0600,13.3600,12.4000,58152520,759014123.6600,3,5.809600,1,7.741900,0
2020-07-23,sh.600223,13.1000,14.5000,13.0500,14.3900,13.3600,70556031,967241834.7500,3,7.048800,1,7.709600,0
2020-07-24,sh.600223,14.2400,14.3400,13.2000,13.5500,14.3900,50085097,683679555.1200,3,5.003700,1,-5.837400,0
2020-07-27,sh.600223,13.3000,13.7600,12.8800,13.5000,13.5500,33052483,442171464.1500,3,3.302100,1,-0.369000,0
2020-07-28,sh.600223,13.3200,14.5200,13.1600,14.4200,13.5000,41490821,581185507.8300,3,4.145100,1,6.814800,0
2020-07-29,sh.600223,14.3900,15.5000,14.2400,15.2000,14.4200,43052231,651135814.4900,3,4.301100,1,5.409200,0
2020-07-30,sh.600223,15.2000,15.2600,14.6500,14.7500,15.2000,34078455,507212756.3100,3,3.404500,1,-2.960500,0
2020-07-31,sh.600223,14.6500,15.6200,14.6100,15.6000,14.7500,36946434,564722011.2100,3,3.691100,1,5.762700,0
2020-08-03,sh.600223,15.6600,15.9000,15.1300,15.8200,15.6000,40338121,622312195.1900,3,4.029900,1,1.410300,0
2020-08-04,sh.600223,15.7800,15.7800,14.2400,14.2400,15.8200,47138053,703353309.3500,3,4.709200,1,-9.987400,0
2020-08-05,sh.600223,14.0000,14.4700,13.6900,14.3200,14.2400,28944569,410555523.8500,3,2.891700,1,0.561800,0
2020-08-06,sh.600223,14.4000,14.9300,14.1000,14.3400,14.3200,26835074,390093123.4600,3,2.680900,1,0.139700,0
2020-08-07,sh.600223,14.1600,14.4000,12.9100,13.3200,14.3400,43490588,585223034.5100,3,4.344900,1,-7.113000,0
2020-08-10,sh.600223,13.4800,13.5000,12.8100,13.0900,13.3200,23669811,309413494.8600,3,2.364700,1,-1.726700,0
2020-08-11,sh.600223,13.2400,13.4500,13.0000,13.0000,13.0900,21534589,285236424.7600,3,2.151400,1,-0.687500,0
2020-08-12,sh.600223,13.0900,13.1900,12.2800,12.6900,13.0000,23797735,301667974.8100,3,2.377500,1,-2.384600,0
2020-08-13,sh.600223,12.8400,12.9300,12.5000,12.6500,12.6900,12354494,156716696.4000,3,1.234300,1,-0.315200,0
2020-08-14,sh.600223,12.7900,12.9200,12.5000,12.8300,12.6500,12681666,161614224.4700,3,1.266900,1,1.422900,0
2020-08-17,sh.600223,12.8400,13.1700,12.7600,13.0100,12.8300,16767056,217681006.7800,3,1.675100,1,1.403000,0
2020-08-18,sh.600223,13.0100,13.0500,12.8000,12.8800,13.0100,12017673,154867498.2400,3,1.200600,1,-0.999200,0
2020-08-19,sh.600223,12.7100,12.7900,12.0400,12.2300,12.8800,22118234,273787205.1400,3,2.209700,1,-5.046600,0
2020-08-20,sh.600223,12.2500,12.2900,11.8600,11.9200,12.2300,13925687,167364484.9200,3,1.391200,1,-2.534800,0
2020-08-21,sh.600223,12.0800,12.5900,11.9400,12.0600,11.9200,16608960,202809416.3100,3,1.659300,1,1.174500,0
2020-08-24,sh.600223,12.0600,12.7600,11.8800,12.5900,12.0600,20360476,252137254.3800,3,2.034100,1,4.394700,0
2020-08-25,sh.600223,12.5100,12.5800,12.2600,12.4500,12.5900,10830015,133954576.4600,3,1.082000,1,-1.112000,0
2020-08-26,sh.600223,12.6300,13.1000,12.4000,12.4600,12.4500,21521321,273317761.2300,3,2.150100,1,0.080300,0
2020-08-27,sh.600223,12.5100,12.5300,11.6000,11.7200,12.4600,25751262,305677653.1400,3,2.572600,1,-5.939000,0
2020-08-28,sh.600223,11.7000,11.8300,11.1700,11.3800,11.7200,28035443,319091137.4200,3,2.800800,1,-2.901000,0
2020-08-31,sh.600223,11.4900,12.1700,11.4900,11.6700,11.3800,28993773,345535803.5200,3,2.896600,1,2.548300,0
2020-09-01,sh.600223,11.7400,11.8300,11.5100,11.5900,11.6700,12978818,150853404.1900,3,1.296600,1,-0.685500,0
2020-09-02,sh.600223,11.5400,12.5600,11.3500,12.2800,11.5900,33425538,401475962.4100,3,3.339300,1,5.953400,0
2020-09-03,sh.600223,12.2300,12.3300,11.4400,11.4500,12.2800,29908792,352986362.0800,3,2.988000,1,-6.759000,0
2020-09-04,sh.600223,11.1500,11.4000,10.8000,11.0800,11.4500,26497117,292815835.6300,3,2.647100,1,-3.231400,0
2020-09-07,sh.600223,11.0800,11.1600,10.3000,10.3700,11.0800,30040768,320125286.6100,3,3.001200,1,-6.407900,0
2020-09-08,sh.600223,10.4000,10.4700,10.0800,10.2600,10.3700,22277133,228921982.0800,3,2.225600,1,-1.060800,0
2020-09-09,sh.600223,10.1400,10.2200,9.7600,9.9500,10.2600,16179161,161878225.3600,3,1.616400,1,-3.021400,0
2020-09-10,sh.600223,10.1200,10.2400,9.6600,9.7100,9.9500,19089520,189640742.1900,3,1.907100,1,-2.412100,0
2020-09-11,sh.600223,9.7200,10.2800,9.6500,10.1600,9.7100,22494406,226092811.9600,3,2.247300,1,4.634400,0
2020-09-14,sh.600223,10.2500,10.2500,9.8500,10.0100,10.1600,17123360,171653945.7800,3,1.710700,1,-1.476400,0
2020-09-15,sh.600223,10.0700,10.1700,9.8900,10.1300,10.0100,11116126,111434557.6900,3,1.110500,1,1.198800,0
2020-09-16,sh.600223,10.0600,10.2300,9.8000,9.9700,10.1300,13349917,133480285.2200,3,1.333700,1,-1.579500,0
2020-09-17,sh.600223,10.0100,10.1900,9.8800,10.0200,9.9700,12158836,121824318.5700,3,1.214700,1,0.501500,0
2020-09-18,sh.600223,10.0000,10.5500,9.9100,10.4700,10.0200,26952627,278603855.8900,3,2.692700,1,4.491000,0
2020-09-21,sh.600223,10.5000,10.5500,10.2600,10.3300,10.4700,15283470,158159359.5000,3,1.526900,1,-1.337200,0
2020-09-22,sh.600223,10.2300,10.4300,10.0000,10.1100,10.3300,11574289,118234800.8700,3,1.156300,1,-2.129700,0
2020-09-23,sh.600223,10.1500,10.3500,10.0000,10.2200,10.1100,11202262,114354521.8600,3,1.119100,1,1.088000,0
2020-09-24,sh.600223,10.2900,10.3900,9.9700,9.9900,10.2200,12720485,129462381.4100,3,1.270800,1,-2.250500,0
2020-09-25,sh.600223,10.0100,10.1600,9.7500,9.9800,9.9900,13438394,133594991.2000,3,1.342500,1,-0.100100,0
2020-09-28,sh.600223,9.9700,10.0500,9.7000,9.7900,9.9800,11955632,117948521.7800,3,1.194400,1,-1.903800,0
2020-09-29,sh.600223,9.8600,10.1500,9.7300,9.7400,9.7900,14132693,139396560.3400,3,1.411900,1,-0.510700,0
2020-09-30,sh.600223,9.7200,9.7900,9.5500,9.6600,9.7400,10738067,103728894.6000,3,1.072800,1,-0.821400,0
2020-10-09,sh.600223,9.7900,10.2800,9.7900,10.2200,9.6600,20427691,206375105.1700,3,2.040800,1,5.797100,0
2020-10-12,sh.600223,10.2500,10.5100,10.1500,10.4600,10.2200,21000184,217704050.4300,3,2.098000,1,2.348300,0
2020-10-13,sh.600223,10.3600,10.5400,10.0700,10.4400,10.4600,21719674,223655735.7100,3,2.169900,1,-0.191200,0
2020-10-14,sh.600223,10.4400,10.8300,10.4200,10.5500,10.4400,28748619,305808139.2900,3,2.872100,1,1.053600,0
2020-10-15,sh.600223,10.5600,10.5800,10.2000,10.2400,10.5500,16931178,174989362.0200,3,1.691500,1,-2.938400,0
2020-10-16,sh.600223,10.2100,11.1600,10.2100,10.8500,10.2400,38310390,414907613.2300,3,3.827300,1,5.957000,0
2020-10-19,sh.600223,10.9700,11.2400,10.7100,10.7600,10.8500,27365136,300525176.3700,3,2.733900,1,-0.829500,0
2020-10-20,sh.600223,10.9200,10.9200,10.5000,10.6600,10.7600,14449880,153702860.0600,3,1.443600,1,-0.929400,0
2020-10-21,sh.600223,10.6700,10.8500,10.5400,10.7000,10.6600,16652244,177986517.4200,3,1.663600,1,0.375200,0
2020-10-22,sh.600223,10.6600,10.6700,10.4000,10.5000,10.7000,11439379,120168870.1200,3,1.142800,1,-1.869200,0
2020-10-23,sh.600223,10.4500,10.6300,10.0500,10.1200,10.5000,14484750,149372064.1200,3,1.447100,1,-3.619000,0
2020-10-26,sh.600223,10.0000,10.1600,9.7000,9.8000,10.1200,18281426,180337952.0200,3,1.826400,1,-3.162100,0
2020-10-27,sh.600223,9.9300,10.2700,9.8500,10.0300,9.8000,19708200,197929561.1800,3,1.968900,1,2.346900,0
2020-10-28,sh.600223,10.0000,10.4100,10.0000,10.3300,10.0300,19128525,196531379.6500,3,1.911000,1,2.991000,0
2020-10-29,sh.600223,10.2000,10.9300,10.1000,10.8400,10.3300,23978858,253776880.3100,3,2.395600,1,4.937100,0
2020-10-30,sh.600223,10.7200,11.0400,10.3800,10.3900,10.8400,26436360,282417986.1800,3,2.641100,1,-4.151300,0
2020-11-02,sh.600223,10.5000,10.7700,10.3600,10.5200,10.3900,21197331,223457053.6200,3,2.117700,1,1.251200,0
2020-11-03,sh.600223,10.5600,10.9400,10.4300,10.8200,10.5200,22561473,243311330.9400,3,2.254000,1,2.851700,0
2020-11-04,sh.600223,10.8100,11.9000,10.7000,11.5500,10.8200,53049918,604024698.5600,3,5.299900,1,6.746800,0
2020-11-05,sh.600223,11.7700,12.4000,11.6000,12.2000,11.5500,55838255,672999594.1800,3,5.578400,1,5.627700,0
2020-11-06,sh.600223,12.1000,12.1000,11.4700,11.7900,12.2000,38926188,455979296.5900,3,3.888900,1,-3.360700,0
2020-11-09,sh.600223,11.7800,12.0600,11.6600,11.7700,11.7900,34006376,402935596.5300,3,3.397300,1,-0.169600,0
2020-11-10,sh.600223,11.7700,12.0600,11.2500,11.3700,11.7700,30291744,350299765.8100,3,3.026200,1,-3.398500,0
2020-11-11,sh.600223,11.3000,11.7200,11.2400,11.3400,11.3700,20711382,237222670.5300,3,2.069100,1,-0.263900,0
2020-11-12,sh.600223,11.3100,11.4600,11.1500,11.4400,11.3400,15445792,174609289.3600,3,1.543100,1,0.881800,0
2020-11-13,sh.600223,11.4400,12.0800,11.4100,12.0200,11.4400,34770831,408157265.7600,3,3.473700,1,5.069900,0
2020-11-16,sh.600223,12.1600,12.8500,12.1600,12.4200,12.0200,49406504,617187801.0600,3,4.935900,1,3.327800,0
2020-11-17,sh.600223,12.3600,12.8700,12.2400,12.4900,12.4200,43603657,547006057.1300,3,4.356100,1,0.563600,0
2020-11-18,sh.600223,12.3500,12.6800,11.9500,12.1500,12.4900,39406411,483262324.2100,3,3.936800,1,-2.722200,0
2020-11-19,sh.600223,11.9000,11.9500,11.5700,11.8600,12.1500,23698795,280067718.3900,3,2.367600,1,-2.386800,0
2020-11-20,sh.600223,11.9000,12.0000,11.7300,11.7800,11.8600,18237409,215713563.9600,3,1.822000,1,-0.674500,0
2020-11-23,sh.600223,11.7000,11.9300,11.4800,11.7700,11.7800,19487619,228835797.4300,3,1.946900,1,-0.084900,0
2020-11-24,sh.600223,11.7700,11.8300,11.1500,11.1800,11.7700,30887238,351318377.8700,3,3.085700,1,-5.012700,0
2020-11-25,sh.600223,11.2800,11.3900,10.9500,11.1900,11.1800,23177037,258655094.4600,3,2.315500,1,0.089400,0
2020-11-26,sh.600223,11.0600,11.2600,10.8000,10.9500,11.1900,17038107,186875914.1200,3,1.702200,1,-2.144800,0
2020-11-27,sh.600223,10.9500,11.0300,10.7900,10.9800,10.9500,10798560,117751356.8100,3,1.078800,1,0.274000,0
2020-11-30,sh.600223,10.9400,11.1900,10.8900,11.1300,10.9800,14745880,163193904.6900,3,1.473200,1,1.366100,0
2020-12-01,sh.600223,10.9900,11.1900,10.8600,11.1600,11.1300,14306132,158089550.3500,3,1.418100,1,0.269500,0
2020-12-02,sh.600223,11.1300,11.2400,10.9000,10.9600,11.1600,14481268,159809511.1700,3,1.435500,1,-1.792100,0
2020-12-03,sh.600223,10.9100,10.9700,10.6400,10.8300,10.9600,13810378,149028173.9400,3,1.368900,1,-1.186100,0
2020-12-04,sh.600223,10.8000,10.9600,10.6000,10.9300,10.8300,10748623,116062091.0700,3,1.065500,1,0.923400,0
2020-12-07,sh.600223,10.9000,11.1600,10.8000,11.0000,10.9300,13335644,147173634.5600,3,1.321900,1,0.640400,0
2020-12-08,sh.600223,11.0000,11.2800,10.9300,11.1500,11.0000,14994227,167096805.2900,3,1.486300,1,1.363600,0
2020-12-09,sh.600223,11.1800,11.2400,10.8100,10.8100,11.1500,11840434,130569788.6300,3,1.173700,1,-3.049300,0
2020-12-10,sh.600223,10.7900,11.3300,10.7100,11.1700,10.8100,22078514,246107621.2600,3,2.188500,1,3.330200,0
2020-12-11,sh.600223,11.1100,11.3500,10.7900,11.3500,11.1700,21491669,237044083.9500,3,2.130400,1,1.611500,0
2020-12-14,sh.600223,11.3000,12.2900,11.2600,11.9200,11.3500,39200168,464266996.5200,3,3.885700,1,5.022000,0
2020-12-15,sh.600223,11.7000,11.7700,11.4000,11.5400,11.9200,25500944,295002874.7600,3,2.527800,1,-3.187900,0
2020-12-16,sh.600223,11.3900,11.4600,11.1400,11.4000,11.5400,17774605,200725971.4100,3,1.761900,1,-1.213200,0
2020-12-17,sh.600223,11.3700,11.7400,11.2500,11.7100,11.4000,18561639,215204756.1900,3,1.839900,1,2.719300,0
2020-12-18,sh.600223,11.7000,11.7200,11.4400,11.4800,11.7100,13667500,157901179.9400,3,1.354800,1,-1.964100,0
2020-12-21,sh.600223,11.4500,11.4500,10.9100,11.2800,11.4800,19966226,223338415.7300,3,1.979100,1,-1.742200,0
2020-12-22,sh.600223,11.1900,11.1900,10.1500,10.1500,11.2800,41249183,438216125.4200,3,4.088800,1,-10.017700,0
2020-12-23,sh.600223,9.9900,10.0400,9.1400,9.2100,10.1500,64091447,606645556.5400,3,6.353000,1,-9.261100,0
2020-12-24,sh.600223,9.1900,9.3900,8.9700,9.1200,9.2100,23679428,217580716.8200,3,2.347200,1,-0.977200,0
2020-12-25,sh.600223,9.0200,9.2800,8.8400,9.1900,9.1200,21563050,194693932.1000,3,2.137400,1,0.767500,0
2020-12-28,sh.600223,9.1900,9.1900,8.3100,8.4600,9.1900,31789989,273845007.0200,3,3.151200,1,-7.943400,0
2020-12-29,sh.600223,8.5300,8.6400,8.2500,8.5800,8.4600,19063457,161585320.8600,3,1.889700,1,1.418400,0
2020-12-30,sh.600223,8.5000,8.6500,8.3600,8.4200,8.5800,15281802,129541501.3700,3,1.514800,1,-1.864800,0
2020-12-31,sh.600223,8.4200,8.6700,8.3900,8.5200,8.4200,14642223,125181229.7700,3,1.451400,1,1.187600,0
2021-01-04,sh.600223,8.4500,8.6000,8.3000,8.4800,8.5200,22790477,192569574.0000,3,2.259100,1,-0.469500,0
2021-01-05,sh.600223,8.4200,8.5000,8.0900,8.3200,8.4800,24622899,203847073.1600,3,2.440700,1,-1.886800,0
2021-01-06,sh.600223,8.4600,8.5900,7.9700,8.0400,8.3200,29809230,244564202.4300,3,2.954800,1,-3.365400,0
2021-01-07,sh.600223,8.8400,8.8400,8.8400,8.8400,8.0400,12784916,113018657.4400,3,1.267300,1,9.950200,0
2021-01-08,sh.600223,9.6500,9.6500,8.9500,9.0100,8.8400,64569088,602007740.3500,3,6.400400,1,1.923100,0
2021-01-11,sh.600223,8.9800,9.9100,8.9800,9.9100,9.0100,36303530,343079764.1000,3,3.598600,1,9.988900,0
2021-01-12,sh.600223,9.9500,10.3800,9.4200,9.8000,9.9100,59331581,588930067.1200,3,5.881200,1,-1.110000,0
2021-01-13,sh.600223,9.7800,10.2500,9.4200,9.9400,9.8000,43362545,429104412.7000,3,4.298300,1,1.428600,0
2021-01-14,sh.600223,9.7700,9.7800,9.2500,9.2900,9.9400,30502162,288081022.9800,3,3.023500,1,-6.539200,0
2021-01-15,sh.600223,9.2100,9.6800,9.1400,9.4800,9.2900,21313039,201628845.6700,3,2.112600,1,2.045200,0
2021-01-18,sh.600223,9.3400,9.5400,9.3000,9.4400,9.4800,17081131,160993342.3100,3,1.693200,1,-0.421900,0
2021-01-19,sh.600223,9.4000,9.8800,9.2900,9.5400,9.4400,27673255,265721381.6800,3,2.742200,1,1.059300,0
2021-01-20,sh.600223,9.4800,10.4900,9.3000,10.4900,9.5400,44746433,446840831.0800,3,4.434100,1,9.958100,0
2021-01-21,sh.600223,10.4100,10.4700,10.0400,10.1900,10.4900,43160164,441199315.1000,3,4.276900,1,-2.859900,0
2021-01-22,sh.600223,10.0800,10.9500,10.0400,10.5100,10.1900,41656506,440956305.7500,3,4.127900,1,3.140300,0
2021-01-25,sh.600223,10.6500,11.5600,10.6100,11.4100,10.5100,74532301,842115309.4200,3,7.385600,1,8.563300,0
2021-01-26,sh.600223,11.0000,11.6600,11.0000,11.1600,11.4100,44792588,505739971.7400,3,4.438600,1,-2.191100,0
2021-01-27,sh.600223,11.1400,11.9500,11.1400,11.2600,11.1600,40332834,461981913.7000,3,3.996700,1,0.896100,0
2021-01-28,sh.600223,11.1200,12.1700,11.0700,11.7500,11.2600,56647347,661071137.5400,3,5.613400,1,4.351700,0
2021-01-29,sh.600223,12.4000,12.9300,11.6800,12.5800,11.7500,91729734,1145624011.8900,3,9.089800,1,7.063800,0
2021-02-01,sh.600223,12.3900,13.8400,12.1500,13.8400,12.5800,69444256,905743398.4700,3,6.881400,1,10.015900,0
2021-02-02,sh.600223,13.8400,14.7800,13.0800,13.7400,13.8400,98830997,1375839520.9600,3,9.793500,1,-0.722500,0
2021-02-03,sh.600223,13.7400,14.9600,13.4700,14.1300,13.7400,91740051,1301054369.6300,3,9.090800,1,2.838400,0
2021-02-04,sh.600223,13.8900,14.7100,12.7200,13.1700,14.1300,93686020,1292581644.8300,3,9.283600,1,-6.794100,0
2021-02-05,sh.600223,13.2900,14.2500,13.0600,13.4600,13.1700,78479575,1062643992.9200,3,7.776800,1,2.202000,0
2021-02-08,sh.600223,13.6300,13.7700,12.1100,12.1100,13.4600,59802237,733697966.3000,3,5.926000,1,-10.029700,0
2021-02-09,sh.600223,12.0100,13.1900,11.6200,13.0100,12.1100,80378559,1004546680.0000,3,7.965000,1,7.431900,0
2021-02-10,sh.600223,12.8000,13.3300,12.2300,12.5300,13.0100,81329195,1038233942.6900,3,8.059200,1,-3.689500,0
2021-02-18,sh.600223,12.8700,13.7800,12.5300,13.3000,12.5300,87848555,1182156179.6800,3,8.705200,1,6.145300,0
2021-02-19,sh.600223,13.0200,14.4700,12.9500,14.1500,13.3000,83190335,1141376816.4700,3,8.243600,1,6.391000,0
2021-02-22,sh.600223,13.8300,15.1900,13.8000,14.1300,14.1500,94695650,1373936313.0900,3,9.383700,1,-0.141300,0
2021-02-23,sh.600223,14.1200,14.8800,13.5000,14.8200,14.1300,81684285,1165196592.0400,3,8.094300,1,4.883200,0
2021-02-24,sh.600223,14.5600,15.5000,14.1800,14.4600,14.8200,84389625,1247681026.9400,3,8.362400,1,-2.429100,0
2021-02-25,sh.600223,14.1400,14.7900,13.3200,13.5500,14.4600,72516606,1021582867.8600,3,7.185900,1,-6.293200,0
2021-02-26,sh.600223,12.9000,13.3600,12.3000,12.3900,13.5500,60587900,774310702.6100,3,6.003800,1,-8.560900,0
2021-03-01,sh.600223,12.4700,13.0000,12.2900,12.9300,12.3900,43757948,557312592.2800,3,4.336100,1,4.358400,0
2021-03-02,sh.600223,12.9200,12.9400,12.2600,12.4400,12.9300,43253597,544352194.9500,3,4.286100,1,-3.789600,0
2021-03-03,sh.600223,12.3200,12.8300,12.0200,12.5800,12.4400,37961216,472853759.0400,3,3.761700,1,1.125400,0
2021-03-04,sh.600223,12.3700,13.1900,12.2200,12.5000,12.5800,45156353,574108080.8700,3,4.474700,1,-0.635900,0
2021-03-05,sh.600223,12.2000,12.2400,11.6400,11.8000,12.5000,44380166,528614785.2100,3,4.397800,1,-5.600000,0
2021-03-08,sh.600223,11.8900,12.0900,11.3300,11.3800,11.8000,27737821,325148614.0100,3,2.748600,1,-3.559300,0
2021-03-09,sh.600223,11.3000,11.5900,10.7700,10.9000,11.3800,32010629,358058274.1800,3,3.172000,1,-4.217900,0
2021-03-10,sh.600223,10.9500,11.3700,10.9500,11.1100,10.9000,23606890,263540536.8900,3,2.339300,1,1.926600,0
2021-03-11,sh.600223,11.0000,11.8600,10.8000,11.5600,11.1100,35389754,408004258.1700,3,3.506900,1,4.050400,0
2021-03-12,sh.600223,11.5700,11.6600,11.1200,11.2700,11.5600,27818360,315662157.5200,3,2.756600,1,-2.508700,0
2021-03-15,sh.600223,11.1300,11.2800,10.9600,11.1000,11.2700,19960929,221563825.4500,3,1.978000,1,-1.508400,0
2021-03-16,sh.600223,11.1300,11.3700,11.0000,11.2600,11.1000,20010584,224252961.3500,3,1.982900,1,1.441400,0
2021-03-17,sh.600223,11.2100,11.5100,11.0200,11.3700,11.2600,24058813,272028909.9300,3,2.384100,1,0.976900,0
2021-03-18,sh.600223,11.3900,12.2200,11.3100,11.8700,11.3700,48922747,581545877.2700,3,4.847900,1,4.397500,0
2021-03-19,sh.600223,11.5600,12.0600,11.5200,11.7000,11.8700,33238783,390769319.7100,3,3.293700,1,-1.432200,0
2021-03-22,sh.600223,11.7800,12.1500,11.5300,12.1200,11.7000,34541179,412370614.5000,3,3.422800,1,3.589700,0
2021-03-23,sh.600223,12.1200,12.1300,11.1800,11.4000,12.1200,36265073,418698607.1000,3,3.593600,1,-5.940600,0
2021-03-24,sh.600223,11.2100,11.6400,11.1600,11.5100,11.4000,20842817,237329576.5900,3,2.065400,1,0.964900,0
2021-03-25,sh.600223,11.3000,11.4100,10.8000,11.0700,11.5100,20900938,231896250.3700,3,2.071100,1,-3.822800,0
2021-03-26,sh.600223,11.2700,11.5000,11.1600,11.4100,11.0700,20885230,236984459.1100,3,2.069600,1,3.071400,0
2021-03-29,sh.600223,11.4300,11.8900,11.3200,11.7200,11.4100,33101693,385009350.9600,3,3.280100,1,2.716900,0
2021-03-30,sh.600223,11.6600,12.0900,11.3200,11.7000,11.7200,36426501,426795269.2000,3,3.609600,1,-0.170600,0
2021-03-31,sh.600223,11.7100,12.1800,11.5700,11.8800,11.7000,39403334,470975954.2800,3,3.904600,1,1.538500,0
2021-04-01,sh.600223,11.7900,12.6500,11.7900,12.3300,11.8800,56308733,694328708.7800,3,5.579800,1,3.787900,0
2021-04-02,sh.600223,12.2500,12.4900,12.0800,12.3400,12.3300,42331012,519342420.6700,3,4.194700,1,0.081100,0
2021-04-06,sh.600223,12.2700,12.2700,11.8800,12.0600,12.3400,31081971,375013966.8400,3,3.080000,1,-2.269000,0
2021-04-07,sh.600223,12.0000,12.0000,11.6000,11.8900,12.0600,29527447,348084732.2500,3,2.926000,1,-1.409600,0
2021-04-08,sh.600223,11.7700,13.0800,11.6700,13.0800,11.8900,90432066,1145703008.0700,3,8.961200,1,10.008400,0
2021-04-09,sh.600223,13.1800,13.8400,12.8000,13.4700,13.0800,93196561,1236566630.9600,3,9.235100,1,2.981700,0
2021-04-12,sh.600223,13.2300,13.6500,12.6700,12.9500,13.4700,63050791,823736102.1700,3,6.247900,1,-3.860400,0
2021-04-13,sh.600223,12.7900,13.1200,12.4300,13.0800,12.9500,46662140,597856783.6400,3,4.623900,1,1.003900,0
2021-04-14,sh.600223,12.9800,13.8700,12.8500,13.5000,13.0800,70067302,945655305.0000,3,6.943200,1,3.211000,0
2021-04-15,sh.600223,13.4200,13.8500,13.1600,13.4200,13.5000,49089667,660886902.2800,3,4.864400,1,-0.592600,0
2021-04-16,sh.600223,13.4000,13.6900,13.0300,13.0800,13.4200,45944459,613162295.8000,3,4.552800,1,-2.533500,0
2021-04-19,sh.600223,12.8600,13.2700,12.4500,13.1500,13.0800,45009694,582061655.6300,3,4.460100,1,0.535200,0
2021-04-20,sh.600223,12.9600,14.4700,12.8700,13.9500,13.1500,93535412,1299493459.5300,3,9.268700,1,6.083700,0
2021-04-21,sh.600223,13.9500,15.1200,13.7700,14.7200,13.9500,114771277,1663689312.9300,3,11.373000,1,5.519700,0
2021-04-22,sh.600223,14.7000,14.8600,14.3000,14.4500,14.7200,73111486,1065595012.4700,3,7.244800,1,-1.834200,0
2021-04-23,sh.600223,14.6700,15.1200,14.1100,14.6800,14.4500,74015247,1083484338.4800,3,7.334400,1,1.591700,0
2021-04-26,sh.600223,14.6300,16.1500,14.5700,15.5200,14.6800,107026557,1682087991.0400,3,10.605600,1,5.722100,0
2021-04-27,sh.600223,15.6100,16.2200,15.1600,15.6000,15.5200,92793896,1457145763.8800,3,9.195200,1,0.515500,0
2021-04-28,sh.600223,15.4200,15.5000,14.2000,14.6500,15.6000,98493106,1464824522.0500,3,9.760000,1,-6.089700,0
2021-04-29,sh.600223,14.8700,15.5300,14.4200,14.6500,14.6500,82764993,1239294657.1900,3,8.201400,1,0.000000,0
2021-04-30,sh.600223,14.2000,16.1200,14.2000,16.1200,14.6500,139271256,2163871302.8400,3,13.800800,1,10.034100,0
2021-05-06,sh.600223,15.9000,16.1100,14.5100,14.5100,16.1200,121560297,1855149856.6400,3,12.045800,1,-9.987600,0
2021-05-07,sh.600223,14.3000,14.4000,13.2500,13.4600,14.5100,83611174,1143557692.7300,3,8.285300,1,-7.236400,0
2021-05-10,sh.600223,13.4100,13.7100,13.3100,13.6400,13.4600,46380473,628459811.1500,3,4.596000,1,1.337300,0
2021-05-11,sh.600223,13.5000,14.0800,12.8800,13.8600,13.6400,62061757,839704696.8300,3,6.149900,1,1.612900,0
2021-05-12,sh.600223,13.5600,14.9100,13.4800,14.7500,13.8600,76880630,1103037221.6200,3,7.618300,1,6.421400,0
2021-05-13,sh.600223,14.4800,15.0300,14.1500,14.4600,14.7500,67366271,983858746.1900,3,6.675500,1,-1.966100,0
2021-05-14,sh.600223,14.4800,14.6600,13.9100,14.0300,14.4600,48960261,696738985.1600,3,4.851600,1,-2.973700,0
2021-05-17,sh.600223,13.9000,15.4300,13.7300,15.4300,14.0300,121621378,1843737153.4600,3,12.051800,1,9.978600,0
2021-05-18,sh.600223,15.5100,16.9700,15.5100,16.9700,15.4300,59223026,969280544.8500,3,5.868600,1,9.980600,0
2021-05-19,sh.600223,17.7400,18.0000,16.9000,17.6700,16.9700,146178232,2557148548.6200,3,14.485300,1,4.124900,0
2021-05-20,sh.600223,17.6700,17.8900,16.6600,17.4000,17.6700,102409366,1776078765.5800,3,10.148100,1,-1.528000,0
2021-05-21,sh.600223,17.4000,17.5600,16.5900,16.8200,17.4000,71231262,1205715877.8900,3,7.058500,1,-3.333300,0
2021-05-24,sh.600223,16.9000,17.2000,16.4100,17.0000,16.8200,65344124,1103239408.9200,3,6.475200,1,1.070200,0
2021-05-25,sh.600223,16.8000,17.4200,16.5700,16.9900,17.0000,81351589,1384698544.8400,3,8.061400,1,-0.058800,0
2021-05-26,sh.600223,17.0000,17.9600,16.4500,16.9500,16.9900,74470859,1278424246.9500,3,7.379500,1,-0.235400,0
2021-05-27,sh.600223,16.9900,17.8400,16.6000,17.6200,16.9500,82765664,1435108892.7500,3,8.201500,1,3.952800,0
2021-05-28,sh.600223,17.4000,18.2400,17.2700,17.3800,17.6200,73605641,1294940581.5900,3,7.293800,1,-1.362100,0
2021-05-31,sh.600223,18.0100,19.1000,18.0100,18.4400,17.3800,90163130,1661742665.7400,3,8.934500,1,6.099000,0
2021-06-01,sh.600223,18.4900,18.7900,16.8000,17.5000,18.4400,93745503,1652858446.9200,3,9.289500,1,-5.097600,0
2021-06-02,sh.600223,17.3900,17.6400,16.3900,16.5400,17.5000,64627273,1097304095.6800,3,6.404100,1,-5.485700,0
2021-06-03,sh.600223,16.6000,16.8800,16.3100,16.6800,16.5400,43009455,713742269.2900,3,4.261900,1,0.846400,0
2021-06-04,sh.600223,16.6800,17.1400,16.5300,16.8000,16.6800,39289516,662230722.5100,3,3.893300,1,0.719400,0
2021-06-07,sh.600223,16.5000,17.2500,15.6300,17.2300,16.8000,51173726,843683135.1700,3,5.071000,1,2.559500,0
2021-06-08,sh.600223,17.3300,17.8100,17.0200,17.3200,17.2300,48868881,849942164.8200,3,4.842600,1,0.522300,0
2021-06-09,sh.600223,17.3300,17.5400,16.4500,16.6800,17.3200,41041324,694948774.7000,3,4.066900,1,-3.695200,0
2021-06-10,sh.600223,16.7900,16.8400,16.2700,16.4700,16.6800,29596587,488643780.5000,3,2.932800,1,-1.259000,0
2021-06-11,sh.600223,16.5800,16.6500,15.6600,16.4500,16.4700,43009407,695436473.5700,3,4.261900,1,-0.121400,0
2021-06-15,sh.600223,16.3800,16.4600,15.8500,15.9400,16.4500,21012333,338743014.6900,3,2.082200,1,-3.100300,0
2021-06-16,sh.600223,15.8500,15.9400,14.8100,14.8700,15.9400,30019360,457598641.3400,3,2.974700,1,-6.712700,0
2021-06-17,sh.600223,15.0000,15.3800,14.9100,15.0300,14.8700,23627112,357247304.2700,3,2.341300,1,1.076000,0
2021-06-18,sh.600223,15.0300,15.4400,14.8300,15.3000,15.0300,24250755,368418140.2600,3,2.403100,1,1.796400,0
2021-06-21,sh.600223,15.0800,15.9000,15.0600,15.6500,15.3000,27828709,434232748.9400,3,2.757600,1,2.287600,0
2021-06-22,sh.600223,15.9600,15.9700,15.3300,15.4100,15.6500,23658577,367532092.3600,3,2.344400,1,-1.533500,0
2021-06-23,sh.600223,15.3000,15.8700,15.1000,15.7200,15.4100,29334358,456061426.0400,3,2.906800,1,2.011700,0
2021-06-24,sh.600223,15.6700,15.6700,14.8500,14.8500,15.5200,21222706,319798246.8100,3,2.103000,1,-4.317000,0
2021-06-25,sh.600223,14.8500,15.5300,14.7200,15.2200,14.8500,22441556,341948370.1100,3,2.223800,1,2.491600,0
2021-06-28,sh.600223,15.3500,15.7600,15.3400,15.5000,15.2200,22852780,355344368.5900,3,2.264600,1,1.839700,0
2021-06-29,sh.600223,15.4200,15.8600,15.1600,15.5500,15.5000,26273819,408870364.3200,3,2.603600,1,0.322600,0
2021-06-30,sh.600223,15.6300,16.2900,15.4700,16.1400,15.5500,36649867,587541900.1100,3,3.631700,1,3.794200,0
2021-07-01,sh.600223,16.2400,16.7800,15.9700,16.1500,16.1400,37964877,622743273.6400,3,3.762100,1,0.062000,0
2021-07-02,sh.600223,16.2000,16.2200,15.2900,15.5300,16.1500,27794388,434445145.9500,3,2.754200,1,-3.839000,0
2021-07-05,sh.600223,15.7900,16.1200,15.4500,15.8600,15.5300,24009536,380757018.7800,3,2.379200,1,2.124900,0
2021-07-06,sh.600223,16.2100,16.2100,14.7400,15.1600,15.8600,31518012,482175170.9000,3,3.123200,1,-4.413600,0
2021-07-07,sh.600223,15.1400,15.2800,14.8500,15.1400,15.1600,17977891,271257371.9900,3,1.781500,1,-0.131900,0
2021-07-08,sh.600223,15.2800,15.2800,14.2200,14.2500,15.1400,33557219,488605008.1400,3,3.325300,1,-5.878500,0
2021-07-09,sh.600223,14.1900,14.4000,14.0300,14.3700,14.2500,16790768,239477094.2100,3,1.663800,1,0.842100,0
2021-07-12,sh.600223,14.4100,14.7200,14.1300,14.1800,14.3700,24780426,357042437.8000,3,2.455600,1,-1.322200,0
2021-07-13,sh.600223,14.1800,14.1800,13.4500,13.5900,14.1800,32770215,449990538.4200,3,3.247300,1,-4.160800,0
2021-07-14,sh.600223,13.6900,14.1000,13.4900,13.8500,13.5900,29116186,402848997.5900,3,2.885200,1,1.913200,0
2021-07-15,sh.600223,13.7300,13.8100,13.3100,13.6600,13.8500,21100530,285407421.7500,3,2.090900,1,-1.371800,0
2021-07-16,sh.600223,13.5800,13.6700,13.2600,13.2800,13.6600,18068177,242791696.7600,3,1.790400,1,-2.781800,0
2021-07-19,sh.600223,13.1200,13.6300,13.1100,13.3900,13.2800,17133944,229852786.0400,3,1.697900,1,0.828300,0
2021-07-20,sh.600223,13.2500,13.5300,13.2100,13.3200,13.3900,13423683,179344204.9400,3,1.330200,1,-0.522800,0
2021-07-21,sh.600223,13.2900,13.6000,13.2700,13.6000,13.3200,17231512,231793004.7700,3,1.707500,1,2.102100,0
2021-07-22,sh.600223,13.6200,13.6700,12.7700,12.8700,13.6000,34484722,450539244.3000,3,3.417200,1,-5.367600,0
2021-07-23,sh.600223,12.8500,12.8500,12.2700,12.4200,12.8700,24422767,305863660.6300,3,2.420100,1,-3.496500,0
2021-07-26,sh.600223,12.3700,12.3800,11.4500,11.8300,12.4200,25241850,301125789.7200,3,2.501300,1,-4.750400,0
2021-07-27,sh.600223,11.9200,11.9800,10.9800,11.1000,11.8300,21728338,249590531.7800,3,2.153100,1,-6.170800,0
2021-07-28,sh.600223,11.1200,11.4900,10.7100,11.1800,11.1000,20085715,224427815.4300,3,1.990400,1,0.720700,0
2021-07-29,sh.600223,11.4000,11.4100,10.9700,11.0200,11.1800,19705465,219808951.5700,3,1.952700,1,-1.431100,0
2021-07-30,sh.600223,11.0000,11.3800,10.8500,11.2000,11.0200,19494735,216544366.4300,3,1.931800,1,1.633400,0
2021-08-02,sh.600223,11.1100,11.4600,10.7700,11.3500,11.2000,22711885,254169808.2800,3,2.250600,1,1.339300,0
2021-08-03,sh.600223,11.2400,11.6300,11.2100,11.2700,11.3500,19715614,225159041.3500,3,1.953700,1,-0.704800,0
2021-08-04,sh.600223,11.2900,11.3700,11.1600,11.2700,11.2700,17798694,200405757.5400,3,1.763700,1,0.000000,0
2021-08-05,sh.600223,11.2800,11.3700,10.7700,10.8600,11.2700,25152974,278207238.5300,3,2.492500,1,-3.638000,0
2021-08-06,sh.600223,10.9700,10.9700,10.6500,10.7500,10.8600,16605901,179068849.4100,3,1.645500,1,-1.012900,0
2021-08-09,sh.600223,10.6100,11.0600,10.5900,10.8800,10.7500,19155283,208071515.8800,3,1.898200,1,1.209300,0
2021-08-10,sh.600223,10.8700,11.2800,10.7700,11.0800,10.8800,26949827,297924316.6600,3,2.670500,1,1.838200,0
2021-08-11,sh.600223,11.2500,11.3400,10.9200,10.9800,11.0800,22025581,244154121.4100,3,2.182600,1,-0.902500,0
2021-08-12,sh.600223,10.8800,11.0500,10.7900,10.8100,10.9800,15755000,171448754.0000,3,1.561200,1,-1.548300,0
2021-08-13,sh.600223,10.7700,10.8800,10.5800,10.6900,10.8100,15113149,161857160.1400,3,1.497600,1,-1.110100,0
2021-08-16,sh.600223,10.7100,11.7600,10.6500,11.5200,10.6900,51039233,581784043.0600,3,5.057600,1,7.764300,0
2021-08-17,sh.600223,11.4600,12.0500,11.1900,11.7200,11.5200,49939425,581075024.9400,3,4.948700,1,1.736100,0
2021-08-18,sh.600223,11.6600,12.0300,11.3700,11.7800,11.7200,32436402,379736463.8100,3,3.214200,1,0.511900,0
2021-08-19,sh.600223,11.7100,12.9600,11.7100,12.6400,11.7800,57024558,717553558.9000,3,5.650700,1,7.300500,0
2021-08-20,sh.600223,12.5000,13.5900,12.3000,13.0900,12.6400,45774373,598753343.2500,3,4.535900,1,3.560100,0
2021-08-23,sh.600223,12.9800,13.0000,12.4400,12.8800,13.0900,32504196,412457534.8600,3,3.220900,1,-1.604300,0
2021-08-24,sh.600223,12.7500,13.2100,12.5300,12.9700,12.8800,29444580,377781937.9600,3,2.917800,1,0.698800,0
2021-08-25,sh.600223,12.9900,13.1600,12.7100,13.0000,12.9700,18904420,244770359.5400,3,1.873300,1,0.231300,0
2021-08-26,sh.600223,13.2200,13.3800,12.2400,12.2500,13.0000,39406723,500591522.9000,3,3.904900,1,-5.769200,0
2021-08-27,sh.600223,12.6100,12.8400,12.3500,12.5000,12.2500,22713654,287041556.0900,3,2.250800,1,2.040800,0
2021-08-30,sh.600223,12.3200,12.5800,11.9200,12.3300,12.5000,21893280,268629984.1200,3,2.169500,1,-1.360000,0
2021-08-31,sh.600223,12.3300,12.4000,12.0600,12.1000,12.3300,18650246,227285564.1700,3,1.848100,1,-1.865400,0
2021-09-01,sh.600223,12.0400,12.3600,11.9200,12.1800,12.1000,19872018,242050554.0900,3,1.969200,1,0.661200,0
2021-09-02,sh.600223,12.2000,13.1500,12.1300,12.7000,12.1800,40065536,511290763.2700,3,3.970200,1,4.269300,0
2021-09-03,sh.600223,12.8000,13.8500,12.6200,13.6000,12.7000,48360011,645290263.4300,3,4.792100,1,7.086600,0
2021-09-06,sh.600223,13.6200,13.7100,13.1600,13.6200,13.6000,30382411,409040209.3100,3,3.010700,1,0.147100,0
2021-09-07,sh.600223,13.5300,13.5900,13.2100,13.3100,13.6200,20868734,278234732.2100,3,2.067900,1,-2.276100,0
2021-09-08,sh.600223,13.2700,14.0800,13.2200,13.9500,13.3100,34576656,474272004.4000,3,3.426300,1,4.808400,0
2021-09-09,sh.600223,13.8000,14.4200,13.7800,13.9900,13.9500,27942129,392578943.0500,3,2.768900,1,0.286700,0
2021-09-10,sh.600223,13.9000,13.9900,13.3000,13.3800,13.9900,28944203,393305953.6700,3,2.868200,1,-4.360300,0
2021-09-13,sh.600223,13.2300,14.0400,13.1600,13.7200,13.3800,24004156,330094931.0500,3,2.378600,1,2.541100,0
2021-09-14,sh.600223,13.9400,13.9900,13.3000,13.4000,13.7200,20291325,273755091.5100,3,2.010700,1,-2.332400,0
2021-09-15,sh.600223,13.3100,13.5300,13.0900,13.4200,13.4000,16813471,222703472.7100,3,1.666100,1,0.149300,0
2021-09-16,sh.600223,13.4200,13.4900,12.4700,12.4900,13.4200,21384641,277709186.2300,3,2.119100,1,-6.930000,0
2021-09-17,sh.600223,12.5000,13.1200,12.3500,12.8300,12.4900,17522208,223496410.0400,3,1.736300,1,2.722200,0
2021-09-22,sh.600223,12.4800,12.9500,12.4200,12.8400,12.8300,12602273,160819602.2200,3,1.248800,1,0.077900,0
2021-09-23,sh.600223,12.9600,13.5000,12.7800,13.3200,12.8400,15432708,204870762.4300,3,1.529300,1,3.738300,0
2021-09-24,sh.600223,13.5300,14.3000,13.2300,13.9500,13.3200,38633080,533269885.4600,3,3.828300,1,4.729700,0
2021-09-27,sh.600223,13.9500,14.5500,13.7400,13.9100,13.9500,35723688,506036612.2500,3,3.540000,1,-0.286700,0
2021-09-28,sh.600223,13.9200,14.0700,13.4300,13.5900,13.9100,22303115,304753070.0200,3,2.210100,1,-2.300500,0
2021-09-29,sh.600223,13.5200,13.9000,13.2700,13.3100,13.5900,17573793,238903885.2200,3,1.741400,1,-2.060300,0
2021-09-30,sh.600223,13.3600,13.7900,13.2800,13.3700,13.3100,13864211,187449046.4200,3,1.373800,1,0.450800,0
2021-10-08,sh.600223,13.5000,14.2300,13.3400,14.1700,13.3700,28437129,398218517.7200,3,2.817900,1,5.983500,0
2021-10-11,sh.600223,14.1600,14.6600,13.7100,14.2700,14.1700,33126005,471378406.2900,3,3.282600,1,0.705700,0
2021-10-12,sh.600223,14.0000,15.3900,13.9400,14.9700,14.2700,52563599,780931917.3000,3,5.208700,1,4.905400,0
2021-10-13,sh.600223,14.8100,15.2300,14.2500,14.8200,14.9700,38666792,571239998.3300,3,3.831600,1,-1.002000,0
2021-10-14,sh.600223,14.5800,14.7900,14.2300,14.2800,14.8200,21062607,303458143.3000,3,2.087200,1,-3.643700,0
2021-10-15,sh.600223,14.1800,14.4800,13.8600,14.1800,14.2800,17197290,243125164.2900,3,1.704100,1,-0.700300,0
2021-10-18,sh.600223,14.0400,14.2800,13.7100,14.2000,14.1800,16172629,226246062.0700,3,1.602600,1,0.141000,0
2021-10-19,sh.600223,14.0800,15.0500,14.0500,14.8000,14.2000,23899973,350295170.3900,3,2.368300,1,4.225400,0
2021-10-20,sh.600223,14.6600,15.2500,14.5100,14.9100,14.8000,21034429,313158994.2000,3,2.084400,1,0.743200,0
2021-10-21,sh.600223,14.8100,15.0800,14.5800,14.6800,14.9100,14868896,219771725.3900,3,1.473400,1,-1.542600,0
2021-10-22,sh.600223,14.6700,14.8200,14.1600,14.2100,14.6800,14144995,204451290.7900,3,1.401700,1,-3.201600,0
2021-10-25,sh.600223,13.9800,14.4800,13.8800,14.3400,14.2100,11100335,158286617.6500,3,1.100000,1,0.914800,0
2021-10-26,sh.600223,14.2400,14.4500,13.9500,14.0800,14.3400,12126492,171657751.1500,3,1.201700,1,-1.813100,0
2021-10-27,sh.600223,13.9900,14.1200,12.6700,12.6700,14.0800,21960880,287537458.3800,3,2.176200,1,-10.014200,0
2021-10-28,sh.600223,12.8400,13.3500,12.7100,12.9100,12.6700,24087756,314903592.3000,3,2.386900,1,1.894200,0
2021-10-29,sh.600223,12.8000,13.5300,12.6700,13.4000,12.9100,14947068,198301136.6900,3,1.481200,1,3.795500,0
2021-11-01,sh.600223,13.4200,13.6600,13.2900,13.4400,13.4000,11874852,159452844.4000,3,1.176700,1,0.298500,0
2021-11-02,sh.600223,13.4200,13.5100,12.7300,12.8600,13.4400,15484416,202631287.7800,3,1.534400,1,-4.315500,0
2021-11-03,sh.600223,12.7800,13.1300,11.9600,12.1300,12.8600,25874227,317021170.7100,3,2.564000,1,-5.676500,0
2021-11-04,sh.600223,12.1200,12.3300,11.6300,12.2500,12.1300,22215765,266969014.2700,3,2.201400,1,0.989300,0
2021-11-05,sh.600223,12.2700,12.3500,11.6500,12.0000,12.2500,22550986,269247523.7700,3,2.234600,1,-2.040800,0
2021-11-08,sh.600223,11.8800,11.9700,11.5400,11.8700,12.0000,13731759,161723849.2300,3,1.360700,1,-1.083300,0
2021-11-09,sh.600223,11.8000,12.0300,11.8000,12.0000,11.8700,8636905,103068130.1600,3,0.855900,1,1.095200,0
2021-11-10,sh.600223,11.9400,12.2300,11.8500,12.1400,12.0000,9283769,111905050.2300,3,0.920000,1,1.166700,0
2021-11-11,sh.600223,12.4300,12.4900,12.1400,12.3900,12.1400,13992376,173013510.1300,3,1.386500,1,2.059300,0
2021-11-12,sh.600223,12.2500,12.3500,12.1300,12.2100,12.3900,9015118,110198873.0900,3,0.893300,1,-1.452800,0
2021-11-15,sh.600223,12.2400,12.6500,12.1500,12.5400,12.2100,14385226,178842226.7400,3,1.425500,1,2.702700,0
2021-11-16,sh.600223,12.5300,12.7800,12.2000,12.2500,12.5400,10665700,133100228.7000,3,1.056900,1,-2.312600,0
2021-11-17,sh.600223,12.3000,12.4300,12.1200,12.2500,12.2500,9312777,114186035.8300,3,0.922800,1,0.000000,0
2021-11-18,sh.600223,12.3000,12.3300,11.9200,12.0300,12.2500,9737694,117601792.4600,3,0.964900,1,-1.795900,0
2021-11-19,sh.600223,12.0000,12.1800,11.9000,12.0800,12.0300,9898757,118923354.8400,3,0.980900,1,0.415600,0
2021-11-22,sh.600223,12.0800,13.1400,12.0800,13.0000,12.0800,28799251,366872277.1700,3,2.853800,1,7.615900,0
2021-11-23,sh.600223,13.1800,14.3000,13.1300,14.3000,13.0000,50030630,702020947.8300,3,4.957700,1,10.000000,0
2021-11-24,sh.600223,14.2500,15.0000,14.1000,14.7500,14.3000,50436739,735915312.2000,3,4.997900,1,3.146900,0
2021-11-25,sh.600223,14.7000,15.5400,14.5000,15.1300,14.7500,41652041,628928319.2600,3,4.127400,1,2.576300,0
2021-11-26,sh.600223,15.1700,15.5900,15.0600,15.1200,15.1300,25300057,385840081.3700,3,2.507100,1,-0.066100,0
2021-11-29,sh.600223,15.0000,15.0000,13.9600,14.3800,15.1200,32521763,467289271.9600,3,3.222700,1,-4.894200,0
2021-11-30,sh.600223,14.4500,14.5400,13.8400,13.8800,14.3800,23137581,324385045.2400,3,2.292800,1,-3.477100,0
2021-12-01,sh.600223,13.9000,14.0400,13.6700,13.7900,13.8800,17892542,247310730.0200,3,1.773000,1,-0.648400,0
2021-12-02,sh.600223,13.9300,14.1300,13.6700,13.7500,13.7900,21936178,304506858.4600,3,2.173700,1,-0.290100,0
2021-12-03,sh.600223,13.7400,14.0500,13.6000,13.7700,13.7500,17416076,240302200.8500,3,1.725800,1,0.145500,0
2021-12-06,sh.600223,13.9100,13.9300,13.1800,13.2600,13.7700,22231930,300009812.7900,3,2.203000,1,-3.703700,0
2021-12-07,sh.600223,13.4200,13.6400,13.0300,13.1600,13.2600,20279702,269519240.2300,3,2.009600,1,-0.754100,0
2021-12-08,sh.600223,13.1800,13.5000,13.1400,13.4000,13.1600,20941868,279067199.5800,3,2.075200,1,1.823700,0
2021-12-09,sh.600223,13.5400,14.0500,13.3300,13.9400,13.4000,40539698,559477484.0700,3,4.017200,1,4.029900,0
2021-12-10,sh.600223,13.7500,13.9200,13.5800,13.6900,13.9400,20904639,287099131.9300,3,2.071500,1,-1.793400,0
2021-12-13,sh.600223,14.1000,14.4800,13.7600,13.8700,13.6900,35533831,498609561.1200,3,3.521200,1,1.314800,0
2021-12-14,sh.600223,14.0600,15.2600,13.8900,14.7100,13.8700,55979015,822171370.5500,3,5.547100,1,6.056200,0
2021-12-15,sh.600223,14.5000,14.6800,13.8200,13.8500,14.7100,46587191,661163875.6100,3,4.616500,1,-5.846400,0
2021-12-16,sh.600223,13.8500,14.3400,13.8200,14.2100,13.8500,28073605,396544624.5300,3,2.781900,1,2.599300,0
2021-12-17,sh.600223,14.0000,14.1400,13.6300,13.7000,14.2100,22860424,316191533.7000,3,2.265300,1,-3.589000,0
2021-12-20,sh.600223,13.4500,13.9700,13.3700,13.4200,13.7000,19954663,272399635.0400,3,1.977400,1,-2.043800,0
2021-12-21,sh.600223,13.4900,14.3500,13.4900,13.9600,13.4200,30417365,425919239.0100,3,3.014200,1,4.023800,0
2021-12-22,sh.600223,14.0000,14.1900,13.6800,13.8900,13.9600,18273931,253712486.2500,3,1.810800,1,-0.501400,0
2021-12-23,sh.600223,13.8900,13.9000,13.4700,13.6800,13.8900,18682004,254756203.1100,3,1.851300,1,-1.511900,0
2021-12-24,sh.600223,13.6000,13.6500,13.1500,13.2400,13.6800,17113098,228301967.1500,3,1.695800,1,-3.216400,0
2021-12-27,sh.600223,13.3600,13.5500,13.2100,13.3300,13.2400,10425830,139454092.1000,3,1.033100,1,0.679800,0
2021-12-28,sh.600223,13.4000,13.6000,13.3000,13.4800,13.3300,9342940,125278277.4900,3,0.925800,1,1.125300,0
2021-12-29,sh.600223,13.4800,13.7200,13.3300,13.4000,13.4800,10269329,138948103.3100,3,1.017600,1,-0.593500,0
2021-12-30,sh.600223,13.4000,13.4900,13.1800,13.2200,13.4000,13475217,179439884.1700,3,1.335300,1,-1.343300,0
2021-12-31,sh.600223,13.3100,13.4000,13.1600,13.2500,13.2200,11044377,146464904.9800,3,1.094400,1,0.226900,0
2022-01-04,sh.600223,13.2000,13.3400,12.9800,13.0000,13.2500,15752369,206657723.7900,3,1.561000,1,-1.886800,0
2022-01-05,sh.600223,13.0000,13.0000,12.5800,12.6400,13.0000,16059092,204207593.9300,3,1.591300,1,-2.769200,0
2022-01-06,sh.600223,12.6400,12.9000,12.5800,12.8000,12.6400,10725956,136923761.5900,3,1.062900,1,1.265800,0
2022-01-07,sh.600223,12.8000,13.0900,12.6000,12.6100,12.8000,11734485,150897698.0500,3,1.162800,1,-1.484400,0
2022-01-10,sh.600223,12.5300,12.7200,12.3600,12.5200,12.6100,15519096,194303762.5900,3,1.537800,1,-0.713700,0
2022-01-11,sh.600223,12.5500,12.9900,12.4500,12.5000,12.5200,19055195,242221328.5200,3,1.888200,1,-0.159700,0
2022-01-12,sh.600223,12.5100,12.6200,12.2900,12.5200,12.5000,11944965,148214773.1700,3,1.183700,1,0.160000,0
2022-01-13,sh.600223,12.6600,12.6700,11.9900,12.1200,12.5200,19943819,244195826.9600,3,1.976300,1,-3.194900,0
2022-01-14,sh.600223,12.0300,12.1800,11.8800,11.9800,12.1200,11086007,133359855.2500,3,1.098500,1,-1.155100,0
2022-01-17,sh.600223,12.0700,12.1700,11.9800,12.1500,11.9800,7549895,91228450.3200,3,0.748100,1,1.419000,0
2022-01-18,sh.600223,12.1600,12.1700,11.9100,11.9800,12.1500,8996479,108183436.5600,3,0.891500,1,-1.399200,0
2022-01-19,sh.600223,11.9800,12.2300,11.9200,12.0700,11.9800,10085233,121984119.1800,3,0.999400,1,0.751300,0
2022-01-20,sh.600223,12.1500,12.1900,11.6900,11.7400,12.0700,14057819,168483420.0500,3,1.393000,1,-2.734100,0
2022-01-21,sh.600223,11.9900,12.5100,11.8100,12.2700,11.7400,18255130,222432397.2400,3,1.809000,1,4.514500,0
2022-01-24,sh.600223,12.2000,12.2000,11.8200,11.9700,12.2700,15874628,188766454.5100,3,1.573100,1,-2.445000,0
2022-01-25,sh.600223,11.9000,12.0500,11.3700,11.3900,11.9700,12351784,144983545.7600,3,1.224000,1,-4.845400,0
2022-01-26,sh.600223,11.5700,11.6100,11.0600,11.3000,11.3900,8706735,98259641.8200,3,0.862800,1,-0.790200,0
2022-01-27,sh.600223,11.2900,11.3900,11.1000,11.1300,11.3000,7758067,86868330.1600,3,0.768800,1,-1.504400,0
2022-01-28,sh.600223,11.1300,11.2700,10.8100,10.9100,11.1300,9816132,108178084.1400,3,0.972700,1,-1.976600,0
2022-02-07,sh.600223,11.0600,11.4300,11.0600,11.4000,10.9100,9938391,112294608.9000,3,0.984800,1,4.491300,0
2022-02-08,sh.600223,11.3700,11.4700,11.2400,11.4100,11.4000,6299800,71606762.8200,3,0.624300,1,0.087700,0
2022-02-09,sh.600223,11.5000,11.7000,11.3800,11.4700,11.4100,10132098,117098616.9400,3,1.004000,1,0.525900,0
2022-02-10,sh.600223,11.4900,11.5500,11.3800,11.5300,11.4700,5721080,65622912.4600,3,0.566900,1,0.523100,0
2022-02-11,sh.600223,11.5000,11.5800,11.3400,11.3600,11.5300,7507897,85629945.9200,3,0.744000,1,-1.474400,0
2022-02-14,sh.600223,11.2700,11.2800,11.1000,11.1800,11.3600,6034521,67531620.6600,3,0.598000,1,-1.584500,0
2022-02-15,sh.600223,11.3500,11.4500,11.1500,11.3600,11.1800,6448201,73082084.9900,3,0.639000,1,1.610000,0
2022-02-16,sh.600223,11.4500,11.5400,11.3800,11.4000,11.3600,4879222,55892586.4000,3,0.483500,1,0.352100,0
2022-02-17,sh.600223,11.4000,11.6300,11.3100,11.5700,11.4000,8722257,99997354.3800,3,0.864300,1,1.491200,0
2022-02-18,sh.600223,11.5600,11.9600,11.4500,11.7500,11.5700,11267655,132495918.0600,3,1.116500,1,1.555700,0
2022-02-21,sh.600223,11.7300,11.9600,11.5400,11.9400,11.7500,9067698,106653526.6800,3,0.898500,1,1.617000,0
2022-02-22,sh.600223,11.9600,12.3200,11.8000,11.8500,11.9400,12036291,144516645.8100,3,1.192700,1,-0.753800,0
2022-02-23,sh.600223,11.6800,11.9800,11.6800,11.9400,11.8500,8995052,107160481.3900,3,0.891300,1,0.759500,0
2022-02-24,sh.600223,11.9000,12.0400,11.4200,11.5400,11.9400,12387115,144840540.3600,3,1.227500,1,-3.350100,0
2022-02-25,sh.600223,11.7400,12.1200,11.5300,11.8700,11.5400,13765420,164460576.2800,3,1.364100,1,2.859600,0
2022-02-28,sh.600223,11.8700,11.8700,11.5900,11.7000,11.8700,7690364,90021210.0000,3,0.762100,1,-1.432200,0
2022-03-01,sh.600223,11.7200,11.9400,11.7000,11.7900,11.7000,5838410,68948622.0000,3,0.578500,1,0.769200,0
2022-03-02,sh.600223,11.8100,11.8200,11.5900,11.7100,11.7900,6048057,70584007.0000,3,0.599300,1,-0.678500,0
2022-03-03,sh.600223,11.7000,11.8300,11.6000,11.6100,11.7100,6529914,76511029.0000,3,0.647100,1,-0.854000,0
2022-03-04,sh.600223,11.5600,11.7000,11.3700,11.5000,11.6100,7391614,85079710.0000,3,0.732500,1,-0.947500,0
2022-03-07,sh.600223,11.4300,11.5000,11.1800,11.2200,11.5000,6583844,74199039.0000,3,0.652400,1,-2.434800,0
2022-03-08,sh.600223,11.1900,11.2400,10.5100,10.6200,11.2200,11365468,122617589.0000,3,1.126200,1,-5.347600,0
2022-03-09,sh.600223,10.5600,10.7500,9.6900,10.1000,10.6200,14601710,148424223.0000,3,1.446900,1,-4.896400,0
2022-03-10,sh.600223,10.5500,10.7800,10.3900,10.5800,10.1000,14734760,156204346.0000,3,1.460100,1,4.752500,0
2022-03-11,sh.600223,10.5000,10.6900,10.2800,10.6200,10.5800,9297706,97851306.0000,3,0.921300,1,0.378100,0
2022-03-14,sh.600223,10.4900,10.6700,10.2900,10.3000,10.6200,8373033,87671376.0000,3,0.829700,1,-3.013200,0
2022-03-15,sh.600223,10.2000,10.2200,9.5400,9.5600,10.3000,14006983,138464541.0000,3,1.388000,1,-7.184500,0
2022-03-16,sh.600223,9.6500,9.7800,9.2700,9.6900,9.5600,15200281,145912395.0000,3,1.506200,1,1.359800,0
2022-03-17,sh.600223,9.9500,10.4100,9.8600,10.2500,9.6900,17508608,177801758.0000,3,1.735000,1,5.779200,0
2022-03-18,sh.600223,10.1500,10.4600,10.0500,10.4400,10.2500,10525874,108594662.8800,3,1.043000,1,1.853700,0
2022-03-21,sh.600223,10.6400,10.7400,10.3500,10.6200,10.4400,12311835,130296812.7000,3,1.220000,1,1.724100,0
2022-03-22,sh.600223,10.5900,10.8500,10.4500,10.6900,10.6200,12532451,133672634.0100,3,1.241900,1,0.659100,0
2022-03-23,sh.600223,10.6900,10.9500,10.5800,10.8200,10.6900,13237863,142796296.7100,3,1.311800,1,1.216100,0
2022-03-24,sh.600223,10.7000,11.0000,10.6800,10.7400,10.8200,11827316,127803028.5300,3,1.172000,1,-0.739400,0
2022-03-25,sh.600223,10.6000,10.8500,10.5600,10.5900,10.7400,9314807,99467319.2400,3,0.923000,1,-1.396600,0
2022-03-28,sh.600223,10.5300,10.8500,10.4500,10.6700,10.5900,11179435,119424721.3100,3,1.107800,1,0.755400,0
2022-03-29,sh.600223,10.6900,10.7300,10.3700,10.4400,10.6700,9062151,95386350.3900,3,0.898000,1,-2.155600,0
2022-03-30,sh.600223,10.5800,11.0800,10.5300,10.9000,10.4400,19443485,211288285.3600,3,1.926700,1,4.406100,0
2022-03-31,sh.600223,10.7700,11.2300,10.7500,10.9800,10.9000,22166757,244719794.4700,3,2.196600,1,0.733900,0
2022-04-01,sh.600223,10.7500,11.2800,10.7400,11.1600,10.9800,20050487,220428470.0500,3,1.986900,1,1.639300,0
2022-04-06,sh.600223,11.4300,11.6200,11.0900,11.3900,11.1600,23120191,262083980.7600,3,2.291100,1,2.060900,0
2022-04-07,sh.600223,11.1300,11.4800,11.0100,11.0100,11.3900,16688938,186877251.4200,3,1.653800,1,-3.336300,0
2022-04-08,sh.600223,10.9400,11.2400,10.8500,11.1200,11.0100,14628751,161872300.9200,3,1.449600,1,0.999100,0
2022-04-11,sh.600223,10.9300,11.0300,10.3900,10.4100,11.1200,15667281,166993100.9800,3,1.552500,1,-6.384900,0
2022-04-12,sh.600223,10.4000,10.6600,10.2400,10.5100,10.4100,13325767,139579459.0100,3,1.320500,1,0.960600,0
2022-04-13,sh.600223,10.4600,10.4600,9.9600,10.0200,10.5100,12500094,126291952.7000,3,1.238700,1,-4.662200,0
2022-04-14,sh.600223,10.1400,10.8500,10.1400,10.8200,10.0200,19961664,211769437.9700,3,1.978100,1,7.984000,0
2022-04-15,sh.600223,10.4600,10.8200,10.3600,10.4100,10.8200,24536097,259259928.6300,3,2.431400,1,-3.789300,0
2022-04-18,sh.600223,10.3500,10.3500,9.9300,10.0200,10.4100,17958140,181765848.0300,3,1.779500,1,-3.746400,0
2022-04-19,sh.600223,10.0000,10.0100,9.6000,9.6400,10.0200,20144014,196295230.6400,3,1.996100,1,-3.792400,0
2022-04-20,sh.600223,9.5600,9.7000,9.3300,9.6200,9.6400,16070203,153036554.4300,3,1.592400,1,-0.207500,0
2022-04-21,sh.600223,9.6100,10.0900,9.3000,9.3600,9.6200,21809443,210947535.0300,3,2.161200,1,-2.702700,0
2022-04-22,sh.600223,9.1700,9.2400,8.8800,9.1500,9.3600,18121984,164382167.6200,3,1.795800,1,-2.243600,0
2022-04-25,sh.600223,8.9000,8.9200,8.2400,8.2400,9.1500,15874195,134689903.9100,3,1.573000,1,-9.945400,0
2022-04-26,sh.600223,8.1800,8.4300,7.8500,7.9500,8.2400,17071895,137399803.0000,3,1.691700,1,-3.519400,0
2022-04-27,sh.600223,7.7600,8.1700,7.7300,8.1400,7.9500,12338629,98283225.0300,3,1.222700,1,2.389900,0
2022-04-28,sh.600223,8.1400,8.2900,7.8600,8.0100,8.1400,10969304,88591631.2400,3,1.087000,1,-1.597100,0
2022-04-29,sh.600223,8.0500,8.5800,8.0500,8.5500,8.0100,14923472,125275834.8000,3,1.478800,1,6.741600,0
2022-05-05,sh.600223,8.5900,8.6800,8.3900,8.5500,8.5500,11837748,101210483.0000,3,1.173000,1,0.000000,0
2022-05-06,sh.600223,8.4100,8.4400,8.1700,8.2000,8.5500,9672898,80242395.0300,3,0.958500,1,-4.093600,0
2022-05-09,sh.600223,8.1000,8.4100,8.1000,8.2700,8.2000,7227800,59874094.0400,3,0.716200,1,0.853700,0
2022-05-10,sh.600223,8.0800,8.5300,8.0300,8.5100,8.2700,12270632,102431370.4200,3,1.215900,1,2.902100,0
2022-05-11,sh.600223,8.5900,9.1600,8.5800,8.7400,8.5100,18173838,160641004.5700,3,1.800900,1,2.702700,0
2022-05-12,sh.600223,8.8500,8.8500,8.5300,8.6000,8.7400,11261638,97701882.8000,3,1.116000,1,-1.601800,0
2022-05-13,sh.600223,8.5500,8.7300,8.5200,8.6500,8.6000,8131338,70018435.0100,3,0.805800,1,0.581400,0
2022-05-16,sh.600223,8.8800,9.1200,8.6900,8.8400,8.6500,17614700,156861242.6200,3,1.745500,1,2.196500,0
2022-05-17,sh.600223,8.7300,8.8000,8.5600,8.7400,8.8400,11836418,102832066.8300,3,1.172900,1,-1.131200,0
2022-05-18,sh.600223,8.7600,8.8300,8.6600,8.6900,8.7400,6814969,59499203.4400,3,0.675300,1,-0.572100,0
2022-05-19,sh.600223,8.5000,8.7300,8.4900,8.6500,8.6900,10276482,88422430.9200,3,1.018300,1,-0.460300,0
2022-05-20,sh.600223,8.6600,8.9800,8.6600,8.9300,8.6500,14562390,129121784.5300,3,1.443000,1,3.237000,0
2022-05-23,sh.600223,8.9100,8.9600,8.8100,8.9200,8.9300,8976579,79763107.7800,3,0.889500,1,-0.112000,0
2022-05-24,sh.600223,8.9600,8.9800,8.3100,8.3100,8.9200,12067690,104023039.2700,3,1.195800,1,-6.838600,0
2022-05-25,sh.600223,8.2900,8.5200,8.2700,8.5100,8.3100,6253926,52842379.9800,3,0.619700,1,2.406700,0
2022-05-26,sh.600223,8.5800,8.6400,8.4300,8.6100,8.5100,5901959,50447880.0400,3,0.584800,1,1.175100,0
2022-05-27,sh.600223,8.6200,8.7500,8.4600,8.5700,8.6100,7301199,62940053.9800,3,0.723500,1,-0.464600,0
2022-05-30,sh.600223,8.7900,9.0600,8.5700,8.9000,8.5700,16690412,147894388.4700,3,1.653900,1,3.850600,0
2022-05-31,sh.600223,8.8000,9.1300,8.7500,9.1200,8.9000,15886227,142604507.1600,3,1.574200,1,2.471900,0
2022-06-01,sh.600223,9.1000,9.4200,8.9900,9.0900,9.1200,16155474,148168411.4300,3,1.600900,1,-0.328900,0
2022-06-02,sh.600223,9.1100,9.2400,9.1000,9.1700,9.0900,9893252,90735693.1800,3,0.980400,1,0.880100,0
2022-06-06,sh.600223,9.1300,9.1600,8.9800,9.1400,9.1700,11453349,104110520.4600,3,1.134900,1,-0.327200,0
2022-06-07,sh.600223,9.1000,9.3100,9.0800,9.1700,9.1400,9529506,87366400.8400,3,0.944300,1,0.328200,0
2022-06-08,sh.600223,9.1700,9.2000,8.9100,9.0700,9.1700,9453592,85629748.1400,3,0.936800,1,-1.090500,0
2022-06-09,sh.600223,9.0900,9.2500,8.9100,8.9200,9.0700,10881346,98762537.0400,3,1.078300,1,-1.653800,0
2022-06-10,sh.600223,8.9400,9.3600,8.9100,9.2000,8.9200,12188226,111352659.5000,3,1.207800,1,3.139000,0
2022-06-13,sh.600223,9.3000,9.3000,8.9300,9.0700,9.2000,12628671,114905813.4700,3,1.251400,1,-1.413000,0
2022-06-14,sh.600223,8.9500,9.0500,8.6300,9.0200,9.0700,11971918,106370776.8500,3,1.186300,1,-0.551300,0
2022-06-15,sh.600223,9.1100,9.2500,9.0000,9.1300,9.0200,14026297,128602712.7100,3,1.389900,1,1.219500,0
2022-06-16,sh.600223,9.1300,9.4400,9.1300,9.3300,9.1300,13203494,123159406.1800,3,1.308400,1,2.190600,0
2022-06-17,sh.600223,9.2800,9.3400,9.1100,9.2500,9.3300,10752074,99290707.7700,3,1.065500,1,-0.857400,0
2022-06-20,sh.600223,9.2900,9.6300,9.2100,9.5400,9.2500,15415507,145622653.0400,3,1.527600,1,3.135100,0
2022-06-21,sh.600223,9.4900,9.7800,9.3800,9.4900,9.5400,12394838,118764127.0000,3,1.228200,1,-0.524100,0
2022-06-22,sh.600223,9.4700,9.5400,9.2900,9.3000,9.4900,11297290,106459627.0800,3,1.119500,1,-2.002100,0
2022-06-23,sh.600223,9.3200,9.4000,9.2200,9.3600,9.3000,7390394,68851728.6100,3,0.732300,1,0.645200,0
2022-06-24,sh.600223,9.2800,9.3900,9.1800,9.2300,9.3600,11457460,106216942.0800,3,1.135400,1,-1.388900,0
2022-06-27,sh.600223,9.3100,9.5400,9.2500,9.2800,9.2300,12534753,117467330.4100,3,1.242100,1,0.541700,0
2022-06-28,sh.600223,9.2300,9.2800,9.0400,9.2000,9.2800,15356625,140592487.2300,3,1.521700,1,-0.862100,0
2022-06-29,sh.600223,9.1900,10.1200,9.1500,10.1200,9.2000,61216182,608957640.9900,3,6.066100,1,10.000000,0
2022-06-30,sh.600223,10.0000,11.1000,9.6800,10.4800,10.1200,73259194,744183334.6700,3,7.259500,1,3.557300,0
2022-07-01,sh.600223,10.4000,10.5900,10.0700,10.1400,10.4800,35043781,359901394.1000,3,3.472600,1,-3.244300,0
2022-07-04,sh.600223,10.1600,10.2300,9.8800,9.9600,10.1400,24006865,239708035.3700,3,2.378900,1,-1.775100,0
2022-07-05,sh.600223,9.9800,10.1000,9.6900,9.8100,9.9600,24073536,238051851.7700,3,2.385500,1,-1.506000,0
2022-07-06,sh.600223,9.9500,9.9800,9.3000,9.3900,9.8100,22189536,210558716.2500,3,2.198800,1,-4.281300,0
2022-07-07,sh.600223,9.3900,9.4900,9.3200,9.4300,9.3900,14384480,135263220.1300,3,1.425400,1,0.426000,0
2022-07-08,sh.600223,9.5000,9.5200,9.2500,9.2500,9.4300,11394253,106766525.7500,3,1.129100,1,-1.908800,0
2022-07-11,sh.600223,9.2500,9.3300,8.8500,8.9300,9.2500,15939838,144352411.8800,3,1.579500,1,-3.459500,0
2022-07-12,sh.600223,8.9100,8.9500,8.5900,8.6100,8.9300,13955441,121521017.2300,3,1.382900,1,-3.583400,0
2022-07-13,sh.600223,8.6500,8.7800,8.5900,8.6400,8.6100,9325329,80915335.1700,3,0.924100,1,0.348400,0
2022-07-14,sh.600223,8.7100,8.7100,8.4500,8.4800,8.6400,13117150,111851013.4300,3,1.299800,1,-1.851900,0
2022-07-15,sh.600223,8.4200,8.5600,8.3000,8.3000,8.4800,10862896,91429018.9100,3,1.076400,1,-2.122600,0
2022-07-18,sh.600223,8.3100,8.6100,8.3000,8.5700,8.3000,13123139,110907007.3300,3,1.300400,1,3.253000,0
2022-07-19,sh.600223,8.5400,8.6200,8.4300,8.5300,8.5700,8442533,71824313.2700,3,0.836600,1,-0.466700,0
2022-07-20,sh.600223,8.5200,9.3700,8.5200,9.2100,8.5300,34085778,310237253.4700,3,3.377700,1,7.971900,0
2022-07-21,sh.600223,9.1200,9.2000,8.8800,8.9300,9.2100,18851982,170042917.7100,3,1.868100,1,-3.040200,0
2022-07-22,sh.600223,9.1400,9.4700,9.0600,9.2300,8.9300,22782726,211112727.6200,3,2.257600,1,3.359500,0
2022-07-25,sh.600223,9.2300,9.4300,9.1600,9.2600,9.2300,15139581,140861446.4400,3,1.500200,1,0.325000,0
2022-07-26,sh.600223,9.2600,9.6500,9.1700,9.5700,9.2600,21825622,207758293.6900,3,2.162800,1,3.347700,0
2022-07-27,sh.600223,9.5800,10.0800,9.5500,9.9100,9.5700,29193780,286651014.3700,3,2.892900,1,3.552800,0
2022-07-28,sh.600223,9.8100,10.0000,9.7300,9.7400,9.9100,22616855,222447798.2000,3,2.241200,1,-1.715400,0
2022-07-29,sh.600223,9.7600,9.8000,9.4300,9.5000,9.7400,20588409,197025443.8300,3,2.040200,1,-2.464100,0
2022-08-01,sh.600223,9.5300,9.6400,9.3700,9.3800,9.5000,11213744,106067163.1200,3,1.111200,1,-1.263200,0
2022-08-02,sh.600223,9.3400,9.3500,8.8500,9.0200,9.3800,15665248,141644187.3200,3,1.552300,1,-3.838000,0
2022-08-03,sh.600223,9.0600,9.2000,8.8500,8.8600,9.0200,11187654,101000857.9500,3,1.108600,1,-1.773800,0
2022-08-04,sh.600223,8.9700,9.0700,8.7600,8.9700,8.8600,8671456,77199222.0000,3,0.859300,1,1.241500,0
2022-08-05,sh.600223,9.0000,9.1900,8.9300,9.1900,8.9700,8840958,80273581.0000,3,0.876100,1,2.452600,0
2022-08-08,sh.600223,9.2900,9.2900,9.0100,9.0600,9.1900,10598814,96358819.0000,3,1.050300,1,-1.414600,0
2022-08-09,sh.600223,9.0300,9.1800,8.9700,9.0500,9.0600,8626612,78114781.0000,3,0.854800,1,-0.110400,0
2022-08-10,sh.600223,9.0000,9.0800,8.9700,9.0100,9.0500,6435264,57936417.0000,3,0.637700,1,-0.442000,0
2022-08-11,sh.600223,9.0300,9.2500,9.0300,9.2500,9.0100,9988721,91505771.0000,3,0.989800,1,2.663700,0
2022-08-12,sh.600223,9.1900,9.2400,9.1300,9.2000,9.2500,5904982,54240050.0000,3,0.585100,1,-0.540500,0
2022-08-15,sh.600223,9.1900,9.3000,9.0300,9.0500,9.2000,9287262,84433818.8400,3,0.920300,1,-1.630400,0
2022-08-16,sh.600223,9.0500,9.1400,8.9900,9.0400,9.0500,5884776,53195191.4100,3,0.583100,1,-0.110500,0
2022-08-17,sh.600223,8.9900,9.3400,8.9000,9.2000,8.9300,13404174,122569746.7700,3,1.328300,1,3.023500,0
2022-08-18,sh.600223,9.1900,9.2000,9.0500,9.1000,9.2000,7714714,70084640.9100,3,0.764500,1,-1.087000,0
2022-08-19,sh.600223,9.1400,9.1700,9.0500,9.1200,9.1000,5551082,50520614.2200,3,0.550100,1,0.219800,0
2022-08-22,sh.600223,9.1300,9.1700,8.9900,9.1100,9.1200,5139046,46689637.1300,3,0.509200,1,-0.109600,0
2022-08-23,sh.600223,9.1100,9.1500,9.0600,9.1300,9.1100,4198765,38181093.9600,3,0.416100,1,0.219500,0
2022-08-24,sh.600223,9.1300,9.6300,9.1300,9.3200,9.1300,21801746,204203785.8400,3,2.160400,1,2.081100,0
2022-08-25,sh.600223,9.3200,9.4900,9.2100,9.3400,9.3200,12066212,112634844.7600,3,1.195700,1,0.214600,0
2022-08-26,sh.600223,9.3400,9.3900,9.1500,9.1800,9.3400,9353670,86614665.1300,3,0.926900,1,-1.713100,0
2022-08-29,sh.600223,8.9600,9.0300,8.7600,8.9700,9.1800,9630869,85837399.1600,3,0.954400,1,-2.287600,0
2022-08-30,sh.600223,8.9700,9.2000,8.9300,9.1200,8.9700,5422352,49309691.7200,3,0.537300,1,1.672200,0
2022-08-31,sh.600223,9.1300,9.3800,9.0800,9.1500,9.1200,8744480,80810934.3000,3,0.866500,1,0.328900,0
2022-09-01,sh.600223,9.1800,9.4200,9.0900,9.1900,9.1500,8896522,82401660.1400,3,0.881600,1,0.437200,0
2022-09-02,sh.600223,9.2400,9.3000,9.1200,9.2100,9.1900,6366688,58525320.1800,3,0.630900,1,0.217600,0
2022-09-05,sh.600223,9.2700,9.3600,9.1700,9.2300,9.2100,5082531,46870535.0700,3,0.503600,1,0.217200,0
2022-09-06,sh.600223,9.2100,9.4200,9.2100,9.3600,9.2300,8164637,76237309.5700,3,0.809100,1,1.408500,0
2022-09-07,sh.600223,9.3800,9.4300,9.2400,9.3300,9.3600,7113913,66352653.2900,3,0.704900,1,-0.320500,0
2022-09-08,sh.600223,9.4100,9.5700,9.2900,9.3600,9.3300,6153212,57696619.6100,3,0.609700,1,0.321500,0
2022-09-09,sh.600223,9.2800,9.5800,9.2200,9.4800,9.3600,12908271,122087256.1900,3,1.269800,1,1.282100,0
2022-09-13,sh.600223,9.5900,9.5900,9.2200,9.2200,9.4800,11456683,107178452.0800,3,1.127000,1,-2.742600,0
2022-09-14,sh.600223,9.1200,9.2400,9.0700,9.1100,9.2200,6725132,61431704.4300,3,0.661600,1,-1.193100,0
2022-09-15,sh.600223,9.1600,9.5800,9.1600,9.3500,9.1100,17285040,161949649.7500,3,1.700300,1,2.634500,0
2022-09-16,sh.600223,9.2600,9.4900,8.6700,8.6800,9.3500,17199941,155630462.9900,3,1.692000,1,-7.165800,0
2022-09-19,sh.600223,8.6700,8.7500,8.3000,8.5000,8.6800,13083877,111307094.6200,3,1.287100,1,-2.073700,0
2022-09-20,sh.600223,8.5200,8.7100,8.4500,8.5200,8.5000,7641411,65530146.7700,3,0.751700,1,0.235300,0
2022-09-21,sh.600223,8.5200,8.5600,8.3200,8.4600,8.5200,7286972,61440219.7800,3,0.716800,1,-0.704200,0
2022-09-22,sh.600223,8.4000,8.4900,8.1000,8.1700,8.4600,11908850,98229633.8000,3,1.171500,1,-3.427900,0
2022-09-23,sh.600223,8.0800,8.2300,7.9200,7.9400,8.1700,7048978,56849825.2900,3,0.693400,1,-2.815200,0
2022-09-26,sh.600223,7.9000,8.0300,7.7900,7.8100,7.9400,6132220,48526844.6200,3,0.603200,1,-1.637300,0
2022-09-27,sh.600223,7.8000,8.0500,7.7400,8.0400,7.8100,7196032,56649711.2000,3,0.707900,1,2.944900,0
2022-09-28,sh.600223,7.9900,8.0700,7.8200,7.8400,8.0400,5338843,42232470.9800,3,0.525200,1,-2.487600,0
2022-09-29,sh.600223,7.9500,7.9900,7.6100,7.7000,7.8400,6841881,53177235.2900,3,0.673000,1,-1.785700,0
2022-09-30,sh.600223,7.8000,7.8100,7.6400,7.7000,7.7000,5484172,42286313.9600,3,0.539500,1,0.000000,0
2022-10-10,sh.600223,7.7100,7.8100,7.3700,7.5800,7.7000,8343802,63263196.6000,3,0.820800,1,-1.558400,0
2022-10-11,sh.600223,7.4500,7.5400,7.2100,7.4000,7.5800,8530583,62660665.4500,3,0.839200,1,-2.374700,0
2022-10-12,sh.600223,7.4200,7.4600,7.2200,7.4500,7.4000,10453676,76999545.5700,3,1.028300,1,0.675700,0
2022-10-13,sh.600223,7.4300,7.5300,7.3600,7.4300,7.4500,8235573,61432929.3900,3,0.810100,1,-0.268500,0
2022-10-14,sh.600223,7.4600,7.8000,7.4600,7.7600,7.4300,11101306,85534065.9900,3,1.092000,1,4.441500,0
2022-10-17,sh.600223,7.7300,7.9600,7.6800,7.9500,7.7600,7513696,59135902.1200,3,0.739100,1,2.448500,0
2022-10-18,sh.600223,7.9400,8.0000,7.8300,7.8600,7.9500,6092163,48072564.2600,3,0.599300,1,-1.132100,0
2022-10-19,sh.600223,7.8600,7.8900,7.7500,7.7500,7.8600,5006883,39019785.5700,3,0.492500,1,-1.399500,0
2022-10-20,sh.600223,7.7500,7.8600,7.7000,7.7500,7.7500,5917183,46082024.7400,3,0.582100,1,0.000000,0
2022-10-21,sh.600223,7.8500,8.0000,7.6500,7.7000,7.7500,7751711,60464822.5300,3,0.762500,1,-0.645200,0
2022-10-24,sh.600223,7.6600,7.7500,6.9300,7.2900,7.7000,12442893,91932027.9600,3,1.224000,1,-5.324700,0
2022-10-25,sh.600223,7.2100,7.2900,7.0400,7.1800,7.2900,9194421,65654596.8200,3,0.904500,1,-1.508900,0
2022-10-26,sh.600223,7.1800,7.4400,7.1700,7.2900,7.1800,9222548,67767465.3800,3,0.907200,1,1.532000,0
2022-10-27,sh.600223,7.2900,7.4200,7.2400,7.3000,7.2900,9108037,66512339.2800,3,0.896000,1,0.137200,0
2022-10-28,sh.600223,7.2500,7.2500,6.5700,6.5700,7.3000,20512759,138532813.6000,3,2.017800,1,-10.000000,0
2022-10-31,sh.600223,6.2600,6.5600,6.2600,6.5000,6.5700,10858722,69900552.4100,3,1.068200,1,-1.065400,0
2022-11-01,sh.600223,6.5000,6.6300,6.3900,6.6300,6.5000,10667020,69782397.1900,3,1.049300,1,2.000000,0
2022-11-02,sh.600223,6.6300,6.9100,6.5800,6.8000,6.6300,10407093,70649675.8000,3,1.023700,1,2.564100,0
2022-11-03,sh.600223,6.8100,6.8700,6.7200,6.8000,6.8000,6676907,45276624.8100,3,0.656800,1,0.000000,0
2022-11-04,sh.600223,6.7800,7.1500,6.7500,7.0700,6.8000,12605905,88168486.3900,3,1.240000,1,3.970600,0
2022-11-07,sh.600223,7.0800,7.3700,7.0200,7.2000,7.0700,11614690,83626108.5700,3,1.142500,1,1.838800,0
2022-11-08,sh.600223,7.2300,7.3400,7.1300,7.3300,7.2000,10281876,74577658.1000,3,1.011400,1,1.805600,0
2022-11-09,sh.600223,7.3200,7.5500,7.2900,7.5000,7.3300,9424020,70121657.0800,3,0.927000,1,2.319200,0
2022-11-10,sh.600223,7.3900,7.8800,7.3700,7.5800,7.5000,11896232,89948176.8300,3,1.170200,1,1.066700,0
2022-11-11,sh.600223,7.6900,7.9400,7.6200,7.8200,7.5800,18413932,143227920.9800,3,1.811400,1,3.166200,0
2022-11-14,sh.600223,8.0000,8.0600,7.6600,7.7200,7.8200,13618392,106178001.9800,3,1.339600,1,-1.278800,0
2022-11-15,sh.600223,7.7700,7.9600,7.7000,7.9100,7.7200,11471928,90223422.8400,3,1.128500,1,2.461100,0
2022-11-16,sh.600223,8.7000,8.7000,8.7000,8.7000,7.9100,3727826,32432086.2000,3,0.366700,1,9.987400,0
2022-11-17,sh.600223,9.5700,9.5700,9.5700,9.5700,8.7000,2328500,22283745.0000,3,0.229100,1,10.000000,0
2022-11-18,sh.600223,10.5300,10.5300,10.4000,10.5300,9.5700,68539649,721252688.4200,3,6.742300,1,10.031300,0
2022-11-21,sh.600223,10.7000,11.5800,10.6000,11.5800,10.5300,92492711,1020530645.7100,3,9.098500,1,9.971500,0
2022-11-22,sh.600223,11.3700,12.3000,10.8900,11.2700,11.5800,75516272,859442089.5100,3,7.428500,1,-2.677000,0
2022-11-23,sh.600223,11.2000,11.3000,10.2100,11.1300,11.2700,63023150,674060933.2400,3,6.199600,1,-1.242200,0
2022-11-24,sh.600223,11.0100,11.2800,10.7300,10.9600,11.1300,47817363,525203086.2000,3,4.703800,1,-1.527400,0
2022-11-25,sh.600223,10.9100,11.0500,10.3500,10.4000,10.9600,41244641,437081911.8400,3,4.057200,1,-5.109500,0
2022-11-28,sh.600223,10.2700,10.6300,10.1000,10.3700,10.4000,29620375,307986946.8000,3,2.913800,1,-0.288500,0
2022-11-29,sh.600223,10.6200,10.9200,10.3400,10.4800,10.3700,40968201,434251802.2000,3,4.030000,1,1.060800,0
2022-11-30,sh.600223,10.3400,10.7500,10.2600,10.3000,10.4800,33706590,352583230.2400,3,3.315700,1,-1.717600,0
2022-12-01,sh.600223,10.4900,11.0700,10.3500,10.7100,10.3000,40370503,434973050.8500,3,3.971300,1,3.980600,0
2022-12-02,sh.600223,10.5300,11.0500,10.3900,10.6900,10.7100,29222792,311887124.3500,3,2.874600,1,-0.186700,0
2022-12-05,sh.600223,10.6200,10.9800,10.6200,10.7200,10.6900,27202940,293448696.1100,3,2.676000,1,0.280600,0
2022-12-06,sh.600223,10.7500,11.4500,10.6600,10.9600,10.7200,39748812,440282646.0000,3,3.910100,1,2.238800,0
2022-12-07,sh.600223,10.7000,11.0700,10.5300,10.8600,10.9600,31765116,341660328.3500,3,3.124700,1,-0.912400,0
2022-12-08,sh.600223,10.8700,11.2400,10.8300,10.9000,10.8600,23546746,258911885.8800,3,2.316300,1,0.368300,0
2022-12-09,sh.600223,10.8300,11.3500,10.7100,11.0600,10.9000,33897649,374992278.5200,3,3.334500,1,1.467900,0
2022-12-12,sh.600223,11.1400,11.2200,10.7600,10.8900,11.0600,20384011,223866516.5000,3,2.005200,1,-1.537100,0
2022-12-13,sh.600223,10.8000,11.1500,10.6600,11.0700,10.8900,19643575,215159493.9600,3,1.932300,1,1.652900,0
2022-12-14,sh.600223,10.9900,11.5500,10.8100,11.5500,11.0700,39987850,450473786.4300,3,3.933600,1,4.336000,0
2022-12-15,sh.600223,11.4000,11.4400,10.8000,10.8000,11.5500,33538403,369380304.5800,3,3.299200,1,-6.493500,0
2022-12-16,sh.600223,10.6000,10.9000,10.2200,10.3200,10.8000,31075016,327075022.3000,3,3.056900,1,-4.444400,0
2022-12-19,sh.600223,10.4500,11.3500,10.4200,11.3500,10.3200,59868050,672641104.3800,3,5.889200,1,9.980600,0
2022-12-20,sh.600223,11.0500,11.1500,10.3000,10.4100,11.3500,46100536,486440747.4700,3,4.534900,1,-8.281900,0
2022-12-21,sh.600223,10.6000,10.9700,10.4300,10.4500,10.4100,25842829,274871518.7100,3,2.542200,1,0.384200,0
2022-12-22,sh.600223,10.5600,11.0700,10.1300,10.6500,10.4500,29400268,312576928.8400,3,2.892100,1,1.913900,0
2022-12-23,sh.600223,10.6900,10.7400,10.2900,10.4700,10.6500,18598162,194911919.2200,3,1.829500,1,-1.690100,0
2022-12-26,sh.600223,10.4200,10.5600,10.3100,10.5000,10.4700,14593916,152816088.3200,3,1.435600,1,0.286500,0
2022-12-27,sh.600223,10.5100,11.2200,10.4600,10.9300,10.5000,33064949,360999533.9200,3,3.252600,1,4.095200,0
2022-12-28,sh.600223,11.0000,11.0600,10.7200,10.9100,10.9300,17098408,186234223.6900,3,1.682000,1,-0.183000,0
2022-12-29,sh.600223,10.8300,10.8900,10.4200,10.4600,10.9100,21982573,233111199.4300,3,2.162400,1,-4.124700,0
2022-12-30,sh.600223,10.4000,10.6500,10.3100,10.5900,10.4600,17345126,181939242.7200,3,1.706200,1,1.242800,0
2023-01-03,sh.600223,11.3500,11.6500,11.1300,11.6500,10.5900,40781257,468582430.5000,3,4.011700,1,10.009400,0
2023-01-04,sh.600223,11.6400,12.7000,11.5500,12.0500,11.6500,76044212,927766741.1300,3,7.480500,1,3.433500,0
2023-01-05,sh.600223,12.2900,12.3200,11.8000,11.9200,12.0500,38150545,459290905.6800,3,3.752900,1,-1.078800,0
2023-01-06,sh.600223,12.1000,12.2200,11.2000,11.4000,11.9200,43273046,498461622.7100,3,4.256800,1,-4.362400,0
2023-01-09,sh.600223,11.4100,11.5300,11.2100,11.2900,11.4000,24618073,279449510.6300,3,2.421700,1,-0.964900,0
2023-01-10,sh.600223,11.2900,11.4300,11.1200,11.1600,11.2900,16985558,190728069.2900,3,1.670900,1,-1.151500,0
2023-01-11,sh.600223,11.2900,11.7400,11.1200,11.2500,11.1600,32060658,365289983.2800,3,3.153800,1,0.806500,0
2023-01-12,sh.600223,11.2000,11.3800,10.9700,11.0500,11.2500,18226883,203452930.6600,3,1.793000,1,-1.777800,0
2023-01-13,sh.600223,11.0500,11.1800,10.8900,10.9900,11.0500,15263930,168116699.9000,3,1.501500,1,-0.543000,0
2023-01-16,sh.600223,10.8900,11.3200,10.8500,11.2300,10.9900,15736221,175120436.6700,3,1.548000,1,2.183800,0
2023-01-17,sh.600223,11.2200,11.2400,10.7500,10.8700,11.2300,15361661,167938443.8300,3,1.511100,1,-3.205700,0
2023-01-18,sh.600223,10.8200,10.9600,10.7000,10.7700,10.8700,11684116,126084007.4800,3,1.149400,1,-0.920000,0
2023-01-19,sh.600223,10.7000,10.8200,10.5100,10.7500,10.7700,12840339,137113249.2300,3,1.263100,1,-0.185700,0
2023-01-20,sh.600223,10.7300,11.0900,10.7200,10.9700,10.7500,11773200,129026143.0900,3,1.158100,1,2.046500,0
2023-01-30,sh.600223,11.1500,11.1600,10.8900,10.9900,10.9700,12094039,133079126.3400,3,1.189700,1,0.182300,0
2023-01-31,sh.600223,10.9000,11.3400,10.7000,11.1900,10.9900,17628567,195434216.5000,3,1.734100,1,1.819800,0
2023-02-01,sh.600223,11.2500,11.3600,11.0500,11.2800,11.1900,14589222,163779053.0000,3,1.435100,1,0.804300,0
2023-02-02,sh.600223,11.2800,11.5300,11.2200,11.3000,11.2800,13536554,153746109.7300,3,1.331600,1,0.177300,0
2023-02-03,sh.600223,11.2900,11.2900,10.9800,11.0100,11.3000,12335918,136272316.6900,3,1.213500,1,-2.566400,0
2023-02-06,sh.600223,11.1100,11.2700,10.8100,10.8700,11.0100,15907507,175528862.0900,3,1.564800,1,-1.271600,0
2023-02-07,sh.600223,10.8700,10.9600,10.7700,10.9500,10.8700,10091566,109598348.0500,3,0.992700,1,0.736000,0
2023-02-08,sh.600223,10.9000,11.1900,10.9000,10.9200,10.9500,8965596,98832573.0000,3,0.881900,1,-0.274000,0
2023-02-09,sh.600223,10.9100,11.2500,10.8600,11.1800,10.9200,12651609,140658002.4200,3,1.244500,1,2.381000,0
2023-02-10,sh.600223,11.0900,11.5200,11.0900,11.3600,11.1800,13719869,155582627.0600,3,1.349600,1,1.610000,0
2023-02-13,sh.600223,11.4500,12.3100,11.4500,12.0500,11.3600,38483599,461351431.4100,3,3.785600,1,6.073900,0
2023-02-14,sh.600223,12.0600,12.4500,11.9900,12.4300,12.0500,27114820,331960435.5900,3,2.667300,1,3.153500,0
2023-02-15,sh.600223,12.3800,12.3800,11.9700,12.0500,12.4300,24828875,301141270.5800,3,2.442400,1,-3.057100,0
2023-02-16,sh.600223,12.0500,12.1500,11.6500,11.7700,12.0500,17257525,206080348.2700,3,1.697600,1,-2.323700,0
2023-02-17,sh.600223,11.7700,12.2000,11.7200,11.9900,11.7700,19911049,239337962.3400,3,1.958700,1,1.869200,0
2023-02-20,sh.600223,11.9800,12.2000,11.8100,12.1600,11.9900,13561820,163162600.2000,3,1.334100,1,1.417800,0
2023-02-21,sh.600223,12.1600,12.2300,11.9500,12.0900,12.1600,12114605,146168533.3400,3,1.191700,1,-0.575700,0
2023-02-22,sh.600223,12.0700,12.2800,12.0100,12.2300,12.0900,13863323,168664287.6000,3,1.363700,1,1.158000,0
2023-02-23,sh.600223,12.1800,12.2000,11.9100,11.9800,12.2300,13222294,159281984.1100,3,1.300700,1,-2.044200,0
2023-02-24,sh.600223,11.9800,12.2400,11.9700,12.1800,11.9800,12642500,153497729.0000,3,1.243600,1,1.669400,0
2023-02-27,sh.600223,12.1600,12.1600,11.8400,11.8600,12.1800,12413475,148172497.0000,3,1.221100,1,-2.627300,0
2023-02-28,sh.600223,11.8800,12.0900,11.6900,11.8500,11.8600,12942875,153353939.2500,3,1.273200,1,-0.084300,0
2023-03-01,sh.600223,11.8300,11.8800,11.5500,11.7100,11.8500,10393636,121281251.4800,3,1.022400,1,-1.181400,0
2023-03-02,sh.600223,11.7200,11.7600,11.6000,11.6700,11.7100,6573900,76759285.2500,3,0.646700,1,-0.341600,0
2023-03-03,sh.600223,11.6300,11.7700,11.5700,11.6200,11.6700,6212200,72343243.0000,3,0.611100,1,-0.428400,0
2023-03-06,sh.600223,11.6900,11.7200,11.2700,11.4600,11.6200,11402310,130267890.6800,3,1.121600,1,-1.376900,0
2023-03-07,sh.600223,11.3600,11.4300,11.1700,11.1800,11.4600,8939089,100827647.1300,3,0.879300,1,-2.443300,0
2023-03-08,sh.600223,11.1100,11.2900,11.1000,11.2300,11.1800,4654108,52221841.4000,3,0.457800,1,0.447200,0
2023-03-09,sh.600223,11.2800,11.4400,11.0000,11.1800,11.2300,9967482,111544491.8400,3,0.980500,1,-0.445200,0
2023-03-10,sh.600223,11.1700,11.1700,10.7500,10.8200,11.1800,10941069,119076175.0300,3,1.076300,1,-3.220000,0
2023-03-13,sh.600223,10.6700,10.7800,10.5500,10.6300,10.8200,11085614,118058942.8600,3,1.090500,1,-1.756000,0
2023-03-14,sh.600223,10.6900,10.8400,10.5300,10.6400,10.6300,9955510,106324378.4500,3,0.979300,1,0.094100,0
2023-03-15,sh.600223,10.7200,10.7800,10.6400,10.6700,10.6400,5448800,58286113.9800,3,0.536000,1,0.282000,0
2023-03-16,sh.600223,10.6700,10.8400,10.5600,10.5700,10.6700,6948175,74384273.7400,3,0.683500,1,-0.937200,0
2023-03-17,sh.600223,10.6500,10.7000,10.4200,10.4500,10.5700,7530525,79424712.1900,3,0.740800,1,-1.135300,0
2023-03-20,sh.600223,10.4500,10.5000,10.1300,10.2800,10.4500,11052219,113496275.1000,3,1.087200,1,-1.626800,0
2023-03-21,sh.600223,10.3400,10.6000,10.2000,10.4700,10.2800,7116800,74130440.0000,3,0.700100,1,1.848200,0
2023-03-22,sh.600223,10.5300,10.5900,10.4600,10.5000,10.4700,5835437,61421019.1300,3,0.574000,1,0.286500,0
2023-03-23,sh.600223,10.4800,10.5800,10.4000,10.5100,10.5000,7949584,83242150.6800,3,0.782000,1,0.095200,0
2023-03-24,sh.600223,10.5400,10.5500,10.2800,10.3900,10.5100,7355886,76418705.8200,3,0.723600,1,-1.141800,0
2023-03-27,sh.600223,10.4400,10.4400,10.2100,10.2800,10.3900,4865342,50039031.6000,3,0.478600,1,-1.058700,0
2023-03-28,sh.600223,10.2300,10.4600,10.2300,10.3500,10.2800,7840106,81419089.0000,3,0.771200,1,0.680900,0
2023-03-29,sh.600223,10.3700,10.4400,10.2500,10.3500,10.3500,6951246,71683422.0200,3,0.683800,1,0.000000,0
2023-03-30,sh.600223,10.3000,10.4600,10.2500,10.3700,10.3500,6107562,63212403.6000,3,0.600800,1,0.193200,0
2023-03-31,sh.600223,10.4000,10.7300,10.3800,10.5900,10.3700,12659523,133747266.0300,3,1.245300,1,2.121500,0
2023-04-03,sh.600223,10.5000,10.9800,10.5000,10.9200,10.5900,13656922,148435581.8100,3,1.343400,1,3.116100,0
2023-04-04,sh.600223,10.8500,11.1000,10.7400,10.7800,10.9200,9286083,100856864.7500,3,0.913500,1,-1.282100,0
2023-04-06,sh.600223,10.8700,11.0500,10.8200,10.8900,10.7800,6561805,71639062.8400,3,0.645500,1,1.020400,0
2023-04-07,sh.600223,10.8800,10.9900,10.8300,10.8900,10.8900,6997045,76375023.0400,3,0.688300,1,0.000000,0
2023-04-10,sh.600223,10.8900,11.1400,10.8000,11.0200,10.8900,10583138,116802221.3800,3,1.041100,1,1.193800,0
2023-04-11,sh.600223,11.0500,11.1100,10.9000,11.0400,11.0200,7255802,79983388.2000,3,0.713800,1,0.181500,0
2023-04-12,sh.600223,11.0400,11.1100,10.8800,10.9300,11.0400,6912139,75683229.3500,3,0.679900,1,-0.996400,0
2023-04-13,sh.600223,10.9600,10.9600,10.7300,10.8100,10.9300,7204110,78031280.1000,3,0.708700,1,-1.097900,0
2023-04-14,sh.600223,10.8900,10.8900,10.6500,10.6900,10.8100,7193553,77152104.7600,3,0.707600,1,-1.110100,0
2023-04-17,sh.600223,10.6900,10.7100,10.5900,10.7000,10.6900,4653418,49538247.0400,3,0.457800,1,0.093500,0
2023-04-18,sh.600223,10.8900,11.3600,10.7700,11.1400,10.7000,18387601,203813753.6100,3,1.808800,1,4.112100,0
2023-04-19,sh.600223,11.1200,11.1300,10.9200,11.0000,11.1400,9605418,105573216.6300,3,0.944900,1,-1.256700,0
2023-04-20,sh.600223,10.9800,10.9800,10.6300,10.7000,11.0000,9613261,103189697.2100,3,0.945700,1,-2.727300,0
2023-04-21,sh.600223,10.6600,10.8200,10.4200,10.4200,10.7000,8197122,86395523.3200,3,0.806400,1,-2.616800,0
2023-04-24,sh.600223,10.4200,10.4200,10.1700,10.2300,10.4200,6930673,71126907.1600,3,0.681800,1,-1.823400,0
2023-04-25,sh.600223,10.2400,10.3100,10.0600,10.1200,10.2300,7549245,76751534.2300,3,0.742600,1,-1.075300,0
2023-04-26,sh.600223,10.1900,10.3000,10.1100,10.2400,10.1200,5221153,53374467.6000,3,0.513600,1,1.185800,0
2023-04-27,sh.600223,10.2400,10.6900,10.1800,10.5900,10.2400,9207740,97056106.0300,3,0.905800,1,3.418000,0
2023-04-28,sh.600223,10.5400,11.1100,10.5200,10.9600,10.5900,14433751,158018953.6100,3,1.419800,1,3.493900,0
2023-05-04,sh.600223,10.9400,11.1200,10.9200,11.0800,10.9600,8684003,96066051.5700,3,0.854200,1,1.094900,0
2023-05-05,sh.600223,11.0500,11.2700,11.0100,11.2100,11.0800,10296400,115226517.5000,3,1.012900,1,1.173300,0
2023-05-08,sh.600223,11.2100,11.3900,11.1600,11.2600,11.2100,11912758,134445595.0000,3,1.171900,1,0.446000,0
2023-05-09,sh.600223,11.3100,11.3500,11.1200,11.1700,11.2600,8308335,93337342.2000,3,0.817300,1,-0.799300,0
2023-05-10,sh.600223,11.3000,11.3300,11.1100,11.2700,11.1700,7781641,87444944.9900,3,0.765500,1,0.895300,0
2023-05-11,sh.600223,11.2700,11.7500,11.2000,11.5700,11.2700,13347075,153926487.4300,3,1.313000,1,2.661900,0
2023-05-12,sh.600223,11.5900,11.6400,11.3100,11.4500,11.5700,9320771,106885137.4500,3,0.916900,1,-1.037200,0
2023-05-15,sh.600223,11.5000,11.5200,11.1800,11.3400,11.4500,7046352,79591614.1800,3,0.693200,1,-0.960700,0
2023-05-16,sh.600223,11.5000,11.7100,11.3100,11.4700,11.3400,8950000,102814274.0300,3,0.880400,1,1.146400,0
2023-05-17,sh.600223,11.4900,11.7500,11.4100,11.5500,11.4700,8985427,103923998.0700,3,0.883900,1,0.697500,0
2023-05-18,sh.600223,11.5700,11.5900,11.3300,11.4800,11.5500,7371074,84376385.2300,3,0.725100,1,-0.606100,0
2023-05-19,sh.600223,11.6300,11.6300,11.2900,11.3200,11.4800,9978552,113930158.4800,3,0.981600,1,-1.393700,0
2023-05-22,sh.600223,11.2600,11.2600,10.8000,10.9800,11.3200,12354306,135965916.0900,3,1.215300,1,-3.003500,0
2023-05-23,sh.600223,10.9800,11.1600,10.9000,10.9700,10.9800,6642111,73484919.6700,3,0.653400,1,-0.091100,0
2023-05-24,sh.600223,10.9200,10.9500,10.4600,10.5400,10.9700,12068798,128696576.4500,3,1.187200,1,-3.919800,0
2023-05-25,sh.600223,10.5100,10.6300,10.3600,10.4700,10.5400,6990583,73262406.1000,3,0.687700,1,-0.664100,0
2023-05-26,sh.600223,10.7500,10.7700,10.1600,10.3600,10.4700,9519348,98305050.6400,3,0.936400,1,-1.050600,0
2023-05-29,sh.600223,10.3300,10.6800,10.3300,10.3900,10.3600,10548018,110386738.6600,3,1.037600,1,0.289600,0
2023-05-30,sh.600223,10.3400,10.3900,10.0900,10.2700,10.3900,8884896,90555043.2400,3,0.874000,1,-1.155000,0
2023-05-31,sh.600223,10.2500,10.3300,10.0900,10.1900,10.2700,6944445,70897751.2500,3,0.683100,1,-0.779000,0
2023-06-01,sh.600223,10.2000,10.2000,10.0100,10.0400,10.1900,7992051,80526123.4200,3,0.786200,1,-1.472000,0
2023-06-02,sh.600223,10.0500,10.2300,10.0200,10.1400,10.0400,6343437,64337126.7500,3,0.624000,1,0.996000,0
2023-06-05,sh.600223,10.1400,10.5900,10.1300,10.5500,10.1400,14101624,147635347.8600,3,1.387200,1,4.043400,0
2023-06-06,sh.600223,10.5500,10.6000,10.3500,10.3700,10.5500,7552584,79142118.2000,3,0.742900,1,-1.706200,0
2023-06-07,sh.600223,10.3800,10.5000,10.3300,10.3800,10.3700,4814628,50134727.4800,3,0.473600,1,0.096400,0
2023-06-08,sh.600223,10.4200,10.4500,10.2100,10.3600,10.3800,4234700,43773893.0000,3,0.416600,1,-0.192700,0
2023-06-09,sh.600223,10.3300,10.3600,10.1800,10.2500,10.3600,4829425,49493430.3200,3,0.475100,1,-1.061800,0
2023-06-12,sh.600223,10.2300,10.5200,10.1000,10.4100,10.2500,8821177,91005039.8700,3,0.867700,1,1.561000,0
2023-06-13,sh.600223,10.4300,10.4900,10.3000,10.3700,10.4100,5764593,59865819.3300,3,0.567100,1,-0.384200,0
2023-06-14,sh.600223,10.3500,10.7300,10.3200,10.5500,10.3700,10434777,110390914.5000,3,1.026500,1,1.735800,0
2023-06-15,sh.600223,10.6100,11.0500,10.5000,10.9600,10.5500,17387042,188676417.4200,3,1.710400,1,3.886300,0
2023-06-16,sh.600223,10.9500,11.5500,10.9000,11.2600,10.9600,20487016,231765530.9900,3,2.015300,1,2.737200,0
2023-06-19,sh.600223,11.2100,11.3800,11.0700,11.0800,11.2600,10763825,120376957.2500,3,1.058800,1,-1.598600,0
2023-06-20,sh.600223,11.0700,11.0800,10.6300,10.6600,11.0800,10966650,118411768.5000,3,1.078800,1,-3.790600,0
2023-06-21,sh.600223,10.6600,10.7800,10.3400,10.3600,10.6600,9546700,100376353.5200,3,0.939100,1,-2.814300,0
2023-06-26,sh.600223,10.3100,10.3300,10.0500,10.1100,10.3600,9665818,97978022.2500,3,0.950800,1,-2.413100,0
2023-06-27,sh.600223,10.1600,10.5300,10.0500,10.3800,10.1100,10597340,109718070.2800,3,1.042500,1,2.670600,0
2023-06-28,sh.600223,10.3900,10.4800,10.2400,10.3700,10.3800,5541088,57357759.0500,3,0.545100,1,-0.096300,0
2023-06-29,sh.600223,10.3800,10.4000,10.2400,10.2600,10.3700,4863200,50070907.0000,3,0.478400,1,-1.060800,0
2023-06-30,sh.600223,10.2600,10.3900,10.2000,10.2600,10.2600,5321800,54785826.0000,3,0.523500,1,0.000000,0
2023-07-03,sh.600223,10.2500,10.5000,10.2500,10.4300,10.2600,7424312,77410995.7800,3,0.730300,1,1.656900,0
2023-07-04,sh.600223,10.4900,10.5000,10.3200,10.3800,10.4300,5282426,54840353.3800,3,0.519600,1,-0.479400,0
2023-07-05,sh.600223,10.3300,10.4700,10.2600,10.3100,10.3800,4176941,43189001.3800,3,0.410900,1,-0.674400,0
2023-07-06,sh.600223,10.2600,10.3200,10.1300,10.1600,10.3100,7144625,72810877.2500,3,0.702800,1,-1.454900,0
2023-07-07,sh.600223,10.1200,10.2200,10.0200,10.1200,10.1600,7572499,76468457.9100,3,0.744900,1,-0.393700,0
2023-07-10,sh.600223,10.0800,10.2500,10.0800,10.1600,10.1200,4238173,43081765.4900,3,0.416900,1,0.395300,0
2023-07-11,sh.600223,10.1800,10.2600,10.1000,10.1200,10.1600,6638503,67487782.4000,3,0.653000,1,-0.393700,0
2023-07-12,sh.600223,10.1200,10.2200,9.5900,9.6000,10.1200,17713800,173716995.3000,3,1.742500,1,-5.138300,0
2023-07-13,sh.600223,9.6000,9.6800,9.4900,9.5800,9.6000,8655176,83019420.7800,3,0.851400,1,-0.208300,0
2023-07-14,sh.600223,9.6000,9.6000,9.3500,9.4400,9.5800,9278439,87588185.9400,3,0.912700,1,-1.461400,0
2023-07-17,sh.600223,9.4900,9.4900,9.2700,9.3300,9.4400,5040500,47012628.0000,3,0.495800,1,-1.165300,0
2023-07-18,sh.600223,9.3500,9.3800,9.1900,9.3200,9.3300,11500142,106503902.7200,3,1.131300,1,-0.107200,0
2023-07-19,sh.600223,9.3300,9.5300,9.2000,9.4000,9.3200,12142309,113231700.1200,3,1.194400,1,0.858400,0
2023-07-20,sh.600223,9.4600,9.7500,9.4100,9.5200,9.4000,13924710,133649703.8500,3,1.369800,1,1.276600,0
2023-07-21,sh.600223,9.5300,9.7400,9.4400,9.7000,9.5200,10965829,106010551.6600,3,1.078700,1,1.890800,0
2023-07-24,sh.600223,9.7300,9.8000,9.6200,9.6800,9.7000,6766675,65611924.9900,3,0.665600,1,-0.206200,0
2023-07-25,sh.600223,9.7400,10.1400,9.7200,10.0900,9.6800,14555854,145675052.7400,3,1.431900,1,4.235500,0
2023-07-26,sh.600223,10.0900,10.1600,10.0400,10.1000,10.0900,6474464,65293009.3900,3,0.636900,1,0.099100,0
2023-07-27,sh.600223,10.1400,10.1600,9.9300,10.0600,10.1000,7562702,76208962.8300,3,0.743900,1,-0.396000,0
2023-07-28,sh.600223,10.1500,10.3500,10.0400,10.3000,10.0600,9799852,100332886.0400,3,0.964000,1,2.385700,0
2023-07-31,sh.600223,10.2900,10.6100,10.2900,10.5300,10.3000,14462972,151984265.1200,3,1.422700,1,2.233000,0
2023-08-01,sh.600223,10.5700,10.5800,10.3300,10.3900,10.5300,10259591,107102098.9900,3,1.009200,1,-1.329500,0
2023-08-02,sh.600223,10.4300,10.5400,10.3400,10.3900,10.3900,7636890,79654862.6900,3,0.751200,1,0.000000,0
2023-08-03,sh.600223,10.4400,10.5700,10.3900,10.5700,10.3900,9684200,101864246.0000,3,0.952600,1,1.732400,0
2023-08-04,sh.600223,10.6200,10.6700,10.4100,10.4400,10.5700,7131033,75048623.0700,3,0.701500,1,-1.229900,0
2023-08-07,sh.600223,10.4600,10.5100,10.1700,10.2600,10.4400,8741379,89607277.7700,3,0.859900,1,-1.724100,0
2023-08-08,sh.600223,10.3300,10.3300,10.0600,10.1600,10.2600,6855800,69403296.0000,3,0.674400,1,-0.974700,0
2023-08-09,sh.600223,10.1700,10.2000,10.0700,10.1700,10.1600,6344244,64317959.0100,3,0.624100,1,0.098400,0
2023-08-10,sh.600223,10.1300,10.2500,10.0000,10.2100,10.1700,7826752,79194659.8600,3,0.769900,1,0.393300,0
2023-08-11,sh.600223,10.2200,10.2800,10.0300,10.0900,10.2100,6302300,63711300.0000,3,0.620000,1,-1.175300,0
2023-08-14,sh.600223,10.0000,10.0000,9.7400,9.9700,10.0900,6870768,67906357.9200,3,0.675900,1,-1.189300,0
2023-08-15,sh.600223,10.0000,10.0100,9.7500,9.8800,9.9700,3951691,38957933.9100,3,0.388700,1,-0.902700,0
2023-08-16,sh.600223,9.8800,10.0500,9.7800,9.9200,9.8800,3753591,37285211.0800,3,0.369200,1,0.404900,0
2023-08-17,sh.600223,9.8800,10.0800,9.8200,10.0300,9.9200,5556300,55440791.0000,3,0.546600,1,1.108900,0
2023-08-18,sh.600223,10.0100,10.0700,9.5600,9.5800,10.0300,7492637,72991560.7500,3,0.737100,1,-4.486500,0
2023-08-21,sh.600223,9.5800,9.7700,9.5000,9.5100,9.5800,6200060,59564154.0000,3,0.609900,1,-0.730700,0
2023-08-22,sh.600223,9.6200,9.7200,9.4700,9.6300,9.5100,7272047,69731433.7700,3,0.715400,1,1.261800,0
2023-08-23,sh.600223,9.6300,9.6300,9.3100,9.4000,9.6300,7653815,71996494.7000,3,0.752900,1,-2.388400,0
2023-08-24,sh.600223,9.4200,9.5300,9.2100,9.3100,9.4000,7909484,73910100.9200,3,0.778100,1,-0.957400,0
2023-08-25,sh.600223,9.4100,9.5400,9.2000,9.3100,9.3100,7621908,71091866.3000,3,0.749800,1,0.000000,0
2023-08-28,sh.600223,9.6800,9.8300,8.8900,8.9600,9.3100,21942315,201393315.2200,3,2.158500,1,-3.759400,0
2023-08-29,sh.600223,8.9000,9.2200,8.8100,9.1900,8.9600,13016638,117447381.6500,3,1.280400,1,2.567000,0
2023-08-30,sh.600223,9.2000,9.3900,9.0800,9.1000,9.1900,6730234,61586537.2400,3,0.662100,1,-0.979300,0
2023-08-31,sh.600223,9.0600,9.0600,8.8600,8.8900,9.1000,6020700,53702097.0000,3,0.592300,1,-2.307700,0
2023-09-01,sh.600223,8.9300,9.0500,8.8900,8.9900,8.8900,5305295,47756131.7900,3,0.521900,1,1.124900,0
2023-09-04,sh.600223,9.0100,9.3200,9.0100,9.2200,8.9900,8489558,78193413.2100,3,0.835100,1,2.558400,0
2023-09-05,sh.600223,9.2400,9.2400,8.9900,9.0500,9.2200,5740043,52003066.7300,3,0.564600,1,-1.843800,0
2023-09-06,sh.600223,9.0200,9.1400,8.9700,9.0800,9.0500,4220020,38215108.4200,3,0.415100,1,0.331500,0
2023-09-07,sh.600223,9.0100,9.0800,8.9200,8.9300,9.0800,4287000,38525358.0000,3,0.421700,1,-1.652000,0
2023-09-08,sh.600223,8.9000,8.9900,8.8400,8.8900,8.9300,3463296,30738528.5200,3,0.340700,1,-0.447900,0
2023-09-11,sh.600223,8.8900,9.0100,8.7500,8.9900,8.8900,4401000,39222601.0000,3,0.432900,1,1.124900,0
2023-09-12,sh.600223,8.9800,9.1600,8.9200,9.0300,8.9900,4344908,39368537.9700,3,0.427400,1,0.444900,0
2023-09-13,sh.600223,9.0000,9.1100,8.9000,8.9800,9.0300,3486750,31300856.0000,3,0.343000,1,-0.553700,0
2023-09-14,sh.600223,8.9500,8.9700,8.8600,8.9100,8.9800,3101200,27602232.0000,3,0.305100,1,-0.779500,0
2023-09-15,sh.600223,8.9300,9.1700,8.8400,9.0600,8.9100,7293406,65724617.5800,3,0.717500,1,1.683500,0
2023-09-18,sh.600223,9.0200,9.0500,8.8800,9.0300,9.0600,3703850,33262538.5000,3,0.364300,1,-0.331100,0
2023-09-19,sh.600223,9.0100,9.0700,8.9600,9.0200,9.0300,4810759,43343104.0000,3,0.473200,1,-0.110700,0
2023-09-20,sh.600223,8.9700,9.0200,8.8800,9.0000,9.0200,4465673,39955890.0100,3,0.439300,1,-0.221700,0
2023-09-21,sh.600223,8.8900,9.0000,8.5300,8.6400,9.0000,12013861,104402189.0600,3,1.181800,1,-4.000000,0
2023-09-22,sh.600223,8.6500,8.9300,8.5400,8.8900,8.6400,8687968,76310385.5200,3,0.854600,1,2.893500,0
2023-09-25,sh.600223,8.9200,8.9500,8.7200,8.7800,8.8900,5978562,52524773.2600,3,0.588100,1,-1.237300,0
2023-09-26,sh.600223,8.7500,8.9700,8.7100,8.7700,8.7800,5158310,45614928.9000,3,0.507400,1,-0.113900,0
2023-09-27,sh.600223,8.7400,8.9200,8.7400,8.9000,8.7700,6091018,53952704.9100,3,0.599200,1,1.482300,0
2023-09-28,sh.600223,8.9000,8.9700,8.8400,8.9000,8.9000,4453150,39573832.0000,3,0.438100,1,0.000000,0
2023-10-09,sh.600223,8.8300,8.8600,8.5700,8.6200,8.9000,7494100,64952191.0000,3,0.737200,1,-3.146100,0
2023-10-10,sh.600223,8.6500,8.6800,8.4900,8.4900,8.6200,4170900,35708481.5600,3,0.410300,1,-1.508100,0
2023-10-11,sh.600223,8.4800,8.6300,8.3800,8.4400,8.4900,8484195,72012144.7300,3,0.834600,1,-0.588900,0
2023-10-12,sh.600223,8.4400,8.6600,8.1100,8.6300,8.4400,14549881,122207770.1100,3,1.431300,1,2.251200,0
2023-10-13,sh.600223,8.6000,9.2000,8.5600,9.1500,8.6300,25671636,231318215.2300,3,2.525300,1,6.025500,0
2023-10-16,sh.600223,9.1500,9.7500,9.1000,9.6100,9.1500,26511527,252825649.5300,3,2.607900,1,5.027300,0
2023-10-17,sh.600223,9.6800,9.6800,9.2600,9.5300,9.6100,11805653,111360906.3100,3,1.161300,1,-0.832500,0
2023-10-18,sh.600223,9.4600,9.8700,9.4200,9.6700,9.5300,12909096,124806915.7700,3,1.269900,1,1.469000,0
2023-10-19,sh.600223,9.5900,9.6700,9.3000,9.3200,9.6700,8378558,79028060.1700,3,0.824200,1,-3.619400,0
2023-10-20,sh.600223,9.2300,9.4600,9.1900,9.3300,9.3200,6871684,63827765.8000,3,0.676000,1,0.107300,0
2023-10-23,sh.600223,9.2100,9.2500,8.9600,9.0700,9.3300,6874251,62408299.5100,3,0.676200,1,-2.786700,0
2023-10-24,sh.600223,9.0500,9.3600,8.9400,9.2800,9.0700,6439776,59042590.8400,3,0.633500,1,2.315300,0
2023-10-25,sh.600223,9.3000,9.4000,9.1700,9.1900,9.2800,5482585,50895633.2000,3,0.539300,1,-0.969800,0
2023-10-26,sh.600223,9.1300,9.2300,9.0500,9.1500,9.1900,3621555,33032439.5000,3,0.356300,1,-0.435300,0
2023-10-27,sh.600223,9.1400,9.3800,9.0400,9.3500,9.1500,4682827,43299797.4300,3,0.460700,1,2.185800,0
2023-10-30,sh.600223,9.6400,10.2900,9.5600,10.2100,9.3500,28003775,284857826.7600,3,2.754700,1,9.197900,0
2023-10-31,sh.600223,10.2300,11.2300,10.0000,10.9200,10.2100,38277510,409948079.5800,3,3.765400,1,6.954000,0
2023-11-01,sh.600223,11.0300,11.0900,10.3400,10.4600,10.9200,27695466,293869484.1400,3,2.724400,1,-4.212500,0
2023-11-02,sh.600223,10.4600,10.6200,10.2600,10.3400,10.4600,14354148,149959262.1800,3,1.412000,1,-1.147200,0
2023-11-03,sh.600223,10.3400,10.3700,9.9500,10.0100,10.3400,17022571,172349106.8900,3,1.674500,1,-3.191500,0
2023-11-06,sh.600223,10.0800,10.3200,10.0400,10.2500,10.0100,10790350,110015025.0700,3,1.061400,1,2.397600,0
2023-11-07,sh.600223,10.2500,10.2800,10.0800,10.2400,10.2500,6500456,66228294.6000,3,0.639500,1,-0.097600,0
2023-11-08,sh.600223,10.2100,10.4500,10.0800,10.1400,10.2400,8744901,89407218.7900,3,0.860200,1,-0.976600,0
2023-11-09,sh.600223,10.1400,10.2100,9.9600,10.0400,10.1400,6250544,62931105.1600,3,0.614900,1,-0.986200,0
2023-11-10,sh.600223,10.0500,10.0900,9.9300,10.0600,10.0400,3844404,38556269.6300,3,0.378200,1,0.199200,0
2023-11-13,sh.600223,10.0900,10.1700,9.9700,9.9900,10.0600,4651720,46603061.8000,3,0.457600,1,-0.695800,0
2023-11-14,sh.600223,9.9900,10.2800,9.9900,10.2400,9.9900,8431374,85914290.0300,3,0.829400,1,2.502500,0
2023-11-15,sh.600223,10.3000,10.3300,10.1300,10.2100,10.2400,4735657,48213712.5700,3,0.465800,1,-0.293000,0
2023-11-16,sh.600223,10.2000,10.2000,10.0500,10.1500,10.2100,4174810,42259896.9000,3,0.410700,1,-0.587700,0
2023-11-17,sh.600223,10.1000,10.1900,10.0700,10.1300,10.1500,3816033,38602622.3100,3,0.375400,1,-0.197000,0
2023-11-20,sh.600223,10.1300,10.2800,10.1300,10.1900,10.1300,5445258,55589270.9200,3,0.535700,1,0.592300,0
2023-11-21,sh.600223,10.1900,10.4200,10.1400,10.3400,10.1900,9523758,98205874.3100,3,0.936900,1,1.472000,0
2023-11-22,sh.600223,10.3400,10.5400,10.2800,10.4300,10.3400,8401059,87629273.8200,3,0.826400,1,0.870400,0
2023-11-23,sh.600223,10.4000,10.5300,10.3500,10.4500,10.4300,4899054,51127954.8800,3,0.481900,1,0.191800,0
2023-11-24,sh.600223,10.4200,10.6000,10.3900,10.5300,10.4500,7895896,82965106.9400,3,0.776700,1,0.765600,0
2023-11-27,sh.600223,10.5600,10.6900,10.3200,10.3800,10.5300,8637350,90720128.0000,3,0.849700,1,-1.424500,0
2023-11-28,sh.600223,10.3600,10.4200,10.1500,10.2000,10.3800,10209952,104705373.9000,3,1.004400,1,-1.734100,0
2023-11-29,sh.600223,10.1600,10.2100,10.0700,10.1000,10.2000,5512529,55861137.5300,3,0.542300,1,-0.980400,0
2023-11-30,sh.600223,10.2000,10.2600,10.0200,10.1600,10.1000,5129386,52036667.9000,3,0.504600,1,0.594100,0
2023-12-01,sh.600223,10.3000,10.3500,10.0600,10.1700,10.1600,5823000,59177588.3200,3,0.572800,1,0.098400,0
2023-12-04,sh.600223,10.1000,10.1400,9.8100,9.9300,10.1700,9373166,92874980.3300,3,0.922000,1,-2.359900,0
2023-12-05,sh.600223,9.9300,9.9500,9.6900,9.6900,9.9300,3968600,38854488.0000,3,0.390400,1,-2.416900,0
2023-12-06,sh.600223,9.7200,9.9700,9.7000,9.9000,9.6900,4599725,45413183.7500,3,0.452500,1,2.167200,0
2023-12-07,sh.600223,9.9300,10.1600,9.8000,10.0400,9.9000,5753730,57408278.6000,3,0.566000,1,1.414100,0
2023-12-08,sh.600223,10.0300,10.1400,9.7300,9.7500,10.0400,5771093,57047238.5800,3,0.567700,1,-2.888400,0
2023-12-11,sh.600223,9.7800,9.9000,9.6700,9.8900,9.7500,6278508,61336691.4800,3,0.617600,1,1.435900,0
2023-12-12,sh.600223,9.8900,9.9400,9.7900,9.8300,9.8900,4046193,39781224.4000,3,0.398000,1,-0.606700,0
2023-12-13,sh.600223,9.9000,9.9400,9.8100,9.8200,9.8300,3856193,38068691.4900,3,0.379300,1,-0.101700,0
2023-12-14,sh.600223,9.8700,9.9600,9.7000,9.7200,9.8200,5352900,52488428.0000,3,0.526600,1,-1.018300,0
2023-12-15,sh.600223,9.6500,9.8700,9.6500,9.8300,9.7200,6574175,64396943.2500,3,0.646700,1,1.131700,0
2023-12-18,sh.600223,9.9100,10.2400,9.7400,9.8900,9.8300,10791436,107897203.3900,3,1.061600,1,0.610400,0
2023-12-19,sh.600223,9.8800,9.8900,9.5100,9.5400,9.8900,7959337,76792427.5800,3,0.783000,1,-3.538900,0
2023-12-20,sh.600223,9.5500,9.6600,9.4400,9.4500,9.5400,4810000,45979298.0000,3,0.473200,1,-0.943400,0
2023-12-21,sh.600223,9.4000,9.5900,9.2900,9.5300,9.4500,5541395,52246115.5500,3,0.545100,1,0.846600,0
2023-12-22,sh.600223,9.6900,9.6900,9.3600,9.4500,9.5300,4559193,43208678.4800,3,0.448500,1,-0.839500,0
2023-12-25,sh.600223,9.4500,9.4600,9.1600,9.2400,9.4500,7277108,67306461.4800,3,0.715900,1,-2.222200,0
2023-12-26,sh.600223,9.3400,9.3400,9.1100,9.1800,9.2400,5765508,52928800.8800,3,0.567200,1,-0.649400,0
2023-12-27,sh.600223,9.1800,9.2600,9.0300,9.1500,9.1800,7028135,64177368.6500,3,0.691400,1,-0.326800,0
2023-12-28,sh.600223,9.0900,9.6100,9.0500,9.5500,9.1500,7308158,68774969.0600,3,0.718900,1,4.371600,0
2023-12-29,sh.600223,9.5500,9.6700,9.5400,9.6300,9.5500,4599100,44245723.0000,3,0.452400,1,0.837700,0
2024-01-02,sh.600223,9.6500,9.6800,9.3600,9.4000,9.6300,7077600,67353448.5000,3,0.696200,1,-2.388400,0
2024-01-03,sh.600223,9.3600,9.5200,9.2900,9.3100,9.4000,5068100,47540983.0000,3,0.498500,1,-0.957400,0
2024-01-04,sh.600223,9.3100,9.3500,9.1600,9.3500,9.3100,4195139,38838081.0500,3,0.412700,1,0.429600,0
2024-01-05,sh.600223,9.2700,9.3800,9.1600,9.2800,9.3500,5114857,47372170.0100,3,0.503100,1,-0.748700,0
2024-01-08,sh.600223,9.2600,9.2600,8.9200,8.9400,9.2800,6126001,55448952.4300,3,0.602600,1,-3.663800,0
2024-01-09,sh.600223,8.9200,9.2800,8.9200,9.1700,8.9400,5340484,48775795.9700,3,0.525300,1,2.572700,0
2024-01-10,sh.600223,9.1700,9.7000,9.0100,9.5700,9.1700,13067697,123528832.0300,3,1.285500,1,4.362100,0
2024-01-11,sh.600223,9.5000,9.9600,9.4600,9.8700,9.5700,14754506,143108958.9300,3,1.451400,1,3.134800,0
2024-01-12,sh.600223,9.8100,9.8200,9.3200,9.3500,9.8700,10502262,100087111.6400,3,1.033100,1,-5.268500,0
2024-01-15,sh.600223,9.3100,9.6400,9.2700,9.5700,9.3500,6889192,65548160.5200,3,0.677700,1,2.352900,0
2024-01-16,sh.600223,9.5700,9.6300,9.1700,9.3700,9.5700,7798159,72958237.0300,3,0.767100,1,-2.089900,0
2024-01-17,sh.600223,9.3000,9.4200,9.0100,9.0200,9.3700,6128873,56302962.2600,3,0.602900,1,-3.735300,0
2024-01-18,sh.600223,8.9600,9.0100,8.6400,8.9100,9.0200,9780886,86203997.5200,3,0.962100,1,-1.219500,0
2024-01-19,sh.600223,8.9500,9.0900,8.8400,8.9400,8.9100,5087869,45628297.5400,3,0.500500,1,0.336700,0
2024-01-22,sh.600223,8.8800,8.9400,8.0900,8.1600,8.9400,9449276,79816490.9600,3,0.929500,1,-8.724800,0
2024-01-23,sh.600223,8.1800,8.2000,7.8200,8.0800,8.1600,11973531,95875925.5100,3,1.177800,1,-0.980400,0
2024-01-24,sh.600223,8.1600,8.4900,8.0200,8.4400,8.0800,16198251,133681128.0800,3,1.593400,1,4.455400,0
2024-01-25,sh.600223,8.4500,8.5600,8.2900,8.5200,8.4400,12101635,102205766.2300,3,1.190400,1,0.947900,0
2024-01-26,sh.600223,8.5000,8.7400,8.4600,8.5600,8.5200,9163801,78709326.5600,3,0.901400,1,0.469500,0
2024-01-29,sh.600223,8.6300,8.6300,8.1600,8.1800,8.5600,8625029,71841345.9900,3,0.848400,1,-4.439300,0
2024-01-30,sh.600223,8.1200,8.2200,7.7900,7.8000,8.1800,9905218,79241952.3000,3,0.974400,1,-4.645500,0
2024-01-31,sh.600223,7.8100,7.8200,7.3800,7.5400,7.8000,10675719,80782166.2600,3,1.050200,1,-3.333300,0
2024-02-01,sh.600223,7.4400,7.7400,7.2400,7.6200,7.5400,12189218,91559918.0200,3,1.199100,1,1.061000,0
2024-02-02,sh.600223,7.6000,7.7300,6.8600,7.1800,7.6200,12939898,93678665.2300,3,1.272900,1,-5.774300,0
2024-02-05,sh.600223,7.1700,7.1700,6.4600,6.6800,7.1800,17173717,115408053.5300,3,1.689400,1,-6.963800,0
2024-02-06,sh.600223,6.7400,7.3500,6.3800,7.3500,6.6800,14531796,100300986.5500,3,1.429500,1,10.029900,0
2024-02-07,sh.600223,7.3700,8.0900,7.3700,8.0000,7.3500,24260443,193156274.5400,3,2.386500,1,8.843500,0
2024-02-08,sh.600223,7.8600,8.2500,7.8400,7.9500,8.0000,18717269,151240261.6700,3,1.841200,1,-0.625000,0
2024-02-19,sh.600223,7.9700,8.3200,7.9200,8.0200,7.9500,12719937,102763707.8300,3,1.251300,1,0.880500,0
2024-02-20,sh.600223,7.9900,8.1600,7.9000,8.1000,8.0200,10569265,84774964.1500,3,1.039700,1,0.997500,0
2024-02-21,sh.600223,8.0400,8.6900,7.9600,8.4700,8.1000,15095660,126249095.1700,3,1.485000,1,4.567900,0
2024-02-22,sh.600223,8.4800,8.6600,8.4100,8.5200,8.4700,8951346,75938789.4800,3,0.880500,1,0.590300,0
2024-02-23,sh.600223,8.4400,8.8100,8.4400,8.7800,8.5200,9724231,83896266.0200,3,0.956600,1,3.051600,0
2024-02-26,sh.600223,8.7600,9.0900,8.7000,8.9900,8.7800,10271559,92078513.0000,3,1.010400,1,2.391800,0
2024-02-27,sh.600223,8.9600,9.1000,8.8800,9.0300,8.9900,7610413,68534201.1900,3,0.748600,1,0.444900,0
2024-02-28,sh.600223,9.0700,9.4100,8.7500,8.7500,9.0300,11791361,107433778.0400,3,1.159900,1,-3.100800,0
2024-02-29,sh.600223,8.7600,9.1800,8.7200,9.1200,8.7500,9428714,85334206.8000,3,0.927500,1,4.228600,0
2024-03-01,sh.600223,9.0800,9.2300,8.9500,9.0200,9.1200,7257746,65497914.1600,3,0.713900,1,-1.096500,0
2024-03-04,sh.600223,9.0000,9.1400,8.7900,9.1100,9.0200,8277200,74125570.0000,3,0.814200,1,0.997800,0
2024-03-05,sh.600223,9.0800,9.1400,8.9500,9.0200,9.1100,5632345,50869877.7500,3,0.554100,1,-0.987900,0
2024-03-06,sh.600223,8.9800,9.0100,8.7400,8.9000,9.0200,9488125,84116622.7600,3,0.933300,1,-1.330400,0
2024-03-07,sh.600223,8.8400,9.3400,8.8400,9.1000,8.9000,14937841,137020798.6700,3,1.469400,1,2.247200,0
2024-03-08,sh.600223,9.1200,9.4800,9.1100,9.2500,9.1000,8359096,77802601.8200,3,0.822300,1,1.648400,0
2024-03-11,sh.600223,9.2500,9.4000,9.1800,9.2800,9.2500,5582672,51769700.0000,3,0.549200,1,0.324300,0
2024-03-12,sh.600223,9.2900,9.5300,9.2600,9.5100,9.2800,7716519,72927926.2400,3,0.759100,1,2.478400,0
2024-03-13,sh.600223,9.5000,9.5000,9.1800,9.3800,9.5100,9949587,92783393.6300,3,0.978700,1,-1.367000,0
2024-03-14,sh.600223,9.3100,9.5800,9.3100,9.4100,9.3800,8439827,79599632.3400,3,0.830200,1,0.319800,0
2024-03-15,sh.600223,9.4000,9.4600,9.3100,9.4200,9.4100,4965796,46631559.5700,3,0.488500,1,0.106300,0
2024-03-18,sh.600223,9.4200,9.7000,9.3800,9.6700,9.4200,8198068,78599329.5000,3,0.806400,1,2.653900,0
2024-03-19,sh.600223,9.7200,9.7800,9.5700,9.6900,9.6700,6538125,63370483.9000,3,0.643200,1,0.206800,0
2024-03-20,sh.600223,9.6900,9.7900,9.5300,9.6200,9.6900,5603663,53858758.3300,3,0.551200,1,-0.722400,0
2024-03-21,sh.600223,9.7300,9.7300,9.4500,9.5500,9.6200,5781094,55217809.6800,3,0.568700,1,-0.727700,0
2024-03-22,sh.600223,9.6400,9.6400,9.1800,9.4700,9.5500,12534141,117545668.8000,3,1.233000,1,-0.837700,0
2024-03-25,sh.600223,9.4100,9.4600,9.2000,9.2000,9.4700,7804022,72835135.3200,3,0.767700,1,-2.851100,0
2024-03-26,sh.600223,9.2000,9.3700,9.0600,9.2200,9.2000,10121158,93058298.9300,3,0.995600,1,0.217400,0
2024-03-27,sh.600223,9.2200,9.2200,8.7200,8.7300,9.2200,16517981,146816173.5700,3,1.624900,1,-5.314500,0
2024-03-28,sh.600223,8.7700,8.9300,8.6700,8.7900,8.7300,9127385,80226484.9000,3,0.897900,1,0.687300,0
2024-03-29,sh.600223,8.7800,8.7800,8.2700,8.4400,8.7900,17254221,145245945.2100,3,1.697300,1,-3.981800,0
2024-04-01,sh.600223,8.3800,8.6900,8.3800,8.5300,8.4400,18789714,160608234.1500,3,1.848300,1,1.066400,0
2024-04-02,sh.600223,8.5300,8.5300,8.1500,8.3700,8.5300,13656350,113382536.0500,3,1.343400,1,-1.875700,0
2024-04-03,sh.600223,8.4100,8.4100,8.0900,8.1100,8.3700,13008000,106630706.0000,3,1.279600,1,-3.106300,0
2024-04-08,sh.600223,8.1300,8.1800,7.9700,8.0200,8.1100,8498950,68483813.5000,3,0.836000,1,-1.109700,0
2024-04-09,sh.600223,8.0500,8.3300,7.8900,8.2900,8.0200,12628637,102468086.6200,3,1.242300,1,3.366600,0
2024-04-10,sh.600223,8.2500,8.2500,7.9200,8.0000,8.2900,11818320,95048460.7000,3,1.162600,1,-3.498200,0
2024-04-11,sh.600223,7.9800,8.1900,7.8700,8.1000,8.0000,17235510,139421441.8400,3,1.695500,1,1.250000,0
2024-04-12,sh.600223,8.1000,8.1400,7.9300,8.0200,8.1000,11111179,89287033.6300,3,1.093000,1,-0.987700,0
2024-04-15,sh.600223,8.0000,8.0700,7.7700,8.0200,8.0200,12899022,101928891.8500,3,1.268900,1,0.000000,0
2024-04-16,sh.600223,8.0000,8.0000,7.5600,7.7600,8.0200,10580329,82007923.8300,3,1.040800,1,-3.241900,0
2024-04-17,sh.600223,7.7000,8.0700,7.7000,8.0700,7.7600,10391950,82241366.5300,3,1.022300,1,3.994800,0
2024-04-18,sh.600223,8.0000,8.0900,7.8600,7.8800,8.0700,10010097,79633847.3500,3,0.984700,1,-2.354400,0
2024-04-19,sh.600223,7.9300,7.9300,7.7100,7.8000,7.8800,6614500,51564275.0000,3,0.650700,1,-1.015200,0
2024-04-22,sh.600223,7.7600,7.9000,7.6500,7.8100,7.8000,5183800,40458020.0000,3,0.509900,1,0.128200,0
2024-04-23,sh.600223,7.8500,8.0900,7.8100,8.0500,7.8100,9386147,74786944.3500,3,0.923300,1,3.073000,0
2024-04-24,sh.600223,8.0800,8.0800,7.9000,7.9800,8.0500,6501970,51704252.2700,3,0.639600,1,-0.869600,0
2024-04-25,sh.600223,7.9900,8.0700,7.9400,7.9900,7.9800,5484800,43842145.4000,3,0.539500,1,0.125300,0
2024-04-26,sh.600223,7.9800,8.1500,7.9500,8.1400,7.9900,8430387,68037363.3100,3,0.829300,1,1.877300,0
2024-04-29,sh.600223,8.1300,8.4500,8.1200,8.3900,8.1400,13872553,116073785.0200,3,1.364600,1,3.071300,0
2024-04-30,sh.600223,8.3500,8.3600,7.8900,7.8900,8.3900,21039716,168650595.1600,3,2.069700,1,-5.959500,0
2024-05-06,sh.600223,8.2800,8.6800,8.2800,8.6800,7.8900,15704372,134261811.8800,3,1.544800,1,10.012700,0
2024-05-07,sh.600223,9.0800,9.2000,8.6800,8.7500,8.6800,50153714,444670788.6000,3,4.933600,1,0.806500,0
2024-05-08,sh.600223,8.6800,9.0400,8.6100,8.9100,8.7500,38070584,336732558.5900,3,3.745000,1,1.828600,0
2024-05-09,sh.600223,8.8500,8.9400,8.7200,8.7900,8.9100,24935785,220156251.8300,3,2.452900,1,-1.346800,0
2024-05-10,sh.600223,8.8300,9.0000,8.6800,8.7400,8.7900,22701127,200640379.9000,3,2.233100,1,-0.568800,0
2024-05-13,sh.600223,8.6200,8.8800,8.5400,8.5600,8.7400,18432709,159761366.6200,3,1.813200,1,-2.059500,0
2024-05-14,sh.600223,8.5800,8.7500,8.5500,8.6700,8.5600,14905825,129066450.5000,3,1.466300,1,1.285000,0
2024-05-15,sh.600223,8.6400,8.6400,8.4100,8.4500,8.6700,15162627,128725921.1800,3,1.491500,1,-2.537500,0
2024-05-16,sh.600223,8.5000,8.5600,8.4200,8.4400,8.4500,8867600,75259398.0000,3,0.872300,1,-0.118300,0
2024-05-17,sh.600223,8.4400,8.6900,8.3900,8.6800,8.4400,11883373,101664305.9600,3,1.169000,1,2.843600,0
2024-05-20,sh.600223,8.6800,8.7900,8.6300,8.7000,8.6800,12343801,107554275.7500,3,1.214300,1,0.230400,0
2024-05-21,sh.600223,8.7200,8.7200,8.4900,8.5400,8.7000,10596201,90719147.5100,3,1.042300,1,-1.839100,0
2024-05-22,sh.600223,9.2300,9.3900,8.6500,8.7000,8.5400,38059147,340107134.0400,3,3.743900,1,1.873500,0
2024-05-23,sh.600223,8.4100,8.5400,8.1200,8.2100,8.7000,28010407,231831358.1000,3,2.755400,1,-5.632200,0
2024-05-24,sh.600223,8.2100,8.2600,8.0300,8.0600,8.2100,10765329,87292030.9000,3,1.059000,1,-1.827000,0
2024-05-27,sh.600223,8.0100,8.1200,7.9600,8.1000,8.0600,7326638,58852685.5200,3,0.720700,1,0.496300,0
2024-05-28,sh.600223,8.0900,8.1200,7.9800,7.9800,8.1000,6443900,51674152.0000,3,0.633900,1,-1.481500,0
2024-05-29,sh.600223,7.9500,8.0600,7.9300,8.0100,7.9800,5933048,47491933.4800,3,0.583600,1,0.375900,0
2024-05-30,sh.600223,7.9200,8.0200,7.8600,7.8900,8.0100,6527632,51701187.7200,3,0.642100,1,-1.498100,0
2024-05-31,sh.600223,7.8900,8.0700,7.8900,8.0400,7.8900,6122340,49050866.3300,3,0.602300,1,1.901100,0
2024-06-03,sh.600223,8.0200,8.0200,7.8100,7.8400,8.0400,7473863,58967471.2900,3,0.735200,1,-2.487600,0
2024-06-04,sh.600223,7.8400,7.8900,7.7000,7.8800,7.8400,7484400,58353627.0000,3,0.736200,1,0.510200,0
2024-06-05,sh.600223,7.8200,7.9200,7.7700,7.7900,7.8800,5882500,46122379.0000,3,0.578700,1,-1.142100,0
2024-06-06,sh.600223,7.8100,7.8600,7.4900,7.5300,7.7900,9571500,73092835.0000,3,0.941500,1,-3.337600,0
2024-06-07,sh.600223,7.6300,7.8100,7.5900,7.6500,7.5300,6375781,49001806.5600,3,0.627200,1,1.593600,0
2024-06-11,sh.600223,7.6500,7.7300,7.5200,7.7100,7.6500,5083805,38852882.5500,3,0.500100,1,0.784300,0
2024-06-12,sh.600223,7.6900,7.7600,7.6600,7.7400,7.7100,5298925,40943187.7000,3,0.521300,1,0.389100,0
2024-06-13,sh.600223,7.7400,7.8200,7.6600,7.6700,7.7400,6393501,49367536.7300,3,0.628900,1,-0.904400,0
2024-06-14,sh.600223,7.6900,7.7300,7.5800,7.7200,7.6700,5237170,40073126.8800,3,0.515200,1,0.651900,0
2024-06-17,sh.600223,7.7100,7.7500,7.5100,7.5200,7.7200,7075088,53802088.2300,3,0.696000,1,-2.590700,0
2024-06-18,sh.600223,7.6200,7.7000,7.5400,7.6300,7.5200,5852809,44726030.4900,3,0.575700,1,1.462800,0
2024-06-19,sh.600223,7.6500,7.6900,7.5100,7.5500,7.6300,5495436,41588547.8800,3,0.540600,1,-1.048500,0
2024-06-20,sh.600223,7.5200,7.5400,7.2700,7.3600,7.5500,7709772,56910473.0400,3,0.758400,1,-2.516600,0
2024-06-21,sh.600223,7.3000,7.4100,7.2400,7.3400,7.3600,5929310,43331574.4000,3,0.583300,1,-0.271700,0
2024-06-24,sh.600223,7.2700,7.2700,7.0000,7.0000,7.3400,7699600,54593542.0000,3,0.757400,1,-4.632200,0
2024-06-25,sh.600223,7.0300,7.1200,7.0100,7.0400,7.0000,6267799,44272536.8700,3,0.616600,1,0.571400,0
2024-06-26,sh.600223,7.0700,7.2500,6.9900,7.2300,7.0400,6366835,45483784.4500,3,0.626300,1,2.698900,0
2024-06-27,sh.600223,7.2100,7.2500,7.0900,7.1900,7.2300,7173100,51309473.0000,3,0.705600,1,-0.553300,0
2024-06-28,sh.600223,7.1100,7.2000,7.0100,7.0700,7.1900,8625250,61361611.0000,3,0.848500,1,-1.669000,0
2024-07-01,sh.600223,7.0100,7.0900,6.8400,7.0300,7.0700,9382026,65408625.8400,3,0.922900,1,-0.565800,0
2024-07-02,sh.600223,7.0800,7.1200,7.0100,7.0400,7.0300,6701663,47319580.6700,3,0.659200,1,0.142200,0
2024-07-03,sh.600223,7.0400,7.0700,6.9600,7.0000,7.0400,5620400,39398666.0000,3,0.552900,1,-0.568200,0
2024-07-04,sh.600223,7.0000,7.0000,6.5900,6.6900,7.0000,12730418,85923999.8600,3,1.252300,1,-4.428600,0
2024-07-05,sh.600223,6.6800,6.7500,6.5300,6.6400,6.6900,10520317,69600724.0500,3,1.034900,1,-0.747400,0
2024-07-08,sh.600223,6.6200,6.6200,6.2400,6.2700,6.6400,15076264,95935664.2800,3,1.483100,1,-5.572300,0
2024-07-09,sh.600223,6.2500,6.4000,6.2200,6.3700,6.2700,11854532,74718837.4000,3,1.166100,1,1.594900,0
2024-07-10,sh.600223,6.3500,6.4500,6.2700,6.3300,6.3700,8245735,52289089.5000,3,0.811100,1,-0.627900,0
2024-07-11,sh.600223,6.4100,6.5200,6.3800,6.4800,6.3300,9555993,61779655.7800,3,0.940000,1,2.369700,0
2024-07-12,sh.600223,6.4800,6.6100,6.4700,6.5300,6.4800,7795100,51031671.0000,3,0.766800,1,0.771600,0
2024-07-15,sh.600223,6.5300,6.5600,6.4100,6.4600,6.5300,6653300,42920258.0000,3,0.654500,1,-1.072000,0
2024-07-16,sh.600223,6.4400,6.4800,6.3400,6.3700,6.4600,5851276,37312854.1200,3,0.575600,1,-1.393200,0
2024-07-17,sh.600223,6.3500,6.4400,6.3400,6.3900,6.3700,6611376,42273933.3900,3,0.650400,1,0.314000,0
2024-07-18,sh.600223,6.3700,6.4800,6.3100,6.4800,6.3900,7661538,49149286.3700,3,0.753700,1,1.408500,0
2024-07-19,sh.600223,6.4200,6.5000,6.3500,6.4600,6.4800,5472979,35223070.5500,3,0.538400,1,-0.308600,0
2024-07-22,sh.600223,6.4400,6.4900,6.3800,6.4400,6.4600,8419000,54066942.0000,3,0.828200,1,-0.309600,0
2024-07-23,sh.600223,6.4300,6.4600,6.2200,6.2300,6.4400,6869764,43420339.6400,3,0.675800,1,-3.260900,0
2024-07-24,sh.600223,6.2300,6.2600,6.0600,6.1100,6.2300,7033525,43100927.5800,3,0.691900,1,-1.926200,0
2024-07-25,sh.600223,6.0600,6.2700,6.0600,6.2300,6.1100,6831500,42282605.0000,3,0.672000,1,1.964000,0
2024-07-26,sh.600223,6.1900,6.3700,6.1800,6.2700,6.2300,5837202,36703282.7500,3,0.574200,1,0.642100,0
2024-07-29,sh.600223,6.2700,6.2700,6.1200,6.1700,6.2700,6581900,40774802.0000,3,0.647500,1,-1.594900,0
2024-07-30,sh.600223,6.1900,6.2700,6.1200,6.2300,6.1700,5783987,35877372.4600,3,0.569000,1,0.972400,0
2024-07-31,sh.600223,6.1600,6.4400,6.1500,6.4400,6.1300,11385881,72333058.4500,3,1.120000,1,5.057100,0
2024-08-01,sh.600223,6.4400,6.5100,6.3500,6.3900,6.4400,5150500,33034230.0000,3,0.506700,1,-0.776400,0
2024-08-02,sh.600223,6.3700,6.4800,6.3400,6.3900,6.3900,4888300,31375092.0000,3,0.480900,1,0.000000,0
2024-08-05,sh.600223,6.3500,6.6000,6.3400,6.3700,6.3900,8405300,54098816.0000,3,0.826800,1,-0.313000,0
2024-08-06,sh.600223,6.4300,6.5600,6.3600,6.5500,6.3700,9865217,63757490.2400,3,0.970400,1,2.825700,0
2024-08-07,sh.600223,6.4800,6.5400,6.4200,6.4900,6.5500,7104000,46061502.0000,3,0.698800,1,-0.916000,0
2024-08-08,sh.600223,6.4900,6.6200,6.4500,6.5800,6.4900,9932400,65040722.0000,3,0.977100,1,1.386700,0
2024-08-09,sh.600223,6.5800,6.7900,6.5800,6.6400,6.5800,11174200,74606451.0000,3,1.099200,1,0.911900,0
2024-08-12,sh.600223,6.5900,6.6600,6.5400,6.5900,6.6400,6995797,46063675.3500,3,0.688200,1,-0.753000,0
2024-08-13,sh.600223,6.5900,6.5900,6.4600,6.5500,6.5900,5561700,36294935.0000,3,0.547100,1,-0.607000,0
2024-08-14,sh.600223,6.5500,6.5800,6.4400,6.4600,6.5500,4439100,28770684.0000,3,0.436700,1,-1.374000,0
2024-08-15,sh.600223,6.4800,6.5600,6.4200,6.4700,6.4600,5237000,33963943.0000,3,0.515200,1,0.154800,0
2024-08-16,sh.600223,6.4900,6.5400,6.4100,6.4100,6.4700,4407400,28417546.0000,3,0.433600,1,-0.927400,0
2024-08-19,sh.600223,6.4000,6.4700,6.3500,6.4000,6.4100,4617700,29610807.0000,3,0.454200,1,-0.156000,0
2024-08-20,sh.600223,6.3900,6.4400,6.2300,6.2700,6.4000,5320200,33551698.7000,3,0.523300,1,-2.031300,0
2024-08-21,sh.600223,6.2600,6.2900,6.1600,6.2200,6.2700,5147490,31963741.3000,3,0.506400,1,-0.797400,0
2024-08-22,sh.600223,6.2200,6.2700,6.1100,6.1300,6.2200,4700830,28952063.1000,3,0.462400,1,-1.446900,0
2024-08-23,sh.600223,6.0700,6.1500,6.0400,6.1200,6.1300,6948700,42331882.0000,3,0.683500,1,-0.163100,0
2024-08-26,sh.600223,6.1700,6.3000,6.0900,6.1200,6.1200,9397074,58109696.8800,3,0.924400,1,0.000000,0
2024-08-27,sh.600223,6.1100,6.1300,5.9700,6.0500,6.1200,8273445,49871463.0000,3,0.813900,1,-1.143800,0
2024-08-28,sh.600223,6.0100,6.0900,5.9700,6.0300,6.0500,6124200,36932137.0000,3,0.602400,1,-0.330600,0
2024-08-29,sh.600223,6.0300,6.1400,5.9900,6.1100,6.0300,6497128,39584695.6800,3,0.639100,1,1.326700,0
2024-08-30,sh.600223,6.1100,6.4200,6.0900,6.3100,6.1100,10143200,63776983.0000,3,0.997800,1,3.273300,0
2024-09-02,sh.600223,6.3200,6.3200,6.1700,6.1700,6.3100,6987800,43491632.0000,3,0.687400,1,-2.218700,0
2024-09-03,sh.600223,6.1900,6.2600,6.1500,6.1900,6.1700,5238275,32477417.5000,3,0.515300,1,0.324100,0
2024-09-04,sh.600223,6.1600,6.2700,6.1500,6.1600,6.1900,4938200,30619528.0000,3,0.485800,1,-0.484700,0
2024-09-05,sh.600223,6.2000,6.2500,6.1700,6.2400,6.1600,4317500,26860533.0000,3,0.424700,1,1.298700,0
2024-09-06,sh.600223,6.2400,6.2500,6.0700,6.1000,6.2400,6803000,41769615.0000,3,0.669200,1,-2.243600,0
2024-09-09,sh.600223,6.0800,6.2000,6.0200,6.1300,6.1000,5903794,36160290.4200,3,0.580800,1,0.491800,0
2024-09-10,sh.600223,6.1300,6.1300,5.9800,6.0700,6.1300,5803651,35048165.3800,3,0.570900,1,-0.978800,0
2024-09-11,sh.600223,6.0600,6.1100,6.0100,6.0300,6.0700,4977130,30079620.9000,3,0.489600,1,-0.659000,0
2024-09-12,sh.600223,6.0400,6.1200,5.9800,6.0100,6.0300,6332665,38174153.4700,3,0.622900,1,-0.331700,0
2024-09-13,sh.600223,6.0100,6.0300,5.9100,5.9200,6.0100,4605300,27472443.0000,3,0.453000,1,-1.497500,0
2024-09-18,sh.600223,5.9200,5.9500,5.7400,5.8900,5.9200,6258544,36538651.3200,3,0.615700,1,-0.506800,0
2024-09-19,sh.600223,5.9200,6.2300,5.9200,6.1600,5.8900,11691030,71507955.4700,3,1.150000,1,4.584000,0
2024-09-20,sh.600223,6.1500,6.2100,6.0900,6.1900,6.1600,6475225,39918477.3700,3,0.637000,1,0.487000,0
2024-09-23,sh.600223,6.2000,6.2500,6.1200,6.2400,6.1900,5515337,34269347.2200,3,0.542500,1,0.807800,0
2024-09-24,sh.600223,6.3000,6.4500,6.2400,6.4500,6.2400,8745799,55678743.7300,3,0.860300,1,3.365400,0
2024-09-25,sh.600223,6.5300,6.7500,6.5000,6.5300,6.4500,11534266,76479699.5000,3,1.134600,1,1.240300,0
2024-09-26,sh.600223,6.5300,6.9200,6.5000,6.9200,6.5300,14738165,99280547.4000,3,1.449800,1,5.972400,0
2024-09-27,sh.600223,7.1000,7.1900,7.0000,7.1900,6.9200,9621846,68355082.9800,3,0.946500,1,3.901700,0
2024-09-30,sh.600223,7.5700,7.8000,7.3400,7.7300,7.1900,30031255,229129806.4200,3,2.954200,1,7.510400,0
2024-10-08,sh.600223,8.4900,8.5000,7.7400,8.0900,7.7300,29678221,241244453.2800,3,2.919500,1,4.657200,0
2024-10-09,sh.600223,7.8100,7.8500,7.2800,7.3700,8.0900,26646668,200605539.2300,3,2.621200,1,-8.899900,0
2024-10-10,sh.600223,7.3700,7.5400,7.1000,7.1900,7.3700,17026908,123980815.5400,3,1.674900,1,-2.442300,0
2024-10-11,sh.600223,7.1800,7.2200,6.8600,6.9900,7.1900,13444357,94546885.3700,3,1.322500,1,-2.781600,0
2024-10-14,sh.600223,7.0000,7.3000,6.9400,7.2500,6.9900,13681216,97342786.5600,3,1.345800,1,3.719600,0
2024-10-15,sh.600223,7.2500,7.2800,6.9900,7.0200,7.2500,11567608,82297909.4100,3,1.137900,1,-3.172400,0
2024-10-16,sh.600223,6.9300,7.1400,6.9200,7.0700,7.0200,8429900,59402978.0000,3,0.829300,1,0.712300,0
2024-10-17,sh.600223,7.0700,7.1100,6.8400,6.8500,7.0700,11394840,79343822.6000,3,1.120900,1,-3.111700,0
2024-10-18,sh.600223,6.8500,7.1300,6.7500,6.9900,6.8500,13513109,93722759.6600,3,1.329300,1,2.043800,0
2024-10-21,sh.600223,7.0200,7.0300,6.8600,6.8800,6.9900,15352013,106531107.5200,3,1.510200,1,-1.573700,0
2024-10-22,sh.600223,6.8700,7.0100,6.8100,6.9900,6.8800,12366346,85648933.2600,3,1.216500,1,1.598800,0
2024-10-23,sh.600223,6.9500,7.1200,6.9500,7.0500,6.9900,11057887,77929774.8800,3,1.087800,1,0.858400,0
2024-10-24,sh.600223,7.0200,7.1900,7.0000,7.0700,7.0500,10329325,73174731.9200,3,1.016100,1,0.283700,0
2024-10-25,sh.600223,7.0500,7.2500,7.0400,7.2300,7.0700,14110965,101380169.3600,3,1.388100,1,2.263100,0
2024-10-28,sh.600223,7.3400,7.3600,7.2300,7.3500,7.2300,12566673,91805840.5000,3,1.236200,1,1.659800,0
2024-10-29,sh.600223,7.3500,7.3600,6.9200,6.9300,7.3500,25679013,181263588.4800,3,2.526000,1,-5.714300,0
2024-10-30,sh.600223,6.9800,7.0600,6.8300,6.9400,6.9300,17456813,121385733.8300,3,1.717200,1,0.144300,0
2024-10-31,sh.600223,6.8500,6.9300,6.7600,6.8500,6.8900,15683072,107378077.9200,3,1.542700,1,-0.580600,0
2024-11-01,sh.600223,6.8200,6.9200,6.7000,6.7500,6.8500,13453759,91435875.3200,3,1.323400,1,-1.459900,0
2024-11-04,sh.600223,6.7600,6.8200,6.7000,6.8200,6.7500,7450146,50400381.3200,3,0.732900,1,1.037000,0
2024-11-05,sh.600223,6.8100,7.0000,6.7700,6.9700,6.8200,14925213,103537220.7100,3,1.468200,1,2.199400,0
2024-11-06,sh.600223,7.0200,7.0900,6.8800,7.0100,6.9700,16424796,115279306.6800,3,1.615700,1,0.573900,0
2024-11-07,sh.600223,7.0000,7.3400,6.9500,7.3300,7.0100,20812730,150364236.6800,3,2.047400,1,4.564900,0
2024-11-08,sh.600223,7.4100,7.4600,7.1300,7.2300,7.3300,18905588,137372815.6000,3,1.859700,1,-1.364300,0
2024-11-11,sh.600223,7.2000,7.2600,7.1200,7.2600,7.2300,16663025,119773624.5900,3,1.639100,1,0.414900,0
2024-11-12,sh.600223,7.2700,7.4300,7.2200,7.3200,7.2600,20309608,149167377.5000,3,1.997900,1,0.826400,0
2024-11-13,sh.600223,7.3200,7.3400,7.1200,7.2000,7.3200,12837342,92478008.5600,3,1.262800,1,-1.639300,0
2024-11-14,sh.600223,7.1800,7.2100,7.0300,7.0400,7.2000,12087900,86059906.0000,3,1.189100,1,-2.222200,0
2024-11-15,sh.600223,7.0800,7.1000,6.9300,6.9400,7.0400,11286703,79303263.0300,3,1.110300,1,-1.420500,0
