date,code,open,high,low,close,preclose,volume,amount,adjustflag,turn,tradestatus,pctChg,isST
2010-01-04,sh.600258,23.5000,23.9700,23.1400,23.1400,23.1300,3749218,88426642.0000,3,3.250076,1,0.043200,0
2010-01-05,sh.600258,23.5000,24.0000,22.8900,22.9600,23.1400,4705574,109898948.0000,3,4.079111,1,-0.777900,0
2010-01-06,sh.600258,22.9000,23.1000,22.3400,22.3500,22.9600,3295464,74618283.0000,3,2.856732,1,-2.656800,0
2010-01-07,sh.600258,22.2900,23.2900,21.9000,22.5800,22.3500,6617699,149836100.0000,3,5.736670,1,1.029100,0
2010-01-08,sh.600258,22.5000,22.8400,22.0100,22.4900,22.5800,2539310,56878551.0000,3,2.201246,1,-0.398600,0
2010-01-11,sh.600258,22.5400,22.6500,22.2100,22.3700,22.4900,2340417,52455931.0000,3,2.028832,1,-0.533600,0
2010-01-12,sh.600258,22.3800,23.0800,22.1600,23.0500,22.3700,3174739,72289580.0000,3,2.752079,1,3.039800,0
2010-01-13,sh.600258,22.7000,23.5000,22.4100,22.7800,23.0500,4257793,98295183.0000,3,3.690944,1,-1.171400,0
2010-01-14,sh.600258,22.9900,23.3500,22.7200,23.3200,22.7800,3643649,84431295.0000,3,3.158562,1,2.370500,0
2010-01-15,sh.600258,23.3500,23.5900,23.1200,23.2000,23.3200,3584920,83738894.0000,3,3.107652,1,-0.514600,0
2010-01-18,sh.600258,23.3300,24.8200,23.2100,24.4500,23.2000,7378508,177610005.0000,3,6.396191,1,5.387900,0
2010-01-19,sh.600258,24.4300,24.5600,23.8200,24.1500,24.4500,5129643,123986160.0000,3,4.446722,1,-1.227000,0
2010-01-20,sh.600258,24.1700,24.4800,22.9000,22.9900,24.1500,4235104,99460093.0000,3,1.830209,1,-4.803300,0
2010-01-21,sh.600258,22.9600,23.4800,22.6600,22.7600,22.9900,2454789,56483981.0000,3,1.060842,1,-1.000400,0
2010-01-22,sh.600258,22.5500,22.5500,21.0000,22.0000,22.7600,5166317,113140994.0000,3,2.232635,1,-3.339200,0
2010-01-25,sh.600258,21.6000,22.3800,21.2000,21.7800,22.0000,1690008,37255463.0000,3,0.730341,1,-1.000000,0
2010-01-26,sh.600258,21.9000,22.2000,20.7700,20.8000,21.7800,2176014,46252511.0000,3,0.940369,1,-4.499500,0
2010-01-27,sh.600258,20.8000,21.4400,20.0000,21.2300,20.8000,2729293,57201750.0000,3,1.179470,1,2.067300,0
2010-01-28,sh.600258,21.1500,22.0100,21.0000,21.9000,21.2300,2521644,54779521.0000,3,1.089734,1,3.155900,0
2010-01-29,sh.600258,21.7600,22.2500,21.5300,21.8600,21.9000,1915669,42010691.0000,3,0.827860,1,-0.182600,0
2010-02-01,sh.600258,21.9200,21.9600,21.2600,21.9200,21.8600,1722079,37314168.0000,3,0.744200,1,0.274500,0
2010-02-02,sh.600258,21.9600,22.3800,21.9000,22.0400,21.9200,2580285,56972498.0000,3,1.115076,1,0.547400,0
2010-02-03,sh.600258,22.0000,23.5000,21.1900,23.0900,22.0400,5354565,121441267.0000,3,2.313987,1,4.764100,0
2010-02-04,sh.600258,22.8800,24.9100,22.7700,24.0900,23.0900,9194155,221420220.0000,3,3.973274,1,4.330900,0
2010-02-05,sh.600258,23.6800,23.9900,22.8200,23.1600,24.0900,4973860,116308828.0000,3,2.149464,1,-3.860500,0
2010-02-08,sh.600258,23.4700,23.5300,22.7000,23.4300,23.1600,2064813,47831951.0000,3,0.892313,1,1.165800,0
2010-02-09,sh.600258,23.1900,23.3500,22.7600,23.0700,23.4300,1590899,36631274.0000,3,0.687510,1,-1.536500,0
2010-02-10,sh.600258,23.2600,23.2900,22.9000,23.1200,23.0700,1251505,28925571.0000,3,0.540841,1,0.216700,0
2010-02-11,sh.600258,23.1300,23.2800,22.4000,22.4900,23.1200,1691471,38413557.0000,3,0.730973,1,-2.724900,0
2010-02-12,sh.600258,22.6300,22.6600,22.0200,22.5400,22.4900,1685162,37777821.0000,3,0.728246,1,0.222300,0
2010-02-22,sh.600258,22.5100,22.6900,22.0800,22.4500,22.5400,1644164,36735441.0000,3,0.710529,1,-0.399300,0
2010-02-23,sh.600258,22.2200,22.4800,22.0100,22.4000,22.4500,1995719,44403865.0000,3,0.862454,1,-0.222700,0
2010-02-24,sh.600258,22.2500,22.8700,22.1800,22.8600,22.4000,2773190,62785838.0000,3,1.198440,1,2.053600,0
2010-02-25,sh.600258,22.9500,23.2700,22.8500,23.1900,22.8600,3056363,70384784.0000,3,1.320814,1,1.443600,0
2010-02-26,sh.600258,22.8100,23.2000,22.8100,23.1000,23.1900,2327724,53612218.0000,3,1.005931,1,-0.388100,0
2010-03-01,sh.600258,23.0000,23.6200,22.9400,23.3800,23.1000,2659136,62201560.0000,3,1.149151,1,1.212100,0
2010-03-02,sh.600258,23.4900,23.6800,23.1200,23.2400,23.3800,2381201,55614127.0000,3,1.029041,1,-0.598800,0
2010-03-03,sh.600258,23.2400,23.4500,22.9000,23.3900,23.2400,2799650,64820156.0000,3,1.209875,1,0.645400,0
2010-03-04,sh.600258,23.4100,23.4400,21.7500,21.7700,23.3900,3969029,89682320.0000,3,1.715224,1,-6.926000,0
2010-03-05,sh.600258,21.7700,21.9600,21.4000,21.6000,21.7700,2609294,56534335.0000,3,1.127612,1,-0.780900,0
2010-03-08,sh.600258,21.7500,21.9500,21.4500,21.8900,21.6000,1275024,27775136.0000,3,0.551004,1,1.342600,0
2010-03-09,sh.600258,21.8700,22.1000,21.5800,22.0300,21.8900,1356915,29655978.0000,3,0.586394,1,0.639600,0
2010-03-10,sh.600258,22.0400,22.1700,21.3800,21.4100,22.0300,2071094,45088641.0000,3,0.895028,1,-2.814300,0
2010-03-11,sh.600258,21.4200,21.7900,21.2800,21.6800,21.4100,1314102,28310797.0000,3,0.567892,1,1.261100,0
2010-03-12,sh.600258,21.6900,21.8800,21.3300,21.4200,21.6800,934459,20129512.0000,3,0.403828,1,-1.199300,0
2010-03-15,sh.600258,21.3200,21.5200,20.7600,20.7900,21.4200,1528050,32013444.0000,3,0.660350,1,-2.941200,0
2010-03-16,sh.600258,20.7100,21.3300,20.6200,21.1100,20.7900,1397288,29203134.0000,3,0.603841,1,1.539200,0
2010-03-17,sh.600258,21.1100,21.4900,21.1100,21.4800,21.1100,1264555,27026180.0000,3,0.546480,1,1.752700,0
2010-03-18,sh.600258,21.5600,21.6000,21.3500,21.4700,21.4800,975165,20922881.0000,3,0.421420,1,-0.046600,0
2010-03-19,sh.600258,21.5700,21.7000,21.4300,21.6500,21.4700,950677,20515602.0000,3,0.410837,1,0.838400,0
2010-03-22,sh.600258,21.6600,21.9800,21.5000,21.9000,21.6500,1581979,34573669.0000,3,0.683656,1,1.154700,0
2010-03-23,sh.600258,21.9300,21.9900,21.5100,21.6700,21.9000,1194221,25910673.0000,3,0.516085,1,-1.050200,0
2010-03-24,sh.600258,21.6500,21.7800,21.4400,21.5100,21.6700,772585,16668151.0000,3,0.333874,1,-0.738300,0
2010-03-25,sh.600258,21.5700,21.6200,20.9800,21.0400,21.5100,1342732,28420827.0000,3,0.580264,1,-2.185000,0
2010-03-26,sh.600258,21.1000,21.9900,20.9000,21.7600,21.0400,2428852,52780507.0000,3,1.049634,1,3.422100,0
2010-03-29,sh.600258,21.6800,21.9600,21.5300,21.8300,21.7600,1609375,35006147.0000,3,0.695495,1,0.321700,0
2010-03-30,sh.600258,21.8700,22.0900,21.7100,21.9300,21.8300,1403759,30839154.0000,3,0.606637,1,0.458100,0
2010-03-31,sh.600258,21.9300,22.3000,21.8000,22.0100,21.9300,1370671,30317251.0000,3,0.592338,1,0.364800,0
2010-04-01,sh.600258,22.1000,22.2500,21.9000,22.1900,22.0100,2443912,54013731.0000,3,1.056142,1,0.817800,0
2010-04-02,sh.600258,22.2200,22.3000,22.1100,22.2500,22.1900,1738334,38604849.0000,3,0.751225,1,0.270400,0
2010-04-06,sh.600258,22.3500,22.4500,22.0300,22.1700,22.2500,1374639,30563229.0000,3,0.594053,1,-0.359600,0
2010-04-07,sh.600258,22.1200,22.2700,21.9100,22.1700,22.1700,1332508,29458121.0000,3,0.575846,1,0.000000,0
2010-04-08,sh.600258,22.1500,22.1500,21.7000,22.0100,22.1700,1497324,32829025.0000,3,0.647072,1,-0.721700,0
2010-04-09,sh.600258,22.0300,22.7700,21.9400,22.6800,22.0100,2992089,67224291.0000,3,1.293038,1,3.044100,0
2010-04-12,sh.600258,22.9800,23.6800,22.8000,23.6700,22.6800,7668213,178464733.0000,3,3.313834,1,4.365100,0
2010-04-13,sh.600258,23.7700,23.9200,23.0400,23.5400,23.6700,5613210,132278747.0000,3,2.425761,1,-0.549200,0
2010-04-14,sh.600258,23.5800,24.0500,23.4100,23.6800,23.5400,3561477,84859356.0000,3,1.539100,1,0.594700,0
2010-04-15,sh.600258,23.5000,23.7500,22.8500,22.8700,23.6800,2918295,67926470.0000,3,1.261147,1,-3.420600,0
2010-04-16,sh.600258,22.8200,23.3400,22.8200,23.0500,22.8700,1741936,40206986.0000,3,0.752781,1,0.787100,0
2010-04-19,sh.600258,22.8500,23.0500,22.5200,22.6100,23.0500,2507354,57005718.0000,3,1.083558,1,-1.908900,0
2010-04-20,sh.600258,22.5500,23.1200,22.0100,23.0900,22.6100,2527174,56851191.0000,3,1.092124,1,2.123000,0
2010-04-21,sh.600258,23.2000,23.9700,23.1200,23.7800,23.0900,4670718,110789797.0000,3,2.018461,1,2.988300,0
2010-04-22,sh.600258,23.7700,24.7800,23.4500,24.4900,23.7800,7253224,176210661.0000,3,3.134496,1,2.985700,0
2010-04-23,sh.600258,24.3600,24.5200,23.8000,24.4800,24.4900,4392289,106165015.0000,3,1.898137,1,-0.040800,0
2010-04-26,sh.600258,24.5100,24.8500,24.1600,24.5600,24.4800,4266546,104909458.0000,3,1.843797,1,0.326800,0
2010-04-27,sh.600258,24.5500,24.5500,22.7600,23.3700,24.5600,4148257,96800039.0000,3,1.792678,1,-4.845300,0
2010-04-28,sh.600258,22.8500,23.9500,22.7000,23.3600,23.3700,2970397,69589272.0000,3,1.283663,1,-0.042800,0
2010-04-29,sh.600258,23.5400,23.8000,21.4000,21.4400,23.3600,4945908,111366760.0000,3,2.137385,1,-8.219200,0
2010-04-30,sh.600258,21.0900,21.2500,20.3500,20.8300,21.4400,2407817,49898835.0000,3,1.040543,1,-2.845100,0
2010-05-04,sh.600258,20.5000,20.8700,20.2800,20.3700,20.8300,1608669,33099690.0000,3,0.695190,1,-2.208400,0
2010-05-05,sh.600258,20.2800,21.0000,20.2800,20.9600,20.3700,1577896,32602145.0000,3,0.681891,1,2.896400,0
2010-05-06,sh.600258,21.0500,21.0500,19.9300,20.0200,20.9600,2062465,42260721.0000,3,0.891299,1,-4.484700,0
2010-05-07,sh.600258,19.5000,20.8300,19.2000,20.4300,20.0200,2091164,42125315.0000,3,0.903701,1,2.048000,0
2010-05-10,sh.600258,20.4600,20.4700,19.6100,20.2600,20.4300,1066524,21449069.0000,3,0.460901,1,-0.832100,0
2010-05-11,sh.600258,20.2600,20.2600,20.2600,20.2600,20.2600,0,0.0000,3,,0,0.000000,0
2010-05-12,sh.600258,19.3000,19.8400,18.7600,18.8800,20.2600,2600502,49933154.0000,3,1.123812,1,-6.811500,0
2010-05-13,sh.600258,19.0600,19.6300,18.8100,19.5900,18.8800,1869551,36010101.0000,3,0.807930,1,3.760600,0
2010-05-14,sh.600258,19.4400,19.9900,19.2500,19.8700,19.5900,1409704,27838341.0000,3,0.609207,1,1.429300,0
2010-05-17,sh.600258,19.8000,19.8600,18.1000,18.2500,19.8700,1636854,30885995.0000,3,0.707370,1,-8.153000,0
2010-05-18,sh.600258,18.2500,18.3900,17.1900,18.2100,18.2500,1993894,35486803.0000,3,0.861666,1,-0.219200,0
2010-05-19,sh.600258,17.9000,18.4500,17.7000,18.1100,18.2100,1017927,18498468.0000,3,0.439899,1,-0.549100,0
2010-05-20,sh.600258,17.9900,18.2600,17.7000,17.9500,18.1100,1026648,18412512.0000,3,0.443668,1,-0.883500,0
2010-05-21,sh.600258,17.0500,18.2500,16.9000,18.1900,17.9500,1132742,20182890.0000,3,0.489517,1,1.337000,0
2010-05-24,sh.600258,18.1900,19.0000,18.1900,18.7900,18.1900,3240139,60975229.0000,3,1.400233,1,3.298500,0
2010-05-25,sh.600258,18.6100,18.9300,18.3000,18.6500,18.7900,1364432,25410777.0000,3,0.589642,1,-0.745100,0
2010-05-26,sh.600258,18.6300,18.9000,18.4500,18.5800,18.6500,1216338,22618849.0000,3,0.525643,1,-0.375300,0
2010-05-27,sh.600258,18.4900,18.8900,18.3400,18.8700,18.5800,1522198,28443467.0000,3,0.657821,1,1.560800,0
2010-05-28,sh.600258,19.1400,19.2300,18.7500,18.8200,18.8700,1692572,32119837.0000,3,0.731449,1,-0.265000,0
2010-05-31,sh.600258,18.8000,18.8000,18.0600,18.1000,18.8200,1159060,21462972.0000,3,0.500890,1,-3.825700,0
2010-06-01,sh.600258,17.9100,18.3600,17.2800,17.7300,18.1000,872037,15596562.0000,3,0.376853,1,-2.044200,0
2010-06-02,sh.600258,17.5000,17.9900,17.3000,17.9700,17.7300,944395,16745153.0000,3,0.408122,1,1.353600,0
2010-06-03,sh.600258,18.1000,18.3500,17.9700,18.0000,17.9700,1201919,21874582.0000,3,0.519412,1,0.166900,0
2010-06-04,sh.600258,18.0000,18.0000,18.0000,18.0000,18.0000,0,0.0000,3,,0,0.000000,0
2010-06-07,sh.600258,17.8000,18.6400,17.6500,18.5200,18.0000,2819532,51779655.0000,3,1.218467,1,2.888900,0
2010-06-08,sh.600258,18.4300,19.3000,18.2100,18.8800,18.5200,2064488,38876122.0000,3,0.892173,1,1.943800,0
2010-06-09,sh.600258,18.8100,19.2600,18.8100,19.1600,18.8800,1956657,37244848.0000,3,0.845573,1,1.483055,0
2010-06-10,sh.600258,19.0100,19.2000,18.9000,19.0100,19.1600,1406463,26770123.0000,3,0.607806,1,-0.782900,0
2010-06-11,sh.600258,19.0600,19.2000,18.9000,18.9200,19.0100,868286,16517547.0000,3,0.375232,1,-0.473400,0
2010-06-17,sh.600258,19.1900,19.2500,18.6000,18.6300,18.9200,972294,18343433.0000,3,0.420179,1,-1.532800,0
2010-06-18,sh.600258,18.7600,18.9000,18.0100,18.1400,18.6300,1225727,22652810.0000,3,0.529701,1,-2.630200,0
2010-06-21,sh.600258,18.5000,19.4000,18.3500,19.3900,18.1400,2061091,39095842.0000,3,0.890705,1,6.890800,0
2010-06-22,sh.600258,19.3900,19.8800,19.1300,19.6500,19.3900,2302651,45281149.0000,3,0.995096,1,1.340900,0
2010-06-23,sh.600258,19.4500,19.8600,19.1300,19.6900,19.6500,2065366,40377182.0000,3,0.892552,1,0.203600,0
2010-06-24,sh.600258,19.1900,19.1900,18.4000,18.7900,19.0900,981339,18450075.0000,3,0.424088,1,-1.571500,0
2010-06-25,sh.600258,18.6600,18.7600,18.2000,18.4200,18.7900,679457,12560335.0000,3,0.293629,1,-1.969100,0
2010-06-28,sh.600258,18.3300,18.8000,18.3300,18.7100,18.4200,774301,14336571.0000,3,0.334616,1,1.574400,0
2010-06-29,sh.600258,18.8300,18.8300,16.8900,16.9500,18.7100,1923099,33772838.0000,3,0.831071,1,-9.406700,0
2010-06-30,sh.600258,16.6800,16.7900,16.3500,16.5100,16.9500,868698,14403887.0000,3,0.375410,1,-2.595900,0
2010-07-01,sh.600258,16.5000,16.7500,16.4300,16.4500,16.5100,727585,12064422.0000,3,0.314427,1,-0.363400,0
2010-07-02,sh.600258,16.3800,16.7200,15.8800,16.5000,16.4500,1650681,27064470.0000,3,0.713345,1,0.304000,0
2010-07-05,sh.600258,16.2600,16.7300,16.0200,16.5500,16.5000,671045,10957345.0000,3,0.289994,1,0.303000,0
2010-07-06,sh.600258,16.5600,17.0700,16.3100,17.0000,16.5500,1191130,20044795.0000,3,0.514749,1,2.719000,0
2010-07-07,sh.600258,17.1000,17.2000,16.8200,17.0800,17.0000,1005472,17157807.0000,3,0.434517,1,0.470600,0
2010-07-08,sh.600258,17.2900,17.2900,16.8500,16.9000,17.0800,815403,13877127.0000,3,0.352378,1,-1.053900,0
2010-07-09,sh.600258,16.9000,17.9000,16.8300,17.6000,16.9000,1759218,30715426.0000,3,0.760250,1,4.142000,0
2010-07-12,sh.600258,17.7500,19.0000,17.6000,18.4800,17.6000,2301700,42114926.0000,3,0.994685,1,5.000000,0
2010-07-13,sh.600258,18.4800,18.4800,18.0100,18.3100,18.4800,1216241,22220336.0000,3,0.525601,1,-0.919900,0
2010-07-14,sh.600258,18.2800,18.6900,18.2800,18.4300,18.3100,1231429,22779714.0000,3,0.532165,1,0.655400,0
2010-07-15,sh.600258,18.4100,18.5300,17.5000,17.9900,18.4300,1078886,19538489.0000,3,0.466243,1,-2.387400,0
2010-07-16,sh.600258,17.9900,18.1400,17.6800,18.0200,17.9900,599516,10718568.0000,3,0.259082,1,0.166763,0
2010-07-19,sh.600258,17.9800,18.6600,17.7100,18.6100,18.0200,1162348,21493580.0000,3,0.502311,1,3.274100,0
2010-07-20,sh.600258,18.7300,18.8900,18.4000,18.8000,18.6100,2078365,38755850.0000,3,0.898170,1,1.021000,0
2010-07-21,sh.600258,18.8200,18.8200,18.4600,18.5800,18.8000,1679556,31352575.0000,3,0.725824,1,-1.170200,0
2010-07-22,sh.600258,18.4300,18.6900,18.3900,18.6500,18.5800,1226404,22774092.0000,3,0.529993,1,0.376700,0
2010-07-23,sh.600258,18.6500,18.8900,18.5200,18.7500,18.6500,1468230,27461971.0000,3,0.634499,1,0.536200,0
2010-07-26,sh.600258,18.8900,18.8900,18.5500,18.8800,18.7500,1487195,27904281.0000,3,0.642694,1,0.693300,0
2010-07-27,sh.600258,19.2100,19.4800,18.8900,18.9800,18.8800,3387033,65160991.0000,3,1.463713,1,0.529700,0
2010-07-28,sh.600258,18.8800,19.2000,18.7000,19.1900,18.9800,2286703,43457947.0000,3,0.988204,1,1.106400,0
2010-07-29,sh.600258,19.1700,19.2900,18.9300,19.1100,19.1900,2145998,40973513.0000,3,0.927398,1,-0.416900,0
2010-07-30,sh.600258,19.6000,19.8800,19.1900,19.3000,19.1100,4409136,85958497.0000,3,1.905417,1,0.994200,0
2010-08-02,sh.600258,19.0100,19.7000,19.0100,19.5200,19.3000,3159538,61381997.0000,3,1.365401,1,1.139900,0
2010-08-03,sh.600258,19.4500,19.5200,19.0200,19.0500,19.5200,2113880,40811894.0000,3,0.913518,1,-2.407800,0
2010-08-04,sh.600258,18.9500,19.0800,18.6200,19.0400,19.0500,1718299,32396784.0000,3,0.742567,1,-0.052500,0
2010-08-05,sh.600258,19.0800,19.3300,19.0000,19.3100,19.0400,1689987,32433856.0000,3,0.730331,1,1.418100,0
2010-08-06,sh.600258,19.4000,21.2400,19.3900,20.9300,19.3100,6846517,139268386.0000,3,2.958737,1,8.389400,0
2010-08-09,sh.600258,20.6500,22.9900,20.6500,22.6900,20.9300,6633701,143919378.0000,3,2.866768,1,8.409000,0
2010-08-10,sh.600258,22.4000,22.5700,21.5300,21.5400,22.6900,3155084,69325064.0000,3,1.363476,1,-5.068300,0
2010-08-11,sh.600258,21.6500,23.6900,21.5800,23.2800,21.5400,10772527,252177064.0000,3,4.655370,1,8.078000,0
2010-08-12,sh.600258,23.0000,23.0000,22.2000,22.7800,23.2800,4751282,107411176.0000,3,2.053277,1,-2.147800,0
2010-08-13,sh.600258,22.6600,22.7800,21.7100,22.3700,22.7800,3471558,76822566.0000,3,1.500241,1,-1.799800,0
2010-08-16,sh.600258,22.3000,23.8000,22.0000,23.3800,22.3700,4778834,109798351.0000,3,2.065183,1,4.515000,0
2010-08-17,sh.600258,23.3000,23.3500,22.7600,23.0000,23.3800,3495673,80372640.0000,3,1.510662,1,-1.625300,0
2010-08-18,sh.600258,22.9500,23.2200,22.6500,22.8900,23.0000,2139435,49178947.0000,3,0.924561,1,-0.478300,0
2010-08-19,sh.600258,22.7600,23.0000,22.2000,22.4900,22.8900,2804401,63496532.0000,3,1.211928,1,-1.747500,0
2010-08-20,sh.600258,22.2800,22.4300,21.5100,21.7900,22.4900,2825073,61731558.0000,3,1.220861,1,-3.112500,0
2010-08-23,sh.600258,21.9500,22.3900,21.9500,22.1900,21.7900,2662255,59089671.0000,3,1.150499,1,1.835700,0
2010-08-24,sh.600258,21.9500,22.6500,21.7200,22.5700,22.1900,2695488,59922426.0000,3,1.164861,1,1.712500,0
2010-08-25,sh.600258,22.3000,22.9600,22.2100,22.2800,22.5700,3559516,80646567.0000,3,1.538252,1,-1.284900,0
2010-08-26,sh.600258,22.3500,22.6800,22.2000,22.4600,22.2800,1936782,43398525.0000,3,0.836984,1,0.807900,0
2010-08-27,sh.600258,22.4000,23.3000,22.2800,23.2200,22.4600,5782947,133532798.0000,3,2.499113,1,3.383800,0
2010-08-30,sh.600258,23.7500,25.5400,23.7100,25.1400,23.2200,10940823,273414772.0000,3,4.728100,1,8.268700,0
2010-08-31,sh.600258,24.7700,25.8000,24.6000,25.7600,25.1400,7237087,182921502.0000,3,3.127522,1,2.466200,0
2010-09-01,sh.600258,25.8000,25.9000,24.7300,25.4400,25.7600,5111272,129408739.0000,3,2.208847,1,-1.242200,0
2010-09-02,sh.600258,25.6700,25.9300,25.1900,25.3500,25.4400,5187551,132448245.0000,3,2.241811,1,-0.353800,0
2010-09-03,sh.600258,25.2000,25.9200,24.8400,25.3400,25.3500,5037522,127514186.0000,3,2.176976,1,-0.039400,0
2010-09-06,sh.600258,25.4500,25.7600,24.6500,24.8600,25.3400,5386472,134794400.0000,3,2.327775,1,-1.894200,0
2010-09-07,sh.600258,25.1000,25.2500,24.7400,25.0800,24.8600,5148857,128627477.0000,3,2.225089,1,0.885000,0
2010-09-08,sh.600258,25.0400,26.3200,24.8400,26.2900,25.0800,7724208,197348800.0000,3,3.338033,1,4.824565,0
2010-09-09,sh.600258,26.1500,26.1800,24.9800,25.1100,26.2900,5959564,152042905.0000,3,2.575438,1,-4.488400,0
2010-09-10,sh.600258,25.2200,25.2800,24.3000,24.8600,25.1100,4781687,117904908.0000,3,2.066416,1,-0.995600,0
2010-09-13,sh.600258,24.9100,26.7000,24.8900,25.8700,24.8600,7295152,190141028.0000,3,3.152615,1,4.062800,0
2010-09-14,sh.600258,26.1800,26.1900,25.5700,25.8700,25.8700,4471769,115388406.0000,3,1.932484,1,0.000000,0
2010-09-15,sh.600258,25.7700,25.7700,25.0000,25.0700,25.8700,3526965,88986859.0000,3,1.524185,1,-3.092400,0
2010-09-16,sh.600258,25.0000,25.2500,23.5000,23.7800,25.0700,4399141,106373908.0000,3,1.901098,1,-5.145600,0
2010-09-17,sh.600258,23.8900,24.2000,23.7100,23.9900,23.7800,2900163,69543354.0000,3,1.253312,1,0.883100,0
2010-09-20,sh.600258,24.1900,24.4800,23.2800,23.4400,23.9900,2817712,67233636.0000,3,1.217680,1,-2.292600,0
2010-09-21,sh.600258,23.4600,23.6800,22.4000,22.7300,23.4400,3663795,83597591.0000,3,1.583317,1,-3.029000,0
2010-09-27,sh.600258,22.6300,25.0000,22.6300,24.6800,22.7300,6304466,152929140.0000,3,2.724488,1,8.579000,0
2010-09-28,sh.600258,24.4500,24.5800,24.0200,24.2200,24.6800,2322879,56434973.0000,3,1.003837,1,-1.863900,0
2010-09-29,sh.600258,24.0300,24.4000,23.2100,23.3300,24.2200,2957645,70347045.0000,3,1.278153,1,-3.674600,0
2010-09-30,sh.600258,23.0700,23.7800,23.0700,23.3900,23.3300,2678081,62800694.0000,3,1.157338,1,0.257200,0
2010-10-08,sh.600258,23.5500,23.7800,23.0000,23.4900,23.3900,5351071,125592634.0000,3,2.312477,1,0.427500,0
2010-10-11,sh.600258,23.5000,23.5500,22.6700,22.8700,23.4900,6052868,138851120.0000,3,2.615760,1,-2.639400,0
2010-10-12,sh.600258,22.8400,23.2200,22.4800,22.7100,22.8700,5331815,121669852.0000,3,2.304155,1,-0.699600,0
2010-10-13,sh.600258,22.6000,23.2300,22.5900,23.0000,22.7100,5411416,123781734.0000,3,2.338555,1,1.277000,0
2010-10-14,sh.600258,22.9400,22.9400,21.8700,21.9000,23.0000,6092833,135699388.0000,3,2.633031,1,-4.782600,0
2010-10-15,sh.600258,21.7800,22.1900,21.3000,21.7000,21.9000,4850293,105553571.0000,3,2.096064,1,-0.913200,0
2010-10-18,sh.600258,21.6000,21.7000,20.8500,21.5100,21.7000,4944243,104302176.0000,3,2.136665,1,-0.875600,0
2010-10-19,sh.600258,21.7100,22.5000,21.7000,22.4800,21.5100,5072530,112548695.0000,3,2.192105,1,4.509500,0
2010-10-20,sh.600258,22.0000,22.5100,21.8000,22.4400,22.4800,4984658,110823276.0000,3,2.154131,1,-0.177900,0
2010-10-21,sh.600258,22.4400,22.8200,22.1300,22.8000,22.4400,4799683,107827974.0000,3,2.074193,1,1.604300,0
2010-10-22,sh.600258,22.8700,23.0000,22.6100,22.6600,22.8000,3438929,78287973.0000,3,1.486140,1,-0.614000,0
2010-10-25,sh.600258,22.6500,23.3800,22.6500,22.9600,22.6600,5534735,127451544.0000,3,2.391847,1,1.323900,0
2010-10-26,sh.600258,23.1300,23.1800,22.8300,23.1100,22.9600,4166638,95691075.0000,3,1.800621,1,0.653300,0
2010-10-27,sh.600258,23.1000,23.5300,23.0000,23.0500,23.1100,4218648,98238368.0000,3,1.823098,1,-0.259600,0
2010-10-28,sh.600258,23.0000,23.2600,22.3500,22.5200,23.0500,3410796,77342182.0000,3,1.473983,1,-2.299300,0
2010-10-29,sh.600258,22.5000,22.7000,22.2600,22.5400,22.5200,3360543,75594276.0000,3,1.452266,1,0.088800,0
2010-11-01,sh.600258,22.6400,23.3000,22.5400,23.2300,22.5400,4863669,112222901.0000,3,2.101845,1,3.061200,0
2010-11-02,sh.600258,23.3000,23.4000,22.7900,22.8100,23.2300,4871312,112431434.0000,3,2.105148,1,-1.808000,0
2010-11-03,sh.600258,22.7500,22.7500,22.1900,22.2100,22.8100,3161176,70836341.0000,3,1.366109,1,-2.630400,0
2010-11-04,sh.600258,22.0300,22.5000,22.0300,22.4800,22.2100,3461874,77304124.0000,3,1.496056,1,1.215700,0
2010-11-05,sh.600258,22.7000,23.1500,22.4500,23.0500,22.4800,5286120,121018269.0000,3,2.284408,1,2.535600,0
2010-11-08,sh.600258,23.1000,24.4000,23.0900,24.1500,23.0500,9567434,228103989.0000,3,4.134587,1,4.772200,0
2010-11-09,sh.600258,24.1400,25.2600,23.8000,24.8600,24.1500,13787937,341299656.0000,3,5.958486,1,2.940000,0
2010-11-10,sh.600258,24.8600,24.8900,24.1100,24.2300,24.8600,6875042,167890252.0000,3,2.971064,1,-2.534200,0
2010-11-11,sh.600258,24.0500,25.6000,24.0100,24.8600,24.2300,10460602,260798292.0000,3,4.520571,1,2.600100,0
2010-11-12,sh.600258,24.7800,25.6900,23.9600,24.8500,24.8600,13240868,330831271.0000,3,5.722069,1,-0.040200,0
2010-11-15,sh.600258,25.2000,26.3500,25.0000,26.3000,24.8500,11570275,298775481.0000,3,5.000119,1,5.835000,0
2010-11-16,sh.600258,26.2700,26.2800,23.6700,23.7900,26.3000,9257783,230615755.0000,3,4.000771,1,-9.543700,0
2010-11-17,sh.600258,23.7700,23.7700,22.3200,23.0000,23.7900,4533289,105038012.0000,3,1.959070,1,-3.320700,0
2010-11-18,sh.600258,23.0000,23.4500,22.3100,22.9300,23.0000,2679221,60987783.0000,3,1.157831,1,-0.304300,0
2010-11-19,sh.600258,23.0500,23.6800,22.8500,23.6100,22.9300,3529280,81964523.0000,3,1.525186,1,2.965500,0
2010-11-22,sh.600258,23.1900,24.1900,23.1400,23.8200,23.6100,3153607,75284665.0000,3,1.362838,1,0.889500,0
2010-11-23,sh.600258,24.1600,24.7000,23.8000,24.3700,23.8200,6157774,150068981.0000,3,2.661095,1,2.309000,0
2010-11-24,sh.600258,24.0000,24.4900,23.9000,24.4600,24.3700,5670371,137317493.0000,3,2.450463,1,0.369300,0
2010-11-25,sh.600258,24.6000,25.9000,24.6000,24.9300,24.4600,8779304,222913070.0000,3,3.793995,1,1.921500,0
2010-11-26,sh.600258,24.7900,25.6500,24.5500,24.8100,24.9300,4019966,100388020.0000,3,1.737237,1,-0.481300,0
2010-11-29,sh.600258,24.5800,25.1800,24.0600,24.3800,24.8100,4719478,115778282.0000,3,2.039532,1,-1.733200,0
2010-11-30,sh.600258,24.3400,24.4700,23.3000,23.8800,24.3800,4837922,115538230.0000,3,2.090718,1,-2.050900,0
2010-12-01,sh.600258,23.9000,24.1800,23.1000,23.4800,23.8800,3200599,75055233.0000,3,1.383146,1,-1.675000,0
2010-12-02,sh.600258,23.7500,24.1300,23.5300,23.5700,23.4800,2389438,56916961.0000,3,1.032601,1,0.383300,0
2010-12-03,sh.600258,23.6000,24.2400,23.1000,24.2100,23.5700,2561368,60605112.0000,3,1.106901,1,2.715300,0
2010-12-06,sh.600258,24.0700,24.5900,23.7900,23.8000,24.2100,2263627,54567079.0000,3,0.978231,1,-1.693500,0
2010-12-07,sh.600258,23.6000,23.8900,23.1300,23.8700,23.8000,1704791,40158226.0000,3,0.736729,1,0.294100,0
2010-12-08,sh.600258,23.8500,24.4700,23.6100,24.3800,23.8700,2551004,61504844.0000,3,1.102422,1,2.136600,0
2010-12-09,sh.600258,24.1000,24.6500,23.4400,23.5000,24.3800,3066755,73896929.0000,3,1.325305,1,-3.609500,0
2010-12-10,sh.600258,23.2000,24.5000,23.2000,24.4200,23.5000,3776313,90812117.0000,3,1.631942,1,3.914900,0
2010-12-13,sh.600258,24.4200,25.1300,24.1700,24.8400,24.4200,4062880,100605355.0000,3,1.755782,1,1.719900,0
2010-12-14,sh.600258,24.8400,25.1800,24.5000,25.0200,24.8400,3975326,99107935.0000,3,1.717946,1,0.724600,0
2010-12-15,sh.600258,25.8500,25.8900,24.7300,24.9000,25.0200,5331792,134916783.0000,3,2.304145,1,-0.479600,0
2010-12-16,sh.600258,24.8000,25.2000,24.6000,25.0100,24.9000,2454253,61128434.0000,3,1.060611,1,0.441800,0
2010-12-17,sh.600258,25.2000,25.8500,25.1100,25.5200,25.0100,4113479,104887083.0000,3,1.777649,1,2.039200,0
2010-12-20,sh.600258,25.5800,25.8000,24.0100,24.7800,25.5200,3814580,94736312.0000,3,1.648479,1,-2.899700,0
2010-12-21,sh.600258,24.4600,25.5000,24.4600,25.2100,24.7800,2401742,60225265.0000,3,1.037918,1,1.735300,0
2010-12-22,sh.600258,25.1000,25.1700,24.1800,24.2700,25.2100,4045706,99108075.0000,3,1.748360,1,-3.728700,0
2010-12-23,sh.600258,24.2400,24.3200,22.8000,23.0900,24.2700,5446903,127938619.0000,3,2.353891,1,-4.862000,0
2010-12-24,sh.600258,23.2400,23.4700,22.5000,22.7400,23.0900,2002484,45968488.0000,3,0.865378,1,-1.515800,0
2010-12-27,sh.600258,22.8500,23.1800,21.8100,21.9800,22.7400,3311300,74663439.0000,3,1.430985,1,-3.342100,0
2010-12-28,sh.600258,21.9700,22.2000,21.1900,22.1500,21.9800,2463399,53381055.0000,3,1.064563,1,0.773400,0
2010-12-29,sh.600258,22.0000,22.3700,22.0000,22.3000,22.1500,1282130,28490389.0000,3,0.554075,1,0.677200,0
2010-12-30,sh.600258,22.2800,22.2800,21.8000,22.0900,22.3000,1288506,28388971.0000,3,0.556831,1,-0.941700,0
2010-12-31,sh.600258,22.1000,22.3700,21.9000,22.3600,22.0900,2399622,53208546.0000,3,1.037002,1,1.222300,0
2011-01-04,sh.600258,22.4900,22.6400,22.0500,22.6000,22.3600,2999371,67096212.0000,3,1.296185,1,1.073300,0
2011-01-05,sh.600258,22.5000,22.5000,22.1500,22.2900,22.6000,2223878,49520066.0000,3,0.961054,1,-1.371700,0
2011-01-06,sh.600258,22.2000,22.2800,21.5000,21.7900,22.2900,2496056,54543094.0000,3,1.078676,1,-2.243200,0
2011-01-07,sh.600258,21.7900,23.0000,21.7100,22.7500,21.7900,3810321,85364832.0000,3,1.646638,1,4.405700,0
2011-01-10,sh.600258,22.6500,23.1100,22.5000,22.9100,22.7500,3899173,89407937.0000,3,1.685036,1,0.703300,0
2011-01-11,sh.600258,22.8500,22.8500,22.1100,22.3800,22.9100,1197517,26780996.0000,3,0.517510,1,-2.313400,0
2011-01-12,sh.600258,22.3500,22.7000,22.2300,22.6900,22.3800,1285592,28953129.0000,3,0.555571,1,1.385200,0
2011-01-13,sh.600258,22.8900,23.3800,22.8800,22.9200,22.6900,2622902,60625517.0000,3,1.133493,1,1.013700,0
2011-01-14,sh.600258,22.7000,22.7500,22.1000,22.2100,22.9200,1541795,34417856.0000,3,0.666290,1,-3.097700,0
2011-01-17,sh.600258,21.9900,22.1900,20.5100,20.5400,22.2100,1763611,37513734.0000,3,0.762148,1,-7.519100,0
2011-01-18,sh.600258,20.5400,20.5400,20.5400,20.5400,20.5400,0,0.0000,3,,0,0.000000,0
2011-01-19,sh.600258,20.6300,22.5700,20.6300,22.3100,20.5400,2311450,50459227.0000,3,0.998898,1,8.617300,0
2011-01-20,sh.600258,22.2000,22.2000,21.0200,21.1000,22.3100,1288502,27892745.0000,3,0.556829,1,-5.423600,0
2011-01-21,sh.600258,20.9100,21.6000,20.8200,21.2400,21.1000,774072,16449771.0000,3,0.334517,1,0.663500,0
2011-01-24,sh.600258,21.3800,22.8000,20.2600,22.1300,21.2400,2731140,59012805.0000,3,1.180268,1,4.190200,0
2011-01-25,sh.600258,22.0000,22.8000,21.4000,22.2000,22.1300,2349266,52156292.0000,3,1.015240,1,0.316300,0
2011-01-26,sh.600258,22.0000,23.2800,21.5000,22.6400,22.2000,4531077,100884513.0000,3,1.958115,1,1.982000,0
2011-01-27,sh.600258,22.3000,22.7500,22.0600,22.5600,22.6400,1581747,35616993.0000,3,0.683555,1,-0.353400,0
2011-01-28,sh.600258,22.4900,22.8500,22.2100,22.7900,22.5600,1632736,36929029.0000,3,0.705590,1,1.019500,0
2011-01-31,sh.600258,22.6700,23.1600,22.4100,23.0600,22.7900,2149428,49361019.0000,3,0.928880,1,1.184700,0
2011-02-01,sh.600258,23.1000,23.2900,22.8000,22.9900,23.0600,2041089,47122590.0000,3,0.882061,1,-0.303600,0
2011-02-09,sh.600258,22.8500,23.0300,22.3900,22.5100,22.9900,1364766,30987219.0000,3,0.589787,1,-2.087900,0
2011-02-10,sh.600258,22.5100,22.9500,22.5100,22.8900,22.5100,1025282,23337255.0000,3,0.443078,1,1.688100,0
2011-02-11,sh.600258,22.7400,23.7800,22.6500,23.4100,22.8900,3664566,85924232.0000,3,1.583650,1,2.271700,0
2011-02-14,sh.600258,23.4500,23.5800,23.0800,23.4500,23.4100,3172780,74047371.0000,3,1.371124,1,0.170900,0
2011-02-15,sh.600258,23.4500,23.8200,23.2300,23.4900,23.4500,2918056,68808290.0000,3,1.261044,1,0.170600,0
2011-02-16,sh.600258,23.4900,23.6600,23.1800,23.5900,23.4900,2533014,59271248.0000,3,1.094647,1,0.425700,0
2011-02-17,sh.600258,23.6200,24.2900,23.5300,24.2800,23.5900,4729699,113167368.0000,3,2.043949,1,2.925000,0
2011-02-18,sh.600258,24.3600,24.3600,23.8800,24.0300,24.2800,2655876,63878732.0000,3,1.147742,1,-1.029700,0
2011-02-21,sh.600258,23.9500,26.2100,23.8800,25.4700,24.0300,11148813,283127994.0000,3,4.817983,1,5.992500,0
2011-02-22,sh.600258,25.3500,25.4300,24.1000,24.4100,25.4700,4266347,105309649.0000,3,1.843711,1,-4.161800,0
2011-02-23,sh.600258,24.4300,24.8500,24.1800,24.4600,24.4100,1858526,45596639.0000,3,0.803166,1,0.204800,0
2011-02-24,sh.600258,24.2500,24.7600,24.0100,24.5000,24.4600,1788740,43528011.0000,3,0.773008,1,0.163500,0
2011-02-25,sh.600258,24.4700,24.4800,24.0000,24.2100,24.5000,1184417,28687937.0000,3,0.511848,1,-1.183700,0
2011-02-28,sh.600258,24.2000,25.1000,24.1000,24.8000,24.2100,2323219,57671871.0000,3,1.003984,1,2.437000,0
2011-03-01,sh.600258,24.8000,25.7800,24.5500,24.9100,24.8000,2976252,74832423.0000,3,1.286194,1,0.443551,0
2011-03-02,sh.600258,24.8100,24.9400,24.3900,24.6700,24.9100,2014909,49635191.0000,3,0.870747,1,-0.963500,0
2011-03-03,sh.600258,24.6000,24.9700,24.1200,24.4800,24.6700,2492870,61275783.0000,3,1.077299,1,-0.770200,0
2011-03-04,sh.600258,24.4000,24.9100,24.3100,24.8400,24.4800,1603210,39689782.0000,3,0.692831,1,1.470600,0
2011-03-07,sh.600258,24.8500,27.3100,24.8500,26.1600,24.8400,6021049,157605420.0000,3,2.602009,1,5.314000,0
2011-03-08,sh.600258,26.0000,27.3400,25.8500,26.8100,26.1600,3703281,98825118.0000,3,1.600381,1,2.484700,0
2011-03-09,sh.600258,26.8000,26.8000,25.5200,25.7000,26.8100,8881089,229911518.0000,3,3.837981,1,-4.140200,0
2011-03-10,sh.600258,25.4000,25.5200,24.9600,24.9800,25.7000,3634323,91569076.0000,3,1.570580,1,-2.801600,0
2011-03-11,sh.600258,24.8000,25.2000,24.6600,24.7700,24.9800,3299480,82488218.0000,3,1.425877,1,-0.840700,0
2011-03-14,sh.600258,24.4000,24.7000,23.9200,24.1700,24.7700,5073411,122130783.0000,3,2.192485,1,-2.422300,0
2011-03-15,sh.600258,23.8800,24.2300,23.6200,24.1600,24.1700,2793817,66767546.0000,3,1.207354,1,-0.041400,0
2011-03-16,sh.600258,24.1500,24.2700,23.8100,24.0000,24.1600,4749539,114202735.0000,3,2.052523,1,-0.662300,0
2011-03-17,sh.600258,23.8800,24.1400,23.5800,23.6900,24.0000,2781814,66414731.0000,3,1.202167,1,-1.291700,0
2011-03-18,sh.600258,23.9500,23.9800,23.3000,23.5600,23.6900,2853661,67238571.0000,3,1.233216,1,-0.548800,0
2011-03-21,sh.600258,23.5400,23.9000,23.0000,23.8400,23.5600,3737204,88011143.0000,3,1.615041,1,1.188500,0
2011-03-22,sh.600258,23.9500,24.2100,23.8600,24.0200,23.8400,4961938,119259695.0000,3,2.144312,1,0.755000,0
2011-03-23,sh.600258,24.0000,24.0000,23.6800,23.8200,24.0200,2997343,71322946.0000,3,1.295308,1,-0.832600,0
2011-03-24,sh.600258,23.8500,23.9500,23.6000,23.8000,23.8200,2543876,60437379.0000,3,1.099341,1,-0.084000,0
2011-03-25,sh.600258,23.9600,24.1500,23.4800,23.6700,23.8000,8448923,201230628.0000,3,3.651220,1,-0.546200,0
2011-03-28,sh.600258,23.6300,23.6300,22.5900,22.8900,23.6700,10023089,229792961.0000,3,4.331499,1,-3.295300,0
2011-03-29,sh.600258,22.7000,22.8500,22.5000,22.5300,22.8900,3129804,70876538.0000,3,1.352551,1,-1.572700,0
2011-03-30,sh.600258,22.6000,23.0700,22.6000,23.0400,22.5300,3856877,88364551.0000,3,1.666758,1,2.263600,0
2011-03-31,sh.600258,23.1000,23.1200,22.6200,22.7100,23.0400,1527530,34782379.0000,3,0.660125,1,-1.432300,0
2011-04-01,sh.600258,22.8000,23.2300,22.7000,23.0700,22.7100,2066404,47624987.0000,3,0.893001,1,1.585200,0
2011-04-06,sh.600258,22.9900,23.1700,22.8000,22.9600,23.0700,3065282,70531190.0000,3,1.324668,1,-0.476800,0
2011-04-07,sh.600258,22.9000,22.9300,22.3600,22.7500,22.9600,2610543,59076836.0000,3,1.128152,1,-0.914600,0
2011-04-08,sh.600258,22.7400,22.9000,22.5900,22.9000,22.7500,2107215,48107742.0000,3,0.910637,1,0.659300,0
2011-04-11,sh.600258,22.8800,23.2600,22.8800,22.9700,22.9000,3027577,69947500.0000,3,1.308374,1,0.305700,0
2011-04-12,sh.600258,22.9700,22.9700,22.9700,22.9700,22.9700,0,0.0000,3,,0,0.000000,0
2011-04-13,sh.600258,22.9700,22.9700,22.9700,22.9700,22.9700,0,0.0000,3,,0,0.000000,0
2011-04-14,sh.600258,23.3100,23.4900,22.7500,22.7900,22.9700,5685303,131852187.0000,3,2.456916,1,-0.783600,0
2011-04-15,sh.600258,22.4100,22.4200,21.7000,21.8800,22.7900,6700498,146808546.0000,3,2.895634,1,-3.993000,0
2011-04-18,sh.600258,21.7700,22.2000,21.6800,22.0600,21.8800,2869526,63118348.0000,3,1.240072,1,0.822700,0
2011-04-19,sh.600258,21.9800,22.3000,21.7900,22.1500,22.0600,2629816,58050494.0000,3,1.136481,1,0.408000,0
2011-04-20,sh.600258,22.2100,22.6500,22.2000,22.5900,22.1500,2522399,56608955.0000,3,1.090060,1,1.986500,0
2011-04-21,sh.600258,22.6200,22.8900,22.4200,22.4700,22.5900,2766449,62709364.0000,3,1.195527,1,-0.531200,0
2011-04-22,sh.600258,22.4600,23.1000,22.3500,23.0100,22.4700,4326470,99198364.0000,3,1.869693,1,2.403200,0
2011-04-25,sh.600258,22.9600,23.1900,22.3800,22.4000,23.0100,2858793,65338819.0000,3,1.235433,1,-2.651000,0
2011-04-26,sh.600258,22.3000,22.7000,21.3300,21.5000,22.4000,3326272,72062952.0000,3,1.437455,1,-4.017900,0
2011-04-27,sh.600258,21.5800,21.7500,20.9400,21.1600,21.5000,1666766,35510716.0000,3,0.720296,1,-1.581400,0
2011-04-28,sh.600258,21.1600,21.3100,20.5800,20.6400,21.1600,1467216,30803677.0000,3,0.634061,1,-2.457500,0
2011-04-29,sh.600258,20.5800,21.0000,20.5800,20.9700,20.6400,758867,15797194.0000,3,0.327946,1,1.598800,0
2011-05-03,sh.600258,20.9900,21.1700,20.7100,20.9900,20.9700,829299,17363841.0000,3,0.358383,1,0.095400,0
2011-05-04,sh.600258,20.9900,20.9900,20.3500,20.3600,20.9900,1226440,25319373.0000,3,0.530009,1,-3.001400,0
2011-05-05,sh.600258,20.3700,20.5600,20.2800,20.3900,20.3600,803191,16369839.0000,3,0.347101,1,0.147300,0
2011-05-06,sh.600258,20.3900,20.6200,20.0800,20.4100,20.3900,956168,19516467.0000,3,0.413210,1,0.098100,0
2011-05-09,sh.600258,20.6000,20.7700,20.3100,20.4100,20.4100,839537,17241334.0000,3,0.362808,1,0.000000,0
2011-05-10,sh.600258,20.4500,20.5500,20.2200,20.5300,20.4100,946067,19285340.0000,3,0.408845,1,0.587900,0
2011-05-11,sh.600258,20.5700,20.7500,20.2000,20.2700,20.5300,1770951,36279968.0000,3,0.765320,1,-1.266400,0
2011-05-12,sh.600258,20.0900,20.2400,19.9600,19.9700,20.2700,1268913,25481709.0000,3,0.548363,1,-1.480000,0
2011-05-13,sh.600258,19.9700,20.2300,19.9100,20.2200,19.9700,912363,18340214.0000,3,0.394280,1,1.251900,0
2011-05-16,sh.600258,20.3500,20.4000,19.9100,20.0100,20.2200,1097552,22053037.0000,3,0.474309,1,-1.038600,0
2011-05-17,sh.600258,20.0100,20.1500,19.8500,20.0000,20.0100,1096301,21964320.0000,3,0.473769,1,-0.050000,0
2011-05-18,sh.600258,20.0100,20.3600,19.9800,20.2500,20.0000,1306257,26384872.0000,3,0.564502,1,1.250000,0
2011-05-19,sh.600258,20.2600,20.4600,20.1600,20.2400,20.2500,1286898,26119066.0000,3,0.556136,1,-0.049400,0
2011-05-20,sh.600258,20.2800,20.3600,19.4500,19.5400,20.2400,2204048,43555218.0000,3,0.952484,1,-3.458500,0
2011-05-23,sh.600258,19.2100,19.4700,18.2900,18.3100,19.5400,2252632,42252110.0000,3,0.973480,1,-6.294800,0
2011-05-24,sh.600258,18.3000,18.4400,17.8200,18.3800,18.3100,1313235,23785339.0000,3,0.567517,1,0.382300,0
2011-05-25,sh.600258,18.3000,18.4200,17.8600,17.9300,18.3800,921706,16744915.0000,3,0.398317,1,-2.448300,0
2011-05-26,sh.600258,18.0800,18.3000,17.9100,17.9700,17.9300,702982,12701877.0000,3,0.303795,1,0.223100,0
2011-05-27,sh.600258,18.0800,18.0900,17.3600,17.4100,17.9700,1349681,23804794.0000,3,0.583268,1,-3.116300,0
2011-05-30,sh.600258,17.3900,17.4600,16.8800,16.9200,17.4100,1241259,21305688.0000,3,0.536413,1,-2.814500,0
2011-05-31,sh.600258,16.9100,17.7600,16.8000,17.5000,16.9200,2169718,37093879.0000,3,0.937648,1,3.427900,0
2011-06-01,sh.600258,17.0200,17.0900,16.8000,16.9400,17.0500,1367383,23159835.0000,3,0.590917,1,-0.645200,0
2011-06-02,sh.600258,16.8000,16.8100,16.2800,16.7100,16.9400,1495650,24732038.0000,3,0.646348,1,-1.357700,0
2011-06-03,sh.600258,16.7200,17.0400,16.6600,17.0000,16.7100,1397777,23621470.0000,3,0.604052,1,1.735500,0
2011-06-07,sh.600258,16.8300,17.3600,16.8000,17.2700,17.0000,1361368,23479105.0000,3,0.588318,1,1.588200,0
2011-06-08,sh.600258,17.3000,17.3600,17.0900,17.3000,17.2700,974320,16780314.0000,3,0.421054,1,0.173700,0
2011-06-09,sh.600258,17.2800,17.7500,17.2000,17.2700,17.3000,1885900,32983855.0000,3,0.814996,1,-0.173400,0
2011-06-10,sh.600258,17.2700,17.3400,16.8000,17.3100,17.2700,945347,16185944.0000,3,0.408534,1,0.231600,0
2011-06-13,sh.600258,17.1500,17.2400,16.8000,17.1000,17.3100,685342,11657733.0000,3,0.296172,1,-1.213200,0
2011-06-14,sh.600258,17.1300,17.7300,17.0400,17.5400,17.1000,1529257,26662762.0000,3,0.660872,1,2.573100,0
2011-06-15,sh.600258,17.5500,17.6000,17.2500,17.2900,17.5400,731144,12735276.0000,3,0.315965,1,-1.425300,0
2011-06-16,sh.600258,17.1000,17.1400,16.7100,16.7700,17.2900,883185,14927220.0000,3,0.381670,1,-3.007500,0
2011-06-17,sh.600258,16.7000,16.9600,16.6600,16.6900,16.7700,513350,8615315.0000,3,0.221845,1,-0.477000,0
2011-06-20,sh.600258,16.6300,16.7400,16.3100,16.3700,16.6900,670700,11078156.0000,3,0.289844,1,-1.917300,0
2011-06-21,sh.600258,16.4200,16.8500,16.4200,16.8100,16.3700,714906,11908561.0000,3,0.308948,1,2.687800,0
2011-06-22,sh.600258,16.8200,16.9000,16.5500,16.6600,16.8100,723119,12046916.0000,3,0.312497,1,-0.892300,0
2011-06-23,sh.600258,16.6900,17.1100,16.5600,17.0500,16.6600,1143603,19351003.0000,3,0.494210,1,2.340900,0
2011-06-24,sh.600258,16.9900,17.8800,16.9200,17.5700,17.0500,2096844,36719986.0000,3,0.906156,1,3.049900,0
2011-06-27,sh.600258,17.5700,17.9600,17.5400,17.8400,17.5700,1269549,22594742.0000,3,0.548638,1,1.536700,0
2011-06-28,sh.600258,17.8000,17.9000,17.6300,17.6600,17.8400,812143,14382448.0000,3,0.350969,1,-1.009000,0
2011-06-29,sh.600258,17.7800,17.8000,17.5000,17.5200,17.6600,1038253,18347590.0000,3,0.448683,1,-0.792800,0
2011-06-30,sh.600258,17.5000,17.8600,17.4100,17.7100,17.5200,1212266,21499778.0000,3,0.523883,1,1.084500,0
2011-07-01,sh.600258,17.7400,17.9900,17.5800,17.6100,17.7100,1462018,25965856.0000,3,0.631814,1,-0.564700,0
2011-07-04,sh.600258,17.5900,18.1500,17.5900,18.1000,17.6100,1803362,32350668.0000,3,0.779327,1,2.782500,0
2011-07-05,sh.600258,18.1200,18.1200,17.7000,17.7600,18.1000,2671698,47733416.0000,3,1.154580,1,-1.878500,0
2011-07-06,sh.600258,17.8000,17.8300,17.4000,17.5200,17.7600,3959747,69609055.0000,3,1.711213,1,-1.351400,0
2011-07-07,sh.600258,17.5000,17.6600,17.4700,17.5000,17.5200,3095159,54390695.0000,3,1.337580,1,-0.114200,0
2011-07-08,sh.600258,17.5400,17.5400,17.2300,17.3100,17.5000,2912085,50571023.0000,3,1.258464,1,-1.085717,0
2011-07-11,sh.600258,17.2500,17.4300,17.0000,17.3800,17.3100,2458981,42340793.0000,3,1.062654,1,0.404400,0
2011-07-12,sh.600258,17.2900,17.2900,16.8000,16.8200,17.3800,2669703,45435761.0000,3,1.153718,1,-3.222100,0
2011-07-13,sh.600258,16.8500,17.1900,16.8500,17.1600,16.8200,1620766,27690069.0000,3,0.700417,1,2.021400,0
2011-07-14,sh.600258,17.2000,17.7800,17.1800,17.7700,17.1600,5149278,90581070.0000,3,2.225271,1,3.554800,0
2011-07-15,sh.600258,17.7400,18.0800,17.5500,17.9700,17.7700,4674157,83487297.0000,3,2.019947,1,1.125500,0
2011-07-18,sh.600258,17.9800,18.1000,17.7300,18.0300,17.9700,2669776,47923615.0000,3,1.153749,1,0.333900,0
2011-07-19,sh.600258,17.9600,17.9600,17.6200,17.7100,18.0300,1785492,31670518.0000,3,0.771604,1,-1.774800,0
2011-07-20,sh.600258,17.8600,18.1200,17.7900,17.9000,17.7100,2758471,49530734.0000,3,1.192079,1,1.072800,0
2011-07-21,sh.600258,17.9000,18.1000,17.7200,17.7400,17.9000,2279656,40816234.0000,3,0.985158,1,-0.893900,0
2011-07-22,sh.600258,17.8500,18.3400,17.6800,18.2700,17.7400,4558341,82715332.0000,3,1.969897,1,2.987600,0
2011-07-25,sh.600258,18.1500,18.5000,17.5000,17.6100,18.2700,4635827,83555052.0000,3,2.003382,1,-3.612500,0
2011-07-26,sh.600258,17.4200,17.6900,17.0300,17.1800,17.6100,2527809,43493171.0000,3,1.092398,1,-2.441800,0
2011-07-27,sh.600258,17.1600,17.3900,16.8100,17.3100,17.1800,1985135,34064975.0000,3,0.857880,1,0.756700,0
2011-07-28,sh.600258,17.1800,17.2200,16.9200,17.1600,17.3100,1430426,24436810.0000,3,0.618162,1,-0.866600,0
2011-07-29,sh.600258,17.0600,17.4500,17.0600,17.2400,17.1600,1386361,23983513.0000,3,0.599119,1,0.466200,0
2011-08-01,sh.600258,17.2400,17.4900,17.2000,17.2800,17.2400,1078547,18695176.0000,3,0.466096,1,0.232000,0
2011-08-02,sh.600258,17.2900,17.2900,16.7200,17.0300,17.2800,1789318,30204570.0000,3,0.773258,1,-1.446800,0
2011-08-03,sh.600258,16.8700,17.0800,16.7500,16.9100,17.0300,925241,15652306.0000,3,0.399845,1,-0.704600,0
2011-08-04,sh.600258,17.1600,17.2400,17.0100,17.1800,16.9100,972466,16690125.0000,3,0.420253,1,1.596700,0
2011-08-05,sh.600258,16.7000,16.9800,16.4000,16.7900,17.1800,1165100,19531704.0000,3,0.503500,1,-2.270100,0
2011-08-08,sh.600258,16.4500,17.2000,15.3400,15.6200,16.7900,2491239,39822801.0000,3,1.076594,1,-6.968400,0
2011-08-09,sh.600258,15.0000,15.4200,14.4200,15.1900,15.6200,2182653,32641920.0000,3,0.943238,1,-2.752900,0
2011-08-10,sh.600258,15.5000,15.6700,15.2700,15.2800,15.1900,1676922,25944418.0000,3,0.724685,1,0.592500,0
2011-08-11,sh.600258,14.8000,16.2700,14.7500,15.9400,15.2800,2749165,43248387.0000,3,1.188057,1,4.319400,0
2011-08-12,sh.600258,16.0000,16.3000,15.9400,16.0400,15.9400,1868340,30003926.0000,3,0.807407,1,0.627400,0
2011-08-15,sh.600258,16.1000,16.3100,16.0100,16.2000,16.0400,1311497,21228400.0000,3,0.566766,1,0.997500,0
2011-08-16,sh.600258,16.3000,16.4300,16.1100,16.1600,16.2000,1081947,17597920.0000,3,0.467566,1,-0.246900,0
2011-08-17,sh.600258,16.2000,16.7500,15.9600,16.4800,16.1600,2175229,35593872.0000,3,0.940030,1,1.980200,0
2011-08-18,sh.600258,16.4800,16.8500,16.2800,16.3100,16.4800,1946706,32190462.0000,3,0.841273,1,-1.031600,0
2011-08-19,sh.600258,15.9000,16.3000,15.5500,16.0800,16.3100,1210673,19456303.0000,3,0.523195,1,-1.410200,0
2011-08-22,sh.600258,16.1100,16.3500,16.0600,16.1000,16.0800,848066,13724725.0000,3,0.366494,1,0.124400,0
2011-08-23,sh.600258,16.3000,16.3200,16.0400,16.2800,16.1000,846489,13716130.0000,3,0.365812,1,1.118000,0
2011-08-24,sh.600258,16.4400,17.9000,16.2700,17.7000,16.2800,7031213,121793032.0000,3,3.038554,1,8.722400,0
2011-08-25,sh.600258,17.5800,18.5000,17.3600,18.3500,17.7000,7344791,132118581.0000,3,3.174067,1,3.672300,0
2011-08-26,sh.600258,18.5300,19.0600,18.1600,18.3600,18.3500,9435600,176232989.0000,3,4.077615,1,0.054497,0
2011-08-29,sh.600258,18.2000,18.7000,18.2000,18.2600,18.3600,3481271,64124213.0000,3,1.504439,1,-0.544700,0
2011-08-30,sh.600258,18.3600,18.4900,17.8200,17.8700,18.2600,2129615,38639881.0000,3,0.920318,1,-2.135800,0
2011-08-31,sh.600258,17.9600,18.4100,17.7100,18.3900,17.8700,2010024,36205284.0000,3,0.868636,1,2.909900,0
2011-09-01,sh.600258,18.4700,18.4800,17.7800,18.0300,18.3900,2497745,45338210.0000,3,1.079406,1,-1.957600,0
2011-09-02,sh.600258,17.8300,18.0000,17.5400,17.6100,18.0300,1435230,25426324.0000,3,0.620238,1,-2.329500,0
2011-09-05,sh.600258,17.3500,17.4800,16.8500,16.9600,17.6100,1423912,24295920.0000,3,0.615347,1,-3.691100,0
2011-09-06,sh.600258,16.8800,17.5000,16.5800,17.3100,16.9600,1940496,33092322.0000,3,0.838589,1,2.063700,0
2011-09-07,sh.600258,17.3300,19.0000,17.2500,18.6100,17.3100,4517360,82971478.0000,3,1.952187,1,7.510100,0
2011-09-08,sh.600258,18.5000,18.6000,18.0800,18.2300,18.6100,2218663,40703205.0000,3,0.958800,1,-2.041919,0
2011-09-09,sh.600258,18.2900,18.4000,17.8600,17.9700,18.2300,1737912,31462981.0000,3,0.751042,1,-1.426200,0
2011-09-13,sh.600258,17.7500,17.7500,17.3400,17.5000,17.9700,1340717,23453697.0000,3,0.579394,1,-2.615500,0
2011-09-14,sh.600258,17.5100,17.8800,17.2000,17.8500,17.5000,1661910,29144687.0000,3,0.718198,1,2.000000,0
2011-09-15,sh.600258,17.8400,18.0100,17.7000,17.8300,17.8500,1811585,32392266.0000,3,0.782880,1,-0.112000,0
2011-09-16,sh.600258,17.9500,17.9800,17.4000,17.5300,17.8300,1152002,20398077.0000,3,0.497840,1,-1.682600,0
2011-09-19,sh.600258,17.5500,17.5500,16.7000,16.7100,17.5300,1478843,25173121.0000,3,0.639085,1,-4.677700,0
2011-09-20,sh.600258,16.5900,17.3800,16.4000,17.0700,16.7100,1427180,24080465.0000,3,0.616759,1,2.154400,0
2011-09-21,sh.600258,17.0700,18.1900,16.8900,18.0000,17.0700,2026563,35685187.0000,3,0.875783,1,5.448200,0
2011-09-22,sh.600258,17.7300,18.7600,17.4000,17.4500,18.0000,4334149,78543658.0000,3,1.873012,1,-3.055600,0
2011-09-23,sh.600258,17.0500,17.6800,16.9200,17.6300,17.4500,1497025,26097285.0000,3,0.646943,1,1.031500,0
2011-09-26,sh.600258,17.6100,17.7900,17.2000,17.2300,17.6300,1321758,23081847.0000,3,0.571201,1,-2.268900,0
2011-09-27,sh.600258,17.4700,17.4900,16.6800,16.7700,17.2300,2086332,35317872.0000,3,0.901613,1,-2.669800,0
2011-09-28,sh.600258,16.8600,16.9700,16.0600,16.1700,16.7700,1347470,22255623.0000,3,0.582312,1,-3.577800,0
2011-09-29,sh.600258,16.1600,16.1700,15.5000,15.5500,16.1700,1028071,16165848.0000,3,0.444283,1,-3.834300,0
2011-09-30,sh.600258,15.5500,15.7600,15.3900,15.4500,15.5500,806088,12491703.0000,3,0.348353,1,-0.643100,0
2011-10-10,sh.600258,15.4500,15.6200,15.1300,15.1900,15.4500,525651,8041484.0000,3,0.227161,1,-1.682800,0
2011-10-11,sh.600258,15.5700,15.7900,15.1800,15.3400,15.1900,609593,9404796.0000,3,0.263437,1,0.987500,0
2011-10-12,sh.600258,15.3000,15.9500,15.1800,15.7900,15.3400,661878,10376171.0000,3,0.286032,1,2.933500,0
2011-10-13,sh.600258,15.8500,16.1400,15.7000,16.1000,15.7900,1081616,17215649.0000,3,0.467423,1,1.963300,0
2011-10-14,sh.600258,16.0700,16.2400,15.7900,15.9800,16.1000,508103,8095737.0000,3,0.219578,1,-0.745300,0
2011-10-17,sh.600258,16.1800,16.1900,15.6300,15.6600,15.9800,1041389,16394617.0000,3,0.450038,1,-2.002500,0
2011-10-18,sh.600258,15.4000,15.5000,15.0400,15.0400,15.6600,874792,13333993.0000,3,0.378043,1,-3.959100,0
2011-10-19,sh.600258,14.9700,15.2800,14.9600,15.0200,15.0400,454906,6861879.0000,3,0.196589,1,-0.133000,0
2011-10-20,sh.600258,15.0200,15.0200,14.5500,14.6600,15.0200,584088,8585778.0000,3,0.252415,1,-2.396800,0
2011-10-21,sh.600258,14.8700,14.8700,14.4400,14.4800,14.6600,412319,6007991.0000,3,0.178185,1,-1.227800,0
2011-10-24,sh.600258,14.5600,14.6300,14.1000,14.5000,14.4800,859050,12384434.0000,3,0.371240,1,0.138100,0
2011-10-25,sh.600258,14.5000,15.0200,14.4800,14.8800,14.5000,753286,11133950.0000,3,0.325534,1,2.620700,0
2011-10-26,sh.600258,14.8600,15.2000,14.7500,15.0700,14.8800,946123,14209650.0000,3,0.408869,1,1.276900,0
2011-10-27,sh.600258,15.0200,15.4300,15.0200,15.1900,15.0700,916204,13904710.0000,3,0.395939,1,0.796300,0
2011-10-28,sh.600258,15.4100,15.4100,15.2000,15.3300,15.1900,863205,13217344.0000,3,0.373036,1,0.921700,0
2011-10-31,sh.600258,15.3300,15.4500,15.1800,15.3300,15.3300,624982,9558533.0000,3,0.270087,1,0.000000,0
2011-11-01,sh.600258,15.3000,15.5300,15.1000,15.4400,15.3300,878615,13488367.0000,3,0.379695,1,0.717500,0
2011-11-02,sh.600258,15.1800,15.7500,15.0300,15.7000,15.4400,1151359,17749078.0000,3,0.497562,1,1.683900,0
2011-11-03,sh.600258,15.6800,15.9700,15.6200,15.7900,15.7000,1598372,25297305.0000,3,0.690740,1,0.573200,0
2011-11-04,sh.600258,15.9500,16.1000,15.7300,15.8300,15.7900,956567,15200855.0000,3,0.413382,1,0.253300,0
2011-11-07,sh.600258,15.7100,15.8900,15.5800,15.5900,15.8300,772216,12128995.0000,3,0.333715,1,-1.516100,0
2011-11-08,sh.600258,15.5900,15.7500,15.4000,15.4300,15.5900,835688,12994893.0000,3,0.361144,1,-1.026300,0
2011-11-09,sh.600258,15.4300,15.7500,15.3700,15.7400,15.4300,863695,13422623.0000,3,0.373248,1,2.009100,0
2011-11-10,sh.600258,15.6600,16.7000,15.5100,16.0900,15.7400,3366227,54443501.0000,3,1.454722,1,2.223600,0
2011-11-11,sh.600258,16.1000,16.7300,15.9100,16.5900,16.0900,3888320,63935133.0000,3,1.680346,1,3.107500,0
2011-11-14,sh.600258,16.6100,17.0900,16.6000,16.7300,16.5900,2170646,36545767.0000,3,0.938049,1,0.843900,0
2011-11-15,sh.600258,16.7600,16.9000,16.5100,16.6900,16.7300,1053267,17543167.0000,3,0.455172,1,-0.239100,0
2011-11-16,sh.600258,16.6000,16.8900,16.1500,16.2200,16.6900,1312132,21678186.0000,3,0.567041,1,-2.816100,0
2011-11-17,sh.600258,16.5500,16.5500,16.0200,16.0300,16.2200,1025975,16659972.0000,3,0.443377,1,-1.171400,0
2011-11-18,sh.600258,15.9000,15.9200,15.5600,15.5700,16.0300,817587,12858648.0000,3,0.353322,1,-2.869600,0
2011-11-21,sh.600258,15.6300,15.8000,15.5000,15.6900,15.5700,641045,10053845.0000,3,0.277029,1,0.770700,0
2011-11-22,sh.600258,15.6000,15.8000,15.4100,15.7900,15.6900,549638,8589070.0000,3,0.237527,1,0.637300,0
2011-11-23,sh.600258,16.0000,16.5000,15.8300,15.8400,15.7900,1281461,20742514.0000,3,0.553786,1,0.316700,0
2011-11-24,sh.600258,15.6100,16.1000,15.3800,15.9800,15.8400,914963,14407648.0000,3,0.395403,1,0.883800,0
2011-11-25,sh.600258,15.9000,16.1100,15.6000,15.6300,15.9800,479646,7611738.0000,3,0.207280,1,-2.190200,0
2011-11-28,sh.600258,15.6700,15.8500,15.4800,15.6400,15.6300,512130,8025007.0000,3,0.221318,1,0.064000,0
2011-11-29,sh.600258,15.7900,16.1600,15.7000,16.1100,15.6400,932296,14890161.0000,3,0.402894,1,3.005100,0
2011-11-30,sh.600258,16.1900,16.1900,15.1100,15.1600,16.1100,1151822,17908676.0000,3,0.497762,1,-5.897000,0
2011-12-01,sh.600258,15.7700,15.8500,15.1700,15.1900,15.1600,1504843,23286366.0000,3,0.650321,1,0.197900,0
2011-12-02,sh.600258,15.1800,15.2900,14.7200,14.7800,15.1900,828639,12371352.0000,3,0.358098,1,-2.699100,0
2011-12-05,sh.600258,14.6900,14.7600,14.0900,14.1200,14.7800,1629249,23310082.0000,3,0.704083,1,-4.465500,0
2011-12-06,sh.600258,14.1500,14.2300,13.8000,14.0400,14.1200,749007,10532461.0000,3,0.323685,1,-0.566600,0
2011-12-07,sh.600258,14.0400,14.2600,14.0100,14.2000,14.0400,674278,9535678.0000,3,0.291391,1,1.139600,0
2011-12-08,sh.600258,14.1300,14.2500,13.8000,14.1200,14.2000,1074919,15097182.0000,3,0.464529,1,-0.563400,0
2011-12-09,sh.600258,13.9800,14.1800,13.9200,14.0900,14.1200,360211,5058975.0000,3,0.155666,1,-0.212500,0
2011-12-12,sh.600258,14.0600,14.2200,13.8800,13.9200,14.0900,567415,7951584.0000,3,0.245210,1,-1.206500,0
2011-12-13,sh.600258,13.8400,13.8900,13.5200,13.5900,13.9200,741334,10108920.0000,3,0.320369,1,-2.370700,0
2011-12-14,sh.600258,13.5800,13.7100,13.4500,13.5800,13.5900,448402,6090403.0000,3,0.193778,1,-0.073600,0
2011-12-15,sh.600258,13.4100,13.6800,13.1000,13.4300,13.5800,601154,8101910.0000,3,0.259790,1,-1.104600,0
2011-12-16,sh.600258,13.4200,13.6500,13.2800,13.6500,13.4300,909524,12254578.0000,3,0.393053,1,1.638100,0
2011-12-19,sh.600258,13.5900,13.6300,13.3000,13.5100,13.6500,842442,11337924.0000,3,0.364063,1,-1.025600,0
2011-12-20,sh.600258,13.5100,13.6500,13.2500,13.2700,13.5100,779671,10507227.0000,3,0.336936,1,-1.776500,0
2011-12-21,sh.600258,13.4500,13.4500,12.8300,12.8800,13.2700,1020445,13451798.0000,3,0.440987,1,-2.939000,0
2011-12-22,sh.600258,12.8600,12.8800,12.1200,12.5600,12.8800,1004008,12408938.0000,3,0.433884,1,-2.484500,0
2011-12-23,sh.600258,12.5600,12.8700,12.4500,12.6800,12.5600,708443,8994945.0000,3,0.306155,1,0.955400,0
2011-12-26,sh.600258,12.7600,12.9000,12.5000,12.5800,12.6800,742509,9464092.0000,3,0.320877,1,-0.788600,0
2011-12-27,sh.600258,12.6000,12.7000,12.2500,12.3300,12.5800,727928,9002455.0000,3,0.314576,1,-1.987300,0
2011-12-28,sh.600258,12.2800,12.3000,12.0100,12.1700,12.3300,557106,6755079.0000,3,0.240755,1,-1.297600,0
2011-12-29,sh.600258,12.1500,12.4900,12.1400,12.2900,12.1700,1009133,12423378.0000,3,0.436099,1,0.986000,0
2011-12-30,sh.600258,12.2500,12.5900,12.2000,12.5600,12.2900,1005475,12437804.0000,3,0.434518,1,2.196900,0
2012-01-04,sh.600258,12.5800,12.6800,12.0600,12.0800,12.5600,891368,11079416.0000,3,0.385207,1,-3.821700,0
2012-01-05,sh.600258,12.1000,12.1200,11.4900,11.5200,12.0800,795655,9360774.0000,3,0.343844,1,-4.635800,0
2012-01-06,sh.600258,11.6000,11.6000,11.1200,11.4200,11.5200,833314,9389939.0000,3,0.360118,1,-0.868100,0
2012-01-09,sh.600258,11.4500,11.8500,11.3600,11.8300,11.4200,1948560,22641384.0000,3,0.842074,1,3.590200,0
2012-01-10,sh.600258,11.8000,12.4200,11.7800,12.4000,11.8300,2403348,29149729.0000,3,1.038612,1,4.818300,0
2012-01-11,sh.600258,12.3700,12.4600,12.2000,12.3300,12.4000,2173685,26808180.0000,3,0.939363,1,-0.564500,0
2012-01-12,sh.600258,12.2500,12.4100,12.1500,12.2000,12.3300,1976677,24246211.0000,3,0.854225,1,-1.054300,0
2012-01-13,sh.600258,12.2800,12.2800,11.6000,11.6800,12.2000,2003338,23780523.0000,3,0.865747,1,-4.262300,0
2012-01-16,sh.600258,11.6000,11.6000,11.1300,11.1700,11.6800,1284119,14628849.0000,3,0.554935,1,-4.366400,0
2012-01-17,sh.600258,11.1900,11.8000,11.1000,11.7900,11.1700,2859786,32769067.0000,3,1.235863,1,5.550600,0
2012-01-18,sh.600258,11.8000,11.9200,11.4100,11.4700,11.7900,1962517,22931745.0000,3,0.848106,1,-2.714200,0
2012-01-19,sh.600258,11.4700,11.6900,11.3700,11.6000,11.4700,1171480,13569347.0000,3,0.506258,1,1.133400,0
2012-01-20,sh.600258,11.7100,11.9400,11.6600,11.9000,11.6000,1601631,18989394.0000,3,0.692148,1,2.586200,0
2012-01-30,sh.600258,11.9300,12.0500,11.7800,11.8100,11.9000,1027628,12259941.0000,3,0.444092,1,-0.756300,0
2012-01-31,sh.600258,11.8500,11.8600,11.5900,11.7600,11.8100,716056,8370536.0000,3,0.309445,1,-0.423400,0
2012-02-01,sh.600258,11.7800,11.9200,11.6000,11.6500,11.7600,726550,8543228.0000,3,0.313980,1,-0.935400,0
2012-02-02,sh.600258,11.7500,12.2800,11.6100,12.2700,11.6500,2732211,33001801.0000,3,1.180731,1,5.321900,0
2012-02-03,sh.600258,12.1500,12.3000,12.0500,12.2400,12.2700,2159718,26305998.0000,3,0.933327,1,-0.244500,0
2012-02-06,sh.600258,12.2100,12.3000,12.1000,12.2400,12.2400,1501716,18316116.0000,3,0.648970,1,0.000000,0
2012-02-07,sh.600258,12.5600,12.9000,12.1200,12.3200,12.2400,5298056,66377122.0000,3,2.289566,1,0.653600,0
2012-02-08,sh.600258,12.1500,12.5700,12.1000,12.5400,12.3200,2792020,34484948.0000,3,1.206577,1,1.785700,0
2012-02-09,sh.600258,12.5500,12.7500,12.4000,12.6200,12.5400,2679583,33896168.0000,3,1.157987,1,0.638000,0
2012-02-10,sh.600258,12.6000,12.8700,12.4900,12.6600,12.6200,2270869,28769462.0000,3,0.981361,1,0.317000,0
2012-02-13,sh.600258,12.6100,12.8200,12.4800,12.7400,12.6600,2243970,28486127.0000,3,0.969736,1,0.631900,0
2012-02-14,sh.600258,12.8000,12.9700,12.6000,12.8600,12.7400,1952381,25022513.0000,3,0.843726,1,0.941900,0
2012-02-15,sh.600258,12.8500,12.9700,12.6800,12.9400,12.8600,1981084,25484817.0000,3,0.856130,1,0.622100,0
2012-02-16,sh.600258,13.0900,13.5400,13.0500,13.2200,12.9400,6032645,80119374.0000,3,2.607020,1,2.163800,0
2012-02-17,sh.600258,13.4000,14.0000,13.2700,13.7900,13.2200,7884539,108109477.0000,3,3.407320,1,4.311600,0
2012-02-20,sh.600258,13.8000,13.8600,13.4400,13.5800,13.7900,3844743,52441687.0000,3,1.661514,1,-1.522800,0
2012-02-21,sh.600258,13.5100,13.8500,13.3000,13.7600,13.5800,2734436,37141069.0000,3,1.181692,1,1.325500,0
2012-02-22,sh.600258,13.7500,14.0900,13.5500,13.9000,13.7600,2424967,33567790.0000,3,1.047955,1,1.017400,0
2012-02-23,sh.600258,13.8700,13.9400,13.6100,13.7200,13.9000,1679373,23130097.0000,3,0.725745,1,-1.295000,0
2012-02-24,sh.600258,13.7000,14.4000,13.6000,14.1900,13.7200,4114060,57723938.0000,3,1.777900,1,3.425700,0
2012-02-27,sh.600258,14.2200,14.3500,14.0500,14.0900,14.1900,1954925,27808547.0000,3,0.844825,1,-0.704700,0
2012-02-28,sh.600258,14.0500,14.0700,13.8500,14.0000,14.0900,1366854,19061967.0000,3,0.590689,1,-0.638800,0
2012-02-29,sh.600258,14.0000,14.3000,13.7800,14.0000,14.0000,1642479,23093776.0000,3,0.709801,1,0.000000,0
2012-03-01,sh.600258,13.9500,14.3200,13.8600,14.2200,14.0000,1620407,22962551.0000,3,0.700262,1,1.571400,0
2012-03-02,sh.600258,14.3200,14.6600,14.1900,14.5100,14.2200,2205887,31843875.0000,3,0.953279,1,2.039400,0
2012-03-05,sh.600258,14.5100,14.8000,14.4000,14.5100,14.5100,1511955,21987183.0000,3,0.653395,1,0.000000,0
2012-03-06,sh.600258,14.4500,14.6500,14.2100,14.4500,14.5100,1311393,18906980.0000,3,0.566721,1,-0.413500,0
2012-03-07,sh.600258,14.3400,14.6300,14.2000,14.2700,14.4500,840853,12113174.0000,3,0.363376,1,-1.245700,0
2012-03-08,sh.600258,14.3000,14.7000,14.3000,14.6900,14.2700,1513260,22023175.0000,3,0.653959,1,2.943200,0
2012-03-09,sh.600258,14.7800,14.7800,14.5400,14.7200,14.6900,907204,13304286.0000,3,0.392050,1,0.204200,0
2012-03-12,sh.600258,14.7300,15.0000,14.7000,14.8200,14.7200,1522099,22621224.0000,3,0.657778,1,0.679300,0
2012-03-13,sh.600258,14.7900,14.9000,14.7200,14.8500,14.8200,918968,13618967.0000,3,0.397134,1,0.202400,0
2012-03-14,sh.600258,14.9000,15.0600,13.8100,13.9900,14.8500,2059807,29899012.0000,3,0.890150,1,-5.791200,0
2012-03-15,sh.600258,13.9500,14.0800,13.6400,13.7200,13.9900,1603611,22148687.0000,3,0.693004,1,-1.929900,0
2012-03-16,sh.600258,13.7800,14.1900,13.7600,14.1800,13.7200,1663794,23272337.0000,3,0.719012,1,3.352800,0
2012-03-19,sh.600258,14.1900,14.8200,14.1800,14.5900,14.1800,2979219,43645749.0000,3,1.287476,1,2.891400,0
2012-03-20,sh.600258,14.4700,14.5600,13.7200,13.8100,14.5900,2441508,34474303.0000,3,1.055103,1,-5.346100,0
2012-03-21,sh.600258,13.9900,14.1200,13.7400,14.0900,13.8100,1516670,21123108.0000,3,0.655432,1,2.027500,0
2012-03-22,sh.600258,14.0300,14.0800,13.8100,13.9500,14.0900,1021814,14234900.0000,3,0.441579,1,-0.993600,0
2012-03-23,sh.600258,13.9600,13.9600,13.5400,13.6300,13.9500,903346,12377652.0000,3,0.390383,1,-2.293900,0
2012-03-26,sh.600258,13.6200,13.7400,13.5100,13.6900,13.6300,539193,7339416.0000,3,0.233013,1,0.440200,0
2012-03-27,sh.600258,13.8000,13.9400,13.6500,13.7300,13.6900,562380,7766599.0000,3,0.243034,1,0.292200,0
2012-03-28,sh.600258,13.7300,13.7300,13.7300,13.7300,13.7300,0,0.0000,3,,0,0.000000,0
2012-03-29,sh.600258,13.0500,13.4900,12.8200,12.8600,13.7300,2148625,28043049.0000,3,0.928533,1,-6.336500,0
2012-03-30,sh.600258,12.8100,12.9900,12.4800,12.5800,12.8600,1431101,18122025.0000,3,0.618453,1,-2.177300,0
2012-04-05,sh.600258,12.6000,13.0400,12.5300,13.0300,12.5800,1048366,13486900.0000,3,0.453054,1,3.577100,0
2012-04-06,sh.600258,13.1200,13.6000,13.1200,13.3400,13.0300,2144856,28769113.0000,3,0.926904,1,2.379100,0
2012-04-09,sh.600258,13.2400,13.3800,12.7700,12.8500,13.3400,1930851,25205530.0000,3,0.834421,1,-3.673200,0
2012-04-10,sh.600258,12.8400,13.1800,12.6900,13.1700,12.8500,862638,11147375.0000,3,0.372791,1,2.490300,0
2012-04-11,sh.600258,12.9000,13.2800,12.9000,13.2800,13.1700,1186889,15612431.0000,3,0.512917,1,0.835200,0
2012-04-12,sh.600258,13.3300,13.5800,13.2700,13.5400,13.2800,1802289,24202161.0000,3,0.778863,1,1.957800,0
2012-04-13,sh.600258,13.5000,13.7300,13.4700,13.6100,13.5400,1867796,25371724.0000,3,0.807172,1,0.517000,0
2012-04-16,sh.600258,13.5400,13.7800,13.4500,13.7200,13.6100,1474847,20138946.0000,3,0.637358,1,0.808200,0
2012-04-17,sh.600258,13.6600,13.8100,13.3400,13.4100,13.7200,1861104,25111516.0000,3,0.804280,1,-2.259500,0
2012-04-18,sh.600258,13.4500,13.9300,13.3500,13.8400,13.4100,2408769,33112912.0000,3,1.040955,1,3.206600,0
2012-04-19,sh.600258,13.7800,13.8800,13.6400,13.8400,13.8400,1535389,21106742.0000,3,0.663522,1,0.000000,0
2012-04-20,sh.600258,13.8400,13.8400,13.8400,13.8400,13.8400,0,0.0000,3,,0,0.000000,0
2012-04-23,sh.600258,13.9000,14.0800,13.7300,14.0700,13.8400,2932825,40818315.0000,3,1.267427,1,1.661800,0
2012-04-24,sh.600258,13.9200,14.1300,13.4000,13.8300,14.0700,2384345,32987080.0000,3,1.030400,1,-1.705800,0
2012-04-25,sh.600258,13.7800,14.1100,13.6100,13.9800,13.8300,2536738,35196842.0000,3,1.096257,1,1.084600,0
2012-04-26,sh.600258,14.1200,14.1900,13.7800,14.0000,13.9800,1923458,26848063.0000,3,0.831226,1,0.143100,0
2012-04-27,sh.600258,14.1500,14.1500,13.7500,13.7600,14.0000,1474684,20426439.0000,3,0.637288,1,-1.714300,0
2012-05-02,sh.600258,13.9500,13.9500,13.5800,13.7400,13.7600,1940960,26681775.0000,3,0.838790,1,-0.145300,0
2012-05-03,sh.600258,13.7400,13.9200,13.6500,13.8400,13.7400,1362045,18833812.0000,3,0.588611,1,0.727800,0
2012-05-04,sh.600258,13.8600,14.0800,13.8100,14.0200,13.8400,2018937,28223467.0000,3,0.872488,1,1.300600,0
2012-05-07,sh.600258,13.9400,13.9800,13.8100,13.9600,14.0200,1099516,15278907.0000,3,0.475158,1,-0.428000,0
2012-05-08,sh.600258,13.9000,14.1500,13.9000,14.0400,13.9600,1795173,25196714.0000,3,0.775788,1,0.573100,0
2012-05-09,sh.600258,13.9100,13.9900,13.5600,13.5900,14.0400,1511969,20788865.0000,3,0.653401,1,-3.205100,0
2012-05-10,sh.600258,13.5200,13.6000,13.3400,13.3800,13.5900,1420719,19112750.0000,3,0.613967,1,-1.545300,0
2012-05-11,sh.600258,13.3900,13.4900,13.2800,13.3100,13.3800,691312,9252911.0000,3,0.298752,1,-0.523200,0
2012-05-14,sh.600258,13.4500,13.5800,13.3400,13.4500,13.3100,1127029,15193993.0000,3,0.487048,1,1.051800,0
2012-05-15,sh.600258,13.3600,13.6000,13.3000,13.5400,13.4500,970173,13085968.0000,3,0.419262,1,0.669100,0
2012-05-16,sh.600258,13.4800,13.5700,13.3000,13.3800,13.5400,778756,10447047.0000,3,0.336541,1,-1.181700,0
2012-05-17,sh.600258,13.3200,13.5500,13.2800,13.5200,13.3800,814776,10956199.0000,3,0.352107,1,1.046300,0
2012-05-18,sh.600258,13.3600,13.4700,12.8800,12.9100,13.5200,1548466,20343599.0000,3,0.669173,1,-4.511800,0
2012-05-21,sh.600258,12.8800,12.9700,12.7400,12.8500,12.9100,943395,12110301.0000,3,0.407690,1,-0.464800,0
2012-05-22,sh.600258,12.8800,13.1000,12.8500,13.0500,12.8500,1141176,14761675.0000,3,0.493162,1,1.556400,0
2012-05-23,sh.600258,13.0000,13.0500,12.8500,12.9100,13.0500,817677,10587323.0000,3,0.353361,1,-1.072800,0
2012-05-24,sh.600258,12.8600,13.0400,12.7800,12.8300,12.9100,643973,8308882.0000,3,0.278294,1,-0.619700,0
2012-05-25,sh.600258,12.8300,12.8300,12.8300,12.8300,12.8300,0,0.0000,3,,0,0.000000,0
2012-05-28,sh.600258,12.7600,12.8700,12.4200,12.8600,12.8300,791303,9993829.0000,3,0.341963,1,0.233800,0
2012-05-29,sh.600258,12.8600,13.0800,12.8200,13.0400,12.8600,1828287,23677609.0000,3,0.790098,1,1.399700,0
2012-05-30,sh.600258,13.0400,13.0400,12.9000,12.9800,13.0400,894450,11589898.0000,3,0.386538,1,-0.460100,0
2012-05-31,sh.600258,12.9500,12.9600,12.8000,12.9400,12.9800,1280176,16475206.0000,3,0.553231,1,-0.308200,0
2012-06-01,sh.600258,12.8900,13.0200,12.8100,12.9100,12.9400,1159055,14947927.0000,3,0.500888,1,-0.231800,0
2012-06-04,sh.600258,12.6300,12.7300,12.5000,12.5500,12.9100,1195717,15088155.0000,3,0.516732,1,-2.788500,0
2012-06-05,sh.600258,12.5500,12.7400,12.5500,12.5900,12.5500,539806,6805063.0000,3,0.233278,1,0.318700,0
2012-06-06,sh.600258,12.5900,12.6800,12.4800,12.5400,12.5900,689349,8680303.0000,3,0.297904,1,-0.397100,0
2012-06-07,sh.600258,12.6800,12.7600,12.4000,12.4000,12.5400,667000,8385814.0000,3,0.288245,1,-1.116400,0
2012-06-08,sh.600258,12.5400,12.5900,12.4000,12.4500,12.4000,552996,6913251.0000,3,0.238978,1,0.403200,0
2012-06-11,sh.600258,12.4500,12.8300,12.4300,12.8200,12.4500,752556,9565309.0000,3,0.325219,1,2.971900,0
2012-06-12,sh.600258,12.7400,12.9600,12.7000,12.8500,12.8200,988449,12701916.0000,3,0.427160,1,0.234000,0
2012-06-13,sh.600258,12.8900,13.0900,12.8100,13.0600,12.8500,1167213,15136052.0000,3,0.504414,1,1.634200,0
2012-06-14,sh.600258,12.8600,12.9800,12.7400,12.7800,12.8600,778042,10003816.0000,3,0.336232,1,-0.622100,0
2012-06-15,sh.600258,12.8100,12.9700,12.7500,12.8500,12.7800,842282,10814680.0000,3,0.363994,1,0.547700,0
2012-06-18,sh.600258,12.9500,13.0700,12.8500,13.0200,12.8500,2315968,30077957.0000,3,1.000850,1,1.323000,0
2012-06-19,sh.600258,13.0500,13.0900,12.7800,12.8500,13.0200,775487,10019547.0000,3,0.335128,1,-1.305700,0
2012-06-20,sh.600258,12.8900,12.9300,12.7700,12.8100,12.8500,800182,10280713.0000,3,0.345800,1,-0.311300,0
2012-06-21,sh.600258,12.8000,12.8000,12.5000,12.5400,12.8100,982002,12337560.0000,3,0.424374,1,-2.107700,0
2012-06-25,sh.600258,12.5200,12.5500,12.1900,12.2000,12.5400,855251,10578130.0000,3,0.369599,1,-2.711300,0
2012-06-26,sh.600258,12.2100,12.2100,11.9800,12.1300,12.2000,1162454,14016741.0000,3,0.502357,1,-0.573800,0
2012-06-27,sh.600258,12.1300,12.2500,11.9900,11.9900,12.1300,618697,7514397.0000,3,0.267371,1,-1.154200,0
2012-06-28,sh.600258,12.0200,12.1500,11.9000,11.9100,11.9900,732246,8804016.0000,3,0.316442,1,-0.667200,0
2012-06-29,sh.600258,11.9000,12.2100,11.8800,12.1900,11.9100,995291,12007970.0000,3,0.430117,1,2.351000,0
2012-07-02,sh.600258,12.2400,12.3900,12.2000,12.3800,12.1900,868870,10699475.0000,3,0.375484,1,1.558700,0
2012-07-03,sh.600258,12.3800,12.7100,12.3300,12.5000,12.3800,1336101,16784300.0000,3,0.577399,1,0.969300,0
2012-07-04,sh.600258,12.5900,12.6200,12.3500,12.4200,12.5000,702518,8737610.0000,3,0.303595,1,-0.640000,0
2012-07-05,sh.600258,12.3700,12.4400,12.1500,12.2100,12.4200,709756,8694348.0000,3,0.306723,1,-1.690800,0
2012-07-06,sh.600258,12.3300,12.6700,12.2100,12.6700,12.2100,1750535,21855117.0000,3,0.756497,1,3.767400,0
2012-07-09,sh.600258,12.6800,13.1200,12.5800,12.8000,12.6700,3812056,49218976.0000,3,1.647388,1,1.026000,0
2012-07-10,sh.600258,12.7000,12.8600,12.5300,12.6300,12.8000,1727024,21851012.0000,3,0.746337,1,-1.328100,0
2012-07-11,sh.600258,12.6400,12.8200,12.5500,12.7700,12.6300,1707781,21614144.0000,3,0.738021,1,1.108500,0
2012-07-12,sh.600258,12.6800,13.6800,12.6400,13.3200,12.7700,6272757,83068414.0000,3,2.710785,1,4.307000,0
2012-07-13,sh.600258,13.2100,13.4500,13.1500,13.4300,13.3200,2634453,35048194.0000,3,1.138484,1,0.825800,0
2012-07-16,sh.600258,13.5000,13.6200,13.1200,13.1800,13.4300,3568194,47730844.0000,3,1.542003,1,-1.861500,0
2012-07-17,sh.600258,13.1900,13.2400,12.8500,13.1500,13.1800,2227814,28998605.0000,3,0.962755,1,-0.227600,0
2012-07-18,sh.600258,13.1300,13.1300,12.6700,13.0400,13.1500,2097455,26969827.0000,3,0.906420,1,-0.836500,0
2012-07-19,sh.600258,12.9800,13.2800,12.8400,13.2500,13.0400,2753495,36169420.0000,3,1.189929,1,1.610400,0
2012-07-20,sh.600258,13.2000,13.2900,12.9400,12.9700,13.2500,1545950,20266392.0000,3,0.668086,1,-2.113200,0
2012-07-23,sh.600258,12.7800,12.7800,12.4500,12.4900,12.9700,2149976,27056653.0000,3,0.929117,1,-3.700800,0
2012-07-24,sh.600258,12.4200,12.7400,12.3600,12.6600,12.4900,1449156,18295950.0000,3,0.626256,1,1.361100,0
2012-07-25,sh.600258,12.6600,12.6600,12.3100,12.3100,12.6600,1105404,13773602.0000,3,0.477703,1,-2.764600,0
2012-07-26,sh.600258,12.3100,12.4700,12.2600,12.2800,12.3100,945475,11684005.0000,3,0.408589,1,-0.243700,0
2012-07-27,sh.600258,12.3100,12.3700,12.0700,12.1700,12.2800,879152,10702862.0000,3,0.379927,1,-0.895800,0
2012-07-30,sh.600258,12.2200,12.3000,11.9500,11.9700,12.1700,775161,9366108.0000,3,0.334987,1,-1.643400,0
2012-07-31,sh.600258,11.9700,12.0900,11.9000,12.0200,11.9700,707924,8486965.0000,3,0.305931,1,0.417700,0
2012-08-01,sh.600258,12.0000,12.2600,12.0000,12.2100,12.0200,566215,6878534.0000,3,0.244691,1,1.580700,0
2012-08-02,sh.600258,12.1700,12.2100,11.8900,11.9000,12.2100,673900,8108746.0000,3,0.291227,1,-2.538900,0
2012-08-03,sh.600258,11.9500,12.2400,11.9500,12.2300,11.9000,1236130,14897405.0000,3,0.534196,1,2.773100,0
2012-08-06,sh.600258,12.1500,12.4100,12.0500,12.4000,12.2300,1452689,17846834.0000,3,0.627783,1,1.390000,0
2012-08-07,sh.600258,12.4100,12.4300,12.3000,12.4300,12.4000,1334636,16523511.0000,3,0.576766,1,0.241900,0
2012-08-08,sh.600258,12.4300,12.4600,12.2900,12.3400,12.4300,842718,10414900.0000,3,0.364182,1,-0.724100,0
2012-08-09,sh.600258,12.3600,12.4900,12.2900,12.4800,12.3400,1836765,22791951.0000,3,0.793762,1,1.134500,0
2012-08-10,sh.600258,12.4800,12.4800,12.3000,12.3900,12.4800,1045867,12948247.0000,3,0.451974,1,-0.721200,0
2012-08-13,sh.600258,12.3100,12.5200,12.2800,12.4500,12.3900,2365981,29376816.0000,3,1.022464,1,0.484300,0
2012-08-14,sh.600258,12.4600,12.4700,12.0600,12.3300,12.4500,1375735,16794162.0000,3,0.594527,1,-0.963900,0
2012-08-15,sh.600258,12.2800,12.2800,12.0800,12.1100,12.3300,926508,11265540.0000,3,0.400392,1,-1.784300,0
2012-08-16,sh.600258,12.1100,12.1600,12.0300,12.0300,12.1100,581667,7032561.0000,3,0.251369,1,-0.660600,0
2012-08-17,sh.600258,12.0000,12.0900,11.9800,12.0800,12.0300,558546,6721650.0000,3,0.241377,1,0.415600,0
2012-08-20,sh.600258,12.0300,12.2000,11.9800,12.1700,12.0800,460826,5576285.0000,3,0.199147,1,0.745000,0
2012-08-21,sh.600258,12.1600,12.3500,12.1300,12.3000,12.1700,742809,9109759.0000,3,0.321006,1,1.068200,0
2012-08-22,sh.600258,12.3000,12.3400,12.1500,12.2000,12.3000,767262,9394638.0000,3,0.331574,1,-0.813000,0
2012-08-23,sh.600258,12.1800,12.3200,12.1800,12.3100,12.2000,684821,8387610.0000,3,0.295947,1,0.901600,0
2012-08-24,sh.600258,12.2100,12.3300,12.1100,12.1300,12.3100,738452,9024786.0000,3,0.319124,1,-1.462200,0
2012-08-27,sh.600258,12.1100,12.2000,11.8500,11.8600,12.1300,753127,9071094.0000,3,0.325465,1,-2.225900,0
2012-08-28,sh.600258,11.8600,12.0600,11.8500,11.9600,11.8600,809209,9668485.0000,3,0.349701,1,0.843200,0
2012-08-29,sh.600258,11.9100,12.0600,11.9100,11.9600,11.9600,522042,6266624.0000,3,0.225602,1,0.000000,0
2012-08-30,sh.600258,11.9600,12.1900,11.7100,11.9500,11.9600,1022980,12202801.0000,3,0.442083,1,-0.083614,0
2012-08-31,sh.600258,11.9500,12.0000,11.8100,11.9300,11.9500,488674,5816885.0000,3,0.211182,1,-0.167400,0
2012-09-03,sh.600258,11.9300,12.2500,11.8800,12.2200,11.9300,928592,11283340.0000,3,0.401293,1,2.430800,0
2012-09-04,sh.600258,12.2700,12.3300,12.1400,12.2500,12.2200,882132,10799357.0000,3,0.381215,1,0.245500,0
2012-09-05,sh.600258,12.2000,12.4000,12.1500,12.3400,12.2500,1347480,16602301.0000,3,0.582316,1,0.734700,0
2012-09-06,sh.600258,12.3200,12.4400,12.3100,12.4300,12.3400,1301392,16105596.0000,3,0.562399,1,0.729300,0
2012-09-07,sh.600258,12.5000,12.9200,12.4600,12.8000,12.4300,3379237,43068236.0000,3,1.460344,1,2.976700,0
2012-09-10,sh.600258,12.7900,12.9100,12.7200,12.8400,12.8000,1619169,20742105.0000,3,0.699727,1,0.312500,0
2012-09-11,sh.600258,12.8000,12.8300,12.6200,12.7800,12.8400,1454521,18481605.0000,3,0.628574,1,-0.467300,0
2012-09-12,sh.600258,12.8600,12.8900,12.6500,12.7900,12.7800,1562035,19942935.0000,3,0.675037,1,0.078200,0
2012-09-13,sh.600258,12.8200,13.1500,12.7100,12.7400,12.7900,3651824,47415981.0000,3,1.578143,1,-0.390900,0
2012-09-14,sh.600258,12.8400,12.8500,12.5400,12.6400,12.7400,2095635,26565067.0000,3,0.905633,1,-0.784900,0
2012-09-17,sh.600258,12.7100,12.9200,12.4200,12.4600,12.6400,1951094,24708434.0000,3,0.843169,1,-1.424100,0
2012-09-18,sh.600258,12.4000,12.5400,12.3600,12.5100,12.4600,943498,11767140.0000,3,0.407735,1,0.401300,0
2012-09-19,sh.600258,12.5400,12.8400,12.4200,12.7500,12.5100,1974001,25029242.0000,3,0.853069,1,1.918500,0
2012-09-20,sh.600258,12.6500,12.6600,12.1500,12.2400,12.7500,1470400,18314149.0000,3,0.635436,1,-4.000000,0
2012-09-21,sh.600258,12.2500,12.3500,11.9500,12.0100,12.2400,1309397,15883932.0000,3,0.565859,1,-1.879100,0
2012-09-24,sh.600258,11.9000,12.1200,11.7500,12.0000,12.0100,871399,10414243.0000,3,0.376577,1,-0.083300,0
2012-09-25,sh.600258,11.9600,12.1400,11.8900,11.9900,12.0000,733089,8787174.0000,3,0.316806,1,-0.083300,0
2012-09-26,sh.600258,11.9500,12.0700,11.5300,11.5900,11.9900,1215515,14245094.0000,3,0.525287,1,-3.336100,0
2012-09-27,sh.600258,11.5300,11.8300,11.5000,11.7400,11.5900,1480847,17293804.0000,3,0.639951,1,1.294200,0
2012-09-28,sh.600258,11.7500,11.9300,11.6600,11.9000,11.7400,1213054,14324692.0000,3,0.524224,1,1.362900,0
2012-10-08,sh.600258,12.0100,12.1700,11.8200,11.9000,11.9000,1169617,14015278.0000,3,0.505452,1,0.000000,0
2012-10-09,sh.600258,11.9000,12.1100,11.8500,12.1000,11.9000,1464252,17596404.0000,3,0.632780,1,1.680700,0
2012-10-10,sh.600258,12.0500,12.0900,11.9600,12.0600,12.1000,1173486,14109762.0000,3,0.507124,1,-0.330600,0
2012-10-11,sh.600258,12.0500,12.0500,11.7400,11.7400,12.0600,1117483,13290161.0000,3,0.482923,1,-2.653400,0
2012-10-12,sh.600258,11.7600,11.8500,11.6000,11.7300,11.7400,1065944,12481836.0000,3,0.460650,1,-0.085200,0
2012-10-15,sh.600258,11.7800,11.7800,11.6000,11.6900,11.7300,473821,5527672.0000,3,0.204763,1,-0.341000,0
2012-10-16,sh.600258,11.7400,11.8200,11.6800,11.7500,11.6900,512754,6030438.0000,3,0.221588,1,0.513300,0
2012-10-17,sh.600258,11.8100,11.8500,11.6200,11.8000,11.7500,547617,6426128.0000,3,0.236654,1,0.425500,0
2012-10-18,sh.600258,11.8200,11.9600,11.8200,11.9400,11.8000,1018159,12133865.0000,3,0.440000,1,1.186400,0
2012-10-19,sh.600258,11.9500,11.9700,11.8500,11.9300,11.9400,561799,6692435.0000,3,0.242783,1,-0.083746,0
2012-10-22,sh.600258,11.8500,11.9200,11.7700,11.9100,11.9300,633985,7502058.0000,3,0.273978,1,-0.167600,0
2012-10-23,sh.600258,11.8600,11.9300,11.7000,11.7300,11.9100,611613,7224654.0000,3,0.264310,1,-1.511300,0
2012-10-24,sh.600258,11.6600,11.7500,11.6500,11.7100,11.7300,645280,7544116.0000,3,0.278859,1,-0.170500,0
2012-10-25,sh.600258,11.7000,11.8200,11.6000,11.6500,11.7100,578315,6757824.0000,3,0.249920,1,-0.512400,0
2012-10-26,sh.600258,11.6200,11.6500,11.2800,11.3100,11.6500,912500,10430178.0000,3,0.394339,1,-2.918500,0
2012-10-29,sh.600258,11.3400,11.4600,11.3000,11.3200,11.3100,650189,7387275.0000,3,0.280981,1,0.088400,0
2012-10-30,sh.600258,11.3100,11.4400,11.3100,11.3300,11.3200,466044,5302921.0000,3,0.201402,1,0.088300,0
2012-10-31,sh.600258,11.3400,11.3900,11.2300,11.3800,11.3300,686517,7767853.0000,3,0.296680,1,0.441300,0
2012-11-01,sh.600258,11.4000,11.6100,11.3900,11.5800,11.3800,869691,10031069.0000,3,0.375839,1,1.757500,0
2012-11-02,sh.600258,11.6000,11.6300,11.5400,11.6200,11.5800,569644,6600679.0000,3,0.246173,1,0.345400,0
2012-11-05,sh.600258,11.6200,11.6500,11.4300,11.5100,11.6200,653069,7512915.0000,3,0.282225,1,-0.946600,0
2012-11-06,sh.600258,11.5900,11.5900,11.3700,11.5700,11.5100,618731,7094944.0000,3,0.267386,1,0.521300,0
2012-11-07,sh.600258,11.5700,11.5700,11.4600,11.5200,11.5700,394307,4538187.0000,3,0.170401,1,-0.432200,0
2012-11-08,sh.600258,11.4600,11.5600,11.3100,11.3200,11.5200,586110,6679800.0000,3,0.253289,1,-1.736100,0
2012-11-09,sh.600258,11.2500,11.3800,11.2300,11.3100,11.3200,378257,4273674.0000,3,0.163465,1,-0.088300,0
2012-11-12,sh.600258,11.3300,11.3800,11.1800,11.2600,11.3100,530336,5968466.0000,3,0.229186,1,-0.442100,0
2012-11-13,sh.600258,11.3200,11.4400,11.1900,11.2600,11.2600,805336,9109029.0000,3,0.348028,1,0.000000,0
2012-11-14,sh.600258,11.2100,11.2600,10.9400,11.0400,11.2600,1113181,12294980.0000,3,0.481064,1,-1.953800,0
2012-11-15,sh.600258,11.0200,11.0200,10.6900,10.7700,11.0400,575525,6250728.0000,3,0.248714,1,-2.445700,0
2012-11-16,sh.600258,10.7600,10.7600,10.4500,10.5900,10.7700,751225,7930859.0000,3,0.324643,1,-1.671300,0
2012-11-19,sh.600258,10.5800,10.6300,10.4700,10.6000,10.5900,508420,5363464.0000,3,0.219715,1,0.094400,0
2012-11-20,sh.600258,10.6000,10.6600,10.5100,10.5300,10.6000,317274,3354926.0000,3,0.137111,1,-0.660400,0
2012-11-21,sh.600258,10.5100,10.6400,10.3200,10.6200,10.5300,665192,6996790.0000,3,0.287464,1,0.854700,0
2012-11-22,sh.600258,10.5900,10.6000,10.4800,10.5600,10.6200,311561,3285609.0000,3,0.134642,1,-0.565000,0
2012-11-23,sh.600258,10.6300,10.6600,10.5500,10.6000,10.5600,422225,4479848.0000,3,0.182465,1,0.378800,0
2012-11-26,sh.600258,10.5500,10.6000,10.3900,10.4300,10.6000,417265,4385837.0000,3,0.180322,1,-1.603800,0
2012-11-27,sh.600258,10.4000,10.4700,9.8000,9.9000,10.4300,1069825,10822137.0000,3,0.462327,1,-5.081500,0
2012-11-28,sh.600258,9.8800,9.9300,9.5800,9.7000,9.9000,820772,7985623.0000,3,0.354698,1,-2.020200,0
2012-11-29,sh.600258,9.7000,9.7500,9.6000,9.6100,9.7000,396662,3834334.0000,3,0.171418,1,-0.927800,0
2012-11-30,sh.600258,9.5500,9.7200,9.5200,9.6800,9.6100,308795,2977584.0000,3,0.133446,1,0.728400,0
2012-12-03,sh.600258,9.6700,9.7800,9.5300,9.5400,9.6800,470586,4565759.0000,3,0.203365,1,-1.446300,0
2012-12-04,sh.600258,9.5000,9.5400,9.2200,9.5400,9.5400,806607,7553228.0000,3,0.348577,1,0.000000,0
2012-12-05,sh.600258,9.5500,10.1200,9.5000,10.0100,9.5400,1321404,13072845.0000,3,0.571048,1,4.926600,0
2012-12-06,sh.600258,10.0500,10.0700,9.8100,9.8400,10.0100,698761,6913620.0000,3,0.301971,1,-1.698300,0
2012-12-07,sh.600258,9.8300,10.1900,9.8300,10.1900,9.8400,1194864,11989569.0000,3,0.516363,1,3.556900,0
2012-12-10,sh.600258,10.2400,10.3400,10.1100,10.3200,10.1900,1209698,12389521.0000,3,0.522774,1,1.275800,0
2012-12-11,sh.600258,10.2700,10.3700,10.2300,10.2300,10.3200,686633,7070773.0000,3,0.296730,1,-0.872100,0
2012-12-12,sh.600258,10.1700,10.2500,10.0700,10.1900,10.2300,589148,5982217.0000,3,0.254602,1,-0.391000,0
2012-12-13,sh.600258,10.1800,10.2500,10.1200,10.1300,10.1900,504900,5145632.0000,3,0.218194,1,-0.588800,0
2012-12-14,sh.600258,10.1200,11.1400,10.0900,10.9200,10.1300,3829115,41479230.0000,3,1.654760,1,7.798600,0
2012-12-17,sh.600258,10.8000,11.1500,10.7800,11.0000,10.9200,2495062,27322705.0000,3,1.078246,1,0.732600,0
2012-12-18,sh.600258,10.9300,11.4500,10.8300,11.3700,11.0000,2532123,28221771.0000,3,1.094262,1,3.363600,0
2012-12-19,sh.600258,11.1300,11.2900,11.0500,11.1600,11.3700,1799993,20094186.0000,3,0.777871,1,-1.847000,0
2012-12-20,sh.600258,11.1600,11.3300,11.0100,11.1400,11.1600,1791003,20069375.0000,3,0.773986,1,-0.179200,0
2012-12-21,sh.600258,11.1400,11.3100,10.9300,11.1300,11.1400,1994857,22212669.0000,3,0.862082,1,-0.089800,0
2012-12-24,sh.600258,10.9300,11.1200,10.9000,11.0000,11.1300,1092172,11997966.0000,3,0.471984,1,-1.168000,0
2012-12-25,sh.600258,11.0800,11.2800,10.8000,11.1700,11.0000,1950439,21756352.0000,3,0.842886,1,1.545500,0
2012-12-26,sh.600258,11.1900,11.4400,11.1700,11.3200,11.1700,1691582,19177912.0000,3,0.731021,1,1.342900,0
2012-12-27,sh.600258,11.3000,11.3900,11.2300,11.2300,11.3200,1263159,14291214.0000,3,0.545877,1,-0.795100,0
2012-12-28,sh.600258,11.2500,11.3000,11.1100,11.2800,11.2300,1252148,14059840.0000,3,0.541118,1,0.445200,0
2012-12-31,sh.600258,11.3600,11.4000,11.0800,11.3500,11.2800,1935063,21782023.0000,3,0.836242,1,0.620600,0
2013-01-04,sh.600258,11.4200,11.5000,11.2200,11.2600,11.3500,1859159,21081205.0000,3,0.803439,1,-0.793000,0
2013-01-07,sh.600258,11.2600,11.3200,11.1700,11.3200,11.2600,1386531,15609964.0000,3,0.599192,1,0.532900,0
2013-01-08,sh.600258,11.2800,11.6000,11.2800,11.5500,11.3200,3283782,37609965.0000,3,1.419093,1,2.031800,0
2013-01-09,sh.600258,11.5600,11.6900,11.4400,11.5700,11.5500,2118481,24505134.0000,3,0.915506,1,0.173200,0
2013-01-10,sh.600258,11.6200,11.6800,11.4300,11.5500,11.5700,1536612,17741964.0000,3,0.664050,1,-0.172900,0
2013-01-11,sh.600258,11.7600,11.8000,11.2800,11.3300,11.5500,2258642,26107616.0000,3,0.976077,1,-1.904800,0
2013-01-14,sh.600258,11.3500,11.6800,11.2000,11.6600,11.3300,2301709,26428553.0000,3,0.994688,1,2.912600,0
2013-01-15,sh.600258,11.6700,11.9400,11.6000,11.8900,11.6600,2700306,31796526.0000,3,1.166943,1,1.972600,0
2013-01-16,sh.600258,11.8500,11.8900,11.6200,11.8800,11.8900,2486032,29200342.0000,3,1.074344,1,-0.084100,0
2013-01-17,sh.600258,11.7800,11.9200,11.7000,11.7200,11.8800,1575086,18543532.0000,3,0.680677,1,-1.346800,0
2013-01-18,sh.600258,11.7700,11.9500,11.7300,11.9100,11.7200,1867465,22138184.0000,3,0.807029,1,1.621200,0
2013-01-21,sh.600258,11.9100,11.9700,11.7400,11.8400,11.9100,1756783,20800359.0000,3,0.759197,1,-0.587700,0
2013-01-22,sh.600258,11.8400,11.9300,11.4800,11.5900,11.8400,2513989,29393224.0000,3,1.086426,1,-2.111500,0
2013-01-23,sh.600258,11.5100,11.6800,11.3000,11.5500,11.5900,1555773,17841744.0000,3,0.672331,1,-0.345100,0
2013-01-24,sh.600258,11.5000,11.6700,10.9500,11.0400,11.5500,3138192,35370478.0000,3,1.356176,1,-4.415600,0
2013-01-25,sh.600258,11.1000,11.1900,11.0400,11.1600,11.0400,1155312,12840134.0000,3,0.499271,1,1.087000,0
2013-01-28,sh.600258,11.2000,11.4600,11.1300,11.4500,11.1600,1246420,14134508.0000,3,0.538643,1,2.598600,0
2013-01-29,sh.600258,11.4400,11.5600,11.3300,11.5100,11.4500,1214277,13930689.0000,3,0.524752,1,0.524000,0
2013-01-30,sh.600258,11.5600,11.6300,11.4300,11.6100,11.5100,1707331,19683258.0000,3,0.737827,1,0.868800,0
2013-01-31,sh.600258,11.6000,11.6800,11.4500,11.5600,11.6100,1481240,17086435.0000,3,0.640121,1,-0.430700,0
2013-02-01,sh.600258,11.5500,11.6000,11.4000,11.5200,11.5600,1946912,22360809.0000,3,0.841362,1,-0.346000,0
2013-02-04,sh.600258,11.6000,12.0000,11.5200,11.8600,11.5200,4150283,49100547.0000,3,1.793554,1,2.951400,0
2013-02-05,sh.600258,11.7500,11.8800,11.6200,11.8800,11.8600,2458307,28843722.0000,3,1.062363,1,0.168600,0
2013-02-06,sh.600258,11.8000,11.9200,11.7100,11.7700,11.8800,2253797,26536839.0000,3,0.973983,1,-0.925900,0
2013-02-07,sh.600258,11.7500,11.8700,11.7000,11.8500,11.7700,1614585,19067299.0000,3,0.697746,1,0.679700,0
2013-02-08,sh.600258,11.8200,12.1500,11.7300,12.1000,11.8500,2637065,31649828.0000,3,1.139613,1,2.109700,0
2013-02-18,sh.600258,12.0600,12.3100,11.8500,12.2600,12.1000,4250705,51315322.0000,3,1.836951,1,1.322300,0
2013-02-19,sh.600258,12.2600,12.3600,12.1000,12.1800,12.2600,3132267,38281218.0000,3,1.353616,1,-0.652500,0
2013-02-20,sh.600258,12.3000,12.3800,12.1000,12.3500,12.1800,2288788,28012923.0000,3,0.989105,1,1.395700,0
2013-02-21,sh.600258,12.3700,13.2500,12.1100,13.0200,12.3500,9536408,122310633.0000,3,4.121179,1,5.425100,0
2013-02-22,sh.600258,12.9900,14.0000,12.8200,13.8200,13.0200,8320022,112180399.0000,3,3.595515,1,6.144400,0
2013-02-25,sh.600258,13.7200,14.3800,13.7200,14.2600,13.8200,6814181,96618138.0000,3,2.944763,1,3.183800,0
2013-02-26,sh.600258,14.2500,14.4000,13.5500,13.7000,14.2600,4512774,62598259.0000,3,1.950205,1,-3.927100,0
2013-02-27,sh.600258,13.7000,13.8200,13.2300,13.4300,13.7000,3523642,47357392.0000,3,1.522749,1,-1.970800,0
2013-02-28,sh.600258,13.4400,14.1800,13.3100,13.6600,13.4300,7487591,103166464.0000,3,3.235778,1,1.712600,0
2013-03-01,sh.600258,13.6000,14.4000,13.5600,14.3900,13.6600,5162396,72771779.0000,3,2.230940,1,5.344100,0
2013-03-04,sh.600258,14.3100,15.0000,14.0800,14.4900,14.3900,6546206,94924184.0000,3,2.828957,1,0.694900,0
2013-03-05,sh.600258,14.5900,14.8000,14.2200,14.6300,14.4900,2294050,33385277.0000,3,0.991379,1,0.966200,0
2013-03-06,sh.600258,14.6500,14.8000,14.5000,14.7500,14.6300,2434746,35719510.0000,3,1.052181,1,0.820200,0
2013-03-07,sh.600258,14.8000,16.1200,14.7800,15.3000,14.7500,7707811,119706355.0000,3,3.330947,1,3.728800,0
2013-03-08,sh.600258,15.1100,15.6200,14.5600,14.8900,15.3000,3174784,47927910.0000,3,1.371990,1,-2.679700,0
2013-03-11,sh.600258,14.9000,15.5800,14.6600,15.3400,14.8900,3703853,56123509.0000,3,1.600628,1,3.022200,0
2013-03-12,sh.600258,15.2600,15.5700,14.9000,15.3900,15.3400,3648601,55795526.0000,3,1.576751,1,0.325900,0
2013-03-13,sh.600258,15.4700,15.4900,14.4800,14.9200,15.3900,2731018,40746545.0000,3,1.180215,1,-3.053900,0
2013-03-14,sh.600258,14.9200,15.1000,14.7500,14.8600,14.9200,1298247,19364192.0000,3,0.561040,1,-0.402100,0
2013-03-15,sh.600258,14.8700,15.6000,14.7100,15.5000,14.8600,2756845,41874556.0000,3,1.191376,1,4.306900,0
2013-03-18,sh.600258,15.2000,15.5000,15.0700,15.2400,15.5000,2193482,33408080.0000,3,0.947918,1,-1.677400,0
2013-03-19,sh.600258,15.1500,15.1500,13.7500,13.9500,15.2400,3591659,52107408.0000,3,1.552143,1,-8.464600,0
2013-03-20,sh.600258,13.8500,14.3400,13.7100,14.2600,13.9500,2790731,39291448.0000,3,1.206020,1,2.222200,0
2013-03-21,sh.600258,14.1800,14.2400,13.9000,14.2000,14.2600,2442607,34407604.0000,3,1.055578,1,-0.420800,0
2013-03-22,sh.600258,14.1800,14.5500,13.9900,14.1700,14.2000,3489360,49854176.0000,3,1.507934,1,-0.211300,0
2013-03-25,sh.600258,14.1700,14.3500,13.9000,14.2600,14.1700,1714904,24263248.0000,3,0.741099,1,0.635100,0
2013-03-26,sh.600258,14.2600,14.4800,14.0000,14.4100,14.2600,1910065,27275174.0000,3,0.825439,1,1.051900,0
2013-03-27,sh.600258,14.4200,14.5000,13.8500,14.0500,14.4100,2952734,41553512.0000,3,1.276030,1,-2.498300,0
2013-03-28,sh.600258,14.0000,14.0000,13.0900,13.1500,14.0500,2947581,39387316.0000,3,1.273803,1,-6.405700,0
2013-03-29,sh.600258,13.2900,13.4000,13.0500,13.1900,13.1500,1371244,18118704.0000,3,0.592586,1,0.304200,0
2013-04-01,sh.600258,13.2000,13.4400,13.1500,13.2900,13.1900,1051078,13997475.0000,3,0.454226,1,0.758200,0
2013-04-02,sh.600258,13.2900,13.3700,12.6900,12.8500,13.2900,1980481,25634696.0000,3,0.855869,1,-3.310800,0
2013-04-03,sh.600258,12.9000,12.9000,12.5500,12.6500,12.8500,1001889,12694530.0000,3,0.432968,1,-1.556400,0
2013-04-08,sh.600258,12.3800,12.3800,12.0000,12.2900,12.6500,1824682,22201364.0000,3,0.788540,1,-2.845800,0
2013-04-09,sh.600258,12.2700,12.5400,12.2700,12.4300,12.2900,1113800,13824266.0000,3,0.481331,1,1.139100,0
2013-04-10,sh.600258,12.4300,12.6900,12.3300,12.6600,12.4300,1251824,15664582.0000,3,0.540978,1,1.850400,0
2013-04-11,sh.600258,12.6500,12.8500,12.6000,12.6500,12.6600,860778,10957567.0000,3,0.371987,1,-0.079000,0
2013-04-12,sh.600258,12.6600,12.9300,12.5400,12.9000,12.6500,1091396,13978156.0000,3,0.471649,1,1.976285,0
2013-04-15,sh.600258,12.7500,12.7600,12.1300,12.5400,12.9000,721832,9030345.0000,3,0.311941,1,-2.790700,0
2013-04-16,sh.600258,12.5000,13.1600,12.3400,13.1300,12.5400,940731,11980249.0000,3,0.406539,1,4.704946,0
2013-04-17,sh.600258,13.1300,13.4900,12.8500,12.9800,13.1300,1789402,23503640.0000,3,0.773294,1,-1.142400,0
2013-04-18,sh.600258,12.9400,13.2500,12.8100,12.9800,12.9800,943721,12297108.0000,3,0.407831,1,0.000000,0
2013-04-19,sh.600258,12.9700,13.3900,12.9700,13.3000,12.9800,1415572,18732272.0000,3,0.611742,1,2.465336,0
2013-04-22,sh.600258,13.2500,13.4800,13.0000,13.3700,13.3000,1368478,18108514.0000,3,0.591391,1,0.526300,0
2013-04-23,sh.600258,13.4000,13.4400,13.0000,13.0900,13.3700,799927,10512232.0000,3,0.345690,1,-2.094200,0
2013-04-24,sh.600258,13.0500,13.2300,12.8200,13.2200,13.0900,1062092,13842939.0000,3,0.458985,1,0.993100,0
2013-04-25,sh.600258,13.1000,13.3000,13.0400,13.0600,13.2200,1219168,16005003.0000,3,0.526866,1,-1.210300,0
2013-04-26,sh.600258,13.0800,13.2000,12.3800,12.4300,13.0600,1254981,15925073.0000,3,0.542343,1,-4.823890,0
2013-05-02,sh.600258,12.3600,12.7400,12.2400,12.5200,12.4300,533735,6706599.0000,3,0.230655,1,0.724100,0
2013-05-03,sh.600258,12.5200,12.8300,12.5200,12.6400,12.5200,686817,8729912.0000,3,0.296809,1,0.958465,0
2013-05-06,sh.600258,12.6800,12.9500,12.6300,12.9000,12.6400,587540,7539670.0000,3,0.253907,1,2.057000,0
2013-05-07,sh.600258,12.9000,13.0400,12.7000,13.0000,12.9000,761774,9809271.0000,3,0.329202,1,0.775200,0
2013-05-08,sh.600258,13.0500,13.1500,12.8000,12.9100,13.0000,946821,12212456.0000,3,0.409171,1,-0.692300,0
2013-05-09,sh.600258,12.8500,12.8900,12.4900,12.6500,12.9100,1558486,19643156.0000,3,0.673503,1,-2.013900,0
2013-05-10,sh.600258,12.6000,13.9200,12.6000,13.8200,12.6500,9324633,127844000.0000,3,4.029660,1,9.249000,0
2013-05-13,sh.600258,13.5000,13.7500,13.3800,13.5400,13.8200,8765045,118411360.0000,3,3.787833,1,-2.026000,0
2013-05-14,sh.600258,13.5500,13.5500,12.9000,12.9800,13.5400,5483243,71939032.0000,3,2.369595,1,-4.135900,0
2013-05-15,sh.600258,12.9900,13.1300,12.6000,12.8700,12.9800,4011227,51353728.0000,3,1.733460,1,-0.847500,0
2013-05-16,sh.600258,12.7700,13.2000,12.7600,13.1400,12.8700,3103727,40488884.0000,3,1.341282,1,2.097900,0
2013-05-17,sh.600258,13.1400,14.1800,13.0800,13.7600,13.1400,6587294,90044640.0000,3,2.846713,1,4.718400,0
2013-05-20,sh.600258,13.9100,14.8500,13.9100,14.4800,13.7600,8190973,118517464.0000,3,3.539746,1,5.232600,0
2013-05-21,sh.600258,14.6600,14.6800,14.0500,14.4500,14.4800,4646804,66459108.0000,3,2.008126,1,-0.207180,0
2013-05-22,sh.600258,14.4000,14.8400,14.2500,14.6300,14.4500,5446155,79445360.0000,3,2.353567,1,1.245700,0
2013-05-23,sh.600258,14.4500,14.6300,14.2300,14.3800,14.6300,2969854,42820784.0000,3,1.283429,1,-1.708800,0
2013-05-24,sh.600258,14.5400,14.7600,14.3700,14.7500,14.3800,3794400,55330896.0000,3,1.639758,1,2.573000,0
2013-05-27,sh.600258,14.7500,15.1500,14.2600,14.5800,14.7500,5774570,84529016.0000,3,2.495493,1,-1.152500,0
2013-05-28,sh.600258,14.4900,14.6700,14.1900,14.5300,14.5800,4182263,60204248.0000,3,1.807374,1,-0.342900,0
2013-05-29,sh.600258,14.5000,14.5400,13.9600,14.0700,14.5300,6105557,86712240.0000,3,2.638529,1,-3.165900,0
2013-05-30,sh.600258,14.0600,14.1800,13.8800,14.1300,14.0700,4474260,62729344.0000,3,1.933561,1,0.426400,0
2013-05-31,sh.600258,14.1400,14.2200,13.9400,14.0400,14.1300,3237576,45713168.0000,3,1.399125,1,-0.636944,0
2013-06-03,sh.600258,14.7600,14.7700,14.2500,14.2900,14.0400,6258647,90588960.0000,3,2.704688,1,1.780600,0
2013-06-04,sh.600258,14.1600,14.1800,13.7200,13.9100,14.2900,3273615,45681812.0000,3,1.414700,1,-2.659200,0
2013-06-05,sh.600258,13.9100,14.0600,13.5600,13.9900,13.9100,1700926,23701442.0000,3,0.735059,1,0.575100,0
2013-06-06,sh.600258,13.9600,13.9600,13.3600,13.3900,13.9900,3464350,47028960.0000,3,1.497126,1,-4.288800,0
2013-06-07,sh.600258,13.3700,13.5000,13.0800,13.1200,13.3900,1659270,21966404.0000,3,0.717057,1,-2.016400,0
2013-06-13,sh.600258,12.9700,12.9700,12.2000,12.5500,13.1200,1817442,22769370.0000,3,0.785411,1,-4.344500,0
2013-06-14,sh.600258,12.6200,12.7900,12.6100,12.7000,12.5500,1048485,13321296.0000,3,0.453105,1,1.195200,0
2013-06-17,sh.600258,12.5700,12.6400,12.3600,12.6300,12.4500,1089918,13607020.0000,3,0.471010,1,1.445800,0
2013-06-18,sh.600258,12.6000,12.8400,12.5500,12.7800,12.6300,991843,12629626.0000,3,0.428627,1,1.187600,0
2013-06-19,sh.600258,12.7800,12.8800,12.4700,12.8100,12.7800,1428267,18102328.0000,3,0.617229,1,0.234700,0
2013-06-20,sh.600258,12.8100,13.0300,12.3400,12.3900,12.8100,1382106,17579232.0000,3,0.597280,1,-3.278700,0
2013-06-21,sh.600258,12.0900,12.7000,11.8600,12.6400,12.3900,1630646,20004892.0000,3,0.704687,1,2.017800,0
2013-06-24,sh.600258,12.5500,13.2000,12.3000,13.1900,12.6400,4743346,60550756.0000,3,2.049847,1,4.351300,0
2013-06-25,sh.600258,13.2300,13.5000,12.2000,13.3500,13.1900,5154156,67671632.0000,3,2.227379,1,1.213000,0
2013-06-26,sh.600258,13.5300,14.0100,13.2100,13.9400,13.3500,5616246,77431664.0000,3,2.427073,1,4.419500,0
2013-06-27,sh.600258,13.8100,13.9400,13.3900,13.4000,13.9400,3727531,51042568.0000,3,1.610860,1,-3.873700,0
2013-06-28,sh.600258,13.3400,13.7800,12.6800,13.0900,13.4000,3127244,41704992.0000,3,1.351445,1,-2.313400,0
2013-07-01,sh.600258,13.0700,13.3300,12.9000,13.2800,13.0900,2431524,31990508.0000,3,1.050788,1,1.451500,0
2013-07-02,sh.600258,13.2900,13.3500,12.7000,13.1400,13.2800,2836428,36927184.0000,3,1.225768,1,-1.054200,0
2013-07-03,sh.600258,13.1500,14.0000,12.9100,13.9900,13.1400,5411034,73619320.0000,3,2.338390,1,6.468800,0
2013-07-04,sh.600258,13.8000,14.0800,13.6600,13.8000,13.9900,4039061,56211984.0000,3,1.745489,1,-1.358100,0
2013-07-05,sh.600258,13.8100,14.1900,13.6900,13.8200,13.8000,3073790,42867940.0000,3,1.328345,1,0.144900,0
2013-07-08,sh.600258,13.6000,13.8000,13.2000,13.3700,13.8200,2620558,35251832.0000,3,1.132480,1,-3.256200,0
2013-07-09,sh.600258,13.1500,14.0600,13.1500,14.0500,13.3700,3123804,42873616.0000,3,1.349959,1,5.086000,0
2013-07-10,sh.600258,14.0200,14.2200,13.8100,14.2000,14.0500,3548345,49910296.0000,3,1.533425,1,1.067600,0
2013-07-11,sh.600258,14.2400,14.4000,14.0400,14.2600,14.2000,4440831,63270540.0000,3,1.919115,1,0.422500,0
2013-07-12,sh.600258,14.2600,14.3400,13.8700,14.0300,14.2600,3678232,51838716.0000,3,1.589556,1,-1.612900,0
2013-07-15,sh.600258,13.8800,14.2500,13.6300,14.0200,14.0300,2806716,39219780.0000,3,1.212928,1,-0.071300,0
2013-07-16,sh.600258,13.9200,14.1500,13.8100,14.0500,14.0200,2260995,31561064.0000,3,0.977094,1,0.214000,0
2013-07-17,sh.600258,14.0500,14.0500,13.4600,13.4900,14.0500,3354594,45967396.0000,3,1.449695,1,-3.985800,0
2013-07-18,sh.600258,13.3600,13.5500,13.1600,13.1700,13.4900,2552326,34038664.0000,3,1.102993,1,-2.372100,0
2013-07-19,sh.600258,13.2100,13.4800,12.8800,12.9100,13.1700,2746442,36255656.0000,3,1.186881,1,-1.974200,0
2013-07-22,sh.600258,12.8600,13.2500,12.7000,13.1500,12.9100,1183822,15445138.0000,3,0.511591,1,1.859000,0
2013-07-23,sh.600258,13.1500,13.5000,13.1100,13.4600,13.1500,1744375,23284570.0000,3,0.753835,1,2.357400,0
2013-07-24,sh.600258,13.4600,13.5600,13.0200,13.1700,13.4600,2524685,33366918.0000,3,1.091048,1,-2.154500,0
2013-07-25,sh.600258,13.1200,14.3900,13.1000,14.1000,13.1700,7021326,98113424.0000,3,3.034281,1,7.061500,0
2013-07-26,sh.600258,13.8900,14.1300,13.6600,13.9600,14.1000,4705887,65274168.0000,3,2.033659,1,-0.992900,0
2013-07-29,sh.600258,13.8600,14.1000,13.5500,13.7000,13.9600,2842814,39070292.0000,3,1.228528,1,-1.862500,0
2013-07-30,sh.600258,13.6900,13.8100,13.2800,13.5300,13.7000,2003262,27213164.0000,3,0.865714,1,-1.240900,0
2013-07-31,sh.600258,13.5700,14.2400,13.5700,14.1800,13.5300,4187197,58454896.0000,3,1.809506,1,4.804100,0
2013-08-01,sh.600258,14.1000,14.3500,13.9600,14.3000,14.1800,4356093,61810852.0000,3,1.882495,1,0.846300,0
2013-08-02,sh.600258,14.4300,14.4900,14.1400,14.1800,14.3000,3653932,52171040.0000,3,1.579054,1,-0.839200,0
2013-08-05,sh.600258,14.1200,14.4900,14.0900,14.4500,14.1800,3715422,53337212.0000,3,1.605627,1,1.904100,0
2013-08-06,sh.600258,14.3700,14.4800,14.2100,14.3300,14.4500,3245041,46564968.0000,3,1.402351,1,-0.830400,0
2013-08-07,sh.600258,14.2800,14.3500,13.7300,13.7800,14.3300,6140976,85712288.0000,3,2.653836,1,-3.838100,0
2013-08-08,sh.600258,13.6600,13.9200,13.6000,13.8000,13.7800,2616827,36014032.0000,3,1.130867,1,0.145100,0
2013-08-09,sh.600258,13.8000,14.0700,13.8000,13.8600,13.8000,2603857,36287668.0000,3,1.125262,1,0.434800,0
2013-08-12,sh.600258,14.0000,14.1300,13.8600,14.0300,13.8600,2616711,36669984.0000,3,1.130817,1,1.226600,0
2013-08-13,sh.600258,14.0300,14.7000,13.9600,14.6900,14.0300,6468015,93649248.0000,3,2.795166,1,4.704200,0
2013-08-14,sh.600258,14.6500,14.6600,14.4100,14.4900,14.6900,3616093,52496368.0000,3,1.562702,1,-1.361500,0
2013-08-15,sh.600258,14.3700,15.2700,14.2800,14.6800,14.4900,5060226,74733488.0000,3,2.186787,1,1.311200,0
2013-08-16,sh.600258,14.6000,15.2300,14.5000,14.5800,14.6800,5047767,75137736.0000,3,2.181403,1,-0.681200,0
2013-08-19,sh.600258,14.2100,14.6600,14.2000,14.6000,14.5800,2701375,39171852.0000,3,1.167405,1,0.137200,0
2013-08-20,sh.600258,14.5600,15.0900,14.4800,14.8100,14.6000,3190578,47310572.0000,3,1.378815,1,1.438400,0
2013-08-21,sh.600258,14.8100,15.4200,14.8000,15.1000,14.8100,5725994,86706176.0000,3,2.474500,1,1.958100,0
2013-08-22,sh.600258,15.1000,15.2500,14.9000,14.9800,15.1000,2521343,37992952.0000,3,1.089604,1,-0.794700,0
2013-08-23,sh.600258,14.9200,15.4000,14.6100,14.8100,14.9800,3816076,57108912.0000,3,1.649125,1,-1.134800,0
2013-08-26,sh.600258,14.8100,14.9800,14.6900,14.8900,14.8100,3409017,50699484.0000,3,1.473214,1,0.540200,0
2013-08-27,sh.600258,14.8500,15.0700,14.4800,14.7000,14.8900,4520966,66399952.0000,3,1.953745,1,-1.276000,0
2013-08-28,sh.600258,14.7300,15.3600,14.6100,15.1000,14.7000,7195415,108494976.0000,3,3.109514,1,2.721100,0
2013-08-29,sh.600258,15.3500,15.3500,14.7700,15.0200,15.1000,3860762,57789712.0000,3,1.668436,1,-0.529800,0
2013-08-30,sh.600258,14.6800,14.9500,14.6500,14.6800,15.0200,2814850,41574044.0000,3,1.216443,1,-2.263600,0
2013-09-02,sh.600258,14.7800,15.1000,14.4000,15.0900,14.6800,4270527,63491536.0000,3,1.845517,1,2.792900,0
2013-09-03,sh.600258,14.9900,15.8000,14.9900,15.5600,15.0900,6921939,107482368.0000,3,2.991331,1,3.114600,0
2013-09-04,sh.600258,15.4100,15.6600,15.2100,15.6400,15.5600,3611717,55727084.0000,3,1.560811,1,0.514100,0
2013-09-05,sh.600258,15.6600,15.6900,15.3300,15.4900,15.6400,2346947,36202520.0000,3,1.014238,1,-0.959100,0
2013-09-06,sh.600258,15.5000,15.6000,15.3800,15.4700,15.4900,2675650,41454636.0000,3,1.156288,1,-0.129100,0
2013-09-09,sh.600258,15.5100,15.9000,15.4900,15.5500,15.4700,3423369,53670688.0000,3,1.479416,1,0.517100,0
2013-09-10,sh.600258,15.6000,15.6000,15.1300,15.2100,15.5500,5386505,82117024.0000,3,2.327790,1,-2.186500,0
2013-09-11,sh.600258,15.2000,15.2800,14.6500,14.7700,15.2100,4003190,59638810.0000,3,1.729987,1,-2.892800,0
2013-09-12,sh.600258,14.6600,15.0600,14.6600,14.7600,14.7700,2324108,34588901.0000,3,1.004368,1,-0.067700,0
2013-09-13,sh.600258,14.7300,15.1300,14.7300,15.0500,14.7600,2339395,35155330.0000,3,1.010975,1,1.964800,0
2013-09-16,sh.600258,15.0200,15.3700,14.9900,15.1300,15.0500,2023141,30808984.0000,3,0.874305,1,0.531600,0
2013-09-17,sh.600258,15.1200,15.1900,14.4800,14.5300,15.1300,2445546,36219655.0000,3,1.056848,1,-3.965600,0
2013-09-18,sh.600258,14.5500,14.9200,14.3900,14.8100,14.5300,2680387,39266745.0000,3,1.158335,1,1.927000,0
2013-09-23,sh.600258,14.8400,14.8400,14.6100,14.6800,14.8100,2729868,40036957.0000,3,1.179718,1,-0.877800,0
2013-09-24,sh.600258,14.7800,14.7800,14.4000,14.5500,14.6800,2792636,40639635.0000,3,1.206844,1,-0.885600,0
2013-09-25,sh.600258,14.5200,14.6300,14.1500,14.2500,14.5500,2455982,35399376.0000,3,1.061358,1,-2.061900,0
2013-09-26,sh.600258,14.2700,14.3000,13.9100,13.9600,14.2500,2402548,33790013.0000,3,1.038266,1,-2.035100,0
2013-09-27,sh.600258,13.9600,14.1200,13.9000,13.9800,13.9600,1194398,16738573.0000,3,0.516162,1,0.143300,0
2013-09-30,sh.600258,13.9900,14.4400,13.9300,14.3100,13.9800,2094191,29833699.0000,3,0.905009,1,2.360500,0
2013-10-08,sh.600258,14.1900,14.2000,13.8600,14.1300,14.3100,2626494,36844396.0000,3,1.135045,1,-1.257900,0
2013-10-09,sh.600258,14.0100,14.0800,13.6700,13.9000,14.1300,3303056,45657332.0000,3,1.427423,1,-1.627700,0
2013-10-10,sh.600258,13.8500,14.2000,13.8500,13.9400,13.9000,2513712,35263024.0000,3,1.086306,1,0.287800,0
2013-10-11,sh.600258,14.0000,14.3200,14.0000,14.1600,13.9400,2082735,29515946.0000,3,0.900058,1,1.578200,0
2013-10-14,sh.600258,14.1500,14.3700,14.0500,14.2800,14.1600,2762642,39286257.0000,3,1.193882,1,0.847500,0
2013-10-15,sh.600258,14.2700,14.4500,14.1500,14.3700,14.2800,3530449,50519187.0000,3,1.525691,1,0.630300,0
2013-10-16,sh.600258,14.2800,14.6900,13.7600,14.4100,14.3700,4766770,68183666.0000,3,2.059970,1,0.278400,0
2013-10-17,sh.600258,14.3700,14.6400,14.2500,14.3800,14.4100,1473474,21232045.0000,3,0.636765,1,-0.208200,0
2013-10-18,sh.600258,14.3600,14.4000,14.0600,14.1400,14.3800,1282980,18212977.0000,3,0.554443,1,-1.669000,0
2013-10-21,sh.600258,14.2000,14.3100,14.0200,14.2600,14.1400,2469907,35026153.0000,3,1.067376,1,0.848700,0
2013-10-22,sh.600258,14.2900,14.3000,13.8400,13.8800,14.2600,2470668,34649106.0000,3,1.067704,1,-2.664800,0
2013-10-23,sh.600258,13.8200,13.9700,13.2700,13.3700,13.8800,2266269,30746409.0000,3,0.979373,1,-3.674400,0
2013-10-24,sh.600258,13.3000,13.6500,13.1700,13.6100,13.3700,1473686,19807747.0000,3,0.636857,1,1.795100,0
2013-10-25,sh.600258,13.5600,13.6700,13.2100,13.3400,13.6100,763810,10225208.0000,3,0.330082,1,-1.983800,0
2013-10-28,sh.600258,13.3300,13.4000,12.8800,12.9000,13.3400,1382770,18011647.0000,3,0.597567,1,-3.298400,0
2013-10-29,sh.600258,12.8900,13.1000,12.4300,12.6300,12.9000,1494726,19023069.0000,3,0.645949,1,-2.093000,0
2013-10-30,sh.600258,12.5100,12.7400,12.5100,12.7100,12.6300,649212,8227603.0000,3,0.280558,1,0.633400,0
2013-10-31,sh.600258,12.7200,12.8100,12.5600,12.7300,12.7100,925216,11734685.0000,3,0.399834,1,0.157400,0
2013-11-01,sh.600258,12.7300,12.7400,12.4700,12.6100,12.7300,603720,7604690.0000,3,0.260899,1,-0.942700,0
2013-11-04,sh.600258,12.5600,12.7500,12.5500,12.6700,12.6100,452980,5735306.0000,3,0.195756,1,0.475800,0
2013-11-05,sh.600258,12.6900,12.8000,12.5500,12.8000,12.6700,840396,10651461.0000,3,0.363179,1,1.026000,0
2013-11-06,sh.600258,12.9700,13.0900,12.8800,12.9300,12.8000,1485890,19306678.0000,3,0.642131,1,1.015600,0
2013-11-07,sh.600258,12.8400,12.9600,12.6000,12.9400,12.9300,976652,12447348.0000,3,0.422062,1,0.077300,0
2013-11-08,sh.600258,13.0100,13.0600,12.7500,12.8900,12.9400,859811,11063866.0000,3,0.371569,1,-0.386400,0
2013-11-11,sh.600258,12.9000,12.9500,12.5700,12.8200,12.8900,461894,5891595.0000,3,0.199608,1,-0.543100,0
2013-11-12,sh.600258,12.8000,12.9400,12.7400,12.8400,12.8200,512109,6569613.0000,3,0.221309,1,0.156000,0
2013-11-13,sh.600258,12.8300,12.8300,12.5300,12.5300,12.8400,432012,5467910.0000,3,0.186695,1,-2.414300,0
2013-11-14,sh.600258,12.4500,12.9900,12.4000,12.9100,12.5300,2259209,29034374.0000,3,0.976322,1,3.032700,0
2013-11-15,sh.600258,12.9000,13.4300,12.8800,13.1800,12.9100,1862375,24636046.0000,3,0.804829,1,2.091400,0
2013-11-18,sh.600258,13.1800,13.3300,13.1200,13.2600,13.1800,1316637,17368765.0000,3,0.568987,1,0.607000,0
2013-11-19,sh.600258,13.1600,13.3500,13.1300,13.2900,13.2600,975776,12922407.0000,3,0.421684,1,0.226200,0
2013-11-20,sh.600258,13.2900,13.3200,13.1500,13.2800,13.2900,975424,12890480.0000,3,0.421532,1,-0.075200,0
2013-11-21,sh.600258,13.2800,13.8500,13.0500,13.7300,13.2800,3923556,53254445.0000,3,1.695573,1,3.388600,0
2013-11-22,sh.600258,13.6900,14.0000,13.5800,13.7900,13.7300,1573847,21718977.0000,3,0.680141,1,0.437000,0
2013-11-25,sh.600258,13.7000,13.7800,13.5300,13.7500,13.7900,901009,12285809.0000,3,0.389373,1,-0.290100,0
2013-11-26,sh.600258,13.6900,13.7200,13.5500,13.6100,13.7500,401838,5470140.0000,3,0.173655,1,-1.018200,0
2013-11-27,sh.600258,13.7000,13.7800,13.5100,13.7700,13.6100,803687,10965411.0000,3,0.347315,1,1.175600,0
2013-11-28,sh.600258,13.7700,14.0200,13.6600,13.8800,13.7700,1912313,26536965.0000,3,0.826410,1,0.798800,0
2013-11-29,sh.600258,13.8000,14.1600,13.7600,14.1400,13.8800,2169668,30389805.0000,3,0.937627,1,1.873200,0
2013-12-02,sh.600258,13.8800,13.9800,13.4200,13.6400,14.1400,1464963,20094372.0000,3,0.633087,1,-3.536100,0
2013-12-03,sh.600258,13.4500,13.8100,13.3600,13.8000,13.6400,638296,8712625.0000,3,0.275841,1,1.173000,0
2013-12-04,sh.600258,13.9100,14.0700,13.8500,14.0600,13.8000,2704990,37856701.0000,3,1.168967,1,1.884100,0
2013-12-05,sh.600258,14.0100,14.1700,13.8400,14.0900,14.0600,1342476,18869844.0000,3,0.580154,1,0.213400,0
2013-12-06,sh.600258,14.0700,14.0700,13.8500,13.9400,14.0900,1029104,14340228.0000,3,0.444729,1,-1.064600,0
2013-12-09,sh.600258,14.0000,14.1000,13.9700,14.1000,13.9400,896209,12593574.0000,3,0.387299,1,1.147800,0
2013-12-10,sh.600258,14.1000,14.2800,13.9500,14.2100,14.1000,1806647,25550570.0000,3,0.780746,1,0.780100,0
2013-12-11,sh.600258,14.1900,14.7800,14.0300,14.7700,14.2100,5469231,79589384.0000,3,2.363540,1,3.940900,0
2013-12-12,sh.600258,14.7000,15.0000,14.5500,14.8000,14.7700,4309835,63674419.0000,3,1.862504,1,0.203100,0
2013-12-13,sh.600258,14.8100,14.8300,14.5700,14.8200,14.8000,1927888,28398983.0000,3,0.833141,1,0.135100,0
2013-12-16,sh.600258,14.8000,14.8000,14.2800,14.4800,14.8200,1298435,18766024.0000,3,0.561121,1,-2.294200,0
2013-12-17,sh.600258,14.3600,14.5200,14.2600,14.5000,14.4800,1136086,16365954.0000,3,0.490962,1,0.138100,0
2013-12-18,sh.600258,14.4800,14.7300,14.3800,14.5200,14.5000,1056227,15391350.0000,3,0.456451,1,0.137900,0
2013-12-19,sh.600258,14.5300,14.6400,14.4500,14.5300,14.5200,874106,12713054.0000,3,0.377747,1,0.068900,0
2013-12-20,sh.600258,14.5500,14.7200,14.2100,14.2900,14.5300,1172636,16954964.0000,3,0.506757,1,-1.651800,0
2013-12-23,sh.600258,14.0700,14.2800,13.7500,13.8500,14.2900,724539,10089048.0000,3,0.313111,1,-3.079100,0
2013-12-24,sh.600258,13.8500,13.9400,13.5300,13.8600,13.8500,508812,7040672.0000,3,0.219884,1,0.072200,0
2013-12-25,sh.600258,13.7500,14.3500,13.7200,14.3000,13.8600,980451,13846755.0000,3,0.423704,1,3.174600,0
2013-12-26,sh.600258,14.3000,14.6000,14.2600,14.3300,14.3000,1684155,24236716.0000,3,0.727811,1,0.209800,0
2013-12-27,sh.600258,14.3900,14.5500,14.2500,14.4700,14.3300,834903,12063315.0000,3,0.360805,1,0.977000,0
2013-12-30,sh.600258,14.4700,14.6000,14.3500,14.4000,14.4700,710603,10276445.0000,3,0.307089,1,-0.483800,0
2013-12-31,sh.600258,14.3700,14.4800,14.3100,14.4200,14.4000,555304,7999816.0000,3,0.239976,1,0.138900,0
2014-01-02,sh.600258,14.5800,14.6900,14.2700,14.4200,14.4200,1090630,15811931.0000,3,0.471318,1,0.000000,0
2014-01-03,sh.600258,14.4400,14.6400,14.3500,14.4200,14.4200,1599846,23159094.0000,3,0.691377,1,0.000000,0
2014-01-06,sh.600258,14.4100,15.8600,14.2200,15.8600,14.4200,8492753,130597126.0000,3,3.670161,1,9.986100,0
2014-01-07,sh.600258,15.8600,15.8600,15.8600,15.8600,15.8600,0,0.0000,3,,0,0.000000,0
2014-01-08,sh.600258,15.8600,15.8600,15.8600,15.8600,15.8600,0,0.0000,3,,0,0.000000,0
2014-01-09,sh.600258,15.8600,15.8600,15.8600,15.8600,15.8600,0,0.0000,3,,0,0.000000,0
2014-01-10,sh.600258,15.8600,15.8600,15.8600,15.8600,15.8600,0,0.0000,3,,0,0.000000,0
2014-01-13,sh.600258,15.8600,15.8600,15.8600,15.8600,15.8600,0,0.0000,3,,0,0.000000,0
2014-01-14,sh.600258,15.8600,15.8600,15.8600,15.8600,15.8600,0,0.0000,3,,0,0.000000,0
2014-01-15,sh.600258,15.8600,15.8600,15.8600,15.8600,15.8600,0,0.0000,3,,0,0.000000,0
2014-01-16,sh.600258,15.8600,15.8600,15.8600,15.8600,15.8600,0,0.0000,3,,0,0.000000,0
2014-01-17,sh.600258,15.8600,15.8600,15.8600,15.8600,15.8600,0,0.0000,3,,0,0.000000,0
2014-01-20,sh.600258,15.8600,15.8600,15.8600,15.8600,15.8600,0,0.0000,3,,0,0.000000,0
2014-01-21,sh.600258,15.8600,15.8600,15.8600,15.8600,15.8600,0,0.0000,3,,0,0.000000,0
2014-01-22,sh.600258,15.8600,15.8600,15.8600,15.8600,15.8600,0,0.0000,3,,0,0.000000,0
2014-01-23,sh.600258,15.8600,15.8600,15.8600,15.8600,15.8600,0,0.0000,3,,0,0.000000,0
2014-01-24,sh.600258,15.8600,15.8600,15.8600,15.8600,15.8600,0,0.0000,3,,0,0.000000,0
2014-01-27,sh.600258,15.8600,15.8600,15.8600,15.8600,15.8600,0,0.0000,3,,0,0.000000,0
2014-01-28,sh.600258,15.8600,15.8600,15.8600,15.8600,15.8600,0,0.0000,3,,0,0.000000,0
2014-01-29,sh.600258,15.8600,15.8600,15.8600,15.8600,15.8600,0,0.0000,3,,0,0.000000,0
2014-01-30,sh.600258,15.8600,15.8600,15.8600,15.8600,15.8600,0,0.0000,3,,0,0.000000,0
2014-02-07,sh.600258,15.8600,15.8600,15.8600,15.8600,15.8600,0,0.0000,3,,0,0.000000,0
2014-02-10,sh.600258,15.8600,15.8600,15.8600,15.8600,15.8600,0,0.0000,3,,0,0.000000,0
2014-02-11,sh.600258,15.8600,15.8600,15.8600,15.8600,15.8600,0,0.0000,3,,0,0.000000,0
2014-02-12,sh.600258,15.8600,15.8600,15.8600,15.8600,15.8600,0,0.0000,3,,0,0.000000,0
2014-02-13,sh.600258,15.8600,15.8600,15.8600,15.8600,15.8600,0,0.0000,3,,0,0.000000,0
2014-02-14,sh.600258,15.8600,15.8600,15.8600,15.8600,15.8600,0,0.0000,3,,0,0.000000,0
2014-02-17,sh.600258,15.8600,15.8600,15.8600,15.8600,15.8600,0,0.0000,3,,0,0.000000,0
2014-02-18,sh.600258,15.8600,15.8600,15.8600,15.8600,15.8600,0,0.0000,3,,0,0.000000,0
2014-02-19,sh.600258,15.8600,15.8600,15.8600,15.8600,15.8600,0,0.0000,3,,0,0.000000,0
2014-02-20,sh.600258,15.8600,15.8600,15.8600,15.8600,15.8600,0,0.0000,3,,0,0.000000,0
2014-02-21,sh.600258,15.8600,15.8600,15.8600,15.8600,15.8600,0,0.0000,3,,0,0.000000,0
2014-02-24,sh.600258,15.8600,15.8600,15.8600,15.8600,15.8600,0,0.0000,3,,0,0.000000,0
2014-02-25,sh.600258,15.8600,15.8600,15.8600,15.8600,15.8600,0,0.0000,3,,0,0.000000,0
2014-02-26,sh.600258,15.8600,15.8600,15.8600,15.8600,15.8600,0,0.0000,3,,0,0.000000,0
2014-02-27,sh.600258,15.8600,15.8600,15.8600,15.8600,15.8600,0,0.0000,3,,0,0.000000,0
2014-02-28,sh.600258,15.8600,15.8600,15.8600,15.8600,15.8600,0,0.0000,3,,0,0.000000,0
2014-03-03,sh.600258,15.8600,15.8600,15.8600,15.8600,15.8600,0,0.0000,3,,0,0.000000,0
2014-03-04,sh.600258,15.8600,15.8600,15.8600,15.8600,15.8600,0,0.0000,3,,0,0.000000,0
2014-03-05,sh.600258,15.8600,15.8600,15.8600,15.8600,15.8600,0,0.0000,3,,0,0.000000,0
2014-03-06,sh.600258,15.8600,15.8600,15.8600,15.8600,15.8600,0,0.0000,3,,0,0.000000,0
2014-03-07,sh.600258,15.8600,15.8600,15.8600,15.8600,15.8600,0,0.0000,3,,0,0.000000,0
2014-03-10,sh.600258,15.8600,15.8600,15.8600,15.8600,15.8600,0,0.0000,3,,0,0.000000,0
2014-03-11,sh.600258,15.8600,15.8600,15.8600,15.8600,15.8600,0,0.0000,3,,0,0.000000,0
2014-03-12,sh.600258,15.8600,15.8600,15.8600,15.8600,15.8600,0,0.0000,3,,0,0.000000,0
2014-03-13,sh.600258,15.8600,15.8600,15.8600,15.8600,15.8600,0,0.0000,3,,0,0.000000,0
2014-03-14,sh.600258,14.2700,14.2700,14.2700,14.2700,15.8600,510400,7283408.0000,3,0.220570,1,-10.025200,0
2014-03-17,sh.600258,13.3000,13.9000,13.3000,13.7000,14.2700,3207594,43473306.0000,3,1.386169,1,-3.994400,0
2014-03-18,sh.600258,13.6900,14.1000,13.6100,14.0400,13.7000,3784996,52312032.0000,3,1.635694,1,2.481800,0
2014-03-19,sh.600258,13.9900,13.9900,13.7000,13.8200,14.0400,2258120,31179621.0000,3,0.975851,1,-1.567000,0
2014-03-20,sh.600258,13.8200,13.8900,13.2000,13.3100,13.8200,1430143,19545362.0000,3,0.618039,1,-3.690300,0
2014-03-21,sh.600258,13.2000,13.6700,13.0000,13.4800,13.3100,1507482,20032593.0000,3,0.651462,1,1.277200,0
2014-03-24,sh.600258,13.4700,13.7300,13.3300,13.5900,13.4800,1424032,19243324.0000,3,0.615398,1,0.816000,0
2014-03-25,sh.600258,13.5000,13.7800,13.4100,13.7600,13.5900,1229056,16763794.0000,3,0.531139,1,1.250900,0
2014-03-26,sh.600258,13.7000,13.9300,13.6700,13.7700,13.7600,1137293,15698150.0000,3,0.491484,1,0.072700,0
2014-03-27,sh.600258,13.7600,14.4000,13.7100,14.1300,13.7700,2575342,36294880.0000,3,1.112939,1,2.614400,0
2014-03-28,sh.600258,14.0200,14.2200,13.6600,13.8200,14.1300,1916726,26597135.0000,3,0.828317,1,-2.193900,0
2014-03-31,sh.600258,13.7000,13.9900,13.6000,13.8900,13.8200,798805,11064670.0000,3,0.345205,1,0.506500,0
2014-04-01,sh.600258,13.8000,13.9700,13.6500,13.9500,13.8900,772071,10682147.0000,3,0.333652,1,0.432000,0
2014-04-02,sh.600258,13.9800,14.4400,13.9100,14.3400,13.9500,2442368,34802487.0000,3,1.055475,1,2.795700,0
2014-04-03,sh.600258,14.3900,14.5000,14.2000,14.2500,14.3400,1349963,19278771.0000,3,0.583389,1,-0.627600,0
2014-04-04,sh.600258,14.2000,14.3800,14.1800,14.3100,14.2500,1081422,15443528.0000,3,0.467339,1,0.421100,0
2014-04-08,sh.600258,14.3100,14.5800,14.3000,14.4600,14.3100,1732163,24923417.0000,3,0.748558,1,1.048200,0
2014-04-09,sh.600258,14.4100,14.4300,14.2400,14.3600,14.4600,1062112,15211084.0000,3,0.458994,1,-0.691600,0
2014-04-10,sh.600258,14.3600,14.6400,14.3000,14.3900,14.3600,1751664,25360487.0000,3,0.756985,1,0.208900,0
2014-04-11,sh.600258,14.3200,14.6600,14.3200,14.5600,14.3900,1895441,27609540.0000,3,0.819119,1,1.181400,0
2014-04-14,sh.600258,14.4800,14.7400,14.4700,14.6600,14.5600,1345282,19652427.0000,3,0.581366,1,0.686800,0
2014-04-15,sh.600258,14.7400,14.7400,14.3600,14.3700,14.6600,1211241,17585461.0000,3,0.523440,1,-1.978200,0
2014-04-16,sh.600258,14.3300,14.5400,14.3200,14.4000,14.3700,1338975,19286486.0000,3,0.578641,1,0.208800,0
2014-04-17,sh.600258,14.2600,14.5700,14.2600,14.5400,14.4000,1263713,18226071.0000,3,0.546116,1,0.972200,0
2014-04-18,sh.600258,14.4200,14.9200,14.4100,14.7700,14.5400,1854250,27375738.0000,3,0.801318,1,1.581800,0
2014-04-21,sh.600258,14.5700,15.0400,14.5700,14.9500,14.7700,3181531,47360751.0000,3,1.374905,1,1.218700,0
2014-04-22,sh.600258,14.9200,15.2500,14.7600,15.1900,14.9500,2946314,44213637.0000,3,1.273256,1,1.605300,0
2014-04-23,sh.600258,15.1500,15.3600,14.9900,15.2900,15.1900,4875273,73928233.0000,3,2.106860,1,0.658300,0
2014-04-24,sh.600258,15.2900,15.2900,14.7500,14.7600,15.2900,2684497,40415325.0000,3,1.160111,1,-3.466300,0
2014-04-25,sh.600258,14.7800,15.5500,14.7100,15.3100,14.7600,4429659,67009898.0000,3,1.914287,1,3.726300,0
2014-04-28,sh.600258,15.2700,15.7600,14.7300,15.7400,15.3100,7403941,112922794.0000,3,3.199629,1,2.808600,0
2014-04-29,sh.600258,15.6200,17.1800,15.5700,16.8600,15.7400,9359747,156594051.0000,3,4.044834,1,7.115600,0
2014-04-30,sh.600258,16.7500,16.9900,16.4500,16.9100,16.8600,4468463,74864322.0000,3,1.931056,1,0.296600,0
2014-05-05,sh.600258,16.8900,17.2800,16.7000,17.2000,16.9100,5134674,87609116.0000,3,2.218960,1,1.715000,0
2014-05-06,sh.600258,17.2000,17.3500,16.8100,17.0700,17.2000,3459592,58702265.0000,3,1.495070,1,-0.755800,0
2014-05-07,sh.600258,16.9000,17.3000,16.4500,16.5200,17.0700,3734325,63058536.0000,3,1.613796,1,-3.222000,0
2014-05-08,sh.600258,16.5200,16.7000,16.2800,16.4500,16.5200,2616232,43132849.0000,3,1.130610,1,-0.423700,0
2014-05-09,sh.600258,16.4300,16.4300,14.8100,15.0500,16.4500,6825313,104294371.0000,3,2.949573,1,-8.510600,0
2014-05-12,sh.600258,15.0100,15.3800,14.6400,15.3300,15.0500,3338300,49969707.0000,3,1.442653,1,1.860500,0
2014-05-13,sh.600258,15.2900,15.2900,15.0300,15.1300,15.3300,1119099,16948264.0000,3,0.483621,1,-1.304600,0
2014-05-14,sh.600258,15.0400,15.2700,14.9000,15.2700,15.1300,901864,13684242.0000,3,0.389742,1,0.925300,0
2014-05-15,sh.600258,15.2500,15.2600,15.0400,15.1100,15.2700,803395,12143294.0000,3,0.347189,1,-1.047800,0
2014-05-16,sh.600258,15.0600,15.0600,14.7000,14.8200,15.1100,1279044,18925988.0000,3,0.552742,1,-1.919300,0
2014-05-19,sh.600258,14.8200,14.9400,14.3400,14.9200,14.8200,973947,14261074.0000,3,0.420893,1,0.674800,0
2014-05-20,sh.600258,14.8000,15.2400,14.8000,15.1000,14.9200,836703,12636857.0000,3,0.361583,1,1.206400,0
2014-05-21,sh.600258,15.0800,15.2000,14.8400,15.1800,15.1000,1265560,19050604.0000,3,0.546914,1,0.529800,0
2014-05-22,sh.600258,15.0200,15.1900,15.0200,15.1100,15.1800,894476,13513708.0000,3,0.386550,1,-0.461100,0
2014-05-23,sh.600258,15.0300,15.1500,14.8000,15.0700,15.1100,778924,11647681.0000,3,0.336614,1,-0.264700,0
2014-05-26,sh.600258,15.0700,15.2200,15.0200,15.1800,15.0700,850078,12875244.0000,3,0.367363,1,0.729900,0
2014-05-27,sh.600258,15.1900,15.1900,15.0000,15.0000,15.1800,590321,8898357.0000,3,0.255108,1,-1.185800,0
2014-05-28,sh.600258,14.8600,15.1800,14.8200,15.0000,15.0000,641574,9606484.0000,3,0.277258,1,0.000000,0
2014-05-29,sh.600258,14.9500,15.1200,14.8700,14.9000,15.0000,1651959,24687149.0000,3,0.713898,1,-0.666700,0
2014-05-30,sh.600258,14.9000,15.3600,14.6500,15.1500,14.9000,1999593,30133258.0000,3,0.864128,1,1.677900,0
2014-06-03,sh.600258,15.1600,15.3800,15.1200,15.1700,15.1500,531710,8086356.0000,3,0.229780,1,0.132000,0
2014-06-04,sh.600258,15.0800,15.2500,14.9800,15.1800,15.1700,1224305,18464396.0000,3,0.529086,1,0.065900,0
2014-06-05,sh.600258,15.1500,15.2700,15.0800,15.1800,15.1800,555585,8424064.0000,3,0.240097,1,0.000000,0
2014-06-06,sh.600258,15.1900,15.2900,15.1600,15.2500,15.1800,577382,8782010.0000,3,0.249517,1,0.461100,0
2014-06-09,sh.600258,15.2500,15.8900,15.2100,15.7800,15.2500,2643428,41390940.0000,3,1.142363,1,3.475400,0
2014-06-10,sh.600258,15.7800,15.8500,15.5000,15.8500,15.7800,1232175,19292035.0000,3,0.532487,1,0.443600,0
2014-06-11,sh.600258,15.8500,15.8800,15.5900,15.6200,15.8500,1202947,18836379.0000,3,0.519856,1,-1.451100,0
2014-06-12,sh.600258,15.6200,15.6200,15.3600,15.3800,15.6200,938344,14484304.0000,3,0.405507,1,-1.536500,0
2014-06-13,sh.600258,15.3300,15.5100,15.3100,15.3700,15.3800,1392493,21452940.0000,3,0.601769,1,-0.065000,0
2014-06-16,sh.600258,15.3800,15.4600,15.1600,15.2900,15.3700,1652532,25235956.0000,3,0.714145,1,-0.520500,0
2014-06-17,sh.600258,15.2600,15.2600,14.9800,14.9900,15.2900,768031,11591623.0000,3,0.331906,1,-1.962100,0
2014-06-18,sh.600258,14.9900,15.0800,14.5500,14.6700,14.9900,1464673,21495247.0000,3,0.632962,1,-2.134800,0
2014-06-19,sh.600258,14.6700,14.8300,14.3200,14.3900,14.6700,937926,13662536.0000,3,0.405327,1,-1.908700,0
2014-06-20,sh.600258,14.2000,14.5100,14.2000,14.4700,14.3900,572981,8245712.0000,3,0.247615,1,0.555900,0
2014-06-23,sh.600258,14.4700,14.4700,14.4700,14.4700,14.4700,0,0.0000,3,,0,0.000000,0
2014-06-24,sh.600258,14.4700,14.4700,14.4700,14.4700,14.4700,0,0.0000,3,,0,0.000000,0
2014-06-25,sh.600258,15.0600,15.0700,14.6700,14.7300,14.4700,922608,13706959.0000,3,0.398707,1,1.796800,0
2014-06-26,sh.600258,14.7600,14.9000,14.6600,14.7600,14.7300,848699,12511874.0000,3,0.366767,1,0.203700,0
2014-06-27,sh.600258,14.6100,14.6500,14.4000,14.6100,14.5100,1835136,26667471.0000,3,0.793058,1,0.689200,0
2014-06-30,sh.600258,14.6100,14.7300,14.5100,14.6600,14.6100,887609,12998152.0000,3,0.383582,1,0.342200,0
2014-07-01,sh.600258,14.6000,14.9800,14.6000,14.7700,14.6600,884348,13081293.0000,3,0.382173,1,0.750300,0
2014-07-02,sh.600258,14.7700,14.8100,14.6000,14.7400,14.7700,1889833,27762784.0000,3,0.816695,1,-0.203100,0
2014-07-03,sh.600258,14.9600,15.0000,14.6000,14.6300,14.7400,4477702,65909521.0000,3,1.935048,1,-0.746300,0
2014-07-04,sh.600258,14.6800,14.6900,14.1400,14.2600,14.6300,3644654,52111574.0000,3,1.575045,1,-2.529000,0
2014-07-07,sh.600258,14.2700,14.2700,13.9400,14.0500,14.2600,2509712,35393464.0000,3,1.084577,1,-1.472700,0
2014-07-08,sh.600258,14.1000,14.1300,13.8500,14.0200,14.0500,2495838,34829635.0000,3,1.078582,1,-0.213500,0
2014-07-09,sh.600258,14.0000,14.2000,13.9900,14.0900,14.0200,1923605,27157836.0000,3,0.831290,1,0.499300,0
2014-07-10,sh.600258,14.1000,14.1900,14.0200,14.1400,14.0900,1243053,17531186.0000,3,0.537188,1,0.354900,0
2014-07-11,sh.600258,14.1500,14.1800,13.9600,14.0000,14.1400,1959933,27567239.0000,3,0.846989,1,-0.990100,0
2014-07-14,sh.600258,14.0300,14.1400,13.9400,14.1300,14.0000,1621266,22719481.0000,3,0.700634,1,0.928600,0
2014-07-15,sh.600258,14.1200,14.1200,14.0000,14.0400,14.1300,1182690,16611454.0000,3,0.511102,1,-0.636900,0
2014-07-16,sh.600258,14.0600,14.0700,13.7400,13.8400,14.0400,2404335,33439208.0000,3,1.039038,1,-1.424500,0
2014-07-17,sh.600258,13.7800,13.8400,13.5700,13.7100,13.8400,1816409,24870667.0000,3,0.784965,1,-0.939300,0
2014-07-18,sh.600258,13.6300,13.8400,13.5800,13.8400,13.7100,1350451,18618116.0000,3,0.583600,1,0.948200,0
2014-07-21,sh.600258,13.8900,13.9500,13.8300,13.8300,13.8400,707648,9810173.0000,3,0.305812,1,-0.072300,0
2014-07-22,sh.600258,13.8900,13.9200,13.7100,13.8900,13.8300,1031651,14297851.0000,3,0.445830,1,0.433800,0
2014-07-23,sh.600258,13.8800,13.9100,13.6800,13.7500,13.8900,1282897,17652231.0000,3,0.554407,1,-1.007900,0
2014-07-24,sh.600258,13.7200,13.7600,13.4000,13.5200,13.7500,2695347,36467685.0000,3,1.164800,1,-1.672700,0
2014-07-25,sh.600258,13.5400,13.7900,13.4600,13.7900,13.5200,1535278,20982610.0000,3,0.663474,1,1.997000,0
2014-07-28,sh.600258,13.8300,14.1800,13.8100,14.1500,13.7900,2807958,39485086.0000,3,1.213465,1,2.610600,0
2014-07-29,sh.600258,14.1800,14.2400,14.0800,14.1800,14.1500,2153867,30524794.0000,3,0.930798,1,0.212000,0
2014-07-30,sh.600258,14.1700,14.2500,14.1300,14.2000,14.1800,1400844,19874916.0000,3,0.605378,1,0.141000,0
2014-07-31,sh.600258,14.2000,14.4700,14.1500,14.4000,14.2000,2137646,30635264.0000,3,0.923788,1,1.408400,0
2014-08-01,sh.600258,14.4100,14.4100,14.1400,14.1500,14.4000,2293142,32805922.0000,3,0.990986,1,-1.736100,0
2014-08-04,sh.600258,14.1400,14.3400,14.1100,14.3300,14.1500,1842764,26222831.0000,3,0.796354,1,1.272100,0
2014-08-05,sh.600258,14.3300,14.3900,14.1900,14.3700,14.3300,1615443,23087314.0000,3,0.698117,1,0.279100,0
2014-08-06,sh.600258,14.3700,14.4700,14.2600,14.4000,14.3700,1578209,22738829.0000,3,0.682026,1,0.208800,0
2014-08-07,sh.600258,14.4000,14.5800,14.3300,14.3600,14.4000,2497826,36157991.0000,3,1.079441,1,-0.277800,0
2014-08-08,sh.600258,14.3600,14.5500,14.3600,14.5300,14.3600,1665827,24115023.0000,3,0.719891,1,1.183800,0
2014-08-11,sh.600258,14.5500,14.8100,14.5500,14.7900,14.5300,2397658,35312461.0000,3,1.036153,1,1.789400,0
2014-08-12,sh.600258,14.8000,14.8500,14.6500,14.7700,14.7900,1920208,28303735.0000,3,0.829822,1,-0.135200,0
2014-08-13,sh.600258,14.7700,14.8400,14.3700,14.5400,14.7700,3332548,48562000.0000,3,1.440168,1,-1.557200,0
2014-08-14,sh.600258,14.5400,14.6200,14.4500,14.5000,14.5400,2247232,32675512.0000,3,0.971146,1,-0.275100,0
2014-08-15,sh.600258,14.4600,14.6800,14.4200,14.6700,14.5000,1780773,25972732.0000,3,0.769565,1,1.172400,0
2014-08-18,sh.600258,14.7600,15.0600,14.6700,15.0000,14.6700,3759154,56020184.0000,3,1.624526,1,2.249500,0
2014-08-19,sh.600258,15.0400,15.0500,14.8300,14.9500,15.0000,2521855,37720713.0000,3,1.089825,1,-0.333300,0
2014-08-20,sh.600258,14.9000,15.1800,14.8500,15.1200,14.9500,2702735,40762634.0000,3,1.167993,1,1.137100,0
2014-08-21,sh.600258,15.1100,15.1500,14.8500,15.0800,15.1200,1888430,28350952.0000,3,0.816089,1,-0.264600,0
2014-08-22,sh.600258,15.1800,15.5000,15.1700,15.2200,15.0800,4849634,74127464.0000,3,2.095780,1,0.928400,0
2014-08-25,sh.600258,15.1500,15.2200,14.9200,15.1600,15.2200,2022615,30518115.0000,3,0.874077,1,-0.394200,0
2014-08-26,sh.600258,15.0800,15.1000,14.4300,14.5700,15.1600,3271260,48283606.0000,3,1.413682,1,-3.891800,0
2014-08-27,sh.600258,14.5700,14.7300,14.3000,14.6400,14.5700,2413174,35019309.0000,3,1.042858,1,0.480400,0
2014-08-28,sh.600258,15.1500,16.0000,14.9100,14.9900,14.6400,6506304,100005114.0000,3,2.811713,1,2.390700,0
2014-08-29,sh.600258,14.9700,15.1000,14.6800,14.9900,14.9900,3177197,47326163.0000,3,1.373032,1,0.000000,0
2014-09-01,sh.600258,15.0000,15.3700,14.8700,15.2400,14.9900,3579320,54296135.0000,3,1.546811,1,1.667800,0
2014-09-02,sh.600258,15.2400,15.2400,15.2400,15.2400,15.2400,0,0.0000,3,,0,0.000000,0
2014-09-03,sh.600258,15.2400,15.2400,15.2400,15.2400,15.2400,0,0.0000,3,,0,0.000000,0
2014-09-04,sh.600258,15.2400,15.2400,15.2400,15.2400,15.2400,0,0.0000,3,,0,0.000000,0
2014-09-05,sh.600258,15.2400,15.2400,15.2400,15.2400,15.2400,0,0.0000,3,,0,0.000000,0
2014-09-09,sh.600258,15.2400,15.2400,15.2400,15.2400,15.2400,0,0.0000,3,,0,0.000000,0
2014-09-10,sh.600258,15.2400,15.2400,15.2400,15.2400,15.2400,0,0.0000,3,,0,0.000000,0
2014-09-11,sh.600258,15.2400,15.2400,15.2400,15.2400,15.2400,0,0.0000,3,,0,0.000000,0
2014-09-12,sh.600258,15.2400,15.2400,15.2400,15.2400,15.2400,0,0.0000,3,,0,0.000000,0
2014-09-15,sh.600258,15.2400,15.2400,15.2400,15.2400,15.2400,0,0.0000,3,,0,0.000000,0
2014-09-16,sh.600258,15.2400,15.2400,15.2400,15.2400,15.2400,0,0.0000,3,,0,0.000000,0
2014-09-17,sh.600258,15.2400,15.2400,15.2400,15.2400,15.2400,0,0.0000,3,,0,0.000000,0
2014-09-18,sh.600258,15.2400,15.2400,15.2400,15.2400,15.2400,0,0.0000,3,,0,0.000000,0
2014-09-19,sh.600258,15.2400,15.2400,15.2400,15.2400,15.2400,0,0.0000,3,,0,0.000000,0
2014-09-22,sh.600258,15.2400,15.2400,15.2400,15.2400,15.2400,0,0.0000,3,,0,0.000000,0
2014-09-23,sh.600258,15.2400,15.2400,15.2400,15.2400,15.2400,0,0.0000,3,,0,0.000000,0
2014-09-24,sh.600258,15.2400,15.2400,15.2400,15.2400,15.2400,0,0.0000,3,,0,0.000000,0
2014-09-25,sh.600258,15.2400,15.2400,15.2400,15.2400,15.2400,0,0.0000,3,,0,0.000000,0
2014-09-26,sh.600258,15.2400,15.2400,15.2400,15.2400,15.2400,0,0.0000,3,,0,0.000000,0
2014-09-29,sh.600258,15.2400,15.2400,15.2400,15.2400,15.2400,0,0.0000,3,,0,0.000000,0
2014-09-30,sh.600258,15.2400,15.2400,15.2400,15.2400,15.2400,0,0.0000,3,,0,0.000000,0
2014-10-08,sh.600258,15.2400,15.2400,15.2400,15.2400,15.2400,0,0.0000,3,,0,0.000000,0
2014-10-09,sh.600258,15.2400,15.2400,15.2400,15.2400,15.2400,0,0.0000,3,,0,0.000000,0
2014-10-10,sh.600258,15.2400,15.2400,15.2400,15.2400,15.2400,0,0.0000,3,,0,0.000000,0
2014-10-13,sh.600258,15.2400,15.2400,15.2400,15.2400,15.2400,0,0.0000,3,,0,0.000000,0
2014-10-14,sh.600258,15.2400,15.2400,15.2400,15.2400,15.2400,0,0.0000,3,,0,0.000000,0
2014-10-15,sh.600258,15.2400,15.2400,15.2400,15.2400,15.2400,0,0.0000,3,,0,0.000000,0
2014-10-16,sh.600258,15.2400,15.2400,15.2400,15.2400,15.2400,0,0.0000,3,,0,0.000000,0
2014-10-17,sh.600258,15.2400,15.2400,15.2400,15.2400,15.2400,0,0.0000,3,,0,0.000000,0
2014-10-20,sh.600258,15.2400,15.2400,15.2400,15.2400,15.2400,0,0.0000,3,,0,0.000000,0
2014-10-21,sh.600258,15.2400,15.2400,15.2400,15.2400,15.2400,0,0.0000,3,,0,0.000000,0
2014-10-22,sh.600258,15.2400,15.2400,15.2400,15.2400,15.2400,0,0.0000,3,,0,0.000000,0
2014-10-23,sh.600258,15.2400,15.2400,15.2400,15.2400,15.2400,0,0.0000,3,,0,0.000000,0
2014-10-24,sh.600258,15.2400,15.2400,15.2400,15.2400,15.2400,0,0.0000,3,,0,0.000000,0
2014-10-27,sh.600258,15.2400,15.2400,15.2400,15.2400,15.2400,0,0.0000,3,,0,0.000000,0
2014-10-28,sh.600258,15.2400,15.2400,15.2400,15.2400,15.2400,0,0.0000,3,,0,0.000000,0
2014-10-29,sh.600258,15.2400,15.2400,15.2400,15.2400,15.2400,0,0.0000,3,,0,0.000000,0
2014-10-30,sh.600258,15.2400,15.2400,15.2400,15.2400,15.2400,0,0.0000,3,,0,0.000000,0
2014-10-31,sh.600258,15.2400,15.2400,15.2400,15.2400,15.2400,0,0.0000,3,,0,0.000000,0
2014-11-03,sh.600258,15.2400,15.2400,15.2400,15.2400,15.2400,0,0.0000,3,,0,0.000000,0
2014-11-04,sh.600258,15.2400,15.2400,15.2400,15.2400,15.2400,0,0.0000,3,,0,0.000000,0
2014-11-05,sh.600258,15.2400,15.2400,15.2400,15.2400,15.2400,0,0.0000,3,,0,0.000000,0
2014-11-06,sh.600258,15.2400,15.2400,15.2400,15.2400,15.2400,0,0.0000,3,,0,0.000000,0
2014-11-07,sh.600258,15.2400,15.2400,15.2400,15.2400,15.2400,0,0.0000,3,,0,0.000000,0
2014-11-10,sh.600258,15.2400,15.2400,15.2400,15.2400,15.2400,0,0.0000,3,,0,0.000000,0
2014-11-11,sh.600258,15.2400,15.2400,15.2400,15.2400,15.2400,0,0.0000,3,,0,0.000000,0
2014-11-12,sh.600258,15.2400,15.2400,15.2400,15.2400,15.2400,0,0.0000,3,,0,0.000000,0
2014-11-13,sh.600258,15.2400,15.2400,15.2400,15.2400,15.2400,0,0.0000,3,,0,0.000000,0
2014-11-14,sh.600258,15.2400,15.2400,15.2400,15.2400,15.2400,0,0.0000,3,,0,0.000000,0
2014-11-17,sh.600258,15.2400,15.2400,15.2400,15.2400,15.2400,0,0.0000,3,,0,0.000000,0
2014-11-18,sh.600258,15.2400,15.2400,15.2400,15.2400,15.2400,0,0.0000,3,,0,0.000000,0
2014-11-19,sh.600258,15.2400,15.2400,15.2400,15.2400,15.2400,0,0.0000,3,,0,0.000000,0
2014-11-20,sh.600258,15.2400,15.2400,15.2400,15.2400,15.2400,0,0.0000,3,,0,0.000000,0
2014-11-21,sh.600258,15.2400,15.2400,15.2400,15.2400,15.2400,0,0.0000,3,,0,0.000000,0
2014-11-24,sh.600258,15.2400,15.2400,15.2400,15.2400,15.2400,0,0.0000,3,,0,0.000000,0
2014-11-25,sh.600258,15.2400,15.2400,15.2400,15.2400,15.2400,0,0.0000,3,,0,0.000000,0
2014-11-26,sh.600258,15.2400,15.2400,15.2400,15.2400,15.2400,0,0.0000,3,,0,0.000000,0
2014-11-27,sh.600258,15.2400,15.2400,15.2400,15.2400,15.2400,0,0.0000,3,,0,0.000000,0
2014-11-28,sh.600258,15.2400,15.2400,15.2400,15.2400,15.2400,0,0.0000,3,,0,0.000000,0
2014-12-01,sh.600258,15.2400,15.2400,15.2400,15.2400,15.2400,0,0.0000,3,,0,0.000000,0
2014-12-02,sh.600258,15.2400,15.2400,15.2400,15.2400,15.2400,0,0.0000,3,,0,0.000000,0
2014-12-03,sh.600258,15.2400,15.2400,15.2400,15.2400,15.2400,0,0.0000,3,,0,0.000000,0
2014-12-04,sh.600258,15.2400,15.2400,15.2400,15.2400,15.2400,0,0.0000,3,,0,0.000000,0
2014-12-05,sh.600258,15.2400,15.2400,15.2400,15.2400,15.2400,0,0.0000,3,,0,0.000000,0
2014-12-08,sh.600258,15.2400,15.2400,15.2400,15.2400,15.2400,0,0.0000,3,,0,0.000000,0
2014-12-09,sh.600258,15.2400,15.2400,15.2400,15.2400,15.2400,0,0.0000,3,,0,0.000000,0
2014-12-10,sh.600258,15.2400,15.2400,15.2400,15.2400,15.2400,0,0.0000,3,,0,0.000000,0
2014-12-11,sh.600258,15.2400,15.2400,15.2400,15.2400,15.2400,0,0.0000,3,,0,0.000000,0
2014-12-12,sh.600258,15.2400,15.2400,15.2400,15.2400,15.2400,0,0.0000,3,,0,0.000000,0
2014-12-15,sh.600258,15.2400,15.2400,15.2400,15.2400,15.2400,0,0.0000,3,,0,0.000000,0
2014-12-16,sh.600258,16.7600,16.7600,16.7600,16.7600,15.2400,115717,1939417.0000,3,0.050007,1,9.973800,0
2014-12-17,sh.600258,18.4400,18.4400,17.1000,17.1800,16.7600,13506227,237059023.0000,3,5.836745,1,2.506000,0
2014-12-18,sh.600258,17.2400,17.2700,16.3900,16.5500,17.1800,7345446,122790379.0000,3,3.174350,1,-3.667100,0
2014-12-19,sh.600258,16.4900,16.4900,15.8000,15.9100,16.5500,6354134,102287752.0000,3,2.745952,1,-3.867100,0
2014-12-22,sh.600258,15.8700,16.2200,15.5100,15.7400,15.9100,6020904,95193464.0000,3,2.601946,1,-1.068500,0
2014-12-23,sh.600258,15.8500,16.2000,15.5300,16.1000,15.7400,4417307,70614134.0000,3,1.908949,1,2.287200,0
2014-12-24,sh.600258,16.2000,16.4800,15.9700,16.2100,16.1000,4503885,72965058.0000,3,1.946363,1,0.683200,0
2014-12-25,sh.600258,16.3700,16.6600,16.2300,16.4900,16.2100,4188768,68836112.0000,3,1.810185,1,1.727300,0
2014-12-26,sh.600258,16.3800,16.7700,16.2200,16.6700,16.4900,4938223,81819216.0000,3,2.134064,1,1.091600,0
2014-12-29,sh.600258,16.7900,16.9900,16.2400,16.9700,16.6700,7141625,118140158.0000,3,3.086268,1,1.799600,0
2014-12-30,sh.600258,17.3500,17.5300,16.6400,16.7100,16.9700,7109832,121945002.0000,3,3.072529,1,-1.532100,0
2014-12-31,sh.600258,16.4500,16.5500,16.0900,16.4500,16.7100,3719143,60711019.0000,3,1.607236,1,-1.555900,0
2015-01-05,sh.600258,16.5000,16.9400,16.1000,16.9200,16.4500,5378371,88817283.0000,3,2.324274,1,2.857100,0
2015-01-06,sh.600258,16.7600,17.1000,16.5100,16.9800,16.9200,3842714,64753887.0000,3,1.660637,1,0.354600,0
2015-01-07,sh.600258,16.9800,17.1100,16.5700,16.8500,16.9800,2784013,46843438.0000,3,1.203117,1,-0.765600,0
2015-01-08,sh.600258,16.7500,16.8700,16.4000,16.4500,16.8500,2738054,45216868.0000,3,1.183256,1,-2.373900,0
2015-01-09,sh.600258,16.4300,16.6900,16.2900,16.4600,16.4500,1783216,29495878.0000,3,0.770621,1,0.060800,0
2015-01-12,sh.600258,16.4800,16.9000,16.3900,16.7800,16.4600,4195786,70095380.0000,3,1.813218,1,1.944100,0
2015-01-13,sh.600258,16.8000,16.9900,16.6100,16.8200,16.7800,3744464,62995538.0000,3,1.618178,1,0.238400,0
2015-01-14,sh.600258,16.8500,17.1000,16.6700,16.8900,16.8200,3263856,55206415.0000,3,1.410482,1,0.416200,0
2015-01-15,sh.600258,16.9900,16.9900,16.7500,16.9100,16.8900,2498465,42099695.0000,3,1.079717,1,0.118400,0
2015-01-16,sh.600258,16.9500,17.0700,16.7900,16.9300,16.9100,2695129,45532767.0000,3,1.164706,1,0.118300,0
2015-01-19,sh.600258,16.5700,16.8300,15.5700,15.8500,16.9300,4456970,72425139.0000,3,1.926089,1,-6.379200,0
2015-01-20,sh.600258,15.8500,16.2500,15.8500,16.1100,15.8500,3390589,54421863.0000,3,1.465250,1,1.640400,0
2015-01-21,sh.600258,16.1300,16.5200,16.0800,16.4800,16.1100,2826676,46126965.0000,3,1.221554,1,2.296700,0
2015-01-22,sh.600258,16.4200,16.5500,16.3600,16.5200,16.4800,2259454,37225512.0000,3,0.976428,1,0.242700,0
2015-01-23,sh.600258,16.5900,17.0600,16.4700,16.9000,16.5200,5909950,99477223.0000,3,2.553997,1,2.300200,0
2015-01-26,sh.600258,16.9500,17.8000,16.9500,17.7100,16.9000,10971485,191895212.0000,3,4.741350,1,4.792900,0
2015-01-27,sh.600258,17.5900,18.0000,17.2000,17.9900,17.7100,6556957,116132885.0000,3,2.833603,1,1.581000,0
2015-01-28,sh.600258,17.8500,18.0000,17.5500,17.6900,17.9900,3440913,61172880.0000,3,1.486998,1,-1.667600,0
2015-01-29,sh.600258,17.5000,17.6000,17.2000,17.3700,17.6900,2124322,36935880.0000,3,0.918030,1,-1.808900,0
2015-01-30,sh.600258,17.5800,18.0800,17.3100,17.4600,17.3700,4135939,72908778.0000,3,1.787355,1,0.518100,0
2015-02-02,sh.600258,17.1200,17.4300,16.6600,16.8100,17.4600,4094191,69733223.0000,3,1.769313,1,-3.722800,0
2015-02-03,sh.600258,16.8000,17.0900,16.8000,16.8800,16.8100,2876791,48686254.0000,3,1.243211,1,0.416400,0
2015-02-04,sh.600258,16.9200,16.9800,16.3600,16.5800,16.8800,3967742,66263619.0000,3,1.714668,1,-1.777200,0
2015-02-05,sh.600258,16.7300,16.7500,16.2000,16.3300,16.5800,3790290,62412230.0000,3,1.637982,1,-1.507800,0
2015-02-06,sh.600258,16.2600,16.4300,15.9600,16.1300,16.3300,3081332,49912183.0000,3,1.331604,1,-1.224700,0
2015-02-09,sh.600258,16.0500,16.4900,16.0500,16.3400,16.1300,1917382,31315755.0000,3,0.828601,1,1.301900,0
2015-02-10,sh.600258,16.3900,16.3900,16.2000,16.3700,16.3400,1158408,18895733.0000,3,0.500608,1,0.183600,0
2015-02-11,sh.600258,16.4400,16.5000,16.3200,16.4000,16.3700,1531439,25128170.0000,3,0.661815,1,0.183300,0
2015-02-12,sh.600258,16.3700,16.6900,16.3500,16.6700,16.4000,2265753,37465882.0000,3,0.979150,1,1.646300,0
2015-02-13,sh.600258,16.7000,16.8800,16.6000,16.8500,16.6700,2621542,44032631.0000,3,1.132905,1,1.079800,0
2015-02-16,sh.600258,16.9000,16.9600,16.7800,16.9300,16.8500,2299052,38758768.0000,3,0.993540,1,0.474800,0
2015-02-17,sh.600258,16.9300,17.0000,16.8800,16.9200,16.9300,2284928,38701687.0000,3,0.987436,1,-0.059100,0
2015-02-25,sh.600258,16.9700,16.9900,16.6000,16.6200,16.9200,2187100,36639104.0000,3,0.945160,1,-1.773000,0
2015-02-26,sh.600258,16.6900,16.9200,16.5900,16.8900,16.6200,2379518,39962363.0000,3,1.028314,1,1.624500,0
2015-02-27,sh.600258,16.8500,17.1400,16.8200,17.0900,16.8900,2759095,46917460.0000,3,1.192349,1,1.184100,0
2015-03-02,sh.600258,17.1100,17.3000,17.0400,17.1400,17.0900,3258457,55825491.0000,3,1.408149,1,0.292600,0
2015-03-03,sh.600258,17.0900,17.2700,16.8800,17.0400,17.1400,3572992,60925052.0000,3,1.544076,1,-0.583400,0
2015-03-04,sh.600258,16.9700,17.4600,16.8200,17.4100,17.0400,3944789,67824315.0000,3,1.704749,1,2.171400,0
2015-03-05,sh.600258,17.5100,17.6900,17.3300,17.5700,17.4100,4446221,77853448.0000,3,1.921444,1,0.919000,0
2015-03-06,sh.600258,17.5000,17.6100,17.1600,17.2500,17.5700,2624619,45548026.0000,3,1.134235,1,-1.821300,0
2015-03-09,sh.600258,17.2000,18.0700,17.1300,17.9100,17.2500,4628168,81676856.0000,3,2.000073,1,3.826100,0
2015-03-10,sh.600258,17.9800,18.0100,17.7200,17.8900,17.9100,2593513,46251762.0000,3,1.120792,1,-0.111700,0
2015-03-11,sh.600258,17.8000,17.9300,17.5400,17.6000,17.8900,2587965,45764638.0000,3,1.118395,1,-1.621000,0
2015-03-12,sh.600258,18.3600,18.7700,17.8800,17.9600,17.6000,5966783,108544700.0000,3,2.578558,1,2.045400,0
2015-03-13,sh.600258,18.0400,18.3000,17.8100,18.1700,17.9600,3715330,67185011.0000,3,1.605588,1,1.169300,0
2015-03-16,sh.600258,18.2500,18.7200,18.2000,18.7000,18.1700,5795107,107488260.0000,3,2.504368,1,2.916900,0
2015-03-17,sh.600258,18.7000,18.7000,18.7000,18.7000,18.7000,0,0.0000,3,,0,0.000000,0
2015-03-18,sh.600258,18.7000,18.7000,18.7000,18.7000,18.7000,0,0.0000,3,,0,0.000000,0
2015-03-19,sh.600258,18.7000,18.7000,18.7000,18.7000,18.7000,0,0.0000,3,,0,0.000000,0
2015-03-20,sh.600258,18.7000,18.7000,18.7000,18.7000,18.7000,0,0.0000,3,,0,0.000000,0
2015-03-23,sh.600258,18.7000,18.7000,18.7000,18.7000,18.7000,0,0.0000,3,,0,0.000000,0
2015-03-24,sh.600258,18.7000,18.7000,18.7000,18.7000,18.7000,0,0.0000,3,,0,0.000000,0
2015-03-25,sh.600258,18.7000,18.7000,18.7000,18.7000,18.7000,0,0.0000,3,,0,0.000000,0
2015-03-26,sh.600258,18.7000,18.7000,18.7000,18.7000,18.7000,0,0.0000,3,,0,0.000000,0
2015-03-27,sh.600258,18.7000,18.7000,18.7000,18.7000,18.7000,0,0.0000,3,,0,0.000000,0
2015-03-30,sh.600258,18.7000,18.7000,18.7000,18.7000,18.7000,0,0.0000,3,,0,0.000000,0
2015-03-31,sh.600258,18.7000,18.7000,18.7000,18.7000,18.7000,0,0.0000,3,,0,0.000000,0
2015-04-01,sh.600258,18.7000,18.7000,18.7000,18.7000,18.7000,0,0.0000,3,,0,0.000000,0
2015-04-02,sh.600258,18.7000,18.7000,18.7000,18.7000,18.7000,0,0.0000,3,,0,0.000000,0
2015-04-03,sh.600258,18.7000,18.7000,18.7000,18.7000,18.7000,0,0.0000,3,,0,0.000000,0
2015-04-07,sh.600258,18.7000,18.7000,18.7000,18.7000,18.7000,0,0.0000,3,,0,0.000000,0
2015-04-08,sh.600258,18.7000,18.7000,18.7000,18.7000,18.7000,0,0.0000,3,,0,0.000000,0
2015-04-09,sh.600258,18.7000,18.7000,18.7000,18.7000,18.7000,0,0.0000,3,,0,0.000000,0
2015-04-10,sh.600258,18.7000,18.7000,18.7000,18.7000,18.7000,0,0.0000,3,,0,0.000000,0
2015-04-13,sh.600258,18.7000,18.7000,18.7000,18.7000,18.7000,0,0.0000,3,,0,0.000000,0
2015-04-14,sh.600258,18.7000,18.7000,18.7000,18.7000,18.7000,0,0.0000,3,,0,0.000000,0
2015-04-15,sh.600258,18.7000,18.7000,18.7000,18.7000,18.7000,0,0.0000,3,,0,0.000000,0
2015-04-16,sh.600258,18.7000,18.7000,18.7000,18.7000,18.7000,0,0.0000,3,,0,0.000000,0
2015-04-17,sh.600258,18.7000,18.7000,18.7000,18.7000,18.7000,0,0.0000,3,,0,0.000000,0
2015-04-20,sh.600258,18.7000,18.7000,18.7000,18.7000,18.7000,0,0.0000,3,,0,0.000000,0
2015-04-21,sh.600258,18.7000,18.7000,18.7000,18.7000,18.7000,0,0.0000,3,,0,0.000000,0
2015-04-22,sh.600258,18.7000,18.7000,18.7000,18.7000,18.7000,0,0.0000,3,,0,0.000000,0
2015-04-23,sh.600258,18.7000,18.7000,18.7000,18.7000,18.7000,0,0.0000,3,,0,0.000000,0
2015-04-24,sh.600258,18.7000,18.7000,18.7000,18.7000,18.7000,0,0.0000,3,,0,0.000000,0
2015-04-27,sh.600258,18.7000,18.7000,18.7000,18.7000,18.7000,0,0.0000,3,,0,0.000000,0
2015-04-28,sh.600258,18.7000,18.7000,18.7000,18.7000,18.7000,0,0.0000,3,,0,0.000000,0
2015-04-29,sh.600258,18.7000,18.7000,18.7000,18.7000,18.7000,0,0.0000,3,,0,0.000000,0
2015-04-30,sh.600258,18.7000,18.7000,18.7000,18.7000,18.7000,0,0.0000,3,,0,0.000000,0
2015-05-04,sh.600258,18.7000,18.7000,18.7000,18.7000,18.7000,0,0.0000,3,,0,0.000000,0
2015-05-05,sh.600258,18.7000,18.7000,18.7000,18.7000,18.7000,0,0.0000,3,,0,0.000000,0
2015-05-06,sh.600258,18.7000,18.7000,18.7000,18.7000,18.7000,0,0.0000,3,,0,0.000000,0
2015-05-07,sh.600258,18.7000,18.7000,18.7000,18.7000,18.7000,0,0.0000,3,,0,0.000000,0
2015-05-08,sh.600258,18.7000,18.7000,18.7000,18.7000,18.7000,0,0.0000,3,,0,0.000000,0
2015-05-11,sh.600258,18.7000,18.7000,18.7000,18.7000,18.7000,0,0.0000,3,,0,0.000000,0
2015-05-12,sh.600258,18.7000,18.7000,18.7000,18.7000,18.7000,0,0.0000,3,,0,0.000000,0
2015-05-13,sh.600258,18.7000,18.7000,18.7000,18.7000,18.7000,0,0.0000,3,,0,0.000000,0
2015-05-14,sh.600258,18.7000,18.7000,18.7000,18.7000,18.7000,0,0.0000,3,,0,0.000000,0
2015-05-15,sh.600258,18.7000,18.7000,18.7000,18.7000,18.7000,0,0.0000,3,,0,0.000000,0
2015-05-18,sh.600258,18.7000,18.7000,18.7000,18.7000,18.7000,0,0.0000,3,,0,0.000000,0
2015-05-19,sh.600258,18.7000,18.7000,18.7000,18.7000,18.7000,0,0.0000,3,,0,0.000000,0
2015-05-20,sh.600258,18.7000,18.7000,18.7000,18.7000,18.7000,0,0.0000,3,,0,0.000000,0
2015-05-21,sh.600258,18.7000,18.7000,18.7000,18.7000,18.7000,0,0.0000,3,,0,0.000000,0
2015-05-22,sh.600258,18.7000,18.7000,18.7000,18.7000,18.7000,0,0.0000,3,,0,0.000000,0
2015-05-25,sh.600258,18.7000,18.7000,18.7000,18.7000,18.7000,0,0.0000,3,,0,0.000000,0
2015-05-26,sh.600258,18.7000,18.7000,18.7000,18.7000,18.7000,0,0.0000,3,,0,0.000000,0
2015-05-27,sh.600258,18.7000,18.7000,18.7000,18.7000,18.7000,0,0.0000,3,,0,0.000000,0
2015-05-28,sh.600258,18.7000,18.7000,18.7000,18.7000,18.7000,0,0.0000,3,,0,0.000000,0
2015-05-29,sh.600258,18.7000,18.7000,18.7000,18.7000,18.7000,0,0.0000,3,,0,0.000000,0
2015-06-01,sh.600258,18.7000,18.7000,18.7000,18.7000,18.7000,0,0.0000,3,,0,0.000000,0
2015-06-02,sh.600258,18.7000,18.7000,18.7000,18.7000,18.7000,0,0.0000,3,,0,0.000000,0
2015-06-03,sh.600258,18.7000,18.7000,18.7000,18.7000,18.7000,0,0.0000,3,,0,0.000000,0
2015-06-04,sh.600258,18.7000,18.7000,18.7000,18.7000,18.7000,0,0.0000,3,,0,0.000000,0
2015-06-05,sh.600258,18.7000,18.7000,18.7000,18.7000,18.7000,0,0.0000,3,,0,0.000000,0
2015-06-08,sh.600258,18.7000,18.7000,18.7000,18.7000,18.7000,0,0.0000,3,,0,0.000000,0
2015-06-09,sh.600258,18.7000,18.7000,18.7000,18.7000,18.7000,0,0.0000,3,,0,0.000000,0
2015-06-10,sh.600258,18.7000,18.7000,18.7000,18.7000,18.7000,0,0.0000,3,,0,0.000000,0
2015-06-11,sh.600258,18.7000,18.7000,18.7000,18.7000,18.7000,0,0.0000,3,,0,0.000000,0
2015-06-12,sh.600258,18.7000,18.7000,18.7000,18.7000,18.7000,0,0.0000,3,,0,0.000000,0
2015-06-15,sh.600258,18.7000,18.7000,18.7000,18.7000,18.7000,0,0.0000,3,,0,0.000000,0
2015-06-16,sh.600258,18.7000,18.7000,18.7000,18.7000,18.7000,0,0.0000,3,,0,0.000000,0
2015-06-17,sh.600258,18.7000,18.7000,18.7000,18.7000,18.7000,0,0.0000,3,,0,0.000000,0
2015-06-18,sh.600258,18.7000,18.7000,18.7000,18.7000,18.7000,0,0.0000,3,,0,0.000000,0
2015-06-19,sh.600258,18.7000,18.7000,18.7000,18.7000,18.7000,0,0.0000,3,,0,0.000000,0
2015-06-23,sh.600258,18.7000,18.7000,18.7000,18.7000,18.7000,0,0.0000,3,,0,0.000000,0
2015-06-24,sh.600258,18.7000,18.7000,18.7000,18.7000,18.7000,0,0.0000,3,,0,0.000000,0
2015-06-25,sh.600258,18.7000,18.7000,18.7000,18.7000,18.7000,0,0.0000,3,,0,0.000000,0
2015-06-26,sh.600258,18.5500,18.5500,18.5500,18.5500,18.5500,0,0.0000,3,,0,0.000000,0
2015-06-29,sh.600258,18.5500,18.5500,18.5500,18.5500,18.5500,0,0.0000,3,,0,0.000000,0
2015-06-30,sh.600258,18.5500,18.5500,18.5500,18.5500,18.5500,0,0.0000,3,,0,0.000000,0
2015-07-01,sh.600258,18.5500,18.5500,18.5500,18.5500,18.5500,0,0.0000,3,,0,0.000000,0
2015-07-02,sh.600258,18.5500,18.5500,18.5500,18.5500,18.5500,0,0.0000,3,,0,0.000000,0
2015-07-03,sh.600258,18.5500,18.5500,18.5500,18.5500,18.5500,0,0.0000,3,,0,0.000000,0
2015-07-06,sh.600258,18.5500,18.5500,18.5500,18.5500,18.5500,0,0.0000,3,,0,0.000000,0
2015-07-07,sh.600258,18.5500,18.5500,18.5500,18.5500,18.5500,0,0.0000,3,,0,0.000000,0
2015-07-08,sh.600258,18.5500,18.5500,18.5500,18.5500,18.5500,0,0.0000,3,,0,0.000000,0
2015-07-09,sh.600258,18.5500,18.5500,18.5500,18.5500,18.5500,0,0.0000,3,,0,0.000000,0
2015-07-10,sh.600258,18.5500,18.5500,18.5500,18.5500,18.5500,0,0.0000,3,,0,0.000000,0
2015-07-13,sh.600258,18.5500,18.5500,18.5500,18.5500,18.5500,0,0.0000,3,,0,0.000000,0
2015-07-14,sh.600258,18.5500,18.5500,18.5500,18.5500,18.5500,0,0.0000,3,,0,0.000000,0
2015-07-15,sh.600258,18.5500,18.5500,18.5500,18.5500,18.5500,0,0.0000,3,,0,0.000000,0
2015-07-16,sh.600258,18.5500,18.5500,18.5500,18.5500,18.5500,0,0.0000,3,,0,0.000000,0
2015-07-17,sh.600258,18.5500,18.5500,18.5500,18.5500,18.5500,0,0.0000,3,,0,0.000000,0
2015-07-20,sh.600258,18.5500,18.5500,18.5500,18.5500,18.5500,0,0.0000,3,,0,0.000000,0
2015-07-21,sh.600258,18.5500,18.5500,18.5500,18.5500,18.5500,0,0.0000,3,,0,0.000000,0
2015-07-22,sh.600258,18.5500,18.5500,18.5500,18.5500,18.5500,0,0.0000,3,,0,0.000000,0
2015-07-23,sh.600258,18.5500,18.5500,18.5500,18.5500,18.5500,0,0.0000,3,,0,0.000000,0
2015-07-24,sh.600258,18.5500,18.5500,18.5500,18.5500,18.5500,0,0.0000,3,,0,0.000000,0
2015-07-27,sh.600258,18.5500,18.5500,18.5500,18.5500,18.5500,0,0.0000,3,,0,0.000000,0
2015-07-28,sh.600258,18.5500,18.5500,18.5500,18.5500,18.5500,0,0.0000,3,,0,0.000000,0
2015-07-29,sh.600258,18.5500,18.5500,18.5500,18.5500,18.5500,0,0.0000,3,,0,0.000000,0
2015-07-30,sh.600258,18.5500,18.5500,18.5500,18.5500,18.5500,0,0.0000,3,,0,0.000000,0
2015-07-31,sh.600258,18.5500,18.5500,18.5500,18.5500,18.5500,0,0.0000,3,,0,0.000000,0
2015-08-03,sh.600258,18.5500,18.5500,18.5500,18.5500,18.5500,0,0.0000,3,,0,0.000000,0
2015-08-04,sh.600258,18.5500,18.5500,18.5500,18.5500,18.5500,0,0.0000,3,,0,0.000000,0
2015-08-05,sh.600258,18.5500,18.5500,18.5500,18.5500,18.5500,0,0.0000,3,,0,0.000000,0
2015-08-06,sh.600258,18.5500,18.5500,18.5500,18.5500,18.5500,0,0.0000,3,,0,0.000000,0
2015-08-07,sh.600258,18.5500,18.5500,18.5500,18.5500,18.5500,0,0.0000,3,,0,0.000000,0
2015-08-10,sh.600258,18.5500,18.5500,18.5500,18.5500,18.5500,0,0.0000,3,,0,0.000000,0
2015-08-11,sh.600258,18.5500,18.5500,18.5500,18.5500,18.5500,0,0.0000,3,,0,0.000000,0
2015-08-12,sh.600258,18.5500,18.5500,18.5500,18.5500,18.5500,0,0.0000,3,,0,0.000000,0
2015-08-13,sh.600258,18.5500,18.5500,18.5500,18.5500,18.5500,0,0.0000,3,,0,0.000000,0
2015-08-14,sh.600258,18.5500,18.5500,18.5500,18.5500,18.5500,0,0.0000,3,,0,0.000000,0
2015-08-17,sh.600258,18.5500,18.5500,18.5500,18.5500,18.5500,0,0.0000,3,,0,0.000000,0
2015-08-18,sh.600258,18.5500,18.5500,18.5500,18.5500,18.5500,0,0.0000,3,,0,0.000000,0
2015-08-19,sh.600258,18.5500,18.5500,18.5500,18.5500,18.5500,0,0.0000,3,,0,0.000000,0
2015-08-20,sh.600258,18.5500,18.5500,18.5500,18.5500,18.5500,0,0.0000,3,,0,0.000000,0
2015-08-21,sh.600258,18.5500,18.5500,18.5500,18.5500,18.5500,0,0.0000,3,,0,0.000000,0
2015-08-24,sh.600258,18.5500,18.5500,18.5500,18.5500,18.5500,0,0.0000,3,,0,0.000000,0
2015-08-25,sh.600258,18.5500,18.5500,18.5500,18.5500,18.5500,0,0.0000,3,,0,0.000000,0
2015-08-26,sh.600258,18.5500,18.5500,18.5500,18.5500,18.5500,0,0.0000,3,,0,0.000000,0
2015-08-27,sh.600258,18.5500,18.5500,18.5500,18.5500,18.5500,0,0.0000,3,,0,0.000000,0
2015-08-28,sh.600258,18.5500,18.5500,18.5500,18.5500,18.5500,0,0.0000,3,,0,0.000000,0
2015-08-31,sh.600258,18.5500,18.5500,18.5500,18.5500,18.5500,0,0.0000,3,,0,0.000000,0
2015-09-01,sh.600258,18.5500,18.5500,18.5500,18.5500,18.5500,0,0.0000,3,,0,0.000000,0
2015-09-02,sh.600258,18.5500,18.5500,18.5500,18.5500,18.5500,0,0.0000,3,,0,0.000000,0
2015-09-07,sh.600258,18.5500,18.5500,18.5500,18.5500,18.5500,0,0.0000,3,,0,0.000000,0
2015-09-08,sh.600258,18.5500,18.5500,18.5500,18.5500,18.5500,0,0.0000,3,,0,0.000000,0
2015-09-09,sh.600258,18.5500,18.5500,18.5500,18.5500,18.5500,0,0.0000,3,,0,0.000000,0
2015-09-10,sh.600258,18.5500,18.5500,18.5500,18.5500,18.5500,0,0.0000,3,,0,0.000000,0
2015-09-11,sh.600258,18.5500,18.5500,18.5500,18.5500,18.5500,0,0.0000,3,,0,0.000000,0
2015-09-14,sh.600258,18.5500,18.5500,18.5500,18.5500,18.5500,0,0.0000,3,,0,0.000000,0
2015-09-15,sh.600258,18.5500,18.5500,18.5500,18.5500,18.5500,0,0.0000,3,,0,0.000000,0
2015-09-16,sh.600258,18.5500,18.5500,18.5500,18.5500,18.5500,0,0.0000,3,,0,0.000000,0
2015-09-17,sh.600258,18.5500,18.5500,18.5500,18.5500,18.5500,0,0.0000,3,,0,0.000000,0
2015-09-18,sh.600258,18.5500,18.5500,18.5500,18.5500,18.5500,0,0.0000,3,,0,0.000000,0
2015-09-21,sh.600258,18.5500,18.5500,18.5500,18.5500,18.5500,0,0.0000,3,,0,0.000000,0
2015-09-22,sh.600258,18.5500,18.5500,18.5500,18.5500,18.5500,0,0.0000,3,,0,0.000000,0
2015-09-23,sh.600258,18.5500,18.5500,18.5500,18.5500,18.5500,0,0.0000,3,,0,0.000000,0
2015-09-24,sh.600258,18.5500,18.5500,18.5500,18.5500,18.5500,0,0.0000,3,,0,0.000000,0
2015-09-25,sh.600258,18.5500,18.5500,18.5500,18.5500,18.5500,0,0.0000,3,,0,0.000000,0
2015-09-28,sh.600258,18.5500,18.5500,18.5500,18.5500,18.5500,0,0.0000,3,,0,0.000000,0
2015-09-29,sh.600258,18.5500,18.5500,18.5500,18.5500,18.5500,0,0.0000,3,,0,0.000000,0
2015-09-30,sh.600258,18.5500,18.5500,18.5500,18.5500,18.5500,0,0.0000,3,,0,0.000000,0
2015-10-08,sh.600258,18.5500,18.5500,18.5500,18.5500,18.5500,0,0.0000,3,,0,0.000000,0
2015-10-09,sh.600258,18.5500,18.5500,18.5500,18.5500,18.5500,0,0.0000,3,,0,0.000000,0
2015-10-12,sh.600258,18.5500,18.5500,18.5500,18.5500,18.5500,0,0.0000,3,,0,0.000000,0
2015-10-13,sh.600258,18.5500,18.5500,18.5500,18.5500,18.5500,0,0.0000,3,,0,0.000000,0
2015-10-14,sh.600258,18.5500,18.5500,18.5500,18.5500,18.5500,0,0.0000,3,,0,0.000000,0
2015-10-15,sh.600258,18.5500,18.5500,18.5500,18.5500,18.5500,0,0.0000,3,,0,0.000000,0
2015-10-16,sh.600258,18.5500,18.5500,18.5500,18.5500,18.5500,0,0.0000,3,,0,0.000000,0
2015-10-19,sh.600258,18.5500,18.5500,18.5500,18.5500,18.5500,0,0.0000,3,,0,0.000000,0
2015-10-20,sh.600258,18.5500,18.5500,18.5500,18.5500,18.5500,0,0.0000,3,,0,0.000000,0
2015-10-21,sh.600258,18.5500,18.5500,18.5500,18.5500,18.5500,0,0.0000,3,,0,0.000000,0
2015-10-22,sh.600258,18.5500,18.5500,18.5500,18.5500,18.5500,0,0.0000,3,,0,0.000000,0
2015-10-23,sh.600258,18.5500,18.5500,18.5500,18.5500,18.5500,0,0.0000,3,,0,0.000000,0
2015-10-26,sh.600258,18.5500,18.5500,18.5500,18.5500,18.5500,0,0.0000,3,,0,0.000000,0
2015-10-27,sh.600258,18.5500,18.5500,18.5500,18.5500,18.5500,0,0.0000,3,,0,0.000000,0
2015-10-28,sh.600258,18.5500,18.5500,18.5500,18.5500,18.5500,0,0.0000,3,,0,0.000000,0
2015-10-29,sh.600258,18.5500,18.5500,18.5500,18.5500,18.5500,0,0.0000,3,,0,0.000000,0
2015-10-30,sh.600258,18.5500,18.5500,18.5500,18.5500,18.5500,0,0.0000,3,,0,0.000000,0
2015-11-02,sh.600258,18.5500,18.5500,18.5500,18.5500,18.5500,0,0.0000,3,,0,0.000000,0
2015-11-03,sh.600258,18.5500,18.5500,18.5500,18.5500,18.5500,0,0.0000,3,,0,0.000000,0
2015-11-04,sh.600258,18.5500,18.5500,18.5500,18.5500,18.5500,0,0.0000,3,,0,0.000000,0
2015-11-05,sh.600258,18.5500,18.5500,18.5500,18.5500,18.5500,0,0.0000,3,,0,0.000000,0
2015-11-06,sh.600258,18.5500,18.5500,18.5500,18.5500,18.5500,0,0.0000,3,,0,0.000000,0
2015-11-09,sh.600258,18.5500,18.5500,18.5500,18.5500,18.5500,0,0.0000,3,,0,0.000000,0
2015-11-10,sh.600258,18.5500,18.5500,18.5500,18.5500,18.5500,0,0.0000,3,,0,0.000000,0
2015-11-11,sh.600258,18.5500,18.5500,18.5500,18.5500,18.5500,0,0.0000,3,,0,0.000000,0
2015-11-12,sh.600258,18.5500,18.5500,18.5500,18.5500,18.5500,0,0.0000,3,,0,0.000000,0
2015-11-13,sh.600258,18.5500,18.5500,18.5500,18.5500,18.5500,0,0.0000,3,,0,0.000000,0
2015-11-16,sh.600258,18.5500,18.5500,18.5500,18.5500,18.5500,0,0.0000,3,,0,0.000000,0
2015-11-17,sh.600258,18.5500,18.5500,18.5500,18.5500,18.5500,0,0.0000,3,,0,0.000000,0
2015-11-18,sh.600258,18.5500,18.5500,18.5500,18.5500,18.5500,0,0.0000,3,,0,0.000000,0
2015-11-19,sh.600258,18.5500,18.5500,18.5500,18.5500,18.5500,0,0.0000,3,,0,0.000000,0
2015-11-20,sh.600258,18.5500,18.5500,18.5500,18.5500,18.5500,0,0.0000,3,,0,0.000000,0
2015-11-23,sh.600258,18.5500,18.5500,18.5500,18.5500,18.5500,0,0.0000,3,,0,0.000000,0
2015-11-24,sh.600258,18.5500,18.5500,18.5500,18.5500,18.5500,0,0.0000,3,,0,0.000000,0
2015-11-25,sh.600258,18.5500,18.5500,18.5500,18.5500,18.5500,0,0.0000,3,,0,0.000000,0
2015-11-26,sh.600258,18.5500,18.5500,18.5500,18.5500,18.5500,0,0.0000,3,,0,0.000000,0
2015-11-27,sh.600258,18.5500,18.5500,18.5500,18.5500,18.5500,0,0.0000,3,,0,0.000000,0
2015-11-30,sh.600258,18.5500,18.5500,18.5500,18.5500,18.5500,0,0.0000,3,,0,0.000000,0
2015-12-01,sh.600258,18.5500,18.5500,18.5500,18.5500,18.5500,0,0.0000,3,,0,0.000000,0
2015-12-02,sh.600258,18.5500,18.5500,18.5500,18.5500,18.5500,0,0.0000,3,,0,0.000000,0
2015-12-03,sh.600258,18.5500,18.5500,18.5500,18.5500,18.5500,0,0.0000,3,,0,0.000000,0
2015-12-04,sh.600258,18.5500,18.5500,18.5500,18.5500,18.5500,0,0.0000,3,,0,0.000000,0
2015-12-07,sh.600258,18.5500,18.5500,18.5500,18.5500,18.5500,0,0.0000,3,,0,0.000000,0
2015-12-08,sh.600258,18.5500,18.5500,18.5500,18.5500,18.5500,0,0.0000,3,,0,0.000000,0
2015-12-09,sh.600258,18.5500,18.5500,18.5500,18.5500,18.5500,0,0.0000,3,,0,0.000000,0
2015-12-10,sh.600258,18.5500,18.5500,18.5500,18.5500,18.5500,0,0.0000,3,,0,0.000000,0
2015-12-11,sh.600258,18.5500,18.5500,18.5500,18.5500,18.5500,0,0.0000,3,,0,0.000000,0
2015-12-14,sh.600258,18.5500,18.5500,18.5500,18.5500,18.5500,0,0.0000,3,,0,0.000000,0
2015-12-15,sh.600258,18.5500,18.5500,18.5500,18.5500,18.5500,0,0.0000,3,,0,0.000000,0
2015-12-16,sh.600258,18.5500,18.5500,18.5500,18.5500,18.5500,0,0.0000,3,,0,0.000000,0
2015-12-17,sh.600258,18.5500,18.5500,18.5500,18.5500,18.5500,0,0.0000,3,,0,0.000000,0
2015-12-18,sh.600258,18.5500,18.5500,18.5500,18.5500,18.5500,0,0.0000,3,,0,0.000000,0
2015-12-21,sh.600258,18.5500,18.5500,18.5500,18.5500,18.5500,0,0.0000,3,,0,0.000000,0
2015-12-22,sh.600258,18.5500,18.5500,18.5500,18.5500,18.5500,0,0.0000,3,,0,0.000000,0
2015-12-23,sh.600258,18.5500,18.5500,18.5500,18.5500,18.5500,0,0.0000,3,,0,0.000000,0
2015-12-24,sh.600258,18.5500,18.5500,18.5500,18.5500,18.5500,0,0.0000,3,,0,0.000000,0
2015-12-25,sh.600258,20.4100,20.4100,20.4100,20.4100,18.5500,262604,5359748.0000,3,0.113485,1,10.027000,0
2015-12-28,sh.600258,22.4500,22.4500,22.4500,22.4500,20.4100,122535,2750911.0000,3,0.052954,1,9.995100,0
2015-12-29,sh.600258,24.7000,24.7000,24.7000,24.7000,22.4500,1099066,27146930.0000,3,0.474964,1,10.022300,0
2015-12-30,sh.600258,27.1700,27.1700,27.1700,27.1700,24.7000,242762,6595844.0000,3,0.104910,1,10.000000,0
2015-12-31,sh.600258,29.8900,29.8900,29.8900,29.8900,27.1700,447641,13379989.0000,3,0.193449,1,10.011000,0
2016-01-04,sh.600258,32.8800,32.8800,32.8800,32.8800,29.8900,15694236,516026480.0000,3,6.782297,1,10.003400,0
2016-01-05,sh.600258,32.4000,33.1500,30.4000,31.8400,32.8800,31306542,992738624.0000,3,13.529188,1,-3.163000,0
2016-01-06,sh.600258,31.8500,32.4800,29.0000,30.7200,31.8400,28680540,876919248.0000,3,12.394356,1,-3.517600,0
2016-01-07,sh.600258,30.2000,30.2000,27.6500,27.6500,30.7200,4877008,140631004.0000,3,2.107609,1,-9.993500,0
2016-01-08,sh.600258,26.9900,27.9600,25.1000,25.7600,27.6500,20762002,544644256.0000,3,8.972343,1,-6.835400,0
2016-01-11,sh.600258,24.9500,26.8700,24.1000,24.8400,25.7600,15693988,398679696.0000,3,6.782190,1,-3.571400,0
2016-01-12,sh.600258,25.3000,26.6100,24.9500,25.1600,24.8400,14593274,378016640.0000,3,6.306514,1,1.288200,0
2016-01-13,sh.600258,25.8000,25.9700,23.8000,23.8900,25.1600,15167812,376939232.0000,3,6.554802,1,-5.047700,0
2016-01-14,sh.600258,22.0200,24.4000,22.0200,24.3600,23.8900,9574073,224766046.0000,3,4.137456,1,1.967400,0
2016-01-15,sh.600258,23.8800,25.5800,23.3800,24.9000,24.3600,11452553,277977568.0000,3,4.949245,1,2.216700,0
2016-01-18,sh.600258,24.0000,25.4500,23.8000,25.0600,24.9000,7788930,193010877.0000,3,3.366003,1,0.642600,0
2016-01-19,sh.600258,25.0400,25.4200,23.9900,25.2400,25.0600,9221412,228439411.0000,3,3.985053,1,0.718300,0
2016-01-20,sh.600258,24.8500,25.7400,24.3000,24.3400,25.2400,9742452,242951800.0000,3,4.210221,1,-3.565800,0
2016-01-21,sh.600258,23.4200,24.0000,21.9100,21.9100,24.3400,8799142,202703577.0000,3,3.802568,1,-9.983600,0
2016-01-22,sh.600258,22.0000,22.4100,21.0200,21.7800,21.9100,6811759,147707606.0000,3,2.943716,1,-0.593300,0
2016-01-25,sh.600258,22.0000,22.8500,21.8400,22.3600,21.7800,7402796,165518976.0000,3,3.199134,1,2.663000,0
2016-01-26,sh.600258,22.1200,24.6000,21.8800,23.0800,22.3600,17403882,409989344.0000,3,7.521124,1,3.220000,0
2016-01-27,sh.600258,23.3000,23.3000,20.8200,22.4800,23.0800,11171321,244459504.0000,3,4.827710,1,-2.599700,0
2016-01-28,sh.600258,21.9700,22.3000,21.0500,21.0800,22.4800,8477807,184079244.0000,3,3.663702,1,-6.227800,0
2016-01-29,sh.600258,21.1000,22.9400,20.8900,22.3200,21.0800,6652979,146181006.0000,3,2.875099,1,5.882400,0
2016-02-01,sh.600258,22.1000,22.3600,21.2000,21.6300,22.3200,4717043,102909482.0000,3,2.038480,1,-3.091400,0
2016-02-02,sh.600258,21.5800,23.7900,21.5800,23.7900,21.6300,5691236,131459037.0000,3,2.459480,1,9.986100,0
2016-02-03,sh.600258,23.7000,23.7700,22.8100,23.3900,23.7900,7039827,164675833.0000,3,3.042276,1,-1.681400,0
2016-02-04,sh.600258,23.4500,24.3800,23.3300,23.7300,23.3900,6215690,147439733.0000,3,2.686124,1,1.453600,0
2016-02-05,sh.600258,23.7500,24.2500,23.1500,23.1700,23.7300,4427032,104525545.0000,3,1.913151,1,-2.359900,0
2016-02-15,sh.600258,22.0700,22.6300,21.6800,22.4600,23.1700,4283997,95135722.0000,3,1.851338,1,-3.064300,0
2016-02-16,sh.600258,22.7000,24.0400,22.6500,23.5500,22.4600,7092573,166120919.0000,3,3.065070,1,4.853100,0
2016-02-17,sh.600258,23.2800,24.3500,23.2500,24.2400,23.5500,7199278,172481456.0000,3,3.111183,1,2.929900,0
2016-02-18,sh.600258,24.3600,24.4900,23.8000,24.0400,24.2400,4775580,114746170.0000,3,2.063777,1,-0.825100,0
2016-02-19,sh.600258,24.0000,24.0600,23.1800,23.6200,24.0400,4982958,117813983.0000,3,2.153396,1,-1.747100,0
2016-02-22,sh.600258,23.9700,24.0500,23.5200,23.7200,23.6200,5738974,136167550.0000,3,2.480110,1,0.423400,0
2016-02-23,sh.600258,23.8300,24.1200,22.3500,22.7200,23.7200,6562871,152272674.0000,3,2.836159,1,-4.215900,0
2016-02-24,sh.600258,22.6000,23.1500,21.8400,22.5400,22.7200,7852246,175288784.0000,3,3.393365,1,-0.792200,0
2016-02-25,sh.600258,22.4000,22.4000,20.2900,20.2900,22.5400,7907675,167230621.0000,3,3.417318,1,-9.982300,0
2016-02-26,sh.600258,20.1400,20.4900,19.0400,19.6000,20.2900,6107918,120456703.0000,3,2.639550,1,-3.400700,0
2016-02-29,sh.600258,19.5000,19.5500,18.0000,18.1900,19.6000,5977214,110665956.0000,3,2.583066,1,-7.193900,0
2016-03-01,sh.600258,18.2700,18.9900,18.0500,18.8100,18.1900,4859917,89732157.0000,3,2.100223,1,3.408500,0
2016-03-02,sh.600258,18.8000,20.0400,18.6700,19.9800,18.8100,7607933,146809676.0000,3,3.287784,1,6.220100,0
2016-03-03,sh.600258,19.7000,20.4900,19.6800,20.0300,19.9800,5896201,118478086.0000,3,2.548056,1,0.250300,0
2016-03-04,sh.600258,19.7900,19.9800,18.8800,18.9000,20.0300,4951289,95919589.0000,3,2.139710,1,-5.641500,0
2016-03-07,sh.600258,18.9800,19.5000,18.9800,19.3500,18.9000,3594788,69292826.0000,3,1.553495,1,2.381000,0
2016-03-08,sh.600258,19.3500,19.3700,18.1800,19.1900,19.3500,3621357,67937047.0000,3,1.564977,1,-0.826900,0
2016-03-09,sh.600258,18.6900,19.7900,18.5200,19.6000,19.1900,4379798,83824482.0000,3,1.892739,1,2.136500,0
2016-03-10,sh.600258,19.4000,19.6300,18.7100,18.8600,19.6000,3221884,61580810.0000,3,1.392344,1,-3.775500,0
2016-03-11,sh.600258,19.0000,19.8900,18.6800,19.2800,18.8600,3160872,60996324.0000,3,1.365978,1,2.226900,0
2016-03-14,sh.600258,19.5200,20.2800,19.2000,19.9000,19.2800,4731311,94446980.0000,3,2.044646,1,3.215800,0
2016-03-15,sh.600258,19.9000,20.7600,19.8000,19.9200,19.9000,4296952,86884007.0000,3,1.856937,1,0.100500,0
2016-03-16,sh.600258,20.2100,20.2700,19.0000,19.2100,19.9200,3827150,74614316.0000,3,1.653911,1,-3.564300,0
2016-03-17,sh.600258,19.1300,19.9900,19.1300,19.8700,19.2100,4198053,82370165.0000,3,1.814197,1,3.435700,0
2016-03-18,sh.600258,19.9000,21.0500,19.9000,20.8100,19.8700,8159919,166776373.0000,3,3.526326,1,4.730700,0
2016-03-21,sh.600258,21.0000,21.8200,20.9300,21.5300,20.8100,6078814,130052859.0000,3,2.626972,1,3.459900,0
2016-03-22,sh.600258,21.3000,21.7400,20.8100,21.2600,21.5300,5190807,110063370.0000,3,2.243218,1,-1.254100,0
2016-03-23,sh.600258,21.1600,21.3900,20.8000,21.1800,21.2600,3752304,78990832.0000,3,1.621566,1,-0.376300,0
2016-03-24,sh.600258,20.8300,21.5800,20.7100,21.0400,21.1800,3789583,79953935.0000,3,1.637676,1,-0.661000,0
2016-03-25,sh.600258,20.9700,21.9000,20.9300,21.8800,21.0400,4348251,93386605.0000,3,1.879106,1,3.992400,0
2016-03-28,sh.600258,22.6800,23.1200,21.5300,21.6200,21.8800,6109351,136048490.0000,3,2.640169,1,-1.188300,0
2016-03-29,sh.600258,21.4900,21.5800,20.5200,20.9800,21.6200,3907822,81750236.0000,3,1.688774,1,-2.960200,0
2016-03-30,sh.600258,20.9900,21.6300,20.9900,21.5900,20.9800,3142741,66948586.0000,3,1.358142,1,2.907500,0
2016-03-31,sh.600258,21.6300,22.6700,21.3000,22.0200,21.5900,5027199,110704170.0000,3,2.172515,1,1.991700,0
2016-04-01,sh.600258,22.0200,22.0200,22.0200,22.0200,22.0200,0,0.0000,3,,0,0.000000,0
2016-04-05,sh.600258,22.0200,22.0200,22.0200,22.0200,22.0200,0,0.0000,3,,0,0.000000,0
2016-04-06,sh.600258,22.0200,22.0200,22.0200,22.0200,22.0200,0,0.0000,3,,0,0.000000,0
2016-04-07,sh.600258,22.0200,22.0200,22.0200,22.0200,22.0200,0,0.0000,3,,0,0.000000,0
2016-04-08,sh.600258,22.0200,22.0200,22.0200,22.0200,22.0200,0,0.0000,3,,0,0.000000,0
2016-04-11,sh.600258,22.2000,24.1800,21.9300,22.1600,22.0200,13810331,314469472.0000,3,5.968164,1,0.635800,0
2016-04-12,sh.600258,21.8800,21.8800,20.6300,20.9100,22.1600,10460084,220798973.0000,3,4.520347,1,-5.640800,0
2016-04-13,sh.600258,20.9600,21.4200,20.7400,20.9700,20.9100,7753872,163809732.0000,3,3.350852,1,0.286900,0
2016-04-14,sh.600258,21.0300,21.5800,20.9300,21.3200,20.9700,7552304,160653411.0000,3,3.263744,1,1.669100,0
2016-04-15,sh.600258,21.3500,21.5000,20.9600,21.0700,21.3200,5638522,119152510.0000,3,2.436699,1,-1.172600,0
2016-04-18,sh.600258,20.8000,20.9000,20.3300,20.5700,21.0700,5126569,105355796.0000,3,2.215458,1,-2.373000,0
2016-04-19,sh.600258,20.7000,20.9000,20.4600,20.6300,20.5700,4245968,87607071.0000,3,1.834904,1,0.291700,0
2016-04-20,sh.600258,20.7200,20.7700,18.7700,19.2200,20.6300,7655238,150203831.0000,3,3.308227,1,-6.834700,0
2016-04-21,sh.600258,19.2000,19.3500,18.7900,18.8600,19.2200,4748265,90717975.0000,3,2.051973,1,-1.873000,0
2016-04-22,sh.600258,18.6000,19.0800,18.5100,19.0500,18.8600,3252915,61471336.0000,3,1.405754,1,1.007400,0
2016-04-25,sh.600258,19.0000,19.4900,18.6700,19.3500,19.0500,4019679,76855078.0000,3,1.737113,1,1.574800,0
2016-04-26,sh.600258,19.4800,19.6700,19.2300,19.4700,19.3500,3554957,69164417.0000,3,1.536282,1,0.620100,0
2016-04-27,sh.600258,19.5000,19.6800,19.3500,19.5400,19.4700,3387812,66142616.0000,3,1.464050,1,0.359500,0
2016-04-28,sh.600258,19.6200,19.6200,18.6000,19.3600,19.5400,3226712,62052002.0000,3,1.394430,1,-0.921200,0
2016-04-29,sh.600258,19.1900,19.4800,19.1200,19.3200,19.3600,1950675,37653993.0000,3,0.842988,1,-0.206600,0
2016-05-03,sh.600258,19.2100,20.1200,19.1100,20.0500,19.3200,3665888,72021051.0000,3,1.584221,1,3.778500,0
2016-05-04,sh.600258,19.9200,20.2800,19.8800,20.0200,20.0500,2853039,57314440.0000,3,1.232947,1,-0.149600,0
2016-05-05,sh.600258,19.9800,20.1400,19.8500,20.0600,20.0200,1994057,39908236.0000,3,0.861736,1,0.199800,0
2016-05-06,sh.600258,20.1200,20.1500,19.0200,19.0800,20.0600,4022919,78273668.0000,3,1.738513,1,-4.885300,0
2016-05-09,sh.600258,19.0600,19.4800,18.4500,19.1800,19.0800,3863837,73126378.0000,3,1.669765,1,0.524100,0
2016-05-10,sh.600258,18.9500,19.2800,18.8800,19.0500,19.1800,2437483,46468929.0000,3,1.053363,1,-0.677800,0
2016-05-11,sh.600258,19.1300,19.2800,18.9400,19.0600,19.0500,1994250,38167070.0000,3,0.861819,1,0.052500,0
2016-05-12,sh.600258,18.9500,19.2800,18.5000,19.0500,19.0600,3217757,60998731.0000,3,1.390561,1,-0.052500,0
2016-05-13,sh.600258,19.0600,19.7000,19.0500,19.5500,19.0500,3437065,66848731.0000,3,1.485335,1,2.624700,0
2016-05-16,sh.600258,19.6500,20.1500,19.5400,20.0900,19.5500,3915117,77932779.0000,3,1.691926,1,2.762200,0
2016-05-17,sh.600258,20.0000,20.1100,19.6200,19.8500,20.0900,2893182,57499702.0000,3,1.250295,1,-1.194600,0
2016-05-18,sh.600258,19.6100,19.8200,19.0300,19.1800,19.8500,3058287,59367776.0000,3,1.321645,1,-3.375300,0
2016-05-19,sh.600258,19.3000,20.1700,19.2000,19.9100,19.1800,4376519,86969733.0000,3,1.891322,1,3.806000,0
2016-05-20,sh.600258,19.9200,20.2800,19.6800,19.8300,19.9100,2708531,53918148.0000,3,1.170497,1,-0.401800,0
2016-05-23,sh.600258,19.8600,20.1500,19.7400,20.1100,19.8300,2843516,56718338.0000,3,1.228831,1,1.412000,0
2016-05-24,sh.600258,19.9400,20.0300,19.5800,19.6700,20.1100,2057604,40655186.0000,3,0.889198,1,-2.188000,0
2016-05-25,sh.600258,19.8500,19.9700,19.3300,19.4600,19.6700,1739333,34207545.0000,3,0.751656,1,-1.067600,0
2016-05-26,sh.600258,19.4100,19.6500,19.1000,19.4800,19.4600,1798915,34888356.0000,3,0.777405,1,0.102800,0
2016-05-27,sh.600258,19.7000,19.9300,19.5300,19.6300,19.4800,1958868,38669692.0000,3,0.846529,1,0.770000,0
2016-05-30,sh.600258,19.6100,19.6600,19.1200,19.3200,19.6300,1195096,23162792.0000,3,0.516463,1,-1.579200,0
2016-05-31,sh.600258,19.3500,20.0800,19.3500,20.0200,19.3200,2738405,54334107.0000,3,1.183408,1,3.623200,0
2016-06-01,sh.600258,20.0900,20.4200,19.8200,20.2500,20.0200,3134060,63248783.0000,3,1.354391,1,1.148800,0
2016-06-02,sh.600258,20.1700,20.2700,20.0000,20.2000,20.2500,2084318,42014256.0000,3,0.900742,1,-0.246900,0
2016-06-03,sh.600258,20.2500,20.6500,20.2000,20.3500,20.2000,3042957,62132333.0000,3,1.315020,1,0.742600,0
2016-06-06,sh.600258,20.3800,20.6800,20.1200,20.3400,20.3500,2358850,48149839.0000,3,1.019382,1,-0.049100,0
2016-06-07,sh.600258,20.3400,20.4700,20.0700,20.1600,20.3400,1681545,33930147.0000,3,0.726683,1,-0.885000,0
2016-06-08,sh.600258,20.1600,20.2600,19.8700,20.1900,20.1600,2062068,41383204.0000,3,0.891127,1,0.148800,0
2016-06-13,sh.600258,19.9100,19.9100,18.9300,18.9800,20.1900,2655083,51754009.0000,3,1.147400,1,-5.993100,0
2016-06-14,sh.600258,18.9000,19.1000,18.7600,18.9800,18.9800,1501719,28416483.0000,3,0.648971,1,0.000000,0
2016-06-15,sh.600258,18.6900,19.3800,18.6100,19.2300,18.9800,2163568,41452995.0000,3,0.934990,1,1.317200,0
2016-06-16,sh.600258,19.2300,19.3300,19.0200,19.1000,19.2300,1485699,28499650.0000,3,0.642048,1,-0.676000,0
2016-06-17,sh.600258,19.1100,19.5200,19.0300,19.1900,19.1000,1398464,26963489.0000,3,0.604349,1,0.471200,0
2016-06-20,sh.600258,19.1700,19.2000,18.8200,19.0600,19.1900,1235867,23447066.0000,3,0.534083,1,-0.677400,0
2016-06-21,sh.600258,19.1400,19.3200,18.9400,19.0000,19.0600,1305650,24982270.0000,3,0.564239,1,-0.314800,0
2016-06-22,sh.600258,19.0000,19.1800,18.8000,19.1800,19.0000,1297796,24670020.0000,3,0.560845,1,0.947400,0
2016-06-23,sh.600258,19.2200,19.2600,18.9500,19.0500,19.1800,1245839,23790962.0000,3,0.538392,1,-0.677800,0
2016-06-24,sh.600258,19.0400,19.2500,18.6000,19.1500,18.9000,2506668,47696277.0000,3,1.083262,1,1.322800,0
2016-06-27,sh.600258,19.0200,19.3500,18.9000,19.3200,19.1500,1958148,37571199.0000,3,0.846218,1,0.887700,0
2016-06-28,sh.600258,19.2000,19.6000,19.1400,19.6000,19.3200,2413874,46777826.0000,3,1.043161,1,1.449300,0
2016-06-29,sh.600258,19.6600,19.9800,19.5000,19.9600,19.6000,3304602,65290827.0000,3,1.428091,1,1.836700,0
2016-06-30,sh.600258,20.2400,20.2400,19.6500,19.7400,19.9600,2473087,49150992.0000,3,1.068750,1,-1.102200,0
2016-07-01,sh.600258,19.7400,19.8800,19.5500,19.5900,19.7400,1499224,29513079.0000,3,0.647893,1,-0.759900,0
2016-07-04,sh.600258,19.5500,19.8300,19.3100,19.7700,19.5900,2154131,42224023.0000,3,0.930912,1,0.918800,0
2016-07-05,sh.600258,19.7500,19.8600,19.6100,19.7800,19.7700,2103363,41559219.0000,3,0.908973,1,0.050600,0
2016-07-06,sh.600258,19.6200,20.1800,19.5800,20.1100,19.7800,2631503,52219353.0000,3,1.137210,1,1.668400,0
2016-07-07,sh.600258,20.0000,20.0800,19.7000,19.8200,20.1100,2365808,46980701.0000,3,1.022389,1,-1.442100,0
2016-07-08,sh.600258,19.8200,20.4800,19.7900,20.0900,19.8200,3367634,68040809.0000,3,1.455330,1,1.362300,0
2016-07-11,sh.600258,20.3000,20.5600,19.9800,20.1200,20.0900,3587682,72940674.0000,3,1.550424,1,0.149300,0
2016-07-12,sh.600258,20.0300,20.2600,19.9000,20.2300,20.1200,2931879,58848811.0000,3,1.267018,1,0.546700,0
2016-07-13,sh.600258,20.3200,20.5500,20.1500,20.5300,20.2300,2347416,47797777.0000,3,1.014441,1,1.483000,0
2016-07-14,sh.600258,20.4300,21.8000,20.3100,21.2700,20.5300,5700622,120618713.0000,3,2.463536,1,3.604500,0
2016-07-15,sh.600258,21.0500,21.1500,20.7200,20.7500,21.2700,2784552,58182191.0000,3,1.203350,1,-2.444800,0
2016-07-18,sh.600258,20.6900,21.0600,20.5900,20.7000,20.7500,1938460,40375513.0000,3,0.837710,1,-0.241000,0
2016-07-19,sh.600258,20.7000,20.9000,20.4800,20.7300,20.7000,1666521,34382059.0000,3,0.720191,1,0.144900,0
2016-07-20,sh.600258,20.5900,20.7800,20.5100,20.5300,20.7300,1344801,27745306.0000,3,0.581159,1,-0.964800,0
2016-07-21,sh.600258,20.6800,20.6900,20.2500,20.2600,20.5300,2247463,45976498.0000,3,0.971246,1,-1.315200,0
2016-07-22,sh.600258,20.2200,20.2600,19.8800,19.9100,20.2600,2694840,54081015.0000,3,1.164581,1,-1.727500,0
2016-07-25,sh.600258,19.9800,20.4300,19.9800,20.3300,19.9100,2181604,44259624.0000,3,0.942785,1,2.109500,0
2016-07-26,sh.600258,20.3500,20.5400,20.3000,20.4900,20.3300,1442368,29469945.0000,3,0.623322,1,0.787000,0
2016-07-27,sh.600258,20.5800,20.7500,19.3200,19.6200,20.4900,2977101,59974157.0000,3,1.286561,1,-4.246000,0
2016-07-28,sh.600258,19.5700,19.8400,19.4700,19.7800,19.6200,1744237,34336498.0000,3,0.753776,1,0.815500,0
2016-07-29,sh.600258,20.0000,21.3800,20.0000,20.6700,19.7800,5870008,122365363.0000,3,2.536736,1,4.499500,0
2016-08-01,sh.600258,20.3500,20.6500,18.8700,18.8800,20.6700,5902029,114116237.0000,3,2.550574,1,-8.659900,0
2016-08-02,sh.600258,18.6600,19.0500,18.6600,19.0100,18.8800,1826346,34465651.0000,3,0.789259,1,0.688600,0
2016-08-03,sh.600258,18.9700,19.3000,18.9100,18.9500,19.0100,1501494,28555957.0000,3,0.648874,1,-0.315600,0
2016-08-04,sh.600258,19.0000,19.1700,18.9400,19.1200,18.9500,1403922,26753279.0000,3,0.606708,1,0.897100,0
2016-08-05,sh.600258,19.1200,19.1900,18.9000,18.9200,19.1200,1612202,30717700.0000,3,0.696717,1,-1.046000,0
2016-08-08,sh.600258,18.8200,19.3800,18.7500,19.2300,18.9200,1732577,33237258.0000,3,0.748737,1,1.638500,0
2016-08-09,sh.600258,19.2300,19.4700,19.1600,19.3600,19.2300,1104164,21382588.0000,3,0.477167,1,0.676000,0
2016-08-10,sh.600258,19.3600,19.4600,19.1900,19.2600,19.3600,1235452,23830126.0000,3,0.533903,1,-0.516500,0
2016-08-11,sh.600258,19.2300,19.4900,19.2000,19.2900,19.2600,1308697,25307269.0000,3,0.565556,1,0.155800,0
2016-08-12,sh.600258,19.3600,19.5800,19.3000,19.5600,19.2900,1735025,33838380.0000,3,0.749795,1,1.399700,0
2016-08-15,sh.600258,19.5300,20.0100,19.4500,20.0000,19.5600,2727111,53872845.0000,3,1.178527,1,2.249500,0
2016-08-16,sh.600258,19.9800,20.0800,19.8200,19.9500,20.0000,1405177,28002572.0000,3,0.607250,1,-0.250000,0
2016-08-17,sh.600258,19.9500,20.0200,19.8200,19.9600,19.9500,1460768,29139498.0000,3,0.631274,1,0.050100,0
2016-08-18,sh.600258,19.9800,20.0600,19.8500,19.9100,19.9600,1677215,33442268.0000,3,0.724812,1,-0.250500,0
2016-08-19,sh.600258,19.9500,20.3200,19.8900,20.2200,19.9100,2680395,54055535.0000,3,1.158338,1,1.557000,0
2016-08-22,sh.600258,20.1800,20.2700,19.9000,20.0600,20.2200,2608790,52337050.0000,3,1.127394,1,-0.791300,0
2016-08-23,sh.600258,19.9000,20.0800,19.7000,19.8700,20.0600,1309234,26072695.0000,3,0.565788,1,-0.947200,0
2016-08-24,sh.600258,19.8900,20.0800,19.7100,19.9200,19.8700,1100053,21887854.0000,3,0.475390,1,0.251600,0
2016-08-25,sh.600258,19.9200,19.9200,19.3700,19.6100,19.9200,1428726,27991260.0000,3,0.617427,1,-1.556200,0
2016-08-26,sh.600258,19.7900,19.8500,19.4000,19.6600,19.6100,1205231,23791513.0000,3,0.520843,1,0.255000,0
2016-08-29,sh.600258,19.7100,20.0300,19.6300,19.9400,19.6600,1302242,25876385.0000,3,0.562767,1,1.424200,0
2016-08-30,sh.600258,19.8900,20.1300,19.8100,19.8900,19.9400,1107439,22072766.0000,3,0.478582,1,-0.250800,0
2016-08-31,sh.600258,19.9700,20.1500,19.7700,20.1200,19.8900,2185098,43782996.0000,3,0.944295,1,1.156400,0
2016-09-01,sh.600258,20.1400,21.6000,20.1200,21.0800,20.1200,9208562,192765045.0000,3,3.979500,1,4.771400,0
2016-09-02,sh.600258,20.8000,21.3700,20.7800,21.0800,21.0800,5511673,116288639.0000,3,2.381881,1,0.000000,0
2016-09-05,sh.600258,20.8800,22.6900,20.8800,22.3600,21.0800,10356870,228054752.0000,3,4.475743,1,6.072110,0
2016-09-06,sh.600258,22.4000,24.0300,22.0100,22.9900,22.3600,8992960,208092442.0000,3,3.886327,1,2.817527,0
2016-09-07,sh.600258,23.1500,24.5700,22.4800,24.1500,22.9900,8483571,199674791.0000,3,3.666193,1,5.045671,0
2016-09-08,sh.600258,23.8000,23.9400,23.2000,23.5800,24.1500,5275060,124202361.0000,3,2.279628,1,-2.360247,0
2016-09-09,sh.600258,23.5800,23.6500,22.6100,22.6500,23.5800,5179851,119434526.0000,3,2.238484,1,-3.944022,0
2016-09-12,sh.600258,22.4500,23.5000,22.2200,22.7800,22.6500,5393352,123308777.0000,3,2.330748,1,0.573956,0
2016-09-13,sh.600258,22.7800,23.2900,22.5000,22.8500,22.7800,4871586,111798969.0000,3,2.105266,1,0.307286,0
2016-09-14,sh.600258,22.5200,22.7900,21.7100,21.9300,22.8500,3895183,86489010.0000,3,1.683312,1,-4.026258,0
2016-09-19,sh.600258,21.9500,24.0000,21.9500,23.9500,21.9300,5931491,136627167.0000,3,2.563306,1,9.211128,0
2016-09-20,sh.600258,24.0000,24.5800,23.4100,23.6400,23.9500,5230265,124813042.0000,3,2.260270,1,-1.294369,0
2016-09-21,sh.600258,23.6900,24.0700,23.2600,23.3100,23.6400,3146632,74107278.0000,3,1.359824,1,-1.395939,0
2016-09-22,sh.600258,23.5000,25.6400,23.3500,25.6400,23.3100,8683489,215467077.0000,3,3.752588,1,9.995710,0
2016-09-23,sh.600258,25.6300,26.6200,25.3900,25.8600,25.6400,6804297,176378157.0000,3,2.940491,1,0.858039,0
2016-09-26,sh.600258,25.8900,25.9200,23.9600,24.1500,25.8600,5999796,148705018.0000,3,2.592825,1,-6.612533,0
2016-09-27,sh.600258,24.1000,24.9500,23.7200,24.8700,24.1500,4002169,97338084.0000,3,1.729546,1,2.981372,0
2016-09-28,sh.600258,24.6500,24.8700,23.9600,24.0400,24.8700,3045749,74262181.0000,3,1.316227,1,-3.337354,0
2016-09-29,sh.600258,24.1000,24.3000,23.8000,24.0700,24.0400,2064253,49663113.0000,3,0.892071,1,0.124787,0
2016-09-30,sh.600258,24.2000,24.4500,23.7900,24.1000,24.0700,2422705,58319993.0000,3,1.046977,1,0.124639,0
2016-10-10,sh.600258,24.0500,24.0900,22.9900,23.9000,24.1000,4679978,110156441.0000,3,2.022462,1,-0.829879,0
2016-10-11,sh.600258,23.9800,24.3900,23.7000,24.2300,23.9000,3179579,76518664.0000,3,1.374062,1,1.380753,0
2016-10-12,sh.600258,24.1900,24.1900,23.4500,23.7800,24.2300,2402175,56916979.0000,3,1.038105,1,-1.857197,0
2016-10-13,sh.600258,23.7800,23.9800,23.3000,23.4400,23.7800,2085887,49229696.0000,3,0.901420,1,-1.429773,0
2016-10-14,sh.600258,23.4500,23.6100,23.0600,23.3000,23.4400,2053535,47721516.0000,3,0.887439,1,-0.597275,0
2016-10-17,sh.600258,23.8100,25.5800,23.8100,25.1100,23.3000,7588023,189652667.0000,3,3.279180,1,7.768247,0
2016-10-18,sh.600258,25.0000,25.5000,24.4000,25.1700,25.1100,4888835,122269788.0000,3,2.112720,1,0.238947,0
2016-10-19,sh.600258,25.1300,25.5800,24.8300,25.0900,25.1700,2843864,71652613.0000,3,1.228982,1,-0.317838,0
2016-10-20,sh.600258,24.9500,25.3600,24.7000,25.1900,25.0900,2663991,66700070.0000,3,1.151249,1,0.398567,0
2016-10-21,sh.600258,25.1000,25.6400,24.6500,24.8800,25.1900,3204984,80421853.0000,3,1.385041,1,-1.230653,0
2016-10-24,sh.600258,25.0000,25.9700,24.8500,25.8200,24.8800,3431489,87450009.0000,3,1.482925,1,3.778137,0
2016-10-25,sh.600258,25.6200,27.4300,25.5500,27.1400,25.8200,4928052,132438136.0000,3,2.129668,1,5.112315,0
2016-10-26,sh.600258,27.0300,27.0800,26.4200,26.6700,27.1400,3100628,82907572.0000,3,1.339943,1,-1.731759,0
2016-10-27,sh.600258,26.5000,26.8000,26.3000,26.7800,26.6700,1574232,41949261.0000,3,0.680308,1,0.412451,0
2016-10-28,sh.600258,26.9400,26.9900,25.5300,25.7200,26.7800,3984271,103392684.0000,3,1.721811,1,-3.958183,0
2016-10-31,sh.600258,25.5000,25.8500,25.0800,25.5700,25.7200,2066203,52929371.0000,3,0.892914,1,-0.583202,0
2016-11-01,sh.600258,25.6500,25.8100,25.1000,25.6400,25.5700,3202189,81555524.0000,3,1.383833,1,0.273757,0
2016-11-02,sh.600258,25.5800,25.9700,25.2000,25.7900,25.6400,2531512,64746423.0000,3,1.093998,1,0.585029,0
2016-11-03,sh.600258,25.5500,25.8800,25.2000,25.4300,25.7900,3061232,78103657.0000,3,1.322918,1,-1.395892,0
2016-11-04,sh.600258,25.4300,25.7300,25.3200,25.5000,25.4300,2166046,55258818.0000,3,0.936061,1,0.275264,0
2016-11-07,sh.600258,25.5000,26.5600,25.4000,25.8900,25.5000,2934852,76540118.0000,3,1.268303,1,1.529409,0
2016-11-08,sh.600258,25.9900,26.0800,25.4900,25.6300,25.8900,2931161,75125077.0000,3,1.266707,1,-1.004250,0
2016-11-09,sh.600258,25.7100,25.7100,24.5100,25.0400,25.6300,3377941,84907386.0000,3,1.459784,1,-2.301983,0
2016-11-10,sh.600258,25.1800,25.7000,25.1800,25.3500,25.0400,2071112,52782258.0000,3,0.895035,1,1.238017,0
2016-11-11,sh.600258,25.3600,26.0700,25.2200,25.6700,25.3500,2517266,64397467.0000,3,1.087842,1,1.262326,0
2016-11-14,sh.600258,25.5500,26.0800,25.1600,25.2200,25.6700,1810248,46205367.0000,3,0.782303,1,-1.753022,0
2016-11-15,sh.600258,25.2200,25.4900,24.8000,25.3500,25.2200,1715309,43095831.0000,3,0.741274,1,0.515468,0
2016-11-16,sh.600258,25.3700,25.4500,24.5500,24.8200,25.3500,2530616,63176286.0000,3,1.093611,1,-2.090732,0
2016-11-17,sh.600258,24.7600,24.8300,23.9400,24.2800,24.8200,3634532,88014816.0000,3,1.570671,1,-2.175661,0
2016-11-18,sh.600258,24.2800,24.8300,24.1300,24.5100,24.2800,2660728,65398398.0000,3,1.149839,1,0.947280,0
2016-11-21,sh.600258,24.5000,25.1300,24.2800,24.9700,24.5100,1976281,49096711.0000,3,0.854054,1,1.876781,0
2016-11-22,sh.600258,24.9100,25.3100,24.8000,24.9600,24.9700,1781747,44553453.0000,3,0.769986,1,-0.040049,0
2016-11-23,sh.600258,24.9500,25.1300,24.6800,24.7100,24.9600,1413664,35208521.0000,3,0.610918,1,-1.001603,0
2016-11-24,sh.600258,24.7100,25.0700,24.5600,24.8900,24.7100,1470583,36593931.0000,3,0.635516,1,0.728451,0
2016-11-25,sh.600258,25.0300,25.5500,24.6100,25.4400,24.8900,2792251,70517188.0000,3,1.206677,1,2.209728,0
2016-11-28,sh.600258,25.2300,25.5000,24.7000,24.8300,25.4400,2364477,59356235.0000,3,1.021814,1,-2.397801,0
2016-11-29,sh.600258,24.7000,25.6000,24.6400,25.2000,24.8300,3022947,76473466.0000,3,1.306373,1,1.490136,0
2016-11-30,sh.600258,25.0500,25.8600,24.6700,25.7700,25.2000,4098393,104508342.0000,3,1.771129,1,2.261904,0
2016-12-01,sh.600258,25.5500,26.2000,24.9100,25.2600,25.7700,3437202,87741857.0000,3,1.485394,1,-1.979046,0
2016-12-02,sh.600258,25.0300,25.1500,24.2800,24.2900,25.2600,2972185,73270005.0000,3,1.284436,1,-3.840060,0
2016-12-05,sh.600258,23.5900,24.2400,23.5900,23.6900,24.2900,1957013,46776755.0000,3,0.845727,1,-2.470154,0
2016-12-06,sh.600258,23.8000,24.1000,23.5500,23.5800,23.6900,1602363,38098996.0000,3,0.692465,1,-0.464334,0
2016-12-07,sh.600258,23.4300,23.9800,23.2800,23.8200,23.5800,1792326,42394019.0000,3,0.774557,1,1.017811,0
2016-12-08,sh.600258,23.9000,24.0600,23.6600,23.8100,23.8200,1932877,46050705.0000,3,0.835297,1,-0.041982,0
2016-12-09,sh.600258,23.8000,24.0000,23.4800,23.5400,23.8100,2693672,63730534.0000,3,1.164076,1,-1.133971,0
2016-12-12,sh.600258,23.5400,23.6300,22.0400,22.3200,23.5400,3388914,77151123.0000,3,1.464526,1,-5.182673,0
2016-12-13,sh.600258,22.2000,22.4000,21.9000,22.0300,22.3200,2472788,54511713.0000,3,1.068621,1,-1.299279,0
2016-12-14,sh.600258,22.0300,22.7200,21.9400,22.5600,22.0300,2720091,60653513.0000,3,1.175493,1,2.405805,0
2016-12-15,sh.600258,22.6000,22.8900,22.1000,22.2400,22.5600,3181148,71366255.0000,3,1.374740,1,-1.418438,0
2016-12-16,sh.600258,22.3000,22.3800,22.0300,22.2100,22.2400,2512228,55766450.0000,3,1.085665,1,-0.134895,0
2016-12-19,sh.600258,22.2600,22.3700,22.0100,22.1700,22.2100,2190295,48436851.0000,3,0.946541,1,-0.180095,0
2016-12-20,sh.600258,22.1800,22.2800,21.5800,21.7000,22.1700,3006391,65781353.0000,3,1.299218,1,-2.119979,0
2016-12-21,sh.600258,21.7200,21.9700,21.6100,21.9700,21.7000,2994090,65262945.0000,3,1.293902,1,1.244233,0
2016-12-22,sh.600258,21.9300,21.9700,21.6800,21.9000,21.9700,2271421,49511143.0000,3,0.981599,1,-0.318615,0
2016-12-23,sh.600258,21.8700,22.3300,21.7800,21.8100,21.9000,4044673,89049272.0000,3,1.747914,1,-0.410960,0
2016-12-26,sh.600258,21.7000,22.6500,21.7000,22.6100,21.8100,6563419,146498831.0000,3,2.836395,1,3.668047,0
2016-12-27,sh.600258,22.6800,22.6800,22.2200,22.4100,22.6100,5251926,117550286.0000,3,2.269631,1,-0.884568,0
2016-12-28,sh.600258,22.3200,22.4800,22.1100,22.2600,22.4100,2784317,62063955.0000,3,1.203248,1,-0.669342,0
2016-12-29,sh.600258,22.2200,22.6600,22.1900,22.4300,22.2600,2485463,55935002.0000,3,1.074098,1,0.763702,0
2016-12-30,sh.600258,22.6600,23.0500,22.4200,22.8600,22.4300,3445787,78511778.0000,3,1.489104,1,1.917077,0
2017-01-03,sh.600258,22.9000,23.9800,22.9000,23.6600,22.8600,4099868,96575004.0000,3,1.771767,1,3.499559,0
2017-01-04,sh.600258,23.6200,24.3500,23.5000,24.2900,23.6600,4750633,114432649.0000,3,2.052996,1,2.662726,0
2017-01-05,sh.600258,24.2600,24.3500,23.9000,24.2700,24.2900,2498126,60164381.0000,3,1.079570,1,-0.082340,0
2017-01-06,sh.600258,24.2000,24.9500,23.5000,23.7400,24.2700,4886083,119919177.0000,3,2.111531,1,-2.183769,0
2017-01-09,sh.600258,23.7500,24.9000,23.6500,24.7700,23.7400,3069340,75197332.0000,3,1.326422,1,4.338672,0
2017-01-10,sh.600258,24.7700,24.8800,24.2000,24.2900,24.7700,2753185,67370981.0000,3,1.189795,1,-1.937826,0
2017-01-11,sh.600258,24.2900,24.3700,23.9100,24.2600,24.2900,1473373,35498598.0000,3,0.636721,1,-0.123510,0
2017-01-12,sh.600258,24.3100,24.4200,23.9600,24.2600,24.2600,1214560,29284384.0000,3,0.524875,1,0.000000,0
2017-01-13,sh.600258,24.2000,24.4200,23.8000,23.9100,24.2600,2056779,49651866.0000,3,0.888841,1,-1.442706,0
2017-01-16,sh.600258,23.7200,24.1900,22.6000,23.6600,23.9100,4674286,109051177.0000,3,2.020003,1,-1.045588,0
2017-01-17,sh.600258,23.4500,26.0300,23.0200,25.0300,23.6600,4592813,113892889.0000,3,1.984794,1,5.790367,0
2017-01-18,sh.600258,25.0300,25.1900,24.6100,24.9600,25.0300,2462565,61136855.0000,3,1.064203,1,-0.279671,0
2017-01-19,sh.600258,24.8500,24.9500,24.5000,24.5600,24.9600,1840499,45425291.0000,3,0.795376,1,-1.602563,0
2017-01-20,sh.600258,24.4600,24.9400,24.4000,24.5500,24.5600,1749888,43224810.0000,3,0.756218,1,-0.040718,0
2017-01-23,sh.600258,24.5500,25.2800,24.4900,25.1900,24.5500,2480830,62017574.0000,3,1.072096,1,2.606930,0
2017-01-24,sh.600258,24.8600,25.1600,24.8600,24.9000,25.1900,1459405,36438741.0000,3,0.630685,1,-1.151254,0
2017-01-25,sh.600258,24.9000,25.1600,24.6100,24.9700,24.9000,1217793,30328338.0000,3,0.526272,1,0.281123,0
2017-01-26,sh.600258,25.0000,25.3000,24.9200,25.2700,24.9700,1556233,39119745.0000,3,0.672529,1,1.201446,0
2017-02-03,sh.600258,25.2700,25.7800,24.5300,24.6800,25.2700,1502046,37666405.0000,3,0.649112,1,-2.334785,0
2017-02-06,sh.600258,25.2000,25.2000,24.6800,24.9100,24.6800,1898116,47064847.0000,3,0.820275,1,0.931927,0
2017-02-07,sh.600258,24.9900,24.9900,24.6200,24.8200,24.9100,1244587,30744508.0000,3,0.537851,1,-0.361301,0
2017-02-08,sh.600258,24.9000,25.0000,24.5700,24.7000,24.8200,1409389,34814200.0000,3,0.609070,1,-0.483477,0
2017-02-09,sh.600258,24.5300,25.0800,24.5300,25.0700,24.7000,1944759,48320223.0000,3,0.840432,1,1.497971,0
2017-02-10,sh.600258,25.1400,25.1400,24.6800,24.6900,25.0700,1123267,27918591.0000,3,0.485422,1,-1.515753,0
2017-02-13,sh.600258,24.6900,25.0600,24.6100,24.9700,24.6900,2396696,59652472.0000,3,1.035737,1,1.134057,0
2017-02-14,sh.600258,24.9400,24.9500,24.0500,24.1700,24.9700,1784176,43562996.0000,3,0.771035,1,-3.203842,0
2017-02-15,sh.600258,24.2000,24.2000,23.8800,23.9700,24.1700,1987873,47727319.0000,3,0.859064,1,-0.827475,0
2017-02-16,sh.600258,24.0000,24.3200,23.7900,23.8500,23.9700,1439740,34615502.0000,3,0.622187,1,-0.500621,0
2017-02-17,sh.600258,23.9700,24.1500,23.7000,24.0400,23.8500,1299274,31153311.0000,3,0.561484,1,0.796648,0
2017-02-20,sh.600258,24.0300,24.8000,23.8800,24.5300,24.0400,2731677,66690644.0000,3,1.180500,1,2.038269,0
2017-02-21,sh.600258,24.5500,24.8000,24.3500,24.4500,24.5300,1444294,35297627.0000,3,0.624155,1,-0.326131,0
2017-02-22,sh.600258,24.3900,24.8100,24.3900,24.8000,24.4500,1696047,41745826.0000,3,0.732950,1,1.431487,0
2017-02-23,sh.600258,24.8600,25.0300,24.5000,24.9800,24.8000,1796041,44576253.0000,3,0.776163,1,0.725808,0
2017-02-24,sh.600258,24.9500,25.0800,24.6200,24.9900,24.9800,1523224,37953755.0000,3,0.658264,1,0.040033,0
2017-02-27,sh.600258,24.8500,25.6100,24.8500,25.2100,24.9900,3801271,96563984.0000,3,1.642727,1,0.880349,0
2017-02-28,sh.600258,25.2000,25.4500,25.0300,25.2400,25.2100,1261668,31796521.0000,3,0.545232,1,0.119003,0
2017-03-01,sh.600258,25.2400,27.4100,25.2400,26.1600,25.2400,6338154,166916904.0000,3,2.739047,1,3.645008,0
2017-03-02,sh.600258,26.1300,26.9200,25.8600,25.8900,26.1600,3803992,100485910.0000,3,1.643903,1,-1.032112,0
2017-03-03,sh.600258,25.9400,26.3900,25.4400,26.2100,25.8900,2562518,66204526.0000,3,1.107398,1,1.235997,0
2017-03-06,sh.600258,26.1000,26.8800,26.1000,26.6200,26.2100,2424247,64519354.0000,3,1.047643,1,1.564295,0
2017-03-07,sh.600258,26.9000,27.1100,26.2900,27.0900,26.6200,2070174,55400880.0000,3,0.894630,1,1.765587,0
2017-03-08,sh.600258,26.9800,26.9800,26.5000,26.5300,27.0900,1747435,46590278.0000,3,0.755158,1,-2.067182,0
2017-03-09,sh.600258,26.4700,26.6000,26.1300,26.5000,26.5300,1662423,43883326.0000,3,0.718420,1,-0.113082,0
2017-03-10,sh.600258,26.3600,26.9300,25.9000,25.9800,26.5000,2032144,53569487.0000,3,0.878195,1,-1.962266,0
2017-03-13,sh.600258,25.9000,26.3500,25.9000,26.2100,25.9800,1649401,43040431.0000,3,0.712792,1,0.885295,0
2017-03-14,sh.600258,26.2600,26.8900,26.0200,26.6000,26.2100,1924123,51186388.0000,3,0.831514,1,1.487987,0
2017-03-15,sh.600258,26.4900,26.6000,25.6800,26.0400,26.6000,3475537,90333311.0000,3,1.501961,1,-2.105261,0
2017-03-16,sh.600258,26.0000,26.9500,26.0000,26.7700,26.0400,2884676,76802229.0000,3,1.246619,1,2.803378,0
2017-03-17,sh.600258,26.9900,27.8400,26.6900,27.1300,26.7700,3664928,100414147.0000,3,1.583806,1,1.344784,0
2017-03-20,sh.600258,27.2000,27.8000,27.1200,27.5300,27.1300,2244247,61734886.0000,3,0.969856,1,1.474388,0
2017-03-21,sh.600258,27.5000,27.6600,27.0900,27.4200,27.5300,2061672,56493137.0000,3,0.890956,1,-0.399566,0
2017-03-22,sh.600258,27.3600,28.1800,27.0200,27.8600,27.4200,2661166,73639112.0000,3,1.150029,1,1.604670,0
2017-03-23,sh.600258,27.9700,28.1000,26.9100,27.1600,27.8600,2944072,80384040.0000,3,1.272287,1,-2.512565,0
2017-03-24,sh.600258,27.0000,27.7000,26.9200,27.6200,27.1600,2535960,69614318.0000,3,1.095920,1,1.693671,0
2017-03-27,sh.600258,27.6300,28.3700,27.3500,27.5900,27.6200,3322489,92927495.0000,3,1.435821,1,-0.108619,0
2017-03-28,sh.600258,27.7500,27.7700,26.8600,27.3800,27.5900,2510901,68296688.0000,3,1.085091,1,-0.761149,0
2017-03-29,sh.600258,27.4800,27.5400,26.5600,26.9100,27.3800,1861156,50279759.0000,3,0.804303,1,-1.716579,0
2017-03-30,sh.600258,26.8500,27.4600,26.3000,27.1200,26.9100,2273506,61256965.0000,3,0.982500,1,0.780383,0
2017-03-31,sh.600258,27.1000,27.3200,26.7300,26.7500,27.1200,1190123,32025396.0000,3,0.514314,1,-1.364310,0
2017-04-05,sh.600258,28.0000,28.0200,26.9100,27.8500,26.7500,3988010,110107383.0000,3,1.723427,1,4.112151,0
2017-04-06,sh.600258,27.5500,28.2500,27.3200,27.7900,27.8500,2715980,75672788.0000,3,1.173717,1,-0.215438,0
2017-04-07,sh.600258,27.5600,29.4000,27.5600,29.2000,27.7900,4590576,131919893.0000,3,1.983827,1,5.073767,0
2017-04-10,sh.600258,29.0500,29.3700,28.2800,29.2900,29.2000,4851445,140128186.0000,3,2.096562,1,0.308220,0
2017-04-11,sh.600258,28.9600,29.0600,27.6600,27.8800,29.2900,5621934,158760833.0000,3,2.429531,1,-4.813936,0
2017-04-12,sh.600258,27.8800,28.2000,27.4500,27.6300,27.8800,3209484,89115641.0000,3,1.386985,1,-0.896700,0
2017-04-13,sh.600258,27.4600,27.6500,27.0400,27.3400,27.6300,2775172,75709829.0000,3,1.199296,1,-1.049580,0
2017-04-14,sh.600258,27.3600,27.6200,27.0800,27.4900,27.3400,2336529,64015211.0000,3,1.009736,1,0.548645,0
2017-04-17,sh.600258,27.4000,27.7100,26.7700,26.9100,27.4900,1536923,41799460.0000,3,0.664185,1,-2.109858,0
2017-04-18,sh.600258,26.9500,27.9800,26.6500,27.3200,26.9100,3671963,101168755.0000,3,1.586847,1,1.523597,0
2017-04-19,sh.600258,27.1500,28.4600,27.1500,28.4000,27.3200,3664014,102293154.0000,3,1.583411,1,3.953148,0
2017-04-20,sh.600258,28.4000,28.8800,27.9200,28.5500,28.4000,3434373,97528823.0000,3,1.484172,1,0.528168,0
2017-04-21,sh.600258,28.4800,28.7500,28.1100,28.2600,28.5500,1984816,56453804.0000,3,0.857742,1,-1.015758,0
2017-04-24,sh.600258,28.0000,28.2000,26.3800,27.3300,28.2600,3487800,94478982.0000,3,1.507260,1,-3.290872,0
2017-04-25,sh.600258,27.3300,27.5100,26.6600,27.3600,27.3300,2090512,56751392.0000,3,0.903419,1,0.109772,0
2017-04-26,sh.600258,27.3700,27.4700,26.9000,26.9700,27.3600,892648,24254056.0000,3,0.385760,1,-1.425443,0
2017-04-27,sh.600258,26.9900,27.1000,26.4200,27.0000,26.9700,1359462,36258632.0000,3,0.587494,1,0.111237,0
2017-04-28,sh.600258,27.0000,27.8800,26.8500,27.2500,27.0000,1522754,41708933.0000,3,0.658061,1,0.925926,0
2017-05-02,sh.600258,27.2500,27.3900,26.7700,26.8900,27.2500,1294340,34978409.0000,3,0.559352,1,-1.321103,0
2017-05-03,sh.600258,26.8000,27.1300,25.8100,25.9300,26.8900,2478342,65754517.0000,3,1.071021,1,-3.570097,0
2017-05-04,sh.600258,26.1500,26.4600,25.6000,26.2000,25.9300,2020891,52548797.0000,3,0.873332,1,1.041267,0
2017-05-05,sh.600258,26.1000,26.1400,25.2500,25.4000,26.2000,1998309,50984759.0000,3,0.863573,1,-3.053439,0
2017-05-08,sh.600258,25.4800,25.7600,25.2800,25.6100,25.4000,1450523,37004318.0000,3,0.626847,1,0.826776,0
2017-05-09,sh.600258,25.3700,26.3500,25.3700,26.2400,25.6100,1257565,32569233.0000,3,0.543459,1,2.459973,0
2017-05-10,sh.600258,26.3000,26.9200,26.3000,26.3900,26.2400,1808684,48272013.0000,3,0.781627,1,0.571645,0
2017-05-11,sh.600258,26.1800,26.5700,25.3700,26.1500,26.3900,1598192,41397683.0000,3,0.690662,1,-0.909435,0
2017-05-12,sh.600258,26.1000,26.9100,26.0100,26.8400,26.1500,1506560,40302156.0000,3,0.651063,1,2.638625,0
2017-05-15,sh.600258,26.8800,27.7700,26.8400,26.9900,26.8400,2238016,61115647.0000,3,0.967163,1,0.558866,0
2017-05-16,sh.600258,26.9500,27.4000,26.6000,27.2400,26.9900,1438718,38864371.0000,3,0.621745,1,0.926269,0
2017-05-17,sh.600258,27.2400,27.3800,26.4200,26.7700,27.2400,1651324,44213047.0000,3,0.713623,1,-1.725401,0
2017-05-18,sh.600258,26.6000,26.7700,26.3400,26.5000,26.7700,1296863,34346775.0000,3,0.560442,1,-1.008593,0
2017-05-19,sh.600258,26.6500,26.7100,25.8000,25.8800,26.5000,928989,24234761.0000,3,0.401465,1,-2.339626,0
2017-05-22,sh.600258,25.8000,26.1900,25.5500,25.9000,25.8800,1322424,34315249.0000,3,0.571488,1,0.077282,0
2017-05-23,sh.600258,25.7000,26.1500,25.2500,25.3200,25.9000,1105328,28326203.0000,3,0.477670,1,-2.239382,0
2017-05-24,sh.600258,25.2000,25.2000,24.5000,25.1200,25.3200,1161767,28989206.0000,3,0.502060,1,-0.789885,0
2017-05-25,sh.600258,20.9300,21.6500,20.7800,21.5900,20.9300,957204,20392048.0000,3,0.344715,1,3.153368,0
2017-05-26,sh.600258,21.5800,21.9700,21.2100,21.7200,21.5900,1110398,24105765.0000,3,0.399884,1,0.602127,0
2017-05-31,sh.600258,21.7200,21.9600,20.8000,20.9500,21.7200,2068601,44123488.0000,3,0.744959,1,-3.545113,0
2017-06-01,sh.600258,20.9400,20.9400,19.7400,19.9900,20.9500,1897905,38440366.0000,3,0.683486,1,-4.582344,0
2017-06-02,sh.600258,20.0700,20.6300,19.8800,20.4800,19.9900,2037147,41102242.0000,3,0.733631,1,2.451224,0
2017-06-05,sh.600258,20.3900,21.8500,20.3600,21.3500,20.4800,2937253,62484776.0000,3,1.057783,1,4.248051,0
2017-06-06,sh.600258,21.3000,21.3000,20.7000,20.9500,21.3500,1798740,37849738.0000,3,0.647774,1,-1.873535,0
2017-06-07,sh.600258,20.7600,21.5300,20.7600,21.2800,20.9500,1936201,41324402.0000,3,0.697278,1,1.575179,0
2017-06-08,sh.600258,21.1000,22.3000,21.1000,22.1700,21.2800,5324986,116725586.0000,3,1.917670,1,4.182328,0
2017-06-09,sh.600258,22.1700,22.4900,21.7900,22.3700,22.1700,2587783,57116004.0000,3,0.931930,1,0.902123,0
2017-06-12,sh.600258,22.3000,23.9000,22.0100,23.6300,22.3700,5316667,123709234.0000,3,1.914674,1,5.632536,0
2017-06-13,sh.600258,23.5000,23.9400,23.1000,23.6400,23.6300,3485329,81834437.0000,3,1.255160,1,0.042320,0
2017-06-14,sh.600258,23.6900,24.0000,23.2300,23.5500,23.6400,2866713,67988848.0000,3,1.032380,1,-0.380711,0
2017-06-15,sh.600258,23.4900,23.6700,22.8600,23.4500,23.5500,2925165,67564190.0000,3,1.053430,1,-0.424622,0
2017-06-16,sh.600258,23.3000,23.5100,22.9200,22.9900,23.4500,2557485,59550886.0000,3,0.921019,1,-1.961625,0
2017-06-19,sh.600258,23.0000,23.7600,22.8600,23.3700,22.9900,2425813,56899248.0000,3,0.873600,1,1.652897,0
2017-06-20,sh.600258,23.4500,23.7400,23.0400,23.2200,23.3700,2155500,50219529.0000,3,0.776253,1,-0.641855,0
2017-06-21,sh.600258,23.5500,23.6400,23.0100,23.4400,23.2200,1157945,26923768.0000,3,0.417007,1,0.947464,0
2017-06-22,sh.600258,23.4400,23.4400,22.6800,22.7700,23.4400,1303946,30055951.0000,3,0.469586,1,-2.858362,0
2017-06-23,sh.600258,22.7500,23.1500,22.6400,23.1400,22.7700,1400961,32019090.0000,3,0.504524,1,1.624940,0
2017-06-26,sh.600258,23.2500,23.6900,23.0000,23.6700,23.1400,2015713,47328794.0000,3,0.725912,1,2.290409,0
2017-06-27,sh.600258,23.7600,23.7600,22.9600,23.1200,23.6700,2026357,46972869.0000,3,0.729745,1,-2.323613,0
2017-06-28,sh.600258,23.1300,23.1300,22.5000,22.9200,23.1200,1599612,36430651.0000,3,0.576063,1,-0.865055,0
2017-06-29,sh.600258,22.7500,23.5200,22.7500,23.5100,22.9200,1711050,39613835.0000,3,0.616195,1,2.574172,0
2017-06-30,sh.600258,23.5000,23.5100,23.1600,23.3600,23.5100,1118639,26097671.0000,3,0.402852,1,-0.638025,0
2017-07-03,sh.600258,23.3500,23.5700,22.6400,23.0700,23.3600,2238799,51510643.0000,3,0.806251,1,-1.241442,0
2017-07-04,sh.600258,23.0000,23.1800,22.7000,23.1400,23.0700,1156464,26615224.0000,3,0.416474,1,0.303423,0
2017-07-05,sh.600258,23.1200,23.6600,23.0000,23.6500,23.1400,2753870,64605541.0000,3,0.991742,1,2.203977,0
2017-07-06,sh.600258,23.6500,23.7500,23.3500,23.6100,23.6500,1432540,33756188.0000,3,0.515896,1,-0.169129,0
2017-07-07,sh.600258,23.3700,23.9700,23.1500,23.9500,23.6100,1760742,41550199.0000,3,0.634090,1,1.440068,0
2017-07-10,sh.600258,24.0800,24.6800,24.0100,24.2200,23.9500,2478834,60349236.0000,3,0.892694,1,1.127343,0
2017-07-11,sh.600258,24.2000,25.2000,24.0000,24.9100,24.2200,3501974,87383693.0000,3,1.261155,1,2.848887,0
2017-07-12,sh.600258,24.7800,25.0000,23.9600,24.6500,24.9100,2046032,49996134.0000,3,0.736831,1,-1.043758,0
2017-07-13,sh.600258,24.6700,24.7700,24.2200,24.4900,24.6500,1062932,26001516.0000,3,0.382790,1,-0.649087,0
2017-07-14,sh.600258,24.3300,24.4700,23.8000,23.8900,24.4900,2325890,55915455.0000,3,0.837615,1,-2.449981,0
2017-07-17,sh.600258,23.9000,23.9400,22.8000,23.3000,23.8900,1785874,41659428.0000,3,0.643141,1,-2.469653,0
2017-07-18,sh.600258,23.3000,23.8800,23.0000,23.4000,23.3000,2431915,57165557.0000,3,0.875798,1,0.429186,0
2017-07-19,sh.600258,23.3900,23.4900,22.9000,23.4200,23.4000,1895973,43922237.0000,3,0.682791,1,0.085472,0
2017-07-20,sh.600258,23.2600,24.1900,23.2400,24.1800,23.4200,2595576,62079540.0000,3,0.934736,1,3.245091,0
2017-07-21,sh.600258,24.1600,24.6600,23.8800,24.5500,24.1800,1520924,37132662.0000,3,0.547725,1,1.530186,0
2017-07-24,sh.600258,25.7000,26.3000,24.7000,24.8900,24.5500,5595963,141574643.0000,3,2.015256,1,1.384929,0
2017-07-25,sh.600258,24.6900,27.3300,24.6600,27.0000,24.8900,7699729,201130325.0000,3,2.772878,1,8.477303,0
2017-07-26,sh.600258,26.7900,27.4700,26.2100,26.2700,27.0000,6275812,168010544.0000,3,2.260088,1,-2.703702,0
2017-07-27,sh.600258,26.5500,27.3700,26.1500,27.3300,26.2700,4899811,131435172.0000,3,1.764553,1,4.035019,0
2017-07-28,sh.600258,26.9900,27.3500,26.6000,26.6200,27.3300,2650453,71211243.0000,3,0.954499,1,-2.597874,0
2017-07-31,sh.600258,26.4000,26.5700,25.8400,26.2500,26.6200,3383006,88405601.0000,3,1.218311,1,-1.389935,0
2017-08-01,sh.600258,26.2800,27.2900,26.1800,26.8000,26.2500,4108079,110175153.0000,3,1.479429,1,2.095235,0
2017-08-02,sh.600258,26.7800,26.9900,25.7500,25.8000,26.8000,3282933,85873195.0000,3,1.182272,1,-3.731344,0
2017-08-03,sh.600258,25.8000,26.0900,25.3500,25.6600,25.8000,2225136,57034000.0000,3,0.801331,1,-0.542633,0
2017-08-04,sh.600258,25.9000,25.9400,25.5100,25.6300,25.6600,1275102,32707353.0000,3,0.459198,1,-0.116916,0
2017-08-07,sh.600258,25.5800,25.9100,25.2300,25.7200,25.6300,1541715,39476951.0000,3,0.555213,1,0.351152,0
2017-08-08,sh.600258,26.0000,27.1800,25.8800,26.8600,25.7200,4310779,114230107.0000,3,1.552427,1,4.432353,0
2017-08-09,sh.600258,26.8000,27.1100,26.6000,27.0800,26.8600,2222205,59731711.0000,3,0.800275,1,0.819059,0
2017-08-10,sh.600258,27.1800,28.0900,26.6100,27.8000,27.0800,3845289,106186242.0000,3,1.384791,1,2.658786,0
2017-08-11,sh.600258,27.5200,28.3000,27.2900,27.5100,27.8000,4023305,111480631.0000,3,1.448900,1,-1.043162,0
2017-08-14,sh.600258,27.4100,28.0600,27.2500,27.2600,27.5100,3209775,89188436.0000,3,1.155926,1,-0.908760,0
2017-08-15,sh.600258,27.1000,27.2000,26.3100,26.7000,27.2600,2804683,75062012.0000,3,1.010041,1,-2.054290,0
2017-08-16,sh.600258,26.7700,27.3300,26.6200,26.9200,26.7000,1926757,51869816.0000,3,0.693877,1,0.823967,0
2017-08-17,sh.600258,26.9300,28.0000,26.7100,27.5300,26.9200,3081260,85253421.0000,3,1.109644,1,2.265975,0
2017-08-18,sh.600258,27.7000,28.6500,27.4400,28.5700,27.5300,4080513,114911249.0000,3,1.469502,1,3.777693,0
2017-08-21,sh.600258,28.5100,28.6700,27.6500,28.2300,28.5700,2940957,82430476.0000,3,1.059117,1,-1.190060,0
2017-08-22,sh.600258,28.0500,28.3200,27.7800,27.8600,28.2300,1822187,51062185.0000,3,0.656218,1,-1.310659,0
2017-08-23,sh.600258,27.8900,29.1500,27.7300,28.8600,27.8600,3354350,95865925.0000,3,1.207991,1,3.589375,0
2017-08-24,sh.600258,28.8600,29.0000,27.6600,27.6900,28.8600,2534313,71704602.0000,3,0.912674,1,-4.054054,0
2017-08-25,sh.600258,27.6600,28.0700,27.4700,27.8300,27.6900,2382092,66208623.0000,3,0.857855,1,0.505595,0
2017-08-28,sh.600258,27.7500,28.3500,27.6600,28.1400,27.8300,2061818,57765721.0000,3,0.742516,1,1.113904,0
2017-08-29,sh.600258,28.1700,28.3500,27.7000,27.9900,28.1400,1995880,55737226.0000,3,0.718770,1,-0.533048,0
2017-08-30,sh.600258,28.2000,29.1800,28.0000,29.0900,27.9900,3145087,90432222.0000,3,1.132630,1,3.929976,0
2017-08-31,sh.600258,28.9000,29.2800,28.6200,29.0200,29.0900,1453240,42100281.0000,3,0.523351,1,-0.240631,0
2017-09-01,sh.600258,29.0500,29.1000,28.6600,28.9100,29.0200,1445521,41706125.0000,3,0.520571,1,-0.379051,0
2017-09-04,sh.600258,28.9500,30.0200,28.7600,29.4500,28.9100,3865957,113904144.0000,3,1.392235,1,1.867869,0
2017-09-05,sh.600258,29.4500,30.1500,29.0400,30.1100,29.4500,1983690,58802295.0000,3,0.714380,1,2.241086,0
2017-09-06,sh.600258,30.0000,30.5500,29.5700,30.3200,30.1100,1934707,58308392.0000,3,0.696740,1,0.697440,0
2017-09-07,sh.600258,30.1900,30.7600,29.0800,29.1300,30.3200,3125764,92919840.0000,3,1.125671,1,-3.924804,0
2017-09-08,sh.600258,29.1300,29.8100,28.9600,29.5200,29.1300,2128915,62488954.0000,3,0.766679,1,1.338830,0
2017-09-11,sh.600258,29.5000,29.9800,29.3000,29.3900,29.5200,2373975,70438004.0000,3,0.854932,1,-0.440383,0
2017-09-12,sh.600258,29.4100,30.5400,29.4100,30.1700,29.3900,2929699,88148630.0000,3,1.055063,1,2.653966,0
2017-09-13,sh.600258,30.0400,30.1400,29.2700,30.0800,30.1700,2694980,80028386.0000,3,0.970534,1,-0.298310,0
2017-09-14,sh.600258,30.0600,30.8900,29.8000,30.5700,30.0800,2569042,78289238.0000,3,0.925181,1,1.628989,0
2017-09-15,sh.600258,30.6000,30.7000,29.9500,30.4400,30.5700,1939582,58540020.0000,3,0.698495,1,-0.425251,0
2017-09-18,sh.600258,30.4800,31.0000,30.2000,30.9700,30.4400,1830327,56123125.0000,3,0.659150,1,1.741126,0
2017-09-19,sh.600258,30.9000,31.2400,30.1200,30.2700,30.9700,2711152,82792475.0000,3,0.976358,1,-2.260248,0
2017-09-20,sh.600258,30.6300,30.8800,30.1300,30.6500,30.2700,2151945,65513491.0000,3,0.774973,1,1.255366,0
2017-09-21,sh.600258,30.3500,30.6600,29.8900,29.9200,30.6500,1831681,55284327.0000,3,0.659637,1,-2.381728,0
2017-09-22,sh.600258,29.7900,30.1700,29.5800,30.0100,29.9200,1176346,35198706.0000,3,0.423634,1,0.300803,0
2017-09-25,sh.600258,29.9900,29.9900,28.7400,28.8100,30.0100,2823126,82354668.0000,3,1.016683,1,-3.998670,0
2017-09-26,sh.600258,28.6100,29.0000,27.8100,28.8900,28.8100,2415630,68667492.0000,3,0.869933,1,0.277681,0
2017-09-27,sh.600258,28.6100,29.0900,28.3800,28.7100,28.8900,1912305,54922595.0000,3,0.688672,1,-0.623054,0
2017-09-28,sh.600258,28.8300,30.6500,28.8300,30.1900,28.7100,4422733,132023669.0000,3,1.592745,1,5.155004,0
2017-09-29,sh.600258,30.0000,30.1800,29.5500,29.7300,30.1900,1977758,58861298.0000,3,0.712244,1,-1.523687,0
2017-10-09,sh.600258,29.8800,30.0000,29.1100,29.2500,29.7300,2323232,68105254.0000,3,0.836658,1,-1.614529,0
2017-10-10,sh.600258,29.4000,29.8800,29.1300,29.8000,29.2500,2101087,61821937.0000,3,0.756658,1,1.880339,0
2017-10-11,sh.600258,29.7800,29.7800,28.7000,29.0900,29.8000,2439408,70862929.0000,3,0.878496,1,-2.382547,0
2017-10-12,sh.600258,29.1000,29.2900,27.8900,27.9800,29.0900,2505900,70636166.0000,3,0.902442,1,-3.815746,0
2017-10-13,sh.600258,27.8400,28.2900,27.8000,27.8400,27.9800,2213537,61975142.0000,3,0.797154,1,-0.500355,0
2017-10-16,sh.600258,27.8400,28.0800,26.2000,26.6100,27.8400,5229719,140030950.0000,3,1.883362,1,-4.418102,0
2017-10-17,sh.600258,26.7100,27.7900,26.6700,27.2200,26.6100,3185080,87163490.0000,3,1.147033,1,2.292366,0
2017-10-18,sh.600258,27.3900,28.5500,27.3900,28.3600,27.2200,2756668,77806230.0000,3,0.992750,1,4.188102,0
2017-10-19,sh.600258,28.6000,28.6000,27.8000,28.0000,28.3600,1637440,45955388.0000,3,0.589686,1,-1.269396,0
2017-10-20,sh.600258,28.0000,28.8300,27.8600,28.6200,28.0000,1705954,48646994.0000,3,0.614360,1,2.214289,0
2017-10-23,sh.600258,29.0000,29.2000,28.2300,28.4500,28.6200,1577578,45107145.0000,3,0.568128,1,-0.593990,0
2017-10-24,sh.600258,28.6300,29.3900,28.4800,29.2900,28.4500,2629574,76718606.0000,3,0.946980,1,2.952549,0
2017-10-25,sh.600258,29.0200,29.3400,28.6000,29.1500,29.2900,1710877,49518226.0000,3,0.616133,1,-0.477983,0
2017-10-26,sh.600258,28.9700,29.2500,28.5200,28.7400,29.1500,1380817,39849175.0000,3,0.497269,1,-1.406518,0
2017-10-27,sh.600258,28.6100,29.1800,28.5100,28.6000,28.7400,1183613,34031354.0000,3,0.426251,1,-0.487124,0
2017-10-30,sh.600258,28.5900,28.5900,27.3100,27.8100,28.6000,2125860,59093562.0000,3,0.765579,1,-2.762241,0
2017-10-31,sh.600258,27.8100,29.0600,27.8100,29.0000,27.8100,4165040,118760967.0000,3,1.499942,1,4.279038,0
2017-11-01,sh.600258,29.3500,30.1700,29.0400,29.6800,29.0000,3648313,107819808.0000,3,1.313855,1,2.344829,0
2017-11-02,sh.600258,29.7000,30.3300,28.8500,29.0200,29.6800,2537883,75280180.0000,3,0.913960,1,-2.223719,0
2017-11-03,sh.600258,29.0400,29.4000,28.6100,29.0800,29.0200,2039245,59292659.0000,3,0.734387,1,0.206752,0
2017-11-06,sh.600258,29.2100,30.6000,29.1500,30.3800,29.0800,3842466,116098304.0000,3,1.383775,1,4.470424,0
2017-11-07,sh.600258,30.3000,31.2200,30.0000,30.7700,30.3800,2846846,87646631.0000,3,1.025225,1,1.283744,0
2017-11-08,sh.600258,30.7900,31.6800,30.6000,31.1500,30.7700,3391991,105843502.0000,3,1.221547,1,1.234966,0
2017-11-09,sh.600258,31.1800,31.9700,30.9000,31.3000,31.1500,2677341,84209727.0000,3,0.964182,1,0.481540,0
2017-11-10,sh.600258,31.2500,31.8000,30.7100,31.5900,31.3000,2505331,78624021.0000,3,0.902237,1,0.926520,0
2017-11-13,sh.600258,31.9000,32.7300,31.1200,31.7500,31.5900,3312680,105640553.0000,3,1.192985,1,0.506489,0
2017-11-14,sh.600258,31.5000,31.7300,30.0000,30.6300,31.7500,3471935,106145948.0000,3,1.250337,1,-3.527562,0
2017-11-15,sh.600258,30.4500,30.7000,29.8000,30.3900,30.6300,2046982,61809587.0000,3,0.737173,1,-0.783545,0
2017-11-16,sh.600258,30.3000,30.5000,29.6800,29.8000,30.3900,3050207,91092994.0000,3,1.098461,1,-1.941429,0
2017-11-17,sh.600258,29.8900,29.9000,28.6800,29.0200,29.8000,3896247,114463628.0000,3,1.403143,1,-2.617445,0
2017-11-20,sh.600258,29.0000,29.1700,28.0300,29.0200,29.0200,2969916,84979076.0000,3,1.069546,1,0.000000,0
2017-11-21,sh.600258,29.0000,30.4200,28.6200,30.3000,29.0200,3668788,108276868.0000,3,1.321229,1,4.410747,0
2017-11-22,sh.600258,30.3900,30.3900,28.8600,29.0000,30.3000,3003019,88735140.0000,3,1.081468,1,-4.290427,0
2017-11-23,sh.600258,28.8900,28.9000,27.1000,28.1400,29.0000,3376071,94964827.0000,3,1.215814,1,-2.965519,0
2017-11-24,sh.600258,28.1000,28.8700,27.8200,28.4600,28.1400,1892649,53805721.0000,3,0.681594,1,1.137170,0
2017-11-27,sh.600258,28.4600,28.4600,27.6100,27.6800,28.4600,1348115,37608730.0000,3,0.485492,1,-2.740685,0
2017-11-28,sh.600258,27.7200,28.0600,27.4400,27.8200,27.6800,1277664,35408414.0000,3,0.460121,1,0.505778,0
2017-11-29,sh.600258,27.8200,27.9700,26.9400,26.9700,27.8200,1901640,51981376.0000,3,0.684831,1,-3.055357,0
2017-11-30,sh.600258,26.9700,27.4500,25.2900,26.1800,26.9700,4936551,129347194.0000,3,1.777784,1,-2.929177,0
2017-12-01,sh.600258,26.0800,26.3400,25.5800,26.1800,26.1800,1878983,49016792.0000,3,0.676672,1,0.000000,0
2017-12-04,sh.600258,26.1800,26.2700,24.6800,24.9900,26.1800,5844201,146147757.0000,3,2.104653,1,-4.545456,0
2017-12-05,sh.600258,25.0000,25.4400,24.5100,25.3200,24.9900,3903533,97350046.0000,3,1.405767,1,1.320528,0
2017-12-06,sh.600258,25.2900,25.2900,24.3600,24.7300,25.3200,1958401,48435753.0000,3,0.705273,1,-2.330174,0
2017-12-07,sh.600258,24.7000,24.9800,24.3800,24.6600,24.7300,1913440,47286346.0000,3,0.686608,1,-0.283056,0
2017-12-08,sh.600258,24.7000,25.7900,24.5000,25.4200,24.6600,2304920,58226867.0000,3,0.827085,1,3.081915,0
2017-12-11,sh.600258,25.5500,26.3200,25.2000,26.1000,25.4200,3569396,92958973.0000,3,1.280822,1,2.675060,0
2017-12-12,sh.600258,26.1400,26.4100,25.6000,25.7300,26.1000,1914560,49816266.0000,3,0.687010,1,-1.417628,0
2017-12-13,sh.600258,25.7200,25.9000,25.4000,25.6500,25.7300,1095639,28106569.0000,3,0.393153,1,-0.310921,0
2017-12-14,sh.600258,25.6300,25.6300,24.5500,24.7700,25.6500,2517893,62415517.0000,3,0.903507,1,-3.430796,0
2017-12-15,sh.600258,24.9100,26.2000,24.7100,25.9800,24.7700,4401910,113411916.0000,3,1.579557,1,4.884938,0
2017-12-18,sh.600258,25.8800,26.3900,25.8000,26.1400,25.9800,2401257,62814168.0000,3,0.861654,1,0.615858,0
2017-12-19,sh.600258,26.1500,26.9000,25.2000,25.6100,26.1400,2746812,70525983.0000,3,0.985651,1,-2.027539,0
2017-12-20,sh.600258,25.5000,26.9200,25.1000,26.4000,25.6100,5135445,135216617.0000,3,1.842774,1,3.084728,0
2017-12-21,sh.600258,26.3500,27.6800,26.1600,27.0800,26.4000,4757067,129019127.0000,3,1.706999,1,2.575759,0
2017-12-22,sh.600258,26.8400,27.2100,26.5800,26.7200,27.0800,1878447,50315783.0000,3,0.674051,1,-1.329397,0
2017-12-25,sh.600258,26.7100,26.9600,26.0000,26.0400,26.7200,1635812,43395433.0000,3,0.586986,1,-2.544904,0
2017-12-26,sh.600258,26.1800,26.6600,25.9100,26.6500,26.0400,1888145,49730072.0000,3,0.677531,1,2.342545,0
2017-12-27,sh.600258,26.6600,26.6800,25.9200,26.2500,26.6500,1252037,32902856.0000,3,0.449274,1,-1.500937,0
2017-12-28,sh.600258,26.2500,26.5400,26.1400,26.3300,26.2500,1190963,31359065.0000,3,0.427358,1,0.304762,0
2017-12-29,sh.600258,26.1500,27.0000,26.0100,26.9900,26.3300,2496636,66858158.0000,3,0.895879,1,2.506646,0
2018-01-02,sh.600258,27.0500,27.0500,26.6800,26.7200,26.9900,2328124,62598018.0000,3,0.835411,1,-1.000372,0
2018-01-03,sh.600258,26.9900,29.3900,26.9900,29.1200,26.7200,6557876,187593015.0000,3,2.353191,1,8.982042,0
2018-01-04,sh.600258,29.0000,30.7300,28.4300,29.6000,29.1200,7478496,220503040.0000,3,2.683541,1,1.648350,0
2018-01-05,sh.600258,29.4100,30.3200,29.0700,30.1800,29.6000,6719892,198443973.0000,3,2.411328,1,1.959459,0
2018-01-08,sh.600258,29.2800,29.3600,27.7200,28.4100,30.1800,15602734,445737533.0000,3,2.997599,1,-5.864812,0
2018-01-09,sh.600258,28.4100,29.1500,28.0000,28.1200,28.4100,10901642,309619271.0000,3,2.094424,1,-1.020764,0
2018-01-10,sh.600258,27.7300,29.9000,27.7300,29.3500,28.1200,12244565,356172281.0000,3,2.352427,1,4.374109,0
2018-01-11,sh.600258,29.2000,30.1200,29.0300,29.9400,29.3500,13785152,411019578.0000,3,2.648405,1,2.010222,0
2018-01-12,sh.600258,29.9000,29.9600,28.9000,29.4200,29.9400,6095922,179009350.0000,3,1.171149,1,-1.736808,0
2018-01-15,sh.600258,29.3000,30.6600,29.0900,30.5900,29.4200,13302225,400641860.0000,3,2.555625,1,3.976887,0
2018-01-16,sh.600258,30.4000,32.7400,30.2000,31.9700,30.5900,13765748,436598572.0000,3,2.644677,1,4.511275,0
2018-01-17,sh.600258,31.7500,32.7200,30.6600,31.2900,31.9700,9960599,315843740.0000,3,1.913631,1,-2.126989,0
2018-01-18,sh.600258,31.2900,33.1600,30.9000,33.0300,31.2900,7593331,243506133.0000,3,1.458831,1,5.560875,0
2018-01-19,sh.600258,33.0000,34.1000,32.2800,32.7400,33.0300,7326194,244006832.0000,3,1.407509,1,-0.877981,0
2018-01-22,sh.600258,32.8500,34.3800,32.0100,33.4500,32.7400,5840446,193316933.0000,3,1.122067,1,2.168598,0
2018-01-23,sh.600258,33.3800,34.3300,33.1100,33.8100,33.4500,4881251,164634389.0000,3,0.937786,1,1.076235,0
2018-01-24,sh.600258,33.6700,33.7900,32.4100,32.8000,33.8100,6383036,210245762.0000,3,1.226309,1,-2.987288,0
2018-01-25,sh.600258,32.6900,33.2800,32.1800,32.3600,32.8000,4613896,149925757.0000,3,0.886422,1,-1.341459,0
2018-01-26,sh.600258,32.3300,33.6500,32.2600,33.2900,32.3600,5527067,182989528.0000,3,1.061861,1,2.873919,0
2018-01-29,sh.600258,33.2000,33.2900,30.8100,31.5100,33.2900,10086024,320814074.0000,3,1.937728,1,-5.346953,0
2018-01-30,sh.600258,31.5300,31.7400,30.2100,30.3100,31.5100,6313667,196263001.0000,3,1.212982,1,-3.808317,0
2018-01-31,sh.600258,30.5600,31.2000,30.2100,30.5400,30.3100,7419754,227482372.0000,3,1.425484,1,0.758830,0
2018-02-01,sh.600258,30.5600,32.5000,30.5600,31.6300,30.5400,8721136,274644510.0000,3,1.675505,1,3.569084,0
2018-02-02,sh.600258,31.5200,32.0100,29.8700,31.6500,31.6300,5543045,173691440.0000,3,1.064930,1,0.063233,0
2018-02-05,sh.600258,31.3300,32.9700,30.8900,32.8700,31.6500,5491185,176308461.0000,3,1.054967,1,3.854658,0
2018-02-06,sh.600258,32.4400,32.4400,29.5800,29.9300,32.8700,8599581,263694039.0000,3,1.652152,1,-8.944323,0
2018-02-07,sh.600258,30.6400,31.1600,28.9900,29.3200,29.9300,8462495,254509717.0000,3,1.625815,1,-2.038091,0
2018-02-08,sh.600258,29.0000,30.6800,28.9400,30.1300,29.3200,4775871,142893999.0000,3,0.917541,1,2.762618,0
2018-02-09,sh.600258,28.6600,30.0000,27.5000,28.7200,30.1300,8386578,241716115.0000,3,1.611230,1,-4.679721,0
2018-02-12,sh.600258,29.1500,29.8600,28.5000,28.6200,28.7200,8661380,252216885.0000,3,1.664025,1,-0.348184,0
2018-02-13,sh.600258,29.1600,30.2800,29.1600,30.1800,28.6200,7749335,231323311.0000,3,1.488803,1,5.450732,0
2018-02-14,sh.600258,30.2000,30.2000,29.3000,29.6800,30.1800,4384435,130057712.0000,3,0.842338,1,-1.656726,0
2018-02-22,sh.600258,30.2000,32.3000,30.2000,32.2700,29.6800,7128162,224935938.0000,3,1.369463,1,8.726416,0
2018-02-23,sh.600258,32.1500,32.1500,31.6400,32.0300,32.2700,4215328,134435557.0000,3,0.809849,1,-0.743730,0
2018-02-26,sh.600258,32.0200,32.5000,31.6400,32.0600,32.0300,3634899,116684078.0000,3,0.698337,1,0.093670,0
2018-02-27,sh.600258,32.0000,32.3000,31.1600,31.2800,32.0600,3903687,123674668.0000,3,0.749977,1,-2.432940,0
2018-02-28,sh.600258,31.1700,31.6800,30.6100,31.1000,31.2800,3507997,108988854.0000,3,0.673957,1,-0.575449,0
2018-03-01,sh.600258,31.2000,32.9000,30.8600,32.6900,31.1000,6647321,215235561.0000,3,1.277084,1,5.112535,0
2018-03-02,sh.600258,32.3300,32.8900,31.9300,32.2600,32.6900,3575368,115545815.0000,3,0.686900,1,-1.315388,0
2018-03-05,sh.600258,32.2800,32.7400,30.5000,31.2300,32.2600,5886406,186149651.0000,3,1.130897,1,-3.192805,0
2018-03-06,sh.600258,31.4200,33.5500,31.4000,33.1800,31.2300,6461832,211348002.0000,3,1.241448,1,6.243999,0
2018-03-07,sh.600258,33.1600,33.4300,32.4500,32.8300,33.1800,3932211,129052266.0000,3,0.755457,1,-1.054848,0
2018-03-08,sh.600258,32.4600,33.0700,32.1600,32.8100,32.8300,4744682,154739217.0000,3,0.911549,1,-0.060921,0
2018-03-09,sh.600258,32.8200,34.4000,32.5600,34.1500,32.8100,7265581,243918838.0000,3,1.395864,1,4.084121,0
2018-03-12,sh.600258,34.2500,35.3900,33.6200,35.0000,34.1500,6777919,235481188.0000,3,1.302174,1,2.489015,0
2018-03-13,sh.600258,34.8000,34.9000,33.8000,34.2600,35.0000,4915233,169085897.0000,3,0.944315,1,-2.114290,0
2018-03-14,sh.600258,34.0100,34.0600,33.2000,33.5800,34.2600,5365042,179759174.0000,3,1.030732,1,-1.984812,0
2018-03-15,sh.600258,33.0500,33.0500,31.7800,32.2300,33.5800,10235888,328781157.0000,3,1.966520,1,-4.020257,0
2018-03-16,sh.600258,32.2400,32.7900,32.0600,32.2400,32.2300,5232372,169929417.0000,3,1.005244,1,0.031034,0
2018-03-19,sh.600258,32.0200,32.4900,31.0200,32.2700,32.2400,3880890,123385822.0000,3,0.745597,1,0.093048,0
2018-03-20,sh.600258,31.9000,32.4500,31.5000,32.3700,32.2700,3470655,110950518.0000,3,0.666783,1,0.309881,0
2018-03-21,sh.600258,32.2500,33.1000,31.9500,32.6500,32.3700,5234247,170773657.0000,3,1.005604,1,0.865007,0
2018-03-22,sh.600258,32.4500,32.5000,30.6900,31.1100,32.6500,5353348,168346404.0000,3,1.028486,1,-4.716695,0
2018-03-23,sh.600258,29.1900,30.4500,28.6600,29.3200,31.1100,7846607,232152311.0000,3,1.507491,1,-5.753780,0
2018-03-26,sh.600258,28.8600,30.0000,28.6100,29.8700,29.3200,5890585,173539145.0000,3,1.131700,1,1.875857,0
2018-03-27,sh.600258,30.2400,30.5000,29.0700,29.7600,29.8700,6661538,199314375.0000,3,1.279815,1,-0.368264,0
2018-03-28,sh.600258,29.1700,29.4800,28.5500,28.8900,29.7600,5078899,146863022.0000,3,0.975759,1,-2.923390,0
2018-03-29,sh.600258,28.9500,29.7800,27.7800,29.3800,28.8900,5554753,159707261.0000,3,1.067180,1,1.696088,0
2018-03-30,sh.600258,29.6000,30.4700,28.3700,28.8000,29.3800,12459196,362861403.0000,3,2.393662,1,-1.974132,0
2018-04-02,sh.600258,28.5800,29.1000,28.4000,28.6000,28.8000,5565844,159803079.0000,3,1.069310,1,-0.694441,0
2018-04-03,sh.600258,28.3600,28.5500,27.8000,28.4000,28.6000,4212957,118644824.0000,3,0.809394,1,-0.699303,0
2018-04-04,sh.600258,28.3800,29.5000,28.1600,29.0200,28.4000,8412095,243453729.0000,3,1.616132,1,2.183101,0
2018-04-09,sh.600258,28.6700,29.7400,28.6700,29.3900,29.0200,5276732,154785357.0000,3,1.013766,1,1.274979,0
2018-04-10,sh.600258,29.5800,29.7500,28.8900,29.1900,29.3900,4613266,134474541.0000,3,0.886301,1,-0.680500,0
2018-04-11,sh.600258,29.2100,29.3000,28.4300,28.6500,29.1900,5437548,156714579.0000,3,1.044662,1,-1.849952,0
2018-04-12,sh.600258,28.2900,28.9300,28.2800,28.6300,28.6500,2840635,81320580.0000,3,0.545743,1,-0.069810,0
2018-04-13,sh.600258,28.6000,28.7400,28.2000,28.4500,28.6300,3870957,109995711.0000,3,0.743689,1,-0.628706,0
2018-04-16,sh.600258,30.4000,30.4000,28.6900,29.1500,28.4500,12051240,354519170.0000,3,2.315285,1,2.460453,0
2018-04-17,sh.600258,29.0000,29.0000,27.0000,27.2100,29.1500,12173758,336225025.0000,3,2.338823,1,-6.655233,0
2018-04-18,sh.600258,27.9500,28.0000,27.0200,27.3700,27.2100,5702580,156291482.0000,3,1.095580,1,0.588026,0
2018-04-19,sh.600258,27.3700,27.9600,27.1400,27.8800,27.3700,4986842,137882297.0000,3,0.958073,1,1.863348,0
2018-04-20,sh.600258,27.8000,28.3500,27.5100,27.6200,27.8800,3913950,108984426.0000,3,0.751948,1,-0.932562,0
2018-04-23,sh.600258,27.0200,27.5000,26.0000,26.6700,27.6200,7135037,188902678.0000,3,1.370784,1,-3.439539,0
2018-04-24,sh.600258,26.6800,28.3600,26.6800,28.0000,26.6700,7012591,194509333.0000,3,1.347260,1,4.986876,0
2018-04-25,sh.600258,28.0000,28.3900,27.6600,28.0900,28.0000,5326825,149278147.0000,3,1.023390,1,0.321429,0
2018-04-26,sh.600258,28.1000,28.2400,27.4600,27.8500,28.0900,2699473,74896254.0000,3,0.518623,1,-0.854396,0
2018-04-27,sh.600258,27.8500,28.1000,27.4700,27.8800,27.8500,3781634,105243867.0000,3,0.726528,1,0.107716,0
2018-05-02,sh.600258,27.9800,28.5000,26.8400,27.1200,27.8800,8571059,235496255.0000,3,1.646673,1,-2.725963,0
2018-05-03,sh.600258,27.2000,27.4000,26.2000,27.0500,27.1200,6387216,170641905.0000,3,1.227112,1,-0.258118,0
2018-05-04,sh.600258,26.9600,26.9600,26.2000,26.4100,27.0500,5567297,147722368.0000,3,1.069590,1,-2.365987,0
2018-05-07,sh.600258,26.5000,28.4200,26.5000,28.0000,26.4100,9911205,274598555.0000,3,1.904142,1,6.020447,0
2018-05-08,sh.600258,28.1700,29.1800,28.1700,28.6800,28.0000,9917898,285396904.0000,3,1.905427,1,2.428572,0
2018-05-09,sh.600258,28.5800,29.4800,28.5200,29.0500,28.6800,7971761,231865660.0000,3,1.531535,1,1.290094,0
2018-05-10,sh.600258,29.0400,29.9600,28.7700,29.0800,29.0500,6884456,202124065.0000,3,1.322642,1,0.103273,0
2018-05-11,sh.600258,29.1900,29.7200,28.8500,29.3500,29.0800,4439505,130317743.0000,3,0.852918,1,0.928475,0
2018-05-14,sh.600258,29.3500,29.7800,29.1000,29.3400,29.3500,3774796,111040419.0000,3,0.725214,1,-0.034072,0
2018-05-15,sh.600258,29.6400,30.1400,28.9500,29.5800,29.3400,6018783,178354824.0000,3,1.156329,1,0.817995,0
2018-05-16,sh.600258,30.1000,31.0800,30.0300,30.9900,29.5800,11961951,365764732.0000,3,2.298131,1,4.766734,0
2018-05-17,sh.600258,31.0000,31.0000,30.2300,30.5700,30.9900,5931508,181290062.0000,3,1.139562,1,-1.355276,0
2018-05-18,sh.600258,30.6000,30.6900,29.2500,30.2000,30.5700,4224491,126228289.0000,3,0.811610,1,-1.210333,0
2018-05-21,sh.600258,30.1600,31.1200,30.0000,30.2600,30.2000,4820625,147587566.0000,3,0.926139,1,0.198674,0
2018-05-22,sh.600258,30.3000,30.6000,29.6000,30.0800,30.2600,3744047,112685327.0000,3,0.719307,1,-0.594846,0
2018-05-23,sh.600258,30.0600,30.3000,29.1000,29.5000,30.0800,3462360,102523597.0000,3,0.665189,1,-1.928191,0
2018-05-24,sh.600258,24.8000,25.2800,24.4000,24.5700,24.5200,4229725,104930099.0000,3,0.677179,1,0.203912,0
2018-05-25,sh.600258,24.7500,25.3500,24.5200,25.0700,24.5700,6749552,169358906.0000,3,1.080604,1,2.035002,0
2018-05-28,sh.600258,25.0500,26.4000,25.0500,26.1900,25.0700,9516448,246852596.0000,3,1.523584,1,4.467494,0
2018-05-29,sh.600258,26.2000,26.5600,25.8200,25.9400,26.1900,7395909,193980243.0000,3,1.184086,1,-0.954563,0
2018-05-30,sh.600258,25.7300,26.1900,25.0500,25.9500,25.9400,5272611,135539091.0000,3,0.844145,1,0.038551,0
2018-05-31,sh.600258,26.1100,27.7700,26.1000,27.6900,25.9500,9639951,259047557.0000,3,1.543357,1,6.705202,0
2018-06-01,sh.600258,27.4000,27.5800,26.2000,26.5900,27.6900,6558647,176873491.0000,3,1.050040,1,-3.972555,0
2018-06-04,sh.600258,26.8900,27.6400,26.5000,27.0500,26.5900,5461505,148349328.0000,3,0.874387,1,1.729970,0
2018-06-05,sh.600258,27.0500,27.8600,26.8500,27.6900,27.0500,5899573,162580327.0000,3,0.944522,1,2.365994,0
2018-06-06,sh.600258,27.8600,28.2500,27.5100,28.1100,27.6900,6017211,167628531.0000,3,0.963356,1,1.516793,0
2018-06-07,sh.600258,28.0000,28.3800,27.4300,27.7200,28.1100,6780162,189489711.0000,3,1.085504,1,-1.387411,0
2018-06-08,sh.600258,27.6600,28.0700,26.7000,27.4300,27.7200,11106525,305313799.0000,3,1.778155,1,-1.046172,0
2018-06-11,sh.600258,27.3800,27.9800,26.4000,26.7100,27.4300,6740650,182334487.0000,3,1.079179,1,-2.624868,0
2018-06-12,sh.600258,26.8100,28.1000,26.8000,28.0600,26.7100,6978525,191383127.0000,3,1.117262,1,5.054288,0
2018-06-13,sh.600258,27.8000,28.4600,27.7400,28.0500,28.0600,5233363,146965272.0000,3,0.837862,1,-0.035639,0
2018-06-14,sh.600258,28.0000,28.2400,26.7500,27.5100,28.0500,8779253,239476004.0000,3,1.405559,1,-1.925130,0
2018-06-15,sh.600258,27.5200,27.8700,26.8800,27.3300,27.5100,5192917,141636616.0000,3,0.831386,1,-0.654309,0
2018-06-19,sh.600258,26.9900,27.2000,26.0100,26.4900,27.3300,6551570,173224034.0000,3,1.048907,1,-3.073546,0
2018-06-20,sh.600258,26.5000,26.7200,25.4800,26.5700,26.4900,7512664,196469433.0000,3,1.202778,1,0.302001,0
2018-06-21,sh.600258,26.5700,27.5300,26.3000,26.6200,26.5700,7435302,200887397.0000,3,1.190392,1,0.188187,0
2018-06-22,sh.600258,26.6200,27.8100,26.3500,27.6200,26.6200,6285474,172044361.0000,3,1.006305,1,3.756574,0
2018-06-25,sh.600258,27.4100,28.7800,27.4100,28.3600,27.6200,6544740,185895342.0000,3,1.047813,1,2.679217,0
2018-06-26,sh.600258,28.1200,28.5200,27.5500,28.2500,28.3600,8698101,243178147.0000,3,1.392567,1,-0.387872,0
2018-06-27,sh.600258,28.0000,28.7800,25.8000,26.5000,28.2500,7884011,217626473.0000,3,1.262231,1,-6.194690,0
2018-06-28,sh.600258,26.4000,27.0300,25.8500,26.4000,26.5000,8055706,213883923.0000,3,1.289719,1,-0.377360,0
2018-06-29,sh.600258,26.6100,27.4900,26.6100,27.1700,26.4000,4784411,129634294.0000,3,0.765985,1,2.916668,0
2018-07-02,sh.600258,27.4800,27.5200,24.9900,25.3400,27.1700,8208611,211252247.0000,3,1.314199,1,-6.735370,0
2018-07-03,sh.600258,25.4000,25.4500,23.6600,25.0000,25.3400,8809255,215093577.0000,3,1.410362,1,-1.341753,0
2018-07-04,sh.600258,24.6200,25.1100,24.1000,24.6700,25.0000,4137083,101034848.0000,3,0.662347,1,-1.320000,0
2018-07-05,sh.600258,24.4900,25.0500,23.2100,23.7900,24.6700,4220610,101861589.0000,3,0.675720,1,-3.567082,0
2018-07-06,sh.600258,23.8900,24.3500,23.0200,23.9300,23.7900,4810916,114701162.0000,3,0.770228,1,0.588480,0
2018-07-09,sh.600258,23.9300,25.1200,23.9300,25.0700,23.9300,5976159,148408170.0000,3,0.956783,1,4.763892,0
2018-07-10,sh.600258,25.0700,25.6500,24.9200,25.1800,25.0700,4662725,118011609.0000,3,0.746503,1,0.438774,0
2018-07-11,sh.600258,24.4000,25.3400,24.2500,24.9100,25.1800,4642036,115436168.0000,3,0.743190,1,-1.072281,0
2018-07-12,sh.600258,24.9100,25.8300,24.6200,25.6200,24.9100,5790462,147405978.0000,3,0.927053,1,2.850265,0
2018-07-13,sh.600258,25.6900,25.9800,25.5000,25.8100,25.6200,2917939,75169034.0000,3,0.467162,1,0.741603,0
2018-07-16,sh.600258,25.9700,26.3500,25.4000,25.9300,25.8100,3871901,100504879.0000,3,0.619892,1,0.464939,0
2018-07-17,sh.600258,26.1000,26.5500,25.5500,26.0200,25.9300,4625563,120523273.0000,3,0.740553,1,0.347089,0
2018-07-18,sh.600258,26.0000,26.4300,25.4100,25.5900,26.0200,3883343,100780359.0000,3,0.621723,1,-1.652576,0
2018-07-19,sh.600258,25.7000,26.2000,25.0900,25.3100,25.5900,4305665,110009522.0000,3,0.689337,1,-1.094180,0
2018-07-20,sh.600258,25.3100,25.7600,25.0900,25.5600,25.3100,3989948,101901605.0000,3,0.638791,1,0.987752,0
2018-07-23,sh.600258,25.5600,25.6900,24.6200,24.7600,25.5600,4842505,120762454.0000,3,0.775285,1,-3.129888,0
2018-07-24,sh.600258,24.7400,25.8000,24.7000,25.6800,24.7600,5855668,148836872.0000,3,0.937493,1,3.715671,0
2018-07-25,sh.600258,25.4300,25.5000,24.8200,24.9700,25.6800,4785989,119760585.0000,3,0.766237,1,-2.764801,0
2018-07-26,sh.600258,24.9200,24.9700,23.6800,23.9700,24.9700,7019981,168883036.0000,3,1.123899,1,-4.004806,0
2018-07-27,sh.600258,23.8000,24.1800,23.5300,23.8800,23.9700,4595224,109783116.0000,3,0.735696,1,-0.375470,0
2018-07-30,sh.600258,23.6200,23.6200,22.3600,22.7000,23.8800,8834360,202173730.0000,3,1.414382,1,-4.941367,0
2018-07-31,sh.600258,22.6800,22.9000,22.4000,22.8600,22.7000,4634269,104728165.0000,3,0.741947,1,0.704845,0
2018-08-01,sh.600258,22.8600,23.3600,22.3900,22.4000,22.8600,4881384,111246681.0000,3,0.781510,1,-2.012253,0
2018-08-02,sh.600258,22.4400,22.4400,21.2200,21.2600,22.4000,7469945,160815662.0000,3,1.195939,1,-5.089283,0
2018-08-03,sh.600258,21.2000,21.2000,19.9700,20.1000,21.2600,12979364,264358053.0000,3,2.077997,1,-5.456255,0
2018-08-06,sh.600258,20.0000,20.3300,18.9600,19.0300,20.1000,7416405,144813778.0000,3,1.187367,1,-5.323381,0
2018-08-07,sh.600258,19.3900,19.9800,19.2100,19.9300,19.0300,8212987,160602994.0000,3,1.314900,1,4.729373,0
2018-08-08,sh.600258,19.7500,20.4800,19.3700,19.5800,19.9300,7152063,142082133.0000,3,1.145046,1,-1.756148,0
2018-08-09,sh.600258,19.1700,20.4500,19.1000,20.0900,19.5800,7041960,140752435.0000,3,1.127418,1,2.604700,0
2018-08-10,sh.600258,20.1400,20.5500,19.9000,20.5300,20.0900,5373051,109282254.0000,3,0.860226,1,2.190147,0
2018-08-13,sh.600258,20.3300,20.3300,19.5600,20.0100,20.5300,5186981,102887480.0000,3,0.830436,1,-2.532881,0
2018-08-14,sh.600258,19.9000,20.2000,19.8300,20.1200,20.0100,3228888,64589289.0000,3,0.516945,1,0.549728,0
2018-08-15,sh.600258,19.9600,20.0300,19.1000,19.1800,20.1200,4077378,79091765.0000,3,0.652789,1,-4.671971,0
2018-08-16,sh.600258,18.9000,19.5800,18.5300,19.3100,19.1800,5365923,103320773.0000,3,0.859085,1,0.677785,0
2018-08-17,sh.600258,19.5000,20.0000,18.6100,18.7100,19.3100,4644760,88329686.0000,3,0.743626,1,-3.107200,0
2018-08-20,sh.600258,18.9300,18.9300,17.9300,18.6100,18.7100,6019152,110890335.0000,3,0.963667,1,-0.534465,0
2018-08-21,sh.600258,18.7700,19.3900,18.5400,19.1600,18.6100,5986415,113305795.0000,3,0.958425,1,2.955396,0
2018-08-22,sh.600258,19.1400,19.1600,18.5000,18.6100,19.1600,4142444,77719540.0000,3,0.663206,1,-2.870560,0
2018-08-23,sh.600258,18.4500,18.9500,18.3200,18.6600,18.6100,3364087,62733536.0000,3,0.538591,1,0.268669,0
2018-08-24,sh.600258,18.6700,18.6700,18.1000,18.4500,18.6600,3517471,64609814.0000,3,0.563147,1,-1.125397,0
2018-08-27,sh.600258,18.6800,19.4700,18.5700,19.3000,18.4500,5033302,96210681.0000,3,0.805832,1,4.607038,0
2018-08-28,sh.600258,19.4300,19.9600,19.3400,19.5800,19.3000,5355671,105320373.0000,3,0.857443,1,1.450781,0
2018-08-29,sh.600258,19.6000,19.8700,19.0900,19.1700,19.5800,3592143,69449726.0000,3,0.575102,1,-2.093973,0
2018-08-30,sh.600258,19.4000,19.7600,19.1000,19.2600,19.1700,4291417,82990997.0000,3,0.687056,1,0.469484,0
2018-08-31,sh.600258,19.1900,19.1900,18.2100,18.4200,19.2600,6178377,114011030.0000,3,0.989159,1,-4.361372,0
2018-09-03,sh.600258,18.3700,18.6700,17.9400,18.4400,18.4200,6244939,113894629.0000,3,0.999815,1,0.108580,0
2018-09-04,sh.600258,18.3500,18.7000,17.9500,18.5900,18.4400,5431960,99541523.0000,3,0.869657,1,0.813447,0
2018-09-05,sh.600258,18.5400,18.5400,17.8000,17.9000,18.5900,5050326,91188183.0000,3,0.808558,1,-3.711676,0
2018-09-06,sh.600258,17.8000,18.1000,17.4500,17.6600,17.9000,5031110,89556094.0000,3,0.805481,1,-1.340781,0
2018-09-07,sh.600258,17.7400,18.1700,17.5800,17.8400,17.6600,7904762,141741305.0000,3,1.265553,1,1.019254,0
2018-09-10,sh.600258,17.8400,18.0000,17.3800,17.6100,17.8400,5157891,90633878.0000,3,0.825779,1,-1.289235,0
2018-09-11,sh.600258,17.6800,17.8000,17.0000,17.3900,17.6100,3450980,59833946.0000,3,0.552502,1,-1.249297,0
2018-09-12,sh.600258,17.3900,17.4000,16.8000,17.1500,17.3900,4841847,82960884.0000,3,0.775180,1,-1.380102,0
2018-09-13,sh.600258,17.3500,17.9500,17.0900,17.9000,17.1500,4359852,76229081.0000,3,0.698013,1,4.373178,0
2018-09-14,sh.600258,17.9600,18.0500,17.5500,17.8500,17.9000,5333883,95158285.0000,3,0.853955,1,-0.279325,0
2018-09-17,sh.600258,17.8100,17.9400,17.4000,17.8100,17.8500,4584988,81557704.0000,3,0.734057,1,-0.224095,0
2018-09-18,sh.600258,17.8300,18.0900,17.4300,17.9000,17.8100,4894707,86868652.0000,3,0.783643,1,0.505335,0
2018-09-19,sh.600258,17.9000,18.7300,17.7600,18.5300,17.9000,5070623,92752947.0000,3,0.811807,1,3.519559,0
2018-09-20,sh.600258,18.5600,19.7900,18.5600,19.5000,18.5300,9378629,181812347.0000,3,1.501519,1,5.234751,0
2018-09-21,sh.600258,19.5200,20.0000,19.3800,19.7800,19.5000,5611293,110786410.0000,3,0.898368,1,1.435901,0
2018-09-25,sh.600258,19.5700,20.0000,19.2100,19.6300,19.7800,3625368,71019511.0000,3,0.580422,1,-0.758349,0
2018-09-26,sh.600258,19.7200,20.2900,19.4500,20.1300,19.6300,5905561,117937511.0000,3,0.945481,1,2.547122,0
2018-09-27,sh.600258,20.1000,20.1300,19.5000,19.5700,20.1300,3659523,72284244.0000,3,0.585890,1,-2.781915,0
2018-09-28,sh.600258,19.7000,20.9000,19.5100,20.2500,19.5700,6318152,127913282.0000,3,1.011537,1,3.474708,0
2018-10-08,sh.600258,19.7000,19.8300,18.6000,18.7500,20.2500,6691746,126836529.0000,3,1.071349,1,-7.407407,0
2018-10-09,sh.600258,18.9100,18.9200,18.2500,18.2800,18.7500,4031622,74695167.0000,3,0.645463,1,-2.506663,0
2018-10-10,sh.600258,18.4000,18.5900,18.1000,18.3300,18.2800,3292926,60451597.0000,3,0.527198,1,0.273519,0
2018-10-11,sh.600258,17.3400,17.6100,16.5000,16.9400,18.3300,5291951,90210820.0000,3,0.847242,1,-7.583193,0
2018-10-12,sh.600258,16.8600,17.0400,16.2200,16.8000,16.9400,5572821,93118924.0000,3,0.892209,1,-0.826454,0
2018-10-15,sh.600258,16.9700,17.0500,15.8100,16.0000,16.8000,4755392,78299315.0000,3,0.761339,1,-4.761900,0
2018-10-16,sh.600258,15.9000,16.2300,15.6900,16.0000,16.0000,4262921,68115984.0000,3,0.682494,1,0.000000,0
2018-10-17,sh.600258,16.3000,16.4000,14.5700,15.1800,16.0000,8556419,129733975.0000,3,1.369883,1,-5.124998,0
2018-10-18,sh.600258,15.0300,15.6700,14.9200,15.4300,15.1800,5963639,91531467.0000,3,0.954779,1,1.646904,0
2018-10-19,sh.600258,15.4000,16.0500,15.1200,15.9800,15.4300,6831013,107400681.0000,3,1.093646,1,3.564480,0
2018-10-22,sh.600258,16.2000,17.5800,16.2000,17.5500,15.9800,7432979,128152934.0000,3,1.190020,1,9.824780,0
2018-10-23,sh.600258,17.5100,17.5300,16.6300,16.9000,17.5500,4998179,85399393.0000,3,0.800209,1,-3.703702,0
2018-10-24,sh.600258,16.7700,16.9800,16.3800,16.4900,16.9000,3194019,53139035.0000,3,0.511363,1,-2.426035,0
2018-10-25,sh.600258,15.9400,16.2100,15.6800,16.1700,16.4900,3666795,58510204.0000,3,0.587054,1,-1.940568,0
2018-10-26,sh.600258,16.2100,16.5000,15.8400,15.9700,16.1700,2761925,44621428.0000,3,0.442184,1,-1.236857,0
2018-10-29,sh.600258,15.8500,15.8500,15.1000,15.3200,15.9700,3529538,54623254.0000,3,0.565079,1,-4.070135,0
2018-10-30,sh.600258,15.1000,15.8900,15.0500,15.6900,15.3200,4276564,66478673.0000,3,0.684678,1,2.415143,0
2018-10-31,sh.600258,15.8700,16.7800,15.7800,16.5500,15.6900,5317533,87291142.0000,3,0.851337,1,5.481196,0
2018-11-01,sh.600258,16.8000,17.1600,16.6000,16.8300,16.5500,4744237,80311720.0000,3,0.759553,1,1.691847,0
2018-11-02,sh.600258,17.5900,18.5100,17.4300,18.4600,16.8300,8883443,159921730.0000,3,1.422240,1,9.685081,0
2018-11-05,sh.600258,18.4600,18.4700,17.5100,17.8500,18.4600,4969031,88690126.0000,3,0.795542,1,-3.304435,0
2018-11-06,sh.600258,17.7000,18.1500,17.0700,17.9000,17.8500,6373251,111128225.0000,3,1.020358,1,0.280108,0
2018-11-07,sh.600258,18.1700,18.1800,17.1300,17.4100,17.9000,5771976,101160364.0000,3,0.924094,1,-2.737429,0
2018-11-08,sh.600258,17.6000,17.6600,17.3500,17.4400,17.4100,1893521,33130972.0000,3,0.303153,1,0.172319,0
2018-11-09,sh.600258,17.3400,17.3400,16.8800,17.1400,17.4400,3083457,52660789.0000,3,0.493662,1,-1.720190,0
2018-11-12,sh.600258,17.1100,17.4800,17.0500,17.4000,17.1400,2926953,50561078.0000,3,0.468605,1,1.516921,0
2018-11-13,sh.600258,17.0500,17.6500,17.0400,17.4600,17.4000,3622197,62884563.0000,3,0.579914,1,0.344824,0
2018-11-14,sh.600258,17.3500,17.8400,17.2000,17.3900,17.4600,2875664,50385004.0000,3,0.460394,1,-0.400915,0
2018-11-15,sh.600258,17.4400,18.1400,17.3500,18.1100,17.3900,3899498,69315820.0000,3,0.624310,1,4.140318,0
2018-11-16,sh.600258,17.8700,18.3000,17.7600,17.9900,18.1100,3875835,69572886.0000,3,0.620521,1,-0.662622,0
2018-11-19,sh.600258,17.6100,17.7900,17.3600,17.6000,17.9900,4825143,84542225.0000,3,0.772506,1,-2.167868,0
2018-11-20,sh.600258,17.4600,17.6400,16.9800,17.0000,17.6000,3250736,56059015.0000,3,0.520443,1,-3.409093,0
2018-11-21,sh.600258,16.8500,17.0400,16.6100,16.9200,17.0000,2768970,46718630.0000,3,0.443312,1,-0.470588,0
2018-11-22,sh.600258,16.9700,17.0700,16.6100,16.8300,16.9200,1993181,33535817.0000,3,0.319108,1,-0.531916,0
2018-11-23,sh.600258,16.8600,16.9400,16.1200,16.3300,16.8300,3193573,52477614.0000,3,0.511291,1,-2.970885,0
2018-11-26,sh.600258,16.5000,16.5300,15.9000,16.0900,16.3300,2317031,37346479.0000,3,0.370957,1,-1.469686,0
2018-11-27,sh.600258,16.2000,16.4100,15.9600,16.0100,16.0900,2382323,38453940.0000,3,0.381410,1,-0.497203,0
2018-11-28,sh.600258,16.0100,16.7800,15.8600,16.6500,16.0100,4115426,67350217.0000,3,0.658880,1,3.997498,0
2018-11-29,sh.600258,16.7200,16.8500,16.4800,16.5000,16.6500,3473426,57798913.0000,3,0.556096,1,-0.900899,0
2018-11-30,sh.600258,16.5000,16.9700,16.4000,16.7600,16.5000,3148080,52653378.0000,3,0.504008,1,1.575759,0
2018-12-03,sh.600258,17.2700,18.1700,17.0100,18.0000,16.7600,9131266,162365402.0000,3,1.461916,1,7.398567,0
2018-12-04,sh.600258,17.9900,18.1600,17.8400,18.1000,18.0000,3443810,62045305.0000,3,0.551354,1,0.555558,0
2018-12-05,sh.600258,17.9900,18.1600,17.8100,17.9100,18.1000,3201866,57535910.0000,3,0.512619,1,-1.049727,0
2018-12-06,sh.600258,17.8300,17.9200,17.3800,17.5500,17.9100,3316377,58439587.0000,3,0.530952,1,-2.010054,0
2018-12-07,sh.600258,17.8400,17.8400,17.2400,17.3500,17.5500,3037246,52927781.0000,3,0.486263,1,-1.139595,0
2018-12-10,sh.600258,17.1300,17.6000,17.1100,17.1100,17.3500,2308050,39962288.0000,3,0.369519,1,-1.383284,0
2018-12-11,sh.600258,17.3500,17.5900,17.2300,17.4700,17.1100,2754381,48056818.0000,3,0.440977,1,2.104025,0
2018-12-12,sh.600258,17.5300,17.5700,17.3600,17.4900,17.4700,1723264,30129980.0000,3,0.275895,1,0.114485,0
2018-12-13,sh.600258,17.5000,17.9500,17.5000,17.7800,17.4900,4951746,88094794.0000,3,0.792775,1,1.658096,0
2018-12-14,sh.600258,17.7700,17.9100,17.4200,17.5000,17.7800,4175164,73472664.0000,3,0.668444,1,-1.574807,0
2018-12-17,sh.600258,17.3600,17.5100,16.7500,16.8900,17.5000,3388089,57599383.0000,3,0.542433,1,-3.485718,0
2018-12-18,sh.600258,16.7100,17.0400,16.5000,16.8900,16.8900,2943126,49569905.0000,3,0.471195,1,0.000000,0
2018-12-19,sh.600258,16.7900,17.0800,16.6300,16.7500,16.8900,1942799,32641003.0000,3,0.311042,1,-0.828889,0
2018-12-20,sh.600258,16.8100,16.9200,16.6100,16.8000,16.7500,1750772,29366335.0000,3,0.280299,1,0.298503,0
2018-12-21,sh.600258,16.7400,16.7900,16.0400,16.3000,16.8000,2892805,47339922.0000,3,0.463138,1,-2.976191,0
2018-12-24,sh.600258,16.3000,17.0800,16.2700,16.9700,16.3000,2800690,46838606.0000,3,0.448391,1,4.110430,0
2018-12-25,sh.600258,16.9200,17.0800,16.4300,16.9200,16.9700,2268838,37886878.0000,3,0.363241,1,-0.294633,0
2018-12-26,sh.600258,16.9500,16.9500,16.5000,16.6000,16.9200,1412804,23581581.0000,3,0.226190,1,-1.891251,0
2018-12-27,sh.600258,16.8700,16.9400,16.0500,16.0900,16.6000,5916127,96344671.0000,3,0.947172,1,-3.072290,0
2018-12-28,sh.600258,16.1100,16.2400,15.8100,15.9600,16.0900,3048336,48964941.0000,3,0.488039,1,-0.807956,0
2019-01-02,sh.600258,15.9600,16.0000,15.2500,15.4100,15.9600,4069759,62994113.0000,3,0.651569,1,-3.446116,0
2019-01-03,sh.600258,15.3800,15.4000,14.8100,15.1500,15.4100,4661577,70359574.0000,3,0.746319,1,-1.687217,0
2019-01-04,sh.600258,14.8400,15.3500,14.8400,15.0100,15.1500,7465149,112210333.0000,3,1.195171,1,-0.924088,0
2019-01-07,sh.600258,15.0300,15.2800,15.0000,15.1900,15.0100,6927081,104887334.0000,3,1.109026,1,1.199196,0
2019-01-08,sh.600258,15.0400,15.0700,13.7300,14.1000,15.1900,22762345,322931833.0000,3,3.644253,1,-7.175768,0
2019-01-09,sh.600258,14.1000,15.0600,13.9900,14.7600,14.1000,20279754,296188955.0000,3,3.246790,1,4.680850,0
2019-01-10,sh.600258,14.6600,14.9500,14.4300,14.7800,14.7600,12500878,183717020.0000,3,2.001391,1,0.135498,0
2019-01-11,sh.600258,14.7500,14.7800,14.3300,14.5600,14.7800,7435689,107672997.0000,3,1.190454,1,-1.488493,0
2019-01-14,sh.600258,14.5000,14.5100,14.0600,14.2000,14.5600,5006803,71292046.0000,3,0.801590,1,-2.472532,0
2019-01-15,sh.600258,14.2200,14.6900,14.1200,14.6500,14.2000,7852642,113315798.0000,3,1.257209,1,3.169013,0
2019-01-16,sh.600258,14.6500,14.7000,14.3700,14.5100,14.6500,6375245,92461112.0000,3,1.020677,1,-0.955627,0
2019-01-17,sh.600258,14.5600,14.5600,14.3500,14.4000,14.5100,4355917,62820054.0000,3,0.697383,1,-0.758102,0
2019-01-18,sh.600258,14.4200,15.1000,14.3600,14.9800,14.4000,9501190,140400711.0000,3,1.521141,1,4.027778,0
2019-01-21,sh.600258,15.1100,15.8500,15.1100,15.8000,14.9800,12761677,197898236.0000,3,2.043145,1,5.473970,0
2019-01-22,sh.600258,15.6600,15.7500,15.3900,15.5500,15.8000,6628862,103440293.0000,3,1.061281,1,-1.582278,0
2019-01-23,sh.600258,15.5200,15.5200,15.0400,15.2400,15.5500,5075927,77158422.0000,3,0.812656,1,-1.993572,0
2019-01-24,sh.600258,15.1600,15.4300,14.8200,15.3800,15.2400,5541325,84266713.0000,3,0.887167,1,0.918637,0
2019-01-25,sh.600258,15.2900,15.4600,15.0800,15.2100,15.3800,4147404,63271724.0000,3,0.664000,1,-1.105332,0
2019-01-28,sh.600258,15.3000,15.4800,15.1100,15.2300,15.2100,5132972,78571118.0000,3,0.821789,1,0.131489,0
2019-01-29,sh.600258,15.2000,15.2300,14.6200,15.0300,15.2300,5198668,77728597.0000,3,0.832307,1,-1.313196,0
2019-01-30,sh.600258,14.9200,15.0900,14.6000,14.7300,15.0300,5863964,86978465.0000,3,0.938821,1,-1.996009,0
2019-01-31,sh.600258,14.6300,15.0400,14.6300,14.9800,14.7300,5206633,77236781.0000,3,0.833582,1,1.697217,0
2019-02-01,sh.600258,15.1300,15.4700,14.9100,15.4000,14.9800,7303739,111353968.0000,3,1.169329,1,2.803739,0
2019-02-11,sh.600258,15.5200,15.6500,15.1600,15.5500,15.4000,7494227,115297801.0000,3,1.199826,1,0.974030,0
2019-02-12,sh.600258,15.5200,15.8500,15.4000,15.6800,15.5500,9331132,145673025.0000,3,1.493915,1,0.836014,0
2019-02-13,sh.600258,15.7300,16.9700,15.6300,16.7500,15.6800,13554241,221964046.0000,3,2.170035,1,6.823978,0
2019-02-14,sh.600258,16.6200,17.2800,16.4600,17.1200,16.7500,12479928,212509350.0000,3,1.998037,1,2.208960,0
2019-02-15,sh.600258,17.0100,17.1900,16.8300,16.8400,17.1200,8039165,136452992.0000,3,1.287071,1,-1.635518,0
2019-02-18,sh.600258,16.8500,18.0300,16.8500,17.7900,16.8400,10474313,184127544.0000,3,1.676938,1,5.641335,0
2019-02-19,sh.600258,17.9000,18.0500,17.3400,17.5800,17.7900,8879856,157141501.0000,3,1.421666,1,-1.180444,0
2019-02-20,sh.600258,17.6500,17.9800,17.2600,17.7000,17.5800,7850741,138376139.0000,3,1.256904,1,0.682599,0
2019-02-21,sh.600258,17.5000,17.9900,17.4500,17.5300,17.7000,7570981,134516497.0000,3,1.212115,1,-0.960452,0
2019-02-22,sh.600258,17.6900,17.7800,17.0500,17.7100,17.5300,8383805,146197275.0000,3,1.342248,1,1.026802,0
2019-02-25,sh.600258,17.8500,18.4600,17.5600,18.3400,17.7100,16267823,293601634.0000,3,2.604480,1,3.557318,0
2019-02-26,sh.600258,18.6000,19.1900,18.3000,18.4100,18.3400,11865807,222600091.0000,3,1.899717,1,0.381678,0
2019-02-27,sh.600258,18.3700,19.3700,18.3100,18.8500,18.4100,11903307,225698621.0000,3,1.905720,1,2.390008,0
2019-02-28,sh.600258,18.7100,19.7500,18.6000,19.5500,18.8500,7954021,153165646.0000,3,1.273439,1,3.713522,0
2019-03-01,sh.600258,19.5200,19.9500,19.0900,19.6500,19.5500,6223852,121532823.0000,3,0.996439,1,0.511511,0
2019-03-04,sh.600258,19.6600,19.8900,19.4000,19.5000,19.6500,8795552,172465689.0000,3,1.408168,1,-0.763357,0
2019-03-05,sh.600258,19.4600,19.5900,18.7300,19.3000,19.5000,9203829,175015143.0000,3,1.473534,1,-1.025645,0
2019-03-06,sh.600258,19.2800,19.2900,18.8000,19.1000,19.3000,9035540,171410837.0000,3,1.446591,1,-1.036264,0
2019-03-07,sh.600258,19.0400,19.1700,18.5500,18.6000,19.1000,12620143,237034520.0000,3,2.020486,1,-2.617801,0
2019-03-08,sh.600258,18.5100,18.5400,17.7000,17.8800,18.6000,15770774,286115980.0000,3,2.524902,1,-3.870974,0
2019-03-11,sh.600258,17.9200,18.3300,17.8700,18.2500,17.8800,9210331,166863805.0000,3,1.474575,1,2.069356,0
2019-03-12,sh.600258,18.3000,18.8400,18.3000,18.6600,18.2500,9925309,184891045.0000,3,1.589043,1,2.246574,0
2019-03-13,sh.600258,18.7100,18.7100,18.1600,18.2400,18.6600,6990129,129202685.0000,3,1.119120,1,-2.250804,0
2019-03-14,sh.600258,18.3800,18.9800,18.1500,18.9300,18.2400,11798581,220128300.0000,3,1.888954,1,3.782898,0
2019-03-15,sh.600258,18.9900,20.0900,18.7300,19.8800,18.9300,14189460,277851305.0000,3,2.271734,1,5.018483,0
2019-03-18,sh.600258,19.9000,21.1200,19.8900,20.9900,19.8800,14661403,303605747.0000,3,2.347292,1,5.583504,0
2019-03-19,sh.600258,20.9800,21.5700,20.6000,21.3800,20.9900,10796648,228155827.0000,3,1.728544,1,1.858025,0
2019-03-20,sh.600258,21.3500,21.5200,20.6000,21.0700,21.3800,6714598,141228178.0000,3,1.075008,1,-1.449951,0
2019-03-21,sh.600258,20.8000,21.1700,20.6800,20.8500,21.0700,4885237,101963800.0000,3,0.782127,1,-1.044135,0
2019-03-22,sh.600258,20.7200,21.8800,20.7200,21.7900,20.8500,11164755,239522025.0000,3,1.787478,1,4.508396,0
2019-03-25,sh.600258,21.5000,21.8200,21.0200,21.3400,21.7900,7796418,167188673.0000,3,1.248207,1,-2.065171,0
2019-03-26,sh.600258,21.6700,21.6700,20.6600,20.6700,21.3400,7247822,152493776.0000,3,1.160377,1,-3.139644,0
2019-03-27,sh.600258,20.8300,21.8900,20.7900,21.8500,20.6700,8604294,184672373.0000,3,1.377548,1,5.708758,0
2019-03-28,sh.600258,21.8200,22.1400,21.3300,21.7300,21.8500,9158772,198700012.0000,3,1.466320,1,-0.549203,0
2019-03-29,sh.600258,21.7300,22.3700,21.4100,21.9800,21.7300,10789406,236950122.0000,3,1.727385,1,1.150483,0
2019-04-01,sh.600258,22.6000,24.1800,22.6000,23.7000,21.9800,13580538,323019272.0000,3,2.174245,1,7.825302,0
2019-04-02,sh.600258,23.2800,24.7300,22.8800,23.0000,23.7000,16378950,384645680.0000,3,2.622271,1,-2.953590,0
2019-04-03,sh.600258,23.1300,24.1400,22.9500,23.5600,23.0000,11433017,269117101.0000,3,1.830427,1,2.434780,0
2019-04-04,sh.600258,23.4600,23.7900,22.8000,23.2700,23.5600,12278935,283426472.0000,3,1.965858,1,-1.230896,0
2019-04-08,sh.600258,23.3000,23.5300,22.2200,22.5800,23.2700,14147031,324051233.0000,3,2.264941,1,-2.965194,0
2019-04-09,sh.600258,22.4000,23.0100,22.1600,22.5000,22.5800,10013041,225607138.0000,3,1.603089,1,-0.354295,0
2019-04-10,sh.600258,22.6000,23.7200,22.4000,23.3100,22.5000,14877922,345457633.0000,3,2.381956,1,3.599998,0
2019-04-11,sh.600258,23.1000,23.3000,21.8800,22.1600,23.3100,13243885,295545683.0000,3,2.120347,1,-4.933503,0
2019-04-12,sh.600258,22.1400,22.4300,21.4600,21.6000,22.1600,11318433,246073038.0000,3,1.812082,1,-2.527073,0
2019-04-15,sh.600258,22.0700,23.2800,22.0700,22.8500,21.6000,19231831,437275202.0000,3,3.079017,1,5.787037,0
2019-04-16,sh.600258,23.0800,23.0800,21.5700,22.5300,22.8500,16882840,373396088.0000,3,2.702944,1,-1.400436,0
2019-04-17,sh.600258,22.3000,22.3000,21.9200,22.2700,22.5300,8095521,179067673.0000,3,1.296093,1,-1.154018,0
2019-04-18,sh.600258,21.9500,22.0800,21.7300,21.9300,22.2700,7998819,175043284.0000,3,1.280611,1,-1.526718,0
2019-04-19,sh.600258,21.9900,22.6500,21.9400,22.2300,21.9300,9057993,201357991.0000,3,1.450185,1,1.367986,0
2019-04-22,sh.600258,22.4500,22.5400,21.1000,21.2100,22.2300,10509028,226746199.0000,3,1.682496,1,-4.588396,0
2019-04-23,sh.600258,21.2100,21.5000,20.9700,21.1400,21.2100,7263944,153721017.0000,3,1.162958,1,-0.330032,0
2019-04-24,sh.600258,21.3400,21.3400,20.3600,21.2000,21.1400,10155779,211290255.0000,3,1.625941,1,0.283829,0
2019-04-25,sh.600258,20.9200,21.3800,20.5500,20.9300,21.2000,9405303,197083664.0000,3,1.505790,1,-1.273587,0
2019-04-26,sh.600258,20.8500,21.1900,20.0600,21.1400,20.9300,8579600,177723406.0000,3,1.373595,1,1.003340,0
2019-04-29,sh.600258,21.1500,21.2800,20.2900,20.4000,21.1400,8583160,177109297.0000,3,1.374165,1,-3.500472,0
2019-04-30,sh.600258,19.5800,20.2700,18.8600,20.2500,20.4000,15779154,309104890.0000,3,2.526244,1,-0.735292,0
2019-05-06,sh.600258,19.6500,19.6500,18.2500,18.2500,20.2500,13889570,261937360.0000,3,2.223721,1,-9.876543,0
2019-05-07,sh.600258,18.3000,19.2000,18.2900,18.6100,18.2500,8593472,160481151.0000,3,1.375815,1,1.972606,0
2019-05-08,sh.600258,18.2600,18.7100,18.1800,18.4600,18.6100,5149552,95180419.0000,3,0.824444,1,-0.806026,0
2019-05-09,sh.600258,18.1100,18.4600,17.6000,18.1200,18.4600,7069141,127268034.0000,3,1.131770,1,-1.841811,0
2019-05-10,sh.600258,18.3800,19.2300,17.8100,18.7700,18.1200,10087864,187408086.0000,3,1.615068,1,3.587194,0
2019-05-13,sh.600258,18.4000,18.5600,17.8400,17.9000,18.7700,7351452,132852578.0000,3,1.176968,1,-4.635060,0
2019-05-14,sh.600258,17.5800,18.4100,17.4800,18.1300,17.9000,10793430,195671637.0000,3,1.728029,1,1.284914,0
2019-05-15,sh.600258,18.3100,18.5600,18.0700,18.4400,18.1300,7071061,129330543.0000,3,1.132077,1,1.709881,0
2019-05-16,sh.600258,18.4400,18.5900,18.1400,18.3800,18.4400,4738862,86922190.0000,3,0.758692,1,-0.325387,0
2019-05-17,sh.600258,18.4300,18.4500,17.3700,17.4300,18.3800,8455194,150108138.0000,3,1.353677,1,-5.168655,0
2019-05-20,sh.600258,17.5000,17.5000,16.5600,16.7700,17.4300,7613457,127907074.0000,3,1.218915,1,-3.786574,0
2019-05-21,sh.600258,16.9000,17.9500,16.8000,17.6500,16.7700,12241931,214329084.0000,3,1.959934,1,5.247461,0
2019-05-22,sh.600258,17.8000,17.8100,17.2500,17.7000,17.6500,6236618,109171956.0000,3,0.998483,1,0.283293,0
2019-05-23,sh.600258,17.4600,17.6700,16.8500,16.9600,17.7000,5731975,98137113.0000,3,0.917690,1,-4.180800,0
2019-05-24,sh.600258,16.8800,17.2000,16.6800,16.8800,16.9600,7030428,118737662.0000,3,1.125572,1,-0.471698,0
2019-05-27,sh.600258,16.8800,17.1000,16.4100,17.0200,16.8800,7812236,130912884.0000,3,1.250740,1,0.829392,0
2019-05-28,sh.600258,17.0000,17.2700,16.8200,16.9600,17.0200,6445718,109757511.0000,3,1.031960,1,-0.352534,0
2019-05-29,sh.600258,16.8400,17.1200,16.6000,16.8600,16.9600,4874709,82450562.0000,3,0.780441,1,-0.589614,0
2019-05-30,sh.600258,16.8600,17.1000,16.5300,16.8500,16.8600,6156308,103198032.0000,3,0.985625,1,-0.059313,0
2019-05-31,sh.600258,16.8000,16.9800,16.5200,16.5300,16.8500,6524775,109055982.0000,3,1.044617,1,-1.899108,0
2019-06-03,sh.600258,16.6500,16.7600,16.0300,16.3000,16.5300,8463845,138384739.0000,3,1.355062,1,-1.391418,0
2019-06-04,sh.600258,16.2700,16.6000,16.2400,16.3500,16.3000,6251200,102807144.0000,3,1.000818,1,0.306756,0
2019-06-05,sh.600258,16.5500,16.5900,15.8300,15.9500,16.3500,8044365,129883227.0000,3,1.287903,1,-2.446487,0
2019-06-06,sh.600258,16.0400,16.0400,15.3000,15.3800,15.9500,8527167,132421934.0000,3,1.365200,1,-3.573666,0
2019-06-10,sh.600258,15.5700,15.9100,15.1700,15.8500,15.3800,8582768,133794152.0000,3,1.374102,1,3.055918,0
2019-06-11,sh.600258,15.7900,17.1700,15.7800,16.7500,15.8500,12710885,211265103.0000,3,2.035014,1,5.678231,0
2019-06-12,sh.600258,16.7500,16.8700,16.6000,16.7100,16.7500,5934807,99239380.0000,3,0.950163,1,-0.238811,0
2019-06-13,sh.600258,16.5800,16.7000,16.2500,16.2500,16.7100,7199516,117759855.0000,3,1.152643,1,-2.752837,0
2019-06-14,sh.600258,16.3500,16.4300,15.9000,15.9300,16.2500,4674512,75309764.0000,3,0.748390,1,-1.969229,0
2019-06-17,sh.600258,15.9300,16.0300,15.5800,15.7800,15.9300,7085238,111954828.0000,3,1.134347,1,-0.941623,0
2019-06-18,sh.600258,15.8200,15.9600,15.6300,15.8800,15.7800,5036798,79695642.0000,3,0.806392,1,0.633716,0
2019-06-19,sh.600258,16.7000,17.0900,16.4000,16.4800,15.8800,14234449,238107950.0000,3,2.278936,1,3.778334,0
2019-06-20,sh.600258,16.6600,17.6400,16.4900,17.4200,16.4800,12647459,217947131.0000,3,2.024859,1,5.703887,0
2019-06-21,sh.600258,17.4300,18.1500,17.4300,17.8100,17.4200,9059089,162237169.0000,3,1.450361,1,2.238802,0
2019-06-24,sh.600258,17.8000,18.2000,17.6900,17.9300,17.8100,5673946,101694568.0000,3,0.908399,1,0.673783,0
2019-06-25,sh.600258,17.9400,18.1000,17.4000,17.8000,17.9300,7059027,124850329.0000,3,1.130151,1,-0.725048,0
2019-06-26,sh.600258,17.7800,18.0200,17.5500,17.9200,17.8000,5717040,101760327.0000,3,0.915299,1,0.674162,0
2019-06-27,sh.600258,17.9100,18.5500,17.7600,18.2000,17.9200,8728133,158838370.0000,3,1.397375,1,1.562504,0
2019-06-28,sh.600258,18.0400,18.2900,17.8100,17.9800,18.0900,4987543,89950259.0000,3,0.798506,1,-0.608074,0
2019-07-01,sh.600258,18.2300,19.5300,18.2300,19.2200,17.9800,10893315,207978457.0000,3,1.744020,1,6.896551,0
2019-07-02,sh.600258,19.2500,19.5300,18.8900,19.1400,19.2200,9271657,177397471.0000,3,1.484393,1,-0.416233,0
2019-07-03,sh.600258,19.0500,19.1300,18.4700,18.7000,19.1400,8843224,165383438.0000,3,1.415801,1,-2.298843,0
2019-07-04,sh.600258,18.6700,18.9500,18.3100,18.5500,18.7000,5703748,105960390.0000,3,0.913170,1,-0.802147,0
2019-07-05,sh.600258,18.5400,18.6900,18.2100,18.5200,18.5500,4967922,91754573.0000,3,0.795365,1,-0.161718,0
2019-07-08,sh.600258,18.5200,18.5200,17.6500,17.9100,18.5200,7397270,132592803.0000,3,1.184303,1,-3.293740,0
2019-07-09,sh.600258,17.7700,18.4000,17.7600,18.1800,17.9100,6501892,117451161.0000,3,1.040953,1,1.507540,0
2019-07-10,sh.600258,18.2000,18.2400,17.6500,17.7800,18.1800,5598352,99956875.0000,3,0.896297,1,-2.200218,0
2019-07-11,sh.600258,17.9800,18.0200,17.2500,17.5100,17.7800,5464565,96076753.0000,3,0.874877,1,-1.518563,0
2019-07-12,sh.600258,17.5500,17.6900,17.3100,17.3600,17.5100,4249340,74065331.0000,3,0.680320,1,-0.856651,0
2019-07-15,sh.600258,17.4300,18.0100,16.7300,17.7300,17.3600,6916295,120938038.0000,3,1.107299,1,2.131330,0
2019-07-16,sh.600258,17.6200,17.7400,17.1300,17.3300,17.7300,6297357,109540682.0000,3,1.008207,1,-2.256061,0
2019-07-17,sh.600258,17.4000,17.4400,17.1500,17.1700,17.3300,6065941,104811401.0000,3,0.971158,1,-0.923254,0
2019-07-18,sh.600258,16.8600,17.0900,16.4300,16.5500,17.1700,6915688,115127272.0000,3,1.107202,1,-3.610954,0
2019-07-19,sh.600258,16.5800,17.2900,16.5800,17.2200,16.5500,7350940,125557368.0000,3,1.176886,1,4.048339,0
2019-07-22,sh.600258,17.2200,17.3900,16.7500,16.8300,17.2200,4808945,81560087.0000,3,0.769912,1,-2.264805,0
2019-07-23,sh.600258,16.8000,17.1000,16.5700,16.8400,16.8300,5278121,88639498.0000,3,0.845028,1,0.059419,0
2019-07-24,sh.600258,16.8400,17.8200,16.8400,17.7000,16.8400,8699159,152787586.0000,3,1.392736,1,5.106892,0
2019-07-25,sh.600258,17.7000,17.9700,17.4200,17.5500,17.7000,5317379,93632232.0000,3,0.851313,1,-0.847466,0
2019-07-26,sh.600258,17.6500,17.7500,17.3100,17.7000,17.5500,4402874,77600934.0000,3,0.704900,1,0.854700,0
2019-07-29,sh.600258,17.7500,17.8800,17.3100,17.4300,17.7000,3915970,68429532.0000,3,0.626947,1,-1.525426,0
2019-07-30,sh.600258,17.3500,17.6700,17.3300,17.4100,17.4300,3854109,67230959.0000,3,0.617000,1,-0.114700,0
2019-07-31,sh.600258,17.3100,17.4300,16.8100,17.0200,17.4100,7641435,129986633.0000,3,1.223400,1,-2.240100,0
2019-08-01,sh.600258,16.8500,17.1000,16.6600,16.9100,17.0200,5637489,95097315.0000,3,0.902600,1,-0.646300,0
2019-08-02,sh.600258,16.6300,16.7900,16.3500,16.6800,16.9100,6314530,104374917.0000,3,1.011000,1,-1.360100,0
2019-08-05,sh.600258,16.5600,16.5900,16.1000,16.2000,16.6800,5162729,84237458.0000,3,0.826600,1,-2.877700,0
2019-08-06,sh.600258,15.8700,15.8700,15.1000,15.6200,16.2000,9783140,151756298.0000,3,1.566300,1,-3.580300,0
2019-08-07,sh.600258,15.7300,15.7400,14.9000,14.9800,15.6200,10714596,162512893.0000,3,1.715400,1,-4.097300,0
2019-08-08,sh.600258,15.0100,15.8500,15.0100,15.7100,14.9800,12989007,201711598.0000,3,2.079500,1,4.873200,0
2019-08-09,sh.600258,15.9000,16.2000,15.5300,15.7000,15.7100,6627952,105347102.0000,3,1.061100,1,-0.063700,0
2019-08-12,sh.600258,15.7000,16.1100,15.5600,15.7900,15.7000,4542735,71555624.0000,3,0.727300,1,0.573200,0
2019-08-13,sh.600258,15.6800,15.8600,15.3000,15.4300,15.7900,9898316,153494015.0000,3,1.584700,1,-2.279900,0
2019-08-14,sh.600258,15.8000,16.2700,15.6800,16.0000,15.4300,9992718,159756428.0000,3,1.599800,1,3.694100,0
2019-08-15,sh.600258,15.6200,15.9000,15.5500,15.8000,16.0000,7161730,112429781.0000,3,1.146600,1,-1.250000,0
2019-08-16,sh.600258,15.8000,16.1000,15.6800,15.8400,15.8000,6284193,99708392.0000,3,1.006100,1,0.253200,0
2019-08-19,sh.600258,15.9500,16.7300,15.9500,16.6900,15.8400,8908752,146488847.0000,3,1.426300,1,5.366200,0
2019-08-20,sh.600258,16.6400,17.0400,16.4500,16.5800,16.6900,10516249,175451454.0000,3,1.683700,1,-0.659100,0
2019-08-21,sh.600258,16.4600,16.5600,16.2700,16.3200,16.5800,5785525,94764751.0000,3,0.926300,1,-1.568200,0
2019-08-22,sh.600258,16.3500,16.4500,16.0500,16.2000,16.3200,7146059,115727688.0000,3,1.144100,1,-0.735300,0
2019-08-23,sh.600258,16.2000,16.3300,15.9100,15.9900,16.2000,6686621,107270988.0000,3,1.070500,1,-1.296300,0
2019-08-26,sh.600258,15.7600,15.7600,15.2500,15.4400,15.9900,14680985,226416364.0000,3,2.350400,1,-3.439700,0
2019-08-27,sh.600258,15.5200,15.9600,15.4500,15.7800,15.4400,14869644,234352609.0000,3,2.380600,1,2.202100,0
2019-08-28,sh.600258,15.9600,16.7400,15.9600,16.3900,15.7800,17190122,282158164.0000,3,2.752100,1,3.865700,0
2019-08-29,sh.600258,16.4900,17.5300,16.4000,17.2800,16.3900,20233941,344609229.0000,3,3.239500,1,5.430100,0
2019-08-30,sh.600258,17.5500,17.9000,17.1000,17.5700,17.2800,15877864,278416135.0000,3,2.542000,1,1.678200,0
2019-09-02,sh.600258,17.6800,17.9000,17.3600,17.7300,17.5700,12239425,216339083.0000,3,1.959500,1,0.910600,0
2019-09-03,sh.600258,17.6100,17.9300,17.5200,17.6300,17.7300,10385699,183339575.0000,3,1.662800,1,-0.564000,0
2019-09-04,sh.600258,17.6000,18.0400,17.5200,18.0400,17.6300,11772953,209045506.0000,3,1.884900,1,2.325600,0
2019-09-05,sh.600258,18.0200,18.3000,17.6900,17.7700,18.0400,16226288,291945277.0000,3,2.597800,1,-1.496700,0
2019-09-06,sh.600258,17.7000,18.0800,17.5500,17.9600,17.7700,9448086,168312686.0000,3,1.512600,1,1.069200,0
2019-09-09,sh.600258,18.1000,18.8300,18.0200,18.6100,17.9600,12507744,232351988.0000,3,2.002500,1,3.619200,0
2019-09-10,sh.600258,18.8500,18.8500,18.1700,18.2500,18.6100,11144883,205207294.0000,3,1.784300,1,-1.934400,0
2019-09-11,sh.600258,18.1500,18.6200,18.0600,18.1200,18.2500,9655686,176569519.0000,3,1.545900,1,-0.712300,0
2019-09-12,sh.600258,18.3500,18.3500,17.6800,18.0400,18.1200,9632631,173279124.0000,3,1.542200,1,-0.441500,0
2019-09-16,sh.600258,18.1000,18.3800,17.8100,18.0800,18.0400,8133111,146903627.0000,3,1.302100,1,0.221700,0
2019-09-17,sh.600258,17.9500,18.1000,17.5400,17.8800,18.0800,8653248,154361730.0000,3,1.385400,1,-1.106200,0
2019-09-18,sh.600258,17.8900,17.9800,17.5700,17.6500,17.8800,7615095,134626845.0000,3,1.219200,1,-1.286400,0
2019-09-19,sh.600258,17.6800,18.0500,17.6600,18.0400,17.6500,8652974,154720864.0000,3,1.385300,1,2.209600,0
2019-09-20,sh.600258,17.9900,18.1200,17.6900,17.8600,18.0400,10048092,180348910.0000,3,1.608700,1,-0.997800,0
2019-09-23,sh.600258,17.8700,17.8700,16.9800,17.4200,17.8600,13155397,227921647.0000,3,2.106200,1,-2.463600,0
2019-09-24,sh.600258,17.4900,17.6700,17.2100,17.3000,17.4200,9468506,164584713.0000,3,1.515900,1,-0.688900,0
2019-09-25,sh.600258,17.2000,17.2600,16.9100,16.9500,17.3000,7033090,119813525.0000,3,1.126000,1,-2.023100,0
2019-09-26,sh.600258,16.9500,17.1300,16.4400,16.8500,16.9500,9883331,165941412.0000,3,1.582300,1,-0.590000,0
2019-09-27,sh.600258,16.7400,17.0400,16.5100,16.9900,16.8500,6390080,107765616.0000,3,1.023100,1,0.830900,0
2019-09-30,sh.600258,16.8800,17.1500,16.6100,16.7900,16.9900,5943592,100234343.0000,3,0.951600,1,-1.177200,0
2019-10-08,sh.600258,16.8300,16.9200,16.5400,16.5800,16.7900,4992782,83617711.0000,3,0.799300,1,-1.250800,0
2019-10-09,sh.600258,16.5000,16.5200,16.0800,16.3100,16.5800,6271074,102103315.0000,3,1.004000,1,-1.628500,0
2019-10-10,sh.600258,16.3300,16.9600,16.3300,16.9100,16.3100,6628689,110778010.0000,3,1.061300,1,3.678700,0
2019-10-11,sh.600258,17.0200,17.2300,16.8300,17.1000,16.9100,6390515,108907805.0000,3,1.023100,1,1.123600,0
2019-10-14,sh.600258,17.3100,17.6200,17.2700,17.3900,17.1000,6408424,111770117.0000,3,1.026000,1,1.695900,0
2019-10-15,sh.600258,17.3100,17.6200,17.1900,17.5200,17.3900,6107237,106639987.0000,3,0.977800,1,0.747600,0
2019-10-16,sh.600258,17.5300,17.8800,17.4400,17.7000,17.5200,5569715,98549195.0000,3,0.891700,1,1.027400,0
2019-10-17,sh.600258,17.5500,17.9600,17.4200,17.6500,17.7000,6934078,123103050.0000,3,1.110100,1,-0.282500,0
2019-10-18,sh.600258,17.5800,17.9400,17.3100,17.4200,17.6500,4641267,81799641.0000,3,0.743100,1,-1.303100,0
2019-10-21,sh.600258,17.4300,17.5800,17.1500,17.2400,17.4200,4857131,83969963.0000,3,0.777600,1,-1.033300,0
2019-10-22,sh.600258,17.3200,17.4700,17.0500,17.3100,17.2400,3884726,67012292.0000,3,0.621900,1,0.406000,0
2019-10-23,sh.600258,17.3800,17.4500,16.6800,16.7500,17.3100,4924343,83325209.0000,3,0.788400,1,-3.235100,0
2019-10-24,sh.600258,16.7400,16.8900,16.3900,16.5900,16.7500,4913811,81462292.0000,3,0.786700,1,-0.955200,0
2019-10-25,sh.600258,16.5700,16.9100,16.5000,16.8300,16.5900,4155636,69630599.0000,3,0.665300,1,1.446700,0
2019-10-28,sh.600258,17.0600,17.3500,16.5800,17.2400,16.8300,9318405,158301963.0000,3,1.491900,1,2.436100,0
2019-10-29,sh.600258,17.2000,17.2000,16.6200,16.7200,17.2400,5968217,100717827.0000,3,0.955500,1,-3.016200,0
2019-10-30,sh.600258,16.5200,17.1300,16.4000,16.7600,16.7200,8092651,136250723.0000,3,1.295600,1,0.239200,0
2019-10-31,sh.600258,16.6300,16.8600,16.3900,16.7000,16.7600,6117061,101816022.0000,3,0.979300,1,-0.358000,0
2019-11-01,sh.600258,16.6300,17.1000,16.2800,17.0200,16.7000,6404509,107403953.0000,3,1.025400,1,1.916200,0
2019-11-04,sh.600258,16.9100,18.1200,16.8800,17.9900,17.0200,15114442,269373007.0000,3,2.419800,1,5.699200,0
2019-11-05,sh.600258,18.1800,18.2600,17.8800,18.0800,17.9900,9176705,165899324.0000,3,1.469200,1,0.500300,0
2019-11-06,sh.600258,17.9100,18.3500,17.9100,18.0700,18.0800,7506530,136234230.0000,3,1.201800,1,-0.055300,0
2019-11-07,sh.600258,17.8900,18.2300,17.8900,18.1900,18.0700,6322631,114448388.0000,3,1.012300,1,0.664100,0
2019-11-08,sh.600258,18.2000,18.7400,18.2000,18.3300,18.1900,8741030,161832265.0000,3,1.399400,1,0.769700,0
2019-11-11,sh.600258,18.3200,18.5300,18.0100,18.1200,18.3300,6195891,113227875.0000,3,0.992000,1,-1.145700,0
2019-11-12,sh.600258,18.1100,18.4000,17.8500,18.3500,18.1200,4338542,78867679.0000,3,0.694600,1,1.269300,0
2019-11-13,sh.600258,18.2600,18.5000,18.0000,18.2200,18.3500,4929657,89579522.0000,3,0.789200,1,-0.708500,0
2019-11-14,sh.600258,18.1400,18.3100,17.7000,17.9100,18.2200,5928578,106241346.0000,3,0.949200,1,-1.701400,0
2019-11-15,sh.600258,17.9400,17.9800,17.2700,17.2700,17.9100,6144925,107316037.0000,3,0.983800,1,-3.573400,0
2019-11-18,sh.600258,17.3300,17.6500,16.9600,17.5500,17.2700,6474445,112044456.0000,3,1.036600,1,1.621300,0
2019-11-19,sh.600258,17.5500,17.7500,17.3600,17.5700,17.5500,4159966,72965897.0000,3,0.666000,1,0.114000,0
2019-11-20,sh.600258,17.6700,17.7000,17.1500,17.2900,17.5700,4395415,76325344.0000,3,0.703700,1,-1.593600,0
2019-11-21,sh.600258,17.2800,17.3400,16.9000,16.9800,17.2900,3303572,56431030.0000,3,0.528900,1,-1.793000,0
2019-11-22,sh.600258,17.0600,17.6700,17.0500,17.5000,16.9800,9759319,168929097.0000,3,1.562500,1,3.062400,0
2019-11-25,sh.600258,17.3800,17.8000,16.8800,17.7500,17.5000,7270492,126594646.0000,3,1.164000,1,1.428600,0
2019-11-26,sh.600258,17.7100,17.7900,17.3100,17.3100,17.7500,6149162,107899294.0000,3,0.984500,1,-2.478900,0
2019-11-27,sh.600258,17.3900,18.1500,17.3700,17.6800,17.3100,7494183,133430403.0000,3,1.199800,1,2.137500,0
2019-11-28,sh.600258,17.5500,18.1300,17.5500,17.7100,17.6800,6934835,123962800.0000,3,1.110300,1,0.169700,0
2019-11-29,sh.600258,17.6700,18.0500,17.5200,17.7800,17.7100,4640184,82530057.0000,3,0.742900,1,0.395300,0
2019-12-02,sh.600258,18.0000,19.0600,17.9000,18.7600,17.7800,13152958,244656081.0000,3,2.105800,1,5.511800,0
2019-12-03,sh.600258,18.5700,18.7800,18.4300,18.6300,18.7600,4891518,91037409.0000,3,0.783100,1,-0.693000,0
2019-12-04,sh.600258,18.6300,18.6500,17.9500,18.0100,18.6300,9092818,165410052.0000,3,1.455800,1,-3.328000,0
2019-12-05,sh.600258,18.0800,18.3700,17.9000,18.2400,18.0100,9414112,170717572.0000,3,1.507200,1,1.277100,0
2019-12-06,sh.600258,18.2500,18.4700,17.8100,18.0000,18.2400,12172545,220854762.0000,3,1.948800,1,-1.315800,0
2019-12-09,sh.600258,18.0900,18.6300,18.0100,18.1700,18.0000,11532987,211940501.0000,3,1.178200,1,0.944400,0
2019-12-10,sh.600258,18.2000,18.3400,17.8300,17.8500,18.1700,9915534,178089081.0000,3,1.012900,1,-1.761100,0
2019-12-11,sh.600258,17.9400,17.9900,17.7100,17.7800,17.8500,6540151,116446561.0000,3,0.668100,1,-0.392200,0
2019-12-12,sh.600258,17.8300,17.8500,17.5800,17.6800,17.7800,5235993,92642359.0000,3,0.534900,1,-0.562400,0
2019-12-13,sh.600258,17.8900,19.4500,17.8800,19.4500,17.6800,23962320,453512782.0000,3,2.447900,1,10.011300,0
2019-12-16,sh.600258,19.3400,19.7000,19.1100,19.6200,19.4500,13555203,263354016.0000,3,1.384800,1,0.874000,0
2019-12-17,sh.600258,19.7700,20.5500,19.5000,20.1100,19.6200,17226742,345281900.0000,3,1.759800,1,2.497500,0
2019-12-18,sh.600258,20.1100,20.3900,19.8600,20.0000,20.1100,7237059,144746802.0000,3,0.739300,1,-0.547000,0
2019-12-19,sh.600258,20.0000,20.0900,19.6800,19.9300,20.0000,6123731,121755107.0000,3,0.625600,1,-0.350000,0
2019-12-20,sh.600258,20.0100,20.1900,19.5800,19.7500,19.9300,10321268,204918800.0000,3,1.054400,1,-0.903200,0
2019-12-23,sh.600258,19.7600,20.8400,19.7600,20.1000,19.7500,13844578,282503537.0000,3,1.414300,1,1.772200,0
2019-12-24,sh.600258,20.0200,21.3000,20.0200,20.8900,20.1000,12332095,256567129.0000,3,1.259800,1,3.930300,0
2019-12-25,sh.600258,20.8100,21.5100,20.4600,21.1800,20.8900,10200181,214023213.0000,3,1.042000,1,1.388200,0
2019-12-26,sh.600258,21.3800,21.6200,20.7400,20.9700,21.1800,9764229,206033708.0000,3,0.997500,1,-0.991500,0
2019-12-27,sh.600258,20.9600,21.2300,20.6600,20.9100,20.9700,6741160,141262880.0000,3,0.688700,1,-0.286100,0
2019-12-30,sh.600258,20.7700,21.7200,20.4200,21.4900,20.9100,9839782,208729224.0000,3,1.005200,1,2.773800,0
2019-12-31,sh.600258,21.3100,21.4400,20.0000,20.6100,21.4900,13763900,283443193.0000,3,1.406100,1,-4.094900,0
2020-01-02,sh.600258,20.6600,21.6100,20.2300,20.4500,20.6100,17568650,361142234.0000,3,1.794700,1,-0.776300,0
2020-01-03,sh.600258,20.5100,20.5100,19.8400,20.1600,20.4500,10503213,211220574.0000,3,1.073000,1,-1.418100,0
2020-01-06,sh.600258,19.9800,20.2700,19.6600,20.0500,20.1600,10648830,212788516.0000,3,1.087800,1,-0.545600,0
2020-01-07,sh.600258,20.0800,20.7200,20.0700,20.6000,20.0500,10223695,208518106.0000,3,1.044400,1,2.743100,0
2020-01-08,sh.600258,20.4600,20.5000,19.5200,19.9800,20.6000,11577678,231469627.0000,3,1.182700,1,-3.009700,0
2020-01-09,sh.600258,20.0800,20.5600,20.0800,20.4000,19.9800,8267693,168340229.0000,3,0.844600,1,2.102100,0
2020-01-10,sh.600258,20.5400,20.5800,20.0300,20.1200,20.4000,6396458,129069552.0000,3,0.653400,1,-1.372500,0
2020-01-13,sh.600258,20.1600,20.8000,19.7700,20.7200,20.1200,10533804,214340013.0000,3,1.076100,1,2.982100,0
2020-01-14,sh.600258,20.8900,20.9000,20.3700,20.4500,20.7200,6201082,127207769.0000,3,0.633500,1,-1.303100,0
2020-01-15,sh.600258,20.3900,20.5800,20.0300,20.3200,20.4500,6087652,123378321.0000,3,0.621900,1,-0.635700,0
2020-01-16,sh.600258,20.3900,20.7300,20.0500,20.0500,20.3200,6526716,133128814.0000,3,0.666700,1,-1.328700,0
2020-01-17,sh.600258,20.1000,20.4000,19.9900,20.1900,20.0500,4841961,97529896.0000,3,0.494600,1,0.698300,0
2020-01-20,sh.600258,19.5000,19.5000,18.1700,18.3500,20.1900,30795272,566190342.0000,3,3.145900,1,-9.113400,0
2020-01-21,sh.600258,18.0100,18.2600,17.0900,17.3900,18.3500,33768182,595756293.0000,3,3.449600,1,-5.231600,0
2020-01-22,sh.600258,17.2400,18.2600,16.9800,17.9700,17.3900,34268493,606412100.0000,3,3.500700,1,3.335200,0
2020-01-23,sh.600258,17.3600,17.7200,16.7500,17.2000,17.9700,19053496,328862367.0000,3,1.946400,1,-4.284900,0
2020-02-03,sh.600258,15.4800,15.7000,15.4800,15.4800,17.2000,19077940,295454774.0000,3,1.948900,1,-10.000000,0
2020-02-04,sh.600258,15.5100,16.0000,15.4200,15.8200,15.4800,25225401,395348929.0000,3,2.576900,1,2.196400,0
2020-02-05,sh.600258,15.7000,16.4500,15.4000,15.6000,15.8200,31988231,507711004.0000,3,3.267800,1,-1.390600,0
2020-02-06,sh.600258,15.5300,15.9900,15.1900,15.8500,15.6000,33109817,518996179.0000,3,3.382400,1,1.602600,0
2020-02-07,sh.600258,15.8200,16.9200,15.7500,16.8000,15.8500,36193994,595429368.0000,3,3.697400,1,5.993700,0
2020-02-10,sh.600258,16.6500,17.0600,16.3300,16.6900,16.8000,20953924,348460657.0000,3,2.140600,1,-0.654800,0
2020-02-11,sh.600258,17.0000,17.3900,16.8400,16.8900,16.6900,21549458,367431422.0000,3,2.201400,1,1.198300,0
2020-02-12,sh.600258,16.8500,17.2600,16.7200,17.2500,16.8900,17101348,291031662.0000,3,1.747000,1,2.131400,0
2020-02-13,sh.600258,17.0000,17.4100,16.8100,16.8200,17.2500,12039726,204998103.0000,3,1.229900,1,-2.492800,0
2020-02-14,sh.600258,16.8100,17.2500,16.7300,17.0500,16.8200,12726402,215742663.0000,3,1.300100,1,1.367400,0
2020-02-17,sh.600258,17.0400,17.2100,16.9100,17.1700,17.0500,19031130,324799701.0000,3,1.944200,1,0.703800,0
2020-02-18,sh.600258,17.2200,17.7400,16.8900,17.5500,17.1700,20297519,350863033.0000,3,2.073500,1,2.213200,0
2020-02-19,sh.600258,17.4000,18.1700,17.2800,17.8000,17.5500,15750818,279457939.0000,3,1.609000,1,1.424500,0
2020-02-20,sh.600258,17.8800,18.9300,17.8800,18.5400,17.8000,23987660,443215020.0000,3,2.450500,1,4.157300,0
2020-02-21,sh.600258,18.3200,18.4900,17.8200,17.8800,18.5400,21265667,383487222.0000,3,2.172400,1,-3.559900,0
2020-02-24,sh.600258,17.2500,17.6000,17.0000,17.2400,17.8800,23005156,395359699.0000,3,2.350100,1,-3.579400,0
2020-02-25,sh.600258,16.7800,17.2800,16.7000,17.1800,17.2400,16925913,286883559.0000,3,1.729100,1,-0.348000,0
2020-02-26,sh.600258,16.7000,17.4000,16.7000,17.0700,17.1800,14196466,242233990.0000,3,1.450300,1,-0.640300,0
2020-02-27,sh.600258,17.1100,17.7300,17.0700,17.1800,17.0700,17425876,302592236.0000,3,1.780200,1,0.644400,0
2020-02-28,sh.600258,16.7600,16.8300,16.1400,16.2700,17.1800,16495643,272091224.0000,3,1.685100,1,-5.296900,0
2020-03-02,sh.600258,16.2800,17.4000,16.2800,16.9000,16.2700,22511326,380784560.0000,3,2.299700,1,3.872200,0
2020-03-03,sh.600258,17.0500,17.2900,16.8700,16.9400,16.9000,13026602,222482499.0000,3,1.330800,1,0.236700,0
2020-03-04,sh.600258,16.9500,17.0700,16.6600,17.0400,16.9400,10442628,175695799.0000,3,1.066800,1,0.590300,0
2020-03-05,sh.600258,17.1700,17.8500,16.9700,17.5600,17.0400,19629480,341007067.0000,3,2.005300,1,3.051600,0
2020-03-06,sh.600258,17.3100,17.4700,17.0700,17.1500,17.5600,10409704,179612076.0000,3,1.063400,1,-2.334900,0
2020-03-09,sh.600258,16.7800,16.9300,16.2400,16.2900,17.1500,14777258,243780338.0000,3,1.509600,1,-5.014600,0
2020-03-10,sh.600258,16.2600,17.6600,16.2600,17.3600,16.2900,25311001,429255941.0000,3,2.585700,1,6.568400,0
2020-03-11,sh.600258,17.3500,17.9300,16.9900,17.5000,17.3600,16626924,289040404.0000,3,1.698500,1,0.806400,0
2020-03-12,sh.600258,17.1600,17.7400,16.9900,17.1500,17.5000,20012904,347752566.0000,3,2.044400,1,-2.000000,0
2020-03-13,sh.600258,16.3500,17.0400,16.2000,16.9800,17.1500,15944031,264538872.0000,3,1.628800,1,-0.991300,0
2020-03-16,sh.600258,16.9900,17.0100,15.9000,16.1500,16.9800,22111457,361605509.0000,3,2.258800,1,-4.888100,0
2020-03-17,sh.600258,16.1500,16.3000,15.1200,15.3600,16.1500,18884238,292921132.0000,3,1.929100,1,-4.891600,0
2020-03-18,sh.600258,15.4500,15.7600,14.7800,14.8200,15.3600,17953332,274506210.0000,3,1.834000,1,-3.515600,0
2020-03-19,sh.600258,14.6200,15.0400,14.1400,14.4200,14.8200,18125108,262119221.0000,3,1.851600,1,-2.699100,0
2020-03-20,sh.600258,14.5800,15.0500,14.2500,14.8600,14.4200,13963483,204212830.0000,3,1.426500,1,3.051300,0
2020-03-23,sh.600258,14.1500,14.3700,13.8000,13.9400,14.8600,17152301,240725826.0000,3,1.752200,1,-6.191100,0
2020-03-24,sh.600258,14.1200,14.5000,13.8600,14.1300,13.9400,18857573,266568684.0000,3,1.926400,1,1.363000,0
2020-03-25,sh.600258,14.4500,14.7700,14.2300,14.6900,14.1300,18452090,268127622.0000,3,1.885000,1,3.963200,0
2020-03-26,sh.600258,14.5600,14.7300,14.4500,14.5600,14.6900,8732940,127323309.0000,3,0.892100,1,-0.885000,0
2020-03-27,sh.600258,14.6900,14.7200,14.4600,14.4600,14.5600,8904565,129828795.0000,3,0.909700,1,-0.686800,0
2020-03-30,sh.600258,14.1400,14.1400,13.5000,13.7000,14.4600,17008478,233236869.0000,3,1.737500,1,-5.255900,0
2020-03-31,sh.600258,13.8200,13.8700,13.2400,13.4500,13.7000,20485783,277127875.0000,3,2.092800,1,-1.824800,0
2020-04-01,sh.600258,13.4000,13.6500,13.2000,13.2200,13.4500,16173444,216920027.0000,3,1.652200,1,-1.710000,0
2020-04-02,sh.600258,13.0900,13.4400,12.9300,13.4400,13.2200,16180135,212784479.0000,3,1.652900,1,1.664100,0
2020-04-03,sh.600258,13.4000,13.7200,13.3200,13.4300,13.4400,14317262,193689726.0000,3,1.462600,1,-0.074400,0
2020-04-07,sh.600258,13.6800,14.2300,13.6300,14.0500,13.4300,18078449,252403513.0000,3,1.846800,1,4.616500,0
2020-04-08,sh.600258,13.9500,14.5400,13.9300,14.3100,14.0500,15719981,224372286.0000,3,1.605900,1,1.850500,0
2020-04-09,sh.600258,14.3800,14.4800,14.1800,14.3700,14.3100,9902085,141966763.0000,3,1.011600,1,0.419300,0
2020-04-10,sh.600258,14.3700,14.6700,14.1500,14.3600,14.3700,11287928,162799486.0000,3,1.153100,1,-0.069600,0
2020-04-13,sh.600258,14.2200,14.2200,13.8000,13.9500,14.3600,10603755,147868446.0000,3,1.083200,1,-2.855200,0
2020-04-14,sh.600258,14.0800,14.3000,13.9300,14.1700,13.9500,11291849,159010451.0000,3,1.153500,1,1.577100,0
2020-04-15,sh.600258,14.1100,14.2300,14.0100,14.0700,14.1700,6419286,90518062.0000,3,0.655800,1,-0.705700,0
2020-04-16,sh.600258,14.0200,14.0400,13.8200,13.9600,14.0700,6987990,97253579.0000,3,0.713900,1,-0.781800,0
2020-04-17,sh.600258,14.1700,15.1500,14.1300,14.6900,13.9600,25911550,381772797.0000,3,2.647000,1,5.229200,0
2020-04-20,sh.600258,14.6800,14.8000,14.3600,14.4800,14.6900,13709272,199269592.0000,3,1.400500,1,-1.429500,0
2020-04-21,sh.600258,14.3300,14.5600,14.1500,14.4800,14.4800,10666864,152739377.0000,3,1.089700,1,0.000000,0
2020-04-22,sh.600258,14.4300,15.0200,14.3000,15.0200,14.4800,13520543,199232656.0000,3,1.381200,1,3.729300,0
2020-04-23,sh.600258,14.9800,15.3300,14.8600,14.9100,15.0200,9401876,141254147.0000,3,0.960500,1,-0.732400,0
2020-04-24,sh.600258,14.8600,15.1500,14.8200,14.9400,14.9100,9408718,140952323.0000,3,0.961200,1,0.201200,0
2020-04-27,sh.600258,14.9200,15.0400,14.4900,14.5800,14.9400,11623511,171000150.0000,3,1.187400,1,-2.409600,0
2020-04-28,sh.600258,14.5800,14.6600,14.1500,14.3500,14.5800,12681926,182178409.0000,3,1.295500,1,-1.577500,0
2020-04-29,sh.600258,14.2700,15.2800,14.2700,14.8700,14.3500,21124983,316037128.0000,3,2.158100,1,3.623700,0
2020-04-30,sh.600258,15.7000,16.3600,15.7000,16.3600,14.8700,34759981,562243435.0000,3,3.551000,1,10.020200,0
2020-05-06,sh.600258,15.9500,16.4000,15.3900,16.0000,16.3600,29103472,458737743.0000,3,2.973100,1,-2.200500,0
2020-05-07,sh.600258,15.8500,15.9000,15.6200,15.7500,16.0000,11940712,188078847.0000,3,1.219800,1,-1.562500,0
2020-05-08,sh.600258,15.8500,16.0800,15.6200,15.7400,15.7500,12808167,201730184.0000,3,1.308400,1,-0.063500,0
2020-05-11,sh.600258,15.9600,16.0800,15.4600,15.6600,15.7400,12451759,196737983.0000,3,1.272000,1,-0.508300,0
2020-05-12,sh.600258,15.7200,15.8600,15.3700,15.4700,15.6600,12179822,189196548.0000,3,1.244200,1,-1.213300,0
2020-05-13,sh.600258,15.5100,15.5500,15.1700,15.4800,15.4700,9428831,144702028.0000,3,0.963200,1,0.064600,0
2020-05-14,sh.600258,15.6000,15.9000,15.2600,15.2600,15.4800,11355789,175989749.0000,3,1.160100,1,-1.421200,0
2020-05-15,sh.600258,15.2600,15.3300,14.9800,15.1300,15.2600,10882282,164575492.0000,3,1.111700,1,-0.851900,0
2020-05-18,sh.600258,15.0200,15.2800,14.8700,15.1400,15.1300,9614585,145182861.0000,3,0.982200,1,0.066100,0
2020-05-19,sh.600258,15.4800,15.9900,15.4200,15.5500,15.1400,15311329,239692775.0000,3,1.564200,1,2.708100,0
2020-05-20,sh.600258,15.5900,15.7400,15.3000,15.5700,15.5500,9422281,145941442.0000,3,0.962500,1,0.128600,0
2020-05-21,sh.600258,15.6000,16.3700,15.5700,15.9500,15.5700,18965532,303025639.0000,3,1.937500,1,2.440600,0
2020-05-22,sh.600258,15.8200,15.8800,15.3500,15.3500,15.9500,11791140,183718266.0000,3,1.204500,1,-3.761800,0
2020-05-25,sh.600258,15.3800,15.4700,14.7200,14.8400,15.3500,10974177,164571491.0000,3,1.121100,1,-3.322500,0
2020-05-26,sh.600258,14.8900,15.3100,14.7800,15.2000,14.8400,8365573,126034857.0000,3,0.854600,1,2.425900,0
2020-05-27,sh.600258,15.3300,16.3500,15.1400,16.0600,15.2000,22911117,365502768.0000,3,2.340500,1,5.657900,0
2020-05-28,sh.600258,16.2300,16.4000,15.8200,16.0800,16.0600,12073494,194488702.0000,3,1.233400,1,0.124500,0
2020-05-29,sh.600258,16.2700,16.7400,15.9700,16.5800,16.0800,14281056,235331431.0000,3,1.458900,1,3.109500,0
2020-06-01,sh.600258,16.6000,17.3500,16.6000,17.2600,16.5800,22214974,380617522.0000,3,2.269400,1,4.101300,0
2020-06-02,sh.600258,17.7900,17.8100,16.0000,16.1100,17.2600,33913984,563341076.0000,3,3.464500,1,-6.662800,0
2020-06-03,sh.600258,16.2000,16.5200,16.0000,16.1500,16.1100,14703904,239043179.0000,3,1.502100,1,0.248300,0
2020-06-04,sh.600258,16.1100,16.4200,16.0000,16.2100,16.1500,11242015,181878668.0000,3,1.148400,1,0.371500,0
2020-06-05,sh.600258,16.2100,16.3500,16.0000,16.2800,16.2100,7729793,125321674.0000,3,0.789600,1,0.431800,0
2020-06-08,sh.600258,16.3500,17.4900,16.3500,17.0100,16.2800,27263822,465028430.0000,3,2.785200,1,4.484000,0
2020-06-09,sh.600258,17.1300,17.3800,16.7600,16.8800,17.0100,13734944,233512926.0000,3,1.403100,1,-0.764300,0
2020-06-10,sh.600258,16.8900,17.3500,16.3900,17.2800,16.8800,14655729,248240203.0000,3,1.497200,1,2.369700,0
2020-06-11,sh.600258,17.1000,17.1900,16.5200,16.6100,17.2800,13965696,234768117.0000,3,1.426700,1,-3.877300,0
2020-06-12,sh.600258,16.1900,17.7500,16.1100,17.2500,16.6100,32295514,557859311.0000,3,3.299200,1,3.853100,0
2020-06-15,sh.600258,16.4600,16.7100,15.7500,15.8000,17.2500,41846473,672664216.0000,3,4.274900,1,-8.405800,0
2020-06-16,sh.600258,15.9000,16.0700,15.7700,15.8500,15.8000,12139084,192776668.0000,3,1.240100,1,0.316500,0
2020-06-17,sh.600258,15.7900,15.7900,15.2000,15.3900,15.8500,19061870,293577410.0000,3,1.947300,1,-2.902200,0
2020-06-18,sh.600258,15.2900,15.5500,15.2700,15.4100,15.3900,10458169,160890006.0000,3,1.068400,1,0.130000,0
2020-06-19,sh.600258,15.4900,15.8200,15.4900,15.7500,15.4100,12331992,193273189.0000,3,1.259800,1,2.206400,0
2020-06-22,sh.600258,15.7500,15.8800,15.5100,15.8000,15.7500,9443903,148317073.0000,3,0.964800,1,0.317500,0
2020-06-23,sh.600258,15.7600,15.9400,15.6600,15.8100,15.8000,6559842,103609053.0000,3,0.670100,1,0.063300,0
2020-06-24,sh.600258,15.7900,15.8400,15.5500,15.6300,15.8100,7879018,123644420.0000,3,0.804900,1,-1.138500,0
2020-06-29,sh.600258,15.5500,15.6000,14.8200,15.0600,15.6300,14620502,220113949.0000,3,1.493600,1,-3.646800,0
2020-06-30,sh.600258,15.1900,15.4400,15.1100,15.3700,15.0600,8363943,128395263.0000,3,0.854400,1,2.058400,0
2020-07-01,sh.600258,15.5500,15.5900,15.3500,15.4900,15.3700,8098047,125128841.0000,3,0.827300,1,0.780700,0
2020-07-02,sh.600258,15.4000,16.1800,15.3800,16.0400,15.4900,19006037,300414407.0000,3,1.941600,1,3.550700,0
2020-07-03,sh.600258,16.1300,16.7900,16.0900,16.6100,16.0400,20803983,343047613.0000,3,2.125300,1,3.553600,0
2020-07-06,sh.600258,16.8800,17.4400,16.5400,17.2600,16.6100,25357659,431619142.0000,3,2.590400,1,3.913300,0
2020-07-07,sh.600258,17.4300,18.1900,17.4300,17.4600,17.2600,23954602,425609012.0000,3,2.447100,1,1.158700,0
2020-07-08,sh.600258,17.5200,17.6500,17.0600,17.2500,17.4600,20256633,349760929.0000,3,2.069300,1,-1.202700,0
2020-07-09,sh.600258,17.2500,18.2400,17.2000,18.1000,17.2500,26366830,471100120.0000,3,2.693500,1,4.927500,0
2020-07-10,sh.600258,18.0800,18.6700,17.7000,18.1600,18.1000,21650148,394105254.0000,3,2.211700,1,0.331500,0
2020-07-13,sh.600258,18.1800,18.4900,17.9000,18.2300,18.1600,14546811,263737197.0000,3,1.486000,1,0.385500,0
2020-07-14,sh.600258,18.1600,18.4300,17.5700,18.2200,18.2300,18697488,336046917.0000,3,1.910100,1,-0.054900,0
2020-07-15,sh.600258,19.0000,19.9900,18.4900,18.8600,18.2200,40200097,772487354.0000,3,4.106700,1,3.512600,0
2020-07-16,sh.600258,18.8700,19.3400,17.9100,18.5600,18.8600,26663244,499286224.0000,3,2.723800,1,-1.590700,0
2020-07-17,sh.600258,18.2600,19.1300,17.5700,18.1100,18.4900,22349150,406949424.0000,3,2.283100,1,-2.055200,0
2020-07-20,sh.600258,18.4400,19.9100,18.1200,19.3400,18.1100,31257430,591094377.0000,3,3.193100,1,6.791800,0
2020-07-21,sh.600258,20.0000,20.8800,19.4000,19.8000,19.3400,33855598,681987816.3400,3,3.458600,1,2.378500,0
2020-07-22,sh.600258,19.5500,21.3500,19.4000,21.3500,19.8000,34049192,699762482.3800,3,3.478300,1,7.828300,0
2020-07-23,sh.600258,20.9800,21.3500,20.0000,20.7000,21.3500,31279365,643431869.1800,3,3.195400,1,-3.044500,0
2020-07-24,sh.600258,20.4300,20.6500,18.6300,18.6300,20.7000,30283167,584382109.4000,3,3.093600,1,-10.000000,0
2020-07-27,sh.600258,18.2500,18.8300,18.1500,18.5000,18.6300,11940514,220368776.0500,3,1.219800,1,-0.697800,0
2020-07-28,sh.600258,18.4100,18.8800,17.9600,18.2000,18.5000,19517044,358792391.5100,3,1.993800,1,-1.621600,0
2020-07-29,sh.600258,18.0800,18.2500,17.6000,18.1800,18.2000,19105903,343603308.7700,3,1.951800,1,-0.109900,0
2020-07-30,sh.600258,18.0500,18.2800,17.5000,17.5100,18.1800,21215288,376716657.4600,3,2.167300,1,-3.685400,0
2020-07-31,sh.600258,17.6000,18.0100,17.3000,17.6700,17.5100,15258178,269654766.5100,3,1.558700,1,0.913800,0
2020-08-03,sh.600258,17.9200,18.0500,17.6800,17.9000,17.6700,16951727,302750899.1600,3,1.731700,1,1.301600,0
2020-08-04,sh.600258,17.8900,18.3700,17.7800,18.1600,17.9000,20134114,363989354.5800,3,2.056800,1,1.452500,0
2020-08-05,sh.600258,18.1200,18.3600,17.8200,18.0400,18.1600,14644596,264775777.9000,3,1.496000,1,-0.660800,0
2020-08-06,sh.600258,18.0400,18.2700,17.8500,18.0600,18.0400,11143606,200900375.8800,3,1.138400,1,0.110900,0
2020-08-07,sh.600258,18.0300,18.7600,17.9300,18.4300,18.0600,27554899,509015622.2900,3,2.814900,1,2.048700,0
2020-08-10,sh.600258,18.5100,19.5900,18.2700,19.1900,18.4300,25537860,485016889.9400,3,2.608900,1,4.123700,0
2020-08-11,sh.600258,19.0800,20.5800,19.0000,19.5900,19.1900,28104192,557931625.7600,3,2.871000,1,2.084400,0
2020-08-12,sh.600258,19.8600,19.9800,18.8000,19.8700,19.5900,21122354,407828361.5800,3,2.157800,1,1.429300,0
2020-08-13,sh.600258,19.9400,20.3000,19.4500,19.5800,19.8700,14529907,288623246.6100,3,1.484300,1,-1.459500,0
2020-08-14,sh.600258,19.4600,19.4600,18.8800,19.2100,19.5800,14552843,278563600.2300,3,1.486700,1,-1.889700,0
2020-08-17,sh.600258,19.2100,19.4400,18.8800,19.1700,19.2100,14476506,276735227.6400,3,1.478900,1,-0.208200,0
2020-08-18,sh.600258,19.1000,19.9000,19.0500,19.7600,19.1700,15279022,298593926.0600,3,1.560800,1,3.077700,0
2020-08-19,sh.600258,19.6000,20.2200,19.2700,19.3800,19.7600,12498570,246179461.9400,3,1.276800,1,-1.923100,0
2020-08-20,sh.600258,19.3000,19.7500,18.8600,18.9400,19.3800,11696430,225225927.8500,3,1.194900,1,-2.270400,0
2020-08-21,sh.600258,19.0300,19.6100,18.9100,19.2900,18.9400,11734166,226223983.9900,3,1.198700,1,1.847900,0
2020-08-24,sh.600258,19.4000,19.6200,19.0700,19.3900,19.2900,8377843,162240671.7800,3,0.855900,1,0.518400,0
2020-08-25,sh.600258,19.4600,19.8400,19.1300,19.1600,19.3900,11644982,226549862.1200,3,1.189600,1,-1.186200,0
2020-08-26,sh.600258,19.1000,19.4300,18.3500,18.3500,19.1600,11970070,225245785.8700,3,1.222800,1,-4.227600,0
2020-08-27,sh.600258,18.4600,18.6000,18.0800,18.2100,18.3500,7926414,145109279.2000,3,0.809700,1,-0.762900,0
2020-08-28,sh.600258,18.5200,18.6900,17.9500,18.4800,18.2100,11798939,216144682.6900,3,1.205300,1,1.482700,0
2020-08-31,sh.600258,18.8400,19.6500,18.6200,19.2700,18.4800,18570256,357575161.2800,3,1.897100,1,4.274900,0
2020-09-01,sh.600258,19.1600,19.7400,19.1100,19.5400,19.2700,11824393,230029542.4100,3,1.207900,1,1.401100,0
2020-09-02,sh.600258,19.7000,19.7500,19.1200,19.1800,19.5400,12732830,245912224.2500,3,1.300700,1,-1.842400,0
2020-09-03,sh.600258,19.2700,19.3000,18.4400,18.6100,19.1800,12094827,227559402.0800,3,1.235600,1,-2.971800,0
2020-09-04,sh.600258,18.3000,18.5100,18.1000,18.4000,18.6100,12303223,224501040.4000,3,1.256900,1,-1.128400,0
2020-09-07,sh.600258,18.3900,19.2600,18.3000,18.5900,18.4000,17188039,322817436.5200,3,1.755900,1,1.032600,0
2020-09-08,sh.600258,18.6100,18.9600,18.4000,18.6500,18.5900,10595910,198509800.8900,3,1.082400,1,0.322800,0
2020-09-09,sh.600258,18.3600,18.5600,17.8600,17.8800,18.6500,13049699,236506670.7300,3,1.333100,1,-4.128700,0
2020-09-10,sh.600258,18.1200,18.4300,17.7500,17.9400,17.8800,10222966,184894621.9200,3,1.044300,1,0.335600,0
2020-09-11,sh.600258,17.8200,18.1300,17.7800,18.0300,17.9400,7196214,129081148.4200,3,0.735100,1,0.501700,0
2020-09-14,sh.600258,18.1000,18.7900,18.1000,18.7100,18.0300,12180021,224836853.5100,3,1.244300,1,3.771500,0
2020-09-15,sh.600258,18.5500,19.9800,18.5200,19.9700,18.7100,27038663,528401498.2600,3,2.762200,1,6.734400,0
2020-09-16,sh.600258,20.0000,20.0800,19.6700,19.9700,19.9700,16683474,331687860.1200,3,1.704300,1,0.000000,0
2020-09-17,sh.600258,19.8700,20.2900,19.8000,20.0000,19.9700,13565746,271014622.2500,3,1.385800,1,0.150200,0
2020-09-18,sh.600258,19.9100,20.2900,19.7400,20.1600,20.0000,16271775,325978251.2400,3,1.662300,1,0.800000,0
2020-09-21,sh.600258,20.2800,20.3000,19.4000,19.6500,20.1600,15792082,310985174.8600,3,1.613300,1,-2.529800,0
2020-09-22,sh.600258,19.6200,19.6500,18.7500,18.8000,19.6500,13690232,261922314.6900,3,1.398500,1,-4.325700,0
2020-09-23,sh.600258,18.9400,19.0700,18.2600,18.3800,18.8000,11784852,218403361.0200,3,1.203900,1,-2.234000,0
2020-09-24,sh.600258,18.3000,18.4300,17.7300,17.7900,18.3800,14852940,267937882.1900,3,1.517300,1,-3.210000,0
2020-09-25,sh.600258,17.9400,17.9800,17.3800,17.6000,17.7900,13215978,233239227.8600,3,1.350100,1,-1.068000,0
2020-09-28,sh.600258,17.6400,18.0800,17.3600,17.4600,17.6000,9797103,173299878.8000,3,1.000800,1,-0.795500,0
2020-09-29,sh.600258,17.5800,17.9600,17.5000,17.9300,17.4600,8512814,151288113.2800,3,0.869600,1,2.691900,0
2020-09-30,sh.600258,17.8000,18.0500,17.4600,17.7500,17.9300,11690966,207833200.2500,3,1.194300,1,-1.003900,0
2020-10-09,sh.600258,18.0000,18.0800,17.1600,17.2400,17.7500,14724996,257850847.8700,3,1.504300,1,-2.873200,0
2020-10-12,sh.600258,17.1700,17.3700,16.7900,17.3600,17.2400,15789262,269654311.4900,3,1.613000,1,0.696100,0
2020-10-13,sh.600258,17.3600,17.3600,16.6000,16.7800,17.3600,15354514,259000051.9700,3,1.568600,1,-3.341000,0
2020-10-14,sh.600258,16.8500,16.9600,16.1500,16.2000,16.7800,16902298,277713498.9100,3,1.726700,1,-3.456500,0
2020-10-15,sh.600258,16.1900,16.2500,15.9700,15.9900,16.2000,12260210,196851977.6900,3,1.252500,1,-1.296300,0
2020-10-16,sh.600258,16.0000,16.1100,15.7600,15.9200,15.9900,11837988,188398628.9100,3,1.209300,1,-0.437800,0
2020-10-19,sh.600258,15.9600,16.0700,15.8300,16.0500,15.9200,10504041,167834506.8300,3,1.073100,1,0.816600,0
2020-10-20,sh.600258,16.0300,16.0500,15.4900,15.8000,16.0500,18074861,284981151.3300,3,1.846500,1,-1.557600,0
2020-10-21,sh.600258,15.8300,16.3400,15.8100,16.1500,15.8000,15585067,250849832.0000,3,1.592100,1,2.215200,0
2020-10-22,sh.600258,16.1800,16.4500,15.7500,16.4100,16.1500,12577073,203133395.3000,3,1.284800,1,1.609900,0
2020-10-23,sh.600258,16.3200,17.1300,16.3000,16.7400,16.4100,18792680,316460298.6700,3,1.919800,1,2.011000,0
2020-10-26,sh.600258,16.6000,16.9200,16.2400,16.6600,16.7400,8911411,148451383.0100,3,0.910400,1,-0.477900,0
2020-10-27,sh.600258,16.6500,16.8400,16.4200,16.6000,16.6600,7899654,131368313.1500,3,0.807000,1,-0.360100,0
2020-10-28,sh.600258,16.6000,17.0000,16.5000,16.9000,16.6000,7282992,122086377.8100,3,0.744000,1,1.807200,0
2020-10-29,sh.600258,16.6000,16.9800,16.5600,16.8600,16.9000,6289652,105495122.8800,3,0.642500,1,-0.236700,0
2020-10-30,sh.600258,17.0000,17.8700,16.9200,17.3200,16.8600,19066926,334591480.0200,3,1.947800,1,2.728400,0
2020-11-02,sh.600258,17.3900,18.1300,17.3800,17.9800,17.3200,17083982,304483655.8400,3,1.745200,1,3.810600,0
2020-11-03,sh.600258,18.0200,18.9800,17.9200,18.8200,17.9800,17800475,330311940.8700,3,1.818400,1,4.671900,0
2020-11-04,sh.600258,18.8600,19.1900,18.6100,18.9600,18.8200,13688495,259046767.4100,3,1.398400,1,0.743900,0
2020-11-05,sh.600258,19.1600,19.2500,18.5900,18.8600,18.9600,15624765,295063293.9400,3,1.596200,1,-0.527400,0
2020-11-06,sh.600258,18.8600,19.3300,18.7700,19.0700,18.8600,12597105,239950405.7100,3,1.286900,1,1.113500,0
2020-11-09,sh.600258,19.3800,20.2400,19.2800,19.6900,19.0700,21944389,434709621.4000,3,2.241800,1,3.251200,0
2020-11-10,sh.600258,20.4800,21.3300,20.4800,20.8800,19.6900,36962343,775658887.4600,3,3.775900,1,6.043700,0
2020-11-11,sh.600258,21.0600,21.2000,20.6000,20.6800,20.8800,16241376,339082385.7800,3,1.659200,1,-0.957900,0
2020-11-12,sh.600258,20.7400,21.8000,20.7400,21.1600,20.6800,18141951,384167418.9000,3,1.853300,1,2.321100,0
2020-11-13,sh.600258,21.0200,21.8600,20.8300,21.2100,21.1600,19935760,425167006.4400,3,2.036600,1,0.236300,0
2020-11-16,sh.600258,21.5000,22.0700,21.3100,22.0000,21.2100,19096335,417903136.6000,3,1.950800,1,3.724700,0
2020-11-17,sh.600258,22.2900,23.5000,22.1200,23.2700,22.0000,23489683,541469757.9800,3,2.399600,1,5.772700,0
2020-11-18,sh.600258,23.4500,24.8000,23.0900,24.6700,23.2700,25516345,612619714.8200,3,2.606700,1,6.016300,0
2020-11-19,sh.600258,24.4500,24.9500,23.8000,24.2300,24.6700,18486972,449768162.8700,3,1.888600,1,-1.783500,0
2020-11-20,sh.600258,24.4700,24.9400,24.0000,24.5700,24.2300,15110509,370622730.7000,3,1.543600,1,1.403200,0
2020-11-23,sh.600258,24.4000,24.4800,23.0000,23.7700,24.5700,22683189,537397220.4300,3,2.317200,1,-3.256000,0
2020-11-24,sh.600258,23.9100,25.0800,23.8200,24.5400,23.7700,17072232,419257756.3100,3,1.744000,1,3.239400,0
2020-11-25,sh.600258,24.5400,24.7800,23.8400,23.8400,24.5400,12207764,295486147.8400,3,1.247100,1,-2.852500,0
2020-11-26,sh.600258,24.2200,24.3800,23.3000,23.4600,23.8400,15380208,363642193.6200,3,1.571200,1,-1.594000,0
2020-11-27,sh.600258,23.6800,24.1500,23.4500,23.8400,23.4600,13370191,317803732.8700,3,1.365900,1,1.619800,0
2020-11-30,sh.600258,23.8300,24.4600,23.2700,23.2700,23.8400,16294241,387101627.2900,3,1.664600,1,-2.390900,0
2020-12-01,sh.600258,23.5600,24.1500,23.2000,24.0000,23.2700,12837936,305947317.3600,3,1.311500,1,3.137100,0
2020-12-02,sh.600258,23.7700,24.8900,23.6900,24.6000,24.0000,10893853,266128886.5700,3,1.112900,1,2.500000,0
2020-12-03,sh.600258,24.6200,24.9000,24.3000,24.7000,24.6000,8480421,209302238.8700,3,0.866300,1,0.406500,0
2020-12-04,sh.600258,24.7000,25.2000,24.4400,24.9000,24.7000,9165836,227770043.3100,3,0.936300,1,0.809700,0
2020-12-07,sh.600258,24.8500,25.0000,24.4600,24.7500,24.9000,7432334,183439047.4000,3,0.759300,1,-0.602400,0
2020-12-08,sh.600258,24.4900,25.2900,24.4900,24.6500,24.7500,5617151,139181177.5800,3,0.573800,1,-0.404000,0
2020-12-09,sh.600258,25.0000,25.0000,23.9800,24.0100,24.6500,8156551,198321220.3400,3,0.833200,1,-2.596300,0
2020-12-10,sh.600258,24.0000,24.2800,23.8200,24.0200,24.0100,6064777,145628739.3500,3,0.619600,1,0.041600,0
2020-12-11,sh.600258,24.0700,24.1700,23.2500,23.3800,24.0200,9827677,231657838.4400,3,1.004000,1,-2.664400,0
2020-12-14,sh.600258,23.4000,24.4700,23.1200,24.3500,23.3800,11243907,269549839.5800,3,1.148600,1,4.148800,0
2020-12-15,sh.600258,24.0100,24.3000,23.7600,24.0000,24.3500,5915372,142079122.3100,3,0.604300,1,-1.437400,0
2020-12-16,sh.600258,23.8600,25.6900,23.7300,25.4400,24.0000,12767105,317560705.6000,3,1.304200,1,6.000000,0
2020-12-17,sh.600258,25.4500,26.1000,23.9800,24.1300,25.4400,17993463,448469356.7000,3,1.838100,1,-5.149400,0
2020-12-18,sh.600258,24.0800,24.2100,23.3700,23.6700,24.1300,13305927,315576004.8500,3,1.359300,1,-1.906300,0
2020-12-21,sh.600258,23.2600,23.3700,21.7700,22.9700,23.6700,23945688,543024842.4100,3,2.446200,1,-2.957300,0
2020-12-22,sh.600258,22.9000,23.0000,21.4200,21.5500,22.9700,25880342,572623460.3100,3,2.643800,1,-6.182000,0
2020-12-23,sh.600258,21.6800,21.8100,21.2300,21.4900,21.5500,14013618,301197558.8200,3,1.431600,1,-0.278400,0
2020-12-24,sh.600258,21.4700,22.0800,21.3000,21.3000,21.4900,9583174,207745436.8400,3,0.979000,1,-0.884100,0
2020-12-25,sh.600258,21.3200,21.5000,20.6600,20.9200,21.3000,12625859,264761186.4100,3,1.289800,1,-1.784000,0
2020-12-28,sh.600258,20.5200,20.7000,19.8500,19.9400,20.9200,23088590,467580204.8300,3,2.358600,1,-4.684500,0
2020-12-29,sh.600258,20.2600,21.2700,19.9700,20.2600,19.9400,16625079,341808692.7100,3,1.698400,1,1.604800,0
2020-12-30,sh.600258,20.3400,20.4200,19.8600,20.1700,20.2600,10503612,211375918.8200,3,1.073000,1,-0.444200,0
2020-12-31,sh.600258,20.2500,21.4000,20.0300,21.2200,20.1700,20288950,423894388.1600,3,2.072600,1,5.205800,0
2021-01-04,sh.600258,21.3000,22.1000,21.1300,21.6200,21.2200,17864691,384504525.2500,3,1.825000,1,1.885000,0
2021-01-05,sh.600258,21.5500,21.7500,20.7600,20.9100,21.6200,14929172,315218366.8800,3,1.525100,1,-3.284000,0
2021-01-06,sh.600258,20.6100,20.9000,20.1900,20.4000,20.9100,21348646,437699779.4100,3,2.180900,1,-2.439000,0
2021-01-07,sh.600258,20.4400,21.0900,20.3700,20.6900,20.4000,16257351,337070382.5800,3,1.660800,1,1.421600,0
2021-01-08,sh.600258,20.5300,21.4200,20.3900,21.1500,20.6900,13590848,285117839.8200,3,1.388400,1,2.223300,0
2021-01-11,sh.600258,21.1500,21.5900,20.7300,20.9900,21.1500,13168131,279381327.0400,3,1.345200,1,-0.756500,0
2021-01-12,sh.600258,20.8800,21.1700,20.3200,20.9200,20.9900,13456890,279816321.1100,3,1.374700,1,-0.333500,0
2021-01-13,sh.600258,20.8000,20.8000,19.5600,20.0500,20.9200,22340227,447225352.5400,3,2.282200,1,-4.158700,0
2021-01-14,sh.600258,20.0000,20.8500,19.9100,20.1900,20.0500,13778555,280804903.2200,3,1.407600,1,0.698300,0
2021-01-15,sh.600258,20.1600,20.5000,19.6500,20.2700,20.1900,10330208,206738498.6600,3,1.055300,1,0.396200,0
2021-01-18,sh.600258,20.1600,20.3900,19.8100,19.9800,20.2700,11261335,225510449.8600,3,1.150400,1,-1.430700,0
2021-01-19,sh.600258,19.9800,21.1700,19.8600,20.6100,19.9800,14550311,300220360.6400,3,1.486400,1,3.153200,0
2021-01-20,sh.600258,20.6800,20.7300,20.0000,20.6200,20.6100,11302487,231517752.3700,3,1.154600,1,0.048500,0
2021-01-21,sh.600258,20.2300,20.6200,19.1600,19.1900,20.6200,28043699,551881752.0000,3,2.864800,1,-6.935000,0
2021-01-22,sh.600258,19.0900,19.5600,18.7700,19.4300,19.1900,18207958,350404543.7500,3,1.860100,1,1.250700,0
2021-01-25,sh.600258,19.3500,20.6700,19.1400,20.5500,19.4300,19815651,399861486.2900,3,2.024300,1,5.764300,0
2021-01-26,sh.600258,20.4400,21.6000,20.2600,21.2100,20.5500,20371383,427247691.0400,3,2.081100,1,3.211700,0
2021-01-27,sh.600258,21.2100,21.5800,20.8300,21.0200,21.2100,14390187,305059552.1600,3,1.470000,1,-0.895800,0
2021-01-28,sh.600258,20.9800,21.9300,20.9200,21.0200,21.0200,17098791,366391981.3900,3,1.746800,1,0.000000,0
2021-01-29,sh.600258,21.1100,22.1000,21.1000,21.7400,21.0200,20564799,446437211.0300,3,2.100800,1,3.425300,0
2021-02-01,sh.600258,21.9300,22.4900,21.3000,21.9500,21.7400,15286814,334793147.7200,3,1.561600,1,0.966000,0
2021-02-02,sh.600258,22.0500,22.8200,21.8800,22.4900,21.9500,17656233,396449950.5200,3,1.803700,1,2.460100,0
2021-02-03,sh.600258,22.5700,23.9000,22.3000,23.1000,22.4900,21946717,510794545.9900,3,2.242000,1,2.712300,0
2021-02-04,sh.600258,23.0600,23.3300,22.5000,22.9500,23.1000,13478965,308400320.1100,3,1.377000,1,-0.649400,0
2021-02-05,sh.600258,23.1900,23.6500,22.7800,23.1000,22.9500,17294916,402629255.6500,3,1.766800,1,0.653600,0
2021-02-08,sh.600258,23.3400,24.9600,23.2800,24.6700,23.1000,19587705,476044533.8300,3,2.001000,1,6.796500,0
2021-02-09,sh.600258,24.5000,25.0500,24.0100,24.8000,24.6700,16304920,401654974.2100,3,1.665700,1,0.527000,0
2021-02-10,sh.600258,24.8000,24.9000,24.3000,24.4900,24.8000,10901460,267197154.4500,3,1.113700,1,-1.250000,0
2021-02-18,sh.600258,25.4300,25.9400,24.6600,25.3800,24.4900,20416892,518558717.3600,3,2.085700,1,3.634100,0
2021-02-19,sh.600258,25.4500,25.6100,24.2000,24.8500,25.3800,17331544,429493602.7600,3,1.770500,1,-2.088300,0
2021-02-22,sh.600258,24.7500,25.1900,24.0600,24.1500,24.8500,15832504,388399834.0400,3,1.617400,1,-2.816900,0
2021-02-23,sh.600258,24.0000,24.7800,23.8000,24.2300,24.1500,12720740,307637260.8000,3,1.299500,1,0.331300,0
2021-02-24,sh.600258,24.0700,26.6500,24.0700,24.9900,24.2300,33831578,875910483.6700,3,3.456100,1,3.136600,0
2021-02-25,sh.600258,25.2500,26.2400,24.0000,25.2400,24.9900,23642221,594195148.4500,3,2.415200,1,1.000400,0
2021-02-26,sh.600258,24.6700,24.9900,23.3000,23.7000,25.2400,23931441,574565091.9500,3,2.444700,1,-6.101400,0
2021-03-01,sh.600258,23.9600,25.6600,23.9500,24.8500,23.7000,21943220,549212247.6300,3,2.241600,1,4.852300,0
2021-03-02,sh.600258,25.3800,27.2000,24.7600,26.0500,24.8500,26590945,694471779.8900,3,2.716400,1,4.829000,0
2021-03-03,sh.600258,25.9900,26.4900,25.7000,26.3200,26.0500,13783132,360749476.8100,3,1.408000,1,1.036500,0
2021-03-04,sh.600258,26.0100,26.0300,24.5800,24.7800,26.3200,15537882,390704258.7800,3,1.587300,1,-5.851100,0
2021-03-05,sh.600258,24.3400,24.4000,23.5100,23.8000,24.7800,13035752,312252074.5500,3,1.331700,1,-3.954800,0
2021-03-08,sh.600258,23.8000,24.4400,22.7000,22.8100,23.8000,15250906,356898349.0800,3,1.558000,1,-4.159700,0
2021-03-09,sh.600258,23.0800,24.9000,22.3500,24.0000,22.8100,28228070,671841514.1300,3,2.883700,1,5.217000,0
2021-03-10,sh.600258,24.0000,24.8500,23.8000,24.3700,24.0000,12319148,299984464.3200,3,1.258500,1,1.541700,0
2021-03-11,sh.600258,24.0500,25.8200,24.0500,25.5100,24.3700,13113564,330905407.4500,3,1.339600,1,4.677900,0
2021-03-12,sh.600258,25.9600,26.0900,24.9600,25.7200,25.5100,15220406,386825697.4000,3,1.554900,1,0.823200,0
2021-03-15,sh.600258,25.5000,27.6700,25.5000,27.0800,25.7200,23201713,624775818.0100,3,2.370200,1,5.287700,0
2021-03-16,sh.600258,27.0000,28.4500,26.4500,28.3400,27.0800,25849824,715306931.1600,3,2.640700,1,4.652900,0
2021-03-17,sh.600258,28.1400,28.2700,27.3500,27.7000,28.3400,18158542,503302705.1000,3,1.855000,1,-2.258300,0
2021-03-18,sh.600258,27.6000,28.1700,27.0600,27.5600,27.7000,15122952,416799991.8300,3,1.544900,1,-0.505400,0
2021-03-19,sh.600258,27.2200,27.4000,26.3500,26.6800,27.5600,20225308,539514596.2000,3,2.066100,1,-3.193000,0
2021-03-22,sh.600258,26.6000,27.3100,26.6000,27.0500,26.6800,14564683,393103177.2200,3,1.487900,1,1.386800,0
2021-03-23,sh.600258,27.0500,27.3800,25.7800,26.1400,27.0500,14950270,393600354.4800,3,1.527300,1,-3.364100,0
2021-03-24,sh.600258,25.9100,26.0000,23.6400,24.1700,26.1400,21690740,531591428.7200,3,2.215800,1,-7.536300,0
2021-03-25,sh.600258,23.8800,25.1100,23.6500,24.8700,24.1700,14826505,364378739.1500,3,1.514600,1,2.896200,0
2021-03-26,sh.600258,24.9000,26.4200,24.8700,26.3900,24.8700,15316821,398264284.5500,3,1.564700,1,6.111800,0
2021-03-29,sh.600258,26.6800,28.0000,26.4400,27.7700,26.3900,20367675,561329712.7700,3,2.080700,1,5.229300,0
2021-03-30,sh.600258,27.6900,27.9000,27.2300,27.3500,27.7700,11672776,321094690.3200,3,1.192400,1,-1.512400,0
2021-03-31,sh.600258,27.4600,28.1700,26.9000,27.2500,27.3500,13553469,372592649.6200,3,1.384600,1,-0.365600,0
2021-04-01,sh.600258,27.3200,27.3800,25.9000,26.9800,27.2500,12698326,337970558.9400,3,1.297200,1,-0.990800,0
2021-04-02,sh.600258,27.2000,27.8700,26.4000,27.4700,26.9800,16694768,452493633.6300,3,1.705500,1,1.816200,0
2021-04-06,sh.600258,27.5000,27.5000,25.8400,27.0500,27.4700,17945119,476546758.5400,3,1.833200,1,-1.528900,0
2021-04-07,sh.600258,26.9600,27.1200,26.1000,26.6500,27.0500,11351810,300679982.1200,3,1.159700,1,-1.478700,0
2021-04-08,sh.600258,26.4200,26.8600,26.1800,26.4600,26.6500,7933644,210747713.3500,3,0.810500,1,-0.712900,0
2021-04-09,sh.600258,26.4800,28.8800,26.4600,28.6300,26.4600,25218118,707089624.4200,3,2.576200,1,8.201100,0
2021-04-12,sh.600258,28.8000,29.9100,27.2000,27.3400,28.6300,24648377,698089157.4000,3,2.518000,1,-4.505800,0
2021-04-13,sh.600258,27.0600,28.6000,26.1800,26.4700,27.3400,27526264,750408213.5600,3,2.812000,1,-3.182200,0
2021-04-14,sh.600258,26.5500,27.8500,26.5000,26.9700,26.4700,19402441,526407192.4900,3,1.982100,1,1.888900,0
2021-04-15,sh.600258,26.7900,26.7900,25.6100,26.2900,26.9700,14749244,385031367.3300,3,1.506700,1,-2.521300,0
2021-04-16,sh.600258,26.1500,26.6400,25.7600,26.4700,26.2900,16838024,442063368.0100,3,1.720100,1,0.684700,0
2021-04-19,sh.600258,26.8300,26.9500,25.7000,26.3100,26.4700,20863764,551009057.3800,3,2.131400,1,-0.604500,0
2021-04-20,sh.600258,26.0000,26.3500,25.4500,26.0100,26.3100,16244248,421881982.3600,3,1.659500,1,-1.140300,0
2021-04-21,sh.600258,25.4100,26.7000,25.3000,25.9000,26.0100,18392442,481696319.9300,3,1.878900,1,-0.422900,0
2021-04-22,sh.600258,26.0500,26.4000,25.6300,25.8500,25.9000,11301840,293655640.0600,3,1.154600,1,-0.193100,0
2021-04-23,sh.600258,25.7500,26.0200,24.9000,25.5700,25.8500,16938962,430361946.0800,3,1.730400,1,-1.083200,0
2021-04-26,sh.600258,25.5000,26.6600,25.5000,26.0000,25.5700,17538226,457778344.8600,3,1.791600,1,1.681700,0
2021-04-27,sh.600258,26.0200,26.7700,25.6200,26.3600,26.0000,17774803,466512879.8400,3,1.815800,1,1.384600,0
2021-04-28,sh.600258,26.1100,27.0600,25.6800,26.6400,26.3600,17231524,456192008.7700,3,1.760300,1,1.062200,0
2021-04-29,sh.600258,26.8000,27.1000,24.4700,25.4900,26.6400,27684654,703819974.2900,3,2.828200,1,-4.316800,0
2021-04-30,sh.600258,24.8100,25.7600,24.3300,25.5900,25.4900,21529722,543457220.7500,3,2.199400,1,0.392300,0
2021-05-06,sh.600258,25.5200,25.5500,23.0300,23.6800,25.5900,32784367,774400141.8500,3,3.349100,1,-7.463900,0
2021-05-07,sh.600258,23.6500,23.7400,22.9600,22.9600,23.6800,15687801,366074951.5600,3,1.602600,1,-3.040500,0
2021-05-10,sh.600258,22.9700,24.2000,22.4100,23.8100,22.9600,20683411,488131745.6300,3,2.112900,1,3.702100,0
2021-05-11,sh.600258,23.7900,24.6500,23.4300,24.4000,23.8100,12195612,294484510.8900,3,1.245900,1,2.478000,0
2021-05-12,sh.600258,24.2300,24.4900,24.0400,24.2700,24.4000,6342433,153915759.9500,3,0.647900,1,-0.532800,0
2021-05-13,sh.600258,23.9000,24.5000,23.6500,24.2800,24.2700,9309652,224813979.5700,3,0.951000,1,0.041200,0
2021-05-14,sh.600258,24.2600,24.7600,24.1100,24.5300,24.2800,8791910,215308772.3800,3,0.898100,1,1.029700,0
2021-05-17,sh.600258,24.0800,24.5000,23.5000,24.4200,24.5300,22173540,532208748.2400,3,2.265200,1,-0.448400,0
2021-05-18,sh.600258,24.4800,25.5500,24.2700,25.2600,24.4200,12056202,299807977.2300,3,1.231600,1,3.439800,0
2021-05-19,sh.600258,25.1800,25.3900,24.7200,24.7500,25.2600,7454392,186382609.5700,3,0.761500,1,-2.019000,0
2021-05-20,sh.600258,24.7500,24.9600,24.3500,24.5900,24.7500,6957076,171454983.6500,3,0.710700,1,-0.646500,0
2021-05-21,sh.600258,24.6200,25.6300,24.3600,25.3300,24.5900,13958562,350798693.1900,3,1.426000,1,3.009400,0
2021-05-24,sh.600258,25.2200,25.7300,24.3900,24.7200,25.3300,11670596,289860280.1200,3,1.192200,1,-2.408200,0
2021-05-25,sh.600258,24.7200,25.1400,24.5800,24.8800,24.7200,10592594,263218946.3400,3,1.082100,1,0.647200,0
2021-05-26,sh.600258,24.8100,26.7400,24.2500,26.5300,24.8800,27869338,713248483.4600,3,2.847000,1,6.631800,0
2021-05-27,sh.600258,26.5400,27.3300,26.1000,27.2800,26.5300,23271755,621757797.9500,3,2.377400,1,2.827000,0
2021-05-28,sh.600258,27.2600,28.8800,27.2000,28.3000,27.2800,27121339,767740686.4200,3,2.770600,1,3.739000,0
2021-05-31,sh.600258,28.0000,28.0400,25.7700,27.1400,28.3000,30387519,814485551.2700,3,3.104300,1,-4.098900,0
2021-06-01,sh.600258,27.0000,27.8000,26.7000,27.2300,27.1400,14702358,400982073.9700,3,1.501900,1,0.331600,0
2021-06-02,sh.600258,27.4600,27.7500,26.8000,27.3000,27.2300,16725442,455264929.1900,3,1.708600,1,0.257100,0
2021-06-03,sh.600258,27.3100,27.8700,26.8500,27.4600,27.3000,12138348,332608529.1900,3,1.240000,1,0.586100,0
2021-06-04,sh.600258,27.4900,27.8500,26.8800,26.9500,27.4600,11924380,323577116.8900,3,1.218200,1,-1.857200,0
2021-06-07,sh.600258,26.8000,26.9500,25.8600,26.3900,26.9500,12649447,333836364.1200,3,1.292200,1,-2.077900,0
2021-06-08,sh.600258,26.4000,26.9000,26.1600,26.4200,26.3900,9223362,244505860.6900,3,0.942200,1,0.113700,0
2021-06-09,sh.600258,26.4000,26.5800,25.7200,25.9900,26.4200,10347034,269321095.8600,3,1.057000,1,-1.627600,0
2021-06-10,sh.600258,25.9500,26.1700,25.7300,25.9200,25.9900,7405102,192251619.3500,3,0.756500,1,-0.269300,0
2021-06-11,sh.600258,25.9800,26.0900,25.1400,25.4400,25.9200,10045767,255261110.5000,3,1.026200,1,-1.851900,0
2021-06-15,sh.600258,25.5700,25.5700,24.5700,24.6000,25.4400,7756335,193651128.6000,3,0.792400,1,-3.301900,0
2021-06-16,sh.600258,24.5800,24.7300,24.0000,24.3100,24.6000,8008940,195023654.8000,3,0.818200,1,-1.178900,0
2021-06-17,sh.600258,24.2500,24.5500,23.0800,23.3900,24.3100,14700702,347489647.3300,3,1.501800,1,-3.784500,0
2021-06-18,sh.600258,23.3800,23.5900,23.0000,23.3200,23.3900,9150466,212709182.7300,3,0.931700,1,-0.299300,0
2021-06-21,sh.600258,23.3600,24.2000,22.8500,23.7600,23.3200,13860229,326038734.0000,3,1.411300,1,1.886800,0
2021-06-22,sh.600258,23.8000,24.1400,23.1600,23.4000,23.7600,10507423,247936544.4400,3,1.069900,1,-1.515200,0
2021-06-23,sh.600258,24.1000,25.7400,24.1000,24.8400,23.4000,28560865,723236774.7700,3,2.908200,1,6.153800,0
2021-06-24,sh.600258,24.4000,24.4400,23.4100,23.8800,24.8400,24511735,585573972.8100,3,2.495900,1,-3.864700,0
2021-06-25,sh.600258,23.8800,24.1500,23.3400,23.9600,23.8800,14248473,337579169.6600,3,1.450800,1,0.335000,0
2021-06-28,sh.600258,23.9600,24.0900,23.3100,23.4700,23.9600,13225207,311285557.2300,3,1.346700,1,-2.045100,0
2021-06-29,sh.600258,23.5600,24.3400,23.3400,24.0900,23.4700,14570424,348015608.1700,3,1.483600,1,2.641700,0
2021-06-30,sh.600258,23.7700,24.1800,23.4000,23.8600,24.0900,11192440,265808810.7700,3,1.139700,1,-0.954800,0
2021-07-01,sh.600258,23.9700,24.5600,23.6000,24.2900,23.8600,11727402,283717033.3500,3,1.194100,1,1.802200,0
2021-07-02,sh.600258,24.1000,25.1800,23.8000,24.6000,24.2900,12699840,312043744.8300,3,1.293200,1,1.276200,0
2021-07-05,sh.600258,24.3700,24.4500,23.7300,23.8800,24.6000,11396191,273696708.2200,3,1.160400,1,-2.926800,0
2021-07-06,sh.600258,23.8100,23.8700,22.8500,23.6500,23.8800,19878197,464109543.0000,3,2.024100,1,-0.963100,0
2021-07-07,sh.600258,23.4200,23.7900,23.2500,23.5200,23.6500,7301464,171622537.4900,3,0.743500,1,-0.549700,0
2021-07-08,sh.600258,23.7200,23.8500,22.9500,23.0900,23.5200,11235043,261448963.3200,3,1.144000,1,-1.828200,0
2021-07-09,sh.600258,23.2100,23.2100,22.0600,22.5000,23.0900,14994653,336029463.1300,3,1.526800,1,-2.555200,0
2021-07-12,sh.600258,22.4000,22.9200,21.6300,22.8000,22.5000,13941878,312523327.4300,3,1.419600,1,1.333300,0
2021-07-13,sh.600258,22.7900,24.0000,22.5400,23.0500,22.8000,17309403,404745421.6800,3,1.762500,1,1.096500,0
2021-07-14,sh.600258,23.2000,23.2000,22.4400,22.6000,23.0500,10821910,245758484.9200,3,1.101900,1,-1.952300,0
2021-07-15,sh.600258,22.6000,22.8200,22.3200,22.5200,22.6000,7596667,171233224.8700,3,0.773500,1,-0.354000,0
2021-07-16,sh.600258,22.4300,23.7800,22.2000,23.4700,22.5200,14258565,329279976.2600,3,1.451900,1,4.218500,0
2021-07-19,sh.600258,23.1000,25.2700,23.0500,25.1200,23.4700,21644494,531356338.8300,3,2.203900,1,7.030300,0
2021-07-20,sh.600258,24.7500,25.1100,24.5000,24.8400,25.1200,9775137,242594847.2000,3,0.995300,1,-1.114600,0
2021-07-21,sh.600258,25.0000,25.0100,23.7300,23.8600,24.8400,14145558,342184148.1400,3,1.440400,1,-3.945200,0
2021-07-22,sh.600258,23.4500,23.7500,22.9400,22.9500,23.8600,12400293,288318146.0500,3,1.262700,1,-3.813900,0
2021-07-23,sh.600258,22.9000,23.2900,22.3100,22.4200,22.9500,12198706,276121643.7600,3,1.242100,1,-2.309400,0
2021-07-26,sh.600258,22.0200,22.2800,21.1000,21.3900,22.4200,15935450,345873766.7900,3,1.622600,1,-4.594100,0
2021-07-27,sh.600258,21.3000,21.7400,20.8200,21.2600,21.3900,13942353,295500364.5400,3,1.419700,1,-0.607800,0
2021-07-28,sh.600258,21.1500,21.5300,20.0000,20.2000,21.2600,21161703,434158962.0200,3,2.154800,1,-4.985900,0
2021-07-29,sh.600258,20.3400,20.3400,19.2600,19.8300,20.2000,25705022,506268705.7300,3,2.617400,1,-1.831700,0
2021-07-30,sh.600258,19.3600,19.3600,18.2000,18.6000,19.8300,24780096,462964414.3300,3,2.523200,1,-6.202700,0
2021-08-02,sh.600258,17.6700,18.9500,17.6500,18.5700,18.6000,20918485,387116911.8700,3,2.130000,1,-0.161300,0
2021-08-03,sh.600258,18.5000,19.3600,18.2600,19.2000,18.5700,15899793,300747644.0200,3,1.619000,1,3.392600,0
2021-08-04,sh.600258,19.0200,19.0900,18.4200,18.7500,19.2000,11859197,221604964.8700,3,1.207600,1,-2.343800,0
2021-08-05,sh.600258,18.5800,19.0800,18.4200,18.6100,18.7500,9111033,169970606.9200,3,0.927700,1,-0.746700,0
2021-08-06,sh.600258,18.7400,18.8600,18.1200,18.6000,18.6100,7652881,142061642.0300,3,0.779300,1,-0.053700,0
2021-08-09,sh.600258,18.6000,20.0800,18.5000,19.7800,18.6000,19887516,386932326.6600,3,2.025000,1,6.344100,0
2021-08-10,sh.600258,20.0000,20.2600,19.4000,20.0500,19.7800,12122759,241062328.3500,3,1.234400,1,1.365000,0
2021-08-11,sh.600258,19.9600,20.5600,19.8000,20.1200,20.0500,9153202,184945389.9600,3,0.932000,1,0.349100,0
2021-08-12,sh.600258,20.1000,20.5300,19.8800,20.3100,20.1200,6988828,141592229.4300,3,0.711600,1,0.944300,0
2021-08-13,sh.600258,20.3000,20.4900,19.9700,20.1800,20.3100,7989011,160956323.8600,3,0.813500,1,-0.640100,0
2021-08-16,sh.600258,20.3700,21.8800,20.3700,21.4000,20.1800,18185059,387366237.0500,3,1.851700,1,6.045600,0
2021-08-17,sh.600258,21.4700,21.8100,21.0300,21.6500,21.4000,15103547,325187629.5700,3,1.537900,1,1.168200,0
2021-08-18,sh.600258,21.5000,23.3000,21.4200,22.4700,21.6500,19053715,431046547.8700,3,1.940100,1,3.787500,0
2021-08-19,sh.600258,22.4600,22.7300,21.5100,21.8900,22.4700,12009641,263367439.5400,3,1.222900,1,-2.581200,0
2021-08-20,sh.600258,22.2800,22.6500,21.8000,22.4700,21.8900,8038252,179018702.5900,3,0.818500,1,2.649600,0
2021-08-23,sh.600258,22.5300,23.1800,22.2600,22.7300,22.4700,9065732,205373853.6800,3,0.923100,1,1.157100,0
2021-08-24,sh.600258,22.7300,23.7700,22.5400,23.5600,22.7300,14399463,333194237.2500,3,1.466200,1,3.651600,0
2021-08-25,sh.600258,23.1000,23.6600,22.3000,22.4400,23.5600,15630413,357412615.6400,3,1.591600,1,-4.753800,0
2021-08-26,sh.600258,22.7000,23.4200,22.0700,22.9100,22.4400,11073656,251785770.9600,3,1.127600,1,2.094500,0
2021-08-27,sh.600258,23.1200,23.5000,22.6000,22.7900,22.9100,10653539,244889168.8700,3,1.084800,1,-0.523800,0
2021-08-30,sh.600258,22.8000,23.0900,22.4100,22.9000,22.7900,10028603,228658778.0300,3,1.021200,1,0.482700,0
2021-08-31,sh.600258,23.0700,23.5500,22.4000,23.0300,22.9000,11245065,258146654.0000,3,1.145000,1,0.567700,0
2021-09-01,sh.600258,22.9300,25.0000,22.7000,24.6700,23.0300,23710230,573132669.0800,3,2.414300,1,7.121100,0
2021-09-02,sh.600258,24.6800,25.6600,24.1600,24.6400,24.6700,15414549,382245518.4500,3,1.569600,1,-0.121600,0
2021-09-03,sh.600258,24.2000,25.9500,23.5000,25.7700,24.6400,22883575,570094903.6500,3,2.330100,1,4.586000,0
2021-09-06,sh.600258,25.6000,26.3800,25.0500,25.6000,25.7700,15612372,400994797.3400,3,1.589700,1,-0.659700,0
2021-09-07,sh.600258,25.6300,25.8000,24.8600,25.1900,25.6000,13998424,354153554.2600,3,1.425400,1,-1.601600,0
2021-09-08,sh.600258,25.4900,25.7000,24.9600,25.1800,25.1900,10055607,254756416.4200,3,1.023900,1,-0.039700,0
2021-09-09,sh.600258,25.1700,25.8800,24.8600,25.2800,25.1800,8254592,208825022.6500,3,0.840500,1,0.397100,0
2021-09-10,sh.600258,25.4000,26.6900,25.3900,26.0900,25.2800,14944667,391881147.1400,3,1.521700,1,3.204100,0
2021-09-13,sh.600258,24.9800,25.0500,24.0100,24.2200,26.0900,24476520,599440270.8600,3,2.492300,1,-7.167500,0
2021-09-14,sh.600258,24.1900,24.6200,24.0100,24.2000,24.2200,11013005,267316140.5500,3,1.121400,1,-0.082600,0
2021-09-15,sh.600258,23.9700,23.9700,22.8800,23.0600,24.2000,15621849,360845351.2400,3,1.590700,1,-4.710700,0
2021-09-16,sh.600258,22.9800,24.0700,22.9800,23.2000,23.0600,10672814,251498391.1100,3,1.086800,1,0.607100,0
2021-09-17,sh.600258,23.1500,23.7100,22.6200,23.6900,23.2000,10076214,232415979.5600,3,1.026000,1,2.112100,0
2021-09-22,sh.600258,23.1700,23.1700,21.5700,22.4000,23.6900,17613388,392611668.7600,3,1.793500,1,-5.445300,0
2021-09-23,sh.600258,22.3700,22.5800,22.0400,22.1800,22.4000,8484078,189049727.7300,3,0.863900,1,-0.982100,0
2021-09-24,sh.600258,22.2100,23.2500,21.8500,22.6300,22.1800,15409895,347453793.7100,3,1.569100,1,2.028900,0
2021-09-27,sh.600258,22.2500,23.1700,21.9000,22.1600,22.6300,17497540,394188865.5900,3,1.781700,1,-2.076900,0
2021-09-28,sh.600258,22.1600,22.8000,21.2500,22.4000,22.1600,12587145,280485954.6700,3,1.281700,1,1.083000,0
2021-09-29,sh.600258,22.0300,22.5000,21.0000,21.6900,22.4000,15012321,323809279.4400,3,1.528600,1,-3.169600,0
2021-09-30,sh.600258,21.7300,22.1500,21.6000,21.8000,21.6900,8738924,191132897.4200,3,0.889800,1,0.507100,0
2021-10-08,sh.600258,22.2100,23.4300,22.2100,22.8200,21.8000,15064315,346833941.2000,3,1.533900,1,4.678900,0
2021-10-11,sh.600258,22.8700,23.3200,22.5100,23.1500,22.8200,11415844,262859323.5900,3,1.162400,1,1.446100,0
2021-10-12,sh.600258,23.1500,23.6500,22.9200,23.1000,23.1500,9824394,228447790.9700,3,1.000400,1,-0.216000,0
2021-10-13,sh.600258,23.2600,24.8000,23.0000,24.6000,23.1000,15634464,377891127.5700,3,1.592000,1,6.493500,0
2021-10-14,sh.600258,24.6100,25.8600,24.4600,24.7500,24.6000,18285183,459524791.5500,3,1.861900,1,0.609800,0
2021-10-15,sh.600258,24.7900,25.4500,24.7000,25.0900,24.7500,12717077,319326197.7500,3,1.294900,1,1.373700,0
2021-10-18,sh.600258,25.0000,25.0900,24.0900,24.4800,25.0900,14275584,349415421.6400,3,1.453600,1,-2.431200,0
2021-10-19,sh.600258,24.0000,24.5200,23.3000,23.4400,24.4800,18846950,447491302.2000,3,1.919100,1,-4.248400,0
2021-10-20,sh.600258,23.4500,23.6700,22.5000,23.2000,23.4400,16084061,371075255.0600,3,1.637800,1,-1.023900,0
2021-10-21,sh.600258,23.0000,23.6200,22.6300,23.1400,23.2000,15921917,367520434.4500,3,1.621200,1,-0.258600,0
2021-10-22,sh.600258,23.1200,23.5800,23.0000,23.2300,23.1400,12994503,303955860.0000,3,1.323200,1,0.388900,0
2021-10-25,sh.600258,22.6600,24.0700,22.5100,23.9900,23.2300,14396223,338659458.0600,3,1.465900,1,3.271600,0
2021-10-26,sh.600258,23.8600,24.6400,23.8000,24.2900,23.9900,12019022,292295052.2800,3,1.223800,1,1.250500,0
2021-10-27,sh.600258,24.2900,25.4000,24.1300,25.2300,24.2900,18441786,462115959.0400,3,1.877800,1,3.869900,0
2021-10-28,sh.600258,25.1000,25.4700,24.5300,24.8000,25.2300,10430065,260453976.8700,3,1.062000,1,-1.704300,0
2021-10-29,sh.600258,24.8000,25.2500,24.4500,24.5000,24.8000,13898550,343675254.5100,3,1.415200,1,-1.209700,0
2021-11-01,sh.600258,23.9900,24.6600,23.7200,24.0900,24.5000,11542266,279186363.0400,3,1.175300,1,-1.673500,0
2021-11-02,sh.600258,23.9300,24.3100,22.6000,22.9000,24.0900,17400505,404588267.5200,3,1.771800,1,-4.939800,0
2021-11-03,sh.600258,22.8400,23.6500,22.7900,23.2400,22.9000,10010978,233183886.4600,3,1.019400,1,1.484700,0
2021-11-04,sh.600258,23.3300,23.3400,22.5300,22.9100,23.2400,10225289,233608368.9800,3,1.041200,1,-1.420000,0
2021-11-05,sh.600258,22.7500,22.9700,22.3500,22.6200,22.9100,7117794,161121615.0900,3,0.724800,1,-1.265800,0
2021-11-08,sh.600258,23.5000,24.8800,23.4800,24.8800,22.6200,23069659,568289341.4400,3,2.349100,1,9.991200,0
2021-11-09,sh.600258,24.9700,27.0100,24.8500,26.9400,24.8800,36021004,939805145.9900,3,3.667800,1,8.279700,0
2021-11-10,sh.600258,26.6200,27.2800,25.5900,25.9400,26.9400,20570089,539104536.1800,3,2.094500,1,-3.712000,0
2021-11-11,sh.600258,26.2600,26.3900,25.4100,25.8300,25.9400,13946721,359459253.7700,3,1.420100,1,-0.424100,0
2021-11-12,sh.600258,25.6300,26.4300,25.5100,26.1500,25.8300,15056490,391892340.4000,3,1.533100,1,1.238900,0
2021-11-15,sh.600258,25.9200,26.4100,25.5100,26.0200,26.1500,14864822,386046076.3300,3,1.513600,1,-0.497100,0
2021-11-16,sh.600258,26.1600,26.6800,25.8500,26.0300,26.0200,10464396,273850902.7400,3,1.065500,1,0.038400,0
2021-11-17,sh.600258,25.9200,26.3800,25.4600,25.8400,26.0300,12756154,329783553.7700,3,1.298900,1,-0.729900,0
2021-11-18,sh.600258,25.8900,26.0400,25.4500,25.4800,25.8400,7958228,204245355.5800,3,0.810300,1,-1.393200,0
2021-11-19,sh.600258,25.4600,25.5900,24.9800,25.2600,25.4800,8796352,221952308.0600,3,0.895700,1,-0.863400,0
2021-11-22,sh.600258,25.1700,25.9500,25.0300,25.2600,25.2600,13362911,339007978.2200,3,1.360700,1,0.000000,0
2021-11-23,sh.600258,25.7100,25.8700,24.6500,24.8000,25.2600,10937144,275041286.3300,3,1.113700,1,-1.821100,0
2021-11-24,sh.600258,24.7000,25.1600,24.3600,25.0300,24.8000,9722072,241204637.5700,3,0.989900,1,0.927400,0
2021-11-25,sh.600258,24.9500,25.1100,24.5000,24.5300,25.0300,7419924,183428102.9200,3,0.755500,1,-1.997600,0
2021-11-26,sh.600258,24.1500,24.6100,23.7600,24.1600,24.5300,14245597,345061591.7700,3,1.450600,1,-1.508400,0
2021-11-29,sh.600258,22.9600,24.1400,22.8600,23.9000,24.1600,13235932,313479311.0000,3,1.347700,1,-1.076200,0
2021-11-30,sh.600258,23.7800,24.0900,23.2000,23.2000,23.9000,7342582,172905020.0200,3,0.747700,1,-2.928900,0
2021-12-01,sh.600258,23.2300,23.7300,23.0300,23.7000,23.2000,7961258,185857946.8600,3,0.810700,1,2.155200,0
2021-12-02,sh.600258,23.5900,23.7500,23.1300,23.2400,23.7000,6110432,142455877.7800,3,0.622200,1,-1.940900,0
2021-12-03,sh.600258,23.5000,23.8500,23.2700,23.6900,23.2400,5535791,130295629.4600,3,0.563700,1,1.936300,0
2021-12-06,sh.600258,23.7000,23.8500,23.1800,23.2400,23.6900,6678035,156708377.4400,3,0.680000,1,-1.899500,0
2021-12-07,sh.600258,23.6100,24.7500,23.6000,24.4000,23.2400,15326995,373527898.3500,3,1.560700,1,4.991400,0
2021-12-08,sh.600258,24.2600,24.9000,24.2600,24.4600,24.4000,8327669,203921054.0600,3,0.848000,1,0.245900,0
2021-12-09,sh.600258,24.9500,25.4300,24.5400,25.2400,24.4600,13973912,350451991.5100,3,1.422900,1,3.188900,0
2021-12-10,sh.600258,25.1100,25.3900,24.8600,25.1000,25.2400,6286760,157576302.5000,3,0.640100,1,-0.554700,0
2021-12-13,sh.600258,24.8000,25.1400,24.5500,24.9300,25.1000,6070800,150995460.2700,3,0.618200,1,-0.677300,0
2021-12-14,sh.600258,24.6400,24.8600,24.1200,24.3100,24.9300,7016655,170573238.5000,3,0.714500,1,-2.487000,0
2021-12-15,sh.600258,24.3000,24.3700,23.8600,23.9400,24.3100,5211728,125304754.0400,3,0.530700,1,-1.522000,0
2021-12-16,sh.600258,23.8800,24.2800,23.7000,24.1100,23.9400,3903355,93645179.1400,3,0.397500,1,0.710100,0
2021-12-17,sh.600258,24.0000,24.0800,23.5500,23.8200,24.1100,6050005,143488231.6700,3,0.616000,1,-1.202800,0
2021-12-20,sh.600258,23.6000,23.7500,23.1800,23.4000,23.8200,6216069,145693362.0400,3,0.632900,1,-1.763200,0
2021-12-21,sh.600258,23.4900,24.6700,23.2900,24.4800,23.4000,9772434,236415198.3500,3,0.995100,1,4.615400,0
2021-12-22,sh.600258,24.5000,25.2000,24.2500,25.2000,24.4800,9020655,224817446.1800,3,0.918500,1,2.941200,0
2021-12-23,sh.600258,25.0700,25.4700,24.7500,24.8200,25.2000,5866491,146920111.0400,3,0.597400,1,-1.507900,0
2021-12-24,sh.600258,24.9000,24.9400,24.3300,24.7000,24.8200,4942248,121599630.1500,3,0.503200,1,-0.483500,0
2021-12-27,sh.600258,24.6500,25.1000,24.5300,25.0200,24.7000,5406250,134261087.4300,3,0.550500,1,1.295500,0
2021-12-28,sh.600258,24.9000,25.2900,24.8300,25.0200,25.0200,5668997,142262829.5300,3,0.577200,1,0.000000,0
2021-12-29,sh.600258,24.9900,25.8900,24.9000,25.6300,25.0200,9344117,238889819.0400,3,0.951500,1,2.438000,0
2021-12-30,sh.600258,25.5800,25.7600,25.1100,25.7000,25.6300,8810559,224329834.8200,3,0.897100,1,0.273100,0
2021-12-31,sh.600258,25.5100,26.2000,25.2700,26.1300,25.7000,8389090,217122651.8100,3,0.854200,1,1.673200,0
2022-01-04,sh.600258,26.0000,27.1800,25.9000,26.9800,26.1300,12331986,330231827.3700,3,1.255700,1,3.253000,0
2022-01-05,sh.600258,26.9700,27.3900,26.3500,26.5000,26.9800,8827797,235648319.1900,3,0.898900,1,-1.779100,0
2022-01-06,sh.600258,26.2000,26.7500,25.9300,26.4500,26.5000,5740194,151247915.8800,3,0.584500,1,-0.188700,0
2022-01-07,sh.600258,26.4200,27.0900,26.2000,26.4600,26.4500,8279183,220895279.4000,3,0.843000,1,0.037800,0
2022-01-10,sh.600258,25.9900,26.7300,25.3600,26.5500,26.4600,8612577,225350800.6500,3,0.877000,1,0.340100,0
2022-01-11,sh.600258,26.9500,26.9500,25.8300,26.3900,26.5500,6882252,181178467.9300,3,0.700800,1,-0.602600,0
2022-01-12,sh.600258,26.3800,26.9400,26.0400,26.6200,26.3900,7769297,207079648.4700,3,0.791100,1,0.871500,0
2022-01-13,sh.600258,26.5900,26.9300,26.0800,26.3000,26.6200,7451406,196589037.9100,3,0.758700,1,-1.202100,0
2022-01-14,sh.600258,26.0000,26.4700,25.5000,26.0500,26.3000,8548263,221008146.0200,3,0.870400,1,-0.950600,0
2022-01-17,sh.600258,25.6600,26.1100,25.5000,25.9500,26.0500,7533708,194759857.3500,3,0.767100,1,-0.383900,0
2022-01-18,sh.600258,26.0700,26.0800,25.0700,25.7500,25.9500,9960906,253570431.2500,3,1.014300,1,-0.770700,0
2022-01-19,sh.600258,25.7300,26.6500,25.3800,26.1600,25.7500,11141654,290551428.4300,3,1.134500,1,1.592200,0
2022-01-20,sh.600258,26.3600,27.2000,26.0100,26.7000,26.1600,14250981,381141962.9800,3,1.451100,1,2.064200,0
2022-01-21,sh.600258,27.0700,28.4700,26.8200,26.8900,26.7000,18760327,517219179.3100,3,1.910300,1,0.711600,0
2022-01-24,sh.600258,26.8900,27.1800,26.3700,26.8000,26.8900,11436476,306538800.8400,3,1.164500,1,-0.334700,0
2022-01-25,sh.600258,26.6200,28.1700,26.6200,27.0900,26.8000,11766847,321825446.0900,3,1.198200,1,1.082100,0
2022-01-26,sh.600258,26.9600,27.3000,26.2300,26.6000,27.0900,11232740,298641396.5400,3,1.143800,1,-1.808800,0
2022-01-27,sh.600258,26.7800,26.9600,25.9000,25.9000,26.6000,7473891,196200679.9600,3,0.761000,1,-2.631600,0
2022-01-28,sh.600258,25.8700,26.2800,25.5600,25.6000,25.9000,7567849,196033921.8800,3,0.770600,1,-1.158300,0
2022-02-07,sh.600258,25.9000,25.9900,24.3600,24.6700,25.6000,16138394,400033229.3800,3,1.643300,1,-3.632800,0
2022-02-08,sh.600258,24.7100,26.2600,24.7100,26.0500,24.6700,19498557,500870862.4900,3,1.985400,1,5.593800,0
2022-02-09,sh.600258,25.8300,27.1000,25.6200,26.9400,26.0500,12812343,340532292.2000,3,1.304600,1,3.416500,0
2022-02-10,sh.600258,26.9000,28.7200,26.7900,28.2500,26.9400,25880610,728917290.8900,3,2.635300,1,4.862700,0
2022-02-11,sh.600258,28.1200,28.8900,27.9200,28.3600,28.2500,18552680,527793078.0700,3,1.889100,1,0.389400,0
2022-02-14,sh.600258,28.5000,28.7000,26.9300,27.4700,28.3600,20683499,569802417.3200,3,2.106100,1,-3.138200,0
2022-02-15,sh.600258,27.4200,27.4200,26.7000,27.1400,27.4700,14905277,403417551.5200,3,1.517700,1,-1.201300,0
2022-02-16,sh.600258,27.1400,27.6400,27.0000,27.3300,27.1400,8374065,228615170.8000,3,0.852700,1,0.700100,0
2022-02-17,sh.600258,27.2300,27.2900,26.4100,26.6800,27.3300,9187871,245089000.9300,3,0.935600,1,-2.378300,0
2022-02-18,sh.600258,26.5500,27.2400,26.3300,26.8500,26.6800,9334028,250084636.9600,3,0.950400,1,0.637200,0
2022-02-21,sh.600258,26.6100,27.1000,26.4300,26.8800,26.8500,7763150,208140015.1800,3,0.790500,1,0.111700,0
2022-02-22,sh.600258,26.5800,26.5900,25.5900,25.9100,26.8800,11472351,297521057.1300,3,1.168200,1,-3.608600,0
2022-02-23,sh.600258,25.9600,26.1300,25.5000,25.6600,25.9100,7779278,199867963.9600,3,0.792100,1,-0.964900,0
2022-02-24,sh.600258,25.5000,26.1100,25.0800,25.3900,25.6600,9626208,245835118.8600,3,0.980200,1,-1.052200,0
2022-02-25,sh.600258,25.3900,25.7500,25.0200,25.2500,25.3900,10344004,261756472.0900,3,1.053300,1,-0.551400,0
2022-02-28,sh.600258,25.0000,25.4500,24.8500,25.3000,25.2500,5016664,126257316.0000,3,0.510800,1,0.198000,0
2022-03-01,sh.600258,25.2900,26.4000,25.1100,25.9900,25.3000,10620208,275077056.0000,3,1.081400,1,2.727300,0
2022-03-02,sh.600258,25.9900,26.2500,25.6700,25.9500,25.9900,4776462,124206614.0000,3,0.486400,1,-0.153900,0
2022-03-03,sh.600258,26.2500,27.9900,26.0900,27.5400,25.9500,18373645,501802864.0000,3,1.870900,1,6.127200,0
2022-03-04,sh.600258,27.6000,27.7000,27.0100,27.6300,27.5400,7673144,210497658.0000,3,0.781300,1,0.326800,0
2022-03-07,sh.600258,27.1600,27.1700,25.2500,25.3500,27.6300,10418980,271209360.0000,3,1.060900,1,-8.251900,0
2022-03-08,sh.600258,25.3500,25.7500,23.5800,23.7400,25.3500,18070408,446597312.0000,3,1.840000,1,-6.351100,0
2022-03-09,sh.600258,23.8000,23.9000,21.8400,22.8000,23.7400,18537648,423036320.0000,3,1.887600,1,-3.959600,0
2022-03-10,sh.600258,23.2200,23.7100,22.8900,22.9000,22.8000,8311621,193627714.0000,3,0.846300,1,0.438600,0
2022-03-11,sh.600258,22.5000,23.7000,21.8600,23.4000,22.9000,14912494,336520256.0000,3,1.518500,1,2.183400,0
2022-03-14,sh.600258,22.4100,23.0900,21.9000,22.0600,23.4000,15493939,347565936.0000,3,1.577700,1,-5.726500,0
2022-03-15,sh.600258,21.8000,22.2000,20.9700,20.9700,22.0600,15888025,341625728.0000,3,1.617800,1,-4.941100,0
2022-03-16,sh.600258,21.9000,23.0000,21.2200,22.9300,20.9700,19765990,439947920.0000,3,2.012700,1,9.346700,0
2022-03-17,sh.600258,23.4600,24.6800,22.6100,24.5600,22.9300,21410441,514476400.0000,3,2.180100,1,7.108600,0
2022-03-18,sh.600258,24.0500,25.1600,24.0400,24.9900,24.5600,7982505,197838235.5400,3,0.812800,1,1.750800,0
2022-03-21,sh.600258,24.5100,25.2500,24.5100,25.0100,24.9900,11047650,275949238.7200,3,1.124900,1,0.080000,0
2022-03-22,sh.600258,24.3800,24.9800,24.1800,24.3600,25.0100,7675257,188596892.9400,3,0.781500,1,-2.599000,0
2022-03-23,sh.600258,24.3800,24.7000,23.8000,24.5000,24.3600,7602561,184561722.3100,3,0.774100,1,0.574700,0
2022-03-24,sh.600258,24.3900,24.3900,23.7100,23.9200,24.5000,5210750,124826164.2800,3,0.530600,1,-2.367300,0
2022-03-25,sh.600258,24.1500,24.1900,23.1000,23.1600,23.9200,6521100,153225523.5500,3,0.664000,1,-3.177300,0
2022-03-28,sh.600258,22.5600,23.2500,22.4000,22.8500,23.1600,8526143,194714805.5900,3,0.868200,1,-1.338500,0
2022-03-29,sh.600258,22.8200,23.9800,22.6700,22.9400,22.8500,7665064,177780938.2700,3,0.780500,1,0.393900,0
2022-03-30,sh.600258,23.2600,24.0000,23.0000,23.9900,22.9400,9359491,220967896.9000,3,0.953000,1,4.577200,0
2022-03-31,sh.600258,23.6300,23.9300,22.7200,22.9200,23.9900,13569487,314238594.7200,3,1.381700,1,-4.460200,0
2022-04-01,sh.600258,22.5800,24.2300,22.5800,24.0600,22.9200,24313770,578792951.2200,3,2.475700,1,4.973800,0
2022-04-06,sh.600258,23.6100,24.0500,23.1000,23.5500,24.0600,16816029,396108399.2000,3,1.712300,1,-2.119700,0
2022-04-07,sh.600258,23.5300,23.9000,22.8000,22.8400,23.5500,10080482,234585906.5800,3,1.026400,1,-3.014900,0
2022-04-08,sh.600258,22.8100,22.8800,22.0500,22.5700,22.8400,9836180,220007449.0200,3,1.001600,1,-1.182100,0
2022-04-11,sh.600258,22.3200,22.5000,21.5900,21.7500,22.5700,8513349,187487799.8700,3,0.866900,1,-3.633100,0
2022-04-12,sh.600258,21.7700,23.9300,21.7000,23.9300,21.7500,17443399,401545132.0200,3,1.776200,1,10.023000,0
2022-04-13,sh.600258,23.4000,24.4400,23.2000,23.6300,23.9300,21393559,511595608.6300,3,2.178400,1,-1.253700,0
2022-04-14,sh.600258,24.1000,24.8900,23.8900,24.4000,23.6300,15894246,387954917.2900,3,1.618400,1,3.258600,0
2022-04-15,sh.600258,24.3400,24.8800,23.8000,24.0600,24.4000,8160262,197960954.6100,3,0.830900,1,-1.393400,0
2022-04-18,sh.600258,23.7300,24.7000,23.6900,24.5900,24.0600,9952893,242783529.0200,3,1.013400,1,2.202800,0
2022-04-19,sh.600258,24.5700,25.1400,24.2100,24.5400,24.5900,10470092,258065049.8400,3,1.066100,1,-0.203300,0
2022-04-20,sh.600258,24.6600,25.2600,24.1300,24.8100,24.5400,11817277,292503442.5200,3,1.203300,1,1.100200,0
2022-04-21,sh.600258,24.6400,24.7900,23.7500,23.8700,24.8100,8774956,211181119.5200,3,0.893500,1,-3.788800,0
2022-04-22,sh.600258,23.6700,23.8800,22.9700,23.1500,23.8700,9280988,215896364.7200,3,0.945000,1,-3.016300,0
2022-04-25,sh.600258,22.7400,23.1100,22.0000,22.0700,23.1500,10428008,235715365.1100,3,1.061800,1,-4.665200,0
2022-04-26,sh.600258,22.1000,23.1500,21.4800,22.4100,22.0700,13624449,304918212.4400,3,1.387300,1,1.540600,0
2022-04-27,sh.600258,22.0200,23.0000,21.7400,22.8800,22.4100,11373588,255166214.4700,3,1.158100,1,2.097300,0
2022-04-28,sh.600258,22.8800,23.2000,22.1600,22.9900,22.8800,10069733,228464253.5400,3,1.025300,1,0.480800,0
2022-04-29,sh.600258,22.4200,23.5600,21.6000,23.5300,22.9900,15911254,359149944.9200,3,1.620200,1,2.348800,0
2022-05-05,sh.600258,22.9400,23.5600,22.5100,23.1900,23.5300,9646233,222855170.7500,3,0.982200,1,-1.445000,0
2022-05-06,sh.600258,22.6100,22.9900,21.6000,21.6700,23.1900,10390575,229682257.3500,3,1.058000,1,-6.554500,0
2022-05-09,sh.600258,21.6700,21.7000,20.0800,20.1600,21.6700,15798748,326725481.8200,3,1.608700,1,-6.968200,0
2022-05-10,sh.600258,19.7200,21.0500,19.3000,21.0100,20.1600,17531969,357332947.8300,3,1.785200,1,4.216300,0
2022-05-11,sh.600258,21.0100,22.3500,20.8300,21.4600,21.0100,13767322,298498545.8600,3,1.401900,1,2.141800,0
2022-05-12,sh.600258,21.2900,22.3900,21.1500,22.1000,21.4600,14843384,325373180.0200,3,1.511400,1,2.982300,0
2022-05-13,sh.600258,21.8700,22.3000,21.4200,21.8300,22.1000,8627860,187507074.3100,3,0.878500,1,-1.221700,0
2022-05-16,sh.600258,22.1600,22.3200,21.6700,22.0800,21.8300,7319627,161068286.9400,3,0.745300,1,1.145200,0
2022-05-17,sh.600258,22.0900,22.1100,21.4300,22.0000,22.0800,7935877,172939854.8400,3,0.808100,1,-0.362300,0
2022-05-18,sh.600258,22.0000,22.0900,21.3800,21.4500,22.0000,6745359,145737126.7100,3,0.686800,1,-2.500000,0
2022-05-19,sh.600258,21.0300,21.3300,20.3700,20.8200,21.4500,12342757,256758435.9100,3,1.256800,1,-2.937100,0
2022-05-20,sh.600258,20.8100,21.7000,20.8100,21.6500,20.8200,9557784,204789656.9000,3,0.973200,1,3.986600,0
2022-05-23,sh.600258,21.4900,21.4900,20.2600,20.2700,21.6500,14848610,305062469.9000,3,1.512000,1,-6.374100,0
2022-05-24,sh.600258,20.2600,20.9200,20.1100,20.2000,20.2700,15298862,314373535.3000,3,1.557800,1,-0.345300,0
2022-05-25,sh.600258,20.2200,21.0600,19.8000,20.7700,20.2000,9777511,201156035.6900,3,0.995600,1,2.821800,0
2022-05-26,sh.600258,20.8000,21.3200,20.7000,21.2000,20.7700,10646266,223625181.7700,3,1.084100,1,2.070300,0
2022-05-27,sh.600258,21.4100,21.9600,21.2200,21.5200,21.2000,9896883,214222127.7100,3,1.007700,1,1.509400,0
2022-05-30,sh.600258,22.3600,22.3600,21.5800,22.2100,21.5200,12593140,277750854.2000,3,1.282300,1,3.206300,0
2022-05-31,sh.600258,22.1700,22.5900,21.9100,22.2100,22.2100,13962701,311788888.3800,3,1.421700,1,0.000000,0
2022-06-01,sh.600258,22.1600,22.7900,21.2100,21.4000,22.2100,13811863,300325864.3500,3,1.406400,1,-3.647000,0
2022-06-02,sh.600258,21.4200,21.5800,20.9100,21.4500,21.4000,9640717,204969228.8300,3,0.981700,1,0.233600,0
2022-06-06,sh.600258,21.4100,21.8600,21.0200,21.6000,21.4500,9662584,208120637.8000,3,0.983900,1,0.699300,0
2022-06-07,sh.600258,21.6000,22.3700,21.3600,21.7300,21.6000,9137078,199320595.6600,3,0.930400,1,0.601900,0
2022-06-08,sh.600258,21.6800,22.4600,21.4100,22.3200,21.7300,11343422,249710845.7600,3,1.155000,1,2.715100,0
2022-06-09,sh.600258,22.1600,22.6800,21.2100,21.4600,22.3200,10240503,222299031.3900,3,1.042700,1,-3.853000,0
2022-06-10,sh.600258,21.6200,21.7700,21.0500,21.6000,21.4600,10851448,232362592.4200,3,1.104900,1,0.652400,0
2022-06-13,sh.600258,21.2200,21.4400,20.8500,21.0000,21.6000,9469842,199347124.0900,3,0.964100,1,-2.777800,0
2022-06-14,sh.600258,20.8000,21.4500,20.7100,21.4100,21.0000,8289840,175686905.1700,3,0.844000,1,1.952400,0
2022-06-15,sh.600258,21.3600,22.0900,21.2800,21.5700,21.4100,8664090,188007708.0100,3,0.882100,1,0.747300,0
2022-06-16,sh.600258,21.5000,22.0900,21.4500,21.8000,21.5700,8187442,178612044.7300,3,0.833500,1,1.066300,0
2022-06-17,sh.600258,21.7000,21.9600,21.4000,21.8800,21.8000,8526867,185144856.3400,3,0.796600,1,0.367000,0
2022-06-20,sh.600258,21.8300,23.3500,21.7000,22.9800,21.8800,16915168,384922947.6100,3,1.580200,1,5.027400,0
2022-06-21,sh.600258,23.0000,23.1200,22.3400,22.5900,22.9800,9224743,208662403.5200,3,0.861800,1,-1.697100,0
2022-06-22,sh.600258,22.5900,22.9600,22.0800,22.6000,22.5900,10884182,245297320.7800,3,1.016800,1,0.044300,0
2022-06-23,sh.600258,22.7000,22.9000,22.3600,22.5600,22.6000,9305090,209850632.9900,3,0.869300,1,-0.177000,0
2022-06-24,sh.600258,22.5800,23.8700,22.4100,23.5700,22.5600,12078442,279644221.5400,3,1.128400,1,4.477000,0
2022-06-27,sh.600258,23.9300,24.6700,23.8000,24.2500,23.5700,17841926,432778556.1700,3,1.666800,1,2.885000,0
2022-06-28,sh.600258,23.9700,26.5000,23.8100,25.5000,24.2500,18598632,464410950.5200,3,1.737500,1,5.154600,0
2022-06-29,sh.600258,25.5000,25.7600,24.3000,24.6500,25.5000,17265719,430045126.7900,3,1.613000,1,-3.333300,0
2022-06-30,sh.600258,25.2000,25.7800,24.6500,24.8000,24.6200,19234318,484891510.5100,3,1.796900,1,0.731100,0
2022-07-01,sh.600258,24.1100,24.9900,23.4100,23.5700,24.8000,22297549,530783746.5700,3,2.083000,1,-4.959700,0
2022-07-04,sh.600258,23.4500,24.5700,23.0200,23.8500,23.5700,14639153,350226645.9000,3,1.367600,1,1.188000,0
2022-07-05,sh.600258,23.6800,23.8800,23.2900,23.5400,23.8500,10565288,248214460.8900,3,0.987000,1,-1.299800,0
2022-07-06,sh.600258,23.2300,23.6400,22.9000,23.3200,23.5400,12113881,282337986.4700,3,1.131700,1,-0.934600,0
2022-07-07,sh.600258,23.1800,24.4600,23.1800,23.8000,23.3200,13594079,326056134.8400,3,1.270000,1,2.058300,0
2022-07-08,sh.600258,24.0900,24.4600,23.2000,23.2400,23.8000,9583660,225042834.0200,3,0.895300,1,-2.352900,0
2022-07-11,sh.600258,23.0100,23.0100,22.1400,22.4900,23.2400,13925528,312952277.1200,3,1.300900,1,-3.227200,0
2022-07-12,sh.600258,22.6500,22.7900,21.9000,22.1500,22.4900,9590244,214319513.0100,3,0.895900,1,-1.511800,0
2022-07-13,sh.600258,22.3400,22.4500,21.9800,22.2400,22.1500,10039067,222543887.2700,3,0.937900,1,0.406300,0
2022-07-14,sh.600258,22.2800,22.8400,22.0500,22.2200,22.2400,11972150,267744497.4900,3,1.118400,1,-0.089900,0
2022-07-15,sh.600258,22.0800,23.0900,22.0600,22.4900,22.2200,17737899,402402351.7800,3,1.657100,1,1.215100,0
2022-07-18,sh.600258,22.3600,22.5600,21.8000,21.9500,22.4900,16080537,354554916.0900,3,1.502200,1,-2.401100,0
2022-07-19,sh.600258,22.1300,22.2400,21.2200,21.4300,21.9500,18889662,407593150.1900,3,1.764700,1,-2.369000,0
2022-07-20,sh.600258,21.4000,22.5000,21.3600,21.7100,21.4300,23165247,507447212.7400,3,2.164100,1,1.306600,0
2022-07-21,sh.600258,21.6100,22.4400,21.5100,21.9200,21.7100,14274026,314974569.7900,3,1.333500,1,0.967300,0
2022-07-22,sh.600258,21.9100,22.5000,21.6700,22.1800,21.9200,13210436,292645908.0100,3,1.234100,1,1.186100,0
2022-07-25,sh.600258,22.3000,22.3000,21.4300,21.6100,22.1800,11924936,259192725.1800,3,1.114000,1,-2.569900,0
2022-07-26,sh.600258,21.9800,22.8500,21.8100,22.4700,21.6100,16507347,369287471.0600,3,1.542100,1,3.979600,0
2022-07-27,sh.600258,22.3300,22.3700,21.7200,21.8500,22.4700,13133457,287907004.1700,3,1.226900,1,-2.759200,0
2022-07-28,sh.600258,21.8900,22.5300,21.8500,21.9800,21.8500,10463748,232053433.9700,3,0.977500,1,0.595000,0
2022-07-29,sh.600258,21.8000,21.8500,20.7100,20.9100,21.9800,22079942,466469666.1300,3,2.062700,1,-4.868100,0
2022-08-01,sh.600258,20.9400,21.3200,20.7200,21.2500,20.9100,10026441,211462468.2700,3,0.936700,1,1.626000,0
2022-08-02,sh.600258,20.9500,21.2000,20.5200,20.9100,21.2500,12903004,269352241.9300,3,1.205400,1,-1.600000,0
2022-08-03,sh.600258,20.7800,21.0700,20.2500,20.3600,20.9100,12484851,257432201.3400,3,1.166300,1,-2.630300,0
2022-08-04,sh.600258,20.4500,20.5900,19.8000,20.1900,20.3600,15411455,308833788.0000,3,1.439700,1,-0.835000,0
2022-08-05,sh.600258,20.1100,20.3000,19.9000,20.2300,20.1900,8935758,179744728.0000,3,0.834800,1,0.198100,0
2022-08-08,sh.600258,19.7900,20.0000,19.5200,19.8200,20.2300,11660056,230506150.0000,3,1.089300,1,-2.026700,0
2022-08-09,sh.600258,19.7800,19.9600,19.6300,19.8500,19.8200,8924787,176488176.0000,3,0.833800,1,0.151400,0
2022-08-10,sh.600258,19.8400,19.8400,19.2100,19.3200,19.8500,13867323,268853222.0000,3,1.295500,1,-2.670000,0
2022-08-11,sh.600258,19.4100,20.3000,19.3000,20.0100,19.3200,15930341,316654896.0000,3,1.488200,1,3.571400,0
2022-08-12,sh.600258,19.9600,20.7300,19.7400,20.5100,20.0100,14478196,292736712.0000,3,1.352600,1,2.498800,0
2022-08-15,sh.600258,20.2400,20.8000,20.0000,20.7400,20.5100,15010843,307334330.8100,3,1.402300,1,1.121400,0
2022-08-16,sh.600258,20.5800,20.7400,20.2400,20.4200,20.7400,8395017,171530955.5200,3,0.784300,1,-1.542900,0
2022-08-17,sh.600258,20.4200,21.1500,20.1900,20.9800,20.4200,12692608,263559171.4200,3,1.185700,1,2.742400,0
2022-08-18,sh.600258,20.8100,20.9300,19.8900,19.9900,20.9800,16770139,339009868.8300,3,1.566700,1,-4.718800,0
2022-08-19,sh.600258,19.9700,20.2400,19.8800,20.0800,19.9900,9853729,197618638.2500,3,0.920500,1,0.450200,0
2022-08-22,sh.600258,20.0600,20.4500,19.8600,20.2400,20.0800,13075702,263447324.8100,3,1.221500,1,0.796800,0
2022-08-23,sh.600258,20.2400,20.5800,19.9200,20.1500,20.2400,8996514,181488276.9000,3,0.840500,1,-0.444700,0
2022-08-24,sh.600258,20.0900,20.3600,19.9200,19.9900,20.1500,7624909,153261921.2200,3,0.712300,1,-0.794000,0
2022-08-25,sh.600258,19.9900,20.4200,19.8300,20.3700,19.9900,7487790,150963305.6800,3,0.699500,1,1.901000,0
2022-08-26,sh.600258,20.4000,21.3000,20.3900,20.9600,20.3700,16919287,355743683.8400,3,1.580600,1,2.896400,0
2022-08-29,sh.600258,20.5000,21.4300,20.4300,21.1300,20.9600,11223111,235954500.9500,3,1.048500,1,0.811100,0
2022-08-30,sh.600258,21.0000,21.4000,20.8200,21.2400,21.1300,8658469,183035392.9600,3,0.808900,1,0.520600,0
2022-08-31,sh.600258,21.4500,21.7800,21.0300,21.4600,21.2400,14704438,315500807.9000,3,1.373700,1,1.035800,0
2022-09-01,sh.600258,21.2700,21.3900,20.2900,20.3700,21.4600,13453308,279420355.4900,3,1.256800,1,-5.079200,0
2022-09-02,sh.600258,20.3700,20.5900,20.0000,20.4700,20.3700,9649882,195233868.7500,3,0.901500,1,0.490900,0
2022-09-05,sh.600258,20.3500,20.5300,19.8500,20.1400,20.4700,8303672,166440205.4200,3,0.775700,1,-1.612100,0
2022-09-06,sh.600258,20.0900,21.0200,20.0600,20.8500,20.1400,14026397,289860024.5200,3,1.310300,1,3.525300,0
2022-09-07,sh.600258,20.8600,20.9900,20.4800,20.6500,20.8500,8056550,166541631.7200,3,0.752600,1,-0.959200,0
2022-09-08,sh.600258,20.6600,21.4000,20.6600,21.1000,20.6500,13963525,295669521.0900,3,1.304500,1,2.179200,0
2022-09-09,sh.600258,20.8800,21.2000,20.6000,21.0700,21.1000,7959445,166592763.6300,3,0.743600,1,-0.142200,0
2022-09-13,sh.600258,21.1600,21.4900,20.9200,21.3700,21.0700,7808411,166161252.4300,3,0.729500,1,1.423800,0
2022-09-14,sh.600258,21.1000,21.4300,21.0100,21.1500,21.3700,5797478,122956539.5400,3,0.541600,1,-1.029500,0
2022-09-15,sh.600258,21.2100,21.6000,20.8900,21.3300,21.1500,10544577,223875396.7000,3,0.985100,1,0.851100,0
2022-09-16,sh.600258,21.4000,22.0100,21.1100,21.1100,21.3300,13811874,297835689.6400,3,1.290300,1,-1.031400,0
2022-09-19,sh.600258,21.0100,21.5500,20.9900,21.4600,21.1100,10044963,214715098.9000,3,0.938400,1,1.658000,0
2022-09-20,sh.600258,21.4200,22.0600,21.2500,21.9800,21.4600,14621871,318022143.3800,3,1.366000,1,2.423100,0
2022-09-21,sh.600258,21.8300,22.0000,21.3100,21.6700,21.9800,11012091,237552417.2200,3,1.028800,1,-1.410400,0
2022-09-22,sh.600258,21.4500,21.5000,20.8200,20.8800,21.6700,9931847,209469199.2200,3,0.927800,1,-3.645600,0
2022-09-23,sh.600258,20.7300,21.0400,20.2800,20.4400,20.8800,9346329,192393109.6500,3,0.873100,1,-2.107300,0
2022-09-26,sh.600258,20.6000,21.5500,20.3500,21.0000,20.4400,17787769,376508479.4100,3,1.661700,1,2.739700,0
2022-09-27,sh.600258,20.9900,23.1000,20.9900,22.9300,21.0000,31822567,709315256.4500,3,2.972900,1,9.190500,0
2022-09-28,sh.600258,22.8000,23.1200,22.2000,22.3000,22.9300,19753831,448592490.8200,3,1.845400,1,-2.747500,0
2022-09-29,sh.600258,22.4600,22.5200,21.3700,21.6500,22.3000,18122811,395455787.5400,3,1.693000,1,-2.914800,0
2022-09-30,sh.600258,21.6600,21.9300,21.2000,21.3900,21.6500,8097465,173992685.5300,3,0.756500,1,-1.200900,0
2022-10-10,sh.600258,21.2600,21.4300,20.7400,21.0300,21.3900,9547709,200509836.7800,3,0.891900,1,-1.683000,0
2022-10-11,sh.600258,20.8900,20.9700,20.0800,20.7500,21.0300,17555568,359464045.1900,3,1.640000,1,-1.331400,0
2022-10-12,sh.600258,20.4400,21.2600,20.0500,21.0400,20.7500,10499020,216221298.5800,3,0.980800,1,1.397600,0
2022-10-13,sh.600258,21.2000,21.3500,20.7700,21.0000,21.0400,9380193,198071419.3700,3,0.876300,1,-0.190100,0
2022-10-14,sh.600258,21.0000,22.4800,20.8400,21.9300,21.0000,14314312,310783351.8200,3,1.337200,1,4.428600,0
2022-10-17,sh.600258,21.7500,22.5000,21.3700,22.2800,21.9300,9690473,212640007.8300,3,0.905300,1,1.596000,0
2022-10-18,sh.600258,22.3000,22.8400,21.9100,22.2700,22.2800,10073929,223789603.3100,3,0.941100,1,-0.044900,0
2022-10-19,sh.600258,22.1700,22.4000,21.7100,21.9600,22.2700,4680763,103206930.3600,3,0.437300,1,-1.392000,0
2022-10-20,sh.600258,21.7500,22.6600,21.3500,21.9000,21.9600,10650035,235230297.3700,3,0.994900,1,-0.273200,0
2022-10-21,sh.600258,21.6000,22.0800,21.2500,21.5900,21.9000,7133272,154202392.6300,3,0.666400,1,-1.415500,0
2022-10-24,sh.600258,21.3700,21.6100,20.5300,20.8800,21.5900,9842052,206719251.0300,3,0.919400,1,-3.288600,0
2022-10-25,sh.600258,20.7000,21.9800,20.5600,21.6100,20.8800,13068204,281168763.2100,3,1.220800,1,3.496200,0
2022-10-26,sh.600258,21.5800,22.5000,21.4100,22.0100,21.6100,9684221,214222154.8000,3,0.904700,1,1.851000,0
2022-10-27,sh.600258,22.2000,22.9100,21.9500,22.5600,22.0100,10793064,243095585.0000,3,1.008300,1,2.498900,0
2022-10-28,sh.600258,22.4200,22.9600,21.9500,22.1800,22.5600,11008908,247724666.6400,3,1.028500,1,-1.684400,0
2022-10-31,sh.600258,21.8600,22.0600,21.0400,21.7300,22.1800,11096146,239897216.5800,3,1.036600,1,-2.028900,0
2022-11-01,sh.600258,21.6900,23.9000,21.4500,23.6300,21.7300,18613152,424519528.6200,3,1.738800,1,8.743700,0
2022-11-02,sh.600258,23.1000,25.2300,22.0400,23.4500,23.6300,35241765,842065351.5200,3,3.292300,1,-0.761700,0
2022-11-03,sh.600258,23.1900,23.9600,22.8600,23.4600,23.4500,14242512,333096093.8600,3,1.330500,1,0.042600,0
2022-11-04,sh.600258,23.7000,24.7500,23.3600,23.7700,23.4600,23374206,561047511.6300,3,2.183600,1,1.321400,0
2022-11-07,sh.600258,23.2000,23.8000,22.7500,23.6900,23.7700,16443948,382714876.1900,3,1.536200,1,-0.336600,0
2022-11-08,sh.600258,23.5900,23.7400,22.8200,23.1100,23.6900,11080553,255655179.9100,3,1.035100,1,-2.448300,0
2022-11-09,sh.600258,23.2300,23.6100,22.9500,23.1400,23.1100,10106335,235174746.9000,3,0.944100,1,0.129800,0
2022-11-10,sh.600258,23.0100,23.8900,22.8000,23.5400,23.1400,11741110,274953159.1000,3,1.096900,1,1.728600,0
2022-11-11,sh.600258,24.1700,24.7400,22.5300,23.5600,23.5400,30701191,726714389.2900,3,2.868100,1,0.085000,0
2022-11-14,sh.600258,23.1200,23.2500,22.0300,22.4900,23.5600,19017414,428284151.9600,3,1.776600,1,-4.541600,0
2022-11-15,sh.600258,22.4700,23.2600,22.3000,22.9600,22.4900,13573525,311598095.9100,3,1.268000,1,2.089800,0
2022-11-16,sh.600258,23.2500,23.7000,22.5800,22.9400,22.9600,11945407,275851333.7700,3,1.115900,1,-0.087100,0
2022-11-17,sh.600258,22.6200,23.1400,22.5300,22.6800,22.9400,7591724,173007721.6500,3,0.709200,1,-1.133400,0
2022-11-18,sh.600258,22.6000,22.7200,22.3000,22.6600,22.6800,10450106,235177544.9000,3,0.976300,1,-0.088200,0
2022-11-21,sh.600258,22.2300,22.2300,21.4500,22.0900,22.6600,14394355,314194680.9500,3,1.344700,1,-2.515400,0
2022-11-22,sh.600258,22.0000,22.3000,21.5000,21.7000,22.0900,10106200,219920016.0900,3,0.944100,1,-1.765500,0
2022-11-23,sh.600258,21.5900,21.9900,21.2900,21.6800,21.7000,9488379,205386948.0400,3,0.886400,1,-0.092200,0
2022-11-24,sh.600258,21.6500,21.8600,21.4300,21.5000,21.6800,4315082,93303249.8700,3,0.403100,1,-0.830300,0
2022-11-25,sh.600258,21.4500,21.7000,21.3500,21.5300,21.5000,4148368,89211350.9200,3,0.387500,1,0.139500,0
2022-11-28,sh.600258,21.3100,22.4900,21.2600,22.3900,21.5300,13849368,306190654.1000,3,1.293800,1,3.994400,0
2022-11-29,sh.600258,22.1800,23.7400,22.1800,23.4800,22.3900,21545090,501215080.3500,3,2.012700,1,4.868200,0
2022-11-30,sh.600258,23.4400,24.3400,23.2500,24.3000,23.4800,18382580,436839509.7800,3,1.717300,1,3.492300,0
2022-12-01,sh.600258,24.6700,24.8000,22.9000,23.2200,24.3000,25718018,603313782.7600,3,2.402600,1,-4.444400,0
2022-12-02,sh.600258,23.1700,23.7700,23.1100,23.5500,23.2200,11853610,278276597.2600,3,1.107400,1,1.421200,0
2022-12-05,sh.600258,24.0600,24.2500,23.4700,23.6300,23.5500,16646930,397489452.3500,3,1.555200,1,0.339700,0
2022-12-06,sh.600258,23.6500,24.6000,23.6500,23.9300,23.6300,13943867,335219831.7900,3,1.302600,1,1.269600,0
2022-12-07,sh.600258,23.9300,24.5500,23.5800,24.0600,23.9300,13949744,334961263.5700,3,1.303200,1,0.543300,0
2022-12-08,sh.600258,24.0600,24.4500,23.5200,24.2100,24.0600,13757647,330298662.9900,3,1.285200,1,0.623400,0
2022-12-09,sh.600258,24.0800,24.2200,23.2600,24.2000,24.2100,15149839,360097226.3200,3,1.415300,1,-0.041300,0
2022-12-12,sh.600258,23.9600,24.8000,23.8100,24.3700,24.2000,13504077,329473152.6800,3,1.261600,1,0.702500,0
2022-12-13,sh.600258,24.2000,25.1700,24.0000,24.9300,24.3700,18935903,471448115.0400,3,1.769000,1,2.297900,0
2022-12-14,sh.600258,24.9300,25.7400,24.6800,25.5400,24.9300,19711774,499659716.6900,3,1.841500,1,2.446900,0
2022-12-15,sh.600258,25.8000,25.9000,24.9100,25.0900,25.5400,10222654,257745069.6500,3,0.955000,1,-1.761900,0
2022-12-16,sh.600258,24.9900,25.2500,24.7000,25.1000,25.0900,8248390,206178380.3900,3,0.770600,1,0.039900,0
2022-12-19,sh.600258,24.8000,25.1900,24.4000,24.6800,25.1000,10543287,260334156.8400,3,0.985000,1,-1.673300,0
2022-12-20,sh.600258,24.7400,24.8500,24.0800,24.2400,24.6800,7599097,185565881.3800,3,0.709900,1,-1.782800,0
2022-12-21,sh.600258,24.3000,25.1500,24.2600,25.0000,24.2400,9613698,238986772.6400,3,0.898100,1,3.135300,0
2022-12-22,sh.600258,24.8800,25.4400,24.7100,24.9100,25.0000,8375788,209753304.6800,3,0.782500,1,-0.360000,0
2022-12-23,sh.600258,24.7800,25.6800,24.5100,25.4900,24.9100,9111894,230957278.5300,3,0.851200,1,2.328400,0
2022-12-26,sh.600258,25.4700,26.6800,25.3500,25.8900,25.4900,15918395,416723779.1300,3,1.487100,1,1.569200,0
2022-12-27,sh.600258,25.9300,26.0300,24.8900,25.3500,25.8900,12160707,308740989.0600,3,1.136100,1,-2.085700,0
2022-12-28,sh.600258,25.2300,25.7300,24.8000,25.1400,25.3500,11890093,299176308.5100,3,1.110800,1,-0.828400,0
2022-12-29,sh.600258,24.7600,25.4100,24.6600,24.9000,25.1400,9580804,239671812.9500,3,0.895000,1,-0.954700,0
2022-12-30,sh.600258,24.8700,25.2000,24.5100,24.8000,24.9000,8516839,211779213.8600,3,0.795600,1,-0.401600,0
2023-01-03,sh.600258,24.7900,24.8400,24.0200,24.2100,24.8000,10873009,263703862.9600,3,1.015800,1,-2.379000,0
2023-01-04,sh.600258,24.2100,24.7800,24.1300,24.5100,24.2100,8772902,215010271.7800,3,0.819600,1,1.239200,0
2023-01-05,sh.600258,24.3900,25.0300,24.2000,24.6200,24.5100,8537591,211077050.9600,3,0.797600,1,0.448800,0
2023-01-06,sh.600258,24.6200,24.7600,23.7400,24.0700,24.6200,10545254,253364116.0500,3,0.985100,1,-2.234000,0
2023-01-09,sh.600258,24.0700,24.5400,23.9800,24.3600,24.0700,8753521,212177936.9900,3,0.817800,1,1.204800,0
2023-01-10,sh.600258,24.3600,24.5900,23.8100,24.4000,24.3600,7971124,192781069.4800,3,0.744700,1,0.164200,0
2023-01-11,sh.600258,24.3100,24.3900,23.8200,24.1700,24.4000,7222743,174273921.5500,3,0.674800,1,-0.942600,0
2023-01-12,sh.600258,24.1700,24.3300,23.6600,23.8700,24.1700,7252639,173034423.5400,3,0.677500,1,-1.241200,0
2023-01-13,sh.600258,23.7700,24.4500,23.6000,24.4300,23.8700,10282914,248775483.4200,3,0.960600,1,2.346000,0
2023-01-16,sh.600258,24.4900,24.5800,23.8500,23.9200,24.4300,11895206,287724668.4000,3,1.111300,1,-2.087600,0
2023-01-17,sh.600258,23.9300,24.1600,23.5500,24.1000,23.9200,10624711,253584668.5500,3,0.992600,1,0.752500,0
2023-01-18,sh.600258,24.1000,24.3300,23.8600,23.9300,24.1000,6864912,164934920.5100,3,0.641300,1,-0.705400,0
2023-01-19,sh.600258,23.8200,24.7700,23.7500,24.4200,23.9300,9531347,231726709.5300,3,0.890400,1,2.047600,0
2023-01-20,sh.600258,24.4200,24.9500,24.1000,24.3000,24.4200,7600998,185260046.8700,3,0.710100,1,-0.491400,0
2023-01-30,sh.600258,24.7000,24.7000,23.6100,23.6700,24.3000,16628436,397693321.8800,3,1.553400,1,-2.592600,0
2023-01-31,sh.600258,23.6700,23.8800,23.2000,23.3000,23.6700,11504100,269951549.7100,3,1.074700,1,-1.563200,0
2023-02-01,sh.600258,23.4300,23.4400,22.8100,23.2800,23.3000,15632977,360911430.0700,3,1.460400,1,-0.085800,0
2023-02-02,sh.600258,23.3100,23.6100,23.0100,23.5500,23.2800,12202831,285030886.1600,3,1.140000,1,1.159800,0
2023-02-03,sh.600258,23.4500,23.7100,23.1300,23.6400,23.5500,8723313,204569830.9500,3,0.814900,1,0.382200,0
2023-02-06,sh.600258,23.6400,23.9400,23.4800,23.7400,23.6400,7527990,178925652.3300,3,0.703300,1,0.423000,0
2023-02-07,sh.600258,23.6800,23.7400,22.8100,23.0500,23.7400,14969226,345280847.5500,3,1.398400,1,-2.906500,0
2023-02-08,sh.600258,23.0600,23.4900,22.9700,23.1000,23.0500,11934681,277099516.1500,3,1.114900,1,0.216900,0
2023-02-09,sh.600258,23.0200,23.8600,23.0200,23.7000,23.1000,14954266,353944204.1300,3,1.397000,1,2.597400,0
2023-02-10,sh.600258,23.7500,25.0900,23.6000,24.8700,23.7000,22160732,544170463.3900,3,2.070300,1,4.936700,0
2023-02-13,sh.600258,25.4400,26.1000,25.0400,25.9200,24.8700,24564414,632422819.5500,3,2.294800,1,4.222000,0
2023-02-14,sh.600258,25.8600,25.8600,25.1800,25.2500,25.9200,11416481,289581595.5700,3,1.066500,1,-2.584900,0
2023-02-15,sh.600258,25.2500,25.4900,24.8000,25.0700,25.2500,11017963,276314867.1900,3,1.029300,1,-0.712900,0
2023-02-16,sh.600258,25.1800,26.0900,25.1000,25.4500,25.0700,14493752,372231703.8600,3,1.354000,1,1.515800,0
2023-02-17,sh.600258,25.3100,25.8800,25.0800,25.1200,25.4500,7501097,190691588.9800,3,0.700800,1,-1.296700,0
2023-02-20,sh.600258,24.9900,26.0000,24.9900,25.6900,25.1200,13026105,333432991.2400,3,1.216900,1,2.269100,0
2023-02-21,sh.600258,25.8800,26.0800,25.2000,25.4200,25.6900,8539594,218353077.0000,3,0.797800,1,-1.051000,0
2023-02-22,sh.600258,25.2200,25.4500,24.9000,25.0300,25.4200,7820604,196313714.8200,3,0.730600,1,-1.534200,0
2023-02-23,sh.600258,25.0500,25.1100,24.5400,24.6600,25.0300,12693722,313975672.0300,3,1.185900,1,-1.478200,0
2023-02-24,sh.600258,24.7300,24.7300,24.2700,24.4300,24.6600,6723778,164117440.8900,3,0.628100,1,-0.932700,0
2023-02-27,sh.600258,24.3400,24.8300,24.1000,24.5500,24.4300,7146192,175056847.9000,3,0.667600,1,0.491200,0
2023-02-28,sh.600258,24.9000,24.9500,24.4000,24.5600,24.5500,7939281,195249127.0000,3,0.741700,1,0.040700,0
2023-03-01,sh.600258,24.4200,24.6800,24.2100,24.5400,24.5600,7107374,173923008.7100,3,0.664000,1,-0.081400,0
2023-03-02,sh.600258,24.5500,24.8800,24.2800,24.7600,24.5400,11807819,291220729.6900,3,1.103100,1,0.896500,0
2023-03-03,sh.600258,24.6300,25.0600,24.4900,24.7100,24.7600,9974263,246944342.6600,3,0.931800,1,-0.201900,0
2023-03-06,sh.600258,24.7200,25.3500,24.7100,25.2300,24.7100,13806017,346508945.5200,3,1.289800,1,2.104400,0
2023-03-07,sh.600258,25.1400,25.1500,24.6000,24.6600,25.2300,8180158,203499448.1200,3,0.764200,1,-2.259200,0
2023-03-08,sh.600258,24.7200,25.1600,24.5100,24.8900,24.6600,6391539,159067841.2200,3,0.597100,1,0.932700,0
2023-03-09,sh.600258,24.9000,24.9000,24.3200,24.3400,24.8900,6945090,170445607.3500,3,0.648800,1,-2.209700,0
2023-03-10,sh.600258,24.1900,24.3100,23.6000,23.7500,24.3400,9581897,228880579.2500,3,0.895100,1,-2.424000,0
2023-03-13,sh.600258,23.7900,24.1500,23.5400,24.0100,23.7500,9632998,229825395.8300,3,0.899900,1,1.094700,0
2023-03-14,sh.600258,24.0000,24.0000,23.1400,23.3200,24.0100,11186008,262794317.0100,3,1.045000,1,-2.873800,0
2023-03-15,sh.600258,23.5000,23.6300,23.0100,23.1500,23.3200,8407226,195596207.3100,3,0.785400,1,-0.729000,0
2023-03-16,sh.600258,23.0800,23.3300,22.9500,23.2200,23.1500,7927590,183476407.9800,3,0.740600,1,0.302400,0
2023-03-17,sh.600258,23.2000,23.2600,22.5100,22.5100,23.2200,16761708,383094771.0800,3,1.565900,1,-3.057700,0
2023-03-20,sh.600258,22.6000,22.6600,22.2000,22.3200,22.5100,12823045,286912149.3800,3,1.197900,1,-0.844100,0
2023-03-21,sh.600258,22.3000,23.0600,22.1800,22.9600,22.3200,11516985,261850983.4000,3,1.075900,1,2.867400,0
2023-03-22,sh.600258,22.9600,23.1200,22.5200,22.7700,22.9600,10251671,232970713.6200,3,0.957700,1,-0.827500,0
2023-03-23,sh.600258,22.7100,22.8400,22.4500,22.6700,22.7700,8637554,195556098.5900,3,0.806900,1,-0.439200,0
2023-03-24,sh.600258,22.6000,22.9000,22.5600,22.6500,22.6700,9809173,222509359.4000,3,0.916400,1,-0.088200,0
2023-03-27,sh.600258,22.5900,23.0100,22.4200,22.8500,22.6500,14133398,320753437.3200,3,1.320300,1,0.883000,0
2023-03-28,sh.600258,22.8600,23.2800,22.8200,22.9400,22.8500,15828001,364058136.9300,3,1.478700,1,0.393900,0
2023-03-29,sh.600258,22.8800,23.4400,22.6600,23.2400,22.9400,13544793,314637754.1000,3,1.265400,1,1.307800,0
2023-03-30,sh.600258,23.1000,23.9600,23.0300,23.9100,23.2400,18902382,446045771.0100,3,1.765900,1,2.883000,0
2023-03-31,sh.600258,23.7500,23.7800,23.0700,23.3400,23.9100,19227266,449170711.8700,3,1.796200,1,-2.383900,0
2023-04-03,sh.600258,23.3300,24.2900,23.3100,23.9600,23.3400,19063999,454890131.0900,3,1.781000,1,2.656400,0
2023-04-04,sh.600258,23.9600,24.5000,23.8900,24.1400,23.9600,16754356,404771586.0400,3,1.565200,1,0.751300,0
2023-04-06,sh.600258,24.1200,24.8600,23.9100,24.5500,24.1400,18469298,454029287.8900,3,1.725400,1,1.698400,0
2023-04-07,sh.600258,24.5500,25.6700,24.4600,24.9600,24.5500,22187203,560138705.2400,3,2.072700,1,1.670100,0
2023-04-10,sh.600258,24.9600,25.8800,24.9600,25.3600,24.9600,19930154,508483953.4600,3,1.861900,1,1.602600,0
2023-04-11,sh.600258,25.3500,25.7300,24.8800,25.1000,25.3600,15385588,387718043.2500,3,1.437300,1,-1.025200,0
2023-04-12,sh.600258,25.0000,25.0500,24.4600,24.6200,25.1000,17847054,440382064.6300,3,1.667300,1,-1.912400,0
2023-04-13,sh.600258,24.7900,25.1500,24.6000,25.1200,24.6200,13663600,340823202.1400,3,1.276500,1,2.030900,0
2023-04-14,sh.600258,24.9700,24.9800,24.2100,24.4700,25.1200,16250983,397366143.2000,3,1.518200,1,-2.587600,0
2023-04-17,sh.600258,24.6000,25.3700,24.6000,24.7700,24.4700,14990108,372828292.7900,3,1.400400,1,1.226000,0
2023-04-18,sh.600258,24.1000,24.1700,23.0100,23.3100,24.7700,30774954,723464858.5200,3,2.875000,1,-5.894200,0
2023-04-19,sh.600258,23.4900,23.6300,22.9500,23.1600,23.3100,15339140,355709127.1100,3,1.433000,1,-0.643500,0
2023-04-20,sh.600258,23.0300,23.1000,22.5800,22.6800,23.1600,16789407,382614749.0100,3,1.568500,1,-2.072500,0
2023-04-21,sh.600258,22.6900,22.8300,21.8200,21.9700,22.6800,16512173,366568247.9200,3,1.542600,1,-3.130500,0
2023-04-24,sh.600258,21.9000,21.9700,21.1000,21.2900,21.9700,19094698,409032382.1400,3,1.783800,1,-3.095100,0
2023-04-25,sh.600258,21.4400,21.4700,20.4500,20.7800,21.2900,16961358,352053294.7100,3,1.584500,1,-2.395500,0
2023-04-26,sh.600258,20.9000,21.8500,20.6900,21.4400,20.7800,20732105,444738991.9800,3,1.936800,1,3.176100,0
2023-04-27,sh.600258,21.5000,21.6700,21.0600,21.5400,21.4400,15755727,337696554.2500,3,1.471900,1,0.466400,0
2023-04-28,sh.600258,21.7000,21.9500,21.2300,21.6600,21.5400,24864388,536241496.3200,3,2.322800,1,0.557100,0
2023-05-04,sh.600258,21.3000,21.3600,20.6000,21.0700,21.6600,17897868,374101388.6500,3,1.672000,1,-2.723900,0
2023-05-05,sh.600258,21.0200,21.2300,20.6800,20.8500,21.0700,11052807,231000483.6600,3,1.032600,1,-1.044100,0
2023-05-08,sh.600258,20.8300,20.9200,19.9000,20.1900,20.8500,21289069,430359503.0000,3,1.988800,1,-3.165500,0
2023-05-09,sh.600258,20.2200,20.4000,19.9100,20.1500,20.1900,14369876,289618972.8100,3,1.342400,1,-0.198100,0
2023-05-10,sh.600258,20.1000,20.1400,19.9200,20.0800,20.1500,8047022,161052103.7800,3,0.751800,1,-0.347400,0
2023-05-11,sh.600258,20.0700,20.3200,20.0100,20.0900,20.0800,7931448,159740005.2200,3,0.741000,1,0.049800,0
2023-05-12,sh.600258,20.0200,20.0500,19.5100,19.6400,20.0900,14380744,283258864.8000,3,1.343500,1,-2.239900,0
2023-05-15,sh.600258,19.6300,19.8900,19.4300,19.8700,19.6400,9081337,178946802.1900,3,0.848400,1,1.171100,0
2023-05-16,sh.600258,19.7900,19.9400,19.6100,19.7000,19.8700,7529589,148645311.2000,3,0.703400,1,-0.855600,0
2023-05-17,sh.600258,19.6200,19.6200,19.2300,19.3700,19.7000,10965226,212563444.7600,3,1.024400,1,-1.675100,0
2023-05-18,sh.600258,19.3400,19.4300,18.8700,19.0400,19.3700,12454563,237376518.2000,3,1.163500,1,-1.703700,0
2023-05-19,sh.600258,19.0000,19.1700,18.8400,19.1200,19.0400,11239683,213827734.0200,3,1.050000,1,0.420200,0
2023-05-22,sh.600258,19.0400,20.2900,18.8100,20.1500,19.1200,25527310,504799814.6500,3,2.384800,1,5.387000,0
2023-05-23,sh.600258,20.1100,20.3300,19.9200,20.1000,20.1500,12697383,255503331.7400,3,1.186200,1,-0.248100,0
2023-05-24,sh.600258,19.9500,20.2000,19.7400,20.0700,20.1000,10287648,205879449.5800,3,0.961100,1,-0.149300,0
2023-05-25,sh.600258,20.0500,20.0500,19.4400,19.5900,20.0700,8709968,171234146.4500,3,0.813700,1,-2.391600,0
2023-05-26,sh.600258,19.5900,19.7100,19.3900,19.6900,19.5900,5179978,101464369.5600,3,0.483900,1,0.510500,0
2023-05-29,sh.600258,19.6500,19.9000,19.4600,19.6400,19.6900,6849990,134788634.3700,3,0.639900,1,-0.253900,0
2023-05-30,sh.600258,19.6400,19.7300,19.2100,19.5900,19.6400,7776185,151373300.7000,3,0.726500,1,-0.254600,0
2023-05-31,sh.600258,19.6200,19.9500,19.4500,19.8100,19.5900,11325075,224207182.8200,3,1.058000,1,1.123000,0
2023-06-01,sh.600258,19.7500,20.3300,19.7000,20.0800,19.8100,13070129,262160688.6800,3,1.221000,1,1.362900,0
2023-06-02,sh.600258,20.0800,20.3400,19.9800,20.1800,20.0800,7876216,158921555.0900,3,0.735800,1,0.498000,0
2023-06-05,sh.600258,20.1800,20.8400,20.1000,20.5400,20.1800,14095592,289175028.1300,3,1.316800,1,1.783900,0
2023-06-06,sh.600258,20.5000,20.5300,19.8500,19.9500,20.5400,11120166,223849044.0400,3,1.038800,1,-2.872400,0
2023-06-07,sh.600258,19.9700,20.3600,19.9100,20.0400,19.9500,9423600,189472198.8200,3,0.880400,1,0.451100,0
2023-06-08,sh.600258,20.0700,20.2800,19.8000,20.1100,20.0400,8180300,163799092.1600,3,0.764200,1,0.349300,0
2023-06-09,sh.600258,20.0900,20.2600,19.8400,19.9300,20.1100,8294652,165667353.7700,3,0.774900,1,-0.895100,0
2023-06-12,sh.600258,19.9200,20.5300,19.8800,20.1900,19.9300,9957965,200927718.1100,3,0.930300,1,1.304600,0
2023-06-13,sh.600258,20.1600,20.5000,19.9200,20.0200,20.1900,6670148,134026537.2800,3,0.623100,1,-0.842000,0
2023-06-14,sh.600258,20.1400,20.7000,20.0400,20.5300,20.0200,15099400,308898504.4700,3,1.410600,1,2.547500,0
2023-06-15,sh.600258,20.4700,21.3500,20.3400,21.2600,20.5300,17703864,371614318.4300,3,1.653900,1,3.555800,0
2023-06-16,sh.600258,21.0900,21.2600,20.7000,20.8900,21.2600,12395573,259241486.2400,3,1.158000,1,-1.740400,0
2023-06-19,sh.600258,20.8300,21.1000,20.4800,20.6400,20.8900,12025266,248972151.7100,3,1.077000,1,-1.196700,0
2023-06-20,sh.600258,20.6000,20.7300,20.2800,20.4000,20.6400,8728574,178261581.5200,3,0.781700,1,-1.162800,0
2023-06-21,sh.600258,20.2800,20.8800,20.1700,20.2400,20.4000,10306341,210972589.2700,3,0.923000,1,-0.784300,0
2023-06-26,sh.600258,20.0500,20.2100,19.4400,19.5900,20.2400,10993106,216907556.3000,3,0.984500,1,-3.211500,0
2023-06-27,sh.600258,19.7300,20.1000,19.5700,19.7200,19.5900,17020727,336026229.3300,3,1.524300,1,0.663600,0
2023-06-28,sh.600258,19.7200,19.7400,19.1700,19.3100,19.7200,11348939,219492323.7300,3,1.016400,1,-2.079100,0
2023-06-29,sh.600258,19.3100,19.3600,18.9100,19.0500,19.3100,13011312,248429476.6800,3,1.165300,1,-1.346500,0
2023-06-30,sh.600258,19.1000,19.2100,18.8700,18.9500,19.0500,12594240,239333095.2500,3,1.127900,1,-0.524900,0
2023-07-03,sh.600258,18.9800,20.6300,18.9600,20.3400,18.9500,33332557,666054322.7800,3,2.985200,1,7.335100,0
2023-07-04,sh.600258,20.3300,20.6500,20.1300,20.2800,20.3400,13815810,280734701.6500,3,1.237300,1,-0.295000,0
2023-07-05,sh.600258,20.2800,20.2800,19.7100,19.9000,20.2800,9007201,179277383.1200,3,0.806700,1,-1.873800,0
2023-07-06,sh.600258,19.8900,20.4100,19.6700,19.9800,19.9000,15650572,313580729.6800,3,1.401600,1,0.402000,0
2023-07-07,sh.600258,19.9800,20.6000,19.8100,20.1300,19.9800,13778377,278658751.2200,3,1.234000,1,0.750800,0
2023-07-10,sh.600258,20.3100,20.6000,20.1200,20.4200,20.1300,14799746,301542942.4900,3,1.325400,1,1.440600,0
2023-07-11,sh.600258,20.5000,20.5700,20.2400,20.4300,20.4200,9845231,200532643.4300,3,0.881700,1,0.049000,0
2023-07-12,sh.600258,20.4400,20.7900,20.2700,20.5200,20.4300,12505650,257416067.0100,3,1.120000,1,0.440500,0
2023-07-13,sh.600258,20.7500,20.9800,20.4100,20.8200,20.5200,12366141,256576803.8000,3,1.107500,1,1.462000,0
2023-07-14,sh.600258,20.7500,20.7800,20.3700,20.5000,20.8200,8264303,169723956.5600,3,0.740100,1,-1.537000,0
2023-07-17,sh.600258,20.3600,20.3700,19.7100,19.9700,20.5000,15482200,308165014.4100,3,1.386500,1,-2.585400,0
2023-07-18,sh.600258,20.0000,20.0000,19.6500,19.8200,19.9700,9495045,188373327.1400,3,0.850400,1,-0.751100,0
2023-07-19,sh.600258,19.8700,20.1700,19.7600,20.0400,19.8200,8880775,177677392.8200,3,0.795300,1,1.110000,0
2023-07-20,sh.600258,20.1500,20.2700,19.9300,19.9300,20.0400,7006999,140856135.8200,3,0.627500,1,-0.548900,0
2023-07-21,sh.600258,19.8800,20.6000,19.8200,20.1200,19.9300,12895293,260589569.6400,3,1.154900,1,0.953300,0
2023-07-24,sh.600258,20.2000,20.2000,19.6400,19.7500,20.1200,13170455,261465161.6500,3,1.179500,1,-1.839000,0
2023-07-25,sh.600258,19.9900,20.2700,19.8300,19.9500,19.7500,16182768,323496561.3500,3,1.449300,1,1.012700,0
2023-07-26,sh.600258,19.9900,20.1200,19.8700,20.0100,19.9500,8827664,176521188.1700,3,0.790600,1,0.300800,0
2023-07-27,sh.600258,20.0500,20.3900,19.9200,20.1500,20.0100,16404365,331321646.4300,3,1.469100,1,0.699700,0
2023-07-28,sh.600258,20.0100,20.4700,19.8500,20.3900,20.1500,17820963,360105472.5300,3,1.596000,1,1.191100,0
2023-07-31,sh.600258,20.6000,21.5800,20.5900,21.0200,20.3900,31207136,657743821.1500,3,2.794800,1,3.089700,0
2023-08-01,sh.600258,21.1000,21.1900,20.6600,20.7200,21.0200,14672176,306431713.9700,3,1.314000,1,-1.427200,0
2023-08-02,sh.600258,20.7500,20.8500,20.5200,20.6200,20.7200,8215825,169844250.7400,3,0.735800,1,-0.482600,0
2023-08-03,sh.600258,20.5500,20.6600,20.2400,20.4900,20.6200,13076900,267473499.5900,3,1.171100,1,-0.630500,0
2023-08-04,sh.600258,20.6100,20.7600,20.4500,20.5100,20.4900,9562651,196932279.7900,3,0.856400,1,0.097600,0
2023-08-07,sh.600258,20.5200,20.6100,20.4100,20.5500,20.5100,7501277,153836959.8900,3,0.671800,1,0.195000,0
2023-08-08,sh.600258,20.5500,20.6700,20.3800,20.4800,20.5500,9310331,191062407.3100,3,0.833800,1,-0.340600,0
2023-08-09,sh.600258,20.4100,20.4600,20.1500,20.2500,20.4800,7869192,159511761.3700,3,0.704700,1,-1.123000,0
2023-08-10,sh.600258,20.2000,20.3200,20.1200,20.2900,20.2500,7748900,156855089.1400,3,0.694000,1,0.197500,0
2023-08-11,sh.600258,20.3300,20.5500,20.1100,20.1500,20.2900,11007592,223687242.3000,3,0.985800,1,-0.690000,0
2023-08-14,sh.600258,19.9500,20.5300,19.8600,20.4800,20.1500,13064285,265471812.0500,3,1.170000,1,1.637700,0
2023-08-15,sh.600258,20.4000,20.4000,19.5600,19.6600,20.4800,18216015,361193900.1600,3,1.631400,1,-4.003900,0
2023-08-16,sh.600258,19.6000,19.7200,19.4700,19.5200,19.6600,6614744,129493682.6400,3,0.592400,1,-0.712100,0
2023-08-17,sh.600258,19.4400,19.7500,19.2500,19.7100,19.5200,6465783,126483912.3600,3,0.579100,1,0.973400,0
2023-08-18,sh.600258,19.7100,19.8500,19.3000,19.3400,19.7100,8057080,157097996.9200,3,0.721600,1,-1.877200,0
2023-08-21,sh.600258,19.3100,19.3800,18.3400,18.4500,19.3400,22116126,413370097.6400,3,1.980700,1,-4.601900,0
2023-08-22,sh.600258,18.5400,18.6000,18.0800,18.5500,18.4500,12771295,234303441.8400,3,1.143800,1,0.542000,0
2023-08-23,sh.600258,18.5000,18.6900,18.3000,18.4300,18.5500,6879973,127237485.0600,3,0.616200,1,-0.646900,0
2023-08-24,sh.600258,18.4500,18.5900,18.3300,18.3500,18.4300,7308163,134915275.3800,3,0.654500,1,-0.434100,0
2023-08-25,sh.600258,18.2300,18.2300,17.5900,17.7100,18.3500,15540329,277440599.0400,3,1.391800,1,-3.487700,0
2023-08-28,sh.600258,18.4500,18.5900,17.7100,17.8200,17.7100,13045116,236616359.0400,3,1.168300,1,0.621100,0
2023-08-29,sh.600258,17.8000,18.3800,17.7500,18.2500,17.8200,10229821,186059917.3000,3,0.916200,1,2.413000,0
2023-08-30,sh.600258,18.1300,18.2700,17.6700,17.8000,18.2500,15437769,276021226.3700,3,1.382600,1,-2.465800,0
2023-08-31,sh.600258,17.8000,17.8100,16.9000,17.3700,17.8000,22130405,382090050.4000,3,1.981900,1,-2.415700,0
2023-09-01,sh.600258,17.4100,17.6900,17.3900,17.5300,17.3700,11845781,207786721.7600,3,1.060900,1,0.921100,0
2023-09-04,sh.600258,17.6100,18.2500,17.5100,18.1600,17.5300,16426639,296178197.5600,3,1.471100,1,3.593800,0
2023-09-05,sh.600258,18.1200,18.2600,17.9600,18.2000,18.1600,8831997,160413012.7100,3,0.791000,1,0.220300,0
2023-09-06,sh.600258,18.1400,18.1800,17.9800,18.1200,18.2000,7991437,144449448.4700,3,0.715700,1,-0.439600,0
2023-09-07,sh.600258,18.0800,18.3200,18.0100,18.1000,18.1200,10289429,186905115.4200,3,0.921500,1,-0.110400,0
2023-09-08,sh.600258,18.0000,18.2900,17.8200,18.1500,18.1000,8174765,147681770.8500,3,0.732100,1,0.276200,0
2023-09-11,sh.600258,18.2000,18.4500,18.0900,18.3900,18.1500,10635782,194553556.4600,3,0.952500,1,1.322300,0
2023-09-12,sh.600258,18.2300,18.4300,18.2000,18.3000,18.3900,7806970,142972904.0900,3,0.699200,1,-0.489400,0
2023-09-13,sh.600258,18.3000,18.3600,17.9700,18.1000,18.3000,8258011,149566817.3300,3,0.739600,1,-1.092900,0
2023-09-14,sh.600258,18.1400,18.1700,17.7800,17.9500,18.1000,6790885,121817967.0200,3,0.608200,1,-0.828700,0
2023-09-15,sh.600258,17.9800,18.2900,17.9100,18.0600,17.9500,8738974,158448248.3300,3,0.782600,1,0.612800,0
2023-09-18,sh.600258,18.2700,18.5900,18.1800,18.4400,18.0600,15404802,283541367.9100,3,1.379600,1,2.104100,0
2023-09-19,sh.600258,18.3400,18.4000,18.0000,18.1200,18.4400,9847176,178557189.7900,3,0.881900,1,-1.735400,0
2023-09-20,sh.600258,18.0700,18.0700,17.6200,17.6300,18.1200,10334000,183045858.8900,3,0.925500,1,-2.704200,0
2023-09-21,sh.600258,17.6200,17.6900,17.3400,17.4300,17.6300,7979208,139615976.4000,3,0.714600,1,-1.134400,0
2023-09-22,sh.600258,17.4700,17.5400,17.2500,17.5400,17.4300,12861488,224158638.8400,3,1.151800,1,0.631100,0
2023-09-25,sh.600258,17.5000,17.5100,17.1700,17.2600,17.5400,8907851,153808483.3900,3,0.797800,1,-1.596400,0
2023-09-26,sh.600258,17.3000,17.4800,17.2000,17.3100,17.2600,9045336,156922807.5800,3,0.810100,1,0.289700,0
2023-09-27,sh.600258,17.2800,17.5100,17.2000,17.2300,17.3100,8609535,149093686.7600,3,0.771000,1,-0.462200,0
2023-09-28,sh.600258,17.2800,17.4400,17.0200,17.2300,17.2300,12281899,211191526.0800,3,1.099900,1,0.000000,0
2023-10-09,sh.600258,17.1900,17.1900,16.1200,16.1200,17.2300,23256472,377968133.8600,3,2.082800,1,-6.442300,0
2023-10-10,sh.600258,16.2600,16.3200,15.9200,15.9600,16.1200,11588806,186138628.6400,3,1.037900,1,-0.992600,0
2023-10-11,sh.600258,16.0000,16.1500,15.9000,15.9700,15.9600,8244562,131940701.2300,3,0.738400,1,0.062700,0
2023-10-12,sh.600258,16.0800,16.1600,15.9400,16.1300,15.9700,7403180,119022587.1600,3,0.663000,1,1.001900,0
2023-10-13,sh.600258,16.0500,16.0600,15.8400,16.0000,16.1300,5854604,93286391.2800,3,0.524300,1,-0.806000,0
2023-10-16,sh.600258,15.9900,16.1400,15.7600,15.8100,16.0000,8114761,129351751.5400,3,0.726700,1,-1.187500,0
2023-10-17,sh.600258,16.4100,16.6000,16.1200,16.3000,15.8100,18103803,295819453.1400,3,1.621300,1,3.099300,0
2023-10-18,sh.600258,16.2400,16.3200,15.9500,15.9500,16.3000,9315372,150025833.9200,3,0.834300,1,-2.147200,0
2023-10-19,sh.600258,15.8500,16.2800,15.7800,15.9300,15.9500,9318241,149479320.4900,3,0.834500,1,-0.125400,0
2023-10-20,sh.600258,15.8700,16.0200,15.8100,15.8400,15.9300,5796531,92283839.4000,3,0.519100,1,-0.565000,0
2023-10-23,sh.600258,15.8500,15.9000,15.3400,15.4300,15.8400,8943211,138800486.3000,3,0.800900,1,-2.588400,0
2023-10-24,sh.600258,15.5400,15.8000,15.5000,15.7400,15.4300,11685787,183115118.2100,3,1.046500,1,2.009100,0
2023-10-25,sh.600258,15.7900,16.2200,15.7800,15.9400,15.7400,9762445,156844762.3600,3,0.874300,1,1.270600,0
2023-10-26,sh.600258,15.8100,15.9100,15.6200,15.7500,15.9400,7703080,121060399.6900,3,0.689900,1,-1.192000,0
2023-10-27,sh.600258,15.6700,16.5000,15.6700,16.4600,15.7500,16101174,261565249.8800,3,1.442000,1,4.507900,0
2023-10-30,sh.600258,16.3300,16.7400,16.3000,16.6200,16.4600,14893163,246478985.3200,3,1.333800,1,0.972100,0
2023-10-31,sh.600258,16.6600,16.8600,16.5300,16.7100,16.6200,9751487,162389080.5900,3,0.873300,1,0.541500,0
2023-11-01,sh.600258,16.7100,16.7700,16.3900,16.5600,16.7100,8260962,136817422.3300,3,0.739800,1,-0.897700,0
2023-11-02,sh.600258,16.5400,16.5800,16.3100,16.4100,16.5600,5797750,95173079.1300,3,0.519200,1,-0.905800,0
2023-11-03,sh.600258,16.3800,16.5400,16.3000,16.4400,16.4100,6114863,100578556.0200,3,0.547600,1,0.182800,0
2023-11-06,sh.600258,16.5600,16.6900,16.4100,16.6500,16.4400,10970246,181415006.7200,3,0.982500,1,1.277400,0
2023-11-07,sh.600258,16.6000,16.6000,16.2000,16.2900,16.6500,9626051,157283729.9700,3,0.862100,1,-2.162200,0
2023-11-08,sh.600258,16.2900,16.4700,16.2200,16.3400,16.2900,8232128,134441943.1300,3,0.737200,1,0.306900,0
2023-11-09,sh.600258,16.3400,16.4500,16.2000,16.2500,16.3400,5765641,94117148.7800,3,0.516400,1,-0.550800,0
2023-11-10,sh.600258,16.2100,16.2500,15.9800,16.0700,16.2500,5737577,92130797.1900,3,0.513800,1,-1.107700,0
2023-11-13,sh.600258,16.1200,16.3200,16.1100,16.2800,16.0700,5940907,96333846.9800,3,0.532100,1,1.306800,0
2023-11-14,sh.600258,16.3200,16.4300,16.1900,16.2800,16.2800,5930055,96632914.3500,3,0.531100,1,0.000000,0
2023-11-15,sh.600258,16.4100,16.4800,16.2600,16.3200,16.2800,6697300,109559040.0000,3,0.599800,1,0.245700,0
2023-11-16,sh.600258,16.3300,16.4000,16.1600,16.3200,16.3200,5525858,89963882.7900,3,0.494900,1,0.000000,0
2023-11-17,sh.600258,16.3000,16.4200,16.0800,16.1400,16.3200,6135247,99100943.3500,3,0.549500,1,-1.102900,0
2023-11-20,sh.600258,16.1800,16.4400,16.0200,16.3500,16.1400,10320255,167834961.2200,3,0.924300,1,1.301100,0
2023-11-21,sh.600258,16.3500,16.7000,16.3500,16.5500,16.3500,14084615,233067981.3500,3,1.261400,1,1.223200,0
2023-11-22,sh.600258,16.5200,16.6700,16.4000,16.4200,16.5500,6726751,111313578.6700,3,0.602400,1,-0.785500,0
2023-11-23,sh.600258,16.3800,16.4700,16.2000,16.4500,16.4200,5755978,94197873.1800,3,0.515500,1,0.182700,0
2023-11-24,sh.600258,16.4100,16.7400,16.3900,16.5200,16.4500,9787919,162495130.7500,3,0.876600,1,0.425500,0
2023-11-27,sh.600258,16.6100,16.6500,16.2200,16.4000,16.5200,6934540,113276094.0400,3,0.621000,1,-0.726400,0
2023-11-28,sh.600258,16.4000,16.8200,16.2600,16.7500,16.4000,13935376,231326078.2800,3,1.248000,1,2.134100,0
2023-11-29,sh.600258,16.6800,16.8500,16.5700,16.6800,16.7500,7890241,131688779.3700,3,0.706600,1,-0.417900,0
2023-11-30,sh.600258,16.6100,17.3700,16.5800,17.2900,16.6800,21408372,365499608.9600,3,1.917300,1,3.657100,0
2023-12-01,sh.600258,17.2600,17.3600,16.9600,17.1100,17.2900,10654675,182186041.7500,3,0.954200,1,-1.041100,0
2023-12-04,sh.600258,17.0200,17.4700,16.7400,17.3400,17.1100,14547401,249017043.8500,3,1.302800,1,1.344200,0
2023-12-05,sh.600258,17.2400,17.3100,16.8300,16.8300,17.3400,8591746,146882564.1400,3,0.769500,1,-2.941200,0
2023-12-06,sh.600258,16.8000,16.8900,16.6100,16.7400,16.8300,8058537,135034669.8400,3,0.721700,1,-0.534800,0
2023-12-07,sh.600258,16.7500,16.8300,16.5000,16.6400,16.7400,6258915,103837576.0300,3,0.560500,1,-0.597400,0
2023-12-08,sh.600258,16.5700,16.6600,16.3800,16.4700,16.6400,7554884,124671528.6500,3,0.676600,1,-1.021600,0
2023-12-11,sh.600258,16.3300,16.7000,16.2300,16.6000,16.4700,8197481,134553263.3600,3,0.734100,1,0.789300,0
2023-12-12,sh.600258,16.5700,17.0000,16.5600,16.9000,16.6000,8521954,143426399.0700,3,0.763200,1,1.807200,0
2023-12-13,sh.600258,16.8600,16.9300,16.3800,16.3800,16.9000,8619587,143346116.5000,3,0.771900,1,-3.076900,0
2023-12-14,sh.600258,16.4700,16.7600,16.3000,16.3300,16.3800,6647984,109704857.7200,3,0.595400,1,-0.305300,0
2023-12-15,sh.600258,16.3900,16.5700,16.3500,16.3500,16.3300,6418960,105513776.0000,3,0.574900,1,0.122500,0
2023-12-18,sh.600258,16.2800,16.3200,15.8000,15.8800,16.3500,7742678,124168704.3000,3,0.693400,1,-2.874600,0
2023-12-19,sh.600258,15.9300,16.1800,15.9300,16.1000,15.8800,7112678,114272628.3000,3,0.637000,1,1.385400,0
2023-12-20,sh.600258,16.0200,16.0900,15.6000,15.6300,16.1000,8768939,138210962.9300,3,0.785300,1,-2.919300,0
2023-12-21,sh.600258,15.5400,15.9700,15.4800,15.9200,15.6300,6294799,99415022.4900,3,0.563700,1,1.855400,0
2023-12-22,sh.600258,15.9200,15.9300,15.6600,15.7400,15.9200,5301200,83530972.0000,3,0.474800,1,-1.130700,0
2023-12-25,sh.600258,15.7100,15.8000,15.5700,15.6000,15.7400,3572545,55976337.6100,3,0.319900,1,-0.889500,0
2023-12-26,sh.600258,15.5800,15.6300,15.3700,15.4800,15.6000,4117100,63739439.0000,3,0.368700,1,-0.769200,0
2023-12-27,sh.600258,15.4800,15.5400,14.8000,14.9900,15.4800,14420276,216857197.5000,3,1.291400,1,-3.165400,0
2023-12-28,sh.600258,14.8500,15.5500,14.8500,15.4800,14.9900,13269804,203523491.8800,3,1.188400,1,3.268800,0
2023-12-29,sh.600258,15.5000,15.7400,15.4400,15.6200,15.4800,7733882,120692412.9600,3,0.692600,1,0.904400,0
2024-01-02,sh.600258,15.6500,15.7500,15.3400,15.4300,15.6200,8484659,131083110.5100,3,0.759900,1,-1.216400,0
2024-01-03,sh.600258,15.4400,15.6600,15.3600,15.5800,15.4300,10153331,157821496.1600,3,0.909300,1,0.972100,0
2024-01-04,sh.600258,15.5300,15.7200,15.2800,15.5200,15.5800,8373401,129603939.6200,3,0.749900,1,-0.385100,0
2024-01-05,sh.600258,15.4900,15.6900,15.0100,15.1100,15.5200,9698188,148435691.3600,3,0.868500,1,-2.641800,0
2024-01-08,sh.600258,15.0200,15.1800,14.8400,14.8500,15.1100,8024698,120464358.8800,3,0.718700,1,-1.720700,0
2024-01-09,sh.600258,14.9100,15.5300,14.8900,15.2200,14.8500,11693246,178019823.6400,3,1.047200,1,2.491600,0
2024-01-10,sh.600258,15.1000,15.3300,14.9100,15.2000,15.2200,9017706,136449224.8200,3,0.807600,1,-0.131400,0
2024-01-11,sh.600258,15.1900,15.4300,15.1100,15.3200,15.2000,8047892,122798246.6000,3,0.720700,1,0.789500,0
2024-01-12,sh.600258,15.2400,15.4700,15.1100,15.2000,15.3200,5582543,85248521.0200,3,0.500000,1,-0.783300,0
2024-01-15,sh.600258,15.1300,15.5600,15.1000,15.4500,15.2000,10991412,169676576.7400,3,0.984400,1,1.644700,0
2024-01-16,sh.600258,15.4500,15.9800,15.4000,15.8800,15.4500,18597820,293104448.4900,3,1.665600,1,2.783200,0
2024-01-17,sh.600258,15.7300,15.8200,15.1400,15.1600,15.8800,11949687,183928218.1100,3,1.070200,1,-4.534000,0
2024-01-18,sh.600258,15.0300,15.1300,14.5100,14.9200,15.1600,13594701,200481617.5400,3,1.217500,1,-1.583100,0
2024-01-19,sh.600258,14.8700,15.3900,14.7400,15.2500,14.9200,11298594,170924913.0600,3,1.011900,1,2.211800,0
2024-01-22,sh.600258,15.0600,15.1500,14.2500,14.3100,15.2500,10897151,160481697.6300,3,0.975900,1,-6.163900,0
2024-01-23,sh.600258,14.3100,14.5100,13.9000,14.4300,14.3100,9143947,129939109.9500,3,0.818900,1,0.838600,0
2024-01-24,sh.600258,14.5000,14.7000,14.1800,14.6000,14.4300,9524755,137747500.2300,3,0.853000,1,1.178100,0
2024-01-25,sh.600258,14.5500,15.3600,14.4900,15.2700,14.6000,13277542,199546514.8100,3,1.189100,1,4.589000,0
2024-01-26,sh.600258,15.1700,15.6400,15.1300,15.3000,15.2700,9519545,146393052.9100,3,0.852500,1,0.196500,0
2024-01-29,sh.600258,15.2600,15.5800,15.1500,15.1700,15.3000,11353968,173953998.3600,3,1.016800,1,-0.849700,0
2024-01-30,sh.600258,15.0100,15.0600,14.3300,14.3400,15.1700,12459641,182441593.3500,3,1.115900,1,-5.471300,0
2024-01-31,sh.600258,14.2300,14.3100,13.9400,13.9800,14.3400,16664139,234719756.4000,3,1.492400,1,-2.510500,0
2024-02-01,sh.600258,13.9300,14.1900,13.7000,13.8100,13.9800,13780031,192112617.2000,3,1.234100,1,-1.216000,0
2024-02-02,sh.600258,13.8700,14.0200,13.4600,13.7400,13.8100,16556307,226846218.1100,3,1.482700,1,-0.506900,0
2024-02-05,sh.600258,13.5800,13.9500,13.2100,13.6600,13.7400,14108983,190521040.3600,3,1.263600,1,-0.582200,0
2024-02-06,sh.600258,13.5200,14.5000,13.2500,14.4600,13.6600,14305602,199414165.0500,3,1.281200,1,5.856500,0
2024-02-07,sh.600258,14.4500,15.3000,14.3400,15.2800,14.4600,22322589,332784853.0700,3,1.999200,1,5.670800,0
2024-02-08,sh.600258,15.3300,15.9600,15.2500,15.4500,15.2800,19390864,303529682.0200,3,1.736600,1,1.112600,0
2024-02-19,sh.600258,15.8500,15.9500,15.1600,15.3300,15.4500,17713724,276821172.5600,3,1.586400,1,-0.776700,0
2024-02-20,sh.600258,15.2600,15.4800,15.1400,15.2900,15.3300,10382748,159219452.9200,3,0.929900,1,-0.260900,0
2024-02-21,sh.600258,15.2800,15.6600,15.1300,15.3200,15.2900,10882286,167722128.9800,3,0.974600,1,0.196200,0
2024-02-22,sh.600258,15.2500,15.4500,15.2000,15.3400,15.3200,8673032,132631317.4300,3,0.776700,1,0.130500,0
2024-02-23,sh.600258,15.2800,15.3300,15.0600,15.2800,15.3400,8488251,129019537.7700,3,0.760200,1,-0.391100,0
2024-02-26,sh.600258,15.2100,15.2800,14.9300,15.0800,15.2800,10741742,162171226.7900,3,0.962000,1,-1.308900,0
2024-02-27,sh.600258,15.0100,15.1600,14.9700,15.1600,15.0800,10193101,153381796.6000,3,0.912900,1,0.530500,0
2024-02-28,sh.600258,15.1400,15.3100,14.9000,14.9000,15.1600,17397642,263737222.8800,3,1.558100,1,-1.715000,0
2024-02-29,sh.600258,14.8600,15.3600,14.8000,15.2800,14.9000,18797869,284929060.9000,3,1.683500,1,2.550300,0
2024-03-01,sh.600258,15.3000,15.3800,15.0200,15.1200,15.2800,14082703,213442629.2100,3,1.261200,1,-1.047100,0
2024-03-04,sh.600258,15.0700,15.2000,14.7300,14.8200,15.1200,16133846,239539451.8000,3,1.444900,1,-1.984100,0
2024-03-05,sh.600258,14.7700,14.9300,14.4900,14.5600,14.8200,15381342,225327977.5500,3,1.377500,1,-1.754400,0
2024-03-06,sh.600258,14.4800,14.6100,14.2500,14.4500,14.5600,12908445,185871487.3900,3,1.156000,1,-0.755500,0
2024-03-07,sh.600258,14.4500,14.6500,14.3900,14.4700,14.4500,13166185,191056777.1700,3,1.179100,1,0.138400,0
2024-03-08,sh.600258,14.5000,14.5000,14.0300,14.1100,14.4700,15512667,219664081.0300,3,1.389300,1,-2.487900,0
2024-03-11,sh.600258,14.1100,14.6200,14.0900,14.6100,14.1100,16019444,230505284.3300,3,1.434700,1,3.543600,0
2024-03-12,sh.600258,14.6000,15.2500,14.5500,15.2200,14.6100,23447750,350723811.5200,3,2.099900,1,4.175200,0
2024-03-13,sh.600258,15.0400,15.1900,14.9300,15.0600,15.2200,13217822,198914356.6700,3,1.183800,1,-1.051200,0
2024-03-14,sh.600258,15.0000,15.4700,15.0000,15.2000,15.0600,15211364,232164827.6600,3,1.362300,1,0.929600,0
2024-03-15,sh.600258,15.1100,15.4500,14.8900,15.0300,15.2000,12715299,191820367.1400,3,1.138700,1,-1.118400,0
2024-03-18,sh.600258,15.0500,15.3500,14.9300,15.3100,15.0300,11635116,175881976.6700,3,1.042000,1,1.862900,0
2024-03-19,sh.600258,15.2900,15.3600,15.0300,15.0600,15.3100,9044650,137252293.5000,3,0.810000,1,-1.632900,0
2024-03-20,sh.600258,15.1000,15.1900,15.0500,15.1000,15.0600,6352395,96000776.2100,3,0.568900,1,0.265600,0
2024-03-21,sh.600258,15.1400,15.3200,15.0800,15.2000,15.1000,12525117,190681756.8700,3,1.121700,1,0.662300,0
2024-03-22,sh.600258,15.2100,15.3700,14.8500,14.9600,15.2000,13368847,201376160.1900,3,1.197300,1,-1.578900,0
2024-03-25,sh.600258,14.8900,14.9800,14.4700,14.5000,14.9600,14162309,207368048.5800,3,1.268300,1,-3.074900,0
2024-03-26,sh.600258,14.4600,14.6400,14.4300,14.5900,14.5000,10206671,148490015.4800,3,0.914100,1,0.620700,0
2024-03-27,sh.600258,14.5500,14.9600,14.5000,14.7300,14.5900,12928271,190764444.0800,3,1.157800,1,0.959600,0
2024-03-28,sh.600258,14.6700,15.0000,14.6000,14.9000,14.7300,11940749,176758005.2800,3,1.069400,1,1.154100,0
2024-03-29,sh.600258,14.8400,14.8400,13.9800,14.2600,14.9000,33301334,472637681.0500,3,2.982400,1,-4.295300,0
2024-04-01,sh.600258,14.2000,15.1200,14.1800,15.1000,14.2600,43477733,636898798.1400,3,3.893700,1,5.890600,0
2024-04-02,sh.600258,15.0000,15.1600,14.7100,14.9600,15.1000,25592067,382427996.5800,3,2.292000,1,-0.927200,0
2024-04-03,sh.600258,14.8700,15.0800,14.7100,14.8800,14.9600,16475339,244698172.0300,3,1.475500,1,-0.534800,0
2024-04-08,sh.600258,14.9900,15.1400,14.4900,14.5300,14.8800,20921066,310376228.1000,3,1.873600,1,-2.352200,0
2024-04-09,sh.600258,14.4800,15.0000,14.3700,14.9300,14.5300,22788607,336017332.9300,3,2.040900,1,2.752900,0
2024-04-10,sh.600258,14.8300,15.4000,14.7100,15.1500,14.9300,32623783,491761113.7700,3,2.921700,1,1.473500,0
2024-04-11,sh.600258,14.9900,15.7500,14.9100,15.6200,15.1500,41100942,629936024.1000,3,3.680900,1,3.102300,0
2024-04-12,sh.600258,15.4600,15.8500,15.3300,15.6800,15.6200,39981700,623071318.2600,3,3.580700,1,0.384100,0
2024-04-15,sh.600258,15.5700,15.7600,15.1000,15.4400,15.6800,34059509,525210168.0600,3,3.050300,1,-1.530600,0
2024-04-16,sh.600258,15.3500,15.4900,14.5100,14.6200,15.4400,29952138,445839040.4100,3,2.682400,1,-5.310900,0
2024-04-17,sh.600258,14.6000,14.9600,14.6000,14.9200,14.6200,24314195,360941478.4300,3,2.177500,1,2.052000,0
2024-04-18,sh.600258,14.8000,15.1000,14.6800,14.8300,14.9200,27430662,408055627.1300,3,2.456600,1,-0.603200,0
2024-04-19,sh.600258,14.6600,14.8000,14.3700,14.4700,14.8300,25745919,374460499.7300,3,2.305700,1,-2.427500,0
2024-04-22,sh.600258,14.4700,15.0200,14.2900,14.9900,14.4700,30158832,442683214.6700,3,2.700900,1,3.593600,0
2024-04-23,sh.600258,14.8400,14.9500,14.6900,14.7700,14.9900,17011361,252090740.2900,3,1.523500,1,-1.467600,0
2024-04-24,sh.600258,14.7000,14.9400,14.7000,14.9300,14.7700,16784682,248573595.9300,3,1.503200,1,1.083300,0
2024-04-25,sh.600258,14.8400,15.0500,14.7700,14.8800,14.9300,13723201,204199224.8700,3,1.229000,1,-0.334900,0
2024-04-26,sh.600258,14.8300,15.0800,14.8300,15.0800,14.8800,23850973,357465898.7500,3,2.136000,1,1.344100,0
2024-04-29,sh.600258,15.1200,15.7600,15.0100,15.6300,15.0800,40044664,619412274.7200,3,3.586300,1,3.647200,0
2024-04-30,sh.600258,15.5300,15.6300,15.2100,15.3400,15.6300,24899638,381797372.0300,3,2.229900,1,-1.855400,0
2024-05-06,sh.600258,15.4300,15.4600,15.1100,15.3000,15.3400,32817124,502020374.7100,3,2.939000,1,-0.260800,0
2024-05-07,sh.600258,15.2900,15.3500,15.0600,15.1300,15.3000,23149058,350555158.7100,3,2.073200,1,-1.111100,0
2024-05-08,sh.600258,15.1100,15.1300,14.7400,14.8900,15.1300,20852000,311607461.0000,3,1.867400,1,-1.586300,0
2024-05-09,sh.600258,14.8800,15.0700,14.8300,14.9800,14.8900,14836288,222078882.2500,3,1.328700,1,0.604400,0
2024-05-10,sh.600258,15.0300,15.1900,14.9000,14.9500,14.9800,18661874,280486235.9200,3,1.671300,1,-0.200300,0
2024-05-13,sh.600258,14.8700,14.8700,14.5800,14.7400,14.9500,21368314,313900268.8200,3,1.913700,1,-1.404700,0
2024-05-14,sh.600258,14.7400,14.8600,14.7000,14.7700,14.7400,12910604,190820776.8700,3,1.156200,1,0.203500,0
2024-05-15,sh.600258,14.7800,14.8500,14.6500,14.6800,14.7700,10879343,160545655.4000,3,0.974300,1,-0.609300,0
2024-05-16,sh.600258,14.7200,14.9100,14.7100,14.8000,14.6800,13313990,197340101.0000,3,1.192400,1,0.817400,0
2024-05-17,sh.600258,14.8700,15.0400,14.7600,15.0300,14.8000,16223356,242163378.7400,3,1.452900,1,1.554100,0
2024-05-20,sh.600258,15.2700,15.4200,15.1000,15.2500,15.0300,32435297,494946949.4900,3,2.904800,1,1.463700,0
2024-05-21,sh.600258,15.1600,15.3300,15.0800,15.1300,15.2500,17252417,261960555.2300,3,1.545100,1,-0.786900,0
2024-05-22,sh.600258,15.0700,15.2500,15.0400,15.0800,15.1300,13880918,209887716.5700,3,1.243100,1,-0.330500,0
2024-05-23,sh.600258,15.0400,15.0500,14.5100,14.5600,15.0800,22859920,335867702.6500,3,2.047300,1,-3.448300,0
2024-05-24,sh.600258,14.5000,14.5900,14.3000,14.3200,14.5600,16975800,244478065.0900,3,1.520300,1,-1.648400,0
2024-05-27,sh.600258,14.3900,14.4800,14.1300,14.4500,14.3200,15080715,215685083.0000,3,1.350600,1,0.907800,0
2024-05-28,sh.600258,14.3500,14.4000,14.2100,14.2300,14.4500,9894900,141338206.0000,3,0.886200,1,-1.522500,0
2024-05-29,sh.600258,14.2500,14.3700,14.2300,14.3100,14.2300,7924018,113380377.4200,3,0.709700,1,0.562200,0
2024-05-30,sh.600258,14.2600,14.3000,14.1600,14.2800,14.3100,9233132,131444578.2700,3,0.826900,1,-0.209600,0
2024-05-31,sh.600258,14.3000,14.5500,14.2700,14.3800,14.2800,9995689,143937930.8000,3,0.895200,1,0.700300,0
2024-06-03,sh.600258,14.4000,14.4000,14.1900,14.3600,14.3800,9116110,130289642.1600,3,0.816400,1,-0.139100,0
2024-06-04,sh.600258,14.2800,14.4800,14.2400,14.4600,14.3600,9307418,133961448.6100,3,0.833500,1,0.696400,0
2024-06-05,sh.600258,14.4100,14.5000,14.3600,14.3600,14.4600,6973300,100627730.9900,3,0.624500,1,-0.691600,0
2024-06-06,sh.600258,14.3400,14.4200,13.9800,14.0600,14.3600,13406620,189682360.4500,3,1.200700,1,-2.089100,0
2024-06-07,sh.600258,14.1300,14.1900,14.0000,14.1000,14.0600,8118657,114405657.5600,3,0.727100,1,0.284500,0
2024-06-11,sh.600258,14.0400,14.0900,13.6200,13.8200,14.1000,12608552,173708932.8000,3,1.129200,1,-1.985800,0
2024-06-12,sh.600258,13.7600,13.8600,13.6800,13.8200,13.8200,8424009,116052004.3800,3,0.754400,1,0.000000,0
2024-06-13,sh.600258,13.8200,13.8900,13.6200,13.7200,13.8200,7954204,109180146.2700,3,0.712400,1,-0.723600,0
2024-06-14,sh.600258,13.7000,14.1100,13.6700,14.0100,13.7200,13033345,181822004.2700,3,1.167200,1,2.113700,0
2024-06-17,sh.600258,14.0000,14.0800,13.8500,13.8900,14.0100,7713191,107401113.3500,3,0.690800,1,-0.856500,0
2024-06-18,sh.600258,13.8900,13.9700,13.8100,13.8700,13.8900,7176728,99580613.2400,3,0.642700,1,-0.144000,0
2024-06-19,sh.600258,13.8200,13.8700,13.4800,13.4900,13.8700,13284294,180530927.6800,3,1.189700,1,-2.739700,0
2024-06-20,sh.600258,13.5000,13.5100,13.2200,13.2400,13.4900,10133737,134819128.6900,3,0.907600,1,-1.853200,0
2024-06-21,sh.600258,13.2100,13.3900,13.2000,13.2800,13.2400,5414280,71964616.2500,3,0.484900,1,0.302100,0
2024-06-24,sh.600258,13.1900,13.2000,12.8700,12.9000,13.2800,10703453,139108612.8600,3,0.958600,1,-2.861400,0
2024-06-25,sh.600258,12.9900,13.1000,12.8900,13.0000,12.9000,8002695,104036161.5400,3,0.716700,1,0.775200,0
2024-06-26,sh.600258,12.9400,13.0600,12.7400,13.0400,13.0000,9838093,126767926.5200,3,0.881100,1,0.307700,0
2024-06-27,sh.600258,12.9600,12.9900,12.8300,12.8300,13.0400,7107276,91672790.1000,3,0.636500,1,-1.610400,0
2024-06-28,sh.600258,12.6600,12.7600,12.2500,12.3500,12.6100,16996367,212510744.1800,3,1.522100,1,-2.061900,0
2024-07-01,sh.600258,12.2600,12.6500,12.2300,12.6100,12.3500,12040614,150423967.0500,3,1.078300,1,2.105300,0
2024-07-02,sh.600258,12.6300,12.6300,12.4500,12.5100,12.6100,9437670,118320758.8100,3,0.845200,1,-0.793000,0
2024-07-03,sh.600258,12.4900,12.8000,12.4700,12.6800,12.5100,11948253,151534086.8300,3,1.070100,1,1.358900,0
2024-07-04,sh.600258,12.6300,12.6700,12.2300,12.2600,12.6800,10716206,133099324.7400,3,0.959700,1,-3.312300,0
2024-07-05,sh.600258,12.2600,12.3400,12.1000,12.2900,12.2600,9125992,111631608.7200,3,0.817300,1,0.244700,0
2024-07-08,sh.600258,12.2500,12.3500,11.9200,11.9700,12.2900,8867931,107161116.4900,3,0.794200,1,-2.603700,0
2024-07-09,sh.600258,11.9300,12.2100,11.8600,12.1600,11.9700,9642325,115914626.7500,3,0.863500,1,1.587300,0
2024-07-10,sh.600258,12.1600,12.3100,12.0100,12.1400,12.1600,7451192,90853115.9600,3,0.667300,1,-0.164500,0
2024-07-11,sh.600258,12.2800,12.6200,12.2800,12.5900,12.1400,12243865,152547223.4100,3,1.096500,1,3.706800,0
2024-07-12,sh.600258,12.6000,12.8200,12.5300,12.7400,12.5900,10927287,138767725.2900,3,0.978600,1,1.191400,0
2024-07-15,sh.600258,12.6800,12.8300,12.5100,12.7700,12.7400,10637874,134872955.1000,3,0.952700,1,0.235500,0
2024-07-16,sh.600258,12.7400,12.7400,12.5800,12.6400,12.7700,5430100,68617963.0000,3,0.486300,1,-1.018000,0
2024-07-17,sh.600258,12.6100,12.8000,12.5700,12.7300,12.6400,6944185,88196802.9800,3,0.621900,1,0.712000,0
2024-07-18,sh.600258,12.6500,12.7500,12.4900,12.7500,12.7300,6552674,82792368.4700,3,0.586800,1,0.157100,0
2024-07-19,sh.600258,12.7400,12.7400,12.5200,12.6500,12.7500,7158902,90339254.1700,3,0.641100,1,-0.784300,0
2024-07-22,sh.600258,12.6300,12.6300,12.4100,12.5200,12.6500,7236244,90350056.5800,3,0.648100,1,-1.027700,0
2024-07-23,sh.600258,12.5200,12.5900,12.2000,12.2000,12.5200,7163200,88856267.0000,3,0.641500,1,-2.555900,0
2024-07-24,sh.600258,12.2800,12.2800,11.9300,11.9400,12.2000,7064588,85355263.6000,3,0.632700,1,-2.131100,0
2024-07-25,sh.600258,11.9900,12.2200,11.8900,12.0800,11.9400,6127925,74124142.4900,3,0.548800,1,1.172500,0
2024-07-26,sh.600258,12.0600,12.2500,12.0600,12.1400,12.0800,4770846,57843896.9800,3,0.427300,1,0.496700,0
2024-07-29,sh.600258,12.1500,12.1700,11.8600,11.8800,12.1400,8999501,107532276.9800,3,0.806000,1,-2.141700,0
2024-07-30,sh.600258,11.8600,11.9200,11.6800,11.8000,11.8800,8487565,100093631.4000,3,0.760100,1,-0.673400,0
2024-07-31,sh.600258,11.7900,12.4100,11.7600,12.4100,11.8000,17320129,211924336.3900,3,1.551100,1,5.169500,0
2024-08-01,sh.600258,12.3000,12.3900,12.2100,12.3100,12.4100,10438907,128294153.1700,3,0.934900,1,-0.805800,0
2024-08-02,sh.600258,12.2000,12.5900,12.1800,12.4100,12.3100,11098175,138325608.8600,3,0.993900,1,0.812300,0
2024-08-05,sh.600258,12.5100,12.7900,12.4600,12.4600,12.4100,17595000,222087643.0000,3,1.575800,1,0.402900,0
2024-08-06,sh.600258,12.6000,12.8800,12.5900,12.7600,12.4600,18281726,232980880.6900,3,1.637300,1,2.407700,0
2024-08-07,sh.600258,12.7500,12.7500,12.5200,12.5700,12.7600,10867100,136865116.0000,3,0.973200,1,-1.489000,0
2024-08-08,sh.600258,12.4800,12.7800,12.4600,12.6200,12.5700,10200825,129286467.3500,3,0.913600,1,0.397800,0
2024-08-09,sh.600258,12.6500,12.6900,12.3300,12.3400,12.6200,9649500,120497486.0000,3,0.864200,1,-2.218700,0
2024-08-12,sh.600258,12.3000,12.3300,12.0500,12.1900,12.3400,10307611,125393945.7600,3,0.923100,1,-1.215600,0
2024-08-13,sh.600258,12.1400,12.2300,11.9400,12.0700,12.1900,8877200,106713647.0000,3,0.795000,1,-0.984400,0
2024-08-14,sh.600258,12.0600,12.0600,11.8800,11.9100,12.0700,5723000,68279403.0000,3,0.512500,1,-1.325600,0
2024-08-15,sh.600258,11.8900,12.1500,11.8300,12.0200,11.9100,8819100,105837032.1000,3,0.789800,1,0.923600,0
2024-08-16,sh.600258,12.0400,12.0400,11.8400,11.8800,12.0200,7383454,87880076.9600,3,0.661200,1,-1.164700,0
2024-08-19,sh.600258,11.9000,12.2200,11.8600,12.1800,11.8800,13106422,158742043.6300,3,1.173800,1,2.525300,0
2024-08-20,sh.600258,12.1200,12.1700,11.9300,11.9900,12.1800,6042400,72659880.0000,3,0.541100,1,-1.559900,0
2024-08-21,sh.600258,11.9600,12.0800,11.9300,11.9500,11.9900,4276876,51245687.2000,3,0.383000,1,-0.333600,0
2024-08-22,sh.600258,11.9700,12.0000,11.4300,11.4600,11.9500,12850888,149244939.1600,3,1.150900,1,-4.100400,0
2024-08-23,sh.600258,11.4100,11.6000,11.3900,11.5800,11.4600,5432256,62511658.1500,3,0.486500,1,1.047100,0
2024-08-26,sh.600258,11.6500,11.6700,11.4000,11.4800,11.5800,7206301,83011344.5700,3,0.645400,1,-0.863600,0
2024-08-27,sh.600258,11.4300,11.4300,11.1500,11.2200,11.4800,7555900,85041346.0000,3,0.676700,1,-2.264800,0
2024-08-28,sh.600258,11.2500,11.2800,11.0800,11.1600,11.2200,6029078,67362875.2000,3,0.539900,1,-0.534800,0
2024-08-29,sh.600258,11.1300,11.5000,11.0400,11.3900,11.1600,7529101,85273474.3800,3,0.674300,1,2.060900,0
2024-08-30,sh.600258,11.3700,11.8800,11.2900,11.7700,11.3900,12800995,149534792.5400,3,1.146400,1,3.336300,0
2024-09-02,sh.600258,12.0000,12.0100,11.6600,11.6800,11.7700,10651354,125848490.0200,3,0.953900,1,-0.764700,0
2024-09-03,sh.600258,11.6900,11.8700,11.6600,11.8200,11.6800,5659388,66789635.6400,3,0.506800,1,1.198600,0
2024-09-04,sh.600258,11.7500,11.8600,11.6700,11.7000,11.8200,6015000,70712146.0000,3,0.538700,1,-1.015200,0
2024-09-05,sh.600258,11.7800,11.9800,11.7500,11.9100,11.7000,7260245,86364600.4300,3,0.650200,1,1.794900,0
2024-09-06,sh.600258,11.9500,12.0100,11.7200,11.7600,11.9100,5511592,65416622.1600,3,0.493600,1,-1.259400,0
2024-09-09,sh.600258,11.7000,11.8300,11.6100,11.6700,11.7600,5861300,68672534.0000,3,0.524900,1,-0.765300,0
2024-09-10,sh.600258,11.6800,11.7000,11.1800,11.4300,11.6700,9034500,102613825.0000,3,0.809100,1,-2.056600,0
2024-09-11,sh.600258,11.3800,11.4900,11.3200,11.3900,11.4300,4121200,46910359.0000,3,0.369100,1,-0.350000,0
2024-09-12,sh.600258,11.3800,11.5400,11.2900,11.3300,11.3900,4402400,50171472.3400,3,0.394300,1,-0.526800,0
2024-09-13,sh.600258,11.3500,11.4200,11.2000,11.2300,11.3300,4787000,53941569.0000,3,0.428700,1,-0.882600,0
2024-09-18,sh.600258,11.2300,11.2400,10.9000,11.1100,11.2300,7814969,86130853.3900,3,0.699900,1,-1.068600,0
2024-09-19,sh.600258,11.1500,11.6500,11.1100,11.5300,11.1100,12975084,148250318.8400,3,1.162000,1,3.780400,0
2024-09-20,sh.600258,11.5600,11.5600,11.3400,11.4300,11.5300,7062700,80459983.0000,3,0.632500,1,-0.867300,0
2024-09-23,sh.600258,11.4000,11.5500,11.3300,11.3700,11.4300,7023588,80355351.5600,3,0.629000,1,-0.524900,0
2024-09-24,sh.600258,11.4600,11.9000,11.4300,11.9000,11.3700,12906431,151015017.2500,3,1.155900,1,4.661400,0
2024-09-25,sh.600258,12.0500,12.3300,12.0500,12.0900,11.9000,15288312,186300003.3600,3,1.369200,1,1.596600,0
2024-09-26,sh.600258,12.0900,13.1700,12.0900,13.1500,12.0900,35480833,452228015.9100,3,3.177600,1,8.767600,0
2024-09-27,sh.600258,13.3600,13.8700,13.2800,13.7000,13.1500,19346360,261128038.3900,3,1.732600,1,4.182500,0
2024-09-30,sh.600258,14.2500,14.8600,13.8600,14.8000,13.7000,61510343,884543115.8700,3,5.508700,1,8.029200,0
2024-10-08,sh.600258,16.0000,16.2000,13.9500,14.5300,14.8000,69443017,1040982048.1200,3,6.219100,1,-1.824300,0
2024-10-09,sh.600258,14.2500,14.2500,13.2400,13.2400,14.5300,38368675,523378783.2500,3,3.436200,1,-8.878200,0
2024-10-10,sh.600258,13.2800,13.6000,13.1500,13.3600,13.2400,22548853,302185484.7200,3,2.019400,1,0.906300,0
2024-10-11,sh.600258,13.2900,13.5400,12.9500,13.0400,13.3600,18976033,250611009.1400,3,1.699400,1,-2.395200,0
2024-10-14,sh.600258,13.0400,13.3300,12.8000,13.2400,13.0400,16839767,220259364.1900,3,1.508100,1,1.533700,0
2024-10-15,sh.600258,13.0900,13.1900,12.8100,12.8100,13.2400,13886691,180888480.3000,3,1.243700,1,-3.247700,0
2024-10-16,sh.600258,12.7200,13.0300,12.5500,12.8600,12.8100,12788412,164037400.4800,3,1.145300,1,0.390300,0
2024-10-17,sh.600258,12.9700,13.0300,12.6800,12.7000,12.8600,9094866,116722156.3000,3,0.814500,1,-1.244200,0
2024-10-18,sh.600258,12.6800,13.2400,12.6400,13.0200,12.7000,17802561,230282324.3500,3,1.594300,1,2.519700,0
2024-10-21,sh.600258,13.0500,14.2000,13.0000,13.8600,13.0200,40852893,561018283.2500,3,3.658700,1,6.451600,0
2024-10-22,sh.600258,13.8700,13.9200,13.5500,13.6400,13.8600,17719662,242683198.0200,3,1.586900,1,-1.587300,0
2024-10-23,sh.600258,13.6400,13.9100,13.6400,13.7700,13.6400,13888052,191798145.5100,3,1.243800,1,0.953100,0
2024-10-24,sh.600258,13.7000,13.9500,13.6500,13.9100,13.7700,12885345,178306715.5800,3,1.154000,1,1.016700,0
2024-10-25,sh.600258,13.8400,14.0400,13.7500,13.8900,13.9100,12056355,167373213.2300,3,1.079700,1,-0.143800,0
2024-10-28,sh.600258,13.8900,14.3300,13.8400,14.2900,13.8900,18471661,261317378.3500,3,1.654300,1,2.879800,0
2024-10-29,sh.600258,14.2900,14.5600,14.1100,14.1500,14.2900,15041321,215428677.4200,3,1.347100,1,-0.979700,0
2024-10-30,sh.600258,14.1300,14.5400,14.0200,14.2500,14.1500,20581897,295130237.7800,3,1.843300,1,0.706700,0
2024-10-31,sh.600258,14.2000,14.2000,13.7400,13.8900,14.2500,21206152,294980518.9900,3,1.899200,1,-2.526300,0
2024-11-01,sh.600258,13.9500,14.2000,13.7400,13.9700,13.8900,17212725,240940117.2700,3,1.541500,1,0.576000,0
2024-11-04,sh.600258,14.0200,14.3400,13.8800,14.3100,13.9700,15025910,212153422.1200,3,1.345700,1,2.433800,0
2024-11-05,sh.600258,14.2600,14.7800,14.2000,14.7200,14.3100,18713362,273304308.7300,3,1.675900,1,2.865100,0
2024-11-06,sh.600258,14.7400,14.8800,14.4400,14.7700,14.7200,18621765,273142093.3100,3,1.667700,1,0.339700,0
2024-11-07,sh.600258,14.6900,15.4500,14.5800,15.3900,14.7700,26958979,410644039.1900,3,2.414400,1,4.197700,0
2024-11-08,sh.600258,15.4600,15.4800,14.8800,15.2700,15.3900,24833595,376002679.1500,3,2.224000,1,-0.779700,0
2024-11-11,sh.600258,15.0200,15.1900,14.7000,14.9900,15.2700,15246973,227457955.1800,3,1.365500,1,-1.833700,0
2024-11-12,sh.600258,15.0100,15.3300,14.9200,15.0000,14.9900,16008816,242018184.6500,3,1.433700,1,0.066700,0
2024-11-13,sh.600258,15.0000,15.1000,14.4100,14.6400,15.0000,18669322,272437959.7000,3,1.672000,1,-2.400000,0
2024-11-14,sh.600258,14.5200,14.7100,14.4500,14.5500,14.6400,11614124,169759486.3800,3,1.040100,1,-0.614800,0
2024-11-15,sh.600258,14.5400,14.8200,14.4700,14.4800,14.5500,9664851,141789214.0600,3,0.865600,1,-0.481100,0
