date,code,open,high,low,close,preclose,volume,amount,adjustflag,turn,tradestatus,pctChg,isST
2014-01-17,sh.603699,21.1900,25.4200,21.1900,25.3400,17.6600,55742134,1315719952.0000,3,67.566223,1,43.488110,0
2014-01-20,sh.603699,24.0000,24.2700,22.8100,22.8100,25.3400,20472158,475780336.0000,3,24.814737,1,-9.984200,0
2014-01-21,sh.603699,21.9000,22.6500,21.2100,21.8700,22.8100,24673193,541932752.0000,3,29.906901,1,-4.121000,0
2014-01-22,sh.603699,21.3000,22.4500,21.2800,21.8800,21.8700,20460882,448099984.0000,3,24.801069,1,0.045700,0
2014-01-23,sh.603699,21.6400,22.3900,21.5300,21.6800,21.8800,17059156,374214064.0000,3,20.677765,1,-0.914100,0
2014-01-24,sh.603699,21.5300,23.4000,21.5100,22.6500,21.6800,27549611,620996992.0000,3,33.393468,1,4.474200,0
2014-01-27,sh.603699,22.2500,22.3500,21.1800,21.3400,22.6500,17204405,371212848.0000,3,20.853824,1,-5.783700,0
2014-01-28,sh.603699,21.4000,21.9400,21.4000,21.6000,21.3400,9636994,208682686.0000,3,11.681205,1,1.218400,0
2014-01-29,sh.603699,21.5700,21.7900,19.8700,20.0600,21.6000,17018545,348723488.0000,3,20.628539,1,-7.129600,0
2014-01-30,sh.603699,19.8800,19.8800,18.9200,19.0300,20.0600,10449778,201112290.0000,3,12.666398,1,-5.134600,0
2014-02-07,sh.603699,18.8400,19.4200,18.6400,19.3900,19.0300,7057067,135388821.0000,3,8.554021,1,1.891700,0
2014-02-10,sh.603699,19.4100,20.3800,19.1000,20.1100,19.3900,12553668,247952400.0000,3,15.216567,1,3.713300,0
2014-02-11,sh.603699,19.9300,20.3600,19.6100,19.9700,20.1100,12104717,242485919.0000,3,14.672384,1,-0.696200,0
2014-02-12,sh.603699,20.0500,21.7900,19.8000,21.3800,19.9700,18432429,387105088.0000,3,22.342338,1,7.060600,0
2014-02-13,sh.603699,21.1800,21.3500,20.4000,20.4200,21.3800,12075535,250892500.0000,3,14.637012,1,-4.490200,0
2014-02-14,sh.603699,20.4200,21.3700,20.4200,21.2900,20.4200,11978358,253220046.0000,3,14.519222,1,4.260500,0
2014-02-17,sh.603699,21.3100,22.4700,21.0100,22.1500,21.2900,17117814,372470864.0000,3,20.748865,1,4.039500,0
2014-02-18,sh.603699,22.3400,24.0500,21.6400,22.9100,22.1500,23900169,548152016.0000,3,28.969902,1,3.431200,0
2014-02-19,sh.603699,22.5100,23.5600,22.3500,22.5800,22.9100,18373685,420355616.0000,3,22.271133,1,-1.440400,0
2014-02-20,sh.603699,22.3000,22.7400,21.3500,21.8200,22.5800,14978296,329643216.0000,3,18.155510,1,-3.365800,0
2014-02-21,sh.603699,21.7200,22.1500,20.8800,21.0500,21.8200,10687324,228737964.0000,3,12.954332,1,-3.528900,0
2014-02-24,sh.603699,21.0500,21.3900,20.4500,21.3200,21.0500,7501526,157770659.0000,3,9.092759,1,1.282700,0
2014-02-25,sh.603699,21.3300,21.6500,19.4200,19.8200,21.3200,11789177,244559443.0000,3,14.289912,1,-7.035600,0
2014-02-26,sh.603699,19.6500,20.4500,19.4300,20.4200,19.8200,7282868,145850303.0000,3,8.827719,1,3.027200,0
2014-02-27,sh.603699,20.4600,20.5800,19.6000,19.7200,20.4200,7181015,144020619.0000,3,8.704261,1,-3.428000,0
2014-02-28,sh.603699,19.6100,20.5800,19.5100,20.4700,19.7200,7664273,153890814.0000,3,9.290028,1,3.803200,0
2014-03-03,sh.603699,20.3900,21.7600,20.2500,21.6200,20.4700,12451513,264561422.0000,3,15.092743,1,5.618000,0
2014-03-04,sh.603699,21.4000,22.8800,21.0400,21.7500,21.6200,16780576,367224784.0000,3,20.340092,1,0.601300,0
2014-03-05,sh.603699,21.5200,21.5800,20.8000,20.8600,21.7500,8367123,176724269.0000,3,10.141967,1,-4.092000,0
2014-03-06,sh.603699,20.7000,22.5400,20.4000,22.0500,20.8600,13952545,300280224.0000,3,16.912176,1,5.704700,0
2014-03-07,sh.603699,21.7600,21.9800,20.8800,21.0900,22.0500,9430675,201978182.0000,3,11.431121,1,-4.353700,0
2014-03-10,sh.603699,21.0000,21.0000,20.1500,20.2100,21.0900,5858306,119713622.0000,3,7.100977,1,-4.172600,0
2014-03-11,sh.603699,20.0800,20.7900,20.0000,20.4700,20.2100,5413564,110754772.0000,3,6.561896,1,1.286500,0
2014-03-12,sh.603699,20.3300,20.4900,19.6000,19.9500,20.4700,6792854,135779145.0000,3,8.233762,1,-2.540300,0
2014-03-13,sh.603699,19.8000,20.1900,19.8000,20.0700,19.9500,3564912,71331061.0000,3,4.321105,1,0.601500,0
2014-03-14,sh.603699,19.9200,20.3000,19.7700,19.8200,20.0700,3360819,67080473.0000,3,4.073720,1,-1.245600,0
2014-03-17,sh.603699,19.7900,20.1500,19.7700,20.1400,19.8200,3041750,60793194.0000,3,3.686970,1,1.614500,0
2014-03-18,sh.603699,20.1100,20.4300,19.9300,20.1000,20.1400,4790179,96585605.0000,3,5.806278,1,-0.198600,0
2014-03-19,sh.603699,20.0000,20.1400,19.4600,19.6500,20.1000,4543897,89338877.0000,3,5.507754,1,-2.238800,0
2014-03-20,sh.603699,19.6500,19.7900,18.9600,18.9700,19.6500,4825680,93205910.0000,3,5.849309,1,-3.460600,0
2014-03-21,sh.603699,18.8800,19.4600,18.5800,19.3900,18.9700,5159675,98363004.0000,3,6.254152,1,2.214000,0
2014-03-24,sh.603699,19.3500,19.5500,19.2100,19.2700,19.3900,3063425,59176766.0000,3,3.713242,1,-0.618900,0
2014-03-25,sh.603699,19.4000,19.4000,19.0700,19.1800,19.2700,2824953,54282668.0000,3,3.424185,1,-0.467000,0
2014-03-26,sh.603699,19.2700,19.4800,19.1000,19.3200,19.1800,2276077,43940564.0000,3,2.758881,1,0.729900,0
2014-03-27,sh.603699,19.3400,19.3400,18.7000,18.7100,19.3200,3759198,71082061.0000,3,4.556604,1,-3.157400,0
2014-03-28,sh.603699,18.7200,19.3600,18.3100,18.8600,18.7100,4844909,91345429.0000,3,5.872617,1,0.801700,0
2014-03-31,sh.603699,18.7600,18.8400,18.3800,18.4700,18.8600,2350051,43643449.0000,3,2.848547,1,-2.067900,0
2014-04-01,sh.603699,18.4300,18.7600,18.4300,18.6800,18.4700,2157020,40265483.0000,3,2.614570,1,1.137000,0
2014-04-02,sh.603699,18.6800,18.9100,18.5500,18.9000,18.6800,2997685,56092137.0000,3,3.633558,1,1.177700,0
2014-04-03,sh.603699,18.8400,19.2700,18.7100,18.8200,18.9000,3375487,64032937.0000,3,4.091499,1,-0.423300,0
2014-04-04,sh.603699,18.8300,18.9700,18.6700,18.9300,18.8200,2067893,38963665.0000,3,2.506537,1,0.584500,0
2014-04-08,sh.603699,18.8300,19.3000,18.7800,19.1900,18.9300,3479623,66386671.0000,3,4.217725,1,1.373500,0
2014-04-09,sh.603699,19.1700,19.3300,19.1000,19.2200,19.1900,3430703,65890208.0000,3,4.158428,1,0.156300,0
2014-04-10,sh.603699,19.2100,19.2800,18.9700,19.0100,19.2200,4184279,80152346.0000,3,5.071853,1,-1.092600,0
2014-04-11,sh.603699,19.0100,19.0400,18.5700,18.5900,19.0100,4008158,74944937.0000,3,4.858373,1,-2.209400,0
2014-04-14,sh.603699,18.5500,18.8900,18.5500,18.7600,18.5900,1873324,35114533.0000,3,2.270696,1,0.914500,0
2014-04-15,sh.603699,18.8400,18.8400,18.5900,18.6100,18.7600,1951366,36396890.0000,3,2.365292,1,-0.799600,0
2014-04-16,sh.603699,18.5800,18.7300,18.5600,18.6600,18.6100,1877082,35041950.0000,3,2.275251,1,0.268700,0
2014-04-17,sh.603699,18.7100,19.2400,18.6900,19.1600,18.6600,4470534,85344698.0000,3,5.418829,1,2.679500,0
2014-04-18,sh.603699,19.0000,19.2900,18.9600,19.0900,19.1600,2781580,53175722.0000,3,3.371612,1,-0.365300,0
2014-04-21,sh.603699,19.1900,19.5900,19.0800,19.2100,19.0900,5903532,114200864.0000,3,7.155796,1,0.628600,0
2014-04-22,sh.603699,19.1100,19.2700,18.6000,18.8100,19.2100,3538655,66689320.0000,3,4.289279,1,-2.082200,0
2014-04-23,sh.603699,18.8200,18.9100,18.6800,18.7000,18.8100,1770204,33235701.0000,3,2.145702,1,-0.584800,0
2014-04-24,sh.603699,18.6000,18.7900,18.3300,18.3400,18.7000,2452134,45406177.0000,3,2.972284,1,-1.925100,0
2014-04-25,sh.603699,18.3000,18.6400,18.0200,18.1600,18.3400,2361285,43468156.0000,3,2.862164,1,-0.981500,0
2014-04-28,sh.603699,18.1900,18.2500,17.1400,17.1700,18.1600,3146861,55567309.0000,3,3.814377,1,-5.451500,0
2014-04-29,sh.603699,17.1700,17.4900,17.1700,17.3500,17.1700,2164622,37534027.0000,3,2.623784,1,1.048300,0
2014-04-30,sh.603699,17.4000,17.5200,17.3400,17.4800,17.3500,1474406,25709658.0000,3,1.787159,1,0.749300,0
2014-05-05,sh.603699,17.5000,17.8600,17.3000,17.8600,17.4800,2534422,44662205.0000,3,3.072027,1,2.173900,0
2014-05-06,sh.603699,17.7900,18.1400,17.6900,17.9500,17.8600,3046628,54809842.0000,3,3.692882,1,0.503900,0
2014-05-07,sh.603699,17.8100,18.2000,17.6000,17.9400,17.9500,2671051,47702293.0000,3,3.237638,1,-0.055700,0
2014-05-08,sh.603699,17.8000,17.8800,17.5600,17.5800,17.9400,2296586,40620104.0000,3,2.783741,1,-2.006700,0
2014-05-09,sh.603699,17.6600,17.6600,17.2900,17.3400,17.5800,1854989,32309424.0000,3,2.248472,1,-1.365200,0
2014-05-12,sh.603699,17.5100,17.9900,17.4500,17.9100,17.3400,2769992,49262257.0000,3,3.357566,1,3.287200,0
2014-05-13,sh.603699,17.9800,18.1400,17.8000,17.8800,17.9100,2159620,38775621.0000,3,2.617721,1,-0.167500,0
2014-05-14,sh.603699,18.0000,18.0900,17.9100,17.9600,17.8800,1967994,35431431.0000,3,2.385447,1,0.447400,0
2014-05-15,sh.603699,17.9000,18.0500,17.5900,17.6300,17.9600,2022936,36056178.0000,3,2.452044,1,-1.837400,0
2014-05-16,sh.603699,17.6300,17.7700,17.4400,17.5500,17.6300,2062158,36261327.0000,3,2.499585,1,-0.453800,0
2014-05-19,sh.603699,17.5000,17.6500,17.3100,17.4500,17.5500,1182209,20626371.0000,3,1.432981,1,-0.569800,0
2014-05-20,sh.603699,17.8500,18.5000,17.8200,17.9200,17.4500,4159341,75467504.0000,3,5.041625,1,2.693400,0
2014-05-21,sh.603699,17.7700,18.0900,17.5400,18.0800,17.9200,2432690,43630341.0000,3,2.948715,1,0.892900,0
2014-05-22,sh.603699,18.1200,18.3400,18.0100,18.0900,18.0800,3264369,59411048.0000,3,3.956811,1,0.055300,0
2014-05-23,sh.603699,18.1000,18.1800,17.9400,18.1500,18.0900,1794542,32414538.0000,3,2.175202,1,0.331700,0
2014-05-26,sh.603699,18.1900,18.2600,18.1200,18.2300,18.1500,2091866,38059209.0000,3,2.535595,1,0.440800,0
2014-05-27,sh.603699,18.2300,18.2300,17.8800,17.8900,18.2300,2050769,36964394.0000,3,2.485781,1,-1.865100,0
2014-05-28,sh.603699,17.9500,18.1400,17.8800,18.0800,17.8900,1744773,31431868.0000,3,2.114876,1,1.062000,0
2014-05-29,sh.603699,18.0900,18.1900,17.7400,17.7800,18.0800,1958793,35235361.0000,3,2.374295,1,-1.659300,0
2014-05-30,sh.603699,17.7400,17.9000,17.6700,17.7700,17.7800,1531897,27249089.0000,3,1.856845,1,-0.056200,0
2014-06-03,sh.603699,17.7800,18.0900,17.7800,18.0200,17.7700,1889193,33975381.0000,3,2.289931,1,1.406900,0
2014-06-04,sh.603699,18.1400,18.2000,17.8700,18.1800,18.0200,2342204,42259781.0000,3,2.839035,1,0.887900,0
2014-06-05,sh.603699,18.2000,18.2700,18.0400,18.2600,18.1800,2861676,52025541.0000,3,3.468698,1,0.440000,0
2014-06-06,sh.603699,18.2800,18.2900,18.0600,18.1100,18.2600,2063152,37454245.0000,3,2.500790,1,-0.821500,0
2014-06-09,sh.603699,18.0800,18.2500,17.9500,17.9800,18.1100,2288429,41461917.0000,3,2.773853,1,-0.717800,0
2014-06-10,sh.603699,17.8200,18.1400,17.8000,18.1300,17.9800,1834157,33035210.0000,3,2.223221,1,0.834300,0
2014-06-11,sh.603699,18.1600,18.2200,18.0500,18.1200,18.1300,1920640,34782471.0000,3,2.328048,1,-0.055100,0
2014-06-12,sh.603699,18.0500,18.0600,17.8900,17.9100,18.1200,2103931,37769940.0000,3,2.550219,1,-1.158900,0
2014-06-13,sh.603699,17.9900,18.1600,17.8000,18.1500,17.9100,3986250,71805456.0000,3,4.831818,1,1.340000,0
2014-06-16,sh.603699,18.4000,19.1500,18.3500,18.8900,18.1500,8859842,166359379.0000,3,10.739202,1,4.077100,0
2014-06-17,sh.603699,18.7100,19.0900,18.6100,18.7100,18.8900,5309157,99938743.0000,3,6.435342,1,-0.952900,0
2014-06-18,sh.603699,18.6500,18.9100,18.4200,18.4700,18.7100,4439189,82964343.0000,3,5.380835,1,-1.282700,0
2014-06-19,sh.603699,18.5200,18.9800,18.4000,18.8300,18.4700,6450180,121109163.0000,3,7.818400,1,1.949100,0
2014-06-20,sh.603699,18.8200,20.4900,18.7200,19.7900,18.8300,11054146,216651076.0000,3,13.398965,1,5.098300,0
2014-06-23,sh.603699,19.9000,20.1900,19.5500,19.8300,19.7900,7587456,151105570.0000,3,9.196916,1,0.202100,0
2014-06-24,sh.603699,19.7100,19.9900,19.4000,19.9700,19.8300,5229650,102988850.0000,3,6.338970,1,0.706000,0
2014-06-25,sh.603699,19.9300,20.3100,19.7800,19.8900,19.9700,7232362,145261567.0000,3,8.766499,1,-0.400600,0
2014-06-26,sh.603699,20.0200,20.9900,19.7000,20.5500,19.8900,11179301,229254808.0000,3,13.550668,1,3.318200,0
2014-06-27,sh.603699,20.2600,20.7200,19.6200,20.2100,20.2000,11100868,223928188.0000,3,13.455598,1,0.049500,0
2014-06-30,sh.603699,20.1900,20.1900,19.4400,19.4700,20.2100,8002329,157819080.0000,3,9.699793,1,-3.661600,0
2014-07-01,sh.603699,19.4200,19.7100,19.2400,19.5700,19.4700,5589670,108836683.0000,3,6.775358,1,0.513600,0
2014-07-02,sh.603699,19.6200,19.6300,19.0200,19.1800,19.5700,5995057,115218111.0000,3,7.266736,1,-1.992800,0
2014-07-03,sh.603699,19.2300,19.3300,19.0800,19.2300,19.1800,3704234,71159728.0000,3,4.489981,1,0.260700,0
2014-07-04,sh.603699,19.3000,19.5600,19.2400,19.4000,19.2300,4794104,93163778.0000,3,5.811035,1,0.884000,0
2014-07-07,sh.603699,19.3300,19.4900,18.9000,19.1600,19.4000,3807330,72683174.0000,3,4.614945,1,-1.237100,0
2014-07-08,sh.603699,19.2300,19.3800,18.8900,19.3700,19.1600,3008211,57686210.0000,3,3.646316,1,1.096000,0
2014-07-09,sh.603699,19.2800,19.4700,18.8000,18.8100,19.3700,3650915,69885121.0000,3,4.425352,1,-2.891100,0
2014-07-10,sh.603699,18.7100,18.9700,18.7000,18.7500,18.8100,3064840,57668944.0000,3,3.714958,1,-0.319000,0
2014-07-11,sh.603699,18.7700,19.0900,18.7000,19.0200,18.7500,2452351,46509745.0000,3,2.972547,1,1.440000,0
2014-07-14,sh.603699,19.0300,19.1300,18.8100,19.1100,19.0200,2453228,46627790.0000,3,2.973610,1,0.473200,0
2014-07-15,sh.603699,19.1800,19.1800,18.7000,18.7400,19.1100,2885174,54361856.0000,3,3.497181,1,-1.936200,0
2014-07-16,sh.603699,18.7200,18.7300,18.2800,18.3800,18.7400,3137587,58056472.0000,3,3.803136,1,-1.921000,0
2014-07-17,sh.603699,18.3500,18.5400,18.2600,18.5200,18.3800,1888996,34723915.0000,3,2.289692,1,0.761700,0
2014-07-18,sh.603699,18.4700,18.6100,18.3700,18.4300,18.5200,1811326,33507287.0000,3,2.195547,1,-0.486000,0
2014-07-21,sh.603699,18.4500,18.5900,18.4000,18.5700,18.4300,1545239,28612710.0000,3,1.873017,1,0.759600,0
2014-07-22,sh.603699,18.6500,18.9700,18.6200,18.9300,18.5700,3512505,66250542.0000,3,4.257582,1,1.938600,0
2014-07-23,sh.603699,18.9400,18.9600,18.5100,18.5400,18.9300,3081282,57531742.0000,3,3.734887,1,-2.060200,0
2014-07-24,sh.603699,18.5000,18.6400,18.2400,18.5700,18.5400,2445732,45208334.0000,3,2.964524,1,0.161800,0
2014-07-25,sh.603699,18.6800,18.8000,18.5600,18.7400,18.5700,1795010,33528255.0000,3,2.175770,1,0.915500,0
2014-07-28,sh.603699,18.7500,19.1800,18.7500,19.1400,18.7400,4894805,93373486.0000,3,5.933097,1,2.134500,0
2014-07-29,sh.603699,19.3000,19.5800,19.1700,19.3200,19.1400,4457190,85872982.0000,3,5.402655,1,0.940400,0
2014-07-30,sh.603699,19.2600,19.4300,19.0700,19.3500,19.3200,4501736,86733101.0000,3,5.456650,1,0.155300,0
2014-07-31,sh.603699,19.8000,19.8000,19.4500,19.4700,19.3500,4093448,80045567.0000,3,4.961755,1,0.620100,0
2014-08-01,sh.603699,19.4000,19.7600,19.0000,19.0800,19.4700,4471189,86722523.0000,3,5.419623,1,-2.003100,0
2014-08-04,sh.603699,19.1000,19.4300,19.0700,19.4200,19.0800,3823303,73926797.0000,3,4.634307,1,1.782000,0
2014-08-05,sh.603699,19.4600,19.5900,19.1300,19.5800,19.4200,5206596,101018477.0000,3,6.311025,1,0.823900,0
2014-08-06,sh.603699,19.8600,19.8600,19.4300,19.4500,19.5800,4810835,94247596.0000,3,5.831315,1,-0.663900,0
2014-08-07,sh.603699,19.4300,19.5300,19.2100,19.2200,19.4500,3774353,73005370.0000,3,4.574973,1,-1.182500,0
2014-08-08,sh.603699,19.2900,19.4700,19.2300,19.3900,19.2200,2115957,40952195.0000,3,2.564796,1,0.884500,0
2014-08-11,sh.603699,19.3600,19.6500,19.3000,19.5000,19.3900,3992382,77978582.0000,3,4.839251,1,0.567300,0
2014-08-12,sh.603699,19.5000,19.5700,19.2900,19.3400,19.5000,3450350,66851718.0000,3,4.182242,1,-0.820500,0
2014-08-13,sh.603699,19.3200,19.3400,19.0900,19.2100,19.3400,3501532,67225308.0000,3,4.244281,1,-0.672200,0
2014-08-14,sh.603699,19.2500,19.4700,19.1800,19.2000,19.2100,2702827,52212433.0000,3,3.276154,1,-0.052000,0
2014-08-15,sh.603699,19.2300,19.6300,19.2200,19.5100,19.2000,4543456,88345377.0000,3,5.507219,1,1.614600,0
2014-08-18,sh.603699,19.5500,20.1300,19.4800,20.0800,19.5100,8277107,164099206.0000,3,10.032857,1,2.921600,0
2014-08-19,sh.603699,20.1000,20.1500,19.6500,19.8200,20.0800,4199917,83364024.0000,3,5.090808,1,-1.294800,0
2014-08-20,sh.603699,19.8800,20.1800,19.7800,19.9800,19.8200,4518097,90425362.0000,3,5.476481,1,0.807300,0
2014-08-21,sh.603699,20.0000,20.1100,19.5300,19.6700,19.9800,3704809,73103215.0000,3,4.490678,1,-1.551500,0
2014-08-22,sh.603699,19.7100,20.0900,19.6500,20.0300,19.6700,3564731,70842751.0000,3,4.320886,1,1.830200,0
2014-08-25,sh.603699,20.0300,20.5600,19.8400,20.2400,20.0300,7138070,144723736.0000,3,8.652206,1,1.048400,0
2014-08-26,sh.603699,20.2000,20.2800,19.4000,19.4100,20.2400,5531521,109448884.0000,3,6.704874,1,-4.100800,0
2014-08-27,sh.603699,19.4100,19.5100,19.3000,19.4000,19.4100,2179982,42276098.0000,3,2.642402,1,-0.051500,0
2014-08-28,sh.603699,19.4000,19.7300,19.2900,19.3200,19.4000,2703260,52758811.0000,3,3.276679,1,-0.412400,0
2014-08-29,sh.603699,19.2800,19.4800,19.2200,19.4500,19.3200,2009691,38942257.0000,3,2.435989,1,0.672900,0
2014-09-01,sh.603699,19.4600,19.7300,19.4500,19.6500,19.4500,2484378,48703788.0000,3,3.011367,1,1.028300,0
2014-09-02,sh.603699,19.7800,19.9500,19.6600,19.8800,19.6500,3707120,73424591.0000,3,4.493479,1,1.170500,0
2014-09-03,sh.603699,19.8700,19.9800,19.6800,19.9600,19.8800,4473117,88842997.0000,3,5.421960,1,0.402400,0
2014-09-04,sh.603699,19.9500,20.1500,19.8500,20.1300,19.9600,4830425,96771751.0000,3,5.855061,1,0.851700,0
2014-09-05,sh.603699,20.1200,20.1600,19.9200,20.0900,20.1300,3937449,78819282.0000,3,4.772665,1,-0.198700,0
2014-09-09,sh.603699,20.1500,20.2400,19.9000,19.9400,20.0900,3254030,65059023.0000,3,3.944279,1,-0.746600,0
2014-09-10,sh.603699,19.8600,20.1600,19.8100,20.1300,19.9400,3616176,72475683.0000,3,4.383244,1,0.952900,0
2014-09-11,sh.603699,20.1500,20.7100,20.1500,20.2900,20.1300,8107638,165260999.0000,3,9.827440,1,0.794800,0
2014-09-12,sh.603699,20.3000,20.5800,20.1800,20.5700,20.2900,4822417,98533884.0000,3,5.845354,1,1.380000,0
2014-09-15,sh.603699,20.5500,20.5500,20.2800,20.4700,20.5700,3924601,80145618.0000,3,4.757092,1,-0.486100,0
2014-09-16,sh.603699,20.5400,20.5400,19.6200,19.6600,20.4700,5119789,102687463.0000,3,6.205805,1,-3.957000,0
2014-09-17,sh.603699,19.7000,19.8500,19.5300,19.7800,19.6600,2990263,58812106.0000,3,3.624561,1,0.610400,0
2014-09-18,sh.603699,19.7700,19.8300,19.6100,19.7300,19.7800,2339844,46114688.0000,3,2.836175,1,-0.252800,0
2014-09-19,sh.603699,19.7900,20.0300,19.7000,20.0200,19.7300,2335969,46388585.0000,3,2.831478,1,1.469800,0
2014-09-22,sh.603699,19.8800,19.9400,19.3000,19.4600,20.0200,2697630,52864936.0000,3,3.269855,1,-2.797200,0
2014-09-23,sh.603699,19.4900,19.6700,19.4700,19.6600,19.4600,1670474,32713660.0000,3,2.024817,1,1.027800,0
2014-09-24,sh.603699,19.6100,19.8700,19.5100,19.8600,19.6600,2964135,58609542.0000,3,3.592891,1,1.017300,0
2014-09-25,sh.603699,19.9500,20.4800,19.9500,20.0500,19.8600,5384363,108922471.0000,3,6.526501,1,0.956700,0
2014-09-26,sh.603699,20.1100,20.1800,19.9100,20.0800,20.0500,2467115,49494287.0000,3,2.990442,1,0.149600,0
2014-09-29,sh.603699,20.1900,20.3100,20.1100,20.2600,20.0800,2956230,59737390.0000,3,3.583309,1,0.896400,0
2014-09-30,sh.603699,20.2000,20.4400,20.2000,20.3700,20.2600,3218160,65544669.0000,3,3.900800,1,0.542900,0
2014-10-08,sh.603699,20.4000,20.4300,20.0800,20.2900,20.3700,3940324,79600578.0000,3,4.776150,1,-0.392700,0
2014-10-09,sh.603699,20.3400,20.6500,20.2100,20.4900,20.2900,4854026,99100694.0000,3,5.883668,1,0.985700,0
2014-10-10,sh.603699,20.2400,20.4800,20.1100,20.1600,20.4900,3506415,71087907.0000,3,4.250200,1,-1.610500,0
2014-10-13,sh.603699,20.0900,20.0900,19.8100,20.0400,20.1600,2809367,56051285.0000,3,3.405293,1,-0.595200,0
2014-10-14,sh.603699,20.0400,20.4700,20.0400,20.2300,20.0400,3855250,78261303.0000,3,4.673030,1,0.948100,0
2014-10-15,sh.603699,20.3700,20.3700,19.9100,20.3000,20.2300,3103130,62654385.0000,3,3.761370,1,0.346000,0
2014-10-16,sh.603699,20.1000,20.4600,20.0300,20.0800,20.3000,3645145,73854070.0000,3,4.418358,1,-1.083700,0
2014-10-17,sh.603699,19.8800,21.8800,19.7000,21.0800,20.0800,9822469,204318437.0000,3,11.906023,1,4.980100,0
2014-10-20,sh.603699,21.0600,21.3700,20.9700,21.2000,21.0800,6700919,142083591.0000,3,8.122326,1,0.569300,0
2014-10-21,sh.603699,21.1400,22.3100,21.0200,21.5700,21.2000,9707601,211568799.0000,3,11.766789,1,1.745300,0
2014-10-22,sh.603699,21.4100,22.0800,21.3900,21.8100,21.5700,8281893,180665346.0000,3,10.038658,1,1.112700,0
2014-10-23,sh.603699,21.7700,22.3100,20.8500,21.4900,21.8100,6961016,149097861.0000,3,8.437595,1,-1.467200,0
2014-10-24,sh.603699,21.3200,21.6800,20.9000,21.0600,21.4900,4273031,90564597.0000,3,5.179432,1,-2.000900,0
2014-10-27,sh.603699,21.0100,21.2300,20.6000,21.1400,21.0600,3297739,69019447.0000,3,3.997259,1,0.379900,0
2014-10-28,sh.603699,21.2100,22.3800,21.2100,22.3400,21.1400,8929021,196200294.0000,3,10.823056,1,5.676400,0
2014-10-29,sh.603699,22.3700,22.5200,22.0600,22.3400,22.3400,9154057,203657087.0000,3,11.095827,1,0.000000,0
2014-10-30,sh.603699,22.3400,22.6000,21.8700,21.9100,22.3400,7036848,156119746.0000,3,8.529513,1,-1.924800,0
2014-10-31,sh.603699,22.0500,22.2800,21.6700,22.2200,21.9100,6237890,137067090.0000,3,7.561079,1,1.414900,0
2014-11-03,sh.603699,22.2600,22.4400,21.8900,21.9900,22.2200,4501762,99521771.0000,3,5.456681,1,-1.035100,0
2014-11-04,sh.603699,21.8600,22.2000,21.4200,22.1800,21.9900,5713519,124230563.0000,3,6.925478,1,0.864000,0
2014-11-05,sh.603699,22.0500,22.9700,21.9300,22.4800,22.1800,8061962,181550167.0000,3,9.772075,1,1.352600,0
2014-11-06,sh.603699,22.5800,23.8500,22.3300,23.4500,22.4800,11770869,272398304.0000,3,14.267720,1,4.315000,0
2014-11-07,sh.603699,23.3900,23.7700,22.6100,22.8100,23.4500,10552346,244642288.0000,3,12.790722,1,-2.729200,0
2014-11-10,sh.603699,22.6500,23.9800,22.5000,23.9000,22.8100,9421263,219173850.0000,3,11.419713,1,4.778600,0
2014-11-11,sh.603699,23.9000,23.9000,22.4900,22.8400,23.9000,8435304,195024184.0000,3,10.224611,1,-4.435100,0
2014-11-12,sh.603699,22.9300,23.4600,22.6300,23.4100,22.8400,6225615,144498767.0000,3,7.546200,1,2.495600,0
2014-11-13,sh.603699,23.1700,23.3900,22.4200,22.4900,23.4100,6704753,153129533.0000,3,8.126973,1,-3.929900,0
2014-11-14,sh.603699,22.2100,22.3800,21.1900,21.3400,22.4900,6849853,148686753.0000,3,8.302852,1,-5.113400,0
2014-11-17,sh.603699,21.2700,21.9600,21.1800,21.5300,21.3400,4088122,88653451.0000,3,4.955299,1,0.890300,0
2014-11-18,sh.603699,21.5600,21.9800,21.5000,21.8700,21.5300,3476159,75671467.0000,3,4.213526,1,1.579200,0
2014-11-19,sh.603699,21.8800,21.9300,21.4300,21.6000,21.8700,3209644,69356307.0000,3,3.890478,1,-1.234600,0
2014-11-20,sh.603699,21.5000,21.9500,21.4400,21.8300,21.6000,3024563,66007247.0000,3,3.666137,1,1.064800,0
2014-11-21,sh.603699,21.6800,22.5000,21.6700,22.2200,21.8300,4729158,104769961.0000,3,5.732313,1,1.786500,0
2014-11-24,sh.603699,22.4000,22.5700,21.9300,22.2400,22.2200,5703695,126652404.0000,3,6.913570,1,0.090000,0
2014-11-25,sh.603699,22.2400,22.4800,22.0600,22.3500,22.2400,4286762,95289587.0000,3,5.196075,1,0.494600,0
2014-11-26,sh.603699,22.4400,22.6900,22.0000,22.2500,22.3500,4146083,92567432.0000,3,5.025555,1,-0.447400,0
2014-11-27,sh.603699,22.3000,22.3900,21.9200,22.1300,22.2500,4972705,110144740.0000,3,6.027521,1,-0.539300,0
2014-11-28,sh.603699,22.1400,22.1900,21.4800,21.6700,22.1300,5616265,121971305.0000,3,6.807594,1,-2.078600,0
2014-12-01,sh.603699,21.6400,21.9800,21.3500,21.8900,21.6700,4368641,94795092.0000,3,5.295322,1,1.015200,0
2014-12-02,sh.603699,21.8600,22.3300,21.7500,22.2100,21.8900,4638067,102719931.0000,3,5.621899,1,1.461900,0
2014-12-03,sh.603699,22.3000,22.4600,21.8500,22.4400,22.2100,5589621,123830169.0000,3,6.775298,1,1.035600,0
2014-12-04,sh.603699,22.4400,22.9000,22.3200,22.7500,22.4400,6326941,142936502.0000,3,7.669019,1,1.381500,0
2014-12-05,sh.603699,23.1000,23.5000,21.8600,22.5000,22.7500,9906130,226854324.0000,3,12.007430,1,-1.098900,0
2014-12-08,sh.603699,22.1100,23.2500,21.8000,22.6300,22.5000,6467099,145352953.0000,3,7.838908,1,0.577800,0
2014-12-09,sh.603699,22.3500,22.5000,21.2800,21.3000,22.6300,6065895,132785964.0000,3,7.352600,1,-5.877200,0
2014-12-10,sh.603699,21.2300,21.9100,21.2100,21.7700,21.3000,3496205,75657165.0000,3,4.237824,1,2.206600,0
2014-12-11,sh.603699,21.6700,22.1700,21.5900,22.0100,21.7700,3721989,81193458.0000,3,4.511502,1,1.102400,0
2014-12-12,sh.603699,21.9800,22.0900,21.6300,21.7700,22.0100,3454897,75382274.0000,3,4.187754,1,-1.090400,0
2014-12-15,sh.603699,21.8900,22.1000,21.7700,22.0900,21.7700,4754406,104479509.0000,3,5.762916,1,1.469900,0
2014-12-16,sh.603699,22.0900,22.3000,21.7000,21.7500,22.0900,4685664,102858295.0000,3,5.679593,1,-1.539200,0
2014-12-17,sh.603699,21.6500,21.8800,21.2000,21.2500,21.7500,5060714,108567315.0000,3,6.134199,1,-2.298900,0
2014-12-18,sh.603699,21.5100,21.7800,21.3000,21.4800,21.2500,3911599,84280027.0000,3,4.741332,1,1.082400,0
2014-12-19,sh.603699,21.3900,21.3900,20.5500,20.7500,21.4800,5867266,122016360.0000,3,7.111838,1,-3.398500,0
2014-12-22,sh.603699,20.6500,20.7500,19.0300,19.3000,20.7500,5994053,118047248.0000,3,7.265519,1,-6.988000,0
2014-12-23,sh.603699,19.1800,19.7500,19.1500,19.3000,19.3000,2581906,50310490.0000,3,3.129583,1,0.000000,0
2014-12-24,sh.603699,19.5100,19.8300,19.5100,19.7500,19.3000,2466770,48583589.0000,3,2.990024,1,2.331600,0
2014-12-25,sh.603699,19.8900,20.0000,19.7000,19.8500,19.7500,2480153,49097150.0000,3,3.006246,1,0.506300,0
2014-12-26,sh.603699,19.8500,19.8500,19.5700,19.8200,19.8500,2416208,47676798.0000,3,2.928737,1,-0.151100,0
2014-12-29,sh.603699,19.7700,19.8100,19.2300,19.2700,19.8200,3386225,65724323.0000,3,4.104515,1,-2.775000,0
2014-12-30,sh.603699,19.4400,19.4400,19.0700,19.1900,19.2700,2037518,39138864.0000,3,2.469719,1,-0.415200,0
2014-12-31,sh.603699,19.1800,19.6000,19.1800,19.4400,19.1900,2342823,45405087.0000,3,2.839785,1,1.302800,0
2015-01-05,sh.603699,19.3800,19.7600,19.1000,19.7300,19.4400,3408316,66386619.0000,3,4.131292,1,1.491800,0
2015-01-06,sh.603699,19.6500,20.2000,19.5200,20.0900,19.7300,3917898,77648709.0000,3,4.748967,1,1.824600,0
2015-01-07,sh.603699,20.0600,20.4300,19.8000,20.2700,20.0900,5548337,111775161.0000,3,6.725257,1,0.896000,0
2015-01-08,sh.603699,20.1800,20.4000,19.8400,19.9600,20.2700,3998373,80243129.0000,3,4.846513,1,-1.529400,0
2015-01-09,sh.603699,19.9000,20.0800,19.7300,19.7500,19.9600,2880153,57416448.0000,3,3.491095,1,-1.052100,0
2015-01-12,sh.603699,19.6200,19.6200,19.0500,19.2300,19.7500,2497310,48274053.0000,3,3.027042,1,-2.632900,0
2015-01-13,sh.603699,19.2700,19.6200,19.2100,19.5600,19.2300,1631440,31761850.0000,3,1.977503,1,1.716100,0
2015-01-14,sh.603699,19.5700,19.6500,19.3100,19.4700,19.5600,1346334,26248336.0000,3,1.631920,1,-0.460100,0
2015-01-15,sh.603699,19.5200,19.6800,19.4000,19.6300,19.4700,1617929,31642881.0000,3,1.961126,1,0.821800,0
2015-01-16,sh.603699,19.8400,20.2700,19.8300,20.1500,19.6300,3768197,75837744.0000,3,4.567512,1,2.649000,0
2015-01-19,sh.603699,19.7600,20.3900,19.2200,19.5500,20.1500,3421317,68045213.0000,3,2.207301,1,-2.977700,0
2015-01-20,sh.603699,19.5800,20.1700,19.5800,20.0700,19.5500,3437907,68723653.0000,3,2.218005,1,2.659800,0
2015-01-21,sh.603699,20.0200,20.4000,20.0100,20.2600,20.0700,5730881,116130441.0000,3,3.697343,1,0.946700,0
2015-01-22,sh.603699,20.2900,20.5600,20.2500,20.4300,20.2600,4389937,89613367.0000,3,2.832217,1,0.839100,0
2015-01-23,sh.603699,20.5000,20.5400,20.0700,20.1500,20.4300,4462462,90551715.0000,3,2.879008,1,-1.370500,0
2015-01-26,sh.603699,20.0900,20.3200,20.0900,20.2900,20.1500,5102041,103027625.0000,3,3.291639,1,0.694800,0
2015-01-27,sh.603699,20.3000,20.5700,20.0700,20.2400,20.2900,6449005,131091033.0000,3,4.160648,1,-0.246400,0
2015-01-28,sh.603699,20.2000,20.4100,20.1200,20.2700,20.2400,4624394,93889435.0000,3,2.983480,1,0.148200,0
2015-01-29,sh.603699,20.0300,20.2200,19.8100,19.9200,20.2700,4193881,83683712.0000,3,2.705730,1,-1.726700,0
2015-01-30,sh.603699,19.9000,20.1300,19.6100,19.6200,19.9200,2858760,56465535.0000,3,1.844361,1,-1.506000,0
2015-02-02,sh.603699,19.5000,19.8300,19.4200,19.6600,19.6200,2508719,49364914.0000,3,1.618528,1,0.203900,0
2015-02-03,sh.603699,19.8400,19.8800,19.5700,19.8400,19.6600,2001889,39532138.0000,3,1.291541,1,0.915600,0
2015-02-04,sh.603699,19.8400,19.9000,19.7300,19.7900,19.8400,2406456,47656689.0000,3,1.552552,1,-0.252000,0
2015-02-05,sh.603699,19.9400,19.9500,19.4000,19.4400,19.7900,2613410,51429469.0000,3,1.686071,1,-1.768600,0
2015-02-06,sh.603699,19.4400,19.6800,19.2200,19.2700,19.4400,2207998,42895772.0000,3,1.424515,1,-0.874500,0
2015-02-09,sh.603699,19.2700,19.4900,19.1400,19.2300,19.2700,1334755,25709984.0000,3,0.861132,1,-0.207600,0
2015-02-10,sh.603699,19.2400,19.3200,19.1800,19.2800,19.2300,1904867,36651132.0000,3,1.228946,1,0.260000,0
2015-02-11,sh.603699,19.3000,19.4600,19.2500,19.4300,19.2800,1691936,32766998.0000,3,1.091572,1,0.778000,0
2015-02-12,sh.603699,19.4500,19.7100,19.4100,19.5900,19.4300,1632858,31942046.0000,3,1.053457,1,0.823500,0
2015-02-13,sh.603699,19.8000,20.3500,19.7500,20.1600,19.5900,5268318,106045915.0000,3,3.398915,1,2.909600,0
2015-02-16,sh.603699,20.2000,20.3300,20.0000,20.2200,20.1600,3571653,72093857.0000,3,2.304292,1,0.297600,0
2015-02-17,sh.603699,20.2300,20.3100,20.1000,20.2100,20.2200,2260009,45659605.0000,3,1.458070,1,-0.049500,0
2015-02-25,sh.603699,20.1800,20.2600,20.0000,20.1600,20.2100,1919565,38643837.0000,3,1.238429,1,-0.247400,0
2015-02-26,sh.603699,20.2000,20.4400,20.0700,20.4100,20.1600,4471631,90803036.0000,3,2.884923,1,1.240100,0
2015-02-27,sh.603699,20.3400,20.4500,20.2300,20.2700,20.4100,3298344,66985554.0000,3,2.127964,1,-0.685900,0
2015-03-02,sh.603699,20.3000,20.6800,20.2200,20.6600,20.2700,5487758,111972617.0000,3,3.540489,1,1.924000,0
2015-03-03,sh.603699,20.5000,21.2500,20.4300,20.8100,20.6600,8252121,172410515.0000,3,5.323949,1,0.726000,0
2015-03-04,sh.603699,20.8500,21.2200,20.6300,20.8800,20.8100,6074210,126958181.0000,3,3.918845,1,0.336400,0
2015-03-05,sh.603699,20.9400,20.9700,20.6500,20.8500,20.8800,4134435,85917018.0000,3,2.667377,1,-0.143700,0
2015-03-06,sh.603699,20.8300,20.9300,20.4900,20.5000,20.8500,3477306,71831824.0000,3,2.243423,1,-1.678700,0
2015-03-09,sh.603699,20.4100,20.7100,20.2500,20.7000,20.5000,3053940,62668871.0000,3,1.970284,1,0.975600,0
2015-03-10,sh.603699,20.6300,20.8900,20.5800,20.8000,20.7000,3361170,69803847.0000,3,2.168497,1,0.483100,0
2015-03-11,sh.603699,20.7700,20.9400,20.4500,20.5600,20.8000,4057148,83908050.0000,3,2.617515,1,-1.153800,0
2015-03-12,sh.603699,20.6500,20.7200,20.3000,20.4200,20.5600,3388734,69328407.0000,3,2.186280,1,-0.680900,0
2015-03-13,sh.603699,20.5700,20.7300,20.4500,20.7100,20.4200,2956035,60756864.0000,3,1.907119,1,1.420200,0
2015-03-16,sh.603699,21.0200,21.4900,20.9000,21.4100,20.7100,7410838,157036502.0000,3,4.781186,1,3.380000,0
2015-03-17,sh.603699,21.5000,21.7700,21.2000,21.4400,21.4100,7710097,165587774.0000,3,4.974256,1,0.140100,0
2015-03-18,sh.603699,21.4100,21.7500,21.3700,21.7300,21.4400,5801273,125403288.0000,3,3.742757,1,1.352600,0
2015-03-19,sh.603699,21.7100,21.9500,21.5300,21.7400,21.7300,6313934,137334220.0000,3,4.073506,1,0.046000,0
2015-03-20,sh.603699,21.6900,21.8400,21.6000,21.7700,21.7400,4868506,105699745.0000,3,3.140972,1,0.138000,0
2015-03-23,sh.603699,21.9800,22.3000,21.8000,22.0000,21.7700,7978277,175429731.0000,3,5.147275,1,1.056500,0
2015-03-24,sh.603699,22.0000,22.0800,21.3500,21.6900,22.0000,8235879,178399693.0000,3,5.313470,1,-1.409100,0
2015-03-25,sh.603699,21.6100,22.9700,21.4700,22.6400,21.6900,13462830,302011392.0000,3,8.685697,1,4.379900,0
2015-03-26,sh.603699,22.5000,23.3300,22.3000,22.6300,22.6400,9367500,213327543.0000,3,6.043548,1,-0.044200,0
2015-03-27,sh.603699,22.6300,23.2000,22.4900,22.7800,22.6300,7025244,160391667.0000,3,4.532415,1,0.662800,0
2015-03-30,sh.603699,23.0000,23.4600,22.7800,23.1300,22.7800,11501805,265755539.0000,3,7.420519,1,1.536400,0
2015-03-31,sh.603699,23.1300,23.5000,22.8000,22.8600,23.1300,8289161,191688428.0000,3,5.347846,1,-1.167300,0
2015-04-01,sh.603699,22.8700,23.3500,22.7100,23.1000,22.8600,9580424,220572922.0000,3,6.180919,1,1.049900,0
2015-04-02,sh.603699,23.2900,23.3000,22.8100,23.0800,23.1000,10340700,237993034.0000,3,6.671419,1,-0.086600,0
2015-04-03,sh.603699,22.9000,23.9700,22.8100,23.8000,23.0800,15876915,373081344.0000,3,10.243171,1,3.119600,0
2015-04-07,sh.603699,23.8200,25.0100,23.6000,24.4400,23.8000,14176563,344352176.0000,3,9.146170,1,2.689100,0
2015-04-08,sh.603699,24.3200,24.4700,23.6200,23.8200,24.4400,12203055,292964416.0000,3,7.872939,1,-2.536800,0
2015-04-09,sh.603699,24.2500,25.5500,24.1500,24.7000,23.8200,21726253,538147856.0000,3,14.016937,1,3.694400,0
2015-04-10,sh.603699,24.5000,25.2800,24.3900,25.1400,24.7000,17725507,438915872.0000,3,11.435811,1,1.781400,0
2015-04-13,sh.603699,25.2400,25.5500,24.7300,25.1900,25.1400,13314948,335060688.0000,3,8.590289,1,0.198900,0
2015-04-14,sh.603699,25.1500,25.5400,24.8000,25.2500,25.1900,10823534,272066816.0000,3,6.982925,1,0.238200,0
2015-04-15,sh.603699,25.2100,25.2100,23.8100,23.8200,25.2500,11070637,269789904.0000,3,7.142346,1,-5.663400,0
2015-04-16,sh.603699,23.9800,25.0400,23.8600,24.6100,23.8200,13247546,325061024.0000,3,8.546804,1,3.316500,0
2015-04-17,sh.603699,24.8300,25.1800,24.0600,24.2000,24.6100,14558668,356205168.0000,3,9.392689,1,-1.666000,0
2015-04-20,sh.603699,24.1000,24.3000,23.5300,23.6000,24.2000,13199352,314442496.0000,3,8.515711,1,-2.479300,0
2015-04-21,sh.603699,23.5900,24.2600,23.5500,24.2400,23.6000,9485267,226757608.0000,3,6.119527,1,2.711900,0
2015-04-22,sh.603699,24.4600,24.9900,24.0000,24.8000,24.2400,16145630,397304944.0000,3,10.416535,1,2.310200,0
2015-04-23,sh.603699,25.1100,25.4900,24.6800,24.9000,24.8000,14354593,359524944.0000,3,9.261028,1,0.403200,0
2015-04-24,sh.603699,24.4200,24.8400,24.2600,24.6000,24.9000,10009264,245062241.0000,3,6.457590,1,-1.204800,0
2015-04-27,sh.603699,24.7500,27.0000,24.7500,26.1400,24.6000,19596812,510692480.0000,3,12.643105,1,6.260200,0
2015-04-28,sh.603699,26.0900,26.3400,24.9800,25.3500,26.1400,12548985,319927440.0000,3,8.096119,1,-3.022200,0
2015-04-29,sh.603699,25.1000,26.1100,25.0000,25.5900,25.3500,10867955,278464016.0000,3,7.011584,1,0.946700,0
2015-04-30,sh.603699,25.7600,25.9300,25.0500,25.0800,25.5900,8280137,210151675.0000,3,5.342024,1,-1.993000,0
2015-05-04,sh.603699,24.9100,25.1700,24.5200,24.7900,25.0800,7670189,189806795.0000,3,4.948509,1,-1.156300,0
2015-05-05,sh.603699,24.7400,24.8200,23.5500,23.6800,24.7900,8569174,207854480.0000,3,5.528499,1,-4.477600,0
2015-05-06,sh.603699,23.8000,24.1700,22.9000,23.0700,23.6800,7566593,179095783.0000,3,4.881673,1,-2.576000,0
2015-05-07,sh.603699,23.1400,23.4200,23.0100,23.0900,23.0700,5847872,135623054.0000,3,3.772821,1,0.086700,0
2015-05-08,sh.603699,23.4100,23.8600,23.1700,23.7600,23.0900,6388767,149717481.0000,3,4.121785,1,2.901700,0
2015-05-11,sh.603699,24.0800,24.4300,23.6800,24.4200,23.7600,8982805,216334410.0000,3,5.795358,1,2.777800,0
2015-05-12,sh.603699,24.4300,25.1500,24.3200,24.7900,24.4200,10802889,267724154.0000,3,6.969606,1,1.515200,0
2015-05-13,sh.603699,24.7900,25.0000,24.4300,24.5700,24.7900,8176417,201407020.0000,3,5.275108,1,-0.887500,0
2015-05-14,sh.603699,24.8000,25.9000,24.5700,25.5500,24.5700,15126197,383255616.0000,3,9.758837,1,3.988600,0
2015-05-15,sh.603699,25.5400,25.5400,24.5500,24.7800,25.5500,11552268,288038832.0000,3,7.453076,1,-3.013700,0
2015-05-18,sh.603699,24.7900,27.2600,24.7800,27.2600,24.7800,24746889,651502240.0000,3,15.965735,1,10.008100,0
2015-05-19,sh.603699,27.5200,27.6900,26.6800,27.4000,27.2600,20352795,553784368.0000,3,13.130835,1,0.513600,0
2015-05-20,sh.603699,27.8500,29.7900,27.3100,27.3900,27.4000,19371455,548313552.0000,3,12.497713,1,-0.036500,0
2015-05-21,sh.603699,27.5000,28.3100,27.3100,28.1500,27.3900,13947729,388690192.0000,3,8.998535,1,2.774700,0
2015-05-22,sh.603699,28.5000,28.9400,27.7000,28.6400,28.1500,16813160,476540000.0000,3,10.847200,1,1.740700,0
2015-05-25,sh.603699,28.6400,29.8500,28.5000,29.4800,28.6400,17051109,500343952.0000,3,11.000715,1,2.933000,0
2015-05-26,sh.603699,29.6900,30.9600,29.1200,30.3700,29.4800,17443564,525368880.0000,3,11.253912,1,3.019000,0
2015-05-27,sh.603699,30.3400,33.4100,29.5000,33.4100,30.3700,24759894,781086432.0000,3,15.974125,1,10.009900,0
2015-05-28,sh.603699,34.6600,36.3400,31.1100,31.9800,33.4100,34937998,1216469312.0000,3,22.540644,1,-4.280200,0
2015-05-29,sh.603699,32.5200,33.4100,30.2200,32.2900,31.9800,22417548,722468864.0000,3,14.462934,1,0.969400,0
2015-06-01,sh.603699,33.1000,34.2000,32.3500,34.1700,32.2900,19123904,643968608.0000,3,12.338003,1,5.822200,0
2015-06-02,sh.603699,35.6000,35.6000,33.7100,35.2400,34.1700,19754668,685935264.0000,3,12.744947,1,3.131400,0
2015-06-03,sh.603699,35.2500,35.3300,33.5100,33.8100,35.2400,16114222,549937888.0000,3,10.396272,1,-4.057900,0
2015-06-04,sh.603699,33.8100,33.9000,30.4300,32.5400,33.8100,16711432,533839744.0000,3,10.781569,1,-3.756300,0
2015-06-05,sh.603699,32.9000,33.5000,31.8500,32.6900,32.5400,14535586,476642288.0000,3,9.377797,1,0.461000,0
2015-06-08,sh.603699,32.8400,32.8800,31.1000,31.7900,32.6900,12979532,414022240.0000,3,8.373892,1,-2.753100,0
2015-06-09,sh.603699,31.7500,34.5800,31.4600,34.2400,31.7900,16016186,526356256.0000,3,10.333023,1,7.706800,0
2015-06-10,sh.603699,33.2300,33.7800,32.6000,33.0700,34.2400,13621245,453060816.0000,3,8.787900,1,-3.417100,0
2015-06-11,sh.603699,32.9800,33.1700,32.5100,32.8000,33.0700,10058902,329471072.0000,3,6.489614,1,-0.816500,0
2015-06-12,sh.603699,32.9500,33.8000,32.8000,33.3800,32.8000,13660307,457266576.0000,3,8.813101,1,1.768300,0
2015-06-15,sh.603699,33.3900,34.2900,32.8800,33.0500,33.3800,12067021,405315488.0000,3,7.785175,1,-0.988600,0
2015-06-16,sh.603699,33.2100,33.9000,32.5100,32.9000,33.0500,14766507,490618224.0000,3,9.526779,1,-0.453900,0
2015-06-17,sh.603699,32.5000,32.6800,30.0500,31.6800,32.9000,14607329,456037920.0000,3,9.424083,1,-3.708200,0
2015-06-18,sh.603699,31.1500,31.9400,29.5900,29.6200,31.6800,9269416,286422816.0000,3,5.980268,1,-6.502500,0
2015-06-19,sh.603699,29.2000,29.2000,26.8800,27.0300,29.6200,8960112,252655604.0000,3,5.780717,1,-8.744100,0
2015-06-23,sh.603699,27.3000,27.8800,25.7900,27.7200,27.0300,8738611,235770751.0000,3,5.637814,1,2.552700,0
2015-06-24,sh.603699,28.0400,28.7500,27.7700,28.4000,27.7200,9153867,258800414.0000,3,5.905721,1,2.453100,0
2015-06-25,sh.603699,28.4000,28.4500,26.7000,26.8300,28.4000,8149406,226021788.0000,3,5.257681,1,-5.528200,0
2015-06-26,sh.603699,26.0800,26.0800,24.1500,24.1800,26.8300,12083500,302834384.0000,3,7.795806,1,-9.877000,0
2015-06-29,sh.603699,25.1000,25.1100,22.0100,22.8800,24.1800,11484116,271064416.0000,3,7.409107,1,-5.376300,0
2015-06-30,sh.603699,22.7800,25.0000,22.3000,24.9900,22.8800,11301326,267655734.0000,3,7.291178,1,9.222000,0
2015-07-01,sh.603699,24.9000,26.0300,24.0000,24.1700,24.9900,12743970,322072160.0000,3,8.221916,1,-3.281300,0
2015-07-02,sh.603699,24.3600,24.4700,22.0000,22.2900,24.1700,11267530,260646771.0000,3,7.269374,1,-7.778200,0
2015-07-03,sh.603699,21.5000,22.8900,20.1000,20.9500,22.2900,9997626,213939926.0000,3,6.450081,1,-6.011700,0
2015-07-06,sh.603699,23.0000,23.0500,19.8000,21.8600,20.9500,13614953,293425232.0000,3,8.783841,1,4.343700,0
2015-07-07,sh.603699,21.0000,21.5000,19.6700,19.6800,21.8600,11445324,229653363.0000,3,7.384080,1,-9.972600,0
2015-07-08,sh.603699,17.7100,19.1000,17.7100,18.5400,19.6800,22060816,404823856.0000,3,14.232785,1,-5.792700,0
2015-07-09,sh.603699,18.5600,20.3900,18.5500,20.3900,18.5400,8769764,174112325.0000,3,5.657912,1,9.978400,0
2015-07-10,sh.603699,21.6000,22.4300,20.4500,22.4300,20.3900,10496435,233035245.0000,3,6.771894,1,10.004900,0
2015-07-13,sh.603699,23.3000,24.6700,21.5200,24.6700,22.4300,22115062,528761408.0000,3,14.267782,1,9.986600,0
2015-07-14,sh.603699,23.1000,24.7900,22.8800,23.0900,24.2700,16872872,399702400.0000,3,10.885724,1,-4.862000,0
2015-07-15,sh.603699,22.6000,22.6000,20.7800,20.7800,23.0900,11914116,256903524.0000,3,7.686526,1,-10.004300,0
2015-07-16,sh.603699,20.7800,21.8400,19.2600,21.2200,20.7800,7958814,167669699.0000,3,5.134719,1,2.117400,0
2015-07-17,sh.603699,21.5000,22.8500,21.2200,22.6000,21.2200,7548081,167152347.0000,3,4.869730,1,6.503300,0
2015-07-20,sh.603699,22.4000,23.4600,22.0000,22.8300,22.6000,8466376,194098344.0000,3,5.462178,1,1.017700,0
2015-07-21,sh.603699,22.5400,23.5000,22.2100,23.0400,22.8300,6080937,139358924.0000,3,3.923185,1,0.919800,0
2015-07-22,sh.603699,22.8500,23.3700,22.3700,22.9000,23.0400,6901023,157931525.0000,3,4.452273,1,-0.607600,0
2015-07-23,sh.603699,22.9500,23.9900,22.8500,23.8200,22.9000,10417109,245051696.0000,3,6.720715,1,4.017500,0
2015-07-24,sh.603699,23.6800,24.2200,22.9000,23.0500,23.8200,11868155,281152688.0000,3,7.656874,1,-3.232600,0
2015-07-27,sh.603699,22.7900,23.0500,20.7500,20.7500,23.0500,8956668,197165440.0000,3,5.778495,1,-9.978300,0
2015-07-28,sh.603699,19.9800,22.8300,19.0000,22.8300,20.7500,17119903,361580432.0000,3,11.045099,1,10.024100,0
2015-07-29,sh.603699,23.8000,25.1100,23.5000,25.1100,22.8300,21427127,521769568.0000,3,13.823953,1,9.986900,0
2015-07-30,sh.603699,25.0900,26.2600,23.6800,23.9500,25.1100,22767455,575367136.0000,3,14.688681,1,-4.619700,0
2015-07-31,sh.603699,23.7700,25.5300,23.5000,25.3500,23.9500,16514401,406566512.0000,3,10.654452,1,5.845500,0
2015-08-03,sh.603699,24.7000,25.6000,23.1100,23.9000,25.3500,11853346,286484400.0000,3,7.647320,1,-5.719900,0
2015-08-04,sh.603699,23.5600,26.0000,23.1200,25.7800,23.9000,14138823,347005792.0000,3,9.121821,1,7.866100,0
2015-08-05,sh.603699,25.2100,25.6500,24.6500,24.7800,25.7800,11236965,282491808.0000,3,7.249655,1,-3.879000,0
2015-08-06,sh.603699,24.0000,25.3600,23.9100,24.3100,24.7800,7466296,183030625.0000,3,4.816965,1,-1.896700,0
2015-08-07,sh.603699,24.4500,25.0800,24.3100,24.5900,24.3100,7560471,186719208.0000,3,4.877723,1,1.151800,0
2015-08-10,sh.603699,24.9900,26.0000,24.6800,25.7400,24.5900,11475948,291629648.0000,3,7.403837,1,4.676700,0
2015-08-11,sh.603699,25.4000,27.1000,25.3200,26.1300,25.7400,14478315,380439616.0000,3,9.340848,1,1.515100,0
2015-08-12,sh.603699,25.6800,26.1300,25.0000,25.0200,26.1300,7924414,203140302.0000,3,5.112525,1,-4.248000,0
2015-08-13,sh.603699,25.0000,25.9000,24.8000,25.8500,25.0200,6682543,169028661.0000,3,4.311318,1,3.317300,0
2015-08-14,sh.603699,26.0500,26.8400,25.4400,25.4600,25.8500,8601988,225093532.0000,3,5.549670,1,-1.508700,0
2015-08-17,sh.603699,25.2600,25.5800,24.1800,25.0700,25.4600,8948268,222511487.0000,3,5.773076,1,-1.531800,0
2015-08-18,sh.603699,25.2800,25.4500,22.5600,22.5600,25.0700,11038597,265799242.0000,3,7.121675,1,-10.012000,0
2015-08-19,sh.603699,22.2200,23.6200,21.0500,23.3300,22.5600,8480583,189691322.0000,3,5.471344,1,3.413100,0
2015-08-20,sh.603699,23.1400,23.1400,22.1100,22.1400,23.3300,5879927,132977208.0000,3,3.793501,1,-5.100700,0
2015-08-21,sh.603699,21.5600,22.4500,20.9900,21.0300,22.1400,5456407,117704618.0000,3,3.520263,1,-5.013500,0
2015-08-24,sh.603699,19.8500,20.7500,18.9300,18.9300,21.0300,5995777,115341022.0000,3,3.868243,1,-9.985700,0
2015-08-25,sh.603699,17.2500,18.6900,17.0400,17.1400,18.9300,9265255,161706238.0000,3,5.977584,1,-9.455900,0
2015-08-26,sh.603699,17.9000,18.6500,17.1000,17.7200,17.1400,7657051,136852213.0000,3,4.940033,1,3.383900,0
2015-08-27,sh.603699,18.2100,19.0000,17.7000,18.7000,17.7200,5739482,105054372.0000,3,3.702892,1,5.530500,0
2015-08-28,sh.603699,18.9800,20.0500,18.2900,19.8800,18.7000,10248499,194597794.0000,3,6.611935,1,6.310200,0
2015-08-31,sh.603699,19.5000,19.5000,18.6000,18.6700,19.8800,6369803,120531789.0000,3,4.109550,1,-6.086500,0
2015-09-01,sh.603699,18.3500,18.3500,17.1000,17.2700,18.6700,5730626,100610890.0000,3,3.697178,1,-7.498700,0
2015-09-02,sh.603699,16.8500,18.4700,16.5100,18.2800,17.2700,9083820,162477096.0000,3,5.860529,1,5.848300,0
2015-09-07,sh.603699,18.2500,19.2700,17.8800,18.1900,18.2800,4949940,92592905.0000,3,3.193510,1,-0.492300,0
2015-09-08,sh.603699,18.0100,19.0800,17.9600,18.9800,18.1900,3946367,73176900.0000,3,2.546043,1,4.343000,0
2015-09-09,sh.603699,19.0600,19.6400,18.9000,19.4100,18.9800,6542254,126350836.0000,3,4.220809,1,2.265500,0
2015-09-10,sh.603699,19.0000,19.7800,18.8900,19.0200,19.4100,5459184,105199822.0000,3,3.522054,1,-2.009300,0
2015-09-11,sh.603699,18.9700,19.2100,18.5800,18.9400,19.0200,3216562,60918293.0000,3,2.075201,1,-0.420600,0
2015-09-14,sh.603699,18.9800,19.0900,17.0500,17.1000,18.9400,5402800,95927627.0000,3,3.485677,1,-9.714900,0
2015-09-15,sh.603699,16.9000,17.4700,16.6800,16.8400,17.1000,4242879,72608445.0000,3,2.737341,1,-1.520500,0
2015-09-16,sh.603699,17.0600,18.5000,16.9200,18.2800,16.8400,4583927,80699463.0000,3,2.957372,1,8.551100,0
2015-09-17,sh.603699,18.0000,18.5900,17.5500,17.6200,18.2800,5088821,92437778.0000,3,3.283110,1,-3.610500,0
2015-09-18,sh.603699,17.6700,17.9800,17.4500,17.7300,17.6200,3357525,59368122.0000,3,2.166145,1,0.624300,0
2015-09-21,sh.603699,17.5500,18.4700,17.0300,18.3700,17.7300,4815858,87139328.0000,3,3.107005,1,3.609700,0
2015-09-22,sh.603699,18.3600,18.7300,18.1200,18.4900,18.3700,4846181,89604923.0000,3,3.126568,1,0.653200,0
2015-09-23,sh.603699,18.1400,18.6800,18.0500,18.1800,18.4900,3808832,69836539.0000,3,2.457311,1,-1.676600,0
2015-09-24,sh.603699,18.3500,18.6000,18.1800,18.5700,18.1800,3503264,64488150.0000,3,2.260170,1,2.145200,0
2015-09-25,sh.603699,18.5000,18.5600,17.5000,17.6500,18.5700,3694672,66602592.0000,3,2.383659,1,-4.954200,0
2015-09-28,sh.603699,17.8300,17.9900,17.5000,17.9500,17.6500,1956368,34813862.0000,3,1.262173,1,1.699700,0
2015-09-29,sh.603699,17.6900,17.8600,17.6500,17.8000,17.9500,2013366,35714784.0000,3,1.298946,1,-0.835700,0
2015-09-30,sh.603699,17.9000,18.2800,17.7500,18.0300,17.8000,2500039,44986898.0000,3,1.612928,1,1.292100,0
2015-10-08,sh.603699,18.7000,19.1200,18.4500,18.7600,18.0300,4619200,86659352.0000,3,2.980129,1,4.048800,0
2015-10-09,sh.603699,18.6300,19.0700,18.5800,18.9400,18.7600,3718704,70081677.0000,3,2.399164,1,0.959500,0
2015-10-12,sh.603699,18.9300,19.8600,18.9300,19.7300,18.9400,5599524,109509248.0000,3,3.612596,1,4.171100,0
2015-10-13,sh.603699,19.5100,20.4600,19.4100,20.3200,19.7300,6871095,137249682.0000,3,4.432965,1,2.990400,0
2015-10-14,sh.603699,20.2300,20.2400,19.6600,19.7400,20.3200,5190714,103267317.0000,3,3.348848,1,-2.854300,0
2015-10-15,sh.603699,19.6000,20.1800,19.5500,20.1700,19.7400,6140247,122700792.0000,3,3.961450,1,2.178300,0
2015-10-16,sh.603699,20.2600,22.1900,20.1600,22.1900,20.1700,16064806,339166592.0000,3,10.364391,1,10.014900,0
2015-10-19,sh.603699,22.6000,22.9700,21.4600,21.5300,22.1900,14273140,316197584.0000,3,9.208477,1,-2.974300,0
2015-10-20,sh.603699,21.7700,21.8000,21.3000,21.7300,21.5300,6572176,141804508.0000,3,4.240114,1,0.928900,0
2015-10-21,sh.603699,21.8500,21.8500,19.5600,19.6900,21.7300,9699122,199953369.0000,3,6.257498,1,-9.387900,0
2015-10-22,sh.603699,19.7000,20.6800,19.4000,20.5000,19.6900,6859711,137269226.0000,3,4.425620,1,4.113800,0
2015-10-23,sh.603699,20.6200,21.0700,20.2200,20.7800,20.5000,6639921,137336077.0000,3,4.283820,1,1.365900,0
2015-10-26,sh.603699,21.0200,21.2000,20.6100,20.9600,20.7800,6869990,143571385.0000,3,4.432252,1,0.866200,0
2015-10-27,sh.603699,20.7500,20.9800,19.9800,20.9200,20.9600,6055177,123497333.0000,3,3.906566,1,-0.190800,0
2015-10-28,sh.603699,20.8000,21.1900,20.4000,20.5000,20.9200,5004770,104332657.0000,3,3.228884,1,-2.007600,0
2015-10-29,sh.603699,20.6600,20.9000,20.1700,20.5000,20.5000,4107724,84482884.0000,3,2.650145,1,0.000000,0
2015-10-30,sh.603699,20.4800,20.8600,20.1600,20.5400,20.5000,3472680,71249087.0000,3,2.240439,1,0.195100,0
2015-11-02,sh.603699,20.1600,20.8500,20.0600,20.2000,20.5400,3916805,80092061.0000,3,2.526971,1,-1.655300,0
2015-11-03,sh.603699,20.5200,21.7800,20.4000,21.3900,20.2000,10149262,213787628.0000,3,6.547911,1,5.891100,0
2015-11-04,sh.603699,21.5000,21.9700,21.2000,21.9500,21.3900,10530851,227289229.0000,3,6.794097,1,2.618100,0
2015-11-05,sh.603699,22.6000,22.8600,21.6600,21.7400,21.9500,12633447,281481552.0000,3,8.150611,1,-0.956700,0
2015-11-06,sh.603699,21.5200,22.1800,21.5200,21.9900,21.7400,7397093,162576211.0000,3,4.772318,1,1.150000,0
2015-11-09,sh.603699,21.7000,22.3000,21.6300,21.9100,21.9900,8358240,183582992.0000,3,5.392413,1,-0.363800,0
2015-11-10,sh.603699,21.7800,22.2500,21.7000,21.9600,21.9100,5782299,127193666.0000,3,3.730515,1,0.228200,0
2015-11-11,sh.603699,21.9600,22.7400,21.8600,22.4700,21.9600,7821546,174728819.0000,3,5.046159,1,2.322400,0
2015-11-12,sh.603699,22.5300,24.1200,22.3100,23.5900,22.4700,11339722,260371181.0000,3,7.315950,1,4.984400,0
2015-11-13,sh.603699,22.9800,23.2600,22.1000,22.2700,23.5900,8717028,197202693.0000,3,5.623889,1,-5.595600,0
2015-11-16,sh.603699,21.7500,22.4800,21.6000,22.4700,22.2700,4594232,101296253.0000,3,2.964021,1,0.898100,0
2015-11-17,sh.603699,22.5300,22.8400,21.9600,21.9900,22.4700,6759943,152360822.0000,3,4.361254,1,-2.136200,0
2015-11-18,sh.603699,21.9900,22.2900,21.6800,21.7500,21.9900,4027307,88567448.0000,3,2.598263,1,-1.091400,0
2015-11-19,sh.603699,21.7000,22.2700,21.7000,22.2200,21.7500,3251803,71619815.0000,3,2.097937,1,2.160900,0
2015-11-20,sh.603699,22.2800,22.4800,22.0100,22.3100,22.2200,4394195,97980834.0000,3,2.834965,1,0.405000,0
2015-11-23,sh.603699,22.1800,22.4600,22.0200,22.1000,22.3100,4184940,93081575.0000,3,2.699961,1,-0.941300,0
2015-11-24,sh.603699,21.8900,22.4000,21.7000,22.3800,22.1000,3912578,86284785.0000,3,2.524244,1,1.267000,0
2015-11-25,sh.603699,22.2000,22.9500,22.1700,22.8000,22.3800,5784914,131167678.0000,3,3.732203,1,1.876700,0
2015-11-26,sh.603699,23.0500,23.0600,22.2900,22.3100,22.8000,4972751,112459605.0000,3,3.208226,1,-2.149100,0
2015-11-27,sh.603699,22.2500,22.4800,20.2100,20.7000,22.3100,5242702,113160627.0000,3,3.382388,1,-7.216500,0
2015-11-30,sh.603699,20.7800,21.0400,19.9300,20.7300,20.7000,3843910,79000367.0000,3,2.479942,1,0.144900,0
2015-12-01,sh.603699,20.8300,21.0800,20.5700,20.8900,20.7300,3345748,69638491.0000,3,2.158547,1,0.771800,0
2015-12-02,sh.603699,20.8800,20.8800,20.0100,20.6900,20.8900,2938255,60179957.0000,3,1.895648,1,-0.957400,0
2015-12-03,sh.603699,20.7600,21.1200,20.6900,21.1000,20.6900,2926750,61194311.0000,3,1.888226,1,1.981600,0
2015-12-04,sh.603699,20.9900,21.1300,20.7800,20.9700,21.1000,2901017,60807350.0000,3,1.871624,1,-0.616100,0
2015-12-07,sh.603699,21.0300,21.4900,20.9200,21.3200,20.9700,3622801,77201184.0000,3,2.337291,1,1.669100,0
2015-12-08,sh.603699,21.1000,21.1000,20.6100,20.6900,21.3200,3412370,70995744.0000,3,2.201529,1,-2.955000,0
2015-12-09,sh.603699,20.7500,20.7900,20.3800,20.4600,20.6900,2367615,48705195.0000,3,1.527494,1,-1.111700,0
2015-12-10,sh.603699,20.5000,20.7200,20.3500,20.3700,20.4600,2195730,45002970.0000,3,1.416600,1,-0.439900,0
2015-12-11,sh.603699,20.3500,20.4200,20.0800,20.2700,20.3700,1727401,34941681.0000,3,1.114452,1,-0.490900,0
2015-12-14,sh.603699,20.0300,20.6700,20.0100,20.6500,20.2700,2354813,47935559.0000,3,1.519234,1,1.874700,0
2015-12-15,sh.603699,20.7000,21.0000,20.5800,20.9100,20.6500,2625256,54660077.0000,3,1.693714,1,1.259100,0
2015-12-16,sh.603699,20.9900,21.2100,20.8200,20.9400,20.9100,2563064,53864085.0000,3,1.653590,1,0.143500,0
2015-12-17,sh.603699,21.2600,21.4400,21.0000,21.3900,20.9400,3570246,76106627.0000,3,2.303385,1,2.149000,0
2015-12-18,sh.603699,21.2000,21.3800,21.0400,21.1800,21.3900,2835332,60133172.0000,3,1.829246,1,-0.981800,0
2015-12-21,sh.603699,21.1900,21.6500,21.0100,21.5000,21.1800,3506809,75145387.0000,3,2.262457,1,1.510900,0
2015-12-22,sh.603699,21.7300,21.7500,21.3500,21.5400,21.5000,2461513,52942213.0000,3,1.588073,1,0.186100,0
2015-12-23,sh.603699,21.6800,21.6800,21.1300,21.1800,21.5400,3478984,74247964.0000,3,2.244506,1,-1.671300,0
2015-12-24,sh.603699,21.0300,21.7400,21.0000,21.6100,21.1800,3889378,83120146.0000,3,2.509276,1,2.030200,0
2015-12-25,sh.603699,21.6100,22.1500,21.4400,22.0900,21.6100,4769900,103968872.0000,3,3.077355,1,2.221200,0
2015-12-28,sh.603699,22.0100,22.2500,21.5700,21.6700,22.0900,5410342,118617423.0000,3,3.490543,1,-1.901300,0
2015-12-29,sh.603699,21.6000,22.2500,21.4500,22.2200,21.6700,3473931,75769651.0000,3,2.241246,1,2.538100,0
2015-12-30,sh.603699,22.3000,22.6500,21.9600,22.2000,22.2200,4186605,93461569.0000,3,2.701035,1,-0.090000,0
2015-12-31,sh.603699,22.1100,22.3900,21.7800,21.8200,22.2000,2787290,61709621.0000,3,1.798252,1,-1.711700,0
2016-01-04,sh.603699,21.9500,22.1300,20.0900,20.1100,21.8200,3005009,63834426.0000,3,1.938715,1,-7.836800,0
2016-01-05,sh.603699,19.5200,20.3700,19.2200,20.1500,20.1100,3902010,77557557.0000,3,2.517426,1,0.198900,0
2016-01-06,sh.603699,20.0200,20.4900,20.0200,20.4500,20.1500,2313312,46924684.0000,3,1.492459,1,1.488800,0
2016-01-07,sh.603699,20.0000,20.0400,18.4500,18.9800,20.4500,1071015,20725455.0000,3,0.690977,1,-7.188300,0
2016-01-08,sh.603699,19.5000,19.7300,18.5200,19.5000,18.9800,2641575,50958713.0000,3,1.704242,1,2.739700,0
2016-01-11,sh.603699,19.2200,19.4500,18.4300,18.7100,19.5000,3184479,60072823.0000,3,2.054503,1,-4.051300,0
2016-01-12,sh.603699,18.6200,19.2500,18.5000,19.2000,18.7100,2222879,41967358.0000,3,1.434115,1,2.618900,0
2016-01-13,sh.603699,19.3800,19.4600,18.6100,18.6200,19.2000,1922112,36584686.0000,3,1.240072,1,-3.020800,0
2016-01-14,sh.603699,18.0600,18.7600,17.6000,18.6400,18.6200,3482183,63074595.0000,3,2.246570,1,0.107400,0
2016-01-15,sh.603699,18.4000,18.4900,17.6100,18.0200,18.6400,2531627,45648031.0000,3,1.633308,1,-3.326200,0
2016-01-18,sh.603699,17.5200,18.2900,17.5000,18.1400,18.0200,1896792,34190041.0000,3,1.223737,1,0.665900,0
2016-01-19,sh.603699,17.9100,18.6700,17.9100,18.5500,18.1400,2163026,39768393.0000,3,1.395501,1,2.260200,0
2016-01-20,sh.603699,18.5000,18.6300,18.1900,18.3000,18.5500,2029311,37387074.0000,3,1.309233,1,-1.347700,0
2016-01-21,sh.603699,18.0900,18.4000,17.6500,17.8100,18.3000,1965560,35519544.0000,3,1.268103,1,-2.677600,0
2016-01-22,sh.603699,18.1600,18.2800,17.6100,18.2600,17.8100,1870939,33665525.0000,3,1.207057,1,2.526700,0
2016-01-25,sh.603699,18.3700,18.6300,18.2000,18.4000,18.2600,1568622,28895492.0000,3,1.012014,1,0.766700,0
2016-01-26,sh.603699,18.1400,18.1900,16.9300,17.0000,18.4000,2414110,42417999.0000,3,1.557490,1,-7.608700,0
2016-01-27,sh.603699,16.9800,17.4200,16.1600,16.6100,17.0000,3441871,57403244.0000,3,2.220562,1,-2.294100,0
2016-01-28,sh.603699,16.5500,16.7500,15.9100,15.9900,16.6100,2128980,34899535.0000,3,1.373535,1,-3.732700,0
2016-01-29,sh.603699,16.0200,16.6500,15.9600,16.5400,15.9900,1806482,29570661.0000,3,1.165472,1,3.439700,0
2016-02-01,sh.603699,16.5200,16.6600,16.2200,16.4800,16.5400,1372025,22572348.0000,3,0.885177,1,-0.362800,0
2016-02-02,sh.603699,16.2600,17.0500,16.2600,16.9100,16.4800,2288802,38547007.0000,3,1.476646,1,2.609200,0
2016-02-03,sh.603699,16.7500,16.8400,16.5600,16.7600,16.9100,1613202,26894476.0000,3,1.040775,1,-0.887000,0
2016-02-04,sh.603699,16.8900,17.1100,16.8700,17.0500,16.7600,1976939,33636468.0000,3,1.275445,1,1.730300,0
2016-02-05,sh.603699,17.2000,17.2300,16.8700,16.9100,17.0500,1320869,22398086.0000,3,0.852174,1,-0.821100,0
2016-02-15,sh.603699,16.4500,17.0200,16.1900,16.8800,16.9100,1620121,27084280.0000,3,1.045239,1,-0.177400,0
2016-02-16,sh.603699,16.9100,17.6000,16.9100,17.4500,16.8800,2570041,44487230.0000,3,1.658091,1,3.376800,0
2016-02-17,sh.603699,17.3500,17.6300,17.2100,17.5600,17.4500,2490454,43390351.0000,3,1.606745,1,0.630400,0
2016-02-18,sh.603699,17.6000,17.6900,17.3800,17.5000,17.5600,2195666,38464071.0000,3,1.416559,1,-0.341700,0
2016-02-19,sh.603699,17.4300,17.5500,17.3400,17.5300,17.5000,2305959,40284648.0000,3,1.487715,1,0.171400,0
2016-02-22,sh.603699,17.6300,18.0400,17.6300,17.8500,17.5300,2934706,52379886.0000,3,1.893359,1,1.825400,0
2016-02-23,sh.603699,17.8900,17.9400,17.5000,17.6400,17.8500,1921114,33971247.0000,3,1.239428,1,-1.176500,0
2016-02-24,sh.603699,17.6600,17.9300,17.6000,17.9000,17.6400,2431236,43120219.0000,3,1.568539,1,1.473900,0
2016-02-25,sh.603699,17.8800,17.8800,16.2100,16.4500,17.9000,2646354,45416112.0000,3,1.707325,1,-8.100600,0
2016-02-26,sh.603699,16.6600,16.7700,16.3800,16.5500,16.4500,1667329,27652792.0000,3,1.075696,1,0.607900,0
2016-02-29,sh.603699,16.6000,16.6600,15.3500,15.7900,16.5500,2863637,45010034.0000,3,1.847508,1,-4.592100,0
2016-03-01,sh.603699,15.8500,16.0900,15.5800,15.9900,15.7900,1777783,28218913.0000,3,1.146957,1,1.266600,0
2016-03-02,sh.603699,15.9400,16.7400,15.8600,16.6400,15.9900,3598555,59027558.0000,3,2.321648,1,4.065000,0
2016-03-03,sh.603699,16.7000,16.9700,16.5800,16.6600,16.6400,2651900,44492409.0000,3,1.710903,1,0.120200,0
2016-03-04,sh.603699,16.6000,16.7600,16.0100,16.2700,16.6600,2805126,46022419.0000,3,1.809759,1,-2.340900,0
2016-03-07,sh.603699,16.2000,16.7600,16.2000,16.5200,16.2700,2498821,41300198.0000,3,1.612143,1,1.536600,0
2016-03-08,sh.603699,16.5700,16.7800,15.9800,16.6900,16.5200,3090988,50406634.0000,3,1.994186,1,1.029100,0
2016-03-09,sh.603699,16.4000,16.4600,16.0200,16.2400,16.6900,1516222,24698610.0000,3,0.978208,1,-2.696200,0
2016-03-10,sh.603699,16.2000,16.3800,16.0000,16.0700,16.2400,1583014,25623509.0000,3,1.021299,1,-1.046800,0
2016-03-11,sh.603699,15.9800,16.2500,15.6600,16.0200,16.0700,1478680,23661088.0000,3,0.953987,1,-0.311100,0
2016-03-14,sh.603699,16.1800,16.6800,16.1700,16.5200,16.0200,3815245,62727102.0000,3,2.461448,1,3.121100,0
2016-03-15,sh.603699,16.4000,16.5200,16.2200,16.3100,16.5200,2191501,35882975.0000,3,1.413872,1,-1.271200,0
2016-03-16,sh.603699,16.2500,16.5000,16.2000,16.2500,16.3100,1797477,29323393.0000,3,1.159663,1,-0.367900,0
2016-03-17,sh.603699,16.3800,16.7800,16.1800,16.6300,16.2500,3379271,55847115.0000,3,2.180175,1,2.338500,0
2016-03-18,sh.603699,16.6900,17.2600,16.6000,17.1500,16.6300,4249772,72263156.0000,3,2.741788,1,3.126900,0
2016-03-21,sh.603699,17.1600,17.4900,17.1600,17.4700,17.1500,4447725,77022365.0000,3,2.869500,1,1.865900,0
2016-03-22,sh.603699,17.3500,17.6500,17.2300,17.4500,17.4700,3967128,69414333.0000,3,2.559437,1,-0.114500,0
2016-03-23,sh.603699,17.4400,17.7200,17.3000,17.6700,17.4500,3061827,53716862.0000,3,1.975372,1,1.260700,0
2016-03-24,sh.603699,17.6100,18.0900,17.4000,17.4100,17.6700,4407456,78463156.0000,3,2.843520,1,-1.471400,0
2016-03-25,sh.603699,17.3100,17.6300,17.2200,17.5300,17.4100,2356660,41228046.0000,3,1.520426,1,0.689300,0
2016-03-28,sh.603699,17.5500,17.8000,17.1600,17.2700,17.5300,2612947,45860302.0000,3,1.685772,1,-1.483200,0
2016-03-29,sh.603699,17.3200,17.3500,16.8500,17.0900,17.2700,2292368,39123589.0000,3,1.478947,1,-1.042300,0
2016-03-30,sh.603699,17.2000,17.6500,17.1900,17.6200,17.0900,2186328,38101982.0000,3,1.410534,1,3.101200,0
2016-03-31,sh.603699,17.6500,17.9800,17.6200,17.7500,17.6200,2643427,47045257.0000,3,1.705437,1,0.737800,0
2016-04-01,sh.603699,17.8000,17.8700,17.3100,17.5700,17.7500,2357492,41470180.0000,3,1.520963,1,-1.014100,0
2016-04-05,sh.603699,17.6300,18.3800,17.5000,18.2700,17.5700,3972539,71932112.0000,3,2.562928,1,3.984100,0
2016-04-06,sh.603699,18.2500,18.2600,18.0200,18.1600,18.2700,2187566,39699896.0000,3,1.411333,1,-0.602100,0
2016-04-07,sh.603699,18.3000,18.3700,17.8100,18.0700,18.1600,3020131,54571694.0000,3,1.948472,1,-0.495600,0
2016-04-08,sh.603699,17.9500,18.1200,17.7200,17.8600,18.0700,1714722,30705106.0000,3,1.106272,1,-1.162100,0
2016-04-11,sh.603699,18.0500,18.2800,18.0000,18.2500,17.8600,2800960,50922700.0000,3,1.807071,1,2.183600,0
2016-04-12,sh.603699,18.0800,18.2300,17.8000,18.0600,18.2500,1978145,35569804.0000,3,1.276223,1,-1.041100,0
2016-04-13,sh.603699,18.1500,18.5400,18.0800,18.3500,18.0600,3456296,63576471.0000,3,2.229868,1,1.605800,0
2016-04-14,sh.603699,18.5300,18.6600,18.3400,18.5300,18.3500,2444609,45205642.0000,3,1.577167,1,0.980900,0
2016-04-15,sh.603699,18.4300,18.6500,18.3600,18.4500,18.5300,1893896,34984381.0000,3,1.221868,1,-0.431700,0
2016-04-18,sh.603699,18.0000,18.1000,17.7700,17.9800,18.4500,3017568,54097873.0000,3,1.946818,1,-2.547400,0
2016-04-19,sh.603699,17.9600,18.1400,17.5800,17.6900,17.9800,2770038,49146743.0000,3,1.787121,1,-1.612900,0
2016-04-20,sh.603699,17.7200,17.8100,16.6200,16.9900,17.6900,2741096,47162578.0000,3,1.768449,1,-3.957000,0
2016-04-21,sh.603699,16.9000,17.0500,16.7800,16.8500,16.9900,1618527,27397257.0000,3,1.044211,1,-0.824000,0
2016-04-22,sh.603699,16.8000,17.1000,16.7000,16.9500,16.8500,1365617,23035187.0000,3,0.881043,1,0.593500,0
2016-04-25,sh.603699,16.7300,17.0800,16.6300,16.9000,16.9500,1787823,30050104.0000,3,1.153434,1,-0.295000,0
2016-04-26,sh.603699,16.9000,17.0500,16.7500,16.9900,16.9000,1363883,23038865.0000,3,0.879925,1,0.532500,0
2016-04-27,sh.603699,17.0000,17.0900,16.7900,16.8100,16.9900,1272373,21539605.0000,3,0.820886,1,-1.059400,0
2016-04-28,sh.603699,16.9200,16.9500,16.3100,16.6200,16.8100,2286568,37935426.0000,3,1.475205,1,-1.130300,0
2016-04-29,sh.603699,16.5100,16.7500,16.3500,16.5500,16.6200,1954285,32303220.0000,3,1.260829,1,-0.421200,0
2016-05-03,sh.603699,16.5700,17.1700,16.5500,17.0700,16.5500,2980253,50444411.0000,3,1.922744,1,3.142000,0
2016-05-04,sh.603699,17.0300,17.2100,16.9000,17.0000,17.0700,2804292,47807026.0000,3,1.809221,1,-0.410100,0
2016-05-05,sh.603699,17.0700,17.1700,16.9400,17.1400,17.0000,1835004,31309452.0000,3,1.183874,1,0.823500,0
2016-05-06,sh.603699,17.1400,17.2500,16.5200,16.6300,17.1400,3239076,54464776.0000,3,2.089726,1,-2.975500,0
2016-05-09,sh.603699,16.6200,16.6200,16.1400,16.1700,16.6300,2128817,34733034.0000,3,1.373430,1,-2.766100,0
2016-05-10,sh.603699,16.1500,16.3500,16.1100,16.2200,16.1700,1190948,19340238.0000,3,0.768354,1,0.309200,0
2016-05-11,sh.603699,16.2200,16.4500,16.1100,16.2400,16.2200,1429350,23283927.0000,3,0.922161,1,0.123300,0
2016-05-12,sh.603699,16.7800,16.7800,16.1000,16.7100,16.2400,2952857,49040132.0000,3,1.905069,1,2.894100,0
2016-05-13,sh.603699,16.6600,16.6900,16.1600,16.3100,16.7100,2547861,41846268.0000,3,1.643781,1,-2.393800,0
2016-05-16,sh.603699,16.2900,16.4900,16.0800,16.4200,16.3100,1751151,28509319.0000,3,1.129775,1,0.674400,0
2016-05-17,sh.603699,16.4800,16.5200,16.2400,16.3400,16.4200,1637296,26785777.0000,3,1.056320,1,-0.487200,0
2016-05-18,sh.603699,16.2600,16.3000,15.9100,16.0200,16.3400,2054124,33018230.0000,3,1.325241,1,-1.958400,0
2016-05-19,sh.603699,16.0400,16.3900,16.0400,16.1800,16.0200,1444873,23436211.0000,3,0.932176,1,0.998800,0
2016-05-20,sh.603699,16.2500,16.3000,15.9900,16.2700,16.1800,1075166,17364499.0000,3,0.693655,1,0.556200,0
2016-05-23,sh.603699,16.2800,16.6400,16.2800,16.4600,16.2700,1778586,29226663.0000,3,1.147475,1,1.167800,0
2016-05-24,sh.603699,16.3800,16.5300,16.2800,16.3200,16.4600,1454180,23804643.0000,3,0.938181,1,-0.850500,0
2016-05-25,sh.603699,16.3400,16.5000,16.2400,16.2800,16.3200,1029888,16854542.0000,3,0.664444,1,-0.245100,0
2016-05-26,sh.603699,16.2100,16.3200,16.0000,16.2700,16.2800,1267357,20439456.0000,3,0.817650,1,-0.061400,0
2016-05-27,sh.603699,16.2800,16.3900,16.1900,16.3500,16.2700,1207126,19662887.0000,3,0.778791,1,0.491700,0
2016-05-30,sh.603699,16.3200,16.3700,16.1200,16.2600,16.3500,969648,15793877.0000,3,0.625579,1,-0.550500,0
2016-05-31,sh.603699,16.2600,16.8000,16.1800,16.7900,16.2600,2861342,47601420.0000,3,1.846027,1,3.259500,0
2016-06-01,sh.603699,16.8100,16.8500,16.6800,16.7500,16.7900,2262838,37953341.0000,3,1.459895,1,-0.238200,0
2016-06-02,sh.603699,16.6600,16.8600,16.6600,16.8500,16.7500,2052620,34404155.0000,3,1.324271,1,0.597000,0
2016-06-03,sh.603699,16.8900,17.0600,16.7900,17.0000,16.8500,2579958,43686023.0000,3,1.664489,1,0.890200,0
2016-06-06,sh.603699,16.9700,17.0300,16.7300,16.8400,17.0000,1514442,25541691.0000,3,0.977059,1,-0.941200,0
2016-06-07,sh.603699,16.8100,16.9900,16.7100,16.9800,16.8400,1647973,27761420.0000,3,1.063208,1,0.831400,0
2016-06-08,sh.603699,16.9200,17.3400,16.7200,17.2000,16.9800,2984429,50979461.0000,3,1.925438,1,1.295600,0
2016-06-13,sh.603699,16.9900,16.9900,16.2800,16.3300,17.2000,3056692,51173152.0000,3,1.972059,1,-5.058100,0
2016-06-14,sh.603699,16.3000,16.4800,16.2100,16.3800,16.3300,1671544,27365478.0000,3,1.078415,1,0.306200,0
2016-06-15,sh.603699,16.0200,16.7700,16.0200,16.7100,16.3800,2009397,33328438.0000,3,1.296385,1,2.014700,0
2016-06-16,sh.603699,16.6000,17.9800,16.6000,17.5400,16.7100,6046672,105365120.0000,3,3.901079,1,4.967100,0
2016-06-17,sh.603699,17.7400,17.8500,17.2300,17.4700,17.5400,3814865,66892124.0000,3,2.461203,1,-0.399100,0
2016-06-20,sh.603699,17.5100,17.6600,17.0700,17.3500,17.4700,2626437,45355255.0000,3,1.694475,1,-0.686900,0
2016-06-21,sh.603699,17.5300,17.7400,17.0800,17.1600,17.3500,2594560,45218979.0000,3,1.673910,1,-1.095100,0
2016-06-22,sh.603699,17.2000,18.0900,17.1700,18.0500,17.1600,7508591,133712909.0000,3,4.844252,1,5.186500,0
2016-06-23,sh.603699,17.9900,17.9900,17.6800,17.7600,18.0500,4281233,76254823.0000,3,2.762086,1,-1.606600,0
2016-06-24,sh.603699,17.7700,17.8400,17.1500,17.4500,17.7600,3364412,58956977.0000,3,2.170588,1,-1.745500,0
2016-06-27,sh.603699,17.2800,17.8500,17.2800,17.8300,17.4500,2647786,46889807.0000,3,1.708249,1,2.177600,0
2016-06-28,sh.603699,17.6500,17.9800,17.5200,17.9600,17.8300,3177099,56477267.0000,3,2.049741,1,0.729100,0
2016-06-29,sh.603699,18.0700,18.0900,17.6500,17.8500,17.9600,2943353,52428219.0000,3,1.898937,1,-0.612500,0
2016-06-30,sh.603699,17.8000,17.9800,17.6100,17.7400,17.8500,1798554,31879205.0000,3,1.160357,1,-0.616200,0
2016-07-01,sh.603699,17.7400,17.8400,17.6700,17.7100,17.7400,1509248,26785278.0000,3,0.973708,1,-0.169100,0
2016-07-04,sh.603699,17.5100,18.0500,17.5100,17.9800,17.7100,2659923,47526352.0000,3,1.716079,1,1.524600,0
2016-07-05,sh.603699,18.1800,18.2600,17.9100,18.0300,17.9800,2873988,51921046.0000,3,1.854186,1,0.278100,0
2016-07-06,sh.603699,18.0100,18.0900,17.8400,18.0500,18.0300,2479182,44554198.0000,3,1.599472,1,0.110900,0
2016-07-07,sh.603699,18.1400,18.1400,17.7600,17.9000,18.0500,2590882,46410724.0000,3,1.671537,1,-0.831000,0
2016-07-08,sh.603699,17.7800,17.7800,17.5400,17.5800,17.6500,1700667,29957079.0000,3,1.097205,1,-0.396600,0
2016-07-11,sh.603699,17.5100,17.8700,17.5100,17.6400,17.5800,2565877,45481294.0000,3,1.655405,1,0.341300,0
2016-07-12,sh.603699,17.6900,17.9400,17.4200,17.9200,17.6400,3186987,56301326.0000,3,2.056121,1,1.587300,0
2016-07-13,sh.603699,17.9000,18.1200,17.8600,18.0100,17.9200,3475087,62481096.0000,3,2.241992,1,0.502200,0
2016-07-14,sh.603699,18.0300,18.0700,17.8700,17.9700,18.0100,2084088,37451732.0000,3,1.344573,1,-0.222100,0
2016-07-15,sh.603699,18.0400,18.2300,17.9700,18.1000,17.9700,2984532,54068544.0000,3,1.925505,1,0.723400,0
2016-07-18,sh.603699,18.0600,18.1200,17.7600,18.0000,18.1000,1900862,34042857.0000,3,1.226363,1,-0.552500,0
2016-07-19,sh.603699,17.9100,18.0000,17.7800,17.9900,18.0000,1284769,22976787.0000,3,0.828883,1,-0.055600,0
2016-07-20,sh.603699,18.0000,18.1700,17.8900,18.0400,17.9900,1827854,33038762.0000,3,1.179261,1,0.277900,0
2016-07-21,sh.603699,18.0000,18.1300,17.8600,17.9100,18.0400,2111649,37982067.0000,3,1.362354,1,-0.720600,0
2016-07-22,sh.603699,17.9400,17.9500,17.6000,17.6200,17.9100,2024911,36013004.0000,3,1.306394,1,-1.619200,0
2016-07-25,sh.603699,17.5300,17.6900,17.5200,17.5700,17.6200,1552784,27349984.0000,3,1.001796,1,-0.283800,0
2016-07-26,sh.603699,17.6600,17.7900,17.5800,17.7600,17.5700,1603846,28407261.0000,3,1.034739,1,1.081400,0
2016-07-27,sh.603699,17.7700,17.9400,16.5000,17.0200,17.7600,3601833,62621567.0000,3,2.323763,1,-4.166700,0
2016-07-28,sh.603699,17.0700,17.3700,16.9600,17.0300,17.0200,2336380,39968431.0000,3,1.507342,1,0.058800,0
2016-07-29,sh.603699,17.0300,17.1600,16.8200,16.9000,17.0300,1626444,27558797.0000,3,1.049319,1,-0.763400,0
2016-08-01,sh.603699,16.9000,17.1300,16.8200,16.9400,16.9000,2025795,34407283.0000,3,1.306965,1,0.236700,0
2016-08-02,sh.603699,16.9900,17.1000,16.9000,17.0200,16.9400,1022800,17407735.0000,3,0.659871,1,0.472300,0
2016-08-03,sh.603699,17.0500,17.0500,16.8500,17.0000,17.0200,1184863,20070143.0000,3,0.764428,1,-0.117500,0
2016-08-04,sh.603699,17.0100,17.0200,16.8300,16.9600,17.0000,1260570,21320842.0000,3,0.813271,1,-0.235300,0
2016-08-05,sh.603699,16.9000,16.9800,16.8600,16.9600,16.9600,1016459,17185676.0000,3,0.655780,1,0.000000,0
2016-08-08,sh.603699,16.9000,16.9900,16.7200,16.9800,16.9600,1904606,32080848.0000,3,1.228778,1,0.117900,0
2016-08-09,sh.603699,16.9500,17.0900,16.8600,17.0800,16.9800,1963031,33332697.0000,3,1.266472,1,0.588900,0
2016-08-10,sh.603699,17.0800,17.1400,16.9900,17.0900,17.0800,1706913,29139052.0000,3,1.101234,1,0.058500,0
2016-08-11,sh.603699,17.1600,17.3700,16.9300,17.0200,17.0900,2412343,41443927.0000,3,1.556350,1,-0.409600,0
2016-08-12,sh.603699,17.0100,17.1600,16.8700,17.1500,17.0200,2022605,34375627.0000,3,1.304906,1,0.763800,0
2016-08-15,sh.603699,17.1100,17.6000,17.0600,17.5200,17.1500,3001602,52330654.0000,3,1.936517,1,2.157400,0
2016-08-16,sh.603699,17.5200,17.7400,17.4200,17.7200,17.5200,2736582,47986905.0000,3,1.765537,1,1.141500,0
2016-08-17,sh.603699,17.6600,17.7300,17.5800,17.6400,17.7200,1180848,20832517.0000,3,0.761837,1,-0.451500,0
2016-08-18,sh.603699,17.7000,17.7000,17.4700,17.5000,17.6400,1375364,24183940.0000,3,0.887332,1,-0.793600,0
2016-08-19,sh.603699,17.6500,18.2000,17.6000,17.9900,17.5000,4769443,85621149.0000,3,3.077060,1,2.800000,0
2016-08-22,sh.603699,17.8800,17.9900,17.5000,17.5400,17.9900,2533398,44827846.0000,3,1.634450,1,-2.501400,0
2016-08-23,sh.603699,17.4800,17.6400,17.3500,17.4500,17.5400,1462506,25580767.0000,3,0.943552,1,-0.513100,0
2016-08-24,sh.603699,17.5000,17.6100,17.4200,17.5100,17.4500,1034879,18108804.0000,3,0.667664,1,0.343800,0
2016-08-25,sh.603699,17.4700,17.4700,17.0600,17.3200,17.5100,1301556,22470701.0000,3,0.839714,1,-1.085100,0
2016-08-26,sh.603699,17.3700,17.4700,17.2300,17.3000,17.3200,834822,14493979.0000,3,0.538595,1,-0.115500,0
2016-08-29,sh.603699,17.4000,17.6900,17.3100,17.5200,17.3000,1102918,19347371.0000,3,0.711560,1,1.271700,0
2016-08-30,sh.603699,17.5700,17.7000,17.4700,17.6000,17.5200,1643737,28934044.0000,3,1.060475,1,0.456600,0
2016-08-31,sh.603699,17.5900,17.8600,17.5400,17.7700,17.6000,2109086,37437970.0000,3,1.360701,1,0.965900,0
2016-09-01,sh.603699,17.7400,17.7600,17.5900,17.5900,17.7700,1225270,21652182.0000,3,0.790497,1,-1.012900,0
2016-09-02,sh.603699,17.5400,17.6300,17.3100,17.4000,17.5900,1390594,24266877.0000,3,0.897157,1,-1.080200,0
2016-09-05,sh.603699,17.4000,17.5200,17.1700,17.2000,17.4000,2039640,35382010.0000,3,1.315897,1,-1.149419,0
2016-09-06,sh.603699,17.1700,17.6800,17.1700,17.6600,17.2000,2351850,40987985.0000,3,1.517323,1,2.674413,0
2016-09-07,sh.603699,17.5900,17.7700,17.5300,17.6100,17.6600,2147910,37993638.0000,3,1.385748,1,-0.283121,0
2016-09-08,sh.603699,17.6900,17.7400,17.5000,17.7200,17.6100,1772270,31246606.0000,3,1.143400,1,0.624638,0
2016-09-09,sh.603699,17.6500,17.8000,17.5500,17.5900,17.7200,1643144,29069195.0000,3,1.060093,1,-0.733630,0
2016-09-12,sh.603699,17.4100,17.4500,17.0000,17.0300,17.5900,1979074,33962648.0000,3,1.276822,1,-3.183624,0
2016-09-13,sh.603699,17.1300,17.2100,17.0400,17.1300,17.0300,1053001,18022128.0000,3,0.679355,1,0.587190,0
2016-09-14,sh.603699,17.0900,17.2900,17.0000,17.1400,17.1300,1352023,23196744.0000,3,0.872273,1,0.058378,0
2016-09-19,sh.603699,17.1300,17.9000,17.1300,17.6400,17.1400,3787331,66881705.0000,3,2.443439,1,2.917153,0
2016-09-20,sh.603699,17.6000,17.6300,17.4100,17.5200,17.6400,1833303,32087702.0000,3,1.182776,1,-0.680266,0
2016-09-21,sh.603699,17.4500,17.6400,17.3600,17.4700,17.5200,1736224,30391674.0000,3,1.120145,1,-0.285395,0
2016-09-22,sh.603699,17.5700,17.6900,17.5400,17.5800,17.4700,1843046,32486722.0000,3,1.189062,1,0.629654,0
2016-09-23,sh.603699,17.5800,17.7700,17.5600,17.6300,17.5800,2123276,37493654.0000,3,1.369855,1,0.284410,0
2016-09-26,sh.603699,17.5400,17.7500,17.0500,17.1200,17.6300,2694643,46948103.0000,3,1.738479,1,-2.892787,0
2016-09-27,sh.603699,17.1300,17.3300,17.1000,17.3000,17.1200,1327914,22848135.0000,3,0.856719,1,1.051393,0
2016-09-28,sh.603699,17.3300,17.3500,17.1100,17.2200,17.3000,1432452,24671042.0000,3,0.924163,1,-0.462427,0
2016-09-29,sh.603699,17.2200,17.4300,17.2200,17.2900,17.2200,1623878,28140034.0000,3,1.047663,1,0.406513,0
2016-09-30,sh.603699,17.2800,17.5000,17.2200,17.3900,17.2900,1334684,23229410.0000,3,0.861086,1,0.578360,0
2016-10-10,sh.603699,17.5000,17.7000,17.4300,17.6900,17.3900,2100530,36960213.0000,3,1.355181,1,1.725136,0
2016-10-11,sh.603699,17.6800,17.8300,17.6300,17.6900,17.6900,2074654,36736812.0000,3,1.338486,1,0.000000,0
2016-10-12,sh.603699,17.6800,19.4600,17.6000,19.4600,17.6900,8785824,164459585.0000,3,5.668274,1,10.005640,0
2016-10-13,sh.603699,19.9000,20.1500,19.3200,19.4300,19.4600,17963892,352809136.0000,3,11.589608,1,-0.154156,0
2016-10-14,sh.603699,19.4000,19.4000,18.8900,19.0900,19.4300,7933093,151289012.0000,3,5.118125,1,-1.749872,0
2016-10-17,sh.603699,19.1700,19.4300,18.7400,18.9800,19.0900,6827193,130868662.0000,3,4.404641,1,-0.576221,0
2016-10-18,sh.603699,18.8600,19.1600,18.8200,19.1500,18.9800,4288749,81588109.0000,3,2.766935,1,0.895680,0
2016-10-19,sh.603699,19.2000,19.2200,18.9100,19.1300,19.1500,3828764,72831385.0000,3,2.470170,1,-0.104441,0
2016-10-20,sh.603699,19.0000,19.3200,18.9200,19.1700,19.1300,3743450,71637117.0000,3,2.415129,1,0.209100,0
2016-10-21,sh.603699,19.0900,19.2900,18.7000,18.9200,19.1700,3996571,75990888.0000,3,2.578433,1,-1.304121,0
2016-10-24,sh.603699,19.0500,19.2700,18.8500,19.2500,18.9200,4129125,79042535.0000,3,2.663952,1,1.744186,0
2016-10-25,sh.603699,19.2900,19.2900,18.9500,19.1100,19.2500,2798560,53284190.0000,3,1.805523,1,-0.727270,0
2016-10-26,sh.603699,19.1100,19.1200,18.5900,18.7900,19.1100,3442476,64665031.0000,3,2.220952,1,-1.674514,0
2016-10-27,sh.603699,18.6700,18.8500,18.6400,18.7400,18.7900,1478935,27701128.0000,3,0.954152,1,-0.266105,0
2016-10-28,sh.603699,18.7800,18.8600,18.5900,18.6100,18.7400,1649358,30841686.0000,3,1.064102,1,-0.693699,0
2016-10-31,sh.603699,18.5000,18.5400,18.1900,18.5300,18.6100,2162160,39689311.0000,3,1.394942,1,-0.429876,0
2016-11-01,sh.603699,18.4000,18.8500,18.4000,18.8000,18.5300,2454316,45772699.0000,3,1.583430,1,1.457089,0
2016-11-02,sh.603699,18.6800,18.7700,18.4100,18.4300,18.8000,1906259,35355110.0000,3,1.229845,1,-1.968079,0
2016-11-03,sh.603699,18.4300,18.6400,18.3500,18.4300,18.4300,2408430,44567467.0000,3,1.553826,1,0.000000,0
2016-11-04,sh.603699,18.4800,18.7000,18.4000,18.5400,18.4300,1914569,35507753.0000,3,1.235206,1,0.596856,0
2016-11-07,sh.603699,18.6000,18.6700,18.4100,18.5500,18.5400,1741096,32286501.0000,3,1.123288,1,0.053928,0
2016-11-08,sh.603699,18.5500,18.6500,18.4800,18.6300,18.5500,2054479,38195776.0000,3,1.325470,1,0.431266,0
2016-11-09,sh.603699,18.6800,18.7800,18.3600,18.4800,18.6300,2555667,47401950.0000,3,1.648817,1,-0.805151,0
2016-11-10,sh.603699,18.5800,18.8500,18.5300,18.7400,18.4800,3032062,56645174.0000,3,1.956169,1,1.406928,0
2016-11-11,sh.603699,18.7400,18.8800,18.6500,18.8300,18.7400,3347370,62905304.0000,3,2.159594,1,0.480257,0
2016-11-14,sh.603699,18.8500,19.0900,18.6400,18.7100,18.8300,3635430,68493885.0000,3,2.345439,1,-0.637285,0
2016-11-15,sh.603699,18.7700,18.8300,18.5100,18.7300,18.7100,2678036,49972320.0000,3,1.727765,1,0.106897,0
2016-11-16,sh.603699,18.7400,18.8800,18.6400,18.8700,18.7300,2396944,44999052.0000,3,1.546415,1,0.747471,0
2016-11-17,sh.603699,18.7900,18.8300,18.6000,18.6300,18.8700,1763836,32922382.0000,3,1.137959,1,-1.271869,0
2016-11-18,sh.603699,18.6900,18.7500,18.3000,18.3800,18.6300,2339037,43286172.0000,3,1.509056,1,-1.341922,0
2016-11-21,sh.603699,18.3700,18.7500,18.3700,18.5100,18.3800,3092346,57357291.0000,3,1.995062,1,0.707296,0
2016-11-22,sh.603699,18.5300,18.7500,18.5200,18.6900,18.5100,2506291,46725051.0000,3,1.616962,1,0.972449,0
2016-11-23,sh.603699,18.7400,18.7700,18.5700,18.6100,18.6900,2857602,53370219.0000,3,1.843614,1,-0.428036,0
2016-11-24,sh.603699,18.6200,18.6500,18.3200,18.3700,18.6100,2339202,43180121.0000,3,1.509163,1,-1.289628,0
2016-11-25,sh.603699,18.3700,18.5600,18.1600,18.5500,18.3700,2250526,41329883.0000,3,1.451952,1,0.979850,0
2016-11-28,sh.603699,18.5800,18.5900,18.3900,18.5300,18.5500,2182233,40381223.0000,3,1.407892,1,-0.107809,0
2016-11-29,sh.603699,18.4800,18.5300,18.2800,18.3000,18.5300,1697505,31239541.0000,3,1.095165,1,-1.241238,0
2016-11-30,sh.603699,18.2700,18.3600,18.2000,18.2200,18.3000,1670055,30505714.0000,3,1.077455,1,-0.437158,0
2016-12-01,sh.603699,18.2900,18.3600,18.2600,18.3200,18.2200,1713299,31371568.0000,3,1.105354,1,0.548849,0
2016-12-02,sh.603699,18.3700,18.4400,18.1300,18.1500,18.3200,2342858,42829673.0000,3,1.511521,1,-0.927948,0
2016-12-05,sh.603699,18.0500,18.0500,17.8400,17.9400,18.1500,2739844,49132236.0000,3,1.767641,1,-1.157020,0
2016-12-06,sh.603699,18.0000,18.0900,17.8200,17.8500,17.9400,1430045,25592458.0000,3,0.922610,1,-0.501673,0
2016-12-07,sh.603699,17.8700,18.2800,17.8400,18.2200,17.8500,1982832,35872022.0000,3,1.279246,1,2.072823,0
2016-12-08,sh.603699,18.2600,18.5000,18.2400,18.3500,18.2200,3643040,66973727.0000,3,2.350348,1,0.713507,0
2016-12-09,sh.603699,18.4400,18.5600,18.0800,18.1600,18.3500,3932793,72111103.0000,3,2.537286,1,-1.035425,0
2016-12-12,sh.603699,18.1600,18.1600,17.3000,17.4500,18.1600,3238621,57427254.0000,3,2.089433,1,-3.909687,0
2016-12-13,sh.603699,17.3400,17.4600,17.1500,17.2500,17.4500,2124534,36657232.0000,3,1.370667,1,-1.146136,0
2016-12-14,sh.603699,17.2000,17.3700,16.0000,16.9600,17.2500,1976504,33910402.0000,3,1.275164,1,-1.681165,0
2016-12-15,sh.603699,16.9100,17.0800,16.7700,16.9200,16.9600,1761619,29771467.0000,3,1.136528,1,-0.235843,0
2016-12-16,sh.603699,16.9400,17.0200,16.8000,16.9800,16.9200,1727985,29227503.0000,3,1.114829,1,0.354607,0
2016-12-19,sh.603699,16.9800,17.2900,16.6200,17.1200,16.9800,2722341,46510253.0000,3,1.756349,1,0.824507,0
2016-12-20,sh.603699,17.0600,17.1700,16.9500,17.0900,17.1200,1390202,23689881.0000,3,0.896905,1,-0.175238,0
2016-12-21,sh.603699,17.0900,17.2300,17.0400,17.1900,17.0900,1469639,25164260.0000,3,0.948154,1,0.585140,0
2016-12-22,sh.603699,17.2800,17.3200,17.0700,17.0900,17.1900,1824121,31403111.0000,3,1.176852,1,-0.581736,0
2016-12-23,sh.603699,17.0300,17.2500,16.8000,16.8400,17.0900,1525807,25951871.0000,3,0.984392,1,-1.462844,0
2016-12-26,sh.603699,16.8900,16.9600,16.6000,16.9100,16.8400,1321309,22132907.0000,3,0.852457,1,0.415675,0
2016-12-27,sh.603699,16.9200,17.0700,16.8300,16.9300,16.9100,834096,14159620.0000,3,0.538126,1,0.118276,0
2016-12-28,sh.603699,16.9300,17.0900,16.8000,16.8400,16.9300,826459,14020180.0000,3,0.533199,1,-0.531602,0
2016-12-29,sh.603699,16.7700,16.9300,16.7700,16.8300,16.8400,825924,13919540.0000,3,0.532854,1,-0.059384,0
2016-12-30,sh.603699,16.8300,17.2200,16.7500,16.8400,16.8300,1978624,33824364.0000,3,1.276532,1,0.059419,0
2017-01-03,sh.603699,16.8800,17.1900,16.8800,17.1500,16.8400,1579028,26954142.0000,3,1.018728,1,1.840852,0
2017-01-04,sh.603699,17.1400,17.2300,17.0000,17.1800,17.1500,1274599,21851579.0000,3,0.822322,1,0.174931,0
2017-01-05,sh.603699,17.2300,17.8200,17.2300,17.5600,17.1800,4097898,72144998.0000,3,2.643805,1,2.211869,0
2017-01-06,sh.603699,17.4800,17.6400,17.2700,17.3500,17.5600,1356288,23542766.0000,3,0.875025,1,-1.195895,0
2017-01-09,sh.603699,17.3000,17.4100,17.2200,17.3800,17.3500,1150808,19913692.0000,3,0.742457,1,0.172904,0
2017-01-10,sh.603699,17.4100,17.4900,17.2100,17.3300,17.3800,1421325,24659848.0000,3,0.916984,1,-0.287683,0
2017-01-11,sh.603699,17.2900,17.4600,17.2100,17.2200,17.3300,1054464,18254757.0000,3,0.680299,1,-0.634741,0
2017-01-12,sh.603699,17.2400,17.5000,17.1500,17.2400,17.2200,2066644,35876612.0000,3,1.333319,1,0.116147,0
2017-01-13,sh.603699,17.2500,17.2500,16.6800,16.7200,17.2400,1977601,33495566.0000,3,1.275872,1,-3.016244,0
2017-01-16,sh.603699,16.6800,16.7600,15.9100,16.2800,16.7200,2070924,33952830.0000,3,1.336080,1,-2.631571,0
2017-01-17,sh.603699,16.2800,16.4200,15.9800,16.4100,16.2800,1614542,26241125.0000,3,0.215272,1,0.798521,0
2017-01-18,sh.603699,16.3500,16.4300,16.1600,16.1800,16.4100,1540685,25073405.0000,3,0.205425,1,-1.401582,0
2017-01-19,sh.603699,16.1600,16.3500,16.1100,16.2000,16.1800,1197152,19451730.0000,3,0.159620,1,0.123612,0
2017-01-20,sh.603699,16.3000,16.6500,16.2800,16.4300,16.2000,1815085,29886739.0000,3,0.242011,1,1.419750,0
2017-01-23,sh.603699,16.4500,16.5300,16.3600,16.4400,16.4300,1471502,24185139.0000,3,0.196200,1,0.060866,0
2017-01-24,sh.603699,16.4600,16.4600,16.2800,16.3500,16.4400,1454794,23793621.0000,3,0.193973,1,-0.547446,0
2017-01-25,sh.603699,16.3500,16.5500,16.2700,16.5300,16.3500,1806376,29631400.0000,3,0.240850,1,1.100919,0
2017-01-26,sh.603699,16.5200,16.8600,16.4600,16.6600,16.5300,2215456,36849539.0000,3,0.295394,1,0.786444,0
2017-02-03,sh.603699,16.6600,16.6600,16.4500,16.5400,16.6600,1124656,18574067.0000,3,0.149954,1,-0.720282,0
2017-02-06,sh.603699,16.5300,16.6000,16.4900,16.5900,16.5400,1407801,23276694.0000,3,0.187707,1,0.302293,0
2017-02-07,sh.603699,16.5600,16.7000,16.4500,16.5000,16.5900,1363825,22565017.0000,3,0.181843,1,-0.542496,0
2017-02-08,sh.603699,16.5200,16.6000,16.2300,16.5300,16.5000,1564772,25656951.0000,3,0.208636,1,0.181822,0
2017-02-09,sh.603699,16.5000,16.6700,16.5000,16.6600,16.5300,1776336,29507987.0000,3,0.236845,1,0.786444,0
2017-02-10,sh.603699,16.6600,16.8400,16.6200,16.7500,16.6600,1972160,32961747.0000,3,0.262955,1,0.540217,0
2017-02-13,sh.603699,16.7800,16.8700,16.6800,16.8100,16.7500,1865059,31300845.0000,3,0.248675,1,0.358206,0
2017-02-14,sh.603699,16.8100,16.8500,16.7300,16.8000,16.8100,1303780,21889370.0000,3,0.173837,1,-0.059490,0
2017-02-15,sh.603699,16.8300,16.8600,16.6100,16.6700,16.8000,1731895,29050423.0000,3,0.230919,1,-0.773805,0
2017-02-16,sh.603699,16.6700,17.0500,16.6700,17.0100,16.6700,2474101,41771402.0000,3,0.329880,1,2.039593,0
2017-02-17,sh.603699,16.9800,16.9900,16.7500,16.8200,17.0100,1518528,25614317.0000,3,0.202470,1,-1.116993,0
2017-02-20,sh.603699,16.8200,16.9200,16.7400,16.9100,16.8200,1279886,21548356.0000,3,0.170651,1,0.535078,0
2017-02-21,sh.603699,16.9100,17.0500,16.8000,17.0200,16.9100,1870487,31669166.0000,3,0.249398,1,0.650506,0
2017-02-22,sh.603699,17.0200,17.0700,16.8600,17.0000,17.0200,1360151,23072636.0000,3,0.181353,1,-0.117512,0
2017-02-23,sh.603699,17.0000,17.0100,16.8000,16.8800,17.0000,1846369,31159306.0000,3,0.246183,1,-0.705887,0
2017-02-24,sh.603699,16.8700,16.9400,16.8200,16.9100,16.8800,1690896,28549610.0000,3,0.225453,1,0.177729,0
2017-02-27,sh.603699,16.9200,16.9300,16.7400,16.7900,16.9100,1586705,26717726.0000,3,0.211561,1,-0.709633,0
2017-02-28,sh.603699,16.7900,16.8800,16.7400,16.8800,16.7900,1038962,17457870.0000,3,0.138528,1,0.536023,0
2017-03-01,sh.603699,16.8800,16.9700,16.8100,16.8200,16.8800,1540402,25998576.0000,3,0.205387,1,-0.355447,0
2017-03-02,sh.603699,16.8300,16.9200,16.7600,16.8700,16.8200,1469813,24769287.0000,3,0.195975,1,0.297272,0
2017-03-03,sh.603699,16.8200,16.8700,16.6000,16.8600,16.8700,1822209,30506207.0000,3,0.242961,1,-0.059278,0
2017-03-06,sh.603699,16.8000,17.1000,16.8000,17.0600,16.8600,2310648,39196632.0000,3,0.308086,1,1.186233,0
2017-03-07,sh.603699,17.0800,17.1000,16.9600,17.0500,17.0600,1513296,25769115.0000,3,0.201773,1,-0.058618,0
2017-03-08,sh.603699,17.0800,17.1600,16.9800,17.0100,17.0500,1191788,20342120.0000,3,0.158905,1,-0.234598,0
2017-03-09,sh.603699,16.9200,17.0500,16.8200,16.8400,17.0100,1285254,21703022.0000,3,0.171367,1,-0.999413,0
2017-03-10,sh.603699,16.9000,16.9400,16.8000,16.8500,16.8400,921465,15538715.0000,3,0.122862,1,0.059384,0
2017-03-13,sh.603699,16.8700,16.9400,16.6600,16.9300,16.8500,1089542,18312657.0000,3,0.145272,1,0.474777,0
2017-03-14,sh.603699,16.9000,17.0900,16.8600,17.0600,16.9300,2081794,35367370.0000,3,0.277573,1,0.767863,0
2017-03-15,sh.603699,17.0100,17.0200,16.8600,16.9400,17.0600,1127296,19076431.0000,3,0.150306,1,-0.703394,0
2017-03-16,sh.603699,16.9700,17.1300,16.9400,17.1200,16.9400,1660112,28306776.0000,3,0.221348,1,1.062576,0
2017-03-17,sh.603699,17.1400,17.2000,16.9500,16.9900,17.1200,1819587,31105289.0000,3,0.242612,1,-0.759352,0
2017-03-20,sh.603699,17.0500,17.1800,16.9900,17.1800,16.9900,1840119,31466606.0000,3,0.245349,1,1.118308,0
2017-03-21,sh.603699,17.2000,17.2500,17.1000,17.1900,17.1800,1699656,29214984.0000,3,0.226621,1,0.058209,0
2017-03-22,sh.603699,17.2000,17.3600,17.0600,17.2400,17.1900,1941425,33426680.0000,3,0.258857,1,0.290862,0
2017-03-23,sh.603699,17.1700,17.3100,16.9400,17.1000,17.2400,1846925,31644456.0000,3,0.246257,1,-0.812061,0
2017-03-24,sh.603699,17.1100,17.2300,17.0500,17.2100,17.1000,1560739,26743404.0000,3,0.208099,1,0.643267,0
2017-03-27,sh.603699,17.8800,18.5000,17.7500,17.7600,17.2100,12685051,228560701.0000,3,1.691340,1,3.195823,0
2017-03-28,sh.603699,17.3500,17.6100,17.2600,17.2900,17.7600,6093106,105790045.0000,3,0.812414,1,-2.646393,0
2017-03-29,sh.603699,17.3500,17.4100,17.1100,17.1700,17.2900,4078159,70282000.0000,3,0.543755,1,-0.694048,0
2017-03-30,sh.603699,17.1400,17.2200,16.6100,16.9200,17.1700,4534905,76696135.0000,3,0.604654,1,-1.456028,0
2017-03-31,sh.603699,16.8600,16.9900,16.7200,16.8000,16.9200,1996000,33621193.0000,3,0.266133,1,-0.709225,0
2017-04-05,sh.603699,16.8000,17.0400,16.7600,17.0100,16.8000,1974336,33459765.0000,3,0.263245,1,1.250006,0
2017-04-06,sh.603699,17.0000,17.3500,16.9100,17.2800,17.0100,3065406,52730076.0000,3,0.408721,1,1.587304,0
2017-04-07,sh.603699,17.3300,17.3300,17.1000,17.1500,17.2800,1979670,33995457.0000,3,0.263956,1,-0.752321,0
2017-04-10,sh.603699,17.2800,17.2800,16.8100,16.8300,17.1500,2356584,40071879.0000,3,0.314211,1,-1.865887,0
2017-04-11,sh.603699,16.8600,17.2500,16.7800,17.1700,16.8300,2317568,39278069.0000,3,0.309009,1,2.020203,0
2017-04-12,sh.603699,17.1100,17.1500,16.8500,16.8900,17.1700,1339690,22788101.0000,3,0.178625,1,-1.630755,0
2017-04-13,sh.603699,16.9800,16.9900,16.8800,16.8900,16.8900,1171313,19816244.0000,3,0.156175,1,0.000000,0
2017-04-14,sh.603699,16.8300,16.9000,16.3800,16.5100,16.8900,2711547,45025416.0000,3,0.361540,1,-2.249847,0
2017-04-17,sh.603699,16.5000,16.5400,16.3100,16.4100,16.5100,1319585,21647522.0000,3,0.175945,1,-0.605696,0
2017-04-18,sh.603699,16.4800,16.5500,16.2700,16.3100,16.4100,1089090,17891349.0000,3,0.145212,1,-0.609387,0
2017-04-19,sh.603699,16.2500,16.3800,16.0000,16.1800,16.3100,1629505,26355563.0000,3,0.217267,1,-0.797052,0
2017-04-20,sh.603699,16.2000,16.2800,16.0100,16.1300,16.1800,1198842,19333127.0000,3,0.159846,1,-0.309031,0
2017-04-21,sh.603699,16.0100,16.1700,16.0100,16.1100,16.1300,898334,14471103.0000,3,0.119778,1,-0.123984,0
2017-04-24,sh.603699,16.1000,16.1300,15.5800,15.7700,16.1100,1415963,22415683.0000,3,0.188795,1,-2.110491,0
2017-04-25,sh.603699,15.7600,15.9400,15.6400,15.7400,15.7700,724800,11438475.0000,3,0.096640,1,-0.190239,0
2017-04-26,sh.603699,15.8100,15.8800,15.7400,15.8500,15.7400,984955,15577810.0000,3,0.131327,1,0.698860,0
2017-04-27,sh.603699,15.8900,15.9800,15.5800,15.9600,15.8500,1018032,16096469.0000,3,0.135738,1,0.694004,0
2017-04-28,sh.603699,15.9800,16.1200,15.8500,16.0700,15.9600,840426,13440770.0000,3,0.112057,1,0.689221,0
2017-05-02,sh.603699,16.1000,16.1200,15.9200,15.9600,16.0700,842829,13473562.0000,3,0.112377,1,-0.684503,0
2017-05-03,sh.603699,15.9600,16.0600,15.9200,15.9300,15.9600,681401,10895709.0000,3,0.090853,1,-0.187968,0
2017-05-04,sh.603699,16.0000,16.0000,15.8400,15.8900,15.9300,608069,9672241.0000,3,0.081076,1,-0.251098,0
2017-05-05,sh.603699,15.8300,16.0500,15.8300,15.9300,15.8900,916900,14636322.0000,3,0.122253,1,0.251730,0
2017-05-08,sh.603699,15.9800,15.9800,15.6400,15.6500,15.9300,717772,11357671.0000,3,0.095703,1,-1.757694,0
2017-05-09,sh.603699,15.7200,15.7200,15.4000,15.6600,15.6500,886078,13800256.0000,3,0.118144,1,0.063899,0
2017-05-10,sh.603699,15.6500,15.7100,15.4300,15.4600,15.6600,730769,11400756.0000,3,0.097436,1,-1.277138,0
2017-05-11,sh.603699,15.0000,15.3400,14.5300,14.9200,15.4600,1790692,26759452.0000,3,0.238759,1,-3.492885,0
2017-05-12,sh.603699,14.9400,15.3000,14.9000,14.9700,14.9200,1175939,17715705.0000,3,0.156792,1,0.335122,0
2017-05-15,sh.603699,14.9500,15.0300,14.8800,14.9300,14.9700,717700,10724358.0000,3,0.095693,1,-0.267201,0
2017-05-16,sh.603699,14.9300,15.1600,14.7200,15.1100,14.9300,1042463,15525010.0000,3,0.138995,1,1.205622,0
2017-05-17,sh.603699,15.1200,15.2600,15.0300,15.1400,15.1100,999132,15122673.0000,3,0.133218,1,0.198549,0
2017-05-18,sh.603699,15.0000,15.2600,15.0000,15.1400,15.1400,1039065,15711296.0000,3,0.138542,1,0.000000,0
2017-05-19,sh.603699,15.2600,16.1400,15.1800,15.8000,15.1400,3915556,61725199.0000,3,0.522074,1,4.359312,0
2017-05-22,sh.603699,15.8600,16.2800,15.5200,15.6400,15.8000,3273692,52228155.0000,3,0.436492,1,-1.012657,0
2017-05-23,sh.603699,15.6000,15.6000,14.8100,14.8900,15.6400,2213242,33351111.0000,3,0.295099,1,-4.795396,0
2017-05-24,sh.603699,15.8000,16.3200,15.5100,15.6900,14.8900,5837981,92033054.0000,3,0.778397,1,5.372728,0
2017-05-25,sh.603699,15.3900,15.9400,15.1100,15.8600,15.6900,4679835,72442499.0000,3,0.623978,1,1.083493,0
2017-05-26,sh.603699,15.7100,16.2000,15.6300,16.0400,15.8600,4592929,73284758.0000,3,0.612391,1,1.134939,0
2017-05-31,sh.603699,16.0200,16.1000,15.6900,15.7200,16.0400,3083712,48867986.0000,3,0.411162,1,-1.995016,0
2017-06-01,sh.603699,15.6300,15.6700,15.1300,15.3100,15.7200,2373732,36516831.0000,3,0.316498,1,-2.608141,0
2017-06-02,sh.603699,15.3000,15.4800,15.0100,15.4000,15.3100,1962361,29812105.0000,3,0.261648,1,0.587846,0
2017-06-05,sh.603699,15.6000,16.1000,15.4400,15.7500,15.4000,2793226,44059924.0000,3,0.372430,1,2.272730,0
2017-06-06,sh.603699,15.6800,15.6800,15.4000,15.5600,15.7500,1370327,21274411.0000,3,0.182710,1,-1.206347,0
2017-06-07,sh.603699,15.5400,15.8300,15.5000,15.7800,15.5600,2020248,31719102.0000,3,0.269366,1,1.413877,0
2017-06-08,sh.603699,15.8600,15.8600,15.6400,15.6900,15.7800,1431332,22474028.0000,3,0.190844,1,-0.570343,0
2017-06-09,sh.603699,15.6400,15.6700,15.4100,15.5100,15.6900,1353536,21037210.0000,3,0.180471,1,-1.147223,0
2017-06-12,sh.603699,15.5100,15.5100,15.1700,15.1900,15.5100,1697362,26000966.0000,3,0.226315,1,-2.063189,0
2017-06-13,sh.603699,15.1500,15.4000,15.1500,15.3500,15.1900,946607,14494596.0000,3,0.126214,1,1.053330,0
2017-06-14,sh.603699,15.4000,15.4100,15.3100,15.3500,15.3500,986705,15163485.0000,3,0.131561,1,0.000000,0
2017-06-15,sh.603699,15.3500,15.6300,15.2400,15.5700,15.3500,1341599,20791783.0000,3,0.178880,1,1.433220,0
2017-06-16,sh.603699,15.5000,15.6700,15.5000,15.6200,15.5700,1355229,21125961.0000,3,0.180697,1,0.321132,0
2017-06-19,sh.603699,15.6100,15.7400,15.5100,15.6900,15.6200,1686497,26326752.0000,3,0.224866,1,0.448141,0
2017-06-20,sh.603699,15.6500,15.7700,15.6300,15.7400,15.6900,1528806,23991131.0000,3,0.203841,1,0.318676,0
2017-06-21,sh.603699,15.6800,15.7500,15.6300,15.7400,15.7400,1037272,16270305.0000,3,0.138303,1,0.000000,0
2017-06-22,sh.603699,15.7400,15.7700,15.4800,15.5000,15.7400,1410430,22066963.0000,3,0.188057,1,-1.524776,0
2017-06-23,sh.603699,15.4400,15.5300,15.2900,15.5000,15.5000,1114490,17190057.0000,3,0.148599,1,0.000000,0
2017-06-26,sh.603699,15.5200,15.5800,15.3800,15.5700,15.5000,1264495,19549225.0000,3,0.168599,1,0.451611,0
2017-06-27,sh.603699,15.5400,15.5800,15.4200,15.4400,15.5700,1191825,18458107.0000,3,0.158910,1,-0.834940,0
2017-06-28,sh.603699,15.4400,15.5400,15.4100,15.4800,15.4400,854389,13223744.0000,3,0.113919,1,0.259067,0
2017-06-29,sh.603699,15.5400,15.5400,15.4600,15.5000,15.4800,961559,14900519.0000,3,0.128208,1,0.129202,0
2017-06-30,sh.603699,15.4800,15.4800,15.2800,15.3800,15.5000,1260828,19371663.0000,3,0.168110,1,-0.774193,0
2017-07-03,sh.603699,15.3300,15.6300,15.3300,15.6200,15.3800,1258482,19546644.0000,3,0.167798,1,1.560467,0
2017-07-04,sh.603699,15.6800,15.6800,15.4800,15.6500,15.6200,1051245,16377312.0000,3,0.140166,1,0.192060,0
2017-07-05,sh.603699,15.6600,15.7900,15.6400,15.7800,15.6500,1430826,22522205.0000,3,0.190777,1,0.830672,0
2017-07-06,sh.603699,15.8000,16.1600,15.8000,16.1300,15.7800,3856194,61854686.0000,3,0.514159,1,2.217994,0
2017-07-07,sh.603699,15.9500,16.1600,15.7400,16.0800,15.9700,1739987,27697446.0000,3,0.231998,1,0.688789,0
2017-07-10,sh.603699,16.0800,16.2300,15.8200,16.2100,16.0800,2647493,42438599.0000,3,0.352999,1,0.808453,0
2017-07-11,sh.603699,16.2100,16.4500,16.0800,16.3800,16.2100,2947479,47993830.0000,3,0.392997,1,1.048736,0
2017-07-12,sh.603699,16.4000,16.4800,16.0200,16.2400,16.3800,1448656,23489228.0000,3,0.193154,1,-0.854697,0
2017-07-13,sh.603699,16.2400,16.3000,16.1000,16.1200,16.2400,976017,15768182.0000,3,0.130136,1,-0.738910,0
2017-07-14,sh.603699,16.1600,16.1800,16.0100,16.1200,16.1200,1500963,24165156.0000,3,0.200128,1,0.000000,0
2017-07-17,sh.603699,16.0800,16.0900,15.4800,15.5100,16.1200,1821911,28618493.0000,3,0.242921,1,-3.784123,0
2017-07-18,sh.603699,15.5100,15.6700,15.5100,15.6300,15.5100,789383,12316522.0000,3,0.105251,1,0.773694,0
2017-07-19,sh.603699,15.6300,15.7500,15.4200,15.7200,15.6300,1743951,27186798.0000,3,0.232527,1,0.575817,0
2017-07-20,sh.603699,15.7200,16.0500,15.6500,16.0000,15.7200,1777394,28332471.0000,3,0.236986,1,1.781169,0
2017-07-21,sh.603699,15.8900,16.0700,15.8500,16.0100,16.0000,1365140,21838402.0000,3,0.182019,1,0.062501,0
2017-07-24,sh.603699,15.9900,16.0700,15.8900,16.0500,16.0100,696889,11146395.0000,3,0.092919,1,0.249838,0
2017-07-25,sh.603699,16.0800,16.0800,15.8700,16.0200,16.0500,1602315,25558340.0000,3,0.213642,1,-0.186908,0
2017-07-26,sh.603699,16.0000,16.0300,15.7000,15.8300,16.0200,950350,15073658.0000,3,0.126713,1,-1.186021,0
2017-07-27,sh.603699,15.7900,15.9300,15.7000,15.8700,15.8300,1220599,19309298.0000,3,0.162747,1,0.252684,0
2017-07-28,sh.603699,15.9000,15.9400,15.7900,15.8300,15.8700,721204,11436712.0000,3,0.096161,1,-0.252048,0
2017-07-31,sh.603699,15.8300,16.1000,15.8300,16.0700,15.8300,1797750,28808266.0000,3,0.239700,1,1.516107,0
2017-08-01,sh.603699,16.2000,16.2000,15.9600,15.9900,16.0700,1085447,17420733.0000,3,0.144726,1,-0.497822,0
2017-08-02,sh.603699,15.9100,16.0700,15.8900,15.9800,15.9900,895916,14299489.0000,3,0.119455,1,-0.062541,0
2017-08-03,sh.603699,15.9500,16.0800,15.8700,16.0600,15.9800,1131008,18125133.0000,3,0.150801,1,0.500625,0
2017-08-04,sh.603699,16.1000,16.1000,15.9900,16.0700,16.0600,1198185,19211480.0000,3,0.159758,1,0.062268,0
2017-08-07,sh.603699,16.0300,16.1800,15.9600,16.1400,16.0700,1239311,19959298.0000,3,0.165241,1,0.435592,0
2017-08-08,sh.603699,16.1400,16.1800,16.0500,16.1400,16.1400,927947,14947511.0000,3,0.123726,1,0.000000,0
2017-08-09,sh.603699,16.1400,16.1500,16.0500,16.0900,16.1400,835900,13445026.0000,3,0.111453,1,-0.309785,0
2017-08-10,sh.603699,16.1200,16.1300,15.8900,16.0900,16.0900,1081328,17325116.0000,3,0.144177,1,0.000000,0
2017-08-11,sh.603699,16.0300,16.0500,15.8000,15.8500,16.0900,924701,14723027.0000,3,0.123293,1,-1.491608,0
2017-08-14,sh.603699,15.8500,16.0500,15.8500,16.0100,15.8500,1099977,17585438.0000,3,0.146664,1,1.009463,0
2017-08-15,sh.603699,16.0200,16.0600,15.9200,16.0000,16.0100,610100,9752296.0000,3,0.081347,1,-0.062462,0
2017-08-16,sh.603699,15.9600,16.2200,15.9300,16.2000,16.0000,3955115,63723715.0000,3,0.527349,1,1.250005,0
2017-08-17,sh.603699,16.2000,16.2400,16.0900,16.2000,16.2000,1032284,16692494.0000,3,0.137638,1,0.000000,0
2017-08-18,sh.603699,16.1500,16.3600,16.1100,16.2800,16.2000,1708391,27703368.0000,3,0.227785,1,0.493827,0
2017-08-21,sh.603699,16.3000,16.4500,16.1800,16.2600,16.2800,1469936,23896623.0000,3,0.195991,1,-0.122853,0
2017-08-22,sh.603699,16.2600,16.3400,16.1800,16.2500,16.2600,1270397,20621206.0000,3,0.169386,1,-0.061502,0
2017-08-23,sh.603699,16.2500,16.3000,16.1500,16.2700,16.2500,802752,13026361.0000,3,0.107034,1,0.123080,0
2017-08-24,sh.603699,16.2700,16.3600,16.1200,16.3300,16.2700,1301600,21139587.0000,3,0.173547,1,0.368774,0
2017-08-25,sh.603699,16.3100,16.4100,16.2100,16.3900,16.3300,2766630,45124308.0000,3,0.368884,1,0.367419,0
2017-08-28,sh.603699,16.4000,16.4200,16.2800,16.3100,16.3900,2701410,44152670.0000,3,0.360188,1,-0.488102,0
2017-08-29,sh.603699,16.4200,16.4200,16.2300,16.2900,16.3100,1842087,29993043.0000,3,0.245612,1,-0.122615,0
2017-08-30,sh.603699,16.2600,16.3100,16.1700,16.1800,16.2900,1695100,27511568.0000,3,0.226013,1,-0.675265,0
2017-08-31,sh.603699,16.2100,16.2800,16.1700,16.2100,16.1800,832600,13498981.0000,3,0.111013,1,0.185407,0
2017-09-01,sh.603699,16.2100,16.2600,16.1600,16.2400,16.2100,890298,14422307.0000,3,0.118706,1,0.185075,0
2017-09-04,sh.603699,16.2800,16.2800,16.1600,16.2400,16.2400,692589,11223254.0000,3,0.092345,1,0.000000,0
2017-09-05,sh.603699,16.2000,16.2400,16.1600,16.2100,16.2400,838222,13582760.0000,3,0.111763,1,-0.184733,0
2017-09-06,sh.603699,16.2100,16.2100,16.1300,16.1800,16.2100,700371,11320995.0000,3,0.093383,1,-0.185063,0
2017-09-07,sh.603699,16.1900,16.2900,16.1600,16.1800,16.1800,884445,14351299.0000,3,0.117926,1,0.000000,0
2017-09-08,sh.603699,16.1900,16.2500,16.1400,16.2000,16.1800,711348,11511836.0000,3,0.094846,1,0.123612,0
2017-09-11,sh.603699,16.2000,16.2800,16.1500,16.2300,16.2000,636401,10313890.0000,3,0.084853,1,0.185178,0
2017-09-12,sh.603699,16.2200,16.2700,16.1700,16.2100,16.2300,1009705,16364707.0000,3,0.134627,1,-0.123231,0
2017-09-13,sh.603699,16.2100,16.2600,16.1700,16.2600,16.2100,913466,14808470.0000,3,0.121795,1,0.308459,0
2017-09-14,sh.603699,16.2800,16.5000,16.2800,16.4600,16.2600,2319258,38025151.0000,3,0.309234,1,1.230005,0
2017-09-15,sh.603699,16.4100,16.5700,16.3500,16.5600,16.4600,2025299,33372413.0000,3,0.270040,1,0.607536,0
2017-09-18,sh.603699,16.5600,16.6500,16.4500,16.5700,16.5600,1202396,19894435.0000,3,0.160319,1,0.060388,0
2017-09-19,sh.603699,16.5500,16.6400,16.2600,16.3100,16.5700,1452524,23877930.0000,3,0.193670,1,-1.569102,0
2017-09-20,sh.603699,16.3600,16.6000,16.2800,16.4400,16.3100,4859900,80005664.0000,3,0.647987,1,0.797064,0
2017-09-21,sh.603699,16.4000,16.5900,16.3800,16.4800,16.4400,4514412,74426106.0000,3,0.601922,1,0.243303,0
2017-09-22,sh.603699,16.4400,16.7000,16.1100,16.4800,16.4800,3671100,60504653.0000,3,0.489480,1,0.000000,0
2017-09-25,sh.603699,16.3400,16.5700,16.3000,16.4400,16.4800,1046950,17215605.0000,3,0.139593,1,-0.242712,0
2017-09-26,sh.603699,16.4200,16.4700,16.2000,16.2300,16.4400,1687546,27506188.0000,3,0.225006,1,-1.277378,0
2017-09-27,sh.603699,16.2300,16.4000,16.1400,16.2500,16.2300,1305888,21215709.0000,3,0.174118,1,0.123231,0
2017-09-28,sh.603699,16.2000,16.2900,16.1200,16.1300,16.2500,1118100,18081631.0000,3,0.149080,1,-0.738467,0
2017-09-29,sh.603699,16.2000,16.5400,16.2000,16.4600,16.1300,1759448,28854956.0000,3,0.234593,1,2.045877,0
2017-10-09,sh.603699,16.4600,16.6300,16.4500,16.5700,16.4600,1184822,19584411.0000,3,0.157976,1,0.668291,0
2017-10-10,sh.603699,16.6700,16.6700,16.4500,16.5600,16.5700,789962,13055134.0000,3,0.105328,1,-0.060351,0
2017-10-11,sh.603699,16.6000,16.6000,16.4500,16.4800,16.5600,669562,11042415.0000,3,0.089275,1,-0.483091,0
2017-10-12,sh.603699,16.4700,16.6300,16.4000,16.4400,16.4800,636900,10511018.0000,3,0.084920,1,-0.242712,0
2017-10-13,sh.603699,16.3500,16.7100,16.2800,16.5900,16.4400,2976434,49288602.0000,3,0.396858,1,0.912406,0
2017-10-16,sh.603699,16.5600,16.7300,16.3900,16.6800,16.5900,3064108,50704004.0000,3,0.408548,1,0.542496,0
2017-10-17,sh.603699,16.6800,16.8900,16.6000,16.7500,16.6800,3243663,54430996.0000,3,0.432488,1,0.419662,0
2017-10-18,sh.603699,16.7000,16.7900,16.5500,16.7600,16.7500,1810279,30166660.0000,3,0.241371,1,0.059703,0
2017-10-19,sh.603699,16.7400,16.8800,16.5700,16.6200,16.7600,2455140,40997184.0000,3,0.327352,1,-0.835319,0
2017-10-20,sh.603699,16.6200,16.8300,16.5500,16.8200,16.6200,1521662,25360473.0000,3,0.202888,1,1.203362,0
2017-10-23,sh.603699,16.8600,16.9200,16.6400,16.7600,16.8200,1485299,24840677.0000,3,0.198040,1,-0.356715,0
2017-10-24,sh.603699,16.8000,16.8000,16.6400,16.7000,16.7600,996000,16630220.0000,3,0.132800,1,-0.357992,0
2017-10-25,sh.603699,16.6000,16.7500,16.5700,16.7300,16.7000,1618200,26952415.0000,3,0.215760,1,0.179633,0
2017-10-26,sh.603699,16.7500,17.1500,16.6200,17.0600,16.7300,3280622,55240726.0000,3,0.437416,1,1.972504,0
2017-10-27,sh.603699,17.0600,17.3400,16.9600,17.2100,17.0600,5235113,90075892.0000,3,0.698015,1,0.879247,0
2017-10-30,sh.603699,17.2800,17.4500,17.1000,17.1700,17.2100,3640656,62739855.0000,3,0.485421,1,-0.232417,0
2017-10-31,sh.603699,17.1600,17.7600,17.1600,17.6900,17.1700,6622500,115962451.0000,3,0.883000,1,3.028541,0
2017-11-01,sh.603699,17.7500,17.8800,17.4600,17.5600,17.6900,2785900,49034581.0000,3,0.371453,1,-0.734885,0
2017-11-02,sh.603699,17.5900,17.8200,17.2000,17.6500,17.5600,2708122,47793921.0000,3,0.361083,1,0.512529,0
2017-11-03,sh.603699,17.5300,17.8600,17.4000,17.8500,17.6500,3671122,64906346.0000,3,0.489483,1,1.133149,0
2017-11-06,sh.603699,17.8500,18.8300,17.7100,18.5800,17.8500,8026541,148033285.0000,3,1.070205,1,4.089633,0
2017-11-07,sh.603699,18.6000,18.8300,18.4000,18.6100,18.5800,3024106,56187130.0000,3,0.403214,1,0.161468,0
2017-11-08,sh.603699,18.6100,18.9900,18.4500,18.7900,18.6100,3428333,64170200.0000,3,0.457111,1,0.967224,0
2017-11-09,sh.603699,18.7800,19.0500,18.6200,19.0200,18.7900,2591182,48968379.0000,3,0.345491,1,1.224053,0
2017-11-10,sh.603699,19.4300,19.5300,18.4700,18.8000,19.0200,8980145,169225125.0000,3,1.197353,1,-1.156684,0
2017-11-13,sh.603699,18.7200,18.9400,18.5400,18.8000,18.8000,5272476,98647611.0000,3,0.702997,1,0.000000,0
2017-11-14,sh.603699,18.8000,18.8900,18.6000,18.7000,18.8000,2147274,40076710.0000,3,0.286303,1,-0.531907,0
2017-11-15,sh.603699,18.6000,18.7500,18.4200,18.6800,18.7000,2244601,41724840.0000,3,0.299280,1,-0.106954,0
2017-11-16,sh.603699,18.7100,18.8800,18.6400,18.7000,18.6800,1541484,28844583.0000,3,0.205531,1,0.107069,0
2017-11-17,sh.603699,18.7100,18.7600,18.1600,18.2000,18.7000,3892695,71509534.0000,3,0.519026,1,-2.673797,0
2017-11-20,sh.603699,18.2500,18.8700,17.9100,18.7100,18.2000,2595329,47615364.0000,3,0.346044,1,2.802188,0
2017-11-21,sh.603699,18.7000,18.8800,18.5100,18.7600,18.7100,1400533,26186862.0000,3,0.186738,1,0.267243,0
2017-11-22,sh.603699,18.7200,18.9000,18.5400,18.7100,18.7600,1788500,33379151.0000,3,0.238467,1,-0.266531,0
2017-11-23,sh.603699,18.7100,18.7100,18.3300,18.4300,18.7100,1479810,27286562.0000,3,0.197308,1,-1.496519,0
2017-11-24,sh.603699,18.4300,18.7500,18.3800,18.4400,18.4300,1689944,31347003.0000,3,0.225326,1,0.054261,0
2017-11-27,sh.603699,18.3900,18.4300,18.1400,18.2500,18.4400,2062383,37669889.0000,3,0.274984,1,-1.030372,0
2017-11-28,sh.603699,18.2800,18.5500,18.2000,18.3300,18.2500,1148684,21090269.0000,3,0.153158,1,0.438356,0
2017-11-29,sh.603699,18.3300,18.3700,18.2000,18.2900,18.3300,880100,16067436.0000,3,0.117347,1,-0.218216,0
2017-11-30,sh.603699,18.2900,18.3200,18.1800,18.2900,18.2900,1223800,22337221.0000,3,0.163173,1,0.000000,0
2017-12-01,sh.603699,18.3000,18.5800,18.2300,18.2900,18.2900,920400,16921211.0000,3,0.122720,1,0.000000,0
2017-12-04,sh.603699,18.3500,18.5200,18.1100,18.3500,18.2900,2810380,51441660.0000,3,0.374717,1,0.328045,0
2017-12-05,sh.603699,18.3500,18.4900,18.0700,18.0800,18.3500,1233502,22487854.0000,3,0.164467,1,-1.471392,0
2017-12-06,sh.603699,18.0300,18.4700,17.9900,18.4500,18.0800,1492846,27253679.0000,3,0.199046,1,2.046465,0
2017-12-07,sh.603699,18.4500,18.7700,18.3400,18.5900,18.4500,2436800,45346634.0000,3,0.324907,1,0.758804,0
2017-12-08,sh.603699,18.6000,18.8500,18.5100,18.7800,18.5900,2185977,40867313.0000,3,0.291464,1,1.022058,0
2017-12-11,sh.603699,18.8400,19.2000,18.7800,18.8900,18.7800,2908701,55291712.0000,3,0.387827,1,0.585723,0
2017-12-12,sh.603699,18.9000,19.0000,18.7000,18.9300,18.8900,2185101,41183808.0000,3,0.291347,1,0.211757,0
2017-12-13,sh.603699,18.8000,19.3900,18.8000,19.1200,18.9300,1784634,34189171.0000,3,0.237951,1,1.003701,0
2017-12-14,sh.603699,19.1000,19.2500,18.7500,18.9900,19.1200,1863700,35342759.0000,3,0.248493,1,-0.679922,0
2017-12-15,sh.603699,18.9600,19.0100,18.6400,18.7600,18.9900,2859684,53707924.0000,3,0.381291,1,-1.211161,0
2017-12-18,sh.603699,18.7500,18.8600,18.6100,18.6300,18.7600,766551,14335411.0000,3,0.102207,1,-0.692969,0
2017-12-19,sh.603699,18.6300,18.7800,18.4000,18.6800,18.6300,1845257,34278737.0000,3,0.246034,1,0.268390,0
2017-12-20,sh.603699,18.7000,19.0700,18.6400,18.9100,18.6800,3029472,57241806.0000,3,0.403930,1,1.231261,0
2017-12-21,sh.603699,18.9300,18.9800,18.7200,18.9200,18.9100,2681186,50491994.0000,3,0.357491,1,0.052883,0
2017-12-22,sh.603699,18.8600,19.1800,18.8100,18.9400,18.9200,2063131,39103162.0000,3,0.275084,1,0.105711,0
2017-12-25,sh.603699,18.9400,18.9600,18.7500,18.8200,18.9400,918684,17281633.0000,3,0.122491,1,-0.633584,0
2017-12-26,sh.603699,18.8100,19.1500,18.7500,19.1400,18.8200,1760496,33377495.0000,3,0.234733,1,1.700317,0
2017-12-27,sh.603699,19.1400,19.2300,18.9000,18.9800,19.1400,2142981,40863743.0000,3,0.285731,1,-0.835945,0
2017-12-28,sh.603699,18.8800,18.9900,18.7200,18.8900,18.9800,1329374,25092365.0000,3,0.177250,1,-0.474184,0
2017-12-29,sh.603699,18.8000,19.3000,18.2300,19.2300,18.8900,6296819,117796812.0000,3,0.839576,1,1.799895,0
2018-01-02,sh.603699,19.2700,19.9500,19.1800,19.7400,19.2300,4867054,95584015.0000,3,0.648941,1,2.652107,0
2018-01-03,sh.603699,19.7400,20.1300,19.5500,19.7700,19.7400,2822151,55953599.0000,3,0.376287,1,0.151979,0
2018-01-04,sh.603699,19.7800,20.2200,19.7000,19.8800,19.7700,2825456,56113675.0000,3,0.376727,1,0.556392,0
2018-01-05,sh.603699,19.8000,19.8300,19.6500,19.8100,19.8800,1664082,32810471.0000,3,0.221878,1,-0.352111,0
2018-01-08,sh.603699,19.8000,20.1600,19.6900,20.1300,19.8100,2226123,44506298.0000,3,0.296816,1,1.615344,0
2018-01-09,sh.603699,20.1000,20.4200,19.9800,19.9900,20.1300,2197800,44355344.0000,3,0.293040,1,-0.695476,0
2018-01-10,sh.603699,19.9500,20.1600,19.7500,19.9200,19.9900,1474948,29402941.0000,3,0.196660,1,-0.350174,0
2018-01-11,sh.603699,19.9200,20.1200,19.7700,20.1000,19.9200,1318938,26321591.0000,3,0.175858,1,0.903616,0
2018-01-12,sh.603699,20.1100,20.2800,20.0000,20.1800,20.1000,1740263,35085999.0000,3,0.232035,1,0.398010,0
2018-01-15,sh.603699,20.1500,20.1700,19.5600,19.5900,20.1800,2481111,49102760.0000,3,0.330815,1,-2.923687,0
2018-01-16,sh.603699,19.7500,19.8400,19.6300,19.7600,19.5900,1626120,32086821.0000,3,0.216816,1,0.867790,0
2018-01-17,sh.603699,19.7500,19.8000,19.5800,19.7800,19.7600,1236665,24357971.0000,3,0.164889,1,0.101217,0
2018-01-18,sh.603699,19.8800,20.0500,19.6800,19.9100,19.7800,1237063,24630919.0000,3,0.164942,1,0.657225,0
2018-01-19,sh.603699,19.9000,20.0200,19.8000,20.0000,19.9100,1039733,20735649.0000,3,0.138631,1,0.452035,0
2018-01-22,sh.603699,20.0100,20.3000,19.8600,20.0700,20.0000,1679481,33752115.0000,3,0.223931,1,0.349998,0
2018-01-23,sh.603699,20.0900,20.3300,20.0000,20.1400,20.0700,1601463,32298797.0000,3,0.213528,1,0.348778,0
2018-01-24,sh.603699,20.1400,20.2600,19.7600,20.0500,20.1400,2507425,49832924.0000,3,0.334323,1,-0.446873,0
2018-01-25,sh.603699,20.0000,20.4500,19.8100,20.2000,20.0500,3102433,62212631.0000,3,0.413658,1,0.748137,0
2018-01-26,sh.603699,20.0800,20.3300,20.0400,20.1100,20.2000,985802,19850297.0000,3,0.131440,1,-0.445545,0
2018-01-29,sh.603699,20.0600,20.2300,20.0000,20.0600,20.1100,975451,19585901.0000,3,0.130060,1,-0.248638,0
2018-01-30,sh.603699,20.0600,21.7500,19.9500,21.4500,20.0600,7881455,162332669.0000,3,1.050861,1,6.929219,0
2018-01-31,sh.603699,21.5000,22.0900,20.8000,20.8400,21.4500,7587256,160925813.0000,3,1.011634,1,-2.843826,0
2018-02-01,sh.603699,20.0000,20.2100,18.7600,18.7600,20.8400,5522602,107161487.0000,3,0.736347,1,-9.980806,0
2018-02-02,sh.603699,16.8800,16.8800,16.8800,16.8800,18.7600,615700,10393016.0000,3,0.082093,1,-10.021330,0
2018-02-05,sh.603699,16.8800,16.8800,16.8800,16.8800,16.8800,0,0.0000,3,,0,0.000000,0
2018-02-06,sh.603699,16.8800,16.8800,16.8800,16.8800,16.8800,0,0.0000,3,,0,0.000000,0
2018-02-07,sh.603699,16.8800,16.8800,16.8800,16.8800,16.8800,0,0.0000,3,,0,0.000000,0
2018-02-08,sh.603699,16.8800,16.8800,16.8800,16.8800,16.8800,0,0.0000,3,,0,0.000000,0
2018-02-09,sh.603699,16.8800,16.8800,16.8800,16.8800,16.8800,0,0.0000,3,,0,0.000000,0
2018-02-12,sh.603699,16.8800,16.8800,16.8800,16.8800,16.8800,0,0.0000,3,,0,0.000000,0
2018-02-13,sh.603699,16.8800,16.8800,16.8800,16.8800,16.8800,0,0.0000,3,,0,0.000000,0
2018-02-14,sh.603699,16.8800,16.8800,16.8800,16.8800,16.8800,0,0.0000,3,,0,0.000000,0
2018-02-22,sh.603699,16.8800,16.8800,16.8800,16.8800,16.8800,0,0.0000,3,,0,0.000000,0
2018-02-23,sh.603699,16.8800,16.8800,16.8800,16.8800,16.8800,0,0.0000,3,,0,0.000000,0
2018-02-26,sh.603699,15.1900,16.7000,15.1900,16.4100,16.8800,14755146,229753477.0000,3,1.967353,1,-2.784356,0
2018-02-27,sh.603699,16.3200,16.5700,15.8800,16.3500,16.4100,5198218,84195296.0000,3,0.693096,1,-0.365627,0
2018-02-28,sh.603699,16.2000,16.5400,16.0800,16.4200,16.3500,2035710,33332851.0000,3,0.271428,1,0.428133,0
2018-03-01,sh.603699,16.4300,17.1000,16.3000,16.9500,16.4200,3636362,61440772.0000,3,0.484848,1,3.227775,0
2018-03-02,sh.603699,16.9000,17.1800,16.7100,16.8900,16.9500,1741575,29430140.0000,3,0.232210,1,-0.353990,0
2018-03-05,sh.603699,16.8900,17.7000,16.8200,17.0800,16.8900,2691415,46372696.0000,3,0.358855,1,1.124929,0
2018-03-06,sh.603699,17.0800,17.3000,16.9000,17.1600,17.0800,1524360,26055586.0000,3,0.203248,1,0.468384,0
2018-03-07,sh.603699,17.1600,18.0600,17.1300,17.6800,17.1600,5627221,99403415.0000,3,0.750296,1,3.030306,0
2018-03-08,sh.603699,17.6200,18.1300,17.6200,18.0000,17.6800,2766859,49810887.0000,3,0.368915,1,1.809953,0
2018-03-09,sh.603699,17.9700,18.2300,17.8000,18.0900,18.0000,1354000,24492064.0000,3,0.180533,1,0.500001,0
2018-03-12,sh.603699,18.2000,18.2700,18.0300,18.2500,18.0900,1353910,24562518.0000,3,0.180521,1,0.884466,0
2018-03-13,sh.603699,18.1100,18.3500,18.1000,18.1100,18.2500,1221200,22220488.0000,3,0.162827,1,-0.767120,0
2018-03-14,sh.603699,18.0700,18.4500,18.0200,18.1900,18.1100,1963000,35936364.0000,3,0.261733,1,0.441744,0
2018-03-15,sh.603699,18.1600,18.4400,17.7700,17.8000,18.1900,2095769,37732893.0000,3,0.279436,1,-2.144042,0
2018-03-16,sh.603699,17.7200,18.1000,17.6600,17.8000,17.8000,1646293,29411758.0000,3,0.219506,1,0.000000,0
2018-03-19,sh.603699,17.7600,18.1300,17.5800,18.0700,17.8000,2332048,41616306.0000,3,0.310940,1,1.516857,0
2018-03-20,sh.603699,18.0700,18.7600,17.8600,18.6000,18.0700,4234173,78043510.0000,3,0.564556,1,2.933042,0
2018-03-21,sh.603699,18.6900,18.8000,18.5300,18.5900,18.6000,1310901,24497898.0000,3,0.174787,1,-0.053765,0
2018-03-22,sh.603699,18.5800,18.8100,18.4000,18.8000,18.5900,1123063,20954249.0000,3,0.149742,1,1.129635,0
2018-03-23,sh.603699,18.4600,18.8000,18.1200,18.2300,18.8000,2385700,43879134.0000,3,0.318093,1,-3.031913,0
2018-03-26,sh.603699,18.0400,18.6100,17.9900,18.5900,18.2300,1573086,28703910.0000,3,0.209745,1,1.974770,0
2018-03-27,sh.603699,18.5200,19.0200,18.5200,18.9300,18.5900,2272681,42862859.0000,3,0.303024,1,1.828941,0
2018-03-28,sh.603699,18.9300,18.9600,18.7600,18.8300,18.9300,1516400,28610117.0000,3,0.202187,1,-0.528264,0
2018-03-29,sh.603699,18.8100,19.1000,18.8100,18.8700,18.8300,1257400,23830047.0000,3,0.167653,1,0.212432,0
2018-03-30,sh.603699,18.9700,19.3900,18.8600,19.3800,18.8700,2369511,45188195.0000,3,0.315935,1,2.702694,0
2018-04-02,sh.603699,19.4200,19.9100,19.3000,19.4200,19.3800,4636001,91019516.0000,3,0.618133,1,0.206403,0
2018-04-03,sh.603699,19.2200,19.4800,19.0900,19.1700,19.4200,1122043,21564685.0000,3,0.149606,1,-1.287333,0
2018-04-04,sh.603699,19.3000,19.4100,19.0800,19.1700,19.1700,764901,14713415.0000,3,0.101987,1,0.000000,0
2018-04-09,sh.603699,19.1600,19.3600,18.8100,18.9000,19.1700,993700,18834272.0000,3,0.132493,1,-1.408453,0
2018-04-10,sh.603699,19.1100,19.1500,18.8000,18.9900,18.9000,1038690,19681848.0000,3,0.138492,1,0.476191,0
2018-04-11,sh.603699,19.0000,19.0800,18.9200,19.0800,18.9900,1460295,27742817.0000,3,0.194706,1,0.473934,0
2018-04-12,sh.603699,19.1100,19.2400,18.9900,18.9900,19.0800,1181400,22506743.0000,3,0.157520,1,-0.471699,0
2018-04-13,sh.603699,18.9900,19.1600,18.9500,18.9600,18.9900,2105200,39993879.0000,3,0.280693,1,-0.157981,0
2018-04-16,sh.603699,18.8900,19.0800,18.7900,18.9800,18.9600,1323800,25046938.0000,3,0.176507,1,0.105488,0
2018-04-17,sh.603699,18.9100,19.0500,18.7700,18.9000,18.9800,701871,13263519.0000,3,0.093583,1,-0.421496,0
2018-04-18,sh.603699,19.0500,19.2600,18.3000,19.1500,18.9000,4872651,91467583.0000,3,0.649687,1,1.322751,0
2018-04-19,sh.603699,19.1300,19.9600,19.1300,19.4600,19.1500,5306675,103618506.0000,3,0.707557,1,1.618796,0
2018-04-20,sh.603699,19.5000,19.5000,19.2100,19.2800,19.4600,2483100,47955511.0000,3,0.331080,1,-0.924966,0
2018-04-23,sh.603699,19.1900,19.3900,18.9100,19.2900,19.2800,4462844,85380896.0000,3,0.595046,1,0.051868,0
2018-04-24,sh.603699,19.3000,19.8400,19.3000,19.6600,19.2900,3920944,76831628.0000,3,0.522793,1,1.918087,0
2018-04-25,sh.603699,19.6500,20.0000,19.0200,19.7700,19.6600,4002644,78844602.0000,3,0.533686,1,0.559515,0
2018-04-26,sh.603699,19.7200,19.8900,19.6000,19.7300,19.7700,3064337,60344892.0000,3,0.408578,1,-0.202331,0
2018-04-27,sh.603699,19.7300,20.1500,19.6300,20.1300,19.7300,3228263,64192896.0000,3,0.430435,1,2.027368,0
2018-05-02,sh.603699,20.1300,20.2500,20.0000,20.2100,20.1300,2356472,47492951.0000,3,0.314196,1,0.397416,0
2018-05-03,sh.603699,20.1000,20.2800,19.9900,20.2000,20.2100,2493656,50201576.0000,3,0.332487,1,-0.049472,0
2018-05-04,sh.603699,20.1800,20.2200,19.8800,19.8900,20.2000,1128400,22624113.0000,3,0.150453,1,-1.534660,0
2018-05-07,sh.603699,19.9100,20.1300,19.8400,19.9600,19.8900,1104787,22040142.0000,3,0.147305,1,0.351934,0
2018-05-08,sh.603699,19.9600,19.9700,19.5700,19.7200,19.9600,1048150,20664978.0000,3,0.139753,1,-1.202404,0
2018-05-09,sh.603699,19.8500,19.8500,19.5900,19.7100,19.7200,1196600,23588463.0000,3,0.159547,1,-0.050711,0
2018-05-10,sh.603699,19.7500,19.8500,19.6200,19.7700,19.7100,1218241,24046684.0000,3,0.162432,1,0.304421,0
2018-05-11,sh.603699,19.7800,19.8300,19.6800,19.7100,19.7700,707898,13967950.0000,3,0.094386,1,-0.303497,0
2018-05-14,sh.603699,19.7000,19.8500,19.6500,19.8200,19.7100,926098,18313288.0000,3,0.123480,1,0.558095,0
2018-05-15,sh.603699,19.7700,20.4800,19.7600,20.3700,19.8200,4618273,93740888.0000,3,0.615770,1,2.774981,0
2018-05-16,sh.603699,20.3600,20.5200,20.2200,20.2600,20.3700,2404600,48926314.0000,3,0.320613,1,-0.540013,0
2018-05-17,sh.603699,20.2500,20.2600,20.0200,20.1700,20.2600,941387,18942731.0000,3,0.125518,1,-0.444226,0
2018-05-18,sh.603699,20.3000,20.3500,20.1000,20.3300,20.1700,1072636,21708312.0000,3,0.143018,1,0.793257,0
2018-05-21,sh.603699,20.4300,20.4800,19.8300,20.1900,20.3300,3322569,66954400.0000,3,0.443009,1,-0.688635,0
2018-05-22,sh.603699,20.1400,20.2800,20.0200,20.2600,20.1900,1061196,21425586.0000,3,0.141493,1,0.346705,0
2018-05-23,sh.603699,20.2200,20.2700,19.8500,20.0100,20.2600,1710300,34240956.0000,3,0.228040,1,-1.233959,0
2018-05-24,sh.603699,19.9800,20.1300,19.8100,19.9300,20.0100,1312688,26133540.0000,3,0.175025,1,-0.399800,0
2018-05-25,sh.603699,19.8000,19.9900,19.6900,19.9200,19.9300,1293337,25631812.0000,3,0.172445,1,-0.050177,0
2018-05-28,sh.603699,19.9200,20.0200,19.8400,19.9500,19.9200,1445416,28745503.0000,3,0.192722,1,0.150606,0
2018-05-29,sh.603699,19.8600,19.9500,19.7500,19.8500,19.9500,3248533,64374071.0000,3,0.433138,1,-0.501255,0
2018-05-30,sh.603699,19.7300,19.8900,19.6600,19.7600,19.8500,1520400,30067964.0000,3,0.202720,1,-0.453401,0
2018-05-31,sh.603699,19.7700,20.0100,19.7700,19.9300,19.7600,1735100,34496137.0000,3,0.231347,1,0.860324,0
2018-06-01,sh.603699,19.9900,20.0000,19.7400,19.9600,19.9300,1790300,35619969.0000,3,0.238707,1,0.150521,0
2018-06-04,sh.603699,19.9100,19.9800,19.8000,19.9600,19.9600,2465849,49074562.0000,3,0.328780,1,0.000000,0
2018-06-05,sh.603699,19.9000,20.5700,19.8800,20.5500,19.9600,3819163,76921599.0000,3,0.509222,1,2.955913,0
2018-06-06,sh.603699,20.5800,20.6800,20.3700,20.6100,20.5500,2923711,60066022.0000,3,0.389828,1,0.291978,0
2018-06-07,sh.603699,20.6300,20.6300,20.4100,20.4200,20.6100,989848,20260889.0000,3,0.131980,1,-0.921885,0
2018-06-08,sh.603699,20.4300,20.5200,20.3500,20.4300,20.4200,1222760,24960791.0000,3,0.163035,1,0.048973,0
2018-06-11,sh.603699,20.4000,20.5900,20.4000,20.5600,20.4300,1410400,28941283.0000,3,0.188053,1,0.636315,0
2018-06-12,sh.603699,20.5400,20.6600,20.5000,20.6000,20.5600,1398572,28804472.0000,3,0.186476,1,0.194557,0
2018-06-13,sh.603699,20.5600,20.7000,20.1800,20.3700,20.6000,3083537,62617618.0000,3,0.411138,1,-1.116503,0
2018-06-14,sh.603699,20.3000,20.6000,20.2900,20.5900,20.3700,2245148,45873321.0000,3,0.299353,1,1.080016,0
2018-06-15,sh.603699,20.5600,20.6400,20.4600,20.6100,20.5900,1103950,22653590.0000,3,0.147193,1,0.097137,0
2018-06-19,sh.603699,20.5400,20.5400,18.5500,18.5500,20.6100,5678173,113604907.0000,3,0.757090,1,-9.995154,0
2018-06-20,sh.603699,16.7000,17.9800,16.7000,17.4400,18.5500,5447375,92542136.0000,3,0.726317,1,-5.983821,0
2018-06-21,sh.603699,15.7000,15.7000,15.7000,15.7000,17.4400,1383800,21725660.0000,3,0.184507,1,-9.977068,0
2018-06-22,sh.603699,14.1300,14.1300,14.1300,14.1300,15.7000,1012900,14312277.0000,3,0.135053,1,-9.999998,0
2018-06-25,sh.603699,12.7200,14.6000,12.7200,13.4800,14.1300,8841317,115934754.0000,3,1.178842,1,-4.600146,0
2018-06-26,sh.603699,13.5000,13.6900,13.4500,13.6600,13.4800,3139972,42559187.0000,3,0.418663,1,1.335314,0
2018-06-27,sh.603699,13.6700,13.8700,13.6700,13.8200,13.6600,2868536,39625515.0000,3,0.382471,1,1.171302,0
2018-06-28,sh.603699,13.8600,14.4500,13.8600,14.2700,13.8200,3155072,44449773.0000,3,0.420676,1,3.256156,0
2018-06-29,sh.603699,14.2700,14.4900,14.2300,14.4800,14.2700,4787334,68997181.0000,3,0.638311,1,1.471612,0
2018-07-02,sh.603699,14.4500,14.4500,13.9000,14.1200,14.4800,1239500,17461914.0000,3,0.165267,1,-2.486186,0
2018-07-03,sh.603699,14.3300,14.3300,12.7100,12.7100,14.1200,2976707,39203750.0000,3,0.396894,1,-9.985834,0
2018-07-04,sh.603699,11.4400,12.3800,11.4400,11.4400,12.7100,8536530,98682606.0000,3,1.138204,1,-9.992136,0
2018-07-05,sh.603699,10.6100,10.9700,10.3500,10.6100,11.4400,11240593,119205422.0000,3,1.498746,1,-7.255244,0
2018-07-06,sh.603699,10.4000,10.6500,10.0200,10.4500,10.4500,6092231,63277977.0000,3,0.812297,1,0.000000,0
2018-07-09,sh.603699,10.5400,10.7800,10.4500,10.6500,10.4500,4403101,46780971.0000,3,0.587080,1,1.913874,0
2018-07-10,sh.603699,10.6400,10.7300,10.5200,10.7000,10.6500,2746501,29107041.0000,3,0.366200,1,0.469485,0
2018-07-11,sh.603699,10.4200,10.5500,10.1000,10.2800,10.7000,3541071,36469258.0000,3,0.472143,1,-3.925235,0
2018-07-12,sh.603699,10.3500,10.6600,10.2500,10.5000,10.2800,2852901,29909244.0000,3,0.380387,1,2.140080,0
2018-07-13,sh.603699,10.6200,10.6200,10.4000,10.5400,10.5000,1994141,20983378.0000,3,0.265885,1,0.380952,0
2018-07-16,sh.603699,10.6300,11.0300,10.5100,10.9100,10.5400,4648369,50290731.0000,3,0.619783,1,3.510435,0
2018-07-17,sh.603699,11.0100,11.1500,10.8100,11.0900,10.9100,3777691,41474867.0000,3,0.503692,1,1.649865,0
2018-07-18,sh.603699,11.0800,11.5800,10.8700,11.4200,11.0900,4553512,51727436.0000,3,0.607135,1,2.975653,0
2018-07-19,sh.603699,11.4600,11.8100,11.3500,11.6800,11.4200,4384104,51099766.0000,3,0.584547,1,2.276710,0
2018-07-20,sh.603699,11.8500,11.9100,11.6100,11.8900,11.6800,3231527,38203923.0000,3,0.430870,1,1.797945,0
2018-07-23,sh.603699,12.0300,12.5500,11.6800,12.0800,11.8900,6737895,81954721.0000,3,0.898386,1,1.597978,0
2018-07-24,sh.603699,12.1100,12.6900,11.8900,12.6100,12.0800,4409022,54561546.0000,3,0.587870,1,4.387415,0
2018-07-25,sh.603699,12.6900,12.8900,12.4300,12.6700,12.6100,4349458,55231470.0000,3,0.579928,1,0.475816,0
2018-07-26,sh.603699,12.6700,12.8400,12.4100,12.7500,12.6700,2434300,30662770.0000,3,0.324573,1,0.631412,0
2018-07-27,sh.603699,12.7400,12.8000,12.5600,12.5600,12.7500,1477355,18661954.0000,3,0.196981,1,-1.490193,0
2018-07-30,sh.603699,12.5700,12.8600,12.5000,12.7900,12.5600,1921001,24386316.0000,3,0.256133,1,1.831206,0
2018-07-31,sh.603699,12.6300,13.4100,12.5600,13.2200,12.7900,2392473,31368132.0000,3,0.318996,1,3.362004,0
2018-08-01,sh.603699,13.2500,13.4800,12.9400,13.0000,13.2200,2977931,38931667.0000,3,0.397057,1,-1.664147,0
2018-08-02,sh.603699,13.0000,13.1800,12.3000,13.1000,13.0000,3288069,41696497.0000,3,0.438409,1,0.769234,0
2018-08-03,sh.603699,13.2000,13.2000,12.6300,12.7000,13.1000,1894801,24375443.0000,3,0.252640,1,-3.053439,0
2018-08-06,sh.603699,12.9000,12.9000,12.4400,12.6600,12.7000,3031206,38173293.0000,3,0.404161,1,-0.314960,0
2018-08-07,sh.603699,12.7600,12.9300,12.6000,12.8200,12.6600,1680370,21424725.0000,3,0.224049,1,1.263822,0
2018-08-08,sh.603699,13.0000,13.3700,12.8300,13.3500,12.8200,5338688,70336553.0000,3,0.711825,1,4.134171,0
2018-08-09,sh.603699,13.3400,13.5800,13.1200,13.3900,13.3500,3628872,48553079.0000,3,0.483850,1,0.299625,0
2018-08-10,sh.603699,13.5000,13.5000,13.1700,13.2500,13.3900,2015660,26803127.0000,3,0.268755,1,-1.045559,0
2018-08-13,sh.603699,13.2500,13.5500,13.0500,13.4600,13.2500,3597111,48252369.0000,3,0.479615,1,1.584906,0
2018-08-14,sh.603699,13.5000,13.5200,13.2700,13.3900,13.4600,954900,12810584.0000,3,0.127320,1,-0.520057,0
2018-08-15,sh.603699,13.3800,13.3800,13.1200,13.2300,13.3900,684021,9048380.0000,3,0.091203,1,-1.194928,0
2018-08-16,sh.603699,13.2000,13.3500,12.9900,13.2600,13.2300,1708300,22611053.0000,3,0.227773,1,0.226763,0
2018-08-17,sh.603699,13.2600,13.4500,13.0600,13.2200,13.2600,1485800,19624203.0000,3,0.198107,1,-0.301659,0
2018-08-20,sh.603699,13.1000,13.2000,12.8000,12.9700,13.2200,1284800,16629466.0000,3,0.171307,1,-1.891074,0
2018-08-21,sh.603699,12.9600,13.3000,12.8500,13.2700,12.9700,1892600,24841365.0000,3,0.252347,1,2.313031,0
2018-08-22,sh.603699,13.2700,13.2800,13.1200,13.2000,13.2700,775100,10238685.0000,3,0.103347,1,-0.527510,0
2018-08-23,sh.603699,13.2100,13.3300,13.1500,13.3000,13.2000,1406200,18646051.0000,3,0.187493,1,0.757579,0
2018-08-24,sh.603699,13.3000,13.4100,13.1800,13.3200,13.3000,990800,13174642.0000,3,0.132107,1,0.150372,0
2018-08-27,sh.603699,13.3800,13.5800,13.0000,13.4900,13.3200,2425000,32269924.0000,3,0.323333,1,1.276277,0
2018-08-28,sh.603699,13.5100,13.5100,13.3500,13.3700,13.4900,914200,12284537.0000,3,0.121893,1,-0.889547,0
2018-08-29,sh.603699,13.4600,13.4600,13.2300,13.3500,13.3700,699521,9318192.0000,3,0.093269,1,-0.149585,0
2018-08-30,sh.603699,13.4000,13.4300,13.0800,13.1700,13.3500,542400,7147008.0000,3,0.072320,1,-1.348317,0
2018-08-31,sh.603699,13.1800,13.2900,13.1400,13.1900,13.1700,491512,6482150.0000,3,0.065535,1,0.151857,0
2018-09-03,sh.603699,13.1500,13.1800,12.8600,13.0700,13.1900,868500,11288133.0000,3,0.115800,1,-0.909779,0
2018-09-04,sh.603699,12.9700,13.4500,12.8000,13.2500,13.0700,3221900,42152565.0000,3,0.429587,1,1.377202,0
2018-09-05,sh.603699,13.1400,13.2900,12.9300,12.9500,13.2500,1086000,14262922.0000,3,0.144800,1,-2.264153,0
2018-09-06,sh.603699,12.8000,13.1500,12.6800,12.9700,12.9500,497619,6441204.0000,3,0.066349,1,0.154444,0
2018-09-07,sh.603699,12.9700,13.0300,12.4500,12.9000,12.9700,2030769,25940656.0000,3,0.270769,1,-0.539712,0
2018-09-10,sh.603699,12.9000,12.9900,12.7500,12.8300,12.9000,818900,10511875.0000,3,0.109187,1,-0.542633,0
2018-09-11,sh.603699,12.8300,12.8500,12.6000,12.6400,12.8300,1391800,17721271.0000,3,0.185573,1,-1.480901,0
2018-09-12,sh.603699,12.9600,12.9600,12.5600,12.5600,12.6400,405300,5116853.0000,3,0.054040,1,-0.632911,0
2018-09-13,sh.603699,12.6200,12.7200,12.3100,12.3600,12.5600,759400,9475096.0000,3,0.101253,1,-1.592363,0
2018-09-14,sh.603699,12.3400,12.7500,12.3400,12.5700,12.3600,1207000,15155025.0000,3,0.160933,1,1.699029,0
2018-09-17,sh.603699,12.5900,12.6100,12.4200,12.4900,12.5700,617800,7697457.0000,3,0.082373,1,-0.636435,0
2018-09-18,sh.603699,12.5800,12.5800,12.3700,12.4000,12.4900,528735,6565812.0000,3,0.070498,1,-0.720578,0
2018-09-19,sh.603699,12.5200,12.6700,12.2500,12.3900,12.4000,1124900,13948316.0000,3,0.149987,1,-0.080639,0
2018-09-20,sh.603699,12.3900,12.4600,12.3800,12.4100,12.3900,1320100,16404758.0000,3,0.176013,1,0.161416,0
2018-09-21,sh.603699,12.4500,12.6000,12.3800,12.5500,12.4100,1724033,21520834.0000,3,0.229871,1,1.128125,0
2018-09-25,sh.603699,12.5000,12.8500,12.4700,12.7000,12.5500,1839900,23287356.0000,3,0.245320,1,1.195216,0
2018-09-26,sh.603699,12.6800,12.8100,12.6800,12.7700,12.7000,1988000,25351474.0000,3,0.265067,1,0.551186,0
2018-09-27,sh.603699,12.8000,12.8600,12.7200,12.7300,12.7700,1769400,22628343.0000,3,0.235920,1,-0.313241,0
2018-09-28,sh.603699,12.7500,12.8000,12.7100,12.7400,12.7300,1176723,15012877.0000,3,0.156896,1,0.078556,0
2018-10-08,sh.603699,12.7100,12.7100,12.3900,12.4100,12.7400,465325,5837657.0000,3,0.062043,1,-2.590266,0
2018-10-09,sh.603699,12.5400,12.6400,12.4700,12.5100,12.4100,1137201,14247562.0000,3,0.151627,1,0.805805,0
2018-10-10,sh.603699,12.8000,13.0500,12.5400,12.9500,12.5100,1776473,22612608.0000,3,0.236863,1,3.517183,0
2018-10-11,sh.603699,12.8900,12.9000,12.0500,12.5600,12.9500,2381808,30272626.0000,3,0.317574,1,-3.011578,0
2018-10-12,sh.603699,12.7000,12.7000,12.4100,12.7000,12.5600,2347633,29477599.0000,3,0.313018,1,1.114645,0
2018-10-15,sh.603699,12.8100,12.8400,12.6200,12.7100,12.7000,1321654,16788888.0000,3,0.176221,1,0.078742,0
2018-10-16,sh.603699,12.7300,12.7400,12.5300,12.6000,12.7100,574370,7256599.0000,3,0.076583,1,-0.865458,0
2018-10-17,sh.603699,12.6700,12.7300,12.5200,12.5200,12.6000,980726,12361533.0000,3,0.130763,1,-0.634920,0
2018-10-18,sh.603699,12.5500,12.6300,12.0300,12.1500,12.5200,2486963,30784874.0000,3,0.331595,1,-2.955278,0
2018-10-19,sh.603699,12.1500,12.1500,10.9400,10.9400,12.1500,2396100,26316940.0000,3,0.319480,1,-9.958848,0
2018-10-22,sh.603699,9.8500,11.4900,9.8500,11.1700,10.9400,3389594,35750510.0000,3,0.451946,1,2.102381,0
2018-10-23,sh.603699,10.8100,11.4500,10.7800,11.0500,11.1700,2910529,32254510.0000,3,0.388071,1,-1.074305,0
2018-10-24,sh.603699,10.9800,11.0700,10.8700,10.9600,11.0500,1060300,11614305.0000,3,0.141373,1,-0.814481,0
2018-10-25,sh.603699,10.8900,10.9000,10.5400,10.6900,10.9600,1190248,12658697.0000,3,0.158700,1,-2.463508,0
2018-10-26,sh.603699,10.8200,11.1100,10.7100,10.9600,10.6900,3230800,35293038.0000,3,0.430773,1,2.525729,0
2018-10-29,sh.603699,10.8800,11.0600,10.7200,10.8200,10.9600,482106,5221777.0000,3,0.064281,1,-1.277375,0
2018-10-30,sh.603699,10.9700,10.9700,10.7100,10.8300,10.8200,1520613,16480589.0000,3,0.202748,1,0.092424,0
2018-10-31,sh.603699,10.8300,11.0200,10.8300,10.8700,10.8300,2430593,26496454.0000,3,0.324079,1,0.369344,0
2018-11-01,sh.603699,10.8200,10.9700,10.7600,10.8500,10.8700,2609472,28413941.0000,3,0.347930,1,-0.183988,0
2018-11-02,sh.603699,10.8800,10.9700,10.8200,10.9300,10.8500,1714020,18657136.0000,3,0.228536,1,0.737326,0
2018-11-05,sh.603699,10.9000,11.0300,10.8500,11.0200,10.9300,3269758,35795818.0000,3,0.435968,1,0.823423,0
2018-11-06,sh.603699,11.0100,11.0500,10.8700,11.0100,11.0200,3518003,38505796.0000,3,0.469067,1,-0.090746,0
2018-11-07,sh.603699,11.0600,11.1500,10.9600,11.0100,11.0100,2078442,22964030.0000,3,0.277126,1,0.000000,0
2018-11-08,sh.603699,11.0200,11.1100,10.7500,10.7900,11.0100,1286317,13972819.0000,3,0.171509,1,-1.998186,0
2018-11-09,sh.603699,10.6600,10.7900,10.6600,10.7900,10.7900,930440,9973844.0000,3,0.124059,1,0.000000,0
2018-11-12,sh.603699,10.7700,11.0100,10.7100,10.9900,10.7900,2527990,27574397.0000,3,0.337065,1,1.853566,0
2018-11-13,sh.603699,10.9500,11.2300,10.8600,11.1200,10.9900,1963500,21781792.0000,3,0.261800,1,1.182895,0
2018-11-14,sh.603699,11.1300,11.1800,10.9800,11.0000,11.1200,1669390,18456382.0000,3,0.222585,1,-1.079136,0
2018-11-15,sh.603699,10.9900,11.1600,10.8800,11.1500,11.0000,1590086,17589913.0000,3,0.212011,1,1.363633,0
2018-11-16,sh.603699,11.1500,11.9800,11.1500,11.7700,11.1500,3052565,35027458.0000,3,0.407009,1,5.560546,0
2018-11-19,sh.603699,11.8400,11.8400,11.4100,11.5000,11.7700,2567271,29657307.0000,3,0.342303,1,-2.293972,0
2018-11-20,sh.603699,11.5400,11.7000,11.4300,11.5500,11.5000,1870576,21563320.0000,3,0.249410,1,0.434784,0
2018-11-21,sh.603699,11.5000,11.5700,11.3500,11.5300,11.5500,1188299,13600709.0000,3,0.158440,1,-0.173164,0
2018-11-22,sh.603699,11.4200,11.5500,11.4000,11.4800,11.5300,672318,7699387.0000,3,0.089642,1,-0.433653,0
2018-11-23,sh.603699,11.4900,11.4900,11.0300,11.1200,11.4800,1005968,11290566.0000,3,0.134129,1,-3.135886,0
2018-11-26,sh.603699,11.0800,11.2300,11.0300,11.0700,11.1200,549700,6109114.0000,3,0.073293,1,-0.449642,0
2018-11-27,sh.603699,11.0900,11.1600,11.0500,11.0600,11.0700,542500,6021718.0000,3,0.072333,1,-0.090328,0
2018-11-28,sh.603699,11.0600,11.2000,10.9100,11.1900,11.0600,1034260,11447294.0000,3,0.137901,1,1.175399,0
2018-11-29,sh.603699,11.1200,11.2000,10.8400,11.1400,11.1900,1271296,14009299.0000,3,0.169506,1,-0.446821,0
2018-11-30,sh.603699,11.0300,11.1500,10.8800,11.0800,11.1400,856778,9418152.0000,3,0.114237,1,-0.538603,0
2018-12-03,sh.603699,11.3000,11.3700,11.1300,11.2700,11.0800,1147844,12914621.0000,3,0.153046,1,1.714806,0
2018-12-04,sh.603699,11.2800,11.7700,11.2700,11.6200,11.2700,1966218,22623308.0000,3,0.262162,1,3.105585,0
2018-12-05,sh.603699,11.3800,11.7600,11.3000,11.6000,11.6200,1387305,16065131.0000,3,0.184974,1,-0.172113,0
2018-12-06,sh.603699,11.6900,11.6900,11.4500,11.4800,11.6000,832800,9626816.0000,3,0.111040,1,-1.034490,0
2018-12-07,sh.603699,11.4900,11.7200,11.4400,11.5000,11.4800,1133633,13031907.0000,3,0.151151,1,0.174220,0
2018-12-10,sh.603699,11.4900,11.7400,11.4900,11.5600,11.5000,1177640,13663631.0000,3,0.157019,1,0.521743,0
2018-12-11,sh.603699,11.6900,11.6900,11.4600,11.5200,11.5600,634843,7316898.0000,3,0.084646,1,-0.346020,0
2018-12-12,sh.603699,11.5500,11.6100,11.4200,11.5400,11.5200,1002963,11558061.0000,3,0.133728,1,0.173607,0
2018-12-13,sh.603699,11.5900,11.8900,11.5600,11.8800,11.5400,2148089,25245559.0000,3,0.286412,1,2.946275,0
2018-12-14,sh.603699,12.0000,12.0000,11.6800,11.7300,11.8800,2307443,27150298.0000,3,0.307659,1,-1.262631,0
2018-12-17,sh.603699,11.7900,11.8800,11.6300,11.8600,11.7300,1784494,21008772.0000,3,0.237933,1,1.108270,0
2018-12-18,sh.603699,11.9000,11.9900,11.8000,11.9700,11.8600,1998004,23798351.0000,3,0.266401,1,0.927493,0
2018-12-19,sh.603699,11.9700,12.2000,11.8800,12.1500,11.9700,2292495,27707691.0000,3,0.305666,1,1.503754,0
2018-12-20,sh.603699,12.1200,12.2800,11.9300,12.0000,12.1500,2015749,24361082.0000,3,0.268767,1,-1.234565,0
2018-12-21,sh.603699,12.0200,12.0500,11.6700,11.8000,12.0000,1222887,14526474.0000,3,0.163052,1,-1.666665,0
2018-12-24,sh.603699,11.6300,11.8900,11.6300,11.7900,11.8000,3020937,35699881.0000,3,0.402792,1,-0.084748,0
2018-12-25,sh.603699,11.5700,11.7600,11.3700,11.6800,11.7900,2939082,34122581.0000,3,0.391878,1,-0.932991,0
2018-12-26,sh.603699,11.6400,12.1500,11.6100,12.1000,11.6800,3741409,44630530.0000,3,0.498855,1,3.595891,0
2018-12-27,sh.603699,12.1400,12.2800,11.8900,11.9300,12.1000,2945896,35379455.0000,3,0.392786,1,-1.404959,0
2018-12-28,sh.603699,12.1800,12.1800,11.9100,11.9500,11.9300,2776008,33309593.0000,3,0.370134,1,0.167640,0
2019-01-02,sh.603699,11.9500,12.1200,11.7000,12.1000,11.9500,2583331,30873757.0000,3,0.344444,1,1.255235,0
2019-01-03,sh.603699,12.1200,12.1400,11.4800,11.5800,12.1000,3069604,36123146.0000,3,0.409281,1,-4.297524,0
2019-01-04,sh.603699,11.5100,11.7100,11.3800,11.6500,11.5800,2779382,32240547.0000,3,0.370584,1,0.604488,0
2019-01-07,sh.603699,11.7800,11.9600,11.6700,11.7700,11.6500,2924185,34619399.0000,3,0.389891,1,1.030050,0
2019-01-08,sh.603699,11.7700,11.8700,11.5600,11.7300,11.7700,3477181,40666007.0000,3,0.463624,1,-0.339855,0
2019-01-09,sh.603699,11.6600,11.7600,11.5800,11.6200,11.7300,2711047,31611325.0000,3,0.361473,1,-0.937763,0
2019-01-10,sh.603699,11.6000,11.6500,11.4500,11.6000,11.6200,1393800,16098214.0000,3,0.185840,1,-0.172113,0
2019-01-11,sh.603699,11.4400,11.6200,11.4400,11.5400,11.6000,2452718,28258999.0000,3,0.327029,1,-0.517245,0
2019-01-14,sh.603699,11.5500,11.5600,11.2000,11.3000,11.5400,2309400,26191213.0000,3,0.307920,1,-2.079721,0
2019-01-15,sh.603699,11.2900,11.5700,11.2600,11.5600,11.3000,1495592,17162519.0000,3,0.199412,1,2.300887,0
2019-01-16,sh.603699,11.5700,11.6600,11.4000,11.5700,11.5600,1159400,13436188.0000,3,0.154587,1,0.086499,0
2019-01-17,sh.603699,11.6400,11.7500,11.2700,11.4000,11.5700,1429969,16384180.0000,3,0.190663,1,-1.469318,0
2019-01-18,sh.603699,11.3800,11.4300,11.2300,11.3400,11.4000,1231258,13938993.0000,3,0.164168,1,-0.526311,0
2019-01-21,sh.603699,11.3400,11.4600,11.3100,11.4000,11.3400,684718,7797246.0000,3,0.091296,1,0.529096,0
2019-01-22,sh.603699,11.4000,11.6600,11.1200,11.2500,11.4000,1101716,12403338.0000,3,0.146895,1,-1.315786,0
2019-01-23,sh.603699,11.2300,11.3000,11.0700,11.2600,11.2500,1328886,14828876.0000,3,0.177185,1,0.088891,0
2019-01-24,sh.603699,11.2800,11.2900,11.1600,11.1800,11.2600,930216,10420648.0000,3,0.124029,1,-0.710479,0
2019-01-25,sh.603699,11.2500,11.2500,11.0100,11.1800,11.1800,1011560,11254705.0000,3,0.134875,1,0.000000,0
2019-01-28,sh.603699,11.1800,11.3500,11.0700,11.2200,11.1800,2947320,32829386.0000,3,0.392976,1,0.357781,0
2019-01-29,sh.603699,11.1700,11.2600,10.9200,11.1000,11.2200,2008300,22252972.0000,3,0.267773,1,-1.069518,0
2019-01-30,sh.603699,10.9400,11.0300,10.7700,10.8000,11.1000,1274739,13844246.0000,3,0.169965,1,-2.702704,0
2019-01-31,sh.603699,10.8100,10.8500,10.5200,10.5400,10.8000,1264800,13425054.0000,3,0.168640,1,-2.407409,0
2019-02-01,sh.603699,10.5800,10.7600,10.5000,10.6600,10.5400,1318605,13986274.0000,3,0.175814,1,1.138519,0
2019-02-11,sh.603699,10.6800,10.9600,10.6500,10.9200,10.6600,1569743,17090540.0000,3,0.209299,1,2.439027,0
2019-02-12,sh.603699,10.9700,11.1000,10.8600,11.1000,10.9200,1231119,13623206.0000,3,0.164149,1,1.648354,0
2019-02-13,sh.603699,11.0000,11.3900,11.0000,11.3900,11.1000,1319522,14821032.0000,3,0.175936,1,2.612612,0
2019-02-14,sh.603699,11.3300,11.4100,11.2100,11.3700,11.3900,1181029,13302775.0000,3,0.157471,1,-0.175597,0
2019-02-15,sh.603699,11.3100,11.3100,11.1000,11.2000,11.3700,950271,10631956.0000,3,0.126703,1,-1.495163,0
2019-02-18,sh.603699,11.1300,11.3600,11.1300,11.3200,11.2000,2649527,29885218.0000,3,0.353270,1,1.071428,0
2019-02-19,sh.603699,11.3100,11.3700,11.1700,11.2800,11.3200,1837503,20738925.0000,3,0.245000,1,-0.353357,0
2019-02-20,sh.603699,11.2100,11.3400,11.1500,11.2500,11.2800,971681,10901741.0000,3,0.129557,1,-0.265955,0
2019-02-21,sh.603699,11.3800,11.3800,11.1500,11.2000,11.2500,1490681,16767250.0000,3,0.198757,1,-0.444446,0
2019-02-22,sh.603699,11.1800,11.2800,11.0900,11.2700,11.2000,1348490,15110935.0000,3,0.179799,1,0.625006,0
2019-02-25,sh.603699,11.3300,11.6600,11.3100,11.6100,11.2700,5564550,64054227.0000,3,0.741940,1,3.016852,0
2019-02-26,sh.603699,11.6200,12.2400,11.4800,11.7800,11.6100,6952289,81904241.0000,3,0.926972,1,1.464256,0
2019-02-27,sh.603699,11.7800,11.8400,11.5900,11.6500,11.7800,3055205,35795081.0000,3,0.407361,1,-1.103566,0
2019-02-28,sh.603699,11.8900,11.8900,11.6500,11.7200,11.6500,1981153,23257456.0000,3,0.264154,1,0.600864,0
2019-03-01,sh.603699,11.7100,11.7900,11.5800,11.7200,11.7200,1976923,23071437.0000,3,0.263590,1,0.000000,0
2019-03-04,sh.603699,11.7300,12.0100,11.7100,11.8500,11.7200,4420699,52558993.0000,3,0.589427,1,1.109216,0
2019-03-05,sh.603699,11.8500,12.1300,11.7700,12.0900,11.8500,3309563,39449713.0000,3,0.441275,1,2.025314,0
2019-03-06,sh.603699,12.1500,12.2400,11.9400,12.1800,12.0900,3889970,46952885.0000,3,0.518663,1,0.744418,0
2019-03-07,sh.603699,12.2100,12.4900,12.0700,12.4500,12.1800,4222015,51825200.0000,3,0.562935,1,2.216745,0
2019-03-08,sh.603699,12.3000,12.3000,11.7500,11.8100,12.4500,3771567,45485550.0000,3,0.502876,1,-5.140557,0
2019-03-11,sh.603699,11.8900,12.1100,11.8100,12.1100,11.8100,2189813,26338887.0000,3,0.291975,1,2.540214,0
2019-03-12,sh.603699,12.2700,12.4200,12.1300,12.3200,12.1100,3852214,47403615.0000,3,0.513629,1,1.734104,0
2019-03-13,sh.603699,12.3600,12.4500,12.1000,12.1900,12.3200,2298185,28314058.0000,3,0.306425,1,-1.055196,0
2019-03-14,sh.603699,12.1800,12.2900,11.7800,11.9100,12.1900,2075404,24820692.0000,3,0.276721,1,-2.296962,0
2019-03-15,sh.603699,11.9800,12.2500,11.9200,12.0500,11.9100,1456842,17575223.0000,3,0.194246,1,1.175486,0
2019-03-18,sh.603699,12.1400,12.2700,12.0700,12.2700,12.0500,1989342,24203994.0000,3,0.265246,1,1.825728,0
2019-03-19,sh.603699,12.5600,12.9500,12.3400,12.5400,12.2700,5062560,63931897.0000,3,0.675008,1,2.200485,0
2019-03-20,sh.603699,12.3200,12.4500,12.2100,12.4300,12.5400,2726000,33591909.0000,3,0.363467,1,-0.877190,0
2019-03-21,sh.603699,12.4200,12.4900,12.3400,12.4400,12.4300,2735170,33991398.0000,3,0.364689,1,0.080445,0
2019-03-22,sh.603699,12.4900,12.5200,12.1400,12.4200,12.4400,2133042,26315395.0000,3,0.284406,1,-0.160768,0
2019-03-25,sh.603699,12.4000,12.4100,12.1500,12.2600,12.4200,1356874,16685922.0000,3,0.180917,1,-1.288244,0
2019-03-26,sh.603699,12.2600,12.3500,12.1000,12.1500,12.2600,2172760,26501740.0000,3,0.289701,1,-0.897232,0
2019-03-27,sh.603699,12.1100,12.2100,11.9500,12.0800,12.1500,1594156,19280368.0000,3,0.212554,1,-0.576129,0
2019-03-28,sh.603699,12.0800,12.1900,12.0000,12.0300,12.0800,1169921,14146838.0000,3,0.155989,1,-0.413909,0
2019-03-29,sh.603699,12.1200,12.3000,12.0100,12.2800,12.0300,1763001,21491049.0000,3,0.235067,1,2.078138,0
2019-04-01,sh.603699,12.4000,12.7200,12.2900,12.6500,12.2800,3977688,50067364.0000,3,0.530358,1,3.013028,0
2019-04-02,sh.603699,12.8500,13.3700,12.8000,13.0500,12.6500,6479475,84884566.0000,3,0.863930,1,3.162060,0
2019-04-03,sh.603699,13.0000,13.0800,12.8000,12.9800,13.0500,2642851,34252189.0000,3,0.352380,1,-0.536403,0
2019-04-04,sh.603699,12.9600,13.3800,12.8900,12.9900,12.9800,2564348,33413157.0000,3,0.341913,1,0.077043,0
2019-04-08,sh.603699,13.1500,13.3900,12.7800,12.9500,12.9900,2780212,36185331.0000,3,0.370695,1,-0.307929,0
2019-04-09,sh.603699,13.1800,13.2000,12.9000,13.0500,12.9500,1928529,25138527.0000,3,0.257137,1,0.772204,0
2019-04-10,sh.603699,12.9500,13.4200,12.8500,13.3000,13.0500,2844481,37412951.0000,3,0.379264,1,1.915709,0
2019-04-11,sh.603699,13.3500,13.5500,13.0400,13.1400,13.3000,2548983,33818673.0000,3,0.339864,1,-1.203006,0
2019-04-12,sh.603699,13.0000,13.1000,12.9300,13.0400,13.1400,1489383,19376624.0000,3,0.198584,1,-0.761038,0
2019-04-15,sh.603699,13.3000,13.4900,13.0500,13.0700,13.0400,2314600,30745479.0000,3,0.308613,1,0.230059,0
2019-04-16,sh.603699,12.9800,13.3800,12.9500,13.3400,13.0700,2065596,27267948.0000,3,0.275413,1,2.065803,0
2019-04-17,sh.603699,13.2600,13.4200,13.2500,13.2700,13.3400,2029674,27052243.0000,3,0.270623,1,-0.524735,0
2019-04-18,sh.603699,13.2000,13.4800,13.2000,13.4000,13.2700,1660008,22170113.0000,3,0.221334,1,0.979647,0
2019-04-19,sh.603699,13.4000,13.4600,13.2300,13.3100,13.4000,1493583,19858593.0000,3,0.199144,1,-0.671636,0
2019-04-22,sh.603699,13.2700,13.4000,12.9700,12.9700,13.3100,2369517,31141739.0000,3,0.315936,1,-2.554471,0
2019-04-23,sh.603699,12.9600,13.0600,12.8800,12.9700,12.9700,1666755,21596105.0000,3,0.222234,1,0.000000,0
2019-04-24,sh.603699,13.0100,13.2800,13.0100,13.2100,12.9700,1513469,19902626.0000,3,0.201796,1,1.850422,0
2019-04-25,sh.603699,13.2200,14.1700,13.1800,13.5600,13.2100,4541811,61800614.0000,3,0.605575,1,2.649511,0
2019-04-26,sh.603699,13.3000,14.9100,13.2200,14.7400,13.5600,9050554,127430029.0000,3,1.206741,1,8.702060,0
2019-04-29,sh.603699,14.2200,14.5600,13.5500,13.5600,14.7400,6153276,86456873.0000,3,0.820437,1,-8.005424,0
2019-04-30,sh.603699,13.5100,14.0900,13.3700,14.0800,13.5600,4486722,62056035.0000,3,0.598230,1,3.834805,0
2019-05-06,sh.603699,13.7000,13.8800,12.6700,12.6700,14.0800,5233877,68760183.0000,3,0.697850,1,-10.014200,0
2019-05-07,sh.603699,12.6700,12.9300,12.3800,12.6800,12.6700,2848591,36074009.0000,3,0.379812,1,0.078928,0
2019-05-08,sh.603699,12.5300,12.6700,12.1500,12.4800,12.6800,2070660,25764027.0000,3,0.276088,1,-1.577293,0
2019-05-09,sh.603699,12.3900,12.5000,12.0200,12.3100,12.4800,1221200,15089608.0000,3,0.162827,1,-1.362172,0
2019-05-10,sh.603699,12.3300,12.7000,12.2500,12.6600,12.3100,2311977,28948891.0000,3,0.308264,1,2.843212,0
2019-05-13,sh.603699,12.4000,12.7500,12.4000,12.5100,12.6600,1690601,21240388.0000,3,0.225413,1,-1.184831,0
2019-05-14,sh.603699,12.4800,12.6000,12.3300,12.3300,12.5100,1283849,15975200.0000,3,0.171180,1,-1.438851,0
2019-05-15,sh.603699,12.4000,12.6000,12.4000,12.4900,12.3300,1461826,18255897.0000,3,0.194910,1,1.297647,0
2019-05-16,sh.603699,12.4900,12.5700,12.4200,12.4700,12.4900,1216744,15218789.0000,3,0.162233,1,-0.160124,0
2019-05-17,sh.603699,12.4900,12.5500,11.8700,11.9400,12.4700,1746600,21330130.0000,3,0.232880,1,-4.250206,0
2019-05-20,sh.603699,12.3000,12.3000,11.9100,12.2200,11.9400,923701,11189574.0000,3,0.123160,1,2.345064,0
2019-05-21,sh.603699,12.0200,12.3600,12.0200,12.3000,12.2200,831343,10208002.0000,3,0.110846,1,0.654664,0
2019-05-22,sh.603699,12.4800,12.4800,12.2000,12.2900,12.3000,786012,9658460.0000,3,0.104802,1,-0.081303,0
2019-05-23,sh.603699,12.1200,12.3100,12.0200,12.2000,12.2900,964177,11742602.0000,3,0.128557,1,-0.732304,0
2019-05-24,sh.603699,12.2100,12.3100,12.0000,12.2100,12.2000,700819,8588449.0000,3,0.093443,1,0.081969,0
2019-05-27,sh.603699,12.3100,12.4500,12.1000,12.4000,12.2100,862259,10640564.0000,3,0.114968,1,1.556098,0
2019-05-28,sh.603699,12.3900,12.5700,12.3300,12.4200,12.4000,914049,11394318.0000,3,0.121873,1,0.161294,0
2019-05-29,sh.603699,12.4200,12.5100,12.3000,12.4800,12.4200,683600,8517370.0000,3,0.091147,1,0.483088,0
2019-05-30,sh.603699,12.5000,12.6100,12.4000,12.6100,12.4800,1109449,13878692.0000,3,0.147927,1,1.041668,0
2019-05-31,sh.603699,12.5400,12.8500,12.5400,12.7000,12.6100,1651600,21075320.0000,3,0.220213,1,0.713720,0
2019-06-03,sh.603699,12.8800,12.8800,12.4800,12.7900,12.7000,1708648,21700299.0000,3,0.227820,1,0.708663,0
2019-06-04,sh.603699,12.7900,12.8500,12.5300,12.5900,12.7900,1041998,13194716.0000,3,0.138933,1,-1.563720,0
2019-06-05,sh.603699,12.5900,12.7000,12.4600,12.6000,12.5900,912524,11493677.0000,3,0.121670,1,0.079430,0
2019-06-06,sh.603699,12.6200,12.6200,11.9500,12.0100,12.6000,1411804,17183492.0000,3,0.188241,1,-4.682541,0
2019-06-10,sh.603699,12.1000,12.1500,11.7000,11.9400,12.0100,1669401,19799840.0000,3,0.222587,1,-0.582853,0
2019-06-11,sh.603699,11.8000,12.4100,11.7700,12.2700,11.9400,2278060,27824709.0000,3,0.303741,1,2.763827,0
2019-06-12,sh.603699,12.3800,12.3800,12.2300,12.2600,12.2700,1617801,19853117.0000,3,0.215707,1,-0.081501,0
2019-06-13,sh.603699,12.3800,12.3800,12.1600,12.2800,12.2600,1066763,13084519.0000,3,0.142235,1,0.163128,0
2019-06-14,sh.603699,12.3700,12.3700,12.0300,12.0600,12.2800,1289542,15711275.0000,3,0.171939,1,-1.791525,0
2019-06-17,sh.603699,12.2000,12.2000,11.9000,11.9700,12.0600,1018371,12227823.0000,3,0.135783,1,-0.746270,0
2019-06-18,sh.603699,12.0400,12.0400,11.8000,11.8200,11.9700,1098100,13052123.0000,3,0.146413,1,-1.253138,0
2019-06-19,sh.603699,12.0100,12.1700,11.9300,11.9800,11.8200,2128076,25591285.0000,3,0.283743,1,1.353637,0
2019-06-20,sh.603699,11.9800,12.1300,11.8500,12.1000,11.9800,1938504,23346802.0000,3,0.258467,1,1.001676,0
2019-06-21,sh.603699,12.1100,12.2500,12.0600,12.1800,12.1000,1410600,17173105.0000,3,0.188080,1,0.661156,0
2019-06-24,sh.603699,12.2400,12.2800,12.1000,12.1800,12.1800,1260200,15363477.0000,3,0.168027,1,0.000000,0
2019-06-25,sh.603699,12.2400,12.2400,11.9400,12.1000,12.1800,1289698,15522820.0000,3,0.171960,1,-0.656814,0
2019-06-26,sh.603699,12.0500,12.1200,11.9400,12.0800,12.1000,1095200,13189755.0000,3,0.146027,1,-0.165293,0
2019-06-27,sh.603699,12.0600,12.2900,12.0100,12.1200,12.0800,1297714,15766854.0000,3,0.173029,1,0.331126,0
2019-06-28,sh.603699,12.1500,12.1500,11.9500,12.0000,12.1200,1013200,12193395.0000,3,0.135093,1,-0.990098,0
2019-07-01,sh.603699,12.1500,12.2900,12.1500,12.2700,12.0000,2301600,28168266.0000,3,0.306880,1,2.250004,0
2019-07-02,sh.603699,12.2700,12.5500,12.2700,12.5000,12.2700,2785557,34612022.0000,3,0.371408,1,1.874487,0
2019-07-03,sh.603699,12.4200,12.5900,12.3500,12.5500,12.5000,2427346,30328854.0000,3,0.323646,1,0.400002,0
2019-07-04,sh.603699,12.7000,12.9700,12.7000,12.8200,12.5500,4680544,60025092.0000,3,0.624073,1,2.151390,0
2019-07-05,sh.603699,12.0000,12.0000,11.6600,11.9000,12.1600,2805900,33258865.0000,3,0.374120,1,-2.138160,0
2019-07-08,sh.603699,11.8100,11.8700,11.1900,11.3500,11.9000,2600887,29922409.0000,3,0.346785,1,-4.621842,0
2019-07-09,sh.603699,11.5800,11.5800,11.2400,11.4000,11.3500,1234600,14014692.0000,3,0.164613,1,0.440522,0
2019-07-10,sh.603699,11.4000,11.4100,11.2200,11.2800,11.4000,740816,8375659.0000,3,0.098775,1,-1.052631,0
2019-07-11,sh.603699,11.2500,11.4500,11.2500,11.3400,11.2800,1062200,12046538.0000,3,0.141627,1,0.531919,0
2019-07-12,sh.603699,11.4000,11.4000,11.2500,11.3300,11.3400,549900,6219887.0000,3,0.073320,1,-0.088185,0
2019-07-15,sh.603699,11.2300,11.3900,11.0500,11.2900,11.3300,1060100,11897457.0000,3,0.141347,1,-0.353045,0
2019-07-16,sh.603699,11.2900,11.4000,11.2300,11.3100,11.2900,1043800,11831534.0000,3,0.139173,1,0.177152,0
2019-07-17,sh.603699,11.3600,11.3600,11.2000,11.2400,11.3100,793175,8929640.0000,3,0.105757,1,-0.618927,0
2019-07-18,sh.603699,11.3500,11.3500,11.1000,11.1600,11.2400,879500,9857420.0000,3,0.117267,1,-0.711743,0
2019-07-19,sh.603699,11.2100,11.2500,11.1300,11.1600,11.1600,728000,8149007.0000,3,0.097067,1,0.000000,0
2019-07-22,sh.603699,11.2400,11.2400,10.7900,10.8000,11.1600,1192800,13051908.0000,3,0.159040,1,-3.225803,0
2019-07-23,sh.603699,10.8000,10.9600,10.8000,10.8600,10.8000,742500,8059721.0000,3,0.099000,1,0.555551,0
2019-07-24,sh.603699,11.1000,11.1000,10.9000,10.9200,10.8600,878400,9651898.0000,3,0.117120,1,0.552490,0
2019-07-25,sh.603699,11.0000,11.0200,10.9200,10.9500,10.9200,613400,6720161.0000,3,0.081787,1,0.274723,0
2019-07-26,sh.603699,10.9400,10.9800,10.8800,10.9600,10.9500,437000,4773595.0000,3,0.058300,1,0.091300,0
2019-07-29,sh.603699,10.9800,11.0200,10.8900,10.9400,10.9600,493200,5402541.0000,3,0.065760,1,-0.182486,0
2019-07-30,sh.603699,10.8900,11.0100,10.8900,10.9500,10.9400,797500,8749057.0000,3,0.106300,1,0.091400,0
2019-07-31,sh.603699,10.9400,11.2200,10.9300,11.1000,10.9500,1431800,15878038.0000,3,0.190900,1,1.369900,0
2019-08-01,sh.603699,11.0800,11.1300,10.9800,11.0700,11.1000,753710,8332577.0000,3,0.100500,1,-0.270300,0
2019-08-02,sh.603699,11.0300,11.3000,10.8300,11.2500,11.0700,1253300,13929479.0000,3,0.167100,1,1.626000,0
2019-08-05,sh.603699,11.1700,11.3200,11.1400,11.1900,11.2500,1347042,15128490.0000,3,0.179600,1,-0.533300,0
2019-08-06,sh.603699,11.0600,11.0600,10.6400,10.7500,11.1900,1012506,10992653.0000,3,0.135000,1,-3.932100,0
2019-08-07,sh.603699,11.1000,11.1000,10.7000,10.8400,10.7500,1137407,12318145.0000,3,0.151700,1,0.837200,0
2019-08-08,sh.603699,10.8400,11.0900,10.8000,11.0300,10.8400,807401,8853907.0000,3,0.107700,1,1.752800,0
2019-08-09,sh.603699,11.0500,11.1100,10.7800,10.8800,11.0300,621800,6782967.0000,3,0.082900,1,-1.359900,0
2019-08-12,sh.603699,10.8800,11.3800,10.8100,11.2300,10.8800,1171275,13090793.0000,3,0.156200,1,3.216900,0
2019-08-13,sh.603699,11.2300,11.2300,11.0900,11.1600,11.2300,635186,7081667.0000,3,0.084700,1,-0.623300,0
2019-08-14,sh.603699,11.2500,11.3100,10.6600,11.2000,11.1600,736500,8238228.0000,3,0.098200,1,0.358400,0
2019-08-15,sh.603699,11.0100,11.3000,10.8700,11.1800,11.2000,991055,11042066.0000,3,0.132100,1,-0.178600,0
2019-08-16,sh.603699,11.2800,11.2800,11.1500,11.1600,11.1800,749155,8385653.0000,3,0.099900,1,-0.178900,0
2019-08-19,sh.603699,11.2500,11.3800,11.1600,11.3500,11.1600,971000,10937972.0000,3,0.129500,1,1.702500,0
2019-08-20,sh.603699,11.3600,11.4700,11.2800,11.3200,11.3500,1054500,11993344.0000,3,0.140600,1,-0.264300,0
2019-08-21,sh.603699,11.3900,11.4300,11.2700,11.2800,11.3200,744001,8435992.0000,3,0.099200,1,-0.353400,0
2019-08-22,sh.603699,11.3200,11.3400,11.2000,11.2700,11.2800,826000,9294942.0000,3,0.110100,1,-0.088600,0
2019-08-23,sh.603699,11.2900,11.3300,11.1200,11.2100,11.2700,704230,7901058.0000,3,0.093900,1,-0.532400,0
2019-08-26,sh.603699,11.0400,11.1500,10.9500,11.0300,11.2100,754632,8318264.0000,3,0.100600,1,-1.605700,0
2019-08-27,sh.603699,11.1000,11.2800,11.0600,11.2700,11.0300,1085690,12150296.0000,3,0.144800,1,2.175900,0
2019-08-28,sh.603699,11.4500,11.4500,11.2200,11.2800,11.2700,557157,6281203.0000,3,0.074300,1,0.088700,0
2019-08-29,sh.603699,11.3400,11.4900,11.2000,11.4600,11.2800,1463174,16662287.0000,3,0.195100,1,1.595700,0
2019-08-30,sh.603699,11.5200,11.6200,11.2600,11.3300,11.4600,1592464,18160998.0000,3,0.212300,1,-1.134400,0
2019-09-02,sh.603699,11.2300,11.5500,11.2300,11.5200,11.3300,1362231,15634484.0000,3,0.181600,1,1.677000,0
2019-09-03,sh.603699,11.8300,11.8300,11.5200,11.5900,11.5200,1068520,12406392.0000,3,0.142500,1,0.607600,0
2019-09-04,sh.603699,11.5600,11.6100,11.4700,11.5800,11.5900,1062776,12281686.0000,3,0.141700,1,-0.086300,0
2019-09-05,sh.603699,11.6200,11.7400,11.5900,11.6500,11.5800,1389900,16206086.0000,3,0.185300,1,0.604500,0
2019-09-06,sh.603699,11.7000,11.7300,11.5600,11.6800,11.6500,980400,11424607.0000,3,0.130700,1,0.257500,0
2019-09-09,sh.603699,11.7500,11.7900,11.6700,11.7400,11.6800,1442892,16920538.0000,3,0.192400,1,0.513700,0
2019-09-10,sh.603699,11.8000,11.8000,11.6800,11.7200,11.7400,1155092,13563756.0000,3,0.154000,1,-0.170400,0
2019-09-11,sh.603699,11.7900,11.9100,11.7500,11.8400,11.7200,1337900,15825958.0000,3,0.178400,1,1.023900,0
2019-09-12,sh.603699,11.8500,12.2500,11.8500,12.1000,11.8400,2483600,30027547.0000,3,0.331100,1,2.195900,0
2019-09-16,sh.603699,12.2600,12.4200,12.0700,12.2000,12.1000,1888726,23085829.0000,3,0.251800,1,0.826400,0
2019-09-17,sh.603699,12.1900,12.1900,11.8600,11.9500,12.2000,1792539,21511446.0000,3,0.239000,1,-2.049200,0
2019-09-18,sh.603699,11.9500,12.0500,11.8200,11.8400,11.9500,950100,11283613.0000,3,0.126700,1,-0.920500,0
2019-09-19,sh.603699,12.0800,12.0800,11.9000,11.9700,11.8400,775310,9286475.0000,3,0.103400,1,1.098000,0
2019-09-20,sh.603699,11.9700,12.1300,11.9700,12.0000,11.9700,697010,8399910.0000,3,0.092900,1,0.250600,0
2019-09-23,sh.603699,12.1600,12.1600,11.9200,11.9900,12.0000,802886,9624897.0000,3,0.107100,1,-0.083300,0
2019-09-24,sh.603699,12.0000,12.0500,11.8800,11.9500,11.9900,794952,9517541.0000,3,0.106000,1,-0.333600,0
2019-09-25,sh.603699,12.0500,12.0500,11.8400,11.8400,11.9500,999800,11903788.0000,3,0.133300,1,-0.920500,0
2019-09-26,sh.603699,11.8500,11.9500,11.4600,11.5000,11.8400,1059600,12322919.0000,3,0.141300,1,-2.871600,0
2019-09-27,sh.603699,11.8700,11.8700,11.5000,11.5500,11.5000,867901,10060685.0000,3,0.115700,1,0.434800,0
2019-09-30,sh.603699,11.7500,11.7500,11.3800,11.4000,11.5500,785712,9045709.0000,3,0.104800,1,-1.298700,0
2019-10-08,sh.603699,11.4700,11.5600,11.3300,11.4700,11.4000,1332500,15307906.0000,3,0.177700,1,0.614000,0
2019-10-09,sh.603699,11.4000,11.8800,11.4000,11.6900,11.4700,1556783,18162890.0000,3,0.207600,1,1.918000,0
2019-10-10,sh.603699,11.8900,11.8900,11.5700,11.6400,11.6900,1181700,13769997.0000,3,0.157600,1,-0.427700,0
2019-10-11,sh.603699,11.6400,11.7200,11.5600,11.6200,11.6400,885238,10293373.0000,3,0.118000,1,-0.171800,0
2019-10-14,sh.603699,11.6600,11.9500,11.6600,11.7300,11.6200,2106400,24817855.0000,3,0.280900,1,0.946600,0
2019-10-15,sh.603699,11.7500,12.0900,11.6600,12.0400,11.7300,2884305,34477782.0000,3,0.384600,1,2.642800,0
2019-10-16,sh.603699,12.0100,12.0400,11.8400,11.8600,12.0400,2040201,24287442.0000,3,0.272000,1,-1.495000,0
2019-10-17,sh.603699,11.9800,11.9800,11.6000,11.7500,11.8600,1624650,19125553.0000,3,0.216600,1,-0.927500,0
2019-10-18,sh.603699,11.7000,11.7500,11.2100,11.3400,11.7500,2591363,29825011.0000,3,0.345500,1,-3.489400,0
2019-10-21,sh.603699,11.3100,11.3900,10.9000,11.0500,11.3400,2729100,30246141.0000,3,0.363900,1,-2.557300,0
2019-10-22,sh.603699,11.0000,11.8200,10.8300,11.5800,11.0500,3859193,44284187.0000,3,0.514600,1,4.796400,0
2019-10-23,sh.603699,11.6400,12.3000,11.5300,12.1400,11.5800,4948857,59466373.0000,3,0.659800,1,4.835900,0
2019-10-24,sh.603699,12.1400,12.6800,12.0900,12.4500,12.1400,7321724,91479428.0000,3,0.976200,1,2.553500,0
2019-10-25,sh.603699,12.5500,12.9500,12.4000,12.8200,12.4500,4885070,62180043.0000,3,0.651300,1,2.971900,0
2019-10-28,sh.603699,13.0000,13.0500,12.4100,12.7700,12.8200,4659804,59081110.0000,3,0.621300,1,-0.390000,0
2019-10-29,sh.603699,12.7900,12.9000,12.4700,12.7100,12.7700,3851400,48786477.0000,3,0.513500,1,-0.469900,0
2019-10-30,sh.603699,12.8500,13.1500,12.7000,13.1500,12.7100,4737251,61471962.0000,3,0.631600,1,3.461800,0
2019-10-31,sh.603699,13.0100,13.5700,12.9800,13.5100,13.1500,4195847,56159512.0000,3,0.559400,1,2.737600,0
2019-11-01,sh.603699,13.5100,13.5400,13.1600,13.4100,13.5100,3729545,49623211.0000,3,0.497300,1,-0.740200,0
2019-11-04,sh.603699,13.4200,13.6400,13.3100,13.4800,13.4100,2610213,35128168.0000,3,0.348000,1,0.522000,0
2019-11-05,sh.603699,13.5400,13.7600,13.4100,13.7000,13.4800,3029049,41300027.0000,3,0.403900,1,1.632000,0
2019-11-06,sh.603699,13.8000,13.8300,13.3100,13.4300,13.7000,3779919,50973819.0000,3,0.504000,1,-1.970800,0
2019-11-07,sh.603699,13.6100,13.6100,13.3000,13.4800,13.4300,1859937,25010387.0000,3,0.248000,1,0.372300,0
2019-11-08,sh.603699,13.4800,13.6500,13.3600,13.4700,13.4800,1716001,23115363.0000,3,0.228800,1,-0.074200,0
2019-11-11,sh.603699,13.3800,13.4000,13.0800,13.2600,13.4700,1736400,23019853.0000,3,0.231500,1,-1.559000,0
2019-11-12,sh.603699,13.3300,13.4600,13.0800,13.4500,13.2600,1898932,25341784.0000,3,0.253200,1,1.432900,0
2019-11-13,sh.603699,13.4200,13.6500,13.0800,13.2400,13.4500,2024598,26856673.0000,3,0.269900,1,-1.561300,0
2019-11-14,sh.603699,13.2400,13.4400,13.1500,13.3900,13.2400,1651694,22037933.0000,3,0.220200,1,1.132900,0
2019-11-15,sh.603699,13.3800,13.4000,13.1600,13.2500,13.3900,1366889,18098113.0000,3,0.182300,1,-1.045600,0
2019-11-18,sh.603699,13.2500,13.3100,13.0200,13.1300,13.2500,1641069,21526561.0000,3,0.218800,1,-0.905700,0
2019-11-19,sh.603699,13.3000,13.3000,13.0500,13.2200,13.1300,1701890,22416045.0000,3,0.226900,1,0.685500,0
2019-11-20,sh.603699,13.1900,13.3000,12.8000,13.0800,13.2200,1270101,16671766.0000,3,0.169300,1,-1.059000,0
2019-11-21,sh.603699,13.3700,13.3800,12.9000,13.0400,13.0800,2020820,26498927.0000,3,0.269400,1,-0.305800,0
2019-11-22,sh.603699,13.0000,13.1600,12.7300,12.8300,13.0400,1775467,22896830.0000,3,0.236700,1,-1.610400,0
2019-11-25,sh.603699,12.8500,13.0900,12.7000,13.0600,12.8300,1586300,20521699.0000,3,0.211500,1,1.792700,0
2019-11-26,sh.603699,13.0700,13.2000,12.9700,13.0300,13.0600,1399622,18333283.0000,3,0.186600,1,-0.229700,0
2019-11-27,sh.603699,13.2800,13.2800,12.9000,12.9600,13.0300,1345742,17541904.0000,3,0.179400,1,-0.537200,0
2019-11-28,sh.603699,13.0800,13.1000,12.7200,12.7800,12.9600,1146464,14737194.0000,3,0.152900,1,-1.388900,0
2019-11-29,sh.603699,12.8000,13.0300,12.7400,12.9100,12.7800,1144200,14745202.0000,3,0.152600,1,1.017200,0
2019-12-02,sh.603699,12.9000,13.1900,12.8600,13.0500,12.9100,1711819,22366805.0000,3,0.228200,1,1.084400,0
2019-12-03,sh.603699,12.9300,13.0800,12.8300,12.9500,13.0500,1632998,21086570.0000,3,0.217700,1,-0.766300,0
2019-12-04,sh.603699,13.1200,13.1200,12.8900,12.9800,12.9500,1389201,18042504.0000,3,0.185200,1,0.231700,0
2019-12-05,sh.603699,12.9300,13.2300,12.8900,13.1600,12.9800,1350562,17719628.0000,3,0.180100,1,1.386800,0
2019-12-06,sh.603699,13.2200,13.8800,13.1700,13.7400,13.1600,4353657,59178838.0000,3,0.580500,1,4.407300,0
2019-12-09,sh.603699,13.8900,13.9600,13.4900,13.7500,13.7400,3490362,48058372.0000,3,0.465400,1,0.072800,0
2019-12-10,sh.603699,13.8400,13.8900,13.5500,13.6600,13.7500,2290718,31329744.0000,3,0.305400,1,-0.654500,0
2019-12-11,sh.603699,13.8100,13.8100,13.5700,13.6900,13.6600,1940103,26554729.0000,3,0.258700,1,0.219600,0
2019-12-12,sh.603699,13.7500,14.0700,13.4200,13.8700,13.6900,3605082,50162248.0000,3,0.480700,1,1.314800,0
2019-12-13,sh.603699,13.9500,14.1500,13.7800,13.8700,13.8700,2261863,31402173.0000,3,0.301600,1,0.000000,0
2019-12-16,sh.603699,13.8800,13.9000,13.6200,13.8700,13.8700,2941478,40392705.0000,3,0.392200,1,0.000000,0
2019-12-17,sh.603699,13.9700,13.9700,13.6500,13.6700,13.8700,3076400,42200723.0000,3,0.410200,1,-1.442000,0
2019-12-18,sh.603699,13.6100,13.7800,13.3800,13.5300,13.6700,2228140,30160351.0000,3,0.297100,1,-1.024100,0
2019-12-19,sh.603699,13.6600,13.9800,13.5000,13.9500,13.5300,2715909,37279429.0000,3,0.362100,1,3.104200,0
2019-12-20,sh.603699,14.0500,14.2400,13.5200,13.5900,13.9500,3227460,44846957.0000,3,0.430300,1,-2.580600,0
2019-12-23,sh.603699,13.5400,13.8800,13.5000,13.6800,13.5900,1784954,24487845.0000,3,0.238000,1,0.662300,0
2019-12-24,sh.603699,13.6700,13.8600,13.5000,13.8200,13.6800,1559508,21427565.0000,3,0.207900,1,1.023400,0
2019-12-25,sh.603699,13.7900,13.9800,13.7300,13.8500,13.8200,1203781,16689652.0000,3,0.160500,1,0.217100,0
2019-12-26,sh.603699,13.8900,13.9200,13.6600,13.8500,13.8500,1146832,15785611.0000,3,0.152900,1,0.000000,0
2019-12-27,sh.603699,13.8700,13.9600,13.6800,13.7700,13.8500,1657599,22925117.0000,3,0.221000,1,-0.577600,0
2019-12-30,sh.603699,13.6900,14.1100,13.5800,14.0000,13.7700,3107144,43338128.0000,3,0.414300,1,1.670300,0
2019-12-31,sh.603699,14.0800,14.0800,13.6900,13.8200,14.0000,2248340,31074734.0000,3,0.299800,1,-1.285700,0
2020-01-02,sh.603699,13.8400,14.1000,13.8400,14.0800,13.8200,3199691,44781521.0000,3,0.426600,1,1.881300,0
2020-01-03,sh.603699,14.0800,14.2700,13.8300,13.8300,14.0800,3844262,53896689.0000,3,0.512600,1,-1.775600,0
2020-01-06,sh.603699,13.8200,13.9500,13.4700,13.5600,13.8300,5380759,73568585.0000,3,0.717400,1,-1.952300,0
2020-01-07,sh.603699,13.6900,14.2400,13.6500,14.1900,13.5600,7703111,108211656.0000,3,1.027100,1,4.646000,0
2020-01-08,sh.603699,14.1500,14.1800,13.7200,13.9000,14.1900,4536297,63286941.0000,3,0.604800,1,-2.043700,0
2020-01-09,sh.603699,14.1900,14.4700,13.9800,14.1900,13.9000,5854990,83315928.0000,3,0.780700,1,2.086300,0
2020-01-10,sh.603699,14.2000,14.2000,13.8100,13.9600,14.1900,3535145,49342514.0000,3,0.471400,1,-1.620900,0
2020-01-13,sh.603699,13.9500,14.3400,13.8400,14.1900,13.9600,5503233,77969541.0000,3,0.733800,1,1.647600,0
2020-01-14,sh.603699,14.2200,14.2200,13.9300,13.9800,14.1900,3510775,49252914.0000,3,0.468100,1,-1.479900,0
2020-01-15,sh.603699,14.1900,14.1900,13.9000,13.9500,13.9800,2242001,31368743.0000,3,0.298900,1,-0.214600,0
2020-01-16,sh.603699,13.9200,14.0000,13.8000,13.9000,13.9500,3318011,46047339.0000,3,0.442400,1,-0.358400,0
2020-01-17,sh.603699,13.8500,13.9600,13.7700,13.8400,13.9000,1459399,20218159.0000,3,0.194600,1,-0.431700,0
2020-01-20,sh.603699,13.8100,14.1000,13.7700,13.9600,13.8400,2201300,30670569.0000,3,0.293500,1,0.867100,0
2020-01-21,sh.603699,14.0600,14.0600,13.6500,13.6800,13.9600,2304272,31680831.0000,3,0.307200,1,-2.005700,0
2020-01-22,sh.603699,13.7900,14.0900,13.5100,13.9500,13.6800,3773417,52573455.0000,3,0.503100,1,1.973700,0
2020-01-23,sh.603699,13.7000,13.9700,13.1900,13.2900,13.9500,3437145,46450226.0000,3,0.458300,1,-4.731200,0
2020-02-03,sh.603699,11.9600,12.0600,11.9600,11.9600,13.2900,2897120,34656222.0000,3,0.386300,1,-10.007500,0
2020-02-04,sh.603699,11.9300,12.4100,11.7300,12.2000,11.9600,4701583,56996918.0000,3,0.626900,1,2.006700,0
2020-02-05,sh.603699,12.2400,12.3700,11.8100,12.0100,12.2000,3841600,46561022.0000,3,0.512200,1,-1.557400,0
2020-02-06,sh.603699,11.9300,12.1500,11.9000,12.0100,12.0100,3024162,36303239.0000,3,0.403200,1,0.000000,0
2020-02-07,sh.603699,12.0100,12.1800,11.9500,12.1000,12.0100,2726739,32872767.0000,3,0.363600,1,0.749400,0
2020-02-10,sh.603699,11.9700,12.3500,11.8800,12.3000,12.1000,3386584,41006331.0000,3,0.451500,1,1.652900,0
2020-02-11,sh.603699,12.1400,12.3000,12.1300,12.2200,12.3000,2180044,26612117.0000,3,0.290700,1,-0.650400,0
2020-02-12,sh.603699,12.2300,12.4100,12.1500,12.1700,12.2200,4750813,58092250.0000,3,0.633400,1,-0.409200,0
2020-02-13,sh.603699,12.2900,12.2900,12.1200,12.2500,12.1700,2207396,26906272.0000,3,0.294300,1,0.657400,0
2020-02-14,sh.603699,12.1400,12.2500,11.9500,11.9900,12.2500,2986100,36024751.0000,3,0.398100,1,-2.122500,0
2020-02-17,sh.603699,12.0900,12.2900,12.0500,12.2800,11.9900,4890466,59515312.0000,3,0.652100,1,2.418700,0
2020-02-18,sh.603699,12.2900,12.3800,12.2300,12.3500,12.2800,3061500,37693952.0000,3,0.408200,1,0.570000,0
2020-02-19,sh.603699,12.3200,12.5700,12.3100,12.3600,12.3500,3159622,39168303.0000,3,0.421300,1,0.081000,0
2020-02-20,sh.603699,12.5200,12.7600,12.3800,12.7100,12.3600,4846829,60714735.0000,3,0.646200,1,2.831700,0
2020-02-21,sh.603699,12.5800,13.0800,12.5800,12.7900,12.7100,4854185,62484424.0000,3,0.647200,1,0.629400,0
2020-02-24,sh.603699,12.9000,12.9600,12.6900,12.9400,12.7900,3832530,49147557.0000,3,0.511000,1,1.172800,0
2020-02-25,sh.603699,12.7000,12.7400,12.3100,12.6200,12.9400,3679729,46312999.0000,3,0.490600,1,-2.472900,0
2020-02-26,sh.603699,12.6200,12.9400,12.5800,12.6500,12.6200,3119230,39755536.0000,3,0.415900,1,0.237700,0
2020-02-27,sh.603699,12.6400,13.7900,12.6400,13.7500,12.6500,8788001,117617998.0000,3,1.171700,1,8.695700,0
2020-02-28,sh.603699,13.4500,13.6100,12.6900,13.1400,13.7500,5956500,78734919.0000,3,0.794200,1,-4.436400,0
2020-03-02,sh.603699,13.0500,13.8000,13.0500,13.5500,13.1400,4515140,60784126.0000,3,0.602000,1,3.120200,0
2020-03-03,sh.603699,13.7700,14.4200,13.5800,13.7900,13.5500,4573463,63804979.0000,3,0.609800,1,1.771200,0
2020-03-04,sh.603699,13.5200,14.1200,13.4800,13.7600,13.7900,2599200,35797278.0000,3,0.346600,1,-0.217500,0
2020-03-05,sh.603699,14.0500,14.6000,14.0500,14.4500,13.7600,6373290,91423269.0000,3,0.849800,1,5.014500,0
2020-03-06,sh.603699,14.2200,14.4100,14.0000,14.3600,14.4500,4287596,61006495.0000,3,0.571700,1,-0.622800,0
2020-03-09,sh.603699,13.9300,14.0000,13.7000,13.7700,14.3600,4211280,58371950.0000,3,0.561500,1,-4.108600,0
2020-03-10,sh.603699,13.5300,14.1100,13.2000,13.8100,13.7700,4272326,58535389.0000,3,0.569600,1,0.290500,0
2020-03-11,sh.603699,13.7700,13.9500,13.3500,13.3700,13.8100,3124000,42319766.0000,3,0.416500,1,-3.186100,0
2020-03-12,sh.603699,13.4700,13.4700,12.7800,13.1400,13.3700,4461230,58330906.0000,3,0.594800,1,-1.720300,0
2020-03-13,sh.603699,12.5200,12.9700,12.3000,12.8000,13.1400,2368100,30122039.0000,3,0.315700,1,-2.587500,0
2020-03-16,sh.603699,12.8500,13.1400,11.7000,12.2000,12.8000,3356300,41874372.0000,3,0.447500,1,-4.687500,0
2020-03-17,sh.603699,12.2100,12.4200,11.8300,12.2000,12.2000,2466373,29956630.0000,3,0.328800,1,0.000000,0
2020-03-18,sh.603699,12.4000,12.6600,12.0800,12.1300,12.2000,2720486,33793531.0000,3,0.362700,1,-0.573800,0
2020-03-19,sh.603699,12.2500,12.3800,11.8800,12.2700,12.1300,1989100,24250619.0000,3,0.265200,1,1.154200,0
2020-03-20,sh.603699,12.3800,12.5700,12.2500,12.5600,12.2700,1562337,19415938.0000,3,0.208300,1,2.363500,0
2020-03-23,sh.603699,12.4400,12.4400,12.0700,12.1900,12.5600,1526571,18652990.0000,3,0.203500,1,-2.945900,0
2020-03-24,sh.603699,12.3000,12.3900,12.0400,12.2800,12.1900,2233279,27249978.0000,3,0.297800,1,0.738300,0
2020-03-25,sh.603699,12.3500,12.8300,12.3400,12.7300,12.2800,2724570,34316015.0000,3,0.363300,1,3.664500,0
2020-03-26,sh.603699,12.9300,13.6000,12.9300,13.0800,12.7300,6500475,85999252.0000,3,0.866700,1,2.749400,0
2020-03-27,sh.603699,13.3100,13.5500,13.1500,13.1700,13.0800,4033900,53713510.0000,3,0.537900,1,0.688100,0
2020-03-30,sh.603699,13.1600,13.1600,12.7300,12.7300,13.1700,2742500,35263659.0000,3,0.365700,1,-3.340900,0
2020-03-31,sh.603699,12.9300,12.9300,12.5900,12.6500,12.7300,1791100,22778687.0000,3,0.238800,1,-0.628400,0
2020-04-01,sh.603699,12.6300,12.7300,12.3600,12.4100,12.6500,2591966,32478114.0000,3,0.345600,1,-1.897200,0
2020-04-02,sh.603699,12.2800,12.7100,11.9700,12.6300,12.4100,2984610,36708509.0000,3,0.397900,1,1.772800,0
2020-04-03,sh.603699,12.6100,13.1800,12.6000,12.8600,12.6300,2630200,33882695.0000,3,0.350700,1,1.821100,0
2020-04-07,sh.603699,13.0000,13.1600,12.8200,13.0300,12.8600,3252108,42223102.0000,3,0.433600,1,1.321900,0
2020-04-08,sh.603699,13.0000,13.0900,12.8700,12.9400,13.0300,1329300,17261564.0000,3,0.177200,1,-0.690700,0
2020-04-09,sh.603699,12.9400,13.2800,12.8800,13.1500,12.9400,2389800,31283291.0000,3,0.318600,1,1.622900,0
2020-04-10,sh.603699,13.2200,13.2200,12.8200,12.9500,13.1500,1483700,19309437.0000,3,0.197800,1,-1.520900,0
2020-04-13,sh.603699,12.8500,12.9300,12.5500,12.8600,12.9500,983400,12576918.0000,3,0.131100,1,-0.695000,0
2020-04-14,sh.603699,12.8900,13.0700,12.7300,12.9100,12.8600,1039530,13408958.0000,3,0.138600,1,0.388800,0
2020-04-15,sh.603699,13.0900,13.0900,12.6200,12.6500,12.9100,1418900,18112237.0000,3,0.189200,1,-2.013900,0
2020-04-16,sh.603699,12.8700,12.8700,12.4500,12.6300,12.6500,1439100,18103000.0000,3,0.191900,1,-0.158100,0
2020-04-17,sh.603699,12.5800,12.7700,12.5100,12.5800,12.6300,1180730,14893784.0000,3,0.157400,1,-0.395900,0
2020-04-20,sh.603699,12.6000,12.7200,12.5400,12.6700,12.5800,1172881,14822994.0000,3,0.156400,1,0.715400,0
2020-04-21,sh.603699,12.6800,12.6800,12.2500,12.3400,12.6700,1555300,19257322.0000,3,0.207400,1,-2.604600,0
2020-04-22,sh.603699,12.2300,12.4400,12.1400,12.3600,12.3400,1430800,17594707.0000,3,0.190800,1,0.162100,0
2020-04-23,sh.603699,12.3200,12.3900,12.1100,12.2500,12.3600,1592200,19548126.0000,3,0.212300,1,-0.890000,0
2020-04-24,sh.603699,12.2900,12.4100,12.1400,12.1500,12.2500,934520,11455387.0000,3,0.124600,1,-0.816300,0
2020-04-27,sh.603699,12.0500,12.1300,11.9200,12.0100,12.1500,1776153,21354812.0000,3,0.236800,1,-1.152300,0
2020-04-28,sh.603699,11.9600,12.0300,11.5300,11.7600,12.0100,2181586,25683516.0000,3,0.290900,1,-2.081600,0
2020-04-29,sh.603699,11.6400,11.8500,11.6100,11.7500,11.7600,1180550,13836712.0000,3,0.157400,1,-0.085000,0
2020-04-30,sh.603699,11.8400,12.4700,11.8400,12.3500,11.7500,2329870,28611060.0000,3,0.310600,1,5.106400,0
2020-05-06,sh.603699,12.3600,12.4500,12.1600,12.2400,12.3500,2154130,26443292.0000,3,0.287200,1,-0.890700,0
2020-05-07,sh.603699,12.2500,12.3300,12.1600,12.1600,12.2400,1278650,15625107.0000,3,0.170500,1,-0.653600,0
2020-05-08,sh.603699,12.2600,12.2800,12.1400,12.2200,12.1600,1484665,18114636.0000,3,0.198000,1,0.493400,0
2020-05-11,sh.603699,12.2000,12.9100,12.2000,12.8600,12.2200,3381343,42563389.0000,3,0.450800,1,5.237300,0
2020-05-12,sh.603699,12.7300,12.8400,12.5800,12.7000,12.8600,1742850,22107312.0000,3,0.232400,1,-1.244200,0
2020-05-13,sh.603699,12.6900,12.9200,12.5100,12.7000,12.7000,2037200,25938951.0000,3,0.271600,1,0.000000,0
2020-05-14,sh.603699,12.7300,12.8700,12.6100,12.8100,12.7000,1677945,21400346.0000,3,0.223700,1,0.866100,0
2020-05-15,sh.603699,12.8600,12.8900,12.5000,12.6800,12.8100,1845845,23422053.0000,3,0.246100,1,-1.014800,0
2020-05-18,sh.603699,12.7900,13.2800,12.7200,12.9000,12.6800,3411332,44461593.0000,3,0.454800,1,1.735000,0
2020-05-19,sh.603699,12.9600,12.9800,12.7700,12.8300,12.9000,978300,12576099.0000,3,0.130400,1,-0.542600,0
2020-05-20,sh.603699,12.7300,13.0800,12.6800,13.0800,12.8300,1786500,22988755.0000,3,0.238200,1,1.948600,0
2020-05-21,sh.603699,12.9900,13.4300,12.8200,13.3800,13.0800,3885600,51460737.0000,3,0.518100,1,2.293600,0
2020-05-22,sh.603699,13.2900,13.5500,13.0900,13.0900,13.3800,3555244,47501354.0000,3,0.474000,1,-2.167400,0
2020-05-25,sh.603699,13.3900,14.1000,13.1400,13.9100,13.0900,5460702,74408438.0000,3,0.728100,1,6.264300,0
2020-05-26,sh.603699,13.8700,14.2800,13.7100,14.1000,13.9100,4657517,65423607.0000,3,0.621000,1,1.365900,0
2020-05-27,sh.603699,14.0200,14.5000,14.0000,14.3600,14.1000,5318046,76180852.0000,3,0.709100,1,1.844000,0
2020-05-28,sh.603699,14.3600,14.8700,13.9400,14.1800,14.3600,4116345,59018547.0000,3,0.548800,1,-1.253500,0
2020-05-29,sh.603699,14.3400,14.5700,14.0500,14.3000,14.1800,2664071,38190177.0000,3,0.355200,1,0.846300,0
2020-06-01,sh.603699,14.4900,14.6200,14.1500,14.5100,14.3000,4973015,71760779.0000,3,0.663100,1,1.468500,0
2020-06-02,sh.603699,14.5100,15.9600,14.4100,15.8200,14.5100,9150320,141756536.0000,3,1.220000,1,9.028300,0
2020-06-03,sh.603699,15.7900,16.2400,15.4900,15.5300,15.8200,4761715,75173265.0000,3,0.634900,1,-1.833100,0
2020-06-04,sh.603699,15.5900,15.8800,15.2900,15.7200,15.5300,2910200,45469145.0000,3,0.388000,1,1.223400,0
2020-06-05,sh.603699,15.7200,16.2100,15.6500,15.8400,15.7200,2923801,46473359.0000,3,0.389800,1,0.763400,0
2020-06-08,sh.603699,15.7500,16.7600,15.7300,16.0500,15.8400,4827470,78186848.0000,3,0.643700,1,1.325800,0
2020-06-09,sh.603699,16.1000,16.1700,15.6300,15.8500,16.0500,3215149,50806205.0000,3,0.428700,1,-1.246100,0
2020-06-10,sh.603699,15.7300,16.4800,15.7300,16.2900,15.8500,3917300,63269481.0000,3,0.522300,1,2.776000,0
2020-06-11,sh.603699,16.4200,16.7300,16.0000,16.1300,16.2900,3626000,59237336.0000,3,0.483500,1,-0.982200,0
2020-06-12,sh.603699,15.7900,16.4800,15.5100,16.3500,16.1300,2934900,47633990.0000,3,0.391300,1,1.363900,0
2020-06-15,sh.603699,16.0500,16.1100,15.4900,15.6000,16.3500,4797307,75438779.0000,3,0.639600,1,-4.587200,0
2020-06-16,sh.603699,16.1800,16.2800,15.0000,16.0700,15.6000,5659024,89917834.0000,3,0.754500,1,3.012800,0
2020-06-17,sh.603699,16.0500,16.3700,15.8100,15.9000,16.0700,2971995,47597265.0000,3,0.396300,1,-1.057900,0
2020-06-18,sh.603699,16.1400,16.2000,15.6600,16.0200,15.9000,2882571,46160705.0000,3,0.384300,1,0.754700,0
2020-06-19,sh.603699,16.0600,16.1700,15.6800,15.9000,16.0200,1962158,31040621.0000,3,0.261600,1,-0.749100,0
2020-06-22,sh.603699,15.9000,16.2300,15.6900,15.9100,15.9000,3256026,51944824.0000,3,0.434100,1,0.062900,0
2020-06-23,sh.603699,15.9000,16.4400,15.7700,16.2500,15.9100,3154637,50956244.0000,3,0.420600,1,2.137000,0
2020-06-24,sh.603699,16.2600,16.5000,15.8200,16.0000,16.2500,2697801,43336864.0000,3,0.359700,1,-1.538500,0
2020-06-29,sh.603699,15.8500,15.9600,15.2900,15.3800,16.0000,3391278,52661587.0000,3,0.452200,1,-3.875000,0
2020-06-30,sh.603699,15.3900,15.7500,15.3900,15.5800,15.3800,1980300,30871212.0000,3,0.264000,1,1.300400,0
2020-07-01,sh.603699,15.6900,16.3500,15.2100,16.1500,15.5800,4937300,77706546.0000,3,0.658300,1,3.658500,0
2020-07-02,sh.603699,16.1500,16.3900,15.8000,15.9200,16.1500,4706656,75587501.0000,3,0.627600,1,-1.424100,0
2020-07-03,sh.603699,16.0900,16.5800,15.9700,16.0300,15.9200,3540102,57413900.0000,3,0.472000,1,0.691000,0
2020-07-06,sh.603699,16.5100,16.9700,15.9600,16.9400,16.0300,6420774,104922931.0000,3,0.856100,1,5.676900,0
2020-07-07,sh.603699,16.8500,17.2000,16.6700,16.7600,16.9400,5512913,92949047.0000,3,0.735100,1,-1.062600,0
2020-07-08,sh.603699,16.7800,17.7800,16.6100,17.5500,16.7600,4660917,80690191.0000,3,0.621500,1,4.713600,0
2020-07-09,sh.603699,17.5600,17.7000,17.3200,17.4800,17.5500,4122962,71897341.0000,3,0.549700,1,-0.398900,0
2020-07-10,sh.603699,17.5100,17.7500,16.7500,16.8400,17.4800,6420988,110617986.0000,3,0.856100,1,-3.661300,0
2020-07-13,sh.603699,16.7900,16.7900,16.4300,16.6400,16.4400,3854891,63970911.0000,3,0.514000,1,1.216500,0
2020-07-14,sh.603699,16.9100,16.9700,16.0300,16.8900,16.6400,5169150,85080057.0000,3,0.689200,1,1.502400,0
2020-07-15,sh.603699,16.9300,17.1700,16.3600,16.5000,16.8900,3758927,63086294.0000,3,0.501200,1,-2.309100,0
2020-07-16,sh.603699,16.5200,16.5200,15.5000,15.8000,16.5000,2718195,43554097.0000,3,0.362400,1,-4.242400,0
2020-07-17,sh.603699,15.7100,15.8900,15.2000,15.3500,15.8000,3520770,54386177.0000,3,0.469400,1,-2.848100,0
2020-07-20,sh.603699,15.6000,16.0500,15.3200,16.0000,15.3500,4951984,78095283.0000,3,0.660300,1,4.234500,0
2020-07-21,sh.603699,15.9900,16.6000,15.8600,16.3300,16.0000,3336670,54272660.2100,3,0.444900,1,2.062500,0
2020-07-22,sh.603699,16.3500,16.5600,16.0100,16.0900,16.3300,3025974,49422933.9500,3,0.403500,1,-1.469700,0
2020-07-23,sh.603699,16.0600,16.4800,15.5000,16.3700,16.0900,3986215,64032775.5500,3,0.531500,1,1.740200,0
2020-07-24,sh.603699,16.2300,16.5400,15.7100,15.7500,16.3700,4020669,65352173.0800,3,0.536100,1,-3.787400,0
2020-07-27,sh.603699,15.7200,16.5300,15.5000,15.7600,15.7500,3461000,54963218.0000,3,0.461500,1,0.063500,0
2020-07-28,sh.603699,15.9000,16.4900,15.7600,16.4000,15.7600,4066280,66018903.6400,3,0.542200,1,4.060900,0
2020-07-29,sh.603699,16.4400,17.2000,16.3100,17.1100,16.4000,5760475,97368715.9700,3,0.768100,1,4.329300,0
2020-07-30,sh.603699,17.2300,17.2400,16.8500,16.9800,17.1100,2476108,42181666.5900,3,0.330100,1,-0.759800,0
2020-07-31,sh.603699,16.9200,17.2000,16.6200,16.9900,16.9800,2588487,43761598.4700,3,0.345100,1,0.058900,0
2020-08-03,sh.603699,17.0700,17.1500,16.9000,17.0000,16.9900,2268509,38540087.8600,3,0.302500,1,0.058900,0
2020-08-04,sh.603699,17.0900,17.1900,16.5900,16.7500,17.0000,3065160,51622082.6000,3,0.408700,1,-1.470600,0
2020-08-05,sh.603699,16.9800,16.9800,16.6600,16.8000,16.7500,2430304,40812589.0600,3,0.324000,1,0.298500,0
2020-08-06,sh.603699,16.8700,16.9500,16.5100,16.8400,16.8000,2345973,39153564.4900,3,0.312800,1,0.238100,0
2020-08-07,sh.603699,16.7800,16.8300,16.1100,16.2600,16.8400,2195508,36018581.0700,3,0.292700,1,-3.444200,0
2020-08-10,sh.603699,16.2900,16.6200,16.1500,16.2800,16.2600,1715478,28046658.2200,3,0.228700,1,0.123000,0
2020-08-11,sh.603699,16.2900,16.4600,15.9000,15.9900,16.2800,2392274,38627175.6600,3,0.319000,1,-1.781300,0
2020-08-12,sh.603699,15.9100,15.9100,15.1600,15.4900,15.9900,3036250,47004317.8500,3,0.404800,1,-3.127000,0
2020-08-13,sh.603699,15.5000,15.6400,15.3200,15.3400,15.4900,1375407,21292044.5600,3,0.183400,1,-0.968400,0
2020-08-14,sh.603699,15.3900,15.6800,15.1600,15.6400,15.3400,1918399,29665744.7200,3,0.255800,1,1.955700,0
2020-08-17,sh.603699,15.6400,16.1700,15.5100,16.0700,15.6400,3474068,55378107.6000,3,0.463200,1,2.749400,0
2020-08-18,sh.603699,16.0500,16.6100,15.9000,16.4100,16.0700,2365631,38495924.1900,3,0.315400,1,2.115700,0
2020-08-19,sh.603699,16.4500,16.5400,16.0700,16.1800,16.4100,1370917,22291786.4000,3,0.182800,1,-1.401600,0
2020-08-20,sh.603699,16.1600,16.1600,15.8100,15.8300,16.1800,1127100,17984913.5400,3,0.150300,1,-2.163200,0
2020-08-21,sh.603699,16.0700,16.3400,15.8400,16.1600,15.8300,1603506,25861340.6000,3,0.213800,1,2.084600,0
2020-08-24,sh.603699,16.1600,16.2200,15.8000,15.8800,16.1600,2036870,32392731.2000,3,0.271600,1,-1.732700,0
2020-08-25,sh.603699,15.9400,16.2600,15.8600,16.0400,15.8800,941500,15150278.0000,3,0.125500,1,1.007600,0
2020-08-26,sh.603699,16.0400,16.1000,15.6600,15.7800,16.0400,1130240,17884108.8000,3,0.150700,1,-1.620900,0
2020-08-27,sh.603699,15.8000,16.1000,15.6300,16.0200,15.7800,1169142,18601179.2400,3,0.155900,1,1.520900,0
2020-08-28,sh.603699,15.9800,16.4300,15.8800,16.3400,16.0200,1336756,21585817.8000,3,0.178200,1,1.997500,0
2020-08-31,sh.603699,16.7900,17.0900,16.3400,16.3500,16.3400,4871380,81101387.2200,3,0.649500,1,0.061200,0
2020-09-01,sh.603699,16.3700,16.6600,16.1700,16.3500,16.3500,3139409,51280898.6800,3,0.418600,1,0.000000,0
2020-09-02,sh.603699,16.6000,16.6600,16.0500,16.1900,16.3500,2548441,41411141.9900,3,0.339800,1,-0.978600,0
2020-09-03,sh.603699,16.4900,16.6100,16.1000,16.1400,16.1900,2200094,35866529.1000,3,0.293300,1,-0.308800,0
2020-09-04,sh.603699,16.0500,16.5000,15.8800,16.0000,16.1400,3350800,53837564.0000,3,0.446800,1,-0.867400,0
2020-09-07,sh.603699,16.0100,16.2000,15.2600,15.4000,16.0000,4514445,70771018.0000,3,0.601900,1,-3.750000,0
2020-09-08,sh.603699,15.4200,15.5000,15.1700,15.3500,15.4000,2326002,35672887.6800,3,0.310100,1,-0.324700,0
2020-09-09,sh.603699,15.3100,15.3600,14.8500,15.0900,15.3500,2453300,37092985.0000,3,0.327100,1,-1.693800,0
2020-09-10,sh.603699,15.0900,15.2900,14.4800,14.4800,15.0900,3429732,50797066.5600,3,0.457300,1,-4.042400,0
2020-09-11,sh.603699,14.2800,14.9200,14.2700,14.7800,14.4800,2043900,30001840.0000,3,0.272500,1,2.071800,0
2020-09-14,sh.603699,14.7900,14.9500,14.5500,14.7200,14.7800,1906912,28086005.1400,3,0.254300,1,-0.406000,0
2020-09-15,sh.603699,14.8700,15.6100,14.7000,15.3000,14.7200,2584531,39449233.7800,3,0.344600,1,3.940200,0
2020-09-16,sh.603699,15.3900,15.3900,14.8600,14.9200,15.3000,1236831,18628472.3100,3,0.164900,1,-2.483700,0
2020-09-17,sh.603699,15.2400,15.3500,14.6200,14.8000,14.9200,1499606,22243494.9000,3,0.199900,1,-0.804300,0
2020-09-18,sh.603699,14.8800,15.2500,14.6700,14.8100,14.8000,2723053,40572443.0100,3,0.363100,1,0.067600,0
2020-09-21,sh.603699,14.7500,14.8700,14.4500,14.6200,14.8100,2789419,40714345.3100,3,0.371900,1,-1.282900,0
2020-09-22,sh.603699,14.3700,15.2000,14.2900,14.9500,14.6200,4882925,72814743.5700,3,0.651100,1,2.257200,0
2020-09-23,sh.603699,15.3000,15.3500,14.5600,14.6700,14.9500,2002553,29543089.5700,3,0.267000,1,-1.872900,0
2020-09-24,sh.603699,14.2800,14.7000,14.2800,14.3500,14.6700,1401353,20204329.0300,3,0.186800,1,-2.181300,0
2020-09-25,sh.603699,14.4000,14.5700,14.0000,14.3800,14.3500,2770829,39506311.8700,3,0.369400,1,0.209100,0
2020-09-28,sh.603699,14.5000,14.9800,14.4100,14.7800,14.3800,4139663,60900629.3500,3,0.552000,1,2.781600,0
2020-09-29,sh.603699,14.9500,15.1100,14.2700,14.9000,14.7800,4860453,71496254.6600,3,0.648100,1,0.811900,0
2020-09-30,sh.603699,15.0300,15.4300,14.7400,15.3400,14.9000,6277829,95033782.7900,3,0.837000,1,2.953000,0
2020-10-09,sh.603699,15.6100,15.6500,15.1500,15.5600,15.3400,5215510,80410524.9300,3,0.695400,1,1.434200,0
2020-10-12,sh.603699,15.5300,15.9300,15.4500,15.7700,15.5600,3560000,56027422.2300,3,0.474700,1,1.349600,0
2020-10-13,sh.603699,15.8600,16.0900,15.6200,15.9600,15.7700,2143002,34075260.6500,3,0.285700,1,1.204800,0
2020-10-14,sh.603699,16.0300,16.5000,15.8500,15.9500,15.9600,3993033,64610749.9900,3,0.532400,1,-0.062700,0
2020-10-15,sh.603699,16.0000,16.7500,15.8800,16.3500,15.9500,4424695,72433471.1000,3,0.590000,1,2.507800,0
2020-10-16,sh.603699,16.1400,16.3800,16.0100,16.1200,16.3500,1582855,25562357.1200,3,0.211000,1,-1.406700,0
2020-10-19,sh.603699,16.2700,16.7000,16.0600,16.1400,16.1200,2208555,36036223.2300,3,0.294500,1,0.124100,0
2020-10-20,sh.603699,16.0200,16.1800,15.8500,16.0800,16.1400,1330794,21298707.9400,3,0.177400,1,-0.371700,0
2020-10-21,sh.603699,16.1200,16.1400,15.5500,15.6400,16.0800,2277743,35867750.5200,3,0.303700,1,-2.736300,0
2020-10-22,sh.603699,15.6700,15.9300,15.4500,15.9100,15.6400,1235442,19477644.7600,3,0.164700,1,1.726300,0
2020-10-23,sh.603699,15.8600,16.0500,15.6700,15.7300,15.9100,787500,12474971.0000,3,0.105000,1,-1.131400,0
2020-10-26,sh.603699,15.7300,15.9500,15.3800,15.7400,15.7300,979400,15315077.0000,3,0.130600,1,0.063600,0
2020-10-27,sh.603699,15.5900,16.0200,15.5900,15.8800,15.7400,1033400,16441604.0000,3,0.137800,1,0.889500,0
2020-10-28,sh.603699,15.9000,16.3500,15.7000,15.7400,15.8800,3114539,49727374.6600,3,0.415300,1,-0.881600,0
2020-10-29,sh.603699,15.6400,15.7400,15.3000,15.6300,15.7400,2500084,38775094.0900,3,0.333300,1,-0.698900,0
2020-10-30,sh.603699,15.6000,15.7700,14.4000,14.4400,15.6300,4719236,70674437.1800,3,0.629200,1,-7.613600,0
2020-11-02,sh.603699,14.6400,14.9800,14.1500,14.1900,14.4400,3675005,53383551.7600,3,0.490000,1,-1.731300,0
2020-11-03,sh.603699,14.3500,14.7500,14.1400,14.6400,14.1900,3344867,47938310.1900,3,0.446000,1,3.171200,0
2020-11-04,sh.603699,14.6400,14.7000,14.1900,14.2900,14.6400,2582392,37031008.2400,3,0.344300,1,-2.390700,0
2020-11-05,sh.603699,14.4900,14.5500,14.1900,14.5100,14.2900,2934203,42242268.4700,3,0.391200,1,1.539500,0
2020-11-06,sh.603699,14.5800,14.6400,14.2300,14.2700,14.5100,1894842,27204743.1800,3,0.252600,1,-1.654000,0
2020-11-09,sh.603699,14.2900,14.5000,14.2700,14.3600,14.2700,4067419,58420202.1400,3,0.542300,1,0.630700,0
2020-11-10,sh.603699,14.3800,14.7300,14.3800,14.5800,14.3600,3868387,56321020.6500,3,0.515800,1,1.532000,0
2020-11-11,sh.603699,14.6000,14.6000,14.2300,14.3100,14.5800,1967342,28316514.5000,3,0.262300,1,-1.851900,0
2020-11-12,sh.603699,14.4700,14.4700,14.2200,14.2700,14.3100,1302267,18620147.8100,3,0.173600,1,-0.279500,0
2020-11-13,sh.603699,14.2300,14.2500,13.8300,13.8300,14.2700,2951914,41341366.7200,3,0.393600,1,-3.083400,0
2020-11-16,sh.603699,13.8900,14.5600,13.7400,14.4700,13.8300,2694266,38272572.8000,3,0.359200,1,4.627600,0
2020-11-17,sh.603699,14.4600,14.8500,14.3300,14.5500,14.4700,2658291,38836590.3200,3,0.354400,1,0.552900,0
2020-11-18,sh.603699,14.5300,14.8000,14.4500,14.6100,14.5500,1166000,17092871.3400,3,0.155500,1,0.412400,0
2020-11-19,sh.603699,14.7800,14.7800,14.4800,14.5100,14.6100,1434949,20928911.2000,3,0.191300,1,-0.684500,0
2020-11-20,sh.603699,14.4600,14.6400,14.4000,14.5100,14.5100,2453500,35635768.0000,3,0.327100,1,0.000000,0
2020-11-23,sh.603699,14.5100,15.0300,14.3500,14.9500,14.5100,2790311,41310767.7800,3,0.372000,1,3.032400,0
2020-11-24,sh.603699,14.8900,15.1700,14.8300,15.0600,14.9500,2290700,34490007.0000,3,0.305400,1,0.735800,0
2020-11-25,sh.603699,15.0600,15.4500,15.0500,15.1100,15.0600,2389000,36444295.0000,3,0.318500,1,0.332000,0
2020-11-26,sh.603699,15.1200,15.3300,14.9700,15.1100,15.1100,1227502,18601599.1000,3,0.163700,1,0.000000,0
2020-11-27,sh.603699,15.0600,15.1700,14.6800,14.8900,15.1100,1280200,19082298.0000,3,0.170700,1,-1.456000,0
2020-11-30,sh.603699,15.0100,15.0500,14.4000,14.4700,14.8900,2764964,40550607.2000,3,0.368700,1,-2.820700,0
2020-12-01,sh.603699,14.4400,14.9900,14.3500,14.7800,14.4700,1751000,25855893.0000,3,0.233500,1,2.142400,0
2020-12-02,sh.603699,14.8000,15.2900,14.6600,15.1800,14.7800,3081894,46504743.2500,3,0.410900,1,2.706400,0
2020-12-03,sh.603699,15.1800,15.4800,14.9300,15.4000,15.1800,2206500,33764790.0000,3,0.294200,1,1.449300,0
2020-12-04,sh.603699,15.3800,15.5200,15.2200,15.3400,15.4000,1167273,17918808.2000,3,0.155600,1,-0.389600,0
2020-12-07,sh.603699,15.3400,15.4900,15.1600,15.4400,15.3400,2117900,32517696.6000,3,0.282400,1,0.651900,0
2020-12-08,sh.603699,15.4400,15.6800,15.2000,15.3200,15.4400,1459166,22541921.4500,3,0.194600,1,-0.777200,0
2020-12-09,sh.603699,15.2600,15.6600,15.1700,15.2600,15.3200,2190010,33821976.7600,3,0.292000,1,-0.391600,0
2020-12-10,sh.603699,15.2300,15.6000,14.8800,14.9800,15.2600,2025123,30601735.7200,3,0.270000,1,-1.834900,0
2020-12-11,sh.603699,15.0100,15.2100,14.9300,15.1500,14.9800,1546841,23333556.7300,3,0.206200,1,1.134800,0
2020-12-14,sh.603699,15.0800,15.7000,15.0000,15.5100,15.1500,2216211,34239689.5700,3,0.295500,1,2.376200,0
2020-12-15,sh.603699,15.5100,16.0900,15.3600,15.9700,15.5100,3780733,60123350.4300,3,0.504100,1,2.965800,0
2020-12-16,sh.603699,15.9700,16.3000,15.7500,15.7900,15.9700,2709362,43334261.2800,3,0.361200,1,-1.127100,0
2020-12-17,sh.603699,15.7900,15.8900,15.2100,15.4600,15.7900,3217362,49919147.4100,3,0.429000,1,-2.089900,0
2020-12-18,sh.603699,15.5800,15.7100,15.2400,15.4800,15.4600,2426687,37466691.9500,3,0.323600,1,0.129400,0
2020-12-21,sh.603699,15.4800,15.5400,15.1800,15.2000,15.4800,2385655,36585879.6000,3,0.318100,1,-1.808800,0
2020-12-22,sh.603699,15.1800,15.1800,14.0700,14.3000,15.2000,6249518,90319377.7100,3,0.833300,1,-5.921100,0
2020-12-23,sh.603699,14.0600,14.1800,13.1600,13.7500,14.3000,8530917,115425039.7600,3,1.137500,1,-3.846200,0
2020-12-24,sh.603699,13.5000,13.6800,13.2200,13.3100,13.7500,3109445,41707042.3900,3,0.414600,1,-3.200000,0
2020-12-25,sh.603699,13.3600,13.4800,13.1700,13.1700,13.3100,2648083,35193179.6900,3,0.353100,1,-1.051800,0
2020-12-28,sh.603699,13.2000,13.2100,12.5800,12.6200,13.1700,4260900,54648131.0000,3,0.568100,1,-4.176200,0
2020-12-29,sh.603699,12.6800,12.9400,12.5500,12.5600,12.6200,3384403,42888324.8500,3,0.451300,1,-0.475400,0
2020-12-30,sh.603699,12.6200,12.6200,12.4600,12.5100,12.5600,2483270,31131806.9000,3,0.331100,1,-0.398100,0
2020-12-31,sh.603699,12.5200,12.6700,12.4400,12.4900,12.5100,3225072,40352589.8400,3,0.430000,1,-0.159900,0
2021-01-04,sh.603699,12.5500,12.7600,12.1300,12.4900,12.4900,5279499,65394712.8500,3,0.703900,1,0.000000,0
2021-01-05,sh.603699,12.4400,13.0100,12.3700,12.9100,12.4900,4662408,59329201.5800,3,0.621700,1,3.362700,0
2021-01-06,sh.603699,12.8200,13.2000,12.7000,13.1100,12.9100,4407615,57152668.7600,3,0.587700,1,1.549200,0
2021-01-07,sh.603699,13.1100,13.3400,12.6300,12.7800,13.1100,4101273,53334812.9700,3,0.546800,1,-2.517200,0
2021-01-08,sh.603699,12.6900,12.7800,12.3000,12.5200,12.7800,2074040,25858356.0000,3,0.276500,1,-2.034400,0
2021-01-11,sh.603699,12.6500,12.9000,12.3600,12.4600,12.5200,3231883,40806719.5000,3,0.430900,1,-0.479200,0
2021-01-12,sh.603699,12.4600,12.8600,12.3800,12.6300,12.4600,4099722,51890063.3600,3,0.546600,1,1.364400,0
2021-01-13,sh.603699,12.6700,12.7800,12.5100,12.6100,12.6300,1824975,23060104.4600,3,0.243300,1,-0.158400,0
2021-01-14,sh.603699,12.5800,13.3000,12.5800,13.3000,12.6100,4545549,59000322.0100,3,0.606100,1,5.471800,0
2021-01-15,sh.603699,13.1500,13.2500,12.9000,12.9700,13.3000,3035201,39478636.0600,3,0.404700,1,-2.481200,0
2021-01-18,sh.603699,13.0000,13.1400,12.9000,13.0800,12.9700,3246046,42367271.3400,3,0.432800,1,0.848100,0
2021-01-19,sh.603699,13.0400,14.3900,12.9800,13.9400,13.0800,5577761,76563144.9400,3,0.743700,1,6.574900,0
2021-01-20,sh.603699,13.7500,13.9800,13.4000,13.9800,13.9400,3978333,54187821.3900,3,0.530400,1,0.286900,0
2021-01-21,sh.603699,13.8800,13.8800,13.2000,13.7000,13.9800,3976926,54156926.1600,3,0.530300,1,-2.002900,0
2021-01-22,sh.603699,13.6200,13.9500,13.3500,13.8700,13.7000,3142552,42833566.0800,3,0.419000,1,1.240900,0
2021-01-25,sh.603699,13.6000,14.3100,13.4000,13.9600,13.8700,4867040,67304755.8500,3,0.648900,1,0.648900,0
2021-01-26,sh.603699,13.8500,14.0200,13.6500,13.8500,13.9600,2416876,33451128.5400,3,0.322300,1,-0.788000,0
2021-01-27,sh.603699,13.9600,14.5000,13.5800,14.4500,13.8500,6398477,90799575.9400,3,0.853100,1,4.332100,0
2021-01-28,sh.603699,14.3800,14.5000,13.9300,14.3000,14.4500,3433419,48831849.3900,3,0.457800,1,-1.038100,0
2021-01-29,sh.603699,14.2000,14.3600,13.3800,13.8200,14.3000,4738800,65260314.7300,3,0.631800,1,-3.356600,0
2021-02-01,sh.603699,13.7000,14.1000,13.4300,14.0200,13.8200,5022460,69225550.0300,3,0.669700,1,1.447200,0
2021-02-02,sh.603699,13.9500,13.9700,13.4900,13.8000,14.0200,4335042,59367501.6200,3,0.578000,1,-1.569200,0
2021-02-03,sh.603699,13.8400,13.8400,13.2600,13.3400,13.8000,3530692,47416300.1700,3,0.470800,1,-3.333300,0
2021-02-04,sh.603699,13.3000,13.3000,12.2000,12.7100,13.3400,5074519,64125760.5100,3,0.676600,1,-4.722600,0
2021-02-05,sh.603699,12.6700,12.8500,12.2100,12.3500,12.7100,2703820,33554805.2000,3,0.360500,1,-2.832400,0
2021-02-08,sh.603699,12.3600,12.9700,12.1100,12.9000,12.3500,3955001,49642444.5600,3,0.527300,1,4.453400,0
2021-02-09,sh.603699,12.9300,13.5500,12.8400,13.2900,12.9000,3333200,44290542.0400,3,0.444400,1,3.023300,0
2021-02-10,sh.603699,13.3100,13.8400,13.2900,13.6700,13.2900,3375029,46076694.7600,3,0.450000,1,2.859300,0
2021-02-18,sh.603699,13.8800,14.0600,13.3400,13.5300,13.6700,3344860,45565526.8000,3,0.446000,1,-1.024100,0
2021-02-19,sh.603699,13.5400,14.2700,13.5400,14.2400,13.5300,4684169,65666978.4900,3,0.624600,1,5.247600,0
2021-02-22,sh.603699,14.2500,15.0300,14.2500,14.7500,14.2400,7299600,108169568.8400,3,0.973300,1,3.581500,0
2021-02-23,sh.603699,14.7500,14.9200,14.4000,14.5300,14.7500,3505043,51449787.7900,3,0.467300,1,-1.491500,0
2021-02-24,sh.603699,14.5500,14.7600,14.2100,14.5700,14.5300,3237543,47169692.3200,3,0.431700,1,0.275300,0
2021-02-25,sh.603699,14.6000,15.0500,14.5300,14.6500,14.5700,3477800,51479971.0000,3,0.463700,1,0.549100,0
2021-02-26,sh.603699,14.2700,14.7500,14.2100,14.2500,14.6500,2923600,42280280.0000,3,0.389800,1,-2.730400,0
2021-03-01,sh.603699,14.2600,14.6600,14.1600,14.4200,14.2500,4413000,63645131.0000,3,0.588400,1,1.193000,0
2021-03-02,sh.603699,14.5300,14.6800,14.3000,14.4500,14.4200,4829229,70095257.8800,3,0.643900,1,0.208000,0
2021-03-03,sh.603699,14.5000,14.6900,14.1700,14.3500,14.4500,4361885,62477161.4700,3,0.581600,1,-0.692000,0
2021-03-04,sh.603699,14.3000,14.5500,14.1500,14.4300,14.3500,3171888,45588912.0400,3,0.422900,1,0.557500,0
2021-03-05,sh.603699,14.3400,14.8100,14.3100,14.5300,14.4300,4017727,58428358.7400,3,0.535700,1,0.693000,0
2021-03-08,sh.603699,14.7500,15.1000,14.6200,14.9500,14.5300,8967061,133792801.7200,3,1.195600,1,2.890600,0
2021-03-09,sh.603699,14.8800,15.0300,14.0400,14.7500,14.9500,6164106,90017729.9900,3,0.821900,1,-1.337800,0
2021-03-10,sh.603699,14.8300,14.8300,13.8800,13.9100,14.7500,3381643,48129071.7500,3,0.450900,1,-5.694900,0
2021-03-11,sh.603699,13.7100,13.8600,13.3000,13.6500,13.9100,3723816,50570731.3600,3,0.496500,1,-1.869200,0
2021-03-12,sh.603699,13.6000,13.9200,13.4100,13.9200,13.6500,2185954,29868721.2200,3,0.291500,1,1.978000,0
2021-03-15,sh.603699,13.9800,13.9800,13.3900,13.6400,13.9200,1824200,24866752.0000,3,0.243200,1,-2.011500,0
2021-03-16,sh.603699,13.6300,14.7000,13.5100,14.4000,13.6400,3845800,54727968.0000,3,0.512800,1,5.571800,0
2021-03-17,sh.603699,14.4300,14.5300,14.2100,14.3900,14.4000,2043830,29408923.0800,3,0.272500,1,-0.069400,0
2021-03-18,sh.603699,14.3900,14.7500,14.3200,14.4200,14.3900,2714796,39400548.4400,3,0.362000,1,0.208500,0
2021-03-19,sh.603699,14.3000,14.5400,14.1800,14.1800,14.4200,1958500,28078178.0000,3,0.261100,1,-1.664400,0
2021-03-22,sh.603699,14.2500,14.5500,14.0300,14.2000,14.1800,3665884,52026617.5000,3,0.488800,1,0.141000,0
2021-03-23,sh.603699,14.2400,14.3900,13.9000,14.0800,14.2000,3997820,56325993.8400,3,0.533000,1,-0.845100,0
2021-03-24,sh.603699,14.4200,14.4200,13.3900,13.4500,14.0800,3782792,51979542.1400,3,0.504400,1,-4.474400,0
2021-03-25,sh.603699,13.3100,13.3800,12.9000,12.9600,13.4500,3607820,47180545.8300,3,0.481000,1,-3.643100,0
2021-03-26,sh.603699,13.0000,13.4000,12.9700,13.0500,12.9600,7742270,101526092.3000,3,1.032300,1,0.694400,0
2021-03-29,sh.603699,13.1400,13.3300,12.9800,13.2000,13.0500,3466300,45583133.9100,3,0.462200,1,1.149400,0
2021-03-30,sh.603699,13.1800,13.2600,12.8100,12.8100,13.2000,4149772,53863728.9600,3,0.553300,1,-2.954500,0
2021-03-31,sh.603699,12.8200,13.1800,12.7800,13.0600,12.8100,2401027,31250712.4900,3,0.320100,1,1.951600,0
2021-04-01,sh.603699,13.0200,13.2700,12.9300,13.2200,13.0600,1949281,25650263.1200,3,0.259900,1,1.225100,0
2021-04-02,sh.603699,13.2500,13.3100,12.8800,12.9300,13.2200,2599000,33880049.7300,3,0.346500,1,-2.193600,0
2021-04-06,sh.603699,13.0000,13.0400,12.8200,12.8900,12.9300,1962500,25371436.0000,3,0.261700,1,-0.309400,0
2021-04-07,sh.603699,12.9200,12.9800,12.6900,12.8400,12.8900,3147548,40429280.7300,3,0.419700,1,-0.387900,0
2021-04-08,sh.603699,12.9100,13.0900,12.7500,12.9500,12.8400,2194500,28435699.0000,3,0.292600,1,0.856700,0
2021-04-09,sh.603699,12.9500,13.1600,12.8800,13.1100,12.9500,1856100,24193558.0100,3,0.247500,1,1.235500,0
2021-04-12,sh.603699,13.1600,13.3700,13.0300,13.1500,13.1100,2957581,39108591.4000,3,0.394300,1,0.305100,0
2021-04-13,sh.603699,13.1800,13.2000,12.8700,12.9300,13.1500,2832880,36762395.5000,3,0.377700,1,-1.673000,0
2021-04-14,sh.603699,12.9500,13.2500,12.9100,13.2100,12.9300,3941600,51813066.0400,3,0.525500,1,2.165500,0
2021-04-15,sh.603699,13.1000,13.5000,13.1000,13.4100,13.2100,2837916,37793854.0000,3,0.378400,1,1.514000,0
2021-04-16,sh.603699,13.5800,13.9500,13.4600,13.8300,13.4100,3656536,50414897.1800,3,0.487500,1,3.132000,0
2021-04-19,sh.603699,13.9000,14.1100,13.6000,13.6600,13.8300,5320199,73416301.0600,3,0.709400,1,-1.229200,0
2021-04-20,sh.603699,13.7100,14.0500,13.5700,13.8800,13.6600,2633389,36557804.6100,3,0.351100,1,1.610500,0
2021-04-21,sh.603699,13.9900,14.0400,13.7500,13.8400,13.8800,1963700,27249124.0000,3,0.261800,1,-0.288200,0
2021-04-22,sh.603699,13.8400,14.2000,13.7800,14.1500,13.8400,3478311,48765855.6700,3,0.463800,1,2.239900,0
2021-04-23,sh.603699,14.2500,14.3000,13.9200,14.0500,14.1500,3234839,45441473.8400,3,0.431300,1,-0.706700,0
2021-04-26,sh.603699,14.0500,14.4100,13.9300,14.2100,14.0500,6968143,99216287.1100,3,0.929100,1,1.138800,0
2021-04-27,sh.603699,14.1900,14.4400,13.9300,14.0800,14.2100,3576680,50621828.3200,3,0.476900,1,-0.914800,0
2021-04-28,sh.603699,14.1500,14.1700,13.7700,13.9400,14.0800,3523600,49249942.5800,3,0.469800,1,-0.994300,0
2021-04-29,sh.603699,13.9400,14.0300,13.6900,13.7200,13.9400,6175553,85762492.2700,3,0.823400,1,-1.578200,0
2021-04-30,sh.603699,12.7500,13.4300,12.4700,13.1600,13.7200,11132923,144349745.3200,3,1.484400,1,-4.081600,0
2021-05-06,sh.603699,13.1900,13.3000,12.7400,12.8600,13.1600,3688532,47614441.4900,3,0.491800,1,-2.279600,0
2021-05-07,sh.603699,12.9800,12.9800,12.4400,12.6800,12.8600,3702195,46859602.5800,3,0.493600,1,-1.399700,0
2021-05-10,sh.603699,12.6900,12.8000,12.2400,12.6500,12.6800,4234452,53053873.2000,3,0.564600,1,-0.236600,0
2021-05-11,sh.603699,12.6900,12.6900,12.4000,12.4800,12.6500,2387644,29769895.6900,3,0.318400,1,-1.343900,0
2021-05-12,sh.603699,12.4800,12.6900,12.3000,12.3700,12.4800,2230133,27705201.2000,3,0.297400,1,-0.881400,0
2021-05-13,sh.603699,12.3000,12.4500,12.2500,12.2500,12.3700,2619800,32311648.2400,3,0.349300,1,-0.970100,0
2021-05-14,sh.603699,12.2900,12.4800,12.2300,12.2500,12.2500,4849110,59723776.2000,3,0.646500,1,0.000000,0
2021-05-17,sh.603699,12.2700,12.5000,12.1700,12.2200,12.2500,5632600,69222431.4000,3,0.751000,1,-0.244900,0
2021-05-18,sh.603699,12.2300,12.3500,12.1900,12.2500,12.2200,2395686,29351436.9200,3,0.319400,1,0.245500,0
2021-05-19,sh.603699,12.2500,12.4300,12.1800,12.3100,12.2500,2896206,35692265.7000,3,0.386200,1,0.489800,0
2021-05-20,sh.603699,12.3400,12.5000,12.3000,12.4800,12.3100,2745317,34117349.1700,3,0.366000,1,1.381000,0
2021-05-21,sh.603699,12.5000,12.5100,12.2300,12.3100,12.4800,2405025,29614828.7300,3,0.320700,1,-1.362200,0
2021-05-24,sh.603699,12.2600,12.4000,12.2500,12.2700,12.3100,1344924,16559534.3200,3,0.179300,1,-0.324900,0
2021-05-25,sh.603699,12.2700,12.4500,11.7300,11.7800,12.2700,7592573,91577258.3700,3,1.012300,1,-3.993500,0
2021-05-26,sh.603699,11.8400,11.8500,11.4900,11.7000,11.7800,5681362,66148843.7400,3,0.757500,1,-0.679100,0
2021-05-27,sh.603699,11.8000,12.1600,11.5900,12.1200,11.7000,4619649,55118222.3300,3,0.616000,1,3.589700,0
2021-05-28,sh.603699,12.1200,12.1800,11.6300,11.8300,12.1200,4069078,48251135.6400,3,0.542500,1,-2.392700,0
2021-05-31,sh.603699,11.8200,11.9500,11.6200,11.7000,11.8300,2339911,27435260.9600,3,0.312000,1,-1.098900,0
2021-06-01,sh.603699,11.7100,11.8600,11.5800,11.6500,11.7000,2753469,32105103.8200,3,0.367100,1,-0.427400,0
2021-06-02,sh.603699,11.6500,11.7200,11.4100,11.4300,11.6500,4877519,56297618.3600,3,0.650300,1,-1.888400,0
2021-06-03,sh.603699,11.4400,11.4900,11.1900,11.2400,11.4300,4149273,46725230.3300,3,0.553200,1,-1.662300,0
2021-06-04,sh.603699,11.2400,11.4100,11.1600,11.3600,11.2400,2963673,33405069.9800,3,0.395200,1,1.067600,0
2021-06-07,sh.603699,11.3400,11.5700,11.3000,11.4900,11.3600,3385683,38779645.9300,3,0.451400,1,1.144400,0
2021-06-08,sh.603699,11.5000,11.5200,11.2000,11.2200,11.4900,3207844,36226273.9600,3,0.427700,1,-2.349900,0
2021-06-09,sh.603699,11.3500,11.3900,11.1900,11.3400,11.2200,3230500,36453285.6600,3,0.430700,1,1.069500,0
2021-06-10,sh.603699,11.4000,11.4300,11.2800,11.3400,11.3400,2444344,27761898.9600,3,0.325900,1,0.000000,0
2021-06-11,sh.603699,11.3700,11.4500,11.2700,11.3500,11.3400,2956876,33565452.6400,3,0.394300,1,0.088200,0
2021-06-15,sh.603699,11.3200,11.5300,11.0900,11.4400,11.3500,3995444,45462714.1600,3,0.532700,1,0.793000,0
2021-06-16,sh.603699,11.4400,11.4800,11.2400,11.4100,11.4400,2021054,22961396.8200,3,0.269500,1,-0.262200,0
2021-06-17,sh.603699,11.3500,11.5000,11.2600,11.2600,11.4100,2382357,26997640.8200,3,0.317600,1,-1.314600,0
2021-06-18,sh.603699,11.2500,11.3000,10.9700,10.9900,11.2600,6601254,72812827.1600,3,0.880200,1,-2.397900,0
2021-06-21,sh.603699,11.0000,11.1500,10.7800,11.0800,10.9900,2484170,27267514.7600,3,0.331200,1,0.818900,0
2021-06-22,sh.603699,11.0800,11.1800,10.8700,10.9900,11.0800,3379783,37034652.3300,3,0.450600,1,-0.812300,0
2021-06-23,sh.603699,10.9600,10.9600,10.8100,10.8800,10.9900,3452825,37526548.7500,3,0.460400,1,-1.000900,0
2021-06-24,sh.603699,10.8600,11.0000,10.8100,10.8400,10.8800,4876900,53023222.0000,3,0.650300,1,-0.367600,0
2021-06-25,sh.603699,10.8200,10.8300,10.5500,10.7400,10.8400,5413400,57783744.2400,3,0.721800,1,-0.922500,0
2021-06-28,sh.603699,10.7400,10.9500,10.6700,10.7800,10.7400,5037900,54233029.0000,3,0.671700,1,0.372400,0
2021-06-29,sh.603699,10.8000,10.8000,10.4300,10.4600,10.7800,5063770,53489145.5000,3,0.675200,1,-2.968500,0
2021-06-30,sh.603699,10.4600,10.5500,10.4000,10.5000,10.4600,4390210,46006209.6000,3,0.585400,1,0.382400,0
2021-07-01,sh.603699,10.5000,10.6800,10.4000,10.5700,10.5000,3757200,39543419.0000,3,0.501000,1,0.666700,0
2021-07-02,sh.603699,10.5900,10.7300,10.3600,10.5800,10.5700,3591110,37716313.6000,3,0.478800,1,0.094600,0
2021-07-05,sh.603699,10.5400,10.6900,10.3500,10.4000,10.5800,4181721,43807151.3500,3,0.557600,1,-1.701300,0
2021-07-06,sh.603699,10.4100,10.4100,10.3200,10.3900,10.4000,2459600,25528087.0000,3,0.327900,1,-0.096200,0
2021-07-07,sh.603699,10.3600,10.4300,10.3300,10.3400,10.3900,3211100,33288655.0000,3,0.428100,1,-0.481200,0
2021-07-08,sh.603699,10.3400,10.3600,10.2800,10.3000,10.3400,3885926,40122927.3200,3,0.518100,1,-0.386800,0
2021-07-09,sh.603699,10.4500,10.5300,10.3300,10.3600,10.3000,3540100,36796678.0000,3,0.472000,1,0.582500,0
2021-07-12,sh.603699,10.3900,10.5900,10.3500,10.3700,10.3600,7821500,81442654.0000,3,1.042900,1,0.096500,0
2021-07-13,sh.603699,10.3700,10.5400,10.3100,10.5000,10.3700,4985337,52106859.9500,3,0.664700,1,1.253600,0
2021-07-14,sh.603699,10.5000,10.5800,10.3100,10.3600,10.5000,5939033,61705781.8100,3,0.791900,1,-1.333300,0
2021-07-15,sh.603699,9.9200,9.9200,9.6900,9.7300,9.9000,3980854,38844546.7000,3,0.530800,1,-1.717200,0
2021-07-16,sh.603699,9.7300,9.7400,9.3300,9.5600,9.7300,5027813,47670187.7300,3,0.670400,1,-1.747200,0
2021-07-19,sh.603699,9.4900,9.5000,9.1800,9.2000,9.5600,5503300,51130075.0000,3,0.733800,1,-3.765700,0
2021-07-20,sh.603699,9.1900,9.2000,8.9600,9.0000,9.2000,5222400,47252160.2000,3,0.696300,1,-2.173900,0
2021-07-21,sh.603699,9.0100,9.3100,9.0000,9.0700,9.0000,4381912,40014621.6200,3,0.584300,1,0.777800,0
2021-07-22,sh.603699,9.0800,9.1400,8.9700,9.0800,9.0700,3718586,33632128.0200,3,0.495800,1,0.110300,0
2021-07-23,sh.603699,9.0800,9.1300,9.0200,9.0900,9.0800,2607142,23613809.9400,3,0.347600,1,0.110100,0
2021-07-26,sh.603699,9.0900,9.1100,8.8600,9.0500,9.0900,3579576,32143508.0000,3,0.477300,1,-0.440000,0
2021-07-27,sh.603699,9.0100,9.0800,8.8400,8.9300,9.0500,4281054,38116673.9600,3,0.570800,1,-1.326000,0
2021-07-28,sh.603699,8.8700,9.0900,8.6100,8.9900,8.9300,3601110,31953918.7000,3,0.480100,1,0.671900,0
2021-07-29,sh.603699,8.9900,9.0600,8.9100,8.9500,8.9900,2297638,20635668.2600,3,0.306400,1,-0.444900,0
2021-07-30,sh.603699,8.9100,9.0900,8.9000,9.0800,8.9500,2241100,20230823.0000,3,0.298800,1,1.452500,0
2021-08-02,sh.603699,9.0500,9.2500,9.0200,9.0800,9.0800,5896648,53828776.5600,3,0.786200,1,0.000000,0
2021-08-03,sh.603699,9.0800,9.4200,9.0700,9.2500,9.0800,5997382,55638256.9800,3,0.799700,1,1.872200,0
2021-08-04,sh.603699,9.2400,9.3000,9.1000,9.2100,9.2500,3867643,35445471.9800,3,0.515700,1,-0.432400,0
2021-08-05,sh.603699,9.2300,9.7000,9.1300,9.7000,9.2100,9865164,93704480.2000,3,1.315400,1,5.320300,0
2021-08-06,sh.603699,9.6600,9.8100,9.5300,9.8000,9.7000,6067061,58699489.9700,3,0.808900,1,1.030900,0
2021-08-09,sh.603699,9.8100,9.8300,9.5600,9.6300,9.8000,5113517,49349329.0400,3,0.681800,1,-1.734700,0
2021-08-10,sh.603699,9.6600,9.8300,9.5900,9.7700,9.6300,4611313,44938816.0400,3,0.614800,1,1.453800,0
2021-08-11,sh.603699,9.7300,9.9400,9.6900,9.9100,9.7700,5447879,53665597.8700,3,0.726400,1,1.433000,0
2021-08-12,sh.603699,9.9300,9.9500,9.6300,9.6300,9.9100,7486110,73005328.4000,3,0.998100,1,-2.825400,0
2021-08-13,sh.603699,9.6400,9.8300,9.5900,9.7800,9.6300,4024600,39155565.0000,3,0.536600,1,1.557600,0
2021-08-16,sh.603699,9.7500,9.8900,9.7000,9.7600,9.7800,2706200,26517525.0000,3,0.360800,1,-0.204500,0
2021-08-17,sh.603699,9.8100,9.9500,9.6100,9.6100,9.7600,5639700,55144480.9000,3,0.752000,1,-1.536900,0
2021-08-18,sh.603699,9.6100,9.7800,9.6000,9.6700,9.6100,2532718,24547295.2000,3,0.337700,1,0.624300,0
2021-08-19,sh.603699,9.7100,9.7500,9.6000,9.6400,9.6700,2379101,22979627.6000,3,0.317200,1,-0.310200,0
2021-08-20,sh.603699,9.6100,10.6000,9.5000,10.6000,9.6400,12639405,129015268.1000,3,1.685300,1,9.958500,0
2021-08-23,sh.603699,10.8200,11.6600,10.6100,11.3500,10.6000,37076289,420270782.3400,3,4.943500,1,7.075500,0
2021-08-24,sh.603699,10.9900,11.2800,10.5500,10.7300,11.3500,18946381,205086617.1700,3,2.526200,1,-5.462600,0
2021-08-25,sh.603699,10.5000,10.6600,10.3900,10.4600,10.7300,10510005,110281668.3500,3,1.401300,1,-2.516300,0
2021-08-26,sh.603699,10.4300,10.4700,9.9900,10.1000,10.4600,16868669,170811820.9000,3,2.249200,1,-3.441700,0
2021-08-27,sh.603699,10.0200,10.2900,9.9000,10.1500,10.1000,10411292,105311910.7600,3,1.388200,1,0.495000,0
2021-08-30,sh.603699,10.2200,10.3300,10.0600,10.2700,10.1500,9377248,95583898.3200,3,1.250300,1,1.182300,0
2021-08-31,sh.603699,10.2300,10.7500,10.0200,10.7400,10.2700,13354905,138817030.5200,3,1.780700,1,4.576400,0
2021-09-01,sh.603699,10.6000,10.9200,10.5900,10.8400,10.7400,9489579,102040950.1600,3,1.265300,1,0.931100,0
2021-09-02,sh.603699,10.7400,10.8400,10.5700,10.7500,10.8400,6255677,67047410.3400,3,0.834100,1,-0.830300,0
2021-09-03,sh.603699,10.7500,11.2200,10.6500,11.1800,10.7500,11046406,121551065.4700,3,1.472900,1,4.000000,0
2021-09-06,sh.603699,11.1800,11.3900,11.0300,11.1200,11.1800,10657866,119526791.2600,3,1.421000,1,-0.536700,0
2021-09-07,sh.603699,11.0800,11.2000,11.0800,11.1100,11.1200,5380043,59839378.0700,3,0.717300,1,-0.089900,0
2021-09-08,sh.603699,11.1100,11.2800,11.0500,11.1500,11.1100,4880405,54449986.2000,3,0.650700,1,0.360000,0
2021-09-09,sh.603699,11.1100,11.2500,10.8700,11.1900,11.1500,6958701,77166676.0700,3,0.927800,1,0.358700,0
2021-09-10,sh.603699,11.2000,11.5200,11.1700,11.3200,11.1900,7807678,88367110.0600,3,1.041000,1,1.161800,0
2021-09-13,sh.603699,11.3100,11.4900,11.2300,11.4400,11.3200,5108030,58092161.7000,3,0.681100,1,1.060100,0
2021-09-14,sh.603699,11.4400,11.6100,11.0000,11.0000,11.4400,7156957,80390043.0000,3,0.954300,1,-3.846200,0
2021-09-15,sh.603699,11.0600,11.4500,10.9900,11.3800,11.0000,6492220,73619866.8000,3,0.865600,1,3.454500,0
2021-09-16,sh.603699,11.4900,11.5600,11.0500,11.1300,11.3800,4778905,53629604.6500,3,0.637200,1,-2.196800,0
2021-09-17,sh.603699,11.2700,11.2700,10.6800,10.9600,11.1300,5748817,62625177.6400,3,0.766500,1,-1.527400,0
2021-09-22,sh.603699,10.8500,11.3600,10.7700,11.2700,10.9600,4064600,45154745.0400,3,0.541900,1,2.828500,0
2021-09-23,sh.603699,11.2600,11.4200,11.1200,11.1700,11.2700,3806499,42828083.8300,3,0.507500,1,-0.887300,0
2021-09-24,sh.603699,11.2000,11.2200,10.9700,10.9800,11.1700,3396213,37452334.7400,3,0.452800,1,-1.701000,0
2021-09-27,sh.603699,10.9000,11.0800,10.4400,10.6100,10.9800,3887354,41414487.5200,3,0.518300,1,-3.369800,0
2021-09-28,sh.603699,10.6100,10.9300,10.6100,10.8600,10.6100,2160913,23350836.7900,3,0.288100,1,2.356300,0
2021-09-29,sh.603699,10.7600,10.7800,10.2500,10.4700,10.8600,4199700,43994110.0000,3,0.560000,1,-3.591200,0
2021-09-30,sh.603699,10.5000,11.1800,10.4900,11.1000,10.4700,4938438,53945352.7400,3,0.658500,1,6.017200,0
2021-10-08,sh.603699,11.1800,11.3000,10.7800,10.9200,11.1000,4771101,52229952.9000,3,0.636100,1,-1.621600,0
2021-10-11,sh.603699,10.8800,11.2600,10.7900,11.1000,10.9200,3412100,37772969.0000,3,0.454900,1,1.648400,0
2021-10-12,sh.603699,11.0600,11.1800,10.6800,10.8300,11.1000,3266738,35483155.3400,3,0.435600,1,-2.432400,0
2021-10-13,sh.603699,10.7600,10.8400,10.6200,10.7700,10.8300,1632778,17512414.5000,3,0.217700,1,-0.554000,0
2021-10-14,sh.603699,10.7800,10.9700,10.6200,10.7200,10.7700,1225500,13133221.0000,3,0.163400,1,-0.464300,0
2021-10-15,sh.603699,10.7100,10.7200,10.4000,10.5100,10.7200,2349160,24705326.0000,3,0.313200,1,-1.959000,0
2021-10-18,sh.603699,10.5100,10.7500,10.4300,10.4700,10.5100,2052410,21584870.0000,3,0.273700,1,-0.380600,0
2021-10-19,sh.603699,10.4700,10.6100,10.3100,10.4900,10.4700,2012760,21050407.5600,3,0.268400,1,0.191000,0
2021-10-20,sh.603699,10.5600,10.7800,10.3800,10.7000,10.4900,3077773,32656134.1900,3,0.410400,1,2.001900,0
2021-10-21,sh.603699,10.6500,10.7100,10.4400,10.5500,10.7000,2224000,23490065.0000,3,0.296500,1,-1.401900,0
2021-10-22,sh.603699,10.5100,10.6300,10.0100,10.0500,10.5500,4897296,50217645.8200,3,0.653000,1,-4.739300,0
2021-10-25,sh.603699,10.0700,10.2700,10.0500,10.2200,10.0500,1432900,14584816.0000,3,0.191100,1,1.691500,0
2021-10-26,sh.603699,10.2500,10.3000,10.0200,10.0400,10.2200,2027114,20472041.7000,3,0.270300,1,-1.761300,0
2021-10-27,sh.603699,10.1000,10.1400,9.7000,9.7700,10.0400,4930099,48423924.2400,3,0.657300,1,-2.689200,0
2021-10-28,sh.603699,9.6900,9.8500,9.3800,9.5500,9.7700,3667100,35115748.0000,3,0.488900,1,-2.251800,0
2021-10-29,sh.603699,9.6000,9.6700,9.4600,9.5900,9.5500,2373900,22699151.0000,3,0.316500,1,0.418800,0
2021-11-01,sh.603699,9.5300,9.6400,9.2500,9.4600,9.5900,3356309,31862738.6100,3,0.447500,1,-1.355600,0
2021-11-02,sh.603699,9.4800,9.7800,9.4100,9.5300,9.4600,3114801,29772024.7900,3,0.415300,1,0.740000,0
2021-11-03,sh.603699,9.5300,9.6000,9.4500,9.5900,9.5300,1541297,14695701.2000,3,0.205500,1,0.629600,0
2021-11-04,sh.603699,10.3400,10.3400,9.6200,9.9500,9.5900,7054864,69425267.7000,3,0.940600,1,3.753900,0
2021-11-05,sh.603699,9.8200,10.1300,9.7600,9.8700,9.9500,4535879,44936204.3300,3,0.604800,1,-0.804000,0
2021-11-08,sh.603699,9.7800,10.0400,9.7800,9.9700,9.8700,5145341,51042191.5500,3,0.686000,1,1.013200,0
2021-11-09,sh.603699,9.9000,10.1400,9.9000,10.0000,9.9700,3559230,35566132.4000,3,0.474600,1,0.300900,0
2021-11-10,sh.603699,10.0300,10.6500,9.9000,10.4900,10.0000,6791032,69663672.7200,3,0.905500,1,4.900000,0
2021-11-11,sh.603699,10.4400,10.5500,10.3600,10.4000,10.4900,4663088,48589204.4200,3,0.621700,1,-0.858000,0
2021-11-12,sh.603699,10.7000,10.8500,10.3700,10.7000,10.4000,4850300,51477542.0000,3,0.646700,1,2.884600,0
2021-11-15,sh.603699,10.7000,10.8200,10.6100,10.6800,10.7000,3894023,41662785.2600,3,0.519200,1,-0.186900,0
2021-11-16,sh.603699,10.6000,10.7600,10.4600,10.4700,10.6800,4491900,47613575.0000,3,0.598900,1,-1.966300,0
2021-11-17,sh.603699,10.4400,10.8200,10.3600,10.7800,10.4700,4981430,53089321.1000,3,0.664200,1,2.960800,0
2021-11-18,sh.603699,10.7800,10.9100,10.7000,10.7500,10.7800,3959163,42744515.8700,3,0.527900,1,-0.278300,0
2021-11-19,sh.603699,10.7300,10.9000,10.5800,10.7600,10.7500,2741680,29523108.0000,3,0.365600,1,0.093000,0
2021-11-22,sh.603699,10.8000,11.1500,10.7200,10.9000,10.7600,5857615,64024476.4300,3,0.781000,1,1.301100,0
2021-11-23,sh.603699,11.0900,11.0900,10.6400,10.6800,10.9000,3414380,36702675.2000,3,0.455300,1,-2.018300,0
2021-11-24,sh.603699,10.6900,10.8100,10.4100,10.6800,10.6800,3546501,37908955.6400,3,0.472900,1,0.000000,0
2021-11-25,sh.603699,10.5800,10.8000,10.5800,10.7200,10.6800,2407766,25763990.1600,3,0.321000,1,0.374500,0
2021-11-26,sh.603699,10.6500,10.7800,10.5200,10.5500,10.7200,2197631,23304262.5100,3,0.293000,1,-1.585800,0
2021-11-29,sh.603699,10.4300,10.6100,10.3600,10.5400,10.5500,1754900,18430393.0000,3,0.234000,1,-0.094800,0
2021-11-30,sh.603699,10.5400,10.6200,10.4200,10.5000,10.5400,2314607,24359151.9000,3,0.308600,1,-0.379500,0
2021-12-01,sh.603699,10.7000,10.7000,10.4800,10.6700,10.5000,2346536,24951588.3200,3,0.312900,1,1.619000,0
2021-12-02,sh.603699,10.6600,10.7600,10.1900,10.2800,10.6700,5827110,60932916.9700,3,0.776900,1,-3.655100,0
2021-12-03,sh.603699,10.0100,10.4000,10.0100,10.0900,10.2800,5417609,54788127.3600,3,0.722300,1,-1.848200,0
2021-12-06,sh.603699,10.0500,10.0800,9.7800,9.8100,10.0900,4106632,40718176.2000,3,0.547600,1,-2.775000,0
2021-12-07,sh.603699,9.8400,9.9600,9.6700,9.6900,9.8100,3287613,31996543.7500,3,0.438300,1,-1.223200,0
2021-12-08,sh.603699,9.7200,9.7800,9.6800,9.7400,9.6900,4146391,40281335.0500,3,0.552900,1,0.516000,0
2021-12-09,sh.603699,9.7100,9.9400,9.7000,9.8500,9.7400,3849151,37900031.3500,3,0.513200,1,1.129400,0
2021-12-10,sh.603699,9.8800,10.1800,9.7600,10.0600,9.8500,4464033,44573303.3100,3,0.595200,1,2.132000,0
2021-12-13,sh.603699,10.1700,11.0700,10.0200,11.0700,10.0600,15604539,168015182.0400,3,2.080600,1,10.039800,0
2021-12-14,sh.603699,11.2000,11.2200,10.8200,11.0200,11.0700,18772243,206724886.5000,3,2.503000,1,-0.451700,0
2021-12-15,sh.603699,10.9500,11.2800,10.8100,10.9100,11.0200,9996713,109910704.2600,3,1.332900,1,-0.998200,0
2021-12-16,sh.603699,10.8900,11.1000,10.8200,11.1000,10.9100,7132857,78345590.9200,3,0.951000,1,1.741500,0
2021-12-17,sh.603699,11.0200,11.1200,10.9100,10.9500,11.1000,5126100,56282917.0000,3,0.683500,1,-1.351400,0
2021-12-20,sh.603699,11.0000,11.1600,10.7700,11.0500,10.9500,8344671,91976542.8600,3,1.112600,1,0.913200,0
2021-12-21,sh.603699,11.0500,11.6000,10.9100,11.3500,11.0500,8944281,101302801.1900,3,1.192600,1,2.714900,0
2021-12-22,sh.603699,11.1600,11.4600,11.0000,11.0600,11.3500,8208300,91661220.3400,3,1.094400,1,-2.555100,0
2021-12-23,sh.603699,11.2000,11.2000,10.8700,11.0900,11.0600,5138300,56718520.6100,3,0.685100,1,0.271200,0
2021-12-24,sh.603699,11.0900,11.1500,10.7500,10.8400,11.0900,6134669,67089554.9000,3,0.818000,1,-2.254300,0
2021-12-27,sh.603699,10.7500,11.0800,10.7500,10.9200,10.8400,5152462,56350645.6200,3,0.687000,1,0.738000,0
2021-12-28,sh.603699,10.9900,11.1500,10.7700,10.9900,10.9200,5298529,57940520.7700,3,0.706500,1,0.641000,0
2021-12-29,sh.603699,10.7300,10.8900,10.1500,10.7200,10.9900,7736624,82004368.0800,3,1.031500,1,-2.456800,0
2021-12-30,sh.603699,10.7300,10.8200,10.6200,10.7500,10.7200,4021700,43091398.0000,3,0.536200,1,0.279900,0
2021-12-31,sh.603699,10.7900,11.2200,10.7600,10.9500,10.7500,7693931,84615459.0000,3,1.025900,1,1.860500,0
2022-01-04,sh.603699,10.9500,11.3400,10.8800,11.2100,10.9500,7468025,83648581.6900,3,0.995700,1,2.374400,0
2022-01-05,sh.603699,11.2000,11.3100,11.0000,11.2800,11.2100,6387100,71256454.0000,3,0.851600,1,0.624400,0
2022-01-06,sh.603699,11.2600,11.7000,11.1100,11.6000,11.2800,10095144,115696130.2400,3,1.346000,1,2.836900,0
2022-01-07,sh.603699,11.7300,11.9000,11.3000,11.3300,11.6000,10400172,120477965.6600,3,1.386700,1,-2.327600,0
2022-01-10,sh.603699,11.2100,11.4200,11.1100,11.2100,11.3300,7027076,78670349.1600,3,0.936900,1,-1.059100,0
2022-01-11,sh.603699,11.2100,11.4800,11.1500,11.3900,11.2100,7928255,90048480.6200,3,1.057100,1,1.605700,0
2022-01-12,sh.603699,11.2000,11.5300,11.0300,11.4000,11.3900,8514037,96588936.6100,3,1.135200,1,0.087800,0
2022-01-13,sh.603699,11.4000,12.3000,11.3400,12.0200,11.4000,19622358,235542752.1700,3,2.616300,1,5.438600,0
2022-01-14,sh.603699,11.9900,12.0600,11.6000,11.6400,12.0200,9439719,111240883.4100,3,1.258600,1,-3.161400,0
2022-01-17,sh.603699,11.5900,11.6300,11.3500,11.5400,11.6400,7180566,82521856.9200,3,0.957400,1,-0.859100,0
2022-01-18,sh.603699,11.5200,11.6200,11.3200,11.5500,11.5400,6926422,79641148.6400,3,0.923500,1,0.086700,0
2022-01-19,sh.603699,11.5000,11.8800,11.3600,11.5900,11.5500,6884698,79771361.5200,3,0.918000,1,0.346300,0
2022-01-20,sh.603699,11.5500,11.5900,11.0300,11.2200,11.5900,8367578,94139339.1600,3,1.115700,1,-3.192400,0
2022-01-21,sh.603699,11.2300,11.3300,10.9600,11.2500,11.2200,4878931,54433034.1800,3,0.650500,1,0.267400,0
2022-01-24,sh.603699,11.2200,11.2200,10.9800,11.1100,11.2500,2384853,26458612.8300,3,0.318000,1,-1.244400,0
2022-01-25,sh.603699,11.0600,11.1100,10.6400,10.6400,11.1100,3812700,41495972.2400,3,0.508400,1,-4.230400,0
2022-01-26,sh.603699,10.5800,10.9500,10.5500,10.8400,10.6400,2666096,28682343.9400,3,0.355500,1,1.879700,0
2022-01-27,sh.603699,10.7500,10.8500,10.1200,10.2000,10.8400,3649600,38132066.0000,3,0.486600,1,-5.904100,0
2022-01-28,sh.603699,10.2500,10.6800,10.2400,10.5100,10.2000,3405234,35606712.6900,3,0.454000,1,3.039200,0
2022-02-07,sh.603699,10.5900,11.0300,10.5700,10.9300,10.5100,4180507,45469278.0900,3,0.557400,1,3.996200,0
2022-02-08,sh.603699,10.8800,11.0900,10.8000,11.0800,10.9300,3076552,33675396.4300,3,0.410200,1,1.372400,0
2022-02-09,sh.603699,10.9600,11.1900,10.8100,11.1400,11.0800,4119300,45393533.3300,3,0.549200,1,0.541500,0
2022-02-10,sh.603699,11.0900,11.2400,10.9200,11.1900,11.1400,3797000,42058837.0000,3,0.506300,1,0.448800,0
2022-02-11,sh.603699,11.1600,11.4700,11.0100,11.2000,11.1900,5040711,56632490.0400,3,0.672100,1,0.089400,0
2022-02-14,sh.603699,11.2000,11.2000,10.9500,11.1000,11.2000,2429467,26880897.6800,3,0.323900,1,-0.892900,0
2022-02-15,sh.603699,11.0200,11.1100,10.8300,10.9000,11.1000,3629200,39673516.0000,3,0.483900,1,-1.801800,0
2022-02-16,sh.603699,10.8500,11.4900,10.8300,11.4000,10.9000,6795194,76779021.5600,3,0.906000,1,4.587200,0
2022-02-17,sh.603699,11.3200,11.5500,11.2300,11.4500,11.4000,5770586,65920879.9400,3,0.769400,1,0.438600,0
2022-02-18,sh.603699,11.3500,11.4000,11.2400,11.3800,11.4500,3347539,37889755.0700,3,0.446300,1,-0.611400,0
2022-02-21,sh.603699,11.3000,11.5000,11.2600,11.4400,11.3800,4019424,45903483.5600,3,0.535900,1,0.527200,0
2022-02-22,sh.603699,11.4200,11.4900,11.2800,11.4100,11.4400,3753229,42720143.5300,3,0.500400,1,-0.262200,0
2022-02-23,sh.603699,11.3800,11.4300,11.2700,11.4100,11.4100,2921347,33201788.9200,3,0.389500,1,0.000000,0
2022-02-24,sh.603699,11.4100,11.4100,10.8700,10.9800,11.4100,5511522,61328364.5400,3,0.734900,1,-3.768600,0
2022-02-25,sh.603699,11.2000,11.4300,10.9500,11.2000,10.9800,4681942,52799845.0200,3,0.624300,1,2.003600,0
2022-02-28,sh.603699,11.2300,11.2500,10.7900,10.9400,11.2000,2978398,32674128.0000,3,0.397100,1,-2.321400,0
2022-03-01,sh.603699,10.9900,11.1800,10.6300,10.6900,10.9400,5746574,62176953.0000,3,0.766200,1,-2.285200,0
2022-03-02,sh.603699,10.6500,10.7800,10.5700,10.7700,10.6900,3850960,41178114.0000,3,0.513500,1,0.748400,0
2022-03-03,sh.603699,10.7600,11.0500,10.7300,10.9300,10.7700,5388663,58659967.0000,3,0.718500,1,1.485600,0
2022-03-04,sh.603699,10.8900,10.9900,10.6300,10.7200,10.9300,3960828,42593360.0000,3,0.528100,1,-1.921300,0
2022-03-07,sh.603699,10.7800,10.7800,10.3200,10.4300,10.7200,3845100,40402704.0000,3,0.512700,1,-2.705200,0
2022-03-08,sh.603699,10.4300,10.4800,9.9900,10.0800,10.4300,3966858,40544090.0000,3,0.528900,1,-3.355700,0
2022-03-09,sh.603699,10.0900,10.2100,9.4900,9.7400,10.0800,5427557,53363865.0000,3,0.723700,1,-3.373000,0
2022-03-10,sh.603699,10.0300,10.1100,9.6900,9.7700,9.7400,5012801,49512236.0000,3,0.668400,1,0.308000,0
2022-03-11,sh.603699,9.6700,9.7500,9.4100,9.6600,9.7700,5343957,51279313.0000,3,0.712500,1,-1.125900,0
2022-03-14,sh.603699,9.5200,9.6400,9.2300,9.2400,9.6600,4551052,42718471.0000,3,0.606800,1,-4.347800,0
2022-03-15,sh.603699,9.2200,9.2400,8.5500,8.5600,9.2400,6142373,54643637.0000,3,0.819000,1,-7.359300,0
2022-03-16,sh.603699,8.7100,8.7800,8.3400,8.7400,8.5600,5814150,50059679.0000,3,0.775200,1,2.102800,0
2022-03-17,sh.603699,8.8500,8.9300,8.5900,8.6300,8.7400,7983553,70208406.0000,3,1.064500,1,-1.258600,0
2022-03-18,sh.603699,8.7100,9.1000,8.6300,8.9400,8.6300,6347451,56190100.4100,3,0.846300,1,3.592100,0
2022-03-21,sh.603699,8.9800,9.0600,8.8300,9.0200,8.9400,4170148,37331909.2100,3,0.556000,1,0.894900,0
2022-03-22,sh.603699,8.9300,9.0400,8.8800,8.9500,9.0200,2252597,20177474.8000,3,0.300300,1,-0.776100,0
2022-03-23,sh.603699,9.1400,9.1900,9.0100,9.0400,8.9500,3477370,31647548.2700,3,0.463600,1,1.005600,0
2022-03-24,sh.603699,8.9600,9.1100,8.8100,8.8600,9.0400,2918616,26030716.4000,3,0.389100,1,-1.991200,0
2022-03-25,sh.603699,8.8400,8.9700,8.8000,8.8200,8.8600,2213433,19665303.4500,3,0.295100,1,-0.451500,0
2022-03-28,sh.603699,8.7500,8.8500,8.6000,8.8000,8.8200,2466299,21560516.2000,3,0.328800,1,-0.226800,0
2022-03-29,sh.603699,8.8000,8.8400,8.6400,8.6700,8.8000,2279766,19885281.5600,3,0.304000,1,-1.477300,0
2022-03-30,sh.603699,8.7100,8.8000,8.7100,8.7700,8.6700,2578340,22588876.0000,3,0.343800,1,1.153400,0
2022-03-31,sh.603699,8.7400,8.8600,8.6800,8.7300,8.7700,2478693,21715043.0300,3,0.330500,1,-0.456100,0
2022-04-01,sh.603699,8.6700,8.7200,8.5900,8.6300,8.7300,3640100,31454451.2400,3,0.485300,1,-1.145500,0
2022-04-06,sh.603699,8.6300,8.7700,8.6000,8.7500,8.6300,3878000,33792323.7400,3,0.517100,1,1.390500,0
2022-04-07,sh.603699,8.7200,8.7400,8.4900,8.5100,8.7500,3517869,30245236.8100,3,0.469000,1,-2.742900,0
2022-04-08,sh.603699,8.4900,8.5700,8.1200,8.1800,8.5100,8900645,73237124.4200,3,1.186800,1,-3.877800,0
2022-04-11,sh.603699,8.1400,8.2400,7.9400,8.0300,8.1800,4411653,35652933.7100,3,0.588200,1,-1.833700,0
2022-04-12,sh.603699,8.0000,8.1500,7.9100,8.1400,8.0300,2893341,23235947.3300,3,0.385800,1,1.369900,0
2022-04-13,sh.603699,8.1500,8.3200,8.0300,8.1300,8.1400,3559701,29149268.1200,3,0.474600,1,-0.122900,0
2022-04-14,sh.603699,8.1900,8.1900,8.0900,8.1400,8.1300,3236500,26303690.0000,3,0.431500,1,0.123000,0
2022-04-15,sh.603699,8.0800,8.1400,7.9500,7.9800,8.1400,2847493,22762757.2100,3,0.379700,1,-1.965600,0
2022-04-18,sh.603699,7.9900,8.2300,7.9100,8.1600,7.9800,2888800,23407635.2900,3,0.385700,1,2.255600,0
2022-04-19,sh.603699,8.1600,8.5400,8.1300,8.4300,8.1600,5824837,48791025.4100,3,0.777600,1,3.308800,0
2022-04-20,sh.603699,8.4300,8.4800,8.2600,8.3400,8.4300,2905385,24318373.9500,3,0.387900,1,-1.067600,0
2022-04-21,sh.603699,8.4100,8.4100,8.0300,8.0600,8.3400,5679807,46699930.1900,3,0.758300,1,-3.357300,0
2022-04-22,sh.603699,8.0000,8.1000,7.8800,8.0500,8.0600,2465758,19717864.1800,3,0.329200,1,-0.124100,0
2022-04-25,sh.603699,7.9200,7.9500,7.4600,7.4600,8.0500,4614482,35366617.1200,3,0.616000,1,-7.329200,0
2022-04-26,sh.603699,7.4700,7.5200,7.1000,7.1200,7.4600,3628822,26568790.4800,3,0.484400,1,-4.557600,0
2022-04-27,sh.603699,6.9700,7.4700,6.9700,7.4100,7.1200,3156561,22669308.1500,3,0.421400,1,4.073000,0
2022-04-28,sh.603699,7.3800,7.4400,7.2800,7.3700,7.4100,2251779,16593021.5300,3,0.300600,1,-0.539800,0
2022-04-29,sh.603699,7.4200,7.6000,7.3900,7.5800,7.3700,4770476,35774214.5500,3,0.636900,1,2.849400,0
2022-05-05,sh.603699,7.5500,7.9400,7.4900,7.7800,7.5800,5425042,42174794.8100,3,0.724200,1,2.638500,0
2022-05-06,sh.603699,7.6000,7.8500,7.4900,7.7600,7.7800,3655485,28159705.4300,3,0.488000,1,-0.257100,0
2022-05-09,sh.603699,7.7000,7.9800,7.6800,7.8800,7.7600,2332229,18399146.1800,3,0.311400,1,1.546400,0
2022-05-10,sh.603699,7.8000,8.0500,7.7300,8.0300,7.8800,3409228,27025312.9800,3,0.455100,1,1.903600,0
2022-05-11,sh.603699,8.0200,8.1300,7.9600,7.9800,8.0300,3462471,27963016.1100,3,0.462200,1,-0.622700,0
2022-05-12,sh.603699,7.9900,8.1900,7.9400,8.1100,7.9800,2587277,20930884.7000,3,0.345400,1,1.629100,0
2022-05-13,sh.603699,8.1400,8.2100,8.0700,8.1600,8.1100,2437703,19867273.7200,3,0.325400,1,0.616500,0
2022-05-16,sh.603699,8.1400,8.2800,8.0800,8.1100,8.1600,2259400,18373769.0200,3,0.301600,1,-0.612700,0
2022-05-17,sh.603699,8.0900,8.1700,7.9800,8.1200,8.1100,2218395,17929413.9000,3,0.296200,1,0.123300,0
2022-05-18,sh.603699,8.1100,8.2000,8.0400,8.1000,8.1200,2320701,18869839.1200,3,0.309800,1,-0.246300,0
2022-05-19,sh.603699,8.0100,8.1700,7.9400,8.1700,8.1000,2574711,20832680.1100,3,0.343700,1,0.864200,0
2022-05-20,sh.603699,8.1600,8.2700,8.1000,8.2300,8.1700,3654306,30027727.1500,3,0.487900,1,0.734400,0
2022-05-23,sh.603699,8.2400,8.4500,8.2000,8.4100,8.2300,3641718,30330973.1400,3,0.486200,1,2.187100,0
2022-05-24,sh.603699,8.4100,8.4400,8.0000,8.0200,8.4100,3766121,30960459.2300,3,0.502800,1,-4.637300,0
2022-05-25,sh.603699,7.9900,8.1500,7.9500,8.0800,8.0200,2523522,20325287.9300,3,0.336900,1,0.748100,0
2022-05-26,sh.603699,8.0200,8.2800,8.0200,8.2200,8.0800,2582323,21094915.6200,3,0.344700,1,1.732700,0
2022-05-27,sh.603699,8.2500,8.2800,8.1000,8.1600,8.2200,2693501,22090519.3600,3,0.359600,1,-0.729900,0
2022-05-30,sh.603699,8.2100,8.2700,8.1200,8.2400,8.1600,2434200,20000390.0000,3,0.325000,1,0.980400,0
2022-05-31,sh.603699,8.2500,8.2900,8.1600,8.2800,8.2400,2844970,23458792.6000,3,0.379800,1,0.485400,0
2022-06-01,sh.603699,8.2500,8.4100,8.1400,8.3400,8.2800,2654670,22115546.9000,3,0.354400,1,0.724600,0
2022-06-02,sh.603699,8.3400,8.5600,8.2600,8.5100,8.3400,3995906,33794123.3600,3,0.533500,1,2.038400,0
2022-06-06,sh.603699,8.5500,8.6400,8.4600,8.5500,8.5100,3949398,33725353.2900,3,0.527200,1,0.470000,0
2022-06-07,sh.603699,8.5100,8.5400,8.3600,8.5000,8.5500,2764913,23380395.8800,3,0.369100,1,-0.584800,0
2022-06-08,sh.603699,8.5500,8.6800,8.3300,8.5700,8.5000,4205402,35665830.3500,3,0.561400,1,0.823500,0
2022-06-09,sh.603699,8.5700,8.5700,8.2800,8.3600,8.5700,3686715,30903418.7400,3,0.492200,1,-2.450400,0
2022-06-10,sh.603699,8.3400,8.6200,8.3000,8.5900,8.3600,5369864,45735250.2600,3,0.716900,1,2.751200,0
2022-06-13,sh.603699,8.5500,8.7200,8.5000,8.6900,8.5900,3920135,33837165.0400,3,0.523300,1,1.164100,0
2022-06-14,sh.603699,8.6400,8.7600,8.5100,8.7300,8.6900,3746644,32381637.8200,3,0.500200,1,0.460300,0
2022-06-15,sh.603699,8.7500,8.8300,8.6000,8.6100,8.7300,4669438,40515512.9900,3,0.623400,1,-1.374600,0
2022-06-16,sh.603699,8.6200,8.6400,8.5100,8.5500,8.6100,4249119,36435395.9100,3,0.567300,1,-0.696900,0
2022-06-17,sh.603699,8.4800,8.6600,8.4600,8.6500,8.5500,4636113,39895452.4300,3,0.618900,1,1.169600,0
2022-06-20,sh.603699,8.6500,8.6800,8.5500,8.6000,8.6500,3365786,28965624.9900,3,0.449300,1,-0.578000,0
2022-06-21,sh.603699,8.6400,8.7000,8.4600,8.5200,8.6000,3579692,30623190.6900,3,0.477900,1,-0.930200,0
2022-06-22,sh.603699,8.5100,8.5600,8.3600,8.3700,8.5200,3250810,27477997.4600,3,0.434000,1,-1.760600,0
2022-06-23,sh.603699,8.3600,8.5100,8.3500,8.5100,8.3700,2841446,23951876.7500,3,0.379300,1,1.672600,0
2022-06-24,sh.603699,8.5300,8.6000,8.4900,8.5900,8.5100,2620097,22449471.2200,3,0.349800,1,0.940100,0
2022-06-27,sh.603699,8.6100,8.6700,8.5000,8.5800,8.5900,3312042,28336931.3600,3,0.442200,1,-0.116400,0
2022-06-28,sh.603699,8.5800,8.9300,8.5800,8.8100,8.5800,5523286,48349641.8900,3,0.737400,1,2.680700,0
2022-06-29,sh.603699,8.8100,8.8500,8.5200,8.5300,8.8100,4521113,39097748.9400,3,0.603600,1,-3.178200,0
2022-06-30,sh.603699,8.5300,8.5600,8.4000,8.4100,8.5300,4432991,37574832.3100,3,0.591800,1,-1.406800,0
2022-07-01,sh.603699,8.4100,8.5300,8.3700,8.4100,8.4100,2432961,20537954.7900,3,0.324800,1,0.000000,0
2022-07-04,sh.603699,8.4600,8.5000,8.3700,8.4900,8.4100,2490654,21012478.8600,3,0.332500,1,0.951200,0
2022-07-05,sh.603699,8.4900,8.5000,8.2500,8.3200,8.4900,4182498,34970674.4000,3,0.558400,1,-2.002400,0
2022-07-06,sh.603699,8.3600,8.4200,8.1500,8.2300,8.3200,3369100,27930227.0400,3,0.449800,1,-1.081700,0
2022-07-07,sh.603699,8.2000,8.4700,8.2000,8.3600,8.2300,4440166,37144351.1000,3,0.592800,1,1.579600,0
2022-07-08,sh.603699,8.4000,8.4600,8.3300,8.3500,8.3600,2263300,18959476.0000,3,0.302200,1,-0.119600,0
2022-07-11,sh.603699,8.3900,8.3900,8.0900,8.2100,8.3500,2994621,24499862.7100,3,0.399800,1,-1.676600,0
2022-07-12,sh.603699,8.1900,8.2800,8.0200,8.0400,8.2100,4137199,33640713.5200,3,0.552300,1,-2.070600,0
2022-07-13,sh.603699,8.0600,8.2100,8.0200,8.1800,8.0400,4488057,36615673.1400,3,0.599200,1,1.741300,0
2022-07-14,sh.603699,8.0000,8.0700,7.8900,8.0100,7.9300,4302012,34400137.1700,3,0.574300,1,1.008800,0
2022-07-15,sh.603699,8.0400,8.0400,7.8100,7.8800,8.0100,3337700,26501153.0000,3,0.445600,1,-1.623000,0
2022-07-18,sh.603699,7.8700,8.1400,7.8700,8.1300,7.8800,4650155,37524355.4400,3,0.620800,1,3.172600,0
2022-07-19,sh.603699,8.1600,8.3400,8.0500,8.2700,8.1300,4530335,37377610.5100,3,0.604800,1,1.722000,0
2022-07-20,sh.603699,8.2800,8.4500,8.2300,8.4400,8.2700,4330438,36290798.5800,3,0.578100,1,2.055600,0
2022-07-21,sh.603699,8.4500,8.6000,8.4300,8.5200,8.4400,5194043,44268220.8500,3,0.693400,1,0.947900,0
2022-07-22,sh.603699,8.5100,8.6000,8.4200,8.5200,8.5200,4633450,39472733.0000,3,0.618600,1,0.000000,0
2022-07-25,sh.603699,8.5100,8.5800,8.3300,8.3900,8.5200,3539755,29746280.9000,3,0.472600,1,-1.525800,0
2022-07-26,sh.603699,8.3600,8.4700,8.2700,8.4600,8.3900,3207667,26897832.8300,3,0.428200,1,0.834300,0
2022-07-27,sh.603699,8.4900,8.7200,8.3800,8.7000,8.4600,5145309,44319073.6700,3,0.686900,1,2.836900,0
2022-07-28,sh.603699,8.7100,8.7800,8.6400,8.7200,8.7000,3298780,28676028.1000,3,0.440400,1,0.229900,0
2022-07-29,sh.603699,8.7200,8.8900,8.6700,8.8300,8.7200,5367800,47338362.0000,3,0.716600,1,1.261500,0
2022-08-01,sh.603699,8.8000,8.9300,8.7400,8.9100,8.8300,4753066,42115146.9000,3,0.634500,1,0.906000,0
2022-08-02,sh.603699,8.8100,8.8100,8.4500,8.6200,8.9100,6241304,53888031.9800,3,0.833200,1,-3.254800,0
2022-08-03,sh.603699,8.6700,8.7600,8.3800,8.4300,8.6200,3681604,31619175.5100,3,0.491500,1,-2.204200,0
2022-08-04,sh.603699,8.5200,8.6800,8.4400,8.5800,8.4300,3201138,27402895.0000,3,0.427400,1,1.779400,0
2022-08-05,sh.603699,8.5800,8.6600,8.4800,8.6600,8.5800,2798605,23957957.0000,3,0.373600,1,0.932400,0
2022-08-08,sh.603699,8.6900,8.6900,8.5000,8.5900,8.6600,3595948,30760067.0000,3,0.480100,1,-0.808300,0
2022-08-09,sh.603699,8.5800,8.6900,8.5600,8.6400,8.5900,2846506,24534206.0000,3,0.380000,1,0.582100,0
2022-08-10,sh.603699,8.6200,8.7900,8.6000,8.7700,8.6400,3965153,34597195.0000,3,0.529300,1,1.504600,0
2022-08-11,sh.603699,8.7700,8.9000,8.6900,8.8400,8.7700,5439901,47988756.0000,3,0.726200,1,0.798200,0
2022-08-12,sh.603699,8.8200,8.8900,8.7500,8.8300,8.8400,3037201,26867977.0000,3,0.405500,1,-0.113100,0
2022-08-15,sh.603699,8.8300,9.0600,8.8000,8.9800,8.8300,4788376,42901890.8000,3,0.639200,1,1.698800,0
2022-08-16,sh.603699,9.0100,9.1700,8.8900,9.1700,8.9800,8228376,74645840.1600,3,1.098500,1,2.115800,0
2022-08-17,sh.603699,9.1500,9.1900,9.0000,9.1100,9.1700,7263618,65903237.4400,3,0.969700,1,-0.654300,0
2022-08-18,sh.603699,9.1000,9.4800,9.0500,9.4100,9.1100,7920617,74188381.1700,3,1.057400,1,3.293100,0
2022-08-19,sh.603699,9.3800,9.3800,8.9900,9.0400,9.4100,5180100,47402625.0000,3,0.691500,1,-3.932000,0
2022-08-22,sh.603699,8.9500,9.0700,8.8500,9.0100,9.0400,5309011,47479062.2600,3,0.708800,1,-0.331900,0
2022-08-23,sh.603699,9.0100,9.3000,8.9200,9.2300,9.0100,6086378,55542269.7800,3,0.812500,1,2.441700,0
2022-08-24,sh.603699,9.1500,9.3300,8.7800,8.8400,9.2300,5105666,45774329.2800,3,0.681600,1,-4.225400,0
2022-08-25,sh.603699,8.8500,8.9700,8.6700,8.8600,8.8400,4114264,36287171.0400,3,0.549300,1,0.226200,0
2022-08-26,sh.603699,8.8700,9.1100,8.7700,8.8900,8.8600,3661198,32730644.3300,3,0.488800,1,0.338600,0
2022-08-29,sh.603699,8.6500,8.9700,8.5000,8.9400,8.8900,4755730,42012430.7700,3,0.634900,1,0.562400,0
2022-08-30,sh.603699,8.9200,9.0500,8.6700,8.7500,8.9400,4820317,42298123.3800,3,0.643500,1,-2.125300,0
2022-08-31,sh.603699,8.8200,8.8200,8.4000,8.4200,8.7500,5981330,50744746.9800,3,0.798500,1,-3.771400,0
2022-09-01,sh.603699,8.3800,8.6500,8.3600,8.4600,8.4200,3138372,26643384.2900,3,0.419000,1,0.475100,0
2022-09-02,sh.603699,8.4600,8.8800,8.4200,8.7500,8.4600,6552670,56993427.8900,3,0.874800,1,3.427900,0
2022-09-05,sh.603699,8.7700,8.7900,8.5100,8.5900,8.7500,3401645,29256318.8700,3,0.454100,1,-1.828600,0
2022-09-06,sh.603699,8.5600,8.6700,8.5300,8.6600,8.5900,2234701,19235191.6500,3,0.298300,1,0.814900,0
2022-09-07,sh.603699,8.6300,8.7000,8.5900,8.6300,8.6600,2295064,19844845.0400,3,0.306400,1,-0.346400,0
2022-09-08,sh.603699,8.6600,8.9900,8.5900,8.7900,8.6300,6771960,59825486.1100,3,0.904100,1,1.854000,0
2022-09-09,sh.603699,8.7500,8.8100,8.5900,8.6000,8.7900,4112300,35573324.6600,3,0.549000,1,-2.161500,0
2022-09-13,sh.603699,8.6100,8.7700,8.5600,8.6400,8.6000,3401900,29393375.0000,3,0.454200,1,0.465100,0
2022-09-14,sh.603699,8.5000,8.6000,8.4200,8.4900,8.6400,2291411,19480507.9500,3,0.305900,1,-1.736100,0
2022-09-15,sh.603699,8.7000,8.8200,8.2200,8.2900,8.4900,7640998,64928760.0700,3,1.020100,1,-2.355700,0
2022-09-16,sh.603699,8.2000,8.3300,7.9900,8.0000,8.2900,3686900,29993524.0000,3,0.492200,1,-3.498200,0
2022-09-19,sh.603699,8.0000,8.0100,7.7500,7.8100,8.0000,3174063,24935454.1800,3,0.423700,1,-2.375000,0
2022-09-20,sh.603699,7.8400,8.0900,7.8400,8.0500,7.8100,2670575,21401561.9700,3,0.356500,1,3.073000,0
2022-09-21,sh.603699,8.0500,8.1100,7.8600,8.0800,8.0500,1865700,14954531.0000,3,0.249100,1,0.372700,0
2022-09-22,sh.603699,8.0300,8.1000,7.9700,8.0400,8.0800,1571900,12638622.0000,3,0.209800,1,-0.495000,0
2022-09-23,sh.603699,8.0600,8.0900,7.7800,7.8500,8.0400,2511889,19802393.1300,3,0.335300,1,-2.363200,0
2022-09-26,sh.603699,7.7800,7.8000,7.5800,7.5800,7.8500,3106613,23873015.5400,3,0.414700,1,-3.439500,0
2022-09-27,sh.603699,7.5900,7.7600,7.5800,7.7300,7.5800,2253300,17298590.0000,3,0.300800,1,1.978900,0
2022-09-28,sh.603699,7.7300,7.7300,7.4100,7.4200,7.7300,3282400,24636943.5500,3,0.438200,1,-4.010300,0
2022-09-29,sh.603699,7.4900,7.5900,7.4300,7.5000,7.4200,2917295,21965797.8000,3,0.389500,1,1.078200,0
2022-09-30,sh.603699,7.5200,7.5600,7.4200,7.4300,7.5000,2602100,19426640.8600,3,0.347400,1,-0.933300,0
2022-10-10,sh.603699,7.4300,7.5300,7.3300,7.4100,7.4300,2740400,20330030.4000,3,0.365800,1,-0.269200,0
2022-10-11,sh.603699,7.4100,7.4300,7.2500,7.2700,7.4100,2507314,18311847.1700,3,0.334700,1,-1.889300,0
2022-10-12,sh.603699,7.2700,7.5300,7.2300,7.5200,7.2700,2561521,18843163.1400,3,0.342000,1,3.438800,0
2022-10-13,sh.603699,7.4600,7.6200,7.3900,7.5400,7.5200,2799089,21094377.5600,3,0.373700,1,0.266000,0
2022-10-14,sh.603699,7.6000,7.6800,7.5600,7.6400,7.5400,2686301,20521003.6900,3,0.358600,1,1.326300,0
2022-10-17,sh.603699,7.6200,7.8400,7.5500,7.8200,7.6400,2862000,22169558.9600,3,0.382100,1,2.356000,0
2022-10-18,sh.603699,7.8200,7.8800,7.7800,7.8200,7.8200,2771781,21694973.1200,3,0.370000,1,0.000000,0
2022-10-19,sh.603699,7.8100,7.9100,7.7500,7.7800,7.8200,3129650,24486957.7400,3,0.417800,1,-0.511500,0
2022-10-20,sh.603699,7.7600,7.8700,7.6900,7.8700,7.7800,2670900,20772099.0000,3,0.356600,1,1.156800,0
2022-10-21,sh.603699,7.8700,8.0400,7.7700,8.0400,7.8700,5646564,44954236.5200,3,0.753800,1,2.160100,0
2022-10-24,sh.603699,8.0900,8.5900,7.9600,8.1100,8.0400,10013748,83355884.2900,3,1.336800,1,0.870600,0
2022-10-25,sh.603699,8.1400,8.4600,7.9400,8.3300,8.1100,8690119,71367130.5200,3,1.160100,1,2.712700,0
2022-10-26,sh.603699,8.3100,8.3900,8.2000,8.2600,8.3300,4570200,37843486.0000,3,0.610100,1,-0.840300,0
2022-10-27,sh.603699,8.2600,8.4400,8.2200,8.2400,8.2600,3606422,29977837.2600,3,0.481500,1,-0.242100,0
2022-10-28,sh.603699,8.3000,8.3000,7.8900,7.9500,8.2400,4890800,39432624.0000,3,0.652900,1,-3.519400,0
2022-10-31,sh.603699,8.1700,8.7500,8.1600,8.7500,7.9500,12069556,104745388.9900,3,1.611300,1,10.062900,0
2022-11-01,sh.603699,8.9200,9.0000,8.5500,8.8500,8.7500,22561193,198127946.9000,3,3.011900,1,1.142900,0
2022-11-02,sh.603699,8.8600,9.4100,8.8100,9.1900,8.8500,17850495,164114056.7900,3,2.383000,1,3.841800,0
2022-11-03,sh.603699,9.1800,9.8500,9.0300,9.7000,9.1900,14001844,133381320.9900,3,1.869300,1,5.549500,0
2022-11-04,sh.603699,9.7300,10.1500,9.6000,9.9700,9.7000,12770912,126308550.3000,3,1.704900,1,2.783500,0
2022-11-07,sh.603699,9.8600,10.1000,9.6300,10.1000,9.9700,10775457,106188825.5300,3,1.438500,1,1.303900,0
2022-11-08,sh.603699,10.3500,10.3500,9.6700,10.1500,10.1000,13542568,134799699.8800,3,1.807900,1,0.495000,0
2022-11-09,sh.603699,10.0100,10.1100,9.8900,9.9000,10.1500,6250200,62354461.0000,3,0.834400,1,-2.463100,0
2022-11-10,sh.603699,9.9200,10.0100,9.6900,9.9000,9.9000,12221594,120604719.8700,3,1.631600,1,0.000000,0
2022-11-11,sh.603699,10.0200,10.4400,9.9200,10.0000,9.9000,9839600,100353348.0000,3,1.313600,1,1.010100,0
2022-11-14,sh.603699,10.0000,10.0100,9.5600,9.6300,10.0000,8785259,85427416.7900,3,1.172800,1,-3.700000,0
2022-11-15,sh.603699,9.6300,10.1100,9.6000,10.0800,9.6300,9096900,90592007.4800,3,1.214400,1,4.672900,0
2022-11-16,sh.603699,10.1700,10.2000,9.8500,10.0800,10.0800,5480575,54595291.4900,3,0.731700,1,0.000000,0
2022-11-17,sh.603699,9.9600,10.3200,9.9100,10.2500,10.0800,5819067,59152648.4800,3,0.776800,1,1.686500,0
2022-11-18,sh.603699,10.0800,10.4800,10.0800,10.3300,10.2500,6642127,68686995.0900,3,0.886700,1,0.780500,0
2022-11-21,sh.603699,10.3000,10.8300,10.2400,10.6700,10.3300,10079352,106682252.2200,3,1.345600,1,3.291400,0
2022-11-22,sh.603699,10.7000,11.0900,10.5700,10.8500,10.6700,13929901,151882064.5200,3,1.859600,1,1.687000,0
2022-11-23,sh.603699,10.8100,11.0400,10.4100,10.8000,10.8500,8748262,93914334.4500,3,1.167900,1,-0.460800,0
2022-11-24,sh.603699,10.7500,10.9700,10.5900,10.6800,10.8000,5906475,63415824.8400,3,0.788500,1,-1.111100,0
2022-11-25,sh.603699,10.6000,10.6600,10.3300,10.4000,10.6800,6531935,68203474.3700,3,0.872000,1,-2.621700,0
2022-11-28,sh.603699,10.5000,10.5200,10.2300,10.3700,10.4000,4614665,47916677.8600,3,0.616100,1,-0.288500,0
2022-11-29,sh.603699,10.3700,10.5200,10.2000,10.3700,10.3700,4075763,42389404.4900,3,0.544100,1,0.000000,0
2022-11-30,sh.603699,10.5000,11.4000,10.3700,11.2700,10.3700,12657561,139207497.5300,3,1.689800,1,8.678900,0
2022-12-01,sh.603699,11.3800,11.4000,11.0200,11.1400,11.2700,7222221,80512386.9300,3,0.964200,1,-1.153500,0
2022-12-02,sh.603699,11.0800,11.2300,10.9600,11.1200,11.1400,5394637,59889648.8300,3,0.720200,1,-0.179500,0
2022-12-05,sh.603699,11.1500,11.2000,10.9400,11.1300,11.1200,5073832,56090769.6400,3,0.677400,1,0.089900,0
2022-12-06,sh.603699,11.0500,11.3800,10.9800,11.1400,11.1300,4605911,51427782.8300,3,0.614900,1,0.089800,0
2022-12-07,sh.603699,11.1400,11.5400,11.0500,11.4900,11.1400,7196200,81530635.1200,3,0.960700,1,3.141800,0
2022-12-08,sh.603699,11.3700,11.7300,11.3700,11.7100,11.4900,8122009,94088234.0200,3,1.084300,1,1.914700,0
2022-12-09,sh.603699,11.5700,11.7000,11.4000,11.5000,11.7100,5224550,60194266.6400,3,0.697500,1,-1.793300,0
2022-12-12,sh.603699,11.4400,11.5800,11.1000,11.1100,11.5000,4791900,54058151.0000,3,0.639700,1,-3.391300,0
2022-12-13,sh.603699,11.1500,11.4400,11.1300,11.2000,11.1100,9172611,103461316.9900,3,1.224500,1,0.810100,0
2022-12-14,sh.603699,11.2100,11.3700,11.0400,11.1800,11.2000,4582383,51181729.3800,3,0.611700,1,-0.178600,0
2022-12-15,sh.603699,11.2000,11.5900,11.1300,11.5000,11.1800,3350000,38171911.0000,3,0.447200,1,2.862300,0
2022-12-16,sh.603699,11.3100,11.3500,10.7900,11.0000,11.5000,6493522,71544588.2800,3,0.866900,1,-4.347800,0
2022-12-19,sh.603699,10.9700,11.1300,10.8200,10.9900,11.0000,3892633,42623505.4500,3,0.519700,1,-0.090900,0
2022-12-20,sh.603699,10.8400,11.0600,10.7700,10.7700,10.9900,3433582,37376103.0600,3,0.458400,1,-2.001800,0
2022-12-21,sh.603699,10.7700,10.8400,10.4600,10.5200,10.7700,3682860,38992735.8000,3,0.491700,1,-2.321300,0
2022-12-22,sh.603699,10.6500,10.8000,10.2400,10.2400,10.5200,3505011,36688472.2900,3,0.467900,1,-2.661600,0
2022-12-23,sh.603699,10.2700,10.4300,9.8500,10.1000,10.2400,5646825,56834584.5600,3,0.753900,1,-1.367200,0
2022-12-26,sh.603699,10.0800,10.9300,10.0500,10.8900,10.1000,4732818,50151267.8500,3,0.631800,1,7.821800,0
2022-12-27,sh.603699,10.7100,11.1800,10.7100,11.1000,10.8900,4575600,50258023.2600,3,0.610800,1,1.928400,0
2022-12-28,sh.603699,11.1100,11.1100,10.9000,11.0000,11.1000,2818300,31012222.0000,3,0.376200,1,-0.900900,0
2022-12-29,sh.603699,10.9800,11.1700,10.9500,11.0000,11.0000,2541830,28014245.2200,3,0.339300,1,0.000000,0
2022-12-30,sh.603699,11.1400,11.1400,10.8300,11.1000,11.0000,3577556,39421283.3500,3,0.477600,1,0.909100,0
2023-01-03,sh.603699,11.0300,11.5400,11.0100,11.3800,11.1000,3308535,37563201.1900,3,0.441700,1,2.522500,0
2023-01-04,sh.603699,11.2700,11.4300,11.1300,11.2600,11.3800,2635665,29709156.5400,3,0.351900,1,-1.054500,0
2023-01-05,sh.603699,11.2700,11.2900,10.9500,11.0200,11.2600,2654642,29399145.6000,3,0.354400,1,-2.131400,0
2023-01-06,sh.603699,10.9600,11.1200,10.7700,10.8600,11.0200,4237344,46126963.4900,3,0.565700,1,-1.451900,0
2023-01-09,sh.603699,10.8300,11.1600,10.8300,10.9900,10.8600,3068656,33763928.2100,3,0.409700,1,1.197100,0
2023-01-10,sh.603699,11.1000,11.1000,10.8000,10.9400,10.9900,3179930,34648553.6900,3,0.424500,1,-0.455000,0
2023-01-11,sh.603699,10.9300,11.0100,10.7800,10.8300,10.9400,3089962,33602930.2400,3,0.412500,1,-1.005500,0
2023-01-12,sh.603699,10.9000,11.1600,10.8800,10.9500,10.8300,2740556,30159482.3600,3,0.365900,1,1.108000,0
2023-01-13,sh.603699,11.0000,11.0400,10.7000,10.9500,10.9500,2298398,24905805.2800,3,0.306800,1,0.000000,0
2023-01-16,sh.603699,10.8800,11.0800,10.8200,10.8800,10.9500,2224161,24241639.8800,3,0.296900,1,-0.639300,0
2023-01-17,sh.603699,10.8900,10.9500,10.7400,10.9100,10.8800,3212302,34775484.9100,3,0.428800,1,0.275700,0
2023-01-18,sh.603699,10.9000,11.0000,10.7700,10.8800,10.9100,1898200,20701849.0000,3,0.253400,1,-0.275000,0
2023-01-19,sh.603699,10.8500,11.1800,10.7800,10.9800,10.8800,2961900,32662573.0000,3,0.395400,1,0.919100,0
2023-01-20,sh.603699,10.9900,11.1900,10.9900,11.1300,10.9800,1861702,20684931.6400,3,0.248500,1,1.366100,0
2023-01-30,sh.603699,11.2400,11.8100,11.2400,11.4800,11.1300,4599097,52972924.7000,3,0.614000,1,3.144700,0
2023-01-31,sh.603699,11.7600,11.8600,11.4500,11.5900,11.4800,4058137,47032844.1600,3,0.541800,1,0.958200,0
2023-02-01,sh.603699,11.6700,11.6700,11.0800,11.1800,11.5900,6939726,77775275.7800,3,0.926500,1,-3.537500,0
2023-02-02,sh.603699,11.1500,11.4100,11.1500,11.2800,11.1800,4496548,50697017.7400,3,0.600300,1,0.894500,0
2023-02-03,sh.603699,11.3000,11.3000,10.8100,11.0200,11.2800,5426220,59658220.6400,3,0.724400,1,-2.305000,0
2023-02-06,sh.603699,11.0200,11.2300,10.9700,11.1100,11.0200,3599720,40109331.4400,3,0.480600,1,0.816700,0
2023-02-07,sh.603699,11.1000,11.1200,10.9000,11.0500,11.1100,3756731,41340268.0900,3,0.501500,1,-0.540100,0
2023-02-08,sh.603699,11.0500,11.3400,11.0000,11.0800,11.0500,3164664,35270742.9900,3,0.422500,1,0.271500,0
2023-02-09,sh.603699,11.0700,11.7600,11.0500,11.5900,11.0800,4526830,51699694.6000,3,0.604300,1,4.602900,0
2023-02-10,sh.603699,11.5500,11.6600,11.3500,11.4800,11.5900,4072206,46675235.8400,3,0.543600,1,-0.949100,0
2023-02-13,sh.603699,11.4800,12.0800,11.4300,12.0000,11.4800,7866412,92834322.0800,3,1.050200,1,4.529600,0
2023-02-14,sh.603699,12.2000,12.2100,11.6400,11.7000,12.0000,5410516,63961700.7700,3,0.722300,1,-2.500000,0
2023-02-15,sh.603699,11.8100,12.0000,11.5900,11.6300,11.7000,3889511,45606450.4600,3,0.519300,1,-0.598300,0
2023-02-16,sh.603699,11.5700,11.6700,11.1300,11.2900,11.6300,3605600,41232173.0000,3,0.481300,1,-2.923500,0
2023-02-17,sh.603699,11.1500,11.4200,11.1300,11.1700,11.2900,2569600,28927126.0000,3,0.343000,1,-1.062900,0
2023-02-20,sh.603699,11.3000,11.5400,11.1100,11.4500,11.1700,5113400,58253290.0000,3,0.682600,1,2.506700,0
2023-02-21,sh.603699,11.3500,11.5500,11.2100,11.3100,11.4500,5991909,68007308.3500,3,0.799900,1,-1.222700,0
2023-02-22,sh.603699,11.3500,11.4800,11.2100,11.3000,11.3100,4508800,51232841.0000,3,0.601900,1,-0.088400,0
2023-02-23,sh.603699,11.4000,11.4000,11.1300,11.2200,11.3000,3081500,34633745.0000,3,0.411400,1,-0.708000,0
2023-02-24,sh.603699,11.1500,11.3000,11.1300,11.2000,11.2200,3339900,37414352.0000,3,0.445900,1,-0.178300,0
2023-02-27,sh.603699,11.2000,11.7100,11.1100,11.4000,11.2000,4621220,53185906.2400,3,0.616900,1,1.785700,0
2023-02-28,sh.603699,11.3600,11.6000,11.3200,11.4200,11.4000,2706700,30932875.0000,3,0.361300,1,0.175400,0
2023-03-01,sh.603699,11.5100,11.7700,11.4500,11.6900,11.4200,5028100,58568919.0000,3,0.671300,1,2.364300,0
2023-03-02,sh.603699,11.5800,11.7200,11.5300,11.6700,11.6900,3720897,43284571.0800,3,0.496700,1,-0.171100,0
2023-03-03,sh.603699,11.5500,11.6200,11.3900,11.4300,11.6700,2897547,33250818.2600,3,0.386800,1,-2.056600,0
2023-03-06,sh.603699,11.5000,11.9000,11.4100,11.7800,11.4300,5002400,58667287.3400,3,0.667800,1,3.062100,0
2023-03-07,sh.603699,11.7600,12.0700,11.6900,11.8600,11.7800,5559905,66107450.1000,3,0.742200,1,0.679100,0
2023-03-08,sh.603699,11.8100,11.9900,11.7500,11.9000,11.8600,3582749,42560366.0900,3,0.478300,1,0.337300,0
2023-03-09,sh.603699,11.9200,12.2100,11.7600,12.0700,11.9000,5919336,71548988.0700,3,0.790200,1,1.428600,0
2023-03-10,sh.603699,12.0700,12.3600,11.9700,12.1000,12.0700,6048734,73691086.8500,3,0.807500,1,0.248600,0
2023-03-13,sh.603699,11.8000,12.2900,11.7000,12.2500,12.1000,9562906,114491162.0000,3,1.276700,1,1.239700,0
2023-03-14,sh.603699,12.2100,12.8800,12.0300,12.7600,12.2500,9596601,121034220.4400,3,1.281100,1,4.163300,0
2023-03-15,sh.603699,13.0500,14.0400,13.0500,14.0400,12.7600,9614454,133040785.7200,3,1.283500,1,10.031300,0
2023-03-16,sh.603699,14.2100,15.2000,14.0500,14.3500,14.0400,33166124,479782204.3800,3,4.427700,1,2.208000,0
2023-03-17,sh.603699,14.1600,14.2500,13.6600,13.7600,14.3500,21207017,294246330.4600,3,2.831100,1,-4.111500,0
2023-03-20,sh.603699,13.8000,13.8200,13.2100,13.2700,13.7600,16238429,218307531.3700,3,2.167800,1,-3.561000,0
2023-03-21,sh.603699,13.3500,13.5000,13.1700,13.4200,13.2700,10903504,145841755.9400,3,1.455600,1,1.130400,0
2023-03-22,sh.603699,13.4600,13.5100,12.9000,13.0600,13.4200,12217270,160057918.4500,3,1.631000,1,-2.682600,0
2023-03-23,sh.603699,13.0400,13.0400,12.7300,12.9200,13.0600,8404027,108022372.4800,3,1.121900,1,-1.072000,0
2023-03-24,sh.603699,12.8600,12.9400,12.6600,12.7400,12.9200,6635131,84838768.7000,3,0.885800,1,-1.393200,0
2023-03-27,sh.603699,12.7400,12.7400,12.3000,12.4000,12.7400,9649226,120137444.0000,3,1.288200,1,-2.668800,0
2023-03-28,sh.603699,12.3500,12.7700,12.3200,12.4700,12.4000,10628826,133713632.0800,3,1.419000,1,0.564500,0
2023-03-29,sh.603699,12.4200,12.4700,12.1900,12.2600,12.4700,6765905,83194400.9100,3,0.903300,1,-1.684000,0
2023-03-30,sh.603699,12.2400,12.2700,12.0400,12.1400,12.2600,4332401,52614172.7900,3,0.578400,1,-0.978800,0
2023-03-31,sh.603699,12.1000,12.4500,12.0600,12.3800,12.1400,6034804,74593233.3500,3,0.805600,1,1.976900,0
2023-04-03,sh.603699,12.3800,12.5500,12.3100,12.4800,12.3800,6340474,79012458.5000,3,0.846500,1,0.807800,0
2023-04-04,sh.603699,12.4800,12.4800,12.1900,12.2500,12.4800,4962053,61027517.8100,3,0.662400,1,-1.842900,0
2023-04-06,sh.603699,12.3200,12.5500,12.0900,12.3900,12.2500,5200800,64174261.9900,3,0.694300,1,1.142900,0
2023-04-07,sh.603699,12.3100,12.4000,12.1500,12.2300,12.3900,3480809,42563300.6800,3,0.464700,1,-1.291400,0
2023-04-10,sh.603699,12.1400,12.3000,12.1000,12.1200,12.2300,3396791,41438644.0200,3,0.453500,1,-0.899400,0
2023-04-11,sh.603699,12.1200,12.6400,11.9800,12.6100,12.1200,9541513,118030252.1200,3,1.273800,1,4.042900,0
2023-04-12,sh.603699,12.6100,13.4200,12.6000,13.1200,12.6100,16516287,216796827.6100,3,2.204900,1,4.044400,0
2023-04-13,sh.603699,13.1200,13.2100,12.8600,12.9900,13.1200,6123468,79599954.1900,3,0.817500,1,-0.990900,0
2023-04-14,sh.603699,12.9600,13.2700,12.9200,13.2400,12.9900,6500633,85373111.7400,3,0.867800,1,1.924600,0
2023-04-17,sh.603699,13.2700,13.6000,13.1300,13.4000,13.2400,8614850,115156012.6300,3,1.150100,1,1.208500,0
2023-04-18,sh.603699,13.3900,13.4900,13.1600,13.3600,13.4000,4665011,62326555.9600,3,0.622800,1,-0.298500,0
2023-04-19,sh.603699,13.3600,13.4600,13.0100,13.0900,13.3600,7570600,99513459.2400,3,1.010700,1,-2.021000,0
2023-04-20,sh.603699,13.1000,13.4100,12.9500,13.2800,13.0900,5458510,72095530.2000,3,0.728700,1,1.451500,0
2023-04-21,sh.603699,13.3300,13.5700,13.1900,13.2400,13.2800,5491944,73355140.1900,3,0.733200,1,-0.301200,0
2023-04-24,sh.603699,13.2300,13.2500,12.8400,12.9700,13.2400,4403796,57154123.9700,3,0.587900,1,-2.039300,0
2023-04-25,sh.603699,12.9300,13.0000,12.6300,12.9000,12.9700,3475754,44526003.6000,3,0.464000,1,-0.539700,0
2023-04-26,sh.603699,12.9400,14.1900,12.9000,14.1900,12.9000,5312442,73545300.2000,3,0.709200,1,10.000000,0
2023-04-27,sh.603699,14.9900,14.9900,13.4900,13.8700,14.1900,13131608,181870502.3700,3,1.753100,1,-2.255100,0
2023-04-28,sh.603699,13.8600,14.2000,13.6100,14.0400,13.8700,9062858,126248992.8400,3,1.209900,1,1.225700,0
2023-05-04,sh.603699,13.9000,14.3700,13.4500,13.6600,14.0400,14953985,205536573.0900,3,1.996400,1,-2.706600,0
2023-05-05,sh.603699,13.6000,13.6200,13.0500,13.3200,13.6600,8143465,108292993.5000,3,1.087200,1,-2.489000,0
2023-05-08,sh.603699,13.3100,13.9600,13.3100,13.7400,13.3200,9192740,125980034.0000,3,1.227200,1,3.153200,0
2023-05-09,sh.603699,13.5000,13.5800,12.8100,13.1900,13.7400,9796847,128604192.6800,3,1.307900,1,-4.002900,0
2023-05-10,sh.603699,13.2700,13.2800,12.9400,13.1100,13.1900,3394235,44342395.9300,3,0.453100,1,-0.606500,0
2023-05-11,sh.603699,13.1500,13.3000,12.9300,13.2200,13.1100,3793300,49732995.9000,3,0.506400,1,0.839100,0
2023-05-12,sh.603699,13.1300,13.3600,12.9200,12.9300,13.2200,2831913,37090824.3100,3,0.378100,1,-2.193600,0
2023-05-15,sh.603699,12.9400,13.1500,12.7100,13.1000,12.9300,2536902,32679474.4300,3,0.338700,1,1.314800,0
2023-05-16,sh.603699,12.9900,13.8800,12.9900,13.5800,13.1000,7209885,97894848.1500,3,0.962500,1,3.664100,0
2023-05-17,sh.603699,13.5000,13.5400,13.2400,13.4700,13.5800,3103300,41537852.0000,3,0.414300,1,-0.810000,0
2023-05-18,sh.603699,13.4100,13.9800,13.4000,13.7000,13.4700,5061054,69446952.7800,3,0.675700,1,1.707500,0
2023-05-19,sh.603699,13.6200,13.8800,13.3600,13.7700,13.7000,4188012,57089295.1500,3,0.559100,1,0.510900,0
2023-05-22,sh.603699,13.7800,14.2900,13.7800,14.1900,13.7700,6127800,86798715.0000,3,0.818100,1,3.050100,0
2023-05-23,sh.603699,14.1700,14.3900,13.9800,14.1900,14.1900,4239379,60228086.1700,3,0.566000,1,0.000000,0
2023-05-24,sh.603699,14.1400,14.4400,13.8000,14.3500,14.1900,5351374,76118960.2000,3,0.714400,1,1.127600,0
2023-05-25,sh.603699,14.3200,14.4000,14.0500,14.3900,14.3500,3604500,51298241.0000,3,0.481200,1,0.278700,0
2023-05-26,sh.603699,14.3900,14.8500,14.1100,14.8000,14.3900,6395158,93334619.2600,3,0.853800,1,2.849200,0
2023-05-29,sh.603699,14.8500,14.9700,14.5000,14.7900,14.8000,5158448,75935173.8900,3,0.688700,1,-0.067600,0
2023-05-30,sh.603699,14.5800,14.8300,14.2800,14.3700,14.7900,4552034,65663968.5200,3,0.607700,1,-2.839800,0
2023-05-31,sh.603699,14.4300,14.6200,14.3100,14.4000,14.3700,2593839,37499182.8400,3,0.346300,1,0.208800,0
2023-06-01,sh.603699,14.3100,14.3800,14.0500,14.0800,14.4000,2711186,38376442.8800,3,0.361900,1,-2.222200,0
2023-06-02,sh.603699,13.7500,14.1400,13.7000,13.8300,14.0800,2682454,37334673.7500,3,0.358100,1,-1.775600,0
2023-06-05,sh.603699,13.7900,14.5200,13.6800,14.2100,13.8300,3712361,52579834.4200,3,0.495600,1,2.747700,0
2023-06-06,sh.603699,14.2100,15.4800,14.1900,14.6500,14.2100,9081542,135301805.4300,3,1.212400,1,3.096400,0
2023-06-07,sh.603699,14.6800,14.8900,14.3800,14.5500,14.6500,3709038,53931518.8600,3,0.495200,1,-0.682600,0
2023-06-08,sh.603699,14.1500,14.2600,13.1200,13.2200,14.5500,10670635,144640808.3200,3,1.424500,1,-9.140900,0
2023-06-09,sh.603699,13.2100,14.0000,13.2100,13.6800,13.2200,6313288,86084287.1700,3,0.842800,1,3.479600,0
2023-06-12,sh.603699,13.7100,13.8700,13.2500,13.5200,13.6800,2873300,38868325.0000,3,0.383600,1,-1.169600,0
2023-06-13,sh.603699,13.5200,13.5800,13.0000,13.1800,13.5200,3755300,49935159.0000,3,0.501300,1,-2.514800,0
2023-06-14,sh.603699,13.1900,13.3900,12.7400,13.3000,13.1800,5249575,68317260.7900,3,0.700800,1,0.910500,0
2023-06-15,sh.603699,13.1600,13.6800,13.1500,13.4900,13.3000,3045264,41146661.2800,3,0.406500,1,1.428600,0
2023-06-16,sh.603699,13.4400,13.5900,13.2400,13.3700,13.4900,2435100,32572632.0000,3,0.325100,1,-0.889500,0
2023-06-19,sh.603699,13.3700,13.9500,13.3400,13.7300,13.3700,4608644,63005872.0000,3,0.615300,1,2.692600,0
2023-06-20,sh.603699,13.7300,14.3500,13.6500,14.1600,13.7300,3525989,49547194.6800,3,0.470700,1,3.131800,0
2023-06-21,sh.603699,14.0800,14.3500,13.7800,13.9200,14.1600,1870301,26054115.8800,3,0.249700,1,-1.694900,0
2023-06-26,sh.603699,13.9000,14.0400,13.5500,13.5600,13.9200,2615300,35942003.0000,3,0.349100,1,-2.586200,0
2023-06-27,sh.603699,13.5600,14.2800,13.5200,14.2000,13.5600,3779254,53089416.6400,3,0.504500,1,4.719800,0
2023-06-28,sh.603699,14.0600,14.5700,14.0100,14.4700,14.2000,3632326,52005616.2800,3,0.484900,1,1.901400,0
2023-06-29,sh.603699,14.4700,15.1300,14.4000,14.7200,14.4700,5331930,79128508.0000,3,0.711800,1,1.727700,0
2023-06-30,sh.603699,14.6800,15.0800,14.6100,14.8800,14.7200,3322252,49486246.7300,3,0.443500,1,1.087000,0
2023-07-03,sh.603699,15.0100,15.1300,14.6000,14.6100,14.8800,3858500,56831044.0000,3,0.515100,1,-1.814500,0
2023-07-04,sh.603699,14.6100,15.0800,14.5700,14.9700,14.6100,3842365,57311896.7500,3,0.513000,1,2.464100,0
2023-07-05,sh.603699,15.0000,15.0000,14.5900,14.7000,14.9700,3477823,51183363.6900,3,0.464300,1,-1.803600,0
2023-07-06,sh.603699,14.6900,14.6900,14.3300,14.3700,14.7000,2494774,36007787.9000,3,0.333100,1,-2.244900,0
2023-07-07,sh.603699,14.3300,14.5800,14.1500,14.3200,14.3700,3443033,49468418.9300,3,0.459600,1,-0.347900,0
2023-07-10,sh.603699,14.3400,14.3600,14.0700,14.1700,14.3200,2438179,34557150.2700,3,0.325500,1,-1.047500,0
2023-07-11,sh.603699,14.2200,14.2400,13.8000,14.1400,14.1700,4390927,61632619.5900,3,0.586200,1,-0.211700,0
2023-07-12,sh.603699,13.8200,14.1000,13.6300,13.6700,13.7800,3240013,44625756.3600,3,0.432500,1,-0.798300,0
2023-07-13,sh.603699,14.6400,15.0400,14.0100,14.3500,13.6700,19522434,286188147.9200,3,2.606300,1,4.974400,0
2023-07-14,sh.603699,14.4600,15.7900,14.3000,15.7900,14.3500,26472097,407465003.9900,3,3.534000,1,10.034800,0
2023-07-17,sh.603699,15.3100,15.6300,14.8500,15.3900,15.7900,17792963,271186581.1900,3,2.375400,1,-2.533200,0
2023-07-18,sh.603699,15.4200,15.8800,15.2200,15.3000,15.3900,10994337,169448972.8000,3,1.467700,1,-0.584800,0
2023-07-19,sh.603699,15.1900,15.4400,15.0700,15.3200,15.3000,5275381,80659682.7400,3,0.704300,1,0.130700,0
2023-07-20,sh.603699,15.3000,15.5900,15.1700,15.1900,15.3200,5316700,81623697.0000,3,0.709800,1,-0.848600,0
2023-07-21,sh.603699,15.2200,15.5600,15.0900,15.4000,15.1900,5441192,83812955.0400,3,0.726400,1,1.382500,0
2023-07-24,sh.603699,15.4400,15.7900,15.1300,15.4900,15.4000,5023079,77929909.8900,3,0.670600,1,0.584400,0
2023-07-25,sh.603699,15.7600,15.7700,15.1700,15.7000,15.4900,6715454,104549909.8500,3,0.896500,1,1.355700,0
2023-07-26,sh.603699,15.5500,15.8800,15.4100,15.4800,15.7000,3579698,55835528.1000,3,0.477900,1,-1.401300,0
2023-07-27,sh.603699,15.4800,15.5400,15.1200,15.3000,15.4800,3626337,55371000.6100,3,0.484100,1,-1.162800,0
2023-07-28,sh.603699,15.2000,15.2200,14.8900,14.9400,15.3000,3849523,57758306.1500,3,0.513900,1,-2.352900,0
2023-07-31,sh.603699,14.9900,15.0500,14.7100,14.8100,14.9400,4432388,65980387.6500,3,0.591700,1,-0.870100,0
2023-08-01,sh.603699,14.9500,15.1000,14.6200,14.8000,14.8100,3845327,56912789.3300,3,0.513400,1,-0.067500,0
2023-08-02,sh.603699,14.8500,15.0600,14.7700,14.9300,14.8000,3254400,48533846.0000,3,0.434500,1,0.878400,0
2023-08-03,sh.603699,14.8600,14.9200,14.6600,14.8600,14.9300,2570024,37999646.8000,3,0.343100,1,-0.468900,0
2023-08-04,sh.603699,14.8700,14.9100,14.4000,14.5500,14.8600,4355785,63495002.3400,3,0.581500,1,-2.086100,0
2023-08-07,sh.603699,14.5500,14.9500,14.4800,14.6900,14.5500,3609055,53224492.1600,3,0.481800,1,0.962200,0
2023-08-08,sh.603699,14.7000,14.7800,14.4400,14.7100,14.6900,3664530,53418721.1200,3,0.489200,1,0.136100,0
2023-08-09,sh.603699,14.5500,14.6900,14.4900,14.5600,14.7100,1598100,23267034.0000,3,0.213300,1,-1.019700,0
2023-08-10,sh.603699,14.6600,14.9300,14.4200,14.5600,14.5600,2711600,39708738.0000,3,0.362000,1,0.000000,0
2023-08-11,sh.603699,14.6000,14.6800,14.1900,14.1900,14.5600,2975548,42891417.0000,3,0.397200,1,-2.541200,0
2023-08-14,sh.603699,14.1700,14.4900,14.0000,14.3900,14.1900,3236237,46155800.0900,3,0.432000,1,1.409400,0
2023-08-15,sh.603699,14.4300,14.7000,14.3000,14.4000,14.3900,2730000,39527606.0000,3,0.364500,1,0.069500,0
2023-08-16,sh.603699,14.4100,14.4700,13.9300,13.9400,14.4000,3308685,46645829.2000,3,0.441700,1,-3.194400,0
2023-08-17,sh.603699,13.9400,14.3800,13.9000,14.2800,13.9400,4167200,59190116.0000,3,0.556300,1,2.439000,0
2023-08-18,sh.603699,14.3500,14.6000,14.2200,14.2900,14.2800,2861841,41181051.7600,3,0.382100,1,0.070000,0
2023-08-21,sh.603699,14.2500,14.5600,14.1600,14.1700,14.2900,3045000,43637194.0000,3,0.406500,1,-0.839700,0
2023-08-22,sh.603699,14.3100,14.4000,14.0900,14.4000,14.1700,8661726,123643293.8700,3,1.156300,1,1.623100,0
2023-08-23,sh.603699,14.5500,15.0900,14.1700,14.8300,14.4000,9818508,145612296.2600,3,1.310800,1,2.986100,0
2023-08-24,sh.603699,14.9400,14.9400,14.4900,14.6800,14.8300,5029965,73929900.6300,3,0.671500,1,-1.011500,0
2023-08-25,sh.603699,14.5200,14.7400,14.1700,14.2800,14.6800,3522179,50468726.1600,3,0.470200,1,-2.724800,0
2023-08-28,sh.603699,15.0000,15.0700,14.2600,14.3300,14.2800,5264274,76326206.1200,3,0.702800,1,0.350100,0
2023-08-29,sh.603699,14.6400,15.1500,14.3500,15.0300,14.3300,5967351,88590326.2800,3,0.796600,1,4.884900,0
2023-08-30,sh.603699,15.0000,15.2400,14.8000,14.9800,15.0300,2808100,42026442.7400,3,0.374900,1,-0.332700,0
2023-08-31,sh.603699,15.0000,15.1300,14.8100,14.9400,14.9800,3810652,56926884.1200,3,0.508700,1,-0.267000,0
2023-09-01,sh.603699,14.8800,15.2200,14.8800,15.2000,14.9400,3476144,52498142.7800,3,0.464100,1,1.740300,0
2023-09-04,sh.603699,15.2000,15.4500,14.9700,15.1200,15.2000,4065973,61730752.1700,3,0.542800,1,-0.526300,0
2023-09-05,sh.603699,15.1100,15.1100,14.7600,14.8100,15.1200,2515577,37446176.3700,3,0.335800,1,-2.050300,0
2023-09-06,sh.603699,14.7900,14.9500,14.6500,14.8500,14.8100,2444400,36199272.0000,3,0.326300,1,0.270100,0
2023-09-07,sh.603699,14.8500,14.9000,14.6600,14.6900,14.8500,2352198,34654355.6400,3,0.314000,1,-1.077400,0
2023-09-08,sh.603699,14.6700,14.9000,14.4700,14.7100,14.6900,1748446,25626198.2300,3,0.233400,1,0.136100,0
2023-09-11,sh.603699,14.7500,15.4800,14.7100,14.9100,14.7100,5282398,79613157.8400,3,0.705200,1,1.359600,0
2023-09-12,sh.603699,14.8700,15.7500,14.8700,15.4900,14.9100,6211514,96081311.0700,3,0.829200,1,3.890000,0
2023-09-13,sh.603699,15.3900,15.4900,14.9900,15.1700,15.4900,3578201,54331126.0600,3,0.477700,1,-2.065800,0
2023-09-14,sh.603699,15.1100,15.1600,14.7400,14.7600,15.1700,3553300,52725782.0000,3,0.474400,1,-2.702700,0
2023-09-15,sh.603699,14.8100,15.0900,14.8100,14.9400,14.7600,3574500,53516539.1200,3,0.477200,1,1.219500,0
2023-09-18,sh.603699,14.8600,14.9000,14.4800,14.7600,14.9400,2621329,38323267.2100,3,0.349900,1,-1.204800,0
2023-09-19,sh.603699,14.7600,14.9000,14.6200,14.6900,14.7600,1922096,28370453.5600,3,0.256600,1,-0.474300,0
2023-09-20,sh.603699,14.6700,14.7700,14.5100,14.6100,14.6900,1337600,19549331.0000,3,0.178600,1,-0.544600,0
2023-09-21,sh.603699,14.6100,14.6700,14.3100,14.3400,14.6100,2159002,31175954.5400,3,0.288200,1,-1.848000,0
2023-09-22,sh.603699,14.5000,15.1000,14.4300,15.0600,14.3400,4901998,72950379.9200,3,0.654400,1,5.020900,0
2023-09-25,sh.603699,15.0100,15.2500,14.7700,14.9000,15.0600,2254216,33693499.4600,3,0.300900,1,-1.062400,0
2023-09-26,sh.603699,15.0000,15.0000,14.8000,14.9500,14.9000,1497304,22310246.3700,3,0.199900,1,0.335600,0
2023-09-27,sh.603699,14.9300,15.2400,14.8500,15.1400,14.9500,1758331,26563716.2000,3,0.234700,1,1.270900,0
2023-09-28,sh.603699,15.1500,15.3500,15.1000,15.2900,15.1400,2004049,30587741.2700,3,0.267500,1,0.990800,0
2023-10-09,sh.603699,15.3800,15.3800,15.1300,15.2500,15.2900,2319444,35360155.8800,3,0.309600,1,-0.261600,0
2023-10-10,sh.603699,15.3000,15.4800,15.1800,15.4300,15.2500,2636509,40521487.6100,3,0.352000,1,1.180300,0
2023-10-11,sh.603699,15.3300,15.3900,15.0300,15.2300,15.4300,2999600,45600236.5200,3,0.400400,1,-1.296200,0
2023-10-12,sh.603699,15.3300,15.4300,15.1300,15.3600,15.2300,1458400,22278718.0000,3,0.194700,1,0.853600,0
2023-10-13,sh.603699,15.3500,15.3500,14.8300,14.9900,15.3600,1929326,28990710.5300,3,0.257600,1,-2.408900,0
2023-10-16,sh.603699,14.8600,15.0500,14.6700,14.7700,14.9900,2706884,40172570.6400,3,0.361400,1,-1.467600,0
2023-10-17,sh.603699,14.9800,14.9800,14.3000,14.5300,14.7700,2788314,40432926.1400,3,0.372200,1,-1.624900,0
2023-10-18,sh.603699,14.4600,14.5500,14.3000,14.4500,14.5300,1785402,25780028.6000,3,0.238400,1,-0.550600,0
2023-10-19,sh.603699,14.3800,14.4700,14.2800,14.3300,14.4500,1301900,18715051.0000,3,0.173800,1,-0.830400,0
2023-10-20,sh.603699,14.2600,14.3800,13.8700,13.9400,14.3300,2549049,35926570.3900,3,0.340300,1,-2.721600,0
2023-10-23,sh.603699,13.9300,13.9700,13.4400,13.5500,13.9400,2456146,33471714.2400,3,0.327900,1,-2.797700,0
2023-10-24,sh.603699,13.6200,14.3100,13.5900,14.0100,13.5500,3763238,52526418.3400,3,0.502400,1,3.394800,0
2023-10-25,sh.603699,14.1600,14.2400,13.9600,14.1100,14.0100,1934329,27293800.9000,3,0.258200,1,0.713800,0
2023-10-26,sh.603699,14.3000,14.8000,14.0200,14.3000,14.1100,8369118,120344768.6100,3,1.117300,1,1.346600,0
2023-10-27,sh.603699,14.6000,14.8000,14.0300,14.4500,14.3000,4692035,67569113.0500,3,0.626400,1,1.049000,0
2023-10-30,sh.603699,14.3200,14.9900,14.3200,14.9200,14.4500,4303231,63468118.7600,3,0.574500,1,3.252600,0
2023-10-31,sh.603699,14.9000,15.0800,14.6000,14.6200,14.9200,3445368,50951860.6200,3,0.460000,1,-2.010700,0
2023-11-01,sh.603699,14.7700,14.7700,14.1300,14.2700,14.6200,5000514,71741075.2900,3,0.667600,1,-2.394000,0
2023-11-02,sh.603699,14.2300,14.3200,14.0200,14.0600,14.2700,2895600,40828157.0000,3,0.386600,1,-1.471600,0
2023-11-03,sh.603699,14.2300,14.3500,13.9800,14.1600,14.0600,2850489,40513371.6300,3,0.380500,1,0.711200,0
2023-11-06,sh.603699,14.2500,14.6600,14.1600,14.2200,14.1600,5424221,77523114.9900,3,0.724100,1,0.423700,0
2023-11-07,sh.603699,14.2800,14.2900,13.8000,13.9200,14.2200,2952100,41239846.0000,3,0.394100,1,-2.109700,0
2023-11-08,sh.603699,13.9400,14.1400,13.9000,13.9700,13.9200,2916300,40846730.0000,3,0.389300,1,0.359200,0
2023-11-09,sh.603699,13.9100,14.0000,13.6200,13.7000,13.9700,3599791,49431066.1400,3,0.480600,1,-1.932700,0
2023-11-10,sh.603699,13.6600,13.7400,13.5500,13.6800,13.7000,2773600,37874225.4200,3,0.370300,1,-0.146000,0
2023-11-13,sh.603699,13.6800,13.7300,13.4100,13.5400,13.6800,4400473,59560118.6800,3,0.587500,1,-1.023400,0
2023-11-14,sh.603699,13.5800,13.6600,13.4300,13.6000,13.5400,2978413,40249439.3900,3,0.397600,1,0.443100,0
2023-11-15,sh.603699,13.6200,13.7900,13.5000,13.6500,13.6000,3126414,42571154.1200,3,0.417400,1,0.367600,0
2023-11-16,sh.603699,13.6300,13.7700,13.4800,13.5200,13.6500,2285675,31056852.3600,3,0.305100,1,-0.952400,0
2023-11-17,sh.603699,13.5100,13.6300,13.4600,13.6000,13.5200,2014500,27325651.0000,3,0.268900,1,0.591700,0
2023-11-20,sh.603699,13.6300,14.0800,13.6300,13.9500,13.6000,5092245,70800058.0800,3,0.679800,1,2.573500,0
2023-11-21,sh.603699,14.0000,14.0500,13.7300,13.7800,13.9500,2688300,37249440.9400,3,0.358900,1,-1.218600,0
2023-11-22,sh.603699,13.7400,13.8900,13.5300,13.5300,13.7800,1780617,24368696.3900,3,0.237700,1,-1.814200,0
2023-11-23,sh.603699,13.5300,13.8400,13.4900,13.7800,13.5300,2617103,35897549.1900,3,0.349400,1,1.847700,0
2023-11-24,sh.603699,13.7000,13.9600,13.3700,13.4500,13.7800,3730449,50377149.6000,3,0.498000,1,-2.394800,0
2023-11-27,sh.603699,13.4400,13.8400,13.4100,13.6900,13.4500,2774842,37926990.1400,3,0.370400,1,1.784400,0
2023-11-28,sh.603699,13.7000,14.0500,13.5500,14.0000,13.6900,3873704,53926759.5000,3,0.517100,1,2.264400,0
2023-11-29,sh.603699,14.0200,14.0300,13.8400,13.8800,14.0000,1731765,24111324.2000,3,0.231200,1,-0.857100,0
2023-11-30,sh.603699,14.0200,14.0300,13.5100,13.6700,13.8800,1927584,26447401.6000,3,0.257300,1,-1.513000,0
2023-12-01,sh.603699,13.7400,13.7400,13.4200,13.6600,13.6700,2891024,39289241.7000,3,0.386000,1,-0.073200,0
2023-12-04,sh.603699,13.7700,14.0000,13.5700,13.6600,13.6600,3158211,43497153.6600,3,0.421600,1,0.000000,0
2023-12-05,sh.603699,13.7000,13.7000,13.3600,13.3600,13.6600,2633207,35439769.3100,3,0.351500,1,-2.196200,0
2023-12-06,sh.603699,13.3300,13.5400,13.2800,13.3700,13.3600,2005737,26951046.3900,3,0.267800,1,0.074900,0
2023-12-07,sh.603699,13.4000,13.4300,13.0900,13.3500,13.3700,2401872,31891632.4800,3,0.320700,1,-0.149600,0
2023-12-08,sh.603699,13.3500,13.4800,13.2400,13.3200,13.3500,3433500,45822272.9400,3,0.458400,1,-0.224700,0
2023-12-11,sh.603699,13.3500,13.6900,13.0200,13.6000,13.3200,4349397,58428673.5900,3,0.580600,1,2.102100,0
2023-12-12,sh.603699,13.6000,13.8500,13.4400,13.8100,13.6000,2334837,32018084.9300,3,0.311700,1,1.544100,0
2023-12-13,sh.603699,13.7900,13.8600,13.5000,13.6500,13.8100,2696628,36874084.7000,3,0.360000,1,-1.158600,0
2023-12-14,sh.603699,13.7200,13.8200,13.5800,13.6800,13.6500,2010364,27581340.0000,3,0.268400,1,0.219800,0
2023-12-15,sh.603699,13.7000,13.8200,13.5200,13.5500,13.6800,1978400,27053229.0000,3,0.264100,1,-0.950300,0
2023-12-18,sh.603699,13.5000,13.6400,13.3800,13.4600,13.5500,1758856,23751464.5500,3,0.234800,1,-0.664200,0
2023-12-19,sh.603699,13.4400,13.5400,13.3200,13.4900,13.4600,1815665,24406239.8500,3,0.242400,1,0.222900,0
2023-12-20,sh.603699,13.5100,13.6500,13.3900,13.4500,13.4900,1778556,24048224.2000,3,0.237400,1,-0.296500,0
2023-12-21,sh.603699,13.4500,13.8400,13.3100,13.8000,13.4500,2958964,40303603.8400,3,0.395000,1,2.602200,0
2023-12-22,sh.603699,13.7900,13.7900,13.5000,13.5800,13.8000,2386826,32521765.4200,3,0.318600,1,-1.594200,0
2023-12-25,sh.603699,13.5600,13.8000,13.4000,13.5200,13.5800,2069200,27902948.0000,3,0.276200,1,-0.441800,0
2023-12-26,sh.603699,13.4800,13.5000,12.8800,12.9100,13.5200,3030009,39708379.5100,3,0.404500,1,-4.511800,0
2023-12-27,sh.603699,12.9800,13.1400,12.8900,13.0300,12.9100,3844912,50057970.1200,3,0.513300,1,0.929500,0
2023-12-28,sh.603699,12.9900,13.6000,12.9300,13.5400,13.0300,4828097,64117507.2700,3,0.644600,1,3.914000,0
2023-12-29,sh.603699,13.5900,13.8800,13.5000,13.8600,13.5400,3826000,52634230.0000,3,0.510800,1,2.363400,0
2024-01-02,sh.603699,13.9800,14.6900,13.8600,14.4400,13.8600,7848150,113181686.0700,3,1.047700,1,4.184700,0
2024-01-03,sh.603699,14.4000,14.5300,14.2500,14.3900,14.4400,4186364,60162731.3100,3,0.558900,1,-0.346300,0
2024-01-04,sh.603699,14.3200,14.7600,14.2100,14.6700,14.3900,4579377,66511894.7600,3,0.611300,1,1.945800,0
2024-01-05,sh.603699,14.6700,14.7000,14.2800,14.3400,14.6700,3830031,55443402.4300,3,0.511300,1,-2.249500,0
2024-01-08,sh.603699,14.3500,14.5400,14.0200,14.0900,14.3400,4181432,59756520.5400,3,0.558200,1,-1.743400,0
2024-01-09,sh.603699,14.0800,14.3800,14.0700,14.2600,14.0900,2840172,40378286.1200,3,0.379200,1,1.206500,0
2024-01-10,sh.603699,14.2500,14.4100,14.0700,14.2100,14.2600,1917190,27287781.6000,3,0.255900,1,-0.350600,0
2024-01-11,sh.603699,14.1700,14.4900,14.1700,14.3800,14.2100,2315800,33186781.0000,3,0.309200,1,1.196300,0
2024-01-12,sh.603699,14.4100,14.6200,14.2800,14.3500,14.3800,2408950,34789428.5000,3,0.321600,1,-0.208600,0
2024-01-15,sh.603699,14.2600,15.0400,14.2600,14.9100,14.3500,5632586,83316943.8000,3,0.752000,1,3.902400,0
2024-01-16,sh.603699,14.7000,14.9000,14.6500,14.8400,14.9100,3489900,51457034.5400,3,0.465900,1,-0.469500,0
2024-01-17,sh.603699,14.7600,15.0900,14.5800,14.6000,14.8400,3663346,54422145.4000,3,0.489100,1,-1.617300,0
2024-01-18,sh.603699,14.4400,14.6000,14.0200,14.3500,14.6000,5048109,72233682.1900,3,0.673900,1,-1.712300,0
2024-01-19,sh.603699,14.4500,14.5600,14.1300,14.2400,14.3500,3026293,43392267.9700,3,0.404000,1,-0.766600,0
2024-01-22,sh.603699,14.2000,14.3200,13.3700,13.4200,14.2400,4415394,61278989.8800,3,0.589500,1,-5.758400,0
2024-01-23,sh.603699,13.4100,13.5800,13.0500,13.4200,13.4200,4307101,57335150.0800,3,0.575000,1,0.000000,0
2024-01-24,sh.603699,13.4300,13.7800,13.1000,13.5900,13.4200,2982807,40148750.6000,3,0.398200,1,1.266800,0
2024-01-25,sh.603699,13.6100,14.3600,13.4400,14.3500,13.5900,4142604,57838705.1600,3,0.553000,1,5.592300,0
2024-01-26,sh.603699,14.2500,14.3200,13.9900,14.0900,14.3500,2666200,37747648.0000,3,0.355900,1,-1.811800,0
2024-01-29,sh.603699,14.0100,14.0700,13.3200,13.3400,14.0900,4682747,63428955.1000,3,0.625100,1,-5.322900,0
2024-01-30,sh.603699,13.3100,13.6100,12.9100,12.9500,13.3400,3437600,45524497.0000,3,0.458900,1,-2.923500,0
2024-01-31,sh.603699,12.7500,12.7500,11.6700,12.1400,12.9500,9766637,119753605.4700,3,1.303800,1,-6.254800,0
2024-02-01,sh.603699,12.1500,12.9300,12.1300,12.5000,12.1400,8257098,103385858.3900,3,1.102300,1,2.965400,0
2024-02-02,sh.603699,12.3600,12.8400,11.9000,12.3200,12.5000,5958707,73822354.4100,3,0.795500,1,-1.440000,0
2024-02-05,sh.603699,12.0500,12.2300,11.3300,11.6500,12.3200,11405173,133617788.3100,3,1.522600,1,-5.438300,0
2024-02-06,sh.603699,11.4200,12.8200,11.2500,12.8200,11.6500,7708380,93890889.5300,3,1.029100,1,10.042900,0
2024-02-07,sh.603699,12.8200,13.6900,12.7800,13.2800,12.8200,7722264,102715946.4800,3,1.030900,1,3.588100,0
2024-02-08,sh.603699,13.1700,14.1100,13.1700,13.5900,13.2800,6702509,92243782.0500,3,0.894800,1,2.334300,0
2024-02-19,sh.603699,13.7700,14.2100,13.3800,13.7200,13.5900,9395234,129021511.4800,3,1.254300,1,0.956600,0
2024-02-20,sh.603699,13.6000,14.1500,13.5700,14.1100,13.7200,5033900,69949926.0000,3,0.672000,1,2.842600,0
2024-02-21,sh.603699,13.9800,15.0200,13.8700,14.7000,14.1100,8877204,130226304.5100,3,1.185100,1,4.181400,0
2024-02-22,sh.603699,14.7000,15.1500,14.7000,14.9400,14.7000,5233392,78003562.6600,3,0.698700,1,1.632700,0
2024-02-23,sh.603699,14.8500,15.4500,14.7900,15.4300,14.9400,5354000,81065607.0000,3,0.714800,1,3.279800,0
2024-02-26,sh.603699,15.7500,15.9000,15.3600,15.4500,15.4300,8085033,126217297.2400,3,1.079400,1,0.129600,0
2024-02-27,sh.603699,15.5300,15.7500,15.3000,15.7200,15.4500,3670315,57248775.7900,3,0.490000,1,1.747600,0
2024-02-28,sh.603699,15.7500,15.9200,15.3400,15.3500,15.7200,6512286,101584798.6900,3,0.869400,1,-2.353700,0
2024-02-29,sh.603699,15.3100,16.5300,15.3100,16.4000,15.3500,8309154,134557376.7000,3,1.109300,1,6.840400,0
2024-03-01,sh.603699,16.4900,17.2000,15.7700,16.2000,16.4000,13217648,214800524.8300,3,1.764600,1,-1.219500,0
2024-03-04,sh.603699,16.1200,16.7600,15.9900,16.7000,16.2000,7015704,115144619.3600,3,0.936600,1,3.086400,0
2024-03-05,sh.603699,16.5500,16.7700,16.3800,16.6000,16.7000,4931687,81802583.3700,3,0.658400,1,-0.598800,0
2024-03-06,sh.603699,16.5000,16.9200,16.3800,16.7500,16.6000,5346000,88822047.0000,3,0.713700,1,0.903600,0
2024-03-07,sh.603699,16.8000,17.2800,16.6000,16.7200,16.7500,5204400,88096404.0000,3,0.694800,1,-0.179100,0
2024-03-08,sh.603699,16.5100,17.0500,16.4000,17.0000,16.7200,4786900,80131207.0000,3,0.639100,1,1.674600,0
2024-03-11,sh.603699,16.9800,17.0700,16.6000,16.7700,17.0000,3771596,62988019.0600,3,0.503500,1,-1.352900,0
2024-03-12,sh.603699,16.7000,16.9800,16.4300,16.5000,16.7700,4143100,68899014.0000,3,0.553100,1,-1.610000,0
2024-03-13,sh.603699,16.4600,16.7000,16.2300,16.5200,16.5000,8373601,137417133.3400,3,1.117900,1,0.121200,0
2024-03-14,sh.603699,16.6600,17.3100,16.6600,17.0000,16.5200,6905871,117503087.6900,3,0.921900,1,2.905600,0
2024-03-15,sh.603699,16.9100,17.0300,16.6000,16.8400,17.0000,5519600,92845329.0000,3,0.736900,1,-0.941200,0
2024-03-18,sh.603699,16.7300,16.9800,16.6800,16.9600,16.8400,3415931,57542929.9700,3,0.456000,1,0.712600,0
2024-03-19,sh.603699,16.9600,17.0200,16.6600,16.8800,16.9600,7976619,134186824.6500,3,1.064900,1,-0.471700,0
2024-03-20,sh.603699,16.8000,17.0200,16.7300,16.9200,16.8800,3390869,57200274.4100,3,0.452700,1,0.237000,0
2024-03-21,sh.603699,17.0000,17.1000,16.8000,17.0200,16.9200,2761155,46902842.3300,3,0.368600,1,0.591000,0
2024-03-22,sh.603699,17.0000,17.0200,16.6800,16.7700,17.0200,3306550,55596419.9800,3,0.441400,1,-1.468900,0
2024-03-25,sh.603699,16.6700,16.9800,16.4000,16.4600,16.7700,3792104,63350857.8100,3,0.506200,1,-1.848500,0
2024-03-26,sh.603699,16.3900,16.5200,16.2200,16.4500,16.4600,3612600,59111632.9400,3,0.482300,1,-0.060800,0
2024-03-27,sh.603699,16.4300,16.4500,16.0500,16.0700,16.4500,2571398,41736788.5100,3,0.343300,1,-2.310000,0
2024-03-28,sh.603699,16.0800,16.6000,16.0800,16.4200,16.0700,3223700,52807537.0000,3,0.430400,1,2.178000,0
2024-03-29,sh.603699,16.3600,16.9800,16.1600,16.8700,16.4200,4343774,72040753.0000,3,0.579900,1,2.740600,0
2024-04-01,sh.603699,16.9700,17.3000,16.8900,17.1200,16.8700,4634969,79075905.8300,3,0.618800,1,1.481900,0
2024-04-02,sh.603699,17.3000,18.1800,17.1400,17.7300,17.1200,8907031,157805674.1600,3,1.189100,1,3.563100,0
2024-04-03,sh.603699,17.7300,17.8400,17.3800,17.7300,17.7300,5645781,99491188.0300,3,0.753700,1,0.000000,0
2024-04-08,sh.603699,17.7300,17.9300,17.5500,17.5900,17.7300,3596004,63855027.6000,3,0.480100,1,-0.789600,0
2024-04-09,sh.603699,17.5900,17.7900,17.2000,17.5100,17.5900,4652440,81526793.4000,3,0.621100,1,-0.454800,0
2024-04-10,sh.603699,17.5100,17.5800,17.0600,17.2000,17.5100,3846880,66493324.8000,3,0.513600,1,-1.770400,0
2024-04-11,sh.603699,17.1300,18.2000,17.1300,17.8700,17.2000,6111600,108990528.0000,3,0.815900,1,3.895300,0
2024-04-12,sh.603699,17.8000,18.1500,17.5800,17.9500,17.8700,6800287,121654642.6400,3,0.907800,1,0.447700,0
2024-04-15,sh.603699,17.7900,17.8700,16.1600,17.2300,17.9500,18481541,313814682.9100,3,2.467300,1,-4.011100,0
2024-04-16,sh.603699,17.2600,17.5000,16.5100,16.6500,17.2300,9829361,166682527.7800,3,1.312200,1,-3.366200,0
2024-04-17,sh.603699,16.8800,17.2400,16.7500,17.2000,16.6500,5646800,95899581.0000,3,0.753800,1,3.303300,0
2024-04-18,sh.603699,17.2700,17.9800,17.1600,17.8200,17.2000,8828879,156070803.3900,3,1.178700,1,3.604700,0
2024-04-19,sh.603699,17.8400,18.7100,17.8300,18.1400,17.8200,8042686,146775899.3200,3,1.073700,1,1.795700,0
2024-04-22,sh.603699,18.1200,18.3300,17.6900,17.9500,18.1400,8057564,144890989.5400,3,1.075700,1,-1.047400,0
2024-04-23,sh.603699,17.8700,17.8700,17.4000,17.6300,17.9500,4632440,81553103.8000,3,0.618400,1,-1.782700,0
2024-04-24,sh.603699,17.5900,18.1500,17.5100,18.1200,17.6300,3905500,69548489.0000,3,0.521400,1,2.779400,0
2024-04-25,sh.603699,18.0900,18.2900,17.7600,18.0700,18.1200,4837500,87086706.0000,3,0.645800,1,-0.275900,0
2024-04-26,sh.603699,18.7600,19.2700,18.1800,18.7800,18.0700,12671780,238468755.4100,3,1.691700,1,3.929200,0
2024-04-29,sh.603699,18.9500,18.9800,17.9400,18.5800,18.7800,9439700,173941834.0000,3,1.260200,1,-1.065000,0
2024-04-30,sh.603699,18.3800,18.8000,18.2900,18.6500,18.5800,5316500,98970434.3800,3,0.709800,1,0.376700,0
2024-05-06,sh.603699,18.8800,19.6600,18.3900,19.5000,18.6500,8870036,170238585.4200,3,1.184200,1,4.557600,0
2024-05-07,sh.603699,19.3900,19.6600,19.0700,19.1600,19.5000,5617974,108461868.3400,3,0.750000,1,-1.743600,0
2024-05-08,sh.603699,19.1200,19.5400,18.9000,19.0900,19.1600,4587058,87866710.6400,3,0.612400,1,-0.365300,0
2024-05-09,sh.603699,19.0000,19.7700,18.9200,19.5800,19.0900,4678100,91345782.0000,3,0.624500,1,2.566800,0
2024-05-10,sh.603699,19.5700,19.6600,19.3100,19.4000,19.5800,3302293,64190797.6200,3,0.440900,1,-0.919300,0
2024-05-13,sh.603699,19.4500,20.6300,19.3200,20.5000,19.4000,9703535,194855698.5200,3,1.295400,1,5.670100,0
2024-05-14,sh.603699,20.5000,21.2100,20.4000,20.5500,20.5000,9064547,187743299.1200,3,1.210100,1,0.243900,0
2024-05-15,sh.603699,20.4600,20.8000,20.2300,20.5700,20.5500,5301150,108857141.0000,3,0.707700,1,0.097300,0
2024-05-16,sh.603699,20.5000,20.9600,20.0000,20.2900,20.5700,5790200,117752257.0000,3,0.773000,1,-1.361200,0
2024-05-17,sh.603699,20.2700,20.6300,19.9100,20.5200,20.2900,6133267,124089690.1100,3,0.818800,1,1.133600,0
2024-05-20,sh.603699,20.2500,20.9700,19.9700,20.9700,20.5200,6318073,130305118.7200,3,0.843500,1,2.193000,0
2024-05-21,sh.603699,20.6600,20.9300,20.5300,20.7800,20.9700,3196100,66150917.0000,3,0.426700,1,-0.906100,0
2024-05-22,sh.603699,20.6300,20.9500,20.3600,20.4000,20.7800,3518373,72672112.3400,3,0.469700,1,-1.828700,0
2024-05-23,sh.603699,20.4000,20.5500,20.2100,20.4200,20.4000,3758103,76682764.1500,3,0.501700,1,0.098000,0
2024-05-24,sh.603699,20.4900,20.7200,20.1600,20.3300,20.4200,2867062,58548229.7200,3,0.382800,1,-0.440700,0
2024-05-27,sh.603699,20.2900,20.9000,20.2700,20.9000,20.3300,3374063,69727092.2100,3,0.450400,1,2.803700,0
2024-05-28,sh.603699,20.9000,20.9100,20.1000,20.3300,20.9000,6078773,124474452.7500,3,0.811500,1,-2.727300,0
2024-05-29,sh.603699,20.3700,20.5000,20.1700,20.2400,20.3300,2487258,50447441.6000,3,0.332000,1,-0.442700,0
2024-05-30,sh.603699,20.2600,20.4100,19.7000,19.9400,20.2400,4742501,94910807.9800,3,0.633100,1,-1.482200,0
2024-05-31,sh.603699,19.9300,20.1300,19.7000,19.8300,19.9400,4000288,79721976.0900,3,0.534000,1,-0.551700,0
2024-06-03,sh.603699,19.9300,20.2400,19.6500,19.8200,19.8300,4656799,92624313.8500,3,0.621700,1,-0.050400,0
2024-06-04,sh.603699,19.8000,20.2600,19.6800,20.1700,19.8200,3278900,65597666.8000,3,0.437700,1,1.765900,0
2024-06-05,sh.603699,20.2100,20.2700,19.5700,19.7000,20.1700,3585628,71051838.4700,3,0.478700,1,-2.330200,0
2024-06-06,sh.603699,19.5800,19.8600,19.4200,19.5600,19.7000,3750132,73478115.9200,3,0.500600,1,-0.710700,0
2024-06-07,sh.603699,19.8300,19.8600,19.2100,19.4200,19.5600,4000248,77659355.5300,3,0.534000,1,-0.715700,0
2024-06-11,sh.603699,19.2300,19.4400,18.9200,19.2300,19.4200,5802767,111149541.2700,3,0.774700,1,-0.978400,0
2024-06-12,sh.603699,19.1000,19.2800,18.5600,18.9600,19.2300,7347496,138228782.6300,3,0.980900,1,-1.404100,0
2024-06-13,sh.603699,18.9000,18.9900,18.5900,18.7500,18.9600,4409653,82741387.6700,3,0.588700,1,-1.107600,0
2024-06-14,sh.603699,18.7500,18.8700,18.5500,18.6500,18.7500,4239146,79220040.0600,3,0.565900,1,-0.533300,0
2024-06-17,sh.603699,18.5600,18.9500,18.4200,18.5100,18.6500,5044100,94169989.2300,3,0.673400,1,-0.750700,0
2024-06-18,sh.603699,18.5300,18.9000,18.4400,18.5700,18.5100,4028158,74955275.7200,3,0.537800,1,0.324100,0
2024-06-19,sh.603699,18.6300,18.6300,17.9300,18.0000,18.5700,7448817,135209404.6000,3,0.994400,1,-3.069500,0
2024-06-20,sh.603699,18.0000,18.0000,17.1600,17.2500,18.0000,9943364,173656218.1000,3,1.327400,1,-4.166700,0
2024-06-21,sh.603699,17.2500,17.4100,16.8900,17.0000,17.2500,8445193,144728990.0200,3,1.127400,1,-1.449300,0
2024-06-24,sh.603699,16.9800,17.3900,16.8700,16.9000,17.0000,8041600,137708222.0000,3,1.073600,1,-0.588200,0
2024-06-25,sh.603699,16.9000,18.1100,16.8800,17.7800,16.9000,10392187,184182066.8400,3,1.387400,1,5.207100,0
2024-06-26,sh.603699,17.5500,18.0400,17.3700,17.7300,17.7800,6028775,107128710.4800,3,0.804800,1,-0.281200,0
2024-06-27,sh.603699,17.6100,17.8700,16.9200,17.1000,17.7300,6780622,116426057.5200,3,0.905200,1,-3.553300,0
2024-06-28,sh.603699,16.5400,17.4500,16.5400,17.1200,17.1000,4935060,84937901.8000,3,0.658800,1,0.117000,0
2024-07-01,sh.603699,17.0200,17.7000,16.7500,17.4500,17.1200,8065441,138679088.4500,3,1.076700,1,1.927600,0
2024-07-02,sh.603699,17.5500,17.5500,16.9000,17.1500,17.4500,6625200,113617980.0000,3,0.884500,1,-1.719200,0
2024-07-03,sh.603699,17.4800,17.5100,16.5400,16.6100,17.1500,6393700,107128349.0000,3,0.853600,1,-3.148700,0
2024-07-04,sh.603699,16.6000,17.0400,16.5000,16.5700,16.6100,4583300,76691134.0000,3,0.611900,1,-0.240800,0
2024-07-05,sh.603699,16.5500,16.7600,16.2500,16.6700,16.5700,3655865,60261811.4500,3,0.488100,1,0.603500,0
2024-07-08,sh.603699,16.5500,16.8100,16.3400,16.4600,16.6700,5064400,83992582.6200,3,0.676100,1,-1.259700,0
2024-07-09,sh.603699,16.4900,16.8700,16.3000,16.6600,16.4600,5367500,89177970.0000,3,0.716600,1,1.215100,0
2024-07-10,sh.603699,16.1600,16.5400,16.1100,16.2000,16.1400,4496700,73387380.7600,3,0.600300,1,0.371700,0
2024-07-11,sh.603699,17.3000,17.8200,17.3000,17.8200,16.2000,8671858,153455497.5600,3,1.157700,1,10.000000,0
2024-07-12,sh.603699,18.1000,18.5400,17.6100,18.3700,17.8200,16664126,303356838.7200,3,2.224700,1,3.086400,0
2024-07-15,sh.603699,18.3700,18.5000,18.0800,18.4200,18.3700,7182356,131705201.3600,3,0.958800,1,0.272200,0
2024-07-16,sh.603699,18.2500,18.4100,17.8800,18.2300,18.4200,7567523,137201093.1500,3,1.010300,1,-1.031500,0
2024-07-17,sh.603699,18.1600,18.1900,17.6800,17.9500,18.2300,5246800,93831371.0000,3,0.700400,1,-1.535900,0
2024-07-18,sh.603699,17.8300,18.6800,17.6800,18.5700,17.9500,8994436,164531160.9200,3,1.200800,1,3.454000,0
2024-07-19,sh.603699,18.5300,19.2200,18.4000,18.5300,18.5700,7271960,136170821.0000,3,0.970800,1,-0.215400,0
2024-07-22,sh.603699,18.6000,18.9500,18.3400,18.7900,18.5300,7176000,134047738.5000,3,0.958000,1,1.403100,0
2024-07-23,sh.603699,18.7900,18.8400,17.9000,17.9300,18.7900,5242900,95443715.0000,3,0.699900,1,-4.576900,0
2024-07-24,sh.603699,17.8800,18.0500,17.3600,17.4400,17.9300,6451100,113563008.0000,3,0.861200,1,-2.732800,0
2024-07-25,sh.603699,17.3900,17.5500,16.8800,17.1000,17.4400,7653510,131356161.9000,3,1.021700,1,-1.949500,0
2024-07-26,sh.603699,17.1500,17.5100,16.8100,17.4700,17.1000,5337666,92092221.4500,3,0.712600,1,2.163700,0
2024-07-29,sh.603699,17.2700,17.5500,17.0400,17.1600,17.4700,3691205,63571811.1800,3,0.492800,1,-1.774500,0
2024-07-30,sh.603699,17.0800,17.3100,16.6000,16.9200,17.1600,4504582,75935352.3200,3,0.601400,1,-1.398600,0
2024-07-31,sh.603699,16.9200,17.9600,16.8500,17.8600,16.9200,6667300,117518696.0000,3,0.890100,1,5.555600,0
2024-08-01,sh.603699,17.8700,18.4800,17.8100,18.1500,17.8600,6226200,113129016.0700,3,0.831200,1,1.623700,0
2024-08-02,sh.603699,18.0400,18.2400,17.5700,17.6000,18.1500,4072691,72656030.5900,3,0.543700,1,-3.030300,0
2024-08-05,sh.603699,17.4600,17.8600,17.1600,17.2000,17.6000,4316520,75489772.2000,3,0.576300,1,-2.272700,0
2024-08-06,sh.603699,17.3500,17.5600,17.1700,17.4000,17.2000,3100291,53806587.9400,3,0.413900,1,1.162800,0
2024-08-07,sh.603699,17.2400,18.0500,17.2400,17.8800,17.4000,5618400,99840726.0000,3,0.750100,1,2.758600,0
2024-08-08,sh.603699,17.7700,17.9600,17.4300,17.6300,17.8800,3650200,64391364.0000,3,0.487300,1,-1.398200,0
2024-08-09,sh.603699,17.7000,18.1400,17.6300,17.6300,17.6300,3221690,57287612.9700,3,0.430100,1,0.000000,0
2024-08-12,sh.603699,17.5600,17.9400,17.4300,17.7000,17.6300,3932600,69730460.0000,3,0.525000,1,0.397100,0
2024-08-13,sh.603699,17.5700,17.7900,17.4200,17.7200,17.7000,1728756,30364931.6800,3,0.230800,1,0.113000,0
2024-08-14,sh.603699,17.8400,18.1000,17.4800,17.8000,17.7200,3158000,56214221.0000,3,0.421600,1,0.451500,0
2024-08-15,sh.603699,17.7000,17.8700,17.2200,17.4600,17.8000,3742500,65512313.0000,3,0.499600,1,-1.910100,0
2024-08-16,sh.603699,17.4800,17.8700,17.3000,17.6600,17.4600,3346100,59093999.0000,3,0.446700,1,1.145500,0
2024-08-19,sh.603699,17.6000,18.7000,17.4900,18.6400,17.6600,6960636,128382707.7200,3,0.929200,1,5.549300,0
2024-08-20,sh.603699,18.8900,18.9900,17.7100,18.3700,18.6400,6147153,111862410.0700,3,0.820600,1,-1.448500,0
2024-08-21,sh.603699,18.2200,18.4200,18.0300,18.3400,18.3700,3756890,68558054.4900,3,0.501500,1,-0.163300,0
2024-08-22,sh.603699,18.1700,18.4600,18.0300,18.3400,18.3400,3101487,56785587.4900,3,0.414000,1,0.000000,0
2024-08-23,sh.603699,18.3400,18.7000,18.1900,18.4400,18.3400,4143938,76480767.4200,3,0.553200,1,0.545300,0
2024-08-26,sh.603699,18.3800,18.6200,17.6900,18.2300,18.4400,5655009,103140419.9000,3,0.754900,1,-1.138800,0
2024-08-27,sh.603699,18.1000,18.7200,18.1000,18.5800,18.2300,4537500,83952327.0000,3,0.605800,1,1.919900,0
2024-08-28,sh.603699,18.5700,18.8700,18.4800,18.5000,18.5800,3158401,58833743.5500,3,0.421600,1,-0.430600,0
2024-08-29,sh.603699,18.5600,19.3700,18.4000,19.3100,18.5000,4998260,95492648.5600,3,0.667300,1,4.378400,0
2024-08-30,sh.603699,19.2900,19.8200,18.9400,19.4800,19.3100,5169803,100549018.3400,3,0.690200,1,0.880400,0
2024-09-02,sh.603699,19.2900,19.5400,18.9100,19.0300,19.4800,6278947,120191962.2700,3,0.838200,1,-2.310100,0
2024-09-03,sh.603699,18.8500,19.1800,18.6700,18.9700,19.0300,3853399,72956688.0800,3,0.514400,1,-0.315300,0
2024-09-04,sh.603699,18.7500,18.9900,18.5300,18.8800,18.9700,4162700,78248293.0000,3,0.555700,1,-0.474400,0
2024-09-05,sh.603699,18.9900,19.3800,18.7400,18.8700,18.8800,3611150,68798053.0000,3,0.482100,1,-0.053000,0
2024-09-06,sh.603699,18.8500,18.9700,18.5100,18.8400,18.8700,3130400,58674626.3400,3,0.417900,1,-0.159000,0
2024-09-09,sh.603699,18.7800,19.2000,18.6300,18.7600,18.8400,3678266,69646573.6600,3,0.491000,1,-0.424600,0
2024-09-10,sh.603699,18.7600,19.0200,18.4000,18.8100,18.7600,3430399,64158071.5800,3,0.458000,1,0.266500,0
2024-09-11,sh.603699,18.6800,19.1500,18.6300,19.0300,18.8100,2954724,55842355.8800,3,0.394500,1,1.169600,0
2024-09-12,sh.603699,19.1000,19.4400,19.0400,19.0400,19.0300,3582700,68805499.1700,3,0.478300,1,0.052500,0
2024-09-13,sh.603699,18.9800,19.3200,18.6000,18.6800,19.0400,3095800,58198370.0000,3,0.413300,1,-1.890800,0
2024-09-18,sh.603699,18.6000,18.8100,18.2500,18.5900,18.6800,3946500,73062697.0000,3,0.526900,1,-0.481800,0
2024-09-19,sh.603699,18.6600,18.6900,18.0100,18.1700,18.5900,5836902,106224151.7800,3,0.779200,1,-2.259300,0
2024-09-20,sh.603699,18.1800,18.3800,17.7700,18.1000,18.1700,4887724,88156392.0300,3,0.652500,1,-0.385300,0
2024-09-23,sh.603699,18.0900,18.3000,17.9600,18.2000,18.1000,3044724,55262895.7200,3,0.406500,1,0.552500,0
2024-09-24,sh.603699,18.2000,18.8400,17.6800,18.8000,18.2000,5724700,105276173.4800,3,0.764200,1,3.296700,0
2024-09-25,sh.603699,18.8500,19.4100,18.6000,18.8000,18.8000,5033132,95743974.7100,3,0.671900,1,0.000000,0
2024-09-26,sh.603699,18.7900,18.8700,18.4100,18.7100,18.8000,5334735,99340332.9500,3,0.712200,1,-0.478700,0
2024-09-27,sh.603699,18.8400,19.7300,18.7800,19.5400,18.7100,3754329,72699644.8100,3,0.501200,1,4.436100,0
2024-09-30,sh.603699,20.4500,21.4900,20.3900,21.4900,19.5400,10338004,220330829.7600,3,1.380100,1,9.979500,0
2024-10-08,sh.603699,23.5900,23.6400,21.7000,22.3900,21.4900,11707158,265658316.9900,3,1.562900,1,4.188000,0
2024-10-09,sh.603699,21.0000,22.8900,20.8500,21.9900,22.3900,15039758,333922371.7100,3,2.007800,1,-1.786500,0
2024-10-10,sh.603699,21.9500,22.5800,21.1000,21.7600,21.9900,11034969,243647198.0500,3,1.473200,1,-1.045900,0
2024-10-11,sh.603699,21.5600,21.9800,20.7100,20.9500,21.7600,5359162,113552895.0600,3,0.715400,1,-3.722400,0
2024-10-14,sh.603699,21.0000,22.0400,20.7100,21.6900,20.9500,6412663,137355437.9800,3,0.856100,1,3.532200,0
2024-10-15,sh.603699,21.3800,22.2600,21.2500,21.6100,21.6900,5444627,118503010.4600,3,0.726900,1,-0.368800,0
2024-10-16,sh.603699,21.4000,21.9300,21.2000,21.5600,21.6100,3271190,70603639.6100,3,0.436700,1,-0.231400,0
2024-10-17,sh.603699,21.7600,21.8700,21.3100,21.5600,21.5600,4657357,100602270.9200,3,0.621800,1,0.000000,0
2024-10-18,sh.603699,21.4400,22.5700,21.4300,22.1800,21.5600,6867783,152299917.4500,3,0.916900,1,2.875700,0
2024-10-21,sh.603699,22.2000,22.5100,21.7100,21.8300,22.1800,6172718,136565840.6800,3,0.824100,1,-1.578000,0
2024-10-22,sh.603699,21.9300,23.1500,21.6300,22.7000,21.8300,6232428,140606568.2600,3,0.832000,1,3.985300,0
2024-10-23,sh.603699,22.3400,23.0000,22.0100,22.5000,22.3200,4089355,92100725.9900,3,0.545900,1,0.806500,0
2024-10-24,sh.603699,22.5900,23.5800,22.3800,23.1600,22.5000,5868353,135396086.4000,3,0.783400,1,2.933300,0
2024-10-25,sh.603699,23.0000,23.2900,22.4200,23.2300,23.1600,5179164,118922322.1600,3,0.691400,1,0.302200,0
2024-10-28,sh.603699,23.0800,25.0500,22.8500,24.7500,23.2300,9000151,218795768.0500,3,1.201500,1,6.543300,0
2024-10-29,sh.603699,24.6500,25.0000,23.2800,23.4200,24.7500,11199293,268016196.0100,3,1.495100,1,-5.373700,0
2024-10-30,sh.603699,23.5600,23.9400,22.8800,23.0200,23.4200,5224069,121501911.9800,3,0.697400,1,-1.707900,0
2024-10-31,sh.603699,23.1600,23.2100,21.9300,22.1500,23.0200,8427346,188388404.7800,3,1.125100,1,-3.779300,0
2024-11-01,sh.603699,22.0400,23.2300,21.7700,22.5800,22.1500,8293604,187849898.4200,3,1.107200,1,1.941300,0
2024-11-04,sh.603699,22.5200,24.1700,22.3800,23.8400,22.5800,8239317,195329540.5500,3,1.100000,1,5.580200,0
2024-11-05,sh.603699,24.0300,24.0300,23.3600,23.7900,23.8400,5962948,141139651.5200,3,0.796100,1,-0.209700,0
2024-11-06,sh.603699,23.7000,24.8500,23.6100,23.8800,23.7900,5410143,131008691.6900,3,0.722300,1,0.378300,0
2024-11-07,sh.603699,23.6900,24.6800,23.5000,24.6000,23.8800,5310929,128096594.8800,3,0.709000,1,3.015100,0
2024-11-08,sh.603699,24.6100,26.2000,24.1500,24.5300,24.6000,14876606,376497090.1200,3,1.986000,1,-0.284600,0
2024-11-11,sh.603699,24.2800,24.4800,23.5000,23.7700,24.5300,9922991,236209484.7400,3,1.324700,1,-3.098200,0
2024-11-12,sh.603699,23.7100,24.2700,23.5300,23.8500,23.7700,6085047,145334476.2300,3,0.812400,1,0.336600,0
2024-11-13,sh.603699,23.8900,24.1500,23.3500,23.7000,23.8500,3613481,85410884.8500,3,0.482400,1,-0.628900,0
2024-11-14,sh.603699,23.6900,24.1100,23.5200,23.6100,23.7000,3668509,87451967.2900,3,0.489700,1,-0.379700,0
2024-11-15,sh.603699,23.5700,24.0000,23.2100,23.4500,23.6100,4302437,101471366.7500,3,0.574400,1,-0.677700,0
