2026-02-01 13:49:53 | INFO     | src.utils.logging_config:setup_logging:59 - Logging system initialized: level=INFO, console=True, file=True
2026-02-01 13:49:53 | INFO     | __main__:test_basic_logging:32 - This is an INFO message
2026-02-01 13:49:53 | WARNING  | __main__:test_basic_logging:33 - This is a WARNING message
2026-02-01 13:49:53 | ERROR    | __main__:test_basic_logging:34 - This is an ERROR message
2026-02-01 13:49:53 | INFO     | src.utils.logging_config:log_performance:91 - PERF: backtest_execution completed in 12.345s
2026-02-01 13:49:53 | INFO     | src.utils.logging_config:log_trade:108 - TRADE: BUY 1000 sh.600000 @ 15.23
2026-02-01 13:49:53 | INFO     | src.utils.logging_config:log_trade:108 - TRADE: SELL 500 sh.510880 @ 3.45
2026-02-01 13:49:53 | ERROR    | src.utils.logging_config:log_error_with_context:124 - Error occurred: division by zero
2026-02-01 13:49:53 | INFO     | __main__:test_logger_binding:91 - Strategy initialized with parameters
2026-02-01 13:49:53 | INFO     | __main__:test_logger_binding:92 - Broker ready, initial cash: $1,000,000
2026-02-01 13:49:53 | INFO     | __main__:test_logger_binding:93 - Engine starting backtest run
2026-02-01 13:49:53 | INFO     | __main__:test_performance_logging:131 - Performance test message 0
2026-02-01 13:49:53 | INFO     | __main__:test_performance_logging:131 - Performance test message 1
2026-02-01 13:49:53 | INFO     | __main__:test_performance_logging:131 - Performance test message 2
2026-02-01 13:49:53 | INFO     | __main__:test_performance_logging:131 - Performance test message 3
2026-02-01 13:49:53 | INFO     | __main__:test_performance_logging:131 - Performance test message 4
2026-02-01 13:49:53 | INFO     | __main__:test_performance_logging:131 - Performance test message 5
2026-02-01 13:49:53 | INFO     | __main__:test_performance_logging:131 - Performance test message 6
2026-02-01 13:49:53 | INFO     | __main__:test_performance_logging:131 - Performance test message 7
2026-02-01 13:49:53 | INFO     | __main__:test_performance_logging:131 - Performance test message 8
2026-02-01 13:49:53 | INFO     | __main__:test_performance_logging:131 - Performance test message 9
2026-02-01 13:49:53 | INFO     | __main__:test_performance_logging:131 - Performance test message 10
2026-02-01 13:49:53 | INFO     | __main__:test_performance_logging:131 - Performance test message 11
2026-02-01 13:49:53 | INFO     | __main__:test_performance_logging:131 - Performance test message 12
2026-02-01 13:49:53 | INFO     | __main__:test_performance_logging:131 - Performance test message 13
2026-02-01 13:49:53 | INFO     | __main__:test_performance_logging:131 - Performance test message 14
2026-02-01 13:49:53 | INFO     | __main__:test_performance_logging:131 - Performance test message 15
2026-02-01 13:49:53 | INFO     | __main__:test_performance_logging:131 - Performance test message 16
2026-02-01 13:49:53 | INFO     | __main__:test_performance_logging:131 - Performance test message 17
2026-02-01 13:49:53 | INFO     | __main__:test_performance_logging:131 - Performance test message 18
2026-02-01 13:49:53 | INFO     | __main__:test_performance_logging:131 - Performance test message 19
2026-02-01 13:49:53 | INFO     | __main__:test_performance_logging:131 - Performance test message 20
2026-02-01 13:49:53 | INFO     | __main__:test_performance_logging:131 - Performance test message 21
2026-02-01 13:49:53 | INFO     | __main__:test_performance_logging:131 - Performance test message 22
2026-02-01 13:49:53 | INFO     | __main__:test_performance_logging:131 - Performance test message 23
2026-02-01 13:49:53 | INFO     | __main__:test_performance_logging:131 - Performance test message 24
2026-02-01 13:49:53 | INFO     | __main__:test_performance_logging:131 - Performance test message 25
2026-02-01 13:49:53 | INFO     | __main__:test_performance_logging:131 - Performance test message 26
2026-02-01 13:49:53 | INFO     | __main__:test_performance_logging:131 - Performance test message 27
2026-02-01 13:49:53 | INFO     | __main__:test_performance_logging:131 - Performance test message 28
2026-02-01 13:49:53 | INFO     | __main__:test_performance_logging:131 - Performance test message 29
2026-02-01 13:49:53 | INFO     | __main__:test_performance_logging:131 - Performance test message 30
2026-02-01 13:49:53 | INFO     | __main__:test_performance_logging:131 - Performance test message 31
2026-02-01 13:49:53 | INFO     | __main__:test_performance_logging:131 - Performance test message 32
2026-02-01 13:49:53 | INFO     | __main__:test_performance_logging:131 - Performance test message 33
2026-02-01 13:49:53 | INFO     | __main__:test_performance_logging:131 - Performance test message 34
2026-02-01 13:49:53 | INFO     | __main__:test_performance_logging:131 - Performance test message 35
2026-02-01 13:49:53 | INFO     | __main__:test_performance_logging:131 - Performance test message 36
2026-02-01 13:49:53 | INFO     | __main__:test_performance_logging:131 - Performance test message 37
2026-02-01 13:49:53 | INFO     | __main__:test_performance_logging:131 - Performance test message 38
2026-02-01 13:49:53 | INFO     | __main__:test_performance_logging:131 - Performance test message 39
2026-02-01 13:49:53 | INFO     | __main__:test_performance_logging:131 - Performance test message 40
2026-02-01 13:49:53 | INFO     | __main__:test_performance_logging:131 - Performance test message 41
2026-02-01 13:49:53 | INFO     | __main__:test_performance_logging:131 - Performance test message 42
2026-02-01 13:49:53 | INFO     | __main__:test_performance_logging:131 - Performance test message 43
2026-02-01 13:49:53 | INFO     | __main__:test_performance_logging:131 - Performance test message 44
2026-02-01 13:49:53 | INFO     | __main__:test_performance_logging:131 - Performance test message 45
2026-02-01 13:49:53 | INFO     | __main__:test_performance_logging:131 - Performance test message 46
2026-02-01 13:49:53 | INFO     | __main__:test_performance_logging:131 - Performance test message 47
2026-02-01 13:49:53 | INFO     | __main__:test_performance_logging:131 - Performance test message 48
2026-02-01 13:49:53 | INFO     | __main__:test_performance_logging:131 - Performance test message 49
2026-02-01 13:49:53 | INFO     | __main__:test_performance_logging:131 - Performance test message 50
2026-02-01 13:49:53 | INFO     | __main__:test_performance_logging:131 - Performance test message 51
2026-02-01 13:49:53 | INFO     | __main__:test_performance_logging:131 - Performance test message 52
2026-02-01 13:49:53 | INFO     | __main__:test_performance_logging:131 - Performance test message 53
2026-02-01 13:49:53 | INFO     | __main__:test_performance_logging:131 - Performance test message 54
2026-02-01 13:49:53 | INFO     | __main__:test_performance_logging:131 - Performance test message 55
2026-02-01 13:49:53 | INFO     | __main__:test_performance_logging:131 - Performance test message 56
2026-02-01 13:49:53 | INFO     | __main__:test_performance_logging:131 - Performance test message 57
2026-02-01 13:49:53 | INFO     | __main__:test_performance_logging:131 - Performance test message 58
2026-02-01 13:49:53 | INFO     | __main__:test_performance_logging:131 - Performance test message 59
2026-02-01 13:49:53 | INFO     | __main__:test_performance_logging:131 - Performance test message 60
2026-02-01 13:49:53 | INFO     | __main__:test_performance_logging:131 - Performance test message 61
2026-02-01 13:49:53 | INFO     | __main__:test_performance_logging:131 - Performance test message 62
2026-02-01 13:49:53 | INFO     | __main__:test_performance_logging:131 - Performance test message 63
2026-02-01 13:49:53 | INFO     | __main__:test_performance_logging:131 - Performance test message 64
2026-02-01 13:49:53 | INFO     | __main__:test_performance_logging:131 - Performance test message 65
2026-02-01 13:49:53 | INFO     | __main__:test_performance_logging:131 - Performance test message 66
2026-02-01 13:49:53 | INFO     | __main__:test_performance_logging:131 - Performance test message 67
2026-02-01 13:49:53 | INFO     | __main__:test_performance_logging:131 - Performance test message 68
2026-02-01 13:49:53 | INFO     | __main__:test_performance_logging:131 - Performance test message 69
2026-02-01 13:49:53 | INFO     | __main__:test_performance_logging:131 - Performance test message 70
2026-02-01 13:49:53 | INFO     | __main__:test_performance_logging:131 - Performance test message 71
2026-02-01 13:49:53 | INFO     | __main__:test_performance_logging:131 - Performance test message 72
2026-02-01 13:49:53 | INFO     | __main__:test_performance_logging:131 - Performance test message 73
2026-02-01 13:49:53 | INFO     | __main__:test_performance_logging:131 - Performance test message 74
2026-02-01 13:49:53 | INFO     | __main__:test_performance_logging:131 - Performance test message 75
2026-02-01 13:49:53 | INFO     | __main__:test_performance_logging:131 - Performance test message 76
2026-02-01 13:49:53 | INFO     | __main__:test_performance_logging:131 - Performance test message 77
2026-02-01 13:49:53 | INFO     | __main__:test_performance_logging:131 - Performance test message 78
2026-02-01 13:49:53 | INFO     | __main__:test_performance_logging:131 - Performance test message 79
2026-02-01 13:49:53 | INFO     | __main__:test_performance_logging:131 - Performance test message 80
2026-02-01 13:49:53 | INFO     | __main__:test_performance_logging:131 - Performance test message 81
2026-02-01 13:49:53 | INFO     | __main__:test_performance_logging:131 - Performance test message 82
2026-02-01 13:49:53 | INFO     | __main__:test_performance_logging:131 - Performance test message 83
2026-02-01 13:49:53 | INFO     | __main__:test_performance_logging:131 - Performance test message 84
2026-02-01 13:49:53 | INFO     | __main__:test_performance_logging:131 - Performance test message 85
2026-02-01 13:49:53 | INFO     | __main__:test_performance_logging:131 - Performance test message 86
2026-02-01 13:49:53 | INFO     | __main__:test_performance_logging:131 - Performance test message 87
2026-02-01 13:49:53 | INFO     | __main__:test_performance_logging:131 - Performance test message 88
2026-02-01 13:49:53 | INFO     | __main__:test_performance_logging:131 - Performance test message 89
2026-02-01 13:49:53 | INFO     | __main__:test_performance_logging:131 - Performance test message 90
2026-02-01 13:49:53 | INFO     | __main__:test_performance_logging:131 - Performance test message 91
2026-02-01 13:49:53 | INFO     | __main__:test_performance_logging:131 - Performance test message 92
2026-02-01 13:49:53 | INFO     | __main__:test_performance_logging:131 - Performance test message 93
2026-02-01 13:49:53 | INFO     | __main__:test_performance_logging:131 - Performance test message 94
2026-02-01 13:49:53 | INFO     | __main__:test_performance_logging:131 - Performance test message 95
2026-02-01 13:49:53 | INFO     | __main__:test_performance_logging:131 - Performance test message 96
2026-02-01 13:49:53 | INFO     | __main__:test_performance_logging:131 - Performance test message 97
2026-02-01 13:49:53 | INFO     | __main__:test_performance_logging:131 - Performance test message 98
2026-02-01 13:49:53 | INFO     | __main__:test_performance_logging:131 - Performance test message 99
2026-02-01 13:49:53 | INFO     | __main__:test_performance_logging:131 - Performance test message 100
2026-02-01 13:49:53 | INFO     | __main__:test_performance_logging:131 - Performance test message 101
2026-02-01 13:49:53 | INFO     | __main__:test_performance_logging:131 - Performance test message 102
2026-02-01 13:49:53 | INFO     | __main__:test_performance_logging:131 - Performance test message 103
2026-02-01 13:49:53 | INFO     | __main__:test_performance_logging:131 - Performance test message 104
2026-02-01 13:49:53 | INFO     | __main__:test_performance_logging:131 - Performance test message 105
2026-02-01 13:49:53 | INFO     | __main__:test_performance_logging:131 - Performance test message 106
2026-02-01 13:49:53 | INFO     | __main__:test_performance_logging:131 - Performance test message 107
2026-02-01 13:49:53 | INFO     | __main__:test_performance_logging:131 - Performance test message 108
2026-02-01 13:49:53 | INFO     | __main__:test_performance_logging:131 - Performance test message 109
2026-02-01 13:49:53 | INFO     | __main__:test_performance_logging:131 - Performance test message 110
2026-02-01 13:49:53 | INFO     | __main__:test_performance_logging:131 - Performance test message 111
2026-02-01 13:49:53 | INFO     | __main__:test_performance_logging:131 - Performance test message 112
2026-02-01 13:49:53 | INFO     | __main__:test_performance_logging:131 - Performance test message 113
2026-02-01 13:49:53 | INFO     | __main__:test_performance_logging:131 - Performance test message 114
2026-02-01 13:49:53 | INFO     | __main__:test_performance_logging:131 - Performance test message 115
2026-02-01 13:49:53 | INFO     | __main__:test_performance_logging:131 - Performance test message 116
2026-02-01 13:49:53 | INFO     | __main__:test_performance_logging:131 - Performance test message 117
2026-02-01 13:49:53 | INFO     | __main__:test_performance_logging:131 - Performance test message 118
2026-02-01 13:49:53 | INFO     | __main__:test_performance_logging:131 - Performance test message 119
2026-02-01 13:49:53 | INFO     | __main__:test_performance_logging:131 - Performance test message 120
2026-02-01 13:49:53 | INFO     | __main__:test_performance_logging:131 - Performance test message 121
2026-02-01 13:49:53 | INFO     | __main__:test_performance_logging:131 - Performance test message 122
2026-02-01 13:49:53 | INFO     | __main__:test_performance_logging:131 - Performance test message 123
2026-02-01 13:49:53 | INFO     | __main__:test_performance_logging:131 - Performance test message 124
2026-02-01 13:49:53 | INFO     | __main__:test_performance_logging:131 - Performance test message 125
2026-02-01 13:49:53 | INFO     | __main__:test_performance_logging:131 - Performance test message 126
2026-02-01 13:49:53 | INFO     | __main__:test_performance_logging:131 - Performance test message 127
2026-02-01 13:49:53 | INFO     | __main__:test_performance_logging:131 - Performance test message 128
2026-02-01 13:49:53 | INFO     | __main__:test_performance_logging:131 - Performance test message 129
2026-02-01 13:49:53 | INFO     | __main__:test_performance_logging:131 - Performance test message 130
2026-02-01 13:49:53 | INFO     | __main__:test_performance_logging:131 - Performance test message 131
2026-02-01 13:49:53 | INFO     | __main__:test_performance_logging:131 - Performance test message 132
2026-02-01 13:49:53 | INFO     | __main__:test_performance_logging:131 - Performance test message 133
2026-02-01 13:49:53 | INFO     | __main__:test_performance_logging:131 - Performance test message 134
2026-02-01 13:49:53 | INFO     | __main__:test_performance_logging:131 - Performance test message 135
2026-02-01 13:49:53 | INFO     | __main__:test_performance_logging:131 - Performance test message 136
2026-02-01 13:49:53 | INFO     | __main__:test_performance_logging:131 - Performance test message 137
2026-02-01 13:49:53 | INFO     | __main__:test_performance_logging:131 - Performance test message 138
2026-02-01 13:49:53 | INFO     | __main__:test_performance_logging:131 - Performance test message 139
2026-02-01 13:49:53 | INFO     | __main__:test_performance_logging:131 - Performance test message 140
2026-02-01 13:49:53 | INFO     | __main__:test_performance_logging:131 - Performance test message 141
2026-02-01 13:49:53 | INFO     | __main__:test_performance_logging:131 - Performance test message 142
2026-02-01 13:49:53 | INFO     | __main__:test_performance_logging:131 - Performance test message 143
2026-02-01 13:49:53 | INFO     | __main__:test_performance_logging:131 - Performance test message 144
2026-02-01 13:49:53 | INFO     | __main__:test_performance_logging:131 - Performance test message 145
2026-02-01 13:49:53 | INFO     | __main__:test_performance_logging:131 - Performance test message 146
2026-02-01 13:49:53 | INFO     | __main__:test_performance_logging:131 - Performance test message 147
2026-02-01 13:49:53 | INFO     | __main__:test_performance_logging:131 - Performance test message 148
2026-02-01 13:49:53 | INFO     | __main__:test_performance_logging:131 - Performance test message 149
2026-02-01 13:49:53 | INFO     | __main__:test_performance_logging:131 - Performance test message 150
2026-02-01 13:49:53 | INFO     | __main__:test_performance_logging:131 - Performance test message 151
2026-02-01 13:49:53 | INFO     | __main__:test_performance_logging:131 - Performance test message 152
2026-02-01 13:49:53 | INFO     | __main__:test_performance_logging:131 - Performance test message 153
2026-02-01 13:49:53 | INFO     | __main__:test_performance_logging:131 - Performance test message 154
2026-02-01 13:49:53 | INFO     | __main__:test_performance_logging:131 - Performance test message 155
2026-02-01 13:49:53 | INFO     | __main__:test_performance_logging:131 - Performance test message 156
2026-02-01 13:49:53 | INFO     | __main__:test_performance_logging:131 - Performance test message 157
2026-02-01 13:49:53 | INFO     | __main__:test_performance_logging:131 - Performance test message 158
2026-02-01 13:49:53 | INFO     | __main__:test_performance_logging:131 - Performance test message 159
2026-02-01 13:49:53 | INFO     | __main__:test_performance_logging:131 - Performance test message 160
2026-02-01 13:49:53 | INFO     | __main__:test_performance_logging:131 - Performance test message 161
2026-02-01 13:49:53 | INFO     | __main__:test_performance_logging:131 - Performance test message 162
2026-02-01 13:49:53 | INFO     | __main__:test_performance_logging:131 - Performance test message 163
2026-02-01 13:49:53 | INFO     | __main__:test_performance_logging:131 - Performance test message 164
2026-02-01 13:49:53 | INFO     | __main__:test_performance_logging:131 - Performance test message 165
2026-02-01 13:49:53 | INFO     | __main__:test_performance_logging:131 - Performance test message 166
2026-02-01 13:49:53 | INFO     | __main__:test_performance_logging:131 - Performance test message 167
2026-02-01 13:49:53 | INFO     | __main__:test_performance_logging:131 - Performance test message 168
2026-02-01 13:49:53 | INFO     | __main__:test_performance_logging:131 - Performance test message 169
2026-02-01 13:49:53 | INFO     | __main__:test_performance_logging:131 - Performance test message 170
2026-02-01 13:49:53 | INFO     | __main__:test_performance_logging:131 - Performance test message 171
2026-02-01 13:49:53 | INFO     | __main__:test_performance_logging:131 - Performance test message 172
2026-02-01 13:49:53 | INFO     | __main__:test_performance_logging:131 - Performance test message 173
2026-02-01 13:49:53 | INFO     | __main__:test_performance_logging:131 - Performance test message 174
2026-02-01 13:49:53 | INFO     | __main__:test_performance_logging:131 - Performance test message 175
2026-02-01 13:49:53 | INFO     | __main__:test_performance_logging:131 - Performance test message 176
2026-02-01 13:49:53 | INFO     | __main__:test_performance_logging:131 - Performance test message 177
2026-02-01 13:49:53 | INFO     | __main__:test_performance_logging:131 - Performance test message 178
2026-02-01 13:49:53 | INFO     | __main__:test_performance_logging:131 - Performance test message 179
2026-02-01 13:49:53 | INFO     | __main__:test_performance_logging:131 - Performance test message 180
2026-02-01 13:49:53 | INFO     | __main__:test_performance_logging:131 - Performance test message 181
2026-02-01 13:49:53 | INFO     | __main__:test_performance_logging:131 - Performance test message 182
2026-02-01 13:49:53 | INFO     | __main__:test_performance_logging:131 - Performance test message 183
2026-02-01 13:49:53 | INFO     | __main__:test_performance_logging:131 - Performance test message 184
2026-02-01 13:49:53 | INFO     | __main__:test_performance_logging:131 - Performance test message 185
2026-02-01 13:49:53 | INFO     | __main__:test_performance_logging:131 - Performance test message 186
2026-02-01 13:49:53 | INFO     | __main__:test_performance_logging:131 - Performance test message 187
2026-02-01 13:49:53 | INFO     | __main__:test_performance_logging:131 - Performance test message 188
2026-02-01 13:49:53 | INFO     | __main__:test_performance_logging:131 - Performance test message 189
2026-02-01 13:49:53 | INFO     | __main__:test_performance_logging:131 - Performance test message 190
2026-02-01 13:49:53 | INFO     | __main__:test_performance_logging:131 - Performance test message 191
2026-02-01 13:49:53 | INFO     | __main__:test_performance_logging:131 - Performance test message 192
2026-02-01 13:49:53 | INFO     | __main__:test_performance_logging:131 - Performance test message 193
2026-02-01 13:49:53 | INFO     | __main__:test_performance_logging:131 - Performance test message 194
2026-02-01 13:49:53 | INFO     | __main__:test_performance_logging:131 - Performance test message 195
2026-02-01 13:49:53 | INFO     | __main__:test_performance_logging:131 - Performance test message 196
2026-02-01 13:49:53 | INFO     | __main__:test_performance_logging:131 - Performance test message 197
2026-02-01 13:49:53 | INFO     | __main__:test_performance_logging:131 - Performance test message 198
2026-02-01 13:49:53 | INFO     | __main__:test_performance_logging:131 - Performance test message 199
2026-02-01 13:49:53 | INFO     | __main__:test_performance_logging:131 - Performance test message 200
2026-02-01 13:49:53 | INFO     | __main__:test_performance_logging:131 - Performance test message 201
2026-02-01 13:49:53 | INFO     | __main__:test_performance_logging:131 - Performance test message 202
2026-02-01 13:49:53 | INFO     | __main__:test_performance_logging:131 - Performance test message 203
2026-02-01 13:49:53 | INFO     | __main__:test_performance_logging:131 - Performance test message 204
2026-02-01 13:49:53 | INFO     | __main__:test_performance_logging:131 - Performance test message 205
2026-02-01 13:49:53 | INFO     | __main__:test_performance_logging:131 - Performance test message 206
2026-02-01 13:49:53 | INFO     | __main__:test_performance_logging:131 - Performance test message 207
2026-02-01 13:49:53 | INFO     | __main__:test_performance_logging:131 - Performance test message 208
2026-02-01 13:49:53 | INFO     | __main__:test_performance_logging:131 - Performance test message 209
2026-02-01 13:49:53 | INFO     | __main__:test_performance_logging:131 - Performance test message 210
2026-02-01 13:49:53 | INFO     | __main__:test_performance_logging:131 - Performance test message 211
2026-02-01 13:49:53 | INFO     | __main__:test_performance_logging:131 - Performance test message 212
2026-02-01 13:49:53 | INFO     | __main__:test_performance_logging:131 - Performance test message 213
2026-02-01 13:49:53 | INFO     | __main__:test_performance_logging:131 - Performance test message 214
2026-02-01 13:49:53 | INFO     | __main__:test_performance_logging:131 - Performance test message 215
2026-02-01 13:49:53 | INFO     | __main__:test_performance_logging:131 - Performance test message 216
2026-02-01 13:49:53 | INFO     | __main__:test_performance_logging:131 - Performance test message 217
2026-02-01 13:49:53 | INFO     | __main__:test_performance_logging:131 - Performance test message 218
2026-02-01 13:49:53 | INFO     | __main__:test_performance_logging:131 - Performance test message 219
2026-02-01 13:49:53 | INFO     | __main__:test_performance_logging:131 - Performance test message 220
2026-02-01 13:49:53 | INFO     | __main__:test_performance_logging:131 - Performance test message 221
2026-02-01 13:49:53 | INFO     | __main__:test_performance_logging:131 - Performance test message 222
2026-02-01 13:49:53 | INFO     | __main__:test_performance_logging:131 - Performance test message 223
2026-02-01 13:49:53 | INFO     | __main__:test_performance_logging:131 - Performance test message 224
2026-02-01 13:49:53 | INFO     | __main__:test_performance_logging:131 - Performance test message 225
2026-02-01 13:49:53 | INFO     | __main__:test_performance_logging:131 - Performance test message 226
2026-02-01 13:49:53 | INFO     | __main__:test_performance_logging:131 - Performance test message 227
2026-02-01 13:49:53 | INFO     | __main__:test_performance_logging:131 - Performance test message 228
2026-02-01 13:49:53 | INFO     | __main__:test_performance_logging:131 - Performance test message 229
2026-02-01 13:49:53 | INFO     | __main__:test_performance_logging:131 - Performance test message 230
2026-02-01 13:49:53 | INFO     | __main__:test_performance_logging:131 - Performance test message 231
2026-02-01 13:49:53 | INFO     | __main__:test_performance_logging:131 - Performance test message 232
2026-02-01 13:49:53 | INFO     | __main__:test_performance_logging:131 - Performance test message 233
2026-02-01 13:49:53 | INFO     | __main__:test_performance_logging:131 - Performance test message 234
2026-02-01 13:49:53 | INFO     | __main__:test_performance_logging:131 - Performance test message 235
2026-02-01 13:49:53 | INFO     | __main__:test_performance_logging:131 - Performance test message 236
2026-02-01 13:49:53 | INFO     | __main__:test_performance_logging:131 - Performance test message 237
2026-02-01 13:49:53 | INFO     | __main__:test_performance_logging:131 - Performance test message 238
2026-02-01 13:49:53 | INFO     | __main__:test_performance_logging:131 - Performance test message 239
2026-02-01 13:49:53 | INFO     | __main__:test_performance_logging:131 - Performance test message 240
2026-02-01 13:49:53 | INFO     | __main__:test_performance_logging:131 - Performance test message 241
2026-02-01 13:49:53 | INFO     | __main__:test_performance_logging:131 - Performance test message 242
2026-02-01 13:49:53 | INFO     | __main__:test_performance_logging:131 - Performance test message 243
2026-02-01 13:49:53 | INFO     | __main__:test_performance_logging:131 - Performance test message 244
2026-02-01 13:49:53 | INFO     | __main__:test_performance_logging:131 - Performance test message 245
2026-02-01 13:49:53 | INFO     | __main__:test_performance_logging:131 - Performance test message 246
2026-02-01 13:49:53 | INFO     | __main__:test_performance_logging:131 - Performance test message 247
2026-02-01 13:49:53 | INFO     | __main__:test_performance_logging:131 - Performance test message 248
2026-02-01 13:49:53 | INFO     | __main__:test_performance_logging:131 - Performance test message 249
2026-02-01 13:49:53 | INFO     | __main__:test_performance_logging:131 - Performance test message 250
2026-02-01 13:49:53 | INFO     | __main__:test_performance_logging:131 - Performance test message 251
2026-02-01 13:49:53 | INFO     | __main__:test_performance_logging:131 - Performance test message 252
2026-02-01 13:49:53 | INFO     | __main__:test_performance_logging:131 - Performance test message 253
2026-02-01 13:49:53 | INFO     | __main__:test_performance_logging:131 - Performance test message 254
2026-02-01 13:49:53 | INFO     | __main__:test_performance_logging:131 - Performance test message 255
2026-02-01 13:49:53 | INFO     | __main__:test_performance_logging:131 - Performance test message 256
2026-02-01 13:49:53 | INFO     | __main__:test_performance_logging:131 - Performance test message 257
2026-02-01 13:49:53 | INFO     | __main__:test_performance_logging:131 - Performance test message 258
2026-02-01 13:49:53 | INFO     | __main__:test_performance_logging:131 - Performance test message 259
2026-02-01 13:49:53 | INFO     | __main__:test_performance_logging:131 - Performance test message 260
2026-02-01 13:49:53 | INFO     | __main__:test_performance_logging:131 - Performance test message 261
2026-02-01 13:49:53 | INFO     | __main__:test_performance_logging:131 - Performance test message 262
2026-02-01 13:49:53 | INFO     | __main__:test_performance_logging:131 - Performance test message 263
2026-02-01 13:49:53 | INFO     | __main__:test_performance_logging:131 - Performance test message 264
2026-02-01 13:49:53 | INFO     | __main__:test_performance_logging:131 - Performance test message 265
2026-02-01 13:49:53 | INFO     | __main__:test_performance_logging:131 - Performance test message 266
2026-02-01 13:49:53 | INFO     | __main__:test_performance_logging:131 - Performance test message 267
2026-02-01 13:49:53 | INFO     | __main__:test_performance_logging:131 - Performance test message 268
2026-02-01 13:49:53 | INFO     | __main__:test_performance_logging:131 - Performance test message 269
2026-02-01 13:49:53 | INFO     | __main__:test_performance_logging:131 - Performance test message 270
2026-02-01 13:49:53 | INFO     | __main__:test_performance_logging:131 - Performance test message 271
2026-02-01 13:49:53 | INFO     | __main__:test_performance_logging:131 - Performance test message 272
2026-02-01 13:49:53 | INFO     | __main__:test_performance_logging:131 - Performance test message 273
2026-02-01 13:49:53 | INFO     | __main__:test_performance_logging:131 - Performance test message 274
2026-02-01 13:49:53 | INFO     | __main__:test_performance_logging:131 - Performance test message 275
2026-02-01 13:49:53 | INFO     | __main__:test_performance_logging:131 - Performance test message 276
2026-02-01 13:49:53 | INFO     | __main__:test_performance_logging:131 - Performance test message 277
2026-02-01 13:49:53 | INFO     | __main__:test_performance_logging:131 - Performance test message 278
2026-02-01 13:49:53 | INFO     | __main__:test_performance_logging:131 - Performance test message 279
2026-02-01 13:49:53 | INFO     | __main__:test_performance_logging:131 - Performance test message 280
2026-02-01 13:49:53 | INFO     | __main__:test_performance_logging:131 - Performance test message 281
2026-02-01 13:49:53 | INFO     | __main__:test_performance_logging:131 - Performance test message 282
2026-02-01 13:49:53 | INFO     | __main__:test_performance_logging:131 - Performance test message 283
2026-02-01 13:49:53 | INFO     | __main__:test_performance_logging:131 - Performance test message 284
2026-02-01 13:49:53 | INFO     | __main__:test_performance_logging:131 - Performance test message 285
2026-02-01 13:49:53 | INFO     | __main__:test_performance_logging:131 - Performance test message 286
2026-02-01 13:49:53 | INFO     | __main__:test_performance_logging:131 - Performance test message 287
2026-02-01 13:49:53 | INFO     | __main__:test_performance_logging:131 - Performance test message 288
2026-02-01 13:49:53 | INFO     | __main__:test_performance_logging:131 - Performance test message 289
2026-02-01 13:49:53 | INFO     | __main__:test_performance_logging:131 - Performance test message 290
2026-02-01 13:49:53 | INFO     | __main__:test_performance_logging:131 - Performance test message 291
2026-02-01 13:49:53 | INFO     | __main__:test_performance_logging:131 - Performance test message 292
2026-02-01 13:49:53 | INFO     | __main__:test_performance_logging:131 - Performance test message 293
2026-02-01 13:49:53 | INFO     | __main__:test_performance_logging:131 - Performance test message 294
2026-02-01 13:49:53 | INFO     | __main__:test_performance_logging:131 - Performance test message 295
2026-02-01 13:49:53 | INFO     | __main__:test_performance_logging:131 - Performance test message 296
2026-02-01 13:49:53 | INFO     | __main__:test_performance_logging:131 - Performance test message 297
2026-02-01 13:49:53 | INFO     | __main__:test_performance_logging:131 - Performance test message 298
2026-02-01 13:49:53 | INFO     | __main__:test_performance_logging:131 - Performance test message 299
2026-02-01 13:49:53 | INFO     | __main__:test_performance_logging:131 - Performance test message 300
2026-02-01 13:49:53 | INFO     | __main__:test_performance_logging:131 - Performance test message 301
2026-02-01 13:49:53 | INFO     | __main__:test_performance_logging:131 - Performance test message 302
2026-02-01 13:49:53 | INFO     | __main__:test_performance_logging:131 - Performance test message 303
2026-02-01 13:49:53 | INFO     | __main__:test_performance_logging:131 - Performance test message 304
2026-02-01 13:49:53 | INFO     | __main__:test_performance_logging:131 - Performance test message 305
2026-02-01 13:49:53 | INFO     | __main__:test_performance_logging:131 - Performance test message 306
2026-02-01 13:49:53 | INFO     | __main__:test_performance_logging:131 - Performance test message 307
2026-02-01 13:49:53 | INFO     | __main__:test_performance_logging:131 - Performance test message 308
2026-02-01 13:49:53 | INFO     | __main__:test_performance_logging:131 - Performance test message 309
2026-02-01 13:49:53 | INFO     | __main__:test_performance_logging:131 - Performance test message 310
2026-02-01 13:49:53 | INFO     | __main__:test_performance_logging:131 - Performance test message 311
2026-02-01 13:49:53 | INFO     | __main__:test_performance_logging:131 - Performance test message 312
2026-02-01 13:49:53 | INFO     | __main__:test_performance_logging:131 - Performance test message 313
2026-02-01 13:49:53 | INFO     | __main__:test_performance_logging:131 - Performance test message 314
2026-02-01 13:49:53 | INFO     | __main__:test_performance_logging:131 - Performance test message 315
2026-02-01 13:49:53 | INFO     | __main__:test_performance_logging:131 - Performance test message 316
2026-02-01 13:49:53 | INFO     | __main__:test_performance_logging:131 - Performance test message 317
2026-02-01 13:49:53 | INFO     | __main__:test_performance_logging:131 - Performance test message 318
2026-02-01 13:49:53 | INFO     | __main__:test_performance_logging:131 - Performance test message 319
2026-02-01 13:49:53 | INFO     | __main__:test_performance_logging:131 - Performance test message 320
2026-02-01 13:49:53 | INFO     | __main__:test_performance_logging:131 - Performance test message 321
2026-02-01 13:49:53 | INFO     | __main__:test_performance_logging:131 - Performance test message 322
2026-02-01 13:49:53 | INFO     | __main__:test_performance_logging:131 - Performance test message 323
2026-02-01 13:49:53 | INFO     | __main__:test_performance_logging:131 - Performance test message 324
2026-02-01 13:49:53 | INFO     | __main__:test_performance_logging:131 - Performance test message 325
2026-02-01 13:49:53 | INFO     | __main__:test_performance_logging:131 - Performance test message 326
2026-02-01 13:49:53 | INFO     | __main__:test_performance_logging:131 - Performance test message 327
2026-02-01 13:49:53 | INFO     | __main__:test_performance_logging:131 - Performance test message 328
2026-02-01 13:49:53 | INFO     | __main__:test_performance_logging:131 - Performance test message 329
2026-02-01 13:49:53 | INFO     | __main__:test_performance_logging:131 - Performance test message 330
2026-02-01 13:49:53 | INFO     | __main__:test_performance_logging:131 - Performance test message 331
2026-02-01 13:49:53 | INFO     | __main__:test_performance_logging:131 - Performance test message 332
2026-02-01 13:49:53 | INFO     | __main__:test_performance_logging:131 - Performance test message 333
2026-02-01 13:49:53 | INFO     | __main__:test_performance_logging:131 - Performance test message 334
2026-02-01 13:49:53 | INFO     | __main__:test_performance_logging:131 - Performance test message 335
2026-02-01 13:49:53 | INFO     | __main__:test_performance_logging:131 - Performance test message 336
2026-02-01 13:49:53 | INFO     | __main__:test_performance_logging:131 - Performance test message 337
2026-02-01 13:49:53 | INFO     | __main__:test_performance_logging:131 - Performance test message 338
2026-02-01 13:49:53 | INFO     | __main__:test_performance_logging:131 - Performance test message 339
2026-02-01 13:49:53 | INFO     | __main__:test_performance_logging:131 - Performance test message 340
2026-02-01 13:49:53 | INFO     | __main__:test_performance_logging:131 - Performance test message 341
2026-02-01 13:49:53 | INFO     | __main__:test_performance_logging:131 - Performance test message 342
2026-02-01 13:49:53 | INFO     | __main__:test_performance_logging:131 - Performance test message 343
2026-02-01 13:49:53 | INFO     | __main__:test_performance_logging:131 - Performance test message 344
2026-02-01 13:49:53 | INFO     | __main__:test_performance_logging:131 - Performance test message 345
2026-02-01 13:49:53 | INFO     | __main__:test_performance_logging:131 - Performance test message 346
2026-02-01 13:49:53 | INFO     | __main__:test_performance_logging:131 - Performance test message 347
2026-02-01 13:49:53 | INFO     | __main__:test_performance_logging:131 - Performance test message 348
2026-02-01 13:49:53 | INFO     | __main__:test_performance_logging:131 - Performance test message 349
2026-02-01 13:49:53 | INFO     | __main__:test_performance_logging:131 - Performance test message 350
2026-02-01 13:49:53 | INFO     | __main__:test_performance_logging:131 - Performance test message 351
2026-02-01 13:49:53 | INFO     | __main__:test_performance_logging:131 - Performance test message 352
2026-02-01 13:49:53 | INFO     | __main__:test_performance_logging:131 - Performance test message 353
2026-02-01 13:49:53 | INFO     | __main__:test_performance_logging:131 - Performance test message 354
2026-02-01 13:49:53 | INFO     | __main__:test_performance_logging:131 - Performance test message 355
2026-02-01 13:49:53 | INFO     | __main__:test_performance_logging:131 - Performance test message 356
2026-02-01 13:49:53 | INFO     | __main__:test_performance_logging:131 - Performance test message 357
2026-02-01 13:49:53 | INFO     | __main__:test_performance_logging:131 - Performance test message 358
2026-02-01 13:49:53 | INFO     | __main__:test_performance_logging:131 - Performance test message 359
2026-02-01 13:49:53 | INFO     | __main__:test_performance_logging:131 - Performance test message 360
2026-02-01 13:49:53 | INFO     | __main__:test_performance_logging:131 - Performance test message 361
2026-02-01 13:49:53 | INFO     | __main__:test_performance_logging:131 - Performance test message 362
2026-02-01 13:49:53 | INFO     | __main__:test_performance_logging:131 - Performance test message 363
2026-02-01 13:49:53 | INFO     | __main__:test_performance_logging:131 - Performance test message 364
2026-02-01 13:49:53 | INFO     | __main__:test_performance_logging:131 - Performance test message 365
2026-02-01 13:49:53 | INFO     | __main__:test_performance_logging:131 - Performance test message 366
2026-02-01 13:49:53 | INFO     | __main__:test_performance_logging:131 - Performance test message 367
2026-02-01 13:49:53 | INFO     | __main__:test_performance_logging:131 - Performance test message 368
2026-02-01 13:49:53 | INFO     | __main__:test_performance_logging:131 - Performance test message 369
2026-02-01 13:49:53 | INFO     | __main__:test_performance_logging:131 - Performance test message 370
2026-02-01 13:49:53 | INFO     | __main__:test_performance_logging:131 - Performance test message 371
2026-02-01 13:49:53 | INFO     | __main__:test_performance_logging:131 - Performance test message 372
2026-02-01 13:49:53 | INFO     | __main__:test_performance_logging:131 - Performance test message 373
2026-02-01 13:49:53 | INFO     | __main__:test_performance_logging:131 - Performance test message 374
2026-02-01 13:49:53 | INFO     | __main__:test_performance_logging:131 - Performance test message 375
2026-02-01 13:49:53 | INFO     | __main__:test_performance_logging:131 - Performance test message 376
2026-02-01 13:49:53 | INFO     | __main__:test_performance_logging:131 - Performance test message 377
2026-02-01 13:49:53 | INFO     | __main__:test_performance_logging:131 - Performance test message 378
2026-02-01 13:49:53 | INFO     | __main__:test_performance_logging:131 - Performance test message 379
2026-02-01 13:49:53 | INFO     | __main__:test_performance_logging:131 - Performance test message 380
2026-02-01 13:49:53 | INFO     | __main__:test_performance_logging:131 - Performance test message 381
2026-02-01 13:49:53 | INFO     | __main__:test_performance_logging:131 - Performance test message 382
2026-02-01 13:49:53 | INFO     | __main__:test_performance_logging:131 - Performance test message 383
2026-02-01 13:49:53 | INFO     | __main__:test_performance_logging:131 - Performance test message 384
2026-02-01 13:49:53 | INFO     | __main__:test_performance_logging:131 - Performance test message 385
2026-02-01 13:49:53 | INFO     | __main__:test_performance_logging:131 - Performance test message 386
2026-02-01 13:49:53 | INFO     | __main__:test_performance_logging:131 - Performance test message 387
2026-02-01 13:49:53 | INFO     | __main__:test_performance_logging:131 - Performance test message 388
2026-02-01 13:49:53 | INFO     | __main__:test_performance_logging:131 - Performance test message 389
2026-02-01 13:49:53 | INFO     | __main__:test_performance_logging:131 - Performance test message 390
2026-02-01 13:49:53 | INFO     | __main__:test_performance_logging:131 - Performance test message 391
2026-02-01 13:49:53 | INFO     | __main__:test_performance_logging:131 - Performance test message 392
2026-02-01 13:49:53 | INFO     | __main__:test_performance_logging:131 - Performance test message 393
2026-02-01 13:49:53 | INFO     | __main__:test_performance_logging:131 - Performance test message 394
2026-02-01 13:49:53 | INFO     | __main__:test_performance_logging:131 - Performance test message 395
2026-02-01 13:49:53 | INFO     | __main__:test_performance_logging:131 - Performance test message 396
2026-02-01 13:49:53 | INFO     | __main__:test_performance_logging:131 - Performance test message 397
2026-02-01 13:49:53 | INFO     | __main__:test_performance_logging:131 - Performance test message 398
2026-02-01 13:49:53 | INFO     | __main__:test_performance_logging:131 - Performance test message 399
2026-02-01 13:49:53 | INFO     | __main__:test_performance_logging:131 - Performance test message 400
2026-02-01 13:49:53 | INFO     | __main__:test_performance_logging:131 - Performance test message 401
2026-02-01 13:49:53 | INFO     | __main__:test_performance_logging:131 - Performance test message 402
2026-02-01 13:49:53 | INFO     | __main__:test_performance_logging:131 - Performance test message 403
2026-02-01 13:49:53 | INFO     | __main__:test_performance_logging:131 - Performance test message 404
2026-02-01 13:49:53 | INFO     | __main__:test_performance_logging:131 - Performance test message 405
2026-02-01 13:49:53 | INFO     | __main__:test_performance_logging:131 - Performance test message 406
2026-02-01 13:49:53 | INFO     | __main__:test_performance_logging:131 - Performance test message 407
2026-02-01 13:49:53 | INFO     | __main__:test_performance_logging:131 - Performance test message 408
2026-02-01 13:49:53 | INFO     | __main__:test_performance_logging:131 - Performance test message 409
2026-02-01 13:49:53 | INFO     | __main__:test_performance_logging:131 - Performance test message 410
2026-02-01 13:49:53 | INFO     | __main__:test_performance_logging:131 - Performance test message 411
2026-02-01 13:49:53 | INFO     | __main__:test_performance_logging:131 - Performance test message 412
2026-02-01 13:49:53 | INFO     | __main__:test_performance_logging:131 - Performance test message 413
2026-02-01 13:49:53 | INFO     | __main__:test_performance_logging:131 - Performance test message 414
2026-02-01 13:49:53 | INFO     | __main__:test_performance_logging:131 - Performance test message 415
2026-02-01 13:49:53 | INFO     | __main__:test_performance_logging:131 - Performance test message 416
2026-02-01 13:49:53 | INFO     | __main__:test_performance_logging:131 - Performance test message 417
2026-02-01 13:49:53 | INFO     | __main__:test_performance_logging:131 - Performance test message 418
2026-02-01 13:49:53 | INFO     | __main__:test_performance_logging:131 - Performance test message 419
2026-02-01 13:49:53 | INFO     | __main__:test_performance_logging:131 - Performance test message 420
2026-02-01 13:49:53 | INFO     | __main__:test_performance_logging:131 - Performance test message 421
2026-02-01 13:49:53 | INFO     | __main__:test_performance_logging:131 - Performance test message 422
2026-02-01 13:49:53 | INFO     | __main__:test_performance_logging:131 - Performance test message 423
2026-02-01 13:49:53 | INFO     | __main__:test_performance_logging:131 - Performance test message 424
2026-02-01 13:49:53 | INFO     | __main__:test_performance_logging:131 - Performance test message 425
2026-02-01 13:49:53 | INFO     | __main__:test_performance_logging:131 - Performance test message 426
2026-02-01 13:49:53 | INFO     | __main__:test_performance_logging:131 - Performance test message 427
2026-02-01 13:49:53 | INFO     | __main__:test_performance_logging:131 - Performance test message 428
2026-02-01 13:49:53 | INFO     | __main__:test_performance_logging:131 - Performance test message 429
2026-02-01 13:49:53 | INFO     | __main__:test_performance_logging:131 - Performance test message 430
2026-02-01 13:49:53 | INFO     | __main__:test_performance_logging:131 - Performance test message 431
2026-02-01 13:49:53 | INFO     | __main__:test_performance_logging:131 - Performance test message 432
2026-02-01 13:49:53 | INFO     | __main__:test_performance_logging:131 - Performance test message 433
2026-02-01 13:49:53 | INFO     | __main__:test_performance_logging:131 - Performance test message 434
2026-02-01 13:49:53 | INFO     | __main__:test_performance_logging:131 - Performance test message 435
2026-02-01 13:49:53 | INFO     | __main__:test_performance_logging:131 - Performance test message 436
2026-02-01 13:49:53 | INFO     | __main__:test_performance_logging:131 - Performance test message 437
2026-02-01 13:49:53 | INFO     | __main__:test_performance_logging:131 - Performance test message 438
2026-02-01 13:49:53 | INFO     | __main__:test_performance_logging:131 - Performance test message 439
2026-02-01 13:49:53 | INFO     | __main__:test_performance_logging:131 - Performance test message 440
2026-02-01 13:49:53 | INFO     | __main__:test_performance_logging:131 - Performance test message 441
2026-02-01 13:49:53 | INFO     | __main__:test_performance_logging:131 - Performance test message 442
2026-02-01 13:49:53 | INFO     | __main__:test_performance_logging:131 - Performance test message 443
2026-02-01 13:49:53 | INFO     | __main__:test_performance_logging:131 - Performance test message 444
2026-02-01 13:49:53 | INFO     | __main__:test_performance_logging:131 - Performance test message 445
2026-02-01 13:49:53 | INFO     | __main__:test_performance_logging:131 - Performance test message 446
2026-02-01 13:49:53 | INFO     | __main__:test_performance_logging:131 - Performance test message 447
2026-02-01 13:49:53 | INFO     | __main__:test_performance_logging:131 - Performance test message 448
2026-02-01 13:49:53 | INFO     | __main__:test_performance_logging:131 - Performance test message 449
2026-02-01 13:49:53 | INFO     | __main__:test_performance_logging:131 - Performance test message 450
2026-02-01 13:49:53 | INFO     | __main__:test_performance_logging:131 - Performance test message 451
2026-02-01 13:49:53 | INFO     | __main__:test_performance_logging:131 - Performance test message 452
2026-02-01 13:49:53 | INFO     | __main__:test_performance_logging:131 - Performance test message 453
2026-02-01 13:49:53 | INFO     | __main__:test_performance_logging:131 - Performance test message 454
2026-02-01 13:49:53 | INFO     | __main__:test_performance_logging:131 - Performance test message 455
2026-02-01 13:49:53 | INFO     | __main__:test_performance_logging:131 - Performance test message 456
2026-02-01 13:49:53 | INFO     | __main__:test_performance_logging:131 - Performance test message 457
2026-02-01 13:49:53 | INFO     | __main__:test_performance_logging:131 - Performance test message 458
2026-02-01 13:49:53 | INFO     | __main__:test_performance_logging:131 - Performance test message 459
2026-02-01 13:49:53 | INFO     | __main__:test_performance_logging:131 - Performance test message 460
2026-02-01 13:49:53 | INFO     | __main__:test_performance_logging:131 - Performance test message 461
2026-02-01 13:49:53 | INFO     | __main__:test_performance_logging:131 - Performance test message 462
2026-02-01 13:49:53 | INFO     | __main__:test_performance_logging:131 - Performance test message 463
2026-02-01 13:49:53 | INFO     | __main__:test_performance_logging:131 - Performance test message 464
2026-02-01 13:49:53 | INFO     | __main__:test_performance_logging:131 - Performance test message 465
2026-02-01 13:49:53 | INFO     | __main__:test_performance_logging:131 - Performance test message 466
2026-02-01 13:49:53 | INFO     | __main__:test_performance_logging:131 - Performance test message 467
2026-02-01 13:49:53 | INFO     | __main__:test_performance_logging:131 - Performance test message 468
2026-02-01 13:49:53 | INFO     | __main__:test_performance_logging:131 - Performance test message 469
2026-02-01 13:49:53 | INFO     | __main__:test_performance_logging:131 - Performance test message 470
2026-02-01 13:49:53 | INFO     | __main__:test_performance_logging:131 - Performance test message 471
2026-02-01 13:49:53 | INFO     | __main__:test_performance_logging:131 - Performance test message 472
2026-02-01 13:49:53 | INFO     | __main__:test_performance_logging:131 - Performance test message 473
2026-02-01 13:49:53 | INFO     | __main__:test_performance_logging:131 - Performance test message 474
2026-02-01 13:49:53 | INFO     | __main__:test_performance_logging:131 - Performance test message 475
2026-02-01 13:49:53 | INFO     | __main__:test_performance_logging:131 - Performance test message 476
2026-02-01 13:49:53 | INFO     | __main__:test_performance_logging:131 - Performance test message 477
2026-02-01 13:49:53 | INFO     | __main__:test_performance_logging:131 - Performance test message 478
2026-02-01 13:49:53 | INFO     | __main__:test_performance_logging:131 - Performance test message 479
2026-02-01 13:49:53 | INFO     | __main__:test_performance_logging:131 - Performance test message 480
2026-02-01 13:49:53 | INFO     | __main__:test_performance_logging:131 - Performance test message 481
2026-02-01 13:49:53 | INFO     | __main__:test_performance_logging:131 - Performance test message 482
2026-02-01 13:49:53 | INFO     | __main__:test_performance_logging:131 - Performance test message 483
2026-02-01 13:49:53 | INFO     | __main__:test_performance_logging:131 - Performance test message 484
2026-02-01 13:49:53 | INFO     | __main__:test_performance_logging:131 - Performance test message 485
2026-02-01 13:49:53 | INFO     | __main__:test_performance_logging:131 - Performance test message 486
2026-02-01 13:49:53 | INFO     | __main__:test_performance_logging:131 - Performance test message 487
2026-02-01 13:49:53 | INFO     | __main__:test_performance_logging:131 - Performance test message 488
2026-02-01 13:49:53 | INFO     | __main__:test_performance_logging:131 - Performance test message 489
2026-02-01 13:49:53 | INFO     | __main__:test_performance_logging:131 - Performance test message 490
2026-02-01 13:49:53 | INFO     | __main__:test_performance_logging:131 - Performance test message 491
2026-02-01 13:49:53 | INFO     | __main__:test_performance_logging:131 - Performance test message 492
2026-02-01 13:49:53 | INFO     | __main__:test_performance_logging:131 - Performance test message 493
2026-02-01 13:49:53 | INFO     | __main__:test_performance_logging:131 - Performance test message 494
2026-02-01 13:49:53 | INFO     | __main__:test_performance_logging:131 - Performance test message 495
2026-02-01 13:49:53 | INFO     | __main__:test_performance_logging:131 - Performance test message 496
2026-02-01 13:49:53 | INFO     | __main__:test_performance_logging:131 - Performance test message 497
2026-02-01 13:49:53 | INFO     | __main__:test_performance_logging:131 - Performance test message 498
2026-02-01 13:49:53 | INFO     | __main__:test_performance_logging:131 - Performance test message 499
2026-02-01 13:49:53 | INFO     | __main__:test_performance_logging:131 - Performance test message 500
2026-02-01 13:49:53 | INFO     | __main__:test_performance_logging:131 - Performance test message 501
2026-02-01 13:49:53 | INFO     | __main__:test_performance_logging:131 - Performance test message 502
2026-02-01 13:49:53 | INFO     | __main__:test_performance_logging:131 - Performance test message 503
2026-02-01 13:49:53 | INFO     | __main__:test_performance_logging:131 - Performance test message 504
2026-02-01 13:49:53 | INFO     | __main__:test_performance_logging:131 - Performance test message 505
2026-02-01 13:49:53 | INFO     | __main__:test_performance_logging:131 - Performance test message 506
2026-02-01 13:49:53 | INFO     | __main__:test_performance_logging:131 - Performance test message 507
2026-02-01 13:49:53 | INFO     | __main__:test_performance_logging:131 - Performance test message 508
2026-02-01 13:49:53 | INFO     | __main__:test_performance_logging:131 - Performance test message 509
2026-02-01 13:49:53 | INFO     | __main__:test_performance_logging:131 - Performance test message 510
2026-02-01 13:49:53 | INFO     | __main__:test_performance_logging:131 - Performance test message 511
2026-02-01 13:49:53 | INFO     | __main__:test_performance_logging:131 - Performance test message 512
2026-02-01 13:49:53 | INFO     | __main__:test_performance_logging:131 - Performance test message 513
2026-02-01 13:49:53 | INFO     | __main__:test_performance_logging:131 - Performance test message 514
2026-02-01 13:49:53 | INFO     | __main__:test_performance_logging:131 - Performance test message 515
2026-02-01 13:49:53 | INFO     | __main__:test_performance_logging:131 - Performance test message 516
2026-02-01 13:49:53 | INFO     | __main__:test_performance_logging:131 - Performance test message 517
2026-02-01 13:49:53 | INFO     | __main__:test_performance_logging:131 - Performance test message 518
2026-02-01 13:49:53 | INFO     | __main__:test_performance_logging:131 - Performance test message 519
2026-02-01 13:49:53 | INFO     | __main__:test_performance_logging:131 - Performance test message 520
2026-02-01 13:49:53 | INFO     | __main__:test_performance_logging:131 - Performance test message 521
2026-02-01 13:49:53 | INFO     | __main__:test_performance_logging:131 - Performance test message 522
2026-02-01 13:49:53 | INFO     | __main__:test_performance_logging:131 - Performance test message 523
2026-02-01 13:49:53 | INFO     | __main__:test_performance_logging:131 - Performance test message 524
2026-02-01 13:49:53 | INFO     | __main__:test_performance_logging:131 - Performance test message 525
2026-02-01 13:49:53 | INFO     | __main__:test_performance_logging:131 - Performance test message 526
2026-02-01 13:49:53 | INFO     | __main__:test_performance_logging:131 - Performance test message 527
2026-02-01 13:49:53 | INFO     | __main__:test_performance_logging:131 - Performance test message 528
2026-02-01 13:49:53 | INFO     | __main__:test_performance_logging:131 - Performance test message 529
2026-02-01 13:49:53 | INFO     | __main__:test_performance_logging:131 - Performance test message 530
2026-02-01 13:49:53 | INFO     | __main__:test_performance_logging:131 - Performance test message 531
2026-02-01 13:49:53 | INFO     | __main__:test_performance_logging:131 - Performance test message 532
2026-02-01 13:49:53 | INFO     | __main__:test_performance_logging:131 - Performance test message 533
2026-02-01 13:49:53 | INFO     | __main__:test_performance_logging:131 - Performance test message 534
2026-02-01 13:49:53 | INFO     | __main__:test_performance_logging:131 - Performance test message 535
2026-02-01 13:49:53 | INFO     | __main__:test_performance_logging:131 - Performance test message 536
2026-02-01 13:49:53 | INFO     | __main__:test_performance_logging:131 - Performance test message 537
2026-02-01 13:49:53 | INFO     | __main__:test_performance_logging:131 - Performance test message 538
2026-02-01 13:49:53 | INFO     | __main__:test_performance_logging:131 - Performance test message 539
2026-02-01 13:49:53 | INFO     | __main__:test_performance_logging:131 - Performance test message 540
2026-02-01 13:49:53 | INFO     | __main__:test_performance_logging:131 - Performance test message 541
2026-02-01 13:49:53 | INFO     | __main__:test_performance_logging:131 - Performance test message 542
2026-02-01 13:49:53 | INFO     | __main__:test_performance_logging:131 - Performance test message 543
2026-02-01 13:49:53 | INFO     | __main__:test_performance_logging:131 - Performance test message 544
2026-02-01 13:49:53 | INFO     | __main__:test_performance_logging:131 - Performance test message 545
2026-02-01 13:49:53 | INFO     | __main__:test_performance_logging:131 - Performance test message 546
2026-02-01 13:49:53 | INFO     | __main__:test_performance_logging:131 - Performance test message 547
2026-02-01 13:49:53 | INFO     | __main__:test_performance_logging:131 - Performance test message 548
2026-02-01 13:49:53 | INFO     | __main__:test_performance_logging:131 - Performance test message 549
2026-02-01 13:49:53 | INFO     | __main__:test_performance_logging:131 - Performance test message 550
2026-02-01 13:49:53 | INFO     | __main__:test_performance_logging:131 - Performance test message 551
2026-02-01 13:49:53 | INFO     | __main__:test_performance_logging:131 - Performance test message 552
2026-02-01 13:49:53 | INFO     | __main__:test_performance_logging:131 - Performance test message 553
2026-02-01 13:49:53 | INFO     | __main__:test_performance_logging:131 - Performance test message 554
2026-02-01 13:49:53 | INFO     | __main__:test_performance_logging:131 - Performance test message 555
2026-02-01 13:49:53 | INFO     | __main__:test_performance_logging:131 - Performance test message 556
2026-02-01 13:49:53 | INFO     | __main__:test_performance_logging:131 - Performance test message 557
2026-02-01 13:49:53 | INFO     | __main__:test_performance_logging:131 - Performance test message 558
2026-02-01 13:49:53 | INFO     | __main__:test_performance_logging:131 - Performance test message 559
2026-02-01 13:49:53 | INFO     | __main__:test_performance_logging:131 - Performance test message 560
2026-02-01 13:49:53 | INFO     | __main__:test_performance_logging:131 - Performance test message 561
2026-02-01 13:49:53 | INFO     | __main__:test_performance_logging:131 - Performance test message 562
2026-02-01 13:49:53 | INFO     | __main__:test_performance_logging:131 - Performance test message 563
2026-02-01 13:49:53 | INFO     | __main__:test_performance_logging:131 - Performance test message 564
2026-02-01 13:49:53 | INFO     | __main__:test_performance_logging:131 - Performance test message 565
2026-02-01 13:49:53 | INFO     | __main__:test_performance_logging:131 - Performance test message 566
2026-02-01 13:49:53 | INFO     | __main__:test_performance_logging:131 - Performance test message 567
2026-02-01 13:49:53 | INFO     | __main__:test_performance_logging:131 - Performance test message 568
2026-02-01 13:49:53 | INFO     | __main__:test_performance_logging:131 - Performance test message 569
2026-02-01 13:49:53 | INFO     | __main__:test_performance_logging:131 - Performance test message 570
2026-02-01 13:49:53 | INFO     | __main__:test_performance_logging:131 - Performance test message 571
2026-02-01 13:49:53 | INFO     | __main__:test_performance_logging:131 - Performance test message 572
2026-02-01 13:49:53 | INFO     | __main__:test_performance_logging:131 - Performance test message 573
2026-02-01 13:49:53 | INFO     | __main__:test_performance_logging:131 - Performance test message 574
2026-02-01 13:49:53 | INFO     | __main__:test_performance_logging:131 - Performance test message 575
2026-02-01 13:49:53 | INFO     | __main__:test_performance_logging:131 - Performance test message 576
2026-02-01 13:49:53 | INFO     | __main__:test_performance_logging:131 - Performance test message 577
2026-02-01 13:49:53 | INFO     | __main__:test_performance_logging:131 - Performance test message 578
2026-02-01 13:49:53 | INFO     | __main__:test_performance_logging:131 - Performance test message 579
2026-02-01 13:49:53 | INFO     | __main__:test_performance_logging:131 - Performance test message 580
2026-02-01 13:49:53 | INFO     | __main__:test_performance_logging:131 - Performance test message 581
2026-02-01 13:49:53 | INFO     | __main__:test_performance_logging:131 - Performance test message 582
2026-02-01 13:49:53 | INFO     | __main__:test_performance_logging:131 - Performance test message 583
2026-02-01 13:49:53 | INFO     | __main__:test_performance_logging:131 - Performance test message 584
2026-02-01 13:49:53 | INFO     | __main__:test_performance_logging:131 - Performance test message 585
2026-02-01 13:49:53 | INFO     | __main__:test_performance_logging:131 - Performance test message 586
2026-02-01 13:49:53 | INFO     | __main__:test_performance_logging:131 - Performance test message 587
2026-02-01 13:49:53 | INFO     | __main__:test_performance_logging:131 - Performance test message 588
2026-02-01 13:49:53 | INFO     | __main__:test_performance_logging:131 - Performance test message 589
2026-02-01 13:49:53 | INFO     | __main__:test_performance_logging:131 - Performance test message 590
2026-02-01 13:49:53 | INFO     | __main__:test_performance_logging:131 - Performance test message 591
2026-02-01 13:49:53 | INFO     | __main__:test_performance_logging:131 - Performance test message 592
2026-02-01 13:49:53 | INFO     | __main__:test_performance_logging:131 - Performance test message 593
2026-02-01 13:49:53 | INFO     | __main__:test_performance_logging:131 - Performance test message 594
2026-02-01 13:49:53 | INFO     | __main__:test_performance_logging:131 - Performance test message 595
2026-02-01 13:49:53 | INFO     | __main__:test_performance_logging:131 - Performance test message 596
2026-02-01 13:49:53 | INFO     | __main__:test_performance_logging:131 - Performance test message 597
2026-02-01 13:49:53 | INFO     | __main__:test_performance_logging:131 - Performance test message 598
2026-02-01 13:49:53 | INFO     | __main__:test_performance_logging:131 - Performance test message 599
2026-02-01 13:49:53 | INFO     | __main__:test_performance_logging:131 - Performance test message 600
2026-02-01 13:49:53 | INFO     | __main__:test_performance_logging:131 - Performance test message 601
2026-02-01 13:49:53 | INFO     | __main__:test_performance_logging:131 - Performance test message 602
2026-02-01 13:49:53 | INFO     | __main__:test_performance_logging:131 - Performance test message 603
2026-02-01 13:49:53 | INFO     | __main__:test_performance_logging:131 - Performance test message 604
2026-02-01 13:49:53 | INFO     | __main__:test_performance_logging:131 - Performance test message 605
2026-02-01 13:49:53 | INFO     | __main__:test_performance_logging:131 - Performance test message 606
2026-02-01 13:49:53 | INFO     | __main__:test_performance_logging:131 - Performance test message 607
2026-02-01 13:49:53 | INFO     | __main__:test_performance_logging:131 - Performance test message 608
2026-02-01 13:49:53 | INFO     | __main__:test_performance_logging:131 - Performance test message 609
2026-02-01 13:49:53 | INFO     | __main__:test_performance_logging:131 - Performance test message 610
2026-02-01 13:49:53 | INFO     | __main__:test_performance_logging:131 - Performance test message 611
2026-02-01 13:49:53 | INFO     | __main__:test_performance_logging:131 - Performance test message 612
2026-02-01 13:49:53 | INFO     | __main__:test_performance_logging:131 - Performance test message 613
2026-02-01 13:49:53 | INFO     | __main__:test_performance_logging:131 - Performance test message 614
2026-02-01 13:49:53 | INFO     | __main__:test_performance_logging:131 - Performance test message 615
2026-02-01 13:49:53 | INFO     | __main__:test_performance_logging:131 - Performance test message 616
2026-02-01 13:49:53 | INFO     | __main__:test_performance_logging:131 - Performance test message 617
2026-02-01 13:49:53 | INFO     | __main__:test_performance_logging:131 - Performance test message 618
2026-02-01 13:49:53 | INFO     | __main__:test_performance_logging:131 - Performance test message 619
2026-02-01 13:49:53 | INFO     | __main__:test_performance_logging:131 - Performance test message 620
2026-02-01 13:49:53 | INFO     | __main__:test_performance_logging:131 - Performance test message 621
2026-02-01 13:49:53 | INFO     | __main__:test_performance_logging:131 - Performance test message 622
2026-02-01 13:49:53 | INFO     | __main__:test_performance_logging:131 - Performance test message 623
2026-02-01 13:49:53 | INFO     | __main__:test_performance_logging:131 - Performance test message 624
2026-02-01 13:49:53 | INFO     | __main__:test_performance_logging:131 - Performance test message 625
2026-02-01 13:49:53 | INFO     | __main__:test_performance_logging:131 - Performance test message 626
2026-02-01 13:49:53 | INFO     | __main__:test_performance_logging:131 - Performance test message 627
2026-02-01 13:49:53 | INFO     | __main__:test_performance_logging:131 - Performance test message 628
2026-02-01 13:49:53 | INFO     | __main__:test_performance_logging:131 - Performance test message 629
2026-02-01 13:49:53 | INFO     | __main__:test_performance_logging:131 - Performance test message 630
2026-02-01 13:49:53 | INFO     | __main__:test_performance_logging:131 - Performance test message 631
2026-02-01 13:49:53 | INFO     | __main__:test_performance_logging:131 - Performance test message 632
2026-02-01 13:49:53 | INFO     | __main__:test_performance_logging:131 - Performance test message 633
2026-02-01 13:49:53 | INFO     | __main__:test_performance_logging:131 - Performance test message 634
2026-02-01 13:49:53 | INFO     | __main__:test_performance_logging:131 - Performance test message 635
2026-02-01 13:49:53 | INFO     | __main__:test_performance_logging:131 - Performance test message 636
2026-02-01 13:49:53 | INFO     | __main__:test_performance_logging:131 - Performance test message 637
2026-02-01 13:49:53 | INFO     | __main__:test_performance_logging:131 - Performance test message 638
2026-02-01 13:49:53 | INFO     | __main__:test_performance_logging:131 - Performance test message 639
2026-02-01 13:49:53 | INFO     | __main__:test_performance_logging:131 - Performance test message 640
2026-02-01 13:49:53 | INFO     | __main__:test_performance_logging:131 - Performance test message 641
2026-02-01 13:49:53 | INFO     | __main__:test_performance_logging:131 - Performance test message 642
2026-02-01 13:49:53 | INFO     | __main__:test_performance_logging:131 - Performance test message 643
2026-02-01 13:49:53 | INFO     | __main__:test_performance_logging:131 - Performance test message 644
2026-02-01 13:49:53 | INFO     | __main__:test_performance_logging:131 - Performance test message 645
2026-02-01 13:49:53 | INFO     | __main__:test_performance_logging:131 - Performance test message 646
2026-02-01 13:49:53 | INFO     | __main__:test_performance_logging:131 - Performance test message 647
2026-02-01 13:49:53 | INFO     | __main__:test_performance_logging:131 - Performance test message 648
2026-02-01 13:49:53 | INFO     | __main__:test_performance_logging:131 - Performance test message 649
2026-02-01 13:49:53 | INFO     | __main__:test_performance_logging:131 - Performance test message 650
2026-02-01 13:49:53 | INFO     | __main__:test_performance_logging:131 - Performance test message 651
2026-02-01 13:49:53 | INFO     | __main__:test_performance_logging:131 - Performance test message 652
2026-02-01 13:49:53 | INFO     | __main__:test_performance_logging:131 - Performance test message 653
2026-02-01 13:49:53 | INFO     | __main__:test_performance_logging:131 - Performance test message 654
2026-02-01 13:49:53 | INFO     | __main__:test_performance_logging:131 - Performance test message 655
2026-02-01 13:49:53 | INFO     | __main__:test_performance_logging:131 - Performance test message 656
2026-02-01 13:49:53 | INFO     | __main__:test_performance_logging:131 - Performance test message 657
2026-02-01 13:49:53 | INFO     | __main__:test_performance_logging:131 - Performance test message 658
2026-02-01 13:49:53 | INFO     | __main__:test_performance_logging:131 - Performance test message 659
2026-02-01 13:49:53 | INFO     | __main__:test_performance_logging:131 - Performance test message 660
2026-02-01 13:49:53 | INFO     | __main__:test_performance_logging:131 - Performance test message 661
2026-02-01 13:49:53 | INFO     | __main__:test_performance_logging:131 - Performance test message 662
2026-02-01 13:49:53 | INFO     | __main__:test_performance_logging:131 - Performance test message 663
2026-02-01 13:49:53 | INFO     | __main__:test_performance_logging:131 - Performance test message 664
2026-02-01 13:49:53 | INFO     | __main__:test_performance_logging:131 - Performance test message 665
2026-02-01 13:49:53 | INFO     | __main__:test_performance_logging:131 - Performance test message 666
2026-02-01 13:49:53 | INFO     | __main__:test_performance_logging:131 - Performance test message 667
2026-02-01 13:49:53 | INFO     | __main__:test_performance_logging:131 - Performance test message 668
2026-02-01 13:49:53 | INFO     | __main__:test_performance_logging:131 - Performance test message 669
2026-02-01 13:49:53 | INFO     | __main__:test_performance_logging:131 - Performance test message 670
2026-02-01 13:49:53 | INFO     | __main__:test_performance_logging:131 - Performance test message 671
2026-02-01 13:49:53 | INFO     | __main__:test_performance_logging:131 - Performance test message 672
2026-02-01 13:49:53 | INFO     | __main__:test_performance_logging:131 - Performance test message 673
2026-02-01 13:49:53 | INFO     | __main__:test_performance_logging:131 - Performance test message 674
2026-02-01 13:49:53 | INFO     | __main__:test_performance_logging:131 - Performance test message 675
2026-02-01 13:49:53 | INFO     | __main__:test_performance_logging:131 - Performance test message 676
2026-02-01 13:49:53 | INFO     | __main__:test_performance_logging:131 - Performance test message 677
2026-02-01 13:49:53 | INFO     | __main__:test_performance_logging:131 - Performance test message 678
2026-02-01 13:49:53 | INFO     | __main__:test_performance_logging:131 - Performance test message 679
2026-02-01 13:49:53 | INFO     | __main__:test_performance_logging:131 - Performance test message 680
2026-02-01 13:49:53 | INFO     | __main__:test_performance_logging:131 - Performance test message 681
2026-02-01 13:49:53 | INFO     | __main__:test_performance_logging:131 - Performance test message 682
2026-02-01 13:49:53 | INFO     | __main__:test_performance_logging:131 - Performance test message 683
2026-02-01 13:49:53 | INFO     | __main__:test_performance_logging:131 - Performance test message 684
2026-02-01 13:49:53 | INFO     | __main__:test_performance_logging:131 - Performance test message 685
2026-02-01 13:49:53 | INFO     | __main__:test_performance_logging:131 - Performance test message 686
2026-02-01 13:49:53 | INFO     | __main__:test_performance_logging:131 - Performance test message 687
2026-02-01 13:49:53 | INFO     | __main__:test_performance_logging:131 - Performance test message 688
2026-02-01 13:49:53 | INFO     | __main__:test_performance_logging:131 - Performance test message 689
2026-02-01 13:49:53 | INFO     | __main__:test_performance_logging:131 - Performance test message 690
2026-02-01 13:49:53 | INFO     | __main__:test_performance_logging:131 - Performance test message 691
2026-02-01 13:49:53 | INFO     | __main__:test_performance_logging:131 - Performance test message 692
2026-02-01 13:49:53 | INFO     | __main__:test_performance_logging:131 - Performance test message 693
2026-02-01 13:49:53 | INFO     | __main__:test_performance_logging:131 - Performance test message 694
2026-02-01 13:49:53 | INFO     | __main__:test_performance_logging:131 - Performance test message 695
2026-02-01 13:49:53 | INFO     | __main__:test_performance_logging:131 - Performance test message 696
2026-02-01 13:49:53 | INFO     | __main__:test_performance_logging:131 - Performance test message 697
2026-02-01 13:49:53 | INFO     | __main__:test_performance_logging:131 - Performance test message 698
2026-02-01 13:49:53 | INFO     | __main__:test_performance_logging:131 - Performance test message 699
2026-02-01 13:49:53 | INFO     | __main__:test_performance_logging:131 - Performance test message 700
2026-02-01 13:49:53 | INFO     | __main__:test_performance_logging:131 - Performance test message 701
2026-02-01 13:49:53 | INFO     | __main__:test_performance_logging:131 - Performance test message 702
2026-02-01 13:49:53 | INFO     | __main__:test_performance_logging:131 - Performance test message 703
2026-02-01 13:49:53 | INFO     | __main__:test_performance_logging:131 - Performance test message 704
2026-02-01 13:49:53 | INFO     | __main__:test_performance_logging:131 - Performance test message 705
2026-02-01 13:49:53 | INFO     | __main__:test_performance_logging:131 - Performance test message 706
2026-02-01 13:49:53 | INFO     | __main__:test_performance_logging:131 - Performance test message 707
2026-02-01 13:49:53 | INFO     | __main__:test_performance_logging:131 - Performance test message 708
2026-02-01 13:49:53 | INFO     | __main__:test_performance_logging:131 - Performance test message 709
2026-02-01 13:49:53 | INFO     | __main__:test_performance_logging:131 - Performance test message 710
2026-02-01 13:49:53 | INFO     | __main__:test_performance_logging:131 - Performance test message 711
2026-02-01 13:49:53 | INFO     | __main__:test_performance_logging:131 - Performance test message 712
2026-02-01 13:49:53 | INFO     | __main__:test_performance_logging:131 - Performance test message 713
2026-02-01 13:49:53 | INFO     | __main__:test_performance_logging:131 - Performance test message 714
2026-02-01 13:49:53 | INFO     | __main__:test_performance_logging:131 - Performance test message 715
2026-02-01 13:49:53 | INFO     | __main__:test_performance_logging:131 - Performance test message 716
2026-02-01 13:49:53 | INFO     | __main__:test_performance_logging:131 - Performance test message 717
2026-02-01 13:49:53 | INFO     | __main__:test_performance_logging:131 - Performance test message 718
2026-02-01 13:49:53 | INFO     | __main__:test_performance_logging:131 - Performance test message 719
2026-02-01 13:49:53 | INFO     | __main__:test_performance_logging:131 - Performance test message 720
2026-02-01 13:49:53 | INFO     | __main__:test_performance_logging:131 - Performance test message 721
2026-02-01 13:49:53 | INFO     | __main__:test_performance_logging:131 - Performance test message 722
2026-02-01 13:49:53 | INFO     | __main__:test_performance_logging:131 - Performance test message 723
2026-02-01 13:49:53 | INFO     | __main__:test_performance_logging:131 - Performance test message 724
2026-02-01 13:49:53 | INFO     | __main__:test_performance_logging:131 - Performance test message 725
2026-02-01 13:49:53 | INFO     | __main__:test_performance_logging:131 - Performance test message 726
2026-02-01 13:49:53 | INFO     | __main__:test_performance_logging:131 - Performance test message 727
2026-02-01 13:49:53 | INFO     | __main__:test_performance_logging:131 - Performance test message 728
2026-02-01 13:49:53 | INFO     | __main__:test_performance_logging:131 - Performance test message 729
2026-02-01 13:49:53 | INFO     | __main__:test_performance_logging:131 - Performance test message 730
2026-02-01 13:49:53 | INFO     | __main__:test_performance_logging:131 - Performance test message 731
2026-02-01 13:49:53 | INFO     | __main__:test_performance_logging:131 - Performance test message 732
2026-02-01 13:49:53 | INFO     | __main__:test_performance_logging:131 - Performance test message 733
2026-02-01 13:49:53 | INFO     | __main__:test_performance_logging:131 - Performance test message 734
2026-02-01 13:49:53 | INFO     | __main__:test_performance_logging:131 - Performance test message 735
2026-02-01 13:49:53 | INFO     | __main__:test_performance_logging:131 - Performance test message 736
2026-02-01 13:49:53 | INFO     | __main__:test_performance_logging:131 - Performance test message 737
2026-02-01 13:49:53 | INFO     | __main__:test_performance_logging:131 - Performance test message 738
2026-02-01 13:49:53 | INFO     | __main__:test_performance_logging:131 - Performance test message 739
2026-02-01 13:49:53 | INFO     | __main__:test_performance_logging:131 - Performance test message 740
2026-02-01 13:49:53 | INFO     | __main__:test_performance_logging:131 - Performance test message 741
2026-02-01 13:49:53 | INFO     | __main__:test_performance_logging:131 - Performance test message 742
2026-02-01 13:49:53 | INFO     | __main__:test_performance_logging:131 - Performance test message 743
2026-02-01 13:49:53 | INFO     | __main__:test_performance_logging:131 - Performance test message 744
2026-02-01 13:49:53 | INFO     | __main__:test_performance_logging:131 - Performance test message 745
2026-02-01 13:49:53 | INFO     | __main__:test_performance_logging:131 - Performance test message 746
2026-02-01 13:49:53 | INFO     | __main__:test_performance_logging:131 - Performance test message 747
2026-02-01 13:49:53 | INFO     | __main__:test_performance_logging:131 - Performance test message 748
2026-02-01 13:49:53 | INFO     | __main__:test_performance_logging:131 - Performance test message 749
2026-02-01 13:49:53 | INFO     | __main__:test_performance_logging:131 - Performance test message 750
2026-02-01 13:49:53 | INFO     | __main__:test_performance_logging:131 - Performance test message 751
2026-02-01 13:49:53 | INFO     | __main__:test_performance_logging:131 - Performance test message 752
2026-02-01 13:49:53 | INFO     | __main__:test_performance_logging:131 - Performance test message 753
2026-02-01 13:49:53 | INFO     | __main__:test_performance_logging:131 - Performance test message 754
2026-02-01 13:49:53 | INFO     | __main__:test_performance_logging:131 - Performance test message 755
2026-02-01 13:49:53 | INFO     | __main__:test_performance_logging:131 - Performance test message 756
2026-02-01 13:49:53 | INFO     | __main__:test_performance_logging:131 - Performance test message 757
2026-02-01 13:49:53 | INFO     | __main__:test_performance_logging:131 - Performance test message 758
2026-02-01 13:49:53 | INFO     | __main__:test_performance_logging:131 - Performance test message 759
2026-02-01 13:49:53 | INFO     | __main__:test_performance_logging:131 - Performance test message 760
2026-02-01 13:49:53 | INFO     | __main__:test_performance_logging:131 - Performance test message 761
2026-02-01 13:49:53 | INFO     | __main__:test_performance_logging:131 - Performance test message 762
2026-02-01 13:49:53 | INFO     | __main__:test_performance_logging:131 - Performance test message 763
2026-02-01 13:49:53 | INFO     | __main__:test_performance_logging:131 - Performance test message 764
2026-02-01 13:49:53 | INFO     | __main__:test_performance_logging:131 - Performance test message 765
2026-02-01 13:49:53 | INFO     | __main__:test_performance_logging:131 - Performance test message 766
2026-02-01 13:49:53 | INFO     | __main__:test_performance_logging:131 - Performance test message 767
2026-02-01 13:49:53 | INFO     | __main__:test_performance_logging:131 - Performance test message 768
2026-02-01 13:49:53 | INFO     | __main__:test_performance_logging:131 - Performance test message 769
2026-02-01 13:49:53 | INFO     | __main__:test_performance_logging:131 - Performance test message 770
2026-02-01 13:49:53 | INFO     | __main__:test_performance_logging:131 - Performance test message 771
2026-02-01 13:49:53 | INFO     | __main__:test_performance_logging:131 - Performance test message 772
2026-02-01 13:49:53 | INFO     | __main__:test_performance_logging:131 - Performance test message 773
2026-02-01 13:49:53 | INFO     | __main__:test_performance_logging:131 - Performance test message 774
2026-02-01 13:49:53 | INFO     | __main__:test_performance_logging:131 - Performance test message 775
2026-02-01 13:49:53 | INFO     | __main__:test_performance_logging:131 - Performance test message 776
2026-02-01 13:49:53 | INFO     | __main__:test_performance_logging:131 - Performance test message 777
2026-02-01 13:49:53 | INFO     | __main__:test_performance_logging:131 - Performance test message 778
2026-02-01 13:49:53 | INFO     | __main__:test_performance_logging:131 - Performance test message 779
2026-02-01 13:49:53 | INFO     | __main__:test_performance_logging:131 - Performance test message 780
2026-02-01 13:49:53 | INFO     | __main__:test_performance_logging:131 - Performance test message 781
2026-02-01 13:49:53 | INFO     | __main__:test_performance_logging:131 - Performance test message 782
2026-02-01 13:49:53 | INFO     | __main__:test_performance_logging:131 - Performance test message 783
2026-02-01 13:49:53 | INFO     | __main__:test_performance_logging:131 - Performance test message 784
2026-02-01 13:49:53 | INFO     | __main__:test_performance_logging:131 - Performance test message 785
2026-02-01 13:49:53 | INFO     | __main__:test_performance_logging:131 - Performance test message 786
2026-02-01 13:49:53 | INFO     | __main__:test_performance_logging:131 - Performance test message 787
2026-02-01 13:49:53 | INFO     | __main__:test_performance_logging:131 - Performance test message 788
2026-02-01 13:49:53 | INFO     | __main__:test_performance_logging:131 - Performance test message 789
2026-02-01 13:49:53 | INFO     | __main__:test_performance_logging:131 - Performance test message 790
2026-02-01 13:49:53 | INFO     | __main__:test_performance_logging:131 - Performance test message 791
2026-02-01 13:49:53 | INFO     | __main__:test_performance_logging:131 - Performance test message 792
2026-02-01 13:49:53 | INFO     | __main__:test_performance_logging:131 - Performance test message 793
2026-02-01 13:49:53 | INFO     | __main__:test_performance_logging:131 - Performance test message 794
2026-02-01 13:49:53 | INFO     | __main__:test_performance_logging:131 - Performance test message 795
2026-02-01 13:49:53 | INFO     | __main__:test_performance_logging:131 - Performance test message 796
2026-02-01 13:49:53 | INFO     | __main__:test_performance_logging:131 - Performance test message 797
2026-02-01 13:49:53 | INFO     | __main__:test_performance_logging:131 - Performance test message 798
2026-02-01 13:49:53 | INFO     | __main__:test_performance_logging:131 - Performance test message 799
2026-02-01 13:49:53 | INFO     | __main__:test_performance_logging:131 - Performance test message 800
2026-02-01 13:49:53 | INFO     | __main__:test_performance_logging:131 - Performance test message 801
2026-02-01 13:49:53 | INFO     | __main__:test_performance_logging:131 - Performance test message 802
2026-02-01 13:49:53 | INFO     | __main__:test_performance_logging:131 - Performance test message 803
2026-02-01 13:49:53 | INFO     | __main__:test_performance_logging:131 - Performance test message 804
2026-02-01 13:49:53 | INFO     | __main__:test_performance_logging:131 - Performance test message 805
2026-02-01 13:49:53 | INFO     | __main__:test_performance_logging:131 - Performance test message 806
2026-02-01 13:49:53 | INFO     | __main__:test_performance_logging:131 - Performance test message 807
2026-02-01 13:49:53 | INFO     | __main__:test_performance_logging:131 - Performance test message 808
2026-02-01 13:49:53 | INFO     | __main__:test_performance_logging:131 - Performance test message 809
2026-02-01 13:49:53 | INFO     | __main__:test_performance_logging:131 - Performance test message 810
2026-02-01 13:49:53 | INFO     | __main__:test_performance_logging:131 - Performance test message 811
2026-02-01 13:49:53 | INFO     | __main__:test_performance_logging:131 - Performance test message 812
2026-02-01 13:49:53 | INFO     | __main__:test_performance_logging:131 - Performance test message 813
2026-02-01 13:49:53 | INFO     | __main__:test_performance_logging:131 - Performance test message 814
2026-02-01 13:49:53 | INFO     | __main__:test_performance_logging:131 - Performance test message 815
2026-02-01 13:49:53 | INFO     | __main__:test_performance_logging:131 - Performance test message 816
2026-02-01 13:49:53 | INFO     | __main__:test_performance_logging:131 - Performance test message 817
2026-02-01 13:49:53 | INFO     | __main__:test_performance_logging:131 - Performance test message 818
2026-02-01 13:49:53 | INFO     | __main__:test_performance_logging:131 - Performance test message 819
2026-02-01 13:49:53 | INFO     | __main__:test_performance_logging:131 - Performance test message 820
2026-02-01 13:49:53 | INFO     | __main__:test_performance_logging:131 - Performance test message 821
2026-02-01 13:49:53 | INFO     | __main__:test_performance_logging:131 - Performance test message 822
2026-02-01 13:49:53 | INFO     | __main__:test_performance_logging:131 - Performance test message 823
2026-02-01 13:49:53 | INFO     | __main__:test_performance_logging:131 - Performance test message 824
2026-02-01 13:49:53 | INFO     | __main__:test_performance_logging:131 - Performance test message 825
2026-02-01 13:49:53 | INFO     | __main__:test_performance_logging:131 - Performance test message 826
2026-02-01 13:49:53 | INFO     | __main__:test_performance_logging:131 - Performance test message 827
2026-02-01 13:49:53 | INFO     | __main__:test_performance_logging:131 - Performance test message 828
2026-02-01 13:49:53 | INFO     | __main__:test_performance_logging:131 - Performance test message 829
2026-02-01 13:49:53 | INFO     | __main__:test_performance_logging:131 - Performance test message 830
2026-02-01 13:49:53 | INFO     | __main__:test_performance_logging:131 - Performance test message 831
2026-02-01 13:49:53 | INFO     | __main__:test_performance_logging:131 - Performance test message 832
2026-02-01 13:49:53 | INFO     | __main__:test_performance_logging:131 - Performance test message 833
2026-02-01 13:49:53 | INFO     | __main__:test_performance_logging:131 - Performance test message 834
2026-02-01 13:49:53 | INFO     | __main__:test_performance_logging:131 - Performance test message 835
2026-02-01 13:49:53 | INFO     | __main__:test_performance_logging:131 - Performance test message 836
2026-02-01 13:49:53 | INFO     | __main__:test_performance_logging:131 - Performance test message 837
2026-02-01 13:49:53 | INFO     | __main__:test_performance_logging:131 - Performance test message 838
2026-02-01 13:49:53 | INFO     | __main__:test_performance_logging:131 - Performance test message 839
2026-02-01 13:49:53 | INFO     | __main__:test_performance_logging:131 - Performance test message 840
2026-02-01 13:49:53 | INFO     | __main__:test_performance_logging:131 - Performance test message 841
2026-02-01 13:49:53 | INFO     | __main__:test_performance_logging:131 - Performance test message 842
2026-02-01 13:49:53 | INFO     | __main__:test_performance_logging:131 - Performance test message 843
2026-02-01 13:49:53 | INFO     | __main__:test_performance_logging:131 - Performance test message 844
2026-02-01 13:49:53 | INFO     | __main__:test_performance_logging:131 - Performance test message 845
2026-02-01 13:49:53 | INFO     | __main__:test_performance_logging:131 - Performance test message 846
2026-02-01 13:49:53 | INFO     | __main__:test_performance_logging:131 - Performance test message 847
2026-02-01 13:49:53 | INFO     | __main__:test_performance_logging:131 - Performance test message 848
2026-02-01 13:49:53 | INFO     | __main__:test_performance_logging:131 - Performance test message 849
2026-02-01 13:49:53 | INFO     | __main__:test_performance_logging:131 - Performance test message 850
2026-02-01 13:49:53 | INFO     | __main__:test_performance_logging:131 - Performance test message 851
2026-02-01 13:49:53 | INFO     | __main__:test_performance_logging:131 - Performance test message 852
2026-02-01 13:49:53 | INFO     | __main__:test_performance_logging:131 - Performance test message 853
2026-02-01 13:49:53 | INFO     | __main__:test_performance_logging:131 - Performance test message 854
2026-02-01 13:49:53 | INFO     | __main__:test_performance_logging:131 - Performance test message 855
2026-02-01 13:49:53 | INFO     | __main__:test_performance_logging:131 - Performance test message 856
2026-02-01 13:49:53 | INFO     | __main__:test_performance_logging:131 - Performance test message 857
2026-02-01 13:49:53 | INFO     | __main__:test_performance_logging:131 - Performance test message 858
2026-02-01 13:49:53 | INFO     | __main__:test_performance_logging:131 - Performance test message 859
2026-02-01 13:49:53 | INFO     | __main__:test_performance_logging:131 - Performance test message 860
2026-02-01 13:49:53 | INFO     | __main__:test_performance_logging:131 - Performance test message 861
2026-02-01 13:49:53 | INFO     | __main__:test_performance_logging:131 - Performance test message 862
2026-02-01 13:49:53 | INFO     | __main__:test_performance_logging:131 - Performance test message 863
2026-02-01 13:49:53 | INFO     | __main__:test_performance_logging:131 - Performance test message 864
2026-02-01 13:49:53 | INFO     | __main__:test_performance_logging:131 - Performance test message 865
2026-02-01 13:49:53 | INFO     | __main__:test_performance_logging:131 - Performance test message 866
2026-02-01 13:49:53 | INFO     | __main__:test_performance_logging:131 - Performance test message 867
2026-02-01 13:49:53 | INFO     | __main__:test_performance_logging:131 - Performance test message 868
2026-02-01 13:49:53 | INFO     | __main__:test_performance_logging:131 - Performance test message 869
2026-02-01 13:49:53 | INFO     | __main__:test_performance_logging:131 - Performance test message 870
2026-02-01 13:49:53 | INFO     | __main__:test_performance_logging:131 - Performance test message 871
2026-02-01 13:49:53 | INFO     | __main__:test_performance_logging:131 - Performance test message 872
2026-02-01 13:49:53 | INFO     | __main__:test_performance_logging:131 - Performance test message 873
2026-02-01 13:49:53 | INFO     | __main__:test_performance_logging:131 - Performance test message 874
2026-02-01 13:49:53 | INFO     | __main__:test_performance_logging:131 - Performance test message 875
2026-02-01 13:49:53 | INFO     | __main__:test_performance_logging:131 - Performance test message 876
2026-02-01 13:49:53 | INFO     | __main__:test_performance_logging:131 - Performance test message 877
2026-02-01 13:49:53 | INFO     | __main__:test_performance_logging:131 - Performance test message 878
2026-02-01 13:49:53 | INFO     | __main__:test_performance_logging:131 - Performance test message 879
2026-02-01 13:49:53 | INFO     | __main__:test_performance_logging:131 - Performance test message 880
2026-02-01 13:49:53 | INFO     | __main__:test_performance_logging:131 - Performance test message 881
2026-02-01 13:49:53 | INFO     | __main__:test_performance_logging:131 - Performance test message 882
2026-02-01 13:49:53 | INFO     | __main__:test_performance_logging:131 - Performance test message 883
2026-02-01 13:49:53 | INFO     | __main__:test_performance_logging:131 - Performance test message 884
2026-02-01 13:49:53 | INFO     | __main__:test_performance_logging:131 - Performance test message 885
2026-02-01 13:49:53 | INFO     | __main__:test_performance_logging:131 - Performance test message 886
2026-02-01 13:49:53 | INFO     | __main__:test_performance_logging:131 - Performance test message 887
2026-02-01 13:49:53 | INFO     | __main__:test_performance_logging:131 - Performance test message 888
2026-02-01 13:49:53 | INFO     | __main__:test_performance_logging:131 - Performance test message 889
2026-02-01 13:49:53 | INFO     | __main__:test_performance_logging:131 - Performance test message 890
2026-02-01 13:49:53 | INFO     | __main__:test_performance_logging:131 - Performance test message 891
2026-02-01 13:49:53 | INFO     | __main__:test_performance_logging:131 - Performance test message 892
2026-02-01 13:49:53 | INFO     | __main__:test_performance_logging:131 - Performance test message 893
2026-02-01 13:49:53 | INFO     | __main__:test_performance_logging:131 - Performance test message 894
2026-02-01 13:49:53 | INFO     | __main__:test_performance_logging:131 - Performance test message 895
2026-02-01 13:49:53 | INFO     | __main__:test_performance_logging:131 - Performance test message 896
2026-02-01 13:49:53 | INFO     | __main__:test_performance_logging:131 - Performance test message 897
2026-02-01 13:49:53 | INFO     | __main__:test_performance_logging:131 - Performance test message 898
2026-02-01 13:49:53 | INFO     | __main__:test_performance_logging:131 - Performance test message 899
2026-02-01 13:49:53 | INFO     | __main__:test_performance_logging:131 - Performance test message 900
2026-02-01 13:49:53 | INFO     | __main__:test_performance_logging:131 - Performance test message 901
2026-02-01 13:49:53 | INFO     | __main__:test_performance_logging:131 - Performance test message 902
2026-02-01 13:49:53 | INFO     | __main__:test_performance_logging:131 - Performance test message 903
2026-02-01 13:49:53 | INFO     | __main__:test_performance_logging:131 - Performance test message 904
2026-02-01 13:49:53 | INFO     | __main__:test_performance_logging:131 - Performance test message 905
2026-02-01 13:49:53 | INFO     | __main__:test_performance_logging:131 - Performance test message 906
2026-02-01 13:49:53 | INFO     | __main__:test_performance_logging:131 - Performance test message 907
2026-02-01 13:49:53 | INFO     | __main__:test_performance_logging:131 - Performance test message 908
2026-02-01 13:49:53 | INFO     | __main__:test_performance_logging:131 - Performance test message 909
2026-02-01 13:49:53 | INFO     | __main__:test_performance_logging:131 - Performance test message 910
2026-02-01 13:49:53 | INFO     | __main__:test_performance_logging:131 - Performance test message 911
2026-02-01 13:49:53 | INFO     | __main__:test_performance_logging:131 - Performance test message 912
2026-02-01 13:49:53 | INFO     | __main__:test_performance_logging:131 - Performance test message 913
2026-02-01 13:49:53 | INFO     | __main__:test_performance_logging:131 - Performance test message 914
2026-02-01 13:49:53 | INFO     | __main__:test_performance_logging:131 - Performance test message 915
2026-02-01 13:49:53 | INFO     | __main__:test_performance_logging:131 - Performance test message 916
2026-02-01 13:49:53 | INFO     | __main__:test_performance_logging:131 - Performance test message 917
2026-02-01 13:49:53 | INFO     | __main__:test_performance_logging:131 - Performance test message 918
2026-02-01 13:49:53 | INFO     | __main__:test_performance_logging:131 - Performance test message 919
2026-02-01 13:49:53 | INFO     | __main__:test_performance_logging:131 - Performance test message 920
2026-02-01 13:49:53 | INFO     | __main__:test_performance_logging:131 - Performance test message 921
2026-02-01 13:49:53 | INFO     | __main__:test_performance_logging:131 - Performance test message 922
2026-02-01 13:49:53 | INFO     | __main__:test_performance_logging:131 - Performance test message 923
2026-02-01 13:49:53 | INFO     | __main__:test_performance_logging:131 - Performance test message 924
2026-02-01 13:49:53 | INFO     | __main__:test_performance_logging:131 - Performance test message 925
2026-02-01 13:49:53 | INFO     | __main__:test_performance_logging:131 - Performance test message 926
2026-02-01 13:49:53 | INFO     | __main__:test_performance_logging:131 - Performance test message 927
2026-02-01 13:49:53 | INFO     | __main__:test_performance_logging:131 - Performance test message 928
2026-02-01 13:49:53 | INFO     | __main__:test_performance_logging:131 - Performance test message 929
2026-02-01 13:49:53 | INFO     | __main__:test_performance_logging:131 - Performance test message 930
2026-02-01 13:49:53 | INFO     | __main__:test_performance_logging:131 - Performance test message 931
2026-02-01 13:49:53 | INFO     | __main__:test_performance_logging:131 - Performance test message 932
2026-02-01 13:49:53 | INFO     | __main__:test_performance_logging:131 - Performance test message 933
2026-02-01 13:49:53 | INFO     | __main__:test_performance_logging:131 - Performance test message 934
2026-02-01 13:49:53 | INFO     | __main__:test_performance_logging:131 - Performance test message 935
2026-02-01 13:49:53 | INFO     | __main__:test_performance_logging:131 - Performance test message 936
2026-02-01 13:49:53 | INFO     | __main__:test_performance_logging:131 - Performance test message 937
2026-02-01 13:49:53 | INFO     | __main__:test_performance_logging:131 - Performance test message 938
2026-02-01 13:49:53 | INFO     | __main__:test_performance_logging:131 - Performance test message 939
2026-02-01 13:49:53 | INFO     | __main__:test_performance_logging:131 - Performance test message 940
2026-02-01 13:49:53 | INFO     | __main__:test_performance_logging:131 - Performance test message 941
2026-02-01 13:49:53 | INFO     | __main__:test_performance_logging:131 - Performance test message 942
2026-02-01 13:49:53 | INFO     | __main__:test_performance_logging:131 - Performance test message 943
2026-02-01 13:49:53 | INFO     | __main__:test_performance_logging:131 - Performance test message 944
2026-02-01 13:49:53 | INFO     | __main__:test_performance_logging:131 - Performance test message 945
2026-02-01 13:49:53 | INFO     | __main__:test_performance_logging:131 - Performance test message 946
2026-02-01 13:49:53 | INFO     | __main__:test_performance_logging:131 - Performance test message 947
2026-02-01 13:49:53 | INFO     | __main__:test_performance_logging:131 - Performance test message 948
2026-02-01 13:49:53 | INFO     | __main__:test_performance_logging:131 - Performance test message 949
2026-02-01 13:49:53 | INFO     | __main__:test_performance_logging:131 - Performance test message 950
2026-02-01 13:49:53 | INFO     | __main__:test_performance_logging:131 - Performance test message 951
2026-02-01 13:49:53 | INFO     | __main__:test_performance_logging:131 - Performance test message 952
2026-02-01 13:49:53 | INFO     | __main__:test_performance_logging:131 - Performance test message 953
2026-02-01 13:49:53 | INFO     | __main__:test_performance_logging:131 - Performance test message 954
2026-02-01 13:49:53 | INFO     | __main__:test_performance_logging:131 - Performance test message 955
2026-02-01 13:49:53 | INFO     | __main__:test_performance_logging:131 - Performance test message 956
2026-02-01 13:49:53 | INFO     | __main__:test_performance_logging:131 - Performance test message 957
2026-02-01 13:49:53 | INFO     | __main__:test_performance_logging:131 - Performance test message 958
2026-02-01 13:49:53 | INFO     | __main__:test_performance_logging:131 - Performance test message 959
2026-02-01 13:49:53 | INFO     | __main__:test_performance_logging:131 - Performance test message 960
2026-02-01 13:49:53 | INFO     | __main__:test_performance_logging:131 - Performance test message 961
2026-02-01 13:49:53 | INFO     | __main__:test_performance_logging:131 - Performance test message 962
2026-02-01 13:49:53 | INFO     | __main__:test_performance_logging:131 - Performance test message 963
2026-02-01 13:49:53 | INFO     | __main__:test_performance_logging:131 - Performance test message 964
2026-02-01 13:49:53 | INFO     | __main__:test_performance_logging:131 - Performance test message 965
2026-02-01 13:49:53 | INFO     | __main__:test_performance_logging:131 - Performance test message 966
2026-02-01 13:49:53 | INFO     | __main__:test_performance_logging:131 - Performance test message 967
2026-02-01 13:49:53 | INFO     | __main__:test_performance_logging:131 - Performance test message 968
2026-02-01 13:49:53 | INFO     | __main__:test_performance_logging:131 - Performance test message 969
2026-02-01 13:49:53 | INFO     | __main__:test_performance_logging:131 - Performance test message 970
2026-02-01 13:49:53 | INFO     | __main__:test_performance_logging:131 - Performance test message 971
2026-02-01 13:49:53 | INFO     | __main__:test_performance_logging:131 - Performance test message 972
2026-02-01 13:49:53 | INFO     | __main__:test_performance_logging:131 - Performance test message 973
2026-02-01 13:49:53 | INFO     | __main__:test_performance_logging:131 - Performance test message 974
2026-02-01 13:49:53 | INFO     | __main__:test_performance_logging:131 - Performance test message 975
2026-02-01 13:49:53 | INFO     | __main__:test_performance_logging:131 - Performance test message 976
2026-02-01 13:49:53 | INFO     | __main__:test_performance_logging:131 - Performance test message 977
2026-02-01 13:49:53 | INFO     | __main__:test_performance_logging:131 - Performance test message 978
2026-02-01 13:49:53 | INFO     | __main__:test_performance_logging:131 - Performance test message 979
2026-02-01 13:49:53 | INFO     | __main__:test_performance_logging:131 - Performance test message 980
2026-02-01 13:49:53 | INFO     | __main__:test_performance_logging:131 - Performance test message 981
2026-02-01 13:49:53 | INFO     | __main__:test_performance_logging:131 - Performance test message 982
2026-02-01 13:49:53 | INFO     | __main__:test_performance_logging:131 - Performance test message 983
2026-02-01 13:49:53 | INFO     | __main__:test_performance_logging:131 - Performance test message 984
2026-02-01 13:49:53 | INFO     | __main__:test_performance_logging:131 - Performance test message 985
2026-02-01 13:49:53 | INFO     | __main__:test_performance_logging:131 - Performance test message 986
2026-02-01 13:49:53 | INFO     | __main__:test_performance_logging:131 - Performance test message 987
2026-02-01 13:49:53 | INFO     | __main__:test_performance_logging:131 - Performance test message 988
2026-02-01 13:49:53 | INFO     | __main__:test_performance_logging:131 - Performance test message 989
2026-02-01 13:49:53 | INFO     | __main__:test_performance_logging:131 - Performance test message 990
2026-02-01 13:49:53 | INFO     | __main__:test_performance_logging:131 - Performance test message 991
2026-02-01 13:49:53 | INFO     | __main__:test_performance_logging:131 - Performance test message 992
2026-02-01 13:49:53 | INFO     | __main__:test_performance_logging:131 - Performance test message 993
2026-02-01 13:49:53 | INFO     | __main__:test_performance_logging:131 - Performance test message 994
2026-02-01 13:49:53 | INFO     | __main__:test_performance_logging:131 - Performance test message 995
2026-02-01 13:49:53 | INFO     | __main__:test_performance_logging:131 - Performance test message 996
2026-02-01 13:49:53 | INFO     | __main__:test_performance_logging:131 - Performance test message 997
2026-02-01 13:49:53 | INFO     | __main__:test_performance_logging:131 - Performance test message 998
2026-02-01 13:49:53 | INFO     | __main__:test_performance_logging:131 - Performance test message 999
2026-02-01 13:54:20 | INFO     | src.utils.logging_config:setup_logging:59 - Logging system initialized: level=INFO, console=True, file=True
2026-02-01 13:54:20 | INFO     | __main__:check_logging:75 - Test log message
2026-02-01 13:54:20 | INFO     | src.utils.logging_config:setup_logging:59 - Logging system initialized: level=INFO, console=True, file=True
2026-02-01 13:54:20 | INFO     | src.api.server:<module>:47 - API Server starting with config: port=8000
2026-02-01 14:01:03 | INFO     | src.utils.logging_config:setup_logging:59 - Logging system initialized: level=INFO, console=True, file=True
2026-02-01 14:01:03 | INFO     | __main__:test_basic_logging:32 - This is an INFO message
2026-02-01 14:01:03 | WARNING  | __main__:test_basic_logging:33 - This is a WARNING message
2026-02-01 14:01:03 | ERROR    | __main__:test_basic_logging:34 - This is an ERROR message
2026-02-01 14:01:03 | INFO     | src.utils.logging_config:log_performance:91 - PERF: backtest_execution completed in 12.345s
2026-02-01 14:01:03 | INFO     | src.utils.logging_config:log_trade:108 - TRADE: BUY 1000 sh.600000 @ 15.23
2026-02-01 14:01:03 | INFO     | src.utils.logging_config:log_trade:108 - TRADE: SELL 500 sh.510880 @ 3.45
2026-02-01 14:01:03 | ERROR    | src.utils.logging_config:log_error_with_context:124 - Error occurred: division by zero
2026-02-01 14:01:03 | INFO     | __main__:test_logger_binding:91 - Strategy initialized with parameters
2026-02-01 14:01:03 | INFO     | __main__:test_logger_binding:92 - Broker ready, initial cash: $1,000,000
2026-02-01 14:01:03 | INFO     | __main__:test_logger_binding:93 - Engine starting backtest run
2026-02-01 14:01:03 | INFO     | __main__:test_performance_logging:131 - Performance test message 0
2026-02-01 14:01:03 | INFO     | __main__:test_performance_logging:131 - Performance test message 1
2026-02-01 14:01:03 | INFO     | __main__:test_performance_logging:131 - Performance test message 2
2026-02-01 14:01:03 | INFO     | __main__:test_performance_logging:131 - Performance test message 3
2026-02-01 14:01:03 | INFO     | __main__:test_performance_logging:131 - Performance test message 4
2026-02-01 14:01:03 | INFO     | __main__:test_performance_logging:131 - Performance test message 5
2026-02-01 14:01:03 | INFO     | __main__:test_performance_logging:131 - Performance test message 6
2026-02-01 14:01:03 | INFO     | __main__:test_performance_logging:131 - Performance test message 7
2026-02-01 14:01:03 | INFO     | __main__:test_performance_logging:131 - Performance test message 8
2026-02-01 14:01:03 | INFO     | __main__:test_performance_logging:131 - Performance test message 9
2026-02-01 14:01:03 | INFO     | __main__:test_performance_logging:131 - Performance test message 10
2026-02-01 14:01:03 | INFO     | __main__:test_performance_logging:131 - Performance test message 11
2026-02-01 14:01:03 | INFO     | __main__:test_performance_logging:131 - Performance test message 12
2026-02-01 14:01:03 | INFO     | __main__:test_performance_logging:131 - Performance test message 13
2026-02-01 14:01:03 | INFO     | __main__:test_performance_logging:131 - Performance test message 14
2026-02-01 14:01:03 | INFO     | __main__:test_performance_logging:131 - Performance test message 15
2026-02-01 14:01:03 | INFO     | __main__:test_performance_logging:131 - Performance test message 16
2026-02-01 14:01:03 | INFO     | __main__:test_performance_logging:131 - Performance test message 17
2026-02-01 14:01:03 | INFO     | __main__:test_performance_logging:131 - Performance test message 18
2026-02-01 14:01:03 | INFO     | __main__:test_performance_logging:131 - Performance test message 19
2026-02-01 14:01:03 | INFO     | __main__:test_performance_logging:131 - Performance test message 20
2026-02-01 14:01:03 | INFO     | __main__:test_performance_logging:131 - Performance test message 21
2026-02-01 14:01:03 | INFO     | __main__:test_performance_logging:131 - Performance test message 22
2026-02-01 14:01:03 | INFO     | __main__:test_performance_logging:131 - Performance test message 23
2026-02-01 14:01:03 | INFO     | __main__:test_performance_logging:131 - Performance test message 24
2026-02-01 14:01:03 | INFO     | __main__:test_performance_logging:131 - Performance test message 25
2026-02-01 14:01:03 | INFO     | __main__:test_performance_logging:131 - Performance test message 26
2026-02-01 14:01:03 | INFO     | __main__:test_performance_logging:131 - Performance test message 27
2026-02-01 14:01:03 | INFO     | __main__:test_performance_logging:131 - Performance test message 28
2026-02-01 14:01:03 | INFO     | __main__:test_performance_logging:131 - Performance test message 29
2026-02-01 14:01:03 | INFO     | __main__:test_performance_logging:131 - Performance test message 30
2026-02-01 14:01:03 | INFO     | __main__:test_performance_logging:131 - Performance test message 31
2026-02-01 14:01:03 | INFO     | __main__:test_performance_logging:131 - Performance test message 32
2026-02-01 14:01:03 | INFO     | __main__:test_performance_logging:131 - Performance test message 33
2026-02-01 14:01:03 | INFO     | __main__:test_performance_logging:131 - Performance test message 34
2026-02-01 14:01:03 | INFO     | __main__:test_performance_logging:131 - Performance test message 35
2026-02-01 14:01:03 | INFO     | __main__:test_performance_logging:131 - Performance test message 36
2026-02-01 14:01:03 | INFO     | __main__:test_performance_logging:131 - Performance test message 37
2026-02-01 14:01:03 | INFO     | __main__:test_performance_logging:131 - Performance test message 38
2026-02-01 14:01:03 | INFO     | __main__:test_performance_logging:131 - Performance test message 39
2026-02-01 14:01:03 | INFO     | __main__:test_performance_logging:131 - Performance test message 40
2026-02-01 14:01:03 | INFO     | __main__:test_performance_logging:131 - Performance test message 41
2026-02-01 14:01:03 | INFO     | __main__:test_performance_logging:131 - Performance test message 42
2026-02-01 14:01:03 | INFO     | __main__:test_performance_logging:131 - Performance test message 43
2026-02-01 14:01:03 | INFO     | __main__:test_performance_logging:131 - Performance test message 44
2026-02-01 14:01:03 | INFO     | __main__:test_performance_logging:131 - Performance test message 45
2026-02-01 14:01:03 | INFO     | __main__:test_performance_logging:131 - Performance test message 46
2026-02-01 14:01:03 | INFO     | __main__:test_performance_logging:131 - Performance test message 47
2026-02-01 14:01:03 | INFO     | __main__:test_performance_logging:131 - Performance test message 48
2026-02-01 14:01:03 | INFO     | __main__:test_performance_logging:131 - Performance test message 49
2026-02-01 14:01:03 | INFO     | __main__:test_performance_logging:131 - Performance test message 50
2026-02-01 14:01:03 | INFO     | __main__:test_performance_logging:131 - Performance test message 51
2026-02-01 14:01:03 | INFO     | __main__:test_performance_logging:131 - Performance test message 52
2026-02-01 14:01:03 | INFO     | __main__:test_performance_logging:131 - Performance test message 53
2026-02-01 14:01:03 | INFO     | __main__:test_performance_logging:131 - Performance test message 54
2026-02-01 14:01:03 | INFO     | __main__:test_performance_logging:131 - Performance test message 55
2026-02-01 14:01:03 | INFO     | __main__:test_performance_logging:131 - Performance test message 56
2026-02-01 14:01:03 | INFO     | __main__:test_performance_logging:131 - Performance test message 57
2026-02-01 14:01:03 | INFO     | __main__:test_performance_logging:131 - Performance test message 58
2026-02-01 14:01:03 | INFO     | __main__:test_performance_logging:131 - Performance test message 59
2026-02-01 14:01:03 | INFO     | __main__:test_performance_logging:131 - Performance test message 60
2026-02-01 14:01:03 | INFO     | __main__:test_performance_logging:131 - Performance test message 61
2026-02-01 14:01:03 | INFO     | __main__:test_performance_logging:131 - Performance test message 62
2026-02-01 14:01:03 | INFO     | __main__:test_performance_logging:131 - Performance test message 63
2026-02-01 14:01:03 | INFO     | __main__:test_performance_logging:131 - Performance test message 64
2026-02-01 14:01:03 | INFO     | __main__:test_performance_logging:131 - Performance test message 65
2026-02-01 14:01:03 | INFO     | __main__:test_performance_logging:131 - Performance test message 66
2026-02-01 14:01:03 | INFO     | __main__:test_performance_logging:131 - Performance test message 67
2026-02-01 14:01:03 | INFO     | __main__:test_performance_logging:131 - Performance test message 68
2026-02-01 14:01:03 | INFO     | __main__:test_performance_logging:131 - Performance test message 69
2026-02-01 14:01:03 | INFO     | __main__:test_performance_logging:131 - Performance test message 70
2026-02-01 14:01:03 | INFO     | __main__:test_performance_logging:131 - Performance test message 71
2026-02-01 14:01:03 | INFO     | __main__:test_performance_logging:131 - Performance test message 72
2026-02-01 14:01:03 | INFO     | __main__:test_performance_logging:131 - Performance test message 73
2026-02-01 14:01:03 | INFO     | __main__:test_performance_logging:131 - Performance test message 74
2026-02-01 14:01:03 | INFO     | __main__:test_performance_logging:131 - Performance test message 75
2026-02-01 14:01:03 | INFO     | __main__:test_performance_logging:131 - Performance test message 76
2026-02-01 14:01:03 | INFO     | __main__:test_performance_logging:131 - Performance test message 77
2026-02-01 14:01:03 | INFO     | __main__:test_performance_logging:131 - Performance test message 78
2026-02-01 14:01:03 | INFO     | __main__:test_performance_logging:131 - Performance test message 79
2026-02-01 14:01:03 | INFO     | __main__:test_performance_logging:131 - Performance test message 80
2026-02-01 14:01:03 | INFO     | __main__:test_performance_logging:131 - Performance test message 81
2026-02-01 14:01:03 | INFO     | __main__:test_performance_logging:131 - Performance test message 82
2026-02-01 14:01:03 | INFO     | __main__:test_performance_logging:131 - Performance test message 83
2026-02-01 14:01:03 | INFO     | __main__:test_performance_logging:131 - Performance test message 84
2026-02-01 14:01:03 | INFO     | __main__:test_performance_logging:131 - Performance test message 85
2026-02-01 14:01:03 | INFO     | __main__:test_performance_logging:131 - Performance test message 86
2026-02-01 14:01:03 | INFO     | __main__:test_performance_logging:131 - Performance test message 87
2026-02-01 14:01:03 | INFO     | __main__:test_performance_logging:131 - Performance test message 88
2026-02-01 14:01:03 | INFO     | __main__:test_performance_logging:131 - Performance test message 89
2026-02-01 14:01:03 | INFO     | __main__:test_performance_logging:131 - Performance test message 90
2026-02-01 14:01:03 | INFO     | __main__:test_performance_logging:131 - Performance test message 91
2026-02-01 14:01:03 | INFO     | __main__:test_performance_logging:131 - Performance test message 92
2026-02-01 14:01:03 | INFO     | __main__:test_performance_logging:131 - Performance test message 93
2026-02-01 14:01:03 | INFO     | __main__:test_performance_logging:131 - Performance test message 94
2026-02-01 14:01:03 | INFO     | __main__:test_performance_logging:131 - Performance test message 95
2026-02-01 14:01:03 | INFO     | __main__:test_performance_logging:131 - Performance test message 96
2026-02-01 14:01:03 | INFO     | __main__:test_performance_logging:131 - Performance test message 97
2026-02-01 14:01:03 | INFO     | __main__:test_performance_logging:131 - Performance test message 98
2026-02-01 14:01:03 | INFO     | __main__:test_performance_logging:131 - Performance test message 99
2026-02-01 14:01:03 | INFO     | __main__:test_performance_logging:131 - Performance test message 100
2026-02-01 14:01:03 | INFO     | __main__:test_performance_logging:131 - Performance test message 101
2026-02-01 14:01:03 | INFO     | __main__:test_performance_logging:131 - Performance test message 102
2026-02-01 14:01:03 | INFO     | __main__:test_performance_logging:131 - Performance test message 103
2026-02-01 14:01:03 | INFO     | __main__:test_performance_logging:131 - Performance test message 104
2026-02-01 14:01:03 | INFO     | __main__:test_performance_logging:131 - Performance test message 105
2026-02-01 14:01:03 | INFO     | __main__:test_performance_logging:131 - Performance test message 106
2026-02-01 14:01:03 | INFO     | __main__:test_performance_logging:131 - Performance test message 107
2026-02-01 14:01:03 | INFO     | __main__:test_performance_logging:131 - Performance test message 108
2026-02-01 14:01:03 | INFO     | __main__:test_performance_logging:131 - Performance test message 109
2026-02-01 14:01:03 | INFO     | __main__:test_performance_logging:131 - Performance test message 110
2026-02-01 14:01:03 | INFO     | __main__:test_performance_logging:131 - Performance test message 111
2026-02-01 14:01:03 | INFO     | __main__:test_performance_logging:131 - Performance test message 112
2026-02-01 14:01:03 | INFO     | __main__:test_performance_logging:131 - Performance test message 113
2026-02-01 14:01:03 | INFO     | __main__:test_performance_logging:131 - Performance test message 114
2026-02-01 14:01:03 | INFO     | __main__:test_performance_logging:131 - Performance test message 115
2026-02-01 14:01:03 | INFO     | __main__:test_performance_logging:131 - Performance test message 116
2026-02-01 14:01:03 | INFO     | __main__:test_performance_logging:131 - Performance test message 117
2026-02-01 14:01:03 | INFO     | __main__:test_performance_logging:131 - Performance test message 118
2026-02-01 14:01:03 | INFO     | __main__:test_performance_logging:131 - Performance test message 119
2026-02-01 14:01:03 | INFO     | __main__:test_performance_logging:131 - Performance test message 120
2026-02-01 14:01:03 | INFO     | __main__:test_performance_logging:131 - Performance test message 121
2026-02-01 14:01:03 | INFO     | __main__:test_performance_logging:131 - Performance test message 122
2026-02-01 14:01:03 | INFO     | __main__:test_performance_logging:131 - Performance test message 123
2026-02-01 14:01:03 | INFO     | __main__:test_performance_logging:131 - Performance test message 124
2026-02-01 14:01:03 | INFO     | __main__:test_performance_logging:131 - Performance test message 125
2026-02-01 14:01:03 | INFO     | __main__:test_performance_logging:131 - Performance test message 126
2026-02-01 14:01:03 | INFO     | __main__:test_performance_logging:131 - Performance test message 127
2026-02-01 14:01:03 | INFO     | __main__:test_performance_logging:131 - Performance test message 128
2026-02-01 14:01:03 | INFO     | __main__:test_performance_logging:131 - Performance test message 129
2026-02-01 14:01:03 | INFO     | __main__:test_performance_logging:131 - Performance test message 130
2026-02-01 14:01:03 | INFO     | __main__:test_performance_logging:131 - Performance test message 131
2026-02-01 14:01:03 | INFO     | __main__:test_performance_logging:131 - Performance test message 132
2026-02-01 14:01:03 | INFO     | __main__:test_performance_logging:131 - Performance test message 133
2026-02-01 14:01:03 | INFO     | __main__:test_performance_logging:131 - Performance test message 134
2026-02-01 14:01:03 | INFO     | __main__:test_performance_logging:131 - Performance test message 135
2026-02-01 14:01:03 | INFO     | __main__:test_performance_logging:131 - Performance test message 136
2026-02-01 14:01:03 | INFO     | __main__:test_performance_logging:131 - Performance test message 137
2026-02-01 14:01:03 | INFO     | __main__:test_performance_logging:131 - Performance test message 138
2026-02-01 14:01:03 | INFO     | __main__:test_performance_logging:131 - Performance test message 139
2026-02-01 14:01:03 | INFO     | __main__:test_performance_logging:131 - Performance test message 140
2026-02-01 14:01:03 | INFO     | __main__:test_performance_logging:131 - Performance test message 141
2026-02-01 14:01:03 | INFO     | __main__:test_performance_logging:131 - Performance test message 142
2026-02-01 14:01:03 | INFO     | __main__:test_performance_logging:131 - Performance test message 143
2026-02-01 14:01:03 | INFO     | __main__:test_performance_logging:131 - Performance test message 144
2026-02-01 14:01:03 | INFO     | __main__:test_performance_logging:131 - Performance test message 145
2026-02-01 14:01:03 | INFO     | __main__:test_performance_logging:131 - Performance test message 146
2026-02-01 14:01:03 | INFO     | __main__:test_performance_logging:131 - Performance test message 147
2026-02-01 14:01:03 | INFO     | __main__:test_performance_logging:131 - Performance test message 148
2026-02-01 14:01:03 | INFO     | __main__:test_performance_logging:131 - Performance test message 149
2026-02-01 14:01:03 | INFO     | __main__:test_performance_logging:131 - Performance test message 150
2026-02-01 14:01:03 | INFO     | __main__:test_performance_logging:131 - Performance test message 151
2026-02-01 14:01:03 | INFO     | __main__:test_performance_logging:131 - Performance test message 152
2026-02-01 14:01:03 | INFO     | __main__:test_performance_logging:131 - Performance test message 153
2026-02-01 14:01:03 | INFO     | __main__:test_performance_logging:131 - Performance test message 154
2026-02-01 14:01:03 | INFO     | __main__:test_performance_logging:131 - Performance test message 155
2026-02-01 14:01:03 | INFO     | __main__:test_performance_logging:131 - Performance test message 156
2026-02-01 14:01:03 | INFO     | __main__:test_performance_logging:131 - Performance test message 157
2026-02-01 14:01:03 | INFO     | __main__:test_performance_logging:131 - Performance test message 158
2026-02-01 14:01:03 | INFO     | __main__:test_performance_logging:131 - Performance test message 159
2026-02-01 14:01:03 | INFO     | __main__:test_performance_logging:131 - Performance test message 160
2026-02-01 14:01:03 | INFO     | __main__:test_performance_logging:131 - Performance test message 161
2026-02-01 14:01:03 | INFO     | __main__:test_performance_logging:131 - Performance test message 162
2026-02-01 14:01:03 | INFO     | __main__:test_performance_logging:131 - Performance test message 163
2026-02-01 14:01:03 | INFO     | __main__:test_performance_logging:131 - Performance test message 164
2026-02-01 14:01:03 | INFO     | __main__:test_performance_logging:131 - Performance test message 165
2026-02-01 14:01:03 | INFO     | __main__:test_performance_logging:131 - Performance test message 166
2026-02-01 14:01:03 | INFO     | __main__:test_performance_logging:131 - Performance test message 167
2026-02-01 14:01:03 | INFO     | __main__:test_performance_logging:131 - Performance test message 168
2026-02-01 14:01:03 | INFO     | __main__:test_performance_logging:131 - Performance test message 169
2026-02-01 14:01:03 | INFO     | __main__:test_performance_logging:131 - Performance test message 170
2026-02-01 14:01:03 | INFO     | __main__:test_performance_logging:131 - Performance test message 171
2026-02-01 14:01:03 | INFO     | __main__:test_performance_logging:131 - Performance test message 172
2026-02-01 14:01:03 | INFO     | __main__:test_performance_logging:131 - Performance test message 173
2026-02-01 14:01:03 | INFO     | __main__:test_performance_logging:131 - Performance test message 174
2026-02-01 14:01:03 | INFO     | __main__:test_performance_logging:131 - Performance test message 175
2026-02-01 14:01:03 | INFO     | __main__:test_performance_logging:131 - Performance test message 176
2026-02-01 14:01:03 | INFO     | __main__:test_performance_logging:131 - Performance test message 177
2026-02-01 14:01:03 | INFO     | __main__:test_performance_logging:131 - Performance test message 178
2026-02-01 14:01:03 | INFO     | __main__:test_performance_logging:131 - Performance test message 179
2026-02-01 14:01:03 | INFO     | __main__:test_performance_logging:131 - Performance test message 180
2026-02-01 14:01:03 | INFO     | __main__:test_performance_logging:131 - Performance test message 181
2026-02-01 14:01:03 | INFO     | __main__:test_performance_logging:131 - Performance test message 182
2026-02-01 14:01:03 | INFO     | __main__:test_performance_logging:131 - Performance test message 183
2026-02-01 14:01:03 | INFO     | __main__:test_performance_logging:131 - Performance test message 184
2026-02-01 14:01:03 | INFO     | __main__:test_performance_logging:131 - Performance test message 185
2026-02-01 14:01:03 | INFO     | __main__:test_performance_logging:131 - Performance test message 186
2026-02-01 14:01:03 | INFO     | __main__:test_performance_logging:131 - Performance test message 187
2026-02-01 14:01:03 | INFO     | __main__:test_performance_logging:131 - Performance test message 188
2026-02-01 14:01:03 | INFO     | __main__:test_performance_logging:131 - Performance test message 189
2026-02-01 14:01:03 | INFO     | __main__:test_performance_logging:131 - Performance test message 190
2026-02-01 14:01:03 | INFO     | __main__:test_performance_logging:131 - Performance test message 191
2026-02-01 14:01:03 | INFO     | __main__:test_performance_logging:131 - Performance test message 192
2026-02-01 14:01:03 | INFO     | __main__:test_performance_logging:131 - Performance test message 193
2026-02-01 14:01:03 | INFO     | __main__:test_performance_logging:131 - Performance test message 194
2026-02-01 14:01:03 | INFO     | __main__:test_performance_logging:131 - Performance test message 195
2026-02-01 14:01:03 | INFO     | __main__:test_performance_logging:131 - Performance test message 196
2026-02-01 14:01:03 | INFO     | __main__:test_performance_logging:131 - Performance test message 197
2026-02-01 14:01:03 | INFO     | __main__:test_performance_logging:131 - Performance test message 198
2026-02-01 14:01:03 | INFO     | __main__:test_performance_logging:131 - Performance test message 199
2026-02-01 14:01:03 | INFO     | __main__:test_performance_logging:131 - Performance test message 200
2026-02-01 14:01:03 | INFO     | __main__:test_performance_logging:131 - Performance test message 201
2026-02-01 14:01:03 | INFO     | __main__:test_performance_logging:131 - Performance test message 202
2026-02-01 14:01:03 | INFO     | __main__:test_performance_logging:131 - Performance test message 203
2026-02-01 14:01:03 | INFO     | __main__:test_performance_logging:131 - Performance test message 204
2026-02-01 14:01:03 | INFO     | __main__:test_performance_logging:131 - Performance test message 205
2026-02-01 14:01:03 | INFO     | __main__:test_performance_logging:131 - Performance test message 206
2026-02-01 14:01:03 | INFO     | __main__:test_performance_logging:131 - Performance test message 207
2026-02-01 14:01:03 | INFO     | __main__:test_performance_logging:131 - Performance test message 208
2026-02-01 14:01:03 | INFO     | __main__:test_performance_logging:131 - Performance test message 209
2026-02-01 14:01:03 | INFO     | __main__:test_performance_logging:131 - Performance test message 210
2026-02-01 14:01:03 | INFO     | __main__:test_performance_logging:131 - Performance test message 211
2026-02-01 14:01:03 | INFO     | __main__:test_performance_logging:131 - Performance test message 212
2026-02-01 14:01:03 | INFO     | __main__:test_performance_logging:131 - Performance test message 213
2026-02-01 14:01:03 | INFO     | __main__:test_performance_logging:131 - Performance test message 214
2026-02-01 14:01:03 | INFO     | __main__:test_performance_logging:131 - Performance test message 215
2026-02-01 14:01:03 | INFO     | __main__:test_performance_logging:131 - Performance test message 216
2026-02-01 14:01:03 | INFO     | __main__:test_performance_logging:131 - Performance test message 217
2026-02-01 14:01:03 | INFO     | __main__:test_performance_logging:131 - Performance test message 218
2026-02-01 14:01:03 | INFO     | __main__:test_performance_logging:131 - Performance test message 219
2026-02-01 14:01:03 | INFO     | __main__:test_performance_logging:131 - Performance test message 220
2026-02-01 14:01:03 | INFO     | __main__:test_performance_logging:131 - Performance test message 221
2026-02-01 14:01:03 | INFO     | __main__:test_performance_logging:131 - Performance test message 222
2026-02-01 14:01:03 | INFO     | __main__:test_performance_logging:131 - Performance test message 223
2026-02-01 14:01:03 | INFO     | __main__:test_performance_logging:131 - Performance test message 224
2026-02-01 14:01:03 | INFO     | __main__:test_performance_logging:131 - Performance test message 225
2026-02-01 14:01:03 | INFO     | __main__:test_performance_logging:131 - Performance test message 226
2026-02-01 14:01:03 | INFO     | __main__:test_performance_logging:131 - Performance test message 227
2026-02-01 14:01:03 | INFO     | __main__:test_performance_logging:131 - Performance test message 228
2026-02-01 14:01:03 | INFO     | __main__:test_performance_logging:131 - Performance test message 229
2026-02-01 14:01:03 | INFO     | __main__:test_performance_logging:131 - Performance test message 230
2026-02-01 14:01:03 | INFO     | __main__:test_performance_logging:131 - Performance test message 231
2026-02-01 14:01:03 | INFO     | __main__:test_performance_logging:131 - Performance test message 232
2026-02-01 14:01:03 | INFO     | __main__:test_performance_logging:131 - Performance test message 233
2026-02-01 14:01:03 | INFO     | __main__:test_performance_logging:131 - Performance test message 234
2026-02-01 14:01:03 | INFO     | __main__:test_performance_logging:131 - Performance test message 235
2026-02-01 14:01:03 | INFO     | __main__:test_performance_logging:131 - Performance test message 236
2026-02-01 14:01:03 | INFO     | __main__:test_performance_logging:131 - Performance test message 237
2026-02-01 14:01:03 | INFO     | __main__:test_performance_logging:131 - Performance test message 238
2026-02-01 14:01:03 | INFO     | __main__:test_performance_logging:131 - Performance test message 239
2026-02-01 14:01:03 | INFO     | __main__:test_performance_logging:131 - Performance test message 240
2026-02-01 14:01:03 | INFO     | __main__:test_performance_logging:131 - Performance test message 241
2026-02-01 14:01:03 | INFO     | __main__:test_performance_logging:131 - Performance test message 242
2026-02-01 14:01:03 | INFO     | __main__:test_performance_logging:131 - Performance test message 243
2026-02-01 14:01:03 | INFO     | __main__:test_performance_logging:131 - Performance test message 244
2026-02-01 14:01:03 | INFO     | __main__:test_performance_logging:131 - Performance test message 245
2026-02-01 14:01:03 | INFO     | __main__:test_performance_logging:131 - Performance test message 246
2026-02-01 14:01:03 | INFO     | __main__:test_performance_logging:131 - Performance test message 247
2026-02-01 14:01:03 | INFO     | __main__:test_performance_logging:131 - Performance test message 248
2026-02-01 14:01:03 | INFO     | __main__:test_performance_logging:131 - Performance test message 249
2026-02-01 14:01:03 | INFO     | __main__:test_performance_logging:131 - Performance test message 250
2026-02-01 14:01:03 | INFO     | __main__:test_performance_logging:131 - Performance test message 251
2026-02-01 14:01:03 | INFO     | __main__:test_performance_logging:131 - Performance test message 252
2026-02-01 14:01:03 | INFO     | __main__:test_performance_logging:131 - Performance test message 253
2026-02-01 14:01:03 | INFO     | __main__:test_performance_logging:131 - Performance test message 254
2026-02-01 14:01:03 | INFO     | __main__:test_performance_logging:131 - Performance test message 255
2026-02-01 14:01:03 | INFO     | __main__:test_performance_logging:131 - Performance test message 256
2026-02-01 14:01:03 | INFO     | __main__:test_performance_logging:131 - Performance test message 257
2026-02-01 14:01:03 | INFO     | __main__:test_performance_logging:131 - Performance test message 258
2026-02-01 14:01:03 | INFO     | __main__:test_performance_logging:131 - Performance test message 259
2026-02-01 14:01:03 | INFO     | __main__:test_performance_logging:131 - Performance test message 260
2026-02-01 14:01:03 | INFO     | __main__:test_performance_logging:131 - Performance test message 261
2026-02-01 14:01:03 | INFO     | __main__:test_performance_logging:131 - Performance test message 262
2026-02-01 14:01:03 | INFO     | __main__:test_performance_logging:131 - Performance test message 263
2026-02-01 14:01:03 | INFO     | __main__:test_performance_logging:131 - Performance test message 264
2026-02-01 14:01:03 | INFO     | __main__:test_performance_logging:131 - Performance test message 265
2026-02-01 14:01:03 | INFO     | __main__:test_performance_logging:131 - Performance test message 266
2026-02-01 14:01:03 | INFO     | __main__:test_performance_logging:131 - Performance test message 267
2026-02-01 14:01:03 | INFO     | __main__:test_performance_logging:131 - Performance test message 268
2026-02-01 14:01:03 | INFO     | __main__:test_performance_logging:131 - Performance test message 269
2026-02-01 14:01:03 | INFO     | __main__:test_performance_logging:131 - Performance test message 270
2026-02-01 14:01:03 | INFO     | __main__:test_performance_logging:131 - Performance test message 271
2026-02-01 14:01:03 | INFO     | __main__:test_performance_logging:131 - Performance test message 272
2026-02-01 14:01:03 | INFO     | __main__:test_performance_logging:131 - Performance test message 273
2026-02-01 14:01:03 | INFO     | __main__:test_performance_logging:131 - Performance test message 274
2026-02-01 14:01:03 | INFO     | __main__:test_performance_logging:131 - Performance test message 275
2026-02-01 14:01:03 | INFO     | __main__:test_performance_logging:131 - Performance test message 276
2026-02-01 14:01:03 | INFO     | __main__:test_performance_logging:131 - Performance test message 277
2026-02-01 14:01:03 | INFO     | __main__:test_performance_logging:131 - Performance test message 278
2026-02-01 14:01:03 | INFO     | __main__:test_performance_logging:131 - Performance test message 279
2026-02-01 14:01:03 | INFO     | __main__:test_performance_logging:131 - Performance test message 280
2026-02-01 14:01:03 | INFO     | __main__:test_performance_logging:131 - Performance test message 281
2026-02-01 14:01:03 | INFO     | __main__:test_performance_logging:131 - Performance test message 282
2026-02-01 14:01:03 | INFO     | __main__:test_performance_logging:131 - Performance test message 283
2026-02-01 14:01:03 | INFO     | __main__:test_performance_logging:131 - Performance test message 284
2026-02-01 14:01:03 | INFO     | __main__:test_performance_logging:131 - Performance test message 285
2026-02-01 14:01:03 | INFO     | __main__:test_performance_logging:131 - Performance test message 286
2026-02-01 14:01:03 | INFO     | __main__:test_performance_logging:131 - Performance test message 287
2026-02-01 14:01:03 | INFO     | __main__:test_performance_logging:131 - Performance test message 288
2026-02-01 14:01:03 | INFO     | __main__:test_performance_logging:131 - Performance test message 289
2026-02-01 14:01:03 | INFO     | __main__:test_performance_logging:131 - Performance test message 290
2026-02-01 14:01:03 | INFO     | __main__:test_performance_logging:131 - Performance test message 291
2026-02-01 14:01:03 | INFO     | __main__:test_performance_logging:131 - Performance test message 292
2026-02-01 14:01:03 | INFO     | __main__:test_performance_logging:131 - Performance test message 293
2026-02-01 14:01:03 | INFO     | __main__:test_performance_logging:131 - Performance test message 294
2026-02-01 14:01:03 | INFO     | __main__:test_performance_logging:131 - Performance test message 295
2026-02-01 14:01:03 | INFO     | __main__:test_performance_logging:131 - Performance test message 296
2026-02-01 14:01:03 | INFO     | __main__:test_performance_logging:131 - Performance test message 297
2026-02-01 14:01:03 | INFO     | __main__:test_performance_logging:131 - Performance test message 298
2026-02-01 14:01:03 | INFO     | __main__:test_performance_logging:131 - Performance test message 299
2026-02-01 14:01:03 | INFO     | __main__:test_performance_logging:131 - Performance test message 300
2026-02-01 14:01:03 | INFO     | __main__:test_performance_logging:131 - Performance test message 301
2026-02-01 14:01:03 | INFO     | __main__:test_performance_logging:131 - Performance test message 302
2026-02-01 14:01:03 | INFO     | __main__:test_performance_logging:131 - Performance test message 303
2026-02-01 14:01:03 | INFO     | __main__:test_performance_logging:131 - Performance test message 304
2026-02-01 14:01:03 | INFO     | __main__:test_performance_logging:131 - Performance test message 305
2026-02-01 14:01:03 | INFO     | __main__:test_performance_logging:131 - Performance test message 306
2026-02-01 14:01:03 | INFO     | __main__:test_performance_logging:131 - Performance test message 307
2026-02-01 14:01:03 | INFO     | __main__:test_performance_logging:131 - Performance test message 308
2026-02-01 14:01:03 | INFO     | __main__:test_performance_logging:131 - Performance test message 309
2026-02-01 14:01:03 | INFO     | __main__:test_performance_logging:131 - Performance test message 310
2026-02-01 14:01:03 | INFO     | __main__:test_performance_logging:131 - Performance test message 311
2026-02-01 14:01:03 | INFO     | __main__:test_performance_logging:131 - Performance test message 312
2026-02-01 14:01:03 | INFO     | __main__:test_performance_logging:131 - Performance test message 313
2026-02-01 14:01:03 | INFO     | __main__:test_performance_logging:131 - Performance test message 314
2026-02-01 14:01:03 | INFO     | __main__:test_performance_logging:131 - Performance test message 315
2026-02-01 14:01:03 | INFO     | __main__:test_performance_logging:131 - Performance test message 316
2026-02-01 14:01:03 | INFO     | __main__:test_performance_logging:131 - Performance test message 317
2026-02-01 14:01:03 | INFO     | __main__:test_performance_logging:131 - Performance test message 318
2026-02-01 14:01:03 | INFO     | __main__:test_performance_logging:131 - Performance test message 319
2026-02-01 14:01:03 | INFO     | __main__:test_performance_logging:131 - Performance test message 320
2026-02-01 14:01:03 | INFO     | __main__:test_performance_logging:131 - Performance test message 321
2026-02-01 14:01:03 | INFO     | __main__:test_performance_logging:131 - Performance test message 322
2026-02-01 14:01:03 | INFO     | __main__:test_performance_logging:131 - Performance test message 323
2026-02-01 14:01:03 | INFO     | __main__:test_performance_logging:131 - Performance test message 324
2026-02-01 14:01:03 | INFO     | __main__:test_performance_logging:131 - Performance test message 325
2026-02-01 14:01:03 | INFO     | __main__:test_performance_logging:131 - Performance test message 326
2026-02-01 14:01:03 | INFO     | __main__:test_performance_logging:131 - Performance test message 327
2026-02-01 14:01:03 | INFO     | __main__:test_performance_logging:131 - Performance test message 328
2026-02-01 14:01:03 | INFO     | __main__:test_performance_logging:131 - Performance test message 329
2026-02-01 14:01:03 | INFO     | __main__:test_performance_logging:131 - Performance test message 330
2026-02-01 14:01:03 | INFO     | __main__:test_performance_logging:131 - Performance test message 331
2026-02-01 14:01:03 | INFO     | __main__:test_performance_logging:131 - Performance test message 332
2026-02-01 14:01:03 | INFO     | __main__:test_performance_logging:131 - Performance test message 333
2026-02-01 14:01:03 | INFO     | __main__:test_performance_logging:131 - Performance test message 334
2026-02-01 14:01:03 | INFO     | __main__:test_performance_logging:131 - Performance test message 335
2026-02-01 14:01:03 | INFO     | __main__:test_performance_logging:131 - Performance test message 336
2026-02-01 14:01:03 | INFO     | __main__:test_performance_logging:131 - Performance test message 337
2026-02-01 14:01:03 | INFO     | __main__:test_performance_logging:131 - Performance test message 338
2026-02-01 14:01:03 | INFO     | __main__:test_performance_logging:131 - Performance test message 339
2026-02-01 14:01:03 | INFO     | __main__:test_performance_logging:131 - Performance test message 340
2026-02-01 14:01:03 | INFO     | __main__:test_performance_logging:131 - Performance test message 341
2026-02-01 14:01:03 | INFO     | __main__:test_performance_logging:131 - Performance test message 342
2026-02-01 14:01:03 | INFO     | __main__:test_performance_logging:131 - Performance test message 343
2026-02-01 14:01:03 | INFO     | __main__:test_performance_logging:131 - Performance test message 344
2026-02-01 14:01:03 | INFO     | __main__:test_performance_logging:131 - Performance test message 345
2026-02-01 14:01:03 | INFO     | __main__:test_performance_logging:131 - Performance test message 346
2026-02-01 14:01:03 | INFO     | __main__:test_performance_logging:131 - Performance test message 347
2026-02-01 14:01:03 | INFO     | __main__:test_performance_logging:131 - Performance test message 348
2026-02-01 14:01:03 | INFO     | __main__:test_performance_logging:131 - Performance test message 349
2026-02-01 14:01:03 | INFO     | __main__:test_performance_logging:131 - Performance test message 350
2026-02-01 14:01:03 | INFO     | __main__:test_performance_logging:131 - Performance test message 351
2026-02-01 14:01:03 | INFO     | __main__:test_performance_logging:131 - Performance test message 352
2026-02-01 14:01:03 | INFO     | __main__:test_performance_logging:131 - Performance test message 353
2026-02-01 14:01:03 | INFO     | __main__:test_performance_logging:131 - Performance test message 354
2026-02-01 14:01:03 | INFO     | __main__:test_performance_logging:131 - Performance test message 355
2026-02-01 14:01:03 | INFO     | __main__:test_performance_logging:131 - Performance test message 356
2026-02-01 14:01:03 | INFO     | __main__:test_performance_logging:131 - Performance test message 357
2026-02-01 14:01:03 | INFO     | __main__:test_performance_logging:131 - Performance test message 358
2026-02-01 14:01:03 | INFO     | __main__:test_performance_logging:131 - Performance test message 359
2026-02-01 14:01:03 | INFO     | __main__:test_performance_logging:131 - Performance test message 360
2026-02-01 14:01:03 | INFO     | __main__:test_performance_logging:131 - Performance test message 361
2026-02-01 14:01:03 | INFO     | __main__:test_performance_logging:131 - Performance test message 362
2026-02-01 14:01:03 | INFO     | __main__:test_performance_logging:131 - Performance test message 363
2026-02-01 14:01:03 | INFO     | __main__:test_performance_logging:131 - Performance test message 364
2026-02-01 14:01:03 | INFO     | __main__:test_performance_logging:131 - Performance test message 365
2026-02-01 14:01:03 | INFO     | __main__:test_performance_logging:131 - Performance test message 366
2026-02-01 14:01:03 | INFO     | __main__:test_performance_logging:131 - Performance test message 367
2026-02-01 14:01:03 | INFO     | __main__:test_performance_logging:131 - Performance test message 368
2026-02-01 14:01:03 | INFO     | __main__:test_performance_logging:131 - Performance test message 369
2026-02-01 14:01:03 | INFO     | __main__:test_performance_logging:131 - Performance test message 370
2026-02-01 14:01:03 | INFO     | __main__:test_performance_logging:131 - Performance test message 371
2026-02-01 14:01:03 | INFO     | __main__:test_performance_logging:131 - Performance test message 372
2026-02-01 14:01:03 | INFO     | __main__:test_performance_logging:131 - Performance test message 373
2026-02-01 14:01:03 | INFO     | __main__:test_performance_logging:131 - Performance test message 374
2026-02-01 14:01:03 | INFO     | __main__:test_performance_logging:131 - Performance test message 375
2026-02-01 14:01:03 | INFO     | __main__:test_performance_logging:131 - Performance test message 376
2026-02-01 14:01:03 | INFO     | __main__:test_performance_logging:131 - Performance test message 377
2026-02-01 14:01:03 | INFO     | __main__:test_performance_logging:131 - Performance test message 378
2026-02-01 14:01:03 | INFO     | __main__:test_performance_logging:131 - Performance test message 379
2026-02-01 14:01:03 | INFO     | __main__:test_performance_logging:131 - Performance test message 380
2026-02-01 14:01:03 | INFO     | __main__:test_performance_logging:131 - Performance test message 381
2026-02-01 14:01:03 | INFO     | __main__:test_performance_logging:131 - Performance test message 382
2026-02-01 14:01:03 | INFO     | __main__:test_performance_logging:131 - Performance test message 383
2026-02-01 14:01:03 | INFO     | __main__:test_performance_logging:131 - Performance test message 384
2026-02-01 14:01:03 | INFO     | __main__:test_performance_logging:131 - Performance test message 385
2026-02-01 14:01:03 | INFO     | __main__:test_performance_logging:131 - Performance test message 386
2026-02-01 14:01:03 | INFO     | __main__:test_performance_logging:131 - Performance test message 387
2026-02-01 14:01:03 | INFO     | __main__:test_performance_logging:131 - Performance test message 388
2026-02-01 14:01:03 | INFO     | __main__:test_performance_logging:131 - Performance test message 389
2026-02-01 14:01:03 | INFO     | __main__:test_performance_logging:131 - Performance test message 390
2026-02-01 14:01:03 | INFO     | __main__:test_performance_logging:131 - Performance test message 391
2026-02-01 14:01:03 | INFO     | __main__:test_performance_logging:131 - Performance test message 392
2026-02-01 14:01:03 | INFO     | __main__:test_performance_logging:131 - Performance test message 393
2026-02-01 14:01:03 | INFO     | __main__:test_performance_logging:131 - Performance test message 394
2026-02-01 14:01:03 | INFO     | __main__:test_performance_logging:131 - Performance test message 395
2026-02-01 14:01:03 | INFO     | __main__:test_performance_logging:131 - Performance test message 396
2026-02-01 14:01:03 | INFO     | __main__:test_performance_logging:131 - Performance test message 397
2026-02-01 14:01:03 | INFO     | __main__:test_performance_logging:131 - Performance test message 398
2026-02-01 14:01:03 | INFO     | __main__:test_performance_logging:131 - Performance test message 399
2026-02-01 14:01:03 | INFO     | __main__:test_performance_logging:131 - Performance test message 400
2026-02-01 14:01:03 | INFO     | __main__:test_performance_logging:131 - Performance test message 401
2026-02-01 14:01:03 | INFO     | __main__:test_performance_logging:131 - Performance test message 402
2026-02-01 14:01:03 | INFO     | __main__:test_performance_logging:131 - Performance test message 403
2026-02-01 14:01:03 | INFO     | __main__:test_performance_logging:131 - Performance test message 404
2026-02-01 14:01:03 | INFO     | __main__:test_performance_logging:131 - Performance test message 405
2026-02-01 14:01:03 | INFO     | __main__:test_performance_logging:131 - Performance test message 406
2026-02-01 14:01:03 | INFO     | __main__:test_performance_logging:131 - Performance test message 407
2026-02-01 14:01:03 | INFO     | __main__:test_performance_logging:131 - Performance test message 408
2026-02-01 14:01:03 | INFO     | __main__:test_performance_logging:131 - Performance test message 409
2026-02-01 14:01:03 | INFO     | __main__:test_performance_logging:131 - Performance test message 410
2026-02-01 14:01:03 | INFO     | __main__:test_performance_logging:131 - Performance test message 411
2026-02-01 14:01:03 | INFO     | __main__:test_performance_logging:131 - Performance test message 412
2026-02-01 14:01:03 | INFO     | __main__:test_performance_logging:131 - Performance test message 413
2026-02-01 14:01:03 | INFO     | __main__:test_performance_logging:131 - Performance test message 414
2026-02-01 14:01:03 | INFO     | __main__:test_performance_logging:131 - Performance test message 415
2026-02-01 14:01:03 | INFO     | __main__:test_performance_logging:131 - Performance test message 416
2026-02-01 14:01:03 | INFO     | __main__:test_performance_logging:131 - Performance test message 417
2026-02-01 14:01:03 | INFO     | __main__:test_performance_logging:131 - Performance test message 418
2026-02-01 14:01:03 | INFO     | __main__:test_performance_logging:131 - Performance test message 419
2026-02-01 14:01:03 | INFO     | __main__:test_performance_logging:131 - Performance test message 420
2026-02-01 14:01:03 | INFO     | __main__:test_performance_logging:131 - Performance test message 421
2026-02-01 14:01:03 | INFO     | __main__:test_performance_logging:131 - Performance test message 422
2026-02-01 14:01:03 | INFO     | __main__:test_performance_logging:131 - Performance test message 423
2026-02-01 14:01:03 | INFO     | __main__:test_performance_logging:131 - Performance test message 424
2026-02-01 14:01:03 | INFO     | __main__:test_performance_logging:131 - Performance test message 425
2026-02-01 14:01:03 | INFO     | __main__:test_performance_logging:131 - Performance test message 426
2026-02-01 14:01:03 | INFO     | __main__:test_performance_logging:131 - Performance test message 427
2026-02-01 14:01:03 | INFO     | __main__:test_performance_logging:131 - Performance test message 428
2026-02-01 14:01:03 | INFO     | __main__:test_performance_logging:131 - Performance test message 429
2026-02-01 14:01:03 | INFO     | __main__:test_performance_logging:131 - Performance test message 430
2026-02-01 14:01:03 | INFO     | __main__:test_performance_logging:131 - Performance test message 431
2026-02-01 14:01:03 | INFO     | __main__:test_performance_logging:131 - Performance test message 432
2026-02-01 14:01:03 | INFO     | __main__:test_performance_logging:131 - Performance test message 433
2026-02-01 14:01:03 | INFO     | __main__:test_performance_logging:131 - Performance test message 434
2026-02-01 14:01:03 | INFO     | __main__:test_performance_logging:131 - Performance test message 435
2026-02-01 14:01:03 | INFO     | __main__:test_performance_logging:131 - Performance test message 436
2026-02-01 14:01:03 | INFO     | __main__:test_performance_logging:131 - Performance test message 437
2026-02-01 14:01:03 | INFO     | __main__:test_performance_logging:131 - Performance test message 438
2026-02-01 14:01:03 | INFO     | __main__:test_performance_logging:131 - Performance test message 439
2026-02-01 14:01:03 | INFO     | __main__:test_performance_logging:131 - Performance test message 440
2026-02-01 14:01:03 | INFO     | __main__:test_performance_logging:131 - Performance test message 441
2026-02-01 14:01:03 | INFO     | __main__:test_performance_logging:131 - Performance test message 442
2026-02-01 14:01:03 | INFO     | __main__:test_performance_logging:131 - Performance test message 443
2026-02-01 14:01:03 | INFO     | __main__:test_performance_logging:131 - Performance test message 444
2026-02-01 14:01:03 | INFO     | __main__:test_performance_logging:131 - Performance test message 445
2026-02-01 14:01:03 | INFO     | __main__:test_performance_logging:131 - Performance test message 446
2026-02-01 14:01:03 | INFO     | __main__:test_performance_logging:131 - Performance test message 447
2026-02-01 14:01:03 | INFO     | __main__:test_performance_logging:131 - Performance test message 448
2026-02-01 14:01:03 | INFO     | __main__:test_performance_logging:131 - Performance test message 449
2026-02-01 14:01:03 | INFO     | __main__:test_performance_logging:131 - Performance test message 450
2026-02-01 14:01:03 | INFO     | __main__:test_performance_logging:131 - Performance test message 451
2026-02-01 14:01:03 | INFO     | __main__:test_performance_logging:131 - Performance test message 452
2026-02-01 14:01:03 | INFO     | __main__:test_performance_logging:131 - Performance test message 453
2026-02-01 14:01:03 | INFO     | __main__:test_performance_logging:131 - Performance test message 454
2026-02-01 14:01:03 | INFO     | __main__:test_performance_logging:131 - Performance test message 455
2026-02-01 14:01:03 | INFO     | __main__:test_performance_logging:131 - Performance test message 456
2026-02-01 14:01:03 | INFO     | __main__:test_performance_logging:131 - Performance test message 457
2026-02-01 14:01:03 | INFO     | __main__:test_performance_logging:131 - Performance test message 458
2026-02-01 14:01:03 | INFO     | __main__:test_performance_logging:131 - Performance test message 459
2026-02-01 14:01:03 | INFO     | __main__:test_performance_logging:131 - Performance test message 460
2026-02-01 14:01:03 | INFO     | __main__:test_performance_logging:131 - Performance test message 461
2026-02-01 14:01:03 | INFO     | __main__:test_performance_logging:131 - Performance test message 462
2026-02-01 14:01:03 | INFO     | __main__:test_performance_logging:131 - Performance test message 463
2026-02-01 14:01:03 | INFO     | __main__:test_performance_logging:131 - Performance test message 464
2026-02-01 14:01:03 | INFO     | __main__:test_performance_logging:131 - Performance test message 465
2026-02-01 14:01:03 | INFO     | __main__:test_performance_logging:131 - Performance test message 466
2026-02-01 14:01:03 | INFO     | __main__:test_performance_logging:131 - Performance test message 467
2026-02-01 14:01:03 | INFO     | __main__:test_performance_logging:131 - Performance test message 468
2026-02-01 14:01:03 | INFO     | __main__:test_performance_logging:131 - Performance test message 469
2026-02-01 14:01:03 | INFO     | __main__:test_performance_logging:131 - Performance test message 470
2026-02-01 14:01:03 | INFO     | __main__:test_performance_logging:131 - Performance test message 471
2026-02-01 14:01:03 | INFO     | __main__:test_performance_logging:131 - Performance test message 472
2026-02-01 14:01:03 | INFO     | __main__:test_performance_logging:131 - Performance test message 473
2026-02-01 14:01:03 | INFO     | __main__:test_performance_logging:131 - Performance test message 474
2026-02-01 14:01:03 | INFO     | __main__:test_performance_logging:131 - Performance test message 475
2026-02-01 14:01:03 | INFO     | __main__:test_performance_logging:131 - Performance test message 476
2026-02-01 14:01:03 | INFO     | __main__:test_performance_logging:131 - Performance test message 477
2026-02-01 14:01:03 | INFO     | __main__:test_performance_logging:131 - Performance test message 478
2026-02-01 14:01:03 | INFO     | __main__:test_performance_logging:131 - Performance test message 479
2026-02-01 14:01:03 | INFO     | __main__:test_performance_logging:131 - Performance test message 480
2026-02-01 14:01:03 | INFO     | __main__:test_performance_logging:131 - Performance test message 481
2026-02-01 14:01:03 | INFO     | __main__:test_performance_logging:131 - Performance test message 482
2026-02-01 14:01:03 | INFO     | __main__:test_performance_logging:131 - Performance test message 483
2026-02-01 14:01:03 | INFO     | __main__:test_performance_logging:131 - Performance test message 484
2026-02-01 14:01:03 | INFO     | __main__:test_performance_logging:131 - Performance test message 485
2026-02-01 14:01:03 | INFO     | __main__:test_performance_logging:131 - Performance test message 486
2026-02-01 14:01:03 | INFO     | __main__:test_performance_logging:131 - Performance test message 487
2026-02-01 14:01:03 | INFO     | __main__:test_performance_logging:131 - Performance test message 488
2026-02-01 14:01:03 | INFO     | __main__:test_performance_logging:131 - Performance test message 489
2026-02-01 14:01:03 | INFO     | __main__:test_performance_logging:131 - Performance test message 490
2026-02-01 14:01:03 | INFO     | __main__:test_performance_logging:131 - Performance test message 491
2026-02-01 14:01:03 | INFO     | __main__:test_performance_logging:131 - Performance test message 492
2026-02-01 14:01:03 | INFO     | __main__:test_performance_logging:131 - Performance test message 493
2026-02-01 14:01:03 | INFO     | __main__:test_performance_logging:131 - Performance test message 494
2026-02-01 14:01:03 | INFO     | __main__:test_performance_logging:131 - Performance test message 495
2026-02-01 14:01:03 | INFO     | __main__:test_performance_logging:131 - Performance test message 496
2026-02-01 14:01:03 | INFO     | __main__:test_performance_logging:131 - Performance test message 497
2026-02-01 14:01:03 | INFO     | __main__:test_performance_logging:131 - Performance test message 498
2026-02-01 14:01:03 | INFO     | __main__:test_performance_logging:131 - Performance test message 499
2026-02-01 14:01:03 | INFO     | __main__:test_performance_logging:131 - Performance test message 500
2026-02-01 14:01:03 | INFO     | __main__:test_performance_logging:131 - Performance test message 501
2026-02-01 14:01:03 | INFO     | __main__:test_performance_logging:131 - Performance test message 502
2026-02-01 14:01:03 | INFO     | __main__:test_performance_logging:131 - Performance test message 503
2026-02-01 14:01:03 | INFO     | __main__:test_performance_logging:131 - Performance test message 504
2026-02-01 14:01:03 | INFO     | __main__:test_performance_logging:131 - Performance test message 505
2026-02-01 14:01:03 | INFO     | __main__:test_performance_logging:131 - Performance test message 506
2026-02-01 14:01:03 | INFO     | __main__:test_performance_logging:131 - Performance test message 507
2026-02-01 14:01:03 | INFO     | __main__:test_performance_logging:131 - Performance test message 508
2026-02-01 14:01:03 | INFO     | __main__:test_performance_logging:131 - Performance test message 509
2026-02-01 14:01:03 | INFO     | __main__:test_performance_logging:131 - Performance test message 510
2026-02-01 14:01:03 | INFO     | __main__:test_performance_logging:131 - Performance test message 511
2026-02-01 14:01:03 | INFO     | __main__:test_performance_logging:131 - Performance test message 512
2026-02-01 14:01:03 | INFO     | __main__:test_performance_logging:131 - Performance test message 513
2026-02-01 14:01:03 | INFO     | __main__:test_performance_logging:131 - Performance test message 514
2026-02-01 14:01:03 | INFO     | __main__:test_performance_logging:131 - Performance test message 515
2026-02-01 14:01:03 | INFO     | __main__:test_performance_logging:131 - Performance test message 516
2026-02-01 14:01:03 | INFO     | __main__:test_performance_logging:131 - Performance test message 517
2026-02-01 14:01:03 | INFO     | __main__:test_performance_logging:131 - Performance test message 518
2026-02-01 14:01:03 | INFO     | __main__:test_performance_logging:131 - Performance test message 519
2026-02-01 14:01:03 | INFO     | __main__:test_performance_logging:131 - Performance test message 520
2026-02-01 14:01:03 | INFO     | __main__:test_performance_logging:131 - Performance test message 521
2026-02-01 14:01:03 | INFO     | __main__:test_performance_logging:131 - Performance test message 522
2026-02-01 14:01:03 | INFO     | __main__:test_performance_logging:131 - Performance test message 523
2026-02-01 14:01:03 | INFO     | __main__:test_performance_logging:131 - Performance test message 524
2026-02-01 14:01:03 | INFO     | __main__:test_performance_logging:131 - Performance test message 525
2026-02-01 14:01:03 | INFO     | __main__:test_performance_logging:131 - Performance test message 526
2026-02-01 14:01:03 | INFO     | __main__:test_performance_logging:131 - Performance test message 527
2026-02-01 14:01:03 | INFO     | __main__:test_performance_logging:131 - Performance test message 528
2026-02-01 14:01:03 | INFO     | __main__:test_performance_logging:131 - Performance test message 529
2026-02-01 14:01:03 | INFO     | __main__:test_performance_logging:131 - Performance test message 530
2026-02-01 14:01:03 | INFO     | __main__:test_performance_logging:131 - Performance test message 531
2026-02-01 14:01:03 | INFO     | __main__:test_performance_logging:131 - Performance test message 532
2026-02-01 14:01:03 | INFO     | __main__:test_performance_logging:131 - Performance test message 533
2026-02-01 14:01:03 | INFO     | __main__:test_performance_logging:131 - Performance test message 534
2026-02-01 14:01:03 | INFO     | __main__:test_performance_logging:131 - Performance test message 535
2026-02-01 14:01:03 | INFO     | __main__:test_performance_logging:131 - Performance test message 536
2026-02-01 14:01:03 | INFO     | __main__:test_performance_logging:131 - Performance test message 537
2026-02-01 14:01:03 | INFO     | __main__:test_performance_logging:131 - Performance test message 538
2026-02-01 14:01:03 | INFO     | __main__:test_performance_logging:131 - Performance test message 539
2026-02-01 14:01:03 | INFO     | __main__:test_performance_logging:131 - Performance test message 540
2026-02-01 14:01:03 | INFO     | __main__:test_performance_logging:131 - Performance test message 541
2026-02-01 14:01:03 | INFO     | __main__:test_performance_logging:131 - Performance test message 542
2026-02-01 14:01:03 | INFO     | __main__:test_performance_logging:131 - Performance test message 543
2026-02-01 14:01:03 | INFO     | __main__:test_performance_logging:131 - Performance test message 544
2026-02-01 14:01:03 | INFO     | __main__:test_performance_logging:131 - Performance test message 545
2026-02-01 14:01:03 | INFO     | __main__:test_performance_logging:131 - Performance test message 546
2026-02-01 14:01:03 | INFO     | __main__:test_performance_logging:131 - Performance test message 547
2026-02-01 14:01:03 | INFO     | __main__:test_performance_logging:131 - Performance test message 548
2026-02-01 14:01:03 | INFO     | __main__:test_performance_logging:131 - Performance test message 549
2026-02-01 14:01:03 | INFO     | __main__:test_performance_logging:131 - Performance test message 550
2026-02-01 14:01:03 | INFO     | __main__:test_performance_logging:131 - Performance test message 551
2026-02-01 14:01:03 | INFO     | __main__:test_performance_logging:131 - Performance test message 552
2026-02-01 14:01:03 | INFO     | __main__:test_performance_logging:131 - Performance test message 553
2026-02-01 14:01:03 | INFO     | __main__:test_performance_logging:131 - Performance test message 554
2026-02-01 14:01:03 | INFO     | __main__:test_performance_logging:131 - Performance test message 555
2026-02-01 14:01:03 | INFO     | __main__:test_performance_logging:131 - Performance test message 556
2026-02-01 14:01:03 | INFO     | __main__:test_performance_logging:131 - Performance test message 557
2026-02-01 14:01:03 | INFO     | __main__:test_performance_logging:131 - Performance test message 558
2026-02-01 14:01:03 | INFO     | __main__:test_performance_logging:131 - Performance test message 559
2026-02-01 14:01:03 | INFO     | __main__:test_performance_logging:131 - Performance test message 560
2026-02-01 14:01:03 | INFO     | __main__:test_performance_logging:131 - Performance test message 561
2026-02-01 14:01:03 | INFO     | __main__:test_performance_logging:131 - Performance test message 562
2026-02-01 14:01:03 | INFO     | __main__:test_performance_logging:131 - Performance test message 563
2026-02-01 14:01:03 | INFO     | __main__:test_performance_logging:131 - Performance test message 564
2026-02-01 14:01:03 | INFO     | __main__:test_performance_logging:131 - Performance test message 565
2026-02-01 14:01:03 | INFO     | __main__:test_performance_logging:131 - Performance test message 566
2026-02-01 14:01:03 | INFO     | __main__:test_performance_logging:131 - Performance test message 567
2026-02-01 14:01:03 | INFO     | __main__:test_performance_logging:131 - Performance test message 568
2026-02-01 14:01:03 | INFO     | __main__:test_performance_logging:131 - Performance test message 569
2026-02-01 14:01:03 | INFO     | __main__:test_performance_logging:131 - Performance test message 570
2026-02-01 14:01:03 | INFO     | __main__:test_performance_logging:131 - Performance test message 571
2026-02-01 14:01:03 | INFO     | __main__:test_performance_logging:131 - Performance test message 572
2026-02-01 14:01:03 | INFO     | __main__:test_performance_logging:131 - Performance test message 573
2026-02-01 14:01:03 | INFO     | __main__:test_performance_logging:131 - Performance test message 574
2026-02-01 14:01:03 | INFO     | __main__:test_performance_logging:131 - Performance test message 575
2026-02-01 14:01:03 | INFO     | __main__:test_performance_logging:131 - Performance test message 576
2026-02-01 14:01:03 | INFO     | __main__:test_performance_logging:131 - Performance test message 577
2026-02-01 14:01:03 | INFO     | __main__:test_performance_logging:131 - Performance test message 578
2026-02-01 14:01:03 | INFO     | __main__:test_performance_logging:131 - Performance test message 579
2026-02-01 14:01:03 | INFO     | __main__:test_performance_logging:131 - Performance test message 580
2026-02-01 14:01:03 | INFO     | __main__:test_performance_logging:131 - Performance test message 581
2026-02-01 14:01:03 | INFO     | __main__:test_performance_logging:131 - Performance test message 582
2026-02-01 14:01:03 | INFO     | __main__:test_performance_logging:131 - Performance test message 583
2026-02-01 14:01:03 | INFO     | __main__:test_performance_logging:131 - Performance test message 584
2026-02-01 14:01:03 | INFO     | __main__:test_performance_logging:131 - Performance test message 585
2026-02-01 14:01:03 | INFO     | __main__:test_performance_logging:131 - Performance test message 586
2026-02-01 14:01:03 | INFO     | __main__:test_performance_logging:131 - Performance test message 587
2026-02-01 14:01:03 | INFO     | __main__:test_performance_logging:131 - Performance test message 588
2026-02-01 14:01:03 | INFO     | __main__:test_performance_logging:131 - Performance test message 589
2026-02-01 14:01:03 | INFO     | __main__:test_performance_logging:131 - Performance test message 590
2026-02-01 14:01:03 | INFO     | __main__:test_performance_logging:131 - Performance test message 591
2026-02-01 14:01:03 | INFO     | __main__:test_performance_logging:131 - Performance test message 592
2026-02-01 14:01:03 | INFO     | __main__:test_performance_logging:131 - Performance test message 593
2026-02-01 14:01:03 | INFO     | __main__:test_performance_logging:131 - Performance test message 594
2026-02-01 14:01:03 | INFO     | __main__:test_performance_logging:131 - Performance test message 595
2026-02-01 14:01:03 | INFO     | __main__:test_performance_logging:131 - Performance test message 596
2026-02-01 14:01:03 | INFO     | __main__:test_performance_logging:131 - Performance test message 597
2026-02-01 14:01:03 | INFO     | __main__:test_performance_logging:131 - Performance test message 598
2026-02-01 14:01:03 | INFO     | __main__:test_performance_logging:131 - Performance test message 599
2026-02-01 14:01:03 | INFO     | __main__:test_performance_logging:131 - Performance test message 600
2026-02-01 14:01:03 | INFO     | __main__:test_performance_logging:131 - Performance test message 601
2026-02-01 14:01:03 | INFO     | __main__:test_performance_logging:131 - Performance test message 602
2026-02-01 14:01:03 | INFO     | __main__:test_performance_logging:131 - Performance test message 603
2026-02-01 14:01:03 | INFO     | __main__:test_performance_logging:131 - Performance test message 604
2026-02-01 14:01:03 | INFO     | __main__:test_performance_logging:131 - Performance test message 605
2026-02-01 14:01:03 | INFO     | __main__:test_performance_logging:131 - Performance test message 606
2026-02-01 14:01:03 | INFO     | __main__:test_performance_logging:131 - Performance test message 607
2026-02-01 14:01:03 | INFO     | __main__:test_performance_logging:131 - Performance test message 608
2026-02-01 14:01:03 | INFO     | __main__:test_performance_logging:131 - Performance test message 609
2026-02-01 14:01:03 | INFO     | __main__:test_performance_logging:131 - Performance test message 610
2026-02-01 14:01:03 | INFO     | __main__:test_performance_logging:131 - Performance test message 611
2026-02-01 14:01:03 | INFO     | __main__:test_performance_logging:131 - Performance test message 612
2026-02-01 14:01:03 | INFO     | __main__:test_performance_logging:131 - Performance test message 613
2026-02-01 14:01:03 | INFO     | __main__:test_performance_logging:131 - Performance test message 614
2026-02-01 14:01:03 | INFO     | __main__:test_performance_logging:131 - Performance test message 615
2026-02-01 14:01:03 | INFO     | __main__:test_performance_logging:131 - Performance test message 616
2026-02-01 14:01:03 | INFO     | __main__:test_performance_logging:131 - Performance test message 617
2026-02-01 14:01:03 | INFO     | __main__:test_performance_logging:131 - Performance test message 618
2026-02-01 14:01:03 | INFO     | __main__:test_performance_logging:131 - Performance test message 619
2026-02-01 14:01:03 | INFO     | __main__:test_performance_logging:131 - Performance test message 620
2026-02-01 14:01:03 | INFO     | __main__:test_performance_logging:131 - Performance test message 621
2026-02-01 14:01:03 | INFO     | __main__:test_performance_logging:131 - Performance test message 622
2026-02-01 14:01:03 | INFO     | __main__:test_performance_logging:131 - Performance test message 623
2026-02-01 14:01:03 | INFO     | __main__:test_performance_logging:131 - Performance test message 624
2026-02-01 14:01:03 | INFO     | __main__:test_performance_logging:131 - Performance test message 625
2026-02-01 14:01:03 | INFO     | __main__:test_performance_logging:131 - Performance test message 626
2026-02-01 14:01:03 | INFO     | __main__:test_performance_logging:131 - Performance test message 627
2026-02-01 14:01:03 | INFO     | __main__:test_performance_logging:131 - Performance test message 628
2026-02-01 14:01:03 | INFO     | __main__:test_performance_logging:131 - Performance test message 629
2026-02-01 14:01:03 | INFO     | __main__:test_performance_logging:131 - Performance test message 630
2026-02-01 14:01:03 | INFO     | __main__:test_performance_logging:131 - Performance test message 631
2026-02-01 14:01:03 | INFO     | __main__:test_performance_logging:131 - Performance test message 632
2026-02-01 14:01:03 | INFO     | __main__:test_performance_logging:131 - Performance test message 633
2026-02-01 14:01:03 | INFO     | __main__:test_performance_logging:131 - Performance test message 634
2026-02-01 14:01:03 | INFO     | __main__:test_performance_logging:131 - Performance test message 635
2026-02-01 14:01:03 | INFO     | __main__:test_performance_logging:131 - Performance test message 636
2026-02-01 14:01:03 | INFO     | __main__:test_performance_logging:131 - Performance test message 637
2026-02-01 14:01:03 | INFO     | __main__:test_performance_logging:131 - Performance test message 638
2026-02-01 14:01:03 | INFO     | __main__:test_performance_logging:131 - Performance test message 639
2026-02-01 14:01:03 | INFO     | __main__:test_performance_logging:131 - Performance test message 640
2026-02-01 14:01:03 | INFO     | __main__:test_performance_logging:131 - Performance test message 641
2026-02-01 14:01:03 | INFO     | __main__:test_performance_logging:131 - Performance test message 642
2026-02-01 14:01:03 | INFO     | __main__:test_performance_logging:131 - Performance test message 643
2026-02-01 14:01:03 | INFO     | __main__:test_performance_logging:131 - Performance test message 644
2026-02-01 14:01:03 | INFO     | __main__:test_performance_logging:131 - Performance test message 645
2026-02-01 14:01:03 | INFO     | __main__:test_performance_logging:131 - Performance test message 646
2026-02-01 14:01:03 | INFO     | __main__:test_performance_logging:131 - Performance test message 647
2026-02-01 14:01:03 | INFO     | __main__:test_performance_logging:131 - Performance test message 648
2026-02-01 14:01:03 | INFO     | __main__:test_performance_logging:131 - Performance test message 649
2026-02-01 14:01:03 | INFO     | __main__:test_performance_logging:131 - Performance test message 650
2026-02-01 14:01:03 | INFO     | __main__:test_performance_logging:131 - Performance test message 651
2026-02-01 14:01:03 | INFO     | __main__:test_performance_logging:131 - Performance test message 652
2026-02-01 14:01:03 | INFO     | __main__:test_performance_logging:131 - Performance test message 653
2026-02-01 14:01:03 | INFO     | __main__:test_performance_logging:131 - Performance test message 654
2026-02-01 14:01:03 | INFO     | __main__:test_performance_logging:131 - Performance test message 655
2026-02-01 14:01:03 | INFO     | __main__:test_performance_logging:131 - Performance test message 656
2026-02-01 14:01:03 | INFO     | __main__:test_performance_logging:131 - Performance test message 657
2026-02-01 14:01:03 | INFO     | __main__:test_performance_logging:131 - Performance test message 658
2026-02-01 14:01:03 | INFO     | __main__:test_performance_logging:131 - Performance test message 659
2026-02-01 14:01:03 | INFO     | __main__:test_performance_logging:131 - Performance test message 660
2026-02-01 14:01:03 | INFO     | __main__:test_performance_logging:131 - Performance test message 661
2026-02-01 14:01:03 | INFO     | __main__:test_performance_logging:131 - Performance test message 662
2026-02-01 14:01:03 | INFO     | __main__:test_performance_logging:131 - Performance test message 663
2026-02-01 14:01:03 | INFO     | __main__:test_performance_logging:131 - Performance test message 664
2026-02-01 14:01:03 | INFO     | __main__:test_performance_logging:131 - Performance test message 665
2026-02-01 14:01:03 | INFO     | __main__:test_performance_logging:131 - Performance test message 666
2026-02-01 14:01:03 | INFO     | __main__:test_performance_logging:131 - Performance test message 667
2026-02-01 14:01:03 | INFO     | __main__:test_performance_logging:131 - Performance test message 668
2026-02-01 14:01:03 | INFO     | __main__:test_performance_logging:131 - Performance test message 669
2026-02-01 14:01:03 | INFO     | __main__:test_performance_logging:131 - Performance test message 670
2026-02-01 14:01:03 | INFO     | __main__:test_performance_logging:131 - Performance test message 671
2026-02-01 14:01:03 | INFO     | __main__:test_performance_logging:131 - Performance test message 672
2026-02-01 14:01:03 | INFO     | __main__:test_performance_logging:131 - Performance test message 673
2026-02-01 14:01:03 | INFO     | __main__:test_performance_logging:131 - Performance test message 674
2026-02-01 14:01:03 | INFO     | __main__:test_performance_logging:131 - Performance test message 675
2026-02-01 14:01:03 | INFO     | __main__:test_performance_logging:131 - Performance test message 676
2026-02-01 14:01:03 | INFO     | __main__:test_performance_logging:131 - Performance test message 677
2026-02-01 14:01:03 | INFO     | __main__:test_performance_logging:131 - Performance test message 678
2026-02-01 14:01:03 | INFO     | __main__:test_performance_logging:131 - Performance test message 679
2026-02-01 14:01:03 | INFO     | __main__:test_performance_logging:131 - Performance test message 680
2026-02-01 14:01:03 | INFO     | __main__:test_performance_logging:131 - Performance test message 681
2026-02-01 14:01:03 | INFO     | __main__:test_performance_logging:131 - Performance test message 682
2026-02-01 14:01:03 | INFO     | __main__:test_performance_logging:131 - Performance test message 683
2026-02-01 14:01:03 | INFO     | __main__:test_performance_logging:131 - Performance test message 684
2026-02-01 14:01:03 | INFO     | __main__:test_performance_logging:131 - Performance test message 685
2026-02-01 14:01:03 | INFO     | __main__:test_performance_logging:131 - Performance test message 686
2026-02-01 14:01:03 | INFO     | __main__:test_performance_logging:131 - Performance test message 687
2026-02-01 14:01:03 | INFO     | __main__:test_performance_logging:131 - Performance test message 688
2026-02-01 14:01:03 | INFO     | __main__:test_performance_logging:131 - Performance test message 689
2026-02-01 14:01:03 | INFO     | __main__:test_performance_logging:131 - Performance test message 690
2026-02-01 14:01:03 | INFO     | __main__:test_performance_logging:131 - Performance test message 691
2026-02-01 14:01:03 | INFO     | __main__:test_performance_logging:131 - Performance test message 692
2026-02-01 14:01:03 | INFO     | __main__:test_performance_logging:131 - Performance test message 693
2026-02-01 14:01:03 | INFO     | __main__:test_performance_logging:131 - Performance test message 694
2026-02-01 14:01:03 | INFO     | __main__:test_performance_logging:131 - Performance test message 695
2026-02-01 14:01:03 | INFO     | __main__:test_performance_logging:131 - Performance test message 696
2026-02-01 14:01:03 | INFO     | __main__:test_performance_logging:131 - Performance test message 697
2026-02-01 14:01:03 | INFO     | __main__:test_performance_logging:131 - Performance test message 698
2026-02-01 14:01:03 | INFO     | __main__:test_performance_logging:131 - Performance test message 699
2026-02-01 14:01:03 | INFO     | __main__:test_performance_logging:131 - Performance test message 700
2026-02-01 14:01:03 | INFO     | __main__:test_performance_logging:131 - Performance test message 701
2026-02-01 14:01:03 | INFO     | __main__:test_performance_logging:131 - Performance test message 702
2026-02-01 14:01:03 | INFO     | __main__:test_performance_logging:131 - Performance test message 703
2026-02-01 14:01:03 | INFO     | __main__:test_performance_logging:131 - Performance test message 704
2026-02-01 14:01:03 | INFO     | __main__:test_performance_logging:131 - Performance test message 705
2026-02-01 14:01:03 | INFO     | __main__:test_performance_logging:131 - Performance test message 706
2026-02-01 14:01:03 | INFO     | __main__:test_performance_logging:131 - Performance test message 707
2026-02-01 14:01:03 | INFO     | __main__:test_performance_logging:131 - Performance test message 708
2026-02-01 14:01:03 | INFO     | __main__:test_performance_logging:131 - Performance test message 709
2026-02-01 14:01:03 | INFO     | __main__:test_performance_logging:131 - Performance test message 710
2026-02-01 14:01:03 | INFO     | __main__:test_performance_logging:131 - Performance test message 711
2026-02-01 14:01:03 | INFO     | __main__:test_performance_logging:131 - Performance test message 712
2026-02-01 14:01:03 | INFO     | __main__:test_performance_logging:131 - Performance test message 713
2026-02-01 14:01:03 | INFO     | __main__:test_performance_logging:131 - Performance test message 714
2026-02-01 14:01:03 | INFO     | __main__:test_performance_logging:131 - Performance test message 715
2026-02-01 14:01:03 | INFO     | __main__:test_performance_logging:131 - Performance test message 716
2026-02-01 14:01:03 | INFO     | __main__:test_performance_logging:131 - Performance test message 717
2026-02-01 14:01:03 | INFO     | __main__:test_performance_logging:131 - Performance test message 718
2026-02-01 14:01:03 | INFO     | __main__:test_performance_logging:131 - Performance test message 719
2026-02-01 14:01:03 | INFO     | __main__:test_performance_logging:131 - Performance test message 720
2026-02-01 14:01:03 | INFO     | __main__:test_performance_logging:131 - Performance test message 721
2026-02-01 14:01:03 | INFO     | __main__:test_performance_logging:131 - Performance test message 722
2026-02-01 14:01:03 | INFO     | __main__:test_performance_logging:131 - Performance test message 723
2026-02-01 14:01:03 | INFO     | __main__:test_performance_logging:131 - Performance test message 724
2026-02-01 14:01:03 | INFO     | __main__:test_performance_logging:131 - Performance test message 725
2026-02-01 14:01:03 | INFO     | __main__:test_performance_logging:131 - Performance test message 726
2026-02-01 14:01:03 | INFO     | __main__:test_performance_logging:131 - Performance test message 727
2026-02-01 14:01:03 | INFO     | __main__:test_performance_logging:131 - Performance test message 728
2026-02-01 14:01:03 | INFO     | __main__:test_performance_logging:131 - Performance test message 729
2026-02-01 14:01:03 | INFO     | __main__:test_performance_logging:131 - Performance test message 730
2026-02-01 14:01:03 | INFO     | __main__:test_performance_logging:131 - Performance test message 731
2026-02-01 14:01:03 | INFO     | __main__:test_performance_logging:131 - Performance test message 732
2026-02-01 14:01:03 | INFO     | __main__:test_performance_logging:131 - Performance test message 733
2026-02-01 14:01:03 | INFO     | __main__:test_performance_logging:131 - Performance test message 734
2026-02-01 14:01:03 | INFO     | __main__:test_performance_logging:131 - Performance test message 735
2026-02-01 14:01:03 | INFO     | __main__:test_performance_logging:131 - Performance test message 736
2026-02-01 14:01:03 | INFO     | __main__:test_performance_logging:131 - Performance test message 737
2026-02-01 14:01:03 | INFO     | __main__:test_performance_logging:131 - Performance test message 738
2026-02-01 14:01:03 | INFO     | __main__:test_performance_logging:131 - Performance test message 739
2026-02-01 14:01:03 | INFO     | __main__:test_performance_logging:131 - Performance test message 740
2026-02-01 14:01:03 | INFO     | __main__:test_performance_logging:131 - Performance test message 741
2026-02-01 14:01:03 | INFO     | __main__:test_performance_logging:131 - Performance test message 742
2026-02-01 14:01:03 | INFO     | __main__:test_performance_logging:131 - Performance test message 743
2026-02-01 14:01:03 | INFO     | __main__:test_performance_logging:131 - Performance test message 744
2026-02-01 14:01:03 | INFO     | __main__:test_performance_logging:131 - Performance test message 745
2026-02-01 14:01:03 | INFO     | __main__:test_performance_logging:131 - Performance test message 746
2026-02-01 14:01:03 | INFO     | __main__:test_performance_logging:131 - Performance test message 747
2026-02-01 14:01:03 | INFO     | __main__:test_performance_logging:131 - Performance test message 748
2026-02-01 14:01:03 | INFO     | __main__:test_performance_logging:131 - Performance test message 749
2026-02-01 14:01:03 | INFO     | __main__:test_performance_logging:131 - Performance test message 750
2026-02-01 14:01:03 | INFO     | __main__:test_performance_logging:131 - Performance test message 751
2026-02-01 14:01:03 | INFO     | __main__:test_performance_logging:131 - Performance test message 752
2026-02-01 14:01:03 | INFO     | __main__:test_performance_logging:131 - Performance test message 753
2026-02-01 14:01:03 | INFO     | __main__:test_performance_logging:131 - Performance test message 754
2026-02-01 14:01:03 | INFO     | __main__:test_performance_logging:131 - Performance test message 755
2026-02-01 14:01:03 | INFO     | __main__:test_performance_logging:131 - Performance test message 756
2026-02-01 14:01:03 | INFO     | __main__:test_performance_logging:131 - Performance test message 757
2026-02-01 14:01:03 | INFO     | __main__:test_performance_logging:131 - Performance test message 758
2026-02-01 14:01:03 | INFO     | __main__:test_performance_logging:131 - Performance test message 759
2026-02-01 14:01:03 | INFO     | __main__:test_performance_logging:131 - Performance test message 760
2026-02-01 14:01:03 | INFO     | __main__:test_performance_logging:131 - Performance test message 761
2026-02-01 14:01:03 | INFO     | __main__:test_performance_logging:131 - Performance test message 762
2026-02-01 14:01:03 | INFO     | __main__:test_performance_logging:131 - Performance test message 763
2026-02-01 14:01:03 | INFO     | __main__:test_performance_logging:131 - Performance test message 764
2026-02-01 14:01:03 | INFO     | __main__:test_performance_logging:131 - Performance test message 765
2026-02-01 14:01:03 | INFO     | __main__:test_performance_logging:131 - Performance test message 766
2026-02-01 14:01:03 | INFO     | __main__:test_performance_logging:131 - Performance test message 767
2026-02-01 14:01:03 | INFO     | __main__:test_performance_logging:131 - Performance test message 768
2026-02-01 14:01:03 | INFO     | __main__:test_performance_logging:131 - Performance test message 769
2026-02-01 14:01:03 | INFO     | __main__:test_performance_logging:131 - Performance test message 770
2026-02-01 14:01:03 | INFO     | __main__:test_performance_logging:131 - Performance test message 771
2026-02-01 14:01:03 | INFO     | __main__:test_performance_logging:131 - Performance test message 772
2026-02-01 14:01:03 | INFO     | __main__:test_performance_logging:131 - Performance test message 773
2026-02-01 14:01:03 | INFO     | __main__:test_performance_logging:131 - Performance test message 774
2026-02-01 14:01:03 | INFO     | __main__:test_performance_logging:131 - Performance test message 775
2026-02-01 14:01:03 | INFO     | __main__:test_performance_logging:131 - Performance test message 776
2026-02-01 14:01:03 | INFO     | __main__:test_performance_logging:131 - Performance test message 777
2026-02-01 14:01:03 | INFO     | __main__:test_performance_logging:131 - Performance test message 778
2026-02-01 14:01:03 | INFO     | __main__:test_performance_logging:131 - Performance test message 779
2026-02-01 14:01:03 | INFO     | __main__:test_performance_logging:131 - Performance test message 780
2026-02-01 14:01:03 | INFO     | __main__:test_performance_logging:131 - Performance test message 781
2026-02-01 14:01:03 | INFO     | __main__:test_performance_logging:131 - Performance test message 782
2026-02-01 14:01:03 | INFO     | __main__:test_performance_logging:131 - Performance test message 783
2026-02-01 14:01:03 | INFO     | __main__:test_performance_logging:131 - Performance test message 784
2026-02-01 14:01:03 | INFO     | __main__:test_performance_logging:131 - Performance test message 785
2026-02-01 14:01:03 | INFO     | __main__:test_performance_logging:131 - Performance test message 786
2026-02-01 14:01:03 | INFO     | __main__:test_performance_logging:131 - Performance test message 787
2026-02-01 14:01:03 | INFO     | __main__:test_performance_logging:131 - Performance test message 788
2026-02-01 14:01:03 | INFO     | __main__:test_performance_logging:131 - Performance test message 789
2026-02-01 14:01:03 | INFO     | __main__:test_performance_logging:131 - Performance test message 790
2026-02-01 14:01:03 | INFO     | __main__:test_performance_logging:131 - Performance test message 791
2026-02-01 14:01:03 | INFO     | __main__:test_performance_logging:131 - Performance test message 792
2026-02-01 14:01:03 | INFO     | __main__:test_performance_logging:131 - Performance test message 793
2026-02-01 14:01:03 | INFO     | __main__:test_performance_logging:131 - Performance test message 794
2026-02-01 14:01:03 | INFO     | __main__:test_performance_logging:131 - Performance test message 795
2026-02-01 14:01:03 | INFO     | __main__:test_performance_logging:131 - Performance test message 796
2026-02-01 14:01:03 | INFO     | __main__:test_performance_logging:131 - Performance test message 797
2026-02-01 14:01:03 | INFO     | __main__:test_performance_logging:131 - Performance test message 798
2026-02-01 14:01:03 | INFO     | __main__:test_performance_logging:131 - Performance test message 799
2026-02-01 14:01:03 | INFO     | __main__:test_performance_logging:131 - Performance test message 800
2026-02-01 14:01:03 | INFO     | __main__:test_performance_logging:131 - Performance test message 801
2026-02-01 14:01:03 | INFO     | __main__:test_performance_logging:131 - Performance test message 802
2026-02-01 14:01:03 | INFO     | __main__:test_performance_logging:131 - Performance test message 803
2026-02-01 14:01:03 | INFO     | __main__:test_performance_logging:131 - Performance test message 804
2026-02-01 14:01:03 | INFO     | __main__:test_performance_logging:131 - Performance test message 805
2026-02-01 14:01:03 | INFO     | __main__:test_performance_logging:131 - Performance test message 806
2026-02-01 14:01:03 | INFO     | __main__:test_performance_logging:131 - Performance test message 807
2026-02-01 14:01:03 | INFO     | __main__:test_performance_logging:131 - Performance test message 808
2026-02-01 14:01:03 | INFO     | __main__:test_performance_logging:131 - Performance test message 809
2026-02-01 14:01:03 | INFO     | __main__:test_performance_logging:131 - Performance test message 810
2026-02-01 14:01:03 | INFO     | __main__:test_performance_logging:131 - Performance test message 811
2026-02-01 14:01:03 | INFO     | __main__:test_performance_logging:131 - Performance test message 812
2026-02-01 14:01:03 | INFO     | __main__:test_performance_logging:131 - Performance test message 813
2026-02-01 14:01:03 | INFO     | __main__:test_performance_logging:131 - Performance test message 814
2026-02-01 14:01:03 | INFO     | __main__:test_performance_logging:131 - Performance test message 815
2026-02-01 14:01:03 | INFO     | __main__:test_performance_logging:131 - Performance test message 816
2026-02-01 14:01:03 | INFO     | __main__:test_performance_logging:131 - Performance test message 817
2026-02-01 14:01:03 | INFO     | __main__:test_performance_logging:131 - Performance test message 818
2026-02-01 14:01:03 | INFO     | __main__:test_performance_logging:131 - Performance test message 819
2026-02-01 14:01:03 | INFO     | __main__:test_performance_logging:131 - Performance test message 820
2026-02-01 14:01:03 | INFO     | __main__:test_performance_logging:131 - Performance test message 821
2026-02-01 14:01:03 | INFO     | __main__:test_performance_logging:131 - Performance test message 822
2026-02-01 14:01:03 | INFO     | __main__:test_performance_logging:131 - Performance test message 823
2026-02-01 14:01:03 | INFO     | __main__:test_performance_logging:131 - Performance test message 824
2026-02-01 14:01:03 | INFO     | __main__:test_performance_logging:131 - Performance test message 825
2026-02-01 14:01:03 | INFO     | __main__:test_performance_logging:131 - Performance test message 826
2026-02-01 14:01:03 | INFO     | __main__:test_performance_logging:131 - Performance test message 827
2026-02-01 14:01:03 | INFO     | __main__:test_performance_logging:131 - Performance test message 828
2026-02-01 14:01:03 | INFO     | __main__:test_performance_logging:131 - Performance test message 829
2026-02-01 14:01:03 | INFO     | __main__:test_performance_logging:131 - Performance test message 830
2026-02-01 14:01:03 | INFO     | __main__:test_performance_logging:131 - Performance test message 831
2026-02-01 14:01:03 | INFO     | __main__:test_performance_logging:131 - Performance test message 832
2026-02-01 14:01:03 | INFO     | __main__:test_performance_logging:131 - Performance test message 833
2026-02-01 14:01:03 | INFO     | __main__:test_performance_logging:131 - Performance test message 834
2026-02-01 14:01:03 | INFO     | __main__:test_performance_logging:131 - Performance test message 835
2026-02-01 14:01:03 | INFO     | __main__:test_performance_logging:131 - Performance test message 836
2026-02-01 14:01:03 | INFO     | __main__:test_performance_logging:131 - Performance test message 837
2026-02-01 14:01:03 | INFO     | __main__:test_performance_logging:131 - Performance test message 838
2026-02-01 14:01:03 | INFO     | __main__:test_performance_logging:131 - Performance test message 839
2026-02-01 14:01:03 | INFO     | __main__:test_performance_logging:131 - Performance test message 840
2026-02-01 14:01:03 | INFO     | __main__:test_performance_logging:131 - Performance test message 841
2026-02-01 14:01:03 | INFO     | __main__:test_performance_logging:131 - Performance test message 842
2026-02-01 14:01:03 | INFO     | __main__:test_performance_logging:131 - Performance test message 843
2026-02-01 14:01:03 | INFO     | __main__:test_performance_logging:131 - Performance test message 844
2026-02-01 14:01:03 | INFO     | __main__:test_performance_logging:131 - Performance test message 845
2026-02-01 14:01:03 | INFO     | __main__:test_performance_logging:131 - Performance test message 846
2026-02-01 14:01:03 | INFO     | __main__:test_performance_logging:131 - Performance test message 847
2026-02-01 14:01:03 | INFO     | __main__:test_performance_logging:131 - Performance test message 848
2026-02-01 14:01:03 | INFO     | __main__:test_performance_logging:131 - Performance test message 849
2026-02-01 14:01:03 | INFO     | __main__:test_performance_logging:131 - Performance test message 850
2026-02-01 14:01:03 | INFO     | __main__:test_performance_logging:131 - Performance test message 851
2026-02-01 14:01:03 | INFO     | __main__:test_performance_logging:131 - Performance test message 852
2026-02-01 14:01:03 | INFO     | __main__:test_performance_logging:131 - Performance test message 853
2026-02-01 14:01:03 | INFO     | __main__:test_performance_logging:131 - Performance test message 854
2026-02-01 14:01:03 | INFO     | __main__:test_performance_logging:131 - Performance test message 855
2026-02-01 14:01:03 | INFO     | __main__:test_performance_logging:131 - Performance test message 856
2026-02-01 14:01:03 | INFO     | __main__:test_performance_logging:131 - Performance test message 857
2026-02-01 14:01:03 | INFO     | __main__:test_performance_logging:131 - Performance test message 858
2026-02-01 14:01:03 | INFO     | __main__:test_performance_logging:131 - Performance test message 859
2026-02-01 14:01:03 | INFO     | __main__:test_performance_logging:131 - Performance test message 860
2026-02-01 14:01:03 | INFO     | __main__:test_performance_logging:131 - Performance test message 861
2026-02-01 14:01:03 | INFO     | __main__:test_performance_logging:131 - Performance test message 862
2026-02-01 14:01:03 | INFO     | __main__:test_performance_logging:131 - Performance test message 863
2026-02-01 14:01:03 | INFO     | __main__:test_performance_logging:131 - Performance test message 864
2026-02-01 14:01:03 | INFO     | __main__:test_performance_logging:131 - Performance test message 865
2026-02-01 14:01:03 | INFO     | __main__:test_performance_logging:131 - Performance test message 866
2026-02-01 14:01:03 | INFO     | __main__:test_performance_logging:131 - Performance test message 867
2026-02-01 14:01:03 | INFO     | __main__:test_performance_logging:131 - Performance test message 868
2026-02-01 14:01:03 | INFO     | __main__:test_performance_logging:131 - Performance test message 869
2026-02-01 14:01:03 | INFO     | __main__:test_performance_logging:131 - Performance test message 870
2026-02-01 14:01:03 | INFO     | __main__:test_performance_logging:131 - Performance test message 871
2026-02-01 14:01:03 | INFO     | __main__:test_performance_logging:131 - Performance test message 872
2026-02-01 14:01:03 | INFO     | __main__:test_performance_logging:131 - Performance test message 873
2026-02-01 14:01:03 | INFO     | __main__:test_performance_logging:131 - Performance test message 874
2026-02-01 14:01:03 | INFO     | __main__:test_performance_logging:131 - Performance test message 875
2026-02-01 14:01:03 | INFO     | __main__:test_performance_logging:131 - Performance test message 876
2026-02-01 14:01:03 | INFO     | __main__:test_performance_logging:131 - Performance test message 877
2026-02-01 14:01:03 | INFO     | __main__:test_performance_logging:131 - Performance test message 878
2026-02-01 14:01:03 | INFO     | __main__:test_performance_logging:131 - Performance test message 879
2026-02-01 14:01:03 | INFO     | __main__:test_performance_logging:131 - Performance test message 880
2026-02-01 14:01:03 | INFO     | __main__:test_performance_logging:131 - Performance test message 881
2026-02-01 14:01:03 | INFO     | __main__:test_performance_logging:131 - Performance test message 882
2026-02-01 14:01:03 | INFO     | __main__:test_performance_logging:131 - Performance test message 883
2026-02-01 14:01:03 | INFO     | __main__:test_performance_logging:131 - Performance test message 884
2026-02-01 14:01:03 | INFO     | __main__:test_performance_logging:131 - Performance test message 885
2026-02-01 14:01:03 | INFO     | __main__:test_performance_logging:131 - Performance test message 886
2026-02-01 14:01:03 | INFO     | __main__:test_performance_logging:131 - Performance test message 887
2026-02-01 14:01:03 | INFO     | __main__:test_performance_logging:131 - Performance test message 888
2026-02-01 14:01:03 | INFO     | __main__:test_performance_logging:131 - Performance test message 889
2026-02-01 14:01:03 | INFO     | __main__:test_performance_logging:131 - Performance test message 890
2026-02-01 14:01:03 | INFO     | __main__:test_performance_logging:131 - Performance test message 891
2026-02-01 14:01:03 | INFO     | __main__:test_performance_logging:131 - Performance test message 892
2026-02-01 14:01:03 | INFO     | __main__:test_performance_logging:131 - Performance test message 893
2026-02-01 14:01:03 | INFO     | __main__:test_performance_logging:131 - Performance test message 894
2026-02-01 14:01:03 | INFO     | __main__:test_performance_logging:131 - Performance test message 895
2026-02-01 14:01:03 | INFO     | __main__:test_performance_logging:131 - Performance test message 896
2026-02-01 14:01:03 | INFO     | __main__:test_performance_logging:131 - Performance test message 897
2026-02-01 14:01:03 | INFO     | __main__:test_performance_logging:131 - Performance test message 898
2026-02-01 14:01:03 | INFO     | __main__:test_performance_logging:131 - Performance test message 899
2026-02-01 14:01:03 | INFO     | __main__:test_performance_logging:131 - Performance test message 900
2026-02-01 14:01:03 | INFO     | __main__:test_performance_logging:131 - Performance test message 901
2026-02-01 14:01:03 | INFO     | __main__:test_performance_logging:131 - Performance test message 902
2026-02-01 14:01:03 | INFO     | __main__:test_performance_logging:131 - Performance test message 903
2026-02-01 14:01:03 | INFO     | __main__:test_performance_logging:131 - Performance test message 904
2026-02-01 14:01:03 | INFO     | __main__:test_performance_logging:131 - Performance test message 905
2026-02-01 14:01:03 | INFO     | __main__:test_performance_logging:131 - Performance test message 906
2026-02-01 14:01:03 | INFO     | __main__:test_performance_logging:131 - Performance test message 907
2026-02-01 14:01:03 | INFO     | __main__:test_performance_logging:131 - Performance test message 908
2026-02-01 14:01:03 | INFO     | __main__:test_performance_logging:131 - Performance test message 909
2026-02-01 14:01:03 | INFO     | __main__:test_performance_logging:131 - Performance test message 910
2026-02-01 14:01:03 | INFO     | __main__:test_performance_logging:131 - Performance test message 911
2026-02-01 14:01:03 | INFO     | __main__:test_performance_logging:131 - Performance test message 912
2026-02-01 14:01:03 | INFO     | __main__:test_performance_logging:131 - Performance test message 913
2026-02-01 14:01:03 | INFO     | __main__:test_performance_logging:131 - Performance test message 914
2026-02-01 14:01:03 | INFO     | __main__:test_performance_logging:131 - Performance test message 915
2026-02-01 14:01:03 | INFO     | __main__:test_performance_logging:131 - Performance test message 916
2026-02-01 14:01:03 | INFO     | __main__:test_performance_logging:131 - Performance test message 917
2026-02-01 14:01:03 | INFO     | __main__:test_performance_logging:131 - Performance test message 918
2026-02-01 14:01:03 | INFO     | __main__:test_performance_logging:131 - Performance test message 919
2026-02-01 14:01:03 | INFO     | __main__:test_performance_logging:131 - Performance test message 920
2026-02-01 14:01:03 | INFO     | __main__:test_performance_logging:131 - Performance test message 921
2026-02-01 14:01:03 | INFO     | __main__:test_performance_logging:131 - Performance test message 922
2026-02-01 14:01:03 | INFO     | __main__:test_performance_logging:131 - Performance test message 923
2026-02-01 14:01:03 | INFO     | __main__:test_performance_logging:131 - Performance test message 924
2026-02-01 14:01:03 | INFO     | __main__:test_performance_logging:131 - Performance test message 925
2026-02-01 14:01:03 | INFO     | __main__:test_performance_logging:131 - Performance test message 926
2026-02-01 14:01:03 | INFO     | __main__:test_performance_logging:131 - Performance test message 927
2026-02-01 14:01:03 | INFO     | __main__:test_performance_logging:131 - Performance test message 928
2026-02-01 14:01:03 | INFO     | __main__:test_performance_logging:131 - Performance test message 929
2026-02-01 14:01:03 | INFO     | __main__:test_performance_logging:131 - Performance test message 930
2026-02-01 14:01:03 | INFO     | __main__:test_performance_logging:131 - Performance test message 931
2026-02-01 14:01:03 | INFO     | __main__:test_performance_logging:131 - Performance test message 932
2026-02-01 14:01:03 | INFO     | __main__:test_performance_logging:131 - Performance test message 933
2026-02-01 14:01:03 | INFO     | __main__:test_performance_logging:131 - Performance test message 934
2026-02-01 14:01:03 | INFO     | __main__:test_performance_logging:131 - Performance test message 935
2026-02-01 14:01:03 | INFO     | __main__:test_performance_logging:131 - Performance test message 936
2026-02-01 14:01:03 | INFO     | __main__:test_performance_logging:131 - Performance test message 937
2026-02-01 14:01:03 | INFO     | __main__:test_performance_logging:131 - Performance test message 938
2026-02-01 14:01:03 | INFO     | __main__:test_performance_logging:131 - Performance test message 939
2026-02-01 14:01:03 | INFO     | __main__:test_performance_logging:131 - Performance test message 940
2026-02-01 14:01:03 | INFO     | __main__:test_performance_logging:131 - Performance test message 941
2026-02-01 14:01:03 | INFO     | __main__:test_performance_logging:131 - Performance test message 942
2026-02-01 14:01:03 | INFO     | __main__:test_performance_logging:131 - Performance test message 943
2026-02-01 14:01:03 | INFO     | __main__:test_performance_logging:131 - Performance test message 944
2026-02-01 14:01:03 | INFO     | __main__:test_performance_logging:131 - Performance test message 945
2026-02-01 14:01:03 | INFO     | __main__:test_performance_logging:131 - Performance test message 946
2026-02-01 14:01:03 | INFO     | __main__:test_performance_logging:131 - Performance test message 947
2026-02-01 14:01:03 | INFO     | __main__:test_performance_logging:131 - Performance test message 948
2026-02-01 14:01:03 | INFO     | __main__:test_performance_logging:131 - Performance test message 949
2026-02-01 14:01:03 | INFO     | __main__:test_performance_logging:131 - Performance test message 950
2026-02-01 14:01:03 | INFO     | __main__:test_performance_logging:131 - Performance test message 951
2026-02-01 14:01:03 | INFO     | __main__:test_performance_logging:131 - Performance test message 952
2026-02-01 14:01:03 | INFO     | __main__:test_performance_logging:131 - Performance test message 953
2026-02-01 14:01:03 | INFO     | __main__:test_performance_logging:131 - Performance test message 954
2026-02-01 14:01:03 | INFO     | __main__:test_performance_logging:131 - Performance test message 955
2026-02-01 14:01:03 | INFO     | __main__:test_performance_logging:131 - Performance test message 956
2026-02-01 14:01:03 | INFO     | __main__:test_performance_logging:131 - Performance test message 957
2026-02-01 14:01:03 | INFO     | __main__:test_performance_logging:131 - Performance test message 958
2026-02-01 14:01:03 | INFO     | __main__:test_performance_logging:131 - Performance test message 959
2026-02-01 14:01:03 | INFO     | __main__:test_performance_logging:131 - Performance test message 960
2026-02-01 14:01:03 | INFO     | __main__:test_performance_logging:131 - Performance test message 961
2026-02-01 14:01:03 | INFO     | __main__:test_performance_logging:131 - Performance test message 962
2026-02-01 14:01:03 | INFO     | __main__:test_performance_logging:131 - Performance test message 963
2026-02-01 14:01:03 | INFO     | __main__:test_performance_logging:131 - Performance test message 964
2026-02-01 14:01:03 | INFO     | __main__:test_performance_logging:131 - Performance test message 965
2026-02-01 14:01:03 | INFO     | __main__:test_performance_logging:131 - Performance test message 966
2026-02-01 14:01:03 | INFO     | __main__:test_performance_logging:131 - Performance test message 967
2026-02-01 14:01:03 | INFO     | __main__:test_performance_logging:131 - Performance test message 968
2026-02-01 14:01:03 | INFO     | __main__:test_performance_logging:131 - Performance test message 969
2026-02-01 14:01:03 | INFO     | __main__:test_performance_logging:131 - Performance test message 970
2026-02-01 14:01:03 | INFO     | __main__:test_performance_logging:131 - Performance test message 971
2026-02-01 14:01:03 | INFO     | __main__:test_performance_logging:131 - Performance test message 972
2026-02-01 14:01:03 | INFO     | __main__:test_performance_logging:131 - Performance test message 973
2026-02-01 14:01:03 | INFO     | __main__:test_performance_logging:131 - Performance test message 974
2026-02-01 14:01:03 | INFO     | __main__:test_performance_logging:131 - Performance test message 975
2026-02-01 14:01:03 | INFO     | __main__:test_performance_logging:131 - Performance test message 976
2026-02-01 14:01:03 | INFO     | __main__:test_performance_logging:131 - Performance test message 977
2026-02-01 14:01:03 | INFO     | __main__:test_performance_logging:131 - Performance test message 978
2026-02-01 14:01:03 | INFO     | __main__:test_performance_logging:131 - Performance test message 979
2026-02-01 14:01:03 | INFO     | __main__:test_performance_logging:131 - Performance test message 980
2026-02-01 14:01:03 | INFO     | __main__:test_performance_logging:131 - Performance test message 981
2026-02-01 14:01:03 | INFO     | __main__:test_performance_logging:131 - Performance test message 982
2026-02-01 14:01:03 | INFO     | __main__:test_performance_logging:131 - Performance test message 983
2026-02-01 14:01:03 | INFO     | __main__:test_performance_logging:131 - Performance test message 984
2026-02-01 14:01:03 | INFO     | __main__:test_performance_logging:131 - Performance test message 985
2026-02-01 14:01:03 | INFO     | __main__:test_performance_logging:131 - Performance test message 986
2026-02-01 14:01:03 | INFO     | __main__:test_performance_logging:131 - Performance test message 987
2026-02-01 14:01:03 | INFO     | __main__:test_performance_logging:131 - Performance test message 988
2026-02-01 14:01:03 | INFO     | __main__:test_performance_logging:131 - Performance test message 989
2026-02-01 14:01:03 | INFO     | __main__:test_performance_logging:131 - Performance test message 990
2026-02-01 14:01:03 | INFO     | __main__:test_performance_logging:131 - Performance test message 991
2026-02-01 14:01:03 | INFO     | __main__:test_performance_logging:131 - Performance test message 992
2026-02-01 14:01:03 | INFO     | __main__:test_performance_logging:131 - Performance test message 993
2026-02-01 14:01:03 | INFO     | __main__:test_performance_logging:131 - Performance test message 994
2026-02-01 14:01:03 | INFO     | __main__:test_performance_logging:131 - Performance test message 995
2026-02-01 14:01:03 | INFO     | __main__:test_performance_logging:131 - Performance test message 996
2026-02-01 14:01:03 | INFO     | __main__:test_performance_logging:131 - Performance test message 997
2026-02-01 14:01:03 | INFO     | __main__:test_performance_logging:131 - Performance test message 998
2026-02-01 14:01:03 | INFO     | __main__:test_performance_logging:131 - Performance test message 999
2026-02-01 14:01:11 | INFO     | src.utils.logging_config:setup_logging:59 - Logging system initialized: level=INFO, console=True, file=True
2026-02-01 14:01:11 | INFO     | __main__:main:266 - 
############################################################
2026-02-01 14:01:11 | INFO     | __main__:main:267 - # End-to-End Integration Test Suite
2026-02-01 14:01:11 | INFO     | __main__:main:268 - ############################################################
2026-02-01 14:01:11 | INFO     | __main__:check_api_server:28 - Checking API server status...
2026-02-01 14:01:11 | ERROR    | __main__:check_api_server:39 - ✗ API server is not running
2026-02-01 14:01:11 | INFO     | __main__:check_api_server:40 - Please start the server with: uvicorn src.api.server:app --reload
2026-02-01 14:01:11 | ERROR    | __main__:main:274 - 
❌ API server is not running. Please start it first:
2026-02-01 14:01:11 | ERROR    | __main__:main:275 -    cd /home/zs/workspace/exp/quent
2026-02-01 14:01:11 | ERROR    | __main__:main:276 -    uvicorn src.api.server:app --reload
2026-02-01 14:03:46 | INFO     | src.utils.logging_config:setup_logging:59 - Logging system initialized: level=INFO, console=True, file=True
2026-02-01 14:03:46 | INFO     | src.utils.logging_config:setup_logging:59 - Logging system initialized: level=INFO, console=True, file=True
2026-02-01 14:03:46 | INFO     | __main__:<module>:47 - API Server starting with config: port=8000
2026-02-01 14:03:59 | INFO     | src.core.data_stream:__init__:88 - Initializing DBDataStream: 1 symbols, chunk_size=12 months, initial_memory=124.10MB
2026-02-01 14:03:59 | INFO     | src.core.data_stream:__init__:121 - Timeline loaded: 505 trading days from 2024-01-01 to 2026-02-01
2026-02-01 14:03:59 | INFO     | src.core.data_stream:_load_next_chunk:187 - Chunk 1 loaded: 2024-01-02 to 2024-12-31, 1/1 symbols, memory: 127.85MB (+0.19MB)
2026-02-01 14:03:59 | INFO     | src.strategies.jsg_strategy:on_bar:72 - JSGStrategy: Rebalancing on 2024-01-05
2026-02-01 14:04:01 | INFO     | src.strategies.jsg_strategy:on_bar:76 - Market breadth: ['银行']
2026-02-01 14:04:01 | INFO     | src.strategies.jsg_strategy:adjust:151 - JSG Rebalancing: Target [], Holding []
2026-02-01 14:04:01 | INFO     | src.strategies.jsg_strategy:on_bar:72 - JSGStrategy: Rebalancing on 2024-01-12
2026-02-01 14:04:02 | INFO     | src.strategies.jsg_strategy:on_bar:76 - Market breadth: ['银行']
2026-02-01 14:04:02 | INFO     | src.strategies.jsg_strategy:adjust:151 - JSG Rebalancing: Target [], Holding []
2026-02-01 14:04:02 | INFO     | src.strategies.jsg_strategy:on_bar:72 - JSGStrategy: Rebalancing on 2024-01-19
2026-02-01 14:04:04 | INFO     | src.strategies.jsg_strategy:on_bar:76 - Market breadth: ['银行']
2026-02-01 14:04:04 | INFO     | src.strategies.jsg_strategy:adjust:151 - JSG Rebalancing: Target [], Holding []
2026-02-01 14:04:04 | INFO     | src.strategies.jsg_strategy:on_bar:72 - JSGStrategy: Rebalancing on 2024-01-26
2026-02-01 14:04:05 | INFO     | src.strategies.jsg_strategy:on_bar:76 - Market breadth: ['银行']
2026-02-01 14:04:05 | INFO     | src.strategies.jsg_strategy:adjust:151 - JSG Rebalancing: Target [], Holding []
2026-02-01 14:04:05 | INFO     | src.strategies.jsg_strategy:on_bar:72 - JSGStrategy: Rebalancing on 2024-02-02
2026-02-01 14:04:07 | INFO     | src.strategies.jsg_strategy:on_bar:76 - Market breadth: ['银行']
2026-02-01 14:04:07 | INFO     | src.strategies.jsg_strategy:adjust:151 - JSG Rebalancing: Target [], Holding []
2026-02-01 14:04:07 | INFO     | src.strategies.jsg_strategy:on_bar:72 - JSGStrategy: Rebalancing on 2024-02-08
2026-02-01 14:04:08 | INFO     | src.strategies.jsg_strategy:on_bar:76 - Market breadth: ['银行']
2026-02-01 14:04:08 | INFO     | src.strategies.jsg_strategy:adjust:151 - JSG Rebalancing: Target [], Holding []
2026-02-01 14:04:08 | INFO     | src.strategies.jsg_strategy:on_bar:72 - JSGStrategy: Rebalancing on 2024-02-23
2026-02-01 14:04:10 | INFO     | src.strategies.jsg_strategy:on_bar:76 - Market breadth: ['银行']
2026-02-01 14:04:10 | INFO     | src.strategies.jsg_strategy:adjust:151 - JSG Rebalancing: Target [], Holding []
2026-02-01 14:04:10 | INFO     | src.strategies.jsg_strategy:on_bar:72 - JSGStrategy: Rebalancing on 2024-03-01
2026-02-01 14:04:11 | INFO     | src.strategies.jsg_strategy:on_bar:76 - Market breadth: ['国防军工']
2026-02-01 14:04:11 | INFO     | src.strategies.jsg_strategy:adjust:151 - JSG Rebalancing: Target ['sz.002633', 'sz.002188', 'sz.002247', 'sz.002830', 'sz.002836', 'sz.002295', 'sz.002715', 'sz.003017', 'sz.002899', 'sz.003003'], Holding []
2026-02-01 14:04:11 | INFO     | src.core.backtest_broker:_execute_order:201 - ORDER FILLED (NEXT_OPEN): buy 8500 sz.002633 at 11.164408117249156 on 2024-03-04 00:00:00
2026-02-01 14:04:11 | INFO     | src.core.backtest_broker:_execute_order:201 - ORDER FILLED (NEXT_OPEN): buy 16200 sz.002188 at 5.826862026862027 on 2024-03-04 00:00:00
2026-02-01 14:04:11 | INFO     | src.core.backtest_broker:_execute_order:201 - ORDER FILLED (NEXT_OPEN): buy 9400 sz.002247 at 10.06343365507355 on 2024-03-04 00:00:00
2026-02-01 14:04:11 | INFO     | src.core.backtest_broker:_execute_order:201 - ORDER FILLED (NEXT_OPEN): buy 4200 sz.002830 at 22.264548128252525 on 2024-03-04 00:00:00
2026-02-01 14:04:11 | INFO     | src.core.backtest_broker:_execute_order:201 - ORDER FILLED (NEXT_OPEN): buy 4700 sz.002836 at 20.19643867103832 on 2024-03-04 00:00:00
2026-02-01 14:04:11 | INFO     | src.core.backtest_broker:_execute_order:201 - ORDER FILLED (NEXT_OPEN): buy 10600 sz.002295 at 8.875584731118979 on 2024-03-04 00:00:00
2026-02-01 14:04:11 | INFO     | src.core.backtest_broker:_execute_order:201 - ORDER FILLED (NEXT_OPEN): buy 6000 sz.002715 at 15.593471541835738 on 2024-03-04 00:00:00
2026-02-01 14:04:11 | INFO     | src.core.backtest_broker:_execute_order:201 - ORDER FILLED (NEXT_OPEN): buy 3700 sz.003017 at 25.784029817076732 on 2024-03-04 00:00:00
2026-02-01 14:04:11 | INFO     | src.core.backtest_broker:_execute_order:201 - ORDER FILLED (NEXT_OPEN): buy 7600 sz.002899 at 12.512147790312635 on 2024-03-04 00:00:00
2026-02-01 14:04:11 | INFO     | src.core.backtest_broker:_execute_order:201 - ORDER FILLED (NEXT_OPEN): buy 11200 sz.003003 at 8.539977647080379 on 2024-03-04 00:00:00
2026-02-01 14:04:12 | INFO     | src.strategies.jsg_strategy:on_bar:72 - JSGStrategy: Rebalancing on 2024-03-08
2026-02-01 14:04:13 | INFO     | src.strategies.jsg_strategy:on_bar:76 - Market breadth: ['机械设备']
2026-02-01 14:04:14 | INFO     | src.strategies.jsg_strategy:adjust:151 - JSG Rebalancing: Target ['sz.002633', 'sz.002188', 'sz.002247', 'sz.002836', 'sz.002830', 'sz.002883', 'sz.002715', 'sz.002899', 'sz.003017', 'sz.002072'], Holding ['sz.002633', 'sz.002188', 'sz.002247', 'sz.002830', 'sz.002836', 'sz.002295', 'sz.002715', 'sz.003017', 'sz.002899', 'sz.003003']
2026-02-01 14:04:14 | INFO     | src.core.backtest_broker:_execute_order:201 - ORDER FILLED (NEXT_OPEN): sell 10600 sz.002295 at 9.22364687743737 on 2024-03-11 00:00:00
2026-02-01 14:04:14 | INFO     | src.core.backtest_broker:_execute_order:201 - ORDER FILLED (NEXT_OPEN): sell 11200 sz.003003 at 8.611484636948276 on 2024-03-11 00:00:00
2026-02-01 14:04:14 | INFO     | src.core.backtest_broker:_execute_order:201 - ORDER FILLED (NEXT_OPEN): buy 100 sz.002633 at 11.073021420518602 on 2024-03-11 00:00:00
2026-02-01 14:04:14 | INFO     | src.core.backtest_broker:_execute_order:201 - ORDER FILLED (NEXT_OPEN): buy 100 sz.002188 at 5.83992673992674 on 2024-03-11 00:00:00
2026-02-01 14:04:14 | INFO     | src.core.backtest_broker:_execute_order:201 - ORDER FILLED (NEXT_OPEN): buy 200 sz.002247 at 9.869906084783675 on 2024-03-11 00:00:00
2026-02-01 14:04:14 | INFO     | src.core.backtest_broker:_execute_order:201 - ORDER FILLED (NEXT_OPEN): sell 100 sz.002830 at 22.62813825138441 on 2024-03-11 00:00:00
2026-02-01 14:04:14 | INFO     | src.core.backtest_broker:_execute_order:201 - ORDER FILLED (NEXT_OPEN): buy 3400 sz.002883 at 27.60186263822445 on 2024-03-11 00:00:00
2026-02-01 14:04:14 | INFO     | src.core.backtest_broker:_execute_order:201 - ORDER FILLED (NEXT_OPEN): buy 100 sz.002899 at 12.339074956760712 on 2024-03-11 00:00:00
2026-02-01 14:04:14 | INFO     | src.core.backtest_broker:_execute_order:201 - ORDER FILLED (NEXT_OPEN): buy 23900 sz.002072 at 3.97 on 2024-03-11 00:00:00
2026-02-01 14:04:14 | INFO     | src.strategies.jsg_strategy:on_bar:72 - JSGStrategy: Rebalancing on 2024-03-15
2026-02-01 14:04:16 | INFO     | src.strategies.jsg_strategy:on_bar:76 - Market breadth: ['综合']
2026-02-01 14:04:16 | INFO     | src.strategies.jsg_strategy:adjust:151 - JSG Rebalancing: Target ['sz.002633', 'sz.002247', 'sz.002188', 'sz.002830', 'sz.002836', 'sz.002883', 'sz.002295', 'sz.003017', 'sz.002072', 'sz.003003'], Holding ['sz.002633', 'sz.002188', 'sz.002247', 'sz.002830', 'sz.002836', 'sz.002715', 'sz.003017', 'sz.002899', 'sz.002883', 'sz.002072']
2026-02-01 14:04:16 | INFO     | src.core.backtest_broker:_execute_order:201 - ORDER FILLED (NEXT_OPEN): sell 6000 sz.002715 at 18.521964745239547 on 2024-03-18 00:00:00
2026-02-01 14:04:16 | INFO     | src.core.backtest_broker:_execute_order:201 - ORDER FILLED (NEXT_OPEN): sell 7700 sz.002899 at 13.79492290957984 on 2024-03-18 00:00:00
2026-02-01 14:04:16 | INFO     | src.core.backtest_broker:_execute_order:201 - ORDER FILLED (NEXT_OPEN): sell 200 sz.002633 at 12.337204058624577 on 2024-03-18 00:00:00
2026-02-01 14:04:16 | INFO     | src.core.backtest_broker:_execute_order:201 - ORDER FILLED (NEXT_OPEN): buy 100 sz.002247 at 10.708525556039804 on 2024-03-18 00:00:00
2026-02-01 14:04:16 | INFO     | src.core.backtest_broker:_execute_order:201 - ORDER FILLED (NEXT_OPEN): sell 300 sz.002188 at 6.44090354090354 on 2024-03-18 00:00:00
2026-02-01 14:04:16 | INFO     | src.core.backtest_broker:_execute_order:201 - ORDER FILLED (NEXT_OPEN): buy 200 sz.002830 at 23.78307158368569 on 2024-03-18 00:00:00
2026-02-01 14:04:16 | INFO     | src.core.backtest_broker:_execute_order:201 - ORDER FILLED (NEXT_OPEN): buy 100 sz.002883 at 29.13363085862646 on 2024-03-18 00:00:00
2026-02-01 14:04:16 | INFO     | src.core.backtest_broker:_execute_order:201 - ORDER FILLED (NEXT_OPEN): buy 10500 sz.002295 at 9.85648714347081 on 2024-03-18 00:00:00
2026-02-01 14:04:16 | INFO     | src.core.backtest_broker:_execute_order:201 - ORDER FILLED (NEXT_OPEN): buy 100 sz.003017 at 27.272987513774705 on 2024-03-18 00:00:00
2026-02-01 14:04:16 | INFO     | src.core.backtest_broker:_execute_order:201 - ORDER FILLED (NEXT_OPEN): buy 400 sz.002072 at 4.28 on 2024-03-18 00:00:00
2026-02-01 14:04:16 | INFO     | src.core.backtest_broker:_execute_order:201 - ORDER FILLED (NEXT_OPEN): buy 11300 sz.003003 at 9.152894703090935 on 2024-03-18 00:00:00
2026-02-01 14:04:17 | INFO     | src.strategies.jsg_strategy:on_bar:72 - JSGStrategy: Rebalancing on 2024-03-22
2026-02-01 14:04:18 | INFO     | src.strategies.jsg_strategy:on_bar:76 - Market breadth: ['传媒']
2026-02-01 14:04:18 | INFO     | src.strategies.jsg_strategy:adjust:151 - JSG Rebalancing: Target ['sz.002633', 'sz.002188', 'sz.002247', 'sz.002830', 'sz.002836', 'sz.003017', 'sz.002072', 'sz.002890', 'sz.002883', 'sz.002295'], Holding ['sz.002633', 'sz.002188', 'sz.002247', 'sz.002830', 'sz.002836', 'sz.003017', 'sz.002883', 'sz.002072', 'sz.002295', 'sz.003003']
2026-02-01 14:04:18 | INFO     | src.core.backtest_broker:_execute_order:201 - ORDER FILLED (NEXT_OPEN): sell 11300 sz.003003 at 9.62279777936569 on 2024-03-25 00:00:00
2026-02-01 14:04:18 | INFO     | src.core.backtest_broker:_execute_order:201 - ORDER FILLED (NEXT_OPEN): buy 100 sz.002633 at 12.596133032694476 on 2024-03-25 00:00:00
2026-02-01 14:04:18 | INFO     | src.core.backtest_broker:_execute_order:201 - ORDER FILLED (NEXT_OPEN): buy 200 sz.002188 at 6.597680097680097 on 2024-03-25 00:00:00
2026-02-01 14:04:18 | INFO     | src.core.backtest_broker:_execute_order:201 - ORDER FILLED (NEXT_OPEN): sell 300 sz.002247 at 11.353617457006058 on 2024-03-25 00:00:00
2026-02-01 14:04:18 | INFO     | src.core.backtest_broker:_execute_order:201 - ORDER FILLED (NEXT_OPEN): buy 300 sz.002072 at 4.35 on 2024-03-25 00:00:00
2026-02-01 14:04:18 | INFO     | src.core.backtest_broker:_execute_order:201 - ORDER FILLED (NEXT_OPEN): buy 4300 sz.002890 at 24.760228396175133 on 2024-03-25 00:00:00
2026-02-01 14:04:18 | INFO     | src.core.backtest_broker:_execute_order:201 - ORDER FILLED (NEXT_OPEN): sell 100 sz.002883 at 30.935711117922946 on 2024-03-25 00:00:00
2026-02-01 14:04:18 | INFO     | src.core.backtest_broker:_execute_order:201 - ORDER FILLED (NEXT_OPEN): sell 200 sz.002295 at 10.2045492897892 on 2024-03-25 00:00:00
2026-02-01 14:04:19 | INFO     | src.strategies.jsg_strategy:on_bar:72 - JSGStrategy: Rebalancing on 2024-03-29
2026-02-01 14:04:20 | INFO     | src.strategies.jsg_strategy:on_bar:76 - Market breadth: ['有色金属']
2026-02-01 14:04:21 | INFO     | src.strategies.jsg_strategy:adjust:151 - JSG Rebalancing: Target ['sz.002633', 'sz.002247', 'sz.002188', 'sz.002830', 'sz.002836', 'sz.003017', 'sz.002072', 'sz.002883', 'sz.002295', 'sz.002890'], Holding ['sz.002633', 'sz.002188', 'sz.002247', 'sz.002830', 'sz.002836', 'sz.003017', 'sz.002883', 'sz.002072', 'sz.002295', 'sz.002890']
2026-02-01 14:04:21 | INFO     | src.core.backtest_broker:_execute_order:201 - ORDER FILLED (NEXT_OPEN): buy 100 sz.002633 at 12.489515219842165 on 2024-04-01 00:00:00
2026-02-01 14:04:21 | INFO     | src.core.backtest_broker:_execute_order:201 - ORDER FILLED (NEXT_OPEN): buy 400 sz.002247 at 10.90205312632968 on 2024-04-01 00:00:00
2026-02-01 14:04:21 | INFO     | src.core.backtest_broker:_execute_order:201 - ORDER FILLED (NEXT_OPEN): buy 200 sz.002188 at 6.558485958485958 on 2024-04-01 00:00:00
2026-02-01 14:04:21 | INFO     | src.core.backtest_broker:_execute_order:201 - ORDER FILLED (NEXT_OPEN): sell 300 sz.002072 at 4.39 on 2024-04-01 00:00:00
2026-02-01 14:04:21 | INFO     | src.core.backtest_broker:_execute_order:201 - ORDER FILLED (NEXT_OPEN): sell 200 sz.002890 at 25.465361019337163 on 2024-04-01 00:00:00
2026-02-01 14:04:21 | INFO     | src.strategies.jsg_strategy:on_bar:72 - JSGStrategy: Rebalancing on 2024-04-03
2026-02-01 14:04:22 | INFO     | src.strategies.jsg_strategy:on_bar:76 - Market breadth: ['有色金属']
2026-02-01 14:04:23 | INFO     | src.strategies.jsg_strategy:adjust:151 - JSG Rebalancing: Target ['sz.002633', 'sz.002247', 'sz.002188', 'sz.002830', 'sz.002072', 'sz.002883', 'sz.002836', 'sz.003017', 'sz.003003', 'sz.002890'], Holding ['sz.002633', 'sz.002188', 'sz.002247', 'sz.002830', 'sz.002836', 'sz.003017', 'sz.002883', 'sz.002072', 'sz.002295', 'sz.002890']
2026-02-01 14:04:23 | INFO     | src.core.backtest_broker:_execute_order:201 - ORDER FILLED (NEXT_OPEN): sell 10300 sz.002295 at 11.881575994777812 on 2024-04-08 00:00:00
2026-02-01 14:04:23 | INFO     | src.core.backtest_broker:_execute_order:201 - ORDER FILLED (NEXT_OPEN): buy 200 sz.002188 at 6.715262515262515 on 2024-04-08 00:00:00
2026-02-01 14:04:23 | INFO     | src.core.backtest_broker:_execute_order:201 - ORDER FILLED (NEXT_OPEN): buy 700 sz.002072 at 4.42 on 2024-04-08 00:00:00
2026-02-01 14:04:23 | INFO     | src.core.backtest_broker:_execute_order:201 - ORDER FILLED (NEXT_OPEN): buy 100 sz.002883 at 31.23605782780569 on 2024-04-08 00:00:00
2026-02-01 14:04:23 | INFO     | src.core.backtest_broker:_execute_order:201 - ORDER FILLED (NEXT_OPEN): buy 11300 sz.003003 at 9.82710346470254 on 2024-04-08 00:00:00
2026-02-01 14:04:23 | INFO     | src.strategies.jsg_strategy:on_bar:72 - JSGStrategy: Rebalancing on 2024-04-12
2026-02-01 14:04:25 | INFO     | src.strategies.jsg_strategy:on_bar:76 - Market breadth: ['煤炭']
2026-02-01 14:04:25 | INFO     | src.strategies.jsg_strategy:adjust:151 - JSG Rebalancing: Target [], Holding ['sz.002633', 'sz.002188', 'sz.002247', 'sz.002830', 'sz.002836', 'sz.003017', 'sz.002883', 'sz.002072', 'sz.002890', 'sz.003003']
2026-02-01 14:04:25 | INFO     | src.core.backtest_broker:_execute_order:201 - ORDER FILLED (NEXT_OPEN): sell 8600 sz.002633 at 10.661781285231116 on 2024-04-15 00:00:00
2026-02-01 14:04:25 | INFO     | src.core.backtest_broker:_execute_order:201 - ORDER FILLED (NEXT_OPEN): sell 16600 sz.002188 at 6.022832722832724 on 2024-04-15 00:00:00
2026-02-01 14:04:25 | INFO     | src.core.backtest_broker:_execute_order:201 - ORDER FILLED (NEXT_OPEN): sell 9800 sz.002247 at 9.80539689468705 on 2024-04-15 00:00:00
2026-02-01 14:04:25 | INFO     | src.core.backtest_broker:_execute_order:201 - ORDER FILLED (NEXT_OPEN): sell 4300 sz.002830 at 23.84723454659132 on 2024-04-15 00:00:00
2026-02-01 14:04:25 | INFO     | src.core.backtest_broker:_execute_order:201 - ORDER FILLED (NEXT_OPEN): sell 4700 sz.002836 at 21.686339884475572 on 2024-04-15 00:00:00
2026-02-01 14:04:25 | INFO     | src.core.backtest_broker:_execute_order:201 - ORDER FILLED (NEXT_OPEN): sell 3800 sz.003017 at 26.72752776349921 on 2024-04-15 00:00:00
2026-02-01 14:04:25 | INFO     | src.core.backtest_broker:_execute_order:201 - ORDER FILLED (NEXT_OPEN): sell 3500 sz.002883 at 28.80324947775544 on 2024-04-15 00:00:00
2026-02-01 14:04:25 | INFO     | src.core.backtest_broker:_execute_order:201 - ORDER FILLED (NEXT_OPEN): sell 25000 sz.002072 at 4.05 on 2024-04-15 00:00:00
2026-02-01 14:04:25 | INFO     | src.core.backtest_broker:_execute_order:201 - ORDER FILLED (NEXT_OPEN): sell 4100 sz.002890 at 25.707120775849855 on 2024-04-15 00:00:00
2026-02-01 14:04:25 | INFO     | src.core.backtest_broker:_execute_order:201 - ORDER FILLED (NEXT_OPEN): sell 11300 sz.003003 at 9.22440169295883 on 2024-04-15 00:00:00
2026-02-01 14:04:25 | INFO     | src.strategies.jsg_strategy:on_bar:72 - JSGStrategy: Rebalancing on 2024-04-19
2026-02-01 14:04:26 | INFO     | src.strategies.jsg_strategy:on_bar:76 - Market breadth: ['银行']
2026-02-01 14:04:26 | INFO     | src.strategies.jsg_strategy:adjust:151 - JSG Rebalancing: Target [], Holding []
2026-02-01 14:04:26 | INFO     | src.strategies.jsg_strategy:on_bar:72 - JSGStrategy: Rebalancing on 2024-04-26
2026-02-01 14:04:28 | INFO     | src.strategies.jsg_strategy:on_bar:76 - Market breadth: ['非银金融']
2026-02-01 14:04:28 | INFO     | src.strategies.jsg_strategy:adjust:151 - JSG Rebalancing: Target ['sz.002633', 'sz.002247', 'sz.002188', 'sz.002072', 'sz.002494', 'sz.002830', 'sz.002836', 'sz.003017', 'sz.002295', 'sz.003003'], Holding []
2026-02-01 14:04:28 | INFO     | src.core.backtest_broker:_execute_order:201 - ORDER FILLED (NEXT_OPEN): buy 11200 sz.002633 at 9.077745208568208 on 2024-04-29 00:00:00
2026-02-01 14:04:28 | INFO     | src.core.backtest_broker:_execute_order:201 - ORDER FILLED (NEXT_OPEN): buy 11200 sz.002247 at 8.96677742343092 on 2024-04-29 00:00:00
2026-02-01 14:04:28 | INFO     | src.core.backtest_broker:_execute_order:201 - ORDER FILLED (NEXT_OPEN): buy 17900 sz.002188 at 5.7354090354090355 on 2024-04-29 00:00:00
2026-02-01 14:04:28 | INFO     | src.core.backtest_broker:_execute_order:201 - ORDER FILLED (NEXT_OPEN): buy 27900 sz.002072 at 3.65 on 2024-04-29 00:00:00
2026-02-01 14:04:28 | INFO     | src.core.backtest_broker:_execute_order:201 - ORDER FILLED (NEXT_OPEN): buy 10200 sz.002494 at 9.995268434826889 on 2024-04-29 00:00:00
2026-02-01 14:04:28 | INFO     | src.core.backtest_broker:_execute_order:201 - ORDER FILLED (NEXT_OPEN): buy 4500 sz.002830 at 22.649525905686286 on 2024-04-29 00:00:00
2026-02-01 14:04:28 | INFO     | src.core.backtest_broker:_execute_order:201 - ORDER FILLED (NEXT_OPEN): buy 5000 sz.002836 at 20.92483481982987 on 2024-04-29 00:00:00
2026-02-01 14:04:28 | INFO     | src.core.backtest_broker:_execute_order:201 - ORDER FILLED (NEXT_OPEN): buy 3900 sz.003017 at 25.84299843872814 on 2024-04-29 00:00:00
2026-02-01 14:04:28 | INFO     | src.core.backtest_broker:_execute_order:201 - ORDER FILLED (NEXT_OPEN): buy 10700 sz.002295 at 9.57170902375576 on 2024-04-29 00:00:00
2026-02-01 14:04:28 | INFO     | src.core.backtest_broker:_execute_order:201 - ORDER FILLED (NEXT_OPEN): buy 11500 sz.003003 at 9.040526576155665 on 2024-04-29 00:00:00
2026-02-01 14:04:28 | INFO     | src.strategies.jsg_strategy:on_bar:72 - JSGStrategy: Rebalancing on 2024-04-30
2026-02-01 14:04:30 | INFO     | src.strategies.jsg_strategy:on_bar:76 - Market breadth: ['非银金融']
2026-02-01 14:04:30 | INFO     | src.strategies.jsg_strategy:adjust:151 - JSG Rebalancing: Target ['sz.002633', 'sz.002856', 'sz.002247', 'sz.002188', 'sz.002072', 'sz.002494', 'sz.002830', 'sz.002836', 'sz.003011', 'sz.003017'], Holding ['sz.002633', 'sz.002247', 'sz.002188', 'sz.002072', 'sz.002494', 'sz.002830', 'sz.002836', 'sz.003017', 'sz.002295', 'sz.003003']
2026-02-01 14:04:30 | INFO     | src.core.backtest_broker:_execute_order:201 - ORDER FILLED (NEXT_OPEN): sell 10700 sz.002295 at 9.983055196677496 on 2024-05-06 00:00:00
2026-02-01 14:04:30 | INFO     | src.core.backtest_broker:_execute_order:201 - ORDER FILLED (NEXT_OPEN): sell 11500 sz.003003 at 9.489999083896736 on 2024-05-06 00:00:00
2026-02-01 14:04:30 | INFO     | src.core.backtest_broker:_execute_order:201 - ORDER FILLED (NEXT_OPEN): sell 500 sz.002633 at 10.082998872604286 on 2024-05-06 00:00:00
2026-02-01 14:04:30 | INFO     | src.core.backtest_broker:_execute_order:201 - ORDER FILLED (NEXT_OPEN): buy 11800 sz.002856 at 9.161919153758973 on 2024-05-06 00:00:00
2026-02-01 14:04:30 | INFO     | src.core.backtest_broker:_execute_order:201 - ORDER FILLED (NEXT_OPEN): buy 800 sz.002247 at 8.96677742343092 on 2024-05-06 00:00:00
2026-02-01 14:04:30 | INFO     | src.core.backtest_broker:_execute_order:201 - ORDER FILLED (NEXT_OPEN): buy 200 sz.002188 at 6.101221001221001 on 2024-05-06 00:00:00
2026-02-01 14:04:30 | INFO     | src.core.backtest_broker:_execute_order:201 - ORDER FILLED (NEXT_OPEN): sell 1100 sz.002072 at 3.95 on 2024-05-06 00:00:00
2026-02-01 14:04:30 | INFO     | src.core.backtest_broker:_execute_order:201 - ORDER FILLED (NEXT_OPEN): sell 200 sz.002494 at 10.724652888179122 on 2024-05-06 00:00:00
2026-02-01 14:04:30 | INFO     | src.core.backtest_broker:_execute_order:201 - ORDER FILLED (NEXT_OPEN): sell 100 sz.002830 at 24.360538249836335 on 2024-05-06 00:00:00
2026-02-01 14:04:30 | INFO     | src.core.backtest_broker:_execute_order:201 - ORDER FILLED (NEXT_OPEN): sell 200 sz.002836 at 22.580280612537926 on 2024-05-06 00:00:00
2026-02-01 14:04:30 | INFO     | src.core.backtest_broker:_execute_order:201 - ORDER FILLED (NEXT_OPEN): buy 4800 sz.003011 at 22.090265839933018 on 2024-05-06 00:00:00
2026-02-01 14:04:31 | INFO     | src.strategies.jsg_strategy:on_bar:72 - JSGStrategy: Rebalancing on 2024-05-10
2026-02-01 14:04:32 | INFO     | src.strategies.jsg_strategy:on_bar:76 - Market breadth: ['房地产']
2026-02-01 14:04:32 | INFO     | src.strategies.jsg_strategy:adjust:151 - JSG Rebalancing: Target ['sz.002856', 'sz.002633', 'sz.002247', 'sz.002188', 'sz.002072', 'sz.002494', 'sz.002883', 'sz.002830', 'sz.002316', 'sz.003017'], Holding ['sz.002633', 'sz.002247', 'sz.002188', 'sz.002072', 'sz.002494', 'sz.002830', 'sz.002836', 'sz.003017', 'sz.002856', 'sz.003011']
2026-02-01 14:04:33 | INFO     | src.core.backtest_broker:_execute_order:201 - ORDER FILLED (NEXT_OPEN): sell 4800 sz.002836 at 22.878260855225378 on 2024-05-13 00:00:00
2026-02-01 14:04:33 | INFO     | src.core.backtest_broker:_execute_order:201 - ORDER FILLED (NEXT_OPEN): sell 4800 sz.003011 at 22.776934156385963 on 2024-05-13 00:00:00
2026-02-01 14:04:33 | INFO     | src.core.backtest_broker:_execute_order:201 - ORDER FILLED (NEXT_OPEN): sell 100 sz.002856 at 9.378911975821685 on 2024-05-13 00:00:00
2026-02-01 14:04:33 | INFO     | src.core.backtest_broker:_execute_order:201 - ORDER FILLED (NEXT_OPEN): sell 700 sz.002633 at 10.890248027057499 on 2024-05-13 00:00:00
2026-02-01 14:04:33 | INFO     | src.core.backtest_broker:_execute_order:201 - ORDER FILLED (NEXT_OPEN): buy 400 sz.002247 at 8.70874066304442 on 2024-05-13 00:00:00
2026-02-01 14:04:33 | INFO     | src.core.backtest_broker:_execute_order:201 - ORDER FILLED (NEXT_OPEN): sell 1000 sz.002188 at 6.375579975579975 on 2024-05-13 00:00:00
2026-02-01 14:04:33 | INFO     | src.core.backtest_broker:_execute_order:201 - ORDER FILLED (NEXT_OPEN): buy 1200 sz.002072 at 3.92 on 2024-05-13 00:00:00
2026-02-01 14:04:33 | INFO     | src.core.backtest_broker:_execute_order:201 - ORDER FILLED (NEXT_OPEN): buy 600 sz.002494 at 10.400482020022574 on 2024-05-13 00:00:00
2026-02-01 14:04:33 | INFO     | src.core.backtest_broker:_execute_order:201 - ORDER FILLED (NEXT_OPEN): buy 3700 sz.002883 at 29.07356151664991 on 2024-05-13 00:00:00
2026-02-01 14:04:33 | INFO     | src.core.backtest_broker:_execute_order:201 - ORDER FILLED (NEXT_OPEN): buy 8100 sz.002316 at 13.178675401871168 on 2024-05-13 00:00:00
2026-02-01 14:04:33 | INFO     | src.strategies.jsg_strategy:on_bar:72 - JSGStrategy: Rebalancing on 2024-05-17
2026-02-01 14:04:35 | INFO     | src.strategies.jsg_strategy:on_bar:76 - Market breadth: ['房地产']
2026-02-01 14:04:35 | INFO     | src.strategies.jsg_strategy:adjust:151 - JSG Rebalancing: Target ['sz.002633', 'sz.002856', 'sz.002247', 'sz.002072', 'sz.002494', 'sz.002316', 'sz.002883', 'sz.003017', 'sz.002295', 'sz.002830'], Holding ['sz.002633', 'sz.002247', 'sz.002188', 'sz.002072', 'sz.002494', 'sz.002830', 'sz.003017', 'sz.002856', 'sz.002883', 'sz.002316']
2026-02-01 14:04:35 | INFO     | src.core.backtest_broker:_execute_order:201 - ORDER FILLED (NEXT_OPEN): sell 17100 sz.002188 at 6.924297924297925 on 2024-05-20 00:00:00
2026-02-01 14:04:35 | INFO     | src.core.backtest_broker:_execute_order:201 - ORDER FILLED (NEXT_OPEN): buy 200 sz.002633 at 11.179639233370914 on 2024-05-20 00:00:00
2026-02-01 14:04:35 | INFO     | src.core.backtest_broker:_execute_order:201 - ORDER FILLED (NEXT_OPEN): sell 200 sz.002247 at 9.289323373914048 on 2024-05-20 00:00:00
2026-02-01 14:04:35 | INFO     | src.core.backtest_broker:_execute_order:201 - ORDER FILLED (NEXT_OPEN): buy 1300 sz.002072 at 3.91 on 2024-05-20 00:00:00
2026-02-01 14:04:35 | INFO     | src.core.backtest_broker:_execute_order:201 - ORDER FILLED (NEXT_OPEN): buy 100 sz.002494 at 10.805695605218258 on 2024-05-20 00:00:00
2026-02-01 14:04:35 | INFO     | src.core.backtest_broker:_execute_order:201 - ORDER FILLED (NEXT_OPEN): buy 500 sz.002316 at 13.212039137065778 on 2024-05-20 00:00:00
2026-02-01 14:04:35 | INFO     | src.core.backtest_broker:_execute_order:201 - ORDER FILLED (NEXT_OPEN): buy 100 sz.003017 at 28.275454081848586 on 2024-05-20 00:00:00
2026-02-01 14:04:35 | INFO     | src.core.backtest_broker:_execute_order:201 - ORDER FILLED (NEXT_OPEN): buy 11200 sz.002295 at 10.75828452256846 on 2024-05-20 00:00:00
2026-02-01 14:04:35 | INFO     | src.strategies.jsg_strategy:on_bar:72 - JSGStrategy: Rebalancing on 2024-05-24
2026-02-01 14:04:37 | INFO     | src.strategies.jsg_strategy:on_bar:76 - Market breadth: ['银行']
2026-02-01 14:04:37 | INFO     | src.strategies.jsg_strategy:adjust:151 - JSG Rebalancing: Target [], Holding ['sz.002633', 'sz.002247', 'sz.002072', 'sz.002494', 'sz.002830', 'sz.003017', 'sz.002856', 'sz.002883', 'sz.002316', 'sz.002295']
2026-02-01 14:04:37 | INFO     | src.core.backtest_broker:_execute_order:201 - ORDER FILLED (NEXT_OPEN): sell 10200 sz.002633 at 10.6313190529876 on 2024-05-27 00:00:00
2026-02-01 14:04:37 | INFO     | src.core.backtest_broker:_execute_order:201 - ORDER FILLED (NEXT_OPEN): sell 12200 sz.002247 at 9.289323373914048 on 2024-05-27 00:00:00
2026-02-01 14:04:37 | INFO     | src.core.backtest_broker:_execute_order:201 - ORDER FILLED (NEXT_OPEN): sell 29300 sz.002072 at 3.69 on 2024-05-27 00:00:00
2026-02-01 14:04:37 | INFO     | src.core.backtest_broker:_execute_order:201 - ORDER FILLED (NEXT_OPEN): sell 10700 sz.002494 at 10.157353868905162 on 2024-05-27 00:00:00
2026-02-01 14:04:37 | INFO     | src.core.backtest_broker:_execute_order:201 - ORDER FILLED (NEXT_OPEN): sell 4400 sz.002830 at 24.57441479285509 on 2024-05-27 00:00:00
2026-02-01 14:04:37 | INFO     | src.core.backtest_broker:_execute_order:201 - ORDER FILLED (NEXT_OPEN): sell 4000 sz.003017 at 27.007628716343383 on 2024-05-27 00:00:00
2026-02-01 14:04:37 | INFO     | src.core.backtest_broker:_execute_order:201 - ORDER FILLED (NEXT_OPEN): sell 11700 sz.002856 at 9.403022289384209 on 2024-05-27 00:00:00
2026-02-01 14:04:37 | INFO     | src.core.backtest_broker:_execute_order:201 - ORDER FILLED (NEXT_OPEN): sell 3700 sz.002883 at 29.13363085862646 on 2024-05-27 00:00:00
2026-02-01 14:04:37 | INFO     | src.core.backtest_broker:_execute_order:201 - ORDER FILLED (NEXT_OPEN): sell 8600 sz.002316 at 12.244490816422072 on 2024-05-27 00:00:00
2026-02-01 14:04:37 | INFO     | src.core.backtest_broker:_execute_order:201 - ORDER FILLED (NEXT_OPEN): sell 11200 sz.002295 at 9.872308150121645 on 2024-05-27 00:00:00
2026-02-01 14:04:37 | INFO     | src.strategies.jsg_strategy:on_bar:72 - JSGStrategy: Rebalancing on 2024-05-31
2026-02-01 14:04:39 | INFO     | src.strategies.jsg_strategy:on_bar:76 - Market breadth: ['煤炭']
2026-02-01 14:04:39 | INFO     | src.strategies.jsg_strategy:adjust:151 - JSG Rebalancing: Target [], Holding []
2026-02-01 14:04:39 | INFO     | src.strategies.jsg_strategy:on_bar:72 - JSGStrategy: Rebalancing on 2024-06-07
2026-02-01 14:04:40 | INFO     | src.strategies.jsg_strategy:on_bar:76 - Market breadth: ['煤炭']
2026-02-01 14:04:40 | INFO     | src.strategies.jsg_strategy:adjust:151 - JSG Rebalancing: Target [], Holding []
2026-02-01 14:04:40 | INFO     | src.strategies.jsg_strategy:on_bar:72 - JSGStrategy: Rebalancing on 2024-06-14
2026-02-01 14:04:42 | INFO     | src.strategies.jsg_strategy:on_bar:76 - Market breadth: ['电子']
2026-02-01 14:04:42 | INFO     | src.strategies.jsg_strategy:adjust:151 - JSG Rebalancing: Target ['sz.002633', 'sz.002247', 'sz.002072', 'sz.002494', 'sz.002316', 'sz.002188', 'sz.002495', 'sz.002830', 'sz.002883', 'sz.002094'], Holding []
2026-02-01 14:04:42 | INFO     | src.core.backtest_broker:_execute_order:201 - ORDER FILLED (NEXT_OPEN): buy 11900 sz.002633 at 9.108207440811727 on 2024-06-17 00:00:00
2026-02-01 14:04:42 | INFO     | src.core.backtest_broker:_execute_order:201 - ORDER FILLED (NEXT_OPEN): buy 13300 sz.002247 at 8.063648762078166 on 2024-06-17 00:00:00
2026-02-01 14:04:42 | INFO     | src.core.backtest_broker:_execute_order:201 - ORDER FILLED (NEXT_OPEN): buy 34100 sz.002072 at 3.17 on 2024-06-17 00:00:00
2026-02-01 14:04:42 | INFO     | src.core.backtest_broker:_execute_order:201 - ORDER FILLED (NEXT_OPEN): buy 12000 sz.002494 at 8.968727352331154 on 2024-06-17 00:00:00
2026-02-01 14:04:42 | INFO     | src.core.backtest_broker:_execute_order:201 - ORDER FILLED (NEXT_OPEN): buy 10100 sz.002316 at 10.87657767344304 on 2024-06-17 00:00:00
2026-02-01 14:04:42 | INFO     | src.core.backtest_broker:_execute_order:201 - ORDER FILLED (NEXT_OPEN): buy 18400 sz.002188 at 5.7746031746031745 on 2024-06-17 00:00:00
2026-02-01 14:04:42 | INFO     | src.core.backtest_broker:_execute_order:201 - ORDER FILLED (NEXT_OPEN): buy 7700 sz.002495 at 13.88984127553328 on 2024-06-17 00:00:00
2026-02-01 14:04:42 | INFO     | src.core.backtest_broker:_execute_order:201 - ORDER FILLED (NEXT_OPEN): buy 4800 sz.002830 at 22.240205750189496 on 2024-06-17 00:00:00
2026-02-01 14:04:42 | INFO     | src.core.backtest_broker:_execute_order:201 - ORDER FILLED (NEXT_OPEN): buy 4100 sz.002883 at 26.310371785728638 on 2024-06-17 00:00:00
2026-02-01 14:04:42 | INFO     | src.core.backtest_broker:_execute_order:201 - ORDER FILLED (NEXT_OPEN): buy 21100 sz.002094 at 5.0724779359632715 on 2024-06-17 00:00:00
2026-02-01 14:04:43 | INFO     | src.strategies.jsg_strategy:on_bar:72 - JSGStrategy: Rebalancing on 2024-06-21
2026-02-01 14:04:44 | INFO     | src.strategies.jsg_strategy:on_bar:76 - Market breadth: ['电子']
2026-02-01 14:04:44 | INFO     | src.strategies.jsg_strategy:adjust:151 - JSG Rebalancing: Target ['sz.002633', 'sz.002247', 'sz.002072', 'sz.002494', 'sz.002856', 'sz.002188', 'sz.002316', 'sz.002495', 'sz.002094', 'sz.002830'], Holding ['sz.002633', 'sz.002247', 'sz.002072', 'sz.002494', 'sz.002316', 'sz.002188', 'sz.002495', 'sz.002830', 'sz.002883', 'sz.002094']
2026-02-01 14:04:44 | INFO     | src.core.backtest_broker:_execute_order:201 - ORDER FILLED (NEXT_OPEN): sell 4100 sz.002883 at 26.460545140670014 on 2024-06-24 00:00:00
2026-02-01 14:04:44 | INFO     | src.core.backtest_broker:_execute_order:201 - ORDER FILLED (NEXT_OPEN): sell 100 sz.002633 at 8.864509582863587 on 2024-06-24 00:00:00
2026-02-01 14:04:44 | INFO     | src.core.backtest_broker:_execute_order:201 - ORDER FILLED (NEXT_OPEN): sell 400 sz.002247 at 7.999139571981541 on 2024-06-24 00:00:00
2026-02-01 14:04:44 | INFO     | src.core.backtest_broker:_execute_order:201 - ORDER FILLED (NEXT_OPEN): sell 200 sz.002072 at 3.01 on 2024-06-24 00:00:00
2026-02-01 14:04:44 | INFO     | src.core.backtest_broker:_execute_order:201 - ORDER FILLED (NEXT_OPEN): buy 300 sz.002494 at 8.482471050096333 on 2024-06-24 00:00:00
2026-02-01 14:04:44 | INFO     | src.core.backtest_broker:_execute_order:201 - ORDER FILLED (NEXT_OPEN): buy 9800 sz.002856 at 10.295103891197583 on 2024-06-24 00:00:00
2026-02-01 14:04:44 | INFO     | src.core.backtest_broker:_execute_order:201 - ORDER FILLED (NEXT_OPEN): buy 700 sz.002188 at 5.421855921855922 on 2024-06-24 00:00:00
2026-02-01 14:04:44 | INFO     | src.core.backtest_broker:_execute_order:201 - ORDER FILLED (NEXT_OPEN): sell 100 sz.002316 at 10.409485380718491 on 2024-06-24 00:00:00
2026-02-01 14:04:44 | INFO     | src.core.backtest_broker:_execute_order:201 - ORDER FILLED (NEXT_OPEN): buy 200 sz.002495 at 13.11278721816079 on 2024-06-24 00:00:00
2026-02-01 14:04:44 | INFO     | src.core.backtest_broker:_execute_order:201 - ORDER FILLED (NEXT_OPEN): buy 900 sz.002094 at 4.710158083394466 on 2024-06-24 00:00:00
2026-02-01 14:04:45 | INFO     | src.strategies.jsg_strategy:on_bar:72 - JSGStrategy: Rebalancing on 2024-06-28
2026-02-01 14:04:46 | INFO     | src.strategies.jsg_strategy:on_bar:76 - Market breadth: ['银行']
2026-02-01 14:04:46 | INFO     | src.strategies.jsg_strategy:adjust:151 - JSG Rebalancing: Target [], Holding ['sz.002633', 'sz.002247', 'sz.002072', 'sz.002494', 'sz.002316', 'sz.002188', 'sz.002495', 'sz.002830', 'sz.002094', 'sz.002856']
2026-02-01 14:04:46 | INFO     | src.core.backtest_broker:_execute_order:201 - ORDER FILLED (NEXT_OPEN): sell 11800 sz.002633 at 8.955896279594139 on 2024-07-01 00:00:00
2026-02-01 14:04:46 | INFO     | src.core.backtest_broker:_execute_order:201 - ORDER FILLED (NEXT_OPEN): sell 12900 sz.002247 at 8.321685522464668 on 2024-07-01 00:00:00
2026-02-01 14:04:46 | INFO     | src.core.backtest_broker:_execute_order:201 - ORDER FILLED (NEXT_OPEN): sell 33900 sz.002072 at 2.84 on 2024-07-01 00:00:00
2026-02-01 14:04:46 | INFO     | src.core.backtest_broker:_execute_order:201 - ORDER FILLED (NEXT_OPEN): sell 12300 sz.002494 at 8.42844257207024 on 2024-07-01 00:00:00
2026-02-01 14:04:46 | INFO     | src.core.backtest_broker:_execute_order:201 - ORDER FILLED (NEXT_OPEN): sell 10000 sz.002316 at 10.409485380718491 on 2024-07-01 00:00:00
2026-02-01 14:04:46 | INFO     | src.core.backtest_broker:_execute_order:201 - ORDER FILLED (NEXT_OPEN): sell 19100 sz.002188 at 5.591697191697192 on 2024-07-01 00:00:00
2026-02-01 14:04:46 | INFO     | src.core.backtest_broker:_execute_order:201 - ORDER FILLED (NEXT_OPEN): sell 7900 sz.002495 at 13.501314246847034 on 2024-07-01 00:00:00
2026-02-01 14:04:46 | INFO     | src.core.backtest_broker:_execute_order:201 - ORDER FILLED (NEXT_OPEN): sell 4800 sz.002830 at 21.47254578839794 on 2024-07-01 00:00:00
2026-02-01 14:04:46 | INFO     | src.core.backtest_broker:_execute_order:201 - ORDER FILLED (NEXT_OPEN): sell 22000 sz.002094 at 4.606638125517665 on 2024-07-01 00:00:00
2026-02-01 14:04:46 | INFO     | src.core.backtest_broker:_execute_order:201 - ORDER FILLED (NEXT_OPEN): sell 9800 sz.002856 at 11.428288628636194 on 2024-07-01 00:00:00
2026-02-01 14:04:47 | INFO     | src.strategies.jsg_strategy:on_bar:72 - JSGStrategy: Rebalancing on 2024-07-05
2026-02-01 14:04:48 | INFO     | src.strategies.jsg_strategy:on_bar:76 - Market breadth: ['银行']
2026-02-01 14:04:48 | INFO     | src.strategies.jsg_strategy:adjust:151 - JSG Rebalancing: Target [], Holding []
2026-02-01 14:04:48 | INFO     | src.strategies.jsg_strategy:on_bar:72 - JSGStrategy: Rebalancing on 2024-07-12
2026-02-01 14:04:50 | INFO     | src.strategies.jsg_strategy:on_bar:76 - Market breadth: ['银行']
2026-02-01 14:04:50 | INFO     | src.strategies.jsg_strategy:adjust:151 - JSG Rebalancing: Target [], Holding []
2026-02-01 14:04:50 | INFO     | src.strategies.jsg_strategy:on_bar:72 - JSGStrategy: Rebalancing on 2024-07-19
2026-02-01 14:04:51 | INFO     | src.strategies.jsg_strategy:on_bar:76 - Market breadth: ['银行']
2026-02-01 14:04:51 | INFO     | src.strategies.jsg_strategy:adjust:151 - JSG Rebalancing: Target [], Holding []
2026-02-01 14:04:51 | INFO     | src.strategies.jsg_strategy:on_bar:72 - JSGStrategy: Rebalancing on 2024-07-26
2026-02-01 14:04:53 | INFO     | src.strategies.jsg_strategy:on_bar:76 - Market breadth: ['国防军工']
2026-02-01 14:04:53 | INFO     | src.strategies.jsg_strategy:adjust:151 - JSG Rebalancing: Target ['sz.002856', 'sz.002633', 'sz.002072', 'sz.002494', 'sz.002247', 'sz.002188', 'sz.003011', 'sz.002316', 'sz.002830', 'sz.002295'], Holding []
2026-02-01 14:04:53 | INFO     | src.core.backtest_broker:_execute_order:201 - ORDER FILLED (NEXT_OPEN): buy 12600 sz.002856 at 8.378333962976956 on 2024-07-29 00:00:00
2026-02-01 14:04:53 | INFO     | src.core.backtest_broker:_execute_order:201 - ORDER FILLED (NEXT_OPEN): buy 10200 sz.002633 at 10.250541149943631 on 2024-07-29 00:00:00
2026-02-01 14:04:53 | INFO     | src.core.backtest_broker:_execute_order:201 - ORDER FILLED (NEXT_OPEN): buy 37300 sz.002072 at 2.88 on 2024-07-29 00:00:00
2026-02-01 14:04:53 | INFO     | src.core.backtest_broker:_execute_order:201 - ORDER FILLED (NEXT_OPEN): buy 13300 sz.002494 at 7.969200508848465 on 2024-07-29 00:00:00
2026-02-01 14:04:53 | INFO     | src.core.backtest_broker:_execute_order:201 - ORDER FILLED (NEXT_OPEN): buy 11900 sz.002247 at 8.773249853141046 on 2024-07-29 00:00:00
2026-02-01 14:04:53 | INFO     | src.core.backtest_broker:_execute_order:201 - ORDER FILLED (NEXT_OPEN): buy 20000 sz.002188 at 5.252014652014651 on 2024-07-29 00:00:00
2026-02-01 14:04:53 | INFO     | src.core.backtest_broker:_execute_order:201 - ORDER FILLED (NEXT_OPEN): buy 5900 sz.003011 at 17.718950333434694 on 2024-07-29 00:00:00
2026-02-01 14:04:53 | INFO     | src.core.backtest_broker:_execute_order:201 - ORDER FILLED (NEXT_OPEN): buy 10300 sz.002316 at 10.242666704745439 on 2024-07-29 00:00:00
2026-02-01 14:04:53 | INFO     | src.core.backtest_broker:_execute_order:201 - ORDER FILLED (NEXT_OPEN): buy 5200 sz.002830 at 20.397821841889776 on 2024-07-29 00:00:00
2026-02-01 14:04:53 | INFO     | src.core.backtest_broker:_execute_order:201 - ORDER FILLED (NEXT_OPEN): buy 13100 sz.002295 at 8.087620631907424 on 2024-07-29 00:00:00
2026-02-01 14:04:54 | INFO     | src.strategies.jsg_strategy:on_bar:72 - JSGStrategy: Rebalancing on 2024-08-02
2026-02-01 14:04:55 | INFO     | src.strategies.jsg_strategy:on_bar:76 - Market breadth: ['非银金融']
2026-02-01 14:04:56 | INFO     | src.strategies.jsg_strategy:adjust:151 - JSG Rebalancing: Target ['sz.002856', 'sz.002633', 'sz.002072', 'sz.002494', 'sz.002188', 'sz.002247', 'sz.003011', 'sz.002830', 'sz.002295', 'sz.002316'], Holding ['sz.002856', 'sz.002633', 'sz.002072', 'sz.002494', 'sz.002247', 'sz.002188', 'sz.003011', 'sz.002316', 'sz.002830', 'sz.002295']
2026-02-01 14:04:56 | INFO     | src.core.backtest_broker:_execute_order:201 - ORDER FILLED (NEXT_OPEN): buy 100 sz.002856 at 8.643547412164715 on 2024-08-05 00:00:00
2026-02-01 14:04:56 | INFO     | src.core.backtest_broker:_execute_order:201 - ORDER FILLED (NEXT_OPEN): sell 2500 sz.002072 at 3.18 on 2024-08-05 00:00:00
2026-02-01 14:04:56 | INFO     | src.core.backtest_broker:_execute_order:201 - ORDER FILLED (NEXT_OPEN): sell 100 sz.002494 at 8.266357137991967 on 2024-08-05 00:00:00
2026-02-01 14:04:56 | INFO     | src.core.backtest_broker:_execute_order:201 - ORDER FILLED (NEXT_OPEN): buy 400 sz.002188 at 5.343467643467643 on 2024-08-05 00:00:00
2026-02-01 14:04:56 | INFO     | src.core.backtest_broker:_execute_order:201 - ORDER FILLED (NEXT_OPEN): sell 100 sz.002830 at 21.187414945446797 on 2024-08-05 00:00:00
2026-02-01 14:04:56 | INFO     | src.core.backtest_broker:_execute_order:201 - ORDER FILLED (NEXT_OPEN): buy 200 sz.002295 at 8.31138879168352 on 2024-08-05 00:00:00
2026-02-01 14:04:56 | INFO     | src.core.backtest_broker:_execute_order:201 - ORDER FILLED (NEXT_OPEN): sell 400 sz.002316 at 11.076760084610703 on 2024-08-05 00:00:00
2026-02-01 14:04:56 | INFO     | src.strategies.jsg_strategy:on_bar:72 - JSGStrategy: Rebalancing on 2024-08-09
2026-02-01 14:04:58 | INFO     | src.strategies.jsg_strategy:on_bar:76 - Market breadth: ['房地产']
2026-02-01 14:04:58 | INFO     | src.strategies.jsg_strategy:adjust:151 - JSG Rebalancing: Target ['sz.002856', 'sz.002633', 'sz.002494', 'sz.002247', 'sz.003011', 'sz.002188', 'sz.002295', 'sz.002775', 'sz.002830', 'sz.003017'], Holding ['sz.002856', 'sz.002633', 'sz.002072', 'sz.002494', 'sz.002247', 'sz.002188', 'sz.003011', 'sz.002316', 'sz.002830', 'sz.002295']
2026-02-01 14:04:58 | INFO     | src.core.backtest_broker:_execute_order:201 - ORDER FILLED (NEXT_OPEN): sell 34800 sz.002072 at 3.76 on 2024-08-12 00:00:00
2026-02-01 14:04:58 | INFO     | src.core.backtest_broker:_execute_order:201 - ORDER FILLED (NEXT_OPEN): sell 9900 sz.002316 at 9.175027178517901 on 2024-08-12 00:00:00
2026-02-01 14:04:58 | INFO     | src.core.backtest_broker:_execute_order:201 - ORDER FILLED (NEXT_OPEN): buy 200 sz.002856 at 8.848485077446165 on 2024-08-12 00:00:00
2026-02-01 14:04:58 | INFO     | src.core.backtest_broker:_execute_order:201 - ORDER FILLED (NEXT_OPEN): sell 100 sz.002633 at 10.890248027057499 on 2024-08-12 00:00:00
2026-02-01 14:04:58 | INFO     | src.core.backtest_broker:_execute_order:201 - ORDER FILLED (NEXT_OPEN): buy 300 sz.002247 at 9.289323373914048 on 2024-08-12 00:00:00
2026-02-01 14:04:58 | INFO     | src.core.backtest_broker:_execute_order:201 - ORDER FILLED (NEXT_OPEN): buy 200 sz.003011 at 18.73798009510004 on 2024-08-12 00:00:00
2026-02-01 14:04:58 | INFO     | src.core.backtest_broker:_execute_order:201 - ORDER FILLED (NEXT_OPEN): sell 200 sz.002188 at 5.487179487179487 on 2024-08-12 00:00:00
2026-02-01 14:04:58 | INFO     | src.core.backtest_broker:_execute_order:201 - ORDER FILLED (NEXT_OPEN): buy 600 sz.002295 at 8.151554391843451 on 2024-08-12 00:00:00
2026-02-01 14:04:58 | INFO     | src.core.backtest_broker:_execute_order:201 - ORDER FILLED (NEXT_OPEN): buy 11400 sz.002775 at 10.494859044226809 on 2024-08-12 00:00:00
2026-02-01 14:04:58 | INFO     | src.core.backtest_broker:_execute_order:201 - ORDER FILLED (NEXT_OPEN): buy 100 sz.002830 at 21.450612646632468 on 2024-08-12 00:00:00
2026-02-01 14:04:58 | INFO     | src.core.backtest_broker:_execute_order:201 - ORDER FILLED (NEXT_OPEN): buy 4700 sz.003017 at 23.930786477518577 on 2024-08-12 00:00:00
2026-02-01 14:04:59 | INFO     | src.strategies.jsg_strategy:on_bar:72 - JSGStrategy: Rebalancing on 2024-08-16
2026-02-01 14:05:00 | INFO     | src.strategies.jsg_strategy:on_bar:76 - Market breadth: ['银行']
2026-02-01 14:05:00 | INFO     | src.strategies.jsg_strategy:adjust:151 - JSG Rebalancing: Target [], Holding ['sz.002856', 'sz.002633', 'sz.002494', 'sz.002247', 'sz.002188', 'sz.003011', 'sz.002830', 'sz.002295', 'sz.002775', 'sz.003017']
2026-02-01 14:05:00 | INFO     | src.core.backtest_broker:_execute_order:201 - ORDER FILLED (NEXT_OPEN): sell 12900 sz.002856 at 8.53505100113336 on 2024-08-19 00:00:00
2026-02-01 14:05:00 | INFO     | src.core.backtest_broker:_execute_order:201 - ORDER FILLED (NEXT_OPEN): sell 10100 sz.002633 at 9.839301014656145 on 2024-08-19 00:00:00
2026-02-01 14:05:00 | INFO     | src.core.backtest_broker:_execute_order:201 - ORDER FILLED (NEXT_OPEN): sell 13200 sz.002494 at 8.536499528122423 on 2024-08-19 00:00:00
2026-02-01 14:05:00 | INFO     | src.core.backtest_broker:_execute_order:201 - ORDER FILLED (NEXT_OPEN): sell 12200 sz.002247 at 9.869906084783675 on 2024-08-19 00:00:00
2026-02-01 14:05:00 | INFO     | src.core.backtest_broker:_execute_order:201 - ORDER FILLED (NEXT_OPEN): sell 20200 sz.002188 at 5.225885225885226 on 2024-08-19 00:00:00
2026-02-01 14:05:00 | INFO     | src.core.backtest_broker:_execute_order:201 - ORDER FILLED (NEXT_OPEN): sell 6100 sz.003011 at 18.935702287661968 on 2024-08-19 00:00:00
2026-02-01 14:05:00 | INFO     | src.core.backtest_broker:_execute_order:201 - ORDER FILLED (NEXT_OPEN): sell 5200 sz.002830 at 21.384813221336053 on 2024-08-19 00:00:00
2026-02-01 14:05:00 | INFO     | src.core.backtest_broker:_execute_order:201 - ORDER FILLED (NEXT_OPEN): sell 13900 sz.002295 at 8.055653751939412 on 2024-08-19 00:00:00
2026-02-01 14:05:00 | INFO     | src.core.backtest_broker:_execute_order:201 - ORDER FILLED (NEXT_OPEN): sell 11400 sz.002775 at 10.165424006964084 on 2024-08-19 00:00:00
2026-02-01 14:05:00 | INFO     | src.core.backtest_broker:_execute_order:201 - ORDER FILLED (NEXT_OPEN): sell 4700 sz.003017 at 23.581764227053814 on 2024-08-19 00:00:00
2026-02-01 14:05:00 | INFO     | src.strategies.jsg_strategy:on_bar:72 - JSGStrategy: Rebalancing on 2024-08-23
2026-02-01 14:05:02 | INFO     | src.strategies.jsg_strategy:on_bar:76 - Market breadth: ['银行']
2026-02-01 14:05:02 | INFO     | src.strategies.jsg_strategy:adjust:151 - JSG Rebalancing: Target [], Holding []
2026-02-01 14:05:02 | INFO     | src.strategies.jsg_strategy:on_bar:72 - JSGStrategy: Rebalancing on 2024-08-30
2026-02-01 14:05:04 | INFO     | src.strategies.jsg_strategy:on_bar:76 - Market breadth: ['有色金属']
2026-02-01 14:05:04 | INFO     | src.strategies.jsg_strategy:adjust:151 - JSG Rebalancing: Target ['sz.002633', 'sz.002188', 'sz.003011', 'sz.002295', 'sz.002247', 'sz.002830', 'sz.003017', 'sz.002883', 'sz.002853', 'sz.003003'], Holding []
2026-02-01 14:05:04 | INFO     | src.core.backtest_broker:_execute_order:201 - ORDER FILLED (NEXT_OPEN): buy 9300 sz.002633 at 11.545186020293125 on 2024-09-02 00:00:00
2026-02-01 14:05:04 | INFO     | src.core.backtest_broker:_execute_order:201 - ORDER FILLED (NEXT_OPEN): buy 20800 sz.002188 at 5.304273504273504 on 2024-09-02 00:00:00
2026-02-01 14:05:04 | INFO     | src.core.backtest_broker:_execute_order:201 - ORDER FILLED (NEXT_OPEN): buy 5800 sz.003011 at 18.661933097960834 on 2024-09-02 00:00:00
2026-02-01 14:05:04 | INFO     | src.core.backtest_broker:_execute_order:201 - ORDER FILLED (NEXT_OPEN): buy 13500 sz.002295 at 8.103604071891432 on 2024-09-02 00:00:00
2026-02-01 14:05:04 | INFO     | src.core.backtest_broker:_execute_order:201 - ORDER FILLED (NEXT_OPEN): buy 10900 sz.002247 at 10.06343365507355 on 2024-09-02 00:00:00
2026-02-01 14:05:04 | INFO     | src.core.backtest_broker:_execute_order:201 - ORDER FILLED (NEXT_OPEN): buy 5000 sz.002830 at 21.713810347818146 on 2024-09-02 00:00:00
2026-02-01 14:05:04 | INFO     | src.core.backtest_broker:_execute_order:201 - ORDER FILLED (NEXT_OPEN): buy 4500 sz.003017 at 24.021835760248514 on 2024-09-02 00:00:00
2026-02-01 14:05:04 | INFO     | src.core.backtest_broker:_execute_order:201 - ORDER FILLED (NEXT_OPEN): buy 4200 sz.002883 at 25.861553803794056 on 2024-09-02 00:00:00
2026-02-01 14:05:04 | INFO     | src.core.backtest_broker:_execute_order:201 - ORDER FILLED (NEXT_OPEN): buy 5600 sz.002853 at 19.442069487075806 on 2024-09-02 00:00:00
2026-02-01 14:05:04 | INFO     | src.core.backtest_broker:_execute_order:201 - ORDER FILLED (NEXT_OPEN): buy 13700 sz.003003 at 7.9482955126953865 on 2024-09-02 00:00:00
2026-02-01 14:05:04 | INFO     | src.strategies.jsg_strategy:on_bar:72 - JSGStrategy: Rebalancing on 2024-09-06
2026-02-01 14:05:06 | INFO     | src.strategies.jsg_strategy:on_bar:76 - Market breadth: ['商贸零售']
2026-02-01 14:05:06 | INFO     | src.strategies.jsg_strategy:adjust:151 - JSG Rebalancing: Target ['sz.002633', 'sz.002188', 'sz.002622', 'sz.002295', 'sz.002830', 'sz.002853', 'sz.003017', 'sz.002247', 'sz.002883', 'sz.003003'], Holding ['sz.002633', 'sz.002188', 'sz.003011', 'sz.002295', 'sz.002247', 'sz.002830', 'sz.003017', 'sz.002883', 'sz.002853', 'sz.003003']
2026-02-01 14:05:06 | INFO     | src.core.backtest_broker:_execute_order:201 - ORDER FILLED (NEXT_OPEN): sell 5800 sz.003011 at 17.97751012370799 on 2024-09-09 00:00:00
2026-02-01 14:05:06 | INFO     | src.core.backtest_broker:_execute_order:201 - ORDER FILLED (NEXT_OPEN): sell 200 sz.002633 at 11.621341600901918 on 2024-09-09 00:00:00
2026-02-01 14:05:06 | INFO     | src.core.backtest_broker:_execute_order:201 - ORDER FILLED (NEXT_OPEN): sell 100 sz.002188 at 5.121367521367521 on 2024-09-09 00:00:00
2026-02-01 14:05:06 | INFO     | src.core.backtest_broker:_execute_order:201 - ORDER FILLED (NEXT_OPEN): buy 12900 sz.002622 at 8.311402221335866 on 2024-09-09 00:00:00
2026-02-01 14:05:06 | INFO     | src.core.backtest_broker:_execute_order:201 - ORDER FILLED (NEXT_OPEN): sell 200 sz.002295 at 7.911802792083351 on 2024-09-09 00:00:00
2026-02-01 14:05:06 | INFO     | src.core.backtest_broker:_execute_order:201 - ORDER FILLED (NEXT_OPEN): buy 100 sz.002830 at 20.6171532595445 on 2024-09-09 00:00:00
2026-02-01 14:05:06 | INFO     | src.core.backtest_broker:_execute_order:201 - ORDER FILLED (NEXT_OPEN): buy 100 sz.002853 at 18.452583144542373 on 2024-09-09 00:00:00
2026-02-01 14:05:06 | INFO     | src.core.backtest_broker:_execute_order:201 - ORDER FILLED (NEXT_OPEN): sell 100 sz.002247 at 9.676378514493798 on 2024-09-09 00:00:00
2026-02-01 14:05:06 | INFO     | src.core.backtest_broker:_execute_order:201 - ORDER FILLED (NEXT_OPEN): buy 200 sz.003003 at 7.606767189884256 on 2024-09-09 00:00:00
2026-02-01 14:05:07 | INFO     | src.strategies.jsg_strategy:on_bar:72 - JSGStrategy: Rebalancing on 2024-09-13
2026-02-01 14:05:08 | INFO     | src.strategies.jsg_strategy:on_bar:76 - Market breadth: ['房地产']
2026-02-01 14:05:09 | INFO     | src.strategies.jsg_strategy:adjust:151 - JSG Rebalancing: Target ['sz.002633', 'sz.002188', 'sz.002622', 'sz.002295', 'sz.002830', 'sz.002247', 'sz.002853', 'sz.003017', 'sz.003003', 'sz.002883'], Holding ['sz.002633', 'sz.002188', 'sz.002295', 'sz.002247', 'sz.002830', 'sz.003017', 'sz.002883', 'sz.002853', 'sz.003003', 'sz.002622']
2026-02-01 14:05:09 | INFO     | src.core.backtest_broker:_execute_order:201 - ORDER FILLED (NEXT_OPEN): buy 300 sz.002633 at 11.210101465614432 on 2024-09-18 00:00:00
2026-02-01 14:05:09 | INFO     | src.core.backtest_broker:_execute_order:201 - ORDER FILLED (NEXT_OPEN): sell 500 sz.002188 at 5.1997557997558 on 2024-09-18 00:00:00
2026-02-01 14:05:09 | INFO     | src.core.backtest_broker:_execute_order:201 - ORDER FILLED (NEXT_OPEN): sell 400 sz.002622 at 8.25328052748037 on 2024-09-18 00:00:00
2026-02-01 14:05:09 | INFO     | src.core.backtest_broker:_execute_order:201 - ORDER FILLED (NEXT_OPEN): buy 200 sz.002295 at 7.799918712195303 on 2024-09-18 00:00:00
2026-02-01 14:05:09 | INFO     | src.core.backtest_broker:_execute_order:201 - ORDER FILLED (NEXT_OPEN): buy 100 sz.002247 at 9.676378514493798 on 2024-09-18 00:00:00
2026-02-01 14:05:09 | INFO     | src.core.backtest_broker:_execute_order:201 - ORDER FILLED (NEXT_OPEN): buy 100 sz.002853 at 18.425840270419847 on 2024-09-18 00:00:00
2026-02-01 14:05:09 | INFO     | src.core.backtest_broker:_execute_order:201 - ORDER FILLED (NEXT_OPEN): buy 100 sz.003003 at 7.513623101844858 on 2024-09-18 00:00:00
2026-02-01 14:05:09 | INFO     | src.core.backtest_broker:_execute_order:201 - ORDER FILLED (NEXT_OPEN): sell 100 sz.002883 at 25.105368020057387 on 2024-09-18 00:00:00
2026-02-01 14:05:09 | INFO     | src.strategies.jsg_strategy:on_bar:72 - JSGStrategy: Rebalancing on 2024-09-20
2026-02-01 14:05:11 | INFO     | src.strategies.jsg_strategy:on_bar:76 - Market breadth: ['房地产']
2026-02-01 14:05:11 | INFO     | src.strategies.jsg_strategy:adjust:151 - JSG Rebalancing: Target ['sz.002633', 'sz.002188', 'sz.002295', 'sz.002830', 'sz.002247', 'sz.003017', 'sz.003003', 'sz.002853', 'sz.002622', 'sz.002715'], Holding ['sz.002633', 'sz.002188', 'sz.002295', 'sz.002247', 'sz.002830', 'sz.003017', 'sz.002883', 'sz.002853', 'sz.003003', 'sz.002622']
2026-02-01 14:05:11 | INFO     | src.core.backtest_broker:_execute_order:201 - ORDER FILLED (NEXT_OPEN): sell 4100 sz.002883 at 25.559079490299386 on 2024-09-23 00:00:00
2026-02-01 14:05:11 | INFO     | src.core.backtest_broker:_execute_order:201 - ORDER FILLED (NEXT_OPEN): buy 300 sz.002633 at 11.255794813979707 on 2024-09-23 00:00:00
2026-02-01 14:05:11 | INFO     | src.core.backtest_broker:_execute_order:201 - ORDER FILLED (NEXT_OPEN): sell 100 sz.002188 at 5.330402930402931 on 2024-09-23 00:00:00
2026-02-01 14:05:11 | INFO     | src.core.backtest_broker:_execute_order:201 - ORDER FILLED (NEXT_OPEN): buy 200 sz.002247 at 9.676378514493798 on 2024-09-23 00:00:00
2026-02-01 14:05:11 | INFO     | src.core.backtest_broker:_execute_order:201 - ORDER FILLED (NEXT_OPEN): buy 100 sz.003017 at 23.293441498409013 on 2024-09-23 00:00:00
2026-02-01 14:05:11 | INFO     | src.core.backtest_broker:_execute_order:201 - ORDER FILLED (NEXT_OPEN): buy 100 sz.003003 at 7.606767189884256 on 2024-09-23 00:00:00
2026-02-01 14:05:11 | INFO     | src.core.backtest_broker:_execute_order:201 - ORDER FILLED (NEXT_OPEN): sell 100 sz.002853 at 18.586297515155 on 2024-09-23 00:00:00
2026-02-01 14:05:11 | INFO     | src.core.backtest_broker:_execute_order:201 - ORDER FILLED (NEXT_OPEN): sell 600 sz.002622 at 9.241349323023796 on 2024-09-23 00:00:00
2026-02-01 14:05:11 | INFO     | src.core.backtest_broker:_execute_order:201 - ORDER FILLED (NEXT_OPEN): buy 7400 sz.002715 at 14.385845478576435 on 2024-09-23 00:00:00
2026-02-01 14:05:12 | INFO     | src.strategies.jsg_strategy:on_bar:72 - JSGStrategy: Rebalancing on 2024-09-27
2026-02-01 14:05:14 | INFO     | src.strategies.jsg_strategy:on_bar:76 - Market breadth: ['建筑材料']
2026-02-01 14:05:14 | INFO     | src.strategies.jsg_strategy:adjust:151 - JSG Rebalancing: Target ['sz.002633', 'sz.002188', 'sz.002295', 'sz.003017', 'sz.003003', 'sz.002883', 'sz.002830', 'sz.002853', 'sz.002247', 'sz.002622'], Holding ['sz.002633', 'sz.002188', 'sz.002295', 'sz.002247', 'sz.002830', 'sz.003017', 'sz.002853', 'sz.003003', 'sz.002622', 'sz.002715']
2026-02-01 14:05:14 | INFO     | src.core.backtest_broker:_execute_order:201 - ORDER FILLED (NEXT_OPEN): sell 7400 sz.002715 at 17.208671401445056 on 2024-09-30 00:00:00
2026-02-01 14:05:14 | INFO     | src.core.backtest_broker:_execute_order:201 - ORDER FILLED (NEXT_OPEN): sell 200 sz.002188 at 6.48009768009768 on 2024-09-30 00:00:00
2026-02-01 14:05:14 | INFO     | src.core.backtest_broker:_execute_order:201 - ORDER FILLED (NEXT_OPEN): buy 100 sz.002295 at 9.142527670851871 on 2024-09-30 00:00:00
2026-02-01 14:05:14 | INFO     | src.core.backtest_broker:_execute_order:201 - ORDER FILLED (NEXT_OPEN): buy 200 sz.003003 at 8.631352158317647 on 2024-09-30 00:00:00
2026-02-01 14:05:14 | INFO     | src.core.backtest_broker:_execute_order:201 - ORDER FILLED (NEXT_OPEN): buy 4300 sz.002883 at 28.916544370090193 on 2024-09-30 00:00:00
2026-02-01 14:05:14 | INFO     | src.core.backtest_broker:_execute_order:201 - ORDER FILLED (NEXT_OPEN): sell 300 sz.002247 at 11.805181787682436 on 2024-09-30 00:00:00
2026-02-01 14:05:14 | INFO     | src.core.backtest_broker:_execute_order:201 - ORDER FILLED (NEXT_OPEN): sell 400 sz.002622 at 11.043121832544157 on 2024-09-30 00:00:00
2026-02-01 14:05:14 | INFO     | src.strategies.jsg_strategy:on_bar:72 - JSGStrategy: Rebalancing on 2024-09-30
2026-02-01 14:05:16 | INFO     | src.strategies.jsg_strategy:on_bar:76 - Market breadth: ['传媒']
2026-02-01 14:05:16 | INFO     | src.strategies.jsg_strategy:adjust:151 - JSG Rebalancing: Target ['sz.002633', 'sz.002188', 'sz.002295', 'sz.002830', 'sz.003017', 'sz.002883', 'sz.003003', 'sz.002853', 'sz.002247', 'sz.002890'], Holding ['sz.002633', 'sz.002188', 'sz.002295', 'sz.002247', 'sz.002830', 'sz.003017', 'sz.002853', 'sz.003003', 'sz.002622', 'sz.002883']
2026-02-01 14:05:16 | INFO     | src.core.backtest_broker:_execute_order:201 - ORDER FILLED (NEXT_OPEN): sell 11500 sz.002622 at 12.670529260498034 on 2024-10-08 00:00:00
2026-02-01 14:05:16 | INFO     | src.core.backtest_broker:_execute_order:201 - ORDER FILLED (NEXT_OPEN): sell 200 sz.002633 at 14.926493799323564 on 2024-10-08 00:00:00
2026-02-01 14:05:16 | INFO     | src.core.backtest_broker:_execute_order:201 - ORDER FILLED (NEXT_OPEN): buy 100 sz.002830 at 27.416427206841092 on 2024-10-08 00:00:00
2026-02-01 14:05:16 | INFO     | src.core.backtest_broker:_execute_order:201 - ORDER FILLED (NEXT_OPEN): sell 100 sz.003003 at 10.090609537601566 on 2024-10-08 00:00:00
2026-02-01 14:05:16 | INFO     | src.core.backtest_broker:_execute_order:201 - ORDER FILLED (NEXT_OPEN): sell 200 sz.002247 at 13.482420730194693 on 2024-10-08 00:00:00
2026-02-01 14:05:16 | INFO     | src.core.backtest_broker:_execute_order:201 - ORDER FILLED (NEXT_OPEN): buy 5000 sz.002890 at 27.98959335922223 on 2024-10-08 00:00:00
2026-02-01 14:05:17 | INFO     | src.strategies.jsg_strategy:on_bar:72 - JSGStrategy: Rebalancing on 2024-10-11
2026-02-01 14:05:18 | INFO     | src.strategies.jsg_strategy:on_bar:76 - Market breadth: ['国防军工']
2026-02-01 14:05:19 | INFO     | src.strategies.jsg_strategy:adjust:151 - JSG Rebalancing: Target ['sz.002633', 'sz.002188', 'sz.002295', 'sz.002853', 'sz.002830', 'sz.003003', 'sz.003017', 'sz.002247', 'sz.002820', 'sz.002780'], Holding ['sz.002633', 'sz.002188', 'sz.002295', 'sz.002247', 'sz.002830', 'sz.003017', 'sz.002853', 'sz.003003', 'sz.002883', 'sz.002890']
2026-02-01 14:05:19 | INFO     | src.core.backtest_broker:_execute_order:201 - ORDER FILLED (NEXT_OPEN): sell 4300 sz.002883 at 31.06411199590233 on 2024-10-14 00:00:00
2026-02-01 14:05:19 | INFO     | src.core.backtest_broker:_execute_order:201 - ORDER FILLED (NEXT_OPEN): sell 5000 sz.002890 at 24.894335870536974 on 2024-10-14 00:00:00
2026-02-01 14:05:19 | INFO     | src.core.backtest_broker:_execute_order:201 - ORDER FILLED (NEXT_OPEN): buy 800 sz.002633 at 12.093506200676439 on 2024-10-14 00:00:00
2026-02-01 14:05:19 | INFO     | src.core.backtest_broker:_execute_order:201 - ORDER FILLED (NEXT_OPEN): buy 2000 sz.002188 at 5.748473748473749 on 2024-10-14 00:00:00
2026-02-01 14:05:19 | INFO     | src.core.backtest_broker:_execute_order:201 - ORDER FILLED (NEXT_OPEN): buy 300 sz.002295 at 8.870809191123756 on 2024-10-14 00:00:00
2026-02-01 14:05:19 | INFO     | src.core.backtest_broker:_execute_order:201 - ORDER FILLED (NEXT_OPEN): buy 300 sz.002853 at 20.832698941447116 on 2024-10-14 00:00:00
2026-02-01 14:05:19 | INFO     | src.core.backtest_broker:_execute_order:201 - ORDER FILLED (NEXT_OPEN): sell 200 sz.002830 at 24.301921076143945 on 2024-10-14 00:00:00
2026-02-01 14:05:19 | INFO     | src.core.backtest_broker:_execute_order:201 - ORDER FILLED (NEXT_OPEN): sell 100 sz.003017 at 27.1023364926114 on 2024-10-14 00:00:00
2026-02-01 14:05:19 | INFO     | src.core.backtest_broker:_execute_order:201 - ORDER FILLED (NEXT_OPEN): buy 8600 sz.002820 at 14.189454289974261 on 2024-10-14 00:00:00
2026-02-01 14:05:19 | INFO     | src.core.backtest_broker:_execute_order:201 - ORDER FILLED (NEXT_OPEN): buy 6300 sz.002780 at 19.365345796405105 on 2024-10-14 00:00:00
2026-02-01 14:05:19 | INFO     | src.strategies.jsg_strategy:on_bar:72 - JSGStrategy: Rebalancing on 2024-10-18
2026-02-01 14:05:21 | INFO     | src.strategies.jsg_strategy:on_bar:76 - Market breadth: ['国防军工']
2026-02-01 14:05:22 | INFO     | src.strategies.jsg_strategy:adjust:151 - JSG Rebalancing: Target ['sz.002633', 'sz.002188', 'sz.002295', 'sz.002853', 'sz.002830', 'sz.003017', 'sz.002247', 'sz.003003', 'sz.002622', 'sz.002780'], Holding ['sz.002633', 'sz.002188', 'sz.002295', 'sz.002247', 'sz.002830', 'sz.003017', 'sz.002853', 'sz.003003', 'sz.002820', 'sz.002780']
2026-02-01 14:05:22 | INFO     | src.core.backtest_broker:_execute_order:201 - ORDER FILLED (NEXT_OPEN): sell 8600 sz.002820 at 14.334429557304777 on 2024-10-21 00:00:00
2026-02-01 14:05:22 | INFO     | src.core.backtest_broker:_execute_order:201 - ORDER FILLED (NEXT_OPEN): buy 100 sz.002633 at 12.276279594137543 on 2024-10-21 00:00:00
2026-02-01 14:05:22 | INFO     | src.core.backtest_broker:_execute_order:201 - ORDER FILLED (NEXT_OPEN): sell 500 sz.002188 at 5.905250305250305 on 2024-10-21 00:00:00
2026-02-01 14:05:22 | INFO     | src.core.backtest_broker:_execute_order:201 - ORDER FILLED (NEXT_OPEN): sell 100 sz.002295 at 9.222444870771906 on 2024-10-21 00:00:00
2026-02-01 14:05:22 | INFO     | src.core.backtest_broker:_execute_order:201 - ORDER FILLED (NEXT_OPEN): sell 100 sz.002853 at 21.340813549775095 on 2024-10-21 00:00:00
2026-02-01 14:05:22 | INFO     | src.core.backtest_broker:_execute_order:201 - ORDER FILLED (NEXT_OPEN): buy 100 sz.002830 at 24.87218276204624 on 2024-10-21 00:00:00
2026-02-01 14:05:22 | INFO     | src.core.backtest_broker:_execute_order:201 - ORDER FILLED (NEXT_OPEN): sell 500 sz.003003 at 9.159168657207575 on 2024-10-21 00:00:00
2026-02-01 14:05:22 | INFO     | src.core.backtest_broker:_execute_order:201 - ORDER FILLED (NEXT_OPEN): buy 11600 sz.002622 at 10.985000138688662 on 2024-10-21 00:00:00
2026-02-01 14:05:22 | INFO     | src.core.backtest_broker:_execute_order:201 - ORDER FILLED (NEXT_OPEN): buy 100 sz.002780 at 19.834808724802805 on 2024-10-21 00:00:00
2026-02-01 14:05:22 | INFO     | src.strategies.jsg_strategy:on_bar:72 - JSGStrategy: Rebalancing on 2024-10-25
2026-02-01 14:05:24 | INFO     | src.strategies.jsg_strategy:on_bar:76 - Market breadth: ['建筑材料']
2026-02-01 14:05:24 | INFO     | src.strategies.jsg_strategy:adjust:151 - JSG Rebalancing: Target ['sz.002188', 'sz.002633', 'sz.002295', 'sz.002830', 'sz.003017', 'sz.003003', 'sz.002820', 'sz.002883', 'sz.002780', 'sz.002809'], Holding ['sz.002633', 'sz.002188', 'sz.002295', 'sz.002247', 'sz.002830', 'sz.003017', 'sz.002853', 'sz.003003', 'sz.002780', 'sz.002622']
2026-02-01 14:05:24 | INFO     | src.core.backtest_broker:_execute_order:201 - ORDER FILLED (NEXT_OPEN): sell 10600 sz.002247 at 13.54692992029132 on 2024-10-28 00:00:00
2026-02-01 14:05:24 | INFO     | src.core.backtest_broker:_execute_order:201 - ORDER FILLED (NEXT_OPEN): sell 5900 sz.002853 at 25.031330178683568 on 2024-10-28 00:00:00
2026-02-01 14:05:24 | INFO     | src.core.backtest_broker:_execute_order:201 - ORDER FILLED (NEXT_OPEN): sell 11600 sz.002622 at 14.065449913029926 on 2024-10-28 00:00:00
2026-02-01 14:05:24 | INFO     | src.core.backtest_broker:_execute_order:201 - ORDER FILLED (NEXT_OPEN): buy 900 sz.002188 at 6.244932844932845 on 2024-10-28 00:00:00
2026-02-01 14:05:24 | INFO     | src.core.backtest_broker:_execute_order:201 - ORDER FILLED (NEXT_OPEN): sell 1000 sz.002633 at 16.2059075535513 on 2024-10-28 00:00:00
2026-02-01 14:05:24 | INFO     | src.core.backtest_broker:_execute_order:201 - ORDER FILLED (NEXT_OPEN): buy 500 sz.002295 at 9.685964630308101 on 2024-10-28 00:00:00
2026-02-01 14:05:24 | INFO     | src.core.backtest_broker:_execute_order:201 - ORDER FILLED (NEXT_OPEN): buy 200 sz.002830 at 26.056572417381776 on 2024-10-28 00:00:00
2026-02-01 14:05:24 | INFO     | src.core.backtest_broker:_execute_order:201 - ORDER FILLED (NEXT_OPEN): buy 300 sz.003017 at 28.832272864480213 on 2024-10-28 00:00:00
2026-02-01 14:05:24 | INFO     | src.core.backtest_broker:_execute_order:201 - ORDER FILLED (NEXT_OPEN): buy 1000 sz.003003 at 9.428251578210283 on 2024-10-28 00:00:00
2026-02-01 14:05:24 | INFO     | src.core.backtest_broker:_execute_order:201 - ORDER FILLED (NEXT_OPEN): buy 9400 sz.002820 at 14.823721084545268 on 2024-10-28 00:00:00
2026-02-01 14:05:24 | INFO     | src.core.backtest_broker:_execute_order:201 - ORDER FILLED (NEXT_OPEN): buy 4300 sz.002883 at 32.969700170918735 on 2024-10-28 00:00:00
2026-02-01 14:05:24 | INFO     | src.core.backtest_broker:_execute_order:201 - ORDER FILLED (NEXT_OPEN): buy 300 sz.002780 at 21.673538527693793 on 2024-10-28 00:00:00
2026-02-01 14:05:24 | INFO     | src.core.backtest_broker:_execute_order:201 - ORDER FILLED (NEXT_OPEN): buy 6300 sz.002809 at 21.973917134261566 on 2024-10-28 00:00:00
2026-02-01 14:05:25 | INFO     | src.strategies.jsg_strategy:on_bar:72 - JSGStrategy: Rebalancing on 2024-11-01
2026-02-01 14:05:26 | INFO     | src.strategies.jsg_strategy:on_bar:76 - Market breadth: ['综合']
2026-02-01 14:05:27 | INFO     | src.strategies.jsg_strategy:adjust:151 - JSG Rebalancing: Target ['sz.002629', 'sz.002188', 'sz.003017', 'sz.002830', 'sz.003003', 'sz.002205', 'sz.002780', 'sz.002295', 'sz.002820', 'sz.002809'], Holding ['sz.002633', 'sz.002188', 'sz.002295', 'sz.002830', 'sz.003017', 'sz.003003', 'sz.002780', 'sz.002820', 'sz.002883', 'sz.002809']
2026-02-01 14:05:27 | INFO     | src.core.backtest_broker:_execute_order:201 - ORDER FILLED (NEXT_OPEN): sell 9400 sz.002633 at 17.195930101465613 on 2024-11-04 00:00:00
2026-02-01 14:05:27 | INFO     | src.core.backtest_broker:_execute_order:201 - ORDER FILLED (NEXT_OPEN): sell 4300 sz.002883 at 30.549905662961397 on 2024-11-04 00:00:00
2026-02-01 14:05:27 | INFO     | src.core.backtest_broker:_execute_order:201 - ORDER FILLED (NEXT_OPEN): buy 14200 sz.002629 at 10.064217211627295 on 2024-11-04 00:00:00
2026-02-01 14:05:27 | INFO     | src.core.backtest_broker:_execute_order:201 - ORDER FILLED (NEXT_OPEN): buy 900 sz.002188 at 6.127350427350428 on 2024-11-04 00:00:00
2026-02-01 14:05:27 | INFO     | src.core.backtest_broker:_execute_order:201 - ORDER FILLED (NEXT_OPEN): buy 300 sz.003017 at 27.60310754762606 on 2024-11-04 00:00:00
2026-02-01 14:05:27 | INFO     | src.core.backtest_broker:_execute_order:201 - ORDER FILLED (NEXT_OPEN): buy 100 sz.002830 at 26.07850555914725 on 2024-11-04 00:00:00
2026-02-01 14:05:27 | INFO     | src.core.backtest_broker:_execute_order:201 - ORDER FILLED (NEXT_OPEN): buy 600 sz.003003 at 9.366155519517351 on 2024-11-04 00:00:00
2026-02-01 14:05:27 | INFO     | src.core.backtest_broker:_execute_order:201 - ORDER FILLED (NEXT_OPEN): buy 9900 sz.002205 at 14.567516151340284 on 2024-11-04 00:00:00
2026-02-01 14:05:27 | INFO     | src.core.backtest_broker:_execute_order:201 - ORDER FILLED (NEXT_OPEN): buy 300 sz.002780 at 20.34339356390031 on 2024-11-04 00:00:00
2026-02-01 14:05:27 | INFO     | src.core.backtest_broker:_execute_order:201 - ORDER FILLED (NEXT_OPEN): sell 800 sz.002295 at 10.517103509476454 on 2024-11-04 00:00:00
2026-02-01 14:05:27 | INFO     | src.core.backtest_broker:_execute_order:201 - ORDER FILLED (NEXT_OPEN): buy 100 sz.002809 at 22.05662949486732 on 2024-11-04 00:00:00
2026-02-01 14:05:27 | INFO     | src.strategies.jsg_strategy:on_bar:72 - JSGStrategy: Rebalancing on 2024-11-08
2026-02-01 14:05:29 | INFO     | src.strategies.jsg_strategy:on_bar:76 - Market breadth: ['综合']
2026-02-01 14:05:29 | INFO     | src.strategies.jsg_strategy:adjust:151 - JSG Rebalancing: Target ['sz.002629', 'sz.002188', 'sz.003017', 'sz.003003', 'sz.002205', 'sz.002830', 'sz.002820', 'sz.002809', 'sz.002295', 'sz.002633'], Holding ['sz.002188', 'sz.002295', 'sz.002830', 'sz.003017', 'sz.003003', 'sz.002780', 'sz.002820', 'sz.002809', 'sz.002629', 'sz.002205']
2026-02-01 14:05:29 | INFO     | src.core.backtest_broker:_execute_order:201 - ORDER FILLED (NEXT_OPEN): sell 7000 sz.002780 at 23.98173125898248 on 2024-11-11 00:00:00
2026-02-01 14:05:29 | INFO     | src.core.backtest_broker:_execute_order:201 - ORDER FILLED (NEXT_OPEN): sell 1300 sz.002629 at 11.816136504021674 on 2024-11-11 00:00:00
2026-02-01 14:05:29 | INFO     | src.core.backtest_broker:_execute_order:201 - ORDER FILLED (NEXT_OPEN): buy 500 sz.002188 at 6.571550671550672 on 2024-11-11 00:00:00
2026-02-01 14:05:29 | INFO     | src.core.backtest_broker:_execute_order:201 - ORDER FILLED (NEXT_OPEN): buy 100 sz.003017 at 29.439268082679792 on 2024-11-11 00:00:00
2026-02-01 14:05:29 | INFO     | src.core.backtest_broker:_execute_order:201 - ORDER FILLED (NEXT_OPEN): buy 300 sz.003003 at 9.759430557905924 on 2024-11-11 00:00:00
2026-02-01 14:05:29 | INFO     | src.core.backtest_broker:_execute_order:201 - ORDER FILLED (NEXT_OPEN): buy 200 sz.002205 at 15.184218780172765 on 2024-11-11 00:00:00
2026-02-01 14:05:29 | INFO     | src.core.backtest_broker:_execute_order:201 - ORDER FILLED (NEXT_OPEN): buy 200 sz.002820 at 15.802304139026253 on 2024-11-11 00:00:00
2026-02-01 14:05:29 | INFO     | src.core.backtest_broker:_execute_order:201 - ORDER FILLED (NEXT_OPEN): buy 100 sz.002809 at 23.738447493850952 on 2024-11-11 00:00:00
2026-02-01 14:05:29 | INFO     | src.core.backtest_broker:_execute_order:201 - ORDER FILLED (NEXT_OPEN): sell 100 sz.002295 at 11.396192708596827 on 2024-11-11 00:00:00
2026-02-01 14:05:29 | INFO     | src.core.backtest_broker:_execute_order:201 - ORDER FILLED (NEXT_OPEN): buy 8300 sz.002633 at 18.429650507328073 on 2024-11-11 00:00:00
2026-02-01 14:05:30 | INFO     | src.strategies.jsg_strategy:on_bar:72 - JSGStrategy: Rebalancing on 2024-11-15
2026-02-01 14:05:32 | INFO     | src.strategies.jsg_strategy:on_bar:76 - Market breadth: ['传媒']
2026-02-01 14:05:32 | INFO     | src.strategies.jsg_strategy:adjust:151 - JSG Rebalancing: Target ['sz.002188', 'sz.002629', 'sz.003017', 'sz.003003', 'sz.002205', 'sz.002295', 'sz.002830', 'sz.002809', 'sz.002820', 'sz.002209'], Holding ['sz.002188', 'sz.002295', 'sz.002830', 'sz.003017', 'sz.003003', 'sz.002820', 'sz.002809', 'sz.002629', 'sz.002205', 'sz.002633']
2026-02-01 14:05:32 | INFO     | src.core.backtest_broker:_execute_order:201 - ORDER FILLED (NEXT_OPEN): sell 8300 sz.002633 at 18.62765501691094 on 2024-11-18 00:00:00
2026-02-01 14:05:32 | INFO     | src.core.backtest_broker:_execute_order:201 - ORDER FILLED (NEXT_OPEN): buy 300 sz.002188 at 6.388644688644688 on 2024-11-18 00:00:00
2026-02-01 14:05:32 | INFO     | src.core.backtest_broker:_execute_order:201 - ORDER FILLED (NEXT_OPEN): sell 500 sz.002629 at 12.561634075253327 on 2024-11-18 00:00:00
2026-02-01 14:05:32 | INFO     | src.core.backtest_broker:_execute_order:201 - ORDER FILLED (NEXT_OPEN): buy 100 sz.003017 at 28.63499941856535 on 2024-11-18 00:00:00
2026-02-01 14:05:32 | INFO     | src.core.backtest_broker:_execute_order:201 - ORDER FILLED (NEXT_OPEN): sell 100 sz.003003 at 9.821526616598858 on 2024-11-18 00:00:00
2026-02-01 14:05:32 | INFO     | src.core.backtest_broker:_execute_order:201 - ORDER FILLED (NEXT_OPEN): sell 300 sz.002205 at 15.450900998046272 on 2024-11-18 00:00:00
2026-02-01 14:05:32 | INFO     | src.core.backtest_broker:_execute_order:201 - ORDER FILLED (NEXT_OPEN): buy 400 sz.002295 at 11.060540468932684 on 2024-11-18 00:00:00
2026-02-01 14:05:32 | INFO     | src.core.backtest_broker:_execute_order:201 - ORDER FILLED (NEXT_OPEN): sell 100 sz.002830 at 28.337619160990954 on 2024-11-18 00:00:00
2026-02-01 14:05:32 | INFO     | src.core.backtest_broker:_execute_order:201 - ORDER FILLED (NEXT_OPEN): buy 100 sz.002809 at 22.91132388779343 on 2024-11-18 00:00:00
2026-02-01 14:05:32 | INFO     | src.core.backtest_broker:_execute_order:201 - ORDER FILLED (NEXT_OPEN): buy 10900 sz.002209 at 14.147250897017157 on 2024-11-18 00:00:00
2026-02-01 14:05:33 | INFO     | src.strategies.jsg_strategy:on_bar:72 - JSGStrategy: Rebalancing on 2024-11-22
2026-02-01 14:05:34 | INFO     | src.strategies.jsg_strategy:on_bar:76 - Market breadth: ['商贸零售']
2026-02-01 14:05:35 | INFO     | src.strategies.jsg_strategy:adjust:151 - JSG Rebalancing: Target ['sz.002629', 'sz.002188', 'sz.003017', 'sz.002205', 'sz.002830', 'sz.003003', 'sz.002295', 'sz.002809', 'sz.002836', 'sz.002800'], Holding ['sz.002188', 'sz.002295', 'sz.002830', 'sz.003017', 'sz.003003', 'sz.002820', 'sz.002809', 'sz.002629', 'sz.002205', 'sz.002209']
2026-02-01 14:05:35 | INFO     | src.core.backtest_broker:_execute_order:201 - ORDER FILLED (NEXT_OPEN): sell 9600 sz.002820 at 17.850079790069792 on 2024-11-25 00:00:00
2026-02-01 14:05:35 | INFO     | src.core.backtest_broker:_execute_order:201 - ORDER FILLED (NEXT_OPEN): sell 10900 sz.002209 at 14.535059309764337 on 2024-11-25 00:00:00
2026-02-01 14:05:35 | INFO     | src.core.backtest_broker:_execute_order:201 - ORDER FILLED (NEXT_OPEN): buy 700 sz.002629 at 11.704311868336928 on 2024-11-25 00:00:00
2026-02-01 14:05:35 | INFO     | src.core.backtest_broker:_execute_order:201 - ORDER FILLED (NEXT_OPEN): buy 800 sz.002188 at 6.271062271062271 on 2024-11-25 00:00:00
2026-02-01 14:05:35 | INFO     | src.core.backtest_broker:_execute_order:201 - ORDER FILLED (NEXT_OPEN): buy 500 sz.002205 at 15.084212948470203 on 2024-11-25 00:00:00
2026-02-01 14:05:35 | INFO     | src.core.backtest_broker:_execute_order:201 - ORDER FILLED (NEXT_OPEN): buy 100 sz.002830 at 28.600816862176625 on 2024-11-25 00:00:00
2026-02-01 14:05:35 | INFO     | src.core.backtest_broker:_execute_order:201 - ORDER FILLED (NEXT_OPEN): sell 400 sz.003003 at 9.914670704638256 on 2024-11-25 00:00:00
2026-02-01 14:05:35 | INFO     | src.core.backtest_broker:_execute_order:201 - ORDER FILLED (NEXT_OPEN): buy 5900 sz.002836 at 26.26083685347215 on 2024-11-25 00:00:00
2026-02-01 14:05:35 | INFO     | src.core.backtest_broker:_execute_order:201 - ORDER FILLED (NEXT_OPEN): buy 6500 sz.002800 at 23.615608773052386 on 2024-11-25 00:00:00
2026-02-01 14:05:35 | INFO     | src.strategies.jsg_strategy:on_bar:72 - JSGStrategy: Rebalancing on 2024-11-29
2026-02-01 14:05:37 | INFO     | src.strategies.jsg_strategy:on_bar:76 - Market breadth: ['纺织服饰']
2026-02-01 14:05:37 | INFO     | src.strategies.jsg_strategy:adjust:151 - JSG Rebalancing: Target ['sz.002629', 'sz.002188', 'sz.002205', 'sz.003017', 'sz.003003', 'sz.002295', 'sz.002809', 'sz.002828', 'sz.002830', 'sz.002890'], Holding ['sz.002188', 'sz.002295', 'sz.002830', 'sz.003017', 'sz.003003', 'sz.002809', 'sz.002629', 'sz.002205', 'sz.002836', 'sz.002800']
2026-02-01 14:05:37 | INFO     | src.core.backtest_broker:_execute_order:201 - ORDER FILLED (NEXT_OPEN): sell 5900 sz.002836 at 28.446437872006967 on 2024-12-02 00:00:00
2026-02-01 14:05:37 | INFO     | src.core.backtest_broker:_execute_order:201 - ORDER FILLED (NEXT_OPEN): sell 6500 sz.002800 at 26.143702830320528 on 2024-12-02 00:00:00
2026-02-01 14:05:37 | INFO     | src.core.backtest_broker:_execute_order:201 - ORDER FILLED (NEXT_OPEN): buy 500 sz.002629 at 12.114335532514335 on 2024-12-02 00:00:00
2026-02-01 14:05:37 | INFO     | src.core.backtest_broker:_execute_order:201 - ORDER FILLED (NEXT_OPEN): sell 200 sz.002188 at 6.61074481074481 on 2024-12-02 00:00:00
2026-02-01 14:05:37 | INFO     | src.core.backtest_broker:_execute_order:201 - ORDER FILLED (NEXT_OPEN): buy 400 sz.002205 at 15.200886418789858 on 2024-12-02 00:00:00
2026-02-01 14:05:37 | INFO     | src.core.backtest_broker:_execute_order:201 - ORDER FILLED (NEXT_OPEN): sell 200 sz.003017 at 31.41200254182844 on 2024-12-02 00:00:00
2026-02-01 14:05:37 | INFO     | src.core.backtest_broker:_execute_order:201 - ORDER FILLED (NEXT_OPEN): buy 400 sz.003003 at 10.47353523287465 on 2024-12-02 00:00:00
2026-02-01 14:05:37 | INFO     | src.core.backtest_broker:_execute_order:201 - ORDER FILLED (NEXT_OPEN): buy 9700 sz.002828 at 16.666408404922446 on 2024-12-02 00:00:00
2026-02-01 14:05:37 | INFO     | src.core.backtest_broker:_execute_order:201 - ORDER FILLED (NEXT_OPEN): sell 200 sz.002830 at 31.386325866391683 on 2024-12-02 00:00:00
2026-02-01 14:05:37 | INFO     | src.core.backtest_broker:_execute_order:201 - ORDER FILLED (NEXT_OPEN): buy 5400 sz.002890 at 30.211829504944976 on 2024-12-02 00:00:00
2026-02-01 14:05:38 | INFO     | src.strategies.jsg_strategy:on_bar:72 - JSGStrategy: Rebalancing on 2024-12-06
2026-02-01 14:05:40 | INFO     | src.strategies.jsg_strategy:on_bar:76 - Market breadth: ['综合']
2026-02-01 14:05:40 | INFO     | src.strategies.jsg_strategy:adjust:151 - JSG Rebalancing: Target ['sz.002188', 'sz.002629', 'sz.002205', 'sz.003017', 'sz.003003', 'sz.002830', 'sz.002295', 'sz.002809', 'sz.002890', 'sz.002836'], Holding ['sz.002188', 'sz.002295', 'sz.002830', 'sz.003017', 'sz.003003', 'sz.002809', 'sz.002629', 'sz.002205', 'sz.002828', 'sz.002890']
2026-02-01 14:05:40 | INFO     | src.core.backtest_broker:_execute_order:201 - ORDER FILLED (NEXT_OPEN): sell 9700 sz.002828 at 17.35936141962604 on 2024-12-09 00:00:00
2026-02-01 14:05:40 | INFO     | src.core.backtest_broker:_execute_order:201 - ORDER FILLED (NEXT_OPEN): sell 200 sz.002188 at 6.950427350427351 on 2024-12-09 00:00:00
2026-02-01 14:05:40 | INFO     | src.core.backtest_broker:_execute_order:201 - ORDER FILLED (NEXT_OPEN): sell 2100 sz.002629 at 14.537202639017202 on 2024-12-09 00:00:00
2026-02-01 14:05:40 | INFO     | src.core.backtest_broker:_execute_order:201 - ORDER FILLED (NEXT_OPEN): buy 100 sz.002205 at 15.584242106983025 on 2024-12-09 00:00:00
2026-02-01 14:05:40 | INFO     | src.core.backtest_broker:_execute_order:201 - ORDER FILLED (NEXT_OPEN): buy 100 sz.003017 at 32.04934752093801 on 2024-12-09 00:00:00
2026-02-01 14:05:40 | INFO     | src.core.backtest_broker:_execute_order:201 - ORDER FILLED (NEXT_OPEN): buy 400 sz.003003 at 10.628775379606981 on 2024-12-09 00:00:00
2026-02-01 14:05:40 | INFO     | src.core.backtest_broker:_execute_order:201 - ORDER FILLED (NEXT_OPEN): buy 300 sz.002830 at 30.728331613427496 on 2024-12-09 00:00:00
2026-02-01 14:05:40 | INFO     | src.core.backtest_broker:_execute_order:201 - ORDER FILLED (NEXT_OPEN): buy 300 sz.002295 at 11.987579988005077 on 2024-12-09 00:00:00
2026-02-01 14:05:40 | INFO     | src.core.backtest_broker:_execute_order:201 - ORDER FILLED (NEXT_OPEN): buy 100 sz.002809 at 25.089416050411575 on 2024-12-09 00:00:00
2026-02-01 14:05:40 | INFO     | src.core.backtest_broker:_execute_order:201 - ORDER FILLED (NEXT_OPEN): buy 200 sz.002890 at 30.291195081577932 on 2024-12-09 00:00:00
2026-02-01 14:05:40 | INFO     | src.core.backtest_broker:_execute_order:201 - ORDER FILLED (NEXT_OPEN): buy 5900 sz.002836 at 28.3791886098982 on 2024-12-09 00:00:00
2026-02-01 14:05:41 | INFO     | src.strategies.jsg_strategy:on_bar:72 - JSGStrategy: Rebalancing on 2024-12-13
2026-02-01 14:05:42 | INFO     | src.strategies.jsg_strategy:on_bar:76 - Market breadth: ['传媒']
2026-02-01 14:05:43 | INFO     | src.strategies.jsg_strategy:adjust:151 - JSG Rebalancing: Target ['sz.002633', 'sz.002188', 'sz.003017', 'sz.002205', 'sz.003003', 'sz.002809', 'sz.002828', 'sz.002830', 'sz.002295', 'sz.002890'], Holding ['sz.002188', 'sz.002295', 'sz.002830', 'sz.003017', 'sz.003003', 'sz.002809', 'sz.002629', 'sz.002205', 'sz.002890', 'sz.002836']
2026-02-01 14:05:43 | INFO     | src.core.backtest_broker:_execute_order:201 - ORDER FILLED (NEXT_OPEN): sell 11500 sz.002629 at 17.295543652574313 on 2024-12-16 00:00:00
2026-02-01 14:05:43 | INFO     | src.core.backtest_broker:_execute_order:201 - ORDER FILLED (NEXT_OPEN): sell 5900 sz.002836 at 29.858672376291 on 2024-12-16 00:00:00
2026-02-01 14:05:43 | INFO     | src.core.backtest_broker:_execute_order:201 - ORDER FILLED (NEXT_OPEN): buy 9900 sz.002633 at 18.048872604284107 on 2024-12-16 00:00:00
2026-02-01 14:05:43 | INFO     | src.core.backtest_broker:_execute_order:201 - ORDER FILLED (NEXT_OPEN): buy 700 sz.002188 at 7.054945054945056 on 2024-12-16 00:00:00
2026-02-01 14:05:43 | INFO     | src.core.backtest_broker:_execute_order:201 - ORDER FILLED (NEXT_OPEN): buy 100 sz.003017 at 33.03571475051233 on 2024-12-16 00:00:00
2026-02-01 14:05:43 | INFO     | src.core.backtest_broker:_execute_order:201 - ORDER FILLED (NEXT_OPEN): sell 200 sz.002205 at 16.96765611220184 on 2024-12-16 00:00:00
2026-02-01 14:05:43 | INFO     | src.core.backtest_broker:_execute_order:201 - ORDER FILLED (NEXT_OPEN): buy 300 sz.002809 at 25.475407066571755 on 2024-12-16 00:00:00
2026-02-01 14:05:43 | INFO     | src.core.backtest_broker:_execute_order:201 - ORDER FILLED (NEXT_OPEN): buy 10300 sz.002828 at 17.341593393608 on 2024-12-16 00:00:00
2026-02-01 14:05:43 | INFO     | src.core.backtest_broker:_execute_order:201 - ORDER FILLED (NEXT_OPEN): buy 100 sz.002890 at 31.084850847907486 on 2024-12-16 00:00:00
2026-02-01 14:05:43 | INFO     | src.strategies.jsg_strategy:on_bar:72 - JSGStrategy: Rebalancing on 2024-12-20
2026-02-01 14:05:45 | INFO     | src.strategies.jsg_strategy:on_bar:76 - Market breadth: ['通信']
2026-02-01 14:05:45 | INFO     | src.strategies.jsg_strategy:adjust:151 - JSG Rebalancing: Target ['sz.002633', 'sz.002188', 'sz.003017', 'sz.003003', 'sz.002828', 'sz.002800', 'sz.002629', 'sz.002830', 'sz.002809', 'sz.002890'], Holding ['sz.002188', 'sz.002295', 'sz.002830', 'sz.003017', 'sz.003003', 'sz.002809', 'sz.002205', 'sz.002890', 'sz.002633', 'sz.002828']
2026-02-01 14:05:45 | INFO     | src.core.backtest_broker:_execute_order:201 - ORDER FILLED (NEXT_OPEN): sell 14100 sz.002295 at 12.147414387845144 on 2024-12-23 00:00:00
2026-02-01 14:05:45 | INFO     | src.core.backtest_broker:_execute_order:201 - ORDER FILLED (NEXT_OPEN): sell 10600 sz.002205 at 17.317676523160817 on 2024-12-23 00:00:00
2026-02-01 14:05:45 | INFO     | src.core.backtest_broker:_execute_order:201 - ORDER FILLED (NEXT_OPEN): buy 100 sz.002633 at 17.058850056369785 on 2024-12-23 00:00:00
2026-02-01 14:05:45 | INFO     | src.core.backtest_broker:_execute_order:201 - ORDER FILLED (NEXT_OPEN): sell 200 sz.002188 at 6.8067155067155065 on 2024-12-23 00:00:00
2026-02-01 14:05:45 | INFO     | src.core.backtest_broker:_execute_order:201 - ORDER FILLED (NEXT_OPEN): buy 200 sz.003017 at 30.956756128178753 on 2024-12-23 00:00:00
2026-02-01 14:05:45 | INFO     | src.core.backtest_broker:_execute_order:201 - ORDER FILLED (NEXT_OPEN): buy 300 sz.003003 at 10.535631291567583 on 2024-12-23 00:00:00
2026-02-01 14:05:45 | INFO     | src.core.backtest_broker:_execute_order:201 - ORDER FILLED (NEXT_OPEN): buy 300 sz.002828 at 16.311047884561624 on 2024-12-23 00:00:00
2026-02-01 14:05:45 | INFO     | src.core.backtest_broker:_execute_order:201 - ORDER FILLED (NEXT_OPEN): buy 7000 sz.002800 at 22.010469689072618 on 2024-12-23 00:00:00
2026-02-01 14:05:45 | INFO     | src.core.backtest_broker:_execute_order:201 - ORDER FILLED (NEXT_OPEN): buy 10800 sz.002629 at 15.170875574564107 on 2024-12-23 00:00:00
2026-02-01 14:05:45 | INFO     | src.core.backtest_broker:_execute_order:201 - ORDER FILLED (NEXT_OPEN): buy 100 sz.002830 at 30.37740134517993 on 2024-12-23 00:00:00
2026-02-01 14:05:46 | INFO     | src.core.backtest_broker:_execute_order:201 - ORDER FILLED (NEXT_OPEN): buy 100 sz.002890 at 29.259442585349515 on 2024-12-23 00:00:00
2026-02-01 14:05:46 | INFO     | src.strategies.jsg_strategy:on_bar:72 - JSGStrategy: Rebalancing on 2024-12-27
2026-02-01 14:05:48 | INFO     | src.strategies.jsg_strategy:on_bar:76 - Market breadth: ['银行']
2026-02-01 14:05:48 | INFO     | src.strategies.jsg_strategy:adjust:151 - JSG Rebalancing: Target [], Holding ['sz.002188', 'sz.002830', 'sz.003017', 'sz.003003', 'sz.002809', 'sz.002890', 'sz.002633', 'sz.002828', 'sz.002800', 'sz.002629']
2026-02-01 14:05:48 | INFO     | src.core.backtest_broker:_execute_order:201 - ORDER FILLED (NEXT_OPEN): sell 24900 sz.002188 at 6.166544566544566 on 2024-12-30 00:00:00
2026-02-01 14:05:48 | INFO     | src.core.backtest_broker:_execute_order:201 - ORDER FILLED (NEXT_OPEN): sell 5600 sz.002830 at 27.61382548273035 on 2024-12-30 00:00:00
2026-02-01 14:05:48 | INFO     | src.core.backtest_broker:_execute_order:201 - ORDER FILLED (NEXT_OPEN): sell 5500 sz.003017 at 29.16612023448998 on 2024-12-30 00:00:00
2026-02-01 14:05:48 | INFO     | src.core.backtest_broker:_execute_order:201 - ORDER FILLED (NEXT_OPEN): sell 16200 sz.003003 at 9.71803318544397 on 2024-12-30 00:00:00
2026-02-01 14:05:48 | INFO     | src.core.backtest_broker:_execute_order:201 - ORDER FILLED (NEXT_OPEN): sell 7000 sz.002809 at 22.690757592844758 on 2024-12-30 00:00:00
2026-02-01 14:05:48 | INFO     | src.core.backtest_broker:_execute_order:201 - ORDER FILLED (NEXT_OPEN): sell 5800 sz.002890 at 27.010751247415783 on 2024-12-30 00:00:00
2026-02-01 14:05:48 | INFO     | src.core.backtest_broker:_execute_order:201 - ORDER FILLED (NEXT_OPEN): sell 10000 sz.002633 at 16.06882750845547 on 2024-12-30 00:00:00
2026-02-01 14:05:48 | INFO     | src.core.backtest_broker:_execute_order:201 - ORDER FILLED (NEXT_OPEN): sell 10600 sz.002828 at 15.493718687731741 on 2024-12-30 00:00:00
2026-02-01 14:05:48 | INFO     | src.core.backtest_broker:_execute_order:201 - ORDER FILLED (NEXT_OPEN): sell 7000 sz.002800 at 21.729570349376157 on 2024-12-30 00:00:00
2026-02-01 14:05:48 | INFO     | src.core.backtest_broker:_execute_order:201 - ORDER FILLED (NEXT_OPEN): sell 10800 sz.002629 at 13.083482375115482 on 2024-12-30 00:00:00
2026-02-01 14:05:48 | INFO     | src.core.data_stream:_load_next_chunk:187 - Chunk 2 loaded: 2025-01-02 to 2025-12-31, 1/1 symbols, memory: 305.68MB (+0.00MB)
2026-02-01 14:05:48 | INFO     | src.strategies.jsg_strategy:on_bar:72 - JSGStrategy: Rebalancing on 2025-01-03
2026-02-01 14:05:50 | INFO     | src.strategies.jsg_strategy:on_bar:76 - Market breadth: ['银行']
2026-02-01 14:05:50 | INFO     | src.strategies.jsg_strategy:adjust:151 - JSG Rebalancing: Target [], Holding []
2026-02-01 14:05:50 | INFO     | src.strategies.jsg_strategy:on_bar:72 - JSGStrategy: Rebalancing on 2025-01-10
2026-02-01 14:05:51 | INFO     | src.strategies.jsg_strategy:on_bar:76 - Market breadth: ['银行']
2026-02-01 14:05:51 | INFO     | src.strategies.jsg_strategy:adjust:151 - JSG Rebalancing: Target [], Holding []
2026-02-01 14:05:52 | INFO     | src.strategies.jsg_strategy:on_bar:72 - JSGStrategy: Rebalancing on 2025-01-17
2026-02-01 14:05:53 | INFO     | src.strategies.jsg_strategy:on_bar:76 - Market breadth: ['有色金属']
2026-02-01 14:05:53 | INFO     | src.strategies.jsg_strategy:adjust:151 - JSG Rebalancing: Target ['sz.002188', 'sz.002800', 'sz.002205', 'sz.002633', 'sz.003017', 'sz.002890', 'sz.002830', 'sz.002295', 'sz.002809', 'sz.003003'], Holding []
2026-02-01 14:05:54 | INFO     | src.core.backtest_broker:_execute_order:201 - ORDER FILLED (NEXT_OPEN): buy 27700 sz.002188 at 5.7354090354090355 on 2025-01-20 00:00:00
2026-02-01 14:05:54 | INFO     | src.core.backtest_broker:_execute_order:201 - ORDER FILLED (NEXT_OPEN): buy 8000 sz.002800 at 19.763274971500937 on 2025-01-20 00:00:00
2026-02-01 14:05:54 | INFO     | src.core.backtest_broker:_execute_order:201 - ORDER FILLED (NEXT_OPEN): buy 11500 sz.002205 at 14.000816438359083 on 2025-01-20 00:00:00
2026-02-01 14:05:54 | INFO     | src.core.backtest_broker:_execute_order:201 - ORDER FILLED (NEXT_OPEN): buy 9800 sz.002633 at 16.17544532130778 on 2025-01-20 00:00:00
2026-02-01 14:05:54 | INFO     | src.core.backtest_broker:_execute_order:201 - ORDER FILLED (NEXT_OPEN): buy 5400 sz.003017 at 29.226819756309943 on 2025-01-20 00:00:00
2026-02-01 14:05:54 | INFO     | src.core.backtest_broker:_execute_order:201 - ORDER FILLED (NEXT_OPEN): buy 6100 sz.002890 at 25.87317798234342 on 2025-01-20 00:00:00
2026-02-01 14:05:54 | INFO     | src.core.backtest_broker:_execute_order:201 - ORDER FILLED (NEXT_OPEN): buy 5800 sz.002830 at 26.977764371531638 on 2025-01-20 00:00:00
2026-02-01 14:05:54 | INFO     | src.core.backtest_broker:_execute_order:201 - ORDER FILLED (NEXT_OPEN): buy 14800 sz.002295 at 10.804805429188574 on 2025-01-20 00:00:00
2026-02-01 14:05:54 | INFO     | src.core.backtest_broker:_execute_order:201 - ORDER FILLED (NEXT_OPEN): buy 7100 sz.002809 at 22.38747893729033 on 2025-01-20 00:00:00
2026-02-01 14:05:54 | INFO     | src.core.backtest_broker:_execute_order:201 - ORDER FILLED (NEXT_OPEN): buy 15900 sz.003003 at 10.069910851370588 on 2025-01-20 00:00:00
2026-02-01 14:05:54 | INFO     | src.strategies.jsg_strategy:on_bar:72 - JSGStrategy: Rebalancing on 2025-01-24
2026-02-01 14:05:56 | INFO     | src.strategies.jsg_strategy:on_bar:76 - Market breadth: ['计算机']
2026-02-01 14:05:56 | INFO     | src.strategies.jsg_strategy:adjust:151 - JSG Rebalancing: Target ['sz.002188', 'sz.002205', 'sz.002800', 'sz.002633', 'sz.003017', 'sz.002828', 'sz.002830', 'sz.002809', 'sz.003003', 'sz.002144'], Holding ['sz.002188', 'sz.002800', 'sz.002205', 'sz.002633', 'sz.003017', 'sz.002890', 'sz.002830', 'sz.002295', 'sz.002809', 'sz.003003']
2026-02-01 14:05:56 | INFO     | src.core.backtest_broker:_execute_order:201 - ORDER FILLED (NEXT_OPEN): sell 6100 sz.002890 at 27.46048951500253 on 2025-01-27 00:00:00
2026-02-01 14:05:56 | INFO     | src.core.backtest_broker:_execute_order:201 - ORDER FILLED (NEXT_OPEN): sell 14800 sz.002295 at 11.556027108436895 on 2025-01-27 00:00:00
2026-02-01 14:05:56 | INFO     | src.core.backtest_broker:_execute_order:201 - ORDER FILLED (NEXT_OPEN): buy 1200 sz.002188 at 5.6831501831501825 on 2025-01-27 00:00:00
2026-02-01 14:05:56 | INFO     | src.core.backtest_broker:_execute_order:201 - ORDER FILLED (NEXT_OPEN): buy 400 sz.002205 at 13.684131304634294 on 2025-01-27 00:00:00
2026-02-01 14:05:56 | INFO     | src.core.backtest_broker:_execute_order:201 - ORDER FILLED (NEXT_OPEN): buy 100 sz.002633 at 16.449605411499437 on 2025-01-27 00:00:00
2026-02-01 14:05:56 | INFO     | src.core.backtest_broker:_execute_order:201 - ORDER FILLED (NEXT_OPEN): sell 100 sz.003017 at 30.137312583609315 on 2025-01-27 00:00:00
2026-02-01 14:05:56 | INFO     | src.core.backtest_broker:_execute_order:201 - ORDER FILLED (NEXT_OPEN): buy 10900 sz.002828 at 14.836301725064223 on 2025-01-27 00:00:00
2026-02-01 14:05:56 | INFO     | src.core.backtest_broker:_execute_order:201 - ORDER FILLED (NEXT_OPEN): sell 100 sz.002830 at 28.732415712769466 on 2025-01-27 00:00:00
2026-02-01 14:05:56 | INFO     | src.core.backtest_broker:_execute_order:201 - ORDER FILLED (NEXT_OPEN): buy 100 sz.003003 at 10.245849684333898 on 2025-01-27 00:00:00
2026-02-01 14:05:56 | INFO     | src.core.backtest_broker:_execute_order:201 - ORDER FILLED (NEXT_OPEN): buy 14300 sz.002144 at 11.42440392211484 on 2025-01-27 00:00:00
2026-02-01 14:05:56 | INFO     | src.strategies.jsg_strategy:on_bar:72 - JSGStrategy: Rebalancing on 2025-01-27
2026-02-01 14:05:58 | INFO     | src.strategies.jsg_strategy:on_bar:76 - Market breadth: ['银行']
2026-02-01 14:05:58 | INFO     | src.strategies.jsg_strategy:adjust:151 - JSG Rebalancing: Target [], Holding ['sz.002188', 'sz.002800', 'sz.002205', 'sz.002633', 'sz.003017', 'sz.002830', 'sz.002809', 'sz.003003', 'sz.002828', 'sz.002144']
2026-02-01 14:05:58 | INFO     | src.core.backtest_broker:_execute_order:201 - ORDER FILLED (NEXT_OPEN): sell 28900 sz.002188 at 5.696214896214896 on 2025-02-05 00:00:00
2026-02-01 14:05:58 | INFO     | src.core.backtest_broker:_execute_order:201 - ORDER FILLED (NEXT_OPEN): sell 8000 sz.002800 at 20.365202127993353 on 2025-02-05 00:00:00
2026-02-01 14:05:58 | INFO     | src.core.backtest_broker:_execute_order:201 - ORDER FILLED (NEXT_OPEN): sell 11900 sz.002205 at 13.734134220485576 on 2025-02-05 00:00:00
2026-02-01 14:05:58 | INFO     | src.core.backtest_broker:_execute_order:201 - ORDER FILLED (NEXT_OPEN): sell 9900 sz.002633 at 16.784689966178128 on 2025-02-05 00:00:00
2026-02-01 14:05:58 | INFO     | src.core.backtest_broker:_execute_order:201 - ORDER FILLED (NEXT_OPEN): sell 5300 sz.003017 at 30.88088172590381 on 2025-02-05 00:00:00
2026-02-01 14:05:58 | INFO     | src.core.backtest_broker:_execute_order:201 - ORDER FILLED (NEXT_OPEN): sell 5700 sz.002830 at 29.171078548078924 on 2025-02-05 00:00:00
2026-02-01 14:05:58 | INFO     | src.core.backtest_broker:_execute_order:201 - ORDER FILLED (NEXT_OPEN): sell 7100 sz.002809 at 23.297314903953605 on 2025-02-05 00:00:00
2026-02-01 14:05:58 | INFO     | src.core.backtest_broker:_execute_order:201 - ORDER FILLED (NEXT_OPEN): sell 16000 sz.003003 at 10.173404282525476 on 2025-02-05 00:00:00
2026-02-01 14:05:58 | INFO     | src.core.backtest_broker:_execute_order:201 - ORDER FILLED (NEXT_OPEN): sell 10900 sz.002828 at 14.99621395922659 on 2025-02-05 00:00:00
2026-02-01 14:05:58 | INFO     | src.core.backtest_broker:_execute_order:201 - ORDER FILLED (NEXT_OPEN): sell 14300 sz.002144 at 11.621376403530613 on 2025-02-05 00:00:00
2026-02-01 14:05:58 | INFO     | src.strategies.jsg_strategy:on_bar:72 - JSGStrategy: Rebalancing on 2025-02-07
2026-02-01 14:06:00 | INFO     | src.strategies.jsg_strategy:on_bar:76 - Market breadth: ['计算机']
2026-02-01 14:06:00 | INFO     | src.strategies.jsg_strategy:adjust:151 - JSG Rebalancing: Target ['sz.002188', 'sz.002800', 'sz.002205', 'sz.002633', 'sz.003017', 'sz.002828', 'sz.002809', 'sz.002830', 'sz.003003', 'sz.002890'], Holding []
2026-02-01 14:06:00 | INFO     | src.core.backtest_broker:_execute_order:201 - ORDER FILLED (NEXT_OPEN): buy 27700 sz.002188 at 5.957509157509157 on 2025-02-10 00:00:00
2026-02-01 14:06:00 | INFO     | src.core.backtest_broker:_execute_order:201 - ORDER FILLED (NEXT_OPEN): buy 7800 sz.002800 at 21.047386238684755 on 2025-02-10 00:00:00
2026-02-01 14:06:00 | INFO     | src.core.backtest_broker:_execute_order:201 - ORDER FILLED (NEXT_OPEN): buy 10900 sz.002205 at 14.917536562299258 on 2025-02-10 00:00:00
2026-02-01 14:06:00 | INFO     | src.core.backtest_broker:_execute_order:201 - ORDER FILLED (NEXT_OPEN): buy 9600 sz.002633 at 17.15023675310034 on 2025-02-10 00:00:00
2026-02-01 14:06:01 | INFO     | src.core.backtest_broker:_execute_order:201 - ORDER FILLED (NEXT_OPEN): buy 5300 sz.003017 at 30.971931008633746 on 2025-02-10 00:00:00
2026-02-01 14:06:01 | INFO     | src.core.backtest_broker:_execute_order:201 - ORDER FILLED (NEXT_OPEN): buy 10700 sz.002828 at 15.387110531623494 on 2025-02-10 00:00:00
2026-02-01 14:06:01 | INFO     | src.core.backtest_broker:_execute_order:201 - ORDER FILLED (NEXT_OPEN): buy 7100 sz.002809 at 23.10431939587352 on 2025-02-10 00:00:00
2026-02-01 14:06:01 | INFO     | src.core.backtest_broker:_execute_order:201 - ORDER FILLED (NEXT_OPEN): buy 5600 sz.002830 at 29.193011689844397 on 2025-02-10 00:00:00
2026-02-01 14:06:01 | INFO     | src.core.backtest_broker:_execute_order:201 - ORDER FILLED (NEXT_OPEN): buy 15900 sz.003003 at 10.38039114483525 on 2025-02-10 00:00:00
2026-02-01 14:06:01 | INFO     | src.core.backtest_broker:_execute_order:201 - ORDER FILLED (NEXT_OPEN): buy 5900 sz.002890 at 27.56631028384647 on 2025-02-10 00:00:00
2026-02-01 14:06:01 | INFO     | src.strategies.jsg_strategy:on_bar:72 - JSGStrategy: Rebalancing on 2025-02-14
2026-02-01 14:06:03 | INFO     | src.strategies.jsg_strategy:on_bar:76 - Market breadth: ['计算机']
2026-02-01 14:06:03 | INFO     | src.strategies.jsg_strategy:adjust:151 - JSG Rebalancing: Target ['sz.002188', 'sz.002800', 'sz.002633', 'sz.003017', 'sz.002780', 'sz.003003', 'sz.002809', 'sz.002828', 'sz.002830', 'sz.002890'], Holding ['sz.002188', 'sz.002800', 'sz.002205', 'sz.002633', 'sz.003017', 'sz.002828', 'sz.002809', 'sz.002830', 'sz.003003', 'sz.002890']
2026-02-01 14:06:03 | INFO     | src.core.backtest_broker:_execute_order:201 - ORDER FILLED (NEXT_OPEN): sell 10900 sz.002205 at 16.150941819964224 on 2025-02-17 00:00:00
2026-02-01 14:06:03 | INFO     | src.core.backtest_broker:_execute_order:201 - ORDER FILLED (NEXT_OPEN): buy 400 sz.002188 at 5.892185592185592 on 2025-02-17 00:00:00
2026-02-01 14:06:03 | INFO     | src.core.backtest_broker:_execute_order:201 - ORDER FILLED (NEXT_OPEN): buy 100 sz.002800 at 20.846743853187284 on 2025-02-17 00:00:00
2026-02-01 14:06:03 | INFO     | src.core.backtest_broker:_execute_order:201 - ORDER FILLED (NEXT_OPEN): buy 400 sz.002633 at 16.556223224351747 on 2025-02-17 00:00:00
2026-02-01 14:06:03 | INFO     | src.core.backtest_broker:_execute_order:201 - ORDER FILLED (NEXT_OPEN): buy 100 sz.003017 at 30.577384116804012 on 2025-02-17 00:00:00
2026-02-01 14:06:03 | INFO     | src.core.backtest_broker:_execute_order:201 - ORDER FILLED (NEXT_OPEN): buy 7600 sz.002780 at 21.751782349093407 on 2025-02-17 00:00:00
2026-02-01 14:06:03 | INFO     | src.core.backtest_broker:_execute_order:201 - ORDER FILLED (NEXT_OPEN): buy 100 sz.003003 at 10.349343115488786 on 2025-02-17 00:00:00
2026-02-01 14:06:03 | INFO     | src.core.backtest_broker:_execute_order:201 - ORDER FILLED (NEXT_OPEN): sell 200 sz.002828 at 15.316038427551328 on 2025-02-17 00:00:00
2026-02-01 14:06:04 | INFO     | src.strategies.jsg_strategy:on_bar:72 - JSGStrategy: Rebalancing on 2025-02-21
2026-02-01 14:06:05 | INFO     | src.strategies.jsg_strategy:on_bar:76 - Market breadth: ['计算机']
2026-02-01 14:06:06 | INFO     | src.strategies.jsg_strategy:adjust:151 - JSG Rebalancing: Target ['sz.002188', 'sz.002800', 'sz.002780', 'sz.002205', 'sz.002830', 'sz.002633', 'sz.003003', 'sz.002809', 'sz.002890', 'sz.002295'], Holding ['sz.002188', 'sz.002800', 'sz.002633', 'sz.003017', 'sz.002828', 'sz.002809', 'sz.002830', 'sz.003003', 'sz.002890', 'sz.002780']
2026-02-01 14:06:06 | INFO     | src.core.backtest_broker:_execute_order:201 - ORDER FILLED (NEXT_OPEN): sell 5400 sz.003017 at 32.71704226095754 on 2025-02-24 00:00:00
2026-02-01 14:06:06 | INFO     | src.core.backtest_broker:_execute_order:201 - ORDER FILLED (NEXT_OPEN): sell 10500 sz.002828 at 16.186671702435337 on 2025-02-24 00:00:00
2026-02-01 14:06:06 | INFO     | src.core.backtest_broker:_execute_order:201 - ORDER FILLED (NEXT_OPEN): sell 200 sz.002188 at 5.996703296703297 on 2025-02-24 00:00:00
2026-02-01 14:06:06 | INFO     | src.core.backtest_broker:_execute_order:201 - ORDER FILLED (NEXT_OPEN): buy 300 sz.002780 at 20.930222224397433 on 2025-02-24 00:00:00
2026-02-01 14:06:06 | INFO     | src.core.backtest_broker:_execute_order:201 - ORDER FILLED (NEXT_OPEN): buy 10900 sz.002205 at 15.367562804960803 on 2025-02-24 00:00:00
2026-02-01 14:06:06 | INFO     | src.core.backtest_broker:_execute_order:201 - ORDER FILLED (NEXT_OPEN): buy 300 sz.002830 at 28.578883720411152 on 2025-02-24 00:00:00
2026-02-01 14:06:06 | INFO     | src.core.backtest_broker:_execute_order:201 - ORDER FILLED (NEXT_OPEN): sell 500 sz.002633 at 17.363472378804964 on 2025-02-24 00:00:00
2026-02-01 14:06:06 | INFO     | src.core.backtest_broker:_execute_order:201 - ORDER FILLED (NEXT_OPEN): buy 300 sz.003003 at 10.235500341218408 on 2025-02-24 00:00:00
2026-02-01 14:06:06 | INFO     | src.core.backtest_broker:_execute_order:201 - ORDER FILLED (NEXT_OPEN): buy 100 sz.002809 at 23.214602543347855 on 2025-02-24 00:00:00
2026-02-01 14:06:06 | INFO     | src.core.backtest_broker:_execute_order:201 - ORDER FILLED (NEXT_OPEN): buy 100 sz.002890 at 28.650973164496857 on 2025-02-24 00:00:00
2026-02-01 14:06:06 | INFO     | src.core.backtest_broker:_execute_order:201 - ORDER FILLED (NEXT_OPEN): buy 14600 sz.002295 at 11.52406022846888 on 2025-02-24 00:00:00
2026-02-01 14:06:06 | INFO     | src.strategies.jsg_strategy:on_bar:72 - JSGStrategy: Rebalancing on 2025-02-28
2026-02-01 14:06:08 | INFO     | src.strategies.jsg_strategy:on_bar:76 - Market breadth: ['食品饮料']
2026-02-01 14:06:08 | INFO     | src.strategies.jsg_strategy:adjust:151 - JSG Rebalancing: Target ['sz.002188', 'sz.002800', 'sz.002633', 'sz.002830', 'sz.003003', 'sz.002205', 'sz.002809', 'sz.002780', 'sz.002890', 'sz.003017'], Holding ['sz.002188', 'sz.002800', 'sz.002633', 'sz.002809', 'sz.002830', 'sz.003003', 'sz.002890', 'sz.002780', 'sz.002205', 'sz.002295']
2026-02-01 14:06:08 | INFO     | src.core.backtest_broker:_execute_order:201 - ORDER FILLED (NEXT_OPEN): sell 14600 sz.002295 at 11.715861508276962 on 2025-03-03 00:00:00
2026-02-01 14:06:08 | INFO     | src.core.backtest_broker:_execute_order:201 - ORDER FILLED (NEXT_OPEN): sell 400 sz.002188 at 6.101221001221001 on 2025-03-03 00:00:00
2026-02-01 14:06:08 | INFO     | src.core.backtest_broker:_execute_order:201 - ORDER FILLED (NEXT_OPEN): buy 400 sz.002633 at 16.76945885005637 on 2025-03-03 00:00:00
2026-02-01 14:06:08 | INFO     | src.core.backtest_broker:_execute_order:201 - ORDER FILLED (NEXT_OPEN): sell 100 sz.002830 at 28.44728486981832 on 2025-03-03 00:00:00
2026-02-01 14:06:08 | INFO     | src.core.backtest_broker:_execute_order:201 - ORDER FILLED (NEXT_OPEN): buy 200 sz.003003 at 10.22515099810292 on 2025-03-03 00:00:00
2026-02-01 14:06:08 | INFO     | src.core.backtest_broker:_execute_order:201 - ORDER FILLED (NEXT_OPEN): sell 200 sz.002205 at 15.267556973258237 on 2025-03-03 00:00:00
2026-02-01 14:06:08 | INFO     | src.core.backtest_broker:_execute_order:201 - ORDER FILLED (NEXT_OPEN): buy 100 sz.002809 at 22.883753100924846 on 2025-03-03 00:00:00
2026-02-01 14:06:08 | INFO     | src.core.backtest_broker:_execute_order:201 - ORDER FILLED (NEXT_OPEN): sell 200 sz.002780 at 21.634416616993985 on 2025-03-03 00:00:00
2026-02-01 14:06:08 | INFO     | src.core.backtest_broker:_execute_order:201 - ORDER FILLED (NEXT_OPEN): buy 100 sz.002890 at 27.275303169525635 on 2025-03-03 00:00:00
2026-02-01 14:06:09 | INFO     | src.core.backtest_broker:_execute_order:201 - ORDER FILLED (NEXT_OPEN): buy 5200 sz.003017 at 32.231446086397874 on 2025-03-03 00:00:00
2026-02-01 14:06:09 | INFO     | src.strategies.jsg_strategy:on_bar:72 - JSGStrategy: Rebalancing on 2025-03-07
2026-02-01 14:06:11 | INFO     | src.strategies.jsg_strategy:on_bar:76 - Market breadth: ['国防军工']
2026-02-01 14:06:11 | INFO     | src.strategies.jsg_strategy:adjust:151 - JSG Rebalancing: Target ['sz.002188', 'sz.002800', 'sz.002633', 'sz.002830', 'sz.002205', 'sz.003017', 'sz.002780', 'sz.002809', 'sz.002828', 'sz.003003'], Holding ['sz.002188', 'sz.002800', 'sz.002633', 'sz.002809', 'sz.002830', 'sz.003003', 'sz.002890', 'sz.002780', 'sz.002205', 'sz.003017']
2026-02-01 14:06:11 | INFO     | src.core.backtest_broker:_execute_order:201 - ORDER FILLED (NEXT_OPEN): sell 6100 sz.002890 at 28.227690089121097 on 2025-03-10 00:00:00
2026-02-01 14:06:11 | INFO     | src.core.backtest_broker:_execute_order:201 - ORDER FILLED (NEXT_OPEN): buy 100 sz.002188 at 6.218803418803419 on 2025-03-10 00:00:00
2026-02-01 14:06:11 | INFO     | src.core.backtest_broker:_execute_order:201 - ORDER FILLED (NEXT_OPEN): buy 100 sz.002633 at 16.95223224351748 on 2025-03-10 00:00:00
2026-02-01 14:06:11 | INFO     | src.core.backtest_broker:_execute_order:201 - ORDER FILLED (NEXT_OPEN): buy 100 sz.003017 at 32.33767024958281 on 2025-03-10 00:00:00
2026-02-01 14:06:11 | INFO     | src.core.backtest_broker:_execute_order:201 - ORDER FILLED (NEXT_OPEN): sell 100 sz.002809 at 23.38002726455936 on 2025-03-10 00:00:00
2026-02-01 14:06:11 | INFO     | src.core.backtest_broker:_execute_order:201 - ORDER FILLED (NEXT_OPEN): buy 10700 sz.002828 at 15.778007104020396 on 2025-03-10 00:00:00
2026-02-01 14:06:11 | INFO     | src.core.backtest_broker:_execute_order:201 - ORDER FILLED (NEXT_OPEN): sell 300 sz.003003 at 10.40108983106623 on 2025-03-10 00:00:00
2026-02-01 14:06:12 | INFO     | src.strategies.jsg_strategy:on_bar:72 - JSGStrategy: Rebalancing on 2025-03-14
2026-02-01 14:06:13 | INFO     | src.strategies.jsg_strategy:on_bar:76 - Market breadth: ['煤炭']
2026-02-01 14:06:13 | INFO     | src.strategies.jsg_strategy:adjust:151 - JSG Rebalancing: Target [], Holding ['sz.002188', 'sz.002800', 'sz.002633', 'sz.002809', 'sz.002830', 'sz.003003', 'sz.002780', 'sz.002205', 'sz.003017', 'sz.002828']
2026-02-01 14:06:13 | INFO     | src.core.backtest_broker:_execute_order:201 - ORDER FILLED (NEXT_OPEN): sell 27600 sz.002188 at 6.467032967032967 on 2025-03-17 00:00:00
2026-02-01 14:06:13 | INFO     | src.core.backtest_broker:_execute_order:201 - ORDER FILLED (NEXT_OPEN): sell 7900 sz.002800 at 22.672589561214274 on 2025-03-17 00:00:00
2026-02-01 14:06:13 | INFO     | src.core.backtest_broker:_execute_order:201 - ORDER FILLED (NEXT_OPEN): sell 10000 sz.002633 at 18.24687711386697 on 2025-03-17 00:00:00
2026-02-01 14:06:13 | INFO     | src.core.backtest_broker:_execute_order:201 - ORDER FILLED (NEXT_OPEN): sell 7200 sz.002809 at 23.986584575668207 on 2025-03-17 00:00:00
2026-02-01 14:06:13 | INFO     | src.core.backtest_broker:_execute_order:201 - ORDER FILLED (NEXT_OPEN): sell 5800 sz.002830 at 30.180003069290674 on 2025-03-17 00:00:00
2026-02-01 14:06:13 | INFO     | src.core.backtest_broker:_execute_order:201 - ORDER FILLED (NEXT_OPEN): sell 16200 sz.003003 at 10.794364869454803 on 2025-03-17 00:00:00
2026-02-01 14:06:13 | INFO     | src.core.backtest_broker:_execute_order:201 - ORDER FILLED (NEXT_OPEN): sell 7700 sz.002780 at 23.68831692873392 on 2025-03-17 00:00:00
2026-02-01 14:06:13 | INFO     | src.core.backtest_broker:_execute_order:201 - ORDER FILLED (NEXT_OPEN): sell 10700 sz.002205 at 16.76764444879671 on 2025-03-17 00:00:00
2026-02-01 14:06:13 | INFO     | src.core.backtest_broker:_execute_order:201 - ORDER FILLED (NEXT_OPEN): sell 5300 sz.003017 at 33.24816307688218 on 2025-03-17 00:00:00
2026-02-01 14:06:13 | INFO     | src.core.backtest_broker:_execute_order:201 - ORDER FILLED (NEXT_OPEN): sell 10700 sz.002828 at 16.328815910579664 on 2025-03-17 00:00:00
2026-02-01 14:06:14 | INFO     | src.strategies.jsg_strategy:on_bar:72 - JSGStrategy: Rebalancing on 2025-03-21
2026-02-01 14:06:15 | INFO     | src.strategies.jsg_strategy:on_bar:76 - Market breadth: ['煤炭']
2026-02-01 14:06:15 | INFO     | src.strategies.jsg_strategy:adjust:151 - JSG Rebalancing: Target [], Holding []
2026-02-01 14:06:15 | INFO     | src.strategies.jsg_strategy:on_bar:72 - JSGStrategy: Rebalancing on 2025-03-28
2026-02-01 14:06:17 | INFO     | src.strategies.jsg_strategy:on_bar:76 - Market breadth: ['银行']
2026-02-01 14:06:17 | INFO     | src.strategies.jsg_strategy:adjust:151 - JSG Rebalancing: Target [], Holding []
2026-02-01 14:06:17 | INFO     | src.strategies.jsg_strategy:on_bar:72 - JSGStrategy: Rebalancing on 2025-04-03
2026-02-01 14:06:19 | INFO     | src.strategies.jsg_strategy:on_bar:76 - Market breadth: ['银行']
2026-02-01 14:06:19 | INFO     | src.strategies.jsg_strategy:adjust:151 - JSG Rebalancing: Target [], Holding []
2026-02-01 14:06:19 | INFO     | src.strategies.jsg_strategy:on_bar:72 - JSGStrategy: Rebalancing on 2025-04-11
2026-02-01 14:06:21 | INFO     | src.strategies.jsg_strategy:on_bar:76 - Market breadth: ['农林牧渔']
2026-02-01 14:06:21 | INFO     | src.strategies.jsg_strategy:adjust:151 - JSG Rebalancing: Target ['sz.002188', 'sz.002633', 'sz.002830', 'sz.003003', 'sz.002809', 'sz.002205', 'sz.002780', 'sz.002828', 'sz.003017', 'sz.002295'], Holding []
2026-02-01 14:06:21 | INFO     | src.core.backtest_broker:_execute_order:201 - ORDER FILLED (NEXT_OPEN): buy 31600 sz.002188 at 5.6831501831501825 on 2025-04-14 00:00:00
2026-02-01 14:06:21 | INFO     | src.core.backtest_broker:_execute_order:201 - ORDER FILLED (NEXT_OPEN): buy 11300 sz.002633 at 15.977440811724918 on 2025-04-14 00:00:00
2026-02-01 14:06:21 | INFO     | src.core.backtest_broker:_execute_order:201 - ORDER FILLED (NEXT_OPEN): buy 6700 sz.002830 at 26.890031804469743 on 2025-04-14 00:00:00
2026-02-01 14:06:21 | INFO     | src.core.backtest_broker:_execute_order:201 - ORDER FILLED (NEXT_OPEN): buy 18800 sz.003003 at 9.521395666249681 on 2025-04-14 00:00:00
2026-02-01 14:06:21 | INFO     | src.core.backtest_broker:_execute_order:201 - ORDER FILLED (NEXT_OPEN): buy 8300 sz.002809 at 21.477642970627052 on 2025-04-14 00:00:00
2026-02-01 14:06:21 | INFO     | src.core.backtest_broker:_execute_order:201 - ORDER FILLED (NEXT_OPEN): buy 12200 sz.002205 at 14.667521983042848 on 2025-04-14 00:00:00
2026-02-01 14:06:21 | INFO     | src.core.backtest_broker:_execute_order:201 - ORDER FILLED (NEXT_OPEN): buy 8800 sz.002780 at 20.891100313697628 on 2025-04-14 00:00:00
2026-02-01 14:06:21 | INFO     | src.core.backtest_broker:_execute_order:201 - ORDER FILLED (NEXT_OPEN): buy 12300 sz.002828 at 14.658621464883813 on 2025-04-14 00:00:00
2026-02-01 14:06:21 | INFO     | src.core.backtest_broker:_execute_order:201 - ORDER FILLED (NEXT_OPEN): buy 5900 sz.003017 at 30.547034355894034 on 2025-04-14 00:00:00
2026-02-01 14:06:21 | INFO     | src.core.backtest_broker:_execute_order:201 - ORDER FILLED (NEXT_OPEN): buy 16300 sz.002295 at 11.284308628708779 on 2025-04-14 00:00:00
2026-02-01 14:06:22 | INFO     | src.strategies.jsg_strategy:on_bar:72 - JSGStrategy: Rebalancing on 2025-04-18
2026-02-01 14:06:23 | INFO     | src.strategies.jsg_strategy:on_bar:76 - Market breadth: ['银行']
2026-02-01 14:06:23 | INFO     | src.strategies.jsg_strategy:adjust:151 - JSG Rebalancing: Target [], Holding ['sz.002188', 'sz.002633', 'sz.002830', 'sz.003003', 'sz.002809', 'sz.002205', 'sz.002780', 'sz.002828', 'sz.003017', 'sz.002295']
2026-02-01 14:06:23 | INFO     | src.core.backtest_broker:_execute_order:201 - ORDER FILLED (NEXT_OPEN): sell 31600 sz.002188 at 5.892185592185592 on 2025-04-21 00:00:00
2026-02-01 14:06:23 | INFO     | src.core.backtest_broker:_execute_order:201 - ORDER FILLED (NEXT_OPEN): sell 11300 sz.002633 at 16.632378804960542 on 2025-04-21 00:00:00
2026-02-01 14:06:23 | INFO     | src.core.backtest_broker:_execute_order:201 - ORDER FILLED (NEXT_OPEN): sell 6700 sz.002830 at 26.802299237407855 on 2025-04-21 00:00:00
2026-02-01 14:06:23 | INFO     | src.core.backtest_broker:_execute_order:201 - ORDER FILLED (NEXT_OPEN): sell 18800 sz.003003 at 12.067334072659923 on 2025-04-21 00:00:00
2026-02-01 14:06:23 | INFO     | src.core.backtest_broker:_execute_order:201 - ORDER FILLED (NEXT_OPEN): sell 8300 sz.002809 at 27.074512704949637 on 2025-04-21 00:00:00
2026-02-01 14:06:23 | INFO     | src.core.backtest_broker:_execute_order:201 - ORDER FILLED (NEXT_OPEN): sell 12200 sz.002205 at 14.834198369213789 on 2025-04-21 00:00:00
2026-02-01 14:06:23 | INFO     | src.core.backtest_broker:_execute_order:201 - ORDER FILLED (NEXT_OPEN): sell 8800 sz.002780 at 23.316658777085742 on 2025-04-21 00:00:00
2026-02-01 14:06:23 | INFO     | src.core.backtest_broker:_execute_order:201 - ORDER FILLED (NEXT_OPEN): sell 12300 sz.002828 at 14.409869100631239 on 2025-04-21 00:00:00
2026-02-01 14:06:23 | INFO     | src.core.backtest_broker:_execute_order:201 - ORDER FILLED (NEXT_OPEN): sell 5900 sz.003017 at 30.455985073164097 on 2025-04-21 00:00:00
2026-02-01 14:06:23 | INFO     | src.core.backtest_broker:_execute_order:201 - ORDER FILLED (NEXT_OPEN): sell 16300 sz.002295 at 11.396192708596827 on 2025-04-21 00:00:00
2026-02-01 14:06:24 | INFO     | src.strategies.jsg_strategy:on_bar:72 - JSGStrategy: Rebalancing on 2025-04-25
2026-02-01 14:06:25 | INFO     | src.strategies.jsg_strategy:on_bar:76 - Market breadth: ['银行']
2026-02-01 14:06:25 | INFO     | src.strategies.jsg_strategy:adjust:151 - JSG Rebalancing: Target [], Holding []
2026-02-01 14:06:25 | INFO     | src.strategies.jsg_strategy:on_bar:72 - JSGStrategy: Rebalancing on 2025-04-30
2026-02-01 14:06:27 | INFO     | src.strategies.jsg_strategy:on_bar:76 - Market breadth: ['汽车']
2026-02-01 14:06:27 | INFO     | src.strategies.jsg_strategy:adjust:151 - JSG Rebalancing: Target ['sz.002591', 'sz.002188', 'sz.002883', 'sz.002828', 'sz.003011', 'sz.002494', 'sz.002830', 'sz.002486', 'sz.002718', 'sz.002696'], Holding []
2026-02-01 14:06:27 | INFO     | src.core.backtest_broker:_execute_order:201 - ORDER FILLED (NEXT_OPEN): buy 10400 sz.002591 at 18.606125582819438 on 2025-05-06 00:00:00
2026-02-01 14:06:27 | INFO     | src.core.backtest_broker:_execute_order:201 - ORDER FILLED (NEXT_OPEN): buy 30100 sz.002188 at 6.31025641025641 on 2025-05-06 00:00:00
2026-02-01 14:06:27 | INFO     | src.core.backtest_broker:_execute_order:201 - ORDER FILLED (NEXT_OPEN): buy 6100 sz.002883 at 31.366586309396997 on 2025-05-06 00:00:00
2026-02-01 14:06:27 | INFO     | src.core.backtest_broker:_execute_order:201 - ORDER FILLED (NEXT_OPEN): buy 13000 sz.002828 at 14.694157516919894 on 2025-05-06 00:00:00
2026-02-01 14:06:27 | INFO     | src.core.backtest_broker:_execute_order:201 - ORDER FILLED (NEXT_OPEN): buy 7600 sz.003011 at 24.867368064519937 on 2025-05-06 00:00:00
2026-02-01 14:06:27 | INFO     | src.core.backtest_broker:_execute_order:201 - ORDER FILLED (NEXT_OPEN): buy 15700 sz.002494 at 12.129393316857495 on 2025-05-06 00:00:00
2026-02-01 14:06:27 | INFO     | src.core.backtest_broker:_execute_order:201 - ORDER FILLED (NEXT_OPEN): buy 6500 sz.002830 at 29.21494483160987 on 2025-05-06 00:00:00
2026-02-01 14:06:27 | INFO     | src.core.backtest_broker:_execute_order:201 - ORDER FILLED (NEXT_OPEN): buy 20800 sz.002486 at 9.443344947461224 on 2025-05-06 00:00:00
2026-02-01 14:06:27 | INFO     | src.core.backtest_broker:_execute_order:201 - ORDER FILLED (NEXT_OPEN): buy 5100 sz.002718 at 37.81158549292921 on 2025-05-06 00:00:00
2026-02-01 14:06:27 | INFO     | src.core.backtest_broker:_execute_order:201 - ORDER FILLED (NEXT_OPEN): buy 10000 sz.002696 at 19.356698762930087 on 2025-05-06 00:00:00
2026-02-01 14:06:28 | INFO     | src.strategies.jsg_strategy:on_bar:72 - JSGStrategy: Rebalancing on 2025-05-09
2026-02-01 14:06:30 | INFO     | src.strategies.jsg_strategy:on_bar:76 - Market breadth: ['家用电器']
2026-02-01 14:06:30 | INFO     | src.strategies.jsg_strategy:adjust:151 - JSG Rebalancing: Target ['sz.002188', 'sz.002591', 'sz.002883', 'sz.002828', 'sz.002494', 'sz.003011', 'sz.002800', 'sz.002696', 'sz.002830', 'sz.002718'], Holding ['sz.002591', 'sz.002188', 'sz.002883', 'sz.002828', 'sz.003011', 'sz.002494', 'sz.002830', 'sz.002486', 'sz.002718', 'sz.002696']
2026-02-01 14:06:30 | INFO     | src.core.backtest_broker:_execute_order:201 - ORDER FILLED (NEXT_OPEN): sell 20800 sz.002486 at 9.988960433314539 on 2025-05-12 00:00:00
2026-02-01 14:06:30 | INFO     | src.core.backtest_broker:_execute_order:201 - ORDER FILLED (NEXT_OPEN): sell 200 sz.002188 at 6.663003663003662 on 2025-05-12 00:00:00
2026-02-01 14:06:30 | INFO     | src.core.backtest_broker:_execute_order:201 - ORDER FILLED (NEXT_OPEN): sell 100 sz.002591 at 19.680222217954263 on 2025-05-12 00:00:00
2026-02-01 14:06:30 | INFO     | src.core.backtest_broker:_execute_order:201 - ORDER FILLED (NEXT_OPEN): sell 100 sz.002828 at 15.422646583659574 on 2025-05-12 00:00:00
2026-02-01 14:06:30 | INFO     | src.core.backtest_broker:_execute_order:201 - ORDER FILLED (NEXT_OPEN): sell 100 sz.003011 at 26.46435500444323 on 2025-05-12 00:00:00
2026-02-01 14:06:30 | INFO     | src.core.backtest_broker:_execute_order:201 - ORDER FILLED (NEXT_OPEN): buy 8000 sz.002800 at 24.518499507791013 on 2025-05-12 00:00:00
2026-02-01 14:06:30 | INFO     | src.core.backtest_broker:_execute_order:201 - ORDER FILLED (NEXT_OPEN): sell 100 sz.002696 at 20.010395906893955 on 2025-05-12 00:00:00
2026-02-01 14:06:30 | INFO     | src.core.backtest_broker:_execute_order:201 - ORDER FILLED (NEXT_OPEN): sell 200 sz.002830 at 31.495991575219048 on 2025-05-12 00:00:00
2026-02-01 14:06:30 | INFO     | src.core.backtest_broker:_execute_order:201 - ORDER FILLED (NEXT_OPEN): sell 100 sz.002718 at 39.542587976153435 on 2025-05-12 00:00:00
2026-02-01 14:06:31 | INFO     | src.strategies.jsg_strategy:on_bar:72 - JSGStrategy: Rebalancing on 2025-05-16
2026-02-01 14:06:32 | INFO     | src.strategies.jsg_strategy:on_bar:76 - Market breadth: ['银行']
2026-02-01 14:06:32 | INFO     | src.strategies.jsg_strategy:adjust:151 - JSG Rebalancing: Target [], Holding ['sz.002591', 'sz.002188', 'sz.002883', 'sz.002828', 'sz.003011', 'sz.002494', 'sz.002830', 'sz.002718', 'sz.002696', 'sz.002800']
2026-02-01 14:06:32 | INFO     | src.core.backtest_broker:_execute_order:201 - ORDER FILLED (NEXT_OPEN): sell 10300 sz.002591 at 19.368387710979636 on 2025-05-19 00:00:00
2026-02-01 14:06:32 | INFO     | src.core.backtest_broker:_execute_order:201 - ORDER FILLED (NEXT_OPEN): sell 29900 sz.002188 at 6.623809523809524 on 2025-05-19 00:00:00
2026-02-01 14:06:32 | INFO     | src.core.backtest_broker:_execute_order:201 - ORDER FILLED (NEXT_OPEN): sell 6100 sz.002883 at 32.66722585742407 on 2025-05-19 00:00:00
2026-02-01 14:06:32 | INFO     | src.core.backtest_broker:_execute_order:201 - ORDER FILLED (NEXT_OPEN): sell 12900 sz.002828 at 15.68916697393019 on 2025-05-19 00:00:00
2026-02-01 14:06:32 | INFO     | src.core.backtest_broker:_execute_order:201 - ORDER FILLED (NEXT_OPEN): sell 7500 sz.003011 at 27.148777978696078 on 2025-05-19 00:00:00
2026-02-01 14:06:32 | INFO     | src.core.backtest_broker:_execute_order:201 - ORDER FILLED (NEXT_OPEN): sell 15700 sz.002494 at 12.750720814157544 on 2025-05-19 00:00:00
2026-02-01 14:06:32 | INFO     | src.core.backtest_broker:_execute_order:201 - ORDER FILLED (NEXT_OPEN): sell 6300 sz.002830 at 30.00453793516689 on 2025-05-19 00:00:00
2026-02-01 14:06:32 | INFO     | src.core.backtest_broker:_execute_order:201 - ORDER FILLED (NEXT_OPEN): sell 5000 sz.002718 at 39.40735340715155 on 2025-05-19 00:00:00
2026-02-01 14:06:32 | INFO     | src.core.backtest_broker:_execute_order:201 - ORDER FILLED (NEXT_OPEN): sell 9900 sz.002696 at 20.845675590847787 on 2025-05-19 00:00:00
2026-02-01 14:06:32 | INFO     | src.core.backtest_broker:_execute_order:201 - ORDER FILLED (NEXT_OPEN): sell 8000 sz.002800 at 24.558627984890506 on 2025-05-19 00:00:00
2026-02-01 14:06:33 | INFO     | src.strategies.jsg_strategy:on_bar:72 - JSGStrategy: Rebalancing on 2025-05-23
2026-02-01 14:06:34 | INFO     | src.strategies.jsg_strategy:on_bar:76 - Market breadth: ['银行']
2026-02-01 14:06:34 | INFO     | src.strategies.jsg_strategy:adjust:151 - JSG Rebalancing: Target [], Holding []
2026-02-01 14:06:34 | INFO     | src.strategies.jsg_strategy:on_bar:72 - JSGStrategy: Rebalancing on 2025-05-30
2026-02-01 14:06:36 | INFO     | src.strategies.jsg_strategy:on_bar:76 - Market breadth: ['医药生物']
2026-02-01 14:06:36 | INFO     | src.strategies.jsg_strategy:adjust:151 - JSG Rebalancing: Target ['sz.002591', 'sz.002188', 'sz.002883', 'sz.002494', 'sz.002828', 'sz.003011', 'sz.002830', 'sz.002718', 'sz.002800', 'sz.002780'], Holding []
2026-02-01 14:06:36 | INFO     | src.core.backtest_broker:_execute_order:201 - ORDER FILLED (NEXT_OPEN): buy 10300 sz.002591 at 19.12584976111048 on 2025-06-03 00:00:00
2026-02-01 14:06:36 | INFO     | src.core.backtest_broker:_execute_order:201 - ORDER FILLED (NEXT_OPEN): buy 29700 sz.002188 at 6.702197802197802 on 2025-06-03 00:00:00
2026-02-01 14:06:36 | INFO     | src.core.backtest_broker:_execute_order:201 - ORDER FILLED (NEXT_OPEN): buy 6000 sz.002883 at 32.515988700676736 on 2025-06-03 00:00:00
2026-02-01 14:06:36 | INFO     | src.core.backtest_broker:_execute_order:201 - ORDER FILLED (NEXT_OPEN): buy 15700 sz.002494 at 12.615649619092316 on 2025-06-03 00:00:00
2026-02-01 14:06:36 | INFO     | src.core.backtest_broker:_execute_order:201 - ORDER FILLED (NEXT_OPEN): buy 12600 sz.002828 at 15.8668472341106 on 2025-06-03 00:00:00
2026-02-01 14:06:36 | INFO     | src.core.backtest_broker:_execute_order:201 - ORDER FILLED (NEXT_OPEN): buy 7200 sz.003011 at 27.135659218364847 on 2025-06-03 00:00:00
2026-02-01 14:06:36 | INFO     | src.core.backtest_broker:_execute_order:201 - ORDER FILLED (NEXT_OPEN): buy 6500 sz.002830 at 30.201936211056147 on 2025-06-03 00:00:00
2026-02-01 14:06:36 | INFO     | src.core.backtest_broker:_execute_order:201 - ORDER FILLED (NEXT_OPEN): buy 5000 sz.002718 at 40.245807734963286 on 2025-06-03 00:00:00
2026-02-01 14:06:37 | INFO     | src.core.backtest_broker:_execute_order:201 - ORDER FILLED (NEXT_OPEN): buy 7700 sz.002800 at 26.28415250016876 on 2025-06-03 00:00:00
2026-02-01 14:06:37 | INFO     | src.core.backtest_broker:_execute_order:201 - ORDER FILLED (NEXT_OPEN): buy 8000 sz.002780 at 24.64680374087922 on 2025-06-03 00:00:00
2026-02-01 14:06:37 | INFO     | src.strategies.jsg_strategy:on_bar:72 - JSGStrategy: Rebalancing on 2025-06-06
2026-02-01 14:06:39 | INFO     | src.strategies.jsg_strategy:on_bar:76 - Market breadth: ['银行']
2026-02-01 14:06:39 | INFO     | src.strategies.jsg_strategy:adjust:151 - JSG Rebalancing: Target [], Holding ['sz.002591', 'sz.002188', 'sz.002883', 'sz.002494', 'sz.002828', 'sz.003011', 'sz.002830', 'sz.002718', 'sz.002800', 'sz.002780']
2026-02-01 14:06:39 | INFO     | src.core.backtest_broker:_execute_order:201 - ORDER FILLED (NEXT_OPEN): sell 10300 sz.002591 at 19.92276016782342 on 2025-06-09 00:00:00
2026-02-01 14:06:39 | INFO     | src.core.backtest_broker:_execute_order:201 - ORDER FILLED (NEXT_OPEN): sell 29700 sz.002188 at 6.950427350427351 on 2025-06-09 00:00:00
2026-02-01 14:06:39 | INFO     | src.core.backtest_broker:_execute_order:201 - ORDER FILLED (NEXT_OPEN): sell 6000 sz.002883 at 33.846875680053266 on 2025-06-09 00:00:00
2026-02-01 14:06:39 | INFO     | src.core.backtest_broker:_execute_order:201 - ORDER FILLED (NEXT_OPEN): sell 15700 sz.002494 at 13.128920160340185 on 2025-06-09 00:00:00
2026-02-01 14:06:39 | INFO     | src.core.backtest_broker:_execute_order:201 - ORDER FILLED (NEXT_OPEN): sell 12600 sz.002828 at 16.506496170760073 on 2025-06-09 00:00:00
2026-02-01 14:06:39 | INFO     | src.core.backtest_broker:_execute_order:201 - ORDER FILLED (NEXT_OPEN): sell 7200 sz.003011 at 28.063902977259882 on 2025-06-09 00:00:00
2026-02-01 14:06:39 | INFO     | src.core.backtest_broker:_execute_order:201 - ORDER FILLED (NEXT_OPEN): sell 6500 sz.002830 at 33.052061142378456 on 2025-06-09 00:00:00
2026-02-01 14:06:39 | INFO     | src.core.backtest_broker:_execute_order:201 - ORDER FILLED (NEXT_OPEN): sell 5000 sz.002718 at 41.24654354557729 on 2025-06-09 00:00:00
2026-02-01 14:06:39 | INFO     | src.core.backtest_broker:_execute_order:201 - ORDER FILLED (NEXT_OPEN): sell 7700 sz.002800 at 26.986400849409907 on 2025-06-09 00:00:00
2026-02-01 14:06:39 | INFO     | src.core.backtest_broker:_execute_order:201 - ORDER FILLED (NEXT_OPEN): sell 8000 sz.002780 at 25.448802910225293 on 2025-06-09 00:00:00
2026-02-01 14:06:39 | INFO     | src.strategies.jsg_strategy:on_bar:72 - JSGStrategy: Rebalancing on 2025-06-13
2026-02-01 14:06:41 | INFO     | src.strategies.jsg_strategy:on_bar:76 - Market breadth: ['石油石化']
2026-02-01 14:06:41 | INFO     | src.strategies.jsg_strategy:adjust:151 - JSG Rebalancing: Target ['sz.002883', 'sz.002188', 'sz.002591', 'sz.002494', 'sz.003011', 'sz.002718', 'sz.002830', 'sz.002780', 'sz.002633', 'sz.002800'], Holding []
2026-02-01 14:06:41 | INFO     | src.core.backtest_broker:_execute_order:201 - ORDER FILLED (NEXT_OPEN): buy 6300 sz.002883 at 32.60673099472513 on 2025-06-16 00:00:00
2026-02-01 14:06:41 | INFO     | src.core.backtest_broker:_execute_order:201 - ORDER FILLED (NEXT_OPEN): buy 30800 sz.002188 at 6.7675213675213675 on 2025-06-16 00:00:00
2026-02-01 14:06:41 | INFO     | src.core.backtest_broker:_execute_order:201 - ORDER FILLED (NEXT_OPEN): buy 10600 sz.002591 at 19.54162910374332 on 2025-06-16 00:00:00
2026-02-01 14:06:41 | INFO     | src.core.backtest_broker:_execute_order:201 - ORDER FILLED (NEXT_OPEN): buy 16500 sz.002494 at 12.642663858105362 on 2025-06-16 00:00:00
2026-02-01 14:06:41 | INFO     | src.core.backtest_broker:_execute_order:201 - ORDER FILLED (NEXT_OPEN): buy 7600 sz.003011 at 27.44507380466319 on 2025-06-16 00:00:00
2026-02-01 14:06:41 | INFO     | src.core.backtest_broker:_execute_order:201 - ORDER FILLED (NEXT_OPEN): buy 5200 sz.002718 at 40.16466699356214 on 2025-06-16 00:00:00
2026-02-01 14:06:41 | INFO     | src.core.backtest_broker:_execute_order:201 - ORDER FILLED (NEXT_OPEN): buy 6300 sz.002830 at 32.80656980371123 on 2025-06-16 00:00:00
2026-02-01 14:06:41 | INFO     | src.core.backtest_broker:_execute_order:201 - ORDER FILLED (NEXT_OPEN): buy 8400 sz.002780 at 24.64680374087922 on 2025-06-16 00:00:00
2026-02-01 14:06:41 | INFO     | src.core.backtest_broker:_execute_order:201 - ORDER FILLED (NEXT_OPEN): buy 10200 sz.002633 at 20.105073280721534 on 2025-06-16 00:00:00
2026-02-01 14:06:41 | INFO     | src.core.backtest_broker:_execute_order:201 - ORDER FILLED (NEXT_OPEN): buy 7900 sz.002800 at 26.344345215818002 on 2025-06-16 00:00:00
2026-02-01 14:06:42 | INFO     | src.strategies.jsg_strategy:on_bar:72 - JSGStrategy: Rebalancing on 2025-06-20
2026-02-01 14:06:43 | INFO     | src.strategies.jsg_strategy:on_bar:76 - Market breadth: ['银行']
2026-02-01 14:06:43 | INFO     | src.strategies.jsg_strategy:adjust:151 - JSG Rebalancing: Target [], Holding ['sz.002883', 'sz.002188', 'sz.002591', 'sz.002494', 'sz.003011', 'sz.002718', 'sz.002830', 'sz.002780', 'sz.002633', 'sz.002800']
2026-02-01 14:06:43 | INFO     | src.core.backtest_broker:_execute_order:201 - ORDER FILLED (NEXT_OPEN): sell 6300 sz.002883 at 31.366295468710945 on 2025-06-23 00:00:00
2026-02-01 14:06:43 | INFO     | src.core.backtest_broker:_execute_order:201 - ORDER FILLED (NEXT_OPEN): sell 30800 sz.002188 at 6.467032967032967 on 2025-06-23 00:00:00
2026-02-01 14:06:43 | INFO     | src.core.backtest_broker:_execute_order:201 - ORDER FILLED (NEXT_OPEN): sell 10600 sz.002591 at 18.71007041847765 on 2025-06-23 00:00:00
2026-02-01 14:06:43 | INFO     | src.core.backtest_broker:_execute_order:201 - ORDER FILLED (NEXT_OPEN): sell 16500 sz.002494 at 11.91327940475313 on 2025-06-23 00:00:00
2026-02-01 14:06:43 | INFO     | src.core.backtest_broker:_execute_order:201 - ORDER FILLED (NEXT_OPEN): sell 7600 sz.003011 at 25.836117955911796 on 2025-06-23 00:00:00
2026-02-01 14:06:43 | INFO     | src.core.backtest_broker:_execute_order:201 - ORDER FILLED (NEXT_OPEN): sell 5200 sz.002718 at 38.89346204494436 on 2025-06-23 00:00:00
2026-02-01 14:06:43 | INFO     | src.core.backtest_broker:_execute_order:201 - ORDER FILLED (NEXT_OPEN): sell 6300 sz.002830 at 30.976543460919174 on 2025-06-23 00:00:00
2026-02-01 14:06:43 | INFO     | src.core.backtest_broker:_execute_order:201 - ORDER FILLED (NEXT_OPEN): sell 8400 sz.002780 at 23.473146419884976 on 2025-06-23 00:00:00
2026-02-01 14:06:43 | INFO     | src.core.backtest_broker:_execute_order:201 - ORDER FILLED (NEXT_OPEN): sell 10200 sz.002633 at 19.343517474633597 on 2025-06-23 00:00:00
2026-02-01 14:06:44 | INFO     | src.core.backtest_broker:_execute_order:201 - ORDER FILLED (NEXT_OPEN): sell 7900 sz.002800 at 31.82188233989897 on 2025-06-23 00:00:00
2026-02-01 14:06:44 | INFO     | src.strategies.jsg_strategy:on_bar:72 - JSGStrategy: Rebalancing on 2025-06-27
2026-02-01 14:06:45 | INFO     | src.strategies.jsg_strategy:on_bar:76 - Market breadth: ['非银金融']
2026-02-01 14:06:46 | INFO     | src.strategies.jsg_strategy:adjust:151 - JSG Rebalancing: Target ['sz.002883', 'sz.002591', 'sz.002188', 'sz.003011', 'sz.002494', 'sz.002830', 'sz.003003', 'sz.002718', 'sz.002760', 'sz.002633'], Holding []
2026-02-01 14:06:46 | INFO     | src.core.backtest_broker:_execute_order:201 - ORDER FILLED (NEXT_OPEN): buy 6000 sz.002883 at 34.033188223538545 on 2025-06-30 00:00:00
2026-02-01 14:06:46 | INFO     | src.core.backtest_broker:_execute_order:201 - ORDER FILLED (NEXT_OPEN): buy 9700 sz.002591 at 21.06615336006372 on 2025-06-30 00:00:00
2026-02-01 14:06:46 | INFO     | src.core.backtest_broker:_execute_order:201 - ORDER FILLED (NEXT_OPEN): buy 28200 sz.002188 at 7.263980463980464 on 2025-06-30 00:00:00
2026-02-01 14:06:46 | INFO     | src.core.backtest_broker:_execute_order:201 - ORDER FILLED (NEXT_OPEN): buy 7200 sz.003011 at 28.311434646298558 on 2025-06-30 00:00:00
2026-02-01 14:06:46 | INFO     | src.core.backtest_broker:_execute_order:201 - ORDER FILLED (NEXT_OPEN): buy 15100 sz.002494 at 13.453091028496733 on 2025-06-30 00:00:00
2026-02-01 14:06:46 | INFO     | src.core.backtest_broker:_execute_order:201 - ORDER FILLED (NEXT_OPEN): buy 6100 sz.002830 at 33.5653612141372 on 2025-06-30 00:00:00
2026-02-01 14:06:46 | INFO     | src.core.backtest_broker:_execute_order:201 - ORDER FILLED (NEXT_OPEN): buy 16900 sz.003003 at 12.174427275333244 on 2025-06-30 00:00:00
2026-02-01 14:06:46 | INFO     | src.core.backtest_broker:_execute_order:201 - ORDER FILLED (NEXT_OPEN): buy 4800 sz.002718 at 42.057950959588645 on 2025-06-30 00:00:00
2026-02-01 14:06:46 | INFO     | src.core.backtest_broker:_execute_order:201 - ORDER FILLED (NEXT_OPEN): buy 10500 sz.002760 at 19.462285630601144 on 2025-06-30 00:00:00
2026-02-01 14:06:46 | INFO     | src.core.backtest_broker:_execute_order:201 - ORDER FILLED (NEXT_OPEN): buy 9800 sz.002633 at 20.92755355129651 on 2025-06-30 00:00:00
2026-02-01 14:06:46 | INFO     | src.strategies.jsg_strategy:on_bar:72 - JSGStrategy: Rebalancing on 2025-07-04
2026-02-01 14:06:48 | INFO     | src.strategies.jsg_strategy:on_bar:76 - Market breadth: ['银行']
2026-02-01 14:06:48 | INFO     | src.strategies.jsg_strategy:adjust:151 - JSG Rebalancing: Target [], Holding ['sz.002883', 'sz.002591', 'sz.002188', 'sz.003011', 'sz.002494', 'sz.002830', 'sz.003003', 'sz.002718', 'sz.002760', 'sz.002633']
2026-02-01 14:06:48 | INFO     | src.core.backtest_broker:_execute_order:201 - ORDER FILLED (NEXT_OPEN): sell 6000 sz.002883 at 33.8210490271318 on 2025-07-07 00:00:00
2026-02-01 14:06:48 | INFO     | src.core.backtest_broker:_execute_order:201 - ORDER FILLED (NEXT_OPEN): sell 9700 sz.002591 at 20.650374017430885 on 2025-07-07 00:00:00
2026-02-01 14:06:48 | INFO     | src.core.backtest_broker:_execute_order:201 - ORDER FILLED (NEXT_OPEN): sell 28200 sz.002188 at 7.211721611721611 on 2025-07-07 00:00:00
2026-02-01 14:06:48 | INFO     | src.core.backtest_broker:_execute_order:201 - ORDER FILLED (NEXT_OPEN): sell 7200 sz.003011 at 28.86838090163558 on 2025-07-07 00:00:00
2026-02-01 14:06:48 | INFO     | src.core.backtest_broker:_execute_order:201 - ORDER FILLED (NEXT_OPEN): sell 15100 sz.002494 at 13.696219179614143 on 2025-07-07 00:00:00
2026-02-01 14:06:48 | INFO     | src.core.backtest_broker:_execute_order:201 - ORDER FILLED (NEXT_OPEN): sell 6100 sz.002830 at 33.476091636440025 on 2025-07-07 00:00:00
2026-02-01 14:06:48 | INFO     | src.core.backtest_broker:_execute_order:201 - ORDER FILLED (NEXT_OPEN): sell 16900 sz.003003 at 13.342414680313356 on 2025-07-07 00:00:00
2026-02-01 14:06:48 | INFO     | src.core.backtest_broker:_execute_order:201 - ORDER FILLED (NEXT_OPEN): sell 4800 sz.002718 at 41.62520033878259 on 2025-07-07 00:00:00
2026-02-01 14:06:48 | INFO     | src.core.backtest_broker:_execute_order:201 - ORDER FILLED (NEXT_OPEN): sell 10500 sz.002760 at 19.564988984852338 on 2025-07-07 00:00:00
2026-02-01 14:06:48 | INFO     | src.core.backtest_broker:_execute_order:201 - ORDER FILLED (NEXT_OPEN): sell 9800 sz.002633 at 21.506335963923338 on 2025-07-07 00:00:00
2026-02-01 14:06:49 | INFO     | src.strategies.jsg_strategy:on_bar:72 - JSGStrategy: Rebalancing on 2025-07-11
2026-02-01 14:06:50 | INFO     | src.strategies.jsg_strategy:on_bar:76 - Market breadth: ['房地产']
2026-02-01 14:06:50 | INFO     | src.strategies.jsg_strategy:adjust:151 - JSG Rebalancing: Target ['sz.002883', 'sz.002591', 'sz.002188', 'sz.003011', 'sz.002494', 'sz.002800', 'sz.002760', 'sz.002144', 'sz.002828', 'sz.002780'], Holding []
2026-02-01 14:06:51 | INFO     | src.core.backtest_broker:_execute_order:201 - ORDER FILLED (NEXT_OPEN): buy 5900 sz.002883 at 34.51807781532538 on 2025-07-14 00:00:00
2026-02-01 14:06:51 | INFO     | src.core.backtest_broker:_execute_order:201 - ORDER FILLED (NEXT_OPEN): buy 9700 sz.002591 at 20.96220852440551 on 2025-07-14 00:00:00
2026-02-01 14:06:51 | INFO     | src.core.backtest_broker:_execute_order:201 - ORDER FILLED (NEXT_OPEN): buy 27300 sz.002188 at 7.499145299145299 on 2025-07-14 00:00:00
2026-02-01 14:06:51 | INFO     | src.core.backtest_broker:_execute_order:201 - ORDER FILLED (NEXT_OPEN): buy 7000 sz.003011 at 29.317032051768177 on 2025-07-14 00:00:00
2026-02-01 14:06:51 | INFO     | src.core.backtest_broker:_execute_order:201 - ORDER FILLED (NEXT_OPEN): buy 14700 sz.002494 at 14.047404286783735 on 2025-07-14 00:00:00
2026-02-01 14:06:51 | INFO     | src.core.backtest_broker:_execute_order:201 - ORDER FILLED (NEXT_OPEN): buy 7500 sz.002800 at 27.284411736629174 on 2025-07-14 00:00:00
2026-02-01 14:06:51 | INFO     | src.core.backtest_broker:_execute_order:201 - ORDER FILLED (NEXT_OPEN): buy 10400 sz.002760 at 19.790936364204963 on 2025-07-14 00:00:00
2026-02-01 14:06:51 | INFO     | src.core.backtest_broker:_execute_order:201 - ORDER FILLED (NEXT_OPEN): buy 15000 sz.002144 at 13.745655787325985 on 2025-07-14 00:00:00
2026-02-01 14:06:51 | INFO     | src.core.backtest_broker:_execute_order:201 - ORDER FILLED (NEXT_OPEN): buy 11000 sz.002828 at 18.586566277987973 on 2025-07-14 00:00:00
2026-02-01 14:06:51 | INFO     | src.core.backtest_broker:_execute_order:201 - ORDER FILLED (NEXT_OPEN): buy 7900 sz.002780 at 26.113875392122033 on 2025-07-14 00:00:00
2026-02-01 14:06:51 | INFO     | src.strategies.jsg_strategy:on_bar:72 - JSGStrategy: Rebalancing on 2025-07-18
2026-02-01 14:06:53 | INFO     | src.strategies.jsg_strategy:on_bar:76 - Market breadth: ['医药生物']
2026-02-01 14:06:53 | INFO     | src.strategies.jsg_strategy:adjust:151 - JSG Rebalancing: Target ['sz.002883', 'sz.002591', 'sz.002188', 'sz.002494', 'sz.003011', 'sz.002830', 'sz.002828', 'sz.002800', 'sz.003023', 'sz.002780'], Holding ['sz.002883', 'sz.002591', 'sz.002188', 'sz.003011', 'sz.002494', 'sz.002800', 'sz.002760', 'sz.002144', 'sz.002828', 'sz.002780']
2026-02-01 14:06:53 | INFO     | src.core.backtest_broker:_execute_order:201 - ORDER FILLED (NEXT_OPEN): sell 10400 sz.002760 at 19.944991395581752 on 2025-07-21 00:00:00
2026-02-01 14:06:53 | INFO     | src.core.backtest_broker:_execute_order:201 - ORDER FILLED (NEXT_OPEN): sell 15000 sz.002144 at 13.920240746521488 on 2025-07-21 00:00:00
2026-02-01 14:06:53 | INFO     | src.core.backtest_broker:_execute_order:201 - ORDER FILLED (NEXT_OPEN): buy 100 sz.002591 at 20.96220852440551 on 2025-07-21 00:00:00
2026-02-01 14:06:53 | INFO     | src.core.backtest_broker:_execute_order:201 - ORDER FILLED (NEXT_OPEN): buy 200 sz.002188 at 7.577533577533577 on 2025-07-21 00:00:00
2026-02-01 14:06:53 | INFO     | src.core.backtest_broker:_execute_order:201 - ORDER FILLED (NEXT_OPEN): buy 200 sz.002494 at 13.858304613692415 on 2025-07-21 00:00:00
2026-02-01 14:06:53 | INFO     | src.core.backtest_broker:_execute_order:201 - ORDER FILLED (NEXT_OPEN): buy 6000 sz.002830 at 34.257200441290294 on 2025-07-21 00:00:00
2026-02-01 14:06:53 | INFO     | src.core.backtest_broker:_execute_order:201 - ORDER FILLED (NEXT_OPEN): buy 200 sz.002828 at 18.26518472851268 on 2025-07-21 00:00:00
2026-02-01 14:06:53 | INFO     | src.core.backtest_broker:_execute_order:201 - ORDER FILLED (NEXT_OPEN): buy 7200 sz.003023 at 29.100094580314572 on 2025-07-21 00:00:00
2026-02-01 14:06:53 | INFO     | src.core.backtest_broker:_execute_order:201 - ORDER FILLED (NEXT_OPEN): sell 100 sz.002780 at 26.15299730282184 on 2025-07-21 00:00:00
2026-02-01 14:06:54 | INFO     | src.strategies.jsg_strategy:on_bar:72 - JSGStrategy: Rebalancing on 2025-07-25
2026-02-01 14:06:56 | INFO     | src.strategies.jsg_strategy:on_bar:76 - Market breadth: ['煤炭']
2026-02-01 14:06:56 | INFO     | src.strategies.jsg_strategy:adjust:151 - JSG Rebalancing: Target [], Holding ['sz.002883', 'sz.002591', 'sz.002188', 'sz.003011', 'sz.002494', 'sz.002800', 'sz.002828', 'sz.002780', 'sz.002830', 'sz.003023']
2026-02-01 14:06:56 | INFO     | src.core.backtest_broker:_execute_order:201 - ORDER FILLED (NEXT_OPEN): sell 5900 sz.002883 at 41.2762265008544 on 2025-07-28 00:00:00
2026-02-01 14:06:56 | INFO     | src.core.backtest_broker:_execute_order:201 - ORDER FILLED (NEXT_OPEN): sell 9800 sz.002591 at 22.10560171664581 on 2025-07-28 00:00:00
2026-02-01 14:06:56 | INFO     | src.core.backtest_broker:_execute_order:201 - ORDER FILLED (NEXT_OPEN): sell 27500 sz.002188 at 7.577533577533577 on 2025-07-28 00:00:00
2026-02-01 14:06:56 | INFO     | src.core.backtest_broker:_execute_order:201 - ORDER FILLED (NEXT_OPEN): sell 7000 sz.003011 at 30.786751336685313 on 2025-07-28 00:00:00
2026-02-01 14:06:56 | INFO     | src.core.backtest_broker:_execute_order:201 - ORDER FILLED (NEXT_OPEN): sell 14900 sz.002494 at 13.993375808757643 on 2025-07-28 00:00:00
2026-02-01 14:06:56 | INFO     | src.core.backtest_broker:_execute_order:201 - ORDER FILLED (NEXT_OPEN): sell 7500 sz.002800 at 28.329945568836038 on 2025-07-28 00:00:00
2026-02-01 14:06:56 | INFO     | src.core.backtest_broker:_execute_order:201 - ORDER FILLED (NEXT_OPEN): sell 11200 sz.002828 at 18.318748320091892 on 2025-07-28 00:00:00
2026-02-01 14:06:56 | INFO     | src.core.backtest_broker:_execute_order:201 - ORDER FILLED (NEXT_OPEN): sell 7800 sz.002780 at 28.030849016412642 on 2025-07-28 00:00:00
2026-02-01 14:06:56 | INFO     | src.core.backtest_broker:_execute_order:201 - ORDER FILLED (NEXT_OPEN): sell 6000 sz.002830 at 35.41770495135355 on 2025-07-28 00:00:00
2026-02-01 14:06:56 | INFO     | src.core.backtest_broker:_execute_order:201 - ORDER FILLED (NEXT_OPEN): sell 7200 sz.003023 at 39.099685904236395 on 2025-07-28 00:00:00
2026-02-01 14:06:56 | INFO     | src.strategies.jsg_strategy:on_bar:72 - JSGStrategy: Rebalancing on 2025-08-01
2026-02-01 14:06:58 | INFO     | src.strategies.jsg_strategy:on_bar:76 - Market breadth: ['医药生物']
2026-02-01 14:06:58 | INFO     | src.strategies.jsg_strategy:adjust:151 - JSG Rebalancing: Target ['sz.002188', 'sz.002591', 'sz.002494', 'sz.002883', 'sz.002828', 'sz.002800', 'sz.002830', 'sz.002144', 'sz.002360', 'sz.002780'], Holding []
2026-02-01 14:06:58 | INFO     | src.core.backtest_broker:_execute_order:201 - ORDER FILLED (NEXT_OPEN): buy 29500 sz.002188 at 7.525274725274725 on 2025-08-04 00:00:00
2026-02-01 14:06:58 | INFO     | src.core.backtest_broker:_execute_order:201 - ORDER FILLED (NEXT_OPEN): buy 10100 sz.002591 at 21.897712045329396 on 2025-08-04 00:00:00
2026-02-01 14:06:58 | INFO     | src.core.backtest_broker:_execute_order:201 - ORDER FILLED (NEXT_OPEN): buy 15900 sz.002494 at 13.966361569744597 on 2025-08-04 00:00:00
2026-02-01 14:06:58 | INFO     | src.core.backtest_broker:_execute_order:201 - ORDER FILLED (NEXT_OPEN): buy 5700 sz.002883 at 37.57894336347978 on 2025-08-04 00:00:00
2026-02-01 14:06:58 | INFO     | src.core.backtest_broker:_execute_order:201 - ORDER FILLED (NEXT_OPEN): buy 12300 sz.002828 at 17.818821465352546 on 2025-08-04 00:00:00
2026-02-01 14:06:58 | INFO     | src.core.backtest_broker:_execute_order:201 - ORDER FILLED (NEXT_OPEN): buy 7900 sz.002800 at 27.766965813032343 on 2025-08-04 00:00:00
2026-02-01 14:06:58 | INFO     | src.core.backtest_broker:_execute_order:201 - ORDER FILLED (NEXT_OPEN): buy 6200 sz.002830 at 35.797100656566535 on 2025-08-04 00:00:00
2026-02-01 14:06:58 | INFO     | src.core.backtest_broker:_execute_order:201 - ORDER FILLED (NEXT_OPEN): buy 15700 sz.002144 at 14.164659689395192 on 2025-08-04 00:00:00
2026-02-01 14:06:58 | INFO     | src.core.backtest_broker:_execute_order:201 - ORDER FILLED (NEXT_OPEN): buy 5700 sz.002360 at 37.95171863619426 on 2025-08-04 00:00:00
2026-02-01 14:06:58 | INFO     | src.core.backtest_broker:_execute_order:201 - ORDER FILLED (NEXT_OPEN): buy 8200 sz.002780 at 26.876752650768296 on 2025-08-04 00:00:00
2026-02-01 14:06:59 | INFO     | src.strategies.jsg_strategy:on_bar:72 - JSGStrategy: Rebalancing on 2025-08-08
2026-02-01 14:07:00 | INFO     | src.strategies.jsg_strategy:on_bar:76 - Market breadth: ['国防军工']
2026-02-01 14:07:01 | INFO     | src.strategies.jsg_strategy:adjust:151 - JSG Rebalancing: Target ['sz.002188', 'sz.002591', 'sz.002883', 'sz.002494', 'sz.002828', 'sz.002360', 'sz.002780', 'sz.003003', 'sz.003011', 'sz.002144'], Holding ['sz.002188', 'sz.002591', 'sz.002494', 'sz.002883', 'sz.002828', 'sz.002800', 'sz.002830', 'sz.002144', 'sz.002360', 'sz.002780']
2026-02-01 14:07:01 | INFO     | src.core.backtest_broker:_execute_order:201 - ORDER FILLED (NEXT_OPEN): sell 7900 sz.002800 at 34.16080732537433 on 2025-08-11 00:00:00
2026-02-01 14:07:01 | INFO     | src.core.backtest_broker:_execute_order:201 - ORDER FILLED (NEXT_OPEN): sell 6200 sz.002830 at 41.04168834627547 on 2025-08-11 00:00:00
2026-02-01 14:07:01 | INFO     | src.core.backtest_broker:_execute_order:201 - ORDER FILLED (NEXT_OPEN): buy 400 sz.002188 at 7.8649572649572645 on 2025-08-11 00:00:00
2026-02-01 14:07:01 | INFO     | src.core.backtest_broker:_execute_order:201 - ORDER FILLED (NEXT_OPEN): buy 200 sz.002591 at 22.625325894936857 on 2025-08-11 00:00:00
2026-02-01 14:07:01 | INFO     | src.core.backtest_broker:_execute_order:201 - ORDER FILLED (NEXT_OPEN): buy 400 sz.002883 at 38.27597215167336 on 2025-08-11 00:00:00
2026-02-01 14:07:01 | INFO     | src.core.backtest_broker:_execute_order:201 - ORDER FILLED (NEXT_OPEN): buy 200 sz.002494 at 14.479632110992465 on 2025-08-11 00:00:00
2026-02-01 14:07:01 | INFO     | src.core.backtest_broker:_execute_order:201 - ORDER FILLED (NEXT_OPEN): buy 200 sz.002360 at 39.17596762445859 on 2025-08-11 00:00:00
2026-02-01 14:07:01 | INFO     | src.core.backtest_broker:_execute_order:201 - ORDER FILLED (NEXT_OPEN): buy 200 sz.002780 at 27.620068954064653 on 2025-08-11 00:00:00
2026-02-01 14:07:01 | INFO     | src.core.backtest_broker:_execute_order:201 - ORDER FILLED (NEXT_OPEN): buy 17500 sz.003003 at 13.300325044097857 on 2025-08-11 00:00:00
2026-02-01 14:07:01 | INFO     | src.core.backtest_broker:_execute_order:201 - ORDER FILLED (NEXT_OPEN): buy 6900 sz.003011 at 33.72618990651959 on 2025-08-11 00:00:00
2026-02-01 14:07:01 | INFO     | src.core.backtest_broker:_execute_order:201 - ORDER FILLED (NEXT_OPEN): buy 100 sz.002144 at 14.769887547939605 on 2025-08-11 00:00:00
2026-02-01 14:07:01 | INFO     | src.strategies.jsg_strategy:on_bar:72 - JSGStrategy: Rebalancing on 2025-08-15
2026-02-01 14:07:03 | INFO     | src.strategies.jsg_strategy:on_bar:76 - Market breadth: ['电子']
2026-02-01 14:07:03 | INFO     | src.strategies.jsg_strategy:adjust:151 - JSG Rebalancing: Target ['sz.002188', 'sz.002591', 'sz.002494', 'sz.002883', 'sz.002780', 'sz.002360', 'sz.002828', 'sz.003011', 'sz.002144', 'sz.003003'], Holding ['sz.002188', 'sz.002591', 'sz.002494', 'sz.002883', 'sz.002828', 'sz.002144', 'sz.002360', 'sz.002780', 'sz.003003', 'sz.003011']
2026-02-01 14:07:03 | INFO     | src.core.backtest_broker:_execute_order:201 - ORDER FILLED (NEXT_OPEN): buy 1000 sz.002188 at 7.512210012210012 on 2025-08-18 00:00:00
2026-02-01 14:07:03 | INFO     | src.core.backtest_broker:_execute_order:201 - ORDER FILLED (NEXT_OPEN): buy 200 sz.002591 at 21.967008602434866 on 2025-08-18 00:00:00
2026-02-01 14:07:03 | INFO     | src.core.backtest_broker:_execute_order:201 - ORDER FILLED (NEXT_OPEN): buy 500 sz.002494 at 13.939347330731552 on 2025-08-18 00:00:00
2026-02-01 14:07:03 | INFO     | src.core.backtest_broker:_execute_order:201 - ORDER FILLED (NEXT_OPEN): buy 200 sz.002780 at 26.60289927586964 on 2025-08-18 00:00:00
2026-02-01 14:07:03 | INFO     | src.core.backtest_broker:_execute_order:201 - ORDER FILLED (NEXT_OPEN): sell 300 sz.002828 at 18.961511419042484 on 2025-08-18 00:00:00
2026-02-01 14:07:03 | INFO     | src.core.backtest_broker:_execute_order:201 - ORDER FILLED (NEXT_OPEN): buy 100 sz.003011 at 32.79794614762456 on 2025-08-18 00:00:00
2026-02-01 14:07:03 | INFO     | src.core.backtest_broker:_execute_order:201 - ORDER FILLED (NEXT_OPEN): buy 200 sz.002144 at 14.327605651310996 on 2025-08-18 00:00:00
2026-02-01 14:07:04 | INFO     | src.strategies.jsg_strategy:on_bar:72 - JSGStrategy: Rebalancing on 2025-08-22
2026-02-01 14:07:06 | INFO     | src.strategies.jsg_strategy:on_bar:76 - Market breadth: ['综合']
2026-02-01 14:07:06 | INFO     | src.strategies.jsg_strategy:adjust:151 - JSG Rebalancing: Target ['sz.002188', 'sz.002591', 'sz.002883', 'sz.002494', 'sz.002828', 'sz.003011', 'sz.002360', 'sz.002144', 'sz.003003', 'sz.002780'], Holding ['sz.002188', 'sz.002591', 'sz.002494', 'sz.002883', 'sz.002828', 'sz.002144', 'sz.002360', 'sz.002780', 'sz.003003', 'sz.003011']
2026-02-01 14:07:06 | INFO     | src.core.backtest_broker:_execute_order:201 - ORDER FILLED (NEXT_OPEN): sell 600 sz.002188 at 7.773504273504273 on 2025-08-25 00:00:00
2026-02-01 14:07:06 | INFO     | src.core.backtest_broker:_execute_order:201 - ORDER FILLED (NEXT_OPEN): sell 100 sz.002591 at 22.625325894936857 on 2025-08-25 00:00:00
2026-02-01 14:07:06 | INFO     | src.core.backtest_broker:_execute_order:201 - ORDER FILLED (NEXT_OPEN): buy 100 sz.002883 at 37.881999358346555 on 2025-08-25 00:00:00
2026-02-01 14:07:06 | INFO     | src.core.backtest_broker:_execute_order:201 - ORDER FILLED (NEXT_OPEN): sell 100 sz.002494 at 14.182475481848963 on 2025-08-25 00:00:00
2026-02-01 14:07:06 | INFO     | src.core.backtest_broker:_execute_order:201 - ORDER FILLED (NEXT_OPEN): buy 100 sz.002828 at 19.247183907464972 on 2025-08-25 00:00:00
2026-02-01 14:07:06 | INFO     | src.core.backtest_broker:_execute_order:201 - ORDER FILLED (NEXT_OPEN): buy 100 sz.003011 at 33.03000708734832 on 2025-08-25 00:00:00
2026-02-01 14:07:06 | INFO     | src.core.backtest_broker:_execute_order:201 - ORDER FILLED (NEXT_OPEN): buy 100 sz.003003 at 13.352937089367229 on 2025-08-25 00:00:00
2026-02-01 14:07:06 | INFO     | src.core.backtest_broker:_execute_order:201 - ORDER FILLED (NEXT_OPEN): sell 200 sz.002780 at 27.913483284313216 on 2025-08-25 00:00:00
2026-02-01 14:07:07 | INFO     | src.strategies.jsg_strategy:on_bar:72 - JSGStrategy: Rebalancing on 2025-08-29
2026-02-01 14:07:08 | INFO     | src.strategies.jsg_strategy:on_bar:76 - Market breadth: ['电子']
2026-02-01 14:07:09 | INFO     | src.strategies.jsg_strategy:adjust:151 - JSG Rebalancing: Target ['sz.002188', 'sz.002828', 'sz.002836', 'sz.003011', 'sz.002780', 'sz.002144', 'sz.003003', 'sz.002748', 'sz.002486', 'sz.002696'], Holding ['sz.002188', 'sz.002591', 'sz.002494', 'sz.002883', 'sz.002828', 'sz.002144', 'sz.002360', 'sz.002780', 'sz.003003', 'sz.003011']
2026-02-01 14:07:09 | INFO     | src.core.backtest_broker:_execute_order:201 - ORDER FILLED (NEXT_OPEN): sell 10400 sz.002591 at 20.13064983913984 on 2025-09-01 00:00:00
2026-02-01 14:07:09 | INFO     | src.core.backtest_broker:_execute_order:201 - ORDER FILLED (NEXT_OPEN): sell 16500 sz.002494 at 12.91280624823582 on 2025-09-01 00:00:00
2026-02-01 14:07:09 | INFO     | src.core.backtest_broker:_execute_order:201 - ORDER FILLED (NEXT_OPEN): sell 6200 sz.002883 at 35.03327300659889 on 2025-09-01 00:00:00
2026-02-01 14:07:09 | INFO     | src.core.backtest_broker:_execute_order:201 - ORDER FILLED (NEXT_OPEN): sell 5900 sz.002360 at 36.87149894066691 on 2025-09-01 00:00:00
2026-02-01 14:07:09 | INFO     | src.core.backtest_broker:_execute_order:201 - ORDER FILLED (NEXT_OPEN): buy 1500 sz.002188 at 6.98962148962149 on 2025-09-01 00:00:00
2026-02-01 14:07:09 | INFO     | src.core.backtest_broker:_execute_order:201 - ORDER FILLED (NEXT_OPEN): buy 100 sz.002828 at 18.22947566745987 on 2025-09-01 00:00:00
2026-02-01 14:07:09 | INFO     | src.core.backtest_broker:_execute_order:201 - ORDER FILLED (NEXT_OPEN): buy 6900 sz.002836 at 31.879082398773825 on 2025-09-01 00:00:00
2026-02-01 14:07:09 | INFO     | src.core.backtest_broker:_execute_order:201 - ORDER FILLED (NEXT_OPEN): sell 300 sz.003011 at 32.31835353886213 on 2025-09-01 00:00:00
2026-02-01 14:07:09 | INFO     | src.core.backtest_broker:_execute_order:201 - ORDER FILLED (NEXT_OPEN): sell 100 sz.002780 at 26.876752650768296 on 2025-09-01 00:00:00
2026-02-01 14:07:09 | INFO     | src.core.backtest_broker:_execute_order:201 - ORDER FILLED (NEXT_OPEN): sell 500 sz.002144 at 14.292688659471894 on 2025-09-01 00:00:00
2026-02-01 14:07:09 | INFO     | src.core.backtest_broker:_execute_order:201 - ORDER FILLED (NEXT_OPEN): sell 600 sz.003003 at 12.974130363427735 on 2025-09-01 00:00:00
2026-02-01 14:07:09 | INFO     | src.core.backtest_broker:_execute_order:201 - ORDER FILLED (NEXT_OPEN): buy 11200 sz.002748 at 19.819509206128767 on 2025-09-01 00:00:00
2026-02-01 14:07:09 | INFO     | src.core.backtest_broker:_execute_order:201 - ORDER FILLED (NEXT_OPEN): buy 19800 sz.002486 at 11.373984358942185 on 2025-09-01 00:00:00
2026-02-01 14:07:09 | INFO     | src.core.backtest_broker:_execute_order:201 - ORDER FILLED (NEXT_OPEN): buy 9600 sz.002696 at 23.060982578725337 on 2025-09-01 00:00:00
2026-02-01 14:07:09 | INFO     | src.strategies.jsg_strategy:on_bar:72 - JSGStrategy: Rebalancing on 2025-09-05
2026-02-01 14:07:11 | INFO     | src.strategies.jsg_strategy:on_bar:76 - Market breadth: ['有色金属']
2026-02-01 14:07:11 | INFO     | src.strategies.jsg_strategy:adjust:151 - JSG Rebalancing: Target ['sz.002188', 'sz.003011', 'sz.002828', 'sz.002836', 'sz.002696', 'sz.003003', 'sz.002760', 'sz.002780', 'sz.002748', 'sz.002316'], Holding ['sz.002188', 'sz.002828', 'sz.002144', 'sz.002780', 'sz.003003', 'sz.003011', 'sz.002836', 'sz.002748', 'sz.002486', 'sz.002696']
2026-02-01 14:07:12 | INFO     | src.core.backtest_broker:_execute_order:201 - ORDER FILLED (NEXT_OPEN): sell 15500 sz.002144 at 15.421671395602818 on 2025-09-08 00:00:00
2026-02-01 14:07:12 | INFO     | src.core.backtest_broker:_execute_order:201 - ORDER FILLED (NEXT_OPEN): sell 19800 sz.002486 at 11.79368857882935 on 2025-09-08 00:00:00
2026-02-01 14:07:12 | INFO     | src.core.backtest_broker:_execute_order:201 - ORDER FILLED (NEXT_OPEN): sell 300 sz.002188 at 7.211721611721611 on 2025-09-08 00:00:00
2026-02-01 14:07:12 | INFO     | src.core.backtest_broker:_execute_order:201 - ORDER FILLED (NEXT_OPEN): buy 300 sz.003011 at 31.823290200784772 on 2025-09-08 00:00:00
2026-02-01 14:07:12 | INFO     | src.core.backtest_broker:_execute_order:201 - ORDER FILLED (NEXT_OPEN): sell 300 sz.002828 at 18.87223876641046 on 2025-09-08 00:00:00
2026-02-01 14:07:12 | INFO     | src.core.backtest_broker:_execute_order:201 - ORDER FILLED (NEXT_OPEN): buy 300 sz.002696 at 23.060982578725337 on 2025-09-08 00:00:00
2026-02-01 14:07:12 | INFO     | src.core.backtest_broker:_execute_order:201 - ORDER FILLED (NEXT_OPEN): buy 300 sz.003003 at 13.058309635858734 on 2025-09-08 00:00:00
2026-02-01 14:07:12 | INFO     | src.core.backtest_broker:_execute_order:201 - ORDER FILLED (NEXT_OPEN): buy 10800 sz.002760 at 21.136350304895593 on 2025-09-08 00:00:00
2026-02-01 14:07:12 | INFO     | src.core.backtest_broker:_execute_order:201 - ORDER FILLED (NEXT_OPEN): sell 100 sz.002780 at 27.65919086476446 on 2025-09-08 00:00:00
2026-02-01 14:07:12 | INFO     | src.core.backtest_broker:_execute_order:201 - ORDER FILLED (NEXT_OPEN): buy 11900 sz.002316 at 18.950601590538792 on 2025-09-08 00:00:00
2026-02-01 14:07:12 | INFO     | src.strategies.jsg_strategy:on_bar:72 - JSGStrategy: Rebalancing on 2025-09-12
2026-02-01 14:07:14 | INFO     | src.strategies.jsg_strategy:on_bar:76 - Market breadth: ['房地产']
2026-02-01 14:07:14 | INFO     | src.strategies.jsg_strategy:adjust:151 - JSG Rebalancing: Target ['sz.002188', 'sz.003011', 'sz.002828', 'sz.002836', 'sz.002316', 'sz.002780', 'sz.002760', 'sz.003003', 'sz.002696', 'sz.003008'], Holding ['sz.002188', 'sz.002828', 'sz.002780', 'sz.003003', 'sz.003011', 'sz.002836', 'sz.002748', 'sz.002696', 'sz.002760', 'sz.002316']
2026-02-01 14:07:14 | INFO     | src.core.backtest_broker:_execute_order:201 - ORDER FILLED (NEXT_OPEN): sell 11200 sz.002748 at 21.916011270463002 on 2025-09-15 00:00:00
2026-02-01 14:07:14 | INFO     | src.core.backtest_broker:_execute_order:201 - ORDER FILLED (NEXT_OPEN): sell 1200 sz.002188 at 7.682051282051282 on 2025-09-15 00:00:00
2026-02-01 14:07:14 | INFO     | src.core.backtest_broker:_execute_order:201 - ORDER FILLED (NEXT_OPEN): buy 100 sz.003011 at 31.869702388729525 on 2025-09-15 00:00:00
2026-02-01 14:07:14 | INFO     | src.core.backtest_broker:_execute_order:201 - ORDER FILLED (NEXT_OPEN): buy 300 sz.002828 at 19.050784071674514 on 2025-09-15 00:00:00
2026-02-01 14:07:14 | INFO     | src.core.backtest_broker:_execute_order:201 - ORDER FILLED (NEXT_OPEN): buy 100 sz.002836 at 32.81162327067728 on 2025-09-15 00:00:00
2026-02-01 14:07:14 | INFO     | src.core.backtest_broker:_execute_order:201 - ORDER FILLED (NEXT_OPEN): buy 400 sz.002316 at 18.81714664976035 on 2025-09-15 00:00:00
2026-02-01 14:07:14 | INFO     | src.core.backtest_broker:_execute_order:201 - ORDER FILLED (NEXT_OPEN): buy 100 sz.002780 at 27.580947043364844 on 2025-09-15 00:00:00
2026-02-01 14:07:14 | INFO     | src.core.backtest_broker:_execute_order:201 - ORDER FILLED (NEXT_OPEN): sell 200 sz.002696 at 23.71467972268921 on 2025-09-15 00:00:00
2026-02-01 14:07:14 | INFO     | src.core.backtest_broker:_execute_order:201 - ORDER FILLED (NEXT_OPEN): buy 7000 sz.003008 at 32.86722361417735 on 2025-09-15 00:00:00
2026-02-01 14:07:15 | INFO     | src.strategies.jsg_strategy:on_bar:72 - JSGStrategy: Rebalancing on 2025-09-19
2026-02-01 14:07:17 | INFO     | src.strategies.jsg_strategy:on_bar:76 - Market breadth: ['煤炭']
2026-02-01 14:07:17 | INFO     | src.strategies.jsg_strategy:adjust:151 - JSG Rebalancing: Target [], Holding ['sz.002188', 'sz.002828', 'sz.002780', 'sz.003003', 'sz.003011', 'sz.002836', 'sz.002696', 'sz.002760', 'sz.002316', 'sz.003008']
2026-02-01 14:07:17 | INFO     | src.core.backtest_broker:_execute_order:201 - ORDER FILLED (NEXT_OPEN): sell 30300 sz.002188 at 7.342368742368743 on 2025-09-22 00:00:00
2026-02-01 14:07:17 | INFO     | src.core.backtest_broker:_execute_order:201 - ORDER FILLED (NEXT_OPEN): sell 12200 sz.002828 at 18.372311911671108 on 2025-09-22 00:00:00
2026-02-01 14:07:17 | INFO     | src.core.backtest_broker:_execute_order:201 - ORDER FILLED (NEXT_OPEN): sell 8300 sz.002780 at 27.3657765345159 on 2025-09-22 00:00:00
2026-02-01 14:07:17 | INFO     | src.core.backtest_broker:_execute_order:201 - ORDER FILLED (NEXT_OPEN): sell 17300 sz.003003 at 12.87942868194286 on 2025-09-22 00:00:00
2026-02-01 14:07:17 | INFO     | src.core.backtest_broker:_execute_order:201 - ORDER FILLED (NEXT_OPEN): sell 7200 sz.003011 at 32.98359489940356 on 2025-09-22 00:00:00
2026-02-01 14:07:17 | INFO     | src.core.backtest_broker:_execute_order:201 - ORDER FILLED (NEXT_OPEN): sell 7000 sz.002836 at 31.879082398773825 on 2025-09-22 00:00:00
2026-02-01 14:07:17 | INFO     | src.core.backtest_broker:_execute_order:201 - ORDER FILLED (NEXT_OPEN): sell 9700 sz.002696 at 22.62518448274943 on 2025-09-22 00:00:00
2026-02-01 14:07:17 | INFO     | src.core.backtest_broker:_execute_order:201 - ORDER FILLED (NEXT_OPEN): sell 10800 sz.002760 at 20.930943596393206 on 2025-09-22 00:00:00
2026-02-01 14:07:17 | INFO     | src.core.backtest_broker:_execute_order:201 - ORDER FILLED (NEXT_OPEN): sell 12300 sz.002316 at 17.816234593922033 on 2025-09-22 00:00:00
2026-02-01 14:07:17 | INFO     | src.core.backtest_broker:_execute_order:201 - ORDER FILLED (NEXT_OPEN): sell 7000 sz.003008 at 32.40388394521896 on 2025-09-22 00:00:00
2026-02-01 14:07:17 | INFO     | src.strategies.jsg_strategy:on_bar:72 - JSGStrategy: Rebalancing on 2025-09-26
2026-02-01 14:07:19 | INFO     | src.strategies.jsg_strategy:on_bar:76 - Market breadth: ['电子']
2026-02-01 14:07:19 | INFO     | src.strategies.jsg_strategy:adjust:151 - JSG Rebalancing: Target ['sz.002188', 'sz.002828', 'sz.002316', 'sz.003011', 'sz.002780', 'sz.003003', 'sz.002836', 'sz.002696', 'sz.002760', 'sz.002748'], Holding []
2026-02-01 14:07:19 | INFO     | src.core.backtest_broker:_execute_order:201 - ORDER FILLED (NEXT_OPEN): buy 31200 sz.002188 at 7.263980463980464 on 2025-09-29 00:00:00
2026-02-01 14:07:19 | INFO     | src.core.backtest_broker:_execute_order:201 - ORDER FILLED (NEXT_OPEN): buy 12500 sz.002828 at 17.94380317903738 on 2025-09-29 00:00:00
2026-02-01 14:07:19 | INFO     | src.core.backtest_broker:_execute_order:201 - ORDER FILLED (NEXT_OPEN): buy 12800 sz.002316 at 17.616052182754373 on 2025-09-29 00:00:00
2026-02-01 14:07:19 | INFO     | src.core.backtest_broker:_execute_order:201 - ORDER FILLED (NEXT_OPEN): buy 7000 sz.003011 at 31.900517941118746 on 2025-09-29 00:00:00
2026-02-01 14:07:19 | INFO     | src.core.backtest_broker:_execute_order:201 - ORDER FILLED (NEXT_OPEN): buy 8700 sz.002780 at 25.957387749322802 on 2025-09-29 00:00:00
2026-02-01 14:07:19 | INFO     | src.core.backtest_broker:_execute_order:201 - ORDER FILLED (NEXT_OPEN): buy 17900 sz.003003 at 12.679502909919238 on 2025-09-29 00:00:00
2026-02-01 14:07:19 | INFO     | src.core.backtest_broker:_execute_order:201 - ORDER FILLED (NEXT_OPEN): buy 7000 sz.002836 at 31.879082398773825 on 2025-09-29 00:00:00
2026-02-01 14:07:19 | INFO     | src.core.backtest_broker:_execute_order:201 - ORDER FILLED (NEXT_OPEN): buy 10000 sz.002696 at 22.47991845075746 on 2025-09-29 00:00:00
2026-02-01 14:07:19 | INFO     | src.core.backtest_broker:_execute_order:201 - ORDER FILLED (NEXT_OPEN): buy 11000 sz.002760 at 20.489319173113078 on 2025-09-29 00:00:00
2026-02-01 14:07:19 | INFO     | src.core.backtest_broker:_execute_order:201 - ORDER FILLED (NEXT_OPEN): buy 11300 sz.002748 at 19.992416592877984 on 2025-09-29 00:00:00
2026-02-01 14:07:19 | INFO     | src.strategies.jsg_strategy:on_bar:72 - JSGStrategy: Rebalancing on 2025-09-30
2026-02-01 14:07:21 | INFO     | src.strategies.jsg_strategy:on_bar:76 - Market breadth: ['有色金属']
2026-02-01 14:07:21 | INFO     | src.strategies.jsg_strategy:adjust:151 - JSG Rebalancing: Target ['sz.002188', 'sz.002316', 'sz.002828', 'sz.002780', 'sz.003011', 'sz.003003', 'sz.002696', 'sz.002743', 'sz.002760', 'sz.002144'], Holding ['sz.002188', 'sz.002828', 'sz.002316', 'sz.003011', 'sz.002780', 'sz.003003', 'sz.002836', 'sz.002696', 'sz.002760', 'sz.002748']
2026-02-01 14:07:21 | INFO     | src.core.backtest_broker:_execute_order:201 - ORDER FILLED (NEXT_OPEN): sell 7000 sz.002836 at 33.7096255917695 on 2025-10-09 00:00:00
2026-02-01 14:07:21 | INFO     | src.core.backtest_broker:_execute_order:201 - ORDER FILLED (NEXT_OPEN): sell 11300 sz.002748 at 21.310835416840746 on 2025-10-09 00:00:00
2026-02-01 14:07:21 | INFO     | src.core.backtest_broker:_execute_order:201 - ORDER FILLED (NEXT_OPEN): sell 400 sz.002188 at 7.512210012210012 on 2025-10-09 00:00:00
2026-02-01 14:07:21 | INFO     | src.core.backtest_broker:_execute_order:201 - ORDER FILLED (NEXT_OPEN): buy 300 sz.002316 at 17.582688447559757 on 2025-10-09 00:00:00
2026-02-01 14:07:21 | INFO     | src.core.backtest_broker:_execute_order:201 - ORDER FILLED (NEXT_OPEN): buy 100 sz.002780 at 26.60289927586964 on 2025-10-09 00:00:00
2026-02-01 14:07:21 | INFO     | src.core.backtest_broker:_execute_order:201 - ORDER FILLED (NEXT_OPEN): buy 100 sz.003011 at 32.38742885011662 on 2025-10-09 00:00:00
2026-02-01 14:07:21 | INFO     | src.core.backtest_broker:_execute_order:201 - ORDER FILLED (NEXT_OPEN): buy 200 sz.003003 at 12.805771818565736 on 2025-10-09 00:00:00
2026-02-01 14:07:21 | INFO     | src.core.backtest_broker:_execute_order:201 - ORDER FILLED (NEXT_OPEN): buy 200 sz.002696 at 22.66150099074742 on 2025-10-09 00:00:00
2026-02-01 14:07:21 | INFO     | src.core.backtest_broker:_execute_order:201 - ORDER FILLED (NEXT_OPEN): buy 21300 sz.002743 at 10.767671186104385 on 2025-10-09 00:00:00
2026-02-01 14:07:22 | INFO     | src.core.backtest_broker:_execute_order:201 - ORDER FILLED (NEXT_OPEN): buy 100 sz.002760 at 20.900132590117853 on 2025-10-09 00:00:00
2026-02-01 14:07:22 | INFO     | src.core.backtest_broker:_execute_order:201 - ORDER FILLED (NEXT_OPEN): buy 15800 sz.002144 at 14.711692561541104 on 2025-10-09 00:00:00
2026-02-01 14:07:22 | INFO     | src.strategies.jsg_strategy:on_bar:72 - JSGStrategy: Rebalancing on 2025-10-10
2026-02-01 14:07:24 | INFO     | src.strategies.jsg_strategy:on_bar:76 - Market breadth: ['煤炭']
2026-02-01 14:07:24 | INFO     | src.strategies.jsg_strategy:adjust:151 - JSG Rebalancing: Target [], Holding ['sz.002188', 'sz.002828', 'sz.002316', 'sz.003011', 'sz.002780', 'sz.003003', 'sz.002696', 'sz.002760', 'sz.002743', 'sz.002144']
2026-02-01 14:07:24 | INFO     | src.core.backtest_broker:_execute_order:201 - ORDER FILLED (NEXT_OPEN): sell 30800 sz.002188 at 7.394627594627595 on 2025-10-13 00:00:00
2026-02-01 14:07:24 | INFO     | src.core.backtest_broker:_execute_order:201 - ORDER FILLED (NEXT_OPEN): sell 12500 sz.002828 at 18.40802097272392 on 2025-10-13 00:00:00
2026-02-01 14:07:24 | INFO     | src.core.backtest_broker:_execute_order:201 - ORDER FILLED (NEXT_OPEN): sell 13100 sz.002316 at 17.182323625224434 on 2025-10-13 00:00:00
2026-02-01 14:07:24 | INFO     | src.core.backtest_broker:_execute_order:201 - ORDER FILLED (NEXT_OPEN): sell 7100 sz.003011 at 31.460727442669057 on 2025-10-13 00:00:00
2026-02-01 14:07:24 | INFO     | src.core.backtest_broker:_execute_order:201 - ORDER FILLED (NEXT_OPEN): sell 8800 sz.002780 at 25.66397341907424 on 2025-10-13 00:00:00
2026-02-01 14:07:24 | INFO     | src.core.backtest_broker:_execute_order:201 - ORDER FILLED (NEXT_OPEN): sell 18100 sz.003003 at 12.626890864649862 on 2025-10-13 00:00:00
2026-02-01 14:07:24 | INFO     | src.core.backtest_broker:_execute_order:201 - ORDER FILLED (NEXT_OPEN): sell 10200 sz.002696 at 22.22570289477151 on 2025-10-13 00:00:00
2026-02-01 14:07:24 | INFO     | src.core.backtest_broker:_execute_order:201 - ORDER FILLED (NEXT_OPEN): sell 11100 sz.002760 at 20.1298574332339 on 2025-10-13 00:00:00
2026-02-01 14:07:24 | INFO     | src.core.backtest_broker:_execute_order:201 - ORDER FILLED (NEXT_OPEN): sell 21300 sz.002743 at 11.221729609614812 on 2025-10-13 00:00:00
2026-02-01 14:07:24 | INFO     | src.core.backtest_broker:_execute_order:201 - ORDER FILLED (NEXT_OPEN): sell 15800 sz.002144 at 14.606941586023803 on 2025-10-13 00:00:00
2026-02-01 14:07:24 | INFO     | src.strategies.jsg_strategy:on_bar:72 - JSGStrategy: Rebalancing on 2025-10-17
2026-02-01 14:07:26 | INFO     | src.strategies.jsg_strategy:on_bar:76 - Market breadth: ['煤炭']
2026-02-01 14:07:26 | INFO     | src.strategies.jsg_strategy:adjust:151 - JSG Rebalancing: Target [], Holding []
2026-02-01 14:07:26 | INFO     | src.strategies.jsg_strategy:on_bar:72 - JSGStrategy: Rebalancing on 2025-10-24
2026-02-01 14:07:27 | INFO     | src.strategies.jsg_strategy:on_bar:76 - Market breadth: ['银行']
2026-02-01 14:07:27 | INFO     | src.strategies.jsg_strategy:adjust:151 - JSG Rebalancing: Target [], Holding []
2026-02-01 14:07:27 | INFO     | src.strategies.jsg_strategy:on_bar:72 - JSGStrategy: Rebalancing on 2025-10-31
2026-02-01 14:07:29 | INFO     | src.strategies.jsg_strategy:on_bar:76 - Market breadth: ['综合']
2026-02-01 14:07:29 | INFO     | src.strategies.jsg_strategy:adjust:151 - JSG Rebalancing: Target ['sz.002188', 'sz.002494', 'sz.003003', 'sz.002828', 'sz.002780', 'sz.003011', 'sz.003008', 'sz.002144', 'sz.002830', 'sz.002760'], Holding []
2026-02-01 14:07:30 | INFO     | src.core.backtest_broker:_execute_order:201 - ORDER FILLED (NEXT_OPEN): buy 28800 sz.002188 at 8.126251526251526 on 2025-11-03 00:00:00
2026-02-01 14:07:30 | INFO     | src.core.backtest_broker:_execute_order:201 - ORDER FILLED (NEXT_OPEN): buy 15800 sz.002494 at 14.479632110992465 on 2025-11-03 00:00:00
2026-02-01 14:07:30 | INFO     | src.core.backtest_broker:_execute_order:201 - ORDER FILLED (NEXT_OPEN): buy 17000 sz.003003 at 13.647564542875728 on 2025-11-03 00:00:00
2026-02-01 14:07:30 | INFO     | src.core.backtest_broker:_execute_order:201 - ORDER FILLED (NEXT_OPEN): buy 11300 sz.002828 at 20.264892147470075 on 2025-11-03 00:00:00
2026-02-01 14:07:30 | INFO     | src.core.backtest_broker:_execute_order:201 - ORDER FILLED (NEXT_OPEN): buy 8000 sz.002780 at 28.36338525736101 on 2025-11-03 00:00:00
2026-02-01 14:07:30 | INFO     | src.core.backtest_broker:_execute_order:201 - ORDER FILLED (NEXT_OPEN): buy 6400 sz.003011 at 35.87433923068204 on 2025-11-03 00:00:00
2026-02-01 14:07:30 | INFO     | src.core.backtest_broker:_execute_order:201 - ORDER FILLED (NEXT_OPEN): buy 6800 sz.003008 at 33.9284209205014 on 2025-11-03 00:00:00
2026-02-01 14:07:30 | INFO     | src.core.backtest_broker:_execute_order:201 - ORDER FILLED (NEXT_OPEN): buy 14900 sz.002144 at 15.39839340104342 on 2025-11-03 00:00:00
2026-02-01 14:07:30 | INFO     | src.core.backtest_broker:_execute_order:201 - ORDER FILLED (NEXT_OPEN): buy 5700 sz.002830 at 40.439118696819556 on 2025-11-03 00:00:00
2026-02-01 14:07:30 | INFO     | src.core.backtest_broker:_execute_order:201 - ORDER FILLED (NEXT_OPEN): buy 10100 sz.002760 at 22.72825229578909 on 2025-11-03 00:00:00
2026-02-01 14:07:30 | INFO     | src.strategies.jsg_strategy:on_bar:72 - JSGStrategy: Rebalancing on 2025-11-07
2026-02-01 14:07:32 | INFO     | src.strategies.jsg_strategy:on_bar:76 - Market breadth: ['石油石化']
2026-02-01 14:07:32 | INFO     | src.strategies.jsg_strategy:adjust:151 - JSG Rebalancing: Target ['sz.002188', 'sz.002494', 'sz.003003', 'sz.002828', 'sz.002144', 'sz.002780', 'sz.002830', 'sz.003011', 'sz.002696', 'sz.002853'], Holding ['sz.002188', 'sz.002494', 'sz.003003', 'sz.002828', 'sz.002780', 'sz.003011', 'sz.003008', 'sz.002144', 'sz.002830', 'sz.002760']
2026-02-01 14:07:32 | INFO     | src.core.backtest_broker:_execute_order:201 - ORDER FILLED (NEXT_OPEN): sell 6800 sz.003008 at 35.363279250179 on 2025-11-10 00:00:00
2026-02-01 14:07:32 | INFO     | src.core.backtest_broker:_execute_order:201 - ORDER FILLED (NEXT_OPEN): sell 10100 sz.002760 at 23.888800198827578 on 2025-11-10 00:00:00
2026-02-01 14:07:32 | INFO     | src.core.backtest_broker:_execute_order:201 - ORDER FILLED (NEXT_OPEN): sell 800 sz.002188 at 8.413675213675214 on 2025-11-10 00:00:00
2026-02-01 14:07:32 | INFO     | src.core.backtest_broker:_execute_order:201 - ORDER FILLED (NEXT_OPEN): sell 300 sz.002494 at 15.236030803357743 on 2025-11-10 00:00:00
2026-02-01 14:07:32 | INFO     | src.core.backtest_broker:_execute_order:201 - ORDER FILLED (NEXT_OPEN): sell 300 sz.003003 at 14.057938495976847 on 2025-11-10 00:00:00
2026-02-01 14:07:32 | INFO     | src.core.backtest_broker:_execute_order:201 - ORDER FILLED (NEXT_OPEN): sell 100 sz.002828 at 21.0147824295791 on 2025-11-10 00:00:00
2026-02-01 14:07:32 | INFO     | src.core.backtest_broker:_execute_order:201 - ORDER FILLED (NEXT_OPEN): buy 200 sz.002144 at 15.596256354798323 on 2025-11-10 00:00:00
2026-02-01 14:07:32 | INFO     | src.core.backtest_broker:_execute_order:201 - ORDER FILLED (NEXT_OPEN): sell 100 sz.002780 at 29.517481623005356 on 2025-11-10 00:00:00
2026-02-01 14:07:32 | INFO     | src.core.backtest_broker:_execute_order:201 - ORDER FILLED (NEXT_OPEN): buy 100 sz.002830 at 40.30521433027379 on 2025-11-10 00:00:00
2026-02-01 14:07:32 | INFO     | src.core.backtest_broker:_execute_order:201 - ORDER FILLED (NEXT_OPEN): sell 100 sz.003011 at 37.068056297902636 on 2025-11-10 00:00:00
2026-02-01 14:07:32 | INFO     | src.core.backtest_broker:_execute_order:201 - ORDER FILLED (NEXT_OPEN): buy 9200 sz.002696 at 25.639454646582816 on 2025-11-10 00:00:00
2026-02-01 14:07:32 | INFO     | src.core.backtest_broker:_execute_order:201 - ORDER FILLED (NEXT_OPEN): buy 6600 sz.002853 at 35.80870845006122 on 2025-11-10 00:00:00
2026-02-01 14:07:33 | INFO     | src.strategies.jsg_strategy:on_bar:72 - JSGStrategy: Rebalancing on 2025-11-14
2026-02-01 14:07:35 | INFO     | src.strategies.jsg_strategy:on_bar:76 - Market breadth: ['石油石化']
2026-02-01 14:07:35 | INFO     | src.strategies.jsg_strategy:adjust:151 - JSG Rebalancing: Target ['sz.002188', 'sz.002494', 'sz.003003', 'sz.002830', 'sz.002858', 'sz.003008', 'sz.002144', 'sz.002828', 'sz.002760', 'sz.002696'], Holding ['sz.002188', 'sz.002494', 'sz.003003', 'sz.002828', 'sz.002780', 'sz.003011', 'sz.002144', 'sz.002830', 'sz.002696', 'sz.002853']
2026-02-01 14:07:35 | INFO     | src.core.backtest_broker:_execute_order:201 - ORDER FILLED (NEXT_OPEN): sell 7900 sz.002780 at 34.97498816562861 on 2025-11-17 00:00:00
2026-02-01 14:07:35 | INFO     | src.core.backtest_broker:_execute_order:201 - ORDER FILLED (NEXT_OPEN): sell 6300 sz.003011 at 40.931929962853495 on 2025-11-17 00:00:00
2026-02-01 14:07:35 | INFO     | src.core.backtest_broker:_execute_order:201 - ORDER FILLED (NEXT_OPEN): sell 6600 sz.002853 at 36.102880065408996 on 2025-11-17 00:00:00
2026-02-01 14:07:35 | INFO     | src.core.backtest_broker:_execute_order:201 - ORDER FILLED (NEXT_OPEN): buy 800 sz.002188 at 8.831746031746032 on 2025-11-17 00:00:00
2026-02-01 14:07:35 | INFO     | src.core.backtest_broker:_execute_order:201 - ORDER FILLED (NEXT_OPEN): buy 400 sz.002494 at 15.776315583618656 on 2025-11-17 00:00:00
2026-02-01 14:07:35 | INFO     | src.core.backtest_broker:_execute_order:201 - ORDER FILLED (NEXT_OPEN): buy 500 sz.003003 at 14.594581357724467 on 2025-11-17 00:00:00
2026-02-01 14:07:35 | INFO     | src.core.backtest_broker:_execute_order:201 - ORDER FILLED (NEXT_OPEN): buy 200 sz.002830 at 41.57730581245851 on 2025-11-17 00:00:00
2026-02-01 14:07:35 | INFO     | src.core.backtest_broker:_execute_order:201 - ORDER FILLED (NEXT_OPEN): buy 8200 sz.002858 at 30.382634745996047 on 2025-11-17 00:00:00
2026-02-01 14:07:35 | INFO     | src.core.backtest_broker:_execute_order:201 - ORDER FILLED (NEXT_OPEN): buy 7000 sz.003008 at 35.85651180100567 on 2025-11-17 00:00:00
2026-02-01 14:07:35 | INFO     | src.core.backtest_broker:_execute_order:201 - ORDER FILLED (NEXT_OPEN): buy 200 sz.002144 at 16.434264158936738 on 2025-11-17 00:00:00
2026-02-01 14:07:35 | INFO     | src.core.backtest_broker:_execute_order:201 - ORDER FILLED (NEXT_OPEN): buy 100 sz.002828 at 21.889654425372964 on 2025-11-17 00:00:00
2026-02-01 14:07:35 | INFO     | src.core.backtest_broker:_execute_order:201 - ORDER FILLED (NEXT_OPEN): buy 10500 sz.002760 at 23.806637515426623 on 2025-11-17 00:00:00
2026-02-01 14:07:35 | INFO     | src.core.backtest_broker:_execute_order:201 - ORDER FILLED (NEXT_OPEN): buy 300 sz.002696 at 27.092114966502525 on 2025-11-17 00:00:00
2026-02-01 14:07:36 | INFO     | src.strategies.jsg_strategy:on_bar:72 - JSGStrategy: Rebalancing on 2025-11-21
2026-02-01 14:07:38 | INFO     | src.strategies.jsg_strategy:on_bar:76 - Market breadth: ['银行']
2026-02-01 14:07:38 | INFO     | src.strategies.jsg_strategy:adjust:151 - JSG Rebalancing: Target [], Holding ['sz.002188', 'sz.002494', 'sz.003003', 'sz.002828', 'sz.002144', 'sz.002830', 'sz.002696', 'sz.002858', 'sz.003008', 'sz.002760']
2026-02-01 14:07:38 | INFO     | src.core.backtest_broker:_execute_order:201 - ORDER FILLED (NEXT_OPEN): sell 28800 sz.002188 at 7.825763125763126 on 2025-11-24 00:00:00
2026-02-01 14:07:38 | INFO     | src.core.backtest_broker:_execute_order:201 - ORDER FILLED (NEXT_OPEN): sell 15900 sz.002494 at 14.803802979149014 on 2025-11-24 00:00:00
2026-02-01 14:07:38 | INFO     | src.core.backtest_broker:_execute_order:201 - ORDER FILLED (NEXT_OPEN): sell 17200 sz.003003 at 13.047787226804859 on 2025-11-24 00:00:00
2026-02-01 14:07:38 | INFO     | src.core.backtest_broker:_execute_order:201 - ORDER FILLED (NEXT_OPEN): sell 11300 sz.002828 at 20.193474025364456 on 2025-11-24 00:00:00
2026-02-01 14:07:38 | INFO     | src.core.backtest_broker:_execute_order:201 - ORDER FILLED (NEXT_OPEN): sell 15300 sz.002144 at 15.38675440376372 on 2025-11-24 00:00:00
2026-02-01 14:07:38 | INFO     | src.core.backtest_broker:_execute_order:201 - ORDER FILLED (NEXT_OPEN): sell 6000 sz.002830 at 38.98848805924048 on 2025-11-24 00:00:00
2026-02-01 14:07:38 | INFO     | src.core.backtest_broker:_execute_order:201 - ORDER FILLED (NEXT_OPEN): sell 9500 sz.002696 at 25.966303218564754 on 2025-11-24 00:00:00
2026-02-01 14:07:38 | INFO     | src.core.backtest_broker:_execute_order:201 - ORDER FILLED (NEXT_OPEN): sell 8200 sz.002858 at 28.008362626772513 on 2025-11-24 00:00:00
2026-02-01 14:07:38 | INFO     | src.core.backtest_broker:_execute_order:201 - ORDER FILLED (NEXT_OPEN): sell 7000 sz.003008 at 33.48002769247715 on 2025-11-24 00:00:00
2026-02-01 14:07:38 | INFO     | src.core.backtest_broker:_execute_order:201 - ORDER FILLED (NEXT_OPEN): sell 10500 sz.002760 at 22.28662787250896 on 2025-11-24 00:00:00
2026-02-01 14:07:38 | INFO     | src.strategies.jsg_strategy:on_bar:72 - JSGStrategy: Rebalancing on 2025-11-28
2026-02-01 14:07:40 | INFO     | src.strategies.jsg_strategy:on_bar:76 - Market breadth: ['通信']
2026-02-01 14:07:40 | INFO     | src.strategies.jsg_strategy:adjust:151 - JSG Rebalancing: Target ['sz.002188', 'sz.002494', 'sz.003003', 'sz.002144', 'sz.002858', 'sz.003008', 'sz.002802', 'sz.003011', 'sz.002743', 'sz.002817'], Holding []
2026-02-01 14:07:40 | INFO     | src.core.backtest_broker:_execute_order:201 - ORDER FILLED (NEXT_OPEN): buy 28300 sz.002188 at 8.23076923076923 on 2025-12-01 00:00:00
2026-02-01 14:07:40 | INFO     | src.core.backtest_broker:_execute_order:201 - ORDER FILLED (NEXT_OPEN): buy 15200 sz.002494 at 15.209016564344697 on 2025-12-01 00:00:00
2026-02-01 14:07:40 | INFO     | src.core.backtest_broker:_execute_order:201 - ORDER FILLED (NEXT_OPEN): buy 16700 sz.003003 at 14.047416086922972 on 2025-12-01 00:00:00
2026-02-01 14:07:40 | INFO     | src.core.backtest_broker:_execute_order:201 - ORDER FILLED (NEXT_OPEN): buy 14900 sz.002144 at 15.607895352078023 on 2025-12-01 00:00:00
2026-02-01 14:07:40 | INFO     | src.core.backtest_broker:_execute_order:201 - ORDER FILLED (NEXT_OPEN): buy 7900 sz.002858 at 29.35646628768757 on 2025-12-01 00:00:00
2026-02-01 14:07:40 | INFO     | src.core.backtest_broker:_execute_order:201 - ORDER FILLED (NEXT_OPEN): buy 6600 sz.003008 at 34.66302342807872 on 2025-12-01 00:00:00
2026-02-01 14:07:40 | INFO     | src.core.backtest_broker:_execute_order:201 - ORDER FILLED (NEXT_OPEN): buy 8300 sz.002802 at 27.93448127358833 on 2025-12-01 00:00:00
2026-02-01 14:07:40 | INFO     | src.core.backtest_broker:_execute_order:201 - ORDER FILLED (NEXT_OPEN): buy 6300 sz.003011 at 36.84816104867779 on 2025-12-01 00:00:00
2026-02-01 14:07:40 | INFO     | src.core.backtest_broker:_execute_order:201 - ORDER FILLED (NEXT_OPEN): buy 19300 sz.002743 at 12.000115478489827 on 2025-12-01 00:00:00
2026-02-01 14:07:40 | INFO     | src.core.backtest_broker:_execute_order:201 - ORDER FILLED (NEXT_OPEN): buy 7800 sz.002817 at 29.77135283694231 on 2025-12-01 00:00:00
2026-02-01 14:07:41 | INFO     | src.strategies.jsg_strategy:on_bar:72 - JSGStrategy: Rebalancing on 2025-12-05
2026-02-01 14:07:42 | INFO     | src.strategies.jsg_strategy:on_bar:76 - Market breadth: ['国防军工']
2026-02-01 14:07:43 | INFO     | src.strategies.jsg_strategy:adjust:151 - JSG Rebalancing: Target ['sz.002188', 'sz.002494', 'sz.002144', 'sz.003011', 'sz.002828', 'sz.002802', 'sz.003008', 'sz.002780', 'sz.002858', 'sz.002743'], Holding ['sz.002188', 'sz.002494', 'sz.003003', 'sz.002144', 'sz.002858', 'sz.003008', 'sz.002802', 'sz.003011', 'sz.002743', 'sz.002817']
2026-02-01 14:07:43 | INFO     | src.core.backtest_broker:_execute_order:201 - ORDER FILLED (NEXT_OPEN): sell 16700 sz.003003 at 14.605103766778342 on 2025-12-08 00:00:00
2026-02-01 14:07:43 | INFO     | src.core.backtest_broker:_execute_order:201 - ORDER FILLED (NEXT_OPEN): sell 7800 sz.002817 at 30.028002430364225 on 2025-12-08 00:00:00
2026-02-01 14:07:43 | INFO     | src.core.backtest_broker:_execute_order:201 - ORDER FILLED (NEXT_OPEN): buy 300 sz.002188 at 8.113186813186813 on 2025-12-08 00:00:00
2026-02-01 14:07:43 | INFO     | src.core.backtest_broker:_execute_order:201 - ORDER FILLED (NEXT_OPEN): buy 400 sz.002494 at 14.992902652240332 on 2025-12-08 00:00:00
2026-02-01 14:07:43 | INFO     | src.core.backtest_broker:_execute_order:201 - ORDER FILLED (NEXT_OPEN): buy 10900 sz.002828 at 21.06834602115832 on 2025-12-08 00:00:00
2026-02-01 14:07:43 | INFO     | src.core.backtest_broker:_execute_order:201 - ORDER FILLED (NEXT_OPEN): buy 7700 sz.002780 at 30.06518837280267 on 2025-12-08 00:00:00
2026-02-01 14:07:43 | INFO     | src.core.backtest_broker:_execute_order:201 - ORDER FILLED (NEXT_OPEN): sell 200 sz.002858 at 29.79912719127162 on 2025-12-08 00:00:00
2026-02-01 14:07:43 | INFO     | src.core.backtest_broker:_execute_order:201 - ORDER FILLED (NEXT_OPEN): sell 100 sz.002743 at 12.043359137871773 on 2025-12-08 00:00:00
2026-02-01 14:07:43 | INFO     | src.strategies.jsg_strategy:on_bar:72 - JSGStrategy: Rebalancing on 2025-12-12
2026-02-01 14:07:45 | INFO     | src.strategies.jsg_strategy:on_bar:76 - Market breadth: ['国防军工']
2026-02-01 14:07:45 | INFO     | src.strategies.jsg_strategy:adjust:151 - JSG Rebalancing: Target ['sz.002188', 'sz.002494', 'sz.002828', 'sz.002144', 'sz.003011', 'sz.002319', 'sz.002802', 'sz.003008', 'sz.002817', 'sz.002999'], Holding ['sz.002188', 'sz.002494', 'sz.002144', 'sz.002858', 'sz.003008', 'sz.002802', 'sz.003011', 'sz.002743', 'sz.002828', 'sz.002780']
2026-02-01 14:07:45 | INFO     | src.core.backtest_broker:_execute_order:201 - ORDER FILLED (NEXT_OPEN): sell 7700 sz.002858 at 29.45707103850213 on 2025-12-15 00:00:00
2026-02-01 14:07:45 | INFO     | src.core.backtest_broker:_execute_order:201 - ORDER FILLED (NEXT_OPEN): sell 19200 sz.002743 at 11.329838758069675 on 2025-12-15 00:00:00
2026-02-01 14:07:45 | INFO     | src.core.backtest_broker:_execute_order:201 - ORDER FILLED (NEXT_OPEN): sell 7700 sz.002780 at 28.558994810860053 on 2025-12-15 00:00:00
2026-02-01 14:07:45 | INFO     | src.core.backtest_broker:_execute_order:201 - ORDER FILLED (NEXT_OPEN): buy 1500 sz.002188 at 7.120268620268621 on 2025-12-15 00:00:00
2026-02-01 14:07:45 | INFO     | src.core.backtest_broker:_execute_order:201 - ORDER FILLED (NEXT_OPEN): buy 300 sz.002494 at 13.39906255047064 on 2025-12-15 00:00:00
2026-02-01 14:07:45 | INFO     | src.core.backtest_broker:_execute_order:201 - ORDER FILLED (NEXT_OPEN): buy 400 sz.002828 at 19.122202193780137 on 2025-12-15 00:00:00
2026-02-01 14:07:45 | INFO     | src.core.backtest_broker:_execute_order:201 - ORDER FILLED (NEXT_OPEN): buy 200 sz.002144 at 14.281049662192194 on 2025-12-15 00:00:00
2026-02-01 14:07:45 | INFO     | src.core.backtest_broker:_execute_order:201 - ORDER FILLED (NEXT_OPEN): buy 100 sz.003011 at 33.37695747162843 on 2025-12-15 00:00:00
2026-02-01 14:07:45 | INFO     | src.core.backtest_broker:_execute_order:201 - ORDER FILLED (NEXT_OPEN): buy 10000 sz.002319 at 20.92217102022751 on 2025-12-15 00:00:00
2026-02-01 14:07:45 | INFO     | src.core.backtest_broker:_execute_order:201 - ORDER FILLED (NEXT_OPEN): buy 100 sz.002802 at 25.79382679055918 on 2025-12-15 00:00:00
2026-02-01 14:07:45 | INFO     | src.core.backtest_broker:_execute_order:201 - ORDER FILLED (NEXT_OPEN): buy 7800 sz.002817 at 27.608163406671874 on 2025-12-15 00:00:00
2026-02-01 14:07:45 | INFO     | src.core.backtest_broker:_execute_order:201 - ORDER FILLED (NEXT_OPEN): buy 21900 sz.002999 at 9.879591023649235 on 2025-12-15 00:00:00
2026-02-01 14:07:46 | INFO     | src.strategies.jsg_strategy:on_bar:72 - JSGStrategy: Rebalancing on 2025-12-19
2026-02-01 14:07:47 | INFO     | src.strategies.jsg_strategy:on_bar:76 - Market breadth: ['商贸零售']
2026-02-01 14:07:48 | INFO     | src.strategies.jsg_strategy:adjust:151 - JSG Rebalancing: Target ['sz.002494', 'sz.002828', 'sz.002144', 'sz.003011', 'sz.003008', 'sz.002802', 'sz.003003', 'sz.002743', 'sz.002319', 'sz.002817'], Holding ['sz.002188', 'sz.002494', 'sz.002144', 'sz.003008', 'sz.002802', 'sz.003011', 'sz.002828', 'sz.002319', 'sz.002817', 'sz.002999']
2026-02-01 14:07:48 | INFO     | src.core.backtest_broker:_execute_order:201 - ORDER FILLED (NEXT_OPEN): sell 30100 sz.002188 at 10.73919413919414 on 2025-12-22 00:00:00
2026-02-01 14:07:48 | INFO     | src.core.backtest_broker:_execute_order:201 - ORDER FILLED (NEXT_OPEN): sell 21900 sz.002999 at 10.393995456733576 on 2025-12-22 00:00:00
2026-02-01 14:07:48 | INFO     | src.core.backtest_broker:_execute_order:201 - ORDER FILLED (NEXT_OPEN): buy 200 sz.002494 at 14.398589393953328 on 2025-12-22 00:00:00
2026-02-01 14:07:48 | INFO     | src.core.backtest_broker:_execute_order:201 - ORDER FILLED (NEXT_OPEN): buy 600 sz.002828 at 19.56856545694027 on 2025-12-22 00:00:00
2026-02-01 14:07:48 | INFO     | src.core.backtest_broker:_execute_order:201 - ORDER FILLED (NEXT_OPEN): buy 500 sz.002144 at 14.921194512575708 on 2025-12-22 00:00:00
2026-02-01 14:07:48 | INFO     | src.core.backtest_broker:_execute_order:201 - ORDER FILLED (NEXT_OPEN): buy 300 sz.003011 at 34.66491535994538 on 2025-12-22 00:00:00
2026-02-01 14:07:48 | INFO     | src.core.backtest_broker:_execute_order:201 - ORDER FILLED (NEXT_OPEN): buy 400 sz.003008 at 33.245744523233405 on 2025-12-22 00:00:00
2026-02-01 14:07:48 | INFO     | src.core.backtest_broker:_execute_order:201 - ORDER FILLED (NEXT_OPEN): buy 200 sz.002802 at 26.959529726862183 on 2025-12-22 00:00:00
2026-02-01 14:07:48 | INFO     | src.core.backtest_broker:_execute_order:201 - ORDER FILLED (NEXT_OPEN): buy 16700 sz.003003 at 13.879057542060973 on 2025-12-22 00:00:00
2026-02-01 14:07:48 | INFO     | src.core.backtest_broker:_execute_order:201 - ORDER FILLED (NEXT_OPEN): buy 20000 sz.002743 at 11.654166203434263 on 2025-12-22 00:00:00
2026-02-01 14:07:48 | INFO     | src.core.backtest_broker:_execute_order:201 - ORDER FILLED (NEXT_OPEN): buy 100 sz.002817 at 29.14806096720337 on 2025-12-22 00:00:00
2026-02-01 14:07:48 | INFO     | src.strategies.jsg_strategy:on_bar:72 - JSGStrategy: Rebalancing on 2025-12-26
2026-02-01 14:07:50 | INFO     | src.strategies.jsg_strategy:on_bar:76 - Market breadth: ['有色金属']
2026-02-01 14:07:50 | INFO     | src.strategies.jsg_strategy:adjust:151 - JSG Rebalancing: Target ['sz.002494', 'sz.002188', 'sz.002828', 'sz.003011', 'sz.002144', 'sz.002802', 'sz.003008', 'sz.002817', 'sz.002760', 'sz.002743'], Holding ['sz.002494', 'sz.002144', 'sz.003008', 'sz.002802', 'sz.003011', 'sz.002828', 'sz.002319', 'sz.002817', 'sz.003003', 'sz.002743']
2026-02-01 14:07:50 | INFO     | src.core.backtest_broker:_execute_order:201 - ORDER FILLED (NEXT_OPEN): sell 10000 sz.002319 at 24.655342712072024 on 2025-12-29 00:00:00
2026-02-01 14:07:50 | INFO     | src.core.backtest_broker:_execute_order:201 - ORDER FILLED (NEXT_OPEN): sell 16700 sz.003003 at 14.573536539616716 on 2025-12-29 00:00:00
2026-02-01 14:07:50 | INFO     | src.core.backtest_broker:_execute_order:201 - ORDER FILLED (NEXT_OPEN): buy 200 sz.002494 at 14.50664635000551 on 2025-12-29 00:00:00
2026-02-01 14:07:50 | INFO     | src.core.backtest_broker:_execute_order:201 - ORDER FILLED (NEXT_OPEN): buy 28700 sz.002188 at 8.23076923076923 on 2025-12-29 00:00:00
2026-02-01 14:07:50 | INFO     | src.core.backtest_broker:_execute_order:201 - ORDER FILLED (NEXT_OPEN): buy 100 sz.002828 at 19.693547170625106 on 2025-12-29 00:00:00
2026-02-01 14:07:50 | INFO     | src.core.backtest_broker:_execute_order:201 - ORDER FILLED (NEXT_OPEN): buy 200 sz.003011 at 34.28795207555993 on 2025-12-29 00:00:00
2026-02-01 14:07:50 | INFO     | src.core.backtest_broker:_execute_order:201 - ORDER FILLED (NEXT_OPEN): buy 300 sz.002144 at 14.89791651801631 on 2025-12-29 00:00:00
2026-02-01 14:07:50 | INFO     | src.core.backtest_broker:_execute_order:201 - ORDER FILLED (NEXT_OPEN): buy 400 sz.002802 at 26.47205395349911 on 2025-12-29 00:00:00
2026-02-01 14:07:50 | INFO     | src.core.backtest_broker:_execute_order:201 - ORDER FILLED (NEXT_OPEN): buy 100 sz.003008 at 33.245744523233405 on 2025-12-29 00:00:00
2026-02-01 14:07:50 | INFO     | src.core.backtest_broker:_execute_order:201 - ORDER FILLED (NEXT_OPEN): buy 400 sz.002817 at 28.524769097464432 on 2025-12-29 00:00:00
2026-02-01 14:07:50 | INFO     | src.core.backtest_broker:_execute_order:201 - ORDER FILLED (NEXT_OPEN): buy 10700 sz.002760 at 22.471493910161108 on 2025-12-29 00:00:00
2026-02-01 14:07:50 | INFO     | src.core.backtest_broker:_execute_order:201 - ORDER FILLED (NEXT_OPEN): buy 200 sz.002743 at 11.69740986281621 on 2025-12-29 00:00:00
2026-02-01 14:07:51 | INFO     | src.strategies.jsg_strategy:on_bar:72 - JSGStrategy: Rebalancing on 2025-12-31
2026-02-01 14:07:52 | INFO     | src.strategies.jsg_strategy:on_bar:76 - Market breadth: ['国防军工']
2026-02-01 14:07:53 | INFO     | src.strategies.jsg_strategy:adjust:151 - JSG Rebalancing: Target ['sz.002188', 'sz.002494', 'sz.002828', 'sz.003008', 'sz.002144', 'sz.003011', 'sz.002802', 'sz.002817', 'sz.003003', 'sz.002760'], Holding ['sz.002494', 'sz.002144', 'sz.003008', 'sz.002802', 'sz.003011', 'sz.002828', 'sz.002817', 'sz.002743', 'sz.002188', 'sz.002760']
2026-02-01 14:07:53 | INFO     | src.core.data_stream:_load_next_chunk:187 - Chunk 3 loaded: 2026-01-05 to 2026-01-30, 1/1 symbols, memory: 453.88MB (+0.00MB)
2026-02-01 14:07:53 | INFO     | src.core.backtest_broker:_execute_order:201 - ORDER FILLED (NEXT_OPEN): sell 20200 sz.002743 at 11.827140840962045 on 2026-01-05 00:00:00
2026-02-01 14:07:53 | INFO     | src.core.backtest_broker:_execute_order:201 - ORDER FILLED (NEXT_OPEN): buy 800 sz.002188 at 7.9433455433455435 on 2026-01-05 00:00:00
2026-02-01 14:07:53 | INFO     | src.core.backtest_broker:_execute_order:201 - ORDER FILLED (NEXT_OPEN): sell 200 sz.002494 at 14.560674828031601 on 2026-01-05 00:00:00
2026-02-01 14:07:53 | INFO     | src.core.backtest_broker:_execute_order:201 - ORDER FILLED (NEXT_OPEN): buy 300 sz.002828 at 19.63998357904589 on 2026-01-05 00:00:00
2026-02-01 14:07:53 | INFO     | src.core.backtest_broker:_execute_order:201 - ORDER FILLED (NEXT_OPEN): buy 100 sz.003008 at 32.763266598179676 on 2026-01-05 00:00:00
2026-02-01 14:07:53 | INFO     | src.core.backtest_broker:_execute_order:201 - ORDER FILLED (NEXT_OPEN): sell 200 sz.003011 at 34.50784732478478 on 2026-01-05 00:00:00
2026-02-01 14:07:53 | INFO     | src.core.backtest_broker:_execute_order:201 - ORDER FILLED (NEXT_OPEN): sell 100 sz.002802 at 26.49324855234098 on 2026-01-05 00:00:00
2026-02-01 14:07:53 | INFO     | src.core.backtest_broker:_execute_order:201 - ORDER FILLED (NEXT_OPEN): buy 16800 sz.003003 at 13.942191996384224 on 2026-01-05 00:00:00
2026-02-01 14:07:53 | INFO     | src.core.backtest_broker:_execute_order:201 - ORDER FILLED (NEXT_OPEN): sell 200 sz.002760 at 22.081221164006575 on 2026-01-05 00:00:00
2026-02-01 14:07:53 | INFO     | src.strategies.jsg_strategy:on_bar:72 - JSGStrategy: Rebalancing on 2026-01-09
2026-02-01 14:07:55 | INFO     | src.strategies.jsg_strategy:on_bar:76 - Market breadth: ['国防军工']
2026-02-01 14:07:55 | INFO     | src.strategies.jsg_strategy:adjust:151 - JSG Rebalancing: Target ['sz.002494', 'sz.002188', 'sz.002715', 'sz.003011', 'sz.002144', 'sz.003008', 'sz.002802', 'sz.002817', 'sz.002828', 'sz.002999'], Holding ['sz.002494', 'sz.002144', 'sz.003008', 'sz.002802', 'sz.003011', 'sz.002828', 'sz.002817', 'sz.002188', 'sz.002760', 'sz.003003']
2026-02-01 14:07:55 | INFO     | src.core.backtest_broker:_execute_order:201 - ORDER FILLED (NEXT_OPEN): sell 10500 sz.002760 at 22.77960397291469 on 2026-01-12 00:00:00
2026-02-01 14:07:55 | INFO     | src.core.backtest_broker:_execute_order:201 - ORDER FILLED (NEXT_OPEN): sell 16800 sz.003003 at 14.205252222731096 on 2026-01-12 00:00:00
2026-02-01 14:07:55 | INFO     | src.core.backtest_broker:_execute_order:201 - ORDER FILLED (NEXT_OPEN): buy 200 sz.002494 at 14.857831457175104 on 2026-01-12 00:00:00
2026-02-01 14:07:55 | INFO     | src.core.backtest_broker:_execute_order:201 - ORDER FILLED (NEXT_OPEN): sell 600 sz.002188 at 8.374481074481075 on 2026-01-12 00:00:00
2026-02-01 14:07:55 | INFO     | src.core.backtest_broker:_execute_order:201 - ORDER FILLED (NEXT_OPEN): buy 10000 sz.002715 at 23.936129515845703 on 2026-01-12 00:00:00
2026-02-01 14:07:55 | INFO     | src.core.backtest_broker:_execute_order:201 - ORDER FILLED (NEXT_OPEN): buy 200 sz.003011 at 35.0575854478469 on 2026-01-12 00:00:00
2026-02-01 14:07:55 | INFO     | src.core.backtest_broker:_execute_order:201 - ORDER FILLED (NEXT_OPEN): buy 100 sz.002144 at 15.002667493533611 on 2026-01-12 00:00:00
2026-02-01 14:07:55 | INFO     | src.core.backtest_broker:_execute_order:201 - ORDER FILLED (NEXT_OPEN): buy 100 sz.002817 at 28.711883086757254 on 2026-01-12 00:00:00
2026-02-01 14:07:55 | INFO     | src.core.backtest_broker:_execute_order:201 - ORDER FILLED (NEXT_OPEN): sell 700 sz.002828 at 20.63983728852459 on 2026-01-12 00:00:00
2026-02-01 14:07:55 | INFO     | src.core.backtest_broker:_execute_order:201 - ORDER FILLED (NEXT_OPEN): buy 23200 sz.002999 at 10.409124998883113 on 2026-01-12 00:00:00
2026-02-01 14:07:56 | INFO     | src.strategies.jsg_strategy:on_bar:72 - JSGStrategy: Rebalancing on 2026-01-16
2026-02-01 14:07:57 | INFO     | src.strategies.jsg_strategy:on_bar:76 - Market breadth: ['计算机']
2026-02-01 14:07:58 | INFO     | src.strategies.jsg_strategy:adjust:151 - JSG Rebalancing: Target ['sz.002188', 'sz.002494', 'sz.002715', 'sz.003011', 'sz.003003', 'sz.002802', 'sz.002828', 'sz.002817', 'sz.002760', 'sz.002144'], Holding ['sz.002494', 'sz.002144', 'sz.003008', 'sz.002802', 'sz.003011', 'sz.002828', 'sz.002817', 'sz.002188', 'sz.002715', 'sz.002999']
2026-02-01 14:07:58 | INFO     | src.core.backtest_broker:_execute_order:201 - ORDER FILLED (NEXT_OPEN): sell 7200 sz.003008 at 34.54240394681529 on 2026-01-19 00:00:00
2026-02-01 14:07:58 | INFO     | src.core.backtest_broker:_execute_order:201 - ORDER FILLED (NEXT_OPEN): sell 23200 sz.002999 at 10.363736372434495 on 2026-01-19 00:00:00
2026-02-01 14:07:58 | INFO     | src.core.backtest_broker:_execute_order:201 - ORDER FILLED (NEXT_OPEN): buy 500 sz.002188 at 8.23076923076923 on 2026-01-19 00:00:00
2026-02-01 14:07:58 | INFO     | src.core.backtest_broker:_execute_order:201 - ORDER FILLED (NEXT_OPEN): buy 100 sz.002494 at 14.749774501122921 on 2026-01-19 00:00:00
2026-02-01 14:07:58 | INFO     | src.core.backtest_broker:_execute_order:201 - ORDER FILLED (NEXT_OPEN): sell 200 sz.002715 at 24.57120054532487 on 2026-01-19 00:00:00
2026-02-01 14:07:58 | INFO     | src.core.backtest_broker:_execute_order:201 - ORDER FILLED (NEXT_OPEN): buy 17700 sz.003003 at 13.710698997198977 on 2026-01-19 00:00:00
2026-02-01 14:07:58 | INFO     | src.core.backtest_broker:_execute_order:201 - ORDER FILLED (NEXT_OPEN): buy 100 sz.002802 at 26.832362133810946 on 2026-01-19 00:00:00
2026-02-01 14:07:58 | INFO     | src.core.backtest_broker:_execute_order:201 - ORDER FILLED (NEXT_OPEN): buy 200 sz.002828 at 20.586273696945373 on 2026-01-19 00:00:00
2026-02-01 14:07:58 | INFO     | src.core.backtest_broker:_execute_order:201 - ORDER FILLED (NEXT_OPEN): buy 100 sz.002817 at 28.417402234585385 on 2026-01-19 00:00:00
2026-02-01 14:07:58 | INFO     | src.core.backtest_broker:_execute_order:201 - ORDER FILLED (NEXT_OPEN): buy 11000 sz.002760 at 22.081221164006575 on 2026-01-19 00:00:00
2026-02-01 14:07:58 | INFO     | src.core.backtest_broker:_execute_order:201 - ORDER FILLED (NEXT_OPEN): sell 200 sz.002144 at 15.293642425526118 on 2026-01-19 00:00:00
2026-02-01 14:07:58 | INFO     | src.strategies.jsg_strategy:on_bar:72 - JSGStrategy: Rebalancing on 2026-01-23
2026-02-01 14:08:00 | INFO     | src.strategies.jsg_strategy:on_bar:76 - Market breadth: ['有色金属']
2026-02-01 14:08:00 | INFO     | src.strategies.jsg_strategy:adjust:151 - JSG Rebalancing: Target ['sz.002494', 'sz.002188', 'sz.002144', 'sz.002715', 'sz.003003', 'sz.002802', 'sz.002817', 'sz.003011', 'sz.002828', 'sz.002247'], Holding ['sz.002494', 'sz.002144', 'sz.002802', 'sz.003011', 'sz.002828', 'sz.002817', 'sz.002188', 'sz.002715', 'sz.003003', 'sz.002760']
2026-02-01 14:08:00 | INFO     | src.core.backtest_broker:_execute_order:201 - ORDER FILLED (NEXT_OPEN): sell 11000 sz.002760 at 24.60772367858593 on 2026-01-26 00:00:00
2026-02-01 14:08:00 | INFO     | src.core.backtest_broker:_execute_order:201 - ORDER FILLED (NEXT_OPEN): buy 300 sz.002494 at 15.425130476449063 on 2026-01-26 00:00:00
2026-02-01 14:08:00 | INFO     | src.core.backtest_broker:_execute_order:201 - ORDER FILLED (NEXT_OPEN): sell 400 sz.002188 at 8.805616605616606 on 2026-01-26 00:00:00
2026-02-01 14:08:00 | INFO     | src.core.backtest_broker:_execute_order:201 - ORDER FILLED (NEXT_OPEN): buy 300 sz.002144 at 15.991982262308131 on 2026-01-26 00:00:00
2026-02-01 14:08:00 | INFO     | src.core.backtest_broker:_execute_order:201 - ORDER FILLED (NEXT_OPEN): sell 100 sz.002715 at 26.53689658895086 on 2026-01-26 00:00:00
2026-02-01 14:08:00 | INFO     | src.core.backtest_broker:_execute_order:201 - ORDER FILLED (NEXT_OPEN): buy 100 sz.002802 at 28.44315164579328 on 2026-01-26 00:00:00
2026-02-01 14:08:00 | INFO     | src.core.backtest_broker:_execute_order:201 - ORDER FILLED (NEXT_OPEN): buy 100 sz.002817 at 30.147477241095118 on 2026-01-26 00:00:00
2026-02-01 14:08:00 | INFO     | src.core.backtest_broker:_execute_order:201 - ORDER FILLED (NEXT_OPEN): sell 100 sz.003011 at 37.00522908383839 on 2026-01-26 00:00:00
2026-02-01 14:08:00 | INFO     | src.core.backtest_broker:_execute_order:201 - ORDER FILLED (NEXT_OPEN): sell 200 sz.002828 at 22.282454096953884 on 2026-01-26 00:00:00
2026-02-01 14:08:00 | INFO     | src.core.backtest_broker:_execute_order:201 - ORDER FILLED (NEXT_OPEN): buy 13600 sz.002247 at 19.094720268601098 on 2026-01-26 00:00:00
2026-02-01 14:08:01 | INFO     | src.strategies.jsg_strategy:on_bar:72 - JSGStrategy: Rebalancing on 2026-01-30
2026-02-01 14:08:02 | INFO     | src.strategies.jsg_strategy:on_bar:76 - Market breadth: ['煤炭']
2026-02-01 14:08:02 | INFO     | src.strategies.jsg_strategy:adjust:151 - JSG Rebalancing: Target [], Holding ['sz.002494', 'sz.002144', 'sz.002802', 'sz.003011', 'sz.002828', 'sz.002817', 'sz.002188', 'sz.002715', 'sz.003003', 'sz.002247']
2026-02-01 14:08:02 | INFO     | src.core.backtest_broker:_execute_order:201 - ORDER FILLED (NEXT_OPEN): sell 16700 sz.002494 at 14.803802979149014 on 2026-01-30 00:00:00
2026-02-01 14:08:02 | INFO     | src.core.backtest_broker:_execute_order:201 - ORDER FILLED (NEXT_OPEN): sell 16100 sz.002144 at 17.458495919550362 on 2026-01-30 00:00:00
2026-02-01 14:08:02 | INFO     | src.core.backtest_broker:_execute_order:201 - ORDER FILLED (NEXT_OPEN): sell 9100 sz.002802 at 28.040454267797696 on 2026-01-30 00:00:00
2026-02-01 14:08:02 | INFO     | src.core.backtest_broker:_execute_order:201 - ORDER FILLED (NEXT_OPEN): sell 6800 sz.003011 at 35.717271195521434 on 2026-01-30 00:00:00
2026-02-01 14:08:02 | INFO     | src.core.backtest_broker:_execute_order:201 - ORDER FILLED (NEXT_OPEN): sell 11600 sz.002828 at 24.996342736967495 on 2026-01-30 00:00:00
2026-02-01 14:08:02 | INFO     | src.core.backtest_broker:_execute_order:201 - ORDER FILLED (NEXT_OPEN): sell 8600 sz.002817 at 29.411275110665446 on 2026-01-30 00:00:00
2026-02-01 14:08:02 | INFO     | src.core.backtest_broker:_execute_order:201 - ORDER FILLED (NEXT_OPEN): sell 29000 sz.002188 at 8.635775335775337 on 2026-01-30 00:00:00
2026-02-01 14:08:02 | INFO     | src.core.backtest_broker:_execute_order:201 - ORDER FILLED (NEXT_OPEN): sell 9700 sz.002715 at 25.508686350746498 on 2026-01-30 00:00:00
2026-02-01 14:08:02 | INFO     | src.core.backtest_broker:_execute_order:201 - ORDER FILLED (NEXT_OPEN): sell 17700 sz.003003 at 14.057938495976847 on 2026-01-30 00:00:00
2026-02-01 14:08:02 | INFO     | src.core.backtest_broker:_execute_order:201 - ORDER FILLED (NEXT_OPEN): sell 13600 sz.002247 at 18.256100797344967 on 2026-01-30 00:00:00
2026-02-01 14:43:42 | INFO     | src.utils.logging_config:setup_logging:59 - Logging system initialized: level=INFO, console=True, file=True
2026-02-01 14:43:42 | INFO     | src.core.risk_manager:__init__:66 - Risk manager initialized: enabled=True, initial_capital=1000000, limits=RiskLimits(max_position_pct=0.1, max_total_position=0.95, stop_loss_pct=0.05, take_profit_pct=0.15, max_daily_loss_pct=0.1, max_drawdown_pct=0.2)
2026-02-01 14:43:42 | WARNING  | src.core.risk_manager:check_position_limit:81 - Position limit exceeded: AAPL - Position size 20.0% exceeds limit 10.0%
2026-02-01 14:43:42 | INFO     | src.core.risk_manager:add_position:181 - Position added: AAPL qty=900 @ 100
2026-02-01 14:43:42 | INFO     | src.core.risk_manager:add_position:181 - Position added: GOOGL qty=900 @ 100
2026-02-01 14:43:42 | INFO     | src.core.risk_manager:add_position:181 - Position added: MSFT qty=900 @ 100
2026-02-01 14:44:02 | INFO     | src.utils.logging_config:setup_logging:59 - Logging system initialized: level=INFO, console=True, file=True
2026-02-01 14:44:02 | INFO     | src.core.risk_manager:__init__:66 - Risk manager initialized: enabled=True, initial_capital=1000000, limits=RiskLimits(max_position_pct=0.1, max_total_position=0.95, stop_loss_pct=0.05, take_profit_pct=0.15, max_daily_loss_pct=0.1, max_drawdown_pct=0.2)
2026-02-01 14:44:02 | WARNING  | src.core.risk_manager:check_position_limit:81 - Position limit exceeded: AAPL - Position size 20.0% exceeds limit 10.0%
2026-02-01 14:44:02 | INFO     | src.core.risk_manager:add_position:181 - Position added: AAPL qty=900 @ 100
2026-02-01 14:44:02 | INFO     | src.core.risk_manager:add_position:181 - Position added: GOOGL qty=900 @ 100
2026-02-01 14:44:02 | INFO     | src.core.risk_manager:add_position:181 - Position added: MSFT qty=900 @ 100
2026-02-01 14:44:18 | INFO     | src.utils.logging_config:setup_logging:59 - Logging system initialized: level=INFO, console=True, file=True
2026-02-01 14:44:18 | INFO     | src.core.risk_manager:__init__:66 - Risk manager initialized: enabled=True, initial_capital=1000000, limits=RiskLimits(max_position_pct=0.1, max_total_position=0.95, stop_loss_pct=0.05, take_profit_pct=0.15, max_daily_loss_pct=0.1, max_drawdown_pct=0.2)
2026-02-01 14:44:18 | WARNING  | src.core.risk_manager:check_position_limit:81 - Position limit exceeded: AAPL - Position size 20.0% exceeds limit 10.0%
2026-02-01 14:44:18 | INFO     | src.core.risk_manager:add_position:181 - Position added: AAPL qty=3000 @ 100
2026-02-01 14:44:18 | INFO     | src.core.risk_manager:add_position:181 - Position added: GOOGL qty=3000 @ 100
2026-02-01 14:44:18 | INFO     | src.core.risk_manager:add_position:181 - Position added: MSFT qty=3000 @ 100
2026-02-01 14:44:18 | WARNING  | src.core.risk_manager:check_position_limit:95 - Total exposure limit exceeded: Total exposure 100.0% would exceed limit 95.0%
2026-02-01 14:44:18 | INFO     | src.core.risk_manager:__init__:66 - Risk manager initialized: enabled=True, initial_capital=1000000, limits=RiskLimits(max_position_pct=0.1, max_total_position=0.95, stop_loss_pct=0.05, take_profit_pct=0.15, max_daily_loss_pct=0.1, max_drawdown_pct=0.2)
2026-02-01 14:44:18 | INFO     | src.core.risk_manager:add_position:181 - Position added: AAPL qty=1000 @ 100
2026-02-01 14:44:18 | WARNING  | src.core.risk_manager:check_stop_loss:113 - Stop loss: AAPL - Stop loss triggered: 6.0% loss (limit: 5.0%)
2026-02-01 14:44:18 | INFO     | src.core.risk_manager:__init__:66 - Risk manager initialized: enabled=True, initial_capital=1000000, limits=RiskLimits(max_position_pct=0.1, max_total_position=0.95, stop_loss_pct=0.05, take_profit_pct=0.15, max_daily_loss_pct=0.1, max_drawdown_pct=0.2)
2026-02-01 14:44:18 | INFO     | src.core.risk_manager:add_position:181 - Position added: AAPL qty=1000 @ 100
2026-02-01 14:44:18 | INFO     | src.core.risk_manager:check_take_profit:132 - Take profit: AAPL - Take profit triggered: 20.0% profit (target: 15.0%)
2026-02-01 14:44:18 | INFO     | src.core.risk_manager:__init__:66 - Risk manager initialized: enabled=True, initial_capital=1000000, limits=RiskLimits(max_position_pct=0.1, max_total_position=0.95, stop_loss_pct=0.05, take_profit_pct=0.15, max_daily_loss_pct=0.1, max_drawdown_pct=0.2)
2026-02-01 14:44:18 | INFO     | src.core.risk_manager:add_position:181 - Position added: AAPL qty=1000 @ 100
2026-02-01 14:44:18 | INFO     | src.core.risk_manager:close_position:216 - Position closed: AAPL pnl=-10000.00 (-10.00%)
2026-02-01 14:44:36 | INFO     | src.utils.logging_config:setup_logging:59 - Logging system initialized: level=INFO, console=True, file=True
2026-02-01 14:44:36 | INFO     | src.core.risk_manager:__init__:66 - Risk manager initialized: enabled=True, initial_capital=1000000, limits=RiskLimits(max_position_pct=0.1, max_total_position=0.95, stop_loss_pct=0.05, take_profit_pct=0.15, max_daily_loss_pct=0.1, max_drawdown_pct=0.2)
2026-02-01 14:44:36 | WARNING  | src.core.risk_manager:check_position_limit:81 - Position limit exceeded: AAPL - Position size 20.0% exceeds limit 10.0%
2026-02-01 14:44:36 | INFO     | src.core.risk_manager:add_position:181 - Position added: AAPL qty=3000 @ 100
2026-02-01 14:44:36 | INFO     | src.core.risk_manager:add_position:181 - Position added: GOOGL qty=3000 @ 100
2026-02-01 14:44:36 | INFO     | src.core.risk_manager:add_position:181 - Position added: MSFT qty=3000 @ 100
2026-02-01 14:44:36 | WARNING  | src.core.risk_manager:check_position_limit:95 - Total exposure limit exceeded: Total exposure 100.0% would exceed limit 95.0%
2026-02-01 14:44:36 | INFO     | src.core.risk_manager:__init__:66 - Risk manager initialized: enabled=True, initial_capital=1000000, limits=RiskLimits(max_position_pct=0.1, max_total_position=0.95, stop_loss_pct=0.05, take_profit_pct=0.15, max_daily_loss_pct=0.1, max_drawdown_pct=0.2)
2026-02-01 14:44:36 | INFO     | src.core.risk_manager:add_position:181 - Position added: AAPL qty=1000 @ 100
2026-02-01 14:44:36 | WARNING  | src.core.risk_manager:check_stop_loss:113 - Stop loss: AAPL - Stop loss triggered: 6.0% loss (limit: 5.0%)
2026-02-01 14:44:36 | INFO     | src.core.risk_manager:__init__:66 - Risk manager initialized: enabled=True, initial_capital=1000000, limits=RiskLimits(max_position_pct=0.1, max_total_position=0.95, stop_loss_pct=0.05, take_profit_pct=0.15, max_daily_loss_pct=0.1, max_drawdown_pct=0.2)
2026-02-01 14:44:36 | INFO     | src.core.risk_manager:add_position:181 - Position added: AAPL qty=1000 @ 100
2026-02-01 14:44:36 | INFO     | src.core.risk_manager:check_take_profit:132 - Take profit: AAPL - Take profit triggered: 20.0% profit (target: 15.0%)
2026-02-01 14:44:36 | INFO     | src.core.risk_manager:__init__:66 - Risk manager initialized: enabled=True, initial_capital=1000000, limits=RiskLimits(max_position_pct=0.1, max_total_position=0.95, stop_loss_pct=0.05, take_profit_pct=0.15, max_daily_loss_pct=0.1, max_drawdown_pct=0.2)
2026-02-01 14:44:36 | INFO     | src.core.risk_manager:add_position:181 - Position added: AAPL qty=1000 @ 100
2026-02-01 14:44:36 | INFO     | src.core.risk_manager:close_position:216 - Position closed: AAPL pnl=-10000.00 (-10.00%)
2026-02-01 14:44:56 | INFO     | src.utils.logging_config:setup_logging:59 - Logging system initialized: level=INFO, console=True, file=True
2026-02-01 14:44:56 | INFO     | src.core.risk_manager:__init__:66 - Risk manager initialized: enabled=True, initial_capital=1000000, limits=RiskLimits(max_position_pct=0.1, max_total_position=0.95, stop_loss_pct=0.05, take_profit_pct=0.15, max_daily_loss_pct=0.1, max_drawdown_pct=0.2)
2026-02-01 14:44:56 | WARNING  | src.core.risk_manager:check_position_limit:81 - Position limit exceeded: AAPL - Position size 20.0% exceeds limit 10.0%
2026-02-01 14:44:56 | INFO     | src.core.risk_manager:add_position:181 - Position added: AAPL qty=3000 @ 100
2026-02-01 14:44:56 | INFO     | src.core.risk_manager:add_position:181 - Position added: GOOGL qty=3000 @ 100
2026-02-01 14:44:56 | INFO     | src.core.risk_manager:add_position:181 - Position added: MSFT qty=3000 @ 100
2026-02-01 14:44:56 | WARNING  | src.core.risk_manager:check_position_limit:95 - Total exposure limit exceeded: Total exposure 100.0% would exceed limit 95.0%
2026-02-01 14:44:56 | INFO     | src.core.risk_manager:__init__:66 - Risk manager initialized: enabled=True, initial_capital=1000000, limits=RiskLimits(max_position_pct=0.1, max_total_position=0.95, stop_loss_pct=0.05, take_profit_pct=0.15, max_daily_loss_pct=0.1, max_drawdown_pct=0.2)
2026-02-01 14:44:56 | INFO     | src.core.risk_manager:add_position:181 - Position added: AAPL qty=1000 @ 100
2026-02-01 14:44:56 | WARNING  | src.core.risk_manager:check_stop_loss:113 - Stop loss: AAPL - Stop loss triggered: 6.0% loss (limit: 5.0%)
2026-02-01 14:44:56 | INFO     | src.core.risk_manager:__init__:66 - Risk manager initialized: enabled=True, initial_capital=1000000, limits=RiskLimits(max_position_pct=0.1, max_total_position=0.95, stop_loss_pct=0.05, take_profit_pct=0.15, max_daily_loss_pct=0.1, max_drawdown_pct=0.2)
2026-02-01 14:44:56 | INFO     | src.core.risk_manager:add_position:181 - Position added: AAPL qty=1000 @ 100
2026-02-01 14:44:56 | INFO     | src.core.risk_manager:check_take_profit:132 - Take profit: AAPL - Take profit triggered: 20.0% profit (target: 15.0%)
2026-02-01 14:44:56 | INFO     | src.core.risk_manager:__init__:66 - Risk manager initialized: enabled=True, initial_capital=1000000, limits=RiskLimits(max_position_pct=0.1, max_total_position=0.95, stop_loss_pct=0.05, take_profit_pct=0.15, max_daily_loss_pct=0.1, max_drawdown_pct=0.2)
2026-02-01 14:44:56 | INFO     | src.core.risk_manager:add_position:181 - Position added: AAPL qty=11000 @ 100
2026-02-01 14:44:56 | INFO     | src.core.risk_manager:add_position:181 - Position added: AAPL qty=5000 @ 100
2026-02-01 14:44:56 | INFO     | src.core.risk_manager:close_position:216 - Position closed: AAPL pnl=-100000.00 (-20.00%)
2026-02-01 14:44:56 | ERROR    | src.core.risk_manager:check_daily_loss_limit:148 - Daily loss limit: Daily loss limit exceeded: 10.0% (limit: 10.0%)
2026-02-01 14:44:56 | INFO     | src.core.risk_manager:__init__:66 - Risk manager initialized: enabled=True, initial_capital=1000000, limits=RiskLimits(max_position_pct=0.1, max_total_position=0.95, stop_loss_pct=0.05, take_profit_pct=0.15, max_daily_loss_pct=0.1, max_drawdown_pct=0.2)
2026-02-01 14:44:56 | INFO     | src.core.risk_manager:add_position:181 - Position added: AAPL qty=1000 @ 100
2026-02-01 14:44:56 | INFO     | src.core.risk_manager:close_position:216 - Position closed: AAPL pnl=10000.00 (10.00%)
2026-02-01 14:44:56 | INFO     | src.core.risk_manager:add_position:181 - Position added: GOOGL qty=2000 @ 100
2026-02-01 14:44:56 | INFO     | src.core.risk_manager:close_position:216 - Position closed: GOOGL pnl=-20000.00 (-10.00%)
2026-02-01 14:44:56 | INFO     | src.core.risk_manager:__init__:66 - Risk manager initialized: enabled=True, initial_capital=1000000, limits=RiskLimits(max_position_pct=0.1, max_total_position=0.95, stop_loss_pct=0.05, take_profit_pct=0.15, max_daily_loss_pct=0.1, max_drawdown_pct=0.2)
2026-02-01 14:44:56 | INFO     | src.core.risk_manager:add_position:181 - Position added: AAPL qty=500 @ 150
2026-02-01 14:44:56 | INFO     | src.core.risk_manager:add_position:181 - Position added: GOOGL qty=300 @ 200
2026-02-01 14:44:56 | INFO     | src.core.risk_manager:add_position:181 - Position added: MSFT qty=400 @ 250
2026-02-01 14:44:56 | INFO     | src.core.risk_manager:__init__:66 - Risk manager initialized: enabled=True, initial_capital=1000000, limits=RiskLimits(max_position_pct=0.1, max_total_position=0.95, stop_loss_pct=0.05, take_profit_pct=0.15, max_daily_loss_pct=0.1, max_drawdown_pct=0.2)
2026-02-01 14:44:56 | INFO     | src.core.risk_manager:add_position:181 - Position added: AAPL qty=1000 @ 100
2026-02-01 14:44:56 | WARNING  | src.core.risk_manager:check_stop_loss:113 - Stop loss: AAPL - Stop loss triggered: 6.0% loss (limit: 5.0%)
2026-02-01 14:44:56 | INFO     | src.core.risk_manager:add_position:181 - Position added: GOOGL qty=1000 @ 100
2026-02-01 14:44:56 | INFO     | src.core.risk_manager:check_take_profit:132 - Take profit: GOOGL - Take profit triggered: 20.0% profit (target: 15.0%)
2026-02-01 14:44:56 | INFO     | src.core.risk_manager:__init__:66 - Risk manager initialized: enabled=True, initial_capital=1000000, limits=RiskLimits(max_position_pct=0.1, max_total_position=0.95, stop_loss_pct=0.05, take_profit_pct=0.15, max_daily_loss_pct=0.1, max_drawdown_pct=0.2)
2026-02-01 14:44:56 | INFO     | src.core.risk_manager:add_position:181 - Position added: AAPL qty=1000 @ 100
2026-02-01 14:44:56 | INFO     | src.core.risk_manager:add_position:181 - Position added: GOOGL qty=500 @ 200
2026-02-01 14:50:39 | INFO     | src.utils.logging_config:setup_logging:59 - Logging system initialized: level=INFO, console=True, file=True
2026-02-01 14:50:39 | INFO     | src.core.broker_interface:__init__:177 - MockBroker initialized: cash=1000000, commission=0.0001
2026-02-01 14:50:39 | INFO     | src.core.broker_interface:connect:182 - MockBroker connected
2026-02-01 14:50:39 | INFO     | src.core.broker_interface:disconnect:188 - MockBroker disconnected
2026-02-01 14:50:39 | INFO     | src.core.broker_interface:__init__:177 - MockBroker initialized: cash=1000000, commission=0.0001
2026-02-01 14:50:39 | INFO     | src.core.broker_interface:connect:182 - MockBroker connected
2026-02-01 14:50:39 | INFO     | src.core.broker_interface:_execute_order:291 - Order filled: ORD000001 @ $150.00, commission=$1.50
2026-02-01 14:50:39 | INFO     | src.core.broker_interface:submit_order:216 - Order submitted: ORD000001 buy 100 AAPL
2026-02-01 14:50:39 | INFO     | src.core.broker_interface:__init__:177 - MockBroker initialized: cash=1000000, commission=0.0001
2026-02-01 14:50:39 | INFO     | src.core.broker_interface:connect:182 - MockBroker connected
2026-02-01 14:50:39 | INFO     | src.core.broker_interface:_execute_order:291 - Order filled: ORD000001 @ $150.00, commission=$1.50
2026-02-01 14:50:39 | INFO     | src.core.broker_interface:submit_order:216 - Order submitted: ORD000001 buy 100 AAPL
2026-02-01 14:50:39 | INFO     | src.core.broker_interface:_execute_order:291 - Order filled: ORD000002 @ $160.00, commission=$0.80
2026-02-01 14:50:39 | INFO     | src.core.broker_interface:submit_order:216 - Order submitted: ORD000002 sell 50 AAPL
2026-02-01 14:50:39 | INFO     | src.core.broker_interface:__init__:177 - MockBroker initialized: cash=10000, commission=0.0001
2026-02-01 14:50:39 | INFO     | src.core.broker_interface:connect:182 - MockBroker connected
2026-02-01 14:50:39 | WARNING  | src.core.broker_interface:_execute_order:241 - Order rejected: insufficient cash (need $15001.50, have $10000.00)
2026-02-01 14:50:39 | INFO     | src.core.broker_interface:submit_order:216 - Order submitted: ORD000001 buy 100 AAPL
2026-02-01 14:50:39 | INFO     | src.core.broker_interface:__init__:177 - MockBroker initialized: cash=1000000, commission=0.0001
2026-02-01 14:50:39 | INFO     | src.core.broker_interface:connect:182 - MockBroker connected
2026-02-01 14:50:39 | INFO     | src.core.broker_interface:_execute_order:291 - Order filled: ORD000001 @ $150.00, commission=$1.50
2026-02-01 14:50:39 | INFO     | src.core.broker_interface:submit_order:216 - Order submitted: ORD000001 buy 100 AAPL
2026-02-01 14:50:39 | WARNING  | src.core.broker_interface:_execute_order:274 - Order rejected: insufficient quantity (need 200, have 100)
2026-02-01 14:50:39 | INFO     | src.core.broker_interface:submit_order:216 - Order submitted: ORD000002 sell 200 AAPL
2026-02-01 14:50:39 | INFO     | src.core.broker_interface:__init__:177 - MockBroker initialized: cash=1000000, commission=0.0001
2026-02-01 14:50:39 | INFO     | src.core.broker_interface:connect:182 - MockBroker connected
2026-02-01 14:50:39 | INFO     | src.core.broker_interface:_execute_order:291 - Order filled: ORD000001 @ $150.00, commission=$1.50
2026-02-01 14:50:39 | INFO     | src.core.broker_interface:submit_order:216 - Order submitted: ORD000001 buy 100 AAPL
2026-02-01 14:50:39 | INFO     | src.core.broker_interface:__init__:177 - MockBroker initialized: cash=1000000, commission=0.0001
2026-02-01 14:50:39 | INFO     | src.core.broker_interface:connect:182 - MockBroker connected
2026-02-01 14:50:39 | INFO     | src.core.broker_interface:_execute_order:291 - Order filled: ORD000001 @ $150.00, commission=$1.50
2026-02-01 14:50:39 | INFO     | src.core.broker_interface:submit_order:216 - Order submitted: ORD000001 buy 100 AAPL
2026-02-01 14:50:39 | INFO     | src.core.broker_interface:_execute_order:291 - Order filled: ORD000002 @ $200.00, commission=$1.00
2026-02-01 14:50:39 | INFO     | src.core.broker_interface:submit_order:216 - Order submitted: ORD000002 buy 50 GOOGL
2026-02-01 14:54:01 | INFO     | src.utils.logging_config:setup_logging:59 - Logging system initialized: level=INFO, console=True, file=True
2026-02-01 14:54:01 | INFO     | src.core.broker_interface:__init__:177 - MockBroker initialized: cash=1000000, commission=0.0001
2026-02-01 14:54:01 | INFO     | src.core.broker_interface:connect:182 - MockBroker connected
2026-02-01 14:54:01 | INFO     | src.core.broker_interface:disconnect:188 - MockBroker disconnected
2026-02-01 14:54:01 | INFO     | src.core.broker_interface:__init__:177 - MockBroker initialized: cash=1000000, commission=0.0001
2026-02-01 14:54:01 | INFO     | src.core.broker_interface:connect:182 - MockBroker connected
2026-02-01 14:54:01 | INFO     | src.core.broker_interface:_execute_order:291 - Order filled: ORD000001 @ $150.00, commission=$1.50
2026-02-01 14:54:01 | INFO     | src.core.broker_interface:submit_order:216 - Order submitted: ORD000001 buy 100 AAPL
2026-02-01 14:54:01 | INFO     | src.core.broker_interface:__init__:177 - MockBroker initialized: cash=1000000, commission=0.0001
2026-02-01 14:54:01 | INFO     | src.core.broker_interface:connect:182 - MockBroker connected
2026-02-01 14:54:01 | INFO     | src.core.broker_interface:_execute_order:291 - Order filled: ORD000001 @ $150.00, commission=$1.50
2026-02-01 14:54:01 | INFO     | src.core.broker_interface:submit_order:216 - Order submitted: ORD000001 buy 100 AAPL
2026-02-01 14:54:01 | INFO     | src.core.broker_interface:_execute_order:291 - Order filled: ORD000002 @ $160.00, commission=$0.80
2026-02-01 14:54:01 | INFO     | src.core.broker_interface:submit_order:216 - Order submitted: ORD000002 sell 50 AAPL
2026-02-01 14:54:01 | INFO     | src.core.broker_interface:__init__:177 - MockBroker initialized: cash=10000, commission=0.0001
2026-02-01 14:54:01 | INFO     | src.core.broker_interface:connect:182 - MockBroker connected
2026-02-01 14:54:01 | WARNING  | src.core.broker_interface:_execute_order:241 - Order rejected: insufficient cash (need $15001.50, have $10000.00)
2026-02-01 14:54:01 | INFO     | src.core.broker_interface:submit_order:216 - Order submitted: ORD000001 buy 100 AAPL
2026-02-01 14:54:01 | INFO     | src.core.broker_interface:__init__:177 - MockBroker initialized: cash=1000000, commission=0.0001
2026-02-01 14:54:01 | INFO     | src.core.broker_interface:connect:182 - MockBroker connected
2026-02-01 14:54:01 | INFO     | src.core.broker_interface:_execute_order:291 - Order filled: ORD000001 @ $150.00, commission=$1.50
2026-02-01 14:54:01 | INFO     | src.core.broker_interface:submit_order:216 - Order submitted: ORD000001 buy 100 AAPL
2026-02-01 14:54:01 | WARNING  | src.core.broker_interface:_execute_order:274 - Order rejected: insufficient quantity (need 200, have 100)
2026-02-01 14:54:01 | INFO     | src.core.broker_interface:submit_order:216 - Order submitted: ORD000002 sell 200 AAPL
2026-02-01 14:54:01 | INFO     | src.core.broker_interface:__init__:177 - MockBroker initialized: cash=1000000, commission=0.0001
2026-02-01 14:54:01 | INFO     | src.core.broker_interface:connect:182 - MockBroker connected
2026-02-01 14:54:01 | INFO     | src.core.broker_interface:_execute_order:291 - Order filled: ORD000001 @ $150.00, commission=$1.50
2026-02-01 14:54:01 | INFO     | src.core.broker_interface:submit_order:216 - Order submitted: ORD000001 buy 100 AAPL
2026-02-01 14:54:01 | INFO     | src.core.broker_interface:__init__:177 - MockBroker initialized: cash=1000000, commission=0.0001
2026-02-01 14:54:01 | INFO     | src.core.broker_interface:connect:182 - MockBroker connected
2026-02-01 14:54:01 | INFO     | src.core.broker_interface:_execute_order:291 - Order filled: ORD000001 @ $150.00, commission=$1.50
2026-02-01 14:54:01 | INFO     | src.core.broker_interface:submit_order:216 - Order submitted: ORD000001 buy 100 AAPL
2026-02-01 14:54:01 | INFO     | src.core.broker_interface:_execute_order:291 - Order filled: ORD000002 @ $200.00, commission=$1.00
2026-02-01 14:54:01 | INFO     | src.core.broker_interface:submit_order:216 - Order submitted: ORD000002 buy 50 GOOGL
